<?xml version="1.0" encoding="utf-8" standalone="no"?>
<COLLADA xmlns="http://www.collada.org/2005/11/COLLADASchema" version="1.4.1">
    <asset>
        <contributor>
            <authoring_tool>N3DSCmbViewer - Experimental Cmb Viewer v0.2.5</authoring_tool>
        </contributor>
        <created>2015-11-28T10:42:42Z</created>
        <modified>2015-11-28T10:42:42Z</modified>
        <unit meter="0.01" name="centimeter" />
        <up_axis>Y_UP</up_axis>
    </asset>
    <library_images>
        <image id="image-dg_gnn_gate_01-01A7E8D7" name="image-dg_gnn_gate_01-01A7E8D7">
            <init_from>dg_gnn_gate_01_0.png</init_from>
        </image>
        <image id="image-dg_gnn_gate_06-02E72F97" name="image-dg_gnn_gate_06-02E72F97">
            <init_from>dg_gnn_gate_06_1500.png</init_from>
        </image>
        <image id="image-dg_gnn_kabe_05-0220AC53" name="image-dg_gnn_kabe_05-0220AC53">
            <init_from>dg_gnn_kabe_05_3F00.png</init_from>
        </image>
        <image id="image-dg_gnn_kabe_05_-03260EEB" name="image-dg_gnn_kabe_05_-03260EEB">
            <init_from>dg_gnn_kabe_05__6900.png</init_from>
        </image>
        <image id="image-dg_gnn_yuki_02-0056864A" name="image-dg_gnn_yuki_02-0056864A">
            <init_from>dg_gnn_yuki_02_9300.png</init_from>
        </image>
        <image id="image-dg_gnn_mark_lt0-030AB8A0" name="image-dg_gnn_mark_lt0-030AB8A0">
            <init_from>dg_gnn_mark_lt0_13B00.png</init_from>
        </image>
        <image id="image-dg_gnn_mark_miz-03607DA6" name="image-dg_gnn_mark_miz-03607DA6">
            <init_from>dg_gnn_mark_miz_14B00.png</init_from>
        </image>
        <image id="image-dg_gnn_yuki_01-02646ADE" name="image-dg_gnn_yuki_01-02646ADE">
            <init_from>dg_gnn_yuki_01_16B00.png</init_from>
        </image>
        <image id="image-dg_gnn_yuki_03-0187C1CF" name="image-dg_gnn_yuki_03-0187C1CF">
            <init_from>dg_gnn_yuki_03_19500.png</init_from>
        </image>
        <image id="image-dg_gnn_yuki_04-01C5D04C" name="image-dg_gnn_yuki_04-01C5D04C">
            <init_from>dg_gnn_yuki_04_1BF00.png</init_from>
        </image>
        <image id="image-dg_gnn_yuki_05-03F452AC" name="image-dg_gnn_yuki_05-03F452AC">
            <init_from>dg_gnn_yuki_05_26700.png</init_from>
        </image>
        <image id="image-dg_gnn_yuki_06-0396E812" name="image-dg_gnn_yuki_06-0396E812">
            <init_from>dg_gnn_yuki_06_30F00.png</init_from>
        </image>
    </library_images>
    <library_effects>
        <effect id="effect-default" name="effect-default">
            <profile_COMMON>
                <technique sid="COMMON">
                    <phong>
                        <diffuse>
                            <color>1.0 1.0 1.0 1.0</color>
                        </diffuse>
                    </phong>
                </technique>
            </profile_COMMON>
        </effect>
        <effect id="effect-dg_gnn_gate_01-01A7E8D7" name="effect-dg_gnn_gate_01-01A7E8D7">
            <profile_COMMON>
                <newparam sid="surface-dg_gnn_gate_01-01A7E8D7">
                    <surface type="2D">
                        <init_from>image-dg_gnn_gate_01-01A7E8D7</init_from>
                    </surface>
                </newparam>
                <newparam sid="sampler-dg_gnn_gate_01-01A7E8D7">
                    <sampler2D>
                        <source>surface-dg_gnn_gate_01-01A7E8D7</source>
                        <wrap_s>WRAP</wrap_s>
                        <wrap_t>WRAP</wrap_t>
                        <minfilter>LINEAR</minfilter>
                        <magfilter>LINEAR</magfilter>
                    </sampler2D>
                </newparam>
                <technique sid="COMMON">
                    <phong>
                        <diffuse>
                            <texture texture="sampler-dg_gnn_gate_01-01A7E8D7" texcoord="TEXCOORD0" />
                        </diffuse>
                    </phong>
                </technique>
            </profile_COMMON>
        </effect>
        <effect id="effect-dg_gnn_gate_06-02E72F97" name="effect-dg_gnn_gate_06-02E72F97">
            <profile_COMMON>
                <newparam sid="surface-dg_gnn_gate_06-02E72F97">
                    <surface type="2D">
                        <init_from>image-dg_gnn_gate_06-02E72F97</init_from>
                    </surface>
                </newparam>
                <newparam sid="sampler-dg_gnn_gate_06-02E72F97">
                    <sampler2D>
                        <source>surface-dg_gnn_gate_06-02E72F97</source>
                        <wrap_s>WRAP</wrap_s>
                        <wrap_t>WRAP</wrap_t>
                        <minfilter>LINEAR</minfilter>
                        <magfilter>LINEAR</magfilter>
                    </sampler2D>
                </newparam>
                <technique sid="COMMON">
                    <phong>
                        <diffuse>
                            <texture texture="sampler-dg_gnn_gate_06-02E72F97" texcoord="TEXCOORD0" />
                        </diffuse>
                    </phong>
                </technique>
            </profile_COMMON>
        </effect>
        <effect id="effect-dg_gnn_kabe_05-0220AC53" name="effect-dg_gnn_kabe_05-0220AC53">
            <profile_COMMON>
                <newparam sid="surface-dg_gnn_kabe_05-0220AC53">
                    <surface type="2D">
                        <init_from>image-dg_gnn_kabe_05-0220AC53</init_from>
                    </surface>
                </newparam>
                <newparam sid="sampler-dg_gnn_kabe_05-0220AC53">
                    <sampler2D>
                        <source>surface-dg_gnn_kabe_05-0220AC53</source>
                        <wrap_s>WRAP</wrap_s>
                        <wrap_t>WRAP</wrap_t>
                        <minfilter>LINEAR</minfilter>
                        <magfilter>LINEAR</magfilter>
                    </sampler2D>
                </newparam>
                <technique sid="COMMON">
                    <phong>
                        <diffuse>
                            <texture texture="sampler-dg_gnn_kabe_05-0220AC53" texcoord="TEXCOORD0" />
                        </diffuse>
                    </phong>
                </technique>
            </profile_COMMON>
        </effect>
        <effect id="effect-dg_gnn_kabe_05_-03260EEB" name="effect-dg_gnn_kabe_05_-03260EEB">
            <profile_COMMON>
                <newparam sid="surface-dg_gnn_kabe_05_-03260EEB">
                    <surface type="2D">
                        <init_from>image-dg_gnn_kabe_05_-03260EEB</init_from>
                    </surface>
                </newparam>
                <newparam sid="sampler-dg_gnn_kabe_05_-03260EEB">
                    <sampler2D>
                        <source>surface-dg_gnn_kabe_05_-03260EEB</source>
                        <wrap_s>WRAP</wrap_s>
                        <wrap_t>WRAP</wrap_t>
                        <minfilter>LINEAR</minfilter>
                        <magfilter>LINEAR</magfilter>
                    </sampler2D>
                </newparam>
                <technique sid="COMMON">
                    <phong>
                        <diffuse>
                            <texture texture="sampler-dg_gnn_kabe_05_-03260EEB" texcoord="TEXCOORD0" />
                        </diffuse>
                    </phong>
                </technique>
            </profile_COMMON>
        </effect>
        <effect id="effect-dg_gnn_yuki_02-0056864A" name="effect-dg_gnn_yuki_02-0056864A">
            <profile_COMMON>
                <newparam sid="surface-dg_gnn_yuki_02-0056864A">
                    <surface type="2D">
                        <init_from>image-dg_gnn_yuki_02-0056864A</init_from>
                    </surface>
                </newparam>
                <newparam sid="sampler-dg_gnn_yuki_02-0056864A">
                    <sampler2D>
                        <source>surface-dg_gnn_yuki_02-0056864A</source>
                        <wrap_s>WRAP</wrap_s>
                        <wrap_t>WRAP</wrap_t>
                        <minfilter>LINEAR</minfilter>
                        <magfilter>LINEAR</magfilter>
                    </sampler2D>
                </newparam>
                <technique sid="COMMON">
                    <phong>
                        <diffuse>
                            <texture texture="sampler-dg_gnn_yuki_02-0056864A" texcoord="TEXCOORD0" />
                        </diffuse>
                    </phong>
                </technique>
            </profile_COMMON>
        </effect>
        <effect id="effect-dg_gnn_mark_lt0-030AB8A0" name="effect-dg_gnn_mark_lt0-030AB8A0">
            <profile_COMMON>
                <newparam sid="surface-dg_gnn_mark_lt0-030AB8A0">
                    <surface type="2D">
                        <init_from>image-dg_gnn_mark_lt0-030AB8A0</init_from>
                    </surface>
                </newparam>
                <newparam sid="sampler-dg_gnn_mark_lt0-030AB8A0">
                    <sampler2D>
                        <source>surface-dg_gnn_mark_lt0-030AB8A0</source>
                        <wrap_s>WRAP</wrap_s>
                        <wrap_t>WRAP</wrap_t>
                        <minfilter>LINEAR</minfilter>
                        <magfilter>LINEAR</magfilter>
                    </sampler2D>
                </newparam>
                <technique sid="COMMON">
                    <phong>
                        <diffuse>
                            <texture texture="sampler-dg_gnn_mark_lt0-030AB8A0" texcoord="TEXCOORD0" />
                        </diffuse>
                    </phong>
                </technique>
            </profile_COMMON>
        </effect>
        <effect id="effect-dg_gnn_mark_miz-03607DA6" name="effect-dg_gnn_mark_miz-03607DA6">
            <profile_COMMON>
                <newparam sid="surface-dg_gnn_mark_miz-03607DA6">
                    <surface type="2D">
                        <init_from>image-dg_gnn_mark_miz-03607DA6</init_from>
                    </surface>
                </newparam>
                <newparam sid="sampler-dg_gnn_mark_miz-03607DA6">
                    <sampler2D>
                        <source>surface-dg_gnn_mark_miz-03607DA6</source>
                        <wrap_s>WRAP</wrap_s>
                        <wrap_t>WRAP</wrap_t>
                        <minfilter>LINEAR</minfilter>
                        <magfilter>LINEAR</magfilter>
                    </sampler2D>
                </newparam>
                <technique sid="COMMON">
                    <phong>
                        <diffuse>
                            <texture texture="sampler-dg_gnn_mark_miz-03607DA6" texcoord="TEXCOORD0" />
                        </diffuse>
                    </phong>
                </technique>
            </profile_COMMON>
        </effect>
        <effect id="effect-dg_gnn_yuki_01-02646ADE" name="effect-dg_gnn_yuki_01-02646ADE">
            <profile_COMMON>
                <newparam sid="surface-dg_gnn_yuki_01-02646ADE">
                    <surface type="2D">
                        <init_from>image-dg_gnn_yuki_01-02646ADE</init_from>
                    </surface>
                </newparam>
                <newparam sid="sampler-dg_gnn_yuki_01-02646ADE">
                    <sampler2D>
                        <source>surface-dg_gnn_yuki_01-02646ADE</source>
                        <wrap_s>WRAP</wrap_s>
                        <wrap_t>WRAP</wrap_t>
                        <minfilter>LINEAR</minfilter>
                        <magfilter>LINEAR</magfilter>
                    </sampler2D>
                </newparam>
                <technique sid="COMMON">
                    <phong>
                        <diffuse>
                            <texture texture="sampler-dg_gnn_yuki_01-02646ADE" texcoord="TEXCOORD0" />
                        </diffuse>
                    </phong>
                </technique>
            </profile_COMMON>
        </effect>
        <effect id="effect-dg_gnn_yuki_03-0187C1CF" name="effect-dg_gnn_yuki_03-0187C1CF">
            <profile_COMMON>
                <newparam sid="surface-dg_gnn_yuki_03-0187C1CF">
                    <surface type="2D">
                        <init_from>image-dg_gnn_yuki_03-0187C1CF</init_from>
                    </surface>
                </newparam>
                <newparam sid="sampler-dg_gnn_yuki_03-0187C1CF">
                    <sampler2D>
                        <source>surface-dg_gnn_yuki_03-0187C1CF</source>
                        <wrap_s>WRAP</wrap_s>
                        <wrap_t>WRAP</wrap_t>
                        <minfilter>LINEAR</minfilter>
                        <magfilter>LINEAR</magfilter>
                    </sampler2D>
                </newparam>
                <technique sid="COMMON">
                    <phong>
                        <diffuse>
                            <texture texture="sampler-dg_gnn_yuki_03-0187C1CF" texcoord="TEXCOORD0" />
                        </diffuse>
                    </phong>
                </technique>
            </profile_COMMON>
        </effect>
        <effect id="effect-dg_gnn_yuki_04-01C5D04C" name="effect-dg_gnn_yuki_04-01C5D04C">
            <profile_COMMON>
                <newparam sid="surface-dg_gnn_yuki_04-01C5D04C">
                    <surface type="2D">
                        <init_from>image-dg_gnn_yuki_04-01C5D04C</init_from>
                    </surface>
                </newparam>
                <newparam sid="sampler-dg_gnn_yuki_04-01C5D04C">
                    <sampler2D>
                        <source>surface-dg_gnn_yuki_04-01C5D04C</source>
                        <wrap_s>WRAP</wrap_s>
                        <wrap_t>WRAP</wrap_t>
                        <minfilter>LINEAR</minfilter>
                        <magfilter>LINEAR</magfilter>
                    </sampler2D>
                </newparam>
                <technique sid="COMMON">
                    <phong>
                        <diffuse>
                            <texture texture="sampler-dg_gnn_yuki_04-01C5D04C" texcoord="TEXCOORD0" />
                        </diffuse>
                    </phong>
                </technique>
            </profile_COMMON>
        </effect>
        <effect id="effect-dg_gnn_yuki_05-03F452AC" name="effect-dg_gnn_yuki_05-03F452AC">
            <profile_COMMON>
                <newparam sid="surface-dg_gnn_yuki_05-03F452AC">
                    <surface type="2D">
                        <init_from>image-dg_gnn_yuki_05-03F452AC</init_from>
                    </surface>
                </newparam>
                <newparam sid="sampler-dg_gnn_yuki_05-03F452AC">
                    <sampler2D>
                        <source>surface-dg_gnn_yuki_05-03F452AC</source>
                        <wrap_s>WRAP</wrap_s>
                        <wrap_t>WRAP</wrap_t>
                        <minfilter>LINEAR</minfilter>
                        <magfilter>LINEAR</magfilter>
                    </sampler2D>
                </newparam>
                <technique sid="COMMON">
                    <phong>
                        <diffuse>
                            <texture texture="sampler-dg_gnn_yuki_05-03F452AC" texcoord="TEXCOORD0" />
                        </diffuse>
                    </phong>
                </technique>
            </profile_COMMON>
        </effect>
        <effect id="effect-dg_gnn_yuki_06-0396E812" name="effect-dg_gnn_yuki_06-0396E812">
            <profile_COMMON>
                <newparam sid="surface-dg_gnn_yuki_06-0396E812">
                    <surface type="2D">
                        <init_from>image-dg_gnn_yuki_06-0396E812</init_from>
                    </surface>
                </newparam>
                <newparam sid="sampler-dg_gnn_yuki_06-0396E812">
                    <sampler2D>
                        <source>surface-dg_gnn_yuki_06-0396E812</source>
                        <wrap_s>WRAP</wrap_s>
                        <wrap_t>WRAP</wrap_t>
                        <minfilter>LINEAR</minfilter>
                        <magfilter>LINEAR</magfilter>
                    </sampler2D>
                </newparam>
                <technique sid="COMMON">
                    <phong>
                        <diffuse>
                            <texture texture="sampler-dg_gnn_yuki_06-0396E812" texcoord="TEXCOORD0" />
                        </diffuse>
                    </phong>
                </technique>
            </profile_COMMON>
        </effect>
    </library_effects>
    <library_materials>
        <material id="material-004E28A6">
            <instance_effect url="#effect-dg_gnn_gate_01-01A7E8D7" />
        </material>
        <material id="material-02BF6DD9">
            <instance_effect url="#effect-dg_gnn_gate_06-02E72F97" />
        </material>
        <material id="material-00BADCA4">
            <instance_effect url="#effect-dg_gnn_kabe_05-0220AC53" />
        </material>
        <material id="material-0291C1C8">
            <instance_effect url="#effect-dg_gnn_kabe_05_-03260EEB" />
        </material>
        <material id="material-031FD00F">
            <instance_effect url="#effect-dg_gnn_yuki_02-0056864A" />
        </material>
        <material id="material-001E5088">
            <instance_effect url="#effect-dg_gnn_mark_lt0-030AB8A0" />
        </material>
        <material id="material-0110D4CE">
            <instance_effect url="#effect-dg_gnn_mark_miz-03607DA6" />
        </material>
        <material id="material-01977B41">
            <instance_effect url="#effect-dg_gnn_yuki_01-02646ADE" />
        </material>
        <material id="material-0253554A">
            <instance_effect url="#effect-dg_gnn_yuki_02-0056864A" />
        </material>
        <material id="material-00EDFF9A">
            <instance_effect url="#effect-dg_gnn_yuki_03-0187C1CF" />
        </material>
        <material id="material-005DFC6A">
            <instance_effect url="#effect-dg_gnn_yuki_04-01C5D04C" />
        </material>
        <material id="material-034DDFBB">
            <instance_effect url="#effect-dg_gnn_yuki_05-03F452AC" />
        </material>
        <material id="material-01BCDD96">
            <instance_effect url="#effect-dg_gnn_yuki_06-0396E812" />
        </material>
    </library_materials>
    <library_geometries>
        <geometry id="geom-03A3CA4D" name="geom-03A3CA4D">
            <mesh>
                <source id="geom-03A3CA4D-pos">
                    <float_array id="geom-03A3CA4D-pos-array" count="5562">2352.00 -190.00 -810.00 2375.78 -190.00 -810.00 2352.00 -230.00 -810.00 2375.78 -230.00 -810.00 2375.78 -150.00 -840.00 2352.00 -150.00 -840.00 2375.78 -150.00 -870.00 2352.00 -150.00 -870.00 2375.78 -150.00 -870.00 2352.00 -150.00 -870.00 2375.78 -190.00 -870.00 2352.00 -190.00 -870.00 2375.78 -150.00 -840.00 2375.78 -150.00 -870.00 2375.78 -130.00 -840.00 2375.78 -130.00 -870.00 2375.78 -230.00 -810.00 2375.78 -190.00 -810.00 2375.78 -230.00 -790.00 2375.78 -190.00 -790.00 2375.78 -230.00 -870.00 2375.78 -230.00 -890.00 2375.78 -190.00 -870.00 2375.78 -190.00 -890.00 2375.78 -150.00 -810.00 2375.78 -130.00 -810.00 2375.78 -150.00 -790.00 2375.78 -130.00 -790.00 2375.78 -150.00 -810.00 2352.00 -150.00 -810.00 2375.78 -130.00 -870.00 2372.00 -130.00 -870.00 2375.78 -130.00 -840.00 2372.00 -130.00 -840.00 2375.78 -230.00 -790.00 2372.00 -230.00 -790.00 2375.78 -250.00 -790.00 2372.00 -250.00 -790.00 2375.78 -150.00 -890.00 2372.00 -150.00 -890.00 2375.78 -130.00 -890.00 2372.00 -130.00 -890.00 2375.78 -130.00 -810.00 2372.00 -130.00 -810.00 2375.78 -130.00 -790.00 2372.00 -130.00 -790.00 2375.78 -150.00 -810.00 2352.00 -150.00 -810.00 2375.78 -230.00 -870.00 2352.00 -230.00 -870.00 2375.78 -250.00 -870.00 2352.00 -250.00 -870.00 2375.78 -150.00 -790.00 2375.78 -190.00 -790.00 2375.78 -150.00 -810.00 2375.78 -190.00 -810.00 2375.78 -150.00 -870.00 2375.78 -150.00 -890.00 2375.78 -130.00 -870.00 2375.78 -130.00 -890.00 2375.78 -150.00 -790.00 2375.78 -130.00 -790.00 2372.00 -150.00 -790.00 2372.00 -130.00 -790.00 2372.00 -190.00 -890.00 2375.78 -190.00 -890.00 2372.00 -230.00 -890.00 2375.78 -230.00 -890.00 2375.78 -150.00 -810.00 2375.78 -130.00 -810.00 2375.78 -150.00 -870.00 2375.78 -190.00 -870.00 2375.78 -150.00 -890.00 2375.78 -190.00 -890.00 2372.00 -190.00 -790.00 2375.78 -190.00 -790.00 2372.00 -150.00 -790.00 2375.78 -150.00 -790.00 2375.78 -250.00 -810.00 2375.78 -230.00 -810.00 2375.78 -250.00 -790.00 2375.78 -230.00 -790.00 2375.78 -230.00 -810.00 2375.78 -250.00 -810.00 2352.00 -230.00 -810.00 2352.00 -250.00 -810.00 2375.78 -250.00 -870.00 2375.78 -250.00 -890.00 2375.78 -230.00 -870.00 2375.78 -230.00 -890.00 2375.78 -230.00 -890.00 2375.78 -250.00 -890.00 2372.00 -230.00 -890.00 2372.00 -250.00 -890.00 2352.00 -230.00 -870.00 2375.78 -230.00 -870.00 2372.00 -230.00 -790.00 2375.78 -230.00 -790.00 2372.00 -150.00 -890.00 2375.78 -150.00 -890.00 2372.00 -130.00 -810.00 2375.78 -130.00 -810.00 2372.00 -130.00 -890.00 2372.00 -130.00 -870.00 2375.78 -130.00 -890.00 2375.78 -130.00 -870.00 3472.00 -230.32 -810.00 3492.00 -240.00 -810.00 3472.10 -240.00 -810.00 3492.00 -140.00 -810.00 3472.00 -140.00 -810.00 3492.00 -140.00 -840.00 3472.00 -140.00 -840.00 3472.00 -230.32 -810.00 3472.10 -240.00 -810.00 3462.38 -230.32 -804.52 3462.30 -240.00 -804.47 3457.00 -230.32 -791.45 3457.00 -240.00 -791.44 3462.69 -230.32 -778.39 3462.69 -240.00 -778.39 3460.80 -96.91 -791.75 3465.05 -111.08 -790.40 3472.00 -103.11 -785.45 3458.77 -108.42 -798.95 3458.77 -108.42 -798.95 3460.80 -96.91 -791.75 3462.09 -104.27 -803.22 3465.60 -90.28 -788.67 3472.00 -95.50 -783.90 3472.00 -86.35 -786.89 3472.00 -101.82 -778.70 3472.00 -103.11 -785.45 3461.20 -116.17 -786.31 3465.05 -111.08 -790.40 3457.00 -240.00 -791.44 3457.00 -230.32 -791.45 3464.74 -118.49 -795.78 3457.45 -128.01 -794.61 3461.20 -116.17 -786.31 3457.45 -128.01 -794.61 3465.25 -123.29 -782.60 3459.72 -119.30 -806.02 3466.97 -126.48 -802.25 3464.74 -118.49 -795.78 3466.97 -126.48 -802.25 3469.52 -132.71 -807.55 3472.00 -140.00 -810.00 3466.04 -143.59 -806.20 3461.11 -135.28 -791.53 3459.33 -136.11 -801.56 3465.35 -145.26 -800.43 3461.11 -165.48 -791.53 3465.28 -162.61 -782.43 3463.95 -151.35 -785.06 3466.81 -152.65 -780.61 3465.28 -162.61 -782.43 3472.00 -159.53 -777.89 3466.81 -154.06 -776.94 3465.15 -145.74 -775.46 3472.42 -149.72 -772.88 3459.33 -136.11 -801.56 3463.12 -127.86 -784.90 3465.25 -123.29 -782.60 3464.29 -131.79 -777.45 3472.00 -119.53 -780.52 3471.95 -128.35 -774.91 3472.00 -140.00 -810.00 3466.01 -124.41 -821.49 3466.00 -127.48 -831.14 3472.00 -119.53 -780.52 3469.52 -132.71 -807.55 3469.52 -132.71 -807.55 3468.56 -128.40 -810.64 3459.36 -143.94 -787.59 3461.11 -165.48 -791.53 3463.95 -151.35 -785.06 3461.11 -135.28 -791.53 3459.36 -143.94 -787.59 3463.12 -127.86 -784.90 3463.12 -127.86 -784.90 3464.86 -141.07 -782.94 3467.17 -138.61 -781.05 3459.20 -155.60 -794.45 3463.12 -127.86 -784.90 3467.17 -138.61 -781.05 3464.29 -131.79 -777.45 3465.15 -145.74 -775.46 3472.56 -137.01 -772.06 3465.35 -145.26 -800.43 3472.00 -154.57 -806.50 3466.72 -173.28 -803.13 3472.00 -240.00 -773.40 3472.00 -230.32 -773.40 3462.69 -240.00 -778.39 3465.28 -224.42 -782.43 3472.00 -224.42 -777.89 3465.28 -191.78 -782.43 3472.00 -185.47 -777.89 3461.11 -190.35 -791.53 3465.28 -180.85 -782.43 3472.00 -224.42 -777.89 3461.11 -224.42 -791.53 3465.35 -224.42 -800.43 3472.00 -230.32 -810.00 3472.00 -224.42 -805.40 3472.00 -190.00 -810.00 3472.00 -190.00 -805.95 3492.00 -180.00 -810.00 3472.00 -190.00 -810.00 3472.00 -140.00 -840.00 3468.56 -128.40 -810.64 3472.00 -224.42 -805.40 3465.35 -179.29 -800.43 3472.00 -190.00 -805.95 3465.35 -200.28 -800.43 3472.00 -224.42 -805.40 3461.11 -224.42 -791.53 3492.00 -140.00 -810.00 3472.00 -140.00 -810.00 3461.11 -190.35 -791.53 3461.11 -165.48 -791.53 3472.00 -154.57 -806.50 3461.11 -198.14 -791.53 3465.35 -179.29 -800.43 3462.21 -171.03 -801.34 3459.20 -155.60 -794.45 3472.00 -172.49 -777.89 3472.00 -159.53 -777.89 3472.00 -190.00 -805.95 3472.00 -190.00 -805.95 3472.00 -154.57 -806.50 3472.00 -140.00 -810.00 3465.60 -90.28 -788.67 3472.00 -86.35 -786.89 3472.00 -86.49 -793.12 3472.00 -101.82 -778.70 3472.00 -109.90 -776.42 3466.04 -143.59 -806.20 3465.12 -116.80 -811.28 3459.72 -119.30 -806.02 3468.56 -128.40 -810.64 3465.12 -116.80 -811.28 3469.52 -132.71 -807.55 3466.97 -126.48 -802.25 3468.56 -128.40 -810.64 3469.52 -132.71 -807.55 3472.00 -154.57 -806.50 3472.00 -91.96 -799.64 3463.12 -127.86 -784.90 3466.81 -152.65 -780.61 3466.81 -154.06 -776.94 3467.17 -138.61 -781.05 3464.86 -141.07 -782.94 3463.12 -127.86 -784.90 3464.86 -141.07 -782.94 3464.86 -141.07 -782.94 3461.11 -135.28 -791.53 3462.43 -150.32 -797.26 3462.43 -150.32 -797.26 3462.21 -171.03 -801.34 3466.72 -173.28 -803.13 3472.00 -190.00 -805.95 3461.11 -198.14 -791.53 3457.81 -194.79 -791.53 3465.35 -200.28 -800.43 3461.11 -198.14 -791.53 3461.99 -185.78 -781.22 3457.81 -194.79 -791.53 3465.28 -191.78 -782.43 3461.11 -198.14 -791.53 3472.00 -185.47 -777.89 3472.00 -175.24 -774.84 3465.28 -180.85 -782.43 3472.00 -172.49 -777.89 3461.11 -190.35 -791.53 3461.11 -190.35 -791.53 3455.55 -66.33 -815.97 3460.44 -55.42 -804.85 3462.44 -62.11 -815.22 3460.44 -34.67 -840.00 3455.55 -56.48 -840.00 3462.44 -53.14 -835.82 3460.44 -44.62 -819.55 3455.55 -59.65 -826.11 3462.44 -58.08 -822.10 3455.55 -56.48 -840.00 3455.55 -59.65 -826.11 3462.44 -53.14 -835.82 3462.44 -55.53 -827.10 3462.44 -55.53 -827.10 3455.55 -59.65 -826.11 3460.44 -44.62 -819.55 3455.55 -103.31 -808.49 3455.55 -90.00 -805.68 3458.00 -101.48 -812.28 3458.00 -90.00 -810.00 3462.44 -62.11 -815.22 3462.44 -58.08 -822.10 3455.55 -66.33 -815.97 3455.55 -59.65 -826.11 3455.55 -59.65 -826.11 3455.55 -56.48 -840.00 3458.00 -62.28 -828.52 3458.00 -60.00 -840.00 3455.55 -66.33 -815.97 3458.00 -68.79 -818.79 3455.55 -76.56 -809.11 3458.00 -78.52 -812.28 3462.44 -66.54 -811.86 3460.44 -55.42 -804.85 3455.55 -66.33 -815.97 3462.09 -104.27 -803.22 3455.55 -103.31 -808.49 3465.12 -116.80 -811.28 3455.72 -113.66 -815.66 3455.55 -121.08 -826.68 3466.01 -124.41 -821.49 3455.55 -121.08 -826.68 3458.00 -117.72 -828.52 3455.55 -123.58 -840.00 3458.00 -120.00 -840.00 3455.72 -113.66 -815.66 3458.00 -111.21 -818.79 3462.44 -90.00 -801.36 3455.55 -90.00 -805.68 3462.44 -66.54 -811.86 3455.55 -66.33 -815.97 3462.44 -72.30 -807.62 3455.55 -76.56 -809.11 3455.55 -76.56 -809.11 3462.44 -78.03 -804.66 3460.44 -67.85 -795.41 3462.44 -72.30 -807.62 3455.55 -76.56 -809.11 3462.44 -78.03 -804.66 3460.44 -67.85 -795.41 3455.55 -76.56 -809.11 3456.82 -130.33 -840.00 3466.00 -127.48 -831.14 3455.55 -123.58 -840.00 3465.06 -133.98 -833.60 3462.38 -136.43 -840.00 3472.00 -140.00 -840.00 3465.06 -133.98 -833.60 3472.00 -140.00 -840.00 3466.00 -127.48 -831.14 3462.44 -55.53 -827.10 3472.00 -55.19 -823.08 3462.44 -53.14 -835.82 3472.00 -51.98 -840.00 3462.44 -62.11 -815.22 3472.00 -62.71 -812.03 3462.44 -58.08 -822.10 3462.44 -66.54 -811.86 3462.44 -72.30 -807.62 3472.00 -74.09 -804.10 3462.44 -90.00 -801.36 3472.00 -91.96 -799.64 3462.44 -78.03 -804.66 3463.05 -52.78 -840.00 3460.44 -67.85 -795.41 3462.44 -78.03 -804.66 3462.44 -72.30 -807.62 3462.44 -62.11 -815.22 3460.44 -55.42 -804.85 3462.44 -66.54 -811.86 3460.44 -44.62 -819.55 3462.44 -58.08 -822.10 3462.44 -55.53 -827.10 3460.44 -34.67 -840.00 3462.44 -53.14 -835.82 3463.05 -52.78 -840.00 3466.00 -127.48 -831.14 3455.55 -123.58 -840.00 3462.09 -104.27 -803.22 3455.55 -66.33 -864.03 3462.44 -62.11 -864.78 3460.44 -55.42 -875.15 3460.44 -34.67 -840.00 3462.44 -53.14 -844.18 3455.55 -56.48 -840.00 3460.44 -44.62 -860.45 3462.44 -58.08 -857.90 3455.55 -59.65 -853.89 3455.55 -56.48 -840.00 3462.44 -53.14 -844.18 3455.55 -59.65 -853.89 3462.44 -55.53 -852.90 3462.44 -55.53 -852.90 3460.44 -44.62 -860.45 3455.55 -59.65 -853.89 3455.55 -103.31 -871.51 3458.00 -101.48 -867.72 3455.55 -90.00 -874.32 3458.00 -90.00 -870.00 3462.44 -62.11 -864.78 3455.55 -66.33 -864.03 3462.44 -58.08 -857.90 3455.55 -59.65 -853.89 3455.55 -59.65 -853.89 3458.00 -62.28 -851.48 3455.55 -66.33 -864.03 3458.00 -68.79 -861.21 3455.55 -76.56 -870.89 3458.00 -78.52 -867.72 3462.44 -66.54 -868.14 3455.55 -66.33 -864.03 3460.44 -55.42 -875.15 3462.09 -104.27 -876.78 3465.12 -116.80 -868.72 3455.55 -103.31 -871.51 3455.72 -113.66 -864.34 3455.55 -121.08 -853.32 3466.00 -124.41 -858.51 3455.55 -121.08 -853.32 3458.00 -117.72 -851.48 3455.72 -113.66 -864.34 3458.00 -111.21 -861.21 3462.44 -90.00 -878.64 3455.55 -90.00 -874.32 3462.44 -66.54 -868.14 3462.44 -72.30 -872.38 3455.55 -66.33 -864.03 3455.55 -76.56 -870.89 3455.55 -76.56 -870.89 3462.44 -78.03 -875.34 3460.44 -67.85 -884.59 3455.55 -76.56 -870.89 3462.44 -72.30 -872.38 3462.44 -78.03 -875.34 3455.55 -76.56 -870.89 3460.44 -67.85 -884.59 3456.82 -130.33 -840.00 3455.55 -123.58 -840.00 3466.00 -127.48 -848.86 3465.06 -133.98 -846.40 3472.00 -140.00 -840.00 3462.38 -136.43 -840.00 3465.06 -133.98 -846.40 3466.00 -127.48 -848.86 3472.00 -140.00 -840.00 3462.44 -55.53 -852.90 3462.44 -53.14 -844.18 3472.00 -55.19 -856.92 3462.44 -62.11 -864.78 3462.44 -58.08 -857.90 3472.00 -62.71 -867.97 3462.44 -66.54 -868.14 3462.44 -72.30 -872.38 3472.00 -74.09 -875.90 3462.44 -90.00 -878.64 3462.44 -78.03 -875.34 3472.00 -91.96 -880.36 3460.44 -67.85 -884.59 3462.44 -72.30 -872.38 3462.44 -78.03 -875.34 3462.44 -62.11 -864.78 3462.44 -66.54 -868.14 3460.44 -55.42 -875.15 3460.44 -44.62 -860.45 3462.44 -55.53 -852.90 3462.44 -58.08 -857.90 3462.44 -53.14 -844.18 3466.00 -127.48 -848.86 3455.55 -123.58 -840.00 3462.09 -104.27 -876.78 3472.00 -230.32 -870.00 3472.10 -240.00 -870.00 3492.00 -240.00 -870.00 3492.00 -140.00 -870.00 3472.00 -140.00 -870.00 3472.00 -230.32 -870.00 3462.38 -230.32 -875.48 3472.10 -240.00 -870.00 3462.30 -240.00 -875.53 3457.00 -230.32 -888.55 3462.69 -230.32 -901.61 3457.00 -240.00 -888.56 3462.69 -240.00 -901.61 3460.80 -96.91 -888.25 3472.00 -103.11 -894.55 3465.05 -111.08 -889.60 3458.77 -108.42 -881.05 3458.77 -108.42 -881.05 3462.09 -104.27 -876.78 3460.80 -96.91 -888.25 3465.60 -90.28 -891.33 3472.00 -86.35 -893.11 3472.00 -95.50 -896.10 3472.00 -101.82 -901.30 3461.20 -116.17 -893.69 3472.00 -103.11 -894.55 3465.05 -111.08 -889.60 3457.00 -240.00 -888.56 3457.00 -230.32 -888.55 3464.74 -118.49 -884.22 3457.45 -128.01 -885.39 3461.20 -116.17 -893.69 3465.25 -123.29 -897.40 3457.45 -128.01 -885.39 3459.72 -119.30 -873.98 3464.74 -118.49 -884.22 3466.97 -126.48 -877.75 3466.97 -126.48 -877.75 3469.52 -132.71 -872.45 3466.04 -143.59 -873.80 3472.00 -140.00 -870.00 3461.11 -135.28 -888.47 3465.35 -145.26 -879.57 3459.33 -136.11 -878.44 3461.11 -165.48 -888.47 3463.95 -151.35 -894.94 3465.28 -162.61 -897.57 3466.81 -152.65 -899.39 3465.28 -162.61 -897.57 3466.81 -154.06 -903.06 3472.00 -159.53 -902.11 3465.15 -145.74 -904.54 3472.42 -149.72 -907.12 3459.33 -136.11 -878.44 3463.12 -127.86 -895.10 3465.25 -123.29 -897.40 3472.00 -119.53 -899.48 3464.29 -131.79 -902.55 3471.95 -128.35 -905.09 3472.00 -140.00 -870.00 3466.00 -127.48 -848.86 3466.00 -124.41 -858.51 3472.00 -119.53 -899.48 3469.52 -132.71 -872.45 3469.52 -132.71 -872.45 3468.56 -128.40 -869.36 3459.36 -143.94 -892.41 3463.95 -151.35 -894.94 3461.11 -165.48 -888.47 3461.11 -135.28 -888.47 3463.12 -127.86 -895.10 3459.36 -143.94 -892.41 3463.12 -127.86 -895.10 3467.17 -138.61 -898.95 3464.86 -141.07 -897.06 3459.20 -155.60 -885.55 3463.12 -127.86 -895.10 3464.29 -131.79 -902.55 3467.17 -138.61 -898.95 3465.15 -145.74 -904.54 3472.56 -137.01 -907.94 3465.35 -145.26 -879.57 3466.72 -173.28 -876.87 3472.00 -154.57 -873.50 3472.00 -240.00 -906.60 3462.69 -240.00 -901.61 3472.00 -230.32 -906.60 3465.28 -224.42 -897.57 3465.28 -191.78 -897.57 3472.00 -224.42 -902.11 3472.00 -185.47 -902.11 3461.11 -190.35 -888.47 3465.28 -180.85 -897.57 3472.00 -224.42 -902.11 3461.11 -224.42 -888.47 3465.35 -224.42 -879.57 3472.00 -230.32 -870.00 3472.00 -190.00 -870.00 3472.00 -224.42 -874.60 3472.00 -190.00 -874.05 3492.00 -180.00 -870.00 3472.00 -190.00 -870.00 3468.56 -128.40 -869.36 3472.00 -224.42 -874.60 3465.35 -179.29 -879.57 3465.35 -200.28 -879.57 3472.00 -190.00 -874.05 3472.00 -224.42 -874.60 3461.11 -224.42 -888.47 3492.00 -140.00 -870.00 3472.00 -140.00 -870.00 3461.11 -190.35 -888.47 3461.11 -165.48 -888.47 3472.00 -154.57 -873.50 3461.11 -198.14 -888.47 3465.35 -179.29 -879.57 3462.21 -171.03 -878.66 3459.20 -155.60 -885.55 3472.00 -172.49 -902.11 3472.00 -159.53 -902.11 3472.00 -190.00 -874.05 3472.00 -190.00 -874.05 3472.00 -154.57 -873.50 3472.00 -140.00 -870.00 3465.60 -90.28 -891.33 3472.00 -86.49 -886.88 3472.00 -86.35 -893.11 3472.00 -101.82 -901.30 3472.00 -109.90 -903.58 3466.04 -143.59 -873.80 3465.12 -116.80 -868.72 3459.72 -119.30 -873.98 3468.56 -128.40 -869.36 3465.12 -116.80 -868.72 3469.52 -132.71 -872.45 3468.56 -128.40 -869.36 3466.97 -126.48 -877.75 3469.52 -132.71 -872.45 3472.00 -154.57 -873.50 3472.00 -91.96 -880.36 3463.12 -127.86 -895.10 3466.81 -152.65 -899.39 3466.81 -154.06 -903.06 3467.17 -138.61 -898.95 3464.86 -141.07 -897.06 3463.12 -127.86 -895.10 3464.86 -141.07 -897.06 3464.86 -141.07 -897.06 3461.11 -135.28 -888.47 3462.43 -150.32 -882.74 3462.43 -150.32 -882.74 3461.11 -135.28 -888.47 3462.21 -171.03 -878.66 3466.72 -173.28 -876.87 3472.00 -190.00 -874.05 3461.11 -198.14 -888.47 3457.81 -194.79 -888.47 3461.11 -198.14 -888.47 3465.35 -200.28 -879.57 3461.99 -185.78 -898.78 3465.28 -191.78 -897.57 3457.81 -194.79 -888.47 3461.11 -198.14 -888.47 3472.00 -185.47 -902.11 3472.00 -175.24 -905.16 3465.28 -180.85 -897.57 3472.00 -172.49 -902.11 3461.11 -190.35 -888.47 3461.11 -190.35 -888.47 3458.00 -60.00 -840.00 3458.00 -62.28 -851.48 3451.12 -90.00 -840.00 3458.00 -68.79 -861.21 3458.00 -68.79 -818.79 3458.00 -62.28 -828.52 3458.00 -90.00 -810.00 3458.00 -78.52 -812.28 3458.00 -111.21 -818.79 3458.00 -101.48 -812.28 3458.00 -120.00 -840.00 3458.00 -117.72 -828.52 3458.00 -111.21 -861.21 3458.00 -117.72 -851.48 3458.00 -90.00 -870.00 3458.00 -101.48 -867.72 3458.00 -78.52 -867.72 2372.00 -130.00 -890.00 2372.00 -150.00 -890.00 2372.00 -130.00 -900.00 2372.00 -190.00 -900.00 2372.00 -190.00 -890.00 2372.00 -88.00 -882.00 2372.00 -70.00 -840.00 2372.00 -130.00 -870.00 2372.00 -130.00 -840.00 2372.00 -130.00 -810.00 2372.00 -130.00 -790.00 2372.00 -88.00 -798.00 2372.00 -130.00 -780.00 2372.00 -190.00 -780.00 2372.00 -235.00 -780.00 2372.00 -190.00 -790.00 2372.00 -240.00 -795.00 3402.00 -240.00 -720.00 3402.00 -60.00 -720.00 3472.00 -240.00 -720.00 3472.00 -60.00 -720.00 3472.00 -240.00 -889.01 3472.00 -120.00 -889.01 3472.00 -240.00 -960.00 3472.00 -60.00 -960.00 3472.00 -70.00 -885.00 3472.00 0.00 -900.00 3472.00 -60.00 -720.00 3472.00 -120.00 -790.99 3472.00 -240.00 -720.00 3472.00 -70.00 -795.00 3472.00 -240.00 -790.99 3472.00 0.00 -840.00 3402.00 -60.00 -720.00 3402.00 0.00 -780.00 3472.00 -60.00 -720.00 3472.00 0.00 -780.00 3402.00 0.00 -840.00 3472.00 0.00 -840.00 2372.00 -235.00 -900.00 2372.00 -239.49 -885.76 2372.00 -150.00 -790.00 3472.00 0.00 -780.00 3332.00 0.00 -900.00 3402.00 0.00 -900.00 3332.00 0.00 -840.00 3402.00 0.00 -840.00 3472.00 -60.00 -960.00 3402.00 -60.00 -960.00 3472.00 -240.00 -960.00 3402.00 -240.00 -960.00 3402.00 -60.00 -960.00 3472.00 0.00 -900.00 3472.00 -60.00 -960.00 3332.00 0.00 -780.00 3332.00 -60.00 -720.00 3332.00 0.00 -840.00 3472.00 0.00 -840.00 3492.00 -240.00 -840.00 3492.00 -240.00 -882.00 3472.00 -240.00 -840.00 3472.00 -240.00 -889.01 3437.00 -240.00 -900.00 3472.00 -240.00 -960.00 3472.00 -240.00 -720.00 3472.00 -240.00 -790.99 3437.00 -240.00 -780.00 3492.00 -240.00 -798.00 3332.00 -240.00 -960.00 3402.00 -240.00 -960.00 3402.00 -240.00 -840.00 3332.00 -240.00 -780.00 3402.00 -240.00 -720.00 3332.00 -240.00 -720.00 3332.00 -240.00 -900.00 3332.00 -240.00 -840.00 2612.00 -560.00 -1200.00 2492.00 -560.00 -1200.00 2612.00 -560.00 -1080.00 2492.00 -560.00 -1080.00 2492.00 -560.00 -960.00 2612.00 -560.00 -960.00 3332.00 -560.00 -720.00 3212.00 -560.00 -720.00 3332.00 -560.00 -600.00 3212.00 -560.00 -600.00 3212.00 -560.00 -480.00 3332.00 -560.00 -480.00 2492.00 -560.00 -480.00 2612.00 -560.00 -480.00 2492.00 -560.00 -600.00 2612.00 -560.00 -600.00 2375.78 -250.00 -810.00 2375.78 -250.00 -840.00 2352.00 -250.00 -810.00 2352.00 -250.00 -840.00 2402.00 -250.00 -840.00 2402.00 -250.00 -810.00 2492.00 -250.00 -840.00 2492.00 -250.00 -810.00 2402.00 -240.00 -780.00 2492.00 -250.00 -780.00 2372.00 -240.00 -795.00 2372.00 -235.00 -780.00 2402.00 -250.00 -870.00 2492.00 -250.00 -870.00 2402.00 -240.00 -900.00 2492.00 -250.00 -900.00 2831.00 -120.00 -1440.00 2912.00 -120.00 -1440.00 2843.00 -120.00 -1536.00 2903.00 -120.00 -1566.00 2968.00 -120.00 -1539.00 2994.00 -120.00 -1440.00 2972.00 -120.00 -1320.00 2912.00 -120.00 -1320.00 2852.00 -120.00 -1320.00 2732.00 -420.00 -720.00 2852.00 -420.00 -720.00 2732.00 -420.00 -840.00 2852.00 -420.00 -840.00 3332.00 -560.00 -1200.00 3212.00 -560.00 -1200.00 3212.00 -560.00 -1080.00 3092.00 -560.00 -1080.00 3092.00 -560.00 -1200.00 2972.00 -560.00 -1200.00 2972.00 -560.00 -1080.00 3332.00 -560.00 -1080.00 2375.78 -250.00 -870.00 2372.00 -239.49 -885.76 2352.00 -250.00 -870.00 2372.00 -235.00 -900.00 2372.00 -190.00 -780.00 2432.00 -190.00 -780.00 2402.00 -240.00 -780.00 2492.00 -250.00 -780.00 2492.00 -190.00 -780.00 2492.00 -75.53 -792.06 2492.00 -130.00 -775.44 2432.00 -88.00 -798.00 2432.00 -130.00 -780.00 2432.00 -70.00 -840.00 2492.00 -75.53 -887.94 2432.00 -70.00 -840.00 2432.00 -88.00 -882.00 2492.00 -130.00 -904.56 2432.00 -130.00 -900.00 2492.00 -130.00 -904.56 2432.00 -130.00 -900.00 2492.00 -190.00 -900.00 2432.00 -190.00 -900.00 2492.00 -250.00 -960.00 2492.00 -190.00 -900.00 2492.00 -250.00 -900.00 2492.00 -8.21 -964.28 2564.57 121.23 -840.00 2492.00 -38.50 -840.00 2492.00 5.18 -697.87 2551.38 140.00 -705.17 2492.00 100.00 -580.00 2564.57 121.23 -840.00 2492.00 5.18 -697.87 2492.00 -38.50 -840.00 2492.00 5.18 -697.87 2492.00 2.22 -560.46 2492.00 -130.00 -637.92 2492.00 -130.00 -480.00 2492.00 -190.00 -780.00 2492.00 -249.01 -720.00 2492.00 -250.00 -780.00 3212.00 -320.00 -480.00 3212.00 -233.23 -480.00 3332.00 -320.00 -480.00 3332.00 -231.80 -480.00 3222.00 -2.89 -480.00 3291.76 14.42 -480.00 3212.00 -105.78 -480.00 3332.00 -109.79 -480.00 2492.00 -248.02 -631.34 2492.00 -246.03 -480.00 2492.00 -320.00 -600.00 2492.00 -320.00 -480.00 3332.00 -235.90 -600.00 3332.00 -240.00 -720.00 3332.00 -320.00 -600.00 3332.00 -320.00 -720.00 3332.00 100.00 -596.04 3332.00 5.46 -598.02 3332.00 11.93 -518.10 3332.00 100.00 -1100.00 3332.00 -11.56 -1075.87 3332.00 100.00 -989.00 3330.00 -11.93 -985.94 3332.00 -126.22 -1080.00 3332.00 -88.41 -1141.25 3332.00 -122.45 -1200.00 3332.00 -122.45 -1200.00 3212.00 -121.63 -1200.00 3332.00 -240.00 -1200.00 3212.00 -242.57 -1200.00 2972.00 -247.72 -1200.00 3092.00 -245.15 -1200.00 2972.00 -158.86 -1200.00 3092.00 -120.82 -1200.00 2612.00 -250.00 -1200.00 2612.00 -130.44 -1200.00 2492.00 -250.00 -1200.00 2492.00 -113.81 -1200.00 2972.00 -247.72 -1200.00 2972.00 -185.00 -1320.00 2972.00 -270.91 -1320.00 2972.00 -270.91 -1320.00 2972.00 -185.00 -1320.00 2852.00 -270.91 -1320.00 2852.00 -182.69 -1320.00 2852.00 -250.00 -1200.00 2852.00 -182.69 -1320.00 2852.00 -145.59 -1200.00 2852.00 -145.59 -1200.00 2852.00 -120.00 -1320.00 2852.00 -19.55 -1200.00 2841.60 -38.41 -1320.00 2492.00 -113.81 -1200.00 2612.00 -130.44 -1200.00 2571.89 -75.53 -1200.00 2852.00 -19.55 -1200.00 2807.00 64.80 -1200.00 2732.00 13.28 -1200.00 2841.60 -38.41 -1320.00 2852.00 8.27 -1280.63 2852.00 -19.55 -1200.00 2972.00 -32.80 -1200.00 2972.00 -158.86 -1200.00 3024.58 -16.00 -1200.00 2972.00 -120.00 -1320.00 2972.00 -32.80 -1200.00 2972.00 -43.88 -1320.00 3332.00 -320.00 -1200.00 3332.00 -440.00 -1200.00 3332.00 -320.00 -1080.00 3332.00 -440.00 -1080.00 3332.00 -440.00 -1200.00 3212.00 -440.00 -1200.00 3332.00 -560.00 -1200.00 3212.00 -560.00 -1200.00 2492.00 -440.00 -1080.00 2492.00 -320.00 -1050.73 2492.00 -440.00 -960.00 2492.00 -320.00 -960.00 2492.00 -320.00 -1200.00 2492.00 -440.00 -1200.00 2612.00 -320.00 -1200.00 2612.00 -440.00 -1200.00 3332.00 -440.00 -600.00 3332.00 -320.00 -480.00 3332.00 -440.00 -480.00 3212.00 -440.00 -480.00 3332.00 -440.00 -480.00 3212.00 -560.00 -480.00 3332.00 -560.00 -480.00 2612.00 -320.00 -480.00 2612.00 -440.00 -480.00 2492.00 -320.00 -480.00 2492.00 -440.00 -480.00 2492.00 -440.00 -600.00 2492.00 -440.00 -480.00 3332.00 -560.00 -1080.00 3332.00 -560.00 -1200.00 3332.00 -320.00 -1200.00 3212.00 -320.00 -1200.00 2492.00 -250.00 -960.00 2492.00 -320.00 -900.00 2492.00 -250.00 -900.00 2492.00 -250.00 -1200.00 2612.00 -250.00 -1200.00 3092.00 -245.15 -1200.00 2972.00 -247.72 -1200.00 3092.00 -320.00 -1200.00 2972.00 -320.00 -1200.00 3332.00 -240.00 -1080.00 3332.00 -240.00 -1200.00 2432.00 -130.00 -780.00 2372.00 -130.00 -780.00 2402.00 -240.00 -900.00 2372.00 -190.00 -900.00 2372.00 -235.00 -900.00 3332.00 -240.00 -1200.00 3212.00 -242.57 -1200.00 3212.00 -242.57 -1200.00 3092.00 -245.15 -1200.00 3212.00 -320.00 -1200.00 3092.00 -320.00 -1200.00 3092.00 -245.15 -1200.00 3212.00 -242.57 -1200.00 3092.00 -120.82 -1200.00 3212.00 -121.63 -1200.00 3092.00 -440.00 -1200.00 2972.00 -440.00 -1200.00 3092.00 -560.00 -1200.00 2972.00 -560.00 -1200.00 3212.00 -440.00 -1200.00 3092.00 -440.00 -1200.00 3212.00 -560.00 -1200.00 3092.00 -560.00 -1200.00 3332.00 -126.22 -1080.00 3332.00 -240.00 -1080.00 3332.00 -130.00 -960.00 3332.00 -240.00 -960.00 2492.00 -440.00 -1200.00 2492.00 -560.00 -1200.00 2492.00 -560.00 -1080.00 2492.00 -320.00 -1200.00 2492.00 -250.00 -1200.00 2492.00 -250.00 -1050.73 2492.00 -113.81 -1200.00 2492.00 -125.94 -1042.44 2492.00 -250.00 -1200.00 2492.00 -250.00 -1050.73 2612.00 -111.89 -480.00 2612.00 -243.90 -480.00 2492.00 -130.00 -480.00 2492.00 -246.03 -480.00 3092.00 -101.78 -480.00 3092.00 -234.66 -480.00 2972.00 -103.25 -480.00 2972.00 -237.51 -480.00 3332.00 -102.10 -600.00 3332.00 -235.90 -600.00 3332.00 -109.79 -480.00 3332.00 -231.80 -480.00 2612.00 -560.00 -1200.00 2492.00 -560.00 -1200.00 2492.00 -560.00 -960.00 2492.00 -560.00 -480.00 2612.00 -560.00 -480.00 2492.00 -560.00 -600.00 2492.00 -560.00 -480.00 3332.00 -560.00 -600.00 3332.00 -560.00 -720.00 3332.00 -440.00 -720.00 3332.00 -240.00 -720.00 3332.00 -235.90 -600.00 3332.00 -114.59 -720.00 3332.00 -102.10 -600.00 3332.00 -560.00 -480.00 3332.00 -231.80 -480.00 2492.00 -130.00 -637.92 2492.00 -130.00 -480.00 2492.00 -248.02 -631.34 2492.00 -246.03 -480.00 2492.00 -320.00 -631.34 2732.00 -130.22 -1200.00 2732.00 -250.00 -1200.00 2852.00 -145.59 -1200.00 2852.00 -250.00 -1200.00 2612.00 -250.00 -1200.00 2732.00 -250.00 -1200.00 2612.00 -130.44 -1200.00 2732.00 -130.22 -1200.00 2492.00 -250.00 -900.00 2372.00 -235.00 -780.00 2492.00 -38.50 -840.00 2492.00 -75.53 -887.94 2492.00 -8.21 -964.28 2372.00 -88.00 -798.00 2372.00 -130.00 -780.00 2492.00 -130.00 -775.44 2372.00 -70.00 -840.00 2372.00 -88.00 -882.00 2372.00 -70.00 -840.00 2372.00 -130.00 -900.00 2372.00 -130.00 -900.00 2492.00 -125.94 -1042.44 2492.00 -130.00 -637.92 2492.00 -248.02 -631.34 2492.00 -8.21 -964.28 2492.00 -125.94 -1042.44 2492.00 -17.52 -1087.56 2551.38 117.12 -943.74 2551.38 117.12 -943.74 2492.00 -8.21 -964.28 2492.00 100.00 -1051.18 2492.00 -17.52 -1087.56 2492.00 -125.94 -1042.44 2492.00 -130.00 -904.56 2492.00 -78.69 -1124.38 2492.00 -113.81 -1200.00 2612.00 -130.44 -1200.00 2732.00 -130.22 -1200.00 2612.00 -3.39 -1200.00 2732.00 13.28 -1200.00 2732.00 13.28 -1200.00 2732.00 -130.22 -1200.00 2852.00 -19.55 -1200.00 2852.00 -145.59 -1200.00 2612.00 -3.39 -1200.00 2492.00 -250.00 -1050.73 2492.00 -130.00 -904.56 2492.00 -130.00 -775.44 2841.20 0.19 -1368.78 2852.00 46.00 -1320.00 2841.60 -38.41 -1320.00 2492.00 5.18 -697.87 2492.00 -75.53 -792.06 2492.00 -38.50 -840.00 2551.38 140.00 -705.17 2492.00 -130.00 -775.44 2492.00 -130.00 -637.92 2492.00 -38.50 -840.00 2492.00 2.22 -560.46 3094.66 37.17 -1200.00 3092.00 -120.82 -1200.00 3220.39 20.00 -1200.00 3212.00 -121.63 -1200.00 3220.39 20.00 -1200.00 3212.00 -121.63 -1200.00 3258.30 -66.36 -1200.00 2831.00 -25.00 -1440.00 3092.00 -120.82 -1200.00 3094.66 37.17 -1200.00 3332.00 -122.45 -1200.00 3332.00 -64.00 -996.00 3332.00 -11.56 -1075.87 3332.00 -126.22 -1080.00 3332.00 100.00 -1100.00 3332.00 -11.22 -1113.35 3332.00 -11.56 -1075.87 3332.00 -130.00 -960.00 3330.00 -11.93 -985.94 3332.00 -11.22 -1113.35 3332.00 -11.56 -1075.87 3332.00 18.00 -696.00 3332.00 5.46 -598.02 3332.00 100.00 -676.66 3332.00 100.00 -596.04 3332.00 11.93 -518.10 3332.00 -102.10 -600.00 3332.00 -109.79 -480.00 3332.00 -114.59 -720.00 3332.00 -102.10 -600.00 3332.00 -57.17 -691.20 3332.00 5.46 -598.02 3332.00 5.46 -598.02 3332.00 18.00 -696.00 3332.00 -240.00 -1080.00 3332.00 -126.22 -1080.00 3332.00 -240.00 -1200.00 3332.00 -122.45 -1200.00 3212.00 -233.23 -480.00 3092.00 -234.66 -480.00 3212.00 -105.78 -480.00 3092.00 -101.78 -480.00 2612.00 -243.90 -480.00 2492.00 -246.03 -480.00 2852.00 -103.25 -480.00 2852.00 -239.64 -480.00 2732.00 -103.25 -480.00 2732.00 -241.77 -480.00 2732.00 -103.25 -480.00 2732.00 -241.77 -480.00 2612.00 -111.89 -480.00 2612.00 -243.90 -480.00 2851.82 18.38 -480.00 2733.08 15.30 -480.00 2851.64 80.58 -480.00 2734.16 133.84 -480.00 2972.00 -103.25 -480.00 2972.00 -237.51 -480.00 2852.00 -103.25 -480.00 2852.00 -239.64 -480.00 3332.00 -231.80 -480.00 3212.00 -233.23 -480.00 3332.00 -109.79 -480.00 3212.00 -105.78 -480.00 3222.00 -2.89 -480.00 3098.98 12.33 -480.00 3232.00 100.00 -480.00 3105.96 126.44 -480.00 2972.00 -103.25 -480.00 2975.00 18.38 -480.00 3092.00 -101.78 -480.00 3098.98 12.33 -480.00 2851.82 18.38 -480.00 2851.64 80.58 -480.00 2975.00 18.38 -480.00 2978.00 140.00 -480.00 2734.16 133.84 -480.00 2733.08 15.30 -480.00 2603.13 100.00 -480.00 2607.56 -5.94 -480.00 2603.13 100.00 -480.00 2607.56 -5.94 -480.00 2564.06 -15.00 -480.00 3098.98 12.33 -480.00 2975.00 18.38 -480.00 3105.96 126.44 -480.00 2978.00 140.00 -480.00 2852.00 -103.25 -480.00 2851.82 18.38 -480.00 2972.00 -103.25 -480.00 2975.00 18.38 -480.00 3098.98 12.33 -480.00 3222.00 -2.89 -480.00 3092.00 -101.78 -480.00 3212.00 -105.78 -480.00 2851.82 18.38 -480.00 2852.00 -103.25 -480.00 2733.08 15.30 -480.00 2732.00 -103.25 -480.00 2733.08 15.30 -480.00 2732.00 -103.25 -480.00 2607.56 -5.94 -480.00 2612.00 -111.89 -480.00 3291.76 14.42 -480.00 3222.00 -2.89 -480.00 3232.00 100.00 -480.00 2607.56 -5.94 -480.00 2612.00 -111.89 -480.00 2564.06 -15.00 -480.00 2492.00 -130.00 -480.00 2852.00 -270.91 -1320.00 2852.00 -182.69 -1320.00 2972.00 -185.00 -1320.00 2972.00 -158.86 -1200.00 2972.00 -158.86 -1200.00 2972.00 -43.88 -1320.00 2972.00 -32.80 -1200.00 2972.00 60.00 -1320.00 2983.00 -4.01 -1366.69 2972.00 -43.88 -1320.00 2972.00 60.00 -1320.00 2994.00 -37.00 -1440.00 2852.00 46.00 -1320.00 2972.00 60.00 -1320.00 2938.00 12.00 -1410.00 2983.00 -4.01 -1366.69 3332.00 -57.17 -691.20 3320.09 -57.52 -720.80 3332.00 -114.59 -720.00 3349.30 -73.11 -739.08 3402.00 -150.00 -720.00 3396.10 -60.00 -720.00 3332.00 18.00 -696.00 3304.38 -1.58 -717.80 3296.00 6.00 -777.00 3352.00 -32.00 -775.00 3408.00 0.00 -780.00 3397.00 0.00 -836.00 3330.00 -8.00 -843.00 3299.00 15.00 -847.00 3233.06 116.60 -840.00 3271.29 101.01 -724.62 3332.00 -130.00 -960.00 3318.00 -80.00 -952.00 3332.00 -64.00 -996.00 3352.00 -80.00 -936.00 3381.00 -156.00 -960.00 3396.50 -60.00 -960.00 3318.00 -15.00 -937.00 3330.00 -11.93 -985.94 3296.00 6.00 -910.00 3352.00 -33.00 -902.00 3406.00 0.00 -900.00 3235.63 106.10 -924.40 3275.09 95.31 -958.55 3332.00 100.00 -989.00 2871.00 14.00 -1408.00 2903.00 -20.00 -1568.00 2994.00 -37.00 -1440.00 2968.00 -21.00 -1539.00 2843.00 -19.00 -1539.00 2831.00 -25.00 -1440.00 2542.83 -23.69 -532.10 2568.12 70.38 -557.41 2564.06 -15.00 -480.00 2603.13 100.00 -480.00 2492.00 2.22 -560.46 2492.00 100.00 -580.00 3232.00 100.00 -480.00 3249.35 78.00 -528.53 3291.76 14.42 -480.00 3294.56 4.72 -500.19 3332.00 100.00 -596.04 3332.00 11.93 -518.10 3246.12 -34.74 -1132.59 3226.28 47.31 -1059.44 3178.19 28.49 -1116.31 3220.39 20.00 -1200.00 3258.30 -66.36 -1200.00 2614.98 37.43 -1090.85 2492.00 100.00 -1051.18 2492.00 -17.52 -1087.56 2852.00 46.00 -1320.00 2841.20 0.19 -1368.78 2912.00 60.00 -1240.00 2912.00 60.00 -1135.94 2868.78 81.84 -1145.47 2895.18 20.73 -1233.24 2852.00 -19.55 -1200.00 2852.00 8.27 -1280.63 2972.00 -32.80 -1200.00 2945.66 36.62 -1141.91 3008.24 25.15 -1130.44 3024.58 -16.00 -1200.00 3084.38 80.46 -1145.93 3094.66 37.17 -1200.00 3015.12 101.62 -1100.91 2934.78 103.71 -1085.91 2841.66 50.98 -1132.18 2807.00 64.80 -1200.00 2860.00 193.00 -1102.00 2775.83 190.21 -1052.87 2612.00 -3.39 -1200.00 2732.00 13.28 -1200.00 2711.82 64.74 -1075.83 2563.04 -51.62 -1130.73 2705.58 130.27 -609.80 2734.16 133.84 -480.00 2615.84 140.57 -700.32 2742.00 220.00 -780.00 2861.90 229.64 -640.16 2874.00 220.00 -824.00 2551.38 140.00 -705.17 2564.57 121.23 -840.00 2649.36 160.00 -840.00 2649.39 112.96 -1016.40 2551.38 117.12 -943.74 2657.34 165.13 -942.64 2782.00 220.00 -922.00 2900.00 220.00 -987.00 2947.46 171.07 -1073.98 3019.00 178.00 -1108.00 3010.87 209.07 -1010.96 3004.34 215.04 -885.19 3124.52 138.77 -1003.76 3140.79 137.67 -557.18 3207.96 169.71 -656.26 3028.82 222.87 -621.72 2966.00 220.00 -793.00 3128.01 207.76 -746.95 2978.00 140.00 -480.00 2851.64 80.58 -480.00 2909.55 139.60 -544.62 2826.32 129.88 -555.47 3332.00 100.00 -1100.00 3240.70 110.38 -984.78 3120.92 178.81 -869.50 2492.00 -78.69 -1124.38 2492.00 -113.81 -1200.00 2571.89 -75.53 -1200.00 3332.00 -122.45 -1200.00 3332.00 -88.41 -1141.25 3332.00 -11.22 -1113.35 3289.29 74.35 -1061.57 3332.00 -11.22 -1113.35 3332.00 100.00 -676.66 3105.96 126.44 -480.00 3332.00 -109.79 -480.00 2492.00 -130.00 -480.00 2912.00 60.00 -1240.00 3332.00 -130.00 -960.00 3332.00 -240.00 -960.00 3402.00 -240.00 -960.00 3332.00 -60.00 -960.00 3402.00 -60.00 -960.00 3332.00 0.00 -900.00 3402.00 0.00 -900.00 3332.00 -60.00 -720.00 3402.00 -60.00 -720.00 3332.00 -114.59 -720.00 3402.00 -240.00 -720.00 3332.00 -60.00 -960.00 3402.00 -60.00 -960.00 3332.00 -240.00 -720.00 2974.81 -300.16 -681.30 2993.73 -302.36 -663.12 2993.55 -281.92 -671.87 2983.87 -284.82 -698.45 2985.84 -284.76 -683.76 3002.00 -277.00 -690.00 2990.00 -302.00 -717.48 3015.61 -301.38 -719.28 2993.33 -320.00 -720.00 3013.33 -320.00 -720.00 3028.98 -297.76 -703.46 3028.10 -299.06 -679.30 3032.85 -320.00 -700.00 2974.92 -300.00 -702.42 2973.33 -320.00 -700.00 2974.81 -300.16 -681.30 2973.33 -320.00 -680.33 3011.70 -298.81 -661.82 3013.33 -320.00 -660.00 2993.33 -320.00 -660.00 3018.71 -282.02 -696.38 3019.73 -278.98 -682.17 2993.55 -281.92 -671.87 3008.83 -279.49 -673.52 3028.98 -297.76 -703.46 3010.45 -281.92 -708.13 3018.71 -282.02 -696.38 2996.40 -281.92 -706.02 3010.45 -281.92 -708.13 2990.00 -302.00 -717.48 2983.87 -284.82 -698.45 3008.83 -279.49 -673.52 3011.70 -298.81 -661.82 2973.33 -320.00 -680.33 2985.84 -284.76 -683.76 3013.33 -320.00 -660.00 3032.85 -320.00 -680.00 2993.33 -320.00 -720.00 3019.73 -278.98 -682.17 3018.71 -282.02 -696.38 3008.83 -279.49 -673.52 2985.84 -284.76 -683.76 2996.40 -281.92 -706.02 2996.40 -281.92 -706.02 3032.85 -320.00 -700.00 2813.30 -300.16 -597.19 2792.62 -302.11 -578.66 2802.68 -284.49 -577.68 2829.65 -285.15 -586.07 2812.57 -285.35 -592.70 2822.00 -277.00 -570.00 2849.48 -302.00 -582.00 2851.28 -301.38 -556.39 2852.00 -320.00 -578.67 2852.00 -320.00 -558.67 2835.46 -297.76 -543.02 2811.13 -298.07 -541.04 2832.00 -320.00 -539.15 2834.42 -300.00 -597.08 2832.00 -320.00 -598.67 2813.30 -300.16 -597.19 2812.33 -320.00 -598.67 2793.82 -298.81 -560.30 2792.00 -320.00 -558.67 2792.00 -320.00 -578.67 2828.38 -282.02 -553.29 2816.02 -280.32 -556.67 2802.68 -284.49 -577.68 2803.99 -282.45 -565.27 2835.46 -297.76 -543.02 2838.19 -281.87 -563.13 2828.38 -282.02 -553.29 2840.18 -281.92 -576.16 2838.19 -281.87 -563.13 2849.48 -302.00 -582.00 2829.65 -285.15 -586.07 2803.99 -282.45 -565.27 2793.82 -298.81 -560.30 2812.33 -320.00 -598.67 2812.57 -285.35 -592.70 2792.00 -320.00 -558.67 2812.00 -320.00 -539.15 2852.00 -320.00 -578.67 2816.02 -280.32 -556.67 2828.38 -282.02 -553.29 2803.99 -282.45 -565.27 2812.57 -285.35 -592.70 2840.18 -281.92 -576.16 2840.18 -281.92 -576.16 2832.00 -320.00 -539.15 2972.00 -237.51 -480.00 2972.00 -320.00 -480.00 2852.00 -239.64 -480.00 2852.00 -320.00 -480.00 3332.00 -320.00 -900.00 3332.00 -240.00 -900.00 3332.00 -320.00 -960.00 3332.00 -240.00 -960.00 2994.00 -120.00 -1440.00 2994.00 -37.00 -1440.00 2968.00 -120.00 -1539.00 2968.00 -21.00 -1539.00 2843.00 -120.00 -1536.00 2903.00 -120.00 -1566.00 2843.00 -19.00 -1539.00 2903.00 -20.00 -1568.00 2968.00 -21.00 -1539.00 2968.00 -120.00 -1539.00 2831.00 -120.00 -1440.00 2843.00 -120.00 -1536.00 2831.00 -25.00 -1440.00 2843.00 -19.00 -1539.00 2994.00 -37.00 -1440.00 2994.00 -120.00 -1440.00 2972.00 -43.88 -1320.00 2972.00 -120.00 -1320.00 2852.00 -120.00 -1320.00 2831.00 -120.00 -1440.00 2841.60 -38.41 -1320.00 2831.00 -25.00 -1440.00 2492.00 -250.00 -780.00 2492.00 -320.00 -780.00 2492.00 -250.00 -810.00 2852.00 -320.00 -720.00 2852.00 -420.00 -720.00 2732.00 -320.00 -720.00 2732.00 -420.00 -720.00 2852.00 -320.00 -840.00 2852.00 -420.00 -840.00 2852.00 -320.00 -720.00 2852.00 -420.00 -720.00 2732.00 -320.00 -840.00 2732.00 -420.00 -840.00 2852.00 -320.00 -840.00 2852.00 -420.00 -840.00 2732.00 -320.00 -840.00 2732.00 -320.00 -720.00 2732.00 -420.00 -840.00 2732.00 -420.00 -720.00 2972.00 -440.00 -1200.00 2972.00 -440.00 -1080.00 2972.00 -560.00 -1200.00 2972.00 -560.00 -1080.00 2972.00 -440.00 -1080.00 3092.00 -440.00 -1080.00 2972.00 -560.00 -1080.00 3092.00 -560.00 -1080.00 2612.00 -440.00 -960.00 2612.00 -440.00 -1080.00 2612.00 -560.00 -960.00 2612.00 -560.00 -1080.00 2492.00 -440.00 -960.00 2612.00 -440.00 -960.00 2492.00 -560.00 -960.00 2612.00 -560.00 -960.00 3212.00 -440.00 -480.00 3212.00 -440.00 -600.00 3212.00 -320.00 -480.00 3212.00 -320.00 -600.00 3212.00 -320.00 -720.00 3212.00 -440.00 -720.00 3332.00 -320.00 -720.00 3332.00 -440.00 -720.00 2612.00 -440.00 -480.00 2612.00 -440.00 -600.00 2612.00 -560.00 -480.00 2612.00 -560.00 -600.00 2612.00 -440.00 -600.00 2492.00 -440.00 -600.00 2612.00 -560.00 -600.00 2492.00 -560.00 -600.00 2972.00 -320.00 -1200.00 2972.00 -320.00 -1320.00 2852.00 -320.00 -1200.00 2852.00 -320.00 -1320.00 3332.00 -320.00 -780.00 3332.00 -320.00 -720.00 3332.00 -240.00 -780.00 3332.00 -240.00 -720.00 3332.00 -320.00 -1080.00 3332.00 -440.00 -1080.00 3212.00 -320.00 -1080.00 3212.00 -440.00 -1080.00 3212.00 -320.00 -1080.00 3212.00 -440.00 -1080.00 3092.00 -320.00 -1080.00 2612.00 -320.00 -1200.00 2612.00 -440.00 -1200.00 2612.00 -320.00 -1080.00 3212.00 -560.00 -720.00 3212.00 -560.00 -600.00 3332.00 -440.00 -1080.00 3212.00 -560.00 -1080.00 3332.00 -560.00 -1080.00 2972.00 -320.00 -1080.00 2972.00 -320.00 -1200.00 2972.00 -440.00 -1200.00 3092.00 -320.00 -1080.00 3092.00 -440.00 -1080.00 2972.00 -320.00 -1080.00 3092.00 -560.00 -1080.00 3212.00 -560.00 -1080.00 2492.00 -250.00 -870.00 2492.00 -250.00 -840.00 2492.00 -320.00 -840.00 2492.00 -250.00 -900.00 2492.00 -320.00 -900.00 2852.00 -320.00 -1320.00 2852.00 -270.91 -1320.00 2852.00 -320.00 -1200.00 2852.00 -250.00 -1200.00 2972.00 -320.00 -1320.00 2972.00 -270.91 -1320.00 2852.00 -320.00 -1320.00 2852.00 -270.91 -1320.00 2972.00 -247.72 -1200.00 2972.00 -270.91 -1320.00 2972.00 -320.00 -1200.00 2972.00 -320.00 -1320.00 3332.00 -240.00 -960.00 3332.00 -240.00 -1080.00 3332.00 -320.00 -960.00 3332.00 -320.00 -1080.00 2612.00 -320.00 -960.00 2492.00 -320.00 -960.00 2492.00 -440.00 -960.00 2612.00 -440.00 -1080.00 2612.00 -440.00 -1200.00 2612.00 -560.00 -1080.00 2612.00 -560.00 -1200.00 2612.00 -320.00 -1080.00 2612.00 -320.00 -960.00 2612.00 -320.00 -600.00 2612.00 -320.00 -480.00 2612.00 -440.00 -480.00 2492.00 -320.00 -600.00 2492.00 -440.00 -600.00 2612.00 -320.00 -600.00 3332.00 -440.00 -720.00 3212.00 -440.00 -720.00 3332.00 -560.00 -720.00 3212.00 -560.00 -720.00 3212.00 -320.00 -600.00 3212.00 -440.00 -600.00 3212.00 -320.00 -720.00 3212.00 -560.00 -480.00 3212.00 -560.00 -600.00 3212.00 -440.00 -480.00 2492.00 -249.01 -720.00 2492.00 -320.00 -720.00 2492.00 -250.00 -780.00 2492.00 -320.00 -780.00 2732.00 -250.00 -1200.00 2732.00 -320.00 -1200.00 2852.00 -250.00 -1200.00 2852.00 -320.00 -1200.00 2612.00 -250.00 -1200.00 2612.00 -320.00 -1200.00 2732.00 -250.00 -1200.00 2732.00 -320.00 -1200.00 3092.00 -234.66 -480.00 3092.00 -320.00 -480.00 2972.00 -237.51 -480.00 2972.00 -320.00 -480.00 2852.00 -239.64 -480.00 2852.00 -320.00 -480.00 2732.00 -241.77 -480.00 2732.00 -320.00 -480.00 2732.00 -241.77 -480.00 2732.00 -320.00 -480.00 2612.00 -243.90 -480.00 2612.00 -320.00 -480.00 3212.00 -233.23 -480.00 3212.00 -320.00 -480.00 3092.00 -234.66 -480.00 3092.00 -320.00 -480.00 2492.00 -320.00 -631.34 2492.00 -248.02 -631.34 2852.00 -182.69 -1320.00 2972.00 -185.00 -1320.00 2912.00 -120.00 -1320.00 2972.00 -120.00 -1320.00 2852.00 -120.00 -1320.00 3332.00 -320.00 -840.00 3332.00 -240.00 -840.00 3332.00 -320.00 -840.00 3332.00 -240.00 -840.00 2742.49 57.51 -781.93 2749.56 106.37 -791.72 2753.74 106.37 -776.50 2742.49 57.51 -781.93 2741.03 106.37 -768.86 2742.49 57.51 -781.93 2730.60 106.37 -777.20 2742.49 57.51 -781.93 2736.80 76.50 -789.14 2755.85 148.68 -801.30 2763.82 234.67 -809.11 2762.40 148.68 -772.59 2773.22 234.67 -769.43 2736.80 76.50 -789.14 2732.93 176.28 -796.21 2729.38 234.67 -802.64 2742.49 57.51 -781.93 2722.00 148.68 -774.39 2711.60 234.67 -774.60 2732.93 176.28 -796.21 2729.38 234.67 -802.64 2742.23 148.68 -760.30 2740.86 234.67 -749.61 2940.50 166.43 -788.16 2934.64 225.48 -786.83 2950.98 166.43 -819.74 2948.37 233.47 -824.50 2965.10 166.43 -767.14 2964.26 230.98 -761.50 2992.32 166.43 -783.81 2997.36 241.11 -781.48 2966.49 20.92 -794.93 2971.77 70.39 -801.96 2974.94 70.39 -790.42 2966.49 20.92 -794.93 2965.31 70.39 -784.63 2966.49 20.92 -794.93 2957.40 70.39 -790.94 2966.49 20.92 -794.93 2960.80 70.39 -802.14 2950.98 166.43 -819.74 2948.37 233.47 -824.50 2984.41 166.43 -817.17 2989.62 245.34 -821.62 2976.37 115.50 -809.08 2981.25 115.50 -787.68 2960.80 70.39 -802.14 2956.93 115.50 -809.21 2966.49 20.92 -794.93 2951.14 115.50 -789.02 2956.93 115.50 -809.21 2966.22 115.50 -778.52 2993.49 64.27 -754.93 2998.77 136.53 -761.96 3001.94 136.53 -750.42 2993.49 64.27 -754.93 2992.31 136.53 -744.63 2993.49 64.27 -754.93 2984.40 136.53 -750.94 2993.49 64.27 -754.93 2987.80 136.53 -762.14 3005.03 185.81 -771.56 3017.09 243.73 -784.66 3010.70 185.81 -746.67 3027.50 243.73 -740.77 2987.80 136.53 -762.14 2982.42 185.81 -771.71 2973.10 243.73 -788.04 2993.49 64.27 -754.93 2975.69 185.81 -748.23 2959.32 243.73 -746.49 2982.42 185.81 -771.71 2973.10 243.73 -788.04 2993.22 185.81 -736.02 2991.69 243.73 -718.84 2900.49 45.15 -988.93 2910.04 124.14 -1002.50 2915.64 124.14 -982.16 2900.49 45.15 -988.93 2898.64 124.14 -971.94 2900.49 45.15 -988.93 2884.70 124.14 -983.08 2900.49 45.15 -988.93 2890.70 124.14 -1002.83 2920.25 177.13 -1017.85 2927.71 241.39 -1023.44 2929.86 177.13 -975.68 2939.71 241.39 -972.83 2890.70 124.14 -1002.83 2881.93 177.13 -1018.10 2877.00 241.39 -1027.33 2900.49 45.15 -988.93 2870.53 177.13 -978.32 2861.11 241.39 -979.43 2881.93 177.13 -1018.10 2877.00 241.39 -1027.33 2900.24 177.13 -957.62 2898.43 241.39 -947.55 2972.00 -320.00 -1080.00 2972.00 -320.00 -1200.00 2852.00 -320.00 -1080.00 2852.00 -320.00 -1200.00 2732.00 -320.00 -840.00 2852.00 -320.00 -840.00 2732.00 -320.00 -960.00 2852.00 -320.00 -960.00 2732.00 -320.00 -720.00 2612.00 -320.00 -720.00 2732.00 -320.00 -600.00 2612.00 -320.00 -600.00 2612.00 -320.00 -960.00 2612.00 -320.00 -840.00 2732.00 -320.00 -960.00 2732.00 -320.00 -840.00 3212.00 -320.00 -600.00 3092.00 -320.00 -600.00 3212.00 -320.00 -480.00 3092.00 -320.00 -480.00 2852.00 -320.00 -840.00 2852.00 -320.00 -720.00 2972.00 -320.00 -840.00 2972.00 -320.00 -720.00 2852.00 -320.00 -480.00 2852.00 -320.00 -600.00 2732.00 -320.00 -480.00 2732.00 -320.00 -600.00 2972.00 -320.00 -960.00 2972.00 -320.00 -840.00 3092.00 -320.00 -960.00 3092.00 -320.00 -840.00 3212.00 -320.00 -840.00 3212.00 -320.00 -720.00 3272.00 -320.00 -840.00 3332.00 -320.00 -780.00 3332.00 -320.00 -720.00 3092.00 -320.00 -840.00 3092.00 -320.00 -720.00 3212.00 -320.00 -840.00 3212.00 -320.00 -720.00 2972.00 -320.00 -840.00 2972.00 -320.00 -720.00 3092.00 -320.00 -840.00 3092.00 -320.00 -720.00 3092.00 -320.00 -480.00 3092.00 -320.00 -600.00 2972.00 -320.00 -480.00 2972.00 -320.00 -600.00 2852.00 -320.00 -600.00 2972.00 -320.00 -600.00 2852.00 -320.00 -720.00 2972.00 -320.00 -720.00 2972.00 -320.00 -960.00 2852.00 -320.00 -960.00 2972.00 -320.00 -840.00 2852.00 -320.00 -840.00 2972.00 -320.00 -1080.00 2972.00 -320.00 -960.00 3092.00 -320.00 -1080.00 3092.00 -320.00 -960.00 3332.00 -320.00 -900.00 3332.00 -320.00 -960.00 3212.00 -320.00 -960.00 3212.00 -320.00 -840.00 3272.00 -320.00 -840.00 3212.00 -320.00 -1080.00 3212.00 -320.00 -960.00 3332.00 -320.00 -1080.00 3332.00 -320.00 -960.00 3092.00 -320.00 -960.00 3092.00 -320.00 -840.00 3212.00 -320.00 -960.00 3212.00 -320.00 -840.00 3092.00 -320.00 -1080.00 3092.00 -320.00 -960.00 3212.00 -320.00 -1080.00 3212.00 -320.00 -960.00 2852.00 -320.00 -1080.00 2972.00 -320.00 -960.00 2612.00 -320.00 -960.00 2732.00 -320.00 -960.00 2612.00 -320.00 -1080.00 2732.00 -320.00 -1080.00 2732.00 -320.00 -1200.00 2732.00 -320.00 -1080.00 2852.00 -320.00 -1200.00 2852.00 -320.00 -1080.00 2612.00 -320.00 -1080.00 2732.00 -320.00 -1080.00 2612.00 -320.00 -1200.00 2732.00 -320.00 -1200.00 2732.00 -320.00 -1080.00 2732.00 -320.00 -960.00 2852.00 -320.00 -960.00 3212.00 -320.00 -720.00 3212.00 -320.00 -600.00 3092.00 -320.00 -600.00 2972.00 -320.00 -480.00 2972.00 -320.00 -600.00 2852.00 -320.00 -480.00 2852.00 -320.00 -600.00 2972.00 -320.00 -600.00 3092.00 -320.00 -600.00 2972.00 -320.00 -720.00 3092.00 -320.00 -720.00 2732.00 -320.00 -600.00 2852.00 -320.00 -600.00 2732.00 -320.00 -720.00 2852.00 -320.00 -720.00 2732.00 -320.00 -480.00 2732.00 -320.00 -600.00 2612.00 -320.00 -480.00 2612.00 -320.00 -600.00 2492.00 -320.00 -900.00 2492.00 -320.00 -840.00 2612.00 -320.00 -840.00 2612.00 -320.00 -600.00 2492.00 -320.00 -631.34 2492.00 -320.00 -600.00 2612.00 -320.00 -840.00 2612.00 -320.00 -720.00 2492.00 -320.00 -780.00 2612.00 -320.00 -840.00 2492.00 -320.00 -840.00 2492.00 -320.00 -960.00 2612.00 -320.00 -960.00 2492.00 -320.00 -720.00 2612.00 -320.00 -720.00 2612.00 -320.00 -720.00 2492.00 -320.00 -720.00 3332.00 -320.00 -840.00 3332.00 -320.00 -840.00 2352.00 -250.00 -870.00 2352.00 -250.00 -810.00 2352.00 -734.81 -1468.01 2352.00 -734.81 -211.99 2352.00 -150.00 -810.00 2352.00 331.24 -211.99 2352.00 -150.00 -870.00 2352.00 331.24 -1468.01 </float_array>
                    <technique_common>
                        <accessor source="#geom-03A3CA4D-pos-array" count="1854" stride="3">
                            <param name="X" type="float" />
                            <param name="Y" type="float" />
                            <param name="Z" type="float" />
                        </accessor>
                    </technique_common>
                </source>
                <source id="geom-03A3CA4D-texcoord">
                    <float_array id="geom-03A3CA4D-texcoord-array" count="3708">0.99 0.00 0.76 0.00 0.99 -1.00 0.76 -1.00 1.76 0.02 1.99 0.02 1.76 0.98 1.99 0.98 0.99 1.00 0.76 1.00 0.99 0.00 0.76 0.00 0.50 0.02 0.50 0.98 0.26 0.02 0.26 0.98 0.74 0.00 0.74 1.00 0.51 0.00 0.51 1.00 0.74 0.00 0.51 0.00 0.74 1.00 0.51 1.00 0.24 0.50 0.24 0.98 0.01 0.50 0.01 0.98 1.76 0.98 1.99 0.98 1.76 0.98 1.84 0.98 1.76 0.02 1.84 0.02 2.99 -0.03 2.91 -0.03 2.99 -0.97 2.91 -0.97 2.76 0.81 2.84 0.81 2.76 0.13 2.84 0.13 2.76 0.81 2.84 0.81 2.76 0.13 2.84 0.13 0.76 1.00 0.99 1.00 2.99 -0.03 2.76 -0.03 2.99 -0.97 2.76 -0.97 0.51 1.00 0.51 0.00 0.74 1.00 0.74 0.00 0.24 0.50 0.01 0.50 0.24 0.98 0.01 0.98 2.76 0.13 2.76 0.81 2.84 0.13 2.84 0.81 0.84 0.00 0.76 0.00 0.84 -1.00 0.76 -1.00 0.50 0.98 0.26 0.98 0.74 1.00 0.74 0.00 0.51 1.00 0.51 0.00 0.91 0.00 0.99 0.00 0.91 1.00 0.99 1.00 0.24 0.02 0.24 0.48 0.01 0.02 0.01 0.48 2.76 -0.03 2.76 -0.97 2.99 -0.03 2.99 -0.97 0.24 0.02 0.01 0.02 0.24 0.48 0.01 0.48 2.76 -0.03 2.76 -0.97 2.84 -0.03 2.84 -0.97 0.76 -1.00 0.99 -1.00 0.91 -1.00 0.99 -1.00 0.84 1.00 0.76 1.00 1.84 0.98 1.76 0.98 2.84 0.81 2.84 0.13 2.76 0.81 2.76 0.13 0.38 0.21 0.02 0.02 0.38 0.02 2.69 1.74 2.69 2.05 2.10 1.74 2.10 2.05 0.42 0.21 0.42 0.02 0.64 0.21 0.64 0.02 0.94 0.21 0.94 0.02 1.20 0.21 1.20 0.02 1.70 1.13 2.00 0.75 2.05 1.13 1.70 0.75 1.70 0.75 1.70 1.13 1.46 0.75 1.70 1.56 1.96 1.46 1.70 1.70 2.38 1.70 2.14 1.60 2.38 1.15 2.10 1.25 0.94 0.02 0.94 0.21 2.10 0.99 2.38 0.80 2.38 1.15 2.38 0.80 2.57 0.97 1.70 0.33 1.91 0.19 1.96 0.49 2.05 0.71 2.10 0.54 2.17 0.31 2.38 0.31 2.57 0.61 2.38 0.54 2.54 0.31 0.94 1.60 1.15 1.67 1.08 1.91 1.18 1.88 2.38 0.24 2.50 0.33 2.38 0.49 2.38 0.75 2.57 0.59 2.38 0.54 2.57 0.75 2.38 1.37 2.38 1.11 2.57 1.37 2.57 1.11 2.69 2.05 2.45 2.36 2.26 2.29 2.57 1.30 2.10 0.54 2.10 0.54 1.70 0.02 1.70 1.32 1.86 0.75 1.86 1.18 1.53 1.48 1.70 1.32 1.70 1.74 1.08 2.31 1.13 2.07 1.18 2.12 1.70 0.97 2.19 1.32 2.19 0.85 2.38 1.11 2.38 0.75 2.57 0.90 0.80 2.24 0.52 2.00 0.71 1.53 1.41 0.02 1.41 0.21 1.20 0.02 1.15 0.35 1.34 0.35 1.15 1.06 1.34 1.20 0.94 1.06 1.15 1.25 1.34 0.35 0.94 0.35 0.71 0.35 0.38 0.21 0.47 0.35 0.38 1.11 0.47 1.11 0.02 1.32 0.38 1.11 2.10 2.05 2.69 2.29 0.52 0.35 0.71 1.30 0.52 1.08 0.71 0.87 0.52 0.35 0.94 0.35 0.02 2.19 0.38 2.19 0.94 1.06 0.94 1.60 2.38 0.02 0.94 0.92 1.77 0.33 1.70 0.52 1.70 0.97 1.34 1.41 1.34 1.72 0.52 1.08 1.70 0.02 0.47 1.88 0.38 2.19 1.70 1.56 1.70 1.70 1.51 1.51 2.38 1.70 2.57 1.58 2.38 0.31 1.51 0.33 1.70 0.33 1.70 0.02 2.69 2.47 2.76 2.19 2.87 2.31 2.69 2.29 2.76 2.19 2.38 0.02 1.39 1.13 2.19 1.32 2.19 0.52 2.38 0.49 1.18 2.12 1.13 2.07 1.70 1.74 1.79 1.44 1.79 1.44 1.11 2.47 0.92 2.12 1.56 1.06 1.70 0.52 1.63 0.45 1.70 0.02 0.94 0.92 1.70 0.38 1.70 0.02 1.84 0.33 1.70 0.99 1.70 0.38 1.88 0.82 1.84 0.33 1.86 1.32 1.70 1.70 1.53 1.13 1.51 1.70 1.58 0.54 1.58 0.54 1.86 1.72 1.86 2.43 1.67 1.91 1.86 2.43 1.86 1.72 2.05 1.91 1.86 2.43 1.86 1.72 2.05 1.91 2.99 2.87 2.62 2.87 2.95 2.52 2.69 2.52 1.67 1.91 1.86 1.72 1.86 2.43 0.92 2.87 1.34 2.87 0.92 2.99 1.34 2.99 2.31 2.52 2.57 2.52 2.21 2.87 2.62 2.87 2.62 2.87 2.99 2.87 2.62 2.99 2.99 2.99 2.21 2.87 2.21 2.99 1.84 2.87 1.84 2.99 2.05 1.91 1.86 2.43 1.86 1.72 0.92 2.52 0.92 2.87 0.59 2.52 0.59 2.87 0.26 2.87 0.26 2.52 0.26 2.87 0.26 2.99 0.02 2.87 0.02 2.99 0.59 2.87 0.59 2.99 1.34 2.52 1.34 2.87 2.12 2.52 2.21 2.87 1.88 2.52 1.84 2.87 1.84 2.87 1.79 2.52 1.86 2.43 1.67 1.91 1.86 1.72 2.05 1.91 1.86 2.43 1.86 1.72 1.46 2.21 1.72 2.21 1.46 2.40 1.65 2.07 1.46 2.03 1.46 1.88 1.65 2.07 1.46 1.88 1.72 2.21 2.73 1.48 2.99 1.41 2.73 1.70 2.99 1.74 2.73 1.13 2.99 1.06 2.73 1.37 2.73 0.97 2.73 0.80 2.99 0.75 2.73 0.35 2.99 0.35 2.73 0.68 2.73 1.74 1.86 2.43 2.05 1.91 1.67 1.91 1.67 1.91 1.86 2.43 2.05 1.91 1.86 2.43 2.05 1.91 1.67 1.91 1.86 2.43 2.05 1.91 1.86 1.72 0.02 2.52 0.02 2.87 2.73 0.02 1.86 1.72 1.67 1.91 1.86 2.43 1.86 2.43 1.67 1.91 1.86 1.72 1.86 2.43 2.05 1.91 1.86 1.72 2.99 2.87 2.95 2.52 2.62 2.87 2.69 2.52 1.67 1.91 1.86 2.43 1.86 1.72 0.92 2.87 0.92 2.99 1.34 2.87 1.34 2.99 2.31 2.52 2.21 2.87 2.57 2.52 2.62 2.87 2.62 2.87 2.62 2.99 2.21 2.87 2.21 2.99 1.84 2.87 1.84 2.99 2.05 1.91 1.86 1.72 1.86 2.43 0.92 2.52 0.59 2.52 0.92 2.87 0.59 2.87 0.26 2.87 0.26 2.52 0.26 2.87 0.26 2.99 0.59 2.87 0.59 2.99 1.34 2.52 1.34 2.87 2.12 2.52 1.88 2.52 2.21 2.87 1.84 2.87 1.84 2.87 1.79 2.52 1.86 2.43 1.86 1.72 1.67 1.91 2.05 1.91 1.86 1.72 1.86 2.43 1.46 2.21 1.46 2.40 1.23 2.21 1.27 2.07 1.46 1.88 1.46 2.03 1.65 2.07 1.72 2.21 1.46 1.88 2.73 1.48 2.73 1.70 2.99 1.41 2.73 1.13 2.73 1.37 2.99 1.06 2.73 0.97 2.73 0.80 2.99 0.75 2.73 0.35 2.73 0.68 2.99 0.35 1.86 2.43 1.67 1.91 2.05 1.91 1.67 1.91 2.05 1.91 1.86 2.43 1.86 2.43 1.67 1.91 2.05 1.91 2.05 1.91 0.02 2.52 0.02 2.87 2.73 0.02 0.38 0.21 0.38 0.02 0.02 0.02 2.69 1.74 2.69 2.05 0.42 0.21 0.64 0.21 0.42 0.02 0.64 0.02 0.94 0.21 1.20 0.21 0.94 0.02 1.20 0.02 1.70 1.13 2.05 1.13 2.00 0.75 1.70 0.75 1.70 0.75 1.46 0.75 1.70 1.13 1.70 1.56 1.70 1.70 1.96 1.46 2.38 1.70 2.38 1.15 2.14 1.60 2.10 1.25 0.94 0.02 0.94 0.21 2.10 0.99 2.38 0.80 2.38 1.15 2.57 0.97 2.38 0.80 1.70 0.33 1.96 0.49 1.91 0.19 2.05 0.71 2.10 0.54 2.38 0.31 2.17 0.31 2.57 0.61 2.54 0.31 2.38 0.54 0.94 1.60 1.08 1.91 1.15 1.67 1.18 1.88 2.38 0.24 2.38 0.49 2.50 0.33 2.38 0.75 2.57 0.59 2.38 0.54 2.57 0.75 2.38 1.37 2.57 1.37 2.38 1.11 2.57 1.11 2.69 2.05 2.26 2.29 2.45 2.36 2.57 1.30 2.10 0.54 2.10 0.54 1.70 0.02 1.70 1.32 1.86 1.18 1.86 0.75 1.53 1.48 1.70 1.74 1.70 1.32 1.08 2.31 1.18 2.12 1.13 2.07 1.70 0.97 2.19 1.32 2.38 1.11 2.19 0.85 2.38 0.75 2.57 0.90 0.80 2.24 0.71 1.53 0.52 2.00 1.41 0.02 1.20 0.02 1.41 0.21 1.15 0.35 1.15 1.06 1.34 0.35 1.34 1.20 0.94 1.06 1.15 1.25 1.34 0.35 0.94 0.35 0.71 0.35 0.38 0.21 0.38 1.11 0.47 0.35 0.47 1.11 0.02 1.32 0.38 1.11 2.69 2.29 0.52 0.35 0.71 1.30 0.71 0.87 0.52 1.08 0.52 0.35 0.94 0.35 0.02 2.19 0.38 2.19 0.94 1.06 0.94 1.60 2.38 0.02 0.94 0.92 1.77 0.33 1.70 0.52 1.70 0.97 1.34 1.41 1.34 1.72 0.52 1.08 1.70 0.02 0.47 1.88 0.38 2.19 1.70 1.56 1.51 1.51 1.70 1.70 2.38 1.70 2.57 1.58 2.38 0.31 1.51 0.33 1.70 0.33 1.70 0.02 2.69 2.47 2.76 2.19 2.69 2.29 2.87 2.31 2.76 2.19 2.38 0.02 1.39 1.13 2.19 1.32 2.19 0.52 2.38 0.49 1.18 2.12 1.13 2.07 1.70 1.74 1.79 1.44 1.79 1.44 1.11 2.47 0.92 2.12 1.56 1.06 1.53 1.48 1.70 0.52 1.63 0.45 1.70 0.02 0.94 0.92 1.70 0.38 1.84 0.33 1.70 0.02 1.70 0.99 1.88 0.82 1.70 0.38 1.84 0.33 1.86 1.32 1.70 1.70 1.53 1.13 1.51 1.70 1.58 0.54 1.58 0.54 1.52 2.99 2.09 2.90 1.52 1.52 2.56 2.56 0.47 2.56 0.95 2.90 0.05 1.52 0.14 2.09 0.47 0.47 0.14 0.95 1.52 0.05 0.95 0.14 2.56 0.47 2.09 0.14 2.99 1.52 2.90 0.95 2.90 2.09 0.17 -0.69 0.17 -1.03 0.00 -0.69 0.00 -1.72 0.17 -1.72 0.30 0.04 1.03 0.34 0.52 -0.69 1.03 -0.69 1.55 -0.69 1.90 -0.69 1.76 0.04 2.07 -0.69 2.07 -1.72 2.07 -2.50 1.89 -1.72 1.81 -2.58 1.03 -1.37 1.03 0.81 2.07 -1.37 2.07 0.81 2.11 -1.38 2.11 0.12 2.99 -1.38 2.99 0.87 2.06 0.74 2.25 1.61 0.00 0.87 0.88 0.12 0.00 -1.38 0.94 0.74 0.88 -1.38 1.50 1.61 1.03 -0.82 1.03 0.60 2.07 -0.82 2.07 0.60 1.03 1.38 2.07 1.38 0.00 -2.76 0.34 -2.84 1.90 -1.03 0.75 1.61 0.00 -0.24 1.03 -0.24 0.00 0.54 1.03 0.54 2.07 0.82 1.03 0.82 2.07 -1.37 1.03 -1.37 1.03 -1.66 2.07 -0.24 2.07 -1.66 0.00 0.60 0.00 -0.82 0.00 1.38 2.07 0.54 1.50 1.49 0.99 1.49 1.50 1.31 0.89 1.31 0.75 0.99 0.01 1.31 2.99 1.31 2.11 1.31 2.25 0.99 2.02 1.49 0.01 0.01 0.01 0.66 1.50 0.66 2.25 0.01 2.99 0.66 2.99 0.01 0.75 0.01 1.50 0.01 0.21 0.43 0.11 0.43 0.21 0.33 0.11 0.33 0.11 0.22 0.21 0.22 0.21 0.43 0.11 0.43 0.21 0.33 0.11 0.33 0.11 0.22 0.21 0.22 0.21 0.22 0.21 0.32 0.11 0.22 0.11 0.32 2.68 -0.68 2.68 -0.60 2.61 -0.68 2.61 -0.60 2.75 -0.60 2.75 -0.68 2.99 -0.60 2.99 -0.68 2.75 -0.76 2.99 -0.76 2.68 -0.72 2.68 -0.76 2.75 -0.52 2.99 -0.52 2.75 -0.44 2.99 -0.44 0.37 -0.01 0.65 -0.01 0.41 0.33 0.62 0.43 0.85 0.34 0.94 -0.01 0.87 -0.43 0.65 -0.43 0.44 -0.43 0.00 0.22 0.21 0.22 0.00 0.43 0.21 0.43 0.00 0.43 0.00 0.33 0.11 0.33 0.11 0.22 0.00 0.22 0.00 0.11 0.11 0.11 0.11 0.43 2.68 -0.52 2.68 -0.47 2.61 -0.52 2.68 -0.44 2.99 0.75 2.25 0.75 2.63 0.01 1.51 0.01 1.51 0.75 0.01 2.25 0.01 1.51 0.75 2.25 0.75 1.51 0.75 2.99 2.99 2.25 2.25 2.99 2.25 2.25 2.99 1.51 2.25 1.51 2.99 1.49 2.25 1.49 2.99 0.75 2.25 0.75 2.07 1.51 1.51 2.25 1.51 1.51 1.49 1.51 0.01 2.99 0.01 1.51 2.99 1.51 2.99 2.99 1.51 2.99 2.99 2.99 1.51 1.51 2.99 1.51 1.49 2.99 0.01 2.99 1.49 1.51 0.01 1.51 2.99 2.25 2.44 1.51 2.99 1.51 1.49 2.25 1.49 2.99 0.01 2.25 0.01 2.99 2.99 2.99 2.07 2.99 2.99 1.51 1.51 1.51 1.50 2.99 0.01 2.99 1.13 2.25 0.01 2.25 1.50 2.99 0.01 2.99 1.50 2.25 0.01 2.25 0.01 2.99 0.01 1.51 0.94 1.51 0.01 2.99 0.01 1.51 1.49 2.99 1.13 1.51 2.99 1.51 2.07 2.07 1.51 1.51 2.99 2.99 1.51 2.99 2.99 1.51 1.51 1.51 1.51 1.51 2.99 1.51 1.51 2.99 2.99 2.99 2.99 1.51 2.99 2.99 1.51 1.51 1.51 2.99 1.49 1.51 0.01 2.99 0.01 1.51 1.49 1.51 1.49 2.24 0.01 1.51 0.01 2.24 1.51 1.51 2.99 2.99 1.51 2.99 1.51 1.51 2.99 2.25 1.51 2.99 2.99 2.99 1.51 1.51 2.99 1.51 2.44 2.07 1.49 1.51 0.94 2.36 0.01 1.51 2.99 1.51 2.51 2.23 1.51 1.51 1.51 2.25 1.51 1.51 2.07 2.44 1.51 2.25 2.99 2.99 1.51 2.99 0.01 2.25 0.01 1.13 1.49 2.25 1.49 1.13 2.99 1.13 1.51 1.13 2.99 0.01 1.51 0.01 1.88 1.13 1.50 2.28 0.56 1.13 0.56 2.25 0.01 2.25 0.01 1.13 1.49 2.25 1.49 1.13 1.50 1.13 2.99 2.25 2.99 1.13 1.49 1.13 0.01 1.13 1.49 0.01 0.01 0.01 1.51 2.25 1.51 1.13 2.99 2.25 2.99 1.13 1.13 1.13 0.01 1.13 1.49 0.01 0.01 0.01 2.99 2.25 1.51 2.25 0.56 2.99 0.01 2.25 0.01 2.99 0.01 2.99 1.49 2.99 2.99 2.99 1.51 2.99 2.99 2.25 1.51 2.25 1.49 2.99 0.01 2.99 2.25 1.49 2.99 1.49 1.88 0.19 1.51 0.75 1.51 0.19 2.99 2.99 1.51 2.99 1.49 2.99 0.01 2.99 1.49 2.25 0.01 2.25 1.51 1.51 2.99 1.51 1.51 2.99 2.99 2.99 2.99 1.13 1.51 1.13 2.99 0.01 1.51 0.01 1.49 1.13 0.01 1.13 1.49 0.01 0.01 0.01 1.51 2.99 1.51 1.51 2.99 2.99 2.99 1.51 2.99 1.13 2.99 0.01 1.88 0.01 2.99 2.25 2.99 2.99 1.50 2.99 1.49 2.99 0.01 2.99 1.49 1.51 0.01 1.51 1.51 2.99 1.51 1.51 2.99 2.99 2.99 1.51 0.01 2.99 0.01 1.51 1.49 2.99 1.49 1.51 1.51 2.99 1.51 1.51 2.99 2.99 2.99 1.51 1.49 0.01 0.01 0.01 0.56 0.01 2.99 0.01 1.51 0.01 1.13 0.01 0.01 0.01 1.50 0.01 0.01 0.01 0.01 1.13 0.01 1.51 1.49 1.51 0.01 2.99 1.49 2.99 2.99 0.01 2.99 2.99 1.49 2.99 0.01 2.99 1.49 1.51 0.01 1.51 1.50 2.25 0.01 2.99 0.01 1.51 1.49 2.99 1.49 1.51 1.51 1.51 2.99 1.51 1.51 2.99 2.99 2.99 2.99 0.01 2.99 0.01 0.01 2.99 0.01 2.25 1.49 2.99 1.49 2.25 1.49 1.51 1.51 1.49 1.49 2.99 1.51 2.25 1.51 2.99 1.51 1.51 1.51 1.49 2.99 2.99 1.51 2.99 1.51 1.51 1.51 2.99 1.51 1.51 2.63 2.99 1.49 2.99 1.51 2.99 1.51 1.51 2.63 2.99 2.63 1.51 1.49 1.51 0.01 1.51 2.63 2.07 2.99 1.51 0.01 1.51 1.49 1.51 0.01 2.99 1.49 2.99 1.51 2.99 1.51 1.51 2.99 2.99 2.99 1.51 2.99 2.99 2.99 1.51 1.51 2.99 2.99 2.99 2.07 2.25 1.51 2.99 1.51 1.51 0.01 2.99 1.49 2.25 1.49 2.99 1.51 2.99 1.49 1.51 0.01 1.51 2.99 2.99 1.51 1.51 0.01 2.99 0.01 1.51 1.49 2.99 1.49 1.51 1.51 2.99 1.51 1.51 2.07 2.07 2.99 1.51 2.99 1.51 2.99 2.99 2.99 1.51 2.63 2.25 1.51 2.99 1.51 1.51 1.49 2.99 0.94 1.51 1.49 1.51 2.99 1.51 2.63 2.99 2.44 2.99 2.99 2.99 0.38 1.51 1.49 1.51 0.38 2.99 1.49 2.99 2.44 2.99 1.51 1.51 2.99 1.51 1.51 1.51 2.99 1.51 1.88 2.07 1.51 2.99 2.99 2.99 1.88 2.99 2.99 1.51 2.99 2.99 1.51 1.51 1.51 2.99 1.51 1.51 2.99 1.51 1.51 2.99 2.99 2.99 1.51 2.99 2.99 2.99 0.01 2.99 0.01 1.51 1.49 2.99 1.49 1.51 1.51 2.99 1.51 1.51 2.99 2.99 2.99 1.51 1.51 1.51 2.99 1.51 1.51 2.25 2.99 2.99 1.51 2.99 1.51 1.51 2.99 2.99 2.99 1.51 0.01 1.51 1.49 1.51 0.01 2.99 1.49 2.99 1.51 1.51 2.99 1.51 1.51 2.99 2.99 2.99 2.99 1.51 2.99 2.99 1.51 1.51 1.51 2.99 2.99 1.51 2.99 2.25 1.51 1.51 1.51 2.99 0.01 2.99 0.01 1.51 1.49 2.99 1.49 1.51 0.01 2.99 0.01 1.51 0.75 1.51 0.01 1.51 1.49 1.51 0.01 2.99 1.49 2.99 1.49 1.51 1.49 2.99 0.01 1.51 0.01 2.99 1.49 2.99 0.01 2.99 1.49 1.51 0.01 1.51 1.51 2.99 1.51 1.51 2.99 2.99 2.99 1.51 0.01 2.99 0.01 1.51 1.49 2.99 1.49 1.51 0.56 1.51 1.49 1.51 1.49 2.99 1.51 2.99 1.51 1.51 2.25 2.99 2.99 1.51 2.99 1.51 2.99 1.51 1.51 1.51 2.99 1.51 1.49 2.99 1.51 1.51 2.99 1.51 1.51 2.99 2.44 2.07 2.99 1.51 2.99 2.99 1.51 1.51 2.99 2.99 0.34 -0.83 0.31 -0.39 0.14 -0.59 0.94 -2.66 0.92 -2.63 0.89 -2.65 0.88 -2.62 0.83 -2.70 0.81 -2.63 1.00 -2.64 0.97 -2.61 0.94 -2.55 0.90 -2.58 0.82 -2.58 0.85 -2.55 0.88 -2.53 0.90 -2.50 1.00 -2.39 1.07 -2.54 0.71 -2.50 0.74 -2.48 0.71 -2.46 0.75 -2.51 0.71 -2.53 0.76 -2.56 0.79 -2.45 0.74 -2.44 0.85 -2.46 0.80 -2.51 0.79 -2.56 0.90 -2.34 0.83 -2.35 0.78 -2.39 0.58 -0.31 0.24 0.27 0.00 -0.32 0.04 0.08 0.51 0.24 0.72 -0.10 2.22 -2.12 2.09 -2.09 2.21 -2.18 2.08 -2.21 2.22 -2.05 2.14 -1.99 1.37 -2.74 1.30 -2.73 1.30 -2.84 1.27 -2.84 1.16 -2.70 1.22 -2.84 0.50 -2.21 0.67 -2.21 0.61 -2.09 0.44 -2.08 0.39 -2.20 1.68 -1.25 1.92 -1.37 1.91 -1.15 0.79 -0.65 0.78 -0.38 0.71 -1.05 0.87 -1.45 1.01 -1.37 0.87 -1.00 1.08 -1.01 0.93 -0.78 0.38 -1.49 0.74 -1.50 0.65 -1.66 0.42 -1.68 0.68 -1.89 0.52 -1.88 0.81 -1.75 0.94 -1.61 1.10 -1.29 1.25 -1.18 1.17 -1.60 1.35 -1.57 1.62 -1.04 1.40 -1.10 1.51 -1.34 1.78 -1.07 1.86 -2.14 1.93 -2.31 1.90 -1.95 1.64 -1.95 1.61 -2.21 1.44 -2.01 1.97 -1.89 1.87 -1.72 1.74 -1.78 1.64 -1.47 1.83 -1.57 1.65 -1.64 1.47 -1.79 1.23 -1.82 1.03 -1.73 0.91 -1.83 1.06 -1.92 1.21 -2.06 0.90 -2.10 1.39 -2.58 1.23 -2.52 1.45 -2.37 1.35 -2.13 1.23 -2.34 1.63 -2.51 1.81 -2.43 1.67 -2.39 1.77 -2.31 0.65 -2.39 0.81 -2.28 1.09 -2.22 1.91 -1.03 1.88 -0.89 1.74 -0.95 0.32 -2.31 0.42 -2.33 0.53 -2.33 0.68 -2.31 0.53 -2.33 1.09 -2.63 1.50 -2.63 1.25 -2.99 2.35 -2.14 0.71 -1.05 0.02 0.00 0.02 -2.49 1.87 -2.47 0.00 -2.99 1.87 -2.99 0.00 -0.43 1.87 -0.43 0.02 1.46 1.87 1.46 0.02 0.00 1.87 -2.47 0.02 1.48 1.87 1.48 0.02 -2.49 1.51 1.88 1.88 1.88 1.88 2.24 1.88 2.26 2.24 2.26 1.88 2.63 2.24 1.88 1.88 1.88 2.24 1.51 1.88 1.51 2.24 1.88 1.88 1.88 2.24 1.51 1.88 1.88 1.88 1.51 2.24 1.88 2.24 1.51 2.24 1.88 2.24 1.51 1.88 1.51 1.51 2.99 1.88 2.99 2.24 2.63 2.24 2.99 1.51 1.88 1.88 2.24 1.51 2.24 1.51 2.26 1.51 2.63 1.51 1.88 1.88 2.24 1.51 2.24 1.51 1.88 1.51 1.51 2.24 2.24 1.51 1.51 1.88 1.51 1.51 1.51 1.88 2.24 2.24 2.24 2.24 2.24 1.51 2.24 1.51 2.24 2.24 2.24 1.51 1.51 1.51 1.88 1.88 1.88 1.88 2.24 1.88 2.26 2.24 2.26 1.88 2.63 2.24 1.88 1.88 1.88 2.24 1.51 1.88 1.51 2.24 1.88 1.88 1.88 2.24 1.51 1.88 1.88 1.88 1.51 2.24 1.88 2.24 1.51 2.24 1.88 2.24 1.51 1.88 1.51 1.51 2.99 1.88 2.99 2.24 2.63 2.24 2.99 1.51 1.88 1.88 2.24 1.51 2.24 1.51 2.26 1.51 2.63 1.51 1.88 1.88 2.24 1.51 2.24 1.51 1.88 1.51 1.51 2.24 2.24 1.51 1.51 1.88 1.51 1.51 1.51 1.88 2.24 2.24 2.24 2.24 2.24 1.51 2.24 1.51 2.24 2.24 2.24 1.51 1.51 1.51 0.74 1.51 0.01 2.99 0.74 2.99 0.01 2.25 0.76 2.25 1.49 1.51 0.76 1.51 1.49 2.99 0.01 2.99 0.74 1.51 0.01 1.51 0.74 1.51 0.01 2.25 0.01 1.51 0.74 2.25 0.74 2.99 0.74 2.99 0.01 1.51 0.01 2.99 0.01 1.51 0.74 2.99 0.74 1.51 0.74 1.51 0.01 2.99 0.74 2.99 0.01 1.51 0.01 2.99 0.01 1.51 0.74 2.99 0.74 1.51 1.49 1.51 0.76 1.88 1.49 0.01 1.49 0.01 0.01 1.49 1.49 1.49 0.01 0.01 1.49 0.01 0.01 1.49 1.49 1.49 0.01 0.01 1.49 0.01 0.01 1.49 1.49 1.49 0.01 1.49 1.49 0.01 1.49 1.49 0.01 0.01 0.01 0.01 0.01 1.49 0.01 0.01 1.49 1.49 1.49 0.01 0.01 1.49 0.01 0.01 1.49 1.49 1.49 0.01 0.01 1.49 0.01 0.01 1.49 1.49 1.49 0.01 0.01 1.49 0.01 0.01 1.49 1.49 1.49 0.01 0.01 1.49 0.01 0.01 1.49 1.49 1.49 0.01 1.49 0.01 0.01 1.49 1.49 1.49 0.01 0.01 0.01 1.49 0.01 0.01 1.49 1.49 1.49 0.01 0.01 1.49 0.01 0.01 1.49 1.49 1.49 1.49 1.51 1.49 2.99 0.01 1.51 0.01 2.99 2.25 0.76 2.99 0.76 2.25 1.49 2.99 1.49 0.01 1.49 0.01 0.01 1.49 1.49 1.49 0.01 0.01 1.49 0.01 0.01 1.49 1.49 0.01 1.49 0.01 0.01 1.49 1.49 0.01 1.49 1.49 1.49 1.49 0.01 0.01 1.49 1.49 1.49 0.01 1.49 1.49 1.49 1.49 0.01 0.01 1.49 0.01 0.01 1.49 1.49 0.01 1.49 1.49 1.49 2.63 1.49 2.25 1.49 2.25 0.76 2.99 1.49 2.99 0.76 2.99 0.01 2.99 0.74 1.51 0.01 1.51 0.74 2.99 0.01 2.99 0.74 1.51 0.01 1.51 0.74 2.99 0.74 1.51 0.74 2.99 0.01 1.51 0.01 2.99 0.74 1.51 0.74 2.99 0.01 1.51 0.01 0.01 1.49 1.49 1.49 1.49 0.01 0.01 0.01 1.49 0.01 0.01 1.49 1.49 1.49 0.01 1.49 1.49 1.49 0.01 1.49 1.49 1.49 1.49 0.01 0.01 1.49 0.01 0.01 1.49 1.49 0.01 0.01 1.49 0.01 0.01 1.49 1.49 1.49 0.01 1.49 0.01 0.01 1.49 1.49 1.49 1.49 0.01 1.49 1.49 0.01 2.44 0.74 2.44 0.01 2.99 0.74 2.99 0.01 1.51 0.74 1.51 0.01 2.99 0.74 2.99 0.01 1.51 0.74 1.51 0.01 2.99 0.74 2.99 0.01 1.51 0.74 1.51 0.01 2.99 0.74 2.99 0.01 1.51 0.74 1.51 0.01 2.99 0.74 2.99 0.01 1.51 0.74 1.51 0.01 2.99 0.74 2.99 0.01 1.51 0.74 1.51 0.01 2.99 0.74 2.99 0.01 1.51 0.01 1.51 0.74 1.51 0.76 2.99 0.76 2.25 1.49 2.99 1.49 1.51 1.49 1.51 0.76 1.51 1.49 2.99 0.76 2.99 1.49 2.76 1.51 2.84 1.88 2.70 1.88 2.63 1.51 2.53 1.88 2.46 1.51 2.39 1.88 2.32 1.55 2.26 1.88 2.84 2.26 2.84 2.64 2.70 2.26 2.70 2.64 2.99 1.88 2.99 2.26 2.99 2.64 2.92 1.51 2.39 2.26 2.39 2.64 2.26 2.26 2.26 2.64 2.53 2.26 2.53 2.64 2.39 2.64 2.39 2.97 2.26 2.64 2.26 2.98 2.53 2.64 2.53 2.98 2.70 2.64 2.70 2.99 2.76 1.51 2.84 1.88 2.70 1.88 2.63 1.51 2.53 1.88 2.46 1.51 2.39 1.88 2.32 1.55 2.26 1.88 2.99 2.64 2.99 2.98 2.84 2.64 2.84 2.99 2.84 2.26 2.70 2.26 2.99 1.88 2.99 2.26 2.92 1.51 2.39 2.26 2.26 2.26 2.53 2.26 2.76 1.51 2.84 1.88 2.70 1.88 2.63 1.51 2.53 1.88 2.46 1.51 2.39 1.88 2.32 1.55 2.26 1.88 2.84 2.26 2.84 2.64 2.70 2.26 2.70 2.64 2.99 1.88 2.99 2.26 2.99 2.64 2.92 1.51 2.39 2.26 2.39 2.64 2.26 2.26 2.26 2.64 2.53 2.26 2.53 2.64 2.76 1.51 2.84 1.88 2.70 1.88 2.63 1.51 2.53 1.88 2.46 1.51 2.39 1.88 2.32 1.55 2.26 1.88 2.84 2.26 2.84 2.64 2.70 2.26 2.70 2.64 2.99 1.88 2.99 2.26 2.99 2.64 2.92 1.51 2.39 2.26 2.39 2.64 2.26 2.26 2.26 2.64 2.53 2.26 2.53 2.64 1.49 1.49 0.01 1.49 1.49 0.01 0.01 0.01 1.49 2.99 0.01 2.99 1.49 1.51 0.01 1.51 1.49 1.49 0.01 1.49 1.49 0.01 0.01 0.01 1.49 1.49 0.01 1.49 1.49 0.01 0.01 0.01 1.51 2.99 1.51 1.51 2.99 2.99 2.99 1.51 1.49 2.99 0.01 2.99 1.49 1.51 0.01 1.51 2.99 1.49 1.51 1.49 2.99 0.01 1.51 0.01 1.49 2.99 0.01 2.99 1.49 1.51 0.01 1.51 1.51 1.49 1.51 0.01 2.25 1.49 2.99 0.75 2.99 0.01 1.49 2.99 0.01 2.99 1.49 1.51 0.01 1.51 1.49 1.49 0.01 1.49 1.49 0.01 0.01 0.01 2.99 1.49 1.51 1.49 2.99 0.01 1.51 0.01 1.49 1.49 0.01 1.49 1.49 0.01 0.01 0.01 1.49 1.49 0.01 1.49 1.49 0.01 0.01 0.01 1.49 2.99 0.01 2.99 1.49 1.51 0.01 1.51 2.99 2.25 2.99 2.99 1.51 2.99 1.51 1.51 2.25 1.51 1.51 2.99 1.51 1.51 2.99 2.99 2.99 1.51 1.49 1.49 0.01 1.49 1.49 0.01 0.01 0.01 1.49 2.99 0.01 2.99 1.49 1.51 0.01 1.51 0.01 2.99 1.49 1.51 1.49 2.99 0.01 2.99 1.49 1.51 0.01 1.51 2.99 2.99 1.51 2.99 2.99 1.51 1.51 1.51 1.51 2.99 1.51 1.51 2.99 2.99 2.99 1.51 1.49 1.49 0.01 1.49 0.01 0.01 1.49 2.99 1.49 1.51 0.01 1.51 2.99 2.99 1.51 2.99 2.99 1.51 1.51 1.51 1.49 2.99 0.01 2.99 1.49 1.51 0.01 1.51 1.49 2.99 0.01 2.99 1.49 1.51 0.01 1.51 2.99 2.99 1.51 2.99 2.99 1.51 1.51 1.51 2.99 2.25 2.99 2.99 1.51 2.99 1.51 2.99 2.99 2.63 2.99 2.99 0.01 2.99 0.01 1.51 2.99 0.75 1.51 0.01 2.99 0.01 2.99 1.51 1.51 1.51 2.99 1.49 1.51 1.49 1.51 1.51 2.99 1.51 2.99 1.49 2.99 1.51 1.57 1.38 1.42 1.38 2.99 0.23 0.00 0.23 1.42 1.62 0.00 2.77 1.57 1.62 2.99 2.77 </float_array>
                    <technique_common>
                        <accessor source="#geom-03A3CA4D-texcoord-array" count="1854" stride="2">
                            <param name="S" type="float" />
                            <param name="T" type="float" />
                        </accessor>
                    </technique_common>
                </source>
                <source id="geom-03A3CA4D-colors">
                    <float_array id="geom-03A3CA4D-colors-array" count="7316">0.08 0.06 0.15 1.00 0.32 0.62 1.00 1.00 0.08 0.06 0.15 1.00 0.15 0.33 0.96 1.00 0.27 0.58 1.00 1.00 0.08 0.06 0.15 1.00 0.46 0.80 1.00 1.00 0.08 0.06 0.15 1.00 0.46 0.80 1.00 1.00 0.08 0.06 0.15 1.00 0.33 0.63 1.00 1.00 0.08 0.06 0.15 1.00 0.27 0.58 1.00 1.00 0.46 0.80 1.00 1.00 0.16 0.31 0.78 1.00 0.08 0.18 0.49 1.00 0.15 0.33 0.96 1.00 0.32 0.62 1.00 1.00 0.05 0.13 0.40 1.00 0.12 0.25 0.68 1.00 0.16 0.36 1.00 1.00 0.04 0.12 0.36 1.00 0.33 0.63 1.00 1.00 0.10 0.23 0.61 1.00 0.47 0.82 1.00 1.00 0.08 0.18 0.49 1.00 0.05 0.15 0.43 1.00 0.16 0.31 0.75 1.00 0.47 0.82 1.00 1.00 0.08 0.06 0.15 1.00 0.08 0.18 0.49 1.00 0.13 0.25 0.64 1.00 0.16 0.31 0.78 1.00 0.16 0.31 0.78 1.00 0.05 0.13 0.40 1.00 0.01 0.07 0.28 1.00 0.09 0.19 0.53 1.00 0.00 0.05 0.25 1.00 0.05 0.13 0.38 1.00 0.08 0.17 0.47 1.00 0.15 0.29 0.69 1.00 0.10 0.21 0.55 1.00 0.08 0.18 0.49 1.00 0.13 0.26 0.66 1.00 0.16 0.31 0.75 1.00 0.11 0.23 0.58 1.00 0.47 0.82 1.00 1.00 0.08 0.06 0.15 1.00 0.16 0.36 1.00 1.00 0.08 0.06 0.15 1.00 0.14 0.34 0.97 1.00 0.08 0.06 0.15 1.00 0.05 0.15 0.43 1.00 0.12 0.25 0.68 1.00 0.47 0.82 1.00 1.00 0.32 0.62 1.00 1.00 0.46 0.80 1.00 1.00 0.05 0.13 0.38 1.00 0.08 0.18 0.49 1.00 0.15 0.29 0.69 1.00 0.05 0.15 0.43 1.00 0.16 0.31 0.75 1.00 0.09 0.19 0.50 1.00 0.11 0.23 0.58 1.00 0.03 0.10 0.33 1.00 0.10 0.23 0.61 1.00 0.01 0.07 0.27 1.00 0.04 0.12 0.36 1.00 0.47 0.82 1.00 1.00 0.08 0.18 0.49 1.00 0.46 0.80 1.00 1.00 0.33 0.63 1.00 1.00 0.05 0.13 0.38 1.00 0.10 0.23 0.61 1.00 0.04 0.11 0.34 1.00 0.12 0.25 0.68 1.00 0.09 0.19 0.50 1.00 0.05 0.15 0.43 1.00 0.14 0.33 0.97 1.00 0.15 0.33 0.96 1.00 0.09 0.19 0.53 1.00 0.05 0.13 0.40 1.00 0.15 0.33 0.96 1.00 0.14 0.33 0.97 1.00 0.08 0.06 0.15 1.00 0.08 0.06 0.15 1.00 0.14 0.34 0.97 1.00 0.07 0.17 0.49 1.00 0.16 0.36 1.00 1.00 0.04 0.12 0.36 1.00 0.04 0.12 0.36 1.00 0.07 0.17 0.49 1.00 0.01 0.07 0.27 1.00 0.00 0.05 0.25 1.00 0.08 0.06 0.15 1.00 0.16 0.36 1.00 1.00 0.01 0.07 0.28 1.00 0.05 0.13 0.40 1.00 0.08 0.17 0.47 1.00 0.05 0.13 0.38 1.00 0.13 0.26 0.66 1.00 0.08 0.18 0.49 1.00 0.10 0.21 0.55 1.00 0.13 0.25 0.64 1.00 0.15 0.29 0.69 1.00 0.08 0.18 0.49 1.00 0.05 0.18 0.48 1.00 0.08 0.06 0.15 1.00 0.01 0.13 0.39 1.00 0.08 0.06 0.15 1.00 0.11 0.24 0.56 1.00 0.08 0.06 0.15 1.00 0.00 0.12 0.35 1.00 0.05 0.18 0.48 1.00 0.01 0.13 0.39 1.00 0.12 0.26 0.61 1.00 0.08 0.21 0.51 1.00 0.37 0.63 1.00 1.00 0.11 0.24 0.58 1.00 0.10 0.23 0.57 1.00 0.06 0.17 0.49 1.00 0.40 0.63 1.00 1.00 0.20 0.34 0.82 1.00 0.05 0.19 0.47 1.00 0.42 0.73 1.00 1.00 0.42 0.73 1.00 1.00 0.40 0.63 1.00 1.00 0.26 0.39 0.94 1.00 0.17 0.32 0.75 1.00 0.08 0.21 0.53 1.00 0.28 0.40 1.00 1.00 0.10 0.23 0.57 1.00 0.05 0.19 0.47 1.00 0.36 0.73 1.00 1.00 0.20 0.34 0.82 1.00 0.11 0.24 0.58 1.00 0.37 0.63 1.00 1.00 0.28 0.42 1.00 1.00 0.40 0.73 1.00 1.00 0.36 0.73 1.00 1.00 0.40 0.73 1.00 1.00 0.12 0.24 0.60 1.00 0.42 0.73 1.00 1.00 0.15 0.28 0.64 1.00 0.28 0.42 1.00 1.00 0.15 0.28 0.64 1.00 0.12 0.25 0.61 1.00 0.11 0.24 0.56 1.00 0.13 0.25 0.60 1.00 0.16 0.29 0.67 1.00 0.37 0.64 1.00 1.00 0.16 0.31 0.71 1.00 0.38 0.74 1.00 1.00 0.12 0.25 0.61 1.00 0.18 0.30 0.73 1.00 0.13 0.26 0.64 1.00 0.12 0.25 0.61 1.00 0.09 0.21 0.53 1.00 0.09 0.22 0.55 1.00 0.20 0.43 1.00 1.00 0.08 0.21 0.52 1.00 0.37 0.64 1.00 1.00 0.15 0.27 0.65 1.00 0.07 0.14 0.36 1.00 0.05 0.18 0.47 1.00 0.20 0.17 0.17 1.00 0.00 0.13 0.37 1.00 0.11 0.24 0.56 1.00 0.12 0.24 0.60 1.00 0.11 0.24 0.56 1.00 0.00 0.13 0.35 1.00 0.13 0.25 0.62 1.00 0.13 0.26 0.62 1.00 0.12 0.25 0.62 1.00 0.22 0.34 0.82 1.00 0.38 0.74 1.00 1.00 0.18 0.30 0.73 1.00 0.10 0.18 0.42 1.00 0.22 0.34 0.82 1.00 0.05 0.11 0.27 1.00 0.12 0.25 0.62 1.00 0.18 0.30 0.73 1.00 0.13 0.26 0.64 1.00 0.17 0.28 0.69 1.00 0.07 0.15 0.37 1.00 0.12 0.25 0.62 1.00 0.05 0.18 0.47 1.00 0.20 0.43 1.00 1.00 0.07 0.21 0.51 1.00 0.16 0.31 0.71 1.00 0.10 0.22 0.55 1.00 0.16 0.27 0.65 1.00 0.03 0.16 0.42 1.00 0.06 0.19 0.49 1.00 0.06 0.17 0.49 1.00 0.11 0.24 0.60 1.00 0.08 0.21 0.53 1.00 0.10 0.23 0.55 1.00 0.05 0.18 0.48 1.00 0.16 0.29 0.70 1.00 0.11 0.24 0.58 1.00 0.08 0.21 0.53 1.00 0.15 0.27 0.67 1.00 0.14 0.25 0.63 1.00 0.05 0.18 0.48 1.00 0.14 0.27 0.62 1.00 0.11 0.22 0.56 1.00 0.15 0.26 0.64 1.00 0.08 0.06 0.15 1.00 0.11 0.22 0.56 1.00 0.00 0.12 0.35 1.00 0.15 0.29 0.67 1.00 0.14 0.27 0.62 1.00 0.12 0.25 0.60 1.00 0.15 0.26 0.64 1.00 0.13 0.25 0.62 1.00 0.14 0.27 0.62 1.00 0.15 0.27 0.67 1.00 0.08 0.06 0.15 1.00 0.11 0.24 0.56 1.00 0.16 0.29 0.70 1.00 0.38 0.74 1.00 1.00 0.10 0.22 0.55 1.00 0.16 0.29 0.69 1.00 0.12 0.25 0.60 1.00 0.14 0.26 0.63 1.00 0.17 0.28 0.69 1.00 0.07 0.20 0.50 1.00 0.09 0.21 0.53 1.00 0.15 0.26 0.64 1.00 0.15 0.26 0.64 1.00 0.10 0.22 0.55 1.00 0.11 0.24 0.56 1.00 0.25 0.38 0.94 1.00 0.28 0.40 1.00 1.00 0.19 0.34 0.78 1.00 0.10 0.23 0.57 1.00 0.05 0.18 0.46 1.00 0.13 0.25 0.60 1.00 0.20 0.34 0.78 1.00 0.42 0.73 1.00 1.00 0.12 0.25 0.62 1.00 0.20 0.34 0.78 1.00 0.13 0.26 0.62 1.00 0.15 0.28 0.64 1.00 0.12 0.25 0.62 1.00 0.12 0.25 0.61 1.00 0.10 0.22 0.55 1.00 0.13 0.25 0.64 1.00 0.08 0.16 0.39 1.00 0.12 0.25 0.62 1.00 0.09 0.22 0.55 1.00 0.15 0.27 0.66 1.00 0.18 0.30 0.74 1.00 0.05 0.11 0.27 1.00 0.15 0.25 0.61 1.00 0.15 0.25 0.62 1.00 0.16 0.29 0.67 1.00 0.19 0.32 0.77 1.00 0.19 0.32 0.77 1.00 0.14 0.26 0.63 1.00 0.16 0.27 0.65 1.00 0.15 0.26 0.64 1.00 0.16 0.29 0.69 1.00 0.36 0.75 1.00 1.00 0.13 0.25 0.62 1.00 0.16 0.29 0.69 1.00 0.11 0.24 0.57 1.00 0.36 0.75 1.00 1.00 0.10 0.23 0.55 1.00 0.16 0.29 0.69 1.00 0.05 0.18 0.48 1.00 0.06 0.19 0.49 1.00 0.11 0.24 0.58 1.00 0.07 0.20 0.50 1.00 0.16 0.29 0.70 1.00 0.16 0.29 0.70 1.00 0.29 0.40 1.00 1.00 0.00 0.12 0.35 1.00 0.05 0.17 0.47 1.00 0.00 0.12 0.35 1.00 0.30 0.41 1.00 1.00 0.07 0.21 0.51 1.00 0.00 0.12 0.35 1.00 0.30 0.40 1.00 1.00 0.05 0.18 0.48 1.00 0.30 0.41 1.00 1.00 0.30 0.40 1.00 1.00 0.07 0.21 0.51 1.00 0.04 0.16 0.44 1.00 0.04 0.16 0.44 1.00 0.30 0.40 1.00 1.00 0.00 0.12 0.35 1.00 0.28 0.44 1.00 1.00 0.30 0.44 1.00 1.00 0.00 0.41 1.00 1.00 0.01 0.35 1.00 1.00 0.05 0.17 0.47 1.00 0.05 0.18 0.48 1.00 0.29 0.40 1.00 1.00 0.30 0.40 1.00 1.00 0.30 0.40 1.00 1.00 0.30 0.41 1.00 1.00 0.02 0.35 1.00 1.00 0.01 0.35 1.00 1.00 0.29 0.40 1.00 1.00 0.02 0.33 1.00 1.00 0.30 0.43 1.00 1.00 0.02 0.35 1.00 1.00 0.03 0.16 0.43 1.00 0.00 0.12 0.35 1.00 0.29 0.40 1.00 1.00 0.26 0.39 0.94 1.00 0.28 0.44 1.00 1.00 0.20 0.34 0.78 1.00 0.25 0.38 0.92 1.00 0.18 0.32 0.75 1.00 0.12 0.24 0.60 1.00 0.18 0.32 0.75 1.00 0.00 0.41 1.00 1.00 0.22 0.34 0.82 1.00 0.00 0.39 1.00 1.00 0.25 0.38 0.92 1.00 0.00 0.36 1.00 1.00 0.27 0.42 1.00 1.00 0.30 0.44 1.00 1.00 0.03 0.16 0.43 1.00 0.29 0.40 1.00 1.00 0.05 0.18 0.47 1.00 0.30 0.43 1.00 1.00 0.30 0.43 1.00 1.00 0.01 0.14 0.40 1.00 0.00 0.13 0.36 1.00 0.05 0.18 0.47 1.00 0.30 0.43 1.00 1.00 0.01 0.14 0.40 1.00 0.00 0.13 0.36 1.00 0.30 0.43 1.00 1.00 0.37 0.62 1.00 1.00 0.11 0.24 0.56 1.00 0.22 0.34 0.82 1.00 0.02 0.16 0.42 1.00 0.13 0.58 0.95 1.00 0.00 0.12 0.35 1.00 0.02 0.16 0.42 1.00 0.00 0.12 0.35 1.00 0.11 0.24 0.56 1.00 0.04 0.16 0.44 1.00 0.04 0.16 0.45 1.00 0.07 0.21 0.51 1.00 0.02 0.16 0.41 1.00 0.05 0.17 0.47 1.00 0.04 0.18 0.45 1.00 0.05 0.18 0.48 1.00 0.03 0.16 0.43 1.00 0.05 0.18 0.47 1.00 0.03 0.16 0.43 1.00 0.27 0.42 1.00 1.00 0.13 0.25 0.64 1.00 0.01 0.14 0.40 1.00 0.00 0.12 0.35 1.00 0.00 0.13 0.36 1.00 0.01 0.14 0.40 1.00 0.05 0.18 0.47 1.00 0.05 0.17 0.47 1.00 0.00 0.12 0.35 1.00 0.03 0.16 0.43 1.00 0.00 0.12 0.35 1.00 0.05 0.18 0.48 1.00 0.04 0.16 0.44 1.00 0.00 0.12 0.35 1.00 0.07 0.21 0.51 1.00 0.00 0.12 0.35 1.00 0.11 0.24 0.56 1.00 0.22 0.34 0.82 1.00 0.26 0.39 0.94 1.00 0.29 0.40 1.00 1.00 0.05 0.17 0.47 1.00 0.00 0.12 0.35 1.00 0.00 0.12 0.35 1.00 0.07 0.21 0.51 1.00 0.30 0.41 1.00 1.00 0.00 0.12 0.35 1.00 0.05 0.18 0.48 1.00 0.30 0.40 1.00 1.00 0.30 0.41 1.00 1.00 0.07 0.21 0.51 1.00 0.30 0.40 1.00 1.00 0.04 0.16 0.44 1.00 0.04 0.16 0.44 1.00 0.00 0.12 0.35 1.00 0.30 0.40 1.00 1.00 0.28 0.44 1.00 1.00 0.00 0.41 1.00 1.00 0.30 0.44 1.00 1.00 0.01 0.35 1.00 1.00 0.05 0.17 0.47 1.00 0.29 0.40 1.00 1.00 0.05 0.18 0.48 1.00 0.30 0.40 1.00 1.00 0.30 0.40 1.00 1.00 0.02 0.35 1.00 1.00 0.29 0.40 1.00 1.00 0.02 0.33 1.00 1.00 0.30 0.43 1.00 1.00 0.02 0.35 1.00 1.00 0.03 0.16 0.43 1.00 0.29 0.40 1.00 1.00 0.00 0.12 0.35 1.00 0.26 0.39 0.94 1.00 0.20 0.34 0.78 1.00 0.28 0.44 1.00 1.00 0.25 0.38 0.92 1.00 0.18 0.32 0.75 1.00 0.12 0.24 0.60 1.00 0.18 0.32 0.75 1.00 0.00 0.41 1.00 1.00 0.25 0.38 0.92 1.00 0.00 0.36 1.00 1.00 0.27 0.42 1.00 1.00 0.30 0.44 1.00 1.00 0.03 0.16 0.43 1.00 0.05 0.18 0.47 1.00 0.29 0.40 1.00 1.00 0.30 0.43 1.00 1.00 0.30 0.43 1.00 1.00 0.01 0.14 0.40 1.00 0.00 0.13 0.36 1.00 0.30 0.43 1.00 1.00 0.05 0.18 0.47 1.00 0.01 0.14 0.40 1.00 0.30 0.43 1.00 1.00 0.00 0.13 0.36 1.00 0.37 0.62 1.00 1.00 0.22 0.34 0.82 1.00 0.11 0.24 0.56 1.00 0.02 0.16 0.42 1.00 0.00 0.12 0.35 1.00 0.13 0.58 0.95 1.00 0.02 0.16 0.42 1.00 0.11 0.24 0.56 1.00 0.00 0.12 0.35 1.00 0.04 0.16 0.44 1.00 0.07 0.21 0.51 1.00 0.04 0.16 0.45 1.00 0.05 0.17 0.47 1.00 0.05 0.18 0.48 1.00 0.04 0.18 0.45 1.00 0.03 0.16 0.43 1.00 0.05 0.18 0.47 1.00 0.03 0.16 0.43 1.00 0.27 0.42 1.00 1.00 0.01 0.14 0.40 1.00 0.13 0.25 0.64 1.00 0.00 0.13 0.36 1.00 0.05 0.18 0.47 1.00 0.01 0.14 0.40 1.00 0.05 0.17 0.47 1.00 0.03 0.16 0.43 1.00 0.00 0.12 0.35 1.00 0.00 0.12 0.35 1.00 0.04 0.16 0.44 1.00 0.05 0.18 0.48 1.00 0.07 0.21 0.51 1.00 0.11 0.24 0.56 1.00 0.22 0.34 0.82 1.00 0.26 0.39 0.94 1.00 0.05 0.18 0.48 1.00 0.01 0.13 0.39 1.00 0.08 0.06 0.15 1.00 0.08 0.06 0.15 1.00 0.11 0.24 0.56 1.00 0.05 0.18 0.48 1.00 0.12 0.26 0.61 1.00 0.01 0.13 0.39 1.00 0.08 0.21 0.51 1.00 0.37 0.63 1.00 1.00 0.10 0.23 0.57 1.00 0.11 0.24 0.58 1.00 0.06 0.17 0.49 1.00 0.40 0.63 1.00 1.00 0.05 0.19 0.47 1.00 0.20 0.34 0.82 1.00 0.42 0.73 1.00 1.00 0.42 0.73 1.00 1.00 0.26 0.39 0.94 1.00 0.40 0.63 1.00 1.00 0.17 0.32 0.75 1.00 0.28 0.40 1.00 1.00 0.08 0.21 0.53 1.00 0.10 0.23 0.57 1.00 0.36 0.73 1.00 1.00 0.05 0.19 0.47 1.00 0.20 0.34 0.82 1.00 0.11 0.24 0.58 1.00 0.37 0.63 1.00 1.00 0.28 0.42 1.00 1.00 0.40 0.73 1.00 1.00 0.36 0.73 1.00 1.00 0.12 0.24 0.60 1.00 0.40 0.73 1.00 1.00 0.42 0.73 1.00 1.00 0.28 0.42 1.00 1.00 0.15 0.28 0.64 1.00 0.15 0.28 0.64 1.00 0.12 0.25 0.61 1.00 0.13 0.25 0.60 1.00 0.11 0.24 0.56 1.00 0.16 0.29 0.67 1.00 0.16 0.31 0.71 1.00 0.37 0.64 1.00 1.00 0.38 0.74 1.00 1.00 0.18 0.30 0.73 1.00 0.12 0.25 0.61 1.00 0.13 0.26 0.64 1.00 0.12 0.25 0.61 1.00 0.09 0.22 0.55 1.00 0.09 0.21 0.53 1.00 0.20 0.43 1.00 1.00 0.08 0.21 0.52 1.00 0.37 0.64 1.00 1.00 0.15 0.27 0.65 1.00 0.07 0.14 0.36 1.00 0.00 0.13 0.35 1.00 0.05 0.18 0.47 1.00 0.00 0.13 0.37 1.00 0.11 0.24 0.56 1.00 0.11 0.24 0.56 1.00 0.12 0.24 0.60 1.00 0.00 0.13 0.35 1.00 0.13 0.25 0.62 1.00 0.13 0.26 0.62 1.00 0.12 0.25 0.62 1.00 0.22 0.34 0.82 1.00 0.18 0.30 0.73 1.00 0.38 0.74 1.00 1.00 0.10 0.18 0.42 1.00 0.07 0.15 0.37 1.00 0.22 0.34 0.82 1.00 0.12 0.25 0.62 1.00 0.13 0.26 0.64 1.00 0.18 0.30 0.73 1.00 0.17 0.28 0.69 1.00 0.07 0.15 0.37 1.00 0.05 0.18 0.47 1.00 0.12 0.25 0.62 1.00 0.20 0.43 1.00 1.00 0.07 0.21 0.51 1.00 0.16 0.31 0.71 1.00 0.16 0.27 0.65 1.00 0.10 0.22 0.55 1.00 0.03 0.16 0.42 1.00 0.06 0.17 0.49 1.00 0.06 0.19 0.49 1.00 0.11 0.24 0.60 1.00 0.10 0.23 0.55 1.00 0.08 0.21 0.53 1.00 0.05 0.18 0.48 1.00 0.16 0.29 0.70 1.00 0.11 0.24 0.58 1.00 0.08 0.21 0.53 1.00 0.15 0.27 0.67 1.00 0.14 0.25 0.63 1.00 0.05 0.18 0.48 1.00 0.11 0.22 0.56 1.00 0.14 0.27 0.62 1.00 0.15 0.26 0.64 1.00 0.08 0.06 0.15 1.00 0.11 0.22 0.56 1.00 0.15 0.29 0.67 1.00 0.14 0.27 0.62 1.00 0.12 0.25 0.60 1.00 0.13 0.25 0.62 1.00 0.15 0.26 0.64 1.00 0.14 0.27 0.62 1.00 0.15 0.27 0.67 1.00 0.08 0.06 0.15 1.00 0.11 0.24 0.56 1.00 0.16 0.29 0.70 1.00 0.38 0.74 1.00 1.00 0.10 0.22 0.55 1.00 0.16 0.29 0.69 1.00 0.12 0.25 0.60 1.00 0.14 0.26 0.63 1.00 0.17 0.28 0.69 1.00 0.07 0.20 0.50 1.00 0.09 0.21 0.53 1.00 0.15 0.26 0.64 1.00 0.15 0.26 0.64 1.00 0.10 0.22 0.55 1.00 0.11 0.24 0.56 1.00 0.25 0.38 0.94 1.00 0.19 0.34 0.78 1.00 0.28 0.40 1.00 1.00 0.10 0.23 0.57 1.00 0.05 0.18 0.46 1.00 0.13 0.25 0.60 1.00 0.20 0.34 0.78 1.00 0.42 0.73 1.00 1.00 0.12 0.25 0.62 1.00 0.20 0.34 0.78 1.00 0.13 0.26 0.62 1.00 0.12 0.25 0.62 1.00 0.15 0.28 0.64 1.00 0.12 0.25 0.61 1.00 0.10 0.22 0.55 1.00 0.13 0.25 0.64 1.00 0.08 0.16 0.39 1.00 0.12 0.25 0.62 1.00 0.09 0.22 0.55 1.00 0.15 0.27 0.66 1.00 0.18 0.30 0.74 1.00 0.07 0.15 0.37 1.00 0.18 0.30 0.73 1.00 0.18 0.30 0.74 1.00 0.16 0.29 0.67 1.00 0.19 0.32 0.77 1.00 0.19 0.32 0.77 1.00 0.16 0.29 0.67 1.00 0.14 0.26 0.63 1.00 0.16 0.27 0.65 1.00 0.15 0.26 0.64 1.00 0.16 0.29 0.69 1.00 0.36 0.75 1.00 1.00 0.16 0.29 0.69 1.00 0.13 0.25 0.62 1.00 0.11 0.24 0.57 1.00 0.10 0.23 0.55 1.00 0.36 0.75 1.00 1.00 0.16 0.29 0.69 1.00 0.05 0.18 0.48 1.00 0.06 0.19 0.49 1.00 0.11 0.24 0.58 1.00 0.07 0.20 0.50 1.00 0.16 0.29 0.70 1.00 0.16 0.29 0.70 1.00 0.10 0.21 0.55 1.00 0.08 0.17 0.47 1.00 0.25 0.49 1.00 1.00 0.20 0.44 1.00 1.00 0.03 0.10 0.33 1.00 0.26 0.47 1.00 1.00 0.21 0.40 1.00 1.00 0.13 0.25 0.64 1.00 0.16 0.31 0.78 1.00 0.13 0.26 0.66 1.00 0.11 0.23 0.58 1.00 0.25 0.47 1.00 1.00 0.25 0.49 1.00 1.00 0.20 0.44 1.00 1.00 0.22 0.43 1.00 1.00 0.04 0.11 0.34 1.00 0.21 0.43 1.00 1.00 0.08 0.25 0.83 1.00 0.06 0.27 0.95 1.00 0.09 0.17 0.43 1.00 0.10 0.19 0.47 1.00 0.12 0.31 0.93 1.00 0.45 0.82 1.00 1.00 0.08 0.17 0.43 1.00 0.10 0.19 0.46 1.00 0.33 0.60 1.00 1.00 0.09 0.18 0.44 1.00 0.10 0.19 0.47 1.00 0.45 0.82 1.00 1.00 0.09 0.17 0.43 1.00 0.34 0.60 1.00 1.00 0.12 0.32 0.94 1.00 0.10 0.19 0.46 1.00 0.06 0.27 0.95 1.00 0.05 0.24 0.87 1.00 0.10 0.19 0.47 1.00 0.09 0.18 0.44 1.00 0.05 0.26 0.94 1.00 0.10 0.19 0.46 1.00 0.22 0.43 1.00 1.00 0.20 0.42 1.00 1.00 0.09 0.19 0.50 1.00 0.09 0.18 0.44 1.00 0.11 0.32 1.00 1.00 0.05 0.25 0.88 1.00 0.10 0.33 1.00 1.00 0.05 0.26 0.94 1.00 0.10 0.19 0.46 1.00 0.08 0.30 0.96 1.00 0.08 0.17 0.43 1.00 0.09 0.27 0.85 1.00 0.08 0.30 0.96 1.00 0.09 0.18 0.44 1.00 0.10 0.19 0.46 1.00 0.09 0.31 0.99 1.00 0.11 0.34 1.00 1.00 0.10 0.33 1.00 1.00 0.10 0.19 0.46 1.00 0.08 0.06 0.15 1.00 0.08 0.06 0.15 1.00 0.05 0.22 0.76 1.00 0.12 0.31 0.93 1.00 0.06 0.25 0.85 1.00 0.08 0.17 0.43 1.00 0.09 0.17 0.43 1.00 0.12 0.32 0.94 1.00 0.06 0.25 0.85 1.00 0.08 0.06 0.15 1.00 0.22 0.35 0.74 1.00 0.09 0.27 0.85 1.00 0.14 0.47 1.00 1.00 0.42 0.69 1.00 1.00 0.08 0.25 0.83 1.00 0.24 0.36 0.75 1.00 0.41 0.68 1.00 1.00 0.52 0.80 1.00 1.00 0.00 0.00 0.00 1.00 0.00 0.00 0.00 1.00 0.00 0.00 0.00 1.00 0.00 0.00 0.00 1.00 0.00 0.00 0.00 1.00 0.00 0.00 0.00 1.00 0.00 0.00 0.00 1.00 0.00 0.00 0.00 1.00 0.00 0.00 0.00 1.00 0.00 0.00 0.00 1.00 0.00 0.00 0.00 1.00 0.00 0.00 0.00 1.00 0.00 0.00 0.00 1.00 0.00 0.00 0.00 1.00 0.00 0.00 0.00 1.00 0.00 0.00 0.00 1.00 0.14 0.33 0.97 1.00 0.05 0.21 0.72 1.00 0.08 0.06 0.15 1.00 0.08 0.06 0.15 1.00 0.10 0.31 1.00 1.00 0.09 0.33 1.00 1.00 0.45 0.70 1.00 1.00 0.42 0.65 1.00 1.00 0.09 0.28 0.93 1.00 0.29 0.46 0.95 1.00 0.21 0.43 1.00 1.00 0.22 0.43 1.00 1.00 0.09 0.32 1.00 1.00 0.42 0.62 1.00 1.00 0.09 0.30 0.95 1.00 0.31 0.47 0.96 1.00 0.01 0.19 0.76 1.00 0.00 0.45 1.00 1.00 0.04 0.17 0.56 1.00 0.04 0.11 0.34 1.00 0.05 0.18 0.60 1.00 0.02 0.24 0.93 1.00 0.16 0.31 0.85 1.00 0.45 0.51 0.70 1.00 0.18 0.34 0.90 1.00 0.29 0.42 0.78 1.00 0.23 0.34 0.68 1.00 0.27 0.40 0.75 1.00 0.19 0.29 0.61 1.00 0.00 0.00 0.00 1.00 0.00 0.00 0.00 1.00 0.00 0.00 0.00 1.00 0.00 0.00 0.00 1.00 0.00 0.00 0.00 1.00 0.00 0.00 0.00 1.00 0.00 0.00 0.00 1.00 0.00 0.00 0.00 1.00 0.14 0.34 0.97 1.00 0.20 0.42 1.00 1.00 0.08 0.06 0.15 1.00 0.22 0.43 1.00 1.00 0.20 0.44 1.00 1.00 0.04 0.42 1.00 1.00 0.09 0.28 0.93 1.00 0.29 0.46 0.95 1.00 0.27 0.41 0.84 1.00 0.34 0.51 1.00 1.00 0.36 0.56 1.00 1.00 0.04 0.25 0.93 1.00 0.05 0.32 1.00 1.00 0.09 0.32 1.00 1.00 0.35 0.51 1.00 1.00 0.09 0.32 1.00 1.00 0.06 0.27 0.96 1.00 0.38 0.58 1.00 1.00 0.08 0.35 1.00 1.00 0.38 0.58 1.00 1.00 0.08 0.35 1.00 1.00 0.30 0.45 0.91 1.00 0.09 0.45 1.00 1.00 0.17 0.27 0.58 1.00 0.30 0.45 0.91 1.00 0.31 0.47 0.96 1.00 0.20 0.31 0.64 1.00 0.04 0.13 0.51 1.00 0.32 0.47 0.90 1.00 0.39 0.49 0.78 1.00 0.00 0.07 0.35 1.00 0.00 0.04 0.23 1.00 0.04 0.13 0.51 1.00 0.39 0.49 0.78 1.00 0.32 0.47 0.90 1.00 0.39 0.49 0.78 1.00 0.00 0.05 0.28 1.00 0.49 0.58 0.83 1.00 0.00 0.04 0.22 1.00 0.27 0.41 0.84 1.00 0.18 0.29 0.60 1.00 0.29 0.46 0.95 1.00 0.07 0.15 0.40 1.00 0.11 0.21 0.49 1.00 0.04 0.07 0.17 1.00 0.05 0.09 0.20 1.00 0.13 0.22 0.50 1.00 0.00 0.04 0.25 1.00 0.34 0.42 0.66 1.00 0.00 0.04 0.22 1.00 0.14 0.24 0.54 1.00 0.05 0.09 0.20 1.00 0.09 0.18 0.45 1.00 0.04 0.07 0.17 1.00 0.13 0.22 0.51 1.00 0.24 0.36 0.75 1.00 0.10 0.19 0.46 1.00 0.14 0.23 0.53 1.00 0.00 0.05 0.25 1.00 0.14 0.24 0.53 1.00 0.00 0.04 0.24 1.00 0.00 0.03 0.19 1.00 0.13 0.23 0.52 1.00 0.00 0.04 0.19 1.00 0.00 0.07 0.40 1.00 0.14 0.23 0.53 1.00 0.00 0.04 0.23 1.00 0.00 0.04 0.18 1.00 0.00 0.04 0.18 1.00 0.13 0.22 0.51 1.00 0.04 0.08 0.18 1.00 0.11 0.19 0.47 1.00 0.23 0.38 0.84 1.00 0.22 0.34 0.71 1.00 0.48 0.70 1.00 1.00 0.29 0.42 0.83 1.00 0.11 0.20 0.47 1.00 0.13 0.22 0.52 1.00 0.04 0.09 0.26 1.00 0.00 0.04 0.18 1.00 0.23 0.38 0.84 1.00 0.13 0.25 0.59 1.00 0.11 0.21 0.53 1.00 0.11 0.21 0.53 1.00 0.13 0.25 0.59 1.00 0.11 0.21 0.53 1.00 0.13 0.25 0.58 1.00 0.44 0.55 0.91 1.00 0.13 0.25 0.58 1.00 0.33 0.51 1.00 1.00 0.33 0.51 1.00 1.00 0.18 0.34 0.90 1.00 0.32 0.47 0.93 1.00 0.01 0.13 0.56 1.00 0.00 0.04 0.18 1.00 0.13 0.22 0.52 1.00 0.00 0.04 0.24 1.00 0.32 0.47 0.93 1.00 0.01 0.07 0.34 1.00 0.02 0.09 0.42 1.00 0.01 0.13 0.56 1.00 0.00 0.05 0.25 1.00 0.32 0.47 0.93 1.00 0.23 0.36 0.77 1.00 0.48 0.70 1.00 1.00 0.03 0.14 0.61 1.00 0.16 0.31 0.85 1.00 0.23 0.36 0.77 1.00 0.00 0.13 0.55 1.00 0.03 0.06 0.15 1.00 0.02 0.04 0.11 1.00 0.08 0.16 0.42 1.00 0.01 0.07 0.29 1.00 0.02 0.04 0.11 1.00 0.05 0.13 0.38 1.00 0.00 0.00 0.00 1.00 0.00 0.00 0.00 1.00 0.06 0.14 0.39 1.00 0.10 0.19 0.47 1.00 0.03 0.10 0.33 1.00 0.13 0.22 0.51 1.00 0.03 0.08 0.24 1.00 0.02 0.06 0.18 1.00 0.07 0.15 0.40 1.00 0.00 0.07 0.27 1.00 0.07 0.15 0.40 1.00 0.04 0.07 0.17 1.00 0.02 0.04 0.12 1.00 0.00 0.06 0.26 1.00 0.02 0.04 0.12 1.00 0.00 0.00 0.00 1.00 0.00 0.00 0.00 1.00 0.07 0.15 0.41 1.00 0.00 0.06 0.26 1.00 0.04 0.07 0.17 1.00 0.02 0.04 0.12 1.00 0.02 0.08 0.29 1.00 0.02 0.04 0.12 1.00 0.00 0.00 0.00 1.00 0.00 0.00 0.00 1.00 0.03 0.06 0.15 1.00 0.09 0.17 0.43 1.00 0.17 0.27 0.58 1.00 0.00 0.08 0.32 1.00 0.31 0.47 0.96 1.00 0.04 0.09 0.26 1.00 0.11 0.20 0.47 1.00 0.22 0.34 0.71 1.00 0.23 0.38 0.84 1.00 0.15 0.26 0.58 1.00 0.31 0.47 0.94 1.00 0.11 0.21 0.49 1.00 0.04 0.08 0.18 1.00 0.05 0.32 1.00 1.00 0.25 0.49 1.00 1.00 0.09 0.30 0.95 1.00 0.20 0.44 1.00 1.00 0.22 0.43 1.00 1.00 0.04 0.08 0.18 1.00 0.11 0.19 0.47 1.00 0.11 0.19 0.47 1.00 0.22 0.34 0.71 1.00 0.09 0.17 0.43 1.00 0.15 0.26 0.58 1.00 0.22 0.34 0.71 1.00 0.11 0.19 0.47 1.00 0.29 0.42 0.83 1.00 0.13 0.22 0.51 1.00 0.08 0.16 0.42 1.00 0.05 0.12 0.36 1.00 0.00 0.00 0.00 1.00 0.00 0.00 0.00 1.00 0.05 0.13 0.38 1.00 0.08 0.16 0.42 1.00 0.00 0.00 0.00 1.00 0.00 0.00 0.00 1.00 0.14 0.23 0.53 1.00 0.11 0.21 0.49 1.00 0.15 0.33 0.80 1.00 0.22 0.35 0.74 1.00 0.02 0.06 0.18 1.00 0.00 0.00 0.00 1.00 0.00 0.00 0.00 1.00 0.03 0.08 0.24 1.00 0.04 0.09 0.26 1.00 0.13 0.22 0.51 1.00 0.00 0.04 0.18 1.00 0.16 0.26 0.57 1.00 0.04 0.09 0.26 1.00 0.13 0.22 0.51 1.00 0.35 0.43 0.67 1.00 0.11 0.21 0.49 1.00 0.00 0.04 0.22 1.00 0.05 0.09 0.20 1.00 0.28 0.40 0.75 1.00 0.21 0.32 0.64 1.00 0.46 0.60 1.00 1.00 0.31 0.44 0.80 1.00 0.16 0.25 0.56 1.00 0.13 0.22 0.51 1.00 0.00 0.04 0.22 1.00 0.05 0.09 0.20 1.00 0.00 0.00 0.00 1.00 0.00 0.00 0.00 1.00 0.00 0.00 0.00 1.00 0.00 0.00 0.00 1.00 0.00 0.00 0.00 1.00 0.00 0.00 0.00 1.00 0.00 0.00 0.00 1.00 0.00 0.00 0.00 1.00 0.00 0.00 0.00 1.00 0.04 0.11 0.34 1.00 0.24 0.36 0.75 1.00 0.13 0.22 0.51 1.00 0.18 0.33 0.76 1.00 0.16 0.25 0.56 1.00 0.00 0.00 0.00 1.00 0.05 0.09 0.20 1.00 0.49 0.58 0.83 1.00 0.00 0.04 0.22 1.00 0.14 0.24 0.54 1.00 0.05 0.09 0.20 1.00 0.13 0.22 0.51 1.00 0.27 0.40 0.80 1.00 0.21 0.32 0.67 1.00 0.33 0.51 1.00 1.00 0.44 0.55 0.91 1.00 0.11 0.20 0.47 1.00 0.21 0.32 0.67 1.00 0.13 0.22 0.52 1.00 0.27 0.40 0.80 1.00 0.31 0.47 0.96 1.00 0.22 0.43 1.00 1.00 0.32 0.47 0.90 1.00 0.35 0.51 1.00 1.00 0.20 0.31 0.64 1.00 0.25 0.47 1.00 1.00 0.25 0.49 1.00 1.00 0.36 0.56 1.00 1.00 0.21 0.40 1.00 1.00 0.26 0.47 1.00 1.00 0.21 0.40 1.00 1.00 0.25 0.49 1.00 1.00 0.25 0.49 1.00 1.00 0.16 0.26 0.57 1.00 0.49 0.58 0.83 1.00 0.14 0.24 0.54 1.00 0.20 0.31 0.64 1.00 0.16 0.26 0.57 1.00 0.00 0.05 0.29 1.00 0.01 0.08 0.39 1.00 0.01 0.08 0.39 1.00 0.20 0.31 0.64 1.00 0.00 0.04 0.21 1.00 0.00 0.05 0.29 1.00 0.16 0.26 0.57 1.00 0.38 0.58 1.00 1.00 0.00 0.04 0.24 1.00 0.00 0.04 0.18 1.00 0.13 0.22 0.52 1.00 0.27 0.40 0.80 1.00 0.06 0.10 0.25 1.00 0.02 0.09 0.42 1.00 0.02 0.09 0.42 1.00 0.27 0.40 0.80 1.00 0.32 0.47 0.93 1.00 0.33 0.51 1.00 1.00 0.06 0.10 0.25 1.00 0.13 0.22 0.51 1.00 0.38 0.58 1.00 1.00 0.36 0.56 1.00 1.00 0.06 0.23 0.79 1.00 0.02 0.04 0.11 1.00 0.01 0.13 0.56 1.00 0.39 0.49 0.78 1.00 0.34 0.51 1.00 1.00 0.32 0.47 0.90 1.00 0.00 0.07 0.35 1.00 0.36 0.56 1.00 1.00 0.49 0.58 0.83 1.00 0.32 0.47 0.90 1.00 0.00 0.05 0.28 1.00 0.10 0.17 0.45 1.00 0.29 0.42 0.83 1.00 0.00 0.04 0.24 1.00 0.13 0.22 0.51 1.00 0.00 0.04 0.24 1.00 0.13 0.22 0.51 1.00 0.00 0.05 0.24 1.00 0.04 0.22 0.87 1.00 0.29 0.42 0.83 1.00 0.10 0.17 0.45 1.00 0.00 0.04 0.18 1.00 0.00 0.08 0.42 1.00 0.13 0.23 0.52 1.00 0.14 0.23 0.53 1.00 0.00 0.03 0.19 1.00 0.00 0.04 0.20 1.00 0.13 0.23 0.52 1.00 0.15 0.33 0.80 1.00 0.00 0.07 0.40 1.00 0.00 0.04 0.20 1.00 0.13 0.23 0.52 1.00 0.00 0.05 0.25 1.00 0.14 0.24 0.53 1.00 0.00 0.04 0.21 1.00 0.00 0.05 0.25 1.00 0.00 0.04 0.24 1.00 0.16 0.25 0.56 1.00 0.00 0.04 0.22 1.00 0.18 0.33 0.76 1.00 0.16 0.25 0.56 1.00 0.00 0.08 0.41 1.00 0.14 0.24 0.53 1.00 0.14 0.24 0.53 1.00 0.00 0.05 0.25 1.00 0.11 0.21 0.49 1.00 0.14 0.23 0.53 1.00 0.04 0.08 0.18 1.00 0.00 0.04 0.18 1.00 0.11 0.21 0.49 1.00 0.21 0.32 0.64 1.00 0.34 0.42 0.66 1.00 0.28 0.40 0.75 1.00 0.11 0.21 0.49 1.00 0.05 0.09 0.20 1.00 0.47 0.60 1.00 1.00 0.31 0.44 0.81 1.00 0.29 0.41 0.77 1.00 0.21 0.32 0.65 1.00 0.29 0.41 0.77 1.00 0.21 0.32 0.65 1.00 0.35 0.43 0.67 1.00 0.11 0.21 0.49 1.00 0.38 0.51 0.90 1.00 0.25 0.36 0.71 1.00 0.05 0.15 0.55 1.00 0.00 0.06 0.33 1.00 0.46 0.60 1.00 1.00 0.31 0.44 0.80 1.00 0.47 0.60 1.00 1.00 0.31 0.44 0.81 1.00 0.05 0.09 0.20 1.00 0.11 0.21 0.49 1.00 0.00 0.04 0.22 1.00 0.34 0.42 0.66 1.00 0.13 0.22 0.50 1.00 0.24 0.35 0.69 1.00 0.00 0.04 0.25 1.00 0.00 0.07 0.34 1.00 0.46 0.60 1.00 1.00 0.37 0.50 0.89 1.00 0.28 0.40 0.75 1.00 0.24 0.35 0.69 1.00 0.38 0.51 0.90 1.00 0.05 0.15 0.55 1.00 0.37 0.50 0.89 1.00 0.02 0.10 0.43 1.00 0.00 0.06 0.33 1.00 0.25 0.36 0.71 1.00 0.00 0.05 0.27 1.00 0.13 0.23 0.52 1.00 0.00 0.05 0.27 1.00 0.13 0.23 0.52 1.00 0.00 0.05 0.29 1.00 0.24 0.35 0.69 1.00 0.37 0.50 0.89 1.00 0.00 0.07 0.34 1.00 0.02 0.10 0.43 1.00 0.47 0.60 1.00 1.00 0.38 0.51 0.90 1.00 0.46 0.60 1.00 1.00 0.37 0.50 0.89 1.00 0.24 0.35 0.69 1.00 0.13 0.22 0.50 1.00 0.28 0.40 0.75 1.00 0.34 0.42 0.66 1.00 0.38 0.51 0.90 1.00 0.47 0.60 1.00 1.00 0.25 0.36 0.71 1.00 0.29 0.41 0.77 1.00 0.25 0.36 0.71 1.00 0.29 0.41 0.77 1.00 0.13 0.23 0.52 1.00 0.35 0.43 0.67 1.00 0.00 0.04 0.25 1.00 0.13 0.22 0.50 1.00 0.00 0.04 0.25 1.00 0.13 0.23 0.52 1.00 0.35 0.43 0.67 1.00 0.00 0.05 0.29 1.00 0.00 0.04 0.22 1.00 0.11 0.21 0.53 1.00 0.13 0.25 0.58 1.00 0.13 0.25 0.59 1.00 0.48 0.70 1.00 1.00 0.48 0.70 1.00 1.00 0.00 0.13 0.55 1.00 0.23 0.36 0.77 1.00 0.05 0.08 0.17 1.00 0.16 0.29 0.69 1.00 0.00 0.13 0.55 1.00 0.05 0.08 0.17 1.00 0.04 0.29 1.00 1.00 0.02 0.04 0.11 1.00 0.05 0.08 0.17 1.00 0.15 0.45 1.00 1.00 0.16 0.29 0.69 1.00 0.00 0.08 0.41 1.00 0.35 0.52 1.00 1.00 0.18 0.33 0.76 1.00 0.20 0.50 1.00 1.00 0.04 0.24 0.97 1.00 0.00 0.14 0.66 1.00 0.00 0.05 0.25 1.00 0.20 0.32 0.68 1.00 0.41 0.60 1.00 1.00 0.09 0.35 1.00 1.00 0.00 0.13 0.58 1.00 0.00 0.15 0.70 1.00 0.36 0.65 1.00 1.00 0.39 0.57 1.00 1.00 0.47 0.65 1.00 1.00 0.21 0.33 0.69 1.00 0.15 0.33 0.80 1.00 0.34 0.50 0.98 1.00 0.00 0.08 0.42 1.00 0.29 0.63 1.00 1.00 0.00 0.20 0.93 1.00 0.00 0.13 0.62 1.00 0.27 0.40 0.84 1.00 0.00 0.07 0.40 1.00 0.36 0.53 1.00 1.00 0.01 0.26 1.00 1.00 0.00 0.13 0.57 1.00 0.35 0.49 0.95 1.00 0.13 0.24 0.56 1.00 0.00 0.01 0.07 1.00 0.44 0.60 1.00 1.00 0.04 0.11 0.34 1.00 0.04 0.29 1.00 1.00 0.06 0.19 0.63 1.00 0.05 0.18 0.58 1.00 0.04 0.22 0.87 1.00 0.49 0.55 0.75 1.00 0.46 0.53 0.72 1.00 0.00 0.05 0.29 1.00 0.00 0.05 0.27 1.00 0.00 0.05 0.28 1.00 0.00 0.04 0.23 1.00 0.00 0.00 0.00 1.00 0.34 0.39 0.55 1.00 0.00 0.04 0.25 1.00 0.33 0.38 0.53 1.00 0.00 0.02 0.12 1.00 0.00 0.04 0.24 1.00 0.40 0.48 0.73 1.00 0.49 0.60 0.89 1.00 0.47 0.56 0.80 1.00 0.00 0.04 0.17 1.00 0.00 0.05 0.24 1.00 0.54 0.62 0.82 1.00 0.00 0.04 0.21 1.00 0.00 0.05 0.29 1.00 0.02 0.04 0.11 1.00 0.06 0.23 0.79 1.00 0.07 0.11 0.23 1.00 0.39 0.55 1.00 1.00 0.46 0.62 1.00 1.00 0.01 0.09 0.32 1.00 0.32 0.47 0.93 1.00 0.00 0.05 0.25 1.00 0.23 0.36 0.77 1.00 0.45 0.62 1.00 1.00 0.45 0.62 1.00 1.00 0.03 0.14 0.61 1.00 0.25 0.36 0.71 1.00 0.00 0.05 0.23 1.00 0.36 0.49 0.87 1.00 0.64 0.81 1.00 1.00 0.58 0.75 1.00 1.00 0.02 0.09 0.40 1.00 0.31 0.44 0.80 1.00 0.36 0.49 0.87 1.00 0.00 0.03 0.18 1.00 0.01 0.04 0.18 1.00 0.41 0.55 0.96 1.00 0.43 0.51 0.71 1.00 0.32 0.45 0.82 1.00 0.00 0.00 0.02 1.00 0.24 0.35 0.69 1.00 0.45 0.59 1.00 1.00 0.39 0.52 0.92 1.00 0.51 0.62 0.72 1.00 0.00 0.02 0.10 1.00 0.02 0.07 0.26 1.00 0.40 0.53 0.93 1.00 0.31 0.43 0.79 1.00 0.00 0.03 0.14 1.00 0.36 0.49 0.87 1.00 0.47 0.61 1.00 1.00 0.45 0.59 1.00 1.00 0.42 0.55 0.96 1.00 0.29 0.41 0.76 1.00 0.39 0.52 0.91 1.00 0.59 0.75 1.00 1.00 0.48 0.64 1.00 1.00 0.44 0.49 0.65 1.00 0.21 0.32 0.65 1.00 0.31 0.44 0.80 1.00 0.47 0.58 0.72 1.00 0.33 0.45 0.83 1.00 0.01 0.03 0.13 1.00 0.05 0.15 0.55 1.00 0.39 0.52 0.91 1.00 0.40 0.53 0.93 1.00 0.00 0.01 0.07 1.00 0.14 0.25 0.60 1.00 0.47 0.62 0.80 1.00 0.00 0.04 0.24 1.00 0.00 0.04 0.18 1.00 0.00 0.04 0.24 1.00 0.00 0.04 0.18 1.00 0.00 0.04 0.23 1.00 0.00 0.04 0.20 1.00 0.01 0.07 0.27 1.00 0.11 0.20 0.48 1.00 0.00 0.02 0.08 1.00 0.00 0.07 0.34 1.00 0.00 0.04 0.22 1.00 0.00 0.04 0.22 1.00 0.07 0.15 0.40 1.00 0.15 0.33 0.80 1.00 0.22 0.35 0.74 1.00 0.09 0.27 0.85 1.00 0.14 0.38 1.00 1.00 0.08 0.30 0.96 1.00 0.11 0.32 1.00 1.00 0.05 0.25 0.88 1.00 0.11 0.34 1.00 1.00 0.06 0.27 0.95 1.00 0.12 0.31 0.89 1.00 0.08 0.25 0.83 1.00 0.14 0.38 1.00 1.00 0.08 0.30 0.96 1.00 0.24 0.36 0.75 1.00 0.71 0.78 1.00 1.00 0.22 0.31 0.60 1.00 0.65 0.73 0.96 1.00 0.76 0.87 0.97 1.00 0.76 0.87 0.97 1.00 1.00 1.00 1.00 1.00 0.76 0.87 0.97 1.00 0.78 0.84 1.00 1.00 0.80 0.85 1.00 1.00 0.37 0.46 0.73 1.00 0.30 0.39 0.66 1.00 0.22 0.31 0.60 1.00 0.22 0.31 0.60 1.00 0.76 0.87 0.97 1.00 0.73 0.80 1.00 1.00 0.71 0.78 1.00 1.00 0.33 0.41 0.68 1.00 0.22 0.31 0.60 1.00 0.22 0.31 0.60 1.00 0.22 0.31 0.60 1.00 0.76 0.82 1.00 1.00 0.61 0.69 0.92 1.00 0.65 0.73 0.96 1.00 0.35 0.44 0.71 1.00 0.30 0.39 0.66 1.00 0.76 0.87 0.97 1.00 0.76 0.82 1.00 1.00 0.76 0.87 0.97 1.00 0.76 0.87 0.97 1.00 0.76 0.87 0.97 1.00 0.76 0.87 0.97 1.00 0.35 0.44 0.71 1.00 0.22 0.31 0.60 1.00 0.33 0.41 0.68 1.00 0.76 0.87 0.97 1.00 0.22 0.31 0.60 1.00 0.22 0.31 0.60 1.00 0.80 0.85 1.00 1.00 0.61 0.69 0.92 1.00 0.76 0.82 1.00 1.00 0.35 0.44 0.71 1.00 0.76 0.87 0.97 1.00 0.76 0.87 0.97 1.00 0.76 0.87 0.97 1.00 0.22 0.31 0.60 1.00 0.78 0.84 1.00 1.00 0.33 0.42 0.69 1.00 0.54 0.62 0.86 1.00 1.00 1.00 1.00 1.00 0.88 0.92 1.00 1.00 0.73 0.80 1.00 1.00 0.76 0.82 1.00 1.00 0.27 0.36 0.64 1.00 0.60 0.67 0.91 1.00 0.22 0.31 0.60 1.00 0.22 0.31 0.60 1.00 0.22 0.31 0.60 1.00 0.22 0.31 0.60 1.00 0.94 0.96 1.00 1.00 0.78 0.83 1.00 1.00 0.78 0.84 1.00 1.00 0.71 0.78 1.00 1.00 0.22 0.31 0.60 1.00 0.22 0.31 0.60 1.00 0.22 0.31 0.60 1.00 0.25 0.34 0.62 1.00 0.26 0.35 0.64 1.00 0.54 0.62 0.86 1.00 0.28 0.37 0.65 1.00 0.22 0.31 0.60 1.00 0.52 0.60 0.84 1.00 0.25 0.34 0.62 1.00 0.81 0.86 1.00 1.00 0.52 0.60 0.84 1.00 0.76 0.82 1.00 1.00 1.00 1.00 1.00 1.00 0.28 0.37 0.65 1.00 0.22 0.31 0.60 1.00 0.71 0.78 1.00 1.00 0.88 0.92 1.00 1.00 0.22 0.31 0.60 1.00 0.22 0.31 0.60 1.00 0.60 0.67 0.91 1.00 0.26 0.35 0.64 1.00 0.25 0.34 0.62 1.00 0.28 0.37 0.65 1.00 0.88 0.92 1.00 1.00 0.81 0.86 1.00 1.00 0.81 0.86 1.00 1.00 0.22 0.31 0.60 1.00 0.31 0.44 0.80 1.00 0.05 0.15 0.48 1.00 0.31 0.44 0.81 1.00 0.05 0.16 0.48 1.00 0.15 0.24 0.54 1.00 0.41 0.68 1.00 1.00 0.15 0.25 0.54 1.00 0.22 0.35 0.74 1.00 0.02 0.24 0.93 1.00 0.04 0.29 1.00 1.00 0.05 0.18 0.60 1.00 0.06 0.19 0.63 1.00 0.04 0.17 0.56 1.00 0.04 0.11 0.34 1.00 0.05 0.18 0.58 1.00 0.04 0.11 0.34 1.00 0.06 0.19 0.63 1.00 0.05 0.18 0.60 1.00 0.01 0.19 0.76 1.00 0.04 0.17 0.56 1.00 0.04 0.22 0.87 1.00 0.05 0.18 0.58 1.00 0.04 0.29 1.00 1.00 0.02 0.24 0.93 1.00 0.00 0.13 0.55 1.00 0.16 0.31 0.85 1.00 0.18 0.34 0.90 1.00 0.01 0.19 0.76 1.00 0.01 0.13 0.56 1.00 0.04 0.22 0.87 1.00 0.29 0.46 0.95 1.00 0.00 0.15 0.60 1.00 0.42 0.65 1.00 1.00 0.98 1.00 1.00 1.00 0.23 0.34 0.68 1.00 0.65 0.81 1.00 1.00 0.29 0.42 0.78 1.00 1.00 1.00 1.00 1.00 0.19 0.29 0.61 1.00 0.98 1.00 1.00 1.00 0.23 0.34 0.68 1.00 0.75 0.93 1.00 1.00 0.27 0.40 0.75 1.00 1.00 1.00 1.00 1.00 0.19 0.29 0.61 1.00 0.75 0.93 1.00 1.00 0.65 0.81 1.00 1.00 0.27 0.40 0.75 1.00 0.29 0.42 0.78 1.00 0.05 0.12 0.36 1.00 0.00 0.05 0.25 1.00 0.00 0.00 0.00 1.00 0.00 0.00 0.00 1.00 0.00 0.05 0.25 1.00 0.00 0.05 0.25 1.00 0.00 0.00 0.00 1.00 0.00 0.00 0.00 1.00 0.00 0.05 0.25 1.00 0.00 0.05 0.25 1.00 0.00 0.00 0.00 1.00 0.00 0.00 0.00 1.00 0.03 0.10 0.33 1.00 0.00 0.05 0.25 1.00 0.00 0.00 0.00 1.00 0.00 0.00 0.00 1.00 0.00 0.06 0.26 1.00 0.00 0.05 0.25 1.00 0.07 0.15 0.40 1.00 0.05 0.15 0.50 1.00 0.08 0.16 0.42 1.00 0.00 0.05 0.25 1.00 0.14 0.23 0.53 1.00 0.04 0.11 0.34 1.00 0.00 0.06 0.26 1.00 0.00 0.05 0.25 1.00 0.00 0.00 0.00 1.00 0.00 0.00 0.00 1.00 0.00 0.05 0.25 1.00 0.02 0.08 0.29 1.00 0.00 0.00 0.00 1.00 0.00 0.00 0.00 1.00 0.31 0.47 0.94 1.00 0.10 0.19 0.46 1.00 0.42 0.53 0.87 1.00 0.10 0.19 0.45 1.00 0.15 0.25 0.55 1.00 0.14 0.23 0.53 1.00 0.42 0.69 1.00 1.00 0.24 0.36 0.75 1.00 0.08 0.16 0.42 1.00 0.01 0.07 0.29 1.00 0.00 0.05 0.25 1.00 0.00 0.05 0.25 1.00 0.00 0.05 0.25 1.00 0.00 0.05 0.25 1.00 0.00 0.06 0.29 1.00 0.07 0.15 0.40 1.00 0.00 0.07 0.27 1.00 0.00 0.05 0.25 1.00 0.00 0.00 0.00 1.00 0.00 0.00 0.00 1.00 0.01 0.07 0.29 1.00 0.00 0.00 0.00 1.00 0.00 0.00 0.00 1.00 0.15 0.28 0.69 1.00 0.31 0.47 0.94 1.00 0.05 0.12 0.36 1.00 0.00 0.06 0.29 1.00 0.00 0.05 0.25 1.00 0.15 0.28 0.69 1.00 0.00 0.00 0.00 1.00 0.00 0.00 0.00 1.00 0.42 0.62 1.00 1.00 0.45 0.70 1.00 1.00 0.00 0.13 0.51 1.00 0.31 0.47 0.96 1.00 0.00 0.08 0.32 1.00 0.10 0.19 0.45 1.00 0.11 0.21 0.53 1.00 0.42 0.53 0.87 1.00 0.44 0.55 0.91 1.00 0.10 0.19 0.46 1.00 0.11 0.21 0.53 1.00 0.10 0.19 0.45 1.00 0.11 0.21 0.53 1.00 0.23 0.38 0.84 1.00 0.11 0.21 0.53 1.00 0.31 0.47 0.94 1.00 0.10 0.19 0.46 1.00 0.22 0.35 0.74 1.00 0.11 0.21 0.49 1.00 0.15 0.25 0.54 1.00 0.08 0.16 0.42 1.00 0.28 0.34 0.58 1.00 0.13 0.22 0.51 1.00 0.03 0.10 0.33 1.00 0.00 0.05 0.25 1.00 0.00 0.07 0.27 1.00 0.00 0.00 0.00 1.00 0.00 0.00 0.00 1.00 0.00 0.05 0.25 1.00 0.28 0.34 0.58 1.00 0.03 0.10 0.33 1.00 0.07 0.15 0.41 1.00 0.00 0.06 0.26 1.00 0.09 0.18 0.45 1.00 0.02 0.08 0.29 1.00 0.03 0.10 0.33 1.00 0.04 0.11 0.34 1.00 0.00 0.05 0.25 1.00 0.00 0.00 0.00 1.00 0.00 0.00 0.00 1.00 0.05 0.15 0.50 1.00 0.00 0.05 0.25 1.00 0.08 0.16 0.42 1.00 0.00 0.00 0.00 1.00 0.00 0.00 0.00 1.00 0.00 0.06 0.26 1.00 0.18 0.29 0.60 1.00 0.00 0.08 0.30 1.00 0.29 0.46 0.95 1.00 0.00 0.15 0.60 1.00 0.21 0.32 0.67 1.00 0.00 0.09 0.39 1.00 0.44 0.55 0.91 1.00 0.42 0.53 0.87 1.00 0.11 0.20 0.47 1.00 0.07 0.15 0.40 1.00 0.21 0.32 0.67 1.00 0.00 0.09 0.39 1.00 0.21 0.32 0.64 1.00 0.02 0.10 0.36 1.00 0.31 0.44 0.80 1.00 0.05 0.15 0.48 1.00 0.31 0.44 0.81 1.00 0.05 0.16 0.48 1.00 0.21 0.32 0.65 1.00 0.02 0.10 0.37 1.00 0.21 0.32 0.65 1.00 0.02 0.10 0.37 1.00 0.11 0.21 0.49 1.00 0.07 0.15 0.41 1.00 0.11 0.21 0.49 1.00 0.07 0.15 0.40 1.00 0.21 0.32 0.64 1.00 0.02 0.10 0.36 1.00 0.13 0.22 0.51 1.00 0.14 0.24 0.54 1.00 0.13 0.25 0.58 1.00 0.13 0.25 0.59 1.00 0.45 0.51 0.70 1.00 0.16 0.31 0.85 1.00 0.18 0.34 0.90 1.00 0.17 0.27 0.58 1.00 0.52 0.80 1.00 1.00 0.17 0.27 0.58 1.00 0.52 0.80 1.00 1.00 0.90 1.00 1.00 1.00 1.00 1.00 1.00 1.00 0.67 0.77 1.00 1.00 0.90 1.00 1.00 1.00 0.11 0.21 0.60 1.00 0.90 1.00 1.00 1.00 0.08 0.16 0.45 1.00 0.90 1.00 1.00 1.00 0.11 0.21 0.60 1.00 0.28 0.38 0.92 1.00 0.44 0.95 1.00 1.00 0.42 0.57 0.85 1.00 0.41 0.91 0.93 1.00 0.11 0.21 0.60 1.00 0.09 0.18 0.50 1.00 0.36 0.74 0.83 1.00 0.90 1.00 1.00 1.00 0.11 0.17 0.58 1.00 0.35 0.72 0.80 1.00 0.09 0.18 0.50 1.00 0.36 0.74 0.83 1.00 0.09 0.18 0.50 1.00 0.35 0.72 0.80 1.00 0.09 0.26 0.52 1.00 0.37 0.80 0.84 1.00 0.12 0.27 0.58 1.00 0.37 0.81 0.84 1.00 0.08 0.15 0.43 1.00 0.35 0.74 0.81 1.00 0.08 0.15 0.46 1.00 0.35 0.69 0.78 1.00 1.00 1.00 1.00 1.00 0.28 0.45 0.93 1.00 0.12 0.23 0.64 1.00 1.00 1.00 1.00 1.00 0.11 0.21 0.60 1.00 1.00 1.00 1.00 1.00 0.74 1.00 1.00 1.00 1.00 1.00 1.00 1.00 1.00 1.00 1.00 1.00 0.12 0.27 0.58 1.00 0.37 0.81 0.84 1.00 0.09 0.15 0.52 1.00 0.35 0.69 0.78 1.00 0.18 0.27 0.76 1.00 0.09 0.18 0.52 1.00 1.00 1.00 1.00 1.00 0.53 0.69 0.98 1.00 1.00 1.00 1.00 1.00 0.27 0.48 1.00 1.00 0.53 0.69 0.98 1.00 0.09 0.18 0.50 1.00 1.00 1.00 1.00 1.00 0.36 0.52 0.99 1.00 0.11 0.22 0.62 1.00 1.00 1.00 1.00 1.00 0.11 0.21 0.60 1.00 1.00 1.00 1.00 1.00 0.33 0.50 1.00 1.00 1.00 1.00 1.00 1.00 0.67 0.77 1.00 1.00 0.20 0.27 0.75 1.00 0.40 0.82 0.92 1.00 0.09 0.18 0.50 1.00 0.36 0.74 0.83 1.00 0.67 0.77 1.00 1.00 0.38 0.53 0.82 1.00 0.44 0.93 0.95 1.00 1.00 1.00 1.00 1.00 0.20 0.35 0.81 1.00 0.38 0.86 0.87 1.00 0.38 0.53 0.82 1.00 0.44 0.93 0.95 1.00 0.09 0.18 0.50 1.00 0.35 0.72 0.80 1.00 1.00 1.00 1.00 1.00 0.13 0.25 0.69 1.00 0.55 0.66 1.00 1.00 1.00 1.00 1.00 1.00 0.83 0.91 1.00 1.00 1.00 1.00 1.00 1.00 0.29 0.45 1.00 1.00 1.00 1.00 1.00 1.00 0.11 0.21 0.60 1.00 0.11 0.16 0.58 1.00 0.39 0.77 0.89 1.00 0.20 0.31 0.61 1.00 0.38 0.82 0.87 1.00 0.11 0.21 0.60 1.00 0.09 0.18 0.50 1.00 0.36 0.74 0.83 1.00 1.00 1.00 1.00 1.00 0.17 0.31 0.76 1.00 0.35 0.71 0.80 1.00 0.09 0.18 0.50 1.00 0.36 0.74 0.83 1.00 0.42 0.57 0.85 1.00 0.39 0.88 0.87 1.00 0.15 0.28 0.69 1.00 0.31 0.47 0.94 1.00 0.76 0.83 1.00 1.00 0.42 0.53 0.87 1.00 0.75 0.93 1.00 1.00 1.00 1.00 1.00 1.00 0.78 0.84 1.00 1.00 1.00 1.00 1.00 1.00 0.65 0.81 1.00 1.00 0.56 0.64 0.87 1.00 0.67 0.71 0.82 1.00 0.03 0.10 0.33 1.00 0.28 0.34 0.58 1.00 0.62 0.69 0.92 1.00 0.78 0.84 1.00 1.00 0.75 0.93 1.00 1.00 0.05 0.15 0.50 1.00 0.66 0.70 0.81 1.00 0.07 0.15 0.40 1.00 0.02 0.10 0.36 1.00 1.00 1.00 1.00 1.00 0.98 1.00 1.00 1.00 1.00 1.00 1.00 1.00 1.00 1.00 1.00 1.00 0.05 0.16 0.48 1.00 0.90 0.93 1.00 1.00 0.02 0.10 0.37 1.00 0.67 0.71 0.82 1.00 1.00 1.00 1.00 1.00 1.00 1.00 1.00 1.00 0.91 0.93 1.00 1.00 0.68 0.87 1.00 1.00 0.21 0.34 0.73 1.00 0.08 0.16 0.42 1.00 0.13 0.23 0.56 1.00 0.15 0.25 0.55 1.00 0.14 0.23 0.53 1.00 0.68 0.87 1.00 1.00 0.93 0.95 1.00 1.00 0.21 0.34 0.73 1.00 0.08 0.16 0.42 1.00 1.00 1.00 1.00 1.00 1.00 1.00 1.00 1.00 0.68 0.87 1.00 1.00 0.93 0.95 1.00 1.00 0.02 0.10 0.36 1.00 0.66 0.70 0.81 1.00 0.05 0.15 0.48 1.00 0.33 0.46 0.84 1.00 0.90 0.93 1.00 1.00 0.33 0.46 0.84 1.00 0.98 1.00 1.00 1.00 1.00 1.00 1.00 1.00 1.00 1.00 1.00 1.00 1.00 1.00 1.00 1.00 1.00 1.00 1.00 1.00 1.00 1.00 1.00 1.00 0.15 0.28 0.69 1.00 1.00 1.00 1.00 1.00 0.00 0.06 0.29 1.00 0.91 0.93 1.00 1.00 0.15 0.24 0.54 1.00 0.15 0.25 0.54 1.00 0.14 0.23 0.53 1.00 0.21 0.34 0.73 1.00 0.13 0.23 0.56 1.00 0.00 0.05 0.25 1.00 0.14 0.23 0.53 1.00 0.08 0.16 0.42 1.00 0.15 0.25 0.54 1.00 0.91 0.93 1.00 1.00 0.68 0.87 1.00 1.00 0.14 0.23 0.53 1.00 0.21 0.34 0.73 1.00 0.00 0.06 0.29 1.00 0.91 0.93 1.00 1.00 0.00 0.05 0.25 1.00 0.14 0.23 0.53 1.00 0.76 0.83 1.00 1.00 1.00 1.00 1.00 1.00 0.28 0.34 0.58 1.00 0.78 0.84 1.00 1.00 0.00 0.05 0.25 1.00 1.00 1.00 1.00 1.00 0.00 0.09 0.39 1.00 1.00 1.00 1.00 1.00 0.42 0.53 0.87 1.00 0.76 0.83 1.00 1.00 0.00 0.05 0.25 1.00 1.00 1.00 1.00 1.00 0.07 0.15 0.40 1.00 0.00 0.09 0.39 1.00 1.00 1.00 1.00 1.00 0.78 0.84 1.00 1.00 1.00 1.00 1.00 1.00 0.08 0.16 0.42 1.00 0.05 0.15 0.50 1.00 0.66 0.70 0.81 1.00 0.05 0.15 0.48 1.00 0.33 0.46 0.84 1.00 0.05 0.16 0.48 1.00 0.90 0.93 1.00 1.00 0.33 0.46 0.84 1.00 0.66 0.70 0.81 1.00 1.00 1.00 1.00 1.00 0.93 0.95 1.00 1.00 0.67 0.71 0.82 1.00 0.90 0.93 1.00 1.00 0.65 0.81 1.00 1.00 0.98 1.00 1.00 1.00 0.02 0.10 0.37 1.00 0.67 0.71 0.82 1.00 0.07 0.15 0.41 1.00 0.03 0.10 0.33 1.00 0.00 0.08 0.32 1.00 0.00 0.13 0.51 1.00 0.62 0.69 0.92 1.00 0.03 0.10 0.33 1.00 0.13 0.22 0.51 1.00 0.09 0.18 0.45 1.00 0.62 0.69 0.92 1.00 0.56 0.64 0.87 1.00 0.00 0.15 0.60 1.00 0.62 0.69 0.92 1.00 0.00 0.13 0.51 1.00 0.13 0.22 0.51 1.00 0.28 0.34 0.58 1.00 0.00 0.08 0.30 1.00 0.56 0.64 0.87 1.00 0.56 0.64 0.87 1.00 0.00 0.08 0.30 1.00 0.17 0.27 0.58 1.00 0.17 0.27 0.58 1.00 </float_array>
                    <technique_common>
                        <accessor source="#geom-03A3CA4D-colors-array" count="1829" stride="4">
                            <param name="R" type="float" />
                            <param name="G" type="float" />
                            <param name="B" type="float" />
                            <param name="A" type="float" />
                        </accessor>
                    </technique_common>
                </source>
                <vertices id="geom-03A3CA4D-vtx">
                    <input semantic="POSITION" source="#geom-03A3CA4D-pos" />
                </vertices>
                <triangles count="180" material="material-004E28A6-symbol">
                    <input semantic="VERTEX" source="#geom-03A3CA4D-vtx" offset="0" />
                    <input semantic="TEXCOORD" source="#geom-03A3CA4D-texcoord" offset="0" />
                    <input semantic="COLOR" source="#geom-03A3CA4D-colors" offset="0" />
                    <p>0 1 2 47 1 0 46 1 47 2 1 3 4 5 6 4 29 5 28 29 4 6 5 7 8 9 10 10 9 11 11 94 10 10 94 95 12 13 14 69 12 14 68 12 69 14 13 15 16 17 18 18 17 19 20 21 22 22 21 23 24 25 26 26 25 27 30 31 32 32 31 33 33 100 32 32 100 101 34 35 36 36 35 37 38 39 40 40 39 41 42 43 44 44 43 45 48 49 50 50 49 51 52 53 54 54 53 55 56 57 58 58 57 59 60 61 62 62 61 63 64 65 66 64 98 65 65 98 99 66 65 67 70 71 72 72 71 73 74 75 76 74 96 75 75 96 97 76 75 77 78 79 80 80 79 81 82 83 84 84 83 85 86 87 88 88 87 89 90 91 92 92 91 93 102 103 104 104 103 105 </p>
                </triangles>
            </mesh>
        </geometry>
        <geometry id="geom-00C21CB7" name="geom-00C21CB7">
            <mesh>
                <source id="geom-00C21CB7-pos">
                    <float_array id="geom-00C21CB7-pos-array" count="5244">3472.00 -230.32 -810.00 3492.00 -240.00 -810.00 3472.10 -240.00 -810.00 3492.00 -140.00 -810.00 3472.00 -140.00 -810.00 3492.00 -140.00 -840.00 3472.00 -140.00 -840.00 3472.00 -230.32 -810.00 3472.10 -240.00 -810.00 3462.38 -230.32 -804.52 3462.30 -240.00 -804.47 3457.00 -230.32 -791.45 3457.00 -240.00 -791.44 3462.69 -230.32 -778.39 3462.69 -240.00 -778.39 3460.80 -96.91 -791.75 3465.05 -111.08 -790.40 3472.00 -103.11 -785.45 3458.77 -108.42 -798.95 3458.77 -108.42 -798.95 3460.80 -96.91 -791.75 3462.09 -104.27 -803.22 3465.60 -90.28 -788.67 3472.00 -95.50 -783.90 3472.00 -86.35 -786.89 3472.00 -101.82 -778.70 3472.00 -103.11 -785.45 3461.20 -116.17 -786.31 3465.05 -111.08 -790.40 3457.00 -240.00 -791.44 3457.00 -230.32 -791.45 3464.74 -118.49 -795.78 3457.45 -128.01 -794.61 3461.20 -116.17 -786.31 3457.45 -128.01 -794.61 3465.25 -123.29 -782.60 3459.72 -119.30 -806.02 3466.97 -126.48 -802.25 3464.74 -118.49 -795.78 3466.97 -126.48 -802.25 3469.52 -132.71 -807.55 3472.00 -140.00 -810.00 3466.04 -143.59 -806.20 3461.11 -135.28 -791.53 3459.33 -136.11 -801.56 3465.35 -145.26 -800.43 3461.11 -165.48 -791.53 3465.28 -162.61 -782.43 3463.95 -151.35 -785.06 3466.81 -152.65 -780.61 3465.28 -162.61 -782.43 3472.00 -159.53 -777.89 3466.81 -154.06 -776.94 3465.15 -145.74 -775.46 3472.42 -149.72 -772.88 3459.33 -136.11 -801.56 3463.12 -127.86 -784.90 3465.25 -123.29 -782.60 3464.29 -131.79 -777.45 3472.00 -119.53 -780.52 3471.95 -128.35 -774.91 3472.00 -140.00 -810.00 3466.01 -124.41 -821.49 3466.00 -127.48 -831.14 3472.00 -119.53 -780.52 3469.52 -132.71 -807.55 3469.52 -132.71 -807.55 3468.56 -128.40 -810.64 3459.36 -143.94 -787.59 3461.11 -165.48 -791.53 3463.95 -151.35 -785.06 3461.11 -135.28 -791.53 3459.36 -143.94 -787.59 3463.12 -127.86 -784.90 3463.12 -127.86 -784.90 3464.86 -141.07 -782.94 3467.17 -138.61 -781.05 3459.20 -155.60 -794.45 3463.12 -127.86 -784.90 3467.17 -138.61 -781.05 3464.29 -131.79 -777.45 3465.15 -145.74 -775.46 3472.56 -137.01 -772.06 3465.35 -145.26 -800.43 3472.00 -154.57 -806.50 3466.72 -173.28 -803.13 3472.00 -240.00 -773.40 3472.00 -230.32 -773.40 3462.69 -240.00 -778.39 3465.28 -224.42 -782.43 3472.00 -224.42 -777.89 3465.28 -191.78 -782.43 3472.00 -185.47 -777.89 3461.11 -190.35 -791.53 3465.28 -180.85 -782.43 3472.00 -224.42 -777.89 3461.11 -224.42 -791.53 3465.35 -224.42 -800.43 3472.00 -230.32 -810.00 3472.00 -224.42 -805.40 3472.00 -190.00 -810.00 3472.00 -190.00 -805.95 3492.00 -180.00 -810.00 3472.00 -190.00 -810.00 3472.00 -140.00 -840.00 3468.56 -128.40 -810.64 3472.00 -224.42 -805.40 3465.35 -179.29 -800.43 3472.00 -190.00 -805.95 3465.35 -200.28 -800.43 3472.00 -224.42 -805.40 3461.11 -224.42 -791.53 3492.00 -140.00 -810.00 3472.00 -140.00 -810.00 3461.11 -190.35 -791.53 3461.11 -165.48 -791.53 3472.00 -154.57 -806.50 3461.11 -198.14 -791.53 3465.35 -179.29 -800.43 3462.21 -171.03 -801.34 3459.20 -155.60 -794.45 3472.00 -172.49 -777.89 3472.00 -159.53 -777.89 3472.00 -190.00 -805.95 3472.00 -190.00 -805.95 3472.00 -154.57 -806.50 3472.00 -140.00 -810.00 3465.60 -90.28 -788.67 3472.00 -86.35 -786.89 3472.00 -86.49 -793.12 3472.00 -101.82 -778.70 3472.00 -109.90 -776.42 3466.04 -143.59 -806.20 3465.12 -116.80 -811.28 3459.72 -119.30 -806.02 3468.56 -128.40 -810.64 3465.12 -116.80 -811.28 3469.52 -132.71 -807.55 3466.97 -126.48 -802.25 3468.56 -128.40 -810.64 3469.52 -132.71 -807.55 3472.00 -154.57 -806.50 3472.00 -91.96 -799.64 3463.12 -127.86 -784.90 3466.81 -152.65 -780.61 3466.81 -154.06 -776.94 3467.17 -138.61 -781.05 3464.86 -141.07 -782.94 3463.12 -127.86 -784.90 3464.86 -141.07 -782.94 3464.86 -141.07 -782.94 3461.11 -135.28 -791.53 3462.43 -150.32 -797.26 3462.43 -150.32 -797.26 3462.21 -171.03 -801.34 3466.72 -173.28 -803.13 3472.00 -190.00 -805.95 3461.11 -198.14 -791.53 3457.81 -194.79 -791.53 3465.35 -200.28 -800.43 3461.11 -198.14 -791.53 3461.99 -185.78 -781.22 3457.81 -194.79 -791.53 3465.28 -191.78 -782.43 3461.11 -198.14 -791.53 3472.00 -185.47 -777.89 3472.00 -175.24 -774.84 3465.28 -180.85 -782.43 3472.00 -172.49 -777.89 3461.11 -190.35 -791.53 3461.11 -190.35 -791.53 3455.55 -66.33 -815.97 3460.44 -55.42 -804.85 3462.44 -62.11 -815.22 3460.44 -34.67 -840.00 3455.55 -56.48 -840.00 3462.44 -53.14 -835.82 3460.44 -44.62 -819.55 3455.55 -59.65 -826.11 3462.44 -58.08 -822.10 3455.55 -56.48 -840.00 3455.55 -59.65 -826.11 3462.44 -53.14 -835.82 3462.44 -55.53 -827.10 3462.44 -55.53 -827.10 3455.55 -59.65 -826.11 3460.44 -44.62 -819.55 3455.55 -103.31 -808.49 3455.55 -90.00 -805.68 3458.00 -101.48 -812.28 3458.00 -90.00 -810.00 3462.44 -62.11 -815.22 3462.44 -58.08 -822.10 3455.55 -66.33 -815.97 3455.55 -59.65 -826.11 3455.55 -59.65 -826.11 3455.55 -56.48 -840.00 3458.00 -62.28 -828.52 3458.00 -60.00 -840.00 3455.55 -66.33 -815.97 3458.00 -68.79 -818.79 3455.55 -76.56 -809.11 3458.00 -78.52 -812.28 3462.44 -66.54 -811.86 3460.44 -55.42 -804.85 3455.55 -66.33 -815.97 3462.09 -104.27 -803.22 3455.55 -103.31 -808.49 3465.12 -116.80 -811.28 3455.72 -113.66 -815.66 3455.55 -121.08 -826.68 3466.01 -124.41 -821.49 3455.55 -121.08 -826.68 3458.00 -117.72 -828.52 3455.55 -123.58 -840.00 3458.00 -120.00 -840.00 3455.72 -113.66 -815.66 3458.00 -111.21 -818.79 3462.44 -90.00 -801.36 3455.55 -90.00 -805.68 3462.44 -66.54 -811.86 3455.55 -66.33 -815.97 3462.44 -72.30 -807.62 3455.55 -76.56 -809.11 3455.55 -76.56 -809.11 3462.44 -78.03 -804.66 3460.44 -67.85 -795.41 3462.44 -72.30 -807.62 3455.55 -76.56 -809.11 3462.44 -78.03 -804.66 3460.44 -67.85 -795.41 3455.55 -76.56 -809.11 3456.82 -130.33 -840.00 3466.00 -127.48 -831.14 3455.55 -123.58 -840.00 3465.06 -133.98 -833.60 3462.38 -136.43 -840.00 3472.00 -140.00 -840.00 3465.06 -133.98 -833.60 3472.00 -140.00 -840.00 3466.00 -127.48 -831.14 3462.44 -55.53 -827.10 3472.00 -55.19 -823.08 3462.44 -53.14 -835.82 3472.00 -51.98 -840.00 3462.44 -62.11 -815.22 3472.00 -62.71 -812.03 3462.44 -58.08 -822.10 3462.44 -66.54 -811.86 3462.44 -72.30 -807.62 3472.00 -74.09 -804.10 3462.44 -90.00 -801.36 3472.00 -91.96 -799.64 3462.44 -78.03 -804.66 3463.05 -52.78 -840.00 3460.44 -67.85 -795.41 3462.44 -78.03 -804.66 3462.44 -72.30 -807.62 3462.44 -62.11 -815.22 3460.44 -55.42 -804.85 3462.44 -66.54 -811.86 3460.44 -44.62 -819.55 3462.44 -58.08 -822.10 3462.44 -55.53 -827.10 3460.44 -34.67 -840.00 3462.44 -53.14 -835.82 3463.05 -52.78 -840.00 3466.00 -127.48 -831.14 3455.55 -123.58 -840.00 3462.09 -104.27 -803.22 3455.55 -66.33 -864.03 3462.44 -62.11 -864.78 3460.44 -55.42 -875.15 3460.44 -34.67 -840.00 3462.44 -53.14 -844.18 3455.55 -56.48 -840.00 3460.44 -44.62 -860.45 3462.44 -58.08 -857.90 3455.55 -59.65 -853.89 3455.55 -56.48 -840.00 3462.44 -53.14 -844.18 3455.55 -59.65 -853.89 3462.44 -55.53 -852.90 3462.44 -55.53 -852.90 3460.44 -44.62 -860.45 3455.55 -59.65 -853.89 3455.55 -103.31 -871.51 3458.00 -101.48 -867.72 3455.55 -90.00 -874.32 3458.00 -90.00 -870.00 3462.44 -62.11 -864.78 3455.55 -66.33 -864.03 3462.44 -58.08 -857.90 3455.55 -59.65 -853.89 3455.55 -59.65 -853.89 3458.00 -62.28 -851.48 3455.55 -66.33 -864.03 3458.00 -68.79 -861.21 3455.55 -76.56 -870.89 3458.00 -78.52 -867.72 3462.44 -66.54 -868.14 3455.55 -66.33 -864.03 3460.44 -55.42 -875.15 3462.09 -104.27 -876.78 3465.12 -116.80 -868.72 3455.55 -103.31 -871.51 3455.72 -113.66 -864.34 3455.55 -121.08 -853.32 3466.00 -124.41 -858.51 3455.55 -121.08 -853.32 3458.00 -117.72 -851.48 3455.72 -113.66 -864.34 3458.00 -111.21 -861.21 3462.44 -90.00 -878.64 3455.55 -90.00 -874.32 3462.44 -66.54 -868.14 3462.44 -72.30 -872.38 3455.55 -66.33 -864.03 3455.55 -76.56 -870.89 3455.55 -76.56 -870.89 3462.44 -78.03 -875.34 3460.44 -67.85 -884.59 3455.55 -76.56 -870.89 3462.44 -72.30 -872.38 3462.44 -78.03 -875.34 3455.55 -76.56 -870.89 3460.44 -67.85 -884.59 3456.82 -130.33 -840.00 3455.55 -123.58 -840.00 3466.00 -127.48 -848.86 3465.06 -133.98 -846.40 3472.00 -140.00 -840.00 3462.38 -136.43 -840.00 3465.06 -133.98 -846.40 3466.00 -127.48 -848.86 3472.00 -140.00 -840.00 3462.44 -55.53 -852.90 3462.44 -53.14 -844.18 3472.00 -55.19 -856.92 3462.44 -62.11 -864.78 3462.44 -58.08 -857.90 3472.00 -62.71 -867.97 3462.44 -66.54 -868.14 3462.44 -72.30 -872.38 3472.00 -74.09 -875.90 3462.44 -90.00 -878.64 3462.44 -78.03 -875.34 3472.00 -91.96 -880.36 3460.44 -67.85 -884.59 3462.44 -72.30 -872.38 3462.44 -78.03 -875.34 3462.44 -62.11 -864.78 3462.44 -66.54 -868.14 3460.44 -55.42 -875.15 3460.44 -44.62 -860.45 3462.44 -55.53 -852.90 3462.44 -58.08 -857.90 3462.44 -53.14 -844.18 3466.00 -127.48 -848.86 3455.55 -123.58 -840.00 3462.09 -104.27 -876.78 3472.00 -230.32 -870.00 3472.10 -240.00 -870.00 3492.00 -240.00 -870.00 3492.00 -140.00 -870.00 3472.00 -140.00 -870.00 3472.00 -230.32 -870.00 3462.38 -230.32 -875.48 3472.10 -240.00 -870.00 3462.30 -240.00 -875.53 3457.00 -230.32 -888.55 3462.69 -230.32 -901.61 3457.00 -240.00 -888.56 3462.69 -240.00 -901.61 3460.80 -96.91 -888.25 3472.00 -103.11 -894.55 3465.05 -111.08 -889.60 3458.77 -108.42 -881.05 3458.77 -108.42 -881.05 3462.09 -104.27 -876.78 3460.80 -96.91 -888.25 3465.60 -90.28 -891.33 3472.00 -86.35 -893.11 3472.00 -95.50 -896.10 3472.00 -101.82 -901.30 3461.20 -116.17 -893.69 3472.00 -103.11 -894.55 3465.05 -111.08 -889.60 3457.00 -240.00 -888.56 3457.00 -230.32 -888.55 3464.74 -118.49 -884.22 3457.45 -128.01 -885.39 3461.20 -116.17 -893.69 3465.25 -123.29 -897.40 3457.45 -128.01 -885.39 3459.72 -119.30 -873.98 3464.74 -118.49 -884.22 3466.97 -126.48 -877.75 3466.97 -126.48 -877.75 3469.52 -132.71 -872.45 3466.04 -143.59 -873.80 3472.00 -140.00 -870.00 3461.11 -135.28 -888.47 3465.35 -145.26 -879.57 3459.33 -136.11 -878.44 3461.11 -165.48 -888.47 3463.95 -151.35 -894.94 3465.28 -162.61 -897.57 3466.81 -152.65 -899.39 3465.28 -162.61 -897.57 3466.81 -154.06 -903.06 3472.00 -159.53 -902.11 3465.15 -145.74 -904.54 3472.42 -149.72 -907.12 3459.33 -136.11 -878.44 3463.12 -127.86 -895.10 3465.25 -123.29 -897.40 3472.00 -119.53 -899.48 3464.29 -131.79 -902.55 3471.95 -128.35 -905.09 3472.00 -140.00 -870.00 3466.00 -127.48 -848.86 3466.00 -124.41 -858.51 3472.00 -119.53 -899.48 3469.52 -132.71 -872.45 3469.52 -132.71 -872.45 3468.56 -128.40 -869.36 3459.36 -143.94 -892.41 3463.95 -151.35 -894.94 3461.11 -165.48 -888.47 3461.11 -135.28 -888.47 3463.12 -127.86 -895.10 3459.36 -143.94 -892.41 3463.12 -127.86 -895.10 3467.17 -138.61 -898.95 3464.86 -141.07 -897.06 3459.20 -155.60 -885.55 3463.12 -127.86 -895.10 3464.29 -131.79 -902.55 3467.17 -138.61 -898.95 3465.15 -145.74 -904.54 3472.56 -137.01 -907.94 3465.35 -145.26 -879.57 3466.72 -173.28 -876.87 3472.00 -154.57 -873.50 3472.00 -240.00 -906.60 3462.69 -240.00 -901.61 3472.00 -230.32 -906.60 3465.28 -224.42 -897.57 3465.28 -191.78 -897.57 3472.00 -224.42 -902.11 3472.00 -185.47 -902.11 3461.11 -190.35 -888.47 3465.28 -180.85 -897.57 3472.00 -224.42 -902.11 3461.11 -224.42 -888.47 3465.35 -224.42 -879.57 3472.00 -230.32 -870.00 3472.00 -190.00 -870.00 3472.00 -224.42 -874.60 3472.00 -190.00 -874.05 3492.00 -180.00 -870.00 3472.00 -190.00 -870.00 3468.56 -128.40 -869.36 3472.00 -224.42 -874.60 3465.35 -179.29 -879.57 3465.35 -200.28 -879.57 3472.00 -190.00 -874.05 3472.00 -224.42 -874.60 3461.11 -224.42 -888.47 3492.00 -140.00 -870.00 3472.00 -140.00 -870.00 3461.11 -190.35 -888.47 3461.11 -165.48 -888.47 3472.00 -154.57 -873.50 3461.11 -198.14 -888.47 3465.35 -179.29 -879.57 3462.21 -171.03 -878.66 3459.20 -155.60 -885.55 3472.00 -172.49 -902.11 3472.00 -159.53 -902.11 3472.00 -190.00 -874.05 3472.00 -190.00 -874.05 3472.00 -154.57 -873.50 3472.00 -140.00 -870.00 3465.60 -90.28 -891.33 3472.00 -86.49 -886.88 3472.00 -86.35 -893.11 3472.00 -101.82 -901.30 3472.00 -109.90 -903.58 3466.04 -143.59 -873.80 3465.12 -116.80 -868.72 3459.72 -119.30 -873.98 3468.56 -128.40 -869.36 3465.12 -116.80 -868.72 3469.52 -132.71 -872.45 3468.56 -128.40 -869.36 3466.97 -126.48 -877.75 3469.52 -132.71 -872.45 3472.00 -154.57 -873.50 3472.00 -91.96 -880.36 3463.12 -127.86 -895.10 3466.81 -152.65 -899.39 3466.81 -154.06 -903.06 3467.17 -138.61 -898.95 3464.86 -141.07 -897.06 3463.12 -127.86 -895.10 3464.86 -141.07 -897.06 3464.86 -141.07 -897.06 3461.11 -135.28 -888.47 3462.43 -150.32 -882.74 3462.43 -150.32 -882.74 3461.11 -135.28 -888.47 3462.21 -171.03 -878.66 3466.72 -173.28 -876.87 3472.00 -190.00 -874.05 3461.11 -198.14 -888.47 3457.81 -194.79 -888.47 3461.11 -198.14 -888.47 3465.35 -200.28 -879.57 3461.99 -185.78 -898.78 3465.28 -191.78 -897.57 3457.81 -194.79 -888.47 3461.11 -198.14 -888.47 3472.00 -185.47 -902.11 3472.00 -175.24 -905.16 3465.28 -180.85 -897.57 3472.00 -172.49 -902.11 3461.11 -190.35 -888.47 3461.11 -190.35 -888.47 3458.00 -60.00 -840.00 3458.00 -62.28 -851.48 3451.12 -90.00 -840.00 3458.00 -68.79 -861.21 3458.00 -68.79 -818.79 3458.00 -62.28 -828.52 3458.00 -90.00 -810.00 3458.00 -78.52 -812.28 3458.00 -111.21 -818.79 3458.00 -101.48 -812.28 3458.00 -120.00 -840.00 3458.00 -117.72 -828.52 3458.00 -111.21 -861.21 3458.00 -117.72 -851.48 3458.00 -90.00 -870.00 3458.00 -101.48 -867.72 3458.00 -78.52 -867.72 2372.00 -130.00 -890.00 2372.00 -150.00 -890.00 2372.00 -130.00 -900.00 2372.00 -190.00 -900.00 2372.00 -190.00 -890.00 2372.00 -88.00 -882.00 2372.00 -70.00 -840.00 2372.00 -130.00 -870.00 2372.00 -130.00 -840.00 2372.00 -130.00 -810.00 2372.00 -130.00 -790.00 2372.00 -88.00 -798.00 2372.00 -130.00 -780.00 2372.00 -190.00 -780.00 2372.00 -235.00 -780.00 2372.00 -190.00 -790.00 2372.00 -240.00 -795.00 3402.00 -240.00 -720.00 3402.00 -60.00 -720.00 3472.00 -240.00 -720.00 3472.00 -60.00 -720.00 3472.00 -240.00 -889.01 3472.00 -120.00 -889.01 3472.00 -240.00 -960.00 3472.00 -60.00 -960.00 3472.00 -70.00 -885.00 3472.00 0.00 -900.00 3472.00 -60.00 -720.00 3472.00 -120.00 -790.99 3472.00 -240.00 -720.00 3472.00 -70.00 -795.00 3472.00 -240.00 -790.99 3472.00 0.00 -840.00 3402.00 -60.00 -720.00 3402.00 0.00 -780.00 3472.00 -60.00 -720.00 3472.00 0.00 -780.00 3402.00 0.00 -840.00 3472.00 0.00 -840.00 2372.00 -235.00 -900.00 2372.00 -239.49 -885.76 2372.00 -150.00 -790.00 3472.00 0.00 -780.00 3332.00 0.00 -900.00 3402.00 0.00 -900.00 3332.00 0.00 -840.00 3402.00 0.00 -840.00 3472.00 -60.00 -960.00 3402.00 -60.00 -960.00 3472.00 -240.00 -960.00 3402.00 -240.00 -960.00 3402.00 -60.00 -960.00 3472.00 0.00 -900.00 3472.00 -60.00 -960.00 3332.00 0.00 -780.00 3332.00 -60.00 -720.00 3332.00 0.00 -840.00 3472.00 0.00 -840.00 3492.00 -240.00 -840.00 3492.00 -240.00 -882.00 3472.00 -240.00 -840.00 3472.00 -240.00 -889.01 3437.00 -240.00 -900.00 3472.00 -240.00 -960.00 3472.00 -240.00 -720.00 3472.00 -240.00 -790.99 3437.00 -240.00 -780.00 3492.00 -240.00 -798.00 3332.00 -240.00 -960.00 3402.00 -240.00 -960.00 3402.00 -240.00 -840.00 3332.00 -240.00 -780.00 3402.00 -240.00 -720.00 3332.00 -240.00 -720.00 3332.00 -240.00 -900.00 3332.00 -240.00 -840.00 2612.00 -560.00 -1200.00 2492.00 -560.00 -1200.00 2612.00 -560.00 -1080.00 2492.00 -560.00 -1080.00 2492.00 -560.00 -960.00 2612.00 -560.00 -960.00 3332.00 -560.00 -720.00 3212.00 -560.00 -720.00 3332.00 -560.00 -600.00 3212.00 -560.00 -600.00 3212.00 -560.00 -480.00 3332.00 -560.00 -480.00 2492.00 -560.00 -480.00 2612.00 -560.00 -480.00 2492.00 -560.00 -600.00 2612.00 -560.00 -600.00 2375.78 -250.00 -810.00 2375.78 -250.00 -840.00 2352.00 -250.00 -810.00 2352.00 -250.00 -840.00 2402.00 -250.00 -840.00 2402.00 -250.00 -810.00 2492.00 -250.00 -840.00 2492.00 -250.00 -810.00 2402.00 -240.00 -780.00 2492.00 -250.00 -780.00 2372.00 -240.00 -795.00 2372.00 -235.00 -780.00 2402.00 -250.00 -870.00 2492.00 -250.00 -870.00 2402.00 -240.00 -900.00 2492.00 -250.00 -900.00 2831.00 -120.00 -1440.00 2912.00 -120.00 -1440.00 2843.00 -120.00 -1536.00 2903.00 -120.00 -1566.00 2968.00 -120.00 -1539.00 2994.00 -120.00 -1440.00 2972.00 -120.00 -1320.00 2912.00 -120.00 -1320.00 2852.00 -120.00 -1320.00 2732.00 -420.00 -720.00 2852.00 -420.00 -720.00 2732.00 -420.00 -840.00 2852.00 -420.00 -840.00 3332.00 -560.00 -1200.00 3212.00 -560.00 -1200.00 3212.00 -560.00 -1080.00 3092.00 -560.00 -1080.00 3092.00 -560.00 -1200.00 2972.00 -560.00 -1200.00 2972.00 -560.00 -1080.00 3332.00 -560.00 -1080.00 2375.78 -250.00 -870.00 2372.00 -239.49 -885.76 2352.00 -250.00 -870.00 2372.00 -235.00 -900.00 2372.00 -190.00 -780.00 2432.00 -190.00 -780.00 2402.00 -240.00 -780.00 2492.00 -250.00 -780.00 2492.00 -190.00 -780.00 2492.00 -75.53 -792.06 2492.00 -130.00 -775.44 2432.00 -88.00 -798.00 2432.00 -130.00 -780.00 2432.00 -70.00 -840.00 2492.00 -75.53 -887.94 2432.00 -70.00 -840.00 2432.00 -88.00 -882.00 2492.00 -130.00 -904.56 2432.00 -130.00 -900.00 2492.00 -130.00 -904.56 2432.00 -130.00 -900.00 2492.00 -190.00 -900.00 2432.00 -190.00 -900.00 2492.00 -250.00 -960.00 2492.00 -190.00 -900.00 2492.00 -250.00 -900.00 2492.00 -8.21 -964.28 2564.57 121.23 -840.00 2492.00 -38.50 -840.00 2492.00 5.18 -697.87 2551.38 140.00 -705.17 2492.00 100.00 -580.00 2564.57 121.23 -840.00 2492.00 5.18 -697.87 2492.00 -38.50 -840.00 2492.00 5.18 -697.87 2492.00 2.22 -560.46 2492.00 -130.00 -637.92 2492.00 -130.00 -480.00 2492.00 -190.00 -780.00 2492.00 -249.01 -720.00 2492.00 -250.00 -780.00 3212.00 -320.00 -480.00 3212.00 -233.23 -480.00 3332.00 -320.00 -480.00 3332.00 -231.80 -480.00 3222.00 -2.89 -480.00 3291.76 14.42 -480.00 3212.00 -105.78 -480.00 3332.00 -109.79 -480.00 2492.00 -248.02 -631.34 2492.00 -246.03 -480.00 2492.00 -320.00 -600.00 2492.00 -320.00 -480.00 3332.00 -235.90 -600.00 3332.00 -240.00 -720.00 3332.00 -320.00 -600.00 3332.00 -320.00 -720.00 3332.00 100.00 -596.04 3332.00 5.46 -598.02 3332.00 11.93 -518.10 3332.00 100.00 -1100.00 3332.00 -11.56 -1075.87 3332.00 100.00 -989.00 3330.00 -11.93 -985.94 3332.00 -126.22 -1080.00 3332.00 -88.41 -1141.25 3332.00 -122.45 -1200.00 3332.00 -122.45 -1200.00 3212.00 -121.63 -1200.00 3332.00 -240.00 -1200.00 3212.00 -242.57 -1200.00 2972.00 -247.72 -1200.00 3092.00 -245.15 -1200.00 2972.00 -158.86 -1200.00 3092.00 -120.82 -1200.00 2612.00 -250.00 -1200.00 2612.00 -130.44 -1200.00 2492.00 -250.00 -1200.00 2492.00 -113.81 -1200.00 2972.00 -247.72 -1200.00 2972.00 -185.00 -1320.00 2972.00 -270.91 -1320.00 2972.00 -270.91 -1320.00 2972.00 -185.00 -1320.00 2852.00 -270.91 -1320.00 2852.00 -182.69 -1320.00 2852.00 -250.00 -1200.00 2852.00 -182.69 -1320.00 2852.00 -145.59 -1200.00 2852.00 -145.59 -1200.00 2852.00 -120.00 -1320.00 2852.00 -19.55 -1200.00 2841.60 -38.41 -1320.00 2492.00 -113.81 -1200.00 2612.00 -130.44 -1200.00 2571.89 -75.53 -1200.00 2852.00 -19.55 -1200.00 2807.00 64.80 -1200.00 2732.00 13.28 -1200.00 2841.60 -38.41 -1320.00 2852.00 8.27 -1280.63 2852.00 -19.55 -1200.00 2972.00 -32.80 -1200.00 2972.00 -158.86 -1200.00 3024.58 -16.00 -1200.00 2972.00 -120.00 -1320.00 2972.00 -32.80 -1200.00 2972.00 -43.88 -1320.00 3332.00 -320.00 -1200.00 3332.00 -440.00 -1200.00 3332.00 -320.00 -1080.00 3332.00 -440.00 -1080.00 3332.00 -440.00 -1200.00 3212.00 -440.00 -1200.00 3332.00 -560.00 -1200.00 3212.00 -560.00 -1200.00 2492.00 -440.00 -1080.00 2492.00 -320.00 -1050.73 2492.00 -440.00 -960.00 2492.00 -320.00 -960.00 2492.00 -320.00 -1200.00 2492.00 -440.00 -1200.00 2612.00 -320.00 -1200.00 2612.00 -440.00 -1200.00 3332.00 -440.00 -600.00 3332.00 -320.00 -480.00 3332.00 -440.00 -480.00 3212.00 -440.00 -480.00 3332.00 -440.00 -480.00 3212.00 -560.00 -480.00 3332.00 -560.00 -480.00 2612.00 -320.00 -480.00 2612.00 -440.00 -480.00 2492.00 -320.00 -480.00 2492.00 -440.00 -480.00 2492.00 -440.00 -600.00 2492.00 -440.00 -480.00 3332.00 -560.00 -1080.00 3332.00 -560.00 -1200.00 3332.00 -320.00 -1200.00 3212.00 -320.00 -1200.00 2492.00 -250.00 -960.00 2492.00 -320.00 -900.00 2492.00 -250.00 -900.00 2492.00 -250.00 -1200.00 2612.00 -250.00 -1200.00 3092.00 -245.15 -1200.00 2972.00 -247.72 -1200.00 3092.00 -320.00 -1200.00 2972.00 -320.00 -1200.00 3332.00 -240.00 -1080.00 3332.00 -240.00 -1200.00 2432.00 -130.00 -780.00 2372.00 -130.00 -780.00 2402.00 -240.00 -900.00 2372.00 -190.00 -900.00 2372.00 -235.00 -900.00 3332.00 -240.00 -1200.00 3212.00 -242.57 -1200.00 3212.00 -242.57 -1200.00 3092.00 -245.15 -1200.00 3212.00 -320.00 -1200.00 3092.00 -320.00 -1200.00 3092.00 -245.15 -1200.00 3212.00 -242.57 -1200.00 3092.00 -120.82 -1200.00 3212.00 -121.63 -1200.00 3092.00 -440.00 -1200.00 2972.00 -440.00 -1200.00 3092.00 -560.00 -1200.00 2972.00 -560.00 -1200.00 3212.00 -440.00 -1200.00 3092.00 -440.00 -1200.00 3212.00 -560.00 -1200.00 3092.00 -560.00 -1200.00 3332.00 -126.22 -1080.00 3332.00 -240.00 -1080.00 3332.00 -130.00 -960.00 3332.00 -240.00 -960.00 2492.00 -440.00 -1200.00 2492.00 -560.00 -1200.00 2492.00 -560.00 -1080.00 2492.00 -320.00 -1200.00 2492.00 -250.00 -1200.00 2492.00 -250.00 -1050.73 2492.00 -113.81 -1200.00 2492.00 -125.94 -1042.44 2492.00 -250.00 -1200.00 2492.00 -250.00 -1050.73 2612.00 -111.89 -480.00 2612.00 -243.90 -480.00 2492.00 -130.00 -480.00 2492.00 -246.03 -480.00 3092.00 -101.78 -480.00 3092.00 -234.66 -480.00 2972.00 -103.25 -480.00 2972.00 -237.51 -480.00 3332.00 -102.10 -600.00 3332.00 -235.90 -600.00 3332.00 -109.79 -480.00 3332.00 -231.80 -480.00 2612.00 -560.00 -1200.00 2492.00 -560.00 -1200.00 2492.00 -560.00 -960.00 2492.00 -560.00 -480.00 2612.00 -560.00 -480.00 2492.00 -560.00 -600.00 2492.00 -560.00 -480.00 3332.00 -560.00 -600.00 3332.00 -560.00 -720.00 3332.00 -440.00 -720.00 3332.00 -240.00 -720.00 3332.00 -235.90 -600.00 3332.00 -114.59 -720.00 3332.00 -102.10 -600.00 3332.00 -560.00 -480.00 3332.00 -231.80 -480.00 2492.00 -130.00 -637.92 2492.00 -130.00 -480.00 2492.00 -248.02 -631.34 2492.00 -246.03 -480.00 2492.00 -320.00 -631.34 2732.00 -130.22 -1200.00 2732.00 -250.00 -1200.00 2852.00 -145.59 -1200.00 2852.00 -250.00 -1200.00 2612.00 -250.00 -1200.00 2732.00 -250.00 -1200.00 2612.00 -130.44 -1200.00 2732.00 -130.22 -1200.00 2492.00 -250.00 -900.00 2372.00 -235.00 -780.00 2492.00 -38.50 -840.00 2492.00 -75.53 -887.94 2492.00 -8.21 -964.28 2372.00 -88.00 -798.00 2372.00 -130.00 -780.00 2492.00 -130.00 -775.44 2372.00 -70.00 -840.00 2372.00 -88.00 -882.00 2372.00 -70.00 -840.00 2372.00 -130.00 -900.00 2372.00 -130.00 -900.00 2492.00 -125.94 -1042.44 2492.00 -130.00 -637.92 2492.00 -248.02 -631.34 2492.00 -8.21 -964.28 2492.00 -125.94 -1042.44 2492.00 -17.52 -1087.56 2551.38 117.12 -943.74 2551.38 117.12 -943.74 2492.00 -8.21 -964.28 2492.00 100.00 -1051.18 2492.00 -17.52 -1087.56 2492.00 -125.94 -1042.44 2492.00 -130.00 -904.56 2492.00 -78.69 -1124.38 2492.00 -113.81 -1200.00 2612.00 -130.44 -1200.00 2732.00 -130.22 -1200.00 2612.00 -3.39 -1200.00 2732.00 13.28 -1200.00 2732.00 13.28 -1200.00 2732.00 -130.22 -1200.00 2852.00 -19.55 -1200.00 2852.00 -145.59 -1200.00 2612.00 -3.39 -1200.00 2492.00 -250.00 -1050.73 2492.00 -130.00 -904.56 2492.00 -130.00 -775.44 2841.20 0.19 -1368.78 2852.00 46.00 -1320.00 2841.60 -38.41 -1320.00 2492.00 5.18 -697.87 2492.00 -75.53 -792.06 2492.00 -38.50 -840.00 2551.38 140.00 -705.17 2492.00 -130.00 -775.44 2492.00 -130.00 -637.92 2492.00 -38.50 -840.00 2492.00 2.22 -560.46 3094.66 37.17 -1200.00 3092.00 -120.82 -1200.00 3220.39 20.00 -1200.00 3212.00 -121.63 -1200.00 3220.39 20.00 -1200.00 3212.00 -121.63 -1200.00 3258.30 -66.36 -1200.00 2831.00 -25.00 -1440.00 3092.00 -120.82 -1200.00 3094.66 37.17 -1200.00 3332.00 -122.45 -1200.00 3332.00 -64.00 -996.00 3332.00 -11.56 -1075.87 3332.00 -126.22 -1080.00 3332.00 100.00 -1100.00 3332.00 -11.22 -1113.35 3332.00 -11.56 -1075.87 3332.00 -130.00 -960.00 3330.00 -11.93 -985.94 3332.00 -11.22 -1113.35 3332.00 -11.56 -1075.87 3332.00 18.00 -696.00 3332.00 5.46 -598.02 3332.00 100.00 -676.66 3332.00 100.00 -596.04 3332.00 11.93 -518.10 3332.00 -102.10 -600.00 3332.00 -109.79 -480.00 3332.00 -114.59 -720.00 3332.00 -102.10 -600.00 3332.00 -57.17 -691.20 3332.00 5.46 -598.02 3332.00 5.46 -598.02 3332.00 18.00 -696.00 3332.00 -240.00 -1080.00 3332.00 -126.22 -1080.00 3332.00 -240.00 -1200.00 3332.00 -122.45 -1200.00 3212.00 -233.23 -480.00 3092.00 -234.66 -480.00 3212.00 -105.78 -480.00 3092.00 -101.78 -480.00 2612.00 -243.90 -480.00 2492.00 -246.03 -480.00 2852.00 -103.25 -480.00 2852.00 -239.64 -480.00 2732.00 -103.25 -480.00 2732.00 -241.77 -480.00 2732.00 -103.25 -480.00 2732.00 -241.77 -480.00 2612.00 -111.89 -480.00 2612.00 -243.90 -480.00 2851.82 18.38 -480.00 2733.08 15.30 -480.00 2851.64 80.58 -480.00 2734.16 133.84 -480.00 2972.00 -103.25 -480.00 2972.00 -237.51 -480.00 2852.00 -103.25 -480.00 2852.00 -239.64 -480.00 3332.00 -231.80 -480.00 3212.00 -233.23 -480.00 3332.00 -109.79 -480.00 3212.00 -105.78 -480.00 3222.00 -2.89 -480.00 3098.98 12.33 -480.00 3232.00 100.00 -480.00 3105.96 126.44 -480.00 2972.00 -103.25 -480.00 2975.00 18.38 -480.00 3092.00 -101.78 -480.00 3098.98 12.33 -480.00 2851.82 18.38 -480.00 2851.64 80.58 -480.00 2975.00 18.38 -480.00 2978.00 140.00 -480.00 2734.16 133.84 -480.00 2733.08 15.30 -480.00 2603.13 100.00 -480.00 2607.56 -5.94 -480.00 2603.13 100.00 -480.00 2607.56 -5.94 -480.00 2564.06 -15.00 -480.00 3098.98 12.33 -480.00 2975.00 18.38 -480.00 3105.96 126.44 -480.00 2978.00 140.00 -480.00 2852.00 -103.25 -480.00 2851.82 18.38 -480.00 2972.00 -103.25 -480.00 2975.00 18.38 -480.00 3098.98 12.33 -480.00 3222.00 -2.89 -480.00 3092.00 -101.78 -480.00 3212.00 -105.78 -480.00 2851.82 18.38 -480.00 2852.00 -103.25 -480.00 2733.08 15.30 -480.00 2732.00 -103.25 -480.00 2733.08 15.30 -480.00 2732.00 -103.25 -480.00 2607.56 -5.94 -480.00 2612.00 -111.89 -480.00 3291.76 14.42 -480.00 3222.00 -2.89 -480.00 3232.00 100.00 -480.00 2607.56 -5.94 -480.00 2612.00 -111.89 -480.00 2564.06 -15.00 -480.00 2492.00 -130.00 -480.00 2852.00 -270.91 -1320.00 2852.00 -182.69 -1320.00 2972.00 -185.00 -1320.00 2972.00 -158.86 -1200.00 2972.00 -158.86 -1200.00 2972.00 -43.88 -1320.00 2972.00 -32.80 -1200.00 2972.00 60.00 -1320.00 2983.00 -4.01 -1366.69 2972.00 -43.88 -1320.00 2972.00 60.00 -1320.00 2994.00 -37.00 -1440.00 2852.00 46.00 -1320.00 2972.00 60.00 -1320.00 2938.00 12.00 -1410.00 2983.00 -4.01 -1366.69 3332.00 -57.17 -691.20 3320.09 -57.52 -720.80 3332.00 -114.59 -720.00 3349.30 -73.11 -739.08 3402.00 -150.00 -720.00 3396.10 -60.00 -720.00 3332.00 18.00 -696.00 3304.38 -1.58 -717.80 3296.00 6.00 -777.00 3352.00 -32.00 -775.00 3408.00 0.00 -780.00 3397.00 0.00 -836.00 3330.00 -8.00 -843.00 3299.00 15.00 -847.00 3233.06 116.60 -840.00 3271.29 101.01 -724.62 3332.00 -130.00 -960.00 3318.00 -80.00 -952.00 3332.00 -64.00 -996.00 3352.00 -80.00 -936.00 3381.00 -156.00 -960.00 3396.50 -60.00 -960.00 3318.00 -15.00 -937.00 3330.00 -11.93 -985.94 3296.00 6.00 -910.00 3352.00 -33.00 -902.00 3406.00 0.00 -900.00 3235.63 106.10 -924.40 3275.09 95.31 -958.55 3332.00 100.00 -989.00 2871.00 14.00 -1408.00 2903.00 -20.00 -1568.00 2994.00 -37.00 -1440.00 2968.00 -21.00 -1539.00 2843.00 -19.00 -1539.00 2831.00 -25.00 -1440.00 2542.83 -23.69 -532.10 2568.12 70.38 -557.41 2564.06 -15.00 -480.00 2603.13 100.00 -480.00 2492.00 2.22 -560.46 2492.00 100.00 -580.00 3232.00 100.00 -480.00 3249.35 78.00 -528.53 3291.76 14.42 -480.00 3294.56 4.72 -500.19 3332.00 100.00 -596.04 3332.00 11.93 -518.10 3246.12 -34.74 -1132.59 3226.28 47.31 -1059.44 3178.19 28.49 -1116.31 3220.39 20.00 -1200.00 3258.30 -66.36 -1200.00 2614.98 37.43 -1090.85 2492.00 100.00 -1051.18 2492.00 -17.52 -1087.56 2852.00 46.00 -1320.00 2841.20 0.19 -1368.78 2912.00 60.00 -1240.00 2912.00 60.00 -1135.94 2868.78 81.84 -1145.47 2895.18 20.73 -1233.24 2852.00 -19.55 -1200.00 2852.00 8.27 -1280.63 2972.00 -32.80 -1200.00 2945.66 36.62 -1141.91 3008.24 25.15 -1130.44 3024.58 -16.00 -1200.00 3084.38 80.46 -1145.93 3094.66 37.17 -1200.00 3015.12 101.62 -1100.91 2934.78 103.71 -1085.91 2841.66 50.98 -1132.18 2807.00 64.80 -1200.00 2860.00 193.00 -1102.00 2775.83 190.21 -1052.87 2612.00 -3.39 -1200.00 2732.00 13.28 -1200.00 2711.82 64.74 -1075.83 2563.04 -51.62 -1130.73 2705.58 130.27 -609.80 2734.16 133.84 -480.00 2615.84 140.57 -700.32 2742.00 220.00 -780.00 2861.90 229.64 -640.16 2874.00 220.00 -824.00 2551.38 140.00 -705.17 2564.57 121.23 -840.00 2649.36 160.00 -840.00 2649.39 112.96 -1016.40 2551.38 117.12 -943.74 2657.34 165.13 -942.64 2782.00 220.00 -922.00 2900.00 220.00 -987.00 2947.46 171.07 -1073.98 3019.00 178.00 -1108.00 3010.87 209.07 -1010.96 3004.34 215.04 -885.19 3124.52 138.77 -1003.76 3140.79 137.67 -557.18 3207.96 169.71 -656.26 3028.82 222.87 -621.72 2966.00 220.00 -793.00 3128.01 207.76 -746.95 2978.00 140.00 -480.00 2851.64 80.58 -480.00 2909.55 139.60 -544.62 2826.32 129.88 -555.47 3332.00 100.00 -1100.00 3240.70 110.38 -984.78 3120.92 178.81 -869.50 2492.00 -78.69 -1124.38 2492.00 -113.81 -1200.00 2571.89 -75.53 -1200.00 3332.00 -122.45 -1200.00 3332.00 -88.41 -1141.25 3332.00 -11.22 -1113.35 3289.29 74.35 -1061.57 3332.00 -11.22 -1113.35 3332.00 100.00 -676.66 3105.96 126.44 -480.00 3332.00 -109.79 -480.00 2492.00 -130.00 -480.00 2912.00 60.00 -1240.00 3332.00 -130.00 -960.00 3332.00 -240.00 -960.00 3402.00 -240.00 -960.00 3332.00 -60.00 -960.00 3402.00 -60.00 -960.00 3332.00 0.00 -900.00 3402.00 0.00 -900.00 3332.00 -60.00 -720.00 3402.00 -60.00 -720.00 3332.00 -114.59 -720.00 3402.00 -240.00 -720.00 3332.00 -60.00 -960.00 3402.00 -60.00 -960.00 3332.00 -240.00 -720.00 2974.81 -300.16 -681.30 2993.73 -302.36 -663.12 2993.55 -281.92 -671.87 2983.87 -284.82 -698.45 2985.84 -284.76 -683.76 3002.00 -277.00 -690.00 2990.00 -302.00 -717.48 3015.61 -301.38 -719.28 2993.33 -320.00 -720.00 3013.33 -320.00 -720.00 3028.98 -297.76 -703.46 3028.10 -299.06 -679.30 3032.85 -320.00 -700.00 2974.92 -300.00 -702.42 2973.33 -320.00 -700.00 2974.81 -300.16 -681.30 2973.33 -320.00 -680.33 3011.70 -298.81 -661.82 3013.33 -320.00 -660.00 2993.33 -320.00 -660.00 3018.71 -282.02 -696.38 3019.73 -278.98 -682.17 2993.55 -281.92 -671.87 3008.83 -279.49 -673.52 3028.98 -297.76 -703.46 3010.45 -281.92 -708.13 3018.71 -282.02 -696.38 2996.40 -281.92 -706.02 3010.45 -281.92 -708.13 2990.00 -302.00 -717.48 2983.87 -284.82 -698.45 3008.83 -279.49 -673.52 3011.70 -298.81 -661.82 2973.33 -320.00 -680.33 2985.84 -284.76 -683.76 3013.33 -320.00 -660.00 3032.85 -320.00 -680.00 2993.33 -320.00 -720.00 3019.73 -278.98 -682.17 3018.71 -282.02 -696.38 3008.83 -279.49 -673.52 2985.84 -284.76 -683.76 2996.40 -281.92 -706.02 2996.40 -281.92 -706.02 3032.85 -320.00 -700.00 2813.30 -300.16 -597.19 2792.62 -302.11 -578.66 2802.68 -284.49 -577.68 2829.65 -285.15 -586.07 2812.57 -285.35 -592.70 2822.00 -277.00 -570.00 2849.48 -302.00 -582.00 2851.28 -301.38 -556.39 2852.00 -320.00 -578.67 2852.00 -320.00 -558.67 2835.46 -297.76 -543.02 2811.13 -298.07 -541.04 2832.00 -320.00 -539.15 2834.42 -300.00 -597.08 2832.00 -320.00 -598.67 2813.30 -300.16 -597.19 2812.33 -320.00 -598.67 2793.82 -298.81 -560.30 2792.00 -320.00 -558.67 2792.00 -320.00 -578.67 2828.38 -282.02 -553.29 2816.02 -280.32 -556.67 2802.68 -284.49 -577.68 2803.99 -282.45 -565.27 2835.46 -297.76 -543.02 2838.19 -281.87 -563.13 2828.38 -282.02 -553.29 2840.18 -281.92 -576.16 2838.19 -281.87 -563.13 2849.48 -302.00 -582.00 2829.65 -285.15 -586.07 2803.99 -282.45 -565.27 2793.82 -298.81 -560.30 2812.33 -320.00 -598.67 2812.57 -285.35 -592.70 2792.00 -320.00 -558.67 2812.00 -320.00 -539.15 2852.00 -320.00 -578.67 2816.02 -280.32 -556.67 2828.38 -282.02 -553.29 2803.99 -282.45 -565.27 2812.57 -285.35 -592.70 2840.18 -281.92 -576.16 2840.18 -281.92 -576.16 2832.00 -320.00 -539.15 2972.00 -237.51 -480.00 2972.00 -320.00 -480.00 2852.00 -239.64 -480.00 2852.00 -320.00 -480.00 3332.00 -320.00 -900.00 3332.00 -240.00 -900.00 3332.00 -320.00 -960.00 3332.00 -240.00 -960.00 2994.00 -120.00 -1440.00 2994.00 -37.00 -1440.00 2968.00 -120.00 -1539.00 2968.00 -21.00 -1539.00 2843.00 -120.00 -1536.00 2903.00 -120.00 -1566.00 2843.00 -19.00 -1539.00 2903.00 -20.00 -1568.00 2968.00 -21.00 -1539.00 2968.00 -120.00 -1539.00 2831.00 -120.00 -1440.00 2843.00 -120.00 -1536.00 2831.00 -25.00 -1440.00 2843.00 -19.00 -1539.00 2994.00 -37.00 -1440.00 2994.00 -120.00 -1440.00 2972.00 -43.88 -1320.00 2972.00 -120.00 -1320.00 2852.00 -120.00 -1320.00 2831.00 -120.00 -1440.00 2841.60 -38.41 -1320.00 2831.00 -25.00 -1440.00 2492.00 -250.00 -780.00 2492.00 -320.00 -780.00 2492.00 -250.00 -810.00 2852.00 -320.00 -720.00 2852.00 -420.00 -720.00 2732.00 -320.00 -720.00 2732.00 -420.00 -720.00 2852.00 -320.00 -840.00 2852.00 -420.00 -840.00 2852.00 -320.00 -720.00 2852.00 -420.00 -720.00 2732.00 -320.00 -840.00 2732.00 -420.00 -840.00 2852.00 -320.00 -840.00 2852.00 -420.00 -840.00 2732.00 -320.00 -840.00 2732.00 -320.00 -720.00 2732.00 -420.00 -840.00 2732.00 -420.00 -720.00 2972.00 -440.00 -1200.00 2972.00 -440.00 -1080.00 2972.00 -560.00 -1200.00 2972.00 -560.00 -1080.00 2972.00 -440.00 -1080.00 3092.00 -440.00 -1080.00 2972.00 -560.00 -1080.00 3092.00 -560.00 -1080.00 2612.00 -440.00 -960.00 2612.00 -440.00 -1080.00 2612.00 -560.00 -960.00 2612.00 -560.00 -1080.00 2492.00 -440.00 -960.00 2612.00 -440.00 -960.00 2492.00 -560.00 -960.00 2612.00 -560.00 -960.00 3212.00 -440.00 -480.00 3212.00 -440.00 -600.00 3212.00 -320.00 -480.00 3212.00 -320.00 -600.00 3212.00 -320.00 -720.00 3212.00 -440.00 -720.00 3332.00 -320.00 -720.00 3332.00 -440.00 -720.00 2612.00 -440.00 -480.00 2612.00 -440.00 -600.00 2612.00 -560.00 -480.00 2612.00 -560.00 -600.00 2612.00 -440.00 -600.00 2492.00 -440.00 -600.00 2612.00 -560.00 -600.00 2492.00 -560.00 -600.00 2972.00 -320.00 -1200.00 2972.00 -320.00 -1320.00 2852.00 -320.00 -1200.00 2852.00 -320.00 -1320.00 3332.00 -320.00 -780.00 3332.00 -320.00 -720.00 3332.00 -240.00 -780.00 3332.00 -240.00 -720.00 3332.00 -320.00 -1080.00 3332.00 -440.00 -1080.00 3212.00 -320.00 -1080.00 3212.00 -440.00 -1080.00 3212.00 -320.00 -1080.00 3212.00 -440.00 -1080.00 3092.00 -320.00 -1080.00 2612.00 -320.00 -1200.00 2612.00 -440.00 -1200.00 2612.00 -320.00 -1080.00 3212.00 -560.00 -720.00 3212.00 -560.00 -600.00 3332.00 -440.00 -1080.00 3212.00 -560.00 -1080.00 3332.00 -560.00 -1080.00 2972.00 -320.00 -1080.00 2972.00 -320.00 -1200.00 2972.00 -440.00 -1200.00 3092.00 -320.00 -1080.00 3092.00 -440.00 -1080.00 2972.00 -320.00 -1080.00 3092.00 -560.00 -1080.00 3212.00 -560.00 -1080.00 2492.00 -250.00 -870.00 2492.00 -250.00 -840.00 2492.00 -320.00 -840.00 2492.00 -250.00 -900.00 2492.00 -320.00 -900.00 2852.00 -320.00 -1320.00 2852.00 -270.91 -1320.00 2852.00 -320.00 -1200.00 2852.00 -250.00 -1200.00 2972.00 -320.00 -1320.00 2972.00 -270.91 -1320.00 2852.00 -320.00 -1320.00 2852.00 -270.91 -1320.00 2972.00 -247.72 -1200.00 2972.00 -270.91 -1320.00 2972.00 -320.00 -1200.00 2972.00 -320.00 -1320.00 3332.00 -240.00 -960.00 3332.00 -240.00 -1080.00 3332.00 -320.00 -960.00 3332.00 -320.00 -1080.00 2612.00 -320.00 -960.00 2492.00 -320.00 -960.00 2492.00 -440.00 -960.00 2612.00 -440.00 -1080.00 2612.00 -440.00 -1200.00 2612.00 -560.00 -1080.00 2612.00 -560.00 -1200.00 2612.00 -320.00 -1080.00 2612.00 -320.00 -960.00 2612.00 -320.00 -600.00 2612.00 -320.00 -480.00 2612.00 -440.00 -480.00 2492.00 -320.00 -600.00 2492.00 -440.00 -600.00 2612.00 -320.00 -600.00 3332.00 -440.00 -720.00 3212.00 -440.00 -720.00 3332.00 -560.00 -720.00 3212.00 -560.00 -720.00 3212.00 -320.00 -600.00 3212.00 -440.00 -600.00 3212.00 -320.00 -720.00 3212.00 -560.00 -480.00 3212.00 -560.00 -600.00 3212.00 -440.00 -480.00 2492.00 -249.01 -720.00 2492.00 -320.00 -720.00 2492.00 -250.00 -780.00 2492.00 -320.00 -780.00 2732.00 -250.00 -1200.00 2732.00 -320.00 -1200.00 2852.00 -250.00 -1200.00 2852.00 -320.00 -1200.00 2612.00 -250.00 -1200.00 2612.00 -320.00 -1200.00 2732.00 -250.00 -1200.00 2732.00 -320.00 -1200.00 3092.00 -234.66 -480.00 3092.00 -320.00 -480.00 2972.00 -237.51 -480.00 2972.00 -320.00 -480.00 2852.00 -239.64 -480.00 2852.00 -320.00 -480.00 2732.00 -241.77 -480.00 2732.00 -320.00 -480.00 2732.00 -241.77 -480.00 2732.00 -320.00 -480.00 2612.00 -243.90 -480.00 2612.00 -320.00 -480.00 3212.00 -233.23 -480.00 3212.00 -320.00 -480.00 3092.00 -234.66 -480.00 3092.00 -320.00 -480.00 2492.00 -320.00 -631.34 2492.00 -248.02 -631.34 2852.00 -182.69 -1320.00 2972.00 -185.00 -1320.00 2912.00 -120.00 -1320.00 2972.00 -120.00 -1320.00 2852.00 -120.00 -1320.00 3332.00 -320.00 -840.00 3332.00 -240.00 -840.00 3332.00 -320.00 -840.00 3332.00 -240.00 -840.00 2742.49 57.51 -781.93 2749.56 106.37 -791.72 2753.74 106.37 -776.50 2742.49 57.51 -781.93 2741.03 106.37 -768.86 2742.49 57.51 -781.93 2730.60 106.37 -777.20 2742.49 57.51 -781.93 2736.80 76.50 -789.14 2755.85 148.68 -801.30 2763.82 234.67 -809.11 2762.40 148.68 -772.59 2773.22 234.67 -769.43 2736.80 76.50 -789.14 2732.93 176.28 -796.21 2729.38 234.67 -802.64 2742.49 57.51 -781.93 2722.00 148.68 -774.39 2711.60 234.67 -774.60 2732.93 176.28 -796.21 2729.38 234.67 -802.64 2742.23 148.68 -760.30 2740.86 234.67 -749.61 2940.50 166.43 -788.16 2934.64 225.48 -786.83 2950.98 166.43 -819.74 2948.37 233.47 -824.50 2965.10 166.43 -767.14 2964.26 230.98 -761.50 2992.32 166.43 -783.81 2997.36 241.11 -781.48 2966.49 20.92 -794.93 2971.77 70.39 -801.96 2974.94 70.39 -790.42 2966.49 20.92 -794.93 2965.31 70.39 -784.63 2966.49 20.92 -794.93 2957.40 70.39 -790.94 2966.49 20.92 -794.93 2960.80 70.39 -802.14 2950.98 166.43 -819.74 2948.37 233.47 -824.50 2984.41 166.43 -817.17 2989.62 245.34 -821.62 2976.37 115.50 -809.08 2981.25 115.50 -787.68 2960.80 70.39 -802.14 2956.93 115.50 -809.21 2966.49 20.92 -794.93 2951.14 115.50 -789.02 2956.93 115.50 -809.21 2966.22 115.50 -778.52 2993.49 64.27 -754.93 2998.77 136.53 -761.96 3001.94 136.53 -750.42 2993.49 64.27 -754.93 2992.31 136.53 -744.63 2993.49 64.27 -754.93 2984.40 136.53 -750.94 2993.49 64.27 -754.93 2987.80 136.53 -762.14 3005.03 185.81 -771.56 3017.09 243.73 -784.66 3010.70 185.81 -746.67 3027.50 243.73 -740.77 2987.80 136.53 -762.14 2982.42 185.81 -771.71 2973.10 243.73 -788.04 2993.49 64.27 -754.93 2975.69 185.81 -748.23 2959.32 243.73 -746.49 2982.42 185.81 -771.71 2973.10 243.73 -788.04 2993.22 185.81 -736.02 2991.69 243.73 -718.84 2900.49 45.15 -988.93 2910.04 124.14 -1002.50 2915.64 124.14 -982.16 2900.49 45.15 -988.93 2898.64 124.14 -971.94 2900.49 45.15 -988.93 2884.70 124.14 -983.08 2900.49 45.15 -988.93 2890.70 124.14 -1002.83 2920.25 177.13 -1017.85 2927.71 241.39 -1023.44 2929.86 177.13 -975.68 2939.71 241.39 -972.83 2890.70 124.14 -1002.83 2881.93 177.13 -1018.10 2877.00 241.39 -1027.33 2900.49 45.15 -988.93 2870.53 177.13 -978.32 2861.11 241.39 -979.43 2881.93 177.13 -1018.10 2877.00 241.39 -1027.33 2900.24 177.13 -957.62 2898.43 241.39 -947.55 2972.00 -320.00 -1080.00 2972.00 -320.00 -1200.00 2852.00 -320.00 -1080.00 2852.00 -320.00 -1200.00 2732.00 -320.00 -840.00 2852.00 -320.00 -840.00 2732.00 -320.00 -960.00 2852.00 -320.00 -960.00 2732.00 -320.00 -720.00 2612.00 -320.00 -720.00 2732.00 -320.00 -600.00 2612.00 -320.00 -600.00 2612.00 -320.00 -960.00 2612.00 -320.00 -840.00 2732.00 -320.00 -960.00 2732.00 -320.00 -840.00 3212.00 -320.00 -600.00 3092.00 -320.00 -600.00 3212.00 -320.00 -480.00 3092.00 -320.00 -480.00 2852.00 -320.00 -840.00 2852.00 -320.00 -720.00 2972.00 -320.00 -840.00 2972.00 -320.00 -720.00 2852.00 -320.00 -480.00 2852.00 -320.00 -600.00 2732.00 -320.00 -480.00 2732.00 -320.00 -600.00 2972.00 -320.00 -960.00 2972.00 -320.00 -840.00 3092.00 -320.00 -960.00 3092.00 -320.00 -840.00 3212.00 -320.00 -840.00 3212.00 -320.00 -720.00 3272.00 -320.00 -840.00 3332.00 -320.00 -780.00 3332.00 -320.00 -720.00 3092.00 -320.00 -840.00 3092.00 -320.00 -720.00 3212.00 -320.00 -840.00 3212.00 -320.00 -720.00 2972.00 -320.00 -840.00 2972.00 -320.00 -720.00 3092.00 -320.00 -840.00 3092.00 -320.00 -720.00 3092.00 -320.00 -480.00 3092.00 -320.00 -600.00 2972.00 -320.00 -480.00 2972.00 -320.00 -600.00 2852.00 -320.00 -600.00 2972.00 -320.00 -600.00 2852.00 -320.00 -720.00 2972.00 -320.00 -720.00 2972.00 -320.00 -960.00 2852.00 -320.00 -960.00 2972.00 -320.00 -840.00 2852.00 -320.00 -840.00 2972.00 -320.00 -1080.00 2972.00 -320.00 -960.00 3092.00 -320.00 -1080.00 3092.00 -320.00 -960.00 3332.00 -320.00 -900.00 3332.00 -320.00 -960.00 3212.00 -320.00 -960.00 3212.00 -320.00 -840.00 3272.00 -320.00 -840.00 3212.00 -320.00 -1080.00 3212.00 -320.00 -960.00 3332.00 -320.00 -1080.00 3332.00 -320.00 -960.00 3092.00 -320.00 -960.00 3092.00 -320.00 -840.00 3212.00 -320.00 -960.00 3212.00 -320.00 -840.00 3092.00 -320.00 -1080.00 3092.00 -320.00 -960.00 3212.00 -320.00 -1080.00 3212.00 -320.00 -960.00 2852.00 -320.00 -1080.00 2972.00 -320.00 -960.00 2612.00 -320.00 -960.00 2732.00 -320.00 -960.00 2612.00 -320.00 -1080.00 2732.00 -320.00 -1080.00 2732.00 -320.00 -1200.00 2732.00 -320.00 -1080.00 2852.00 -320.00 -1200.00 2852.00 -320.00 -1080.00 2612.00 -320.00 -1080.00 2732.00 -320.00 -1080.00 2612.00 -320.00 -1200.00 2732.00 -320.00 -1200.00 2732.00 -320.00 -1080.00 2732.00 -320.00 -960.00 2852.00 -320.00 -960.00 3212.00 -320.00 -720.00 3212.00 -320.00 -600.00 3092.00 -320.00 -600.00 2972.00 -320.00 -480.00 2972.00 -320.00 -600.00 2852.00 -320.00 -480.00 2852.00 -320.00 -600.00 2972.00 -320.00 -600.00 3092.00 -320.00 -600.00 2972.00 -320.00 -720.00 3092.00 -320.00 -720.00 2732.00 -320.00 -600.00 2852.00 -320.00 -600.00 2732.00 -320.00 -720.00 2852.00 -320.00 -720.00 2732.00 -320.00 -480.00 2732.00 -320.00 -600.00 2612.00 -320.00 -480.00 2612.00 -320.00 -600.00 2492.00 -320.00 -900.00 2492.00 -320.00 -840.00 2612.00 -320.00 -840.00 2612.00 -320.00 -600.00 2492.00 -320.00 -631.34 2492.00 -320.00 -600.00 2612.00 -320.00 -840.00 2612.00 -320.00 -720.00 2492.00 -320.00 -780.00 2612.00 -320.00 -840.00 2492.00 -320.00 -840.00 2492.00 -320.00 -960.00 2612.00 -320.00 -960.00 2492.00 -320.00 -720.00 2612.00 -320.00 -720.00 2612.00 -320.00 -720.00 2492.00 -320.00 -720.00 3332.00 -320.00 -840.00 3332.00 -320.00 -840.00 2352.00 -250.00 -870.00 2352.00 -250.00 -810.00 2352.00 -734.81 -1468.01 2352.00 -734.81 -211.99 2352.00 -150.00 -810.00 2352.00 331.24 -211.99 2352.00 -150.00 -870.00 2352.00 331.24 -1468.01 </float_array>
                    <technique_common>
                        <accessor source="#geom-00C21CB7-pos-array" count="1748" stride="3">
                            <param name="X" type="float" />
                            <param name="Y" type="float" />
                            <param name="Z" type="float" />
                        </accessor>
                    </technique_common>
                </source>
                <source id="geom-00C21CB7-texcoord">
                    <float_array id="geom-00C21CB7-texcoord-array" count="3496">0.12 0.07 0.01 0.01 0.12 0.01 0.89 0.58 0.89 0.68 0.70 0.58 0.70 0.68 0.14 0.07 0.14 0.01 0.21 0.07 0.21 0.01 0.31 0.07 0.31 0.01 0.40 0.07 0.40 0.01 0.56 0.37 0.66 0.25 0.68 0.37 0.56 0.25 0.56 0.25 0.56 0.37 0.48 0.25 0.56 0.52 0.65 0.48 0.56 0.56 0.79 0.56 0.71 0.53 0.79 0.38 0.70 0.41 0.31 0.01 0.31 0.07 0.70 0.33 0.79 0.27 0.79 0.38 0.79 0.27 0.85 0.32 0.56 0.11 0.63 0.06 0.65 0.16 0.68 0.23 0.70 0.18 0.72 0.10 0.79 0.10 0.85 0.20 0.79 0.18 0.84 0.10 0.31 0.53 0.38 0.55 0.36 0.63 0.39 0.63 0.79 0.08 0.83 0.11 0.79 0.16 0.79 0.25 0.85 0.20 0.79 0.18 0.85 0.25 0.79 0.45 0.79 0.37 0.85 0.45 0.85 0.37 0.89 0.68 0.81 0.78 0.75 0.76 0.85 0.43 0.70 0.18 0.70 0.18 0.56 0.01 0.56 0.44 0.62 0.25 0.62 0.39 0.51 0.49 0.56 0.44 0.56 0.58 0.36 0.77 0.37 0.69 0.39 0.70 0.56 0.32 0.73 0.44 0.73 0.28 0.79 0.37 0.79 0.25 0.85 0.30 0.27 0.74 0.17 0.66 0.23 0.51 0.47 0.01 0.47 0.07 0.40 0.01 0.38 0.12 0.45 0.12 0.38 0.35 0.45 0.40 0.31 0.35 0.38 0.41 0.45 0.12 0.31 0.12 0.23 0.12 0.12 0.07 0.16 0.12 0.12 0.37 0.16 0.37 0.01 0.44 0.12 0.37 0.70 0.68 0.89 0.76 0.17 0.12 0.23 0.43 0.17 0.36 0.23 0.29 0.17 0.12 0.31 0.12 0.01 0.73 0.12 0.73 0.31 0.35 0.31 0.53 0.79 0.01 0.31 0.30 0.59 0.11 0.56 0.17 0.56 0.32 0.45 0.47 0.45 0.57 0.17 0.36 0.56 0.01 0.16 0.63 0.12 0.73 0.56 0.52 0.56 0.56 0.50 0.50 0.79 0.56 0.85 0.52 0.79 0.10 0.50 0.11 0.56 0.11 0.56 0.01 0.89 0.82 0.91 0.73 0.95 0.77 0.89 0.76 0.91 0.73 0.79 0.01 0.46 0.37 0.73 0.44 0.73 0.17 0.79 0.16 0.39 0.70 0.37 0.69 0.56 0.58 0.59 0.48 0.59 0.48 0.37 0.82 0.30 0.70 0.52 0.35 0.56 0.17 0.54 0.15 0.56 0.01 0.31 0.30 0.56 0.12 0.56 0.01 0.61 0.11 0.56 0.33 0.56 0.12 0.63 0.27 0.61 0.11 0.62 0.44 0.56 0.56 0.51 0.37 0.50 0.56 0.52 0.18 0.52 0.18 0.62 0.57 0.62 0.80 0.55 0.63 0.62 0.80 0.62 0.57 0.68 0.63 0.62 0.80 0.62 0.57 0.68 0.63 0.99 0.95 0.87 0.95 0.98 0.84 0.89 0.84 0.55 0.63 0.62 0.57 0.62 0.80 0.30 0.95 0.45 0.95 0.30 0.99 0.45 0.99 0.77 0.84 0.85 0.84 0.73 0.95 0.87 0.95 0.87 0.95 0.99 0.95 0.87 0.99 0.99 0.99 0.73 0.95 0.73 0.99 0.61 0.95 0.61 0.99 0.68 0.63 0.62 0.80 0.62 0.57 0.30 0.84 0.30 0.95 0.20 0.84 0.20 0.95 0.09 0.95 0.09 0.84 0.09 0.95 0.09 0.99 0.01 0.95 0.01 0.99 0.20 0.95 0.20 0.99 0.45 0.84 0.45 0.95 0.70 0.84 0.73 0.95 0.63 0.84 0.61 0.95 0.61 0.95 0.59 0.84 0.62 0.80 0.55 0.63 0.62 0.57 0.68 0.63 0.62 0.80 0.62 0.57 0.48 0.73 0.57 0.73 0.48 0.80 0.55 0.69 0.48 0.67 0.48 0.63 0.55 0.69 0.48 0.63 0.57 0.73 0.91 0.49 0.99 0.47 0.91 0.56 0.99 0.58 0.91 0.37 0.99 0.35 0.91 0.45 0.91 0.32 0.91 0.27 0.99 0.25 0.91 0.12 0.99 0.12 0.91 0.23 0.91 0.58 0.62 0.80 0.68 0.63 0.55 0.63 0.55 0.63 0.62 0.80 0.68 0.63 0.62 0.80 0.68 0.63 0.55 0.63 0.62 0.80 0.68 0.63 0.62 0.57 0.01 0.84 0.01 0.95 0.91 0.01 0.62 0.57 0.55 0.63 0.62 0.80 0.62 0.80 0.55 0.63 0.62 0.57 0.62 0.80 0.68 0.63 0.62 0.57 0.99 0.95 0.98 0.84 0.87 0.95 0.89 0.84 0.55 0.63 0.62 0.80 0.62 0.57 0.30 0.95 0.30 0.99 0.45 0.95 0.45 0.99 0.77 0.84 0.73 0.95 0.85 0.84 0.87 0.95 0.87 0.95 0.87 0.99 0.73 0.95 0.73 0.99 0.61 0.95 0.61 0.99 0.68 0.63 0.62 0.57 0.62 0.80 0.30 0.84 0.20 0.84 0.30 0.95 0.20 0.95 0.09 0.95 0.09 0.84 0.09 0.95 0.09 0.99 0.20 0.95 0.20 0.99 0.45 0.84 0.45 0.95 0.70 0.84 0.63 0.84 0.73 0.95 0.61 0.95 0.61 0.95 0.59 0.84 0.62 0.80 0.62 0.57 0.55 0.63 0.68 0.63 0.62 0.57 0.62 0.80 0.48 0.73 0.48 0.80 0.41 0.73 0.42 0.69 0.48 0.63 0.48 0.67 0.55 0.69 0.57 0.73 0.48 0.63 0.91 0.49 0.91 0.56 0.99 0.47 0.91 0.37 0.91 0.45 0.99 0.35 0.91 0.32 0.91 0.27 0.99 0.25 0.91 0.12 0.91 0.23 0.99 0.12 0.62 0.80 0.55 0.63 0.68 0.63 0.55 0.63 0.68 0.63 0.62 0.80 0.62 0.80 0.55 0.63 0.68 0.63 0.68 0.63 0.01 0.84 0.01 0.95 0.91 0.01 0.12 0.07 0.12 0.01 0.01 0.01 0.89 0.58 0.89 0.68 0.14 0.07 0.21 0.07 0.14 0.01 0.21 0.01 0.31 0.07 0.40 0.07 0.31 0.01 0.40 0.01 0.56 0.37 0.68 0.37 0.66 0.25 0.56 0.25 0.56 0.25 0.48 0.25 0.56 0.37 0.56 0.52 0.56 0.56 0.65 0.48 0.79 0.56 0.79 0.38 0.71 0.53 0.70 0.41 0.31 0.01 0.31 0.07 0.70 0.33 0.79 0.27 0.79 0.38 0.85 0.32 0.79 0.27 0.56 0.11 0.65 0.16 0.63 0.06 0.68 0.23 0.70 0.18 0.79 0.10 0.72 0.10 0.85 0.20 0.84 0.10 0.79 0.18 0.31 0.53 0.36 0.63 0.38 0.55 0.39 0.63 0.79 0.08 0.79 0.16 0.83 0.11 0.79 0.25 0.85 0.20 0.79 0.18 0.85 0.25 0.79 0.45 0.85 0.45 0.79 0.37 0.85 0.37 0.89 0.68 0.75 0.76 0.81 0.78 0.85 0.43 0.70 0.18 0.70 0.18 0.56 0.01 0.56 0.44 0.62 0.39 0.62 0.25 0.51 0.49 0.56 0.58 0.56 0.44 0.36 0.77 0.39 0.70 0.37 0.69 0.56 0.32 0.73 0.44 0.79 0.37 0.73 0.28 0.79 0.25 0.85 0.30 0.27 0.74 0.23 0.51 0.17 0.66 0.47 0.01 0.40 0.01 0.47 0.07 0.38 0.12 0.38 0.35 0.45 0.12 0.45 0.40 0.31 0.35 0.38 0.41 0.45 0.12 0.31 0.12 0.23 0.12 0.12 0.07 0.12 0.37 0.16 0.12 0.16 0.37 0.01 0.44 0.12 0.37 0.89 0.76 0.17 0.12 0.23 0.43 0.23 0.29 0.17 0.36 0.17 0.12 0.31 0.12 0.01 0.73 0.12 0.73 0.31 0.35 0.31 0.53 0.79 0.01 0.31 0.30 0.59 0.11 0.56 0.17 0.56 0.32 0.45 0.47 0.45 0.57 0.17 0.36 0.56 0.01 0.16 0.63 0.12 0.73 0.56 0.52 0.50 0.50 0.56 0.56 0.79 0.56 0.85 0.52 0.79 0.10 0.50 0.11 0.56 0.11 0.56 0.01 0.89 0.82 0.91 0.73 0.89 0.76 0.95 0.77 0.91 0.73 0.79 0.01 0.46 0.37 0.73 0.44 0.73 0.17 0.79 0.16 0.39 0.70 0.37 0.69 0.56 0.58 0.59 0.48 0.59 0.48 0.37 0.82 0.30 0.70 0.52 0.35 0.51 0.49 0.56 0.17 0.54 0.15 0.56 0.01 0.31 0.30 0.56 0.12 0.61 0.11 0.56 0.01 0.56 0.33 0.63 0.27 0.56 0.12 0.61 0.11 0.62 0.44 0.56 0.56 0.51 0.37 0.50 0.56 0.52 0.18 0.52 0.18 0.50 0.99 0.69 0.96 0.50 0.50 0.85 0.85 0.16 0.85 0.31 0.96 0.02 0.50 0.05 0.69 0.16 0.16 0.05 0.31 0.50 0.02 0.31 0.05 0.85 0.16 0.69 0.05 0.99 0.50 0.96 0.31 0.96 0.69 0.06 -0.23 0.06 -0.34 0.00 -0.23 0.00 -0.57 0.06 -0.57 0.10 0.01 0.34 0.11 0.17 -0.23 0.34 -0.23 0.51 -0.23 0.63 -0.23 0.58 0.01 0.69 -0.23 0.69 -0.57 0.69 -0.83 0.63 -0.57 0.60 -0.86 0.34 -0.45 0.34 0.27 0.69 -0.45 0.69 0.27 0.70 -0.46 0.70 0.04 0.99 -0.46 0.99 0.29 0.68 0.25 0.75 0.54 0.00 0.29 0.29 0.04 0.00 -0.46 0.31 0.25 0.29 -0.46 0.50 0.54 0.34 -0.27 0.34 0.20 0.69 -0.27 0.69 0.20 0.34 0.46 0.69 0.46 0.00 -0.91 0.11 -0.94 0.63 -0.34 0.25 0.54 0.00 -0.08 0.34 -0.08 0.00 0.18 0.34 0.18 0.69 0.27 0.34 0.27 0.69 -0.45 0.34 -0.45 0.34 -0.55 0.69 -0.08 0.69 -0.55 0.00 0.20 0.00 -0.27 0.00 0.46 0.69 0.18 0.50 0.49 0.33 0.49 0.50 0.44 0.30 0.44 0.25 0.33 0.00 0.44 0.99 0.44 0.70 0.44 0.75 0.33 0.67 0.49 0.00 0.00 0.00 0.22 0.50 0.22 0.75 0.00 0.99 0.22 0.99 0.00 0.25 0.00 0.50 0.00 0.07 0.14 0.04 0.14 0.07 0.11 0.04 0.11 0.04 0.07 0.07 0.07 0.07 0.14 0.04 0.14 0.07 0.11 0.04 0.11 0.04 0.07 0.07 0.07 0.07 0.07 0.07 0.11 0.04 0.07 0.04 0.11 0.89 -0.23 0.89 -0.20 0.87 -0.23 0.87 -0.20 0.91 -0.20 0.91 -0.23 0.99 -0.20 0.99 -0.23 0.91 -0.25 0.99 -0.25 0.89 -0.24 0.89 -0.25 0.91 -0.17 0.99 -0.17 0.91 -0.14 0.99 -0.14 0.12 0.00 0.22 0.00 0.14 0.11 0.21 0.14 0.28 0.11 0.31 0.00 0.29 -0.14 0.22 -0.14 0.15 -0.14 0.00 0.07 0.07 0.07 0.00 0.14 0.07 0.14 0.00 0.14 0.00 0.11 0.03 0.11 0.03 0.07 0.00 0.07 0.00 0.04 0.03 0.04 0.03 0.14 0.89 -0.17 0.89 -0.16 0.87 -0.17 0.89 -0.14 0.99 0.25 0.75 0.25 0.87 0.00 0.50 0.00 0.50 0.25 0.00 0.75 0.00 0.50 0.25 0.75 0.25 0.50 0.25 0.99 0.99 0.75 0.75 0.99 0.75 0.75 0.99 0.50 0.75 0.50 0.99 0.49 0.75 0.49 0.99 0.25 0.75 0.25 0.68 0.50 0.50 0.75 0.50 0.50 0.49 0.50 0.00 0.99 0.00 0.50 0.99 0.50 0.99 0.99 0.50 0.99 0.99 0.99 0.50 0.50 0.99 0.50 0.49 0.99 0.00 0.99 0.49 0.50 0.00 0.50 0.99 0.75 0.81 0.50 0.99 0.50 0.49 0.75 0.49 0.99 0.00 0.75 0.00 0.99 0.99 0.99 0.68 0.99 0.99 0.50 0.50 0.50 0.50 0.99 0.00 0.99 0.37 0.75 0.00 0.75 0.50 0.99 0.00 0.99 0.50 0.75 0.00 0.75 0.00 0.99 0.00 0.50 0.31 0.50 0.00 0.99 0.00 0.50 0.49 0.99 0.37 0.50 0.99 0.50 0.68 0.68 0.50 0.50 0.99 0.99 0.50 0.99 0.99 0.50 0.50 0.50 0.50 0.50 0.99 0.50 0.50 0.99 0.99 0.99 0.99 0.50 0.99 0.99 0.50 0.50 0.50 0.99 0.49 0.50 0.00 0.99 0.00 0.50 0.49 0.50 0.49 0.74 0.00 0.50 0.00 0.74 0.50 0.50 0.99 0.99 0.50 0.99 0.50 0.50 0.99 0.75 0.50 0.99 0.99 0.99 0.50 0.50 0.99 0.50 0.81 0.68 0.49 0.50 0.31 0.78 0.00 0.50 0.99 0.50 0.83 0.74 0.50 0.50 0.50 0.75 0.50 0.50 0.68 0.81 0.50 0.75 0.99 0.99 0.50 0.99 0.00 0.75 0.00 0.37 0.49 0.75 0.49 0.37 0.99 0.37 0.50 0.37 0.99 0.00 0.50 0.00 0.62 0.37 0.50 0.76 0.19 0.37 0.19 0.75 0.00 0.75 0.00 0.37 0.49 0.75 0.49 0.37 0.50 0.37 0.99 0.75 0.99 0.37 0.49 0.37 0.00 0.37 0.49 0.00 0.00 0.00 0.50 0.75 0.50 0.37 0.99 0.75 0.99 0.37 0.37 0.37 0.00 0.37 0.49 0.00 0.00 0.00 0.99 0.75 0.50 0.75 0.19 0.99 0.00 0.75 0.00 0.99 0.00 0.99 0.49 0.99 0.99 0.99 0.50 0.99 0.99 0.75 0.50 0.75 0.49 0.99 0.00 0.99 0.75 0.49 0.99 0.49 0.62 0.06 0.50 0.25 0.50 0.06 0.99 0.99 0.50 0.99 0.49 0.99 0.00 0.99 0.49 0.75 0.00 0.75 0.50 0.50 0.99 0.50 0.50 0.99 0.99 0.99 0.99 0.37 0.50 0.37 0.99 0.00 0.50 0.00 0.49 0.37 0.00 0.37 0.49 0.00 0.00 0.00 0.50 0.99 0.50 0.50 0.99 0.99 0.99 0.50 0.99 0.37 0.99 0.00 0.62 0.00 0.99 0.75 0.99 0.99 0.50 0.99 0.49 0.99 0.00 0.99 0.49 0.50 0.00 0.50 0.50 0.99 0.50 0.50 0.99 0.99 0.99 0.50 0.00 0.99 0.00 0.50 0.49 0.99 0.49 0.50 0.50 0.99 0.50 0.50 0.99 0.99 0.99 0.50 0.49 0.00 0.00 0.00 0.19 0.00 0.99 0.00 0.50 0.00 0.37 0.00 0.00 0.00 0.50 0.00 0.00 0.00 0.00 0.37 0.00 0.50 0.49 0.50 0.00 0.99 0.49 0.99 0.99 0.00 0.99 0.99 0.49 0.99 0.00 0.99 0.49 0.50 0.00 0.50 0.50 0.75 0.00 0.99 0.00 0.50 0.49 0.99 0.49 0.50 0.50 0.50 0.99 0.50 0.50 0.99 0.99 0.99 0.99 0.00 0.99 0.00 0.00 0.99 0.00 0.75 0.49 0.99 0.49 0.75 0.49 0.50 0.50 0.49 0.49 0.99 0.50 0.75 0.50 0.99 0.50 0.50 0.50 0.49 0.99 0.99 0.50 0.99 0.50 0.50 0.50 0.99 0.50 0.50 0.87 0.99 0.49 0.99 0.50 0.99 0.50 0.50 0.87 0.99 0.87 0.50 0.49 0.50 0.00 0.50 0.87 0.68 0.99 0.50 0.00 0.50 0.49 0.50 0.00 0.99 0.49 0.99 0.50 0.99 0.50 0.50 0.99 0.99 0.99 0.50 0.99 0.99 0.99 0.50 0.50 0.99 0.99 0.99 0.68 0.75 0.50 0.99 0.50 0.50 0.00 0.99 0.49 0.75 0.49 0.99 0.50 0.99 0.49 0.50 0.00 0.50 0.99 0.99 0.50 0.50 0.00 0.99 0.00 0.50 0.49 0.99 0.49 0.50 0.50 0.99 0.50 0.50 0.68 0.68 0.99 0.50 0.99 0.50 0.99 0.99 0.99 0.50 0.87 0.75 0.50 0.99 0.50 0.50 0.49 0.99 0.31 0.50 0.49 0.50 0.99 0.50 0.87 0.99 0.81 0.99 0.99 0.99 0.12 0.50 0.49 0.50 0.12 0.99 0.49 0.99 0.81 0.99 0.50 0.50 0.99 0.50 0.50 0.50 0.99 0.50 0.62 0.68 0.50 0.99 0.99 0.99 0.62 0.99 0.99 0.50 0.99 0.99 0.50 0.50 0.50 0.99 0.50 0.50 0.99 0.50 0.50 0.99 0.99 0.99 0.50 0.99 0.99 0.99 0.00 0.99 0.00 0.50 0.49 0.99 0.49 0.50 0.50 0.99 0.50 0.50 0.99 0.99 0.99 0.50 0.50 0.50 0.99 0.50 0.50 0.75 0.99 0.99 0.50 0.99 0.50 0.50 0.99 0.99 0.99 0.50 0.00 0.50 0.49 0.50 0.00 0.99 0.49 0.99 0.50 0.50 0.99 0.50 0.50 0.99 0.99 0.99 0.99 0.50 0.99 0.99 0.50 0.50 0.50 0.99 0.99 0.50 0.99 0.75 0.50 0.50 0.50 0.99 0.00 0.99 0.00 0.50 0.49 0.99 0.49 0.50 0.00 0.99 0.00 0.50 0.25 0.50 0.00 0.50 0.49 0.50 0.00 0.99 0.49 0.99 0.49 0.50 0.49 0.99 0.00 0.50 0.00 0.99 0.49 0.99 0.00 0.99 0.49 0.50 0.00 0.50 0.50 0.99 0.50 0.50 0.99 0.99 0.99 0.50 0.00 0.99 0.00 0.50 0.49 0.99 0.49 0.50 0.19 0.50 0.49 0.50 0.49 0.99 0.50 0.99 0.50 0.50 0.75 0.99 0.99 0.50 0.99 0.50 0.99 0.50 0.50 0.50 0.99 0.50 0.49 0.99 0.50 0.50 0.99 0.50 0.50 0.99 0.81 0.68 0.99 0.50 0.99 0.99 0.50 0.50 0.99 0.99 0.11 -0.27 0.10 -0.13 0.05 -0.20 0.31 -0.88 0.31 -0.87 0.30 -0.88 0.29 -0.87 0.27 -0.90 0.27 -0.87 0.33 -0.87 0.32 -0.86 0.31 -0.85 0.30 -0.85 0.27 -0.86 0.28 -0.85 0.29 -0.84 0.30 -0.83 0.33 -0.79 0.36 -0.84 0.23 -0.83 0.24 -0.82 0.24 -0.81 0.25 -0.83 0.24 -0.84 0.25 -0.85 0.26 -0.81 0.24 -0.81 0.28 -0.82 0.27 -0.83 0.26 -0.85 0.30 -0.77 0.28 -0.78 0.26 -0.79 0.19 -0.10 0.08 0.09 0.00 -0.11 0.01 0.03 0.17 0.08 0.24 -0.03 0.74 -0.70 0.69 -0.69 0.73 -0.72 0.69 -0.73 0.74 -0.68 0.71 -0.66 0.46 -0.91 0.43 -0.90 0.43 -0.94 0.42 -0.94 0.38 -0.90 0.40 -0.94 0.16 -0.73 0.22 -0.73 0.20 -0.69 0.15 -0.69 0.13 -0.73 0.56 -0.41 0.64 -0.45 0.63 -0.38 0.26 -0.21 0.26 -0.12 0.24 -0.35 0.29 -0.48 0.34 -0.45 0.29 -0.33 0.36 -0.34 0.31 -0.26 0.13 -0.49 0.24 -0.50 0.22 -0.55 0.14 -0.56 0.22 -0.63 0.17 -0.62 0.27 -0.58 0.31 -0.53 0.37 -0.43 0.41 -0.39 0.39 -0.53 0.45 -0.52 0.54 -0.34 0.47 -0.36 0.50 -0.44 0.59 -0.35 0.62 -0.71 0.64 -0.77 0.63 -0.65 0.54 -0.65 0.53 -0.73 0.48 -0.67 0.65 -0.63 0.62 -0.57 0.58 -0.59 0.54 -0.49 0.61 -0.52 0.55 -0.54 0.49 -0.59 0.41 -0.60 0.34 -0.57 0.30 -0.61 0.35 -0.64 0.40 -0.68 0.30 -0.69 0.46 -0.85 0.41 -0.83 0.48 -0.79 0.45 -0.71 0.41 -0.78 0.54 -0.83 0.60 -0.81 0.55 -0.79 0.59 -0.77 0.21 -0.79 0.27 -0.76 0.36 -0.74 0.63 -0.34 0.62 -0.30 0.58 -0.32 0.11 -0.77 0.14 -0.77 0.17 -0.77 0.22 -0.77 0.17 -0.77 0.36 -0.87 0.50 -0.87 0.41 -0.99 0.78 -0.71 0.24 -0.35 0.01 0.00 0.01 -0.82 0.62 -0.82 0.00 -0.99 0.62 -0.99 0.00 -0.14 0.62 -0.14 0.01 0.48 0.62 0.48 0.01 0.00 0.62 -0.82 0.01 0.49 0.62 0.49 0.01 -0.82 0.50 0.62 0.62 0.62 0.62 0.74 0.62 0.75 0.74 0.75 0.62 0.87 0.74 0.62 0.62 0.62 0.74 0.50 0.62 0.50 0.74 0.62 0.62 0.62 0.74 0.50 0.62 0.62 0.62 0.50 0.74 0.62 0.74 0.50 0.74 0.62 0.74 0.50 0.62 0.50 0.50 0.99 0.62 0.99 0.74 0.87 0.74 0.99 0.50 0.62 0.62 0.74 0.50 0.74 0.50 0.75 0.50 0.87 0.50 0.62 0.62 0.74 0.50 0.74 0.50 0.62 0.50 0.50 0.74 0.74 0.50 0.50 0.62 0.50 0.50 0.50 0.62 0.74 0.74 0.74 0.74 0.74 0.50 0.74 0.50 0.74 0.74 0.74 0.50 0.50 0.50 0.62 0.62 0.62 0.62 0.74 0.62 0.75 0.74 0.75 0.62 0.87 0.74 0.62 0.62 0.62 0.74 0.50 0.62 0.50 0.74 0.62 0.62 0.62 0.74 0.50 0.62 0.62 0.62 0.50 0.74 0.62 0.74 0.50 0.74 0.62 0.74 0.50 0.62 0.50 0.50 0.99 0.62 0.99 0.74 0.87 0.74 0.99 0.50 0.62 0.62 0.74 0.50 0.74 0.50 0.75 0.50 0.87 0.50 0.62 0.62 0.74 0.50 0.74 0.50 0.62 0.50 0.50 0.74 0.74 0.50 0.50 0.62 0.50 0.50 0.50 0.62 0.74 0.74 0.74 0.74 0.74 0.50 0.74 0.50 0.74 0.74 0.74 0.50 0.50 0.50 0.25 0.50 0.00 0.99 0.25 0.99 0.00 0.75 0.25 0.75 0.49 0.50 0.25 0.50 0.49 0.99 0.00 0.99 0.25 0.50 0.00 0.50 0.25 0.50 0.00 0.75 0.00 0.50 0.25 0.75 0.25 0.99 0.25 0.99 0.00 0.50 0.00 0.99 0.00 0.50 0.25 0.99 0.25 0.50 0.25 0.50 0.00 0.99 0.25 0.99 0.00 0.50 0.00 0.99 0.00 0.50 0.25 0.99 0.25 0.50 0.49 0.50 0.25 0.62 0.49 0.00 0.49 0.00 0.00 0.49 0.49 0.49 0.00 0.00 0.49 0.00 0.00 0.49 0.49 0.49 0.00 0.00 0.49 0.00 0.00 0.49 0.49 0.49 0.00 0.49 0.49 0.00 0.49 0.49 0.00 0.00 0.00 0.00 0.00 0.49 0.00 0.00 0.49 0.49 0.49 0.00 0.00 0.49 0.00 0.00 0.49 0.49 0.49 0.00 0.00 0.49 0.00 0.00 0.49 0.49 0.49 0.00 0.00 0.49 0.00 0.00 0.49 0.49 0.49 0.00 0.00 0.49 0.00 0.00 0.49 0.49 0.49 0.00 0.49 0.00 0.00 0.49 0.49 0.49 0.00 0.00 0.00 0.49 0.00 0.00 0.49 0.49 0.49 0.00 0.00 0.49 0.00 0.00 0.49 0.49 0.49 0.49 0.50 0.49 0.99 0.00 0.50 0.00 0.99 0.75 0.25 0.99 0.25 0.75 0.49 0.99 0.49 0.00 0.49 0.00 0.00 0.49 0.49 0.49 0.00 0.00 0.49 0.00 0.00 0.49 0.49 0.00 0.49 0.00 0.00 0.49 0.49 0.00 0.49 0.49 0.49 0.49 0.00 0.00 0.49 0.49 0.49 0.00 0.49 0.49 0.49 0.49 0.00 0.00 0.49 0.00 0.00 0.49 0.49 0.00 0.49 0.49 0.49 0.87 0.49 0.75 0.49 0.75 0.25 0.99 0.49 0.99 0.25 0.99 0.00 0.99 0.25 0.50 0.00 0.50 0.25 0.99 0.00 0.99 0.25 0.50 0.00 0.50 0.25 0.99 0.25 0.50 0.25 0.99 0.00 0.50 0.00 0.99 0.25 0.50 0.25 0.99 0.00 0.50 0.00 0.00 0.49 0.49 0.49 0.49 0.00 0.00 0.00 0.49 0.00 0.00 0.49 0.49 0.49 0.00 0.49 0.49 0.49 0.00 0.49 0.49 0.49 0.49 0.00 0.00 0.49 0.00 0.00 0.49 0.49 0.00 0.00 0.49 0.00 0.00 0.49 0.49 0.49 0.00 0.49 0.00 0.00 0.49 0.49 0.49 0.49 0.00 0.49 0.49 0.00 0.81 0.25 0.81 0.00 0.99 0.25 0.99 0.00 0.50 0.25 0.50 0.00 0.99 0.25 0.99 0.00 0.50 0.25 0.50 0.00 0.99 0.25 0.99 0.00 0.50 0.25 0.50 0.00 0.99 0.25 0.99 0.00 0.50 0.25 0.50 0.00 0.99 0.25 0.99 0.00 0.50 0.25 0.50 0.00 0.99 0.25 0.99 0.00 0.50 0.25 0.50 0.00 0.99 0.25 0.99 0.00 0.50 0.00 0.50 0.25 0.50 0.25 0.99 0.25 0.75 0.49 0.99 0.49 0.50 0.49 0.50 0.25 0.50 0.49 0.99 0.25 0.99 0.49 0.91 0.50 0.94 0.62 0.89 0.62 0.87 0.50 0.84 0.62 0.82 0.50 0.79 0.62 0.77 0.51 0.75 0.62 0.94 0.75 0.94 0.88 0.89 0.75 0.89 0.88 0.99 0.62 0.99 0.75 0.99 0.88 0.97 0.50 0.79 0.75 0.79 0.88 0.75 0.75 0.75 0.88 0.84 0.75 0.84 0.88 0.79 0.88 0.79 0.98 0.75 0.88 0.75 0.99 0.84 0.88 0.84 0.99 0.89 0.88 0.89 0.99 0.91 0.50 0.94 0.62 0.89 0.62 0.87 0.50 0.84 0.62 0.82 0.50 0.79 0.62 0.77 0.51 0.75 0.62 0.99 0.88 0.99 0.99 0.94 0.88 0.94 0.99 0.94 0.75 0.89 0.75 0.99 0.62 0.99 0.75 0.97 0.50 0.79 0.75 0.75 0.75 0.84 0.75 0.91 0.50 0.94 0.62 0.89 0.62 0.87 0.50 0.84 0.62 0.82 0.50 0.79 0.62 0.77 0.51 0.75 0.62 0.94 0.75 0.94 0.88 0.89 0.75 0.89 0.88 0.99 0.62 0.99 0.75 0.99 0.88 0.97 0.50 0.79 0.75 0.79 0.88 0.75 0.75 0.75 0.88 0.84 0.75 0.84 0.88 0.91 0.50 0.94 0.62 0.89 0.62 0.87 0.50 0.84 0.62 0.82 0.50 0.79 0.62 0.77 0.51 0.75 0.62 0.94 0.75 0.94 0.88 0.89 0.75 0.89 0.88 0.99 0.62 0.99 0.75 0.99 0.88 0.97 0.50 0.79 0.75 0.79 0.88 0.75 0.75 0.75 0.88 0.84 0.75 0.84 0.88 0.49 0.49 0.00 0.49 0.49 0.00 0.00 0.00 0.49 0.99 0.00 0.99 0.49 0.50 0.00 0.50 0.49 0.49 0.00 0.49 0.49 0.00 0.00 0.00 0.49 0.49 0.00 0.49 0.49 0.00 0.00 0.00 0.50 0.99 0.50 0.50 0.99 0.99 0.99 0.50 0.49 0.99 0.00 0.99 0.49 0.50 0.00 0.50 0.99 0.49 0.50 0.49 0.99 0.00 0.50 0.00 0.49 0.99 0.00 0.99 0.49 0.50 0.00 0.50 0.50 0.49 0.50 0.00 0.75 0.49 0.99 0.25 0.99 0.00 0.49 0.99 0.00 0.99 0.49 0.50 0.00 0.50 0.49 0.49 0.00 0.49 0.49 0.00 0.00 0.00 0.99 0.49 0.50 0.49 0.99 0.00 0.50 0.00 0.49 0.49 0.00 0.49 0.49 0.00 0.00 0.00 0.49 0.49 0.00 0.49 0.49 0.00 0.00 0.00 0.49 0.99 0.00 0.99 0.49 0.50 0.00 0.50 0.99 0.75 0.99 0.99 0.50 0.99 0.50 0.50 0.75 0.50 0.50 0.99 0.50 0.50 0.99 0.99 0.99 0.50 0.49 0.49 0.00 0.49 0.49 0.00 0.00 0.00 0.49 0.99 0.00 0.99 0.49 0.50 0.00 0.50 0.00 0.99 0.49 0.50 0.49 0.99 0.00 0.99 0.49 0.50 0.00 0.50 0.99 0.99 0.50 0.99 0.99 0.50 0.50 0.50 0.50 0.99 0.50 0.50 0.99 0.99 0.99 0.50 0.49 0.49 0.00 0.49 0.00 0.00 0.49 0.99 0.49 0.50 0.00 0.50 0.99 0.99 0.50 0.99 0.99 0.50 0.50 0.50 0.49 0.99 0.00 0.99 0.49 0.50 0.00 0.50 0.49 0.99 0.00 0.99 0.49 0.50 0.00 0.50 0.99 0.99 0.50 0.99 0.99 0.50 0.50 0.50 0.99 0.75 0.99 0.99 0.50 0.99 0.50 0.99 0.99 0.87 0.99 0.99 0.00 0.99 0.00 0.50 0.99 0.25 0.50 0.00 0.99 0.00 0.99 0.50 0.50 0.50 0.99 0.49 0.50 0.49 0.50 0.50 0.99 0.50 0.99 0.49 0.99 0.50 0.52 0.46 0.47 0.46 0.99 0.08 0.00 0.08 0.47 0.54 0.00 0.92 0.52 0.54 0.99 0.92 </float_array>
                    <technique_common>
                        <accessor source="#geom-00C21CB7-texcoord-array" count="1748" stride="2">
                            <param name="S" type="float" />
                            <param name="T" type="float" />
                        </accessor>
                    </technique_common>
                </source>
                <source id="geom-00C21CB7-colors">
                    <float_array id="geom-00C21CB7-colors-array" count="6892">0.05 0.18 0.48 1.00 0.08 0.06 0.15 1.00 0.01 0.13 0.39 1.00 0.08 0.06 0.15 1.00 0.11 0.24 0.56 1.00 0.08 0.06 0.15 1.00 0.00 0.12 0.35 1.00 0.05 0.18 0.48 1.00 0.01 0.13 0.39 1.00 0.12 0.26 0.61 1.00 0.08 0.21 0.51 1.00 0.37 0.63 1.00 1.00 0.11 0.24 0.58 1.00 0.10 0.23 0.57 1.00 0.06 0.17 0.49 1.00 0.40 0.63 1.00 1.00 0.20 0.34 0.82 1.00 0.05 0.19 0.47 1.00 0.42 0.73 1.00 1.00 0.42 0.73 1.00 1.00 0.40 0.63 1.00 1.00 0.26 0.39 0.94 1.00 0.17 0.32 0.75 1.00 0.08 0.21 0.53 1.00 0.28 0.40 1.00 1.00 0.10 0.23 0.57 1.00 0.05 0.19 0.47 1.00 0.36 0.73 1.00 1.00 0.20 0.34 0.82 1.00 0.11 0.24 0.58 1.00 0.37 0.63 1.00 1.00 0.28 0.42 1.00 1.00 0.40 0.73 1.00 1.00 0.36 0.73 1.00 1.00 0.40 0.73 1.00 1.00 0.12 0.24 0.60 1.00 0.42 0.73 1.00 1.00 0.15 0.28 0.64 1.00 0.28 0.42 1.00 1.00 0.15 0.28 0.64 1.00 0.12 0.25 0.61 1.00 0.11 0.24 0.56 1.00 0.13 0.25 0.60 1.00 0.16 0.29 0.67 1.00 0.37 0.64 1.00 1.00 0.16 0.31 0.71 1.00 0.38 0.74 1.00 1.00 0.12 0.25 0.61 1.00 0.18 0.30 0.73 1.00 0.13 0.26 0.64 1.00 0.12 0.25 0.61 1.00 0.09 0.21 0.53 1.00 0.09 0.22 0.55 1.00 0.20 0.43 1.00 1.00 0.08 0.21 0.52 1.00 0.37 0.64 1.00 1.00 0.15 0.27 0.65 1.00 0.07 0.14 0.36 1.00 0.05 0.18 0.47 1.00 0.20 0.17 0.17 1.00 0.00 0.13 0.37 1.00 0.11 0.24 0.56 1.00 0.12 0.24 0.60 1.00 0.11 0.24 0.56 1.00 0.00 0.13 0.35 1.00 0.13 0.25 0.62 1.00 0.13 0.26 0.62 1.00 0.12 0.25 0.62 1.00 0.22 0.34 0.82 1.00 0.38 0.74 1.00 1.00 0.18 0.30 0.73 1.00 0.10 0.18 0.42 1.00 0.22 0.34 0.82 1.00 0.05 0.11 0.27 1.00 0.12 0.25 0.62 1.00 0.18 0.30 0.73 1.00 0.13 0.26 0.64 1.00 0.17 0.28 0.69 1.00 0.07 0.15 0.37 1.00 0.12 0.25 0.62 1.00 0.05 0.18 0.47 1.00 0.20 0.43 1.00 1.00 0.07 0.21 0.51 1.00 0.16 0.31 0.71 1.00 0.10 0.22 0.55 1.00 0.16 0.27 0.65 1.00 0.03 0.16 0.42 1.00 0.06 0.19 0.49 1.00 0.06 0.17 0.49 1.00 0.11 0.24 0.60 1.00 0.08 0.21 0.53 1.00 0.10 0.23 0.55 1.00 0.05 0.18 0.48 1.00 0.16 0.29 0.70 1.00 0.11 0.24 0.58 1.00 0.08 0.21 0.53 1.00 0.15 0.27 0.67 1.00 0.14 0.25 0.63 1.00 0.05 0.18 0.48 1.00 0.14 0.27 0.62 1.00 0.11 0.22 0.56 1.00 0.15 0.26 0.64 1.00 0.08 0.06 0.15 1.00 0.11 0.22 0.56 1.00 0.00 0.12 0.35 1.00 0.15 0.29 0.67 1.00 0.14 0.27 0.62 1.00 0.12 0.25 0.60 1.00 0.15 0.26 0.64 1.00 0.13 0.25 0.62 1.00 0.14 0.27 0.62 1.00 0.15 0.27 0.67 1.00 0.08 0.06 0.15 1.00 0.11 0.24 0.56 1.00 0.16 0.29 0.70 1.00 0.38 0.74 1.00 1.00 0.10 0.22 0.55 1.00 0.16 0.29 0.69 1.00 0.12 0.25 0.60 1.00 0.14 0.26 0.63 1.00 0.17 0.28 0.69 1.00 0.07 0.20 0.50 1.00 0.09 0.21 0.53 1.00 0.15 0.26 0.64 1.00 0.15 0.26 0.64 1.00 0.10 0.22 0.55 1.00 0.11 0.24 0.56 1.00 0.25 0.38 0.94 1.00 0.28 0.40 1.00 1.00 0.19 0.34 0.78 1.00 0.10 0.23 0.57 1.00 0.05 0.18 0.46 1.00 0.13 0.25 0.60 1.00 0.20 0.34 0.78 1.00 0.42 0.73 1.00 1.00 0.12 0.25 0.62 1.00 0.20 0.34 0.78 1.00 0.13 0.26 0.62 1.00 0.15 0.28 0.64 1.00 0.12 0.25 0.62 1.00 0.12 0.25 0.61 1.00 0.10 0.22 0.55 1.00 0.13 0.25 0.64 1.00 0.08 0.16 0.39 1.00 0.12 0.25 0.62 1.00 0.09 0.22 0.55 1.00 0.15 0.27 0.66 1.00 0.18 0.30 0.74 1.00 0.05 0.11 0.27 1.00 0.15 0.25 0.61 1.00 0.15 0.25 0.62 1.00 0.16 0.29 0.67 1.00 0.19 0.32 0.77 1.00 0.19 0.32 0.77 1.00 0.14 0.26 0.63 1.00 0.16 0.27 0.65 1.00 0.15 0.26 0.64 1.00 0.16 0.29 0.69 1.00 0.36 0.75 1.00 1.00 0.13 0.25 0.62 1.00 0.16 0.29 0.69 1.00 0.11 0.24 0.57 1.00 0.36 0.75 1.00 1.00 0.10 0.23 0.55 1.00 0.16 0.29 0.69 1.00 0.05 0.18 0.48 1.00 0.06 0.19 0.49 1.00 0.11 0.24 0.58 1.00 0.07 0.20 0.50 1.00 0.16 0.29 0.70 1.00 0.16 0.29 0.70 1.00 0.29 0.40 1.00 1.00 0.00 0.12 0.35 1.00 0.05 0.17 0.47 1.00 0.00 0.12 0.35 1.00 0.30 0.41 1.00 1.00 0.07 0.21 0.51 1.00 0.00 0.12 0.35 1.00 0.30 0.40 1.00 1.00 0.05 0.18 0.48 1.00 0.30 0.41 1.00 1.00 0.30 0.40 1.00 1.00 0.07 0.21 0.51 1.00 0.04 0.16 0.44 1.00 0.04 0.16 0.44 1.00 0.30 0.40 1.00 1.00 0.00 0.12 0.35 1.00 0.28 0.44 1.00 1.00 0.30 0.44 1.00 1.00 0.00 0.41 1.00 1.00 0.01 0.35 1.00 1.00 0.05 0.17 0.47 1.00 0.05 0.18 0.48 1.00 0.29 0.40 1.00 1.00 0.30 0.40 1.00 1.00 0.30 0.40 1.00 1.00 0.30 0.41 1.00 1.00 0.02 0.35 1.00 1.00 0.01 0.35 1.00 1.00 0.29 0.40 1.00 1.00 0.02 0.33 1.00 1.00 0.30 0.43 1.00 1.00 0.02 0.35 1.00 1.00 0.03 0.16 0.43 1.00 0.00 0.12 0.35 1.00 0.29 0.40 1.00 1.00 0.26 0.39 0.94 1.00 0.28 0.44 1.00 1.00 0.20 0.34 0.78 1.00 0.25 0.38 0.92 1.00 0.18 0.32 0.75 1.00 0.12 0.24 0.60 1.00 0.18 0.32 0.75 1.00 0.00 0.41 1.00 1.00 0.22 0.34 0.82 1.00 0.00 0.39 1.00 1.00 0.25 0.38 0.92 1.00 0.00 0.36 1.00 1.00 0.27 0.42 1.00 1.00 0.30 0.44 1.00 1.00 0.03 0.16 0.43 1.00 0.29 0.40 1.00 1.00 0.05 0.18 0.47 1.00 0.30 0.43 1.00 1.00 0.30 0.43 1.00 1.00 0.01 0.14 0.40 1.00 0.00 0.13 0.36 1.00 0.05 0.18 0.47 1.00 0.30 0.43 1.00 1.00 0.01 0.14 0.40 1.00 0.00 0.13 0.36 1.00 0.30 0.43 1.00 1.00 0.37 0.62 1.00 1.00 0.11 0.24 0.56 1.00 0.22 0.34 0.82 1.00 0.02 0.16 0.42 1.00 0.13 0.58 0.95 1.00 0.00 0.12 0.35 1.00 0.02 0.16 0.42 1.00 0.00 0.12 0.35 1.00 0.11 0.24 0.56 1.00 0.04 0.16 0.44 1.00 0.04 0.16 0.45 1.00 0.07 0.21 0.51 1.00 0.02 0.16 0.41 1.00 0.05 0.17 0.47 1.00 0.04 0.18 0.45 1.00 0.05 0.18 0.48 1.00 0.03 0.16 0.43 1.00 0.05 0.18 0.47 1.00 0.03 0.16 0.43 1.00 0.27 0.42 1.00 1.00 0.13 0.25 0.64 1.00 0.01 0.14 0.40 1.00 0.00 0.12 0.35 1.00 0.00 0.13 0.36 1.00 0.01 0.14 0.40 1.00 0.05 0.18 0.47 1.00 0.05 0.17 0.47 1.00 0.00 0.12 0.35 1.00 0.03 0.16 0.43 1.00 0.00 0.12 0.35 1.00 0.05 0.18 0.48 1.00 0.04 0.16 0.44 1.00 0.00 0.12 0.35 1.00 0.07 0.21 0.51 1.00 0.00 0.12 0.35 1.00 0.11 0.24 0.56 1.00 0.22 0.34 0.82 1.00 0.26 0.39 0.94 1.00 0.29 0.40 1.00 1.00 0.05 0.17 0.47 1.00 0.00 0.12 0.35 1.00 0.00 0.12 0.35 1.00 0.07 0.21 0.51 1.00 0.30 0.41 1.00 1.00 0.00 0.12 0.35 1.00 0.05 0.18 0.48 1.00 0.30 0.40 1.00 1.00 0.30 0.41 1.00 1.00 0.07 0.21 0.51 1.00 0.30 0.40 1.00 1.00 0.04 0.16 0.44 1.00 0.04 0.16 0.44 1.00 0.00 0.12 0.35 1.00 0.30 0.40 1.00 1.00 0.28 0.44 1.00 1.00 0.00 0.41 1.00 1.00 0.30 0.44 1.00 1.00 0.01 0.35 1.00 1.00 0.05 0.17 0.47 1.00 0.29 0.40 1.00 1.00 0.05 0.18 0.48 1.00 0.30 0.40 1.00 1.00 0.30 0.40 1.00 1.00 0.02 0.35 1.00 1.00 0.29 0.40 1.00 1.00 0.02 0.33 1.00 1.00 0.30 0.43 1.00 1.00 0.02 0.35 1.00 1.00 0.03 0.16 0.43 1.00 0.29 0.40 1.00 1.00 0.00 0.12 0.35 1.00 0.26 0.39 0.94 1.00 0.20 0.34 0.78 1.00 0.28 0.44 1.00 1.00 0.25 0.38 0.92 1.00 0.18 0.32 0.75 1.00 0.12 0.24 0.60 1.00 0.18 0.32 0.75 1.00 0.00 0.41 1.00 1.00 0.25 0.38 0.92 1.00 0.00 0.36 1.00 1.00 0.27 0.42 1.00 1.00 0.30 0.44 1.00 1.00 0.03 0.16 0.43 1.00 0.05 0.18 0.47 1.00 0.29 0.40 1.00 1.00 0.30 0.43 1.00 1.00 0.30 0.43 1.00 1.00 0.01 0.14 0.40 1.00 0.00 0.13 0.36 1.00 0.30 0.43 1.00 1.00 0.05 0.18 0.47 1.00 0.01 0.14 0.40 1.00 0.30 0.43 1.00 1.00 0.00 0.13 0.36 1.00 0.37 0.62 1.00 1.00 0.22 0.34 0.82 1.00 0.11 0.24 0.56 1.00 0.02 0.16 0.42 1.00 0.00 0.12 0.35 1.00 0.13 0.58 0.95 1.00 0.02 0.16 0.42 1.00 0.11 0.24 0.56 1.00 0.00 0.12 0.35 1.00 0.04 0.16 0.44 1.00 0.07 0.21 0.51 1.00 0.04 0.16 0.45 1.00 0.05 0.17 0.47 1.00 0.05 0.18 0.48 1.00 0.04 0.18 0.45 1.00 0.03 0.16 0.43 1.00 0.05 0.18 0.47 1.00 0.03 0.16 0.43 1.00 0.27 0.42 1.00 1.00 0.01 0.14 0.40 1.00 0.13 0.25 0.64 1.00 0.00 0.13 0.36 1.00 0.05 0.18 0.47 1.00 0.01 0.14 0.40 1.00 0.05 0.17 0.47 1.00 0.03 0.16 0.43 1.00 0.00 0.12 0.35 1.00 0.00 0.12 0.35 1.00 0.04 0.16 0.44 1.00 0.05 0.18 0.48 1.00 0.07 0.21 0.51 1.00 0.11 0.24 0.56 1.00 0.22 0.34 0.82 1.00 0.26 0.39 0.94 1.00 0.05 0.18 0.48 1.00 0.01 0.13 0.39 1.00 0.08 0.06 0.15 1.00 0.08 0.06 0.15 1.00 0.11 0.24 0.56 1.00 0.05 0.18 0.48 1.00 0.12 0.26 0.61 1.00 0.01 0.13 0.39 1.00 0.08 0.21 0.51 1.00 0.37 0.63 1.00 1.00 0.10 0.23 0.57 1.00 0.11 0.24 0.58 1.00 0.06 0.17 0.49 1.00 0.40 0.63 1.00 1.00 0.05 0.19 0.47 1.00 0.20 0.34 0.82 1.00 0.42 0.73 1.00 1.00 0.42 0.73 1.00 1.00 0.26 0.39 0.94 1.00 0.40 0.63 1.00 1.00 0.17 0.32 0.75 1.00 0.28 0.40 1.00 1.00 0.08 0.21 0.53 1.00 0.10 0.23 0.57 1.00 0.36 0.73 1.00 1.00 0.05 0.19 0.47 1.00 0.20 0.34 0.82 1.00 0.11 0.24 0.58 1.00 0.37 0.63 1.00 1.00 0.28 0.42 1.00 1.00 0.40 0.73 1.00 1.00 0.36 0.73 1.00 1.00 0.12 0.24 0.60 1.00 0.40 0.73 1.00 1.00 0.42 0.73 1.00 1.00 0.28 0.42 1.00 1.00 0.15 0.28 0.64 1.00 0.15 0.28 0.64 1.00 0.12 0.25 0.61 1.00 0.13 0.25 0.60 1.00 0.11 0.24 0.56 1.00 0.16 0.29 0.67 1.00 0.16 0.31 0.71 1.00 0.37 0.64 1.00 1.00 0.38 0.74 1.00 1.00 0.18 0.30 0.73 1.00 0.12 0.25 0.61 1.00 0.13 0.26 0.64 1.00 0.12 0.25 0.61 1.00 0.09 0.22 0.55 1.00 0.09 0.21 0.53 1.00 0.20 0.43 1.00 1.00 0.08 0.21 0.52 1.00 0.37 0.64 1.00 1.00 0.15 0.27 0.65 1.00 0.07 0.14 0.36 1.00 0.00 0.13 0.35 1.00 0.05 0.18 0.47 1.00 0.00 0.13 0.37 1.00 0.11 0.24 0.56 1.00 0.11 0.24 0.56 1.00 0.12 0.24 0.60 1.00 0.00 0.13 0.35 1.00 0.13 0.25 0.62 1.00 0.13 0.26 0.62 1.00 0.12 0.25 0.62 1.00 0.22 0.34 0.82 1.00 0.18 0.30 0.73 1.00 0.38 0.74 1.00 1.00 0.10 0.18 0.42 1.00 0.07 0.15 0.37 1.00 0.22 0.34 0.82 1.00 0.12 0.25 0.62 1.00 0.13 0.26 0.64 1.00 0.18 0.30 0.73 1.00 0.17 0.28 0.69 1.00 0.07 0.15 0.37 1.00 0.05 0.18 0.47 1.00 0.12 0.25 0.62 1.00 0.20 0.43 1.00 1.00 0.07 0.21 0.51 1.00 0.16 0.31 0.71 1.00 0.16 0.27 0.65 1.00 0.10 0.22 0.55 1.00 0.03 0.16 0.42 1.00 0.06 0.17 0.49 1.00 0.06 0.19 0.49 1.00 0.11 0.24 0.60 1.00 0.10 0.23 0.55 1.00 0.08 0.21 0.53 1.00 0.05 0.18 0.48 1.00 0.16 0.29 0.70 1.00 0.11 0.24 0.58 1.00 0.08 0.21 0.53 1.00 0.15 0.27 0.67 1.00 0.14 0.25 0.63 1.00 0.05 0.18 0.48 1.00 0.11 0.22 0.56 1.00 0.14 0.27 0.62 1.00 0.15 0.26 0.64 1.00 0.08 0.06 0.15 1.00 0.11 0.22 0.56 1.00 0.15 0.29 0.67 1.00 0.14 0.27 0.62 1.00 0.12 0.25 0.60 1.00 0.13 0.25 0.62 1.00 0.15 0.26 0.64 1.00 0.14 0.27 0.62 1.00 0.15 0.27 0.67 1.00 0.08 0.06 0.15 1.00 0.11 0.24 0.56 1.00 0.16 0.29 0.70 1.00 0.38 0.74 1.00 1.00 0.10 0.22 0.55 1.00 0.16 0.29 0.69 1.00 0.12 0.25 0.60 1.00 0.14 0.26 0.63 1.00 0.17 0.28 0.69 1.00 0.07 0.20 0.50 1.00 0.09 0.21 0.53 1.00 0.15 0.26 0.64 1.00 0.15 0.26 0.64 1.00 0.10 0.22 0.55 1.00 0.11 0.24 0.56 1.00 0.25 0.38 0.94 1.00 0.19 0.34 0.78 1.00 0.28 0.40 1.00 1.00 0.10 0.23 0.57 1.00 0.05 0.18 0.46 1.00 0.13 0.25 0.60 1.00 0.20 0.34 0.78 1.00 0.42 0.73 1.00 1.00 0.12 0.25 0.62 1.00 0.20 0.34 0.78 1.00 0.13 0.26 0.62 1.00 0.12 0.25 0.62 1.00 0.15 0.28 0.64 1.00 0.12 0.25 0.61 1.00 0.10 0.22 0.55 1.00 0.13 0.25 0.64 1.00 0.08 0.16 0.39 1.00 0.12 0.25 0.62 1.00 0.09 0.22 0.55 1.00 0.15 0.27 0.66 1.00 0.18 0.30 0.74 1.00 0.07 0.15 0.37 1.00 0.18 0.30 0.73 1.00 0.18 0.30 0.74 1.00 0.16 0.29 0.67 1.00 0.19 0.32 0.77 1.00 0.19 0.32 0.77 1.00 0.16 0.29 0.67 1.00 0.14 0.26 0.63 1.00 0.16 0.27 0.65 1.00 0.15 0.26 0.64 1.00 0.16 0.29 0.69 1.00 0.36 0.75 1.00 1.00 0.16 0.29 0.69 1.00 0.13 0.25 0.62 1.00 0.11 0.24 0.57 1.00 0.10 0.23 0.55 1.00 0.36 0.75 1.00 1.00 0.16 0.29 0.69 1.00 0.05 0.18 0.48 1.00 0.06 0.19 0.49 1.00 0.11 0.24 0.58 1.00 0.07 0.20 0.50 1.00 0.16 0.29 0.70 1.00 0.16 0.29 0.70 1.00 0.10 0.21 0.55 1.00 0.08 0.17 0.47 1.00 0.25 0.49 1.00 1.00 0.20 0.44 1.00 1.00 0.03 0.10 0.33 1.00 0.26 0.47 1.00 1.00 0.21 0.40 1.00 1.00 0.13 0.25 0.64 1.00 0.16 0.31 0.78 1.00 0.13 0.26 0.66 1.00 0.11 0.23 0.58 1.00 0.25 0.47 1.00 1.00 0.25 0.49 1.00 1.00 0.20 0.44 1.00 1.00 0.22 0.43 1.00 1.00 0.04 0.11 0.34 1.00 0.21 0.43 1.00 1.00 0.08 0.25 0.83 1.00 0.06 0.27 0.95 1.00 0.09 0.17 0.43 1.00 0.10 0.19 0.47 1.00 0.12 0.31 0.93 1.00 0.45 0.82 1.00 1.00 0.08 0.17 0.43 1.00 0.10 0.19 0.46 1.00 0.33 0.60 1.00 1.00 0.09 0.18 0.44 1.00 0.10 0.19 0.47 1.00 0.45 0.82 1.00 1.00 0.09 0.17 0.43 1.00 0.34 0.60 1.00 1.00 0.12 0.32 0.94 1.00 0.10 0.19 0.46 1.00 0.06 0.27 0.95 1.00 0.05 0.24 0.87 1.00 0.10 0.19 0.47 1.00 0.09 0.18 0.44 1.00 0.05 0.26 0.94 1.00 0.10 0.19 0.46 1.00 0.22 0.43 1.00 1.00 0.20 0.42 1.00 1.00 0.09 0.19 0.50 1.00 0.09 0.18 0.44 1.00 0.11 0.32 1.00 1.00 0.05 0.25 0.88 1.00 0.10 0.33 1.00 1.00 0.05 0.26 0.94 1.00 0.10 0.19 0.46 1.00 0.08 0.30 0.96 1.00 0.08 0.17 0.43 1.00 0.09 0.27 0.85 1.00 0.08 0.30 0.96 1.00 0.09 0.18 0.44 1.00 0.10 0.19 0.46 1.00 0.09 0.31 0.99 1.00 0.11 0.34 1.00 1.00 0.10 0.33 1.00 1.00 0.10 0.19 0.46 1.00 0.08 0.06 0.15 1.00 0.08 0.06 0.15 1.00 0.05 0.22 0.76 1.00 0.12 0.31 0.93 1.00 0.06 0.25 0.85 1.00 0.08 0.17 0.43 1.00 0.09 0.17 0.43 1.00 0.12 0.32 0.94 1.00 0.06 0.25 0.85 1.00 0.08 0.06 0.15 1.00 0.22 0.35 0.74 1.00 0.09 0.27 0.85 1.00 0.14 0.47 1.00 1.00 0.42 0.69 1.00 1.00 0.08 0.25 0.83 1.00 0.24 0.36 0.75 1.00 0.41 0.68 1.00 1.00 0.52 0.80 1.00 1.00 0.00 0.00 0.00 1.00 0.00 0.00 0.00 1.00 0.00 0.00 0.00 1.00 0.00 0.00 0.00 1.00 0.00 0.00 0.00 1.00 0.00 0.00 0.00 1.00 0.00 0.00 0.00 1.00 0.00 0.00 0.00 1.00 0.00 0.00 0.00 1.00 0.00 0.00 0.00 1.00 0.00 0.00 0.00 1.00 0.00 0.00 0.00 1.00 0.00 0.00 0.00 1.00 0.00 0.00 0.00 1.00 0.00 0.00 0.00 1.00 0.00 0.00 0.00 1.00 0.14 0.33 0.97 1.00 0.05 0.21 0.72 1.00 0.08 0.06 0.15 1.00 0.08 0.06 0.15 1.00 0.10 0.31 1.00 1.00 0.09 0.33 1.00 1.00 0.45 0.70 1.00 1.00 0.42 0.65 1.00 1.00 0.09 0.28 0.93 1.00 0.29 0.46 0.95 1.00 0.21 0.43 1.00 1.00 0.22 0.43 1.00 1.00 0.09 0.32 1.00 1.00 0.42 0.62 1.00 1.00 0.09 0.30 0.95 1.00 0.31 0.47 0.96 1.00 0.01 0.19 0.76 1.00 0.00 0.45 1.00 1.00 0.04 0.17 0.56 1.00 0.04 0.11 0.34 1.00 0.05 0.18 0.60 1.00 0.02 0.24 0.93 1.00 0.16 0.31 0.85 1.00 0.45 0.51 0.70 1.00 0.18 0.34 0.90 1.00 0.29 0.42 0.78 1.00 0.23 0.34 0.68 1.00 0.27 0.40 0.75 1.00 0.19 0.29 0.61 1.00 0.00 0.00 0.00 1.00 0.00 0.00 0.00 1.00 0.00 0.00 0.00 1.00 0.00 0.00 0.00 1.00 0.00 0.00 0.00 1.00 0.00 0.00 0.00 1.00 0.00 0.00 0.00 1.00 0.00 0.00 0.00 1.00 0.14 0.34 0.97 1.00 0.20 0.42 1.00 1.00 0.08 0.06 0.15 1.00 0.22 0.43 1.00 1.00 0.20 0.44 1.00 1.00 0.04 0.42 1.00 1.00 0.09 0.28 0.93 1.00 0.29 0.46 0.95 1.00 0.27 0.41 0.84 1.00 0.34 0.51 1.00 1.00 0.36 0.56 1.00 1.00 0.04 0.25 0.93 1.00 0.05 0.32 1.00 1.00 0.09 0.32 1.00 1.00 0.35 0.51 1.00 1.00 0.09 0.32 1.00 1.00 0.06 0.27 0.96 1.00 0.38 0.58 1.00 1.00 0.08 0.35 1.00 1.00 0.38 0.58 1.00 1.00 0.08 0.35 1.00 1.00 0.30 0.45 0.91 1.00 0.09 0.45 1.00 1.00 0.17 0.27 0.58 1.00 0.30 0.45 0.91 1.00 0.31 0.47 0.96 1.00 0.20 0.31 0.64 1.00 0.04 0.13 0.51 1.00 0.32 0.47 0.90 1.00 0.39 0.49 0.78 1.00 0.00 0.07 0.35 1.00 0.00 0.04 0.23 1.00 0.04 0.13 0.51 1.00 0.39 0.49 0.78 1.00 0.32 0.47 0.90 1.00 0.39 0.49 0.78 1.00 0.00 0.05 0.28 1.00 0.49 0.58 0.83 1.00 0.00 0.04 0.22 1.00 0.27 0.41 0.84 1.00 0.18 0.29 0.60 1.00 0.29 0.46 0.95 1.00 0.07 0.15 0.40 1.00 0.11 0.21 0.49 1.00 0.04 0.07 0.17 1.00 0.05 0.09 0.20 1.00 0.13 0.22 0.50 1.00 0.00 0.04 0.25 1.00 0.34 0.42 0.66 1.00 0.00 0.04 0.22 1.00 0.14 0.24 0.54 1.00 0.05 0.09 0.20 1.00 0.09 0.18 0.45 1.00 0.04 0.07 0.17 1.00 0.13 0.22 0.51 1.00 0.24 0.36 0.75 1.00 0.10 0.19 0.46 1.00 0.14 0.23 0.53 1.00 0.00 0.05 0.25 1.00 0.14 0.24 0.53 1.00 0.00 0.04 0.24 1.00 0.00 0.03 0.19 1.00 0.13 0.23 0.52 1.00 0.00 0.04 0.19 1.00 0.00 0.07 0.40 1.00 0.14 0.23 0.53 1.00 0.00 0.04 0.23 1.00 0.00 0.04 0.18 1.00 0.00 0.04 0.18 1.00 0.13 0.22 0.51 1.00 0.04 0.08 0.18 1.00 0.11 0.19 0.47 1.00 0.23 0.38 0.84 1.00 0.22 0.34 0.71 1.00 0.48 0.70 1.00 1.00 0.29 0.42 0.83 1.00 0.11 0.20 0.47 1.00 0.13 0.22 0.52 1.00 0.04 0.09 0.26 1.00 0.00 0.04 0.18 1.00 0.23 0.38 0.84 1.00 0.13 0.25 0.59 1.00 0.11 0.21 0.53 1.00 0.11 0.21 0.53 1.00 0.13 0.25 0.59 1.00 0.11 0.21 0.53 1.00 0.13 0.25 0.58 1.00 0.44 0.55 0.91 1.00 0.13 0.25 0.58 1.00 0.33 0.51 1.00 1.00 0.33 0.51 1.00 1.00 0.18 0.34 0.90 1.00 0.32 0.47 0.93 1.00 0.01 0.13 0.56 1.00 0.00 0.04 0.18 1.00 0.13 0.22 0.52 1.00 0.00 0.04 0.24 1.00 0.32 0.47 0.93 1.00 0.01 0.07 0.34 1.00 0.02 0.09 0.42 1.00 0.01 0.13 0.56 1.00 0.00 0.05 0.25 1.00 0.32 0.47 0.93 1.00 0.23 0.36 0.77 1.00 0.48 0.70 1.00 1.00 0.03 0.14 0.61 1.00 0.16 0.31 0.85 1.00 0.23 0.36 0.77 1.00 0.00 0.13 0.55 1.00 0.03 0.06 0.15 1.00 0.02 0.04 0.11 1.00 0.08 0.16 0.42 1.00 0.01 0.07 0.29 1.00 0.02 0.04 0.11 1.00 0.05 0.13 0.38 1.00 0.00 0.00 0.00 1.00 0.00 0.00 0.00 1.00 0.06 0.14 0.39 1.00 0.10 0.19 0.47 1.00 0.03 0.10 0.33 1.00 0.13 0.22 0.51 1.00 0.03 0.08 0.24 1.00 0.02 0.06 0.18 1.00 0.07 0.15 0.40 1.00 0.00 0.07 0.27 1.00 0.07 0.15 0.40 1.00 0.04 0.07 0.17 1.00 0.02 0.04 0.12 1.00 0.00 0.06 0.26 1.00 0.02 0.04 0.12 1.00 0.00 0.00 0.00 1.00 0.00 0.00 0.00 1.00 0.07 0.15 0.41 1.00 0.00 0.06 0.26 1.00 0.04 0.07 0.17 1.00 0.02 0.04 0.12 1.00 0.02 0.08 0.29 1.00 0.02 0.04 0.12 1.00 0.00 0.00 0.00 1.00 0.00 0.00 0.00 1.00 0.03 0.06 0.15 1.00 0.09 0.17 0.43 1.00 0.17 0.27 0.58 1.00 0.00 0.08 0.32 1.00 0.31 0.47 0.96 1.00 0.04 0.09 0.26 1.00 0.11 0.20 0.47 1.00 0.22 0.34 0.71 1.00 0.23 0.38 0.84 1.00 0.15 0.26 0.58 1.00 0.31 0.47 0.94 1.00 0.11 0.21 0.49 1.00 0.04 0.08 0.18 1.00 0.05 0.32 1.00 1.00 0.25 0.49 1.00 1.00 0.09 0.30 0.95 1.00 0.20 0.44 1.00 1.00 0.22 0.43 1.00 1.00 0.04 0.08 0.18 1.00 0.11 0.19 0.47 1.00 0.11 0.19 0.47 1.00 0.22 0.34 0.71 1.00 0.09 0.17 0.43 1.00 0.15 0.26 0.58 1.00 0.22 0.34 0.71 1.00 0.11 0.19 0.47 1.00 0.29 0.42 0.83 1.00 0.13 0.22 0.51 1.00 0.08 0.16 0.42 1.00 0.05 0.12 0.36 1.00 0.00 0.00 0.00 1.00 0.00 0.00 0.00 1.00 0.05 0.13 0.38 1.00 0.08 0.16 0.42 1.00 0.00 0.00 0.00 1.00 0.00 0.00 0.00 1.00 0.14 0.23 0.53 1.00 0.11 0.21 0.49 1.00 0.15 0.33 0.80 1.00 0.22 0.35 0.74 1.00 0.02 0.06 0.18 1.00 0.00 0.00 0.00 1.00 0.00 0.00 0.00 1.00 0.03 0.08 0.24 1.00 0.04 0.09 0.26 1.00 0.13 0.22 0.51 1.00 0.00 0.04 0.18 1.00 0.16 0.26 0.57 1.00 0.04 0.09 0.26 1.00 0.13 0.22 0.51 1.00 0.35 0.43 0.67 1.00 0.11 0.21 0.49 1.00 0.00 0.04 0.22 1.00 0.05 0.09 0.20 1.00 0.28 0.40 0.75 1.00 0.21 0.32 0.64 1.00 0.46 0.60 1.00 1.00 0.31 0.44 0.80 1.00 0.16 0.25 0.56 1.00 0.13 0.22 0.51 1.00 0.00 0.04 0.22 1.00 0.05 0.09 0.20 1.00 0.00 0.00 0.00 1.00 0.00 0.00 0.00 1.00 0.00 0.00 0.00 1.00 0.00 0.00 0.00 1.00 0.00 0.00 0.00 1.00 0.00 0.00 0.00 1.00 0.00 0.00 0.00 1.00 0.00 0.00 0.00 1.00 0.00 0.00 0.00 1.00 0.04 0.11 0.34 1.00 0.24 0.36 0.75 1.00 0.13 0.22 0.51 1.00 0.18 0.33 0.76 1.00 0.16 0.25 0.56 1.00 0.00 0.00 0.00 1.00 0.05 0.09 0.20 1.00 0.49 0.58 0.83 1.00 0.00 0.04 0.22 1.00 0.14 0.24 0.54 1.00 0.05 0.09 0.20 1.00 0.13 0.22 0.51 1.00 0.27 0.40 0.80 1.00 0.21 0.32 0.67 1.00 0.33 0.51 1.00 1.00 0.44 0.55 0.91 1.00 0.11 0.20 0.47 1.00 0.21 0.32 0.67 1.00 0.13 0.22 0.52 1.00 0.27 0.40 0.80 1.00 0.31 0.47 0.96 1.00 0.22 0.43 1.00 1.00 0.32 0.47 0.90 1.00 0.35 0.51 1.00 1.00 0.20 0.31 0.64 1.00 0.25 0.47 1.00 1.00 0.25 0.49 1.00 1.00 0.36 0.56 1.00 1.00 0.21 0.40 1.00 1.00 0.26 0.47 1.00 1.00 0.21 0.40 1.00 1.00 0.25 0.49 1.00 1.00 0.25 0.49 1.00 1.00 0.16 0.26 0.57 1.00 0.49 0.58 0.83 1.00 0.14 0.24 0.54 1.00 0.20 0.31 0.64 1.00 0.16 0.26 0.57 1.00 0.00 0.05 0.29 1.00 0.01 0.08 0.39 1.00 0.01 0.08 0.39 1.00 0.20 0.31 0.64 1.00 0.00 0.04 0.21 1.00 0.00 0.05 0.29 1.00 0.16 0.26 0.57 1.00 0.38 0.58 1.00 1.00 0.00 0.04 0.24 1.00 0.00 0.04 0.18 1.00 0.13 0.22 0.52 1.00 0.27 0.40 0.80 1.00 0.06 0.10 0.25 1.00 0.02 0.09 0.42 1.00 0.02 0.09 0.42 1.00 0.27 0.40 0.80 1.00 0.32 0.47 0.93 1.00 0.33 0.51 1.00 1.00 0.06 0.10 0.25 1.00 0.13 0.22 0.51 1.00 0.38 0.58 1.00 1.00 0.36 0.56 1.00 1.00 0.06 0.23 0.79 1.00 0.02 0.04 0.11 1.00 0.01 0.13 0.56 1.00 0.39 0.49 0.78 1.00 0.34 0.51 1.00 1.00 0.32 0.47 0.90 1.00 0.00 0.07 0.35 1.00 0.36 0.56 1.00 1.00 0.49 0.58 0.83 1.00 0.32 0.47 0.90 1.00 0.00 0.05 0.28 1.00 0.10 0.17 0.45 1.00 0.29 0.42 0.83 1.00 0.00 0.04 0.24 1.00 0.13 0.22 0.51 1.00 0.00 0.04 0.24 1.00 0.13 0.22 0.51 1.00 0.00 0.05 0.24 1.00 0.04 0.22 0.87 1.00 0.29 0.42 0.83 1.00 0.10 0.17 0.45 1.00 0.00 0.04 0.18 1.00 0.00 0.08 0.42 1.00 0.13 0.23 0.52 1.00 0.14 0.23 0.53 1.00 0.00 0.03 0.19 1.00 0.00 0.04 0.20 1.00 0.13 0.23 0.52 1.00 0.15 0.33 0.80 1.00 0.00 0.07 0.40 1.00 0.00 0.04 0.20 1.00 0.13 0.23 0.52 1.00 0.00 0.05 0.25 1.00 0.14 0.24 0.53 1.00 0.00 0.04 0.21 1.00 0.00 0.05 0.25 1.00 0.00 0.04 0.24 1.00 0.16 0.25 0.56 1.00 0.00 0.04 0.22 1.00 0.18 0.33 0.76 1.00 0.16 0.25 0.56 1.00 0.00 0.08 0.41 1.00 0.14 0.24 0.53 1.00 0.14 0.24 0.53 1.00 0.00 0.05 0.25 1.00 0.11 0.21 0.49 1.00 0.14 0.23 0.53 1.00 0.04 0.08 0.18 1.00 0.00 0.04 0.18 1.00 0.11 0.21 0.49 1.00 0.21 0.32 0.64 1.00 0.34 0.42 0.66 1.00 0.28 0.40 0.75 1.00 0.11 0.21 0.49 1.00 0.05 0.09 0.20 1.00 0.47 0.60 1.00 1.00 0.31 0.44 0.81 1.00 0.29 0.41 0.77 1.00 0.21 0.32 0.65 1.00 0.29 0.41 0.77 1.00 0.21 0.32 0.65 1.00 0.35 0.43 0.67 1.00 0.11 0.21 0.49 1.00 0.38 0.51 0.90 1.00 0.25 0.36 0.71 1.00 0.05 0.15 0.55 1.00 0.00 0.06 0.33 1.00 0.46 0.60 1.00 1.00 0.31 0.44 0.80 1.00 0.47 0.60 1.00 1.00 0.31 0.44 0.81 1.00 0.05 0.09 0.20 1.00 0.11 0.21 0.49 1.00 0.00 0.04 0.22 1.00 0.34 0.42 0.66 1.00 0.13 0.22 0.50 1.00 0.24 0.35 0.69 1.00 0.00 0.04 0.25 1.00 0.00 0.07 0.34 1.00 0.46 0.60 1.00 1.00 0.37 0.50 0.89 1.00 0.28 0.40 0.75 1.00 0.24 0.35 0.69 1.00 0.38 0.51 0.90 1.00 0.05 0.15 0.55 1.00 0.37 0.50 0.89 1.00 0.02 0.10 0.43 1.00 0.00 0.06 0.33 1.00 0.25 0.36 0.71 1.00 0.00 0.05 0.27 1.00 0.13 0.23 0.52 1.00 0.00 0.05 0.27 1.00 0.13 0.23 0.52 1.00 0.00 0.05 0.29 1.00 0.24 0.35 0.69 1.00 0.37 0.50 0.89 1.00 0.00 0.07 0.34 1.00 0.02 0.10 0.43 1.00 0.47 0.60 1.00 1.00 0.38 0.51 0.90 1.00 0.46 0.60 1.00 1.00 0.37 0.50 0.89 1.00 0.24 0.35 0.69 1.00 0.13 0.22 0.50 1.00 0.28 0.40 0.75 1.00 0.34 0.42 0.66 1.00 0.38 0.51 0.90 1.00 0.47 0.60 1.00 1.00 0.25 0.36 0.71 1.00 0.29 0.41 0.77 1.00 0.25 0.36 0.71 1.00 0.29 0.41 0.77 1.00 0.13 0.23 0.52 1.00 0.35 0.43 0.67 1.00 0.00 0.04 0.25 1.00 0.13 0.22 0.50 1.00 0.00 0.04 0.25 1.00 0.13 0.23 0.52 1.00 0.35 0.43 0.67 1.00 0.00 0.05 0.29 1.00 0.00 0.04 0.22 1.00 0.11 0.21 0.53 1.00 0.13 0.25 0.58 1.00 0.13 0.25 0.59 1.00 0.48 0.70 1.00 1.00 0.48 0.70 1.00 1.00 0.00 0.13 0.55 1.00 0.23 0.36 0.77 1.00 0.05 0.08 0.17 1.00 0.16 0.29 0.69 1.00 0.00 0.13 0.55 1.00 0.05 0.08 0.17 1.00 0.04 0.29 1.00 1.00 0.02 0.04 0.11 1.00 0.05 0.08 0.17 1.00 0.15 0.45 1.00 1.00 0.16 0.29 0.69 1.00 0.00 0.08 0.41 1.00 0.35 0.52 1.00 1.00 0.18 0.33 0.76 1.00 0.20 0.50 1.00 1.00 0.04 0.24 0.97 1.00 0.00 0.14 0.66 1.00 0.00 0.05 0.25 1.00 0.20 0.32 0.68 1.00 0.41 0.60 1.00 1.00 0.09 0.35 1.00 1.00 0.00 0.13 0.58 1.00 0.00 0.15 0.70 1.00 0.36 0.65 1.00 1.00 0.39 0.57 1.00 1.00 0.47 0.65 1.00 1.00 0.21 0.33 0.69 1.00 0.15 0.33 0.80 1.00 0.34 0.50 0.98 1.00 0.00 0.08 0.42 1.00 0.29 0.63 1.00 1.00 0.00 0.20 0.93 1.00 0.00 0.13 0.62 1.00 0.27 0.40 0.84 1.00 0.00 0.07 0.40 1.00 0.36 0.53 1.00 1.00 0.01 0.26 1.00 1.00 0.00 0.13 0.57 1.00 0.35 0.49 0.95 1.00 0.13 0.24 0.56 1.00 0.00 0.01 0.07 1.00 0.44 0.60 1.00 1.00 0.04 0.11 0.34 1.00 0.04 0.29 1.00 1.00 0.06 0.19 0.63 1.00 0.05 0.18 0.58 1.00 0.04 0.22 0.87 1.00 0.49 0.55 0.75 1.00 0.46 0.53 0.72 1.00 0.00 0.05 0.29 1.00 0.00 0.05 0.27 1.00 0.00 0.05 0.28 1.00 0.00 0.04 0.23 1.00 0.00 0.00 0.00 1.00 0.34 0.39 0.55 1.00 0.00 0.04 0.25 1.00 0.33 0.38 0.53 1.00 0.00 0.02 0.12 1.00 0.00 0.04 0.24 1.00 0.40 0.48 0.73 1.00 0.49 0.60 0.89 1.00 0.47 0.56 0.80 1.00 0.00 0.04 0.17 1.00 0.00 0.05 0.24 1.00 0.54 0.62 0.82 1.00 0.00 0.04 0.21 1.00 0.00 0.05 0.29 1.00 0.02 0.04 0.11 1.00 0.06 0.23 0.79 1.00 0.07 0.11 0.23 1.00 0.39 0.55 1.00 1.00 0.46 0.62 1.00 1.00 0.01 0.09 0.32 1.00 0.32 0.47 0.93 1.00 0.00 0.05 0.25 1.00 0.23 0.36 0.77 1.00 0.45 0.62 1.00 1.00 0.45 0.62 1.00 1.00 0.03 0.14 0.61 1.00 0.25 0.36 0.71 1.00 0.00 0.05 0.23 1.00 0.36 0.49 0.87 1.00 0.64 0.81 1.00 1.00 0.58 0.75 1.00 1.00 0.02 0.09 0.40 1.00 0.31 0.44 0.80 1.00 0.36 0.49 0.87 1.00 0.00 0.03 0.18 1.00 0.01 0.04 0.18 1.00 0.41 0.55 0.96 1.00 0.43 0.51 0.71 1.00 0.32 0.45 0.82 1.00 0.00 0.00 0.02 1.00 0.24 0.35 0.69 1.00 0.45 0.59 1.00 1.00 0.39 0.52 0.92 1.00 0.51 0.62 0.72 1.00 0.00 0.02 0.10 1.00 0.02 0.07 0.26 1.00 0.40 0.53 0.93 1.00 0.31 0.43 0.79 1.00 0.00 0.03 0.14 1.00 0.36 0.49 0.87 1.00 0.47 0.61 1.00 1.00 0.45 0.59 1.00 1.00 0.42 0.55 0.96 1.00 0.29 0.41 0.76 1.00 0.39 0.52 0.91 1.00 0.59 0.75 1.00 1.00 0.48 0.64 1.00 1.00 0.44 0.49 0.65 1.00 0.21 0.32 0.65 1.00 0.31 0.44 0.80 1.00 0.47 0.58 0.72 1.00 0.33 0.45 0.83 1.00 0.01 0.03 0.13 1.00 0.05 0.15 0.55 1.00 0.39 0.52 0.91 1.00 0.40 0.53 0.93 1.00 0.00 0.01 0.07 1.00 0.14 0.25 0.60 1.00 0.47 0.62 0.80 1.00 0.00 0.04 0.24 1.00 0.00 0.04 0.18 1.00 0.00 0.04 0.24 1.00 0.00 0.04 0.18 1.00 0.00 0.04 0.23 1.00 0.00 0.04 0.20 1.00 0.01 0.07 0.27 1.00 0.11 0.20 0.48 1.00 0.00 0.02 0.08 1.00 0.00 0.07 0.34 1.00 0.00 0.04 0.22 1.00 0.00 0.04 0.22 1.00 0.07 0.15 0.40 1.00 0.15 0.33 0.80 1.00 0.22 0.35 0.74 1.00 0.09 0.27 0.85 1.00 0.14 0.38 1.00 1.00 0.08 0.30 0.96 1.00 0.11 0.32 1.00 1.00 0.05 0.25 0.88 1.00 0.11 0.34 1.00 1.00 0.06 0.27 0.95 1.00 0.12 0.31 0.89 1.00 0.08 0.25 0.83 1.00 0.14 0.38 1.00 1.00 0.08 0.30 0.96 1.00 0.24 0.36 0.75 1.00 0.71 0.78 1.00 1.00 0.22 0.31 0.60 1.00 0.65 0.73 0.96 1.00 0.76 0.87 0.97 1.00 0.76 0.87 0.97 1.00 1.00 1.00 1.00 1.00 0.76 0.87 0.97 1.00 0.78 0.84 1.00 1.00 0.80 0.85 1.00 1.00 0.37 0.46 0.73 1.00 0.30 0.39 0.66 1.00 0.22 0.31 0.60 1.00 0.22 0.31 0.60 1.00 0.76 0.87 0.97 1.00 0.73 0.80 1.00 1.00 0.71 0.78 1.00 1.00 0.33 0.41 0.68 1.00 0.22 0.31 0.60 1.00 0.22 0.31 0.60 1.00 0.22 0.31 0.60 1.00 0.76 0.82 1.00 1.00 0.61 0.69 0.92 1.00 0.65 0.73 0.96 1.00 0.35 0.44 0.71 1.00 0.30 0.39 0.66 1.00 0.76 0.87 0.97 1.00 0.76 0.82 1.00 1.00 0.76 0.87 0.97 1.00 0.76 0.87 0.97 1.00 0.76 0.87 0.97 1.00 0.76 0.87 0.97 1.00 0.35 0.44 0.71 1.00 0.22 0.31 0.60 1.00 0.33 0.41 0.68 1.00 0.76 0.87 0.97 1.00 0.22 0.31 0.60 1.00 0.22 0.31 0.60 1.00 0.80 0.85 1.00 1.00 0.61 0.69 0.92 1.00 0.76 0.82 1.00 1.00 0.35 0.44 0.71 1.00 0.76 0.87 0.97 1.00 0.76 0.87 0.97 1.00 0.76 0.87 0.97 1.00 0.22 0.31 0.60 1.00 0.78 0.84 1.00 1.00 0.33 0.42 0.69 1.00 0.54 0.62 0.86 1.00 1.00 1.00 1.00 1.00 0.88 0.92 1.00 1.00 0.73 0.80 1.00 1.00 0.76 0.82 1.00 1.00 0.27 0.36 0.64 1.00 0.60 0.67 0.91 1.00 0.22 0.31 0.60 1.00 0.22 0.31 0.60 1.00 0.22 0.31 0.60 1.00 0.22 0.31 0.60 1.00 0.94 0.96 1.00 1.00 0.78 0.83 1.00 1.00 0.78 0.84 1.00 1.00 0.71 0.78 1.00 1.00 0.22 0.31 0.60 1.00 0.22 0.31 0.60 1.00 0.22 0.31 0.60 1.00 0.25 0.34 0.62 1.00 0.26 0.35 0.64 1.00 0.54 0.62 0.86 1.00 0.28 0.37 0.65 1.00 0.22 0.31 0.60 1.00 0.52 0.60 0.84 1.00 0.25 0.34 0.62 1.00 0.81 0.86 1.00 1.00 0.52 0.60 0.84 1.00 0.76 0.82 1.00 1.00 1.00 1.00 1.00 1.00 0.28 0.37 0.65 1.00 0.22 0.31 0.60 1.00 0.71 0.78 1.00 1.00 0.88 0.92 1.00 1.00 0.22 0.31 0.60 1.00 0.22 0.31 0.60 1.00 0.60 0.67 0.91 1.00 0.26 0.35 0.64 1.00 0.25 0.34 0.62 1.00 0.28 0.37 0.65 1.00 0.88 0.92 1.00 1.00 0.81 0.86 1.00 1.00 0.81 0.86 1.00 1.00 0.22 0.31 0.60 1.00 0.31 0.44 0.80 1.00 0.05 0.15 0.48 1.00 0.31 0.44 0.81 1.00 0.05 0.16 0.48 1.00 0.15 0.24 0.54 1.00 0.41 0.68 1.00 1.00 0.15 0.25 0.54 1.00 0.22 0.35 0.74 1.00 0.02 0.24 0.93 1.00 0.04 0.29 1.00 1.00 0.05 0.18 0.60 1.00 0.06 0.19 0.63 1.00 0.04 0.17 0.56 1.00 0.04 0.11 0.34 1.00 0.05 0.18 0.58 1.00 0.04 0.11 0.34 1.00 0.06 0.19 0.63 1.00 0.05 0.18 0.60 1.00 0.01 0.19 0.76 1.00 0.04 0.17 0.56 1.00 0.04 0.22 0.87 1.00 0.05 0.18 0.58 1.00 0.04 0.29 1.00 1.00 0.02 0.24 0.93 1.00 0.00 0.13 0.55 1.00 0.16 0.31 0.85 1.00 0.18 0.34 0.90 1.00 0.01 0.19 0.76 1.00 0.01 0.13 0.56 1.00 0.04 0.22 0.87 1.00 0.29 0.46 0.95 1.00 0.00 0.15 0.60 1.00 0.42 0.65 1.00 1.00 0.98 1.00 1.00 1.00 0.23 0.34 0.68 1.00 0.65 0.81 1.00 1.00 0.29 0.42 0.78 1.00 1.00 1.00 1.00 1.00 0.19 0.29 0.61 1.00 0.98 1.00 1.00 1.00 0.23 0.34 0.68 1.00 0.75 0.93 1.00 1.00 0.27 0.40 0.75 1.00 1.00 1.00 1.00 1.00 0.19 0.29 0.61 1.00 0.75 0.93 1.00 1.00 0.65 0.81 1.00 1.00 0.27 0.40 0.75 1.00 0.29 0.42 0.78 1.00 0.05 0.12 0.36 1.00 0.00 0.05 0.25 1.00 0.00 0.00 0.00 1.00 0.00 0.00 0.00 1.00 0.00 0.05 0.25 1.00 0.00 0.05 0.25 1.00 0.00 0.00 0.00 1.00 0.00 0.00 0.00 1.00 0.00 0.05 0.25 1.00 0.00 0.05 0.25 1.00 0.00 0.00 0.00 1.00 0.00 0.00 0.00 1.00 0.03 0.10 0.33 1.00 0.00 0.05 0.25 1.00 0.00 0.00 0.00 1.00 0.00 0.00 0.00 1.00 0.00 0.06 0.26 1.00 0.00 0.05 0.25 1.00 0.07 0.15 0.40 1.00 0.05 0.15 0.50 1.00 0.08 0.16 0.42 1.00 0.00 0.05 0.25 1.00 0.14 0.23 0.53 1.00 0.04 0.11 0.34 1.00 0.00 0.06 0.26 1.00 0.00 0.05 0.25 1.00 0.00 0.00 0.00 1.00 0.00 0.00 0.00 1.00 0.00 0.05 0.25 1.00 0.02 0.08 0.29 1.00 0.00 0.00 0.00 1.00 0.00 0.00 0.00 1.00 0.31 0.47 0.94 1.00 0.10 0.19 0.46 1.00 0.42 0.53 0.87 1.00 0.10 0.19 0.45 1.00 0.15 0.25 0.55 1.00 0.14 0.23 0.53 1.00 0.42 0.69 1.00 1.00 0.24 0.36 0.75 1.00 0.08 0.16 0.42 1.00 0.01 0.07 0.29 1.00 0.00 0.05 0.25 1.00 0.00 0.05 0.25 1.00 0.00 0.05 0.25 1.00 0.00 0.05 0.25 1.00 0.00 0.06 0.29 1.00 0.07 0.15 0.40 1.00 0.00 0.07 0.27 1.00 0.00 0.05 0.25 1.00 0.00 0.00 0.00 1.00 0.00 0.00 0.00 1.00 0.01 0.07 0.29 1.00 0.00 0.00 0.00 1.00 0.00 0.00 0.00 1.00 0.15 0.28 0.69 1.00 0.31 0.47 0.94 1.00 0.05 0.12 0.36 1.00 0.00 0.06 0.29 1.00 0.00 0.05 0.25 1.00 0.15 0.28 0.69 1.00 0.00 0.00 0.00 1.00 0.00 0.00 0.00 1.00 0.42 0.62 1.00 1.00 0.45 0.70 1.00 1.00 0.00 0.13 0.51 1.00 0.31 0.47 0.96 1.00 0.00 0.08 0.32 1.00 0.10 0.19 0.45 1.00 0.11 0.21 0.53 1.00 0.42 0.53 0.87 1.00 0.44 0.55 0.91 1.00 0.10 0.19 0.46 1.00 0.11 0.21 0.53 1.00 0.10 0.19 0.45 1.00 0.11 0.21 0.53 1.00 0.23 0.38 0.84 1.00 0.11 0.21 0.53 1.00 0.31 0.47 0.94 1.00 0.10 0.19 0.46 1.00 0.22 0.35 0.74 1.00 0.11 0.21 0.49 1.00 0.15 0.25 0.54 1.00 0.08 0.16 0.42 1.00 0.28 0.34 0.58 1.00 0.13 0.22 0.51 1.00 0.03 0.10 0.33 1.00 0.00 0.05 0.25 1.00 0.00 0.07 0.27 1.00 0.00 0.00 0.00 1.00 0.00 0.00 0.00 1.00 0.00 0.05 0.25 1.00 0.28 0.34 0.58 1.00 0.03 0.10 0.33 1.00 0.07 0.15 0.41 1.00 0.00 0.06 0.26 1.00 0.09 0.18 0.45 1.00 0.02 0.08 0.29 1.00 0.03 0.10 0.33 1.00 0.04 0.11 0.34 1.00 0.00 0.05 0.25 1.00 0.00 0.00 0.00 1.00 0.00 0.00 0.00 1.00 0.05 0.15 0.50 1.00 0.00 0.05 0.25 1.00 0.08 0.16 0.42 1.00 0.00 0.00 0.00 1.00 0.00 0.00 0.00 1.00 0.00 0.06 0.26 1.00 0.18 0.29 0.60 1.00 0.00 0.08 0.30 1.00 0.29 0.46 0.95 1.00 0.00 0.15 0.60 1.00 0.21 0.32 0.67 1.00 0.00 0.09 0.39 1.00 0.44 0.55 0.91 1.00 0.42 0.53 0.87 1.00 0.11 0.20 0.47 1.00 0.07 0.15 0.40 1.00 0.21 0.32 0.67 1.00 0.00 0.09 0.39 1.00 0.21 0.32 0.64 1.00 0.02 0.10 0.36 1.00 0.31 0.44 0.80 1.00 0.05 0.15 0.48 1.00 0.31 0.44 0.81 1.00 0.05 0.16 0.48 1.00 0.21 0.32 0.65 1.00 0.02 0.10 0.37 1.00 0.21 0.32 0.65 1.00 0.02 0.10 0.37 1.00 0.11 0.21 0.49 1.00 0.07 0.15 0.41 1.00 0.11 0.21 0.49 1.00 0.07 0.15 0.40 1.00 0.21 0.32 0.64 1.00 0.02 0.10 0.36 1.00 0.13 0.22 0.51 1.00 0.14 0.24 0.54 1.00 0.13 0.25 0.58 1.00 0.13 0.25 0.59 1.00 0.45 0.51 0.70 1.00 0.16 0.31 0.85 1.00 0.18 0.34 0.90 1.00 0.17 0.27 0.58 1.00 0.52 0.80 1.00 1.00 0.17 0.27 0.58 1.00 0.52 0.80 1.00 1.00 0.90 1.00 1.00 1.00 1.00 1.00 1.00 1.00 0.67 0.77 1.00 1.00 0.90 1.00 1.00 1.00 0.11 0.21 0.60 1.00 0.90 1.00 1.00 1.00 0.08 0.16 0.45 1.00 0.90 1.00 1.00 1.00 0.11 0.21 0.60 1.00 0.28 0.38 0.92 1.00 0.44 0.95 1.00 1.00 0.42 0.57 0.85 1.00 0.41 0.91 0.93 1.00 0.11 0.21 0.60 1.00 0.09 0.18 0.50 1.00 0.36 0.74 0.83 1.00 0.90 1.00 1.00 1.00 0.11 0.17 0.58 1.00 0.35 0.72 0.80 1.00 0.09 0.18 0.50 1.00 0.36 0.74 0.83 1.00 0.09 0.18 0.50 1.00 0.35 0.72 0.80 1.00 0.09 0.26 0.52 1.00 0.37 0.80 0.84 1.00 0.12 0.27 0.58 1.00 0.37 0.81 0.84 1.00 0.08 0.15 0.43 1.00 0.35 0.74 0.81 1.00 0.08 0.15 0.46 1.00 0.35 0.69 0.78 1.00 1.00 1.00 1.00 1.00 0.28 0.45 0.93 1.00 0.12 0.23 0.64 1.00 1.00 1.00 1.00 1.00 0.11 0.21 0.60 1.00 1.00 1.00 1.00 1.00 0.74 1.00 1.00 1.00 1.00 1.00 1.00 1.00 1.00 1.00 1.00 1.00 0.12 0.27 0.58 1.00 0.37 0.81 0.84 1.00 0.09 0.15 0.52 1.00 0.35 0.69 0.78 1.00 0.18 0.27 0.76 1.00 0.09 0.18 0.52 1.00 1.00 1.00 1.00 1.00 0.53 0.69 0.98 1.00 1.00 1.00 1.00 1.00 0.27 0.48 1.00 1.00 0.53 0.69 0.98 1.00 0.09 0.18 0.50 1.00 1.00 1.00 1.00 1.00 0.36 0.52 0.99 1.00 0.11 0.22 0.62 1.00 1.00 1.00 1.00 1.00 0.11 0.21 0.60 1.00 1.00 1.00 1.00 1.00 0.33 0.50 1.00 1.00 1.00 1.00 1.00 1.00 0.67 0.77 1.00 1.00 0.20 0.27 0.75 1.00 0.40 0.82 0.92 1.00 0.09 0.18 0.50 1.00 0.36 0.74 0.83 1.00 0.67 0.77 1.00 1.00 0.38 0.53 0.82 1.00 0.44 0.93 0.95 1.00 1.00 1.00 1.00 1.00 0.20 0.35 0.81 1.00 0.38 0.86 0.87 1.00 0.38 0.53 0.82 1.00 0.44 0.93 0.95 1.00 0.09 0.18 0.50 1.00 0.35 0.72 0.80 1.00 1.00 1.00 1.00 1.00 0.13 0.25 0.69 1.00 0.55 0.66 1.00 1.00 1.00 1.00 1.00 1.00 0.83 0.91 1.00 1.00 1.00 1.00 1.00 1.00 0.29 0.45 1.00 1.00 1.00 1.00 1.00 1.00 0.11 0.21 0.60 1.00 0.11 0.16 0.58 1.00 0.39 0.77 0.89 1.00 0.20 0.31 0.61 1.00 0.38 0.82 0.87 1.00 0.11 0.21 0.60 1.00 0.09 0.18 0.50 1.00 0.36 0.74 0.83 1.00 1.00 1.00 1.00 1.00 0.17 0.31 0.76 1.00 0.35 0.71 0.80 1.00 0.09 0.18 0.50 1.00 0.36 0.74 0.83 1.00 0.42 0.57 0.85 1.00 0.39 0.88 0.87 1.00 0.15 0.28 0.69 1.00 0.31 0.47 0.94 1.00 0.76 0.83 1.00 1.00 0.42 0.53 0.87 1.00 0.75 0.93 1.00 1.00 1.00 1.00 1.00 1.00 0.78 0.84 1.00 1.00 1.00 1.00 1.00 1.00 0.65 0.81 1.00 1.00 0.56 0.64 0.87 1.00 0.67 0.71 0.82 1.00 0.03 0.10 0.33 1.00 0.28 0.34 0.58 1.00 0.62 0.69 0.92 1.00 0.78 0.84 1.00 1.00 0.75 0.93 1.00 1.00 0.05 0.15 0.50 1.00 0.66 0.70 0.81 1.00 0.07 0.15 0.40 1.00 0.02 0.10 0.36 1.00 1.00 1.00 1.00 1.00 0.98 1.00 1.00 1.00 1.00 1.00 1.00 1.00 1.00 1.00 1.00 1.00 0.05 0.16 0.48 1.00 0.90 0.93 1.00 1.00 0.02 0.10 0.37 1.00 0.67 0.71 0.82 1.00 1.00 1.00 1.00 1.00 1.00 1.00 1.00 1.00 0.91 0.93 1.00 1.00 0.68 0.87 1.00 1.00 0.21 0.34 0.73 1.00 0.08 0.16 0.42 1.00 0.13 0.23 0.56 1.00 0.15 0.25 0.55 1.00 0.14 0.23 0.53 1.00 0.68 0.87 1.00 1.00 0.93 0.95 1.00 1.00 0.21 0.34 0.73 1.00 0.08 0.16 0.42 1.00 1.00 1.00 1.00 1.00 1.00 1.00 1.00 1.00 0.68 0.87 1.00 1.00 0.93 0.95 1.00 1.00 0.02 0.10 0.36 1.00 0.66 0.70 0.81 1.00 0.05 0.15 0.48 1.00 0.33 0.46 0.84 1.00 0.90 0.93 1.00 1.00 0.33 0.46 0.84 1.00 0.98 1.00 1.00 1.00 1.00 1.00 1.00 1.00 1.00 1.00 1.00 1.00 1.00 1.00 1.00 1.00 1.00 1.00 1.00 1.00 1.00 1.00 1.00 1.00 0.15 0.28 0.69 1.00 1.00 1.00 1.00 1.00 0.00 0.06 0.29 1.00 0.91 0.93 1.00 1.00 0.15 0.24 0.54 1.00 0.15 0.25 0.54 1.00 0.14 0.23 0.53 1.00 0.21 0.34 0.73 1.00 0.13 0.23 0.56 1.00 0.00 0.05 0.25 1.00 0.14 0.23 0.53 1.00 0.08 0.16 0.42 1.00 0.15 0.25 0.54 1.00 0.91 0.93 1.00 1.00 0.68 0.87 1.00 1.00 0.14 0.23 0.53 1.00 0.21 0.34 0.73 1.00 0.00 0.06 0.29 1.00 0.91 0.93 1.00 1.00 0.00 0.05 0.25 1.00 0.14 0.23 0.53 1.00 0.76 0.83 1.00 1.00 1.00 1.00 1.00 1.00 0.28 0.34 0.58 1.00 0.78 0.84 1.00 1.00 0.00 0.05 0.25 1.00 1.00 1.00 1.00 1.00 0.00 0.09 0.39 1.00 1.00 1.00 1.00 1.00 0.42 0.53 0.87 1.00 0.76 0.83 1.00 1.00 0.00 0.05 0.25 1.00 1.00 1.00 1.00 1.00 0.07 0.15 0.40 1.00 0.00 0.09 0.39 1.00 1.00 1.00 1.00 1.00 0.78 0.84 1.00 1.00 1.00 1.00 1.00 1.00 0.08 0.16 0.42 1.00 0.05 0.15 0.50 1.00 0.66 0.70 0.81 1.00 0.05 0.15 0.48 1.00 0.33 0.46 0.84 1.00 0.05 0.16 0.48 1.00 0.90 0.93 1.00 1.00 0.33 0.46 0.84 1.00 0.66 0.70 0.81 1.00 1.00 1.00 1.00 1.00 0.93 0.95 1.00 1.00 0.67 0.71 0.82 1.00 0.90 0.93 1.00 1.00 0.65 0.81 1.00 1.00 0.98 1.00 1.00 1.00 0.02 0.10 0.37 1.00 0.67 0.71 0.82 1.00 0.07 0.15 0.41 1.00 0.03 0.10 0.33 1.00 0.00 0.08 0.32 1.00 0.00 0.13 0.51 1.00 0.62 0.69 0.92 1.00 0.03 0.10 0.33 1.00 0.13 0.22 0.51 1.00 0.09 0.18 0.45 1.00 0.62 0.69 0.92 1.00 0.56 0.64 0.87 1.00 0.00 0.15 0.60 1.00 0.62 0.69 0.92 1.00 0.00 0.13 0.51 1.00 0.13 0.22 0.51 1.00 0.28 0.34 0.58 1.00 0.00 0.08 0.30 1.00 0.56 0.64 0.87 1.00 0.56 0.64 0.87 1.00 0.00 0.08 0.30 1.00 0.17 0.27 0.58 1.00 0.17 0.27 0.58 1.00 </float_array>
                    <technique_common>
                        <accessor source="#geom-00C21CB7-colors-array" count="1723" stride="4">
                            <param name="R" type="float" />
                            <param name="G" type="float" />
                            <param name="B" type="float" />
                            <param name="A" type="float" />
                        </accessor>
                    </technique_common>
                </source>
                <vertices id="geom-00C21CB7-vtx">
                    <input semantic="POSITION" source="#geom-00C21CB7-pos" />
                </vertices>
                <triangles count="1152" material="material-02BF6DD9-symbol">
                    <input semantic="VERTEX" source="#geom-00C21CB7-vtx" offset="0" />
                    <input semantic="TEXCOORD" source="#geom-00C21CB7-texcoord" offset="0" />
                    <input semantic="COLOR" source="#geom-00C21CB7-colors" offset="0" />
                    <p>0 1 2 103 1 0 102 1 103 113 102 103 112 102 113 3 4 5 5 4 6 5 6 365 364 5 365 7 8 9 9 106 7 97 106 9 30 97 9 10 30 9 9 8 10 29 30 10 96 97 30 96 109 97 157 109 96 107 108 109 109 114 107 107 114 115 11 12 13 89 11 13 13 95 89 13 87 95 88 87 13 86 87 88 13 12 14 15 16 17 16 15 18 18 38 16 36 38 18 36 37 38 36 67 37 19 20 21 21 134 19 133 134 21 133 135 134 22 23 24 22 15 23 23 15 17 25 26 27 27 26 28 28 31 27 31 32 27 31 39 32 39 55 32 55 39 66 55 65 42 40 41 42 42 41 116 33 34 35 64 33 35 131 33 64 130 33 131 43 44 45 34 44 43 34 43 56 34 56 35 46 47 48 46 94 47 93 94 46 94 121 47 47 121 122 48 47 49 49 147 48 146 147 49 50 51 52 52 51 54 53 52 54 54 82 53 53 82 58 58 82 60 59 58 60 57 58 59 143 58 57 61 62 63 61 63 104 62 61 105 62 105 136 68 69 70 70 150 68 148 68 149 69 68 120 119 69 120 118 69 119 119 124 118 71 72 73 72 71 77 77 71 153 154 77 153 153 155 154 155 156 154 74 75 76 78 79 80 80 79 81 144 81 79 145 81 144 50 145 144 83 84 85 85 152 83 151 83 152 89 90 91 91 117 89 89 117 111 111 11 89 91 90 92 98 99 100 100 99 101 101 125 100 100 125 126 108 110 109 110 97 109 84 123 85 127 128 129 127 129 20 20 129 142 142 21 20 44 132 45 132 141 45 137 138 139 139 61 140 158 159 160 170 159 158 161 162 163 163 165 161 161 165 166 168 161 166 167 161 168 167 169 161 161 169 162 163 162 164 171 172 173 174 175 176 177 178 179 180 181 182 182 181 183 184 185 186 187 188 189 187 189 216 216 189 217 217 212 216 213 212 217 212 213 214 214 213 215 214 215 310 309 214 310 310 312 309 312 311 309 311 312 287 286 311 287 286 287 288 287 289 288 289 299 288 299 298 288 298 299 297 296 298 297 296 297 294 297 295 294 294 295 196 295 198 196 197 196 198 195 196 197 200 195 197 199 195 200 199 200 201 201 200 202 202 188 201 190 188 202 189 188 190 191 192 193 193 192 194 203 204 205 206 207 208 206 219 207 218 219 206 225 219 218 224 219 225 208 207 209 209 211 208 210 211 209 210 267 211 268 267 210 220 221 222 222 221 223 226 227 228 229 230 231 232 233 234 232 235 233 232 236 235 235 236 237 238 239 240 241 242 243 247 242 241 247 246 242 245 246 247 248 246 245 248 249 246 246 249 250 253 250 249 253 252 250 251 252 253 251 269 252 243 242 244 243 244 254 337 254 244 337 244 338 336 337 338 340 336 338 340 338 341 339 340 341 342 339 341 342 341 343 341 344 343 346 343 344 346 344 347 345 346 347 345 347 360 255 256 257 258 259 260 261 262 263 264 265 266 264 266 357 270 271 272 273 274 275 276 277 278 279 280 281 280 282 281 283 284 285 290 291 292 291 293 292 300 301 302 303 304 305 303 305 314 313 303 314 320 313 314 319 320 314 304 306 305 306 304 308 307 306 308 307 308 358 359 307 358 315 316 317 316 318 317 321 322 323 324 325 326 327 328 329 327 329 330 327 330 332 330 331 332 333 334 335 348 349 350 351 352 353 354 355 356 361 362 363 462 361 363 461 462 363 471 462 461 470 471 461 366 367 368 367 366 464 456 367 464 389 367 456 369 367 389 367 369 368 388 369 389 455 389 456 455 456 466 516 455 466 465 466 467 466 465 472 465 473 472 370 371 372 448 371 370 371 448 454 371 454 447 446 371 447 445 446 447 371 373 372 374 375 376 376 377 374 377 376 396 395 377 396 395 396 397 395 397 426 378 379 380 379 378 492 491 379 492 491 492 493 381 382 383 381 383 374 383 375 374 384 385 386 385 387 386 387 385 390 390 385 391 390 391 398 398 391 414 414 425 398 414 400 424 399 400 401 400 474 401 392 393 394 423 393 392 489 423 392 488 489 392 402 403 404 394 402 404 394 415 402 394 393 415 405 406 407 405 407 453 452 405 453 453 407 479 407 480 479 406 408 407 408 406 505 504 408 505 409 410 411 410 413 411 412 413 410 413 412 441 412 418 441 418 419 441 417 419 418 416 417 418 501 416 418 420 421 422 420 104 421 422 463 420 422 494 463 427 428 429 428 427 508 506 507 427 429 478 427 477 478 429 476 477 429 477 476 482 430 431 432 432 436 430 436 511 512 513 511 436 511 513 514 514 513 515 433 434 435 437 438 439 438 440 439 502 439 440 503 502 440 409 502 503 442 443 444 443 442 510 509 510 442 448 449 450 449 448 475 448 469 475 469 448 370 449 451 450 457 458 459 458 460 459 460 458 483 458 484 483 467 466 468 468 466 456 444 443 481 485 486 487 485 380 486 380 500 486 500 380 379 404 403 490 490 403 499 495 496 497 496 498 420 517 518 519 529 517 519 520 521 522 521 520 524 520 525 524 527 525 520 526 527 520 526 520 528 520 522 528 521 523 522 </p>
                </triangles>
            </mesh>
        </geometry>
        <geometry id="geom-02D30277" name="geom-02D30277">
            <mesh>
                <source id="geom-02D30277-pos">
                    <float_array id="geom-02D30277-pos-array" count="3654">3458.00 -60.00 -840.00 3458.00 -62.28 -851.48 3451.12 -90.00 -840.00 3458.00 -68.79 -861.21 3458.00 -68.79 -818.79 3458.00 -62.28 -828.52 3458.00 -90.00 -810.00 3458.00 -78.52 -812.28 3458.00 -111.21 -818.79 3458.00 -101.48 -812.28 3458.00 -120.00 -840.00 3458.00 -117.72 -828.52 3458.00 -111.21 -861.21 3458.00 -117.72 -851.48 3458.00 -90.00 -870.00 3458.00 -101.48 -867.72 3458.00 -78.52 -867.72 2372.00 -130.00 -890.00 2372.00 -150.00 -890.00 2372.00 -130.00 -900.00 2372.00 -190.00 -900.00 2372.00 -190.00 -890.00 2372.00 -88.00 -882.00 2372.00 -70.00 -840.00 2372.00 -130.00 -870.00 2372.00 -130.00 -840.00 2372.00 -130.00 -810.00 2372.00 -130.00 -790.00 2372.00 -88.00 -798.00 2372.00 -130.00 -780.00 2372.00 -190.00 -780.00 2372.00 -235.00 -780.00 2372.00 -190.00 -790.00 2372.00 -240.00 -795.00 3402.00 -240.00 -720.00 3402.00 -60.00 -720.00 3472.00 -240.00 -720.00 3472.00 -60.00 -720.00 3472.00 -240.00 -889.01 3472.00 -120.00 -889.01 3472.00 -240.00 -960.00 3472.00 -60.00 -960.00 3472.00 -70.00 -885.00 3472.00 0.00 -900.00 3472.00 -60.00 -720.00 3472.00 -120.00 -790.99 3472.00 -240.00 -720.00 3472.00 -70.00 -795.00 3472.00 -240.00 -790.99 3472.00 0.00 -840.00 3402.00 -60.00 -720.00 3402.00 0.00 -780.00 3472.00 -60.00 -720.00 3472.00 0.00 -780.00 3402.00 0.00 -840.00 3472.00 0.00 -840.00 2372.00 -235.00 -900.00 2372.00 -239.49 -885.76 2372.00 -150.00 -790.00 3472.00 0.00 -780.00 3332.00 0.00 -900.00 3402.00 0.00 -900.00 3332.00 0.00 -840.00 3402.00 0.00 -840.00 3472.00 -60.00 -960.00 3402.00 -60.00 -960.00 3472.00 -240.00 -960.00 3402.00 -240.00 -960.00 3402.00 -60.00 -960.00 3472.00 0.00 -900.00 3472.00 -60.00 -960.00 3332.00 0.00 -780.00 3332.00 -60.00 -720.00 3332.00 0.00 -840.00 3472.00 0.00 -840.00 3492.00 -240.00 -840.00 3492.00 -240.00 -882.00 3472.00 -240.00 -840.00 3472.00 -240.00 -889.01 3437.00 -240.00 -900.00 3472.00 -240.00 -960.00 3472.00 -240.00 -720.00 3472.00 -240.00 -790.99 3437.00 -240.00 -780.00 3492.00 -240.00 -798.00 3332.00 -240.00 -960.00 3402.00 -240.00 -960.00 3402.00 -240.00 -840.00 3332.00 -240.00 -780.00 3402.00 -240.00 -720.00 3332.00 -240.00 -720.00 3332.00 -240.00 -900.00 3332.00 -240.00 -840.00 2612.00 -560.00 -1200.00 2492.00 -560.00 -1200.00 2612.00 -560.00 -1080.00 2492.00 -560.00 -1080.00 2492.00 -560.00 -960.00 2612.00 -560.00 -960.00 3332.00 -560.00 -720.00 3212.00 -560.00 -720.00 3332.00 -560.00 -600.00 3212.00 -560.00 -600.00 3212.00 -560.00 -480.00 3332.00 -560.00 -480.00 2492.00 -560.00 -480.00 2612.00 -560.00 -480.00 2492.00 -560.00 -600.00 2612.00 -560.00 -600.00 2375.78 -250.00 -810.00 2375.78 -250.00 -840.00 2352.00 -250.00 -810.00 2352.00 -250.00 -840.00 2402.00 -250.00 -840.00 2402.00 -250.00 -810.00 2492.00 -250.00 -840.00 2492.00 -250.00 -810.00 2402.00 -240.00 -780.00 2492.00 -250.00 -780.00 2372.00 -240.00 -795.00 2372.00 -235.00 -780.00 2402.00 -250.00 -870.00 2492.00 -250.00 -870.00 2402.00 -240.00 -900.00 2492.00 -250.00 -900.00 2831.00 -120.00 -1440.00 2912.00 -120.00 -1440.00 2843.00 -120.00 -1536.00 2903.00 -120.00 -1566.00 2968.00 -120.00 -1539.00 2994.00 -120.00 -1440.00 2972.00 -120.00 -1320.00 2912.00 -120.00 -1320.00 2852.00 -120.00 -1320.00 2732.00 -420.00 -720.00 2852.00 -420.00 -720.00 2732.00 -420.00 -840.00 2852.00 -420.00 -840.00 3332.00 -560.00 -1200.00 3212.00 -560.00 -1200.00 3212.00 -560.00 -1080.00 3092.00 -560.00 -1080.00 3092.00 -560.00 -1200.00 2972.00 -560.00 -1200.00 2972.00 -560.00 -1080.00 3332.00 -560.00 -1080.00 2375.78 -250.00 -870.00 2372.00 -239.49 -885.76 2352.00 -250.00 -870.00 2372.00 -235.00 -900.00 2372.00 -190.00 -780.00 2432.00 -190.00 -780.00 2402.00 -240.00 -780.00 2492.00 -250.00 -780.00 2492.00 -190.00 -780.00 2492.00 -75.53 -792.06 2492.00 -130.00 -775.44 2432.00 -88.00 -798.00 2432.00 -130.00 -780.00 2432.00 -70.00 -840.00 2492.00 -75.53 -887.94 2432.00 -70.00 -840.00 2432.00 -88.00 -882.00 2492.00 -130.00 -904.56 2432.00 -130.00 -900.00 2492.00 -130.00 -904.56 2432.00 -130.00 -900.00 2492.00 -190.00 -900.00 2432.00 -190.00 -900.00 2492.00 -250.00 -960.00 2492.00 -190.00 -900.00 2492.00 -250.00 -900.00 2492.00 -8.21 -964.28 2564.57 121.23 -840.00 2492.00 -38.50 -840.00 2492.00 5.18 -697.87 2551.38 140.00 -705.17 2492.00 100.00 -580.00 2564.57 121.23 -840.00 2492.00 5.18 -697.87 2492.00 -38.50 -840.00 2492.00 5.18 -697.87 2492.00 2.22 -560.46 2492.00 -130.00 -637.92 2492.00 -130.00 -480.00 2492.00 -190.00 -780.00 2492.00 -249.01 -720.00 2492.00 -250.00 -780.00 3212.00 -320.00 -480.00 3212.00 -233.23 -480.00 3332.00 -320.00 -480.00 3332.00 -231.80 -480.00 3222.00 -2.89 -480.00 3291.76 14.42 -480.00 3212.00 -105.78 -480.00 3332.00 -109.79 -480.00 2492.00 -248.02 -631.34 2492.00 -246.03 -480.00 2492.00 -320.00 -600.00 2492.00 -320.00 -480.00 3332.00 -235.90 -600.00 3332.00 -240.00 -720.00 3332.00 -320.00 -600.00 3332.00 -320.00 -720.00 3332.00 100.00 -596.04 3332.00 5.46 -598.02 3332.00 11.93 -518.10 3332.00 100.00 -1100.00 3332.00 -11.56 -1075.87 3332.00 100.00 -989.00 3330.00 -11.93 -985.94 3332.00 -126.22 -1080.00 3332.00 -88.41 -1141.25 3332.00 -122.45 -1200.00 3332.00 -122.45 -1200.00 3212.00 -121.63 -1200.00 3332.00 -240.00 -1200.00 3212.00 -242.57 -1200.00 2972.00 -247.72 -1200.00 3092.00 -245.15 -1200.00 2972.00 -158.86 -1200.00 3092.00 -120.82 -1200.00 2612.00 -250.00 -1200.00 2612.00 -130.44 -1200.00 2492.00 -250.00 -1200.00 2492.00 -113.81 -1200.00 2972.00 -247.72 -1200.00 2972.00 -185.00 -1320.00 2972.00 -270.91 -1320.00 2972.00 -270.91 -1320.00 2972.00 -185.00 -1320.00 2852.00 -270.91 -1320.00 2852.00 -182.69 -1320.00 2852.00 -250.00 -1200.00 2852.00 -182.69 -1320.00 2852.00 -145.59 -1200.00 2852.00 -145.59 -1200.00 2852.00 -120.00 -1320.00 2852.00 -19.55 -1200.00 2841.60 -38.41 -1320.00 2492.00 -113.81 -1200.00 2612.00 -130.44 -1200.00 2571.89 -75.53 -1200.00 2852.00 -19.55 -1200.00 2807.00 64.80 -1200.00 2732.00 13.28 -1200.00 2841.60 -38.41 -1320.00 2852.00 8.27 -1280.63 2852.00 -19.55 -1200.00 2972.00 -32.80 -1200.00 2972.00 -158.86 -1200.00 3024.58 -16.00 -1200.00 2972.00 -120.00 -1320.00 2972.00 -32.80 -1200.00 2972.00 -43.88 -1320.00 3332.00 -320.00 -1200.00 3332.00 -440.00 -1200.00 3332.00 -320.00 -1080.00 3332.00 -440.00 -1080.00 3332.00 -440.00 -1200.00 3212.00 -440.00 -1200.00 3332.00 -560.00 -1200.00 3212.00 -560.00 -1200.00 2492.00 -440.00 -1080.00 2492.00 -320.00 -1050.73 2492.00 -440.00 -960.00 2492.00 -320.00 -960.00 2492.00 -320.00 -1200.00 2492.00 -440.00 -1200.00 2612.00 -320.00 -1200.00 2612.00 -440.00 -1200.00 3332.00 -440.00 -600.00 3332.00 -320.00 -480.00 3332.00 -440.00 -480.00 3212.00 -440.00 -480.00 3332.00 -440.00 -480.00 3212.00 -560.00 -480.00 3332.00 -560.00 -480.00 2612.00 -320.00 -480.00 2612.00 -440.00 -480.00 2492.00 -320.00 -480.00 2492.00 -440.00 -480.00 2492.00 -440.00 -600.00 2492.00 -440.00 -480.00 3332.00 -560.00 -1080.00 3332.00 -560.00 -1200.00 3332.00 -320.00 -1200.00 3212.00 -320.00 -1200.00 2492.00 -250.00 -960.00 2492.00 -320.00 -900.00 2492.00 -250.00 -900.00 2492.00 -250.00 -1200.00 2612.00 -250.00 -1200.00 3092.00 -245.15 -1200.00 2972.00 -247.72 -1200.00 3092.00 -320.00 -1200.00 2972.00 -320.00 -1200.00 3332.00 -240.00 -1080.00 3332.00 -240.00 -1200.00 2432.00 -130.00 -780.00 2372.00 -130.00 -780.00 2402.00 -240.00 -900.00 2372.00 -190.00 -900.00 2372.00 -235.00 -900.00 3332.00 -240.00 -1200.00 3212.00 -242.57 -1200.00 3212.00 -242.57 -1200.00 3092.00 -245.15 -1200.00 3212.00 -320.00 -1200.00 3092.00 -320.00 -1200.00 3092.00 -245.15 -1200.00 3212.00 -242.57 -1200.00 3092.00 -120.82 -1200.00 3212.00 -121.63 -1200.00 3092.00 -440.00 -1200.00 2972.00 -440.00 -1200.00 3092.00 -560.00 -1200.00 2972.00 -560.00 -1200.00 3212.00 -440.00 -1200.00 3092.00 -440.00 -1200.00 3212.00 -560.00 -1200.00 3092.00 -560.00 -1200.00 3332.00 -126.22 -1080.00 3332.00 -240.00 -1080.00 3332.00 -130.00 -960.00 3332.00 -240.00 -960.00 2492.00 -440.00 -1200.00 2492.00 -560.00 -1200.00 2492.00 -560.00 -1080.00 2492.00 -320.00 -1200.00 2492.00 -250.00 -1200.00 2492.00 -250.00 -1050.73 2492.00 -113.81 -1200.00 2492.00 -125.94 -1042.44 2492.00 -250.00 -1200.00 2492.00 -250.00 -1050.73 2612.00 -111.89 -480.00 2612.00 -243.90 -480.00 2492.00 -130.00 -480.00 2492.00 -246.03 -480.00 3092.00 -101.78 -480.00 3092.00 -234.66 -480.00 2972.00 -103.25 -480.00 2972.00 -237.51 -480.00 3332.00 -102.10 -600.00 3332.00 -235.90 -600.00 3332.00 -109.79 -480.00 3332.00 -231.80 -480.00 2612.00 -560.00 -1200.00 2492.00 -560.00 -1200.00 2492.00 -560.00 -960.00 2492.00 -560.00 -480.00 2612.00 -560.00 -480.00 2492.00 -560.00 -600.00 2492.00 -560.00 -480.00 3332.00 -560.00 -600.00 3332.00 -560.00 -720.00 3332.00 -440.00 -720.00 3332.00 -240.00 -720.00 3332.00 -235.90 -600.00 3332.00 -114.59 -720.00 3332.00 -102.10 -600.00 3332.00 -560.00 -480.00 3332.00 -231.80 -480.00 2492.00 -130.00 -637.92 2492.00 -130.00 -480.00 2492.00 -248.02 -631.34 2492.00 -246.03 -480.00 2492.00 -320.00 -631.34 2732.00 -130.22 -1200.00 2732.00 -250.00 -1200.00 2852.00 -145.59 -1200.00 2852.00 -250.00 -1200.00 2612.00 -250.00 -1200.00 2732.00 -250.00 -1200.00 2612.00 -130.44 -1200.00 2732.00 -130.22 -1200.00 2492.00 -250.00 -900.00 2372.00 -235.00 -780.00 2492.00 -38.50 -840.00 2492.00 -75.53 -887.94 2492.00 -8.21 -964.28 2372.00 -88.00 -798.00 2372.00 -130.00 -780.00 2492.00 -130.00 -775.44 2372.00 -70.00 -840.00 2372.00 -88.00 -882.00 2372.00 -70.00 -840.00 2372.00 -130.00 -900.00 2372.00 -130.00 -900.00 2492.00 -125.94 -1042.44 2492.00 -130.00 -637.92 2492.00 -248.02 -631.34 2492.00 -8.21 -964.28 2492.00 -125.94 -1042.44 2492.00 -17.52 -1087.56 2551.38 117.12 -943.74 2551.38 117.12 -943.74 2492.00 -8.21 -964.28 2492.00 100.00 -1051.18 2492.00 -17.52 -1087.56 2492.00 -125.94 -1042.44 2492.00 -130.00 -904.56 2492.00 -78.69 -1124.38 2492.00 -113.81 -1200.00 2612.00 -130.44 -1200.00 2732.00 -130.22 -1200.00 2612.00 -3.39 -1200.00 2732.00 13.28 -1200.00 2732.00 13.28 -1200.00 2732.00 -130.22 -1200.00 2852.00 -19.55 -1200.00 2852.00 -145.59 -1200.00 2612.00 -3.39 -1200.00 2492.00 -250.00 -1050.73 2492.00 -130.00 -904.56 2492.00 -130.00 -775.44 2841.20 0.19 -1368.78 2852.00 46.00 -1320.00 2841.60 -38.41 -1320.00 2492.00 5.18 -697.87 2492.00 -75.53 -792.06 2492.00 -38.50 -840.00 2551.38 140.00 -705.17 2492.00 -130.00 -775.44 2492.00 -130.00 -637.92 2492.00 -38.50 -840.00 2492.00 2.22 -560.46 3094.66 37.17 -1200.00 3092.00 -120.82 -1200.00 3220.39 20.00 -1200.00 3212.00 -121.63 -1200.00 3220.39 20.00 -1200.00 3212.00 -121.63 -1200.00 3258.30 -66.36 -1200.00 2831.00 -25.00 -1440.00 3092.00 -120.82 -1200.00 3094.66 37.17 -1200.00 3332.00 -122.45 -1200.00 3332.00 -64.00 -996.00 3332.00 -11.56 -1075.87 3332.00 -126.22 -1080.00 3332.00 100.00 -1100.00 3332.00 -11.22 -1113.35 3332.00 -11.56 -1075.87 3332.00 -130.00 -960.00 3330.00 -11.93 -985.94 3332.00 -11.22 -1113.35 3332.00 -11.56 -1075.87 3332.00 18.00 -696.00 3332.00 5.46 -598.02 3332.00 100.00 -676.66 3332.00 100.00 -596.04 3332.00 11.93 -518.10 3332.00 -102.10 -600.00 3332.00 -109.79 -480.00 3332.00 -114.59 -720.00 3332.00 -102.10 -600.00 3332.00 -57.17 -691.20 3332.00 5.46 -598.02 3332.00 5.46 -598.02 3332.00 18.00 -696.00 3332.00 -240.00 -1080.00 3332.00 -126.22 -1080.00 3332.00 -240.00 -1200.00 3332.00 -122.45 -1200.00 3212.00 -233.23 -480.00 3092.00 -234.66 -480.00 3212.00 -105.78 -480.00 3092.00 -101.78 -480.00 2612.00 -243.90 -480.00 2492.00 -246.03 -480.00 2852.00 -103.25 -480.00 2852.00 -239.64 -480.00 2732.00 -103.25 -480.00 2732.00 -241.77 -480.00 2732.00 -103.25 -480.00 2732.00 -241.77 -480.00 2612.00 -111.89 -480.00 2612.00 -243.90 -480.00 2851.82 18.38 -480.00 2733.08 15.30 -480.00 2851.64 80.58 -480.00 2734.16 133.84 -480.00 2972.00 -103.25 -480.00 2972.00 -237.51 -480.00 2852.00 -103.25 -480.00 2852.00 -239.64 -480.00 3332.00 -231.80 -480.00 3212.00 -233.23 -480.00 3332.00 -109.79 -480.00 3212.00 -105.78 -480.00 3222.00 -2.89 -480.00 3098.98 12.33 -480.00 3232.00 100.00 -480.00 3105.96 126.44 -480.00 2972.00 -103.25 -480.00 2975.00 18.38 -480.00 3092.00 -101.78 -480.00 3098.98 12.33 -480.00 2851.82 18.38 -480.00 2851.64 80.58 -480.00 2975.00 18.38 -480.00 2978.00 140.00 -480.00 2734.16 133.84 -480.00 2733.08 15.30 -480.00 2603.13 100.00 -480.00 2607.56 -5.94 -480.00 2603.13 100.00 -480.00 2607.56 -5.94 -480.00 2564.06 -15.00 -480.00 3098.98 12.33 -480.00 2975.00 18.38 -480.00 3105.96 126.44 -480.00 2978.00 140.00 -480.00 2852.00 -103.25 -480.00 2851.82 18.38 -480.00 2972.00 -103.25 -480.00 2975.00 18.38 -480.00 3098.98 12.33 -480.00 3222.00 -2.89 -480.00 3092.00 -101.78 -480.00 3212.00 -105.78 -480.00 2851.82 18.38 -480.00 2852.00 -103.25 -480.00 2733.08 15.30 -480.00 2732.00 -103.25 -480.00 2733.08 15.30 -480.00 2732.00 -103.25 -480.00 2607.56 -5.94 -480.00 2612.00 -111.89 -480.00 3291.76 14.42 -480.00 3222.00 -2.89 -480.00 3232.00 100.00 -480.00 2607.56 -5.94 -480.00 2612.00 -111.89 -480.00 2564.06 -15.00 -480.00 2492.00 -130.00 -480.00 2852.00 -270.91 -1320.00 2852.00 -182.69 -1320.00 2972.00 -185.00 -1320.00 2972.00 -158.86 -1200.00 2972.00 -158.86 -1200.00 2972.00 -43.88 -1320.00 2972.00 -32.80 -1200.00 2972.00 60.00 -1320.00 2983.00 -4.01 -1366.69 2972.00 -43.88 -1320.00 2972.00 60.00 -1320.00 2994.00 -37.00 -1440.00 2852.00 46.00 -1320.00 2972.00 60.00 -1320.00 2938.00 12.00 -1410.00 2983.00 -4.01 -1366.69 3332.00 -57.17 -691.20 3320.09 -57.52 -720.80 3332.00 -114.59 -720.00 3349.30 -73.11 -739.08 3402.00 -150.00 -720.00 3396.10 -60.00 -720.00 3332.00 18.00 -696.00 3304.38 -1.58 -717.80 3296.00 6.00 -777.00 3352.00 -32.00 -775.00 3408.00 0.00 -780.00 3397.00 0.00 -836.00 3330.00 -8.00 -843.00 3299.00 15.00 -847.00 3233.06 116.60 -840.00 3271.29 101.01 -724.62 3332.00 -130.00 -960.00 3318.00 -80.00 -952.00 3332.00 -64.00 -996.00 3352.00 -80.00 -936.00 3381.00 -156.00 -960.00 3396.50 -60.00 -960.00 3318.00 -15.00 -937.00 3330.00 -11.93 -985.94 3296.00 6.00 -910.00 3352.00 -33.00 -902.00 3406.00 0.00 -900.00 3235.63 106.10 -924.40 3275.09 95.31 -958.55 3332.00 100.00 -989.00 2871.00 14.00 -1408.00 2903.00 -20.00 -1568.00 2994.00 -37.00 -1440.00 2968.00 -21.00 -1539.00 2843.00 -19.00 -1539.00 2831.00 -25.00 -1440.00 2542.83 -23.69 -532.10 2568.12 70.38 -557.41 2564.06 -15.00 -480.00 2603.13 100.00 -480.00 2492.00 2.22 -560.46 2492.00 100.00 -580.00 3232.00 100.00 -480.00 3249.35 78.00 -528.53 3291.76 14.42 -480.00 3294.56 4.72 -500.19 3332.00 100.00 -596.04 3332.00 11.93 -518.10 3246.12 -34.74 -1132.59 3226.28 47.31 -1059.44 3178.19 28.49 -1116.31 3220.39 20.00 -1200.00 3258.30 -66.36 -1200.00 2614.98 37.43 -1090.85 2492.00 100.00 -1051.18 2492.00 -17.52 -1087.56 2852.00 46.00 -1320.00 2841.20 0.19 -1368.78 2912.00 60.00 -1240.00 2912.00 60.00 -1135.94 2868.78 81.84 -1145.47 2895.18 20.73 -1233.24 2852.00 -19.55 -1200.00 2852.00 8.27 -1280.63 2972.00 -32.80 -1200.00 2945.66 36.62 -1141.91 3008.24 25.15 -1130.44 3024.58 -16.00 -1200.00 3084.38 80.46 -1145.93 3094.66 37.17 -1200.00 3015.12 101.62 -1100.91 2934.78 103.71 -1085.91 2841.66 50.98 -1132.18 2807.00 64.80 -1200.00 2860.00 193.00 -1102.00 2775.83 190.21 -1052.87 2612.00 -3.39 -1200.00 2732.00 13.28 -1200.00 2711.82 64.74 -1075.83 2563.04 -51.62 -1130.73 2705.58 130.27 -609.80 2734.16 133.84 -480.00 2615.84 140.57 -700.32 2742.00 220.00 -780.00 2861.90 229.64 -640.16 2874.00 220.00 -824.00 2551.38 140.00 -705.17 2564.57 121.23 -840.00 2649.36 160.00 -840.00 2649.39 112.96 -1016.40 2551.38 117.12 -943.74 2657.34 165.13 -942.64 2782.00 220.00 -922.00 2900.00 220.00 -987.00 2947.46 171.07 -1073.98 3019.00 178.00 -1108.00 3010.87 209.07 -1010.96 3004.34 215.04 -885.19 3124.52 138.77 -1003.76 3140.79 137.67 -557.18 3207.96 169.71 -656.26 3028.82 222.87 -621.72 2966.00 220.00 -793.00 3128.01 207.76 -746.95 2978.00 140.00 -480.00 2851.64 80.58 -480.00 2909.55 139.60 -544.62 2826.32 129.88 -555.47 3332.00 100.00 -1100.00 3240.70 110.38 -984.78 3120.92 178.81 -869.50 2492.00 -78.69 -1124.38 2492.00 -113.81 -1200.00 2571.89 -75.53 -1200.00 3332.00 -122.45 -1200.00 3332.00 -88.41 -1141.25 3332.00 -11.22 -1113.35 3289.29 74.35 -1061.57 3332.00 -11.22 -1113.35 3332.00 100.00 -676.66 3105.96 126.44 -480.00 3332.00 -109.79 -480.00 2492.00 -130.00 -480.00 2912.00 60.00 -1240.00 3332.00 -130.00 -960.00 3332.00 -240.00 -960.00 3402.00 -240.00 -960.00 3332.00 -60.00 -960.00 3402.00 -60.00 -960.00 3332.00 0.00 -900.00 3402.00 0.00 -900.00 3332.00 -60.00 -720.00 3402.00 -60.00 -720.00 3332.00 -114.59 -720.00 3402.00 -240.00 -720.00 3332.00 -60.00 -960.00 3402.00 -60.00 -960.00 3332.00 -240.00 -720.00 2974.81 -300.16 -681.30 2993.73 -302.36 -663.12 2993.55 -281.92 -671.87 2983.87 -284.82 -698.45 2985.84 -284.76 -683.76 3002.00 -277.00 -690.00 2990.00 -302.00 -717.48 3015.61 -301.38 -719.28 2993.33 -320.00 -720.00 3013.33 -320.00 -720.00 3028.98 -297.76 -703.46 3028.10 -299.06 -679.30 3032.85 -320.00 -700.00 2974.92 -300.00 -702.42 2973.33 -320.00 -700.00 2974.81 -300.16 -681.30 2973.33 -320.00 -680.33 3011.70 -298.81 -661.82 3013.33 -320.00 -660.00 2993.33 -320.00 -660.00 3018.71 -282.02 -696.38 3019.73 -278.98 -682.17 2993.55 -281.92 -671.87 3008.83 -279.49 -673.52 3028.98 -297.76 -703.46 3010.45 -281.92 -708.13 3018.71 -282.02 -696.38 2996.40 -281.92 -706.02 3010.45 -281.92 -708.13 2990.00 -302.00 -717.48 2983.87 -284.82 -698.45 3008.83 -279.49 -673.52 3011.70 -298.81 -661.82 2973.33 -320.00 -680.33 2985.84 -284.76 -683.76 3013.33 -320.00 -660.00 3032.85 -320.00 -680.00 2993.33 -320.00 -720.00 3019.73 -278.98 -682.17 3018.71 -282.02 -696.38 3008.83 -279.49 -673.52 2985.84 -284.76 -683.76 2996.40 -281.92 -706.02 2996.40 -281.92 -706.02 3032.85 -320.00 -700.00 2813.30 -300.16 -597.19 2792.62 -302.11 -578.66 2802.68 -284.49 -577.68 2829.65 -285.15 -586.07 2812.57 -285.35 -592.70 2822.00 -277.00 -570.00 2849.48 -302.00 -582.00 2851.28 -301.38 -556.39 2852.00 -320.00 -578.67 2852.00 -320.00 -558.67 2835.46 -297.76 -543.02 2811.13 -298.07 -541.04 2832.00 -320.00 -539.15 2834.42 -300.00 -597.08 2832.00 -320.00 -598.67 2813.30 -300.16 -597.19 2812.33 -320.00 -598.67 2793.82 -298.81 -560.30 2792.00 -320.00 -558.67 2792.00 -320.00 -578.67 2828.38 -282.02 -553.29 2816.02 -280.32 -556.67 2802.68 -284.49 -577.68 2803.99 -282.45 -565.27 2835.46 -297.76 -543.02 2838.19 -281.87 -563.13 2828.38 -282.02 -553.29 2840.18 -281.92 -576.16 2838.19 -281.87 -563.13 2849.48 -302.00 -582.00 2829.65 -285.15 -586.07 2803.99 -282.45 -565.27 2793.82 -298.81 -560.30 2812.33 -320.00 -598.67 2812.57 -285.35 -592.70 2792.00 -320.00 -558.67 2812.00 -320.00 -539.15 2852.00 -320.00 -578.67 2816.02 -280.32 -556.67 2828.38 -282.02 -553.29 2803.99 -282.45 -565.27 2812.57 -285.35 -592.70 2840.18 -281.92 -576.16 2840.18 -281.92 -576.16 2832.00 -320.00 -539.15 2972.00 -237.51 -480.00 2972.00 -320.00 -480.00 2852.00 -239.64 -480.00 2852.00 -320.00 -480.00 3332.00 -320.00 -900.00 3332.00 -240.00 -900.00 3332.00 -320.00 -960.00 3332.00 -240.00 -960.00 2994.00 -120.00 -1440.00 2994.00 -37.00 -1440.00 2968.00 -120.00 -1539.00 2968.00 -21.00 -1539.00 2843.00 -120.00 -1536.00 2903.00 -120.00 -1566.00 2843.00 -19.00 -1539.00 2903.00 -20.00 -1568.00 2968.00 -21.00 -1539.00 2968.00 -120.00 -1539.00 2831.00 -120.00 -1440.00 2843.00 -120.00 -1536.00 2831.00 -25.00 -1440.00 2843.00 -19.00 -1539.00 2994.00 -37.00 -1440.00 2994.00 -120.00 -1440.00 2972.00 -43.88 -1320.00 2972.00 -120.00 -1320.00 2852.00 -120.00 -1320.00 2831.00 -120.00 -1440.00 2841.60 -38.41 -1320.00 2831.00 -25.00 -1440.00 2492.00 -250.00 -780.00 2492.00 -320.00 -780.00 2492.00 -250.00 -810.00 2852.00 -320.00 -720.00 2852.00 -420.00 -720.00 2732.00 -320.00 -720.00 2732.00 -420.00 -720.00 2852.00 -320.00 -840.00 2852.00 -420.00 -840.00 2852.00 -320.00 -720.00 2852.00 -420.00 -720.00 2732.00 -320.00 -840.00 2732.00 -420.00 -840.00 2852.00 -320.00 -840.00 2852.00 -420.00 -840.00 2732.00 -320.00 -840.00 2732.00 -320.00 -720.00 2732.00 -420.00 -840.00 2732.00 -420.00 -720.00 2972.00 -440.00 -1200.00 2972.00 -440.00 -1080.00 2972.00 -560.00 -1200.00 2972.00 -560.00 -1080.00 2972.00 -440.00 -1080.00 3092.00 -440.00 -1080.00 2972.00 -560.00 -1080.00 3092.00 -560.00 -1080.00 2612.00 -440.00 -960.00 2612.00 -440.00 -1080.00 2612.00 -560.00 -960.00 2612.00 -560.00 -1080.00 2492.00 -440.00 -960.00 2612.00 -440.00 -960.00 2492.00 -560.00 -960.00 2612.00 -560.00 -960.00 3212.00 -440.00 -480.00 3212.00 -440.00 -600.00 3212.00 -320.00 -480.00 3212.00 -320.00 -600.00 3212.00 -320.00 -720.00 3212.00 -440.00 -720.00 3332.00 -320.00 -720.00 3332.00 -440.00 -720.00 2612.00 -440.00 -480.00 2612.00 -440.00 -600.00 2612.00 -560.00 -480.00 2612.00 -560.00 -600.00 2612.00 -440.00 -600.00 2492.00 -440.00 -600.00 2612.00 -560.00 -600.00 2492.00 -560.00 -600.00 2972.00 -320.00 -1200.00 2972.00 -320.00 -1320.00 2852.00 -320.00 -1200.00 2852.00 -320.00 -1320.00 3332.00 -320.00 -780.00 3332.00 -320.00 -720.00 3332.00 -240.00 -780.00 3332.00 -240.00 -720.00 3332.00 -320.00 -1080.00 3332.00 -440.00 -1080.00 3212.00 -320.00 -1080.00 3212.00 -440.00 -1080.00 3212.00 -320.00 -1080.00 3212.00 -440.00 -1080.00 3092.00 -320.00 -1080.00 2612.00 -320.00 -1200.00 2612.00 -440.00 -1200.00 2612.00 -320.00 -1080.00 3212.00 -560.00 -720.00 3212.00 -560.00 -600.00 3332.00 -440.00 -1080.00 3212.00 -560.00 -1080.00 3332.00 -560.00 -1080.00 2972.00 -320.00 -1080.00 2972.00 -320.00 -1200.00 2972.00 -440.00 -1200.00 3092.00 -320.00 -1080.00 3092.00 -440.00 -1080.00 2972.00 -320.00 -1080.00 3092.00 -560.00 -1080.00 3212.00 -560.00 -1080.00 2492.00 -250.00 -870.00 2492.00 -250.00 -840.00 2492.00 -320.00 -840.00 2492.00 -250.00 -900.00 2492.00 -320.00 -900.00 2852.00 -320.00 -1320.00 2852.00 -270.91 -1320.00 2852.00 -320.00 -1200.00 2852.00 -250.00 -1200.00 2972.00 -320.00 -1320.00 2972.00 -270.91 -1320.00 2852.00 -320.00 -1320.00 2852.00 -270.91 -1320.00 2972.00 -247.72 -1200.00 2972.00 -270.91 -1320.00 2972.00 -320.00 -1200.00 2972.00 -320.00 -1320.00 3332.00 -240.00 -960.00 3332.00 -240.00 -1080.00 3332.00 -320.00 -960.00 3332.00 -320.00 -1080.00 2612.00 -320.00 -960.00 2492.00 -320.00 -960.00 2492.00 -440.00 -960.00 2612.00 -440.00 -1080.00 2612.00 -440.00 -1200.00 2612.00 -560.00 -1080.00 2612.00 -560.00 -1200.00 2612.00 -320.00 -1080.00 2612.00 -320.00 -960.00 2612.00 -320.00 -600.00 2612.00 -320.00 -480.00 2612.00 -440.00 -480.00 2492.00 -320.00 -600.00 2492.00 -440.00 -600.00 2612.00 -320.00 -600.00 3332.00 -440.00 -720.00 3212.00 -440.00 -720.00 3332.00 -560.00 -720.00 3212.00 -560.00 -720.00 3212.00 -320.00 -600.00 3212.00 -440.00 -600.00 3212.00 -320.00 -720.00 3212.00 -560.00 -480.00 3212.00 -560.00 -600.00 3212.00 -440.00 -480.00 2492.00 -249.01 -720.00 2492.00 -320.00 -720.00 2492.00 -250.00 -780.00 2492.00 -320.00 -780.00 2732.00 -250.00 -1200.00 2732.00 -320.00 -1200.00 2852.00 -250.00 -1200.00 2852.00 -320.00 -1200.00 2612.00 -250.00 -1200.00 2612.00 -320.00 -1200.00 2732.00 -250.00 -1200.00 2732.00 -320.00 -1200.00 3092.00 -234.66 -480.00 3092.00 -320.00 -480.00 2972.00 -237.51 -480.00 2972.00 -320.00 -480.00 2852.00 -239.64 -480.00 2852.00 -320.00 -480.00 2732.00 -241.77 -480.00 2732.00 -320.00 -480.00 2732.00 -241.77 -480.00 2732.00 -320.00 -480.00 2612.00 -243.90 -480.00 2612.00 -320.00 -480.00 3212.00 -233.23 -480.00 3212.00 -320.00 -480.00 3092.00 -234.66 -480.00 3092.00 -320.00 -480.00 2492.00 -320.00 -631.34 2492.00 -248.02 -631.34 2852.00 -182.69 -1320.00 2972.00 -185.00 -1320.00 2912.00 -120.00 -1320.00 2972.00 -120.00 -1320.00 2852.00 -120.00 -1320.00 3332.00 -320.00 -840.00 3332.00 -240.00 -840.00 3332.00 -320.00 -840.00 3332.00 -240.00 -840.00 2742.49 57.51 -781.93 2749.56 106.37 -791.72 2753.74 106.37 -776.50 2742.49 57.51 -781.93 2741.03 106.37 -768.86 2742.49 57.51 -781.93 2730.60 106.37 -777.20 2742.49 57.51 -781.93 2736.80 76.50 -789.14 2755.85 148.68 -801.30 2763.82 234.67 -809.11 2762.40 148.68 -772.59 2773.22 234.67 -769.43 2736.80 76.50 -789.14 2732.93 176.28 -796.21 2729.38 234.67 -802.64 2742.49 57.51 -781.93 2722.00 148.68 -774.39 2711.60 234.67 -774.60 2732.93 176.28 -796.21 2729.38 234.67 -802.64 2742.23 148.68 -760.30 2740.86 234.67 -749.61 2940.50 166.43 -788.16 2934.64 225.48 -786.83 2950.98 166.43 -819.74 2948.37 233.47 -824.50 2965.10 166.43 -767.14 2964.26 230.98 -761.50 2992.32 166.43 -783.81 2997.36 241.11 -781.48 2966.49 20.92 -794.93 2971.77 70.39 -801.96 2974.94 70.39 -790.42 2966.49 20.92 -794.93 2965.31 70.39 -784.63 2966.49 20.92 -794.93 2957.40 70.39 -790.94 2966.49 20.92 -794.93 2960.80 70.39 -802.14 2950.98 166.43 -819.74 2948.37 233.47 -824.50 2984.41 166.43 -817.17 2989.62 245.34 -821.62 2976.37 115.50 -809.08 2981.25 115.50 -787.68 2960.80 70.39 -802.14 2956.93 115.50 -809.21 2966.49 20.92 -794.93 2951.14 115.50 -789.02 2956.93 115.50 -809.21 2966.22 115.50 -778.52 2993.49 64.27 -754.93 2998.77 136.53 -761.96 3001.94 136.53 -750.42 2993.49 64.27 -754.93 2992.31 136.53 -744.63 2993.49 64.27 -754.93 2984.40 136.53 -750.94 2993.49 64.27 -754.93 2987.80 136.53 -762.14 3005.03 185.81 -771.56 3017.09 243.73 -784.66 3010.70 185.81 -746.67 3027.50 243.73 -740.77 2987.80 136.53 -762.14 2982.42 185.81 -771.71 2973.10 243.73 -788.04 2993.49 64.27 -754.93 2975.69 185.81 -748.23 2959.32 243.73 -746.49 2982.42 185.81 -771.71 2973.10 243.73 -788.04 2993.22 185.81 -736.02 2991.69 243.73 -718.84 2900.49 45.15 -988.93 2910.04 124.14 -1002.50 2915.64 124.14 -982.16 2900.49 45.15 -988.93 2898.64 124.14 -971.94 2900.49 45.15 -988.93 2884.70 124.14 -983.08 2900.49 45.15 -988.93 2890.70 124.14 -1002.83 2920.25 177.13 -1017.85 2927.71 241.39 -1023.44 2929.86 177.13 -975.68 2939.71 241.39 -972.83 2890.70 124.14 -1002.83 2881.93 177.13 -1018.10 2877.00 241.39 -1027.33 2900.49 45.15 -988.93 2870.53 177.13 -978.32 2861.11 241.39 -979.43 2881.93 177.13 -1018.10 2877.00 241.39 -1027.33 2900.24 177.13 -957.62 2898.43 241.39 -947.55 2972.00 -320.00 -1080.00 2972.00 -320.00 -1200.00 2852.00 -320.00 -1080.00 2852.00 -320.00 -1200.00 2732.00 -320.00 -840.00 2852.00 -320.00 -840.00 2732.00 -320.00 -960.00 2852.00 -320.00 -960.00 2732.00 -320.00 -720.00 2612.00 -320.00 -720.00 2732.00 -320.00 -600.00 2612.00 -320.00 -600.00 2612.00 -320.00 -960.00 2612.00 -320.00 -840.00 2732.00 -320.00 -960.00 2732.00 -320.00 -840.00 3212.00 -320.00 -600.00 3092.00 -320.00 -600.00 3212.00 -320.00 -480.00 3092.00 -320.00 -480.00 2852.00 -320.00 -840.00 2852.00 -320.00 -720.00 2972.00 -320.00 -840.00 2972.00 -320.00 -720.00 2852.00 -320.00 -480.00 2852.00 -320.00 -600.00 2732.00 -320.00 -480.00 2732.00 -320.00 -600.00 2972.00 -320.00 -960.00 2972.00 -320.00 -840.00 3092.00 -320.00 -960.00 3092.00 -320.00 -840.00 3212.00 -320.00 -840.00 3212.00 -320.00 -720.00 3272.00 -320.00 -840.00 3332.00 -320.00 -780.00 3332.00 -320.00 -720.00 3092.00 -320.00 -840.00 3092.00 -320.00 -720.00 3212.00 -320.00 -840.00 3212.00 -320.00 -720.00 2972.00 -320.00 -840.00 2972.00 -320.00 -720.00 3092.00 -320.00 -840.00 3092.00 -320.00 -720.00 3092.00 -320.00 -480.00 3092.00 -320.00 -600.00 2972.00 -320.00 -480.00 2972.00 -320.00 -600.00 2852.00 -320.00 -600.00 2972.00 -320.00 -600.00 2852.00 -320.00 -720.00 2972.00 -320.00 -720.00 2972.00 -320.00 -960.00 2852.00 -320.00 -960.00 2972.00 -320.00 -840.00 2852.00 -320.00 -840.00 2972.00 -320.00 -1080.00 2972.00 -320.00 -960.00 3092.00 -320.00 -1080.00 3092.00 -320.00 -960.00 3332.00 -320.00 -900.00 3332.00 -320.00 -960.00 3212.00 -320.00 -960.00 3212.00 -320.00 -840.00 3272.00 -320.00 -840.00 3212.00 -320.00 -1080.00 3212.00 -320.00 -960.00 3332.00 -320.00 -1080.00 3332.00 -320.00 -960.00 3092.00 -320.00 -960.00 3092.00 -320.00 -840.00 3212.00 -320.00 -960.00 3212.00 -320.00 -840.00 3092.00 -320.00 -1080.00 3092.00 -320.00 -960.00 3212.00 -320.00 -1080.00 3212.00 -320.00 -960.00 2852.00 -320.00 -1080.00 2972.00 -320.00 -960.00 2612.00 -320.00 -960.00 2732.00 -320.00 -960.00 2612.00 -320.00 -1080.00 2732.00 -320.00 -1080.00 2732.00 -320.00 -1200.00 2732.00 -320.00 -1080.00 2852.00 -320.00 -1200.00 2852.00 -320.00 -1080.00 2612.00 -320.00 -1080.00 2732.00 -320.00 -1080.00 2612.00 -320.00 -1200.00 2732.00 -320.00 -1200.00 2732.00 -320.00 -1080.00 2732.00 -320.00 -960.00 2852.00 -320.00 -960.00 3212.00 -320.00 -720.00 3212.00 -320.00 -600.00 3092.00 -320.00 -600.00 2972.00 -320.00 -480.00 2972.00 -320.00 -600.00 2852.00 -320.00 -480.00 2852.00 -320.00 -600.00 2972.00 -320.00 -600.00 3092.00 -320.00 -600.00 2972.00 -320.00 -720.00 3092.00 -320.00 -720.00 2732.00 -320.00 -600.00 2852.00 -320.00 -600.00 2732.00 -320.00 -720.00 2852.00 -320.00 -720.00 2732.00 -320.00 -480.00 2732.00 -320.00 -600.00 2612.00 -320.00 -480.00 2612.00 -320.00 -600.00 2492.00 -320.00 -900.00 2492.00 -320.00 -840.00 2612.00 -320.00 -840.00 2612.00 -320.00 -600.00 2492.00 -320.00 -631.34 2492.00 -320.00 -600.00 2612.00 -320.00 -840.00 2612.00 -320.00 -720.00 2492.00 -320.00 -780.00 2612.00 -320.00 -840.00 2492.00 -320.00 -840.00 2492.00 -320.00 -960.00 2612.00 -320.00 -960.00 2492.00 -320.00 -720.00 2612.00 -320.00 -720.00 2612.00 -320.00 -720.00 2492.00 -320.00 -720.00 3332.00 -320.00 -840.00 3332.00 -320.00 -840.00 2352.00 -250.00 -870.00 2352.00 -250.00 -810.00 2352.00 -734.81 -1468.01 2352.00 -734.81 -211.99 2352.00 -150.00 -810.00 2352.00 331.24 -211.99 2352.00 -150.00 -870.00 2352.00 331.24 -1468.01 </float_array>
                    <technique_common>
                        <accessor source="#geom-02D30277-pos-array" count="1218" stride="3">
                            <param name="X" type="float" />
                            <param name="Y" type="float" />
                            <param name="Z" type="float" />
                        </accessor>
                    </technique_common>
                </source>
                <source id="geom-02D30277-texcoord">
                    <float_array id="geom-02D30277-texcoord-array" count="2436">0.50 0.98 0.69 0.95 0.50 0.50 0.84 0.84 0.16 0.84 0.31 0.95 0.02 0.50 0.05 0.69 0.16 0.16 0.05 0.31 0.50 0.02 0.31 0.05 0.84 0.16 0.69 0.05 0.98 0.50 0.95 0.31 0.95 0.69 0.06 -0.23 0.06 -0.34 0.00 -0.23 0.00 -0.57 0.06 -0.57 0.10 0.01 0.34 0.11 0.17 -0.23 0.34 -0.23 0.51 -0.23 0.62 -0.23 0.58 0.01 0.68 -0.23 0.68 -0.57 0.68 -0.82 0.62 -0.57 0.59 -0.85 0.34 -0.45 0.34 0.27 0.68 -0.45 0.68 0.27 0.69 -0.45 0.69 0.04 0.98 -0.45 0.98 0.29 0.68 0.24 0.74 0.53 0.00 0.29 0.29 0.04 0.00 -0.45 0.31 0.24 0.29 -0.45 0.49 0.53 0.34 -0.27 0.34 0.20 0.68 -0.27 0.68 0.20 0.34 0.45 0.68 0.45 0.00 -0.91 0.11 -0.93 0.62 -0.34 0.25 0.53 0.00 -0.08 0.34 -0.08 0.00 0.18 0.34 0.18 0.68 0.27 0.34 0.27 0.68 -0.45 0.34 -0.45 0.34 -0.55 0.68 -0.08 0.68 -0.55 0.00 0.20 0.00 -0.27 0.00 0.45 0.68 0.18 0.49 0.49 0.32 0.49 0.49 0.43 0.29 0.43 0.25 0.32 0.00 0.43 0.98 0.43 0.69 0.43 0.74 0.32 0.66 0.49 0.00 0.00 0.00 0.22 0.49 0.22 0.74 0.00 0.98 0.22 0.98 0.00 0.25 0.00 0.49 0.00 0.07 0.14 0.04 0.14 0.07 0.11 0.04 0.11 0.04 0.07 0.07 0.07 0.07 0.14 0.04 0.14 0.07 0.11 0.04 0.11 0.04 0.07 0.07 0.07 0.07 0.07 0.07 0.11 0.04 0.07 0.04 0.11 0.88 -0.22 0.88 -0.20 0.86 -0.22 0.86 -0.20 0.90 -0.20 0.90 -0.22 0.98 -0.20 0.98 -0.22 0.90 -0.25 0.98 -0.25 0.88 -0.24 0.88 -0.25 0.90 -0.17 0.98 -0.17 0.90 -0.14 0.98 -0.14 0.12 0.00 0.21 0.00 0.13 0.11 0.20 0.14 0.28 0.11 0.31 0.00 0.29 -0.14 0.21 -0.14 0.14 -0.14 0.00 0.07 0.07 0.07 0.00 0.14 0.07 0.14 0.00 0.14 0.00 0.11 0.03 0.11 0.03 0.07 0.00 0.07 0.00 0.04 0.03 0.04 0.03 0.14 0.88 -0.17 0.88 -0.16 0.86 -0.17 0.88 -0.14 0.98 0.25 0.74 0.25 0.86 0.00 0.50 0.00 0.50 0.25 0.00 0.74 0.00 0.50 0.25 0.74 0.25 0.50 0.25 0.98 0.98 0.74 0.74 0.98 0.74 0.74 0.98 0.50 0.74 0.50 0.98 0.49 0.74 0.49 0.98 0.25 0.74 0.25 0.68 0.50 0.50 0.74 0.50 0.50 0.49 0.50 0.00 0.98 0.00 0.50 0.98 0.50 0.98 0.98 0.50 0.98 0.98 0.98 0.50 0.50 0.98 0.50 0.49 0.98 0.00 0.98 0.49 0.50 0.00 0.50 0.98 0.74 0.80 0.50 0.98 0.50 0.49 0.74 0.49 0.98 0.00 0.74 0.00 0.98 0.98 0.98 0.68 0.98 0.98 0.50 0.50 0.50 0.49 0.98 0.00 0.98 0.37 0.74 0.00 0.74 0.49 0.98 0.00 0.98 0.49 0.74 0.00 0.74 0.00 0.98 0.00 0.50 0.31 0.50 0.00 0.98 0.00 0.50 0.49 0.98 0.37 0.50 0.98 0.50 0.68 0.68 0.50 0.50 0.98 0.98 0.50 0.98 0.98 0.50 0.50 0.50 0.50 0.50 0.98 0.50 0.50 0.98 0.98 0.98 0.98 0.50 0.98 0.98 0.50 0.50 0.50 0.98 0.49 0.50 0.00 0.98 0.00 0.50 0.49 0.50 0.49 0.74 0.00 0.50 0.00 0.74 0.50 0.50 0.98 0.98 0.50 0.98 0.50 0.50 0.98 0.74 0.50 0.98 0.98 0.98 0.50 0.50 0.98 0.50 0.80 0.68 0.49 0.50 0.31 0.78 0.00 0.50 0.98 0.50 0.82 0.73 0.50 0.50 0.50 0.74 0.50 0.50 0.68 0.80 0.50 0.74 0.98 0.98 0.50 0.98 0.00 0.74 0.00 0.37 0.49 0.74 0.49 0.37 0.98 0.37 0.50 0.37 0.98 0.00 0.50 0.00 0.62 0.37 0.49 0.75 0.19 0.37 0.19 0.74 0.00 0.74 0.00 0.37 0.49 0.74 0.49 0.37 0.49 0.37 0.98 0.74 0.98 0.37 0.49 0.37 0.00 0.37 0.49 0.00 0.00 0.00 0.50 0.74 0.50 0.37 0.98 0.74 0.98 0.37 0.37 0.37 0.00 0.37 0.49 0.00 0.00 0.00 0.98 0.74 0.50 0.74 0.19 0.98 0.00 0.74 0.00 0.98 0.00 0.98 0.49 0.98 0.98 0.98 0.50 0.98 0.98 0.74 0.50 0.74 0.49 0.98 0.00 0.98 0.74 0.49 0.98 0.49 0.62 0.06 0.50 0.25 0.50 0.06 0.98 0.98 0.50 0.98 0.49 0.98 0.00 0.98 0.49 0.74 0.00 0.74 0.50 0.50 0.98 0.50 0.50 0.98 0.98 0.98 0.98 0.37 0.50 0.37 0.98 0.00 0.50 0.00 0.49 0.37 0.00 0.37 0.49 0.00 0.00 0.00 0.50 0.98 0.50 0.50 0.98 0.98 0.98 0.50 0.98 0.37 0.98 0.00 0.62 0.00 0.98 0.74 0.98 0.98 0.49 0.98 0.49 0.98 0.00 0.98 0.49 0.50 0.00 0.50 0.50 0.98 0.50 0.50 0.98 0.98 0.98 0.50 0.00 0.98 0.00 0.50 0.49 0.98 0.49 0.50 0.50 0.98 0.50 0.50 0.98 0.98 0.98 0.50 0.49 0.00 0.00 0.00 0.19 0.00 0.98 0.00 0.50 0.00 0.37 0.00 0.00 0.00 0.49 0.00 0.00 0.00 0.00 0.37 0.00 0.50 0.49 0.50 0.00 0.98 0.49 0.98 0.98 0.00 0.98 0.98 0.49 0.98 0.00 0.98 0.49 0.50 0.00 0.50 0.49 0.74 0.00 0.98 0.00 0.50 0.49 0.98 0.49 0.50 0.50 0.50 0.98 0.50 0.50 0.98 0.98 0.98 0.98 0.00 0.98 0.00 0.00 0.98 0.00 0.74 0.49 0.98 0.49 0.74 0.49 0.50 0.50 0.49 0.49 0.98 0.50 0.74 0.50 0.98 0.50 0.50 0.50 0.49 0.98 0.98 0.50 0.98 0.50 0.50 0.50 0.98 0.50 0.50 0.86 0.98 0.49 0.98 0.50 0.98 0.50 0.50 0.86 0.98 0.86 0.50 0.49 0.50 0.00 0.50 0.86 0.68 0.98 0.50 0.00 0.50 0.49 0.50 0.00 0.98 0.49 0.98 0.50 0.98 0.50 0.50 0.98 0.98 0.98 0.50 0.98 0.98 0.98 0.50 0.50 0.98 0.98 0.98 0.68 0.74 0.50 0.98 0.50 0.50 0.00 0.98 0.49 0.74 0.49 0.98 0.50 0.98 0.49 0.50 0.00 0.50 0.98 0.98 0.50 0.50 0.00 0.98 0.00 0.50 0.49 0.98 0.49 0.50 0.50 0.98 0.50 0.50 0.68 0.68 0.98 0.50 0.98 0.50 0.98 0.98 0.98 0.50 0.86 0.74 0.50 0.98 0.50 0.50 0.49 0.98 0.31 0.50 0.49 0.50 0.98 0.50 0.86 0.98 0.80 0.98 0.98 0.98 0.12 0.50 0.49 0.50 0.12 0.98 0.49 0.98 0.80 0.98 0.50 0.50 0.98 0.50 0.50 0.50 0.98 0.50 0.62 0.68 0.50 0.98 0.98 0.98 0.62 0.98 0.98 0.50 0.98 0.98 0.50 0.50 0.50 0.98 0.50 0.50 0.98 0.50 0.50 0.98 0.98 0.98 0.50 0.98 0.98 0.98 0.00 0.98 0.00 0.50 0.49 0.98 0.49 0.50 0.50 0.98 0.50 0.50 0.98 0.98 0.98 0.50 0.50 0.50 0.98 0.50 0.50 0.74 0.98 0.98 0.50 0.98 0.50 0.50 0.98 0.98 0.98 0.50 0.00 0.50 0.49 0.50 0.00 0.98 0.49 0.98 0.50 0.50 0.98 0.50 0.50 0.98 0.98 0.98 0.98 0.50 0.98 0.98 0.50 0.50 0.50 0.98 0.98 0.50 0.98 0.74 0.50 0.50 0.50 0.98 0.00 0.98 0.00 0.50 0.49 0.98 0.49 0.50 0.00 0.98 0.00 0.50 0.25 0.50 0.00 0.50 0.49 0.50 0.00 0.98 0.49 0.98 0.49 0.50 0.49 0.98 0.00 0.50 0.00 0.98 0.49 0.98 0.00 0.98 0.49 0.50 0.00 0.50 0.50 0.98 0.50 0.50 0.98 0.98 0.98 0.50 0.00 0.98 0.00 0.50 0.49 0.98 0.49 0.50 0.19 0.50 0.49 0.50 0.49 0.98 0.50 0.98 0.50 0.50 0.74 0.98 0.98 0.50 0.98 0.50 0.98 0.50 0.50 0.50 0.98 0.50 0.49 0.98 0.50 0.50 0.98 0.50 0.50 0.98 0.80 0.68 0.98 0.50 0.98 0.98 0.50 0.50 0.98 0.98 0.11 -0.27 0.10 -0.13 0.05 -0.19 0.31 -0.87 0.30 -0.87 0.29 -0.87 0.29 -0.86 0.27 -0.89 0.27 -0.87 0.33 -0.87 0.32 -0.86 0.31 -0.84 0.30 -0.85 0.27 -0.85 0.28 -0.84 0.29 -0.83 0.30 -0.82 0.33 -0.79 0.35 -0.83 0.23 -0.82 0.24 -0.82 0.23 -0.81 0.25 -0.83 0.23 -0.83 0.25 -0.84 0.26 -0.81 0.24 -0.80 0.28 -0.81 0.26 -0.83 0.26 -0.84 0.30 -0.77 0.27 -0.77 0.26 -0.79 0.19 -0.10 0.08 0.09 0.00 -0.11 0.01 0.03 0.17 0.08 0.24 -0.03 0.73 -0.70 0.69 -0.69 0.73 -0.72 0.69 -0.73 0.73 -0.68 0.70 -0.65 0.45 -0.90 0.43 -0.90 0.43 -0.94 0.42 -0.94 0.38 -0.89 0.40 -0.93 0.16 -0.73 0.22 -0.73 0.20 -0.69 0.15 -0.68 0.13 -0.72 0.55 -0.41 0.63 -0.45 0.63 -0.38 0.26 -0.21 0.26 -0.12 0.23 -0.34 0.29 -0.48 0.33 -0.45 0.29 -0.33 0.36 -0.33 0.31 -0.26 0.13 -0.49 0.24 -0.50 0.21 -0.55 0.14 -0.55 0.22 -0.62 0.17 -0.62 0.27 -0.57 0.31 -0.53 0.36 -0.42 0.41 -0.39 0.38 -0.53 0.45 -0.52 0.53 -0.34 0.46 -0.36 0.50 -0.44 0.59 -0.35 0.61 -0.70 0.64 -0.76 0.62 -0.64 0.54 -0.64 0.53 -0.73 0.47 -0.66 0.65 -0.62 0.62 -0.57 0.57 -0.59 0.54 -0.48 0.60 -0.52 0.54 -0.54 0.48 -0.59 0.41 -0.60 0.34 -0.57 0.30 -0.60 0.35 -0.63 0.40 -0.68 0.30 -0.69 0.46 -0.85 0.41 -0.83 0.48 -0.78 0.45 -0.70 0.40 -0.77 0.54 -0.83 0.60 -0.80 0.55 -0.79 0.58 -0.76 0.21 -0.79 0.27 -0.75 0.36 -0.73 0.63 -0.34 0.62 -0.29 0.57 -0.31 0.11 -0.76 0.14 -0.77 0.17 -0.77 0.22 -0.76 0.17 -0.77 0.36 -0.87 0.49 -0.86 0.41 -0.98 0.77 -0.71 0.23 -0.34 0.01 0.00 0.01 -0.82 0.61 -0.81 0.00 -0.98 0.61 -0.98 0.00 -0.14 0.61 -0.14 0.01 0.48 0.61 0.48 0.01 0.00 0.61 -0.81 0.01 0.49 0.61 0.49 0.01 -0.82 0.50 0.62 0.62 0.62 0.62 0.74 0.62 0.75 0.74 0.75 0.62 0.86 0.74 0.62 0.62 0.62 0.74 0.50 0.62 0.50 0.74 0.62 0.62 0.62 0.74 0.50 0.62 0.62 0.62 0.50 0.74 0.62 0.74 0.50 0.74 0.62 0.74 0.50 0.62 0.50 0.50 0.98 0.62 0.98 0.74 0.86 0.74 0.98 0.50 0.62 0.62 0.74 0.50 0.74 0.50 0.75 0.50 0.86 0.50 0.62 0.62 0.74 0.50 0.74 0.50 0.62 0.50 0.50 0.74 0.74 0.50 0.50 0.62 0.50 0.50 0.50 0.62 0.74 0.74 0.74 0.74 0.74 0.50 0.74 0.50 0.74 0.74 0.74 0.50 0.50 0.50 0.62 0.62 0.62 0.62 0.74 0.62 0.75 0.74 0.75 0.62 0.86 0.74 0.62 0.62 0.62 0.74 0.50 0.62 0.50 0.74 0.62 0.62 0.62 0.74 0.50 0.62 0.62 0.62 0.50 0.74 0.62 0.74 0.50 0.74 0.62 0.74 0.50 0.62 0.50 0.50 0.98 0.62 0.98 0.74 0.86 0.74 0.98 0.50 0.62 0.62 0.74 0.50 0.74 0.50 0.75 0.50 0.86 0.50 0.62 0.62 0.74 0.50 0.74 0.50 0.62 0.50 0.50 0.74 0.74 0.50 0.50 0.62 0.50 0.50 0.50 0.62 0.74 0.74 0.74 0.74 0.74 0.50 0.74 0.50 0.74 0.74 0.74 0.50 0.50 0.50 0.24 0.50 0.00 0.98 0.24 0.98 0.00 0.74 0.25 0.74 0.49 0.50 0.25 0.50 0.49 0.98 0.00 0.98 0.24 0.50 0.00 0.50 0.24 0.50 0.00 0.74 0.00 0.50 0.24 0.74 0.24 0.98 0.24 0.98 0.00 0.50 0.00 0.98 0.00 0.50 0.24 0.98 0.24 0.50 0.24 0.50 0.00 0.98 0.24 0.98 0.00 0.50 0.00 0.98 0.00 0.50 0.24 0.98 0.24 0.50 0.49 0.50 0.25 0.62 0.49 0.00 0.49 0.00 0.00 0.49 0.49 0.49 0.00 0.00 0.49 0.00 0.00 0.49 0.49 0.49 0.00 0.00 0.49 0.00 0.00 0.49 0.49 0.49 0.00 0.49 0.49 0.00 0.49 0.49 0.00 0.00 0.00 0.00 0.00 0.49 0.00 0.00 0.49 0.49 0.49 0.00 0.00 0.49 0.00 0.00 0.49 0.49 0.49 0.00 0.00 0.49 0.00 0.00 0.49 0.49 0.49 0.00 0.00 0.49 0.00 0.00 0.49 0.49 0.49 0.00 0.00 0.49 0.00 0.00 0.49 0.49 0.49 0.00 0.49 0.00 0.00 0.49 0.49 0.49 0.00 0.00 0.00 0.49 0.00 0.00 0.49 0.49 0.49 0.00 0.00 0.49 0.00 0.00 0.49 0.49 0.49 0.49 0.50 0.49 0.98 0.00 0.50 0.00 0.98 0.74 0.25 0.98 0.25 0.74 0.49 0.98 0.49 0.00 0.49 0.00 0.00 0.49 0.49 0.49 0.00 0.00 0.49 0.00 0.00 0.49 0.49 0.00 0.49 0.00 0.00 0.49 0.49 0.00 0.49 0.49 0.49 0.49 0.00 0.00 0.49 0.49 0.49 0.00 0.49 0.49 0.49 0.49 0.00 0.00 0.49 0.00 0.00 0.49 0.49 0.00 0.49 0.49 0.49 0.86 0.49 0.74 0.49 0.74 0.25 0.98 0.49 0.98 0.25 0.98 0.00 0.98 0.24 0.50 0.00 0.50 0.24 0.98 0.00 0.98 0.24 0.50 0.00 0.50 0.24 0.98 0.24 0.50 0.24 0.98 0.00 0.50 0.00 0.98 0.24 0.50 0.24 0.98 0.00 0.50 0.00 0.00 0.49 0.49 0.49 0.49 0.00 0.00 0.00 0.49 0.00 0.00 0.49 0.49 0.49 0.00 0.49 0.49 0.49 0.00 0.49 0.49 0.49 0.49 0.00 0.00 0.49 0.00 0.00 0.49 0.49 0.00 0.00 0.49 0.00 0.00 0.49 0.49 0.49 0.00 0.49 0.00 0.00 0.49 0.49 0.49 0.49 0.00 0.49 0.49 0.00 0.80 0.24 0.80 0.00 0.98 0.24 0.98 0.00 0.50 0.24 0.50 0.00 0.98 0.24 0.98 0.00 0.50 0.24 0.50 0.00 0.98 0.24 0.98 0.00 0.50 0.24 0.50 0.00 0.98 0.24 0.98 0.00 0.50 0.24 0.50 0.00 0.98 0.24 0.98 0.00 0.50 0.24 0.50 0.00 0.98 0.24 0.98 0.00 0.50 0.24 0.50 0.00 0.98 0.24 0.98 0.00 0.50 0.00 0.50 0.24 0.50 0.25 0.98 0.25 0.74 0.49 0.98 0.49 0.50 0.49 0.50 0.25 0.50 0.49 0.98 0.25 0.98 0.49 0.91 0.50 0.93 0.62 0.89 0.62 0.86 0.50 0.83 0.62 0.81 0.50 0.79 0.62 0.76 0.51 0.75 0.62 0.93 0.75 0.93 0.87 0.89 0.75 0.89 0.87 0.98 0.62 0.98 0.75 0.98 0.87 0.96 0.50 0.79 0.75 0.79 0.87 0.75 0.75 0.75 0.87 0.83 0.75 0.83 0.87 0.79 0.87 0.79 0.98 0.75 0.87 0.75 0.98 0.83 0.87 0.83 0.98 0.89 0.87 0.89 0.98 0.91 0.50 0.93 0.62 0.89 0.62 0.86 0.50 0.83 0.62 0.81 0.50 0.79 0.62 0.76 0.51 0.75 0.62 0.98 0.87 0.98 0.98 0.93 0.87 0.93 0.98 0.93 0.75 0.89 0.75 0.98 0.62 0.98 0.75 0.96 0.50 0.79 0.75 0.75 0.75 0.83 0.75 0.91 0.50 0.93 0.62 0.89 0.62 0.86 0.50 0.83 0.62 0.81 0.50 0.79 0.62 0.76 0.51 0.75 0.62 0.93 0.75 0.93 0.87 0.89 0.75 0.89 0.87 0.98 0.62 0.98 0.75 0.98 0.87 0.96 0.50 0.79 0.75 0.79 0.87 0.75 0.75 0.75 0.87 0.83 0.75 0.83 0.87 0.91 0.50 0.93 0.62 0.89 0.62 0.86 0.50 0.83 0.62 0.81 0.50 0.79 0.62 0.76 0.51 0.75 0.62 0.93 0.75 0.93 0.87 0.89 0.75 0.89 0.87 0.98 0.62 0.98 0.75 0.98 0.87 0.96 0.50 0.79 0.75 0.79 0.87 0.75 0.75 0.75 0.87 0.83 0.75 0.83 0.87 0.49 0.49 0.00 0.49 0.49 0.00 0.00 0.00 0.49 0.98 0.00 0.98 0.49 0.50 0.00 0.50 0.49 0.49 0.00 0.49 0.49 0.00 0.00 0.00 0.49 0.49 0.00 0.49 0.49 0.00 0.00 0.00 0.50 0.98 0.50 0.50 0.98 0.98 0.98 0.50 0.49 0.98 0.00 0.98 0.49 0.50 0.00 0.50 0.98 0.49 0.50 0.49 0.98 0.00 0.50 0.00 0.49 0.98 0.00 0.98 0.49 0.50 0.00 0.50 0.50 0.49 0.50 0.00 0.74 0.49 0.98 0.25 0.98 0.00 0.49 0.98 0.00 0.98 0.49 0.50 0.00 0.50 0.49 0.49 0.00 0.49 0.49 0.00 0.00 0.00 0.98 0.49 0.50 0.49 0.98 0.00 0.50 0.00 0.49 0.49 0.00 0.49 0.49 0.00 0.00 0.00 0.49 0.49 0.00 0.49 0.49 0.00 0.00 0.00 0.49 0.98 0.00 0.98 0.49 0.50 0.00 0.50 0.98 0.74 0.98 0.98 0.50 0.98 0.50 0.50 0.74 0.50 0.50 0.98 0.50 0.50 0.98 0.98 0.98 0.50 0.49 0.49 0.00 0.49 0.49 0.00 0.00 0.00 0.49 0.98 0.00 0.98 0.49 0.50 0.00 0.50 0.00 0.98 0.49 0.50 0.49 0.98 0.00 0.98 0.49 0.50 0.00 0.50 0.98 0.98 0.50 0.98 0.98 0.50 0.50 0.50 0.50 0.98 0.50 0.50 0.98 0.98 0.98 0.50 0.49 0.49 0.00 0.49 0.00 0.00 0.49 0.98 0.49 0.50 0.00 0.50 0.98 0.98 0.50 0.98 0.98 0.50 0.50 0.50 0.49 0.98 0.00 0.98 0.49 0.50 0.00 0.50 0.49 0.98 0.00 0.98 0.49 0.50 0.00 0.50 0.98 0.98 0.50 0.98 0.98 0.50 0.50 0.50 0.98 0.74 0.98 0.98 0.50 0.98 0.50 0.98 0.98 0.86 0.98 0.98 0.00 0.98 0.00 0.50 0.98 0.25 0.50 0.00 0.98 0.00 0.98 0.50 0.50 0.50 0.98 0.49 0.50 0.49 0.50 0.50 0.98 0.50 0.98 0.49 0.98 0.50 0.52 0.45 0.47 0.45 0.98 0.07 0.00 0.07 0.47 0.53 0.00 0.91 0.52 0.53 0.98 0.91 </float_array>
                    <technique_common>
                        <accessor source="#geom-02D30277-texcoord-array" count="1218" stride="2">
                            <param name="S" type="float" />
                            <param name="T" type="float" />
                        </accessor>
                    </technique_common>
                </source>
                <source id="geom-02D30277-colors">
                    <float_array id="geom-02D30277-colors-array" count="1878">NaN NaN NaN NaN NaN NaN NaN NaN NaN NaN NaN NaN NaN NaN NaN NaN NaN NaN -170141200000000000000000000000000000000.00 NaN -170141200000000000000000000000000000000.00 NaN -170141200000000000000000000000000000000.00 NaN NaN -170141200000000000000000000000000000000.00 -170141200000000000000000000000000000000.00 NaN -170141200000000000000000000000000000000.00 NaN -170141200000000000000000000000000000000.00 NaN -170141200000000000000000000000000000000.00 NaN -170141200000000000000000000000000000000.00 NaN -170141200000000000000000000000000000000.00 NaN -170141200000000000000000000000000000000.00 NaN NaN -170141200000000000000000000000000000000.00 -170141200000000000000000000000000000000.00 NaN -170141200000000000000000000000000000000.00 NaN -170141200000000000000000000000000000000.00 NaN -170141200000000000000000000000000000000.00 -219406100000000000000000000000000000000.00 NaN -219406100000000000000000000000000000000.00 NaN NaN -219406100000000000000000000000000000000.00 NaN -219406100000000000000000000000000000000.00 NaN -219406100000000000000000000000000000000.00 NaN -219406100000000000000000000000000000000.00 NaN NaN NaN -335204700000000000000000000000000000000.00 NaN NaN -305899200000000000000000000000000000000.00 NaN NaN -293915400000000000000000000000000000000.00 NaN NaN NaN -336539100000000000000000000000000000000.00 -315224600000000000000000000000000000000.00 NaN NaN -219406100000000000000000000000000000000.00 -335204700000000000000000000000000000000.00 NaN NaN NaN -305899200000000000000000000000000000000.00 -264609900000000000000000000000000000000.00 NaN -255284500000000000000000000000000000000.00 -299242700000000000000000000000000000000.00 -329877400000000000000000000000000000000.00 NaN NaN -336539100000000000000000000000000000000.00 NaN NaN NaN NaN -219406100000000000000000000000000000000.00 NaN -219406100000000000000000000000000000000.00 NaN -219406100000000000000000000000000000000.00 -315224600000000000000000000000000000000.00 NaN NaN NaN NaN -299242700000000000000000000000000000000.00 -335204700000000000000000000000000000000.00 NaN -315224600000000000000000000000000000000.00 NaN NaN NaN -281931500000000000000000000000000000000.00 NaN -263280600000000000000000000000000000000.00 -293915400000000000000000000000000000000.00 NaN -336539100000000000000000000000000000000.00 NaN NaN -299242700000000000000000000000000000000.00 NaN -284600400000000000000000000000000000000.00 NaN NaN -315224600000000000000000000000000000000.00 NaN NaN NaN -305899200000000000000000000000000000000.00 NaN NaN -219406100000000000000000000000000000000.00 -219406100000000000000000000000000000000.00 NaN -337852800000000000000000000000000000000.00 NaN -293915400000000000000000000000000000000.00 -293915400000000000000000000000000000000.00 -337852800000000000000000000000000000000.00 -263280600000000000000000000000000000000.00 -255284500000000000000000000000000000000.00 -219406100000000000000000000000000000000.00 NaN -264609900000000000000000000000000000000.00 -305899200000000000000000000000000000000.00 -329877400000000000000000000000000000000.00 -299242700000000000000000000000000000000.00 NaN -336539100000000000000000000000000000000.00 NaN NaN NaN -335204700000000000000000000000000000000.00 -332551300000000000000000000000000000000.00 -219406100000000000000000000000000000000.00 -301911300000000000000000000000000000000.00 -219406100000000000000000000000000000000.00 NaN -219406100000000000000000000000000000000.00 -287274200000000000000000000000000000000.00 -332551300000000000000000000000000000000.00 -301911300000000000000000000000000000000.00 NaN NaN NaN NaN NaN -335194200000000000000000000000000000000.00 NaN NaN -328568800000000000000000000000000000000.00 NaN NaN NaN NaN NaN NaN NaN NaN -328568800000000000000000000000000000000.00 NaN NaN NaN NaN NaN NaN NaN NaN NaN NaN NaN NaN NaN NaN NaN NaN NaN NaN NaN NaN NaN NaN NaN NaN NaN NaN NaN NaN NaN NaN -291288200000000000000000000000000000000.00 -331216900000000000000000000000000000000.00 -227522300000000000000000000000000000000.00 -296584000000000000000000000000000000000.00 NaN NaN NaN -288608600000000000000000000000000000000.00 NaN NaN NaN NaN NaN NaN -312602700000000000000000000000000000000.00 NaN -262003600000000000000000000000000000000.00 NaN NaN NaN NaN -296615500000000000000000000000000000000.00 NaN -331216900000000000000000000000000000000.00 NaN NaN NaN NaN NaN -312586800000000000000000000000000000000.00 -336549400000000000000000000000000000000.00 -335194200000000000000000000000000000000.00 NaN NaN NaN -332551300000000000000000000000000000000.00 NaN NaN NaN NaN NaN -332551300000000000000000000000000000000.00 NaN NaN NaN -219406100000000000000000000000000000000.00 NaN -287274200000000000000000000000000000000.00 NaN NaN NaN NaN NaN NaN NaN -219406100000000000000000000000000000000.00 NaN NaN NaN NaN NaN NaN NaN NaN NaN NaN NaN NaN NaN NaN NaN NaN NaN NaN -325894800000000000000000000000000000000.00 NaN NaN NaN NaN NaN NaN NaN NaN NaN NaN NaN -301948100000000000000000000000000000000.00 NaN NaN NaN NaN -262003600000000000000000000000000000000.00 NaN NaN NaN NaN NaN NaN NaN NaN NaN NaN NaN NaN NaN NaN NaN NaN -332551300000000000000000000000000000000.00 -336544200000000000000000000000000000000.00 NaN NaN NaN NaN NaN -287274200000000000000000000000000000000.00 -328548000000000000000000000000000000000.00 -287274200000000000000000000000000000000.00 NaN NaN -287274200000000000000000000000000000000.00 NaN -332551300000000000000000000000000000000.00 NaN NaN NaN -317898600000000000000000000000000000000.00 -317898600000000000000000000000000000000.00 NaN -287274200000000000000000000000000000000.00 NaN NaN NaN NaN -328548000000000000000000000000000000000.00 -332551300000000000000000000000000000000.00 NaN NaN NaN NaN NaN NaN NaN NaN NaN NaN -316564100000000000000000000000000000000.00 -287274200000000000000000000000000000000.00 NaN NaN NaN NaN NaN NaN NaN NaN NaN NaN NaN NaN NaN NaN NaN -316564100000000000000000000000000000000.00 NaN -331216900000000000000000000000000000000.00 NaN NaN -304580200000000000000000000000000000000.00 -292606700000000000000000000000000000000.00 -331216900000000000000000000000000000000.00 NaN -304580200000000000000000000000000000000.00 -292606700000000000000000000000000000000.00 NaN NaN NaN NaN -311252400000000000000000000000000000000.00 NaN -287274200000000000000000000000000000000.00 -311252400000000000000000000000000000000.00 -287274200000000000000000000000000000000.00 NaN -317898600000000000000000000000000000000.00 -323215500000000000000000000000000000000.00 NaN -309917900000000000000000000000000000000.00 -328548000000000000000000000000000000000.00 -324570700000000000000000000000000000000.00 -332551300000000000000000000000000000000.00 -316564100000000000000000000000000000000.00 -331216900000000000000000000000000000000.00 -316564100000000000000000000000000000000.00 NaN NaN -304580200000000000000000000000000000000.00 -287274200000000000000000000000000000000.00 -292606700000000000000000000000000000000.00 -304580200000000000000000000000000000000.00 -331216900000000000000000000000000000000.00 -328548000000000000000000000000000000000.00 -287274200000000000000000000000000000000.00 -316564100000000000000000000000000000000.00 -287274200000000000000000000000000000000.00 -332551300000000000000000000000000000000.00 -317898600000000000000000000000000000000.00 -287274200000000000000000000000000000000.00 NaN -287274200000000000000000000000000000000.00 NaN NaN NaN NaN -328548000000000000000000000000000000000.00 -287274200000000000000000000000000000000.00 -287274200000000000000000000000000000000.00 NaN NaN -287274200000000000000000000000000000000.00 -332551300000000000000000000000000000000.00 NaN NaN NaN NaN -317898600000000000000000000000000000000.00 -317898600000000000000000000000000000000.00 -287274200000000000000000000000000000000.00 NaN NaN NaN NaN NaN -328548000000000000000000000000000000000.00 NaN -332551300000000000000000000000000000000.00 NaN NaN NaN NaN NaN NaN NaN -316564100000000000000000000000000000000.00 NaN -287274200000000000000000000000000000000.00 NaN NaN NaN NaN NaN NaN NaN NaN NaN NaN NaN NaN -316564100000000000000000000000000000000.00 -331216900000000000000000000000000000000.00 NaN NaN NaN -304580200000000000000000000000000000000.00 -292606700000000000000000000000000000000.00 NaN -331216900000000000000000000000000000000.00 -304580200000000000000000000000000000000.00 NaN -292606700000000000000000000000000000000.00 NaN NaN NaN -311252400000000000000000000000000000000.00 -287274200000000000000000000000000000000.00 NaN -311252400000000000000000000000000000000.00 NaN -287274200000000000000000000000000000000.00 -317898600000000000000000000000000000000.00 NaN -323215500000000000000000000000000000000.00 -328548000000000000000000000000000000000.00 -332551300000000000000000000000000000000.00 -324570700000000000000000000000000000000.00 -316564100000000000000000000000000000000.00 -331216900000000000000000000000000000000.00 -316564100000000000000000000000000000000.00 NaN -304580200000000000000000000000000000000.00 NaN -292606700000000000000000000000000000000.00 -331216900000000000000000000000000000000.00 -304580200000000000000000000000000000000.00 -328548000000000000000000000000000000000.00 -316564100000000000000000000000000000000.00 -287274200000000000000000000000000000000.00 -287274200000000000000000000000000000000.00 -317898600000000000000000000000000000000.00 -332551300000000000000000000000000000000.00 NaN NaN NaN NaN -332551300000000000000000000000000000000.00 -301911300000000000000000000000000000000.00 -219406100000000000000000000000000000000.00 -219406100000000000000000000000000000000.00 NaN -332551300000000000000000000000000000000.00 NaN -301911300000000000000000000000000000000.00 NaN NaN NaN NaN -335194200000000000000000000000000000000.00 NaN -328568800000000000000000000000000000000.00 NaN NaN NaN NaN NaN NaN NaN NaN NaN NaN -328568800000000000000000000000000000000.00 NaN NaN NaN NaN NaN NaN NaN NaN NaN NaN NaN NaN NaN NaN NaN NaN NaN NaN NaN NaN NaN NaN NaN NaN NaN NaN NaN NaN NaN -291288200000000000000000000000000000000.00 -288608600000000000000000000000000000000.00 -331216900000000000000000000000000000000.00 -296584000000000000000000000000000000000.00 NaN NaN NaN -288608600000000000000000000000000000000.00 NaN NaN NaN NaN NaN NaN -312602700000000000000000000000000000000.00 -296615500000000000000000000000000000000.00 NaN NaN NaN NaN NaN -296615500000000000000000000000000000000.00 -331216900000000000000000000000000000000.00 NaN NaN NaN NaN NaN NaN -312586800000000000000000000000000000000.00 -335194200000000000000000000000000000000.00 -336549400000000000000000000000000000000.00 NaN NaN NaN -332551300000000000000000000000000000000.00 NaN NaN NaN NaN NaN -332551300000000000000000000000000000000.00 NaN NaN NaN -219406100000000000000000000000000000000.00 NaN NaN NaN NaN NaN NaN NaN NaN -219406100000000000000000000000000000000.00 NaN NaN NaN NaN NaN NaN NaN NaN NaN NaN NaN NaN NaN NaN NaN NaN NaN NaN -325894800000000000000000000000000000000.00 NaN NaN NaN NaN NaN NaN NaN NaN NaN NaN NaN -301948100000000000000000000000000000000.00 NaN NaN NaN NaN -296615500000000000000000000000000000000.00 NaN NaN NaN NaN NaN NaN NaN NaN NaN NaN NaN NaN NaN NaN NaN NaN NaN -332551300000000000000000000000000000000.00 -336544200000000000000000000000000000000.00 NaN NaN NaN NaN NaN -329877400000000000000000000000000000000.00 NaN NaN -281931500000000000000000000000000000000.00 NaN NaN NaN NaN NaN NaN NaN NaN NaN NaN -284600400000000000000000000000000000000.00 NaN NaN NaN -316580000000000000000000000000000000000.00 -328574300000000000000000000000000000000.00 NaN NaN -316580000000000000000000000000000000000.00 -327245000000000000000000000000000000000.00 NaN -319248800000000000000000000000000000000.00 -328574300000000000000000000000000000000.00 NaN -316580000000000000000000000000000000000.00 NaN NaN -327239800000000000000000000000000000000.00 NaN NaN -328574300000000000000000000000000000000.00 -319248800000000000000000000000000000000.00 NaN -327239800000000000000000000000000000000.00 NaN NaN NaN -319248800000000000000000000000000000000.00 NaN NaN NaN NaN -327245000000000000000000000000000000000.00 NaN -316580000000000000000000000000000000000.00 NaN NaN -319248800000000000000000000000000000000.00 -327245000000000000000000000000000000000.00 NaN NaN NaN -327239800000000000000000000000000000000.00 -219406100000000000000000000000000000000.00 -219406100000000000000000000000000000000.00 NaN NaN NaN -316580000000000000000000000000000000000.00 -316580000000000000000000000000000000000.00 NaN NaN -219406100000000000000000000000000000000.00 NaN NaN NaN NaN NaN NaN NaN NaN -170141200000000000000000000000000000000.00 -170141200000000000000000000000000000000.00 -170141200000000000000000000000000000000.00 -170141200000000000000000000000000000000.00 -170141200000000000000000000000000000000.00 -170141200000000000000000000000000000000.00 -170141200000000000000000000000000000000.00 -170141200000000000000000000000000000000.00 -170141200000000000000000000000000000000.00 -170141200000000000000000000000000000000.00 -170141200000000000000000000000000000000.00 -170141200000000000000000000000000000000.00 -170141200000000000000000000000000000000.00 -170141200000000000000000000000000000000.00 -170141200000000000000000000000000000000.00 -170141200000000000000000000000000000000.00 NaN NaN -219406100000000000000000000000000000000.00 -219406100000000000000000000000000000000.00 NaN NaN NaN NaN NaN NaN NaN NaN NaN NaN NaN NaN NaN NaN NaN -284600400000000000000000000000000000000.00 NaN NaN NaN NaN NaN NaN NaN NaN NaN -170141200000000000000000000000000000000.00 -170141200000000000000000000000000000000.00 -170141200000000000000000000000000000000.00 -170141200000000000000000000000000000000.00 -170141200000000000000000000000000000000.00 -170141200000000000000000000000000000000.00 -170141200000000000000000000000000000000.00 -170141200000000000000000000000000000000.00 NaN NaN -219406100000000000000000000000000000000.00 NaN NaN NaN NaN NaN NaN NaN NaN NaN NaN NaN NaN NaN NaN NaN NaN NaN NaN NaN NaN NaN NaN NaN NaN NaN NaN NaN -288530800000000000000000000000000000000.00 -248617600000000000000000000000000000000.00 NaN NaN NaN NaN -265918300000000000000000000000000000000.00 NaN -243295500000000000000000000000000000000.00 NaN NaN NaN -307254500000000000000000000000000000000.00 -335241200000000000000000000000000000000.00 -227386400000000000000000000000000000000.00 -239375500000000000000000000000000000000.00 NaN -255268900000000000000000000000000000000.00 NaN -245964300000000000000000000000000000000.00 NaN -239375500000000000000000000000000000000.00 -321907300000000000000000000000000000000.00 -227386400000000000000000000000000000000.00 NaN NaN -327239800000000000000000000000000000000.00 NaN -255274100000000000000000000000000000000.00 NaN -252610400000000000000000000000000000000.00 -233985700000000000000000000000000000000.00 NaN -233990900000000000000000000000000000000.00 -307150300000000000000000000000000000000.00 NaN -247288300000000000000000000000000000000.00 -232661600000000000000000000000000000000.00 -232661600000000000000000000000000000000.00 NaN -231389700000000000000000000000000000000.00 -329903500000000000000000000000000000000.00 NaN NaN NaN NaN -331237900000000000000000000000000000000.00 NaN -257995000000000000000000000000000000000.00 -232661600000000000000000000000000000000.00 NaN NaN NaN NaN NaN NaN NaN NaN NaN NaN NaN NaN NaN NaN -232661600000000000000000000000000000000.00 NaN -252610400000000000000000000000000000000.00 NaN -285882700000000000000000000000000000000.00 -311164000000000000000000000000000000000.00 NaN -255284500000000000000000000000000000000.00 NaN NaN NaN NaN NaN NaN NaN -222064300000000000000000000000000000000.00 -206082400000000000000000000000000000000.00 -313911100000000000000000000000000000000.00 -267273500000000000000000000000000000000.00 -206082400000000000000000000000000000000.00 -297918700000000000000000000000000000000.00 -170141200000000000000000000000000000000.00 -170141200000000000000000000000000000000.00 -301922000000000000000000000000000000000.00 -328574300000000000000000000000000000000.00 -281931500000000000000000000000000000000.00 NaN -250004100000000000000000000000000000000.00 -232692900000000000000000000000000000000.00 -307254500000000000000000000000000000000.00 -260617000000000000000000000000000000000.00 -304585700000000000000000000000000000000.00 -227386400000000000000000000000000000000.00 -210075200000000000000000000000000000000.00 -259282500000000000000000000000000000000.00 -210075200000000000000000000000000000000.00 -170141200000000000000000000000000000000.00 -170141200000000000000000000000000000000.00 -309913000000000000000000000000000000000.00 -259282600000000000000000000000000000000.00 -227386400000000000000000000000000000000.00 -210075200000000000000000000000000000000.00 -269942400000000000000000000000000000000.00 -210075200000000000000000000000000000000.00 -170141200000000000000000000000000000000.00 -170141200000000000000000000000000000000.00 -222064300000000000000000000000000000000.00 -316580000000000000000000000000000000000.00 NaN -277912500000000000000000000000000000000.00 NaN -257995000000000000000000000000000000000.00 -331237900000000000000000000000000000000.00 NaN NaN NaN NaN -335241200000000000000000000000000000000.00 -231389700000000000000000000000000000000.00 NaN NaN NaN NaN NaN -231389700000000000000000000000000000000.00 -329903500000000000000000000000000000000.00 -329903500000000000000000000000000000000.00 NaN -316580000000000000000000000000000000000.00 NaN NaN -329903500000000000000000000000000000000.00 NaN NaN -312581900000000000000000000000000000000.00 -292591400000000000000000000000000000000.00 -170141200000000000000000000000000000000.00 -170141200000000000000000000000000000000.00 -297918700000000000000000000000000000000.00 -312581900000000000000000000000000000000.00 -170141200000000000000000000000000000000.00 -170141200000000000000000000000000000000.00 NaN -335241200000000000000000000000000000000.00 NaN NaN -232692900000000000000000000000000000000.00 -170141200000000000000000000000000000000.00 -170141200000000000000000000000000000000.00 -250004100000000000000000000000000000000.00 -257995000000000000000000000000000000000.00 NaN -232661600000000000000000000000000000000.00 NaN -257995000000000000000000000000000000000.00 NaN NaN -336570500000000000000000000000000000000.00 -243295500000000000000000000000000000000.00 -239375500000000000000000000000000000000.00 NaN NaN NaN NaN NaN NaN -245964300000000000000000000000000000000.00 -239375500000000000000000000000000000000.00 -170141200000000000000000000000000000000.00 -170141200000000000000000000000000000000.00 -170141200000000000000000000000000000000.00 -170141200000000000000000000000000000000.00 -170141200000000000000000000000000000000.00 -170141200000000000000000000000000000000.00 -170141200000000000000000000000000000000.00 -170141200000000000000000000000000000000.00 -170141200000000000000000000000000000000.00 -285929600000000000000000000000000000000.00 NaN NaN NaN NaN -170141200000000000000000000000000000000.00 -239375500000000000000000000000000000000.00 NaN -243295500000000000000000000000000000000.00 NaN -239375500000000000000000000000000000000.00 NaN NaN NaN NaN NaN -331237900000000000000000000000000000000.00 NaN NaN NaN NaN NaN NaN NaN NaN NaN NaN NaN NaN NaN NaN NaN NaN NaN NaN NaN NaN NaN -268571600000000000000000000000000000000.00 -301843900000000000000000000000000000000.00 -301843900000000000000000000000000000000.00 NaN -241971400000000000000000000000000000000.00 -268571600000000000000000000000000000000.00 NaN NaN -249952000000000000000000000000000000000.00 -232661600000000000000000000000000000000.00 NaN NaN -255347100000000000000000000000000000000.00 -311164000000000000000000000000000000000.00 -311164000000000000000000000000000000000.00 NaN NaN NaN -255347100000000000000000000000000000000.00 NaN NaN NaN NaN -206087600000000000000000000000000000000.00 NaN NaN NaN NaN -288530800000000000000000000000000000000.00 NaN NaN NaN -265918300000000000000000000000000000000.00 -323231400000000000000000000000000000000.00 NaN -252610400000000000000000000000000000000.00 NaN -252610400000000000000000000000000000000.00 NaN -252615600000000000000000000000000000000.00 NaN NaN -323231400000000000000000000000000000000.00 -232661600000000000000000000000000000000.00 -311143200000000000000000000000000000000.00 NaN NaN -233985700000000000000000000000000000000.00 -236649300000000000000000000000000000000.00 NaN NaN -307150300000000000000000000000000000000.00 -236649300000000000000000000000000000000.00 NaN -256603300000000000000000000000000000000.00 NaN -241971400000000000000000000000000000000.00 -255274100000000000000000000000000000000.00 -252610400000000000000000000000000000000.00 NaN -245964300000000000000000000000000000000.00 NaN NaN -309814000000000000000000000000000000000.00 NaN NaN -256603300000000000000000000000000000000.00 -335241200000000000000000000000000000000.00 NaN -231389700000000000000000000000000000000.00 -232661600000000000000000000000000000000.00 -335241200000000000000000000000000000000.00 NaN NaN NaN -336570500000000000000000000000000000000.00 -239375500000000000000000000000000000000.00 NaN NaN NaN NaN NaN NaN NaN -336570500000000000000000000000000000000.00 NaN NaN NaN -280545000000000000000000000000000000000.00 NaN NaN NaN NaN -239375500000000000000000000000000000000.00 -335241200000000000000000000000000000000.00 -245964300000000000000000000000000000000.00 NaN NaN NaN -255268900000000000000000000000000000000.00 -285872300000000000000000000000000000000.00 NaN NaN NaN NaN NaN NaN NaN -316486200000000000000000000000000000000.00 -280545000000000000000000000000000000000.00 NaN -263254600000000000000000000000000000000.00 NaN -263254600000000000000000000000000000000.00 NaN -268571600000000000000000000000000000000.00 NaN NaN -285872300000000000000000000000000000000.00 -316486200000000000000000000000000000000.00 NaN NaN NaN NaN NaN NaN NaN NaN NaN NaN NaN NaN NaN NaN NaN NaN -255268900000000000000000000000000000000.00 NaN -255268900000000000000000000000000000000.00 NaN NaN -268571600000000000000000000000000000000.00 -243295500000000000000000000000000000000.00 NaN NaN NaN NaN NaN NaN NaN -228731300000000000000000000000000000000.00 NaN NaN -228731300000000000000000000000000000000.00 NaN -206087600000000000000000000000000000000.00 -228731300000000000000000000000000000000.00 NaN NaN -309814000000000000000000000000000000000.00 NaN NaN NaN NaN NaN -256603300000000000000000000000000000000.00 NaN NaN NaN NaN NaN NaN NaN NaN NaN NaN NaN -311143200000000000000000000000000000000.00 NaN NaN NaN NaN -307150300000000000000000000000000000000.00 NaN NaN NaN NaN NaN -194082900000000000000000000000000000000.00 NaN -285929600000000000000000000000000000000.00 NaN NaN NaN NaN NaN NaN -268571600000000000000000000000000000000.00 -263254600000000000000000000000000000000.00 -265918300000000000000000000000000000000.00 -248617600000000000000000000000000000000.00 -170141200000000000000000000000000000000.00 NaN -255268900000000000000000000000000000000.00 NaN -210049200000000000000000000000000000000.00 -252610400000000000000000000000000000000.00 NaN NaN NaN -228673900000000000000000000000000000000.00 -252615600000000000000000000000000000000.00 NaN -241971400000000000000000000000000000000.00 -268571600000000000000000000000000000000.00 -206087600000000000000000000000000000000.00 NaN -247387400000000000000000000000000000000.00 NaN NaN -279252200000000000000000000000000000000.00 NaN -255284500000000000000000000000000000000.00 NaN NaN NaN NaN NaN -247298700000000000000000000000000000000.00 NaN NaN NaN -307166000000000000000000000000000000000.00 NaN NaN -231327200000000000000000000000000000000.00 -230008400000000000000000000000000000000.00 NaN NaN NaN -178121700000000000000000000000000000000.00 NaN NaN NaN NaN -203397800000000000000000000000000000000.00 -257963800000000000000000000000000000000.00 NaN NaN -216705700000000000000000000000000000000.00 NaN NaN NaN NaN NaN NaN NaN NaN NaN NaN NaN NaN NaN -214047300000000000000000000000000000000.00 NaN NaN NaN -194082900000000000000000000000000000000.00 NaN NaN -249952000000000000000000000000000000000.00 -232661600000000000000000000000000000000.00 -252610400000000000000000000000000000000.00 -232661600000000000000000000000000000000.00 -247288300000000000000000000000000000000.00 -236649300000000000000000000000000000000.00 -263280600000000000000000000000000000000.00 -332567200000000000000000000000000000000.00 -196746500000000000000000000000000000000.00 -285872300000000000000000000000000000000.00 -245964300000000000000000000000000000000.00 -243295500000000000000000000000000000000.00 -307254500000000000000000000000000000000.00 NaN NaN NaN NaN NaN NaN NaN NaN NaN NaN NaN NaN NaN NaN NaN NaN NaN NaN NaN NaN NaN NaN NaN NaN NaN NaN NaN NaN NaN NaN NaN NaN NaN NaN NaN NaN NaN NaN NaN NaN NaN NaN NaN NaN NaN NaN NaN NaN NaN NaN NaN NaN NaN NaN NaN NaN NaN NaN NaN NaN NaN NaN NaN NaN NaN NaN NaN NaN NaN NaN NaN NaN NaN NaN NaN NaN NaN NaN NaN NaN NaN NaN NaN NaN NaN NaN NaN NaN NaN NaN NaN NaN NaN NaN NaN NaN NaN NaN NaN NaN NaN NaN NaN NaN NaN -332509700000000000000000000000000000000.00 NaN -332514900000000000000000000000000000000.00 NaN NaN NaN NaN NaN NaN NaN NaN NaN -284600400000000000000000000000000000000.00 NaN -285929600000000000000000000000000000000.00 NaN NaN NaN NaN NaN NaN NaN NaN NaN NaN NaN NaN NaN NaN NaN NaN NaN NaN NaN NaN NaN NaN NaN NaN NaN NaN NaN NaN NaN NaN NaN NaN NaN -292591400000000000000000000000000000000.00 -255284500000000000000000000000000000000.00 -170141200000000000000000000000000000000.00 -170141200000000000000000000000000000000.00 -255284500000000000000000000000000000000.00 -255284500000000000000000000000000000000.00 -170141200000000000000000000000000000000.00 -170141200000000000000000000000000000000.00 -255284500000000000000000000000000000000.00 -255284500000000000000000000000000000000.00 -170141200000000000000000000000000000000.00 -170141200000000000000000000000000000000.00 -281931500000000000000000000000000000000.00 -255284500000000000000000000000000000000.00 -170141200000000000000000000000000000000.00 -170141200000000000000000000000000000000.00 -259282500000000000000000000000000000000.00 -255284500000000000000000000000000000000.00 -307254500000000000000000000000000000000.00 NaN -312581900000000000000000000000000000000.00 -255284500000000000000000000000000000000.00 NaN -285929600000000000000000000000000000000.00 -259282600000000000000000000000000000000.00 -255284500000000000000000000000000000000.00 -170141200000000000000000000000000000000.00 -170141200000000000000000000000000000000.00 -255284500000000000000000000000000000000.00 -269942400000000000000000000000000000000.00 -170141200000000000000000000000000000000.00 -170141200000000000000000000000000000000.00 NaN -325910600000000000000000000000000000000.00 NaN -324581400000000000000000000000000000000.00 NaN NaN NaN NaN -313911100000000000000000000000000000000.00 -267273500000000000000000000000000000000.00 -255284500000000000000000000000000000000.00 -255284500000000000000000000000000000000.00 -255284500000000000000000000000000000000.00 -255284500000000000000000000000000000000.00 -268587100000000000000000000000000000000.00 -307254500000000000000000000000000000000.00 -260617000000000000000000000000000000000.00 -255284500000000000000000000000000000000.00 -170141200000000000000000000000000000000.00 -170141200000000000000000000000000000000.00 -267273500000000000000000000000000000000.00 -170141200000000000000000000000000000000.00 -170141200000000000000000000000000000000.00 NaN NaN -292591400000000000000000000000000000000.00 -268587100000000000000000000000000000000.00 -255284500000000000000000000000000000000.00 NaN -170141200000000000000000000000000000000.00 -170141200000000000000000000000000000000.00 NaN NaN NaN NaN -277912500000000000000000000000000000000.00 -324581400000000000000000000000000000000.00 NaN NaN NaN -325910600000000000000000000000000000000.00 NaN -324581400000000000000000000000000000000.00 NaN NaN NaN NaN -325910600000000000000000000000000000000.00 NaN -335241200000000000000000000000000000000.00 NaN -313911100000000000000000000000000000000.00 NaN NaN -281931500000000000000000000000000000000.00 -255284500000000000000000000000000000000.00 -260617000000000000000000000000000000000.00 -170141200000000000000000000000000000000.00 -170141200000000000000000000000000000000.00 -255284500000000000000000000000000000000.00 NaN -281931500000000000000000000000000000000.00 -309913000000000000000000000000000000000.00 -259282600000000000000000000000000000000.00 -321907300000000000000000000000000000000.00 -269942400000000000000000000000000000000.00 -281931500000000000000000000000000000000.00 -285929600000000000000000000000000000000.00 -255284500000000000000000000000000000000.00 -170141200000000000000000000000000000000.00 -170141200000000000000000000000000000000.00 NaN -255284500000000000000000000000000000000.00 -312581900000000000000000000000000000000.00 -170141200000000000000000000000000000000.00 -170141200000000000000000000000000000000.00 -259282500000000000000000000000000000000.00 NaN -272595600000000000000000000000000000000.00 NaN NaN NaN -303188600000000000000000000000000000000.00 NaN NaN -331237900000000000000000000000000000000.00 -307254500000000000000000000000000000000.00 NaN -303188600000000000000000000000000000000.00 NaN -292565200000000000000000000000000000000.00 NaN -332509700000000000000000000000000000000.00 NaN -332514900000000000000000000000000000000.00 NaN -295223700000000000000000000000000000000.00 NaN -295223700000000000000000000000000000000.00 -336570500000000000000000000000000000000.00 -309913000000000000000000000000000000000.00 -335241200000000000000000000000000000000.00 -307254500000000000000000000000000000000.00 NaN -292565200000000000000000000000000000000.00 NaN NaN NaN NaN NaN NaN NaN NaN NaN NaN NaN NaN NaN NaN NaN NaN NaN -321881300000000000000000000000000000000.00 NaN NaN NaN NaN NaN NaN NaN -339192500000000000000000000000000000000.00 NaN NaN NaN NaN -339192500000000000000000000000000000000.00 NaN -339192500000000000000000000000000000000.00 NaN NaN NaN NaN NaN -316548800000000000000000000000000000000.00 NaN -325858600000000000000000000000000000000.00 NaN NaN NaN NaN NaN NaN NaN NaN NaN NaN NaN NaN NaN NaN NaN NaN NaN NaN NaN NaN NaN -339192500000000000000000000000000000000.00 NaN NaN NaN NaN NaN NaN NaN NaN NaN NaN NaN -339192500000000000000000000000000000000.00 NaN NaN NaN NaN NaN NaN NaN NaN NaN -339192500000000000000000000000000000000.00 NaN NaN NaN NaN NaN NaN NaN NaN NaN NaN NaN NaN NaN NaN NaN -339192500000000000000000000000000000000.00 NaN NaN NaN NaN -339192500000000000000000000000000000000.00 NaN NaN NaN NaN NaN NaN NaN NaN NaN NaN NaN NaN NaN NaN -281931500000000000000000000000000000000.00 NaN NaN NaN NaN NaN NaN -307254500000000000000000000000000000000.00 -292565200000000000000000000000000000000.00 NaN NaN NaN NaN -332514900000000000000000000000000000000.00 NaN -295223700000000000000000000000000000000.00 NaN NaN NaN NaN NaN NaN -312581900000000000000000000000000000000.00 NaN NaN NaN NaN NaN NaN -312581900000000000000000000000000000000.00 NaN NaN NaN NaN -292565200000000000000000000000000000000.00 NaN -332509700000000000000000000000000000000.00 NaN NaN NaN NaN NaN NaN NaN NaN NaN NaN NaN -268587100000000000000000000000000000000.00 NaN NaN NaN NaN NaN NaN -255284500000000000000000000000000000000.00 NaN -313911100000000000000000000000000000000.00 NaN NaN NaN NaN NaN -268587100000000000000000000000000000000.00 NaN -255284500000000000000000000000000000000.00 NaN NaN NaN NaN NaN -255284500000000000000000000000000000000.00 NaN -303188600000000000000000000000000000000.00 NaN NaN NaN -255284500000000000000000000000000000000.00 NaN -307254500000000000000000000000000000000.00 -303188600000000000000000000000000000000.00 NaN NaN NaN -312581900000000000000000000000000000000.00 NaN NaN -332509700000000000000000000000000000000.00 NaN -332514900000000000000000000000000000000.00 NaN NaN NaN NaN NaN NaN NaN NaN NaN -295223700000000000000000000000000000000.00 NaN -309913000000000000000000000000000000000.00 -281931500000000000000000000000000000000.00 -277912500000000000000000000000000000000.00 NaN NaN -281931500000000000000000000000000000000.00 NaN -321907300000000000000000000000000000000.00 NaN NaN NaN NaN NaN NaN NaN -272595600000000000000000000000000000000.00 NaN NaN -272595600000000000000000000000000000000.00 NaN NaN </float_array>
                    <technique_common>
                        <accessor source="#geom-02D30277-colors-array" count="469" stride="4">
                            <param name="R" type="float" />
                            <param name="G" type="float" />
                            <param name="B" type="float" />
                            <param name="A" type="float" />
                        </accessor>
                    </technique_common>
                </source>
                <vertices id="geom-02D30277-vtx">
                    <input semantic="POSITION" source="#geom-02D30277-pos" />
                </vertices>
                <triangles count="48" material="material-0110D4CE-symbol">
                    <input semantic="VERTEX" source="#geom-02D30277-vtx" offset="0" />
                    <input semantic="TEXCOORD" source="#geom-02D30277-texcoord" offset="0" />
                    <input semantic="COLOR" source="#geom-02D30277-colors" offset="0" />
                    <p>0 1 2 2 5 0 4 5 2 2 7 4 6 7 2 2 9 6 8 9 2 2 11 8 10 11 2 2 13 10 12 13 2 2 15 12 14 15 2 14 2 16 16 2 3 2 1 3 </p>
                </triangles>
            </mesh>
        </geometry>
        <geometry id="geom-016B1635" name="geom-016B1635">
            <mesh>
                <source id="geom-016B1635-pos">
                    <float_array id="geom-016B1635-pos-array" count="3603">2372.00 -130.00 -890.00 2372.00 -150.00 -890.00 2372.00 -130.00 -900.00 2372.00 -190.00 -900.00 2372.00 -190.00 -890.00 2372.00 -88.00 -882.00 2372.00 -70.00 -840.00 2372.00 -130.00 -870.00 2372.00 -130.00 -840.00 2372.00 -130.00 -810.00 2372.00 -130.00 -790.00 2372.00 -88.00 -798.00 2372.00 -130.00 -780.00 2372.00 -190.00 -780.00 2372.00 -235.00 -780.00 2372.00 -190.00 -790.00 2372.00 -240.00 -795.00 3402.00 -240.00 -720.00 3402.00 -60.00 -720.00 3472.00 -240.00 -720.00 3472.00 -60.00 -720.00 3472.00 -240.00 -889.01 3472.00 -120.00 -889.01 3472.00 -240.00 -960.00 3472.00 -60.00 -960.00 3472.00 -70.00 -885.00 3472.00 0.00 -900.00 3472.00 -60.00 -720.00 3472.00 -120.00 -790.99 3472.00 -240.00 -720.00 3472.00 -70.00 -795.00 3472.00 -240.00 -790.99 3472.00 0.00 -840.00 3402.00 -60.00 -720.00 3402.00 0.00 -780.00 3472.00 -60.00 -720.00 3472.00 0.00 -780.00 3402.00 0.00 -840.00 3472.00 0.00 -840.00 2372.00 -235.00 -900.00 2372.00 -239.49 -885.76 2372.00 -150.00 -790.00 3472.00 0.00 -780.00 3332.00 0.00 -900.00 3402.00 0.00 -900.00 3332.00 0.00 -840.00 3402.00 0.00 -840.00 3472.00 -60.00 -960.00 3402.00 -60.00 -960.00 3472.00 -240.00 -960.00 3402.00 -240.00 -960.00 3402.00 -60.00 -960.00 3472.00 0.00 -900.00 3472.00 -60.00 -960.00 3332.00 0.00 -780.00 3332.00 -60.00 -720.00 3332.00 0.00 -840.00 3472.00 0.00 -840.00 3492.00 -240.00 -840.00 3492.00 -240.00 -882.00 3472.00 -240.00 -840.00 3472.00 -240.00 -889.01 3437.00 -240.00 -900.00 3472.00 -240.00 -960.00 3472.00 -240.00 -720.00 3472.00 -240.00 -790.99 3437.00 -240.00 -780.00 3492.00 -240.00 -798.00 3332.00 -240.00 -960.00 3402.00 -240.00 -960.00 3402.00 -240.00 -840.00 3332.00 -240.00 -780.00 3402.00 -240.00 -720.00 3332.00 -240.00 -720.00 3332.00 -240.00 -900.00 3332.00 -240.00 -840.00 2612.00 -560.00 -1200.00 2492.00 -560.00 -1200.00 2612.00 -560.00 -1080.00 2492.00 -560.00 -1080.00 2492.00 -560.00 -960.00 2612.00 -560.00 -960.00 3332.00 -560.00 -720.00 3212.00 -560.00 -720.00 3332.00 -560.00 -600.00 3212.00 -560.00 -600.00 3212.00 -560.00 -480.00 3332.00 -560.00 -480.00 2492.00 -560.00 -480.00 2612.00 -560.00 -480.00 2492.00 -560.00 -600.00 2612.00 -560.00 -600.00 2375.78 -250.00 -810.00 2375.78 -250.00 -840.00 2352.00 -250.00 -810.00 2352.00 -250.00 -840.00 2402.00 -250.00 -840.00 2402.00 -250.00 -810.00 2492.00 -250.00 -840.00 2492.00 -250.00 -810.00 2402.00 -240.00 -780.00 2492.00 -250.00 -780.00 2372.00 -240.00 -795.00 2372.00 -235.00 -780.00 2402.00 -250.00 -870.00 2492.00 -250.00 -870.00 2402.00 -240.00 -900.00 2492.00 -250.00 -900.00 2831.00 -120.00 -1440.00 2912.00 -120.00 -1440.00 2843.00 -120.00 -1536.00 2903.00 -120.00 -1566.00 2968.00 -120.00 -1539.00 2994.00 -120.00 -1440.00 2972.00 -120.00 -1320.00 2912.00 -120.00 -1320.00 2852.00 -120.00 -1320.00 2732.00 -420.00 -720.00 2852.00 -420.00 -720.00 2732.00 -420.00 -840.00 2852.00 -420.00 -840.00 3332.00 -560.00 -1200.00 3212.00 -560.00 -1200.00 3212.00 -560.00 -1080.00 3092.00 -560.00 -1080.00 3092.00 -560.00 -1200.00 2972.00 -560.00 -1200.00 2972.00 -560.00 -1080.00 3332.00 -560.00 -1080.00 2375.78 -250.00 -870.00 2372.00 -239.49 -885.76 2352.00 -250.00 -870.00 2372.00 -235.00 -900.00 2372.00 -190.00 -780.00 2432.00 -190.00 -780.00 2402.00 -240.00 -780.00 2492.00 -250.00 -780.00 2492.00 -190.00 -780.00 2492.00 -75.53 -792.06 2492.00 -130.00 -775.44 2432.00 -88.00 -798.00 2432.00 -130.00 -780.00 2432.00 -70.00 -840.00 2492.00 -75.53 -887.94 2432.00 -70.00 -840.00 2432.00 -88.00 -882.00 2492.00 -130.00 -904.56 2432.00 -130.00 -900.00 2492.00 -130.00 -904.56 2432.00 -130.00 -900.00 2492.00 -190.00 -900.00 2432.00 -190.00 -900.00 2492.00 -250.00 -960.00 2492.00 -190.00 -900.00 2492.00 -250.00 -900.00 2492.00 -8.21 -964.28 2564.57 121.23 -840.00 2492.00 -38.50 -840.00 2492.00 5.18 -697.87 2551.38 140.00 -705.17 2492.00 100.00 -580.00 2564.57 121.23 -840.00 2492.00 5.18 -697.87 2492.00 -38.50 -840.00 2492.00 5.18 -697.87 2492.00 2.22 -560.46 2492.00 -130.00 -637.92 2492.00 -130.00 -480.00 2492.00 -190.00 -780.00 2492.00 -249.01 -720.00 2492.00 -250.00 -780.00 3212.00 -320.00 -480.00 3212.00 -233.23 -480.00 3332.00 -320.00 -480.00 3332.00 -231.80 -480.00 3222.00 -2.89 -480.00 3291.76 14.42 -480.00 3212.00 -105.78 -480.00 3332.00 -109.79 -480.00 2492.00 -248.02 -631.34 2492.00 -246.03 -480.00 2492.00 -320.00 -600.00 2492.00 -320.00 -480.00 3332.00 -235.90 -600.00 3332.00 -240.00 -720.00 3332.00 -320.00 -600.00 3332.00 -320.00 -720.00 3332.00 100.00 -596.04 3332.00 5.46 -598.02 3332.00 11.93 -518.10 3332.00 100.00 -1100.00 3332.00 -11.56 -1075.87 3332.00 100.00 -989.00 3330.00 -11.93 -985.94 3332.00 -126.22 -1080.00 3332.00 -88.41 -1141.25 3332.00 -122.45 -1200.00 3332.00 -122.45 -1200.00 3212.00 -121.63 -1200.00 3332.00 -240.00 -1200.00 3212.00 -242.57 -1200.00 2972.00 -247.72 -1200.00 3092.00 -245.15 -1200.00 2972.00 -158.86 -1200.00 3092.00 -120.82 -1200.00 2612.00 -250.00 -1200.00 2612.00 -130.44 -1200.00 2492.00 -250.00 -1200.00 2492.00 -113.81 -1200.00 2972.00 -247.72 -1200.00 2972.00 -185.00 -1320.00 2972.00 -270.91 -1320.00 2972.00 -270.91 -1320.00 2972.00 -185.00 -1320.00 2852.00 -270.91 -1320.00 2852.00 -182.69 -1320.00 2852.00 -250.00 -1200.00 2852.00 -182.69 -1320.00 2852.00 -145.59 -1200.00 2852.00 -145.59 -1200.00 2852.00 -120.00 -1320.00 2852.00 -19.55 -1200.00 2841.60 -38.41 -1320.00 2492.00 -113.81 -1200.00 2612.00 -130.44 -1200.00 2571.89 -75.53 -1200.00 2852.00 -19.55 -1200.00 2807.00 64.80 -1200.00 2732.00 13.28 -1200.00 2841.60 -38.41 -1320.00 2852.00 8.27 -1280.63 2852.00 -19.55 -1200.00 2972.00 -32.80 -1200.00 2972.00 -158.86 -1200.00 3024.58 -16.00 -1200.00 2972.00 -120.00 -1320.00 2972.00 -32.80 -1200.00 2972.00 -43.88 -1320.00 3332.00 -320.00 -1200.00 3332.00 -440.00 -1200.00 3332.00 -320.00 -1080.00 3332.00 -440.00 -1080.00 3332.00 -440.00 -1200.00 3212.00 -440.00 -1200.00 3332.00 -560.00 -1200.00 3212.00 -560.00 -1200.00 2492.00 -440.00 -1080.00 2492.00 -320.00 -1050.73 2492.00 -440.00 -960.00 2492.00 -320.00 -960.00 2492.00 -320.00 -1200.00 2492.00 -440.00 -1200.00 2612.00 -320.00 -1200.00 2612.00 -440.00 -1200.00 3332.00 -440.00 -600.00 3332.00 -320.00 -480.00 3332.00 -440.00 -480.00 3212.00 -440.00 -480.00 3332.00 -440.00 -480.00 3212.00 -560.00 -480.00 3332.00 -560.00 -480.00 2612.00 -320.00 -480.00 2612.00 -440.00 -480.00 2492.00 -320.00 -480.00 2492.00 -440.00 -480.00 2492.00 -440.00 -600.00 2492.00 -440.00 -480.00 3332.00 -560.00 -1080.00 3332.00 -560.00 -1200.00 3332.00 -320.00 -1200.00 3212.00 -320.00 -1200.00 2492.00 -250.00 -960.00 2492.00 -320.00 -900.00 2492.00 -250.00 -900.00 2492.00 -250.00 -1200.00 2612.00 -250.00 -1200.00 3092.00 -245.15 -1200.00 2972.00 -247.72 -1200.00 3092.00 -320.00 -1200.00 2972.00 -320.00 -1200.00 3332.00 -240.00 -1080.00 3332.00 -240.00 -1200.00 2432.00 -130.00 -780.00 2372.00 -130.00 -780.00 2402.00 -240.00 -900.00 2372.00 -190.00 -900.00 2372.00 -235.00 -900.00 3332.00 -240.00 -1200.00 3212.00 -242.57 -1200.00 3212.00 -242.57 -1200.00 3092.00 -245.15 -1200.00 3212.00 -320.00 -1200.00 3092.00 -320.00 -1200.00 3092.00 -245.15 -1200.00 3212.00 -242.57 -1200.00 3092.00 -120.82 -1200.00 3212.00 -121.63 -1200.00 3092.00 -440.00 -1200.00 2972.00 -440.00 -1200.00 3092.00 -560.00 -1200.00 2972.00 -560.00 -1200.00 3212.00 -440.00 -1200.00 3092.00 -440.00 -1200.00 3212.00 -560.00 -1200.00 3092.00 -560.00 -1200.00 3332.00 -126.22 -1080.00 3332.00 -240.00 -1080.00 3332.00 -130.00 -960.00 3332.00 -240.00 -960.00 2492.00 -440.00 -1200.00 2492.00 -560.00 -1200.00 2492.00 -560.00 -1080.00 2492.00 -320.00 -1200.00 2492.00 -250.00 -1200.00 2492.00 -250.00 -1050.73 2492.00 -113.81 -1200.00 2492.00 -125.94 -1042.44 2492.00 -250.00 -1200.00 2492.00 -250.00 -1050.73 2612.00 -111.89 -480.00 2612.00 -243.90 -480.00 2492.00 -130.00 -480.00 2492.00 -246.03 -480.00 3092.00 -101.78 -480.00 3092.00 -234.66 -480.00 2972.00 -103.25 -480.00 2972.00 -237.51 -480.00 3332.00 -102.10 -600.00 3332.00 -235.90 -600.00 3332.00 -109.79 -480.00 3332.00 -231.80 -480.00 2612.00 -560.00 -1200.00 2492.00 -560.00 -1200.00 2492.00 -560.00 -960.00 2492.00 -560.00 -480.00 2612.00 -560.00 -480.00 2492.00 -560.00 -600.00 2492.00 -560.00 -480.00 3332.00 -560.00 -600.00 3332.00 -560.00 -720.00 3332.00 -440.00 -720.00 3332.00 -240.00 -720.00 3332.00 -235.90 -600.00 3332.00 -114.59 -720.00 3332.00 -102.10 -600.00 3332.00 -560.00 -480.00 3332.00 -231.80 -480.00 2492.00 -130.00 -637.92 2492.00 -130.00 -480.00 2492.00 -248.02 -631.34 2492.00 -246.03 -480.00 2492.00 -320.00 -631.34 2732.00 -130.22 -1200.00 2732.00 -250.00 -1200.00 2852.00 -145.59 -1200.00 2852.00 -250.00 -1200.00 2612.00 -250.00 -1200.00 2732.00 -250.00 -1200.00 2612.00 -130.44 -1200.00 2732.00 -130.22 -1200.00 2492.00 -250.00 -900.00 2372.00 -235.00 -780.00 2492.00 -38.50 -840.00 2492.00 -75.53 -887.94 2492.00 -8.21 -964.28 2372.00 -88.00 -798.00 2372.00 -130.00 -780.00 2492.00 -130.00 -775.44 2372.00 -70.00 -840.00 2372.00 -88.00 -882.00 2372.00 -70.00 -840.00 2372.00 -130.00 -900.00 2372.00 -130.00 -900.00 2492.00 -125.94 -1042.44 2492.00 -130.00 -637.92 2492.00 -248.02 -631.34 2492.00 -8.21 -964.28 2492.00 -125.94 -1042.44 2492.00 -17.52 -1087.56 2551.38 117.12 -943.74 2551.38 117.12 -943.74 2492.00 -8.21 -964.28 2492.00 100.00 -1051.18 2492.00 -17.52 -1087.56 2492.00 -125.94 -1042.44 2492.00 -130.00 -904.56 2492.00 -78.69 -1124.38 2492.00 -113.81 -1200.00 2612.00 -130.44 -1200.00 2732.00 -130.22 -1200.00 2612.00 -3.39 -1200.00 2732.00 13.28 -1200.00 2732.00 13.28 -1200.00 2732.00 -130.22 -1200.00 2852.00 -19.55 -1200.00 2852.00 -145.59 -1200.00 2612.00 -3.39 -1200.00 2492.00 -250.00 -1050.73 2492.00 -130.00 -904.56 2492.00 -130.00 -775.44 2841.20 0.19 -1368.78 2852.00 46.00 -1320.00 2841.60 -38.41 -1320.00 2492.00 5.18 -697.87 2492.00 -75.53 -792.06 2492.00 -38.50 -840.00 2551.38 140.00 -705.17 2492.00 -130.00 -775.44 2492.00 -130.00 -637.92 2492.00 -38.50 -840.00 2492.00 2.22 -560.46 3094.66 37.17 -1200.00 3092.00 -120.82 -1200.00 3220.39 20.00 -1200.00 3212.00 -121.63 -1200.00 3220.39 20.00 -1200.00 3212.00 -121.63 -1200.00 3258.30 -66.36 -1200.00 2831.00 -25.00 -1440.00 3092.00 -120.82 -1200.00 3094.66 37.17 -1200.00 3332.00 -122.45 -1200.00 3332.00 -64.00 -996.00 3332.00 -11.56 -1075.87 3332.00 -126.22 -1080.00 3332.00 100.00 -1100.00 3332.00 -11.22 -1113.35 3332.00 -11.56 -1075.87 3332.00 -130.00 -960.00 3330.00 -11.93 -985.94 3332.00 -11.22 -1113.35 3332.00 -11.56 -1075.87 3332.00 18.00 -696.00 3332.00 5.46 -598.02 3332.00 100.00 -676.66 3332.00 100.00 -596.04 3332.00 11.93 -518.10 3332.00 -102.10 -600.00 3332.00 -109.79 -480.00 3332.00 -114.59 -720.00 3332.00 -102.10 -600.00 3332.00 -57.17 -691.20 3332.00 5.46 -598.02 3332.00 5.46 -598.02 3332.00 18.00 -696.00 3332.00 -240.00 -1080.00 3332.00 -126.22 -1080.00 3332.00 -240.00 -1200.00 3332.00 -122.45 -1200.00 3212.00 -233.23 -480.00 3092.00 -234.66 -480.00 3212.00 -105.78 -480.00 3092.00 -101.78 -480.00 2612.00 -243.90 -480.00 2492.00 -246.03 -480.00 2852.00 -103.25 -480.00 2852.00 -239.64 -480.00 2732.00 -103.25 -480.00 2732.00 -241.77 -480.00 2732.00 -103.25 -480.00 2732.00 -241.77 -480.00 2612.00 -111.89 -480.00 2612.00 -243.90 -480.00 2851.82 18.38 -480.00 2733.08 15.30 -480.00 2851.64 80.58 -480.00 2734.16 133.84 -480.00 2972.00 -103.25 -480.00 2972.00 -237.51 -480.00 2852.00 -103.25 -480.00 2852.00 -239.64 -480.00 3332.00 -231.80 -480.00 3212.00 -233.23 -480.00 3332.00 -109.79 -480.00 3212.00 -105.78 -480.00 3222.00 -2.89 -480.00 3098.98 12.33 -480.00 3232.00 100.00 -480.00 3105.96 126.44 -480.00 2972.00 -103.25 -480.00 2975.00 18.38 -480.00 3092.00 -101.78 -480.00 3098.98 12.33 -480.00 2851.82 18.38 -480.00 2851.64 80.58 -480.00 2975.00 18.38 -480.00 2978.00 140.00 -480.00 2734.16 133.84 -480.00 2733.08 15.30 -480.00 2603.13 100.00 -480.00 2607.56 -5.94 -480.00 2603.13 100.00 -480.00 2607.56 -5.94 -480.00 2564.06 -15.00 -480.00 3098.98 12.33 -480.00 2975.00 18.38 -480.00 3105.96 126.44 -480.00 2978.00 140.00 -480.00 2852.00 -103.25 -480.00 2851.82 18.38 -480.00 2972.00 -103.25 -480.00 2975.00 18.38 -480.00 3098.98 12.33 -480.00 3222.00 -2.89 -480.00 3092.00 -101.78 -480.00 3212.00 -105.78 -480.00 2851.82 18.38 -480.00 2852.00 -103.25 -480.00 2733.08 15.30 -480.00 2732.00 -103.25 -480.00 2733.08 15.30 -480.00 2732.00 -103.25 -480.00 2607.56 -5.94 -480.00 2612.00 -111.89 -480.00 3291.76 14.42 -480.00 3222.00 -2.89 -480.00 3232.00 100.00 -480.00 2607.56 -5.94 -480.00 2612.00 -111.89 -480.00 2564.06 -15.00 -480.00 2492.00 -130.00 -480.00 2852.00 -270.91 -1320.00 2852.00 -182.69 -1320.00 2972.00 -185.00 -1320.00 2972.00 -158.86 -1200.00 2972.00 -158.86 -1200.00 2972.00 -43.88 -1320.00 2972.00 -32.80 -1200.00 2972.00 60.00 -1320.00 2983.00 -4.01 -1366.69 2972.00 -43.88 -1320.00 2972.00 60.00 -1320.00 2994.00 -37.00 -1440.00 2852.00 46.00 -1320.00 2972.00 60.00 -1320.00 2938.00 12.00 -1410.00 2983.00 -4.01 -1366.69 3332.00 -57.17 -691.20 3320.09 -57.52 -720.80 3332.00 -114.59 -720.00 3349.30 -73.11 -739.08 3402.00 -150.00 -720.00 3396.10 -60.00 -720.00 3332.00 18.00 -696.00 3304.38 -1.58 -717.80 3296.00 6.00 -777.00 3352.00 -32.00 -775.00 3408.00 0.00 -780.00 3397.00 0.00 -836.00 3330.00 -8.00 -843.00 3299.00 15.00 -847.00 3233.06 116.60 -840.00 3271.29 101.01 -724.62 3332.00 -130.00 -960.00 3318.00 -80.00 -952.00 3332.00 -64.00 -996.00 3352.00 -80.00 -936.00 3381.00 -156.00 -960.00 3396.50 -60.00 -960.00 3318.00 -15.00 -937.00 3330.00 -11.93 -985.94 3296.00 6.00 -910.00 3352.00 -33.00 -902.00 3406.00 0.00 -900.00 3235.63 106.10 -924.40 3275.09 95.31 -958.55 3332.00 100.00 -989.00 2871.00 14.00 -1408.00 2903.00 -20.00 -1568.00 2994.00 -37.00 -1440.00 2968.00 -21.00 -1539.00 2843.00 -19.00 -1539.00 2831.00 -25.00 -1440.00 2542.83 -23.69 -532.10 2568.12 70.38 -557.41 2564.06 -15.00 -480.00 2603.13 100.00 -480.00 2492.00 2.22 -560.46 2492.00 100.00 -580.00 3232.00 100.00 -480.00 3249.35 78.00 -528.53 3291.76 14.42 -480.00 3294.56 4.72 -500.19 3332.00 100.00 -596.04 3332.00 11.93 -518.10 3246.12 -34.74 -1132.59 3226.28 47.31 -1059.44 3178.19 28.49 -1116.31 3220.39 20.00 -1200.00 3258.30 -66.36 -1200.00 2614.98 37.43 -1090.85 2492.00 100.00 -1051.18 2492.00 -17.52 -1087.56 2852.00 46.00 -1320.00 2841.20 0.19 -1368.78 2912.00 60.00 -1240.00 2912.00 60.00 -1135.94 2868.78 81.84 -1145.47 2895.18 20.73 -1233.24 2852.00 -19.55 -1200.00 2852.00 8.27 -1280.63 2972.00 -32.80 -1200.00 2945.66 36.62 -1141.91 3008.24 25.15 -1130.44 3024.58 -16.00 -1200.00 3084.38 80.46 -1145.93 3094.66 37.17 -1200.00 3015.12 101.62 -1100.91 2934.78 103.71 -1085.91 2841.66 50.98 -1132.18 2807.00 64.80 -1200.00 2860.00 193.00 -1102.00 2775.83 190.21 -1052.87 2612.00 -3.39 -1200.00 2732.00 13.28 -1200.00 2711.82 64.74 -1075.83 2563.04 -51.62 -1130.73 2705.58 130.27 -609.80 2734.16 133.84 -480.00 2615.84 140.57 -700.32 2742.00 220.00 -780.00 2861.90 229.64 -640.16 2874.00 220.00 -824.00 2551.38 140.00 -705.17 2564.57 121.23 -840.00 2649.36 160.00 -840.00 2649.39 112.96 -1016.40 2551.38 117.12 -943.74 2657.34 165.13 -942.64 2782.00 220.00 -922.00 2900.00 220.00 -987.00 2947.46 171.07 -1073.98 3019.00 178.00 -1108.00 3010.87 209.07 -1010.96 3004.34 215.04 -885.19 3124.52 138.77 -1003.76 3140.79 137.67 -557.18 3207.96 169.71 -656.26 3028.82 222.87 -621.72 2966.00 220.00 -793.00 3128.01 207.76 -746.95 2978.00 140.00 -480.00 2851.64 80.58 -480.00 2909.55 139.60 -544.62 2826.32 129.88 -555.47 3332.00 100.00 -1100.00 3240.70 110.38 -984.78 3120.92 178.81 -869.50 2492.00 -78.69 -1124.38 2492.00 -113.81 -1200.00 2571.89 -75.53 -1200.00 3332.00 -122.45 -1200.00 3332.00 -88.41 -1141.25 3332.00 -11.22 -1113.35 3289.29 74.35 -1061.57 3332.00 -11.22 -1113.35 3332.00 100.00 -676.66 3105.96 126.44 -480.00 3332.00 -109.79 -480.00 2492.00 -130.00 -480.00 2912.00 60.00 -1240.00 3332.00 -130.00 -960.00 3332.00 -240.00 -960.00 3402.00 -240.00 -960.00 3332.00 -60.00 -960.00 3402.00 -60.00 -960.00 3332.00 0.00 -900.00 3402.00 0.00 -900.00 3332.00 -60.00 -720.00 3402.00 -60.00 -720.00 3332.00 -114.59 -720.00 3402.00 -240.00 -720.00 3332.00 -60.00 -960.00 3402.00 -60.00 -960.00 3332.00 -240.00 -720.00 2974.81 -300.16 -681.30 2993.73 -302.36 -663.12 2993.55 -281.92 -671.87 2983.87 -284.82 -698.45 2985.84 -284.76 -683.76 3002.00 -277.00 -690.00 2990.00 -302.00 -717.48 3015.61 -301.38 -719.28 2993.33 -320.00 -720.00 3013.33 -320.00 -720.00 3028.98 -297.76 -703.46 3028.10 -299.06 -679.30 3032.85 -320.00 -700.00 2974.92 -300.00 -702.42 2973.33 -320.00 -700.00 2974.81 -300.16 -681.30 2973.33 -320.00 -680.33 3011.70 -298.81 -661.82 3013.33 -320.00 -660.00 2993.33 -320.00 -660.00 3018.71 -282.02 -696.38 3019.73 -278.98 -682.17 2993.55 -281.92 -671.87 3008.83 -279.49 -673.52 3028.98 -297.76 -703.46 3010.45 -281.92 -708.13 3018.71 -282.02 -696.38 2996.40 -281.92 -706.02 3010.45 -281.92 -708.13 2990.00 -302.00 -717.48 2983.87 -284.82 -698.45 3008.83 -279.49 -673.52 3011.70 -298.81 -661.82 2973.33 -320.00 -680.33 2985.84 -284.76 -683.76 3013.33 -320.00 -660.00 3032.85 -320.00 -680.00 2993.33 -320.00 -720.00 3019.73 -278.98 -682.17 3018.71 -282.02 -696.38 3008.83 -279.49 -673.52 2985.84 -284.76 -683.76 2996.40 -281.92 -706.02 2996.40 -281.92 -706.02 3032.85 -320.00 -700.00 2813.30 -300.16 -597.19 2792.62 -302.11 -578.66 2802.68 -284.49 -577.68 2829.65 -285.15 -586.07 2812.57 -285.35 -592.70 2822.00 -277.00 -570.00 2849.48 -302.00 -582.00 2851.28 -301.38 -556.39 2852.00 -320.00 -578.67 2852.00 -320.00 -558.67 2835.46 -297.76 -543.02 2811.13 -298.07 -541.04 2832.00 -320.00 -539.15 2834.42 -300.00 -597.08 2832.00 -320.00 -598.67 2813.30 -300.16 -597.19 2812.33 -320.00 -598.67 2793.82 -298.81 -560.30 2792.00 -320.00 -558.67 2792.00 -320.00 -578.67 2828.38 -282.02 -553.29 2816.02 -280.32 -556.67 2802.68 -284.49 -577.68 2803.99 -282.45 -565.27 2835.46 -297.76 -543.02 2838.19 -281.87 -563.13 2828.38 -282.02 -553.29 2840.18 -281.92 -576.16 2838.19 -281.87 -563.13 2849.48 -302.00 -582.00 2829.65 -285.15 -586.07 2803.99 -282.45 -565.27 2793.82 -298.81 -560.30 2812.33 -320.00 -598.67 2812.57 -285.35 -592.70 2792.00 -320.00 -558.67 2812.00 -320.00 -539.15 2852.00 -320.00 -578.67 2816.02 -280.32 -556.67 2828.38 -282.02 -553.29 2803.99 -282.45 -565.27 2812.57 -285.35 -592.70 2840.18 -281.92 -576.16 2840.18 -281.92 -576.16 2832.00 -320.00 -539.15 2972.00 -237.51 -480.00 2972.00 -320.00 -480.00 2852.00 -239.64 -480.00 2852.00 -320.00 -480.00 3332.00 -320.00 -900.00 3332.00 -240.00 -900.00 3332.00 -320.00 -960.00 3332.00 -240.00 -960.00 2994.00 -120.00 -1440.00 2994.00 -37.00 -1440.00 2968.00 -120.00 -1539.00 2968.00 -21.00 -1539.00 2843.00 -120.00 -1536.00 2903.00 -120.00 -1566.00 2843.00 -19.00 -1539.00 2903.00 -20.00 -1568.00 2968.00 -21.00 -1539.00 2968.00 -120.00 -1539.00 2831.00 -120.00 -1440.00 2843.00 -120.00 -1536.00 2831.00 -25.00 -1440.00 2843.00 -19.00 -1539.00 2994.00 -37.00 -1440.00 2994.00 -120.00 -1440.00 2972.00 -43.88 -1320.00 2972.00 -120.00 -1320.00 2852.00 -120.00 -1320.00 2831.00 -120.00 -1440.00 2841.60 -38.41 -1320.00 2831.00 -25.00 -1440.00 2492.00 -250.00 -780.00 2492.00 -320.00 -780.00 2492.00 -250.00 -810.00 2852.00 -320.00 -720.00 2852.00 -420.00 -720.00 2732.00 -320.00 -720.00 2732.00 -420.00 -720.00 2852.00 -320.00 -840.00 2852.00 -420.00 -840.00 2852.00 -320.00 -720.00 2852.00 -420.00 -720.00 2732.00 -320.00 -840.00 2732.00 -420.00 -840.00 2852.00 -320.00 -840.00 2852.00 -420.00 -840.00 2732.00 -320.00 -840.00 2732.00 -320.00 -720.00 2732.00 -420.00 -840.00 2732.00 -420.00 -720.00 2972.00 -440.00 -1200.00 2972.00 -440.00 -1080.00 2972.00 -560.00 -1200.00 2972.00 -560.00 -1080.00 2972.00 -440.00 -1080.00 3092.00 -440.00 -1080.00 2972.00 -560.00 -1080.00 3092.00 -560.00 -1080.00 2612.00 -440.00 -960.00 2612.00 -440.00 -1080.00 2612.00 -560.00 -960.00 2612.00 -560.00 -1080.00 2492.00 -440.00 -960.00 2612.00 -440.00 -960.00 2492.00 -560.00 -960.00 2612.00 -560.00 -960.00 3212.00 -440.00 -480.00 3212.00 -440.00 -600.00 3212.00 -320.00 -480.00 3212.00 -320.00 -600.00 3212.00 -320.00 -720.00 3212.00 -440.00 -720.00 3332.00 -320.00 -720.00 3332.00 -440.00 -720.00 2612.00 -440.00 -480.00 2612.00 -440.00 -600.00 2612.00 -560.00 -480.00 2612.00 -560.00 -600.00 2612.00 -440.00 -600.00 2492.00 -440.00 -600.00 2612.00 -560.00 -600.00 2492.00 -560.00 -600.00 2972.00 -320.00 -1200.00 2972.00 -320.00 -1320.00 2852.00 -320.00 -1200.00 2852.00 -320.00 -1320.00 3332.00 -320.00 -780.00 3332.00 -320.00 -720.00 3332.00 -240.00 -780.00 3332.00 -240.00 -720.00 3332.00 -320.00 -1080.00 3332.00 -440.00 -1080.00 3212.00 -320.00 -1080.00 3212.00 -440.00 -1080.00 3212.00 -320.00 -1080.00 3212.00 -440.00 -1080.00 3092.00 -320.00 -1080.00 2612.00 -320.00 -1200.00 2612.00 -440.00 -1200.00 2612.00 -320.00 -1080.00 3212.00 -560.00 -720.00 3212.00 -560.00 -600.00 3332.00 -440.00 -1080.00 3212.00 -560.00 -1080.00 3332.00 -560.00 -1080.00 2972.00 -320.00 -1080.00 2972.00 -320.00 -1200.00 2972.00 -440.00 -1200.00 3092.00 -320.00 -1080.00 3092.00 -440.00 -1080.00 2972.00 -320.00 -1080.00 3092.00 -560.00 -1080.00 3212.00 -560.00 -1080.00 2492.00 -250.00 -870.00 2492.00 -250.00 -840.00 2492.00 -320.00 -840.00 2492.00 -250.00 -900.00 2492.00 -320.00 -900.00 2852.00 -320.00 -1320.00 2852.00 -270.91 -1320.00 2852.00 -320.00 -1200.00 2852.00 -250.00 -1200.00 2972.00 -320.00 -1320.00 2972.00 -270.91 -1320.00 2852.00 -320.00 -1320.00 2852.00 -270.91 -1320.00 2972.00 -247.72 -1200.00 2972.00 -270.91 -1320.00 2972.00 -320.00 -1200.00 2972.00 -320.00 -1320.00 3332.00 -240.00 -960.00 3332.00 -240.00 -1080.00 3332.00 -320.00 -960.00 3332.00 -320.00 -1080.00 2612.00 -320.00 -960.00 2492.00 -320.00 -960.00 2492.00 -440.00 -960.00 2612.00 -440.00 -1080.00 2612.00 -440.00 -1200.00 2612.00 -560.00 -1080.00 2612.00 -560.00 -1200.00 2612.00 -320.00 -1080.00 2612.00 -320.00 -960.00 2612.00 -320.00 -600.00 2612.00 -320.00 -480.00 2612.00 -440.00 -480.00 2492.00 -320.00 -600.00 2492.00 -440.00 -600.00 2612.00 -320.00 -600.00 3332.00 -440.00 -720.00 3212.00 -440.00 -720.00 3332.00 -560.00 -720.00 3212.00 -560.00 -720.00 3212.00 -320.00 -600.00 3212.00 -440.00 -600.00 3212.00 -320.00 -720.00 3212.00 -560.00 -480.00 3212.00 -560.00 -600.00 3212.00 -440.00 -480.00 2492.00 -249.01 -720.00 2492.00 -320.00 -720.00 2492.00 -250.00 -780.00 2492.00 -320.00 -780.00 2732.00 -250.00 -1200.00 2732.00 -320.00 -1200.00 2852.00 -250.00 -1200.00 2852.00 -320.00 -1200.00 2612.00 -250.00 -1200.00 2612.00 -320.00 -1200.00 2732.00 -250.00 -1200.00 2732.00 -320.00 -1200.00 3092.00 -234.66 -480.00 3092.00 -320.00 -480.00 2972.00 -237.51 -480.00 2972.00 -320.00 -480.00 2852.00 -239.64 -480.00 2852.00 -320.00 -480.00 2732.00 -241.77 -480.00 2732.00 -320.00 -480.00 2732.00 -241.77 -480.00 2732.00 -320.00 -480.00 2612.00 -243.90 -480.00 2612.00 -320.00 -480.00 3212.00 -233.23 -480.00 3212.00 -320.00 -480.00 3092.00 -234.66 -480.00 3092.00 -320.00 -480.00 2492.00 -320.00 -631.34 2492.00 -248.02 -631.34 2852.00 -182.69 -1320.00 2972.00 -185.00 -1320.00 2912.00 -120.00 -1320.00 2972.00 -120.00 -1320.00 2852.00 -120.00 -1320.00 3332.00 -320.00 -840.00 3332.00 -240.00 -840.00 3332.00 -320.00 -840.00 3332.00 -240.00 -840.00 2742.49 57.51 -781.93 2749.56 106.37 -791.72 2753.74 106.37 -776.50 2742.49 57.51 -781.93 2741.03 106.37 -768.86 2742.49 57.51 -781.93 2730.60 106.37 -777.20 2742.49 57.51 -781.93 2736.80 76.50 -789.14 2755.85 148.68 -801.30 2763.82 234.67 -809.11 2762.40 148.68 -772.59 2773.22 234.67 -769.43 2736.80 76.50 -789.14 2732.93 176.28 -796.21 2729.38 234.67 -802.64 2742.49 57.51 -781.93 2722.00 148.68 -774.39 2711.60 234.67 -774.60 2732.93 176.28 -796.21 2729.38 234.67 -802.64 2742.23 148.68 -760.30 2740.86 234.67 -749.61 2940.50 166.43 -788.16 2934.64 225.48 -786.83 2950.98 166.43 -819.74 2948.37 233.47 -824.50 2965.10 166.43 -767.14 2964.26 230.98 -761.50 2992.32 166.43 -783.81 2997.36 241.11 -781.48 2966.49 20.92 -794.93 2971.77 70.39 -801.96 2974.94 70.39 -790.42 2966.49 20.92 -794.93 2965.31 70.39 -784.63 2966.49 20.92 -794.93 2957.40 70.39 -790.94 2966.49 20.92 -794.93 2960.80 70.39 -802.14 2950.98 166.43 -819.74 2948.37 233.47 -824.50 2984.41 166.43 -817.17 2989.62 245.34 -821.62 2976.37 115.50 -809.08 2981.25 115.50 -787.68 2960.80 70.39 -802.14 2956.93 115.50 -809.21 2966.49 20.92 -794.93 2951.14 115.50 -789.02 2956.93 115.50 -809.21 2966.22 115.50 -778.52 2993.49 64.27 -754.93 2998.77 136.53 -761.96 3001.94 136.53 -750.42 2993.49 64.27 -754.93 2992.31 136.53 -744.63 2993.49 64.27 -754.93 2984.40 136.53 -750.94 2993.49 64.27 -754.93 2987.80 136.53 -762.14 3005.03 185.81 -771.56 3017.09 243.73 -784.66 3010.70 185.81 -746.67 3027.50 243.73 -740.77 2987.80 136.53 -762.14 2982.42 185.81 -771.71 2973.10 243.73 -788.04 2993.49 64.27 -754.93 2975.69 185.81 -748.23 2959.32 243.73 -746.49 2982.42 185.81 -771.71 2973.10 243.73 -788.04 2993.22 185.81 -736.02 2991.69 243.73 -718.84 2900.49 45.15 -988.93 2910.04 124.14 -1002.50 2915.64 124.14 -982.16 2900.49 45.15 -988.93 2898.64 124.14 -971.94 2900.49 45.15 -988.93 2884.70 124.14 -983.08 2900.49 45.15 -988.93 2890.70 124.14 -1002.83 2920.25 177.13 -1017.85 2927.71 241.39 -1023.44 2929.86 177.13 -975.68 2939.71 241.39 -972.83 2890.70 124.14 -1002.83 2881.93 177.13 -1018.10 2877.00 241.39 -1027.33 2900.49 45.15 -988.93 2870.53 177.13 -978.32 2861.11 241.39 -979.43 2881.93 177.13 -1018.10 2877.00 241.39 -1027.33 2900.24 177.13 -957.62 2898.43 241.39 -947.55 2972.00 -320.00 -1080.00 2972.00 -320.00 -1200.00 2852.00 -320.00 -1080.00 2852.00 -320.00 -1200.00 2732.00 -320.00 -840.00 2852.00 -320.00 -840.00 2732.00 -320.00 -960.00 2852.00 -320.00 -960.00 2732.00 -320.00 -720.00 2612.00 -320.00 -720.00 2732.00 -320.00 -600.00 2612.00 -320.00 -600.00 2612.00 -320.00 -960.00 2612.00 -320.00 -840.00 2732.00 -320.00 -960.00 2732.00 -320.00 -840.00 3212.00 -320.00 -600.00 3092.00 -320.00 -600.00 3212.00 -320.00 -480.00 3092.00 -320.00 -480.00 2852.00 -320.00 -840.00 2852.00 -320.00 -720.00 2972.00 -320.00 -840.00 2972.00 -320.00 -720.00 2852.00 -320.00 -480.00 2852.00 -320.00 -600.00 2732.00 -320.00 -480.00 2732.00 -320.00 -600.00 2972.00 -320.00 -960.00 2972.00 -320.00 -840.00 3092.00 -320.00 -960.00 3092.00 -320.00 -840.00 3212.00 -320.00 -840.00 3212.00 -320.00 -720.00 3272.00 -320.00 -840.00 3332.00 -320.00 -780.00 3332.00 -320.00 -720.00 3092.00 -320.00 -840.00 3092.00 -320.00 -720.00 3212.00 -320.00 -840.00 3212.00 -320.00 -720.00 2972.00 -320.00 -840.00 2972.00 -320.00 -720.00 3092.00 -320.00 -840.00 3092.00 -320.00 -720.00 3092.00 -320.00 -480.00 3092.00 -320.00 -600.00 2972.00 -320.00 -480.00 2972.00 -320.00 -600.00 2852.00 -320.00 -600.00 2972.00 -320.00 -600.00 2852.00 -320.00 -720.00 2972.00 -320.00 -720.00 2972.00 -320.00 -960.00 2852.00 -320.00 -960.00 2972.00 -320.00 -840.00 2852.00 -320.00 -840.00 2972.00 -320.00 -1080.00 2972.00 -320.00 -960.00 3092.00 -320.00 -1080.00 3092.00 -320.00 -960.00 3332.00 -320.00 -900.00 3332.00 -320.00 -960.00 3212.00 -320.00 -960.00 3212.00 -320.00 -840.00 3272.00 -320.00 -840.00 3212.00 -320.00 -1080.00 3212.00 -320.00 -960.00 3332.00 -320.00 -1080.00 3332.00 -320.00 -960.00 3092.00 -320.00 -960.00 3092.00 -320.00 -840.00 3212.00 -320.00 -960.00 3212.00 -320.00 -840.00 3092.00 -320.00 -1080.00 3092.00 -320.00 -960.00 3212.00 -320.00 -1080.00 3212.00 -320.00 -960.00 2852.00 -320.00 -1080.00 2972.00 -320.00 -960.00 2612.00 -320.00 -960.00 2732.00 -320.00 -960.00 2612.00 -320.00 -1080.00 2732.00 -320.00 -1080.00 2732.00 -320.00 -1200.00 2732.00 -320.00 -1080.00 2852.00 -320.00 -1200.00 2852.00 -320.00 -1080.00 2612.00 -320.00 -1080.00 2732.00 -320.00 -1080.00 2612.00 -320.00 -1200.00 2732.00 -320.00 -1200.00 2732.00 -320.00 -1080.00 2732.00 -320.00 -960.00 2852.00 -320.00 -960.00 3212.00 -320.00 -720.00 3212.00 -320.00 -600.00 3092.00 -320.00 -600.00 2972.00 -320.00 -480.00 2972.00 -320.00 -600.00 2852.00 -320.00 -480.00 2852.00 -320.00 -600.00 2972.00 -320.00 -600.00 3092.00 -320.00 -600.00 2972.00 -320.00 -720.00 3092.00 -320.00 -720.00 2732.00 -320.00 -600.00 2852.00 -320.00 -600.00 2732.00 -320.00 -720.00 2852.00 -320.00 -720.00 2732.00 -320.00 -480.00 2732.00 -320.00 -600.00 2612.00 -320.00 -480.00 2612.00 -320.00 -600.00 2492.00 -320.00 -900.00 2492.00 -320.00 -840.00 2612.00 -320.00 -840.00 2612.00 -320.00 -600.00 2492.00 -320.00 -631.34 2492.00 -320.00 -600.00 2612.00 -320.00 -840.00 2612.00 -320.00 -720.00 2492.00 -320.00 -780.00 2612.00 -320.00 -840.00 2492.00 -320.00 -840.00 2492.00 -320.00 -960.00 2612.00 -320.00 -960.00 2492.00 -320.00 -720.00 2612.00 -320.00 -720.00 2612.00 -320.00 -720.00 2492.00 -320.00 -720.00 3332.00 -320.00 -840.00 3332.00 -320.00 -840.00 2352.00 -250.00 -870.00 2352.00 -250.00 -810.00 2352.00 -734.81 -1468.01 2352.00 -734.81 -211.99 2352.00 -150.00 -810.00 2352.00 331.24 -211.99 2352.00 -150.00 -870.00 2352.00 331.24 -1468.01 </float_array>
                    <technique_common>
                        <accessor source="#geom-016B1635-pos-array" count="1201" stride="3">
                            <param name="X" type="float" />
                            <param name="Y" type="float" />
                            <param name="Z" type="float" />
                        </accessor>
                    </technique_common>
                </source>
                <source id="geom-016B1635-texcoord">
                    <float_array id="geom-016B1635-texcoord-array" count="2402">0.12 -0.50 0.12 -0.75 0.00 -0.50 0.00 -1.25 0.12 -1.25 0.22 0.03 0.75 0.25 0.37 -0.50 0.75 -0.50 1.13 -0.50 1.38 -0.50 1.28 0.03 1.50 -0.50 1.50 -1.25 1.50 -1.81 1.38 -1.25 1.31 -1.87 0.75 -0.99 0.75 0.59 1.50 -0.99 1.50 0.59 1.53 -1.00 1.53 0.09 2.17 -1.00 2.17 0.63 1.49 0.54 1.63 1.17 0.00 0.63 0.64 0.09 0.00 -1.00 0.68 0.54 0.64 -1.00 1.09 1.17 0.75 -0.59 0.75 0.44 1.50 -0.59 1.50 0.44 0.75 1.00 1.50 1.00 0.00 -2.00 0.25 -2.06 1.38 -0.75 0.55 1.17 0.00 -0.17 0.75 -0.17 0.00 0.39 0.75 0.39 1.50 0.59 0.75 0.59 1.50 -0.99 0.75 -0.99 0.75 -1.20 1.50 -0.17 1.50 -1.20 0.00 0.44 0.00 -0.59 0.00 1.00 1.50 0.39 1.09 1.08 0.72 1.08 1.09 0.95 0.65 0.95 0.55 0.72 0.01 0.95 2.17 0.95 1.53 0.95 1.64 0.72 1.46 1.08 0.01 0.01 0.01 0.48 1.09 0.48 1.64 0.01 2.17 0.48 2.17 0.01 0.55 0.01 1.09 0.01 0.16 0.31 0.08 0.31 0.16 0.24 0.08 0.24 0.08 0.16 0.16 0.16 0.16 0.31 0.08 0.31 0.16 0.24 0.08 0.24 0.08 0.16 0.16 0.16 0.16 0.16 0.16 0.23 0.08 0.16 0.08 0.23 1.94 -0.49 1.94 -0.43 1.90 -0.49 1.90 -0.43 1.99 -0.43 1.99 -0.49 2.17 -0.43 2.17 -0.49 1.99 -0.55 2.17 -0.55 1.94 -0.52 1.94 -0.55 1.99 -0.38 2.17 -0.38 1.99 -0.32 2.17 -0.32 0.27 -0.01 0.47 -0.01 0.30 0.24 0.45 0.31 0.62 0.25 0.68 -0.01 0.63 -0.31 0.47 -0.31 0.32 -0.31 0.00 0.16 0.16 0.16 0.00 0.31 0.16 0.31 0.00 0.31 0.00 0.24 0.08 0.24 0.08 0.16 0.00 0.16 0.00 0.08 0.08 0.08 0.08 0.31 1.94 -0.38 1.94 -0.34 1.90 -0.38 1.94 -0.32 2.17 0.55 1.64 0.55 1.91 0.01 1.10 0.01 1.10 0.55 0.01 1.64 0.01 1.10 0.55 1.64 0.55 1.10 0.55 2.17 2.17 1.64 1.64 2.17 1.64 1.64 2.17 1.10 1.64 1.10 2.17 1.08 1.64 1.08 2.17 0.55 1.64 0.55 1.50 1.10 1.10 1.64 1.10 1.10 1.08 1.10 0.01 2.17 0.01 1.10 2.17 1.10 2.17 2.17 1.10 2.17 2.17 2.17 1.10 1.10 2.17 1.10 1.08 2.17 0.01 2.17 1.08 1.10 0.01 1.10 2.17 1.64 1.77 1.10 2.17 1.10 1.08 1.64 1.08 2.17 0.01 1.64 0.01 2.17 2.17 2.17 1.50 2.17 2.17 1.10 1.10 1.10 1.09 2.17 0.01 2.17 0.82 1.64 0.01 1.64 1.09 2.17 0.01 2.17 1.09 1.64 0.01 1.64 0.01 2.17 0.01 1.10 0.68 1.10 0.01 2.17 0.01 1.10 1.08 2.17 0.82 1.10 2.17 1.10 1.50 1.50 1.10 1.10 2.17 2.17 1.10 2.17 2.17 1.10 1.10 1.10 1.10 1.10 2.17 1.10 1.10 2.17 2.17 2.17 2.17 1.10 2.17 2.17 1.10 1.10 1.10 2.17 1.08 1.10 0.01 2.17 0.01 1.10 1.08 1.10 1.08 1.63 0.01 1.10 0.01 1.63 1.10 1.10 2.17 2.17 1.10 2.17 1.10 1.10 2.17 1.64 1.10 2.17 2.17 2.17 1.10 1.10 2.17 1.10 1.77 1.50 1.08 1.10 0.68 1.71 0.01 1.10 2.17 1.10 1.82 1.62 1.10 1.10 1.10 1.64 1.10 1.10 1.50 1.77 1.10 1.64 2.17 2.17 1.10 2.17 0.01 1.64 0.01 0.82 1.08 1.64 1.08 0.82 2.17 0.82 1.10 0.82 2.17 0.01 1.10 0.01 1.36 0.82 1.09 1.66 0.41 0.82 0.41 1.64 0.01 1.64 0.01 0.82 1.08 1.64 1.08 0.82 1.09 0.82 2.17 1.64 2.17 0.82 1.08 0.82 0.01 0.82 1.08 0.01 0.01 0.01 1.10 1.64 1.10 0.82 2.17 1.64 2.17 0.82 0.82 0.82 0.01 0.82 1.08 0.01 0.01 0.01 2.17 1.64 1.10 1.64 0.41 2.17 0.01 1.64 0.01 2.17 0.01 2.17 1.08 2.17 2.17 2.17 1.10 2.17 2.17 1.64 1.10 1.64 1.08 2.17 0.01 2.17 1.64 1.08 2.17 1.08 1.36 0.14 1.10 0.55 1.10 0.14 2.17 2.17 1.10 2.17 1.08 2.17 0.01 2.17 1.08 1.64 0.01 1.64 1.10 1.10 2.17 1.10 1.10 2.17 2.17 2.17 2.17 0.82 1.10 0.82 2.17 0.01 1.10 0.01 1.08 0.82 0.01 0.82 1.08 0.01 0.01 0.01 1.10 2.17 1.10 1.10 2.17 2.17 2.17 1.10 2.17 0.82 2.17 0.01 1.36 0.01 2.17 1.64 2.17 2.17 1.09 2.17 1.08 2.17 0.01 2.17 1.08 1.10 0.01 1.10 1.10 2.17 1.10 1.10 2.17 2.17 2.17 1.10 0.01 2.17 0.01 1.10 1.08 2.17 1.08 1.10 1.10 2.17 1.10 1.10 2.17 2.17 2.17 1.10 1.08 0.01 0.01 0.01 0.41 0.01 2.17 0.01 1.10 0.01 0.82 0.01 0.01 0.01 1.09 0.01 0.01 0.01 0.01 0.82 0.01 1.10 1.08 1.10 0.01 2.17 1.08 2.17 2.17 0.01 2.17 2.17 1.08 2.17 0.01 2.17 1.08 1.10 0.01 1.10 1.09 1.63 0.01 2.17 0.01 1.10 1.08 2.17 1.08 1.10 1.10 1.10 2.17 1.10 1.10 2.17 2.17 2.17 2.17 0.01 2.17 0.01 0.01 2.17 0.01 1.64 1.08 2.17 1.08 1.64 1.08 1.10 1.10 1.08 1.08 2.17 1.10 1.64 1.10 2.17 1.10 1.10 1.10 1.08 2.17 2.17 1.10 2.17 1.10 1.10 1.10 2.17 1.10 1.10 1.91 2.17 1.08 2.17 1.10 2.17 1.10 1.10 1.91 2.17 1.91 1.10 1.08 1.10 0.01 1.10 1.91 1.50 2.17 1.10 0.01 1.10 1.08 1.10 0.01 2.17 1.08 2.17 1.10 2.17 1.10 1.10 2.17 2.17 2.17 1.10 2.17 2.17 2.17 1.10 1.10 2.17 2.17 2.17 1.50 1.64 1.10 2.17 1.10 1.10 0.01 2.17 1.08 1.64 1.08 2.17 1.10 2.17 1.08 1.10 0.01 1.10 2.17 2.17 1.10 1.10 0.01 2.17 0.01 1.10 1.08 2.17 1.08 1.10 1.10 2.17 1.10 1.10 1.50 1.50 2.17 1.10 2.17 1.10 2.17 2.17 2.17 1.10 1.91 1.64 1.10 2.17 1.10 1.10 1.08 2.17 0.68 1.10 1.08 1.10 2.17 1.10 1.91 2.17 1.77 2.17 2.17 2.17 0.27 1.10 1.08 1.10 0.27 2.17 1.08 2.17 1.77 2.17 1.10 1.10 2.17 1.10 1.10 1.10 2.17 1.10 1.36 1.50 1.10 2.17 2.17 2.17 1.36 2.17 2.17 1.10 2.17 2.17 1.10 1.10 1.10 2.17 1.10 1.10 2.17 1.10 1.10 2.17 2.17 2.17 1.10 2.17 2.17 2.17 0.01 2.17 0.01 1.10 1.08 2.17 1.08 1.10 1.10 2.17 1.10 1.10 2.17 2.17 2.17 1.10 1.10 1.10 2.17 1.10 1.10 1.64 2.17 2.17 1.10 2.17 1.10 1.10 2.17 2.17 2.17 1.10 0.01 1.10 1.08 1.10 0.01 2.17 1.08 2.17 1.10 1.10 2.17 1.10 1.10 2.17 2.17 2.17 2.17 1.10 2.17 2.17 1.10 1.10 1.10 2.17 2.17 1.10 2.17 1.64 1.10 1.10 1.10 2.17 0.01 2.17 0.01 1.10 1.08 2.17 1.08 1.10 0.01 2.17 0.01 1.10 0.55 1.10 0.01 1.10 1.08 1.10 0.01 2.17 1.08 2.17 1.08 1.10 1.08 2.17 0.01 1.10 0.01 2.17 1.08 2.17 0.01 2.17 1.08 1.10 0.01 1.10 1.10 2.17 1.10 1.10 2.17 2.17 2.17 1.10 0.01 2.17 0.01 1.10 1.08 2.17 1.08 1.10 0.41 1.10 1.08 1.10 1.08 2.17 1.10 2.17 1.10 1.10 1.64 2.17 2.17 1.10 2.17 1.10 2.17 1.10 1.10 1.10 2.17 1.10 1.08 2.17 1.10 1.10 2.17 1.10 1.10 2.17 1.77 1.50 2.17 1.10 2.17 2.17 1.10 1.10 2.17 2.17 0.24 -0.60 0.23 -0.29 0.10 -0.43 0.68 -1.93 0.67 -1.91 0.65 -1.92 0.64 -1.90 0.60 -1.96 0.59 -1.91 0.73 -1.91 0.70 -1.89 0.69 -1.85 0.66 -1.87 0.59 -1.87 0.62 -1.85 0.64 -1.83 0.65 -1.81 0.72 -1.74 0.78 -1.84 0.51 -1.81 0.53 -1.80 0.52 -1.78 0.55 -1.82 0.52 -1.84 0.55 -1.86 0.57 -1.78 0.54 -1.77 0.62 -1.79 0.58 -1.82 0.58 -1.86 0.65 -1.70 0.61 -1.71 0.57 -1.73 0.42 -0.23 0.18 0.19 0.00 -0.24 0.03 0.06 0.37 0.17 0.52 -0.07 1.61 -1.54 1.52 -1.52 1.61 -1.58 1.51 -1.60 1.61 -1.49 1.55 -1.44 1.00 -1.99 0.95 -1.98 0.94 -2.06 0.92 -2.06 0.84 -1.96 0.89 -2.06 0.36 -1.60 0.49 -1.60 0.44 -1.52 0.32 -1.51 0.28 -1.60 1.22 -0.91 1.39 -0.99 1.39 -0.84 0.58 -0.47 0.56 -0.27 0.52 -0.76 0.63 -1.05 0.74 -0.99 0.63 -0.73 0.78 -0.73 0.68 -0.57 0.28 -1.08 0.54 -1.09 0.47 -1.21 0.30 -1.22 0.49 -1.37 0.38 -1.36 0.59 -1.27 0.68 -1.17 0.80 -0.94 0.91 -0.86 0.85 -1.16 0.98 -1.14 1.18 -0.75 1.02 -0.80 1.10 -0.97 1.30 -0.78 1.35 -1.55 1.40 -1.68 1.38 -1.41 1.19 -1.41 1.17 -1.60 1.04 -1.46 1.43 -1.38 1.36 -1.25 1.27 -1.30 1.19 -1.07 1.33 -1.14 1.20 -1.19 1.07 -1.30 0.90 -1.32 0.75 -1.26 0.66 -1.33 0.77 -1.40 0.88 -1.50 0.65 -1.52 1.01 -1.87 0.89 -1.83 1.05 -1.72 0.98 -1.55 0.89 -1.70 1.19 -1.82 1.31 -1.77 1.21 -1.73 1.28 -1.67 0.47 -1.73 0.59 -1.66 0.79 -1.61 1.39 -0.75 1.36 -0.65 1.26 -0.69 0.24 -1.68 0.30 -1.69 0.38 -1.69 0.49 -1.68 0.38 -1.69 0.79 -1.91 1.09 -1.91 0.90 -2.17 1.70 -1.56 0.52 -0.76 0.01 0.00 0.01 -1.81 1.35 -1.79 0.00 -2.17 1.35 -2.17 0.00 -0.31 1.35 -0.31 0.01 1.06 1.35 1.06 0.01 0.00 1.35 -1.79 0.01 1.07 1.35 1.07 0.01 -1.81 1.10 1.36 1.36 1.36 1.36 1.63 1.36 1.64 1.63 1.64 1.36 1.91 1.63 1.36 1.36 1.36 1.63 1.10 1.36 1.10 1.63 1.36 1.36 1.36 1.63 1.10 1.36 1.36 1.36 1.10 1.63 1.36 1.63 1.10 1.63 1.36 1.63 1.10 1.36 1.10 1.10 2.17 1.36 2.17 1.63 1.91 1.63 2.17 1.10 1.36 1.36 1.63 1.10 1.63 1.10 1.64 1.10 1.91 1.10 1.36 1.36 1.63 1.10 1.63 1.10 1.36 1.10 1.10 1.63 1.63 1.10 1.10 1.36 1.10 1.10 1.10 1.36 1.63 1.63 1.63 1.63 1.63 1.10 1.63 1.10 1.63 1.63 1.63 1.10 1.10 1.10 1.36 1.36 1.36 1.36 1.63 1.36 1.64 1.63 1.64 1.36 1.91 1.63 1.36 1.36 1.36 1.63 1.10 1.36 1.10 1.63 1.36 1.36 1.36 1.63 1.10 1.36 1.36 1.36 1.10 1.63 1.36 1.63 1.10 1.63 1.36 1.63 1.10 1.36 1.10 1.10 2.17 1.36 2.17 1.63 1.91 1.63 2.17 1.10 1.36 1.36 1.63 1.10 1.63 1.10 1.64 1.10 1.91 1.10 1.36 1.36 1.63 1.10 1.63 1.10 1.36 1.10 1.10 1.63 1.63 1.10 1.10 1.36 1.10 1.10 1.10 1.36 1.63 1.63 1.63 1.63 1.63 1.10 1.63 1.10 1.63 1.63 1.63 1.10 1.10 1.10 0.54 1.10 0.01 2.17 0.54 2.17 0.01 1.64 0.55 1.64 1.08 1.10 0.55 1.10 1.08 2.17 0.01 2.17 0.54 1.10 0.01 1.10 0.54 1.10 0.01 1.64 0.01 1.10 0.54 1.64 0.54 2.17 0.54 2.17 0.01 1.10 0.01 2.17 0.01 1.10 0.54 2.17 0.54 1.10 0.54 1.10 0.01 2.17 0.54 2.17 0.01 1.10 0.01 2.17 0.01 1.10 0.54 2.17 0.54 1.10 1.08 1.10 0.55 1.36 1.08 0.01 1.08 0.01 0.01 1.08 1.08 1.08 0.01 0.01 1.08 0.01 0.01 1.08 1.08 1.08 0.01 0.01 1.08 0.01 0.01 1.08 1.08 1.08 0.01 1.08 1.08 0.01 1.08 1.08 0.01 0.01 0.01 0.01 0.01 1.08 0.01 0.01 1.08 1.08 1.08 0.01 0.01 1.08 0.01 0.01 1.08 1.08 1.08 0.01 0.01 1.08 0.01 0.01 1.08 1.08 1.08 0.01 0.01 1.08 0.01 0.01 1.08 1.08 1.08 0.01 0.01 1.08 0.01 0.01 1.08 1.08 1.08 0.01 1.08 0.01 0.01 1.08 1.08 1.08 0.01 0.01 0.01 1.08 0.01 0.01 1.08 1.08 1.08 0.01 0.01 1.08 0.01 0.01 1.08 1.08 1.08 1.08 1.10 1.08 2.17 0.01 1.10 0.01 2.17 1.64 0.55 2.17 0.55 1.64 1.08 2.17 1.08 0.01 1.08 0.01 0.01 1.08 1.08 1.08 0.01 0.01 1.08 0.01 0.01 1.08 1.08 0.01 1.08 0.01 0.01 1.08 1.08 0.01 1.08 1.08 1.08 1.08 0.01 0.01 1.08 1.08 1.08 0.01 1.08 1.08 1.08 1.08 0.01 0.01 1.08 0.01 0.01 1.08 1.08 0.01 1.08 1.08 1.08 1.91 1.08 1.64 1.08 1.64 0.55 2.17 1.08 2.17 0.55 2.17 0.01 2.17 0.54 1.10 0.01 1.10 0.54 2.17 0.01 2.17 0.54 1.10 0.01 1.10 0.54 2.17 0.54 1.10 0.54 2.17 0.01 1.10 0.01 2.17 0.54 1.10 0.54 2.17 0.01 1.10 0.01 0.01 1.08 1.08 1.08 1.08 0.01 0.01 0.01 1.08 0.01 0.01 1.08 1.08 1.08 0.01 1.08 1.08 1.08 0.01 1.08 1.08 1.08 1.08 0.01 0.01 1.08 0.01 0.01 1.08 1.08 0.01 0.01 1.08 0.01 0.01 1.08 1.08 1.08 0.01 1.08 0.01 0.01 1.08 1.08 1.08 1.08 0.01 1.08 1.08 0.01 1.77 0.54 1.77 0.01 2.17 0.54 2.17 0.01 1.10 0.54 1.10 0.01 2.17 0.54 2.17 0.01 1.10 0.54 1.10 0.01 2.17 0.54 2.17 0.01 1.10 0.54 1.10 0.01 2.17 0.54 2.17 0.01 1.10 0.54 1.10 0.01 2.17 0.54 2.17 0.01 1.10 0.54 1.10 0.01 2.17 0.54 2.17 0.01 1.10 0.54 1.10 0.01 2.17 0.54 2.17 0.01 1.10 0.01 1.10 0.54 1.10 0.55 2.17 0.55 1.64 1.08 2.17 1.08 1.10 1.08 1.10 0.55 1.10 1.08 2.17 0.55 2.17 1.08 2.00 1.10 2.06 1.36 1.96 1.36 1.91 1.10 1.84 1.36 1.79 1.10 1.74 1.36 1.69 1.12 1.64 1.36 2.06 1.64 2.06 1.92 1.96 1.64 1.96 1.92 2.17 1.36 2.17 1.64 2.17 1.92 2.12 1.10 1.74 1.64 1.74 1.92 1.64 1.64 1.64 1.92 1.84 1.64 1.84 1.92 1.74 1.92 1.74 2.15 1.64 1.92 1.64 2.16 1.84 1.92 1.84 2.16 1.96 1.92 1.96 2.17 2.00 1.10 2.06 1.36 1.96 1.36 1.91 1.10 1.84 1.36 1.79 1.10 1.74 1.36 1.69 1.12 1.64 1.36 2.17 1.92 2.17 2.16 2.06 1.92 2.06 2.17 2.06 1.64 1.96 1.64 2.17 1.36 2.17 1.64 2.12 1.10 1.74 1.64 1.64 1.64 1.84 1.64 2.00 1.10 2.06 1.36 1.96 1.36 1.91 1.10 1.84 1.36 1.79 1.10 1.74 1.36 1.69 1.12 1.64 1.36 2.06 1.64 2.06 1.92 1.96 1.64 1.96 1.92 2.17 1.36 2.17 1.64 2.17 1.92 2.12 1.10 1.74 1.64 1.74 1.92 1.64 1.64 1.64 1.92 1.84 1.64 1.84 1.92 2.00 1.10 2.06 1.36 1.96 1.36 1.91 1.10 1.84 1.36 1.79 1.10 1.74 1.36 1.69 1.12 1.64 1.36 2.06 1.64 2.06 1.92 1.96 1.64 1.96 1.92 2.17 1.36 2.17 1.64 2.17 1.92 2.12 1.10 1.74 1.64 1.74 1.92 1.64 1.64 1.64 1.92 1.84 1.64 1.84 1.92 1.08 1.08 0.01 1.08 1.08 0.01 0.01 0.01 1.08 2.17 0.01 2.17 1.08 1.10 0.01 1.10 1.08 1.08 0.01 1.08 1.08 0.01 0.01 0.01 1.08 1.08 0.01 1.08 1.08 0.01 0.01 0.01 1.10 2.17 1.10 1.10 2.17 2.17 2.17 1.10 1.08 2.17 0.01 2.17 1.08 1.10 0.01 1.10 2.17 1.08 1.10 1.08 2.17 0.01 1.10 0.01 1.08 2.17 0.01 2.17 1.08 1.10 0.01 1.10 1.10 1.08 1.10 0.01 1.64 1.08 2.17 0.55 2.17 0.01 1.08 2.17 0.01 2.17 1.08 1.10 0.01 1.10 1.08 1.08 0.01 1.08 1.08 0.01 0.01 0.01 2.17 1.08 1.10 1.08 2.17 0.01 1.10 0.01 1.08 1.08 0.01 1.08 1.08 0.01 0.01 0.01 1.08 1.08 0.01 1.08 1.08 0.01 0.01 0.01 1.08 2.17 0.01 2.17 1.08 1.10 0.01 1.10 2.17 1.64 2.17 2.17 1.10 2.17 1.10 1.10 1.64 1.10 1.10 2.17 1.10 1.10 2.17 2.17 2.17 1.10 1.08 1.08 0.01 1.08 1.08 0.01 0.01 0.01 1.08 2.17 0.01 2.17 1.08 1.10 0.01 1.10 0.01 2.17 1.08 1.10 1.08 2.17 0.01 2.17 1.08 1.10 0.01 1.10 2.17 2.17 1.10 2.17 2.17 1.10 1.10 1.10 1.10 2.17 1.10 1.10 2.17 2.17 2.17 1.10 1.08 1.08 0.01 1.08 0.01 0.01 1.08 2.17 1.08 1.10 0.01 1.10 2.17 2.17 1.10 2.17 2.17 1.10 1.10 1.10 1.08 2.17 0.01 2.17 1.08 1.10 0.01 1.10 1.08 2.17 0.01 2.17 1.08 1.10 0.01 1.10 2.17 2.17 1.10 2.17 2.17 1.10 1.10 1.10 2.17 1.64 2.17 2.17 1.10 2.17 1.10 2.17 2.17 1.91 2.17 2.17 0.01 2.17 0.01 1.10 2.17 0.55 1.10 0.01 2.17 0.01 2.17 1.10 1.10 1.10 2.17 1.08 1.10 1.08 1.10 1.10 2.17 1.10 2.17 1.08 2.17 1.10 1.14 1.00 1.03 1.00 2.17 0.16 0.00 0.16 1.03 1.18 0.00 2.01 1.14 1.18 2.17 2.01 </float_array>
                    <technique_common>
                        <accessor source="#geom-016B1635-texcoord-array" count="1201" stride="2">
                            <param name="S" type="float" />
                            <param name="T" type="float" />
                        </accessor>
                    </technique_common>
                </source>
                <source id="geom-016B1635-colors">
                    <float_array id="geom-016B1635-colors-array" count="4772">0.10 0.21 0.55 1.00 0.08 0.17 0.47 1.00 0.25 0.49 1.00 1.00 0.20 0.44 1.00 1.00 0.03 0.10 0.33 1.00 0.26 0.47 1.00 1.00 0.21 0.40 1.00 1.00 0.13 0.25 0.64 1.00 0.16 0.31 0.78 1.00 0.13 0.26 0.66 1.00 0.11 0.23 0.58 1.00 0.25 0.47 1.00 1.00 0.25 0.49 1.00 1.00 0.20 0.44 1.00 1.00 0.22 0.43 1.00 1.00 0.04 0.11 0.34 1.00 0.21 0.43 1.00 1.00 0.08 0.25 0.83 1.00 0.06 0.27 0.95 1.00 0.09 0.17 0.43 1.00 0.10 0.19 0.47 1.00 0.12 0.31 0.93 1.00 0.45 0.82 1.00 1.00 0.08 0.17 0.43 1.00 0.10 0.19 0.46 1.00 0.33 0.60 1.00 1.00 0.09 0.18 0.44 1.00 0.10 0.19 0.47 1.00 0.45 0.82 1.00 1.00 0.09 0.17 0.43 1.00 0.34 0.60 1.00 1.00 0.12 0.32 0.94 1.00 0.10 0.19 0.46 1.00 0.06 0.27 0.95 1.00 0.05 0.24 0.87 1.00 0.10 0.19 0.47 1.00 0.09 0.18 0.44 1.00 0.05 0.26 0.94 1.00 0.10 0.19 0.46 1.00 0.22 0.43 1.00 1.00 0.20 0.42 1.00 1.00 0.09 0.19 0.50 1.00 0.09 0.18 0.44 1.00 0.11 0.32 1.00 1.00 0.05 0.25 0.88 1.00 0.10 0.33 1.00 1.00 0.05 0.26 0.94 1.00 0.10 0.19 0.46 1.00 0.08 0.30 0.96 1.00 0.08 0.17 0.43 1.00 0.09 0.27 0.85 1.00 0.08 0.30 0.96 1.00 0.09 0.18 0.44 1.00 0.10 0.19 0.46 1.00 0.09 0.31 0.99 1.00 0.11 0.34 1.00 1.00 0.10 0.33 1.00 1.00 0.10 0.19 0.46 1.00 0.08 0.06 0.15 1.00 0.08 0.06 0.15 1.00 0.05 0.22 0.76 1.00 0.12 0.31 0.93 1.00 0.06 0.25 0.85 1.00 0.08 0.17 0.43 1.00 0.09 0.17 0.43 1.00 0.12 0.32 0.94 1.00 0.06 0.25 0.85 1.00 0.08 0.06 0.15 1.00 0.22 0.35 0.74 1.00 0.09 0.27 0.85 1.00 0.14 0.47 1.00 1.00 0.42 0.69 1.00 1.00 0.08 0.25 0.83 1.00 0.24 0.36 0.75 1.00 0.41 0.68 1.00 1.00 0.52 0.80 1.00 1.00 0.00 0.00 0.00 1.00 0.00 0.00 0.00 1.00 0.00 0.00 0.00 1.00 0.00 0.00 0.00 1.00 0.00 0.00 0.00 1.00 0.00 0.00 0.00 1.00 0.00 0.00 0.00 1.00 0.00 0.00 0.00 1.00 0.00 0.00 0.00 1.00 0.00 0.00 0.00 1.00 0.00 0.00 0.00 1.00 0.00 0.00 0.00 1.00 0.00 0.00 0.00 1.00 0.00 0.00 0.00 1.00 0.00 0.00 0.00 1.00 0.00 0.00 0.00 1.00 0.14 0.33 0.97 1.00 0.05 0.21 0.72 1.00 0.08 0.06 0.15 1.00 0.08 0.06 0.15 1.00 0.10 0.31 1.00 1.00 0.09 0.33 1.00 1.00 0.45 0.70 1.00 1.00 0.42 0.65 1.00 1.00 0.09 0.28 0.93 1.00 0.29 0.46 0.95 1.00 0.21 0.43 1.00 1.00 0.22 0.43 1.00 1.00 0.09 0.32 1.00 1.00 0.42 0.62 1.00 1.00 0.09 0.30 0.95 1.00 0.31 0.47 0.96 1.00 0.01 0.19 0.76 1.00 0.00 0.45 1.00 1.00 0.04 0.17 0.56 1.00 0.04 0.11 0.34 1.00 0.05 0.18 0.60 1.00 0.02 0.24 0.93 1.00 0.16 0.31 0.85 1.00 0.45 0.51 0.70 1.00 0.18 0.34 0.90 1.00 0.29 0.42 0.78 1.00 0.23 0.34 0.68 1.00 0.27 0.40 0.75 1.00 0.19 0.29 0.61 1.00 0.00 0.00 0.00 1.00 0.00 0.00 0.00 1.00 0.00 0.00 0.00 1.00 0.00 0.00 0.00 1.00 0.00 0.00 0.00 1.00 0.00 0.00 0.00 1.00 0.00 0.00 0.00 1.00 0.00 0.00 0.00 1.00 0.14 0.34 0.97 1.00 0.20 0.42 1.00 1.00 0.08 0.06 0.15 1.00 0.22 0.43 1.00 1.00 0.20 0.44 1.00 1.00 0.04 0.42 1.00 1.00 0.09 0.28 0.93 1.00 0.29 0.46 0.95 1.00 0.27 0.41 0.84 1.00 0.34 0.51 1.00 1.00 0.36 0.56 1.00 1.00 0.04 0.25 0.93 1.00 0.05 0.32 1.00 1.00 0.09 0.32 1.00 1.00 0.35 0.51 1.00 1.00 0.09 0.32 1.00 1.00 0.06 0.27 0.96 1.00 0.38 0.58 1.00 1.00 0.08 0.35 1.00 1.00 0.38 0.58 1.00 1.00 0.08 0.35 1.00 1.00 0.30 0.45 0.91 1.00 0.09 0.45 1.00 1.00 0.17 0.27 0.58 1.00 0.30 0.45 0.91 1.00 0.31 0.47 0.96 1.00 0.20 0.31 0.64 1.00 0.04 0.13 0.51 1.00 0.32 0.47 0.90 1.00 0.39 0.49 0.78 1.00 0.00 0.07 0.35 1.00 0.00 0.04 0.23 1.00 0.04 0.13 0.51 1.00 0.39 0.49 0.78 1.00 0.32 0.47 0.90 1.00 0.39 0.49 0.78 1.00 0.00 0.05 0.28 1.00 0.49 0.58 0.83 1.00 0.00 0.04 0.22 1.00 0.27 0.41 0.84 1.00 0.18 0.29 0.60 1.00 0.29 0.46 0.95 1.00 0.07 0.15 0.40 1.00 0.11 0.21 0.49 1.00 0.04 0.07 0.17 1.00 0.05 0.09 0.20 1.00 0.13 0.22 0.50 1.00 0.00 0.04 0.25 1.00 0.34 0.42 0.66 1.00 0.00 0.04 0.22 1.00 0.14 0.24 0.54 1.00 0.05 0.09 0.20 1.00 0.09 0.18 0.45 1.00 0.04 0.07 0.17 1.00 0.13 0.22 0.51 1.00 0.24 0.36 0.75 1.00 0.10 0.19 0.46 1.00 0.14 0.23 0.53 1.00 0.00 0.05 0.25 1.00 0.14 0.24 0.53 1.00 0.00 0.04 0.24 1.00 0.00 0.03 0.19 1.00 0.13 0.23 0.52 1.00 0.00 0.04 0.19 1.00 0.00 0.07 0.40 1.00 0.14 0.23 0.53 1.00 0.00 0.04 0.23 1.00 0.00 0.04 0.18 1.00 0.00 0.04 0.18 1.00 0.13 0.22 0.51 1.00 0.04 0.08 0.18 1.00 0.11 0.19 0.47 1.00 0.23 0.38 0.84 1.00 0.22 0.34 0.71 1.00 0.48 0.70 1.00 1.00 0.29 0.42 0.83 1.00 0.11 0.20 0.47 1.00 0.13 0.22 0.52 1.00 0.04 0.09 0.26 1.00 0.00 0.04 0.18 1.00 0.23 0.38 0.84 1.00 0.13 0.25 0.59 1.00 0.11 0.21 0.53 1.00 0.11 0.21 0.53 1.00 0.13 0.25 0.59 1.00 0.11 0.21 0.53 1.00 0.13 0.25 0.58 1.00 0.44 0.55 0.91 1.00 0.13 0.25 0.58 1.00 0.33 0.51 1.00 1.00 0.33 0.51 1.00 1.00 0.18 0.34 0.90 1.00 0.32 0.47 0.93 1.00 0.01 0.13 0.56 1.00 0.00 0.04 0.18 1.00 0.13 0.22 0.52 1.00 0.00 0.04 0.24 1.00 0.32 0.47 0.93 1.00 0.01 0.07 0.34 1.00 0.02 0.09 0.42 1.00 0.01 0.13 0.56 1.00 0.00 0.05 0.25 1.00 0.32 0.47 0.93 1.00 0.23 0.36 0.77 1.00 0.48 0.70 1.00 1.00 0.03 0.14 0.61 1.00 0.16 0.31 0.85 1.00 0.23 0.36 0.77 1.00 0.00 0.13 0.55 1.00 0.03 0.06 0.15 1.00 0.02 0.04 0.11 1.00 0.08 0.16 0.42 1.00 0.01 0.07 0.29 1.00 0.02 0.04 0.11 1.00 0.05 0.13 0.38 1.00 0.00 0.00 0.00 1.00 0.00 0.00 0.00 1.00 0.06 0.14 0.39 1.00 0.10 0.19 0.47 1.00 0.03 0.10 0.33 1.00 0.13 0.22 0.51 1.00 0.03 0.08 0.24 1.00 0.02 0.06 0.18 1.00 0.07 0.15 0.40 1.00 0.00 0.07 0.27 1.00 0.07 0.15 0.40 1.00 0.04 0.07 0.17 1.00 0.02 0.04 0.12 1.00 0.00 0.06 0.26 1.00 0.02 0.04 0.12 1.00 0.00 0.00 0.00 1.00 0.00 0.00 0.00 1.00 0.07 0.15 0.41 1.00 0.00 0.06 0.26 1.00 0.04 0.07 0.17 1.00 0.02 0.04 0.12 1.00 0.02 0.08 0.29 1.00 0.02 0.04 0.12 1.00 0.00 0.00 0.00 1.00 0.00 0.00 0.00 1.00 0.03 0.06 0.15 1.00 0.09 0.17 0.43 1.00 0.17 0.27 0.58 1.00 0.00 0.08 0.32 1.00 0.31 0.47 0.96 1.00 0.04 0.09 0.26 1.00 0.11 0.20 0.47 1.00 0.22 0.34 0.71 1.00 0.23 0.38 0.84 1.00 0.15 0.26 0.58 1.00 0.31 0.47 0.94 1.00 0.11 0.21 0.49 1.00 0.04 0.08 0.18 1.00 0.05 0.32 1.00 1.00 0.25 0.49 1.00 1.00 0.09 0.30 0.95 1.00 0.20 0.44 1.00 1.00 0.22 0.43 1.00 1.00 0.04 0.08 0.18 1.00 0.11 0.19 0.47 1.00 0.11 0.19 0.47 1.00 0.22 0.34 0.71 1.00 0.09 0.17 0.43 1.00 0.15 0.26 0.58 1.00 0.22 0.34 0.71 1.00 0.11 0.19 0.47 1.00 0.29 0.42 0.83 1.00 0.13 0.22 0.51 1.00 0.08 0.16 0.42 1.00 0.05 0.12 0.36 1.00 0.00 0.00 0.00 1.00 0.00 0.00 0.00 1.00 0.05 0.13 0.38 1.00 0.08 0.16 0.42 1.00 0.00 0.00 0.00 1.00 0.00 0.00 0.00 1.00 0.14 0.23 0.53 1.00 0.11 0.21 0.49 1.00 0.15 0.33 0.80 1.00 0.22 0.35 0.74 1.00 0.02 0.06 0.18 1.00 0.00 0.00 0.00 1.00 0.00 0.00 0.00 1.00 0.03 0.08 0.24 1.00 0.04 0.09 0.26 1.00 0.13 0.22 0.51 1.00 0.00 0.04 0.18 1.00 0.16 0.26 0.57 1.00 0.04 0.09 0.26 1.00 0.13 0.22 0.51 1.00 0.35 0.43 0.67 1.00 0.11 0.21 0.49 1.00 0.00 0.04 0.22 1.00 0.05 0.09 0.20 1.00 0.28 0.40 0.75 1.00 0.21 0.32 0.64 1.00 0.46 0.60 1.00 1.00 0.31 0.44 0.80 1.00 0.16 0.25 0.56 1.00 0.13 0.22 0.51 1.00 0.00 0.04 0.22 1.00 0.05 0.09 0.20 1.00 0.00 0.00 0.00 1.00 0.00 0.00 0.00 1.00 0.00 0.00 0.00 1.00 0.00 0.00 0.00 1.00 0.00 0.00 0.00 1.00 0.00 0.00 0.00 1.00 0.00 0.00 0.00 1.00 0.00 0.00 0.00 1.00 0.00 0.00 0.00 1.00 0.04 0.11 0.34 1.00 0.24 0.36 0.75 1.00 0.13 0.22 0.51 1.00 0.18 0.33 0.76 1.00 0.16 0.25 0.56 1.00 0.00 0.00 0.00 1.00 0.05 0.09 0.20 1.00 0.49 0.58 0.83 1.00 0.00 0.04 0.22 1.00 0.14 0.24 0.54 1.00 0.05 0.09 0.20 1.00 0.13 0.22 0.51 1.00 0.27 0.40 0.80 1.00 0.21 0.32 0.67 1.00 0.33 0.51 1.00 1.00 0.44 0.55 0.91 1.00 0.11 0.20 0.47 1.00 0.21 0.32 0.67 1.00 0.13 0.22 0.52 1.00 0.27 0.40 0.80 1.00 0.31 0.47 0.96 1.00 0.22 0.43 1.00 1.00 0.32 0.47 0.90 1.00 0.35 0.51 1.00 1.00 0.20 0.31 0.64 1.00 0.25 0.47 1.00 1.00 0.25 0.49 1.00 1.00 0.36 0.56 1.00 1.00 0.21 0.40 1.00 1.00 0.26 0.47 1.00 1.00 0.21 0.40 1.00 1.00 0.25 0.49 1.00 1.00 0.25 0.49 1.00 1.00 0.16 0.26 0.57 1.00 0.49 0.58 0.83 1.00 0.14 0.24 0.54 1.00 0.20 0.31 0.64 1.00 0.16 0.26 0.57 1.00 0.00 0.05 0.29 1.00 0.01 0.08 0.39 1.00 0.01 0.08 0.39 1.00 0.20 0.31 0.64 1.00 0.00 0.04 0.21 1.00 0.00 0.05 0.29 1.00 0.16 0.26 0.57 1.00 0.38 0.58 1.00 1.00 0.00 0.04 0.24 1.00 0.00 0.04 0.18 1.00 0.13 0.22 0.52 1.00 0.27 0.40 0.80 1.00 0.06 0.10 0.25 1.00 0.02 0.09 0.42 1.00 0.02 0.09 0.42 1.00 0.27 0.40 0.80 1.00 0.32 0.47 0.93 1.00 0.33 0.51 1.00 1.00 0.06 0.10 0.25 1.00 0.13 0.22 0.51 1.00 0.38 0.58 1.00 1.00 0.36 0.56 1.00 1.00 0.06 0.23 0.79 1.00 0.02 0.04 0.11 1.00 0.01 0.13 0.56 1.00 0.39 0.49 0.78 1.00 0.34 0.51 1.00 1.00 0.32 0.47 0.90 1.00 0.00 0.07 0.35 1.00 0.36 0.56 1.00 1.00 0.49 0.58 0.83 1.00 0.32 0.47 0.90 1.00 0.00 0.05 0.28 1.00 0.10 0.17 0.45 1.00 0.29 0.42 0.83 1.00 0.00 0.04 0.24 1.00 0.13 0.22 0.51 1.00 0.00 0.04 0.24 1.00 0.13 0.22 0.51 1.00 0.00 0.05 0.24 1.00 0.04 0.22 0.87 1.00 0.29 0.42 0.83 1.00 0.10 0.17 0.45 1.00 0.00 0.04 0.18 1.00 0.00 0.08 0.42 1.00 0.13 0.23 0.52 1.00 0.14 0.23 0.53 1.00 0.00 0.03 0.19 1.00 0.00 0.04 0.20 1.00 0.13 0.23 0.52 1.00 0.15 0.33 0.80 1.00 0.00 0.07 0.40 1.00 0.00 0.04 0.20 1.00 0.13 0.23 0.52 1.00 0.00 0.05 0.25 1.00 0.14 0.24 0.53 1.00 0.00 0.04 0.21 1.00 0.00 0.05 0.25 1.00 0.00 0.04 0.24 1.00 0.16 0.25 0.56 1.00 0.00 0.04 0.22 1.00 0.18 0.33 0.76 1.00 0.16 0.25 0.56 1.00 0.00 0.08 0.41 1.00 0.14 0.24 0.53 1.00 0.14 0.24 0.53 1.00 0.00 0.05 0.25 1.00 0.11 0.21 0.49 1.00 0.14 0.23 0.53 1.00 0.04 0.08 0.18 1.00 0.00 0.04 0.18 1.00 0.11 0.21 0.49 1.00 0.21 0.32 0.64 1.00 0.34 0.42 0.66 1.00 0.28 0.40 0.75 1.00 0.11 0.21 0.49 1.00 0.05 0.09 0.20 1.00 0.47 0.60 1.00 1.00 0.31 0.44 0.81 1.00 0.29 0.41 0.77 1.00 0.21 0.32 0.65 1.00 0.29 0.41 0.77 1.00 0.21 0.32 0.65 1.00 0.35 0.43 0.67 1.00 0.11 0.21 0.49 1.00 0.38 0.51 0.90 1.00 0.25 0.36 0.71 1.00 0.05 0.15 0.55 1.00 0.00 0.06 0.33 1.00 0.46 0.60 1.00 1.00 0.31 0.44 0.80 1.00 0.47 0.60 1.00 1.00 0.31 0.44 0.81 1.00 0.05 0.09 0.20 1.00 0.11 0.21 0.49 1.00 0.00 0.04 0.22 1.00 0.34 0.42 0.66 1.00 0.13 0.22 0.50 1.00 0.24 0.35 0.69 1.00 0.00 0.04 0.25 1.00 0.00 0.07 0.34 1.00 0.46 0.60 1.00 1.00 0.37 0.50 0.89 1.00 0.28 0.40 0.75 1.00 0.24 0.35 0.69 1.00 0.38 0.51 0.90 1.00 0.05 0.15 0.55 1.00 0.37 0.50 0.89 1.00 0.02 0.10 0.43 1.00 0.00 0.06 0.33 1.00 0.25 0.36 0.71 1.00 0.00 0.05 0.27 1.00 0.13 0.23 0.52 1.00 0.00 0.05 0.27 1.00 0.13 0.23 0.52 1.00 0.00 0.05 0.29 1.00 0.24 0.35 0.69 1.00 0.37 0.50 0.89 1.00 0.00 0.07 0.34 1.00 0.02 0.10 0.43 1.00 0.47 0.60 1.00 1.00 0.38 0.51 0.90 1.00 0.46 0.60 1.00 1.00 0.37 0.50 0.89 1.00 0.24 0.35 0.69 1.00 0.13 0.22 0.50 1.00 0.28 0.40 0.75 1.00 0.34 0.42 0.66 1.00 0.38 0.51 0.90 1.00 0.47 0.60 1.00 1.00 0.25 0.36 0.71 1.00 0.29 0.41 0.77 1.00 0.25 0.36 0.71 1.00 0.29 0.41 0.77 1.00 0.13 0.23 0.52 1.00 0.35 0.43 0.67 1.00 0.00 0.04 0.25 1.00 0.13 0.22 0.50 1.00 0.00 0.04 0.25 1.00 0.13 0.23 0.52 1.00 0.35 0.43 0.67 1.00 0.00 0.05 0.29 1.00 0.00 0.04 0.22 1.00 0.11 0.21 0.53 1.00 0.13 0.25 0.58 1.00 0.13 0.25 0.59 1.00 0.48 0.70 1.00 1.00 0.48 0.70 1.00 1.00 0.00 0.13 0.55 1.00 0.23 0.36 0.77 1.00 0.05 0.08 0.17 1.00 0.16 0.29 0.69 1.00 0.00 0.13 0.55 1.00 0.05 0.08 0.17 1.00 0.04 0.29 1.00 1.00 0.02 0.04 0.11 1.00 0.05 0.08 0.17 1.00 0.15 0.45 1.00 1.00 0.16 0.29 0.69 1.00 0.00 0.08 0.41 1.00 0.35 0.52 1.00 1.00 0.18 0.33 0.76 1.00 0.20 0.50 1.00 1.00 0.04 0.24 0.97 1.00 0.00 0.14 0.66 1.00 0.00 0.05 0.25 1.00 0.20 0.32 0.68 1.00 0.41 0.60 1.00 1.00 0.09 0.35 1.00 1.00 0.00 0.13 0.58 1.00 0.00 0.15 0.70 1.00 0.36 0.65 1.00 1.00 0.39 0.57 1.00 1.00 0.47 0.65 1.00 1.00 0.21 0.33 0.69 1.00 0.15 0.33 0.80 1.00 0.34 0.50 0.98 1.00 0.00 0.08 0.42 1.00 0.29 0.63 1.00 1.00 0.00 0.20 0.93 1.00 0.00 0.13 0.62 1.00 0.27 0.40 0.84 1.00 0.00 0.07 0.40 1.00 0.36 0.53 1.00 1.00 0.01 0.26 1.00 1.00 0.00 0.13 0.57 1.00 0.35 0.49 0.95 1.00 0.13 0.24 0.56 1.00 0.00 0.01 0.07 1.00 0.44 0.60 1.00 1.00 0.04 0.11 0.34 1.00 0.04 0.29 1.00 1.00 0.06 0.19 0.63 1.00 0.05 0.18 0.58 1.00 0.04 0.22 0.87 1.00 0.49 0.55 0.75 1.00 0.46 0.53 0.72 1.00 0.00 0.05 0.29 1.00 0.00 0.05 0.27 1.00 0.00 0.05 0.28 1.00 0.00 0.04 0.23 1.00 0.00 0.00 0.00 1.00 0.34 0.39 0.55 1.00 0.00 0.04 0.25 1.00 0.33 0.38 0.53 1.00 0.00 0.02 0.12 1.00 0.00 0.04 0.24 1.00 0.40 0.48 0.73 1.00 0.49 0.60 0.89 1.00 0.47 0.56 0.80 1.00 0.00 0.04 0.17 1.00 0.00 0.05 0.24 1.00 0.54 0.62 0.82 1.00 0.00 0.04 0.21 1.00 0.00 0.05 0.29 1.00 0.02 0.04 0.11 1.00 0.06 0.23 0.79 1.00 0.07 0.11 0.23 1.00 0.39 0.55 1.00 1.00 0.46 0.62 1.00 1.00 0.01 0.09 0.32 1.00 0.32 0.47 0.93 1.00 0.00 0.05 0.25 1.00 0.23 0.36 0.77 1.00 0.45 0.62 1.00 1.00 0.45 0.62 1.00 1.00 0.03 0.14 0.61 1.00 0.25 0.36 0.71 1.00 0.00 0.05 0.23 1.00 0.36 0.49 0.87 1.00 0.64 0.81 1.00 1.00 0.58 0.75 1.00 1.00 0.02 0.09 0.40 1.00 0.31 0.44 0.80 1.00 0.36 0.49 0.87 1.00 0.00 0.03 0.18 1.00 0.01 0.04 0.18 1.00 0.41 0.55 0.96 1.00 0.43 0.51 0.71 1.00 0.32 0.45 0.82 1.00 0.00 0.00 0.02 1.00 0.24 0.35 0.69 1.00 0.45 0.59 1.00 1.00 0.39 0.52 0.92 1.00 0.51 0.62 0.72 1.00 0.00 0.02 0.10 1.00 0.02 0.07 0.26 1.00 0.40 0.53 0.93 1.00 0.31 0.43 0.79 1.00 0.00 0.03 0.14 1.00 0.36 0.49 0.87 1.00 0.47 0.61 1.00 1.00 0.45 0.59 1.00 1.00 0.42 0.55 0.96 1.00 0.29 0.41 0.76 1.00 0.39 0.52 0.91 1.00 0.59 0.75 1.00 1.00 0.48 0.64 1.00 1.00 0.44 0.49 0.65 1.00 0.21 0.32 0.65 1.00 0.31 0.44 0.80 1.00 0.47 0.58 0.72 1.00 0.33 0.45 0.83 1.00 0.01 0.03 0.13 1.00 0.05 0.15 0.55 1.00 0.39 0.52 0.91 1.00 0.40 0.53 0.93 1.00 0.00 0.01 0.07 1.00 0.14 0.25 0.60 1.00 0.47 0.62 0.80 1.00 0.00 0.04 0.24 1.00 0.00 0.04 0.18 1.00 0.00 0.04 0.24 1.00 0.00 0.04 0.18 1.00 0.00 0.04 0.23 1.00 0.00 0.04 0.20 1.00 0.01 0.07 0.27 1.00 0.11 0.20 0.48 1.00 0.00 0.02 0.08 1.00 0.00 0.07 0.34 1.00 0.00 0.04 0.22 1.00 0.00 0.04 0.22 1.00 0.07 0.15 0.40 1.00 0.15 0.33 0.80 1.00 0.22 0.35 0.74 1.00 0.09 0.27 0.85 1.00 0.14 0.38 1.00 1.00 0.08 0.30 0.96 1.00 0.11 0.32 1.00 1.00 0.05 0.25 0.88 1.00 0.11 0.34 1.00 1.00 0.06 0.27 0.95 1.00 0.12 0.31 0.89 1.00 0.08 0.25 0.83 1.00 0.14 0.38 1.00 1.00 0.08 0.30 0.96 1.00 0.24 0.36 0.75 1.00 0.71 0.78 1.00 1.00 0.22 0.31 0.60 1.00 0.65 0.73 0.96 1.00 0.76 0.87 0.97 1.00 0.76 0.87 0.97 1.00 1.00 1.00 1.00 1.00 0.76 0.87 0.97 1.00 0.78 0.84 1.00 1.00 0.80 0.85 1.00 1.00 0.37 0.46 0.73 1.00 0.30 0.39 0.66 1.00 0.22 0.31 0.60 1.00 0.22 0.31 0.60 1.00 0.76 0.87 0.97 1.00 0.73 0.80 1.00 1.00 0.71 0.78 1.00 1.00 0.33 0.41 0.68 1.00 0.22 0.31 0.60 1.00 0.22 0.31 0.60 1.00 0.22 0.31 0.60 1.00 0.76 0.82 1.00 1.00 0.61 0.69 0.92 1.00 0.65 0.73 0.96 1.00 0.35 0.44 0.71 1.00 0.30 0.39 0.66 1.00 0.76 0.87 0.97 1.00 0.76 0.82 1.00 1.00 0.76 0.87 0.97 1.00 0.76 0.87 0.97 1.00 0.76 0.87 0.97 1.00 0.76 0.87 0.97 1.00 0.35 0.44 0.71 1.00 0.22 0.31 0.60 1.00 0.33 0.41 0.68 1.00 0.76 0.87 0.97 1.00 0.22 0.31 0.60 1.00 0.22 0.31 0.60 1.00 0.80 0.85 1.00 1.00 0.61 0.69 0.92 1.00 0.76 0.82 1.00 1.00 0.35 0.44 0.71 1.00 0.76 0.87 0.97 1.00 0.76 0.87 0.97 1.00 0.76 0.87 0.97 1.00 0.22 0.31 0.60 1.00 0.78 0.84 1.00 1.00 0.33 0.42 0.69 1.00 0.54 0.62 0.86 1.00 1.00 1.00 1.00 1.00 0.88 0.92 1.00 1.00 0.73 0.80 1.00 1.00 0.76 0.82 1.00 1.00 0.27 0.36 0.64 1.00 0.60 0.67 0.91 1.00 0.22 0.31 0.60 1.00 0.22 0.31 0.60 1.00 0.22 0.31 0.60 1.00 0.22 0.31 0.60 1.00 0.94 0.96 1.00 1.00 0.78 0.83 1.00 1.00 0.78 0.84 1.00 1.00 0.71 0.78 1.00 1.00 0.22 0.31 0.60 1.00 0.22 0.31 0.60 1.00 0.22 0.31 0.60 1.00 0.25 0.34 0.62 1.00 0.26 0.35 0.64 1.00 0.54 0.62 0.86 1.00 0.28 0.37 0.65 1.00 0.22 0.31 0.60 1.00 0.52 0.60 0.84 1.00 0.25 0.34 0.62 1.00 0.81 0.86 1.00 1.00 0.52 0.60 0.84 1.00 0.76 0.82 1.00 1.00 1.00 1.00 1.00 1.00 0.28 0.37 0.65 1.00 0.22 0.31 0.60 1.00 0.71 0.78 1.00 1.00 0.88 0.92 1.00 1.00 0.22 0.31 0.60 1.00 0.22 0.31 0.60 1.00 0.60 0.67 0.91 1.00 0.26 0.35 0.64 1.00 0.25 0.34 0.62 1.00 0.28 0.37 0.65 1.00 0.88 0.92 1.00 1.00 0.81 0.86 1.00 1.00 0.81 0.86 1.00 1.00 0.22 0.31 0.60 1.00 0.31 0.44 0.80 1.00 0.05 0.15 0.48 1.00 0.31 0.44 0.81 1.00 0.05 0.16 0.48 1.00 0.15 0.24 0.54 1.00 0.41 0.68 1.00 1.00 0.15 0.25 0.54 1.00 0.22 0.35 0.74 1.00 0.02 0.24 0.93 1.00 0.04 0.29 1.00 1.00 0.05 0.18 0.60 1.00 0.06 0.19 0.63 1.00 0.04 0.17 0.56 1.00 0.04 0.11 0.34 1.00 0.05 0.18 0.58 1.00 0.04 0.11 0.34 1.00 0.06 0.19 0.63 1.00 0.05 0.18 0.60 1.00 0.01 0.19 0.76 1.00 0.04 0.17 0.56 1.00 0.04 0.22 0.87 1.00 0.05 0.18 0.58 1.00 0.04 0.29 1.00 1.00 0.02 0.24 0.93 1.00 0.00 0.13 0.55 1.00 0.16 0.31 0.85 1.00 0.18 0.34 0.90 1.00 0.01 0.19 0.76 1.00 0.01 0.13 0.56 1.00 0.04 0.22 0.87 1.00 0.29 0.46 0.95 1.00 0.00 0.15 0.60 1.00 0.42 0.65 1.00 1.00 0.98 1.00 1.00 1.00 0.23 0.34 0.68 1.00 0.65 0.81 1.00 1.00 0.29 0.42 0.78 1.00 1.00 1.00 1.00 1.00 0.19 0.29 0.61 1.00 0.98 1.00 1.00 1.00 0.23 0.34 0.68 1.00 0.75 0.93 1.00 1.00 0.27 0.40 0.75 1.00 1.00 1.00 1.00 1.00 0.19 0.29 0.61 1.00 0.75 0.93 1.00 1.00 0.65 0.81 1.00 1.00 0.27 0.40 0.75 1.00 0.29 0.42 0.78 1.00 0.05 0.12 0.36 1.00 0.00 0.05 0.25 1.00 0.00 0.00 0.00 1.00 0.00 0.00 0.00 1.00 0.00 0.05 0.25 1.00 0.00 0.05 0.25 1.00 0.00 0.00 0.00 1.00 0.00 0.00 0.00 1.00 0.00 0.05 0.25 1.00 0.00 0.05 0.25 1.00 0.00 0.00 0.00 1.00 0.00 0.00 0.00 1.00 0.03 0.10 0.33 1.00 0.00 0.05 0.25 1.00 0.00 0.00 0.00 1.00 0.00 0.00 0.00 1.00 0.00 0.06 0.26 1.00 0.00 0.05 0.25 1.00 0.07 0.15 0.40 1.00 0.05 0.15 0.50 1.00 0.08 0.16 0.42 1.00 0.00 0.05 0.25 1.00 0.14 0.23 0.53 1.00 0.04 0.11 0.34 1.00 0.00 0.06 0.26 1.00 0.00 0.05 0.25 1.00 0.00 0.00 0.00 1.00 0.00 0.00 0.00 1.00 0.00 0.05 0.25 1.00 0.02 0.08 0.29 1.00 0.00 0.00 0.00 1.00 0.00 0.00 0.00 1.00 0.31 0.47 0.94 1.00 0.10 0.19 0.46 1.00 0.42 0.53 0.87 1.00 0.10 0.19 0.45 1.00 0.15 0.25 0.55 1.00 0.14 0.23 0.53 1.00 0.42 0.69 1.00 1.00 0.24 0.36 0.75 1.00 0.08 0.16 0.42 1.00 0.01 0.07 0.29 1.00 0.00 0.05 0.25 1.00 0.00 0.05 0.25 1.00 0.00 0.05 0.25 1.00 0.00 0.05 0.25 1.00 0.00 0.06 0.29 1.00 0.07 0.15 0.40 1.00 0.00 0.07 0.27 1.00 0.00 0.05 0.25 1.00 0.00 0.00 0.00 1.00 0.00 0.00 0.00 1.00 0.01 0.07 0.29 1.00 0.00 0.00 0.00 1.00 0.00 0.00 0.00 1.00 0.15 0.28 0.69 1.00 0.31 0.47 0.94 1.00 0.05 0.12 0.36 1.00 0.00 0.06 0.29 1.00 0.00 0.05 0.25 1.00 0.15 0.28 0.69 1.00 0.00 0.00 0.00 1.00 0.00 0.00 0.00 1.00 0.42 0.62 1.00 1.00 0.45 0.70 1.00 1.00 0.00 0.13 0.51 1.00 0.31 0.47 0.96 1.00 0.00 0.08 0.32 1.00 0.10 0.19 0.45 1.00 0.11 0.21 0.53 1.00 0.42 0.53 0.87 1.00 0.44 0.55 0.91 1.00 0.10 0.19 0.46 1.00 0.11 0.21 0.53 1.00 0.10 0.19 0.45 1.00 0.11 0.21 0.53 1.00 0.23 0.38 0.84 1.00 0.11 0.21 0.53 1.00 0.31 0.47 0.94 1.00 0.10 0.19 0.46 1.00 0.22 0.35 0.74 1.00 0.11 0.21 0.49 1.00 0.15 0.25 0.54 1.00 0.08 0.16 0.42 1.00 0.28 0.34 0.58 1.00 0.13 0.22 0.51 1.00 0.03 0.10 0.33 1.00 0.00 0.05 0.25 1.00 0.00 0.07 0.27 1.00 0.00 0.00 0.00 1.00 0.00 0.00 0.00 1.00 0.00 0.05 0.25 1.00 0.28 0.34 0.58 1.00 0.03 0.10 0.33 1.00 0.07 0.15 0.41 1.00 0.00 0.06 0.26 1.00 0.09 0.18 0.45 1.00 0.02 0.08 0.29 1.00 0.03 0.10 0.33 1.00 0.04 0.11 0.34 1.00 0.00 0.05 0.25 1.00 0.00 0.00 0.00 1.00 0.00 0.00 0.00 1.00 0.05 0.15 0.50 1.00 0.00 0.05 0.25 1.00 0.08 0.16 0.42 1.00 0.00 0.00 0.00 1.00 0.00 0.00 0.00 1.00 0.00 0.06 0.26 1.00 0.18 0.29 0.60 1.00 0.00 0.08 0.30 1.00 0.29 0.46 0.95 1.00 0.00 0.15 0.60 1.00 0.21 0.32 0.67 1.00 0.00 0.09 0.39 1.00 0.44 0.55 0.91 1.00 0.42 0.53 0.87 1.00 0.11 0.20 0.47 1.00 0.07 0.15 0.40 1.00 0.21 0.32 0.67 1.00 0.00 0.09 0.39 1.00 0.21 0.32 0.64 1.00 0.02 0.10 0.36 1.00 0.31 0.44 0.80 1.00 0.05 0.15 0.48 1.00 0.31 0.44 0.81 1.00 0.05 0.16 0.48 1.00 0.21 0.32 0.65 1.00 0.02 0.10 0.37 1.00 0.21 0.32 0.65 1.00 0.02 0.10 0.37 1.00 0.11 0.21 0.49 1.00 0.07 0.15 0.41 1.00 0.11 0.21 0.49 1.00 0.07 0.15 0.40 1.00 0.21 0.32 0.64 1.00 0.02 0.10 0.36 1.00 0.13 0.22 0.51 1.00 0.14 0.24 0.54 1.00 0.13 0.25 0.58 1.00 0.13 0.25 0.59 1.00 0.45 0.51 0.70 1.00 0.16 0.31 0.85 1.00 0.18 0.34 0.90 1.00 0.17 0.27 0.58 1.00 0.52 0.80 1.00 1.00 0.17 0.27 0.58 1.00 0.52 0.80 1.00 1.00 0.90 1.00 1.00 1.00 1.00 1.00 1.00 1.00 0.67 0.77 1.00 1.00 0.90 1.00 1.00 1.00 0.11 0.21 0.60 1.00 0.90 1.00 1.00 1.00 0.08 0.16 0.45 1.00 0.90 1.00 1.00 1.00 0.11 0.21 0.60 1.00 0.28 0.38 0.92 1.00 0.44 0.95 1.00 1.00 0.42 0.57 0.85 1.00 0.41 0.91 0.93 1.00 0.11 0.21 0.60 1.00 0.09 0.18 0.50 1.00 0.36 0.74 0.83 1.00 0.90 1.00 1.00 1.00 0.11 0.17 0.58 1.00 0.35 0.72 0.80 1.00 0.09 0.18 0.50 1.00 0.36 0.74 0.83 1.00 0.09 0.18 0.50 1.00 0.35 0.72 0.80 1.00 0.09 0.26 0.52 1.00 0.37 0.80 0.84 1.00 0.12 0.27 0.58 1.00 0.37 0.81 0.84 1.00 0.08 0.15 0.43 1.00 0.35 0.74 0.81 1.00 0.08 0.15 0.46 1.00 0.35 0.69 0.78 1.00 1.00 1.00 1.00 1.00 0.28 0.45 0.93 1.00 0.12 0.23 0.64 1.00 1.00 1.00 1.00 1.00 0.11 0.21 0.60 1.00 1.00 1.00 1.00 1.00 0.74 1.00 1.00 1.00 1.00 1.00 1.00 1.00 1.00 1.00 1.00 1.00 0.12 0.27 0.58 1.00 0.37 0.81 0.84 1.00 0.09 0.15 0.52 1.00 0.35 0.69 0.78 1.00 0.18 0.27 0.76 1.00 0.09 0.18 0.52 1.00 1.00 1.00 1.00 1.00 0.53 0.69 0.98 1.00 1.00 1.00 1.00 1.00 0.27 0.48 1.00 1.00 0.53 0.69 0.98 1.00 0.09 0.18 0.50 1.00 1.00 1.00 1.00 1.00 0.36 0.52 0.99 1.00 0.11 0.22 0.62 1.00 1.00 1.00 1.00 1.00 0.11 0.21 0.60 1.00 1.00 1.00 1.00 1.00 0.33 0.50 1.00 1.00 1.00 1.00 1.00 1.00 0.67 0.77 1.00 1.00 0.20 0.27 0.75 1.00 0.40 0.82 0.92 1.00 0.09 0.18 0.50 1.00 0.36 0.74 0.83 1.00 0.67 0.77 1.00 1.00 0.38 0.53 0.82 1.00 0.44 0.93 0.95 1.00 1.00 1.00 1.00 1.00 0.20 0.35 0.81 1.00 0.38 0.86 0.87 1.00 0.38 0.53 0.82 1.00 0.44 0.93 0.95 1.00 0.09 0.18 0.50 1.00 0.35 0.72 0.80 1.00 1.00 1.00 1.00 1.00 0.13 0.25 0.69 1.00 0.55 0.66 1.00 1.00 1.00 1.00 1.00 1.00 0.83 0.91 1.00 1.00 1.00 1.00 1.00 1.00 0.29 0.45 1.00 1.00 1.00 1.00 1.00 1.00 0.11 0.21 0.60 1.00 0.11 0.16 0.58 1.00 0.39 0.77 0.89 1.00 0.20 0.31 0.61 1.00 0.38 0.82 0.87 1.00 0.11 0.21 0.60 1.00 0.09 0.18 0.50 1.00 0.36 0.74 0.83 1.00 1.00 1.00 1.00 1.00 0.17 0.31 0.76 1.00 0.35 0.71 0.80 1.00 0.09 0.18 0.50 1.00 0.36 0.74 0.83 1.00 0.42 0.57 0.85 1.00 0.39 0.88 0.87 1.00 0.15 0.28 0.69 1.00 0.31 0.47 0.94 1.00 0.76 0.83 1.00 1.00 0.42 0.53 0.87 1.00 0.75 0.93 1.00 1.00 1.00 1.00 1.00 1.00 0.78 0.84 1.00 1.00 1.00 1.00 1.00 1.00 0.65 0.81 1.00 1.00 0.56 0.64 0.87 1.00 0.67 0.71 0.82 1.00 0.03 0.10 0.33 1.00 0.28 0.34 0.58 1.00 0.62 0.69 0.92 1.00 0.78 0.84 1.00 1.00 0.75 0.93 1.00 1.00 0.05 0.15 0.50 1.00 0.66 0.70 0.81 1.00 0.07 0.15 0.40 1.00 0.02 0.10 0.36 1.00 1.00 1.00 1.00 1.00 0.98 1.00 1.00 1.00 1.00 1.00 1.00 1.00 1.00 1.00 1.00 1.00 0.05 0.16 0.48 1.00 0.90 0.93 1.00 1.00 0.02 0.10 0.37 1.00 0.67 0.71 0.82 1.00 1.00 1.00 1.00 1.00 1.00 1.00 1.00 1.00 0.91 0.93 1.00 1.00 0.68 0.87 1.00 1.00 0.21 0.34 0.73 1.00 0.08 0.16 0.42 1.00 0.13 0.23 0.56 1.00 0.15 0.25 0.55 1.00 0.14 0.23 0.53 1.00 0.68 0.87 1.00 1.00 0.93 0.95 1.00 1.00 0.21 0.34 0.73 1.00 0.08 0.16 0.42 1.00 1.00 1.00 1.00 1.00 1.00 1.00 1.00 1.00 0.68 0.87 1.00 1.00 0.93 0.95 1.00 1.00 0.02 0.10 0.36 1.00 0.66 0.70 0.81 1.00 0.05 0.15 0.48 1.00 0.33 0.46 0.84 1.00 0.90 0.93 1.00 1.00 0.33 0.46 0.84 1.00 0.98 1.00 1.00 1.00 1.00 1.00 1.00 1.00 1.00 1.00 1.00 1.00 1.00 1.00 1.00 1.00 1.00 1.00 1.00 1.00 1.00 1.00 1.00 1.00 0.15 0.28 0.69 1.00 1.00 1.00 1.00 1.00 0.00 0.06 0.29 1.00 0.91 0.93 1.00 1.00 0.15 0.24 0.54 1.00 0.15 0.25 0.54 1.00 0.14 0.23 0.53 1.00 0.21 0.34 0.73 1.00 0.13 0.23 0.56 1.00 0.00 0.05 0.25 1.00 0.14 0.23 0.53 1.00 0.08 0.16 0.42 1.00 0.15 0.25 0.54 1.00 0.91 0.93 1.00 1.00 0.68 0.87 1.00 1.00 0.14 0.23 0.53 1.00 0.21 0.34 0.73 1.00 0.00 0.06 0.29 1.00 0.91 0.93 1.00 1.00 0.00 0.05 0.25 1.00 0.14 0.23 0.53 1.00 0.76 0.83 1.00 1.00 1.00 1.00 1.00 1.00 0.28 0.34 0.58 1.00 0.78 0.84 1.00 1.00 0.00 0.05 0.25 1.00 1.00 1.00 1.00 1.00 0.00 0.09 0.39 1.00 1.00 1.00 1.00 1.00 0.42 0.53 0.87 1.00 0.76 0.83 1.00 1.00 0.00 0.05 0.25 1.00 1.00 1.00 1.00 1.00 0.07 0.15 0.40 1.00 0.00 0.09 0.39 1.00 1.00 1.00 1.00 1.00 0.78 0.84 1.00 1.00 1.00 1.00 1.00 1.00 0.08 0.16 0.42 1.00 0.05 0.15 0.50 1.00 0.66 0.70 0.81 1.00 0.05 0.15 0.48 1.00 0.33 0.46 0.84 1.00 0.05 0.16 0.48 1.00 0.90 0.93 1.00 1.00 0.33 0.46 0.84 1.00 0.66 0.70 0.81 1.00 1.00 1.00 1.00 1.00 0.93 0.95 1.00 1.00 0.67 0.71 0.82 1.00 0.90 0.93 1.00 1.00 0.65 0.81 1.00 1.00 0.98 1.00 1.00 1.00 0.02 0.10 0.37 1.00 0.67 0.71 0.82 1.00 0.07 0.15 0.41 1.00 0.03 0.10 0.33 1.00 0.00 0.08 0.32 1.00 0.00 0.13 0.51 1.00 0.62 0.69 0.92 1.00 0.03 0.10 0.33 1.00 0.13 0.22 0.51 1.00 0.09 0.18 0.45 1.00 0.62 0.69 0.92 1.00 0.56 0.64 0.87 1.00 0.00 0.15 0.60 1.00 0.62 0.69 0.92 1.00 0.00 0.13 0.51 1.00 0.13 0.22 0.51 1.00 0.28 0.34 0.58 1.00 0.00 0.08 0.30 1.00 0.56 0.64 0.87 1.00 0.56 0.64 0.87 1.00 0.00 0.08 0.30 1.00 0.17 0.27 0.58 1.00 0.17 0.27 0.58 1.00 </float_array>
                    <technique_common>
                        <accessor source="#geom-016B1635-colors-array" count="1193" stride="4">
                            <param name="R" type="float" />
                            <param name="G" type="float" />
                            <param name="B" type="float" />
                            <param name="A" type="float" />
                        </accessor>
                    </technique_common>
                </source>
                <vertices id="geom-016B1635-vtx">
                    <input semantic="POSITION" source="#geom-016B1635-pos" />
                </vertices>
                <triangles count="147" material="material-00BADCA4-symbol">
                    <input semantic="VERTEX" source="#geom-016B1635-vtx" offset="0" />
                    <input semantic="TEXCOORD" source="#geom-016B1635-texcoord" offset="0" />
                    <input semantic="COLOR" source="#geom-016B1635-colors" offset="0" />
                    <p>0 1 2 2 5 0 5 7 0 6 7 5 6 8 7 9 8 6 6 11 9 10 9 11 10 11 12 10 12 41 13 41 12 15 41 13 13 14 15 15 14 16 3 2 1 3 1 4 3 4 39 39 4 40 17 18 19 19 18 20 21 22 23 22 24 23 22 25 24 22 30 25 28 30 22 27 30 28 27 28 29 28 31 29 24 25 26 25 32 26 25 30 32 32 30 42 27 42 30 33 34 35 55 34 33 54 34 55 54 37 34 56 37 54 34 37 36 35 34 36 36 37 38 43 44 45 45 44 46 46 44 57 57 44 52 44 51 52 52 51 53 47 48 49 49 48 50 </p>
                </triangles>
            </mesh>
        </geometry>
        <geometry id="geom-00C3C7E2" name="geom-00C3C7E2">
            <mesh>
                <source id="geom-00C3C7E2-pos">
                    <float_array id="geom-00C3C7E2-pos-array" count="3429">3492.00 -240.00 -840.00 3492.00 -240.00 -882.00 3472.00 -240.00 -840.00 3472.00 -240.00 -889.01 3437.00 -240.00 -900.00 3472.00 -240.00 -960.00 3472.00 -240.00 -720.00 3472.00 -240.00 -790.99 3437.00 -240.00 -780.00 3492.00 -240.00 -798.00 3332.00 -240.00 -960.00 3402.00 -240.00 -960.00 3402.00 -240.00 -840.00 3332.00 -240.00 -780.00 3402.00 -240.00 -720.00 3332.00 -240.00 -720.00 3332.00 -240.00 -900.00 3332.00 -240.00 -840.00 2612.00 -560.00 -1200.00 2492.00 -560.00 -1200.00 2612.00 -560.00 -1080.00 2492.00 -560.00 -1080.00 2492.00 -560.00 -960.00 2612.00 -560.00 -960.00 3332.00 -560.00 -720.00 3212.00 -560.00 -720.00 3332.00 -560.00 -600.00 3212.00 -560.00 -600.00 3212.00 -560.00 -480.00 3332.00 -560.00 -480.00 2492.00 -560.00 -480.00 2612.00 -560.00 -480.00 2492.00 -560.00 -600.00 2612.00 -560.00 -600.00 2375.78 -250.00 -810.00 2375.78 -250.00 -840.00 2352.00 -250.00 -810.00 2352.00 -250.00 -840.00 2402.00 -250.00 -840.00 2402.00 -250.00 -810.00 2492.00 -250.00 -840.00 2492.00 -250.00 -810.00 2402.00 -240.00 -780.00 2492.00 -250.00 -780.00 2372.00 -240.00 -795.00 2372.00 -235.00 -780.00 2402.00 -250.00 -870.00 2492.00 -250.00 -870.00 2402.00 -240.00 -900.00 2492.00 -250.00 -900.00 2831.00 -120.00 -1440.00 2912.00 -120.00 -1440.00 2843.00 -120.00 -1536.00 2903.00 -120.00 -1566.00 2968.00 -120.00 -1539.00 2994.00 -120.00 -1440.00 2972.00 -120.00 -1320.00 2912.00 -120.00 -1320.00 2852.00 -120.00 -1320.00 2732.00 -420.00 -720.00 2852.00 -420.00 -720.00 2732.00 -420.00 -840.00 2852.00 -420.00 -840.00 3332.00 -560.00 -1200.00 3212.00 -560.00 -1200.00 3212.00 -560.00 -1080.00 3092.00 -560.00 -1080.00 3092.00 -560.00 -1200.00 2972.00 -560.00 -1200.00 2972.00 -560.00 -1080.00 3332.00 -560.00 -1080.00 2375.78 -250.00 -870.00 2372.00 -239.49 -885.76 2352.00 -250.00 -870.00 2372.00 -235.00 -900.00 2372.00 -190.00 -780.00 2432.00 -190.00 -780.00 2402.00 -240.00 -780.00 2492.00 -250.00 -780.00 2492.00 -190.00 -780.00 2492.00 -75.53 -792.06 2492.00 -130.00 -775.44 2432.00 -88.00 -798.00 2432.00 -130.00 -780.00 2432.00 -70.00 -840.00 2492.00 -75.53 -887.94 2432.00 -70.00 -840.00 2432.00 -88.00 -882.00 2492.00 -130.00 -904.56 2432.00 -130.00 -900.00 2492.00 -130.00 -904.56 2432.00 -130.00 -900.00 2492.00 -190.00 -900.00 2432.00 -190.00 -900.00 2492.00 -250.00 -960.00 2492.00 -190.00 -900.00 2492.00 -250.00 -900.00 2492.00 -8.21 -964.28 2564.57 121.23 -840.00 2492.00 -38.50 -840.00 2492.00 5.18 -697.87 2551.38 140.00 -705.17 2492.00 100.00 -580.00 2564.57 121.23 -840.00 2492.00 5.18 -697.87 2492.00 -38.50 -840.00 2492.00 5.18 -697.87 2492.00 2.22 -560.46 2492.00 -130.00 -637.92 2492.00 -130.00 -480.00 2492.00 -190.00 -780.00 2492.00 -249.01 -720.00 2492.00 -250.00 -780.00 3212.00 -320.00 -480.00 3212.00 -233.23 -480.00 3332.00 -320.00 -480.00 3332.00 -231.80 -480.00 3222.00 -2.89 -480.00 3291.76 14.42 -480.00 3212.00 -105.78 -480.00 3332.00 -109.79 -480.00 2492.00 -248.02 -631.34 2492.00 -246.03 -480.00 2492.00 -320.00 -600.00 2492.00 -320.00 -480.00 3332.00 -235.90 -600.00 3332.00 -240.00 -720.00 3332.00 -320.00 -600.00 3332.00 -320.00 -720.00 3332.00 100.00 -596.04 3332.00 5.46 -598.02 3332.00 11.93 -518.10 3332.00 100.00 -1100.00 3332.00 -11.56 -1075.87 3332.00 100.00 -989.00 3330.00 -11.93 -985.94 3332.00 -126.22 -1080.00 3332.00 -88.41 -1141.25 3332.00 -122.45 -1200.00 3332.00 -122.45 -1200.00 3212.00 -121.63 -1200.00 3332.00 -240.00 -1200.00 3212.00 -242.57 -1200.00 2972.00 -247.72 -1200.00 3092.00 -245.15 -1200.00 2972.00 -158.86 -1200.00 3092.00 -120.82 -1200.00 2612.00 -250.00 -1200.00 2612.00 -130.44 -1200.00 2492.00 -250.00 -1200.00 2492.00 -113.81 -1200.00 2972.00 -247.72 -1200.00 2972.00 -185.00 -1320.00 2972.00 -270.91 -1320.00 2972.00 -270.91 -1320.00 2972.00 -185.00 -1320.00 2852.00 -270.91 -1320.00 2852.00 -182.69 -1320.00 2852.00 -250.00 -1200.00 2852.00 -182.69 -1320.00 2852.00 -145.59 -1200.00 2852.00 -145.59 -1200.00 2852.00 -120.00 -1320.00 2852.00 -19.55 -1200.00 2841.60 -38.41 -1320.00 2492.00 -113.81 -1200.00 2612.00 -130.44 -1200.00 2571.89 -75.53 -1200.00 2852.00 -19.55 -1200.00 2807.00 64.80 -1200.00 2732.00 13.28 -1200.00 2841.60 -38.41 -1320.00 2852.00 8.27 -1280.63 2852.00 -19.55 -1200.00 2972.00 -32.80 -1200.00 2972.00 -158.86 -1200.00 3024.58 -16.00 -1200.00 2972.00 -120.00 -1320.00 2972.00 -32.80 -1200.00 2972.00 -43.88 -1320.00 3332.00 -320.00 -1200.00 3332.00 -440.00 -1200.00 3332.00 -320.00 -1080.00 3332.00 -440.00 -1080.00 3332.00 -440.00 -1200.00 3212.00 -440.00 -1200.00 3332.00 -560.00 -1200.00 3212.00 -560.00 -1200.00 2492.00 -440.00 -1080.00 2492.00 -320.00 -1050.73 2492.00 -440.00 -960.00 2492.00 -320.00 -960.00 2492.00 -320.00 -1200.00 2492.00 -440.00 -1200.00 2612.00 -320.00 -1200.00 2612.00 -440.00 -1200.00 3332.00 -440.00 -600.00 3332.00 -320.00 -480.00 3332.00 -440.00 -480.00 3212.00 -440.00 -480.00 3332.00 -440.00 -480.00 3212.00 -560.00 -480.00 3332.00 -560.00 -480.00 2612.00 -320.00 -480.00 2612.00 -440.00 -480.00 2492.00 -320.00 -480.00 2492.00 -440.00 -480.00 2492.00 -440.00 -600.00 2492.00 -440.00 -480.00 3332.00 -560.00 -1080.00 3332.00 -560.00 -1200.00 3332.00 -320.00 -1200.00 3212.00 -320.00 -1200.00 2492.00 -250.00 -960.00 2492.00 -320.00 -900.00 2492.00 -250.00 -900.00 2492.00 -250.00 -1200.00 2612.00 -250.00 -1200.00 3092.00 -245.15 -1200.00 2972.00 -247.72 -1200.00 3092.00 -320.00 -1200.00 2972.00 -320.00 -1200.00 3332.00 -240.00 -1080.00 3332.00 -240.00 -1200.00 2432.00 -130.00 -780.00 2372.00 -130.00 -780.00 2402.00 -240.00 -900.00 2372.00 -190.00 -900.00 2372.00 -235.00 -900.00 3332.00 -240.00 -1200.00 3212.00 -242.57 -1200.00 3212.00 -242.57 -1200.00 3092.00 -245.15 -1200.00 3212.00 -320.00 -1200.00 3092.00 -320.00 -1200.00 3092.00 -245.15 -1200.00 3212.00 -242.57 -1200.00 3092.00 -120.82 -1200.00 3212.00 -121.63 -1200.00 3092.00 -440.00 -1200.00 2972.00 -440.00 -1200.00 3092.00 -560.00 -1200.00 2972.00 -560.00 -1200.00 3212.00 -440.00 -1200.00 3092.00 -440.00 -1200.00 3212.00 -560.00 -1200.00 3092.00 -560.00 -1200.00 3332.00 -126.22 -1080.00 3332.00 -240.00 -1080.00 3332.00 -130.00 -960.00 3332.00 -240.00 -960.00 2492.00 -440.00 -1200.00 2492.00 -560.00 -1200.00 2492.00 -560.00 -1080.00 2492.00 -320.00 -1200.00 2492.00 -250.00 -1200.00 2492.00 -250.00 -1050.73 2492.00 -113.81 -1200.00 2492.00 -125.94 -1042.44 2492.00 -250.00 -1200.00 2492.00 -250.00 -1050.73 2612.00 -111.89 -480.00 2612.00 -243.90 -480.00 2492.00 -130.00 -480.00 2492.00 -246.03 -480.00 3092.00 -101.78 -480.00 3092.00 -234.66 -480.00 2972.00 -103.25 -480.00 2972.00 -237.51 -480.00 3332.00 -102.10 -600.00 3332.00 -235.90 -600.00 3332.00 -109.79 -480.00 3332.00 -231.80 -480.00 2612.00 -560.00 -1200.00 2492.00 -560.00 -1200.00 2492.00 -560.00 -960.00 2492.00 -560.00 -480.00 2612.00 -560.00 -480.00 2492.00 -560.00 -600.00 2492.00 -560.00 -480.00 3332.00 -560.00 -600.00 3332.00 -560.00 -720.00 3332.00 -440.00 -720.00 3332.00 -240.00 -720.00 3332.00 -235.90 -600.00 3332.00 -114.59 -720.00 3332.00 -102.10 -600.00 3332.00 -560.00 -480.00 3332.00 -231.80 -480.00 2492.00 -130.00 -637.92 2492.00 -130.00 -480.00 2492.00 -248.02 -631.34 2492.00 -246.03 -480.00 2492.00 -320.00 -631.34 2732.00 -130.22 -1200.00 2732.00 -250.00 -1200.00 2852.00 -145.59 -1200.00 2852.00 -250.00 -1200.00 2612.00 -250.00 -1200.00 2732.00 -250.00 -1200.00 2612.00 -130.44 -1200.00 2732.00 -130.22 -1200.00 2492.00 -250.00 -900.00 2372.00 -235.00 -780.00 2492.00 -38.50 -840.00 2492.00 -75.53 -887.94 2492.00 -8.21 -964.28 2372.00 -88.00 -798.00 2372.00 -130.00 -780.00 2492.00 -130.00 -775.44 2372.00 -70.00 -840.00 2372.00 -88.00 -882.00 2372.00 -70.00 -840.00 2372.00 -130.00 -900.00 2372.00 -130.00 -900.00 2492.00 -125.94 -1042.44 2492.00 -130.00 -637.92 2492.00 -248.02 -631.34 2492.00 -8.21 -964.28 2492.00 -125.94 -1042.44 2492.00 -17.52 -1087.56 2551.38 117.12 -943.74 2551.38 117.12 -943.74 2492.00 -8.21 -964.28 2492.00 100.00 -1051.18 2492.00 -17.52 -1087.56 2492.00 -125.94 -1042.44 2492.00 -130.00 -904.56 2492.00 -78.69 -1124.38 2492.00 -113.81 -1200.00 2612.00 -130.44 -1200.00 2732.00 -130.22 -1200.00 2612.00 -3.39 -1200.00 2732.00 13.28 -1200.00 2732.00 13.28 -1200.00 2732.00 -130.22 -1200.00 2852.00 -19.55 -1200.00 2852.00 -145.59 -1200.00 2612.00 -3.39 -1200.00 2492.00 -250.00 -1050.73 2492.00 -130.00 -904.56 2492.00 -130.00 -775.44 2841.20 0.19 -1368.78 2852.00 46.00 -1320.00 2841.60 -38.41 -1320.00 2492.00 5.18 -697.87 2492.00 -75.53 -792.06 2492.00 -38.50 -840.00 2551.38 140.00 -705.17 2492.00 -130.00 -775.44 2492.00 -130.00 -637.92 2492.00 -38.50 -840.00 2492.00 2.22 -560.46 3094.66 37.17 -1200.00 3092.00 -120.82 -1200.00 3220.39 20.00 -1200.00 3212.00 -121.63 -1200.00 3220.39 20.00 -1200.00 3212.00 -121.63 -1200.00 3258.30 -66.36 -1200.00 2831.00 -25.00 -1440.00 3092.00 -120.82 -1200.00 3094.66 37.17 -1200.00 3332.00 -122.45 -1200.00 3332.00 -64.00 -996.00 3332.00 -11.56 -1075.87 3332.00 -126.22 -1080.00 3332.00 100.00 -1100.00 3332.00 -11.22 -1113.35 3332.00 -11.56 -1075.87 3332.00 -130.00 -960.00 3330.00 -11.93 -985.94 3332.00 -11.22 -1113.35 3332.00 -11.56 -1075.87 3332.00 18.00 -696.00 3332.00 5.46 -598.02 3332.00 100.00 -676.66 3332.00 100.00 -596.04 3332.00 11.93 -518.10 3332.00 -102.10 -600.00 3332.00 -109.79 -480.00 3332.00 -114.59 -720.00 3332.00 -102.10 -600.00 3332.00 -57.17 -691.20 3332.00 5.46 -598.02 3332.00 5.46 -598.02 3332.00 18.00 -696.00 3332.00 -240.00 -1080.00 3332.00 -126.22 -1080.00 3332.00 -240.00 -1200.00 3332.00 -122.45 -1200.00 3212.00 -233.23 -480.00 3092.00 -234.66 -480.00 3212.00 -105.78 -480.00 3092.00 -101.78 -480.00 2612.00 -243.90 -480.00 2492.00 -246.03 -480.00 2852.00 -103.25 -480.00 2852.00 -239.64 -480.00 2732.00 -103.25 -480.00 2732.00 -241.77 -480.00 2732.00 -103.25 -480.00 2732.00 -241.77 -480.00 2612.00 -111.89 -480.00 2612.00 -243.90 -480.00 2851.82 18.38 -480.00 2733.08 15.30 -480.00 2851.64 80.58 -480.00 2734.16 133.84 -480.00 2972.00 -103.25 -480.00 2972.00 -237.51 -480.00 2852.00 -103.25 -480.00 2852.00 -239.64 -480.00 3332.00 -231.80 -480.00 3212.00 -233.23 -480.00 3332.00 -109.79 -480.00 3212.00 -105.78 -480.00 3222.00 -2.89 -480.00 3098.98 12.33 -480.00 3232.00 100.00 -480.00 3105.96 126.44 -480.00 2972.00 -103.25 -480.00 2975.00 18.38 -480.00 3092.00 -101.78 -480.00 3098.98 12.33 -480.00 2851.82 18.38 -480.00 2851.64 80.58 -480.00 2975.00 18.38 -480.00 2978.00 140.00 -480.00 2734.16 133.84 -480.00 2733.08 15.30 -480.00 2603.13 100.00 -480.00 2607.56 -5.94 -480.00 2603.13 100.00 -480.00 2607.56 -5.94 -480.00 2564.06 -15.00 -480.00 3098.98 12.33 -480.00 2975.00 18.38 -480.00 3105.96 126.44 -480.00 2978.00 140.00 -480.00 2852.00 -103.25 -480.00 2851.82 18.38 -480.00 2972.00 -103.25 -480.00 2975.00 18.38 -480.00 3098.98 12.33 -480.00 3222.00 -2.89 -480.00 3092.00 -101.78 -480.00 3212.00 -105.78 -480.00 2851.82 18.38 -480.00 2852.00 -103.25 -480.00 2733.08 15.30 -480.00 2732.00 -103.25 -480.00 2733.08 15.30 -480.00 2732.00 -103.25 -480.00 2607.56 -5.94 -480.00 2612.00 -111.89 -480.00 3291.76 14.42 -480.00 3222.00 -2.89 -480.00 3232.00 100.00 -480.00 2607.56 -5.94 -480.00 2612.00 -111.89 -480.00 2564.06 -15.00 -480.00 2492.00 -130.00 -480.00 2852.00 -270.91 -1320.00 2852.00 -182.69 -1320.00 2972.00 -185.00 -1320.00 2972.00 -158.86 -1200.00 2972.00 -158.86 -1200.00 2972.00 -43.88 -1320.00 2972.00 -32.80 -1200.00 2972.00 60.00 -1320.00 2983.00 -4.01 -1366.69 2972.00 -43.88 -1320.00 2972.00 60.00 -1320.00 2994.00 -37.00 -1440.00 2852.00 46.00 -1320.00 2972.00 60.00 -1320.00 2938.00 12.00 -1410.00 2983.00 -4.01 -1366.69 3332.00 -57.17 -691.20 3320.09 -57.52 -720.80 3332.00 -114.59 -720.00 3349.30 -73.11 -739.08 3402.00 -150.00 -720.00 3396.10 -60.00 -720.00 3332.00 18.00 -696.00 3304.38 -1.58 -717.80 3296.00 6.00 -777.00 3352.00 -32.00 -775.00 3408.00 0.00 -780.00 3397.00 0.00 -836.00 3330.00 -8.00 -843.00 3299.00 15.00 -847.00 3233.06 116.60 -840.00 3271.29 101.01 -724.62 3332.00 -130.00 -960.00 3318.00 -80.00 -952.00 3332.00 -64.00 -996.00 3352.00 -80.00 -936.00 3381.00 -156.00 -960.00 3396.50 -60.00 -960.00 3318.00 -15.00 -937.00 3330.00 -11.93 -985.94 3296.00 6.00 -910.00 3352.00 -33.00 -902.00 3406.00 0.00 -900.00 3235.63 106.10 -924.40 3275.09 95.31 -958.55 3332.00 100.00 -989.00 2871.00 14.00 -1408.00 2903.00 -20.00 -1568.00 2994.00 -37.00 -1440.00 2968.00 -21.00 -1539.00 2843.00 -19.00 -1539.00 2831.00 -25.00 -1440.00 2542.83 -23.69 -532.10 2568.12 70.38 -557.41 2564.06 -15.00 -480.00 2603.13 100.00 -480.00 2492.00 2.22 -560.46 2492.00 100.00 -580.00 3232.00 100.00 -480.00 3249.35 78.00 -528.53 3291.76 14.42 -480.00 3294.56 4.72 -500.19 3332.00 100.00 -596.04 3332.00 11.93 -518.10 3246.12 -34.74 -1132.59 3226.28 47.31 -1059.44 3178.19 28.49 -1116.31 3220.39 20.00 -1200.00 3258.30 -66.36 -1200.00 2614.98 37.43 -1090.85 2492.00 100.00 -1051.18 2492.00 -17.52 -1087.56 2852.00 46.00 -1320.00 2841.20 0.19 -1368.78 2912.00 60.00 -1240.00 2912.00 60.00 -1135.94 2868.78 81.84 -1145.47 2895.18 20.73 -1233.24 2852.00 -19.55 -1200.00 2852.00 8.27 -1280.63 2972.00 -32.80 -1200.00 2945.66 36.62 -1141.91 3008.24 25.15 -1130.44 3024.58 -16.00 -1200.00 3084.38 80.46 -1145.93 3094.66 37.17 -1200.00 3015.12 101.62 -1100.91 2934.78 103.71 -1085.91 2841.66 50.98 -1132.18 2807.00 64.80 -1200.00 2860.00 193.00 -1102.00 2775.83 190.21 -1052.87 2612.00 -3.39 -1200.00 2732.00 13.28 -1200.00 2711.82 64.74 -1075.83 2563.04 -51.62 -1130.73 2705.58 130.27 -609.80 2734.16 133.84 -480.00 2615.84 140.57 -700.32 2742.00 220.00 -780.00 2861.90 229.64 -640.16 2874.00 220.00 -824.00 2551.38 140.00 -705.17 2564.57 121.23 -840.00 2649.36 160.00 -840.00 2649.39 112.96 -1016.40 2551.38 117.12 -943.74 2657.34 165.13 -942.64 2782.00 220.00 -922.00 2900.00 220.00 -987.00 2947.46 171.07 -1073.98 3019.00 178.00 -1108.00 3010.87 209.07 -1010.96 3004.34 215.04 -885.19 3124.52 138.77 -1003.76 3140.79 137.67 -557.18 3207.96 169.71 -656.26 3028.82 222.87 -621.72 2966.00 220.00 -793.00 3128.01 207.76 -746.95 2978.00 140.00 -480.00 2851.64 80.58 -480.00 2909.55 139.60 -544.62 2826.32 129.88 -555.47 3332.00 100.00 -1100.00 3240.70 110.38 -984.78 3120.92 178.81 -869.50 2492.00 -78.69 -1124.38 2492.00 -113.81 -1200.00 2571.89 -75.53 -1200.00 3332.00 -122.45 -1200.00 3332.00 -88.41 -1141.25 3332.00 -11.22 -1113.35 3289.29 74.35 -1061.57 3332.00 -11.22 -1113.35 3332.00 100.00 -676.66 3105.96 126.44 -480.00 3332.00 -109.79 -480.00 2492.00 -130.00 -480.00 2912.00 60.00 -1240.00 3332.00 -130.00 -960.00 3332.00 -240.00 -960.00 3402.00 -240.00 -960.00 3332.00 -60.00 -960.00 3402.00 -60.00 -960.00 3332.00 0.00 -900.00 3402.00 0.00 -900.00 3332.00 -60.00 -720.00 3402.00 -60.00 -720.00 3332.00 -114.59 -720.00 3402.00 -240.00 -720.00 3332.00 -60.00 -960.00 3402.00 -60.00 -960.00 3332.00 -240.00 -720.00 2974.81 -300.16 -681.30 2993.73 -302.36 -663.12 2993.55 -281.92 -671.87 2983.87 -284.82 -698.45 2985.84 -284.76 -683.76 3002.00 -277.00 -690.00 2990.00 -302.00 -717.48 3015.61 -301.38 -719.28 2993.33 -320.00 -720.00 3013.33 -320.00 -720.00 3028.98 -297.76 -703.46 3028.10 -299.06 -679.30 3032.85 -320.00 -700.00 2974.92 -300.00 -702.42 2973.33 -320.00 -700.00 2974.81 -300.16 -681.30 2973.33 -320.00 -680.33 3011.70 -298.81 -661.82 3013.33 -320.00 -660.00 2993.33 -320.00 -660.00 3018.71 -282.02 -696.38 3019.73 -278.98 -682.17 2993.55 -281.92 -671.87 3008.83 -279.49 -673.52 3028.98 -297.76 -703.46 3010.45 -281.92 -708.13 3018.71 -282.02 -696.38 2996.40 -281.92 -706.02 3010.45 -281.92 -708.13 2990.00 -302.00 -717.48 2983.87 -284.82 -698.45 3008.83 -279.49 -673.52 3011.70 -298.81 -661.82 2973.33 -320.00 -680.33 2985.84 -284.76 -683.76 3013.33 -320.00 -660.00 3032.85 -320.00 -680.00 2993.33 -320.00 -720.00 3019.73 -278.98 -682.17 3018.71 -282.02 -696.38 3008.83 -279.49 -673.52 2985.84 -284.76 -683.76 2996.40 -281.92 -706.02 2996.40 -281.92 -706.02 3032.85 -320.00 -700.00 2813.30 -300.16 -597.19 2792.62 -302.11 -578.66 2802.68 -284.49 -577.68 2829.65 -285.15 -586.07 2812.57 -285.35 -592.70 2822.00 -277.00 -570.00 2849.48 -302.00 -582.00 2851.28 -301.38 -556.39 2852.00 -320.00 -578.67 2852.00 -320.00 -558.67 2835.46 -297.76 -543.02 2811.13 -298.07 -541.04 2832.00 -320.00 -539.15 2834.42 -300.00 -597.08 2832.00 -320.00 -598.67 2813.30 -300.16 -597.19 2812.33 -320.00 -598.67 2793.82 -298.81 -560.30 2792.00 -320.00 -558.67 2792.00 -320.00 -578.67 2828.38 -282.02 -553.29 2816.02 -280.32 -556.67 2802.68 -284.49 -577.68 2803.99 -282.45 -565.27 2835.46 -297.76 -543.02 2838.19 -281.87 -563.13 2828.38 -282.02 -553.29 2840.18 -281.92 -576.16 2838.19 -281.87 -563.13 2849.48 -302.00 -582.00 2829.65 -285.15 -586.07 2803.99 -282.45 -565.27 2793.82 -298.81 -560.30 2812.33 -320.00 -598.67 2812.57 -285.35 -592.70 2792.00 -320.00 -558.67 2812.00 -320.00 -539.15 2852.00 -320.00 -578.67 2816.02 -280.32 -556.67 2828.38 -282.02 -553.29 2803.99 -282.45 -565.27 2812.57 -285.35 -592.70 2840.18 -281.92 -576.16 2840.18 -281.92 -576.16 2832.00 -320.00 -539.15 2972.00 -237.51 -480.00 2972.00 -320.00 -480.00 2852.00 -239.64 -480.00 2852.00 -320.00 -480.00 3332.00 -320.00 -900.00 3332.00 -240.00 -900.00 3332.00 -320.00 -960.00 3332.00 -240.00 -960.00 2994.00 -120.00 -1440.00 2994.00 -37.00 -1440.00 2968.00 -120.00 -1539.00 2968.00 -21.00 -1539.00 2843.00 -120.00 -1536.00 2903.00 -120.00 -1566.00 2843.00 -19.00 -1539.00 2903.00 -20.00 -1568.00 2968.00 -21.00 -1539.00 2968.00 -120.00 -1539.00 2831.00 -120.00 -1440.00 2843.00 -120.00 -1536.00 2831.00 -25.00 -1440.00 2843.00 -19.00 -1539.00 2994.00 -37.00 -1440.00 2994.00 -120.00 -1440.00 2972.00 -43.88 -1320.00 2972.00 -120.00 -1320.00 2852.00 -120.00 -1320.00 2831.00 -120.00 -1440.00 2841.60 -38.41 -1320.00 2831.00 -25.00 -1440.00 2492.00 -250.00 -780.00 2492.00 -320.00 -780.00 2492.00 -250.00 -810.00 2852.00 -320.00 -720.00 2852.00 -420.00 -720.00 2732.00 -320.00 -720.00 2732.00 -420.00 -720.00 2852.00 -320.00 -840.00 2852.00 -420.00 -840.00 2852.00 -320.00 -720.00 2852.00 -420.00 -720.00 2732.00 -320.00 -840.00 2732.00 -420.00 -840.00 2852.00 -320.00 -840.00 2852.00 -420.00 -840.00 2732.00 -320.00 -840.00 2732.00 -320.00 -720.00 2732.00 -420.00 -840.00 2732.00 -420.00 -720.00 2972.00 -440.00 -1200.00 2972.00 -440.00 -1080.00 2972.00 -560.00 -1200.00 2972.00 -560.00 -1080.00 2972.00 -440.00 -1080.00 3092.00 -440.00 -1080.00 2972.00 -560.00 -1080.00 3092.00 -560.00 -1080.00 2612.00 -440.00 -960.00 2612.00 -440.00 -1080.00 2612.00 -560.00 -960.00 2612.00 -560.00 -1080.00 2492.00 -440.00 -960.00 2612.00 -440.00 -960.00 2492.00 -560.00 -960.00 2612.00 -560.00 -960.00 3212.00 -440.00 -480.00 3212.00 -440.00 -600.00 3212.00 -320.00 -480.00 3212.00 -320.00 -600.00 3212.00 -320.00 -720.00 3212.00 -440.00 -720.00 3332.00 -320.00 -720.00 3332.00 -440.00 -720.00 2612.00 -440.00 -480.00 2612.00 -440.00 -600.00 2612.00 -560.00 -480.00 2612.00 -560.00 -600.00 2612.00 -440.00 -600.00 2492.00 -440.00 -600.00 2612.00 -560.00 -600.00 2492.00 -560.00 -600.00 2972.00 -320.00 -1200.00 2972.00 -320.00 -1320.00 2852.00 -320.00 -1200.00 2852.00 -320.00 -1320.00 3332.00 -320.00 -780.00 3332.00 -320.00 -720.00 3332.00 -240.00 -780.00 3332.00 -240.00 -720.00 3332.00 -320.00 -1080.00 3332.00 -440.00 -1080.00 3212.00 -320.00 -1080.00 3212.00 -440.00 -1080.00 3212.00 -320.00 -1080.00 3212.00 -440.00 -1080.00 3092.00 -320.00 -1080.00 2612.00 -320.00 -1200.00 2612.00 -440.00 -1200.00 2612.00 -320.00 -1080.00 3212.00 -560.00 -720.00 3212.00 -560.00 -600.00 3332.00 -440.00 -1080.00 3212.00 -560.00 -1080.00 3332.00 -560.00 -1080.00 2972.00 -320.00 -1080.00 2972.00 -320.00 -1200.00 2972.00 -440.00 -1200.00 3092.00 -320.00 -1080.00 3092.00 -440.00 -1080.00 2972.00 -320.00 -1080.00 3092.00 -560.00 -1080.00 3212.00 -560.00 -1080.00 2492.00 -250.00 -870.00 2492.00 -250.00 -840.00 2492.00 -320.00 -840.00 2492.00 -250.00 -900.00 2492.00 -320.00 -900.00 2852.00 -320.00 -1320.00 2852.00 -270.91 -1320.00 2852.00 -320.00 -1200.00 2852.00 -250.00 -1200.00 2972.00 -320.00 -1320.00 2972.00 -270.91 -1320.00 2852.00 -320.00 -1320.00 2852.00 -270.91 -1320.00 2972.00 -247.72 -1200.00 2972.00 -270.91 -1320.00 2972.00 -320.00 -1200.00 2972.00 -320.00 -1320.00 3332.00 -240.00 -960.00 3332.00 -240.00 -1080.00 3332.00 -320.00 -960.00 3332.00 -320.00 -1080.00 2612.00 -320.00 -960.00 2492.00 -320.00 -960.00 2492.00 -440.00 -960.00 2612.00 -440.00 -1080.00 2612.00 -440.00 -1200.00 2612.00 -560.00 -1080.00 2612.00 -560.00 -1200.00 2612.00 -320.00 -1080.00 2612.00 -320.00 -960.00 2612.00 -320.00 -600.00 2612.00 -320.00 -480.00 2612.00 -440.00 -480.00 2492.00 -320.00 -600.00 2492.00 -440.00 -600.00 2612.00 -320.00 -600.00 3332.00 -440.00 -720.00 3212.00 -440.00 -720.00 3332.00 -560.00 -720.00 3212.00 -560.00 -720.00 3212.00 -320.00 -600.00 3212.00 -440.00 -600.00 3212.00 -320.00 -720.00 3212.00 -560.00 -480.00 3212.00 -560.00 -600.00 3212.00 -440.00 -480.00 2492.00 -249.01 -720.00 2492.00 -320.00 -720.00 2492.00 -250.00 -780.00 2492.00 -320.00 -780.00 2732.00 -250.00 -1200.00 2732.00 -320.00 -1200.00 2852.00 -250.00 -1200.00 2852.00 -320.00 -1200.00 2612.00 -250.00 -1200.00 2612.00 -320.00 -1200.00 2732.00 -250.00 -1200.00 2732.00 -320.00 -1200.00 3092.00 -234.66 -480.00 3092.00 -320.00 -480.00 2972.00 -237.51 -480.00 2972.00 -320.00 -480.00 2852.00 -239.64 -480.00 2852.00 -320.00 -480.00 2732.00 -241.77 -480.00 2732.00 -320.00 -480.00 2732.00 -241.77 -480.00 2732.00 -320.00 -480.00 2612.00 -243.90 -480.00 2612.00 -320.00 -480.00 3212.00 -233.23 -480.00 3212.00 -320.00 -480.00 3092.00 -234.66 -480.00 3092.00 -320.00 -480.00 2492.00 -320.00 -631.34 2492.00 -248.02 -631.34 2852.00 -182.69 -1320.00 2972.00 -185.00 -1320.00 2912.00 -120.00 -1320.00 2972.00 -120.00 -1320.00 2852.00 -120.00 -1320.00 3332.00 -320.00 -840.00 3332.00 -240.00 -840.00 3332.00 -320.00 -840.00 3332.00 -240.00 -840.00 2742.49 57.51 -781.93 2749.56 106.37 -791.72 2753.74 106.37 -776.50 2742.49 57.51 -781.93 2741.03 106.37 -768.86 2742.49 57.51 -781.93 2730.60 106.37 -777.20 2742.49 57.51 -781.93 2736.80 76.50 -789.14 2755.85 148.68 -801.30 2763.82 234.67 -809.11 2762.40 148.68 -772.59 2773.22 234.67 -769.43 2736.80 76.50 -789.14 2732.93 176.28 -796.21 2729.38 234.67 -802.64 2742.49 57.51 -781.93 2722.00 148.68 -774.39 2711.60 234.67 -774.60 2732.93 176.28 -796.21 2729.38 234.67 -802.64 2742.23 148.68 -760.30 2740.86 234.67 -749.61 2940.50 166.43 -788.16 2934.64 225.48 -786.83 2950.98 166.43 -819.74 2948.37 233.47 -824.50 2965.10 166.43 -767.14 2964.26 230.98 -761.50 2992.32 166.43 -783.81 2997.36 241.11 -781.48 2966.49 20.92 -794.93 2971.77 70.39 -801.96 2974.94 70.39 -790.42 2966.49 20.92 -794.93 2965.31 70.39 -784.63 2966.49 20.92 -794.93 2957.40 70.39 -790.94 2966.49 20.92 -794.93 2960.80 70.39 -802.14 2950.98 166.43 -819.74 2948.37 233.47 -824.50 2984.41 166.43 -817.17 2989.62 245.34 -821.62 2976.37 115.50 -809.08 2981.25 115.50 -787.68 2960.80 70.39 -802.14 2956.93 115.50 -809.21 2966.49 20.92 -794.93 2951.14 115.50 -789.02 2956.93 115.50 -809.21 2966.22 115.50 -778.52 2993.49 64.27 -754.93 2998.77 136.53 -761.96 3001.94 136.53 -750.42 2993.49 64.27 -754.93 2992.31 136.53 -744.63 2993.49 64.27 -754.93 2984.40 136.53 -750.94 2993.49 64.27 -754.93 2987.80 136.53 -762.14 3005.03 185.81 -771.56 3017.09 243.73 -784.66 3010.70 185.81 -746.67 3027.50 243.73 -740.77 2987.80 136.53 -762.14 2982.42 185.81 -771.71 2973.10 243.73 -788.04 2993.49 64.27 -754.93 2975.69 185.81 -748.23 2959.32 243.73 -746.49 2982.42 185.81 -771.71 2973.10 243.73 -788.04 2993.22 185.81 -736.02 2991.69 243.73 -718.84 2900.49 45.15 -988.93 2910.04 124.14 -1002.50 2915.64 124.14 -982.16 2900.49 45.15 -988.93 2898.64 124.14 -971.94 2900.49 45.15 -988.93 2884.70 124.14 -983.08 2900.49 45.15 -988.93 2890.70 124.14 -1002.83 2920.25 177.13 -1017.85 2927.71 241.39 -1023.44 2929.86 177.13 -975.68 2939.71 241.39 -972.83 2890.70 124.14 -1002.83 2881.93 177.13 -1018.10 2877.00 241.39 -1027.33 2900.49 45.15 -988.93 2870.53 177.13 -978.32 2861.11 241.39 -979.43 2881.93 177.13 -1018.10 2877.00 241.39 -1027.33 2900.24 177.13 -957.62 2898.43 241.39 -947.55 2972.00 -320.00 -1080.00 2972.00 -320.00 -1200.00 2852.00 -320.00 -1080.00 2852.00 -320.00 -1200.00 2732.00 -320.00 -840.00 2852.00 -320.00 -840.00 2732.00 -320.00 -960.00 2852.00 -320.00 -960.00 2732.00 -320.00 -720.00 2612.00 -320.00 -720.00 2732.00 -320.00 -600.00 2612.00 -320.00 -600.00 2612.00 -320.00 -960.00 2612.00 -320.00 -840.00 2732.00 -320.00 -960.00 2732.00 -320.00 -840.00 3212.00 -320.00 -600.00 3092.00 -320.00 -600.00 3212.00 -320.00 -480.00 3092.00 -320.00 -480.00 2852.00 -320.00 -840.00 2852.00 -320.00 -720.00 2972.00 -320.00 -840.00 2972.00 -320.00 -720.00 2852.00 -320.00 -480.00 2852.00 -320.00 -600.00 2732.00 -320.00 -480.00 2732.00 -320.00 -600.00 2972.00 -320.00 -960.00 2972.00 -320.00 -840.00 3092.00 -320.00 -960.00 3092.00 -320.00 -840.00 3212.00 -320.00 -840.00 3212.00 -320.00 -720.00 3272.00 -320.00 -840.00 3332.00 -320.00 -780.00 3332.00 -320.00 -720.00 3092.00 -320.00 -840.00 3092.00 -320.00 -720.00 3212.00 -320.00 -840.00 3212.00 -320.00 -720.00 2972.00 -320.00 -840.00 2972.00 -320.00 -720.00 3092.00 -320.00 -840.00 3092.00 -320.00 -720.00 3092.00 -320.00 -480.00 3092.00 -320.00 -600.00 2972.00 -320.00 -480.00 2972.00 -320.00 -600.00 2852.00 -320.00 -600.00 2972.00 -320.00 -600.00 2852.00 -320.00 -720.00 2972.00 -320.00 -720.00 2972.00 -320.00 -960.00 2852.00 -320.00 -960.00 2972.00 -320.00 -840.00 2852.00 -320.00 -840.00 2972.00 -320.00 -1080.00 2972.00 -320.00 -960.00 3092.00 -320.00 -1080.00 3092.00 -320.00 -960.00 3332.00 -320.00 -900.00 3332.00 -320.00 -960.00 3212.00 -320.00 -960.00 3212.00 -320.00 -840.00 3272.00 -320.00 -840.00 3212.00 -320.00 -1080.00 3212.00 -320.00 -960.00 3332.00 -320.00 -1080.00 3332.00 -320.00 -960.00 3092.00 -320.00 -960.00 3092.00 -320.00 -840.00 3212.00 -320.00 -960.00 3212.00 -320.00 -840.00 3092.00 -320.00 -1080.00 3092.00 -320.00 -960.00 3212.00 -320.00 -1080.00 3212.00 -320.00 -960.00 2852.00 -320.00 -1080.00 2972.00 -320.00 -960.00 2612.00 -320.00 -960.00 2732.00 -320.00 -960.00 2612.00 -320.00 -1080.00 2732.00 -320.00 -1080.00 2732.00 -320.00 -1200.00 2732.00 -320.00 -1080.00 2852.00 -320.00 -1200.00 2852.00 -320.00 -1080.00 2612.00 -320.00 -1080.00 2732.00 -320.00 -1080.00 2612.00 -320.00 -1200.00 2732.00 -320.00 -1200.00 2732.00 -320.00 -1080.00 2732.00 -320.00 -960.00 2852.00 -320.00 -960.00 3212.00 -320.00 -720.00 3212.00 -320.00 -600.00 3092.00 -320.00 -600.00 2972.00 -320.00 -480.00 2972.00 -320.00 -600.00 2852.00 -320.00 -480.00 2852.00 -320.00 -600.00 2972.00 -320.00 -600.00 3092.00 -320.00 -600.00 2972.00 -320.00 -720.00 3092.00 -320.00 -720.00 2732.00 -320.00 -600.00 2852.00 -320.00 -600.00 2732.00 -320.00 -720.00 2852.00 -320.00 -720.00 2732.00 -320.00 -480.00 2732.00 -320.00 -600.00 2612.00 -320.00 -480.00 2612.00 -320.00 -600.00 2492.00 -320.00 -900.00 2492.00 -320.00 -840.00 2612.00 -320.00 -840.00 2612.00 -320.00 -600.00 2492.00 -320.00 -631.34 2492.00 -320.00 -600.00 2612.00 -320.00 -840.00 2612.00 -320.00 -720.00 2492.00 -320.00 -780.00 2612.00 -320.00 -840.00 2492.00 -320.00 -840.00 2492.00 -320.00 -960.00 2612.00 -320.00 -960.00 2492.00 -320.00 -720.00 2612.00 -320.00 -720.00 2612.00 -320.00 -720.00 2492.00 -320.00 -720.00 3332.00 -320.00 -840.00 3332.00 -320.00 -840.00 2352.00 -250.00 -870.00 2352.00 -250.00 -810.00 2352.00 -734.81 -1468.01 2352.00 -734.81 -211.99 2352.00 -150.00 -810.00 2352.00 331.24 -211.99 2352.00 -150.00 -870.00 2352.00 331.24 -1468.01 </float_array>
                    <technique_common>
                        <accessor source="#geom-00C3C7E2-pos-array" count="1143" stride="3">
                            <param name="X" type="float" />
                            <param name="Y" type="float" />
                            <param name="Z" type="float" />
                        </accessor>
                    </technique_common>
                </source>
                <source id="geom-00C3C7E2-texcoord">
                    <float_array id="geom-00C3C7E2-texcoord-array" count="2286">1.00 0.99 0.66 0.99 1.00 0.88 0.59 0.88 0.50 0.66 0.01 0.88 1.99 0.88 1.41 0.88 1.50 0.66 1.34 0.99 0.01 0.01 0.01 0.44 1.00 0.44 1.50 0.01 1.99 0.44 1.99 0.01 0.50 0.01 1.00 0.01 0.14 0.29 0.07 0.29 0.14 0.22 0.07 0.22 0.07 0.15 0.14 0.15 0.14 0.29 0.07 0.29 0.14 0.22 0.07 0.22 0.07 0.15 0.14 0.15 0.14 0.15 0.14 0.22 0.07 0.15 0.07 0.22 1.78 -0.45 1.78 -0.40 1.74 -0.45 1.74 -0.40 1.83 -0.40 1.83 -0.45 1.99 -0.40 1.99 -0.45 1.83 -0.51 1.99 -0.51 1.78 -0.48 1.78 -0.51 1.83 -0.34 1.99 -0.34 1.83 -0.29 1.99 -0.29 0.24 -0.01 0.43 -0.01 0.27 0.22 0.41 0.29 0.57 0.23 0.62 -0.01 0.58 -0.29 0.43 -0.29 0.29 -0.29 0.00 0.15 0.14 0.15 0.00 0.29 0.14 0.29 0.00 0.29 0.00 0.22 0.07 0.22 0.07 0.14 0.00 0.14 0.00 0.07 0.07 0.07 0.07 0.29 1.78 -0.34 1.78 -0.32 1.74 -0.34 1.78 -0.29 1.99 0.50 1.50 0.50 1.75 0.01 1.01 0.01 1.01 0.50 0.01 1.50 0.01 1.01 0.50 1.50 0.50 1.01 0.50 1.99 1.99 1.50 1.50 1.99 1.50 1.50 1.99 1.01 1.50 1.01 1.99 0.99 1.50 0.99 1.99 0.50 1.50 0.50 1.37 1.01 1.01 1.50 1.01 1.01 0.99 1.01 0.01 1.99 0.01 1.01 1.99 1.01 1.99 1.99 1.01 1.99 1.99 1.99 1.01 1.01 1.99 1.01 0.99 1.99 0.01 1.99 0.99 1.01 0.01 1.01 1.99 1.50 1.62 1.01 1.99 1.01 0.99 1.50 0.99 1.99 0.01 1.50 0.01 1.99 1.99 1.99 1.37 1.99 1.99 1.01 1.01 1.01 1.00 1.99 0.01 1.99 0.75 1.50 0.01 1.50 1.00 1.99 0.01 1.99 1.00 1.50 0.01 1.50 0.01 1.99 0.01 1.01 0.62 1.01 0.01 1.99 0.01 1.01 0.99 1.99 0.75 1.01 1.99 1.01 1.37 1.37 1.01 1.01 1.99 1.99 1.01 1.99 1.99 1.01 1.01 1.01 1.01 1.01 1.99 1.01 1.01 1.99 1.99 1.99 1.99 1.01 1.99 1.99 1.01 1.01 1.01 1.99 0.99 1.01 0.01 1.99 0.01 1.01 0.99 1.01 0.99 1.49 0.01 1.01 0.01 1.49 1.01 1.01 1.99 1.99 1.01 1.99 1.01 1.01 1.99 1.50 1.01 1.99 1.99 1.99 1.01 1.01 1.99 1.01 1.62 1.37 0.99 1.01 0.63 1.57 0.01 1.01 1.99 1.01 1.67 1.48 1.01 1.01 1.01 1.50 1.01 1.01 1.37 1.62 1.01 1.50 1.99 1.99 1.01 1.99 0.01 1.50 0.01 0.75 0.99 1.50 0.99 0.75 1.99 0.75 1.01 0.75 1.99 0.01 1.01 0.01 1.25 0.75 1.00 1.52 0.38 0.75 0.38 1.50 0.01 1.50 0.01 0.75 0.99 1.50 0.99 0.75 1.00 0.75 1.99 1.50 1.99 0.75 0.99 0.75 0.01 0.75 0.99 0.01 0.01 0.01 1.01 1.50 1.01 0.75 1.99 1.50 1.99 0.75 0.75 0.75 0.01 0.75 0.99 0.01 0.01 0.01 1.99 1.50 1.01 1.50 0.38 1.99 0.01 1.50 0.01 1.99 0.01 1.99 0.99 1.99 1.99 1.99 1.01 1.99 1.99 1.50 1.01 1.50 0.99 1.99 0.01 1.99 1.50 0.99 1.99 0.99 1.25 0.13 1.01 0.50 1.01 0.13 1.99 1.99 1.01 1.99 0.99 1.99 0.01 1.99 0.99 1.50 0.01 1.50 1.01 1.01 1.99 1.01 1.01 1.99 1.99 1.99 1.99 0.75 1.01 0.75 1.99 0.01 1.01 0.01 0.99 0.75 0.01 0.75 0.99 0.01 0.01 0.01 1.01 1.99 1.01 1.01 1.99 1.99 1.99 1.01 1.99 0.75 1.99 0.01 1.25 0.01 1.99 1.50 1.99 1.99 1.00 1.99 0.99 1.99 0.01 1.99 0.99 1.01 0.01 1.01 1.01 1.99 1.01 1.01 1.99 1.99 1.99 1.01 0.01 1.99 0.01 1.01 0.99 1.99 0.99 1.01 1.01 1.99 1.01 1.01 1.99 1.99 1.99 1.01 0.99 0.01 0.01 0.01 0.38 0.01 1.99 0.01 1.01 0.01 0.75 0.01 0.01 0.01 1.00 0.01 0.01 0.01 0.01 0.75 0.01 1.01 0.99 1.01 0.01 1.99 0.99 1.99 1.99 0.01 1.99 1.99 0.99 1.99 0.01 1.99 0.99 1.01 0.01 1.01 1.00 1.50 0.01 1.99 0.01 1.01 0.99 1.99 0.99 1.01 1.01 1.01 1.99 1.01 1.01 1.99 1.99 1.99 1.99 0.01 1.99 0.01 0.01 1.99 0.01 1.50 0.99 1.99 0.99 1.50 0.99 1.01 1.01 0.99 0.99 1.99 1.01 1.50 1.01 1.99 1.01 1.01 1.01 0.99 1.99 1.99 1.01 1.99 1.01 1.01 1.01 1.99 1.01 1.01 1.75 1.99 0.99 1.99 1.01 1.99 1.01 1.01 1.75 1.99 1.75 1.01 0.99 1.01 0.01 1.01 1.75 1.37 1.99 1.01 0.01 1.01 0.99 1.01 0.01 1.99 0.99 1.99 1.01 1.99 1.01 1.01 1.99 1.99 1.99 1.01 1.99 1.99 1.99 1.01 1.01 1.99 1.99 1.99 1.37 1.50 1.01 1.99 1.01 1.01 0.01 1.99 0.99 1.50 0.99 1.99 1.01 1.99 0.99 1.01 0.01 1.01 1.99 1.99 1.01 1.01 0.01 1.99 0.01 1.01 0.99 1.99 0.99 1.01 1.01 1.99 1.01 1.01 1.37 1.37 1.99 1.01 1.99 1.01 1.99 1.99 1.99 1.01 1.75 1.50 1.01 1.99 1.01 1.01 0.99 1.99 0.62 1.01 0.99 1.01 1.99 1.01 1.75 1.99 1.62 1.99 1.99 1.99 0.25 1.01 0.99 1.01 0.25 1.99 0.99 1.99 1.62 1.99 1.01 1.01 1.99 1.01 1.01 1.01 1.99 1.01 1.25 1.37 1.01 1.99 1.99 1.99 1.25 1.99 1.99 1.01 1.99 1.99 1.01 1.01 1.01 1.99 1.01 1.01 1.99 1.01 1.01 1.99 1.99 1.99 1.01 1.99 1.99 1.99 0.01 1.99 0.01 1.01 0.99 1.99 0.99 1.01 1.01 1.99 1.01 1.01 1.99 1.99 1.99 1.01 1.01 1.01 1.99 1.01 1.01 1.50 1.99 1.99 1.01 1.99 1.01 1.01 1.99 1.99 1.99 1.01 0.01 1.01 0.99 1.01 0.01 1.99 0.99 1.99 1.01 1.01 1.99 1.01 1.01 1.99 1.99 1.99 1.99 1.01 1.99 1.99 1.01 1.01 1.01 1.99 1.99 1.01 1.99 1.50 1.01 1.01 1.01 1.99 0.01 1.99 0.01 1.01 0.99 1.99 0.99 1.01 0.01 1.99 0.01 1.01 0.50 1.01 0.01 1.01 0.99 1.01 0.01 1.99 0.99 1.99 0.99 1.01 0.99 1.99 0.01 1.01 0.01 1.99 0.99 1.99 0.01 1.99 0.99 1.01 0.01 1.01 1.01 1.99 1.01 1.01 1.99 1.99 1.99 1.01 0.01 1.99 0.01 1.01 0.99 1.99 0.99 1.01 0.38 1.01 0.99 1.01 0.99 1.99 1.01 1.99 1.01 1.01 1.50 1.99 1.99 1.01 1.99 1.01 1.99 1.01 1.01 1.01 1.99 1.01 0.99 1.99 1.01 1.01 1.99 1.01 1.01 1.99 1.62 1.37 1.99 1.01 1.99 1.99 1.01 1.01 1.99 1.99 0.22 -0.55 0.21 -0.26 0.10 -0.39 0.62 -1.77 0.62 -1.75 0.59 -1.77 0.59 -1.74 0.55 -1.80 0.54 -1.75 0.67 -1.75 0.65 -1.74 0.63 -1.70 0.60 -1.72 0.54 -1.72 0.57 -1.70 0.58 -1.68 0.60 -1.66 0.66 -1.59 0.71 -1.69 0.47 -1.66 0.49 -1.65 0.48 -1.64 0.50 -1.67 0.47 -1.68 0.50 -1.70 0.53 -1.63 0.49 -1.62 0.56 -1.64 0.54 -1.67 0.53 -1.71 0.60 -1.56 0.56 -1.57 0.52 -1.59 0.38 -0.21 0.16 0.18 0.00 -0.22 0.02 0.05 0.34 0.16 0.48 -0.06 1.48 -1.41 1.39 -1.39 1.47 -1.45 1.39 -1.47 1.48 -1.37 1.42 -1.32 0.92 -1.82 0.87 -1.81 0.87 -1.89 0.85 -1.89 0.77 -1.80 0.81 -1.89 0.33 -1.47 0.45 -1.47 0.40 -1.39 0.29 -1.38 0.26 -1.46 1.12 -0.83 1.28 -0.91 1.27 -0.77 0.53 -0.43 0.52 -0.25 0.47 -0.70 0.58 -0.97 0.67 -0.91 0.58 -0.67 0.72 -0.67 0.62 -0.52 0.25 -0.99 0.49 -1.00 0.43 -1.11 0.28 -1.12 0.45 -1.26 0.35 -1.25 0.54 -1.16 0.63 -1.07 0.74 -0.86 0.83 -0.79 0.78 -1.06 0.90 -1.04 1.08 -0.69 0.94 -0.73 1.00 -0.89 1.19 -0.71 1.24 -1.42 1.29 -1.54 1.26 -1.30 1.09 -1.30 1.07 -1.47 0.96 -1.34 1.31 -1.26 1.25 -1.15 1.16 -1.19 1.09 -0.98 1.22 -1.04 1.10 -1.09 0.98 -1.19 0.82 -1.21 0.69 -1.15 0.61 -1.22 0.70 -1.28 0.81 -1.37 0.60 -1.40 0.93 -1.71 0.82 -1.67 0.96 -1.58 0.90 -1.42 0.82 -1.56 1.09 -1.67 1.21 -1.62 1.11 -1.59 1.18 -1.54 0.43 -1.59 0.54 -1.52 0.73 -1.48 1.27 -0.69 1.25 -0.59 1.16 -0.63 0.22 -1.54 0.28 -1.55 0.35 -1.55 0.45 -1.54 0.35 -1.55 0.72 -1.75 1.00 -1.75 0.83 -1.99 1.56 -1.43 0.47 -0.70 0.01 0.00 0.01 -1.66 1.24 -1.64 0.00 -1.99 1.24 -1.99 0.00 -0.28 1.24 -0.28 0.01 0.97 1.24 0.97 0.01 0.00 1.24 -1.64 0.01 0.98 1.24 0.98 0.01 -1.66 1.01 1.25 1.25 1.25 1.25 1.49 1.25 1.51 1.49 1.51 1.25 1.75 1.49 1.25 1.25 1.25 1.49 1.01 1.25 1.01 1.49 1.25 1.25 1.25 1.49 1.01 1.25 1.25 1.25 1.01 1.49 1.25 1.49 1.01 1.49 1.25 1.49 1.01 1.25 1.01 1.01 1.99 1.25 1.99 1.49 1.75 1.49 1.99 1.01 1.25 1.25 1.49 1.01 1.49 1.01 1.51 1.01 1.75 1.01 1.25 1.25 1.49 1.01 1.49 1.01 1.25 1.01 1.01 1.49 1.49 1.01 1.01 1.25 1.01 1.01 1.01 1.25 1.49 1.49 1.49 1.49 1.49 1.01 1.49 1.01 1.49 1.49 1.49 1.01 1.01 1.01 1.25 1.25 1.25 1.25 1.49 1.25 1.51 1.49 1.51 1.25 1.75 1.49 1.25 1.25 1.25 1.49 1.01 1.25 1.01 1.49 1.25 1.25 1.25 1.49 1.01 1.25 1.25 1.25 1.01 1.49 1.25 1.49 1.01 1.49 1.25 1.49 1.01 1.25 1.01 1.01 1.99 1.25 1.99 1.49 1.75 1.49 1.99 1.01 1.25 1.25 1.49 1.01 1.49 1.01 1.51 1.01 1.75 1.01 1.25 1.25 1.49 1.01 1.49 1.01 1.25 1.01 1.01 1.49 1.49 1.01 1.01 1.25 1.01 1.01 1.01 1.25 1.49 1.49 1.49 1.49 1.49 1.01 1.49 1.01 1.49 1.49 1.49 1.01 1.01 1.01 0.49 1.01 0.01 1.99 0.49 1.99 0.01 1.50 0.51 1.50 0.99 1.01 0.51 1.01 0.99 1.99 0.01 1.99 0.49 1.01 0.01 1.01 0.49 1.01 0.01 1.50 0.01 1.01 0.49 1.50 0.49 1.99 0.49 1.99 0.01 1.01 0.01 1.99 0.01 1.01 0.49 1.99 0.49 1.01 0.49 1.01 0.01 1.99 0.49 1.99 0.01 1.01 0.01 1.99 0.01 1.01 0.49 1.99 0.49 1.01 0.99 1.01 0.51 1.25 0.99 0.01 0.99 0.01 0.01 0.99 0.99 0.99 0.01 0.01 0.99 0.01 0.01 0.99 0.99 0.99 0.01 0.01 0.99 0.01 0.01 0.99 0.99 0.99 0.01 0.99 0.99 0.01 0.99 0.99 0.01 0.01 0.01 0.01 0.01 0.99 0.01 0.01 0.99 0.99 0.99 0.01 0.01 0.99 0.01 0.01 0.99 0.99 0.99 0.01 0.01 0.99 0.01 0.01 0.99 0.99 0.99 0.01 0.01 0.99 0.01 0.01 0.99 0.99 0.99 0.01 0.01 0.99 0.01 0.01 0.99 0.99 0.99 0.01 0.99 0.01 0.01 0.99 0.99 0.99 0.01 0.01 0.01 0.99 0.01 0.01 0.99 0.99 0.99 0.01 0.01 0.99 0.01 0.01 0.99 0.99 0.99 0.99 1.01 0.99 1.99 0.01 1.01 0.01 1.99 1.50 0.51 1.99 0.51 1.50 0.99 1.99 0.99 0.01 0.99 0.01 0.01 0.99 0.99 0.99 0.01 0.01 0.99 0.01 0.01 0.99 0.99 0.01 0.99 0.01 0.01 0.99 0.99 0.01 0.99 0.99 0.99 0.99 0.01 0.01 0.99 0.99 0.99 0.01 0.99 0.99 0.99 0.99 0.01 0.01 0.99 0.01 0.01 0.99 0.99 0.01 0.99 0.99 0.99 1.75 0.99 1.50 0.99 1.50 0.51 1.99 0.99 1.99 0.51 1.99 0.01 1.99 0.49 1.01 0.01 1.01 0.49 1.99 0.01 1.99 0.49 1.01 0.01 1.01 0.49 1.99 0.49 1.01 0.49 1.99 0.01 1.01 0.01 1.99 0.49 1.01 0.49 1.99 0.01 1.01 0.01 0.01 0.99 0.99 0.99 0.99 0.01 0.01 0.01 0.99 0.01 0.01 0.99 0.99 0.99 0.01 0.99 0.99 0.99 0.01 0.99 0.99 0.99 0.99 0.01 0.01 0.99 0.01 0.01 0.99 0.99 0.01 0.01 0.99 0.01 0.01 0.99 0.99 0.99 0.01 0.99 0.01 0.01 0.99 0.99 0.99 0.99 0.01 0.99 0.99 0.01 1.63 0.49 1.63 0.01 1.99 0.49 1.99 0.01 1.01 0.49 1.01 0.01 1.99 0.49 1.99 0.01 1.01 0.49 1.01 0.01 1.99 0.49 1.99 0.01 1.01 0.49 1.01 0.01 1.99 0.49 1.99 0.01 1.01 0.49 1.01 0.01 1.99 0.49 1.99 0.01 1.01 0.49 1.01 0.01 1.99 0.49 1.99 0.01 1.01 0.49 1.01 0.01 1.99 0.49 1.99 0.01 1.01 0.01 1.01 0.49 1.01 0.51 1.99 0.51 1.50 0.99 1.99 0.99 1.01 0.99 1.01 0.51 1.01 0.99 1.99 0.51 1.99 0.99 1.84 1.01 1.89 1.25 1.80 1.25 1.75 1.01 1.69 1.25 1.64 1.01 1.59 1.25 1.55 1.03 1.51 1.25 1.89 1.51 1.89 1.76 1.80 1.51 1.80 1.76 1.99 1.25 1.99 1.51 1.99 1.76 1.95 1.01 1.59 1.51 1.59 1.76 1.51 1.51 1.51 1.76 1.69 1.51 1.69 1.76 1.59 1.76 1.59 1.98 1.51 1.76 1.51 1.98 1.69 1.76 1.69 1.98 1.80 1.76 1.80 1.99 1.84 1.01 1.89 1.25 1.80 1.25 1.75 1.01 1.69 1.25 1.64 1.01 1.59 1.25 1.55 1.03 1.51 1.25 1.99 1.76 1.99 1.98 1.89 1.76 1.89 1.99 1.89 1.51 1.80 1.51 1.99 1.25 1.99 1.51 1.95 1.01 1.59 1.51 1.51 1.51 1.69 1.51 1.84 1.01 1.89 1.25 1.80 1.25 1.75 1.01 1.69 1.25 1.64 1.01 1.59 1.25 1.55 1.03 1.51 1.25 1.89 1.51 1.89 1.76 1.80 1.51 1.80 1.76 1.99 1.25 1.99 1.51 1.99 1.76 1.95 1.01 1.59 1.51 1.59 1.76 1.51 1.51 1.51 1.76 1.69 1.51 1.69 1.76 1.84 1.01 1.89 1.25 1.80 1.25 1.75 1.01 1.69 1.25 1.64 1.01 1.59 1.25 1.55 1.03 1.51 1.25 1.89 1.51 1.89 1.76 1.80 1.51 1.80 1.76 1.99 1.25 1.99 1.51 1.99 1.76 1.95 1.01 1.59 1.51 1.59 1.76 1.51 1.51 1.51 1.76 1.69 1.51 1.69 1.76 0.99 0.99 0.01 0.99 0.99 0.01 0.01 0.01 0.99 1.99 0.01 1.99 0.99 1.01 0.01 1.01 0.99 0.99 0.01 0.99 0.99 0.01 0.01 0.01 0.99 0.99 0.01 0.99 0.99 0.01 0.01 0.01 1.01 1.99 1.01 1.01 1.99 1.99 1.99 1.01 0.99 1.99 0.01 1.99 0.99 1.01 0.01 1.01 1.99 0.99 1.01 0.99 1.99 0.01 1.01 0.01 0.99 1.99 0.01 1.99 0.99 1.01 0.01 1.01 1.01 0.99 1.01 0.01 1.50 0.99 1.99 0.50 1.99 0.01 0.99 1.99 0.01 1.99 0.99 1.01 0.01 1.01 0.99 0.99 0.01 0.99 0.99 0.01 0.01 0.01 1.99 0.99 1.01 0.99 1.99 0.01 1.01 0.01 0.99 0.99 0.01 0.99 0.99 0.01 0.01 0.01 0.99 0.99 0.01 0.99 0.99 0.01 0.01 0.01 0.99 1.99 0.01 1.99 0.99 1.01 0.01 1.01 1.99 1.50 1.99 1.99 1.01 1.99 1.01 1.01 1.50 1.01 1.01 1.99 1.01 1.01 1.99 1.99 1.99 1.01 0.99 0.99 0.01 0.99 0.99 0.01 0.01 0.01 0.99 1.99 0.01 1.99 0.99 1.01 0.01 1.01 0.01 1.99 0.99 1.01 0.99 1.99 0.01 1.99 0.99 1.01 0.01 1.01 1.99 1.99 1.01 1.99 1.99 1.01 1.01 1.01 1.01 1.99 1.01 1.01 1.99 1.99 1.99 1.01 0.99 0.99 0.01 0.99 0.01 0.01 0.99 1.99 0.99 1.01 0.01 1.01 1.99 1.99 1.01 1.99 1.99 1.01 1.01 1.01 0.99 1.99 0.01 1.99 0.99 1.01 0.01 1.01 0.99 1.99 0.01 1.99 0.99 1.01 0.01 1.01 1.99 1.99 1.01 1.99 1.99 1.01 1.01 1.01 1.99 1.50 1.99 1.99 1.01 1.99 1.01 1.99 1.99 1.75 1.99 1.99 0.01 1.99 0.01 1.01 1.99 0.50 1.01 0.01 1.99 0.01 1.99 1.01 1.01 1.01 1.99 0.99 1.01 0.99 1.01 1.01 1.99 1.01 1.99 0.99 1.99 1.01 1.04 0.92 0.95 0.92 1.99 0.15 0.00 0.15 0.95 1.08 0.00 1.84 1.04 1.08 1.99 1.84 </float_array>
                    <technique_common>
                        <accessor source="#geom-00C3C7E2-texcoord-array" count="1143" stride="2">
                            <param name="S" type="float" />
                            <param name="T" type="float" />
                        </accessor>
                    </technique_common>
                </source>
                <source id="geom-00C3C7E2-colors">
                    <float_array id="geom-00C3C7E2-colors-array" count="4540">0.08 0.06 0.15 1.00 0.08 0.06 0.15 1.00 0.05 0.22 0.76 1.00 0.12 0.31 0.93 1.00 0.06 0.25 0.85 1.00 0.08 0.17 0.43 1.00 0.09 0.17 0.43 1.00 0.12 0.32 0.94 1.00 0.06 0.25 0.85 1.00 0.08 0.06 0.15 1.00 0.22 0.35 0.74 1.00 0.09 0.27 0.85 1.00 0.14 0.47 1.00 1.00 0.42 0.69 1.00 1.00 0.08 0.25 0.83 1.00 0.24 0.36 0.75 1.00 0.41 0.68 1.00 1.00 0.52 0.80 1.00 1.00 0.00 0.00 0.00 1.00 0.00 0.00 0.00 1.00 0.00 0.00 0.00 1.00 0.00 0.00 0.00 1.00 0.00 0.00 0.00 1.00 0.00 0.00 0.00 1.00 0.00 0.00 0.00 1.00 0.00 0.00 0.00 1.00 0.00 0.00 0.00 1.00 0.00 0.00 0.00 1.00 0.00 0.00 0.00 1.00 0.00 0.00 0.00 1.00 0.00 0.00 0.00 1.00 0.00 0.00 0.00 1.00 0.00 0.00 0.00 1.00 0.00 0.00 0.00 1.00 0.14 0.33 0.97 1.00 0.05 0.21 0.72 1.00 0.08 0.06 0.15 1.00 0.08 0.06 0.15 1.00 0.10 0.31 1.00 1.00 0.09 0.33 1.00 1.00 0.45 0.70 1.00 1.00 0.42 0.65 1.00 1.00 0.09 0.28 0.93 1.00 0.29 0.46 0.95 1.00 0.21 0.43 1.00 1.00 0.22 0.43 1.00 1.00 0.09 0.32 1.00 1.00 0.42 0.62 1.00 1.00 0.09 0.30 0.95 1.00 0.31 0.47 0.96 1.00 0.01 0.19 0.76 1.00 0.00 0.45 1.00 1.00 0.04 0.17 0.56 1.00 0.04 0.11 0.34 1.00 0.05 0.18 0.60 1.00 0.02 0.24 0.93 1.00 0.16 0.31 0.85 1.00 0.45 0.51 0.70 1.00 0.18 0.34 0.90 1.00 0.29 0.42 0.78 1.00 0.23 0.34 0.68 1.00 0.27 0.40 0.75 1.00 0.19 0.29 0.61 1.00 0.00 0.00 0.00 1.00 0.00 0.00 0.00 1.00 0.00 0.00 0.00 1.00 0.00 0.00 0.00 1.00 0.00 0.00 0.00 1.00 0.00 0.00 0.00 1.00 0.00 0.00 0.00 1.00 0.00 0.00 0.00 1.00 0.14 0.34 0.97 1.00 0.20 0.42 1.00 1.00 0.08 0.06 0.15 1.00 0.22 0.43 1.00 1.00 0.20 0.44 1.00 1.00 0.04 0.42 1.00 1.00 0.09 0.28 0.93 1.00 0.29 0.46 0.95 1.00 0.27 0.41 0.84 1.00 0.34 0.51 1.00 1.00 0.36 0.56 1.00 1.00 0.04 0.25 0.93 1.00 0.05 0.32 1.00 1.00 0.09 0.32 1.00 1.00 0.35 0.51 1.00 1.00 0.09 0.32 1.00 1.00 0.06 0.27 0.96 1.00 0.38 0.58 1.00 1.00 0.08 0.35 1.00 1.00 0.38 0.58 1.00 1.00 0.08 0.35 1.00 1.00 0.30 0.45 0.91 1.00 0.09 0.45 1.00 1.00 0.17 0.27 0.58 1.00 0.30 0.45 0.91 1.00 0.31 0.47 0.96 1.00 0.20 0.31 0.64 1.00 0.04 0.13 0.51 1.00 0.32 0.47 0.90 1.00 0.39 0.49 0.78 1.00 0.00 0.07 0.35 1.00 0.00 0.04 0.23 1.00 0.04 0.13 0.51 1.00 0.39 0.49 0.78 1.00 0.32 0.47 0.90 1.00 0.39 0.49 0.78 1.00 0.00 0.05 0.28 1.00 0.49 0.58 0.83 1.00 0.00 0.04 0.22 1.00 0.27 0.41 0.84 1.00 0.18 0.29 0.60 1.00 0.29 0.46 0.95 1.00 0.07 0.15 0.40 1.00 0.11 0.21 0.49 1.00 0.04 0.07 0.17 1.00 0.05 0.09 0.20 1.00 0.13 0.22 0.50 1.00 0.00 0.04 0.25 1.00 0.34 0.42 0.66 1.00 0.00 0.04 0.22 1.00 0.14 0.24 0.54 1.00 0.05 0.09 0.20 1.00 0.09 0.18 0.45 1.00 0.04 0.07 0.17 1.00 0.13 0.22 0.51 1.00 0.24 0.36 0.75 1.00 0.10 0.19 0.46 1.00 0.14 0.23 0.53 1.00 0.00 0.05 0.25 1.00 0.14 0.24 0.53 1.00 0.00 0.04 0.24 1.00 0.00 0.03 0.19 1.00 0.13 0.23 0.52 1.00 0.00 0.04 0.19 1.00 0.00 0.07 0.40 1.00 0.14 0.23 0.53 1.00 0.00 0.04 0.23 1.00 0.00 0.04 0.18 1.00 0.00 0.04 0.18 1.00 0.13 0.22 0.51 1.00 0.04 0.08 0.18 1.00 0.11 0.19 0.47 1.00 0.23 0.38 0.84 1.00 0.22 0.34 0.71 1.00 0.48 0.70 1.00 1.00 0.29 0.42 0.83 1.00 0.11 0.20 0.47 1.00 0.13 0.22 0.52 1.00 0.04 0.09 0.26 1.00 0.00 0.04 0.18 1.00 0.23 0.38 0.84 1.00 0.13 0.25 0.59 1.00 0.11 0.21 0.53 1.00 0.11 0.21 0.53 1.00 0.13 0.25 0.59 1.00 0.11 0.21 0.53 1.00 0.13 0.25 0.58 1.00 0.44 0.55 0.91 1.00 0.13 0.25 0.58 1.00 0.33 0.51 1.00 1.00 0.33 0.51 1.00 1.00 0.18 0.34 0.90 1.00 0.32 0.47 0.93 1.00 0.01 0.13 0.56 1.00 0.00 0.04 0.18 1.00 0.13 0.22 0.52 1.00 0.00 0.04 0.24 1.00 0.32 0.47 0.93 1.00 0.01 0.07 0.34 1.00 0.02 0.09 0.42 1.00 0.01 0.13 0.56 1.00 0.00 0.05 0.25 1.00 0.32 0.47 0.93 1.00 0.23 0.36 0.77 1.00 0.48 0.70 1.00 1.00 0.03 0.14 0.61 1.00 0.16 0.31 0.85 1.00 0.23 0.36 0.77 1.00 0.00 0.13 0.55 1.00 0.03 0.06 0.15 1.00 0.02 0.04 0.11 1.00 0.08 0.16 0.42 1.00 0.01 0.07 0.29 1.00 0.02 0.04 0.11 1.00 0.05 0.13 0.38 1.00 0.00 0.00 0.00 1.00 0.00 0.00 0.00 1.00 0.06 0.14 0.39 1.00 0.10 0.19 0.47 1.00 0.03 0.10 0.33 1.00 0.13 0.22 0.51 1.00 0.03 0.08 0.24 1.00 0.02 0.06 0.18 1.00 0.07 0.15 0.40 1.00 0.00 0.07 0.27 1.00 0.07 0.15 0.40 1.00 0.04 0.07 0.17 1.00 0.02 0.04 0.12 1.00 0.00 0.06 0.26 1.00 0.02 0.04 0.12 1.00 0.00 0.00 0.00 1.00 0.00 0.00 0.00 1.00 0.07 0.15 0.41 1.00 0.00 0.06 0.26 1.00 0.04 0.07 0.17 1.00 0.02 0.04 0.12 1.00 0.02 0.08 0.29 1.00 0.02 0.04 0.12 1.00 0.00 0.00 0.00 1.00 0.00 0.00 0.00 1.00 0.03 0.06 0.15 1.00 0.09 0.17 0.43 1.00 0.17 0.27 0.58 1.00 0.00 0.08 0.32 1.00 0.31 0.47 0.96 1.00 0.04 0.09 0.26 1.00 0.11 0.20 0.47 1.00 0.22 0.34 0.71 1.00 0.23 0.38 0.84 1.00 0.15 0.26 0.58 1.00 0.31 0.47 0.94 1.00 0.11 0.21 0.49 1.00 0.04 0.08 0.18 1.00 0.05 0.32 1.00 1.00 0.25 0.49 1.00 1.00 0.09 0.30 0.95 1.00 0.20 0.44 1.00 1.00 0.22 0.43 1.00 1.00 0.04 0.08 0.18 1.00 0.11 0.19 0.47 1.00 0.11 0.19 0.47 1.00 0.22 0.34 0.71 1.00 0.09 0.17 0.43 1.00 0.15 0.26 0.58 1.00 0.22 0.34 0.71 1.00 0.11 0.19 0.47 1.00 0.29 0.42 0.83 1.00 0.13 0.22 0.51 1.00 0.08 0.16 0.42 1.00 0.05 0.12 0.36 1.00 0.00 0.00 0.00 1.00 0.00 0.00 0.00 1.00 0.05 0.13 0.38 1.00 0.08 0.16 0.42 1.00 0.00 0.00 0.00 1.00 0.00 0.00 0.00 1.00 0.14 0.23 0.53 1.00 0.11 0.21 0.49 1.00 0.15 0.33 0.80 1.00 0.22 0.35 0.74 1.00 0.02 0.06 0.18 1.00 0.00 0.00 0.00 1.00 0.00 0.00 0.00 1.00 0.03 0.08 0.24 1.00 0.04 0.09 0.26 1.00 0.13 0.22 0.51 1.00 0.00 0.04 0.18 1.00 0.16 0.26 0.57 1.00 0.04 0.09 0.26 1.00 0.13 0.22 0.51 1.00 0.35 0.43 0.67 1.00 0.11 0.21 0.49 1.00 0.00 0.04 0.22 1.00 0.05 0.09 0.20 1.00 0.28 0.40 0.75 1.00 0.21 0.32 0.64 1.00 0.46 0.60 1.00 1.00 0.31 0.44 0.80 1.00 0.16 0.25 0.56 1.00 0.13 0.22 0.51 1.00 0.00 0.04 0.22 1.00 0.05 0.09 0.20 1.00 0.00 0.00 0.00 1.00 0.00 0.00 0.00 1.00 0.00 0.00 0.00 1.00 0.00 0.00 0.00 1.00 0.00 0.00 0.00 1.00 0.00 0.00 0.00 1.00 0.00 0.00 0.00 1.00 0.00 0.00 0.00 1.00 0.00 0.00 0.00 1.00 0.04 0.11 0.34 1.00 0.24 0.36 0.75 1.00 0.13 0.22 0.51 1.00 0.18 0.33 0.76 1.00 0.16 0.25 0.56 1.00 0.00 0.00 0.00 1.00 0.05 0.09 0.20 1.00 0.49 0.58 0.83 1.00 0.00 0.04 0.22 1.00 0.14 0.24 0.54 1.00 0.05 0.09 0.20 1.00 0.13 0.22 0.51 1.00 0.27 0.40 0.80 1.00 0.21 0.32 0.67 1.00 0.33 0.51 1.00 1.00 0.44 0.55 0.91 1.00 0.11 0.20 0.47 1.00 0.21 0.32 0.67 1.00 0.13 0.22 0.52 1.00 0.27 0.40 0.80 1.00 0.31 0.47 0.96 1.00 0.22 0.43 1.00 1.00 0.32 0.47 0.90 1.00 0.35 0.51 1.00 1.00 0.20 0.31 0.64 1.00 0.25 0.47 1.00 1.00 0.25 0.49 1.00 1.00 0.36 0.56 1.00 1.00 0.21 0.40 1.00 1.00 0.26 0.47 1.00 1.00 0.21 0.40 1.00 1.00 0.25 0.49 1.00 1.00 0.25 0.49 1.00 1.00 0.16 0.26 0.57 1.00 0.49 0.58 0.83 1.00 0.14 0.24 0.54 1.00 0.20 0.31 0.64 1.00 0.16 0.26 0.57 1.00 0.00 0.05 0.29 1.00 0.01 0.08 0.39 1.00 0.01 0.08 0.39 1.00 0.20 0.31 0.64 1.00 0.00 0.04 0.21 1.00 0.00 0.05 0.29 1.00 0.16 0.26 0.57 1.00 0.38 0.58 1.00 1.00 0.00 0.04 0.24 1.00 0.00 0.04 0.18 1.00 0.13 0.22 0.52 1.00 0.27 0.40 0.80 1.00 0.06 0.10 0.25 1.00 0.02 0.09 0.42 1.00 0.02 0.09 0.42 1.00 0.27 0.40 0.80 1.00 0.32 0.47 0.93 1.00 0.33 0.51 1.00 1.00 0.06 0.10 0.25 1.00 0.13 0.22 0.51 1.00 0.38 0.58 1.00 1.00 0.36 0.56 1.00 1.00 0.06 0.23 0.79 1.00 0.02 0.04 0.11 1.00 0.01 0.13 0.56 1.00 0.39 0.49 0.78 1.00 0.34 0.51 1.00 1.00 0.32 0.47 0.90 1.00 0.00 0.07 0.35 1.00 0.36 0.56 1.00 1.00 0.49 0.58 0.83 1.00 0.32 0.47 0.90 1.00 0.00 0.05 0.28 1.00 0.10 0.17 0.45 1.00 0.29 0.42 0.83 1.00 0.00 0.04 0.24 1.00 0.13 0.22 0.51 1.00 0.00 0.04 0.24 1.00 0.13 0.22 0.51 1.00 0.00 0.05 0.24 1.00 0.04 0.22 0.87 1.00 0.29 0.42 0.83 1.00 0.10 0.17 0.45 1.00 0.00 0.04 0.18 1.00 0.00 0.08 0.42 1.00 0.13 0.23 0.52 1.00 0.14 0.23 0.53 1.00 0.00 0.03 0.19 1.00 0.00 0.04 0.20 1.00 0.13 0.23 0.52 1.00 0.15 0.33 0.80 1.00 0.00 0.07 0.40 1.00 0.00 0.04 0.20 1.00 0.13 0.23 0.52 1.00 0.00 0.05 0.25 1.00 0.14 0.24 0.53 1.00 0.00 0.04 0.21 1.00 0.00 0.05 0.25 1.00 0.00 0.04 0.24 1.00 0.16 0.25 0.56 1.00 0.00 0.04 0.22 1.00 0.18 0.33 0.76 1.00 0.16 0.25 0.56 1.00 0.00 0.08 0.41 1.00 0.14 0.24 0.53 1.00 0.14 0.24 0.53 1.00 0.00 0.05 0.25 1.00 0.11 0.21 0.49 1.00 0.14 0.23 0.53 1.00 0.04 0.08 0.18 1.00 0.00 0.04 0.18 1.00 0.11 0.21 0.49 1.00 0.21 0.32 0.64 1.00 0.34 0.42 0.66 1.00 0.28 0.40 0.75 1.00 0.11 0.21 0.49 1.00 0.05 0.09 0.20 1.00 0.47 0.60 1.00 1.00 0.31 0.44 0.81 1.00 0.29 0.41 0.77 1.00 0.21 0.32 0.65 1.00 0.29 0.41 0.77 1.00 0.21 0.32 0.65 1.00 0.35 0.43 0.67 1.00 0.11 0.21 0.49 1.00 0.38 0.51 0.90 1.00 0.25 0.36 0.71 1.00 0.05 0.15 0.55 1.00 0.00 0.06 0.33 1.00 0.46 0.60 1.00 1.00 0.31 0.44 0.80 1.00 0.47 0.60 1.00 1.00 0.31 0.44 0.81 1.00 0.05 0.09 0.20 1.00 0.11 0.21 0.49 1.00 0.00 0.04 0.22 1.00 0.34 0.42 0.66 1.00 0.13 0.22 0.50 1.00 0.24 0.35 0.69 1.00 0.00 0.04 0.25 1.00 0.00 0.07 0.34 1.00 0.46 0.60 1.00 1.00 0.37 0.50 0.89 1.00 0.28 0.40 0.75 1.00 0.24 0.35 0.69 1.00 0.38 0.51 0.90 1.00 0.05 0.15 0.55 1.00 0.37 0.50 0.89 1.00 0.02 0.10 0.43 1.00 0.00 0.06 0.33 1.00 0.25 0.36 0.71 1.00 0.00 0.05 0.27 1.00 0.13 0.23 0.52 1.00 0.00 0.05 0.27 1.00 0.13 0.23 0.52 1.00 0.00 0.05 0.29 1.00 0.24 0.35 0.69 1.00 0.37 0.50 0.89 1.00 0.00 0.07 0.34 1.00 0.02 0.10 0.43 1.00 0.47 0.60 1.00 1.00 0.38 0.51 0.90 1.00 0.46 0.60 1.00 1.00 0.37 0.50 0.89 1.00 0.24 0.35 0.69 1.00 0.13 0.22 0.50 1.00 0.28 0.40 0.75 1.00 0.34 0.42 0.66 1.00 0.38 0.51 0.90 1.00 0.47 0.60 1.00 1.00 0.25 0.36 0.71 1.00 0.29 0.41 0.77 1.00 0.25 0.36 0.71 1.00 0.29 0.41 0.77 1.00 0.13 0.23 0.52 1.00 0.35 0.43 0.67 1.00 0.00 0.04 0.25 1.00 0.13 0.22 0.50 1.00 0.00 0.04 0.25 1.00 0.13 0.23 0.52 1.00 0.35 0.43 0.67 1.00 0.00 0.05 0.29 1.00 0.00 0.04 0.22 1.00 0.11 0.21 0.53 1.00 0.13 0.25 0.58 1.00 0.13 0.25 0.59 1.00 0.48 0.70 1.00 1.00 0.48 0.70 1.00 1.00 0.00 0.13 0.55 1.00 0.23 0.36 0.77 1.00 0.05 0.08 0.17 1.00 0.16 0.29 0.69 1.00 0.00 0.13 0.55 1.00 0.05 0.08 0.17 1.00 0.04 0.29 1.00 1.00 0.02 0.04 0.11 1.00 0.05 0.08 0.17 1.00 0.15 0.45 1.00 1.00 0.16 0.29 0.69 1.00 0.00 0.08 0.41 1.00 0.35 0.52 1.00 1.00 0.18 0.33 0.76 1.00 0.20 0.50 1.00 1.00 0.04 0.24 0.97 1.00 0.00 0.14 0.66 1.00 0.00 0.05 0.25 1.00 0.20 0.32 0.68 1.00 0.41 0.60 1.00 1.00 0.09 0.35 1.00 1.00 0.00 0.13 0.58 1.00 0.00 0.15 0.70 1.00 0.36 0.65 1.00 1.00 0.39 0.57 1.00 1.00 0.47 0.65 1.00 1.00 0.21 0.33 0.69 1.00 0.15 0.33 0.80 1.00 0.34 0.50 0.98 1.00 0.00 0.08 0.42 1.00 0.29 0.63 1.00 1.00 0.00 0.20 0.93 1.00 0.00 0.13 0.62 1.00 0.27 0.40 0.84 1.00 0.00 0.07 0.40 1.00 0.36 0.53 1.00 1.00 0.01 0.26 1.00 1.00 0.00 0.13 0.57 1.00 0.35 0.49 0.95 1.00 0.13 0.24 0.56 1.00 0.00 0.01 0.07 1.00 0.44 0.60 1.00 1.00 0.04 0.11 0.34 1.00 0.04 0.29 1.00 1.00 0.06 0.19 0.63 1.00 0.05 0.18 0.58 1.00 0.04 0.22 0.87 1.00 0.49 0.55 0.75 1.00 0.46 0.53 0.72 1.00 0.00 0.05 0.29 1.00 0.00 0.05 0.27 1.00 0.00 0.05 0.28 1.00 0.00 0.04 0.23 1.00 0.00 0.00 0.00 1.00 0.34 0.39 0.55 1.00 0.00 0.04 0.25 1.00 0.33 0.38 0.53 1.00 0.00 0.02 0.12 1.00 0.00 0.04 0.24 1.00 0.40 0.48 0.73 1.00 0.49 0.60 0.89 1.00 0.47 0.56 0.80 1.00 0.00 0.04 0.17 1.00 0.00 0.05 0.24 1.00 0.54 0.62 0.82 1.00 0.00 0.04 0.21 1.00 0.00 0.05 0.29 1.00 0.02 0.04 0.11 1.00 0.06 0.23 0.79 1.00 0.07 0.11 0.23 1.00 0.39 0.55 1.00 1.00 0.46 0.62 1.00 1.00 0.01 0.09 0.32 1.00 0.32 0.47 0.93 1.00 0.00 0.05 0.25 1.00 0.23 0.36 0.77 1.00 0.45 0.62 1.00 1.00 0.45 0.62 1.00 1.00 0.03 0.14 0.61 1.00 0.25 0.36 0.71 1.00 0.00 0.05 0.23 1.00 0.36 0.49 0.87 1.00 0.64 0.81 1.00 1.00 0.58 0.75 1.00 1.00 0.02 0.09 0.40 1.00 0.31 0.44 0.80 1.00 0.36 0.49 0.87 1.00 0.00 0.03 0.18 1.00 0.01 0.04 0.18 1.00 0.41 0.55 0.96 1.00 0.43 0.51 0.71 1.00 0.32 0.45 0.82 1.00 0.00 0.00 0.02 1.00 0.24 0.35 0.69 1.00 0.45 0.59 1.00 1.00 0.39 0.52 0.92 1.00 0.51 0.62 0.72 1.00 0.00 0.02 0.10 1.00 0.02 0.07 0.26 1.00 0.40 0.53 0.93 1.00 0.31 0.43 0.79 1.00 0.00 0.03 0.14 1.00 0.36 0.49 0.87 1.00 0.47 0.61 1.00 1.00 0.45 0.59 1.00 1.00 0.42 0.55 0.96 1.00 0.29 0.41 0.76 1.00 0.39 0.52 0.91 1.00 0.59 0.75 1.00 1.00 0.48 0.64 1.00 1.00 0.44 0.49 0.65 1.00 0.21 0.32 0.65 1.00 0.31 0.44 0.80 1.00 0.47 0.58 0.72 1.00 0.33 0.45 0.83 1.00 0.01 0.03 0.13 1.00 0.05 0.15 0.55 1.00 0.39 0.52 0.91 1.00 0.40 0.53 0.93 1.00 0.00 0.01 0.07 1.00 0.14 0.25 0.60 1.00 0.47 0.62 0.80 1.00 0.00 0.04 0.24 1.00 0.00 0.04 0.18 1.00 0.00 0.04 0.24 1.00 0.00 0.04 0.18 1.00 0.00 0.04 0.23 1.00 0.00 0.04 0.20 1.00 0.01 0.07 0.27 1.00 0.11 0.20 0.48 1.00 0.00 0.02 0.08 1.00 0.00 0.07 0.34 1.00 0.00 0.04 0.22 1.00 0.00 0.04 0.22 1.00 0.07 0.15 0.40 1.00 0.15 0.33 0.80 1.00 0.22 0.35 0.74 1.00 0.09 0.27 0.85 1.00 0.14 0.38 1.00 1.00 0.08 0.30 0.96 1.00 0.11 0.32 1.00 1.00 0.05 0.25 0.88 1.00 0.11 0.34 1.00 1.00 0.06 0.27 0.95 1.00 0.12 0.31 0.89 1.00 0.08 0.25 0.83 1.00 0.14 0.38 1.00 1.00 0.08 0.30 0.96 1.00 0.24 0.36 0.75 1.00 0.71 0.78 1.00 1.00 0.22 0.31 0.60 1.00 0.65 0.73 0.96 1.00 0.76 0.87 0.97 1.00 0.76 0.87 0.97 1.00 1.00 1.00 1.00 1.00 0.76 0.87 0.97 1.00 0.78 0.84 1.00 1.00 0.80 0.85 1.00 1.00 0.37 0.46 0.73 1.00 0.30 0.39 0.66 1.00 0.22 0.31 0.60 1.00 0.22 0.31 0.60 1.00 0.76 0.87 0.97 1.00 0.73 0.80 1.00 1.00 0.71 0.78 1.00 1.00 0.33 0.41 0.68 1.00 0.22 0.31 0.60 1.00 0.22 0.31 0.60 1.00 0.22 0.31 0.60 1.00 0.76 0.82 1.00 1.00 0.61 0.69 0.92 1.00 0.65 0.73 0.96 1.00 0.35 0.44 0.71 1.00 0.30 0.39 0.66 1.00 0.76 0.87 0.97 1.00 0.76 0.82 1.00 1.00 0.76 0.87 0.97 1.00 0.76 0.87 0.97 1.00 0.76 0.87 0.97 1.00 0.76 0.87 0.97 1.00 0.35 0.44 0.71 1.00 0.22 0.31 0.60 1.00 0.33 0.41 0.68 1.00 0.76 0.87 0.97 1.00 0.22 0.31 0.60 1.00 0.22 0.31 0.60 1.00 0.80 0.85 1.00 1.00 0.61 0.69 0.92 1.00 0.76 0.82 1.00 1.00 0.35 0.44 0.71 1.00 0.76 0.87 0.97 1.00 0.76 0.87 0.97 1.00 0.76 0.87 0.97 1.00 0.22 0.31 0.60 1.00 0.78 0.84 1.00 1.00 0.33 0.42 0.69 1.00 0.54 0.62 0.86 1.00 1.00 1.00 1.00 1.00 0.88 0.92 1.00 1.00 0.73 0.80 1.00 1.00 0.76 0.82 1.00 1.00 0.27 0.36 0.64 1.00 0.60 0.67 0.91 1.00 0.22 0.31 0.60 1.00 0.22 0.31 0.60 1.00 0.22 0.31 0.60 1.00 0.22 0.31 0.60 1.00 0.94 0.96 1.00 1.00 0.78 0.83 1.00 1.00 0.78 0.84 1.00 1.00 0.71 0.78 1.00 1.00 0.22 0.31 0.60 1.00 0.22 0.31 0.60 1.00 0.22 0.31 0.60 1.00 0.25 0.34 0.62 1.00 0.26 0.35 0.64 1.00 0.54 0.62 0.86 1.00 0.28 0.37 0.65 1.00 0.22 0.31 0.60 1.00 0.52 0.60 0.84 1.00 0.25 0.34 0.62 1.00 0.81 0.86 1.00 1.00 0.52 0.60 0.84 1.00 0.76 0.82 1.00 1.00 1.00 1.00 1.00 1.00 0.28 0.37 0.65 1.00 0.22 0.31 0.60 1.00 0.71 0.78 1.00 1.00 0.88 0.92 1.00 1.00 0.22 0.31 0.60 1.00 0.22 0.31 0.60 1.00 0.60 0.67 0.91 1.00 0.26 0.35 0.64 1.00 0.25 0.34 0.62 1.00 0.28 0.37 0.65 1.00 0.88 0.92 1.00 1.00 0.81 0.86 1.00 1.00 0.81 0.86 1.00 1.00 0.22 0.31 0.60 1.00 0.31 0.44 0.80 1.00 0.05 0.15 0.48 1.00 0.31 0.44 0.81 1.00 0.05 0.16 0.48 1.00 0.15 0.24 0.54 1.00 0.41 0.68 1.00 1.00 0.15 0.25 0.54 1.00 0.22 0.35 0.74 1.00 0.02 0.24 0.93 1.00 0.04 0.29 1.00 1.00 0.05 0.18 0.60 1.00 0.06 0.19 0.63 1.00 0.04 0.17 0.56 1.00 0.04 0.11 0.34 1.00 0.05 0.18 0.58 1.00 0.04 0.11 0.34 1.00 0.06 0.19 0.63 1.00 0.05 0.18 0.60 1.00 0.01 0.19 0.76 1.00 0.04 0.17 0.56 1.00 0.04 0.22 0.87 1.00 0.05 0.18 0.58 1.00 0.04 0.29 1.00 1.00 0.02 0.24 0.93 1.00 0.00 0.13 0.55 1.00 0.16 0.31 0.85 1.00 0.18 0.34 0.90 1.00 0.01 0.19 0.76 1.00 0.01 0.13 0.56 1.00 0.04 0.22 0.87 1.00 0.29 0.46 0.95 1.00 0.00 0.15 0.60 1.00 0.42 0.65 1.00 1.00 0.98 1.00 1.00 1.00 0.23 0.34 0.68 1.00 0.65 0.81 1.00 1.00 0.29 0.42 0.78 1.00 1.00 1.00 1.00 1.00 0.19 0.29 0.61 1.00 0.98 1.00 1.00 1.00 0.23 0.34 0.68 1.00 0.75 0.93 1.00 1.00 0.27 0.40 0.75 1.00 1.00 1.00 1.00 1.00 0.19 0.29 0.61 1.00 0.75 0.93 1.00 1.00 0.65 0.81 1.00 1.00 0.27 0.40 0.75 1.00 0.29 0.42 0.78 1.00 0.05 0.12 0.36 1.00 0.00 0.05 0.25 1.00 0.00 0.00 0.00 1.00 0.00 0.00 0.00 1.00 0.00 0.05 0.25 1.00 0.00 0.05 0.25 1.00 0.00 0.00 0.00 1.00 0.00 0.00 0.00 1.00 0.00 0.05 0.25 1.00 0.00 0.05 0.25 1.00 0.00 0.00 0.00 1.00 0.00 0.00 0.00 1.00 0.03 0.10 0.33 1.00 0.00 0.05 0.25 1.00 0.00 0.00 0.00 1.00 0.00 0.00 0.00 1.00 0.00 0.06 0.26 1.00 0.00 0.05 0.25 1.00 0.07 0.15 0.40 1.00 0.05 0.15 0.50 1.00 0.08 0.16 0.42 1.00 0.00 0.05 0.25 1.00 0.14 0.23 0.53 1.00 0.04 0.11 0.34 1.00 0.00 0.06 0.26 1.00 0.00 0.05 0.25 1.00 0.00 0.00 0.00 1.00 0.00 0.00 0.00 1.00 0.00 0.05 0.25 1.00 0.02 0.08 0.29 1.00 0.00 0.00 0.00 1.00 0.00 0.00 0.00 1.00 0.31 0.47 0.94 1.00 0.10 0.19 0.46 1.00 0.42 0.53 0.87 1.00 0.10 0.19 0.45 1.00 0.15 0.25 0.55 1.00 0.14 0.23 0.53 1.00 0.42 0.69 1.00 1.00 0.24 0.36 0.75 1.00 0.08 0.16 0.42 1.00 0.01 0.07 0.29 1.00 0.00 0.05 0.25 1.00 0.00 0.05 0.25 1.00 0.00 0.05 0.25 1.00 0.00 0.05 0.25 1.00 0.00 0.06 0.29 1.00 0.07 0.15 0.40 1.00 0.00 0.07 0.27 1.00 0.00 0.05 0.25 1.00 0.00 0.00 0.00 1.00 0.00 0.00 0.00 1.00 0.01 0.07 0.29 1.00 0.00 0.00 0.00 1.00 0.00 0.00 0.00 1.00 0.15 0.28 0.69 1.00 0.31 0.47 0.94 1.00 0.05 0.12 0.36 1.00 0.00 0.06 0.29 1.00 0.00 0.05 0.25 1.00 0.15 0.28 0.69 1.00 0.00 0.00 0.00 1.00 0.00 0.00 0.00 1.00 0.42 0.62 1.00 1.00 0.45 0.70 1.00 1.00 0.00 0.13 0.51 1.00 0.31 0.47 0.96 1.00 0.00 0.08 0.32 1.00 0.10 0.19 0.45 1.00 0.11 0.21 0.53 1.00 0.42 0.53 0.87 1.00 0.44 0.55 0.91 1.00 0.10 0.19 0.46 1.00 0.11 0.21 0.53 1.00 0.10 0.19 0.45 1.00 0.11 0.21 0.53 1.00 0.23 0.38 0.84 1.00 0.11 0.21 0.53 1.00 0.31 0.47 0.94 1.00 0.10 0.19 0.46 1.00 0.22 0.35 0.74 1.00 0.11 0.21 0.49 1.00 0.15 0.25 0.54 1.00 0.08 0.16 0.42 1.00 0.28 0.34 0.58 1.00 0.13 0.22 0.51 1.00 0.03 0.10 0.33 1.00 0.00 0.05 0.25 1.00 0.00 0.07 0.27 1.00 0.00 0.00 0.00 1.00 0.00 0.00 0.00 1.00 0.00 0.05 0.25 1.00 0.28 0.34 0.58 1.00 0.03 0.10 0.33 1.00 0.07 0.15 0.41 1.00 0.00 0.06 0.26 1.00 0.09 0.18 0.45 1.00 0.02 0.08 0.29 1.00 0.03 0.10 0.33 1.00 0.04 0.11 0.34 1.00 0.00 0.05 0.25 1.00 0.00 0.00 0.00 1.00 0.00 0.00 0.00 1.00 0.05 0.15 0.50 1.00 0.00 0.05 0.25 1.00 0.08 0.16 0.42 1.00 0.00 0.00 0.00 1.00 0.00 0.00 0.00 1.00 0.00 0.06 0.26 1.00 0.18 0.29 0.60 1.00 0.00 0.08 0.30 1.00 0.29 0.46 0.95 1.00 0.00 0.15 0.60 1.00 0.21 0.32 0.67 1.00 0.00 0.09 0.39 1.00 0.44 0.55 0.91 1.00 0.42 0.53 0.87 1.00 0.11 0.20 0.47 1.00 0.07 0.15 0.40 1.00 0.21 0.32 0.67 1.00 0.00 0.09 0.39 1.00 0.21 0.32 0.64 1.00 0.02 0.10 0.36 1.00 0.31 0.44 0.80 1.00 0.05 0.15 0.48 1.00 0.31 0.44 0.81 1.00 0.05 0.16 0.48 1.00 0.21 0.32 0.65 1.00 0.02 0.10 0.37 1.00 0.21 0.32 0.65 1.00 0.02 0.10 0.37 1.00 0.11 0.21 0.49 1.00 0.07 0.15 0.41 1.00 0.11 0.21 0.49 1.00 0.07 0.15 0.40 1.00 0.21 0.32 0.64 1.00 0.02 0.10 0.36 1.00 0.13 0.22 0.51 1.00 0.14 0.24 0.54 1.00 0.13 0.25 0.58 1.00 0.13 0.25 0.59 1.00 0.45 0.51 0.70 1.00 0.16 0.31 0.85 1.00 0.18 0.34 0.90 1.00 0.17 0.27 0.58 1.00 0.52 0.80 1.00 1.00 0.17 0.27 0.58 1.00 0.52 0.80 1.00 1.00 0.90 1.00 1.00 1.00 1.00 1.00 1.00 1.00 0.67 0.77 1.00 1.00 0.90 1.00 1.00 1.00 0.11 0.21 0.60 1.00 0.90 1.00 1.00 1.00 0.08 0.16 0.45 1.00 0.90 1.00 1.00 1.00 0.11 0.21 0.60 1.00 0.28 0.38 0.92 1.00 0.44 0.95 1.00 1.00 0.42 0.57 0.85 1.00 0.41 0.91 0.93 1.00 0.11 0.21 0.60 1.00 0.09 0.18 0.50 1.00 0.36 0.74 0.83 1.00 0.90 1.00 1.00 1.00 0.11 0.17 0.58 1.00 0.35 0.72 0.80 1.00 0.09 0.18 0.50 1.00 0.36 0.74 0.83 1.00 0.09 0.18 0.50 1.00 0.35 0.72 0.80 1.00 0.09 0.26 0.52 1.00 0.37 0.80 0.84 1.00 0.12 0.27 0.58 1.00 0.37 0.81 0.84 1.00 0.08 0.15 0.43 1.00 0.35 0.74 0.81 1.00 0.08 0.15 0.46 1.00 0.35 0.69 0.78 1.00 1.00 1.00 1.00 1.00 0.28 0.45 0.93 1.00 0.12 0.23 0.64 1.00 1.00 1.00 1.00 1.00 0.11 0.21 0.60 1.00 1.00 1.00 1.00 1.00 0.74 1.00 1.00 1.00 1.00 1.00 1.00 1.00 1.00 1.00 1.00 1.00 0.12 0.27 0.58 1.00 0.37 0.81 0.84 1.00 0.09 0.15 0.52 1.00 0.35 0.69 0.78 1.00 0.18 0.27 0.76 1.00 0.09 0.18 0.52 1.00 1.00 1.00 1.00 1.00 0.53 0.69 0.98 1.00 1.00 1.00 1.00 1.00 0.27 0.48 1.00 1.00 0.53 0.69 0.98 1.00 0.09 0.18 0.50 1.00 1.00 1.00 1.00 1.00 0.36 0.52 0.99 1.00 0.11 0.22 0.62 1.00 1.00 1.00 1.00 1.00 0.11 0.21 0.60 1.00 1.00 1.00 1.00 1.00 0.33 0.50 1.00 1.00 1.00 1.00 1.00 1.00 0.67 0.77 1.00 1.00 0.20 0.27 0.75 1.00 0.40 0.82 0.92 1.00 0.09 0.18 0.50 1.00 0.36 0.74 0.83 1.00 0.67 0.77 1.00 1.00 0.38 0.53 0.82 1.00 0.44 0.93 0.95 1.00 1.00 1.00 1.00 1.00 0.20 0.35 0.81 1.00 0.38 0.86 0.87 1.00 0.38 0.53 0.82 1.00 0.44 0.93 0.95 1.00 0.09 0.18 0.50 1.00 0.35 0.72 0.80 1.00 1.00 1.00 1.00 1.00 0.13 0.25 0.69 1.00 0.55 0.66 1.00 1.00 1.00 1.00 1.00 1.00 0.83 0.91 1.00 1.00 1.00 1.00 1.00 1.00 0.29 0.45 1.00 1.00 1.00 1.00 1.00 1.00 0.11 0.21 0.60 1.00 0.11 0.16 0.58 1.00 0.39 0.77 0.89 1.00 0.20 0.31 0.61 1.00 0.38 0.82 0.87 1.00 0.11 0.21 0.60 1.00 0.09 0.18 0.50 1.00 0.36 0.74 0.83 1.00 1.00 1.00 1.00 1.00 0.17 0.31 0.76 1.00 0.35 0.71 0.80 1.00 0.09 0.18 0.50 1.00 0.36 0.74 0.83 1.00 0.42 0.57 0.85 1.00 0.39 0.88 0.87 1.00 0.15 0.28 0.69 1.00 0.31 0.47 0.94 1.00 0.76 0.83 1.00 1.00 0.42 0.53 0.87 1.00 0.75 0.93 1.00 1.00 1.00 1.00 1.00 1.00 0.78 0.84 1.00 1.00 1.00 1.00 1.00 1.00 0.65 0.81 1.00 1.00 0.56 0.64 0.87 1.00 0.67 0.71 0.82 1.00 0.03 0.10 0.33 1.00 0.28 0.34 0.58 1.00 0.62 0.69 0.92 1.00 0.78 0.84 1.00 1.00 0.75 0.93 1.00 1.00 0.05 0.15 0.50 1.00 0.66 0.70 0.81 1.00 0.07 0.15 0.40 1.00 0.02 0.10 0.36 1.00 1.00 1.00 1.00 1.00 0.98 1.00 1.00 1.00 1.00 1.00 1.00 1.00 1.00 1.00 1.00 1.00 0.05 0.16 0.48 1.00 0.90 0.93 1.00 1.00 0.02 0.10 0.37 1.00 0.67 0.71 0.82 1.00 1.00 1.00 1.00 1.00 1.00 1.00 1.00 1.00 0.91 0.93 1.00 1.00 0.68 0.87 1.00 1.00 0.21 0.34 0.73 1.00 0.08 0.16 0.42 1.00 0.13 0.23 0.56 1.00 0.15 0.25 0.55 1.00 0.14 0.23 0.53 1.00 0.68 0.87 1.00 1.00 0.93 0.95 1.00 1.00 0.21 0.34 0.73 1.00 0.08 0.16 0.42 1.00 1.00 1.00 1.00 1.00 1.00 1.00 1.00 1.00 0.68 0.87 1.00 1.00 0.93 0.95 1.00 1.00 0.02 0.10 0.36 1.00 0.66 0.70 0.81 1.00 0.05 0.15 0.48 1.00 0.33 0.46 0.84 1.00 0.90 0.93 1.00 1.00 0.33 0.46 0.84 1.00 0.98 1.00 1.00 1.00 1.00 1.00 1.00 1.00 1.00 1.00 1.00 1.00 1.00 1.00 1.00 1.00 1.00 1.00 1.00 1.00 1.00 1.00 1.00 1.00 0.15 0.28 0.69 1.00 1.00 1.00 1.00 1.00 0.00 0.06 0.29 1.00 0.91 0.93 1.00 1.00 0.15 0.24 0.54 1.00 0.15 0.25 0.54 1.00 0.14 0.23 0.53 1.00 0.21 0.34 0.73 1.00 0.13 0.23 0.56 1.00 0.00 0.05 0.25 1.00 0.14 0.23 0.53 1.00 0.08 0.16 0.42 1.00 0.15 0.25 0.54 1.00 0.91 0.93 1.00 1.00 0.68 0.87 1.00 1.00 0.14 0.23 0.53 1.00 0.21 0.34 0.73 1.00 0.00 0.06 0.29 1.00 0.91 0.93 1.00 1.00 0.00 0.05 0.25 1.00 0.14 0.23 0.53 1.00 0.76 0.83 1.00 1.00 1.00 1.00 1.00 1.00 0.28 0.34 0.58 1.00 0.78 0.84 1.00 1.00 0.00 0.05 0.25 1.00 1.00 1.00 1.00 1.00 0.00 0.09 0.39 1.00 1.00 1.00 1.00 1.00 0.42 0.53 0.87 1.00 0.76 0.83 1.00 1.00 0.00 0.05 0.25 1.00 1.00 1.00 1.00 1.00 0.07 0.15 0.40 1.00 0.00 0.09 0.39 1.00 1.00 1.00 1.00 1.00 0.78 0.84 1.00 1.00 1.00 1.00 1.00 1.00 0.08 0.16 0.42 1.00 0.05 0.15 0.50 1.00 0.66 0.70 0.81 1.00 0.05 0.15 0.48 1.00 0.33 0.46 0.84 1.00 0.05 0.16 0.48 1.00 0.90 0.93 1.00 1.00 0.33 0.46 0.84 1.00 0.66 0.70 0.81 1.00 1.00 1.00 1.00 1.00 0.93 0.95 1.00 1.00 0.67 0.71 0.82 1.00 0.90 0.93 1.00 1.00 0.65 0.81 1.00 1.00 0.98 1.00 1.00 1.00 0.02 0.10 0.37 1.00 0.67 0.71 0.82 1.00 0.07 0.15 0.41 1.00 0.03 0.10 0.33 1.00 0.00 0.08 0.32 1.00 0.00 0.13 0.51 1.00 0.62 0.69 0.92 1.00 0.03 0.10 0.33 1.00 0.13 0.22 0.51 1.00 0.09 0.18 0.45 1.00 0.62 0.69 0.92 1.00 0.56 0.64 0.87 1.00 0.00 0.15 0.60 1.00 0.62 0.69 0.92 1.00 0.00 0.13 0.51 1.00 0.13 0.22 0.51 1.00 0.28 0.34 0.58 1.00 0.00 0.08 0.30 1.00 0.56 0.64 0.87 1.00 0.56 0.64 0.87 1.00 0.00 0.08 0.30 1.00 0.17 0.27 0.58 1.00 0.17 0.27 0.58 1.00 </float_array>
                    <technique_common>
                        <accessor source="#geom-00C3C7E2-colors-array" count="1135" stride="4">
                            <param name="R" type="float" />
                            <param name="G" type="float" />
                            <param name="B" type="float" />
                            <param name="A" type="float" />
                        </accessor>
                    </technique_common>
                </source>
                <vertices id="geom-00C3C7E2-vtx">
                    <input semantic="POSITION" source="#geom-00C3C7E2-pos" />
                </vertices>
                <triangles count="60" material="material-01BCDD96-symbol">
                    <input semantic="VERTEX" source="#geom-00C3C7E2-vtx" offset="0" />
                    <input semantic="TEXCOORD" source="#geom-00C3C7E2-texcoord" offset="0" />
                    <input semantic="COLOR" source="#geom-00C3C7E2-colors" offset="0" />
                    <p>0 1 2 0 2 9 9 2 7 8 7 2 6 7 8 6 8 14 14 8 15 15 8 13 12 13 8 17 13 12 12 16 17 4 16 12 4 12 2 2 3 4 2 1 3 12 8 2 4 3 5 11 4 5 10 4 11 16 4 10 </p>
                </triangles>
            </mesh>
        </geometry>
        <geometry id="geom-02E206F7" name="geom-02E206F7">
            <mesh>
                <source id="geom-02E206F7-pos">
                    <float_array id="geom-02E206F7-pos-array" count="3375">2612.00 -560.00 -1200.00 2492.00 -560.00 -1200.00 2612.00 -560.00 -1080.00 2492.00 -560.00 -1080.00 2492.00 -560.00 -960.00 2612.00 -560.00 -960.00 3332.00 -560.00 -720.00 3212.00 -560.00 -720.00 3332.00 -560.00 -600.00 3212.00 -560.00 -600.00 3212.00 -560.00 -480.00 3332.00 -560.00 -480.00 2492.00 -560.00 -480.00 2612.00 -560.00 -480.00 2492.00 -560.00 -600.00 2612.00 -560.00 -600.00 2375.78 -250.00 -810.00 2375.78 -250.00 -840.00 2352.00 -250.00 -810.00 2352.00 -250.00 -840.00 2402.00 -250.00 -840.00 2402.00 -250.00 -810.00 2492.00 -250.00 -840.00 2492.00 -250.00 -810.00 2402.00 -240.00 -780.00 2492.00 -250.00 -780.00 2372.00 -240.00 -795.00 2372.00 -235.00 -780.00 2402.00 -250.00 -870.00 2492.00 -250.00 -870.00 2402.00 -240.00 -900.00 2492.00 -250.00 -900.00 2831.00 -120.00 -1440.00 2912.00 -120.00 -1440.00 2843.00 -120.00 -1536.00 2903.00 -120.00 -1566.00 2968.00 -120.00 -1539.00 2994.00 -120.00 -1440.00 2972.00 -120.00 -1320.00 2912.00 -120.00 -1320.00 2852.00 -120.00 -1320.00 2732.00 -420.00 -720.00 2852.00 -420.00 -720.00 2732.00 -420.00 -840.00 2852.00 -420.00 -840.00 3332.00 -560.00 -1200.00 3212.00 -560.00 -1200.00 3212.00 -560.00 -1080.00 3092.00 -560.00 -1080.00 3092.00 -560.00 -1200.00 2972.00 -560.00 -1200.00 2972.00 -560.00 -1080.00 3332.00 -560.00 -1080.00 2375.78 -250.00 -870.00 2372.00 -239.49 -885.76 2352.00 -250.00 -870.00 2372.00 -235.00 -900.00 2372.00 -190.00 -780.00 2432.00 -190.00 -780.00 2402.00 -240.00 -780.00 2492.00 -250.00 -780.00 2492.00 -190.00 -780.00 2492.00 -75.53 -792.06 2492.00 -130.00 -775.44 2432.00 -88.00 -798.00 2432.00 -130.00 -780.00 2432.00 -70.00 -840.00 2492.00 -75.53 -887.94 2432.00 -70.00 -840.00 2432.00 -88.00 -882.00 2492.00 -130.00 -904.56 2432.00 -130.00 -900.00 2492.00 -130.00 -904.56 2432.00 -130.00 -900.00 2492.00 -190.00 -900.00 2432.00 -190.00 -900.00 2492.00 -250.00 -960.00 2492.00 -190.00 -900.00 2492.00 -250.00 -900.00 2492.00 -8.21 -964.28 2564.57 121.23 -840.00 2492.00 -38.50 -840.00 2492.00 5.18 -697.87 2551.38 140.00 -705.17 2492.00 100.00 -580.00 2564.57 121.23 -840.00 2492.00 5.18 -697.87 2492.00 -38.50 -840.00 2492.00 5.18 -697.87 2492.00 2.22 -560.46 2492.00 -130.00 -637.92 2492.00 -130.00 -480.00 2492.00 -190.00 -780.00 2492.00 -249.01 -720.00 2492.00 -250.00 -780.00 3212.00 -320.00 -480.00 3212.00 -233.23 -480.00 3332.00 -320.00 -480.00 3332.00 -231.80 -480.00 3222.00 -2.89 -480.00 3291.76 14.42 -480.00 3212.00 -105.78 -480.00 3332.00 -109.79 -480.00 2492.00 -248.02 -631.34 2492.00 -246.03 -480.00 2492.00 -320.00 -600.00 2492.00 -320.00 -480.00 3332.00 -235.90 -600.00 3332.00 -240.00 -720.00 3332.00 -320.00 -600.00 3332.00 -320.00 -720.00 3332.00 100.00 -596.04 3332.00 5.46 -598.02 3332.00 11.93 -518.10 3332.00 100.00 -1100.00 3332.00 -11.56 -1075.87 3332.00 100.00 -989.00 3330.00 -11.93 -985.94 3332.00 -126.22 -1080.00 3332.00 -88.41 -1141.25 3332.00 -122.45 -1200.00 3332.00 -122.45 -1200.00 3212.00 -121.63 -1200.00 3332.00 -240.00 -1200.00 3212.00 -242.57 -1200.00 2972.00 -247.72 -1200.00 3092.00 -245.15 -1200.00 2972.00 -158.86 -1200.00 3092.00 -120.82 -1200.00 2612.00 -250.00 -1200.00 2612.00 -130.44 -1200.00 2492.00 -250.00 -1200.00 2492.00 -113.81 -1200.00 2972.00 -247.72 -1200.00 2972.00 -185.00 -1320.00 2972.00 -270.91 -1320.00 2972.00 -270.91 -1320.00 2972.00 -185.00 -1320.00 2852.00 -270.91 -1320.00 2852.00 -182.69 -1320.00 2852.00 -250.00 -1200.00 2852.00 -182.69 -1320.00 2852.00 -145.59 -1200.00 2852.00 -145.59 -1200.00 2852.00 -120.00 -1320.00 2852.00 -19.55 -1200.00 2841.60 -38.41 -1320.00 2492.00 -113.81 -1200.00 2612.00 -130.44 -1200.00 2571.89 -75.53 -1200.00 2852.00 -19.55 -1200.00 2807.00 64.80 -1200.00 2732.00 13.28 -1200.00 2841.60 -38.41 -1320.00 2852.00 8.27 -1280.63 2852.00 -19.55 -1200.00 2972.00 -32.80 -1200.00 2972.00 -158.86 -1200.00 3024.58 -16.00 -1200.00 2972.00 -120.00 -1320.00 2972.00 -32.80 -1200.00 2972.00 -43.88 -1320.00 3332.00 -320.00 -1200.00 3332.00 -440.00 -1200.00 3332.00 -320.00 -1080.00 3332.00 -440.00 -1080.00 3332.00 -440.00 -1200.00 3212.00 -440.00 -1200.00 3332.00 -560.00 -1200.00 3212.00 -560.00 -1200.00 2492.00 -440.00 -1080.00 2492.00 -320.00 -1050.73 2492.00 -440.00 -960.00 2492.00 -320.00 -960.00 2492.00 -320.00 -1200.00 2492.00 -440.00 -1200.00 2612.00 -320.00 -1200.00 2612.00 -440.00 -1200.00 3332.00 -440.00 -600.00 3332.00 -320.00 -480.00 3332.00 -440.00 -480.00 3212.00 -440.00 -480.00 3332.00 -440.00 -480.00 3212.00 -560.00 -480.00 3332.00 -560.00 -480.00 2612.00 -320.00 -480.00 2612.00 -440.00 -480.00 2492.00 -320.00 -480.00 2492.00 -440.00 -480.00 2492.00 -440.00 -600.00 2492.00 -440.00 -480.00 3332.00 -560.00 -1080.00 3332.00 -560.00 -1200.00 3332.00 -320.00 -1200.00 3212.00 -320.00 -1200.00 2492.00 -250.00 -960.00 2492.00 -320.00 -900.00 2492.00 -250.00 -900.00 2492.00 -250.00 -1200.00 2612.00 -250.00 -1200.00 3092.00 -245.15 -1200.00 2972.00 -247.72 -1200.00 3092.00 -320.00 -1200.00 2972.00 -320.00 -1200.00 3332.00 -240.00 -1080.00 3332.00 -240.00 -1200.00 2432.00 -130.00 -780.00 2372.00 -130.00 -780.00 2402.00 -240.00 -900.00 2372.00 -190.00 -900.00 2372.00 -235.00 -900.00 3332.00 -240.00 -1200.00 3212.00 -242.57 -1200.00 3212.00 -242.57 -1200.00 3092.00 -245.15 -1200.00 3212.00 -320.00 -1200.00 3092.00 -320.00 -1200.00 3092.00 -245.15 -1200.00 3212.00 -242.57 -1200.00 3092.00 -120.82 -1200.00 3212.00 -121.63 -1200.00 3092.00 -440.00 -1200.00 2972.00 -440.00 -1200.00 3092.00 -560.00 -1200.00 2972.00 -560.00 -1200.00 3212.00 -440.00 -1200.00 3092.00 -440.00 -1200.00 3212.00 -560.00 -1200.00 3092.00 -560.00 -1200.00 3332.00 -126.22 -1080.00 3332.00 -240.00 -1080.00 3332.00 -130.00 -960.00 3332.00 -240.00 -960.00 2492.00 -440.00 -1200.00 2492.00 -560.00 -1200.00 2492.00 -560.00 -1080.00 2492.00 -320.00 -1200.00 2492.00 -250.00 -1200.00 2492.00 -250.00 -1050.73 2492.00 -113.81 -1200.00 2492.00 -125.94 -1042.44 2492.00 -250.00 -1200.00 2492.00 -250.00 -1050.73 2612.00 -111.89 -480.00 2612.00 -243.90 -480.00 2492.00 -130.00 -480.00 2492.00 -246.03 -480.00 3092.00 -101.78 -480.00 3092.00 -234.66 -480.00 2972.00 -103.25 -480.00 2972.00 -237.51 -480.00 3332.00 -102.10 -600.00 3332.00 -235.90 -600.00 3332.00 -109.79 -480.00 3332.00 -231.80 -480.00 2612.00 -560.00 -1200.00 2492.00 -560.00 -1200.00 2492.00 -560.00 -960.00 2492.00 -560.00 -480.00 2612.00 -560.00 -480.00 2492.00 -560.00 -600.00 2492.00 -560.00 -480.00 3332.00 -560.00 -600.00 3332.00 -560.00 -720.00 3332.00 -440.00 -720.00 3332.00 -240.00 -720.00 3332.00 -235.90 -600.00 3332.00 -114.59 -720.00 3332.00 -102.10 -600.00 3332.00 -560.00 -480.00 3332.00 -231.80 -480.00 2492.00 -130.00 -637.92 2492.00 -130.00 -480.00 2492.00 -248.02 -631.34 2492.00 -246.03 -480.00 2492.00 -320.00 -631.34 2732.00 -130.22 -1200.00 2732.00 -250.00 -1200.00 2852.00 -145.59 -1200.00 2852.00 -250.00 -1200.00 2612.00 -250.00 -1200.00 2732.00 -250.00 -1200.00 2612.00 -130.44 -1200.00 2732.00 -130.22 -1200.00 2492.00 -250.00 -900.00 2372.00 -235.00 -780.00 2492.00 -38.50 -840.00 2492.00 -75.53 -887.94 2492.00 -8.21 -964.28 2372.00 -88.00 -798.00 2372.00 -130.00 -780.00 2492.00 -130.00 -775.44 2372.00 -70.00 -840.00 2372.00 -88.00 -882.00 2372.00 -70.00 -840.00 2372.00 -130.00 -900.00 2372.00 -130.00 -900.00 2492.00 -125.94 -1042.44 2492.00 -130.00 -637.92 2492.00 -248.02 -631.34 2492.00 -8.21 -964.28 2492.00 -125.94 -1042.44 2492.00 -17.52 -1087.56 2551.38 117.12 -943.74 2551.38 117.12 -943.74 2492.00 -8.21 -964.28 2492.00 100.00 -1051.18 2492.00 -17.52 -1087.56 2492.00 -125.94 -1042.44 2492.00 -130.00 -904.56 2492.00 -78.69 -1124.38 2492.00 -113.81 -1200.00 2612.00 -130.44 -1200.00 2732.00 -130.22 -1200.00 2612.00 -3.39 -1200.00 2732.00 13.28 -1200.00 2732.00 13.28 -1200.00 2732.00 -130.22 -1200.00 2852.00 -19.55 -1200.00 2852.00 -145.59 -1200.00 2612.00 -3.39 -1200.00 2492.00 -250.00 -1050.73 2492.00 -130.00 -904.56 2492.00 -130.00 -775.44 2841.20 0.19 -1368.78 2852.00 46.00 -1320.00 2841.60 -38.41 -1320.00 2492.00 5.18 -697.87 2492.00 -75.53 -792.06 2492.00 -38.50 -840.00 2551.38 140.00 -705.17 2492.00 -130.00 -775.44 2492.00 -130.00 -637.92 2492.00 -38.50 -840.00 2492.00 2.22 -560.46 3094.66 37.17 -1200.00 3092.00 -120.82 -1200.00 3220.39 20.00 -1200.00 3212.00 -121.63 -1200.00 3220.39 20.00 -1200.00 3212.00 -121.63 -1200.00 3258.30 -66.36 -1200.00 2831.00 -25.00 -1440.00 3092.00 -120.82 -1200.00 3094.66 37.17 -1200.00 3332.00 -122.45 -1200.00 3332.00 -64.00 -996.00 3332.00 -11.56 -1075.87 3332.00 -126.22 -1080.00 3332.00 100.00 -1100.00 3332.00 -11.22 -1113.35 3332.00 -11.56 -1075.87 3332.00 -130.00 -960.00 3330.00 -11.93 -985.94 3332.00 -11.22 -1113.35 3332.00 -11.56 -1075.87 3332.00 18.00 -696.00 3332.00 5.46 -598.02 3332.00 100.00 -676.66 3332.00 100.00 -596.04 3332.00 11.93 -518.10 3332.00 -102.10 -600.00 3332.00 -109.79 -480.00 3332.00 -114.59 -720.00 3332.00 -102.10 -600.00 3332.00 -57.17 -691.20 3332.00 5.46 -598.02 3332.00 5.46 -598.02 3332.00 18.00 -696.00 3332.00 -240.00 -1080.00 3332.00 -126.22 -1080.00 3332.00 -240.00 -1200.00 3332.00 -122.45 -1200.00 3212.00 -233.23 -480.00 3092.00 -234.66 -480.00 3212.00 -105.78 -480.00 3092.00 -101.78 -480.00 2612.00 -243.90 -480.00 2492.00 -246.03 -480.00 2852.00 -103.25 -480.00 2852.00 -239.64 -480.00 2732.00 -103.25 -480.00 2732.00 -241.77 -480.00 2732.00 -103.25 -480.00 2732.00 -241.77 -480.00 2612.00 -111.89 -480.00 2612.00 -243.90 -480.00 2851.82 18.38 -480.00 2733.08 15.30 -480.00 2851.64 80.58 -480.00 2734.16 133.84 -480.00 2972.00 -103.25 -480.00 2972.00 -237.51 -480.00 2852.00 -103.25 -480.00 2852.00 -239.64 -480.00 3332.00 -231.80 -480.00 3212.00 -233.23 -480.00 3332.00 -109.79 -480.00 3212.00 -105.78 -480.00 3222.00 -2.89 -480.00 3098.98 12.33 -480.00 3232.00 100.00 -480.00 3105.96 126.44 -480.00 2972.00 -103.25 -480.00 2975.00 18.38 -480.00 3092.00 -101.78 -480.00 3098.98 12.33 -480.00 2851.82 18.38 -480.00 2851.64 80.58 -480.00 2975.00 18.38 -480.00 2978.00 140.00 -480.00 2734.16 133.84 -480.00 2733.08 15.30 -480.00 2603.13 100.00 -480.00 2607.56 -5.94 -480.00 2603.13 100.00 -480.00 2607.56 -5.94 -480.00 2564.06 -15.00 -480.00 3098.98 12.33 -480.00 2975.00 18.38 -480.00 3105.96 126.44 -480.00 2978.00 140.00 -480.00 2852.00 -103.25 -480.00 2851.82 18.38 -480.00 2972.00 -103.25 -480.00 2975.00 18.38 -480.00 3098.98 12.33 -480.00 3222.00 -2.89 -480.00 3092.00 -101.78 -480.00 3212.00 -105.78 -480.00 2851.82 18.38 -480.00 2852.00 -103.25 -480.00 2733.08 15.30 -480.00 2732.00 -103.25 -480.00 2733.08 15.30 -480.00 2732.00 -103.25 -480.00 2607.56 -5.94 -480.00 2612.00 -111.89 -480.00 3291.76 14.42 -480.00 3222.00 -2.89 -480.00 3232.00 100.00 -480.00 2607.56 -5.94 -480.00 2612.00 -111.89 -480.00 2564.06 -15.00 -480.00 2492.00 -130.00 -480.00 2852.00 -270.91 -1320.00 2852.00 -182.69 -1320.00 2972.00 -185.00 -1320.00 2972.00 -158.86 -1200.00 2972.00 -158.86 -1200.00 2972.00 -43.88 -1320.00 2972.00 -32.80 -1200.00 2972.00 60.00 -1320.00 2983.00 -4.01 -1366.69 2972.00 -43.88 -1320.00 2972.00 60.00 -1320.00 2994.00 -37.00 -1440.00 2852.00 46.00 -1320.00 2972.00 60.00 -1320.00 2938.00 12.00 -1410.00 2983.00 -4.01 -1366.69 3332.00 -57.17 -691.20 3320.09 -57.52 -720.80 3332.00 -114.59 -720.00 3349.30 -73.11 -739.08 3402.00 -150.00 -720.00 3396.10 -60.00 -720.00 3332.00 18.00 -696.00 3304.38 -1.58 -717.80 3296.00 6.00 -777.00 3352.00 -32.00 -775.00 3408.00 0.00 -780.00 3397.00 0.00 -836.00 3330.00 -8.00 -843.00 3299.00 15.00 -847.00 3233.06 116.60 -840.00 3271.29 101.01 -724.62 3332.00 -130.00 -960.00 3318.00 -80.00 -952.00 3332.00 -64.00 -996.00 3352.00 -80.00 -936.00 3381.00 -156.00 -960.00 3396.50 -60.00 -960.00 3318.00 -15.00 -937.00 3330.00 -11.93 -985.94 3296.00 6.00 -910.00 3352.00 -33.00 -902.00 3406.00 0.00 -900.00 3235.63 106.10 -924.40 3275.09 95.31 -958.55 3332.00 100.00 -989.00 2871.00 14.00 -1408.00 2903.00 -20.00 -1568.00 2994.00 -37.00 -1440.00 2968.00 -21.00 -1539.00 2843.00 -19.00 -1539.00 2831.00 -25.00 -1440.00 2542.83 -23.69 -532.10 2568.12 70.38 -557.41 2564.06 -15.00 -480.00 2603.13 100.00 -480.00 2492.00 2.22 -560.46 2492.00 100.00 -580.00 3232.00 100.00 -480.00 3249.35 78.00 -528.53 3291.76 14.42 -480.00 3294.56 4.72 -500.19 3332.00 100.00 -596.04 3332.00 11.93 -518.10 3246.12 -34.74 -1132.59 3226.28 47.31 -1059.44 3178.19 28.49 -1116.31 3220.39 20.00 -1200.00 3258.30 -66.36 -1200.00 2614.98 37.43 -1090.85 2492.00 100.00 -1051.18 2492.00 -17.52 -1087.56 2852.00 46.00 -1320.00 2841.20 0.19 -1368.78 2912.00 60.00 -1240.00 2912.00 60.00 -1135.94 2868.78 81.84 -1145.47 2895.18 20.73 -1233.24 2852.00 -19.55 -1200.00 2852.00 8.27 -1280.63 2972.00 -32.80 -1200.00 2945.66 36.62 -1141.91 3008.24 25.15 -1130.44 3024.58 -16.00 -1200.00 3084.38 80.46 -1145.93 3094.66 37.17 -1200.00 3015.12 101.62 -1100.91 2934.78 103.71 -1085.91 2841.66 50.98 -1132.18 2807.00 64.80 -1200.00 2860.00 193.00 -1102.00 2775.83 190.21 -1052.87 2612.00 -3.39 -1200.00 2732.00 13.28 -1200.00 2711.82 64.74 -1075.83 2563.04 -51.62 -1130.73 2705.58 130.27 -609.80 2734.16 133.84 -480.00 2615.84 140.57 -700.32 2742.00 220.00 -780.00 2861.90 229.64 -640.16 2874.00 220.00 -824.00 2551.38 140.00 -705.17 2564.57 121.23 -840.00 2649.36 160.00 -840.00 2649.39 112.96 -1016.40 2551.38 117.12 -943.74 2657.34 165.13 -942.64 2782.00 220.00 -922.00 2900.00 220.00 -987.00 2947.46 171.07 -1073.98 3019.00 178.00 -1108.00 3010.87 209.07 -1010.96 3004.34 215.04 -885.19 3124.52 138.77 -1003.76 3140.79 137.67 -557.18 3207.96 169.71 -656.26 3028.82 222.87 -621.72 2966.00 220.00 -793.00 3128.01 207.76 -746.95 2978.00 140.00 -480.00 2851.64 80.58 -480.00 2909.55 139.60 -544.62 2826.32 129.88 -555.47 3332.00 100.00 -1100.00 3240.70 110.38 -984.78 3120.92 178.81 -869.50 2492.00 -78.69 -1124.38 2492.00 -113.81 -1200.00 2571.89 -75.53 -1200.00 3332.00 -122.45 -1200.00 3332.00 -88.41 -1141.25 3332.00 -11.22 -1113.35 3289.29 74.35 -1061.57 3332.00 -11.22 -1113.35 3332.00 100.00 -676.66 3105.96 126.44 -480.00 3332.00 -109.79 -480.00 2492.00 -130.00 -480.00 2912.00 60.00 -1240.00 3332.00 -130.00 -960.00 3332.00 -240.00 -960.00 3402.00 -240.00 -960.00 3332.00 -60.00 -960.00 3402.00 -60.00 -960.00 3332.00 0.00 -900.00 3402.00 0.00 -900.00 3332.00 -60.00 -720.00 3402.00 -60.00 -720.00 3332.00 -114.59 -720.00 3402.00 -240.00 -720.00 3332.00 -60.00 -960.00 3402.00 -60.00 -960.00 3332.00 -240.00 -720.00 2974.81 -300.16 -681.30 2993.73 -302.36 -663.12 2993.55 -281.92 -671.87 2983.87 -284.82 -698.45 2985.84 -284.76 -683.76 3002.00 -277.00 -690.00 2990.00 -302.00 -717.48 3015.61 -301.38 -719.28 2993.33 -320.00 -720.00 3013.33 -320.00 -720.00 3028.98 -297.76 -703.46 3028.10 -299.06 -679.30 3032.85 -320.00 -700.00 2974.92 -300.00 -702.42 2973.33 -320.00 -700.00 2974.81 -300.16 -681.30 2973.33 -320.00 -680.33 3011.70 -298.81 -661.82 3013.33 -320.00 -660.00 2993.33 -320.00 -660.00 3018.71 -282.02 -696.38 3019.73 -278.98 -682.17 2993.55 -281.92 -671.87 3008.83 -279.49 -673.52 3028.98 -297.76 -703.46 3010.45 -281.92 -708.13 3018.71 -282.02 -696.38 2996.40 -281.92 -706.02 3010.45 -281.92 -708.13 2990.00 -302.00 -717.48 2983.87 -284.82 -698.45 3008.83 -279.49 -673.52 3011.70 -298.81 -661.82 2973.33 -320.00 -680.33 2985.84 -284.76 -683.76 3013.33 -320.00 -660.00 3032.85 -320.00 -680.00 2993.33 -320.00 -720.00 3019.73 -278.98 -682.17 3018.71 -282.02 -696.38 3008.83 -279.49 -673.52 2985.84 -284.76 -683.76 2996.40 -281.92 -706.02 2996.40 -281.92 -706.02 3032.85 -320.00 -700.00 2813.30 -300.16 -597.19 2792.62 -302.11 -578.66 2802.68 -284.49 -577.68 2829.65 -285.15 -586.07 2812.57 -285.35 -592.70 2822.00 -277.00 -570.00 2849.48 -302.00 -582.00 2851.28 -301.38 -556.39 2852.00 -320.00 -578.67 2852.00 -320.00 -558.67 2835.46 -297.76 -543.02 2811.13 -298.07 -541.04 2832.00 -320.00 -539.15 2834.42 -300.00 -597.08 2832.00 -320.00 -598.67 2813.30 -300.16 -597.19 2812.33 -320.00 -598.67 2793.82 -298.81 -560.30 2792.00 -320.00 -558.67 2792.00 -320.00 -578.67 2828.38 -282.02 -553.29 2816.02 -280.32 -556.67 2802.68 -284.49 -577.68 2803.99 -282.45 -565.27 2835.46 -297.76 -543.02 2838.19 -281.87 -563.13 2828.38 -282.02 -553.29 2840.18 -281.92 -576.16 2838.19 -281.87 -563.13 2849.48 -302.00 -582.00 2829.65 -285.15 -586.07 2803.99 -282.45 -565.27 2793.82 -298.81 -560.30 2812.33 -320.00 -598.67 2812.57 -285.35 -592.70 2792.00 -320.00 -558.67 2812.00 -320.00 -539.15 2852.00 -320.00 -578.67 2816.02 -280.32 -556.67 2828.38 -282.02 -553.29 2803.99 -282.45 -565.27 2812.57 -285.35 -592.70 2840.18 -281.92 -576.16 2840.18 -281.92 -576.16 2832.00 -320.00 -539.15 2972.00 -237.51 -480.00 2972.00 -320.00 -480.00 2852.00 -239.64 -480.00 2852.00 -320.00 -480.00 3332.00 -320.00 -900.00 3332.00 -240.00 -900.00 3332.00 -320.00 -960.00 3332.00 -240.00 -960.00 2994.00 -120.00 -1440.00 2994.00 -37.00 -1440.00 2968.00 -120.00 -1539.00 2968.00 -21.00 -1539.00 2843.00 -120.00 -1536.00 2903.00 -120.00 -1566.00 2843.00 -19.00 -1539.00 2903.00 -20.00 -1568.00 2968.00 -21.00 -1539.00 2968.00 -120.00 -1539.00 2831.00 -120.00 -1440.00 2843.00 -120.00 -1536.00 2831.00 -25.00 -1440.00 2843.00 -19.00 -1539.00 2994.00 -37.00 -1440.00 2994.00 -120.00 -1440.00 2972.00 -43.88 -1320.00 2972.00 -120.00 -1320.00 2852.00 -120.00 -1320.00 2831.00 -120.00 -1440.00 2841.60 -38.41 -1320.00 2831.00 -25.00 -1440.00 2492.00 -250.00 -780.00 2492.00 -320.00 -780.00 2492.00 -250.00 -810.00 2852.00 -320.00 -720.00 2852.00 -420.00 -720.00 2732.00 -320.00 -720.00 2732.00 -420.00 -720.00 2852.00 -320.00 -840.00 2852.00 -420.00 -840.00 2852.00 -320.00 -720.00 2852.00 -420.00 -720.00 2732.00 -320.00 -840.00 2732.00 -420.00 -840.00 2852.00 -320.00 -840.00 2852.00 -420.00 -840.00 2732.00 -320.00 -840.00 2732.00 -320.00 -720.00 2732.00 -420.00 -840.00 2732.00 -420.00 -720.00 2972.00 -440.00 -1200.00 2972.00 -440.00 -1080.00 2972.00 -560.00 -1200.00 2972.00 -560.00 -1080.00 2972.00 -440.00 -1080.00 3092.00 -440.00 -1080.00 2972.00 -560.00 -1080.00 3092.00 -560.00 -1080.00 2612.00 -440.00 -960.00 2612.00 -440.00 -1080.00 2612.00 -560.00 -960.00 2612.00 -560.00 -1080.00 2492.00 -440.00 -960.00 2612.00 -440.00 -960.00 2492.00 -560.00 -960.00 2612.00 -560.00 -960.00 3212.00 -440.00 -480.00 3212.00 -440.00 -600.00 3212.00 -320.00 -480.00 3212.00 -320.00 -600.00 3212.00 -320.00 -720.00 3212.00 -440.00 -720.00 3332.00 -320.00 -720.00 3332.00 -440.00 -720.00 2612.00 -440.00 -480.00 2612.00 -440.00 -600.00 2612.00 -560.00 -480.00 2612.00 -560.00 -600.00 2612.00 -440.00 -600.00 2492.00 -440.00 -600.00 2612.00 -560.00 -600.00 2492.00 -560.00 -600.00 2972.00 -320.00 -1200.00 2972.00 -320.00 -1320.00 2852.00 -320.00 -1200.00 2852.00 -320.00 -1320.00 3332.00 -320.00 -780.00 3332.00 -320.00 -720.00 3332.00 -240.00 -780.00 3332.00 -240.00 -720.00 3332.00 -320.00 -1080.00 3332.00 -440.00 -1080.00 3212.00 -320.00 -1080.00 3212.00 -440.00 -1080.00 3212.00 -320.00 -1080.00 3212.00 -440.00 -1080.00 3092.00 -320.00 -1080.00 2612.00 -320.00 -1200.00 2612.00 -440.00 -1200.00 2612.00 -320.00 -1080.00 3212.00 -560.00 -720.00 3212.00 -560.00 -600.00 3332.00 -440.00 -1080.00 3212.00 -560.00 -1080.00 3332.00 -560.00 -1080.00 2972.00 -320.00 -1080.00 2972.00 -320.00 -1200.00 2972.00 -440.00 -1200.00 3092.00 -320.00 -1080.00 3092.00 -440.00 -1080.00 2972.00 -320.00 -1080.00 3092.00 -560.00 -1080.00 3212.00 -560.00 -1080.00 2492.00 -250.00 -870.00 2492.00 -250.00 -840.00 2492.00 -320.00 -840.00 2492.00 -250.00 -900.00 2492.00 -320.00 -900.00 2852.00 -320.00 -1320.00 2852.00 -270.91 -1320.00 2852.00 -320.00 -1200.00 2852.00 -250.00 -1200.00 2972.00 -320.00 -1320.00 2972.00 -270.91 -1320.00 2852.00 -320.00 -1320.00 2852.00 -270.91 -1320.00 2972.00 -247.72 -1200.00 2972.00 -270.91 -1320.00 2972.00 -320.00 -1200.00 2972.00 -320.00 -1320.00 3332.00 -240.00 -960.00 3332.00 -240.00 -1080.00 3332.00 -320.00 -960.00 3332.00 -320.00 -1080.00 2612.00 -320.00 -960.00 2492.00 -320.00 -960.00 2492.00 -440.00 -960.00 2612.00 -440.00 -1080.00 2612.00 -440.00 -1200.00 2612.00 -560.00 -1080.00 2612.00 -560.00 -1200.00 2612.00 -320.00 -1080.00 2612.00 -320.00 -960.00 2612.00 -320.00 -600.00 2612.00 -320.00 -480.00 2612.00 -440.00 -480.00 2492.00 -320.00 -600.00 2492.00 -440.00 -600.00 2612.00 -320.00 -600.00 3332.00 -440.00 -720.00 3212.00 -440.00 -720.00 3332.00 -560.00 -720.00 3212.00 -560.00 -720.00 3212.00 -320.00 -600.00 3212.00 -440.00 -600.00 3212.00 -320.00 -720.00 3212.00 -560.00 -480.00 3212.00 -560.00 -600.00 3212.00 -440.00 -480.00 2492.00 -249.01 -720.00 2492.00 -320.00 -720.00 2492.00 -250.00 -780.00 2492.00 -320.00 -780.00 2732.00 -250.00 -1200.00 2732.00 -320.00 -1200.00 2852.00 -250.00 -1200.00 2852.00 -320.00 -1200.00 2612.00 -250.00 -1200.00 2612.00 -320.00 -1200.00 2732.00 -250.00 -1200.00 2732.00 -320.00 -1200.00 3092.00 -234.66 -480.00 3092.00 -320.00 -480.00 2972.00 -237.51 -480.00 2972.00 -320.00 -480.00 2852.00 -239.64 -480.00 2852.00 -320.00 -480.00 2732.00 -241.77 -480.00 2732.00 -320.00 -480.00 2732.00 -241.77 -480.00 2732.00 -320.00 -480.00 2612.00 -243.90 -480.00 2612.00 -320.00 -480.00 3212.00 -233.23 -480.00 3212.00 -320.00 -480.00 3092.00 -234.66 -480.00 3092.00 -320.00 -480.00 2492.00 -320.00 -631.34 2492.00 -248.02 -631.34 2852.00 -182.69 -1320.00 2972.00 -185.00 -1320.00 2912.00 -120.00 -1320.00 2972.00 -120.00 -1320.00 2852.00 -120.00 -1320.00 3332.00 -320.00 -840.00 3332.00 -240.00 -840.00 3332.00 -320.00 -840.00 3332.00 -240.00 -840.00 2742.49 57.51 -781.93 2749.56 106.37 -791.72 2753.74 106.37 -776.50 2742.49 57.51 -781.93 2741.03 106.37 -768.86 2742.49 57.51 -781.93 2730.60 106.37 -777.20 2742.49 57.51 -781.93 2736.80 76.50 -789.14 2755.85 148.68 -801.30 2763.82 234.67 -809.11 2762.40 148.68 -772.59 2773.22 234.67 -769.43 2736.80 76.50 -789.14 2732.93 176.28 -796.21 2729.38 234.67 -802.64 2742.49 57.51 -781.93 2722.00 148.68 -774.39 2711.60 234.67 -774.60 2732.93 176.28 -796.21 2729.38 234.67 -802.64 2742.23 148.68 -760.30 2740.86 234.67 -749.61 2940.50 166.43 -788.16 2934.64 225.48 -786.83 2950.98 166.43 -819.74 2948.37 233.47 -824.50 2965.10 166.43 -767.14 2964.26 230.98 -761.50 2992.32 166.43 -783.81 2997.36 241.11 -781.48 2966.49 20.92 -794.93 2971.77 70.39 -801.96 2974.94 70.39 -790.42 2966.49 20.92 -794.93 2965.31 70.39 -784.63 2966.49 20.92 -794.93 2957.40 70.39 -790.94 2966.49 20.92 -794.93 2960.80 70.39 -802.14 2950.98 166.43 -819.74 2948.37 233.47 -824.50 2984.41 166.43 -817.17 2989.62 245.34 -821.62 2976.37 115.50 -809.08 2981.25 115.50 -787.68 2960.80 70.39 -802.14 2956.93 115.50 -809.21 2966.49 20.92 -794.93 2951.14 115.50 -789.02 2956.93 115.50 -809.21 2966.22 115.50 -778.52 2993.49 64.27 -754.93 2998.77 136.53 -761.96 3001.94 136.53 -750.42 2993.49 64.27 -754.93 2992.31 136.53 -744.63 2993.49 64.27 -754.93 2984.40 136.53 -750.94 2993.49 64.27 -754.93 2987.80 136.53 -762.14 3005.03 185.81 -771.56 3017.09 243.73 -784.66 3010.70 185.81 -746.67 3027.50 243.73 -740.77 2987.80 136.53 -762.14 2982.42 185.81 -771.71 2973.10 243.73 -788.04 2993.49 64.27 -754.93 2975.69 185.81 -748.23 2959.32 243.73 -746.49 2982.42 185.81 -771.71 2973.10 243.73 -788.04 2993.22 185.81 -736.02 2991.69 243.73 -718.84 2900.49 45.15 -988.93 2910.04 124.14 -1002.50 2915.64 124.14 -982.16 2900.49 45.15 -988.93 2898.64 124.14 -971.94 2900.49 45.15 -988.93 2884.70 124.14 -983.08 2900.49 45.15 -988.93 2890.70 124.14 -1002.83 2920.25 177.13 -1017.85 2927.71 241.39 -1023.44 2929.86 177.13 -975.68 2939.71 241.39 -972.83 2890.70 124.14 -1002.83 2881.93 177.13 -1018.10 2877.00 241.39 -1027.33 2900.49 45.15 -988.93 2870.53 177.13 -978.32 2861.11 241.39 -979.43 2881.93 177.13 -1018.10 2877.00 241.39 -1027.33 2900.24 177.13 -957.62 2898.43 241.39 -947.55 2972.00 -320.00 -1080.00 2972.00 -320.00 -1200.00 2852.00 -320.00 -1080.00 2852.00 -320.00 -1200.00 2732.00 -320.00 -840.00 2852.00 -320.00 -840.00 2732.00 -320.00 -960.00 2852.00 -320.00 -960.00 2732.00 -320.00 -720.00 2612.00 -320.00 -720.00 2732.00 -320.00 -600.00 2612.00 -320.00 -600.00 2612.00 -320.00 -960.00 2612.00 -320.00 -840.00 2732.00 -320.00 -960.00 2732.00 -320.00 -840.00 3212.00 -320.00 -600.00 3092.00 -320.00 -600.00 3212.00 -320.00 -480.00 3092.00 -320.00 -480.00 2852.00 -320.00 -840.00 2852.00 -320.00 -720.00 2972.00 -320.00 -840.00 2972.00 -320.00 -720.00 2852.00 -320.00 -480.00 2852.00 -320.00 -600.00 2732.00 -320.00 -480.00 2732.00 -320.00 -600.00 2972.00 -320.00 -960.00 2972.00 -320.00 -840.00 3092.00 -320.00 -960.00 3092.00 -320.00 -840.00 3212.00 -320.00 -840.00 3212.00 -320.00 -720.00 3272.00 -320.00 -840.00 3332.00 -320.00 -780.00 3332.00 -320.00 -720.00 3092.00 -320.00 -840.00 3092.00 -320.00 -720.00 3212.00 -320.00 -840.00 3212.00 -320.00 -720.00 2972.00 -320.00 -840.00 2972.00 -320.00 -720.00 3092.00 -320.00 -840.00 3092.00 -320.00 -720.00 3092.00 -320.00 -480.00 3092.00 -320.00 -600.00 2972.00 -320.00 -480.00 2972.00 -320.00 -600.00 2852.00 -320.00 -600.00 2972.00 -320.00 -600.00 2852.00 -320.00 -720.00 2972.00 -320.00 -720.00 2972.00 -320.00 -960.00 2852.00 -320.00 -960.00 2972.00 -320.00 -840.00 2852.00 -320.00 -840.00 2972.00 -320.00 -1080.00 2972.00 -320.00 -960.00 3092.00 -320.00 -1080.00 3092.00 -320.00 -960.00 3332.00 -320.00 -900.00 3332.00 -320.00 -960.00 3212.00 -320.00 -960.00 3212.00 -320.00 -840.00 3272.00 -320.00 -840.00 3212.00 -320.00 -1080.00 3212.00 -320.00 -960.00 3332.00 -320.00 -1080.00 3332.00 -320.00 -960.00 3092.00 -320.00 -960.00 3092.00 -320.00 -840.00 3212.00 -320.00 -960.00 3212.00 -320.00 -840.00 3092.00 -320.00 -1080.00 3092.00 -320.00 -960.00 3212.00 -320.00 -1080.00 3212.00 -320.00 -960.00 2852.00 -320.00 -1080.00 2972.00 -320.00 -960.00 2612.00 -320.00 -960.00 2732.00 -320.00 -960.00 2612.00 -320.00 -1080.00 2732.00 -320.00 -1080.00 2732.00 -320.00 -1200.00 2732.00 -320.00 -1080.00 2852.00 -320.00 -1200.00 2852.00 -320.00 -1080.00 2612.00 -320.00 -1080.00 2732.00 -320.00 -1080.00 2612.00 -320.00 -1200.00 2732.00 -320.00 -1200.00 2732.00 -320.00 -1080.00 2732.00 -320.00 -960.00 2852.00 -320.00 -960.00 3212.00 -320.00 -720.00 3212.00 -320.00 -600.00 3092.00 -320.00 -600.00 2972.00 -320.00 -480.00 2972.00 -320.00 -600.00 2852.00 -320.00 -480.00 2852.00 -320.00 -600.00 2972.00 -320.00 -600.00 3092.00 -320.00 -600.00 2972.00 -320.00 -720.00 3092.00 -320.00 -720.00 2732.00 -320.00 -600.00 2852.00 -320.00 -600.00 2732.00 -320.00 -720.00 2852.00 -320.00 -720.00 2732.00 -320.00 -480.00 2732.00 -320.00 -600.00 2612.00 -320.00 -480.00 2612.00 -320.00 -600.00 2492.00 -320.00 -900.00 2492.00 -320.00 -840.00 2612.00 -320.00 -840.00 2612.00 -320.00 -600.00 2492.00 -320.00 -631.34 2492.00 -320.00 -600.00 2612.00 -320.00 -840.00 2612.00 -320.00 -720.00 2492.00 -320.00 -780.00 2612.00 -320.00 -840.00 2492.00 -320.00 -840.00 2492.00 -320.00 -960.00 2612.00 -320.00 -960.00 2492.00 -320.00 -720.00 2612.00 -320.00 -720.00 2612.00 -320.00 -720.00 2492.00 -320.00 -720.00 3332.00 -320.00 -840.00 3332.00 -320.00 -840.00 2352.00 -250.00 -870.00 2352.00 -250.00 -810.00 2352.00 -734.81 -1468.01 2352.00 -734.81 -211.99 2352.00 -150.00 -810.00 2352.00 331.24 -211.99 2352.00 -150.00 -870.00 2352.00 331.24 -1468.01 </float_array>
                    <technique_common>
                        <accessor source="#geom-02E206F7-pos-array" count="1125" stride="3">
                            <param name="X" type="float" />
                            <param name="Y" type="float" />
                            <param name="Z" type="float" />
                        </accessor>
                    </technique_common>
                </source>
                <source id="geom-02E206F7-texcoord">
                    <float_array id="geom-02E206F7-texcoord-array" count="2250">0.49 0.99 0.26 0.99 0.49 0.75 0.26 0.75 0.26 0.51 0.49 0.51 0.49 0.99 0.26 0.99 0.49 0.75 0.26 0.75 0.26 0.51 0.49 0.51 0.49 0.51 0.49 0.74 0.26 0.51 0.26 0.74 6.16 -1.56 6.16 -1.37 6.00 -1.56 6.00 -1.37 6.31 -1.37 6.31 -1.56 6.88 -1.37 6.88 -1.56 6.31 -1.75 6.88 -1.75 6.16 -1.66 6.16 -1.75 6.31 -1.19 6.88 -1.19 6.31 -1.00 6.88 -1.00 0.84 -0.02 1.50 -0.02 0.94 0.76 1.42 0.99 1.95 0.78 2.16 -0.02 1.99 -0.99 1.50 -0.99 1.01 -0.99 0.01 0.51 0.49 0.51 0.01 0.99 0.49 0.99 0.01 0.99 0.01 0.75 0.24 0.75 0.24 0.50 0.01 0.50 0.01 0.26 0.24 0.26 0.24 0.99 6.16 -1.19 6.16 -1.09 6.00 -1.19 6.16 -1.00 6.87 1.73 5.18 1.73 6.04 0.03 3.48 0.03 3.48 1.73 0.03 5.18 0.03 3.48 1.73 5.18 1.73 3.48 1.73 6.87 6.87 5.18 5.18 6.87 5.18 5.18 6.87 3.48 5.18 3.48 6.87 3.42 5.18 3.42 6.87 1.73 5.18 1.73 4.74 3.48 3.48 5.18 3.48 3.48 3.42 3.48 0.03 6.87 0.03 3.48 6.87 3.48 6.87 6.87 3.48 6.87 6.87 6.87 3.48 3.48 6.87 3.48 3.42 6.87 0.03 6.87 3.42 3.48 0.03 3.48 6.87 5.18 5.61 3.48 6.87 3.48 3.42 5.18 3.42 6.87 0.03 5.18 0.03 6.87 6.87 6.87 4.74 6.87 6.87 3.48 3.48 3.48 3.45 6.87 0.03 6.87 2.59 5.18 0.03 5.18 3.45 6.87 0.03 6.87 3.45 5.18 0.03 5.18 0.03 6.87 0.03 3.48 2.16 3.48 0.03 6.87 0.03 3.48 3.42 6.87 2.59 3.48 6.87 3.48 4.74 4.74 3.48 3.48 6.87 6.87 3.48 6.87 6.87 3.48 3.48 3.48 3.48 3.48 6.87 3.48 3.48 6.87 6.87 6.87 6.87 3.48 6.87 6.87 3.48 3.48 3.48 6.87 3.42 3.48 0.03 6.87 0.03 3.48 3.42 3.48 3.42 5.15 0.03 3.48 0.03 5.15 3.48 3.48 6.87 6.87 3.48 6.87 3.48 3.48 6.87 5.18 3.48 6.87 6.87 6.87 3.48 3.48 6.87 3.48 5.61 4.74 3.42 3.48 2.16 5.42 0.03 3.48 6.87 3.48 5.76 5.12 3.48 3.48 3.48 5.18 3.48 3.48 4.74 5.61 3.48 5.18 6.87 6.87 3.48 6.87 0.03 5.18 0.03 2.59 3.42 5.18 3.42 2.59 6.87 2.59 3.48 2.59 6.87 0.03 3.48 0.03 4.31 2.59 3.45 5.25 1.29 2.59 1.29 5.18 0.03 5.18 0.03 2.59 3.42 5.18 3.42 2.59 3.45 2.59 6.87 5.18 6.87 2.59 3.42 2.59 0.03 2.59 3.42 0.03 0.03 0.03 3.48 5.18 3.48 2.59 6.87 5.18 6.87 2.59 2.59 2.59 0.03 2.59 3.42 0.03 0.03 0.03 6.87 5.18 3.48 5.18 1.29 6.87 0.03 5.18 0.03 6.87 0.03 6.87 3.42 6.87 6.87 6.87 3.48 6.87 6.87 5.18 3.48 5.18 3.42 6.87 0.03 6.87 5.18 3.42 6.87 3.42 4.31 0.43 3.48 1.73 3.48 0.43 6.87 6.87 3.48 6.87 3.42 6.87 0.03 6.87 3.42 5.18 0.03 5.18 3.48 3.48 6.87 3.48 3.48 6.87 6.87 6.87 6.87 2.59 3.48 2.59 6.87 0.03 3.48 0.03 3.42 2.59 0.03 2.59 3.42 0.03 0.03 0.03 3.48 6.87 3.48 3.48 6.87 6.87 6.87 3.48 6.87 2.59 6.87 0.03 4.31 0.03 6.87 5.18 6.87 6.87 3.45 6.88 3.42 6.87 0.03 6.87 3.42 3.48 0.03 3.48 3.48 6.87 3.48 3.48 6.87 6.87 6.87 3.48 0.03 6.87 0.03 3.48 3.42 6.87 3.42 3.48 3.48 6.87 3.48 3.48 6.87 6.87 6.87 3.48 3.42 0.03 0.03 0.03 1.29 0.03 6.87 0.03 3.48 0.03 2.59 0.03 0.03 0.03 3.45 0.03 0.03 0.03 0.03 2.59 0.03 3.48 3.42 3.48 0.03 6.87 3.42 6.87 6.87 0.03 6.87 6.87 3.42 6.87 0.03 6.87 3.42 3.48 0.03 3.48 3.45 5.17 0.03 6.87 0.03 3.48 3.42 6.87 3.42 3.48 3.48 3.48 6.87 3.48 3.48 6.87 6.87 6.87 6.87 0.03 6.87 0.03 0.03 6.87 0.03 5.18 3.42 6.87 3.42 5.18 3.42 3.48 3.48 3.42 3.42 6.87 3.48 5.18 3.48 6.87 3.48 3.48 3.48 3.42 6.87 6.87 3.48 6.87 3.48 3.48 3.48 6.87 3.48 3.48 6.04 6.87 3.42 6.87 3.48 6.87 3.48 3.48 6.04 6.87 6.04 3.48 3.42 3.48 0.03 3.48 6.04 4.74 6.87 3.48 0.03 3.48 3.42 3.48 0.03 6.87 3.42 6.87 3.48 6.87 3.48 3.48 6.87 6.87 6.87 3.48 6.87 6.87 6.87 3.48 3.48 6.87 6.87 6.87 4.74 5.18 3.48 6.87 3.48 3.48 0.03 6.87 3.42 5.18 3.42 6.87 3.48 6.87 3.42 3.48 0.03 3.48 6.87 6.87 3.48 3.48 0.03 6.87 0.03 3.48 3.42 6.87 3.42 3.48 3.48 6.87 3.48 3.48 4.74 4.74 6.87 3.48 6.87 3.48 6.87 6.87 6.87 3.48 6.04 5.18 3.48 6.87 3.48 3.48 3.42 6.87 2.16 3.48 3.42 3.48 6.87 3.48 6.04 6.87 5.61 6.87 6.87 6.87 0.86 3.48 3.42 3.48 0.86 6.87 3.42 6.87 5.61 6.87 3.48 3.48 6.87 3.48 3.48 3.48 6.87 3.48 4.31 4.74 3.48 6.87 6.87 6.87 4.31 6.87 6.87 3.48 6.87 6.87 3.48 3.48 3.48 6.87 3.48 3.48 6.87 3.48 3.48 6.87 6.87 6.87 3.48 6.87 6.87 6.87 0.03 6.87 0.03 3.48 3.42 6.87 3.42 3.48 3.48 6.87 3.48 3.48 6.87 6.87 6.87 3.48 3.48 3.48 6.87 3.48 3.48 5.18 6.87 6.87 3.48 6.87 3.48 3.48 6.87 6.87 6.87 3.48 0.03 3.48 3.42 3.48 0.03 6.87 3.42 6.87 3.48 3.48 6.87 3.48 3.48 6.87 6.87 6.87 6.87 3.48 6.87 6.87 3.48 3.48 3.48 6.87 6.87 3.48 6.87 5.18 3.48 3.48 3.48 6.87 0.03 6.87 0.03 3.48 3.42 6.87 3.42 3.48 0.03 6.87 0.03 3.48 1.73 3.48 0.03 3.48 3.42 3.48 0.03 6.87 3.42 6.87 3.42 3.48 3.42 6.87 0.03 3.48 0.03 6.87 3.42 6.87 0.03 6.87 3.42 3.48 0.03 3.48 3.48 6.87 3.48 3.48 6.87 6.87 6.87 3.48 0.03 6.87 0.03 3.48 3.42 6.87 3.42 3.48 1.29 3.48 3.42 3.48 3.42 6.87 3.48 6.87 3.48 3.48 5.18 6.87 6.87 3.48 6.87 3.48 6.87 3.48 3.48 3.48 6.87 3.48 3.42 6.87 3.48 3.48 6.87 3.48 3.48 6.87 5.61 4.74 6.87 3.48 6.87 6.87 3.48 3.48 6.87 6.87 0.77 -1.90 0.72 -0.91 0.33 -1.35 2.15 -6.11 2.12 -6.05 2.05 -6.09 2.03 -6.01 1.90 -6.20 1.86 -6.05 2.30 -6.06 2.23 -5.99 2.17 -5.87 2.07 -5.92 1.88 -5.93 1.95 -5.87 2.02 -5.80 2.07 -5.74 2.29 -5.50 2.46 -5.82 1.62 -5.74 1.69 -5.70 1.64 -5.65 1.73 -5.77 1.63 -5.81 1.74 -5.87 1.81 -5.62 1.70 -5.60 1.95 -5.66 1.85 -5.77 1.82 -5.89 2.07 -5.37 1.92 -5.41 1.79 -5.49 1.33 -0.72 0.56 0.61 0.00 -0.74 0.08 0.18 1.16 0.54 1.65 -0.22 5.10 -4.87 4.81 -4.81 5.08 -5.00 4.79 -5.08 5.10 -4.72 4.91 -4.56 3.16 -6.30 2.99 -6.26 2.99 -6.53 2.93 -6.53 2.66 -6.21 2.80 -6.52 1.14 -5.07 1.55 -5.07 1.39 -4.81 1.02 -4.78 0.89 -5.05 3.86 -2.87 4.41 -3.15 4.40 -2.65 1.82 -1.48 1.79 -0.86 1.63 -2.41 2.00 -3.33 2.33 -3.14 1.99 -2.30 2.48 -2.33 2.15 -1.80 0.88 -3.43 1.70 -3.46 1.49 -3.82 0.96 -3.86 1.55 -4.34 1.20 -4.32 1.86 -4.01 2.16 -3.69 2.54 -2.96 2.87 -2.71 2.68 -3.68 3.11 -3.61 3.72 -2.38 3.23 -2.53 3.47 -3.07 4.10 -2.46 4.28 -4.91 4.44 -5.31 4.36 -4.48 3.77 -4.48 3.69 -5.08 3.30 -4.61 4.53 -4.35 4.30 -3.96 4.01 -4.10 3.77 -3.37 4.21 -3.60 3.80 -3.76 3.37 -4.11 2.83 -4.18 2.37 -3.98 2.10 -4.21 2.43 -4.42 2.79 -4.74 2.07 -4.81 3.20 -5.92 2.83 -5.78 3.32 -5.45 3.11 -4.89 2.82 -5.38 3.75 -5.77 4.16 -5.59 3.84 -5.48 4.06 -5.30 1.49 -5.49 1.87 -5.24 2.51 -5.10 4.39 -2.37 4.31 -2.05 3.99 -2.19 0.74 -5.31 0.96 -5.35 1.21 -5.35 1.55 -5.31 1.21 -5.35 2.50 -6.05 3.44 -6.03 2.86 -6.88 5.39 -4.93 1.63 -2.41 0.04 0.00 0.04 -5.71 4.29 -5.67 0.00 -6.88 4.29 -6.88 0.00 -0.98 4.29 -0.98 0.04 3.35 4.29 3.35 0.04 0.00 4.29 -5.67 0.04 3.39 4.29 3.39 0.04 -5.71 3.48 4.31 4.31 4.31 4.31 5.15 4.31 5.20 5.15 5.20 4.31 6.04 5.15 4.31 4.31 4.31 5.15 3.48 4.31 3.48 5.15 4.31 4.31 4.31 5.15 3.48 4.31 4.31 4.31 3.48 5.15 4.31 5.15 3.48 5.15 4.31 5.15 3.48 4.31 3.48 3.48 6.88 4.31 6.88 5.15 6.04 5.15 6.88 3.48 4.31 4.31 5.15 3.48 5.15 3.48 5.20 3.48 6.04 3.48 4.31 4.31 5.15 3.48 5.15 3.48 4.31 3.48 3.48 5.15 5.15 3.48 3.48 4.31 3.48 3.48 3.48 4.31 5.15 5.15 5.15 5.15 5.15 3.48 5.15 3.48 5.15 5.15 5.15 3.48 3.48 3.48 4.31 4.31 4.31 4.31 5.15 4.31 5.20 5.15 5.20 4.31 6.04 5.15 4.31 4.31 4.31 5.15 3.48 4.31 3.48 5.15 4.31 4.31 4.31 5.15 3.48 4.31 4.31 4.31 3.48 5.15 4.31 5.15 3.48 5.15 4.31 5.15 3.48 4.31 3.48 3.48 6.88 4.31 6.88 5.15 6.04 5.15 6.88 3.48 4.31 4.31 5.15 3.48 5.15 3.48 5.20 3.48 6.04 3.48 4.31 4.31 5.15 3.48 5.15 3.48 4.31 3.48 3.48 5.15 5.15 3.48 3.48 4.31 3.48 3.48 3.48 4.31 5.15 5.15 5.15 5.15 5.15 3.48 5.15 3.48 5.15 5.15 5.15 3.48 3.48 3.48 1.70 3.48 0.03 6.88 1.70 6.88 0.03 5.18 1.75 5.18 3.42 3.48 1.75 3.48 3.42 6.88 0.03 6.88 1.70 3.48 0.03 3.48 1.70 3.48 0.03 5.18 0.03 3.48 1.70 5.18 1.70 6.88 1.70 6.88 0.03 3.48 0.03 6.88 0.03 3.48 1.70 6.88 1.70 3.48 1.70 3.48 0.03 6.88 1.70 6.88 0.03 3.48 0.03 6.88 0.03 3.48 1.70 6.88 1.70 3.48 3.42 3.48 1.75 4.31 3.42 0.03 3.42 0.03 0.03 3.42 3.42 3.42 0.03 0.03 3.42 0.03 0.03 3.42 3.42 3.42 0.03 0.03 3.42 0.03 0.03 3.42 3.42 3.42 0.03 3.42 3.42 0.03 3.42 3.42 0.03 0.03 0.03 0.03 0.03 3.42 0.03 0.03 3.42 3.42 3.42 0.03 0.03 3.42 0.03 0.03 3.42 3.42 3.42 0.03 0.03 3.42 0.03 0.03 3.42 3.42 3.42 0.03 0.03 3.42 0.03 0.03 3.42 3.42 3.42 0.03 0.03 3.42 0.03 0.03 3.42 3.42 3.42 0.03 3.42 0.03 0.03 3.42 3.42 3.42 0.03 0.03 0.03 3.42 0.03 0.03 3.42 3.42 3.42 0.03 0.03 3.42 0.03 0.03 3.42 3.42 3.42 3.42 3.48 3.42 6.88 0.03 3.48 0.03 6.88 5.18 1.75 6.88 1.75 5.18 3.42 6.88 3.42 0.03 3.42 0.03 0.03 3.42 3.42 3.42 0.03 0.03 3.42 0.03 0.03 3.42 3.42 0.03 3.42 0.03 0.03 3.42 3.42 0.03 3.42 3.42 3.42 3.42 0.03 0.03 3.42 3.42 3.42 0.03 3.42 3.42 3.42 3.42 0.03 0.03 3.42 0.03 0.03 3.42 3.42 0.03 3.42 3.42 3.42 6.04 3.42 5.18 3.42 5.18 1.75 6.88 3.42 6.88 1.75 6.88 0.03 6.88 1.70 3.48 0.03 3.48 1.70 6.88 0.03 6.88 1.70 3.48 0.03 3.48 1.70 6.88 1.70 3.48 1.70 6.88 0.03 3.48 0.03 6.88 1.70 3.48 1.70 6.88 0.03 3.48 0.03 0.03 3.42 3.42 3.42 3.42 0.03 0.03 0.03 3.42 0.03 0.03 3.42 3.42 3.42 0.03 3.42 3.42 3.42 0.03 3.42 3.42 3.42 3.42 0.03 0.03 3.42 0.03 0.03 3.42 3.42 0.03 0.03 3.42 0.03 0.03 3.42 3.42 3.42 0.03 3.42 0.03 0.03 3.42 3.42 3.42 3.42 0.03 3.42 3.42 0.03 5.61 1.70 5.61 0.03 6.88 1.70 6.88 0.03 3.48 1.70 3.48 0.03 6.88 1.70 6.88 0.03 3.48 1.70 3.48 0.03 6.88 1.70 6.88 0.03 3.48 1.70 3.48 0.03 6.88 1.70 6.88 0.03 3.48 1.70 3.48 0.03 6.88 1.70 6.88 0.03 3.48 1.70 3.48 0.03 6.88 1.70 6.88 0.03 3.48 1.70 3.48 0.03 6.88 1.70 6.88 0.03 3.48 0.03 3.48 1.70 3.48 1.75 6.88 1.75 5.18 3.42 6.88 3.42 3.48 3.42 3.48 1.75 3.48 3.42 6.88 1.75 6.88 3.42 6.34 3.48 6.52 4.31 6.20 4.31 6.04 3.48 5.82 4.31 5.66 3.48 5.50 4.31 5.34 3.56 5.20 4.31 6.52 5.20 6.52 6.07 6.20 5.20 6.20 6.07 6.88 4.31 6.88 5.20 6.88 6.07 6.71 3.48 5.50 5.20 5.50 6.07 5.20 5.20 5.20 6.07 5.82 5.20 5.82 6.07 5.50 6.07 5.50 6.82 5.20 6.07 5.20 6.85 5.82 6.07 5.82 6.85 6.20 6.07 6.20 6.88 6.34 3.48 6.52 4.31 6.20 4.31 6.04 3.48 5.82 4.31 5.66 3.48 5.50 4.31 5.34 3.56 5.20 4.31 6.88 6.07 6.88 6.85 6.52 6.07 6.52 6.88 6.52 5.20 6.20 5.20 6.88 4.31 6.88 5.20 6.71 3.48 5.50 5.20 5.20 5.20 5.82 5.20 6.34 3.48 6.52 4.31 6.20 4.31 6.04 3.48 5.82 4.31 5.66 3.48 5.50 4.31 5.34 3.56 5.20 4.31 6.52 5.20 6.52 6.07 6.20 5.20 6.20 6.07 6.88 4.31 6.88 5.20 6.88 6.07 6.71 3.48 5.50 5.20 5.50 6.07 5.20 5.20 5.20 6.07 5.82 5.20 5.82 6.07 6.34 3.48 6.52 4.31 6.20 4.31 6.04 3.48 5.82 4.31 5.66 3.48 5.50 4.31 5.34 3.56 5.20 4.31 6.52 5.20 6.52 6.07 6.20 5.20 6.20 6.07 6.88 4.31 6.88 5.20 6.88 6.07 6.71 3.48 5.50 5.20 5.50 6.07 5.20 5.20 5.20 6.07 5.82 5.20 5.82 6.07 3.42 3.42 0.03 3.42 3.42 0.03 0.03 0.03 3.42 6.88 0.03 6.88 3.42 3.48 0.03 3.48 3.42 3.42 0.03 3.42 3.42 0.03 0.03 0.03 3.42 3.42 0.03 3.42 3.42 0.03 0.03 0.03 3.48 6.88 3.48 3.48 6.88 6.88 6.88 3.48 3.42 6.88 0.03 6.88 3.42 3.48 0.03 3.48 6.88 3.42 3.48 3.42 6.88 0.03 3.48 0.03 3.42 6.88 0.03 6.88 3.42 3.48 0.03 3.48 3.48 3.42 3.48 0.03 5.18 3.42 6.88 1.73 6.88 0.03 3.42 6.88 0.03 6.88 3.42 3.48 0.03 3.48 3.42 3.42 0.03 3.42 3.42 0.03 0.03 0.03 6.88 3.42 3.48 3.42 6.88 0.03 3.48 0.03 3.42 3.42 0.03 3.42 3.42 0.03 0.03 0.03 3.42 3.42 0.03 3.42 3.42 0.03 0.03 0.03 3.42 6.88 0.03 6.88 3.42 3.48 0.03 3.48 6.88 5.18 6.88 6.88 3.48 6.88 3.48 3.48 5.18 3.48 3.48 6.88 3.48 3.48 6.88 6.88 6.88 3.48 3.42 3.42 0.03 3.42 3.42 0.03 0.03 0.03 3.42 6.88 0.03 6.88 3.42 3.48 0.03 3.48 0.03 6.88 3.42 3.48 3.42 6.88 0.03 6.88 3.42 3.48 0.03 3.48 6.88 6.88 3.48 6.88 6.88 3.48 3.48 3.48 3.48 6.88 3.48 3.48 6.88 6.88 6.88 3.48 3.42 3.42 0.03 3.42 0.03 0.03 3.42 6.88 3.42 3.48 0.03 3.48 6.88 6.88 3.48 6.88 6.88 3.48 3.48 3.48 3.42 6.88 0.03 6.88 3.42 3.48 0.03 3.48 3.42 6.88 0.03 6.88 3.42 3.48 0.03 3.48 6.88 6.88 3.48 6.88 6.88 3.48 3.48 3.48 6.88 5.18 6.88 6.88 3.48 6.88 3.48 6.88 6.88 6.04 6.88 6.88 0.03 6.88 0.03 3.48 6.88 1.73 3.48 0.03 6.88 0.03 6.88 3.48 3.48 3.48 6.88 3.42 3.48 3.42 3.48 3.48 6.88 3.48 6.88 3.42 6.88 3.48 3.60 3.17 3.27 3.17 6.88 0.52 0.00 0.52 3.27 3.72 0.00 6.36 3.60 3.72 6.88 6.36 </float_array>
                    <technique_common>
                        <accessor source="#geom-02E206F7-texcoord-array" count="1125" stride="2">
                            <param name="S" type="float" />
                            <param name="T" type="float" />
                        </accessor>
                    </technique_common>
                </source>
                <source id="geom-02E206F7-colors">
                    <float_array id="geom-02E206F7-colors-array" count="4468">0.00 0.00 0.00 1.00 0.00 0.00 0.00 1.00 0.00 0.00 0.00 1.00 0.00 0.00 0.00 1.00 0.00 0.00 0.00 1.00 0.00 0.00 0.00 1.00 0.00 0.00 0.00 1.00 0.00 0.00 0.00 1.00 0.00 0.00 0.00 1.00 0.00 0.00 0.00 1.00 0.00 0.00 0.00 1.00 0.00 0.00 0.00 1.00 0.00 0.00 0.00 1.00 0.00 0.00 0.00 1.00 0.00 0.00 0.00 1.00 0.00 0.00 0.00 1.00 0.14 0.33 0.97 1.00 0.05 0.21 0.72 1.00 0.08 0.06 0.15 1.00 0.08 0.06 0.15 1.00 0.10 0.31 1.00 1.00 0.09 0.33 1.00 1.00 0.45 0.70 1.00 1.00 0.42 0.65 1.00 1.00 0.09 0.28 0.93 1.00 0.29 0.46 0.95 1.00 0.21 0.43 1.00 1.00 0.22 0.43 1.00 1.00 0.09 0.32 1.00 1.00 0.42 0.62 1.00 1.00 0.09 0.30 0.95 1.00 0.31 0.47 0.96 1.00 0.01 0.19 0.76 1.00 0.00 0.45 1.00 1.00 0.04 0.17 0.56 1.00 0.04 0.11 0.34 1.00 0.05 0.18 0.60 1.00 0.02 0.24 0.93 1.00 0.16 0.31 0.85 1.00 0.45 0.51 0.70 1.00 0.18 0.34 0.90 1.00 0.29 0.42 0.78 1.00 0.23 0.34 0.68 1.00 0.27 0.40 0.75 1.00 0.19 0.29 0.61 1.00 0.00 0.00 0.00 1.00 0.00 0.00 0.00 1.00 0.00 0.00 0.00 1.00 0.00 0.00 0.00 1.00 0.00 0.00 0.00 1.00 0.00 0.00 0.00 1.00 0.00 0.00 0.00 1.00 0.00 0.00 0.00 1.00 0.14 0.34 0.97 1.00 0.20 0.42 1.00 1.00 0.08 0.06 0.15 1.00 0.22 0.43 1.00 1.00 0.20 0.44 1.00 1.00 0.04 0.42 1.00 1.00 0.09 0.28 0.93 1.00 0.29 0.46 0.95 1.00 0.27 0.41 0.84 1.00 0.34 0.51 1.00 1.00 0.36 0.56 1.00 1.00 0.04 0.25 0.93 1.00 0.05 0.32 1.00 1.00 0.09 0.32 1.00 1.00 0.35 0.51 1.00 1.00 0.09 0.32 1.00 1.00 0.06 0.27 0.96 1.00 0.38 0.58 1.00 1.00 0.08 0.35 1.00 1.00 0.38 0.58 1.00 1.00 0.08 0.35 1.00 1.00 0.30 0.45 0.91 1.00 0.09 0.45 1.00 1.00 0.17 0.27 0.58 1.00 0.30 0.45 0.91 1.00 0.31 0.47 0.96 1.00 0.20 0.31 0.64 1.00 0.04 0.13 0.51 1.00 0.32 0.47 0.90 1.00 0.39 0.49 0.78 1.00 0.00 0.07 0.35 1.00 0.00 0.04 0.23 1.00 0.04 0.13 0.51 1.00 0.39 0.49 0.78 1.00 0.32 0.47 0.90 1.00 0.39 0.49 0.78 1.00 0.00 0.05 0.28 1.00 0.49 0.58 0.83 1.00 0.00 0.04 0.22 1.00 0.27 0.41 0.84 1.00 0.18 0.29 0.60 1.00 0.29 0.46 0.95 1.00 0.07 0.15 0.40 1.00 0.11 0.21 0.49 1.00 0.04 0.07 0.17 1.00 0.05 0.09 0.20 1.00 0.13 0.22 0.50 1.00 0.00 0.04 0.25 1.00 0.34 0.42 0.66 1.00 0.00 0.04 0.22 1.00 0.14 0.24 0.54 1.00 0.05 0.09 0.20 1.00 0.09 0.18 0.45 1.00 0.04 0.07 0.17 1.00 0.13 0.22 0.51 1.00 0.24 0.36 0.75 1.00 0.10 0.19 0.46 1.00 0.14 0.23 0.53 1.00 0.00 0.05 0.25 1.00 0.14 0.24 0.53 1.00 0.00 0.04 0.24 1.00 0.00 0.03 0.19 1.00 0.13 0.23 0.52 1.00 0.00 0.04 0.19 1.00 0.00 0.07 0.40 1.00 0.14 0.23 0.53 1.00 0.00 0.04 0.23 1.00 0.00 0.04 0.18 1.00 0.00 0.04 0.18 1.00 0.13 0.22 0.51 1.00 0.04 0.08 0.18 1.00 0.11 0.19 0.47 1.00 0.23 0.38 0.84 1.00 0.22 0.34 0.71 1.00 0.48 0.70 1.00 1.00 0.29 0.42 0.83 1.00 0.11 0.20 0.47 1.00 0.13 0.22 0.52 1.00 0.04 0.09 0.26 1.00 0.00 0.04 0.18 1.00 0.23 0.38 0.84 1.00 0.13 0.25 0.59 1.00 0.11 0.21 0.53 1.00 0.11 0.21 0.53 1.00 0.13 0.25 0.59 1.00 0.11 0.21 0.53 1.00 0.13 0.25 0.58 1.00 0.44 0.55 0.91 1.00 0.13 0.25 0.58 1.00 0.33 0.51 1.00 1.00 0.33 0.51 1.00 1.00 0.18 0.34 0.90 1.00 0.32 0.47 0.93 1.00 0.01 0.13 0.56 1.00 0.00 0.04 0.18 1.00 0.13 0.22 0.52 1.00 0.00 0.04 0.24 1.00 0.32 0.47 0.93 1.00 0.01 0.07 0.34 1.00 0.02 0.09 0.42 1.00 0.01 0.13 0.56 1.00 0.00 0.05 0.25 1.00 0.32 0.47 0.93 1.00 0.23 0.36 0.77 1.00 0.48 0.70 1.00 1.00 0.03 0.14 0.61 1.00 0.16 0.31 0.85 1.00 0.23 0.36 0.77 1.00 0.00 0.13 0.55 1.00 0.03 0.06 0.15 1.00 0.02 0.04 0.11 1.00 0.08 0.16 0.42 1.00 0.01 0.07 0.29 1.00 0.02 0.04 0.11 1.00 0.05 0.13 0.38 1.00 0.00 0.00 0.00 1.00 0.00 0.00 0.00 1.00 0.06 0.14 0.39 1.00 0.10 0.19 0.47 1.00 0.03 0.10 0.33 1.00 0.13 0.22 0.51 1.00 0.03 0.08 0.24 1.00 0.02 0.06 0.18 1.00 0.07 0.15 0.40 1.00 0.00 0.07 0.27 1.00 0.07 0.15 0.40 1.00 0.04 0.07 0.17 1.00 0.02 0.04 0.12 1.00 0.00 0.06 0.26 1.00 0.02 0.04 0.12 1.00 0.00 0.00 0.00 1.00 0.00 0.00 0.00 1.00 0.07 0.15 0.41 1.00 0.00 0.06 0.26 1.00 0.04 0.07 0.17 1.00 0.02 0.04 0.12 1.00 0.02 0.08 0.29 1.00 0.02 0.04 0.12 1.00 0.00 0.00 0.00 1.00 0.00 0.00 0.00 1.00 0.03 0.06 0.15 1.00 0.09 0.17 0.43 1.00 0.17 0.27 0.58 1.00 0.00 0.08 0.32 1.00 0.31 0.47 0.96 1.00 0.04 0.09 0.26 1.00 0.11 0.20 0.47 1.00 0.22 0.34 0.71 1.00 0.23 0.38 0.84 1.00 0.15 0.26 0.58 1.00 0.31 0.47 0.94 1.00 0.11 0.21 0.49 1.00 0.04 0.08 0.18 1.00 0.05 0.32 1.00 1.00 0.25 0.49 1.00 1.00 0.09 0.30 0.95 1.00 0.20 0.44 1.00 1.00 0.22 0.43 1.00 1.00 0.04 0.08 0.18 1.00 0.11 0.19 0.47 1.00 0.11 0.19 0.47 1.00 0.22 0.34 0.71 1.00 0.09 0.17 0.43 1.00 0.15 0.26 0.58 1.00 0.22 0.34 0.71 1.00 0.11 0.19 0.47 1.00 0.29 0.42 0.83 1.00 0.13 0.22 0.51 1.00 0.08 0.16 0.42 1.00 0.05 0.12 0.36 1.00 0.00 0.00 0.00 1.00 0.00 0.00 0.00 1.00 0.05 0.13 0.38 1.00 0.08 0.16 0.42 1.00 0.00 0.00 0.00 1.00 0.00 0.00 0.00 1.00 0.14 0.23 0.53 1.00 0.11 0.21 0.49 1.00 0.15 0.33 0.80 1.00 0.22 0.35 0.74 1.00 0.02 0.06 0.18 1.00 0.00 0.00 0.00 1.00 0.00 0.00 0.00 1.00 0.03 0.08 0.24 1.00 0.04 0.09 0.26 1.00 0.13 0.22 0.51 1.00 0.00 0.04 0.18 1.00 0.16 0.26 0.57 1.00 0.04 0.09 0.26 1.00 0.13 0.22 0.51 1.00 0.35 0.43 0.67 1.00 0.11 0.21 0.49 1.00 0.00 0.04 0.22 1.00 0.05 0.09 0.20 1.00 0.28 0.40 0.75 1.00 0.21 0.32 0.64 1.00 0.46 0.60 1.00 1.00 0.31 0.44 0.80 1.00 0.16 0.25 0.56 1.00 0.13 0.22 0.51 1.00 0.00 0.04 0.22 1.00 0.05 0.09 0.20 1.00 0.00 0.00 0.00 1.00 0.00 0.00 0.00 1.00 0.00 0.00 0.00 1.00 0.00 0.00 0.00 1.00 0.00 0.00 0.00 1.00 0.00 0.00 0.00 1.00 0.00 0.00 0.00 1.00 0.00 0.00 0.00 1.00 0.00 0.00 0.00 1.00 0.04 0.11 0.34 1.00 0.24 0.36 0.75 1.00 0.13 0.22 0.51 1.00 0.18 0.33 0.76 1.00 0.16 0.25 0.56 1.00 0.00 0.00 0.00 1.00 0.05 0.09 0.20 1.00 0.49 0.58 0.83 1.00 0.00 0.04 0.22 1.00 0.14 0.24 0.54 1.00 0.05 0.09 0.20 1.00 0.13 0.22 0.51 1.00 0.27 0.40 0.80 1.00 0.21 0.32 0.67 1.00 0.33 0.51 1.00 1.00 0.44 0.55 0.91 1.00 0.11 0.20 0.47 1.00 0.21 0.32 0.67 1.00 0.13 0.22 0.52 1.00 0.27 0.40 0.80 1.00 0.31 0.47 0.96 1.00 0.22 0.43 1.00 1.00 0.32 0.47 0.90 1.00 0.35 0.51 1.00 1.00 0.20 0.31 0.64 1.00 0.25 0.47 1.00 1.00 0.25 0.49 1.00 1.00 0.36 0.56 1.00 1.00 0.21 0.40 1.00 1.00 0.26 0.47 1.00 1.00 0.21 0.40 1.00 1.00 0.25 0.49 1.00 1.00 0.25 0.49 1.00 1.00 0.16 0.26 0.57 1.00 0.49 0.58 0.83 1.00 0.14 0.24 0.54 1.00 0.20 0.31 0.64 1.00 0.16 0.26 0.57 1.00 0.00 0.05 0.29 1.00 0.01 0.08 0.39 1.00 0.01 0.08 0.39 1.00 0.20 0.31 0.64 1.00 0.00 0.04 0.21 1.00 0.00 0.05 0.29 1.00 0.16 0.26 0.57 1.00 0.38 0.58 1.00 1.00 0.00 0.04 0.24 1.00 0.00 0.04 0.18 1.00 0.13 0.22 0.52 1.00 0.27 0.40 0.80 1.00 0.06 0.10 0.25 1.00 0.02 0.09 0.42 1.00 0.02 0.09 0.42 1.00 0.27 0.40 0.80 1.00 0.32 0.47 0.93 1.00 0.33 0.51 1.00 1.00 0.06 0.10 0.25 1.00 0.13 0.22 0.51 1.00 0.38 0.58 1.00 1.00 0.36 0.56 1.00 1.00 0.06 0.23 0.79 1.00 0.02 0.04 0.11 1.00 0.01 0.13 0.56 1.00 0.39 0.49 0.78 1.00 0.34 0.51 1.00 1.00 0.32 0.47 0.90 1.00 0.00 0.07 0.35 1.00 0.36 0.56 1.00 1.00 0.49 0.58 0.83 1.00 0.32 0.47 0.90 1.00 0.00 0.05 0.28 1.00 0.10 0.17 0.45 1.00 0.29 0.42 0.83 1.00 0.00 0.04 0.24 1.00 0.13 0.22 0.51 1.00 0.00 0.04 0.24 1.00 0.13 0.22 0.51 1.00 0.00 0.05 0.24 1.00 0.04 0.22 0.87 1.00 0.29 0.42 0.83 1.00 0.10 0.17 0.45 1.00 0.00 0.04 0.18 1.00 0.00 0.08 0.42 1.00 0.13 0.23 0.52 1.00 0.14 0.23 0.53 1.00 0.00 0.03 0.19 1.00 0.00 0.04 0.20 1.00 0.13 0.23 0.52 1.00 0.15 0.33 0.80 1.00 0.00 0.07 0.40 1.00 0.00 0.04 0.20 1.00 0.13 0.23 0.52 1.00 0.00 0.05 0.25 1.00 0.14 0.24 0.53 1.00 0.00 0.04 0.21 1.00 0.00 0.05 0.25 1.00 0.00 0.04 0.24 1.00 0.16 0.25 0.56 1.00 0.00 0.04 0.22 1.00 0.18 0.33 0.76 1.00 0.16 0.25 0.56 1.00 0.00 0.08 0.41 1.00 0.14 0.24 0.53 1.00 0.14 0.24 0.53 1.00 0.00 0.05 0.25 1.00 0.11 0.21 0.49 1.00 0.14 0.23 0.53 1.00 0.04 0.08 0.18 1.00 0.00 0.04 0.18 1.00 0.11 0.21 0.49 1.00 0.21 0.32 0.64 1.00 0.34 0.42 0.66 1.00 0.28 0.40 0.75 1.00 0.11 0.21 0.49 1.00 0.05 0.09 0.20 1.00 0.47 0.60 1.00 1.00 0.31 0.44 0.81 1.00 0.29 0.41 0.77 1.00 0.21 0.32 0.65 1.00 0.29 0.41 0.77 1.00 0.21 0.32 0.65 1.00 0.35 0.43 0.67 1.00 0.11 0.21 0.49 1.00 0.38 0.51 0.90 1.00 0.25 0.36 0.71 1.00 0.05 0.15 0.55 1.00 0.00 0.06 0.33 1.00 0.46 0.60 1.00 1.00 0.31 0.44 0.80 1.00 0.47 0.60 1.00 1.00 0.31 0.44 0.81 1.00 0.05 0.09 0.20 1.00 0.11 0.21 0.49 1.00 0.00 0.04 0.22 1.00 0.34 0.42 0.66 1.00 0.13 0.22 0.50 1.00 0.24 0.35 0.69 1.00 0.00 0.04 0.25 1.00 0.00 0.07 0.34 1.00 0.46 0.60 1.00 1.00 0.37 0.50 0.89 1.00 0.28 0.40 0.75 1.00 0.24 0.35 0.69 1.00 0.38 0.51 0.90 1.00 0.05 0.15 0.55 1.00 0.37 0.50 0.89 1.00 0.02 0.10 0.43 1.00 0.00 0.06 0.33 1.00 0.25 0.36 0.71 1.00 0.00 0.05 0.27 1.00 0.13 0.23 0.52 1.00 0.00 0.05 0.27 1.00 0.13 0.23 0.52 1.00 0.00 0.05 0.29 1.00 0.24 0.35 0.69 1.00 0.37 0.50 0.89 1.00 0.00 0.07 0.34 1.00 0.02 0.10 0.43 1.00 0.47 0.60 1.00 1.00 0.38 0.51 0.90 1.00 0.46 0.60 1.00 1.00 0.37 0.50 0.89 1.00 0.24 0.35 0.69 1.00 0.13 0.22 0.50 1.00 0.28 0.40 0.75 1.00 0.34 0.42 0.66 1.00 0.38 0.51 0.90 1.00 0.47 0.60 1.00 1.00 0.25 0.36 0.71 1.00 0.29 0.41 0.77 1.00 0.25 0.36 0.71 1.00 0.29 0.41 0.77 1.00 0.13 0.23 0.52 1.00 0.35 0.43 0.67 1.00 0.00 0.04 0.25 1.00 0.13 0.22 0.50 1.00 0.00 0.04 0.25 1.00 0.13 0.23 0.52 1.00 0.35 0.43 0.67 1.00 0.00 0.05 0.29 1.00 0.00 0.04 0.22 1.00 0.11 0.21 0.53 1.00 0.13 0.25 0.58 1.00 0.13 0.25 0.59 1.00 0.48 0.70 1.00 1.00 0.48 0.70 1.00 1.00 0.00 0.13 0.55 1.00 0.23 0.36 0.77 1.00 0.05 0.08 0.17 1.00 0.16 0.29 0.69 1.00 0.00 0.13 0.55 1.00 0.05 0.08 0.17 1.00 0.04 0.29 1.00 1.00 0.02 0.04 0.11 1.00 0.05 0.08 0.17 1.00 0.15 0.45 1.00 1.00 0.16 0.29 0.69 1.00 0.00 0.08 0.41 1.00 0.35 0.52 1.00 1.00 0.18 0.33 0.76 1.00 0.20 0.50 1.00 1.00 0.04 0.24 0.97 1.00 0.00 0.14 0.66 1.00 0.00 0.05 0.25 1.00 0.20 0.32 0.68 1.00 0.41 0.60 1.00 1.00 0.09 0.35 1.00 1.00 0.00 0.13 0.58 1.00 0.00 0.15 0.70 1.00 0.36 0.65 1.00 1.00 0.39 0.57 1.00 1.00 0.47 0.65 1.00 1.00 0.21 0.33 0.69 1.00 0.15 0.33 0.80 1.00 0.34 0.50 0.98 1.00 0.00 0.08 0.42 1.00 0.29 0.63 1.00 1.00 0.00 0.20 0.93 1.00 0.00 0.13 0.62 1.00 0.27 0.40 0.84 1.00 0.00 0.07 0.40 1.00 0.36 0.53 1.00 1.00 0.01 0.26 1.00 1.00 0.00 0.13 0.57 1.00 0.35 0.49 0.95 1.00 0.13 0.24 0.56 1.00 0.00 0.01 0.07 1.00 0.44 0.60 1.00 1.00 0.04 0.11 0.34 1.00 0.04 0.29 1.00 1.00 0.06 0.19 0.63 1.00 0.05 0.18 0.58 1.00 0.04 0.22 0.87 1.00 0.49 0.55 0.75 1.00 0.46 0.53 0.72 1.00 0.00 0.05 0.29 1.00 0.00 0.05 0.27 1.00 0.00 0.05 0.28 1.00 0.00 0.04 0.23 1.00 0.00 0.00 0.00 1.00 0.34 0.39 0.55 1.00 0.00 0.04 0.25 1.00 0.33 0.38 0.53 1.00 0.00 0.02 0.12 1.00 0.00 0.04 0.24 1.00 0.40 0.48 0.73 1.00 0.49 0.60 0.89 1.00 0.47 0.56 0.80 1.00 0.00 0.04 0.17 1.00 0.00 0.05 0.24 1.00 0.54 0.62 0.82 1.00 0.00 0.04 0.21 1.00 0.00 0.05 0.29 1.00 0.02 0.04 0.11 1.00 0.06 0.23 0.79 1.00 0.07 0.11 0.23 1.00 0.39 0.55 1.00 1.00 0.46 0.62 1.00 1.00 0.01 0.09 0.32 1.00 0.32 0.47 0.93 1.00 0.00 0.05 0.25 1.00 0.23 0.36 0.77 1.00 0.45 0.62 1.00 1.00 0.45 0.62 1.00 1.00 0.03 0.14 0.61 1.00 0.25 0.36 0.71 1.00 0.00 0.05 0.23 1.00 0.36 0.49 0.87 1.00 0.64 0.81 1.00 1.00 0.58 0.75 1.00 1.00 0.02 0.09 0.40 1.00 0.31 0.44 0.80 1.00 0.36 0.49 0.87 1.00 0.00 0.03 0.18 1.00 0.01 0.04 0.18 1.00 0.41 0.55 0.96 1.00 0.43 0.51 0.71 1.00 0.32 0.45 0.82 1.00 0.00 0.00 0.02 1.00 0.24 0.35 0.69 1.00 0.45 0.59 1.00 1.00 0.39 0.52 0.92 1.00 0.51 0.62 0.72 1.00 0.00 0.02 0.10 1.00 0.02 0.07 0.26 1.00 0.40 0.53 0.93 1.00 0.31 0.43 0.79 1.00 0.00 0.03 0.14 1.00 0.36 0.49 0.87 1.00 0.47 0.61 1.00 1.00 0.45 0.59 1.00 1.00 0.42 0.55 0.96 1.00 0.29 0.41 0.76 1.00 0.39 0.52 0.91 1.00 0.59 0.75 1.00 1.00 0.48 0.64 1.00 1.00 0.44 0.49 0.65 1.00 0.21 0.32 0.65 1.00 0.31 0.44 0.80 1.00 0.47 0.58 0.72 1.00 0.33 0.45 0.83 1.00 0.01 0.03 0.13 1.00 0.05 0.15 0.55 1.00 0.39 0.52 0.91 1.00 0.40 0.53 0.93 1.00 0.00 0.01 0.07 1.00 0.14 0.25 0.60 1.00 0.47 0.62 0.80 1.00 0.00 0.04 0.24 1.00 0.00 0.04 0.18 1.00 0.00 0.04 0.24 1.00 0.00 0.04 0.18 1.00 0.00 0.04 0.23 1.00 0.00 0.04 0.20 1.00 0.01 0.07 0.27 1.00 0.11 0.20 0.48 1.00 0.00 0.02 0.08 1.00 0.00 0.07 0.34 1.00 0.00 0.04 0.22 1.00 0.00 0.04 0.22 1.00 0.07 0.15 0.40 1.00 0.15 0.33 0.80 1.00 0.22 0.35 0.74 1.00 0.09 0.27 0.85 1.00 0.14 0.38 1.00 1.00 0.08 0.30 0.96 1.00 0.11 0.32 1.00 1.00 0.05 0.25 0.88 1.00 0.11 0.34 1.00 1.00 0.06 0.27 0.95 1.00 0.12 0.31 0.89 1.00 0.08 0.25 0.83 1.00 0.14 0.38 1.00 1.00 0.08 0.30 0.96 1.00 0.24 0.36 0.75 1.00 0.71 0.78 1.00 1.00 0.22 0.31 0.60 1.00 0.65 0.73 0.96 1.00 0.76 0.87 0.97 1.00 0.76 0.87 0.97 1.00 1.00 1.00 1.00 1.00 0.76 0.87 0.97 1.00 0.78 0.84 1.00 1.00 0.80 0.85 1.00 1.00 0.37 0.46 0.73 1.00 0.30 0.39 0.66 1.00 0.22 0.31 0.60 1.00 0.22 0.31 0.60 1.00 0.76 0.87 0.97 1.00 0.73 0.80 1.00 1.00 0.71 0.78 1.00 1.00 0.33 0.41 0.68 1.00 0.22 0.31 0.60 1.00 0.22 0.31 0.60 1.00 0.22 0.31 0.60 1.00 0.76 0.82 1.00 1.00 0.61 0.69 0.92 1.00 0.65 0.73 0.96 1.00 0.35 0.44 0.71 1.00 0.30 0.39 0.66 1.00 0.76 0.87 0.97 1.00 0.76 0.82 1.00 1.00 0.76 0.87 0.97 1.00 0.76 0.87 0.97 1.00 0.76 0.87 0.97 1.00 0.76 0.87 0.97 1.00 0.35 0.44 0.71 1.00 0.22 0.31 0.60 1.00 0.33 0.41 0.68 1.00 0.76 0.87 0.97 1.00 0.22 0.31 0.60 1.00 0.22 0.31 0.60 1.00 0.80 0.85 1.00 1.00 0.61 0.69 0.92 1.00 0.76 0.82 1.00 1.00 0.35 0.44 0.71 1.00 0.76 0.87 0.97 1.00 0.76 0.87 0.97 1.00 0.76 0.87 0.97 1.00 0.22 0.31 0.60 1.00 0.78 0.84 1.00 1.00 0.33 0.42 0.69 1.00 0.54 0.62 0.86 1.00 1.00 1.00 1.00 1.00 0.88 0.92 1.00 1.00 0.73 0.80 1.00 1.00 0.76 0.82 1.00 1.00 0.27 0.36 0.64 1.00 0.60 0.67 0.91 1.00 0.22 0.31 0.60 1.00 0.22 0.31 0.60 1.00 0.22 0.31 0.60 1.00 0.22 0.31 0.60 1.00 0.94 0.96 1.00 1.00 0.78 0.83 1.00 1.00 0.78 0.84 1.00 1.00 0.71 0.78 1.00 1.00 0.22 0.31 0.60 1.00 0.22 0.31 0.60 1.00 0.22 0.31 0.60 1.00 0.25 0.34 0.62 1.00 0.26 0.35 0.64 1.00 0.54 0.62 0.86 1.00 0.28 0.37 0.65 1.00 0.22 0.31 0.60 1.00 0.52 0.60 0.84 1.00 0.25 0.34 0.62 1.00 0.81 0.86 1.00 1.00 0.52 0.60 0.84 1.00 0.76 0.82 1.00 1.00 1.00 1.00 1.00 1.00 0.28 0.37 0.65 1.00 0.22 0.31 0.60 1.00 0.71 0.78 1.00 1.00 0.88 0.92 1.00 1.00 0.22 0.31 0.60 1.00 0.22 0.31 0.60 1.00 0.60 0.67 0.91 1.00 0.26 0.35 0.64 1.00 0.25 0.34 0.62 1.00 0.28 0.37 0.65 1.00 0.88 0.92 1.00 1.00 0.81 0.86 1.00 1.00 0.81 0.86 1.00 1.00 0.22 0.31 0.60 1.00 0.31 0.44 0.80 1.00 0.05 0.15 0.48 1.00 0.31 0.44 0.81 1.00 0.05 0.16 0.48 1.00 0.15 0.24 0.54 1.00 0.41 0.68 1.00 1.00 0.15 0.25 0.54 1.00 0.22 0.35 0.74 1.00 0.02 0.24 0.93 1.00 0.04 0.29 1.00 1.00 0.05 0.18 0.60 1.00 0.06 0.19 0.63 1.00 0.04 0.17 0.56 1.00 0.04 0.11 0.34 1.00 0.05 0.18 0.58 1.00 0.04 0.11 0.34 1.00 0.06 0.19 0.63 1.00 0.05 0.18 0.60 1.00 0.01 0.19 0.76 1.00 0.04 0.17 0.56 1.00 0.04 0.22 0.87 1.00 0.05 0.18 0.58 1.00 0.04 0.29 1.00 1.00 0.02 0.24 0.93 1.00 0.00 0.13 0.55 1.00 0.16 0.31 0.85 1.00 0.18 0.34 0.90 1.00 0.01 0.19 0.76 1.00 0.01 0.13 0.56 1.00 0.04 0.22 0.87 1.00 0.29 0.46 0.95 1.00 0.00 0.15 0.60 1.00 0.42 0.65 1.00 1.00 0.98 1.00 1.00 1.00 0.23 0.34 0.68 1.00 0.65 0.81 1.00 1.00 0.29 0.42 0.78 1.00 1.00 1.00 1.00 1.00 0.19 0.29 0.61 1.00 0.98 1.00 1.00 1.00 0.23 0.34 0.68 1.00 0.75 0.93 1.00 1.00 0.27 0.40 0.75 1.00 1.00 1.00 1.00 1.00 0.19 0.29 0.61 1.00 0.75 0.93 1.00 1.00 0.65 0.81 1.00 1.00 0.27 0.40 0.75 1.00 0.29 0.42 0.78 1.00 0.05 0.12 0.36 1.00 0.00 0.05 0.25 1.00 0.00 0.00 0.00 1.00 0.00 0.00 0.00 1.00 0.00 0.05 0.25 1.00 0.00 0.05 0.25 1.00 0.00 0.00 0.00 1.00 0.00 0.00 0.00 1.00 0.00 0.05 0.25 1.00 0.00 0.05 0.25 1.00 0.00 0.00 0.00 1.00 0.00 0.00 0.00 1.00 0.03 0.10 0.33 1.00 0.00 0.05 0.25 1.00 0.00 0.00 0.00 1.00 0.00 0.00 0.00 1.00 0.00 0.06 0.26 1.00 0.00 0.05 0.25 1.00 0.07 0.15 0.40 1.00 0.05 0.15 0.50 1.00 0.08 0.16 0.42 1.00 0.00 0.05 0.25 1.00 0.14 0.23 0.53 1.00 0.04 0.11 0.34 1.00 0.00 0.06 0.26 1.00 0.00 0.05 0.25 1.00 0.00 0.00 0.00 1.00 0.00 0.00 0.00 1.00 0.00 0.05 0.25 1.00 0.02 0.08 0.29 1.00 0.00 0.00 0.00 1.00 0.00 0.00 0.00 1.00 0.31 0.47 0.94 1.00 0.10 0.19 0.46 1.00 0.42 0.53 0.87 1.00 0.10 0.19 0.45 1.00 0.15 0.25 0.55 1.00 0.14 0.23 0.53 1.00 0.42 0.69 1.00 1.00 0.24 0.36 0.75 1.00 0.08 0.16 0.42 1.00 0.01 0.07 0.29 1.00 0.00 0.05 0.25 1.00 0.00 0.05 0.25 1.00 0.00 0.05 0.25 1.00 0.00 0.05 0.25 1.00 0.00 0.06 0.29 1.00 0.07 0.15 0.40 1.00 0.00 0.07 0.27 1.00 0.00 0.05 0.25 1.00 0.00 0.00 0.00 1.00 0.00 0.00 0.00 1.00 0.01 0.07 0.29 1.00 0.00 0.00 0.00 1.00 0.00 0.00 0.00 1.00 0.15 0.28 0.69 1.00 0.31 0.47 0.94 1.00 0.05 0.12 0.36 1.00 0.00 0.06 0.29 1.00 0.00 0.05 0.25 1.00 0.15 0.28 0.69 1.00 0.00 0.00 0.00 1.00 0.00 0.00 0.00 1.00 0.42 0.62 1.00 1.00 0.45 0.70 1.00 1.00 0.00 0.13 0.51 1.00 0.31 0.47 0.96 1.00 0.00 0.08 0.32 1.00 0.10 0.19 0.45 1.00 0.11 0.21 0.53 1.00 0.42 0.53 0.87 1.00 0.44 0.55 0.91 1.00 0.10 0.19 0.46 1.00 0.11 0.21 0.53 1.00 0.10 0.19 0.45 1.00 0.11 0.21 0.53 1.00 0.23 0.38 0.84 1.00 0.11 0.21 0.53 1.00 0.31 0.47 0.94 1.00 0.10 0.19 0.46 1.00 0.22 0.35 0.74 1.00 0.11 0.21 0.49 1.00 0.15 0.25 0.54 1.00 0.08 0.16 0.42 1.00 0.28 0.34 0.58 1.00 0.13 0.22 0.51 1.00 0.03 0.10 0.33 1.00 0.00 0.05 0.25 1.00 0.00 0.07 0.27 1.00 0.00 0.00 0.00 1.00 0.00 0.00 0.00 1.00 0.00 0.05 0.25 1.00 0.28 0.34 0.58 1.00 0.03 0.10 0.33 1.00 0.07 0.15 0.41 1.00 0.00 0.06 0.26 1.00 0.09 0.18 0.45 1.00 0.02 0.08 0.29 1.00 0.03 0.10 0.33 1.00 0.04 0.11 0.34 1.00 0.00 0.05 0.25 1.00 0.00 0.00 0.00 1.00 0.00 0.00 0.00 1.00 0.05 0.15 0.50 1.00 0.00 0.05 0.25 1.00 0.08 0.16 0.42 1.00 0.00 0.00 0.00 1.00 0.00 0.00 0.00 1.00 0.00 0.06 0.26 1.00 0.18 0.29 0.60 1.00 0.00 0.08 0.30 1.00 0.29 0.46 0.95 1.00 0.00 0.15 0.60 1.00 0.21 0.32 0.67 1.00 0.00 0.09 0.39 1.00 0.44 0.55 0.91 1.00 0.42 0.53 0.87 1.00 0.11 0.20 0.47 1.00 0.07 0.15 0.40 1.00 0.21 0.32 0.67 1.00 0.00 0.09 0.39 1.00 0.21 0.32 0.64 1.00 0.02 0.10 0.36 1.00 0.31 0.44 0.80 1.00 0.05 0.15 0.48 1.00 0.31 0.44 0.81 1.00 0.05 0.16 0.48 1.00 0.21 0.32 0.65 1.00 0.02 0.10 0.37 1.00 0.21 0.32 0.65 1.00 0.02 0.10 0.37 1.00 0.11 0.21 0.49 1.00 0.07 0.15 0.41 1.00 0.11 0.21 0.49 1.00 0.07 0.15 0.40 1.00 0.21 0.32 0.64 1.00 0.02 0.10 0.36 1.00 0.13 0.22 0.51 1.00 0.14 0.24 0.54 1.00 0.13 0.25 0.58 1.00 0.13 0.25 0.59 1.00 0.45 0.51 0.70 1.00 0.16 0.31 0.85 1.00 0.18 0.34 0.90 1.00 0.17 0.27 0.58 1.00 0.52 0.80 1.00 1.00 0.17 0.27 0.58 1.00 0.52 0.80 1.00 1.00 0.90 1.00 1.00 1.00 1.00 1.00 1.00 1.00 0.67 0.77 1.00 1.00 0.90 1.00 1.00 1.00 0.11 0.21 0.60 1.00 0.90 1.00 1.00 1.00 0.08 0.16 0.45 1.00 0.90 1.00 1.00 1.00 0.11 0.21 0.60 1.00 0.28 0.38 0.92 1.00 0.44 0.95 1.00 1.00 0.42 0.57 0.85 1.00 0.41 0.91 0.93 1.00 0.11 0.21 0.60 1.00 0.09 0.18 0.50 1.00 0.36 0.74 0.83 1.00 0.90 1.00 1.00 1.00 0.11 0.17 0.58 1.00 0.35 0.72 0.80 1.00 0.09 0.18 0.50 1.00 0.36 0.74 0.83 1.00 0.09 0.18 0.50 1.00 0.35 0.72 0.80 1.00 0.09 0.26 0.52 1.00 0.37 0.80 0.84 1.00 0.12 0.27 0.58 1.00 0.37 0.81 0.84 1.00 0.08 0.15 0.43 1.00 0.35 0.74 0.81 1.00 0.08 0.15 0.46 1.00 0.35 0.69 0.78 1.00 1.00 1.00 1.00 1.00 0.28 0.45 0.93 1.00 0.12 0.23 0.64 1.00 1.00 1.00 1.00 1.00 0.11 0.21 0.60 1.00 1.00 1.00 1.00 1.00 0.74 1.00 1.00 1.00 1.00 1.00 1.00 1.00 1.00 1.00 1.00 1.00 0.12 0.27 0.58 1.00 0.37 0.81 0.84 1.00 0.09 0.15 0.52 1.00 0.35 0.69 0.78 1.00 0.18 0.27 0.76 1.00 0.09 0.18 0.52 1.00 1.00 1.00 1.00 1.00 0.53 0.69 0.98 1.00 1.00 1.00 1.00 1.00 0.27 0.48 1.00 1.00 0.53 0.69 0.98 1.00 0.09 0.18 0.50 1.00 1.00 1.00 1.00 1.00 0.36 0.52 0.99 1.00 0.11 0.22 0.62 1.00 1.00 1.00 1.00 1.00 0.11 0.21 0.60 1.00 1.00 1.00 1.00 1.00 0.33 0.50 1.00 1.00 1.00 1.00 1.00 1.00 0.67 0.77 1.00 1.00 0.20 0.27 0.75 1.00 0.40 0.82 0.92 1.00 0.09 0.18 0.50 1.00 0.36 0.74 0.83 1.00 0.67 0.77 1.00 1.00 0.38 0.53 0.82 1.00 0.44 0.93 0.95 1.00 1.00 1.00 1.00 1.00 0.20 0.35 0.81 1.00 0.38 0.86 0.87 1.00 0.38 0.53 0.82 1.00 0.44 0.93 0.95 1.00 0.09 0.18 0.50 1.00 0.35 0.72 0.80 1.00 1.00 1.00 1.00 1.00 0.13 0.25 0.69 1.00 0.55 0.66 1.00 1.00 1.00 1.00 1.00 1.00 0.83 0.91 1.00 1.00 1.00 1.00 1.00 1.00 0.29 0.45 1.00 1.00 1.00 1.00 1.00 1.00 0.11 0.21 0.60 1.00 0.11 0.16 0.58 1.00 0.39 0.77 0.89 1.00 0.20 0.31 0.61 1.00 0.38 0.82 0.87 1.00 0.11 0.21 0.60 1.00 0.09 0.18 0.50 1.00 0.36 0.74 0.83 1.00 1.00 1.00 1.00 1.00 0.17 0.31 0.76 1.00 0.35 0.71 0.80 1.00 0.09 0.18 0.50 1.00 0.36 0.74 0.83 1.00 0.42 0.57 0.85 1.00 0.39 0.88 0.87 1.00 0.15 0.28 0.69 1.00 0.31 0.47 0.94 1.00 0.76 0.83 1.00 1.00 0.42 0.53 0.87 1.00 0.75 0.93 1.00 1.00 1.00 1.00 1.00 1.00 0.78 0.84 1.00 1.00 1.00 1.00 1.00 1.00 0.65 0.81 1.00 1.00 0.56 0.64 0.87 1.00 0.67 0.71 0.82 1.00 0.03 0.10 0.33 1.00 0.28 0.34 0.58 1.00 0.62 0.69 0.92 1.00 0.78 0.84 1.00 1.00 0.75 0.93 1.00 1.00 0.05 0.15 0.50 1.00 0.66 0.70 0.81 1.00 0.07 0.15 0.40 1.00 0.02 0.10 0.36 1.00 1.00 1.00 1.00 1.00 0.98 1.00 1.00 1.00 1.00 1.00 1.00 1.00 1.00 1.00 1.00 1.00 0.05 0.16 0.48 1.00 0.90 0.93 1.00 1.00 0.02 0.10 0.37 1.00 0.67 0.71 0.82 1.00 1.00 1.00 1.00 1.00 1.00 1.00 1.00 1.00 0.91 0.93 1.00 1.00 0.68 0.87 1.00 1.00 0.21 0.34 0.73 1.00 0.08 0.16 0.42 1.00 0.13 0.23 0.56 1.00 0.15 0.25 0.55 1.00 0.14 0.23 0.53 1.00 0.68 0.87 1.00 1.00 0.93 0.95 1.00 1.00 0.21 0.34 0.73 1.00 0.08 0.16 0.42 1.00 1.00 1.00 1.00 1.00 1.00 1.00 1.00 1.00 0.68 0.87 1.00 1.00 0.93 0.95 1.00 1.00 0.02 0.10 0.36 1.00 0.66 0.70 0.81 1.00 0.05 0.15 0.48 1.00 0.33 0.46 0.84 1.00 0.90 0.93 1.00 1.00 0.33 0.46 0.84 1.00 0.98 1.00 1.00 1.00 1.00 1.00 1.00 1.00 1.00 1.00 1.00 1.00 1.00 1.00 1.00 1.00 1.00 1.00 1.00 1.00 1.00 1.00 1.00 1.00 0.15 0.28 0.69 1.00 1.00 1.00 1.00 1.00 0.00 0.06 0.29 1.00 0.91 0.93 1.00 1.00 0.15 0.24 0.54 1.00 0.15 0.25 0.54 1.00 0.14 0.23 0.53 1.00 0.21 0.34 0.73 1.00 0.13 0.23 0.56 1.00 0.00 0.05 0.25 1.00 0.14 0.23 0.53 1.00 0.08 0.16 0.42 1.00 0.15 0.25 0.54 1.00 0.91 0.93 1.00 1.00 0.68 0.87 1.00 1.00 0.14 0.23 0.53 1.00 0.21 0.34 0.73 1.00 0.00 0.06 0.29 1.00 0.91 0.93 1.00 1.00 0.00 0.05 0.25 1.00 0.14 0.23 0.53 1.00 0.76 0.83 1.00 1.00 1.00 1.00 1.00 1.00 0.28 0.34 0.58 1.00 0.78 0.84 1.00 1.00 0.00 0.05 0.25 1.00 1.00 1.00 1.00 1.00 0.00 0.09 0.39 1.00 1.00 1.00 1.00 1.00 0.42 0.53 0.87 1.00 0.76 0.83 1.00 1.00 0.00 0.05 0.25 1.00 1.00 1.00 1.00 1.00 0.07 0.15 0.40 1.00 0.00 0.09 0.39 1.00 1.00 1.00 1.00 1.00 0.78 0.84 1.00 1.00 1.00 1.00 1.00 1.00 0.08 0.16 0.42 1.00 0.05 0.15 0.50 1.00 0.66 0.70 0.81 1.00 0.05 0.15 0.48 1.00 0.33 0.46 0.84 1.00 0.05 0.16 0.48 1.00 0.90 0.93 1.00 1.00 0.33 0.46 0.84 1.00 0.66 0.70 0.81 1.00 1.00 1.00 1.00 1.00 0.93 0.95 1.00 1.00 0.67 0.71 0.82 1.00 0.90 0.93 1.00 1.00 0.65 0.81 1.00 1.00 0.98 1.00 1.00 1.00 0.02 0.10 0.37 1.00 0.67 0.71 0.82 1.00 0.07 0.15 0.41 1.00 0.03 0.10 0.33 1.00 0.00 0.08 0.32 1.00 0.00 0.13 0.51 1.00 0.62 0.69 0.92 1.00 0.03 0.10 0.33 1.00 0.13 0.22 0.51 1.00 0.09 0.18 0.45 1.00 0.62 0.69 0.92 1.00 0.56 0.64 0.87 1.00 0.00 0.15 0.60 1.00 0.62 0.69 0.92 1.00 0.00 0.13 0.51 1.00 0.13 0.22 0.51 1.00 0.28 0.34 0.58 1.00 0.00 0.08 0.30 1.00 0.56 0.64 0.87 1.00 0.56 0.64 0.87 1.00 0.00 0.08 0.30 1.00 0.17 0.27 0.58 1.00 0.17 0.27 0.58 1.00 </float_array>
                    <technique_common>
                        <accessor source="#geom-02E206F7-colors-array" count="1117" stride="4">
                            <param name="R" type="float" />
                            <param name="G" type="float" />
                            <param name="B" type="float" />
                            <param name="A" type="float" />
                        </accessor>
                    </technique_common>
                </source>
                <vertices id="geom-02E206F7-vtx">
                    <input semantic="POSITION" source="#geom-02E206F7-pos" />
                </vertices>
                <triangles count="144" material="material-01977B41-symbol">
                    <input semantic="VERTEX" source="#geom-02E206F7-vtx" offset="0" />
                    <input semantic="TEXCOORD" source="#geom-02E206F7-texcoord" offset="0" />
                    <input semantic="COLOR" source="#geom-02E206F7-colors" offset="0" />
                    <p>0 1 2 1 3 2 3 4 2 4 5 2 6 7 8 7 9 8 9 10 8 10 11 8 12 13 14 14 13 15 16 17 18 21 17 16 16 26 21 26 24 21 27 24 26 24 23 21 24 25 23 22 21 23 20 21 22 29 20 22 28 20 29 28 29 30 30 54 28 56 54 30 54 53 28 28 53 20 20 53 17 20 17 21 18 17 19 17 53 19 19 53 55 29 31 30 32 33 34 33 32 39 37 33 39 37 36 33 33 36 35 34 33 35 38 37 39 32 40 39 41 42 43 43 42 44 45 46 47 52 45 47 47 46 48 46 49 48 49 50 48 50 51 48 </p>
                </triangles>
            </mesh>
        </geometry>
        <geometry id="geom-01F23EB6" name="geom-01F23EB6">
            <mesh>
                <source id="geom-01F23EB6-pos">
                    <float_array id="geom-01F23EB6-pos-array" count="3204">2372.00 -190.00 -780.00 2432.00 -190.00 -780.00 2402.00 -240.00 -780.00 2492.00 -250.00 -780.00 2492.00 -190.00 -780.00 2492.00 -75.53 -792.06 2492.00 -130.00 -775.44 2432.00 -88.00 -798.00 2432.00 -130.00 -780.00 2432.00 -70.00 -840.00 2492.00 -75.53 -887.94 2432.00 -70.00 -840.00 2432.00 -88.00 -882.00 2492.00 -130.00 -904.56 2432.00 -130.00 -900.00 2492.00 -130.00 -904.56 2432.00 -130.00 -900.00 2492.00 -190.00 -900.00 2432.00 -190.00 -900.00 2492.00 -250.00 -960.00 2492.00 -190.00 -900.00 2492.00 -250.00 -900.00 2492.00 -8.21 -964.28 2564.57 121.23 -840.00 2492.00 -38.50 -840.00 2492.00 5.18 -697.87 2551.38 140.00 -705.17 2492.00 100.00 -580.00 2564.57 121.23 -840.00 2492.00 5.18 -697.87 2492.00 -38.50 -840.00 2492.00 5.18 -697.87 2492.00 2.22 -560.46 2492.00 -130.00 -637.92 2492.00 -130.00 -480.00 2492.00 -190.00 -780.00 2492.00 -249.01 -720.00 2492.00 -250.00 -780.00 3212.00 -320.00 -480.00 3212.00 -233.23 -480.00 3332.00 -320.00 -480.00 3332.00 -231.80 -480.00 3222.00 -2.89 -480.00 3291.76 14.42 -480.00 3212.00 -105.78 -480.00 3332.00 -109.79 -480.00 2492.00 -248.02 -631.34 2492.00 -246.03 -480.00 2492.00 -320.00 -600.00 2492.00 -320.00 -480.00 3332.00 -235.90 -600.00 3332.00 -240.00 -720.00 3332.00 -320.00 -600.00 3332.00 -320.00 -720.00 3332.00 100.00 -596.04 3332.00 5.46 -598.02 3332.00 11.93 -518.10 3332.00 100.00 -1100.00 3332.00 -11.56 -1075.87 3332.00 100.00 -989.00 3330.00 -11.93 -985.94 3332.00 -126.22 -1080.00 3332.00 -88.41 -1141.25 3332.00 -122.45 -1200.00 3332.00 -122.45 -1200.00 3212.00 -121.63 -1200.00 3332.00 -240.00 -1200.00 3212.00 -242.57 -1200.00 2972.00 -247.72 -1200.00 3092.00 -245.15 -1200.00 2972.00 -158.86 -1200.00 3092.00 -120.82 -1200.00 2612.00 -250.00 -1200.00 2612.00 -130.44 -1200.00 2492.00 -250.00 -1200.00 2492.00 -113.81 -1200.00 2972.00 -247.72 -1200.00 2972.00 -185.00 -1320.00 2972.00 -270.91 -1320.00 2972.00 -270.91 -1320.00 2972.00 -185.00 -1320.00 2852.00 -270.91 -1320.00 2852.00 -182.69 -1320.00 2852.00 -250.00 -1200.00 2852.00 -182.69 -1320.00 2852.00 -145.59 -1200.00 2852.00 -145.59 -1200.00 2852.00 -120.00 -1320.00 2852.00 -19.55 -1200.00 2841.60 -38.41 -1320.00 2492.00 -113.81 -1200.00 2612.00 -130.44 -1200.00 2571.89 -75.53 -1200.00 2852.00 -19.55 -1200.00 2807.00 64.80 -1200.00 2732.00 13.28 -1200.00 2841.60 -38.41 -1320.00 2852.00 8.27 -1280.63 2852.00 -19.55 -1200.00 2972.00 -32.80 -1200.00 2972.00 -158.86 -1200.00 3024.58 -16.00 -1200.00 2972.00 -120.00 -1320.00 2972.00 -32.80 -1200.00 2972.00 -43.88 -1320.00 3332.00 -320.00 -1200.00 3332.00 -440.00 -1200.00 3332.00 -320.00 -1080.00 3332.00 -440.00 -1080.00 3332.00 -440.00 -1200.00 3212.00 -440.00 -1200.00 3332.00 -560.00 -1200.00 3212.00 -560.00 -1200.00 2492.00 -440.00 -1080.00 2492.00 -320.00 -1050.73 2492.00 -440.00 -960.00 2492.00 -320.00 -960.00 2492.00 -320.00 -1200.00 2492.00 -440.00 -1200.00 2612.00 -320.00 -1200.00 2612.00 -440.00 -1200.00 3332.00 -440.00 -600.00 3332.00 -320.00 -480.00 3332.00 -440.00 -480.00 3212.00 -440.00 -480.00 3332.00 -440.00 -480.00 3212.00 -560.00 -480.00 3332.00 -560.00 -480.00 2612.00 -320.00 -480.00 2612.00 -440.00 -480.00 2492.00 -320.00 -480.00 2492.00 -440.00 -480.00 2492.00 -440.00 -600.00 2492.00 -440.00 -480.00 3332.00 -560.00 -1080.00 3332.00 -560.00 -1200.00 3332.00 -320.00 -1200.00 3212.00 -320.00 -1200.00 2492.00 -250.00 -960.00 2492.00 -320.00 -900.00 2492.00 -250.00 -900.00 2492.00 -250.00 -1200.00 2612.00 -250.00 -1200.00 3092.00 -245.15 -1200.00 2972.00 -247.72 -1200.00 3092.00 -320.00 -1200.00 2972.00 -320.00 -1200.00 3332.00 -240.00 -1080.00 3332.00 -240.00 -1200.00 2432.00 -130.00 -780.00 2372.00 -130.00 -780.00 2402.00 -240.00 -900.00 2372.00 -190.00 -900.00 2372.00 -235.00 -900.00 3332.00 -240.00 -1200.00 3212.00 -242.57 -1200.00 3212.00 -242.57 -1200.00 3092.00 -245.15 -1200.00 3212.00 -320.00 -1200.00 3092.00 -320.00 -1200.00 3092.00 -245.15 -1200.00 3212.00 -242.57 -1200.00 3092.00 -120.82 -1200.00 3212.00 -121.63 -1200.00 3092.00 -440.00 -1200.00 2972.00 -440.00 -1200.00 3092.00 -560.00 -1200.00 2972.00 -560.00 -1200.00 3212.00 -440.00 -1200.00 3092.00 -440.00 -1200.00 3212.00 -560.00 -1200.00 3092.00 -560.00 -1200.00 3332.00 -126.22 -1080.00 3332.00 -240.00 -1080.00 3332.00 -130.00 -960.00 3332.00 -240.00 -960.00 2492.00 -440.00 -1200.00 2492.00 -560.00 -1200.00 2492.00 -560.00 -1080.00 2492.00 -320.00 -1200.00 2492.00 -250.00 -1200.00 2492.00 -250.00 -1050.73 2492.00 -113.81 -1200.00 2492.00 -125.94 -1042.44 2492.00 -250.00 -1200.00 2492.00 -250.00 -1050.73 2612.00 -111.89 -480.00 2612.00 -243.90 -480.00 2492.00 -130.00 -480.00 2492.00 -246.03 -480.00 3092.00 -101.78 -480.00 3092.00 -234.66 -480.00 2972.00 -103.25 -480.00 2972.00 -237.51 -480.00 3332.00 -102.10 -600.00 3332.00 -235.90 -600.00 3332.00 -109.79 -480.00 3332.00 -231.80 -480.00 2612.00 -560.00 -1200.00 2492.00 -560.00 -1200.00 2492.00 -560.00 -960.00 2492.00 -560.00 -480.00 2612.00 -560.00 -480.00 2492.00 -560.00 -600.00 2492.00 -560.00 -480.00 3332.00 -560.00 -600.00 3332.00 -560.00 -720.00 3332.00 -440.00 -720.00 3332.00 -240.00 -720.00 3332.00 -235.90 -600.00 3332.00 -114.59 -720.00 3332.00 -102.10 -600.00 3332.00 -560.00 -480.00 3332.00 -231.80 -480.00 2492.00 -130.00 -637.92 2492.00 -130.00 -480.00 2492.00 -248.02 -631.34 2492.00 -246.03 -480.00 2492.00 -320.00 -631.34 2732.00 -130.22 -1200.00 2732.00 -250.00 -1200.00 2852.00 -145.59 -1200.00 2852.00 -250.00 -1200.00 2612.00 -250.00 -1200.00 2732.00 -250.00 -1200.00 2612.00 -130.44 -1200.00 2732.00 -130.22 -1200.00 2492.00 -250.00 -900.00 2372.00 -235.00 -780.00 2492.00 -38.50 -840.00 2492.00 -75.53 -887.94 2492.00 -8.21 -964.28 2372.00 -88.00 -798.00 2372.00 -130.00 -780.00 2492.00 -130.00 -775.44 2372.00 -70.00 -840.00 2372.00 -88.00 -882.00 2372.00 -70.00 -840.00 2372.00 -130.00 -900.00 2372.00 -130.00 -900.00 2492.00 -125.94 -1042.44 2492.00 -130.00 -637.92 2492.00 -248.02 -631.34 2492.00 -8.21 -964.28 2492.00 -125.94 -1042.44 2492.00 -17.52 -1087.56 2551.38 117.12 -943.74 2551.38 117.12 -943.74 2492.00 -8.21 -964.28 2492.00 100.00 -1051.18 2492.00 -17.52 -1087.56 2492.00 -125.94 -1042.44 2492.00 -130.00 -904.56 2492.00 -78.69 -1124.38 2492.00 -113.81 -1200.00 2612.00 -130.44 -1200.00 2732.00 -130.22 -1200.00 2612.00 -3.39 -1200.00 2732.00 13.28 -1200.00 2732.00 13.28 -1200.00 2732.00 -130.22 -1200.00 2852.00 -19.55 -1200.00 2852.00 -145.59 -1200.00 2612.00 -3.39 -1200.00 2492.00 -250.00 -1050.73 2492.00 -130.00 -904.56 2492.00 -130.00 -775.44 2841.20 0.19 -1368.78 2852.00 46.00 -1320.00 2841.60 -38.41 -1320.00 2492.00 5.18 -697.87 2492.00 -75.53 -792.06 2492.00 -38.50 -840.00 2551.38 140.00 -705.17 2492.00 -130.00 -775.44 2492.00 -130.00 -637.92 2492.00 -38.50 -840.00 2492.00 2.22 -560.46 3094.66 37.17 -1200.00 3092.00 -120.82 -1200.00 3220.39 20.00 -1200.00 3212.00 -121.63 -1200.00 3220.39 20.00 -1200.00 3212.00 -121.63 -1200.00 3258.30 -66.36 -1200.00 2831.00 -25.00 -1440.00 3092.00 -120.82 -1200.00 3094.66 37.17 -1200.00 3332.00 -122.45 -1200.00 3332.00 -64.00 -996.00 3332.00 -11.56 -1075.87 3332.00 -126.22 -1080.00 3332.00 100.00 -1100.00 3332.00 -11.22 -1113.35 3332.00 -11.56 -1075.87 3332.00 -130.00 -960.00 3330.00 -11.93 -985.94 3332.00 -11.22 -1113.35 3332.00 -11.56 -1075.87 3332.00 18.00 -696.00 3332.00 5.46 -598.02 3332.00 100.00 -676.66 3332.00 100.00 -596.04 3332.00 11.93 -518.10 3332.00 -102.10 -600.00 3332.00 -109.79 -480.00 3332.00 -114.59 -720.00 3332.00 -102.10 -600.00 3332.00 -57.17 -691.20 3332.00 5.46 -598.02 3332.00 5.46 -598.02 3332.00 18.00 -696.00 3332.00 -240.00 -1080.00 3332.00 -126.22 -1080.00 3332.00 -240.00 -1200.00 3332.00 -122.45 -1200.00 3212.00 -233.23 -480.00 3092.00 -234.66 -480.00 3212.00 -105.78 -480.00 3092.00 -101.78 -480.00 2612.00 -243.90 -480.00 2492.00 -246.03 -480.00 2852.00 -103.25 -480.00 2852.00 -239.64 -480.00 2732.00 -103.25 -480.00 2732.00 -241.77 -480.00 2732.00 -103.25 -480.00 2732.00 -241.77 -480.00 2612.00 -111.89 -480.00 2612.00 -243.90 -480.00 2851.82 18.38 -480.00 2733.08 15.30 -480.00 2851.64 80.58 -480.00 2734.16 133.84 -480.00 2972.00 -103.25 -480.00 2972.00 -237.51 -480.00 2852.00 -103.25 -480.00 2852.00 -239.64 -480.00 3332.00 -231.80 -480.00 3212.00 -233.23 -480.00 3332.00 -109.79 -480.00 3212.00 -105.78 -480.00 3222.00 -2.89 -480.00 3098.98 12.33 -480.00 3232.00 100.00 -480.00 3105.96 126.44 -480.00 2972.00 -103.25 -480.00 2975.00 18.38 -480.00 3092.00 -101.78 -480.00 3098.98 12.33 -480.00 2851.82 18.38 -480.00 2851.64 80.58 -480.00 2975.00 18.38 -480.00 2978.00 140.00 -480.00 2734.16 133.84 -480.00 2733.08 15.30 -480.00 2603.13 100.00 -480.00 2607.56 -5.94 -480.00 2603.13 100.00 -480.00 2607.56 -5.94 -480.00 2564.06 -15.00 -480.00 3098.98 12.33 -480.00 2975.00 18.38 -480.00 3105.96 126.44 -480.00 2978.00 140.00 -480.00 2852.00 -103.25 -480.00 2851.82 18.38 -480.00 2972.00 -103.25 -480.00 2975.00 18.38 -480.00 3098.98 12.33 -480.00 3222.00 -2.89 -480.00 3092.00 -101.78 -480.00 3212.00 -105.78 -480.00 2851.82 18.38 -480.00 2852.00 -103.25 -480.00 2733.08 15.30 -480.00 2732.00 -103.25 -480.00 2733.08 15.30 -480.00 2732.00 -103.25 -480.00 2607.56 -5.94 -480.00 2612.00 -111.89 -480.00 3291.76 14.42 -480.00 3222.00 -2.89 -480.00 3232.00 100.00 -480.00 2607.56 -5.94 -480.00 2612.00 -111.89 -480.00 2564.06 -15.00 -480.00 2492.00 -130.00 -480.00 2852.00 -270.91 -1320.00 2852.00 -182.69 -1320.00 2972.00 -185.00 -1320.00 2972.00 -158.86 -1200.00 2972.00 -158.86 -1200.00 2972.00 -43.88 -1320.00 2972.00 -32.80 -1200.00 2972.00 60.00 -1320.00 2983.00 -4.01 -1366.69 2972.00 -43.88 -1320.00 2972.00 60.00 -1320.00 2994.00 -37.00 -1440.00 2852.00 46.00 -1320.00 2972.00 60.00 -1320.00 2938.00 12.00 -1410.00 2983.00 -4.01 -1366.69 3332.00 -57.17 -691.20 3320.09 -57.52 -720.80 3332.00 -114.59 -720.00 3349.30 -73.11 -739.08 3402.00 -150.00 -720.00 3396.10 -60.00 -720.00 3332.00 18.00 -696.00 3304.38 -1.58 -717.80 3296.00 6.00 -777.00 3352.00 -32.00 -775.00 3408.00 0.00 -780.00 3397.00 0.00 -836.00 3330.00 -8.00 -843.00 3299.00 15.00 -847.00 3233.06 116.60 -840.00 3271.29 101.01 -724.62 3332.00 -130.00 -960.00 3318.00 -80.00 -952.00 3332.00 -64.00 -996.00 3352.00 -80.00 -936.00 3381.00 -156.00 -960.00 3396.50 -60.00 -960.00 3318.00 -15.00 -937.00 3330.00 -11.93 -985.94 3296.00 6.00 -910.00 3352.00 -33.00 -902.00 3406.00 0.00 -900.00 3235.63 106.10 -924.40 3275.09 95.31 -958.55 3332.00 100.00 -989.00 2871.00 14.00 -1408.00 2903.00 -20.00 -1568.00 2994.00 -37.00 -1440.00 2968.00 -21.00 -1539.00 2843.00 -19.00 -1539.00 2831.00 -25.00 -1440.00 2542.83 -23.69 -532.10 2568.12 70.38 -557.41 2564.06 -15.00 -480.00 2603.13 100.00 -480.00 2492.00 2.22 -560.46 2492.00 100.00 -580.00 3232.00 100.00 -480.00 3249.35 78.00 -528.53 3291.76 14.42 -480.00 3294.56 4.72 -500.19 3332.00 100.00 -596.04 3332.00 11.93 -518.10 3246.12 -34.74 -1132.59 3226.28 47.31 -1059.44 3178.19 28.49 -1116.31 3220.39 20.00 -1200.00 3258.30 -66.36 -1200.00 2614.98 37.43 -1090.85 2492.00 100.00 -1051.18 2492.00 -17.52 -1087.56 2852.00 46.00 -1320.00 2841.20 0.19 -1368.78 2912.00 60.00 -1240.00 2912.00 60.00 -1135.94 2868.78 81.84 -1145.47 2895.18 20.73 -1233.24 2852.00 -19.55 -1200.00 2852.00 8.27 -1280.63 2972.00 -32.80 -1200.00 2945.66 36.62 -1141.91 3008.24 25.15 -1130.44 3024.58 -16.00 -1200.00 3084.38 80.46 -1145.93 3094.66 37.17 -1200.00 3015.12 101.62 -1100.91 2934.78 103.71 -1085.91 2841.66 50.98 -1132.18 2807.00 64.80 -1200.00 2860.00 193.00 -1102.00 2775.83 190.21 -1052.87 2612.00 -3.39 -1200.00 2732.00 13.28 -1200.00 2711.82 64.74 -1075.83 2563.04 -51.62 -1130.73 2705.58 130.27 -609.80 2734.16 133.84 -480.00 2615.84 140.57 -700.32 2742.00 220.00 -780.00 2861.90 229.64 -640.16 2874.00 220.00 -824.00 2551.38 140.00 -705.17 2564.57 121.23 -840.00 2649.36 160.00 -840.00 2649.39 112.96 -1016.40 2551.38 117.12 -943.74 2657.34 165.13 -942.64 2782.00 220.00 -922.00 2900.00 220.00 -987.00 2947.46 171.07 -1073.98 3019.00 178.00 -1108.00 3010.87 209.07 -1010.96 3004.34 215.04 -885.19 3124.52 138.77 -1003.76 3140.79 137.67 -557.18 3207.96 169.71 -656.26 3028.82 222.87 -621.72 2966.00 220.00 -793.00 3128.01 207.76 -746.95 2978.00 140.00 -480.00 2851.64 80.58 -480.00 2909.55 139.60 -544.62 2826.32 129.88 -555.47 3332.00 100.00 -1100.00 3240.70 110.38 -984.78 3120.92 178.81 -869.50 2492.00 -78.69 -1124.38 2492.00 -113.81 -1200.00 2571.89 -75.53 -1200.00 3332.00 -122.45 -1200.00 3332.00 -88.41 -1141.25 3332.00 -11.22 -1113.35 3289.29 74.35 -1061.57 3332.00 -11.22 -1113.35 3332.00 100.00 -676.66 3105.96 126.44 -480.00 3332.00 -109.79 -480.00 2492.00 -130.00 -480.00 2912.00 60.00 -1240.00 3332.00 -130.00 -960.00 3332.00 -240.00 -960.00 3402.00 -240.00 -960.00 3332.00 -60.00 -960.00 3402.00 -60.00 -960.00 3332.00 0.00 -900.00 3402.00 0.00 -900.00 3332.00 -60.00 -720.00 3402.00 -60.00 -720.00 3332.00 -114.59 -720.00 3402.00 -240.00 -720.00 3332.00 -60.00 -960.00 3402.00 -60.00 -960.00 3332.00 -240.00 -720.00 2974.81 -300.16 -681.30 2993.73 -302.36 -663.12 2993.55 -281.92 -671.87 2983.87 -284.82 -698.45 2985.84 -284.76 -683.76 3002.00 -277.00 -690.00 2990.00 -302.00 -717.48 3015.61 -301.38 -719.28 2993.33 -320.00 -720.00 3013.33 -320.00 -720.00 3028.98 -297.76 -703.46 3028.10 -299.06 -679.30 3032.85 -320.00 -700.00 2974.92 -300.00 -702.42 2973.33 -320.00 -700.00 2974.81 -300.16 -681.30 2973.33 -320.00 -680.33 3011.70 -298.81 -661.82 3013.33 -320.00 -660.00 2993.33 -320.00 -660.00 3018.71 -282.02 -696.38 3019.73 -278.98 -682.17 2993.55 -281.92 -671.87 3008.83 -279.49 -673.52 3028.98 -297.76 -703.46 3010.45 -281.92 -708.13 3018.71 -282.02 -696.38 2996.40 -281.92 -706.02 3010.45 -281.92 -708.13 2990.00 -302.00 -717.48 2983.87 -284.82 -698.45 3008.83 -279.49 -673.52 3011.70 -298.81 -661.82 2973.33 -320.00 -680.33 2985.84 -284.76 -683.76 3013.33 -320.00 -660.00 3032.85 -320.00 -680.00 2993.33 -320.00 -720.00 3019.73 -278.98 -682.17 3018.71 -282.02 -696.38 3008.83 -279.49 -673.52 2985.84 -284.76 -683.76 2996.40 -281.92 -706.02 2996.40 -281.92 -706.02 3032.85 -320.00 -700.00 2813.30 -300.16 -597.19 2792.62 -302.11 -578.66 2802.68 -284.49 -577.68 2829.65 -285.15 -586.07 2812.57 -285.35 -592.70 2822.00 -277.00 -570.00 2849.48 -302.00 -582.00 2851.28 -301.38 -556.39 2852.00 -320.00 -578.67 2852.00 -320.00 -558.67 2835.46 -297.76 -543.02 2811.13 -298.07 -541.04 2832.00 -320.00 -539.15 2834.42 -300.00 -597.08 2832.00 -320.00 -598.67 2813.30 -300.16 -597.19 2812.33 -320.00 -598.67 2793.82 -298.81 -560.30 2792.00 -320.00 -558.67 2792.00 -320.00 -578.67 2828.38 -282.02 -553.29 2816.02 -280.32 -556.67 2802.68 -284.49 -577.68 2803.99 -282.45 -565.27 2835.46 -297.76 -543.02 2838.19 -281.87 -563.13 2828.38 -282.02 -553.29 2840.18 -281.92 -576.16 2838.19 -281.87 -563.13 2849.48 -302.00 -582.00 2829.65 -285.15 -586.07 2803.99 -282.45 -565.27 2793.82 -298.81 -560.30 2812.33 -320.00 -598.67 2812.57 -285.35 -592.70 2792.00 -320.00 -558.67 2812.00 -320.00 -539.15 2852.00 -320.00 -578.67 2816.02 -280.32 -556.67 2828.38 -282.02 -553.29 2803.99 -282.45 -565.27 2812.57 -285.35 -592.70 2840.18 -281.92 -576.16 2840.18 -281.92 -576.16 2832.00 -320.00 -539.15 2972.00 -237.51 -480.00 2972.00 -320.00 -480.00 2852.00 -239.64 -480.00 2852.00 -320.00 -480.00 3332.00 -320.00 -900.00 3332.00 -240.00 -900.00 3332.00 -320.00 -960.00 3332.00 -240.00 -960.00 2994.00 -120.00 -1440.00 2994.00 -37.00 -1440.00 2968.00 -120.00 -1539.00 2968.00 -21.00 -1539.00 2843.00 -120.00 -1536.00 2903.00 -120.00 -1566.00 2843.00 -19.00 -1539.00 2903.00 -20.00 -1568.00 2968.00 -21.00 -1539.00 2968.00 -120.00 -1539.00 2831.00 -120.00 -1440.00 2843.00 -120.00 -1536.00 2831.00 -25.00 -1440.00 2843.00 -19.00 -1539.00 2994.00 -37.00 -1440.00 2994.00 -120.00 -1440.00 2972.00 -43.88 -1320.00 2972.00 -120.00 -1320.00 2852.00 -120.00 -1320.00 2831.00 -120.00 -1440.00 2841.60 -38.41 -1320.00 2831.00 -25.00 -1440.00 2492.00 -250.00 -780.00 2492.00 -320.00 -780.00 2492.00 -250.00 -810.00 2852.00 -320.00 -720.00 2852.00 -420.00 -720.00 2732.00 -320.00 -720.00 2732.00 -420.00 -720.00 2852.00 -320.00 -840.00 2852.00 -420.00 -840.00 2852.00 -320.00 -720.00 2852.00 -420.00 -720.00 2732.00 -320.00 -840.00 2732.00 -420.00 -840.00 2852.00 -320.00 -840.00 2852.00 -420.00 -840.00 2732.00 -320.00 -840.00 2732.00 -320.00 -720.00 2732.00 -420.00 -840.00 2732.00 -420.00 -720.00 2972.00 -440.00 -1200.00 2972.00 -440.00 -1080.00 2972.00 -560.00 -1200.00 2972.00 -560.00 -1080.00 2972.00 -440.00 -1080.00 3092.00 -440.00 -1080.00 2972.00 -560.00 -1080.00 3092.00 -560.00 -1080.00 2612.00 -440.00 -960.00 2612.00 -440.00 -1080.00 2612.00 -560.00 -960.00 2612.00 -560.00 -1080.00 2492.00 -440.00 -960.00 2612.00 -440.00 -960.00 2492.00 -560.00 -960.00 2612.00 -560.00 -960.00 3212.00 -440.00 -480.00 3212.00 -440.00 -600.00 3212.00 -320.00 -480.00 3212.00 -320.00 -600.00 3212.00 -320.00 -720.00 3212.00 -440.00 -720.00 3332.00 -320.00 -720.00 3332.00 -440.00 -720.00 2612.00 -440.00 -480.00 2612.00 -440.00 -600.00 2612.00 -560.00 -480.00 2612.00 -560.00 -600.00 2612.00 -440.00 -600.00 2492.00 -440.00 -600.00 2612.00 -560.00 -600.00 2492.00 -560.00 -600.00 2972.00 -320.00 -1200.00 2972.00 -320.00 -1320.00 2852.00 -320.00 -1200.00 2852.00 -320.00 -1320.00 3332.00 -320.00 -780.00 3332.00 -320.00 -720.00 3332.00 -240.00 -780.00 3332.00 -240.00 -720.00 3332.00 -320.00 -1080.00 3332.00 -440.00 -1080.00 3212.00 -320.00 -1080.00 3212.00 -440.00 -1080.00 3212.00 -320.00 -1080.00 3212.00 -440.00 -1080.00 3092.00 -320.00 -1080.00 2612.00 -320.00 -1200.00 2612.00 -440.00 -1200.00 2612.00 -320.00 -1080.00 3212.00 -560.00 -720.00 3212.00 -560.00 -600.00 3332.00 -440.00 -1080.00 3212.00 -560.00 -1080.00 3332.00 -560.00 -1080.00 2972.00 -320.00 -1080.00 2972.00 -320.00 -1200.00 2972.00 -440.00 -1200.00 3092.00 -320.00 -1080.00 3092.00 -440.00 -1080.00 2972.00 -320.00 -1080.00 3092.00 -560.00 -1080.00 3212.00 -560.00 -1080.00 2492.00 -250.00 -870.00 2492.00 -250.00 -840.00 2492.00 -320.00 -840.00 2492.00 -250.00 -900.00 2492.00 -320.00 -900.00 2852.00 -320.00 -1320.00 2852.00 -270.91 -1320.00 2852.00 -320.00 -1200.00 2852.00 -250.00 -1200.00 2972.00 -320.00 -1320.00 2972.00 -270.91 -1320.00 2852.00 -320.00 -1320.00 2852.00 -270.91 -1320.00 2972.00 -247.72 -1200.00 2972.00 -270.91 -1320.00 2972.00 -320.00 -1200.00 2972.00 -320.00 -1320.00 3332.00 -240.00 -960.00 3332.00 -240.00 -1080.00 3332.00 -320.00 -960.00 3332.00 -320.00 -1080.00 2612.00 -320.00 -960.00 2492.00 -320.00 -960.00 2492.00 -440.00 -960.00 2612.00 -440.00 -1080.00 2612.00 -440.00 -1200.00 2612.00 -560.00 -1080.00 2612.00 -560.00 -1200.00 2612.00 -320.00 -1080.00 2612.00 -320.00 -960.00 2612.00 -320.00 -600.00 2612.00 -320.00 -480.00 2612.00 -440.00 -480.00 2492.00 -320.00 -600.00 2492.00 -440.00 -600.00 2612.00 -320.00 -600.00 3332.00 -440.00 -720.00 3212.00 -440.00 -720.00 3332.00 -560.00 -720.00 3212.00 -560.00 -720.00 3212.00 -320.00 -600.00 3212.00 -440.00 -600.00 3212.00 -320.00 -720.00 3212.00 -560.00 -480.00 3212.00 -560.00 -600.00 3212.00 -440.00 -480.00 2492.00 -249.01 -720.00 2492.00 -320.00 -720.00 2492.00 -250.00 -780.00 2492.00 -320.00 -780.00 2732.00 -250.00 -1200.00 2732.00 -320.00 -1200.00 2852.00 -250.00 -1200.00 2852.00 -320.00 -1200.00 2612.00 -250.00 -1200.00 2612.00 -320.00 -1200.00 2732.00 -250.00 -1200.00 2732.00 -320.00 -1200.00 3092.00 -234.66 -480.00 3092.00 -320.00 -480.00 2972.00 -237.51 -480.00 2972.00 -320.00 -480.00 2852.00 -239.64 -480.00 2852.00 -320.00 -480.00 2732.00 -241.77 -480.00 2732.00 -320.00 -480.00 2732.00 -241.77 -480.00 2732.00 -320.00 -480.00 2612.00 -243.90 -480.00 2612.00 -320.00 -480.00 3212.00 -233.23 -480.00 3212.00 -320.00 -480.00 3092.00 -234.66 -480.00 3092.00 -320.00 -480.00 2492.00 -320.00 -631.34 2492.00 -248.02 -631.34 2852.00 -182.69 -1320.00 2972.00 -185.00 -1320.00 2912.00 -120.00 -1320.00 2972.00 -120.00 -1320.00 2852.00 -120.00 -1320.00 3332.00 -320.00 -840.00 3332.00 -240.00 -840.00 3332.00 -320.00 -840.00 3332.00 -240.00 -840.00 2742.49 57.51 -781.93 2749.56 106.37 -791.72 2753.74 106.37 -776.50 2742.49 57.51 -781.93 2741.03 106.37 -768.86 2742.49 57.51 -781.93 2730.60 106.37 -777.20 2742.49 57.51 -781.93 2736.80 76.50 -789.14 2755.85 148.68 -801.30 2763.82 234.67 -809.11 2762.40 148.68 -772.59 2773.22 234.67 -769.43 2736.80 76.50 -789.14 2732.93 176.28 -796.21 2729.38 234.67 -802.64 2742.49 57.51 -781.93 2722.00 148.68 -774.39 2711.60 234.67 -774.60 2732.93 176.28 -796.21 2729.38 234.67 -802.64 2742.23 148.68 -760.30 2740.86 234.67 -749.61 2940.50 166.43 -788.16 2934.64 225.48 -786.83 2950.98 166.43 -819.74 2948.37 233.47 -824.50 2965.10 166.43 -767.14 2964.26 230.98 -761.50 2992.32 166.43 -783.81 2997.36 241.11 -781.48 2966.49 20.92 -794.93 2971.77 70.39 -801.96 2974.94 70.39 -790.42 2966.49 20.92 -794.93 2965.31 70.39 -784.63 2966.49 20.92 -794.93 2957.40 70.39 -790.94 2966.49 20.92 -794.93 2960.80 70.39 -802.14 2950.98 166.43 -819.74 2948.37 233.47 -824.50 2984.41 166.43 -817.17 2989.62 245.34 -821.62 2976.37 115.50 -809.08 2981.25 115.50 -787.68 2960.80 70.39 -802.14 2956.93 115.50 -809.21 2966.49 20.92 -794.93 2951.14 115.50 -789.02 2956.93 115.50 -809.21 2966.22 115.50 -778.52 2993.49 64.27 -754.93 2998.77 136.53 -761.96 3001.94 136.53 -750.42 2993.49 64.27 -754.93 2992.31 136.53 -744.63 2993.49 64.27 -754.93 2984.40 136.53 -750.94 2993.49 64.27 -754.93 2987.80 136.53 -762.14 3005.03 185.81 -771.56 3017.09 243.73 -784.66 3010.70 185.81 -746.67 3027.50 243.73 -740.77 2987.80 136.53 -762.14 2982.42 185.81 -771.71 2973.10 243.73 -788.04 2993.49 64.27 -754.93 2975.69 185.81 -748.23 2959.32 243.73 -746.49 2982.42 185.81 -771.71 2973.10 243.73 -788.04 2993.22 185.81 -736.02 2991.69 243.73 -718.84 2900.49 45.15 -988.93 2910.04 124.14 -1002.50 2915.64 124.14 -982.16 2900.49 45.15 -988.93 2898.64 124.14 -971.94 2900.49 45.15 -988.93 2884.70 124.14 -983.08 2900.49 45.15 -988.93 2890.70 124.14 -1002.83 2920.25 177.13 -1017.85 2927.71 241.39 -1023.44 2929.86 177.13 -975.68 2939.71 241.39 -972.83 2890.70 124.14 -1002.83 2881.93 177.13 -1018.10 2877.00 241.39 -1027.33 2900.49 45.15 -988.93 2870.53 177.13 -978.32 2861.11 241.39 -979.43 2881.93 177.13 -1018.10 2877.00 241.39 -1027.33 2900.24 177.13 -957.62 2898.43 241.39 -947.55 2972.00 -320.00 -1080.00 2972.00 -320.00 -1200.00 2852.00 -320.00 -1080.00 2852.00 -320.00 -1200.00 2732.00 -320.00 -840.00 2852.00 -320.00 -840.00 2732.00 -320.00 -960.00 2852.00 -320.00 -960.00 2732.00 -320.00 -720.00 2612.00 -320.00 -720.00 2732.00 -320.00 -600.00 2612.00 -320.00 -600.00 2612.00 -320.00 -960.00 2612.00 -320.00 -840.00 2732.00 -320.00 -960.00 2732.00 -320.00 -840.00 3212.00 -320.00 -600.00 3092.00 -320.00 -600.00 3212.00 -320.00 -480.00 3092.00 -320.00 -480.00 2852.00 -320.00 -840.00 2852.00 -320.00 -720.00 2972.00 -320.00 -840.00 2972.00 -320.00 -720.00 2852.00 -320.00 -480.00 2852.00 -320.00 -600.00 2732.00 -320.00 -480.00 2732.00 -320.00 -600.00 2972.00 -320.00 -960.00 2972.00 -320.00 -840.00 3092.00 -320.00 -960.00 3092.00 -320.00 -840.00 3212.00 -320.00 -840.00 3212.00 -320.00 -720.00 3272.00 -320.00 -840.00 3332.00 -320.00 -780.00 3332.00 -320.00 -720.00 3092.00 -320.00 -840.00 3092.00 -320.00 -720.00 3212.00 -320.00 -840.00 3212.00 -320.00 -720.00 2972.00 -320.00 -840.00 2972.00 -320.00 -720.00 3092.00 -320.00 -840.00 3092.00 -320.00 -720.00 3092.00 -320.00 -480.00 3092.00 -320.00 -600.00 2972.00 -320.00 -480.00 2972.00 -320.00 -600.00 2852.00 -320.00 -600.00 2972.00 -320.00 -600.00 2852.00 -320.00 -720.00 2972.00 -320.00 -720.00 2972.00 -320.00 -960.00 2852.00 -320.00 -960.00 2972.00 -320.00 -840.00 2852.00 -320.00 -840.00 2972.00 -320.00 -1080.00 2972.00 -320.00 -960.00 3092.00 -320.00 -1080.00 3092.00 -320.00 -960.00 3332.00 -320.00 -900.00 3332.00 -320.00 -960.00 3212.00 -320.00 -960.00 3212.00 -320.00 -840.00 3272.00 -320.00 -840.00 3212.00 -320.00 -1080.00 3212.00 -320.00 -960.00 3332.00 -320.00 -1080.00 3332.00 -320.00 -960.00 3092.00 -320.00 -960.00 3092.00 -320.00 -840.00 3212.00 -320.00 -960.00 3212.00 -320.00 -840.00 3092.00 -320.00 -1080.00 3092.00 -320.00 -960.00 3212.00 -320.00 -1080.00 3212.00 -320.00 -960.00 2852.00 -320.00 -1080.00 2972.00 -320.00 -960.00 2612.00 -320.00 -960.00 2732.00 -320.00 -960.00 2612.00 -320.00 -1080.00 2732.00 -320.00 -1080.00 2732.00 -320.00 -1200.00 2732.00 -320.00 -1080.00 2852.00 -320.00 -1200.00 2852.00 -320.00 -1080.00 2612.00 -320.00 -1080.00 2732.00 -320.00 -1080.00 2612.00 -320.00 -1200.00 2732.00 -320.00 -1200.00 2732.00 -320.00 -1080.00 2732.00 -320.00 -960.00 2852.00 -320.00 -960.00 3212.00 -320.00 -720.00 3212.00 -320.00 -600.00 3092.00 -320.00 -600.00 2972.00 -320.00 -480.00 2972.00 -320.00 -600.00 2852.00 -320.00 -480.00 2852.00 -320.00 -600.00 2972.00 -320.00 -600.00 3092.00 -320.00 -600.00 2972.00 -320.00 -720.00 3092.00 -320.00 -720.00 2732.00 -320.00 -600.00 2852.00 -320.00 -600.00 2732.00 -320.00 -720.00 2852.00 -320.00 -720.00 2732.00 -320.00 -480.00 2732.00 -320.00 -600.00 2612.00 -320.00 -480.00 2612.00 -320.00 -600.00 2492.00 -320.00 -900.00 2492.00 -320.00 -840.00 2612.00 -320.00 -840.00 2612.00 -320.00 -600.00 2492.00 -320.00 -631.34 2492.00 -320.00 -600.00 2612.00 -320.00 -840.00 2612.00 -320.00 -720.00 2492.00 -320.00 -780.00 2612.00 -320.00 -840.00 2492.00 -320.00 -840.00 2492.00 -320.00 -960.00 2612.00 -320.00 -960.00 2492.00 -320.00 -720.00 2612.00 -320.00 -720.00 2612.00 -320.00 -720.00 2492.00 -320.00 -720.00 3332.00 -320.00 -840.00 3332.00 -320.00 -840.00 2352.00 -250.00 -870.00 2352.00 -250.00 -810.00 2352.00 -734.81 -1468.01 2352.00 -734.81 -211.99 2352.00 -150.00 -810.00 2352.00 331.24 -211.99 2352.00 -150.00 -870.00 2352.00 331.24 -1468.01 </float_array>
                    <technique_common>
                        <accessor source="#geom-01F23EB6-pos-array" count="1068" stride="3">
                            <param name="X" type="float" />
                            <param name="Y" type="float" />
                            <param name="Z" type="float" />
                        </accessor>
                    </technique_common>
                </source>
                <source id="geom-01F23EB6-texcoord">
                    <float_array id="geom-01F23EB6-texcoord-array" count="2136">1.00 0.25 0.75 0.25 0.87 0.00 0.50 0.00 0.50 0.25 0.00 0.75 0.00 0.50 0.25 0.75 0.25 0.50 0.25 1.00 1.00 0.75 0.75 1.00 0.75 0.75 1.00 0.50 0.75 0.50 1.00 0.50 0.75 0.50 1.00 0.25 0.75 0.25 0.69 0.50 0.50 0.75 0.50 0.50 0.50 0.50 0.00 1.00 0.00 0.50 1.00 0.50 1.00 1.00 0.50 1.00 1.00 1.00 0.50 0.50 1.00 0.50 0.50 1.00 0.00 1.00 0.50 0.50 0.00 0.50 1.00 0.75 0.81 0.50 1.00 0.50 0.50 0.75 0.50 1.00 0.00 0.75 0.00 1.00 1.00 1.00 0.69 1.00 1.00 0.50 0.50 0.50 0.50 1.00 0.00 1.00 0.37 0.75 0.00 0.75 0.50 1.00 0.00 1.00 0.50 0.75 0.00 0.75 0.00 1.00 0.00 0.50 0.31 0.50 0.00 1.00 0.00 0.50 0.50 1.00 0.37 0.50 1.00 0.50 0.69 0.69 0.50 0.50 1.00 1.00 0.50 1.00 1.00 0.50 0.50 0.50 0.50 0.50 1.00 0.50 0.50 1.00 1.00 1.00 1.00 0.50 1.00 1.00 0.50 0.50 0.50 1.00 0.50 0.50 0.00 1.00 0.00 0.50 0.50 0.50 0.50 0.75 0.00 0.50 0.00 0.75 0.50 0.50 1.00 1.00 0.50 1.00 0.50 0.50 1.00 0.75 0.50 1.00 1.00 1.00 0.50 0.50 1.00 0.50 0.81 0.69 0.50 0.50 0.31 0.79 0.00 0.50 1.00 0.50 0.83 0.74 0.50 0.50 0.50 0.75 0.50 0.50 0.69 0.81 0.50 0.75 1.00 1.00 0.50 1.00 0.00 0.75 0.00 0.37 0.50 0.75 0.50 0.37 1.00 0.37 0.50 0.37 1.00 0.00 0.50 0.00 0.63 0.37 0.50 0.76 0.19 0.37 0.19 0.75 0.00 0.75 0.00 0.37 0.50 0.75 0.50 0.37 0.50 0.37 1.00 0.75 1.00 0.37 0.50 0.37 0.00 0.37 0.50 0.00 0.00 0.00 0.50 0.75 0.50 0.37 1.00 0.75 1.00 0.37 0.37 0.37 0.00 0.37 0.50 0.00 0.00 0.00 1.00 0.75 0.50 0.75 0.19 1.00 0.00 0.75 0.00 1.00 0.00 1.00 0.50 1.00 1.00 1.00 0.50 1.00 1.00 0.75 0.50 0.75 0.50 1.00 0.00 1.00 0.75 0.50 1.00 0.50 0.63 0.06 0.50 0.25 0.50 0.06 1.00 1.00 0.50 1.00 0.50 1.00 0.00 1.00 0.50 0.75 0.00 0.75 0.50 0.50 1.00 0.50 0.50 1.00 1.00 1.00 1.00 0.37 0.50 0.37 1.00 0.00 0.50 0.00 0.50 0.37 0.00 0.37 0.50 0.00 0.00 0.00 0.50 1.00 0.50 0.50 1.00 1.00 1.00 0.50 1.00 0.37 1.00 0.00 0.63 0.00 1.00 0.75 1.00 1.00 0.50 1.00 0.50 1.00 0.00 1.00 0.50 0.50 0.00 0.50 0.50 1.00 0.50 0.50 1.00 1.00 1.00 0.50 0.00 1.00 0.00 0.50 0.50 1.00 0.50 0.50 0.50 1.00 0.50 0.50 1.00 1.00 1.00 0.50 0.50 0.00 0.00 0.00 0.19 0.00 1.00 0.00 0.50 0.00 0.37 0.00 0.00 0.00 0.50 0.00 0.00 0.00 0.00 0.37 0.00 0.50 0.50 0.50 0.00 1.00 0.50 1.00 1.00 0.00 1.00 1.00 0.50 1.00 0.00 1.00 0.50 0.50 0.00 0.50 0.50 0.75 0.00 1.00 0.00 0.50 0.50 1.00 0.50 0.50 0.50 0.50 1.00 0.50 0.50 1.00 1.00 1.00 1.00 0.00 1.00 0.00 0.00 1.00 0.00 0.75 0.50 1.00 0.50 0.75 0.50 0.50 0.50 0.50 0.50 1.00 0.50 0.75 0.50 1.00 0.50 0.50 0.50 0.50 1.00 1.00 0.50 1.00 0.50 0.50 0.50 1.00 0.50 0.50 0.87 1.00 0.50 1.00 0.50 1.00 0.50 0.50 0.87 1.00 0.87 0.50 0.50 0.50 0.00 0.50 0.87 0.69 1.00 0.50 0.00 0.50 0.50 0.50 0.00 1.00 0.50 1.00 0.50 1.00 0.50 0.50 1.00 1.00 1.00 0.50 1.00 1.00 1.00 0.50 0.50 1.00 1.00 1.00 0.69 0.75 0.50 1.00 0.50 0.50 0.00 1.00 0.50 0.75 0.50 1.00 0.50 1.00 0.50 0.50 0.00 0.50 1.00 1.00 0.50 0.50 0.00 1.00 0.00 0.50 0.50 1.00 0.50 0.50 0.50 1.00 0.50 0.50 0.69 0.69 1.00 0.50 1.00 0.50 1.00 1.00 1.00 0.50 0.87 0.75 0.50 1.00 0.50 0.50 0.50 1.00 0.31 0.50 0.50 0.50 1.00 0.50 0.87 1.00 0.81 1.00 1.00 1.00 0.13 0.50 0.50 0.50 0.13 1.00 0.50 1.00 0.81 1.00 0.50 0.50 1.00 0.50 0.50 0.50 1.00 0.50 0.63 0.69 0.50 1.00 1.00 1.00 0.63 1.00 1.00 0.50 1.00 1.00 0.50 0.50 0.50 1.00 0.50 0.50 1.00 0.50 0.50 1.00 1.00 1.00 0.50 1.00 1.00 1.00 0.00 1.00 0.00 0.50 0.50 1.00 0.50 0.50 0.50 1.00 0.50 0.50 1.00 1.00 1.00 0.50 0.50 0.50 1.00 0.50 0.50 0.75 1.00 1.00 0.50 1.00 0.50 0.50 1.00 1.00 1.00 0.50 0.00 0.50 0.50 0.50 0.00 1.00 0.50 1.00 0.50 0.50 1.00 0.50 0.50 1.00 1.00 1.00 1.00 0.50 1.00 1.00 0.50 0.50 0.50 1.00 1.00 0.50 1.00 0.75 0.50 0.50 0.50 1.00 0.00 1.00 0.00 0.50 0.50 1.00 0.50 0.50 0.00 1.00 0.00 0.50 0.25 0.50 0.00 0.50 0.50 0.50 0.00 1.00 0.50 1.00 0.50 0.50 0.50 1.00 0.00 0.50 0.00 1.00 0.50 1.00 0.00 1.00 0.50 0.50 0.00 0.50 0.50 1.00 0.50 0.50 1.00 1.00 1.00 0.50 0.00 1.00 0.00 0.50 0.50 1.00 0.50 0.50 0.19 0.50 0.50 0.50 0.50 1.00 0.50 1.00 0.50 0.50 0.75 1.00 1.00 0.50 1.00 0.50 1.00 0.50 0.50 0.50 1.00 0.50 0.50 1.00 0.50 0.50 1.00 0.50 0.50 1.00 0.81 0.69 1.00 0.50 1.00 1.00 0.50 0.50 1.00 1.00 0.11 -0.28 0.10 -0.13 0.05 -0.20 0.31 -0.89 0.31 -0.88 0.30 -0.88 0.29 -0.87 0.28 -0.90 0.27 -0.88 0.33 -0.88 0.32 -0.87 0.31 -0.85 0.30 -0.86 0.27 -0.86 0.28 -0.85 0.29 -0.84 0.30 -0.83 0.33 -0.80 0.36 -0.84 0.24 -0.83 0.24 -0.83 0.24 -0.82 0.25 -0.84 0.24 -0.84 0.25 -0.85 0.26 -0.81 0.25 -0.81 0.28 -0.82 0.27 -0.84 0.26 -0.85 0.30 -0.78 0.28 -0.78 0.26 -0.80 0.19 -0.10 0.08 0.09 0.00 -0.11 0.01 0.03 0.17 0.08 0.24 -0.03 0.74 -0.71 0.70 -0.70 0.74 -0.72 0.69 -0.74 0.74 -0.68 0.71 -0.66 0.46 -0.91 0.43 -0.91 0.43 -0.95 0.42 -0.95 0.39 -0.90 0.41 -0.95 0.17 -0.73 0.22 -0.73 0.20 -0.70 0.15 -0.69 0.13 -0.73 0.56 -0.42 0.64 -0.46 0.64 -0.38 0.26 -0.22 0.26 -0.13 0.24 -0.35 0.29 -0.48 0.34 -0.45 0.29 -0.33 0.36 -0.34 0.31 -0.26 0.13 -0.50 0.25 -0.50 0.22 -0.55 0.14 -0.56 0.23 -0.63 0.17 -0.63 0.27 -0.58 0.31 -0.53 0.37 -0.43 0.42 -0.39 0.39 -0.53 0.45 -0.52 0.54 -0.34 0.47 -0.37 0.50 -0.44 0.59 -0.36 0.62 -0.71 0.64 -0.77 0.63 -0.65 0.55 -0.65 0.53 -0.74 0.48 -0.67 0.66 -0.63 0.62 -0.57 0.58 -0.59 0.55 -0.49 0.61 -0.52 0.55 -0.55 0.49 -0.60 0.41 -0.60 0.34 -0.58 0.30 -0.61 0.35 -0.64 0.40 -0.69 0.30 -0.70 0.46 -0.86 0.41 -0.84 0.48 -0.79 0.45 -0.71 0.41 -0.78 0.54 -0.84 0.60 -0.81 0.56 -0.79 0.59 -0.77 0.22 -0.79 0.27 -0.76 0.36 -0.74 0.64 -0.34 0.62 -0.30 0.58 -0.32 0.11 -0.77 0.14 -0.78 0.18 -0.78 0.23 -0.77 0.18 -0.78 0.36 -0.88 0.50 -0.87 0.41 -1.00 0.78 -0.71 0.24 -0.35 0.01 0.00 0.01 -0.83 0.62 -0.82 0.00 -1.00 0.62 -1.00 0.00 -0.14 0.62 -0.14 0.01 0.49 0.62 0.49 0.01 0.00 0.62 -0.82 0.01 0.49 0.62 0.49 0.01 -0.83 0.50 0.63 0.63 0.63 0.63 0.75 0.63 0.75 0.75 0.75 0.63 0.88 0.75 0.63 0.63 0.63 0.75 0.50 0.63 0.50 0.75 0.63 0.63 0.63 0.75 0.50 0.63 0.63 0.63 0.50 0.75 0.63 0.75 0.50 0.75 0.63 0.75 0.50 0.63 0.50 0.50 1.00 0.63 1.00 0.75 0.88 0.75 1.00 0.50 0.63 0.63 0.75 0.50 0.75 0.50 0.75 0.50 0.88 0.50 0.63 0.63 0.75 0.50 0.75 0.50 0.63 0.50 0.50 0.75 0.75 0.50 0.50 0.63 0.50 0.50 0.50 0.63 0.75 0.75 0.75 0.75 0.75 0.50 0.75 0.50 0.75 0.75 0.75 0.50 0.50 0.50 0.63 0.63 0.63 0.63 0.75 0.63 0.75 0.75 0.75 0.63 0.88 0.75 0.63 0.63 0.63 0.75 0.50 0.63 0.50 0.75 0.63 0.63 0.63 0.75 0.50 0.63 0.63 0.63 0.50 0.75 0.63 0.75 0.50 0.75 0.63 0.75 0.50 0.63 0.50 0.50 1.00 0.63 1.00 0.75 0.88 0.75 1.00 0.50 0.63 0.63 0.75 0.50 0.75 0.50 0.75 0.50 0.88 0.50 0.63 0.63 0.75 0.50 0.75 0.50 0.63 0.50 0.50 0.75 0.75 0.50 0.50 0.63 0.50 0.50 0.50 0.63 0.75 0.75 0.75 0.75 0.75 0.50 0.75 0.50 0.75 0.75 0.75 0.50 0.50 0.50 0.25 0.50 0.00 1.00 0.25 1.00 0.00 0.75 0.25 0.75 0.50 0.50 0.25 0.50 0.50 1.00 0.00 1.00 0.25 0.50 0.00 0.50 0.25 0.50 0.00 0.75 0.00 0.50 0.25 0.75 0.25 1.00 0.25 1.00 0.00 0.50 0.00 1.00 0.00 0.50 0.25 1.00 0.25 0.50 0.25 0.50 0.00 1.00 0.25 1.00 0.00 0.50 0.00 1.00 0.00 0.50 0.25 1.00 0.25 0.50 0.50 0.50 0.25 0.63 0.50 0.00 0.50 0.00 0.00 0.50 0.50 0.50 0.00 0.00 0.50 0.00 0.00 0.50 0.50 0.50 0.00 0.00 0.50 0.00 0.00 0.50 0.50 0.50 0.00 0.50 0.50 0.00 0.50 0.50 0.00 0.00 0.00 0.00 0.00 0.50 0.00 0.00 0.50 0.50 0.50 0.00 0.00 0.50 0.00 0.00 0.50 0.50 0.50 0.00 0.00 0.50 0.00 0.00 0.50 0.50 0.50 0.00 0.00 0.50 0.00 0.00 0.50 0.50 0.50 0.00 0.00 0.50 0.00 0.00 0.50 0.50 0.50 0.00 0.50 0.00 0.00 0.50 0.50 0.50 0.00 0.00 0.00 0.50 0.00 0.00 0.50 0.50 0.50 0.00 0.00 0.50 0.00 0.00 0.50 0.50 0.50 0.50 0.50 0.50 1.00 0.00 0.50 0.00 1.00 0.75 0.25 1.00 0.25 0.75 0.50 1.00 0.50 0.00 0.50 0.00 0.00 0.50 0.50 0.50 0.00 0.00 0.50 0.00 0.00 0.50 0.50 0.00 0.50 0.00 0.00 0.50 0.50 0.00 0.50 0.50 0.50 0.50 0.00 0.00 0.50 0.50 0.50 0.00 0.50 0.50 0.50 0.50 0.00 0.00 0.50 0.00 0.00 0.50 0.50 0.00 0.50 0.50 0.50 0.88 0.50 0.75 0.50 0.75 0.25 1.00 0.50 1.00 0.25 1.00 0.00 1.00 0.25 0.50 0.00 0.50 0.25 1.00 0.00 1.00 0.25 0.50 0.00 0.50 0.25 1.00 0.25 0.50 0.25 1.00 0.00 0.50 0.00 1.00 0.25 0.50 0.25 1.00 0.00 0.50 0.00 0.00 0.50 0.50 0.50 0.50 0.00 0.00 0.00 0.50 0.00 0.00 0.50 0.50 0.50 0.00 0.50 0.50 0.50 0.00 0.50 0.50 0.50 0.50 0.00 0.00 0.50 0.00 0.00 0.50 0.50 0.00 0.00 0.50 0.00 0.00 0.50 0.50 0.50 0.00 0.50 0.00 0.00 0.50 0.50 0.50 0.50 0.00 0.50 0.50 0.00 0.81 0.25 0.81 0.00 1.00 0.25 1.00 0.00 0.50 0.25 0.50 0.00 1.00 0.25 1.00 0.00 0.50 0.25 0.50 0.00 1.00 0.25 1.00 0.00 0.50 0.25 0.50 0.00 1.00 0.25 1.00 0.00 0.50 0.25 0.50 0.00 1.00 0.25 1.00 0.00 0.50 0.25 0.50 0.00 1.00 0.25 1.00 0.00 0.50 0.25 0.50 0.00 1.00 0.25 1.00 0.00 0.50 0.00 0.50 0.25 0.50 0.25 1.00 0.25 0.75 0.50 1.00 0.50 0.50 0.50 0.50 0.25 0.50 0.50 1.00 0.25 1.00 0.50 0.92 0.50 0.95 0.63 0.90 0.63 0.88 0.50 0.84 0.63 0.82 0.50 0.80 0.63 0.77 0.52 0.75 0.63 0.95 0.75 0.95 0.88 0.90 0.75 0.90 0.88 1.00 0.63 1.00 0.75 1.00 0.88 0.97 0.50 0.80 0.75 0.80 0.88 0.75 0.75 0.75 0.88 0.84 0.75 0.84 0.88 0.80 0.88 0.80 0.99 0.75 0.88 0.75 0.99 0.84 0.88 0.84 0.99 0.90 0.88 0.90 1.00 0.92 0.50 0.95 0.63 0.90 0.63 0.88 0.50 0.84 0.63 0.82 0.50 0.80 0.63 0.77 0.52 0.75 0.63 1.00 0.88 1.00 0.99 0.95 0.88 0.95 1.00 0.95 0.75 0.90 0.75 1.00 0.63 1.00 0.75 0.97 0.50 0.80 0.75 0.75 0.75 0.84 0.75 0.92 0.50 0.95 0.63 0.90 0.63 0.88 0.50 0.84 0.63 0.82 0.50 0.80 0.63 0.77 0.52 0.75 0.63 0.95 0.75 0.95 0.88 0.90 0.75 0.90 0.88 1.00 0.63 1.00 0.75 1.00 0.88 0.97 0.50 0.80 0.75 0.80 0.88 0.75 0.75 0.75 0.88 0.84 0.75 0.84 0.88 0.92 0.50 0.95 0.63 0.90 0.63 0.88 0.50 0.84 0.63 0.82 0.50 0.80 0.63 0.77 0.52 0.75 0.63 0.95 0.75 0.95 0.88 0.90 0.75 0.90 0.88 1.00 0.63 1.00 0.75 1.00 0.88 0.97 0.50 0.80 0.75 0.80 0.88 0.75 0.75 0.75 0.88 0.84 0.75 0.84 0.88 0.50 0.50 0.00 0.50 0.50 0.00 0.00 0.00 0.50 1.00 0.00 1.00 0.50 0.50 0.00 0.50 0.50 0.50 0.00 0.50 0.50 0.00 0.00 0.00 0.50 0.50 0.00 0.50 0.50 0.00 0.00 0.00 0.50 1.00 0.50 0.50 1.00 1.00 1.00 0.50 0.50 1.00 0.00 1.00 0.50 0.50 0.00 0.50 1.00 0.50 0.50 0.50 1.00 0.00 0.50 0.00 0.50 1.00 0.00 1.00 0.50 0.50 0.00 0.50 0.50 0.50 0.50 0.00 0.75 0.50 1.00 0.25 1.00 0.00 0.50 1.00 0.00 1.00 0.50 0.50 0.00 0.50 0.50 0.50 0.00 0.50 0.50 0.00 0.00 0.00 1.00 0.50 0.50 0.50 1.00 0.00 0.50 0.00 0.50 0.50 0.00 0.50 0.50 0.00 0.00 0.00 0.50 0.50 0.00 0.50 0.50 0.00 0.00 0.00 0.50 1.00 0.00 1.00 0.50 0.50 0.00 0.50 1.00 0.75 1.00 1.00 0.50 1.00 0.50 0.50 0.75 0.50 0.50 1.00 0.50 0.50 1.00 1.00 1.00 0.50 0.50 0.50 0.00 0.50 0.50 0.00 0.00 0.00 0.50 1.00 0.00 1.00 0.50 0.50 0.00 0.50 0.00 1.00 0.50 0.50 0.50 1.00 0.00 1.00 0.50 0.50 0.00 0.50 1.00 1.00 0.50 1.00 1.00 0.50 0.50 0.50 0.50 1.00 0.50 0.50 1.00 1.00 1.00 0.50 0.50 0.50 0.00 0.50 0.00 0.00 0.50 1.00 0.50 0.50 0.00 0.50 1.00 1.00 0.50 1.00 1.00 0.50 0.50 0.50 0.50 1.00 0.00 1.00 0.50 0.50 0.00 0.50 0.50 1.00 0.00 1.00 0.50 0.50 0.00 0.50 1.00 1.00 0.50 1.00 1.00 0.50 0.50 0.50 1.00 0.75 1.00 1.00 0.50 1.00 0.50 1.00 1.00 0.88 1.00 1.00 0.00 1.00 0.00 0.50 1.00 0.25 0.50 0.00 1.00 0.00 1.00 0.50 0.50 0.50 1.00 0.50 0.50 0.50 0.50 0.50 1.00 0.50 1.00 0.50 1.00 0.50 0.52 0.46 0.47 0.46 1.00 0.08 0.00 0.08 0.47 0.54 0.00 0.92 0.52 0.54 1.00 0.92 </float_array>
                    <technique_common>
                        <accessor source="#geom-01F23EB6-texcoord-array" count="1068" stride="2">
                            <param name="S" type="float" />
                            <param name="T" type="float" />
                        </accessor>
                    </technique_common>
                </source>
                <source id="geom-01F23EB6-colors">
                    <float_array id="geom-01F23EB6-colors-array" count="4240">0.20 0.44 1.00 1.00 0.04 0.42 1.00 1.00 0.09 0.28 0.93 1.00 0.29 0.46 0.95 1.00 0.27 0.41 0.84 1.00 0.34 0.51 1.00 1.00 0.36 0.56 1.00 1.00 0.04 0.25 0.93 1.00 0.05 0.32 1.00 1.00 0.09 0.32 1.00 1.00 0.35 0.51 1.00 1.00 0.09 0.32 1.00 1.00 0.06 0.27 0.96 1.00 0.38 0.58 1.00 1.00 0.08 0.35 1.00 1.00 0.38 0.58 1.00 1.00 0.08 0.35 1.00 1.00 0.30 0.45 0.91 1.00 0.09 0.45 1.00 1.00 0.17 0.27 0.58 1.00 0.30 0.45 0.91 1.00 0.31 0.47 0.96 1.00 0.20 0.31 0.64 1.00 0.04 0.13 0.51 1.00 0.32 0.47 0.90 1.00 0.39 0.49 0.78 1.00 0.00 0.07 0.35 1.00 0.00 0.04 0.23 1.00 0.04 0.13 0.51 1.00 0.39 0.49 0.78 1.00 0.32 0.47 0.90 1.00 0.39 0.49 0.78 1.00 0.00 0.05 0.28 1.00 0.49 0.58 0.83 1.00 0.00 0.04 0.22 1.00 0.27 0.41 0.84 1.00 0.18 0.29 0.60 1.00 0.29 0.46 0.95 1.00 0.07 0.15 0.40 1.00 0.11 0.21 0.49 1.00 0.04 0.07 0.17 1.00 0.05 0.09 0.20 1.00 0.13 0.22 0.50 1.00 0.00 0.04 0.25 1.00 0.34 0.42 0.66 1.00 0.00 0.04 0.22 1.00 0.14 0.24 0.54 1.00 0.05 0.09 0.20 1.00 0.09 0.18 0.45 1.00 0.04 0.07 0.17 1.00 0.13 0.22 0.51 1.00 0.24 0.36 0.75 1.00 0.10 0.19 0.46 1.00 0.14 0.23 0.53 1.00 0.00 0.05 0.25 1.00 0.14 0.24 0.53 1.00 0.00 0.04 0.24 1.00 0.00 0.03 0.19 1.00 0.13 0.23 0.52 1.00 0.00 0.04 0.19 1.00 0.00 0.07 0.40 1.00 0.14 0.23 0.53 1.00 0.00 0.04 0.23 1.00 0.00 0.04 0.18 1.00 0.00 0.04 0.18 1.00 0.13 0.22 0.51 1.00 0.04 0.08 0.18 1.00 0.11 0.19 0.47 1.00 0.23 0.38 0.84 1.00 0.22 0.34 0.71 1.00 0.48 0.70 1.00 1.00 0.29 0.42 0.83 1.00 0.11 0.20 0.47 1.00 0.13 0.22 0.52 1.00 0.04 0.09 0.26 1.00 0.00 0.04 0.18 1.00 0.23 0.38 0.84 1.00 0.13 0.25 0.59 1.00 0.11 0.21 0.53 1.00 0.11 0.21 0.53 1.00 0.13 0.25 0.59 1.00 0.11 0.21 0.53 1.00 0.13 0.25 0.58 1.00 0.44 0.55 0.91 1.00 0.13 0.25 0.58 1.00 0.33 0.51 1.00 1.00 0.33 0.51 1.00 1.00 0.18 0.34 0.90 1.00 0.32 0.47 0.93 1.00 0.01 0.13 0.56 1.00 0.00 0.04 0.18 1.00 0.13 0.22 0.52 1.00 0.00 0.04 0.24 1.00 0.32 0.47 0.93 1.00 0.01 0.07 0.34 1.00 0.02 0.09 0.42 1.00 0.01 0.13 0.56 1.00 0.00 0.05 0.25 1.00 0.32 0.47 0.93 1.00 0.23 0.36 0.77 1.00 0.48 0.70 1.00 1.00 0.03 0.14 0.61 1.00 0.16 0.31 0.85 1.00 0.23 0.36 0.77 1.00 0.00 0.13 0.55 1.00 0.03 0.06 0.15 1.00 0.02 0.04 0.11 1.00 0.08 0.16 0.42 1.00 0.01 0.07 0.29 1.00 0.02 0.04 0.11 1.00 0.05 0.13 0.38 1.00 0.00 0.00 0.00 1.00 0.00 0.00 0.00 1.00 0.06 0.14 0.39 1.00 0.10 0.19 0.47 1.00 0.03 0.10 0.33 1.00 0.13 0.22 0.51 1.00 0.03 0.08 0.24 1.00 0.02 0.06 0.18 1.00 0.07 0.15 0.40 1.00 0.00 0.07 0.27 1.00 0.07 0.15 0.40 1.00 0.04 0.07 0.17 1.00 0.02 0.04 0.12 1.00 0.00 0.06 0.26 1.00 0.02 0.04 0.12 1.00 0.00 0.00 0.00 1.00 0.00 0.00 0.00 1.00 0.07 0.15 0.41 1.00 0.00 0.06 0.26 1.00 0.04 0.07 0.17 1.00 0.02 0.04 0.12 1.00 0.02 0.08 0.29 1.00 0.02 0.04 0.12 1.00 0.00 0.00 0.00 1.00 0.00 0.00 0.00 1.00 0.03 0.06 0.15 1.00 0.09 0.17 0.43 1.00 0.17 0.27 0.58 1.00 0.00 0.08 0.32 1.00 0.31 0.47 0.96 1.00 0.04 0.09 0.26 1.00 0.11 0.20 0.47 1.00 0.22 0.34 0.71 1.00 0.23 0.38 0.84 1.00 0.15 0.26 0.58 1.00 0.31 0.47 0.94 1.00 0.11 0.21 0.49 1.00 0.04 0.08 0.18 1.00 0.05 0.32 1.00 1.00 0.25 0.49 1.00 1.00 0.09 0.30 0.95 1.00 0.20 0.44 1.00 1.00 0.22 0.43 1.00 1.00 0.04 0.08 0.18 1.00 0.11 0.19 0.47 1.00 0.11 0.19 0.47 1.00 0.22 0.34 0.71 1.00 0.09 0.17 0.43 1.00 0.15 0.26 0.58 1.00 0.22 0.34 0.71 1.00 0.11 0.19 0.47 1.00 0.29 0.42 0.83 1.00 0.13 0.22 0.51 1.00 0.08 0.16 0.42 1.00 0.05 0.12 0.36 1.00 0.00 0.00 0.00 1.00 0.00 0.00 0.00 1.00 0.05 0.13 0.38 1.00 0.08 0.16 0.42 1.00 0.00 0.00 0.00 1.00 0.00 0.00 0.00 1.00 0.14 0.23 0.53 1.00 0.11 0.21 0.49 1.00 0.15 0.33 0.80 1.00 0.22 0.35 0.74 1.00 0.02 0.06 0.18 1.00 0.00 0.00 0.00 1.00 0.00 0.00 0.00 1.00 0.03 0.08 0.24 1.00 0.04 0.09 0.26 1.00 0.13 0.22 0.51 1.00 0.00 0.04 0.18 1.00 0.16 0.26 0.57 1.00 0.04 0.09 0.26 1.00 0.13 0.22 0.51 1.00 0.35 0.43 0.67 1.00 0.11 0.21 0.49 1.00 0.00 0.04 0.22 1.00 0.05 0.09 0.20 1.00 0.28 0.40 0.75 1.00 0.21 0.32 0.64 1.00 0.46 0.60 1.00 1.00 0.31 0.44 0.80 1.00 0.16 0.25 0.56 1.00 0.13 0.22 0.51 1.00 0.00 0.04 0.22 1.00 0.05 0.09 0.20 1.00 0.00 0.00 0.00 1.00 0.00 0.00 0.00 1.00 0.00 0.00 0.00 1.00 0.00 0.00 0.00 1.00 0.00 0.00 0.00 1.00 0.00 0.00 0.00 1.00 0.00 0.00 0.00 1.00 0.00 0.00 0.00 1.00 0.00 0.00 0.00 1.00 0.04 0.11 0.34 1.00 0.24 0.36 0.75 1.00 0.13 0.22 0.51 1.00 0.18 0.33 0.76 1.00 0.16 0.25 0.56 1.00 0.00 0.00 0.00 1.00 0.05 0.09 0.20 1.00 0.49 0.58 0.83 1.00 0.00 0.04 0.22 1.00 0.14 0.24 0.54 1.00 0.05 0.09 0.20 1.00 0.13 0.22 0.51 1.00 0.27 0.40 0.80 1.00 0.21 0.32 0.67 1.00 0.33 0.51 1.00 1.00 0.44 0.55 0.91 1.00 0.11 0.20 0.47 1.00 0.21 0.32 0.67 1.00 0.13 0.22 0.52 1.00 0.27 0.40 0.80 1.00 0.31 0.47 0.96 1.00 0.22 0.43 1.00 1.00 0.32 0.47 0.90 1.00 0.35 0.51 1.00 1.00 0.20 0.31 0.64 1.00 0.25 0.47 1.00 1.00 0.25 0.49 1.00 1.00 0.36 0.56 1.00 1.00 0.21 0.40 1.00 1.00 0.26 0.47 1.00 1.00 0.21 0.40 1.00 1.00 0.25 0.49 1.00 1.00 0.25 0.49 1.00 1.00 0.16 0.26 0.57 1.00 0.49 0.58 0.83 1.00 0.14 0.24 0.54 1.00 0.20 0.31 0.64 1.00 0.16 0.26 0.57 1.00 0.00 0.05 0.29 1.00 0.01 0.08 0.39 1.00 0.01 0.08 0.39 1.00 0.20 0.31 0.64 1.00 0.00 0.04 0.21 1.00 0.00 0.05 0.29 1.00 0.16 0.26 0.57 1.00 0.38 0.58 1.00 1.00 0.00 0.04 0.24 1.00 0.00 0.04 0.18 1.00 0.13 0.22 0.52 1.00 0.27 0.40 0.80 1.00 0.06 0.10 0.25 1.00 0.02 0.09 0.42 1.00 0.02 0.09 0.42 1.00 0.27 0.40 0.80 1.00 0.32 0.47 0.93 1.00 0.33 0.51 1.00 1.00 0.06 0.10 0.25 1.00 0.13 0.22 0.51 1.00 0.38 0.58 1.00 1.00 0.36 0.56 1.00 1.00 0.06 0.23 0.79 1.00 0.02 0.04 0.11 1.00 0.01 0.13 0.56 1.00 0.39 0.49 0.78 1.00 0.34 0.51 1.00 1.00 0.32 0.47 0.90 1.00 0.00 0.07 0.35 1.00 0.36 0.56 1.00 1.00 0.49 0.58 0.83 1.00 0.32 0.47 0.90 1.00 0.00 0.05 0.28 1.00 0.10 0.17 0.45 1.00 0.29 0.42 0.83 1.00 0.00 0.04 0.24 1.00 0.13 0.22 0.51 1.00 0.00 0.04 0.24 1.00 0.13 0.22 0.51 1.00 0.00 0.05 0.24 1.00 0.04 0.22 0.87 1.00 0.29 0.42 0.83 1.00 0.10 0.17 0.45 1.00 0.00 0.04 0.18 1.00 0.00 0.08 0.42 1.00 0.13 0.23 0.52 1.00 0.14 0.23 0.53 1.00 0.00 0.03 0.19 1.00 0.00 0.04 0.20 1.00 0.13 0.23 0.52 1.00 0.15 0.33 0.80 1.00 0.00 0.07 0.40 1.00 0.00 0.04 0.20 1.00 0.13 0.23 0.52 1.00 0.00 0.05 0.25 1.00 0.14 0.24 0.53 1.00 0.00 0.04 0.21 1.00 0.00 0.05 0.25 1.00 0.00 0.04 0.24 1.00 0.16 0.25 0.56 1.00 0.00 0.04 0.22 1.00 0.18 0.33 0.76 1.00 0.16 0.25 0.56 1.00 0.00 0.08 0.41 1.00 0.14 0.24 0.53 1.00 0.14 0.24 0.53 1.00 0.00 0.05 0.25 1.00 0.11 0.21 0.49 1.00 0.14 0.23 0.53 1.00 0.04 0.08 0.18 1.00 0.00 0.04 0.18 1.00 0.11 0.21 0.49 1.00 0.21 0.32 0.64 1.00 0.34 0.42 0.66 1.00 0.28 0.40 0.75 1.00 0.11 0.21 0.49 1.00 0.05 0.09 0.20 1.00 0.47 0.60 1.00 1.00 0.31 0.44 0.81 1.00 0.29 0.41 0.77 1.00 0.21 0.32 0.65 1.00 0.29 0.41 0.77 1.00 0.21 0.32 0.65 1.00 0.35 0.43 0.67 1.00 0.11 0.21 0.49 1.00 0.38 0.51 0.90 1.00 0.25 0.36 0.71 1.00 0.05 0.15 0.55 1.00 0.00 0.06 0.33 1.00 0.46 0.60 1.00 1.00 0.31 0.44 0.80 1.00 0.47 0.60 1.00 1.00 0.31 0.44 0.81 1.00 0.05 0.09 0.20 1.00 0.11 0.21 0.49 1.00 0.00 0.04 0.22 1.00 0.34 0.42 0.66 1.00 0.13 0.22 0.50 1.00 0.24 0.35 0.69 1.00 0.00 0.04 0.25 1.00 0.00 0.07 0.34 1.00 0.46 0.60 1.00 1.00 0.37 0.50 0.89 1.00 0.28 0.40 0.75 1.00 0.24 0.35 0.69 1.00 0.38 0.51 0.90 1.00 0.05 0.15 0.55 1.00 0.37 0.50 0.89 1.00 0.02 0.10 0.43 1.00 0.00 0.06 0.33 1.00 0.25 0.36 0.71 1.00 0.00 0.05 0.27 1.00 0.13 0.23 0.52 1.00 0.00 0.05 0.27 1.00 0.13 0.23 0.52 1.00 0.00 0.05 0.29 1.00 0.24 0.35 0.69 1.00 0.37 0.50 0.89 1.00 0.00 0.07 0.34 1.00 0.02 0.10 0.43 1.00 0.47 0.60 1.00 1.00 0.38 0.51 0.90 1.00 0.46 0.60 1.00 1.00 0.37 0.50 0.89 1.00 0.24 0.35 0.69 1.00 0.13 0.22 0.50 1.00 0.28 0.40 0.75 1.00 0.34 0.42 0.66 1.00 0.38 0.51 0.90 1.00 0.47 0.60 1.00 1.00 0.25 0.36 0.71 1.00 0.29 0.41 0.77 1.00 0.25 0.36 0.71 1.00 0.29 0.41 0.77 1.00 0.13 0.23 0.52 1.00 0.35 0.43 0.67 1.00 0.00 0.04 0.25 1.00 0.13 0.22 0.50 1.00 0.00 0.04 0.25 1.00 0.13 0.23 0.52 1.00 0.35 0.43 0.67 1.00 0.00 0.05 0.29 1.00 0.00 0.04 0.22 1.00 0.11 0.21 0.53 1.00 0.13 0.25 0.58 1.00 0.13 0.25 0.59 1.00 0.48 0.70 1.00 1.00 0.48 0.70 1.00 1.00 0.00 0.13 0.55 1.00 0.23 0.36 0.77 1.00 0.05 0.08 0.17 1.00 0.16 0.29 0.69 1.00 0.00 0.13 0.55 1.00 0.05 0.08 0.17 1.00 0.04 0.29 1.00 1.00 0.02 0.04 0.11 1.00 0.05 0.08 0.17 1.00 0.15 0.45 1.00 1.00 0.16 0.29 0.69 1.00 0.00 0.08 0.41 1.00 0.35 0.52 1.00 1.00 0.18 0.33 0.76 1.00 0.20 0.50 1.00 1.00 0.04 0.24 0.97 1.00 0.00 0.14 0.66 1.00 0.00 0.05 0.25 1.00 0.20 0.32 0.68 1.00 0.41 0.60 1.00 1.00 0.09 0.35 1.00 1.00 0.00 0.13 0.58 1.00 0.00 0.15 0.70 1.00 0.36 0.65 1.00 1.00 0.39 0.57 1.00 1.00 0.47 0.65 1.00 1.00 0.21 0.33 0.69 1.00 0.15 0.33 0.80 1.00 0.34 0.50 0.98 1.00 0.00 0.08 0.42 1.00 0.29 0.63 1.00 1.00 0.00 0.20 0.93 1.00 0.00 0.13 0.62 1.00 0.27 0.40 0.84 1.00 0.00 0.07 0.40 1.00 0.36 0.53 1.00 1.00 0.01 0.26 1.00 1.00 0.00 0.13 0.57 1.00 0.35 0.49 0.95 1.00 0.13 0.24 0.56 1.00 0.00 0.01 0.07 1.00 0.44 0.60 1.00 1.00 0.04 0.11 0.34 1.00 0.04 0.29 1.00 1.00 0.06 0.19 0.63 1.00 0.05 0.18 0.58 1.00 0.04 0.22 0.87 1.00 0.49 0.55 0.75 1.00 0.46 0.53 0.72 1.00 0.00 0.05 0.29 1.00 0.00 0.05 0.27 1.00 0.00 0.05 0.28 1.00 0.00 0.04 0.23 1.00 0.00 0.00 0.00 1.00 0.34 0.39 0.55 1.00 0.00 0.04 0.25 1.00 0.33 0.38 0.53 1.00 0.00 0.02 0.12 1.00 0.00 0.04 0.24 1.00 0.40 0.48 0.73 1.00 0.49 0.60 0.89 1.00 0.47 0.56 0.80 1.00 0.00 0.04 0.17 1.00 0.00 0.05 0.24 1.00 0.54 0.62 0.82 1.00 0.00 0.04 0.21 1.00 0.00 0.05 0.29 1.00 0.02 0.04 0.11 1.00 0.06 0.23 0.79 1.00 0.07 0.11 0.23 1.00 0.39 0.55 1.00 1.00 0.46 0.62 1.00 1.00 0.01 0.09 0.32 1.00 0.32 0.47 0.93 1.00 0.00 0.05 0.25 1.00 0.23 0.36 0.77 1.00 0.45 0.62 1.00 1.00 0.45 0.62 1.00 1.00 0.03 0.14 0.61 1.00 0.25 0.36 0.71 1.00 0.00 0.05 0.23 1.00 0.36 0.49 0.87 1.00 0.64 0.81 1.00 1.00 0.58 0.75 1.00 1.00 0.02 0.09 0.40 1.00 0.31 0.44 0.80 1.00 0.36 0.49 0.87 1.00 0.00 0.03 0.18 1.00 0.01 0.04 0.18 1.00 0.41 0.55 0.96 1.00 0.43 0.51 0.71 1.00 0.32 0.45 0.82 1.00 0.00 0.00 0.02 1.00 0.24 0.35 0.69 1.00 0.45 0.59 1.00 1.00 0.39 0.52 0.92 1.00 0.51 0.62 0.72 1.00 0.00 0.02 0.10 1.00 0.02 0.07 0.26 1.00 0.40 0.53 0.93 1.00 0.31 0.43 0.79 1.00 0.00 0.03 0.14 1.00 0.36 0.49 0.87 1.00 0.47 0.61 1.00 1.00 0.45 0.59 1.00 1.00 0.42 0.55 0.96 1.00 0.29 0.41 0.76 1.00 0.39 0.52 0.91 1.00 0.59 0.75 1.00 1.00 0.48 0.64 1.00 1.00 0.44 0.49 0.65 1.00 0.21 0.32 0.65 1.00 0.31 0.44 0.80 1.00 0.47 0.58 0.72 1.00 0.33 0.45 0.83 1.00 0.01 0.03 0.13 1.00 0.05 0.15 0.55 1.00 0.39 0.52 0.91 1.00 0.40 0.53 0.93 1.00 0.00 0.01 0.07 1.00 0.14 0.25 0.60 1.00 0.47 0.62 0.80 1.00 0.00 0.04 0.24 1.00 0.00 0.04 0.18 1.00 0.00 0.04 0.24 1.00 0.00 0.04 0.18 1.00 0.00 0.04 0.23 1.00 0.00 0.04 0.20 1.00 0.01 0.07 0.27 1.00 0.11 0.20 0.48 1.00 0.00 0.02 0.08 1.00 0.00 0.07 0.34 1.00 0.00 0.04 0.22 1.00 0.00 0.04 0.22 1.00 0.07 0.15 0.40 1.00 0.15 0.33 0.80 1.00 0.22 0.35 0.74 1.00 0.09 0.27 0.85 1.00 0.14 0.38 1.00 1.00 0.08 0.30 0.96 1.00 0.11 0.32 1.00 1.00 0.05 0.25 0.88 1.00 0.11 0.34 1.00 1.00 0.06 0.27 0.95 1.00 0.12 0.31 0.89 1.00 0.08 0.25 0.83 1.00 0.14 0.38 1.00 1.00 0.08 0.30 0.96 1.00 0.24 0.36 0.75 1.00 0.71 0.78 1.00 1.00 0.22 0.31 0.60 1.00 0.65 0.73 0.96 1.00 0.76 0.87 0.97 1.00 0.76 0.87 0.97 1.00 1.00 1.00 1.00 1.00 0.76 0.87 0.97 1.00 0.78 0.84 1.00 1.00 0.80 0.85 1.00 1.00 0.37 0.46 0.73 1.00 0.30 0.39 0.66 1.00 0.22 0.31 0.60 1.00 0.22 0.31 0.60 1.00 0.76 0.87 0.97 1.00 0.73 0.80 1.00 1.00 0.71 0.78 1.00 1.00 0.33 0.41 0.68 1.00 0.22 0.31 0.60 1.00 0.22 0.31 0.60 1.00 0.22 0.31 0.60 1.00 0.76 0.82 1.00 1.00 0.61 0.69 0.92 1.00 0.65 0.73 0.96 1.00 0.35 0.44 0.71 1.00 0.30 0.39 0.66 1.00 0.76 0.87 0.97 1.00 0.76 0.82 1.00 1.00 0.76 0.87 0.97 1.00 0.76 0.87 0.97 1.00 0.76 0.87 0.97 1.00 0.76 0.87 0.97 1.00 0.35 0.44 0.71 1.00 0.22 0.31 0.60 1.00 0.33 0.41 0.68 1.00 0.76 0.87 0.97 1.00 0.22 0.31 0.60 1.00 0.22 0.31 0.60 1.00 0.80 0.85 1.00 1.00 0.61 0.69 0.92 1.00 0.76 0.82 1.00 1.00 0.35 0.44 0.71 1.00 0.76 0.87 0.97 1.00 0.76 0.87 0.97 1.00 0.76 0.87 0.97 1.00 0.22 0.31 0.60 1.00 0.78 0.84 1.00 1.00 0.33 0.42 0.69 1.00 0.54 0.62 0.86 1.00 1.00 1.00 1.00 1.00 0.88 0.92 1.00 1.00 0.73 0.80 1.00 1.00 0.76 0.82 1.00 1.00 0.27 0.36 0.64 1.00 0.60 0.67 0.91 1.00 0.22 0.31 0.60 1.00 0.22 0.31 0.60 1.00 0.22 0.31 0.60 1.00 0.22 0.31 0.60 1.00 0.94 0.96 1.00 1.00 0.78 0.83 1.00 1.00 0.78 0.84 1.00 1.00 0.71 0.78 1.00 1.00 0.22 0.31 0.60 1.00 0.22 0.31 0.60 1.00 0.22 0.31 0.60 1.00 0.25 0.34 0.62 1.00 0.26 0.35 0.64 1.00 0.54 0.62 0.86 1.00 0.28 0.37 0.65 1.00 0.22 0.31 0.60 1.00 0.52 0.60 0.84 1.00 0.25 0.34 0.62 1.00 0.81 0.86 1.00 1.00 0.52 0.60 0.84 1.00 0.76 0.82 1.00 1.00 1.00 1.00 1.00 1.00 0.28 0.37 0.65 1.00 0.22 0.31 0.60 1.00 0.71 0.78 1.00 1.00 0.88 0.92 1.00 1.00 0.22 0.31 0.60 1.00 0.22 0.31 0.60 1.00 0.60 0.67 0.91 1.00 0.26 0.35 0.64 1.00 0.25 0.34 0.62 1.00 0.28 0.37 0.65 1.00 0.88 0.92 1.00 1.00 0.81 0.86 1.00 1.00 0.81 0.86 1.00 1.00 0.22 0.31 0.60 1.00 0.31 0.44 0.80 1.00 0.05 0.15 0.48 1.00 0.31 0.44 0.81 1.00 0.05 0.16 0.48 1.00 0.15 0.24 0.54 1.00 0.41 0.68 1.00 1.00 0.15 0.25 0.54 1.00 0.22 0.35 0.74 1.00 0.02 0.24 0.93 1.00 0.04 0.29 1.00 1.00 0.05 0.18 0.60 1.00 0.06 0.19 0.63 1.00 0.04 0.17 0.56 1.00 0.04 0.11 0.34 1.00 0.05 0.18 0.58 1.00 0.04 0.11 0.34 1.00 0.06 0.19 0.63 1.00 0.05 0.18 0.60 1.00 0.01 0.19 0.76 1.00 0.04 0.17 0.56 1.00 0.04 0.22 0.87 1.00 0.05 0.18 0.58 1.00 0.04 0.29 1.00 1.00 0.02 0.24 0.93 1.00 0.00 0.13 0.55 1.00 0.16 0.31 0.85 1.00 0.18 0.34 0.90 1.00 0.01 0.19 0.76 1.00 0.01 0.13 0.56 1.00 0.04 0.22 0.87 1.00 0.29 0.46 0.95 1.00 0.00 0.15 0.60 1.00 0.42 0.65 1.00 1.00 0.98 1.00 1.00 1.00 0.23 0.34 0.68 1.00 0.65 0.81 1.00 1.00 0.29 0.42 0.78 1.00 1.00 1.00 1.00 1.00 0.19 0.29 0.61 1.00 0.98 1.00 1.00 1.00 0.23 0.34 0.68 1.00 0.75 0.93 1.00 1.00 0.27 0.40 0.75 1.00 1.00 1.00 1.00 1.00 0.19 0.29 0.61 1.00 0.75 0.93 1.00 1.00 0.65 0.81 1.00 1.00 0.27 0.40 0.75 1.00 0.29 0.42 0.78 1.00 0.05 0.12 0.36 1.00 0.00 0.05 0.25 1.00 0.00 0.00 0.00 1.00 0.00 0.00 0.00 1.00 0.00 0.05 0.25 1.00 0.00 0.05 0.25 1.00 0.00 0.00 0.00 1.00 0.00 0.00 0.00 1.00 0.00 0.05 0.25 1.00 0.00 0.05 0.25 1.00 0.00 0.00 0.00 1.00 0.00 0.00 0.00 1.00 0.03 0.10 0.33 1.00 0.00 0.05 0.25 1.00 0.00 0.00 0.00 1.00 0.00 0.00 0.00 1.00 0.00 0.06 0.26 1.00 0.00 0.05 0.25 1.00 0.07 0.15 0.40 1.00 0.05 0.15 0.50 1.00 0.08 0.16 0.42 1.00 0.00 0.05 0.25 1.00 0.14 0.23 0.53 1.00 0.04 0.11 0.34 1.00 0.00 0.06 0.26 1.00 0.00 0.05 0.25 1.00 0.00 0.00 0.00 1.00 0.00 0.00 0.00 1.00 0.00 0.05 0.25 1.00 0.02 0.08 0.29 1.00 0.00 0.00 0.00 1.00 0.00 0.00 0.00 1.00 0.31 0.47 0.94 1.00 0.10 0.19 0.46 1.00 0.42 0.53 0.87 1.00 0.10 0.19 0.45 1.00 0.15 0.25 0.55 1.00 0.14 0.23 0.53 1.00 0.42 0.69 1.00 1.00 0.24 0.36 0.75 1.00 0.08 0.16 0.42 1.00 0.01 0.07 0.29 1.00 0.00 0.05 0.25 1.00 0.00 0.05 0.25 1.00 0.00 0.05 0.25 1.00 0.00 0.05 0.25 1.00 0.00 0.06 0.29 1.00 0.07 0.15 0.40 1.00 0.00 0.07 0.27 1.00 0.00 0.05 0.25 1.00 0.00 0.00 0.00 1.00 0.00 0.00 0.00 1.00 0.01 0.07 0.29 1.00 0.00 0.00 0.00 1.00 0.00 0.00 0.00 1.00 0.15 0.28 0.69 1.00 0.31 0.47 0.94 1.00 0.05 0.12 0.36 1.00 0.00 0.06 0.29 1.00 0.00 0.05 0.25 1.00 0.15 0.28 0.69 1.00 0.00 0.00 0.00 1.00 0.00 0.00 0.00 1.00 0.42 0.62 1.00 1.00 0.45 0.70 1.00 1.00 0.00 0.13 0.51 1.00 0.31 0.47 0.96 1.00 0.00 0.08 0.32 1.00 0.10 0.19 0.45 1.00 0.11 0.21 0.53 1.00 0.42 0.53 0.87 1.00 0.44 0.55 0.91 1.00 0.10 0.19 0.46 1.00 0.11 0.21 0.53 1.00 0.10 0.19 0.45 1.00 0.11 0.21 0.53 1.00 0.23 0.38 0.84 1.00 0.11 0.21 0.53 1.00 0.31 0.47 0.94 1.00 0.10 0.19 0.46 1.00 0.22 0.35 0.74 1.00 0.11 0.21 0.49 1.00 0.15 0.25 0.54 1.00 0.08 0.16 0.42 1.00 0.28 0.34 0.58 1.00 0.13 0.22 0.51 1.00 0.03 0.10 0.33 1.00 0.00 0.05 0.25 1.00 0.00 0.07 0.27 1.00 0.00 0.00 0.00 1.00 0.00 0.00 0.00 1.00 0.00 0.05 0.25 1.00 0.28 0.34 0.58 1.00 0.03 0.10 0.33 1.00 0.07 0.15 0.41 1.00 0.00 0.06 0.26 1.00 0.09 0.18 0.45 1.00 0.02 0.08 0.29 1.00 0.03 0.10 0.33 1.00 0.04 0.11 0.34 1.00 0.00 0.05 0.25 1.00 0.00 0.00 0.00 1.00 0.00 0.00 0.00 1.00 0.05 0.15 0.50 1.00 0.00 0.05 0.25 1.00 0.08 0.16 0.42 1.00 0.00 0.00 0.00 1.00 0.00 0.00 0.00 1.00 0.00 0.06 0.26 1.00 0.18 0.29 0.60 1.00 0.00 0.08 0.30 1.00 0.29 0.46 0.95 1.00 0.00 0.15 0.60 1.00 0.21 0.32 0.67 1.00 0.00 0.09 0.39 1.00 0.44 0.55 0.91 1.00 0.42 0.53 0.87 1.00 0.11 0.20 0.47 1.00 0.07 0.15 0.40 1.00 0.21 0.32 0.67 1.00 0.00 0.09 0.39 1.00 0.21 0.32 0.64 1.00 0.02 0.10 0.36 1.00 0.31 0.44 0.80 1.00 0.05 0.15 0.48 1.00 0.31 0.44 0.81 1.00 0.05 0.16 0.48 1.00 0.21 0.32 0.65 1.00 0.02 0.10 0.37 1.00 0.21 0.32 0.65 1.00 0.02 0.10 0.37 1.00 0.11 0.21 0.49 1.00 0.07 0.15 0.41 1.00 0.11 0.21 0.49 1.00 0.07 0.15 0.40 1.00 0.21 0.32 0.64 1.00 0.02 0.10 0.36 1.00 0.13 0.22 0.51 1.00 0.14 0.24 0.54 1.00 0.13 0.25 0.58 1.00 0.13 0.25 0.59 1.00 0.45 0.51 0.70 1.00 0.16 0.31 0.85 1.00 0.18 0.34 0.90 1.00 0.17 0.27 0.58 1.00 0.52 0.80 1.00 1.00 0.17 0.27 0.58 1.00 0.52 0.80 1.00 1.00 0.90 1.00 1.00 1.00 1.00 1.00 1.00 1.00 0.67 0.77 1.00 1.00 0.90 1.00 1.00 1.00 0.11 0.21 0.60 1.00 0.90 1.00 1.00 1.00 0.08 0.16 0.45 1.00 0.90 1.00 1.00 1.00 0.11 0.21 0.60 1.00 0.28 0.38 0.92 1.00 0.44 0.95 1.00 1.00 0.42 0.57 0.85 1.00 0.41 0.91 0.93 1.00 0.11 0.21 0.60 1.00 0.09 0.18 0.50 1.00 0.36 0.74 0.83 1.00 0.90 1.00 1.00 1.00 0.11 0.17 0.58 1.00 0.35 0.72 0.80 1.00 0.09 0.18 0.50 1.00 0.36 0.74 0.83 1.00 0.09 0.18 0.50 1.00 0.35 0.72 0.80 1.00 0.09 0.26 0.52 1.00 0.37 0.80 0.84 1.00 0.12 0.27 0.58 1.00 0.37 0.81 0.84 1.00 0.08 0.15 0.43 1.00 0.35 0.74 0.81 1.00 0.08 0.15 0.46 1.00 0.35 0.69 0.78 1.00 1.00 1.00 1.00 1.00 0.28 0.45 0.93 1.00 0.12 0.23 0.64 1.00 1.00 1.00 1.00 1.00 0.11 0.21 0.60 1.00 1.00 1.00 1.00 1.00 0.74 1.00 1.00 1.00 1.00 1.00 1.00 1.00 1.00 1.00 1.00 1.00 0.12 0.27 0.58 1.00 0.37 0.81 0.84 1.00 0.09 0.15 0.52 1.00 0.35 0.69 0.78 1.00 0.18 0.27 0.76 1.00 0.09 0.18 0.52 1.00 1.00 1.00 1.00 1.00 0.53 0.69 0.98 1.00 1.00 1.00 1.00 1.00 0.27 0.48 1.00 1.00 0.53 0.69 0.98 1.00 0.09 0.18 0.50 1.00 1.00 1.00 1.00 1.00 0.36 0.52 0.99 1.00 0.11 0.22 0.62 1.00 1.00 1.00 1.00 1.00 0.11 0.21 0.60 1.00 1.00 1.00 1.00 1.00 0.33 0.50 1.00 1.00 1.00 1.00 1.00 1.00 0.67 0.77 1.00 1.00 0.20 0.27 0.75 1.00 0.40 0.82 0.92 1.00 0.09 0.18 0.50 1.00 0.36 0.74 0.83 1.00 0.67 0.77 1.00 1.00 0.38 0.53 0.82 1.00 0.44 0.93 0.95 1.00 1.00 1.00 1.00 1.00 0.20 0.35 0.81 1.00 0.38 0.86 0.87 1.00 0.38 0.53 0.82 1.00 0.44 0.93 0.95 1.00 0.09 0.18 0.50 1.00 0.35 0.72 0.80 1.00 1.00 1.00 1.00 1.00 0.13 0.25 0.69 1.00 0.55 0.66 1.00 1.00 1.00 1.00 1.00 1.00 0.83 0.91 1.00 1.00 1.00 1.00 1.00 1.00 0.29 0.45 1.00 1.00 1.00 1.00 1.00 1.00 0.11 0.21 0.60 1.00 0.11 0.16 0.58 1.00 0.39 0.77 0.89 1.00 0.20 0.31 0.61 1.00 0.38 0.82 0.87 1.00 0.11 0.21 0.60 1.00 0.09 0.18 0.50 1.00 0.36 0.74 0.83 1.00 1.00 1.00 1.00 1.00 0.17 0.31 0.76 1.00 0.35 0.71 0.80 1.00 0.09 0.18 0.50 1.00 0.36 0.74 0.83 1.00 0.42 0.57 0.85 1.00 0.39 0.88 0.87 1.00 0.15 0.28 0.69 1.00 0.31 0.47 0.94 1.00 0.76 0.83 1.00 1.00 0.42 0.53 0.87 1.00 0.75 0.93 1.00 1.00 1.00 1.00 1.00 1.00 0.78 0.84 1.00 1.00 1.00 1.00 1.00 1.00 0.65 0.81 1.00 1.00 0.56 0.64 0.87 1.00 0.67 0.71 0.82 1.00 0.03 0.10 0.33 1.00 0.28 0.34 0.58 1.00 0.62 0.69 0.92 1.00 0.78 0.84 1.00 1.00 0.75 0.93 1.00 1.00 0.05 0.15 0.50 1.00 0.66 0.70 0.81 1.00 0.07 0.15 0.40 1.00 0.02 0.10 0.36 1.00 1.00 1.00 1.00 1.00 0.98 1.00 1.00 1.00 1.00 1.00 1.00 1.00 1.00 1.00 1.00 1.00 0.05 0.16 0.48 1.00 0.90 0.93 1.00 1.00 0.02 0.10 0.37 1.00 0.67 0.71 0.82 1.00 1.00 1.00 1.00 1.00 1.00 1.00 1.00 1.00 0.91 0.93 1.00 1.00 0.68 0.87 1.00 1.00 0.21 0.34 0.73 1.00 0.08 0.16 0.42 1.00 0.13 0.23 0.56 1.00 0.15 0.25 0.55 1.00 0.14 0.23 0.53 1.00 0.68 0.87 1.00 1.00 0.93 0.95 1.00 1.00 0.21 0.34 0.73 1.00 0.08 0.16 0.42 1.00 1.00 1.00 1.00 1.00 1.00 1.00 1.00 1.00 0.68 0.87 1.00 1.00 0.93 0.95 1.00 1.00 0.02 0.10 0.36 1.00 0.66 0.70 0.81 1.00 0.05 0.15 0.48 1.00 0.33 0.46 0.84 1.00 0.90 0.93 1.00 1.00 0.33 0.46 0.84 1.00 0.98 1.00 1.00 1.00 1.00 1.00 1.00 1.00 1.00 1.00 1.00 1.00 1.00 1.00 1.00 1.00 1.00 1.00 1.00 1.00 1.00 1.00 1.00 1.00 0.15 0.28 0.69 1.00 1.00 1.00 1.00 1.00 0.00 0.06 0.29 1.00 0.91 0.93 1.00 1.00 0.15 0.24 0.54 1.00 0.15 0.25 0.54 1.00 0.14 0.23 0.53 1.00 0.21 0.34 0.73 1.00 0.13 0.23 0.56 1.00 0.00 0.05 0.25 1.00 0.14 0.23 0.53 1.00 0.08 0.16 0.42 1.00 0.15 0.25 0.54 1.00 0.91 0.93 1.00 1.00 0.68 0.87 1.00 1.00 0.14 0.23 0.53 1.00 0.21 0.34 0.73 1.00 0.00 0.06 0.29 1.00 0.91 0.93 1.00 1.00 0.00 0.05 0.25 1.00 0.14 0.23 0.53 1.00 0.76 0.83 1.00 1.00 1.00 1.00 1.00 1.00 0.28 0.34 0.58 1.00 0.78 0.84 1.00 1.00 0.00 0.05 0.25 1.00 1.00 1.00 1.00 1.00 0.00 0.09 0.39 1.00 1.00 1.00 1.00 1.00 0.42 0.53 0.87 1.00 0.76 0.83 1.00 1.00 0.00 0.05 0.25 1.00 1.00 1.00 1.00 1.00 0.07 0.15 0.40 1.00 0.00 0.09 0.39 1.00 1.00 1.00 1.00 1.00 0.78 0.84 1.00 1.00 1.00 1.00 1.00 1.00 0.08 0.16 0.42 1.00 0.05 0.15 0.50 1.00 0.66 0.70 0.81 1.00 0.05 0.15 0.48 1.00 0.33 0.46 0.84 1.00 0.05 0.16 0.48 1.00 0.90 0.93 1.00 1.00 0.33 0.46 0.84 1.00 0.66 0.70 0.81 1.00 1.00 1.00 1.00 1.00 0.93 0.95 1.00 1.00 0.67 0.71 0.82 1.00 0.90 0.93 1.00 1.00 0.65 0.81 1.00 1.00 0.98 1.00 1.00 1.00 0.02 0.10 0.37 1.00 0.67 0.71 0.82 1.00 0.07 0.15 0.41 1.00 0.03 0.10 0.33 1.00 0.00 0.08 0.32 1.00 0.00 0.13 0.51 1.00 0.62 0.69 0.92 1.00 0.03 0.10 0.33 1.00 0.13 0.22 0.51 1.00 0.09 0.18 0.45 1.00 0.62 0.69 0.92 1.00 0.56 0.64 0.87 1.00 0.00 0.15 0.60 1.00 0.62 0.69 0.92 1.00 0.00 0.13 0.51 1.00 0.13 0.22 0.51 1.00 0.28 0.34 0.58 1.00 0.00 0.08 0.30 1.00 0.56 0.64 0.87 1.00 0.56 0.64 0.87 1.00 0.00 0.08 0.30 1.00 0.17 0.27 0.58 1.00 0.17 0.27 0.58 1.00 </float_array>
                    <technique_common>
                        <accessor source="#geom-01F23EB6-colors-array" count="1060" stride="4">
                            <param name="R" type="float" />
                            <param name="G" type="float" />
                            <param name="B" type="float" />
                            <param name="A" type="float" />
                        </accessor>
                    </technique_common>
                </source>
                <vertices id="geom-01F23EB6-vtx">
                    <input semantic="POSITION" source="#geom-01F23EB6-pos" />
                </vertices>
                <triangles count="744" material="material-0253554A-symbol">
                    <input semantic="VERTEX" source="#geom-01F23EB6-vtx" offset="0" />
                    <input semantic="TEXCOORD" source="#geom-01F23EB6-texcoord" offset="0" />
                    <input semantic="COLOR" source="#geom-01F23EB6-colors" offset="0" />
                    <p>0 1 2 150 1 0 149 1 150 1 149 4 3 1 4 2 1 3 0 2 228 5 6 7 9 5 7 9 7 235 235 7 232 7 8 232 7 6 8 232 8 233 10 11 12 10 12 13 13 12 14 14 12 238 238 12 236 12 11 236 236 11 237 10 276 11 15 16 17 17 16 18 17 18 227 151 227 18 152 151 18 151 152 153 18 16 152 152 16 239 19 20 21 240 20 19 240 19 264 265 20 240 22 23 24 23 22 246 25 26 27 277 25 27 28 29 30 29 28 273 31 32 33 33 32 34 35 36 37 35 241 36 266 241 35 36 241 242 38 39 40 40 125 38 38 125 124 124 125 126 126 125 127 40 39 41 42 43 44 44 43 45 46 47 48 218 46 48 48 47 49 48 49 132 132 49 133 132 133 203 203 133 204 50 51 52 122 50 52 52 121 122 52 207 121 53 207 52 52 51 53 54 55 56 57 58 59 59 58 60 61 62 63 298 62 61 297 62 298 64 65 66 66 65 67 68 69 70 70 69 71 72 73 74 74 73 75 76 77 78 392 77 76 79 80 81 81 80 82 83 84 85 83 388 84 86 87 88 86 389 87 88 87 89 90 91 92 92 91 263 93 94 95 96 97 98 96 400 97 99 100 101 101 100 286 101 286 287 102 103 104 102 391 103 102 390 391 105 106 107 107 148 105 147 148 107 107 106 108 108 106 134 134 106 135 109 110 111 109 137 110 136 137 109 136 155 137 154 155 136 111 110 112 113 114 115 114 113 179 179 180 114 114 180 181 114 181 116 115 114 116 200 178 115 115 178 113 177 113 178 176 113 177 179 113 176 117 118 119 117 119 141 141 119 142 119 118 120 120 118 198 198 118 199 122 121 123 123 121 212 212 121 205 205 121 206 206 121 207 128 129 130 321 128 130 320 128 321 130 129 131 131 129 201 201 129 202 116 138 139 116 181 138 139 138 140 143 144 145 145 144 146 145 146 164 164 146 165 167 164 165 166 164 167 156 157 158 158 157 159 158 159 168 168 159 169 171 168 169 170 168 171 160 161 162 162 161 163 172 173 174 174 173 175 182 183 184 184 183 185 186 187 188 188 187 189 190 191 192 192 191 193 194 195 196 196 195 197 208 209 210 210 209 211 213 50 122 214 215 216 216 215 217 219 220 221 221 220 222 223 224 225 225 224 226 229 230 231 251 231 230 251 230 252 4 149 234 243 244 245 245 244 253 253 244 254 247 248 249 249 248 250 255 256 257 257 256 258 259 260 261 261 260 262 267 268 269 285 267 269 270 271 272 275 271 270 274 271 275 229 5 9 278 279 280 280 279 281 282 283 284 284 283 288 289 290 291 295 289 291 296 290 289 292 293 294 299 300 301 301 300 302 303 304 305 303 309 304 306 307 308 308 307 310 308 310 311 312 313 314 314 313 315 316 317 318 318 317 319 322 323 324 324 323 325 326 327 328 328 327 329 330 331 332 332 331 333 334 335 336 336 335 337 338 339 340 340 339 341 342 343 344 344 343 345 346 347 348 348 347 349 350 351 352 352 351 353 354 355 356 356 355 357 358 359 360 361 362 363 363 362 364 365 366 367 367 366 368 369 370 371 371 370 372 373 374 375 375 374 376 377 378 379 379 378 380 381 382 383 384 385 386 386 385 387 393 394 395 396 397 398 399 397 396 </p>
                </triangles>
            </mesh>
        </geometry>
        <geometry id="geom-01843466" name="geom-01843466">
            <mesh>
                <source id="geom-01843466-pos">
                    <float_array id="geom-01843466-pos-array" count="2001">2972.00 60.00 -1320.00 2938.00 12.00 -1410.00 2983.00 -4.01 -1366.69 3332.00 -57.17 -691.20 3320.09 -57.52 -720.80 3332.00 -114.59 -720.00 3349.30 -73.11 -739.08 3402.00 -150.00 -720.00 3396.10 -60.00 -720.00 3332.00 18.00 -696.00 3304.38 -1.58 -717.80 3296.00 6.00 -777.00 3352.00 -32.00 -775.00 3408.00 0.00 -780.00 3397.00 0.00 -836.00 3330.00 -8.00 -843.00 3299.00 15.00 -847.00 3233.06 116.60 -840.00 3271.29 101.01 -724.62 3332.00 -130.00 -960.00 3318.00 -80.00 -952.00 3332.00 -64.00 -996.00 3352.00 -80.00 -936.00 3381.00 -156.00 -960.00 3396.50 -60.00 -960.00 3318.00 -15.00 -937.00 3330.00 -11.93 -985.94 3296.00 6.00 -910.00 3352.00 -33.00 -902.00 3406.00 0.00 -900.00 3235.63 106.10 -924.40 3275.09 95.31 -958.55 3332.00 100.00 -989.00 2871.00 14.00 -1408.00 2903.00 -20.00 -1568.00 2994.00 -37.00 -1440.00 2968.00 -21.00 -1539.00 2843.00 -19.00 -1539.00 2831.00 -25.00 -1440.00 2542.83 -23.69 -532.10 2568.12 70.38 -557.41 2564.06 -15.00 -480.00 2603.13 100.00 -480.00 2492.00 2.22 -560.46 2492.00 100.00 -580.00 3232.00 100.00 -480.00 3249.35 78.00 -528.53 3291.76 14.42 -480.00 3294.56 4.72 -500.19 3332.00 100.00 -596.04 3332.00 11.93 -518.10 3246.12 -34.74 -1132.59 3226.28 47.31 -1059.44 3178.19 28.49 -1116.31 3220.39 20.00 -1200.00 3258.30 -66.36 -1200.00 2614.98 37.43 -1090.85 2492.00 100.00 -1051.18 2492.00 -17.52 -1087.56 2852.00 46.00 -1320.00 2841.20 0.19 -1368.78 2912.00 60.00 -1240.00 2912.00 60.00 -1135.94 2868.78 81.84 -1145.47 2895.18 20.73 -1233.24 2852.00 -19.55 -1200.00 2852.00 8.27 -1280.63 2972.00 -32.80 -1200.00 2945.66 36.62 -1141.91 3008.24 25.15 -1130.44 3024.58 -16.00 -1200.00 3084.38 80.46 -1145.93 3094.66 37.17 -1200.00 3015.12 101.62 -1100.91 2934.78 103.71 -1085.91 2841.66 50.98 -1132.18 2807.00 64.80 -1200.00 2860.00 193.00 -1102.00 2775.83 190.21 -1052.87 2612.00 -3.39 -1200.00 2732.00 13.28 -1200.00 2711.82 64.74 -1075.83 2563.04 -51.62 -1130.73 2705.58 130.27 -609.80 2734.16 133.84 -480.00 2615.84 140.57 -700.32 2742.00 220.00 -780.00 2861.90 229.64 -640.16 2874.00 220.00 -824.00 2551.38 140.00 -705.17 2564.57 121.23 -840.00 2649.36 160.00 -840.00 2649.39 112.96 -1016.40 2551.38 117.12 -943.74 2657.34 165.13 -942.64 2782.00 220.00 -922.00 2900.00 220.00 -987.00 2947.46 171.07 -1073.98 3019.00 178.00 -1108.00 3010.87 209.07 -1010.96 3004.34 215.04 -885.19 3124.52 138.77 -1003.76 3140.79 137.67 -557.18 3207.96 169.71 -656.26 3028.82 222.87 -621.72 2966.00 220.00 -793.00 3128.01 207.76 -746.95 2978.00 140.00 -480.00 2851.64 80.58 -480.00 2909.55 139.60 -544.62 2826.32 129.88 -555.47 3332.00 100.00 -1100.00 3240.70 110.38 -984.78 3120.92 178.81 -869.50 2492.00 -78.69 -1124.38 2492.00 -113.81 -1200.00 2571.89 -75.53 -1200.00 3332.00 -122.45 -1200.00 3332.00 -88.41 -1141.25 3332.00 -11.22 -1113.35 3289.29 74.35 -1061.57 3332.00 -11.22 -1113.35 3332.00 100.00 -676.66 3105.96 126.44 -480.00 3332.00 -109.79 -480.00 2492.00 -130.00 -480.00 2912.00 60.00 -1240.00 3332.00 -130.00 -960.00 3332.00 -240.00 -960.00 3402.00 -240.00 -960.00 3332.00 -60.00 -960.00 3402.00 -60.00 -960.00 3332.00 0.00 -900.00 3402.00 0.00 -900.00 3332.00 -60.00 -720.00 3402.00 -60.00 -720.00 3332.00 -114.59 -720.00 3402.00 -240.00 -720.00 3332.00 -60.00 -960.00 3402.00 -60.00 -960.00 3332.00 -240.00 -720.00 2974.81 -300.16 -681.30 2993.73 -302.36 -663.12 2993.55 -281.92 -671.87 2983.87 -284.82 -698.45 2985.84 -284.76 -683.76 3002.00 -277.00 -690.00 2990.00 -302.00 -717.48 3015.61 -301.38 -719.28 2993.33 -320.00 -720.00 3013.33 -320.00 -720.00 3028.98 -297.76 -703.46 3028.10 -299.06 -679.30 3032.85 -320.00 -700.00 2974.92 -300.00 -702.42 2973.33 -320.00 -700.00 2974.81 -300.16 -681.30 2973.33 -320.00 -680.33 3011.70 -298.81 -661.82 3013.33 -320.00 -660.00 2993.33 -320.00 -660.00 3018.71 -282.02 -696.38 3019.73 -278.98 -682.17 2993.55 -281.92 -671.87 3008.83 -279.49 -673.52 3028.98 -297.76 -703.46 3010.45 -281.92 -708.13 3018.71 -282.02 -696.38 2996.40 -281.92 -706.02 3010.45 -281.92 -708.13 2990.00 -302.00 -717.48 2983.87 -284.82 -698.45 3008.83 -279.49 -673.52 3011.70 -298.81 -661.82 2973.33 -320.00 -680.33 2985.84 -284.76 -683.76 3013.33 -320.00 -660.00 3032.85 -320.00 -680.00 2993.33 -320.00 -720.00 3019.73 -278.98 -682.17 3018.71 -282.02 -696.38 3008.83 -279.49 -673.52 2985.84 -284.76 -683.76 2996.40 -281.92 -706.02 2996.40 -281.92 -706.02 3032.85 -320.00 -700.00 2813.30 -300.16 -597.19 2792.62 -302.11 -578.66 2802.68 -284.49 -577.68 2829.65 -285.15 -586.07 2812.57 -285.35 -592.70 2822.00 -277.00 -570.00 2849.48 -302.00 -582.00 2851.28 -301.38 -556.39 2852.00 -320.00 -578.67 2852.00 -320.00 -558.67 2835.46 -297.76 -543.02 2811.13 -298.07 -541.04 2832.00 -320.00 -539.15 2834.42 -300.00 -597.08 2832.00 -320.00 -598.67 2813.30 -300.16 -597.19 2812.33 -320.00 -598.67 2793.82 -298.81 -560.30 2792.00 -320.00 -558.67 2792.00 -320.00 -578.67 2828.38 -282.02 -553.29 2816.02 -280.32 -556.67 2802.68 -284.49 -577.68 2803.99 -282.45 -565.27 2835.46 -297.76 -543.02 2838.19 -281.87 -563.13 2828.38 -282.02 -553.29 2840.18 -281.92 -576.16 2838.19 -281.87 -563.13 2849.48 -302.00 -582.00 2829.65 -285.15 -586.07 2803.99 -282.45 -565.27 2793.82 -298.81 -560.30 2812.33 -320.00 -598.67 2812.57 -285.35 -592.70 2792.00 -320.00 -558.67 2812.00 -320.00 -539.15 2852.00 -320.00 -578.67 2816.02 -280.32 -556.67 2828.38 -282.02 -553.29 2803.99 -282.45 -565.27 2812.57 -285.35 -592.70 2840.18 -281.92 -576.16 2840.18 -281.92 -576.16 2832.00 -320.00 -539.15 2972.00 -237.51 -480.00 2972.00 -320.00 -480.00 2852.00 -239.64 -480.00 2852.00 -320.00 -480.00 3332.00 -320.00 -900.00 3332.00 -240.00 -900.00 3332.00 -320.00 -960.00 3332.00 -240.00 -960.00 2994.00 -120.00 -1440.00 2994.00 -37.00 -1440.00 2968.00 -120.00 -1539.00 2968.00 -21.00 -1539.00 2843.00 -120.00 -1536.00 2903.00 -120.00 -1566.00 2843.00 -19.00 -1539.00 2903.00 -20.00 -1568.00 2968.00 -21.00 -1539.00 2968.00 -120.00 -1539.00 2831.00 -120.00 -1440.00 2843.00 -120.00 -1536.00 2831.00 -25.00 -1440.00 2843.00 -19.00 -1539.00 2994.00 -37.00 -1440.00 2994.00 -120.00 -1440.00 2972.00 -43.88 -1320.00 2972.00 -120.00 -1320.00 2852.00 -120.00 -1320.00 2831.00 -120.00 -1440.00 2841.60 -38.41 -1320.00 2831.00 -25.00 -1440.00 2492.00 -250.00 -780.00 2492.00 -320.00 -780.00 2492.00 -250.00 -810.00 2852.00 -320.00 -720.00 2852.00 -420.00 -720.00 2732.00 -320.00 -720.00 2732.00 -420.00 -720.00 2852.00 -320.00 -840.00 2852.00 -420.00 -840.00 2852.00 -320.00 -720.00 2852.00 -420.00 -720.00 2732.00 -320.00 -840.00 2732.00 -420.00 -840.00 2852.00 -320.00 -840.00 2852.00 -420.00 -840.00 2732.00 -320.00 -840.00 2732.00 -320.00 -720.00 2732.00 -420.00 -840.00 2732.00 -420.00 -720.00 2972.00 -440.00 -1200.00 2972.00 -440.00 -1080.00 2972.00 -560.00 -1200.00 2972.00 -560.00 -1080.00 2972.00 -440.00 -1080.00 3092.00 -440.00 -1080.00 2972.00 -560.00 -1080.00 3092.00 -560.00 -1080.00 2612.00 -440.00 -960.00 2612.00 -440.00 -1080.00 2612.00 -560.00 -960.00 2612.00 -560.00 -1080.00 2492.00 -440.00 -960.00 2612.00 -440.00 -960.00 2492.00 -560.00 -960.00 2612.00 -560.00 -960.00 3212.00 -440.00 -480.00 3212.00 -440.00 -600.00 3212.00 -320.00 -480.00 3212.00 -320.00 -600.00 3212.00 -320.00 -720.00 3212.00 -440.00 -720.00 3332.00 -320.00 -720.00 3332.00 -440.00 -720.00 2612.00 -440.00 -480.00 2612.00 -440.00 -600.00 2612.00 -560.00 -480.00 2612.00 -560.00 -600.00 2612.00 -440.00 -600.00 2492.00 -440.00 -600.00 2612.00 -560.00 -600.00 2492.00 -560.00 -600.00 2972.00 -320.00 -1200.00 2972.00 -320.00 -1320.00 2852.00 -320.00 -1200.00 2852.00 -320.00 -1320.00 3332.00 -320.00 -780.00 3332.00 -320.00 -720.00 3332.00 -240.00 -780.00 3332.00 -240.00 -720.00 3332.00 -320.00 -1080.00 3332.00 -440.00 -1080.00 3212.00 -320.00 -1080.00 3212.00 -440.00 -1080.00 3212.00 -320.00 -1080.00 3212.00 -440.00 -1080.00 3092.00 -320.00 -1080.00 2612.00 -320.00 -1200.00 2612.00 -440.00 -1200.00 2612.00 -320.00 -1080.00 3212.00 -560.00 -720.00 3212.00 -560.00 -600.00 3332.00 -440.00 -1080.00 3212.00 -560.00 -1080.00 3332.00 -560.00 -1080.00 2972.00 -320.00 -1080.00 2972.00 -320.00 -1200.00 2972.00 -440.00 -1200.00 3092.00 -320.00 -1080.00 3092.00 -440.00 -1080.00 2972.00 -320.00 -1080.00 3092.00 -560.00 -1080.00 3212.00 -560.00 -1080.00 2492.00 -250.00 -870.00 2492.00 -250.00 -840.00 2492.00 -320.00 -840.00 2492.00 -250.00 -900.00 2492.00 -320.00 -900.00 2852.00 -320.00 -1320.00 2852.00 -270.91 -1320.00 2852.00 -320.00 -1200.00 2852.00 -250.00 -1200.00 2972.00 -320.00 -1320.00 2972.00 -270.91 -1320.00 2852.00 -320.00 -1320.00 2852.00 -270.91 -1320.00 2972.00 -247.72 -1200.00 2972.00 -270.91 -1320.00 2972.00 -320.00 -1200.00 2972.00 -320.00 -1320.00 3332.00 -240.00 -960.00 3332.00 -240.00 -1080.00 3332.00 -320.00 -960.00 3332.00 -320.00 -1080.00 2612.00 -320.00 -960.00 2492.00 -320.00 -960.00 2492.00 -440.00 -960.00 2612.00 -440.00 -1080.00 2612.00 -440.00 -1200.00 2612.00 -560.00 -1080.00 2612.00 -560.00 -1200.00 2612.00 -320.00 -1080.00 2612.00 -320.00 -960.00 2612.00 -320.00 -600.00 2612.00 -320.00 -480.00 2612.00 -440.00 -480.00 2492.00 -320.00 -600.00 2492.00 -440.00 -600.00 2612.00 -320.00 -600.00 3332.00 -440.00 -720.00 3212.00 -440.00 -720.00 3332.00 -560.00 -720.00 3212.00 -560.00 -720.00 3212.00 -320.00 -600.00 3212.00 -440.00 -600.00 3212.00 -320.00 -720.00 3212.00 -560.00 -480.00 3212.00 -560.00 -600.00 3212.00 -440.00 -480.00 2492.00 -249.01 -720.00 2492.00 -320.00 -720.00 2492.00 -250.00 -780.00 2492.00 -320.00 -780.00 2732.00 -250.00 -1200.00 2732.00 -320.00 -1200.00 2852.00 -250.00 -1200.00 2852.00 -320.00 -1200.00 2612.00 -250.00 -1200.00 2612.00 -320.00 -1200.00 2732.00 -250.00 -1200.00 2732.00 -320.00 -1200.00 3092.00 -234.66 -480.00 3092.00 -320.00 -480.00 2972.00 -237.51 -480.00 2972.00 -320.00 -480.00 2852.00 -239.64 -480.00 2852.00 -320.00 -480.00 2732.00 -241.77 -480.00 2732.00 -320.00 -480.00 2732.00 -241.77 -480.00 2732.00 -320.00 -480.00 2612.00 -243.90 -480.00 2612.00 -320.00 -480.00 3212.00 -233.23 -480.00 3212.00 -320.00 -480.00 3092.00 -234.66 -480.00 3092.00 -320.00 -480.00 2492.00 -320.00 -631.34 2492.00 -248.02 -631.34 2852.00 -182.69 -1320.00 2972.00 -185.00 -1320.00 2912.00 -120.00 -1320.00 2972.00 -120.00 -1320.00 2852.00 -120.00 -1320.00 3332.00 -320.00 -840.00 3332.00 -240.00 -840.00 3332.00 -320.00 -840.00 3332.00 -240.00 -840.00 2742.49 57.51 -781.93 2749.56 106.37 -791.72 2753.74 106.37 -776.50 2742.49 57.51 -781.93 2741.03 106.37 -768.86 2742.49 57.51 -781.93 2730.60 106.37 -777.20 2742.49 57.51 -781.93 2736.80 76.50 -789.14 2755.85 148.68 -801.30 2763.82 234.67 -809.11 2762.40 148.68 -772.59 2773.22 234.67 -769.43 2736.80 76.50 -789.14 2732.93 176.28 -796.21 2729.38 234.67 -802.64 2742.49 57.51 -781.93 2722.00 148.68 -774.39 2711.60 234.67 -774.60 2732.93 176.28 -796.21 2729.38 234.67 -802.64 2742.23 148.68 -760.30 2740.86 234.67 -749.61 2940.50 166.43 -788.16 2934.64 225.48 -786.83 2950.98 166.43 -819.74 2948.37 233.47 -824.50 2965.10 166.43 -767.14 2964.26 230.98 -761.50 2992.32 166.43 -783.81 2997.36 241.11 -781.48 2966.49 20.92 -794.93 2971.77 70.39 -801.96 2974.94 70.39 -790.42 2966.49 20.92 -794.93 2965.31 70.39 -784.63 2966.49 20.92 -794.93 2957.40 70.39 -790.94 2966.49 20.92 -794.93 2960.80 70.39 -802.14 2950.98 166.43 -819.74 2948.37 233.47 -824.50 2984.41 166.43 -817.17 2989.62 245.34 -821.62 2976.37 115.50 -809.08 2981.25 115.50 -787.68 2960.80 70.39 -802.14 2956.93 115.50 -809.21 2966.49 20.92 -794.93 2951.14 115.50 -789.02 2956.93 115.50 -809.21 2966.22 115.50 -778.52 2993.49 64.27 -754.93 2998.77 136.53 -761.96 3001.94 136.53 -750.42 2993.49 64.27 -754.93 2992.31 136.53 -744.63 2993.49 64.27 -754.93 2984.40 136.53 -750.94 2993.49 64.27 -754.93 2987.80 136.53 -762.14 3005.03 185.81 -771.56 3017.09 243.73 -784.66 3010.70 185.81 -746.67 3027.50 243.73 -740.77 2987.80 136.53 -762.14 2982.42 185.81 -771.71 2973.10 243.73 -788.04 2993.49 64.27 -754.93 2975.69 185.81 -748.23 2959.32 243.73 -746.49 2982.42 185.81 -771.71 2973.10 243.73 -788.04 2993.22 185.81 -736.02 2991.69 243.73 -718.84 2900.49 45.15 -988.93 2910.04 124.14 -1002.50 2915.64 124.14 -982.16 2900.49 45.15 -988.93 2898.64 124.14 -971.94 2900.49 45.15 -988.93 2884.70 124.14 -983.08 2900.49 45.15 -988.93 2890.70 124.14 -1002.83 2920.25 177.13 -1017.85 2927.71 241.39 -1023.44 2929.86 177.13 -975.68 2939.71 241.39 -972.83 2890.70 124.14 -1002.83 2881.93 177.13 -1018.10 2877.00 241.39 -1027.33 2900.49 45.15 -988.93 2870.53 177.13 -978.32 2861.11 241.39 -979.43 2881.93 177.13 -1018.10 2877.00 241.39 -1027.33 2900.24 177.13 -957.62 2898.43 241.39 -947.55 2972.00 -320.00 -1080.00 2972.00 -320.00 -1200.00 2852.00 -320.00 -1080.00 2852.00 -320.00 -1200.00 2732.00 -320.00 -840.00 2852.00 -320.00 -840.00 2732.00 -320.00 -960.00 2852.00 -320.00 -960.00 2732.00 -320.00 -720.00 2612.00 -320.00 -720.00 2732.00 -320.00 -600.00 2612.00 -320.00 -600.00 2612.00 -320.00 -960.00 2612.00 -320.00 -840.00 2732.00 -320.00 -960.00 2732.00 -320.00 -840.00 3212.00 -320.00 -600.00 3092.00 -320.00 -600.00 3212.00 -320.00 -480.00 3092.00 -320.00 -480.00 2852.00 -320.00 -840.00 2852.00 -320.00 -720.00 2972.00 -320.00 -840.00 2972.00 -320.00 -720.00 2852.00 -320.00 -480.00 2852.00 -320.00 -600.00 2732.00 -320.00 -480.00 2732.00 -320.00 -600.00 2972.00 -320.00 -960.00 2972.00 -320.00 -840.00 3092.00 -320.00 -960.00 3092.00 -320.00 -840.00 3212.00 -320.00 -840.00 3212.00 -320.00 -720.00 3272.00 -320.00 -840.00 3332.00 -320.00 -780.00 3332.00 -320.00 -720.00 3092.00 -320.00 -840.00 3092.00 -320.00 -720.00 3212.00 -320.00 -840.00 3212.00 -320.00 -720.00 2972.00 -320.00 -840.00 2972.00 -320.00 -720.00 3092.00 -320.00 -840.00 3092.00 -320.00 -720.00 3092.00 -320.00 -480.00 3092.00 -320.00 -600.00 2972.00 -320.00 -480.00 2972.00 -320.00 -600.00 2852.00 -320.00 -600.00 2972.00 -320.00 -600.00 2852.00 -320.00 -720.00 2972.00 -320.00 -720.00 2972.00 -320.00 -960.00 2852.00 -320.00 -960.00 2972.00 -320.00 -840.00 2852.00 -320.00 -840.00 2972.00 -320.00 -1080.00 2972.00 -320.00 -960.00 3092.00 -320.00 -1080.00 3092.00 -320.00 -960.00 3332.00 -320.00 -900.00 3332.00 -320.00 -960.00 3212.00 -320.00 -960.00 3212.00 -320.00 -840.00 3272.00 -320.00 -840.00 3212.00 -320.00 -1080.00 3212.00 -320.00 -960.00 3332.00 -320.00 -1080.00 3332.00 -320.00 -960.00 3092.00 -320.00 -960.00 3092.00 -320.00 -840.00 3212.00 -320.00 -960.00 3212.00 -320.00 -840.00 3092.00 -320.00 -1080.00 3092.00 -320.00 -960.00 3212.00 -320.00 -1080.00 3212.00 -320.00 -960.00 2852.00 -320.00 -1080.00 2972.00 -320.00 -960.00 2612.00 -320.00 -960.00 2732.00 -320.00 -960.00 2612.00 -320.00 -1080.00 2732.00 -320.00 -1080.00 2732.00 -320.00 -1200.00 2732.00 -320.00 -1080.00 2852.00 -320.00 -1200.00 2852.00 -320.00 -1080.00 2612.00 -320.00 -1080.00 2732.00 -320.00 -1080.00 2612.00 -320.00 -1200.00 2732.00 -320.00 -1200.00 2732.00 -320.00 -1080.00 2732.00 -320.00 -960.00 2852.00 -320.00 -960.00 3212.00 -320.00 -720.00 3212.00 -320.00 -600.00 3092.00 -320.00 -600.00 2972.00 -320.00 -480.00 2972.00 -320.00 -600.00 2852.00 -320.00 -480.00 2852.00 -320.00 -600.00 2972.00 -320.00 -600.00 3092.00 -320.00 -600.00 2972.00 -320.00 -720.00 3092.00 -320.00 -720.00 2732.00 -320.00 -600.00 2852.00 -320.00 -600.00 2732.00 -320.00 -720.00 2852.00 -320.00 -720.00 2732.00 -320.00 -480.00 2732.00 -320.00 -600.00 2612.00 -320.00 -480.00 2612.00 -320.00 -600.00 2492.00 -320.00 -900.00 2492.00 -320.00 -840.00 2612.00 -320.00 -840.00 2612.00 -320.00 -600.00 2492.00 -320.00 -631.34 2492.00 -320.00 -600.00 2612.00 -320.00 -840.00 2612.00 -320.00 -720.00 2492.00 -320.00 -780.00 2612.00 -320.00 -840.00 2492.00 -320.00 -840.00 2492.00 -320.00 -960.00 2612.00 -320.00 -960.00 2492.00 -320.00 -720.00 2612.00 -320.00 -720.00 2612.00 -320.00 -720.00 2492.00 -320.00 -720.00 3332.00 -320.00 -840.00 3332.00 -320.00 -840.00 2352.00 -250.00 -870.00 2352.00 -250.00 -810.00 2352.00 -734.81 -1468.01 2352.00 -734.81 -211.99 2352.00 -150.00 -810.00 2352.00 331.24 -211.99 2352.00 -150.00 -870.00 2352.00 331.24 -1468.01 </float_array>
                    <technique_common>
                        <accessor source="#geom-01843466-pos-array" count="667" stride="3">
                            <param name="X" type="float" />
                            <param name="Y" type="float" />
                            <param name="Z" type="float" />
                        </accessor>
                    </technique_common>
                </source>
                <source id="geom-01843466-texcoord">
                    <float_array id="geom-01843466-texcoord-array" count="1334">0.90 -2.21 0.84 -1.06 0.38 -1.57 2.50 -7.11 2.47 -7.04 2.38 -7.09 2.36 -6.99 2.21 -7.22 2.16 -7.04 2.67 -7.05 2.60 -6.97 2.53 -6.83 2.41 -6.89 2.18 -6.90 2.27 -6.83 2.35 -6.75 2.41 -6.68 2.67 -6.40 2.87 -6.78 1.89 -6.68 1.97 -6.63 1.91 -6.57 2.01 -6.71 1.90 -6.76 2.02 -6.83 2.11 -6.54 1.97 -6.51 2.27 -6.59 2.15 -6.72 2.12 -6.85 2.41 -6.25 2.23 -6.30 2.09 -6.38 1.54 -0.84 0.65 0.71 0.00 -0.87 0.09 0.21 1.35 0.63 1.92 -0.26 5.93 -5.66 5.60 -5.59 5.91 -5.82 5.57 -5.91 5.93 -5.49 5.71 -5.31 3.67 -7.33 3.48 -7.29 3.48 -7.60 3.40 -7.60 3.10 -7.23 3.26 -7.59 1.33 -5.90 1.80 -5.90 1.62 -5.59 1.18 -5.56 1.03 -5.88 4.50 -3.34 5.13 -3.66 5.12 -3.09 2.12 -1.73 2.08 -1.00 1.90 -2.80 2.33 -3.88 2.71 -3.65 2.32 -2.68 2.89 -2.71 2.50 -2.10 1.02 -3.99 1.97 -4.02 1.74 -4.44 1.12 -4.49 1.81 -5.05 1.40 -5.02 2.16 -4.67 2.51 -4.30 2.95 -3.45 3.33 -3.16 3.12 -4.28 3.62 -4.20 4.33 -2.77 3.75 -2.94 4.03 -3.57 4.77 -2.86 4.98 -5.71 5.17 -6.17 5.07 -5.21 4.39 -5.21 4.29 -5.91 3.84 -5.36 5.27 -5.07 5.01 -4.61 4.66 -4.77 4.38 -3.93 4.90 -4.19 4.42 -4.38 3.93 -4.78 3.30 -4.86 2.76 -4.63 2.44 -4.90 2.83 -5.14 3.24 -5.52 2.41 -5.60 3.72 -6.89 3.29 -6.73 3.87 -6.34 3.62 -5.69 3.29 -6.26 4.37 -6.72 4.84 -6.51 4.47 -6.38 4.73 -6.17 1.73 -6.38 2.17 -6.10 2.92 -5.93 5.10 -2.76 5.02 -2.38 4.64 -2.55 0.87 -6.18 1.12 -6.22 1.41 -6.23 1.81 -6.18 1.41 -6.23 2.90 -7.03 4.00 -7.02 3.33 -8.00 6.28 -5.73 1.90 -2.80 0.05 0.00 0.05 -6.65 4.99 -6.60 0.00 -8.00 4.99 -8.00 0.00 -1.14 4.99 -1.14 0.05 3.90 4.99 3.90 0.05 0.00 4.99 -6.60 0.05 3.95 4.99 3.95 0.05 -6.65 4.05 5.02 5.02 5.02 5.02 5.99 5.02 6.05 5.99 6.05 5.02 7.03 5.99 5.02 5.02 5.02 5.99 4.05 5.02 4.05 5.99 5.02 5.02 5.02 5.99 4.05 5.02 5.02 5.02 4.05 5.99 5.02 5.99 4.05 5.99 5.02 5.99 4.05 5.02 4.05 4.05 8.00 5.02 8.00 5.99 7.03 5.99 8.00 4.05 5.02 5.02 5.99 4.05 5.99 4.05 6.05 4.05 7.03 4.05 5.02 5.02 5.99 4.05 5.99 4.05 5.02 4.05 4.05 5.99 5.99 4.05 4.05 5.02 4.05 4.05 4.05 5.02 5.99 5.99 5.99 5.99 5.99 4.05 5.99 4.05 5.99 5.99 5.99 4.05 4.05 4.05 5.02 5.02 5.02 5.02 5.99 5.02 6.05 5.99 6.05 5.02 7.03 5.99 5.02 5.02 5.02 5.99 4.05 5.02 4.05 5.99 5.02 5.02 5.02 5.99 4.05 5.02 5.02 5.02 4.05 5.99 5.02 5.99 4.05 5.99 5.02 5.99 4.05 5.02 4.05 4.05 8.00 5.02 8.00 5.99 7.03 5.99 8.00 4.05 5.02 5.02 5.99 4.05 5.99 4.05 6.05 4.05 7.03 4.05 5.02 5.02 5.99 4.05 5.99 4.05 5.02 4.05 4.05 5.99 5.99 4.05 4.05 5.02 4.05 4.05 4.05 5.02 5.99 5.99 5.99 5.99 5.99 4.05 5.99 4.05 5.99 5.99 5.99 4.05 4.05 4.05 1.98 4.05 0.03 8.00 1.98 8.00 0.03 6.02 2.04 6.02 3.98 4.05 2.04 4.05 3.98 8.00 0.03 8.00 1.98 4.05 0.03 4.05 1.98 4.05 0.03 6.02 0.03 4.05 1.98 6.02 1.98 8.00 1.98 8.00 0.03 4.05 0.03 8.00 0.03 4.05 1.98 8.00 1.98 4.05 1.98 4.05 0.03 8.00 1.98 8.00 0.03 4.05 0.03 8.00 0.03 4.05 1.98 8.00 1.98 4.05 3.98 4.05 2.04 5.02 3.98 0.03 3.98 0.03 0.03 3.98 3.98 3.98 0.03 0.03 3.98 0.03 0.03 3.98 3.98 3.98 0.03 0.03 3.98 0.03 0.03 3.98 3.98 3.98 0.03 3.98 3.98 0.03 3.98 3.98 0.03 0.03 0.03 0.03 0.03 3.98 0.03 0.03 3.98 3.98 3.98 0.03 0.03 3.98 0.03 0.03 3.98 3.98 3.98 0.03 0.03 3.98 0.03 0.03 3.98 3.98 3.98 0.03 0.03 3.98 0.03 0.03 3.98 3.98 3.98 0.03 0.03 3.98 0.03 0.03 3.98 3.98 3.98 0.03 3.98 0.03 0.03 3.98 3.98 3.98 0.03 0.03 0.03 3.98 0.03 0.03 3.98 3.98 3.98 0.03 0.03 3.98 0.03 0.03 3.98 3.98 3.98 3.98 4.05 3.98 8.00 0.03 4.05 0.03 8.00 6.02 2.04 8.00 2.04 6.02 3.98 8.00 3.98 0.03 3.98 0.03 0.03 3.98 3.98 3.98 0.03 0.03 3.98 0.03 0.03 3.98 3.98 0.03 3.98 0.03 0.03 3.98 3.98 0.03 3.98 3.98 3.98 3.98 0.03 0.03 3.98 3.98 3.98 0.03 3.98 3.98 3.98 3.98 0.03 0.03 3.98 0.03 0.03 3.98 3.98 0.03 3.98 3.98 3.98 7.03 3.98 6.02 3.98 6.02 2.04 8.00 3.98 8.00 2.04 8.00 0.03 8.00 1.98 4.05 0.03 4.05 1.98 8.00 0.03 8.00 1.98 4.05 0.03 4.05 1.98 8.00 1.98 4.05 1.98 8.00 0.03 4.05 0.03 8.00 1.98 4.05 1.98 8.00 0.03 4.05 0.03 0.03 3.98 3.98 3.98 3.98 0.03 0.03 0.03 3.98 0.03 0.03 3.98 3.98 3.98 0.03 3.98 3.98 3.98 0.03 3.98 3.98 3.98 3.98 0.03 0.03 3.98 0.03 0.03 3.98 3.98 0.03 0.03 3.98 0.03 0.03 3.98 3.98 3.98 0.03 3.98 0.03 0.03 3.98 3.98 3.98 3.98 0.03 3.98 3.98 0.03 6.53 1.98 6.53 0.03 8.00 1.98 8.00 0.03 4.05 1.98 4.05 0.03 8.00 1.98 8.00 0.03 4.05 1.98 4.05 0.03 8.00 1.98 8.00 0.03 4.05 1.98 4.05 0.03 8.00 1.98 8.00 0.03 4.05 1.98 4.05 0.03 8.00 1.98 8.00 0.03 4.05 1.98 4.05 0.03 8.00 1.98 8.00 0.03 4.05 1.98 4.05 0.03 8.00 1.98 8.00 0.03 4.05 0.03 4.05 1.98 4.05 2.04 8.00 2.04 6.02 3.98 8.00 3.98 4.05 3.98 4.05 2.04 4.05 3.98 8.00 2.04 8.00 3.98 7.37 4.05 7.59 5.02 7.22 5.02 7.03 4.05 6.78 5.02 6.59 4.05 6.40 5.02 6.21 4.14 6.05 5.02 7.59 6.05 7.59 7.06 7.22 6.05 7.22 7.06 8.00 5.02 8.00 6.05 8.00 7.06 7.81 4.05 6.40 6.05 6.40 7.06 6.05 6.05 6.05 7.06 6.78 6.05 6.78 7.06 6.40 7.06 6.40 7.94 6.05 7.06 6.05 7.97 6.78 7.06 6.78 7.97 7.22 7.06 7.22 8.00 7.37 4.05 7.59 5.02 7.22 5.02 7.03 4.05 6.78 5.02 6.59 4.05 6.40 5.02 6.21 4.14 6.05 5.02 8.00 7.06 8.00 7.97 7.59 7.06 7.59 8.00 7.59 6.05 7.22 6.05 8.00 5.02 8.00 6.05 7.81 4.05 6.40 6.05 6.05 6.05 6.78 6.05 7.37 4.05 7.59 5.02 7.22 5.02 7.03 4.05 6.78 5.02 6.59 4.05 6.40 5.02 6.21 4.14 6.05 5.02 7.59 6.05 7.59 7.06 7.22 6.05 7.22 7.06 8.00 5.02 8.00 6.05 8.00 7.06 7.81 4.05 6.40 6.05 6.40 7.06 6.05 6.05 6.05 7.06 6.78 6.05 6.78 7.06 7.37 4.05 7.59 5.02 7.22 5.02 7.03 4.05 6.78 5.02 6.59 4.05 6.40 5.02 6.21 4.14 6.05 5.02 7.59 6.05 7.59 7.06 7.22 6.05 7.22 7.06 8.00 5.02 8.00 6.05 8.00 7.06 7.81 4.05 6.40 6.05 6.40 7.06 6.05 6.05 6.05 7.06 6.78 6.05 6.78 7.06 3.98 3.98 0.03 3.98 3.98 0.03 0.03 0.03 3.98 8.00 0.03 8.00 3.98 4.05 0.03 4.05 3.98 3.98 0.03 3.98 3.98 0.03 0.03 0.03 3.98 3.98 0.03 3.98 3.98 0.03 0.03 0.03 4.05 8.00 4.05 4.05 8.00 8.00 8.00 4.05 3.98 8.00 0.03 8.00 3.98 4.05 0.03 4.05 8.00 3.98 4.05 3.98 8.00 0.03 4.05 0.03 3.98 8.00 0.03 8.00 3.98 4.05 0.03 4.05 4.05 3.98 4.05 0.03 6.02 3.98 8.00 2.01 8.00 0.03 3.98 8.00 0.03 8.00 3.98 4.05 0.03 4.05 3.98 3.98 0.03 3.98 3.98 0.03 0.03 0.03 8.00 3.98 4.05 3.98 8.00 0.03 4.05 0.03 3.98 3.98 0.03 3.98 3.98 0.03 0.03 0.03 3.98 3.98 0.03 3.98 3.98 0.03 0.03 0.03 3.98 8.00 0.03 8.00 3.98 4.05 0.03 4.05 8.00 6.02 8.00 8.00 4.05 8.00 4.05 4.05 6.02 4.05 4.05 8.00 4.05 4.05 8.00 8.00 8.00 4.05 3.98 3.98 0.03 3.98 3.98 0.03 0.03 0.03 3.98 8.00 0.03 8.00 3.98 4.05 0.03 4.05 0.03 8.00 3.98 4.05 3.98 8.00 0.03 8.00 3.98 4.05 0.03 4.05 8.00 8.00 4.05 8.00 8.00 4.05 4.05 4.05 4.05 8.00 4.05 4.05 8.00 8.00 8.00 4.05 3.98 3.98 0.03 3.98 0.03 0.03 3.98 8.00 3.98 4.05 0.03 4.05 8.00 8.00 4.05 8.00 8.00 4.05 4.05 4.05 3.98 8.00 0.03 8.00 3.98 4.05 0.03 4.05 3.98 8.00 0.03 8.00 3.98 4.05 0.03 4.05 8.00 8.00 4.05 8.00 8.00 4.05 4.05 4.05 8.00 6.02 8.00 8.00 4.05 8.00 4.05 8.00 8.00 7.03 8.00 8.00 0.03 8.00 0.03 4.05 8.00 2.01 4.05 0.03 8.00 0.03 8.00 4.05 4.05 4.05 8.00 3.98 4.05 3.98 4.05 4.05 8.00 4.05 8.00 3.98 8.00 4.05 4.19 3.69 3.81 3.69 8.00 0.60 0.00 0.60 3.81 4.33 0.00 7.40 4.19 4.33 8.00 7.40 </float_array>
                    <technique_common>
                        <accessor source="#geom-01843466-texcoord-array" count="667" stride="2">
                            <param name="S" type="float" />
                            <param name="T" type="float" />
                        </accessor>
                    </technique_common>
                </source>
                <source id="geom-01843466-colors">
                    <float_array id="geom-01843466-colors-array" count="2636">0.05 0.08 0.17 1.00 0.15 0.45 1.00 1.00 0.16 0.29 0.69 1.00 0.00 0.08 0.41 1.00 0.35 0.52 1.00 1.00 0.18 0.33 0.76 1.00 0.20 0.50 1.00 1.00 0.04 0.24 0.97 1.00 0.00 0.14 0.66 1.00 0.00 0.05 0.25 1.00 0.20 0.32 0.68 1.00 0.41 0.60 1.00 1.00 0.09 0.35 1.00 1.00 0.00 0.13 0.58 1.00 0.00 0.15 0.70 1.00 0.36 0.65 1.00 1.00 0.39 0.57 1.00 1.00 0.47 0.65 1.00 1.00 0.21 0.33 0.69 1.00 0.15 0.33 0.80 1.00 0.34 0.50 0.98 1.00 0.00 0.08 0.42 1.00 0.29 0.63 1.00 1.00 0.00 0.20 0.93 1.00 0.00 0.13 0.62 1.00 0.27 0.40 0.84 1.00 0.00 0.07 0.40 1.00 0.36 0.53 1.00 1.00 0.01 0.26 1.00 1.00 0.00 0.13 0.57 1.00 0.35 0.49 0.95 1.00 0.13 0.24 0.56 1.00 0.00 0.01 0.07 1.00 0.44 0.60 1.00 1.00 0.04 0.11 0.34 1.00 0.04 0.29 1.00 1.00 0.06 0.19 0.63 1.00 0.05 0.18 0.58 1.00 0.04 0.22 0.87 1.00 0.49 0.55 0.75 1.00 0.46 0.53 0.72 1.00 0.00 0.05 0.29 1.00 0.00 0.05 0.27 1.00 0.00 0.05 0.28 1.00 0.00 0.04 0.23 1.00 0.00 0.00 0.00 1.00 0.34 0.39 0.55 1.00 0.00 0.04 0.25 1.00 0.33 0.38 0.53 1.00 0.00 0.02 0.12 1.00 0.00 0.04 0.24 1.00 0.40 0.48 0.73 1.00 0.49 0.60 0.89 1.00 0.47 0.56 0.80 1.00 0.00 0.04 0.17 1.00 0.00 0.05 0.24 1.00 0.54 0.62 0.82 1.00 0.00 0.04 0.21 1.00 0.00 0.05 0.29 1.00 0.02 0.04 0.11 1.00 0.06 0.23 0.79 1.00 0.07 0.11 0.23 1.00 0.39 0.55 1.00 1.00 0.46 0.62 1.00 1.00 0.01 0.09 0.32 1.00 0.32 0.47 0.93 1.00 0.00 0.05 0.25 1.00 0.23 0.36 0.77 1.00 0.45 0.62 1.00 1.00 0.45 0.62 1.00 1.00 0.03 0.14 0.61 1.00 0.25 0.36 0.71 1.00 0.00 0.05 0.23 1.00 0.36 0.49 0.87 1.00 0.64 0.81 1.00 1.00 0.58 0.75 1.00 1.00 0.02 0.09 0.40 1.00 0.31 0.44 0.80 1.00 0.36 0.49 0.87 1.00 0.00 0.03 0.18 1.00 0.01 0.04 0.18 1.00 0.41 0.55 0.96 1.00 0.43 0.51 0.71 1.00 0.32 0.45 0.82 1.00 0.00 0.00 0.02 1.00 0.24 0.35 0.69 1.00 0.45 0.59 1.00 1.00 0.39 0.52 0.92 1.00 0.51 0.62 0.72 1.00 0.00 0.02 0.10 1.00 0.02 0.07 0.26 1.00 0.40 0.53 0.93 1.00 0.31 0.43 0.79 1.00 0.00 0.03 0.14 1.00 0.36 0.49 0.87 1.00 0.47 0.61 1.00 1.00 0.45 0.59 1.00 1.00 0.42 0.55 0.96 1.00 0.29 0.41 0.76 1.00 0.39 0.52 0.91 1.00 0.59 0.75 1.00 1.00 0.48 0.64 1.00 1.00 0.44 0.49 0.65 1.00 0.21 0.32 0.65 1.00 0.31 0.44 0.80 1.00 0.47 0.58 0.72 1.00 0.33 0.45 0.83 1.00 0.01 0.03 0.13 1.00 0.05 0.15 0.55 1.00 0.39 0.52 0.91 1.00 0.40 0.53 0.93 1.00 0.00 0.01 0.07 1.00 0.14 0.25 0.60 1.00 0.47 0.62 0.80 1.00 0.00 0.04 0.24 1.00 0.00 0.04 0.18 1.00 0.00 0.04 0.24 1.00 0.00 0.04 0.18 1.00 0.00 0.04 0.23 1.00 0.00 0.04 0.20 1.00 0.01 0.07 0.27 1.00 0.11 0.20 0.48 1.00 0.00 0.02 0.08 1.00 0.00 0.07 0.34 1.00 0.00 0.04 0.22 1.00 0.00 0.04 0.22 1.00 0.07 0.15 0.40 1.00 0.15 0.33 0.80 1.00 0.22 0.35 0.74 1.00 0.09 0.27 0.85 1.00 0.14 0.38 1.00 1.00 0.08 0.30 0.96 1.00 0.11 0.32 1.00 1.00 0.05 0.25 0.88 1.00 0.11 0.34 1.00 1.00 0.06 0.27 0.95 1.00 0.12 0.31 0.89 1.00 0.08 0.25 0.83 1.00 0.14 0.38 1.00 1.00 0.08 0.30 0.96 1.00 0.24 0.36 0.75 1.00 0.71 0.78 1.00 1.00 0.22 0.31 0.60 1.00 0.65 0.73 0.96 1.00 0.76 0.87 0.97 1.00 0.76 0.87 0.97 1.00 1.00 1.00 1.00 1.00 0.76 0.87 0.97 1.00 0.78 0.84 1.00 1.00 0.80 0.85 1.00 1.00 0.37 0.46 0.73 1.00 0.30 0.39 0.66 1.00 0.22 0.31 0.60 1.00 0.22 0.31 0.60 1.00 0.76 0.87 0.97 1.00 0.73 0.80 1.00 1.00 0.71 0.78 1.00 1.00 0.33 0.41 0.68 1.00 0.22 0.31 0.60 1.00 0.22 0.31 0.60 1.00 0.22 0.31 0.60 1.00 0.76 0.82 1.00 1.00 0.61 0.69 0.92 1.00 0.65 0.73 0.96 1.00 0.35 0.44 0.71 1.00 0.30 0.39 0.66 1.00 0.76 0.87 0.97 1.00 0.76 0.82 1.00 1.00 0.76 0.87 0.97 1.00 0.76 0.87 0.97 1.00 0.76 0.87 0.97 1.00 0.76 0.87 0.97 1.00 0.35 0.44 0.71 1.00 0.22 0.31 0.60 1.00 0.33 0.41 0.68 1.00 0.76 0.87 0.97 1.00 0.22 0.31 0.60 1.00 0.22 0.31 0.60 1.00 0.80 0.85 1.00 1.00 0.61 0.69 0.92 1.00 0.76 0.82 1.00 1.00 0.35 0.44 0.71 1.00 0.76 0.87 0.97 1.00 0.76 0.87 0.97 1.00 0.76 0.87 0.97 1.00 0.22 0.31 0.60 1.00 0.78 0.84 1.00 1.00 0.33 0.42 0.69 1.00 0.54 0.62 0.86 1.00 1.00 1.00 1.00 1.00 0.88 0.92 1.00 1.00 0.73 0.80 1.00 1.00 0.76 0.82 1.00 1.00 0.27 0.36 0.64 1.00 0.60 0.67 0.91 1.00 0.22 0.31 0.60 1.00 0.22 0.31 0.60 1.00 0.22 0.31 0.60 1.00 0.22 0.31 0.60 1.00 0.94 0.96 1.00 1.00 0.78 0.83 1.00 1.00 0.78 0.84 1.00 1.00 0.71 0.78 1.00 1.00 0.22 0.31 0.60 1.00 0.22 0.31 0.60 1.00 0.22 0.31 0.60 1.00 0.25 0.34 0.62 1.00 0.26 0.35 0.64 1.00 0.54 0.62 0.86 1.00 0.28 0.37 0.65 1.00 0.22 0.31 0.60 1.00 0.52 0.60 0.84 1.00 0.25 0.34 0.62 1.00 0.81 0.86 1.00 1.00 0.52 0.60 0.84 1.00 0.76 0.82 1.00 1.00 1.00 1.00 1.00 1.00 0.28 0.37 0.65 1.00 0.22 0.31 0.60 1.00 0.71 0.78 1.00 1.00 0.88 0.92 1.00 1.00 0.22 0.31 0.60 1.00 0.22 0.31 0.60 1.00 0.60 0.67 0.91 1.00 0.26 0.35 0.64 1.00 0.25 0.34 0.62 1.00 0.28 0.37 0.65 1.00 0.88 0.92 1.00 1.00 0.81 0.86 1.00 1.00 0.81 0.86 1.00 1.00 0.22 0.31 0.60 1.00 0.31 0.44 0.80 1.00 0.05 0.15 0.48 1.00 0.31 0.44 0.81 1.00 0.05 0.16 0.48 1.00 0.15 0.24 0.54 1.00 0.41 0.68 1.00 1.00 0.15 0.25 0.54 1.00 0.22 0.35 0.74 1.00 0.02 0.24 0.93 1.00 0.04 0.29 1.00 1.00 0.05 0.18 0.60 1.00 0.06 0.19 0.63 1.00 0.04 0.17 0.56 1.00 0.04 0.11 0.34 1.00 0.05 0.18 0.58 1.00 0.04 0.11 0.34 1.00 0.06 0.19 0.63 1.00 0.05 0.18 0.60 1.00 0.01 0.19 0.76 1.00 0.04 0.17 0.56 1.00 0.04 0.22 0.87 1.00 0.05 0.18 0.58 1.00 0.04 0.29 1.00 1.00 0.02 0.24 0.93 1.00 0.00 0.13 0.55 1.00 0.16 0.31 0.85 1.00 0.18 0.34 0.90 1.00 0.01 0.19 0.76 1.00 0.01 0.13 0.56 1.00 0.04 0.22 0.87 1.00 0.29 0.46 0.95 1.00 0.00 0.15 0.60 1.00 0.42 0.65 1.00 1.00 0.98 1.00 1.00 1.00 0.23 0.34 0.68 1.00 0.65 0.81 1.00 1.00 0.29 0.42 0.78 1.00 1.00 1.00 1.00 1.00 0.19 0.29 0.61 1.00 0.98 1.00 1.00 1.00 0.23 0.34 0.68 1.00 0.75 0.93 1.00 1.00 0.27 0.40 0.75 1.00 1.00 1.00 1.00 1.00 0.19 0.29 0.61 1.00 0.75 0.93 1.00 1.00 0.65 0.81 1.00 1.00 0.27 0.40 0.75 1.00 0.29 0.42 0.78 1.00 0.05 0.12 0.36 1.00 0.00 0.05 0.25 1.00 0.00 0.00 0.00 1.00 0.00 0.00 0.00 1.00 0.00 0.05 0.25 1.00 0.00 0.05 0.25 1.00 0.00 0.00 0.00 1.00 0.00 0.00 0.00 1.00 0.00 0.05 0.25 1.00 0.00 0.05 0.25 1.00 0.00 0.00 0.00 1.00 0.00 0.00 0.00 1.00 0.03 0.10 0.33 1.00 0.00 0.05 0.25 1.00 0.00 0.00 0.00 1.00 0.00 0.00 0.00 1.00 0.00 0.06 0.26 1.00 0.00 0.05 0.25 1.00 0.07 0.15 0.40 1.00 0.05 0.15 0.50 1.00 0.08 0.16 0.42 1.00 0.00 0.05 0.25 1.00 0.14 0.23 0.53 1.00 0.04 0.11 0.34 1.00 0.00 0.06 0.26 1.00 0.00 0.05 0.25 1.00 0.00 0.00 0.00 1.00 0.00 0.00 0.00 1.00 0.00 0.05 0.25 1.00 0.02 0.08 0.29 1.00 0.00 0.00 0.00 1.00 0.00 0.00 0.00 1.00 0.31 0.47 0.94 1.00 0.10 0.19 0.46 1.00 0.42 0.53 0.87 1.00 0.10 0.19 0.45 1.00 0.15 0.25 0.55 1.00 0.14 0.23 0.53 1.00 0.42 0.69 1.00 1.00 0.24 0.36 0.75 1.00 0.08 0.16 0.42 1.00 0.01 0.07 0.29 1.00 0.00 0.05 0.25 1.00 0.00 0.05 0.25 1.00 0.00 0.05 0.25 1.00 0.00 0.05 0.25 1.00 0.00 0.06 0.29 1.00 0.07 0.15 0.40 1.00 0.00 0.07 0.27 1.00 0.00 0.05 0.25 1.00 0.00 0.00 0.00 1.00 0.00 0.00 0.00 1.00 0.01 0.07 0.29 1.00 0.00 0.00 0.00 1.00 0.00 0.00 0.00 1.00 0.15 0.28 0.69 1.00 0.31 0.47 0.94 1.00 0.05 0.12 0.36 1.00 0.00 0.06 0.29 1.00 0.00 0.05 0.25 1.00 0.15 0.28 0.69 1.00 0.00 0.00 0.00 1.00 0.00 0.00 0.00 1.00 0.42 0.62 1.00 1.00 0.45 0.70 1.00 1.00 0.00 0.13 0.51 1.00 0.31 0.47 0.96 1.00 0.00 0.08 0.32 1.00 0.10 0.19 0.45 1.00 0.11 0.21 0.53 1.00 0.42 0.53 0.87 1.00 0.44 0.55 0.91 1.00 0.10 0.19 0.46 1.00 0.11 0.21 0.53 1.00 0.10 0.19 0.45 1.00 0.11 0.21 0.53 1.00 0.23 0.38 0.84 1.00 0.11 0.21 0.53 1.00 0.31 0.47 0.94 1.00 0.10 0.19 0.46 1.00 0.22 0.35 0.74 1.00 0.11 0.21 0.49 1.00 0.15 0.25 0.54 1.00 0.08 0.16 0.42 1.00 0.28 0.34 0.58 1.00 0.13 0.22 0.51 1.00 0.03 0.10 0.33 1.00 0.00 0.05 0.25 1.00 0.00 0.07 0.27 1.00 0.00 0.00 0.00 1.00 0.00 0.00 0.00 1.00 0.00 0.05 0.25 1.00 0.28 0.34 0.58 1.00 0.03 0.10 0.33 1.00 0.07 0.15 0.41 1.00 0.00 0.06 0.26 1.00 0.09 0.18 0.45 1.00 0.02 0.08 0.29 1.00 0.03 0.10 0.33 1.00 0.04 0.11 0.34 1.00 0.00 0.05 0.25 1.00 0.00 0.00 0.00 1.00 0.00 0.00 0.00 1.00 0.05 0.15 0.50 1.00 0.00 0.05 0.25 1.00 0.08 0.16 0.42 1.00 0.00 0.00 0.00 1.00 0.00 0.00 0.00 1.00 0.00 0.06 0.26 1.00 0.18 0.29 0.60 1.00 0.00 0.08 0.30 1.00 0.29 0.46 0.95 1.00 0.00 0.15 0.60 1.00 0.21 0.32 0.67 1.00 0.00 0.09 0.39 1.00 0.44 0.55 0.91 1.00 0.42 0.53 0.87 1.00 0.11 0.20 0.47 1.00 0.07 0.15 0.40 1.00 0.21 0.32 0.67 1.00 0.00 0.09 0.39 1.00 0.21 0.32 0.64 1.00 0.02 0.10 0.36 1.00 0.31 0.44 0.80 1.00 0.05 0.15 0.48 1.00 0.31 0.44 0.81 1.00 0.05 0.16 0.48 1.00 0.21 0.32 0.65 1.00 0.02 0.10 0.37 1.00 0.21 0.32 0.65 1.00 0.02 0.10 0.37 1.00 0.11 0.21 0.49 1.00 0.07 0.15 0.41 1.00 0.11 0.21 0.49 1.00 0.07 0.15 0.40 1.00 0.21 0.32 0.64 1.00 0.02 0.10 0.36 1.00 0.13 0.22 0.51 1.00 0.14 0.24 0.54 1.00 0.13 0.25 0.58 1.00 0.13 0.25 0.59 1.00 0.45 0.51 0.70 1.00 0.16 0.31 0.85 1.00 0.18 0.34 0.90 1.00 0.17 0.27 0.58 1.00 0.52 0.80 1.00 1.00 0.17 0.27 0.58 1.00 0.52 0.80 1.00 1.00 0.90 1.00 1.00 1.00 1.00 1.00 1.00 1.00 0.67 0.77 1.00 1.00 0.90 1.00 1.00 1.00 0.11 0.21 0.60 1.00 0.90 1.00 1.00 1.00 0.08 0.16 0.45 1.00 0.90 1.00 1.00 1.00 0.11 0.21 0.60 1.00 0.28 0.38 0.92 1.00 0.44 0.95 1.00 1.00 0.42 0.57 0.85 1.00 0.41 0.91 0.93 1.00 0.11 0.21 0.60 1.00 0.09 0.18 0.50 1.00 0.36 0.74 0.83 1.00 0.90 1.00 1.00 1.00 0.11 0.17 0.58 1.00 0.35 0.72 0.80 1.00 0.09 0.18 0.50 1.00 0.36 0.74 0.83 1.00 0.09 0.18 0.50 1.00 0.35 0.72 0.80 1.00 0.09 0.26 0.52 1.00 0.37 0.80 0.84 1.00 0.12 0.27 0.58 1.00 0.37 0.81 0.84 1.00 0.08 0.15 0.43 1.00 0.35 0.74 0.81 1.00 0.08 0.15 0.46 1.00 0.35 0.69 0.78 1.00 1.00 1.00 1.00 1.00 0.28 0.45 0.93 1.00 0.12 0.23 0.64 1.00 1.00 1.00 1.00 1.00 0.11 0.21 0.60 1.00 1.00 1.00 1.00 1.00 0.74 1.00 1.00 1.00 1.00 1.00 1.00 1.00 1.00 1.00 1.00 1.00 0.12 0.27 0.58 1.00 0.37 0.81 0.84 1.00 0.09 0.15 0.52 1.00 0.35 0.69 0.78 1.00 0.18 0.27 0.76 1.00 0.09 0.18 0.52 1.00 1.00 1.00 1.00 1.00 0.53 0.69 0.98 1.00 1.00 1.00 1.00 1.00 0.27 0.48 1.00 1.00 0.53 0.69 0.98 1.00 0.09 0.18 0.50 1.00 1.00 1.00 1.00 1.00 0.36 0.52 0.99 1.00 0.11 0.22 0.62 1.00 1.00 1.00 1.00 1.00 0.11 0.21 0.60 1.00 1.00 1.00 1.00 1.00 0.33 0.50 1.00 1.00 1.00 1.00 1.00 1.00 0.67 0.77 1.00 1.00 0.20 0.27 0.75 1.00 0.40 0.82 0.92 1.00 0.09 0.18 0.50 1.00 0.36 0.74 0.83 1.00 0.67 0.77 1.00 1.00 0.38 0.53 0.82 1.00 0.44 0.93 0.95 1.00 1.00 1.00 1.00 1.00 0.20 0.35 0.81 1.00 0.38 0.86 0.87 1.00 0.38 0.53 0.82 1.00 0.44 0.93 0.95 1.00 0.09 0.18 0.50 1.00 0.35 0.72 0.80 1.00 1.00 1.00 1.00 1.00 0.13 0.25 0.69 1.00 0.55 0.66 1.00 1.00 1.00 1.00 1.00 1.00 0.83 0.91 1.00 1.00 1.00 1.00 1.00 1.00 0.29 0.45 1.00 1.00 1.00 1.00 1.00 1.00 0.11 0.21 0.60 1.00 0.11 0.16 0.58 1.00 0.39 0.77 0.89 1.00 0.20 0.31 0.61 1.00 0.38 0.82 0.87 1.00 0.11 0.21 0.60 1.00 0.09 0.18 0.50 1.00 0.36 0.74 0.83 1.00 1.00 1.00 1.00 1.00 0.17 0.31 0.76 1.00 0.35 0.71 0.80 1.00 0.09 0.18 0.50 1.00 0.36 0.74 0.83 1.00 0.42 0.57 0.85 1.00 0.39 0.88 0.87 1.00 0.15 0.28 0.69 1.00 0.31 0.47 0.94 1.00 0.76 0.83 1.00 1.00 0.42 0.53 0.87 1.00 0.75 0.93 1.00 1.00 1.00 1.00 1.00 1.00 0.78 0.84 1.00 1.00 1.00 1.00 1.00 1.00 0.65 0.81 1.00 1.00 0.56 0.64 0.87 1.00 0.67 0.71 0.82 1.00 0.03 0.10 0.33 1.00 0.28 0.34 0.58 1.00 0.62 0.69 0.92 1.00 0.78 0.84 1.00 1.00 0.75 0.93 1.00 1.00 0.05 0.15 0.50 1.00 0.66 0.70 0.81 1.00 0.07 0.15 0.40 1.00 0.02 0.10 0.36 1.00 1.00 1.00 1.00 1.00 0.98 1.00 1.00 1.00 1.00 1.00 1.00 1.00 1.00 1.00 1.00 1.00 0.05 0.16 0.48 1.00 0.90 0.93 1.00 1.00 0.02 0.10 0.37 1.00 0.67 0.71 0.82 1.00 1.00 1.00 1.00 1.00 1.00 1.00 1.00 1.00 0.91 0.93 1.00 1.00 0.68 0.87 1.00 1.00 0.21 0.34 0.73 1.00 0.08 0.16 0.42 1.00 0.13 0.23 0.56 1.00 0.15 0.25 0.55 1.00 0.14 0.23 0.53 1.00 0.68 0.87 1.00 1.00 0.93 0.95 1.00 1.00 0.21 0.34 0.73 1.00 0.08 0.16 0.42 1.00 1.00 1.00 1.00 1.00 1.00 1.00 1.00 1.00 0.68 0.87 1.00 1.00 0.93 0.95 1.00 1.00 0.02 0.10 0.36 1.00 0.66 0.70 0.81 1.00 0.05 0.15 0.48 1.00 0.33 0.46 0.84 1.00 0.90 0.93 1.00 1.00 0.33 0.46 0.84 1.00 0.98 1.00 1.00 1.00 1.00 1.00 1.00 1.00 1.00 1.00 1.00 1.00 1.00 1.00 1.00 1.00 1.00 1.00 1.00 1.00 1.00 1.00 1.00 1.00 0.15 0.28 0.69 1.00 1.00 1.00 1.00 1.00 0.00 0.06 0.29 1.00 0.91 0.93 1.00 1.00 0.15 0.24 0.54 1.00 0.15 0.25 0.54 1.00 0.14 0.23 0.53 1.00 0.21 0.34 0.73 1.00 0.13 0.23 0.56 1.00 0.00 0.05 0.25 1.00 0.14 0.23 0.53 1.00 0.08 0.16 0.42 1.00 0.15 0.25 0.54 1.00 0.91 0.93 1.00 1.00 0.68 0.87 1.00 1.00 0.14 0.23 0.53 1.00 0.21 0.34 0.73 1.00 0.00 0.06 0.29 1.00 0.91 0.93 1.00 1.00 0.00 0.05 0.25 1.00 0.14 0.23 0.53 1.00 0.76 0.83 1.00 1.00 1.00 1.00 1.00 1.00 0.28 0.34 0.58 1.00 0.78 0.84 1.00 1.00 0.00 0.05 0.25 1.00 1.00 1.00 1.00 1.00 0.00 0.09 0.39 1.00 1.00 1.00 1.00 1.00 0.42 0.53 0.87 1.00 0.76 0.83 1.00 1.00 0.00 0.05 0.25 1.00 1.00 1.00 1.00 1.00 0.07 0.15 0.40 1.00 0.00 0.09 0.39 1.00 1.00 1.00 1.00 1.00 0.78 0.84 1.00 1.00 1.00 1.00 1.00 1.00 0.08 0.16 0.42 1.00 0.05 0.15 0.50 1.00 0.66 0.70 0.81 1.00 0.05 0.15 0.48 1.00 0.33 0.46 0.84 1.00 0.05 0.16 0.48 1.00 0.90 0.93 1.00 1.00 0.33 0.46 0.84 1.00 0.66 0.70 0.81 1.00 1.00 1.00 1.00 1.00 0.93 0.95 1.00 1.00 0.67 0.71 0.82 1.00 0.90 0.93 1.00 1.00 0.65 0.81 1.00 1.00 0.98 1.00 1.00 1.00 0.02 0.10 0.37 1.00 0.67 0.71 0.82 1.00 0.07 0.15 0.41 1.00 0.03 0.10 0.33 1.00 0.00 0.08 0.32 1.00 0.00 0.13 0.51 1.00 0.62 0.69 0.92 1.00 0.03 0.10 0.33 1.00 0.13 0.22 0.51 1.00 0.09 0.18 0.45 1.00 0.62 0.69 0.92 1.00 0.56 0.64 0.87 1.00 0.00 0.15 0.60 1.00 0.62 0.69 0.92 1.00 0.00 0.13 0.51 1.00 0.13 0.22 0.51 1.00 0.28 0.34 0.58 1.00 0.00 0.08 0.30 1.00 0.56 0.64 0.87 1.00 0.56 0.64 0.87 1.00 0.00 0.08 0.30 1.00 0.17 0.27 0.58 1.00 0.17 0.27 0.58 1.00 </float_array>
                    <technique_common>
                        <accessor source="#geom-01843466-colors-array" count="659" stride="4">
                            <param name="R" type="float" />
                            <param name="G" type="float" />
                            <param name="B" type="float" />
                            <param name="A" type="float" />
                        </accessor>
                    </technique_common>
                </source>
                <vertices id="geom-01843466-vtx">
                    <input semantic="POSITION" source="#geom-01843466-pos" />
                </vertices>
                <triangles count="564" material="material-00EDFF9A-symbol">
                    <input semantic="VERTEX" source="#geom-01843466-vtx" offset="0" />
                    <input semantic="TEXCOORD" source="#geom-01843466-texcoord" offset="0" />
                    <input semantic="COLOR" source="#geom-01843466-colors" offset="0" />
                    <p>0 1 2 33 1 0 1 33 34 1 34 36 35 1 36 2 1 35 3 4 5 3 10 4 3 9 10 9 18 10 9 122 18 103 18 122 18 103 106 106 17 18 113 17 106 113 30 17 101 30 113 101 113 99 101 99 98 98 71 101 73 71 98 69 71 73 71 69 72 71 72 54 54 53 71 51 53 54 51 52 53 119 52 51 119 120 52 120 112 52 111 112 120 111 32 112 112 32 31 112 31 30 112 30 101 112 101 52 52 101 53 71 53 101 5 4 6 5 6 7 6 8 7 6 12 8 6 4 12 11 12 4 4 10 11 10 18 11 11 18 17 11 17 16 11 16 15 12 11 15 12 15 14 12 14 13 12 13 8 19 20 21 22 20 19 23 22 19 23 24 22 24 28 22 24 29 28 29 14 28 14 15 28 28 15 27 28 27 22 22 27 25 22 25 20 20 25 26 20 26 21 25 32 26 25 31 32 27 31 25 27 30 31 17 30 27 16 17 27 15 16 27 33 37 34 33 38 37 33 60 38 59 60 33 59 33 61 33 0 61 61 0 62 63 61 62 63 64 61 64 63 65 64 65 66 59 64 66 126 64 59 39 40 41 39 43 40 125 43 39 125 39 41 41 40 42 83 42 40 83 84 42 83 110 84 87 110 83 86 87 83 85 86 83 91 86 85 85 90 91 89 90 85 44 89 85 44 85 40 40 43 44 85 83 40 45 46 47 102 46 45 46 102 103 103 49 46 103 122 49 103 104 106 103 102 104 104 102 107 107 109 104 107 108 109 108 110 109 110 108 84 109 110 87 109 87 104 104 87 105 104 105 106 105 100 106 105 88 100 87 88 105 88 87 86 95 88 86 96 88 95 96 95 78 77 96 78 75 77 78 75 63 77 65 63 75 65 75 76 76 75 78 81 76 78 92 81 78 56 81 92 56 79 81 79 56 82 79 82 116 116 82 115 82 114 115 82 58 114 56 58 82 56 57 58 57 56 92 57 92 93 93 92 94 94 90 93 91 90 94 94 95 91 95 94 78 94 92 78 47 46 48 47 48 124 48 50 124 46 50 48 46 49 50 51 54 55 117 51 55 117 118 51 51 118 119 67 68 0 69 68 67 70 69 67 72 69 70 73 68 69 62 68 73 0 68 62 63 62 74 63 74 77 74 97 77 74 73 97 62 73 74 97 73 98 97 98 99 97 99 96 97 96 77 99 100 96 99 113 100 106 100 113 100 88 96 79 80 81 81 80 76 121 111 120 123 102 45 107 102 123 91 95 86 </p>
                </triangles>
            </mesh>
        </geometry>
        <geometry id="geom-01A5D799" name="geom-01A5D799">
            <mesh>
                <source id="geom-01A5D799-pos">
                    <float_array id="geom-01A5D799-pos-array" count="1620">3332.00 -130.00 -960.00 3332.00 -240.00 -960.00 3402.00 -240.00 -960.00 3332.00 -60.00 -960.00 3402.00 -60.00 -960.00 3332.00 0.00 -900.00 3402.00 0.00 -900.00 3332.00 -60.00 -720.00 3402.00 -60.00 -720.00 3332.00 -114.59 -720.00 3402.00 -240.00 -720.00 3332.00 -60.00 -960.00 3402.00 -60.00 -960.00 3332.00 -240.00 -720.00 2974.81 -300.16 -681.30 2993.73 -302.36 -663.12 2993.55 -281.92 -671.87 2983.87 -284.82 -698.45 2985.84 -284.76 -683.76 3002.00 -277.00 -690.00 2990.00 -302.00 -717.48 3015.61 -301.38 -719.28 2993.33 -320.00 -720.00 3013.33 -320.00 -720.00 3028.98 -297.76 -703.46 3028.10 -299.06 -679.30 3032.85 -320.00 -700.00 2974.92 -300.00 -702.42 2973.33 -320.00 -700.00 2974.81 -300.16 -681.30 2973.33 -320.00 -680.33 3011.70 -298.81 -661.82 3013.33 -320.00 -660.00 2993.33 -320.00 -660.00 3018.71 -282.02 -696.38 3019.73 -278.98 -682.17 2993.55 -281.92 -671.87 3008.83 -279.49 -673.52 3028.98 -297.76 -703.46 3010.45 -281.92 -708.13 3018.71 -282.02 -696.38 2996.40 -281.92 -706.02 3010.45 -281.92 -708.13 2990.00 -302.00 -717.48 2983.87 -284.82 -698.45 3008.83 -279.49 -673.52 3011.70 -298.81 -661.82 2973.33 -320.00 -680.33 2985.84 -284.76 -683.76 3013.33 -320.00 -660.00 3032.85 -320.00 -680.00 2993.33 -320.00 -720.00 3019.73 -278.98 -682.17 3018.71 -282.02 -696.38 3008.83 -279.49 -673.52 2985.84 -284.76 -683.76 2996.40 -281.92 -706.02 2996.40 -281.92 -706.02 3032.85 -320.00 -700.00 2813.30 -300.16 -597.19 2792.62 -302.11 -578.66 2802.68 -284.49 -577.68 2829.65 -285.15 -586.07 2812.57 -285.35 -592.70 2822.00 -277.00 -570.00 2849.48 -302.00 -582.00 2851.28 -301.38 -556.39 2852.00 -320.00 -578.67 2852.00 -320.00 -558.67 2835.46 -297.76 -543.02 2811.13 -298.07 -541.04 2832.00 -320.00 -539.15 2834.42 -300.00 -597.08 2832.00 -320.00 -598.67 2813.30 -300.16 -597.19 2812.33 -320.00 -598.67 2793.82 -298.81 -560.30 2792.00 -320.00 -558.67 2792.00 -320.00 -578.67 2828.38 -282.02 -553.29 2816.02 -280.32 -556.67 2802.68 -284.49 -577.68 2803.99 -282.45 -565.27 2835.46 -297.76 -543.02 2838.19 -281.87 -563.13 2828.38 -282.02 -553.29 2840.18 -281.92 -576.16 2838.19 -281.87 -563.13 2849.48 -302.00 -582.00 2829.65 -285.15 -586.07 2803.99 -282.45 -565.27 2793.82 -298.81 -560.30 2812.33 -320.00 -598.67 2812.57 -285.35 -592.70 2792.00 -320.00 -558.67 2812.00 -320.00 -539.15 2852.00 -320.00 -578.67 2816.02 -280.32 -556.67 2828.38 -282.02 -553.29 2803.99 -282.45 -565.27 2812.57 -285.35 -592.70 2840.18 -281.92 -576.16 2840.18 -281.92 -576.16 2832.00 -320.00 -539.15 2972.00 -237.51 -480.00 2972.00 -320.00 -480.00 2852.00 -239.64 -480.00 2852.00 -320.00 -480.00 3332.00 -320.00 -900.00 3332.00 -240.00 -900.00 3332.00 -320.00 -960.00 3332.00 -240.00 -960.00 2994.00 -120.00 -1440.00 2994.00 -37.00 -1440.00 2968.00 -120.00 -1539.00 2968.00 -21.00 -1539.00 2843.00 -120.00 -1536.00 2903.00 -120.00 -1566.00 2843.00 -19.00 -1539.00 2903.00 -20.00 -1568.00 2968.00 -21.00 -1539.00 2968.00 -120.00 -1539.00 2831.00 -120.00 -1440.00 2843.00 -120.00 -1536.00 2831.00 -25.00 -1440.00 2843.00 -19.00 -1539.00 2994.00 -37.00 -1440.00 2994.00 -120.00 -1440.00 2972.00 -43.88 -1320.00 2972.00 -120.00 -1320.00 2852.00 -120.00 -1320.00 2831.00 -120.00 -1440.00 2841.60 -38.41 -1320.00 2831.00 -25.00 -1440.00 2492.00 -250.00 -780.00 2492.00 -320.00 -780.00 2492.00 -250.00 -810.00 2852.00 -320.00 -720.00 2852.00 -420.00 -720.00 2732.00 -320.00 -720.00 2732.00 -420.00 -720.00 2852.00 -320.00 -840.00 2852.00 -420.00 -840.00 2852.00 -320.00 -720.00 2852.00 -420.00 -720.00 2732.00 -320.00 -840.00 2732.00 -420.00 -840.00 2852.00 -320.00 -840.00 2852.00 -420.00 -840.00 2732.00 -320.00 -840.00 2732.00 -320.00 -720.00 2732.00 -420.00 -840.00 2732.00 -420.00 -720.00 2972.00 -440.00 -1200.00 2972.00 -440.00 -1080.00 2972.00 -560.00 -1200.00 2972.00 -560.00 -1080.00 2972.00 -440.00 -1080.00 3092.00 -440.00 -1080.00 2972.00 -560.00 -1080.00 3092.00 -560.00 -1080.00 2612.00 -440.00 -960.00 2612.00 -440.00 -1080.00 2612.00 -560.00 -960.00 2612.00 -560.00 -1080.00 2492.00 -440.00 -960.00 2612.00 -440.00 -960.00 2492.00 -560.00 -960.00 2612.00 -560.00 -960.00 3212.00 -440.00 -480.00 3212.00 -440.00 -600.00 3212.00 -320.00 -480.00 3212.00 -320.00 -600.00 3212.00 -320.00 -720.00 3212.00 -440.00 -720.00 3332.00 -320.00 -720.00 3332.00 -440.00 -720.00 2612.00 -440.00 -480.00 2612.00 -440.00 -600.00 2612.00 -560.00 -480.00 2612.00 -560.00 -600.00 2612.00 -440.00 -600.00 2492.00 -440.00 -600.00 2612.00 -560.00 -600.00 2492.00 -560.00 -600.00 2972.00 -320.00 -1200.00 2972.00 -320.00 -1320.00 2852.00 -320.00 -1200.00 2852.00 -320.00 -1320.00 3332.00 -320.00 -780.00 3332.00 -320.00 -720.00 3332.00 -240.00 -780.00 3332.00 -240.00 -720.00 3332.00 -320.00 -1080.00 3332.00 -440.00 -1080.00 3212.00 -320.00 -1080.00 3212.00 -440.00 -1080.00 3212.00 -320.00 -1080.00 3212.00 -440.00 -1080.00 3092.00 -320.00 -1080.00 2612.00 -320.00 -1200.00 2612.00 -440.00 -1200.00 2612.00 -320.00 -1080.00 3212.00 -560.00 -720.00 3212.00 -560.00 -600.00 3332.00 -440.00 -1080.00 3212.00 -560.00 -1080.00 3332.00 -560.00 -1080.00 2972.00 -320.00 -1080.00 2972.00 -320.00 -1200.00 2972.00 -440.00 -1200.00 3092.00 -320.00 -1080.00 3092.00 -440.00 -1080.00 2972.00 -320.00 -1080.00 3092.00 -560.00 -1080.00 3212.00 -560.00 -1080.00 2492.00 -250.00 -870.00 2492.00 -250.00 -840.00 2492.00 -320.00 -840.00 2492.00 -250.00 -900.00 2492.00 -320.00 -900.00 2852.00 -320.00 -1320.00 2852.00 -270.91 -1320.00 2852.00 -320.00 -1200.00 2852.00 -250.00 -1200.00 2972.00 -320.00 -1320.00 2972.00 -270.91 -1320.00 2852.00 -320.00 -1320.00 2852.00 -270.91 -1320.00 2972.00 -247.72 -1200.00 2972.00 -270.91 -1320.00 2972.00 -320.00 -1200.00 2972.00 -320.00 -1320.00 3332.00 -240.00 -960.00 3332.00 -240.00 -1080.00 3332.00 -320.00 -960.00 3332.00 -320.00 -1080.00 2612.00 -320.00 -960.00 2492.00 -320.00 -960.00 2492.00 -440.00 -960.00 2612.00 -440.00 -1080.00 2612.00 -440.00 -1200.00 2612.00 -560.00 -1080.00 2612.00 -560.00 -1200.00 2612.00 -320.00 -1080.00 2612.00 -320.00 -960.00 2612.00 -320.00 -600.00 2612.00 -320.00 -480.00 2612.00 -440.00 -480.00 2492.00 -320.00 -600.00 2492.00 -440.00 -600.00 2612.00 -320.00 -600.00 3332.00 -440.00 -720.00 3212.00 -440.00 -720.00 3332.00 -560.00 -720.00 3212.00 -560.00 -720.00 3212.00 -320.00 -600.00 3212.00 -440.00 -600.00 3212.00 -320.00 -720.00 3212.00 -560.00 -480.00 3212.00 -560.00 -600.00 3212.00 -440.00 -480.00 2492.00 -249.01 -720.00 2492.00 -320.00 -720.00 2492.00 -250.00 -780.00 2492.00 -320.00 -780.00 2732.00 -250.00 -1200.00 2732.00 -320.00 -1200.00 2852.00 -250.00 -1200.00 2852.00 -320.00 -1200.00 2612.00 -250.00 -1200.00 2612.00 -320.00 -1200.00 2732.00 -250.00 -1200.00 2732.00 -320.00 -1200.00 3092.00 -234.66 -480.00 3092.00 -320.00 -480.00 2972.00 -237.51 -480.00 2972.00 -320.00 -480.00 2852.00 -239.64 -480.00 2852.00 -320.00 -480.00 2732.00 -241.77 -480.00 2732.00 -320.00 -480.00 2732.00 -241.77 -480.00 2732.00 -320.00 -480.00 2612.00 -243.90 -480.00 2612.00 -320.00 -480.00 3212.00 -233.23 -480.00 3212.00 -320.00 -480.00 3092.00 -234.66 -480.00 3092.00 -320.00 -480.00 2492.00 -320.00 -631.34 2492.00 -248.02 -631.34 2852.00 -182.69 -1320.00 2972.00 -185.00 -1320.00 2912.00 -120.00 -1320.00 2972.00 -120.00 -1320.00 2852.00 -120.00 -1320.00 3332.00 -320.00 -840.00 3332.00 -240.00 -840.00 3332.00 -320.00 -840.00 3332.00 -240.00 -840.00 2742.49 57.51 -781.93 2749.56 106.37 -791.72 2753.74 106.37 -776.50 2742.49 57.51 -781.93 2741.03 106.37 -768.86 2742.49 57.51 -781.93 2730.60 106.37 -777.20 2742.49 57.51 -781.93 2736.80 76.50 -789.14 2755.85 148.68 -801.30 2763.82 234.67 -809.11 2762.40 148.68 -772.59 2773.22 234.67 -769.43 2736.80 76.50 -789.14 2732.93 176.28 -796.21 2729.38 234.67 -802.64 2742.49 57.51 -781.93 2722.00 148.68 -774.39 2711.60 234.67 -774.60 2732.93 176.28 -796.21 2729.38 234.67 -802.64 2742.23 148.68 -760.30 2740.86 234.67 -749.61 2940.50 166.43 -788.16 2934.64 225.48 -786.83 2950.98 166.43 -819.74 2948.37 233.47 -824.50 2965.10 166.43 -767.14 2964.26 230.98 -761.50 2992.32 166.43 -783.81 2997.36 241.11 -781.48 2966.49 20.92 -794.93 2971.77 70.39 -801.96 2974.94 70.39 -790.42 2966.49 20.92 -794.93 2965.31 70.39 -784.63 2966.49 20.92 -794.93 2957.40 70.39 -790.94 2966.49 20.92 -794.93 2960.80 70.39 -802.14 2950.98 166.43 -819.74 2948.37 233.47 -824.50 2984.41 166.43 -817.17 2989.62 245.34 -821.62 2976.37 115.50 -809.08 2981.25 115.50 -787.68 2960.80 70.39 -802.14 2956.93 115.50 -809.21 2966.49 20.92 -794.93 2951.14 115.50 -789.02 2956.93 115.50 -809.21 2966.22 115.50 -778.52 2993.49 64.27 -754.93 2998.77 136.53 -761.96 3001.94 136.53 -750.42 2993.49 64.27 -754.93 2992.31 136.53 -744.63 2993.49 64.27 -754.93 2984.40 136.53 -750.94 2993.49 64.27 -754.93 2987.80 136.53 -762.14 3005.03 185.81 -771.56 3017.09 243.73 -784.66 3010.70 185.81 -746.67 3027.50 243.73 -740.77 2987.80 136.53 -762.14 2982.42 185.81 -771.71 2973.10 243.73 -788.04 2993.49 64.27 -754.93 2975.69 185.81 -748.23 2959.32 243.73 -746.49 2982.42 185.81 -771.71 2973.10 243.73 -788.04 2993.22 185.81 -736.02 2991.69 243.73 -718.84 2900.49 45.15 -988.93 2910.04 124.14 -1002.50 2915.64 124.14 -982.16 2900.49 45.15 -988.93 2898.64 124.14 -971.94 2900.49 45.15 -988.93 2884.70 124.14 -983.08 2900.49 45.15 -988.93 2890.70 124.14 -1002.83 2920.25 177.13 -1017.85 2927.71 241.39 -1023.44 2929.86 177.13 -975.68 2939.71 241.39 -972.83 2890.70 124.14 -1002.83 2881.93 177.13 -1018.10 2877.00 241.39 -1027.33 2900.49 45.15 -988.93 2870.53 177.13 -978.32 2861.11 241.39 -979.43 2881.93 177.13 -1018.10 2877.00 241.39 -1027.33 2900.24 177.13 -957.62 2898.43 241.39 -947.55 2972.00 -320.00 -1080.00 2972.00 -320.00 -1200.00 2852.00 -320.00 -1080.00 2852.00 -320.00 -1200.00 2732.00 -320.00 -840.00 2852.00 -320.00 -840.00 2732.00 -320.00 -960.00 2852.00 -320.00 -960.00 2732.00 -320.00 -720.00 2612.00 -320.00 -720.00 2732.00 -320.00 -600.00 2612.00 -320.00 -600.00 2612.00 -320.00 -960.00 2612.00 -320.00 -840.00 2732.00 -320.00 -960.00 2732.00 -320.00 -840.00 3212.00 -320.00 -600.00 3092.00 -320.00 -600.00 3212.00 -320.00 -480.00 3092.00 -320.00 -480.00 2852.00 -320.00 -840.00 2852.00 -320.00 -720.00 2972.00 -320.00 -840.00 2972.00 -320.00 -720.00 2852.00 -320.00 -480.00 2852.00 -320.00 -600.00 2732.00 -320.00 -480.00 2732.00 -320.00 -600.00 2972.00 -320.00 -960.00 2972.00 -320.00 -840.00 3092.00 -320.00 -960.00 3092.00 -320.00 -840.00 3212.00 -320.00 -840.00 3212.00 -320.00 -720.00 3272.00 -320.00 -840.00 3332.00 -320.00 -780.00 3332.00 -320.00 -720.00 3092.00 -320.00 -840.00 3092.00 -320.00 -720.00 3212.00 -320.00 -840.00 3212.00 -320.00 -720.00 2972.00 -320.00 -840.00 2972.00 -320.00 -720.00 3092.00 -320.00 -840.00 3092.00 -320.00 -720.00 3092.00 -320.00 -480.00 3092.00 -320.00 -600.00 2972.00 -320.00 -480.00 2972.00 -320.00 -600.00 2852.00 -320.00 -600.00 2972.00 -320.00 -600.00 2852.00 -320.00 -720.00 2972.00 -320.00 -720.00 2972.00 -320.00 -960.00 2852.00 -320.00 -960.00 2972.00 -320.00 -840.00 2852.00 -320.00 -840.00 2972.00 -320.00 -1080.00 2972.00 -320.00 -960.00 3092.00 -320.00 -1080.00 3092.00 -320.00 -960.00 3332.00 -320.00 -900.00 3332.00 -320.00 -960.00 3212.00 -320.00 -960.00 3212.00 -320.00 -840.00 3272.00 -320.00 -840.00 3212.00 -320.00 -1080.00 3212.00 -320.00 -960.00 3332.00 -320.00 -1080.00 3332.00 -320.00 -960.00 3092.00 -320.00 -960.00 3092.00 -320.00 -840.00 3212.00 -320.00 -960.00 3212.00 -320.00 -840.00 3092.00 -320.00 -1080.00 3092.00 -320.00 -960.00 3212.00 -320.00 -1080.00 3212.00 -320.00 -960.00 2852.00 -320.00 -1080.00 2972.00 -320.00 -960.00 2612.00 -320.00 -960.00 2732.00 -320.00 -960.00 2612.00 -320.00 -1080.00 2732.00 -320.00 -1080.00 2732.00 -320.00 -1200.00 2732.00 -320.00 -1080.00 2852.00 -320.00 -1200.00 2852.00 -320.00 -1080.00 2612.00 -320.00 -1080.00 2732.00 -320.00 -1080.00 2612.00 -320.00 -1200.00 2732.00 -320.00 -1200.00 2732.00 -320.00 -1080.00 2732.00 -320.00 -960.00 2852.00 -320.00 -960.00 3212.00 -320.00 -720.00 3212.00 -320.00 -600.00 3092.00 -320.00 -600.00 2972.00 -320.00 -480.00 2972.00 -320.00 -600.00 2852.00 -320.00 -480.00 2852.00 -320.00 -600.00 2972.00 -320.00 -600.00 3092.00 -320.00 -600.00 2972.00 -320.00 -720.00 3092.00 -320.00 -720.00 2732.00 -320.00 -600.00 2852.00 -320.00 -600.00 2732.00 -320.00 -720.00 2852.00 -320.00 -720.00 2732.00 -320.00 -480.00 2732.00 -320.00 -600.00 2612.00 -320.00 -480.00 2612.00 -320.00 -600.00 2492.00 -320.00 -900.00 2492.00 -320.00 -840.00 2612.00 -320.00 -840.00 2612.00 -320.00 -600.00 2492.00 -320.00 -631.34 2492.00 -320.00 -600.00 2612.00 -320.00 -840.00 2612.00 -320.00 -720.00 2492.00 -320.00 -780.00 2612.00 -320.00 -840.00 2492.00 -320.00 -840.00 2492.00 -320.00 -960.00 2612.00 -320.00 -960.00 2492.00 -320.00 -720.00 2612.00 -320.00 -720.00 2612.00 -320.00 -720.00 2492.00 -320.00 -720.00 3332.00 -320.00 -840.00 3332.00 -320.00 -840.00 2352.00 -250.00 -870.00 2352.00 -250.00 -810.00 2352.00 -734.81 -1468.01 2352.00 -734.81 -211.99 2352.00 -150.00 -810.00 2352.00 331.24 -211.99 2352.00 -150.00 -870.00 2352.00 331.24 -1468.01 </float_array>
                    <technique_common>
                        <accessor source="#geom-01A5D799-pos-array" count="540" stride="3">
                            <param name="X" type="float" />
                            <param name="Y" type="float" />
                            <param name="Z" type="float" />
                        </accessor>
                    </technique_common>
                </source>
                <source id="geom-01A5D799-texcoord">
                    <float_array id="geom-01A5D799-texcoord-array" count="1080">0.01 0.00 0.01 -1.00 0.75 -0.99 0.00 -1.20 0.75 -1.20 0.00 -0.17 0.75 -0.17 0.01 0.59 0.75 0.59 0.01 0.00 0.75 -0.99 0.01 0.59 0.75 0.59 0.01 -1.00 0.61 0.75 0.75 0.75 0.75 0.90 0.75 0.91 0.90 0.91 0.75 1.06 0.90 0.75 0.75 0.75 0.90 0.61 0.75 0.61 0.90 0.75 0.75 0.75 0.90 0.61 0.75 0.75 0.75 0.61 0.90 0.75 0.90 0.61 0.90 0.75 0.90 0.61 0.75 0.61 0.61 1.20 0.75 1.20 0.90 1.06 0.90 1.20 0.61 0.75 0.75 0.90 0.61 0.90 0.61 0.91 0.61 1.06 0.61 0.75 0.75 0.90 0.61 0.90 0.61 0.75 0.61 0.61 0.90 0.90 0.61 0.61 0.75 0.61 0.61 0.61 0.75 0.90 0.90 0.90 0.90 0.90 0.61 0.90 0.61 0.90 0.90 0.90 0.61 0.61 0.61 0.75 0.75 0.75 0.75 0.90 0.75 0.91 0.90 0.91 0.75 1.06 0.90 0.75 0.75 0.75 0.90 0.61 0.75 0.61 0.90 0.75 0.75 0.75 0.90 0.61 0.75 0.75 0.75 0.61 0.90 0.75 0.90 0.61 0.90 0.75 0.90 0.61 0.75 0.61 0.61 1.20 0.75 1.20 0.90 1.06 0.90 1.20 0.61 0.75 0.75 0.90 0.61 0.90 0.61 0.91 0.61 1.06 0.61 0.75 0.75 0.90 0.61 0.90 0.61 0.75 0.61 0.61 0.90 0.90 0.61 0.61 0.75 0.61 0.61 0.61 0.75 0.90 0.90 0.90 0.90 0.90 0.61 0.90 0.61 0.90 0.90 0.90 0.61 0.61 0.61 0.30 0.61 0.00 1.20 0.30 1.20 0.00 0.91 0.31 0.91 0.60 0.61 0.31 0.61 0.60 1.20 0.00 1.20 0.30 0.61 0.00 0.61 0.30 0.61 0.00 0.91 0.00 0.61 0.30 0.91 0.30 1.20 0.30 1.20 0.00 0.61 0.00 1.20 0.00 0.61 0.30 1.20 0.30 0.61 0.30 0.61 0.00 1.20 0.30 1.20 0.00 0.61 0.00 1.20 0.00 0.61 0.30 1.20 0.30 0.61 0.60 0.61 0.31 0.75 0.60 0.00 0.60 0.00 0.00 0.60 0.60 0.60 0.00 0.00 0.60 0.00 0.00 0.60 0.60 0.60 0.00 0.00 0.60 0.00 0.00 0.60 0.60 0.60 0.00 0.60 0.60 0.00 0.60 0.60 0.00 0.00 0.00 0.00 0.00 0.60 0.00 0.00 0.60 0.60 0.60 0.00 0.00 0.60 0.00 0.00 0.60 0.60 0.60 0.00 0.00 0.60 0.00 0.00 0.60 0.60 0.60 0.00 0.00 0.60 0.00 0.00 0.60 0.60 0.60 0.00 0.00 0.60 0.00 0.00 0.60 0.60 0.60 0.00 0.60 0.00 0.00 0.60 0.60 0.60 0.00 0.00 0.00 0.60 0.00 0.00 0.60 0.60 0.60 0.00 0.00 0.60 0.00 0.00 0.60 0.60 0.60 0.60 0.61 0.60 1.20 0.00 0.61 0.00 1.20 0.91 0.31 1.20 0.31 0.91 0.60 1.20 0.60 0.00 0.60 0.00 0.00 0.60 0.60 0.60 0.00 0.00 0.60 0.00 0.00 0.60 0.60 0.00 0.60 0.00 0.00 0.60 0.60 0.00 0.60 0.60 0.60 0.60 0.00 0.00 0.60 0.60 0.60 0.00 0.60 0.60 0.60 0.60 0.00 0.00 0.60 0.00 0.00 0.60 0.60 0.00 0.60 0.60 0.60 1.06 0.60 0.91 0.60 0.91 0.31 1.20 0.60 1.20 0.31 1.20 0.00 1.20 0.30 0.61 0.00 0.61 0.30 1.20 0.00 1.20 0.30 0.61 0.00 0.61 0.30 1.20 0.30 0.61 0.30 1.20 0.00 0.61 0.00 1.20 0.30 0.61 0.30 1.20 0.00 0.61 0.00 0.00 0.60 0.60 0.60 0.60 0.00 0.00 0.00 0.60 0.00 0.00 0.60 0.60 0.60 0.00 0.60 0.60 0.60 0.00 0.60 0.60 0.60 0.60 0.00 0.00 0.60 0.00 0.00 0.60 0.60 0.00 0.00 0.60 0.00 0.00 0.60 0.60 0.60 0.00 0.60 0.00 0.00 0.60 0.60 0.60 0.60 0.00 0.60 0.60 0.00 0.98 0.30 0.98 0.00 1.20 0.30 1.20 0.00 0.61 0.30 0.61 0.00 1.20 0.30 1.20 0.00 0.61 0.30 0.61 0.00 1.20 0.30 1.20 0.00 0.61 0.30 0.61 0.00 1.20 0.30 1.20 0.00 0.61 0.30 0.61 0.00 1.20 0.30 1.20 0.00 0.61 0.30 0.61 0.00 1.20 0.30 1.20 0.00 0.61 0.30 0.61 0.00 1.20 0.30 1.20 0.00 0.61 0.00 0.61 0.30 0.61 0.31 1.20 0.31 0.91 0.60 1.20 0.60 0.61 0.60 0.61 0.31 0.61 0.60 1.20 0.31 1.20 0.60 1.11 0.61 1.14 0.75 1.09 0.75 1.06 0.61 1.02 0.75 0.99 0.61 0.96 0.75 0.93 0.62 0.91 0.75 1.14 0.91 1.14 1.06 1.09 0.91 1.09 1.06 1.20 0.75 1.20 0.91 1.20 1.06 1.17 0.61 0.96 0.91 0.96 1.06 0.91 0.91 0.91 1.06 1.02 0.91 1.02 1.06 0.96 1.06 0.96 1.19 0.91 1.06 0.91 1.20 1.02 1.06 1.02 1.20 1.09 1.06 1.09 1.20 1.11 0.61 1.14 0.75 1.09 0.75 1.06 0.61 1.02 0.75 0.99 0.61 0.96 0.75 0.93 0.62 0.91 0.75 1.20 1.06 1.20 1.20 1.14 1.06 1.14 1.20 1.14 0.91 1.09 0.91 1.20 0.75 1.20 0.91 1.17 0.61 0.96 0.91 0.91 0.91 1.02 0.91 1.11 0.61 1.14 0.75 1.09 0.75 1.06 0.61 1.02 0.75 0.99 0.61 0.96 0.75 0.93 0.62 0.91 0.75 1.14 0.91 1.14 1.06 1.09 0.91 1.09 1.06 1.20 0.75 1.20 0.91 1.20 1.06 1.17 0.61 0.96 0.91 0.96 1.06 0.91 0.91 0.91 1.06 1.02 0.91 1.02 1.06 1.11 0.61 1.14 0.75 1.09 0.75 1.06 0.61 1.02 0.75 0.99 0.61 0.96 0.75 0.93 0.62 0.91 0.75 1.14 0.91 1.14 1.06 1.09 0.91 1.09 1.06 1.20 0.75 1.20 0.91 1.20 1.06 1.17 0.61 0.96 0.91 0.96 1.06 0.91 0.91 0.91 1.06 1.02 0.91 1.02 1.06 0.60 0.60 0.00 0.60 0.60 0.00 0.00 0.00 0.60 1.20 0.00 1.20 0.60 0.61 0.00 0.61 0.60 0.60 0.00 0.60 0.60 0.00 0.00 0.00 0.60 0.60 0.00 0.60 0.60 0.00 0.00 0.00 0.61 1.20 0.61 0.61 1.20 1.20 1.20 0.61 0.60 1.20 0.00 1.20 0.60 0.61 0.00 0.61 1.20 0.60 0.61 0.60 1.20 0.00 0.61 0.00 0.60 1.20 0.00 1.20 0.60 0.61 0.00 0.61 0.61 0.60 0.61 0.00 0.91 0.60 1.20 0.30 1.20 0.00 0.60 1.20 0.00 1.20 0.60 0.61 0.00 0.61 0.60 0.60 0.00 0.60 0.60 0.00 0.00 0.00 1.20 0.60 0.61 0.60 1.20 0.00 0.61 0.00 0.60 0.60 0.00 0.60 0.60 0.00 0.00 0.00 0.60 0.60 0.00 0.60 0.60 0.00 0.00 0.00 0.60 1.20 0.00 1.20 0.60 0.61 0.00 0.61 1.20 0.91 1.20 1.20 0.61 1.20 0.61 0.61 0.91 0.61 0.61 1.20 0.61 0.61 1.20 1.20 1.20 0.61 0.60 0.60 0.00 0.60 0.60 0.00 0.00 0.00 0.60 1.20 0.00 1.20 0.60 0.61 0.00 0.61 0.00 1.20 0.60 0.61 0.60 1.20 0.00 1.20 0.60 0.61 0.00 0.61 1.20 1.20 0.61 1.20 1.20 0.61 0.61 0.61 0.61 1.20 0.61 0.61 1.20 1.20 1.20 0.61 0.60 0.60 0.00 0.60 0.00 0.00 0.60 1.20 0.60 0.61 0.00 0.61 1.20 1.20 0.61 1.20 1.20 0.61 0.61 0.61 0.60 1.20 0.00 1.20 0.60 0.61 0.00 0.61 0.60 1.20 0.00 1.20 0.60 0.61 0.00 0.61 1.20 1.20 0.61 1.20 1.20 0.61 0.61 0.61 1.20 0.91 1.20 1.20 0.61 1.20 0.61 1.20 1.20 1.06 1.20 1.20 0.00 1.20 0.00 0.61 1.20 0.30 0.61 0.00 1.20 0.00 1.20 0.61 0.61 0.61 1.20 0.60 0.61 0.60 0.61 0.61 1.20 0.61 1.20 0.60 1.20 0.61 0.63 0.56 0.57 0.56 1.20 0.09 0.00 0.09 0.57 0.65 0.00 1.11 0.63 0.65 1.20 1.11 </float_array>
                    <technique_common>
                        <accessor source="#geom-01A5D799-texcoord-array" count="540" stride="2">
                            <param name="S" type="float" />
                            <param name="T" type="float" />
                        </accessor>
                    </technique_common>
                </source>
                <source id="geom-01A5D799-colors">
                    <float_array id="geom-01A5D799-colors-array" count="2128">0.15 0.33 0.80 1.00 0.22 0.35 0.74 1.00 0.09 0.27 0.85 1.00 0.14 0.38 1.00 1.00 0.08 0.30 0.96 1.00 0.11 0.32 1.00 1.00 0.05 0.25 0.88 1.00 0.11 0.34 1.00 1.00 0.06 0.27 0.95 1.00 0.12 0.31 0.89 1.00 0.08 0.25 0.83 1.00 0.14 0.38 1.00 1.00 0.08 0.30 0.96 1.00 0.24 0.36 0.75 1.00 0.71 0.78 1.00 1.00 0.22 0.31 0.60 1.00 0.65 0.73 0.96 1.00 0.76 0.87 0.97 1.00 0.76 0.87 0.97 1.00 1.00 1.00 1.00 1.00 0.76 0.87 0.97 1.00 0.78 0.84 1.00 1.00 0.80 0.85 1.00 1.00 0.37 0.46 0.73 1.00 0.30 0.39 0.66 1.00 0.22 0.31 0.60 1.00 0.22 0.31 0.60 1.00 0.76 0.87 0.97 1.00 0.73 0.80 1.00 1.00 0.71 0.78 1.00 1.00 0.33 0.41 0.68 1.00 0.22 0.31 0.60 1.00 0.22 0.31 0.60 1.00 0.22 0.31 0.60 1.00 0.76 0.82 1.00 1.00 0.61 0.69 0.92 1.00 0.65 0.73 0.96 1.00 0.35 0.44 0.71 1.00 0.30 0.39 0.66 1.00 0.76 0.87 0.97 1.00 0.76 0.82 1.00 1.00 0.76 0.87 0.97 1.00 0.76 0.87 0.97 1.00 0.76 0.87 0.97 1.00 0.76 0.87 0.97 1.00 0.35 0.44 0.71 1.00 0.22 0.31 0.60 1.00 0.33 0.41 0.68 1.00 0.76 0.87 0.97 1.00 0.22 0.31 0.60 1.00 0.22 0.31 0.60 1.00 0.80 0.85 1.00 1.00 0.61 0.69 0.92 1.00 0.76 0.82 1.00 1.00 0.35 0.44 0.71 1.00 0.76 0.87 0.97 1.00 0.76 0.87 0.97 1.00 0.76 0.87 0.97 1.00 0.22 0.31 0.60 1.00 0.78 0.84 1.00 1.00 0.33 0.42 0.69 1.00 0.54 0.62 0.86 1.00 1.00 1.00 1.00 1.00 0.88 0.92 1.00 1.00 0.73 0.80 1.00 1.00 0.76 0.82 1.00 1.00 0.27 0.36 0.64 1.00 0.60 0.67 0.91 1.00 0.22 0.31 0.60 1.00 0.22 0.31 0.60 1.00 0.22 0.31 0.60 1.00 0.22 0.31 0.60 1.00 0.94 0.96 1.00 1.00 0.78 0.83 1.00 1.00 0.78 0.84 1.00 1.00 0.71 0.78 1.00 1.00 0.22 0.31 0.60 1.00 0.22 0.31 0.60 1.00 0.22 0.31 0.60 1.00 0.25 0.34 0.62 1.00 0.26 0.35 0.64 1.00 0.54 0.62 0.86 1.00 0.28 0.37 0.65 1.00 0.22 0.31 0.60 1.00 0.52 0.60 0.84 1.00 0.25 0.34 0.62 1.00 0.81 0.86 1.00 1.00 0.52 0.60 0.84 1.00 0.76 0.82 1.00 1.00 1.00 1.00 1.00 1.00 0.28 0.37 0.65 1.00 0.22 0.31 0.60 1.00 0.71 0.78 1.00 1.00 0.88 0.92 1.00 1.00 0.22 0.31 0.60 1.00 0.22 0.31 0.60 1.00 0.60 0.67 0.91 1.00 0.26 0.35 0.64 1.00 0.25 0.34 0.62 1.00 0.28 0.37 0.65 1.00 0.88 0.92 1.00 1.00 0.81 0.86 1.00 1.00 0.81 0.86 1.00 1.00 0.22 0.31 0.60 1.00 0.31 0.44 0.80 1.00 0.05 0.15 0.48 1.00 0.31 0.44 0.81 1.00 0.05 0.16 0.48 1.00 0.15 0.24 0.54 1.00 0.41 0.68 1.00 1.00 0.15 0.25 0.54 1.00 0.22 0.35 0.74 1.00 0.02 0.24 0.93 1.00 0.04 0.29 1.00 1.00 0.05 0.18 0.60 1.00 0.06 0.19 0.63 1.00 0.04 0.17 0.56 1.00 0.04 0.11 0.34 1.00 0.05 0.18 0.58 1.00 0.04 0.11 0.34 1.00 0.06 0.19 0.63 1.00 0.05 0.18 0.60 1.00 0.01 0.19 0.76 1.00 0.04 0.17 0.56 1.00 0.04 0.22 0.87 1.00 0.05 0.18 0.58 1.00 0.04 0.29 1.00 1.00 0.02 0.24 0.93 1.00 0.00 0.13 0.55 1.00 0.16 0.31 0.85 1.00 0.18 0.34 0.90 1.00 0.01 0.19 0.76 1.00 0.01 0.13 0.56 1.00 0.04 0.22 0.87 1.00 0.29 0.46 0.95 1.00 0.00 0.15 0.60 1.00 0.42 0.65 1.00 1.00 0.98 1.00 1.00 1.00 0.23 0.34 0.68 1.00 0.65 0.81 1.00 1.00 0.29 0.42 0.78 1.00 1.00 1.00 1.00 1.00 0.19 0.29 0.61 1.00 0.98 1.00 1.00 1.00 0.23 0.34 0.68 1.00 0.75 0.93 1.00 1.00 0.27 0.40 0.75 1.00 1.00 1.00 1.00 1.00 0.19 0.29 0.61 1.00 0.75 0.93 1.00 1.00 0.65 0.81 1.00 1.00 0.27 0.40 0.75 1.00 0.29 0.42 0.78 1.00 0.05 0.12 0.36 1.00 0.00 0.05 0.25 1.00 0.00 0.00 0.00 1.00 0.00 0.00 0.00 1.00 0.00 0.05 0.25 1.00 0.00 0.05 0.25 1.00 0.00 0.00 0.00 1.00 0.00 0.00 0.00 1.00 0.00 0.05 0.25 1.00 0.00 0.05 0.25 1.00 0.00 0.00 0.00 1.00 0.00 0.00 0.00 1.00 0.03 0.10 0.33 1.00 0.00 0.05 0.25 1.00 0.00 0.00 0.00 1.00 0.00 0.00 0.00 1.00 0.00 0.06 0.26 1.00 0.00 0.05 0.25 1.00 0.07 0.15 0.40 1.00 0.05 0.15 0.50 1.00 0.08 0.16 0.42 1.00 0.00 0.05 0.25 1.00 0.14 0.23 0.53 1.00 0.04 0.11 0.34 1.00 0.00 0.06 0.26 1.00 0.00 0.05 0.25 1.00 0.00 0.00 0.00 1.00 0.00 0.00 0.00 1.00 0.00 0.05 0.25 1.00 0.02 0.08 0.29 1.00 0.00 0.00 0.00 1.00 0.00 0.00 0.00 1.00 0.31 0.47 0.94 1.00 0.10 0.19 0.46 1.00 0.42 0.53 0.87 1.00 0.10 0.19 0.45 1.00 0.15 0.25 0.55 1.00 0.14 0.23 0.53 1.00 0.42 0.69 1.00 1.00 0.24 0.36 0.75 1.00 0.08 0.16 0.42 1.00 0.01 0.07 0.29 1.00 0.00 0.05 0.25 1.00 0.00 0.05 0.25 1.00 0.00 0.05 0.25 1.00 0.00 0.05 0.25 1.00 0.00 0.06 0.29 1.00 0.07 0.15 0.40 1.00 0.00 0.07 0.27 1.00 0.00 0.05 0.25 1.00 0.00 0.00 0.00 1.00 0.00 0.00 0.00 1.00 0.01 0.07 0.29 1.00 0.00 0.00 0.00 1.00 0.00 0.00 0.00 1.00 0.15 0.28 0.69 1.00 0.31 0.47 0.94 1.00 0.05 0.12 0.36 1.00 0.00 0.06 0.29 1.00 0.00 0.05 0.25 1.00 0.15 0.28 0.69 1.00 0.00 0.00 0.00 1.00 0.00 0.00 0.00 1.00 0.42 0.62 1.00 1.00 0.45 0.70 1.00 1.00 0.00 0.13 0.51 1.00 0.31 0.47 0.96 1.00 0.00 0.08 0.32 1.00 0.10 0.19 0.45 1.00 0.11 0.21 0.53 1.00 0.42 0.53 0.87 1.00 0.44 0.55 0.91 1.00 0.10 0.19 0.46 1.00 0.11 0.21 0.53 1.00 0.10 0.19 0.45 1.00 0.11 0.21 0.53 1.00 0.23 0.38 0.84 1.00 0.11 0.21 0.53 1.00 0.31 0.47 0.94 1.00 0.10 0.19 0.46 1.00 0.22 0.35 0.74 1.00 0.11 0.21 0.49 1.00 0.15 0.25 0.54 1.00 0.08 0.16 0.42 1.00 0.28 0.34 0.58 1.00 0.13 0.22 0.51 1.00 0.03 0.10 0.33 1.00 0.00 0.05 0.25 1.00 0.00 0.07 0.27 1.00 0.00 0.00 0.00 1.00 0.00 0.00 0.00 1.00 0.00 0.05 0.25 1.00 0.28 0.34 0.58 1.00 0.03 0.10 0.33 1.00 0.07 0.15 0.41 1.00 0.00 0.06 0.26 1.00 0.09 0.18 0.45 1.00 0.02 0.08 0.29 1.00 0.03 0.10 0.33 1.00 0.04 0.11 0.34 1.00 0.00 0.05 0.25 1.00 0.00 0.00 0.00 1.00 0.00 0.00 0.00 1.00 0.05 0.15 0.50 1.00 0.00 0.05 0.25 1.00 0.08 0.16 0.42 1.00 0.00 0.00 0.00 1.00 0.00 0.00 0.00 1.00 0.00 0.06 0.26 1.00 0.18 0.29 0.60 1.00 0.00 0.08 0.30 1.00 0.29 0.46 0.95 1.00 0.00 0.15 0.60 1.00 0.21 0.32 0.67 1.00 0.00 0.09 0.39 1.00 0.44 0.55 0.91 1.00 0.42 0.53 0.87 1.00 0.11 0.20 0.47 1.00 0.07 0.15 0.40 1.00 0.21 0.32 0.67 1.00 0.00 0.09 0.39 1.00 0.21 0.32 0.64 1.00 0.02 0.10 0.36 1.00 0.31 0.44 0.80 1.00 0.05 0.15 0.48 1.00 0.31 0.44 0.81 1.00 0.05 0.16 0.48 1.00 0.21 0.32 0.65 1.00 0.02 0.10 0.37 1.00 0.21 0.32 0.65 1.00 0.02 0.10 0.37 1.00 0.11 0.21 0.49 1.00 0.07 0.15 0.41 1.00 0.11 0.21 0.49 1.00 0.07 0.15 0.40 1.00 0.21 0.32 0.64 1.00 0.02 0.10 0.36 1.00 0.13 0.22 0.51 1.00 0.14 0.24 0.54 1.00 0.13 0.25 0.58 1.00 0.13 0.25 0.59 1.00 0.45 0.51 0.70 1.00 0.16 0.31 0.85 1.00 0.18 0.34 0.90 1.00 0.17 0.27 0.58 1.00 0.52 0.80 1.00 1.00 0.17 0.27 0.58 1.00 0.52 0.80 1.00 1.00 0.90 1.00 1.00 1.00 1.00 1.00 1.00 1.00 0.67 0.77 1.00 1.00 0.90 1.00 1.00 1.00 0.11 0.21 0.60 1.00 0.90 1.00 1.00 1.00 0.08 0.16 0.45 1.00 0.90 1.00 1.00 1.00 0.11 0.21 0.60 1.00 0.28 0.38 0.92 1.00 0.44 0.95 1.00 1.00 0.42 0.57 0.85 1.00 0.41 0.91 0.93 1.00 0.11 0.21 0.60 1.00 0.09 0.18 0.50 1.00 0.36 0.74 0.83 1.00 0.90 1.00 1.00 1.00 0.11 0.17 0.58 1.00 0.35 0.72 0.80 1.00 0.09 0.18 0.50 1.00 0.36 0.74 0.83 1.00 0.09 0.18 0.50 1.00 0.35 0.72 0.80 1.00 0.09 0.26 0.52 1.00 0.37 0.80 0.84 1.00 0.12 0.27 0.58 1.00 0.37 0.81 0.84 1.00 0.08 0.15 0.43 1.00 0.35 0.74 0.81 1.00 0.08 0.15 0.46 1.00 0.35 0.69 0.78 1.00 1.00 1.00 1.00 1.00 0.28 0.45 0.93 1.00 0.12 0.23 0.64 1.00 1.00 1.00 1.00 1.00 0.11 0.21 0.60 1.00 1.00 1.00 1.00 1.00 0.74 1.00 1.00 1.00 1.00 1.00 1.00 1.00 1.00 1.00 1.00 1.00 0.12 0.27 0.58 1.00 0.37 0.81 0.84 1.00 0.09 0.15 0.52 1.00 0.35 0.69 0.78 1.00 0.18 0.27 0.76 1.00 0.09 0.18 0.52 1.00 1.00 1.00 1.00 1.00 0.53 0.69 0.98 1.00 1.00 1.00 1.00 1.00 0.27 0.48 1.00 1.00 0.53 0.69 0.98 1.00 0.09 0.18 0.50 1.00 1.00 1.00 1.00 1.00 0.36 0.52 0.99 1.00 0.11 0.22 0.62 1.00 1.00 1.00 1.00 1.00 0.11 0.21 0.60 1.00 1.00 1.00 1.00 1.00 0.33 0.50 1.00 1.00 1.00 1.00 1.00 1.00 0.67 0.77 1.00 1.00 0.20 0.27 0.75 1.00 0.40 0.82 0.92 1.00 0.09 0.18 0.50 1.00 0.36 0.74 0.83 1.00 0.67 0.77 1.00 1.00 0.38 0.53 0.82 1.00 0.44 0.93 0.95 1.00 1.00 1.00 1.00 1.00 0.20 0.35 0.81 1.00 0.38 0.86 0.87 1.00 0.38 0.53 0.82 1.00 0.44 0.93 0.95 1.00 0.09 0.18 0.50 1.00 0.35 0.72 0.80 1.00 1.00 1.00 1.00 1.00 0.13 0.25 0.69 1.00 0.55 0.66 1.00 1.00 1.00 1.00 1.00 1.00 0.83 0.91 1.00 1.00 1.00 1.00 1.00 1.00 0.29 0.45 1.00 1.00 1.00 1.00 1.00 1.00 0.11 0.21 0.60 1.00 0.11 0.16 0.58 1.00 0.39 0.77 0.89 1.00 0.20 0.31 0.61 1.00 0.38 0.82 0.87 1.00 0.11 0.21 0.60 1.00 0.09 0.18 0.50 1.00 0.36 0.74 0.83 1.00 1.00 1.00 1.00 1.00 0.17 0.31 0.76 1.00 0.35 0.71 0.80 1.00 0.09 0.18 0.50 1.00 0.36 0.74 0.83 1.00 0.42 0.57 0.85 1.00 0.39 0.88 0.87 1.00 0.15 0.28 0.69 1.00 0.31 0.47 0.94 1.00 0.76 0.83 1.00 1.00 0.42 0.53 0.87 1.00 0.75 0.93 1.00 1.00 1.00 1.00 1.00 1.00 0.78 0.84 1.00 1.00 1.00 1.00 1.00 1.00 0.65 0.81 1.00 1.00 0.56 0.64 0.87 1.00 0.67 0.71 0.82 1.00 0.03 0.10 0.33 1.00 0.28 0.34 0.58 1.00 0.62 0.69 0.92 1.00 0.78 0.84 1.00 1.00 0.75 0.93 1.00 1.00 0.05 0.15 0.50 1.00 0.66 0.70 0.81 1.00 0.07 0.15 0.40 1.00 0.02 0.10 0.36 1.00 1.00 1.00 1.00 1.00 0.98 1.00 1.00 1.00 1.00 1.00 1.00 1.00 1.00 1.00 1.00 1.00 0.05 0.16 0.48 1.00 0.90 0.93 1.00 1.00 0.02 0.10 0.37 1.00 0.67 0.71 0.82 1.00 1.00 1.00 1.00 1.00 1.00 1.00 1.00 1.00 0.91 0.93 1.00 1.00 0.68 0.87 1.00 1.00 0.21 0.34 0.73 1.00 0.08 0.16 0.42 1.00 0.13 0.23 0.56 1.00 0.15 0.25 0.55 1.00 0.14 0.23 0.53 1.00 0.68 0.87 1.00 1.00 0.93 0.95 1.00 1.00 0.21 0.34 0.73 1.00 0.08 0.16 0.42 1.00 1.00 1.00 1.00 1.00 1.00 1.00 1.00 1.00 0.68 0.87 1.00 1.00 0.93 0.95 1.00 1.00 0.02 0.10 0.36 1.00 0.66 0.70 0.81 1.00 0.05 0.15 0.48 1.00 0.33 0.46 0.84 1.00 0.90 0.93 1.00 1.00 0.33 0.46 0.84 1.00 0.98 1.00 1.00 1.00 1.00 1.00 1.00 1.00 1.00 1.00 1.00 1.00 1.00 1.00 1.00 1.00 1.00 1.00 1.00 1.00 1.00 1.00 1.00 1.00 0.15 0.28 0.69 1.00 1.00 1.00 1.00 1.00 0.00 0.06 0.29 1.00 0.91 0.93 1.00 1.00 0.15 0.24 0.54 1.00 0.15 0.25 0.54 1.00 0.14 0.23 0.53 1.00 0.21 0.34 0.73 1.00 0.13 0.23 0.56 1.00 0.00 0.05 0.25 1.00 0.14 0.23 0.53 1.00 0.08 0.16 0.42 1.00 0.15 0.25 0.54 1.00 0.91 0.93 1.00 1.00 0.68 0.87 1.00 1.00 0.14 0.23 0.53 1.00 0.21 0.34 0.73 1.00 0.00 0.06 0.29 1.00 0.91 0.93 1.00 1.00 0.00 0.05 0.25 1.00 0.14 0.23 0.53 1.00 0.76 0.83 1.00 1.00 1.00 1.00 1.00 1.00 0.28 0.34 0.58 1.00 0.78 0.84 1.00 1.00 0.00 0.05 0.25 1.00 1.00 1.00 1.00 1.00 0.00 0.09 0.39 1.00 1.00 1.00 1.00 1.00 0.42 0.53 0.87 1.00 0.76 0.83 1.00 1.00 0.00 0.05 0.25 1.00 1.00 1.00 1.00 1.00 0.07 0.15 0.40 1.00 0.00 0.09 0.39 1.00 1.00 1.00 1.00 1.00 0.78 0.84 1.00 1.00 1.00 1.00 1.00 1.00 0.08 0.16 0.42 1.00 0.05 0.15 0.50 1.00 0.66 0.70 0.81 1.00 0.05 0.15 0.48 1.00 0.33 0.46 0.84 1.00 0.05 0.16 0.48 1.00 0.90 0.93 1.00 1.00 0.33 0.46 0.84 1.00 0.66 0.70 0.81 1.00 1.00 1.00 1.00 1.00 0.93 0.95 1.00 1.00 0.67 0.71 0.82 1.00 0.90 0.93 1.00 1.00 0.65 0.81 1.00 1.00 0.98 1.00 1.00 1.00 0.02 0.10 0.37 1.00 0.67 0.71 0.82 1.00 0.07 0.15 0.41 1.00 0.03 0.10 0.33 1.00 0.00 0.08 0.32 1.00 0.00 0.13 0.51 1.00 0.62 0.69 0.92 1.00 0.03 0.10 0.33 1.00 0.13 0.22 0.51 1.00 0.09 0.18 0.45 1.00 0.62 0.69 0.92 1.00 0.56 0.64 0.87 1.00 0.00 0.15 0.60 1.00 0.62 0.69 0.92 1.00 0.00 0.13 0.51 1.00 0.13 0.22 0.51 1.00 0.28 0.34 0.58 1.00 0.00 0.08 0.30 1.00 0.56 0.64 0.87 1.00 0.56 0.64 0.87 1.00 0.00 0.08 0.30 1.00 0.17 0.27 0.58 1.00 0.17 0.27 0.58 1.00 </float_array>
                    <technique_common>
                        <accessor source="#geom-01A5D799-colors-array" count="532" stride="4">
                            <param name="R" type="float" />
                            <param name="G" type="float" />
                            <param name="B" type="float" />
                            <param name="A" type="float" />
                        </accessor>
                    </technique_common>
                </source>
                <vertices id="geom-01A5D799-vtx">
                    <input semantic="POSITION" source="#geom-01A5D799-pos" />
                </vertices>
                <triangles count="24" material="material-0291C1C8-symbol">
                    <input semantic="VERTEX" source="#geom-01A5D799-vtx" offset="0" />
                    <input semantic="TEXCOORD" source="#geom-01A5D799-texcoord" offset="0" />
                    <input semantic="COLOR" source="#geom-01A5D799-colors" offset="0" />
                    <p>0 1 2 12 0 2 11 0 12 3 4 5 5 4 6 7 8 9 9 8 10 13 9 10 </p>
                </triangles>
            </mesh>
        </geometry>
        <geometry id="geom-02D49469" name="geom-02D49469">
            <mesh>
                <source id="geom-02D49469-pos">
                    <float_array id="geom-02D49469-pos-array" count="1578">2974.81 -300.16 -681.30 2993.73 -302.36 -663.12 2993.55 -281.92 -671.87 2983.87 -284.82 -698.45 2985.84 -284.76 -683.76 3002.00 -277.00 -690.00 2990.00 -302.00 -717.48 3015.61 -301.38 -719.28 2993.33 -320.00 -720.00 3013.33 -320.00 -720.00 3028.98 -297.76 -703.46 3028.10 -299.06 -679.30 3032.85 -320.00 -700.00 2974.92 -300.00 -702.42 2973.33 -320.00 -700.00 2974.81 -300.16 -681.30 2973.33 -320.00 -680.33 3011.70 -298.81 -661.82 3013.33 -320.00 -660.00 2993.33 -320.00 -660.00 3018.71 -282.02 -696.38 3019.73 -278.98 -682.17 2993.55 -281.92 -671.87 3008.83 -279.49 -673.52 3028.98 -297.76 -703.46 3010.45 -281.92 -708.13 3018.71 -282.02 -696.38 2996.40 -281.92 -706.02 3010.45 -281.92 -708.13 2990.00 -302.00 -717.48 2983.87 -284.82 -698.45 3008.83 -279.49 -673.52 3011.70 -298.81 -661.82 2973.33 -320.00 -680.33 2985.84 -284.76 -683.76 3013.33 -320.00 -660.00 3032.85 -320.00 -680.00 2993.33 -320.00 -720.00 3019.73 -278.98 -682.17 3018.71 -282.02 -696.38 3008.83 -279.49 -673.52 2985.84 -284.76 -683.76 2996.40 -281.92 -706.02 2996.40 -281.92 -706.02 3032.85 -320.00 -700.00 2813.30 -300.16 -597.19 2792.62 -302.11 -578.66 2802.68 -284.49 -577.68 2829.65 -285.15 -586.07 2812.57 -285.35 -592.70 2822.00 -277.00 -570.00 2849.48 -302.00 -582.00 2851.28 -301.38 -556.39 2852.00 -320.00 -578.67 2852.00 -320.00 -558.67 2835.46 -297.76 -543.02 2811.13 -298.07 -541.04 2832.00 -320.00 -539.15 2834.42 -300.00 -597.08 2832.00 -320.00 -598.67 2813.30 -300.16 -597.19 2812.33 -320.00 -598.67 2793.82 -298.81 -560.30 2792.00 -320.00 -558.67 2792.00 -320.00 -578.67 2828.38 -282.02 -553.29 2816.02 -280.32 -556.67 2802.68 -284.49 -577.68 2803.99 -282.45 -565.27 2835.46 -297.76 -543.02 2838.19 -281.87 -563.13 2828.38 -282.02 -553.29 2840.18 -281.92 -576.16 2838.19 -281.87 -563.13 2849.48 -302.00 -582.00 2829.65 -285.15 -586.07 2803.99 -282.45 -565.27 2793.82 -298.81 -560.30 2812.33 -320.00 -598.67 2812.57 -285.35 -592.70 2792.00 -320.00 -558.67 2812.00 -320.00 -539.15 2852.00 -320.00 -578.67 2816.02 -280.32 -556.67 2828.38 -282.02 -553.29 2803.99 -282.45 -565.27 2812.57 -285.35 -592.70 2840.18 -281.92 -576.16 2840.18 -281.92 -576.16 2832.00 -320.00 -539.15 2972.00 -237.51 -480.00 2972.00 -320.00 -480.00 2852.00 -239.64 -480.00 2852.00 -320.00 -480.00 3332.00 -320.00 -900.00 3332.00 -240.00 -900.00 3332.00 -320.00 -960.00 3332.00 -240.00 -960.00 2994.00 -120.00 -1440.00 2994.00 -37.00 -1440.00 2968.00 -120.00 -1539.00 2968.00 -21.00 -1539.00 2843.00 -120.00 -1536.00 2903.00 -120.00 -1566.00 2843.00 -19.00 -1539.00 2903.00 -20.00 -1568.00 2968.00 -21.00 -1539.00 2968.00 -120.00 -1539.00 2831.00 -120.00 -1440.00 2843.00 -120.00 -1536.00 2831.00 -25.00 -1440.00 2843.00 -19.00 -1539.00 2994.00 -37.00 -1440.00 2994.00 -120.00 -1440.00 2972.00 -43.88 -1320.00 2972.00 -120.00 -1320.00 2852.00 -120.00 -1320.00 2831.00 -120.00 -1440.00 2841.60 -38.41 -1320.00 2831.00 -25.00 -1440.00 2492.00 -250.00 -780.00 2492.00 -320.00 -780.00 2492.00 -250.00 -810.00 2852.00 -320.00 -720.00 2852.00 -420.00 -720.00 2732.00 -320.00 -720.00 2732.00 -420.00 -720.00 2852.00 -320.00 -840.00 2852.00 -420.00 -840.00 2852.00 -320.00 -720.00 2852.00 -420.00 -720.00 2732.00 -320.00 -840.00 2732.00 -420.00 -840.00 2852.00 -320.00 -840.00 2852.00 -420.00 -840.00 2732.00 -320.00 -840.00 2732.00 -320.00 -720.00 2732.00 -420.00 -840.00 2732.00 -420.00 -720.00 2972.00 -440.00 -1200.00 2972.00 -440.00 -1080.00 2972.00 -560.00 -1200.00 2972.00 -560.00 -1080.00 2972.00 -440.00 -1080.00 3092.00 -440.00 -1080.00 2972.00 -560.00 -1080.00 3092.00 -560.00 -1080.00 2612.00 -440.00 -960.00 2612.00 -440.00 -1080.00 2612.00 -560.00 -960.00 2612.00 -560.00 -1080.00 2492.00 -440.00 -960.00 2612.00 -440.00 -960.00 2492.00 -560.00 -960.00 2612.00 -560.00 -960.00 3212.00 -440.00 -480.00 3212.00 -440.00 -600.00 3212.00 -320.00 -480.00 3212.00 -320.00 -600.00 3212.00 -320.00 -720.00 3212.00 -440.00 -720.00 3332.00 -320.00 -720.00 3332.00 -440.00 -720.00 2612.00 -440.00 -480.00 2612.00 -440.00 -600.00 2612.00 -560.00 -480.00 2612.00 -560.00 -600.00 2612.00 -440.00 -600.00 2492.00 -440.00 -600.00 2612.00 -560.00 -600.00 2492.00 -560.00 -600.00 2972.00 -320.00 -1200.00 2972.00 -320.00 -1320.00 2852.00 -320.00 -1200.00 2852.00 -320.00 -1320.00 3332.00 -320.00 -780.00 3332.00 -320.00 -720.00 3332.00 -240.00 -780.00 3332.00 -240.00 -720.00 3332.00 -320.00 -1080.00 3332.00 -440.00 -1080.00 3212.00 -320.00 -1080.00 3212.00 -440.00 -1080.00 3212.00 -320.00 -1080.00 3212.00 -440.00 -1080.00 3092.00 -320.00 -1080.00 2612.00 -320.00 -1200.00 2612.00 -440.00 -1200.00 2612.00 -320.00 -1080.00 3212.00 -560.00 -720.00 3212.00 -560.00 -600.00 3332.00 -440.00 -1080.00 3212.00 -560.00 -1080.00 3332.00 -560.00 -1080.00 2972.00 -320.00 -1080.00 2972.00 -320.00 -1200.00 2972.00 -440.00 -1200.00 3092.00 -320.00 -1080.00 3092.00 -440.00 -1080.00 2972.00 -320.00 -1080.00 3092.00 -560.00 -1080.00 3212.00 -560.00 -1080.00 2492.00 -250.00 -870.00 2492.00 -250.00 -840.00 2492.00 -320.00 -840.00 2492.00 -250.00 -900.00 2492.00 -320.00 -900.00 2852.00 -320.00 -1320.00 2852.00 -270.91 -1320.00 2852.00 -320.00 -1200.00 2852.00 -250.00 -1200.00 2972.00 -320.00 -1320.00 2972.00 -270.91 -1320.00 2852.00 -320.00 -1320.00 2852.00 -270.91 -1320.00 2972.00 -247.72 -1200.00 2972.00 -270.91 -1320.00 2972.00 -320.00 -1200.00 2972.00 -320.00 -1320.00 3332.00 -240.00 -960.00 3332.00 -240.00 -1080.00 3332.00 -320.00 -960.00 3332.00 -320.00 -1080.00 2612.00 -320.00 -960.00 2492.00 -320.00 -960.00 2492.00 -440.00 -960.00 2612.00 -440.00 -1080.00 2612.00 -440.00 -1200.00 2612.00 -560.00 -1080.00 2612.00 -560.00 -1200.00 2612.00 -320.00 -1080.00 2612.00 -320.00 -960.00 2612.00 -320.00 -600.00 2612.00 -320.00 -480.00 2612.00 -440.00 -480.00 2492.00 -320.00 -600.00 2492.00 -440.00 -600.00 2612.00 -320.00 -600.00 3332.00 -440.00 -720.00 3212.00 -440.00 -720.00 3332.00 -560.00 -720.00 3212.00 -560.00 -720.00 3212.00 -320.00 -600.00 3212.00 -440.00 -600.00 3212.00 -320.00 -720.00 3212.00 -560.00 -480.00 3212.00 -560.00 -600.00 3212.00 -440.00 -480.00 2492.00 -249.01 -720.00 2492.00 -320.00 -720.00 2492.00 -250.00 -780.00 2492.00 -320.00 -780.00 2732.00 -250.00 -1200.00 2732.00 -320.00 -1200.00 2852.00 -250.00 -1200.00 2852.00 -320.00 -1200.00 2612.00 -250.00 -1200.00 2612.00 -320.00 -1200.00 2732.00 -250.00 -1200.00 2732.00 -320.00 -1200.00 3092.00 -234.66 -480.00 3092.00 -320.00 -480.00 2972.00 -237.51 -480.00 2972.00 -320.00 -480.00 2852.00 -239.64 -480.00 2852.00 -320.00 -480.00 2732.00 -241.77 -480.00 2732.00 -320.00 -480.00 2732.00 -241.77 -480.00 2732.00 -320.00 -480.00 2612.00 -243.90 -480.00 2612.00 -320.00 -480.00 3212.00 -233.23 -480.00 3212.00 -320.00 -480.00 3092.00 -234.66 -480.00 3092.00 -320.00 -480.00 2492.00 -320.00 -631.34 2492.00 -248.02 -631.34 2852.00 -182.69 -1320.00 2972.00 -185.00 -1320.00 2912.00 -120.00 -1320.00 2972.00 -120.00 -1320.00 2852.00 -120.00 -1320.00 3332.00 -320.00 -840.00 3332.00 -240.00 -840.00 3332.00 -320.00 -840.00 3332.00 -240.00 -840.00 2742.49 57.51 -781.93 2749.56 106.37 -791.72 2753.74 106.37 -776.50 2742.49 57.51 -781.93 2741.03 106.37 -768.86 2742.49 57.51 -781.93 2730.60 106.37 -777.20 2742.49 57.51 -781.93 2736.80 76.50 -789.14 2755.85 148.68 -801.30 2763.82 234.67 -809.11 2762.40 148.68 -772.59 2773.22 234.67 -769.43 2736.80 76.50 -789.14 2732.93 176.28 -796.21 2729.38 234.67 -802.64 2742.49 57.51 -781.93 2722.00 148.68 -774.39 2711.60 234.67 -774.60 2732.93 176.28 -796.21 2729.38 234.67 -802.64 2742.23 148.68 -760.30 2740.86 234.67 -749.61 2940.50 166.43 -788.16 2934.64 225.48 -786.83 2950.98 166.43 -819.74 2948.37 233.47 -824.50 2965.10 166.43 -767.14 2964.26 230.98 -761.50 2992.32 166.43 -783.81 2997.36 241.11 -781.48 2966.49 20.92 -794.93 2971.77 70.39 -801.96 2974.94 70.39 -790.42 2966.49 20.92 -794.93 2965.31 70.39 -784.63 2966.49 20.92 -794.93 2957.40 70.39 -790.94 2966.49 20.92 -794.93 2960.80 70.39 -802.14 2950.98 166.43 -819.74 2948.37 233.47 -824.50 2984.41 166.43 -817.17 2989.62 245.34 -821.62 2976.37 115.50 -809.08 2981.25 115.50 -787.68 2960.80 70.39 -802.14 2956.93 115.50 -809.21 2966.49 20.92 -794.93 2951.14 115.50 -789.02 2956.93 115.50 -809.21 2966.22 115.50 -778.52 2993.49 64.27 -754.93 2998.77 136.53 -761.96 3001.94 136.53 -750.42 2993.49 64.27 -754.93 2992.31 136.53 -744.63 2993.49 64.27 -754.93 2984.40 136.53 -750.94 2993.49 64.27 -754.93 2987.80 136.53 -762.14 3005.03 185.81 -771.56 3017.09 243.73 -784.66 3010.70 185.81 -746.67 3027.50 243.73 -740.77 2987.80 136.53 -762.14 2982.42 185.81 -771.71 2973.10 243.73 -788.04 2993.49 64.27 -754.93 2975.69 185.81 -748.23 2959.32 243.73 -746.49 2982.42 185.81 -771.71 2973.10 243.73 -788.04 2993.22 185.81 -736.02 2991.69 243.73 -718.84 2900.49 45.15 -988.93 2910.04 124.14 -1002.50 2915.64 124.14 -982.16 2900.49 45.15 -988.93 2898.64 124.14 -971.94 2900.49 45.15 -988.93 2884.70 124.14 -983.08 2900.49 45.15 -988.93 2890.70 124.14 -1002.83 2920.25 177.13 -1017.85 2927.71 241.39 -1023.44 2929.86 177.13 -975.68 2939.71 241.39 -972.83 2890.70 124.14 -1002.83 2881.93 177.13 -1018.10 2877.00 241.39 -1027.33 2900.49 45.15 -988.93 2870.53 177.13 -978.32 2861.11 241.39 -979.43 2881.93 177.13 -1018.10 2877.00 241.39 -1027.33 2900.24 177.13 -957.62 2898.43 241.39 -947.55 2972.00 -320.00 -1080.00 2972.00 -320.00 -1200.00 2852.00 -320.00 -1080.00 2852.00 -320.00 -1200.00 2732.00 -320.00 -840.00 2852.00 -320.00 -840.00 2732.00 -320.00 -960.00 2852.00 -320.00 -960.00 2732.00 -320.00 -720.00 2612.00 -320.00 -720.00 2732.00 -320.00 -600.00 2612.00 -320.00 -600.00 2612.00 -320.00 -960.00 2612.00 -320.00 -840.00 2732.00 -320.00 -960.00 2732.00 -320.00 -840.00 3212.00 -320.00 -600.00 3092.00 -320.00 -600.00 3212.00 -320.00 -480.00 3092.00 -320.00 -480.00 2852.00 -320.00 -840.00 2852.00 -320.00 -720.00 2972.00 -320.00 -840.00 2972.00 -320.00 -720.00 2852.00 -320.00 -480.00 2852.00 -320.00 -600.00 2732.00 -320.00 -480.00 2732.00 -320.00 -600.00 2972.00 -320.00 -960.00 2972.00 -320.00 -840.00 3092.00 -320.00 -960.00 3092.00 -320.00 -840.00 3212.00 -320.00 -840.00 3212.00 -320.00 -720.00 3272.00 -320.00 -840.00 3332.00 -320.00 -780.00 3332.00 -320.00 -720.00 3092.00 -320.00 -840.00 3092.00 -320.00 -720.00 3212.00 -320.00 -840.00 3212.00 -320.00 -720.00 2972.00 -320.00 -840.00 2972.00 -320.00 -720.00 3092.00 -320.00 -840.00 3092.00 -320.00 -720.00 3092.00 -320.00 -480.00 3092.00 -320.00 -600.00 2972.00 -320.00 -480.00 2972.00 -320.00 -600.00 2852.00 -320.00 -600.00 2972.00 -320.00 -600.00 2852.00 -320.00 -720.00 2972.00 -320.00 -720.00 2972.00 -320.00 -960.00 2852.00 -320.00 -960.00 2972.00 -320.00 -840.00 2852.00 -320.00 -840.00 2972.00 -320.00 -1080.00 2972.00 -320.00 -960.00 3092.00 -320.00 -1080.00 3092.00 -320.00 -960.00 3332.00 -320.00 -900.00 3332.00 -320.00 -960.00 3212.00 -320.00 -960.00 3212.00 -320.00 -840.00 3272.00 -320.00 -840.00 3212.00 -320.00 -1080.00 3212.00 -320.00 -960.00 3332.00 -320.00 -1080.00 3332.00 -320.00 -960.00 3092.00 -320.00 -960.00 3092.00 -320.00 -840.00 3212.00 -320.00 -960.00 3212.00 -320.00 -840.00 3092.00 -320.00 -1080.00 3092.00 -320.00 -960.00 3212.00 -320.00 -1080.00 3212.00 -320.00 -960.00 2852.00 -320.00 -1080.00 2972.00 -320.00 -960.00 2612.00 -320.00 -960.00 2732.00 -320.00 -960.00 2612.00 -320.00 -1080.00 2732.00 -320.00 -1080.00 2732.00 -320.00 -1200.00 2732.00 -320.00 -1080.00 2852.00 -320.00 -1200.00 2852.00 -320.00 -1080.00 2612.00 -320.00 -1080.00 2732.00 -320.00 -1080.00 2612.00 -320.00 -1200.00 2732.00 -320.00 -1200.00 2732.00 -320.00 -1080.00 2732.00 -320.00 -960.00 2852.00 -320.00 -960.00 3212.00 -320.00 -720.00 3212.00 -320.00 -600.00 3092.00 -320.00 -600.00 2972.00 -320.00 -480.00 2972.00 -320.00 -600.00 2852.00 -320.00 -480.00 2852.00 -320.00 -600.00 2972.00 -320.00 -600.00 3092.00 -320.00 -600.00 2972.00 -320.00 -720.00 3092.00 -320.00 -720.00 2732.00 -320.00 -600.00 2852.00 -320.00 -600.00 2732.00 -320.00 -720.00 2852.00 -320.00 -720.00 2732.00 -320.00 -480.00 2732.00 -320.00 -600.00 2612.00 -320.00 -480.00 2612.00 -320.00 -600.00 2492.00 -320.00 -900.00 2492.00 -320.00 -840.00 2612.00 -320.00 -840.00 2612.00 -320.00 -600.00 2492.00 -320.00 -631.34 2492.00 -320.00 -600.00 2612.00 -320.00 -840.00 2612.00 -320.00 -720.00 2492.00 -320.00 -780.00 2612.00 -320.00 -840.00 2492.00 -320.00 -840.00 2492.00 -320.00 -960.00 2612.00 -320.00 -960.00 2492.00 -320.00 -720.00 2612.00 -320.00 -720.00 2612.00 -320.00 -720.00 2492.00 -320.00 -720.00 3332.00 -320.00 -840.00 3332.00 -320.00 -840.00 2352.00 -250.00 -870.00 2352.00 -250.00 -810.00 2352.00 -734.81 -1468.01 2352.00 -734.81 -211.99 2352.00 -150.00 -810.00 2352.00 331.24 -211.99 2352.00 -150.00 -870.00 2352.00 331.24 -1468.01 </float_array>
                    <technique_common>
                        <accessor source="#geom-02D49469-pos-array" count="526" stride="3">
                            <param name="X" type="float" />
                            <param name="Y" type="float" />
                            <param name="Z" type="float" />
                        </accessor>
                    </technique_common>
                </source>
                <source id="geom-02D49469-texcoord">
                    <float_array id="geom-02D49469-texcoord-array" count="1052">0.50 0.63 0.63 0.63 0.63 0.75 0.63 0.75 0.75 0.75 0.63 0.88 0.75 0.63 0.63 0.63 0.75 0.50 0.63 0.50 0.75 0.63 0.63 0.63 0.75 0.50 0.63 0.63 0.63 0.50 0.75 0.63 0.75 0.50 0.75 0.63 0.75 0.50 0.63 0.50 0.50 1.00 0.63 1.00 0.75 0.88 0.75 1.00 0.50 0.63 0.63 0.75 0.50 0.75 0.50 0.75 0.50 0.88 0.50 0.63 0.63 0.75 0.50 0.75 0.50 0.63 0.50 0.50 0.75 0.75 0.50 0.50 0.63 0.50 0.50 0.50 0.63 0.75 0.75 0.75 0.75 0.75 0.50 0.75 0.50 0.75 0.75 0.75 0.50 0.50 0.50 0.63 0.63 0.63 0.63 0.75 0.63 0.75 0.75 0.75 0.63 0.88 0.75 0.63 0.63 0.63 0.75 0.50 0.63 0.50 0.75 0.63 0.63 0.63 0.75 0.50 0.63 0.63 0.63 0.50 0.75 0.63 0.75 0.50 0.75 0.63 0.75 0.50 0.63 0.50 0.50 1.00 0.63 1.00 0.75 0.88 0.75 1.00 0.50 0.63 0.63 0.75 0.50 0.75 0.50 0.75 0.50 0.88 0.50 0.63 0.63 0.75 0.50 0.75 0.50 0.63 0.50 0.50 0.75 0.75 0.50 0.50 0.63 0.50 0.50 0.50 0.63 0.75 0.75 0.75 0.75 0.75 0.50 0.75 0.50 0.75 0.75 0.75 0.50 0.50 0.50 0.25 0.50 0.00 1.00 0.25 1.00 0.00 0.75 0.25 0.75 0.50 0.50 0.25 0.50 0.50 1.00 0.00 1.00 0.25 0.50 0.00 0.50 0.25 0.50 0.00 0.75 0.00 0.50 0.25 0.75 0.25 1.00 0.25 1.00 0.00 0.50 0.00 1.00 0.00 0.50 0.25 1.00 0.25 0.50 0.25 0.50 0.00 1.00 0.25 1.00 0.00 0.50 0.00 1.00 0.00 0.50 0.25 1.00 0.25 0.50 0.50 0.50 0.25 0.63 0.50 0.00 0.50 0.00 0.00 0.50 0.50 0.50 0.00 0.00 0.50 0.00 0.00 0.50 0.50 0.50 0.00 0.00 0.50 0.00 0.00 0.50 0.50 0.50 0.00 0.50 0.50 0.00 0.50 0.50 0.00 0.00 0.00 0.00 0.00 0.50 0.00 0.00 0.50 0.50 0.50 0.00 0.00 0.50 0.00 0.00 0.50 0.50 0.50 0.00 0.00 0.50 0.00 0.00 0.50 0.50 0.50 0.00 0.00 0.50 0.00 0.00 0.50 0.50 0.50 0.00 0.00 0.50 0.00 0.00 0.50 0.50 0.50 0.00 0.50 0.00 0.00 0.50 0.50 0.50 0.00 0.00 0.00 0.50 0.00 0.00 0.50 0.50 0.50 0.00 0.00 0.50 0.00 0.00 0.50 0.50 0.50 0.50 0.50 0.50 1.00 0.00 0.50 0.00 1.00 0.75 0.25 1.00 0.25 0.75 0.50 1.00 0.50 0.00 0.50 0.00 0.00 0.50 0.50 0.50 0.00 0.00 0.50 0.00 0.00 0.50 0.50 0.00 0.50 0.00 0.00 0.50 0.50 0.00 0.50 0.50 0.50 0.50 0.00 0.00 0.50 0.50 0.50 0.00 0.50 0.50 0.50 0.50 0.00 0.00 0.50 0.00 0.00 0.50 0.50 0.00 0.50 0.50 0.50 0.88 0.50 0.75 0.50 0.75 0.25 1.00 0.50 1.00 0.25 1.00 0.00 1.00 0.25 0.50 0.00 0.50 0.25 1.00 0.00 1.00 0.25 0.50 0.00 0.50 0.25 1.00 0.25 0.50 0.25 1.00 0.00 0.50 0.00 1.00 0.25 0.50 0.25 1.00 0.00 0.50 0.00 0.00 0.50 0.50 0.50 0.50 0.00 0.00 0.00 0.50 0.00 0.00 0.50 0.50 0.50 0.00 0.50 0.50 0.50 0.00 0.50 0.50 0.50 0.50 0.00 0.00 0.50 0.00 0.00 0.50 0.50 0.00 0.00 0.50 0.00 0.00 0.50 0.50 0.50 0.00 0.50 0.00 0.00 0.50 0.50 0.50 0.50 0.00 0.50 0.50 0.00 0.81 0.25 0.81 0.00 1.00 0.25 1.00 0.00 0.50 0.25 0.50 0.00 1.00 0.25 1.00 0.00 0.50 0.25 0.50 0.00 1.00 0.25 1.00 0.00 0.50 0.25 0.50 0.00 1.00 0.25 1.00 0.00 0.50 0.25 0.50 0.00 1.00 0.25 1.00 0.00 0.50 0.25 0.50 0.00 1.00 0.25 1.00 0.00 0.50 0.25 0.50 0.00 1.00 0.25 1.00 0.00 0.50 0.00 0.50 0.25 0.50 0.25 1.00 0.25 0.75 0.50 1.00 0.50 0.50 0.50 0.50 0.25 0.50 0.50 1.00 0.25 1.00 0.50 0.92 0.50 0.95 0.63 0.90 0.63 0.88 0.50 0.84 0.63 0.82 0.50 0.80 0.63 0.77 0.52 0.75 0.63 0.95 0.75 0.95 0.88 0.90 0.75 0.90 0.88 1.00 0.63 1.00 0.75 1.00 0.88 0.97 0.50 0.80 0.75 0.80 0.88 0.75 0.75 0.75 0.88 0.84 0.75 0.84 0.88 0.80 0.88 0.80 0.99 0.75 0.88 0.75 0.99 0.84 0.88 0.84 0.99 0.90 0.88 0.90 1.00 0.92 0.50 0.95 0.63 0.90 0.63 0.88 0.50 0.84 0.63 0.82 0.50 0.80 0.63 0.77 0.52 0.75 0.63 1.00 0.88 1.00 0.99 0.95 0.88 0.95 1.00 0.95 0.75 0.90 0.75 1.00 0.63 1.00 0.75 0.97 0.50 0.80 0.75 0.75 0.75 0.84 0.75 0.92 0.50 0.95 0.63 0.90 0.63 0.88 0.50 0.84 0.63 0.82 0.50 0.80 0.63 0.77 0.52 0.75 0.63 0.95 0.75 0.95 0.88 0.90 0.75 0.90 0.88 1.00 0.63 1.00 0.75 1.00 0.88 0.97 0.50 0.80 0.75 0.80 0.88 0.75 0.75 0.75 0.88 0.84 0.75 0.84 0.88 0.92 0.50 0.95 0.63 0.90 0.63 0.88 0.50 0.84 0.63 0.82 0.50 0.80 0.63 0.77 0.52 0.75 0.63 0.95 0.75 0.95 0.88 0.90 0.75 0.90 0.88 1.00 0.63 1.00 0.75 1.00 0.88 0.97 0.50 0.80 0.75 0.80 0.88 0.75 0.75 0.75 0.88 0.84 0.75 0.84 0.88 0.50 0.50 0.00 0.50 0.50 0.00 0.00 0.00 0.50 1.00 0.00 1.00 0.50 0.50 0.00 0.50 0.50 0.50 0.00 0.50 0.50 0.00 0.00 0.00 0.50 0.50 0.00 0.50 0.50 0.00 0.00 0.00 0.50 1.00 0.50 0.50 1.00 1.00 1.00 0.50 0.50 1.00 0.00 1.00 0.50 0.50 0.00 0.50 1.00 0.50 0.50 0.50 1.00 0.00 0.50 0.00 0.50 1.00 0.00 1.00 0.50 0.50 0.00 0.50 0.50 0.50 0.50 0.00 0.75 0.50 1.00 0.25 1.00 0.00 0.50 1.00 0.00 1.00 0.50 0.50 0.00 0.50 0.50 0.50 0.00 0.50 0.50 0.00 0.00 0.00 1.00 0.50 0.50 0.50 1.00 0.00 0.50 0.00 0.50 0.50 0.00 0.50 0.50 0.00 0.00 0.00 0.50 0.50 0.00 0.50 0.50 0.00 0.00 0.00 0.50 1.00 0.00 1.00 0.50 0.50 0.00 0.50 1.00 0.75 1.00 1.00 0.50 1.00 0.50 0.50 0.75 0.50 0.50 1.00 0.50 0.50 1.00 1.00 1.00 0.50 0.50 0.50 0.00 0.50 0.50 0.00 0.00 0.00 0.50 1.00 0.00 1.00 0.50 0.50 0.00 0.50 0.00 1.00 0.50 0.50 0.50 1.00 0.00 1.00 0.50 0.50 0.00 0.50 1.00 1.00 0.50 1.00 1.00 0.50 0.50 0.50 0.50 1.00 0.50 0.50 1.00 1.00 1.00 0.50 0.50 0.50 0.00 0.50 0.00 0.00 0.50 1.00 0.50 0.50 0.00 0.50 1.00 1.00 0.50 1.00 1.00 0.50 0.50 0.50 0.50 1.00 0.00 1.00 0.50 0.50 0.00 0.50 0.50 1.00 0.00 1.00 0.50 0.50 0.00 0.50 1.00 1.00 0.50 1.00 1.00 0.50 0.50 0.50 1.00 0.75 1.00 1.00 0.50 1.00 0.50 1.00 1.00 0.88 1.00 1.00 0.00 1.00 0.00 0.50 1.00 0.25 0.50 0.00 1.00 0.00 1.00 0.50 0.50 0.50 1.00 0.50 0.50 0.50 0.50 0.50 1.00 0.50 1.00 0.50 1.00 0.50 0.52 0.46 0.47 0.46 1.00 0.08 0.00 0.08 0.47 0.54 0.00 0.92 0.52 0.54 1.00 0.92 </float_array>
                    <technique_common>
                        <accessor source="#geom-02D49469-texcoord-array" count="526" stride="2">
                            <param name="S" type="float" />
                            <param name="T" type="float" />
                        </accessor>
                    </technique_common>
                </source>
                <source id="geom-02D49469-colors">
                    <float_array id="geom-02D49469-colors-array" count="2072">0.71 0.78 1.00 1.00 0.22 0.31 0.60 1.00 0.65 0.73 0.96 1.00 0.76 0.87 0.97 1.00 0.76 0.87 0.97 1.00 1.00 1.00 1.00 1.00 0.76 0.87 0.97 1.00 0.78 0.84 1.00 1.00 0.80 0.85 1.00 1.00 0.37 0.46 0.73 1.00 0.30 0.39 0.66 1.00 0.22 0.31 0.60 1.00 0.22 0.31 0.60 1.00 0.76 0.87 0.97 1.00 0.73 0.80 1.00 1.00 0.71 0.78 1.00 1.00 0.33 0.41 0.68 1.00 0.22 0.31 0.60 1.00 0.22 0.31 0.60 1.00 0.22 0.31 0.60 1.00 0.76 0.82 1.00 1.00 0.61 0.69 0.92 1.00 0.65 0.73 0.96 1.00 0.35 0.44 0.71 1.00 0.30 0.39 0.66 1.00 0.76 0.87 0.97 1.00 0.76 0.82 1.00 1.00 0.76 0.87 0.97 1.00 0.76 0.87 0.97 1.00 0.76 0.87 0.97 1.00 0.76 0.87 0.97 1.00 0.35 0.44 0.71 1.00 0.22 0.31 0.60 1.00 0.33 0.41 0.68 1.00 0.76 0.87 0.97 1.00 0.22 0.31 0.60 1.00 0.22 0.31 0.60 1.00 0.80 0.85 1.00 1.00 0.61 0.69 0.92 1.00 0.76 0.82 1.00 1.00 0.35 0.44 0.71 1.00 0.76 0.87 0.97 1.00 0.76 0.87 0.97 1.00 0.76 0.87 0.97 1.00 0.22 0.31 0.60 1.00 0.78 0.84 1.00 1.00 0.33 0.42 0.69 1.00 0.54 0.62 0.86 1.00 1.00 1.00 1.00 1.00 0.88 0.92 1.00 1.00 0.73 0.80 1.00 1.00 0.76 0.82 1.00 1.00 0.27 0.36 0.64 1.00 0.60 0.67 0.91 1.00 0.22 0.31 0.60 1.00 0.22 0.31 0.60 1.00 0.22 0.31 0.60 1.00 0.22 0.31 0.60 1.00 0.94 0.96 1.00 1.00 0.78 0.83 1.00 1.00 0.78 0.84 1.00 1.00 0.71 0.78 1.00 1.00 0.22 0.31 0.60 1.00 0.22 0.31 0.60 1.00 0.22 0.31 0.60 1.00 0.25 0.34 0.62 1.00 0.26 0.35 0.64 1.00 0.54 0.62 0.86 1.00 0.28 0.37 0.65 1.00 0.22 0.31 0.60 1.00 0.52 0.60 0.84 1.00 0.25 0.34 0.62 1.00 0.81 0.86 1.00 1.00 0.52 0.60 0.84 1.00 0.76 0.82 1.00 1.00 1.00 1.00 1.00 1.00 0.28 0.37 0.65 1.00 0.22 0.31 0.60 1.00 0.71 0.78 1.00 1.00 0.88 0.92 1.00 1.00 0.22 0.31 0.60 1.00 0.22 0.31 0.60 1.00 0.60 0.67 0.91 1.00 0.26 0.35 0.64 1.00 0.25 0.34 0.62 1.00 0.28 0.37 0.65 1.00 0.88 0.92 1.00 1.00 0.81 0.86 1.00 1.00 0.81 0.86 1.00 1.00 0.22 0.31 0.60 1.00 0.31 0.44 0.80 1.00 0.05 0.15 0.48 1.00 0.31 0.44 0.81 1.00 0.05 0.16 0.48 1.00 0.15 0.24 0.54 1.00 0.41 0.68 1.00 1.00 0.15 0.25 0.54 1.00 0.22 0.35 0.74 1.00 0.02 0.24 0.93 1.00 0.04 0.29 1.00 1.00 0.05 0.18 0.60 1.00 0.06 0.19 0.63 1.00 0.04 0.17 0.56 1.00 0.04 0.11 0.34 1.00 0.05 0.18 0.58 1.00 0.04 0.11 0.34 1.00 0.06 0.19 0.63 1.00 0.05 0.18 0.60 1.00 0.01 0.19 0.76 1.00 0.04 0.17 0.56 1.00 0.04 0.22 0.87 1.00 0.05 0.18 0.58 1.00 0.04 0.29 1.00 1.00 0.02 0.24 0.93 1.00 0.00 0.13 0.55 1.00 0.16 0.31 0.85 1.00 0.18 0.34 0.90 1.00 0.01 0.19 0.76 1.00 0.01 0.13 0.56 1.00 0.04 0.22 0.87 1.00 0.29 0.46 0.95 1.00 0.00 0.15 0.60 1.00 0.42 0.65 1.00 1.00 0.98 1.00 1.00 1.00 0.23 0.34 0.68 1.00 0.65 0.81 1.00 1.00 0.29 0.42 0.78 1.00 1.00 1.00 1.00 1.00 0.19 0.29 0.61 1.00 0.98 1.00 1.00 1.00 0.23 0.34 0.68 1.00 0.75 0.93 1.00 1.00 0.27 0.40 0.75 1.00 1.00 1.00 1.00 1.00 0.19 0.29 0.61 1.00 0.75 0.93 1.00 1.00 0.65 0.81 1.00 1.00 0.27 0.40 0.75 1.00 0.29 0.42 0.78 1.00 0.05 0.12 0.36 1.00 0.00 0.05 0.25 1.00 0.00 0.00 0.00 1.00 0.00 0.00 0.00 1.00 0.00 0.05 0.25 1.00 0.00 0.05 0.25 1.00 0.00 0.00 0.00 1.00 0.00 0.00 0.00 1.00 0.00 0.05 0.25 1.00 0.00 0.05 0.25 1.00 0.00 0.00 0.00 1.00 0.00 0.00 0.00 1.00 0.03 0.10 0.33 1.00 0.00 0.05 0.25 1.00 0.00 0.00 0.00 1.00 0.00 0.00 0.00 1.00 0.00 0.06 0.26 1.00 0.00 0.05 0.25 1.00 0.07 0.15 0.40 1.00 0.05 0.15 0.50 1.00 0.08 0.16 0.42 1.00 0.00 0.05 0.25 1.00 0.14 0.23 0.53 1.00 0.04 0.11 0.34 1.00 0.00 0.06 0.26 1.00 0.00 0.05 0.25 1.00 0.00 0.00 0.00 1.00 0.00 0.00 0.00 1.00 0.00 0.05 0.25 1.00 0.02 0.08 0.29 1.00 0.00 0.00 0.00 1.00 0.00 0.00 0.00 1.00 0.31 0.47 0.94 1.00 0.10 0.19 0.46 1.00 0.42 0.53 0.87 1.00 0.10 0.19 0.45 1.00 0.15 0.25 0.55 1.00 0.14 0.23 0.53 1.00 0.42 0.69 1.00 1.00 0.24 0.36 0.75 1.00 0.08 0.16 0.42 1.00 0.01 0.07 0.29 1.00 0.00 0.05 0.25 1.00 0.00 0.05 0.25 1.00 0.00 0.05 0.25 1.00 0.00 0.05 0.25 1.00 0.00 0.06 0.29 1.00 0.07 0.15 0.40 1.00 0.00 0.07 0.27 1.00 0.00 0.05 0.25 1.00 0.00 0.00 0.00 1.00 0.00 0.00 0.00 1.00 0.01 0.07 0.29 1.00 0.00 0.00 0.00 1.00 0.00 0.00 0.00 1.00 0.15 0.28 0.69 1.00 0.31 0.47 0.94 1.00 0.05 0.12 0.36 1.00 0.00 0.06 0.29 1.00 0.00 0.05 0.25 1.00 0.15 0.28 0.69 1.00 0.00 0.00 0.00 1.00 0.00 0.00 0.00 1.00 0.42 0.62 1.00 1.00 0.45 0.70 1.00 1.00 0.00 0.13 0.51 1.00 0.31 0.47 0.96 1.00 0.00 0.08 0.32 1.00 0.10 0.19 0.45 1.00 0.11 0.21 0.53 1.00 0.42 0.53 0.87 1.00 0.44 0.55 0.91 1.00 0.10 0.19 0.46 1.00 0.11 0.21 0.53 1.00 0.10 0.19 0.45 1.00 0.11 0.21 0.53 1.00 0.23 0.38 0.84 1.00 0.11 0.21 0.53 1.00 0.31 0.47 0.94 1.00 0.10 0.19 0.46 1.00 0.22 0.35 0.74 1.00 0.11 0.21 0.49 1.00 0.15 0.25 0.54 1.00 0.08 0.16 0.42 1.00 0.28 0.34 0.58 1.00 0.13 0.22 0.51 1.00 0.03 0.10 0.33 1.00 0.00 0.05 0.25 1.00 0.00 0.07 0.27 1.00 0.00 0.00 0.00 1.00 0.00 0.00 0.00 1.00 0.00 0.05 0.25 1.00 0.28 0.34 0.58 1.00 0.03 0.10 0.33 1.00 0.07 0.15 0.41 1.00 0.00 0.06 0.26 1.00 0.09 0.18 0.45 1.00 0.02 0.08 0.29 1.00 0.03 0.10 0.33 1.00 0.04 0.11 0.34 1.00 0.00 0.05 0.25 1.00 0.00 0.00 0.00 1.00 0.00 0.00 0.00 1.00 0.05 0.15 0.50 1.00 0.00 0.05 0.25 1.00 0.08 0.16 0.42 1.00 0.00 0.00 0.00 1.00 0.00 0.00 0.00 1.00 0.00 0.06 0.26 1.00 0.18 0.29 0.60 1.00 0.00 0.08 0.30 1.00 0.29 0.46 0.95 1.00 0.00 0.15 0.60 1.00 0.21 0.32 0.67 1.00 0.00 0.09 0.39 1.00 0.44 0.55 0.91 1.00 0.42 0.53 0.87 1.00 0.11 0.20 0.47 1.00 0.07 0.15 0.40 1.00 0.21 0.32 0.67 1.00 0.00 0.09 0.39 1.00 0.21 0.32 0.64 1.00 0.02 0.10 0.36 1.00 0.31 0.44 0.80 1.00 0.05 0.15 0.48 1.00 0.31 0.44 0.81 1.00 0.05 0.16 0.48 1.00 0.21 0.32 0.65 1.00 0.02 0.10 0.37 1.00 0.21 0.32 0.65 1.00 0.02 0.10 0.37 1.00 0.11 0.21 0.49 1.00 0.07 0.15 0.41 1.00 0.11 0.21 0.49 1.00 0.07 0.15 0.40 1.00 0.21 0.32 0.64 1.00 0.02 0.10 0.36 1.00 0.13 0.22 0.51 1.00 0.14 0.24 0.54 1.00 0.13 0.25 0.58 1.00 0.13 0.25 0.59 1.00 0.45 0.51 0.70 1.00 0.16 0.31 0.85 1.00 0.18 0.34 0.90 1.00 0.17 0.27 0.58 1.00 0.52 0.80 1.00 1.00 0.17 0.27 0.58 1.00 0.52 0.80 1.00 1.00 0.90 1.00 1.00 1.00 1.00 1.00 1.00 1.00 0.67 0.77 1.00 1.00 0.90 1.00 1.00 1.00 0.11 0.21 0.60 1.00 0.90 1.00 1.00 1.00 0.08 0.16 0.45 1.00 0.90 1.00 1.00 1.00 0.11 0.21 0.60 1.00 0.28 0.38 0.92 1.00 0.44 0.95 1.00 1.00 0.42 0.57 0.85 1.00 0.41 0.91 0.93 1.00 0.11 0.21 0.60 1.00 0.09 0.18 0.50 1.00 0.36 0.74 0.83 1.00 0.90 1.00 1.00 1.00 0.11 0.17 0.58 1.00 0.35 0.72 0.80 1.00 0.09 0.18 0.50 1.00 0.36 0.74 0.83 1.00 0.09 0.18 0.50 1.00 0.35 0.72 0.80 1.00 0.09 0.26 0.52 1.00 0.37 0.80 0.84 1.00 0.12 0.27 0.58 1.00 0.37 0.81 0.84 1.00 0.08 0.15 0.43 1.00 0.35 0.74 0.81 1.00 0.08 0.15 0.46 1.00 0.35 0.69 0.78 1.00 1.00 1.00 1.00 1.00 0.28 0.45 0.93 1.00 0.12 0.23 0.64 1.00 1.00 1.00 1.00 1.00 0.11 0.21 0.60 1.00 1.00 1.00 1.00 1.00 0.74 1.00 1.00 1.00 1.00 1.00 1.00 1.00 1.00 1.00 1.00 1.00 0.12 0.27 0.58 1.00 0.37 0.81 0.84 1.00 0.09 0.15 0.52 1.00 0.35 0.69 0.78 1.00 0.18 0.27 0.76 1.00 0.09 0.18 0.52 1.00 1.00 1.00 1.00 1.00 0.53 0.69 0.98 1.00 1.00 1.00 1.00 1.00 0.27 0.48 1.00 1.00 0.53 0.69 0.98 1.00 0.09 0.18 0.50 1.00 1.00 1.00 1.00 1.00 0.36 0.52 0.99 1.00 0.11 0.22 0.62 1.00 1.00 1.00 1.00 1.00 0.11 0.21 0.60 1.00 1.00 1.00 1.00 1.00 0.33 0.50 1.00 1.00 1.00 1.00 1.00 1.00 0.67 0.77 1.00 1.00 0.20 0.27 0.75 1.00 0.40 0.82 0.92 1.00 0.09 0.18 0.50 1.00 0.36 0.74 0.83 1.00 0.67 0.77 1.00 1.00 0.38 0.53 0.82 1.00 0.44 0.93 0.95 1.00 1.00 1.00 1.00 1.00 0.20 0.35 0.81 1.00 0.38 0.86 0.87 1.00 0.38 0.53 0.82 1.00 0.44 0.93 0.95 1.00 0.09 0.18 0.50 1.00 0.35 0.72 0.80 1.00 1.00 1.00 1.00 1.00 0.13 0.25 0.69 1.00 0.55 0.66 1.00 1.00 1.00 1.00 1.00 1.00 0.83 0.91 1.00 1.00 1.00 1.00 1.00 1.00 0.29 0.45 1.00 1.00 1.00 1.00 1.00 1.00 0.11 0.21 0.60 1.00 0.11 0.16 0.58 1.00 0.39 0.77 0.89 1.00 0.20 0.31 0.61 1.00 0.38 0.82 0.87 1.00 0.11 0.21 0.60 1.00 0.09 0.18 0.50 1.00 0.36 0.74 0.83 1.00 1.00 1.00 1.00 1.00 0.17 0.31 0.76 1.00 0.35 0.71 0.80 1.00 0.09 0.18 0.50 1.00 0.36 0.74 0.83 1.00 0.42 0.57 0.85 1.00 0.39 0.88 0.87 1.00 0.15 0.28 0.69 1.00 0.31 0.47 0.94 1.00 0.76 0.83 1.00 1.00 0.42 0.53 0.87 1.00 0.75 0.93 1.00 1.00 1.00 1.00 1.00 1.00 0.78 0.84 1.00 1.00 1.00 1.00 1.00 1.00 0.65 0.81 1.00 1.00 0.56 0.64 0.87 1.00 0.67 0.71 0.82 1.00 0.03 0.10 0.33 1.00 0.28 0.34 0.58 1.00 0.62 0.69 0.92 1.00 0.78 0.84 1.00 1.00 0.75 0.93 1.00 1.00 0.05 0.15 0.50 1.00 0.66 0.70 0.81 1.00 0.07 0.15 0.40 1.00 0.02 0.10 0.36 1.00 1.00 1.00 1.00 1.00 0.98 1.00 1.00 1.00 1.00 1.00 1.00 1.00 1.00 1.00 1.00 1.00 0.05 0.16 0.48 1.00 0.90 0.93 1.00 1.00 0.02 0.10 0.37 1.00 0.67 0.71 0.82 1.00 1.00 1.00 1.00 1.00 1.00 1.00 1.00 1.00 0.91 0.93 1.00 1.00 0.68 0.87 1.00 1.00 0.21 0.34 0.73 1.00 0.08 0.16 0.42 1.00 0.13 0.23 0.56 1.00 0.15 0.25 0.55 1.00 0.14 0.23 0.53 1.00 0.68 0.87 1.00 1.00 0.93 0.95 1.00 1.00 0.21 0.34 0.73 1.00 0.08 0.16 0.42 1.00 1.00 1.00 1.00 1.00 1.00 1.00 1.00 1.00 0.68 0.87 1.00 1.00 0.93 0.95 1.00 1.00 0.02 0.10 0.36 1.00 0.66 0.70 0.81 1.00 0.05 0.15 0.48 1.00 0.33 0.46 0.84 1.00 0.90 0.93 1.00 1.00 0.33 0.46 0.84 1.00 0.98 1.00 1.00 1.00 1.00 1.00 1.00 1.00 1.00 1.00 1.00 1.00 1.00 1.00 1.00 1.00 1.00 1.00 1.00 1.00 1.00 1.00 1.00 1.00 0.15 0.28 0.69 1.00 1.00 1.00 1.00 1.00 0.00 0.06 0.29 1.00 0.91 0.93 1.00 1.00 0.15 0.24 0.54 1.00 0.15 0.25 0.54 1.00 0.14 0.23 0.53 1.00 0.21 0.34 0.73 1.00 0.13 0.23 0.56 1.00 0.00 0.05 0.25 1.00 0.14 0.23 0.53 1.00 0.08 0.16 0.42 1.00 0.15 0.25 0.54 1.00 0.91 0.93 1.00 1.00 0.68 0.87 1.00 1.00 0.14 0.23 0.53 1.00 0.21 0.34 0.73 1.00 0.00 0.06 0.29 1.00 0.91 0.93 1.00 1.00 0.00 0.05 0.25 1.00 0.14 0.23 0.53 1.00 0.76 0.83 1.00 1.00 1.00 1.00 1.00 1.00 0.28 0.34 0.58 1.00 0.78 0.84 1.00 1.00 0.00 0.05 0.25 1.00 1.00 1.00 1.00 1.00 0.00 0.09 0.39 1.00 1.00 1.00 1.00 1.00 0.42 0.53 0.87 1.00 0.76 0.83 1.00 1.00 0.00 0.05 0.25 1.00 1.00 1.00 1.00 1.00 0.07 0.15 0.40 1.00 0.00 0.09 0.39 1.00 1.00 1.00 1.00 1.00 0.78 0.84 1.00 1.00 1.00 1.00 1.00 1.00 0.08 0.16 0.42 1.00 0.05 0.15 0.50 1.00 0.66 0.70 0.81 1.00 0.05 0.15 0.48 1.00 0.33 0.46 0.84 1.00 0.05 0.16 0.48 1.00 0.90 0.93 1.00 1.00 0.33 0.46 0.84 1.00 0.66 0.70 0.81 1.00 1.00 1.00 1.00 1.00 0.93 0.95 1.00 1.00 0.67 0.71 0.82 1.00 0.90 0.93 1.00 1.00 0.65 0.81 1.00 1.00 0.98 1.00 1.00 1.00 0.02 0.10 0.37 1.00 0.67 0.71 0.82 1.00 0.07 0.15 0.41 1.00 0.03 0.10 0.33 1.00 0.00 0.08 0.32 1.00 0.00 0.13 0.51 1.00 0.62 0.69 0.92 1.00 0.03 0.10 0.33 1.00 0.13 0.22 0.51 1.00 0.09 0.18 0.45 1.00 0.62 0.69 0.92 1.00 0.56 0.64 0.87 1.00 0.00 0.15 0.60 1.00 0.62 0.69 0.92 1.00 0.00 0.13 0.51 1.00 0.13 0.22 0.51 1.00 0.28 0.34 0.58 1.00 0.00 0.08 0.30 1.00 0.56 0.64 0.87 1.00 0.56 0.64 0.87 1.00 0.00 0.08 0.30 1.00 0.17 0.27 0.58 1.00 0.17 0.27 0.58 1.00 </float_array>
                    <technique_common>
                        <accessor source="#geom-02D49469-colors-array" count="518" stride="4">
                            <param name="R" type="float" />
                            <param name="G" type="float" />
                            <param name="B" type="float" />
                            <param name="A" type="float" />
                        </accessor>
                    </technique_common>
                </source>
                <vertices id="geom-02D49469-vtx">
                    <input semantic="POSITION" source="#geom-02D49469-pos" />
                </vertices>
                <triangles count="909" material="material-034DDFBB-symbol">
                    <input semantic="VERTEX" source="#geom-02D49469-vtx" offset="0" />
                    <input semantic="TEXCOORD" source="#geom-02D49469-texcoord" offset="0" />
                    <input semantic="COLOR" source="#geom-02D49469-colors" offset="0" />
                    <p>0 1 2 33 1 0 19 1 33 18 1 19 17 1 18 2 1 17 2 17 40 0 2 41 3 4 5 27 3 5 27 5 28 20 28 5 20 5 21 21 5 23 23 5 22 5 4 22 6 7 8 6 25 7 43 25 6 24 25 26 24 7 25 9 7 24 8 7 9 9 24 44 10 11 12 39 11 10 38 11 39 31 11 38 31 32 11 35 11 32 35 36 11 12 11 36 13 14 15 29 14 13 29 13 30 29 30 42 37 14 29 15 14 16 30 15 34 30 13 15 45 46 47 78 46 45 64 46 78 63 46 64 62 46 63 47 46 62 47 62 85 45 47 86 48 49 50 72 48 50 72 50 73 65 73 50 65 50 66 66 50 68 68 50 67 50 49 67 51 52 53 51 70 52 88 70 51 69 70 71 69 52 70 54 52 69 53 52 54 54 69 89 55 56 57 84 56 55 83 56 84 76 56 83 76 77 56 80 56 77 80 81 56 57 56 81 58 59 60 74 59 58 74 58 75 74 75 87 82 59 74 60 59 61 75 60 79 75 58 60 90 91 92 92 91 93 94 95 96 94 286 95 285 286 94 96 95 97 98 99 100 100 99 101 102 103 104 104 103 105 105 103 106 106 103 107 108 109 110 110 109 111 112 113 114 114 113 115 116 117 118 118 117 119 120 121 122 122 121 204 122 204 203 202 203 204 206 202 204 205 202 206 123 124 125 125 124 126 127 128 129 129 128 130 131 132 133 133 132 134 135 136 137 137 136 138 139 140 141 141 140 142 199 198 140 197 198 199 198 182 200 200 182 201 181 180 182 179 180 181 143 144 145 145 144 146 185 184 144 183 184 185 184 191 192 192 191 193 147 148 149 149 148 150 188 187 148 186 187 188 151 152 153 153 152 154 231 226 152 230 226 231 226 227 228 228 227 229 155 156 157 157 156 158 160 156 189 189 156 190 159 160 161 161 160 162 163 164 165 165 164 166 237 236 164 235 236 237 167 168 169 169 168 170 171 172 173 173 172 174 175 176 177 284 175 177 283 175 284 177 176 178 194 143 195 195 143 196 207 208 209 209 208 210 211 212 213 213 212 214 215 216 217 217 216 218 219 220 221 221 220 222 223 147 224 224 147 225 232 167 233 233 167 234 238 239 240 240 239 241 244 243 239 242 243 244 247 246 243 245 246 247 248 249 250 249 248 276 276 248 277 250 249 251 252 253 254 254 253 255 256 257 258 258 257 259 260 261 262 262 261 263 264 265 266 266 265 267 268 269 270 270 269 271 272 273 274 274 273 275 278 279 280 278 280 282 279 281 280 287 288 289 289 288 298 308 289 298 308 298 309 308 309 304 304 291 308 293 291 304 292 291 293 290 289 291 291 289 308 294 293 295 293 304 295 295 304 306 304 305 306 304 309 305 309 298 299 298 297 299 296 297 298 296 302 297 301 302 296 288 301 296 300 301 288 303 300 288 298 288 296 306 305 307 310 311 312 310 314 311 336 314 310 336 310 337 326 336 337 324 336 326 325 324 326 323 322 324 324 322 336 336 322 338 338 314 336 338 332 314 338 320 332 322 320 338 321 320 322 318 319 320 320 319 332 332 319 331 331 329 332 331 327 329 334 327 331 319 334 331 333 334 319 335 333 319 312 311 313 337 310 312 311 314 315 314 316 315 314 332 316 332 329 316 316 329 317 315 316 317 317 329 330 329 328 330 327 328 329 339 340 341 341 340 350 360 341 350 360 350 361 360 361 356 356 343 360 345 343 356 344 343 345 342 341 343 343 341 360 346 345 347 345 356 347 347 356 358 356 357 358 356 361 357 361 350 351 350 349 351 348 349 350 348 354 349 353 354 348 340 353 348 352 353 340 355 352 340 350 340 348 358 357 359 362 363 364 364 363 373 383 364 373 383 373 384 383 384 379 379 366 383 368 366 379 367 366 368 365 364 366 366 364 383 369 368 370 368 379 370 370 379 381 379 380 381 379 384 380 384 373 374 373 372 374 371 372 373 371 377 372 376 377 371 363 376 371 375 376 363 378 375 363 373 363 371 381 380 382 </p>
                </triangles>
            </mesh>
        </geometry>
        <geometry id="geom-017937B6" name="geom-017937B6">
            <mesh>
                <source id="geom-017937B6-pos">
                    <float_array id="geom-017937B6-pos-array" count="423">2972.00 -320.00 -1080.00 2972.00 -320.00 -1200.00 2852.00 -320.00 -1080.00 2852.00 -320.00 -1200.00 2732.00 -320.00 -840.00 2852.00 -320.00 -840.00 2732.00 -320.00 -960.00 2852.00 -320.00 -960.00 2732.00 -320.00 -720.00 2612.00 -320.00 -720.00 2732.00 -320.00 -600.00 2612.00 -320.00 -600.00 2612.00 -320.00 -960.00 2612.00 -320.00 -840.00 2732.00 -320.00 -960.00 2732.00 -320.00 -840.00 3212.00 -320.00 -600.00 3092.00 -320.00 -600.00 3212.00 -320.00 -480.00 3092.00 -320.00 -480.00 2852.00 -320.00 -840.00 2852.00 -320.00 -720.00 2972.00 -320.00 -840.00 2972.00 -320.00 -720.00 2852.00 -320.00 -480.00 2852.00 -320.00 -600.00 2732.00 -320.00 -480.00 2732.00 -320.00 -600.00 2972.00 -320.00 -960.00 2972.00 -320.00 -840.00 3092.00 -320.00 -960.00 3092.00 -320.00 -840.00 3212.00 -320.00 -840.00 3212.00 -320.00 -720.00 3272.00 -320.00 -840.00 3332.00 -320.00 -780.00 3332.00 -320.00 -720.00 3092.00 -320.00 -840.00 3092.00 -320.00 -720.00 3212.00 -320.00 -840.00 3212.00 -320.00 -720.00 2972.00 -320.00 -840.00 2972.00 -320.00 -720.00 3092.00 -320.00 -840.00 3092.00 -320.00 -720.00 3092.00 -320.00 -480.00 3092.00 -320.00 -600.00 2972.00 -320.00 -480.00 2972.00 -320.00 -600.00 2852.00 -320.00 -600.00 2972.00 -320.00 -600.00 2852.00 -320.00 -720.00 2972.00 -320.00 -720.00 2972.00 -320.00 -960.00 2852.00 -320.00 -960.00 2972.00 -320.00 -840.00 2852.00 -320.00 -840.00 2972.00 -320.00 -1080.00 2972.00 -320.00 -960.00 3092.00 -320.00 -1080.00 3092.00 -320.00 -960.00 3332.00 -320.00 -900.00 3332.00 -320.00 -960.00 3212.00 -320.00 -960.00 3212.00 -320.00 -840.00 3272.00 -320.00 -840.00 3212.00 -320.00 -1080.00 3212.00 -320.00 -960.00 3332.00 -320.00 -1080.00 3332.00 -320.00 -960.00 3092.00 -320.00 -960.00 3092.00 -320.00 -840.00 3212.00 -320.00 -960.00 3212.00 -320.00 -840.00 3092.00 -320.00 -1080.00 3092.00 -320.00 -960.00 3212.00 -320.00 -1080.00 3212.00 -320.00 -960.00 2852.00 -320.00 -1080.00 2972.00 -320.00 -960.00 2612.00 -320.00 -960.00 2732.00 -320.00 -960.00 2612.00 -320.00 -1080.00 2732.00 -320.00 -1080.00 2732.00 -320.00 -1200.00 2732.00 -320.00 -1080.00 2852.00 -320.00 -1200.00 2852.00 -320.00 -1080.00 2612.00 -320.00 -1080.00 2732.00 -320.00 -1080.00 2612.00 -320.00 -1200.00 2732.00 -320.00 -1200.00 2732.00 -320.00 -1080.00 2732.00 -320.00 -960.00 2852.00 -320.00 -960.00 3212.00 -320.00 -720.00 3212.00 -320.00 -600.00 3092.00 -320.00 -600.00 2972.00 -320.00 -480.00 2972.00 -320.00 -600.00 2852.00 -320.00 -480.00 2852.00 -320.00 -600.00 2972.00 -320.00 -600.00 3092.00 -320.00 -600.00 2972.00 -320.00 -720.00 3092.00 -320.00 -720.00 2732.00 -320.00 -600.00 2852.00 -320.00 -600.00 2732.00 -320.00 -720.00 2852.00 -320.00 -720.00 2732.00 -320.00 -480.00 2732.00 -320.00 -600.00 2612.00 -320.00 -480.00 2612.00 -320.00 -600.00 2492.00 -320.00 -900.00 2492.00 -320.00 -840.00 2612.00 -320.00 -840.00 2612.00 -320.00 -600.00 2492.00 -320.00 -631.34 2492.00 -320.00 -600.00 2612.00 -320.00 -840.00 2612.00 -320.00 -720.00 2492.00 -320.00 -780.00 2612.00 -320.00 -840.00 2492.00 -320.00 -840.00 2492.00 -320.00 -960.00 2612.00 -320.00 -960.00 2492.00 -320.00 -720.00 2612.00 -320.00 -720.00 2612.00 -320.00 -720.00 2492.00 -320.00 -720.00 3332.00 -320.00 -840.00 3332.00 -320.00 -840.00 2352.00 -250.00 -870.00 2352.00 -250.00 -810.00 2352.00 -734.81 -1468.01 2352.00 -734.81 -211.99 2352.00 -150.00 -810.00 2352.00 331.24 -211.99 2352.00 -150.00 -870.00 2352.00 331.24 -1468.01 </float_array>
                    <technique_common>
                        <accessor source="#geom-017937B6-pos-array" count="141" stride="3">
                            <param name="X" type="float" />
                            <param name="Y" type="float" />
                            <param name="Z" type="float" />
                        </accessor>
                    </technique_common>
                </source>
                <source id="geom-017937B6-texcoord">
                    <float_array id="geom-017937B6-texcoord-array" count="282">0.50 0.50 0.00 0.50 0.50 0.00 0.00 0.00 0.50 1.00 0.00 1.00 0.50 0.50 0.00 0.50 0.50 0.50 0.00 0.50 0.50 0.00 0.00 0.00 0.50 0.50 0.00 0.50 0.50 0.00 0.00 0.00 0.50 1.00 0.50 0.50 1.00 1.00 1.00 0.50 0.50 1.00 0.00 1.00 0.50 0.50 0.00 0.50 1.00 0.50 0.50 0.50 1.00 0.00 0.50 0.00 0.50 1.00 0.00 1.00 0.50 0.50 0.00 0.50 0.50 0.50 0.50 0.00 0.75 0.50 1.00 0.25 1.00 0.00 0.50 1.00 0.00 1.00 0.50 0.50 0.00 0.50 0.50 0.50 0.00 0.50 0.50 0.00 0.00 0.00 1.00 0.50 0.50 0.50 1.00 0.00 0.50 0.00 0.50 0.50 0.00 0.50 0.50 0.00 0.00 0.00 0.50 0.50 0.00 0.50 0.50 0.00 0.00 0.00 0.50 1.00 0.00 1.00 0.50 0.50 0.00 0.50 1.00 0.75 1.00 1.00 0.50 1.00 0.50 0.50 0.75 0.50 0.50 1.00 0.50 0.50 1.00 1.00 1.00 0.50 0.50 0.50 0.00 0.50 0.50 0.00 0.00 0.00 0.50 1.00 0.00 1.00 0.50 0.50 0.00 0.50 0.00 1.00 0.50 0.50 0.50 1.00 0.00 1.00 0.50 0.50 0.00 0.50 1.00 1.00 0.50 1.00 1.00 0.50 0.50 0.50 0.50 1.00 0.50 0.50 1.00 1.00 1.00 0.50 0.50 0.50 0.00 0.50 0.00 0.00 0.50 1.00 0.50 0.50 0.00 0.50 1.00 1.00 0.50 1.00 1.00 0.50 0.50 0.50 0.50 1.00 0.00 1.00 0.50 0.50 0.00 0.50 0.50 1.00 0.00 1.00 0.50 0.50 0.00 0.50 1.00 1.00 0.50 1.00 1.00 0.50 0.50 0.50 1.00 0.75 1.00 1.00 0.50 1.00 0.50 1.00 1.00 0.88 1.00 1.00 0.00 1.00 0.00 0.50 1.00 0.25 0.50 0.00 1.00 0.00 1.00 0.50 0.50 0.50 1.00 0.50 0.50 0.50 0.50 0.50 1.00 0.50 1.00 0.50 1.00 0.50 0.52 0.46 0.47 0.46 1.00 0.08 0.00 0.08 0.47 0.54 0.00 0.92 0.52 0.54 1.00 0.92 </float_array>
                    <technique_common>
                        <accessor source="#geom-017937B6-texcoord-array" count="141" stride="2">
                            <param name="S" type="float" />
                            <param name="T" type="float" />
                        </accessor>
                    </technique_common>
                </source>
                <source id="geom-017937B6-colors">
                    <float_array id="geom-017937B6-colors-array" count="532">0.15 0.28 0.69 1.00 0.31 0.47 0.94 1.00 0.76 0.83 1.00 1.00 0.42 0.53 0.87 1.00 0.75 0.93 1.00 1.00 1.00 1.00 1.00 1.00 0.78 0.84 1.00 1.00 1.00 1.00 1.00 1.00 0.65 0.81 1.00 1.00 0.56 0.64 0.87 1.00 0.67 0.71 0.82 1.00 0.03 0.10 0.33 1.00 0.28 0.34 0.58 1.00 0.62 0.69 0.92 1.00 0.78 0.84 1.00 1.00 0.75 0.93 1.00 1.00 0.05 0.15 0.50 1.00 0.66 0.70 0.81 1.00 0.07 0.15 0.40 1.00 0.02 0.10 0.36 1.00 1.00 1.00 1.00 1.00 0.98 1.00 1.00 1.00 1.00 1.00 1.00 1.00 1.00 1.00 1.00 1.00 0.05 0.16 0.48 1.00 0.90 0.93 1.00 1.00 0.02 0.10 0.37 1.00 0.67 0.71 0.82 1.00 1.00 1.00 1.00 1.00 1.00 1.00 1.00 1.00 0.91 0.93 1.00 1.00 0.68 0.87 1.00 1.00 0.21 0.34 0.73 1.00 0.08 0.16 0.42 1.00 0.13 0.23 0.56 1.00 0.15 0.25 0.55 1.00 0.14 0.23 0.53 1.00 0.68 0.87 1.00 1.00 0.93 0.95 1.00 1.00 0.21 0.34 0.73 1.00 0.08 0.16 0.42 1.00 1.00 1.00 1.00 1.00 1.00 1.00 1.00 1.00 0.68 0.87 1.00 1.00 0.93 0.95 1.00 1.00 0.02 0.10 0.36 1.00 0.66 0.70 0.81 1.00 0.05 0.15 0.48 1.00 0.33 0.46 0.84 1.00 0.90 0.93 1.00 1.00 0.33 0.46 0.84 1.00 0.98 1.00 1.00 1.00 1.00 1.00 1.00 1.00 1.00 1.00 1.00 1.00 1.00 1.00 1.00 1.00 1.00 1.00 1.00 1.00 1.00 1.00 1.00 1.00 0.15 0.28 0.69 1.00 1.00 1.00 1.00 1.00 0.00 0.06 0.29 1.00 0.91 0.93 1.00 1.00 0.15 0.24 0.54 1.00 0.15 0.25 0.54 1.00 0.14 0.23 0.53 1.00 0.21 0.34 0.73 1.00 0.13 0.23 0.56 1.00 0.00 0.05 0.25 1.00 0.14 0.23 0.53 1.00 0.08 0.16 0.42 1.00 0.15 0.25 0.54 1.00 0.91 0.93 1.00 1.00 0.68 0.87 1.00 1.00 0.14 0.23 0.53 1.00 0.21 0.34 0.73 1.00 0.00 0.06 0.29 1.00 0.91 0.93 1.00 1.00 0.00 0.05 0.25 1.00 0.14 0.23 0.53 1.00 0.76 0.83 1.00 1.00 1.00 1.00 1.00 1.00 0.28 0.34 0.58 1.00 0.78 0.84 1.00 1.00 0.00 0.05 0.25 1.00 1.00 1.00 1.00 1.00 0.00 0.09 0.39 1.00 1.00 1.00 1.00 1.00 0.42 0.53 0.87 1.00 0.76 0.83 1.00 1.00 0.00 0.05 0.25 1.00 1.00 1.00 1.00 1.00 0.07 0.15 0.40 1.00 0.00 0.09 0.39 1.00 1.00 1.00 1.00 1.00 0.78 0.84 1.00 1.00 1.00 1.00 1.00 1.00 0.08 0.16 0.42 1.00 0.05 0.15 0.50 1.00 0.66 0.70 0.81 1.00 0.05 0.15 0.48 1.00 0.33 0.46 0.84 1.00 0.05 0.16 0.48 1.00 0.90 0.93 1.00 1.00 0.33 0.46 0.84 1.00 0.66 0.70 0.81 1.00 1.00 1.00 1.00 1.00 0.93 0.95 1.00 1.00 0.67 0.71 0.82 1.00 0.90 0.93 1.00 1.00 0.65 0.81 1.00 1.00 0.98 1.00 1.00 1.00 0.02 0.10 0.37 1.00 0.67 0.71 0.82 1.00 0.07 0.15 0.41 1.00 0.03 0.10 0.33 1.00 0.00 0.08 0.32 1.00 0.00 0.13 0.51 1.00 0.62 0.69 0.92 1.00 0.03 0.10 0.33 1.00 0.13 0.22 0.51 1.00 0.09 0.18 0.45 1.00 0.62 0.69 0.92 1.00 0.56 0.64 0.87 1.00 0.00 0.15 0.60 1.00 0.62 0.69 0.92 1.00 0.00 0.13 0.51 1.00 0.13 0.22 0.51 1.00 0.28 0.34 0.58 1.00 0.00 0.08 0.30 1.00 0.56 0.64 0.87 1.00 0.56 0.64 0.87 1.00 0.00 0.08 0.30 1.00 0.17 0.27 0.58 1.00 0.17 0.27 0.58 1.00 </float_array>
                    <technique_common>
                        <accessor source="#geom-017937B6-colors-array" count="133" stride="4">
                            <param name="R" type="float" />
                            <param name="G" type="float" />
                            <param name="B" type="float" />
                            <param name="A" type="float" />
                        </accessor>
                    </technique_common>
                </source>
                <vertices id="geom-017937B6-vtx">
                    <input semantic="POSITION" source="#geom-017937B6-pos" />
                </vertices>
                <triangles count="219" material="material-005DFC6A-symbol">
                    <input semantic="VERTEX" source="#geom-017937B6-vtx" offset="0" />
                    <input semantic="TEXCOORD" source="#geom-017937B6-texcoord" offset="0" />
                    <input semantic="COLOR" source="#geom-017937B6-colors" offset="0" />
                    <p>0 1 2 2 1 3 92 93 2 2 93 94 4 5 6 6 5 7 79 78 7 57 78 79 57 58 59 59 58 60 8 9 10 10 9 11 12 13 14 14 13 15 16 17 18 18 17 19 20 21 22 22 21 23 24 25 26 26 25 27 28 29 30 30 29 31 32 33 34 34 33 35 131 34 35 33 36 35 37 38 39 39 38 40 95 38 96 96 38 97 41 42 43 43 42 44 45 46 47 47 46 48 49 50 51 51 50 52 53 54 55 55 54 56 61 62 63 63 65 61 63 64 65 61 65 132 66 67 68 68 67 69 70 71 72 72 71 73 74 75 76 76 75 77 80 81 82 82 81 83 84 85 86 86 85 87 88 89 90 90 89 91 98 99 100 100 99 101 102 103 104 104 103 105 106 107 108 108 107 109 4 120 108 108 120 121 110 111 112 112 111 113 114 115 116 114 116 126 125 114 126 117 118 119 117 129 118 118 129 130 122 123 124 128 123 122 127 128 122 </p>
                </triangles>
            </mesh>
        </geometry>
        <geometry id="geom-0142F569" name="geom-0142F569">
            <mesh>
                <source id="geom-0142F569-pos">
                    <float_array id="geom-0142F569-pos-array" count="24">2352.00 -250.00 -870.00 2352.00 -250.00 -810.00 2352.00 -734.81 -1468.01 2352.00 -734.81 -211.99 2352.00 -150.00 -810.00 2352.00 331.24 -211.99 2352.00 -150.00 -870.00 2352.00 331.24 -1468.01 </float_array>
                    <technique_common>
                        <accessor source="#geom-0142F569-pos-array" count="8" stride="3">
                            <param name="X" type="float" />
                            <param name="Y" type="float" />
                            <param name="Z" type="float" />
                        </accessor>
                    </technique_common>
                </source>
                <source id="geom-0142F569-texcoord">
                    <float_array id="geom-0142F569-texcoord-array" count="16">0.52 0.46 0.48 0.46 1.00 0.08 0.00 0.08 0.48 0.54 0.00 0.92 0.52 0.54 1.00 0.92 </float_array>
                    <technique_common>
                        <accessor source="#geom-0142F569-texcoord-array" count="8" stride="2">
                            <param name="S" type="float" />
                            <param name="T" type="float" />
                        </accessor>
                    </technique_common>
                </source>
                <source id="geom-0142F569-colors">
                    <float_array id="geom-0142F569-colors-array" count="1878">NaN NaN NaN NaN NaN NaN NaN NaN NaN NaN NaN NaN NaN NaN NaN NaN NaN NaN -170141200000000000000000000000000000000.00 NaN -170141200000000000000000000000000000000.00 NaN -170141200000000000000000000000000000000.00 NaN NaN -170141200000000000000000000000000000000.00 -170141200000000000000000000000000000000.00 NaN -170141200000000000000000000000000000000.00 NaN -170141200000000000000000000000000000000.00 NaN -170141200000000000000000000000000000000.00 NaN -170141200000000000000000000000000000000.00 NaN -170141200000000000000000000000000000000.00 NaN -170141200000000000000000000000000000000.00 NaN NaN -170141200000000000000000000000000000000.00 -170141200000000000000000000000000000000.00 NaN -170141200000000000000000000000000000000.00 NaN -170141200000000000000000000000000000000.00 NaN -170141200000000000000000000000000000000.00 -219406100000000000000000000000000000000.00 NaN -219406100000000000000000000000000000000.00 NaN NaN -219406100000000000000000000000000000000.00 NaN -219406100000000000000000000000000000000.00 NaN -219406100000000000000000000000000000000.00 NaN -219406100000000000000000000000000000000.00 NaN NaN NaN -335204700000000000000000000000000000000.00 NaN NaN -305899200000000000000000000000000000000.00 NaN NaN -293915400000000000000000000000000000000.00 NaN NaN NaN -336539100000000000000000000000000000000.00 -315224600000000000000000000000000000000.00 NaN NaN -219406100000000000000000000000000000000.00 -335204700000000000000000000000000000000.00 NaN NaN NaN -305899200000000000000000000000000000000.00 -264609900000000000000000000000000000000.00 NaN -255284500000000000000000000000000000000.00 -299242700000000000000000000000000000000.00 -329877400000000000000000000000000000000.00 NaN NaN -336539100000000000000000000000000000000.00 NaN NaN NaN NaN -219406100000000000000000000000000000000.00 NaN -219406100000000000000000000000000000000.00 NaN -219406100000000000000000000000000000000.00 -315224600000000000000000000000000000000.00 NaN NaN NaN NaN -299242700000000000000000000000000000000.00 -335204700000000000000000000000000000000.00 NaN -315224600000000000000000000000000000000.00 NaN NaN NaN -281931500000000000000000000000000000000.00 NaN -263280600000000000000000000000000000000.00 -293915400000000000000000000000000000000.00 NaN -336539100000000000000000000000000000000.00 NaN NaN -299242700000000000000000000000000000000.00 NaN -284600400000000000000000000000000000000.00 NaN NaN -315224600000000000000000000000000000000.00 NaN NaN NaN -305899200000000000000000000000000000000.00 NaN NaN -219406100000000000000000000000000000000.00 -219406100000000000000000000000000000000.00 NaN -337852800000000000000000000000000000000.00 NaN -293915400000000000000000000000000000000.00 -293915400000000000000000000000000000000.00 -337852800000000000000000000000000000000.00 -263280600000000000000000000000000000000.00 -255284500000000000000000000000000000000.00 -219406100000000000000000000000000000000.00 NaN -264609900000000000000000000000000000000.00 -305899200000000000000000000000000000000.00 -329877400000000000000000000000000000000.00 -299242700000000000000000000000000000000.00 NaN -336539100000000000000000000000000000000.00 NaN NaN NaN -335204700000000000000000000000000000000.00 -332551300000000000000000000000000000000.00 -219406100000000000000000000000000000000.00 -301911300000000000000000000000000000000.00 -219406100000000000000000000000000000000.00 NaN -219406100000000000000000000000000000000.00 -287274200000000000000000000000000000000.00 -332551300000000000000000000000000000000.00 -301911300000000000000000000000000000000.00 NaN NaN NaN NaN NaN -335194200000000000000000000000000000000.00 NaN NaN -328568800000000000000000000000000000000.00 NaN NaN NaN NaN NaN NaN NaN NaN -328568800000000000000000000000000000000.00 NaN NaN NaN NaN NaN NaN NaN NaN NaN NaN NaN NaN NaN NaN NaN NaN NaN NaN NaN NaN NaN NaN NaN NaN NaN NaN NaN NaN NaN NaN -291288200000000000000000000000000000000.00 -331216900000000000000000000000000000000.00 -227522300000000000000000000000000000000.00 -296584000000000000000000000000000000000.00 NaN NaN NaN -288608600000000000000000000000000000000.00 NaN NaN NaN NaN NaN NaN -312602700000000000000000000000000000000.00 NaN -262003600000000000000000000000000000000.00 NaN NaN NaN NaN -296615500000000000000000000000000000000.00 NaN -331216900000000000000000000000000000000.00 NaN NaN NaN NaN NaN -312586800000000000000000000000000000000.00 -336549400000000000000000000000000000000.00 -335194200000000000000000000000000000000.00 NaN NaN NaN -332551300000000000000000000000000000000.00 NaN NaN NaN NaN NaN -332551300000000000000000000000000000000.00 NaN NaN NaN -219406100000000000000000000000000000000.00 NaN -287274200000000000000000000000000000000.00 NaN NaN NaN NaN NaN NaN NaN -219406100000000000000000000000000000000.00 NaN NaN NaN NaN NaN NaN NaN NaN NaN NaN NaN NaN NaN NaN NaN NaN NaN NaN -325894800000000000000000000000000000000.00 NaN NaN NaN NaN NaN NaN NaN NaN NaN NaN NaN -301948100000000000000000000000000000000.00 NaN NaN NaN NaN -262003600000000000000000000000000000000.00 NaN NaN NaN NaN NaN NaN NaN NaN NaN NaN NaN NaN NaN NaN NaN NaN -332551300000000000000000000000000000000.00 -336544200000000000000000000000000000000.00 NaN NaN NaN NaN NaN -287274200000000000000000000000000000000.00 -328548000000000000000000000000000000000.00 -287274200000000000000000000000000000000.00 NaN NaN -287274200000000000000000000000000000000.00 NaN -332551300000000000000000000000000000000.00 NaN NaN NaN -317898600000000000000000000000000000000.00 -317898600000000000000000000000000000000.00 NaN -287274200000000000000000000000000000000.00 NaN NaN NaN NaN -328548000000000000000000000000000000000.00 -332551300000000000000000000000000000000.00 NaN NaN NaN NaN NaN NaN NaN NaN NaN NaN -316564100000000000000000000000000000000.00 -287274200000000000000000000000000000000.00 NaN NaN NaN NaN NaN NaN NaN NaN NaN NaN NaN NaN NaN NaN NaN -316564100000000000000000000000000000000.00 NaN -331216900000000000000000000000000000000.00 NaN NaN -304580200000000000000000000000000000000.00 -292606700000000000000000000000000000000.00 -331216900000000000000000000000000000000.00 NaN -304580200000000000000000000000000000000.00 -292606700000000000000000000000000000000.00 NaN NaN NaN NaN -311252400000000000000000000000000000000.00 NaN -287274200000000000000000000000000000000.00 -311252400000000000000000000000000000000.00 -287274200000000000000000000000000000000.00 NaN -317898600000000000000000000000000000000.00 -323215500000000000000000000000000000000.00 NaN -309917900000000000000000000000000000000.00 -328548000000000000000000000000000000000.00 -324570700000000000000000000000000000000.00 -332551300000000000000000000000000000000.00 -316564100000000000000000000000000000000.00 -331216900000000000000000000000000000000.00 -316564100000000000000000000000000000000.00 NaN NaN -304580200000000000000000000000000000000.00 -287274200000000000000000000000000000000.00 -292606700000000000000000000000000000000.00 -304580200000000000000000000000000000000.00 -331216900000000000000000000000000000000.00 -328548000000000000000000000000000000000.00 -287274200000000000000000000000000000000.00 -316564100000000000000000000000000000000.00 -287274200000000000000000000000000000000.00 -332551300000000000000000000000000000000.00 -317898600000000000000000000000000000000.00 -287274200000000000000000000000000000000.00 NaN -287274200000000000000000000000000000000.00 NaN NaN NaN NaN -328548000000000000000000000000000000000.00 -287274200000000000000000000000000000000.00 -287274200000000000000000000000000000000.00 NaN NaN -287274200000000000000000000000000000000.00 -332551300000000000000000000000000000000.00 NaN NaN NaN NaN -317898600000000000000000000000000000000.00 -317898600000000000000000000000000000000.00 -287274200000000000000000000000000000000.00 NaN NaN NaN NaN NaN -328548000000000000000000000000000000000.00 NaN -332551300000000000000000000000000000000.00 NaN NaN NaN NaN NaN NaN NaN -316564100000000000000000000000000000000.00 NaN -287274200000000000000000000000000000000.00 NaN NaN NaN NaN NaN NaN NaN NaN NaN NaN NaN NaN -316564100000000000000000000000000000000.00 -331216900000000000000000000000000000000.00 NaN NaN NaN -304580200000000000000000000000000000000.00 -292606700000000000000000000000000000000.00 NaN -331216900000000000000000000000000000000.00 -304580200000000000000000000000000000000.00 NaN -292606700000000000000000000000000000000.00 NaN NaN NaN -311252400000000000000000000000000000000.00 -287274200000000000000000000000000000000.00 NaN -311252400000000000000000000000000000000.00 NaN -287274200000000000000000000000000000000.00 -317898600000000000000000000000000000000.00 NaN -323215500000000000000000000000000000000.00 -328548000000000000000000000000000000000.00 -332551300000000000000000000000000000000.00 -324570700000000000000000000000000000000.00 -316564100000000000000000000000000000000.00 -331216900000000000000000000000000000000.00 -316564100000000000000000000000000000000.00 NaN -304580200000000000000000000000000000000.00 NaN -292606700000000000000000000000000000000.00 -331216900000000000000000000000000000000.00 -304580200000000000000000000000000000000.00 -328548000000000000000000000000000000000.00 -316564100000000000000000000000000000000.00 -287274200000000000000000000000000000000.00 -287274200000000000000000000000000000000.00 -317898600000000000000000000000000000000.00 -332551300000000000000000000000000000000.00 NaN NaN NaN NaN -332551300000000000000000000000000000000.00 -301911300000000000000000000000000000000.00 -219406100000000000000000000000000000000.00 -219406100000000000000000000000000000000.00 NaN -332551300000000000000000000000000000000.00 NaN -301911300000000000000000000000000000000.00 NaN NaN NaN NaN -335194200000000000000000000000000000000.00 NaN -328568800000000000000000000000000000000.00 NaN NaN NaN NaN NaN NaN NaN NaN NaN NaN -328568800000000000000000000000000000000.00 NaN NaN NaN NaN NaN NaN NaN NaN NaN NaN NaN NaN NaN NaN NaN NaN NaN NaN NaN NaN NaN NaN NaN NaN NaN NaN NaN NaN NaN -291288200000000000000000000000000000000.00 -288608600000000000000000000000000000000.00 -331216900000000000000000000000000000000.00 -296584000000000000000000000000000000000.00 NaN NaN NaN -288608600000000000000000000000000000000.00 NaN NaN NaN NaN NaN NaN -312602700000000000000000000000000000000.00 -296615500000000000000000000000000000000.00 NaN NaN NaN NaN NaN -296615500000000000000000000000000000000.00 -331216900000000000000000000000000000000.00 NaN NaN NaN NaN NaN NaN -312586800000000000000000000000000000000.00 -335194200000000000000000000000000000000.00 -336549400000000000000000000000000000000.00 NaN NaN NaN -332551300000000000000000000000000000000.00 NaN NaN NaN NaN NaN -332551300000000000000000000000000000000.00 NaN NaN NaN -219406100000000000000000000000000000000.00 NaN NaN NaN NaN NaN NaN NaN NaN -219406100000000000000000000000000000000.00 NaN NaN NaN NaN NaN NaN NaN NaN NaN NaN NaN NaN NaN NaN NaN NaN NaN NaN -325894800000000000000000000000000000000.00 NaN NaN NaN NaN NaN NaN NaN NaN NaN NaN NaN -301948100000000000000000000000000000000.00 NaN NaN NaN NaN -296615500000000000000000000000000000000.00 NaN NaN NaN NaN NaN NaN NaN NaN NaN NaN NaN NaN NaN NaN NaN NaN NaN -332551300000000000000000000000000000000.00 -336544200000000000000000000000000000000.00 NaN NaN NaN NaN NaN -329877400000000000000000000000000000000.00 NaN NaN -281931500000000000000000000000000000000.00 NaN NaN NaN NaN NaN NaN NaN NaN NaN NaN -284600400000000000000000000000000000000.00 NaN NaN NaN -316580000000000000000000000000000000000.00 -328574300000000000000000000000000000000.00 NaN NaN -316580000000000000000000000000000000000.00 -327245000000000000000000000000000000000.00 NaN -319248800000000000000000000000000000000.00 -328574300000000000000000000000000000000.00 NaN -316580000000000000000000000000000000000.00 NaN NaN -327239800000000000000000000000000000000.00 NaN NaN -328574300000000000000000000000000000000.00 -319248800000000000000000000000000000000.00 NaN -327239800000000000000000000000000000000.00 NaN NaN NaN -319248800000000000000000000000000000000.00 NaN NaN NaN NaN -327245000000000000000000000000000000000.00 NaN -316580000000000000000000000000000000000.00 NaN NaN -319248800000000000000000000000000000000.00 -327245000000000000000000000000000000000.00 NaN NaN NaN -327239800000000000000000000000000000000.00 -219406100000000000000000000000000000000.00 -219406100000000000000000000000000000000.00 NaN NaN NaN -316580000000000000000000000000000000000.00 -316580000000000000000000000000000000000.00 NaN NaN -219406100000000000000000000000000000000.00 NaN NaN NaN NaN NaN NaN NaN NaN -170141200000000000000000000000000000000.00 -170141200000000000000000000000000000000.00 -170141200000000000000000000000000000000.00 -170141200000000000000000000000000000000.00 -170141200000000000000000000000000000000.00 -170141200000000000000000000000000000000.00 -170141200000000000000000000000000000000.00 -170141200000000000000000000000000000000.00 -170141200000000000000000000000000000000.00 -170141200000000000000000000000000000000.00 -170141200000000000000000000000000000000.00 -170141200000000000000000000000000000000.00 -170141200000000000000000000000000000000.00 -170141200000000000000000000000000000000.00 -170141200000000000000000000000000000000.00 -170141200000000000000000000000000000000.00 NaN NaN -219406100000000000000000000000000000000.00 -219406100000000000000000000000000000000.00 NaN NaN NaN NaN NaN NaN NaN NaN NaN NaN NaN NaN NaN NaN NaN -284600400000000000000000000000000000000.00 NaN NaN NaN NaN NaN NaN NaN NaN NaN -170141200000000000000000000000000000000.00 -170141200000000000000000000000000000000.00 -170141200000000000000000000000000000000.00 -170141200000000000000000000000000000000.00 -170141200000000000000000000000000000000.00 -170141200000000000000000000000000000000.00 -170141200000000000000000000000000000000.00 -170141200000000000000000000000000000000.00 NaN NaN -219406100000000000000000000000000000000.00 NaN NaN NaN NaN NaN NaN NaN NaN NaN NaN NaN NaN NaN NaN NaN NaN NaN NaN NaN NaN NaN NaN NaN NaN NaN NaN NaN -288530800000000000000000000000000000000.00 -248617600000000000000000000000000000000.00 NaN NaN NaN NaN -265918300000000000000000000000000000000.00 NaN -243295500000000000000000000000000000000.00 NaN NaN NaN -307254500000000000000000000000000000000.00 -335241200000000000000000000000000000000.00 -227386400000000000000000000000000000000.00 -239375500000000000000000000000000000000.00 NaN -255268900000000000000000000000000000000.00 NaN -245964300000000000000000000000000000000.00 NaN -239375500000000000000000000000000000000.00 -321907300000000000000000000000000000000.00 -227386400000000000000000000000000000000.00 NaN NaN -327239800000000000000000000000000000000.00 NaN -255274100000000000000000000000000000000.00 NaN -252610400000000000000000000000000000000.00 -233985700000000000000000000000000000000.00 NaN -233990900000000000000000000000000000000.00 -307150300000000000000000000000000000000.00 NaN -247288300000000000000000000000000000000.00 -232661600000000000000000000000000000000.00 -232661600000000000000000000000000000000.00 NaN -231389700000000000000000000000000000000.00 -329903500000000000000000000000000000000.00 NaN NaN NaN NaN -331237900000000000000000000000000000000.00 NaN -257995000000000000000000000000000000000.00 -232661600000000000000000000000000000000.00 NaN NaN NaN NaN NaN NaN NaN NaN NaN NaN NaN NaN NaN NaN -232661600000000000000000000000000000000.00 NaN -252610400000000000000000000000000000000.00 NaN -285882700000000000000000000000000000000.00 -311164000000000000000000000000000000000.00 NaN -255284500000000000000000000000000000000.00 NaN NaN NaN NaN NaN NaN NaN -222064300000000000000000000000000000000.00 -206082400000000000000000000000000000000.00 -313911100000000000000000000000000000000.00 -267273500000000000000000000000000000000.00 -206082400000000000000000000000000000000.00 -297918700000000000000000000000000000000.00 -170141200000000000000000000000000000000.00 -170141200000000000000000000000000000000.00 -301922000000000000000000000000000000000.00 -328574300000000000000000000000000000000.00 -281931500000000000000000000000000000000.00 NaN -250004100000000000000000000000000000000.00 -232692900000000000000000000000000000000.00 -307254500000000000000000000000000000000.00 -260617000000000000000000000000000000000.00 -304585700000000000000000000000000000000.00 -227386400000000000000000000000000000000.00 -210075200000000000000000000000000000000.00 -259282500000000000000000000000000000000.00 -210075200000000000000000000000000000000.00 -170141200000000000000000000000000000000.00 -170141200000000000000000000000000000000.00 -309913000000000000000000000000000000000.00 -259282600000000000000000000000000000000.00 -227386400000000000000000000000000000000.00 -210075200000000000000000000000000000000.00 -269942400000000000000000000000000000000.00 -210075200000000000000000000000000000000.00 -170141200000000000000000000000000000000.00 -170141200000000000000000000000000000000.00 -222064300000000000000000000000000000000.00 -316580000000000000000000000000000000000.00 NaN -277912500000000000000000000000000000000.00 NaN -257995000000000000000000000000000000000.00 -331237900000000000000000000000000000000.00 NaN NaN NaN NaN -335241200000000000000000000000000000000.00 -231389700000000000000000000000000000000.00 NaN NaN NaN NaN NaN -231389700000000000000000000000000000000.00 -329903500000000000000000000000000000000.00 -329903500000000000000000000000000000000.00 NaN -316580000000000000000000000000000000000.00 NaN NaN -329903500000000000000000000000000000000.00 NaN NaN -312581900000000000000000000000000000000.00 -292591400000000000000000000000000000000.00 -170141200000000000000000000000000000000.00 -170141200000000000000000000000000000000.00 -297918700000000000000000000000000000000.00 -312581900000000000000000000000000000000.00 -170141200000000000000000000000000000000.00 -170141200000000000000000000000000000000.00 NaN -335241200000000000000000000000000000000.00 NaN NaN -232692900000000000000000000000000000000.00 -170141200000000000000000000000000000000.00 -170141200000000000000000000000000000000.00 -250004100000000000000000000000000000000.00 -257995000000000000000000000000000000000.00 NaN -232661600000000000000000000000000000000.00 NaN -257995000000000000000000000000000000000.00 NaN NaN -336570500000000000000000000000000000000.00 -243295500000000000000000000000000000000.00 -239375500000000000000000000000000000000.00 NaN NaN NaN NaN NaN NaN -245964300000000000000000000000000000000.00 -239375500000000000000000000000000000000.00 -170141200000000000000000000000000000000.00 -170141200000000000000000000000000000000.00 -170141200000000000000000000000000000000.00 -170141200000000000000000000000000000000.00 -170141200000000000000000000000000000000.00 -170141200000000000000000000000000000000.00 -170141200000000000000000000000000000000.00 -170141200000000000000000000000000000000.00 -170141200000000000000000000000000000000.00 -285929600000000000000000000000000000000.00 NaN NaN NaN NaN -170141200000000000000000000000000000000.00 -239375500000000000000000000000000000000.00 NaN -243295500000000000000000000000000000000.00 NaN -239375500000000000000000000000000000000.00 NaN NaN NaN NaN NaN -331237900000000000000000000000000000000.00 NaN NaN NaN NaN NaN NaN NaN NaN NaN NaN NaN NaN NaN NaN NaN NaN NaN NaN NaN NaN NaN -268571600000000000000000000000000000000.00 -301843900000000000000000000000000000000.00 -301843900000000000000000000000000000000.00 NaN -241971400000000000000000000000000000000.00 -268571600000000000000000000000000000000.00 NaN NaN -249952000000000000000000000000000000000.00 -232661600000000000000000000000000000000.00 NaN NaN -255347100000000000000000000000000000000.00 -311164000000000000000000000000000000000.00 -311164000000000000000000000000000000000.00 NaN NaN NaN -255347100000000000000000000000000000000.00 NaN NaN NaN NaN -206087600000000000000000000000000000000.00 NaN NaN NaN NaN -288530800000000000000000000000000000000.00 NaN NaN NaN -265918300000000000000000000000000000000.00 -323231400000000000000000000000000000000.00 NaN -252610400000000000000000000000000000000.00 NaN -252610400000000000000000000000000000000.00 NaN -252615600000000000000000000000000000000.00 NaN NaN -323231400000000000000000000000000000000.00 -232661600000000000000000000000000000000.00 -311143200000000000000000000000000000000.00 NaN NaN -233985700000000000000000000000000000000.00 -236649300000000000000000000000000000000.00 NaN NaN -307150300000000000000000000000000000000.00 -236649300000000000000000000000000000000.00 NaN -256603300000000000000000000000000000000.00 NaN -241971400000000000000000000000000000000.00 -255274100000000000000000000000000000000.00 -252610400000000000000000000000000000000.00 NaN -245964300000000000000000000000000000000.00 NaN NaN -309814000000000000000000000000000000000.00 NaN NaN -256603300000000000000000000000000000000.00 -335241200000000000000000000000000000000.00 NaN -231389700000000000000000000000000000000.00 -232661600000000000000000000000000000000.00 -335241200000000000000000000000000000000.00 NaN NaN NaN -336570500000000000000000000000000000000.00 -239375500000000000000000000000000000000.00 NaN NaN NaN NaN NaN NaN NaN -336570500000000000000000000000000000000.00 NaN NaN NaN -280545000000000000000000000000000000000.00 NaN NaN NaN NaN -239375500000000000000000000000000000000.00 -335241200000000000000000000000000000000.00 -245964300000000000000000000000000000000.00 NaN NaN NaN -255268900000000000000000000000000000000.00 -285872300000000000000000000000000000000.00 NaN NaN NaN NaN NaN NaN NaN -316486200000000000000000000000000000000.00 -280545000000000000000000000000000000000.00 NaN -263254600000000000000000000000000000000.00 NaN -263254600000000000000000000000000000000.00 NaN -268571600000000000000000000000000000000.00 NaN NaN -285872300000000000000000000000000000000.00 -316486200000000000000000000000000000000.00 NaN NaN NaN NaN NaN NaN NaN NaN NaN NaN NaN NaN NaN NaN NaN NaN -255268900000000000000000000000000000000.00 NaN -255268900000000000000000000000000000000.00 NaN NaN -268571600000000000000000000000000000000.00 -243295500000000000000000000000000000000.00 NaN NaN NaN NaN NaN NaN NaN -228731300000000000000000000000000000000.00 NaN NaN -228731300000000000000000000000000000000.00 NaN -206087600000000000000000000000000000000.00 -228731300000000000000000000000000000000.00 NaN NaN -309814000000000000000000000000000000000.00 NaN NaN NaN NaN NaN -256603300000000000000000000000000000000.00 NaN NaN NaN NaN NaN NaN NaN NaN NaN NaN NaN -311143200000000000000000000000000000000.00 NaN NaN NaN NaN -307150300000000000000000000000000000000.00 NaN NaN NaN NaN NaN -194082900000000000000000000000000000000.00 NaN -285929600000000000000000000000000000000.00 NaN NaN NaN NaN NaN NaN -268571600000000000000000000000000000000.00 -263254600000000000000000000000000000000.00 -265918300000000000000000000000000000000.00 -248617600000000000000000000000000000000.00 -170141200000000000000000000000000000000.00 NaN -255268900000000000000000000000000000000.00 NaN -210049200000000000000000000000000000000.00 -252610400000000000000000000000000000000.00 NaN NaN NaN -228673900000000000000000000000000000000.00 -252615600000000000000000000000000000000.00 NaN -241971400000000000000000000000000000000.00 -268571600000000000000000000000000000000.00 -206087600000000000000000000000000000000.00 NaN -247387400000000000000000000000000000000.00 NaN NaN -279252200000000000000000000000000000000.00 NaN -255284500000000000000000000000000000000.00 NaN NaN NaN NaN NaN -247298700000000000000000000000000000000.00 NaN NaN NaN -307166000000000000000000000000000000000.00 NaN NaN -231327200000000000000000000000000000000.00 -230008400000000000000000000000000000000.00 NaN NaN NaN -178121700000000000000000000000000000000.00 NaN NaN NaN NaN -203397800000000000000000000000000000000.00 -257963800000000000000000000000000000000.00 NaN NaN -216705700000000000000000000000000000000.00 NaN NaN NaN NaN NaN NaN NaN NaN NaN NaN NaN NaN NaN -214047300000000000000000000000000000000.00 NaN NaN NaN -194082900000000000000000000000000000000.00 NaN NaN -249952000000000000000000000000000000000.00 -232661600000000000000000000000000000000.00 -252610400000000000000000000000000000000.00 -232661600000000000000000000000000000000.00 -247288300000000000000000000000000000000.00 -236649300000000000000000000000000000000.00 -263280600000000000000000000000000000000.00 -332567200000000000000000000000000000000.00 -196746500000000000000000000000000000000.00 -285872300000000000000000000000000000000.00 -245964300000000000000000000000000000000.00 -243295500000000000000000000000000000000.00 -307254500000000000000000000000000000000.00 NaN NaN NaN NaN NaN NaN NaN NaN NaN NaN NaN NaN NaN NaN NaN NaN NaN NaN NaN NaN NaN NaN NaN NaN NaN NaN NaN NaN NaN NaN NaN NaN NaN NaN NaN NaN NaN NaN NaN NaN NaN NaN NaN NaN NaN NaN NaN NaN NaN NaN NaN NaN NaN NaN NaN NaN NaN NaN NaN NaN NaN NaN NaN NaN NaN NaN NaN NaN NaN NaN NaN NaN NaN NaN NaN NaN NaN NaN NaN NaN NaN NaN NaN NaN NaN NaN NaN NaN NaN NaN NaN NaN NaN NaN NaN NaN NaN NaN NaN NaN NaN NaN NaN NaN NaN -332509700000000000000000000000000000000.00 NaN -332514900000000000000000000000000000000.00 NaN NaN NaN NaN NaN NaN NaN NaN NaN -284600400000000000000000000000000000000.00 NaN -285929600000000000000000000000000000000.00 NaN NaN NaN NaN NaN NaN NaN NaN NaN NaN NaN NaN NaN NaN NaN NaN NaN NaN NaN NaN NaN NaN NaN NaN NaN NaN NaN NaN NaN NaN NaN NaN NaN -292591400000000000000000000000000000000.00 -255284500000000000000000000000000000000.00 -170141200000000000000000000000000000000.00 -170141200000000000000000000000000000000.00 -255284500000000000000000000000000000000.00 -255284500000000000000000000000000000000.00 -170141200000000000000000000000000000000.00 -170141200000000000000000000000000000000.00 -255284500000000000000000000000000000000.00 -255284500000000000000000000000000000000.00 -170141200000000000000000000000000000000.00 -170141200000000000000000000000000000000.00 -281931500000000000000000000000000000000.00 -255284500000000000000000000000000000000.00 -170141200000000000000000000000000000000.00 -170141200000000000000000000000000000000.00 -259282500000000000000000000000000000000.00 -255284500000000000000000000000000000000.00 -307254500000000000000000000000000000000.00 NaN -312581900000000000000000000000000000000.00 -255284500000000000000000000000000000000.00 NaN -285929600000000000000000000000000000000.00 -259282600000000000000000000000000000000.00 -255284500000000000000000000000000000000.00 -170141200000000000000000000000000000000.00 -170141200000000000000000000000000000000.00 -255284500000000000000000000000000000000.00 -269942400000000000000000000000000000000.00 -170141200000000000000000000000000000000.00 -170141200000000000000000000000000000000.00 NaN -325910600000000000000000000000000000000.00 NaN -324581400000000000000000000000000000000.00 NaN NaN NaN NaN -313911100000000000000000000000000000000.00 -267273500000000000000000000000000000000.00 -255284500000000000000000000000000000000.00 -255284500000000000000000000000000000000.00 -255284500000000000000000000000000000000.00 -255284500000000000000000000000000000000.00 -268587100000000000000000000000000000000.00 -307254500000000000000000000000000000000.00 -260617000000000000000000000000000000000.00 -255284500000000000000000000000000000000.00 -170141200000000000000000000000000000000.00 -170141200000000000000000000000000000000.00 -267273500000000000000000000000000000000.00 -170141200000000000000000000000000000000.00 -170141200000000000000000000000000000000.00 NaN NaN -292591400000000000000000000000000000000.00 -268587100000000000000000000000000000000.00 -255284500000000000000000000000000000000.00 NaN -170141200000000000000000000000000000000.00 -170141200000000000000000000000000000000.00 NaN NaN NaN NaN -277912500000000000000000000000000000000.00 -324581400000000000000000000000000000000.00 NaN NaN NaN -325910600000000000000000000000000000000.00 NaN -324581400000000000000000000000000000000.00 NaN NaN NaN NaN -325910600000000000000000000000000000000.00 NaN -335241200000000000000000000000000000000.00 NaN -313911100000000000000000000000000000000.00 NaN NaN -281931500000000000000000000000000000000.00 -255284500000000000000000000000000000000.00 -260617000000000000000000000000000000000.00 -170141200000000000000000000000000000000.00 -170141200000000000000000000000000000000.00 -255284500000000000000000000000000000000.00 NaN -281931500000000000000000000000000000000.00 -309913000000000000000000000000000000000.00 -259282600000000000000000000000000000000.00 -321907300000000000000000000000000000000.00 -269942400000000000000000000000000000000.00 -281931500000000000000000000000000000000.00 -285929600000000000000000000000000000000.00 -255284500000000000000000000000000000000.00 -170141200000000000000000000000000000000.00 -170141200000000000000000000000000000000.00 NaN -255284500000000000000000000000000000000.00 -312581900000000000000000000000000000000.00 -170141200000000000000000000000000000000.00 -170141200000000000000000000000000000000.00 -259282500000000000000000000000000000000.00 NaN -272595600000000000000000000000000000000.00 NaN NaN NaN -303188600000000000000000000000000000000.00 NaN NaN -331237900000000000000000000000000000000.00 -307254500000000000000000000000000000000.00 NaN -303188600000000000000000000000000000000.00 NaN -292565200000000000000000000000000000000.00 NaN -332509700000000000000000000000000000000.00 NaN -332514900000000000000000000000000000000.00 NaN -295223700000000000000000000000000000000.00 NaN -295223700000000000000000000000000000000.00 -336570500000000000000000000000000000000.00 -309913000000000000000000000000000000000.00 -335241200000000000000000000000000000000.00 -307254500000000000000000000000000000000.00 NaN -292565200000000000000000000000000000000.00 NaN NaN NaN NaN NaN NaN NaN NaN NaN NaN NaN NaN NaN NaN NaN NaN NaN -321881300000000000000000000000000000000.00 NaN NaN NaN NaN NaN NaN NaN -339192500000000000000000000000000000000.00 NaN NaN NaN NaN -339192500000000000000000000000000000000.00 NaN -339192500000000000000000000000000000000.00 NaN NaN NaN NaN NaN -316548800000000000000000000000000000000.00 NaN -325858600000000000000000000000000000000.00 NaN NaN NaN NaN NaN NaN NaN NaN NaN NaN NaN NaN NaN NaN NaN NaN NaN NaN NaN NaN NaN -339192500000000000000000000000000000000.00 NaN NaN NaN NaN NaN NaN NaN NaN NaN NaN NaN -339192500000000000000000000000000000000.00 NaN NaN NaN NaN NaN NaN NaN NaN NaN -339192500000000000000000000000000000000.00 NaN NaN NaN NaN NaN NaN NaN NaN NaN NaN NaN NaN NaN NaN NaN -339192500000000000000000000000000000000.00 NaN NaN NaN NaN -339192500000000000000000000000000000000.00 NaN NaN NaN NaN NaN NaN NaN NaN NaN NaN NaN NaN NaN NaN -281931500000000000000000000000000000000.00 NaN NaN NaN NaN NaN NaN -307254500000000000000000000000000000000.00 -292565200000000000000000000000000000000.00 NaN NaN NaN NaN -332514900000000000000000000000000000000.00 NaN -295223700000000000000000000000000000000.00 NaN NaN NaN NaN NaN NaN -312581900000000000000000000000000000000.00 NaN NaN NaN NaN NaN NaN -312581900000000000000000000000000000000.00 NaN NaN NaN NaN -292565200000000000000000000000000000000.00 NaN -332509700000000000000000000000000000000.00 NaN NaN NaN NaN NaN NaN NaN NaN NaN NaN NaN -268587100000000000000000000000000000000.00 NaN NaN NaN NaN NaN NaN -255284500000000000000000000000000000000.00 NaN -313911100000000000000000000000000000000.00 NaN NaN NaN NaN NaN -268587100000000000000000000000000000000.00 NaN -255284500000000000000000000000000000000.00 NaN NaN NaN NaN NaN -255284500000000000000000000000000000000.00 NaN -303188600000000000000000000000000000000.00 NaN NaN NaN -255284500000000000000000000000000000000.00 NaN -307254500000000000000000000000000000000.00 -303188600000000000000000000000000000000.00 NaN NaN NaN -312581900000000000000000000000000000000.00 NaN NaN -332509700000000000000000000000000000000.00 NaN -332514900000000000000000000000000000000.00 NaN NaN NaN NaN NaN NaN NaN NaN NaN -295223700000000000000000000000000000000.00 NaN -309913000000000000000000000000000000000.00 -281931500000000000000000000000000000000.00 -277912500000000000000000000000000000000.00 NaN NaN -281931500000000000000000000000000000000.00 NaN -321907300000000000000000000000000000000.00 NaN NaN NaN NaN NaN NaN NaN -272595600000000000000000000000000000000.00 NaN NaN -272595600000000000000000000000000000000.00 NaN NaN </float_array>
                    <technique_common>
                        <accessor source="#geom-0142F569-colors-array" count="469" stride="4">
                            <param name="R" type="float" />
                            <param name="G" type="float" />
                            <param name="B" type="float" />
                            <param name="A" type="float" />
                        </accessor>
                    </technique_common>
                </source>
                <vertices id="geom-0142F569-vtx">
                    <input semantic="POSITION" source="#geom-0142F569-pos" />
                </vertices>
                <triangles count="24" material="material-031FD00F-symbol">
                    <input semantic="VERTEX" source="#geom-0142F569-vtx" offset="0" />
                    <input semantic="TEXCOORD" source="#geom-0142F569-texcoord" offset="0" />
                    <input semantic="COLOR" source="#geom-0142F569-colors" offset="0" />
                    <p>0 1 2 0 2 7 6 0 7 6 7 5 4 6 5 4 5 3 1 4 3 1 3 2 </p>
                </triangles>
            </mesh>
        </geometry>
        <geometry id="geom-035AA0B3" name="geom-035AA0B3">
            <mesh>
                <source id="geom-035AA0B3-pos">
                    <float_array id="geom-035AA0B3-pos-array" count="5709">3458.00 -60.00 -840.00 3458.00 -62.28 -851.48 3451.12 -90.00 -840.00 3458.00 -68.79 -861.21 3458.00 -68.79 -818.79 3458.00 -62.28 -828.52 3458.00 -90.00 -810.00 3458.00 -78.52 -812.28 3458.00 -111.21 -818.79 3458.00 -101.48 -812.28 3458.00 -120.00 -840.00 3458.00 -117.72 -828.52 3458.00 -111.21 -861.21 3458.00 -117.72 -851.48 3458.00 -90.00 -870.00 3458.00 -101.48 -867.72 3458.00 -78.52 -867.72 3458.00 -60.00 -840.00 3455.55 -56.48 -840.00 3458.00 -62.28 -851.48 3455.55 -59.65 -853.89 3458.00 -68.79 -861.21 3455.55 -66.33 -864.03 3458.00 -62.28 -828.52 3458.00 -68.79 -818.79 3455.55 -59.65 -826.11 3455.55 -66.33 -815.97 3458.00 -90.00 -810.00 3455.55 -90.00 -805.68 3458.00 -78.52 -812.28 3455.55 -76.56 -809.11 3458.00 -111.21 -818.79 3455.72 -113.66 -815.66 3458.00 -101.48 -812.28 3455.55 -103.31 -808.49 3458.00 -120.00 -840.00 3455.55 -123.58 -840.00 3458.00 -117.72 -828.52 3455.55 -121.08 -826.68 3458.00 -117.72 -851.48 3458.00 -111.21 -861.21 3455.55 -121.08 -853.32 3455.72 -113.66 -864.34 3458.00 -90.00 -870.00 3455.55 -90.00 -874.32 3458.00 -101.48 -867.72 3455.55 -103.31 -871.51 3458.00 -78.52 -867.72 3455.55 -76.56 -870.89 2352.00 -190.00 -810.00 2375.78 -190.00 -810.00 2352.00 -230.00 -810.00 2375.78 -230.00 -810.00 2375.78 -150.00 -840.00 2352.00 -150.00 -840.00 2375.78 -150.00 -870.00 2352.00 -150.00 -870.00 2375.78 -150.00 -870.00 2352.00 -150.00 -870.00 2375.78 -190.00 -870.00 2352.00 -190.00 -870.00 2375.78 -150.00 -840.00 2375.78 -150.00 -870.00 2375.78 -130.00 -840.00 2375.78 -130.00 -870.00 2375.78 -230.00 -810.00 2375.78 -190.00 -810.00 2375.78 -230.00 -790.00 2375.78 -190.00 -790.00 2375.78 -230.00 -870.00 2375.78 -230.00 -890.00 2375.78 -190.00 -870.00 2375.78 -190.00 -890.00 2375.78 -150.00 -810.00 2375.78 -130.00 -810.00 2375.78 -150.00 -790.00 2375.78 -130.00 -790.00 2375.78 -150.00 -810.00 2352.00 -150.00 -810.00 2375.78 -130.00 -870.00 2372.00 -130.00 -870.00 2375.78 -130.00 -840.00 2372.00 -130.00 -840.00 2375.78 -230.00 -790.00 2372.00 -230.00 -790.00 2375.78 -250.00 -790.00 2372.00 -250.00 -790.00 2375.78 -150.00 -890.00 2372.00 -150.00 -890.00 2375.78 -130.00 -890.00 2372.00 -130.00 -890.00 2375.78 -130.00 -810.00 2372.00 -130.00 -810.00 2375.78 -130.00 -790.00 2372.00 -130.00 -790.00 2375.78 -150.00 -810.00 2352.00 -150.00 -810.00 2375.78 -230.00 -870.00 2352.00 -230.00 -870.00 2375.78 -250.00 -870.00 2352.00 -250.00 -870.00 2375.78 -150.00 -790.00 2375.78 -190.00 -790.00 2375.78 -150.00 -810.00 2375.78 -190.00 -810.00 2375.78 -150.00 -870.00 2375.78 -150.00 -890.00 2375.78 -130.00 -870.00 2375.78 -130.00 -890.00 2375.78 -150.00 -790.00 2375.78 -130.00 -790.00 2372.00 -150.00 -790.00 2372.00 -130.00 -790.00 2372.00 -190.00 -890.00 2375.78 -190.00 -890.00 2372.00 -230.00 -890.00 2375.78 -230.00 -890.00 2375.78 -150.00 -810.00 2375.78 -130.00 -810.00 2375.78 -150.00 -870.00 2375.78 -190.00 -870.00 2375.78 -150.00 -890.00 2375.78 -190.00 -890.00 2372.00 -190.00 -790.00 2375.78 -190.00 -790.00 2372.00 -150.00 -790.00 2375.78 -150.00 -790.00 2375.78 -250.00 -810.00 2375.78 -230.00 -810.00 2375.78 -250.00 -790.00 2375.78 -230.00 -790.00 2375.78 -230.00 -810.00 2375.78 -250.00 -810.00 2352.00 -230.00 -810.00 2352.00 -250.00 -810.00 2375.78 -250.00 -870.00 2375.78 -250.00 -890.00 2375.78 -230.00 -870.00 2375.78 -230.00 -890.00 2375.78 -230.00 -890.00 2375.78 -250.00 -890.00 2372.00 -230.00 -890.00 2372.00 -250.00 -890.00 2352.00 -230.00 -870.00 2375.78 -230.00 -870.00 2372.00 -230.00 -790.00 2375.78 -230.00 -790.00 2372.00 -150.00 -890.00 2375.78 -150.00 -890.00 2372.00 -130.00 -810.00 2375.78 -130.00 -810.00 2372.00 -130.00 -890.00 2372.00 -130.00 -870.00 2375.78 -130.00 -890.00 2375.78 -130.00 -870.00 3472.00 -230.32 -810.00 3492.00 -240.00 -810.00 3472.10 -240.00 -810.00 3492.00 -140.00 -810.00 3472.00 -140.00 -810.00 3492.00 -140.00 -840.00 3472.00 -140.00 -840.00 3472.00 -230.32 -810.00 3472.10 -240.00 -810.00 3462.38 -230.32 -804.52 3462.30 -240.00 -804.47 3457.00 -230.32 -791.45 3457.00 -240.00 -791.44 3462.69 -230.32 -778.39 3462.69 -240.00 -778.39 3460.80 -96.91 -791.75 3465.05 -111.08 -790.40 3472.00 -103.11 -785.45 3458.77 -108.42 -798.95 3458.77 -108.42 -798.95 3460.80 -96.91 -791.75 3462.09 -104.27 -803.22 3465.60 -90.28 -788.67 3472.00 -95.50 -783.90 3472.00 -86.35 -786.89 3472.00 -101.82 -778.70 3472.00 -103.11 -785.45 3461.20 -116.17 -786.31 3465.05 -111.08 -790.40 3457.00 -240.00 -791.44 3457.00 -230.32 -791.45 3464.74 -118.49 -795.78 3457.45 -128.01 -794.61 3461.20 -116.17 -786.31 3457.45 -128.01 -794.61 3465.25 -123.29 -782.60 3459.72 -119.30 -806.02 3466.97 -126.48 -802.25 3464.74 -118.49 -795.78 3466.97 -126.48 -802.25 3469.52 -132.71 -807.55 3472.00 -140.00 -810.00 3466.04 -143.59 -806.20 3461.11 -135.28 -791.53 3459.33 -136.11 -801.56 3465.35 -145.26 -800.43 3461.11 -165.48 -791.53 3465.28 -162.61 -782.43 3463.95 -151.35 -785.06 3466.81 -152.65 -780.61 3465.28 -162.61 -782.43 3472.00 -159.53 -777.89 3466.81 -154.06 -776.94 3465.15 -145.74 -775.46 3472.42 -149.72 -772.88 3459.33 -136.11 -801.56 3463.12 -127.86 -784.90 3465.25 -123.29 -782.60 3464.29 -131.79 -777.45 3472.00 -119.53 -780.52 3471.95 -128.35 -774.91 3472.00 -140.00 -810.00 3466.01 -124.41 -821.49 3466.00 -127.48 -831.14 3472.00 -119.53 -780.52 3469.52 -132.71 -807.55 3469.52 -132.71 -807.55 3468.56 -128.40 -810.64 3459.36 -143.94 -787.59 3461.11 -165.48 -791.53 3463.95 -151.35 -785.06 3461.11 -135.28 -791.53 3459.36 -143.94 -787.59 3463.12 -127.86 -784.90 3463.12 -127.86 -784.90 3464.86 -141.07 -782.94 3467.17 -138.61 -781.05 3459.20 -155.60 -794.45 3463.12 -127.86 -784.90 3467.17 -138.61 -781.05 3464.29 -131.79 -777.45 3465.15 -145.74 -775.46 3472.56 -137.01 -772.06 3465.35 -145.26 -800.43 3472.00 -154.57 -806.50 3466.72 -173.28 -803.13 3472.00 -240.00 -773.40 3472.00 -230.32 -773.40 3462.69 -240.00 -778.39 3465.28 -224.42 -782.43 3472.00 -224.42 -777.89 3465.28 -191.78 -782.43 3472.00 -185.47 -777.89 3461.11 -190.35 -791.53 3465.28 -180.85 -782.43 3472.00 -224.42 -777.89 3461.11 -224.42 -791.53 3465.35 -224.42 -800.43 3472.00 -230.32 -810.00 3472.00 -224.42 -805.40 3472.00 -190.00 -810.00 3472.00 -190.00 -805.95 3492.00 -180.00 -810.00 3472.00 -190.00 -810.00 3472.00 -140.00 -840.00 3468.56 -128.40 -810.64 3472.00 -224.42 -805.40 3465.35 -179.29 -800.43 3472.00 -190.00 -805.95 3465.35 -200.28 -800.43 3472.00 -224.42 -805.40 3461.11 -224.42 -791.53 3492.00 -140.00 -810.00 3472.00 -140.00 -810.00 3461.11 -190.35 -791.53 3461.11 -165.48 -791.53 3472.00 -154.57 -806.50 3461.11 -198.14 -791.53 3465.35 -179.29 -800.43 3462.21 -171.03 -801.34 3459.20 -155.60 -794.45 3472.00 -172.49 -777.89 3472.00 -159.53 -777.89 3472.00 -190.00 -805.95 3472.00 -190.00 -805.95 3472.00 -154.57 -806.50 3472.00 -140.00 -810.00 3465.60 -90.28 -788.67 3472.00 -86.35 -786.89 3472.00 -86.49 -793.12 3472.00 -101.82 -778.70 3472.00 -109.90 -776.42 3466.04 -143.59 -806.20 3465.12 -116.80 -811.28 3459.72 -119.30 -806.02 3468.56 -128.40 -810.64 3465.12 -116.80 -811.28 3469.52 -132.71 -807.55 3466.97 -126.48 -802.25 3468.56 -128.40 -810.64 3469.52 -132.71 -807.55 3472.00 -154.57 -806.50 3472.00 -91.96 -799.64 3463.12 -127.86 -784.90 3466.81 -152.65 -780.61 3466.81 -154.06 -776.94 3467.17 -138.61 -781.05 3464.86 -141.07 -782.94 3463.12 -127.86 -784.90 3464.86 -141.07 -782.94 3464.86 -141.07 -782.94 3461.11 -135.28 -791.53 3462.43 -150.32 -797.26 3462.43 -150.32 -797.26 3462.21 -171.03 -801.34 3466.72 -173.28 -803.13 3472.00 -190.00 -805.95 3461.11 -198.14 -791.53 3457.81 -194.79 -791.53 3465.35 -200.28 -800.43 3461.11 -198.14 -791.53 3461.99 -185.78 -781.22 3457.81 -194.79 -791.53 3465.28 -191.78 -782.43 3461.11 -198.14 -791.53 3472.00 -185.47 -777.89 3472.00 -175.24 -774.84 3465.28 -180.85 -782.43 3472.00 -172.49 -777.89 3461.11 -190.35 -791.53 3461.11 -190.35 -791.53 3455.55 -66.33 -815.97 3460.44 -55.42 -804.85 3462.44 -62.11 -815.22 3460.44 -34.67 -840.00 3455.55 -56.48 -840.00 3462.44 -53.14 -835.82 3460.44 -44.62 -819.55 3455.55 -59.65 -826.11 3462.44 -58.08 -822.10 3455.55 -56.48 -840.00 3455.55 -59.65 -826.11 3462.44 -53.14 -835.82 3462.44 -55.53 -827.10 3462.44 -55.53 -827.10 3455.55 -59.65 -826.11 3460.44 -44.62 -819.55 3455.55 -103.31 -808.49 3455.55 -90.00 -805.68 3458.00 -101.48 -812.28 3458.00 -90.00 -810.00 3462.44 -62.11 -815.22 3462.44 -58.08 -822.10 3455.55 -66.33 -815.97 3455.55 -59.65 -826.11 3455.55 -59.65 -826.11 3455.55 -56.48 -840.00 3458.00 -62.28 -828.52 3458.00 -60.00 -840.00 3455.55 -66.33 -815.97 3458.00 -68.79 -818.79 3455.55 -76.56 -809.11 3458.00 -78.52 -812.28 3462.44 -66.54 -811.86 3460.44 -55.42 -804.85 3455.55 -66.33 -815.97 3462.09 -104.27 -803.22 3455.55 -103.31 -808.49 3465.12 -116.80 -811.28 3455.72 -113.66 -815.66 3455.55 -121.08 -826.68 3466.01 -124.41 -821.49 3455.55 -121.08 -826.68 3458.00 -117.72 -828.52 3455.55 -123.58 -840.00 3458.00 -120.00 -840.00 3455.72 -113.66 -815.66 3458.00 -111.21 -818.79 3462.44 -90.00 -801.36 3455.55 -90.00 -805.68 3462.44 -66.54 -811.86 3455.55 -66.33 -815.97 3462.44 -72.30 -807.62 3455.55 -76.56 -809.11 3455.55 -76.56 -809.11 3462.44 -78.03 -804.66 3460.44 -67.85 -795.41 3462.44 -72.30 -807.62 3455.55 -76.56 -809.11 3462.44 -78.03 -804.66 3460.44 -67.85 -795.41 3455.55 -76.56 -809.11 3456.82 -130.33 -840.00 3466.00 -127.48 -831.14 3455.55 -123.58 -840.00 3465.06 -133.98 -833.60 3462.38 -136.43 -840.00 3472.00 -140.00 -840.00 3465.06 -133.98 -833.60 3472.00 -140.00 -840.00 3466.00 -127.48 -831.14 3462.44 -55.53 -827.10 3472.00 -55.19 -823.08 3462.44 -53.14 -835.82 3472.00 -51.98 -840.00 3462.44 -62.11 -815.22 3472.00 -62.71 -812.03 3462.44 -58.08 -822.10 3462.44 -66.54 -811.86 3462.44 -72.30 -807.62 3472.00 -74.09 -804.10 3462.44 -90.00 -801.36 3472.00 -91.96 -799.64 3462.44 -78.03 -804.66 3463.05 -52.78 -840.00 3460.44 -67.85 -795.41 3462.44 -78.03 -804.66 3462.44 -72.30 -807.62 3462.44 -62.11 -815.22 3460.44 -55.42 -804.85 3462.44 -66.54 -811.86 3460.44 -44.62 -819.55 3462.44 -58.08 -822.10 3462.44 -55.53 -827.10 3460.44 -34.67 -840.00 3462.44 -53.14 -835.82 3463.05 -52.78 -840.00 3466.00 -127.48 -831.14 3455.55 -123.58 -840.00 3462.09 -104.27 -803.22 3455.55 -66.33 -864.03 3462.44 -62.11 -864.78 3460.44 -55.42 -875.15 3460.44 -34.67 -840.00 3462.44 -53.14 -844.18 3455.55 -56.48 -840.00 3460.44 -44.62 -860.45 3462.44 -58.08 -857.90 3455.55 -59.65 -853.89 3455.55 -56.48 -840.00 3462.44 -53.14 -844.18 3455.55 -59.65 -853.89 3462.44 -55.53 -852.90 3462.44 -55.53 -852.90 3460.44 -44.62 -860.45 3455.55 -59.65 -853.89 3455.55 -103.31 -871.51 3458.00 -101.48 -867.72 3455.55 -90.00 -874.32 3458.00 -90.00 -870.00 3462.44 -62.11 -864.78 3455.55 -66.33 -864.03 3462.44 -58.08 -857.90 3455.55 -59.65 -853.89 3455.55 -59.65 -853.89 3458.00 -62.28 -851.48 3455.55 -66.33 -864.03 3458.00 -68.79 -861.21 3455.55 -76.56 -870.89 3458.00 -78.52 -867.72 3462.44 -66.54 -868.14 3455.55 -66.33 -864.03 3460.44 -55.42 -875.15 3462.09 -104.27 -876.78 3465.12 -116.80 -868.72 3455.55 -103.31 -871.51 3455.72 -113.66 -864.34 3455.55 -121.08 -853.32 3466.00 -124.41 -858.51 3455.55 -121.08 -853.32 3458.00 -117.72 -851.48 3455.72 -113.66 -864.34 3458.00 -111.21 -861.21 3462.44 -90.00 -878.64 3455.55 -90.00 -874.32 3462.44 -66.54 -868.14 3462.44 -72.30 -872.38 3455.55 -66.33 -864.03 3455.55 -76.56 -870.89 3455.55 -76.56 -870.89 3462.44 -78.03 -875.34 3460.44 -67.85 -884.59 3455.55 -76.56 -870.89 3462.44 -72.30 -872.38 3462.44 -78.03 -875.34 3455.55 -76.56 -870.89 3460.44 -67.85 -884.59 3456.82 -130.33 -840.00 3455.55 -123.58 -840.00 3466.00 -127.48 -848.86 3465.06 -133.98 -846.40 3472.00 -140.00 -840.00 3462.38 -136.43 -840.00 3465.06 -133.98 -846.40 3466.00 -127.48 -848.86 3472.00 -140.00 -840.00 3462.44 -55.53 -852.90 3462.44 -53.14 -844.18 3472.00 -55.19 -856.92 3462.44 -62.11 -864.78 3462.44 -58.08 -857.90 3472.00 -62.71 -867.97 3462.44 -66.54 -868.14 3462.44 -72.30 -872.38 3472.00 -74.09 -875.90 3462.44 -90.00 -878.64 3462.44 -78.03 -875.34 3472.00 -91.96 -880.36 3460.44 -67.85 -884.59 3462.44 -72.30 -872.38 3462.44 -78.03 -875.34 3462.44 -62.11 -864.78 3462.44 -66.54 -868.14 3460.44 -55.42 -875.15 3460.44 -44.62 -860.45 3462.44 -55.53 -852.90 3462.44 -58.08 -857.90 3462.44 -53.14 -844.18 3466.00 -127.48 -848.86 3455.55 -123.58 -840.00 3462.09 -104.27 -876.78 3472.00 -230.32 -870.00 3472.10 -240.00 -870.00 3492.00 -240.00 -870.00 3492.00 -140.00 -870.00 3472.00 -140.00 -870.00 3472.00 -230.32 -870.00 3462.38 -230.32 -875.48 3472.10 -240.00 -870.00 3462.30 -240.00 -875.53 3457.00 -230.32 -888.55 3462.69 -230.32 -901.61 3457.00 -240.00 -888.56 3462.69 -240.00 -901.61 3460.80 -96.91 -888.25 3472.00 -103.11 -894.55 3465.05 -111.08 -889.60 3458.77 -108.42 -881.05 3458.77 -108.42 -881.05 3462.09 -104.27 -876.78 3460.80 -96.91 -888.25 3465.60 -90.28 -891.33 3472.00 -86.35 -893.11 3472.00 -95.50 -896.10 3472.00 -101.82 -901.30 3461.20 -116.17 -893.69 3472.00 -103.11 -894.55 3465.05 -111.08 -889.60 3457.00 -240.00 -888.56 3457.00 -230.32 -888.55 3464.74 -118.49 -884.22 3457.45 -128.01 -885.39 3461.20 -116.17 -893.69 3465.25 -123.29 -897.40 3457.45 -128.01 -885.39 3459.72 -119.30 -873.98 3464.74 -118.49 -884.22 3466.97 -126.48 -877.75 3466.97 -126.48 -877.75 3469.52 -132.71 -872.45 3466.04 -143.59 -873.80 3472.00 -140.00 -870.00 3461.11 -135.28 -888.47 3465.35 -145.26 -879.57 3459.33 -136.11 -878.44 3461.11 -165.48 -888.47 3463.95 -151.35 -894.94 3465.28 -162.61 -897.57 3466.81 -152.65 -899.39 3465.28 -162.61 -897.57 3466.81 -154.06 -903.06 3472.00 -159.53 -902.11 3465.15 -145.74 -904.54 3472.42 -149.72 -907.12 3459.33 -136.11 -878.44 3463.12 -127.86 -895.10 3465.25 -123.29 -897.40 3472.00 -119.53 -899.48 3464.29 -131.79 -902.55 3471.95 -128.35 -905.09 3472.00 -140.00 -870.00 3466.00 -127.48 -848.86 3466.00 -124.41 -858.51 3472.00 -119.53 -899.48 3469.52 -132.71 -872.45 3469.52 -132.71 -872.45 3468.56 -128.40 -869.36 3459.36 -143.94 -892.41 3463.95 -151.35 -894.94 3461.11 -165.48 -888.47 3461.11 -135.28 -888.47 3463.12 -127.86 -895.10 3459.36 -143.94 -892.41 3463.12 -127.86 -895.10 3467.17 -138.61 -898.95 3464.86 -141.07 -897.06 3459.20 -155.60 -885.55 3463.12 -127.86 -895.10 3464.29 -131.79 -902.55 3467.17 -138.61 -898.95 3465.15 -145.74 -904.54 3472.56 -137.01 -907.94 3465.35 -145.26 -879.57 3466.72 -173.28 -876.87 3472.00 -154.57 -873.50 3472.00 -240.00 -906.60 3462.69 -240.00 -901.61 3472.00 -230.32 -906.60 3465.28 -224.42 -897.57 3465.28 -191.78 -897.57 3472.00 -224.42 -902.11 3472.00 -185.47 -902.11 3461.11 -190.35 -888.47 3465.28 -180.85 -897.57 3472.00 -224.42 -902.11 3461.11 -224.42 -888.47 3465.35 -224.42 -879.57 3472.00 -230.32 -870.00 3472.00 -190.00 -870.00 3472.00 -224.42 -874.60 3472.00 -190.00 -874.05 3492.00 -180.00 -870.00 3472.00 -190.00 -870.00 3468.56 -128.40 -869.36 3472.00 -224.42 -874.60 3465.35 -179.29 -879.57 3465.35 -200.28 -879.57 3472.00 -190.00 -874.05 3472.00 -224.42 -874.60 3461.11 -224.42 -888.47 3492.00 -140.00 -870.00 3472.00 -140.00 -870.00 3461.11 -190.35 -888.47 3461.11 -165.48 -888.47 3472.00 -154.57 -873.50 3461.11 -198.14 -888.47 3465.35 -179.29 -879.57 3462.21 -171.03 -878.66 3459.20 -155.60 -885.55 3472.00 -172.49 -902.11 3472.00 -159.53 -902.11 3472.00 -190.00 -874.05 3472.00 -190.00 -874.05 3472.00 -154.57 -873.50 3472.00 -140.00 -870.00 3465.60 -90.28 -891.33 3472.00 -86.49 -886.88 3472.00 -86.35 -893.11 3472.00 -101.82 -901.30 3472.00 -109.90 -903.58 3466.04 -143.59 -873.80 3465.12 -116.80 -868.72 3459.72 -119.30 -873.98 3468.56 -128.40 -869.36 3465.12 -116.80 -868.72 3469.52 -132.71 -872.45 3468.56 -128.40 -869.36 3466.97 -126.48 -877.75 3469.52 -132.71 -872.45 3472.00 -154.57 -873.50 3472.00 -91.96 -880.36 3463.12 -127.86 -895.10 3466.81 -152.65 -899.39 3466.81 -154.06 -903.06 3467.17 -138.61 -898.95 3464.86 -141.07 -897.06 3463.12 -127.86 -895.10 3464.86 -141.07 -897.06 3464.86 -141.07 -897.06 3461.11 -135.28 -888.47 3462.43 -150.32 -882.74 3462.43 -150.32 -882.74 3461.11 -135.28 -888.47 3462.21 -171.03 -878.66 3466.72 -173.28 -876.87 3472.00 -190.00 -874.05 3461.11 -198.14 -888.47 3457.81 -194.79 -888.47 3461.11 -198.14 -888.47 3465.35 -200.28 -879.57 3461.99 -185.78 -898.78 3465.28 -191.78 -897.57 3457.81 -194.79 -888.47 3461.11 -198.14 -888.47 3472.00 -185.47 -902.11 3472.00 -175.24 -905.16 3465.28 -180.85 -897.57 3472.00 -172.49 -902.11 3461.11 -190.35 -888.47 3461.11 -190.35 -888.47 3458.00 -60.00 -840.00 3458.00 -62.28 -851.48 3451.12 -90.00 -840.00 3458.00 -68.79 -861.21 3458.00 -68.79 -818.79 3458.00 -62.28 -828.52 3458.00 -90.00 -810.00 3458.00 -78.52 -812.28 3458.00 -111.21 -818.79 3458.00 -101.48 -812.28 3458.00 -120.00 -840.00 3458.00 -117.72 -828.52 3458.00 -111.21 -861.21 3458.00 -117.72 -851.48 3458.00 -90.00 -870.00 3458.00 -101.48 -867.72 3458.00 -78.52 -867.72 2372.00 -130.00 -890.00 2372.00 -150.00 -890.00 2372.00 -130.00 -900.00 2372.00 -190.00 -900.00 2372.00 -190.00 -890.00 2372.00 -88.00 -882.00 2372.00 -70.00 -840.00 2372.00 -130.00 -870.00 2372.00 -130.00 -840.00 2372.00 -130.00 -810.00 2372.00 -130.00 -790.00 2372.00 -88.00 -798.00 2372.00 -130.00 -780.00 2372.00 -190.00 -780.00 2372.00 -235.00 -780.00 2372.00 -190.00 -790.00 2372.00 -240.00 -795.00 3402.00 -240.00 -720.00 3402.00 -60.00 -720.00 3472.00 -240.00 -720.00 3472.00 -60.00 -720.00 3472.00 -240.00 -889.01 3472.00 -120.00 -889.01 3472.00 -240.00 -960.00 3472.00 -60.00 -960.00 3472.00 -70.00 -885.00 3472.00 0.00 -900.00 3472.00 -60.00 -720.00 3472.00 -120.00 -790.99 3472.00 -240.00 -720.00 3472.00 -70.00 -795.00 3472.00 -240.00 -790.99 3472.00 0.00 -840.00 3402.00 -60.00 -720.00 3402.00 0.00 -780.00 3472.00 -60.00 -720.00 3472.00 0.00 -780.00 3402.00 0.00 -840.00 3472.00 0.00 -840.00 2372.00 -235.00 -900.00 2372.00 -239.49 -885.76 2372.00 -150.00 -790.00 3472.00 0.00 -780.00 3332.00 0.00 -900.00 3402.00 0.00 -900.00 3332.00 0.00 -840.00 3402.00 0.00 -840.00 3472.00 -60.00 -960.00 3402.00 -60.00 -960.00 3472.00 -240.00 -960.00 3402.00 -240.00 -960.00 3402.00 -60.00 -960.00 3472.00 0.00 -900.00 3472.00 -60.00 -960.00 3332.00 0.00 -780.00 3332.00 -60.00 -720.00 3332.00 0.00 -840.00 3472.00 0.00 -840.00 3492.00 -240.00 -840.00 3492.00 -240.00 -882.00 3472.00 -240.00 -840.00 3472.00 -240.00 -889.01 3437.00 -240.00 -900.00 3472.00 -240.00 -960.00 3472.00 -240.00 -720.00 3472.00 -240.00 -790.99 3437.00 -240.00 -780.00 3492.00 -240.00 -798.00 3332.00 -240.00 -960.00 3402.00 -240.00 -960.00 3402.00 -240.00 -840.00 3332.00 -240.00 -780.00 3402.00 -240.00 -720.00 3332.00 -240.00 -720.00 3332.00 -240.00 -900.00 3332.00 -240.00 -840.00 2612.00 -560.00 -1200.00 2492.00 -560.00 -1200.00 2612.00 -560.00 -1080.00 2492.00 -560.00 -1080.00 2492.00 -560.00 -960.00 2612.00 -560.00 -960.00 3332.00 -560.00 -720.00 3212.00 -560.00 -720.00 3332.00 -560.00 -600.00 3212.00 -560.00 -600.00 3212.00 -560.00 -480.00 3332.00 -560.00 -480.00 2492.00 -560.00 -480.00 2612.00 -560.00 -480.00 2492.00 -560.00 -600.00 2612.00 -560.00 -600.00 2375.78 -250.00 -810.00 2375.78 -250.00 -840.00 2352.00 -250.00 -810.00 2352.00 -250.00 -840.00 2402.00 -250.00 -840.00 2402.00 -250.00 -810.00 2492.00 -250.00 -840.00 2492.00 -250.00 -810.00 2402.00 -240.00 -780.00 2492.00 -250.00 -780.00 2372.00 -240.00 -795.00 2372.00 -235.00 -780.00 2402.00 -250.00 -870.00 2492.00 -250.00 -870.00 2402.00 -240.00 -900.00 2492.00 -250.00 -900.00 2831.00 -120.00 -1440.00 2912.00 -120.00 -1440.00 2843.00 -120.00 -1536.00 2903.00 -120.00 -1566.00 2968.00 -120.00 -1539.00 2994.00 -120.00 -1440.00 2972.00 -120.00 -1320.00 2912.00 -120.00 -1320.00 2852.00 -120.00 -1320.00 2732.00 -420.00 -720.00 2852.00 -420.00 -720.00 2732.00 -420.00 -840.00 2852.00 -420.00 -840.00 3332.00 -560.00 -1200.00 3212.00 -560.00 -1200.00 3212.00 -560.00 -1080.00 3092.00 -560.00 -1080.00 3092.00 -560.00 -1200.00 2972.00 -560.00 -1200.00 2972.00 -560.00 -1080.00 3332.00 -560.00 -1080.00 2375.78 -250.00 -870.00 2372.00 -239.49 -885.76 2352.00 -250.00 -870.00 2372.00 -235.00 -900.00 2372.00 -190.00 -780.00 2432.00 -190.00 -780.00 2402.00 -240.00 -780.00 2492.00 -250.00 -780.00 2492.00 -190.00 -780.00 2492.00 -75.53 -792.06 2492.00 -130.00 -775.44 2432.00 -88.00 -798.00 2432.00 -130.00 -780.00 2432.00 -70.00 -840.00 2492.00 -75.53 -887.94 2432.00 -70.00 -840.00 2432.00 -88.00 -882.00 2492.00 -130.00 -904.56 2432.00 -130.00 -900.00 2492.00 -130.00 -904.56 2432.00 -130.00 -900.00 2492.00 -190.00 -900.00 2432.00 -190.00 -900.00 2492.00 -250.00 -960.00 2492.00 -190.00 -900.00 2492.00 -250.00 -900.00 2492.00 -8.21 -964.28 2564.57 121.23 -840.00 2492.00 -38.50 -840.00 2492.00 5.18 -697.87 2551.38 140.00 -705.17 2492.00 100.00 -580.00 2564.57 121.23 -840.00 2492.00 5.18 -697.87 2492.00 -38.50 -840.00 2492.00 5.18 -697.87 2492.00 2.22 -560.46 2492.00 -130.00 -637.92 2492.00 -130.00 -480.00 2492.00 -190.00 -780.00 2492.00 -249.01 -720.00 2492.00 -250.00 -780.00 3212.00 -320.00 -480.00 3212.00 -233.23 -480.00 3332.00 -320.00 -480.00 3332.00 -231.80 -480.00 3222.00 -2.89 -480.00 3291.76 14.42 -480.00 3212.00 -105.78 -480.00 3332.00 -109.79 -480.00 2492.00 -248.02 -631.34 2492.00 -246.03 -480.00 2492.00 -320.00 -600.00 2492.00 -320.00 -480.00 3332.00 -235.90 -600.00 3332.00 -240.00 -720.00 3332.00 -320.00 -600.00 3332.00 -320.00 -720.00 3332.00 100.00 -596.04 3332.00 5.46 -598.02 3332.00 11.93 -518.10 3332.00 100.00 -1100.00 3332.00 -11.56 -1075.87 3332.00 100.00 -989.00 3330.00 -11.93 -985.94 3332.00 -126.22 -1080.00 3332.00 -88.41 -1141.25 3332.00 -122.45 -1200.00 3332.00 -122.45 -1200.00 3212.00 -121.63 -1200.00 3332.00 -240.00 -1200.00 3212.00 -242.57 -1200.00 2972.00 -247.72 -1200.00 3092.00 -245.15 -1200.00 2972.00 -158.86 -1200.00 3092.00 -120.82 -1200.00 2612.00 -250.00 -1200.00 2612.00 -130.44 -1200.00 2492.00 -250.00 -1200.00 2492.00 -113.81 -1200.00 2972.00 -247.72 -1200.00 2972.00 -185.00 -1320.00 2972.00 -270.91 -1320.00 2972.00 -270.91 -1320.00 2972.00 -185.00 -1320.00 2852.00 -270.91 -1320.00 2852.00 -182.69 -1320.00 2852.00 -250.00 -1200.00 2852.00 -182.69 -1320.00 2852.00 -145.59 -1200.00 2852.00 -145.59 -1200.00 2852.00 -120.00 -1320.00 2852.00 -19.55 -1200.00 2841.60 -38.41 -1320.00 2492.00 -113.81 -1200.00 2612.00 -130.44 -1200.00 2571.89 -75.53 -1200.00 2852.00 -19.55 -1200.00 2807.00 64.80 -1200.00 2732.00 13.28 -1200.00 2841.60 -38.41 -1320.00 2852.00 8.27 -1280.63 2852.00 -19.55 -1200.00 2972.00 -32.80 -1200.00 2972.00 -158.86 -1200.00 3024.58 -16.00 -1200.00 2972.00 -120.00 -1320.00 2972.00 -32.80 -1200.00 2972.00 -43.88 -1320.00 3332.00 -320.00 -1200.00 3332.00 -440.00 -1200.00 3332.00 -320.00 -1080.00 3332.00 -440.00 -1080.00 3332.00 -440.00 -1200.00 3212.00 -440.00 -1200.00 3332.00 -560.00 -1200.00 3212.00 -560.00 -1200.00 2492.00 -440.00 -1080.00 2492.00 -320.00 -1050.73 2492.00 -440.00 -960.00 2492.00 -320.00 -960.00 2492.00 -320.00 -1200.00 2492.00 -440.00 -1200.00 2612.00 -320.00 -1200.00 2612.00 -440.00 -1200.00 3332.00 -440.00 -600.00 3332.00 -320.00 -480.00 3332.00 -440.00 -480.00 3212.00 -440.00 -480.00 3332.00 -440.00 -480.00 3212.00 -560.00 -480.00 3332.00 -560.00 -480.00 2612.00 -320.00 -480.00 2612.00 -440.00 -480.00 2492.00 -320.00 -480.00 2492.00 -440.00 -480.00 2492.00 -440.00 -600.00 2492.00 -440.00 -480.00 3332.00 -560.00 -1080.00 3332.00 -560.00 -1200.00 3332.00 -320.00 -1200.00 3212.00 -320.00 -1200.00 2492.00 -250.00 -960.00 2492.00 -320.00 -900.00 2492.00 -250.00 -900.00 2492.00 -250.00 -1200.00 2612.00 -250.00 -1200.00 3092.00 -245.15 -1200.00 2972.00 -247.72 -1200.00 3092.00 -320.00 -1200.00 2972.00 -320.00 -1200.00 3332.00 -240.00 -1080.00 3332.00 -240.00 -1200.00 2432.00 -130.00 -780.00 2372.00 -130.00 -780.00 2402.00 -240.00 -900.00 2372.00 -190.00 -900.00 2372.00 -235.00 -900.00 3332.00 -240.00 -1200.00 3212.00 -242.57 -1200.00 3212.00 -242.57 -1200.00 3092.00 -245.15 -1200.00 3212.00 -320.00 -1200.00 3092.00 -320.00 -1200.00 3092.00 -245.15 -1200.00 3212.00 -242.57 -1200.00 3092.00 -120.82 -1200.00 3212.00 -121.63 -1200.00 3092.00 -440.00 -1200.00 2972.00 -440.00 -1200.00 3092.00 -560.00 -1200.00 2972.00 -560.00 -1200.00 3212.00 -440.00 -1200.00 3092.00 -440.00 -1200.00 3212.00 -560.00 -1200.00 3092.00 -560.00 -1200.00 3332.00 -126.22 -1080.00 3332.00 -240.00 -1080.00 3332.00 -130.00 -960.00 3332.00 -240.00 -960.00 2492.00 -440.00 -1200.00 2492.00 -560.00 -1200.00 2492.00 -560.00 -1080.00 2492.00 -320.00 -1200.00 2492.00 -250.00 -1200.00 2492.00 -250.00 -1050.73 2492.00 -113.81 -1200.00 2492.00 -125.94 -1042.44 2492.00 -250.00 -1200.00 2492.00 -250.00 -1050.73 2612.00 -111.89 -480.00 2612.00 -243.90 -480.00 2492.00 -130.00 -480.00 2492.00 -246.03 -480.00 3092.00 -101.78 -480.00 3092.00 -234.66 -480.00 2972.00 -103.25 -480.00 2972.00 -237.51 -480.00 3332.00 -102.10 -600.00 3332.00 -235.90 -600.00 3332.00 -109.79 -480.00 3332.00 -231.80 -480.00 2612.00 -560.00 -1200.00 2492.00 -560.00 -1200.00 2492.00 -560.00 -960.00 2492.00 -560.00 -480.00 2612.00 -560.00 -480.00 2492.00 -560.00 -600.00 2492.00 -560.00 -480.00 3332.00 -560.00 -600.00 3332.00 -560.00 -720.00 3332.00 -440.00 -720.00 3332.00 -240.00 -720.00 3332.00 -235.90 -600.00 3332.00 -114.59 -720.00 3332.00 -102.10 -600.00 3332.00 -560.00 -480.00 3332.00 -231.80 -480.00 2492.00 -130.00 -637.92 2492.00 -130.00 -480.00 2492.00 -248.02 -631.34 2492.00 -246.03 -480.00 2492.00 -320.00 -631.34 2732.00 -130.22 -1200.00 2732.00 -250.00 -1200.00 2852.00 -145.59 -1200.00 2852.00 -250.00 -1200.00 2612.00 -250.00 -1200.00 2732.00 -250.00 -1200.00 2612.00 -130.44 -1200.00 2732.00 -130.22 -1200.00 2492.00 -250.00 -900.00 2372.00 -235.00 -780.00 2492.00 -38.50 -840.00 2492.00 -75.53 -887.94 2492.00 -8.21 -964.28 2372.00 -88.00 -798.00 2372.00 -130.00 -780.00 2492.00 -130.00 -775.44 2372.00 -70.00 -840.00 2372.00 -88.00 -882.00 2372.00 -70.00 -840.00 2372.00 -130.00 -900.00 2372.00 -130.00 -900.00 2492.00 -125.94 -1042.44 2492.00 -130.00 -637.92 2492.00 -248.02 -631.34 2492.00 -8.21 -964.28 2492.00 -125.94 -1042.44 2492.00 -17.52 -1087.56 2551.38 117.12 -943.74 2551.38 117.12 -943.74 2492.00 -8.21 -964.28 2492.00 100.00 -1051.18 2492.00 -17.52 -1087.56 2492.00 -125.94 -1042.44 2492.00 -130.00 -904.56 2492.00 -78.69 -1124.38 2492.00 -113.81 -1200.00 2612.00 -130.44 -1200.00 2732.00 -130.22 -1200.00 2612.00 -3.39 -1200.00 2732.00 13.28 -1200.00 2732.00 13.28 -1200.00 2732.00 -130.22 -1200.00 2852.00 -19.55 -1200.00 2852.00 -145.59 -1200.00 2612.00 -3.39 -1200.00 2492.00 -250.00 -1050.73 2492.00 -130.00 -904.56 2492.00 -130.00 -775.44 2841.20 0.19 -1368.78 2852.00 46.00 -1320.00 2841.60 -38.41 -1320.00 2492.00 5.18 -697.87 2492.00 -75.53 -792.06 2492.00 -38.50 -840.00 2551.38 140.00 -705.17 2492.00 -130.00 -775.44 2492.00 -130.00 -637.92 2492.00 -38.50 -840.00 2492.00 2.22 -560.46 3094.66 37.17 -1200.00 3092.00 -120.82 -1200.00 3220.39 20.00 -1200.00 3212.00 -121.63 -1200.00 3220.39 20.00 -1200.00 3212.00 -121.63 -1200.00 3258.30 -66.36 -1200.00 2831.00 -25.00 -1440.00 3092.00 -120.82 -1200.00 3094.66 37.17 -1200.00 3332.00 -122.45 -1200.00 3332.00 -64.00 -996.00 3332.00 -11.56 -1075.87 3332.00 -126.22 -1080.00 3332.00 100.00 -1100.00 3332.00 -11.22 -1113.35 3332.00 -11.56 -1075.87 3332.00 -130.00 -960.00 3330.00 -11.93 -985.94 3332.00 -11.22 -1113.35 3332.00 -11.56 -1075.87 3332.00 18.00 -696.00 3332.00 5.46 -598.02 3332.00 100.00 -676.66 3332.00 100.00 -596.04 3332.00 11.93 -518.10 3332.00 -102.10 -600.00 3332.00 -109.79 -480.00 3332.00 -114.59 -720.00 3332.00 -102.10 -600.00 3332.00 -57.17 -691.20 3332.00 5.46 -598.02 3332.00 5.46 -598.02 3332.00 18.00 -696.00 3332.00 -240.00 -1080.00 3332.00 -126.22 -1080.00 3332.00 -240.00 -1200.00 3332.00 -122.45 -1200.00 3212.00 -233.23 -480.00 3092.00 -234.66 -480.00 3212.00 -105.78 -480.00 3092.00 -101.78 -480.00 2612.00 -243.90 -480.00 2492.00 -246.03 -480.00 2852.00 -103.25 -480.00 2852.00 -239.64 -480.00 2732.00 -103.25 -480.00 2732.00 -241.77 -480.00 2732.00 -103.25 -480.00 2732.00 -241.77 -480.00 2612.00 -111.89 -480.00 2612.00 -243.90 -480.00 2851.82 18.38 -480.00 2733.08 15.30 -480.00 2851.64 80.58 -480.00 2734.16 133.84 -480.00 2972.00 -103.25 -480.00 2972.00 -237.51 -480.00 2852.00 -103.25 -480.00 2852.00 -239.64 -480.00 3332.00 -231.80 -480.00 3212.00 -233.23 -480.00 3332.00 -109.79 -480.00 3212.00 -105.78 -480.00 3222.00 -2.89 -480.00 3098.98 12.33 -480.00 3232.00 100.00 -480.00 3105.96 126.44 -480.00 2972.00 -103.25 -480.00 2975.00 18.38 -480.00 3092.00 -101.78 -480.00 3098.98 12.33 -480.00 2851.82 18.38 -480.00 2851.64 80.58 -480.00 2975.00 18.38 -480.00 2978.00 140.00 -480.00 2734.16 133.84 -480.00 2733.08 15.30 -480.00 2603.13 100.00 -480.00 2607.56 -5.94 -480.00 2603.13 100.00 -480.00 2607.56 -5.94 -480.00 2564.06 -15.00 -480.00 3098.98 12.33 -480.00 2975.00 18.38 -480.00 3105.96 126.44 -480.00 2978.00 140.00 -480.00 2852.00 -103.25 -480.00 2851.82 18.38 -480.00 2972.00 -103.25 -480.00 2975.00 18.38 -480.00 3098.98 12.33 -480.00 3222.00 -2.89 -480.00 3092.00 -101.78 -480.00 3212.00 -105.78 -480.00 2851.82 18.38 -480.00 2852.00 -103.25 -480.00 2733.08 15.30 -480.00 2732.00 -103.25 -480.00 2733.08 15.30 -480.00 2732.00 -103.25 -480.00 2607.56 -5.94 -480.00 2612.00 -111.89 -480.00 3291.76 14.42 -480.00 3222.00 -2.89 -480.00 3232.00 100.00 -480.00 2607.56 -5.94 -480.00 2612.00 -111.89 -480.00 2564.06 -15.00 -480.00 2492.00 -130.00 -480.00 2852.00 -270.91 -1320.00 2852.00 -182.69 -1320.00 2972.00 -185.00 -1320.00 2972.00 -158.86 -1200.00 2972.00 -158.86 -1200.00 2972.00 -43.88 -1320.00 2972.00 -32.80 -1200.00 2972.00 60.00 -1320.00 2983.00 -4.01 -1366.69 2972.00 -43.88 -1320.00 2972.00 60.00 -1320.00 2994.00 -37.00 -1440.00 2852.00 46.00 -1320.00 2972.00 60.00 -1320.00 2938.00 12.00 -1410.00 2983.00 -4.01 -1366.69 3332.00 -57.17 -691.20 3320.09 -57.52 -720.80 3332.00 -114.59 -720.00 3349.30 -73.11 -739.08 3402.00 -150.00 -720.00 3396.10 -60.00 -720.00 3332.00 18.00 -696.00 3304.38 -1.58 -717.80 3296.00 6.00 -777.00 3352.00 -32.00 -775.00 3408.00 0.00 -780.00 3397.00 0.00 -836.00 3330.00 -8.00 -843.00 3299.00 15.00 -847.00 3233.06 116.60 -840.00 3271.29 101.01 -724.62 3332.00 -130.00 -960.00 3318.00 -80.00 -952.00 3332.00 -64.00 -996.00 3352.00 -80.00 -936.00 3381.00 -156.00 -960.00 3396.50 -60.00 -960.00 3318.00 -15.00 -937.00 3330.00 -11.93 -985.94 3296.00 6.00 -910.00 3352.00 -33.00 -902.00 3406.00 0.00 -900.00 3235.63 106.10 -924.40 3275.09 95.31 -958.55 3332.00 100.00 -989.00 2871.00 14.00 -1408.00 2903.00 -20.00 -1568.00 2994.00 -37.00 -1440.00 2968.00 -21.00 -1539.00 2843.00 -19.00 -1539.00 2831.00 -25.00 -1440.00 2542.83 -23.69 -532.10 2568.12 70.38 -557.41 2564.06 -15.00 -480.00 2603.13 100.00 -480.00 2492.00 2.22 -560.46 2492.00 100.00 -580.00 3232.00 100.00 -480.00 3249.35 78.00 -528.53 3291.76 14.42 -480.00 3294.56 4.72 -500.19 3332.00 100.00 -596.04 3332.00 11.93 -518.10 3246.12 -34.74 -1132.59 3226.28 47.31 -1059.44 3178.19 28.49 -1116.31 3220.39 20.00 -1200.00 3258.30 -66.36 -1200.00 2614.98 37.43 -1090.85 2492.00 100.00 -1051.18 2492.00 -17.52 -1087.56 2852.00 46.00 -1320.00 2841.20 0.19 -1368.78 2912.00 60.00 -1240.00 2912.00 60.00 -1135.94 2868.78 81.84 -1145.47 2895.18 20.73 -1233.24 2852.00 -19.55 -1200.00 2852.00 8.27 -1280.63 2972.00 -32.80 -1200.00 2945.66 36.62 -1141.91 3008.24 25.15 -1130.44 3024.58 -16.00 -1200.00 3084.38 80.46 -1145.93 3094.66 37.17 -1200.00 3015.12 101.62 -1100.91 2934.78 103.71 -1085.91 2841.66 50.98 -1132.18 2807.00 64.80 -1200.00 2860.00 193.00 -1102.00 2775.83 190.21 -1052.87 2612.00 -3.39 -1200.00 2732.00 13.28 -1200.00 2711.82 64.74 -1075.83 2563.04 -51.62 -1130.73 2705.58 130.27 -609.80 2734.16 133.84 -480.00 2615.84 140.57 -700.32 2742.00 220.00 -780.00 2861.90 229.64 -640.16 2874.00 220.00 -824.00 2551.38 140.00 -705.17 2564.57 121.23 -840.00 2649.36 160.00 -840.00 2649.39 112.96 -1016.40 2551.38 117.12 -943.74 2657.34 165.13 -942.64 2782.00 220.00 -922.00 2900.00 220.00 -987.00 2947.46 171.07 -1073.98 3019.00 178.00 -1108.00 3010.87 209.07 -1010.96 3004.34 215.04 -885.19 3124.52 138.77 -1003.76 3140.79 137.67 -557.18 3207.96 169.71 -656.26 3028.82 222.87 -621.72 2966.00 220.00 -793.00 3128.01 207.76 -746.95 2978.00 140.00 -480.00 2851.64 80.58 -480.00 2909.55 139.60 -544.62 2826.32 129.88 -555.47 3332.00 100.00 -1100.00 3240.70 110.38 -984.78 3120.92 178.81 -869.50 2492.00 -78.69 -1124.38 2492.00 -113.81 -1200.00 2571.89 -75.53 -1200.00 3332.00 -122.45 -1200.00 3332.00 -88.41 -1141.25 3332.00 -11.22 -1113.35 3289.29 74.35 -1061.57 3332.00 -11.22 -1113.35 3332.00 100.00 -676.66 3105.96 126.44 -480.00 3332.00 -109.79 -480.00 2492.00 -130.00 -480.00 2912.00 60.00 -1240.00 3332.00 -130.00 -960.00 3332.00 -240.00 -960.00 3402.00 -240.00 -960.00 3332.00 -60.00 -960.00 3402.00 -60.00 -960.00 3332.00 0.00 -900.00 3402.00 0.00 -900.00 3332.00 -60.00 -720.00 3402.00 -60.00 -720.00 3332.00 -114.59 -720.00 3402.00 -240.00 -720.00 3332.00 -60.00 -960.00 3402.00 -60.00 -960.00 3332.00 -240.00 -720.00 2974.81 -300.16 -681.30 2993.73 -302.36 -663.12 2993.55 -281.92 -671.87 2983.87 -284.82 -698.45 2985.84 -284.76 -683.76 3002.00 -277.00 -690.00 2990.00 -302.00 -717.48 3015.61 -301.38 -719.28 2993.33 -320.00 -720.00 3013.33 -320.00 -720.00 3028.98 -297.76 -703.46 3028.10 -299.06 -679.30 3032.85 -320.00 -700.00 2974.92 -300.00 -702.42 2973.33 -320.00 -700.00 2974.81 -300.16 -681.30 2973.33 -320.00 -680.33 3011.70 -298.81 -661.82 3013.33 -320.00 -660.00 2993.33 -320.00 -660.00 3018.71 -282.02 -696.38 3019.73 -278.98 -682.17 2993.55 -281.92 -671.87 3008.83 -279.49 -673.52 3028.98 -297.76 -703.46 3010.45 -281.92 -708.13 3018.71 -282.02 -696.38 2996.40 -281.92 -706.02 3010.45 -281.92 -708.13 2990.00 -302.00 -717.48 2983.87 -284.82 -698.45 3008.83 -279.49 -673.52 3011.70 -298.81 -661.82 2973.33 -320.00 -680.33 2985.84 -284.76 -683.76 3013.33 -320.00 -660.00 3032.85 -320.00 -680.00 2993.33 -320.00 -720.00 3019.73 -278.98 -682.17 3018.71 -282.02 -696.38 3008.83 -279.49 -673.52 2985.84 -284.76 -683.76 2996.40 -281.92 -706.02 2996.40 -281.92 -706.02 3032.85 -320.00 -700.00 2813.30 -300.16 -597.19 2792.62 -302.11 -578.66 2802.68 -284.49 -577.68 2829.65 -285.15 -586.07 2812.57 -285.35 -592.70 2822.00 -277.00 -570.00 2849.48 -302.00 -582.00 2851.28 -301.38 -556.39 2852.00 -320.00 -578.67 2852.00 -320.00 -558.67 2835.46 -297.76 -543.02 2811.13 -298.07 -541.04 2832.00 -320.00 -539.15 2834.42 -300.00 -597.08 2832.00 -320.00 -598.67 2813.30 -300.16 -597.19 2812.33 -320.00 -598.67 2793.82 -298.81 -560.30 2792.00 -320.00 -558.67 2792.00 -320.00 -578.67 2828.38 -282.02 -553.29 2816.02 -280.32 -556.67 2802.68 -284.49 -577.68 2803.99 -282.45 -565.27 2835.46 -297.76 -543.02 2838.19 -281.87 -563.13 2828.38 -282.02 -553.29 2840.18 -281.92 -576.16 2838.19 -281.87 -563.13 2849.48 -302.00 -582.00 2829.65 -285.15 -586.07 2803.99 -282.45 -565.27 2793.82 -298.81 -560.30 2812.33 -320.00 -598.67 2812.57 -285.35 -592.70 2792.00 -320.00 -558.67 2812.00 -320.00 -539.15 2852.00 -320.00 -578.67 2816.02 -280.32 -556.67 2828.38 -282.02 -553.29 2803.99 -282.45 -565.27 2812.57 -285.35 -592.70 2840.18 -281.92 -576.16 2840.18 -281.92 -576.16 2832.00 -320.00 -539.15 2972.00 -237.51 -480.00 2972.00 -320.00 -480.00 2852.00 -239.64 -480.00 2852.00 -320.00 -480.00 3332.00 -320.00 -900.00 3332.00 -240.00 -900.00 3332.00 -320.00 -960.00 3332.00 -240.00 -960.00 2994.00 -120.00 -1440.00 2994.00 -37.00 -1440.00 2968.00 -120.00 -1539.00 2968.00 -21.00 -1539.00 2843.00 -120.00 -1536.00 2903.00 -120.00 -1566.00 2843.00 -19.00 -1539.00 2903.00 -20.00 -1568.00 2968.00 -21.00 -1539.00 2968.00 -120.00 -1539.00 2831.00 -120.00 -1440.00 2843.00 -120.00 -1536.00 2831.00 -25.00 -1440.00 2843.00 -19.00 -1539.00 2994.00 -37.00 -1440.00 2994.00 -120.00 -1440.00 2972.00 -43.88 -1320.00 2972.00 -120.00 -1320.00 2852.00 -120.00 -1320.00 2831.00 -120.00 -1440.00 2841.60 -38.41 -1320.00 2831.00 -25.00 -1440.00 2492.00 -250.00 -780.00 2492.00 -320.00 -780.00 2492.00 -250.00 -810.00 2852.00 -320.00 -720.00 2852.00 -420.00 -720.00 2732.00 -320.00 -720.00 2732.00 -420.00 -720.00 2852.00 -320.00 -840.00 2852.00 -420.00 -840.00 2852.00 -320.00 -720.00 2852.00 -420.00 -720.00 2732.00 -320.00 -840.00 2732.00 -420.00 -840.00 2852.00 -320.00 -840.00 2852.00 -420.00 -840.00 2732.00 -320.00 -840.00 2732.00 -320.00 -720.00 2732.00 -420.00 -840.00 2732.00 -420.00 -720.00 2972.00 -440.00 -1200.00 2972.00 -440.00 -1080.00 2972.00 -560.00 -1200.00 2972.00 -560.00 -1080.00 2972.00 -440.00 -1080.00 3092.00 -440.00 -1080.00 2972.00 -560.00 -1080.00 3092.00 -560.00 -1080.00 2612.00 -440.00 -960.00 2612.00 -440.00 -1080.00 2612.00 -560.00 -960.00 2612.00 -560.00 -1080.00 2492.00 -440.00 -960.00 2612.00 -440.00 -960.00 2492.00 -560.00 -960.00 2612.00 -560.00 -960.00 3212.00 -440.00 -480.00 3212.00 -440.00 -600.00 3212.00 -320.00 -480.00 3212.00 -320.00 -600.00 3212.00 -320.00 -720.00 3212.00 -440.00 -720.00 3332.00 -320.00 -720.00 3332.00 -440.00 -720.00 2612.00 -440.00 -480.00 2612.00 -440.00 -600.00 2612.00 -560.00 -480.00 2612.00 -560.00 -600.00 2612.00 -440.00 -600.00 2492.00 -440.00 -600.00 2612.00 -560.00 -600.00 2492.00 -560.00 -600.00 2972.00 -320.00 -1200.00 2972.00 -320.00 -1320.00 2852.00 -320.00 -1200.00 2852.00 -320.00 -1320.00 3332.00 -320.00 -780.00 3332.00 -320.00 -720.00 3332.00 -240.00 -780.00 3332.00 -240.00 -720.00 3332.00 -320.00 -1080.00 3332.00 -440.00 -1080.00 3212.00 -320.00 -1080.00 3212.00 -440.00 -1080.00 3212.00 -320.00 -1080.00 3212.00 -440.00 -1080.00 3092.00 -320.00 -1080.00 2612.00 -320.00 -1200.00 2612.00 -440.00 -1200.00 2612.00 -320.00 -1080.00 3212.00 -560.00 -720.00 3212.00 -560.00 -600.00 3332.00 -440.00 -1080.00 3212.00 -560.00 -1080.00 3332.00 -560.00 -1080.00 2972.00 -320.00 -1080.00 2972.00 -320.00 -1200.00 2972.00 -440.00 -1200.00 3092.00 -320.00 -1080.00 3092.00 -440.00 -1080.00 2972.00 -320.00 -1080.00 3092.00 -560.00 -1080.00 3212.00 -560.00 -1080.00 2492.00 -250.00 -870.00 2492.00 -250.00 -840.00 2492.00 -320.00 -840.00 2492.00 -250.00 -900.00 2492.00 -320.00 -900.00 2852.00 -320.00 -1320.00 2852.00 -270.91 -1320.00 2852.00 -320.00 -1200.00 2852.00 -250.00 -1200.00 2972.00 -320.00 -1320.00 2972.00 -270.91 -1320.00 2852.00 -320.00 -1320.00 2852.00 -270.91 -1320.00 2972.00 -247.72 -1200.00 2972.00 -270.91 -1320.00 2972.00 -320.00 -1200.00 2972.00 -320.00 -1320.00 3332.00 -240.00 -960.00 3332.00 -240.00 -1080.00 3332.00 -320.00 -960.00 3332.00 -320.00 -1080.00 2612.00 -320.00 -960.00 2492.00 -320.00 -960.00 2492.00 -440.00 -960.00 2612.00 -440.00 -1080.00 2612.00 -440.00 -1200.00 2612.00 -560.00 -1080.00 2612.00 -560.00 -1200.00 2612.00 -320.00 -1080.00 2612.00 -320.00 -960.00 2612.00 -320.00 -600.00 2612.00 -320.00 -480.00 2612.00 -440.00 -480.00 2492.00 -320.00 -600.00 2492.00 -440.00 -600.00 2612.00 -320.00 -600.00 3332.00 -440.00 -720.00 3212.00 -440.00 -720.00 3332.00 -560.00 -720.00 3212.00 -560.00 -720.00 3212.00 -320.00 -600.00 3212.00 -440.00 -600.00 3212.00 -320.00 -720.00 3212.00 -560.00 -480.00 3212.00 -560.00 -600.00 3212.00 -440.00 -480.00 2492.00 -249.01 -720.00 2492.00 -320.00 -720.00 2492.00 -250.00 -780.00 2492.00 -320.00 -780.00 2732.00 -250.00 -1200.00 2732.00 -320.00 -1200.00 2852.00 -250.00 -1200.00 2852.00 -320.00 -1200.00 2612.00 -250.00 -1200.00 2612.00 -320.00 -1200.00 2732.00 -250.00 -1200.00 2732.00 -320.00 -1200.00 3092.00 -234.66 -480.00 3092.00 -320.00 -480.00 2972.00 -237.51 -480.00 2972.00 -320.00 -480.00 2852.00 -239.64 -480.00 2852.00 -320.00 -480.00 2732.00 -241.77 -480.00 2732.00 -320.00 -480.00 2732.00 -241.77 -480.00 2732.00 -320.00 -480.00 2612.00 -243.90 -480.00 2612.00 -320.00 -480.00 3212.00 -233.23 -480.00 3212.00 -320.00 -480.00 3092.00 -234.66 -480.00 3092.00 -320.00 -480.00 2492.00 -320.00 -631.34 2492.00 -248.02 -631.34 2852.00 -182.69 -1320.00 2972.00 -185.00 -1320.00 2912.00 -120.00 -1320.00 2972.00 -120.00 -1320.00 2852.00 -120.00 -1320.00 3332.00 -320.00 -840.00 3332.00 -240.00 -840.00 3332.00 -320.00 -840.00 3332.00 -240.00 -840.00 2742.49 57.51 -781.93 2749.56 106.37 -791.72 2753.74 106.37 -776.50 2742.49 57.51 -781.93 2741.03 106.37 -768.86 2742.49 57.51 -781.93 2730.60 106.37 -777.20 2742.49 57.51 -781.93 2736.80 76.50 -789.14 2755.85 148.68 -801.30 2763.82 234.67 -809.11 2762.40 148.68 -772.59 2773.22 234.67 -769.43 2736.80 76.50 -789.14 2732.93 176.28 -796.21 2729.38 234.67 -802.64 2742.49 57.51 -781.93 2722.00 148.68 -774.39 2711.60 234.67 -774.60 2732.93 176.28 -796.21 2729.38 234.67 -802.64 2742.23 148.68 -760.30 2740.86 234.67 -749.61 2940.50 166.43 -788.16 2934.64 225.48 -786.83 2950.98 166.43 -819.74 2948.37 233.47 -824.50 2965.10 166.43 -767.14 2964.26 230.98 -761.50 2992.32 166.43 -783.81 2997.36 241.11 -781.48 2966.49 20.92 -794.93 2971.77 70.39 -801.96 2974.94 70.39 -790.42 2966.49 20.92 -794.93 2965.31 70.39 -784.63 2966.49 20.92 -794.93 2957.40 70.39 -790.94 2966.49 20.92 -794.93 2960.80 70.39 -802.14 2950.98 166.43 -819.74 2948.37 233.47 -824.50 2984.41 166.43 -817.17 2989.62 245.34 -821.62 2976.37 115.50 -809.08 2981.25 115.50 -787.68 2960.80 70.39 -802.14 2956.93 115.50 -809.21 2966.49 20.92 -794.93 2951.14 115.50 -789.02 2956.93 115.50 -809.21 2966.22 115.50 -778.52 2993.49 64.27 -754.93 2998.77 136.53 -761.96 3001.94 136.53 -750.42 2993.49 64.27 -754.93 2992.31 136.53 -744.63 2993.49 64.27 -754.93 2984.40 136.53 -750.94 2993.49 64.27 -754.93 2987.80 136.53 -762.14 3005.03 185.81 -771.56 3017.09 243.73 -784.66 3010.70 185.81 -746.67 3027.50 243.73 -740.77 2987.80 136.53 -762.14 2982.42 185.81 -771.71 2973.10 243.73 -788.04 2993.49 64.27 -754.93 2975.69 185.81 -748.23 2959.32 243.73 -746.49 2982.42 185.81 -771.71 2973.10 243.73 -788.04 2993.22 185.81 -736.02 2991.69 243.73 -718.84 2900.49 45.15 -988.93 2910.04 124.14 -1002.50 2915.64 124.14 -982.16 2900.49 45.15 -988.93 2898.64 124.14 -971.94 2900.49 45.15 -988.93 2884.70 124.14 -983.08 2900.49 45.15 -988.93 2890.70 124.14 -1002.83 2920.25 177.13 -1017.85 2927.71 241.39 -1023.44 2929.86 177.13 -975.68 2939.71 241.39 -972.83 2890.70 124.14 -1002.83 2881.93 177.13 -1018.10 2877.00 241.39 -1027.33 2900.49 45.15 -988.93 2870.53 177.13 -978.32 2861.11 241.39 -979.43 2881.93 177.13 -1018.10 2877.00 241.39 -1027.33 2900.24 177.13 -957.62 2898.43 241.39 -947.55 2972.00 -320.00 -1080.00 2972.00 -320.00 -1200.00 2852.00 -320.00 -1080.00 2852.00 -320.00 -1200.00 2732.00 -320.00 -840.00 2852.00 -320.00 -840.00 2732.00 -320.00 -960.00 2852.00 -320.00 -960.00 2732.00 -320.00 -720.00 2612.00 -320.00 -720.00 2732.00 -320.00 -600.00 2612.00 -320.00 -600.00 2612.00 -320.00 -960.00 2612.00 -320.00 -840.00 2732.00 -320.00 -960.00 2732.00 -320.00 -840.00 3212.00 -320.00 -600.00 3092.00 -320.00 -600.00 3212.00 -320.00 -480.00 3092.00 -320.00 -480.00 2852.00 -320.00 -840.00 2852.00 -320.00 -720.00 2972.00 -320.00 -840.00 2972.00 -320.00 -720.00 2852.00 -320.00 -480.00 2852.00 -320.00 -600.00 2732.00 -320.00 -480.00 2732.00 -320.00 -600.00 2972.00 -320.00 -960.00 2972.00 -320.00 -840.00 3092.00 -320.00 -960.00 3092.00 -320.00 -840.00 3212.00 -320.00 -840.00 3212.00 -320.00 -720.00 3272.00 -320.00 -840.00 3332.00 -320.00 -780.00 3332.00 -320.00 -720.00 3092.00 -320.00 -840.00 3092.00 -320.00 -720.00 3212.00 -320.00 -840.00 3212.00 -320.00 -720.00 2972.00 -320.00 -840.00 2972.00 -320.00 -720.00 3092.00 -320.00 -840.00 3092.00 -320.00 -720.00 3092.00 -320.00 -480.00 3092.00 -320.00 -600.00 2972.00 -320.00 -480.00 2972.00 -320.00 -600.00 2852.00 -320.00 -600.00 2972.00 -320.00 -600.00 2852.00 -320.00 -720.00 2972.00 -320.00 -720.00 2972.00 -320.00 -960.00 2852.00 -320.00 -960.00 2972.00 -320.00 -840.00 2852.00 -320.00 -840.00 2972.00 -320.00 -1080.00 2972.00 -320.00 -960.00 3092.00 -320.00 -1080.00 3092.00 -320.00 -960.00 3332.00 -320.00 -900.00 3332.00 -320.00 -960.00 3212.00 -320.00 -960.00 3212.00 -320.00 -840.00 3272.00 -320.00 -840.00 3212.00 -320.00 -1080.00 3212.00 -320.00 -960.00 3332.00 -320.00 -1080.00 3332.00 -320.00 -960.00 3092.00 -320.00 -960.00 3092.00 -320.00 -840.00 3212.00 -320.00 -960.00 3212.00 -320.00 -840.00 3092.00 -320.00 -1080.00 3092.00 -320.00 -960.00 3212.00 -320.00 -1080.00 3212.00 -320.00 -960.00 2852.00 -320.00 -1080.00 2972.00 -320.00 -960.00 2612.00 -320.00 -960.00 2732.00 -320.00 -960.00 2612.00 -320.00 -1080.00 2732.00 -320.00 -1080.00 2732.00 -320.00 -1200.00 2732.00 -320.00 -1080.00 2852.00 -320.00 -1200.00 2852.00 -320.00 -1080.00 2612.00 -320.00 -1080.00 2732.00 -320.00 -1080.00 2612.00 -320.00 -1200.00 2732.00 -320.00 -1200.00 2732.00 -320.00 -1080.00 2732.00 -320.00 -960.00 2852.00 -320.00 -960.00 3212.00 -320.00 -720.00 3212.00 -320.00 -600.00 3092.00 -320.00 -600.00 2972.00 -320.00 -480.00 2972.00 -320.00 -600.00 2852.00 -320.00 -480.00 2852.00 -320.00 -600.00 2972.00 -320.00 -600.00 3092.00 -320.00 -600.00 2972.00 -320.00 -720.00 3092.00 -320.00 -720.00 2732.00 -320.00 -600.00 2852.00 -320.00 -600.00 2732.00 -320.00 -720.00 2852.00 -320.00 -720.00 2732.00 -320.00 -480.00 2732.00 -320.00 -600.00 2612.00 -320.00 -480.00 2612.00 -320.00 -600.00 2492.00 -320.00 -900.00 2492.00 -320.00 -840.00 2612.00 -320.00 -840.00 2612.00 -320.00 -600.00 2492.00 -320.00 -631.34 2492.00 -320.00 -600.00 2612.00 -320.00 -840.00 2612.00 -320.00 -720.00 2492.00 -320.00 -780.00 2612.00 -320.00 -840.00 2492.00 -320.00 -840.00 2492.00 -320.00 -960.00 2612.00 -320.00 -960.00 2492.00 -320.00 -720.00 2612.00 -320.00 -720.00 2612.00 -320.00 -720.00 2492.00 -320.00 -720.00 3332.00 -320.00 -840.00 3332.00 -320.00 -840.00 2352.00 -250.00 -870.00 2352.00 -250.00 -810.00 2352.00 -734.81 -1468.01 2352.00 -734.81 -211.99 2352.00 -150.00 -810.00 2352.00 331.24 -211.99 2352.00 -150.00 -870.00 2352.00 331.24 -1468.01 </float_array>
                    <technique_common>
                        <accessor source="#geom-035AA0B3-pos-array" count="1903" stride="3">
                            <param name="X" type="float" />
                            <param name="Y" type="float" />
                            <param name="Z" type="float" />
                        </accessor>
                    </technique_common>
                </source>
                <source id="geom-035AA0B3-texcoord">
                    <float_array id="geom-035AA0B3-texcoord-array" count="3806">0.50 0.98 0.69 0.95 0.50 0.50 0.84 0.84 0.16 0.84 0.31 0.95 0.02 0.50 0.05 0.69 0.16 0.16 0.05 0.31 0.50 0.02 0.31 0.05 0.84 0.16 0.69 0.05 0.98 0.50 0.95 0.31 0.95 0.69 0.50 0.98 0.50 0.98 0.69 0.95 0.69 0.95 0.84 0.84 0.84 0.84 0.31 0.95 0.16 0.84 0.31 0.95 0.16 0.84 0.02 0.50 0.02 0.50 0.05 0.69 0.05 0.69 0.16 0.16 0.16 0.16 0.05 0.31 0.05 0.31 0.50 0.02 0.50 0.02 0.31 0.05 0.31 0.05 0.69 0.05 0.84 0.16 0.69 0.05 0.84 0.16 0.98 0.50 0.98 0.50 0.95 0.31 0.95 0.31 0.95 0.69 0.95 0.69 0.33 0.00 0.25 0.00 0.33 -0.33 0.25 -0.33 0.58 0.01 0.66 0.01 0.58 0.32 0.66 0.32 0.33 0.33 0.25 0.33 0.33 0.00 0.25 0.00 0.16 0.01 0.16 0.32 0.08 0.01 0.08 0.32 0.24 0.00 0.24 0.33 0.17 0.00 0.17 0.33 0.24 0.00 0.17 0.00 0.24 0.33 0.17 0.33 0.08 0.16 0.08 0.32 0.00 0.16 0.00 0.32 0.58 0.32 0.66 0.32 0.58 0.32 0.60 0.32 0.58 0.01 0.60 0.01 0.98 -0.01 0.96 -0.01 0.98 -0.32 0.96 -0.32 0.91 0.27 0.93 0.27 0.91 0.04 0.93 0.04 0.91 0.27 0.93 0.27 0.91 0.04 0.93 0.04 0.25 0.33 0.33 0.33 0.98 -0.01 0.91 -0.01 0.98 -0.32 0.91 -0.32 0.17 0.33 0.17 0.00 0.24 0.33 0.24 0.00 0.08 0.16 0.00 0.16 0.08 0.32 0.00 0.32 0.91 0.04 0.91 0.27 0.93 0.04 0.93 0.27 0.28 0.00 0.25 0.00 0.28 -0.33 0.25 -0.33 0.16 0.32 0.08 0.32 0.24 0.33 0.24 0.00 0.17 0.33 0.17 0.00 0.30 0.00 0.33 0.00 0.30 0.33 0.33 0.33 0.08 0.01 0.08 0.16 0.00 0.01 0.00 0.16 0.91 -0.01 0.91 -0.32 0.98 -0.01 0.98 -0.32 0.08 0.01 0.00 0.01 0.08 0.16 0.00 0.16 0.91 -0.01 0.91 -0.32 0.93 -0.01 0.93 -0.32 0.25 -0.33 0.33 -0.33 0.30 -0.33 0.33 -0.33 0.28 0.33 0.25 0.33 0.60 0.32 0.58 0.32 0.93 0.27 0.93 0.04 0.91 0.27 0.91 0.04 0.12 0.07 0.01 0.01 0.12 0.01 0.88 0.57 0.88 0.67 0.69 0.57 0.69 0.67 0.14 0.07 0.14 0.01 0.21 0.07 0.21 0.01 0.31 0.07 0.31 0.01 0.40 0.07 0.40 0.01 0.56 0.37 0.66 0.25 0.67 0.37 0.56 0.25 0.56 0.25 0.56 0.37 0.48 0.25 0.56 0.51 0.64 0.48 0.56 0.56 0.78 0.56 0.71 0.53 0.78 0.38 0.69 0.41 0.31 0.01 0.31 0.07 0.69 0.33 0.78 0.26 0.78 0.38 0.78 0.26 0.84 0.32 0.56 0.11 0.63 0.06 0.64 0.16 0.67 0.23 0.69 0.18 0.71 0.10 0.78 0.10 0.84 0.20 0.78 0.18 0.84 0.10 0.31 0.53 0.38 0.55 0.36 0.63 0.39 0.62 0.78 0.08 0.82 0.11 0.78 0.16 0.78 0.25 0.84 0.19 0.78 0.18 0.84 0.25 0.78 0.45 0.78 0.36 0.84 0.45 0.84 0.36 0.88 0.67 0.81 0.78 0.74 0.75 0.84 0.43 0.69 0.18 0.69 0.18 0.56 0.01 0.56 0.43 0.61 0.25 0.61 0.39 0.50 0.49 0.56 0.43 0.56 0.57 0.36 0.76 0.37 0.68 0.39 0.70 0.56 0.32 0.72 0.43 0.72 0.28 0.78 0.36 0.78 0.25 0.84 0.29 0.26 0.74 0.17 0.66 0.23 0.50 0.47 0.01 0.47 0.07 0.40 0.01 0.38 0.12 0.44 0.12 0.38 0.35 0.44 0.40 0.31 0.35 0.38 0.41 0.44 0.12 0.31 0.12 0.23 0.12 0.12 0.07 0.16 0.12 0.12 0.36 0.16 0.36 0.01 0.43 0.12 0.36 0.69 0.67 0.88 0.75 0.17 0.12 0.23 0.43 0.17 0.36 0.23 0.29 0.17 0.12 0.31 0.12 0.01 0.72 0.12 0.72 0.31 0.35 0.31 0.53 0.78 0.01 0.31 0.30 0.58 0.11 0.56 0.17 0.56 0.32 0.44 0.47 0.44 0.57 0.17 0.36 0.56 0.01 0.16 0.62 0.12 0.72 0.56 0.51 0.56 0.56 0.50 0.50 0.78 0.56 0.84 0.52 0.78 0.10 0.50 0.11 0.56 0.11 0.56 0.01 0.88 0.81 0.91 0.72 0.95 0.76 0.88 0.75 0.91 0.72 0.78 0.01 0.46 0.37 0.72 0.43 0.72 0.17 0.78 0.16 0.39 0.70 0.37 0.68 0.56 0.57 0.59 0.47 0.59 0.47 0.36 0.81 0.30 0.70 0.51 0.35 0.56 0.17 0.53 0.15 0.56 0.01 0.31 0.30 0.56 0.12 0.56 0.01 0.60 0.11 0.56 0.33 0.56 0.12 0.62 0.27 0.60 0.11 0.61 0.43 0.56 0.56 0.50 0.37 0.50 0.56 0.52 0.18 0.52 0.18 0.61 0.57 0.61 0.80 0.55 0.63 0.61 0.80 0.61 0.57 0.67 0.63 0.61 0.80 0.61 0.57 0.67 0.63 0.98 0.95 0.86 0.95 0.97 0.83 0.88 0.83 0.55 0.63 0.61 0.57 0.61 0.80 0.30 0.95 0.44 0.95 0.30 0.98 0.44 0.98 0.76 0.83 0.84 0.83 0.73 0.95 0.86 0.95 0.86 0.95 0.98 0.95 0.86 0.98 0.98 0.98 0.73 0.95 0.73 0.98 0.60 0.95 0.60 0.98 0.67 0.63 0.61 0.80 0.61 0.57 0.30 0.83 0.30 0.95 0.19 0.83 0.19 0.95 0.09 0.95 0.09 0.83 0.09 0.95 0.09 0.98 0.01 0.95 0.01 0.98 0.19 0.95 0.19 0.98 0.44 0.83 0.44 0.95 0.70 0.83 0.73 0.95 0.62 0.83 0.60 0.95 0.60 0.95 0.59 0.83 0.61 0.80 0.55 0.63 0.61 0.57 0.67 0.63 0.61 0.80 0.61 0.57 0.48 0.73 0.57 0.73 0.48 0.79 0.54 0.68 0.48 0.67 0.48 0.62 0.54 0.68 0.48 0.62 0.57 0.73 0.90 0.49 0.98 0.47 0.90 0.56 0.98 0.57 0.90 0.37 0.98 0.35 0.90 0.45 0.90 0.32 0.90 0.26 0.98 0.25 0.90 0.12 0.98 0.12 0.90 0.22 0.90 0.57 0.61 0.80 0.67 0.63 0.55 0.63 0.55 0.63 0.61 0.80 0.67 0.63 0.61 0.80 0.67 0.63 0.55 0.63 0.61 0.80 0.67 0.63 0.61 0.57 0.01 0.83 0.01 0.95 0.90 0.01 0.61 0.57 0.55 0.63 0.61 0.80 0.61 0.80 0.55 0.63 0.61 0.57 0.61 0.80 0.67 0.63 0.61 0.57 0.98 0.95 0.97 0.83 0.86 0.95 0.88 0.83 0.55 0.63 0.61 0.80 0.61 0.57 0.30 0.95 0.30 0.98 0.44 0.95 0.44 0.98 0.76 0.83 0.73 0.95 0.84 0.83 0.86 0.95 0.86 0.95 0.86 0.98 0.73 0.95 0.73 0.98 0.60 0.95 0.60 0.98 0.67 0.63 0.61 0.57 0.61 0.80 0.30 0.83 0.19 0.83 0.30 0.95 0.19 0.95 0.09 0.95 0.09 0.83 0.09 0.95 0.09 0.98 0.19 0.95 0.19 0.98 0.44 0.83 0.44 0.95 0.70 0.83 0.62 0.83 0.73 0.95 0.60 0.95 0.60 0.95 0.59 0.83 0.61 0.80 0.61 0.57 0.55 0.63 0.67 0.63 0.61 0.57 0.61 0.80 0.48 0.73 0.48 0.79 0.40 0.73 0.42 0.68 0.48 0.62 0.48 0.67 0.54 0.68 0.57 0.73 0.48 0.62 0.90 0.49 0.90 0.56 0.98 0.47 0.90 0.37 0.90 0.45 0.98 0.35 0.90 0.32 0.90 0.26 0.98 0.25 0.90 0.12 0.90 0.22 0.98 0.12 0.61 0.80 0.55 0.63 0.67 0.63 0.55 0.63 0.67 0.63 0.61 0.80 0.61 0.80 0.55 0.63 0.67 0.63 0.67 0.63 0.01 0.83 0.01 0.95 0.90 0.01 0.12 0.07 0.12 0.01 0.01 0.01 0.88 0.57 0.88 0.67 0.14 0.07 0.21 0.07 0.14 0.01 0.21 0.01 0.31 0.07 0.40 0.07 0.31 0.01 0.40 0.01 0.56 0.37 0.67 0.37 0.66 0.25 0.56 0.25 0.56 0.25 0.48 0.25 0.56 0.37 0.56 0.51 0.56 0.56 0.64 0.48 0.78 0.56 0.78 0.38 0.71 0.53 0.69 0.41 0.31 0.01 0.31 0.07 0.69 0.33 0.78 0.26 0.78 0.38 0.84 0.32 0.78 0.26 0.56 0.11 0.64 0.16 0.63 0.06 0.67 0.23 0.69 0.18 0.78 0.10 0.71 0.10 0.84 0.20 0.84 0.10 0.78 0.18 0.31 0.53 0.36 0.63 0.38 0.55 0.39 0.62 0.78 0.08 0.78 0.16 0.82 0.11 0.78 0.25 0.84 0.19 0.78 0.18 0.84 0.25 0.78 0.45 0.84 0.45 0.78 0.36 0.84 0.36 0.88 0.67 0.74 0.75 0.81 0.78 0.84 0.43 0.69 0.18 0.69 0.18 0.56 0.01 0.56 0.43 0.61 0.39 0.61 0.25 0.50 0.49 0.56 0.57 0.56 0.43 0.36 0.76 0.39 0.70 0.37 0.68 0.56 0.32 0.72 0.43 0.78 0.36 0.72 0.28 0.78 0.25 0.84 0.29 0.26 0.74 0.23 0.50 0.17 0.66 0.47 0.01 0.40 0.01 0.47 0.07 0.38 0.12 0.38 0.35 0.44 0.12 0.44 0.40 0.31 0.35 0.38 0.41 0.44 0.12 0.31 0.12 0.23 0.12 0.12 0.07 0.12 0.36 0.16 0.12 0.16 0.36 0.01 0.43 0.12 0.36 0.88 0.75 0.17 0.12 0.23 0.43 0.23 0.29 0.17 0.36 0.17 0.12 0.31 0.12 0.01 0.72 0.12 0.72 0.31 0.35 0.31 0.53 0.78 0.01 0.31 0.30 0.58 0.11 0.56 0.17 0.56 0.32 0.44 0.47 0.44 0.57 0.17 0.36 0.56 0.01 0.16 0.62 0.12 0.72 0.56 0.51 0.50 0.50 0.56 0.56 0.78 0.56 0.84 0.52 0.78 0.10 0.50 0.11 0.56 0.11 0.56 0.01 0.88 0.81 0.91 0.72 0.88 0.75 0.95 0.76 0.91 0.72 0.78 0.01 0.46 0.37 0.72 0.43 0.72 0.17 0.78 0.16 0.39 0.70 0.37 0.68 0.56 0.57 0.59 0.47 0.59 0.47 0.36 0.81 0.30 0.70 0.51 0.35 0.50 0.49 0.56 0.17 0.53 0.15 0.56 0.01 0.31 0.30 0.56 0.12 0.60 0.11 0.56 0.01 0.56 0.33 0.62 0.27 0.56 0.12 0.60 0.11 0.61 0.43 0.56 0.56 0.50 0.37 0.50 0.56 0.52 0.18 0.52 0.18 0.50 0.98 0.69 0.95 0.50 0.50 0.84 0.84 0.16 0.84 0.31 0.95 0.02 0.50 0.05 0.69 0.16 0.16 0.05 0.31 0.50 0.02 0.31 0.05 0.84 0.16 0.69 0.05 0.98 0.50 0.95 0.31 0.95 0.69 0.06 -0.23 0.06 -0.34 0.00 -0.23 0.00 -0.57 0.06 -0.57 0.10 0.01 0.34 0.11 0.17 -0.23 0.34 -0.23 0.51 -0.23 0.62 -0.23 0.58 0.01 0.68 -0.23 0.68 -0.57 0.68 -0.82 0.62 -0.57 0.59 -0.85 0.34 -0.45 0.34 0.27 0.68 -0.45 0.68 0.27 0.69 -0.45 0.69 0.04 0.98 -0.45 0.98 0.29 0.68 0.24 0.74 0.53 0.00 0.29 0.29 0.04 0.00 -0.45 0.31 0.24 0.29 -0.45 0.49 0.53 0.34 -0.27 0.34 0.20 0.68 -0.27 0.68 0.20 0.34 0.45 0.68 0.45 0.00 -0.91 0.11 -0.93 0.62 -0.34 0.25 0.53 0.00 -0.08 0.34 -0.08 0.00 0.18 0.34 0.18 0.68 0.27 0.34 0.27 0.68 -0.45 0.34 -0.45 0.34 -0.55 0.68 -0.08 0.68 -0.55 0.00 0.20 0.00 -0.27 0.00 0.45 0.68 0.18 0.49 0.49 0.32 0.49 0.49 0.43 0.29 0.43 0.25 0.32 0.00 0.43 0.98 0.43 0.69 0.43 0.74 0.32 0.66 0.49 0.00 0.00 0.00 0.22 0.49 0.22 0.74 0.00 0.98 0.22 0.98 0.00 0.25 0.00 0.49 0.00 0.07 0.14 0.04 0.14 0.07 0.11 0.04 0.11 0.04 0.07 0.07 0.07 0.07 0.14 0.04 0.14 0.07 0.11 0.04 0.11 0.04 0.07 0.07 0.07 0.07 0.07 0.07 0.11 0.04 0.07 0.04 0.11 0.88 -0.22 0.88 -0.20 0.86 -0.22 0.86 -0.20 0.90 -0.20 0.90 -0.22 0.98 -0.20 0.98 -0.22 0.90 -0.25 0.98 -0.25 0.88 -0.24 0.88 -0.25 0.90 -0.17 0.98 -0.17 0.90 -0.14 0.98 -0.14 0.12 0.00 0.21 0.00 0.13 0.11 0.20 0.14 0.28 0.11 0.31 0.00 0.29 -0.14 0.21 -0.14 0.14 -0.14 0.00 0.07 0.07 0.07 0.00 0.14 0.07 0.14 0.00 0.14 0.00 0.11 0.03 0.11 0.03 0.07 0.00 0.07 0.00 0.04 0.03 0.04 0.03 0.14 0.88 -0.17 0.88 -0.16 0.86 -0.17 0.88 -0.14 0.98 0.25 0.74 0.25 0.86 0.00 0.50 0.00 0.50 0.25 0.00 0.74 0.00 0.50 0.25 0.74 0.25 0.50 0.25 0.98 0.98 0.74 0.74 0.98 0.74 0.74 0.98 0.50 0.74 0.50 0.98 0.49 0.74 0.49 0.98 0.25 0.74 0.25 0.68 0.50 0.50 0.74 0.50 0.50 0.49 0.50 0.00 0.98 0.00 0.50 0.98 0.50 0.98 0.98 0.50 0.98 0.98 0.98 0.50 0.50 0.98 0.50 0.49 0.98 0.00 0.98 0.49 0.50 0.00 0.50 0.98 0.74 0.80 0.50 0.98 0.50 0.49 0.74 0.49 0.98 0.00 0.74 0.00 0.98 0.98 0.98 0.68 0.98 0.98 0.50 0.50 0.50 0.49 0.98 0.00 0.98 0.37 0.74 0.00 0.74 0.49 0.98 0.00 0.98 0.49 0.74 0.00 0.74 0.00 0.98 0.00 0.50 0.31 0.50 0.00 0.98 0.00 0.50 0.49 0.98 0.37 0.50 0.98 0.50 0.68 0.68 0.50 0.50 0.98 0.98 0.50 0.98 0.98 0.50 0.50 0.50 0.50 0.50 0.98 0.50 0.50 0.98 0.98 0.98 0.98 0.50 0.98 0.98 0.50 0.50 0.50 0.98 0.49 0.50 0.00 0.98 0.00 0.50 0.49 0.50 0.49 0.74 0.00 0.50 0.00 0.74 0.50 0.50 0.98 0.98 0.50 0.98 0.50 0.50 0.98 0.74 0.50 0.98 0.98 0.98 0.50 0.50 0.98 0.50 0.80 0.68 0.49 0.50 0.31 0.78 0.00 0.50 0.98 0.50 0.82 0.73 0.50 0.50 0.50 0.74 0.50 0.50 0.68 0.80 0.50 0.74 0.98 0.98 0.50 0.98 0.00 0.74 0.00 0.37 0.49 0.74 0.49 0.37 0.98 0.37 0.50 0.37 0.98 0.00 0.50 0.00 0.62 0.37 0.49 0.75 0.19 0.37 0.19 0.74 0.00 0.74 0.00 0.37 0.49 0.74 0.49 0.37 0.49 0.37 0.98 0.74 0.98 0.37 0.49 0.37 0.00 0.37 0.49 0.00 0.00 0.00 0.50 0.74 0.50 0.37 0.98 0.74 0.98 0.37 0.37 0.37 0.00 0.37 0.49 0.00 0.00 0.00 0.98 0.74 0.50 0.74 0.19 0.98 0.00 0.74 0.00 0.98 0.00 0.98 0.49 0.98 0.98 0.98 0.50 0.98 0.98 0.74 0.50 0.74 0.49 0.98 0.00 0.98 0.74 0.49 0.98 0.49 0.62 0.06 0.50 0.25 0.50 0.06 0.98 0.98 0.50 0.98 0.49 0.98 0.00 0.98 0.49 0.74 0.00 0.74 0.50 0.50 0.98 0.50 0.50 0.98 0.98 0.98 0.98 0.37 0.50 0.37 0.98 0.00 0.50 0.00 0.49 0.37 0.00 0.37 0.49 0.00 0.00 0.00 0.50 0.98 0.50 0.50 0.98 0.98 0.98 0.50 0.98 0.37 0.98 0.00 0.62 0.00 0.98 0.74 0.98 0.98 0.49 0.98 0.49 0.98 0.00 0.98 0.49 0.50 0.00 0.50 0.50 0.98 0.50 0.50 0.98 0.98 0.98 0.50 0.00 0.98 0.00 0.50 0.49 0.98 0.49 0.50 0.50 0.98 0.50 0.50 0.98 0.98 0.98 0.50 0.49 0.00 0.00 0.00 0.19 0.00 0.98 0.00 0.50 0.00 0.37 0.00 0.00 0.00 0.49 0.00 0.00 0.00 0.00 0.37 0.00 0.50 0.49 0.50 0.00 0.98 0.49 0.98 0.98 0.00 0.98 0.98 0.49 0.98 0.00 0.98 0.49 0.50 0.00 0.50 0.49 0.74 0.00 0.98 0.00 0.50 0.49 0.98 0.49 0.50 0.50 0.50 0.98 0.50 0.50 0.98 0.98 0.98 0.98 0.00 0.98 0.00 0.00 0.98 0.00 0.74 0.49 0.98 0.49 0.74 0.49 0.50 0.50 0.49 0.49 0.98 0.50 0.74 0.50 0.98 0.50 0.50 0.50 0.49 0.98 0.98 0.50 0.98 0.50 0.50 0.50 0.98 0.50 0.50 0.86 0.98 0.49 0.98 0.50 0.98 0.50 0.50 0.86 0.98 0.86 0.50 0.49 0.50 0.00 0.50 0.86 0.68 0.98 0.50 0.00 0.50 0.49 0.50 0.00 0.98 0.49 0.98 0.50 0.98 0.50 0.50 0.98 0.98 0.98 0.50 0.98 0.98 0.98 0.50 0.50 0.98 0.98 0.98 0.68 0.74 0.50 0.98 0.50 0.50 0.00 0.98 0.49 0.74 0.49 0.98 0.50 0.98 0.49 0.50 0.00 0.50 0.98 0.98 0.50 0.50 0.00 0.98 0.00 0.50 0.49 0.98 0.49 0.50 0.50 0.98 0.50 0.50 0.68 0.68 0.98 0.50 0.98 0.50 0.98 0.98 0.98 0.50 0.86 0.74 0.50 0.98 0.50 0.50 0.49 0.98 0.31 0.50 0.49 0.50 0.98 0.50 0.86 0.98 0.80 0.98 0.98 0.98 0.12 0.50 0.49 0.50 0.12 0.98 0.49 0.98 0.80 0.98 0.50 0.50 0.98 0.50 0.50 0.50 0.98 0.50 0.62 0.68 0.50 0.98 0.98 0.98 0.62 0.98 0.98 0.50 0.98 0.98 0.50 0.50 0.50 0.98 0.50 0.50 0.98 0.50 0.50 0.98 0.98 0.98 0.50 0.98 0.98 0.98 0.00 0.98 0.00 0.50 0.49 0.98 0.49 0.50 0.50 0.98 0.50 0.50 0.98 0.98 0.98 0.50 0.50 0.50 0.98 0.50 0.50 0.74 0.98 0.98 0.50 0.98 0.50 0.50 0.98 0.98 0.98 0.50 0.00 0.50 0.49 0.50 0.00 0.98 0.49 0.98 0.50 0.50 0.98 0.50 0.50 0.98 0.98 0.98 0.98 0.50 0.98 0.98 0.50 0.50 0.50 0.98 0.98 0.50 0.98 0.74 0.50 0.50 0.50 0.98 0.00 0.98 0.00 0.50 0.49 0.98 0.49 0.50 0.00 0.98 0.00 0.50 0.25 0.50 0.00 0.50 0.49 0.50 0.00 0.98 0.49 0.98 0.49 0.50 0.49 0.98 0.00 0.50 0.00 0.98 0.49 0.98 0.00 0.98 0.49 0.50 0.00 0.50 0.50 0.98 0.50 0.50 0.98 0.98 0.98 0.50 0.00 0.98 0.00 0.50 0.49 0.98 0.49 0.50 0.19 0.50 0.49 0.50 0.49 0.98 0.50 0.98 0.50 0.50 0.74 0.98 0.98 0.50 0.98 0.50 0.98 0.50 0.50 0.50 0.98 0.50 0.49 0.98 0.50 0.50 0.98 0.50 0.50 0.98 0.80 0.68 0.98 0.50 0.98 0.98 0.50 0.50 0.98 0.98 0.11 -0.27 0.10 -0.13 0.05 -0.19 0.31 -0.87 0.30 -0.87 0.29 -0.87 0.29 -0.86 0.27 -0.89 0.27 -0.87 0.33 -0.87 0.32 -0.86 0.31 -0.84 0.30 -0.85 0.27 -0.85 0.28 -0.84 0.29 -0.83 0.30 -0.82 0.33 -0.79 0.35 -0.83 0.23 -0.82 0.24 -0.82 0.23 -0.81 0.25 -0.83 0.23 -0.83 0.25 -0.84 0.26 -0.81 0.24 -0.80 0.28 -0.81 0.26 -0.83 0.26 -0.84 0.30 -0.77 0.27 -0.77 0.26 -0.79 0.19 -0.10 0.08 0.09 0.00 -0.11 0.01 0.03 0.17 0.08 0.24 -0.03 0.73 -0.70 0.69 -0.69 0.73 -0.72 0.69 -0.73 0.73 -0.68 0.70 -0.65 0.45 -0.90 0.43 -0.90 0.43 -0.94 0.42 -0.94 0.38 -0.89 0.40 -0.93 0.16 -0.73 0.22 -0.73 0.20 -0.69 0.15 -0.68 0.13 -0.72 0.55 -0.41 0.63 -0.45 0.63 -0.38 0.26 -0.21 0.26 -0.12 0.23 -0.34 0.29 -0.48 0.33 -0.45 0.29 -0.33 0.36 -0.33 0.31 -0.26 0.13 -0.49 0.24 -0.50 0.21 -0.55 0.14 -0.55 0.22 -0.62 0.17 -0.62 0.27 -0.57 0.31 -0.53 0.36 -0.42 0.41 -0.39 0.38 -0.53 0.45 -0.52 0.53 -0.34 0.46 -0.36 0.50 -0.44 0.59 -0.35 0.61 -0.70 0.64 -0.76 0.62 -0.64 0.54 -0.64 0.53 -0.73 0.47 -0.66 0.65 -0.62 0.62 -0.57 0.57 -0.59 0.54 -0.48 0.60 -0.52 0.54 -0.54 0.48 -0.59 0.41 -0.60 0.34 -0.57 0.30 -0.60 0.35 -0.63 0.40 -0.68 0.30 -0.69 0.46 -0.85 0.41 -0.83 0.48 -0.78 0.45 -0.70 0.40 -0.77 0.54 -0.83 0.60 -0.80 0.55 -0.79 0.58 -0.76 0.21 -0.79 0.27 -0.75 0.36 -0.73 0.63 -0.34 0.62 -0.29 0.57 -0.31 0.11 -0.76 0.14 -0.77 0.17 -0.77 0.22 -0.76 0.17 -0.77 0.36 -0.87 0.49 -0.86 0.41 -0.98 0.77 -0.71 0.23 -0.34 0.01 0.00 0.01 -0.82 0.61 -0.81 0.00 -0.98 0.61 -0.98 0.00 -0.14 0.61 -0.14 0.01 0.48 0.61 0.48 0.01 0.00 0.61 -0.81 0.01 0.49 0.61 0.49 0.01 -0.82 0.50 0.62 0.62 0.62 0.62 0.74 0.62 0.75 0.74 0.75 0.62 0.86 0.74 0.62 0.62 0.62 0.74 0.50 0.62 0.50 0.74 0.62 0.62 0.62 0.74 0.50 0.62 0.62 0.62 0.50 0.74 0.62 0.74 0.50 0.74 0.62 0.74 0.50 0.62 0.50 0.50 0.98 0.62 0.98 0.74 0.86 0.74 0.98 0.50 0.62 0.62 0.74 0.50 0.74 0.50 0.75 0.50 0.86 0.50 0.62 0.62 0.74 0.50 0.74 0.50 0.62 0.50 0.50 0.74 0.74 0.50 0.50 0.62 0.50 0.50 0.50 0.62 0.74 0.74 0.74 0.74 0.74 0.50 0.74 0.50 0.74 0.74 0.74 0.50 0.50 0.50 0.62 0.62 0.62 0.62 0.74 0.62 0.75 0.74 0.75 0.62 0.86 0.74 0.62 0.62 0.62 0.74 0.50 0.62 0.50 0.74 0.62 0.62 0.62 0.74 0.50 0.62 0.62 0.62 0.50 0.74 0.62 0.74 0.50 0.74 0.62 0.74 0.50 0.62 0.50 0.50 0.98 0.62 0.98 0.74 0.86 0.74 0.98 0.50 0.62 0.62 0.74 0.50 0.74 0.50 0.75 0.50 0.86 0.50 0.62 0.62 0.74 0.50 0.74 0.50 0.62 0.50 0.50 0.74 0.74 0.50 0.50 0.62 0.50 0.50 0.50 0.62 0.74 0.74 0.74 0.74 0.74 0.50 0.74 0.50 0.74 0.74 0.74 0.50 0.50 0.50 0.24 0.50 0.00 0.98 0.24 0.98 0.00 0.74 0.25 0.74 0.49 0.50 0.25 0.50 0.49 0.98 0.00 0.98 0.24 0.50 0.00 0.50 0.24 0.50 0.00 0.74 0.00 0.50 0.24 0.74 0.24 0.98 0.24 0.98 0.00 0.50 0.00 0.98 0.00 0.50 0.24 0.98 0.24 0.50 0.24 0.50 0.00 0.98 0.24 0.98 0.00 0.50 0.00 0.98 0.00 0.50 0.24 0.98 0.24 0.50 0.49 0.50 0.25 0.62 0.49 0.00 0.49 0.00 0.00 0.49 0.49 0.49 0.00 0.00 0.49 0.00 0.00 0.49 0.49 0.49 0.00 0.00 0.49 0.00 0.00 0.49 0.49 0.49 0.00 0.49 0.49 0.00 0.49 0.49 0.00 0.00 0.00 0.00 0.00 0.49 0.00 0.00 0.49 0.49 0.49 0.00 0.00 0.49 0.00 0.00 0.49 0.49 0.49 0.00 0.00 0.49 0.00 0.00 0.49 0.49 0.49 0.00 0.00 0.49 0.00 0.00 0.49 0.49 0.49 0.00 0.00 0.49 0.00 0.00 0.49 0.49 0.49 0.00 0.49 0.00 0.00 0.49 0.49 0.49 0.00 0.00 0.00 0.49 0.00 0.00 0.49 0.49 0.49 0.00 0.00 0.49 0.00 0.00 0.49 0.49 0.49 0.49 0.50 0.49 0.98 0.00 0.50 0.00 0.98 0.74 0.25 0.98 0.25 0.74 0.49 0.98 0.49 0.00 0.49 0.00 0.00 0.49 0.49 0.49 0.00 0.00 0.49 0.00 0.00 0.49 0.49 0.00 0.49 0.00 0.00 0.49 0.49 0.00 0.49 0.49 0.49 0.49 0.00 0.00 0.49 0.49 0.49 0.00 0.49 0.49 0.49 0.49 0.00 0.00 0.49 0.00 0.00 0.49 0.49 0.00 0.49 0.49 0.49 0.86 0.49 0.74 0.49 0.74 0.25 0.98 0.49 0.98 0.25 0.98 0.00 0.98 0.24 0.50 0.00 0.50 0.24 0.98 0.00 0.98 0.24 0.50 0.00 0.50 0.24 0.98 0.24 0.50 0.24 0.98 0.00 0.50 0.00 0.98 0.24 0.50 0.24 0.98 0.00 0.50 0.00 0.00 0.49 0.49 0.49 0.49 0.00 0.00 0.00 0.49 0.00 0.00 0.49 0.49 0.49 0.00 0.49 0.49 0.49 0.00 0.49 0.49 0.49 0.49 0.00 0.00 0.49 0.00 0.00 0.49 0.49 0.00 0.00 0.49 0.00 0.00 0.49 0.49 0.49 0.00 0.49 0.00 0.00 0.49 0.49 0.49 0.49 0.00 0.49 0.49 0.00 0.80 0.24 0.80 0.00 0.98 0.24 0.98 0.00 0.50 0.24 0.50 0.00 0.98 0.24 0.98 0.00 0.50 0.24 0.50 0.00 0.98 0.24 0.98 0.00 0.50 0.24 0.50 0.00 0.98 0.24 0.98 0.00 0.50 0.24 0.50 0.00 0.98 0.24 0.98 0.00 0.50 0.24 0.50 0.00 0.98 0.24 0.98 0.00 0.50 0.24 0.50 0.00 0.98 0.24 0.98 0.00 0.50 0.00 0.50 0.24 0.50 0.25 0.98 0.25 0.74 0.49 0.98 0.49 0.50 0.49 0.50 0.25 0.50 0.49 0.98 0.25 0.98 0.49 0.91 0.50 0.93 0.62 0.89 0.62 0.86 0.50 0.83 0.62 0.81 0.50 0.79 0.62 0.76 0.51 0.75 0.62 0.93 0.75 0.93 0.87 0.89 0.75 0.89 0.87 0.98 0.62 0.98 0.75 0.98 0.87 0.96 0.50 0.79 0.75 0.79 0.87 0.75 0.75 0.75 0.87 0.83 0.75 0.83 0.87 0.79 0.87 0.79 0.98 0.75 0.87 0.75 0.98 0.83 0.87 0.83 0.98 0.89 0.87 0.89 0.98 0.91 0.50 0.93 0.62 0.89 0.62 0.86 0.50 0.83 0.62 0.81 0.50 0.79 0.62 0.76 0.51 0.75 0.62 0.98 0.87 0.98 0.98 0.93 0.87 0.93 0.98 0.93 0.75 0.89 0.75 0.98 0.62 0.98 0.75 0.96 0.50 0.79 0.75 0.75 0.75 0.83 0.75 0.91 0.50 0.93 0.62 0.89 0.62 0.86 0.50 0.83 0.62 0.81 0.50 0.79 0.62 0.76 0.51 0.75 0.62 0.93 0.75 0.93 0.87 0.89 0.75 0.89 0.87 0.98 0.62 0.98 0.75 0.98 0.87 0.96 0.50 0.79 0.75 0.79 0.87 0.75 0.75 0.75 0.87 0.83 0.75 0.83 0.87 0.91 0.50 0.93 0.62 0.89 0.62 0.86 0.50 0.83 0.62 0.81 0.50 0.79 0.62 0.76 0.51 0.75 0.62 0.93 0.75 0.93 0.87 0.89 0.75 0.89 0.87 0.98 0.62 0.98 0.75 0.98 0.87 0.96 0.50 0.79 0.75 0.79 0.87 0.75 0.75 0.75 0.87 0.83 0.75 0.83 0.87 0.49 0.49 0.00 0.49 0.49 0.00 0.00 0.00 0.49 0.98 0.00 0.98 0.49 0.50 0.00 0.50 0.49 0.49 0.00 0.49 0.49 0.00 0.00 0.00 0.49 0.49 0.00 0.49 0.49 0.00 0.00 0.00 0.50 0.98 0.50 0.50 0.98 0.98 0.98 0.50 0.49 0.98 0.00 0.98 0.49 0.50 0.00 0.50 0.98 0.49 0.50 0.49 0.98 0.00 0.50 0.00 0.49 0.98 0.00 0.98 0.49 0.50 0.00 0.50 0.50 0.49 0.50 0.00 0.74 0.49 0.98 0.25 0.98 0.00 0.49 0.98 0.00 0.98 0.49 0.50 0.00 0.50 0.49 0.49 0.00 0.49 0.49 0.00 0.00 0.00 0.98 0.49 0.50 0.49 0.98 0.00 0.50 0.00 0.49 0.49 0.00 0.49 0.49 0.00 0.00 0.00 0.49 0.49 0.00 0.49 0.49 0.00 0.00 0.00 0.49 0.98 0.00 0.98 0.49 0.50 0.00 0.50 0.98 0.74 0.98 0.98 0.50 0.98 0.50 0.50 0.74 0.50 0.50 0.98 0.50 0.50 0.98 0.98 0.98 0.50 0.49 0.49 0.00 0.49 0.49 0.00 0.00 0.00 0.49 0.98 0.00 0.98 0.49 0.50 0.00 0.50 0.00 0.98 0.49 0.50 0.49 0.98 0.00 0.98 0.49 0.50 0.00 0.50 0.98 0.98 0.50 0.98 0.98 0.50 0.50 0.50 0.50 0.98 0.50 0.50 0.98 0.98 0.98 0.50 0.49 0.49 0.00 0.49 0.00 0.00 0.49 0.98 0.49 0.50 0.00 0.50 0.98 0.98 0.50 0.98 0.98 0.50 0.50 0.50 0.49 0.98 0.00 0.98 0.49 0.50 0.00 0.50 0.49 0.98 0.00 0.98 0.49 0.50 0.00 0.50 0.98 0.98 0.50 0.98 0.98 0.50 0.50 0.50 0.98 0.74 0.98 0.98 0.50 0.98 0.50 0.98 0.98 0.86 0.98 0.98 0.00 0.98 0.00 0.50 0.98 0.25 0.50 0.00 0.98 0.00 0.98 0.50 0.50 0.50 0.98 0.49 0.50 0.49 0.50 0.50 0.98 0.50 0.98 0.49 0.98 0.50 0.52 0.45 0.47 0.45 0.98 0.07 0.00 0.07 0.47 0.53 0.00 0.91 0.52 0.53 0.98 0.91 </float_array>
                    <technique_common>
                        <accessor source="#geom-035AA0B3-texcoord-array" count="1903" stride="2">
                            <param name="S" type="float" />
                            <param name="T" type="float" />
                        </accessor>
                    </technique_common>
                </source>
                <source id="geom-035AA0B3-colors">
                    <float_array id="geom-035AA0B3-colors-array" count="7512">0.17 0.58 0.87 1.00 0.17 0.58 0.87 1.00 0.17 0.58 0.87 1.00 0.17 0.58 0.87 1.00 0.17 0.58 0.87 1.00 0.17 0.58 0.87 1.00 0.17 0.58 0.87 1.00 0.17 0.58 0.87 1.00 0.17 0.58 0.87 1.00 0.17 0.58 0.87 1.00 0.17 0.58 0.87 1.00 0.17 0.58 0.87 1.00 0.17 0.58 0.87 1.00 0.17 0.58 0.87 1.00 0.17 0.58 0.87 1.00 0.17 0.58 0.87 1.00 0.17 0.58 0.87 1.00 0.17 0.58 0.87 1.00 0.00 0.00 0.00 1.00 0.17 0.58 0.87 1.00 0.00 0.00 0.00 1.00 0.17 0.58 0.87 1.00 0.00 0.00 0.00 1.00 0.17 0.58 0.87 1.00 0.17 0.58 0.87 1.00 0.00 0.00 0.00 1.00 0.00 0.00 0.00 1.00 0.17 0.58 0.87 1.00 0.00 0.00 0.00 1.00 0.17 0.58 0.87 1.00 0.00 0.00 0.00 1.00 0.17 0.58 0.87 1.00 0.00 0.00 0.00 1.00 0.17 0.58 0.87 1.00 0.00 0.00 0.00 1.00 0.17 0.58 0.87 1.00 0.00 0.00 0.00 1.00 0.17 0.58 0.87 1.00 0.00 0.00 0.00 1.00 0.17 0.58 0.87 1.00 0.17 0.58 0.87 1.00 0.00 0.00 0.00 1.00 0.00 0.00 0.00 1.00 0.17 0.58 0.87 1.00 0.00 0.00 0.00 1.00 0.17 0.58 0.87 1.00 0.00 0.00 0.00 1.00 0.17 0.58 0.87 1.00 0.00 0.00 0.00 1.00 0.08 0.06 0.15 1.00 0.32 0.62 1.00 1.00 0.08 0.06 0.15 1.00 0.15 0.33 0.96 1.00 0.27 0.58 1.00 1.00 0.08 0.06 0.15 1.00 0.46 0.80 1.00 1.00 0.08 0.06 0.15 1.00 0.46 0.80 1.00 1.00 0.08 0.06 0.15 1.00 0.33 0.63 1.00 1.00 0.08 0.06 0.15 1.00 0.27 0.58 1.00 1.00 0.46 0.80 1.00 1.00 0.16 0.31 0.78 1.00 0.08 0.18 0.49 1.00 0.15 0.33 0.96 1.00 0.32 0.62 1.00 1.00 0.05 0.13 0.40 1.00 0.12 0.25 0.68 1.00 0.16 0.36 1.00 1.00 0.04 0.12 0.36 1.00 0.33 0.63 1.00 1.00 0.10 0.23 0.61 1.00 0.47 0.82 1.00 1.00 0.08 0.18 0.49 1.00 0.05 0.15 0.43 1.00 0.16 0.31 0.75 1.00 0.47 0.82 1.00 1.00 0.08 0.06 0.15 1.00 0.08 0.18 0.49 1.00 0.13 0.25 0.64 1.00 0.16 0.31 0.78 1.00 0.16 0.31 0.78 1.00 0.05 0.13 0.40 1.00 0.01 0.07 0.28 1.00 0.09 0.19 0.53 1.00 0.00 0.05 0.25 1.00 0.05 0.13 0.38 1.00 0.08 0.17 0.47 1.00 0.15 0.29 0.69 1.00 0.10 0.21 0.55 1.00 0.08 0.18 0.49 1.00 0.13 0.26 0.66 1.00 0.16 0.31 0.75 1.00 0.11 0.23 0.58 1.00 0.47 0.82 1.00 1.00 0.08 0.06 0.15 1.00 0.16 0.36 1.00 1.00 0.08 0.06 0.15 1.00 0.14 0.34 0.97 1.00 0.08 0.06 0.15 1.00 0.05 0.15 0.43 1.00 0.12 0.25 0.68 1.00 0.47 0.82 1.00 1.00 0.32 0.62 1.00 1.00 0.46 0.80 1.00 1.00 0.05 0.13 0.38 1.00 0.08 0.18 0.49 1.00 0.15 0.29 0.69 1.00 0.05 0.15 0.43 1.00 0.16 0.31 0.75 1.00 0.09 0.19 0.50 1.00 0.11 0.23 0.58 1.00 0.03 0.10 0.33 1.00 0.10 0.23 0.61 1.00 0.01 0.07 0.27 1.00 0.04 0.12 0.36 1.00 0.47 0.82 1.00 1.00 0.08 0.18 0.49 1.00 0.46 0.80 1.00 1.00 0.33 0.63 1.00 1.00 0.05 0.13 0.38 1.00 0.10 0.23 0.61 1.00 0.04 0.11 0.34 1.00 0.12 0.25 0.68 1.00 0.09 0.19 0.50 1.00 0.05 0.15 0.43 1.00 0.14 0.33 0.97 1.00 0.15 0.33 0.96 1.00 0.09 0.19 0.53 1.00 0.05 0.13 0.40 1.00 0.15 0.33 0.96 1.00 0.14 0.33 0.97 1.00 0.08 0.06 0.15 1.00 0.08 0.06 0.15 1.00 0.14 0.34 0.97 1.00 0.07 0.17 0.49 1.00 0.16 0.36 1.00 1.00 0.04 0.12 0.36 1.00 0.04 0.12 0.36 1.00 0.07 0.17 0.49 1.00 0.01 0.07 0.27 1.00 0.00 0.05 0.25 1.00 0.08 0.06 0.15 1.00 0.16 0.36 1.00 1.00 0.01 0.07 0.28 1.00 0.05 0.13 0.40 1.00 0.08 0.17 0.47 1.00 0.05 0.13 0.38 1.00 0.13 0.26 0.66 1.00 0.08 0.18 0.49 1.00 0.10 0.21 0.55 1.00 0.13 0.25 0.64 1.00 0.15 0.29 0.69 1.00 0.08 0.18 0.49 1.00 0.05 0.18 0.48 1.00 0.08 0.06 0.15 1.00 0.01 0.13 0.39 1.00 0.08 0.06 0.15 1.00 0.11 0.24 0.56 1.00 0.08 0.06 0.15 1.00 0.00 0.12 0.35 1.00 0.05 0.18 0.48 1.00 0.01 0.13 0.39 1.00 0.12 0.26 0.61 1.00 0.08 0.21 0.51 1.00 0.37 0.63 1.00 1.00 0.11 0.24 0.58 1.00 0.10 0.23 0.57 1.00 0.06 0.17 0.49 1.00 0.40 0.63 1.00 1.00 0.20 0.34 0.82 1.00 0.05 0.19 0.47 1.00 0.42 0.73 1.00 1.00 0.42 0.73 1.00 1.00 0.40 0.63 1.00 1.00 0.26 0.39 0.94 1.00 0.17 0.32 0.75 1.00 0.08 0.21 0.53 1.00 0.28 0.40 1.00 1.00 0.10 0.23 0.57 1.00 0.05 0.19 0.47 1.00 0.36 0.73 1.00 1.00 0.20 0.34 0.82 1.00 0.11 0.24 0.58 1.00 0.37 0.63 1.00 1.00 0.28 0.42 1.00 1.00 0.40 0.73 1.00 1.00 0.36 0.73 1.00 1.00 0.40 0.73 1.00 1.00 0.12 0.24 0.60 1.00 0.42 0.73 1.00 1.00 0.15 0.28 0.64 1.00 0.28 0.42 1.00 1.00 0.15 0.28 0.64 1.00 0.12 0.25 0.61 1.00 0.11 0.24 0.56 1.00 0.13 0.25 0.60 1.00 0.16 0.29 0.67 1.00 0.37 0.64 1.00 1.00 0.16 0.31 0.71 1.00 0.38 0.74 1.00 1.00 0.12 0.25 0.61 1.00 0.18 0.30 0.73 1.00 0.13 0.26 0.64 1.00 0.12 0.25 0.61 1.00 0.09 0.21 0.53 1.00 0.09 0.22 0.55 1.00 0.20 0.43 1.00 1.00 0.08 0.21 0.52 1.00 0.37 0.64 1.00 1.00 0.15 0.27 0.65 1.00 0.07 0.14 0.36 1.00 0.05 0.18 0.47 1.00 0.20 0.17 0.17 1.00 0.00 0.13 0.37 1.00 0.11 0.24 0.56 1.00 0.12 0.24 0.60 1.00 0.11 0.24 0.56 1.00 0.00 0.13 0.35 1.00 0.13 0.25 0.62 1.00 0.13 0.26 0.62 1.00 0.12 0.25 0.62 1.00 0.22 0.34 0.82 1.00 0.38 0.74 1.00 1.00 0.18 0.30 0.73 1.00 0.10 0.18 0.42 1.00 0.22 0.34 0.82 1.00 0.05 0.11 0.27 1.00 0.12 0.25 0.62 1.00 0.18 0.30 0.73 1.00 0.13 0.26 0.64 1.00 0.17 0.28 0.69 1.00 0.07 0.15 0.37 1.00 0.12 0.25 0.62 1.00 0.05 0.18 0.47 1.00 0.20 0.43 1.00 1.00 0.07 0.21 0.51 1.00 0.16 0.31 0.71 1.00 0.10 0.22 0.55 1.00 0.16 0.27 0.65 1.00 0.03 0.16 0.42 1.00 0.06 0.19 0.49 1.00 0.06 0.17 0.49 1.00 0.11 0.24 0.60 1.00 0.08 0.21 0.53 1.00 0.10 0.23 0.55 1.00 0.05 0.18 0.48 1.00 0.16 0.29 0.70 1.00 0.11 0.24 0.58 1.00 0.08 0.21 0.53 1.00 0.15 0.27 0.67 1.00 0.14 0.25 0.63 1.00 0.05 0.18 0.48 1.00 0.14 0.27 0.62 1.00 0.11 0.22 0.56 1.00 0.15 0.26 0.64 1.00 0.08 0.06 0.15 1.00 0.11 0.22 0.56 1.00 0.00 0.12 0.35 1.00 0.15 0.29 0.67 1.00 0.14 0.27 0.62 1.00 0.12 0.25 0.60 1.00 0.15 0.26 0.64 1.00 0.13 0.25 0.62 1.00 0.14 0.27 0.62 1.00 0.15 0.27 0.67 1.00 0.08 0.06 0.15 1.00 0.11 0.24 0.56 1.00 0.16 0.29 0.70 1.00 0.38 0.74 1.00 1.00 0.10 0.22 0.55 1.00 0.16 0.29 0.69 1.00 0.12 0.25 0.60 1.00 0.14 0.26 0.63 1.00 0.17 0.28 0.69 1.00 0.07 0.20 0.50 1.00 0.09 0.21 0.53 1.00 0.15 0.26 0.64 1.00 0.15 0.26 0.64 1.00 0.10 0.22 0.55 1.00 0.11 0.24 0.56 1.00 0.25 0.38 0.94 1.00 0.28 0.40 1.00 1.00 0.19 0.34 0.78 1.00 0.10 0.23 0.57 1.00 0.05 0.18 0.46 1.00 0.13 0.25 0.60 1.00 0.20 0.34 0.78 1.00 0.42 0.73 1.00 1.00 0.12 0.25 0.62 1.00 0.20 0.34 0.78 1.00 0.13 0.26 0.62 1.00 0.15 0.28 0.64 1.00 0.12 0.25 0.62 1.00 0.12 0.25 0.61 1.00 0.10 0.22 0.55 1.00 0.13 0.25 0.64 1.00 0.08 0.16 0.39 1.00 0.12 0.25 0.62 1.00 0.09 0.22 0.55 1.00 0.15 0.27 0.66 1.00 0.18 0.30 0.74 1.00 0.05 0.11 0.27 1.00 0.15 0.25 0.61 1.00 0.15 0.25 0.62 1.00 0.16 0.29 0.67 1.00 0.19 0.32 0.77 1.00 0.19 0.32 0.77 1.00 0.14 0.26 0.63 1.00 0.16 0.27 0.65 1.00 0.15 0.26 0.64 1.00 0.16 0.29 0.69 1.00 0.36 0.75 1.00 1.00 0.13 0.25 0.62 1.00 0.16 0.29 0.69 1.00 0.11 0.24 0.57 1.00 0.36 0.75 1.00 1.00 0.10 0.23 0.55 1.00 0.16 0.29 0.69 1.00 0.05 0.18 0.48 1.00 0.06 0.19 0.49 1.00 0.11 0.24 0.58 1.00 0.07 0.20 0.50 1.00 0.16 0.29 0.70 1.00 0.16 0.29 0.70 1.00 0.29 0.40 1.00 1.00 0.00 0.12 0.35 1.00 0.05 0.17 0.47 1.00 0.00 0.12 0.35 1.00 0.30 0.41 1.00 1.00 0.07 0.21 0.51 1.00 0.00 0.12 0.35 1.00 0.30 0.40 1.00 1.00 0.05 0.18 0.48 1.00 0.30 0.41 1.00 1.00 0.30 0.40 1.00 1.00 0.07 0.21 0.51 1.00 0.04 0.16 0.44 1.00 0.04 0.16 0.44 1.00 0.30 0.40 1.00 1.00 0.00 0.12 0.35 1.00 0.28 0.44 1.00 1.00 0.30 0.44 1.00 1.00 0.00 0.41 1.00 1.00 0.01 0.35 1.00 1.00 0.05 0.17 0.47 1.00 0.05 0.18 0.48 1.00 0.29 0.40 1.00 1.00 0.30 0.40 1.00 1.00 0.30 0.40 1.00 1.00 0.30 0.41 1.00 1.00 0.02 0.35 1.00 1.00 0.01 0.35 1.00 1.00 0.29 0.40 1.00 1.00 0.02 0.33 1.00 1.00 0.30 0.43 1.00 1.00 0.02 0.35 1.00 1.00 0.03 0.16 0.43 1.00 0.00 0.12 0.35 1.00 0.29 0.40 1.00 1.00 0.26 0.39 0.94 1.00 0.28 0.44 1.00 1.00 0.20 0.34 0.78 1.00 0.25 0.38 0.92 1.00 0.18 0.32 0.75 1.00 0.12 0.24 0.60 1.00 0.18 0.32 0.75 1.00 0.00 0.41 1.00 1.00 0.22 0.34 0.82 1.00 0.00 0.39 1.00 1.00 0.25 0.38 0.92 1.00 0.00 0.36 1.00 1.00 0.27 0.42 1.00 1.00 0.30 0.44 1.00 1.00 0.03 0.16 0.43 1.00 0.29 0.40 1.00 1.00 0.05 0.18 0.47 1.00 0.30 0.43 1.00 1.00 0.30 0.43 1.00 1.00 0.01 0.14 0.40 1.00 0.00 0.13 0.36 1.00 0.05 0.18 0.47 1.00 0.30 0.43 1.00 1.00 0.01 0.14 0.40 1.00 0.00 0.13 0.36 1.00 0.30 0.43 1.00 1.00 0.37 0.62 1.00 1.00 0.11 0.24 0.56 1.00 0.22 0.34 0.82 1.00 0.02 0.16 0.42 1.00 0.13 0.58 0.95 1.00 0.00 0.12 0.35 1.00 0.02 0.16 0.42 1.00 0.00 0.12 0.35 1.00 0.11 0.24 0.56 1.00 0.04 0.16 0.44 1.00 0.04 0.16 0.45 1.00 0.07 0.21 0.51 1.00 0.02 0.16 0.41 1.00 0.05 0.17 0.47 1.00 0.04 0.18 0.45 1.00 0.05 0.18 0.48 1.00 0.03 0.16 0.43 1.00 0.05 0.18 0.47 1.00 0.03 0.16 0.43 1.00 0.27 0.42 1.00 1.00 0.13 0.25 0.64 1.00 0.01 0.14 0.40 1.00 0.00 0.12 0.35 1.00 0.00 0.13 0.36 1.00 0.01 0.14 0.40 1.00 0.05 0.18 0.47 1.00 0.05 0.17 0.47 1.00 0.00 0.12 0.35 1.00 0.03 0.16 0.43 1.00 0.00 0.12 0.35 1.00 0.05 0.18 0.48 1.00 0.04 0.16 0.44 1.00 0.00 0.12 0.35 1.00 0.07 0.21 0.51 1.00 0.00 0.12 0.35 1.00 0.11 0.24 0.56 1.00 0.22 0.34 0.82 1.00 0.26 0.39 0.94 1.00 0.29 0.40 1.00 1.00 0.05 0.17 0.47 1.00 0.00 0.12 0.35 1.00 0.00 0.12 0.35 1.00 0.07 0.21 0.51 1.00 0.30 0.41 1.00 1.00 0.00 0.12 0.35 1.00 0.05 0.18 0.48 1.00 0.30 0.40 1.00 1.00 0.30 0.41 1.00 1.00 0.07 0.21 0.51 1.00 0.30 0.40 1.00 1.00 0.04 0.16 0.44 1.00 0.04 0.16 0.44 1.00 0.00 0.12 0.35 1.00 0.30 0.40 1.00 1.00 0.28 0.44 1.00 1.00 0.00 0.41 1.00 1.00 0.30 0.44 1.00 1.00 0.01 0.35 1.00 1.00 0.05 0.17 0.47 1.00 0.29 0.40 1.00 1.00 0.05 0.18 0.48 1.00 0.30 0.40 1.00 1.00 0.30 0.40 1.00 1.00 0.02 0.35 1.00 1.00 0.29 0.40 1.00 1.00 0.02 0.33 1.00 1.00 0.30 0.43 1.00 1.00 0.02 0.35 1.00 1.00 0.03 0.16 0.43 1.00 0.29 0.40 1.00 1.00 0.00 0.12 0.35 1.00 0.26 0.39 0.94 1.00 0.20 0.34 0.78 1.00 0.28 0.44 1.00 1.00 0.25 0.38 0.92 1.00 0.18 0.32 0.75 1.00 0.12 0.24 0.60 1.00 0.18 0.32 0.75 1.00 0.00 0.41 1.00 1.00 0.25 0.38 0.92 1.00 0.00 0.36 1.00 1.00 0.27 0.42 1.00 1.00 0.30 0.44 1.00 1.00 0.03 0.16 0.43 1.00 0.05 0.18 0.47 1.00 0.29 0.40 1.00 1.00 0.30 0.43 1.00 1.00 0.30 0.43 1.00 1.00 0.01 0.14 0.40 1.00 0.00 0.13 0.36 1.00 0.30 0.43 1.00 1.00 0.05 0.18 0.47 1.00 0.01 0.14 0.40 1.00 0.30 0.43 1.00 1.00 0.00 0.13 0.36 1.00 0.37 0.62 1.00 1.00 0.22 0.34 0.82 1.00 0.11 0.24 0.56 1.00 0.02 0.16 0.42 1.00 0.00 0.12 0.35 1.00 0.13 0.58 0.95 1.00 0.02 0.16 0.42 1.00 0.11 0.24 0.56 1.00 0.00 0.12 0.35 1.00 0.04 0.16 0.44 1.00 0.07 0.21 0.51 1.00 0.04 0.16 0.45 1.00 0.05 0.17 0.47 1.00 0.05 0.18 0.48 1.00 0.04 0.18 0.45 1.00 0.03 0.16 0.43 1.00 0.05 0.18 0.47 1.00 0.03 0.16 0.43 1.00 0.27 0.42 1.00 1.00 0.01 0.14 0.40 1.00 0.13 0.25 0.64 1.00 0.00 0.13 0.36 1.00 0.05 0.18 0.47 1.00 0.01 0.14 0.40 1.00 0.05 0.17 0.47 1.00 0.03 0.16 0.43 1.00 0.00 0.12 0.35 1.00 0.00 0.12 0.35 1.00 0.04 0.16 0.44 1.00 0.05 0.18 0.48 1.00 0.07 0.21 0.51 1.00 0.11 0.24 0.56 1.00 0.22 0.34 0.82 1.00 0.26 0.39 0.94 1.00 0.05 0.18 0.48 1.00 0.01 0.13 0.39 1.00 0.08 0.06 0.15 1.00 0.08 0.06 0.15 1.00 0.11 0.24 0.56 1.00 0.05 0.18 0.48 1.00 0.12 0.26 0.61 1.00 0.01 0.13 0.39 1.00 0.08 0.21 0.51 1.00 0.37 0.63 1.00 1.00 0.10 0.23 0.57 1.00 0.11 0.24 0.58 1.00 0.06 0.17 0.49 1.00 0.40 0.63 1.00 1.00 0.05 0.19 0.47 1.00 0.20 0.34 0.82 1.00 0.42 0.73 1.00 1.00 0.42 0.73 1.00 1.00 0.26 0.39 0.94 1.00 0.40 0.63 1.00 1.00 0.17 0.32 0.75 1.00 0.28 0.40 1.00 1.00 0.08 0.21 0.53 1.00 0.10 0.23 0.57 1.00 0.36 0.73 1.00 1.00 0.05 0.19 0.47 1.00 0.20 0.34 0.82 1.00 0.11 0.24 0.58 1.00 0.37 0.63 1.00 1.00 0.28 0.42 1.00 1.00 0.40 0.73 1.00 1.00 0.36 0.73 1.00 1.00 0.12 0.24 0.60 1.00 0.40 0.73 1.00 1.00 0.42 0.73 1.00 1.00 0.28 0.42 1.00 1.00 0.15 0.28 0.64 1.00 0.15 0.28 0.64 1.00 0.12 0.25 0.61 1.00 0.13 0.25 0.60 1.00 0.11 0.24 0.56 1.00 0.16 0.29 0.67 1.00 0.16 0.31 0.71 1.00 0.37 0.64 1.00 1.00 0.38 0.74 1.00 1.00 0.18 0.30 0.73 1.00 0.12 0.25 0.61 1.00 0.13 0.26 0.64 1.00 0.12 0.25 0.61 1.00 0.09 0.22 0.55 1.00 0.09 0.21 0.53 1.00 0.20 0.43 1.00 1.00 0.08 0.21 0.52 1.00 0.37 0.64 1.00 1.00 0.15 0.27 0.65 1.00 0.07 0.14 0.36 1.00 0.00 0.13 0.35 1.00 0.05 0.18 0.47 1.00 0.00 0.13 0.37 1.00 0.11 0.24 0.56 1.00 0.11 0.24 0.56 1.00 0.12 0.24 0.60 1.00 0.00 0.13 0.35 1.00 0.13 0.25 0.62 1.00 0.13 0.26 0.62 1.00 0.12 0.25 0.62 1.00 0.22 0.34 0.82 1.00 0.18 0.30 0.73 1.00 0.38 0.74 1.00 1.00 0.10 0.18 0.42 1.00 0.07 0.15 0.37 1.00 0.22 0.34 0.82 1.00 0.12 0.25 0.62 1.00 0.13 0.26 0.64 1.00 0.18 0.30 0.73 1.00 0.17 0.28 0.69 1.00 0.07 0.15 0.37 1.00 0.05 0.18 0.47 1.00 0.12 0.25 0.62 1.00 0.20 0.43 1.00 1.00 0.07 0.21 0.51 1.00 0.16 0.31 0.71 1.00 0.16 0.27 0.65 1.00 0.10 0.22 0.55 1.00 0.03 0.16 0.42 1.00 0.06 0.17 0.49 1.00 0.06 0.19 0.49 1.00 0.11 0.24 0.60 1.00 0.10 0.23 0.55 1.00 0.08 0.21 0.53 1.00 0.05 0.18 0.48 1.00 0.16 0.29 0.70 1.00 0.11 0.24 0.58 1.00 0.08 0.21 0.53 1.00 0.15 0.27 0.67 1.00 0.14 0.25 0.63 1.00 0.05 0.18 0.48 1.00 0.11 0.22 0.56 1.00 0.14 0.27 0.62 1.00 0.15 0.26 0.64 1.00 0.08 0.06 0.15 1.00 0.11 0.22 0.56 1.00 0.15 0.29 0.67 1.00 0.14 0.27 0.62 1.00 0.12 0.25 0.60 1.00 0.13 0.25 0.62 1.00 0.15 0.26 0.64 1.00 0.14 0.27 0.62 1.00 0.15 0.27 0.67 1.00 0.08 0.06 0.15 1.00 0.11 0.24 0.56 1.00 0.16 0.29 0.70 1.00 0.38 0.74 1.00 1.00 0.10 0.22 0.55 1.00 0.16 0.29 0.69 1.00 0.12 0.25 0.60 1.00 0.14 0.26 0.63 1.00 0.17 0.28 0.69 1.00 0.07 0.20 0.50 1.00 0.09 0.21 0.53 1.00 0.15 0.26 0.64 1.00 0.15 0.26 0.64 1.00 0.10 0.22 0.55 1.00 0.11 0.24 0.56 1.00 0.25 0.38 0.94 1.00 0.19 0.34 0.78 1.00 0.28 0.40 1.00 1.00 0.10 0.23 0.57 1.00 0.05 0.18 0.46 1.00 0.13 0.25 0.60 1.00 0.20 0.34 0.78 1.00 0.42 0.73 1.00 1.00 0.12 0.25 0.62 1.00 0.20 0.34 0.78 1.00 0.13 0.26 0.62 1.00 0.12 0.25 0.62 1.00 0.15 0.28 0.64 1.00 0.12 0.25 0.61 1.00 0.10 0.22 0.55 1.00 0.13 0.25 0.64 1.00 0.08 0.16 0.39 1.00 0.12 0.25 0.62 1.00 0.09 0.22 0.55 1.00 0.15 0.27 0.66 1.00 0.18 0.30 0.74 1.00 0.07 0.15 0.37 1.00 0.18 0.30 0.73 1.00 0.18 0.30 0.74 1.00 0.16 0.29 0.67 1.00 0.19 0.32 0.77 1.00 0.19 0.32 0.77 1.00 0.16 0.29 0.67 1.00 0.14 0.26 0.63 1.00 0.16 0.27 0.65 1.00 0.15 0.26 0.64 1.00 0.16 0.29 0.69 1.00 0.36 0.75 1.00 1.00 0.16 0.29 0.69 1.00 0.13 0.25 0.62 1.00 0.11 0.24 0.57 1.00 0.10 0.23 0.55 1.00 0.36 0.75 1.00 1.00 0.16 0.29 0.69 1.00 0.05 0.18 0.48 1.00 0.06 0.19 0.49 1.00 0.11 0.24 0.58 1.00 0.07 0.20 0.50 1.00 0.16 0.29 0.70 1.00 0.16 0.29 0.70 1.00 0.10 0.21 0.55 1.00 0.08 0.17 0.47 1.00 0.25 0.49 1.00 1.00 0.20 0.44 1.00 1.00 0.03 0.10 0.33 1.00 0.26 0.47 1.00 1.00 0.21 0.40 1.00 1.00 0.13 0.25 0.64 1.00 0.16 0.31 0.78 1.00 0.13 0.26 0.66 1.00 0.11 0.23 0.58 1.00 0.25 0.47 1.00 1.00 0.25 0.49 1.00 1.00 0.20 0.44 1.00 1.00 0.22 0.43 1.00 1.00 0.04 0.11 0.34 1.00 0.21 0.43 1.00 1.00 0.08 0.25 0.83 1.00 0.06 0.27 0.95 1.00 0.09 0.17 0.43 1.00 0.10 0.19 0.47 1.00 0.12 0.31 0.93 1.00 0.45 0.82 1.00 1.00 0.08 0.17 0.43 1.00 0.10 0.19 0.46 1.00 0.33 0.60 1.00 1.00 0.09 0.18 0.44 1.00 0.10 0.19 0.47 1.00 0.45 0.82 1.00 1.00 0.09 0.17 0.43 1.00 0.34 0.60 1.00 1.00 0.12 0.32 0.94 1.00 0.10 0.19 0.46 1.00 0.06 0.27 0.95 1.00 0.05 0.24 0.87 1.00 0.10 0.19 0.47 1.00 0.09 0.18 0.44 1.00 0.05 0.26 0.94 1.00 0.10 0.19 0.46 1.00 0.22 0.43 1.00 1.00 0.20 0.42 1.00 1.00 0.09 0.19 0.50 1.00 0.09 0.18 0.44 1.00 0.11 0.32 1.00 1.00 0.05 0.25 0.88 1.00 0.10 0.33 1.00 1.00 0.05 0.26 0.94 1.00 0.10 0.19 0.46 1.00 0.08 0.30 0.96 1.00 0.08 0.17 0.43 1.00 0.09 0.27 0.85 1.00 0.08 0.30 0.96 1.00 0.09 0.18 0.44 1.00 0.10 0.19 0.46 1.00 0.09 0.31 0.99 1.00 0.11 0.34 1.00 1.00 0.10 0.33 1.00 1.00 0.10 0.19 0.46 1.00 0.08 0.06 0.15 1.00 0.08 0.06 0.15 1.00 0.05 0.22 0.76 1.00 0.12 0.31 0.93 1.00 0.06 0.25 0.85 1.00 0.08 0.17 0.43 1.00 0.09 0.17 0.43 1.00 0.12 0.32 0.94 1.00 0.06 0.25 0.85 1.00 0.08 0.06 0.15 1.00 0.22 0.35 0.74 1.00 0.09 0.27 0.85 1.00 0.14 0.47 1.00 1.00 0.42 0.69 1.00 1.00 0.08 0.25 0.83 1.00 0.24 0.36 0.75 1.00 0.41 0.68 1.00 1.00 0.52 0.80 1.00 1.00 0.00 0.00 0.00 1.00 0.00 0.00 0.00 1.00 0.00 0.00 0.00 1.00 0.00 0.00 0.00 1.00 0.00 0.00 0.00 1.00 0.00 0.00 0.00 1.00 0.00 0.00 0.00 1.00 0.00 0.00 0.00 1.00 0.00 0.00 0.00 1.00 0.00 0.00 0.00 1.00 0.00 0.00 0.00 1.00 0.00 0.00 0.00 1.00 0.00 0.00 0.00 1.00 0.00 0.00 0.00 1.00 0.00 0.00 0.00 1.00 0.00 0.00 0.00 1.00 0.14 0.33 0.97 1.00 0.05 0.21 0.72 1.00 0.08 0.06 0.15 1.00 0.08 0.06 0.15 1.00 0.10 0.31 1.00 1.00 0.09 0.33 1.00 1.00 0.45 0.70 1.00 1.00 0.42 0.65 1.00 1.00 0.09 0.28 0.93 1.00 0.29 0.46 0.95 1.00 0.21 0.43 1.00 1.00 0.22 0.43 1.00 1.00 0.09 0.32 1.00 1.00 0.42 0.62 1.00 1.00 0.09 0.30 0.95 1.00 0.31 0.47 0.96 1.00 0.01 0.19 0.76 1.00 0.00 0.45 1.00 1.00 0.04 0.17 0.56 1.00 0.04 0.11 0.34 1.00 0.05 0.18 0.60 1.00 0.02 0.24 0.93 1.00 0.16 0.31 0.85 1.00 0.45 0.51 0.70 1.00 0.18 0.34 0.90 1.00 0.29 0.42 0.78 1.00 0.23 0.34 0.68 1.00 0.27 0.40 0.75 1.00 0.19 0.29 0.61 1.00 0.00 0.00 0.00 1.00 0.00 0.00 0.00 1.00 0.00 0.00 0.00 1.00 0.00 0.00 0.00 1.00 0.00 0.00 0.00 1.00 0.00 0.00 0.00 1.00 0.00 0.00 0.00 1.00 0.00 0.00 0.00 1.00 0.14 0.34 0.97 1.00 0.20 0.42 1.00 1.00 0.08 0.06 0.15 1.00 0.22 0.43 1.00 1.00 0.20 0.44 1.00 1.00 0.04 0.42 1.00 1.00 0.09 0.28 0.93 1.00 0.29 0.46 0.95 1.00 0.27 0.41 0.84 1.00 0.34 0.51 1.00 1.00 0.36 0.56 1.00 1.00 0.04 0.25 0.93 1.00 0.05 0.32 1.00 1.00 0.09 0.32 1.00 1.00 0.35 0.51 1.00 1.00 0.09 0.32 1.00 1.00 0.06 0.27 0.96 1.00 0.38 0.58 1.00 1.00 0.08 0.35 1.00 1.00 0.38 0.58 1.00 1.00 0.08 0.35 1.00 1.00 0.30 0.45 0.91 1.00 0.09 0.45 1.00 1.00 0.17 0.27 0.58 1.00 0.30 0.45 0.91 1.00 0.31 0.47 0.96 1.00 0.20 0.31 0.64 1.00 0.04 0.13 0.51 1.00 0.32 0.47 0.90 1.00 0.39 0.49 0.78 1.00 0.00 0.07 0.35 1.00 0.00 0.04 0.23 1.00 0.04 0.13 0.51 1.00 0.39 0.49 0.78 1.00 0.32 0.47 0.90 1.00 0.39 0.49 0.78 1.00 0.00 0.05 0.28 1.00 0.49 0.58 0.83 1.00 0.00 0.04 0.22 1.00 0.27 0.41 0.84 1.00 0.18 0.29 0.60 1.00 0.29 0.46 0.95 1.00 0.07 0.15 0.40 1.00 0.11 0.21 0.49 1.00 0.04 0.07 0.17 1.00 0.05 0.09 0.20 1.00 0.13 0.22 0.50 1.00 0.00 0.04 0.25 1.00 0.34 0.42 0.66 1.00 0.00 0.04 0.22 1.00 0.14 0.24 0.54 1.00 0.05 0.09 0.20 1.00 0.09 0.18 0.45 1.00 0.04 0.07 0.17 1.00 0.13 0.22 0.51 1.00 0.24 0.36 0.75 1.00 0.10 0.19 0.46 1.00 0.14 0.23 0.53 1.00 0.00 0.05 0.25 1.00 0.14 0.24 0.53 1.00 0.00 0.04 0.24 1.00 0.00 0.03 0.19 1.00 0.13 0.23 0.52 1.00 0.00 0.04 0.19 1.00 0.00 0.07 0.40 1.00 0.14 0.23 0.53 1.00 0.00 0.04 0.23 1.00 0.00 0.04 0.18 1.00 0.00 0.04 0.18 1.00 0.13 0.22 0.51 1.00 0.04 0.08 0.18 1.00 0.11 0.19 0.47 1.00 0.23 0.38 0.84 1.00 0.22 0.34 0.71 1.00 0.48 0.70 1.00 1.00 0.29 0.42 0.83 1.00 0.11 0.20 0.47 1.00 0.13 0.22 0.52 1.00 0.04 0.09 0.26 1.00 0.00 0.04 0.18 1.00 0.23 0.38 0.84 1.00 0.13 0.25 0.59 1.00 0.11 0.21 0.53 1.00 0.11 0.21 0.53 1.00 0.13 0.25 0.59 1.00 0.11 0.21 0.53 1.00 0.13 0.25 0.58 1.00 0.44 0.55 0.91 1.00 0.13 0.25 0.58 1.00 0.33 0.51 1.00 1.00 0.33 0.51 1.00 1.00 0.18 0.34 0.90 1.00 0.32 0.47 0.93 1.00 0.01 0.13 0.56 1.00 0.00 0.04 0.18 1.00 0.13 0.22 0.52 1.00 0.00 0.04 0.24 1.00 0.32 0.47 0.93 1.00 0.01 0.07 0.34 1.00 0.02 0.09 0.42 1.00 0.01 0.13 0.56 1.00 0.00 0.05 0.25 1.00 0.32 0.47 0.93 1.00 0.23 0.36 0.77 1.00 0.48 0.70 1.00 1.00 0.03 0.14 0.61 1.00 0.16 0.31 0.85 1.00 0.23 0.36 0.77 1.00 0.00 0.13 0.55 1.00 0.03 0.06 0.15 1.00 0.02 0.04 0.11 1.00 0.08 0.16 0.42 1.00 0.01 0.07 0.29 1.00 0.02 0.04 0.11 1.00 0.05 0.13 0.38 1.00 0.00 0.00 0.00 1.00 0.00 0.00 0.00 1.00 0.06 0.14 0.39 1.00 0.10 0.19 0.47 1.00 0.03 0.10 0.33 1.00 0.13 0.22 0.51 1.00 0.03 0.08 0.24 1.00 0.02 0.06 0.18 1.00 0.07 0.15 0.40 1.00 0.00 0.07 0.27 1.00 0.07 0.15 0.40 1.00 0.04 0.07 0.17 1.00 0.02 0.04 0.12 1.00 0.00 0.06 0.26 1.00 0.02 0.04 0.12 1.00 0.00 0.00 0.00 1.00 0.00 0.00 0.00 1.00 0.07 0.15 0.41 1.00 0.00 0.06 0.26 1.00 0.04 0.07 0.17 1.00 0.02 0.04 0.12 1.00 0.02 0.08 0.29 1.00 0.02 0.04 0.12 1.00 0.00 0.00 0.00 1.00 0.00 0.00 0.00 1.00 0.03 0.06 0.15 1.00 0.09 0.17 0.43 1.00 0.17 0.27 0.58 1.00 0.00 0.08 0.32 1.00 0.31 0.47 0.96 1.00 0.04 0.09 0.26 1.00 0.11 0.20 0.47 1.00 0.22 0.34 0.71 1.00 0.23 0.38 0.84 1.00 0.15 0.26 0.58 1.00 0.31 0.47 0.94 1.00 0.11 0.21 0.49 1.00 0.04 0.08 0.18 1.00 0.05 0.32 1.00 1.00 0.25 0.49 1.00 1.00 0.09 0.30 0.95 1.00 0.20 0.44 1.00 1.00 0.22 0.43 1.00 1.00 0.04 0.08 0.18 1.00 0.11 0.19 0.47 1.00 0.11 0.19 0.47 1.00 0.22 0.34 0.71 1.00 0.09 0.17 0.43 1.00 0.15 0.26 0.58 1.00 0.22 0.34 0.71 1.00 0.11 0.19 0.47 1.00 0.29 0.42 0.83 1.00 0.13 0.22 0.51 1.00 0.08 0.16 0.42 1.00 0.05 0.12 0.36 1.00 0.00 0.00 0.00 1.00 0.00 0.00 0.00 1.00 0.05 0.13 0.38 1.00 0.08 0.16 0.42 1.00 0.00 0.00 0.00 1.00 0.00 0.00 0.00 1.00 0.14 0.23 0.53 1.00 0.11 0.21 0.49 1.00 0.15 0.33 0.80 1.00 0.22 0.35 0.74 1.00 0.02 0.06 0.18 1.00 0.00 0.00 0.00 1.00 0.00 0.00 0.00 1.00 0.03 0.08 0.24 1.00 0.04 0.09 0.26 1.00 0.13 0.22 0.51 1.00 0.00 0.04 0.18 1.00 0.16 0.26 0.57 1.00 0.04 0.09 0.26 1.00 0.13 0.22 0.51 1.00 0.35 0.43 0.67 1.00 0.11 0.21 0.49 1.00 0.00 0.04 0.22 1.00 0.05 0.09 0.20 1.00 0.28 0.40 0.75 1.00 0.21 0.32 0.64 1.00 0.46 0.60 1.00 1.00 0.31 0.44 0.80 1.00 0.16 0.25 0.56 1.00 0.13 0.22 0.51 1.00 0.00 0.04 0.22 1.00 0.05 0.09 0.20 1.00 0.00 0.00 0.00 1.00 0.00 0.00 0.00 1.00 0.00 0.00 0.00 1.00 0.00 0.00 0.00 1.00 0.00 0.00 0.00 1.00 0.00 0.00 0.00 1.00 0.00 0.00 0.00 1.00 0.00 0.00 0.00 1.00 0.00 0.00 0.00 1.00 0.04 0.11 0.34 1.00 0.24 0.36 0.75 1.00 0.13 0.22 0.51 1.00 0.18 0.33 0.76 1.00 0.16 0.25 0.56 1.00 0.00 0.00 0.00 1.00 0.05 0.09 0.20 1.00 0.49 0.58 0.83 1.00 0.00 0.04 0.22 1.00 0.14 0.24 0.54 1.00 0.05 0.09 0.20 1.00 0.13 0.22 0.51 1.00 0.27 0.40 0.80 1.00 0.21 0.32 0.67 1.00 0.33 0.51 1.00 1.00 0.44 0.55 0.91 1.00 0.11 0.20 0.47 1.00 0.21 0.32 0.67 1.00 0.13 0.22 0.52 1.00 0.27 0.40 0.80 1.00 0.31 0.47 0.96 1.00 0.22 0.43 1.00 1.00 0.32 0.47 0.90 1.00 0.35 0.51 1.00 1.00 0.20 0.31 0.64 1.00 0.25 0.47 1.00 1.00 0.25 0.49 1.00 1.00 0.36 0.56 1.00 1.00 0.21 0.40 1.00 1.00 0.26 0.47 1.00 1.00 0.21 0.40 1.00 1.00 0.25 0.49 1.00 1.00 0.25 0.49 1.00 1.00 0.16 0.26 0.57 1.00 0.49 0.58 0.83 1.00 0.14 0.24 0.54 1.00 0.20 0.31 0.64 1.00 0.16 0.26 0.57 1.00 0.00 0.05 0.29 1.00 0.01 0.08 0.39 1.00 0.01 0.08 0.39 1.00 0.20 0.31 0.64 1.00 0.00 0.04 0.21 1.00 0.00 0.05 0.29 1.00 0.16 0.26 0.57 1.00 0.38 0.58 1.00 1.00 0.00 0.04 0.24 1.00 0.00 0.04 0.18 1.00 0.13 0.22 0.52 1.00 0.27 0.40 0.80 1.00 0.06 0.10 0.25 1.00 0.02 0.09 0.42 1.00 0.02 0.09 0.42 1.00 0.27 0.40 0.80 1.00 0.32 0.47 0.93 1.00 0.33 0.51 1.00 1.00 0.06 0.10 0.25 1.00 0.13 0.22 0.51 1.00 0.38 0.58 1.00 1.00 0.36 0.56 1.00 1.00 0.06 0.23 0.79 1.00 0.02 0.04 0.11 1.00 0.01 0.13 0.56 1.00 0.39 0.49 0.78 1.00 0.34 0.51 1.00 1.00 0.32 0.47 0.90 1.00 0.00 0.07 0.35 1.00 0.36 0.56 1.00 1.00 0.49 0.58 0.83 1.00 0.32 0.47 0.90 1.00 0.00 0.05 0.28 1.00 0.10 0.17 0.45 1.00 0.29 0.42 0.83 1.00 0.00 0.04 0.24 1.00 0.13 0.22 0.51 1.00 0.00 0.04 0.24 1.00 0.13 0.22 0.51 1.00 0.00 0.05 0.24 1.00 0.04 0.22 0.87 1.00 0.29 0.42 0.83 1.00 0.10 0.17 0.45 1.00 0.00 0.04 0.18 1.00 0.00 0.08 0.42 1.00 0.13 0.23 0.52 1.00 0.14 0.23 0.53 1.00 0.00 0.03 0.19 1.00 0.00 0.04 0.20 1.00 0.13 0.23 0.52 1.00 0.15 0.33 0.80 1.00 0.00 0.07 0.40 1.00 0.00 0.04 0.20 1.00 0.13 0.23 0.52 1.00 0.00 0.05 0.25 1.00 0.14 0.24 0.53 1.00 0.00 0.04 0.21 1.00 0.00 0.05 0.25 1.00 0.00 0.04 0.24 1.00 0.16 0.25 0.56 1.00 0.00 0.04 0.22 1.00 0.18 0.33 0.76 1.00 0.16 0.25 0.56 1.00 0.00 0.08 0.41 1.00 0.14 0.24 0.53 1.00 0.14 0.24 0.53 1.00 0.00 0.05 0.25 1.00 0.11 0.21 0.49 1.00 0.14 0.23 0.53 1.00 0.04 0.08 0.18 1.00 0.00 0.04 0.18 1.00 0.11 0.21 0.49 1.00 0.21 0.32 0.64 1.00 0.34 0.42 0.66 1.00 0.28 0.40 0.75 1.00 0.11 0.21 0.49 1.00 0.05 0.09 0.20 1.00 0.47 0.60 1.00 1.00 0.31 0.44 0.81 1.00 0.29 0.41 0.77 1.00 0.21 0.32 0.65 1.00 0.29 0.41 0.77 1.00 0.21 0.32 0.65 1.00 0.35 0.43 0.67 1.00 0.11 0.21 0.49 1.00 0.38 0.51 0.90 1.00 0.25 0.36 0.71 1.00 0.05 0.15 0.55 1.00 0.00 0.06 0.33 1.00 0.46 0.60 1.00 1.00 0.31 0.44 0.80 1.00 0.47 0.60 1.00 1.00 0.31 0.44 0.81 1.00 0.05 0.09 0.20 1.00 0.11 0.21 0.49 1.00 0.00 0.04 0.22 1.00 0.34 0.42 0.66 1.00 0.13 0.22 0.50 1.00 0.24 0.35 0.69 1.00 0.00 0.04 0.25 1.00 0.00 0.07 0.34 1.00 0.46 0.60 1.00 1.00 0.37 0.50 0.89 1.00 0.28 0.40 0.75 1.00 0.24 0.35 0.69 1.00 0.38 0.51 0.90 1.00 0.05 0.15 0.55 1.00 0.37 0.50 0.89 1.00 0.02 0.10 0.43 1.00 0.00 0.06 0.33 1.00 0.25 0.36 0.71 1.00 0.00 0.05 0.27 1.00 0.13 0.23 0.52 1.00 0.00 0.05 0.27 1.00 0.13 0.23 0.52 1.00 0.00 0.05 0.29 1.00 0.24 0.35 0.69 1.00 0.37 0.50 0.89 1.00 0.00 0.07 0.34 1.00 0.02 0.10 0.43 1.00 0.47 0.60 1.00 1.00 0.38 0.51 0.90 1.00 0.46 0.60 1.00 1.00 0.37 0.50 0.89 1.00 0.24 0.35 0.69 1.00 0.13 0.22 0.50 1.00 0.28 0.40 0.75 1.00 0.34 0.42 0.66 1.00 0.38 0.51 0.90 1.00 0.47 0.60 1.00 1.00 0.25 0.36 0.71 1.00 0.29 0.41 0.77 1.00 0.25 0.36 0.71 1.00 0.29 0.41 0.77 1.00 0.13 0.23 0.52 1.00 0.35 0.43 0.67 1.00 0.00 0.04 0.25 1.00 0.13 0.22 0.50 1.00 0.00 0.04 0.25 1.00 0.13 0.23 0.52 1.00 0.35 0.43 0.67 1.00 0.00 0.05 0.29 1.00 0.00 0.04 0.22 1.00 0.11 0.21 0.53 1.00 0.13 0.25 0.58 1.00 0.13 0.25 0.59 1.00 0.48 0.70 1.00 1.00 0.48 0.70 1.00 1.00 0.00 0.13 0.55 1.00 0.23 0.36 0.77 1.00 0.05 0.08 0.17 1.00 0.16 0.29 0.69 1.00 0.00 0.13 0.55 1.00 0.05 0.08 0.17 1.00 0.04 0.29 1.00 1.00 0.02 0.04 0.11 1.00 0.05 0.08 0.17 1.00 0.15 0.45 1.00 1.00 0.16 0.29 0.69 1.00 0.00 0.08 0.41 1.00 0.35 0.52 1.00 1.00 0.18 0.33 0.76 1.00 0.20 0.50 1.00 1.00 0.04 0.24 0.97 1.00 0.00 0.14 0.66 1.00 0.00 0.05 0.25 1.00 0.20 0.32 0.68 1.00 0.41 0.60 1.00 1.00 0.09 0.35 1.00 1.00 0.00 0.13 0.58 1.00 0.00 0.15 0.70 1.00 0.36 0.65 1.00 1.00 0.39 0.57 1.00 1.00 0.47 0.65 1.00 1.00 0.21 0.33 0.69 1.00 0.15 0.33 0.80 1.00 0.34 0.50 0.98 1.00 0.00 0.08 0.42 1.00 0.29 0.63 1.00 1.00 0.00 0.20 0.93 1.00 0.00 0.13 0.62 1.00 0.27 0.40 0.84 1.00 0.00 0.07 0.40 1.00 0.36 0.53 1.00 1.00 0.01 0.26 1.00 1.00 0.00 0.13 0.57 1.00 0.35 0.49 0.95 1.00 0.13 0.24 0.56 1.00 0.00 0.01 0.07 1.00 0.44 0.60 1.00 1.00 0.04 0.11 0.34 1.00 0.04 0.29 1.00 1.00 0.06 0.19 0.63 1.00 0.05 0.18 0.58 1.00 0.04 0.22 0.87 1.00 0.49 0.55 0.75 1.00 0.46 0.53 0.72 1.00 0.00 0.05 0.29 1.00 0.00 0.05 0.27 1.00 0.00 0.05 0.28 1.00 0.00 0.04 0.23 1.00 0.00 0.00 0.00 1.00 0.34 0.39 0.55 1.00 0.00 0.04 0.25 1.00 0.33 0.38 0.53 1.00 0.00 0.02 0.12 1.00 0.00 0.04 0.24 1.00 0.40 0.48 0.73 1.00 0.49 0.60 0.89 1.00 0.47 0.56 0.80 1.00 0.00 0.04 0.17 1.00 0.00 0.05 0.24 1.00 0.54 0.62 0.82 1.00 0.00 0.04 0.21 1.00 0.00 0.05 0.29 1.00 0.02 0.04 0.11 1.00 0.06 0.23 0.79 1.00 0.07 0.11 0.23 1.00 0.39 0.55 1.00 1.00 0.46 0.62 1.00 1.00 0.01 0.09 0.32 1.00 0.32 0.47 0.93 1.00 0.00 0.05 0.25 1.00 0.23 0.36 0.77 1.00 0.45 0.62 1.00 1.00 0.45 0.62 1.00 1.00 0.03 0.14 0.61 1.00 0.25 0.36 0.71 1.00 0.00 0.05 0.23 1.00 0.36 0.49 0.87 1.00 0.64 0.81 1.00 1.00 0.58 0.75 1.00 1.00 0.02 0.09 0.40 1.00 0.31 0.44 0.80 1.00 0.36 0.49 0.87 1.00 0.00 0.03 0.18 1.00 0.01 0.04 0.18 1.00 0.41 0.55 0.96 1.00 0.43 0.51 0.71 1.00 0.32 0.45 0.82 1.00 0.00 0.00 0.02 1.00 0.24 0.35 0.69 1.00 0.45 0.59 1.00 1.00 0.39 0.52 0.92 1.00 0.51 0.62 0.72 1.00 0.00 0.02 0.10 1.00 0.02 0.07 0.26 1.00 0.40 0.53 0.93 1.00 0.31 0.43 0.79 1.00 0.00 0.03 0.14 1.00 0.36 0.49 0.87 1.00 0.47 0.61 1.00 1.00 0.45 0.59 1.00 1.00 0.42 0.55 0.96 1.00 0.29 0.41 0.76 1.00 0.39 0.52 0.91 1.00 0.59 0.75 1.00 1.00 0.48 0.64 1.00 1.00 0.44 0.49 0.65 1.00 0.21 0.32 0.65 1.00 0.31 0.44 0.80 1.00 0.47 0.58 0.72 1.00 0.33 0.45 0.83 1.00 0.01 0.03 0.13 1.00 0.05 0.15 0.55 1.00 0.39 0.52 0.91 1.00 0.40 0.53 0.93 1.00 0.00 0.01 0.07 1.00 0.14 0.25 0.60 1.00 0.47 0.62 0.80 1.00 0.00 0.04 0.24 1.00 0.00 0.04 0.18 1.00 0.00 0.04 0.24 1.00 0.00 0.04 0.18 1.00 0.00 0.04 0.23 1.00 0.00 0.04 0.20 1.00 0.01 0.07 0.27 1.00 0.11 0.20 0.48 1.00 0.00 0.02 0.08 1.00 0.00 0.07 0.34 1.00 0.00 0.04 0.22 1.00 0.00 0.04 0.22 1.00 0.07 0.15 0.40 1.00 0.15 0.33 0.80 1.00 0.22 0.35 0.74 1.00 0.09 0.27 0.85 1.00 0.14 0.38 1.00 1.00 0.08 0.30 0.96 1.00 0.11 0.32 1.00 1.00 0.05 0.25 0.88 1.00 0.11 0.34 1.00 1.00 0.06 0.27 0.95 1.00 0.12 0.31 0.89 1.00 0.08 0.25 0.83 1.00 0.14 0.38 1.00 1.00 0.08 0.30 0.96 1.00 0.24 0.36 0.75 1.00 0.71 0.78 1.00 1.00 0.22 0.31 0.60 1.00 0.65 0.73 0.96 1.00 0.76 0.87 0.97 1.00 0.76 0.87 0.97 1.00 1.00 1.00 1.00 1.00 0.76 0.87 0.97 1.00 0.78 0.84 1.00 1.00 0.80 0.85 1.00 1.00 0.37 0.46 0.73 1.00 0.30 0.39 0.66 1.00 0.22 0.31 0.60 1.00 0.22 0.31 0.60 1.00 0.76 0.87 0.97 1.00 0.73 0.80 1.00 1.00 0.71 0.78 1.00 1.00 0.33 0.41 0.68 1.00 0.22 0.31 0.60 1.00 0.22 0.31 0.60 1.00 0.22 0.31 0.60 1.00 0.76 0.82 1.00 1.00 0.61 0.69 0.92 1.00 0.65 0.73 0.96 1.00 0.35 0.44 0.71 1.00 0.30 0.39 0.66 1.00 0.76 0.87 0.97 1.00 0.76 0.82 1.00 1.00 0.76 0.87 0.97 1.00 0.76 0.87 0.97 1.00 0.76 0.87 0.97 1.00 0.76 0.87 0.97 1.00 0.35 0.44 0.71 1.00 0.22 0.31 0.60 1.00 0.33 0.41 0.68 1.00 0.76 0.87 0.97 1.00 0.22 0.31 0.60 1.00 0.22 0.31 0.60 1.00 0.80 0.85 1.00 1.00 0.61 0.69 0.92 1.00 0.76 0.82 1.00 1.00 0.35 0.44 0.71 1.00 0.76 0.87 0.97 1.00 0.76 0.87 0.97 1.00 0.76 0.87 0.97 1.00 0.22 0.31 0.60 1.00 0.78 0.84 1.00 1.00 0.33 0.42 0.69 1.00 0.54 0.62 0.86 1.00 1.00 1.00 1.00 1.00 0.88 0.92 1.00 1.00 0.73 0.80 1.00 1.00 0.76 0.82 1.00 1.00 0.27 0.36 0.64 1.00 0.60 0.67 0.91 1.00 0.22 0.31 0.60 1.00 0.22 0.31 0.60 1.00 0.22 0.31 0.60 1.00 0.22 0.31 0.60 1.00 0.94 0.96 1.00 1.00 0.78 0.83 1.00 1.00 0.78 0.84 1.00 1.00 0.71 0.78 1.00 1.00 0.22 0.31 0.60 1.00 0.22 0.31 0.60 1.00 0.22 0.31 0.60 1.00 0.25 0.34 0.62 1.00 0.26 0.35 0.64 1.00 0.54 0.62 0.86 1.00 0.28 0.37 0.65 1.00 0.22 0.31 0.60 1.00 0.52 0.60 0.84 1.00 0.25 0.34 0.62 1.00 0.81 0.86 1.00 1.00 0.52 0.60 0.84 1.00 0.76 0.82 1.00 1.00 1.00 1.00 1.00 1.00 0.28 0.37 0.65 1.00 0.22 0.31 0.60 1.00 0.71 0.78 1.00 1.00 0.88 0.92 1.00 1.00 0.22 0.31 0.60 1.00 0.22 0.31 0.60 1.00 0.60 0.67 0.91 1.00 0.26 0.35 0.64 1.00 0.25 0.34 0.62 1.00 0.28 0.37 0.65 1.00 0.88 0.92 1.00 1.00 0.81 0.86 1.00 1.00 0.81 0.86 1.00 1.00 0.22 0.31 0.60 1.00 0.31 0.44 0.80 1.00 0.05 0.15 0.48 1.00 0.31 0.44 0.81 1.00 0.05 0.16 0.48 1.00 0.15 0.24 0.54 1.00 0.41 0.68 1.00 1.00 0.15 0.25 0.54 1.00 0.22 0.35 0.74 1.00 0.02 0.24 0.93 1.00 0.04 0.29 1.00 1.00 0.05 0.18 0.60 1.00 0.06 0.19 0.63 1.00 0.04 0.17 0.56 1.00 0.04 0.11 0.34 1.00 0.05 0.18 0.58 1.00 0.04 0.11 0.34 1.00 0.06 0.19 0.63 1.00 0.05 0.18 0.60 1.00 0.01 0.19 0.76 1.00 0.04 0.17 0.56 1.00 0.04 0.22 0.87 1.00 0.05 0.18 0.58 1.00 0.04 0.29 1.00 1.00 0.02 0.24 0.93 1.00 0.00 0.13 0.55 1.00 0.16 0.31 0.85 1.00 0.18 0.34 0.90 1.00 0.01 0.19 0.76 1.00 0.01 0.13 0.56 1.00 0.04 0.22 0.87 1.00 0.29 0.46 0.95 1.00 0.00 0.15 0.60 1.00 0.42 0.65 1.00 1.00 0.98 1.00 1.00 1.00 0.23 0.34 0.68 1.00 0.65 0.81 1.00 1.00 0.29 0.42 0.78 1.00 1.00 1.00 1.00 1.00 0.19 0.29 0.61 1.00 0.98 1.00 1.00 1.00 0.23 0.34 0.68 1.00 0.75 0.93 1.00 1.00 0.27 0.40 0.75 1.00 1.00 1.00 1.00 1.00 0.19 0.29 0.61 1.00 0.75 0.93 1.00 1.00 0.65 0.81 1.00 1.00 0.27 0.40 0.75 1.00 0.29 0.42 0.78 1.00 0.05 0.12 0.36 1.00 0.00 0.05 0.25 1.00 0.00 0.00 0.00 1.00 0.00 0.00 0.00 1.00 0.00 0.05 0.25 1.00 0.00 0.05 0.25 1.00 0.00 0.00 0.00 1.00 0.00 0.00 0.00 1.00 0.00 0.05 0.25 1.00 0.00 0.05 0.25 1.00 0.00 0.00 0.00 1.00 0.00 0.00 0.00 1.00 0.03 0.10 0.33 1.00 0.00 0.05 0.25 1.00 0.00 0.00 0.00 1.00 0.00 0.00 0.00 1.00 0.00 0.06 0.26 1.00 0.00 0.05 0.25 1.00 0.07 0.15 0.40 1.00 0.05 0.15 0.50 1.00 0.08 0.16 0.42 1.00 0.00 0.05 0.25 1.00 0.14 0.23 0.53 1.00 0.04 0.11 0.34 1.00 0.00 0.06 0.26 1.00 0.00 0.05 0.25 1.00 0.00 0.00 0.00 1.00 0.00 0.00 0.00 1.00 0.00 0.05 0.25 1.00 0.02 0.08 0.29 1.00 0.00 0.00 0.00 1.00 0.00 0.00 0.00 1.00 0.31 0.47 0.94 1.00 0.10 0.19 0.46 1.00 0.42 0.53 0.87 1.00 0.10 0.19 0.45 1.00 0.15 0.25 0.55 1.00 0.14 0.23 0.53 1.00 0.42 0.69 1.00 1.00 0.24 0.36 0.75 1.00 0.08 0.16 0.42 1.00 0.01 0.07 0.29 1.00 0.00 0.05 0.25 1.00 0.00 0.05 0.25 1.00 0.00 0.05 0.25 1.00 0.00 0.05 0.25 1.00 0.00 0.06 0.29 1.00 0.07 0.15 0.40 1.00 0.00 0.07 0.27 1.00 0.00 0.05 0.25 1.00 0.00 0.00 0.00 1.00 0.00 0.00 0.00 1.00 0.01 0.07 0.29 1.00 0.00 0.00 0.00 1.00 0.00 0.00 0.00 1.00 0.15 0.28 0.69 1.00 0.31 0.47 0.94 1.00 0.05 0.12 0.36 1.00 0.00 0.06 0.29 1.00 0.00 0.05 0.25 1.00 0.15 0.28 0.69 1.00 0.00 0.00 0.00 1.00 0.00 0.00 0.00 1.00 0.42 0.62 1.00 1.00 0.45 0.70 1.00 1.00 0.00 0.13 0.51 1.00 0.31 0.47 0.96 1.00 0.00 0.08 0.32 1.00 0.10 0.19 0.45 1.00 0.11 0.21 0.53 1.00 0.42 0.53 0.87 1.00 0.44 0.55 0.91 1.00 0.10 0.19 0.46 1.00 0.11 0.21 0.53 1.00 0.10 0.19 0.45 1.00 0.11 0.21 0.53 1.00 0.23 0.38 0.84 1.00 0.11 0.21 0.53 1.00 0.31 0.47 0.94 1.00 0.10 0.19 0.46 1.00 0.22 0.35 0.74 1.00 0.11 0.21 0.49 1.00 0.15 0.25 0.54 1.00 0.08 0.16 0.42 1.00 0.28 0.34 0.58 1.00 0.13 0.22 0.51 1.00 0.03 0.10 0.33 1.00 0.00 0.05 0.25 1.00 0.00 0.07 0.27 1.00 0.00 0.00 0.00 1.00 0.00 0.00 0.00 1.00 0.00 0.05 0.25 1.00 0.28 0.34 0.58 1.00 0.03 0.10 0.33 1.00 0.07 0.15 0.41 1.00 0.00 0.06 0.26 1.00 0.09 0.18 0.45 1.00 0.02 0.08 0.29 1.00 0.03 0.10 0.33 1.00 0.04 0.11 0.34 1.00 0.00 0.05 0.25 1.00 0.00 0.00 0.00 1.00 0.00 0.00 0.00 1.00 0.05 0.15 0.50 1.00 0.00 0.05 0.25 1.00 0.08 0.16 0.42 1.00 0.00 0.00 0.00 1.00 0.00 0.00 0.00 1.00 0.00 0.06 0.26 1.00 0.18 0.29 0.60 1.00 0.00 0.08 0.30 1.00 0.29 0.46 0.95 1.00 0.00 0.15 0.60 1.00 0.21 0.32 0.67 1.00 0.00 0.09 0.39 1.00 0.44 0.55 0.91 1.00 0.42 0.53 0.87 1.00 0.11 0.20 0.47 1.00 0.07 0.15 0.40 1.00 0.21 0.32 0.67 1.00 0.00 0.09 0.39 1.00 0.21 0.32 0.64 1.00 0.02 0.10 0.36 1.00 0.31 0.44 0.80 1.00 0.05 0.15 0.48 1.00 0.31 0.44 0.81 1.00 0.05 0.16 0.48 1.00 0.21 0.32 0.65 1.00 0.02 0.10 0.37 1.00 0.21 0.32 0.65 1.00 0.02 0.10 0.37 1.00 0.11 0.21 0.49 1.00 0.07 0.15 0.41 1.00 0.11 0.21 0.49 1.00 0.07 0.15 0.40 1.00 0.21 0.32 0.64 1.00 0.02 0.10 0.36 1.00 0.13 0.22 0.51 1.00 0.14 0.24 0.54 1.00 0.13 0.25 0.58 1.00 0.13 0.25 0.59 1.00 0.45 0.51 0.70 1.00 0.16 0.31 0.85 1.00 0.18 0.34 0.90 1.00 0.17 0.27 0.58 1.00 0.52 0.80 1.00 1.00 0.17 0.27 0.58 1.00 0.52 0.80 1.00 1.00 0.90 1.00 1.00 1.00 1.00 1.00 1.00 1.00 0.67 0.77 1.00 1.00 0.90 1.00 1.00 1.00 0.11 0.21 0.60 1.00 0.90 1.00 1.00 1.00 0.08 0.16 0.45 1.00 0.90 1.00 1.00 1.00 0.11 0.21 0.60 1.00 0.28 0.38 0.92 1.00 0.44 0.95 1.00 1.00 0.42 0.57 0.85 1.00 0.41 0.91 0.93 1.00 0.11 0.21 0.60 1.00 0.09 0.18 0.50 1.00 0.36 0.74 0.83 1.00 0.90 1.00 1.00 1.00 0.11 0.17 0.58 1.00 0.35 0.72 0.80 1.00 0.09 0.18 0.50 1.00 0.36 0.74 0.83 1.00 0.09 0.18 0.50 1.00 0.35 0.72 0.80 1.00 0.09 0.26 0.52 1.00 0.37 0.80 0.84 1.00 0.12 0.27 0.58 1.00 0.37 0.81 0.84 1.00 0.08 0.15 0.43 1.00 0.35 0.74 0.81 1.00 0.08 0.15 0.46 1.00 0.35 0.69 0.78 1.00 1.00 1.00 1.00 1.00 0.28 0.45 0.93 1.00 0.12 0.23 0.64 1.00 1.00 1.00 1.00 1.00 0.11 0.21 0.60 1.00 1.00 1.00 1.00 1.00 0.74 1.00 1.00 1.00 1.00 1.00 1.00 1.00 1.00 1.00 1.00 1.00 0.12 0.27 0.58 1.00 0.37 0.81 0.84 1.00 0.09 0.15 0.52 1.00 0.35 0.69 0.78 1.00 0.18 0.27 0.76 1.00 0.09 0.18 0.52 1.00 1.00 1.00 1.00 1.00 0.53 0.69 0.98 1.00 1.00 1.00 1.00 1.00 0.27 0.48 1.00 1.00 0.53 0.69 0.98 1.00 0.09 0.18 0.50 1.00 1.00 1.00 1.00 1.00 0.36 0.52 0.99 1.00 0.11 0.22 0.62 1.00 1.00 1.00 1.00 1.00 0.11 0.21 0.60 1.00 1.00 1.00 1.00 1.00 0.33 0.50 1.00 1.00 1.00 1.00 1.00 1.00 0.67 0.77 1.00 1.00 0.20 0.27 0.75 1.00 0.40 0.82 0.92 1.00 0.09 0.18 0.50 1.00 0.36 0.74 0.83 1.00 0.67 0.77 1.00 1.00 0.38 0.53 0.82 1.00 0.44 0.93 0.95 1.00 1.00 1.00 1.00 1.00 0.20 0.35 0.81 1.00 0.38 0.86 0.87 1.00 0.38 0.53 0.82 1.00 0.44 0.93 0.95 1.00 0.09 0.18 0.50 1.00 0.35 0.72 0.80 1.00 1.00 1.00 1.00 1.00 0.13 0.25 0.69 1.00 0.55 0.66 1.00 1.00 1.00 1.00 1.00 1.00 0.83 0.91 1.00 1.00 1.00 1.00 1.00 1.00 0.29 0.45 1.00 1.00 1.00 1.00 1.00 1.00 0.11 0.21 0.60 1.00 0.11 0.16 0.58 1.00 0.39 0.77 0.89 1.00 0.20 0.31 0.61 1.00 0.38 0.82 0.87 1.00 0.11 0.21 0.60 1.00 0.09 0.18 0.50 1.00 0.36 0.74 0.83 1.00 1.00 1.00 1.00 1.00 0.17 0.31 0.76 1.00 0.35 0.71 0.80 1.00 0.09 0.18 0.50 1.00 0.36 0.74 0.83 1.00 0.42 0.57 0.85 1.00 0.39 0.88 0.87 1.00 0.15 0.28 0.69 1.00 0.31 0.47 0.94 1.00 0.76 0.83 1.00 1.00 0.42 0.53 0.87 1.00 0.75 0.93 1.00 1.00 1.00 1.00 1.00 1.00 0.78 0.84 1.00 1.00 1.00 1.00 1.00 1.00 0.65 0.81 1.00 1.00 0.56 0.64 0.87 1.00 0.67 0.71 0.82 1.00 0.03 0.10 0.33 1.00 0.28 0.34 0.58 1.00 0.62 0.69 0.92 1.00 0.78 0.84 1.00 1.00 0.75 0.93 1.00 1.00 0.05 0.15 0.50 1.00 0.66 0.70 0.81 1.00 0.07 0.15 0.40 1.00 0.02 0.10 0.36 1.00 1.00 1.00 1.00 1.00 0.98 1.00 1.00 1.00 1.00 1.00 1.00 1.00 1.00 1.00 1.00 1.00 0.05 0.16 0.48 1.00 0.90 0.93 1.00 1.00 0.02 0.10 0.37 1.00 0.67 0.71 0.82 1.00 1.00 1.00 1.00 1.00 1.00 1.00 1.00 1.00 0.91 0.93 1.00 1.00 0.68 0.87 1.00 1.00 0.21 0.34 0.73 1.00 0.08 0.16 0.42 1.00 0.13 0.23 0.56 1.00 0.15 0.25 0.55 1.00 0.14 0.23 0.53 1.00 0.68 0.87 1.00 1.00 0.93 0.95 1.00 1.00 0.21 0.34 0.73 1.00 0.08 0.16 0.42 1.00 1.00 1.00 1.00 1.00 1.00 1.00 1.00 1.00 0.68 0.87 1.00 1.00 0.93 0.95 1.00 1.00 0.02 0.10 0.36 1.00 0.66 0.70 0.81 1.00 0.05 0.15 0.48 1.00 0.33 0.46 0.84 1.00 0.90 0.93 1.00 1.00 0.33 0.46 0.84 1.00 0.98 1.00 1.00 1.00 1.00 1.00 1.00 1.00 1.00 1.00 1.00 1.00 1.00 1.00 1.00 1.00 1.00 1.00 1.00 1.00 1.00 1.00 1.00 1.00 0.15 0.28 0.69 1.00 1.00 1.00 1.00 1.00 0.00 0.06 0.29 1.00 0.91 0.93 1.00 1.00 0.15 0.24 0.54 1.00 0.15 0.25 0.54 1.00 0.14 0.23 0.53 1.00 0.21 0.34 0.73 1.00 0.13 0.23 0.56 1.00 0.00 0.05 0.25 1.00 0.14 0.23 0.53 1.00 0.08 0.16 0.42 1.00 0.15 0.25 0.54 1.00 0.91 0.93 1.00 1.00 0.68 0.87 1.00 1.00 0.14 0.23 0.53 1.00 0.21 0.34 0.73 1.00 0.00 0.06 0.29 1.00 0.91 0.93 1.00 1.00 0.00 0.05 0.25 1.00 0.14 0.23 0.53 1.00 0.76 0.83 1.00 1.00 1.00 1.00 1.00 1.00 0.28 0.34 0.58 1.00 0.78 0.84 1.00 1.00 0.00 0.05 0.25 1.00 1.00 1.00 1.00 1.00 0.00 0.09 0.39 1.00 1.00 1.00 1.00 1.00 0.42 0.53 0.87 1.00 0.76 0.83 1.00 1.00 0.00 0.05 0.25 1.00 1.00 1.00 1.00 1.00 0.07 0.15 0.40 1.00 0.00 0.09 0.39 1.00 1.00 1.00 1.00 1.00 0.78 0.84 1.00 1.00 1.00 1.00 1.00 1.00 0.08 0.16 0.42 1.00 0.05 0.15 0.50 1.00 0.66 0.70 0.81 1.00 0.05 0.15 0.48 1.00 0.33 0.46 0.84 1.00 0.05 0.16 0.48 1.00 0.90 0.93 1.00 1.00 0.33 0.46 0.84 1.00 0.66 0.70 0.81 1.00 1.00 1.00 1.00 1.00 0.93 0.95 1.00 1.00 0.67 0.71 0.82 1.00 0.90 0.93 1.00 1.00 0.65 0.81 1.00 1.00 0.98 1.00 1.00 1.00 0.02 0.10 0.37 1.00 0.67 0.71 0.82 1.00 0.07 0.15 0.41 1.00 0.03 0.10 0.33 1.00 0.00 0.08 0.32 1.00 0.00 0.13 0.51 1.00 0.62 0.69 0.92 1.00 0.03 0.10 0.33 1.00 0.13 0.22 0.51 1.00 0.09 0.18 0.45 1.00 0.62 0.69 0.92 1.00 0.56 0.64 0.87 1.00 0.00 0.15 0.60 1.00 0.62 0.69 0.92 1.00 0.00 0.13 0.51 1.00 0.13 0.22 0.51 1.00 0.28 0.34 0.58 1.00 0.00 0.08 0.30 1.00 0.56 0.64 0.87 1.00 0.56 0.64 0.87 1.00 0.00 0.08 0.30 1.00 0.17 0.27 0.58 1.00 0.17 0.27 0.58 1.00 </float_array>
                    <technique_common>
                        <accessor source="#geom-035AA0B3-colors-array" count="1878" stride="4">
                            <param name="R" type="float" />
                            <param name="G" type="float" />
                            <param name="B" type="float" />
                            <param name="A" type="float" />
                        </accessor>
                    </technique_common>
                </source>
                <vertices id="geom-035AA0B3-vtx">
                    <input semantic="POSITION" source="#geom-035AA0B3-pos" />
                </vertices>
                <triangles count="144" material="material-001E5088-symbol">
                    <input semantic="VERTEX" source="#geom-035AA0B3-vtx" offset="0" />
                    <input semantic="TEXCOORD" source="#geom-035AA0B3-texcoord" offset="0" />
                    <input semantic="COLOR" source="#geom-035AA0B3-colors" offset="0" />
                    <p>0 1 2 2 5 0 4 5 2 2 7 4 6 7 2 2 9 6 8 9 2 2 11 8 10 11 2 2 13 10 12 13 2 2 15 12 14 15 2 14 2 16 16 2 3 2 1 3 17 18 19 17 23 18 18 23 25 23 24 25 25 24 26 24 30 26 29 30 24 29 28 30 27 28 29 27 33 28 28 33 34 33 32 34 31 32 33 31 38 32 37 38 31 37 36 38 35 36 37 35 39 36 36 39 41 39 40 41 41 40 42 40 45 42 42 45 46 45 44 46 43 44 45 43 47 44 44 47 48 47 21 48 48 21 22 21 20 22 19 20 21 19 18 20 </p>
                </triangles>
            </mesh>
        </geometry>
    </library_geometries>
    <library_visual_scenes>
        <visual_scene id="default">
            <node id="node-03A3CA4D" name="node-03A3CA4D">
                <translate>0.0 0.0 0.0</translate>
                <rotate>0.0 0.0 1.0 0.0</rotate>
                <rotate>0.0 1.0 0.0 0.0</rotate>
                <rotate>1.0 0.0 0.0 0.0</rotate>
                <scale>1.0 1.0 1.0</scale>
                <instance_geometry url="#geom-03A3CA4D">
                    <bind_material>
                        <technique_common>
                            <instance_material symbol="material-004E28A6-symbol" target="#material-004E28A6" />
                        </technique_common>
                    </bind_material>
                </instance_geometry>
            </node>
            <node id="node-00C21CB7" name="node-00C21CB7">
                <translate>0.0 0.0 0.0</translate>
                <rotate>0.0 0.0 1.0 0.0</rotate>
                <rotate>0.0 1.0 0.0 0.0</rotate>
                <rotate>1.0 0.0 0.0 0.0</rotate>
                <scale>1.0 1.0 1.0</scale>
                <instance_geometry url="#geom-00C21CB7">
                    <bind_material>
                        <technique_common>
                            <instance_material symbol="material-02BF6DD9-symbol" target="#material-02BF6DD9" />
                        </technique_common>
                    </bind_material>
                </instance_geometry>
            </node>
            <node id="node-02D30277" name="node-02D30277">
                <translate>0.0 0.0 0.0</translate>
                <rotate>0.0 0.0 1.0 0.0</rotate>
                <rotate>0.0 1.0 0.0 0.0</rotate>
                <rotate>1.0 0.0 0.0 0.0</rotate>
                <scale>1.0 1.0 1.0</scale>
                <instance_geometry url="#geom-02D30277">
                    <bind_material>
                        <technique_common>
                            <instance_material symbol="material-0110D4CE-symbol" target="#material-0110D4CE" />
                        </technique_common>
                    </bind_material>
                </instance_geometry>
            </node>
            <node id="node-016B1635" name="node-016B1635">
                <translate>0.0 0.0 0.0</translate>
                <rotate>0.0 0.0 1.0 0.0</rotate>
                <rotate>0.0 1.0 0.0 0.0</rotate>
                <rotate>1.0 0.0 0.0 0.0</rotate>
                <scale>1.0 1.0 1.0</scale>
                <instance_geometry url="#geom-016B1635">
                    <bind_material>
                        <technique_common>
                            <instance_material symbol="material-00BADCA4-symbol" target="#material-00BADCA4" />
                        </technique_common>
                    </bind_material>
                </instance_geometry>
            </node>
            <node id="node-00C3C7E2" name="node-00C3C7E2">
                <translate>0.0 0.0 0.0</translate>
                <rotate>0.0 0.0 1.0 0.0</rotate>
                <rotate>0.0 1.0 0.0 0.0</rotate>
                <rotate>1.0 0.0 0.0 0.0</rotate>
                <scale>1.0 1.0 1.0</scale>
                <instance_geometry url="#geom-00C3C7E2">
                    <bind_material>
                        <technique_common>
                            <instance_material symbol="material-01BCDD96-symbol" target="#material-01BCDD96" />
                        </technique_common>
                    </bind_material>
                </instance_geometry>
            </node>
            <node id="node-02E206F7" name="node-02E206F7">
                <translate>0.0 0.0 0.0</translate>
                <rotate>0.0 0.0 1.0 0.0</rotate>
                <rotate>0.0 1.0 0.0 0.0</rotate>
                <rotate>1.0 0.0 0.0 0.0</rotate>
                <scale>1.0 1.0 1.0</scale>
                <instance_geometry url="#geom-02E206F7">
                    <bind_material>
                        <technique_common>
                            <instance_material symbol="material-01977B41-symbol" target="#material-01977B41" />
                        </technique_common>
                    </bind_material>
                </instance_geometry>
            </node>
            <node id="node-01F23EB6" name="node-01F23EB6">
                <translate>0.0 0.0 0.0</translate>
                <rotate>0.0 0.0 1.0 0.0</rotate>
                <rotate>0.0 1.0 0.0 0.0</rotate>
                <rotate>1.0 0.0 0.0 0.0</rotate>
                <scale>1.0 1.0 1.0</scale>
                <instance_geometry url="#geom-01F23EB6">
                    <bind_material>
                        <technique_common>
                            <instance_material symbol="material-0253554A-symbol" target="#material-0253554A" />
                        </technique_common>
                    </bind_material>
                </instance_geometry>
            </node>
            <node id="node-01843466" name="node-01843466">
                <translate>0.0 0.0 0.0</translate>
                <rotate>0.0 0.0 1.0 0.0</rotate>
                <rotate>0.0 1.0 0.0 0.0</rotate>
                <rotate>1.0 0.0 0.0 0.0</rotate>
                <scale>1.0 1.0 1.0</scale>
                <instance_geometry url="#geom-01843466">
                    <bind_material>
                        <technique_common>
                            <instance_material symbol="material-00EDFF9A-symbol" target="#material-00EDFF9A" />
                        </technique_common>
                    </bind_material>
                </instance_geometry>
            </node>
            <node id="node-01A5D799" name="node-01A5D799">
                <translate>0.0 0.0 0.0</translate>
                <rotate>0.0 0.0 1.0 0.0</rotate>
                <rotate>0.0 1.0 0.0 0.0</rotate>
                <rotate>1.0 0.0 0.0 0.0</rotate>
                <scale>1.0 1.0 1.0</scale>
                <instance_geometry url="#geom-01A5D799">
                    <bind_material>
                        <technique_common>
                            <instance_material symbol="material-0291C1C8-symbol" target="#material-0291C1C8" />
                        </technique_common>
                    </bind_material>
                </instance_geometry>
            </node>
            <node id="node-02D49469" name="node-02D49469">
                <translate>0.0 0.0 0.0</translate>
                <rotate>0.0 0.0 1.0 0.0</rotate>
                <rotate>0.0 1.0 0.0 0.0</rotate>
                <rotate>1.0 0.0 0.0 0.0</rotate>
                <scale>1.0 1.0 1.0</scale>
                <instance_geometry url="#geom-02D49469">
                    <bind_material>
                        <technique_common>
                            <instance_material symbol="material-034DDFBB-symbol" target="#material-034DDFBB" />
                        </technique_common>
                    </bind_material>
                </instance_geometry>
            </node>
            <node id="node-017937B6" name="node-017937B6">
                <translate>0.0 0.0 0.0</translate>
                <rotate>0.0 0.0 1.0 0.0</rotate>
                <rotate>0.0 1.0 0.0 0.0</rotate>
                <rotate>1.0 0.0 0.0 0.0</rotate>
                <scale>1.0 1.0 1.0</scale>
                <instance_geometry url="#geom-017937B6">
                    <bind_material>
                        <technique_common>
                            <instance_material symbol="material-005DFC6A-symbol" target="#material-005DFC6A" />
                        </technique_common>
                    </bind_material>
                </instance_geometry>
            </node>
            <node id="node-0142F569" name="node-0142F569">
                <translate>0.0 0.0 0.0</translate>
                <rotate>0.0 0.0 1.0 0.0</rotate>
                <rotate>0.0 1.0 0.0 0.0</rotate>
                <rotate>1.0 0.0 0.0 0.0</rotate>
                <scale>1.0 1.0 1.0</scale>
                <instance_geometry url="#geom-0142F569">
                    <bind_material>
                        <technique_common>
                            <instance_material symbol="material-031FD00F-symbol" target="#material-031FD00F" />
                        </technique_common>
                    </bind_material>
                </instance_geometry>
            </node>
            <node id="node-035AA0B3" name="node-035AA0B3">
                <translate>0.0 0.0 0.0</translate>
                <rotate>0.0 0.0 1.0 0.0</rotate>
                <rotate>0.0 1.0 0.0 0.0</rotate>
                <rotate>1.0 0.0 0.0 0.0</rotate>
                <scale>1.0 1.0 1.0</scale>
                <instance_geometry url="#geom-035AA0B3">
                    <bind_material>
                        <technique_common>
                            <instance_material symbol="material-001E5088-symbol" target="#material-001E5088" />
                        </technique_common>
                    </bind_material>
                </instance_geometry>
            </node>
        </visual_scene>
    </library_visual_scenes>
    <scene>
        <instance_visual_scene url="#default" />
    </scene>
</COLLADA>