<?xml version="1.0" encoding="utf-8"?>
<COLLADA xmlns="http://www.collada.org/2005/11/COLLADASchema" version="1.4.1">
  <asset>
    <contributor>
      <author>Chris</author>
      <authoring_tool>3dsMax 11 - Feeling ColladaMax v3.05B.</authoring_tool>
      <comments>ColladaMax Export Options: ExportNormals=1;ExportEPolyAsTriangles=1;ExportXRefs=1;ExportSelected=0;ExportTangents=0;ExportAnimations=1;SampleAnim=0;ExportAnimClip=0;BakeMatrices=0;ExportRelativePaths=1;AnimStart=0;AnimEnd=3.33333;</comments>
      <source_data>file:///C:/Documents%20and%20Settings/Chris/Desktop/zelda%20twilight%20princess%20rips/Characters/Bosses/Ook/mb/mb.max</source_data>
    </contributor>
    <created>2012-03-04T13:48:28Z</created>
    <modified>2012-03-04T13:48:29Z</modified>
    <unit meter="0.0254" name="inch"/>
    <up_axis>Z_UP</up_axis>
  </asset>
  <library_lights>
    <light id="ambient-environment-light" name="Ambient">
      <technique_common>
        <ambient>
          <color>0.4 0.4 0.4</color>
        </ambient>
      </technique_common>
      <extra>
        <technique profile="FCOLLADA">
          <intensity>1</intensity>
        </technique>
      </extra>
    </light>
  </library_lights>
  <library_images>
    <image id="mk_eye.1.tga" name="mk_eye_1_tga">
      <init_from>mk_eye.1.png</init_from>
    </image>
    <image id="mk_body_01.tga" name="mk_body_01_tga">
      <init_from>mk_body_01.png</init_from>
    </image>
    <image id="mk_nuki_02.tga" name="mk_nuki_02_tga">
      <init_from>mk_nuki_02.png</init_from>
    </image>
  </library_images>
  <library_materials>
    <material id="SC_eye_m" name="SC_eye_m">
      <instance_effect url="#SC_eye_m-fx"/>
    </material>
    <material id="body_m" name="body_m">
      <instance_effect url="#body_m-fx"/>
    </material>
    <material id="nuki_m" name="nuki_m">
      <instance_effect url="#nuki_m-fx"/>
    </material>
  </library_materials>
  <library_effects>
    <effect id="SC_eye_m-fx" name="SC_eye_m">
      <profile_COMMON>
        <newparam sid="mk_eye_1_tga-surface">
          <surface type="2D">
            <init_from>mk_eye.1.tga</init_from>
            <format>A8R8G8B8</format>
          </surface>
        </newparam>
        <newparam sid="mk_eye_1_tga-sampler">
          <sampler2D>
            <source>mk_eye_1_tga-surface</source>
            <wrap_s>WRAP</wrap_s>
            <wrap_t>WRAP</wrap_t>
            <minfilter>NONE</minfilter>
            <magfilter>NONE</magfilter>
            <mipfilter>NONE</mipfilter>
          </sampler2D>
        </newparam>
        <technique sid="common">
          <blinn>
            <ambient>
              <color>0.588 0.588 0.588 1</color>
            </ambient>
            <diffuse>
              <texture texture="mk_eye_1_tga-sampler" texcoord="CHANNEL1">
                <extra>
                  <technique profile="MAYA">
                    <mirrorU>0</mirrorU>
                    <mirrorV>0</mirrorV>
                    <wrapU>1</wrapU>
                    <wrapV>1</wrapV>
                    <repeatU>1</repeatU>
                    <repeatV>1</repeatV>
                    <offsetU>0</offsetU>
                    <offsetV>0</offsetV>
                    <rotateUV>0</rotateUV>
                  </technique>
                  <technique profile="MAX3D">
                    <amount>1</amount>
                  </technique>
                </extra>
              </texture>
            </diffuse>
            <specular>
              <color>0.9 0.9 0.9 1</color>
            </specular>
            <shininess>
              <float>0.415939</float>
            </shininess>
            <reflective>
              <color>0 0 0 1</color>
            </reflective>
            <reflectivity>
              <float>1</float>
            </reflectivity>
            <transparent opaque="A_ONE">
              <color>1 1 1 1</color>
            </transparent>
            <transparency>
              <float>1</float>
            </transparency>
          </blinn>
          <extra>
            <technique profile="FCOLLADA">
              <spec_level>
                <float>0</float>
              </spec_level>
              <emission_level>
                <float>0</float>
              </emission_level>
            </technique>
          </extra>
        </technique>
      </profile_COMMON>
      <extra>
        <technique profile="MAX3D">
          <faceted>0</faceted>
          <double_sided>0</double_sided>
          <wireframe>0</wireframe>
          <face_map>0</face_map>
        </technique>
      </extra>
    </effect>
    <effect id="body_m-fx" name="body_m">
      <profile_COMMON>
        <newparam sid="mk_body_01_tga-surface">
          <surface type="2D">
            <init_from>mk_body_01.tga</init_from>
            <format>A8R8G8B8</format>
          </surface>
        </newparam>
        <newparam sid="mk_body_01_tga-sampler">
          <sampler2D>
            <source>mk_body_01_tga-surface</source>
            <wrap_s>WRAP</wrap_s>
            <wrap_t>WRAP</wrap_t>
            <minfilter>NONE</minfilter>
            <magfilter>NONE</magfilter>
            <mipfilter>NONE</mipfilter>
          </sampler2D>
        </newparam>
        <technique sid="common">
          <blinn>
            <ambient>
              <color>0.588 0.588 0.588 1</color>
            </ambient>
            <diffuse>
              <texture texture="mk_body_01_tga-sampler" texcoord="CHANNEL1">
                <extra>
                  <technique profile="MAYA">
                    <mirrorU>0</mirrorU>
                    <mirrorV>0</mirrorV>
                    <wrapU>1</wrapU>
                    <wrapV>1</wrapV>
                    <repeatU>1</repeatU>
                    <repeatV>1</repeatV>
                    <offsetU>0</offsetU>
                    <offsetV>0</offsetV>
                    <rotateUV>0</rotateUV>
                  </technique>
                  <technique profile="MAX3D">
                    <amount>1</amount>
                  </technique>
                </extra>
              </texture>
            </diffuse>
            <specular>
              <color>0.9 0.9 0.9 1</color>
            </specular>
            <shininess>
              <float>0.415939</float>
            </shininess>
            <reflective>
              <color>0 0 0 1</color>
            </reflective>
            <reflectivity>
              <float>1</float>
            </reflectivity>
            <transparent opaque="A_ONE">
              <color>1 1 1 1</color>
            </transparent>
            <transparency>
              <float>1</float>
            </transparency>
          </blinn>
          <extra>
            <technique profile="FCOLLADA">
              <spec_level>
                <float>0</float>
              </spec_level>
              <emission_level>
                <float>0</float>
              </emission_level>
            </technique>
          </extra>
        </technique>
      </profile_COMMON>
      <extra>
        <technique profile="MAX3D">
          <faceted>0</faceted>
          <double_sided>0</double_sided>
          <wireframe>0</wireframe>
          <face_map>0</face_map>
        </technique>
      </extra>
    </effect>
    <effect id="nuki_m-fx" name="nuki_m">
      <profile_COMMON>
        <newparam sid="mk_nuki_02_tga-surface">
          <surface type="2D">
            <init_from>mk_nuki_02.tga</init_from>
            <format>A8R8G8B8</format>
          </surface>
        </newparam>
        <newparam sid="mk_nuki_02_tga-sampler">
          <sampler2D>
            <source>mk_nuki_02_tga-surface</source>
            <wrap_s>WRAP</wrap_s>
            <wrap_t>WRAP</wrap_t>
            <minfilter>NONE</minfilter>
            <magfilter>NONE</magfilter>
            <mipfilter>NONE</mipfilter>
          </sampler2D>
        </newparam>
        <newparam sid="mk_nuki_02_tga-surface">
          <surface type="2D">
            <init_from>mk_nuki_02.tga</init_from>
            <format>A8R8G8B8</format>
          </surface>
        </newparam>
        <newparam sid="mk_nuki_02_tga-sampler">
          <sampler2D>
            <source>mk_nuki_02_tga-surface</source>
            <wrap_s>WRAP</wrap_s>
            <wrap_t>WRAP</wrap_t>
            <minfilter>NONE</minfilter>
            <magfilter>NONE</magfilter>
            <mipfilter>NONE</mipfilter>
          </sampler2D>
        </newparam>
        <technique sid="common">
          <blinn>
            <ambient>
              <color>0.588 0.588 0.588 1</color>
            </ambient>
            <diffuse>
              <texture texture="mk_nuki_02_tga-sampler" texcoord="CHANNEL1">
                <extra>
                  <technique profile="MAYA">
                    <mirrorU>0</mirrorU>
                    <mirrorV>0</mirrorV>
                    <wrapU>1</wrapU>
                    <wrapV>1</wrapV>
                    <repeatU>1</repeatU>
                    <repeatV>1</repeatV>
                    <offsetU>0</offsetU>
                    <offsetV>0</offsetV>
                    <rotateUV>0</rotateUV>
                  </technique>
                  <technique profile="MAX3D">
                    <amount>1</amount>
                  </technique>
                </extra>
              </texture>
            </diffuse>
            <specular>
              <color>0.9 0.9 0.9 1</color>
            </specular>
            <shininess>
              <float>0.415939</float>
            </shininess>
            <reflective>
              <color>0 0 0 1</color>
            </reflective>
            <reflectivity>
              <float>1</float>
            </reflectivity>
            <transparent opaque="A_ONE">
              <texture texture="mk_nuki_02_tga-sampler" texcoord="CHANNEL1">
                <extra>
                  <technique profile="MAYA">
                    <mirrorU>0</mirrorU>
                    <mirrorV>0</mirrorV>
                    <wrapU>1</wrapU>
                    <wrapV>1</wrapV>
                    <repeatU>1</repeatU>
                    <repeatV>1</repeatV>
                    <offsetU>0</offsetU>
                    <offsetV>0</offsetV>
                    <rotateUV>0</rotateUV>
                  </technique>
                  <technique profile="MAX3D">
                    <amount>1</amount>
                  </technique>
                </extra>
              </texture>
            </transparent>
            <transparency>
              <float>1</float>
            </transparency>
          </blinn>
          <extra>
            <technique profile="FCOLLADA">
              <spec_level>
                <float>0</float>
              </spec_level>
              <emission_level>
                <float>0</float>
              </emission_level>
            </technique>
          </extra>
        </technique>
      </profile_COMMON>
      <extra>
        <technique profile="MAX3D">
          <faceted>0</faceted>
          <double_sided>1</double_sided>
          <wireframe>0</wireframe>
          <face_map>0</face_map>
        </technique>
      </extra>
    </effect>
  </library_effects>
  <library_geometries>
    <geometry id="mb-mesh" name="mb">
      <mesh>
        <source id="mb-mesh-positions">
          <float_array id="mb-mesh-positions-array" count="3561">-0.002494 100.687 -70.427 23.2144 149.072 -62.6731 40.4919 94.7355 -71.1579 10.259 107.15 -107.083 22.6971 87.8217 -73.7415 0.000339 147.209 -75.7924 0.001036 146.542 -88.1019 0.001701 107.134 -96.9499 43.8321 131.097 -60.9479 47.9417 110.85 -68.2048 0.001964 124.624 -103.131 16.4611 138.85 -100.576 49.6422 105.689 -90.8512 48.5949 125.63 -81.5689 36.499 142.567 -74.0499 37.7802 139.211 -89.4096 40.42 123.244 -102.995 26.9247 105.39 -109.866 24.5545 90.7413 -100.208 12.7647 122.069 -109.631 8.06355 147.789 -70.4595 0.001658 140.499 -95.9541 10.0828 148.386 -86.3182 19.8503 151.638 -77.0381 30.1463 148.931 -82.1288 18.8604 149.423 -87.1121 39.5903 91.4093 -95.4199 41.5654 105.549 -102.991 26.839 122.657 -109.725 27.1209 138.942 -99.9718 7.59729 95.1219 -91.8621 0.000589 147.667 -79.5556 -0.001496 94.6612 -92.6657 22.6953 87.378 -77.4988 23.2365 83.7075 -98.3432 41.0607 94.1326 -74.499 44.5331 88.6238 -97.9681 48.9669 110.967 -71.189 54.8271 116.338 -87.61 44.9767 131.478 -63.8484 44.9143 146.135 -82.2764 23.8723 150.507 -65.2989 23.162 156.22 -76.7048 0.001573 151.884 -92.2847 11.7545 154.157 -87.3658 6.92731 148.26 -73.8665 -0.002337 99.7011 -73.9398 0.004135 236.823 95.4763 41.4681 144.525 82.3652 52.1681 138.178 58.8225 23.9934 186.267 67.736 22.5742 191.548 59.8507 42.7147 201.877 66.0871 32.3863 201.74 42.9523 13.0747 228.838 -1.04433 50.468 235.619 -11.3198 20.9191 147.791 -32.5649 24.8282 107.473 -12.7046 29.3187 103.547 35.7434 48.3465 146.45 41.5082 52.2857 160.751 45.0506 31.0537 126.448 -18.2971 70.2864 197.844 -36.116 0.008052 137.189 101.153 0.003448 186.616 74.2622 0.001153 211.641 -21.452 0.000928 184.923 -26.9677 0.00028 159.166 -38.3384 -0.003615 91.3916 -59.9966 0.000512 97.0735 -11.6329 0.003352 72.216 43.4759 -0.000643 231.203 23.6705 16.8758 225.278 30.3221 38.0722 228.951 18.4214 0.00469 220.653 119.945 24.7274 209.223 90.6775 30.2929 228.393 72.5504 0.004696 194.591 123.722 25.6127 206.324 90.0026 14.318 239.631 56.5679 0.002974 265.935 44.8541 39.3765 210.357 74.2244 60.4199 229.591 10.2706 83.5016 229.578 8.58538 71.0002 236.237 -13.083 67.1088 171.993 24.8895 40.1139 204.468 39.4805 25.6327 105.751 -40.1196 35.2059 137.483 -48.5705 0.000227 152.301 -69.341 -0.00475 89.3807 -34.7764 36.7101 144.804 -17.4625 57.9008 104.47 -65.0157 43.4747 106.001 -33.5008 44.1732 127.602 -49.9081 86.2203 232.533 -15.4563 155.804 220.562 -15.5876 156.253 209.669 6.09728 152.929 194.692 -7.48525 134.109 208.253 -29.231 60.9044 63.718 -30.8828 57.7915 66.8801 -53.2679 37.2626 67.0522 -49.8165 45.1375 64.0295 -28.8941 30.019 188.458 72.4738 37.9231 125.959 -41.2058 0.004236 230.362 100.383 0.00274 239.13 38.9687 0.004425 232.965 107.665 12.396 199.068 110.054 37.5077 204.226 77.8734 20.7975 201.577 89.0765 46.4927 199.262 51.2218 23.509 185.334 -31.7157 108.322 186.748 -7.83261 130.078 209.564 14.74 103.457 224.944 -15.7107 111.048 204.37 -31.1709 152.147 206.588 -25.7251 228.632 215.435 -35.4413 227.778 236.443 -7.73195 224.324 220.252 7.91669 221.458 198.764 -7.96009 69.0708 204.898 22.5318 49.0745 195.645 34.0733 175.353 208.908 9.00371 170.984 219.319 -15.2054 168.547 205.685 -29.1158 168.727 191.198 -8.64299 0.0045 226.056 111.615 0.004765 212.557 124.208 20.2885 208.598 108.3 14.9145 219.127 114.241 40.9687 82.9722 -29.1037 58.7142 82.0096 -33.4101 59.7084 79.0545 -58.4539 36.0038 77.5617 -66.6166 17.2492 91.9251 -50.4221 60.9695 56.3667 -52.8279 35.8936 56.3681 -47.1191 13.4843 241.873 74.4928 6.25816 222.099 99.026 35.7418 212.826 82.8129 30.971 230.764 55.5743 12.9943 235.343 39.4873 0.004282 232.796 101.928 14.8919 227.157 94.6603 18.4689 236.371 98.7359 14.4226 239.749 88.2256 5.96128 224.12 109.238 34.5993 209.593 82.38 37.4961 220.752 61.9908 43.6412 216.987 68.9626 34.0888 224.975 70.3781 37.9452 217.607 48.9233 25.744 230.97 42.76 35.4533 231.664 57.9329 40.9915 240.792 46.0355 40.6429 226.181 57.1759 30.5132 228.726 -8.06209 0.004771 180.537 128.559 16.4558 195.861 111.865 17.8419 189.314 108.107 15.4967 181.59 94.5626 0.004582 172.502 121.99 0.00425 183.204 107.255 23.2598 196.521 88.99 27.407 197.947 91.6136 38.3592 196.524 79.2217 31.5038 193.694 74.8631 44.6962 191.623 58.233 0.004086 180.607 100.822 43.7621 168.383 -15.2404 47.6565 153.333 13.0803 35.6918 135.669 11.5666 0.006303 167.295 93.6418 35.0001 171.082 79.8779 56.7473 154.556 62.2307 0.004472 104.741 73.1061 29.2028 118.399 58.6465 28.3551 217.853 36.4125 28.6537 217.019 28.77 55.2952 179.039 44.7979 45.6246 188.878 52.4918 90.957 207.972 11.9682 79.3642 191.968 17.3415 59.6728 175.129 -14.7048 86.099 187.469 -11.3637 94.7371 203.991 -31.0705 14.6372 120.255 22.1551 0.001772 114.908 16.2238 14.4504 197.833 110.689 0.004774 186.893 127.862 0.00476 201.538 125.344 0.004853 199.587 129.454 0.003098 257.401 50.9473 12.8352 246.754 50.0921 10.0107 253.75 61.5003 8.58106 256.948 43.0863 7.08095 244.504 36.9572 0.002814 241.933 41.4873 0.003042 246.791 50.0585 10.4345 241.91 46.0753 8.34931 229.67 107.424 41.4621 23.8024 -73.0489 45.4165 61.5244 -60.1604 45.5447 56.912 -34.4671 58.7586 56.6128 -39.165 41.6013 208.517 65.3543 0.001461 169.902 -91.3155 10.7093 163.054 -83.7662 0.000894 182.282 -78.1226 0.000855 165.201 -77.2524 0.001475 157.761 -91.5966 20.666 201.961 88.0649 12.5539 199.858 105.269 0.004617 196.554 120.197 0.003292 207.198 65.4251 18.2542 200.512 64.8329 0.003499 213.806 72.8676 27.4132 214.595 66.5786 0.004531 197.809 116.582 0.004518 189.585 117.279 13.3873 192.492 105.158 19.0011 205.944 88.9664 23.6654 199.114 84.7103 24.1882 217.5 70.6815 29.5045 204.36 67.8622 0.002617 236.604 34.265 8.85482 199.987 125.117 6.57993 201.99 122.724 5.0945 194.778 118.474 28.0796 203.295 90.8686 0.004211 164.09 108.099 19.7476 179.514 86.2416 4.06199 164.589 101.312 5.80776 180.312 99.1065 5.78984 176.2 93.8131 14.9286 189.906 102.11 8.42657 171.512 109.695 15.1633 173.24 98.4241 11.1107 204.164 115.693 13.8153 202.267 116.466 13.5645 175.923 81.3407 11.6477 210.757 120.026 39.2886 193.079 -31.2714 10.2365 185.495 -28.7095 27.918 173.428 -21.4021 205.199 212.898 5.62275 99.5279 223.605 1.73851 119.591 227.05 0.466273 140.78 224.677 2.16189 156.029 220.571 -2.1545 172.894 221.314 -0.332031 194.351 228.584 -3.70645 128.542 225.39 -14.0866 191.951 208.148 -28.4914 228.063 227.376 -24.9134 197.437 200.029 -7.22902 57.7567 29.0611 -42.6461 42.1699 26.9325 -39.6908 34.9167 128.618 73.1283 0.004783 117.758 95.0279 0.003504 97.8969 57.973 0.001327 99.9549 27.1631 39.5239 191.222 67.6918 -0.001632 232.269 9.72731 16.6817 230.495 13.6337 0.003545 257.662 68.9441 0.004033 240.124 90.929 190.465 222.201 -20.9529 0.000158 152.817 -47.3899 26.4476 204.216 81.4317 34.5315 206.087 80.0551 0.004701 204.559 122.588 7.79585 204.373 121.179 26.433 197.905 48.748 0.003078 195.278 58.3778 270.971 215.861 -30.8247 243.135 200.343 -6.01505 244.407 224.287 8.43622 262.867 231.662 -3.94825 34.6944 27.161 -57.3814 60.3904 25.6915 -63.7235 38.8708 -0.243149 -76.8487 31.5723 3.02302 -61.1111 39.7783 2.62166 -36.1018 63.4605 9.90087 -44.1117 58.181 0.861761 -68.1579 267.91 230.052 -24.5709 0.003081 187.01 70.6295 235.956 201.181 6.52912 18.573 214.696 103.036 40.6409 127.219 41.4929 9.93779 190.06 123.231 12.2537 185.412 123.96 14.694 177.817 121.171 11.2363 181.448 111.533 41.7482 211.637 58.7169 5.33103 257.394 50.91 44.2058 54.4017 -64.0476 28.7981 221.592 46.9445 31.579 212.857 53.0645 54.9473 146.835 21.9532 20.2068 215.345 93.9079 43.2811 208.131 52.694 0.004403 173.712 114.721 16.6933 167.649 91.3478 21.4286 140.165 97.5551 17.3793 121.154 90.7109 11.471 232.191 103.297 13.6317 228.667 101.609 13.3649 228.161 90.1693 19.4508 222.068 89.5871 11.5051 224.46 99.046 27.1788 215.225 83.3137 35.8099 220.589 71.0796 11.8018 87.8812 37.7721 0.003332 85.9298 46.8571 0.001762 86.0852 33.2008 34.8341 127.105 29.9991 276.874 209.817 5.23055 258.157 206.506 -21.1546 273.45 223.489 6.53513 242.431 232.604 -2.281 245.989 214.394 -28.3111 233.943 201.962 -6.90757 243.965 230.993 -20.6213 277.654 224.331 -26.8812 277.314 213.426 -27.0719 228.467 215.723 -25.6593 227.637 232.703 -8.94409 227.531 219.397 -1.90066 225.808 205.394 -9.18035 280.422 192.62 1.30869 285.159 198.15 1.00546 285.545 199.558 6.68982 280.59 193.672 7.47941 243.883 222.629 4.67697 272.968 207.266 -1.99058 272.279 208.516 9.9172 246.918 211.962 5.44933 248.549 207.549 -0.902096 316.661 190.379 -10.4179 315.756 201.712 -10.3284 303.791 213.484 -10.1056 295.356 216.861 -10.711 275.552 228.141 -11.431 274.501 226.89 -2.45564 295.999 216.611 -4.41521 304.839 213.565 -5.29153 316.963 202.018 -5.66718 318.083 190.856 -5.9824 276.603 225.962 -19.4565 308.393 190.82 -10.4208 277.094 211.621 -13.0313 295.95 208.467 -11.3799 307.067 200.123 -10.5491 277.204 212.524 -20.8121 276.984 210.719 -4.6037 296.527 207.71 -4.5725 307.741 200.375 -5.60261 309.108 191.356 -5.81959 319.173 191.243 2.9505 311.008 193.136 2.12462 295.851 216.144 4.26368 296.547 206.799 3.99528 305.249 213.471 4.66983 317.621 202.172 4.08269 307.936 201.612 3.14495 296.526 216.756 -0.792614 305.458 213.736 -0.628967 317.634 202.203 -0.647614 318.917 191.086 -2.3285 297.416 207.954 -2.52455 308.554 200.599 -2.6573 310.732 191.814 -2.14278 303.894 190.018 -24.5503 309.384 188.203 -24.6009 289.613 217.143 -26.436 291.086 208.762 -26.5792 301.132 212.066 -26.9589 301.516 199.418 -25.2243 310.409 199.785 -26.0274 312.462 189.137 -20.5708 313.368 200.572 -21.7335 302.164 212.143 -22.0456 290.36 216.922 -21.1436 292.089 208.32 -21.2102 303.484 200.187 -20.5689 306.05 189.918 -20.2556 315.417 190.258 -13.4708 314.589 201.391 -13.3813 303.822 213.163 -13.1586 294.189 216.54 -13.2446 313.994 189.781 -17.9062 313.382 201.086 -18.0426 302.775 213.082 -17.9727 293.546 216.79 -18.3241 307.787 191.614 -13.4737 294.784 208.146 -13.2254 305.9 199.802 -13.602 294.208 208.903 -19.5072 305.226 199.549 -18.5484 307.073 191.077 -18.0749 269.007 201.445 6.9952 268.952 200.383 2.55513 228.052 226.089 -21.7131 32.8886 -0.406988 -57.5201 43.9334 3.4674 -48.2367 60.4867 -0.092245 -62.1397 66.1052 -0.254797 -49.0331 61.8049 11.2428 -56.4568 58.4801 11.7648 -66.4053 35.9872 15.7335 -62.2299 35.854 14.3617 -50.4978 59.0578 6.47106 -0.425941 72.3879 8.58137 -37.5485 56.8563 -0.255782 -1.28746 78.5441 -0.257856 -23.2284 57.3185 21.7552 -64.2103 39.358 21.2748 -60.9742 45.5476 20.9818 -48.0847 54.4422 20.6692 -51.0368 42.4298 10.1888 -74.4255 44.3147 33.9991 -63.7638 51.9203 15.122 -42.5701 45.9226 11.2574 -28.0771 70.2142 11.5402 -8.57923 69.1811 -0.257668 2.79174 42.8756 19.2653 -69.2633 73.0969 -0.256404 -39.5167 57.8482 14.6512 -35.2155 79.3449 7.18335 -21.3008 53.0265 35.8099 -51.1424 47.0304 35.0407 -50.4912 52.87 3.60371 -74.3537 33.135 3.24703 -69.2475 64.061 10.6775 -15.7225 30.634 8.77444 -36.6206 27.5883 -0.251961 -41.5384 35.3498 -0.252581 -35.6313 50.3932 -0.253122 -30.0664 79.277 7.36549 -6.40279 78.1312 -0.258356 -10.2237 43.0329 35.2955 -55.2897 54.4776 33.8888 -59.616 27.9589 212.36 46.471 49.4765 192.656 54.076 23.7667 217.532 42.2612 57.0337 215.491 24.3063 0.002494 233.625 29.7727 0.001772 236.468 0.308258 20.2262 240.33 7.87777 10.5469 232.423 33.6417 39.3321 233.654 16.0272 19.1311 226.097 37.0095 -0.00156 93.2381 -92.7201 22.6953 87.378 -77.4988 20.7813 81.2808 -94.5135 41.0607 94.1326 -74.499 49.17 86.2212 -91.3903 48.9669 110.967 -71.189 64.6101 117.317 -90.37 44.9767 131.478 -63.8484 49.8253 142.215 -79.1051 23.8723 150.507 -65.2989 31.0649 152.727 -74.4133 0.000957 154.113 -79.9091 12.5867 153.707 -74.6421 6.92731 148.26 -73.8665 223.099 220.252 1.29412 222.183 202.586 -7.96034 41.4621 23.8025 -72.5711 57.7567 29.0611 -42.6461 42.1699 26.9325 -39.6908 270.95 213.328 -31.2337 261.733 201.335 -12.1817 268.856 222.8 8.10086 268.725 229.93 -2.58398 37.0441 27.1609 -59.4549 60.3904 25.6915 -63.7235 44.2148 0.306797 -74.0891 28.654 -0.001077 -57.1452 43.4466 9.3819 -42.287 61.4111 11.3803 -41.2575 57.9419 -2.14546 -66.2605 274.178 225.886 -27.5399 254.446 205.723 10.2545 39.853 198.829 53.1793 40.0641 221.558 30.0382 -0.00161 246.288 12.6877 14.4058 242.289 18.7132 28.0128 233.478 25.2002 45.058 93.6853 -69.6171 214.737 215.552 -23.1526 214.07 226.403 -8.94893 213.825 216.484 -3.3815 212.231 205.53 -9.12762 42.395 31.6988 -67.1374 54.2172 32.5771 -43.0818 45.2137 31.6354 -41.5154 254.773 210.948 -30.3945 239.302 198.074 -6.76741 243.439 215.338 11.6007 252.823 237.515 -9.67838 38.0575 32.5476 -56.8191 57.1884 31.7673 -53.6551 36.0244 13.8284 -69.4627 30.8248 12.7299 -56.8336 42.1938 20.3054 -37.2934 53.2456 19.066 -38.7683 64.2711 13.399 -58.4262 254.886 230.471 -31.562 216.444 223.094 -21.2806 55.1841 92.3885 -91.6708 46.802 123.322 -64.4886 61.4704 133.073 -84.4776 49.8193 112.194 -66.9172 59.058 114.754 -88.8658 40.7858 131.643 -55.0054 47.8217 143.538 -88.1027 57.8236 31.323 -61.7126 61.4631 12.1078 -67.4016 19.2454 220.071 91.8308 15.622 223.837 94.0187 19.9237 224.377 92.8476 22.8398 222.873 88.086 16.2696 226.979 93.2613 18.47 228.338 90.731 22.8284 225.191 87.5783 6.27925 198.581 111.874 11.9224 202.115 113.224 15.68 204.508 113.395 0.004723 199.64 124.114 3.90028 199.189 122.655 0.00323 185.388 65.6609 0.001534 109.598 7.31111 19.7331 117.077 8.88447 20.4767 210.171 -28.8672 34.9004 210.898 -28.6443 43.3759 216.258 -32.7191 54.5236 221.623 -33.5866 72.9515 223.086 -34.3039 86.873 217.44 -30.8237 54.6853 105.244 -45.2124 0.003834 250.938 81.5137 46.3163 115.791 -58.6926 58.8976 124.198 -82.6641 46.9046 122.798 -56.2652 55.6738 135.315 -79.8151 43.5475 128.763 -56.6588 45.466 141.078 -75.3251 27.2676 145.875 -56.9772 34.5095 152.305 -73.163 19.1803 150.314 -56.2805 22.26 158.164 -78.1327 10.9298 150.337 -58.5609 10.4422 157.458 -78.8764 41.54 93.78 -70.9454 51.4774 90.8012 -92.7405 48.5549 98.0507 -67.3548 57.9051 101.143 -88.8924 49.6278 108.914 -69.6192 60.5693 110.767 -87.6394 12.0912 94.3085 -73.779 8.39994 82.6434 -94.257 20.1072 89.1519 -68.2386 22.6353 78.5824 -94.1381 35.4991 91.6202 -72.0621 35.8121 81.2596 -91.7907 38.6943 136.109 -62.1095 46.4242 142.109 -76.8796 20.6231 149.355 -55.2787 28.3456 155.072 -85.1204 2.61926 150.018 -64.3302 5.87166 156.814 -78.1666 0.004557 196.275 117.733 0.002882 249.274 43.3234 0.003881 174.003 93.4787 20.7607 227.599 88.5283 21.7939 220.699 89.2551 16.6556 221.401 93.6554 26.8152 234.044 83.4905 41.3496 228.768 44.1198 0.004509 230.536 111.409 245.913 223.552 7.79821 247.157 232.342 -1.73572 251.101 231.561 -23.5451 255.512 213.306 -30.8067 236.228 202.161 -19.5144 232.293 200.069 1.48267 244.52 210.953 7.81905 241.391 235.164 -4.62527 247.196 233.804 -26.3835 253.061 215.445 -33.9285 229.907 198.825 -7.47192 230.24 202.066 0.550725 230.655 208.445 6.56192 232.683 219.491 9.99106 233.915 231.924 -26.5161 236.96 237.239 -8.2902 231.048 220.273 8.88016 227.744 200.109 -9.15121 231.9 209.479 -27.9793 38.8367 41.1501 -53.0083 45.6948 40.9442 -42.7201 55.357 41.2233 -44.8931 56.7937 40.7694 -57.5904 44.0213 40.0839 -64.6784 58.4365 13.8191 -67.0461 58.2928 22.788 -42.9118 42.1969 19.7504 -39.6519 30.9812 14.1424 -57.1745 40.343 15.7309 -73.2204 59.631 23.1608 -42.5245 39.1 20.3987 -41.1606 31.8834 19.5047 -58.6333 38.8749 12.6968 -75.6016 60.6318 17.7035 -67.9785 63.3389 22.614 -55.3385 61.8894 22.7596 -64.9915 53.7731 25.2949 -39.2714 43.0995 25.4034 -38.382 30.9939 22.9659 -56.5523 37.9411 21.7024 -69.689 29.0696 221.079 80.9659 26.2693 226.242 82.3806 25.3639 230.57 83.4331 29.9479 228.056 81.2854 33.4592 223.086 79.876 33.7749 218.446 80.3565 21.3491 229.242 92.3734 21.0534 228.781 87.2295 -36.499 142.571 -74.0542 -30.1447 148.935 -82.1324 -23.2151 149.075 -62.6758 -16.4573 138.85 -100.578 -12.7602 122.069 -109.632 -40.4974 94.7399 -71.1627 -49.6442 105.694 -90.8571 -47.9458 110.856 -68.2106 -7.60033 95.1227 -91.863 -22.7031 87.8242 -73.7442 -10.0807 148.387 -86.3194 -43.835 131.102 -60.9531 -24.557 90.744 -100.21 -10.2547 107.15 -107.083 -26.9201 105.39 -109.868 -18.8581 149.425 -87.1143 -19.849 151.64 -77.0405 -27.1172 138.942 -99.9741 -26.8345 122.657 -109.728 -48.5959 125.635 -81.5746 -37.7775 139.211 -89.4129 -40.4161 123.244 -102.998 -41.5615 105.549 -102.994 -39.5933 91.4136 -95.4246 -8.06345 147.79 -70.4605 -34.9909 171.079 79.8859 -45.6187 188.878 52.4941 -23.9868 186.267 67.7372 -16.6775 230.495 13.6345 -38.0679 228.935 18.4291 -13.0713 228.838 -1.04368 -34.9094 128.618 73.1316 -29.1966 118.399 58.6492 -52.1623 138.178 58.8251 -17.2498 91.9251 -50.4235 -22.7009 87.3805 -77.5015 -36.0045 77.5621 -66.6291 -60.4162 229.573 10.2812 -83.4979 229.568 8.59486 -70.9983 236.224 -13.0706 -20.9184 147.791 -32.5644 -37.9238 125.97 -41.2061 -35.2067 137.483 -48.5735 -36.708 144.804 -17.4607 -31.0527 126.448 -18.2964 -30.0122 188.458 72.4753 -22.568 191.548 59.8518 -6.92675 148.261 -73.8673 -48.3415 146.45 41.5106 -56.7412 154.556 62.2335 -14.8837 227.157 94.661 -18.4605 236.372 98.7368 -11.4624 232.192 103.297 -13.6232 228.667 101.61 -32.3809 201.741 42.9539 -44.6901 191.624 58.2352 -26.4273 197.905 48.7494 -11.6384 210.757 120.027 -25.6049 206.324 90.0039 -37.5005 204.226 77.8753 -20.7898 201.577 89.0775 -14.3116 239.631 56.5686 -13.4771 241.874 74.4935 -30.2858 228.393 72.5519 -17.8333 189.314 108.108 -28.0717 203.295 90.87 -16.447 195.861 111.866 -12.9888 235.343 39.488 -10.4286 241.91 46.0758 -34.5918 209.594 82.3818 -35.7343 212.827 82.8147 -24.7195 209.223 90.6787 -25.7384 230.97 42.7613 -28.6489 217.019 28.7714 -49.0696 195.646 34.0757 -86.218 232.528 -15.4461 -50.466 235.605 -11.3089 -69.0652 204.871 22.5418 -10.2344 185.483 -28.7067 -23.507 185.321 -31.712 -30.5102 228.727 -8.0581 -39.2868 193.066 -31.266 -43.3748 216.248 -32.7119 -54.5223 221.621 -33.5803 -70.285 197.842 -36.1129 -59.6693 175.115 -14.6993 -24.8272 107.473 -12.704 -35.6884 135.669 11.5683 -44.9791 131.483 -63.8537 -44.1726 127.614 -49.9091 -57.9026 104.483 -65.0178 -23.8725 150.51 -65.3018 -25.6372 105.759 -40.118 -47.6529 153.334 13.0827 -43.7598 168.383 -15.2383 -41.0659 94.137 -74.5039 -48.9706 110.973 -71.1948 -40.9692 82.9647 -29.115 -59.7091 79.0539 -58.466 -58.7147 82.0036 -33.4216 -43.4745 105.995 -33.5071 -103.454 224.947 -15.7073 -67.1045 171.993 24.8928 -79.3596 191.957 17.3441 -94.7333 203.998 -31.072 -86.0961 187.463 -11.3615 -72.9503 223.084 -34.2962 -86.8692 217.448 -30.8218 -43.6344 216.988 68.9647 -41.7419 211.637 58.7189 -37.4896 220.752 61.9926 -57.7926 66.8784 -53.2826 -60.9054 63.7231 -30.8875 -60.9709 56.365 -52.8449 -37.2637 67.049 -49.8312 -45.4177 61.5238 -60.1763 -45.1385 64.0331 -28.8982 -35.895 56.3643 -47.1361 -45.5461 56.9058 -34.484 -58.76 56.608 -39.1819 -38.3521 196.524 79.2236 -12.3872 199.068 110.054 -13.5573 175.923 81.3413 -19.7402 179.514 86.2426 -6.24981 222.099 99.0263 -10.004 253.75 61.5008 -41.5947 208.517 65.3563 -42.7081 201.877 66.0892 -20.6583 201.961 88.0659 -26.4402 204.216 81.433 -16.876 225.278 30.3244 -46.4869 199.262 51.2241 -31.573 212.857 53.0661 -27.915 173.415 -21.3989 -152.927 194.694 -7.49134 -130.074 209.561 14.744 -108.318 186.749 -7.83863 -128.539 225.393 -14.0797 -140.777 224.676 2.16901 -155.8 220.566 -15.5863 -111.044 204.377 -31.1727 -134.106 208.259 -29.2291 -152.144 206.594 -25.7253 -168.544 205.694 -29.1189 -170.981 219.324 -15.2047 -172.89 221.314 -0.330769 -168.725 191.201 -8.65022 -156.25 209.667 6.09772 -90.9542 207.969 11.9677 -55.2899 179.039 44.8007 -194.348 228.587 -3.70334 -228.06 227.384 -24.9116 -227.774 236.447 -7.72784 -191.948 208.157 -28.4941 -197.434 200.033 -7.23403 -205.197 212.898 5.62131 -175.351 208.906 9.00142 -156.026 220.571 -2.15328 -14.9055 219.127 114.241 -7.78652 204.373 121.179 -20.2798 208.598 108.301 -18.5645 214.696 103.037 -44.0232 40.0842 -64.6989 -44.2073 54.4019 -64.065 -56.7955 40.7686 -57.6108 -12.8291 246.754 50.0927 -14.4147 239.749 88.2263 -11.4967 224.46 99.0466 -20.1987 215.346 93.9089 -26.8075 234.044 83.4919 -30.9648 230.764 55.5758 -35.8029 220.589 71.0814 -34.5242 206.087 80.0568 -39.3694 210.358 74.2264 -37.9394 217.607 48.9252 -40.6366 226.182 57.1779 -34.0818 224.975 70.3798 -28.7924 221.592 46.9459 -35.4469 231.665 57.9347 -40.9857 240.792 46.0375 -41.344 228.768 44.1218 -20.4748 210.171 -28.8662 -34.8989 210.885 -28.6381 -27.3992 197.947 91.615 -23.2521 196.522 88.9911 -12.2444 185.412 123.961 -9.92845 190.06 123.231 -11.2276 181.448 111.534 -14.6849 177.817 121.172 -14.9203 189.906 102.111 -15.4888 181.59 94.5633 -31.4969 193.695 74.8647 -39.5173 191.222 67.6938 -5.79968 180.312 99.1068 -54.9433 146.835 21.956 -52.2804 160.752 45.0532 -5.95241 224.12 109.239 -8.34049 229.67 107.424 -14.6333 120.255 22.1558 -34.8298 127.106 30.0008 -40.636 127.219 41.4949 -21.4135 140.164 97.56 -41.4568 144.523 82.3747 -16.6812 167.648 91.3517 -29.3149 103.546 35.7475 -28.3498 217.853 36.4139 -40.1087 204.468 39.4824 -19.7299 117.077 8.88545 -11.7974 87.8805 37.7748 -8.84532 199.987 125.117 -6.57053 201.99 122.724 -5.08537 194.778 118.474 -18.2477 200.512 64.8338 -5.32484 257.394 50.9103 -8.57525 256.948 43.0868 -7.07554 244.504 36.9575 -38.8386 41.1477 -53.0286 -54.6852 105.241 -45.2189 -10.7071 163.054 -83.7672 -27.4065 214.595 66.58 -13.3788 192.492 105.159 -12.5454 199.859 105.269 -23.6579 199.114 84.7114 -18.9933 205.944 88.9674 -29.4978 204.36 67.8636 -24.1813 217.5 70.6827 -14.4416 197.833 110.69 -13.8062 202.268 116.467 -11.1016 204.164 115.693 -5.78205 176.2 93.8134 -4.0539 164.589 101.312 -15.1552 173.24 98.4248 -8.41802 171.512 109.695 -119.588 227.05 0.469775 -99.5248 223.604 1.74166 -15.671 204.508 113.396 -221.455 198.768 -7.96579 -224.321 220.253 7.91714 -228.628 215.448 -35.4422 -190.462 222.208 -20.9515 -45.6966 40.9398 -42.7404 -55.3589 41.2197 -44.9134 -17.3702 121.153 90.7125 -3.89091 199.189 122.655 -11.9135 202.115 113.225 -27.1712 215.225 83.3151 -43.2751 208.131 52.6962 -13.357 228.161 90.17 -19.443 222.068 89.588 -21.341 229.243 92.3745 -29.9403 228.056 81.2869 -33.4518 223.087 79.8776 -33.7675 218.446 80.3581 -227.527 219.399 -1.90103 -242.428 232.609 -2.27722 -227.634 232.707 -8.94097 -233.941 201.968 -6.91238 -225.805 205.398 -9.18438 -245.985 214.406 -28.3125 -243.961 231.003 -20.618 -277.65 224.344 -26.8801 -277.311 213.439 -27.0739 -280.42 192.625 1.30077 -285.156 198.155 0.99906 -285.543 199.562 6.68381 -280.588 193.675 7.47178 -258.154 206.516 -21.1584 -277.201 212.535 -20.8144 -277.091 211.63 -13.0338 -276.981 210.725 -4.60646 -276.871 209.82 5.22754 -272.965 207.272 -1.99427 -228.464 215.731 -25.6607 -268.95 200.387 2.54952 -272.277 208.518 9.91386 -269.005 201.448 6.9899 -273.446 223.492 6.53603 -243.88 222.631 4.67791 -248.546 207.553 -0.90547 -228.049 226.097 -21.7117 -295.352 216.87 -10.7122 -295.996 216.618 -4.41649 -304.836 213.573 -5.2938 -303.788 213.494 -10.1079 -315.753 201.722 -10.3342 -316.961 202.027 -5.67287 -318.081 190.865 -5.99127 -316.659 190.389 -10.4269 -246.915 211.964 5.44721 -275.548 228.149 -11.4288 -274.497 226.896 -2.45379 -276.599 225.973 -19.4549 -295.947 208.476 -11.3835 -296.524 207.717 -4.57632 -307.739 200.383 -5.60864 -307.064 200.132 -10.5552 -309.106 191.365 -5.8282 -308.391 190.829 -10.4295 -319.171 191.249 2.94174 -311.006 193.142 2.11649 -310.73 191.821 -2.15128 -318.915 191.094 -2.33731 -296.544 206.804 3.99119 -295.848 216.148 4.26227 -297.413 207.961 -2.52832 -307.934 201.618 3.13925 -308.552 200.606 -2.66328 -305.246 213.476 4.66753 -317.618 202.178 4.07704 -296.522 216.762 -0.79386 -305.455 213.743 -0.631191 -317.631 202.21 -0.653251 -289.609 217.156 -26.4371 -291.083 208.775 -26.5827 -301.128 212.08 -26.9616 -301.513 199.431 -25.2305 -310.407 199.799 -26.0337 -309.381 188.217 -24.6104 -303.892 190.031 -24.5593 -313.365 200.585 -21.7395 -312.46 189.149 -20.5801 -302.161 212.155 -22.0482 -290.356 216.933 -21.1447 -292.086 208.332 -21.2138 -303.481 200.199 -20.5749 -306.048 189.931 -20.2646 -294.186 216.55 -13.2459 -293.543 216.801 -18.3253 -313.379 201.098 -18.0485 -314.587 201.402 -13.3871 -315.415 190.269 -13.4797 -313.992 189.793 -17.9153 -302.772 213.094 -17.9751 -303.819 213.173 -13.161 -307.785 191.624 -13.4823 -307.07 191.089 -18.0836 -294.205 208.915 -19.5106 -294.781 208.156 -13.2291 -305.898 199.812 -13.6081 -305.223 199.561 -18.5547 -43.9349 3.46443 -48.2646 -32.8908 -0.408127 -57.5496 -33.138 3.24815 -69.2763 -52.8733 3.60574 -74.381 -60.4892 -0.092596 -62.1672 -66.1075 -0.257455 -49.0613 -58.4829 11.7652 -66.4307 -61.807 11.2414 -56.482 -30.6348 8.76929 -36.6485 -27.5894 -0.256157 -41.5682 -35.3505 -0.257942 -35.6606 -70.2125 11.5315 -8.60401 -79.2753 7.35672 -6.42736 -79.3444 7.17646 -21.3254 -51.9214 15.1179 -42.5952 -72.3887 8.57633 -37.5734 -35.8557 14.3592 -50.5243 -45.9226 11.2504 -28.1039 -73.0982 -0.261169 -39.5428 -50.3949 -0.259857 -30.0951 -78.544 -0.264525 -23.254 -44.3168 33.9991 -63.7856 -57.3212 21.7552 -64.2338 -42.8786 19.2663 -69.2883 -45.5492 20.9788 -48.1092 -39.3605 21.2743 -60.999 -35.9897 15.7332 -62.2561 -54.4439 20.6668 -51.0607 -42.4331 10.1909 -74.4523 -56.8544 -0.265835 -1.31482 -59.0557 6.46096 -0.452271 -64.06 10.6695 -15.7479 -69.1789 -0.267889 2.76539 -57.8487 14.6455 -35.2409 -78.13 -0.266679 -10.2493 -53.0285 35.8076 -51.1638 -47.0325 35.038 -50.5128 -54.4796 33.8883 -59.6378 -43.035 35.2937 -55.3112 -6.27041 198.581 111.874 -26.2617 226.243 82.3819 -25.3563 230.57 83.4344 -42.1722 26.9273 -39.7141 -34.6967 27.1594 -57.4047 -57.7589 29.0571 -42.6689 -60.3928 25.6921 -63.7471 -41.4654 23.8043 -73.0731 -23.2399 83.71 -98.3459 -44.5361 88.6286 -97.9734 -54.8284 116.344 -87.6165 -44.913 146.14 -82.2818 -23.1602 156.223 -76.7075 -11.7517 154.158 -87.3672 -253.057 215.459 -33.9297 -229.904 198.829 -7.47775 -230.237 202.069 0.54597 -232.68 219.492 9.99121 -241.387 235.169 -4.62076 -247.192 233.815 -26.3795 -31.8857 19.5038 -58.659 -38.8783 12.6992 -75.6282 -38.8743 -0.240587 -76.8778 -31.5747 3.02257 -61.14 -39.1011 20.3944 -41.1856 -39.779 2.61637 -36.1302 -59.6322 23.1567 -42.5476 -63.4617 9.89704 -44.1372 -60.6347 17.7043 -68.0026 -58.1839 0.862581 -68.1854 -230.652 208.447 6.55897 -27.9532 212.36 46.4724 -49.4705 192.657 54.0785 -57.0291 215.492 24.3091 -23.7612 217.532 42.2623 -39.3278 233.654 16.0291 -19.1258 226.098 37.0104 -10.5417 232.423 33.6423 -20.2223 240.33 7.87877 -20.7855 81.2831 -94.516 -22.7009 87.3805 -77.5015 -41.0659 94.137 -74.5039 -49.1741 86.2265 -91.3961 -64.6109 117.324 -90.3777 -48.9707 110.973 -71.1948 -49.8248 142.221 -79.111 -44.9791 131.483 -63.8537 -31.0638 152.73 -74.417 -23.8725 150.51 -65.3018 -12.5855 153.708 -74.6436 -6.92674 148.261 -73.8673 -222.18 202.59 -7.96505 -255.509 213.319 -30.8085 -236.225 202.17 -19.5192 -232.291 200.072 1.47733 -223.095 220.254 1.29459 -245.909 223.554 7.79939 -247.153 232.346 -1.73206 -251.097 231.572 -23.5417 -30.9834 14.1412 -57.2013 -40.3462 15.7328 -73.2462 -44.218 0.308804 -74.1176 -28.6561 -0.002277 -57.1749 -42.1979 19.7458 -39.6769 -43.4478 9.37779 -42.3138 -58.2941 22.7839 -42.9351 -61.4121 11.3759 -41.2828 -58.4394 13.8197 -67.0711 -57.9446 -2.14501 -66.2886 -244.517 210.955 7.81667 -39.847 198.829 53.1813 -40.0591 221.558 30.0402 -28.008 233.478 25.2016 -14.4013 242.289 18.7139 -227.741 200.113 -9.15666 -231.896 209.491 -27.982 -254.769 210.961 -30.397 -239.3 198.08 -6.77337 -236.956 237.245 -8.28506 -231.045 220.273 8.88054 -243.436 215.338 11.5996 -252.819 237.522 -9.67331 -30.996 22.9646 -56.5774 -37.9442 21.7036 -69.7139 -36.0274 13.8295 -69.4892 -30.8269 12.7286 -56.8606 -53.7755 25.29 -39.2951 -43.1004 25.3985 -38.4058 -42.1946 20.3003 -37.3182 -53.2465 19.0611 -38.7927 -233.911 231.933 -26.5132 -254.882 230.485 -31.5589 -45.0638 93.6901 -69.6224 -55.1874 92.3944 -91.6774 -46.8053 123.327 -64.4942 -49.8234 112.2 -66.9232 -59.0592 114.76 -88.8729 -47.819 143.538 -88.1068 -40.786 131.643 -55.0089 -57.8258 31.3231 -61.735 -57.1906 31.7656 -53.6774 -63.341 22.6124 -55.3615 -61.8921 22.7597 -65.0145 -61.4702 133.079 -84.485 -46.3162 115.791 -58.6966 -58.8986 124.204 -82.6711 -55.6739 135.321 -79.8218 -46.9041 122.81 -56.2665 -45.466 141.082 -75.3305 -43.5511 128.768 -56.664 -27.2693 145.878 -56.9805 -34.5086 152.308 -73.1672 -22.2579 158.166 -78.1353 -19.1816 150.316 -56.2828 -10.44 157.46 -78.8776 -10.9308 150.338 -58.5622 -41.5457 93.7845 -70.9504 -51.4808 90.8067 -92.7467 -57.9078 101.149 -88.8993 -48.5606 98.0559 -67.3606 -60.5712 110.773 -87.6466 -49.632 108.92 -69.6251 -12.0964 94.3098 -73.7804 -8.40403 82.6443 -94.258 -22.6399 78.5849 -94.1408 -20.1137 89.1541 -68.241 -35.8166 81.2634 -91.795 -35.5049 91.624 -72.0663 -38.6965 136.113 -62.1141 -46.4239 142.114 -76.8851 -28.3429 155.075 -85.1237 -20.6246 149.358 -55.2811 -5.86966 156.814 -78.1673 -2.61965 150.018 -64.3305 -268.853 222.803 8.1016 -268.721 229.936 -2.58122 -274.174 225.899 -27.5384 -270.947 213.342 -31.2357 -261.73 201.343 -12.1869 -254.444 205.725 10.2505 -262.863 231.667 -3.94493 -267.906 230.064 -24.5681 -270.967 215.874 -30.8259 -243.133 200.348 -6.02042 -235.953 201.182 6.52407 -244.403 224.289 8.43762 -216.44 223.101 -21.2798 -214.066 226.407 -8.94724 -213.822 216.486 -3.38243 -212.228 205.534 -9.13138 -214.734 215.559 -23.1538 -60.3928 25.6921 -63.7471 -57.7589 29.0571 -42.6689 -42.1722 26.9273 -39.7141 -37.0464 27.1598 -59.4782 -41.4653 23.8042 -72.5953 -64.2734 13.398 -58.4509 -61.466 12.1084 -67.4267 -54.2193 32.573 -43.1039 -45.2158 31.6308 -41.5377 -38.0596 32.546 -56.8412 -42.3972 31.6995 -67.1597 -15.6139 223.837 94.0195 -16.6475 221.401 93.6562 -19.9157 224.377 92.8486 -19.2374 220.071 91.8317 -21.786 220.699 89.2561 -16.2615 226.98 93.2621 -22.8206 225.191 87.5794 -20.7529 227.599 88.5293 -18.462 228.339 90.7319 -22.832 222.873 88.0871 -29.0621 221.079 80.9673 -21.0456 228.781 87.2305</float_array>
          <technique_common>
            <accessor source="#mb-mesh-positions-array" count="1187" stride="3">
              <param name="X" type="float"/>
              <param name="Y" type="float"/>
              <param name="Z" type="float"/>
            </accessor>
          </technique_common>
        </source>
        <source id="mb-mesh-normals">
          <float_array id="mb-mesh-normals-array" count="3663">-0.61174 0.212851 0.761885 -0.456908 -0.271979 0.846914 -0.362716 -0.148711 0.919958 -0.716893 -0.265194 0.644777 -0.716893 -0.265194 0.644776 -0.791069 -0.171302 0.587252 -0.832229 -0.107959 0.543819 -0.862778 0.112227 0.492971 -0.822949 0.276376 0.496359 -0.862777 0.112227 0.49297 -0.718276 0.483738 0.500077 -0.588343 0.538327 0.603371 -0.466288 0.54392 0.697659 -0.237017 0.181165 0.954464 -0.237017 0.181165 0.954464 -0.253429 0.072583 0.964627 0.587743 0.142192 0.796454 0.362763 -0.148711 0.919939 0.608846 -0.271906 0.745234 0.253477 0.072586 0.964614 0.364789 0.376898 0.851397 0.588376 0.538325 0.60334 0.718305 0.483734 0.50004 0.749425 0.452831 0.483018 0.862803 0.112226 0.492927 0.854577 0.013253 0.519155 0.862803 0.112226 0.492927 0.791098 -0.171308 0.587212 0.362756 0.250957 0.897457 0.633578 0.475703 0.610152 0.929512 -0.270489 0.250685 0.200313 0.80263 0.561836 0.113882 0.805916 0.580974 -0.176868 0.96538 -0.191728 0.059849 0.986932 -0.14961 -0.191064 0.49904 -0.845253 0.115507 0.506745 -0.854323 0.140113 -0.38307 -0.913031 0.379843 0.3291 -0.86453 0.236534 -0.245812 -0.940015 0.193336 0.879558 -0.43474 0.071196 -0.159577 -0.984615 0.364794 -0.754388 -0.545733 0.518583 -0.3658 -0.772827 0.038257 -0.274485 -0.96083 0.390348 -0.909126 -0.145321 0.390349 -0.909126 -0.145321 0.390348 -0.909126 -0.145321 0.623564 -0.400512 0.671385 0.359418 0.040376 0.932303 0.296645 0.730865 0.614685 0.193624 0.811535 0.55129 -0.027968 0.922287 0.385493 -0.232353 0.915758 -0.327717 -0.313488 0.946093 0.081448 -0.331722 0.406506 -0.851301 0.227631 -0.945042 -0.23469 0.261621 0.889754 -0.374023 0.144815 -0.988931 0.032325 -0.159005 0.435697 -0.885938 -0.01846 0.436686 -0.899424 -0.000042 0.566021 -0.824391 -0.091162 0.930068 -0.355898 0.192253 -0.451849 -0.871132 0.848558 -0.195097 -0.49182 -0.552843 0.276572 -0.786049 -0.444712 0.02249 -0.895391 -0.444712 0.02249 -0.895391 -0.049446 0.130312 -0.990239 0.374594 -0.012541 -0.927104 0.374594 -0.012541 -0.927104 0.399964 0.903116 0.156236 -0.141363 0.843996 0.517385 -0.633537 0.475774 0.61014 -0.558071 0.664971 0.496356 -0.36293 0.25072 0.897453 -0.11382 0.805796 0.581152 -0.296481 0.730789 0.614855 -0.059642 0.986989 -0.149314 -0.309389 0.922039 -0.232642 -0.115346 0.507037 -0.854171 -0.193176 0.879702 -0.434519 -0.379625 0.329522 -0.864465 -0.236516 -0.245509 -0.940098 -0.140118 -0.382924 -0.913091 -0.227885 -0.944947 -0.234825 -0.379654 -0.816513 -0.434935 0.049153 0.130349 -0.990249 -0.000292 0.304781 -0.952422 0.038606 -0.323424 -0.945466 -0.272515 -0.284943 -0.91899 -0.001361 -0.254691 -0.967021 -0.523393 -0.479052 -0.704677 0.912362 -0.406834 -0.045618 0.970704 -0.232569 0.060379 0.814475 -0.518118 -0.261122 0.695931 -0.57298 -0.432867 0.75782 -0.63325 -0.15717 0.176619 0.965467 -0.191521 0.191254 0.499293 -0.845061 0.353846 0.348481 -0.86796 0.231949 0.915911 -0.327578 0.310612 0.3679 -0.876453 -0.386602 -0.005286 0.922231 -0.307004 0.881124 0.359679 0.025922 0.941397 0.336303 -0.917593 -0.324547 0.229548 -0.623742 -0.400614 0.671158 -0.144952 -0.98892 0.032028 -0.831983 -0.538737 -0.132538 -0.912367 -0.406828 -0.045572 -0.695948 -0.572988 -0.43283 -0.756093 -0.647425 -0.095732 -0.876718 0.298464 0.377207 -0.970702 -0.232563 0.060426 -0.071241 -0.159313 -0.984654 0.15868 0.435689 -0.886 -0.802463 -0.431922 -0.411699 -0.590983 -0.337474 -0.732701 -0.590983 -0.337474 -0.732701 -0.590983 -0.337474 -0.732701 -0.833739 -0.187892 -0.519207 -0.573976 0.682035 0.453189 0.574003 0.682031 0.45316 0.876738 0.298459 0.377164 0.557983 0.665024 0.496385 0.761364 -0.41468 -0.498363 -0.589161 0.793231 0.153865 -0.911676 -0.24822 0.327464 0.044547 0.563817 0.824697 0.044547 0.563817 0.824697 0.044547 0.563817 0.824697 0.589176 0.793225 0.153838 0.911691 -0.248226 0.32742 -0.107508 0.992765 0.05347 0.091055 0.930094 -0.355856 0.479216 0.873338 -0.087361 0.107075 0.992807 0.053564 -0.000017 0.985385 -0.170344 -0.733519 0.558612 -0.387172 -0.000055 0.511494 -0.859287 -0.038698 -0.323433 -0.94546 -0.981489 -0.186605 -0.043113 -0.699675 -0.675133 0.233775 -0.502283 -0.757486 0.417045 0.00001 -0.877675 0.479257 -0.521149 -0.772342 -0.363169 0.000002 -0.999255 -0.038581 0.521115 -0.772344 -0.363214 0.502303 -0.75749 0.417014 0.699672 -0.675152 0.233728 0.981482 -0.18662 -0.043198 0.733538 0.558511 -0.387282 -0.479366 0.873255 -0.087371 -0.410408 0.775554 -0.479669 -0.000043 0.992947 -0.118557 -0.649256 0.564882 -0.509289 -0.614385 -0.10368 -0.782165 0.410383 0.775526 -0.479733 0.000024 0.886917 -0.461929 0.614313 -0.103668 -0.782223 0.764036 0.641811 -0.065777 0.649227 0.56483 -0.509383 0.00003 -0.903957 0.427623 -0.764088 0.641756 -0.065725 -0.333053 -0.079148 0.93958 -0.619593 -0.624633 0.47533 -0.916126 -0.345431 -0.203448 0.171936 -0.54438 0.821029 0.196459 0.361566 0.911413 0.751367 0.315005 0.579844 0.777874 0.510013 0.367149 0.721934 0.633334 0.278747 0.850985 0.496416 0.171452 -0.000145 -0.997039 0.076896 -0.172444 -0.544228 0.821023 -0.751473 0.315026 0.579695 -0.721787 0.633523 0.278697 0.654568 -0.621103 -0.431012 -0.170431 -0.750435 -0.638592 -0.214053 -0.976354 -0.030224 0.840646 -0.232268 -0.48925 0.894373 0.163825 -0.416244 0.775119 0.164203 0.610104 0.846145 0.390793 0.362379 -0.894482 0.163991 -0.415943 -0.950074 0.022902 -0.311183 -0.654696 -0.620888 -0.431128 -0.85093 0.496529 0.171399 -0.777787 0.510128 0.367175 0.320163 0.928396 0.188618 0.024606 0.978634 -0.204134 -0.840631 -0.232145 -0.489335 0.170491 -0.750226 -0.638822 -0.775156 0.164302 0.610031 -0.846099 0.390636 0.362657 -0.000041 -0.994001 0.109374 0.619647 -0.624551 0.475367 0.214022 -0.976356 -0.030377 -0.000061 -0.96688 -0.25523 -0.196666 0.361228 0.911502 0.916119 -0.345354 -0.203608 -0.320108 0.928408 0.18865 -0.256173 0.93227 0.255437 0.000009 0.902003 0.431729 -0.49375 0.869364 -0.020437 -0.49375 0.869364 -0.020437 0.3331 -0.079249 0.939555 0.297639 0.930708 0.212587 0.95006 0.02292 -0.311225 -0.834897 0.530949 -0.145053 -0.717987 -0.679001 -0.153142 -0.657845 -0.737256 0.153927 -0.73468 0.618131 -0.27957 0.001912 0.996767 0.080323 -0.144298 0.988835 0.037187 0.804799 0.466375 0.367142 -0.131136 0.940768 0.312664 0.74518 0.616932 0.253183 0.388632 0.457367 0.799863 0.874813 0.454247 -0.168408 0.925198 0.379486 -0.000027 0.311325 0.441012 -0.841775 0.481263 0.447113 -0.753973 -0.769416 0.355452 -0.53071 -0.868527 0.340012 -0.360627 -0.663208 0.147628 0.733731 -0.699305 -0.60794 -0.376008 -0.546458 -0.740365 -0.391463 -0.91246 0.375368 -0.162836 -0.254454 -0.949754 -0.182265 -0.753242 0.205145 -0.624933 -0.341115 -0.457415 -0.821226 0.225587 0.228713 -0.946996 0.734284 -0.470719 -0.489132 0.520691 -0.794684 -0.312022 0.848743 -0.51274 0.129352 0.997167 0.066634 0.034887 0.321595 0.045348 0.945791 0.911918 0.331832 -0.241442 0.351518 -0.093057 0.931545 0.99349 -0.066815 0.092265 0.296012 -0.56575 0.769613 0.392748 -0.264586 0.880763 -0.721904 -0.220246 0.656008 -0.797161 -0.010856 -0.603669 0.295464 0.392056 -0.871202 0.288071 0.316183 -0.903905 -0.859774 0.166357 -0.482819 -0.916615 0.009469 -0.399659 -0.750629 -0.096068 0.653702 -0.686898 -0.546428 0.479153 0.58984 -0.58152 0.560289 0.535553 -0.839176 0.09469 0.401939 0.565524 0.720158 -0.09964 0.965736 0.239635 -0.797528 0.406754 0.445534 -0.238995 -0.420145 0.87542 -0.737923 0.368986 0.565084 0.050904 -0.982215 0.180726 0.35386 0.623628 0.697045 -0.295695 -0.506915 0.809693 -0.668781 0.210421 0.71306 -0.842312 0.311664 -0.439745 0.253135 0.24027 -0.937119 0.186798 0.543886 -0.818104 0.920287 0.086397 0.381585 0.417964 0.127269 0.899505 -0.70788 -0.655374 -0.263422 -0.856108 -0.481011 -0.188963 -0.620643 -0.717531 0.316151 -0.874623 -0.479235 0.073264 -0.643178 -0.671238 0.368458 -0.725562 -0.15587 0.670271 -0.471695 -0.631959 0.614924 -0.405016 -0.074778 0.911246 0.00011 -0.074582 0.997215 -0.2418 0.502168 0.830277 0.000083 0.511249 0.859433 0.000019 0.797233 0.603672 0.241956 0.50217 0.83023 0.207829 0.780221 0.589967 0.526177 0.483026 0.699874 0.599458 0.607285 0.521397 0.968642 -0.004177 0.248426 0.000042 -0.820765 0.571266 0.000036 -0.915494 0.402332 0.620669 -0.717537 0.316086 0.643217 -0.671212 0.368437 0.874621 -0.479243 0.07324 0.725637 -0.155833 0.670199 0.000024 -0.620931 0.783865 0.471779 -0.631938 0.614882 0.405249 -0.07476 0.911144 -0.207779 0.780239 0.589962 -0.526097 0.48303 0.699931 -0.59943 0.607294 0.521419 -0.968636 -0.004173 0.24845 -0.000011 0.787469 -0.616355 0.707852 -0.655356 -0.263541 0.856089 -0.48103 -0.189 -0.000063 -0.474242 -0.880395 -0.649013 0.364302 0.667882 -0.417706 0.103912 0.90262 -0.780366 0.218669 0.585844 -0.48541 0.605749 0.630433 -0.720246 0.148526 0.677633 -0.695107 0.572468 0.434864 -0.775012 -0.237136 0.585766 -0.753659 0.64712 0.115033 -0.932259 -0.151503 0.328541 -0.673596 0.61258 0.41354 -0.569442 0.069222 0.819112 0.00002 0.654661 0.755922 0.000024 0.160078 0.987104 0.569483 0.06922 0.819083 0.000023 0.092711 0.995693 0.508023 -0.187647 0.840655 0.000022 -0.284002 0.958824 0.482582 -0.55363 0.678681 0.000002 -0.978295 0.207217 0.51202 -0.792643 0.330987 0.20857 -0.977192 -0.039935 0.62776 -0.725062 0.283201 -0.000025 -0.192628 -0.981272 -0.000024 0.024964 -0.999688 -0.886476 0.255061 -0.38614 0.886459 0.255055 -0.386184 0.122389 0.956937 -0.263234 -0.009459 0.35893 -0.933317 0.772336 0.612105 0.169776 0.670073 0.736453 0.092944 0.807451 0.581633 -0.098623 0.606626 0.790355 -0.085702 0.215035 0.976563 0.00924 0.82422 0.524333 0.213862 0.115529 0.817206 0.564647 0.948117 0.05244 0.313566 0.242584 0.869801 -0.429651 0.890273 -0.080075 -0.448332 0.565657 -0.394591 -0.724106 -0.74485 -0.058847 -0.664631 -0.74485 -0.058847 -0.664631 0.715558 -0.534862 0.449333 0.932275 -0.15151 0.328495 0.231188 -0.97029 -0.07134 0.77504 -0.237141 0.585728 0.664923 -0.434551 0.607489 0.720281 0.148521 0.677597 0.898475 -0.19714 0.392273 0.910677 0.378616 0.165277 0.98666 -0.022167 0.161279 0.926288 0.308764 -0.215998 0.941789 0.009031 0.336083 0.65271 0.487984 -0.579518 -0.824206 0.524338 0.213903 -0.106935 0.990056 -0.091403 -0.115495 0.817207 0.564653 -0.606626 0.790358 -0.085671 -0.813948 0.503987 0.288938 -0.670064 0.736458 0.092977 -0.322916 0.897035 0.30175 0.000015 0.85814 0.513415 0.000019 0.743505 0.668731 0.322937 0.897033 0.301734 0.000015 0.852124 0.523341 0.087673 0.234651 0.968118 0.000024 0.262561 0.964915 0.415516 -0.472646 0.777144 0.000024 0.058505 0.998287 -0.752021 0.255709 0.607517 -0.941772 0.009037 0.33613 -0.765998 -0.53542 0.35577 -0.986652 -0.022161 0.161329 -0.898457 -0.197135 0.392318 -0.910667 0.378621 0.165322 -0.746611 0.598571 0.290318 -0.706542 0.18314 0.683563 -0.54798 -0.013511 0.836382 -0.807452 0.581638 -0.098583 -0.772324 0.61211 0.169814 0.000013 0.908413 0.418075 -0.000017 0.595633 -0.803257 -0.000024 0.312895 -0.949788 -0.122396 0.956937 -0.26323 0.009415 0.358932 -0.933316 0.67362 0.612576 0.413506 0.75367 0.647115 0.114996 0.695132 0.572464 0.43483 0.485446 0.605745 0.630409 0.649049 0.364297 0.66785 0.417752 0.10391 0.9026 0.780396 0.218663 0.585806 0.706577 0.183136 0.683528 0.000022 0.547757 0.836638 0.715243 0.60225 0.354574 0.856506 0.501688 0.12127 0.778645 0.455073 0.431996 0.000003 0.999978 -0.006664 -0.778621 0.455079 0.432034 -0.400176 -0.809613 0.429402 -0.963536 0.246243 0.104702 -0.948101 0.052446 0.313613 -0.242599 0.869803 -0.429638 -0.38544 -0.121877 -0.914648 -0.565696 -0.394587 -0.724078 -0.000018 0.554004 -0.832514 -0.859969 0.157049 -0.48558 -0.201228 0.102889 -0.974126 -0.000012 0.794763 -0.60692 0.859946 0.157044 -0.485623 -0.087623 0.234651 0.968122 -0.486536 0.579835 0.653509 -0.41548 -0.472643 0.777164 -0.700149 -0.615474 0.361916 -0.369692 -0.928942 -0.019878 -0.606569 -0.539434 0.584025 -0.594538 -0.586651 0.549878 0.851959 0.300906 0.428511 0.867427 0.280998 0.410622 0.871309 0.263722 0.41385 0.855944 0.300708 0.420637 0.771604 0.077725 0.631337 0.000001 -0.995273 0.097112 0.000024 0.084389 0.996433 -0.771572 0.07773 0.631375 -0.688552 -0.716427 -0.112378 -0.8516 -0.09589 -0.515347 -0.062841 -0.930208 -0.361614 -0.000009 -0.968713 -0.248183 -0.507984 -0.187645 0.840679 -0.715539 -0.534858 0.449368 -0.512008 -0.79264 0.331011 -0.62775 -0.725058 0.283232 -0.208568 -0.977192 -0.039936 0.400191 -0.809616 0.429382 0.369684 -0.928944 -0.019896 0.700164 -0.615476 0.361884 0.606597 -0.539433 0.583998 0.656259 -0.249697 0.712022 0.20118 0.102888 -0.974136 -0.855921 0.300713 0.420679 -0.851936 0.300912 0.428553 -0.867405 0.281004 0.410664 -0.871287 0.263728 0.413893 -0.482552 -0.553627 0.678705 0.054643 -0.975052 -0.215146 -0.456228 -0.735965 0.500212 0.495491 -0.398349 0.771885 0.752054 0.255702 0.60748 -0.715221 0.602256 0.354608 -0.856497 0.501694 0.121312 0.813966 0.503982 0.288898 0.486573 0.579832 0.653485 -0.231198 -0.970288 -0.071329 -0.664896 -0.434548 0.607521 0.746629 0.598566 0.290282 -0.054661 -0.975051 -0.215144 -0.495454 -0.398346 0.771911 -0.926297 0.30877 -0.215952 -0.652829 -0.021934 -0.757188 0.963543 0.246236 0.104654 -0.652737 0.487988 -0.579485 -0.656225 -0.249693 0.712055 0.456248 -0.735968 0.500189 0.000023 0.468679 0.883369 0.000001 -0.984805 0.173666 0.03513 0.999268 0.01517 0.434455 0.887631 -0.152843 -0.73126 0.363653 0.577075 0.597283 0.329147 0.731379 0.59456 -0.586656 0.549849 -0.597245 0.32915 0.731409 0.652792 -0.021938 -0.75722 0.851574 -0.095894 -0.51539 0.062817 -0.930208 -0.361617 0.688541 -0.716432 -0.112412 -0.036718 0.616922 0.786167 -0.434457 0.887633 -0.152821 -0.03512 0.999268 0.015173 0.731292 0.363647 0.577039 0.766012 -0.535426 0.355732 0.548021 -0.013514 0.836355 0.036761 0.616922 0.786165 -0.981966 -0.116036 0.149258 -0.952701 -0.214104 -0.215684 -0.681382 -0.721177 0.124986 -0.943686 0.319194 -0.087015 -0.857041 0.488023 0.165271 -0.706731 0.699245 0.107648 -0.305078 0.925719 0.223544 -0.467811 0.866876 -0.172276 0.004558 0.99997 0.006218 -0.019161 0.905944 -0.422964 0.165489 0.936278 -0.309833 0.062718 0.648049 -0.759012 0.000046 0.682436 -0.730946 0.223894 0.180978 -0.957663 0.000042 0.169461 -0.985537 0.431432 -0.372046 -0.821857 -0.000064 -0.685415 -0.728153 0.570105 -0.776183 -0.269293 -0.000048 -0.999788 -0.020574 0.09383 -0.995579 0.004228 -0.029452 0.987538 -0.1546 -0.556973 0.698355 0.449534 -0.718827 0.42376 0.551103 -0.43297 0.53806 0.723207 -0.645464 0.129836 0.752674 0.000024 0.278445 0.960452 0.000022 -0.269741 0.962933 0.645502 0.129832 0.752642 0.762335 -0.576051 0.294975 0.845038 -0.534624 0.009371 0.383186 -0.672454 -0.633225 -0.00001 -0.95881 -0.284049 -0.000015 -0.877527 -0.479527 -0.383221 -0.672452 -0.633206 -0.762324 -0.576047 0.295012 -0.845041 -0.534619 0.009413 0.624964 -0.637823 0.450114 0.437664 -0.892934 0.105449 0.643279 -0.573775 0.506926 0.703115 -0.711022 -0.008777 0.746841 -0.16517 0.644164 0.245127 -0.661129 0.709099 0.672196 -0.617559 0.408379 0.431874 -0.655698 -0.61931 -0.000012 -0.923814 -0.382841 -0.051654 -0.700703 0.711581 -0.000011 -0.935793 -0.35255 0.000013 -0.77076 0.637126 0.306188 -0.205172 0.929598 0.00002 -0.452181 0.891926 -0.306143 -0.20517 0.929614 -0.534671 -0.839039 0.100703 -0.74681 -0.165166 0.644201 0.201521 0.977535 0.061761 0.000073 0.929476 -0.368883 -0.135361 0.921604 -0.363762 -0.062644 0.648083 -0.758989 0.01928 0.905971 -0.4229 0.275386 0.663021 -0.696108 0.467855 0.866881 -0.172131 0.693574 0.631629 -0.34641 0.706778 0.699172 0.107807 0.943754 0.319049 -0.086811 0.857074 0.48793 0.165373 0.981936 -0.116142 0.149376 -0.934388 0.282867 0.216575 -0.701435 0.10641 0.704745 -0.04222 0.973277 -0.225719 -0.000005 0.953047 -0.302821 0.08124 0.978592 0.189098 0.000005 0.998274 0.058726 -0.676188 0.021941 0.736402 0.000025 0.096669 0.995317 0.000023 -0.148159 0.988964 0.676224 0.021933 0.736369 0.701471 0.106407 0.70471 0.934402 0.282856 0.21653 0.557002 0.698349 0.449508 0.029453 0.987538 -0.154602 0.623214 -0.734338 0.268985 0.72727 -0.558747 0.398597 0.718858 0.423754 0.551068 -0.570226 -0.776054 -0.269412 -0.093938 -0.995569 0.004217 0.009464 -0.857717 -0.514034 0.519036 -0.780451 -0.348565 0.134061 -0.286699 -0.948594 0.632879 -0.201985 -0.74744 0.668533 0.291991 -0.683962 0.95272 -0.214244 -0.215465 0.078155 -0.837812 -0.540336 -0.133954 -0.286712 -0.948606 -0.519095 -0.780374 -0.34865 -0.632699 -0.201955 -0.7476 -0.668383 0.292019 -0.684097 -0.693487 0.631613 -0.346614 -0.623205 -0.734334 0.269015 -0.624946 -0.637819 0.450145 -0.70312 -0.711017 -0.008742 -0.437664 -0.892931 0.105472 0.991654 0.088653 -0.093606 -0.000037 0.294362 0.955694 -0.000014 0.937854 0.347031 -0.991645 0.088665 -0.093699 0.000038 0.446722 -0.894673 0.000041 -0.407999 -0.912983 -0.692645 -0.700204 -0.17308 -0.00009 -0.496982 -0.867761 0.692607 -0.700189 -0.173295 0.000056 -0.971249 0.238067 0.000101 -0.500758 0.865587 0.20651 0.249837 -0.94601 -0.223811 0.180979 -0.957682 -0.727254 -0.558743 0.398632 -0.20643 0.249837 -0.946028 -0.275335 0.662974 -0.696172 -0.67218 -0.617555 0.408412 0.051685 -0.700704 0.711578 -0.431909 -0.655696 -0.619288 0.399161 -0.916818 0.010693 -0.008748 -0.498267 0.86698 0.008788 -0.498265 0.86698 -0.643257 -0.573773 0.506957 -0.431363 -0.371968 -0.821928 -0.081224 0.978592 0.189106 0.042219 0.973277 -0.22572 0.000004 -0.942529 0.334123 -0.245096 -0.661128 0.70911 -0.149685 0.984505 0.091352 -0.312404 0.949941 -0.004029 -0.312404 0.949941 -0.004029 -0.004451 0.999971 0.006217 0.305151 0.925686 0.22358 0.86633 -0.301927 0.397885 0.433009 0.538058 0.723186 0.000025 0.057261 0.998359 0.68129 -0.721251 0.125068 -0.463251 -0.654127 -0.597927 0.000016 0.696526 0.717532 0.000057 0.998534 -0.054133 0.405075 -0.004155 0.914274 0.268679 -0.92263 0.276706 0.408376 -0.899782 0.153694 0.222352 -0.787611 0.574655 0.368379 -0.443379 0.817137 0.373739 -0.83675 -0.40021 0.335578 -0.64167 0.689672 -0.07744 -0.840405 -0.536397 -0.132788 -0.718349 0.682893 -0.850127 0.172028 0.497685 -0.281384 -0.025724 0.95925 0.254327 0.293437 0.921528 0.106488 0.877863 0.466923 0.586493 -0.627159 -0.512541 -0.696183 -0.528901 0.48538 -0.480806 -0.633174 -0.606561 0.496362 -0.57056 0.654283 0.538904 -0.370451 -0.756537 0.448642 -0.304822 0.840121 0.154602 -0.555193 -0.817227 0.205134 -0.634405 0.745285 -0.323913 -0.942579 -0.081394 0.17921 -0.509617 -0.841531 -0.361464 0.913407 -0.187167 -0.075618 -0.991235 -0.108332 -0.351277 0.675583 -0.648223 -0.429914 0.626046 -0.650569 -0.464899 0.634728 0.617244 -0.772455 0.318899 0.549196 0.478067 -0.309178 0.822108 0.506814 -0.541852 0.670475 -0.33367 0.941947 -0.037424 -0.146443 -0.98003 -0.134524 -0.337909 0.639904 -0.690174 -0.406429 0.631294 -0.660518 -0.474521 0.64762 0.59617 -0.766438 0.347471 0.540219 -0.660452 0.293647 0.691068 -0.564552 -0.546242 -0.61879 -0.584104 -0.579807 0.56802 -0.730408 0.390764 -0.560185 -0.353927 0.597522 0.719516 -0.424464 0.710997 -0.560636 -0.255476 0.597232 0.760293 -0.324048 0.760645 -0.562505 -0.183222 0.585667 0.789572 0.217806 -0.719773 0.659156 -0.395549 -0.70311 0.590912 -0.301475 0.919282 0.25305 0.142262 -0.454886 -0.879113 -0.186647 -0.841746 -0.506583 0.667788 -0.516089 -0.536387 0.681499 -0.597768 -0.422176 -0.492801 0.069072 -0.867396 -0.695961 -0.57323 0.432487 -0.901494 0.275827 0.333509 0.364529 -0.585026 0.724475 0.350538 -0.158579 0.923025 0.283893 -0.60487 -0.744001 -0.38685 0.549721 -0.740374 -0.479494 0.67401 0.561957 0.274221 -0.583405 0.764487 0.412847 -0.480966 0.773453 0.532966 -0.550137 0.642881 0.026072 0.825096 -0.564391 -0.263814 0.65254 -0.710348 0.134482 -0.256911 -0.957032 -0.009843 -0.562295 -0.826878 -0.07504 -0.895543 -0.438602 0.371906 -0.242541 -0.896024 0.522812 -0.656261 -0.544049 -0.654004 -0.568066 0.49958 -0.64485 0.266527 -0.716332 0.290245 -0.599876 0.745591 -0.294736 0.628969 0.719395 -0.309377 0.604148 0.734365 -0.622631 0.30593 -0.720234 -0.322847 0.617752 -0.717044 -0.350998 0.60764 0.712442 -0.47525 -0.751823 -0.457055 -0.79091 -0.047267 -0.610104 0.162342 0.919448 0.358134 0.034343 0.991963 0.121779 -0.020898 -0.126807 0.991707 0.08567 0.781936 -0.617444 0.234127 0.730666 -0.641336 0.046148 -0.28472 -0.957499 0.144829 -0.301162 -0.94251 0.135981 0.614282 -0.777282 0.259747 0.937273 0.232486 0.514058 -0.39014 -0.763895 -0.435784 -0.692157 -0.575336 0.587647 -0.62243 -0.516964 0.049996 -0.991984 0.116052 -0.128833 -0.97259 0.193574 0.280047 0.235014 0.930775 -0.013987 -0.148789 -0.98877 0.00735 -0.996874 0.078667 -0.007943 -0.107714 0.99415 -0.080569 -0.052252 0.995378 0.123305 0.872398 0.472989 -0.120684 0.89564 0.428094 -0.091625 0.884133 -0.458163 -0.231931 0.849923 0.473116 -0.067558 0.898357 -0.43404 -0.122571 -0.054612 -0.990956 0.006215 -0.216173 -0.976335 -0.005782 -0.993493 0.113744 0.060974 -0.134454 -0.989042 0.080695 0.881157 -0.465887 -0.112755 -0.074384 0.990835 -0.925196 0.379491 -0.000043 -0.920285 0.086514 0.381562 -0.481267 0.446978 -0.75405 -0.417959 0.127455 0.899481 -0.38858 0.457513 0.799804 0.663214 0.147763 0.733699 0.737962 0.369096 0.564961 0.769381 0.355351 -0.530829 0.912458 0.375318 -0.162959 0.753199 0.205027 -0.625024 0.532931 -0.76377 -0.364198 0.34883 -0.424782 -0.835391 0.797172 -0.011027 -0.603651 0.721932 -0.220429 0.655915 -0.392796 -0.264536 0.880757 -0.296058 -0.565486 0.769789 -0.993491 -0.066696 0.092339 -0.351519 -0.092847 0.931565 -0.997165 0.066676 0.034879 -0.374819 0.064112 0.924879 -0.944281 0.324707 -0.053832 -0.186783 0.543716 -0.818221 -0.25313 0.240076 -0.937171 -0.288043 0.316003 -0.903976 0.916617 0.009371 -0.399656 0.859777 0.166224 -0.482859 0.750627 -0.095951 0.653721 0.668762 0.210556 0.713038 0.131155 0.940832 0.312464 0.734664 0.618074 -0.279738 0.144307 0.988841 0.037003 -0.001877 0.996777 0.080197 -0.804742 0.466493 0.367117 -0.401864 0.565626 0.72012 -0.589806 -0.581437 0.560411 0.239053 -0.420045 0.875452 -0.745165 0.616978 0.253115 -0.874826 0.454211 -0.168436 -0.311388 0.440848 -0.841838 0.868545 0.339924 -0.360668 0.699264 -0.607982 -0.376016 0.56608 -0.738396 -0.366504 0.71796 -0.679035 -0.153115 0.8349 0.530908 -0.145188 0.657835 -0.737256 0.153967 0.797575 0.406788 0.445417 -0.640106 -0.75561 -0.13899 -0.754184 -0.371277 -0.541628 -0.848733 -0.512719 0.129508 -0.353815 0.623761 0.696949 0.295752 -0.506758 0.80977 -0.049804 -0.971774 0.230599 -0.535621 -0.839111 0.094881 0.099687 0.965764 0.239505 -0.225652 0.22853 -0.947025 0.686753 -0.546554 0.479217 -0.295503 0.391891 -0.871263 0.842315 0.31157 -0.439807 -0.007406 -0.99685 0.078961 -0.046143 -0.284995 -0.957418 0.128814 -0.972539 0.19384 -0.060934 -0.134739 -0.989006 0.005767 -0.993455 0.114078 -0.006107 -0.216381 -0.97629 0.122592 -0.054859 -0.99094 0.091709 0.884024 -0.458357 0.067554 0.89824 -0.434282 0.231876 0.85008 0.47286 0.112765 -0.074165 0.99085 0.020884 -0.126547 0.991741 0.007878 -0.107426 0.994182 -0.123294 0.872525 0.472757 0.080467 -0.052003 0.9954 0.120657 0.895723 0.427928 -0.162328 0.91955 0.357878 -0.08065 0.881029 -0.466137 -0.234099 0.730491 -0.641546 -0.026002 0.824932 -0.564633 -0.135925 0.614108 -0.777429 -0.259605 0.93737 0.232255 -0.144895 -0.301353 -0.942439 -0.134504 -0.257183 -0.956956 -0.408551 -0.899662 0.153928 -0.268787 -0.922532 0.276927 -0.405058 -0.003857 0.914283 -0.222397 -0.787435 0.574878 -0.368415 -0.443136 0.817252 -0.373772 -0.836847 -0.399977 -0.335614 -0.64146 0.689849 0.077407 -0.840561 -0.536158 0.13275 -0.71816 0.683098 0.850129 0.172129 0.497646 0.281375 -0.025465 0.95926 -0.254301 0.29371 0.921448 -0.106406 0.878001 0.466683 -0.667806 -0.516208 -0.536251 0.186614 -0.841899 -0.50634 -0.681521 -0.597858 -0.422013 0.492813 0.068804 -0.867411 -0.283911 -0.605069 -0.743832 0.386883 0.549491 -0.740528 0.322884 0.617536 -0.717214 0.47952 0.674148 0.56177 0.351017 0.607826 0.712274 -0.274256 -0.583176 0.76465 -0.82053 -0.568423 -0.060211 -0.514067 -0.390335 -0.763789 0.435754 -0.692341 -0.575137 -0.587669 -0.622551 -0.516793 0.64487 0.266297 -0.7164 -0.179223 -0.509848 -0.841388 0.429952 0.625841 -0.650741 0.351314 0.675383 -0.648411 0.46492 0.634881 0.617071 0.294758 0.629161 0.719218 -0.29028 -0.599652 0.745758 -0.799695 -0.596769 -0.065985 -0.478088 -0.308923 0.822191 -0.506847 -0.541636 0.670624 0.653976 -0.567953 0.499745 -0.217846 -0.719577 0.659357 0.18324 0.585883 0.789408 0.392149 -0.718742 0.574133 0.255495 0.597438 0.760125 0.353946 0.597709 0.719351 0.424503 0.710819 -0.560833 0.730432 0.390574 -0.560287 -0.142271 -0.455132 -0.878985 -0.371903 -0.242775 -0.895962 -0.412878 -0.48073 0.773583 -0.522835 -0.65639 -0.543871 -0.532999 -0.549933 0.643029 0.131457 -0.987441 -0.087631 -0.53891 -0.370642 -0.756439 0.480787 -0.633368 -0.606373 -0.586514 -0.627277 -0.512372 0.622653 0.305699 -0.720313 -0.154617 -0.555417 -0.817071 0.406467 0.631086 -0.660693 0.337946 0.63969 -0.690354 0.474545 0.647766 0.595992 0.333711 0.941922 -0.037688 0.309398 0.604345 0.734193 -0.205172 -0.634184 0.745463 -0.448667 -0.304564 0.840202 0.361506 0.913338 -0.187421 0.26385 0.652327 -0.71053 0.007499 -0.565834 -0.824485 -0.496395 -0.570354 0.654437 0.696152 -0.528795 0.48554 -0.03427 0.991994 0.12155 -0.280043 0.235244 0.930718 -0.085613 0.781772 -0.617659 0.301512 0.91934 0.252792 0.324089 0.760469 -0.562719 0.614735 -0.022004 -0.788427 0.790914 -0.047474 -0.610082 0.766448 0.347588 0.54013 0.660456 0.293812 0.690993 0.584065 -0.579675 0.568195 0.772461 0.319022 0.549117 0.695932 -0.573137 0.432656 0.901502 0.275882 0.333441 -0.350556 -0.1583 0.923066 -0.364565 -0.584802 0.724637 0.564538 -0.546442 -0.618626 -0.05003 -0.99195 0.116327 0.01399 -0.149107 -0.988722 0.082042 -0.897067 -0.434212 0.000033 0.951529 0.307558 0.325014 0.892291 0.31334 0.088848 0.865963 0.492152 -0.710629 0.5302 0.462487 -0.943068 -0.09661 0.318258 -0.544076 -0.795377 0.267126 0.049359 -0.975186 0.215815 0.781327 -0.126753 0.611116 0.516397 -0.692965 0.503124 0.470029 -0.690925 0.549268 0.825848 -0.191018 0.530554 0.716497 0.378239 0.586145 0.812258 0.327505 0.482678 0.395798 0.762753 0.511421 0.197218 0.849758 0.488893 -0.32945 0.642277 0.692058 -0.43249 0.409338 0.803365 -0.000043 0.250589 0.968093 0.432439 0.40929 0.803417 0.887262 0.263795 0.378388 0.979321 0.197878 -0.042121 0.887262 0.263795 0.378388 0.623244 0.182747 0.760375 -0.710459 0.213882 0.67045 -0.774791 0.132686 -0.618138 0.402215 0.149536 -0.903251 0.41825 0.111201 0.9015 0.977122 0.206824 -0.049562 0.919254 0.375049 -0.119628 0.350849 -0.094513 0.93165 -0.707203 0.035758 0.706106 -0.737672 0.069314 0.671592 -0.932598 -0.021555 -0.360274 -0.773338 0.010169 -0.633912 0.404657 0.168112 -0.898883 0.410463 0.0447 -0.910781 -0.516532 -0.692909 0.503062 -0.470169 -0.690875 0.549211 0.137189 -0.918211 0.371576 -0.781413 -0.126668 0.611022 -0.825932 -0.190929 0.530455 -0.716527 0.378317 0.58606 -0.812279 0.327593 0.482582 -0.395776 0.762796 0.511375 -0.197184 0.849778 0.488871 0.329436 0.64224 0.692098 0.058339 0.105798 -0.992675 0.978856 0.099612 -0.178656 -0.763173 0.009359 -0.646126 -0.801534 0.221361 0.555467 0.310182 -0.201843 0.929003 0.293508 0.104156 -0.950265 0.993325 0.052858 -0.102524 -0.697199 -0.063102 -0.714095 -0.876265 0.090425 0.473269 0.532631 0.140431 0.834616 -0.004105 0.956173 0.292774 -0.09406 0.21345 0.972415 -0.537587 -0.36998 0.757703 -0.517171 -0.670428 0.532034 -0.309129 -0.698019 0.645917 0.014276 -0.994047 -0.108015 0.135885 -0.96359 -0.230283 -0.422036 0.133912 0.896634 -0.114783 0.388246 0.91438 -0.241795 -0.041712 0.96943 -0.252037 -0.810936 0.528072 -0.122103 -0.432805 0.89318 -0.407516 -0.602692 -0.686071 0.023119 -0.981338 -0.190898 0.011914 -0.173611 -0.984742 0.089601 -0.293379 -0.951788 -0.046359 0.818592 -0.572502 0.159497 0.970575 0.180402 -0.026468 0.599918 0.799624 0.029006 0.587772 0.808506 0.033791 0.94267 0.33201 -0.480005 -0.873934 0.076386 -0.036766 -0.219209 -0.974985 0.07253 0.705715 -0.704774 -0.04949 -0.975181 0.215809 0.543958 -0.795436 0.267191 0.94302 -0.096712 0.318371 -0.180776 0.950388 0.253144 -0.435165 0.863949 -0.253423 -0.515437 0.81254 0.272221 -0.255168 0.936563 -0.24029 0.008662 0.988815 0.148895 -0.007948 0.951658 -0.307058 -0.144848 0.691478 0.707727 -0.587465 0.407065 0.699416 0.093369 0.684368 0.723134 -0.158255 -0.86146 -0.482536 -0.010143 -0.885419 -0.464683 -0.048447 -0.863402 -0.502185 -0.141534 -0.860805 -0.488859 -0.347421 -0.776822 -0.525211 -0.411824 -0.70502 -0.577363 0.149651 0.960337 0.235282 -0.00512 0.845269 -0.534317 -0.000067 -0.965638 0.259892 0.784196 0.33496 0.52234 0.939899 -0.095955 0.327692 0.860398 0.122743 0.49462 0.91993 0.134261 0.368377 0.612485 0.593104 0.522581 0.790503 0.470744 0.391797 0.178561 -0.121396 -0.976411 -0.245558 -0.896053 0.369852 0.159559 -0.899077 0.407679 0.249813 -0.855634 0.453304 -0.121607 -0.89517 0.428814 -0.535969 -0.779402 0.324452 -0.239474 -0.824436 0.512794 0.323108 0.890804 0.319483 0.026974 0.955436 0.293963 -0.169108 0.899795 0.402208 0.361337 0.873128 0.327236 0.521653 0.75855 0.390488 0.341369 0.794931 0.501548 0.803776 -0.48175 0.349085 0.565061 -0.803945 0.185415 0.703675 -0.586547 0.401003 0.747949 -0.597112 0.289879 0.893193 -0.207623 0.398873 0.853413 0.02425 0.520671 0.099506 0.92041 0.378078 0.395237 0.831841 0.389651 0.231906 0.863965 0.446972 0.212197 0.909039 0.358637 -0.079471 0.94121 0.328342 -0.088903 0.939298 0.331385 -0.137332 -0.918196 0.371559 -0.045994 -0.938731 0.341568 -0.00007 -0.945573 0.32541 0.189339 0.767771 -0.61211 0.710631 0.530123 0.462571 -0.088812 0.865974 0.49214 -0.324955 0.892326 0.313302 0.045852 -0.938736 0.341574 -0.871928 -0.167915 0.459941 -0.857569 -0.188269 0.478676 -0.834601 -0.218292 0.505757 -0.898829 -0.125483 0.419952 0.857492 -0.188362 0.478777 0.871855 -0.168009 0.460045 0.834517 -0.218382 0.505856 0.898766 -0.12558 0.420059 -0.939887 -0.095798 0.327774 -0.784252 0.334979 0.522244 -0.860382 0.122788 0.494637 -0.919893 0.134441 0.368405 0.893057 0.289643 0.344321 0.896398 0.286008 0.338629 0.857763 0.324263 0.398869 0.923789 0.253085 0.287336 -0.893021 0.289823 0.344261 -0.896366 0.286186 0.338564 -0.923737 0.253296 0.287316 -0.857755 0.32441 0.398765 -0.61242 0.593289 0.522446 -0.79038 0.470965 0.391779 -0.395194 0.831883 0.389604 -0.099452 0.920421 0.378067 -0.231865 0.86399 0.446946 -0.212142 0.909061 0.358612 0.079533 0.941201 0.328352 0.088964 0.939288 0.331396 -0.56517 -0.803884 0.185347 -0.80387 -0.481663 0.34899 -0.703786 -0.586471 0.40092 -0.748048 -0.59703 0.28979 -0.893263 -0.207527 0.398766 -0.853473 0.024342 0.520569 0.535846 -0.77946 0.324516 0.121459 -0.895184 0.428829 0.239323 -0.824461 0.512823 0.245418 -0.896079 0.369881 -0.159705 -0.899059 0.40766 -0.24996 -0.855607 0.453274 -0.521617 0.758606 0.390425 -0.361282 0.873167 0.327192 -0.341343 0.794969 0.501507 -0.32305 0.890839 0.319444 -0.026906 0.955439 0.29396 0.169159 0.899776 0.402229 -0.091068 0.442924 0.891922 -0.089396 0.297374 0.950567 -0.11359 0.415062 0.902674 -0.101735 0.295203 0.950003 0.76272 0.498001 -0.412617 0.824866 0.346599 -0.446616 0.806676 0.455563 -0.376478 0.846628 0.303901 -0.43688 -0.102983 0.15052 0.983229 -0.139404 0.067842 0.987909 -0.856138 0.515467 -0.036351 -0.930292 0.353836 -0.096732 -0.832501 0.552901 0.035263 -0.949353 0.254702 -0.183997 -0.969437 0.085313 -0.230031 -0.952714 0.030357 -0.302348 0.888088 0.132855 -0.440057 0.925148 0.025764 -0.378732 -0.028987 0.587544 0.808673 -0.033709 0.94258 0.332274 -0.14961 0.960277 0.235553 0.114803 0.387992 0.914485 0.241784 -0.041998 0.969421 0.42203 0.133676 0.896672 0.251972 -0.811092 0.527863 0.479887 -0.874018 0.076158 0.407489 -0.602508 -0.686248 0.036763 -0.218932 -0.975047 -0.011912 -0.17333 -0.984792 -0.072491 0.705917 -0.704575 -0.089602 -0.293085 -0.951878 -0.014325 -0.994021 -0.108245 0.51716 -0.670528 0.531919 0.309076 -0.698195 0.645752 0.537563 -0.370219 0.757604 0.09407 0.213187 0.972472 0.387771 0.678258 0.624179 0.357506 0.702823 0.615004 0.399607 0.675554 0.61963 0.356597 0.688684 0.631311 0.279337 0.778713 0.561761 0.356719 0.716912 0.59899 -0.034457 0.945488 0.32383 0.185758 0.872186 0.452531 0.000007 0.984438 0.175733 0.000001 0.933998 0.357279 0.000019 0.823372 0.567502 0.095493 0.810791 0.577494 0.275823 0.704564 0.653844 0.351746 0.658451 0.665369 0.381855 0.657627 0.649395 0.005186 0.845424 -0.534071 -0.023161 -0.981282 -0.191176 0.122075 -0.433064 0.893058 -0.623186 0.18282 0.760405 -0.993332 0.052835 -0.102466 -0.532575 0.14059 0.834625 -0.979331 0.197836 -0.042085 0.71052 0.214028 0.670338 0.876297 0.090519 0.473192 0.774741 0.132597 -0.618219 0.69715 -0.063238 -0.714131 -0.402275 0.149357 -0.903254 -0.293573 0.103972 -0.950266 -0.350756 -0.094373 0.931699 -0.978869 0.099574 -0.178608 -0.310118 -0.201666 0.929063 -0.977129 0.206798 -0.049539 -0.418286 0.111369 0.901462 -0.919264 0.375008 -0.119679 0.737736 0.069458 0.671506 0.80157 0.221471 0.55537 0.707165 0.035939 0.706135 0.773291 0.010063 -0.633971 0.763129 0.009238 -0.64618 0.932593 -0.021611 -0.360281 -0.410523 0.04452 -0.910763 -0.058407 0.105607 -0.992691 -0.404721 0.167953 -0.898884 0.046421 0.818756 -0.572262 -0.1893 0.767952 -0.611894 -0.159455 0.970531 0.180676 0.180832 0.950315 0.253378 0.435224 0.86398 -0.253216 0.255239 0.936597 -0.240081 0.515511 0.812425 0.272422 0.144898 0.691275 0.707915 0.587503 0.406852 0.699508 -0.824887 0.346515 -0.446641 -0.762737 0.497917 -0.412688 -0.806652 0.455529 -0.376571 -0.846665 0.303796 -0.436882 -0.888118 0.132767 -0.440022 -0.925174 0.025688 -0.378674 0.089414 0.297577 0.950501 0.091083 0.443113 0.891827 0.113603 0.415258 0.902582 0.101768 0.295366 0.949948 0.103019 0.150689 0.983199 0.139465 0.067969 0.987891 0.949341 0.254664 -0.184112 0.969421 0.085272 -0.230113 0.952693 0.030302 -0.302419 0.930282 0.353828 -0.096852 0.856129 0.515472 -0.036487 0.83249 0.552925 0.035139 -0.008588 0.988778 0.149147 0.008073 0.951741 -0.306795 -0.093344 0.684168 0.723327 0.026487 0.59969 0.799794 0.004197 0.956092 0.293036 -0.17857 -0.121107 -0.976445 -0.136029 -0.963524 -0.230471 -0.185727 0.87219 0.452538 -0.095451 0.810793 0.577498 -0.356684 0.716914 0.599008 -0.275786 0.704565 0.653858 0.034479 0.945487 0.323828 -0.279304 0.778715 0.561776 -0.356561 0.688686 0.631328 -0.387735 0.67826 0.624199 -0.357471 0.702825 0.615021 -0.399572 0.675556 0.61965 -0.351709 0.658454 0.665387 -0.381819 0.657629 0.649414 0.010075 -0.885277 -0.464955 0.158195 -0.861319 -0.482808 0.048306 -0.863297 -0.502379 0.141488 -0.860649 -0.489146 0.347359 -0.776686 -0.525453 0.411731 -0.704918 -0.577554</float_array>
          <technique_common>
            <accessor source="#mb-mesh-normals-array" count="1221" stride="3">
              <param name="X" type="float"/>
              <param name="Y" type="float"/>
              <param name="Z" type="float"/>
            </accessor>
          </technique_common>
        </source>
        <source id="mb-mesh-map-channel1">
          <float_array id="mb-mesh-map-channel1-array" count="2232">-2.94922 -0.394043 0 -2.92432 -0.411621 0 -2.97119 -0.427734 0 -2.76953 -0.41748 0 -2.83984 -0.481934 0 -2.87207 -0.445801 0 -2.99756 -0.531738 0 -2.9585 -0.534668 0 -2.97461 -0.570313 0 -2.77881 -0.579102 0 -2.8125 -0.528809 0 -2.76953 -0.540527 0 -2.84131 -0.407715 0 -2.99756 -0.429688 0 -2.87793 -0.53125 0 -2.82813 -0.51123 0 -2.8291 -0.559082 0 -2.89453 -0.395508 0 -2.89697 -0.40918 0 -2.88379 -0.488281 0 -2.9043 -0.445801 0 -2.98877 -0.472168 0 -2.93848 -0.433105 0 -2.92578 -0.48584 0 -2.90283 -0.55957 0 -2.91455 -0.535645 0 -2.78223 -0.445313 0 -2.77979 -0.490723 0 -2.81104 -0.394531 0 -2.84912 -0.392578 0 -2.86475 -0.391602 0 1.58838 -0.768555 0 1.55957 -0.897949 0 1.54785 -0.776855 0 -5.08447 -0.353516 0 -5.05518 -0.242676 0 -5.04248 -0.332031 0 1.41748 -0.827148 0 1.4043 -0.629395 0 1.44287 -0.793945 0 1.46777 -0.874023 0 -0.849121 -0.333984 0 -0.807129 -0.385742 0 -0.833496 -0.383789 0 -4.30225 -0.645508 0 -4.26953 -0.730469 0 -4.33008 -0.725098 0 -1.43896 -0.442383 0 -1.52979 -0.439941 0 -1.38672 -0.36377 0 -1.521 -0.356934 0 -1.41357 -0.262695 0 1.02002 -2.73584 0 1.03564 -2.81689 0 1.00342 -2.7749 0 -5.04834 -0.445313 0 -5.47754 -0.417969 0 -5.39502 -0.445801 0 -5.45947 -0.445313 0 -1.56982 1.85693 0 -1.52734 1.80713 0 -1.59229 1.7041 0 1.49854 -0.883301 0 1.46777 -0.961426 0 1.2334 -2.74902 0 1.28809 -2.80811 0 1.26611 -2.74561 0 1.00342 -2.69043 0 1.00391 -2.6333 0 1.00684 -2.67725 0 1.2832 -2.93115 0 1.2124 -2.91309 0 1.23096 -2.94873 0 1.15186 -2.80713 0 1.10156 -2.77148 0 1.14502 -2.8125 0 1.21143 -2.68799 0 1.2793 -2.68994 0 1.22607 -2.63428 0 1.1416 -2.88672 0 1.12744 -2.8125 0 1.09717 -2.88672 0 0.407227 -2.38916 0 0.452637 -2.33496 0 0.381348 -2.32324 0 1.15527 -2.80029 0 1.13818 -2.74756 0 1.13086 -2.76221 0 0.422852 -2.29688 0 -4.37549 -0.711914 0 -4.38037 -0.816895 0 -4.31055 -0.825195 0 -4.26709 -0.646484 0 -4.3374 -0.652344 0 -4.31006 -0.825684 0 -5.36621 -0.444824 0 -5.23633 -0.383789 0 -5.24512 -0.443848 0 -5.22168 -0.305664 0 -5.14551 -0.445313 0 -5.11572 -0.222168 0 -4.2959 -0.514648 0 -4.3208 -0.581055 0 -4.34473 -0.58252 0 -4.36572 -0.531738 0 -4.30078 -0.462402 0 -1.48828 -0.191406 0 -1.58691 -0.236816 0 -0.779297 -0.316406 0 -0.697754 -0.243652 0 -0.687012 -0.387695 0 -5.35254 -0.366699 0 -5.45117 -0.35791 0 -5.38672 -0.32959 0 -1.64014 -0.441406 0 -1.64746 -0.322754 0 -5.35889 -0.310059 0 -1.37451 -0.26416 0 -1.44043 -0.177246 0 -0.742676 -0.388184 0 -0.76709 -0.38916 0 -5.40186 -0.262695 0 -0.666992 -0.214355 0 -0.666504 -0.313965 0 -0.779297 -0.05957 0 -0.722168 -0.0083 0 -0.664551 -0.039062 0 -0.850098 -0.274414 0 -0.799805 -0.145508 0 -0.709961 -0.125 0 -4.22998 -0.641602 0 -4.27246 -0.884766 0 -4.35205 -0.885254 0 -4.25684 -0.49707 0 -4.24316 -0.556152 0 -4.25439 -0.580566 0 -4.28906 -0.569336 0 1.13965 -2.69678 0 1.1123 -2.67969 0 1.12842 -2.71582 0 -0.899414 -0.234375 0 -0.85498 -0.146973 0 -0.875 -0.245605 0 -0.880371 -0.308105 0 -0.875 -0.243164 0 -0.863281 -0.385254 0 -0.894531 -0.01416 0 -0.855957 -0.009765 0 -0.854004 -0.0625 0 -0.888184 -0.162598 0 -0.888184 -0.0708 0 1.07178 -2.77393 0 1.16846 -2.8877 0 1.02832 -2.84033 0 1.00684 -2.83984 0 -1.66064 -0.217773 0 1.24512 -2.82617 0 1.36133 -2.88379 0 1.30469 -2.84131 0 1.39355 -2.64063 0 1.31348 -2.64502 0 1.35889 -2.68359 0 1.06299 -2.71338 0 1.10547 -2.70068 0 1.10986 -2.77832 0 1.14551 -2.81396 0 -5.00342 -0.254883 0 -4.99902 -0.336426 0 1.0376 -2.6626 0 0.447266 -2.21436 0 0.488281 -2.22607 0 0.461914 -2.15332 0 -5.22119 -0.225586 0 -5.25146 -0.310547 0 -5.30273 -0.26416 0 -4.18896 -0.992188 0 -4.18896 -0.816895 0 -4.11426 -0.964844 0 -4.11865 -0.674316 0 -4.15527 -0.71875 0 -4.17383 -0.64502 0 -4.15576 -0.577148 0 -4.2041 -0.569824 0 -4.22266 -0.495117 0 -4.11914 -0.58252 0 -4.146 -0.500488 0 -4.08789 -0.591797 0 -4.08984 -0.756836 0 -4.09473 -0.681641 0 -4.12061 -0.819336 0 -4.06738 -0.956055 0 -4.0835 -0.506348 0 -4.25635 -0.808594 0 -1.30664 -0.017578 0 -1.25 -0.078125 0 -1.2793 -0.139648 0 -4.05225 -0.768555 0 -4.00146 -0.763672 0 -4.00195 -0.717773 0 -4.04443 -0.520508 0 -4.04736 -0.609375 0 -4.08789 -0.829102 0 -4.04004 -0.838867 0 -4.12402 -0.731445 0 1.22412 -2.88086 0 1.30713 -2.89063 0 1.20508 -2.95557 0 1.1875 -2.93311 0 1.17139 -2.87354 0 1.19531 -2.8501 0 -0.938965 -0.242188 0 -0.900879 -0.305664 0 -0.947266 -0.314453 0 1.25 -2.61328 0 1.29736 -2.79053 0 1.28271 -2.73291 0 1.23047 -2.60205 0 0.510742 -2.3667 0 0.473145 -2.29785 0 1.26025 -2.77832 0 1.26563 -2.81445 0 1.19922 -2.80176 0 1.23193 -2.71143 0 1.36279 -2.63574 0 1.1958 -2.65332 0 1.15527 -2.71533 0 1.10352 -2.73389 0 1.11572 -2.75439 0 1.16504 -2.67578 0 1.12549 -2.67529 0 1.1709 -2.70605 0 0.44043 -2.25195 0 0.411133 -2.22412 0 0.380859 -2.27441 0 1.19775 -2.61621 0 1.17725 -2.67432 0 1.15527 -2.64697 0 -5.16113 -0.229004 0 -5.15918 -0.32373 0 1.09814 -2.83154 0 1.10889 -2.82422 0 1.14453 -2.94824 0 1.12354 -2.95752 0 1.09229 -2.95264 0 1.08105 -2.93994 0 1.07227 -2.9624 0 1.08545 -2.99072 0 1.04834 -2.87305 0 1.08594 -2.87598 0 1.02002 -2.73584 0 1.05127 -2.76514 0 1.05176 -2.90771 0 -1.44092 -0.138184 0 -1.46191 -0.049316 0 -1.39697 -0.023925 0 1.33008 -2.85693 0 1.3042 -2.86182 0 -1.65576 -0.121582 0 -1.58496 -0.126953 0 -1.6582 -0.169922 0 1.44873 -0.911133 0 1.41699 -0.931641 0 1.06787 -2.94678 0 1.55029 -0.678223 0 1.479 -0.790039 0 1.4751 -0.674805 0 1.59863 -0.66748 0 1.55957 -0.634766 0 1.41943 -0.875977 0 1.37207 -0.70166 0 0.47168 -2.25146 0 1.58984 -0.913086 0 1.53662 -0.98877 0 1.49854 -0.979492 0 1.61377 -0.844727 0 1.61621 -0.946289 0 -4.31689 -0.984863 0 -4.37354 -0.94873 0 -4.2373 -0.983887 0 -1.58594 -0.182129 0 1.34521 -0.840332 0 1.37451 -0.830078 0 1.36963 -0.862305 0 1.32275 -2.9458 0 1.32764 -2.95898 0 1.25635 -2.96094 0 1.2583 -2.94531 0 1.17383 -2.9668 0 1.1626 -2.92773 0 0.239258 -0.560059 0 0.286621 -0.560059 0 0.258301 -0.432129 0 0.239746 -0.401367 0 1.30469 -2.99658 0 1.25488 -2.99463 0 0.486816 -2.38086 0 1.34033 -2.72168 0 1.34375 -2.6167 0 1.3457 -2.56592 0 1.30273 -2.61719 0 1.28271 -2.59619 0 1.34521 -2.56592 0 0.405273 -2.43604 0 0.439453 -2.42529 0 1.34521 -2.56641 0 1.3374 -2.89307 0 -0.887695 -0.384277 0 -0.941406 -0.381348 0 -1.60352 1.86865 0 -1.65137 1.73193 0 -0.751953 -0.205078 0 -2.46729 0.791504 0 -2.47119 0.695313 0 -2.53662 0.659668 0 -2.47656 0.625977 0 -2.48047 0.681641 0 -2.53223 0.557129 0 -2.49756 0.616699 0 -2.50146 0.592285 0 1.10449 -2.7793 0 0.159668 -0.51416 0 0.064453 -0.555664 0 0.111328 -0.564941 0 0.282227 -0.482422 0 0.111328 -0.564941 0 0.192383 -0.57373 0 0.127441 -0.583984 0 0.23291 -0.514648 0 0.288086 -0.432617 0 0.335938 -0.436035 0 0.335938 -0.392578 0 0.287109 -0.391113 0 0.286621 -0.477539 0 0.336426 -0.480469 0 0.287598 -0.562012 0 0.334473 -0.561035 0 0.460449 -2.3999 0 1.39893 -2.95996 0 1.396 -2.99561 0 1.14795 -2.88721 0 1.39355 -2.94238 0 1.38916 -2.97803 0 1.33447 -2.97852 0 1.00195 -2.96338 0 1.03906 -2.89258 0 1.02783 -2.90332 0 1.00244 -2.8916 0 1.04053 -2.96436 0 1.00635 -2.89697 0 1.00049 -2.9209 0 -4.23535 -0.746094 0 -4.19775 -0.71582 0 1.14844 -2.87402 0 1.17529 -2.8916 0 -4.36621 -0.628906 0 -4.36719 -0.57959 0 -4.37207 -0.986816 0 -4.02441 -0.934082 0 -4.00098 -0.822754 0 -4.00488 -0.895996 0 -4.00293 -0.631348 0 -4.00488 -0.54248 0 -4.05859 -0.697266 0 -0.941406 -0.169434 0 -0.941406 -0.095214 0 -0.944824 -0.036132 0 1.42773 -0.682129 0 1.34668 -0.792969 0 1.35986 -0.749023 0 1.38867 -0.913574 0 1.35693 -0.899902 0 1.59619 -0.813477 0 -5.00146 -0.444824 0 1.33105 -2.79004 0 1.19238 -2.95947 0 1.1665 -2.9043 0 1.18115 -2.94824 0 1.00195 -2.62305 0 1.5957 -0.811035 0 1.04395 -2.77002 0 1.60352 -0.757324 0 0.010253 -0.513672 0 0.028808 -0.538574 0 -1.41895 1.9502 0 1.17236 -2.76416 0 1.15039 -2.98926 0 1.12012 -2.99805 0 1.06592 -2.66895 0 0.416504 -2.17676 0 1.09082 -2.66602 0 1.5166 -0.607422 0 1.44238 -0.612793 0 1.32275 -2.82813 0 1.20215 -2.78027 0 1.2417 -2.77734 0 1.10254 -2.58398 0 1.11035 -2.66309 0 1.19189 -2.60107 0 1.26563 -2.81445 0 1.17383 -2.72705 0 1.19922 -2.71533 0 1.03809 -2.65381 0 1.1582 -2.74365 0 1.57568 -1.00244 0 1.62549 -0.902344 0 -1.5 -0.091796 0 -2.23096 -0.061523 0 -2.21924 -0.051269 0 -2.23291 -0.119629 0 1.79785 -0.003417 0 1.76465 -0.088867 0 1.81787 -0.099609 0 1.76172 -0.144043 0 1.83252 -0.012207 0 1.89063 -0.01123 0 1.79883 -0.009277 0 1.97168 -0.19873 0 1.97217 -0.196777 0 1.98438 -0.163574 0 1.98486 -0.163086 0 1.84082 -0.017578 0 1.93066 -0.024414 0 1.93799 -0.017578 0 1.92871 -0.017089 0 1.92334 -0.017578 0 1.91748 -0.017578 0 1.91064 -0.017578 0 1.91406 -0.02246 0 1.77686 -0.145996 0 1.76221 -0.090332 0 1.76563 -0.041015 0 1.82861 -0.146484 0 1.89014 -0.168457 0 1.8833 -0.198242 0 1.89014 -0.168945 0 1.77441 -0.188477 0 1.89111 -0.150879 0 1.91309 -0.032714 0 1.9375 -0.031738 0 1.76465 -0.066894 0 2.93359 0.924805 0 2.93408 0.896484 0 2.91211 0.895508 0 2.91211 0.925293 0 2.99756 0.924805 0 2.99707 0.895508 0 2.96777 0.894531 0 2.96582 0.924316 0 1.83301 -0.150879 0 1.80566 -0.202148 0 1.81641 -0.162109 0 1.8916 -0.07373 0 2.88867 0.895508 0 2.88818 0.925781 0 1.89209 -0.035644 0 1.8916 -0.108398 0 1.53564 0.523438 0 1.53369 0.49707 0 1.50195 0.498047 0 1.50146 0.520996 0 1.5708 0.497559 0 1.56982 0.521484 0 1.58643 0.497559 0 1.58594 0.520508 0 1.61426 0.498535 0 1.61621 0.520508 0 1.61426 0.526367 0 1.58545 0.524902 0 1.5835 0.549805 0 1.61475 0.54834 0 2.91211 0.895996 0 2.92871 0.847656 0 2.89893 0.847168 0 2.88867 0.89502 0 1.53467 0.551758 0 1.53516 0.524902 0 1.50293 0.549805 0 1.57031 0.525391 0 1.56934 0.550781 0 2.93359 0.896484 0 2.99756 0.896484 0 2.99561 0.854004 0 2.96533 0.849609 0 2.9668 0.895508 0 2.91211 0.925293 0 2.88867 0.925781 0 2.93359 0.924316 0 2.96631 0.924316 0 2.99805 0.923828 0 2.96191 0.956543 0 2.99561 0.95459 0 2.92676 0.958008 0 2.90234 0.958008 0 2.92822 0.848633 0 2.89844 0.84668 0 2.96533 0.849121 0 2.99561 0.85498 0 2.92725 0.958496 0 2.91211 0.924805 0 2.88867 0.925781 0 2.90283 0.95752 0 2.93359 0.923828 0 2.99512 0.955078 0 2.99805 0.924316 0 2.96533 0.924316 0 2.96143 0.956055 0 2.99707 0.89502 0 2.9668 0.894531 0 2.93408 0.896484 0 2.91309 0.896484 0 2.88965 0.89502 0 1.53809 0.466309 0 1.53516 0.44043 0 1.50293 0.436035 0 1.50146 0.468262 0 1.56592 0.443359 0 1.56885 0.466797 0 1.58447 0.441895 0 1.58691 0.466797 0 1.61133 0.445313 0 1.61621 0.465332 0 2.9292 0.848145 0 2.89893 0.84668 0 2.96533 0.849609 0 2.99561 0.854492 0 2.91162 0.924805 0 2.91309 0.896484 0 2.88916 0.89502 0 2.8877 0.92627 0 2.99756 0.924805 0 2.99609 0.895508 0 2.96729 0.895508 0 2.96582 0.92334 0 2.93457 0.895996 0 2.93262 0.924316 0 1.61328 0.472168 0 1.58643 0.472168 0 1.58691 0.494629 0 1.61572 0.494141 0 1.53418 0.494141 0 1.53613 0.469238 0 1.56934 0.469727 0 1.57031 0.494141 0 2.90381 0.958008 0 2.92676 0.958008 0 2.9624 0.955566 0 2.99561 0.95459 0 2.96191 0.955566 0 2.92676 0.958496 0 2.9292 0.848145 0 2.89844 0.84668 0 2.96582 0.849609 0 2.99512 0.85498 0 2.90332 0.958496 0 2.99561 0.954102 0 2.38818 -0.026855 0 2.35107 -0.041503 0 2.34033 -0.069335 0 2.35059 -0.109375 0 2.37451 -0.105957 0 2.40479 -0.086914 0 2.37305 -1.4502 0 2.42529 -1.48193 0 2.39307 -1.49268 0 2.3501 -1.47803 0 2.43555 -1.5918 0 2.40771 -1.61133 0 2.41895 -1.59424 0 2.57178 -1.46973 0 2.59424 -1.48682 0 2.56152 -1.51807 0 2.48633 -1.46777 0 2.42383 -1.52734 0 2.49072 -1.57422 0 2.4375 -1.58203 0 2.40381 -1.57129 0 2.43066 -0.075195 0 2.41797 -0.016601 0 2.49561 -1.44922 0 2.57422 -1.44873 0 2.39844 -1.51953 0 2.40674 -1.50977 0 2.40039 -1.52002 0 2.38477 -1.54688 0 2.396 -1.53223 0 2.40576 -1.53955 0 2.41895 -1.51172 0 2.34131 -1.54932 0 2.37549 -1.52148 0 2.58936 -1.56885 0 2.61035 -1.59082 0 2.53076 -1.52734 0 2.62695 -1.53662 0 2.47559 -1.52979 0 2.42725 -1.44971 0 2.61572 -1.47949 0 2.42334 -1.52686 0 2.40869 -1.52441 0 2.41016 -1.521 0 2.40674 -1.51855 0 1.4165 -0.496094 0 1.45313 -0.529785 0 1.40625 -0.553711 0 2.36816 -1.59521 0 2.49512 -1.59277 0 2.41602 -0.123047 0 2.43213 -0.104492 0 2.51611 -0.058593 0 2.5293 -0.02539 0 2.49854 -0.004882 0 2.47119 0.001953 0 2.40186 -1.52441 0 1.16455 -2.91895 0 0.185059 -0.915527 0 0.169922 -0.90625 0 0.164063 -0.918945 0 0.158203 -0.884277 0 1.17676 -2.96045 0 1.00244 -2.72363 0 1.33447 -2.76172 0 1.21289 -2.72559 0 1.19873 -2.74463 0 -0.996094 -0.058105 0 -0.997559 -0.120117 0 -0.998047 -0.186523 0 -0.99707 -0.253906 0 -0.998047 -0.323242 0 -0.996094 -0.382324 0 1.01855 -2.62305 0 1.0127 -2.5835 0 1.23096 -2.75928 0 1.18262 -2.74316 0 1.19922 -2.71533 0 -2.99072 -12.7412 0 -2.05908 -12.7388 0 -2.11523 -14.1753 0 -2.99072 -14.2046 0 -2.04883 -10.7324 0 -2.98584 -10.7432 0 -2.99268 -9.55908 0 -2.01758 -9.48926 0 -2.98291 -7.57471 0 -2.05908 -7.68115 0 -2.97607 -6.24414 0 -2.04639 -6.20166 0 -2.98584 -4.58936 0 -2.04639 -4.63818 0 -2.9917 -2.46729 0 -2.04395 -2.54004 0 -6.51025 1.55469 0 -6.51025 3.13232 0 -6.96729 2.6123 0 -6.96729 1.56543 0 -6.51025 1.98096 0 -6.51025 5.06104 0 -6.51025 3.75977 0 -6.96729 3.86768 0 -6.96729 5.021 0 -6.51025 4.22559 0 -6.96729 4.27637 0 -4.01318 -2.96729 0 -4.02344 -4.28564 0 -4.48779 -4.19434 0 -4.49463 -2.97803 0 -4.06543 -8.06006 0 -4.06543 -9.56934 0 -4.50879 -9.54688 0 -4.5083 -7.97314 0 -4.01367 -6.74512 0 -4.48242 -6.75732 0 -4.01367 -5.38037 0 -4.47021 -5.29443 0 -6.51025 3.13184 0 -4.96777 1.93066 0 -4.04004 1.67139 0 -4.04834 -0.189941 0 -4.95898 0.358398 0 -4.99902 2.95459 0 -4.03076 2.89355 0 -4.98828 4.55176 0 -4.03711 4.53516 0 -4.06787 3.66357 0 -4.98877 3.55957 0 -6.51025 2.58447 0 -6.07178 -2.82617 0 -6.14648 -1.71924 0 -6.55664 -1.66943 0 -6.52295 -2.72217 0 -6.05322 0.868164 0 -6.05322 -0.68457 0 -6.51025 -0.524902 0 -6.51025 0.828125 0 -6.05957 -0.612305 0 -6.51367 -0.45752 0 -2.11523 -15.0635 0 -2.99072 -15.0928 0 -2.01758 -10.1665 0 -2.99268 -10.2363 0 -4.53662 -4.68066 0 -4.55176 -5.76221 0 -4.98438 -5.59131 0 -4.97754 -4.66992 0 0 1.9165 0 1 1.9165 0 1 0.729492 0 0 0.729492 0 0 3.10303 0 1 3.10303 0 -6.05322 5.10107 0 -6.05322 3.65186 0 -6.05322 4.1748 0 -6.05322 2.55713 0 -6.05322 1.54346 0 -6.05322 2.39648 0 -6.96729 0.788086 0 -6.96729 -0.302246 0 -6.96729 -0.364746 0 -6.96729 -1.62012 0 -6.97363 -2.61816 0 -4.95117 -6.76953 0 -4.92676 -5.2085 0 -4.95166 -7.88574 0 -4.95166 -9.52441 0 -4.95166 -4.10352 0 -4.97656 -2.98877 0 -4.09521 -4.69092 0 -4.11914 -5.93311 0 3.44922 -2.49463 0 3.77197 -2.82715 0 3.88916 -2.53418 0 3.11963 -2.83789 0 3.42871 -2.96533 0 3.83398 -2.19824 0 3.18262 -2.10449 0 3.02441 -2.38867 0 3.54199 -2.02441 0 3.02734 -2.61914 0 10.5508 -13.1812 0 4.05127 -14.3906 0 14.0474 -12.5488 0 13.1787 -12.8906 0 12.5474 -14.5474 0 4.05664 -13.8906 0 12.1777 -13.1753 0</float_array>
          <technique_common>
            <accessor source="#mb-mesh-map-channel1-array" count="744" stride="3">
              <param name="S" type="float"/>
              <param name="T" type="float"/>
              <param name="P" type="float"/>
            </accessor>
          </technique_common>
        </source>
        <vertices id="mb-mesh-vertices">
          <input semantic="POSITION" source="#mb-mesh-positions"/>
        </vertices>
        <triangles material="SC_eye_m" count="18">
          <input semantic="VERTEX" source="#mb-mesh-vertices" offset="0"/>
          <input semantic="NORMAL" source="#mb-mesh-normals" offset="1"/>
          <input semantic="TEXCOORD" source="#mb-mesh-map-channel1" offset="2" set="1"/>
          <p>1177 0 727 1178 1 731 1176 2 728 1178 3 731 1177 4 727 1179 5 730 1184 6 736 1179 5 730 1177 0 727 1177 7 727 1181 8 734 1184 9 736 1181 8 734 1177 0 727 1182 10 733 1183 11 735 1182 10 733 1177 0 727 1177 0 727 1180 12 732 1183 11 735 1180 13 732 1177 14 727 1175 15 729 1176 2 728 1175 15 729 1177 0 727 526 16 727 582 17 728 524 18 731 582 17 728 526 16 727 525 19 729 528 20 732 525 19 729 526 16 727 526 16 727 529 21 735 528 20 732 529 21 735 526 16 727 580 22 733 530 23 734 580 22 733 526 16 727 526 24 727 527 25 736 530 26 734 527 25 736 526 16 727 581 27 730 524 18 731 581 27 730 526 16 727</p>
        </triangles>
        <triangles material="body_m" count="1622">
          <input semantic="VERTEX" source="#mb-mesh-vertices" offset="0"/>
          <input semantic="NORMAL" source="#mb-mesh-normals" offset="1"/>
          <input semantic="TEXCOORD" source="#mb-mesh-map-channel1" offset="2" set="1"/>
          <p>123 28 94 124 29 90 85 30 132 124 29 90 123 28 94 73 31 89 82 32 46 73 31 89 123 28 94 73 31 89 82 32 46 55 33 93 84 34 44 55 33 93 82 32 46 55 33 93 84 34 44 542 35 102 543 36 136 542 35 102 84 34 44 542 35 102 543 36 136 62 37 101 544 38 135 62 37 101 543 36 136 62 37 101 544 38 135 188 39 134 116 40 130 188 39 134 544 38 135 188 39 134 116 40 130 117 41 182 186 42 276 172 43 277 245 44 356 172 45 277 186 46 276 85 47 132 185 48 131 85 30 132 186 42 276 85 30 132 185 48 131 123 28 94 184 49 192 123 28 94 185 48 131 123 28 94 184 49 192 83 50 45 249 51 350 83 50 45 184 49 192 83 50 45 249 51 350 116 40 130 250 52 351 116 40 130 249 51 350 55 33 93 159 53 354 73 54 89 159 53 354 55 33 93 541 55 103 542 35 102 541 55 103 55 33 93 541 55 103 542 35 102 245 44 104 62 37 101 245 44 104 542 35 102 245 44 104 62 37 101 186 42 105 187 56 133 186 42 105 62 37 101 83 50 45 82 32 46 123 28 94 82 32 46 83 50 45 84 34 44 95 57 92 84 34 44 83 50 45 84 34 44 95 57 92 543 36 136 116 40 130 543 36 136 95 57 92 543 36 136 116 40 130 544 38 135 188 39 134 187 56 133 62 37 101 187 56 133 188 39 134 114 58 183 117 41 182 114 58 183 188 39 134 539 59 238 159 53 100 540 60 237 159 53 100 539 59 238 65 61 99 54 62 34 159 53 100 65 61 99 159 53 100 54 62 34 73 31 35 172 43 174 247 63 173 245 44 172 247 63 173 172 43 174 91 64 116 187 56 278 185 48 131 186 42 276 185 48 131 187 56 278 114 58 175 540 65 355 541 66 103 245 67 104 541 55 103 540 65 355 159 53 354 246 68 96 247 69 173 91 70 116 184 49 192 250 52 351 249 51 350 83 50 45 116 40 130 95 71 92 114 58 175 184 49 192 185 48 131 663 72 89 708 73 90 707 74 91 708 73 90 663 72 89 711 75 94 671 76 46 711 75 94 663 72 89 711 75 94 671 76 46 672 77 45 673 78 44 672 77 45 671 76 46 672 77 45 673 78 44 709 79 92 740 80 136 709 79 92 673 78 44 709 79 92 740 80 136 735 81 130 741 82 135 735 81 130 740 80 136 735 81 130 741 82 135 738 83 134 718 84 101 738 83 134 741 82 135 738 83 134 718 84 101 739 85 133 719 86 105 739 85 133 718 84 101 712 87 96 65 61 99 66 88 97 65 61 99 712 87 96 713 89 98 767 90 173 713 89 98 712 87 96 713 89 98 767 90 173 715 91 172 728 92 174 715 91 172 767 90 173 59 93 253 85 30 195 60 94 254 85 30 195 59 93 253 303 95 252 320 96 405 303 95 252 59 93 253 303 95 252 320 96 405 174 97 106 710 98 93 717 99 102 673 78 44 717 99 102 710 98 93 716 100 103 714 101 354 716 100 103 710 98 93 716 100 103 714 101 354 816 102 355 672 77 45 782 103 192 711 75 94 782 103 192 672 77 45 868 104 350 735 81 130 868 104 350 672 77 45 868 104 350 735 81 130 867 105 351 711 75 94 736 106 132 708 73 90 736 106 132 711 75 94 737 107 131 782 103 192 737 107 131 711 75 94 737 107 131 782 103 192 770 108 175 718 84 101 715 91 104 719 86 105 715 91 104 718 84 101 717 99 102 740 80 136 717 99 102 718 84 101 717 99 102 740 80 136 673 78 44 828 109 252 682 110 253 736 106 195 682 110 253 828 109 252 833 111 405 721 112 106 833 111 405 828 109 252 736 106 195 783 113 193 708 73 194 783 113 193 736 106 195 829 114 254 682 110 253 829 114 254 736 106 195 737 107 131 719 86 276 736 106 132 719 86 276 737 107 131 739 85 278 770 108 175 739 85 278 737 107 131 738 83 134 774 115 182 735 81 130 774 115 182 738 83 134 770 108 183 739 85 133 770 108 183 738 83 134 713 89 98 815 116 238 65 61 99 815 116 238 713 89 98 816 102 237 715 91 172 816 102 237 713 89 98 715 91 104 716 100 103 816 102 355 716 100 103 715 91 104 717 99 102 671 76 46 710 98 93 673 78 44 710 98 93 671 76 46 663 72 89 727 117 118 828 109 252 736 106 195 828 118 252 727 119 118 721 120 106 767 90 173 677 121 116 728 92 174 677 121 116 767 90 173 712 87 96 840 122 271 708 73 403 783 113 272 708 73 403 840 122 271 707 74 275 728 92 277 719 86 276 715 91 356 719 86 276 728 92 277 736 106 132 124 29 403 86 123 271 182 124 272 86 123 271 124 29 403 181 125 275 303 95 252 173 126 118 85 30 195 173 126 118 303 95 252 174 97 106 182 124 193 85 30 195 124 29 194 85 30 195 182 124 193 60 94 254 688 127 68 840 122 377 690 128 69 718 84 101 741 82 135 740 80 136 672 77 45 709 79 92 735 81 130 782 129 192 868 130 350 867 131 351 53 132 68 276 133 69 86 123 377 662 134 36 664 135 34 663 72 35 714 101 354 710 98 93 663 72 89 73 31 35 72 136 167 181 125 166 72 136 167 73 31 35 267 137 36 54 62 34 267 137 36 73 31 35 267 137 36 54 62 34 266 138 55 65 61 99 266 138 55 54 62 34 266 138 55 65 61 99 664 135 34 714 101 100 664 135 34 65 61 99 664 135 34 714 101 100 663 72 35 712 87 96 674 139 111 677 121 116 674 139 111 712 87 96 67 140 95 66 88 97 67 140 95 712 87 96 67 140 95 66 88 97 246 68 96 65 61 99 246 68 96 66 88 97 246 68 96 65 61 99 113 141 98 539 59 238 113 141 98 65 61 99 113 141 98 539 59 238 540 60 237 678 142 50 677 121 51 674 139 49 677 121 51 678 142 50 721 112 106 720 143 107 721 112 106 678 142 50 721 112 106 720 143 107 841 144 279 537 145 259 841 144 279 720 143 107 841 144 279 537 145 259 832 146 258 190 147 257 832 146 258 537 145 259 537 145 259 189 148 258 190 147 257 189 148 258 537 145 259 538 149 279 57 150 107 538 149 279 537 145 259 538 149 279 57 150 107 174 97 106 61 151 50 174 97 106 57 150 107 174 97 106 61 151 50 91 64 51 56 152 49 91 64 51 61 151 50 764 153 218 701 154 83 71 155 217 701 154 83 764 153 218 706 156 88 811 157 231 706 156 88 764 153 218 71 155 217 144 158 83 72 136 218 144 158 83 71 155 217 228 159 295 701 154 83 228 159 295 71 155 217 72 136 218 301 160 231 180 161 270 301 160 231 72 136 218 155 162 88 144 158 83 155 162 88 72 136 218 662 134 36 266 138 55 664 135 34 266 138 55 662 134 36 71 155 372 764 153 167 71 155 372 662 134 36 113 141 98 247 63 173 246 68 96 247 63 173 113 141 98 245 44 172 540 60 237 245 44 172 113 141 98 663 72 35 764 153 167 662 134 36 764 153 167 663 72 35 707 74 166 267 137 36 71 155 372 72 136 167 71 155 372 267 137 36 266 138 55 815 116 238 714 101 100 65 61 99 714 101 100 815 116 238 816 102 237 537 145 259 69 163 155 57 150 107 69 163 155 537 145 259 720 143 107 56 152 111 246 68 96 91 64 116 246 68 96 56 152 111 67 140 95 832 146 258 721 112 106 841 144 279 189 148 258 538 149 279 174 97 106 181 125 91 124 29 90 73 31 89 811 157 231 764 153 218 839 164 270 181 125 275 72 136 404 180 161 274 707 74 275 839 164 274 764 153 404 133 165 124 137 166 125 102 167 147 137 166 125 133 165 124 87 168 126 93 169 129 87 168 126 133 165 124 87 168 126 93 169 129 105 170 122 94 171 109 105 170 122 93 169 129 105 170 122 94 171 109 88 172 123 39 173 110 88 172 123 94 171 109 720 143 107 90 174 115 69 163 155 90 174 115 720 143 107 726 175 114 678 142 50 726 175 114 720 143 107 726 175 114 678 142 50 675 176 48 674 139 49 675 176 48 678 142 50 675 176 48 674 139 49 676 177 47 35 178 120 136 179 41 33 180 42 136 179 41 35 178 120 135 181 127 92 182 108 135 181 127 35 178 120 135 181 127 92 182 108 134 183 128 545 184 310 134 183 128 92 182 108 724 185 108 730 186 119 729 187 120 730 186 119 724 185 108 722 188 110 723 189 109 722 188 110 724 185 108 722 188 110 723 189 109 676 177 123 675 176 122 676 177 123 723 189 109 41 190 112 88 172 113 39 173 121 88 172 113 41 190 112 56 152 111 271 191 57 56 152 111 41 190 112 56 152 111 271 191 57 67 140 95 674 139 111 67 140 95 271 191 57 732 192 127 729 187 120 670 193 41 729 187 120 732 192 127 724 185 108 733 194 128 724 185 108 732 192 127 724 185 108 733 194 128 851 195 310 46 196 60 668 197 59 669 198 383 668 197 59 46 196 60 68 199 61 137 166 59 68 199 61 46 196 60 68 199 61 137 166 59 87 168 308 723 189 109 734 200 129 675 176 122 734 200 129 723 189 109 851 195 310 724 185 108 851 195 310 723 189 109 94 171 109 92 182 108 39 173 110 92 182 108 94 171 109 545 184 310 93 169 129 545 184 310 94 171 109 670 193 41 668 197 43 748 201 145 668 197 43 670 193 41 669 198 42 729 187 120 669 198 42 670 193 41 271 191 57 725 202 112 674 139 111 725 202 112 271 191 57 681 203 56 89 204 58 681 205 56 271 206 57 726 175 126 734 200 129 731 207 124 734 200 129 726 175 126 675 176 122 668 197 125 731 207 124 748 201 147 731 207 124 668 197 125 726 175 126 271 191 57 45 208 56 89 204 58 45 208 56 271 191 57 41 190 112 90 174 309 68 199 61 87 168 308 68 199 61 90 174 309 726 175 308 676 177 113 725 202 112 722 188 121 725 202 112 676 177 113 674 139 111 57 150 107 90 174 115 87 168 114 90 174 115 57 150 107 69 163 155 61 151 50 87 168 114 105 170 48 87 168 114 61 151 50 57 150 107 56 152 49 105 170 48 88 172 47 105 170 48 56 152 49 61 151 50 37 209 119 92 182 108 35 178 120 92 182 108 37 209 119 39 173 110 137 166 43 136 179 41 102 167 145 136 179 41 137 166 43 33 180 42 668 197 59 68 199 61 726 175 308 137 166 59 46 196 60 33 180 383 987 210 568 994 211 579 1008 212 595 994 211 579 987 210 568 989 213 571 1005 214 591 989 213 571 987 210 568 989 213 571 1005 214 591 1007 215 593 991 216 573 1007 215 593 1005 214 591 1007 215 593 991 216 573 988 217 572 990 218 575 988 217 572 991 216 573 988 217 572 990 218 575 998 219 585 1000 220 583 998 219 585 990 218 575 998 219 585 1000 220 583 999 221 584 997 222 580 999 221 584 1000 220 583 999 221 584 997 222 580 995 223 582 996 224 581 995 223 582 997 222 580 995 223 582 996 224 581 1011 225 599 1009 226 598 1011 225 599 996 224 581 989 213 571 992 227 578 994 211 579 992 227 578 989 213 571 979 228 594 981 229 562 979 228 594 989 213 571 979 228 594 981 229 562 978 230 561 980 231 563 978 230 561 981 229 562 978 230 561 980 231 563 977 232 564 1002 233 588 977 232 564 980 231 563 977 232 564 1002 233 588 976 234 587 1000 220 583 976 234 587 1002 233 588 976 234 587 1000 220 583 975 235 603 990 218 575 975 235 603 1000 220 583 975 235 603 990 218 575 983 236 566 850 237 365 1016 238 623 1017 239 622 1016 238 623 850 237 365 874 240 364 751 241 146 874 240 364 850 237 365 874 240 364 751 241 146 752 242 150 750 243 148 752 242 150 751 241 146 752 242 150 750 243 148 746 244 141 733 194 128 746 244 141 750 243 148 746 244 141 733 194 128 745 245 142 1020 246 626 850 237 307 1017 239 627 850 237 307 1020 246 626 796 247 212 798 248 210 796 247 212 1020 246 626 796 247 212 798 248 210 747 249 140 875 250 363 747 249 140 798 248 210 747 249 140 875 250 363 753 251 149 874 240 364 753 251 149 875 250 363 753 251 149 874 240 364 752 242 150 991 216 573 1003 252 590 993 253 604 1003 252 590 991 216 573 1004 254 589 1005 214 591 1004 254 589 991 216 573 1004 254 589 1005 214 591 985 255 570 987 210 568 985 255 570 1005 214 591 985 255 570 987 210 568 986 256 569 1008 212 595 986 256 569 987 210 568 986 256 569 1008 212 595 1006 257 592 988 217 572 989 213 571 1007 215 593 989 213 571 988 217 572 981 229 562 1001 258 586 981 229 562 988 217 572 981 229 562 1001 258 586 996 224 581 1009 226 598 996 224 581 1001 258 586 733 194 128 734 200 129 851 195 310 734 200 129 733 194 128 731 207 124 750 243 148 731 207 124 733 194 128 731 207 124 750 243 148 748 201 147 751 241 146 748 201 147 750 243 148 974 259 574 991 216 573 993 253 604 991 216 573 974 259 574 990 218 575 982 260 567 990 218 575 974 259 574 990 218 575 982 260 567 983 236 566 984 261 565 983 236 566 982 260 567 875 250 363 1016 238 623 874 240 364 1016 238 623 875 250 363 1018 262 624 798 248 210 1018 262 624 875 250 363 1018 262 624 798 248 210 1019 263 625 1020 246 626 1019 263 625 798 248 210 979 228 555 993 253 576 992 227 577 993 253 576 979 228 555 974 259 560 977 232 557 974 259 560 979 228 555 974 259 560 977 232 557 976 234 558 1008 212 609 1003 252 607 1006 257 608 1003 252 607 1008 212 609 993 253 576 994 211 610 993 253 576 1008 212 609 993 253 576 994 211 610 992 227 577 796 247 212 751 241 306 850 237 307 751 241 306 796 247 212 797 264 211 747 249 140 797 264 211 796 247 212 797 264 211 747 249 140 749 265 143 746 244 141 753 251 149 752 242 150 753 251 149 746 244 141 747 249 140 745 245 142 747 249 140 746 244 141 747 249 140 745 245 142 749 265 143 745 245 142 670 193 41 748 201 145 670 193 41 745 245 142 732 192 127 733 194 128 732 192 127 745 245 142 1004 254 589 1006 257 592 1003 252 590 1006 257 592 1004 254 589 986 256 569 985 255 570 986 256 569 1004 254 589 980 231 563 996 224 581 997 222 580 996 224 581 980 231 563 981 229 562 1002 233 588 997 222 580 1000 220 583 997 222 580 1002 233 588 980 231 563 984 261 606 975 235 559 983 236 605 975 235 559 984 261 606 974 259 560 748 201 145 749 265 143 745 245 144 749 265 143 748 201 145 751 241 306 1012 266 611 999 221 584 995 223 582 999 221 584 1012 266 611 1010 267 597 1010 267 597 998 219 596 999 221 584 998 219 596 1010 267 597 1009 226 598 974 259 574 984 261 565 982 260 567 1009 226 598 1001 258 586 998 219 596 974 259 560 976 234 558 975 235 559 979 228 555 978 230 556 977 232 557 751 241 306 797 264 211 749 265 143 1001 258 602 988 217 600 998 219 601 838 268 268 833 111 261 832 146 369 833 111 261 838 268 268 834 269 260 666 270 37 834 269 260 838 268 268 834 269 260 666 270 37 667 271 40 665 272 39 667 271 40 666 270 37 667 271 40 665 272 39 836 273 264 876 274 366 836 273 264 665 272 39 836 273 264 876 274 366 835 275 265 63 276 390 835 275 265 876 274 366 835 275 265 63 276 390 837 277 263 175 278 267 837 277 263 63 276 390 837 277 263 175 278 267 290 279 266 307 280 263 290 279 266 175 278 267 290 279 266 307 280 263 50 281 31 176 282 33 50 281 31 307 280 263 50 281 31 176 282 33 183 283 32 177 284 62 183 283 32 176 282 33 183 283 32 177 284 62 182 124 272 60 94 273 182 124 272 177 284 62 263 285 269 666 270 37 838 268 268 666 270 37 263 285 269 178 286 38 179 287 37 178 286 38 263 285 269 178 286 38 179 287 37 261 288 39 49 289 40 261 288 39 179 287 37 261 288 39 49 289 40 48 290 264 177 284 62 48 290 264 49 289 40 48 290 264 177 284 62 176 282 33 178 286 38 665 272 39 666 270 37 665 272 39 178 286 38 876 274 366 262 291 391 876 274 366 178 286 38 876 274 366 262 291 391 63 276 390 309 292 366 63 276 390 262 291 391 63 276 390 309 292 366 308 293 265 48 290 264 308 293 265 309 292 366 308 293 265 48 290 264 176 282 33 661 294 31 837 277 263 290 279 266 837 277 263 661 294 31 659 295 33 660 296 32 659 295 33 661 294 31 659 295 33 660 296 32 683 297 62 783 113 272 683 297 62 660 296 32 683 297 62 783 113 272 829 114 273 277 298 380 290 279 266 50 281 31 290 279 266 277 298 380 661 294 31 690 128 378 661 294 31 277 298 380 661 294 31 690 128 378 660 296 32 840 122 271 660 296 32 690 128 378 660 296 32 840 122 271 783 113 272 836 273 264 683 297 62 667 271 40 683 297 62 836 273 264 659 295 33 835 275 265 659 295 33 836 273 264 659 295 33 835 275 265 837 277 263 58 299 268 179 287 37 263 285 269 179 287 37 58 299 268 293 300 260 320 96 261 293 300 260 58 299 268 293 300 260 320 96 261 59 93 63 727 117 118 677 121 51 721 112 106 677 121 51 727 117 118 728 92 117 736 106 195 728 92 117 727 117 118 307 280 263 308 293 265 176 282 33 308 293 265 307 280 263 63 276 390 175 278 267 63 276 390 307 280 263 189 148 369 264 301 282 190 147 370 264 301 282 189 148 369 58 299 268 320 96 261 58 299 268 189 148 369 832 146 369 264 301 282 838 268 268 264 301 282 832 146 369 190 147 370 682 110 63 683 297 62 829 114 273 683 297 62 682 110 63 667 271 40 276 133 378 50 281 31 183 283 32 50 281 31 276 133 378 277 298 380 59 93 63 177 284 62 49 289 40 177 284 62 59 93 63 60 94 273 86 123 271 183 283 32 182 124 272 183 283 32 86 123 271 276 133 378 834 269 260 682 110 63 833 111 261 682 110 63 834 269 260 667 271 40 293 300 260 49 289 40 179 287 37 49 289 40 293 300 260 59 93 63 178 286 38 309 292 366 262 291 391 309 292 366 178 286 38 261 288 39 91 64 51 173 126 118 174 97 106 173 126 118 91 64 51 172 43 117 320 96 405 189 148 258 174 97 106 85 30 195 173 126 118 172 43 117 833 111 405 721 112 106 832 146 258 48 290 264 309 292 366 261 288 39 886 302 402 1185 303 631 885 304 399 1185 303 631 886 302 402 879 305 384 704 306 86 879 305 384 886 302 402 879 305 384 704 306 86 802 307 221 705 308 85 802 307 221 704 306 86 802 307 221 705 308 85 795 309 209 794 310 208 795 309 209 705 308 85 795 309 209 794 310 208 792 311 204 691 312 71 792 311 204 794 310 208 792 311 204 691 312 71 74 313 70 130 314 72 74 313 70 691 312 71 74 313 70 130 314 72 244 315 71 274 316 206 244 315 71 130 314 72 244 315 71 274 316 206 275 317 207 534 318 374 275 317 207 274 316 206 275 317 207 534 318 374 535 319 376 216 320 617 535 319 376 534 318 374 535 319 376 216 320 617 532 321 375 531 322 612 532 321 375 216 320 617 532 321 375 531 322 612 215 323 352 578 324 301 201 325 299 799 326 213 201 325 299 578 324 301 196 327 213 299 328 297 196 327 213 578 324 301 196 327 213 299 328 297 198 329 298 197 330 160 198 329 298 299 328 297 198 329 298 197 330 160 196 327 213 140 331 77 196 327 213 197 330 160 196 327 213 140 331 77 79 332 78 76 333 76 79 332 78 140 331 77 79 332 78 76 333 76 143 334 224 153 335 230 143 334 224 76 333 76 143 334 224 153 335 230 156 336 235 158 337 228 156 336 235 153 335 230 156 336 235 158 337 228 157 338 234 584 339 236 157 338 234 158 337 228 157 338 234 584 339 236 143 334 224 154 340 229 143 341 224 584 342 236 532 321 375 275 317 207 535 319 376 275 317 207 532 321 375 533 343 353 215 323 352 533 343 353 532 321 375 533 343 353 215 323 352 131 344 208 214 345 165 131 344 208 215 323 352 131 344 208 214 345 165 75 346 85 150 347 87 75 346 85 214 345 165 75 346 85 150 347 87 142 348 86 81 349 226 142 348 86 150 347 87 142 348 86 81 349 226 152 350 139 208 351 163 152 350 139 81 349 226 152 350 139 208 351 163 298 352 138 52 353 162 298 352 138 208 351 163 298 352 138 52 353 162 305 354 387 810 355 230 804 356 224 812 357 235 804 356 224 810 355 230 697 358 76 803 359 222 697 358 76 810 355 230 697 358 76 803 359 222 696 360 77 800 361 215 696 360 77 803 359 222 696 360 77 800 361 215 546 362 296 269 363 619 546 362 296 800 361 215 546 362 296 269 363 619 148 364 215 47 365 373 148 364 215 269 363 619 148 364 215 47 365 373 310 366 214 145 367 392 310 366 214 47 365 373 310 366 214 145 367 392 311 368 65 106 369 158 311 368 65 145 367 392 693 370 74 761 371 162 754 372 151 761 371 162 693 370 74 760 373 163 807 374 226 760 373 163 693 370 74 760 373 163 807 374 226 742 375 139 704 306 86 742 375 139 807 374 226 742 375 139 704 306 86 805 376 225 886 302 402 805 376 225 704 306 86 805 376 225 886 302 402 810 355 230 885 304 399 810 355 230 886 302 402 810 355 230 885 304 399 884 377 400 1185 303 631 884 377 400 885 304 399 884 377 400 1185 303 631 1014 378 621 696 360 77 799 326 213 695 379 78 799 326 213 696 360 77 759 380 160 546 362 296 759 380 160 696 360 77 759 380 160 546 362 296 268 381 161 197 330 160 268 381 161 546 362 296 268 381 161 197 330 160 80 382 159 195 383 223 80 382 159 197 330 160 80 382 159 195 383 223 759 380 160 847 384 297 759 380 160 195 383 223 759 380 160 847 384 297 848 385 298 799 326 213 848 385 298 847 384 297 848 385 298 799 326 213 759 380 160 131 344 208 132 386 204 244 315 71 132 386 204 131 344 208 292 387 209 75 346 85 292 387 209 131 344 208 292 387 209 75 346 85 304 388 221 142 348 86 304 388 221 75 346 85 304 388 221 142 348 86 315 389 384 631 390 402 315 389 384 142 348 86 315 389 384 631 390 402 626 391 631 630 392 399 626 391 631 631 390 402 626 391 631 630 392 399 629 393 400 153 335 230 629 393 400 630 392 399 132 386 204 74 313 70 244 315 71 74 313 70 132 386 204 129 394 205 149 395 256 129 394 205 132 386 204 129 394 205 149 395 256 203 396 255 141 397 156 203 396 255 149 395 256 203 396 255 141 397 156 108 398 157 106 369 158 108 398 157 141 397 156 108 398 157 106 369 158 758 399 156 801 400 220 758 399 156 106 369 158 810 355 230 744 401 137 805 376 225 744 401 137 810 355 230 809 402 228 812 357 235 809 402 228 810 355 230 809 402 228 812 357 235 813 403 234 804 356 224 813 403 234 812 357 235 813 403 234 804 356 224 814 404 236 808 405 229 814 404 236 804 356 224 814 404 236 808 405 229 809 402 228 744 401 137 809 402 228 808 405 229 200 406 303 702 407 82 849 408 302 702 407 82 200 406 303 107 409 336 202 410 82 107 409 336 200 406 303 107 409 336 202 410 82 144 158 83 79 332 84 144 158 83 202 410 82 144 158 83 79 332 84 155 162 88 143 334 233 155 162 88 79 332 84 155 162 88 143 334 233 154 340 232 800 361 215 47 365 373 269 363 619 47 365 373 800 361 215 686 411 214 685 412 66 686 411 214 800 361 215 686 411 214 685 412 66 687 413 65 883 414 64 687 413 65 685 412 66 687 413 65 883 414 64 684 415 219 1186 416 630 684 415 219 883 414 64 684 415 219 1186 416 630 881 417 394 224 418 332 227 419 335 226 420 334 227 419 335 224 418 332 225 421 333 215 323 328 225 421 333 224 418 332 225 421 333 215 323 328 223 422 329 221 423 331 223 422 329 215 323 328 223 422 329 221 423 331 222 424 330 854 425 329 222 424 330 221 423 331 688 127 68 689 426 67 765 427 168 689 426 67 688 127 68 680 428 52 690 128 69 680 428 52 688 127 68 680 428 52 690 128 69 536 429 379 277 298 618 536 429 379 690 128 69 536 429 379 277 298 618 276 133 69 691 312 71 274 316 206 130 314 72 274 316 206 691 312 71 793 430 207 869 431 353 793 430 207 691 312 71 793 430 207 869 431 353 878 432 375 855 433 352 878 432 375 869 431 353 878 432 375 855 433 352 1013 434 612 314 435 220 106 369 158 141 397 156 106 369 158 314 435 220 311 368 65 146 436 219 311 368 65 314 435 220 311 368 65 146 436 219 632 437 64 633 438 630 632 437 64 146 436 219 632 437 64 633 438 630 628 439 620 799 326 213 702 407 216 695 379 78 702 407 216 799 326 213 849 408 300 201 325 299 849 408 300 799 326 213 849 408 300 201 325 299 200 406 304 199 440 300 200 406 304 201 325 299 855 433 328 854 425 329 221 423 331 854 425 329 855 433 328 856 441 333 857 442 332 856 441 333 855 433 328 856 441 333 857 442 332 858 443 335 859 444 334 858 443 335 857 442 332 793 430 207 534 318 374 274 316 206 534 318 374 793 430 207 877 445 376 878 432 375 877 445 376 793 430 207 877 445 376 878 432 375 216 320 617 1013 434 612 216 320 617 878 432 375 272 446 164 214 345 165 220 447 319 214 345 165 272 446 164 150 347 87 273 448 227 150 347 87 272 446 164 150 347 87 273 448 227 81 349 226 110 449 74 81 349 226 273 448 227 129 394 205 792 311 204 74 313 70 792 311 204 129 394 205 830 450 256 831 451 255 830 450 256 129 394 205 830 450 256 831 451 255 758 399 156 108 398 157 758 399 156 831 451 255 583 452 222 628 439 620 629 393 632 628 439 620 583 452 222 632 437 64 147 453 66 632 437 64 583 452 222 632 437 64 147 453 66 311 368 65 705 308 85 762 454 165 794 310 208 762 454 165 705 308 85 703 455 87 704 306 86 703 455 87 705 308 85 703 455 87 704 306 86 807 374 226 148 364 215 583 452 222 140 331 77 583 452 222 148 364 215 147 453 66 310 366 214 147 453 66 148 364 215 147 453 66 310 366 214 311 368 65 631 390 402 153 335 230 630 392 399 153 335 230 631 390 402 316 456 225 142 348 86 316 456 225 631 390 402 316 456 225 142 348 86 152 350 139 703 455 87 763 457 164 762 454 165 763 457 164 703 455 87 806 458 227 807 374 226 806 458 227 703 455 87 806 458 227 807 374 226 693 370 74 744 401 137 742 375 139 805 376 225 742 375 139 744 401 137 743 459 138 808 405 229 743 459 138 744 401 137 743 459 138 808 405 229 766 460 389 158 337 228 154 340 229 584 339 236 154 340 229 158 337 228 151 461 137 153 335 230 151 461 137 158 337 228 151 461 137 153 335 230 316 456 225 688 127 170 811 157 231 839 164 270 811 157 231 688 127 170 766 460 169 765 427 171 766 460 169 688 127 170 766 460 169 765 427 171 880 462 388 808 405 232 811 157 231 766 460 169 811 157 231 808 405 232 706 156 88 804 356 233 706 156 88 808 405 232 706 156 88 804 356 233 695 379 84 883 414 64 1015 463 620 1186 416 630 1015 463 620 883 414 64 803 359 222 685 412 66 803 359 222 883 414 64 803 359 222 685 412 66 800 361 215 801 400 220 684 415 219 881 417 394 684 415 219 801 400 220 687 413 65 106 369 158 687 413 65 801 400 220 687 413 65 106 369 158 145 367 392 763 457 164 853 464 319 762 454 165 853 464 319 763 457 164 693 370 74 806 458 227 693 370 74 763 457 164 151 461 137 298 352 138 154 340 229 298 352 138 151 461 137 152 350 139 316 456 225 152 350 139 151 461 137 743 459 138 760 373 163 742 375 139 760 373 163 743 459 138 761 371 162 880 462 387 761 371 162 743 459 138 794 310 208 869 431 353 691 312 71 869 431 353 794 310 208 855 433 352 762 454 165 855 433 352 794 310 208 585 465 305 108 398 157 831 451 255 108 398 157 585 465 305 203 396 255 129 394 205 203 396 255 585 465 305 583 452 222 76 333 76 140 331 77 76 333 76 583 452 222 153 335 230 629 393 632 153 335 230 583 452 222 107 409 336 701 154 83 702 407 82 701 154 83 107 409 336 228 159 295 144 158 83 228 159 295 107 409 336 219 466 320 215 323 382 221 423 381 215 323 382 219 466 320 214 345 321 220 447 322 214 345 321 219 466 320 693 370 74 692 467 75 694 468 73 692 467 75 693 370 74 699 469 80 754 372 151 699 469 80 693 370 74 219 466 320 762 454 321 853 464 322 762 454 321 219 466 320 855 433 382 221 423 381 855 433 382 219 466 320 313 470 393 312 471 394 141 397 156 312 471 394 313 470 393 633 438 630 628 439 620 633 438 630 313 470 393 882 472 393 1015 463 620 1014 378 621 1015 463 620 882 472 393 1186 416 630 881 417 394 1186 416 630 882 472 393 221 423 615 1013 434 614 855 433 616 1013 434 614 221 423 615 216 320 613 531 322 614 216 320 613 221 423 615 180 161 274 86 123 271 181 125 275 86 123 271 180 161 274 53 132 371 202 410 216 196 327 213 79 332 78 196 327 213 202 410 216 199 440 300 301 160 231 53 132 170 180 161 270 53 132 170 301 160 231 302 473 169 546 362 296 140 331 77 197 330 160 140 331 77 546 362 296 148 364 215 695 379 84 701 154 83 706 156 88 701 154 83 695 379 84 702 407 82 686 411 214 145 367 392 47 365 373 145 367 392 686 411 214 687 413 65 882 472 395 802 307 396 758 399 397 802 307 396 882 472 395 879 305 401 302 473 169 112 474 171 53 132 170 112 474 171 302 473 169 305 354 388 276 133 69 51 475 52 536 429 379 51 475 52 276 133 69 53 132 68 884 377 632 803 359 222 810 355 230 803 359 222 884 377 632 1015 463 620 697 358 76 695 379 78 804 356 224 695 379 78 697 358 76 696 360 77 170 476 67 53 132 68 112 474 168 53 132 68 170 476 67 51 475 52 218 477 325 110 449 326 220 447 322 110 449 326 218 477 325 111 478 324 78 479 75 110 449 74 111 478 73 110 449 74 78 479 75 232 480 80 168 481 151 110 449 74 232 480 80 110 449 74 168 481 151 52 353 162 1185 303 628 882 472 395 1014 378 629 882 472 395 1185 303 628 879 305 401 627 482 621 629 393 400 628 439 620 629 393 400 627 482 621 626 391 631 533 343 353 244 315 71 275 317 207 244 315 71 533 343 353 131 344 208 302 473 389 298 352 138 305 354 387 298 352 138 302 473 389 154 340 229 208 351 163 110 449 74 52 353 162 110 449 74 208 351 163 81 349 226 795 309 209 758 399 156 802 307 221 758 399 156 795 309 209 792 311 204 313 470 395 626 391 628 627 482 629 626 391 628 313 470 395 315 389 401 693 370 326 846 483 325 853 464 322 846 483 325 693 370 326 694 468 324 110 449 74 272 446 164 220 447 319 272 446 164 110 449 74 273 448 227 132 386 204 141 397 156 149 395 256 141 397 156 132 386 204 292 387 209 304 388 396 313 470 395 141 397 397 313 470 395 304 388 396 315 389 401 195 383 223 299 328 297 578 324 301 299 328 297 195 383 223 197 330 160 312 471 394 146 436 219 314 435 220 146 436 219 312 471 394 633 438 630 847 384 297 578 324 301 799 326 213 578 324 301 847 384 297 195 383 223 154 340 232 301 160 231 155 162 88 301 160 231 154 340 232 302 473 169 840 122 271 839 164 274 707 74 275 839 164 274 840 122 271 688 127 371 196 327 213 199 440 300 201 325 299 221 423 615 215 323 616 531 322 614 143 334 224 156 336 235 157 338 234 129 394 205 585 465 305 831 451 255 268 381 161 80 382 159 759 380 160 809 402 228 813 403 234 814 404 236 880 462 387 743 459 138 766 460 389 202 410 82 200 406 303 199 440 302 792 311 204 830 450 256 758 399 156 141 397 156 292 387 209 304 388 221 141 397 156 312 471 394 314 435 398 627 482 621 628 439 620 313 470 393 216 320 617 534 318 374 877 445 376 1014 378 621 1015 463 620 884 377 400 758 399 156 801 400 398 881 417 394 881 417 394 882 472 393 758 399 156 641 484 6 640 485 7 639 486 8 640 485 7 641 484 6 653 487 21 645 488 13 653 487 21 641 484 6 653 487 21 645 488 13 634 489 2 636 490 0 634 489 2 645 488 13 634 489 2 636 490 0 635 491 1 650 492 17 635 491 1 636 490 0 635 491 1 650 492 17 649 493 18 644 494 12 649 493 18 650 492 17 649 493 18 644 494 12 637 495 5 21 496 3 637 495 5 644 494 12 637 495 5 21 496 3 638 497 4 10 498 26 638 497 4 21 496 3 638 497 4 10 498 26 647 499 15 7 500 27 647 499 15 10 498 26 647 499 15 7 500 27 642 501 10 0 502 11 642 501 10 7 500 27 642 501 10 0 502 11 643 503 9 692 467 75 755 504 152 694 468 73 755 504 152 692 467 75 860 505 339 700 506 79 860 505 339 692 467 75 860 505 339 700 506 79 820 507 241 819 508 242 820 507 241 700 506 79 820 507 241 819 508 242 192 509 385 160 510 386 192 509 385 819 508 242 192 509 385 160 510 386 295 511 242 296 512 243 295 511 242 160 510 386 295 511 242 296 512 243 162 513 81 297 514 244 162 513 81 296 512 243 162 513 81 297 514 244 165 515 262 306 516 245 165 515 262 297 514 244 165 515 262 306 516 245 821 517 244 822 518 243 821 517 244 306 516 245 821 517 244 822 518 243 698 519 81 819 508 242 698 519 81 822 518 243 698 519 81 819 508 242 700 506 79 169 520 250 104 521 54 265 522 249 104 521 54 169 520 250 234 523 153 163 524 247 234 523 153 169 520 250 234 523 153 163 524 247 240 525 348 237 526 344 240 525 348 163 524 247 240 525 348 237 526 344 234 523 153 243 527 154 234 523 153 237 526 344 234 523 153 243 527 154 64 528 53 235 529 346 64 528 53 243 527 154 64 528 53 235 529 346 579 530 345 237 526 344 579 530 345 235 529 346 579 530 345 237 526 344 233 531 343 236 532 251 233 531 343 237 526 344 233 531 343 236 532 251 171 533 347 165 515 262 171 533 347 236 532 251 171 533 347 165 515 262 827 534 251 823 535 248 827 534 251 165 515 262 827 534 251 823 535 248 824 536 247 658 537 30 650 492 17 636 490 0 650 492 17 658 537 30 644 494 12 6 538 28 644 494 12 658 537 30 644 494 12 6 538 28 21 496 3 22 539 12 21 496 3 6 538 28 21 496 3 22 539 12 11 540 5 25 541 18 11 540 5 22 539 12 11 540 5 25 541 18 29 542 20 24 543 1 29 542 20 25 541 18 29 542 20 24 543 1 15 544 22 14 545 2 15 544 22 24 543 1 15 544 22 14 545 2 13 546 21 8 547 13 13 546 21 14 545 2 13 546 21 8 547 13 9 548 6 861 549 337 860 505 338 845 550 293 860 505 338 861 549 337 755 504 341 862 551 340 755 504 341 861 549 337 755 504 341 862 551 340 577 552 342 844 553 283 577 552 342 862 551 340 577 552 342 844 553 283 193 554 286 843 555 284 193 554 286 844 553 283 193 554 286 843 555 284 194 556 285 77 557 294 194 556 285 843 555 284 194 556 285 77 557 294 229 558 284 231 559 293 229 558 284 77 557 294 229 558 284 231 559 293 242 560 337 191 561 338 242 560 337 231 559 293 242 560 337 191 561 338 109 562 341 51 475 52 64 528 53 536 429 379 64 528 53 51 475 52 104 521 54 170 476 67 104 521 54 51 475 52 104 521 54 170 476 67 265 522 249 52 353 162 265 522 249 170 476 67 265 522 249 52 353 162 169 520 250 168 481 151 169 520 250 52 353 162 169 520 250 168 481 151 166 563 239 167 564 240 166 563 239 168 481 151 166 563 239 167 564 240 162 513 81 232 480 80 162 513 81 167 564 240 162 513 81 232 480 80 161 565 79 78 479 75 161 565 79 232 480 80 161 565 79 78 479 75 191 561 339 30 566 10 0 502 11 7 500 27 0 502 11 30 566 10 4 567 9 18 568 16 4 567 9 30 566 10 4 567 9 18 568 16 26 569 24 17 570 14 26 569 24 18 568 16 26 569 24 17 570 14 27 571 25 16 572 23 27 571 25 17 570 14 27 571 25 16 572 23 12 573 7 13 546 21 12 573 7 16 572 23 12 573 7 13 546 21 9 548 6 646 574 16 647 499 15 642 501 10 647 499 15 646 574 16 648 575 14 657 576 24 648 575 14 646 574 16 648 575 14 657 576 24 656 577 25 640 485 7 656 577 25 657 576 24 656 577 25 640 485 7 655 578 23 653 487 21 655 578 23 640 485 7 655 578 23 653 487 21 654 579 22 634 489 2 654 579 22 653 487 21 654 579 22 634 489 2 635 491 1 698 519 81 165 515 262 821 517 244 165 515 262 698 519 81 823 535 248 818 580 239 823 535 248 698 519 81 823 535 248 818 580 239 824 536 247 825 581 250 824 536 247 818 580 239 824 536 247 825 581 250 757 582 153 679 583 54 757 582 153 825 581 250 757 582 153 679 583 54 64 528 53 680 428 52 64 528 53 679 583 54 64 528 53 680 428 52 536 429 379 210 584 313 89 204 317 45 208 316 89 204 317 210 584 313 212 585 315 211 586 311 212 585 315 210 584 313 212 585 315 211 586 311 852 587 313 209 588 312 852 587 313 211 586 311 852 587 313 209 588 312 213 589 314 210 584 313 213 589 314 209 588 312 213 589 314 210 584 313 45 208 316 264 301 282 842 590 281 838 268 268 842 590 281 264 301 282 319 591 280 317 592 281 319 591 280 264 301 282 319 591 280 317 592 281 70 593 367 318 594 368 70 593 367 317 592 281 70 593 367 318 594 368 842 590 281 838 268 268 842 590 281 318 594 368 16 572 23 15 544 22 13 546 21 15 544 22 16 572 23 29 542 20 28 595 19 29 542 20 16 572 23 29 542 20 28 595 19 11 540 5 19 596 4 11 540 5 28 595 19 11 540 5 19 596 4 21 496 3 10 498 26 21 496 3 19 596 4 818 580 239 754 372 151 825 581 250 754 372 151 818 580 239 817 597 240 698 519 81 817 597 240 818 580 239 817 597 240 698 519 81 699 469 80 700 506 79 699 469 80 698 519 81 699 469 80 700 506 79 692 467 75 648 575 14 638 497 4 647 499 15 638 497 4 648 575 14 652 598 19 655 578 23 652 598 19 648 575 14 652 598 19 655 578 23 651 599 20 654 579 22 651 599 20 655 578 23 651 599 20 654 579 22 635 491 1 863 600 344 579 530 345 233 531 343 579 530 345 863 600 344 864 601 346 756 602 154 864 601 346 863 600 344 864 601 346 756 602 154 64 528 53 757 582 153 64 528 53 756 602 154 236 532 251 238 603 248 165 515 262 238 603 248 236 532 251 163 524 247 239 604 349 163 524 247 236 532 251 163 524 247 239 604 349 237 526 344 236 532 251 237 526 344 239 604 349 827 534 251 233 531 343 171 533 347 233 531 343 827 534 251 863 600 344 866 605 349 863 600 344 827 534 251 863 600 344 866 605 349 824 536 247 827 534 251 824 536 247 866 605 349 679 583 54 689 426 67 680 428 52 689 426 67 679 583 54 826 606 249 825 581 250 826 606 249 679 583 54 826 606 249 825 581 250 761 371 162 754 372 151 761 371 162 825 581 250 17 570 14 28 595 19 16 572 23 28 595 19 17 570 14 19 596 4 3 607 15 19 596 4 17 570 14 19 596 4 3 607 15 10 498 26 7 500 27 10 498 26 3 607 15 229 558 284 193 554 286 194 556 285 193 554 286 229 558 284 230 608 283 241 609 340 230 608 283 229 558 284 230 608 283 241 609 340 577 552 342 109 562 341 577 552 342 241 609 340 296 512 243 306 516 245 297 514 244 306 516 245 296 512 243 164 610 246 160 510 386 164 610 246 296 512 243 164 610 246 160 510 386 822 518 243 819 508 242 822 518 243 160 510 386 863 600 344 757 582 153 756 602 154 757 582 153 863 600 344 865 611 348 824 536 247 865 611 348 863 600 344 865 611 348 824 536 247 757 582 153 643 503 9 646 574 16 642 501 10 646 574 16 643 503 9 657 576 24 639 486 8 657 576 24 643 503 9 657 576 24 639 486 8 640 485 7 20 612 30 22 539 12 6 538 28 22 613 12 20 614 30 23 615 17 1 616 0 23 615 17 20 612 30 23 615 17 1 616 0 24 543 1 166 563 239 163 524 247 169 520 250 163 524 247 166 563 239 238 617 248 162 513 81 238 603 248 166 563 239 238 603 248 162 513 81 165 515 262 161 565 79 295 511 242 162 513 81 295 511 242 161 565 79 294 618 241 191 561 339 294 618 241 161 565 79 294 618 241 191 561 339 231 559 288 318 594 368 263 285 269 838 268 268 263 285 269 318 594 368 58 299 268 317 592 281 58 299 268 318 594 368 58 299 268 317 592 281 264 301 282 218 477 290 109 562 291 111 478 323 109 562 291 218 477 290 577 552 292 217 619 289 577 552 292 218 477 290 577 552 292 217 619 289 846 483 290 843 555 284 845 550 293 77 557 294 845 550 293 843 555 284 861 549 337 862 551 340 861 549 337 843 555 284 219 466 320 218 477 325 220 447 322 218 477 325 219 466 320 217 619 327 846 483 325 217 619 327 219 466 320 12 573 7 26 569 24 27 571 25 26 569 24 12 573 7 2 620 8 9 548 6 2 620 8 12 573 7 294 618 241 192 509 385 295 511 242 192 509 385 294 618 241 77 557 287 231 559 288 77 557 287 294 618 241 3 607 15 30 566 10 7 500 27 30 566 10 3 607 15 18 621 16 17 570 14 18 568 16 3 607 15 14 545 2 1 616 0 8 547 13 1 616 0 14 545 2 24 543 1 23 615 17 25 541 18 22 539 12 25 541 18 23 615 17 24 543 1 649 493 18 651 599 20 635 491 1 651 599 20 649 493 18 637 495 5 652 598 19 637 495 5 638 497 4 637 495 5 652 598 19 651 599 20 31 622 318 213 589 314 45 208 316 213 589 314 31 622 318 681 203 316 681 203 316 852 587 313 213 589 314 852 587 313 681 203 316 89 204 317 765 427 168 761 371 162 880 462 387 761 371 162 765 427 168 689 426 67 109 562 152 78 479 75 111 478 73 78 479 75 109 562 152 191 561 339 755 504 291 846 483 290 694 468 323 846 483 290 755 504 291 577 552 292 112 474 168 52 353 162 170 476 67 52 353 162 112 474 168 305 354 387 77 557 287 820 507 241 192 509 385 820 507 241 77 557 287 845 550 288 5 623 29 6 538 28 658 537 30 6 538 28 5 623 29 20 612 30 242 560 337 241 609 340 229 558 284 241 609 340 242 560 337 109 562 341 89 204 317 212 585 315 852 587 313 862 551 340 843 555 284 844 553 283 210 584 313 209 588 312 211 586 311 761 371 162 689 426 67 826 606 249 754 372 151 817 597 240 699 469 80 319 591 280 70 593 367 842 590 281 2 620 8 4 567 9 26 569 24 164 610 246 822 518 243 306 516 245 577 552 342 193 554 286 230 608 283 860 505 339 820 507 241 845 550 288 168 481 151 232 480 80 167 564 240 243 527 154 237 526 344 235 529 346 64 528 53 579 530 345 864 601 346 234 523 153 64 528 53 104 521 54 219 466 320 853 464 322 846 483 325 648 575 14 656 577 25 655 578 23 887 624 412 890 625 411 891 626 410 890 625 411 887 624 412 912 627 450 922 628 449 912 627 450 887 624 412 912 627 450 922 628 449 907 629 432 909 630 433 907 629 432 922 628 449 907 629 432 909 630 433 896 631 419 899 632 416 896 631 419 909 630 433 896 631 419 899 632 416 898 633 417 909 630 433 898 633 417 899 632 416 898 633 417 909 630 433 908 634 434 922 628 449 908 634 434 909 630 433 908 634 434 922 628 449 911 635 435 887 624 412 911 635 435 922 628 449 911 635 435 887 624 412 888 636 428 931 637 462 920 638 465 921 639 464 920 638 465 931 637 462 930 640 463 929 641 460 930 640 463 931 637 462 930 640 463 929 641 460 928 642 461 926 643 457 928 642 461 929 641 460 928 642 461 926 643 457 927 644 456 903 645 459 927 644 456 926 643 457 970 646 544 925 647 528 901 648 543 925 647 528 970 646 544 961 649 525 966 650 534 961 649 525 970 646 544 961 649 525 966 650 534 967 651 533 963 652 531 967 651 533 966 650 534 967 651 533 963 652 531 972 653 551 968 654 552 972 653 551 963 652 531 926 643 548 923 655 453 902 656 553 923 655 453 926 643 548 914 657 443 917 658 440 914 657 443 926 643 548 914 657 443 917 658 440 916 659 441 919 660 446 916 659 441 917 658 440 916 659 441 919 660 446 928 642 495 930 640 496 928 642 495 919 660 446 942 661 483 935 662 488 932 663 480 935 662 488 942 661 483 945 664 487 941 665 479 945 664 487 942 661 483 945 664 487 941 665 479 944 666 486 937 667 470 944 666 486 941 665 479 944 666 486 937 667 470 943 668 484 910 669 473 936 670 471 904 671 472 936 670 471 910 669 473 937 667 470 924 672 485 937 667 470 910 669 473 937 667 470 924 672 485 943 668 484 903 645 492 943 668 484 924 672 485 943 668 484 903 645 492 938 673 491 951 674 503 949 675 505 952 676 502 949 675 505 951 674 503 950 677 504 954 678 506 950 677 504 951 674 503 950 677 504 954 678 506 953 679 507 959 680 524 953 679 507 954 678 506 953 679 507 959 680 524 958 681 523 950 677 504 947 682 497 949 675 505 947 682 497 950 677 504 948 683 501 953 679 507 948 683 501 950 677 504 948 683 501 953 679 507 955 684 508 958 681 523 955 684 508 953 679 507 955 684 508 958 681 523 957 685 521 941 665 479 936 670 471 937 667 470 936 670 471 941 665 479 939 686 482 942 661 483 939 686 482 941 665 479 939 686 482 942 661 483 933 687 481 932 663 480 933 687 481 942 661 483 893 688 415 925 647 454 923 655 451 925 647 454 893 688 415 894 689 414 892 690 409 894 689 414 893 688 415 894 689 414 892 690 409 895 691 413 900 692 420 895 691 413 892 690 409 940 693 477 939 686 478 934 694 467 939 686 478 940 693 477 936 670 474 938 673 475 936 670 474 940 693 477 936 670 474 938 673 475 904 671 476 903 645 459 904 671 476 938 673 475 963 652 531 964 695 530 968 654 552 964 695 530 963 652 531 962 696 532 966 650 534 962 696 532 963 652 531 962 696 532 966 650 534 970 646 544 938 673 491 944 666 486 943 668 484 944 666 486 938 673 491 945 664 487 940 693 489 945 664 487 938 673 491 945 664 487 940 693 489 934 694 490 971 697 549 967 651 533 972 653 551 967 651 533 971 697 549 960 698 526 902 656 550 960 698 526 971 697 549 960 698 526 902 656 550 923 655 527 927 644 493 916 659 441 928 642 495 916 659 441 927 644 493 915 699 442 903 645 494 915 699 442 927 644 493 915 699 442 903 645 494 924 672 452 919 660 446 920 638 445 930 640 496 920 638 445 919 660 446 918 700 447 917 658 440 918 700 447 919 660 446 918 700 447 917 658 440 926 643 548 955 684 508 946 701 498 948 683 501 946 701 498 955 684 508 956 702 509 957 685 521 956 702 509 955 684 508 956 702 509 957 685 521 901 648 522 907 629 432 905 703 431 912 627 450 905 703 431 907 629 432 897 704 418 896 631 419 897 704 418 907 629 432 897 704 418 896 631 419 898 633 417 908 634 434 904 671 448 905 703 431 904 671 448 908 634 434 910 669 436 911 635 435 910 669 436 908 634 434 910 669 436 911 635 435 888 636 428 905 703 421 890 625 437 912 627 438 890 625 437 905 703 421 900 692 427 902 656 424 900 692 427 905 703 421 900 692 427 902 656 424 901 648 425 784 705 196 786 706 197 789 707 202 786 706 197 784 705 196 785 708 198 873 709 362 785 708 198 784 705 196 785 708 198 873 709 362 787 710 200 892 690 409 890 625 411 900 692 420 890 625 411 892 690 409 891 626 410 906 711 430 891 626 410 892 690 409 960 698 526 961 649 525 967 651 533 961 649 525 960 698 526 925 647 528 923 655 527 925 647 528 960 698 526 888 636 428 924 672 455 910 669 436 924 672 455 888 636 428 923 655 451 893 688 415 923 655 451 888 636 428 893 688 415 906 711 430 892 690 409 906 711 430 893 688 415 913 712 439 889 713 429 913 712 439 893 688 415 973 714 545 962 696 532 970 646 544 962 696 532 973 714 545 965 715 529 969 716 546 965 715 529 973 714 545 789 707 202 870 717 359 788 718 357 870 717 359 789 707 202 871 719 358 786 706 197 871 719 358 789 707 202 934 694 467 932 663 469 935 662 466 932 663 469 934 694 467 933 687 468 939 686 478 933 687 468 934 694 467 915 699 442 914 657 443 916 659 441 914 657 443 915 699 442 923 655 453 924 672 452 923 655 453 915 699 442 918 700 447 921 639 444 920 638 445 921 639 444 918 700 447 929 641 547 926 643 548 929 641 547 918 700 447 952 676 517 954 678 520 951 674 519 954 678 520 952 676 517 959 680 518 958 681 516 959 680 518 952 676 517 946 701 498 947 682 497 948 683 501 947 682 497 946 701 498 895 691 500 894 689 499 895 691 500 946 701 498 969 716 536 964 695 538 965 715 535 964 695 538 969 716 536 968 654 537 972 653 542 969 716 536 973 714 541 969 716 536 972 653 542 968 654 537 903 645 423 905 703 421 904 671 422 905 703 421 903 645 423 902 656 424 971 697 539 973 714 541 970 646 540 973 714 541 971 697 539 972 653 542 902 656 458 970 646 540 901 648 514 970 646 540 902 656 458 971 697 539 901 648 514 947 682 512 895 691 513 947 682 512 901 648 514 957 685 511 949 675 515 958 681 516 952 676 517 958 681 516 949 675 515 947 682 512 898 633 417 905 703 431 897 704 418 905 703 431 898 633 417 908 634 434 925 647 510 956 702 509 901 648 522 956 702 509 925 647 510 894 689 499 870 717 361 787 710 200 788 718 199 787 710 200 870 717 361 872 720 360 934 694 490 935 662 488 945 664 487 894 689 499 946 701 498 956 702 509 893 688 415 888 636 428 889 713 429 900 692 427 901 648 425 895 691 426 962 696 532 965 715 529 964 695 530 929 641 547 931 637 554 921 639 444 958 681 516 947 682 512 957 685 511 903 645 459 926 643 457 902 656 458 785 708 198 787 710 200 872 720 360 887 624 408 889 713 406 888 636 407 780 721 190 789 707 202 788 718 357 789 707 202 780 721 190 790 722 201 781 723 189 790 722 201 780 721 190 790 722 201 781 723 189 779 724 187 791 725 203 779 724 187 781 723 189 779 724 187 791 725 203 773 726 178 772 727 179 773 726 178 791 725 203 773 726 178 772 727 179 771 728 180 867 105 351 771 728 180 772 727 179 771 728 180 867 105 351 735 81 130 775 729 181 773 726 178 771 728 180 773 726 178 775 729 181 776 730 184 768 731 185 776 730 184 775 729 181 776 730 184 768 731 185 777 732 186 780 721 191 777 732 186 768 731 185 777 732 186 780 721 191 787 710 200 788 718 199 787 710 200 780 721 191 779 724 187 789 707 202 790 722 201 789 707 202 779 724 187 784 705 196 778 733 188 784 705 196 779 724 187 784 705 196 778 733 188 873 709 362 787 710 200 873 709 362 778 733 188 774 115 182 771 728 180 735 81 130 771 728 180 774 115 182 775 729 181 770 108 183 775 729 181 774 115 182 775 729 181 770 108 183 768 731 185 768 731 177 781 723 189 780 721 190 781 723 189 768 731 177 769 734 176 770 108 175 769 734 176 768 731 177 769 734 176 770 108 175 782 103 192 778 733 188 777 732 186 787 710 200 777 732 186 778 733 188 773 726 178 779 724 187 773 726 178 778 733 188 867 105 351 769 734 176 782 103 192 769 734 176 867 105 351 772 727 179 769 734 176 791 725 203 781 723 189 791 725 203 769 734 176 772 727 179 776 730 184 777 732 186 773 726 178 421 735 584 445 736 611 425 737 582 445 736 611 421 735 584 435 738 597 422 739 596 435 738 597 421 735 584 435 738 597 422 739 596 434 740 598 423 741 586 434 740 598 422 739 596 434 740 598 423 741 586 420 742 581 412 743 562 420 742 581 423 741 586 420 742 581 412 743 562 413 744 563 410 745 561 413 744 563 412 743 562 413 744 563 410 745 561 436 746 564 134 183 128 101 747 142 135 181 127 101 747 142 134 183 128 100 748 141 103 749 148 100 748 141 134 183 128 100 748 141 103 749 148 206 750 150 139 751 146 206 750 150 103 749 148 206 750 150 139 751 146 606 752 364 605 753 365 606 752 364 139 751 146 606 752 364 605 753 365 260 754 623 282 755 622 260 754 623 605 753 365 205 756 143 102 167 145 101 747 144 102 167 145 205 756 143 139 751 306 300 757 211 139 751 306 205 756 143 139 751 306 300 757 211 609 758 212 138 759 140 609 758 212 300 757 211 609 758 212 138 759 140 608 760 210 607 761 363 608 760 210 138 759 140 608 760 210 607 761 363 259 762 624 260 754 623 259 762 624 607 761 363 426 763 572 412 743 562 423 741 586 412 743 562 426 763 572 417 764 571 432 765 593 417 764 571 426 763 572 417 764 571 432 765 593 438 766 591 427 767 573 438 766 591 432 765 593 438 766 591 427 767 573 416 768 589 418 769 590 416 768 589 427 767 573 416 768 589 418 769 590 429 770 592 422 739 585 415 771 575 426 763 572 415 771 575 422 739 585 414 772 583 421 735 584 414 772 583 422 739 585 414 772 583 421 735 584 430 773 580 425 737 582 430 773 580 421 735 584 430 773 580 425 737 582 420 742 581 446 774 599 420 742 581 425 737 582 420 742 581 446 774 599 434 740 598 417 764 571 431 775 578 411 776 594 431 775 578 417 764 571 419 777 579 433 778 568 419 777 579 417 764 571 419 777 579 433 778 568 444 779 595 443 780 569 444 779 595 433 778 568 444 779 595 443 780 569 429 770 592 416 768 589 429 770 592 443 780 569 408 781 603 414 772 583 437 782 587 414 772 583 408 781 603 415 771 575 440 783 566 415 771 575 408 781 603 415 771 575 440 783 566 439 784 567 441 785 565 439 784 567 440 783 566 439 784 567 441 785 565 409 786 574 411 776 555 409 786 560 410 745 556 409 786 560 411 776 555 442 787 576 431 775 577 442 787 576 411 776 555 442 787 576 431 775 577 444 779 609 419 777 610 444 779 609 431 775 577 427 767 573 442 787 604 418 769 590 442 787 604 427 767 573 409 786 574 415 771 575 409 786 574 427 767 573 409 786 574 415 771 575 439 784 567 438 766 591 433 778 568 417 764 571 433 778 568 438 766 591 428 788 570 416 768 589 428 788 570 438 766 591 428 788 570 416 768 589 443 780 569 413 744 563 430 773 580 420 742 581 430 773 580 413 744 563 424 789 588 436 746 564 424 789 588 413 744 563 424 789 588 436 746 564 437 782 587 408 781 559 441 785 606 440 783 605 441 785 606 408 781 559 409 786 560 436 746 557 409 786 560 408 781 559 409 786 560 436 746 557 410 745 556 100 748 141 138 759 140 101 747 142 138 759 140 100 748 141 207 790 149 206 750 150 207 790 149 100 748 141 207 790 149 206 750 150 606 752 364 204 791 626 609 758 212 608 760 210 609 758 212 204 791 626 605 753 307 282 755 627 605 753 307 204 791 626 607 761 363 606 752 364 260 754 623 606 752 364 607 761 363 207 790 149 138 759 140 207 790 149 607 761 363 103 749 148 102 167 147 139 751 146 102 167 147 103 749 148 133 165 124 134 183 128 133 165 124 103 749 148 429 770 608 442 787 576 444 779 609 442 787 576 429 770 608 418 769 607 283 792 625 608 760 210 259 762 624 608 760 210 283 792 625 204 791 626 412 743 562 411 776 594 410 745 561 411 776 594 412 743 562 417 764 571 426 763 572 427 767 573 432 765 593 427 767 573 426 763 572 415 771 575 424 789 588 414 772 583 430 773 580 414 772 583 424 789 588 437 782 587 205 756 143 138 759 140 300 757 211 138 759 140 205 756 143 101 747 142 136 179 41 101 747 142 102 167 145 101 747 142 136 179 41 135 181 127 93 169 129 134 183 128 545 184 310 134 183 128 93 169 129 133 165 124 609 758 212 605 753 307 139 751 306 408 781 559 437 782 558 436 746 557 428 788 570 443 780 569 433 778 568 423 741 602 422 739 601 426 763 600 128 793 191 256 794 200 258 795 199 256 794 200 128 793 191 127 796 186 98 797 185 127 796 186 128 793 191 127 796 186 98 797 185 118 798 184 99 799 181 118 798 184 98 797 185 118 798 184 99 799 181 96 800 178 255 801 180 96 800 178 99 799 181 96 800 178 255 801 180 251 802 179 250 52 351 251 802 179 255 801 180 251 802 179 250 52 351 115 803 176 184 49 192 115 803 176 250 52 351 115 803 176 184 49 192 114 58 175 248 804 202 128 793 190 258 795 357 128 793 190 248 804 202 125 805 201 253 806 187 125 805 201 248 804 202 125 805 201 253 806 187 97 807 189 252 808 203 97 807 189 253 806 187 97 807 189 252 808 203 115 803 176 251 802 179 115 803 176 252 808 203 255 801 180 116 40 130 250 52 351 116 40 130 255 801 180 117 41 182 99 799 181 117 41 182 255 801 180 117 41 182 99 799 181 114 58 183 98 797 185 114 58 183 99 799 181 254 809 196 253 806 187 248 804 202 253 806 187 254 809 196 126 810 188 270 811 362 126 810 188 254 809 196 126 810 188 270 811 362 256 794 200 97 807 189 128 793 190 125 805 201 128 793 190 97 807 189 98 797 177 115 803 176 98 797 177 97 807 189 98 797 177 115 803 176 114 58 175 126 810 188 96 800 178 253 806 187 96 800 178 126 810 188 127 796 186 256 794 200 127 796 186 126 810 188 252 808 203 96 800 178 251 802 179 96 800 178 252 808 203 253 806 187 118 798 184 96 800 178 127 796 186 327 812 415 407 813 439 331 814 429 407 813 439 327 812 415 330 815 430 325 816 409 330 815 430 327 812 415 330 815 430 325 816 409 333 817 410 326 818 411 333 817 410 325 816 409 333 817 410 326 818 411 332 819 412 342 820 450 332 819 412 326 818 411 332 819 412 342 820 450 341 821 449 406 822 432 341 821 449 342 820 450 341 821 449 406 822 432 405 823 433 334 824 419 405 823 433 406 822 432 405 823 433 334 824 419 337 825 416 336 826 417 337 825 416 334 824 419 337 825 416 336 826 417 405 823 433 340 827 434 405 823 433 336 826 417 405 823 433 340 827 434 341 821 449 338 828 435 341 821 449 340 827 434 341 821 449 338 828 435 332 819 412 324 829 428 332 819 412 338 828 435 382 830 505 378 831 503 377 832 502 378 831 503 382 830 505 383 833 504 380 834 497 383 833 504 382 830 505 383 833 504 380 834 497 381 835 501 379 836 498 381 835 501 380 834 497 381 835 501 379 836 498 386 837 508 387 838 509 386 837 508 379 836 498 386 837 508 387 838 509 388 839 521 358 840 522 388 839 521 387 838 509 403 841 545 395 842 529 404 843 546 395 842 529 403 841 545 396 844 532 402 845 544 396 844 532 403 841 545 396 844 532 402 845 544 397 846 534 398 847 525 397 846 534 402 845 544 397 846 534 398 847 525 393 848 533 394 849 526 393 848 533 398 847 525 393 848 533 394 849 526 400 850 549 355 851 550 400 850 549 394 849 526 402 845 540 355 851 458 358 840 514 355 851 458 402 845 540 400 850 539 403 841 541 400 850 539 402 845 540 400 850 539 403 841 541 401 852 542 404 843 536 401 852 542 403 841 541 401 852 542 404 843 536 399 853 537 391 854 538 399 853 537 404 843 536 366 855 471 323 856 473 321 857 472 323 856 473 366 855 471 365 858 470 367 859 479 365 858 470 366 855 471 365 858 470 367 859 479 371 860 486 372 861 487 371 860 486 367 859 479 371 860 486 372 861 487 374 862 491 375 863 489 374 862 491 372 861 487 369 864 478 376 865 467 364 866 468 376 865 467 369 864 478 375 863 477 366 855 474 375 863 477 369 864 478 375 863 477 366 855 474 374 862 475 321 857 476 374 862 475 366 855 474 374 862 475 321 857 476 359 867 459 357 868 547 343 869 444 354 870 554 343 869 444 357 868 547 344 871 447 356 872 548 344 871 447 357 868 547 344 871 447 356 872 548 345 873 440 346 874 443 345 873 440 356 872 548 345 873 440 346 874 443 350 875 441 347 876 453 356 872 548 355 851 553 356 872 548 347 876 453 346 874 443 349 877 442 346 874 443 347 876 453 346 874 443 349 877 442 350 875 441 360 878 493 350 875 441 349 877 442 350 875 441 360 878 493 361 879 495 387 838 509 353 880 510 358 840 522 353 880 510 387 838 509 328 881 499 379 836 498 328 881 499 387 838 509 328 881 499 379 836 498 329 882 500 380 834 497 329 882 500 379 836 498 357 868 460 361 879 461 356 872 457 361 879 461 357 868 460 362 883 463 354 870 462 362 883 463 357 868 460 362 883 463 354 870 462 352 884 465 343 869 464 352 884 465 354 870 462 120 885 197 248 804 202 121 886 358 248 804 202 120 885 197 254 809 196 257 887 198 254 809 196 120 885 197 254 809 196 257 887 198 270 811 362 256 794 200 270 811 362 257 887 198 365 858 470 348 888 485 323 856 473 348 888 485 365 858 470 370 889 484 371 860 486 370 889 484 365 858 470 370 889 484 371 860 486 374 862 491 339 890 431 406 822 432 342 820 450 406 822 432 339 890 431 335 891 418 336 826 417 335 891 418 339 890 431 335 891 418 336 826 417 334 824 419 344 871 447 352 884 445 343 869 444 352 884 445 344 871 447 351 892 446 345 873 440 351 892 446 344 871 447 351 892 446 345 873 440 350 875 441 369 864 482 367 859 479 366 855 471 367 859 479 369 864 482 368 893 483 364 866 481 368 893 483 369 864 482 368 893 483 364 866 481 363 894 480 392 895 531 397 846 534 393 848 533 397 846 534 392 895 531 396 844 532 391 854 530 396 844 532 392 895 531 396 844 532 391 854 530 395 842 529 394 849 526 347 876 527 355 851 550 347 876 527 394 849 526 353 880 528 398 847 525 353 880 528 394 849 526 353 880 528 398 847 525 402 845 544 401 852 551 393 848 533 400 850 549 393 848 533 401 852 551 392 895 531 399 853 552 392 895 531 401 852 551 392 895 531 399 853 552 391 854 530 383 833 504 384 896 506 378 831 503 384 896 506 383 833 504 385 897 507 381 835 501 385 897 507 383 833 504 385 897 507 381 835 501 386 837 508 389 898 523 386 837 508 388 839 521 386 837 508 389 898 523 385 897 507 390 899 524 385 897 507 389 898 523 385 897 507 390 899 524 384 896 506 368 893 483 372 861 487 367 859 479 372 861 487 368 893 483 373 900 488 363 894 480 373 900 488 368 893 483 327 812 415 347 876 451 353 880 454 347 876 451 327 812 415 324 829 428 331 814 429 324 829 428 327 812 415 256 794 200 122 901 361 258 795 199 122 901 361 256 794 200 119 902 360 257 887 198 119 902 360 256 794 200 323 856 436 340 827 434 321 857 448 340 827 434 323 856 436 338 828 435 324 829 428 338 828 435 323 856 436 380 834 512 358 840 514 329 882 513 358 840 514 380 834 512 388 839 511 389 898 516 388 839 511 380 834 512 356 872 457 359 867 459 355 851 458 359 867 459 356 872 457 360 878 456 361 879 461 360 878 456 356 872 457 377 832 517 390 899 518 389 898 516 390 899 518 377 832 517 384 896 520 378 831 519 384 896 520 377 832 517 325 816 409 322 903 420 326 818 411 322 903 420 325 816 409 329 882 413 328 881 414 329 882 413 325 816 409 355 851 424 329 882 426 358 840 425 329 882 426 355 851 424 359 867 423 328 881 414 327 812 415 353 880 454 327 812 415 328 881 414 325 816 409 359 867 423 322 903 427 329 882 426 322 903 427 359 867 423 321 857 422 348 888 455 324 829 428 323 856 436 324 829 428 348 888 455 347 876 451 339 890 431 340 827 434 336 826 417 340 827 434 339 890 431 321 857 448 363 894 469 376 865 467 373 900 466 376 865 467 363 894 469 364 866 468 372 861 487 376 865 490 375 863 489 376 865 490 372 861 487 373 900 488 361 879 495 351 892 446 350 875 441 351 892 446 361 879 495 362 883 496 382 830 515 389 898 516 380 834 512 389 898 516 382 830 515 377 832 517 359 867 492 370 889 484 374 862 491 370 889 484 359 867 492 348 888 485 348 888 452 349 877 442 347 876 453 349 877 442 348 888 452 359 867 494 122 901 359 248 804 202 258 795 357 248 804 202 122 901 359 121 886 358 326 818 437 339 890 421 342 820 438 339 890 421 326 818 437 322 903 427 349 877 442 359 867 494 360 878 493 353 880 528 402 845 544 358 840 543 351 892 446 362 883 496 352 884 445 322 903 427 321 857 422 339 890 421 391 854 538 404 843 536 395 842 535 332 819 408 324 829 407 331 814 406 335 891 418 334 824 419 406 822 432</p>
        </triangles>
        <triangles material="nuki_m" count="364">
          <input semantic="VERTEX" source="#mb-mesh-vertices" offset="0"/>
          <input semantic="NORMAL" source="#mb-mesh-normals" offset="1"/>
          <input semantic="TEXCOORD" source="#mb-mesh-map-channel1" offset="2" set="1"/>
          <p>43 904 648 31 622 647 45 208 645 31 622 647 43 904 648 681 203 645 1026 905 646 681 203 645 43 904 648 681 203 645 1026 905 646 725 202 643 1025 906 644 725 202 643 1026 905 646 725 202 643 1025 906 644 722 188 641 1024 907 642 722 188 641 1025 906 644 722 188 641 1024 907 642 730 186 639 1023 908 640 730 186 639 1024 907 642 730 186 639 1023 908 640 729 187 638 1022 909 637 729 187 638 1023 908 640 729 187 638 1022 909 637 1021 910 634 463 911 640 460 912 638 461 913 637 460 912 638 463 911 640 462 914 639 465 915 642 462 914 639 463 911 640 462 914 639 465 915 642 464 916 641 467 917 644 464 916 641 465 915 642 464 916 641 467 917 644 466 918 643 469 919 646 466 918 643 467 917 644 466 918 643 469 919 646 470 920 645 468 921 648 470 920 645 469 919 646 470 920 645 468 921 648 31 622 647 1063 922 645 31 622 647 468 921 648 1016 923 721 1033 924 666 1017 925 722 1033 924 666 1016 238 721 1037 926 667 1018 262 719 1037 926 667 1016 238 721 1037 926 667 1018 262 719 1039 927 669 1019 263 720 1039 927 669 1018 262 719 1039 927 669 1019 263 720 1041 928 671 1020 246 723 1041 928 671 1019 263 720 1041 928 671 1020 246 723 1034 929 662 1017 239 724 1034 929 662 1020 246 723 1034 929 662 1017 239 724 1033 924 663 1166 930 721 1072 931 666 1167 932 722 1072 931 666 1166 930 721 1076 933 667 1165 934 719 1076 933 667 1166 930 721 1076 933 667 1165 934 719 1078 935 669 1164 936 720 1078 935 669 1165 934 719 1078 935 669 1164 936 720 1080 937 671 1168 938 723 1080 937 671 1164 936 720 1080 937 671 1168 938 723 1073 939 662 1167 932 724 1073 939 662 1168 938 723 1073 939 662 1167 932 724 1072 931 663 1054 940 638 1055 941 637 1052 942 634 1055 941 637 1054 940 638 1056 943 640 1057 944 639 1056 943 640 1054 940 638 1056 943 640 1057 944 639 1058 945 642 1059 946 641 1058 945 642 1057 944 639 1058 945 642 1059 946 641 1060 947 644 1061 948 643 1060 947 644 1059 946 641 1060 947 644 1061 948 643 1062 949 646 1063 922 645 1062 949 646 1061 948 643 1062 949 646 1063 922 645 468 921 648 1074 950 661 1072 931 663 1075 951 660 1072 931 663 1074 950 661 1073 939 662 1081 952 670 1073 939 662 1074 950 661 1073 939 662 1081 952 670 1080 937 671 1079 953 668 1080 937 671 1081 952 670 1080 937 671 1079 953 668 1078 935 669 1077 954 664 1078 935 669 1079 953 668 1078 935 669 1077 954 664 1076 933 667 1075 951 665 1076 933 667 1077 954 664 1076 933 667 1075 951 665 1072 931 666 1035 955 661 1033 924 663 1036 956 660 1033 924 663 1035 955 661 1034 929 662 1042 957 670 1034 929 662 1035 955 661 1034 929 662 1042 957 670 1041 928 671 1040 958 668 1041 928 671 1042 957 670 1041 928 671 1040 958 668 1039 927 669 1038 959 664 1039 927 669 1040 958 668 1039 927 669 1038 959 664 1037 926 667 1036 956 665 1037 926 667 1038 959 664 1037 926 667 1036 956 665 1033 924 666 120 885 657 593 960 654 257 887 659 593 960 654 120 885 657 599 961 655 121 886 656 599 961 655 120 885 657 599 961 655 121 886 656 598 962 672 597 963 653 598 962 672 121 886 656 598 962 672 597 963 653 291 964 713 596 965 649 291 964 713 597 963 653 291 964 713 596 965 649 279 966 712 471 967 656 586 968 655 120 885 657 586 968 655 471 967 656 592 969 672 591 970 653 592 969 672 471 967 656 592 969 672 591 970 653 488 971 713 590 972 649 488 971 713 591 970 653 488 971 713 590 972 649 477 973 712 476 974 711 477 973 712 590 972 649 257 887 659 595 975 650 119 902 651 595 975 650 257 887 659 594 976 658 593 960 654 594 976 658 257 887 659 594 976 658 593 960 654 281 977 708 280 978 709 281 977 708 593 960 654 478 979 709 592 969 672 488 971 713 592 969 672 478 979 709 586 968 655 587 980 654 586 968 655 478 979 709 586 968 655 587 980 654 120 885 657 257 887 659 120 885 657 587 980 654 472 981 652 591 970 653 471 967 656 591 970 653 472 981 652 590 972 649 589 982 683 590 972 649 472 981 652 590 972 649 589 982 683 476 974 711 487 983 710 476 974 711 589 982 683 34 984 634 33 180 633 46 196 636 33 180 633 34 984 634 35 178 638 36 985 637 35 178 638 34 984 634 35 178 638 36 985 637 38 986 640 601 987 691 514 988 715 496 989 714 514 988 715 601 987 691 600 990 693 505 991 688 600 990 693 601 987 691 600 990 693 505 991 688 513 992 692 602 993 690 496 989 714 497 994 716 496 989 714 602 993 690 601 987 691 504 995 689 601 987 691 602 993 690 601 987 691 504 995 689 505 991 688 603 996 687 502 997 685 503 998 684 502 997 685 603 996 687 604 999 686 498 1000 718 604 999 686 603 996 687 604 999 686 498 1000 718 495 1001 717 479 1002 708 587 980 654 478 979 709 587 980 654 479 1002 708 588 1003 658 487 983 710 588 1003 658 479 1002 708 588 1003 658 487 983 710 589 982 683 46 196 636 32 1004 635 34 984 634 32 1004 635 46 196 636 1021 910 634 669 198 633 1021 910 634 46 196 636 1021 910 634 669 198 633 729 187 638 550 1005 703 547 1006 705 548 1007 704 547 1006 705 550 1005 703 549 1008 702 552 1009 707 549 1008 702 550 1005 703 549 1008 702 552 1009 707 551 1010 706 595 975 650 122 901 652 119 902 651 122 901 652 595 975 650 596 965 649 278 1011 709 596 965 649 595 975 650 596 965 649 278 1011 709 279 966 712 567 1012 702 570 1013 707 569 1014 706 570 1013 707 567 1012 702 568 1015 703 565 1016 705 568 1015 703 567 1012 702 568 1015 703 565 1016 705 566 1017 704 573 1018 702 576 1019 707 575 1020 706 576 1019 707 573 1018 702 574 1021 703 571 1022 705 574 1021 703 573 1018 702 574 1021 703 571 1022 705 572 1023 704 562 1024 703 559 1025 705 560 1026 704 559 1025 705 562 1024 703 561 1027 702 564 1028 707 561 1027 702 562 1024 703 561 1027 702 564 1028 707 563 1029 706 556 1030 703 553 1031 705 554 1032 704 553 1031 705 556 1030 703 555 1033 702 558 1034 707 555 1033 702 556 1030 703 555 1033 702 558 1034 707 557 1035 706 46 196 636 459 1036 634 458 1037 633 459 1036 634 46 196 636 457 1038 635 1052 942 634 457 1038 635 46 196 636 289 1039 710 594 976 658 281 977 708 594 976 658 289 1039 710 595 975 650 278 1011 709 595 975 650 289 1039 710 40 1040 642 39 173 641 37 209 639 39 173 641 40 1040 642 42 1041 644 38 986 640 37 209 639 35 178 638 37 209 639 38 986 640 40 1040 642 42 1041 644 41 190 643 39 173 641 41 190 643 42 1041 644 44 1042 646 44 1042 646 45 208 645 41 190 643 45 208 645 44 1042 646 43 904 648 588 1003 658 257 887 659 587 980 654 257 887 659 588 1003 658 589 982 683 589 982 683 119 902 651 257 887 659 119 902 651 589 982 683 472 981 652 597 963 653 122 901 652 596 965 649 122 901 652 597 963 653 121 886 656 1053 1043 633 1052 942 634 46 196 636 1052 942 634 1053 1043 633 1054 940 638 291 964 713 599 961 655 598 962 672 599 961 655 291 964 713 280 978 709 1106 1044 694 1107 1045 633 1116 1046 634 1107 1045 633 1106 1044 694 1105 1047 695 516 1048 633 515 1049 694 517 1050 634 515 1049 694 516 1048 633 494 1051 695 1117 1052 705 1119 1053 703 1118 1054 704 1119 1053 703 1117 1052 705 1120 1055 702 521 1056 642 518 1057 697 519 1058 696 518 1057 697 521 1056 642 520 1059 641 1110 1060 642 1108 1061 697 1111 1062 641 1108 1061 697 1110 1060 642 1109 1063 696 1121 1064 707 1120 1055 702 1122 1065 706 1120 1055 702 1121 1064 707 1119 1053 703 1123 1066 705 1125 1067 703 1124 1068 704 1125 1067 703 1123 1066 705 1126 1069 702 1127 1070 707 1126 1069 702 1128 1071 706 1126 1069 702 1127 1070 707 1125 1067 703 1129 1072 705 1131 1073 703 1130 1074 704 1131 1073 703 1129 1072 705 1132 1075 702 1133 1076 707 1132 1075 702 1134 1077 706 1132 1075 702 1133 1076 707 1131 1073 703 1135 1078 705 1137 1079 703 1136 1080 704 1137 1079 703 1135 1078 705 1138 1081 702 1139 1082 707 1138 1081 702 1140 1083 706 1138 1081 702 1139 1082 707 1137 1079 703 1141 1084 705 1143 1085 703 1142 1086 704 1143 1085 703 1141 1084 705 1144 1087 702 1145 1088 707 1144 1087 702 1146 1089 706 1144 1087 702 1145 1088 707 1143 1085 703 1171 1090 719 1100 1091 667 1172 1092 721 1100 1091 667 1171 1090 719 1099 1093 669 1173 1094 724 1096 1095 662 1174 1096 723 1096 1095 662 1173 1094 724 1095 1097 663 1101 1098 664 1099 1093 669 1102 1099 668 1099 1093 669 1101 1098 664 1100 1091 667 1112 1100 701 1114 1101 699 1113 1102 700 1114 1101 699 1112 1100 701 1115 1103 698 1169 1104 726 1115 1103 698 1170 1105 725 1115 1103 698 1169 1104 726 1114 1101 699 1097 1106 661 1095 1097 663 1098 1107 660 1095 1097 663 1097 1106 661 1096 1095 662 460 912 638 459 1036 634 461 913 637 459 1036 634 460 912 638 458 1037 633 593 960 654 599 961 655 280 978 709 1147 1108 709 1070 1109 654 1148 1110 708 1070 1109 654 1147 1108 709 1069 1111 655 1082 1112 672 1069 1111 655 1147 1108 709 1069 1111 655 1082 1112 672 1068 1113 656 1067 1114 653 1068 1113 656 1082 1112 672 1068 1113 656 1067 1114 653 1064 1115 652 1066 1116 649 1064 1115 652 1067 1114 653 1064 1115 652 1066 1116 649 1065 1117 683 1150 1118 711 1065 1117 683 1066 1116 649 1065 1117 683 1150 1118 711 1149 1119 710 870 717 652 1027 1120 650 872 720 651 1027 1120 650 870 717 652 1028 1121 649 1029 1122 653 1028 1121 649 870 717 652 1028 1121 649 1029 1122 653 1157 1123 713 1043 1124 672 1157 1123 713 1029 1122 653 1157 1123 713 1043 1124 672 1030 1125 655 871 719 656 1030 1125 655 1043 1124 672 1030 1125 655 871 719 656 786 706 657 450 1126 674 447 1127 676 448 1128 675 447 1127 676 450 1126 674 449 1129 673 455 1130 678 449 1129 673 450 1126 674 449 1129 673 455 1130 678 456 1131 677 453 1132 681 456 1131 677 455 1130 678 456 1131 677 453 1132 681 454 1133 682 452 1134 680 454 1133 682 453 1132 681 454 1133 682 452 1134 680 451 1135 679 454 1133 682 491 1136 680 451 1135 679 491 1136 680 454 1133 682 492 1137 681 456 1131 677 492 1137 681 454 1133 682 492 1137 681 456 1131 677 493 1138 678 449 1129 673 493 1138 678 456 1131 677 493 1138 678 449 1129 673 490 1139 674 447 1127 676 490 1139 674 449 1129 673 490 1139 674 447 1127 676 489 1140 675 1065 1117 683 872 720 651 1064 1115 652 872 720 651 1065 1117 683 785 708 659 1071 1141 658 785 708 659 1065 1117 683 785 708 659 1071 1141 658 1070 1109 654 1148 1110 708 1070 1109 654 1071 1141 658 1066 1116 649 1151 1142 712 1150 1118 711 1151 1142 712 1066 1116 649 1152 1143 713 1067 1114 653 1152 1143 713 1066 1116 649 1152 1143 713 1067 1114 653 1082 1112 672 616 1144 667 285 1145 665 286 1146 664 285 1145 665 616 1144 667 617 1147 666 260 754 721 617 1147 666 616 1144 667 617 1147 666 260 754 721 282 755 722 615 1148 669 286 1146 664 287 1149 668 286 1146 664 615 1148 669 616 1144 667 259 762 719 616 1144 667 615 1148 669 616 1144 667 259 762 719 260 754 721 619 1150 671 287 1149 668 288 1151 670 287 1149 668 619 1150 671 615 1148 669 283 792 720 615 1148 669 619 1150 671 615 1148 669 283 792 720 259 762 719 618 1152 662 288 1151 670 284 1153 661 288 1151 670 618 1152 662 619 1150 671 204 791 723 619 1150 671 618 1152 662 619 1150 671 204 791 723 283 792 720 617 1147 663 284 1153 661 285 1145 660 284 1153 661 617 1147 663 618 1152 662 282 755 724 618 1152 662 617 1147 663 618 1152 662 282 755 724 204 791 723 612 1154 667 483 1155 665 484 1156 664 483 1155 665 612 1154 667 613 1157 666 475 1158 721 613 1157 666 612 1154 667 613 1157 666 475 1158 721 480 1159 722 611 1160 669 484 1156 664 485 1161 668 484 1156 664 611 1160 669 612 1154 667 474 1162 719 612 1154 667 611 1160 669 612 1154 667 474 1162 719 475 1158 721 610 1163 671 485 1161 668 486 1164 670 485 1161 668 610 1163 671 611 1160 669 481 1165 720 611 1160 669 610 1163 671 611 1160 669 481 1165 720 474 1162 719 614 1166 662 486 1164 670 482 1167 661 486 1164 670 614 1166 662 610 1163 671 473 1168 723 610 1163 671 614 1166 662 610 1163 671 473 1168 723 481 1165 720 613 1157 663 482 1167 661 483 1155 660 482 1167 661 613 1157 663 614 1166 662 480 1159 724 614 1166 662 613 1157 663 614 1166 662 480 1159 724 473 1168 723 1027 1120 650 785 708 659 872 720 651 785 708 659 1027 1120 650 1032 1169 658 1154 1170 710 1032 1169 658 1027 1120 650 1032 1169 658 1154 1170 710 1153 1171 708 1091 1172 691 1159 1173 715 1103 1174 693 1159 1173 715 1091 1172 691 1160 1175 714 1092 1176 690 1160 1175 714 1091 1172 691 1160 1175 714 1092 1176 690 1161 1177 716 625 1178 662 506 1179 724 499 1180 723 506 1179 724 625 1178 662 624 1181 663 508 1182 661 624 1181 663 625 1178 662 624 1181 663 508 1182 661 509 1183 660 623 1184 667 500 1185 719 501 1186 721 500 1185 719 623 1184 667 622 1187 669 510 1188 664 622 1187 669 623 1184 667 622 1187 669 510 1188 664 511 1189 668 621 1190 698 512 1191 726 523 1192 725 512 1191 726 621 1190 698 620 1193 699 522 1194 701 620 1193 699 621 1190 698 620 1193 699 522 1194 701 507 1195 700 1094 1196 688 1103 1174 693 1104 1197 692 1103 1174 693 1094 1196 688 1091 1172 691 1093 1198 689 1091 1172 691 1094 1196 688 1091 1172 691 1093 1198 689 1092 1176 690 1030 1125 655 1158 1199 709 1157 1123 713 1158 1199 709 1030 1125 655 1031 1200 654 786 706 657 1031 1200 654 1030 1125 655 1031 1200 654 786 706 657 785 708 659 786 706 657 1069 1111 655 1068 1113 656 1069 1111 655 786 706 657 1070 1109 654 785 708 659 1070 1109 654 786 706 657 1071 1141 658 1149 1119 710 1148 1110 708 1149 1119 710 1071 1141 658 1065 1117 683 1029 1122 653 871 719 656 1043 1124 672 871 719 656 1029 1122 653 870 717 652 1027 1120 650 1155 1201 709 1154 1170 710 1155 1201 709 1027 1120 650 1028 1121 649 1028 1121 649 1156 1202 712 1155 1201 709 1156 1202 712 1028 1121 649 1157 1123 713 1032 1169 658 1031 1200 654 785 708 659 1031 1200 654 1032 1169 658 1153 1171 708 1050 1203 682 491 1136 680 1086 1204 681 491 1136 680 1050 1203 682 451 1135 679 1049 1205 677 1086 1204 681 1085 1206 678 1086 1204 681 1049 1205 677 1050 1203 682 1050 1203 682 452 1134 680 1051 1207 681 452 1134 680 1050 1203 682 451 1135 679 1049 1205 677 1051 1207 681 1048 1208 678 1051 1207 681 1049 1205 677 1050 1203 682 1047 1209 673 1048 1208 678 1046 1210 674 1048 1208 678 1047 1209 673 1049 1205 677 1044 1211 676 1046 1210 674 1045 1212 675 1046 1210 674 1044 1211 676 1047 1209 673 1047 1209 673 1085 1206 678 1084 1213 674 1085 1206 678 1047 1209 673 1049 1205 677 1044 1211 676 1084 1213 674 1083 1214 675 1084 1213 674 1044 1211 676 1047 1209 673 1089 1215 685 1087 1216 687 1090 1217 684 1087 1216 687 1089 1215 685 1088 1218 686 1162 1219 718 1088 1218 686 1163 1220 717 1088 1218 686 1162 1219 718 1087 1216 687 1082 1112 672 1147 1108 709 1152 1143 713 1031 1200 654 1153 1171 708 1158 1199 709</p>
        </triangles>
      </mesh>
    </geometry>
  </library_geometries>
  <library_controllers>
    <controller id="mb-mesh-skin">
      <skin source="#mb-mesh">
        <bind_shape_matrix>1 0 0 0 0 1 0 0 0 0 1 0 0 0 0 1</bind_shape_matrix>
        <source id="mb-mesh-skin-joints">
          <Name_array id="mb-mesh-skin-joints-array" count="34">Bone1 Bone2 Bone3 Bone4 Bone5 Bone6 Bone7 Bone8 Bone9 Bone10 Bone11 Bone12 Bone13 Bone14 Bone15 Bone16 Bone17 Bone18 Bone19 Bone20 Bone21 Bone22 Bone23 Bone24 Bone25 Bone26 Bone27 Bone28 Bone29 Bone30 Bone31 Bone32 Bone33 Bone34</Name_array>
          <technique_common>
            <accessor source="#mb-mesh-skin-joints-array" count="34" stride="1">
              <param name="JOINT" type="Name"/>
            </accessor>
          </technique_common>
        </source>
        <source id="mb-mesh-skin-bind_poses">
          <float_array id="mb-mesh-skin-bind_poses-array" count="544">1 0 0 0 0 1 0 0 0 0 1 0 0 0 0 1 0.000024 0.25885 0.965918 21.6 -0.000003 0.965918 -0.25885 -140.375 -1 0.000003 0.000024 0.000977 0 0 0 1 0.000018 0.766031 0.642804 -86.4774 -0.000016 0.642804 -0.766031 -110.815 -1 0.000003 0.000024 0.000979 0 0 0 1 0.000018 0.766031 0.642804 -147.386 -0.000017 0.642804 -0.766031 -110.815 -1 0.000003 0.000025 0.000999 0 0 0 1 -0.000011 -0.939722 -0.34194 167.933 -1 -0.000029 0.000114 0.000477 -0.000118 0.34194 -0.939722 5.2965 0 0 0 1 0.000029 -1 0 99.5866 -1 -0.000029 0.000114 0.000485 -0.000114 0 -1 41.8732 0 0 0 1 0.000023 0.500055 0.865994 -134.224 -0.000009 0.865994 -0.500055 -166.764 -1 0.000003 0.000025 0.000999 0 0 0 1 0.000025 0.258943 0.965893 -127.421 -0.000002 0.965893 -0.258943 -206.777 -1 0.000003 0.000025 0.000892 0 0 0 1 0.000016 -0.642657 0.766154 88.6238 0.000018 0.766154 0.642657 -215.88 -1 0.000003 0.000024 0.001038 0 0 0 1 0.000016 -0.642657 0.766154 33.743 0.000018 0.766154 0.642657 -215.88 -1 0.000003 0.000024 0.001046 0 0 0 1 0.000136 -0.000136 1 -120.211 0.000000 1 0.000136 -208.075 -1 0.000000 0.000136 -0.011796 0 0 0 1 1 0.000037 0.000061 -33.8094 0.000037 -1 -0.00013 215.798 0.000061 0.00013 -1 -3.94594 0 0 0 1 0.999928 0.007879 -0.009003 -51.1338 0.009252 -0.032137 0.999441 10.3929 0.007585 -0.999453 -0.032207 215.18 0 0 0 1 0.999846 -0.011541 0.013197 -153.513 -0.01298 0.018686 0.999741 2.85445 -0.011784 -0.999759 0.018534 218.518 0 0 0 1 0.999846 -0.011541 0.013197 -228.004 -0.01298 0.018686 0.999741 2.85447 -0.011784 -0.999759 0.018534 219.969 0 0 0 1 0.935548 -0.352703 0.018739 -182.011 -0.01298 0.018686 0.999741 2.85445 -0.352962 -0.935549 0.012904 300.307 0 0 0 1 0.563949 -0.825496 0.022752 3.40743 -0.01298 0.018686 0.999741 2.85455 -0.825707 -0.564098 -0.000177 364.208 0 0 0 1 -1 -0.000037 -0.000062 -33.7906 0.000037 -1 -0.000745 215.799 -0.000062 -0.000745 1 4.07279 0 0 0 1 -0.999936 0.007887 -0.008089 -51.129 -0.008094 -0.000607 0.999967 3.64576 0.007882 0.999969 0.000671 -215.401 0 0 0 1 -0.999861 -0.011492 0.012124 -153.53 0.011741 0.03278 0.999394 -0.493855 -0.011882 0.999396 -0.032641 -218.521 0 0 0 1 -0.99986 -0.011492 0.012124 -228.021 0.011741 0.03278 0.999394 -0.49384 -0.011882 0.999396 -0.032641 -219.972 0 0 0 1 -0.935528 -0.352533 0.022554 -182.026 0.011741 0.03278 0.999394 -0.493912 -0.353059 0.935225 -0.026527 -300.317 0 0 0 1 -0.563877 -0.825171 0.033691 3.40044 0.011742 0.03278 0.999394 -0.49385 -0.825775 0.563931 -0.008795 -364.224 0 0 0 1 0.000095 0 -1 -57.2 0 1 0 -130 1 0 0.000095 0.005479 0 0 0 1 0.000095 0 -1 -86.0559 0 1 0 -130.002 1 0 0.000095 0.007005 0 0 0 1 0.241757 -0.911808 0.331903 124.826 -0.000226 0.341996 0.939701 19.2953 -0.970337 -0.227254 0.082473 65.9291 0 0 0 1 -0.094535 -0.934002 -0.344534 52.2983 0.161584 -0.355891 0.920452 57.9259 -0.982321 0.031344 0.184563 53.5921 0 0 0 1 0.4635 -0.374061 0.803272 37.8331 0.011683 0.90903 0.416567 7.28762 -0.88602 -0.183693 0.425706 68.8829 0 0 0 1 0.434142 -0.006387 0.900822 4.0582 -0.162756 0.982963 0.085408 6.22051 -0.88602 -0.183694 0.425706 68.8829 0 0 0 1 -0.241785 -0.911872 0.331708 124.821 0.000238 0.341795 0.939775 19.3279 -0.97033 0.227303 -0.082423 -65.9311 0 0 0 1 0.094504 -0.933931 -0.344735 52.2745 -0.161594 -0.356083 0.920376 57.947 -0.982322 -0.031273 -0.184569 -53.6011 0 0 0 1 -0.460664 -0.452014 0.763854 37.0736 -0.052006 0.872875 0.485164 10.5833 -0.88605 0.183772 -0.42561 -68.8926 0 0 0 1 -0.434068 -0.006489 0.900857 5.40471 0.162791 0.982947 0.085519 9.12415 -0.88605 0.183773 -0.425609 -68.8926 0 0 0 1 0.000027 0.766086 -0.642738 -163.153 -0.000032 0.642738 0.766086 -40.1603 1 0 0.000042 0.002447 0 0 0 1</float_array>
          <technique_common>
            <accessor source="#mb-mesh-skin-bind_poses-array" count="34" stride="16">
              <param name="TRANSFORM" type="float4x4"/>
            </accessor>
          </technique_common>
        </source>
        <source id="mb-mesh-skin-weights">
          <float_array id="mb-mesh-skin-weights-array" count="771">1 0.5 0.5 0.5 0.5 0.5 0.5 0.5 0.5 0.5 0.5 0.5 0.5 0.5 0.5 0.5 0.5 0.5 0.5 0.5 0.5 0.5 0.5 0.5 0.5 0.5 0.5 0.5 0.5 0.5 0.5 0.5 0.5 0.5 0.5 0.5 0.5 0.5 0.5 0.5 0.5 0.5 0.5 0.5 0.5 0.5 0.5 0.5 0.5 0.5 0.5 0.5 0.5 0.5 0.5 0.5 0.5 0.5 0.5 0.5 0.5 0.5 0.5 0.5 0.5 0.5 0.5 0.5 0.5 0.5 0.5 0.75 0.25 0.75 0.25 0.5 0.5 0.5 0.5 0.5 0.5 0.5 0.5 0.5 0.5 0.25 0.75 0.5 0.5 0.5 0.5 0.5 0.5 0.5 0.5 0.5 0.5 0.5 0.5 0.5 0.5 0.25 0.75 0.5 0.5 0.5 0.5 0.5 0.5 0.5 0.5 0.5 0.5 0.5 0.5 0.5 0.5 0.25 0.75 0.25 0.75 0.5 0.5 0.5 0.5 0.5 0.5 0.5 0.5 0.5 0.5 0.8 0.2 0.25 0.75 0.5 0.5 0.5 0.5 0.75 0.25 0.5 0.5 0.5 0.5 0.5 0.5 0.75 0.25 0.5 0.5 0.75 0.25 0.75 0.25 0.25 0.75 0.5 0.5 0.25 0.75 0.5 0.5 0.5 0.5 0.5 0.5 0.5 0.5 0.5 0.5 0.5 0.5 0.75 0.25 0.75 0.25 0.5 0.5 0.5 0.5 0.5 0.5 0.75 0.25 0.75 0.25 0.5 0.5 0.5 0.5 0.5 0.5 0.5 0.5 0.5 0.5 0.5 0.5 0.75 0.25 0.5 0.5 0.5 0.5 0.75 0.25 0.5 0.5 0.5 0.5 0.5 0.5 0.5 0.5 0.75 0.25 0.75 0.25 0.75 0.25 0.75 0.25 0.75 0.25 0.75 0.25 0.75 0.25 0.75 0.25 0.5 0.5 0.5 0.5 0.5 0.5 0.5 0.5 0.5 0.5 0.5 0.5 0.5 0.5 0.5 0.5 0.5 0.5 0.5 0.5 0.5 0.5 0.5 0.5 0.5 0.5 0.5 0.5 0.5 0.5 0.5 0.5 0.5 0.5 0.5 0.5 0.5 0.5 0.5 0.5 0.5 0.5 0.5 0.5 0.5 0.5 0.5 0.5 0.5 0.5 0.5 0.5 0.5 0.5 0.5 0.5 0.5 0.5 0.5 0.5 0.5 0.5 0.5 0.5 0.5 0.5 0.5 0.5 0.5 0.5 0.5 0.5 0.5 0.5 0.5 0.5 0.5 0.5 0.5 0.5 0.5 0.5 0.5 0.5 0.5 0.5 0.5 0.5 0.5 0.5 0.5 0.5 0.75 0.25 0.75 0.25 0.5 0.5 0.5 0.5 0.25 0.75 0.25 0.75 0.5 0.5 0.5 0.5 0.5 0.5 0.5 0.5 0.5 0.5 0.5 0.5 0.5 0.5 0.5 0.5 0.5 0.5 0.5 0.5 0.5 0.5 0.5 0.5 0.5 0.5 0.5 0.5 0.5 0.5 0.5 0.5 0.5 0.5 0.5 0.5 0.5 0.5 0.5 0.5 0.5 0.5 0.5 0.5 0.5 0.5 0.5 0.5 0.5 0.5 0.5 0.5 0.5 0.5 0.5 0.5 0.5 0.5 0.5 0.5 0.5 0.5 0.5 0.5 0.75 0.25 0.75 0.25 0.75 0.25 0.75 0.25 0.75 0.25 0.5 0.5 0.5 0.5 0.5 0.5 0.5 0.5 0.5 0.5 0.5 0.5 0.5 0.5 0.5 0.5 0.5 0.5 0.5 0.5 0.5 0.5 0.5 0.5 0.5 0.5 0.5 0.5 0.5 0.5 0.5 0.5 0.5 0.5 0.75 0.25 0.75 0.25 0.5 0.5 0.75 0.25 0.75 0.25 0.75 0.25 0.5 0.5 0.5 0.5 0.25 0.75 0.5 0.5 0.5 0.5 0.5 0.5 0.5 0.5 0.5 0.5 0.5 0.5 0.75 0.25 0.5 0.5 0.25 0.75 0.5 0.5 0.75 0.25 0.5 0.5 0.5 0.5 0.5 0.5 0.5 0.5 0.25 0.75 0.25 0.75 0.5 0.5 0.5 0.5 0.5 0.5 0.5 0.5 0.5 0.5 0.5 0.5 0.5 0.5 0.5 0.5 0.5 0.5 0.5 0.5 0.25 0.75 0.25 0.75 0.25 0.75 0.5 0.5 0.5 0.5 0.5 0.5 0.5 0.5 0.5 0.5 0.5 0.5 0.8 0.2 0.75 0.25 0.75 0.25 0.5 0.5 0.25 0.75 0.25 0.75 0.5 0.5 0.5 0.5 0.5 0.5 0.75 0.25 0.75 0.25 0.5 0.5 0.5 0.5 0.75 0.25 0.5 0.5 0.75 0.25 0.75 0.25 0.5 0.5 0.5 0.5 0.75 0.25 0.75 0.25 0.75 0.25 0.5 0.5 0.5 0.5 0.5 0.5 0.5 0.5 0.5 0.5 0.75 0.25 0.75 0.25 0.75 0.25 0.75 0.25 0.75 0.25 0.75 0.25 0.75 0.25 0.75 0.25 0.5 0.5 0.5 0.5 0.5 0.5 0.5 0.5 0.5 0.5 0.5 0.5 0.5 0.5 0.5 0.5 0.5 0.5 0.5 0.5 0.5 0.5 0.5 0.5 0.5 0.5 0.5 0.5 0.5 0.5 0.5 0.5 0.5 0.5 0.5 0.5 0.5 0.5 0.5 0.5 0.5 0.5 0.5 0.5 0.5 0.5 0.5 0.5 0.5 0.5 0.5 0.5 0.5 0.5 0.5 0.5 0.5 0.5 0.5 0.5 0.5 0.5 0.5 0.5 0.5 0.5 0.5 0.5 0.5 0.5 0.5 0.5 0.5 0.5 0.5 0.5 0.5 0.5 0.5 0.5 0.5 0.5 0.5 0.5 0.5 0.5 0.5 0.5 0.5 0.5 0.5 0.5 0.5 0.5 0.5 0.5 0.5 0.5 0.5 0.5 0.5 0.5 0.5 0.5 0.5 0.5 0.5 0.5 0.5 0.5 0.5 0.5 0.5 0.5 0.5 0.5 0.5 0.5 0.5 0.5 0.5 0.5 0.5 0.5 0.5 0.5 0.5 0.5 0.5 0.5 0.5 0.5 0.5 0.5 0.5 0.5 0.5 0.5 0.5 0.5 0.5 0.5 0.5 0.5 0.5 0.5 0.5 0.5 0.5 0.5 0.5 0.5 0.5 0.5 0.5 0.5 0.5 0.5 0.5 0.5 0.5 0.5 0.5 0.5 0.5 0.5 0.5 0.5</float_array>
          <technique_common>
            <accessor source="#mb-mesh-skin-weights-array" count="771" stride="1">
              <param name="WEIGHT" type="float"/>
            </accessor>
          </technique_common>
        </source>
        <joints>
          <input semantic="JOINT" source="#mb-mesh-skin-joints"/>
          <input semantic="INV_BIND_MATRIX" source="#mb-mesh-skin-bind_poses"/>
        </joints>
        <vertex_weights count="1187">
          <input semantic="JOINT" source="#mb-mesh-skin-joints" offset="0"/>
          <input semantic="WEIGHT" source="#mb-mesh-skin-weights" offset="1"/>
          <vcount>2 2 2 1 2 2 2 1 2 2 1 1 2 2 2 1 1 1 2 1 2 1 2 2 2 2 2 1 1 1 2 2 2 2 2 2 2 2 2 2 2 2 2 2 2 2 2 1 1 2 2 1 1 1 1 2 2 2 2 1 1 2 2 1 1 1 1 2 2 2 1 2 2 2 1 1 1 1 1 1 1 1 2 2 2 1 1 2 1 2 2 2 2 1 2 2 1 2 1 2 2 1 1 2 1 2 1 1 1 1 1 1 1 2 1 2 1 1 2 1 2 1 2 2 1 1 1 1 1 1 2 2 1 1 1 1 1 1 1 1 1 1 1 1 1 1 1 1 1 1 1 1 1 1 1 1 1 1 1 1 1 1 1 1 1 1 1 1 1 1 1 1 2 1 1 1 1 2 2 2 1 1 1 2 1 2 2 2 1 2 2 1 1 1 1 1 1 1 1 1 1 1 1 1 1 1 1 1 1 1 1 1 1 1 1 1 1 1 1 1 1 1 1 1 1 1 1 1 1 1 1 1 1 1 1 1 1 1 1 1 1 1 1 1 2 2 2 2 1 1 1 2 1 1 1 2 1 2 1 2 2 2 2 2 2 1 2 1 1 1 1 2 1 1 1 1 1 1 1 1 1 1 2 2 1 1 1 1 1 1 1 1 1 2 1 1 1 1 2 1 1 1 2 1 1 1 1 1 1 2 1 1 1 1 1 1 1 1 1 1 1 1 1 1 1 1 1 1 1 1 2 2 2 2 1 1 1 1 1 1 1 1 1 1 1 1 2 1 1 2 1 1 1 1 1 1 1 1 1 1 1 1 1 1 1 2 1 1 1 1 2 1 1 1 1 1 1 1 1 2 1 1 1 1 1 1 1 2 1 1 1 1 1 1 2 1 1 1 2 1 1 1 1 1 1 1 1 2 1 1 1 2 1 1 1 1 1 1 1 1 1 1 1 1 1 2 1 1 1 1 1 1 1 1 2 2 1 1 1 1 1 1 2 1 1 2 2 1 1 1 1 1 1 1 1 1 1 2 2 2 2 2 2 2 2 2 2 2 2 2 2 1 2 1 2 2 1 1 1 1 2 2 1 1 1 1 1 1 1 1 1 2 1 1 2 2 2 2 2 2 2 2 1 1 1 1 2 2 1 1 1 1 1 1 2 2 2 2 2 2 1 1 2 1 1 1 1 1 1 1 1 1 1 2 1 1 1 2 2 1 2 2 2 2 1 1 1 1 2 2 2 2 2 2 2 2 2 2 2 2 2 2 2 2 2 2 2 2 2 2 2 2 2 2 2 2 2 1 1 1 1 1 1 1 1 1 1 1 1 1 1 1 1 1 1 1 2 1 1 1 2 1 1 2 1 2 2 2 2 2 1 1 1 1 1 1 1 1 1 1 1 1 2 1 1 1 1 1 1 1 1 1 1 1 2 2 2 1 1 2 2 2 2 2 2 2 2 1 1 2 2 1 1 2 1 1 1 2 2 1 2 2 1 2 1 2 2 2 1 2 1 2 2 2 2 2 1 2 2 1 1 2 1 2 1 1 1 1 1 1 1 2 1 1 1 1 1 1 1 1 1 1 1 1 1 1 1 1 1 2 2 2 2 2 1 2 2 2 2 2 2 1 2 2 2 2 2 1 2 2 2 1 1 1 1 1 1 2 1 2 2 1 1 2 1 1 2 1 1 1 2 1 1 1 1 1 1 1 1 1 1 1 1 1 2 1 2 2 1 2 1 2 2 1 1 2 2 1 1 1 1 2 1 1 1 2 2 1 1 1 1 1 1 1 2 1 2 1 2 1 1 1 1 1 1 1 1 1 1 1 1 1 1 1 1 1 2 1 1 1 1 1 1 1 1 1 1 1 1 1 1 1 2 1 2 1 1 1 2 1 1 2 1 1 1 1 1 1 1 1 2 1 1 1 1 1 1 1 1 1 1 1 1 1 1 1 1 1 1 2 2 1 1 1 2 2 2 1 1 1 1 1 1 1 1 1 1 2 1 2 1 2 1 1 1 1 1 1 1 1 1 1 1 1 1 1 2 1 1 1 1 1 1 2 2 2 1 1 1 1 1 1 1 1 1 1 1 1 1 1 1 1 1 1 1 1 1 2 1 1 1 1 1 2 1 1 2 1 1 1 1 1 1 1 1 1 2 1 1 1 2 2 1 1 1 1 1 1 1 1 1 1 1 1 1 1 1 1 1 2 1 1 1 1 1 1 1 1 1 1 1 1 1 2 1 2 1 1 1 1 1 1 1 1 1 1 1 1 1 2 2 2 2 1 1 1 2 2 2 2 1 2 2 2 2 2 2 1 2 1 1 1 1 1 1 1 1 1 1 1 1 1 1 1 1 1 1 1 1 1 1 1 2 2 2 2 2 2 2 2 2 2 2 2 2 1 1 1 1 1 1 1 1 1 1 1 1 1 1 1 1 1 1 1 1 1 1 2 1 1 1 1 1 1 1 1 1 1 1 2 1 1 1 2 1 2 2 2 2 2 1 1 2 2 1 1 2 1 2 2 2 2 2 2 2 2 2 2 2 2 2 2 2 2 2 2 2 2 2 2 2 2 2 2 2 2 2 1 1 1 1 1 1 1 1 1 1 1 1 2 2 2 2 2 2 2 2 2 1 1 1 2 2 2 2 1 1 1 1 1 1 1 1 1 1 1 1 </vcount>
          <v>23 1 24 2 23 3 24 4 23 5 24 6 24 0 23 7 24 8 23 9 24 10 23 11 24 12 24 0 23 13 24 14 23 15 24 16 24 0 24 0 23 17 24 18 23 19 24 20 23 21 24 22 24 0 24 0 24 0 23 23 24 24 24 0 23 25 24 26 24 0 23 27 24 28 23 29 24 30 23 31 24 32 23 33 24 34 23 35 24 36 24 0 24 0 24 0 23 37 24 38 23 39 24 40 23 41 24 42 23 43 24 44 23 45 24 46 23 47 24 48 23 49 24 50 23 51 24 52 23 53 24 54 23 55 24 56 23 57 24 58 23 59 24 60 23 61 24 62 23 63 24 64 23 65 24 66 23 67 24 68 23 69 24 70 7 0 4 0 3 71 4 72 3 73 4 74 8 0 8 0 3 0 3 0 11 75 12 76 1 77 2 78 1 79 2 80 4 81 5 82 3 0 3 0 1 83 2 84 11 85 12 86 4 0 8 0 3 0 3 0 1 87 2 88 23 89 24 90 1 91 2 92 5 0 3 93 6 94 3 95 6 96 3 97 11 98 7 0 7 0 7 0 9 0 8 0 7 0 7 0 7 0 11 99 12 100 11 101 12 102 11 103 12 104 3 0 3 0 23 105 25 106 23 0 23 107 24 108 1 109 23 110 2 111 3 112 23 113 25 114 25 0 23 115 25 116 11 117 12 118 13 0 12 119 13 120 13 0 12 121 13 122 25 123 26 124 25 0 25 0 25 125 26 126 8 0 23 127 25 128 7 0 7 0 7 0 9 0 7 0 8 0 8 0 3 129 11 130 12 0 12 131 13 132 12 0 12 0 12 133 13 134 14 0 13 135 14 136 14 0 13 137 14 138 11 139 12 140 3 0 13 0 13 0 13 0 13 0 7 0 7 141 10 142 7 143 10 144 7 0 25 0 25 0 25 0 25 0 23 0 26 0 26 0 7 0 7 0 7 0 7 0 6 0 7 0 7 0 7 0 7 0 7 0 7 0 7 0 7 0 7 0 7 0 6 0 7 0 7 0 7 0 11 0 9 0 9 0 9 0 8 0 9 0 8 0 8 0 8 0 8 0 8 0 8 0 8 0 2 145 3 146 3 0 3 0 4 0 4 0 3 147 4 148 4 149 5 150 4 151 5 152 6 0 3 0 3 0 3 153 4 154 12 0 11 155 12 156 3 157 11 158 11 159 12 160 12 0 2 161 3 162 2 163 3 164 9 0 9 0 9 0 9 0 7 0 7 0 7 0 7 0 7 0 7 0 7 0 7 0 7 0 27 0 26 0 26 0 26 0 8 0 33 0 33 0 33 0 33 0 33 0 7 0 7 0 10 0 8 0 8 0 8 0 8 0 7 0 7 0 7 0 7 0 7 0 7 0 7 0 6 0 9 0 9 0 9 0 8 0 8 0 8 0 8 0 8 0 8 0 8 0 8 0 8 0 9 0 9 0 8 0 7 165 10 166 3 167 11 168 3 169 11 170 3 171 11 172 13 0 12 0 12 0 12 173 13 174 13 0 13 0 13 0 12 175 13 176 13 0 13 177 14 178 13 0 26 179 27 180 26 181 27 182 4 183 5 184 4 185 5 186 4 187 5 188 4 189 5 190 8 0 3 191 6 192 3 0 7 0 7 0 13 0 1 193 2 194 7 0 7 0 10 0 10 0 3 0 3 0 14 0 14 0 14 0 14 0 26 195 27 196 26 197 27 198 27 0 27 0 27 0 27 0 27 0 14 0 4 0 14 0 7 0 3 199 4 200 9 0 9 0 9 0 9 0 7 201 8 202 7 0 26 0 6 0 7 203 8 204 3 0 7 0 8 0 9 0 4 0 4 0 4 205 5 206 7 0 7 0 7 0 7 0 7 0 7 0 7 0 5 0 5 0 5 0 3 0 15 0 14 0 15 0 14 0 14 0 14 0 14 0 15 0 15 0 13 207 14 208 13 209 14 210 13 211 14 212 13 213 14 214 14 0 14 0 14 0 14 0 14 0 14 0 14 0 14 0 14 0 16 0 16 0 16 0 15 215 16 216 15 0 15 0 15 217 16 218 16 0 16 0 16 0 15 0 16 0 15 0 15 0 16 0 15 0 15 0 15 0 16 0 16 0 16 0 16 0 15 219 16 220 15 0 16 0 16 0 16 0 15 221 16 222 16 0 16 0 16 0 15 0 16 0 16 0 16 0 16 0 15 223 16 224 15 0 16 0 16 0 16 0 16 0 16 0 16 0 15 225 16 226 15 0 16 0 16 0 16 0 16 0 16 0 15 227 16 228 16 0 16 0 16 0 15 229 16 230 16 0 15 0 16 0 15 0 16 0 16 0 14 0 14 0 13 231 14 232 27 0 27 0 27 0 27 233 28 234 27 0 27 0 27 0 27 0 28 0 28 0 28 0 28 0 27 0 27 0 27 0 27 0 27 0 26 235 27 236 27 0 28 0 28 0 28 0 27 0 28 0 28 0 28 0 26 237 27 238 26 239 27 240 27 0 27 0 28 0 27 0 27 0 27 0 27 241 28 242 28 0 28 0 26 243 27 244 26 245 27 246 6 0 3 0 6 0 3 0 6 0 3 0 3 0 6 0 3 0 6 0 23 247 24 248 23 249 24 250 23 251 24 252 23 253 24 254 23 255 24 256 23 257 24 258 23 259 24 260 23 261 24 262 23 263 24 264 23 265 24 266 23 267 24 268 23 269 24 270 23 271 24 272 23 273 24 274 14 0 13 275 14 276 27 0 26 277 27 278 26 279 27 280 14 0 14 0 14 0 14 0 26 281 27 282 26 283 27 284 27 0 27 0 27 0 27 0 27 0 14 0 14 0 6 0 3 0 3 285 6 286 3 0 6 0 23 287 24 288 13 289 14 290 13 291 14 292 13 293 14 294 13 295 14 296 26 297 27 298 26 299 27 300 26 301 27 302 14 0 14 0 14 0 14 0 26 303 27 304 26 305 27 306 27 0 27 0 27 0 27 0 27 0 14 0 13 307 14 308 23 309 24 310 23 311 24 312 23 313 24 314 23 315 24 316 23 317 24 318 23 0 24 0 26 319 27 320 27 0 7 0 7 0 7 0 7 0 7 0 7 0 7 0 10 0 10 0 7 321 10 322 10 0 10 0 8 0 2 323 3 324 2 325 3 326 3 0 3 327 11 328 11 329 12 330 11 331 12 332 11 333 12 334 12 0 25 0 7 0 23 0 23 335 24 336 23 337 25 338 23 339 24 340 23 341 24 342 23 343 24 344 23 345 24 346 23 347 24 348 23 349 24 350 23 351 24 352 23 353 24 354 23 355 24 356 23 357 24 358 23 359 24 360 23 361 24 362 23 363 24 364 23 365 24 366 23 367 24 368 23 369 24 370 23 371 24 372 23 373 24 374 23 375 24 376 23 377 24 378 23 379 24 380 23 381 24 382 23 383 24 384 23 385 24 386 23 387 24 388 23 389 24 390 23 391 24 392 9 0 7 0 8 0 7 0 7 0 7 0 7 0 7 0 7 0 14 0 14 0 14 0 14 0 14 0 14 0 14 0 14 0 14 0 14 0 13 393 14 394 14 0 14 0 14 0 13 395 14 396 14 0 14 0 13 397 14 398 14 0 26 399 27 400 26 401 27 402 26 403 27 404 26 405 27 406 26 407 27 408 27 0 27 0 27 0 27 0 27 0 27 0 27 0 27 0 27 0 27 0 27 0 27 0 26 409 27 410 27 0 27 0 27 0 7 0 7 0 7 0 7 0 7 0 7 0 7 0 7 0 23 411 24 412 23 413 24 414 23 415 24 416 24 0 24 0 23 417 24 418 23 419 24 420 23 421 24 422 23 423 24 424 23 425 24 426 23 427 24 428 23 429 24 430 23 431 24 432 24 0 24 0 23 433 24 434 23 435 24 436 24 0 24 0 23 437 24 438 24 0 24 0 24 0 23 439 24 440 23 441 24 442 4 0 3 443 4 444 3 445 4 446 3 0 3 447 17 448 3 0 4 449 5 450 4 451 5 452 3 453 4 454 23 0 23 455 24 456 29 0 17 457 18 458 17 459 18 460 17 461 18 462 1 463 2 464 23 465 29 466 23 0 2 467 3 468 1 469 2 470 8 0 8 0 23 471 24 472 3 0 3 473 4 474 7 0 7 0 7 0 7 0 3 0 8 0 3 0 7 475 10 476 8 0 7 0 8 0 7 0 7 0 7 0 9 0 8 0 9 0 6 0 7 0 7 0 7 0 7 0 6 0 3 0 3 0 17 477 18 478 17 479 18 480 17 481 18 482 3 483 17 484 3 485 17 486 17 0 3 487 17 488 17 489 18 490 17 491 18 492 17 493 18 494 3 495 17 496 1 497 2 498 3 0 23 499 24 500 23 501 29 502 23 503 29 504 23 505 24 506 23 507 29 508 3 0 2 509 3 510 23 511 24 512 23 513 24 514 29 0 29 0 29 0 29 0 18 0 3 0 17 515 18 516 18 0 17 517 18 518 17 519 18 520 18 0 7 0 7 521 8 522 7 0 29 0 29 523 30 524 30 0 29 0 30 0 29 525 30 526 30 0 30 0 30 0 8 0 9 0 8 0 8 0 7 0 7 0 8 0 8 0 7 0 7 0 3 527 6 528 8 0 7 529 8 530 3 531 17 532 19 0 18 533 19 534 18 0 18 535 19 536 18 537 19 538 19 0 18 0 18 539 19 540 18 541 19 542 19 0 19 0 19 0 19 0 18 543 19 544 18 0 3 0 19 0 19 545 20 546 19 547 20 548 19 0 19 0 19 0 19 0 19 0 7 0 10 0 7 549 10 550 7 0 30 551 31 552 30 0 30 553 31 554 7 0 7 0 7 0 7 0 7 0 7 0 7 0 7 0 7 0 7 0 7 0 7 0 6 0 7 0 7 0 7 0 3 0 3 555 17 556 8 0 8 0 9 0 9 0 9 0 9 0 8 0 8 0 8 0 8 0 8 0 3 0 3 0 7 0 7 0 2 557 3 558 3 0 3 559 4 560 4 0 4 0 4 0 4 561 5 562 6 0 3 0 2 563 3 564 5 0 9 0 9 0 9 0 8 0 7 0 7 0 7 0 30 565 31 566 29 0 33 0 8 0 7 0 7 0 7 0 7 0 7 0 7 0 9 0 9 0 9 0 8 0 8 0 8 0 8 0 18 0 18 0 7 567 10 568 19 569 20 570 20 0 20 0 19 0 30 571 31 572 30 573 31 574 4 575 5 576 10 0 10 0 7 0 8 0 7 0 7 0 7 0 7 0 7 0 7 0 19 577 20 578 20 0 19 579 20 580 20 0 19 581 20 582 20 0 20 0 21 0 21 0 20 0 20 0 20 0 20 0 20 0 21 0 21 0 21 0 21 0 20 0 19 583 20 584 20 0 20 0 20 0 21 0 20 0 20 0 19 585 20 586 21 587 22 588 21 589 22 590 22 0 22 0 22 0 22 0 22 0 22 0 20 0 21 0 21 0 21 0 21 0 21 0 22 0 22 0 22 0 22 0 22 0 22 0 22 0 22 0 21 0 21 591 22 592 21 0 22 0 22 0 22 0 22 0 21 593 22 594 22 0 22 0 21 595 22 596 21 0 22 0 22 0 22 0 22 0 22 0 22 0 22 0 22 0 21 597 22 598 21 0 22 0 22 0 21 599 22 600 21 601 22 602 22 0 22 0 22 0 22 0 22 0 22 0 22 0 22 0 21 0 21 0 22 0 22 0 31 0 31 0 31 0 31 0 31 0 31 603 32 604 31 0 31 0 31 0 31 0 31 0 32 0 32 0 32 0 31 0 32 0 31 0 32 0 32 0 31 605 32 606 32 0 30 607 31 608 31 0 31 0 31 0 31 0 31 0 31 0 31 0 32 0 32 0 32 0 32 0 32 0 32 0 30 609 31 610 30 611 31 612 30 613 31 614 30 615 31 616 10 0 7 0 7 0 30 617 31 618 30 619 31 620 30 621 31 622 30 623 31 624 31 0 23 625 24 626 23 627 24 628 23 629 24 630 23 631 24 632 23 633 24 634 23 635 24 636 20 0 19 637 20 638 20 0 20 0 20 0 20 0 31 0 31 0 31 0 31 0 31 0 31 0 31 0 31 0 31 0 31 0 20 0 6 0 3 0 3 0 6 0 3 0 6 0 6 0 3 0 23 639 24 640 23 641 24 642 23 643 24 644 23 645 24 646 23 647 24 648 23 649 24 650 23 651 24 652 23 653 24 654 23 655 24 656 23 657 24 658 23 659 24 660 23 661 24 662 19 663 20 664 20 0 20 0 20 0 20 0 20 0 20 0 20 0 31 0 31 0 31 0 31 0 31 0 31 0 31 0 31 0 31 0 31 0 20 0 6 0 3 0 6 0 3 0 19 665 20 666 20 0 20 0 20 0 20 0 20 0 20 0 20 0 31 0 31 0 31 0 31 0 30 667 31 668 31 0 31 0 31 0 19 669 20 670 20 0 23 671 24 672 23 673 24 674 23 675 24 676 23 677 24 678 23 679 24 680 24 0 23 0 30 681 31 682 30 683 31 684 31 0 31 0 23 685 24 686 23 0 23 687 24 688 23 689 24 690 23 691 29 692 23 693 24 694 23 695 24 696 23 697 24 698 23 699 24 700 23 701 24 702 23 703 24 704 23 705 24 706 23 707 24 708 23 709 24 710 23 711 24 712 23 713 24 714 23 715 24 716 23 717 24 718 23 719 24 720 23 721 24 722 23 723 24 724 23 725 24 726 23 727 24 728 23 729 24 730 23 731 24 732 23 733 24 734 23 735 24 736 23 737 24 738 23 739 24 740 23 741 24 742 23 743 24 744 20 0 20 0 20 0 20 0 20 0 20 0 20 0 20 0 20 0 20 0 20 0 20 0 19 745 20 746 19 747 20 748 19 749 20 750 19 751 20 752 19 753 20 754 30 755 31 756 30 757 31 758 30 759 31 760 30 761 31 762 31 0 31 0 31 0 30 763 31 764 30 765 31 766 30 767 31 768 30 769 31 770 7 0 7 0 7 0 7 0 7 0 7 0 7 0 7 0 7 0 7 0 7 0 7 0</v>
        </vertex_weights>
      </skin>
    </controller>
  </library_controllers>
  <library_visual_scenes>
    <visual_scene id="mb.max" name="mb_max">
      <node id="mb-node" name="mb" type="NODE">
        <instance_controller url="#mb-mesh-skin">
          <skeleton>#mb_world_root-node</skeleton>
          <bind_material>
            <technique_common>
              <instance_material symbol="SC_eye_m" target="#SC_eye_m">
                <bind_vertex_input semantic="CHANNEL1" input_semantic="TEXCOORD" input_set="1"/>
              </instance_material>
              <instance_material symbol="body_m" target="#body_m">
                <bind_vertex_input semantic="CHANNEL1" input_semantic="TEXCOORD" input_set="1"/>
              </instance_material>
              <instance_material symbol="nuki_m" target="#nuki_m">
                <bind_vertex_input semantic="CHANNEL1" input_semantic="TEXCOORD" input_set="1"/>
              </instance_material>
            </technique_common>
          </bind_material>
        </instance_controller>
      </node>
      <node id="mb_Character-node" name="mb_Character" type="NODE">
        <translate>0 0 0</translate>
        <rotate>-1 0 0 -90</rotate>
        <node id="mb_Character-node_PIVOT" name="mb_Character_PIVOT" type="NODE">
          <matrix>1 0 0 0 0 1 0 0 0 0 1 0 0 0 0 1</matrix>
          <extra>
            <technique profile="MAX3D">
              <helper>
                <bounding_min>-98.4451 -101.561 0</bounding_min>
                <bounding_max>96.0873 92.9718 0.0001</bounding_max>
              </helper>
            </technique>
          </extra>
        </node>
        <node id="mb_world_root-node" name="mb_world_root" sid="Bone1" type="JOINT">
          <translate>0 0 0</translate>
          <node id="mb_backbone_1-node" name="mb_backbone_1" sid="Bone2" type="JOINT">
            <translate>0 130 -57.2</translate>
            <rotate>0.129445 0.983101 -0.129445 -90.975</rotate>
            <node id="mb_backbone_2-node" name="mb_backbone_2" sid="Bone3" type="JOINT">
              <translate>28.8847 -0.000015 -0.000001</translate>
              <rotate>0 0 -1 -34.997</rotate>
              <node id="mb_backbone_3-node" name="mb_backbone_3" sid="Bone4" type="JOINT">
                <translate>60.9084 0.000022 0.000002</translate>
                <node id="mb_breast_1-node" name="mb_breast_1" sid="Bone5" type="JOINT">
                  <translate>12.2252 -58.3389 0.000015</translate>
                  <rotate>-0.123756 0.701637 0.701705 -165.889</rotate>
                  <node id="mb_breast_2-node" name="mb_breast_2" sid="Bone6" type="JOINT">
                    <translate>60.0309 -0.000007 -0.000015</translate>
                    <rotate>0 -1 0 -19.9951</rotate>
                  </node>
                </node>
                <node id="mb_neck-node" name="mb_neck" sid="Bone7" type="JOINT">
                  <translate>35.7704 -0.000022 0</translate>
                  <rotate>0 0 1 -19.9951</rotate>
                  <node id="mb_head-node" name="mb_head" sid="Bone8" type="JOINT">
                    <translate>42.3626 0.00003 0.000015</translate>
                    <rotate>0.000001 -0.000000 1 -14.9963</rotate>
                    <node id="mb_chin_1-node" name="mb_chin_1" sid="Bone9" type="JOINT">
                      <translate>-1.42328 -10.3517 -0.000007</translate>
                      <rotate>-0.000000 0.000000 1 -54.9976</rotate>
                      <node id="mb_chin_2-node" name="mb_chin_2" sid="Bone10" type="JOINT">
                        <translate>54.8808 -0.000015 -0.000007</translate>
                      </node>
                    </node>
                    <node id="mb_mouth-node" name="mb_mouth" sid="Bone11" type="JOINT">
                      <translate>42.5923 -36.9501 0</translate>
                      <rotate>-0.000068 -0.000421 1 -15.0152</rotate>
                    </node>
                  </node>
                </node>
                <node id="mb_shoulder_L-node" name="mb_shoulder_L" sid="Bone12" type="JOINT">
                  <translate>15.4074 30.901 -33.8</translate>
                  <rotate>0.671569 -0.313186 -0.671498 -145.22</rotate>
                  <node id="mb_arm_L_1-node" name="mb_arm_L_1" sid="Bone13" type="JOINT">
                    <translate>15.6 0.0018 0.002286</translate>
                    <rotate>0.999963 0.00076 0.008581 -88.1659</rotate>
                    <node id="mb_arm_L_2-node" name="mb_arm_L_2" sid="Bone14" type="JOINT">
                      <translate>106.707 -0.000045 -0.00003</translate>
                      <rotate>0.864711 0.328127 -0.380274 -3.36524</rotate>
                      <node id="mb_hand_L_1-node" name="mb_hand_L_1" sid="Bone15" type="JOINT">
                        <translate>74.4912 0.00003 -1.45107</translate>
                        <node id="mb_hand_L_2-node" name="mb_hand_L_2" sid="Bone16" type="JOINT">
                          <translate>45.7227 0.000015 0.00003</translate>
                          <rotate>0 1 0 -19.9951</rotate>
                          <node id="mb_hand_L_3-node" name="mb_hand_L_3" sid="Bone17" type="JOINT">
                            <translate>24.0834 0 0</translate>
                            <rotate>-0.000000 1 -0.000000 -34.997</rotate>
                          </node>
                        </node>
                      </node>
                    </node>
                  </node>
                </node>
                <node id="mb_shoulder_R-node" name="mb_shoulder_R" sid="Bone18" type="JOINT">
                  <translate>15.4074 30.901 33.8</translate>
                  <rotate>0.671445 -0.313413 0.671516 -214.803</rotate>
                  <node id="mb_arm_R_1-node" name="mb_arm_R_1" sid="Bone19" type="JOINT">
                    <translate>15.6 0.000549 0.000392</translate>
                    <rotate>-0.999968 -0.000056 0.007975 -90.0079</rotate>
                    <node id="mb_arm_R_2-node" name="mb_arm_R_2" sid="Bone20" type="JOINT">
                      <translate>106.707 -0.000000 0.000076</translate>
                      <rotate>-0.765877 -0.452374 -0.456936 -2.49552</rotate>
                      <node id="mb_hand_R_1-node" name="mb_hand_R_1" sid="Bone21" type="JOINT">
                        <translate>74.4912 -0.000014 1.45107</translate>
                        <node id="mb_hand_R_2-node" name="mb_hand_R_2" sid="Bone22" type="JOINT">
                          <translate>45.7227 0.000045 0.00003</translate>
                          <rotate>-0.000000 -1 0 -19.9951</rotate>
                          <node id="mb_hand_R_3-node" name="mb_hand_R_3" sid="Bone23" type="JOINT">
                            <translate>24.0835 -0.000014 0</translate>
                            <rotate>0 -1 -0.000000 -34.9969</rotate>
                          </node>
                        </node>
                      </node>
                    </node>
                  </node>
                </node>
              </node>
            </node>
          </node>
          <node id="mb_waist-node" name="mb_waist" sid="Bone24" type="JOINT">
            <translate>0 130 -57.2</translate>
            <rotate>0 -1 0 -89.9945</rotate>
            <node id="mb_leg_L_1-node" name="mb_leg_L_1" sid="Bone26" type="JOINT">
              <translate>7.80246 -7.79933 33.7996</translate>
              <rotate>-0.572162 0.817125 -0.070269 -168.552</rotate>
              <node id="mb_leg_L_2-node" name="mb_leg_L_2" sid="Bone27" type="JOINT">
                <translate>59.6819 -0.000022 0.000015</translate>
                <rotate>0.130809 0.340812 0.930986 -44.8096</rotate>
                <node id="mb_leg_L_3-node" name="mb_leg_L_3" sid="Bone28" type="JOINT">
                  <translate>50.9653 0.000011 -0.000019</translate>
                  <rotate>0.110092 -0.213748 -0.970666 -89.0324</rotate>
                  <node id="mb_leg_L_4-node" name="mb_leg_L_4" sid="Bone29" type="JOINT">
                    <translate>36.4 -0.00002 0.000015</translate>
                    <rotate>-0.000000 0 -1 -21.9946</rotate>
                  </node>
                </node>
              </node>
            </node>
            <node id="mb_hip-node" name="mb_hip" sid="Bone25" type="JOINT">
              <translate>28.8559 0.002471 -0.001525</translate>
            </node>
            <node id="mb_leg_R_1-node" name="mb_leg_R_1" sid="Bone30" type="JOINT">
              <translate>7.79889 -7.79933 -33.8004</translate>
              <rotate>-0.572237 0.817065 0.070347 -191.439</rotate>
              <node id="mb_leg_R_2-node" name="mb_leg_R_2" sid="Bone31" type="JOINT">
                <translate>59.6818 -0.00003 0</translate>
                <rotate>-0.130809 -0.340812 0.930987 -44.8096</rotate>
                <node id="mb_leg_R_3-node" name="mb_leg_R_3" sid="Bone32" type="JOINT">
                  <translate>50.9653 0 0.000007</translate>
                  <rotate>-0.124753 0.218281 -0.967879 -84.1859</rotate>
                  <node id="mb_leg_R_4-node" name="mb_leg_R_4" sid="Bone33" type="JOINT">
                    <translate>36.4 -0.000003 0.000015</translate>
                    <rotate>0.000000 0 -1 -26.9989</rotate>
                  </node>
                </node>
              </node>
            </node>
            <node id="mb_tail-node" name="mb_tail" sid="Bone34" type="JOINT">
              <translate>16.8982 20.8015 -0.000892</translate>
              <rotate>-0.000026 -0.000056 -1 -50.0037</rotate>
            </node>
          </node>
        </node>
      </node>
      <node id="VisualSceneNode" type="NODE">
        <instance_light url="#ambient-environment-light"/>
      </node>
      <extra>
        <technique profile="FCOLLADA">
          <start_time>0</start_time>
          <end_time>3.33333</end_time>
        </technique>
      </extra>
      <extra>
        <technique profile="MAX3D">
          <frame_rate>30</frame_rate>
        </technique>
      </extra>
    </visual_scene>
  </library_visual_scenes>
  <scene>
    <instance_visual_scene url="#mb.max"/>
  </scene>
</COLLADA>
