<?xml version="1.0" encoding="utf-8"?>
<COLLADA xmlns="http://www.collada.org/2005/11/COLLADASchema" version="1.4.1" xmlns:xsi="http://www.w3.org/2001/XMLSchema-instance">
  <asset>
    <contributor>
      <author>Blender User</author>
      <authoring_tool>Blender 3.1.2 commit date:2022-03-31, commit time:17:40, hash:cc66d1020c3b</authoring_tool>
    </contributor>
    <created>2023-06-15T12:21:07</created>
    <modified>2023-06-15T12:21:07</modified>
    <unit name="meter" meter="1"/>
    <up_axis>Z_UP</up_axis>
  </asset>
  <library_effects>
    <effect id="Mt_Ice-effect">
      <profile_COMMON>
        <newparam sid="CmnTex_93f4ca8f7e74888a4c1a35f2d82f5f1a_png-surface">
          <surface type="2D">
            <init_from>CmnTex_93f4ca8f7e74888a4c1a35f2d82f5f1a_png</init_from>
          </surface>
        </newparam>
        <newparam sid="CmnTex_93f4ca8f7e74888a4c1a35f2d82f5f1a_png-sampler">
          <sampler2D>
            <source>CmnTex_93f4ca8f7e74888a4c1a35f2d82f5f1a_png-surface</source>
          </sampler2D>
        </newparam>
        <technique sid="common">
          <lambert>
            <emission>
              <color sid="emission">0 0 0 1</color>
            </emission>
            <diffuse>
              <texture texture="CmnTex_93f4ca8f7e74888a4c1a35f2d82f5f1a_png-sampler" texcoord="Ice_Horn__Mt_Ice-texcoord"/>
            </diffuse>
            <index_of_refraction>
              <float sid="ior">1.45</float>
            </index_of_refraction>
          </lambert>
        </technique>
      </profile_COMMON>
    </effect>
  </library_effects>
  <library_images>
    <image id="CmnTex_93f4ca8f7e74888a4c1a35f2d82f5f1a_png" name="CmnTex_93f4ca8f7e74888a4c1a35f2d82f5f1a_png">
      <init_from>CmnTex_93f4ca8f7e74888a4c1a35f2d82f5f1a.png</init_from>
    </image>
  </library_images>
  <library_materials>
    <material id="Mt_Ice-material" name="Mt_Ice">
      <instance_effect url="#Mt_Ice-effect"/>
    </material>
  </library_materials>
  <library_geometries>
    <geometry id="Ice_Horn__Mt_Ice-mesh" name="Ice_Horn__Mt_Ice">
      <mesh>
        <source id="Ice_Horn__Mt_Ice-mesh-positions">
          <float_array id="Ice_Horn__Mt_Ice-mesh-positions-array" count="3414">0.1600342 1.415039 0.05218505 0.1043091 1.488281 0.1047363 0.1094971 1.485352 -0.1308594 -0.1607666 1.422852 -0.003978729 -0.1026 1.485352 -0.1246948 -0.09680175 1.488281 0.1044922 -0.6542969 3.478516 0.8603516 -0.5625 3.486328 0.8754883 -0.6464844 3.636719 0.9370117 -0.5112305 3.261719 0.9487305 0.002502441 0.3085938 0.3469238 -0.119873 0.3303223 0.3095703 0.002502441 0.3164063 0.2493896 -0.1118774 0.342041 0.2279053 0.002502441 0.3920898 0.2084961 -0.09893798 0.4445801 0.1809082 0.002502441 0.4780273 0.1176758 -0.09893798 0.5161133 0.1151733 0.002502441 0.5024414 0.06185913 -0.09893798 0.5380859 0.07757568 -0.09893798 0.4626465 -0.01465606 0.002502441 0.434082 -0.01465606 0.002502441 0.4584961 -0.08502197 -0.09893798 0.4702148 -0.09649658 -0.09893798 0.4228516 -0.1533203 0.002502441 0.4152832 -0.151123 -0.09893798 0.404541 -0.2102051 0.002502441 0.3920898 -0.237793 -0.1043091 0.4399414 -0.270752 0.002502441 0.4006348 -0.2956543 -0.1129761 0.3549805 -0.2961426 0.002502441 0.3356934 -0.3076172 -0.119873 0.3303223 -0.3388672 0.002502441 0.3085938 -0.3762207 -0.1505126 2.654297 0.08288574 0.02033996 2.679688 0.1949463 -0.06677246 2.576172 0.2337646 0.0465393 2.726563 0.1491699 -0.1425781 2.703125 0.06964111 0.02737426 2.867188 0.08917236 -0.1711426 2.775391 0.06744384 -0.140625 2.898438 0.07659912 -0.0175476 3.042969 0.1937256 -0.06015014 2.574219 0.2583008 0.053833 2.705078 0.2160645 -0.1799316 2.654297 0.0793457 -0.151123 2.701172 0.07843017 0.06506347 2.738281 0.1525879 -0.1795654 2.773438 0.07629394 -0.1402588 2.910156 0.08459472 0.04891967 2.878906 0.09716796 -0.1539307 1.895508 -0.1900635 -0.2357178 1.975586 -0.5786133 -0.08575439 1.881836 -0.2558594 -0.2626953 2.052734 -0.640625 -0.1561279 2.058594 -0.1652832 -0.2556152 2.142578 -0.6230469 -0.3496094 2.183594 -0.6635742 -0.3481445 2.349609 -0.5307617 -0.3342285 2.347656 -0.7709961 -0.1378174 2.226563 -0.1818848 -0.1965332 2.359375 -0.5541992 0.01325988 2.226563 -0.1947021 0.2019042 1.414063 0.05950927 0.1094971 1.485352 -0.1308594 0.1043091 1.488281 0.1047363 -0.02781677 1.488281 0.1223145 0.03903198 1.454102 -0.1853027 -0.1026 1.485352 -0.1246948 -0.09680175 1.488281 0.1044922 0.1248779 0.3303223 -0.3388672 0.002502441 0.3356934 -0.3076172 0.002502441 0.3085938 -0.3762207 0.117981 0.3549805 -0.2961426 0.002502441 0.4006348 -0.2956543 0.109314 0.4399414 -0.270752 0.002502441 0.3920898 -0.237793 0.1039429 0.404541 -0.2102051 0.002502441 0.4152832 -0.151123 0.1039429 0.4228516 -0.1533203 0.002502441 0.4584961 -0.08502197 0.1039429 0.4702148 -0.09649658 0.1039429 0.4626465 -0.01465606 0.002502441 0.434082 -0.01465606 0.002502441 0.5024414 0.06185913 0.1039429 0.5380859 0.07757568 0.1039429 0.5161133 0.1151733 0.002502441 0.4780273 0.1176758 0.1039429 0.4445801 0.1809082 0.002502441 0.3920898 0.2084961 0.1168823 0.342041 0.2279053 0.002502441 0.3164063 0.2493896 0.1248779 0.3303223 0.3095703 0.002502441 0.3085938 0.3469238 0.1043091 1.488281 0.1047363 -0.02781677 1.488281 0.1223145 0.1094971 1.485352 -0.1308594 0.03427124 1.436523 -0.1676025 -0.1026 1.485352 -0.1246948 -0.09680175 1.488281 0.1044922 0.02546691 1.895508 -0.2695313 -0.08575439 1.881836 -0.2558594 -0.2357178 1.975586 -0.5786133 -0.2626953 2.052734 -0.640625 -0.01593017 2.021484 -0.2668457 0.0314331 2.080078 -0.2122803 -0.2556152 2.142578 -0.6230469 -0.1148071 2.216797 -0.5976563 0.01325988 2.226563 -0.1947021 -0.1965332 2.359375 -0.5541992 -0.3342285 2.347656 -0.7709961 -0.2349854 2.203125 -0.6855469 -0.3496094 2.183594 -0.6635742 -0.6464844 3.636719 0.9370117 -0.5292969 3.662109 0.7094727 -0.6098633 3.712891 0.7602539 -0.435791 3.486328 0.8286133 -0.5625 3.486328 0.8754883 -0.5112305 3.261719 0.9487305 -0.4689941 3.597656 0.6196289 -0.3286133 3.150391 0.8427734 -0.3337402 3.439453 0.8066406 -0.2388916 3.271484 0.6196289 -0.1173096 3.037109 0.2736816 -0.2563477 3.222656 0.828125 -0.07995605 2.982422 0.371582 -0.1722412 3.041016 0.6118164 -0.2319336 3.019531 0.7358398 -0.01942443 2.960938 0.3352051 -0.0175476 3.042969 0.1937256 0.02737426 2.867188 0.08917236 0.0465393 2.726563 0.1491699 0.02033996 2.679688 0.1949463 -0.06982421 2.755859 0.2624512 -0.1290283 2.689453 0.263916 -0.06677246 2.576172 0.2337646 -0.1502686 2.744141 0.2961426 -0.2817383 2.953125 0.6357422 -0.298584 2.826172 0.8759766 -0.2391357 2.935547 0.9301758 -0.378418 2.900391 1.05957 -0.3483887 3.035156 0.9750977 0.0982666 2.382813 -0.1611328 -0.0682373 2.466797 0.09375 -0.07788085 2.416016 -0.1379395 -0.1352539 2.464844 -0.01986694 -0.08166503 2.496094 0.1026 -0.0838623 2.623047 -0.1678467 -0.1799316 2.654297 0.0793457 -0.2062988 2.71875 -0.04675292 -0.151123 2.701172 0.07843017 -0.1585693 2.765625 -0.04516601 -0.05102539 2.667969 -0.1717529 -0.1795654 2.773438 0.07629394 -0.04830932 2.751953 -0.2097167 -0.1898193 2.859375 -0.05657958 -0.1530762 2.882813 -0.05221557 -0.1402588 2.910156 0.08459472 -0.1199951 2.957031 0.07513427 -0.04724121 2.855469 -0.177124 -0.1192017 3.109375 0.09631347 0.1293945 2.888672 -0.1679688 0.1161499 2.9375 -0.15271 -0.06799316 2.908203 -0.1499023 0.0201416 3.113281 -0.2076416 -0.1932373 3.109375 -0.04910278 -0.1247559 3.115234 -0.1813965 0.003561019 3.175781 -0.1785889 -0.1451416 3.169922 -0.04968261 -0.0871582 3.144531 0.07019042 -0.04821777 3.40625 0.1215209 -0.09899902 3.175781 -0.1538086 -0.1391602 3.457031 -0.05264282 0.01525878 3.478516 0.04718017 -0.09466552 3.498047 -0.1674805 0.008766174 3.521484 -0.222168 -0.08026123 3.519531 -0.05624389 0.01823425 3.744141 0.0783081 -0.06500244 3.560547 -0.1383057 0.008613586 3.570313 -0.1523438 0.00440216 3.761719 -0.1982422 -0.08648681 3.787109 -0.04690551 0.005065917 4.148438 0.1309814 -0.04287719 4.242188 0.02571105 -0.08453369 3.8125 -0.1512451 -0.01401519 3.804688 -0.3679199 -0.02792358 3.96875 -0.5195313 -0.1121216 4.398438 -0.1155396 -0.06848144 4.386719 0.03536987 -0.05584716 4.695313 -0.08746337 -0.0533142 4.480469 -0.2661133 -0.078125 3.947266 -0.1431885 -0.005401611 4.066406 -0.2314453 -0.07891845 4.101563 -0.4206543 -0.01899719 4.160156 -0.3918457 -0.04113769 4.15625 -0.5419922 0.1971436 1.063477 0.2956543 0.1538086 0.9443359 0.239624 0.2113037 1.116211 0.2033691 0.1102295 0.8994141 0.03988647 0.07269287 0.8764648 0.09851074 0.08013916 0.7416992 0.05111694 0.1237793 1.067383 0.04620361 0.07250976 0.7392578 -0.07104492 0.09478759 1.076172 -0.06854248 0.1148071 1.116211 0.04660034 0.09527587 0.8974609 -0.06970214 -0.001900672 0.7368164 -0.1222534 0.01925659 1.017578 -0.1413574 -0.009658813 1.112305 -0.1315917 -0.07574462 1.066406 -0.1158447 -0.006515502 0.8989258 -0.1280518 -0.06866455 0.7368164 -0.05123901 -0.06488037 0.8662109 -0.08447265 -0.1201172 1.058594 -0.2489014 -0.1418457 1.110352 -0.2183838 -0.1849365 1.106445 -0.2695313 -0.2296143 1.041016 -0.3076172 -0.1523438 0.9907227 -0.260498 -0.1989746 0.9545898 -0.2717285 0.002502441 0.3085938 -0.3762207 0.002502441 0.7260742 -0.3762207 0.1248779 0.3303223 -0.3388672 0.1248779 0.7045898 -0.3388672 0.117981 0.3549805 -0.2961426 0.002502441 0.9350586 -0.01465606 0.109314 0.4399414 -0.270752 0.1248779 0.8920898 -0.01465606 0.002502441 0.7260742 0.3469238 0.1039429 0.6303711 -0.2102051 0.1039429 0.404541 -0.2102051 0.1039429 0.4228516 -0.1533203 0.1039429 0.4702148 -0.09649658 0.1039429 0.7431641 -0.01465606 0.1039429 0.4626465 -0.01465606 0.1039429 0.5380859 0.07757568 0.1248779 0.7045898 0.3095703 0.002502441 0.3085938 0.3469238 0.1248779 0.3303223 0.3095703 0.1039429 0.6303711 0.1809082 0.1039429 0.5161133 0.1151733 0.1168823 0.342041 0.2279053 0.1039429 0.4445801 0.1809082 0.002502441 0.3085938 -0.3762207 -0.119873 0.3303223 -0.3388672 0.002502441 0.7260742 -0.3762207 -0.119873 0.7045898 -0.3388672 -0.1129761 0.3549805 -0.2961426 0.002502441 0.9350586 -0.01465606 -0.1043091 0.4399414 -0.270752 -0.119873 0.8920898 -0.01465606 0.002502441 0.7260742 0.3469238 -0.09893798 0.6303711 -0.2102051 -0.09893798 0.404541 -0.2102051 -0.09893798 0.4228516 -0.1533203 -0.09893798 0.4702148 -0.09649658 -0.09893798 0.7431641 -0.01465606 -0.09893798 0.4626465 -0.01465606 -0.09893798 0.5380859 0.07757568 -0.119873 0.7045898 0.3095703 0.002502441 0.3085938 0.3469238 -0.119873 0.3303223 0.3095703 -0.09893798 0.6303711 0.1809082 -0.09893798 0.5161133 0.1151733 -0.1118774 0.342041 0.2279053 -0.09893798 0.4445801 0.1809082 0.01325988 2.226563 -0.1947021 -0.05068969 2.289063 -0.1446533 0.05484008 2.289063 -0.1585693 -0.1378174 2.226563 -0.1818848 -0.1241455 2.214844 -0.02981567 -0.1561279 2.058594 -0.1652832 -0.1153564 2.490234 -0.03509521 -0.06842041 2.449219 -0.1246948 0.1080933 2.488281 -0.02406311 0.07043457 2.523438 0.06762695 -0.05773925 2.492188 0.07867431 -0.003183364 2.353516 0.1002197 0.1060181 2.367188 0.09832763 0.06079101 2.240234 0.177124 0.1790771 2.240234 0.1464844 0.2392578 2.539063 0.5292969 0.342041 2.539063 0.4672852 0.2563477 2.298828 0.5727539 0.3830566 2.453125 0.6782227 0.3327637 2.292969 0.5820313 0.3137207 2.142578 0.5678711 0.2675781 2.085938 0.4799805 0.009925842 2.115234 0.1750488 0.1004639 1.945313 0.2148438 -0.1508789 2.082031 -0.02722167 -0.1539307 1.895508 -0.1900635 -0.1798096 2.0625 -0.02694702 -0.1740723 1.989258 -0.02563476 -0.08575439 1.881836 -0.2558594 -0.1419678 1.799805 -0.3151855 -0.1955566 1.962891 -0.02461242 -0.1312256 1.804688 0.2607422 -0.2476807 1.802734 -0.01992797 -0.1068115 1.649414 -0.2105713 -0.002658843 1.804688 0.3300781 0.1477051 1.804688 0.2614746 -0.1553955 1.686523 -0.01445007 -0.002658843 1.719727 0.2000732 0.1190186 1.719727 0.1496582 -0.1021118 1.59668 -0.1437988 -0.1080322 1.719727 0.1492919 -0.003126144 1.599609 0.1289063 0.1035156 1.598633 0.09869384 0.08697509 1.52832 0.1036987 -0.0960083 1.600586 0.09838867 -0.1824951 1.651367 -0.01427459 -0.1557617 1.620117 -0.01335144 -0.08697509 1.526367 -0.1238403 -0.02742004 1.529297 0.1247559 -0.08203125 1.530273 0.1033325 -0.02781677 1.488281 0.1223145 0.1043091 1.488281 0.1047363 -0.09680175 1.488281 0.1044922 -0.1846924 1.579102 -0.01313781 -0.1607666 1.422852 -0.003978729 -0.1026 1.485352 -0.1246948 -0.06015014 2.574219 0.2583008 -0.1799316 2.654297 0.0793457 -0.08166503 2.496094 0.1026 0.06555175 2.537109 0.1201172 -0.0682373 2.466797 0.09375 0.07598876 2.636719 0.1461182 0.053833 2.705078 0.2160645 0.1577148 2.460938 -0.02345275 0.0982666 2.382813 -0.1611328 0.1656494 2.611328 -0.1522217 0.2279053 2.722656 -0.02604675 0.1425781 2.646484 -0.1569824 0.06048583 2.666016 0.1401367 0.06506347 2.738281 0.1525879 0.18396 2.751953 -0.02894592 0.1724854 2.722656 -0.1488037 0.2006836 2.853516 -0.02938842 0.1533203 2.880859 -0.04522705 0.1430664 2.765625 -0.1607666 0.1293945 2.888672 -0.1679688 0.04891967 2.878906 0.09716796 0.1161499 2.9375 -0.15271 -0.1199951 2.957031 0.07513427 -0.1402588 2.910156 0.08459472 0.0637207 2.935547 0.08496093 -0.1192017 3.109375 0.09631347 0.09460449 3.089844 0.1237793 -0.0871582 3.144531 0.07019042 0.1776123 3.09375 -0.04089355 0.09234619 3.144531 0.07110595 0.1351318 3.107422 -0.2050781 0.0201416 3.113281 -0.2076416 0.1516113 3.144531 -0.05059814 0.04592895 3.398438 0.1142578 -0.04821777 3.40625 0.1215209 0.01525878 3.478516 0.04718017 0.1063232 3.175781 -0.1751708 0.003561019 3.175781 -0.1785889 0.008766174 3.521484 -0.222168 0.1544189 3.4375 -0.0555725 0.08691406 3.494141 -0.02944946 0.01823425 3.744141 0.0783081 0.1132813 3.521484 -0.1971436 0.1118774 3.494141 -0.05755615 0.0881958 3.78125 -0.02363586 0.005065917 4.148438 0.1309814 0.08526611 3.572266 -0.1582031 0.008613586 3.570313 -0.1523438 0.00440216 3.761719 -0.1982422 0.04736328 4.246094 0.03253173 -0.04287719 4.242188 0.02571105 0.1166992 3.794922 -0.06787109 0.04907226 4.386719 0.03536987 -0.06848144 4.386719 0.03536987 -0.05584716 4.695313 -0.08746337 0.08337402 3.816406 -0.1781006 -0.01401519 3.804688 -0.3679199 -0.02792358 3.96875 -0.5195313 0.1078491 4.398438 -0.1155396 0.03555297 4.105469 -0.4396973 -0.04113769 4.15625 -0.5419922 -0.01899719 4.160156 -0.3918457 -0.005401611 4.066406 -0.2314453 0.08184814 3.957031 -0.1783447 0.04907226 4.480469 -0.2661133 -0.0533142 4.480469 -0.2661133 0.01146697 4.65625 -0.09985351 -0.04724121 2.855469 -0.177124 0.1293945 2.888672 -0.1679688 0.05883789 3.035156 -0.2543945 0.2254639 3.046875 -0.2442627 0.1202393 3.050781 -0.3339844 0.2536621 2.832031 -0.2944336 0.1430664 2.765625 -0.1607666 0.2434082 3.044922 -0.3022461 0.277832 3.390625 -0.5576172 0.1724854 2.722656 -0.1488037 0.4091797 3.390625 -0.5117188 0.3515625 3.416016 -0.6572266 0.5341797 3.240234 -0.5800781 0.2408447 2.789063 -0.3098145 0.4680176 3.416016 -0.6162109 0.5644531 3.701172 -0.8867188 0.527832 3.292969 -0.625 0.6420898 3.707031 -0.8500977 0.7338867 3.71875 -1.044922 0.5737305 3.376953 -0.6958008 0.7001953 3.582031 -0.8891602 0.7114258 3.5625 -1.083984 0.6894531 3.523438 -1.051758 0.6821289 3.431641 -1.078125 0.5273438 3.285156 -0.8959961 0.5888672 3.240234 -0.8237305 0.5273438 3.285156 -0.8959961 0.5268555 3.1875 -0.9428711 0.5224609 3.15625 -0.9443359 0.5039063 3.140625 -0.7470703 0.4509277 3.0625 -0.8271484 0.1442871 2.755859 -0.3674316 0.1638184 2.650391 -0.3388672 0.05596923 2.662109 -0.3476563 0.1425781 2.646484 -0.1569824 0.0682373 2.570313 -0.3618164 0.1656494 2.611328 -0.1522217 0.1473389 2.572266 -0.3483887 0.1274414 2.474609 -0.4685059 0.09155273 2.419922 -0.2431641 0.0982666 2.382813 -0.1611328 0.05541992 2.390625 -0.3388672 0.1080933 2.488281 -0.02406311 0.07043457 2.523438 0.06762695 0.1060181 2.367188 0.09832763 0.1783447 2.208984 -0.0625 0.1790771 2.240234 0.1464844 0.08544921 2.419922 -0.1450195 -0.06842041 2.449219 -0.1246948 -0.05068969 2.289063 -0.1446533 0.05484008 2.289063 -0.1585693 0.01325988 2.226563 -0.1947021 0.0314331 2.080078 -0.2122803 0.1856689 2.097656 -0.0491333 0.02546691 1.895508 -0.2695313 0.2277832 2.125 0.1361083 0.342041 2.539063 0.4672852 0.2392578 2.539063 0.5292969 0.3830566 2.453125 0.6782227 0.3891602 2.3125 0.5151367 0.3327637 2.292969 0.5820313 0.3137207 2.142578 0.5678711 0.2675781 2.085938 0.4799805 0.1004639 1.945313 0.2148438 0.2087402 2.0625 -0.05337524 0.190918 1.984375 -0.0475769 0.1968994 1.849609 0.1037598 0.1477051 1.804688 0.2614746 0.1190186 1.719727 0.1496582 0.1530762 1.858398 -0.2130126 0.1459961 1.686523 -0.003606796 0.2301025 1.949219 -0.05615234 0.1035156 1.598633 0.09869384 0.2563477 1.835938 -0.0498352 0.1070557 1.646484 -0.1871338 -0.002658843 1.806641 -0.3803711 -0.08575439 1.881836 -0.2558594 -0.1419678 1.799805 -0.3151855 -0.1068115 1.649414 -0.2105713 -0.002658843 1.631836 -0.2487792 -0.1021118 1.59668 -0.1437988 0.1088867 1.594727 -0.1502686 -4.11749e-4 1.595703 -0.177002 -0.08697509 1.526367 -0.1238403 0.1733398 1.650391 -0.003448486 0.01174926 1.525391 -0.1584473 0.1472167 1.618164 -0.002674102 0.08697509 1.52832 0.1036987 0.09136962 1.524414 -0.130127 0.014328 1.485352 -0.1594238 -0.1026 1.485352 -0.1246948 0.03427124 1.436523 -0.1676025 0.1094971 1.485352 -0.1308594 0.1761475 1.578125 -0.002513885 0.1600342 1.415039 0.05218505 0.1043091 1.488281 0.1047363 -0.09680175 1.488281 0.1044922 -0.05068969 1.472656 0.1569824 -0.02781677 1.488281 0.1223145 -0.1342773 1.453125 0.1038208 -0.2236328 1.675781 0.4462891 -0.1514893 1.675781 0.4865723 -0.2509766 1.654297 0.5805664 -0.2355957 1.46582 0.4499512 -0.2340088 1.574219 0.5498047 -0.2366943 1.523438 0.5551758 -0.1936035 1.383789 0.4772949 -0.08447265 1.260742 0.07891845 -0.01898193 1.203125 0.1248169 -0.2026367 1.423828 -0.01129913 -0.1026 1.485352 -0.1246948 -0.130127 1.201172 -0.0559082 -0.08636474 1.058594 0.05593872 -0.01208496 1.375977 -0.1846924 0.03903198 1.454102 -0.1853027 -0.09960937 1.075195 -0.05023193 0.07690429 1.055664 -0.06213378 0.008842468 1.208008 -0.1865234 -0.005962371 1.075195 -0.1199951 0.1478271 1.198242 -0.1113892 0.2229004 1.286133 -0.3974609 0.3625488 1.276367 -0.3151855 0.3806152 1.492188 -0.4128418 0.222168 1.424805 -0.3986816 0.3188477 1.537109 -0.3498535 -0.1418457 1.110352 -0.2183838 -0.1849365 1.106445 -0.2695313 -0.2032471 1.051758 -0.1849365 -0.2296143 1.041016 -0.3076172 -0.07574462 1.066406 -0.1158447 -0.2052001 0.9936523 -0.2183838 -0.1989746 0.9545898 -0.2717285 -0.06488037 0.8662109 -0.08447265 -0.1218872 1.036133 -0.06732177 -0.109436 0.8959961 -0.05117797 -0.06866455 0.7368164 -0.05123901 -0.1118774 1.112305 -0.05554199 -0.009658813 1.112305 -0.1315917 0.09478759 1.076172 -0.06854248 -0.0974121 1.081055 0.06030273 -0.09704589 0.8974609 0.06149291 0.01359558 1.116211 0.1182251 0.1148071 1.116211 0.04660034 0.1237793 1.067383 0.04620361 0.01447296 1.063477 0.1295166 0.2113037 1.116211 0.2033691 -0.06106567 0.7392578 0.07092285 -0.001900672 0.7368164 -0.1222534 0.07250976 0.7392578 -0.07104492 0.08013916 0.7416992 0.05111694 0.01332855 0.7416992 0.1221313 0.07269287 0.8764648 0.09851074 0.008781433 0.8994141 0.1116943 0.1538086 0.9443359 0.239624 0.08990478 1.109375 0.2629395 0.1971436 1.063477 0.2956543 -0.04733276 0.3776855 0.02879333 -0.09436035 0.4018555 0.09820556 -0.04956054 0.4428711 0.06964111 -0.08050537 0.3054199 0.05316162 -0.05194091 0.4589844 0.1265869 -0.04998779 0.3154297 0.1118774 -0.05282592 0.4265137 0.1567383 0.007965087 0.3212891 -0.09417724 -0.02702331 0.2524414 -0.1630859 0.007965087 0.2252197 -0.1058959 -0.0181427 0.3857422 -0.1630859 0.007965087 0.1741943 -0.1630859 0.007965087 0.3415527 -0.2242432 0.007965087 0.1923828 -0.2155762 0.04415893 0.1350098 -0.07922363 0.04785156 0.2088623 -0.04733276 0.07250976 0.2022705 -0.09753417 0.01701354 0.1165771 -0.01027679 0.09460449 0.2504883 -0.0703125 0.05645751 0.1531982 0.02093505 0.09680175 0.2512207 -0.02703857 -0.02479553 0.2250977 0.1497803 -0.06427001 0.2366943 0.2446289 -0.04470825 0.2976074 0.2106934 -0.02575683 0.1300049 0.1738281 -0.04812622 0.3100586 0.2861328 -0.001923561 0.1418457 0.2492676 -0.03665161 0.2680664 0.3210449 -0.2509766 1.654297 0.5805664 -0.2340088 1.574219 0.5498047 -0.1459961 1.474609 0.4992676 -0.2366943 1.523438 0.5551758 -0.1514893 1.675781 0.4865723 -0.1936035 1.383789 0.4772949 0.04788208 1.462891 0.1923828 -0.05068969 1.472656 0.1569824 -0.02781677 1.488281 0.1223145 0.1043091 1.488281 0.1047363 0.2019042 1.414063 0.05950927 0.0234375 1.271484 0.1505126 -0.01898193 1.203125 0.1248169 0.1671143 1.201172 0.04580688 0.1878662 1.379883 -0.09429931 0.1094971 1.485352 -0.1308594 0.03903198 1.454102 -0.1853027 0.3188477 1.537109 -0.3498535 0.3537598 1.4375 -0.3063965 0.3806152 1.492188 -0.4128418 0.3625488 1.276367 -0.3151855 0.1478271 1.198242 -0.1113892 0.07690429 1.055664 -0.06213378 0.09527587 1.077148 0.04336547 0.01535034 1.077148 0.1090088 -0.08636474 1.058594 0.05593872 -0.2467041 3.042969 0.1643066 -0.0175476 3.042969 0.1937256 -0.140625 2.898438 0.07659912 -0.1173096 3.037109 0.2736816 -0.1711426 2.775391 0.06744384 -0.2741699 3.035156 0.2526855 -0.2086182 2.789063 0.189209 -0.2902832 3.080078 0.2827148 -0.4689941 3.597656 0.6196289 -0.1942139 2.726563 0.1964111 -0.1425781 2.703125 0.06964111 -0.1505126 2.654297 0.08288574 -0.06677246 2.576172 0.2337646 -0.1290283 2.689453 0.263916 -0.1502686 2.744141 0.2961426 -0.2133789 2.783203 0.2322998 -0.2817383 2.953125 0.6357422 -0.3481445 2.982422 0.4208984 -0.3771973 2.994141 0.6923828 -0.298584 2.826172 0.8759766 -0.5087891 3.210938 0.6166992 -0.3989258 2.900391 0.9082031 -0.378418 2.900391 1.05957 -0.454834 3.125 0.8339844 -0.4597168 3.044922 0.9824219 -0.3483887 3.035156 0.9750977 -0.3286133 3.150391 0.8427734 -0.5112305 3.261719 0.9487305 -0.6542969 3.478516 0.8603516 -0.5966797 3.566406 0.5966797 -0.5292969 3.662109 0.7094727 -0.644043 3.638672 0.7011719 -0.6098633 3.712891 0.7602539 -0.675293 3.691406 0.7524414 -0.6464844 3.636719 0.9370117 -0.6640625 3.734375 0.7744141 -0.05102539 2.667969 -0.1717529 0.05596923 2.662109 -0.3476563 -0.0838623 2.623047 -0.1678467 -0.04830932 2.751953 -0.2097167 -0.07788085 2.416016 -0.1379395 0.05145263 2.826172 -0.3164063 -0.04724121 2.855469 -0.177124 -0.05084228 2.414063 -0.24646 0.0982666 2.382813 -0.1611328 0.09155273 2.419922 -0.2431641 0.05541992 2.390625 -0.3388672 0.1274414 2.474609 -0.4685059 0.0682373 2.570313 -0.3618164 0.1442871 2.755859 -0.3674316 0.04608154 2.943359 -0.3442383 0.05883789 3.035156 -0.2543945 0.1202393 3.050781 -0.3339844 0.1992188 3.125 -0.5991211 0.277832 3.390625 -0.5576172 0.3808594 3.130859 -0.7724609 0.4509277 3.0625 -0.8271484 0.5224609 3.15625 -0.9443359 0.2939453 3.232422 -0.6855469 0.3515625 3.416016 -0.6572266 0.4431152 3.230469 -0.8642578 0.5268555 3.1875 -0.9428711 0.5273438 3.285156 -0.8959961 0.3527832 3.320313 -0.7636719 0.5727539 3.591797 -0.9521484 0.5644531 3.701172 -0.8867188 0.6821289 3.431641 -1.078125 0.7338867 3.71875 -1.044922 0.6894531 3.523438 -1.051758 0.7114258 3.5625 -1.083984 -0.04745483 0.298584 0.05108642 -0.08050537 0.3054199 0.05316162 -0.04733276 0.3776855 0.02879333 -0.04998779 0.3154297 0.1118774 0.03054809 0.394043 0.09887695 -0.04956054 0.4428711 0.06964111 -0.05282592 0.4265137 0.1567383 0.01165008 0.4501953 0.1246338 -0.05194091 0.4589844 0.1265869 0.007965087 0.395752 -0.1630859 -0.0181427 0.3857422 -0.1630859 0.007965087 0.3212891 -0.09417724 0.007965087 0.3415527 -0.2242432 0.07208251 0.2648926 -0.1630859 0.007965087 0.2252197 -0.1058959 0.007965087 0.1923828 -0.2155762 0.05831909 0.1872559 -0.1630859 0.007965087 0.1741943 -0.1630859 0.03289794 0.1018677 -0.008331298 0.01701354 0.1165771 -0.01027679 0.04415893 0.1350098 -0.07922363 0.05645751 0.1531982 0.02093505 0.1151733 0.1699219 -0.04696655 0.07250976 0.2022705 -0.09753417 0.09680175 0.2512207 -0.02703857 0.1269531 0.2261963 -0.0682373 0.09460449 0.2504883 -0.0703125 0.001631736 0.1289063 0.1685791 -0.02575683 0.1300049 0.1738281 -0.02479553 0.2250977 0.1497803 -0.001923561 0.1418457 0.2492676 0.03402709 0.2529297 0.2381592 -0.04470825 0.2976074 0.2106934 -0.03665161 0.2680664 0.3210449 0.003334045 0.3127441 0.2792969 -0.04812622 0.3100586 0.2861328 -0.6010742 3.765625 0.7314453 -0.01844787 2.96875 0.3249512 -0.2412109 3.007813 0.1776123 -0.2412109 3.007813 0.1776123 -0.01844787 2.96875 0.3249512 0.02792358 3.039063 0.1578369 -0.4753418 3.113281 0.8530273 -0.2797852 3.158203 0.8857422 -0.6533203 3.626953 0.9433594 -0.6733398 3.474609 0.8569336 -0.4753418 3.113281 0.8530273 -0.6533203 3.626953 0.9433594 -0.1418457 3.054688 0.6166992 -0.2929688 2.822266 0.8867188 -0.2912598 2.951172 0.6274414 -0.03250122 2.583984 0.1881104 -0.1418457 3.054688 0.6166992 -0.2912598 2.951172 0.6274414 -0.2797852 3.158203 0.8857422 -0.4753418 3.113281 0.8530273 -0.3918457 2.910156 1.073242 -0.1374512 2.658203 0.04394531 0.02792358 3.039063 0.1578369 -0.03250122 2.583984 0.1881104 -0.1374512 2.658203 0.04394531 -0.2412109 3.007813 0.1776123 0.02792358 3.039063 0.1578369 -0.09252929 3.941406 -0.1419678 -0.1323242 4.398438 -0.1246948 -0.01576232 4.070313 -0.2301025 0.09301757 3.958984 -0.1745605 -0.01576232 4.070313 -0.2301025 0.07513427 4.492188 -0.2775879 0.006584167 3.751953 -0.2033691 -0.09252929 3.941406 -0.1419678 -0.03411865 3.960938 -0.5244141 0.09301757 3.958984 -0.1745605 -0.04031372 4.175781 -0.543457 -0.01576232 4.070313 -0.2301025 0.515625 3.28125 -0.9150391 0.6015625 3.373047 -0.6860352 0.5395508 3.144531 -0.953125 0.6015625 3.373047 -0.6860352 0.2509766 2.832031 -0.2927246 0.5395508 3.144531 -0.953125 0.5395508 3.144531 -0.953125 0.2509766 2.832031 -0.2927246 0.1334229 2.761719 -0.3793945 -0.05026245 2.853516 -0.1834717 -0.2268066 2.722656 -0.02412414 -0.1134033 3.498047 -0.1656494 0.06799316 2.746094 0.163208 -0.02433776 3.503906 0.09417724 -0.2268066 2.722656 -0.02412414 -0.06579589 2.378906 -0.2432861 0.1209106 2.460938 -0.465332 0.1534424 2.451172 -0.02677917 0.1534424 2.451172 -0.02677917 0.1209106 2.460938 -0.465332 0.2509766 2.832031 -0.2927246 -0.06579589 2.378906 -0.2432861 0.1534424 2.451172 -0.02677917 -0.07611083 2.552734 0.2663574 0.1334229 2.761719 -0.3793945 0.2509766 2.832031 -0.2927246 0.1209106 2.460938 -0.465332 -0.06579589 2.378906 -0.2432861 -0.07611083 2.552734 0.2663574 -0.2268066 2.722656 -0.02412414 -0.2268066 2.722656 -0.02412414 -0.07611083 2.552734 0.2663574 0.06799316 2.746094 0.163208 -0.1113892 2.205078 -0.03912353 -0.124939 2.503906 -0.03683471 0.01021575 2.232422 -0.1988525 0.09252929 2.423828 -0.1486816 0.01021575 2.232422 -0.1988525 -0.124939 2.503906 -0.03683471 0.2268066 2.539063 0.5375977 0.3811035 2.455078 0.6738281 0.3640137 2.539063 0.4641113 0.3640137 2.539063 0.4641113 0.2277832 2.125 0.1361083 0.1757813 2.238281 0.144043 0.1757813 2.238281 0.144043 0.0715332 2.529297 0.06713867 0.04919433 2.244141 0.1821289 -0.01552581 1.8125 -0.3959961 -0.1280518 1.484375 -0.1271973 -0.1676025 1.895508 -0.206543 -0.2399902 1.796875 -0.02157592 -0.1201172 1.80957 0.2675781 0.1071777 1.941406 0.234375 0.02841186 1.894531 -0.2775879 -0.01552581 1.8125 -0.3959961 -0.1676025 1.895508 -0.206543 -0.1280518 1.484375 -0.1271973 -0.01552581 1.8125 -0.3959961 0.1306152 1.486328 -0.1179199 0.1306152 1.486328 -0.1179199 -0.01552581 1.8125 -0.3959961 0.2548828 1.842773 -0.05160522 0.0715332 2.529297 0.06713867 -0.124939 2.503906 -0.03683471 0.04919433 2.244141 0.1821289 -0.124939 2.503906 -0.03683471 0.0715332 2.529297 0.06713867 0.09252929 2.423828 -0.1486816 0.02841186 1.894531 -0.2775879 -0.1676025 1.895508 -0.206543 -0.2427979 1.973633 -0.5883789 0.02841186 1.894531 -0.2775879 -0.2427979 1.973633 -0.5883789 -0.2529297 2.126953 -0.6557617 -0.1067505 1.210938 0.1191406 0.09124755 1.041992 -0.02081298 0.2003174 1.381836 0.06860351 -0.1536865 1.670898 0.4875488 0.2003174 1.381836 0.06860351 -0.1123657 1.492188 0.09057617 -0.2336426 1.674805 0.4436035 -0.251709 1.65332 0.5820313 -0.1536865 1.670898 0.4875488 0.3305664 1.547852 -0.3664551 0.3701172 1.289063 -0.3098145 0.2156982 1.292969 -0.4099121 0.09124755 1.041992 -0.02081298 0.1306152 1.486328 -0.1179199 0.2003174 1.381836 0.06860351 -0.1067505 1.210938 0.1191406 0.2003174 1.381836 0.06860351 -0.1984863 1.376953 0.487793 -0.2336426 1.674805 0.4436035 -0.1536865 1.670898 0.4875488 -0.1123657 1.492188 0.09057617 0.3305664 1.547852 -0.3664551 0.02699279 1.458008 -0.1981201 0.1306152 1.486328 -0.1179199 -0.1231689 1.077148 -0.05563354 0.09124755 1.041992 -0.02081298 -0.1067505 1.210938 0.1191406 0.2003174 1.381836 0.06860351 0.1306152 1.486328 -0.1179199 -0.1123657 1.492188 0.09057617 -0.06750488 0.7260742 0.07617187 -0.1005249 1.089844 0.06646728 -0.2364502 1.046875 -0.3149414 0.02247619 0.8823242 0.1320801 0.02593994 0.7172852 -0.1351318 0.1578369 0.9477539 0.2435303 -0.06750488 0.7260742 0.07617187 0.02593994 0.7172852 -0.1351318 0.02247619 0.8823242 0.1320801 0.02590942 1.03125 -0.1674805 -0.06750488 0.7260742 0.07617187 -0.2364502 1.046875 -0.3149414 0.02593994 0.7172852 -0.1351318 -0.06750488 0.7260742 0.07617187 0.02590942 1.03125 -0.1674805 9.52244e-4 0.7456055 -0.4128418 -0.1244507 0.9150391 -0.007560729 0.128418 0.9174805 -0.01451873 -0.1244507 0.9150391 -0.007560729 0.002628326 0.7460938 0.3818359 0.128418 0.9174805 -0.01451873 0.128418 0.9174805 -0.01451873 0.002628326 0.7460938 0.3818359 0.1361083 0.3232422 0.3312988 0.002628326 0.7460938 0.3818359 -0.1262207 0.3154297 0.3283691 0.1361083 0.3232422 0.3312988 0.128418 0.9174805 -0.01451873 0.125 0.3371582 -0.3657227 9.52244e-4 0.7456055 -0.4128418 0.125 0.3371582 -0.3657227 -0.1206055 0.3195801 -0.3410645 9.52244e-4 0.7456055 -0.4128418 0.01403808 0.1828613 -0.2087402 0.007232666 0.3476563 -0.2233887 0.01247406 0.3208008 -0.08886718 0.01247406 0.3208008 -0.08886718 0.007232666 0.3476563 -0.2233887 0.01403808 0.1828613 -0.2087402 -0.03411865 0.2822266 0.3198242 -0.0028553 0.1379395 0.2445068 -0.02120971 0.2304688 0.1453857 -0.02120971 0.2304688 0.1453857 -0.0028553 0.1379395 0.2445068 -0.03411865 0.2822266 0.3198242 0.006584167 3.751953 -0.2033691 -0.1134033 3.498047 -0.1656494 -0.09252929 3.941406 -0.1419678 0.1221313 3.107422 -0.1907958 -0.05026245 2.853516 -0.1834717 0.1234741 2.892578 -0.1616211 -0.1206055 0.3195801 -0.3410645 0.125 0.3371582 -0.3657227 -0.1308594 0.4206543 -0.2746582 -0.1308594 0.4206543 -0.2746582 0.1002808 0.5102539 0.07788085 -0.09796142 0.5219727 0.08032226 0.002628326 0.7460938 0.3818359 -0.1244507 0.9150391 -0.007560729 -0.1262207 0.3154297 0.3283691 -0.1262207 0.3154297 0.3283691 -0.09796142 0.5219727 0.08032226 -0.1308594 0.4206543 -0.2746582 0.02792358 3.039063 0.1578369 -0.01844787 2.96875 0.3249512 -0.03250122 2.583984 0.1881104 -0.1418457 3.054688 0.6166992 -0.2912598 2.951172 0.6274414 -0.2929688 2.822266 0.8867188 -0.4753418 3.113281 0.8530273 -0.3918457 2.910156 1.073242 -0.2929688 2.822266 0.8867188 -0.1418457 3.054688 0.6166992 -0.2797852 3.158203 0.8857422 -0.3918457 2.910156 1.073242 -0.03683471 4.707031 -0.07531738 0.07513427 4.492188 -0.2775879 -0.1323242 4.398438 -0.1246948 -0.01576232 4.070313 -0.2301025 -0.03411865 3.960938 -0.5244141 -0.01576232 4.070313 -0.2301025 -0.04031372 4.175781 -0.543457 -0.09252929 3.941406 -0.1419678 0.09301757 3.958984 -0.1745605 0.006584167 3.751953 -0.2033691 -0.03411865 3.960938 -0.5244141 -0.04031372 4.175781 -0.543457 -0.1134033 3.498047 -0.1656494 0.006584167 3.751953 -0.2033691 0.1221313 3.107422 -0.1907958 0.09301757 3.958984 -0.1745605 0.04919433 2.244141 0.1821289 0.2268066 2.539063 0.5375977 0.1757813 2.238281 0.144043 0.3640137 2.539063 0.4641113 0.1071777 1.941406 0.234375 -0.1201172 1.80957 0.2675781 0.1104125 1.475586 0.1118164 -0.1123657 1.492188 0.09057617 -0.1123657 1.492188 0.09057617 -0.1201172 1.80957 0.2675781 -0.2399902 1.796875 -0.02157592 -0.1280518 1.484375 -0.1271973 0.1306152 1.486328 -0.1179199 0.1104125 1.475586 0.1118164 -0.1280518 1.484375 -0.1271973 -0.1123657 1.492188 0.09057617 -0.1231689 1.077148 -0.05563354 0.2156982 1.292969 -0.4099121 0.09124755 1.041992 -0.02081298 0.3701172 1.289063 -0.3098145 0.09124755 1.041992 -0.02081298 0.3701172 1.289063 -0.3098145 0.1306152 1.486328 -0.1179199 0.3305664 1.547852 -0.3664551 -0.1984863 1.376953 0.487793 0.2003174 1.381836 0.06860351 -0.1536865 1.670898 0.4875488 -0.251709 1.65332 0.5820313 0.1306152 1.486328 -0.1179199 0.02699279 1.458008 -0.1981201 -0.1123657 1.492188 0.09057617 -0.1280518 1.484375 -0.1271973 -0.1005249 1.089844 0.06646728 0.2115479 1.134766 0.2355957 0.02590942 1.03125 -0.1674805 -0.2364502 1.046875 -0.3149414 0.02593994 0.7172852 -0.1351318 0.02590942 1.03125 -0.1674805 0.2115479 1.134766 0.2355957 0.1578369 0.9477539 0.2435303 0.125 0.3371582 -0.3657227 0.128418 0.9174805 -0.01451873 0.1002808 0.5102539 0.07788085 0.1361083 0.3232422 0.3312988 0.1002808 0.5102539 0.07788085 0.1361083 0.3232422 0.3312988 -0.1262207 0.3154297 0.3283691 -0.09796142 0.5219727 0.08032226 -0.1206055 0.3195801 -0.3410645 -0.1308594 0.4206543 -0.2746582 9.52244e-4 0.7456055 -0.4128418 -0.1244507 0.9150391 -0.007560729 -0.6533203 3.626953 0.9433594 -0.2797852 3.158203 0.8857422 -0.6010742 3.765625 0.7314453 -0.1418457 3.054688 0.6166992 -0.01844787 2.96875 0.3249512 -0.1374512 2.658203 0.04394531 -0.03250122 2.583984 0.1881104 -0.192627 2.730469 0.1921387 -0.2912598 2.951172 0.6274414 -0.4753418 3.113281 0.8530273 0.6015625 3.373047 -0.6860352 0.515625 3.28125 -0.9150391 0.7050781 3.587891 -0.8852539 0.7124023 3.544922 -1.113281 0.7338867 3.71875 -1.044922 0.1534424 2.451172 -0.02677917 0.1234741 2.892578 -0.1616211 0.1966553 2.714844 -0.02925109 0.1221313 3.107422 -0.1907958 0.1464844 3.433594 -0.06329345 0.09301757 3.958984 -0.1745605 0.03585815 4.148438 0.1364746 0.07513427 4.492188 -0.2775879 -0.03683471 4.707031 -0.07531738 -0.05026245 2.853516 -0.1834717 0.1234741 2.892578 -0.1616211 0.1152344 3.064453 -0.328125 0.2462158 3.048828 -0.2980957 0.2731934 3.380859 -0.5639648 0.4057617 3.382813 -0.5209961 0.5664063 3.71875 -0.8789063 0.3640137 2.539063 0.4641113 0.3811035 2.455078 0.6738281 0.3239746 2.134766 0.5693359 0.2277832 2.125 0.1361083 0.1071777 1.941406 0.234375 0.1923828 2.097656 -0.05133056 0.2548828 1.842773 -0.05160522 -0.01552581 1.8125 -0.3959961 0.02841186 1.894531 -0.2775879 0.1923828 2.097656 -0.05133056 -0.005355834 2.019531 -0.2729492 0.01021575 2.232422 -0.1988525 0.09252929 2.423828 -0.1486816 -0.3427734 2.339844 -0.7744141 -0.3508301 2.34375 -0.5322266 -0.1687012 2.357422 -0.5722656 -0.1113892 2.205078 -0.03912353 0.01021575 2.232422 -0.1988525 -0.1231689 1.077148 -0.05563354 -0.1280518 1.484375 -0.1271973 0.02699279 1.458008 -0.1981201 0.2156982 1.292969 -0.4099121 0.3305664 1.547852 -0.3664551 0.5664063 3.71875 -0.8789063 0.7050781 3.587891 -0.8852539 0.7338867 3.71875 -1.044922 0.4057617 3.382813 -0.5209961 0.6015625 3.373047 -0.6860352 0.2509766 2.832031 -0.2927246 0.2462158 3.048828 -0.2980957 0.1234741 2.892578 -0.1616211 0.1534424 2.451172 -0.02677917 -0.1323242 4.398438 -0.1246948 0.03585815 4.148438 0.1364746 -0.03683471 4.707031 -0.07531738 -0.02433776 3.503906 0.09417724 -0.09252929 3.941406 -0.1419678 -0.1134033 3.498047 -0.1656494 -0.2268066 2.722656 -0.02412414 0.1464844 3.433594 -0.06329345 0.03585815 4.148438 0.1364746 -0.02433776 3.503906 0.09417724 0.06799316 2.746094 0.163208 0.1966553 2.714844 -0.02925109 0.1534424 2.451172 -0.02677917 -0.07611083 2.552734 0.2663574 0.0715332 2.529297 0.06713867 0.1923828 2.097656 -0.05133056 0.09252929 2.423828 -0.1486816 0.1757813 2.238281 0.144043 0.2277832 2.125 0.1361083 -0.1561279 2.058594 -0.1652832 -0.2399902 1.796875 -0.02157592 -0.1113892 2.205078 -0.03912353 -0.1676025 1.895508 -0.206543 -0.1280518 1.484375 -0.1271973 0.2268066 2.539063 0.5375977 0.3239746 2.134766 0.5693359 0.3811035 2.455078 0.6738281 0.04919433 2.244141 0.1821289 0.1071777 1.941406 0.234375 -0.2399902 1.796875 -0.02157592 -0.1113892 2.205078 -0.03912353 -0.124939 2.503906 -0.03683471 0.1071777 1.941406 0.234375 0.2548828 1.842773 -0.05160522 0.1923828 2.097656 -0.05133056 0.1104125 1.475586 0.1118164 0.1306152 1.486328 -0.1179199 -0.2336426 1.674805 0.4436035 -0.1984863 1.376953 0.487793 -0.251709 1.65332 0.5820313 -0.1067505 1.210938 0.1191406 -0.1123657 1.492188 0.09057617 -0.1280518 1.484375 -0.1271973 -0.1231689 1.077148 -0.05563354 -0.06750488 0.7260742 0.07617187 0.02247619 0.8823242 0.1320801 -0.1005249 1.089844 0.06646728 0.2115479 1.134766 0.2355957 0.1578369 0.9477539 0.2435303 -0.6533203 3.626953 0.9433594 -0.6010742 3.765625 0.7314453 -0.6733398 3.474609 0.8569336 -0.2412109 3.007813 0.1776123 -0.192627 2.730469 0.1921387 -0.1374512 2.658203 0.04394531 -0.4753418 3.113281 0.8530273 0.7124023 3.544922 -1.113281 0.5664063 3.71875 -0.8789063 0.7338867 3.71875 -1.044922 0.2731934 3.380859 -0.5639648 0.1923828 3.125 -0.6030273 0.1152344 3.064453 -0.328125 -0.05026245 2.853516 -0.1834717 0.515625 3.28125 -0.9150391 0.1334229 2.761719 -0.3793945 0.5395508 3.144531 -0.953125 -0.05026245 2.853516 -0.1834717 -0.2268066 2.722656 -0.02412414 -0.06579589 2.378906 -0.2432861 0.1209106 2.460938 -0.465332 -0.1676025 1.895508 -0.206543 -0.2529297 2.126953 -0.6557617 -0.2427979 1.973633 -0.5883789 -0.1561279 2.058594 -0.1652832 -0.3508301 2.34375 -0.5322266 -0.1113892 2.205078 -0.03912353 -0.3427734 2.339844 -0.7744141 0.01021575 2.232422 -0.1988525 -0.005355834 2.019531 -0.2729492 -0.1687012 2.357422 -0.5722656 -0.2529297 2.126953 -0.6557617 -0.3427734 2.339844 -0.7744141 0.02841186 1.894531 -0.2775879</float_array>
          <technique_common>
            <accessor source="#Ice_Horn__Mt_Ice-mesh-positions-array" count="1138" stride="3">
              <param name="X" type="float"/>
              <param name="Y" type="float"/>
              <param name="Z" type="float"/>
            </accessor>
          </technique_common>
        </source>
        <source id="Ice_Horn__Mt_Ice-mesh-normals">
          <float_array id="Ice_Horn__Mt_Ice-mesh-normals-array" count="2100">-0.7992909 -0.600859 -0.01013159 -0.799291 -0.600859 -0.01013159 0.722822 -0.6909696 -0.009456872 0.722822 -0.6909695 -0.009456872 -0.1498439 -0.1365929 0.9792289 -0.1608518 -0.02179121 0.986738 -0.1113211 -0.4289017 0.8964658 -0.1789004 0.2678721 0.9466992 -0.1508708 -0.9853974 -0.07893043 -0.1724659 -0.9770819 -0.1247662 -0.07955443 -0.8681064 -0.4899616 -0.07133543 -0.7721365 -0.6314401 -0.03341013 -0.5494186 -0.834879 -0.1248635 -0.604147 -0.7870296 -0.258928 -0.7809565 -0.5683867 -0.300423 -0.7669191 -0.5670812 -0.2943741 -0.9353199 0.1962665 -0.3281044 -0.9443364 0.02400666 -0.1965705 -0.9423859 0.2706824 -0.2668772 -0.9477543 0.1747521 -0.1693938 -0.9705672 0.1711872 -0.1436115 -0.9399439 0.3096471 -0.1024383 -0.8821777 0.4596401 -0.06680917 -0.9079404 0.4137402 -0.1513867 -0.9868643 -0.05639994 -0.2228842 -0.973893 -0.0430724 -0.1530638 -0.9258069 0.34562 -0.1444466 -0.7058417 0.6934859 0.006756484 -0.5917121 0.8061212 -0.005009353 -0.6641039 0.7476236 -0.07967299 -0.8824204 0.4636664 -0.05292278 -0.9287629 0.3668773 0.4484071 -0.4871442 -0.7494142 0.4616055 -0.6997452 -0.5452312 0.4874615 -0.6349645 -0.5993341 0.435244 -0.5131888 -0.7397297 0.310491 -0.2049957 -0.9282091 0.236139 0.1260361 -0.963511 0.09696841 0.02580732 -0.9949529 0.1190974 0.2540887 -0.9598202 0.1615321 0.534654 -0.8294893 -0.4910718 0.6239478 0.6078962 -0.4004869 0.7471958 0.5303854 -0.5197005 0.4679868 0.7147725 -0.4414229 0.2024433 0.8741641 -0.2567029 0.5963656 0.7605603 -0.3009127 -0.02500039 0.953324 -0.205019 0.1383873 0.9689252 -0.001291871 0.3665234 0.930408 -0.8530848 -0.5141319 0.08896505 -0.9487311 -0.2826706 0.1414448 -0.312485 -0.9412313 -0.1282056 -0.9779777 -0.03721082 0.2053654 -0.9422991 -0.05746293 0.329804 -0.7638597 -0.6435998 0.04793399 -0.9411627 -0.3294767 0.07522004 -0.7425255 0.6119245 0.2724047 -0.8351944 0.5474116 -0.05282944 -0.4817004 0.688753 0.5418339 -0.02643859 0.9777918 0.2079046 0.02815884 0.9428918 0.3319068 0.6063331 0.7952034 0.003465294 -0.05827069 0.9918227 -0.1135443 0.2601123 0.9655581 -0.006275534 0.004379808 0.9991905 -0.0399903 -0.07289886 0.9893773 -0.1257708 0.1620696 0.9849079 -0.06074583 0.003323078 0.9999119 -0.01286315 0.07967299 -0.8824205 0.4636663 0.005009353 -0.6641039 0.7476235 0.05292284 -0.9287629 0.3668772 -0.006756484 -0.5917121 0.8061211 0.1444465 -0.7058416 0.6934862 0.1530638 -0.9258068 0.3456201 0.2228841 -0.973893 -0.0430721 0.1513867 -0.9868643 -0.05640023 0.06680911 -0.9079403 0.4137403 0.1024383 -0.8821777 0.4596402 0.1693938 -0.9705672 0.1711874 0.1436115 -0.939944 0.309647 0.1965705 -0.9423859 0.2706823 0.2668771 -0.9477543 0.1747521 0.294374 -0.93532 0.1962666 0.3281044 -0.9443364 0.02400666 0.3004229 -0.7669192 -0.5670812 0.2589278 -0.7809565 -0.5683867 0.1248635 -0.604147 -0.7870297 0.03341013 -0.5494185 -0.8348791 0.07133537 -0.7721366 -0.63144 0.07955443 -0.8681064 -0.4899617 0.1724658 -0.977082 -0.1247661 0.1508708 -0.9853974 -0.07893043 0.001658678 -0.999921 0.01246643 -0.006877124 -0.9982661 0.05845975 0.344378 -0.9178441 0.1973987 0.1150655 -0.9733414 0.1984102 -0.2631079 -0.9604608 0.09104609 -0.003323078 -0.9999119 0.01286303 0.675494 -0.3174045 -0.6655542 0.07814067 -0.947061 -0.3113995 0.6605433 -0.3690842 -0.6538038 0.8124063 -0.0136218 -0.5829327 0.7910991 0.02443552 -0.6111997 0.8829419 0.01272386 -0.46931 0.5179379 -0.5455594 -0.6588668 0.8068794 -0.06726974 -0.5868734 0.9238579 0.2384256 -0.2993994 0.7469604 0.5444656 -0.3815853 0.4760755 -0.03392469 -0.8787498 0.3463636 -0.4830243 -0.8041889 -0.04644066 -0.6139422 -0.7879837 0.6462092 0.4792323 0.5939277 0.7334556 0.6035885 0.3126082 0.6569882 0.6332941 0.4090296 0.5308138 0.4945653 0.6882164 0.3467229 0.03707873 0.9372345 0.5241994 0.2579602 0.8115859 0.7860345 0.6129601 0.08018559 0.5909265 0.1284376 0.7964357 0.670978 0.5016782 0.5459923 0.8946661 0.4452459 0.03645116 0.6449314 0.7351127 0.2089807 0.6766375 0.1246554 0.7256879 0.8785907 0.2684143 0.395009 0.9018118 -0.1669136 0.3985916 0.9444376 -0.2393763 0.2252482 0.7272769 0.217036 0.651125 0.8319079 0.4751972 0.2865607 0.9764176 0.1817864 0.1164581 0.9504857 0.02142411 0.3100292 0.6232211 -0.1745504 0.7623174 0.4219946 -0.4143608 0.8063658 0.4060366 -0.2352513 0.8830578 0.4185533 -0.01168465 0.9081171 0.3806914 -0.6064752 0.6980415 0.7354832 -0.6216571 0.269457 0.839133 -0.5269808 0.1347115 0.9130106 -0.08190375 0.3996293 0.6892482 -0.0805521 0.7200335 0.6491085 0.4284983 0.628528 -0.1530443 -0.9639542 0.2176458 -0.5796543 -0.7205563 0.3805254 -0.5969635 -0.8018986 -0.02435749 -0.7982153 -0.6017293 0.02782589 -0.7703006 -0.4499363 0.4518787 -0.7445049 0.04652786 -0.6659938 -0.9561277 -0.02854055 0.291557 -0.9127253 0.320216 -0.2537603 -0.9377967 0.2445721 0.2464179 -0.9256173 0.02719348 -0.3774826 -0.7228972 0.0916503 -0.6848503 -0.9928575 -0.1104205 -0.04518097 -0.7924614 -0.05619925 -0.6073276 -0.8727015 0.4315728 -0.2283353 -0.8875733 0.3550615 -0.2935051 -0.9390167 0.3433266 0.01935666 -0.9756517 0.1210654 0.1828851 -0.5164626 0.2760326 -0.8106001 -0.8378214 0.3207876 0.4417586 -0.006279289 0.2967188 -0.9549443 5.08024e-4 0.06904929 -0.9976131 -0.5048956 -0.0123676 -0.8630918 -0.1213633 0.001507341 -0.992607 -0.9811936 0.1917875 -0.02183461 -0.6208992 0.1307962 -0.7729014 -0.2290516 0.2015882 -0.9523117 -0.9297686 0.3669413 0.02974081 -0.7511938 0.4704595 0.4630073 -0.7673442 0.3917165 0.5076822 -0.6222942 0.2861926 -0.7285902 -0.9201641 0.3587148 0.1569137 -0.6309852 0.4393264 0.6394138 -0.7664944 0.2759698 -0.5799371 -0.4392804 0.3244023 -0.8377327 -0.8628543 0.3467698 0.3677407 -0.772244 -0.0744332 0.6309509 -0.8010736 0.2801517 -0.5289577 -0.2187658 0.3280776 -0.9189705 -0.5775395 -0.5267581 -0.6236779 -0.9546445 -0.04969418 0.293572 -0.8845695 -0.00547266 0.4663763 -0.9115487 -0.02432948 0.4104719 -0.9599834 -0.171436 -0.2214539 -0.8590685 -0.4386621 -0.2637742 -0.9419387 -0.1948212 -0.2734891 -0.9988024 0.04052841 -0.02741074 -0.9605572 -0.04652351 0.2741633 -0.9819704 0.1880032 -0.01971906 -0.9319964 0.08748674 -0.3517509 -0.9919632 0.04551351 -0.1180579 -0.9041369 0.3639072 -0.2238484 -0.9563296 0.2922874 -0.001418113 -0.7363114 0.621798 0.2668574 -0.9569135 0.2051642 -0.2054854 0.9449645 -0.324654 -0.04052114 0.909668 -0.406612 -0.08468079 0.9454699 -0.2650211 -0.1893426 0.9665933 -0.2546446 -0.02921533 0.7839126 -0.5509423 0.2862585 0.980421 -0.1816394 0.07603996 0.9471694 0.02472722 -0.3197793 0.8416444 -0.1328678 -0.523432 0.8485766 0.08223712 -0.5226423 0.9572415 0.1777486 -0.2282415 0.8447716 -0.09110742 -0.5273144 -0.08620929 -0.1075441 -0.9904556 0.5387383 0.1071603 -0.8356302 0.1376893 0.143069 -0.9800882 0.3252405 0.7157372 -0.6180121 0.2591381 -0.3247255 -0.9096158 -0.7200188 -0.1528034 -0.6769226 -0.3897261 -0.4149934 -0.8221278 0.6476883 0.279582 -0.7087551 0.7173784 0.5518745 -0.4252091 0.5075331 0.3476051 -0.788404 0.4453603 -0.01901137 -0.8951497 0.5028137 -0.298523 -0.8112105 0.4818557 -0.3758256 -0.791562 0.2919399 0 -0.9564367 0.3321342 0.4713126 -0.8170382 0.7190122 0 -0.6949976 0.7685875 0.3180605 -0.5550775 0.9835317 0.002682209 0.1807166 0.331375 0.9434992 -8.75131e-5 0.9807556 0.005603909 0.1951594 0.7666468 0.6420693 -1.06936e-4 0.3320545 0.471265 0.817098 0.995912 -0.05206495 0.0738154 0.9991967 0 0.04007691 1 0 0 0.9956817 -0.09283304 -7.19354e-5 1 0 0 0.7671396 0.3206266 0.5556038 0.2919397 0 0.9564368 0.7886382 0.01229983 0.6147346 0.9956942 -0.04543495 -0.08080184 1 0 0 0.9929734 0.02573442 -0.1155064 0.9778319 0 -0.2093916 -0.2919399 0 -0.9564367 -0.7190122 0 -0.6949975 -0.3321344 0.4713126 -0.8170381 -0.7685875 0.3180605 -0.5550773 -0.9835317 0.002682209 0.1807166 -0.331375 0.9434992 -8.74164e-5 -0.9807556 0.005603849 0.1951594 -0.7666468 0.6420691 -1.07006e-4 -0.3320545 0.471265 0.817098 -0.995912 -0.05206495 0.07381546 -0.9991967 0 0.04007703 -1 0 0 -1 0 0 -0.9956817 -0.0928331 -7.19426e-5 -1 0 0 -0.7671396 0.3206267 0.5556037 -0.2919397 0 0.9564368 -0.7886382 0.01229977 0.6147346 -0.9956942 -0.04543501 -0.0808019 -1 0 0 -0.9929734 0.02573442 -0.1155065 -0.9778319 0 -0.2093918 -0.09254556 0.562973 -0.8212776 -0.5781968 0.5172008 -0.6310244 -0.1091071 0.550925 -0.8273919 -0.8103154 0.5734156 -0.1207622 -0.9376289 0.2032001 0.2820669 -0.9972156 0.05764257 0.04731363 -0.7590929 0.6365177 -0.136467 -0.6815927 0.4611408 -0.5681377 0.026147 0.9307015 -0.3648442 -0.02553784 0.8943787 0.4465811 -0.485293 0.5292812 0.6959542 -0.4170307 0.1343534 0.8989074 0.03220516 0.378772 0.9249296 -0.6451827 0.5378044 0.5426838 -0.02494746 0.999687 -0.001921057 -0.8522732 0.5025244 0.1452574 -0.3305642 0.7684593 -0.5479029 -0.6355391 -0.1371181 0.7597951 -0.6032192 -0.04879254 0.7960817 -0.1376951 -0.3024362 0.9431715 -0.6615679 -0.2648429 0.7015599 -0.7468977 -0.2916672 0.5975568 -0.7969148 -0.005329847 0.6040682 -0.5203911 0.2595608 0.813524 -0.8699104 0.384918 0.3083732 -0.840361 0.3947814 -0.3714044 -0.8511755 0.5125155 0.1132616 -0.9084253 0.3083391 0.2822952 -0.4161446 0.7026126 -0.5771995 -0.884658 0.1025315 -0.4548271 -0.8614018 0.5071191 0.02858608 -0.6646074 -0.04559081 0.7458007 -0.9891882 -0.1380633 0.04945158 -0.8786796 -0.422329 -0.2226222 -0.09470659 -0.1036752 0.990092 0.3853596 -0.3317099 0.8610845 -0.9725029 -0.1983368 0.122069 -0.02251124 -0.7168741 0.6968392 0.2721519 -0.6337428 0.724088 -0.92278 -0.2722809 -0.2726539 -0.6134585 -0.5842046 0.5313885 -0.01134723 -0.2594665 0.9656854 0.2640306 -0.2201021 0.9390649 0.1880381 0.01124304 0.9820974 -0.6923555 -0.1967099 0.6942256 -0.9957716 0.08280205 0.03978395 -0.9582639 -0.2822188 0.04563969 -0.7883259 0.08956986 -0.6087032 -0.1142691 -0.04514485 0.9924236 -0.5254695 0.08634322 0.84642 -0.07990419 -0.008101344 0.9967697 0.1314283 0.08249956 0.9878869 -0.6012228 0.1070356 0.7918806 -0.9554627 0.2950308 -0.006924688 -0.9877387 -0.1484074 0.048451 -0.774734 0.06943768 -0.6284629 0.08002543 -0.7408242 0.6669149 -0.8196098 -0.4586217 0.3433746 -0.2770536 -0.6469125 0.7104546 0.5402601 -0.5317307 0.6522129 0.1124755 -0.5901961 0.7993859 0.804559 -0.01606929 0.5936554 0.9030475 -0.202473 0.3788272 0.751386 -0.5963416 0.2824819 0.7016596 -0.7058054 0.09753328 0.9077819 -0.04121804 -0.4174124 0.9045717 0.4202148 0.07190018 0.8229603 0.2066894 -0.5291652 0.9065087 0.2606399 0.3321278 0.8922577 0.00143361 0.4515245 0.9490994 0.2269842 0.2183771 0.9758863 -0.0813471 -0.2025555 0.8419373 0.5268105 0.1166719 0.9447516 0.3165248 0.08518457 0.8625178 0.3179548 -0.3936595 0.9637362 0.2014315 -0.175037 0.5604196 0.1951228 0.8048958 0.9114756 -0.01934409 -0.4108991 -0.04903686 0.04654824 0.9977118 -0.03021025 0.2102761 0.9771752 0.4237437 -0.1242894 0.8972144 -0.08560252 0.175682 0.9807182 0.4288893 0.1869428 0.8838022 -0.02010029 0.3465126 0.93783 0.9823064 0.1547266 0.1055181 0.5851246 0.3498164 0.7316131 0.6110978 0.1045477 -0.7846206 0.02594035 0.1755188 -0.9841343 0.9542863 0.2864232 0.08543598 0.4403857 0.245662 0.8635454 0.08839827 0.1497579 0.9847631 0.5466716 0.4436371 0.7101665 0.5972815 0.235884 -0.7665596 0.03293156 0.1365466 -0.9900862 0.1410496 0.3519816 -0.9253183 0.949457 0.247239 0.1934021 0.7253444 0.2550842 0.6393806 0.8190284 -0.03710895 0.5725516 0.696898 0.3494895 -0.6262511 0.8578733 0.3647711 0.3619331 0.8373549 -0.008987486 0.5465858 0.7915627 0.205227 0.5755956 0.6955686 0.3265978 -0.6399362 -0.08026915 0.3469733 -0.9344338 0.4618654 -0.469263 -0.7526438 0.5211523 0.1528505 0.8396649 -0.06484788 0.3061338 0.9497773 0.9906964 -3.41696e-4 0.1360909 0.5283495 0.1848917 0.8286508 0 0.1658657 0.9861484 0.401589 0.8962887 0.1881303 0.8862521 -0.1721174 -0.4300382 0.8245914 -0.40179 -0.3982637 0.8722869 -0.1651247 -0.460271 0.9876508 0.1552554 0.02101707 0.9164537 0.3320431 -0.2232938 0.8286283 0.3022937 -0.4711621 0.7512655 0.6501906 0.1133685 0.7726756 0.369975 -0.5158402 0.9562067 0.06597012 -0.285161 0.5443036 0.3022378 -0.7825509 0 0.3162515 -0.9486754 0.6679131 0.7414433 0.06445145 -0.1313484 0.4560552 0.8802053 0.3677589 0.2646725 0.8914606 -0.1068659 0.696516 0.7095388 0.5025857 0.6530344 0.566528 -0.1087024 0.9028258 0.4160403 0.849377 -0.1729837 0.4986336 0.6173645 0.3696208 0.6944363 0.5259395 0.5226616 0.6709789 -0.1859774 0.8058923 0.5620943 0.9133859 -0.1066279 0.3928825 0.2770926 0.6968336 0.6615458 -0.1417878 0.9041106 0.4030886 0.9378926 -0.002059876 0.3469197 0.8330925 -0.5526555 -0.02299952 0.3587607 0.6499707 0.669947 -0.2482205 0.8750267 0.4155899 0.9178858 0.1162061 0.3794496 0.3317749 0.7610853 0.5573819 0.9486509 0.2273893 0.2198991 0.8826073 -0.01389104 0.469906 0.9247485 -0.08324748 0.3713625 0.9555405 -0.2828096 0.08343285 0.9712244 -0.2372106 0.02131503 0.904545 -0.3715273 0.209203 0.853255 -0.5001931 0.1475225 0.987291 -0.1062204 -0.1182103 0.8099735 0.335599 -0.4809536 0.887996 -0.005347549 -0.4598202 0.8809334 -0.4482332 -0.1518008 0.8491153 -0.5167936 0.1092142 0.7988158 -0.6014873 0.01031559 0.4486014 -0.4754114 -0.7567965 0.7314596 -0.2526751 -0.633342 0.0803498 -0.008084535 -0.996734 0.9871621 0.1080785 0.1176017 0.116768 0.4436842 -0.8885435 0.9979468 0.06200587 -0.01604902 0.8952292 0.03774362 -0.4440045 0.9672458 -0.1378946 -0.2131217 0.9253183 -0.3705785 -0.08036077 0.9420182 -0.2700057 -0.1992453 0.7137626 -0.6981649 -0.05575704 0.8880059 0.4550383 -0.0662263 0.9234305 0.2648632 0.2777115 0.9394661 0.3132716 0.1387965 0.8921311 0.1626344 -0.4214882 0.8418812 0.416563 -0.343091 0.4368792 0.4343233 -0.7877182 -0.03628969 0.4339261 -0.9002174 -0.1186006 0.1206279 -0.9855875 0.3924768 0.03918296 -0.918927 0.6283546 0.1164534 -0.7691614 0.6863868 0.1528589 -0.7109903 0.9222654 0.1300975 -0.3640071 0.3702906 0.6330254 -0.6798262 0.9468114 -0.2113645 -0.2426379 0.8254395 0.5570304 -0.09147089 0.2024036 0.9200474 0.3354786 0.9429466 0.2947387 0.1548581 0.9847655 -0.1738293 -0.004506289 0.7673946 -0.3271095 0.5514571 0.9107748 -0.4121402 -0.02509558 0.8588215 -0.4865713 -0.1602318 0.9805725 -0.105565 0.1653287 0.9512562 0.251339 -0.1787185 0.9662171 0.2320261 -0.1121989 0.9361017 0.01220399 0.3515177 0.9559478 -0.01829886 0.2929663 0.8992545 -0.3880198 0.2019461 0.7188391 0.225731 -0.6575075 0.982191 -0.1324339 0.1332755 0.8282711 0.5496203 -0.109016 0.9241912 -0.1797612 0.3369817 0.9875856 -0.1467572 -0.05601143 0.7393167 -0.3997581 -0.5418528 0.116105 0.08795011 -0.9893354 -0.2557943 0.7424795 -0.6191071 -0.4221853 -0.0343368 -0.9058591 -0.3446027 -0.6665472 -0.6610324 0.03315985 -0.7150586 -0.6982778 -0.2961079 -0.5879861 -0.7527234 0.7679376 -0.3507791 -0.5359347 -0.05000579 -0.673632 -0.7373733 -0.3048312 -0.09227168 -0.9479262 0.9919722 0.09710431 0.08100605 -0.006216108 -0.1374447 -0.99049 0.9643719 -0.2542644 0.07305175 0.7554952 0.1876011 0.6277205 0.5959862 0.009206473 -0.802942 -0.02892392 0.09781455 -0.9947844 -0.2829937 0.1099124 -0.9528033 0.06529104 0.1907247 -0.9794699 0.6315237 0.1554137 -0.7596212 0.9444763 0.3274276 0.02749073 0.9757481 -0.02340954 0.2176414 0.7196237 0.2133783 0.6607658 -0.5201848 0.7451401 0.4173415 -0.03581988 0.997141 -0.06653618 -0.09244018 0.9292088 0.357807 -0.9107204 0.4055804 0.07805877 -0.5440444 0.7752782 -0.320873 0.09976381 0.9788387 -0.1786676 -0.9244838 0.3807204 -0.01953893 -0.9724425 -0.2228496 -0.06851011 -0.9288418 -0.2435586 0.2791631 -0.9981808 -0.0566619 0.02060496 -0.8766583 -0.4810538 0.007583558 -0.8330455 -0.4835093 0.2688013 -0.8338214 -0.4473514 0.3234479 -0.9762194 0.2092944 -0.05649435 -0.705807 0.1744228 -0.6865954 -0.9492408 -0.2048993 -0.2386595 -0.849029 -0.465185 0.2505053 -0.6313339 0.05827504 -0.7733185 -0.5468941 0.3998936 -0.7355216 -0.6910906 -0.6473432 -0.3214665 0.2122639 -0.7957531 -0.5672047 -0.3767685 -0.4374688 -0.8164966 -0.1107553 -0.7108951 -0.6945225 0.2429314 -0.8087384 -0.5356556 -0.1559137 -0.544787 -0.8239528 0.3000852 -0.7435212 -0.5975995 -0.05479735 0.2055178 -0.9771181 -0.4417096 0.2940771 -0.8475915 -0.4029046 0.6338914 -0.660189 -0.4574753 0.7511019 0.4759858 -0.7339959 0.6316737 0.2494764 -0.8220199 0.3148418 0.4745082 -0.9809828 0.1104621 0.1595956 -0.6159145 0.7345572 -0.2847368 -0.9060833 -0.3079739 0.2901122 -0.8844814 -0.4195982 0.2040341 -0.7369364 -0.4722005 -0.4836853 -0.9557553 0.2340649 0.1781725 -0.9415549 -0.3368523 -0.002269744 -0.5306556 -0.8470055 -0.03140854 -0.6264864 0.7733814 -0.09693294 -0.004674136 0.9999693 -0.006284713 -0.001672625 0.9997034 -0.02429795 -0.6831139 0.5637492 0.4642653 -0.8262304 -0.107182 0.5530421 -0.02008348 0.7771718 0.628968 0.2572022 0.8954076 0.3634452 0.3053875 0.8283818 0.4695978 -0.4840314 0.3737456 0.7912192 -0.025038 0.9961997 0.08342242 -0.6099705 -0.6653913 0.4303376 0.01991361 -0.9996262 0.01873242 0.01990878 -0.9996263 0.01873183 0.3337097 -0.8888584 0.3139566 0.03225564 -0.5938373 0.8039383 0.1528562 -0.4619202 0.8736503 -0.380515 -0.2016257 0.9025272 -0.4831752 -0.390408 0.7836603 -0.4979798 0.6152397 0.6111434 -0.1554341 0.3062531 0.9391747 -0.7639105 0.2371921 -0.6001507 -0.9866709 0.1554307 0.04818612 -0.743693 0.5179476 -0.4226713 -0.9902901 -0.1388199 -0.007398903 -0.8271746 0.5437723 0.1417532 -0.7848997 -0.3189453 0.5312311 -0.8331231 0.1236481 0.5390893 -0.8993456 0.01987433 0.4367865 -0.9913856 -0.1309266 -0.003590047 -0.8752209 -0.2216967 0.4299292 -0.996713 0.06640189 -0.04641169 -0.9109993 -0.4073558 0.06435477 -0.8877592 0.03349381 -0.4590882 -0.9138606 -0.2593573 -0.3123987 -0.909024 0.2026901 -0.3641323 -0.8614214 0.507874 -0.004154086 -0.7991714 0.403523 -0.445527 -0.9291552 0.3536878 0.1075899 -0.7006357 0.6928834 -0.1703591 -0.7444032 0.4684665 0.4758183 -0.6898822 0.6848821 0.2345185 -0.9241266 -0.0307489 -0.3808472 -0.9848805 -0.1575462 0.07204025 -0.9542754 0.1691458 -0.2464713 -0.9396966 -0.3419838 0.004171669 -0.979081 0.1243254 0.16107 -0.7842354 -0.4973559 0.370961 -0.8957677 -0.1901332 0.4018079 0.5917147 -0.01893424 0.8059251 0.2731541 -0.2322642 0.9335097 0.6463071 -0.2131944 0.7326905 0.5009678 -0.05816769 0.8635091 0.7830255 0.1518972 0.6031569 0.5593364 -0.4683272 0.6839682 0.6933066 0.5038594 0.5152202 0.1226909 0.9900767 -0.0685206 -0.01176786 0.9359731 0.3518752 0.5048308 0.6861504 0.5237781 0.9045084 0.01235312 0.4262769 0.5743542 -0.3986177 0.7149974 0.3520292 -0.3978477 0.8472266 0.8381772 -0.3367565 0.4290153 0.9292588 0.2932316 0.2247071 0.6832629 0.2729395 -0.6772415 0.4150214 0.9077274 0.06154906 0.6049509 0.5772767 0.5484397 0.8314025 0.2386209 0.5018267 0.8745452 0.3047595 0.3772167 0.8230842 -0.048801 0.5658188 0.9355713 -0.323858 0.1407927 0.6332459 -0.7735118 0.02606111 0.6028854 -0.6773843 0.4215207 0.1922659 -0.5556041 0.8089116 -0.155955 -0.8004505 0.5787547 -0.5811817 0.6444754 -0.4968695 0.05929464 0.8849634 -0.4618703 -0.2891547 0.3325204 -0.8976747 0.02828305 0.9662538 -0.2560346 -0.8928068 -0.2041466 -0.4015226 -0.7070367 0.3398865 -0.6201421 -0.9590322 -0.2000008 -0.2006414 0.0822823 0.5702236 -0.8173585 -0.02095389 0.6612585 -0.7498655 -0.8938471 -0.4429913 0.06925553 -0.9250419 -0.1497577 -0.3490991 -0.9361312 -0.3123593 -0.1615244 -0.7698345 -0.5949985 0.2309366 -0.7379586 -0.5250426 0.4239663 -0.7059283 -0.6344218 0.3149194 -0.901012 -0.4326753 0.03113955 -0.5482627 -0.8299496 -0.1029174 -0.8602026 -0.4698991 -0.1981071 -0.7514687 -0.633338 -0.1848724 -0.6124406 -0.7556461 -0.2321974 -0.8972139 -0.3853575 -0.2156546 -0.7913365 -0.6018674 -0.1074349 -0.7877252 -0.410412 0.4594029 -0.8785055 -0.3327801 0.3427616 -0.7602692 0.322569 0.5638617 0.106311 0.6432662 0.758226 -0.03759789 0.380393 0.9240605 -0.7395578 -0.5847879 0.3332827 -0.9607812 -0.2621579 -0.09040409 -0.6259599 0.3267543 -0.7081003 -0.09248971 0.7434319 -0.6623857 -0.7011511 0.3046224 -0.6446645 0.09976792 0.8479002 -0.5206837 -0.8248538 0.3124009 -0.471192 -0.9550417 0.161457 0.2486502 -0.396992 0.9109702 -0.1119406 -0.8258503 0.239885 -0.5103201 -0.7260221 0.07246488 -0.6838427 -0.7959772 0.1060673 -0.5959614 -0.813345 0.01704281 -0.5815322 -0.7892003 -0.5107221 -0.341066 -0.7273885 -0.0755856 -0.6820505 -0.8406074 0.1578844 -0.5181232 -0.7788734 -0.5233238 -0.3456709 -0.04912012 -0.9625325 -0.2666803 0.04378545 -0.990397 -0.1311368 -0.5213587 -0.7485731 -0.4096626 -0.7800517 0.002212166 -0.6257112 -0.7475129 0.08314085 -0.6590236 -0.5598028 -0.1310322 -0.8182002 -0.8716139 0.1573301 -0.4642591 -0.802332 0.4707028 -0.3670183 -0.8234806 0.5225978 -0.2208427 -0.844617 0.03630536 -0.5341386 -0.8479561 0.3229131 -0.4203542 -0.7337074 -0.1651809 -0.6590819 -0.7308927 -0.2372099 -0.6399433 -0.7092345 -0.03121864 -0.7042812 -0.7952309 0.1544432 -0.5863064 -0.8363587 0.351042 -0.421039 -0.6735243 0.1213471 -0.7291365 -0.609938 0.2095354 -0.7642451 -0.6141301 0.1448234 -0.7758032 -0.8124412 0.1818626 -0.5539543 -0.7343116 0.1950664 -0.6501813 -0.7588235 0.290979 -0.5826818 -0.6923211 0.09032309 -0.7159144 -0.6424877 0.300255 -0.7050225 -0.6279489 0.05879116 -0.7760309 -0.6765819 0.08761817 -0.731136 0.3003689 -0.8398874 -0.4520705 -0.2034175 -0.8220317 -0.5318697 0.5750988 0.03036719 -0.8175202 0.5384308 -0.7004095 0.4685283 0.9977551 -0.06537097 0.01454371 0.4421617 0.6647002 -0.6022182 0.3883625 0.08627277 0.9174594 0.734824 0.6144583 0.2871842 0.1398664 0.9497037 0.2801793 0.2919611 0.9556133 0.03952109 -0.3569111 0.9309032 0.07767707 0.7338022 0.2848534 0.6167601 0.7326992 0.3572369 -0.5792528 0.998831 0.04653513 -0.01308274 0.6158257 -0.2662376 0.7415364 0.6186266 -0.3984739 -0.6771409 0.7785153 -0.6250719 0.05656003 0.2471412 -0.9527587 0.1765565 -0.07956844 -0.9525205 0.2938938 -0.6710442 -0.6881489 0.2759546 0.4617986 -0.7310461 -0.5023083 0.6471385 -0.417258 0.6380498 0.9014265 -0.4327803 -0.01147615 0.5280038 -0.2486346 -0.8120302 0.8299072 0.3110008 0.4631766 0.9270777 0.2120673 -0.3091191 0.5347654 0.6679051 -0.5176184 0.4927542 -0.6814306 -0.5411522 -0.1402623 -0.8157516 -0.5611379 0.6852693 0.2776361 -0.6732936 0.868949 -0.3931834 0.3005571 0.9753898 0.2200774 -0.01344352 0.4300252 0.7599598 -0.4873804 0.6025313 0.141671 0.7854205 0.6017107 0.746468 0.28413 -0.001384496 0.9342558 0.3566011</float_array>
          <technique_common>
            <accessor source="#Ice_Horn__Mt_Ice-mesh-normals-array" count="700" stride="3">
              <param name="X" type="float"/>
              <param name="Y" type="float"/>
              <param name="Z" type="float"/>
            </accessor>
          </technique_common>
        </source>
        <source id="Ice_Horn__Mt_Ice-mesh-map">
          <float_array id="Ice_Horn__Mt_Ice-mesh-map-array" count="5136">0.910338 0.02148473 0.9309529 0.012726 0.9239491 0.06193637 0.9912871 0.04092466 0.9718624 0.06524759 0.9733577 0.01693749 0.3611353 0.1530327 0.3794308 0.1458915 0.3808347 0.1845425 0.3794308 0.1458915 0.3611353 0.1530327 0.3698482 0.09573513 0.9864042 0.9895933 0.9864042 0.9588922 0.9637293 0.9895933 0.9637293 0.9895933 0.9864042 0.9588922 0.9637293 0.9588922 0.9637293 0.9895933 0.9637293 0.9588922 0.9390249 0.9895933 0.9390249 0.9895933 0.9637293 0.9588922 0.9390249 0.9588922 0.9390249 0.9895933 0.9390249 0.9588922 0.9117723 0.9895933 0.9117723 0.9895933 0.9390249 0.9588922 0.9117723 0.9588922 0.9117723 0.9895933 0.9117723 0.9588922 0.8986801 0.9895933 0.8986801 0.9895933 0.9117723 0.9588922 0.8986801 0.9588922 0.8986801 0.9895933 0.8986801 0.9588922 0.8705272 0.9588922 0.8986801 0.9895933 0.8705272 0.9588922 0.8705272 0.9895933 0.8705272 0.9895933 0.8705272 0.9588922 0.8505379 0.9895933 0.8505379 0.9895933 0.8705272 0.9588922 0.8505379 0.9588922 0.8505379 0.9895933 0.8505379 0.9588922 0.8309148 0.9588922 0.8505379 0.9895933 0.8309148 0.9588922 0.8309148 0.9895933 0.8309148 0.9895933 0.8309148 0.9588922 0.8117495 0.9588922 0.8309148 0.9895933 0.8117495 0.9588922 0.8117495 0.9895933 0.8117495 0.9895933 0.8117495 0.9588922 0.7954223 0.9588922 0.8117495 0.9895933 0.7954223 0.9588922 0.7954223 0.9895933 0.7954223 0.9895933 0.7954223 0.9588922 0.7757687 0.9588922 0.7954223 0.9895933 0.7757687 0.9588922 0.7757687 0.9895933 0.7757687 0.9895933 0.7757687 0.9588922 0.7601282 0.9588922 0.7757687 0.9895933 0.7601282 0.9588922 0.7601282 0.9895933 0.3422599 0.04365605 0.2989548 0.04664683 0.3105669 0.01940947 0.2989548 0.04664683 0.3422599 0.04365605 0.2994583 0.06140232 0.2994583 0.06140232 0.3422599 0.04365605 0.3424124 0.05421531 0.2994583 0.06140232 0.3424124 0.05421531 0.309865 0.09208822 0.309865 0.09208822 0.3424124 0.05421531 0.3499046 0.06895554 0.309865 0.09208822 0.3499046 0.06895554 0.3458762 0.09526205 0.309865 0.09208822 0.3458762 0.09526205 0.3206531 0.1351796 0.04904246 0.8877699 0.06897073 0.9199207 0.01092541 0.9177234 0.01092541 0.9177234 0.06897073 0.9199207 0.01741051 0.9270771 0.01741051 0.9270771 0.06897073 0.9199207 0.06564426 0.9347677 0.01741051 0.9270771 0.06564426 0.9347677 0.01167315 0.942565 0.01167315 0.942565 0.06564426 0.9347677 0.02034026 0.971252 0.02034026 0.971252 0.06564426 0.9347677 0.06053251 0.9662775 0.1435264 0.5571526 0.06019681 0.5824521 0.1288014 0.5430686 0.06019681 0.5824521 0.1435264 0.5571526 0.04757761 0.6005799 0.04757761 0.6005799 0.1435264 0.5571526 0.1520408 0.5913787 0.04757761 0.6005799 0.1520408 0.5913787 0.05317765 0.6191195 0.05317765 0.6191195 0.1520408 0.5913787 0.04429692 0.6411841 0.04429692 0.6411841 0.1520408 0.5913787 0.08094906 0.6657969 0.04429692 0.6411841 0.08094906 0.6657969 0.03889524 0.688014 0.08094906 0.6657969 0.1520408 0.5913787 0.158053 0.6283208 0.03889524 0.688014 0.08094906 0.6657969 0.09806972 0.6915236 0.09806972 0.6915236 0.08094906 0.6657969 0.158053 0.6283208 0.09806972 0.6915236 0.158053 0.6283208 0.1825895 0.6491798 0.4056306 0.01940947 0.4265659 0.06153964 0.3837796 0.03625541 0.3837796 0.03625541 0.4265659 0.06153964 0.3659571 0.05798429 0.3659571 0.05798429 0.4265659 0.06153964 0.4285038 0.08131533 0.3659571 0.05798429 0.4285038 0.08131533 0.4009003 0.09967195 0.3659571 0.05798429 0.4009003 0.09967195 0.3611353 0.07220566 0.7601282 0.9588922 0.7757687 0.9895933 0.7601282 0.9895933 0.7757687 0.9895933 0.7601282 0.9588922 0.7757687 0.9588922 0.7757687 0.9895933 0.7757687 0.9588922 0.7954223 0.9895933 0.7954223 0.9895933 0.7757687 0.9588922 0.7954223 0.9588922 0.7954223 0.9895933 0.7954223 0.9588922 0.8117495 0.9895933 0.8117495 0.9895933 0.7954223 0.9588922 0.8117495 0.9588922 0.8117495 0.9895933 0.8117495 0.9588922 0.8309148 0.9895933 0.8309148 0.9895933 0.8117495 0.9588922 0.8309148 0.9588922 0.8309148 0.9895933 0.8309148 0.9588922 0.8505379 0.9895933 0.8505379 0.9895933 0.8309148 0.9588922 0.8505379 0.9588922 0.8505379 0.9895933 0.8505379 0.9588922 0.8705272 0.9588922 0.8505379 0.9895933 0.8705272 0.9588922 0.8705272 0.9895933 0.8705272 0.9895933 0.8705272 0.9588922 0.8986801 0.9895933 0.8986801 0.9895933 0.8705272 0.9588922 0.8986801 0.9588922 0.8986801 0.9895933 0.8986801 0.9588922 0.9117723 0.9588922 0.8986801 0.9895933 0.9117723 0.9588922 0.9117723 0.9895933 0.9117723 0.9895933 0.9117723 0.9588922 0.9390249 0.9588922 0.9117723 0.9895933 0.9390249 0.9588922 0.9390249 0.9895933 0.9390249 0.9895933 0.9390249 0.9588922 0.9637293 0.9588922 0.9390249 0.9895933 0.9637293 0.9588922 0.9637293 0.9895933 0.9637293 0.9895933 0.9637293 0.9588922 0.9864042 0.9588922 0.9637293 0.9895933 0.9864042 0.9588922 0.9864042 0.9895933 0.9309529 0.012726 0.9590448 0.01237505 0.9239491 0.06193637 0.9239491 0.06193637 0.9590448 0.01237505 0.9409323 0.0732128 0.9409323 0.0732128 0.9590448 0.01237505 0.9718624 0.06524759 0.9718624 0.06524759 0.9590448 0.01237505 0.9733577 0.01693749 0.4232395 0.8724498 0.4383764 0.8539559 0.5100328 0.885359 0.4232395 0.8724498 0.5100328 0.885359 0.5245441 0.9016709 0.4232395 0.8724498 0.5245441 0.9016709 0.4290532 0.8999161 0.4232395 0.8724498 0.4290532 0.8999161 0.4136111 0.9126421 0.4290532 0.8999161 0.5245441 0.9016709 0.5223774 0.9208057 0.4136111 0.9126421 0.4290532 0.8999161 0.498024 0.9445487 0.498024 0.9445487 0.4290532 0.8999161 0.5223774 0.9208057 0.4136111 0.9126421 0.498024 0.9445487 0.4102235 0.9448386 0.4102235 0.9448386 0.498024 0.9445487 0.4983902 0.9797055 0.4983902 0.9797055 0.498024 0.9445487 0.5549248 0.9725338 0.498024 0.9445487 0.5223774 0.9208057 0.5273518 0.9406119 0.498024 0.9445487 0.5273518 0.9406119 0.5549248 0.9725338 0.5273518 0.9406119 0.5223774 0.9208057 0.548867 0.9279774 0.5273518 0.9406119 0.548867 0.9279774 0.5549248 0.9725338 0.9279469 0.4081025 0.9702144 0.3721218 0.9677119 0.3950256 0.9702144 0.3721218 0.9279469 0.4081025 0.9255512 0.3489128 0.9255512 0.3489128 0.9279469 0.4081025 0.9109178 0.3733578 0.9255512 0.3489128 0.9109178 0.3733578 0.8693675 0.3435416 0.9702144 0.3721218 0.9255512 0.3489128 0.9794919 0.3454947 0.9255512 0.3489128 0.8693675 0.3435416 0.8750896 0.2938125 0.9794919 0.3454947 0.9255512 0.3489128 0.9247273 0.3254291 0.9247273 0.3254291 0.9255512 0.3489128 0.8750896 0.2938125 0.9794919 0.3454947 0.9247273 0.3254291 0.9333944 0.2716411 0.9794919 0.3454947 0.9333944 0.2716411 0.9618982 0.1855649 0.9247273 0.3254291 0.8750896 0.2938125 0.8954452 0.2907149 0.9247273 0.3254291 0.8954452 0.2907149 0.9333944 0.2716411 0.9618982 0.1855649 0.9333944 0.2716411 0.9358358 0.1818265 0.9333944 0.2716411 0.8954452 0.2907149 0.9024186 0.2301518 0.9333944 0.2716411 0.9024186 0.2301518 0.9358358 0.1818265 0.8954452 0.2907149 0.8750896 0.2938125 0.8760815 0.2494087 0.8954452 0.2907149 0.8760815 0.2494087 0.9024186 0.2301518 0.9618982 0.1855649 0.9358358 0.1818265 0.9435722 0.1675288 0.9618982 0.1855649 0.9435722 0.1675288 0.9772793 0.1638514 0.9772793 0.1638514 0.9435722 0.1675288 0.972427 0.1196613 0.972427 0.1196613 0.9435722 0.1675288 0.9437553 0.1040971 0.9437553 0.1040971 0.9435722 0.1675288 0.9288472 0.1042191 0.9435722 0.1675288 0.9358358 0.1818265 0.9171283 0.1308767 0.9435722 0.1675288 0.9171283 0.1308767 0.9288472 0.1042191 0.9171283 0.1308767 0.9358358 0.1818265 0.9024186 0.2301518 0.8997482 0.1230029 0.9007553 0.09497213 0.9288472 0.1042191 0.8997482 0.1230029 0.9288472 0.1042191 0.9171283 0.1308767 0.8997482 0.1230029 0.9171283 0.1308767 0.8989395 0.136553 0.8989395 0.136553 0.9171283 0.1308767 0.8731213 0.2220798 0.8731213 0.2220798 0.9171283 0.1308767 0.9024186 0.2301518 0.8731213 0.2220798 0.9024186 0.2301518 0.8760815 0.2494087 0.8731213 0.2220798 0.8760815 0.2494087 0.8199435 0.2465553 0.8199435 0.2465553 0.8760815 0.2494087 0.8357061 0.2686656 0.8357061 0.2686656 0.8760815 0.2494087 0.8750896 0.2938125 0.8199435 0.2465553 0.8357061 0.2686656 0.8032349 0.2915084 0.8357061 0.2686656 0.8750896 0.2938125 0.8389258 0.2992294 0.8357061 0.2686656 0.8389258 0.2992294 0.8032349 0.2915084 0.4741589 0.01940947 0.5245899 0.06379795 0.4741131 0.05781644 0.4741131 0.05781644 0.5245899 0.06379795 0.4988784 0.07335013 0.4988784 0.07335013 0.5245899 0.06379795 0.5274739 0.07133591 0.4741131 0.05781644 0.4988784 0.07335013 0.4617532 0.1044022 0.4988784 0.07335013 0.5274739 0.07133591 0.5232319 0.1134966 0.4988784 0.07335013 0.5232319 0.1134966 0.4966506 0.1239033 0.4988784 0.07335013 0.4966506 0.1239033 0.4617532 0.1044022 0.4966506 0.1239033 0.5232319 0.1134966 0.5231861 0.1265125 0.4617532 0.1044022 0.4966506 0.1239033 0.4931105 0.136736 0.4931105 0.136736 0.4966506 0.1239033 0.5231861 0.1265125 0.4617532 0.1044022 0.4931105 0.136736 0.4564584 0.1154498 0.4931105 0.136736 0.5231861 0.1265125 0.5199512 0.1433433 0.4564584 0.1154498 0.4931105 0.136736 0.4499885 0.1346151 0.4931105 0.136736 0.5199512 0.1433433 0.4916457 0.1560997 0.4931105 0.136736 0.4916457 0.1560997 0.4499885 0.1346151 0.4916457 0.1560997 0.5199512 0.1433433 0.4897383 0.1650721 0.4916457 0.1560997 0.4897383 0.1650721 0.4499885 0.1346151 0.4897383 0.1650721 0.5199512 0.1433433 0.5199664 0.1726253 0.4897383 0.1650721 0.5199664 0.1726253 0.5184558 0.1828794 0.4499885 0.1346151 0.4897383 0.1650721 0.4540322 0.1574883 0.4897383 0.1650721 0.5184558 0.1828794 0.5235828 0.2151369 0.4162814 0.165362 0.4540322 0.1574883 0.4194705 0.1759822 0.4194705 0.1759822 0.4540322 0.1574883 0.4599069 0.1692378 0.4599069 0.1692378 0.4540322 0.1574883 0.4897383 0.1650721 0.4194705 0.1759822 0.4599069 0.1692378 0.4364233 0.2158999 0.4897383 0.1650721 0.5235828 0.2151369 0.4914931 0.2125429 0.4897383 0.1650721 0.4914931 0.2125429 0.4599069 0.1692378 0.4364233 0.2158999 0.4599069 0.1692378 0.4647593 0.2154269 0.4647593 0.2154269 0.4599069 0.1692378 0.4914931 0.2125429 0.4364233 0.2158999 0.4647593 0.2154269 0.44271 0.2303807 0.4914931 0.2125429 0.5235828 0.2151369 0.4907759 0.2285954 0.4914931 0.2125429 0.4907759 0.2285954 0.4647593 0.2154269 0.4907759 0.2285954 0.5235828 0.2151369 0.5202563 0.2263981 0.4907759 0.2285954 0.5202563 0.2263981 0.528603 0.2826276 0.44271 0.2303807 0.4647593 0.2154269 0.4652933 0.2291142 0.4652933 0.2291142 0.4647593 0.2154269 0.4907759 0.2285954 0.4907759 0.2285954 0.528603 0.2826276 0.4874647 0.2893263 0.4907759 0.2285954 0.4874647 0.2893263 0.4652933 0.2291142 0.4874647 0.2893263 0.528603 0.2826276 0.5193408 0.3067827 0.44271 0.2303807 0.4652933 0.2291142 0.4641032 0.2986038 0.4641032 0.2986038 0.4652933 0.2291142 0.4874647 0.2893263 0.44271 0.2303807 0.4641032 0.2986038 0.4404059 0.3039292 0.4874647 0.2893263 0.5193408 0.3067827 0.4868849 0.3074693 0.4874647 0.2893263 0.4868849 0.3074693 0.4641032 0.2986038 0.4868849 0.3074693 0.5193408 0.3067827 0.5163805 0.3582819 0.4404059 0.3039292 0.4641032 0.2986038 0.4661936 0.3149157 0.4661936 0.3149157 0.4641032 0.2986038 0.4868849 0.3074693 0.4404059 0.3039292 0.4661936 0.3149157 0.4489815 0.3177539 0.4489815 0.3177539 0.4661936 0.3149157 0.4423285 0.3557793 0.4868849 0.3074693 0.5163805 0.3582819 0.4818494 0.3664302 0.4868849 0.3074693 0.4818494 0.3664302 0.4661936 0.3149157 0.4818494 0.3664302 0.5163805 0.3582819 0.5313191 0.4417487 0.4818494 0.3664302 0.5313191 0.4417487 0.5092393 0.4628824 0.4423285 0.3557793 0.4661936 0.3149157 0.4606394 0.372137 0.4606394 0.372137 0.4661936 0.3149157 0.4818494 0.3664302 0.4423285 0.3557793 0.4606394 0.372137 0.409781 0.3710994 0.409781 0.3710994 0.4606394 0.372137 0.3790799 0.4057832 0.4818494 0.3664302 0.5092393 0.4628824 0.4797589 0.4984818 0.4797589 0.4984818 0.5092393 0.4628824 0.5125658 0.4947891 0.4797589 0.4984818 0.5125658 0.4947891 0.4908827 0.5616846 0.4797589 0.4984818 0.4908827 0.5616846 0.4484932 0.5195392 0.4818494 0.3664302 0.4797589 0.4984818 0.4634623 0.4025025 0.4634623 0.4025025 0.4797589 0.4984818 0.4484932 0.5195392 0.4818494 0.3664302 0.4634623 0.4025025 0.4606394 0.372137 0.4634623 0.4025025 0.4484932 0.5195392 0.4420539 0.4332494 0.4606394 0.372137 0.4634623 0.4025025 0.4019074 0.432929 0.4019074 0.432929 0.4634623 0.4025025 0.4420539 0.4332494 0.4606394 0.372137 0.4019074 0.432929 0.3790799 0.4057832 0.4019074 0.432929 0.4420539 0.4332494 0.4081178 0.4503242 0.3790799 0.4057832 0.4019074 0.432929 0.3758907 0.446189 0.3758907 0.446189 0.4019074 0.432929 0.4081178 0.4503242 0.5712367 0.9762722 0.5825284 0.9497978 0.5910429 0.9866026 0.5910429 0.9866026 0.5825284 0.9497978 0.6259556 0.9350881 0.6259556 0.9350881 0.5825284 0.9497978 0.6114596 0.9276112 0.6259556 0.9350881 0.6114596 0.9276112 0.624094 0.9010147 0.5910429 0.9866026 0.6259556 0.9350881 0.6261692 0.9710231 0.6259556 0.9350881 0.624094 0.9010147 0.6484779 0.901091 0.6498817 0.9722133 0.6264744 0.9815671 0.6261692 0.9710231 0.6259556 0.9350881 0.6484779 0.901091 0.6509499 0.9346609 0.6259556 0.9350881 0.6509499 0.9346609 0.6261692 0.9710231 0.6261692 0.9710231 0.6509499 0.9346609 0.6498817 0.9722133 0.6509499 0.9346609 0.6484779 0.901091 0.6721141 0.899855 0.6498817 0.9722133 0.6509499 0.9346609 0.673106 0.9621118 0.6498817 0.9722133 0.673106 0.9621118 0.6695506 0.9841764 0.6695506 0.9841764 0.673106 0.9621118 0.6846723 0.983444 0.6509499 0.9346609 0.6721141 0.899855 0.6773937 0.9348592 0.6509499 0.9346609 0.6773937 0.9348592 0.673106 0.9621118 0.6966354 0.8942245 0.6894942 0.9224689 0.6721141 0.899855 0.6721141 0.899855 0.6894942 0.9224689 0.6773937 0.9348592 0.6846723 0.983444 0.673106 0.9621118 0.7104753 0.9727169 0.6846723 0.983444 0.7104753 0.9727169 0.7103838 0.9862669 0.7103838 0.9862669 0.7104753 0.9727169 0.7239643 0.9840086 0.7239643 0.9840086 0.7104753 0.9727169 0.7365835 0.9710689 0.673106 0.9621118 0.6773937 0.9348592 0.7179828 0.9589075 0.673106 0.9621118 0.7179828 0.9589075 0.7104753 0.9727169 0.7179828 0.9589075 0.6773937 0.9348592 0.6894942 0.9224689 0.7104753 0.9727169 0.7179828 0.9589075 0.7365835 0.9710689 0.7179828 0.9589075 0.6894942 0.9224689 0.7287557 0.9521019 0.7179828 0.9589075 0.7287557 0.9521019 0.7365835 0.9710689 0.2875563 0.7258564 0.2551766 0.8329595 0.2541237 0.7207751 0.2541237 0.7207751 0.2551766 0.8329595 0.2296178 0.8117342 0.2541237 0.7207751 0.2296178 0.8117342 0.2409857 0.7237355 0.2296178 0.8117342 0.2551766 0.8329595 0.1501793 0.8836652 0.2409857 0.7237355 0.2296178 0.8117342 0.2279698 0.7429465 0.2296178 0.8117342 0.1501793 0.8836652 0.1494163 0.8498055 0.1494163 0.8498055 0.1501793 0.8836652 0.04545658 0.8315709 0.2279698 0.7429465 0.2296178 0.8117342 0.2013123 0.7876097 0.2013123 0.7876097 0.2296178 0.8117342 0.1494163 0.8498055 0.2279698 0.7429465 0.2013123 0.7876097 0.2125429 0.7307088 0.2125429 0.7307088 0.2013123 0.7876097 0.1955901 0.7326925 0.1955901 0.7326925 0.2013123 0.7876097 0.1767758 0.7424582 0.1767758 0.7424582 0.2013123 0.7876097 0.1503929 0.8118868 0.1503929 0.8118868 0.2013123 0.7876097 0.1494163 0.8498055 0.1767758 0.7424582 0.1503929 0.8118868 0.1534905 0.7396811 0.1534905 0.7396811 0.1503929 0.8118868 0.12607 0.7593194 0.07098495 0.8089113 0.1494163 0.8498055 0.04545658 0.8315709 0.1494163 0.8498055 0.07098495 0.8089113 0.1503929 0.8118868 0.07098495 0.8089113 0.04545658 0.8315709 0.01425188 0.7217212 0.07098495 0.8089113 0.01425188 0.7217212 0.04933238 0.7178454 0.12607 0.7593194 0.1503929 0.8118868 0.1007858 0.7861448 0.1007858 0.7861448 0.1503929 0.8118868 0.07098495 0.8089113 0.1007858 0.7861448 0.07098495 0.8089113 0.04933238 0.7178454 0.12607 0.7593194 0.1007858 0.7861448 0.1135271 0.7549859 0.1007858 0.7861448 0.04933238 0.7178454 0.07186996 0.7163806 0.1135271 0.7549859 0.1007858 0.7861448 0.09071487 0.7396811 0.09071487 0.7396811 0.1007858 0.7861448 0.07186996 0.7163806 0.2875563 0.7258564 0.2541237 0.7207751 0.2551766 0.8329595 0.2551766 0.8329595 0.2541237 0.7207751 0.2296178 0.8117342 0.2296178 0.8117342 0.2541237 0.7207751 0.2409857 0.7237355 0.2551766 0.8329595 0.2296178 0.8117342 0.1501793 0.8836652 0.2296178 0.8117342 0.2409857 0.7237355 0.2279698 0.7429465 0.1501793 0.8836652 0.2296178 0.8117342 0.1494163 0.8498055 0.1501793 0.8836652 0.1494163 0.8498055 0.04545658 0.8315709 0.2296178 0.8117342 0.2279698 0.7429465 0.2013123 0.7876097 0.2296178 0.8117342 0.2013123 0.7876097 0.1494163 0.8498055 0.2013123 0.7876097 0.2279698 0.7429465 0.2125429 0.7307088 0.2013123 0.7876097 0.2125429 0.7307088 0.1955901 0.7326925 0.2013123 0.7876097 0.1955901 0.7326925 0.1767758 0.7424582 0.2013123 0.7876097 0.1767758 0.7424582 0.1503929 0.8118868 0.2013123 0.7876097 0.1503929 0.8118868 0.1494163 0.8498055 0.1503929 0.8118868 0.1767758 0.7424582 0.1534905 0.7396811 0.1503929 0.8118868 0.1534905 0.7396811 0.12607 0.7593194 0.07098495 0.8089113 0.04545658 0.8315709 0.1494163 0.8498055 0.07098495 0.8089113 0.1494163 0.8498055 0.1503929 0.8118868 0.04545658 0.8315709 0.07098495 0.8089113 0.01425188 0.7217212 0.01425188 0.7217212 0.07098495 0.8089113 0.04933238 0.7178454 0.1503929 0.8118868 0.12607 0.7593194 0.1007858 0.7861448 0.1503929 0.8118868 0.1007858 0.7861448 0.07098495 0.8089113 0.07098495 0.8089113 0.1007858 0.7861448 0.04933238 0.7178454 0.1007858 0.7861448 0.12607 0.7593194 0.1135271 0.7549859 0.04933238 0.7178454 0.1007858 0.7861448 0.07186996 0.7163806 0.1007858 0.7861448 0.1135271 0.7549859 0.09071487 0.7396811 0.1007858 0.7861448 0.09071487 0.7396811 0.07186996 0.7163806 0.3131609 0.6978713 0.3343557 0.6908064 0.3249256 0.7118334 0.3343557 0.6908064 0.3131609 0.6978713 0.3277791 0.6687419 0.3343557 0.6908064 0.3277791 0.6687419 0.3634699 0.666514 0.3634699 0.666514 0.3277791 0.6687419 0.3315023 0.6361791 0.3343557 0.6908064 0.3634699 0.666514 0.3609522 0.7203021 0.3343557 0.6908064 0.3609522 0.7203021 0.3428855 0.7233539 0.3428855 0.7233539 0.3609522 0.7203021 0.3718471 0.760235 0.3718471 0.760235 0.3609522 0.7203021 0.3925841 0.7453422 0.3925841 0.7453422 0.3609522 0.7203021 0.3827268 0.7204242 0.3827268 0.7204242 0.3609522 0.7203021 0.3634699 0.666514 0.3925841 0.7453422 0.3827268 0.7204242 0.3999695 0.7000381 0.3999695 0.7000381 0.3827268 0.7204242 0.3634699 0.666514 0.3925841 0.7453422 0.3999695 0.7000381 0.4144808 0.7160907 0.4144808 0.7160907 0.3999695 0.7000381 0.4301518 0.6819409 0.4301518 0.6819409 0.3999695 0.7000381 0.3634699 0.666514 0.4144808 0.7160907 0.4301518 0.6819409 0.4349432 0.7095598 0.5347372 0.7199817 0.5262684 0.7440146 0.4349432 0.7095598 0.5347372 0.7199817 0.4349432 0.7095598 0.4301518 0.6819409 0.5347372 0.7199817 0.4301518 0.6819409 0.5291981 0.6700847 0.5347372 0.7199817 0.5291981 0.6700847 0.5726253 0.6920424 0.5726253 0.6920424 0.5291981 0.6700847 0.5442588 0.6624552 0.5442588 0.6624552 0.5291981 0.6700847 0.5291523 0.6353399 0.5291523 0.6353399 0.5291981 0.6700847 0.5065233 0.6280461 0.5291981 0.6700847 0.4301518 0.6819409 0.4209354 0.6517586 0.5291981 0.6700847 0.4209354 0.6517586 0.5065233 0.6280461 0.4209354 0.6517586 0.4301518 0.6819409 0.3634699 0.666514 0.5065233 0.6280461 0.4209354 0.6517586 0.4399939 0.6110628 0.4209354 0.6517586 0.3634699 0.666514 0.3623255 0.6384223 0.4209354 0.6517586 0.3623255 0.6384223 0.4399939 0.6110628 0.3623255 0.6384223 0.3634699 0.666514 0.3315023 0.6361791 0.3623255 0.6384223 0.3315023 0.6361791 0.3201953 0.6023651 0.4399939 0.6110628 0.3623255 0.6384223 0.3604791 0.6315557 0.3604791 0.6315557 0.3623255 0.6384223 0.3201953 0.6023651 0.4399939 0.6110628 0.3604791 0.6315557 0.3593347 0.6166476 0.3593347 0.6166476 0.3604791 0.6315557 0.3201953 0.6023651 0.301503 0.6096284 0.2891432 0.5862516 0.3201953 0.6023651 0.3593347 0.6166476 0.3201953 0.6023651 0.3574884 0.6091249 0.3574884 0.6091249 0.3201953 0.6023651 0.2891432 0.5862516 0.4399939 0.6110628 0.3593347 0.6166476 0.4033265 0.5695888 0.4033265 0.5695888 0.3593347 0.6166476 0.3574884 0.6091249 0.3574884 0.6091249 0.2891432 0.5862516 0.3518273 0.5727626 0.3574884 0.6091249 0.3518273 0.5727626 0.4033265 0.5695888 0.3518273 0.5727626 0.2891432 0.5862516 0.3043259 0.5444725 0.4399939 0.6110628 0.4033265 0.5695888 0.4258946 0.5694209 0.4399939 0.6110628 0.4258946 0.5694209 0.4538796 0.5682765 0.3518273 0.5727626 0.3043259 0.5444725 0.3515831 0.5433738 0.4538796 0.5682765 0.4258946 0.5694209 0.4168307 0.54168 0.4168307 0.54168 0.4258946 0.5694209 0.4033265 0.5695888 0.4538796 0.5682765 0.4168307 0.54168 0.4425116 0.5328908 0.3515831 0.5433738 0.3043259 0.5444725 0.3174182 0.5297322 0.3900054 0.5461357 0.4033265 0.5695888 0.3518273 0.5727626 0.4033265 0.5695888 0.3900054 0.5461357 0.4168307 0.54168 0.3900054 0.5461357 0.3518273 0.5727626 0.3515831 0.5433738 0.4425116 0.5328908 0.4168307 0.54168 0.4046235 0.5141528 0.4046235 0.5141528 0.4168307 0.54168 0.3900054 0.5461357 0.4425116 0.5328908 0.4046235 0.5141528 0.4287633 0.5063249 0.4287633 0.5063249 0.4046235 0.5141528 0.4200198 0.4934767 0.3900054 0.5461357 0.3515831 0.5433738 0.3806821 0.5195697 0.3900054 0.5461357 0.3806821 0.5195697 0.4046235 0.5141528 0.350576 0.5342184 0.3515831 0.5433738 0.3174182 0.5297322 0.3515831 0.5433738 0.350576 0.5342184 0.3806821 0.5195697 0.350576 0.5342184 0.3174182 0.5297322 0.3503776 0.5265583 0.350576 0.5342184 0.3503776 0.5265583 0.3806821 0.5195697 0.3503776 0.5265583 0.3174182 0.5297322 0.3164874 0.5138171 0.4046235 0.5141528 0.3806821 0.5195697 0.3951324 0.500679 0.4046235 0.5141528 0.3951324 0.500679 0.4200198 0.4934767 0.3806821 0.5195697 0.3503776 0.5265583 0.3816434 0.5033951 0.3806821 0.5195697 0.3816434 0.5033951 0.3951324 0.500679 0.4200198 0.4934767 0.3951324 0.500679 0.3930419 0.4921492 0.3930419 0.4921492 0.3951324 0.500679 0.3816434 0.5033951 0.4200198 0.4934767 0.3930419 0.4921492 0.4212863 0.4841535 0.3930419 0.4921492 0.3816434 0.5033951 0.3775845 0.4941024 0.3816434 0.5033951 0.3503776 0.5265583 0.348867 0.5161822 0.3816434 0.5033951 0.348867 0.5161822 0.3775845 0.4941024 0.348867 0.5161822 0.3503776 0.5265583 0.3164874 0.5138171 0.3775845 0.4941024 0.348867 0.5161822 0.3449455 0.4839551 0.348867 0.5161822 0.3164874 0.5138171 0.3164111 0.5036851 0.348867 0.5161822 0.3164111 0.5036851 0.3449455 0.4839551 0.02764934 0.06729227 0.01432818 0.01940947 0.05058366 0.03662163 0.02764934 0.06729227 0.05058366 0.03662163 0.06840616 0.06523233 0.06840616 0.06523233 0.05058366 0.03662163 0.05745017 0.03285264 0.02764934 0.06729227 0.06840616 0.06523233 0.06225681 0.08787667 0.02764934 0.06729227 0.06225681 0.08787667 0.04620426 0.1027085 0.06840616 0.06523233 0.05745017 0.03285264 0.1062791 0.05407798 0.06840616 0.06523233 0.1062791 0.05407798 0.06225681 0.08787667 0.1062791 0.05407798 0.05745017 0.03285264 0.1292287 0.02642863 0.1062791 0.05407798 0.1292287 0.02642863 0.1384299 0.08361941 0.1062791 0.05407798 0.1384299 0.08361941 0.1096208 0.1032578 0.1062791 0.05407798 0.1096208 0.1032578 0.06225681 0.08787667 0.1096208 0.1032578 0.1384299 0.08361941 0.1410391 0.09372091 0.06231778 0.09558248 0.04620426 0.1027085 0.06225681 0.08787667 0.04620426 0.1027085 0.06231778 0.09558248 0.06053251 0.1115282 0.06225681 0.08787667 0.1096208 0.1032578 0.1085679 0.1127642 0.06225681 0.08787667 0.1085679 0.1127642 0.06231778 0.09558248 0.1085679 0.1127642 0.1096208 0.1032578 0.1410391 0.09372091 0.06231778 0.09558248 0.1085679 0.1127642 0.06053251 0.1115282 0.1085679 0.1127642 0.1410391 0.09372091 0.1356374 0.1117418 0.06053251 0.1115282 0.1085679 0.1127642 0.1079423 0.1324636 0.1079423 0.1324636 0.1085679 0.1127642 0.1356374 0.1117418 0.06053251 0.1115282 0.1079423 0.1324636 0.1087053 0.1442893 0.1087053 0.1442893 0.1079423 0.1324636 0.1356374 0.1117418 0.1087053 0.1442893 0.1356374 0.1117418 0.1381399 0.1231709 0.1087053 0.1442893 0.1381399 0.1231709 0.1368582 0.1491722 0.06053251 0.1115282 0.1087053 0.1442893 0.06894022 0.1435722 0.1087053 0.1442893 0.1368582 0.1491722 0.1339895 0.159411 0.03126573 0.1610742 0.02684056 0.1509575 0.06894022 0.1435722 0.03126573 0.1610742 0.06894022 0.1435722 0.07229721 0.1561151 0.07229721 0.1561151 0.06894022 0.1435722 0.1087053 0.1442893 0.03126573 0.1610742 0.07229721 0.1561151 0.03015178 0.194049 0.03015178 0.194049 0.07229721 0.1561151 0.07272446 0.1884336 0.07272446 0.1884336 0.07229721 0.1561151 0.1087053 0.1442893 0.03015178 0.194049 0.07272446 0.1884336 0.03723198 0.2040131 0.07272446 0.1884336 0.1087053 0.1442893 0.1063249 0.1914855 0.1063249 0.1914855 0.1087053 0.1442893 0.1339895 0.159411 0.03723198 0.2040131 0.07272446 0.1884336 0.07711911 0.2027771 0.07711911 0.2027771 0.07272446 0.1884336 0.1063249 0.1914855 0.1063249 0.1914855 0.1339895 0.159411 0.1372091 0.1974518 0.1372091 0.1974518 0.1339895 0.159411 0.1599146 0.2008392 0.07711911 0.2027771 0.1063249 0.1914855 0.1071946 0.2040131 0.1071946 0.2040131 0.1063249 0.1914855 0.1372091 0.1974518 0.03723198 0.2040131 0.07711911 0.2027771 0.0653696 0.2562143 0.0653696 0.2562143 0.07711911 0.2027771 0.1071946 0.2040131 0.03723198 0.2040131 0.0653696 0.2562143 0.04654002 0.2610666 0.04654002 0.2610666 0.0653696 0.2562143 0.0695964 0.2776226 0.1372091 0.1974518 0.1599146 0.2008392 0.1367666 0.2127718 0.1372091 0.1974518 0.1367666 0.2127718 0.1071946 0.2040131 0.1367666 0.2127718 0.1599146 0.2008392 0.1591974 0.2158999 0.1367666 0.2127718 0.1591974 0.2158999 0.1507134 0.2909743 0.0653696 0.2562143 0.1071946 0.2040131 0.1041276 0.2670023 0.1041276 0.2670023 0.1071946 0.2040131 0.1367666 0.2127718 0.0695964 0.2776226 0.0653696 0.2562143 0.09275954 0.2818494 0.09275954 0.2818494 0.0653696 0.2562143 0.1041276 0.2670023 0.0695964 0.2776226 0.09275954 0.2818494 0.06207364 0.3313802 0.1041276 0.2670023 0.1367666 0.2127718 0.129427 0.2872816 0.129427 0.2872816 0.1367666 0.2127718 0.1507134 0.2909743 0.09275954 0.2818494 0.1041276 0.2670023 0.1013199 0.2819562 0.1013199 0.2819562 0.1041276 0.2670023 0.129427 0.2872816 0.06207364 0.3313802 0.09275954 0.2818494 0.08732736 0.343267 0.08732736 0.343267 0.09275954 0.2818494 0.1013199 0.2819562 0.06207364 0.3313802 0.08732736 0.343267 0.03019756 0.40972 0.129427 0.2872816 0.1507134 0.2909743 0.1245594 0.3010758 0.129427 0.2872816 0.1245594 0.3010758 0.1013199 0.2819562 0.1245594 0.3010758 0.1507134 0.2909743 0.1418173 0.3054398 0.1245594 0.3010758 0.1418173 0.3054398 0.1381857 0.3443351 0.03019756 0.40972 0.08732736 0.343267 0.0447852 0.4375982 0.03019756 0.40972 0.0447852 0.4375982 0.02372777 0.4372015 0.08732736 0.343267 0.1013199 0.2819562 0.0981155 0.3477989 0.08732736 0.343267 0.0981155 0.3477989 0.0447852 0.4375982 0.0981155 0.3477989 0.1013199 0.2819562 0.1245594 0.3010758 0.02372777 0.4372015 0.0447852 0.4375982 0.03689628 0.4657359 0.03689628 0.4657359 0.0447852 0.4375982 0.0981155 0.3477989 0.02372777 0.4372015 0.03689628 0.4657359 0.01425188 0.4716106 0.01425188 0.4716106 0.03689628 0.4657359 0.04809641 0.5417105 0.1206683 0.3570916 0.1245594 0.3010758 0.1381857 0.3443351 0.1245594 0.3010758 0.1206683 0.3570916 0.0981155 0.3477989 0.1206683 0.3570916 0.1381857 0.3443351 0.1685512 0.3646601 0.1206683 0.3570916 0.1685512 0.3646601 0.1929809 0.4052796 0.03689628 0.4657359 0.0981155 0.3477989 0.07025253 0.472755 0.1206683 0.3570916 0.1929809 0.4052796 0.1666743 0.4283055 0.1666743 0.4283055 0.1929809 0.4052796 0.1893187 0.4467536 0.1666743 0.4283055 0.1893187 0.4467536 0.1562829 0.4441139 0.1666743 0.4283055 0.1562829 0.4441139 0.1259022 0.4215152 0.1138781 0.3881285 0.0981155 0.3477989 0.1206683 0.3570916 0.1138781 0.3881285 0.1206683 0.3570916 0.1666743 0.4283055 0.1138781 0.3881285 0.1666743 0.4283055 0.1259022 0.4215152 0.0981155 0.3477989 0.1138781 0.3881285 0.07025253 0.472755 0.1138781 0.3881285 0.1259022 0.4215152 0.0953536 0.4992294 0.1138781 0.3881285 0.0953536 0.4992294 0.07025253 0.472755 0.0953536 0.4992294 0.1259022 0.4215152 0.1104448 0.5127184 0.0953536 0.4992294 0.1104448 0.5127184 0.04809641 0.5417105 0.07025253 0.472755 0.0953536 0.4992294 0.05508506 0.5242389 0.05508506 0.5242389 0.0953536 0.4992294 0.04809641 0.5417105 0.07025253 0.472755 0.05508506 0.5242389 0.03689628 0.4657359 0.03689628 0.4657359 0.05508506 0.5242389 0.04809641 0.5417105 0.1484245 0.1436332 0.1866178 0.1395285 0.1796597 0.1786526 0.1796597 0.1786526 0.1866178 0.1395285 0.2111543 0.1696498 0.1796597 0.1786526 0.2111543 0.1696498 0.1982452 0.1909819 0.2111543 0.1696498 0.1866178 0.1395285 0.2268711 0.127718 0.2268711 0.127718 0.1866178 0.1395285 0.1882811 0.1152819 0.1982452 0.1909819 0.2111543 0.1696498 0.2213321 0.1750973 0.2213321 0.1750973 0.2111543 0.1696498 0.2268711 0.127718 0.1982452 0.1909819 0.2213321 0.1750973 0.250843 0.2656901 0.2268711 0.127718 0.1882811 0.1152819 0.1906615 0.1047074 0.250843 0.2656901 0.2213321 0.1750973 0.2744335 0.2514839 0.250843 0.2656901 0.2744335 0.2514839 0.2746319 0.280766 0.2213321 0.1750973 0.2268711 0.127718 0.3023575 0.2231937 0.2213321 0.1750973 0.3023575 0.2231937 0.2744335 0.2514839 0.2268711 0.127718 0.1906615 0.1047074 0.2292515 0.1175402 0.2268711 0.127718 0.2292515 0.1175402 0.3023575 0.2231937 0.2746319 0.280766 0.2744335 0.2514839 0.2959487 0.2643168 0.2746319 0.280766 0.2959487 0.2643168 0.3403983 0.33991 0.2744335 0.2514839 0.3023575 0.2231937 0.3097429 0.2361944 0.2744335 0.2514839 0.3097429 0.2361944 0.2959487 0.2643168 0.3403983 0.33991 0.2959487 0.2643168 0.3520714 0.3270619 0.3403983 0.33991 0.3520714 0.3270619 0.3928893 0.3439689 0.3520714 0.3270619 0.2959487 0.2643168 0.3263294 0.2560922 0.3263294 0.2560922 0.2959487 0.2643168 0.3097429 0.2361944 0.3928893 0.3439689 0.3520714 0.3270619 0.3696193 0.3052109 0.3696193 0.3052109 0.3520714 0.3270619 0.3263294 0.2560922 0.3928893 0.3439689 0.3696193 0.3052109 0.4094759 0.3117723 0.4094759 0.3117723 0.3696193 0.3052109 0.4045777 0.2999771 0.4045777 0.2999771 0.3696193 0.3052109 0.4128328 0.2814069 0.4128328 0.2814069 0.3696193 0.3052109 0.3719692 0.235523 0.3719692 0.235523 0.3696193 0.3052109 0.3263294 0.2560922 0.3263294 0.2560922 0.3097429 0.2361944 0.3527276 0.226276 0.3263294 0.2560922 0.3527276 0.226276 0.3719692 0.235523 0.3719692 0.235523 0.3527276 0.226276 0.3785611 0.2116426 0.3785611 0.2116426 0.3527276 0.226276 0.3782406 0.2048523 0.3527276 0.226276 0.3097429 0.2361944 0.3357137 0.2003815 0.3527276 0.226276 0.3357137 0.2003815 0.3782406 0.2048523 0.3357137 0.2003815 0.3097429 0.2361944 0.3023575 0.2231937 0.3782406 0.2048523 0.3357137 0.2003815 0.3510338 0.1795071 0.3357137 0.2003815 0.3023575 0.2231937 0.2292515 0.1175402 0.3357137 0.2003815 0.2292515 0.1175402 0.3510338 0.1795071 0.3510338 0.1795071 0.2292515 0.1175402 0.2433814 0.09703212 0.2433814 0.09703212 0.2292515 0.1175402 0.2273288 0.08000302 0.2273288 0.08000302 0.2292515 0.1175402 0.1906615 0.1047074 0.2433814 0.09703212 0.2273288 0.08000302 0.249836 0.07324331 0.2273288 0.08000302 0.1906615 0.1047074 0.1880674 0.08862441 0.249836 0.07324331 0.2273288 0.08000302 0.2413062 0.05796903 0.2273288 0.08000302 0.1880674 0.08862441 0.1855649 0.08085757 0.2413062 0.05796903 0.2273288 0.08000302 0.2244907 0.06196689 0.2413062 0.05796903 0.2244907 0.06196689 0.2365454 0.03021287 0.2273288 0.08000302 0.1855649 0.08085757 0.1917449 0.03620964 0.2273288 0.08000302 0.1917449 0.03620964 0.2244907 0.06196689 0.2244907 0.06196689 0.1917449 0.03620964 0.2365454 0.03021287 0.1917449 0.03620964 0.1855649 0.08085757 0.1726406 0.03425651 0.2365454 0.03021287 0.1917449 0.03620964 0.2049286 0.01940947 0.6813 0.5734646 0.6648813 0.5884031 0.648661 0.5574578 0.6813 0.5734646 0.648661 0.5574578 0.6700847 0.5112841 0.6700847 0.5112841 0.648661 0.5574578 0.6307774 0.5302968 0.6813 0.5734646 0.6700847 0.5112841 0.6999924 0.5510491 0.6813 0.5734646 0.6999924 0.5510491 0.7281147 0.5669032 0.7281147 0.5669032 0.6999924 0.5510491 0.7304952 0.5299764 0.7304952 0.5299764 0.6999924 0.5510491 0.7063096 0.5259022 0.7063096 0.5259022 0.6999924 0.5510491 0.6700847 0.5112841 0.7063096 0.5259022 0.6700847 0.5112841 0.7162279 0.5118639 0.7162279 0.5118639 0.6700847 0.5112841 0.7121691 0.4814984 0.7121691 0.4814984 0.6700847 0.5112841 0.6627909 0.4881056 0.7121691 0.4814984 0.6627909 0.4881056 0.7208057 0.4431983 0.6231022 0.503624 0.6700847 0.5112841 0.6307774 0.5302968 0.6700847 0.5112841 0.6231022 0.503624 0.6627909 0.4881056 0.6231022 0.503624 0.6307774 0.5302968 0.5674525 0.6079652 0.5546502 0.6302892 0.5182117 0.5987641 0.5674525 0.6079652 0.5674525 0.6079652 0.5182117 0.5987641 0.5458 0.5627375 0.5674525 0.6079652 0.5458 0.5627375 0.6231022 0.503624 0.5458 0.5627375 0.5182117 0.5987641 0.5276875 0.5580072 0.5458 0.5627375 0.5276875 0.5580072 0.5300679 0.5259479 0.5458 0.5627375 0.5300679 0.5259479 0.547509 0.5086137 0.5458 0.5627375 0.547509 0.5086137 0.6231022 0.503624 0.6231022 0.503624 0.547509 0.5086137 0.6000458 0.4584725 0.6231022 0.503624 0.6000458 0.4584725 0.6627909 0.4881056 0.6627909 0.4881056 0.6000458 0.4584725 0.6620584 0.4789502 0.6627909 0.4881056 0.6620584 0.4789502 0.7208057 0.4431983 0.6620584 0.4789502 0.6000458 0.4584725 0.6606088 0.4623331 0.6620584 0.4789502 0.6606088 0.4623331 0.7208057 0.4431983 0.6606088 0.4623331 0.6000458 0.4584725 0.6265659 0.432105 0.6265659 0.432105 0.6000458 0.4584725 0.5919585 0.4248875 0.6265659 0.432105 0.5919585 0.4248875 0.6143282 0.4005646 0.7208057 0.4431983 0.6606088 0.4623331 0.69308 0.4316319 0.6265659 0.432105 0.6143282 0.4005646 0.6496376 0.3907835 0.6606088 0.4623331 0.6265659 0.432105 0.6604257 0.4507362 0.6606088 0.4623331 0.6604257 0.4507362 0.69308 0.4316319 0.6496376 0.3907835 0.6143282 0.4005646 0.6257114 0.3724727 0.6604257 0.4507362 0.6265659 0.432105 0.6576333 0.427802 0.6604257 0.4507362 0.6576333 0.427802 0.69308 0.4316319 0.6576333 0.427802 0.6265659 0.432105 0.6496376 0.3907835 0.69308 0.4316319 0.6576333 0.427802 0.6921187 0.3832151 0.6921187 0.3832151 0.6576333 0.427802 0.6496376 0.3907835 0.7308461 0.4197604 0.7208057 0.4431983 0.69308 0.4316319 0.7308461 0.4197604 0.69308 0.4316319 0.6921187 0.3832151 0.7208057 0.4431983 0.7308461 0.4197604 0.7476615 0.4437629 0.7476615 0.4437629 0.7308461 0.4197604 0.75729 0.417258 0.75729 0.417258 0.7308461 0.4197604 0.7437247 0.3756313 0.7437247 0.3756313 0.7308461 0.4197604 0.7197528 0.3810941 0.7197528 0.3810941 0.7308461 0.4197604 0.6921187 0.3832151 0.7437247 0.3756313 0.7197528 0.3810941 0.7371634 0.3584192 0.7197528 0.3810941 0.6921187 0.3832151 0.6869154 0.3707942 0.6869154 0.3707942 0.6921187 0.3832151 0.6496376 0.3907835 0.7371634 0.3584192 0.7197528 0.3810941 0.7140002 0.3659877 0.7140002 0.3659877 0.7197528 0.3810941 0.6869154 0.3707942 0.7371634 0.3584192 0.7140002 0.3659877 0.7294881 0.3452659 0.6869154 0.3707942 0.6496376 0.3907835 0.650782 0.3811551 0.650782 0.3811551 0.6496376 0.3907835 0.6257114 0.3724727 0.7294881 0.3452659 0.7140002 0.3659877 0.706981 0.3510338 0.706981 0.3510338 0.7140002 0.3659877 0.6869154 0.3707942 0.650782 0.3811551 0.6257114 0.3724727 0.6508278 0.3733273 0.650782 0.3811551 0.6508278 0.3733273 0.6869154 0.3707942 0.6508278 0.3733273 0.6257114 0.3724727 0.6216678 0.3575037 0.706981 0.3510338 0.6869154 0.3707942 0.6864119 0.3541924 0.6864119 0.3541924 0.6869154 0.3707942 0.6508278 0.3733273 0.7294881 0.3452659 0.706981 0.3510338 0.7046921 0.3424582 0.7046921 0.3424582 0.706981 0.3510338 0.6864119 0.3541924 0.7294881 0.3452659 0.7046921 0.3424582 0.7305257 0.3362325 0.7305257 0.3362325 0.7046921 0.3424582 0.6987411 0.3328908 0.6987411 0.3328908 0.7046921 0.3424582 0.6831769 0.3451591 0.6831769 0.3451591 0.7046921 0.3424582 0.6864119 0.3541924 0.6864119 0.3541924 0.6508278 0.3733273 0.6511483 0.363241 0.6864119 0.3541924 0.6511483 0.363241 0.6831769 0.3451591 0.6511483 0.363241 0.6508278 0.3733273 0.6216678 0.3575037 0.6831769 0.3451591 0.6511483 0.363241 0.6391089 0.3295796 0.6511483 0.363241 0.6216678 0.3575037 0.6229801 0.3477836 0.6511483 0.363241 0.6229801 0.3477836 0.6391089 0.3295796 0.5206226 0.8480659 0.5295339 0.858793 0.5221637 0.8637674 0.5295339 0.858793 0.5206226 0.8480659 0.5228657 0.8357061 0.5295339 0.858793 0.5228657 0.8357061 0.6061189 0.8673533 0.5295339 0.858793 0.6061189 0.8673533 0.608072 0.8846265 0.608072 0.8846265 0.6061189 0.8673533 0.6346227 0.864683 0.6346227 0.864683 0.6061189 0.8673533 0.6018769 0.8264744 0.6018769 0.8264744 0.6061189 0.8673533 0.5228657 0.8357061 0.6346227 0.864683 0.6018769 0.8264744 0.6265202 0.8475319 0.6265202 0.8475319 0.6018769 0.8264744 0.6263371 0.8364385 0.6263371 0.8364385 0.6018769 0.8264744 0.6052338 0.8069428 0.6052338 0.8069428 0.6018769 0.8264744 0.5148394 0.7900206 0.5148394 0.7900206 0.6018769 0.8264744 0.5228657 0.8357061 0.6052338 0.8069428 0.5148394 0.7900206 0.5233387 0.7703517 0.496498 0.8267949 0.5228657 0.8357061 0.5206226 0.8480659 0.5228657 0.8357061 0.496498 0.8267949 0.5148394 0.7900206 0.496498 0.8267949 0.5206226 0.8480659 0.4688792 0.8453193 0.5233387 0.7703517 0.5148394 0.7900206 0.4809186 0.784741 0.4809186 0.784741 0.5148394 0.7900206 0.496498 0.8267949 0.5233387 0.7703517 0.4809186 0.784741 0.4935836 0.7464256 0.496498 0.8267949 0.4688792 0.8453193 0.4426948 0.8230717 0.496498 0.8267949 0.4426948 0.8230717 0.4809186 0.784741 0.4426948 0.8230717 0.4688792 0.8453193 0.4341192 0.8420539 0.4935836 0.7464256 0.4809186 0.784741 0.4757458 0.7601587 0.4935836 0.7464256 0.4757458 0.7601587 0.4478981 0.7363546 0.4809186 0.784741 0.4426948 0.8230717 0.4378271 0.784329 0.4809186 0.784741 0.4378271 0.784329 0.4757458 0.7601587 0.4478981 0.7363546 0.4757458 0.7601587 0.453788 0.7570459 0.453788 0.7570459 0.4757458 0.7601587 0.4378271 0.784329 0.4478981 0.7363546 0.453788 0.7570459 0.4143435 0.7550774 0.4143435 0.7550774 0.453788 0.7570459 0.4378271 0.784329 0.4143435 0.7550774 0.4378271 0.784329 0.3779812 0.8049592 0.3779812 0.8049592 0.4378271 0.784329 0.4426948 0.8230717 0.4143435 0.7550774 0.3779812 0.8049592 0.3509575 0.7869231 0.3509575 0.7869231 0.3779812 0.8049592 0.3414969 0.8437934 0.3779812 0.8049592 0.4426948 0.8230717 0.3759976 0.8315862 0.3779812 0.8049592 0.3759976 0.8315862 0.3414969 0.8437934 0.3759976 0.8315862 0.4426948 0.8230717 0.4341192 0.8420539 0.3414969 0.8437934 0.3759976 0.8315862 0.3601434 0.8603036 0.3601434 0.8603036 0.3759976 0.8315862 0.4341192 0.8420539 0.8404059 0.7979553 0.83888 0.7830014 0.8586557 0.7915465 0.8586557 0.7915465 0.83888 0.7830014 0.8495308 0.766659 0.8404059 0.7979553 0.8586557 0.7915465 0.8555276 0.82121 0.8586557 0.7915465 0.8495308 0.766659 0.86775 0.7808042 0.86775 0.7808042 0.8495308 0.766659 0.8715953 0.7668879 0.86775 0.7808042 0.8715953 0.7668879 0.913756 0.7991302 0.8555276 0.82121 0.8586557 0.7915465 0.8737316 0.8187228 0.8737316 0.8187228 0.8586557 0.7915465 0.86775 0.7808042 0.86775 0.7808042 0.913756 0.7991302 0.9058518 0.8108644 0.86775 0.7808042 0.9058518 0.8108644 0.8737316 0.8187228 0.9058518 0.8108644 0.913756 0.7991302 0.9419547 0.8047456 0.8555276 0.82121 0.8737316 0.8187228 0.8646219 0.8321202 0.8555276 0.82121 0.8646219 0.8321202 0.8400244 0.8340734 0.8400244 0.8340734 0.8646219 0.8321202 0.8330815 0.8628519 0.8646219 0.8321202 0.8737316 0.8187228 0.8803845 0.8487678 0.8646219 0.8321202 0.8803845 0.8487678 0.8330815 0.8628519 0.8737316 0.8187228 0.9058518 0.8108644 0.9123827 0.8358892 0.8737316 0.8187228 0.9123827 0.8358892 0.8803845 0.8487678 0.9123827 0.8358892 0.9058518 0.8108644 0.9419547 0.8047456 0.8330815 0.8628519 0.8803845 0.8487678 0.8766613 0.8732891 0.8330815 0.8628519 0.8766613 0.8732891 0.8537118 0.8829023 0.8537118 0.8829023 0.8766613 0.8732891 0.8582742 0.8928664 0.8766613 0.8732891 0.8803845 0.8487678 0.8873579 0.878233 0.8766613 0.8732891 0.8873579 0.878233 0.8582742 0.8928664 0.8873579 0.878233 0.8803845 0.8487678 0.9123827 0.8358892 0.8582742 0.8928664 0.8873579 0.878233 0.8760357 0.926009 0.9123827 0.8358892 0.9419547 0.8047456 0.9400473 0.8271611 0.9400473 0.8271611 0.9419547 0.8047456 0.9690243 0.7998779 0.9400473 0.8271611 0.9690243 0.7998779 0.986923 0.8230869 0.9400473 0.8271611 0.986923 0.8230869 0.9741512 0.8495461 0.9400473 0.8271611 0.9741512 0.8495461 0.9492485 0.8453193 0.9492485 0.8453193 0.9741512 0.8495461 0.9382315 0.8699626 0.9123827 0.8358892 0.9400473 0.8271611 0.9225147 0.8624552 0.9225147 0.8624552 0.9400473 0.8271611 0.9492485 0.8453193 0.9225147 0.8624552 0.9492485 0.8453193 0.9382315 0.8699626 0.9123827 0.8358892 0.9225147 0.8624552 0.8873579 0.878233 0.9225147 0.8624552 0.9382315 0.8699626 0.9293355 0.9087511 0.8873579 0.878233 0.9225147 0.8624552 0.8956893 0.9087206 0.8956893 0.9087206 0.9225147 0.8624552 0.9293355 0.9087511 0.8873579 0.878233 0.8956893 0.9087206 0.8760357 0.926009 0.8956893 0.9087206 0.9293355 0.9087511 0.9029679 0.9298543 0.8956893 0.9087206 0.9029679 0.9298543 0.8760357 0.926009 0.5256276 0.03826963 0.53991 0.0281834 0.5431144 0.04110783 0.53991 0.0281834 0.5256276 0.03826963 0.5195697 0.02023345 0.5431144 0.04110783 0.53991 0.0281834 0.5544213 0.03311204 0.53991 0.0281834 0.5195697 0.02023345 0.5310597 0.01013201 0.5544213 0.03311204 0.53991 0.0281834 0.5545434 0.02279698 0.5545434 0.02279698 0.53991 0.0281834 0.5310597 0.01013201 0.6342565 0.3151904 0.6537575 0.30663 0.6545663 0.3214618 0.6537575 0.30663 0.6342565 0.3151904 0.628809 0.2944686 0.6545663 0.3214618 0.6537575 0.30663 0.6698405 0.3139544 0.6537575 0.30663 0.628809 0.2944686 0.6436103 0.2852674 0.6698405 0.3139544 0.6537575 0.30663 0.6712902 0.3017166 0.6712902 0.3017166 0.6537575 0.30663 0.6436103 0.2852674 0.08300906 0.9060502 0.1024949 0.8974899 0.1033036 0.9123064 0.1024949 0.8974899 0.08300906 0.9060502 0.07756161 0.8853285 0.1033036 0.9123064 0.1024949 0.8974899 0.1185779 0.9048142 0.1024949 0.8974899 0.07756161 0.8853285 0.09236282 0.8761272 0.1185779 0.9048142 0.1024949 0.8974899 0.1200427 0.8925612 0.1200427 0.8925612 0.1024949 0.8974899 0.09236282 0.8761272 0.7149767 0.3119707 0.7344778 0.3033952 0.7352865 0.3182269 0.7344778 0.3033952 0.7149767 0.3119707 0.7095293 0.2912337 0.7352865 0.3182269 0.7344778 0.3033952 0.7505608 0.3107195 0.7344778 0.3033952 0.7095293 0.2912337 0.7243305 0.2820477 0.7505608 0.3107195 0.7344778 0.3033952 0.7520104 0.2984817 0.7520104 0.2984817 0.7344778 0.3033952 0.7243305 0.2820477 0.1012741 0.9610132 0.1132067 0.9470817 0.1409934 0.9363699 0.1409934 0.9363699 0.1132067 0.9470817 0.1162737 0.9366751 0.1012741 0.9610132 0.1409934 0.9363699 0.1273823 0.9758297 0.1409934 0.9363699 0.1162737 0.9366751 0.1436484 0.9147326 0.1273823 0.9758297 0.1409934 0.9363699 0.2165713 0.95729 0.1273823 0.9758297 0.2165713 0.95729 0.2109102 0.9799954 0.2109102 0.9799954 0.2165713 0.95729 0.2189517 0.9811704 0.2189517 0.9811704 0.2165713 0.95729 0.2401311 0.9667048 0.2401311 0.9667048 0.2165713 0.95729 0.2649119 0.9537652 0.1409934 0.9363699 0.1436484 0.9147326 0.2282292 0.9157244 0.1409934 0.9363699 0.2282292 0.9157244 0.2165713 0.95729 0.2165713 0.95729 0.2282292 0.9157244 0.2649119 0.9537652 0.2282292 0.9157244 0.1436484 0.9147326 0.229633 0.8976425 0.2649119 0.9537652 0.2282292 0.9157244 0.2691539 0.9134508 0.2691539 0.9134508 0.2282292 0.9157244 0.229633 0.8976425 0.2649119 0.9537652 0.2691539 0.9134508 0.3024186 0.9497673 0.2649119 0.9537652 0.3024186 0.9497673 0.3011368 0.9799497 0.3011368 0.9799497 0.3024186 0.9497673 0.316701 0.9887236 0.316701 0.9887236 0.3024186 0.9497673 0.3747921 0.9578851 0.3747921 0.9578851 0.3024186 0.9497673 0.3629969 0.9384146 0.3747921 0.9578851 0.3629969 0.9384146 0.3885863 0.941741 0.3885863 0.941741 0.3629969 0.9384146 0.35523 0.9073319 0.35523 0.9073319 0.3629969 0.9384146 0.3024186 0.9497673 0.35523 0.9073319 0.3024186 0.9497673 0.2982529 0.9072709 0.2982529 0.9072709 0.3024186 0.9497673 0.2691539 0.9134508 0.2982529 0.9072709 0.2691539 0.9134508 0.2852674 0.8725566 0.2852674 0.8725566 0.2691539 0.9134508 0.2660868 0.8858778 0.2660868 0.8858778 0.2691539 0.9134508 0.229633 0.8976425 0.2852674 0.8725566 0.2660868 0.8858778 0.2493172 0.8781567 0.2493172 0.8781567 0.2660868 0.8858778 0.229633 0.8976425 0.2852674 0.8725566 0.2493172 0.8781567 0.2412451 0.8554818 0.2412451 0.8554818 0.2493172 0.8781567 0.229633 0.8976425 0.6268711 0.7374838 0.5836576 0.750927 0.5999542 0.7074693 0.5836576 0.750927 0.6268711 0.7374838 0.6107423 0.7612726 0.6268711 0.7374838 0.5999542 0.7074693 0.606775 0.6824597 0.6107423 0.7612726 0.6268711 0.7374838 0.6429694 0.7473869 0.6268711 0.7374838 0.606775 0.6824597 0.6344854 0.6887922 0.6107423 0.7612726 0.6429694 0.7473869 0.648188 0.7588617 0.6107423 0.7612726 0.648188 0.7588617 0.7061113 0.8828565 0.6344854 0.6887922 0.606775 0.6824597 0.6357977 0.6751507 0.6357977 0.6751507 0.606775 0.6824597 0.6071259 0.6660868 0.6357977 0.6751507 0.6071259 0.6660868 0.6116274 0.6564736 0.6357977 0.6751507 0.6116274 0.6564736 0.6446174 0.6331273 0.6357977 0.6751507 0.6446174 0.6331273 0.6516213 0.6608072 0.6357977 0.6751507 0.6516213 0.6608072 0.6584116 0.6732738 0.6344854 0.6887922 0.6357977 0.6751507 0.6440833 0.6888838 0.6440833 0.6888838 0.6357977 0.6751507 0.6584116 0.6732738 0.6344854 0.6887922 0.6440833 0.6888838 0.6268711 0.7374838 0.6268711 0.7374838 0.6440833 0.6888838 0.6429694 0.7473869 0.6440833 0.6888838 0.6584116 0.6732738 0.727657 0.7218433 0.6429694 0.7473869 0.6440833 0.6888838 0.6852979 0.7404135 0.6852979 0.7404135 0.6440833 0.6888838 0.727657 0.7218433 0.6852979 0.7404135 0.727657 0.7218433 0.745037 0.7402762 0.745037 0.7402762 0.727657 0.7218433 0.7656672 0.6906844 0.6429694 0.7473869 0.6852979 0.7404135 0.7364462 0.7930266 0.7364462 0.7930266 0.6852979 0.7404135 0.745037 0.7402762 0.745037 0.7402762 0.7656672 0.6906844 0.7802854 0.7127641 0.7802854 0.7127641 0.7656672 0.6906844 0.8095216 0.6975967 0.745037 0.7402762 0.7802854 0.7127641 0.7879301 0.7679102 0.745037 0.7402762 0.7879301 0.7679102 0.7364462 0.7930266 0.7802854 0.7127641 0.8095216 0.6975967 0.8023193 0.7336843 0.7802854 0.7127641 0.8023193 0.7336843 0.7879301 0.7679102 0.8023193 0.7336843 0.8095216 0.6975967 0.8231174 0.730312 0.8023193 0.7336843 0.8231174 0.730312 0.8168765 0.7660639 0.8023193 0.7336843 0.8168765 0.7660639 0.7879301 0.7679102 0.7879301 0.7679102 0.8168765 0.7660639 0.8064088 0.8091249 0.7879301 0.7679102 0.8064088 0.8091249 0.7858854 0.8579385 0.7879301 0.7679102 0.7858854 0.8579385 0.7364462 0.7930266 0.7291219 0.8677195 0.6429694 0.7473869 0.7364462 0.7930266 0.7291219 0.8677195 0.7364462 0.7930266 0.7858854 0.8579385 0.6429694 0.7473869 0.7291219 0.8677195 0.648188 0.7588617 0.648188 0.7588617 0.7291219 0.8677195 0.7061113 0.8828565 0.7061113 0.8828565 0.7291219 0.8677195 0.72813 0.9026017 0.72813 0.9026017 0.7291219 0.8677195 0.7474784 0.8864424 0.7474784 0.8864424 0.7291219 0.8677195 0.7858854 0.8579385 0.72813 0.9026017 0.7474784 0.8864424 0.7530175 0.9106279 0.7474784 0.8864424 0.7858854 0.8579385 0.7580529 0.8952468 0.7474784 0.8864424 0.7580529 0.8952468 0.7530175 0.9106279 0.7580529 0.8952468 0.7858854 0.8579385 0.7955139 0.8989853 0.7530175 0.9106279 0.7580529 0.8952468 0.7608301 0.9022202 0.7608301 0.9022202 0.7580529 0.8952468 0.7955139 0.8989853 0.7608301 0.9022202 0.7955139 0.8989853 0.7530175 0.9106279 0.262089 0.3375753 0.2291142 0.3656825 0.2581216 0.3265431 0.2291142 0.3656825 0.262089 0.3375753 0.2688029 0.3560693 0.2581216 0.3265431 0.2291142 0.3656825 0.2309453 0.2917067 0.2291142 0.3656825 0.2688029 0.3560693 0.2564126 0.3886931 0.2564126 0.3886931 0.2688029 0.3560693 0.2874342 0.3687648 0.2309453 0.2917067 0.2291142 0.3656825 0.2136721 0.3077897 0.2309453 0.2917067 0.2136721 0.3077897 0.1927672 0.2790417 0.1927672 0.2790417 0.2136721 0.3077897 0.1866636 0.2980239 0.1866636 0.2980239 0.2136721 0.3077897 0.1885557 0.3217822 0.1885557 0.3217822 0.2136721 0.3077897 0.1786984 0.3563744 0.1786984 0.3563744 0.2136721 0.3077897 0.2121614 0.3548333 0.2121614 0.3548333 0.2136721 0.3077897 0.2291142 0.3656825 0.2295109 0.3922942 0.2291142 0.3656825 0.2564126 0.3886931 0.2713359 0.4100404 0.2564126 0.3886931 0.2874342 0.3687648 0.2713359 0.4100404 0.2874342 0.3687648 0.2982834 0.4137179 0.2713359 0.4100404 0.2982834 0.4137179 0.2883497 0.4323797 0.2713359 0.4100404 0.2883497 0.4323797 0.2533761 0.4811627 0.2713359 0.4100404 0.2533761 0.4811627 0.2564126 0.3886931 0.2533761 0.4811627 0.2883497 0.4323797 0.2925155 0.5247883 0.2295109 0.3922942 0.2564126 0.3886931 0.215732 0.5180285 0.215732 0.5180285 0.2564126 0.3886931 0.2533761 0.4811627 0.2295109 0.3922942 0.215732 0.5180285 0.1919738 0.5199054 0.1919738 0.5199054 0.215732 0.5180285 0.1856107 0.5544976 0.2533761 0.4811627 0.2925155 0.5247883 0.2498512 0.5159991 0.2533761 0.4811627 0.2498512 0.5159991 0.215732 0.5180285 0.2498512 0.5159991 0.2925155 0.5247883 0.2771649 0.546746 0.1856107 0.5544976 0.215732 0.5180285 0.2136568 0.5495231 0.1856107 0.5544976 0.2136568 0.5495231 0.1896696 0.559472 0.1896696 0.559472 0.2136568 0.5495231 0.2096132 0.5713588 0.215732 0.5180285 0.2498512 0.5159991 0.2473182 0.5436789 0.215732 0.5180285 0.2473182 0.5436789 0.2136568 0.5495231 0.2473182 0.5436789 0.2498512 0.5159991 0.2771649 0.546746 0.2136568 0.5495231 0.2473182 0.5436789 0.2096132 0.5713588 0.2473182 0.5436789 0.2771649 0.546746 0.2456703 0.6271152 0.2473182 0.5436789 0.2456703 0.6271152 0.2096132 0.5713588 0.2456703 0.6271152 0.2771649 0.546746 0.2710155 0.635996 0.2096132 0.5713588 0.2456703 0.6271152 0.196994 0.6292668 0.2456703 0.6271152 0.2710155 0.635996 0.2404669 0.6743419 0.196994 0.6292668 0.2456703 0.6271152 0.2129549 0.6410925 0.2456703 0.6271152 0.2404669 0.6743419 0.2140078 0.6529183 0.2456703 0.6271152 0.2140078 0.6529183 0.2129549 0.6410925 0.6164035 0.6006104 0.6219119 0.5957274 0.6232548 0.6193331 0.6219119 0.5957274 0.6164035 0.6006104 0.6025177 0.5946593 0.6164035 0.6006104 0.6232548 0.6193331 0.6022431 0.6178378 0.6164035 0.6006104 0.6022431 0.6178378 0.6025177 0.5946593 0.6022431 0.6178378 0.6232548 0.6193331 0.6079805 0.6367742 0.6025177 0.5946593 0.6022431 0.6178378 0.58056 0.6202182 0.6022431 0.6178378 0.6079805 0.6367742 0.5956511 0.6257114 0.6022431 0.6178378 0.5956511 0.6257114 0.58056 0.6202182 0.5956511 0.6257114 0.6079805 0.6367742 0.5886931 0.6330053 0.5956511 0.6257114 0.5886931 0.6330053 0.58056 0.6202182 0.3194019 0.7964447 0.3232318 0.7926452 0.3267414 0.816846 0.3232318 0.7926452 0.3194019 0.7964447 0.3029374 0.7917601 0.3194019 0.7964447 0.3267414 0.816846 0.3031357 0.8174258 0.3194019 0.7964447 0.3031357 0.8174258 0.3029374 0.7917601 0.3031357 0.8174258 0.3267414 0.816846 0.3099107 0.8366216 0.3029374 0.7917601 0.3031357 0.8174258 0.2795453 0.8212558 0.3031357 0.8174258 0.3099107 0.8366216 0.2939956 0.8280613 0.3031357 0.8174258 0.2939956 0.8280613 0.2795453 0.8212558 0.2939956 0.8280613 0.3099107 0.8366216 0.2882887 0.8353246 0.2939956 0.8280613 0.2882887 0.8353246 0.2795453 0.8212558 0.5837033 0.3401236 0.5875181 0.3363241 0.5910277 0.3605249 0.5875181 0.3363241 0.5837033 0.3401236 0.5672389 0.3354391 0.5837033 0.3401236 0.5910277 0.3605249 0.5674372 0.3611047 0.5837033 0.3401236 0.5674372 0.3611047 0.5672389 0.3354391 0.5674372 0.3611047 0.5910277 0.3605249 0.5742123 0.3803006 0.5672389 0.3354391 0.5674372 0.3611047 0.5438315 0.3649347 0.5674372 0.3611047 0.5742123 0.3803006 0.5582818 0.3717403 0.5674372 0.3611047 0.5582818 0.3717403 0.5438315 0.3649347 0.5582818 0.3717403 0.5742123 0.3803006 0.5525902 0.3790188 0.5582818 0.3717403 0.5525902 0.3790188 0.5438315 0.3649347 0.586923 0.2828107 0.590753 0.2790264 0.5942473 0.303212 0.590753 0.2790264 0.586923 0.2828107 0.5704585 0.2781262 0.586923 0.2828107 0.5942473 0.303212 0.5706569 0.3037919 0.586923 0.2828107 0.5706569 0.3037919 0.5704585 0.2781262 0.5706569 0.3037919 0.5942473 0.303212 0.5774319 0.3229877 0.5704585 0.2781262 0.5706569 0.3037919 0.5470665 0.3076372 0.5706569 0.3037919 0.5774319 0.3229877 0.5615168 0.3144274 0.5706569 0.3037919 0.5615168 0.3144274 0.5470665 0.3076372 0.5615168 0.3144274 0.5774319 0.3229877 0.5558099 0.3217059 0.5615168 0.3144274 0.5558099 0.3217059 0.5470665 0.3076372</float_array>
          <technique_common>
            <accessor source="#Ice_Horn__Mt_Ice-mesh-map-array" count="2568" stride="2">
              <param name="S" type="float"/>
              <param name="T" type="float"/>
            </accessor>
          </technique_common>
        </source>
        <vertices id="Ice_Horn__Mt_Ice-mesh-vertices">
          <input semantic="POSITION" source="#Ice_Horn__Mt_Ice-mesh-positions"/>
        </vertices>
        <triangles material="Mt_Ice-material" count="856">
          <input semantic="VERTEX" source="#Ice_Horn__Mt_Ice-mesh-vertices" offset="0"/>
          <input semantic="NORMAL" source="#Ice_Horn__Mt_Ice-mesh-normals" offset="1"/>
          <input semantic="TEXCOORD" source="#Ice_Horn__Mt_Ice-mesh-map" offset="2" set="0"/>
          <p>0 0 0 1 1 1 2 0 2 3 2 3 4 2 4 5 3 5 6 4 6 7 5 7 8 6 8 7 5 9 6 4 10 9 7 11 10 8 12 11 9 13 12 10 14 12 10 15 11 9 16 13 11 17 12 10 18 13 11 19 14 12 20 14 12 21 13 11 22 15 13 23 14 12 24 15 13 25 16 14 26 16 14 27 15 13 28 17 15 29 16 14 30 17 15 31 18 16 32 18 16 33 17 15 34 19 17 35 18 16 36 19 17 37 20 18 38 18 16 39 20 18 40 21 19 41 21 19 42 20 18 43 22 20 44 22 20 45 20 18 46 23 21 47 22 20 48 23 21 49 24 22 50 22 20 51 24 22 52 25 23 53 25 23 54 24 22 55 26 24 56 25 23 57 26 24 58 27 25 59 27 25 60 26 24 61 28 26 62 27 25 63 28 26 64 29 27 65 29 27 66 28 26 67 30 28 68 29 27 69 30 28 70 31 29 71 31 29 72 30 28 73 32 30 74 31 29 75 32 30 76 33 31 77 34 32 78 35 33 79 36 34 80 35 33 81 34 32 82 37 35 83 37 35 84 34 32 85 38 36 86 37 35 87 38 36 88 39 37 89 39 37 90 38 36 91 40 38 92 39 37 93 40 38 94 41 39 95 39 37 96 41 39 97 42 40 98 43 41 99 44 42 100 45 43 101 45 43 102 44 42 103 46 44 104 46 44 105 44 42 106 47 45 107 46 44 108 47 45 109 48 46 110 48 46 111 47 45 112 49 47 113 49 47 114 47 45 115 50 48 116 51 49 117 52 50 118 53 51 119 52 50 120 51 49 121 54 52 122 54 52 123 51 49 124 55 53 125 54 52 126 55 53 127 56 54 128 56 54 129 55 53 130 57 55 131 57 55 132 55 53 133 58 56 134 57 55 135 58 56 136 59 57 137 58 56 138 55 53 139 60 58 140 59 57 141 58 56 142 61 59 143 61 59 144 58 56 145 60 58 146 61 59 147 60 58 148 62 60 149 63 61 150 64 62 151 65 63 152 65 63 153 64 62 154 66 64 155 66 64 156 64 62 157 67 65 158 66 64 159 67 65 160 68 66 161 66 64 162 68 66 163 69 67 164 70 68 165 71 69 166 72 70 167 71 69 168 70 68 169 73 71 170 71 69 171 73 71 172 74 72 173 74 72 174 73 71 175 75 73 176 74 72 177 75 73 178 76 74 179 76 74 180 75 73 181 77 75 182 76 74 183 77 75 184 78 76 185 78 76 186 77 75 187 79 77 188 78 76 189 79 77 190 80 78 191 80 78 192 79 77 193 81 79 194 80 78 195 81 79 196 82 80 197 80 78 198 82 80 199 83 81 200 83 81 201 82 80 202 84 82 203 84 82 204 82 80 205 85 83 206 84 82 207 85 83 208 86 84 209 84 82 210 86 84 211 87 85 212 87 85 213 86 84 214 88 86 215 87 85 216 88 86 217 89 87 218 89 87 219 88 86 220 90 88 221 89 87 222 90 88 223 91 89 224 91 89 225 90 88 226 92 90 227 91 89 228 92 90 229 93 91 230 94 92 231 95 93 232 96 94 233 96 94 234 95 93 235 97 95 236 97 95 237 95 93 238 98 96 239 98 96 240 95 93 241 99 97 242 100 98 243 101 99 244 102 100 245 100 98 246 102 100 247 103 101 248 100 98 249 103 101 250 104 102 251 100 98 252 104 102 253 105 103 254 104 102 255 103 101 256 106 104 257 105 103 258 104 102 259 107 105 260 107 105 261 104 102 262 106 104 263 105 103 264 107 105 265 108 106 266 108 106 267 107 105 268 109 107 269 109 107 270 107 105 271 110 108 272 107 105 273 106 104 274 111 109 275 107 105 276 111 109 277 110 108 278 111 109 279 106 104 280 112 110 281 111 109 282 112 110 283 110 108 284 113 111 285 114 112 286 115 113 287 114 112 288 113 111 289 116 114 290 116 114 291 113 111 292 117 115 293 116 114 294 117 115 295 118 116 296 114 112 297 116 114 298 119 117 299 116 114 300 118 116 301 120 118 302 119 117 303 116 114 304 121 119 305 121 119 306 116 114 307 120 118 308 119 117 309 121 119 310 122 120 311 119 117 312 122 120 313 123 121 314 121 119 315 120 118 316 124 122 317 121 119 318 124 122 319 122 120 320 123 121 321 122 120 322 125 123 323 122 120 324 124 122 325 126 124 326 122 120 327 126 124 328 125 123 329 124 122 330 120 118 331 127 125 332 124 122 333 127 125 334 126 124 335 123 121 336 125 123 337 128 126 338 123 121 339 128 126 340 129 127 341 129 127 342 128 126 343 130 128 344 130 128 345 128 126 346 131 129 347 131 129 348 128 126 349 132 130 350 128 126 351 125 123 352 133 131 353 128 126 354 133 131 355 132 130 356 133 131 357 125 123 358 126 124 359 134 132 360 135 133 361 132 130 362 134 132 363 132 130 364 133 131 365 134 132 366 133 131 367 136 134 368 136 134 369 133 131 370 137 135 371 137 135 372 133 131 373 126 124 374 137 135 375 126 124 376 127 125 377 137 135 378 127 125 379 138 136 380 138 136 381 127 125 382 139 137 383 139 137 384 127 125 385 120 118 386 138 136 387 139 137 388 140 138 389 139 137 390 120 118 391 141 139 392 139 137 393 141 139 394 140 138 395 142 140 396 143 141 397 144 142 398 144 142 399 143 141 400 145 143 401 145 143 402 143 141 403 146 144 404 144 142 405 145 143 406 147 145 407 145 143 408 146 144 409 148 146 410 145 143 411 148 146 412 149 147 413 145 143 414 149 147 415 147 145 416 149 147 417 148 146 418 150 148 419 147 145 420 149 147 421 151 149 422 151 149 423 149 147 424 150 148 425 147 145 426 151 149 427 152 150 428 151 149 429 150 148 430 153 151 431 152 150 432 151 149 433 154 152 434 151 149 435 153 151 436 155 153 437 151 149 438 155 153 439 154 152 440 155 153 441 153 151 442 156 154 443 155 153 444 156 154 445 154 152 446 156 154 447 153 151 448 157 155 449 156 154 450 157 155 451 158 156 452 154 152 453 156 154 454 159 157 455 156 154 456 158 156 457 160 158 458 161 159 459 159 157 460 162 160 461 162 160 462 159 157 463 163 161 464 163 161 465 159 157 466 156 154 467 162 160 468 163 161 469 164 162 470 156 154 471 160 158 472 165 163 473 156 154 474 165 163 475 163 161 476 164 162 477 163 161 478 166 164 479 166 164 480 163 161 481 165 163 482 164 162 483 166 164 484 167 165 485 165 163 486 160 158 487 168 166 488 165 163 489 168 166 490 166 164 491 168 166 492 160 158 493 169 167 494 168 166 495 169 167 496 170 168 497 167 165 498 166 164 499 171 169 500 171 169 501 166 164 502 168 166 503 168 166 504 170 168 505 172 170 506 168 166 507 172 170 508 171 169 509 172 170 510 170 168 511 173 171 512 167 165 513 171 169 514 174 172 515 174 172 516 171 169 517 172 170 518 167 165 519 174 172 520 175 173 521 172 170 522 173 171 523 176 174 524 172 170 525 176 174 526 174 172 527 176 174 528 173 171 529 177 175 530 175 173 531 174 172 532 178 176 533 178 176 534 174 172 535 176 174 536 175 173 537 178 176 538 179 177 539 179 177 540 178 176 541 180 178 542 176 174 543 177 175 544 181 179 545 176 174 546 181 179 547 178 176 548 181 179 549 177 175 550 182 180 551 181 179 552 182 180 553 183 181 554 180 178 555 178 176 556 184 182 557 184 182 558 178 176 559 181 179 560 180 178 561 184 182 562 185 183 563 185 183 564 184 182 565 186 184 566 181 179 567 183 181 568 187 185 569 187 185 570 183 181 571 188 186 572 187 185 573 188 186 574 189 187 575 187 185 576 189 187 577 190 188 578 181 179 579 187 185 580 191 189 581 191 189 582 187 185 583 190 188 584 181 179 585 191 189 586 184 182 587 191 189 588 190 188 589 192 190 590 184 182 591 191 189 592 193 191 593 193 191 594 191 189 595 192 190 596 184 182 597 193 191 598 186 184 599 193 191 600 192 190 601 194 192 602 186 184 603 193 191 604 195 193 605 195 193 606 193 191 607 194 192 608 196 194 609 197 195 610 198 196 611 198 196 612 197 195 613 199 197 614 199 197 615 197 195 616 200 198 617 199 197 618 200 198 619 201 199 620 198 196 621 199 197 622 202 200 623 199 197 624 201 199 625 203 201 626 204 202 627 205 203 628 202 200 629 199 197 630 203 201 631 206 204 632 199 197 633 206 204 634 202 200 635 202 200 636 206 204 637 204 202 638 206 204 639 203 201 640 207 205 641 204 202 642 206 204 643 208 206 644 204 202 645 208 206 646 209 207 647 209 207 648 208 206 649 210 208 650 206 204 651 207 205 652 211 209 653 206 204 654 211 209 655 208 206 656 212 210 657 213 211 658 207 205 659 207 205 660 213 211 661 211 209 662 210 208 663 208 206 664 214 212 665 210 208 666 214 212 667 215 213 668 215 213 669 214 212 670 216 214 671 216 214 672 214 212 673 217 215 674 208 206 675 211 209 676 218 216 677 208 206 678 218 216 679 214 212 680 218 216 681 211 209 682 213 211 683 214 212 684 218 216 685 217 215 686 218 216 687 213 211 688 219 217 689 218 216 690 219 217 691 217 215 692 220 218 693 221 219 694 222 220 695 222 220 696 221 219 697 223 221 698 222 220 699 223 221 700 224 222 701 223 221 702 221 219 703 225 223 704 224 222 705 223 221 706 226 224 707 223 221 708 225 223 709 227 225 710 227 225 711 225 223 712 228 226 713 226 224 714 223 221 715 229 227 716 229 227 717 223 221 718 227 225 719 226 224 720 229 227 721 230 228 722 230 228 723 229 227 724 231 229 725 231 229 726 229 227 727 232 229 728 232 229 729 229 227 730 233 230 731 233 230 732 229 227 733 227 225 734 232 229 735 233 230 736 234 229 737 234 229 738 233 230 739 235 231 740 236 232 741 227 225 742 228 226 743 227 225 744 236 232 745 233 230 746 236 232 747 228 226 748 237 233 749 236 232 750 237 233 751 238 234 752 235 231 753 233 230 754 239 235 755 239 235 756 233 230 757 236 232 758 239 235 759 236 232 760 238 234 761 235 231 762 239 235 763 240 236 764 239 235 765 238 234 766 241 237 767 240 236 768 239 235 769 242 238 770 242 238 771 239 235 772 241 237 773 243 239 774 244 240 775 245 241 776 245 241 777 244 240 778 246 242 779 246 242 780 244 240 781 247 243 782 245 241 783 246 242 784 248 244 785 246 242 786 247 243 787 249 245 788 248 244 789 246 242 790 250 246 791 248 244 792 250 246 793 251 247 794 246 242 795 249 245 796 252 248 797 246 242 798 252 248 799 250 246 800 252 248 801 249 245 802 253 249 803 252 248 804 253 249 805 254 250 806 252 248 807 254 250 808 255 251 809 252 248 810 255 251 811 256 252 812 252 248 813 256 252 814 250 246 815 256 252 816 255 251 817 257 250 818 256 252 819 257 250 820 258 253 821 259 254 822 251 247 823 250 246 824 259 254 825 250 246 826 256 252 827 251 247 828 259 254 829 260 255 830 260 255 831 259 254 832 261 256 833 256 252 834 258 253 835 262 257 836 256 252 837 262 257 838 259 254 839 259 254 840 262 257 841 261 256 842 262 257 843 258 253 844 263 258 845 261 256 846 262 257 847 264 259 848 262 257 849 263 258 850 265 260 851 262 257 852 265 260 853 264 259 854 266 261 855 267 262 856 268 263 857 267 262 858 266 261 859 269 264 860 267 262 861 269 264 862 270 265 863 270 265 864 269 264 865 271 266 866 267 262 867 270 265 868 272 267 869 267 262 870 272 267 871 273 268 872 273 268 873 272 267 874 274 269 875 274 269 876 272 267 877 275 270 878 275 270 879 272 267 880 276 271 881 276 271 882 272 267 883 270 265 884 275 270 885 276 271 886 277 272 887 277 272 888 276 271 889 270 265 890 275 270 891 277 272 892 278 273 893 278 273 894 277 272 895 279 274 896 279 274 897 277 272 898 270 265 899 278 273 900 279 274 901 280 275 902 281 276 903 282 277 904 280 275 905 281 276 906 280 275 907 279 274 908 281 276 909 279 274 910 283 278 911 281 276 912 283 278 913 284 279 914 284 279 915 283 278 916 285 280 917 285 280 918 283 278 919 286 281 920 286 281 921 283 278 922 287 282 923 283 278 924 279 274 925 288 283 926 283 278 927 288 283 928 287 282 929 288 283 930 279 274 931 270 265 932 287 282 933 288 283 934 289 284 935 288 283 936 270 265 937 290 285 938 288 283 939 290 285 940 289 284 941 290 285 942 270 265 943 271 266 944 290 285 945 271 266 946 291 286 947 289 284 948 290 285 949 292 287 950 292 287 951 290 285 952 291 286 953 289 284 954 292 287 955 293 288 956 293 288 957 292 287 958 291 286 959 294 289 960 295 290 961 291 286 962 293 288 963 291 286 964 296 291 965 296 291 966 291 286 967 295 290 968 289 284 969 293 288 970 297 292 971 297 292 972 293 288 973 296 291 974 296 291 975 295 290 976 298 293 977 296 291 978 298 293 979 297 292 980 298 293 981 295 290 982 299 294 983 289 284 984 297 292 985 300 295 986 289 284 987 300 295 988 301 296 989 298 293 990 299 294 991 302 297 992 301 296 993 300 295 994 303 298 995 303 298 996 300 295 997 297 292 998 301 296 999 303 298 1000 304 299 1001 302 297 1002 299 294 1003 305 300 1004 306 301 1005 297 292 1006 298 293 1007 297 292 1008 306 301 1009 303 298 1010 306 301 1011 298 293 1012 302 297 1013 304 299 1014 303 298 1015 307 302 1016 307 302 1017 303 298 1018 306 301 1019 304 299 1020 307 302 1021 308 303 1022 308 303 1023 307 302 1024 309 304 1025 306 301 1026 302 297 1027 310 305 1028 306 301 1029 310 305 1030 307 302 1031 311 306 1032 302 297 1033 305 300 1034 302 297 1035 311 306 1036 310 305 1037 311 306 1038 305 300 1039 312 307 1040 311 306 1041 312 307 1042 310 305 1043 312 307 1044 305 300 1045 313 308 1046 307 302 1047 310 305 1048 314 309 1049 307 302 1050 314 309 1051 309 304 1052 310 305 1053 312 307 1054 315 310 1055 310 305 1056 315 310 1057 314 309 1058 309 304 1059 314 309 1060 316 311 1061 316 311 1062 314 309 1063 315 310 1064 309 304 1065 316 311 1066 317 312 1067 316 311 1068 315 310 1069 318 313 1070 315 310 1071 312 307 1072 319 314 1073 315 310 1074 319 314 1075 318 313 1076 319 314 1077 312 307 1078 313 308 1079 318 313 1080 319 314 1081 320 315 1082 319 314 1083 313 308 1084 321 316 1085 319 314 1086 321 316 1087 320 315 1088 322 317 1089 323 318 1090 324 319 1091 322 317 1092 324 319 1093 325 320 1094 325 320 1095 324 319 1096 326 321 1097 322 317 1098 325 320 1099 327 322 1100 322 317 1101 327 322 1102 328 323 1103 325 320 1104 326 321 1105 329 324 1106 325 320 1107 329 324 1108 327 322 1109 329 324 1110 326 321 1111 330 325 1112 329 324 1113 330 325 1114 331 326 1115 329 324 1116 331 326 1117 332 327 1118 329 324 1119 332 327 1120 327 322 1121 332 327 1122 331 326 1123 333 328 1124 334 329 1125 328 323 1126 327 322 1127 328 323 1128 334 329 1129 335 330 1130 327 322 1131 332 327 1132 336 331 1133 327 322 1134 336 331 1135 334 329 1136 336 331 1137 332 327 1138 333 328 1139 334 329 1140 336 331 1141 335 330 1142 336 331 1143 333 328 1144 337 332 1145 335 330 1146 336 331 1147 338 333 1148 338 333 1149 336 331 1150 337 332 1151 335 330 1152 338 333 1153 339 334 1154 339 334 1155 338 333 1156 337 332 1157 339 334 1158 337 332 1159 340 335 1160 339 334 1161 340 335 1162 341 336 1163 335 330 1164 339 334 1165 342 337 1166 339 334 1167 341 336 1168 343 338 1169 344 339 1170 345 340 1171 342 337 1172 344 339 1173 342 337 1174 346 341 1175 346 341 1176 342 337 1177 339 334 1178 344 339 1179 346 341 1180 347 342 1181 347 342 1182 346 341 1183 348 343 1184 348 343 1185 346 341 1186 339 334 1187 347 342 1188 348 343 1189 349 344 1190 348 343 1191 339 334 1192 350 345 1193 350 345 1194 339 334 1195 343 338 1196 349 344 1197 348 343 1198 351 346 1199 351 346 1200 348 343 1201 350 345 1202 350 345 1203 343 338 1204 352 347 1205 352 347 1206 343 338 1207 353 348 1208 351 346 1209 350 345 1210 354 349 1211 354 349 1212 350 345 1213 352 347 1214 349 344 1215 351 346 1216 355 350 1217 355 350 1218 351 346 1219 354 349 1220 349 344 1221 355 350 1222 356 351 1223 356 351 1224 355 350 1225 357 352 1226 352 347 1227 353 348 1228 358 353 1229 352 347 1230 358 353 1231 354 349 1232 358 353 1233 353 348 1234 359 354 1235 358 353 1236 359 354 1237 360 355 1238 355 350 1239 354 349 1240 361 356 1241 361 356 1242 354 349 1243 358 353 1244 357 352 1245 355 350 1246 362 357 1247 362 357 1248 355 350 1249 361 356 1250 357 352 1251 362 357 1252 363 358 1253 361 356 1254 358 353 1255 364 359 1256 364 359 1257 358 353 1258 360 355 1259 362 357 1260 361 356 1261 365 360 1262 365 360 1263 361 356 1264 364 359 1265 363 358 1266 362 357 1267 366 361 1268 366 361 1269 362 357 1270 365 360 1271 363 358 1272 366 361 1273 367 362 1274 364 359 1275 360 355 1276 368 363 1277 364 359 1278 368 363 1279 365 360 1280 368 363 1281 360 355 1282 369 364 1283 368 363 1284 369 364 1285 370 365 1286 367 362 1287 366 361 1288 371 366 1289 367 362 1290 371 366 1291 372 367 1292 366 361 1293 365 360 1294 373 368 1295 366 361 1296 373 368 1297 371 366 1298 373 368 1299 365 360 1300 368 363 1301 372 367 1302 371 366 1303 374 369 1304 374 369 1305 371 366 1306 373 368 1307 372 367 1308 374 369 1309 375 370 1310 375 370 1311 374 369 1312 376 371 1313 377 372 1314 368 363 1315 370 365 1316 368 363 1317 377 372 1318 373 368 1319 377 372 1320 370 365 1321 378 373 1322 377 372 1323 378 373 1324 379 374 1325 374 369 1326 373 368 1327 380 375 1328 377 372 1329 379 374 1330 381 376 1331 381 376 1332 379 374 1333 382 377 1334 381 376 1335 382 377 1336 383 378 1337 381 376 1338 383 378 1339 384 379 1340 385 380 1341 373 368 1342 377 372 1343 385 380 1344 377 372 1345 381 376 1346 385 380 1347 381 376 1348 384 379 1349 373 368 1350 385 380 1351 380 375 1352 385 380 1353 384 379 1354 386 381 1355 385 380 1356 386 381 1357 380 375 1358 386 381 1359 384 379 1360 387 382 1361 386 381 1362 387 382 1363 376 371 1364 380 375 1365 386 381 1366 388 383 1367 388 383 1368 386 381 1369 376 371 1370 380 375 1371 388 383 1372 374 369 1373 374 369 1374 388 383 1375 376 371 1376 389 384 1377 390 385 1378 391 386 1379 391 386 1380 390 385 1381 392 387 1382 391 386 1383 392 387 1384 393 388 1385 392 387 1386 390 385 1387 394 389 1388 394 389 1389 390 385 1390 395 390 1391 393 388 1392 392 387 1393 396 391 1394 396 391 1395 392 387 1396 394 389 1397 393 388 1398 396 391 1399 397 392 1400 394 389 1401 395 390 1402 398 393 1403 397 392 1404 396 391 1405 399 394 1406 397 392 1407 399 394 1408 400 395 1409 396 391 1410 394 389 1411 401 396 1412 396 391 1413 401 396 1414 399 394 1415 394 389 1416 398 393 1417 402 397 1418 394 389 1419 402 397 1420 401 396 1421 400 395 1422 399 394 1423 403 398 1424 400 395 1425 403 398 1426 404 399 1427 399 394 1428 401 396 1429 405 400 1430 399 394 1431 405 400 1432 403 398 1433 404 399 1434 403 398 1435 406 401 1436 404 399 1437 406 401 1438 407 402 1439 406 401 1440 403 398 1441 408 403 1442 408 403 1443 403 398 1444 405 400 1445 407 402 1446 406 401 1447 409 404 1448 409 404 1449 406 401 1450 408 403 1451 407 402 1452 409 404 1453 410 405 1454 410 405 1455 409 404 1456 411 406 1457 411 406 1458 409 404 1459 412 407 1460 412 407 1461 409 404 1462 413 408 1463 413 408 1464 409 404 1465 408 403 1466 408 403 1467 405 400 1468 414 409 1469 408 403 1470 414 409 1471 415 410 1472 415 410 1473 414 409 1474 416 411 1475 416 411 1476 414 409 1477 417 412 1478 414 409 1479 405 400 1480 418 413 1481 414 409 1482 418 413 1483 417 412 1484 418 413 1485 405 400 1486 401 396 1487 417 412 1488 418 413 1489 419 414 1490 418 413 1491 401 396 1492 402 397 1493 418 413 1494 402 397 1495 419 414 1496 419 414 1497 402 397 1498 420 415 1499 420 415 1500 402 397 1501 421 416 1502 421 416 1503 402 397 1504 398 393 1505 420 415 1506 421 416 1507 422 417 1508 421 416 1509 398 393 1510 423 418 1511 422 417 1512 421 416 1513 424 419 1514 421 416 1515 423 418 1516 425 420 1517 424 419 1518 421 416 1519 426 421 1520 424 419 1521 426 421 1522 427 422 1523 421 416 1524 425 420 1525 428 423 1526 421 416 1527 428 423 1528 426 421 1529 426 421 1530 428 423 1531 427 422 1532 428 423 1533 425 420 1534 429 424 1535 427 422 1536 428 423 1537 430 425 1538 431 426 1539 432 427 1540 433 428 1541 431 426 1542 433 428 1543 434 429 1544 434 429 1545 433 428 1546 435 430 1547 431 426 1548 434 429 1549 436 431 1550 431 426 1551 436 431 1552 437 432 1553 437 432 1554 436 431 1555 438 433 1556 438 433 1557 436 431 1558 439 434 1559 439 434 1560 436 431 1561 434 429 1562 439 434 1563 434 429 1564 440 435 1565 440 435 1566 434 429 1567 441 436 1568 441 436 1569 434 429 1570 442 437 1571 441 436 1572 442 437 1573 443 438 1574 444 439 1575 434 429 1576 435 430 1577 434 429 1578 444 439 1579 442 437 1580 444 439 1581 435 430 1582 445 440 1583 446 441 1584 447 442 1585 445 440 1586 445 440 1587 447 442 1588 448 443 1589 445 440 1590 448 443 1591 444 439 1592 448 443 1593 447 442 1594 449 444 1595 448 443 1596 449 444 1597 450 445 1598 448 443 1599 450 445 1600 451 446 1601 448 443 1602 451 446 1603 444 439 1604 444 439 1605 451 446 1606 452 447 1607 444 439 1608 452 447 1609 442 437 1610 442 437 1611 452 447 1612 453 448 1613 442 437 1614 453 448 1615 443 438 1616 453 448 1617 452 447 1618 454 449 1619 453 448 1620 454 449 1621 443 438 1622 454 449 1623 452 447 1624 455 450 1625 455 450 1626 452 447 1627 456 451 1628 455 450 1629 456 451 1630 457 452 1631 443 438 1632 454 449 1633 458 453 1634 455 450 1635 457 452 1636 459 454 1637 454 449 1638 455 450 1639 460 455 1640 454 449 1641 460 455 1642 458 453 1643 459 454 1644 457 452 1645 461 456 1646 460 455 1647 455 450 1648 462 457 1649 460 455 1650 462 457 1651 458 453 1652 462 457 1653 455 450 1654 459 454 1655 458 453 1656 462 457 1657 463 458 1658 463 458 1659 462 457 1660 459 454 1661 464 459 1662 443 438 1663 458 453 1664 464 459 1665 458 453 1666 463 458 1667 443 438 1668 464 459 1669 465 460 1670 465 460 1671 464 459 1672 466 461 1673 466 461 1674 464 459 1675 467 462 1676 467 462 1677 464 459 1678 468 463 1679 468 463 1680 464 459 1681 463 458 1682 467 462 1683 468 463 1684 469 464 1685 468 463 1686 463 458 1687 470 465 1688 470 465 1689 463 458 1690 459 454 1691 469 464 1692 468 463 1693 471 466 1694 471 466 1695 468 463 1696 470 465 1697 469 464 1698 471 466 1699 472 467 1700 470 465 1701 459 454 1702 473 468 1703 473 468 1704 459 454 1705 461 456 1706 472 467 1707 471 466 1708 474 469 1709 474 469 1710 471 466 1711 470 465 1712 473 468 1713 461 456 1714 475 470 1715 473 468 1716 475 470 1717 470 465 1718 475 470 1719 461 456 1720 476 471 1721 474 469 1722 470 465 1723 477 472 1724 477 472 1725 470 465 1726 475 470 1727 472 467 1728 474 469 1729 478 473 1730 478 473 1731 474 469 1732 477 472 1733 472 467 1734 478 473 1735 479 474 1736 479 474 1737 478 473 1738 480 475 1739 480 475 1740 478 473 1741 481 476 1742 481 476 1743 478 473 1744 477 472 1745 477 472 1746 475 470 1747 482 477 1748 477 472 1749 482 477 1750 481 476 1751 482 477 1752 475 470 1753 476 471 1754 481 476 1755 482 477 1756 483 478 1757 482 477 1758 476 471 1759 484 479 1760 482 477 1761 484 479 1762 483 478 1763 485 480 1764 486 481 1765 487 482 1766 486 481 1767 485 480 1768 488 483 1769 486 481 1770 488 483 1771 489 484 1772 486 481 1773 489 484 1774 490 485 1775 490 485 1776 489 484 1777 491 486 1778 491 486 1779 489 484 1780 492 487 1781 492 487 1782 489 484 1783 488 483 1784 491 486 1785 492 487 1786 493 488 1787 493 488 1788 492 487 1789 494 489 1790 494 489 1791 492 487 1792 495 490 1793 495 490 1794 492 487 1795 496 491 1796 496 491 1797 492 487 1798 488 483 1799 495 490 1800 496 491 1801 497 492 1802 498 493 1803 488 483 1804 485 480 1805 488 483 1806 498 493 1807 496 491 1808 498 493 1809 485 480 1810 499 494 1811 497 492 1812 496 491 1813 500 495 1814 500 495 1815 496 491 1816 498 493 1817 497 492 1818 500 495 1819 501 496 1820 498 493 1821 499 494 1822 502 497 1823 498 493 1824 502 497 1825 500 495 1826 502 497 1827 499 494 1828 503 498 1829 501 496 1830 500 495 1831 504 499 1832 501 496 1833 504 499 1834 505 500 1835 500 495 1836 502 497 1837 506 501 1838 500 495 1839 506 501 1840 504 499 1841 505 500 1842 504 499 1843 507 502 1844 507 502 1845 504 499 1846 506 501 1847 505 500 1848 507 502 1849 508 503 1850 508 503 1851 507 502 1852 506 501 1853 508 503 1854 506 501 1855 509 504 1856 509 504 1857 506 501 1858 502 497 1859 508 503 1860 509 504 1861 510 505 1862 510 505 1863 509 504 1864 511 506 1865 509 504 1866 502 497 1867 512 507 1868 509 504 1869 512 507 1870 511 506 1871 512 507 1872 502 497 1873 503 498 1874 511 506 1875 512 507 1876 513 508 1877 513 508 1878 512 507 1879 503 498 1880 514 509 1881 515 510 1882 516 511 1883 516 511 1884 515 510 1885 517 512 1886 514 509 1887 516 511 1888 518 513 1889 516 511 1890 517 512 1891 519 514 1892 519 514 1893 517 512 1894 520 515 1895 519 514 1896 520 515 1897 521 516 1898 518 513 1899 516 511 1900 522 517 1901 522 517 1902 516 511 1903 519 514 1904 519 514 1905 521 516 1906 523 518 1907 519 514 1908 523 518 1909 522 517 1910 523 518 1911 521 516 1912 524 519 1913 518 513 1914 522 517 1915 525 520 1916 518 513 1917 525 520 1918 526 521 1919 526 521 1920 525 520 1921 527 522 1922 525 520 1923 522 517 1924 528 523 1925 525 520 1926 528 523 1927 527 522 1928 522 517 1929 523 518 1930 529 524 1931 522 517 1932 529 524 1933 528 523 1934 529 524 1935 523 518 1936 524 519 1937 527 522 1938 528 523 1939 530 525 1940 527 522 1941 530 525 1942 531 526 1943 531 526 1944 530 525 1945 532 527 1946 530 525 1947 528 523 1948 533 528 1949 530 525 1950 533 528 1951 532 527 1952 533 528 1953 528 523 1954 529 524 1955 532 527 1956 533 528 1957 534 529 1958 529 524 1959 524 519 1960 535 530 1961 535 530 1962 524 519 1963 536 531 1964 535 530 1965 536 531 1966 537 532 1967 535 530 1968 537 532 1969 538 533 1970 535 530 1971 538 533 1972 539 534 1973 539 534 1974 538 533 1975 540 535 1976 529 524 1977 535 530 1978 541 536 1979 541 536 1980 535 530 1981 539 534 1982 541 536 1983 539 534 1984 540 535 1985 529 524 1986 541 536 1987 533 528 1988 541 536 1989 540 535 1990 542 537 1991 533 528 1992 541 536 1993 543 538 1994 543 538 1995 541 536 1996 542 537 1997 533 528 1998 543 538 1999 534 529 2000 543 538 2001 542 537 2002 544 539 2003 543 538 2004 544 539 2005 534 529 2006 545 540 2007 546 541 2008 547 542 2009 546 541 2010 545 540 2011 548 543 2012 547 542 2013 546 541 2014 549 544 2015 546 541 2016 548 543 2017 550 545 2018 549 544 2019 546 541 2020 551 546 2021 551 546 2022 546 541 2023 550 545 2024 552 547 2025 553 548 2026 554 549 2027 553 548 2028 552 547 2029 555 550 2030 554 549 2031 553 548 2032 556 551 2033 553 548 2034 555 550 2035 557 552 2036 556 551 2037 553 548 2038 558 553 2039 558 553 2040 553 548 2041 557 552 2042 559 554 2043 560 555 2044 561 556 2045 560 555 2046 559 554 2047 562 557 2048 561 556 2049 560 555 2050 563 558 2051 560 555 2052 562 557 2053 564 559 2054 563 558 2055 560 555 2056 565 560 2057 565 560 2058 560 555 2059 564 559 2060 566 561 2061 567 562 2062 568 563 2063 567 562 2064 566 561 2065 569 564 2066 568 563 2067 567 562 2068 570 565 2069 567 562 2070 569 564 2071 571 566 2072 570 565 2073 567 562 2074 572 567 2075 572 567 2076 567 562 2077 571 566 2078 573 568 2079 574 569 2080 575 570 2081 575 570 2082 574 569 2083 576 571 2084 573 568 2085 575 570 2086 577 572 2087 575 570 2088 576 571 2089 578 573 2090 577 572 2091 575 570 2092 579 574 2093 577 572 2094 579 574 2095 580 575 2096 580 575 2097 579 574 2098 581 576 2099 581 576 2100 579 574 2101 582 577 2102 582 577 2103 579 574 2104 583 578 2105 575 570 2106 578 573 2107 584 579 2108 575 570 2109 584 579 2110 579 574 2111 579 574 2112 584 579 2113 583 578 2114 584 579 2115 578 573 2116 585 580 2117 583 578 2118 584 579 2119 586 581 2120 586 581 2121 584 579 2122 585 580 2123 583 578 2124 586 581 2125 587 582 2126 583 578 2127 587 582 2128 588 583 2129 588 583 2130 587 582 2131 589 584 2132 589 584 2133 587 582 2134 590 585 2135 590 585 2136 587 582 2137 591 586 2138 590 585 2139 591 586 2140 592 587 2141 592 587 2142 591 586 2143 593 588 2144 593 588 2145 591 586 2146 587 582 2147 593 588 2148 587 582 2149 594 589 2150 594 589 2151 587 582 2152 586 581 2153 594 589 2154 586 581 2155 595 590 2156 595 590 2157 586 581 2158 596 591 2159 596 591 2160 586 581 2161 585 580 2162 595 590 2163 596 591 2164 597 592 2165 597 592 2166 596 591 2167 585 580 2168 595 590 2169 597 592 2170 598 593 2171 598 593 2172 597 592 2173 585 580 2174 599 594 2175 600 595 2176 601 596 2177 600 595 2178 599 594 2179 602 597 2180 599 594 2181 601 596 2182 603 598 2183 602 597 2184 599 594 2185 604 599 2186 599 594 2187 603 598 2188 605 600 2189 602 597 2190 604 599 2191 606 601 2192 602 597 2193 606 601 2194 607 602 2195 605 600 2196 603 598 2197 608 603 2198 608 603 2199 603 598 2200 609 604 2201 608 603 2202 609 604 2203 610 605 2204 608 603 2205 610 605 2206 611 606 2207 608 603 2208 611 606 2209 612 607 2210 608 603 2211 612 607 2212 613 608 2213 605 600 2214 608 603 2215 614 609 2216 614 609 2217 608 603 2218 613 608 2219 605 600 2220 614 609 2221 599 594 2222 599 594 2223 614 609 2224 604 599 2225 614 609 2226 613 608 2227 615 610 2228 604 599 2229 614 609 2230 616 611 2231 616 611 2232 614 609 2233 615 610 2234 616 611 2235 615 610 2236 617 612 2237 617 612 2238 615 610 2239 618 613 2240 604 599 2241 616 611 2242 619 614 2243 619 614 2244 616 611 2245 617 612 2246 617 612 2247 618 613 2248 620 615 2249 620 615 2250 618 613 2251 621 616 2252 617 612 2253 620 615 2254 622 617 2255 617 612 2256 622 617 2257 619 614 2258 620 615 2259 621 616 2260 623 618 2261 620 615 2262 623 618 2263 622 617 2264 623 618 2265 621 616 2266 624 619 2267 623 618 2268 624 619 2269 625 620 2270 623 618 2271 625 620 2272 622 617 2273 622 617 2274 625 620 2275 626 621 2276 622 617 2277 626 621 2278 627 622 2279 622 617 2280 627 622 2281 619 614 2282 628 623 2283 604 599 2284 619 614 2285 628 623 2286 619 614 2287 627 622 2288 604 599 2289 628 623 2290 606 601 2291 606 601 2292 628 623 2293 607 602 2294 607 602 2295 628 623 2296 629 624 2297 629 624 2298 628 623 2299 630 625 2300 630 625 2301 628 623 2302 627 622 2303 629 624 2304 630 625 2305 631 626 2306 630 625 2307 627 622 2308 632 627 2309 630 625 2310 632 627 2311 631 626 2312 632 627 2313 627 622 2314 633 628 2315 631 626 2316 632 627 2317 634 629 2318 634 629 2319 632 627 2320 633 628 2321 634 629 2322 633 628 2323 631 626 2324 635 630 2325 636 631 2326 637 632 2327 636 631 2328 635 630 2329 638 633 2330 637 632 2331 636 631 2332 639 634 2333 636 631 2334 638 633 2335 640 635 2336 640 635 2337 638 633 2338 641 636 2339 639 634 2340 636 631 2341 642 637 2342 639 634 2343 642 637 2344 643 638 2345 643 638 2346 642 637 2347 644 639 2348 644 639 2349 642 637 2350 645 640 2351 645 640 2352 642 637 2353 646 641 2354 646 641 2355 642 637 2356 647 642 2357 647 642 2358 642 637 2359 636 631 2360 648 643 2361 636 631 2362 640 635 2363 649 644 2364 640 635 2365 641 636 2366 649 644 2367 641 636 2368 650 645 2369 649 644 2370 650 645 2371 651 646 2372 649 644 2373 651 646 2374 652 647 2375 649 644 2376 652 647 2377 640 635 2378 652 647 2379 651 646 2380 653 648 2381 648 643 2382 640 635 2383 654 649 2384 654 649 2385 640 635 2386 652 647 2387 648 643 2388 654 649 2389 655 650 2390 655 650 2391 654 649 2392 656 651 2393 652 647 2394 653 648 2395 657 652 2396 652 647 2397 657 652 2398 654 649 2399 657 652 2400 653 648 2401 658 653 2402 656 651 2403 654 649 2404 659 654 2405 656 651 2406 659 654 2407 660 655 2408 660 655 2409 659 654 2410 661 656 2411 654 649 2412 657 652 2413 662 657 2414 654 649 2415 662 657 2416 659 654 2417 662 657 2418 657 652 2419 658 653 2420 659 654 2421 662 657 2422 661 656 2423 662 657 2424 658 653 2425 663 658 2426 662 657 2427 663 658 2428 661 656 2429 663 658 2430 658 653 2431 664 659 2432 661 656 2433 663 658 2434 665 660 2435 663 658 2436 664 659 2437 666 661 2438 665 660 2439 663 658 2440 667 662 2441 663 658 2442 666 661 2443 668 663 2444 663 658 2445 668 663 2446 667 662 2447 669 664 2448 670 665 2449 671 666 2450 670 665 2451 669 664 2452 672 667 2453 669 664 2454 671 666 2455 673 668 2456 669 664 2457 673 668 2458 672 667 2459 673 668 2460 671 666 2461 674 669 2462 672 667 2463 673 668 2464 675 670 2465 673 668 2466 674 669 2467 676 671 2468 673 668 2469 676 671 2470 675 670 2471 676 671 2472 674 669 2473 677 672 2474 676 671 2475 677 672 2476 675 670 2477 678 673 2478 679 674 2479 680 675 2480 679 674 2481 678 673 2482 681 676 2483 678 673 2484 680 675 2485 682 677 2486 678 673 2487 682 677 2488 681 676 2489 682 677 2490 680 675 2491 683 678 2492 681 676 2493 682 677 2494 684 679 2495 682 677 2496 683 678 2497 685 680 2498 682 677 2499 685 680 2500 684 679 2501 685 680 2502 683 678 2503 686 681 2504 685 680 2505 686 681 2506 684 679 2507 687 682 2508 688 683 2509 689 684 2510 688 683 2511 687 682 2512 690 685 2513 687 682 2514 689 684 2515 691 686 2516 687 682 2517 691 686 2518 690 685 2519 691 686 2520 689 684 2521 692 687 2522 690 685 2523 691 686 2524 693 688 2525 691 686 2526 692 687 2527 694 689 2528 691 686 2529 694 689 2530 693 688 2531 694 689 2532 692 687 2533 695 690 2534 694 689 2535 695 690 2536 693 688 2537 696 691 2538 697 692 2539 698 693 2540 697 692 2541 696 691 2542 699 694 2543 696 691 2544 698 693 2545 700 695 2546 696 691 2547 700 695 2548 699 694 2549 700 695 2550 698 693 2551 701 696 2552 699 694 2553 700 695 2554 702 697 2555 700 695 2556 701 696 2557 703 698 2558 700 695 2559 703 698 2560 702 697 2561 703 698 2562 701 696 2563 704 699 2564 703 698 2565 704 699 2566 702 697 2567</p>
        </triangles>
      </mesh>
    </geometry>
  </library_geometries>
  <library_controllers>
    <controller id="Armature_Ice_Horn__Mt_Ice-skin" name="Armature">
      <skin source="#Ice_Horn__Mt_Ice-mesh">
        <bind_shape_matrix>1 0 0 0 0 1 0 0 0 0 1 0 0 0 0 1</bind_shape_matrix>
        <source id="Armature_Ice_Horn__Mt_Ice-skin-joints">
          <Name_array id="Armature_Ice_Horn__Mt_Ice-skin-joints-array" count="1">Sub_Ice_Horn</Name_array>
          <technique_common>
            <accessor source="#Armature_Ice_Horn__Mt_Ice-skin-joints-array" count="1" stride="1">
              <param name="JOINT" type="name"/>
            </accessor>
          </technique_common>
        </source>
        <source id="Armature_Ice_Horn__Mt_Ice-skin-bind_poses">
          <float_array id="Armature_Ice_Horn__Mt_Ice-skin-bind_poses-array" count="16">1 0 0 0 0 -1.62921e-7 1 0 0 -1 -1.62921e-7 0 0 0 0 1</float_array>
          <technique_common>
            <accessor source="#Armature_Ice_Horn__Mt_Ice-skin-bind_poses-array" count="1" stride="16">
              <param name="TRANSFORM" type="float4x4"/>
            </accessor>
          </technique_common>
        </source>
        <source id="Armature_Ice_Horn__Mt_Ice-skin-weights">
          <float_array id="Armature_Ice_Horn__Mt_Ice-skin-weights-array" count="1138">1 1 1 1 1 1 1 1 1 1 1 1 1 1 1 1 1 1 1 1 1 1 1 1 1 1 1 1 1 1 1 1 1 1 1 1 1 1 1 1 1 1 1 1 1 1 1 1 1 1 1 1 1 1 1 1 1 1 1 1 1 1 1 1 1 1 1 1 1 1 1 1 1 1 1 1 1 1 1 1 1 1 1 1 1 1 1 1 1 1 1 1 1 1 1 1 1 1 1 1 1 1 1 1 1 1 1 1 1 1 1 1 1 1 1 1 1 1 1 1 1 1 1 1 1 1 1 1 1 1 1 1 1 1 1 1 1 1 1 1 1 1 1 1 1 1 1 1 1 1 1 1 1 1 1 1 1 1 1 1 1 1 1 1 1 1 1 1 1 1 1 1 1 1 1 1 1 1 1 1 1 1 1 1 1 1 1 1 1 1 1 1 1 1 1 1 1 1 1 1 1 1 1 1 1 1 1 1 1 1 1 1 1 1 1 1 1 1 1 1 1 1 1 1 1 1 1 1 1 1 1 1 1 1 1 1 1 1 1 1 1 1 1 1 1 1 1 1 1 1 1 1 1 1 1 1 1 1 1 1 1 1 1 1 1 1 1 1 1 1 1 1 1 1 1 1 1 1 1 1 1 1 1 1 1 1 1 1 1 1 1 1 1 1 1 1 1 1 1 1 1 1 1 1 1 1 1 1 1 1 1 1 1 1 1 1 1 1 1 1 1 1 1 1 1 1 1 1 1 1 1 1 1 1 1 1 1 1 1 1 1 1 1 1 1 1 1 1 1 1 1 1 1 1 1 1 1 1 1 1 1 1 1 1 1 1 1 1 1 1 1 1 1 1 1 1 1 1 1 1 1 1 1 1 1 1 1 1 1 1 1 1 1 1 1 1 1 1 1 1 1 1 1 1 1 1 1 1 1 1 1 1 1 1 1 1 1 1 1 1 1 1 1 1 1 1 1 1 1 1 1 1 1 1 1 1 1 1 1 1 1 1 1 1 1 1 1 1 1 1 1 1 1 1 1 1 1 1 1 1 1 1 1 1 1 1 1 1 1 1 1 1 1 1 1 1 1 1 1 1 1 1 1 1 1 1 1 1 1 1 1 1 1 1 1 1 1 1 1 1 1 1 1 1 1 1 1 1 1 1 1 1 1 1 1 1 1 1 1 1 1 1 1 1 1 1 1 1 1 1 1 1 1 1 1 1 1 1 1 1 1 1 1 1 1 1 1 1 1 1 1 1 1 1 1 1 1 1 1 1 1 1 1 1 1 1 1 1 1 1 1 1 1 1 1 1 1 1 1 1 1 1 1 1 1 1 1 1 1 1 1 1 1 1 1 1 1 1 1 1 1 1 1 1 1 1 1 1 1 1 1 1 1 1 1 1 1 1 1 1 1 1 1 1 1 1 1 1 1 1 1 1 1 1 1 1 1 1 1 1 1 1 1 1 1 1 1 1 1 1 1 1 1 1 1 1 1 1 1 1 1 1 1 1 1 1 1 1 1 1 1 1 1 1 1 1 1 1 1 1 1 1 1 1 1 1 1 1 1 1 1 1 1 1 1 1 1 1 1 1 1 1 1 1 1 1 1 1 1 1 1 1 1 1 1 1 1 1 1 1 1 1 1 1 1 1 1 1 1 1 1 1 1 1 1 1 1 1 1 1 1 1 1 1 1 1 1 1 1 1 1 1 1 1 1 1 1 1 1 1 1 1 1 1 1 1 1 1 1 1 1 1 1 1 1 1 1 1 1 1 1 1 1 1 1 1 1 1 1 1 1 1 1 1 1 1 1 1 1 1 1 1 1 1 1 1 1 1 1 1 1 1 1 1 1 1 1 1 1 1 1 1 1 1 1 1 1 1 1 1 1 1 1 1 1 1 1 1 1 1 1 1 1 1 1 1 1 1 1 1 1 1 1 1 1 1 1 1 1 1 1 1 1 1 1 1 1 1 1 1 1 1 1 1 1 1 1 1 1 1 1 1 1 1 1 1 1 1 1 1 1 1 1 1 1 1 1 1 1 1 1 1 1 1 1 1 1 1 1 1 1 1 1 1 1 1 1 1 1 1 1 1 1 1 1 1 1 1 1 1 1 1 1 1 1 1 1 1 1 1 1 1 1 1 1 1 1 1 1 1 1 1 1 1 1 1 1 1 1 1 1 1 1 1 1 1 1 1 1 1 1 1 1 1 1 1 1 1 1 1 1 1 1 1 1 1 1 1 1 1 1 1 1 1 1 1 1 1 1 1 1 1 1 1 1 1 1 1 1 1 1 1 1 1 1 1 1 1 1 1 1 1 1 1 1 1 1 1 1 1 1 1 1 1 1 1 1 1 1 1 1 1 1 1 1 1 1 1 1 1 1 1 1 1 1 1 1 1 1 1 1 1 1 1 1 1 1 1 1 1 1 1 1 1 1 1 1 1 1 1 1 1 1 1 1 1 1 1 1 1 1 1 1 1 1 1 1 1 1 1 1 1 1 1 1 1 1 1 1 1 1 1 1 1 1 1 1 1 1 1 1 1 1 1 1 1 1 1 1 1 1 1 1 1 1 1 1 1</float_array>
          <technique_common>
            <accessor source="#Armature_Ice_Horn__Mt_Ice-skin-weights-array" count="1138" stride="1">
              <param name="WEIGHT" type="float"/>
            </accessor>
          </technique_common>
        </source>
        <joints>
          <input semantic="JOINT" source="#Armature_Ice_Horn__Mt_Ice-skin-joints"/>
          <input semantic="INV_BIND_MATRIX" source="#Armature_Ice_Horn__Mt_Ice-skin-bind_poses"/>
        </joints>
        <vertex_weights count="1138">
          <input semantic="JOINT" source="#Armature_Ice_Horn__Mt_Ice-skin-joints" offset="0"/>
          <input semantic="WEIGHT" source="#Armature_Ice_Horn__Mt_Ice-skin-weights" offset="1"/>
          <vcount>1 1 1 1 1 1 1 1 1 1 1 1 1 1 1 1 1 1 1 1 1 1 1 1 1 1 1 1 1 1 1 1 1 1 1 1 1 1 1 1 1 1 1 1 1 1 1 1 1 1 1 1 1 1 1 1 1 1 1 1 1 1 1 1 1 1 1 1 1 1 1 1 1 1 1 1 1 1 1 1 1 1 1 1 1 1 1 1 1 1 1 1 1 1 1 1 1 1 1 1 1 1 1 1 1 1 1 1 1 1 1 1 1 1 1 1 1 1 1 1 1 1 1 1 1 1 1 1 1 1 1 1 1 1 1 1 1 1 1 1 1 1 1 1 1 1 1 1 1 1 1 1 1 1 1 1 1 1 1 1 1 1 1 1 1 1 1 1 1 1 1 1 1 1 1 1 1 1 1 1 1 1 1 1 1 1 1 1 1 1 1 1 1 1 1 1 1 1 1 1 1 1 1 1 1 1 1 1 1 1 1 1 1 1 1 1 1 1 1 1 1 1 1 1 1 1 1 1 1 1 1 1 1 1 1 1 1 1 1 1 1 1 1 1 1 1 1 1 1 1 1 1 1 1 1 1 1 1 1 1 1 1 1 1 1 1 1 1 1 1 1 1 1 1 1 1 1 1 1 1 1 1 1 1 1 1 1 1 1 1 1 1 1 1 1 1 1 1 1 1 1 1 1 1 1 1 1 1 1 1 1 1 1 1 1 1 1 1 1 1 1 1 1 1 1 1 1 1 1 1 1 1 1 1 1 1 1 1 1 1 1 1 1 1 1 1 1 1 1 1 1 1 1 1 1 1 1 1 1 1 1 1 1 1 1 1 1 1 1 1 1 1 1 1 1 1 1 1 1 1 1 1 1 1 1 1 1 1 1 1 1 1 1 1 1 1 1 1 1 1 1 1 1 1 1 1 1 1 1 1 1 1 1 1 1 1 1 1 1 1 1 1 1 1 1 1 1 1 1 1 1 1 1 1 1 1 1 1 1 1 1 1 1 1 1 1 1 1 1 1 1 1 1 1 1 1 1 1 1 1 1 1 1 1 1 1 1 1 1 1 1 1 1 1 1 1 1 1 1 1 1 1 1 1 1 1 1 1 1 1 1 1 1 1 1 1 1 1 1 1 1 1 1 1 1 1 1 1 1 1 1 1 1 1 1 1 1 1 1 1 1 1 1 1 1 1 1 1 1 1 1 1 1 1 1 1 1 1 1 1 1 1 1 1 1 1 1 1 1 1 1 1 1 1 1 1 1 1 1 1 1 1 1 1 1 1 1 1 1 1 1 1 1 1 1 1 1 1 1 1 1 1 1 1 1 1 1 1 1 1 1 1 1 1 1 1 1 1 1 1 1 1 1 1 1 1 1 1 1 1 1 1 1 1 1 1 1 1 1 1 1 1 1 1 1 1 1 1 1 1 1 1 1 1 1 1 1 1 1 1 1 1 1 1 1 1 1 1 1 1 1 1 1 1 1 1 1 1 1 1 1 1 1 1 1 1 1 1 1 1 1 1 1 1 1 1 1 1 1 1 1 1 1 1 1 1 1 1 1 1 1 1 1 1 1 1 1 1 1 1 1 1 1 1 1 1 1 1 1 1 1 1 1 1 1 1 1 1 1 1 1 1 1 1 1 1 1 1 1 1 1 1 1 1 1 1 1 1 1 1 1 1 1 1 1 1 1 1 1 1 1 1 1 1 1 1 1 1 1 1 1 1 1 1 1 1 1 1 1 1 1 1 1 1 1 1 1 1 1 1 1 1 1 1 1 1 1 1 1 1 1 1 1 1 1 1 1 1 1 1 1 1 1 1 1 1 1 1 1 1 1 1 1 1 1 1 1 1 1 1 1 1 1 1 1 1 1 1 1 1 1 1 1 1 1 1 1 1 1 1 1 1 1 1 1 1 1 1 1 1 1 1 1 1 1 1 1 1 1 1 1 1 1 1 1 1 1 1 1 1 1 1 1 1 1 1 1 1 1 1 1 1 1 1 1 1 1 1 1 1 1 1 1 1 1 1 1 1 1 1 1 1 1 1 1 1 1 1 1 1 1 1 1 1 1 1 1 1 1 1 1 1 1 1 1 1 1 1 1 1 1 1 1 1 1 1 1 1 1 1 1 1 1 1 1 1 1 1 1 1 1 1 1 1 1 1 1 1 1 1 1 1 1 1 1 1 1 1 1 1 1 1 1 1 1 1 1 1 1 1 1 1 1 1 1 1 1 1 1 1 1 1 1 1 1 1 1 1 1 1 1 1 1 1 1 1 1 1 1 1 1 1 1 1 1 1 1 1 1 1 1 1 1 1 1 1 1 1 1 1 1 1 1 1 1 1 1 1 1 1 1 1 1 1 1 1 1 1 1 1 1 1 1 1 1 1 1 1 1 1 1 1 1 1 1 1 1 1 1 1 1 1 1 1 1 1 1 1 1 1 1 1 1 1 1 1 1 1 1 1 1 1 1 1 1 1 1 1 1 1 1 1 1 1 1 1 1 1 1 1 1 1 1 1 1 1 1 1 1 1 1 1 1 1 1 1 1 1 1 1 1 1 1 1 1 1 1 1 </vcount>
          <v>0 0 0 1 0 2 0 3 0 4 0 5 0 6 0 7 0 8 0 9 0 10 0 11 0 12 0 13 0 14 0 15 0 16 0 17 0 18 0 19 0 20 0 21 0 22 0 23 0 24 0 25 0 26 0 27 0 28 0 29 0 30 0 31 0 32 0 33 0 34 0 35 0 36 0 37 0 38 0 39 0 40 0 41 0 42 0 43 0 44 0 45 0 46 0 47 0 48 0 49 0 50 0 51 0 52 0 53 0 54 0 55 0 56 0 57 0 58 0 59 0 60 0 61 0 62 0 63 0 64 0 65 0 66 0 67 0 68 0 69 0 70 0 71 0 72 0 73 0 74 0 75 0 76 0 77 0 78 0 79 0 80 0 81 0 82 0 83 0 84 0 85 0 86 0 87 0 88 0 89 0 90 0 91 0 92 0 93 0 94 0 95 0 96 0 97 0 98 0 99 0 100 0 101 0 102 0 103 0 104 0 105 0 106 0 107 0 108 0 109 0 110 0 111 0 112 0 113 0 114 0 115 0 116 0 117 0 118 0 119 0 120 0 121 0 122 0 123 0 124 0 125 0 126 0 127 0 128 0 129 0 130 0 131 0 132 0 133 0 134 0 135 0 136 0 137 0 138 0 139 0 140 0 141 0 142 0 143 0 144 0 145 0 146 0 147 0 148 0 149 0 150 0 151 0 152 0 153 0 154 0 155 0 156 0 157 0 158 0 159 0 160 0 161 0 162 0 163 0 164 0 165 0 166 0 167 0 168 0 169 0 170 0 171 0 172 0 173 0 174 0 175 0 176 0 177 0 178 0 179 0 180 0 181 0 182 0 183 0 184 0 185 0 186 0 187 0 188 0 189 0 190 0 191 0 192 0 193 0 194 0 195 0 196 0 197 0 198 0 199 0 200 0 201 0 202 0 203 0 204 0 205 0 206 0 207 0 208 0 209 0 210 0 211 0 212 0 213 0 214 0 215 0 216 0 217 0 218 0 219 0 220 0 221 0 222 0 223 0 224 0 225 0 226 0 227 0 228 0 229 0 230 0 231 0 232 0 233 0 234 0 235 0 236 0 237 0 238 0 239 0 240 0 241 0 242 0 243 0 244 0 245 0 246 0 247 0 248 0 249 0 250 0 251 0 252 0 253 0 254 0 255 0 256 0 257 0 258 0 259 0 260 0 261 0 262 0 263 0 264 0 265 0 266 0 267 0 268 0 269 0 270 0 271 0 272 0 273 0 274 0 275 0 276 0 277 0 278 0 279 0 280 0 281 0 282 0 283 0 284 0 285 0 286 0 287 0 288 0 289 0 290 0 291 0 292 0 293 0 294 0 295 0 296 0 297 0 298 0 299 0 300 0 301 0 302 0 303 0 304 0 305 0 306 0 307 0 308 0 309 0 310 0 311 0 312 0 313 0 314 0 315 0 316 0 317 0 318 0 319 0 320 0 321 0 322 0 323 0 324 0 325 0 326 0 327 0 328 0 329 0 330 0 331 0 332 0 333 0 334 0 335 0 336 0 337 0 338 0 339 0 340 0 341 0 342 0 343 0 344 0 345 0 346 0 347 0 348 0 349 0 350 0 351 0 352 0 353 0 354 0 355 0 356 0 357 0 358 0 359 0 360 0 361 0 362 0 363 0 364 0 365 0 366 0 367 0 368 0 369 0 370 0 371 0 372 0 373 0 374 0 375 0 376 0 377 0 378 0 379 0 380 0 381 0 382 0 383 0 384 0 385 0 386 0 387 0 388 0 389 0 390 0 391 0 392 0 393 0 394 0 395 0 396 0 397 0 398 0 399 0 400 0 401 0 402 0 403 0 404 0 405 0 406 0 407 0 408 0 409 0 410 0 411 0 412 0 413 0 414 0 415 0 416 0 417 0 418 0 419 0 420 0 421 0 422 0 423 0 424 0 425 0 426 0 427 0 428 0 429 0 430 0 431 0 432 0 433 0 434 0 435 0 436 0 437 0 438 0 439 0 440 0 441 0 442 0 443 0 444 0 445 0 446 0 447 0 448 0 449 0 450 0 451 0 452 0 453 0 454 0 455 0 456 0 457 0 458 0 459 0 460 0 461 0 462 0 463 0 464 0 465 0 466 0 467 0 468 0 469 0 470 0 471 0 472 0 473 0 474 0 475 0 476 0 477 0 478 0 479 0 480 0 481 0 482 0 483 0 484 0 485 0 486 0 487 0 488 0 489 0 490 0 491 0 492 0 493 0 494 0 495 0 496 0 497 0 498 0 499 0 500 0 501 0 502 0 503 0 504 0 505 0 506 0 507 0 508 0 509 0 510 0 511 0 512 0 513 0 514 0 515 0 516 0 517 0 518 0 519 0 520 0 521 0 522 0 523 0 524 0 525 0 526 0 527 0 528 0 529 0 530 0 531 0 532 0 533 0 534 0 535 0 536 0 537 0 538 0 539 0 540 0 541 0 542 0 543 0 544 0 545 0 546 0 547 0 548 0 549 0 550 0 551 0 552 0 553 0 554 0 555 0 556 0 557 0 558 0 559 0 560 0 561 0 562 0 563 0 564 0 565 0 566 0 567 0 568 0 569 0 570 0 571 0 572 0 573 0 574 0 575 0 576 0 577 0 578 0 579 0 580 0 581 0 582 0 583 0 584 0 585 0 586 0 587 0 588 0 589 0 590 0 591 0 592 0 593 0 594 0 595 0 596 0 597 0 598 0 599 0 600 0 601 0 602 0 603 0 604 0 605 0 606 0 607 0 608 0 609 0 610 0 611 0 612 0 613 0 614 0 615 0 616 0 617 0 618 0 619 0 620 0 621 0 622 0 623 0 624 0 625 0 626 0 627 0 628 0 629 0 630 0 631 0 632 0 633 0 634 0 635 0 636 0 637 0 638 0 639 0 640 0 641 0 642 0 643 0 644 0 645 0 646 0 647 0 648 0 649 0 650 0 651 0 652 0 653 0 654 0 655 0 656 0 657 0 658 0 659 0 660 0 661 0 662 0 663 0 664 0 665 0 666 0 667 0 668 0 669 0 670 0 671 0 672 0 673 0 674 0 675 0 676 0 677 0 678 0 679 0 680 0 681 0 682 0 683 0 684 0 685 0 686 0 687 0 688 0 689 0 690 0 691 0 692 0 693 0 694 0 695 0 696 0 697 0 698 0 699 0 700 0 701 0 702 0 703 0 704 0 705 0 706 0 707 0 708 0 709 0 710 0 711 0 712 0 713 0 714 0 715 0 716 0 717 0 718 0 719 0 720 0 721 0 722 0 723 0 724 0 725 0 726 0 727 0 728 0 729 0 730 0 731 0 732 0 733 0 734 0 735 0 736 0 737 0 738 0 739 0 740 0 741 0 742 0 743 0 744 0 745 0 746 0 747 0 748 0 749 0 750 0 751 0 752 0 753 0 754 0 755 0 756 0 757 0 758 0 759 0 760 0 761 0 762 0 763 0 764 0 765 0 766 0 767 0 768 0 769 0 770 0 771 0 772 0 773 0 774 0 775 0 776 0 777 0 778 0 779 0 780 0 781 0 782 0 783 0 784 0 785 0 786 0 787 0 788 0 789 0 790 0 791 0 792 0 793 0 794 0 795 0 796 0 797 0 798 0 799 0 800 0 801 0 802 0 803 0 804 0 805 0 806 0 807 0 808 0 809 0 810 0 811 0 812 0 813 0 814 0 815 0 816 0 817 0 818 0 819 0 820 0 821 0 822 0 823 0 824 0 825 0 826 0 827 0 828 0 829 0 830 0 831 0 832 0 833 0 834 0 835 0 836 0 837 0 838 0 839 0 840 0 841 0 842 0 843 0 844 0 845 0 846 0 847 0 848 0 849 0 850 0 851 0 852 0 853 0 854 0 855 0 856 0 857 0 858 0 859 0 860 0 861 0 862 0 863 0 864 0 865 0 866 0 867 0 868 0 869 0 870 0 871 0 872 0 873 0 874 0 875 0 876 0 877 0 878 0 879 0 880 0 881 0 882 0 883 0 884 0 885 0 886 0 887 0 888 0 889 0 890 0 891 0 892 0 893 0 894 0 895 0 896 0 897 0 898 0 899 0 900 0 901 0 902 0 903 0 904 0 905 0 906 0 907 0 908 0 909 0 910 0 911 0 912 0 913 0 914 0 915 0 916 0 917 0 918 0 919 0 920 0 921 0 922 0 923 0 924 0 925 0 926 0 927 0 928 0 929 0 930 0 931 0 932 0 933 0 934 0 935 0 936 0 937 0 938 0 939 0 940 0 941 0 942 0 943 0 944 0 945 0 946 0 947 0 948 0 949 0 950 0 951 0 952 0 953 0 954 0 955 0 956 0 957 0 958 0 959 0 960 0 961 0 962 0 963 0 964 0 965 0 966 0 967 0 968 0 969 0 970 0 971 0 972 0 973 0 974 0 975 0 976 0 977 0 978 0 979 0 980 0 981 0 982 0 983 0 984 0 985 0 986 0 987 0 988 0 989 0 990 0 991 0 992 0 993 0 994 0 995 0 996 0 997 0 998 0 999 0 1000 0 1001 0 1002 0 1003 0 1004 0 1005 0 1006 0 1007 0 1008 0 1009 0 1010 0 1011 0 1012 0 1013 0 1014 0 1015 0 1016 0 1017 0 1018 0 1019 0 1020 0 1021 0 1022 0 1023 0 1024 0 1025 0 1026 0 1027 0 1028 0 1029 0 1030 0 1031 0 1032 0 1033 0 1034 0 1035 0 1036 0 1037 0 1038 0 1039 0 1040 0 1041 0 1042 0 1043 0 1044 0 1045 0 1046 0 1047 0 1048 0 1049 0 1050 0 1051 0 1052 0 1053 0 1054 0 1055 0 1056 0 1057 0 1058 0 1059 0 1060 0 1061 0 1062 0 1063 0 1064 0 1065 0 1066 0 1067 0 1068 0 1069 0 1070 0 1071 0 1072 0 1073 0 1074 0 1075 0 1076 0 1077 0 1078 0 1079 0 1080 0 1081 0 1082 0 1083 0 1084 0 1085 0 1086 0 1087 0 1088 0 1089 0 1090 0 1091 0 1092 0 1093 0 1094 0 1095 0 1096 0 1097 0 1098 0 1099 0 1100 0 1101 0 1102 0 1103 0 1104 0 1105 0 1106 0 1107 0 1108 0 1109 0 1110 0 1111 0 1112 0 1113 0 1114 0 1115 0 1116 0 1117 0 1118 0 1119 0 1120 0 1121 0 1122 0 1123 0 1124 0 1125 0 1126 0 1127 0 1128 0 1129 0 1130 0 1131 0 1132 0 1133 0 1134 0 1135 0 1136 0 1137</v>
        </vertex_weights>
      </skin>
    </controller>
  </library_controllers>
  <library_visual_scenes>
    <visual_scene id="Scene" name="Scene">
      <node id="Armature" name="Armature" type="NODE">
        <matrix sid="transform">1 0 0 0 0 -1.62921e-7 -1 0 0 1 -1.62921e-7 0 0 0 0 1</matrix>
        <node id="Armature_Sub_Root" name="Sub_Root" sid="Sub_Root" type="JOINT">
          <matrix sid="transform">1 0 0 0 0 1 0 0 0 0 1 0 0 0 0 1</matrix>
          <node id="Armature_Sub_Ice_Horn" name="Sub_Ice_Horn" sid="Sub_Ice_Horn" type="JOINT">
            <matrix sid="transform">1 0 0 0 0 1 0 0 0 0 1 0 0 0 0 1</matrix>
            <extra>
              <technique profile="blender">
                <layer sid="layer" type="string">0</layer>
                <tip_x sid="tip_x" type="float">0</tip_x>
                <tip_y sid="tip_y" type="float">1</tip_y>
                <tip_z sid="tip_z" type="float">0</tip_z>
              </technique>
            </extra>
          </node>
          <extra>
            <technique profile="blender">
              <layer sid="layer" type="string">0</layer>
              <tip_x sid="tip_x" type="float">0</tip_x>
              <tip_y sid="tip_y" type="float">1</tip_y>
              <tip_z sid="tip_z" type="float">0</tip_z>
            </technique>
          </extra>
        </node>
        <node id="Ice_Horn__Mt_Ice" name="Ice_Horn__Mt_Ice" type="NODE">
          <matrix sid="transform">1 0 0 0 0 1 0 0 0 0 1 0 0 0 0 1</matrix>
          <instance_controller url="#Armature_Ice_Horn__Mt_Ice-skin">
            <skeleton>#Armature_Sub_Root</skeleton>
            <bind_material>
              <technique_common>
                <instance_material symbol="Mt_Ice-material" target="#Mt_Ice-material">
                  <bind_vertex_input semantic="Ice_Horn__Mt_Ice-texcoord" input_semantic="TEXCOORD" input_set="0"/>
                </instance_material>
              </technique_common>
            </bind_material>
          </instance_controller>
        </node>
      </node>
    </visual_scene>
  </library_visual_scenes>
  <scene>
    <instance_visual_scene url="#Scene"/>
  </scene>
</COLLADA>