#
# A fatal error has been detected by the Java Runtime Environment:
#
#  SIGSEGV (0xb) at pc=0x00007f5a962b8595, pid=80413, tid=80414
#
# JRE version: OpenJDK Runtime Environment Corretto-21.0.9.11.1 (21.0.9+11) (build 21.0.9+11-LTS)
# Java VM: OpenJDK 64-Bit Server VM Corretto-21.0.9.11.1 (21.0.9+11-LTS, mixed mode, sharing, tiered, compressed oops, compressed class ptrs, g1 gc, linux-amd64)
# Problematic frame:
# C  [libnvidia-glcore.so.610.57.04+0xab8595]
#
# Core dump will be written. Default location: Core dumps may be processed with "/usr/lib/systemd/systemd-coredump %P %u %g %s %t %c %h %d %F %I" (or dumping to /mnt/Alpha/Users/Ian/Documents/Relic/core.80413)
#
# If you would like to submit a bug report, please visit:
#   https://github.com/corretto/corretto-21/issues/
# The crash happened outside the Java Virtual Machine in native code.
# See problematic frame for where to report the bug.
#

---------------  S U M M A R Y ------------

Command Line: -Dfile.encoding=UTF-8 -Duser.country=US -Duser.language=en -Duser.variant net.ice.relic.common.test.VulkanTest

Host: 12th Gen Intel(R) Core(TM) i9-12900K, 24 cores, 62G, Arch Linux
Time: Wed Aug 19 17:44:44 2026 EDT elapsed time: 3.091915 seconds (0d 0h 0m 3s)

---------------  T H R E A D  ---------------

Current thread (0x00007f5b6402ceb0):  JavaThread "main"             [_thread_in_native, id=80414, stack(0x00007f5b69d00000,0x00007f5b69e00000) (1024K)]

Stack: [0x00007f5b69d00000,0x00007f5b69e00000],  sp=0x00007f5b69dfd7b0,  free space=1013k
Native frames: (J=compiled Java code, j=interpreted, Vv=VM code, C=native code)
C  [libnvidia-glcore.so.610.57.04+0xab8595]
Java frames: (J=compiled Java code, j=interpreted, Vv=VM code)
J 2717  org.lwjgl.opengl.GL32C.glFenceSync(II)J (0 bytes) @ 0x00007f5b544a1d7c [0x00007f5b544a1d20+0x000000000000005c]
J 2761 c1 net.ice.curio.library.opengl.object.GLFence.sync()V (11 bytes) @ 0x00007f5b4ccee284 [0x00007f5b4ccee1c0+0x00000000000000c4]
j  net.ice.relic.core.rendering.backend.opengl.renderers.GLGuiRenderer.render()V+265
j  net.ice.relic.core.rendering.backend.opengl.GLRenderer.render()V+89
j  net.ice.relic.application.RelicApplication.loop()V+112
j  net.ice.relic.application.RelicApplication.run()V+5
j  net.ice.relic.common.test.VulkanTest.main([Ljava/lang/String;)V+8
v  ~StubRoutines::call_stub 0x00007f5b53c5fcc6

siginfo: si_signo: 11 (SIGSEGV), si_code: 128 (SI_KERNEL), si_addr: 0x0000000000000000

Registers:
RAX=0x00ffffff00ffffff, RBX=0x00007f5a97fdc2c0, RCX=0x0000000000000d80, RDX=0x0000000000000000
RSP=0x00007f5b69dfd7b0, RBP=0x00007f5a880056a0, RSI=0x00007f5a97fdc2e8, RDI=0x0000000000000000
R8 =0x00007f5a88001410, R9 =0x000000000017d81a, R10=0x0000000000008000, R11=0x00007f5b69dfd318
R12=0x00007f5b64f9f520, R13=0x00007f5b64f9f520, R14=0x0000000000000002, R15=0x00007f5a880056a0
RIP=0x00007f5a962b8595, EFLAGS=0x0000000000010246, CSGSFS=0x002b000000000033, ERR=0x0000000000000000
  TRAPNO=0x000000000000000d

XMM[0]=0x0000000000000000 0x0000000000000000
XMM[1]=0x0000000000000000 0x0000000000000000
XMM[2]=0x0000000000000000 0x0000000000000000
XMM[3]=0x0000000000000000 0x0000000000000000
XMM[4]=0x0000000000000000 0x0000000000000000
XMM[5]=0x0000000000000000 0x0000000000000000
XMM[6]=0x0000000000000000 0x0000000000000000
XMM[7]=0x0000000000000000 0x0000000000000000
XMM[8]=0x0195019401920194 0x0193019201910190
XMM[9]=0x0000000000000000 0x000000003f7d0000
XMM[10]=0x0000000000000000 0x000000003e400000
XMM[11]=0x0000000000000000 0x00000000bfa2e4e0
XMM[12]=0x0000000000000000 0x0000000041bf5328
XMM[13]=0x0000000000000000 0x0000000042f40000
XMM[14]=0x0000000000000000 0x00000000433f0000
XMM[15]=0x0000000000000000 0x00000000439fc000
  MXCSR=0x00001fa2


Register to memory mapping:

RAX=0x00ffffff00ffffff is an unknown value
RBX=0x00007f5a97fdc2c0: _nv015glcore+0x0000000000000000 in /usr/lib/libnvidia-glcore.so.610.57.04 at 0x00007f5a95800000
RCX=0x0000000000000d80 is an unknown value
RDX=0x0 is null
RSP=0x00007f5b69dfd7b0 is pointing into the stack for thread: 0x00007f5b6402ceb0
RBP=0x00007f5a880056a0 points into unknown readable memory: 0x0000000000001000 | 00 10 00 00 00 00 00 00
RSI=0x00007f5a97fdc2e8: _nv015glcore+0x0000000000000028 in /usr/lib/libnvidia-glcore.so.610.57.04 at 0x00007f5a95800000
RDI=0x0 is null
R8 =0x00007f5a88001410 points into unknown readable memory: 0x0000000000000000 | 00 00 00 00 00 00 00 00
R9 =0x000000000017d81a is an unknown value
R10=0x0000000000008000 is an unknown value
R11=0x00007f5b69dfd318 is pointing into the stack for thread: 0x00007f5b6402ceb0
R12=0x00007f5b64f9f520 points into unknown readable memory: 0x00ffffff00ffffff | ff ff ff 00 ff ff ff 00
R13=0x00007f5b64f9f520 points into unknown readable memory: 0x00ffffff00ffffff | ff ff ff 00 ff ff ff 00
R14=0x0000000000000002 is an unknown value
R15=0x00007f5a880056a0 points into unknown readable memory: 0x0000000000001000 | 00 10 00 00 00 00 00 00

Top of Stack: (sp=0x00007f5b69dfd7b0)
0x00007f5b69dfd7b0:   00007f5a88001410 00007f5a9632b187
0x00007f5b69dfd7c0:   00007f5a880056a0 0000000000000002
0x00007f5b69dfd7d0:   00007f5a88001410 00007f5b69dfd830
0x00007f5b69dfd7e0:   00007f5b69dfd838 0000000000000002
0x00007f5b69dfd7f0:   00007f5a880056a0 00007f5a962b8c76
0x00007f5b69dfd800:   0000000000000000 00007f5b69dfe0f0
0x00007f5b69dfd810:   0000000000000000 00007f5a88001410
0x00007f5b69dfd820:   00007f5b69dfd830 0100000000000000
0x00007f5b69dfd830:   00007f5a88001410 0000000000000000
0x00007f5b69dfd840:   0000000000000000 0000000000000000
0x00007f5b69dfd850:   0000000000000000 0000000000000000
0x00007f5b69dfd860:   0000000000000000 0000000000000000
0x00007f5b69dfd870:   0000000000000000 0000000000000000
0x00007f5b69dfd880:   0000000000000000 0000000000000000
0x00007f5b69dfd890:   0000000000000000 0000000000000000
0x00007f5b69dfd8a0:   0000000000000000 0000000000000000
0x00007f5b69dfd8b0:   0000000000000000 0000000000000000
0x00007f5b69dfd8c0:   0000000000000000 0000000000000000
0x00007f5b69dfd8d0:   0000000000000000 000000000000008e
0x00007f5b69dfd8e0:   000000000000826b 0000000000020071
0x00007f5b69dfd8f0:   0000000000008251 0000000000008246
0x00007f5b69dfd900:   000000041703ac48 00007f5b69dfd908
0x00007f5b69dfd910:   00007f5ad788fc6f 000000000000000b
0x00007f5b69dfd920:   00007f5ad788ff38 0000000000000000
0x00007f5b69dfd930:   000000045310dcd0 00007f5ad788fc78
0x00007f5b69dfd940:   0000000000000000 00007f5b69dfd960
0x00007f5b69dfd950:   00007f5b69dfd9f8 00007f5b53c67626
0x00007f5b69dfd960:   0000000000000000 0000000000000000
0x00007f5b69dfd970:   00007f5a97fe0940 0000000000000000
0x00007f5b69dfd980:   000000000000008e 000000000000826b
0x00007f5b69dfd990:   0000000000020071 0000000000008251
0x00007f5b69dfd9a0:   0000000000008246 00000004530deaa8 

Instructions: (pc=0x00007f5a962b8595)
0x00007f5a962b8495:   1f 40 00 83 e8 01 89 03 48 8d 05 cc 3d d2 01 48
0x00007f5a962b84a5:   8b 68 08 ff 10 48 8b 4b 40 48 89 d6 48 89 c7 8b
0x00007f5a962b84b5:   53 38 ff d5 84 c0 74 b2 8b 43 30 85 c0 74 ab 83
0x00007f5a962b84c5:   e8 01 89 43 30 75 0c c6 43 38 00 48 c7 43 40 00
0x00007f5a962b84d5:   00 00 00 48 8d 05 a1 3d d2 01 8b 7b 48 48 8d 73
0x00007f5a962b84e5:   28 ff 50 18 eb 84 0f 1f 44 00 00 41 57 41 56 41
0x00007f5a962b84f5:   55 41 54 55 48 89 fd 53 48 83 ec 18 48 83 bf d0
0x00007f5a962b8505:   01 00 00 00 0f 84 b9 00 00 00 48 8d 1d aa 3d d2
0x00007f5a962b8515:   01 0f b6 83 d0 0f 00 00 84 c0 75 0f 8b 83 c4 0f
0x00007f5a962b8525:   00 00 83 c0 01 89 83 c4 0f 00 00 8b 83 cc 0f 00
0x00007f5a962b8535:   00 83 f8 01 0f 87 b9 02 00 00 4c 8b a5 d0 01 00
0x00007f5a962b8545:   00 41 83 ac 24 90 00 00 00 01 48 8b 85 d0 01 00
0x00007f5a962b8555:   00 83 a8 8c 00 00 00 01 4c 8b ad d0 01 00 00 41
0x00007f5a962b8565:   8b bd 8c 00 00 00 85 ff 0f 84 2d 03 00 00 8b 95
0x00007f5a962b8575:   60 10 00 00 48 8b 8d 78 10 00 00 31 ff 48 c7 85
0x00007f5a962b8585:   d0 01 00 00 00 00 00 00 49 8b 84 24 98 00 00 00
0x00007f5a962b8595:   48 89 0c d0 48 8b 85 40 12 00 00 4c 89 e2 48 8d
0x00007f5a962b85a5:   b0 00 6a 02 00 e8 b1 9f fa ff 8b 03 85 c0 0f 85
0x00007f5a962b85b5:   7f 02 00 00 0f b6 83 d0 0f 00 00 84 c0 0f 84 18
0x00007f5a962b85c5:   02 00 00 44 8b b5 d8 03 00 00 45 85 f6 75 0e 8b
0x00007f5a962b85d5:   b5 bc 03 00 00 85 f6 0f 85 bd 00 00 00 48 83 c4
0x00007f5a962b85e5:   18 5b 5d 41 5c 41 5d 41 5e 41 5f c3 0f 1f 80 00
0x00007f5a962b85f5:   00 00 00 49 8b bf 98 00 00 00 49 8d 87 b0 00 00
0x00007f5a962b8605:   00 48 39 c7 48 8d 05 b0 4c d2 01 74 0d 48 89 44
0x00007f5a962b8615:   24 08 ff 50 18 48 8b 44 24 08 4c 89 ff ff 50 18
0x00007f5a962b8625:   48 8b 85 d0 03 00 00 4c 01 e0 48 c7 80 d0 01 00
0x00007f5a962b8635:   00 00 00 00 00 31 ff 8b 95 60 10 00 00 49 8b 85
0x00007f5a962b8645:   98 00 00 00 48 8b 8d 78 10 00 00 48 89 0c d0 48
0x00007f5a962b8655:   8b 85 40 12 00 00 4c 89 ea 48 8d b0 00 6a 02 00
0x00007f5a962b8665:   e8 f6 9e fa ff 8b 03 85 c0 0f 85 0c 01 00 00 0f
0x00007f5a962b8675:   b6 83 d0 0f 00 00 84 c0 75 0f 8b 83 c4 0f 00 00
0x00007f5a962b8685:   83 e8 01 89 83 c4 0f 00 00 41 83 c6 01 44 39 b5 


Stack slot to memory mapping:

stack at sp + 0 slots: 0x00007f5a88001410 points into unknown readable memory: 0x0000000000000000 | 00 00 00 00 00 00 00 00
stack at sp + 1 slots: 0x00007f5a9632b187: <offset 0x0000000000b2b187> in /usr/lib/libnvidia-glcore.so.610.57.04 at 0x00007f5a95800000
stack at sp + 2 slots: 0x00007f5a880056a0 points into unknown readable memory: 0x0000000000001000 | 00 10 00 00 00 00 00 00
stack at sp + 3 slots: 0x0000000000000002 is an unknown value
stack at sp + 4 slots: 0x00007f5a88001410 points into unknown readable memory: 0x0000000000000000 | 00 00 00 00 00 00 00 00
stack at sp + 5 slots: 0x00007f5b69dfd830 is pointing into the stack for thread: 0x00007f5b6402ceb0
stack at sp + 6 slots: 0x00007f5b69dfd838 is pointing into the stack for thread: 0x00007f5b6402ceb0
stack at sp + 7 slots: 0x0000000000000002 is an unknown value


Compiled method (n/a) 3120 2717     n 0       org.lwjgl.opengl.GL32C::glFenceSync (native)
 total in heap  [0x00007f5b544a1b90,0x00007f5b544a1f10] = 896
 relocation     [0x00007f5b544a1ce8,0x00007f5b544a1d20] = 56
 main code      [0x00007f5b544a1d20,0x00007f5b544a1f07] = 487
 stub code      [0x00007f5b544a1f07,0x00007f5b544a1f08] = 1
 oops           [0x00007f5b544a1f08,0x00007f5b544a1f10] = 8

[Constant Pool (empty)]

[MachCode]
[Entry Point]
  # {method} {0x00007f5ad78c0a78} 'glFenceSync' '(II)J' in 'org/lwjgl/opengl/GL32C'
  # parm0:    rsi       = int
  # parm1:    rdx       = int
  #           [sp+0x50]  (sp of caller)
  0x00007f5b544a1d20: 448b 5608 | 49bb 0000 | 00db 5a7f | 0000 4d03 | d349 3bc2 | 0f84 0600 

  0x00007f5b544a1d38: ;   {runtime_call ic_miss_stub}
  0x00007f5b544a1d38: 0000 e941 | b380 ff90 
[Verified Entry Point]
  0x00007f5b544a1d40: 8984 2400 | c0fe ff55 | 488b ec48 | 83ec 4090 | 4181 7f20 | 0100 0000 

  0x00007f5b544a1d58: ;   {runtime_call StubRoutines (final stubs)}
  0x00007f5b544a1d58: 7405 e841 | 177f ff48 | 8bca 488b 

  0x00007f5b544a1d64: ;   {oop(a 'java/lang/Class'{0x0000000453175f18} = 'org/lwjgl/opengl/GL32C')}
  0x00007f5b544a1d64: d649 be18 | 5f17 5304 | 0000 004c | 8974 2430 | 4c8d 7424 | 3049 8bf6 

  0x00007f5b544a1d7c: ;   {internal_word}
  0x00007f5b544a1d7c: c5f8 7749 | ba7c 1d4a | 545b 7f00 | 004d 8997 | a003 0000 | 4989 a798 

  0x00007f5b544a1d94: ;   {external_word}
  0x00007f5b544a1d94: 0300 0080 | 3d77 c30d | 1700 0f84 | 3400 0000 

  0x00007f5b544a1da4: ;   {metadata({method} {0x00007f5ad78c0a78} 'glFenceSync' '(II)J' in 'org/lwjgl/opengl/GL32C')}
  0x00007f5b544a1da4: 5652 5148 | be78 0a8c | d75a 7f00 | 0049 8bff | 40f6 c40f | 0f84 1200 | 0000 4883 

  0x00007f5b544a1dc0: ;   {runtime_call SharedRuntime::dtrace_method_entry(JavaThread*, Method*)}
  0x00007f5b544a1dc0: ec08 e889 | 8972 1648 | 83c4 08e9 | 0500 0000 

  0x00007f5b544a1dd0: ;   {runtime_call SharedRuntime::dtrace_method_entry(JavaThread*, Method*)}
  0x00007f5b544a1dd0: e87b 8972 | 1659 5a5e | 498d bfb8 | 0300 0041 | c787 4404 | 0000 0400 

  0x00007f5b544a1de8: ;   {runtime_call Java_org_lwjgl_opengl_GL32C_glFenceSync}
  0x00007f5b544a1de8: 0000 48b8 | 10a0 43d4 | 5a7f 0000 | ffd0 c5f8 | 7741 c787 | 4404 0000 | 0500 0000 | f083 4424 
  0x00007f5b544a1e08: c000 493b | af48 0400 | 000f 870e | 0000 0041 | 83bf 4004 | 0000 000f | 8424 0000 | 00c5 f877 
  0x00007f5b544a1e28: 4889 45f8 | 498b ff4c | 8be4 4883 | ec00 4883 

  0x00007f5b544a1e38: ;   {runtime_call JavaThread::check_special_condition_for_native_trans(JavaThread*)}
  0x00007f5b544a1e38: e4f0 e831 | b728 1649 | 8be4 4d33 | e448 8b45 | f841 c787 | 4404 0000 | 0800 0000 | 4183 bfc0 
  0x00007f5b544a1e58: 0400 0002 | 0f84 7f00 

  0x00007f5b544a1e60: ;   {external_word}
  0x00007f5b544a1e60: 0000 803d | acc2 0d17 | 000f 8436 | 0000 0048 

  0x00007f5b544a1e70: ;   {metadata({method} {0x00007f5ad78c0a78} 'glFenceSync' '(II)J' in 'org/lwjgl/opengl/GL32C')}
  0x00007f5b544a1e70: 8945 f848 | be78 0a8c | d75a 7f00 | 0049 8bff | 40f6 c40f | 0f84 1200 | 0000 4883 

  0x00007f5b544a1e8c: ;   {runtime_call SharedRuntime::dtrace_method_exit(JavaThread*, Method*)}
  0x00007f5b544a1e8c: ec08 e8cd | 8872 1648 | 83c4 08e9 | 0500 0000 

  0x00007f5b544a1e9c: ;   {runtime_call SharedRuntime::dtrace_method_exit(JavaThread*, Method*)}
  0x00007f5b544a1e9c: e8bf 8872 | 1648 8b45 | f849 c787 | 9803 0000 | 0000 0000 | 49c7 87a0 | 0300 0000 | 0000 00c5 
  0x00007f5b544a1ebc: f877 498b | 8f28 0400 | 00c7 8100 | 0100 0000 | 0000 00c9 | 4983 7f08 | 000f 8501 | 0000 00c3 
  0x00007f5b544a1edc: ;   {runtime_call StubRoutines (initial stubs)}
  0x00007f5b544a1edc: e91f dd7b | ffc5 f877 | 4889 45f8 | 4c8b e448 | 83ec 0048 

  0x00007f5b544a1ef0: ;   {runtime_call SharedRuntime::reguard_yellow_pages()}
  0x00007f5b544a1ef0: 83e4 f0e8 | 0897 7216 | 498b e44d | 33e4 488b | 45f8 e95b | ffff fff4 
[/MachCode]


Compiled method (c1) 3134 2761       3       net.ice.curio.library.opengl.object.GLFence::sync (11 bytes)
 total in heap  [0x00007f5b4ccee010,0x00007f5b4ccee408] = 1016
 relocation     [0x00007f5b4ccee168,0x00007f5b4ccee1b0] = 72
 main code      [0x00007f5b4ccee1c0,0x00007f5b4ccee328] = 360
 stub code      [0x00007f5b4ccee328,0x00007f5b4ccee368] = 64
 oops           [0x00007f5b4ccee368,0x00007f5b4ccee370] = 8
 metadata       [0x00007f5b4ccee370,0x00007f5b4ccee380] = 16
 scopes data    [0x00007f5b4ccee380,0x00007f5b4ccee3b0] = 48
 scopes pcs     [0x00007f5b4ccee3b0,0x00007f5b4ccee400] = 80
 dependencies   [0x00007f5b4ccee400,0x00007f5b4ccee408] = 8

[Constant Pool (empty)]

[MachCode]
[Entry Point]
  # {method} {0x00007f5ad759ef98} 'sync' '()V' in 'net/ice/curio/library/opengl/object/GLFence'
  #           [sp+0x60]  (sp of caller)
  0x00007f5b4ccee1c0: 448b 5608 | 49bb 0000 | 00db 5a7f | 0000 4d03 | d34c 3bd0 

  0x00007f5b4ccee1d4: ;   {runtime_call ic_miss_stub}
  0x00007f5b4ccee1d4: 0f85 a6ee | fb06 660f | 1f44 0000 
[Verified Entry Point]
  0x00007f5b4ccee1e0: 8984 2400 | c0fe ff55 | 4883 ec50 | 4181 7f20 | 0100 0000 

  0x00007f5b4ccee1f4: ;   {runtime_call StubRoutines (final stubs)}
  0x00007f5b4ccee1f4: 7405 e8a5 

  0x00007f5b4ccee1f8: ;   {metadata(method data for {method} {0x00007f5ad759ef98} 'sync' '()V' in 'net/ice/curio/library/opengl/object/GLFence')}
  0x00007f5b4ccee1f8: 52fa 0648 | baa8 64ca | d75a 7f00 | 008b baf4 | 0000 0083 | c702 89ba | f400 0000 | 81e7 fe07 
  0x00007f5b4ccee218: 0000 85ff | 0f84 8600 | 0000 4889 

  0x00007f5b4ccee224: ;   {metadata(method data for {method} {0x00007f5ad759ef98} 'sync' '()V' in 'net/ice/curio/library/opengl/object/GLFence')}
  0x00007f5b4ccee224: 7424 3848 | baa8 64ca | d75a 7f00 | 0048 8382 | 3801 0000 

  0x00007f5b4ccee238: ;   {metadata(method data for {method} {0x00007f5ad795edb0} 'glFenceSync' '(II)J' in 'org/lwjgl/opengl/GL32')}
  0x00007f5b4ccee238: 0148 ba30 | 66ca d75a | 7f00 008b | baf4 0000 | 0083 c702 | 89ba f400 | 0000 81e7 | feff 1f00 
  0x00007f5b4ccee258: 85ff 0f84 | 6900 0000 

  0x00007f5b4ccee260: ;   {metadata(method data for {method} {0x00007f5ad795edb0} 'glFenceSync' '(II)J' in 'org/lwjgl/opengl/GL32')}
  0x00007f5b4ccee260: 48ba 3066 | cad7 5a7f | 0000 4883 | 8238 0100 | 0001 be17 | 9100 00ba | 0000 0000 

  0x00007f5b4ccee27c: ;   {static_call}
  0x00007f5b4ccee27c: 6666 90e8 

  0x00007f5b4ccee280: ; ImmutableOopMap {[56]=Oop }
                      ;*invokestatic glFenceSync {reexecute=0 rethrow=0 return_oop=0}
                      ; - org.lwjgl.opengl.GL32::glFenceSync@2 (line 317)
                      ; - net.ice.curio.library.opengl.object.GLFence::sync@4 (line 25)
  0x00007f5b4ccee280: bc3a 7b07 

  0x00007f5b4ccee284: ;   {other}
  0x00007f5b4ccee284: 0f1f 8400 | 7402 0000 | 488b 7424 | 3848 8946 | 1048 83c4 

  0x00007f5b4ccee298: ;   {poll_return}
  0x00007f5b4ccee298: 505d 493b | a748 0400 | 000f 8743 | 0000 00c3 

  0x00007f5b4ccee2a8: ;   {metadata({method} {0x00007f5ad759ef98} 'sync' '()V' in 'net/ice/curio/library/opengl/object/GLFence')}
  0x00007f5b4ccee2a8: 49ba 98ef | 59d7 5a7f | 0000 4c89 | 5424 0848 | c704 24ff 

  0x00007f5b4ccee2bc: ;   {runtime_call counter_overflow Runtime1 stub}
  0x00007f5b4ccee2bc: ffff ffe8 

  0x00007f5b4ccee2c0: ; ImmutableOopMap {rsi=Oop }
                      ;*synchronization entry
                      ; - net.ice.curio.library.opengl.object.GLFence::sync@-1 (line 25)
  0x00007f5b4ccee2c0: 3c69 0807 | e959 ffff 

  0x00007f5b4ccee2c8: ;   {metadata({method} {0x00007f5ad795edb0} 'glFenceSync' '(II)J' in 'org/lwjgl/opengl/GL32')}
  0x00007f5b4ccee2c8: ff49 bab0 | ed95 d75a | 7f00 004c | 8954 2408 | 48c7 0424 | ffff ffff 

  0x00007f5b4ccee2e0: ;   {runtime_call counter_overflow Runtime1 stub}
  0x00007f5b4ccee2e0: e81b 6908 

  0x00007f5b4ccee2e4: ; ImmutableOopMap {[56]=Oop }
                      ;*synchronization entry
                      ; - org.lwjgl.opengl.GL32::glFenceSync@-1 (line 317)
                      ; - net.ice.curio.library.opengl.object.GLFence::sync@4 (line 25)
  0x00007f5b4ccee2e4: 07e9 76ff 

  0x00007f5b4ccee2e8: ;   {internal_word}
  0x00007f5b4ccee2e8: ffff 49ba | 9ae2 ce4c | 5b7f 0000 | 4d89 9760 

  0x00007f5b4ccee2f8: ;   {runtime_call SafepointBlob}
  0x00007f5b4ccee2f8: 0400 00e9 | 005d fc06 | 498b 87f8 | 0400 0049 | c787 f804 | 0000 0000 | 0000 49c7 | 8700 0500 
  0x00007f5b4ccee318: 0000 0000 | 0048 83c4 

  0x00007f5b4ccee320: ;   {runtime_call unwind_exception Runtime1 stub}
  0x00007f5b4ccee320: 505d e9d9 | e507 07f4 
[Stub Code]
  0x00007f5b4ccee328: ;   {no_reloc}
  0x00007f5b4ccee328: 48bb 0000 | 0000 0000 

  0x00007f5b4ccee330: ;   {runtime_call nmethod}
  0x00007f5b4ccee330: 0000 e9fb 

  0x00007f5b4ccee334: ;   {runtime_call handle_exception_from_callee Runtime1 stub}
  0x00007f5b4ccee334: ffff ffe8 | 4429 0807 

  0x00007f5b4ccee33c: ;   {external_word}
  0x00007f5b4ccee33c: 48bf 19b9 | f56a 5b7f | 0000 4883 

  0x00007f5b4ccee348: ;   {runtime_call MacroAssembler::debug64(char*, long, long*)}
  0x00007f5b4ccee348: e4f0 e8f1 | 13cf 1df4 
[Deopt Handler Code]
  0x00007f5b4ccee350: ;   {section_word}
  0x00007f5b4ccee350: 49ba 50e3 | ce4c 5b7f | 0000 4152 

  0x00007f5b4ccee35c: ;   {runtime_call DeoptimizationBlob}
  0x00007f5b4ccee35c: e93f 4ffc | 06f4 f4f4 | f4f4 f4f4 
[/MachCode]


---------------  P R O C E S S  ---------------

Threads class SMR info:
_java_thread_list=0x00007f5b24002010, length=13, elements={
0x00007f5b6402ceb0, 0x00007f5b64162c10, 0x00007f5b64164170, 0x00007f5b641658f0,
0x00007f5b64166f20, 0x00007f5b641684b0, 0x00007f5b6416a060, 0x00007f5b6416b710,
0x00007f5b64177d50, 0x00007f5b6417aed0, 0x00007f5ab007d9a0, 0x00007f5ab0130cc0,
0x00007f5ab0131fd0
}

Java Threads: ( => current thread )
=>0x00007f5b6402ceb0 JavaThread "main"                              [_thread_in_native, id=80414, stack(0x00007f5b69d00000,0x00007f5b69e00000) (1024K)]
  0x00007f5b64162c10 JavaThread "Reference Handler"          daemon [_thread_blocked, id=80422, stack(0x00007f5b296f8000,0x00007f5b297f8000) (1024K)]
  0x00007f5b64164170 JavaThread "Finalizer"                  daemon [_thread_blocked, id=80423, stack(0x00007f5b29300000,0x00007f5b29400000) (1024K)]
  0x00007f5b641658f0 JavaThread "Signal Dispatcher"          daemon [_thread_blocked, id=80424, stack(0x00007f5b291ff000,0x00007f5b292ff000) (1024K)]
  0x00007f5b64166f20 JavaThread "Service Thread"             daemon [_thread_blocked, id=80425, stack(0x00007f5b290fe000,0x00007f5b291fe000) (1024K)]
  0x00007f5b641684b0 JavaThread "Monitor Deflation Thread"   daemon [_thread_blocked, id=80426, stack(0x00007f5b28ffd000,0x00007f5b290fd000) (1024K)]
  0x00007f5b6416a060 JavaThread "C2 CompilerThread0"         daemon [_thread_blocked, id=80427, stack(0x00007f5b28efc000,0x00007f5b28ffc000) (1024K)]
  0x00007f5b6416b710 JavaThread "C1 CompilerThread0"         daemon [_thread_blocked, id=80428, stack(0x00007f5b28dfb000,0x00007f5b28efb000) (1024K)]
  0x00007f5b64177d50 JavaThread "Notification Thread"        daemon [_thread_blocked, id=80429, stack(0x00007f5b28cfa000,0x00007f5b28dfa000) (1024K)]
  0x00007f5b6417aed0 JavaThread "Common-Cleaner"             daemon [_thread_blocked, id=80430, stack(0x00007f5b28900000,0x00007f5b28a00000) (1024K)]
  0x00007f5ab007d9a0 JavaThread "C1 CompilerThread1"         daemon [_thread_blocked, id=80431, stack(0x00007f5b28500000,0x00007f5b28600000) (1024K)]
  0x00007f5ab0130cc0 JavaThread "C1 CompilerThread2"         daemon [_thread_blocked, id=80434, stack(0x00007f5ad6f00000,0x00007f5ad7000000) (1024K)]
  0x00007f5ab0131fd0 JavaThread "C1 CompilerThread3"         daemon [_thread_blocked, id=80435, stack(0x00007f5ad6b00000,0x00007f5ad6c00000) (1024K)]
Total: 13

Other Threads:
  0x00007f5b64159b10 VMThread "VM Thread"                           [id=80421, stack(0x00007f5b297f9000,0x00007f5b298f9000) (1024K)]
  0x00007f5b641476b0 WatcherThread "VM Periodic Task Thread"        [id=80420, stack(0x00007f5b298fa000,0x00007f5b299fa000) (1024K)]
  0x00007f5b6405ab60 WorkerThread "GC Thread#0"                     [id=80415, stack(0x00007f5b681ef000,0x00007f5b682ef000) (1024K)]
  0x00007f5ad0015580 WorkerThread "GC Thread#1"                     [id=80471, stack(0x00007f5a8d4ea000,0x00007f5a8d5ea000) (1024K)]
  0x00007f5ad00160b0 WorkerThread "GC Thread#2"                     [id=80472, stack(0x00007f5a8d3e9000,0x00007f5a8d4e9000) (1024K)]
  0x00007f5ad0016be0 WorkerThread "GC Thread#3"                     [id=80473, stack(0x00007f5a8d2e8000,0x00007f5a8d3e8000) (1024K)]
  0x00007f5ad0017710 WorkerThread "GC Thread#4"                     [id=80474, stack(0x00007f5a8d1e7000,0x00007f5a8d2e7000) (1024K)]
  0x00007f5ad0018630 WorkerThread "GC Thread#5"                     [id=80475, stack(0x00007f5a8d0e6000,0x00007f5a8d1e6000) (1024K)]
  0x00007f5ad0019550 WorkerThread "GC Thread#6"                     [id=80476, stack(0x00007f5a8cfe5000,0x00007f5a8d0e5000) (1024K)]
  0x00007f5ad001a470 WorkerThread "GC Thread#7"                     [id=80477, stack(0x00007f5a8cee4000,0x00007f5a8cfe4000) (1024K)]
  0x00007f5ad001b3b0 WorkerThread "GC Thread#8"                     [id=80478, stack(0x00007f5a8cde3000,0x00007f5a8cee3000) (1024K)]
  0x00007f5ad001c310 WorkerThread "GC Thread#9"                     [id=80479, stack(0x00007f5a8cce2000,0x00007f5a8cde2000) (1024K)]
  0x00007f5ad001d270 WorkerThread "GC Thread#10"                    [id=80480, stack(0x00007f5a8cbe1000,0x00007f5a8cce1000) (1024K)]
  0x00007f5ad001e1d0 WorkerThread "GC Thread#11"                    [id=80481, stack(0x00007f5a8cae0000,0x00007f5a8cbe0000) (1024K)]
  0x00007f5ad001ed40 WorkerThread "GC Thread#12"                    [id=80482, stack(0x00007f5a8c9df000,0x00007f5a8cadf000) (1024K)]
  0x00007f5ad001f8b0 WorkerThread "GC Thread#13"                    [id=80483, stack(0x00007f5a8c8de000,0x00007f5a8c9de000) (1024K)]
  0x00007f5ad0020810 WorkerThread "GC Thread#14"                    [id=80484, stack(0x00007f5a8c7dd000,0x00007f5a8c8dd000) (1024K)]
  0x00007f5ad00217a0 WorkerThread "GC Thread#15"                    [id=80485, stack(0x00007f5a8c6dc000,0x00007f5a8c7dc000) (1024K)]
  0x00007f5ad0022730 WorkerThread "GC Thread#16"                    [id=80486, stack(0x00007f5a8c5db000,0x00007f5a8c6db000) (1024K)]
  0x00007f5ad0023b40 WorkerThread "GC Thread#17"                    [id=80487, stack(0x00007f5a8c4da000,0x00007f5a8c5da000) (1024K)]
  0x00007f5b6406bc00 ConcurrentGCThread "G1 Main Marker"            [id=80416, stack(0x00007f5b680ee000,0x00007f5b681ee000) (1024K)]
  0x00007f5b6406cbd0 WorkerThread "G1 Conc#0"                       [id=80417, stack(0x00007f5b38e30000,0x00007f5b38f30000) (1024K)]
  0x00007f5b6412ca80 ConcurrentGCThread "G1 Refine#0"               [id=80418, stack(0x00007f5b29afc000,0x00007f5b29bfc000) (1024K)]
  0x00007f5b6412da30 ConcurrentGCThread "G1 Service"                [id=80419, stack(0x00007f5b299fb000,0x00007f5b29afb000) (1024K)]
Total: 24

Threads with active compile tasks:
Total: 0

VM state: not at safepoint (normal execution)

VM Mutex/Monitor currently owned by a thread: None

Heap address: 0x0000000417000000, size: 16016 MB, Compressed Oops mode: Zero based, Oop shift amount: 3

CDS archive(s) mapped at: [0x00007f5adb000000-0x00007f5adbca0000-0x00007f5adbca0000), size 13238272, SharedBaseAddress: 0x00007f5adb000000, ArchiveRelocationMode: 1.
Compressed class space mapped at: 0x00007f5adc000000-0x00007f5b1c000000, reserved size: 1073741824
Narrow klass base: 0x00007f5adb000000, Narrow klass shift: 0, Narrow klass range: 0x100000000

GC Precious Log:
 CardTable entry size: 512
 Card Set container configuration: InlinePtr #cards 4 size 8 Array Of Cards #cards 64 size 144 Howl #buckets 8 coarsen threshold 14745 Howl Bitmap #cards 2048 size 272 coarsen threshold 1843 Card regions per heap region 1 cards per card region 16384
 CPUs: 24 total, 24 available
 Memory: 64055M
 Large Page Support: Disabled
 NUMA Support: Disabled
 Compressed Oops: Enabled (Zero based)
 Heap Region Size: 8M
 Heap Min Capacity: 8M
 Heap Initial Capacity: 1008M
 Heap Max Capacity: 16016M
 Pre-touch: Disabled
 Parallel Workers: 18
 Concurrent Workers: 5
 Concurrent Refinement Workers: 18
 Periodic GC: Disabled

Heap:
 garbage-first heap   total 1040384K, used 72295K [0x0000000417000000, 0x0000000800000000)
  region size 8192K, 11 young (90112K), 1 survivors (8192K)
 Metaspace       used 14007K, committed 14464K, reserved 1114112K
  class space    used 988K, committed 1216K, reserved 1048576K

Heap Regions: E=young(eden), S=young(survivor), O=old, HS=humongous(starts), HC=humongous(continues), CS=collection set, F=free, TAMS=top-at-mark-start, PB=parsable bottom
|   0|0x0000000417000000, 0x00000004173726b8, 0x0000000417800000| 43%| O|  |TAMS 0x0000000417000000| PB 0x0000000417000000| Untracked 
|   1|0x0000000417800000, 0x0000000417800000, 0x0000000418000000|  0%| F|  |TAMS 0x0000000417800000| PB 0x0000000417800000| Untracked 
|   2|0x0000000418000000, 0x0000000418000000, 0x0000000418800000|  0%| F|  |TAMS 0x0000000418000000| PB 0x0000000418000000| Untracked 
|   3|0x0000000418800000, 0x0000000418800000, 0x0000000419000000|  0%| F|  |TAMS 0x0000000418800000| PB 0x0000000418800000| Untracked 
|   4|0x0000000419000000, 0x0000000419000000, 0x0000000419800000|  0%| F|  |TAMS 0x0000000419000000| PB 0x0000000419000000| Untracked 
|   5|0x0000000419800000, 0x0000000419800000, 0x000000041a000000|  0%| F|  |TAMS 0x0000000419800000| PB 0x0000000419800000| Untracked 
|   6|0x000000041a000000, 0x000000041a000000, 0x000000041a800000|  0%| F|  |TAMS 0x000000041a000000| PB 0x000000041a000000| Untracked 
|   7|0x000000041a800000, 0x000000041a800000, 0x000000041b000000|  0%| F|  |TAMS 0x000000041a800000| PB 0x000000041a800000| Untracked 
|   8|0x000000041b000000, 0x000000041b000000, 0x000000041b800000|  0%| F|  |TAMS 0x000000041b000000| PB 0x000000041b000000| Untracked 
|   9|0x000000041b800000, 0x000000041b800000, 0x000000041c000000|  0%| F|  |TAMS 0x000000041b800000| PB 0x000000041b800000| Untracked 
|  10|0x000000041c000000, 0x000000041c000000, 0x000000041c800000|  0%| F|  |TAMS 0x000000041c000000| PB 0x000000041c000000| Untracked 
|  11|0x000000041c800000, 0x000000041c800000, 0x000000041d000000|  0%| F|  |TAMS 0x000000041c800000| PB 0x000000041c800000| Untracked 
|  12|0x000000041d000000, 0x000000041d000000, 0x000000041d800000|  0%| F|  |TAMS 0x000000041d000000| PB 0x000000041d000000| Untracked 
|  13|0x000000041d800000, 0x000000041d800000, 0x000000041e000000|  0%| F|  |TAMS 0x000000041d800000| PB 0x000000041d800000| Untracked 
|  14|0x000000041e000000, 0x000000041e000000, 0x000000041e800000|  0%| F|  |TAMS 0x000000041e000000| PB 0x000000041e000000| Untracked 
|  15|0x000000041e800000, 0x000000041e800000, 0x000000041f000000|  0%| F|  |TAMS 0x000000041e800000| PB 0x000000041e800000| Untracked 
|  16|0x000000041f000000, 0x000000041f000000, 0x000000041f800000|  0%| F|  |TAMS 0x000000041f000000| PB 0x000000041f000000| Untracked 
|  17|0x000000041f800000, 0x000000041f800000, 0x0000000420000000|  0%| F|  |TAMS 0x000000041f800000| PB 0x000000041f800000| Untracked 
|  18|0x0000000420000000, 0x0000000420000000, 0x0000000420800000|  0%| F|  |TAMS 0x0000000420000000| PB 0x0000000420000000| Untracked 
|  19|0x0000000420800000, 0x0000000420800000, 0x0000000421000000|  0%| F|  |TAMS 0x0000000420800000| PB 0x0000000420800000| Untracked 
|  20|0x0000000421000000, 0x0000000421000000, 0x0000000421800000|  0%| F|  |TAMS 0x0000000421000000| PB 0x0000000421000000| Untracked 
|  21|0x0000000421800000, 0x0000000421800000, 0x0000000422000000|  0%| F|  |TAMS 0x0000000421800000| PB 0x0000000421800000| Untracked 
|  22|0x0000000422000000, 0x0000000422000000, 0x0000000422800000|  0%| F|  |TAMS 0x0000000422000000| PB 0x0000000422000000| Untracked 
|  23|0x0000000422800000, 0x0000000422800000, 0x0000000423000000|  0%| F|  |TAMS 0x0000000422800000| PB 0x0000000422800000| Untracked 
|  24|0x0000000423000000, 0x0000000423000000, 0x0000000423800000|  0%| F|  |TAMS 0x0000000423000000| PB 0x0000000423000000| Untracked 
|  25|0x0000000423800000, 0x0000000423800000, 0x0000000424000000|  0%| F|  |TAMS 0x0000000423800000| PB 0x0000000423800000| Untracked 
|  26|0x0000000424000000, 0x0000000424000000, 0x0000000424800000|  0%| F|  |TAMS 0x0000000424000000| PB 0x0000000424000000| Untracked 
|  27|0x0000000424800000, 0x0000000424800000, 0x0000000425000000|  0%| F|  |TAMS 0x0000000424800000| PB 0x0000000424800000| Untracked 
|  28|0x0000000425000000, 0x0000000425000000, 0x0000000425800000|  0%| F|  |TAMS 0x0000000425000000| PB 0x0000000425000000| Untracked 
|  29|0x0000000425800000, 0x0000000425800000, 0x0000000426000000|  0%| F|  |TAMS 0x0000000425800000| PB 0x0000000425800000| Untracked 
|  30|0x0000000426000000, 0x0000000426000000, 0x0000000426800000|  0%| F|  |TAMS 0x0000000426000000| PB 0x0000000426000000| Untracked 
|  31|0x0000000426800000, 0x0000000426800000, 0x0000000427000000|  0%| F|  |TAMS 0x0000000426800000| PB 0x0000000426800000| Untracked 
|  32|0x0000000427000000, 0x0000000427000000, 0x0000000427800000|  0%| F|  |TAMS 0x0000000427000000| PB 0x0000000427000000| Untracked 
|  33|0x0000000427800000, 0x0000000427800000, 0x0000000428000000|  0%| F|  |TAMS 0x0000000427800000| PB 0x0000000427800000| Untracked 
|  34|0x0000000428000000, 0x0000000428000000, 0x0000000428800000|  0%| F|  |TAMS 0x0000000428000000| PB 0x0000000428000000| Untracked 
|  35|0x0000000428800000, 0x0000000428800000, 0x0000000429000000|  0%| F|  |TAMS 0x0000000428800000| PB 0x0000000428800000| Untracked 
|  36|0x0000000429000000, 0x0000000429000000, 0x0000000429800000|  0%| F|  |TAMS 0x0000000429000000| PB 0x0000000429000000| Untracked 
|  37|0x0000000429800000, 0x0000000429800000, 0x000000042a000000|  0%| F|  |TAMS 0x0000000429800000| PB 0x0000000429800000| Untracked 
|  38|0x000000042a000000, 0x000000042a000000, 0x000000042a800000|  0%| F|  |TAMS 0x000000042a000000| PB 0x000000042a000000| Untracked 
|  39|0x000000042a800000, 0x000000042a800000, 0x000000042b000000|  0%| F|  |TAMS 0x000000042a800000| PB 0x000000042a800000| Untracked 
|  40|0x000000042b000000, 0x000000042b000000, 0x000000042b800000|  0%| F|  |TAMS 0x000000042b000000| PB 0x000000042b000000| Untracked 
|  41|0x000000042b800000, 0x000000042b800000, 0x000000042c000000|  0%| F|  |TAMS 0x000000042b800000| PB 0x000000042b800000| Untracked 
|  42|0x000000042c000000, 0x000000042c000000, 0x000000042c800000|  0%| F|  |TAMS 0x000000042c000000| PB 0x000000042c000000| Untracked 
|  43|0x000000042c800000, 0x000000042c800000, 0x000000042d000000|  0%| F|  |TAMS 0x000000042c800000| PB 0x000000042c800000| Untracked 
|  44|0x000000042d000000, 0x000000042d000000, 0x000000042d800000|  0%| F|  |TAMS 0x000000042d000000| PB 0x000000042d000000| Untracked 
|  45|0x000000042d800000, 0x000000042d800000, 0x000000042e000000|  0%| F|  |TAMS 0x000000042d800000| PB 0x000000042d800000| Untracked 
|  46|0x000000042e000000, 0x000000042e000000, 0x000000042e800000|  0%| F|  |TAMS 0x000000042e000000| PB 0x000000042e000000| Untracked 
|  47|0x000000042e800000, 0x000000042e800000, 0x000000042f000000|  0%| F|  |TAMS 0x000000042e800000| PB 0x000000042e800000| Untracked 
|  48|0x000000042f000000, 0x000000042f000000, 0x000000042f800000|  0%| F|  |TAMS 0x000000042f000000| PB 0x000000042f000000| Untracked 
|  49|0x000000042f800000, 0x000000042f800000, 0x0000000430000000|  0%| F|  |TAMS 0x000000042f800000| PB 0x000000042f800000| Untracked 
|  50|0x0000000430000000, 0x0000000430000000, 0x0000000430800000|  0%| F|  |TAMS 0x0000000430000000| PB 0x0000000430000000| Untracked 
|  51|0x0000000430800000, 0x0000000430800000, 0x0000000431000000|  0%| F|  |TAMS 0x0000000430800000| PB 0x0000000430800000| Untracked 
|  52|0x0000000431000000, 0x0000000431000000, 0x0000000431800000|  0%| F|  |TAMS 0x0000000431000000| PB 0x0000000431000000| Untracked 
|  53|0x0000000431800000, 0x0000000431800000, 0x0000000432000000|  0%| F|  |TAMS 0x0000000431800000| PB 0x0000000431800000| Untracked 
|  54|0x0000000432000000, 0x0000000432000000, 0x0000000432800000|  0%| F|  |TAMS 0x0000000432000000| PB 0x0000000432000000| Untracked 
|  55|0x0000000432800000, 0x0000000432800000, 0x0000000433000000|  0%| F|  |TAMS 0x0000000432800000| PB 0x0000000432800000| Untracked 
|  56|0x0000000433000000, 0x0000000433000000, 0x0000000433800000|  0%| F|  |TAMS 0x0000000433000000| PB 0x0000000433000000| Untracked 
|  57|0x0000000433800000, 0x0000000433800000, 0x0000000434000000|  0%| F|  |TAMS 0x0000000433800000| PB 0x0000000433800000| Untracked 
|  58|0x0000000434000000, 0x0000000434000000, 0x0000000434800000|  0%| F|  |TAMS 0x0000000434000000| PB 0x0000000434000000| Untracked 
|  59|0x0000000434800000, 0x0000000434800000, 0x0000000435000000|  0%| F|  |TAMS 0x0000000434800000| PB 0x0000000434800000| Untracked 
|  60|0x0000000435000000, 0x0000000435000000, 0x0000000435800000|  0%| F|  |TAMS 0x0000000435000000| PB 0x0000000435000000| Untracked 
|  61|0x0000000435800000, 0x0000000435800000, 0x0000000436000000|  0%| F|  |TAMS 0x0000000435800000| PB 0x0000000435800000| Untracked 
|  62|0x0000000436000000, 0x0000000436000000, 0x0000000436800000|  0%| F|  |TAMS 0x0000000436000000| PB 0x0000000436000000| Untracked 
|  63|0x0000000436800000, 0x0000000436800000, 0x0000000437000000|  0%| F|  |TAMS 0x0000000436800000| PB 0x0000000436800000| Untracked 
|  64|0x0000000437000000, 0x0000000437000000, 0x0000000437800000|  0%| F|  |TAMS 0x0000000437000000| PB 0x0000000437000000| Untracked 
|  65|0x0000000437800000, 0x0000000437800000, 0x0000000438000000|  0%| F|  |TAMS 0x0000000437800000| PB 0x0000000437800000| Untracked 
|  66|0x0000000438000000, 0x0000000438000000, 0x0000000438800000|  0%| F|  |TAMS 0x0000000438000000| PB 0x0000000438000000| Untracked 
|  67|0x0000000438800000, 0x0000000438800000, 0x0000000439000000|  0%| F|  |TAMS 0x0000000438800000| PB 0x0000000438800000| Untracked 
|  68|0x0000000439000000, 0x0000000439000000, 0x0000000439800000|  0%| F|  |TAMS 0x0000000439000000| PB 0x0000000439000000| Untracked 
|  69|0x0000000439800000, 0x0000000439800000, 0x000000043a000000|  0%| F|  |TAMS 0x0000000439800000| PB 0x0000000439800000| Untracked 
|  70|0x000000043a000000, 0x000000043a000000, 0x000000043a800000|  0%| F|  |TAMS 0x000000043a000000| PB 0x000000043a000000| Untracked 
|  71|0x000000043a800000, 0x000000043a800000, 0x000000043b000000|  0%| F|  |TAMS 0x000000043a800000| PB 0x000000043a800000| Untracked 
|  72|0x000000043b000000, 0x000000043b000000, 0x000000043b800000|  0%| F|  |TAMS 0x000000043b000000| PB 0x000000043b000000| Untracked 
|  73|0x000000043b800000, 0x000000043b800000, 0x000000043c000000|  0%| F|  |TAMS 0x000000043b800000| PB 0x000000043b800000| Untracked 
|  74|0x000000043c000000, 0x000000043c000000, 0x000000043c800000|  0%| F|  |TAMS 0x000000043c000000| PB 0x000000043c000000| Untracked 
|  75|0x000000043c800000, 0x000000043c800000, 0x000000043d000000|  0%| F|  |TAMS 0x000000043c800000| PB 0x000000043c800000| Untracked 
|  76|0x000000043d000000, 0x000000043d000000, 0x000000043d800000|  0%| F|  |TAMS 0x000000043d000000| PB 0x000000043d000000| Untracked 
|  77|0x000000043d800000, 0x000000043d800000, 0x000000043e000000|  0%| F|  |TAMS 0x000000043d800000| PB 0x000000043d800000| Untracked 
|  78|0x000000043e000000, 0x000000043e000000, 0x000000043e800000|  0%| F|  |TAMS 0x000000043e000000| PB 0x000000043e000000| Untracked 
|  79|0x000000043e800000, 0x000000043e800000, 0x000000043f000000|  0%| F|  |TAMS 0x000000043e800000| PB 0x000000043e800000| Untracked 
|  80|0x000000043f000000, 0x000000043f000000, 0x000000043f800000|  0%| F|  |TAMS 0x000000043f000000| PB 0x000000043f000000| Untracked 
|  81|0x000000043f800000, 0x000000043f800000, 0x0000000440000000|  0%| F|  |TAMS 0x000000043f800000| PB 0x000000043f800000| Untracked 
|  82|0x0000000440000000, 0x0000000440000000, 0x0000000440800000|  0%| F|  |TAMS 0x0000000440000000| PB 0x0000000440000000| Untracked 
|  83|0x0000000440800000, 0x0000000440800000, 0x0000000441000000|  0%| F|  |TAMS 0x0000000440800000| PB 0x0000000440800000| Untracked 
|  84|0x0000000441000000, 0x0000000441000000, 0x0000000441800000|  0%| F|  |TAMS 0x0000000441000000| PB 0x0000000441000000| Untracked 
|  85|0x0000000441800000, 0x0000000441800000, 0x0000000442000000|  0%| F|  |TAMS 0x0000000441800000| PB 0x0000000441800000| Untracked 
|  86|0x0000000442000000, 0x0000000442000000, 0x0000000442800000|  0%| F|  |TAMS 0x0000000442000000| PB 0x0000000442000000| Untracked 
|  87|0x0000000442800000, 0x0000000442800000, 0x0000000443000000|  0%| F|  |TAMS 0x0000000442800000| PB 0x0000000442800000| Untracked 
|  88|0x0000000443000000, 0x0000000443000000, 0x0000000443800000|  0%| F|  |TAMS 0x0000000443000000| PB 0x0000000443000000| Untracked 
|  89|0x0000000443800000, 0x0000000443800000, 0x0000000444000000|  0%| F|  |TAMS 0x0000000443800000| PB 0x0000000443800000| Untracked 
|  90|0x0000000444000000, 0x0000000444000000, 0x0000000444800000|  0%| F|  |TAMS 0x0000000444000000| PB 0x0000000444000000| Untracked 
|  91|0x0000000444800000, 0x0000000444800000, 0x0000000445000000|  0%| F|  |TAMS 0x0000000444800000| PB 0x0000000444800000| Untracked 
|  92|0x0000000445000000, 0x0000000445000000, 0x0000000445800000|  0%| F|  |TAMS 0x0000000445000000| PB 0x0000000445000000| Untracked 
|  93|0x0000000445800000, 0x0000000445800000, 0x0000000446000000|  0%| F|  |TAMS 0x0000000445800000| PB 0x0000000445800000| Untracked 
|  94|0x0000000446000000, 0x0000000446000000, 0x0000000446800000|  0%| F|  |TAMS 0x0000000446000000| PB 0x0000000446000000| Untracked 
|  95|0x0000000446800000, 0x0000000446800000, 0x0000000447000000|  0%| F|  |TAMS 0x0000000446800000| PB 0x0000000446800000| Untracked 
|  96|0x0000000447000000, 0x0000000447000000, 0x0000000447800000|  0%| F|  |TAMS 0x0000000447000000| PB 0x0000000447000000| Untracked 
|  97|0x0000000447800000, 0x0000000447800000, 0x0000000448000000|  0%| F|  |TAMS 0x0000000447800000| PB 0x0000000447800000| Untracked 
|  98|0x0000000448000000, 0x0000000448000000, 0x0000000448800000|  0%| F|  |TAMS 0x0000000448000000| PB 0x0000000448000000| Untracked 
|  99|0x0000000448800000, 0x0000000448800000, 0x0000000449000000|  0%| F|  |TAMS 0x0000000448800000| PB 0x0000000448800000| Untracked 
| 100|0x0000000449000000, 0x0000000449000000, 0x0000000449800000|  0%| F|  |TAMS 0x0000000449000000| PB 0x0000000449000000| Untracked 
| 101|0x0000000449800000, 0x0000000449800000, 0x000000044a000000|  0%| F|  |TAMS 0x0000000449800000| PB 0x0000000449800000| Untracked 
| 102|0x000000044a000000, 0x000000044a000000, 0x000000044a800000|  0%| F|  |TAMS 0x000000044a000000| PB 0x000000044a000000| Untracked 
| 103|0x000000044a800000, 0x000000044a800000, 0x000000044b000000|  0%| F|  |TAMS 0x000000044a800000| PB 0x000000044a800000| Untracked 
| 104|0x000000044b000000, 0x000000044b000000, 0x000000044b800000|  0%| F|  |TAMS 0x000000044b000000| PB 0x000000044b000000| Untracked 
| 105|0x000000044b800000, 0x000000044b800000, 0x000000044c000000|  0%| F|  |TAMS 0x000000044b800000| PB 0x000000044b800000| Untracked 
| 106|0x000000044c000000, 0x000000044c000000, 0x000000044c800000|  0%| F|  |TAMS 0x000000044c000000| PB 0x000000044c000000| Untracked 
| 107|0x000000044c800000, 0x000000044c800000, 0x000000044d000000|  0%| F|  |TAMS 0x000000044c800000| PB 0x000000044c800000| Untracked 
| 108|0x000000044d000000, 0x000000044d000000, 0x000000044d800000|  0%| F|  |TAMS 0x000000044d000000| PB 0x000000044d000000| Untracked 
| 109|0x000000044d800000, 0x000000044d800000, 0x000000044e000000|  0%| F|  |TAMS 0x000000044d800000| PB 0x000000044d800000| Untracked 
| 110|0x000000044e000000, 0x000000044e000000, 0x000000044e800000|  0%| F|  |TAMS 0x000000044e000000| PB 0x000000044e000000| Untracked 
| 111|0x000000044e800000, 0x000000044e800000, 0x000000044f000000|  0%| F|  |TAMS 0x000000044e800000| PB 0x000000044e800000| Untracked 
| 112|0x000000044f000000, 0x000000044f000000, 0x000000044f800000|  0%| F|  |TAMS 0x000000044f000000| PB 0x000000044f000000| Untracked 
| 113|0x000000044f800000, 0x000000044f800000, 0x0000000450000000|  0%| F|  |TAMS 0x000000044f800000| PB 0x000000044f800000| Untracked 
| 114|0x0000000450000000, 0x0000000450000000, 0x0000000450800000|  0%| F|  |TAMS 0x0000000450000000| PB 0x0000000450000000| Untracked 
| 115|0x0000000450800000, 0x0000000450ff0298, 0x0000000451000000| 99%| E|  |TAMS 0x0000000450800000| PB 0x0000000450800000| Complete 
| 116|0x0000000451000000, 0x0000000451800000, 0x0000000451800000|100%| E|CS|TAMS 0x0000000451000000| PB 0x0000000451000000| Complete 
| 117|0x0000000451800000, 0x0000000452000000, 0x0000000452000000|100%| E|  |TAMS 0x0000000451800000| PB 0x0000000451800000| Complete 
| 118|0x0000000452000000, 0x0000000452800000, 0x0000000452800000|100%| E|CS|TAMS 0x0000000452000000| PB 0x0000000452000000| Complete 
| 119|0x0000000452800000, 0x0000000453000000, 0x0000000453000000|100%| E|CS|TAMS 0x0000000452800000| PB 0x0000000452800000| Complete 
| 120|0x0000000453000000, 0x000000045321b148, 0x0000000453800000| 26%| S|CS|TAMS 0x0000000453000000| PB 0x0000000453000000| Complete 
| 121|0x0000000453800000, 0x0000000454000000, 0x0000000454000000|100%| E|CS|TAMS 0x0000000453800000| PB 0x0000000453800000| Complete 
| 122|0x0000000454000000, 0x0000000454800000, 0x0000000454800000|100%| E|CS|TAMS 0x0000000454000000| PB 0x0000000454000000| Complete 
| 123|0x0000000454800000, 0x0000000455000000, 0x0000000455000000|100%| E|CS|TAMS 0x0000000454800000| PB 0x0000000454800000| Complete 
| 124|0x0000000455000000, 0x0000000455800000, 0x0000000455800000|100%| E|CS|TAMS 0x0000000455000000| PB 0x0000000455000000| Complete 
| 125|0x0000000455800000, 0x0000000456000000, 0x0000000456000000|100%| E|CS|TAMS 0x0000000455800000| PB 0x0000000455800000| Complete 
|2001|0x00000007ff800000, 0x00000007ff90c7a0, 0x0000000800000000| 13%| O|  |TAMS 0x00000007ff800000| PB 0x00000007ff800000| Untracked 

Card table byte_map: [0x00007f5b48970000,0x00007f5b4a8b8000] _byte_map_base: 0x00007f5b468b8000

Marking Bits: (CMBitMap*) 0x00007f5b6405b680
 Bits: [0x00007f5b38f30000, 0x00007f5b48970000)

Polling page: 0x00007f5b6bc9b000

Metaspace:

Usage:
  Non-class:     12.71 MB used.
      Class:    988.72 KB used.
       Both:     13.68 MB used.

Virtual space:
  Non-class space:       64.00 MB reserved,      12.94 MB ( 20%) committed,  1 nodes.
      Class space:        1.00 GB reserved,       1.19 MB ( <1%) committed,  1 nodes.
             Both:        1.06 GB reserved,      14.12 MB (  1%) committed. 

Chunk freelists:
   Non-Class:  2.22 MB
       Class:  14.73 MB
        Both:  16.95 MB

MaxMetaspaceSize: unlimited
CompressedClassSpaceSize: 1.00 GB
Initial GC threshold: 21.00 MB
Current GC threshold: 21.00 MB
CDS: on
 - commit_granule_bytes: 65536.
 - commit_granule_words: 8192.
 - virtual_space_node_default_size: 8388608.
 - enlarge_chunks_in_place: 1.
 - use_allocation_guard: 0.


Internal statistics:

num_allocs_failed_limit: 0.
num_arena_births: 450.
num_arena_deaths: 0.
num_vsnodes_births: 2.
num_vsnodes_deaths: 0.
num_space_committed: 224.
num_space_uncommitted: 0.
num_chunks_returned_to_freelist: 0.
num_chunks_taken_from_freelist: 941.
num_chunk_merges: 0.
num_chunk_splits: 605.
num_chunks_enlarged: 353.
num_inconsistent_stats: 0.

CodeHeap 'non-profiled nmethods': size=119168Kb used=1192Kb max_used=1192Kb free=117975Kb
 bounds [0x00007f5b543a0000, 0x00007f5b54610000, 0x00007f5b5b800000]
CodeHeap 'profiled nmethods': size=119164Kb used=5304Kb max_used=5304Kb free=113859Kb
 bounds [0x00007f5b4c800000, 0x00007f5b4cd30000, 0x00007f5b53c5f000]
CodeHeap 'non-nmethods': size=7428Kb used=4160Kb max_used=4194Kb free=3267Kb
 bounds [0x00007f5b53c5f000, 0x00007f5b5407f000, 0x00007f5b543a0000]
CodeCache: size=245760Kb, used=10656Kb, max_used=10690Kb, free=235101Kb
 total_blobs=4419, nmethods=2993, adapters=1329, full_count=0
Compilation: enabled, stopped_count=0, restarted_count=0

Compilation events (20 events):
Event: 2.894 Thread 0x00007f5b6416b710 2985       3       org.joml.Vector4f::round (50 bytes)
Event: 2.894 Thread 0x00007f5ab0130cc0 2986       3       org.joml.Vector4f::sub (62 bytes)
Event: 2.894 Thread 0x00007f5ab007d9a0 nmethod 2984 0x00007f5b4cd2be10 code [0x00007f5b4cd2bfc0, 0x00007f5b4cd2c100]
Event: 2.894 Thread 0x00007f5ab007d9a0 2987       3       org.joml.Matrix4f::m33 (41 bytes)
Event: 2.894 Thread 0x00007f5ab0130cc0 nmethod 2986 0x00007f5b4cd2c210 code [0x00007f5b4cd2c3c0, 0x00007f5b4cd2c660]
Event: 2.894 Thread 0x00007f5ab0131fd0 nmethod 2983 0x00007f5b4cd2c810 code [0x00007f5b4cd2c9c0, 0x00007f5b4cd2ccc0]
Event: 2.894 Thread 0x00007f5b6416b710 nmethod 2985 0x00007f5b4cd2ce90 code [0x00007f5b4cd2d080, 0x00007f5b4cd2d3e8]
Event: 2.894 Thread 0x00007f5ab007d9a0 nmethod 2987 0x00007f5b4cd2d590 code [0x00007f5b4cd2d740, 0x00007f5b4cd2d910]
Event: 2.919 Thread 0x00007f5b6416a060 2988       4       org.joml.Vector3f::sub (47 bytes)
Event: 2.921 Thread 0x00007f5b6416a060 nmethod 2988 0x00007f5b544c8110 code [0x00007f5b544c82a0, 0x00007f5b544c83c0]
Event: 2.938 Thread 0x00007f5ab0131fd0 2989       3       java.util.LinkedHashMap$LinkedKeyIterator::next (8 bytes)
Event: 2.938 Thread 0x00007f5ab0131fd0 nmethod 2989 0x00007f5b4cd2d990 code [0x00007f5b4cd2db40, 0x00007f5b4cd2dc98]
Event: 2.951 Thread 0x00007f5b6416a060 2990       4       net.ice.relic.core.rendering.backend.opengl.Uniforms::getUniformLocation (37 bytes)
Event: 2.959 Thread 0x00007f5b6416a060 nmethod 2990 0x00007f5b544c8510 code [0x00007f5b544c8720, 0x00007f5b544c8d28]
Event: 2.982 Thread 0x00007f5b6416a060 2991       4       java.lang.StringConcatHelper::simpleConcat (94 bytes)
Event: 2.992 Thread 0x00007f5b6416a060 nmethod 2991 0x00007f5b544c9110 code [0x00007f5b544c9300, 0x00007f5b544c98c0]
Event: 3.013 Thread 0x00007f5ab0131fd0 2992       3       net.ice.curio.library.opengl.object.GLBuffer::position (10 bytes)
Event: 3.013 Thread 0x00007f5ab0131fd0 nmethod 2992 0x00007f5b4cd2dd90 code [0x00007f5b4cd2df40, 0x00007f5b4cd2e118]
Event: 3.018 Thread 0x00007f5b6416a060 2993       4       org.joml.MemUtil$MemUtilUnsafe::put (43 bytes)
Event: 3.020 Thread 0x00007f5b6416a060 nmethod 2993 0x00007f5b544c9d90 code [0x00007f5b544c9f00, 0x00007f5b544c9fd0]

GC Heap History (4 events):
Event: 0.610 GC heap before
{Heap before GC invocations=0 (full 0):
 garbage-first heap   total 1040384K, used 50225K [0x0000000417000000, 0x0000000800000000)
  region size 8192K, 6 young (49152K), 0 survivors (0K)
 Metaspace       used 7614K, committed 7936K, reserved 1114112K
  class space    used 723K, committed 896K, reserved 1048576K
}
Event: 0.613 GC heap after
{Heap after GC invocations=1 (full 0):
 garbage-first heap   total 1040384K, used 7191K [0x0000000417000000, 0x0000000800000000)
  region size 8192K, 1 young (8192K), 1 survivors (8192K)
 Metaspace       used 7614K, committed 7936K, reserved 1114112K
  class space    used 723K, committed 896K, reserved 1048576K
}
Event: 1.169 GC heap before
{Heap before GC invocations=1 (full 0):
 garbage-first heap   total 1040384K, used 48151K [0x0000000417000000, 0x0000000800000000)
  region size 8192K, 6 young (49152K), 1 survivors (8192K)
 Metaspace       used 13387K, committed 13696K, reserved 1114112K
  class space    used 957K, committed 1088K, reserved 1048576K
}
Event: 1.171 GC heap after
{Heap after GC invocations=2 (full 0):
 garbage-first heap   total 1040384K, used 6759K [0x0000000417000000, 0x0000000800000000)
  region size 8192K, 1 young (8192K), 1 survivors (8192K)
 Metaspace       used 13387K, committed 13696K, reserved 1114112K
  class space    used 957K, committed 1088K, reserved 1048576K
}

Dll operation events (13 events):
Event: 0.001 Loaded shared library /home/ian/.jdks/corretto-21.0.9/lib/libjava.so
Event: 0.015 Loaded shared library /home/ian/.jdks/corretto-21.0.9/lib/libjsvml.so
Event: 0.025 Loaded shared library /home/ian/.jdks/corretto-21.0.9/lib/libnio.so
Event: 0.026 Loaded shared library /home/ian/.jdks/corretto-21.0.9/lib/libzip.so
Event: 0.049 Loaded shared library /home/ian/.jdks/corretto-21.0.9/lib/libmanagement.so
Event: 0.051 Loaded shared library /home/ian/.jdks/corretto-21.0.9/lib/libmanagement_ext.so
Event: 0.058 Loaded shared library /home/ian/.jdks/corretto-21.0.9/lib/libjimage.so
Event: 0.136 Loaded shared library /home/ian/.jdks/corretto-21.0.9/lib/libnet.so
Event: 0.139 Loaded shared library /tmp/lwjgl_ian/3.4.0+20/x64/liblwjgl.so
Event: 0.346 Loaded shared library /home/ian/.jdks/corretto-21.0.9/lib/libverify.so
Event: 0.745 Loaded shared library /tmp/lwjgl_ian/3.4.0+20/x64/liblwjgl_opengl.so
Event: 0.989 Loaded shared library /tmp/imgui-java-natives/1.87.0/libimgui-java64.so
Event: 1.001 Loaded shared library /tmp/lwjgl_ian/3.4.0+20/x64/liblwjgl_stb.so

Deoptimization events (20 events):
Event: 2.027 Thread 0x00007f5b6402ceb0 Uncommon trap: trap_request=0xffffff54 fr.pc=0x00007f5b5449d96c relative=0x000000000000006c
Event: 2.027 Thread 0x00007f5b6402ceb0 Uncommon trap: reason=speculate_null_assert action=make_not_entrant pc=0x00007f5b5449d96c method=sun.misc.Unsafe.getLong(Ljava/lang/Object;J)J @ 5 c2
Event: 2.027 Thread 0x00007f5b6402ceb0 DEOPT PACKING pc=0x00007f5b5449d96c sp=0x00007f5b69dfe5c0
Event: 2.027 Thread 0x00007f5b6402ceb0 DEOPT UNPACKING pc=0x00007f5b53cb2f99 sp=0x00007f5b69dfe568 mode 2
Event: 2.218 Thread 0x00007f5b6402ceb0 Uncommon trap: trap_request=0xffffffde fr.pc=0x00007f5b544a83bc relative=0x000000000000011c
Event: 2.218 Thread 0x00007f5b6402ceb0 Uncommon trap: reason=class_check action=maybe_recompile pc=0x00007f5b544a83bc method=jdk.internal.misc.Unsafe.allocateUninitializedArray(Ljava/lang/Class;I)Ljava/lang/Object; @ 51 c2
Event: 2.218 Thread 0x00007f5b6402ceb0 DEOPT PACKING pc=0x00007f5b544a83bc sp=0x00007f5b69dfe500
Event: 2.218 Thread 0x00007f5b6402ceb0 DEOPT UNPACKING pc=0x00007f5b53cb2f99 sp=0x00007f5b69dfe498 mode 2
Event: 2.218 Thread 0x00007f5b6402ceb0 Uncommon trap: trap_request=0xffffffde fr.pc=0x00007f5b544a83bc relative=0x000000000000011c
Event: 2.218 Thread 0x00007f5b6402ceb0 Uncommon trap: reason=class_check action=maybe_recompile pc=0x00007f5b544a83bc method=jdk.internal.misc.Unsafe.allocateUninitializedArray(Ljava/lang/Class;I)Ljava/lang/Object; @ 51 c2
Event: 2.218 Thread 0x00007f5b6402ceb0 DEOPT PACKING pc=0x00007f5b544a83bc sp=0x00007f5b69dfe500
Event: 2.218 Thread 0x00007f5b6402ceb0 DEOPT UNPACKING pc=0x00007f5b53cb2f99 sp=0x00007f5b69dfe498 mode 2
Event: 2.218 Thread 0x00007f5b6402ceb0 Uncommon trap: trap_request=0xffffffde fr.pc=0x00007f5b544a83bc relative=0x000000000000011c
Event: 2.218 Thread 0x00007f5b6402ceb0 Uncommon trap: reason=class_check action=maybe_recompile pc=0x00007f5b544a83bc method=jdk.internal.misc.Unsafe.allocateUninitializedArray(Ljava/lang/Class;I)Ljava/lang/Object; @ 51 c2
Event: 2.218 Thread 0x00007f5b6402ceb0 DEOPT PACKING pc=0x00007f5b544a83bc sp=0x00007f5b69dfe500
Event: 2.218 Thread 0x00007f5b6402ceb0 DEOPT UNPACKING pc=0x00007f5b53cb2f99 sp=0x00007f5b69dfe498 mode 2
Event: 2.218 Thread 0x00007f5b6402ceb0 Uncommon trap: trap_request=0xffffffde fr.pc=0x00007f5b544a83bc relative=0x000000000000011c
Event: 2.218 Thread 0x00007f5b6402ceb0 Uncommon trap: reason=class_check action=maybe_recompile pc=0x00007f5b544a83bc method=jdk.internal.misc.Unsafe.allocateUninitializedArray(Ljava/lang/Class;I)Ljava/lang/Object; @ 51 c2
Event: 2.218 Thread 0x00007f5b6402ceb0 DEOPT PACKING pc=0x00007f5b544a83bc sp=0x00007f5b69dfe550
Event: 2.218 Thread 0x00007f5b6402ceb0 DEOPT UNPACKING pc=0x00007f5b53cb2f99 sp=0x00007f5b69dfe4e8 mode 2

Classes loaded (20 events):
Event: 1.164 Loading class java/util/stream/ReferencePipeline$4
Event: 1.164 Loading class java/util/stream/IntPipeline$StatelessOp
Event: 1.164 Loading class java/util/stream/IntPipeline
Event: 1.164 Loading class java/util/stream/IntStream
Event: 1.164 Loading class java/util/stream/IntStream done
Event: 1.164 Loading class java/util/stream/IntPipeline done
Event: 1.164 Loading class java/util/stream/IntPipeline$StatelessOp done
Event: 1.164 Loading class java/util/stream/ReferencePipeline$4 done
Event: 1.164 Loading class java/util/stream/Nodes$IntFixedNodeBuilder
Event: 1.164 Loading class java/util/stream/Node$Builder$OfInt
Event: 1.164 Loading class java/util/stream/Sink$OfInt
Event: 1.164 Loading class java/util/stream/Sink$OfInt done
Event: 1.164 Loading class java/util/stream/Node$Builder$OfInt done
Event: 1.164 Loading class java/util/stream/Nodes$IntArrayNode
Event: 1.164 Loading class java/util/stream/Nodes$IntArrayNode done
Event: 1.164 Loading class java/util/stream/Nodes$IntFixedNodeBuilder done
Event: 1.164 Loading class java/util/stream/ReferencePipeline$4$1
Event: 1.164 Loading class java/util/stream/ReferencePipeline$4$1 done
Event: 1.968 Loading class java/lang/reflect/UndeclaredThrowableException
Event: 1.968 Loading class java/lang/reflect/UndeclaredThrowableException done

Classes unloaded (0 events):
No events

Classes redefined (0 events):
No events

Internal exceptions (20 events):
Event: 0.540 Thread 0x00007f5b6402ceb0 Exception <a 'java/lang/NoSuchMethodError'{0x0000000454dd8fd8}: method resolution failed> (0x0000000454dd8fd8) 
thrown [src/hotspot/share/prims/methodHandles.cpp, line 1136]
Event: 0.556 Thread 0x00007f5b6402ceb0 Exception <a 'java/lang/NoSuchMethodError'{0x00000004540086c0}: method resolution failed> (0x00000004540086c0) 
thrown [src/hotspot/share/prims/methodHandles.cpp, line 1136]
Event: 0.556 Thread 0x00007f5b6402ceb0 Exception <a 'java/lang/NoSuchMethodError'{0x000000045400a0f8}: 'boolean java.lang.reflect.AccessibleObject.trySetAccessible(java.lang.Class)'> (0x000000045400a0f8) 
thrown [src/hotspot/share/interpreter/linkResolver.cpp, line 773]
Event: 0.561 Thread 0x00007f5aa01d97d0 Implicit null exception at 0x00007f5b54409b28 to 0x00007f5b54409c10
Event: 0.562 Thread 0x00007f5aa01da200 Implicit null exception at 0x00007f5b5440911c to 0x00007f5b5440920c
Event: 0.682 Thread 0x00007f5b6402ceb0 Exception <a 'java/lang/ClassNotFoundException'{0x00000004557cd9c0}: net/ice/relic/common/console/commands/CommandCommand> (0x00000004557cd9c0) 
thrown [src/hotspot/share/classfile/systemDictionary.cpp, line 312]
Event: 0.683 Thread 0x00007f5b6402ceb0 Exception <a 'java/lang/NoSuchMethodError'{0x00000004557d5a10}: 'void java.lang.invoke.DirectMethodHandle$Holder.invokeStatic(java.lang.Object, java.lang.Object, java.lang.Object)'> (0x00000004557d5a10) 
thrown [src/hotspot/share/interpreter/linkResolver.cpp, line 773]
Event: 0.684 Thread 0x00007f5b6402ceb0 Exception <a 'java/lang/ClassNotFoundException'{0x00000004557db870}: net/ice/relic/common/console/commands/EntityCommand> (0x00000004557db870) 
thrown [src/hotspot/share/classfile/systemDictionary.cpp, line 312]
Event: 0.686 Thread 0x00007f5b6402ceb0 Exception <a 'java/lang/ClassNotFoundException'{0x00000004557f6838}: net/ice/relic/common/console/commands/ModelCommand> (0x00000004557f6838) 
thrown [src/hotspot/share/classfile/systemDictionary.cpp, line 312]
Event: 0.688 Thread 0x00007f5b6402ceb0 Exception <a 'java/lang/ClassNotFoundException'{0x0000000454800c10}: net/ice/relic/common/console/commands/ShowCommands> (0x0000000454800c10) 
thrown [src/hotspot/share/classfile/systemDictionary.cpp, line 312]
Event: 0.688 Thread 0x00007f5b6402ceb0 Exception <a 'java/lang/ClassNotFoundException'{0x0000000454808250}: net/ice/relic/common/console/commands/TeleportCommand> (0x0000000454808250) 
thrown [src/hotspot/share/classfile/systemDictionary.cpp, line 312]
Event: 0.689 Thread 0x00007f5b6402ceb0 Exception <a 'java/lang/ClassNotFoundException'{0x000000045480e4f0}: net/ice/relic/common/test/commands/LightCommands> (0x000000045480e4f0) 
thrown [src/hotspot/share/classfile/systemDictionary.cpp, line 312]
Event: 0.741 Thread 0x00007f5b6402ceb0 Exception <a 'java/lang/ClassNotFoundException'{0x00000004548ac8c8}: net/ice/relic/common/test/commands/LightCommands> (0x00000004548ac8c8) 
thrown [src/hotspot/share/classfile/systemDictionary.cpp, line 312]
Event: 0.743 Thread 0x00007f5b6402ceb0 Exception <a 'java/lang/NoSuchMethodError'{0x00000004548c8cc0}: 'void java.lang.System.load(java.lang.String, java.lang.Class)'> (0x00000004548c8cc0) 
thrown [src/hotspot/share/interpreter/linkResolver.cpp, line 773]
Event: 0.743 Thread 0x00007f5b6402ceb0 Exception <a 'java/lang/NoSuchMethodError'{0x00000004548cb768}: 'void java.lang.System.loadLibrary(java.lang.String, java.lang.Class)'> (0x00000004548cb768) 
thrown [src/hotspot/share/interpreter/linkResolver.cpp, line 773]
Event: 0.949 Thread 0x00007f5b6402ceb0 Exception <a 'java/lang/NoSuchMethodError'{0x0000000453968290}: 'void java.lang.invoke.DirectMethodHandle$Holder.invokeStatic(java.lang.Object, java.lang.Object, java.lang.Object, java.lang.Object)'> (0x0000000453968290) 
thrown [src/hotspot/share/interpreter/linkResolver.cpp, line 773]
Event: 0.960 Thread 0x00007f5b6402ceb0 Exception <a 'java/lang/NoSuchMethodError'{0x0000000453a288d8}: 'void java.lang.invoke.DirectMethodHandle$Holder.invokeSpecial(java.lang.Object, java.lang.Object, java.lang.Object, java.lang.Object, java.lang.Object)'> (0x0000000453a288d8) 
thrown [src/hotspot/share/interpreter/linkResolver.cpp, line 773]
Event: 0.997 Thread 0x00007f5b6402ceb0 Exception <a 'java/lang/NoSuchMethodError'{0x0000000453b9bc08}: 'void java.lang.System.load(java.lang.String, java.lang.Class)'> (0x0000000453b9bc08) 
thrown [src/hotspot/share/interpreter/linkResolver.cpp, line 773]
Event: 0.998 Thread 0x00007f5b6402ceb0 Exception <a 'java/lang/NoSuchMethodError'{0x0000000453b9e638}: 'void java.lang.System.loadLibrary(java.lang.String, java.lang.Class)'> (0x0000000453b9e638) 
thrown [src/hotspot/share/interpreter/linkResolver.cpp, line 773]
Event: 1.179 Thread 0x00007f5b6402ceb0 Exception <a 'java/lang/NoSuchMethodError'{0x0000000455b29cc8}: 'void java.lang.invoke.DirectMethodHandle$Holder.invokeStatic(java.lang.Object, long)'> (0x0000000455b29cc8) 
thrown [src/hotspot/share/interpreter/linkResolver.cpp, line 773]

ZGC Phase Switch (0 events):
No events

VM Operations (20 events):
Event: 0.119 Executing VM operation: HandshakeAllThreads (Deoptimize)
Event: 0.119 Executing VM operation: HandshakeAllThreads (Deoptimize) done
Event: 0.524 Executing VM operation: ICBufferFull
Event: 0.524 Executing VM operation: ICBufferFull done
Event: 0.609 Executing VM operation: G1CollectForAllocation (G1 Evacuation Pause)
Event: 0.613 Executing VM operation: G1CollectForAllocation (G1 Evacuation Pause) done
Event: 0.668 Executing VM operation: HandshakeAllThreads (Deoptimize)
Event: 0.668 Executing VM operation: HandshakeAllThreads (Deoptimize) done
Event: 0.668 Executing VM operation: HandshakeAllThreads (Deoptimize)
Event: 0.668 Executing VM operation: HandshakeAllThreads (Deoptimize) done
Event: 1.012 Executing VM operation: HandshakeAllThreads (Deoptimize)
Event: 1.012 Executing VM operation: HandshakeAllThreads (Deoptimize) done
Event: 1.127 Executing VM operation: ICBufferFull
Event: 1.127 Executing VM operation: ICBufferFull done
Event: 1.163 Executing VM operation: HandshakeAllThreads (Deoptimize)
Event: 1.163 Executing VM operation: HandshakeAllThreads (Deoptimize) done
Event: 1.169 Executing VM operation: G1CollectForAllocation (G1 Evacuation Pause)
Event: 1.171 Executing VM operation: G1CollectForAllocation (G1 Evacuation Pause) done
Event: 2.171 Executing VM operation: Cleanup
Event: 2.171 Executing VM operation: Cleanup done

Memory protections (20 events):
Event: 0.695 Protecting memory [0x00007f5a8def4000,0x00007f5a8def8000] with protection modes 0
Event: 0.695 Protecting memory [0x00007f5a8e2f8000,0x00007f5a8e2fc000] with protection modes 0
Event: 0.695 Protecting memory [0x00007f5a8e8fe000,0x00007f5a8e902000] with protection modes 0
Event: 0.695 Protecting memory [0x00007f5a8d9ef000,0x00007f5a8d9f3000] with protection modes 0
Event: 0.695 Protecting memory [0x00007f5a8e9ff000,0x00007f5a8ea03000] with protection modes 0
Event: 0.695 Protecting memory [0x00007f5a8dff5000,0x00007f5a8dff9000] with protection modes 0
Event: 0.695 Protecting memory [0x00007f5a8e0f6000,0x00007f5a8e0fa000] with protection modes 0
Event: 0.696 Protecting memory [0x00007f5a8d6ec000,0x00007f5a8d6f0000] with protection modes 0
Event: 0.696 Protecting memory [0x00007f5a8e4fa000,0x00007f5a8e4fe000] with protection modes 0
Event: 0.696 Protecting memory [0x00007f5a8e3f9000,0x00007f5a8e3fd000] with protection modes 0
Event: 0.696 Protecting memory [0x00007f5a8dbf1000,0x00007f5a8dbf5000] with protection modes 0
Event: 0.697 Protecting memory [0x00007f5a8ddf3000,0x00007f5a8ddf7000] with protection modes 0
Event: 0.697 Protecting memory [0x00007f5a95700000,0x00007f5a95704000] with protection modes 0
Event: 0.699 Protecting memory [0x00007f5ad6700000,0x00007f5ad6704000] with protection modes 0
Event: 0.701 Protecting memory [0x00007f5a8daf0000,0x00007f5a8daf4000] with protection modes 0
Event: 0.701 Protecting memory [0x00007f5a8d7ed000,0x00007f5a8d7f1000] with protection modes 0
Event: 0.701 Protecting memory [0x00007f5b28100000,0x00007f5b28104000] with protection modes 0
Event: 1.929 Protecting memory [0x00007f5a8d8ee000,0x00007f5a8d8f2000] with protection modes 0
Event: 2.425 Protecting memory [0x00007f5a8d8ee000,0x00007f5a8d8f2000] with protection modes 0
Event: 2.425 Protecting memory [0x00007f5a8d5eb000,0x00007f5a8d5ef000] with protection modes 0

Nmethod flushes (0 events):
No events

Events (20 events):
Event: 0.741 Thread 0x00007f5b1c00e9e0 Thread exited: 0x00007f5b1c00e9e0
Event: 0.741 Thread 0x00007f5b1c0078f0 Thread exited: 0x00007f5b1c0078f0
Event: 0.741 Thread 0x00007f5b1c029ed0 Thread exited: 0x00007f5b1c029ed0
Event: 0.741 Thread 0x00007f5b1c0054a0 Thread exited: 0x00007f5b1c0054a0
Event: 0.741 Thread 0x00007f5b1c02a5d0 Thread exited: 0x00007f5b1c02a5d0
Event: 0.741 Thread 0x00007f5b1c002f00 Thread exited: 0x00007f5b1c002f00
Event: 0.741 Thread 0x00007f5b1c00d000 Thread exited: 0x00007f5b1c00d000
Event: 0.741 Thread 0x00007f5b1c00f6e0 Thread exited: 0x00007f5b1c00f6e0
Event: 0.741 Thread 0x00007f5b1c004810 Thread exited: 0x00007f5b1c004810
Event: 0.741 Thread 0x00007f5b1c0085a0 Thread exited: 0x00007f5b1c0085a0
Event: 0.741 Thread 0x00007f5b1c009f20 Thread exited: 0x00007f5b1c009f20
Event: 0.741 Thread 0x00007f5b1c009260 Thread exited: 0x00007f5b1c009260
Event: 1.464 Thread 0x00007f5ab01aa230 Thread exited: 0x00007f5ab01aa230
Event: 1.464 Thread 0x00007f5a980423b0 Thread exited: 0x00007f5a980423b0
Event: 1.929 Thread 0x00007f5b6416a060 Thread added: 0x00007f5abc239de0
Event: 2.144 Thread 0x00007f5abc239de0 Thread exited: 0x00007f5abc239de0
Event: 2.425 Thread 0x00007f5b6416a060 Thread added: 0x00007f5abc42ab30
Event: 2.425 Thread 0x00007f5b6416a060 Thread added: 0x00007f5abc42b7c0
Event: 2.768 Thread 0x00007f5abc42b7c0 Thread exited: 0x00007f5abc42b7c0
Event: 2.768 Thread 0x00007f5abc42ab30 Thread exited: 0x00007f5abc42ab30


Dynamic libraries:
4049a000-40549000 rw-p 00000000 00:00 0 
41b66000-41b68000 r-xs 00000000 00:01 64805                              /memfd:/.glXXXXXX (deleted)
417000000-456000000 rw-p 00000000 00:00 0 
456000000-7ff800000 ---p 00000000 00:00 0 
7ff800000-7ff90d000 rw-p 00cdf000 103:03 25434006                        /home/ian/.jdks/corretto-21.0.9/lib/server/classes.jsa
7ff90d000-800000000 rw-p 00000000 00:00 0 
559ae1a00000-559ae1a01000 r-xp 00000000 103:03 25434313                  /home/ian/.jdks/corretto-21.0.9/bin/java
559ae1c01000-559ae1c02000 r--p 00001000 103:03 25434313                  /home/ian/.jdks/corretto-21.0.9/bin/java
559ae1c02000-559ae1c03000 rw-p 00002000 103:03 25434313                  /home/ian/.jdks/corretto-21.0.9/bin/java
559ae4c63000-559ae6fc8000 rw-p 00000000 00:00 0                          [heap]
7f5a56800000-7f5a57800000 rw-s 00000000 00:07 1487                       /dev/nvidiactl
7f5a57800000-7f5a58800000 rw-s 00000000 00:07 1487                       /dev/nvidiactl
7f5a58800000-7f5a58c00000 rw-s 00000000 00:07 1487                       /dev/nvidiactl
7f5a58c00000-7f5a59000000 rw-s 00000000 00:07 1487                       /dev/nvidiactl
7f5a59000000-7f5a59200000 rw-s 00000000 00:07 1487                       /dev/nvidiactl
7f5a59200000-7f5a59600000 rw-s 00000000 00:07 1487                       /dev/nvidiactl
7f5a59a00000-7f5a59c00000 rw-s 00000000 00:07 1487                       /dev/nvidiactl
7f5a59c00000-7f5a59e00000 rw-s 00000000 00:07 1487                       /dev/nvidiactl
7f5a59e00000-7f5a5a5f0000 r-xp 00000000 00:2e 1056                       /tmp/lwjgl_ian/3.4.0+20/x64/libassimp.so
7f5a5a5f0000-7f5a5a889000 r--p 007f0000 00:2e 1056                       /tmp/lwjgl_ian/3.4.0+20/x64/libassimp.so
7f5a5a889000-7f5a5a953000 r--p 00a88000 00:2e 1056                       /tmp/lwjgl_ian/3.4.0+20/x64/libassimp.so
7f5a5a953000-7f5a5a956000 rw-p 00b52000 00:2e 1056                       /tmp/lwjgl_ian/3.4.0+20/x64/libassimp.so
7f5a5a956000-7f5a5a95c000 rw-p 00000000 00:00 0 
7f5a5aa64000-7f5a5ab70000 r-xp 00000000 00:2e 1055                       /tmp/lwjgl_ian/3.4.0+20/x64/libdraco.so
7f5a5ab70000-7f5a5abf8000 r--p 0010c000 00:2e 1055                       /tmp/lwjgl_ian/3.4.0+20/x64/libdraco.so
7f5a5abf8000-7f5a5abfc000 r--p 00194000 00:2e 1055                       /tmp/lwjgl_ian/3.4.0+20/x64/libdraco.so
7f5a5abfc000-7f5a5abfe000 rw-p 00198000 00:2e 1055                       /tmp/lwjgl_ian/3.4.0+20/x64/libdraco.so
7f5a5abfe000-7f5a5bbfe000 rw-s 00000000 00:07 1487                       /dev/nvidiactl
7f5a5bbfe000-7f5a5cbff000 rw-p 00000000 00:00 0 
7f5a5cbff000-7f5a5dbff000 rw-s 00000000 00:07 1487                       /dev/nvidiactl
7f5a5dbff000-7f5a5ec00000 rw-p 00000000 00:00 0 
7f5a5ec00000-7f5a5ec9a000 r--p 00000000 103:02 921310                    /usr/lib/libstdc++.so.6.0.36
7f5a5ec9a000-7f5a5ee1d000 r-xp 0009a000 103:02 921310                    /usr/lib/libstdc++.so.6.0.36
7f5a5ee1d000-7f5a5eebd000 r--p 0021d000 103:02 921310                    /usr/lib/libstdc++.so.6.0.36
7f5a5eebd000-7f5a5eece000 r--p 002bc000 103:02 921310                    /usr/lib/libstdc++.so.6.0.36
7f5a5eece000-7f5a5eecf000 rw-p 002cd000 103:02 921310                    /usr/lib/libstdc++.so.6.0.36
7f5a5eecf000-7f5a5eed3000 rw-p 00000000 00:00 0 
7f5a5f000000-7f5a5f0c4000 r--p 00000000 00:2e 1189                       /tmp/imgui-java-natives/1.87.0/libimgui-java64.so
7f5a5f0c4000-7f5a5f5e7000 r-xp 000c4000 00:2e 1189                       /tmp/imgui-java-natives/1.87.0/libimgui-java64.so
7f5a5f5e7000-7f5a5f6bc000 r--p 005e7000 00:2e 1189                       /tmp/imgui-java-natives/1.87.0/libimgui-java64.so
7f5a5f6bc000-7f5a5f6c8000 r--p 006bb000 00:2e 1189                       /tmp/imgui-java-natives/1.87.0/libimgui-java64.so
7f5a5f6c8000-7f5a5f6d5000 rw-p 006c7000 00:2e 1189                       /tmp/imgui-java-natives/1.87.0/libimgui-java64.so
7f5a5f6d5000-7f5a5ff03000 rw-p 00000000 00:00 0 
7f5a5ff20000-7f5a63488000 rw-s 00000000 00:07 1487                       /dev/nvidiactl
7f5a63488000-7f5a669f0000 rw-p 00000000 00:00 0 
7f5a669f0000-7f5a69f58000 rw-s 00000000 00:07 1487                       /dev/nvidiactl
7f5a69f58000-7f5a6d4c0000 rw-p 00000000 00:00 0 
7f5a6d4c0000-7f5a70a28000 rw-s 00000000 00:07 1487                       /dev/nvidiactl
7f5a70a28000-7f5a73f90000 rw-p 00000000 00:00 0 
7f5a73f90000-7f5a774f8000 rw-s 00000000 00:07 1487                       /dev/nvidiactl
7f5a774f8000-7f5a7aa60000 rw-p 00000000 00:00 0 
7f5a7aa60000-7f5a7dfc8000 rw-s 00000000 00:07 1487                       /dev/nvidiactl
7f5a7dfc8000-7f5a81530000 rw-p 00000000 00:00 0 
7f5a81530000-7f5a84a98000 rw-s 00000000 00:07 1487                       /dev/nvidiactl
7f5a84a98000-7f5a8823d000 rw-p 00000000 00:00 0 
7f5a8823d000-7f5a8c000000 ---p 00000000 00:00 0 
7f5a8c0d9000-7f5a8c2d9000 rw-s 00000000 00:07 1487                       /dev/nvidiactl
7f5a8c2d9000-7f5a8c4d9000 rw-s 00000000 00:07 1487                       /dev/nvidiactl
7f5a8c4d9000-7f5a8d5eb000 rw-p 00000000 00:00 0 
7f5a8d5eb000-7f5a8d5ef000 ---p 00000000 00:00 0 
7f5a8d5ef000-7f5a8d6ec000 rw-p 00000000 00:00 0 
7f5a8d6ec000-7f5a8d6f0000 ---p 00000000 00:00 0 
7f5a8d6f0000-7f5a8d7ed000 rw-p 00000000 00:00 0 
7f5a8d7ed000-7f5a8d7f1000 ---p 00000000 00:00 0 
7f5a8d7f1000-7f5a8d8ee000 rw-p 00000000 00:00 0 
7f5a8d8ee000-7f5a8d8f2000 ---p 00000000 00:00 0 
7f5a8d8f2000-7f5a8d9ef000 rw-p 00000000 00:00 0 
7f5a8d9ef000-7f5a8d9f3000 ---p 00000000 00:00 0 
7f5a8d9f3000-7f5a8daf0000 rw-p 00000000 00:00 0 
7f5a8daf0000-7f5a8daf4000 ---p 00000000 00:00 0 
7f5a8daf4000-7f5a8dbf1000 rw-p 00000000 00:00 0 
7f5a8dbf1000-7f5a8dbf5000 ---p 00000000 00:00 0 
7f5a8dbf5000-7f5a8dcf2000 rw-p 00000000 00:00 0 
7f5a8dcf2000-7f5a8dcf6000 ---p 00000000 00:00 0 
7f5a8dcf6000-7f5a8ddf3000 rw-p 00000000 00:00 0 
7f5a8ddf3000-7f5a8ddf7000 ---p 00000000 00:00 0 
7f5a8ddf7000-7f5a8def4000 rw-p 00000000 00:00 0 
7f5a8def4000-7f5a8def8000 ---p 00000000 00:00 0 
7f5a8def8000-7f5a8dff5000 rw-p 00000000 00:00 0 
7f5a8dff5000-7f5a8dff9000 ---p 00000000 00:00 0 
7f5a8dff9000-7f5a8e0f6000 rw-p 00000000 00:00 0 
7f5a8e0f6000-7f5a8e0fa000 ---p 00000000 00:00 0 
7f5a8e0fa000-7f5a8e1f7000 rw-p 00000000 00:00 0 
7f5a8e1f7000-7f5a8e1fb000 ---p 00000000 00:00 0 
7f5a8e1fb000-7f5a8e2f8000 rw-p 00000000 00:00 0 
7f5a8e2f8000-7f5a8e2fc000 ---p 00000000 00:00 0 
7f5a8e2fc000-7f5a8e3f9000 rw-p 00000000 00:00 0 
7f5a8e3f9000-7f5a8e3fd000 ---p 00000000 00:00 0 
7f5a8e3fd000-7f5a8e4fa000 rw-p 00000000 00:00 0 
7f5a8e4fa000-7f5a8e4fe000 ---p 00000000 00:00 0 
7f5a8e4fe000-7f5a8e5fb000 rw-p 00000000 00:00 0 
7f5a8e5fb000-7f5a8e5ff000 ---p 00000000 00:00 0 
7f5a8e5ff000-7f5a8e6fc000 rw-p 00000000 00:00 0 
7f5a8e6fc000-7f5a8e700000 ---p 00000000 00:00 0 
7f5a8e700000-7f5a8e7fd000 rw-p 00000000 00:00 0 
7f5a8e7fd000-7f5a8e801000 ---p 00000000 00:00 0 
7f5a8e801000-7f5a8e8fe000 rw-p 00000000 00:00 0 
7f5a8e8fe000-7f5a8e902000 ---p 00000000 00:00 0 
7f5a8e902000-7f5a8e9ff000 rw-p 00000000 00:00 0 
7f5a8e9ff000-7f5a8ea03000 ---p 00000000 00:00 0 
7f5a8ea03000-7f5a8eb00000 rw-p 00000000 00:00 0 
7f5a8eb00000-7f5a8eb04000 ---p 00000000 00:00 0 
7f5a8eb04000-7f5a8ec00000 rw-p 00000000 00:00 0 
7f5a8ec00000-7f5a8ef5b000 r--p 00000000 103:02 962221                    /usr/lib/libnvidia-gpucomp.so.610.57.04
7f5a8ef5b000-7f5a934f8000 r-xp 0035b000 103:02 962221                    /usr/lib/libnvidia-gpucomp.so.610.57.04
7f5a934f8000-7f5a951e8000 r--p 048f8000 103:02 962221                    /usr/lib/libnvidia-gpucomp.so.610.57.04
7f5a951e8000-7f5a9543a000 r--p 065e7000 103:02 962221                    /usr/lib/libnvidia-gpucomp.so.610.57.04
7f5a9543a000-7f5a955c5000 rw-p 06839000 103:02 962221                    /usr/lib/libnvidia-gpucomp.so.610.57.04
7f5a955c5000-7f5a95680000 rw-p 00000000 00:00 0 
7f5a956ff000-7f5a95700000 rw-p 00000000 00:00 0 
7f5a95700000-7f5a95704000 ---p 00000000 00:00 0 
7f5a95704000-7f5a95800000 rw-p 00000000 00:00 0 
7f5a95800000-7f5a95a50000 r-xp 00000000 103:02 961761                    /usr/lib/libnvidia-glcore.so.610.57.04
7f5a95a50000-7f5a95a71000 rwxp 00250000 103:02 961761                    /usr/lib/libnvidia-glcore.so.610.57.04
7f5a95a71000-7f5a95c00000 r-xp 00271000 103:02 961761                    /usr/lib/libnvidia-glcore.so.610.57.04
7f5a95c00000-7f5a96800000 r-xp 00400000 103:02 961761                    /usr/lib/libnvidia-glcore.so.610.57.04
7f5a96800000-7f5a97df9000 r-xp 01000000 103:02 961761                    /usr/lib/libnvidia-glcore.so.610.57.04
7f5a97df9000-7f5a97dfa000 ---p 025f9000 103:02 961761                    /usr/lib/libnvidia-glcore.so.610.57.04
7f5a97dfa000-7f5a97f72000 r--p 025f9000 103:02 961761                    /usr/lib/libnvidia-glcore.so.610.57.04
7f5a97f72000-7f5a97fd5000 rw-p 02771000 103:02 961761                    /usr/lib/libnvidia-glcore.so.610.57.04
7f5a97fd5000-7f5a97ff5000 rw-p 00000000 00:00 0 
7f5a98000000-7f5a9807f000 rw-p 00000000 00:00 0 
7f5a9807f000-7f5a9c000000 ---p 00000000 00:00 0 
7f5a9c000000-7f5a9c184000 rw-p 00000000 00:00 0 
7f5a9c184000-7f5aa0000000 ---p 00000000 00:00 0 
7f5aa0000000-7f5aa021f000 rw-p 00000000 00:00 0 
7f5aa021f000-7f5aa4000000 ---p 00000000 00:00 0 
7f5aa4000000-7f5aa40c5000 rw-p 00000000 00:00 0 
7f5aa40c5000-7f5aa8000000 ---p 00000000 00:00 0 
7f5aa8000000-7f5aa804b000 rw-p 00000000 00:00 0 
7f5aa804b000-7f5aac000000 ---p 00000000 00:00 0 
7f5aac000000-7f5aac192000 rw-p 00000000 00:00 0 
7f5aac192000-7f5ab0000000 ---p 00000000 00:00 0 
7f5ab0000000-7f5ab01f0000 rw-p 00000000 00:00 0 
7f5ab01f0000-7f5ab4000000 ---p 00000000 00:00 0 
7f5ab4000000-7f5ab4021000 rw-p 00000000 00:00 0 
7f5ab4021000-7f5ab8000000 ---p 00000000 00:00 0 
7f5ab8000000-7f5ab8021000 rw-p 00000000 00:00 0 
7f5ab8021000-7f5abc000000 ---p 00000000 00:00 0 
7f5abc000000-7f5abc601000 rw-p 00000000 00:00 0 
7f5abc601000-7f5ac0000000 ---p 00000000 00:00 0 
7f5ac0000000-7f5ac0021000 rw-p 00000000 00:00 0 
7f5ac0021000-7f5ac4000000 ---p 00000000 00:00 0 
7f5ac4000000-7f5ac4022000 rw-p 00000000 00:00 0 
7f5ac4022000-7f5ac8000000 ---p 00000000 00:00 0 
7f5ac8000000-7f5ac8021000 rw-p 00000000 00:00 0 
7f5ac8021000-7f5acc000000 ---p 00000000 00:00 0 
7f5acc000000-7f5acc021000 rw-p 00000000 00:00 0 
7f5acc021000-7f5ad0000000 ---p 00000000 00:00 0 
7f5ad0000000-7f5ad0030000 rw-p 00000000 00:00 0 
7f5ad0030000-7f5ad4000000 ---p 00000000 00:00 0 
7f5ad4065000-7f5ad40e8000 r-xp 00000000 00:2e 1057                       /tmp/lwjgl_ian/3.4.0+20/x64/liblwjgl_stb.so
7f5ad40e8000-7f5ad40fd000 r--p 00083000 00:2e 1057                       /tmp/lwjgl_ian/3.4.0+20/x64/liblwjgl_stb.so
7f5ad40fd000-7f5ad40fe000 r--p 00097000 00:2e 1057                       /tmp/lwjgl_ian/3.4.0+20/x64/liblwjgl_stb.so
7f5ad40fe000-7f5ad40ff000 rw-p 00098000 00:2e 1057                       /tmp/lwjgl_ian/3.4.0+20/x64/liblwjgl_stb.so
7f5ad40ff000-7f5ad4100000 rw-p 00000000 00:00 0 
7f5ad4100000-7f5ad4104000 ---p 00000000 00:00 0 
7f5ad4104000-7f5ad4200000 rw-p 00000000 00:00 0 
7f5ad4200000-7f5ad420d000 r-xp 00000000 103:03 25434000                  /home/ian/.jdks/corretto-21.0.9/lib/libverify.so
7f5ad420d000-7f5ad440c000 ---p 0000d000 103:03 25434000                  /home/ian/.jdks/corretto-21.0.9/lib/libverify.so
7f5ad440c000-7f5ad440e000 r--p 0000c000 103:03 25434000                  /home/ian/.jdks/corretto-21.0.9/lib/libverify.so
7f5ad440e000-7f5ad440f000 rw-p 00000000 00:00 0 
7f5ad442d000-7f5ad4442000 r-xp 00000000 00:2e 1051                       /tmp/lwjgl_ian/3.4.0+20/x64/liblwjgl_opengl.so
7f5ad4442000-7f5ad4485000 r--p 00015000 00:2e 1051                       /tmp/lwjgl_ian/3.4.0+20/x64/liblwjgl_opengl.so
7f5ad4485000-7f5ad4486000 r--p 00057000 00:2e 1051                       /tmp/lwjgl_ian/3.4.0+20/x64/liblwjgl_opengl.so
7f5ad4486000-7f5ad4487000 rw-p 00058000 00:2e 1051                       /tmp/lwjgl_ian/3.4.0+20/x64/liblwjgl_opengl.so
7f5ad4487000-7f5ad4587000 rw-s 00000000 00:07 1487                       /dev/nvidiactl
7f5ad4587000-7f5ad45c7000 rw-s 00000000 00:07 1487                       /dev/nvidiactl
7f5ad45c7000-7f5ad45e7000 rw-s 00000000 00:07 1487                       /dev/nvidiactl
7f5ad45e7000-7f5ad4627000 rw-s 00000000 00:07 1487                       /dev/nvidiactl
7f5ad4627000-7f5ad4e28000 rw-p 00000000 00:00 0 
7f5ad4f28000-7f5ad584a000 rw-p 00000000 00:00 0 
7f5ad584a000-7f5ad604b000 rw-p 00000000 00:00 0 
7f5ad604b000-7f5ad6060000 r--p 00000000 103:02 933484                    /usr/lib/libsystemd.so.0.44.0
7f5ad6060000-7f5ad6139000 r-xp 00015000 103:02 933484                    /usr/lib/libsystemd.so.0.44.0
7f5ad6139000-7f5ad6188000 r--p 000ee000 103:02 933484                    /usr/lib/libsystemd.so.0.44.0
7f5ad6188000-7f5ad6191000 r--p 0013c000 103:02 933484                    /usr/lib/libsystemd.so.0.44.0
7f5ad6191000-7f5ad6192000 rw-p 00145000 103:02 933484                    /usr/lib/libsystemd.so.0.44.0
7f5ad6192000-7f5ad6193000 rw-p 00000000 00:00 0 
7f5ad6193000-7f5ad61e4000 r--p 00000000 103:02 956190                    /usr/lib/libGLX_nvidia.so.610.57.04
7f5ad61e4000-7f5ad6241000 r-xp 00051000 103:02 956190                    /usr/lib/libGLX_nvidia.so.610.57.04
7f5ad6241000-7f5ad6276000 rwxp 000ae000 103:02 956190                    /usr/lib/libGLX_nvidia.so.610.57.04
7f5ad6276000-7f5ad6277000 r-xp 000e3000 103:02 956190                    /usr/lib/libGLX_nvidia.so.610.57.04
7f5ad6277000-7f5ad6297000 r--p 000e4000 103:02 956190                    /usr/lib/libGLX_nvidia.so.610.57.04
7f5ad6297000-7f5ad62b7000 r--p 00103000 103:02 956190                    /usr/lib/libGLX_nvidia.so.610.57.04
7f5ad62b7000-7f5ad62bc000 rw-p 00123000 103:02 956190                    /usr/lib/libGLX_nvidia.so.610.57.04
7f5ad62bc000-7f5ad62be000 rw-p 00000000 00:00 0 
7f5ad62be000-7f5ad62d5000 r--p 00000000 103:02 945154                    /usr/lib/libX11.so.6.4.0
7f5ad62d5000-7f5ad636a000 r-xp 00017000 103:02 945154                    /usr/lib/libX11.so.6.4.0
7f5ad636a000-7f5ad63f9000 r--p 000ac000 103:02 945154                    /usr/lib/libX11.so.6.4.0
7f5ad63f9000-7f5ad63fc000 r--p 0013a000 103:02 945154                    /usr/lib/libX11.so.6.4.0
7f5ad63fc000-7f5ad6400000 rw-p 0013d000 103:02 945154                    /usr/lib/libX11.so.6.4.0
7f5ad6400000-7f5ad6405000 r-xp 00000000 103:03 25433995                  /home/ian/.jdks/corretto-21.0.9/lib/libmanagement_ext.so
7f5ad6405000-7f5ad6605000 ---p 00005000 103:03 25433995                  /home/ian/.jdks/corretto-21.0.9/lib/libmanagement_ext.so
7f5ad6605000-7f5ad6606000 r--p 00005000 103:03 25433995                  /home/ian/.jdks/corretto-21.0.9/lib/libmanagement_ext.so
7f5ad6606000-7f5ad6607000 rw-p 00000000 00:00 0 
7f5ad661f000-7f5ad663f000 rw-s 00000000 00:07 1487                       /dev/nvidiactl
7f5ad663f000-7f5ad667f000 rw-s 00000000 00:07 1487                       /dev/nvidiactl
7f5ad667f000-7f5ad66ff000 rw-s 00000000 00:07 1487                       /dev/nvidiactl
7f5ad66ff000-7f5ad6700000 rw-p 00000000 00:00 0 
7f5ad6700000-7f5ad6704000 ---p 00000000 00:00 0 
7f5ad6704000-7f5ad6800000 rw-p 00000000 00:00 0 
7f5ad6800000-7f5ad6804000 r-xp 00000000 103:03 25433988                  /home/ian/.jdks/corretto-21.0.9/lib/libmanagement.so
7f5ad6804000-7f5ad6a03000 ---p 00004000 103:03 25433988                  /home/ian/.jdks/corretto-21.0.9/lib/libmanagement.so
7f5ad6a03000-7f5ad6a04000 r--p 00003000 103:03 25433988                  /home/ian/.jdks/corretto-21.0.9/lib/libmanagement.so
7f5ad6a04000-7f5ad6a05000 rw-p 00000000 00:00 0 
7f5ad6a0d000-7f5ad6a0f000 r--p 00000000 103:02 958607                    /usr/lib/libEGL.so.1.1.0
7f5ad6a0f000-7f5ad6a19000 r-xp 00002000 103:02 958607                    /usr/lib/libEGL.so.1.1.0
7f5ad6a19000-7f5ad6a1d000 r--p 0000c000 103:02 958607                    /usr/lib/libEGL.so.1.1.0
7f5ad6a1d000-7f5ad6a1e000 r--p 0000f000 103:02 958607                    /usr/lib/libEGL.so.1.1.0
7f5ad6a1e000-7f5ad6a1f000 rw-p 00010000 103:02 958607                    /usr/lib/libEGL.so.1.1.0
7f5ad6a1f000-7f5ad6a3f000 rw-s 00000000 00:07 1487                       /dev/nvidiactl
7f5ad6a3f000-7f5ad6abf000 rw-s 00000000 00:07 1487                       /dev/nvidiactl
7f5ad6abf000-7f5ad6aff000 rw-s 00000000 00:07 1487                       /dev/nvidiactl
7f5ad6aff000-7f5ad6b00000 rw-p 00000000 00:00 0 
7f5ad6b00000-7f5ad6b04000 ---p 00000000 00:00 0 
7f5ad6b04000-7f5ad6c00000 rw-p 00000000 00:00 0 
7f5ad6c00000-7f5ad6c07000 r-xp 00000000 103:03 25434044                  /home/ian/.jdks/corretto-21.0.9/lib/libzip.so
7f5ad6c07000-7f5ad6e06000 ---p 00007000 103:03 25434044                  /home/ian/.jdks/corretto-21.0.9/lib/libzip.so
7f5ad6e06000-7f5ad6e07000 r--p 00006000 103:03 25434044                  /home/ian/.jdks/corretto-21.0.9/lib/libzip.so
7f5ad6e07000-7f5ad6e08000 rw-p 00000000 00:00 0 
7f5ad6e0c000-7f5ad6e1f000 rw-s 00000000 00:07 1487                       /dev/nvidiactl
7f5ad6e1f000-7f5ad6e3f000 rw-s 00000000 00:07 1487                       /dev/nvidiactl
7f5ad6e3f000-7f5ad6e7f000 rw-s 00000000 00:07 1487                       /dev/nvidiactl
7f5ad6e7f000-7f5ad6eff000 rw-s 00000000 00:07 1489                       /dev/nvidia0
7f5ad6eff000-7f5ad6f00000 rw-p 00000000 00:00 0 
7f5ad6f00000-7f5ad6f04000 ---p 00000000 00:00 0 
7f5ad6f04000-7f5ad7000000 rw-p 00000000 00:00 0 
7f5ad7000000-7f5ad7400000 rw-p 00000000 00:00 0 
7f5ad7400000-7f5ad7800000 rw-p 00000000 00:00 0 
7f5ad7800000-7f5ad7840000 rw-p 00000000 00:00 0 
7f5ad7840000-7f5ad7cd0000 rw-p 00000000 00:00 0 
7f5ad7cd0000-7f5ad7d00000 ---p 00000000 00:00 0 
7f5ad7d00000-7f5ad7d20000 rw-p 00000000 00:00 0 
7f5ad7d20000-7f5adb000000 ---p 00000000 00:00 0 
7f5adb000000-7f5adbca0000 rw-p 00001000 103:03 25434006                  /home/ian/.jdks/corretto-21.0.9/lib/server/classes.jsa
7f5adbca0000-7f5adc000000 ---p 00000000 00:00 0 
7f5adc000000-7f5adc040000 rw-p 00000000 00:00 0 
7f5adc040000-7f5adc0c0000 rw-p 00000000 00:00 0 
7f5adc0c0000-7f5adc0e0000 rw-p 00000000 00:00 0 
7f5adc0e0000-7f5adc100000 ---p 00000000 00:00 0 
7f5adc100000-7f5adc150000 rw-p 00000000 00:00 0 
7f5adc150000-7f5b1c000000 ---p 00000000 00:00 0 
7f5b1c000000-7f5b1c1de000 rw-p 00000000 00:00 0 
7f5b1c1de000-7f5b20000000 ---p 00000000 00:00 0 
7f5b20000000-7f5b20021000 rw-p 00000000 00:00 0 
7f5b20021000-7f5b24000000 ---p 00000000 00:00 0 
7f5b24000000-7f5b24054000 rw-p 00000000 00:00 0 
7f5b24054000-7f5b28000000 ---p 00000000 00:00 0 
7f5b28003000-7f5b28023000 rw-s 00000000 00:07 1487                       /dev/nvidiactl
7f5b28023000-7f5b28063000 rw-s 00000000 00:07 1487                       /dev/nvidiactl
7f5b28063000-7f5b28073000 r--p 00000000 103:02 961844                    /usr/lib/libnvidia-glsi.so.610.57.04
7f5b28073000-7f5b280d3000 r-xp 00010000 103:02 961844                    /usr/lib/libnvidia-glsi.so.610.57.04
7f5b280d3000-7f5b280f0000 r--p 00070000 103:02 961844                    /usr/lib/libnvidia-glsi.so.610.57.04
7f5b280f0000-7f5b280f6000 r--p 0008c000 103:02 961844                    /usr/lib/libnvidia-glsi.so.610.57.04
7f5b280f6000-7f5b280f7000 rw-p 00092000 103:02 961844                    /usr/lib/libnvidia-glsi.so.610.57.04
7f5b280f7000-7f5b280ff000 rw-p 00000000 00:00 0 
7f5b280ff000-7f5b28100000 rw-p 00000000 00:00 0 
7f5b28100000-7f5b28104000 ---p 00000000 00:00 0 
7f5b28104000-7f5b28200000 rw-p 00000000 00:00 0 
7f5b28200000-7f5b2820b000 r-xp 00000000 103:03 25433958                  /home/ian/.jdks/corretto-21.0.9/lib/libnet.so
7f5b2820b000-7f5b2840a000 ---p 0000b000 103:03 25433958                  /home/ian/.jdks/corretto-21.0.9/lib/libnet.so
7f5b2840a000-7f5b2840b000 r--p 0000a000 103:03 25433958                  /home/ian/.jdks/corretto-21.0.9/lib/libnet.so
7f5b2840b000-7f5b2840c000 rw-p 00000000 00:00 0 
7f5b2840e000-7f5b28411000 r--p 00000000 103:02 959830                    /usr/lib/libnvidia-allocator.so.610.57.04
7f5b28411000-7f5b28425000 r-xp 00003000 103:02 959830                    /usr/lib/libnvidia-allocator.so.610.57.04
7f5b28425000-7f5b2842f000 r--p 00017000 103:02 959830                    /usr/lib/libnvidia-allocator.so.610.57.04
7f5b2842f000-7f5b28430000 r--p 00020000 103:02 959830                    /usr/lib/libnvidia-allocator.so.610.57.04
7f5b28430000-7f5b28431000 rw-p 00021000 103:02 959830                    /usr/lib/libnvidia-allocator.so.610.57.04
7f5b28431000-7f5b28433000 rw-p 00000000 00:00 0 
7f5b28433000-7f5b28441000 r--p 00000000 103:02 942789                    /usr/lib/libdbus-1.so.3.38.3
7f5b28441000-7f5b28472000 r-xp 0000e000 103:02 942789                    /usr/lib/libdbus-1.so.3.38.3
7f5b28472000-7f5b28483000 r--p 0003f000 103:02 942789                    /usr/lib/libdbus-1.so.3.38.3
7f5b28483000-7f5b28485000 r--p 0004f000 103:02 942789                    /usr/lib/libdbus-1.so.3.38.3
7f5b28485000-7f5b28486000 rw-p 00051000 103:02 942789                    /usr/lib/libdbus-1.so.3.38.3
7f5b28486000-7f5b28488000 r--p 00000000 103:02 958619                    /usr/lib/libGLdispatch.so.0.0.0
7f5b28488000-7f5b2848b000 r-xp 00002000 103:02 958619                    /usr/lib/libGLdispatch.so.0.0.0
7f5b2848b000-7f5b284c6000 r-xp 00005000 103:02 958619                    /usr/lib/libGLdispatch.so.0.0.0
7f5b284c6000-7f5b284c7000 r-xp 00040000 103:02 958619                    /usr/lib/libGLdispatch.so.0.0.0
7f5b284c7000-7f5b284da000 r--p 00041000 103:02 958619                    /usr/lib/libGLdispatch.so.0.0.0
7f5b284da000-7f5b284f6000 r--p 00054000 103:02 958619                    /usr/lib/libGLdispatch.so.0.0.0
7f5b284f6000-7f5b284f7000 rw-p 00070000 103:02 958619                    /usr/lib/libGLdispatch.so.0.0.0
7f5b284f7000-7f5b284ff000 rw-p 00000000 00:00 0 
7f5b284ff000-7f5b28500000 rw-p 00000000 00:00 0 
7f5b28500000-7f5b28504000 ---p 00000000 00:00 0 
7f5b28504000-7f5b28600000 rw-p 00000000 00:00 0 
7f5b28600000-7f5b28613000 r-xp 00000000 103:03 25433954                  /home/ian/.jdks/corretto-21.0.9/lib/libnio.so
7f5b28613000-7f5b28812000 ---p 00013000 103:03 25433954                  /home/ian/.jdks/corretto-21.0.9/lib/libnio.so
7f5b28812000-7f5b28813000 r--p 00012000 103:03 25433954                  /home/ian/.jdks/corretto-21.0.9/lib/libnio.so
7f5b28813000-7f5b28814000 rw-p 00013000 103:03 25433954                  /home/ian/.jdks/corretto-21.0.9/lib/libnio.so
7f5b28834000-7f5b28838000 r--p 00000000 103:02 921303                    /usr/lib/libgcc_s.so.1
7f5b28838000-7f5b2885b000 r-xp 00004000 103:02 921303                    /usr/lib/libgcc_s.so.1
7f5b2885b000-7f5b2885f000 r--p 00027000 103:02 921303                    /usr/lib/libgcc_s.so.1
7f5b2885f000-7f5b28860000 r--p 0002b000 103:02 921303                    /usr/lib/libgcc_s.so.1
7f5b28860000-7f5b28861000 rw-p 0002c000 103:02 921303                    /usr/lib/libgcc_s.so.1
7f5b28861000-7f5b28886000 r-xp 00000000 00:2e 1050                       /tmp/lwjgl_ian/3.4.0+20/x64/libglfw.so
7f5b28886000-7f5b288d5000 r--p 00025000 00:2e 1050                       /tmp/lwjgl_ian/3.4.0+20/x64/libglfw.so
7f5b288d5000-7f5b288d9000 r--p 00074000 00:2e 1050                       /tmp/lwjgl_ian/3.4.0+20/x64/libglfw.so
7f5b288d9000-7f5b288dc000 rw-p 00078000 00:2e 1050                       /tmp/lwjgl_ian/3.4.0+20/x64/libglfw.so
7f5b288dc000-7f5b288ff000 rw-p 00000000 00:00 0 
7f5b288ff000-7f5b28900000 rw-p 00000000 00:00 0 
7f5b28900000-7f5b28904000 ---p 00000000 00:00 0 
7f5b28904000-7f5b28a00000 rw-p 00000000 00:00 0 
7f5b28a00000-7f5b28ace000 r-xp 00000000 103:03 25433997                  /home/ian/.jdks/corretto-21.0.9/lib/libjsvml.so
7f5b28ace000-7f5b28ccd000 ---p 000ce000 103:03 25433997                  /home/ian/.jdks/corretto-21.0.9/lib/libjsvml.so
7f5b28ccd000-7f5b28cce000 r--p 000cd000 103:03 25433997                  /home/ian/.jdks/corretto-21.0.9/lib/libjsvml.so
7f5b28cce000-7f5b28ccf000 rw-p 000ce000 103:03 25433997                  /home/ian/.jdks/corretto-21.0.9/lib/libjsvml.so
7f5b28ccf000-7f5b28ce2000 rw-s 00000000 00:07 1487                       /dev/nvidiactl
7f5b28ce2000-7f5b28ce7000 r--p 00000000 103:02 958398                    /usr/lib/libdrm.so.2.134.0
7f5b28ce7000-7f5b28cf3000 r-xp 00005000 103:02 958398                    /usr/lib/libdrm.so.2.134.0
7f5b28cf3000-7f5b28cf7000 r--p 00011000 103:02 958398                    /usr/lib/libdrm.so.2.134.0
7f5b28cf7000-7f5b28cf8000 r--p 00015000 103:02 958398                    /usr/lib/libdrm.so.2.134.0
7f5b28cf8000-7f5b28cf9000 rw-p 00016000 103:02 958398                    /usr/lib/libdrm.so.2.134.0
7f5b28cf9000-7f5b28cfa000 rw-p 00000000 00:00 0 
7f5b28cfa000-7f5b28cfe000 ---p 00000000 00:00 0 
7f5b28cfe000-7f5b28dfb000 rw-p 00000000 00:00 0 
7f5b28dfb000-7f5b28dff000 ---p 00000000 00:00 0 
7f5b28dff000-7f5b28efc000 rw-p 00000000 00:00 0 
7f5b28efc000-7f5b28f00000 ---p 00000000 00:00 0 
7f5b28f00000-7f5b28ffd000 rw-p 00000000 00:00 0 
7f5b28ffd000-7f5b29001000 ---p 00000000 00:00 0 
7f5b29001000-7f5b290fe000 rw-p 00000000 00:00 0 
7f5b290fe000-7f5b29102000 ---p 00000000 00:00 0 
7f5b29102000-7f5b291ff000 rw-p 00000000 00:00 0 
7f5b291ff000-7f5b29203000 ---p 00000000 00:00 0 
7f5b29203000-7f5b29300000 rw-p 00000000 00:00 0 
7f5b29300000-7f5b29304000 ---p 00000000 00:00 0 
7f5b29304000-7f5b29400000 rw-p 00000000 00:00 0 
7f5b29400000-7f5b296ed000 r--p 00000000 103:02 995609                    /usr/lib/locale/locale-archive
7f5b296f7000-7f5b296f8000 rw-p 00000000 00:00 0 
7f5b296f8000-7f5b296fc000 ---p 00000000 00:00 0 
7f5b296fc000-7f5b29bfc000 rw-p 00000000 00:00 0 
7f5b29bfc000-7f5b2c1f5000 rw-p 00000000 00:00 0 
7f5b2c1f5000-7f5b30000000 ---p 00000000 00:00 0 
7f5b30000000-7f5b30027000 rw-p 00000000 00:00 0 
7f5b30027000-7f5b34000000 ---p 00000000 00:00 0 
7f5b34000000-7f5b34022000 rw-p 00000000 00:00 0 
7f5b34022000-7f5b38000000 ---p 00000000 00:00 0 
7f5b3800a000-7f5b38011000 r--s 00000000 103:02 1025860                   /usr/lib/gconv/gconv-modules.cache
7f5b38011000-7f5b38021000 rw-s 00000000 00:07 1489                       /dev/nvidia0
7f5b38021000-7f5b38e2f000 rw-p 00000000 00:00 0 
7f5b38e2f000-7f5b38f30000 rw-p 00000000 00:00 0 
7f5b38f30000-7f5b39ef0000 rw-p 00000000 00:00 0 
7f5b39ef0000-7f5b48950000 ---p 00000000 00:00 0 
7f5b48950000-7f5b48b68000 rw-p 00000000 00:00 0 
7f5b48b68000-7f5b4a8b4000 ---p 00000000 00:00 0 
7f5b4a8b4000-7f5b4aab0000 rw-p 00000000 00:00 0 
7f5b4aab0000-7f5b4c7fc000 ---p 00000000 00:00 0 
7f5b4c7fc000-7f5b4c800000 rw-p 00000000 00:00 0 
7f5b4c800000-7f5b4cd30000 rwxp 00000000 00:00 0 
7f5b4cd30000-7f5b53c5f000 ---p 00000000 00:00 0 
7f5b53c5f000-7f5b5407f000 rwxp 00000000 00:00 0 
7f5b5407f000-7f5b543a0000 ---p 00000000 00:00 0 
7f5b543a0000-7f5b54610000 rwxp 00000000 00:00 0 
7f5b54610000-7f5b5b800000 ---p 00000000 00:00 0 
7f5b5b800000-7f5b63f76000 r--s 00000000 103:03 25433962                  /home/ian/.jdks/corretto-21.0.9/lib/modules
7f5b63f7b000-7f5b63f7f000 rw-s 00000000 00:07 1487                       /dev/nvidiactl
7f5b63f7f000-7f5b63f81000 rw-s 00000000 00:07 1487                       /dev/nvidiactl
7f5b63f81000-7f5b63fb6000 r-xp 00000000 00:2e 1049                       /tmp/lwjgl_ian/3.4.0+20/x64/liblwjgl.so
7f5b63fb6000-7f5b63ffe000 r--p 00035000 00:2e 1049                       /tmp/lwjgl_ian/3.4.0+20/x64/liblwjgl.so
7f5b63ffe000-7f5b63fff000 r--p 0007c000 00:2e 1049                       /tmp/lwjgl_ian/3.4.0+20/x64/liblwjgl.so
7f5b63fff000-7f5b64000000 rw-p 0007d000 00:2e 1049                       /tmp/lwjgl_ian/3.4.0+20/x64/liblwjgl.so
7f5b64000000-7f5b67f7b000 rw-p 00000000 00:00 0 
7f5b67f7b000-7f5b68000000 ---p 00000000 00:00 0 
7f5b68000000-7f5b68003000 rw-s 00000000 00:07 1487                       /dev/nvidiactl
7f5b68007000-7f5b68017000 rw-s 00000000 00:07 1489                       /dev/nvidia0
7f5b68017000-7f5b6801a000 r--p 00000000 103:02 952845                    /usr/lib/libxcb-xfixes.so.0.0.0
7f5b6801a000-7f5b6801d000 r-xp 00003000 103:02 952845                    /usr/lib/libxcb-xfixes.so.0.0.0
7f5b6801d000-7f5b6801e000 r--p 00006000 103:02 952845                    /usr/lib/libxcb-xfixes.so.0.0.0
7f5b6801e000-7f5b6801f000 r--p 00007000 103:02 952845                    /usr/lib/libxcb-xfixes.so.0.0.0
7f5b6801f000-7f5b68020000 rw-p 00008000 103:02 952845                    /usr/lib/libxcb-xfixes.so.0.0.0
7f5b68020000-7f5b68023000 r--p 00000000 103:02 952839                    /usr/lib/libxcb-sync.so.1.0.0
7f5b68023000-7f5b68026000 r-xp 00003000 103:02 952839                    /usr/lib/libxcb-sync.so.1.0.0
7f5b68026000-7f5b68027000 r--p 00006000 103:02 952839                    /usr/lib/libxcb-sync.so.1.0.0
7f5b68027000-7f5b68028000 r--p 00007000 103:02 952839                    /usr/lib/libxcb-sync.so.1.0.0
7f5b68028000-7f5b68029000 rw-p 00008000 103:02 952839                    /usr/lib/libxcb-sync.so.1.0.0
7f5b68029000-7f5b68030000 r--p 00000000 103:02 952818                    /usr/lib/libxcb-randr.so.0.1.0
7f5b68030000-7f5b68036000 r-xp 00007000 103:02 952818                    /usr/lib/libxcb-randr.so.0.1.0
7f5b68036000-7f5b68039000 r--p 0000d000 103:02 952818                    /usr/lib/libxcb-randr.so.0.1.0
7f5b68039000-7f5b6803a000 r--p 00010000 103:02 952818                    /usr/lib/libxcb-randr.so.0.1.0
7f5b6803a000-7f5b6803b000 rw-p 00011000 103:02 952818                    /usr/lib/libxcb-randr.so.0.1.0
7f5b6803b000-7f5b6803d000 r--p 00000000 103:02 958616                    /usr/lib/libGLX.so.0.0.0
7f5b6803d000-7f5b68057000 r-xp 00002000 103:02 958616                    /usr/lib/libGLX.so.0.0.0
7f5b68057000-7f5b6805a000 r--p 0001c000 103:02 958616                    /usr/lib/libGLX.so.0.0.0
7f5b6805a000-7f5b6805b000 r--p 0001f000 103:02 958616                    /usr/lib/libGLX.so.0.0.0
7f5b6805b000-7f5b6805c000 rw-p 00020000 103:02 958616                    /usr/lib/libGLX.so.0.0.0
7f5b6805c000-7f5b680ed000 rw-p 00000000 00:00 0 
7f5b680ed000-7f5b682ef000 rw-p 00000000 00:00 0 
7f5b682ef000-7f5b69600000 rw-p 00000000 00:00 0 
7f5b69600000-7f5b69620000 r-xp 00000000 103:03 25433985                  /home/ian/.jdks/corretto-21.0.9/lib/libjava.so
7f5b69620000-7f5b6981f000 ---p 00020000 103:03 25433985                  /home/ian/.jdks/corretto-21.0.9/lib/libjava.so
7f5b6981f000-7f5b69820000 r--p 0001f000 103:03 25433985                  /home/ian/.jdks/corretto-21.0.9/lib/libjava.so
7f5b69820000-7f5b69821000 rw-p 00020000 103:03 25433985                  /home/ian/.jdks/corretto-21.0.9/lib/libjava.so
7f5b69821000-7f5b69822000 rw-p 00000000 00:00 0 
7f5b69822000-7f5b69823000 rw-s 00000000 00:07 1489                       /dev/nvidia0
7f5b69823000-7f5b69825000 rw-s 00000000 00:01 64805                      /memfd:/.glXXXXXX (deleted)
7f5b69825000-7f5b69829000 rw-s 00000000 00:07 1487                       /dev/nvidiactl
7f5b69829000-7f5b6982a000 r--p 00000000 103:02 952815                    /usr/lib/libxcb-present.so.0.0.0
7f5b6982a000-7f5b6982b000 r-xp 00001000 103:02 952815                    /usr/lib/libxcb-present.so.0.0.0
7f5b6982b000-7f5b6982c000 r--p 00002000 103:02 952815                    /usr/lib/libxcb-present.so.0.0.0
7f5b6982c000-7f5b6982d000 r--p 00002000 103:02 952815                    /usr/lib/libxcb-present.so.0.0.0
7f5b6982d000-7f5b6982e000 rw-p 00003000 103:02 952815                    /usr/lib/libxcb-present.so.0.0.0
7f5b6982e000-7f5b69833000 rw-p 00000000 00:00 0 
7f5b69833000-7f5b69917000 ---p 00000000 00:00 0 
7f5b69917000-7f5b69922000 rw-p 00000000 00:00 0 
7f5b69922000-7f5b69a00000 ---p 00000000 00:00 0 
7f5b69a00000-7f5b69a1b000 r-xp 00000000 103:03 25433967                  /home/ian/.jdks/corretto-21.0.9/lib/libjimage.so
7f5b69a1b000-7f5b69c1a000 ---p 0001b000 103:03 25433967                  /home/ian/.jdks/corretto-21.0.9/lib/libjimage.so
7f5b69c1a000-7f5b69c1c000 r--p 0001a000 103:03 25433967                  /home/ian/.jdks/corretto-21.0.9/lib/libjimage.so
7f5b69c1c000-7f5b69c1d000 rw-p 0001c000 103:03 25433967                  /home/ian/.jdks/corretto-21.0.9/lib/libjimage.so
7f5b69c1d000-7f5b69c1e000 rw-s 00000000 00:07 1487                       /dev/nvidiactl
7f5b69c1e000-7f5b69c1f000 rw-s 00000000 00:07 1487                       /dev/nvidiactl
7f5b69c1f000-7f5b69c20000 rw-s 00000000 00:07 1489                       /dev/nvidia0
7f5b69c20000-7f5b69c22000 r--p 00000000 103:02 952809                    /usr/lib/libxcb-dri3.so.0.1.0
7f5b69c22000-7f5b69c24000 r-xp 00002000 103:02 952809                    /usr/lib/libxcb-dri3.so.0.1.0
7f5b69c24000-7f5b69c25000 r--p 00004000 103:02 952809                    /usr/lib/libxcb-dri3.so.0.1.0
7f5b69c25000-7f5b69c26000 r--p 00004000 103:02 952809                    /usr/lib/libxcb-dri3.so.0.1.0
7f5b69c26000-7f5b69c27000 rw-p 00005000 103:02 952809                    /usr/lib/libxcb-dri3.so.0.1.0
7f5b69c27000-7f5b69c33000 r--p 00000000 103:02 952812                    /usr/lib/libxcb-glx.so.0.0.0
7f5b69c33000-7f5b69c3c000 r-xp 0000c000 103:02 952812                    /usr/lib/libxcb-glx.so.0.0.0
7f5b69c3c000-7f5b69c41000 r--p 00015000 103:02 952812                    /usr/lib/libxcb-glx.so.0.0.0
7f5b69c41000-7f5b69c43000 r--p 0001a000 103:02 952812                    /usr/lib/libxcb-glx.so.0.0.0
7f5b69c43000-7f5b69c44000 rw-p 0001c000 103:02 952812                    /usr/lib/libxcb-glx.so.0.0.0
7f5b69c44000-7f5b69c45000 r--p 00000000 103:02 963487                    /usr/lib/libnvidia-tls.so.610.57.04
7f5b69c45000-7f5b69c47000 r-xp 00001000 103:02 963487                    /usr/lib/libnvidia-tls.so.610.57.04
7f5b69c47000-7f5b69c48000 r--p 00003000 103:02 963487                    /usr/lib/libnvidia-tls.so.610.57.04
7f5b69c48000-7f5b69c49000 r--p 00003000 103:02 963487                    /usr/lib/libnvidia-tls.so.610.57.04
7f5b69c49000-7f5b69c4a000 rw-p 00004000 103:02 963487                    /usr/lib/libnvidia-tls.so.610.57.04
7f5b69c4a000-7f5b69c4b000 r--p 00000000 103:02 945151                    /usr/lib/libX11-xcb.so.1.0.0
7f5b69c4b000-7f5b69c4c000 r-xp 00001000 103:02 945151                    /usr/lib/libX11-xcb.so.1.0.0
7f5b69c4c000-7f5b69c4d000 r--p 00002000 103:02 945151                    /usr/lib/libX11-xcb.so.1.0.0
7f5b69c4d000-7f5b69c4e000 r--p 00002000 103:02 945151                    /usr/lib/libX11-xcb.so.1.0.0
7f5b69c4e000-7f5b69c4f000 rw-p 00003000 103:02 945151                    /usr/lib/libX11-xcb.so.1.0.0
7f5b69c4f000-7f5b69c51000 r--p 00000000 103:02 956087                    /usr/lib/libXfixes.so.3.1.0
7f5b69c51000-7f5b69c54000 r-xp 00002000 103:02 956087                    /usr/lib/libXfixes.so.3.1.0
7f5b69c54000-7f5b69c55000 r--p 00005000 103:02 956087                    /usr/lib/libXfixes.so.3.1.0
7f5b69c55000-7f5b69c56000 r--p 00005000 103:02 956087                    /usr/lib/libXfixes.so.3.1.0
7f5b69c56000-7f5b69c57000 rw-p 00006000 103:02 956087                    /usr/lib/libXfixes.so.3.1.0
7f5b69c57000-7f5b69c5a000 r--p 00000000 103:02 958651                    /usr/lib/libXcursor.so.1.0.2
7f5b69c5a000-7f5b69c60000 r-xp 00003000 103:02 958651                    /usr/lib/libXcursor.so.1.0.2
7f5b69c60000-7f5b69c62000 r--p 00009000 103:02 958651                    /usr/lib/libXcursor.so.1.0.2
7f5b69c62000-7f5b69c63000 r--p 0000a000 103:02 958651                    /usr/lib/libXcursor.so.1.0.2
7f5b69c63000-7f5b69c64000 rw-p 0000b000 103:02 958651                    /usr/lib/libXcursor.so.1.0.2
7f5b69c64000-7f5b69d00000 rw-p 00000000 00:00 0 
7f5b69d00000-7f5b69d04000 ---p 00000000 00:00 0 
7f5b69d04000-7f5b69e00000 rw-p 00000000 00:00 0 
7f5b69e00000-7f5b6b264000 r-xp 00000000 103:03 25433974                  /home/ian/.jdks/corretto-21.0.9/lib/server/libjvm.so
7f5b6b264000-7f5b6b463000 ---p 01464000 103:03 25433974                  /home/ian/.jdks/corretto-21.0.9/lib/server/libjvm.so
7f5b6b463000-7f5b6b538000 r--p 01463000 103:03 25433974                  /home/ian/.jdks/corretto-21.0.9/lib/server/libjvm.so
7f5b6b538000-7f5b6b568000 rw-p 01538000 103:03 25433974                  /home/ian/.jdks/corretto-21.0.9/lib/server/libjvm.so
7f5b6b568000-7f5b6b5ce000 rw-p 00000000 00:00 0 
7f5b6b5ce000-7f5b6b5d0000 rw-s 00000000 00:07 1487                       /dev/nvidiactl
7f5b6b5d0000-7f5b6b5d1000 rw-s 00000000 00:07 1487                       /dev/nvidiactl
7f5b6b5d1000-7f5b6b5d2000 rw-s 00000000 00:07 1487                       /dev/nvidiactl
7f5b6b5d2000-7f5b6b5d4000 r--p 00000000 103:02 956588                    /usr/lib/libXrender.so.1.3.0
7f5b6b5d4000-7f5b6b5db000 r-xp 00002000 103:02 956588                    /usr/lib/libXrender.so.1.3.0
7f5b6b5db000-7f5b6b5dc000 r--p 00009000 103:02 956588                    /usr/lib/libXrender.so.1.3.0
7f5b6b5dc000-7f5b6b5dd000 r--p 00009000 103:02 956588                    /usr/lib/libXrender.so.1.3.0
7f5b6b5dd000-7f5b6b5de000 rw-p 0000a000 103:02 956588                    /usr/lib/libXrender.so.1.3.0
7f5b6b5de000-7f5b6b5e0000 r--p 00000000 103:02 958841                    /usr/lib/libXrandr.so.2.2.0
7f5b6b5e0000-7f5b6b5e7000 r-xp 00002000 103:02 958841                    /usr/lib/libXrandr.so.2.2.0
7f5b6b5e7000-7f5b6b5e9000 r--p 00009000 103:02 958841                    /usr/lib/libXrandr.so.2.2.0
7f5b6b5e9000-7f5b6b5ea000 r--p 0000a000 103:02 958841                    /usr/lib/libXrandr.so.2.2.0
7f5b6b5ea000-7f5b6b5eb000 rw-p 0000b000 103:02 958841                    /usr/lib/libXrandr.so.2.2.0
7f5b6b5eb000-7f5b6b5ee000 r--p 00000000 103:02 956093                    /usr/lib/libXi.so.6.1.0
7f5b6b5ee000-7f5b6b5fb000 r-xp 00003000 103:02 956093                    /usr/lib/libXi.so.6.1.0
7f5b6b5fb000-7f5b6b5fe000 r--p 00010000 103:02 956093                    /usr/lib/libXi.so.6.1.0
7f5b6b5fe000-7f5b6b5ff000 r--p 00012000 103:02 956093                    /usr/lib/libXi.so.6.1.0
7f5b6b5ff000-7f5b6b600000 rw-p 00013000 103:02 956093                    /usr/lib/libXi.so.6.1.0
7f5b6b600000-7f5b6b624000 r--p 00000000 103:02 920573                    /usr/lib/libc.so.6
7f5b6b624000-7f5b6b79f000 r-xp 00024000 103:02 920573                    /usr/lib/libc.so.6
7f5b6b79f000-7f5b6b815000 r--p 0019f000 103:02 920573                    /usr/lib/libc.so.6
7f5b6b815000-7f5b6b819000 r--p 00214000 103:02 920573                    /usr/lib/libc.so.6
7f5b6b819000-7f5b6b81b000 rw-p 00218000 103:02 920573                    /usr/lib/libc.so.6
7f5b6b81b000-7f5b6b823000 rw-p 00000000 00:00 0 
7f5b6b823000-7f5b6b824000 r--p 00000000 103:02 958720                    /usr/lib/libXinerama.so.1.0.0
7f5b6b824000-7f5b6b825000 r-xp 00001000 103:02 958720                    /usr/lib/libXinerama.so.1.0.0
7f5b6b825000-7f5b6b826000 r--p 00002000 103:02 958720                    /usr/lib/libXinerama.so.1.0.0
7f5b6b826000-7f5b6b827000 r--p 00002000 103:02 958720                    /usr/lib/libXinerama.so.1.0.0
7f5b6b827000-7f5b6b828000 rw-p 00003000 103:02 958720                    /usr/lib/libXinerama.so.1.0.0
7f5b6b828000-7f5b6b82c000 r--p 00000000 103:02 955953                    /usr/lib/libXext.so.6.4.0
7f5b6b82c000-7f5b6b837000 r-xp 00004000 103:02 955953                    /usr/lib/libXext.so.6.4.0
7f5b6b837000-7f5b6b83a000 r--p 0000f000 103:02 955953                    /usr/lib/libXext.so.6.4.0
7f5b6b83a000-7f5b6b83b000 r--p 00011000 103:02 955953                    /usr/lib/libXext.so.6.4.0
7f5b6b83b000-7f5b6b83c000 rw-p 00012000 103:02 955953                    /usr/lib/libXext.so.6.4.0
7f5b6b83c000-7f5b6b83d000 r--p 00000000 103:02 958373                    /usr/lib/libXxf86vm.so.1.0.0
7f5b6b83d000-7f5b6b840000 r-xp 00001000 103:02 958373                    /usr/lib/libXxf86vm.so.1.0.0
7f5b6b840000-7f5b6b841000 r--p 00004000 103:02 958373                    /usr/lib/libXxf86vm.so.1.0.0
7f5b6b841000-7f5b6b842000 r--p 00004000 103:02 958373                    /usr/lib/libXxf86vm.so.1.0.0
7f5b6b842000-7f5b6b843000 rw-p 00005000 103:02 958373                    /usr/lib/libXxf86vm.so.1.0.0
7f5b6b843000-7f5b6b845000 r--p 00000000 103:02 952778                    /usr/lib/libXdmcp.so.6.0.0
7f5b6b845000-7f5b6b847000 r-xp 00002000 103:02 952778                    /usr/lib/libXdmcp.so.6.0.0
7f5b6b847000-7f5b6b849000 r--p 00004000 103:02 952778                    /usr/lib/libXdmcp.so.6.0.0
7f5b6b849000-7f5b6b84a000 r--p 00005000 103:02 952778                    /usr/lib/libXdmcp.so.6.0.0
7f5b6b84a000-7f5b6b84b000 rw-p 00006000 103:02 952778                    /usr/lib/libXdmcp.so.6.0.0
7f5b6b84b000-7f5b6b8c9000 rw-p 00000000 00:00 0 
7f5b6b8c9000-7f5b6b8d9000 r--p 00000000 103:02 920590                    /usr/lib/libm.so.6
7f5b6b8d9000-7f5b6b975000 r-xp 00010000 103:02 920590                    /usr/lib/libm.so.6
7f5b6b975000-7f5b6b9fe000 r--p 000ac000 103:02 920590                    /usr/lib/libm.so.6
7f5b6b9fe000-7f5b6b9ff000 r--p 00134000 103:02 920590                    /usr/lib/libm.so.6
7f5b6b9ff000-7f5b6ba00000 rw-p 00135000 103:02 920590                    /usr/lib/libm.so.6
7f5b6ba00000-7f5b6ba0f000 r-xp 00000000 103:03 25433955                  /home/ian/.jdks/corretto-21.0.9/lib/libjli.so
7f5b6ba0f000-7f5b6bc0f000 ---p 0000f000 103:03 25433955                  /home/ian/.jdks/corretto-21.0.9/lib/libjli.so
7f5b6bc0f000-7f5b6bc10000 r--p 0000f000 103:03 25433955                  /home/ian/.jdks/corretto-21.0.9/lib/libjli.so
7f5b6bc10000-7f5b6bc11000 rw-p 00010000 103:03 25433955                  /home/ian/.jdks/corretto-21.0.9/lib/libjli.so
7f5b6bc11000-7f5b6bc12000 r--s 00000000 00:07 1487                       /dev/nvidiactl
7f5b6bc12000-7f5b6bc13000 rw-p 00000000 00:00 0 
7f5b6bc13000-7f5b6bc14000 r-xp 00033000 00:2e 1049                       /tmp/lwjgl_ian/3.4.0+20/x64/liblwjgl.so
7f5b6bc14000-7f5b6bc15000 rw-p 00000000 00:00 0 
7f5b6bc15000-7f5b6bc16000 r--p 00000000 103:02 952781                    /usr/lib/libXau.so.6.0.0
7f5b6bc16000-7f5b6bc17000 r-xp 00001000 103:02 952781                    /usr/lib/libXau.so.6.0.0
7f5b6bc17000-7f5b6bc18000 r--p 00002000 103:02 952781                    /usr/lib/libXau.so.6.0.0
7f5b6bc18000-7f5b6bc19000 r--p 00002000 103:02 952781                    /usr/lib/libXau.so.6.0.0
7f5b6bc19000-7f5b6bc1a000 rw-p 00003000 103:02 952781                    /usr/lib/libXau.so.6.0.0
7f5b6bc1a000-7f5b6bc26000 r--p 00000000 103:02 952866                    /usr/lib/libxcb.so.1.1.0
7f5b6bc26000-7f5b6bc3a000 r-xp 0000c000 103:02 952866                    /usr/lib/libxcb.so.1.1.0
7f5b6bc3a000-7f5b6bc43000 r--p 00020000 103:02 952866                    /usr/lib/libxcb.so.1.1.0
7f5b6bc43000-7f5b6bc44000 r--p 00028000 103:02 952866                    /usr/lib/libxcb.so.1.1.0
7f5b6bc44000-7f5b6bc45000 rw-p 00029000 103:02 952866                    /usr/lib/libxcb.so.1.1.0
7f5b6bc45000-7f5b6bc8d000 rw-p 00000000 00:00 0 
7f5b6bc8d000-7f5b6bc93000 ---p 00000000 00:00 0 
7f5b6bc93000-7f5b6bc9b000 rw-s 00000000 00:2e 1187                       /tmp/hsperfdata_ian/80413
7f5b6bc9b000-7f5b6bc9c000 ---p 00000000 00:00 0 
7f5b6bc9c000-7f5b6bc9d000 r--p 00000000 00:00 0 
7f5b6bc9d000-7f5b6bc9e000 ---p 00000000 00:00 0 
7f5b6bc9e000-7f5b6bc9f000 r--p 00000000 103:02 920618                    /usr/lib/librt.so.1
7f5b6bc9f000-7f5b6bca0000 r-xp 00001000 103:02 920618                    /usr/lib/librt.so.1
7f5b6bca0000-7f5b6bca1000 r--p 00002000 103:02 920618                    /usr/lib/librt.so.1
7f5b6bca1000-7f5b6bca2000 r--p 00002000 103:02 920618                    /usr/lib/librt.so.1
7f5b6bca2000-7f5b6bca3000 rw-p 00003000 103:02 920618                    /usr/lib/librt.so.1
7f5b6bca3000-7f5b6bca7000 rw-p 00000000 00:00 0 
7f5b6bca7000-7f5b6bca8000 r--p 00000000 103:02 920583                    /usr/lib/libdl.so.2
7f5b6bca8000-7f5b6bca9000 r-xp 00001000 103:02 920583                    /usr/lib/libdl.so.2
7f5b6bca9000-7f5b6bcaa000 r--p 00002000 103:02 920583                    /usr/lib/libdl.so.2
7f5b6bcaa000-7f5b6bcab000 r--p 00002000 103:02 920583                    /usr/lib/libdl.so.2
7f5b6bcab000-7f5b6bcac000 rw-p 00003000 103:02 920583                    /usr/lib/libdl.so.2
7f5b6bcac000-7f5b6bcad000 r--p 00000000 103:02 920613                    /usr/lib/libpthread.so.0
7f5b6bcad000-7f5b6bcae000 r-xp 00001000 103:02 920613                    /usr/lib/libpthread.so.0
7f5b6bcae000-7f5b6bcaf000 r--p 00002000 103:02 920613                    /usr/lib/libpthread.so.0
7f5b6bcaf000-7f5b6bcb0000 r--p 00002000 103:02 920613                    /usr/lib/libpthread.so.0
7f5b6bcb0000-7f5b6bcb1000 rw-p 00003000 103:02 920613                    /usr/lib/libpthread.so.0
7f5b6bcb1000-7f5b6bcb4000 r--p 00000000 103:02 924378                    /usr/lib/libz.so.1.3.2
7f5b6bcb4000-7f5b6bcc4000 r-xp 00003000 103:02 924378                    /usr/lib/libz.so.1.3.2
7f5b6bcc4000-7f5b6bcca000 r--p 00013000 103:02 924378                    /usr/lib/libz.so.1.3.2
7f5b6bcca000-7f5b6bccb000 r--p 00018000 103:02 924378                    /usr/lib/libz.so.1.3.2
7f5b6bccb000-7f5b6bccc000 rw-p 00019000 103:02 924378                    /usr/lib/libz.so.1.3.2
7f5b6bccc000-7f5b6bcce000 rw-p 00000000 00:00 0 
7f5b6bcce000-7f5b6bd07000 r--p 00000000 103:02 2360067                   /etc/ld.so.cache
7f5b6bd07000-7f5b6bd0b000 r--p 00000000 00:00 0                          [vvar]
7f5b6bd0b000-7f5b6bd0d000 r--p 00000000 00:00 0                          [vvar_vclock]
7f5b6bd0d000-7f5b6bd0f000 r-xp 00000000 00:00 0                          [vdso]
7f5b6bd0f000-7f5b6bd10000 r--p 00000000 103:02 920562                    /usr/lib/ld-linux-x86-64.so.2
7f5b6bd10000-7f5b6bd3d000 r-xp 00001000 103:02 920562                    /usr/lib/ld-linux-x86-64.so.2
7f5b6bd3d000-7f5b6bd4c000 r--p 0002e000 103:02 920562                    /usr/lib/ld-linux-x86-64.so.2
7f5b6bd4c000-7f5b6bd4e000 r--p 0003d000 103:02 920562                    /usr/lib/ld-linux-x86-64.so.2
7f5b6bd4e000-7f5b6bd4f000 rw-p 0003f000 103:02 920562                    /usr/lib/ld-linux-x86-64.so.2
7f5b6bd4f000-7f5b6bd50000 rw-p 00000000 00:00 0 
7ffc17eaf000-7ffc17ed2000 rw-p 00000000 00:00 0                          [stack]
ffffffffff600000-ffffffffff601000 --xp 00000000 00:00 0                  [vsyscall]
Total number of mappings: 559

JVMTI agents: none


VM Arguments:
jvm_args: -Dfile.encoding=UTF-8 -Duser.country=US -Duser.language=en -Duser.variant 
java_command: net.ice.relic.common.test.VulkanTest
java_class_path (initial): /mnt/Alpha/Users/Ian/Documents/Relic/build/classes/java/main:/mnt/Alpha/Users/Ian/Documents/Relic/build/resources/main:/home/ian/.gradle/caches/modules-2/files-2.1/io.github.spair/imgui-java-app/1.87.0/25624ee3da9585987e9af98d72306dfc6d9f2769/imgui-java-app-1.87.0.jar:/home/ian/.gradle/caches/modules-2/files-2.1/io.github.spair/imgui-java-lwjgl3/1.87.0/a012a5f097de8a0ef879a9fb58b0a8134f5842e1/imgui-java-lwjgl3-1.87.0.jar:/home/ian/.gradle/caches/modules-2/files-2.1/org.lwjgl/lwjgl-assimp/3.4.0/4c958db45767dafbd4ba2a2985cc8e68a6213852/lwjgl-assimp-3.4.0.jar:/home/ian/.gradle/caches/modules-2/files-2.1/org.lwjgl/lwjgl-assimp/3.4.0/c3928509ca1acac49a9a7df5e5692d3e06a96b13/lwjgl-assimp-3.4.0-natives-linux.jar:/home/ian/.gradle/caches/modules-2/files-2.1/org.lwjgl/lwjgl-glfw/3.4.0/bb282ac212eb91f6b2add25ac31dce896f9c5b64/lwjgl-glfw-3.4.0.jar:/home/ian/.gradle/caches/modules-2/files-2.1/org.lwjgl/lwjgl-glfw/3.4.0/268728a68d2dc9bf80d09711e727ac70923d2337/lwjgl-glfw-3.4.0-natives-linux.jar:/home/ian/.gradle/caches/modules-2/files-2.1/org.lwjgl/lwjgl-glfw/3.4.0/770e27000b7a1c945a357a532e2008e65cab3a88/lwjgl-glfw-3.4.0-natives-windows.jar:/home/ian/.gradle/caches/modules-2/files-2.1/org.lwjgl/lwjgl-glfw/3.4.0/5e922dccd48983cc5749e59f36a7ec6c0aa5358f/lwjgl-glfw-3.4.0-natives-macos.jar:/home/ian/.gradle/caches/modules-2/files-2.1/org.lwjgl/lwjgl-glfw/3.4.0/bd93201672fb486ca1db69ed2026470fce1dc802/lwjgl-glfw-3.4.0-natives-macos-arm64.jar:/home/ian/.gradle/caches/modules-2/files-2.1/org.lwjgl/lwjgl-openal/3.4.0/84d61bc4367e21a567fcc4ee9efefd1e11b3cd05/lwjgl-openal-3.4.0.jar:/home/ian/.gradle/caches/modules-2/files-2.1/org.lwjgl/lwjgl-openal/3.4.0/d3920fb7abdb4414ef2232652be0c266db0c1d56/lwjgl-openal-3.4.0-natives-linux.jar:/home/ian/.gradle/caches/modules-2/files-2.1/org.lwjgl/lwjgl-opengl/3.4.0/5947ab24b5dbe93a9e011ac4fd5f8f14dfb138c2/lwjgl-opengl-3.4.0.jar:/home/ian/.gradle/caches/modules-2/files-2.1/org.lwjgl/lwjgl-opengl/3.4.0/b812e19721d2f0656cc4cb665d22d7a001acfd11/lwjgl-opengl-3.4.0-natives-linux.jar:/home/ian/.gradle/caches/modules-2/files-2.1/org.lwjgl/lwjgl-opengl/3.4.0/e8443b8558d12ccffb16248ebfe0d670d3bfdb29/lwjgl-opengl-3.4.0-natives-windows.jar:/home/ian/.gradle/caches/modules-2/files-2.1/org.lwjgl/lwjgl-opengl/3.4.0/4ca0f553caf201a22e16c95a2049a6759bde01f2/lwjgl-opengl-3.4.0-natives-macos.jar:/home/ian/.gradle/caches/modules-2/files-2.1/org.lwjgl/lwjgl-opengl/3.4.0/fb1636c9c8824b639ff51757136c73fbc1efe741/lwjgl-opengl-3.4.0-natives-macos-arm64.jar:/home/ian/.gradle/caches/modules-2/files-2.1/org.lwjgl/lwjgl-openxr/3.4.0/a3fad711516e644cf520951d3a91445546f9983c/lwjgl-openxr-3.4.0.jar:/home/ian/.gradle/caches/modules-2/files-2.1/org.lwjgl/lwjgl-openxr/3.4.0/2c72f1c97c056ded036dfd45a6154375c71fbf88/lwjgl-openxr-3.4.0-natives-linux.jar:/home/ian/.gradle/caches/modules-2/files-2.1/org.lwjgl/lwjgl-shaderc/3.4.0/56f7e5697a40099641de0ecbfc31c6fd958652c7/lwjgl-shaderc-3.4.0.jar:/home/ian/.gradle/caches/modules-2/files-2.1/org.lwjgl/lwjgl-shaderc/3.4.0/fe27fa43588442ca59bd5332d47677c62fba511/lwjgl-shaderc-3.4.0-natives-linux.jar:/home/ian/.gradle/caches/modules-2/files-2.1/org.lwjgl/lwjgl-spvc/3.4.0/126bf8255ac528b00e52cb30e69024872bfaf544/lwjgl-spvc-3.4.0.jar:/home/ian/.gradle/caches/modules-2/files-2.1/org.lwjgl/lwjgl-spvc/3.4.0/4a2864d122b6ede1afb401f51746d08419c958bf/lwjgl-spvc-3.4.0-natives-linux.jar:/home/ian/.gradle/caches/modules-2/files-2.1/org.lwjgl/lwjgl-stb/3.4.0/8bd174a85c684943b6a90281c30cd1037d1faee0/lwjgl-stb-3.4.0.jar:/home/ian/.gradle/caches/modules-2/files-2.1/org.lwjgl/lwjgl-stb/3.4.0/fbd8b32630bc6ea496c6b4f6990587b42dd4e0e5/lwjgl-stb-3.4.0-natives-linux.jar:/home/ian/.gradle/caches/modules-2/files-2.1/org.lwjgl/lwjgl-vulkan/3.4.0/ee2126cfa8fafe86163fc0359c99403099e50e17/lwjgl-vulkan-3.4.0.jar:/home/ian/.gradle/caches/modules-2/files-2.1/org.lwjgl/lwjgl/3.4.0/201de49386cbba233b36eca434ce9e56345a5f8a/lwjgl-3.4.0.jar:/home/ian/.gradle/caches/modules-2/files-2.1/org.lwjgl/lwjgl/3.4.0/dd278b9fb054ec4fca53b3e49c67f4ff26b82c4/lwjgl-3.4.0-natives-linux.jar:/home/ian/.gradle/caches/modules-2/files-2.1/org.lwjgl/lwjgl/3.4.0/93e881238b992ab309c3d58d60976586b3dfe810/lwjgl-3.4.0-natives-windows.jar:/home/ian/.gradle/caches/modules-2/files-2.1/org.lwjgl/lwjgl/3.4.0/de0814d1d5b233eb9a25d07424e7880817094451/lwjgl-3.4.0-natives-macos.jar:/home/ian/.gradle/caches/modules-2/files-2.1/org.lwjgl/lwjgl/3.4.0/416aa822485e7e877ac542e315a820d28f50b32a/lwjgl-3.4.0-natives-macos-arm64.jar:/home/ian/.gradle/caches/modules-2/files-2.1/org.reflections/reflections/0.10.2/b638d7ca0e0fe0146b60a0e7ba232ad852a73b31/reflections-0.10.2.jar:/home/ian/.gradle/caches/modules-2/files-2.1/io.github.classgraph/classgraph/4.8.189/41ccda0596fd4431ce9feac34458143294448139/classgraph-4.8.189.jar:/home/ian/.gradle/caches/modules-2/files-2.1/org.joml/joml/1.10.7/f8c3f2e7db281bde099342dd36133de4bbba390c/joml-1.10.7.jar:/home/ian/.gradle/caches/modules-2/files-2.1/org.tinylog/tinylog-impl/2.7.0/46a5d4d50d3302460a5143e51befdb7245ccba5d/tinylog-impl-2.7.0.jar:/home/ian/.gradle/caches/modules-2/files-2.1/org.tinylog/tinylog-api/2.7.0/17875aa7c4acfee6a9e9a83a5d1469cc0411be40/tinylog-api-2.7.0.jar:/home/ian/.gradle/caches/modules-2/files-2.1/org.javassist/javassist/3.28.0-GA/9a958811a88381bb159cc2f5ed79c34a45c4af7a/javassist-3.28.0-GA.jar:/home/ian/.gradle/caches/modules-2/files-2.1/com.google.code.findbugs/jsr305/3.0.2/25ea2e8b0c338a877313bd4672d3fe056ea78f0d/jsr305-3.0.2.jar:/home/ian/.gradle/caches/modules-2/files-2.1/org.slf4j/slf4j-api/1.7.32/cdcff33940d9f2de763bc41ea05a0be5941176c3/slf4j-api-1.7.32.jar:/home/ian/.gradle/caches/modules-2/files-2.1/org.jetbrains.kotlin/kotlin-stdlib-jdk8/1.8.20/73576ddf378c5b4f1f6b449fe6b119b8183fc078/kotlin-stdlib-jdk8-1.8.20.jar:/home/ian/.gradle/caches/modules-2/files-2.1/io.github.spair/imgui-java-binding/1.87.0/d4aaefccf68831f6ba75823b945ba1400278e3e7/imgui-java-binding-1.87.0.jar:/home/ian/.gradle/caches/modules-2/files-2.1/org.jetbrains.kotlin/kotlin-stdlib-jdk7/1.8.20/3aa51faf20aae8b31e1a4bc54f8370673d7b7df4/kotlin-stdlib-jdk7-1.8.20.jar:/home/ian/.gradle/caches/modules-2/files-2.1/org.jetbrains.kotlin/kotlin-stdlib/1.8.20/e72fc5e03ec6c064c678a6bd0d955c88d55b0c4a/kotlin-stdlib-1.8.20.jar:/home/ian/.gradle/caches/modules-2/files-2.1/org.jetbrains.kotlin/kotlin-stdlib-common/1.8.20/5eddaaf234c8c49d03eebeb6a14feb7f90faca71/kotlin-stdlib-common-1.8.20.jar:/home/ian/.gradle/caches/modules-2/files-2.1/org.jetbrains/annotations/13.0/919f0dfe192fb4e063e7dacadee7f8bb9a2672a9/annotations-13.0.jar
Launcher Type: SUN_STANDARD

[Global flags]
     intx CICompilerCount                          = 12                                        {product} {ergonomic}
     uint ConcGCThreads                            = 5                                         {product} {ergonomic}
     uint G1ConcRefinementThreads                  = 18                                        {product} {ergonomic}
   size_t G1HeapRegionSize                         = 8388608                                   {product} {ergonomic}
    uintx GCDrainStackTargetSize                   = 64                                        {product} {ergonomic}
   size_t InitialHeapSize                          = 1056964608                                {product} {ergonomic}
   size_t MarkStackSize                            = 4194304                                   {product} {ergonomic}
   size_t MaxHeapSize                              = 16793993216                               {product} {ergonomic}
   size_t MaxNewSize                               = 10074718208                               {product} {ergonomic}
   size_t MinHeapDeltaBytes                        = 8388608                                   {product} {ergonomic}
   size_t MinHeapSize                              = 8388608                                   {product} {ergonomic}
    uintx NonNMethodCodeHeapSize                   = 7602480                                {pd product} {ergonomic}
    uintx NonProfiledCodeHeapSize                  = 122027880                              {pd product} {ergonomic}
    uintx ProfiledCodeHeapSize                     = 122027880                              {pd product} {ergonomic}
    uintx ReservedCodeCacheSize                    = 251658240                              {pd product} {ergonomic}
     bool SegmentedCodeCache                       = true                                      {product} {ergonomic}
   size_t SoftMaxHeapSize                          = 16793993216                            {manageable} {ergonomic}
     bool UseCompressedOops                        = true                           {product lp64_product} {ergonomic}
     bool UseG1GC                                  = true                                      {product} {ergonomic}

Logging:
Log output configuration:
 #0: stdout all=warning uptime,level,tags foldmultilines=false
 #1: stderr all=off uptime,level,tags foldmultilines=false

Release file:
IMPLEMENTOR="Amazon.com Inc."
IMPLEMENTOR_VERSION="Corretto-21.0.9.11.1"
JAVA_RUNTIME_VERSION="21.0.9+11-LTS"
JAVA_VERSION="21.0.9"
JAVA_VERSION_DATE="2025-10-21"
LIBC="gnu"
MODULES="java.base java.compiler java.datatransfer java.xml java.prefs java.desktop java.instrument java.logging java.management java.security.sasl java.naming java.rmi java.management.rmi java.net.http java.scripting java.security.jgss java.transaction.xa java.sql java.sql.rowset java.xml.crypto java.se java.smartcardio jdk.accessibility jdk.internal.jvmstat jdk.attach jdk.charsets jdk.internal.opt jdk.zipfs jdk.compiler jdk.crypto.ec jdk.crypto.cryptoki jdk.dynalink jdk.internal.ed jdk.editpad jdk.hotspot.agent jdk.httpserver jdk.incubator.vector jdk.internal.le jdk.internal.vm.ci jdk.internal.vm.compiler jdk.internal.vm.compiler.management jdk.jartool jdk.javadoc jdk.jcmd jdk.management jdk.management.agent jdk.jconsole jdk.jdeps jdk.jdwp.agent jdk.jdi jdk.jfr jdk.jlink jdk.jpackage jdk.jshell jdk.jsobject jdk.jstatd jdk.localedata jdk.management.jfr jdk.naming.dns jdk.naming.rmi jdk.net jdk.nio.mapmode jdk.random jdk.sctp jdk.security.auth jdk.security.jgss jdk.unsupported jdk.unsupported.desktop jdk.xml.dom"
OS_ARCH="x86_64"
OS_NAME="Linux"
SOURCE=".:git:b9ba2fcc52e6+"

Environment Variables:
PATH=/usr/local/sbin:/usr/local/bin:/usr/bin:/var/lib/flatpak/exports/bin:/usr/lib/jvm/default/bin:/usr/bin/site_perl:/usr/bin/vendor_perl:/usr/bin/core_perl
SHELL=/usr/bin/bash
DISPLAY=:1
LANG=en_US.UTF-8

Active Locale:
LC_ALL=en_US.UTF-8
LC_COLLATE=en_US.UTF-8
LC_CTYPE=en_US.UTF-8
LC_MESSAGES=en_US.UTF-8
LC_MONETARY=en_US.UTF-8
LC_NUMERIC=en_US.UTF-8
LC_TIME=en_US.UTF-8

Signal Handlers:
   SIGSEGV: crash_handler in libjvm.so, mask=11100100010111111101111111111110, flags=SA_RESTART|SA_SIGINFO, unblocked
    SIGBUS: crash_handler in libjvm.so, mask=11100100010111111101111111111110, flags=SA_RESTART|SA_SIGINFO, unblocked
    SIGFPE: crash_handler in libjvm.so, mask=11100100010111111101111111111110, flags=SA_RESTART|SA_SIGINFO, unblocked
   SIGPIPE: javaSignalHandler in libjvm.so, mask=11100100010111111101111111111110, flags=SA_RESTART|SA_SIGINFO, blocked
   SIGXFSZ: javaSignalHandler in libjvm.so, mask=11100100010111111101111111111110, flags=SA_RESTART|SA_SIGINFO, blocked
    SIGILL: crash_handler in libjvm.so, mask=11100100010111111101111111111110, flags=SA_RESTART|SA_SIGINFO, unblocked
   SIGUSR2: SR_handler in libjvm.so, mask=00000000000000000000000000000000, flags=SA_RESTART|SA_SIGINFO, blocked
    SIGHUP: UserHandler in libjvm.so, mask=11100100010111111101111111111110, flags=SA_RESTART|SA_SIGINFO, blocked
    SIGINT: UserHandler in libjvm.so, mask=11100100010111111101111111111110, flags=SA_RESTART|SA_SIGINFO, blocked
   SIGTERM: UserHandler in libjvm.so, mask=11100100010111111101111111111110, flags=SA_RESTART|SA_SIGINFO, blocked
   SIGQUIT: UserHandler in libjvm.so, mask=11100100010111111101111111111110, flags=SA_RESTART|SA_SIGINFO, blocked
   SIGTRAP: crash_handler in libjvm.so, mask=11100100010111111101111111111110, flags=SA_RESTART|SA_SIGINFO, unblocked


Periodic native trim disabled

---------------  S Y S T E M  ---------------

OS:
DISTRIB_ID="Arch"
DISTRIB_RELEASE="rolling"
DISTRIB_DESCRIPTION="Arch Linux"
uname: Linux 7.1.8-arch1-3 #1 SMP PREEMPT_DYNAMIC Tue, 11 Aug 2026 09:16:08 +0000 x86_64
OS uptime: 0 days 10:17 hours
libc: glibc 2.44 NPTL 2.44 
rlimit (soft/hard): STACK 8192k/infinity , CORE infinity/infinity , NPROC 255612/255612 , NOFILE 524288/524288 , AS infinity/infinity , CPU infinity/infinity , DATA infinity/infinity , FSIZE infinity/infinity , MEMLOCK 8192k/8192k
load average: 4.96 3.76 3.46

/proc/meminfo:
MemTotal:       65592528 kB
MemFree:        34126940 kB
MemAvailable:   47589992 kB
Buffers:         2187388 kB
Cached:         10485644 kB
SwapCached:            0 kB
Active:         17880784 kB
Inactive:       10242096 kB
Active(anon):   14433012 kB
Inactive(anon):        0 kB
Active(file):    3447772 kB
Inactive(file): 10242096 kB
Unevictable:       24252 kB
Mlocked:            2156 kB
SwapTotal:      32797692 kB
SwapFree:       32797692 kB
Zswap:                 0 kB
Zswapped:              0 kB
Dirty:              8848 kB
Writeback:             0 kB
AnonPages:      15075412 kB
Mapped:          4313756 kB
Shmem:            731516 kB
KReclaimable:     506520 kB
Slab:             958604 kB
SReclaimable:     506520 kB
SUnreclaim:       452084 kB
KernelStack:       49792 kB
PageTables:       128752 kB
SecPageTables:         0 kB
NFS_Unstable:          0 kB
Bounce:                0 kB
WritebackTmp:          0 kB
CommitLimit:    65593956 kB
Committed_AS:   38964864 kB
VmallocTotal:   34359738367 kB
VmallocUsed:      336852 kB
VmallocChunk:          0 kB
Percpu:            19008 kB
HardwareCorrupted:     0 kB
AnonHugePages:   6168576 kB
ShmemHugePages:    18432 kB
ShmemPmdMapped:        0 kB
FileHugePages:   1884160 kB
FilePmdMapped:   1228800 kB
CmaTotal:              0 kB
CmaFree:               0 kB
Unaccepted:            0 kB
Balloon:               0 kB
GPUActive:             0 kB
GPUReclaim:            0 kB
HugePages_Total:       0
HugePages_Free:        0
HugePages_Rsvd:        0
HugePages_Surp:        0
Hugepagesize:       2048 kB
Hugetlb:               0 kB
DirectMap4k:     3972876 kB
DirectMap2M:    31436800 kB
DirectMap1G:    31457280 kB

/sys/kernel/mm/transparent_hugepage/enabled: [always] madvise never
/sys/kernel/mm/transparent_hugepage/hpage_pmd_size: 2097152
/sys/kernel/mm/transparent_hugepage/defrag (defrag/compaction efforts parameter): always defer defer+madvise [madvise] never

Process Memory:
Virtual Size: 20971448K (peak: 21071480K)
Resident Set Size: 804048K (peak: 804048K) (anon: 247552K, file: 546000K, shmem: 10496K)
Swapped out: 0K
C-Heap outstanding allocations: 480422K, retained: 53005K
glibc malloc tunables: (default)

/proc/sys/kernel/threads-max (system-wide limit on the number of threads): 511224
/proc/sys/vm/max_map_count (maximum number of memory map areas a process may have): 1048576
/proc/sys/vm/swappiness (control to define how aggressively the kernel swaps out anonymous memory): 60
/proc/sys/kernel/pid_max (system-wide limit on number of process identifiers): 4194304

container information not found.
Steal ticks since vm start: 0
Steal ticks percentage since vm start:  0.000

CPU: total 24 (initial active 24) (24 cores per cpu, 1 threads per core) family 6 model 151 stepping 2 microcode 0x3e, cx8, cmov, fxsr, mmx, 3dnowpref, sse, sse2, sse3, ssse3, sse4.1, sse4.2, popcnt, lzcnt, tsc, tscinvbit, avx, avx2, aes, erms, clmul, bmi1, bmi2, adx, sha, fma, vzeroupper, clflush, clflushopt, clwb, serialize, rdtscp, rdpid, fsrm, f16c, pku, ospke, cet_ibt, cet_ss
CPU Model and flags from /proc/cpuinfo:
model name	: 12th Gen Intel(R) Core(TM) i9-12900K
flags		: fpu vme de pse tsc msr pae mce cx8 apic sep mtrr pge mca cmov pat pse36 clflush dts acpi mmx fxsr sse sse2 ss ht tm pbe syscall nx pdpe1gb rdtscp lm constant_tsc art arch_perfmon pebs bts rep_good nopl xtopology nonstop_tsc cpuid aperfmperf tsc_known_freq pni pclmulqdq dtes64 monitor ds_cpl vmx smx est tm2 ssse3 sdbg fma cx16 xtpr pdcm pcid sse4_1 sse4_2 x2apic movbe popcnt tsc_deadline_timer aes xsave avx f16c rdrand lahf_lm abm 3dnowprefetch cpuid_fault ssbd ibrs ibpb stibp ibrs_enhanced tpr_shadow flexpriority ept vpid ept_ad fsgsbase tsc_adjust bmi1 avx2 smep bmi2 erms invpcid rdseed adx smap clflushopt clwb intel_pt sha_ni xsaveopt xsavec xgetbv1 xsaves split_lock_detect user_shstk avx_vnni dtherm ida arat pln pts hwp hwp_notify hwp_act_window hwp_epp hwp_pkg_req hfi vnmi umip pku ospke waitpkg gfni vaes vpclmulqdq rdpid movdiri movdir64b fsrm md_clear serialize pconfig arch_lbr ibt flush_l1d arch_capabilities

Online cpus: 0-23
Offline cpus: 
BIOS frequency limitation: <Not Available>
Frequency switch latency (ns): 0
Available cpu frequencies: <Not Available>
Current governor: powersave
Core performance/turbo boost: <Not Available>

Memory: 4k page, physical 65592528k(47589584k free), swap 32797692k(32797692k free)
Page Sizes: 4k

vm_info: OpenJDK 64-Bit Server VM (21.0.9+11-LTS) for linux-amd64 JRE (21.0.9+11-LTS), built on 2025-10-31T19:29:38Z by "jenkins" with gcc 7.3.1 20180303 (Red Hat 7.3.1-5)

END.
