#
# A fatal error has been detected by the Java Runtime Environment:
#
#  SIGSEGV (0xb) at pc=0x00007f93c68781be, pid=79635, tid=79636
#
# JRE version: OpenJDK Runtime Environment Corretto-21.0.9.11.1 (21.0.9+11) (build 21.0.9+11-LTS)
# Java VM: OpenJDK 64-Bit Server VM Corretto-21.0.9.11.1 (21.0.9+11-LTS, mixed mode, sharing, tiered, compressed oops, compressed class ptrs, g1 gc, linux-amd64)
# Problematic frame:
# C  [libnvidia-glcore.so.610.57.04+0x10781be]
#
# Core dump will be written. Default location: Core dumps may be processed with "/usr/lib/systemd/systemd-coredump %P %u %g %s %t %c %h %d %F %I" (or dumping to /mnt/Alpha/Users/Ian/Documents/Relic/core.79635)
#
# If you would like to submit a bug report, please visit:
#   https://github.com/corretto/corretto-21/issues/
# The crash happened outside the Java Virtual Machine in native code.
# See problematic frame for where to report the bug.
#

---------------  S U M M A R Y ------------

Command Line: -Dfile.encoding=UTF-8 -Duser.country=US -Duser.language=en -Duser.variant net.ice.relic.common.test.VulkanTest

Host: 12th Gen Intel(R) Core(TM) i9-12900K, 24 cores, 62G, Arch Linux
Time: Wed Aug 19 17:43:02 2026 EDT elapsed time: 3.117240 seconds (0d 0h 0m 3s)

---------------  T H R E A D  ---------------

Current thread (0x00007f949402ceb0):  JavaThread "main"             [_thread_in_native, id=79636, stack(0x00007f9498f00000,0x00007f9499000000) (1024K)]

Stack: [0x00007f9498f00000,0x00007f9499000000],  sp=0x00007f9498ffd290,  free space=1012k
Native frames: (J=compiled Java code, j=interpreted, Vv=VM code, C=native code)
C  [libnvidia-glcore.so.610.57.04+0x10781be]
Java frames: (J=compiled Java code, j=interpreted, Vv=VM code)
J 2715  org.lwjgl.opengl.GL32C.glFenceSync(II)J (0 bytes) @ 0x00007f94844a48fc [0x00007f94844a48a0+0x000000000000005c]
J 2761 c1 net.ice.curio.library.opengl.object.GLFence.sync()V (11 bytes) @ 0x00007f947ccf1504 [0x00007f947ccf1440+0x00000000000000c4]
j  net.ice.relic.core.rendering.backend.opengl.renderers.GLGuiRenderer.render()V+265
j  net.ice.relic.core.rendering.backend.opengl.GLRenderer.render()V+89
j  net.ice.relic.application.RelicApplication.loop()V+112
j  net.ice.relic.application.RelicApplication.run()V+5
j  net.ice.relic.common.test.VulkanTest.main([Ljava/lang/String;)V+8
v  ~StubRoutines::call_stub 0x00007f9483c5fcc6

siginfo: si_signo: 11 (SIGSEGV), si_code: 128 (SI_KERNEL), si_addr: 0x0000000000000000

Registers:
RAX=0x00ffffff00ffffff, RBX=0x00007f93b80056a0, RCX=0x0000000000000000, RDX=0x00007f9494f6f7a0
RSP=0x00007f9498ffd290, RBP=0x00007f93b80056a0, RSI=0x0000000000000001, RDI=0x00007f93b80056a0
R8 =0x00007f94947b6720, R9 =0x0000000000002599, R10=0x0000000000002566, R11=0x00007f9498ffd318
R12=0x00007f94956925d0, R13=0x0000000000000001, R14=0x0000000000002598, R15=0x0000000000000001
RIP=0x00007f93c68781be, EFLAGS=0x0000000000010206, CSGSFS=0x002b000000000033, ERR=0x0000000000000000
  TRAPNO=0x000000000000000d

XMM[0]=0x0000000000000278 0x000000001faf7780
XMM[1]=0x0000000000000000 0x417d689080000000
XMM[2]=0x0000000000000000 0x43e0000000000000
XMM[3]=0x0000000000000000 0x0000000000000006
XMM[4]=0x0000000000000000 0x0000000000000000
XMM[5]=0x0000000000000000 0x0000000000000000
XMM[6]=0x0000000000000000 0x0000000000000000
XMM[7]=0x000000000000004c 0x0000000000000000
XMM[8]=0x0195019401920194 0x0193019201910190
XMM[9]=0x0000000000000000 0x000000003f7d0000
XMM[10]=0x0000000000000000 0x000000003e400000
XMM[11]=0x0000000000000000 0x00000000bfa2e4e0
XMM[12]=0x0000000000000000 0x0000000041bf5328
XMM[13]=0x0000000000000000 0x0000000042f40000
XMM[14]=0x0000000000000000 0x00000000433f0000
XMM[15]=0x0000000000000000 0x00000000439fc000
  MXCSR=0x00001fa2


Register to memory mapping:

RAX=0x00ffffff00ffffff is an unknown value
RBX=0x00007f93b80056a0 points into unknown readable memory: 0x0000000000001000 | 00 10 00 00 00 00 00 00
RCX=0x0 is null
RDX=0x00007f9494f6f7a0 points into unknown readable memory: 0x00ffffff00ffffff | ff ff ff 00 ff ff ff 00
RSP=0x00007f9498ffd290 is pointing into the stack for thread: 0x00007f949402ceb0
RBP=0x00007f93b80056a0 points into unknown readable memory: 0x0000000000001000 | 00 10 00 00 00 00 00 00
RSI=0x0000000000000001 is an unknown value
RDI=0x00007f93b80056a0 points into unknown readable memory: 0x0000000000001000 | 00 10 00 00 00 00 00 00
R8 =0x00007f94947b6720 points into unknown readable memory: 0x00007f93c7ef5750 | 50 57 ef c7 93 7f 00 00
R9 =0x0000000000002599 is an unknown value
R10=0x0000000000002566 is an unknown value
R11=0x00007f9498ffd318 is pointing into the stack for thread: 0x00007f949402ceb0
R12=0x00007f94956925d0 points into unknown readable memory: 0x0000000000000000 | 00 00 00 00 00 00 00 00
R13=0x0000000000000001 is an unknown value
R14=0x0000000000002598 is an unknown value
R15=0x0000000000000001 is an unknown value

Top of Stack: (sp=0x00007f9498ffd290)
0x00007f9498ffd290:   00007f93b80056a0 00007f93b80056a0
0x00007f9498ffd2a0:   00007f94956925d0 00007f93c62b466f
0x00007f9498ffd2b0:   0000000000000002 00007f93b80056a0
0x00007f9498ffd2c0:   0000000000027800 0000000000002599
0x00007f9498ffd2d0:   0000000000002598 00007f93c62c5caf
0x00007f9498ffd2e0:   0000000000002566 0000000000002599
0x00007f9498ffd2f0:   0000000000002501 00007f93c6372a83
0x00007f9498ffd300:   0000000100008000 00007f9388ce2ef0
0x00007f9498ffd310:   beef0100cef80000 00007f94064bee00
0x00007f9498ffd320:   00007f93b80056a0 00007f93b80055d0
0x00007f9498ffd330:   00007f93b80056a0 0000000000000002
0x00007f9498ffd340:   00007f93b802c438 0000000000000d98
0x00007f9498ffd350:   00000000000001d3 00007f93c62c35df
0x00007f9498ffd360:   00007f93b802c458 00007f93b80056a0
0x00007f9498ffd370:   00007f93b8001410 00007f93c6877cba
0x00007f9498ffd380:   000000041706d5b8 0000000000000d98
0x00007f9498ffd390:   00007f93b802c418 0000000000000000
0x00007f9498ffd3a0:   00007f9400000000 00007f9498ffd3e0
0x00007f9498ffd3b0:   00007f9388cef118 0000000000000cb0
0x00007f9498ffd3c0:   00007f9498ffd420 00007f93b80012d0
0x00007f9498ffd3d0:   000000041706d5b8 00007f9498ffd3d8
0x00007f9498ffd3e0:   00007f940bc06751 0000000000000005
0x00007f9498ffd3f0:   00007f940b461218 0000000000000000
0x00007f9498ffd400:   00000007ff88cab8 00007f93b80056a0
0x00007f9498ffd410:   00007f93b80056a0 0000000000000000
0x00007f9498ffd420:   00007f9498ffd838 0000000000000000
0x00007f9498ffd430:   0000000000000000 00007f93c62c34c5
0x00007f9498ffd440:   00007f9498ffe0f0 00007f93b8001410
0x00007f9498ffd450:   0000000046730630 00007f93c61ea311
0x00007f9498ffd460:   00007f9498ffd4c0 00007f9483c672f2
0x00007f9498ffd470:   000000045303e8d0 00007f9498ffe0f0
0x00007f9498ffd480:   00007f940b7453f9 0000000000000002 

Instructions: (pc=0x00007f93c68781be)
0x00007f93c68780be:   00 00 ff d2 84 c0 0f 85 07 fe ff ff 49 8b bc 24
0x00007f93c68780ce:   50 01 00 00 48 8b 07 e9 e7 fd ff ff 66 0f 1f 44
0x00007f93c68780de:   00 00 48 8b 83 80 00 00 00 8b 93 50 03 00 00 c7
0x00007f93c68780ee:   83 98 01 00 00 ae 00 00 00 c6 83 98 00 00 00 00
0x00007f93c68780fe:   48 89 83 f8 01 00 00 48 05 c4 00 00 00 89 93 10
0x00007f93c687810e:   02 00 00 48 89 83 90 00 00 00 48 83 c4 08 5b 5d
0x00007f93c687811e:   41 5c 41 5d c3 0f 1f 44 00 00 31 d2 31 f6 48 89
0x00007f93c687812e:   df e8 cc d3 a4 ff 31 d2 be 00 00 00 80 48 89 df
0x00007f93c687813e:   48 8b 83 80 00 00 00 c7 00 00 00 00 00 48 83 83
0x00007f93c687814e:   80 00 00 00 04 e8 a8 d3 a4 ff e9 fa fd ff ff 0f
0x00007f93c687815e:   1f 00 8b 83 50 2e 02 00 85 c0 0f 85 11 fe ff ff
0x00007f93c687816e:   48 89 df e8 5a ff 54 ff e9 04 fe ff ff 0f 1f 44
0x00007f93c687817e:   00 00 41 54 55 53 48 8b 97 30 02 00 00 48 89 fb
0x00007f93c687818e:   48 85 d2 0f 84 91 01 00 00 0f b6 42 6f 83 e0 0f
0x00007f93c687819e:   3c 0f 0f 84 82 01 00 00 48 8b 42 58 48 89 87 18
0x00007f93c68781ae:   02 00 00 48 8b 42 50 48 85 c0 0f 84 a1 63 29 ff
0x00007f93c68781be:   48 8b 00 48 85 c0 0f 84 95 63 29 ff 48 8b 40 20
0x00007f93c68781ce:   f3 0f 6f 80 08 01 00 00 0f 11 87 38 02 00 00 f3
0x00007f93c68781de:   0f 6f 88 18 01 00 00 0f 11 8f 48 02 00 00 f3 0f
0x00007f93c68781ee:   6f 90 28 01 00 00 0f 11 97 58 02 00 00 f3 0f 6f
0x00007f93c68781fe:   98 38 01 00 00 0f 11 9f 68 02 00 00 f3 0f 6f a0
0x00007f93c687820e:   48 01 00 00 0f 11 a7 78 02 00 00 f3 0f 6f a8 58
0x00007f93c687821e:   01 00 00 0f 11 af 88 02 00 00 f3 0f 6f b0 68 01
0x00007f93c687822e:   00 00 0f 11 b7 98 02 00 00 f3 0f 6f b8 78 01 00
0x00007f93c687823e:   00 0f 11 bf a8 02 00 00 f3 0f 6f 80 88 01 00 00
0x00007f93c687824e:   0f 11 87 b8 02 00 00 f3 0f 6f 88 98 01 00 00 0f
0x00007f93c687825e:   11 8f c8 02 00 00 f3 0f 6f 90 a8 01 00 00 0f 11
0x00007f93c687826e:   97 d8 02 00 00 f3 0f 6f 98 b8 01 00 00 0f 11 9f
0x00007f93c687827e:   e8 02 00 00 f3 0f 6f a0 c8 01 00 00 0f 11 a7 f8
0x00007f93c687828e:   02 00 00 f3 0f 6f a8 d8 01 00 00 0f 11 af 08 03
0x00007f93c687829e:   00 00 48 8b 42 60 48 89 87 38 02 00 00 80 7a 43
0x00007f93c68782ae:   02 0f 85 9c 00 00 00 48 8d 2d 04 40 76 01 0f b6 


Stack slot to memory mapping:

stack at sp + 0 slots: 0x00007f93b80056a0 points into unknown readable memory: 0x0000000000001000 | 00 10 00 00 00 00 00 00
stack at sp + 1 slots: 0x00007f93b80056a0 points into unknown readable memory: 0x0000000000001000 | 00 10 00 00 00 00 00 00
stack at sp + 2 slots: 0x00007f94956925d0 points into unknown readable memory: 0x0000000000000000 | 00 00 00 00 00 00 00 00
stack at sp + 3 slots: 0x00007f93c62b466f: <offset 0x0000000000ab466f> in /usr/lib/libnvidia-glcore.so.610.57.04 at 0x00007f93c5800000
stack at sp + 4 slots: 0x0000000000000002 is an unknown value
stack at sp + 5 slots: 0x00007f93b80056a0 points into unknown readable memory: 0x0000000000001000 | 00 10 00 00 00 00 00 00
stack at sp + 6 slots: 0x0000000000027800 is an unknown value
stack at sp + 7 slots: 0x0000000000002599 is an unknown value


Compiled method (n/a) 3137 2715     n 0       org.lwjgl.opengl.GL32C::glFenceSync (native)
 total in heap  [0x00007f94844a4710,0x00007f94844a4a90] = 896
 relocation     [0x00007f94844a4868,0x00007f94844a48a0] = 56
 main code      [0x00007f94844a48a0,0x00007f94844a4a87] = 487
 stub code      [0x00007f94844a4a87,0x00007f94844a4a88] = 1
 oops           [0x00007f94844a4a88,0x00007f94844a4a90] = 8

[Constant Pool (empty)]

[MachCode]
[Entry Point]
  # {method} {0x00007f94078c0ac0} 'glFenceSync' '(II)J' in 'org/lwjgl/opengl/GL32C'
  # parm0:    rsi       = int
  # parm1:    rdx       = int
  #           [sp+0x50]  (sp of caller)
  0x00007f94844a48a0: 448b 5608 | 49bb 0000 | 000b 947f | 0000 4d03 | d349 3bc2 | 0f84 0600 

  0x00007f94844a48b8: ;   {runtime_call ic_miss_stub}
  0x00007f94844a48b8: 0000 e9c1 | 8780 ff90 
[Verified Entry Point]
  0x00007f94844a48c0: 8984 2400 | c0fe ff55 | 488b ec48 | 83ec 4090 | 4181 7f20 | 0100 0000 

  0x00007f94844a48d8: ;   {runtime_call StubRoutines (final stubs)}
  0x00007f94844a48d8: 7405 e8c1 | eb7e ff48 | 8bca 488b 

  0x00007f94844a48e4: ;   {oop(a 'java/lang/Class'{0x00000004530d8970} = 'org/lwjgl/opengl/GL32C')}
  0x00007f94844a48e4: d649 be70 | 890d 5304 | 0000 004c | 8974 2430 | 4c8d 7424 | 3049 8bf6 

  0x00007f94844a48fc: ;   {internal_word}
  0x00007f94844a48fc: c5f8 7749 | bafc 484a | 8494 7f00 | 004d 8997 | a003 0000 | 4989 a798 

  0x00007f94844a4914: ;   {external_word}
  0x00007f94844a4914: 0300 0080 | 3df7 972d | 1600 0f84 | 3400 0000 

  0x00007f94844a4924: ;   {metadata({method} {0x00007f94078c0ac0} 'glFenceSync' '(II)J' in 'org/lwjgl/opengl/GL32C')}
  0x00007f94844a4924: 5652 5148 | bec0 0a8c | 0794 7f00 | 0049 8bff | 40f6 c40f | 0f84 1200 | 0000 4883 

  0x00007f94844a4940: ;   {runtime_call SharedRuntime::dtrace_method_entry(JavaThread*, Method*)}
  0x00007f94844a4940: ec08 e809 | 5e92 1548 | 83c4 08e9 | 0500 0000 

  0x00007f94844a4950: ;   {runtime_call SharedRuntime::dtrace_method_entry(JavaThread*, Method*)}
  0x00007f94844a4950: e8fb 5d92 | 1559 5a5e | 498d bfb8 | 0300 0041 | c787 4404 | 0000 0400 

  0x00007f94844a4968: ;   {runtime_call Java_org_lwjgl_opengl_GL32C_glFenceSync}
  0x00007f94844a4968: 0000 48b8 | 1030 6bc5 | 937f 0000 | ffd0 c5f8 | 7741 c787 | 4404 0000 | 0500 0000 | f083 4424 
  0x00007f94844a4988: c000 493b | af48 0400 | 000f 870e | 0000 0041 | 83bf 4004 | 0000 000f | 8424 0000 | 00c5 f877 
  0x00007f94844a49a8: 4889 45f8 | 498b ff4c | 8be4 4883 | ec00 4883 

  0x00007f94844a49b8: ;   {runtime_call JavaThread::check_special_condition_for_native_trans(JavaThread*)}
  0x00007f94844a49b8: e4f0 e8b1 | 8b48 1549 | 8be4 4d33 | e448 8b45 | f841 c787 | 4404 0000 | 0800 0000 | 4183 bfc0 
  0x00007f94844a49d8: 0400 0002 | 0f84 7f00 

  0x00007f94844a49e0: ;   {external_word}
  0x00007f94844a49e0: 0000 803d | 2c97 2d16 | 000f 8436 | 0000 0048 

  0x00007f94844a49f0: ;   {metadata({method} {0x00007f94078c0ac0} 'glFenceSync' '(II)J' in 'org/lwjgl/opengl/GL32C')}
  0x00007f94844a49f0: 8945 f848 | bec0 0a8c | 0794 7f00 | 0049 8bff | 40f6 c40f | 0f84 1200 | 0000 4883 

  0x00007f94844a4a0c: ;   {runtime_call SharedRuntime::dtrace_method_exit(JavaThread*, Method*)}
  0x00007f94844a4a0c: ec08 e84d | 5d92 1548 | 83c4 08e9 | 0500 0000 

  0x00007f94844a4a1c: ;   {runtime_call SharedRuntime::dtrace_method_exit(JavaThread*, Method*)}
  0x00007f94844a4a1c: e83f 5d92 | 1548 8b45 | f849 c787 | 9803 0000 | 0000 0000 | 49c7 87a0 | 0300 0000 | 0000 00c5 
  0x00007f94844a4a3c: f877 498b | 8f28 0400 | 00c7 8100 | 0100 0000 | 0000 00c9 | 4983 7f08 | 000f 8501 | 0000 00c3 
  0x00007f94844a4a5c: ;   {runtime_call StubRoutines (initial stubs)}
  0x00007f94844a4a5c: e99f b17b | ffc5 f877 | 4889 45f8 | 4c8b e448 | 83ec 0048 

  0x00007f94844a4a70: ;   {runtime_call SharedRuntime::reguard_yellow_pages()}
  0x00007f94844a4a70: 83e4 f0e8 | 886b 9215 | 498b e44d | 33e4 488b | 45f8 e95b | ffff fff4 
[/MachCode]


Compiled method (c1) 3148 2761       3       net.ice.curio.library.opengl.object.GLFence::sync (11 bytes)
 total in heap  [0x00007f947ccf1290,0x00007f947ccf1688] = 1016
 relocation     [0x00007f947ccf13e8,0x00007f947ccf1430] = 72
 main code      [0x00007f947ccf1440,0x00007f947ccf15a8] = 360
 stub code      [0x00007f947ccf15a8,0x00007f947ccf15e8] = 64
 oops           [0x00007f947ccf15e8,0x00007f947ccf15f0] = 8
 metadata       [0x00007f947ccf15f0,0x00007f947ccf1600] = 16
 scopes data    [0x00007f947ccf1600,0x00007f947ccf1630] = 48
 scopes pcs     [0x00007f947ccf1630,0x00007f947ccf1680] = 80
 dependencies   [0x00007f947ccf1680,0x00007f947ccf1688] = 8

[Constant Pool (empty)]

[MachCode]
[Entry Point]
  # {method} {0x00007f940759ef98} 'sync' '()V' in 'net/ice/curio/library/opengl/object/GLFence'
  #           [sp+0x60]  (sp of caller)
  0x00007f947ccf1440: 448b 5608 | 49bb 0000 | 000b 947f | 0000 4d03 | d34c 3bd0 

  0x00007f947ccf1454: ;   {runtime_call ic_miss_stub}
  0x00007f947ccf1454: 0f85 26bc | fb06 660f | 1f44 0000 
[Verified Entry Point]
  0x00007f947ccf1460: 8984 2400 | c0fe ff55 | 4883 ec50 | 4181 7f20 | 0100 0000 

  0x00007f947ccf1474: ;   {runtime_call StubRoutines (final stubs)}
  0x00007f947ccf1474: 7405 e825 

  0x00007f947ccf1478: ;   {metadata(method data for {method} {0x00007f940759ef98} 'sync' '()V' in 'net/ice/curio/library/opengl/object/GLFence')}
  0x00007f947ccf1478: 20fa 0648 | baa0 74ca | 0794 7f00 | 008b baf4 | 0000 0083 | c702 89ba | f400 0000 | 81e7 fe07 
  0x00007f947ccf1498: 0000 85ff | 0f84 8600 | 0000 4889 

  0x00007f947ccf14a4: ;   {metadata(method data for {method} {0x00007f940759ef98} 'sync' '()V' in 'net/ice/curio/library/opengl/object/GLFence')}
  0x00007f947ccf14a4: 7424 3848 | baa0 74ca | 0794 7f00 | 0048 8382 | 3801 0000 

  0x00007f947ccf14b8: ;   {metadata(method data for {method} {0x00007f940795ed38} 'glFenceSync' '(II)J' in 'org/lwjgl/opengl/GL32')}
  0x00007f947ccf14b8: 0148 ba28 | 76ca 0794 | 7f00 008b | baf4 0000 | 0083 c702 | 89ba f400 | 0000 81e7 | feff 1f00 
  0x00007f947ccf14d8: 85ff 0f84 | 6900 0000 

  0x00007f947ccf14e0: ;   {metadata(method data for {method} {0x00007f940795ed38} 'glFenceSync' '(II)J' in 'org/lwjgl/opengl/GL32')}
  0x00007f947ccf14e0: 48ba 2876 | ca07 947f | 0000 4883 | 8238 0100 | 0001 be17 | 9100 00ba | 0000 0000 

  0x00007f947ccf14fc: ;   {static_call}
  0x00007f947ccf14fc: 6666 90e8 

  0x00007f947ccf1500: ; ImmutableOopMap {[56]=Oop }
                      ;*invokestatic glFenceSync {reexecute=0 rethrow=0 return_oop=0}
                      ; - org.lwjgl.opengl.GL32::glFenceSync@2 (line 317)
                      ; - net.ice.curio.library.opengl.object.GLFence::sync@4 (line 25)
  0x00007f947ccf1500: bc33 7b07 

  0x00007f947ccf1504: ;   {other}
  0x00007f947ccf1504: 0f1f 8400 | 7402 0000 | 488b 7424 | 3848 8946 | 1048 83c4 

  0x00007f947ccf1518: ;   {poll_return}
  0x00007f947ccf1518: 505d 493b | a748 0400 | 000f 8743 | 0000 00c3 

  0x00007f947ccf1528: ;   {metadata({method} {0x00007f940759ef98} 'sync' '()V' in 'net/ice/curio/library/opengl/object/GLFence')}
  0x00007f947ccf1528: 49ba 98ef | 5907 947f | 0000 4c89 | 5424 0848 | c704 24ff 

  0x00007f947ccf153c: ;   {runtime_call counter_overflow Runtime1 stub}
  0x00007f947ccf153c: ffff ffe8 

  0x00007f947ccf1540: ; ImmutableOopMap {rsi=Oop }
                      ;*synchronization entry
                      ; - net.ice.curio.library.opengl.object.GLFence::sync@-1 (line 25)
  0x00007f947ccf1540: bc36 0807 | e959 ffff 

  0x00007f947ccf1548: ;   {metadata({method} {0x00007f940795ed38} 'glFenceSync' '(II)J' in 'org/lwjgl/opengl/GL32')}
  0x00007f947ccf1548: ff49 ba38 | ed95 0794 | 7f00 004c | 8954 2408 | 48c7 0424 | ffff ffff 

  0x00007f947ccf1560: ;   {runtime_call counter_overflow Runtime1 stub}
  0x00007f947ccf1560: e89b 3608 

  0x00007f947ccf1564: ; ImmutableOopMap {[56]=Oop }
                      ;*synchronization entry
                      ; - org.lwjgl.opengl.GL32::glFenceSync@-1 (line 317)
                      ; - net.ice.curio.library.opengl.object.GLFence::sync@4 (line 25)
  0x00007f947ccf1564: 07e9 76ff 

  0x00007f947ccf1568: ;   {internal_word}
  0x00007f947ccf1568: ffff 49ba | 1a15 cf7c | 947f 0000 | 4d89 9760 

  0x00007f947ccf1578: ;   {runtime_call SafepointBlob}
  0x00007f947ccf1578: 0400 00e9 | 802a fc06 | 498b 87f8 | 0400 0049 | c787 f804 | 0000 0000 | 0000 49c7 | 8700 0500 
  0x00007f947ccf1598: 0000 0000 | 0048 83c4 

  0x00007f947ccf15a0: ;   {runtime_call unwind_exception Runtime1 stub}
  0x00007f947ccf15a0: 505d e9d9 | c907 07f4 
[Stub Code]
  0x00007f947ccf15a8: ;   {no_reloc}
  0x00007f947ccf15a8: 48bb 0000 | 0000 0000 

  0x00007f947ccf15b0: ;   {runtime_call nmethod}
  0x00007f947ccf15b0: 0000 e9fb 

  0x00007f947ccf15b4: ;   {runtime_call handle_exception_from_callee Runtime1 stub}
  0x00007f947ccf15b4: ffff ffe8 | 4405 0807 

  0x00007f947ccf15bc: ;   {external_word}
  0x00007f947ccf15bc: 48bf 19b9 | 159a 947f | 0000 4883 

  0x00007f947ccf15c8: ;   {runtime_call MacroAssembler::debug64(char*, long, long*)}
  0x00007f947ccf15c8: e4f0 e871 | e1ee 1cf4 
[Deopt Handler Code]
  0x00007f947ccf15d0: ;   {section_word}
  0x00007f947ccf15d0: 49ba d015 | cf7c 947f | 0000 4152 

  0x00007f947ccf15dc: ;   {runtime_call DeoptimizationBlob}
  0x00007f947ccf15dc: e9bf 1cfc | 06f4 f4f4 | f4f4 f4f4 
[/MachCode]


---------------  P R O C E S S  ---------------

Threads class SMR info:
_java_thread_list=0x00007f9494122cd0, length=13, elements={
0x00007f949402ceb0, 0x00007f9494162c10, 0x00007f9494164170, 0x00007f94941658f0,
0x00007f9494166f20, 0x00007f94941684b0, 0x00007f949416a060, 0x00007f949416b710,
0x00007f9494177bb0, 0x00007f949417ad30, 0x00007f93e003c6c0, 0x00007f93dc072d20,
0x00007f93dc074240
}

Java Threads: ( => current thread )
=>0x00007f949402ceb0 JavaThread "main"                              [_thread_in_native, id=79636, stack(0x00007f9498f00000,0x00007f9499000000) (1024K)]
  0x00007f9494162c10 JavaThread "Reference Handler"          daemon [_thread_blocked, id=79644, stack(0x00007f9458500000,0x00007f9458600000) (1024K)]
  0x00007f9494164170 JavaThread "Finalizer"                  daemon [_thread_blocked, id=79645, stack(0x00007f94583ff000,0x00007f94584ff000) (1024K)]
  0x00007f94941658f0 JavaThread "Signal Dispatcher"          daemon [_thread_blocked, id=79646, stack(0x00007f94582fe000,0x00007f94583fe000) (1024K)]
  0x00007f9494166f20 JavaThread "Service Thread"             daemon [_thread_blocked, id=79647, stack(0x00007f94581fd000,0x00007f94582fd000) (1024K)]
  0x00007f94941684b0 JavaThread "Monitor Deflation Thread"   daemon [_thread_blocked, id=79648, stack(0x00007f94580fc000,0x00007f94581fc000) (1024K)]
  0x00007f949416a060 JavaThread "C2 CompilerThread0"         daemon [_thread_blocked, id=79649, stack(0x00007f9406f00000,0x00007f9407000000) (1024K)]
  0x00007f949416b710 JavaThread "C1 CompilerThread0"         daemon [_thread_blocked, id=79650, stack(0x00007f9406dff000,0x00007f9406eff000) (1024K)]
  0x00007f9494177bb0 JavaThread "Notification Thread"        daemon [_thread_blocked, id=79651, stack(0x00007f9406cfe000,0x00007f9406dfe000) (1024K)]
  0x00007f949417ad30 JavaThread "Common-Cleaner"             daemon [_thread_blocked, id=79652, stack(0x00007f9406900000,0x00007f9406a00000) (1024K)]
  0x00007f93e003c6c0 JavaThread "C1 CompilerThread1"         daemon [_thread_blocked, id=79653, stack(0x00007f9406500000,0x00007f9406600000) (1024K)]
  0x00007f93dc072d20 JavaThread "C1 CompilerThread2"         daemon [_thread_blocked, id=79655, stack(0x00007f9405d00000,0x00007f9405e00000) (1024K)]
  0x00007f93dc074240 JavaThread "C1 CompilerThread3"         daemon [_thread_blocked, id=79656, stack(0x00007f9405900000,0x00007f9405a00000) (1024K)]
Total: 13

Other Threads:
  0x00007f9494159b10 VMThread "VM Thread"                           [id=79643, stack(0x00007f94589eb000,0x00007f9458aeb000) (1024K)]
  0x00007f94941476b0 WatcherThread "VM Periodic Task Thread"        [id=79642, stack(0x00007f9458aec000,0x00007f9458bec000) (1024K)]
  0x00007f949405ab60 WorkerThread "GC Thread#0"                     [id=79637, stack(0x00007f9468226000,0x00007f9468326000) (1024K)]
  0x00007f9400018110 WorkerThread "GC Thread#1"                     [id=79690, stack(0x00007f93bc6e8000,0x00007f93bc7e8000) (1024K)]
  0x00007f9400018c00 WorkerThread "GC Thread#2"                     [id=79691, stack(0x00007f93bc5e7000,0x00007f93bc6e7000) (1024K)]
  0x00007f9400019730 WorkerThread "GC Thread#3"                     [id=79692, stack(0x00007f93bc4e6000,0x00007f93bc5e6000) (1024K)]
  0x00007f940001a260 WorkerThread "GC Thread#4"                     [id=79693, stack(0x00007f93bc3e5000,0x00007f93bc4e5000) (1024K)]
  0x00007f940001ad90 WorkerThread "GC Thread#5"                     [id=79694, stack(0x00007f93bc2e4000,0x00007f93bc3e4000) (1024K)]
  0x00007f940001b8c0 WorkerThread "GC Thread#6"                     [id=79695, stack(0x00007f93bc1e3000,0x00007f93bc2e3000) (1024K)]
  0x00007f940001c3f0 WorkerThread "GC Thread#7"                     [id=79696, stack(0x00007f93bc0e2000,0x00007f93bc1e2000) (1024K)]
  0x00007f940001cf20 WorkerThread "GC Thread#8"                     [id=79697, stack(0x00007f93b7f00000,0x00007f93b8000000) (1024K)]
  0x00007f940001da90 WorkerThread "GC Thread#9"                     [id=79698, stack(0x00007f93b7dff000,0x00007f93b7eff000) (1024K)]
  0x00007f940001e600 WorkerThread "GC Thread#10"                    [id=79699, stack(0x00007f93b7cfe000,0x00007f93b7dfe000) (1024K)]
  0x00007f940001f170 WorkerThread "GC Thread#11"                    [id=79700, stack(0x00007f93b7bfd000,0x00007f93b7cfd000) (1024K)]
  0x00007f940001fce0 WorkerThread "GC Thread#12"                    [id=79701, stack(0x00007f93b7afc000,0x00007f93b7bfc000) (1024K)]
  0x00007f9400020c40 WorkerThread "GC Thread#13"                    [id=79702, stack(0x00007f93b79fb000,0x00007f93b7afb000) (1024K)]
  0x00007f9400021ba0 WorkerThread "GC Thread#14"                    [id=79703, stack(0x00007f93b78fa000,0x00007f93b79fa000) (1024K)]
  0x00007f9400022b30 WorkerThread "GC Thread#15"                    [id=79704, stack(0x00007f93b77f9000,0x00007f93b78f9000) (1024K)]
  0x00007f9400023ac0 WorkerThread "GC Thread#16"                    [id=79705, stack(0x00007f93b76f8000,0x00007f93b77f8000) (1024K)]
  0x00007f9400024ed0 WorkerThread "GC Thread#17"                    [id=79706, stack(0x00007f93b75f7000,0x00007f93b76f7000) (1024K)]
  0x00007f949406bc00 ConcurrentGCThread "G1 Main Marker"            [id=79638, stack(0x00007f9468125000,0x00007f9468225000) (1024K)]
  0x00007f949406cbd0 WorkerThread "G1 Conc#0"                       [id=79639, stack(0x00007f9468024000,0x00007f9468124000) (1024K)]
  0x00007f949412ca80 ConcurrentGCThread "G1 Refine#0"               [id=79640, stack(0x00007f9458cee000,0x00007f9458dee000) (1024K)]
  0x00007f949412da30 ConcurrentGCThread "G1 Service"                [id=79641, stack(0x00007f9458bed000,0x00007f9458ced000) (1024K)]
Total: 24

Threads with active compile tasks:
Total: 0

VM state: not at safepoint (normal execution)

VM Mutex/Monitor currently owned by a thread: None

Heap address: 0x0000000417000000, size: 16016 MB, Compressed Oops mode: Zero based, Oop shift amount: 3

CDS archive(s) mapped at: [0x00007f940b000000-0x00007f940bca0000-0x00007f940bca0000), size 13238272, SharedBaseAddress: 0x00007f940b000000, ArchiveRelocationMode: 1.
Compressed class space mapped at: 0x00007f940c000000-0x00007f944c000000, reserved size: 1073741824
Narrow klass base: 0x00007f940b000000, Narrow klass shift: 0, Narrow klass range: 0x100000000

GC Precious Log:
 CardTable entry size: 512
 Card Set container configuration: InlinePtr #cards 4 size 8 Array Of Cards #cards 64 size 144 Howl #buckets 8 coarsen threshold 14745 Howl Bitmap #cards 2048 size 272 coarsen threshold 1843 Card regions per heap region 1 cards per card region 16384
 CPUs: 24 total, 24 available
 Memory: 64055M
 Large Page Support: Disabled
 NUMA Support: Disabled
 Compressed Oops: Enabled (Zero based)
 Heap Region Size: 8M
 Heap Min Capacity: 8M
 Heap Initial Capacity: 1008M
 Heap Max Capacity: 16016M
 Pre-touch: Disabled
 Parallel Workers: 18
 Concurrent Workers: 5
 Concurrent Refinement Workers: 18
 Periodic GC: Disabled

Heap:
 garbage-first heap   total 1040384K, used 80238K [0x0000000417000000, 0x0000000800000000)
  region size 8192K, 12 young (98304K), 1 survivors (8192K)
 Metaspace       used 14009K, committed 14464K, reserved 1114112K
  class space    used 988K, committed 1216K, reserved 1048576K

Heap Regions: E=young(eden), S=young(survivor), O=old, HS=humongous(starts), HC=humongous(continues), CS=collection set, F=free, TAMS=top-at-mark-start, PB=parsable bottom
|   0|0x0000000417000000, 0x000000041737e900, 0x0000000417800000| 43%| O|  |TAMS 0x0000000417000000| PB 0x0000000417000000| Untracked 
|   1|0x0000000417800000, 0x0000000417800000, 0x0000000418000000|  0%| F|  |TAMS 0x0000000417800000| PB 0x0000000417800000| Untracked 
|   2|0x0000000418000000, 0x0000000418000000, 0x0000000418800000|  0%| F|  |TAMS 0x0000000418000000| PB 0x0000000418000000| Untracked 
|   3|0x0000000418800000, 0x0000000418800000, 0x0000000419000000|  0%| F|  |TAMS 0x0000000418800000| PB 0x0000000418800000| Untracked 
|   4|0x0000000419000000, 0x0000000419000000, 0x0000000419800000|  0%| F|  |TAMS 0x0000000419000000| PB 0x0000000419000000| Untracked 
|   5|0x0000000419800000, 0x0000000419800000, 0x000000041a000000|  0%| F|  |TAMS 0x0000000419800000| PB 0x0000000419800000| Untracked 
|   6|0x000000041a000000, 0x000000041a000000, 0x000000041a800000|  0%| F|  |TAMS 0x000000041a000000| PB 0x000000041a000000| Untracked 
|   7|0x000000041a800000, 0x000000041a800000, 0x000000041b000000|  0%| F|  |TAMS 0x000000041a800000| PB 0x000000041a800000| Untracked 
|   8|0x000000041b000000, 0x000000041b000000, 0x000000041b800000|  0%| F|  |TAMS 0x000000041b000000| PB 0x000000041b000000| Untracked 
|   9|0x000000041b800000, 0x000000041b800000, 0x000000041c000000|  0%| F|  |TAMS 0x000000041b800000| PB 0x000000041b800000| Untracked 
|  10|0x000000041c000000, 0x000000041c000000, 0x000000041c800000|  0%| F|  |TAMS 0x000000041c000000| PB 0x000000041c000000| Untracked 
|  11|0x000000041c800000, 0x000000041c800000, 0x000000041d000000|  0%| F|  |TAMS 0x000000041c800000| PB 0x000000041c800000| Untracked 
|  12|0x000000041d000000, 0x000000041d000000, 0x000000041d800000|  0%| F|  |TAMS 0x000000041d000000| PB 0x000000041d000000| Untracked 
|  13|0x000000041d800000, 0x000000041d800000, 0x000000041e000000|  0%| F|  |TAMS 0x000000041d800000| PB 0x000000041d800000| Untracked 
|  14|0x000000041e000000, 0x000000041e000000, 0x000000041e800000|  0%| F|  |TAMS 0x000000041e000000| PB 0x000000041e000000| Untracked 
|  15|0x000000041e800000, 0x000000041e800000, 0x000000041f000000|  0%| F|  |TAMS 0x000000041e800000| PB 0x000000041e800000| Untracked 
|  16|0x000000041f000000, 0x000000041f000000, 0x000000041f800000|  0%| F|  |TAMS 0x000000041f000000| PB 0x000000041f000000| Untracked 
|  17|0x000000041f800000, 0x000000041f800000, 0x0000000420000000|  0%| F|  |TAMS 0x000000041f800000| PB 0x000000041f800000| Untracked 
|  18|0x0000000420000000, 0x0000000420000000, 0x0000000420800000|  0%| F|  |TAMS 0x0000000420000000| PB 0x0000000420000000| Untracked 
|  19|0x0000000420800000, 0x0000000420800000, 0x0000000421000000|  0%| F|  |TAMS 0x0000000420800000| PB 0x0000000420800000| Untracked 
|  20|0x0000000421000000, 0x0000000421000000, 0x0000000421800000|  0%| F|  |TAMS 0x0000000421000000| PB 0x0000000421000000| Untracked 
|  21|0x0000000421800000, 0x0000000421800000, 0x0000000422000000|  0%| F|  |TAMS 0x0000000421800000| PB 0x0000000421800000| Untracked 
|  22|0x0000000422000000, 0x0000000422000000, 0x0000000422800000|  0%| F|  |TAMS 0x0000000422000000| PB 0x0000000422000000| Untracked 
|  23|0x0000000422800000, 0x0000000422800000, 0x0000000423000000|  0%| F|  |TAMS 0x0000000422800000| PB 0x0000000422800000| Untracked 
|  24|0x0000000423000000, 0x0000000423000000, 0x0000000423800000|  0%| F|  |TAMS 0x0000000423000000| PB 0x0000000423000000| Untracked 
|  25|0x0000000423800000, 0x0000000423800000, 0x0000000424000000|  0%| F|  |TAMS 0x0000000423800000| PB 0x0000000423800000| Untracked 
|  26|0x0000000424000000, 0x0000000424000000, 0x0000000424800000|  0%| F|  |TAMS 0x0000000424000000| PB 0x0000000424000000| Untracked 
|  27|0x0000000424800000, 0x0000000424800000, 0x0000000425000000|  0%| F|  |TAMS 0x0000000424800000| PB 0x0000000424800000| Untracked 
|  28|0x0000000425000000, 0x0000000425000000, 0x0000000425800000|  0%| F|  |TAMS 0x0000000425000000| PB 0x0000000425000000| Untracked 
|  29|0x0000000425800000, 0x0000000425800000, 0x0000000426000000|  0%| F|  |TAMS 0x0000000425800000| PB 0x0000000425800000| Untracked 
|  30|0x0000000426000000, 0x0000000426000000, 0x0000000426800000|  0%| F|  |TAMS 0x0000000426000000| PB 0x0000000426000000| Untracked 
|  31|0x0000000426800000, 0x0000000426800000, 0x0000000427000000|  0%| F|  |TAMS 0x0000000426800000| PB 0x0000000426800000| Untracked 
|  32|0x0000000427000000, 0x0000000427000000, 0x0000000427800000|  0%| F|  |TAMS 0x0000000427000000| PB 0x0000000427000000| Untracked 
|  33|0x0000000427800000, 0x0000000427800000, 0x0000000428000000|  0%| F|  |TAMS 0x0000000427800000| PB 0x0000000427800000| Untracked 
|  34|0x0000000428000000, 0x0000000428000000, 0x0000000428800000|  0%| F|  |TAMS 0x0000000428000000| PB 0x0000000428000000| Untracked 
|  35|0x0000000428800000, 0x0000000428800000, 0x0000000429000000|  0%| F|  |TAMS 0x0000000428800000| PB 0x0000000428800000| Untracked 
|  36|0x0000000429000000, 0x0000000429000000, 0x0000000429800000|  0%| F|  |TAMS 0x0000000429000000| PB 0x0000000429000000| Untracked 
|  37|0x0000000429800000, 0x0000000429800000, 0x000000042a000000|  0%| F|  |TAMS 0x0000000429800000| PB 0x0000000429800000| Untracked 
|  38|0x000000042a000000, 0x000000042a000000, 0x000000042a800000|  0%| F|  |TAMS 0x000000042a000000| PB 0x000000042a000000| Untracked 
|  39|0x000000042a800000, 0x000000042a800000, 0x000000042b000000|  0%| F|  |TAMS 0x000000042a800000| PB 0x000000042a800000| Untracked 
|  40|0x000000042b000000, 0x000000042b000000, 0x000000042b800000|  0%| F|  |TAMS 0x000000042b000000| PB 0x000000042b000000| Untracked 
|  41|0x000000042b800000, 0x000000042b800000, 0x000000042c000000|  0%| F|  |TAMS 0x000000042b800000| PB 0x000000042b800000| Untracked 
|  42|0x000000042c000000, 0x000000042c000000, 0x000000042c800000|  0%| F|  |TAMS 0x000000042c000000| PB 0x000000042c000000| Untracked 
|  43|0x000000042c800000, 0x000000042c800000, 0x000000042d000000|  0%| F|  |TAMS 0x000000042c800000| PB 0x000000042c800000| Untracked 
|  44|0x000000042d000000, 0x000000042d000000, 0x000000042d800000|  0%| F|  |TAMS 0x000000042d000000| PB 0x000000042d000000| Untracked 
|  45|0x000000042d800000, 0x000000042d800000, 0x000000042e000000|  0%| F|  |TAMS 0x000000042d800000| PB 0x000000042d800000| Untracked 
|  46|0x000000042e000000, 0x000000042e000000, 0x000000042e800000|  0%| F|  |TAMS 0x000000042e000000| PB 0x000000042e000000| Untracked 
|  47|0x000000042e800000, 0x000000042e800000, 0x000000042f000000|  0%| F|  |TAMS 0x000000042e800000| PB 0x000000042e800000| Untracked 
|  48|0x000000042f000000, 0x000000042f000000, 0x000000042f800000|  0%| F|  |TAMS 0x000000042f000000| PB 0x000000042f000000| Untracked 
|  49|0x000000042f800000, 0x000000042f800000, 0x0000000430000000|  0%| F|  |TAMS 0x000000042f800000| PB 0x000000042f800000| Untracked 
|  50|0x0000000430000000, 0x0000000430000000, 0x0000000430800000|  0%| F|  |TAMS 0x0000000430000000| PB 0x0000000430000000| Untracked 
|  51|0x0000000430800000, 0x0000000430800000, 0x0000000431000000|  0%| F|  |TAMS 0x0000000430800000| PB 0x0000000430800000| Untracked 
|  52|0x0000000431000000, 0x0000000431000000, 0x0000000431800000|  0%| F|  |TAMS 0x0000000431000000| PB 0x0000000431000000| Untracked 
|  53|0x0000000431800000, 0x0000000431800000, 0x0000000432000000|  0%| F|  |TAMS 0x0000000431800000| PB 0x0000000431800000| Untracked 
|  54|0x0000000432000000, 0x0000000432000000, 0x0000000432800000|  0%| F|  |TAMS 0x0000000432000000| PB 0x0000000432000000| Untracked 
|  55|0x0000000432800000, 0x0000000432800000, 0x0000000433000000|  0%| F|  |TAMS 0x0000000432800000| PB 0x0000000432800000| Untracked 
|  56|0x0000000433000000, 0x0000000433000000, 0x0000000433800000|  0%| F|  |TAMS 0x0000000433000000| PB 0x0000000433000000| Untracked 
|  57|0x0000000433800000, 0x0000000433800000, 0x0000000434000000|  0%| F|  |TAMS 0x0000000433800000| PB 0x0000000433800000| Untracked 
|  58|0x0000000434000000, 0x0000000434000000, 0x0000000434800000|  0%| F|  |TAMS 0x0000000434000000| PB 0x0000000434000000| Untracked 
|  59|0x0000000434800000, 0x0000000434800000, 0x0000000435000000|  0%| F|  |TAMS 0x0000000434800000| PB 0x0000000434800000| Untracked 
|  60|0x0000000435000000, 0x0000000435000000, 0x0000000435800000|  0%| F|  |TAMS 0x0000000435000000| PB 0x0000000435000000| Untracked 
|  61|0x0000000435800000, 0x0000000435800000, 0x0000000436000000|  0%| F|  |TAMS 0x0000000435800000| PB 0x0000000435800000| Untracked 
|  62|0x0000000436000000, 0x0000000436000000, 0x0000000436800000|  0%| F|  |TAMS 0x0000000436000000| PB 0x0000000436000000| Untracked 
|  63|0x0000000436800000, 0x0000000436800000, 0x0000000437000000|  0%| F|  |TAMS 0x0000000436800000| PB 0x0000000436800000| Untracked 
|  64|0x0000000437000000, 0x0000000437000000, 0x0000000437800000|  0%| F|  |TAMS 0x0000000437000000| PB 0x0000000437000000| Untracked 
|  65|0x0000000437800000, 0x0000000437800000, 0x0000000438000000|  0%| F|  |TAMS 0x0000000437800000| PB 0x0000000437800000| Untracked 
|  66|0x0000000438000000, 0x0000000438000000, 0x0000000438800000|  0%| F|  |TAMS 0x0000000438000000| PB 0x0000000438000000| Untracked 
|  67|0x0000000438800000, 0x0000000438800000, 0x0000000439000000|  0%| F|  |TAMS 0x0000000438800000| PB 0x0000000438800000| Untracked 
|  68|0x0000000439000000, 0x0000000439000000, 0x0000000439800000|  0%| F|  |TAMS 0x0000000439000000| PB 0x0000000439000000| Untracked 
|  69|0x0000000439800000, 0x0000000439800000, 0x000000043a000000|  0%| F|  |TAMS 0x0000000439800000| PB 0x0000000439800000| Untracked 
|  70|0x000000043a000000, 0x000000043a000000, 0x000000043a800000|  0%| F|  |TAMS 0x000000043a000000| PB 0x000000043a000000| Untracked 
|  71|0x000000043a800000, 0x000000043a800000, 0x000000043b000000|  0%| F|  |TAMS 0x000000043a800000| PB 0x000000043a800000| Untracked 
|  72|0x000000043b000000, 0x000000043b000000, 0x000000043b800000|  0%| F|  |TAMS 0x000000043b000000| PB 0x000000043b000000| Untracked 
|  73|0x000000043b800000, 0x000000043b800000, 0x000000043c000000|  0%| F|  |TAMS 0x000000043b800000| PB 0x000000043b800000| Untracked 
|  74|0x000000043c000000, 0x000000043c000000, 0x000000043c800000|  0%| F|  |TAMS 0x000000043c000000| PB 0x000000043c000000| Untracked 
|  75|0x000000043c800000, 0x000000043c800000, 0x000000043d000000|  0%| F|  |TAMS 0x000000043c800000| PB 0x000000043c800000| Untracked 
|  76|0x000000043d000000, 0x000000043d000000, 0x000000043d800000|  0%| F|  |TAMS 0x000000043d000000| PB 0x000000043d000000| Untracked 
|  77|0x000000043d800000, 0x000000043d800000, 0x000000043e000000|  0%| F|  |TAMS 0x000000043d800000| PB 0x000000043d800000| Untracked 
|  78|0x000000043e000000, 0x000000043e000000, 0x000000043e800000|  0%| F|  |TAMS 0x000000043e000000| PB 0x000000043e000000| Untracked 
|  79|0x000000043e800000, 0x000000043e800000, 0x000000043f000000|  0%| F|  |TAMS 0x000000043e800000| PB 0x000000043e800000| Untracked 
|  80|0x000000043f000000, 0x000000043f000000, 0x000000043f800000|  0%| F|  |TAMS 0x000000043f000000| PB 0x000000043f000000| Untracked 
|  81|0x000000043f800000, 0x000000043f800000, 0x0000000440000000|  0%| F|  |TAMS 0x000000043f800000| PB 0x000000043f800000| Untracked 
|  82|0x0000000440000000, 0x0000000440000000, 0x0000000440800000|  0%| F|  |TAMS 0x0000000440000000| PB 0x0000000440000000| Untracked 
|  83|0x0000000440800000, 0x0000000440800000, 0x0000000441000000|  0%| F|  |TAMS 0x0000000440800000| PB 0x0000000440800000| Untracked 
|  84|0x0000000441000000, 0x0000000441000000, 0x0000000441800000|  0%| F|  |TAMS 0x0000000441000000| PB 0x0000000441000000| Untracked 
|  85|0x0000000441800000, 0x0000000441800000, 0x0000000442000000|  0%| F|  |TAMS 0x0000000441800000| PB 0x0000000441800000| Untracked 
|  86|0x0000000442000000, 0x0000000442000000, 0x0000000442800000|  0%| F|  |TAMS 0x0000000442000000| PB 0x0000000442000000| Untracked 
|  87|0x0000000442800000, 0x0000000442800000, 0x0000000443000000|  0%| F|  |TAMS 0x0000000442800000| PB 0x0000000442800000| Untracked 
|  88|0x0000000443000000, 0x0000000443000000, 0x0000000443800000|  0%| F|  |TAMS 0x0000000443000000| PB 0x0000000443000000| Untracked 
|  89|0x0000000443800000, 0x0000000443800000, 0x0000000444000000|  0%| F|  |TAMS 0x0000000443800000| PB 0x0000000443800000| Untracked 
|  90|0x0000000444000000, 0x0000000444000000, 0x0000000444800000|  0%| F|  |TAMS 0x0000000444000000| PB 0x0000000444000000| Untracked 
|  91|0x0000000444800000, 0x0000000444800000, 0x0000000445000000|  0%| F|  |TAMS 0x0000000444800000| PB 0x0000000444800000| Untracked 
|  92|0x0000000445000000, 0x0000000445000000, 0x0000000445800000|  0%| F|  |TAMS 0x0000000445000000| PB 0x0000000445000000| Untracked 
|  93|0x0000000445800000, 0x0000000445800000, 0x0000000446000000|  0%| F|  |TAMS 0x0000000445800000| PB 0x0000000445800000| Untracked 
|  94|0x0000000446000000, 0x0000000446000000, 0x0000000446800000|  0%| F|  |TAMS 0x0000000446000000| PB 0x0000000446000000| Untracked 
|  95|0x0000000446800000, 0x0000000446800000, 0x0000000447000000|  0%| F|  |TAMS 0x0000000446800000| PB 0x0000000446800000| Untracked 
|  96|0x0000000447000000, 0x0000000447000000, 0x0000000447800000|  0%| F|  |TAMS 0x0000000447000000| PB 0x0000000447000000| Untracked 
|  97|0x0000000447800000, 0x0000000447800000, 0x0000000448000000|  0%| F|  |TAMS 0x0000000447800000| PB 0x0000000447800000| Untracked 
|  98|0x0000000448000000, 0x0000000448000000, 0x0000000448800000|  0%| F|  |TAMS 0x0000000448000000| PB 0x0000000448000000| Untracked 
|  99|0x0000000448800000, 0x0000000448800000, 0x0000000449000000|  0%| F|  |TAMS 0x0000000448800000| PB 0x0000000448800000| Untracked 
| 100|0x0000000449000000, 0x0000000449000000, 0x0000000449800000|  0%| F|  |TAMS 0x0000000449000000| PB 0x0000000449000000| Untracked 
| 101|0x0000000449800000, 0x0000000449800000, 0x000000044a000000|  0%| F|  |TAMS 0x0000000449800000| PB 0x0000000449800000| Untracked 
| 102|0x000000044a000000, 0x000000044a000000, 0x000000044a800000|  0%| F|  |TAMS 0x000000044a000000| PB 0x000000044a000000| Untracked 
| 103|0x000000044a800000, 0x000000044a800000, 0x000000044b000000|  0%| F|  |TAMS 0x000000044a800000| PB 0x000000044a800000| Untracked 
| 104|0x000000044b000000, 0x000000044b000000, 0x000000044b800000|  0%| F|  |TAMS 0x000000044b000000| PB 0x000000044b000000| Untracked 
| 105|0x000000044b800000, 0x000000044b800000, 0x000000044c000000|  0%| F|  |TAMS 0x000000044b800000| PB 0x000000044b800000| Untracked 
| 106|0x000000044c000000, 0x000000044c000000, 0x000000044c800000|  0%| F|  |TAMS 0x000000044c000000| PB 0x000000044c000000| Untracked 
| 107|0x000000044c800000, 0x000000044c800000, 0x000000044d000000|  0%| F|  |TAMS 0x000000044c800000| PB 0x000000044c800000| Untracked 
| 108|0x000000044d000000, 0x000000044d000000, 0x000000044d800000|  0%| F|  |TAMS 0x000000044d000000| PB 0x000000044d000000| Untracked 
| 109|0x000000044d800000, 0x000000044d800000, 0x000000044e000000|  0%| F|  |TAMS 0x000000044d800000| PB 0x000000044d800000| Untracked 
| 110|0x000000044e000000, 0x000000044e000000, 0x000000044e800000|  0%| F|  |TAMS 0x000000044e000000| PB 0x000000044e000000| Untracked 
| 111|0x000000044e800000, 0x000000044e800000, 0x000000044f000000|  0%| F|  |TAMS 0x000000044e800000| PB 0x000000044e800000| Untracked 
| 112|0x000000044f000000, 0x000000044f000000, 0x000000044f800000|  0%| F|  |TAMS 0x000000044f000000| PB 0x000000044f000000| Untracked 
| 113|0x000000044f800000, 0x000000044f800000, 0x0000000450000000|  0%| F|  |TAMS 0x000000044f800000| PB 0x000000044f800000| Untracked 
| 114|0x0000000450000000, 0x00000004501babb0, 0x0000000450800000| 21%| E|  |TAMS 0x0000000450000000| PB 0x0000000450000000| Complete 
| 115|0x0000000450800000, 0x0000000451000000, 0x0000000451000000|100%| E|CS|TAMS 0x0000000450800000| PB 0x0000000450800000| Complete 
| 116|0x0000000451000000, 0x0000000451800000, 0x0000000451800000|100%| E|CS|TAMS 0x0000000451000000| PB 0x0000000451000000| Complete 
| 117|0x0000000451800000, 0x0000000452000000, 0x0000000452000000|100%| E|CS|TAMS 0x0000000451800000| PB 0x0000000451800000| Complete 
| 118|0x0000000452000000, 0x0000000452800000, 0x0000000452800000|100%| E|CS|TAMS 0x0000000452000000| PB 0x0000000452000000| Complete 
| 119|0x0000000452800000, 0x0000000453000000, 0x0000000453000000|100%| E|CS|TAMS 0x0000000452800000| PB 0x0000000452800000| Complete 
| 120|0x0000000453000000, 0x00000004531d0790, 0x0000000453800000| 22%| S|CS|TAMS 0x0000000453000000| PB 0x0000000453000000| Complete 
| 121|0x0000000453800000, 0x0000000454000000, 0x0000000454000000|100%| E|CS|TAMS 0x0000000453800000| PB 0x0000000453800000| Complete 
| 122|0x0000000454000000, 0x0000000454800000, 0x0000000454800000|100%| E|  |TAMS 0x0000000454000000| PB 0x0000000454000000| Complete 
| 123|0x0000000454800000, 0x0000000455000000, 0x0000000455000000|100%| E|CS|TAMS 0x0000000454800000| PB 0x0000000454800000| Complete 
| 124|0x0000000455000000, 0x0000000455800000, 0x0000000455800000|100%| E|CS|TAMS 0x0000000455000000| PB 0x0000000455000000| Complete 
| 125|0x0000000455800000, 0x0000000456000000, 0x0000000456000000|100%| E|CS|TAMS 0x0000000455800000| PB 0x0000000455800000| Complete 
|2001|0x00000007ff800000, 0x00000007ff90c7a0, 0x0000000800000000| 13%| O|  |TAMS 0x00000007ff800000| PB 0x00000007ff800000| Untracked 

Card table byte_map: [0x00007f9477e65000,0x00007f9479dad000] _byte_map_base: 0x00007f9475dad000

Marking Bits: (CMBitMap*) 0x00007f949405b680
 Bits: [0x00007f9468425000, 0x00007f9477e65000)

Polling page: 0x00007f949ae35000

Metaspace:

Usage:
  Non-class:     12.72 MB used.
      Class:    988.73 KB used.
       Both:     13.68 MB used.

Virtual space:
  Non-class space:       64.00 MB reserved,      12.94 MB ( 20%) committed,  1 nodes.
      Class space:        1.00 GB reserved,       1.19 MB ( <1%) committed,  1 nodes.
             Both:        1.06 GB reserved,      14.12 MB (  1%) committed. 

Chunk freelists:
   Non-Class:  2.22 MB
       Class:  14.73 MB
        Both:  16.95 MB

MaxMetaspaceSize: unlimited
CompressedClassSpaceSize: 1.00 GB
Initial GC threshold: 21.00 MB
Current GC threshold: 21.00 MB
CDS: on
 - commit_granule_bytes: 65536.
 - commit_granule_words: 8192.
 - virtual_space_node_default_size: 8388608.
 - enlarge_chunks_in_place: 1.
 - use_allocation_guard: 0.


Internal statistics:

num_allocs_failed_limit: 0.
num_arena_births: 450.
num_arena_deaths: 0.
num_vsnodes_births: 2.
num_vsnodes_deaths: 0.
num_space_committed: 224.
num_space_uncommitted: 0.
num_chunks_returned_to_freelist: 0.
num_chunks_taken_from_freelist: 946.
num_chunk_merges: 0.
num_chunk_splits: 607.
num_chunks_enlarged: 351.
num_inconsistent_stats: 0.

CodeHeap 'non-profiled nmethods': size=119168Kb used=1196Kb max_used=1196Kb free=117972Kb
 bounds [0x00007f94843a0000, 0x00007f9484610000, 0x00007f948b800000]
CodeHeap 'profiled nmethods': size=119164Kb used=5299Kb max_used=5299Kb free=113864Kb
 bounds [0x00007f947c800000, 0x00007f947cd30000, 0x00007f9483c5f000]
CodeHeap 'non-nmethods': size=7428Kb used=4161Kb max_used=4201Kb free=3266Kb
 bounds [0x00007f9483c5f000, 0x00007f948407f000, 0x00007f94843a0000]
CodeCache: size=245760Kb, used=10656Kb, max_used=10696Kb, free=235102Kb
 total_blobs=4408, nmethods=2982, adapters=1329, full_count=0
Compilation: enabled, stopped_count=0, restarted_count=0

Compilation events (20 events):
Event: 2.885 Thread 0x00007f93dc072d20 2974       3       org.joml.Vector4f::sub (62 bytes)
Event: 2.885 Thread 0x00007f949416b710 2975       3       org.joml.Matrix4f::m33 (41 bytes)
Event: 2.885 Thread 0x00007f93dc074240 nmethod 2970 0x00007f947cd2ab90 code [0x00007f947cd2ad60, 0x00007f947cd2b1c0]
Event: 2.885 Thread 0x00007f93e003c6c0 nmethod 2973 0x00007f947cd2b410 code [0x00007f947cd2b600, 0x00007f947cd2b968]
Event: 2.885 Thread 0x00007f93dc072d20 nmethod 2974 0x00007f947cd2bb10 code [0x00007f947cd2bcc0, 0x00007f947cd2bf60]
Event: 2.885 Thread 0x00007f949416b710 nmethod 2975 0x00007f947cd2c110 code [0x00007f947cd2c2c0, 0x00007f947cd2c490]
Event: 2.908 Thread 0x00007f949416a060 2976       4       org.joml.Vector3f::sub (47 bytes)
Event: 2.909 Thread 0x00007f949416a060 nmethod 2976 0x00007f94844c8d10 code [0x00007f94844c8ea0, 0x00007f94844c8fc0]
Event: 2.928 Thread 0x00007f93dc072d20 2977       3       java.util.LinkedHashMap$LinkedKeyIterator::next (8 bytes)
Event: 2.929 Thread 0x00007f93dc072d20 nmethod 2977 0x00007f947cd2c510 code [0x00007f947cd2c6c0, 0x00007f947cd2c818]
Event: 2.935 Thread 0x00007f949416a060 2978       4       net.ice.relic.core.rendering.backend.opengl.Uniforms::getUniformLocation (37 bytes)
Event: 2.940 Thread 0x00007f949416a060 nmethod 2978 0x00007f94844c9110 code [0x00007f94844c9320, 0x00007f94844c9928]
Event: 2.971 Thread 0x00007f949416a060 2979       4       java.lang.StringConcatHelper::simpleConcat (94 bytes)
Event: 2.981 Thread 0x00007f949416a060 nmethod 2979 0x00007f94844c9d10 code [0x00007f94844c9f00, 0x00007f94844ca4c0]
Event: 3.004 Thread 0x00007f949416a060 2980       4       org.joml.MemUtil$MemUtilUnsafe::put (43 bytes)
Event: 3.008 Thread 0x00007f949416a060 nmethod 2980 0x00007f94844ca990 code [0x00007f94844cab00, 0x00007f94844cabd0]
Event: 3.104 Thread 0x00007f949416a060 2981       4       java.lang.invoke.DirectMethodHandle$Holder::invokeSpecial (15 bytes)
Event: 3.106 Thread 0x00007f949416a060 nmethod 2981 0x00007f94844cac90 code [0x00007f94844cae20, 0x00007f94844caf10]
Event: 3.115 Thread 0x00007f949416b710 2982       3       java.util.LinkedHashMap$LinkedHashIterator::<init> (47 bytes)
Event: 3.115 Thread 0x00007f949416b710 nmethod 2982 0x00007f947cd2c910 code [0x00007f947cd2cac0, 0x00007f947cd2cd88]

GC Heap History (4 events):
Event: 0.573 GC heap before
{Heap before GC invocations=0 (full 0):
 garbage-first heap   total 1040384K, used 50225K [0x0000000417000000, 0x0000000800000000)
  region size 8192K, 6 young (49152K), 0 survivors (0K)
 Metaspace       used 7615K, committed 7936K, reserved 1114112K
  class space    used 723K, committed 896K, reserved 1048576K
}
Event: 0.577 GC heap after
{Heap after GC invocations=1 (full 0):
 garbage-first heap   total 1040384K, used 7553K [0x0000000417000000, 0x0000000800000000)
  region size 8192K, 1 young (8192K), 1 survivors (8192K)
 Metaspace       used 7615K, committed 7936K, reserved 1114112K
  class space    used 723K, committed 896K, reserved 1048576K
}
Event: 1.146 GC heap before
{Heap before GC invocations=1 (full 0):
 garbage-first heap   total 1040384K, used 48513K [0x0000000417000000, 0x0000000800000000)
  region size 8192K, 6 young (49152K), 1 survivors (8192K)
 Metaspace       used 13386K, committed 13696K, reserved 1114112K
  class space    used 957K, committed 1088K, reserved 1048576K
}
Event: 1.148 GC heap after
{Heap after GC invocations=2 (full 0):
 garbage-first heap   total 1040384K, used 6510K [0x0000000417000000, 0x0000000800000000)
  region size 8192K, 1 young (8192K), 1 survivors (8192K)
 Metaspace       used 13386K, committed 13696K, reserved 1114112K
  class space    used 957K, committed 1088K, reserved 1048576K
}

Dll operation events (13 events):
Event: 0.001 Loaded shared library /home/ian/.jdks/corretto-21.0.9/lib/libjava.so
Event: 0.015 Loaded shared library /home/ian/.jdks/corretto-21.0.9/lib/libjsvml.so
Event: 0.023 Loaded shared library /home/ian/.jdks/corretto-21.0.9/lib/libnio.so
Event: 0.024 Loaded shared library /home/ian/.jdks/corretto-21.0.9/lib/libzip.so
Event: 0.047 Loaded shared library /home/ian/.jdks/corretto-21.0.9/lib/libmanagement.so
Event: 0.048 Loaded shared library /home/ian/.jdks/corretto-21.0.9/lib/libmanagement_ext.so
Event: 0.056 Loaded shared library /home/ian/.jdks/corretto-21.0.9/lib/libjimage.so
Event: 0.130 Loaded shared library /home/ian/.jdks/corretto-21.0.9/lib/libnet.so
Event: 0.133 Loaded shared library /tmp/lwjgl_ian/3.4.0+20/x64/liblwjgl.so
Event: 0.314 Loaded shared library /home/ian/.jdks/corretto-21.0.9/lib/libverify.so
Event: 0.710 Loaded shared library /tmp/lwjgl_ian/3.4.0+20/x64/liblwjgl_opengl.so
Event: 0.968 Loaded shared library /tmp/imgui-java-natives/1.87.0/libimgui-java64.so
Event: 0.981 Loaded shared library /tmp/lwjgl_ian/3.4.0+20/x64/liblwjgl_stb.so

Deoptimization events (20 events):
Event: 2.021 Thread 0x00007f949402ceb0 Uncommon trap: trap_request=0xffffff54 fr.pc=0x00007f948449ffec relative=0x000000000000006c
Event: 2.021 Thread 0x00007f949402ceb0 Uncommon trap: reason=speculate_null_assert action=make_not_entrant pc=0x00007f948449ffec method=sun.misc.Unsafe.getLong(Ljava/lang/Object;J)J @ 5 c2
Event: 2.021 Thread 0x00007f949402ceb0 DEOPT PACKING pc=0x00007f948449ffec sp=0x00007f9498ffe5d0
Event: 2.021 Thread 0x00007f949402ceb0 DEOPT UNPACKING pc=0x00007f9483cb2f99 sp=0x00007f9498ffe578 mode 2
Event: 2.209 Thread 0x00007f949402ceb0 Uncommon trap: trap_request=0xffffffde fr.pc=0x00007f94844aa73c relative=0x000000000000011c
Event: 2.209 Thread 0x00007f949402ceb0 Uncommon trap: reason=class_check action=maybe_recompile pc=0x00007f94844aa73c method=jdk.internal.misc.Unsafe.allocateUninitializedArray(Ljava/lang/Class;I)Ljava/lang/Object; @ 51 c2
Event: 2.209 Thread 0x00007f949402ceb0 DEOPT PACKING pc=0x00007f94844aa73c sp=0x00007f9498ffe500
Event: 2.209 Thread 0x00007f949402ceb0 DEOPT UNPACKING pc=0x00007f9483cb2f99 sp=0x00007f9498ffe498 mode 2
Event: 2.209 Thread 0x00007f949402ceb0 Uncommon trap: trap_request=0xffffffde fr.pc=0x00007f94844aa73c relative=0x000000000000011c
Event: 2.209 Thread 0x00007f949402ceb0 Uncommon trap: reason=class_check action=maybe_recompile pc=0x00007f94844aa73c method=jdk.internal.misc.Unsafe.allocateUninitializedArray(Ljava/lang/Class;I)Ljava/lang/Object; @ 51 c2
Event: 2.209 Thread 0x00007f949402ceb0 DEOPT PACKING pc=0x00007f94844aa73c sp=0x00007f9498ffe500
Event: 2.209 Thread 0x00007f949402ceb0 DEOPT UNPACKING pc=0x00007f9483cb2f99 sp=0x00007f9498ffe498 mode 2
Event: 2.209 Thread 0x00007f949402ceb0 Uncommon trap: trap_request=0xffffffde fr.pc=0x00007f94844aa73c relative=0x000000000000011c
Event: 2.209 Thread 0x00007f949402ceb0 Uncommon trap: reason=class_check action=maybe_recompile pc=0x00007f94844aa73c method=jdk.internal.misc.Unsafe.allocateUninitializedArray(Ljava/lang/Class;I)Ljava/lang/Object; @ 51 c2
Event: 2.209 Thread 0x00007f949402ceb0 DEOPT PACKING pc=0x00007f94844aa73c sp=0x00007f9498ffe500
Event: 2.209 Thread 0x00007f949402ceb0 DEOPT UNPACKING pc=0x00007f9483cb2f99 sp=0x00007f9498ffe498 mode 2
Event: 2.209 Thread 0x00007f949402ceb0 Uncommon trap: trap_request=0xffffffde fr.pc=0x00007f94844aa73c relative=0x000000000000011c
Event: 2.209 Thread 0x00007f949402ceb0 Uncommon trap: reason=class_check action=maybe_recompile pc=0x00007f94844aa73c method=jdk.internal.misc.Unsafe.allocateUninitializedArray(Ljava/lang/Class;I)Ljava/lang/Object; @ 51 c2
Event: 2.209 Thread 0x00007f949402ceb0 DEOPT PACKING pc=0x00007f94844aa73c sp=0x00007f9498ffe550
Event: 2.209 Thread 0x00007f949402ceb0 DEOPT UNPACKING pc=0x00007f9483cb2f99 sp=0x00007f9498ffe4e8 mode 2

Classes loaded (20 events):
Event: 1.142 Loading class java/util/stream/ReferencePipeline$4
Event: 1.142 Loading class java/util/stream/IntPipeline$StatelessOp
Event: 1.142 Loading class java/util/stream/IntPipeline
Event: 1.142 Loading class java/util/stream/IntStream
Event: 1.142 Loading class java/util/stream/IntStream done
Event: 1.143 Loading class java/util/stream/IntPipeline done
Event: 1.143 Loading class java/util/stream/IntPipeline$StatelessOp done
Event: 1.143 Loading class java/util/stream/ReferencePipeline$4 done
Event: 1.143 Loading class java/util/stream/Nodes$IntFixedNodeBuilder
Event: 1.143 Loading class java/util/stream/Node$Builder$OfInt
Event: 1.143 Loading class java/util/stream/Sink$OfInt
Event: 1.143 Loading class java/util/stream/Sink$OfInt done
Event: 1.143 Loading class java/util/stream/Node$Builder$OfInt done
Event: 1.143 Loading class java/util/stream/Nodes$IntArrayNode
Event: 1.143 Loading class java/util/stream/Nodes$IntArrayNode done
Event: 1.143 Loading class java/util/stream/Nodes$IntFixedNodeBuilder done
Event: 1.143 Loading class java/util/stream/ReferencePipeline$4$1
Event: 1.143 Loading class java/util/stream/ReferencePipeline$4$1 done
Event: 1.960 Loading class java/lang/reflect/UndeclaredThrowableException
Event: 1.960 Loading class java/lang/reflect/UndeclaredThrowableException done

Classes unloaded (0 events):
No events

Classes redefined (0 events):
No events

Internal exceptions (20 events):
Event: 0.505 Thread 0x00007f949402ceb0 Exception <a 'java/lang/NoSuchMethodError'{0x0000000454ddaf90}: method resolution failed> (0x0000000454ddaf90) 
thrown [src/hotspot/share/prims/methodHandles.cpp, line 1136]
Event: 0.521 Thread 0x00007f949402ceb0 Exception <a 'java/lang/NoSuchMethodError'{0x000000045400efc8}: method resolution failed> (0x000000045400efc8) 
thrown [src/hotspot/share/prims/methodHandles.cpp, line 1136]
Event: 0.522 Thread 0x00007f949402ceb0 Exception <a 'java/lang/NoSuchMethodError'{0x0000000454010a00}: 'boolean java.lang.reflect.AccessibleObject.trySetAccessible(java.lang.Class)'> (0x0000000454010a00) 
thrown [src/hotspot/share/interpreter/linkResolver.cpp, line 773]
Event: 0.528 Thread 0x00007f93d0068a00 Implicit null exception at 0x00007f9484409528 to 0x00007f9484409610
Event: 0.528 Thread 0x00007f93d0149750 Implicit null exception at 0x00007f9484408b1c to 0x00007f9484408c0c
Event: 0.649 Thread 0x00007f949402ceb0 Exception <a 'java/lang/ClassNotFoundException'{0x00000004557680f8}: net/ice/relic/common/console/commands/CommandCommand> (0x00000004557680f8) 
thrown [src/hotspot/share/classfile/systemDictionary.cpp, line 312]
Event: 0.651 Thread 0x00007f949402ceb0 Exception <a 'java/lang/NoSuchMethodError'{0x0000000455770148}: 'void java.lang.invoke.DirectMethodHandle$Holder.invokeStatic(java.lang.Object, java.lang.Object, java.lang.Object)'> (0x0000000455770148) 
thrown [src/hotspot/share/interpreter/linkResolver.cpp, line 773]
Event: 0.652 Thread 0x00007f949402ceb0 Exception <a 'java/lang/ClassNotFoundException'{0x0000000455775d18}: net/ice/relic/common/console/commands/EntityCommand> (0x0000000455775d18) 
thrown [src/hotspot/share/classfile/systemDictionary.cpp, line 312]
Event: 0.654 Thread 0x00007f949402ceb0 Exception <a 'java/lang/ClassNotFoundException'{0x0000000455790ce0}: net/ice/relic/common/console/commands/ModelCommand> (0x0000000455790ce0) 
thrown [src/hotspot/share/classfile/systemDictionary.cpp, line 312]
Event: 0.655 Thread 0x00007f949402ceb0 Exception <a 'java/lang/ClassNotFoundException'{0x000000045579ac48}: net/ice/relic/common/console/commands/ShowCommands> (0x000000045579ac48) 
thrown [src/hotspot/share/classfile/systemDictionary.cpp, line 312]
Event: 0.656 Thread 0x00007f949402ceb0 Exception <a 'java/lang/ClassNotFoundException'{0x00000004557a2288}: net/ice/relic/common/console/commands/TeleportCommand> (0x00000004557a2288) 
thrown [src/hotspot/share/classfile/systemDictionary.cpp, line 312]
Event: 0.656 Thread 0x00007f949402ceb0 Exception <a 'java/lang/ClassNotFoundException'{0x00000004557a8528}: net/ice/relic/common/test/commands/LightCommands> (0x00000004557a8528) 
thrown [src/hotspot/share/classfile/systemDictionary.cpp, line 312]
Event: 0.707 Thread 0x00007f949402ceb0 Exception <a 'java/lang/ClassNotFoundException'{0x0000000454846aa8}: net/ice/relic/common/test/commands/LightCommands> (0x0000000454846aa8) 
thrown [src/hotspot/share/classfile/systemDictionary.cpp, line 312]
Event: 0.708 Thread 0x00007f949402ceb0 Exception <a 'java/lang/NoSuchMethodError'{0x0000000454862ea0}: 'void java.lang.System.load(java.lang.String, java.lang.Class)'> (0x0000000454862ea0) 
thrown [src/hotspot/share/interpreter/linkResolver.cpp, line 773]
Event: 0.709 Thread 0x00007f949402ceb0 Exception <a 'java/lang/NoSuchMethodError'{0x0000000454865948}: 'void java.lang.System.loadLibrary(java.lang.String, java.lang.Class)'> (0x0000000454865948) 
thrown [src/hotspot/share/interpreter/linkResolver.cpp, line 773]
Event: 0.928 Thread 0x00007f949402ceb0 Exception <a 'java/lang/NoSuchMethodError'{0x0000000453a27330}: 'void java.lang.invoke.DirectMethodHandle$Holder.invokeStatic(java.lang.Object, java.lang.Object, java.lang.Object, java.lang.Object)'> (0x0000000453a27330) 
thrown [src/hotspot/share/interpreter/linkResolver.cpp, line 773]
Event: 0.938 Thread 0x00007f949402ceb0 Exception <a 'java/lang/NoSuchMethodError'{0x0000000453ae7ad8}: 'void java.lang.invoke.DirectMethodHandle$Holder.invokeSpecial(java.lang.Object, java.lang.Object, java.lang.Object, java.lang.Object, java.lang.Object)'> (0x0000000453ae7ad8) 
thrown [src/hotspot/share/interpreter/linkResolver.cpp, line 773]
Event: 0.977 Thread 0x00007f949402ceb0 Exception <a 'java/lang/NoSuchMethodError'{0x0000000453c59130}: 'void java.lang.System.load(java.lang.String, java.lang.Class)'> (0x0000000453c59130) 
thrown [src/hotspot/share/interpreter/linkResolver.cpp, line 773]
Event: 0.978 Thread 0x00007f949402ceb0 Exception <a 'java/lang/NoSuchMethodError'{0x0000000453c5bb60}: 'void java.lang.System.loadLibrary(java.lang.String, java.lang.Class)'> (0x0000000453c5bb60) 
thrown [src/hotspot/share/interpreter/linkResolver.cpp, line 773]
Event: 1.157 Thread 0x00007f949402ceb0 Exception <a 'java/lang/NoSuchMethodError'{0x0000000455be82d0}: 'void java.lang.invoke.DirectMethodHandle$Holder.invokeStatic(java.lang.Object, long)'> (0x0000000455be82d0) 
thrown [src/hotspot/share/interpreter/linkResolver.cpp, line 773]

ZGC Phase Switch (0 events):
No events

VM Operations (20 events):
Event: 0.114 Executing VM operation: HandshakeAllThreads (Deoptimize)
Event: 0.114 Executing VM operation: HandshakeAllThreads (Deoptimize) done
Event: 0.481 Executing VM operation: ICBufferFull
Event: 0.481 Executing VM operation: ICBufferFull done
Event: 0.573 Executing VM operation: G1CollectForAllocation (G1 Evacuation Pause)
Event: 0.577 Executing VM operation: G1CollectForAllocation (G1 Evacuation Pause) done
Event: 0.636 Executing VM operation: HandshakeAllThreads (Deoptimize)
Event: 0.636 Executing VM operation: HandshakeAllThreads (Deoptimize) done
Event: 0.636 Executing VM operation: HandshakeAllThreads (Deoptimize)
Event: 0.636 Executing VM operation: HandshakeAllThreads (Deoptimize) done
Event: 0.992 Executing VM operation: HandshakeAllThreads (Deoptimize)
Event: 0.992 Executing VM operation: HandshakeAllThreads (Deoptimize) done
Event: 1.069 Executing VM operation: ICBufferFull
Event: 1.069 Executing VM operation: ICBufferFull done
Event: 1.142 Executing VM operation: HandshakeAllThreads (Deoptimize)
Event: 1.142 Executing VM operation: HandshakeAllThreads (Deoptimize) done
Event: 1.146 Executing VM operation: G1CollectForAllocation (G1 Evacuation Pause)
Event: 1.148 Executing VM operation: G1CollectForAllocation (G1 Evacuation Pause) done
Event: 2.148 Executing VM operation: Cleanup
Event: 2.148 Executing VM operation: Cleanup done

Memory protections (20 events):
Event: 0.662 Protecting memory [0x00007f93bcdef000,0x00007f93bcdf3000] with protection modes 0
Event: 0.662 Protecting memory [0x00007f93bd1f3000,0x00007f93bd1f7000] with protection modes 0
Event: 0.662 Protecting memory [0x00007f93bd8fa000,0x00007f93bd8fe000] with protection modes 0
Event: 0.662 Protecting memory [0x00007f93bc9eb000,0x00007f93bc9ef000] with protection modes 0
Event: 0.662 Protecting memory [0x00007f93bc8ea000,0x00007f93bc8ee000] with protection modes 0
Event: 0.662 Protecting memory [0x00007f93bcaec000,0x00007f93bcaf0000] with protection modes 0
Event: 0.662 Protecting memory [0x00007f93bcef0000,0x00007f93bcef4000] with protection modes 0
Event: 0.664 Protecting memory [0x00007f9406100000,0x00007f9406104000] with protection modes 0
Event: 0.667 Protecting memory [0x00007f93bd6f8000,0x00007f93bd6fc000] with protection modes 0
Event: 0.667 Protecting memory [0x00007f93bd3f5000,0x00007f93bd3f9000] with protection modes 0
Event: 0.668 Protecting memory [0x00007f9405500000,0x00007f9405504000] with protection modes 0
Event: 0.669 Protecting memory [0x00007f93bdf00000,0x00007f93bdf04000] with protection modes 0
Event: 0.669 Protecting memory [0x00007f93bccee000,0x00007f93bccf2000] with protection modes 0
Event: 0.669 Protecting memory [0x00007f93bdcfe000,0x00007f93bdd02000] with protection modes 0
Event: 0.669 Protecting memory [0x00007f93bd5f7000,0x00007f93bd5fb000] with protection modes 0
Event: 0.670 Protecting memory [0x00007f93bd4f6000,0x00007f93bd4fa000] with protection modes 0
Event: 0.670 Protecting memory [0x00007f93bddff000,0x00007f93bde03000] with protection modes 0
Event: 1.922 Protecting memory [0x00007f93bd0f2000,0x00007f93bd0f6000] with protection modes 0
Event: 2.416 Protecting memory [0x00007f93bd0f2000,0x00007f93bd0f6000] with protection modes 0
Event: 2.416 Protecting memory [0x00007f93bc7e9000,0x00007f93bc7ed000] with protection modes 0

Nmethod flushes (0 events):
No events

Events (20 events):
Event: 0.707 Thread 0x00007f944c00aaa0 Thread exited: 0x00007f944c00aaa0
Event: 0.707 Thread 0x00007f944c012960 Thread exited: 0x00007f944c012960
Event: 0.707 Thread 0x00007f944c002ea0 Thread exited: 0x00007f944c002ea0
Event: 0.707 Thread 0x00007f944c009df0 Thread exited: 0x00007f944c009df0
Event: 0.707 Thread 0x00007f944c00dbc0 Thread exited: 0x00007f944c00dbc0
Event: 0.707 Thread 0x00007f944c00b760 Thread exited: 0x00007f944c00b760
Event: 0.707 Thread 0x00007f944c008570 Thread exited: 0x00007f944c008570
Event: 0.707 Thread 0x00007f944c0079a0 Thread exited: 0x00007f944c0079a0
Event: 0.707 Thread 0x00007f944c010270 Thread exited: 0x00007f944c010270
Event: 0.707 Thread 0x00007f944c00c420 Thread exited: 0x00007f944c00c420
Event: 0.707 Thread 0x00007f9494c0bd70 Thread exited: 0x00007f9494c0bd70
Event: 0.707 Thread 0x00007f944c004780 Thread exited: 0x00007f944c004780
Event: 0.857 Thread 0x00007f93dc0d5610 Thread exited: 0x00007f93dc0d5610
Event: 1.378 Thread 0x00007f93dc0cd790 Thread exited: 0x00007f93dc0cd790
Event: 1.922 Thread 0x00007f949416a060 Thread added: 0x00007f93ec228fe0
Event: 2.165 Thread 0x00007f93ec228fe0 Thread exited: 0x00007f93ec228fe0
Event: 2.416 Thread 0x00007f949416a060 Thread added: 0x00007f93ec25b070
Event: 2.416 Thread 0x00007f949416a060 Thread added: 0x00007f93ec25ba20
Event: 2.571 Thread 0x00007f93ec25ba20 Thread exited: 0x00007f93ec25ba20
Event: 2.884 Thread 0x00007f93ec25b070 Thread exited: 0x00007f93ec25b070


Dynamic libraries:
4093c000-409eb000 rw-p 00000000 00:00 0 
41dac000-41dae000 r-xs 00000000 00:01 65787                              /memfd:/.glXXXXXX (deleted)
417000000-456000000 rw-p 00000000 00:00 0 
456000000-7ff800000 ---p 00000000 00:00 0 
7ff800000-7ff90d000 rw-p 00cdf000 103:03 25434006                        /home/ian/.jdks/corretto-21.0.9/lib/server/classes.jsa
7ff90d000-800000000 rw-p 00000000 00:00 0 
55a025c00000-55a025c01000 r-xp 00000000 103:03 25434313                  /home/ian/.jdks/corretto-21.0.9/bin/java
55a025e01000-55a025e02000 r--p 00001000 103:03 25434313                  /home/ian/.jdks/corretto-21.0.9/bin/java
55a025e02000-55a025e03000 rw-p 00002000 103:03 25434313                  /home/ian/.jdks/corretto-21.0.9/bin/java
55a03ab46000-55a03b27a000 rw-p 00000000 00:00 0                          [heap]
7f9380000000-7f9382001000 rw-p 00000000 00:00 0 
7f9382001000-7f9384000000 ---p 00000000 00:00 0 
7f9385a00000-7f9386a00000 rw-s 00000000 00:07 1487                       /dev/nvidiactl
7f9386a00000-7f9387a00000 rw-s 00000000 00:07 1487                       /dev/nvidiactl
7f9387a00000-7f9387e00000 rw-s 00000000 00:07 1487                       /dev/nvidiactl
7f9387e00000-7f9388200000 rw-s 00000000 00:07 1487                       /dev/nvidiactl
7f9388200000-7f9388400000 rw-s 00000000 00:07 1487                       /dev/nvidiactl
7f9388400000-7f9388800000 rw-s 00000000 00:07 1487                       /dev/nvidiactl
7f9388c00000-7f9388e00000 rw-s 00000000 00:07 1487                       /dev/nvidiactl
7f9388e00000-7f9389000000 rw-s 00000000 00:07 1487                       /dev/nvidiactl
7f9389000000-7f93897f0000 r-xp 00000000 00:2e 1056                       /tmp/lwjgl_ian/3.4.0+20/x64/libassimp.so
7f93897f0000-7f9389a89000 r--p 007f0000 00:2e 1056                       /tmp/lwjgl_ian/3.4.0+20/x64/libassimp.so
7f9389a89000-7f9389b53000 r--p 00a88000 00:2e 1056                       /tmp/lwjgl_ian/3.4.0+20/x64/libassimp.so
7f9389b53000-7f9389b56000 rw-p 00b52000 00:2e 1056                       /tmp/lwjgl_ian/3.4.0+20/x64/libassimp.so
7f9389b56000-7f9389b5c000 rw-p 00000000 00:00 0 
7f9389c64000-7f9389d70000 r-xp 00000000 00:2e 1055                       /tmp/lwjgl_ian/3.4.0+20/x64/libdraco.so
7f9389d70000-7f9389df8000 r--p 0010c000 00:2e 1055                       /tmp/lwjgl_ian/3.4.0+20/x64/libdraco.so
7f9389df8000-7f9389dfc000 r--p 00194000 00:2e 1055                       /tmp/lwjgl_ian/3.4.0+20/x64/libdraco.so
7f9389dfc000-7f9389dfe000 rw-p 00198000 00:2e 1055                       /tmp/lwjgl_ian/3.4.0+20/x64/libdraco.so
7f9389dfe000-7f938adfe000 rw-s 00000000 00:07 1487                       /dev/nvidiactl
7f938adfe000-7f938bdff000 rw-p 00000000 00:00 0 
7f938bdff000-7f938cdff000 rw-s 00000000 00:07 1487                       /dev/nvidiactl
7f938cdff000-7f938de00000 rw-p 00000000 00:00 0 
7f938de00000-7f938de9a000 r--p 00000000 103:02 921310                    /usr/lib/libstdc++.so.6.0.36
7f938de9a000-7f938e01d000 r-xp 0009a000 103:02 921310                    /usr/lib/libstdc++.so.6.0.36
7f938e01d000-7f938e0bd000 r--p 0021d000 103:02 921310                    /usr/lib/libstdc++.so.6.0.36
7f938e0bd000-7f938e0ce000 r--p 002bc000 103:02 921310                    /usr/lib/libstdc++.so.6.0.36
7f938e0ce000-7f938e0cf000 rw-p 002cd000 103:02 921310                    /usr/lib/libstdc++.so.6.0.36
7f938e0cf000-7f938e0d3000 rw-p 00000000 00:00 0 
7f938e200000-7f938e2c4000 r--p 00000000 00:2e 1174                       /tmp/imgui-java-natives/1.87.0/libimgui-java64.so
7f938e2c4000-7f938e7e7000 r-xp 000c4000 00:2e 1174                       /tmp/imgui-java-natives/1.87.0/libimgui-java64.so
7f938e7e7000-7f938e8bc000 r--p 005e7000 00:2e 1174                       /tmp/imgui-java-natives/1.87.0/libimgui-java64.so
7f938e8bc000-7f938e8c8000 r--p 006bb000 00:2e 1174                       /tmp/imgui-java-natives/1.87.0/libimgui-java64.so
7f938e8c8000-7f938e8d5000 rw-p 006c7000 00:2e 1174                       /tmp/imgui-java-natives/1.87.0/libimgui-java64.so
7f938e8d5000-7f938f103000 rw-p 00000000 00:00 0 
7f938f116000-7f939267e000 rw-s 00000000 00:07 1487                       /dev/nvidiactl
7f939267e000-7f9395be6000 rw-p 00000000 00:00 0 
7f9395be6000-7f939914e000 rw-s 00000000 00:07 1487                       /dev/nvidiactl
7f939914e000-7f939c6b6000 rw-p 00000000 00:00 0 
7f939c6b6000-7f939fc1e000 rw-s 00000000 00:07 1487                       /dev/nvidiactl
7f939fc1e000-7f93a3186000 rw-p 00000000 00:00 0 
7f93a3186000-7f93a66ee000 rw-s 00000000 00:07 1487                       /dev/nvidiactl
7f93a66ee000-7f93a9c56000 rw-p 00000000 00:00 0 
7f93a9c56000-7f93ad1be000 rw-s 00000000 00:07 1487                       /dev/nvidiactl
7f93ad1be000-7f93b0726000 rw-p 00000000 00:00 0 
7f93b0726000-7f93b3c8e000 rw-s 00000000 00:07 1487                       /dev/nvidiactl
7f93b3c8e000-7f93b71f6000 rw-p 00000000 00:00 0 
7f93b71f6000-7f93b73f6000 rw-s 00000000 00:07 1487                       /dev/nvidiactl
7f93b73f6000-7f93b75f6000 rw-s 00000000 00:07 1487                       /dev/nvidiactl
7f93b75f6000-7f93b8000000 rw-p 00000000 00:00 0 
7f93b8000000-7f93b8241000 rw-p 00000000 00:00 0 
7f93b8241000-7f93bc000000 ---p 00000000 00:00 0 
7f93bc0e1000-7f93bc7e9000 rw-p 00000000 00:00 0 
7f93bc7e9000-7f93bc7ed000 ---p 00000000 00:00 0 
7f93bc7ed000-7f93bc8ea000 rw-p 00000000 00:00 0 
7f93bc8ea000-7f93bc8ee000 ---p 00000000 00:00 0 
7f93bc8ee000-7f93bc9eb000 rw-p 00000000 00:00 0 
7f93bc9eb000-7f93bc9ef000 ---p 00000000 00:00 0 
7f93bc9ef000-7f93bcaec000 rw-p 00000000 00:00 0 
7f93bcaec000-7f93bcaf0000 ---p 00000000 00:00 0 
7f93bcaf0000-7f93bcbed000 rw-p 00000000 00:00 0 
7f93bcbed000-7f93bcbf1000 ---p 00000000 00:00 0 
7f93bcbf1000-7f93bccee000 rw-p 00000000 00:00 0 
7f93bccee000-7f93bccf2000 ---p 00000000 00:00 0 
7f93bccf2000-7f93bcdef000 rw-p 00000000 00:00 0 
7f93bcdef000-7f93bcdf3000 ---p 00000000 00:00 0 
7f93bcdf3000-7f93bcef0000 rw-p 00000000 00:00 0 
7f93bcef0000-7f93bcef4000 ---p 00000000 00:00 0 
7f93bcef4000-7f93bcff1000 rw-p 00000000 00:00 0 
7f93bcff1000-7f93bcff5000 ---p 00000000 00:00 0 
7f93bcff5000-7f93bd0f2000 rw-p 00000000 00:00 0 
7f93bd0f2000-7f93bd0f6000 ---p 00000000 00:00 0 
7f93bd0f6000-7f93bd1f3000 rw-p 00000000 00:00 0 
7f93bd1f3000-7f93bd1f7000 ---p 00000000 00:00 0 
7f93bd1f7000-7f93bd2f4000 rw-p 00000000 00:00 0 
7f93bd2f4000-7f93bd2f8000 ---p 00000000 00:00 0 
7f93bd2f8000-7f93bd3f5000 rw-p 00000000 00:00 0 
7f93bd3f5000-7f93bd3f9000 ---p 00000000 00:00 0 
7f93bd3f9000-7f93bd4f6000 rw-p 00000000 00:00 0 
7f93bd4f6000-7f93bd4fa000 ---p 00000000 00:00 0 
7f93bd4fa000-7f93bd5f7000 rw-p 00000000 00:00 0 
7f93bd5f7000-7f93bd5fb000 ---p 00000000 00:00 0 
7f93bd5fb000-7f93bd6f8000 rw-p 00000000 00:00 0 
7f93bd6f8000-7f93bd6fc000 ---p 00000000 00:00 0 
7f93bd6fc000-7f93bd7f9000 rw-p 00000000 00:00 0 
7f93bd7f9000-7f93bd7fd000 ---p 00000000 00:00 0 
7f93bd7fd000-7f93bd8fa000 rw-p 00000000 00:00 0 
7f93bd8fa000-7f93bd8fe000 ---p 00000000 00:00 0 
7f93bd8fe000-7f93bd9fb000 rw-p 00000000 00:00 0 
7f93bd9fb000-7f93bd9ff000 ---p 00000000 00:00 0 
7f93bd9ff000-7f93bdafc000 rw-p 00000000 00:00 0 
7f93bdafc000-7f93bdb00000 ---p 00000000 00:00 0 
7f93bdb00000-7f93bdbfd000 rw-p 00000000 00:00 0 
7f93bdbfd000-7f93bdc01000 ---p 00000000 00:00 0 
7f93bdc01000-7f93bdcfe000 rw-p 00000000 00:00 0 
7f93bdcfe000-7f93bdd02000 ---p 00000000 00:00 0 
7f93bdd02000-7f93bddff000 rw-p 00000000 00:00 0 
7f93bddff000-7f93bde03000 ---p 00000000 00:00 0 
7f93bde03000-7f93bdf00000 rw-p 00000000 00:00 0 
7f93bdf00000-7f93bdf04000 ---p 00000000 00:00 0 
7f93bdf04000-7f93be000000 rw-p 00000000 00:00 0 
7f93be000000-7f93be00d000 r-xp 00000000 103:03 25434000                  /home/ian/.jdks/corretto-21.0.9/lib/libverify.so
7f93be00d000-7f93be20c000 ---p 0000d000 103:03 25434000                  /home/ian/.jdks/corretto-21.0.9/lib/libverify.so
7f93be20c000-7f93be20e000 r--p 0000c000 103:03 25434000                  /home/ian/.jdks/corretto-21.0.9/lib/libverify.so
7f93be20e000-7f93be20f000 rw-p 00000000 00:00 0 
7f93be265000-7f93be2e8000 r-xp 00000000 00:2e 1057                       /tmp/lwjgl_ian/3.4.0+20/x64/liblwjgl_stb.so
7f93be2e8000-7f93be2fd000 r--p 00083000 00:2e 1057                       /tmp/lwjgl_ian/3.4.0+20/x64/liblwjgl_stb.so
7f93be2fd000-7f93be2fe000 r--p 00097000 00:2e 1057                       /tmp/lwjgl_ian/3.4.0+20/x64/liblwjgl_stb.so
7f93be2fe000-7f93be2ff000 rw-p 00098000 00:2e 1057                       /tmp/lwjgl_ian/3.4.0+20/x64/liblwjgl_stb.so
7f93be2ff000-7f93be3ff000 rw-s 00000000 00:07 1487                       /dev/nvidiactl
7f93be3ff000-7f93bec00000 rw-p 00000000 00:00 0 
7f93bec00000-7f93bef5b000 r--p 00000000 103:02 962221                    /usr/lib/libnvidia-gpucomp.so.610.57.04
7f93bef5b000-7f93c34f8000 r-xp 0035b000 103:02 962221                    /usr/lib/libnvidia-gpucomp.so.610.57.04
7f93c34f8000-7f93c51e8000 r--p 048f8000 103:02 962221                    /usr/lib/libnvidia-gpucomp.so.610.57.04
7f93c51e8000-7f93c543a000 r--p 065e7000 103:02 962221                    /usr/lib/libnvidia-gpucomp.so.610.57.04
7f93c543a000-7f93c55c5000 rw-p 06839000 103:02 962221                    /usr/lib/libnvidia-gpucomp.so.610.57.04
7f93c55c5000-7f93c5680000 rw-p 00000000 00:00 0 
7f93c56a6000-7f93c56bb000 r-xp 00000000 00:2e 1051                       /tmp/lwjgl_ian/3.4.0+20/x64/liblwjgl_opengl.so
7f93c56bb000-7f93c56fe000 r--p 00015000 00:2e 1051                       /tmp/lwjgl_ian/3.4.0+20/x64/liblwjgl_opengl.so
7f93c56fe000-7f93c56ff000 r--p 00057000 00:2e 1051                       /tmp/lwjgl_ian/3.4.0+20/x64/liblwjgl_opengl.so
7f93c56ff000-7f93c5700000 rw-p 00058000 00:2e 1051                       /tmp/lwjgl_ian/3.4.0+20/x64/liblwjgl_opengl.so
7f93c5800000-7f93c5a50000 r-xp 00000000 103:02 961761                    /usr/lib/libnvidia-glcore.so.610.57.04
7f93c5a50000-7f93c5a71000 rwxp 00250000 103:02 961761                    /usr/lib/libnvidia-glcore.so.610.57.04
7f93c5a71000-7f93c5c00000 r-xp 00271000 103:02 961761                    /usr/lib/libnvidia-glcore.so.610.57.04
7f93c5c00000-7f93c6800000 r-xp 00400000 103:02 961761                    /usr/lib/libnvidia-glcore.so.610.57.04
7f93c6800000-7f93c7df9000 r-xp 01000000 103:02 961761                    /usr/lib/libnvidia-glcore.so.610.57.04
7f93c7df9000-7f93c7dfa000 ---p 025f9000 103:02 961761                    /usr/lib/libnvidia-glcore.so.610.57.04
7f93c7dfa000-7f93c7f72000 r--p 025f9000 103:02 961761                    /usr/lib/libnvidia-glcore.so.610.57.04
7f93c7f72000-7f93c7fd5000 rw-p 02771000 103:02 961761                    /usr/lib/libnvidia-glcore.so.610.57.04
7f93c7fd5000-7f93c7ff5000 rw-p 00000000 00:00 0 
7f93c8000000-7f93c8161000 rw-p 00000000 00:00 0 
7f93c8161000-7f93cc000000 ---p 00000000 00:00 0 
7f93cc000000-7f93cc175000 rw-p 00000000 00:00 0 
7f93cc175000-7f93d0000000 ---p 00000000 00:00 0 
7f93d0000000-7f93d01de000 rw-p 00000000 00:00 0 
7f93d01de000-7f93d4000000 ---p 00000000 00:00 0 
7f93d4000000-7f93d4109000 rw-p 00000000 00:00 0 
7f93d4109000-7f93d8000000 ---p 00000000 00:00 0 
7f93d8000000-7f93d8021000 rw-p 00000000 00:00 0 
7f93d8021000-7f93dc000000 ---p 00000000 00:00 0 
7f93dc000000-7f93dc16b000 rw-p 00000000 00:00 0 
7f93dc16b000-7f93e0000000 ---p 00000000 00:00 0 
7f93e0000000-7f93e01cf000 rw-p 00000000 00:00 0 
7f93e01cf000-7f93e4000000 ---p 00000000 00:00 0 
7f93e4000000-7f93e4089000 rw-p 00000000 00:00 0 
7f93e4089000-7f93e8000000 ---p 00000000 00:00 0 
7f93e8000000-7f93e8023000 rw-p 00000000 00:00 0 
7f93e8023000-7f93ec000000 ---p 00000000 00:00 0 
7f93ec000000-7f93ec3f2000 rw-p 00000000 00:00 0 
7f93ec3f2000-7f93f0000000 ---p 00000000 00:00 0 
7f93f0000000-7f93f0021000 rw-p 00000000 00:00 0 
7f93f0021000-7f93f4000000 ---p 00000000 00:00 0 
7f93f4000000-7f93f4023000 rw-p 00000000 00:00 0 
7f93f4023000-7f93f8000000 ---p 00000000 00:00 0 
7f93f8000000-7f93f8422000 rw-p 00000000 00:00 0 
7f93f8422000-7f93fc000000 ---p 00000000 00:00 0 
7f93fc000000-7f93fc021000 rw-p 00000000 00:00 0 
7f93fc021000-7f9400000000 ---p 00000000 00:00 0 
7f9400000000-7f9400034000 rw-p 00000000 00:00 0 
7f9400034000-7f9404000000 ---p 00000000 00:00 0 
7f9404027000-7f9404949000 rw-p 00000000 00:00 0 
7f9404949000-7f940514a000 rw-p 00000000 00:00 0 
7f940514a000-7f940515f000 r--p 00000000 103:02 933484                    /usr/lib/libsystemd.so.0.44.0
7f940515f000-7f9405238000 r-xp 00015000 103:02 933484                    /usr/lib/libsystemd.so.0.44.0
7f9405238000-7f9405287000 r--p 000ee000 103:02 933484                    /usr/lib/libsystemd.so.0.44.0
7f9405287000-7f9405290000 r--p 0013c000 103:02 933484                    /usr/lib/libsystemd.so.0.44.0
7f9405290000-7f9405291000 rw-p 00145000 103:02 933484                    /usr/lib/libsystemd.so.0.44.0
7f9405291000-7f9405292000 rw-p 00000000 00:00 0 
7f9405292000-7f94052e3000 r--p 00000000 103:02 956190                    /usr/lib/libGLX_nvidia.so.610.57.04
7f94052e3000-7f9405340000 r-xp 00051000 103:02 956190                    /usr/lib/libGLX_nvidia.so.610.57.04
7f9405340000-7f9405375000 rwxp 000ae000 103:02 956190                    /usr/lib/libGLX_nvidia.so.610.57.04
7f9405375000-7f9405376000 r-xp 000e3000 103:02 956190                    /usr/lib/libGLX_nvidia.so.610.57.04
7f9405376000-7f9405396000 r--p 000e4000 103:02 956190                    /usr/lib/libGLX_nvidia.so.610.57.04
7f9405396000-7f94053b6000 r--p 00103000 103:02 956190                    /usr/lib/libGLX_nvidia.so.610.57.04
7f94053b6000-7f94053bb000 rw-p 00123000 103:02 956190                    /usr/lib/libGLX_nvidia.so.610.57.04
7f94053bb000-7f94053bd000 rw-p 00000000 00:00 0 
7f94053bd000-7f94053d4000 r--p 00000000 103:02 945154                    /usr/lib/libX11.so.6.4.0
7f94053d4000-7f9405469000 r-xp 00017000 103:02 945154                    /usr/lib/libX11.so.6.4.0
7f9405469000-7f94054f8000 r--p 000ac000 103:02 945154                    /usr/lib/libX11.so.6.4.0
7f94054f8000-7f94054fb000 r--p 0013a000 103:02 945154                    /usr/lib/libX11.so.6.4.0
7f94054fb000-7f94054ff000 rw-p 0013d000 103:02 945154                    /usr/lib/libX11.so.6.4.0
7f94054ff000-7f9405500000 rw-p 00000000 00:00 0 
7f9405500000-7f9405504000 ---p 00000000 00:00 0 
7f9405504000-7f9405600000 rw-p 00000000 00:00 0 
7f9405600000-7f9405605000 r-xp 00000000 103:03 25433995                  /home/ian/.jdks/corretto-21.0.9/lib/libmanagement_ext.so
7f9405605000-7f9405805000 ---p 00005000 103:03 25433995                  /home/ian/.jdks/corretto-21.0.9/lib/libmanagement_ext.so
7f9405805000-7f9405806000 r--p 00005000 103:03 25433995                  /home/ian/.jdks/corretto-21.0.9/lib/libmanagement_ext.so
7f9405806000-7f9405807000 rw-p 00000000 00:00 0 
7f940581f000-7f940585f000 rw-s 00000000 00:07 1487                       /dev/nvidiactl
7f940585f000-7f940587f000 rw-s 00000000 00:07 1487                       /dev/nvidiactl
7f940587f000-7f94058ff000 rw-s 00000000 00:07 1487                       /dev/nvidiactl
7f94058ff000-7f9405900000 rw-p 00000000 00:00 0 
7f9405900000-7f9405904000 ---p 00000000 00:00 0 
7f9405904000-7f9405a00000 rw-p 00000000 00:00 0 
7f9405a00000-7f9405a04000 r-xp 00000000 103:03 25433988                  /home/ian/.jdks/corretto-21.0.9/lib/libmanagement.so
7f9405a04000-7f9405c03000 ---p 00004000 103:03 25433988                  /home/ian/.jdks/corretto-21.0.9/lib/libmanagement.so
7f9405c03000-7f9405c04000 r--p 00003000 103:03 25433988                  /home/ian/.jdks/corretto-21.0.9/lib/libmanagement.so
7f9405c04000-7f9405c05000 rw-p 00000000 00:00 0 
7f9405c1f000-7f9405c5f000 rw-s 00000000 00:07 1487                       /dev/nvidiactl
7f9405c5f000-7f9405c7f000 rw-s 00000000 00:07 1487                       /dev/nvidiactl
7f9405c7f000-7f9405cff000 rw-s 00000000 00:07 1487                       /dev/nvidiactl
7f9405cff000-7f9405d00000 rw-p 00000000 00:00 0 
7f9405d00000-7f9405d04000 ---p 00000000 00:00 0 
7f9405d04000-7f9405e00000 rw-p 00000000 00:00 0 
7f9405e00000-7f9405e07000 r-xp 00000000 103:03 25434044                  /home/ian/.jdks/corretto-21.0.9/lib/libzip.so
7f9405e07000-7f9406006000 ---p 00007000 103:03 25434044                  /home/ian/.jdks/corretto-21.0.9/lib/libzip.so
7f9406006000-7f9406007000 r--p 00006000 103:03 25434044                  /home/ian/.jdks/corretto-21.0.9/lib/libzip.so
7f9406007000-7f9406008000 rw-p 00000000 00:00 0 
7f940600d000-7f940600f000 r--p 00000000 103:02 958607                    /usr/lib/libEGL.so.1.1.0
7f940600f000-7f9406019000 r-xp 00002000 103:02 958607                    /usr/lib/libEGL.so.1.1.0
7f9406019000-7f940601d000 r--p 0000c000 103:02 958607                    /usr/lib/libEGL.so.1.1.0
7f940601d000-7f940601e000 r--p 0000f000 103:02 958607                    /usr/lib/libEGL.so.1.1.0
7f940601e000-7f940601f000 rw-p 00010000 103:02 958607                    /usr/lib/libEGL.so.1.1.0
7f940601f000-7f940605f000 rw-s 00000000 00:07 1487                       /dev/nvidiactl
7f940605f000-7f940607f000 rw-s 00000000 00:07 1487                       /dev/nvidiactl
7f940607f000-7f94060bf000 rw-s 00000000 00:07 1487                       /dev/nvidiactl
7f94060bf000-7f94060ff000 rw-s 00000000 00:07 1487                       /dev/nvidiactl
7f94060ff000-7f9406100000 rw-p 00000000 00:00 0 
7f9406100000-7f9406104000 ---p 00000000 00:00 0 
7f9406104000-7f9406200000 rw-p 00000000 00:00 0 
7f9406200000-7f940620b000 r-xp 00000000 103:03 25433958                  /home/ian/.jdks/corretto-21.0.9/lib/libnet.so
7f940620b000-7f940640a000 ---p 0000b000 103:03 25433958                  /home/ian/.jdks/corretto-21.0.9/lib/libnet.so
7f940640a000-7f940640b000 r--p 0000a000 103:03 25433958                  /home/ian/.jdks/corretto-21.0.9/lib/libnet.so
7f940640b000-7f940640c000 rw-p 00000000 00:00 0 
7f940640c000-7f940641f000 rw-s 00000000 00:07 1487                       /dev/nvidiactl
7f940641f000-7f940643f000 rw-s 00000000 00:07 1487                       /dev/nvidiactl
7f940643f000-7f94064bf000 rw-s 00000000 00:07 1489                       /dev/nvidia0
7f94064bf000-7f94064ff000 rw-s 00000000 00:07 1487                       /dev/nvidiactl
7f94064ff000-7f9406500000 rw-p 00000000 00:00 0 
7f9406500000-7f9406504000 ---p 00000000 00:00 0 
7f9406504000-7f9406600000 rw-p 00000000 00:00 0 
7f9406600000-7f9406613000 r-xp 00000000 103:03 25433954                  /home/ian/.jdks/corretto-21.0.9/lib/libnio.so
7f9406613000-7f9406812000 ---p 00013000 103:03 25433954                  /home/ian/.jdks/corretto-21.0.9/lib/libnio.so
7f9406812000-7f9406813000 r--p 00012000 103:03 25433954                  /home/ian/.jdks/corretto-21.0.9/lib/libnio.so
7f9406813000-7f9406814000 rw-p 00013000 103:03 25433954                  /home/ian/.jdks/corretto-21.0.9/lib/libnio.so
7f940681f000-7f9406823000 rw-s 00000000 00:07 1487                       /dev/nvidiactl
7f9406823000-7f9406843000 rw-s 00000000 00:07 1487                       /dev/nvidiactl
7f940685c000-7f9406863000 r--s 00000000 103:02 1025860                   /usr/lib/gconv/gconv-modules.cache
7f9406863000-7f9406873000 r--p 00000000 103:02 961844                    /usr/lib/libnvidia-glsi.so.610.57.04
7f9406873000-7f94068d3000 r-xp 00010000 103:02 961844                    /usr/lib/libnvidia-glsi.so.610.57.04
7f94068d3000-7f94068f0000 r--p 00070000 103:02 961844                    /usr/lib/libnvidia-glsi.so.610.57.04
7f94068f0000-7f94068f6000 r--p 0008c000 103:02 961844                    /usr/lib/libnvidia-glsi.so.610.57.04
7f94068f6000-7f94068f7000 rw-p 00092000 103:02 961844                    /usr/lib/libnvidia-glsi.so.610.57.04
7f94068f7000-7f94068ff000 rw-p 00000000 00:00 0 
7f94068ff000-7f9406900000 rw-p 00000000 00:00 0 
7f9406900000-7f9406904000 ---p 00000000 00:00 0 
7f9406904000-7f9406a00000 rw-p 00000000 00:00 0 
7f9406a00000-7f9406ace000 r-xp 00000000 103:03 25433997                  /home/ian/.jdks/corretto-21.0.9/lib/libjsvml.so
7f9406ace000-7f9406ccd000 ---p 000ce000 103:03 25433997                  /home/ian/.jdks/corretto-21.0.9/lib/libjsvml.so
7f9406ccd000-7f9406cce000 r--p 000cd000 103:03 25433997                  /home/ian/.jdks/corretto-21.0.9/lib/libjsvml.so
7f9406cce000-7f9406ccf000 rw-p 000ce000 103:03 25433997                  /home/ian/.jdks/corretto-21.0.9/lib/libjsvml.so
7f9406cd1000-7f9406cd3000 rw-s 00000000 00:07 1487                       /dev/nvidiactl
7f9406cd3000-7f9406cd6000 rw-s 00000000 00:07 1487                       /dev/nvidiactl
7f9406cd6000-7f9406cd8000 rw-s 00000000 00:01 65787                      /memfd:/.glXXXXXX (deleted)
7f9406cd8000-7f9406cdb000 r--p 00000000 103:02 959830                    /usr/lib/libnvidia-allocator.so.610.57.04
7f9406cdb000-7f9406cef000 r-xp 00003000 103:02 959830                    /usr/lib/libnvidia-allocator.so.610.57.04
7f9406cef000-7f9406cf9000 r--p 00017000 103:02 959830                    /usr/lib/libnvidia-allocator.so.610.57.04
7f9406cf9000-7f9406cfa000 r--p 00020000 103:02 959830                    /usr/lib/libnvidia-allocator.so.610.57.04
7f9406cfa000-7f9406cfb000 rw-p 00021000 103:02 959830                    /usr/lib/libnvidia-allocator.so.610.57.04
7f9406cfb000-7f9406cfd000 rw-p 00000000 00:00 0 
7f9406cfd000-7f9406cfe000 rw-p 00000000 00:00 0 
7f9406cfe000-7f9406d02000 ---p 00000000 00:00 0 
7f9406d02000-7f9406dff000 rw-p 00000000 00:00 0 
7f9406dff000-7f9406e03000 ---p 00000000 00:00 0 
7f9406e03000-7f9406f00000 rw-p 00000000 00:00 0 
7f9406f00000-7f9406f04000 ---p 00000000 00:00 0 
7f9406f04000-7f9407000000 rw-p 00000000 00:00 0 
7f9407000000-7f9407400000 rw-p 00000000 00:00 0 
7f9407400000-7f9407800000 rw-p 00000000 00:00 0 
7f9407800000-7f9407840000 rw-p 00000000 00:00 0 
7f9407840000-7f9407cd0000 rw-p 00000000 00:00 0 
7f9407cd0000-7f9407d00000 ---p 00000000 00:00 0 
7f9407d00000-7f9407d20000 rw-p 00000000 00:00 0 
7f9407d20000-7f940b000000 ---p 00000000 00:00 0 
7f940b000000-7f940bca0000 rw-p 00001000 103:03 25434006                  /home/ian/.jdks/corretto-21.0.9/lib/server/classes.jsa
7f940bca0000-7f940c000000 ---p 00000000 00:00 0 
7f940c000000-7f940c040000 rw-p 00000000 00:00 0 
7f940c040000-7f940c0c0000 rw-p 00000000 00:00 0 
7f940c0c0000-7f940c0e0000 rw-p 00000000 00:00 0 
7f940c0e0000-7f940c100000 ---p 00000000 00:00 0 
7f940c100000-7f940c150000 rw-p 00000000 00:00 0 
7f940c150000-7f944c000000 ---p 00000000 00:00 0 
7f944c000000-7f944c1cb000 rw-p 00000000 00:00 0 
7f944c1cb000-7f9450000000 ---p 00000000 00:00 0 
7f9450000000-7f9450021000 rw-p 00000000 00:00 0 
7f9450021000-7f9454000000 ---p 00000000 00:00 0 
7f9454000000-7f945402a000 rw-p 00000000 00:00 0 
7f945402a000-7f9458000000 ---p 00000000 00:00 0 
7f9458000000-7f9458001000 rw-s 00000000 00:07 1489                       /dev/nvidia0
7f9458005000-7f9458018000 rw-s 00000000 00:07 1487                       /dev/nvidiactl
7f9458018000-7f945801d000 r--p 00000000 103:02 958398                    /usr/lib/libdrm.so.2.134.0
7f945801d000-7f9458029000 r-xp 00005000 103:02 958398                    /usr/lib/libdrm.so.2.134.0
7f9458029000-7f945802d000 r--p 00011000 103:02 958398                    /usr/lib/libdrm.so.2.134.0
7f945802d000-7f945802e000 r--p 00015000 103:02 958398                    /usr/lib/libdrm.so.2.134.0
7f945802e000-7f945802f000 rw-p 00016000 103:02 958398                    /usr/lib/libdrm.so.2.134.0
7f945802f000-7f945803d000 r--p 00000000 103:02 942789                    /usr/lib/libdbus-1.so.3.38.3
7f945803d000-7f945806e000 r-xp 0000e000 103:02 942789                    /usr/lib/libdbus-1.so.3.38.3
7f945806e000-7f945807f000 r--p 0003f000 103:02 942789                    /usr/lib/libdbus-1.so.3.38.3
7f945807f000-7f9458081000 r--p 0004f000 103:02 942789                    /usr/lib/libdbus-1.so.3.38.3
7f9458081000-7f9458082000 rw-p 00051000 103:02 942789                    /usr/lib/libdbus-1.so.3.38.3
7f9458082000-7f9458084000 r--p 00000000 103:02 958619                    /usr/lib/libGLdispatch.so.0.0.0
7f9458084000-7f9458087000 r-xp 00002000 103:02 958619                    /usr/lib/libGLdispatch.so.0.0.0
7f9458087000-7f94580c2000 r-xp 00005000 103:02 958619                    /usr/lib/libGLdispatch.so.0.0.0
7f94580c2000-7f94580c3000 r-xp 00040000 103:02 958619                    /usr/lib/libGLdispatch.so.0.0.0
7f94580c3000-7f94580d6000 r--p 00041000 103:02 958619                    /usr/lib/libGLdispatch.so.0.0.0
7f94580d6000-7f94580f2000 r--p 00054000 103:02 958619                    /usr/lib/libGLdispatch.so.0.0.0
7f94580f2000-7f94580f3000 rw-p 00070000 103:02 958619                    /usr/lib/libGLdispatch.so.0.0.0
7f94580f3000-7f94580fb000 rw-p 00000000 00:00 0 
7f94580fb000-7f94580fc000 rw-p 00000000 00:00 0 
7f94580fc000-7f9458100000 ---p 00000000 00:00 0 
7f9458100000-7f94581fd000 rw-p 00000000 00:00 0 
7f94581fd000-7f9458201000 ---p 00000000 00:00 0 
7f9458201000-7f94582fe000 rw-p 00000000 00:00 0 
7f94582fe000-7f9458302000 ---p 00000000 00:00 0 
7f9458302000-7f94583ff000 rw-p 00000000 00:00 0 
7f94583ff000-7f9458403000 ---p 00000000 00:00 0 
7f9458403000-7f9458500000 rw-p 00000000 00:00 0 
7f9458500000-7f9458504000 ---p 00000000 00:00 0 
7f9458504000-7f9458600000 rw-p 00000000 00:00 0 
7f9458600000-7f94588ed000 r--p 00000000 103:02 995609                    /usr/lib/locale/locale-archive
7f94588ed000-7f94588f1000 r--p 00000000 103:02 921303                    /usr/lib/libgcc_s.so.1
7f94588f1000-7f9458914000 r-xp 00004000 103:02 921303                    /usr/lib/libgcc_s.so.1
7f9458914000-7f9458918000 r--p 00027000 103:02 921303                    /usr/lib/libgcc_s.so.1
7f9458918000-7f9458919000 r--p 0002b000 103:02 921303                    /usr/lib/libgcc_s.so.1
7f9458919000-7f945891a000 rw-p 0002c000 103:02 921303                    /usr/lib/libgcc_s.so.1
7f945891a000-7f945892a000 rw-s 00000000 00:07 1489                       /dev/nvidia0
7f945892a000-7f945893a000 rw-s 00000000 00:07 1489                       /dev/nvidia0
7f945893a000-7f945893d000 r--p 00000000 103:02 952845                    /usr/lib/libxcb-xfixes.so.0.0.0
7f945893d000-7f9458940000 r-xp 00003000 103:02 952845                    /usr/lib/libxcb-xfixes.so.0.0.0
7f9458940000-7f9458941000 r--p 00006000 103:02 952845                    /usr/lib/libxcb-xfixes.so.0.0.0
7f9458941000-7f9458942000 r--p 00007000 103:02 952845                    /usr/lib/libxcb-xfixes.so.0.0.0
7f9458942000-7f9458943000 rw-p 00008000 103:02 952845                    /usr/lib/libxcb-xfixes.so.0.0.0
7f9458943000-7f9458946000 r--p 00000000 103:02 952839                    /usr/lib/libxcb-sync.so.1.0.0
7f9458946000-7f9458949000 r-xp 00003000 103:02 952839                    /usr/lib/libxcb-sync.so.1.0.0
7f9458949000-7f945894a000 r--p 00006000 103:02 952839                    /usr/lib/libxcb-sync.so.1.0.0
7f945894a000-7f945894b000 r--p 00007000 103:02 952839                    /usr/lib/libxcb-sync.so.1.0.0
7f945894b000-7f945894c000 rw-p 00008000 103:02 952839                    /usr/lib/libxcb-sync.so.1.0.0
7f945894c000-7f9458971000 r-xp 00000000 00:2e 1050                       /tmp/lwjgl_ian/3.4.0+20/x64/libglfw.so
7f9458971000-7f94589c0000 r--p 00025000 00:2e 1050                       /tmp/lwjgl_ian/3.4.0+20/x64/libglfw.so
7f94589c0000-7f94589c4000 r--p 00074000 00:2e 1050                       /tmp/lwjgl_ian/3.4.0+20/x64/libglfw.so
7f94589c4000-7f94589c7000 rw-p 00078000 00:2e 1050                       /tmp/lwjgl_ian/3.4.0+20/x64/libglfw.so
7f94589c7000-7f94589ea000 rw-p 00000000 00:00 0 
7f94589ea000-7f9458dee000 rw-p 00000000 00:00 0 
7f9458dee000-7f945c02b000 rw-p 00000000 00:00 0 
7f945c02b000-7f9460000000 ---p 00000000 00:00 0 
7f9460000000-7f946002a000 rw-p 00000000 00:00 0 
7f946002a000-7f9464000000 ---p 00000000 00:00 0 
7f9464000000-7f9464021000 rw-p 00000000 00:00 0 
7f9464021000-7f9468000000 ---p 00000000 00:00 0 
7f9468000000-7f9468001000 rw-s 00000000 00:07 1487                       /dev/nvidiactl
7f9468001000-7f9468002000 rw-s 00000000 00:07 1487                       /dev/nvidiactl
7f9468002000-7f9468006000 rw-s 00000000 00:07 1487                       /dev/nvidiactl
7f9468006000-7f9468012000 r--p 00000000 103:02 952812                    /usr/lib/libxcb-glx.so.0.0.0
7f9468012000-7f946801b000 r-xp 0000c000 103:02 952812                    /usr/lib/libxcb-glx.so.0.0.0
7f946801b000-7f9468020000 r--p 00015000 103:02 952812                    /usr/lib/libxcb-glx.so.0.0.0
7f9468020000-7f9468022000 r--p 0001a000 103:02 952812                    /usr/lib/libxcb-glx.so.0.0.0
7f9468022000-7f9468023000 rw-p 0001c000 103:02 952812                    /usr/lib/libxcb-glx.so.0.0.0
7f9468023000-7f9468326000 rw-p 00000000 00:00 0 
7f9468326000-7f94693e5000 rw-p 00000000 00:00 0 
7f94693e5000-7f9477e45000 ---p 00000000 00:00 0 
7f9477e45000-7f947805d000 rw-p 00000000 00:00 0 
7f947805d000-7f9479da9000 ---p 00000000 00:00 0 
7f9479da9000-7f9479fa5000 rw-p 00000000 00:00 0 
7f9479fa5000-7f947bcf1000 ---p 00000000 00:00 0 
7f947bcf1000-7f947c800000 rw-p 00000000 00:00 0 
7f947c800000-7f947cd30000 rwxp 00000000 00:00 0 
7f947cd30000-7f9483c5f000 ---p 00000000 00:00 0 
7f9483c5f000-7f948407f000 rwxp 00000000 00:00 0 
7f948407f000-7f94843a0000 ---p 00000000 00:00 0 
7f94843a0000-7f9484610000 rwxp 00000000 00:00 0 
7f9484610000-7f948b800000 ---p 00000000 00:00 0 
7f948b800000-7f9493f76000 r--s 00000000 103:03 25433962                  /home/ian/.jdks/corretto-21.0.9/lib/modules
7f9493f76000-7f9493f77000 rw-s 00000000 00:07 1489                       /dev/nvidia0
7f9493f77000-7f9493f79000 rw-s 00000000 00:07 1487                       /dev/nvidiactl
7f9493f79000-7f9493f7a000 rw-s 00000000 00:07 1487                       /dev/nvidiactl
7f9493f7a000-7f9493f7b000 rw-s 00000000 00:07 1487                       /dev/nvidiactl
7f9493f7b000-7f9493f7c000 r--s 00000000 00:07 1487                       /dev/nvidiactl
7f9493f7c000-7f9493f7d000 r--p 00000000 103:02 952815                    /usr/lib/libxcb-present.so.0.0.0
7f9493f7d000-7f9493f7e000 r-xp 00001000 103:02 952815                    /usr/lib/libxcb-present.so.0.0.0
7f9493f7e000-7f9493f7f000 r--p 00002000 103:02 952815                    /usr/lib/libxcb-present.so.0.0.0
7f9493f7f000-7f9493f80000 r--p 00002000 103:02 952815                    /usr/lib/libxcb-present.so.0.0.0
7f9493f80000-7f9493f81000 rw-p 00003000 103:02 952815                    /usr/lib/libxcb-present.so.0.0.0
7f9493f81000-7f9493fb6000 r-xp 00000000 00:2e 1049                       /tmp/lwjgl_ian/3.4.0+20/x64/liblwjgl.so
7f9493fb6000-7f9493ffe000 r--p 00035000 00:2e 1049                       /tmp/lwjgl_ian/3.4.0+20/x64/liblwjgl.so
7f9493ffe000-7f9493fff000 r--p 0007c000 00:2e 1049                       /tmp/lwjgl_ian/3.4.0+20/x64/liblwjgl.so
7f9493fff000-7f9494000000 rw-p 0007d000 00:2e 1049                       /tmp/lwjgl_ian/3.4.0+20/x64/liblwjgl.so
7f9494000000-7f9497ff5000 rw-p 00000000 00:00 0 
7f9497ff5000-7f9498000000 ---p 00000000 00:00 0 
7f9498000000-7f9498002000 r--p 00000000 103:02 952809                    /usr/lib/libxcb-dri3.so.0.1.0
7f9498002000-7f9498004000 r-xp 00002000 103:02 952809                    /usr/lib/libxcb-dri3.so.0.1.0
7f9498004000-7f9498005000 r--p 00004000 103:02 952809                    /usr/lib/libxcb-dri3.so.0.1.0
7f9498005000-7f9498006000 r--p 00004000 103:02 952809                    /usr/lib/libxcb-dri3.so.0.1.0
7f9498006000-7f9498007000 rw-p 00005000 103:02 952809                    /usr/lib/libxcb-dri3.so.0.1.0
7f9498007000-7f949800e000 r--p 00000000 103:02 952818                    /usr/lib/libxcb-randr.so.0.1.0
7f949800e000-7f9498014000 r-xp 00007000 103:02 952818                    /usr/lib/libxcb-randr.so.0.1.0
7f9498014000-7f9498017000 r--p 0000d000 103:02 952818                    /usr/lib/libxcb-randr.so.0.1.0
7f9498017000-7f9498018000 r--p 00010000 103:02 952818                    /usr/lib/libxcb-randr.so.0.1.0
7f9498018000-7f9498019000 rw-p 00011000 103:02 952818                    /usr/lib/libxcb-randr.so.0.1.0
7f9498019000-7f949801a000 r--p 00000000 103:02 963487                    /usr/lib/libnvidia-tls.so.610.57.04
7f949801a000-7f949801c000 r-xp 00001000 103:02 963487                    /usr/lib/libnvidia-tls.so.610.57.04
7f949801c000-7f949801d000 r--p 00003000 103:02 963487                    /usr/lib/libnvidia-tls.so.610.57.04
7f949801d000-7f949801e000 r--p 00003000 103:02 963487                    /usr/lib/libnvidia-tls.so.610.57.04
7f949801e000-7f949801f000 rw-p 00004000 103:02 963487                    /usr/lib/libnvidia-tls.so.610.57.04
7f949801f000-7f9498021000 r--p 00000000 103:02 958616                    /usr/lib/libGLX.so.0.0.0
7f9498021000-7f949803b000 r-xp 00002000 103:02 958616                    /usr/lib/libGLX.so.0.0.0
7f949803b000-7f949803e000 r--p 0001c000 103:02 958616                    /usr/lib/libGLX.so.0.0.0
7f949803e000-7f949803f000 r--p 0001f000 103:02 958616                    /usr/lib/libGLX.so.0.0.0
7f949803f000-7f9498040000 rw-p 00020000 103:02 958616                    /usr/lib/libGLX.so.0.0.0
7f9498040000-7f9498051000 rw-p 00000000 00:00 0 
7f9498051000-7f9498052000 r--p 00000000 103:02 945151                    /usr/lib/libX11-xcb.so.1.0.0
7f9498052000-7f9498053000 r-xp 00001000 103:02 945151                    /usr/lib/libX11-xcb.so.1.0.0
7f9498053000-7f9498054000 r--p 00002000 103:02 945151                    /usr/lib/libX11-xcb.so.1.0.0
7f9498054000-7f9498055000 r--p 00002000 103:02 945151                    /usr/lib/libX11-xcb.so.1.0.0
7f9498055000-7f9498056000 rw-p 00003000 103:02 945151                    /usr/lib/libX11-xcb.so.1.0.0
7f9498056000-7f9498059000 r--p 00000000 103:02 958651                    /usr/lib/libXcursor.so.1.0.2
7f9498059000-7f949805f000 r-xp 00003000 103:02 958651                    /usr/lib/libXcursor.so.1.0.2
7f949805f000-7f9498061000 r--p 00009000 103:02 958651                    /usr/lib/libXcursor.so.1.0.2
7f9498061000-7f9498062000 r--p 0000a000 103:02 958651                    /usr/lib/libXcursor.so.1.0.2
7f9498062000-7f9498063000 rw-p 0000b000 103:02 958651                    /usr/lib/libXcursor.so.1.0.2
7f9498063000-7f9498066000 r--p 00000000 103:02 956093                    /usr/lib/libXi.so.6.1.0
7f9498066000-7f9498073000 r-xp 00003000 103:02 956093                    /usr/lib/libXi.so.6.1.0
7f9498073000-7f9498076000 r--p 00010000 103:02 956093                    /usr/lib/libXi.so.6.1.0
7f9498076000-7f9498077000 r--p 00012000 103:02 956093                    /usr/lib/libXi.so.6.1.0
7f9498077000-7f9498078000 rw-p 00013000 103:02 956093                    /usr/lib/libXi.so.6.1.0
7f9498078000-7f9498800000 rw-p 00000000 00:00 0 
7f9498800000-7f9498820000 r-xp 00000000 103:03 25433985                  /home/ian/.jdks/corretto-21.0.9/lib/libjava.so
7f9498820000-7f9498a1f000 ---p 00020000 103:03 25433985                  /home/ian/.jdks/corretto-21.0.9/lib/libjava.so
7f9498a1f000-7f9498a20000 r--p 0001f000 103:03 25433985                  /home/ian/.jdks/corretto-21.0.9/lib/libjava.so
7f9498a20000-7f9498a21000 rw-p 00020000 103:03 25433985                  /home/ian/.jdks/corretto-21.0.9/lib/libjava.so
7f9498a21000-7f9498a22000 rw-p 00000000 00:00 0 
7f9498a22000-7f9498a24000 r--p 00000000 103:02 956588                    /usr/lib/libXrender.so.1.3.0
7f9498a24000-7f9498a2b000 r-xp 00002000 103:02 956588                    /usr/lib/libXrender.so.1.3.0
7f9498a2b000-7f9498a2c000 r--p 00009000 103:02 956588                    /usr/lib/libXrender.so.1.3.0
7f9498a2c000-7f9498a2d000 r--p 00009000 103:02 956588                    /usr/lib/libXrender.so.1.3.0
7f9498a2d000-7f9498a2e000 rw-p 0000a000 103:02 956588                    /usr/lib/libXrender.so.1.3.0
7f9498a2e000-7f9498a33000 rw-p 00000000 00:00 0 
7f9498a33000-7f9498b17000 ---p 00000000 00:00 0 
7f9498b17000-7f9498b22000 rw-p 00000000 00:00 0 
7f9498b22000-7f9498c00000 ---p 00000000 00:00 0 
7f9498c00000-7f9498c1b000 r-xp 00000000 103:03 25433967                  /home/ian/.jdks/corretto-21.0.9/lib/libjimage.so
7f9498c1b000-7f9498e1a000 ---p 0001b000 103:03 25433967                  /home/ian/.jdks/corretto-21.0.9/lib/libjimage.so
7f9498e1a000-7f9498e1c000 r--p 0001a000 103:03 25433967                  /home/ian/.jdks/corretto-21.0.9/lib/libjimage.so
7f9498e1c000-7f9498e1d000 rw-p 0001c000 103:03 25433967                  /home/ian/.jdks/corretto-21.0.9/lib/libjimage.so
7f9498e1d000-7f9498e1f000 r--p 00000000 103:02 956087                    /usr/lib/libXfixes.so.3.1.0
7f9498e1f000-7f9498e22000 r-xp 00002000 103:02 956087                    /usr/lib/libXfixes.so.3.1.0
7f9498e22000-7f9498e23000 r--p 00005000 103:02 956087                    /usr/lib/libXfixes.so.3.1.0
7f9498e23000-7f9498e24000 r--p 00005000 103:02 956087                    /usr/lib/libXfixes.so.3.1.0
7f9498e24000-7f9498e25000 rw-p 00006000 103:02 956087                    /usr/lib/libXfixes.so.3.1.0
7f9498e25000-7f9498f00000 rw-p 00000000 00:00 0 
7f9498f00000-7f9498f04000 ---p 00000000 00:00 0 
7f9498f04000-7f9499000000 rw-p 00000000 00:00 0 
7f9499000000-7f949a464000 r-xp 00000000 103:03 25433974                  /home/ian/.jdks/corretto-21.0.9/lib/server/libjvm.so
7f949a464000-7f949a663000 ---p 01464000 103:03 25433974                  /home/ian/.jdks/corretto-21.0.9/lib/server/libjvm.so
7f949a663000-7f949a738000 r--p 01463000 103:03 25433974                  /home/ian/.jdks/corretto-21.0.9/lib/server/libjvm.so
7f949a738000-7f949a768000 rw-p 01538000 103:03 25433974                  /home/ian/.jdks/corretto-21.0.9/lib/server/libjvm.so
7f949a768000-7f949a7ce000 rw-p 00000000 00:00 0 
7f949a7ce000-7f949a7cf000 r-xp 00033000 00:2e 1049                       /tmp/lwjgl_ian/3.4.0+20/x64/liblwjgl.so
7f949a7cf000-7f949a7d0000 rw-p 00000000 00:00 0 
7f949a7d0000-7f949a7d1000 r--p 00000000 103:02 958720                    /usr/lib/libXinerama.so.1.0.0
7f949a7d1000-7f949a7d2000 r-xp 00001000 103:02 958720                    /usr/lib/libXinerama.so.1.0.0
7f949a7d2000-7f949a7d3000 r--p 00002000 103:02 958720                    /usr/lib/libXinerama.so.1.0.0
7f949a7d3000-7f949a7d4000 r--p 00002000 103:02 958720                    /usr/lib/libXinerama.so.1.0.0
7f949a7d4000-7f949a7d5000 rw-p 00003000 103:02 958720                    /usr/lib/libXinerama.so.1.0.0
7f949a7d5000-7f949a7e1000 r--p 00000000 103:02 952866                    /usr/lib/libxcb.so.1.1.0
7f949a7e1000-7f949a7f5000 r-xp 0000c000 103:02 952866                    /usr/lib/libxcb.so.1.1.0
7f949a7f5000-7f949a7fe000 r--p 00020000 103:02 952866                    /usr/lib/libxcb.so.1.1.0
7f949a7fe000-7f949a7ff000 r--p 00028000 103:02 952866                    /usr/lib/libxcb.so.1.1.0
7f949a7ff000-7f949a800000 rw-p 00029000 103:02 952866                    /usr/lib/libxcb.so.1.1.0
7f949a800000-7f949a824000 r--p 00000000 103:02 920573                    /usr/lib/libc.so.6
7f949a824000-7f949a99f000 r-xp 00024000 103:02 920573                    /usr/lib/libc.so.6
7f949a99f000-7f949aa15000 r--p 0019f000 103:02 920573                    /usr/lib/libc.so.6
7f949aa15000-7f949aa19000 r--p 00214000 103:02 920573                    /usr/lib/libc.so.6
7f949aa19000-7f949aa1b000 rw-p 00218000 103:02 920573                    /usr/lib/libc.so.6
7f949aa1b000-7f949aa23000 rw-p 00000000 00:00 0 
7f949aa23000-7f949aa25000 r--p 00000000 103:02 958841                    /usr/lib/libXrandr.so.2.2.0
7f949aa25000-7f949aa2c000 r-xp 00002000 103:02 958841                    /usr/lib/libXrandr.so.2.2.0
7f949aa2c000-7f949aa2e000 r--p 00009000 103:02 958841                    /usr/lib/libXrandr.so.2.2.0
7f949aa2e000-7f949aa2f000 r--p 0000a000 103:02 958841                    /usr/lib/libXrandr.so.2.2.0
7f949aa2f000-7f949aa30000 rw-p 0000b000 103:02 958841                    /usr/lib/libXrandr.so.2.2.0
7f949aa30000-7f949aa34000 r--p 00000000 103:02 955953                    /usr/lib/libXext.so.6.4.0
7f949aa34000-7f949aa3f000 r-xp 00004000 103:02 955953                    /usr/lib/libXext.so.6.4.0
7f949aa3f000-7f949aa42000 r--p 0000f000 103:02 955953                    /usr/lib/libXext.so.6.4.0
7f949aa42000-7f949aa43000 r--p 00011000 103:02 955953                    /usr/lib/libXext.so.6.4.0
7f949aa43000-7f949aa44000 rw-p 00012000 103:02 955953                    /usr/lib/libXext.so.6.4.0
7f949aa44000-7f949aa45000 r--p 00000000 103:02 958373                    /usr/lib/libXxf86vm.so.1.0.0
7f949aa45000-7f949aa48000 r-xp 00001000 103:02 958373                    /usr/lib/libXxf86vm.so.1.0.0
7f949aa48000-7f949aa49000 r--p 00004000 103:02 958373                    /usr/lib/libXxf86vm.so.1.0.0
7f949aa49000-7f949aa4a000 r--p 00004000 103:02 958373                    /usr/lib/libXxf86vm.so.1.0.0
7f949aa4a000-7f949aa4b000 rw-p 00005000 103:02 958373                    /usr/lib/libXxf86vm.so.1.0.0
7f949aa4b000-7f949aac9000 rw-p 00000000 00:00 0 
7f949aac9000-7f949aad9000 r--p 00000000 103:02 920590                    /usr/lib/libm.so.6
7f949aad9000-7f949ab75000 r-xp 00010000 103:02 920590                    /usr/lib/libm.so.6
7f949ab75000-7f949abfe000 r--p 000ac000 103:02 920590                    /usr/lib/libm.so.6
7f949abfe000-7f949abff000 r--p 00134000 103:02 920590                    /usr/lib/libm.so.6
7f949abff000-7f949ac00000 rw-p 00135000 103:02 920590                    /usr/lib/libm.so.6
7f949ac00000-7f949ac0f000 r-xp 00000000 103:03 25433955                  /home/ian/.jdks/corretto-21.0.9/lib/libjli.so
7f949ac0f000-7f949ae0f000 ---p 0000f000 103:03 25433955                  /home/ian/.jdks/corretto-21.0.9/lib/libjli.so
7f949ae0f000-7f949ae10000 r--p 0000f000 103:03 25433955                  /home/ian/.jdks/corretto-21.0.9/lib/libjli.so
7f949ae10000-7f949ae11000 rw-p 00010000 103:03 25433955                  /home/ian/.jdks/corretto-21.0.9/lib/libjli.so
7f949ae11000-7f949ae13000 r--p 00000000 103:02 952778                    /usr/lib/libXdmcp.so.6.0.0
7f949ae13000-7f949ae15000 r-xp 00002000 103:02 952778                    /usr/lib/libXdmcp.so.6.0.0
7f949ae15000-7f949ae17000 r--p 00004000 103:02 952778                    /usr/lib/libXdmcp.so.6.0.0
7f949ae17000-7f949ae18000 r--p 00005000 103:02 952778                    /usr/lib/libXdmcp.so.6.0.0
7f949ae18000-7f949ae19000 rw-p 00006000 103:02 952778                    /usr/lib/libXdmcp.so.6.0.0
7f949ae19000-7f949ae1a000 r--p 00000000 103:02 952781                    /usr/lib/libXau.so.6.0.0
7f949ae1a000-7f949ae1b000 r-xp 00001000 103:02 952781                    /usr/lib/libXau.so.6.0.0
7f949ae1b000-7f949ae1c000 r--p 00002000 103:02 952781                    /usr/lib/libXau.so.6.0.0
7f949ae1c000-7f949ae1d000 r--p 00002000 103:02 952781                    /usr/lib/libXau.so.6.0.0
7f949ae1d000-7f949ae1e000 rw-p 00003000 103:02 952781                    /usr/lib/libXau.so.6.0.0
7f949ae1e000-7f949ae27000 rw-p 00000000 00:00 0 
7f949ae27000-7f949ae2d000 ---p 00000000 00:00 0 
7f949ae2d000-7f949ae35000 rw-s 00000000 00:2e 1172                       /tmp/hsperfdata_ian/79635
7f949ae35000-7f949ae36000 ---p 00000000 00:00 0 
7f949ae36000-7f949ae37000 r--p 00000000 00:00 0 
7f949ae37000-7f949ae38000 ---p 00000000 00:00 0 
7f949ae38000-7f949ae39000 r--p 00000000 103:02 920618                    /usr/lib/librt.so.1
7f949ae39000-7f949ae3a000 r-xp 00001000 103:02 920618                    /usr/lib/librt.so.1
7f949ae3a000-7f949ae3b000 r--p 00002000 103:02 920618                    /usr/lib/librt.so.1
7f949ae3b000-7f949ae3c000 r--p 00002000 103:02 920618                    /usr/lib/librt.so.1
7f949ae3c000-7f949ae3d000 rw-p 00003000 103:02 920618                    /usr/lib/librt.so.1
7f949ae3d000-7f949ae41000 rw-p 00000000 00:00 0 
7f949ae41000-7f949ae42000 r--p 00000000 103:02 920583                    /usr/lib/libdl.so.2
7f949ae42000-7f949ae43000 r-xp 00001000 103:02 920583                    /usr/lib/libdl.so.2
7f949ae43000-7f949ae44000 r--p 00002000 103:02 920583                    /usr/lib/libdl.so.2
7f949ae44000-7f949ae45000 r--p 00002000 103:02 920583                    /usr/lib/libdl.so.2
7f949ae45000-7f949ae46000 rw-p 00003000 103:02 920583                    /usr/lib/libdl.so.2
7f949ae46000-7f949ae47000 r--p 00000000 103:02 920613                    /usr/lib/libpthread.so.0
7f949ae47000-7f949ae48000 r-xp 00001000 103:02 920613                    /usr/lib/libpthread.so.0
7f949ae48000-7f949ae49000 r--p 00002000 103:02 920613                    /usr/lib/libpthread.so.0
7f949ae49000-7f949ae4a000 r--p 00002000 103:02 920613                    /usr/lib/libpthread.so.0
7f949ae4a000-7f949ae4b000 rw-p 00003000 103:02 920613                    /usr/lib/libpthread.so.0
7f949ae4b000-7f949ae4e000 r--p 00000000 103:02 924378                    /usr/lib/libz.so.1.3.2
7f949ae4e000-7f949ae5e000 r-xp 00003000 103:02 924378                    /usr/lib/libz.so.1.3.2
7f949ae5e000-7f949ae64000 r--p 00013000 103:02 924378                    /usr/lib/libz.so.1.3.2
7f949ae64000-7f949ae65000 r--p 00018000 103:02 924378                    /usr/lib/libz.so.1.3.2
7f949ae65000-7f949ae66000 rw-p 00019000 103:02 924378                    /usr/lib/libz.so.1.3.2
7f949ae66000-7f949ae68000 rw-p 00000000 00:00 0 
7f949ae68000-7f949aea1000 r--p 00000000 103:02 2360067                   /etc/ld.so.cache
7f949aea1000-7f949aea5000 r--p 00000000 00:00 0                          [vvar]
7f949aea5000-7f949aea7000 r--p 00000000 00:00 0                          [vvar_vclock]
7f949aea7000-7f949aea9000 r-xp 00000000 00:00 0                          [vdso]
7f949aea9000-7f949aeaa000 r--p 00000000 103:02 920562                    /usr/lib/ld-linux-x86-64.so.2
7f949aeaa000-7f949aed7000 r-xp 00001000 103:02 920562                    /usr/lib/ld-linux-x86-64.so.2
7f949aed7000-7f949aee6000 r--p 0002e000 103:02 920562                    /usr/lib/ld-linux-x86-64.so.2
7f949aee6000-7f949aee8000 r--p 0003d000 103:02 920562                    /usr/lib/ld-linux-x86-64.so.2
7f949aee8000-7f949aee9000 rw-p 0003f000 103:02 920562                    /usr/lib/ld-linux-x86-64.so.2
7f949aee9000-7f949aeea000 rw-p 00000000 00:00 0 
7ffdcd42a000-7ffdcd44d000 rw-p 00000000 00:00 0                          [stack]
ffffffffff600000-ffffffffff601000 --xp 00000000 00:00 0                  [vsyscall]
Total number of mappings: 559

JVMTI agents: none


VM Arguments:
jvm_args: -Dfile.encoding=UTF-8 -Duser.country=US -Duser.language=en -Duser.variant 
java_command: net.ice.relic.common.test.VulkanTest
java_class_path (initial): /mnt/Alpha/Users/Ian/Documents/Relic/build/classes/java/main:/mnt/Alpha/Users/Ian/Documents/Relic/build/resources/main:/home/ian/.gradle/caches/modules-2/files-2.1/io.github.spair/imgui-java-app/1.87.0/25624ee3da9585987e9af98d72306dfc6d9f2769/imgui-java-app-1.87.0.jar:/home/ian/.gradle/caches/modules-2/files-2.1/io.github.spair/imgui-java-lwjgl3/1.87.0/a012a5f097de8a0ef879a9fb58b0a8134f5842e1/imgui-java-lwjgl3-1.87.0.jar:/home/ian/.gradle/caches/modules-2/files-2.1/org.lwjgl/lwjgl-assimp/3.4.0/4c958db45767dafbd4ba2a2985cc8e68a6213852/lwjgl-assimp-3.4.0.jar:/home/ian/.gradle/caches/modules-2/files-2.1/org.lwjgl/lwjgl-assimp/3.4.0/c3928509ca1acac49a9a7df5e5692d3e06a96b13/lwjgl-assimp-3.4.0-natives-linux.jar:/home/ian/.gradle/caches/modules-2/files-2.1/org.lwjgl/lwjgl-glfw/3.4.0/bb282ac212eb91f6b2add25ac31dce896f9c5b64/lwjgl-glfw-3.4.0.jar:/home/ian/.gradle/caches/modules-2/files-2.1/org.lwjgl/lwjgl-glfw/3.4.0/268728a68d2dc9bf80d09711e727ac70923d2337/lwjgl-glfw-3.4.0-natives-linux.jar:/home/ian/.gradle/caches/modules-2/files-2.1/org.lwjgl/lwjgl-glfw/3.4.0/770e27000b7a1c945a357a532e2008e65cab3a88/lwjgl-glfw-3.4.0-natives-windows.jar:/home/ian/.gradle/caches/modules-2/files-2.1/org.lwjgl/lwjgl-glfw/3.4.0/5e922dccd48983cc5749e59f36a7ec6c0aa5358f/lwjgl-glfw-3.4.0-natives-macos.jar:/home/ian/.gradle/caches/modules-2/files-2.1/org.lwjgl/lwjgl-glfw/3.4.0/bd93201672fb486ca1db69ed2026470fce1dc802/lwjgl-glfw-3.4.0-natives-macos-arm64.jar:/home/ian/.gradle/caches/modules-2/files-2.1/org.lwjgl/lwjgl-openal/3.4.0/84d61bc4367e21a567fcc4ee9efefd1e11b3cd05/lwjgl-openal-3.4.0.jar:/home/ian/.gradle/caches/modules-2/files-2.1/org.lwjgl/lwjgl-openal/3.4.0/d3920fb7abdb4414ef2232652be0c266db0c1d56/lwjgl-openal-3.4.0-natives-linux.jar:/home/ian/.gradle/caches/modules-2/files-2.1/org.lwjgl/lwjgl-opengl/3.4.0/5947ab24b5dbe93a9e011ac4fd5f8f14dfb138c2/lwjgl-opengl-3.4.0.jar:/home/ian/.gradle/caches/modules-2/files-2.1/org.lwjgl/lwjgl-opengl/3.4.0/b812e19721d2f0656cc4cb665d22d7a001acfd11/lwjgl-opengl-3.4.0-natives-linux.jar:/home/ian/.gradle/caches/modules-2/files-2.1/org.lwjgl/lwjgl-opengl/3.4.0/e8443b8558d12ccffb16248ebfe0d670d3bfdb29/lwjgl-opengl-3.4.0-natives-windows.jar:/home/ian/.gradle/caches/modules-2/files-2.1/org.lwjgl/lwjgl-opengl/3.4.0/4ca0f553caf201a22e16c95a2049a6759bde01f2/lwjgl-opengl-3.4.0-natives-macos.jar:/home/ian/.gradle/caches/modules-2/files-2.1/org.lwjgl/lwjgl-opengl/3.4.0/fb1636c9c8824b639ff51757136c73fbc1efe741/lwjgl-opengl-3.4.0-natives-macos-arm64.jar:/home/ian/.gradle/caches/modules-2/files-2.1/org.lwjgl/lwjgl-openxr/3.4.0/a3fad711516e644cf520951d3a91445546f9983c/lwjgl-openxr-3.4.0.jar:/home/ian/.gradle/caches/modules-2/files-2.1/org.lwjgl/lwjgl-openxr/3.4.0/2c72f1c97c056ded036dfd45a6154375c71fbf88/lwjgl-openxr-3.4.0-natives-linux.jar:/home/ian/.gradle/caches/modules-2/files-2.1/org.lwjgl/lwjgl-shaderc/3.4.0/56f7e5697a40099641de0ecbfc31c6fd958652c7/lwjgl-shaderc-3.4.0.jar:/home/ian/.gradle/caches/modules-2/files-2.1/org.lwjgl/lwjgl-shaderc/3.4.0/fe27fa43588442ca59bd5332d47677c62fba511/lwjgl-shaderc-3.4.0-natives-linux.jar:/home/ian/.gradle/caches/modules-2/files-2.1/org.lwjgl/lwjgl-spvc/3.4.0/126bf8255ac528b00e52cb30e69024872bfaf544/lwjgl-spvc-3.4.0.jar:/home/ian/.gradle/caches/modules-2/files-2.1/org.lwjgl/lwjgl-spvc/3.4.0/4a2864d122b6ede1afb401f51746d08419c958bf/lwjgl-spvc-3.4.0-natives-linux.jar:/home/ian/.gradle/caches/modules-2/files-2.1/org.lwjgl/lwjgl-stb/3.4.0/8bd174a85c684943b6a90281c30cd1037d1faee0/lwjgl-stb-3.4.0.jar:/home/ian/.gradle/caches/modules-2/files-2.1/org.lwjgl/lwjgl-stb/3.4.0/fbd8b32630bc6ea496c6b4f6990587b42dd4e0e5/lwjgl-stb-3.4.0-natives-linux.jar:/home/ian/.gradle/caches/modules-2/files-2.1/org.lwjgl/lwjgl-vulkan/3.4.0/ee2126cfa8fafe86163fc0359c99403099e50e17/lwjgl-vulkan-3.4.0.jar:/home/ian/.gradle/caches/modules-2/files-2.1/org.lwjgl/lwjgl/3.4.0/201de49386cbba233b36eca434ce9e56345a5f8a/lwjgl-3.4.0.jar:/home/ian/.gradle/caches/modules-2/files-2.1/org.lwjgl/lwjgl/3.4.0/dd278b9fb054ec4fca53b3e49c67f4ff26b82c4/lwjgl-3.4.0-natives-linux.jar:/home/ian/.gradle/caches/modules-2/files-2.1/org.lwjgl/lwjgl/3.4.0/93e881238b992ab309c3d58d60976586b3dfe810/lwjgl-3.4.0-natives-windows.jar:/home/ian/.gradle/caches/modules-2/files-2.1/org.lwjgl/lwjgl/3.4.0/de0814d1d5b233eb9a25d07424e7880817094451/lwjgl-3.4.0-natives-macos.jar:/home/ian/.gradle/caches/modules-2/files-2.1/org.lwjgl/lwjgl/3.4.0/416aa822485e7e877ac542e315a820d28f50b32a/lwjgl-3.4.0-natives-macos-arm64.jar:/home/ian/.gradle/caches/modules-2/files-2.1/org.reflections/reflections/0.10.2/b638d7ca0e0fe0146b60a0e7ba232ad852a73b31/reflections-0.10.2.jar:/home/ian/.gradle/caches/modules-2/files-2.1/io.github.classgraph/classgraph/4.8.189/41ccda0596fd4431ce9feac34458143294448139/classgraph-4.8.189.jar:/home/ian/.gradle/caches/modules-2/files-2.1/org.joml/joml/1.10.7/f8c3f2e7db281bde099342dd36133de4bbba390c/joml-1.10.7.jar:/home/ian/.gradle/caches/modules-2/files-2.1/org.tinylog/tinylog-impl/2.7.0/46a5d4d50d3302460a5143e51befdb7245ccba5d/tinylog-impl-2.7.0.jar:/home/ian/.gradle/caches/modules-2/files-2.1/org.tinylog/tinylog-api/2.7.0/17875aa7c4acfee6a9e9a83a5d1469cc0411be40/tinylog-api-2.7.0.jar:/home/ian/.gradle/caches/modules-2/files-2.1/org.javassist/javassist/3.28.0-GA/9a958811a88381bb159cc2f5ed79c34a45c4af7a/javassist-3.28.0-GA.jar:/home/ian/.gradle/caches/modules-2/files-2.1/com.google.code.findbugs/jsr305/3.0.2/25ea2e8b0c338a877313bd4672d3fe056ea78f0d/jsr305-3.0.2.jar:/home/ian/.gradle/caches/modules-2/files-2.1/org.slf4j/slf4j-api/1.7.32/cdcff33940d9f2de763bc41ea05a0be5941176c3/slf4j-api-1.7.32.jar:/home/ian/.gradle/caches/modules-2/files-2.1/org.jetbrains.kotlin/kotlin-stdlib-jdk8/1.8.20/73576ddf378c5b4f1f6b449fe6b119b8183fc078/kotlin-stdlib-jdk8-1.8.20.jar:/home/ian/.gradle/caches/modules-2/files-2.1/io.github.spair/imgui-java-binding/1.87.0/d4aaefccf68831f6ba75823b945ba1400278e3e7/imgui-java-binding-1.87.0.jar:/home/ian/.gradle/caches/modules-2/files-2.1/org.jetbrains.kotlin/kotlin-stdlib-jdk7/1.8.20/3aa51faf20aae8b31e1a4bc54f8370673d7b7df4/kotlin-stdlib-jdk7-1.8.20.jar:/home/ian/.gradle/caches/modules-2/files-2.1/org.jetbrains.kotlin/kotlin-stdlib/1.8.20/e72fc5e03ec6c064c678a6bd0d955c88d55b0c4a/kotlin-stdlib-1.8.20.jar:/home/ian/.gradle/caches/modules-2/files-2.1/org.jetbrains.kotlin/kotlin-stdlib-common/1.8.20/5eddaaf234c8c49d03eebeb6a14feb7f90faca71/kotlin-stdlib-common-1.8.20.jar:/home/ian/.gradle/caches/modules-2/files-2.1/org.jetbrains/annotations/13.0/919f0dfe192fb4e063e7dacadee7f8bb9a2672a9/annotations-13.0.jar
Launcher Type: SUN_STANDARD

[Global flags]
     intx CICompilerCount                          = 12                                        {product} {ergonomic}
     uint ConcGCThreads                            = 5                                         {product} {ergonomic}
     uint G1ConcRefinementThreads                  = 18                                        {product} {ergonomic}
   size_t G1HeapRegionSize                         = 8388608                                   {product} {ergonomic}
    uintx GCDrainStackTargetSize                   = 64                                        {product} {ergonomic}
   size_t InitialHeapSize                          = 1056964608                                {product} {ergonomic}
   size_t MarkStackSize                            = 4194304                                   {product} {ergonomic}
   size_t MaxHeapSize                              = 16793993216                               {product} {ergonomic}
   size_t MaxNewSize                               = 10074718208                               {product} {ergonomic}
   size_t MinHeapDeltaBytes                        = 8388608                                   {product} {ergonomic}
   size_t MinHeapSize                              = 8388608                                   {product} {ergonomic}
    uintx NonNMethodCodeHeapSize                   = 7602480                                {pd product} {ergonomic}
    uintx NonProfiledCodeHeapSize                  = 122027880                              {pd product} {ergonomic}
    uintx ProfiledCodeHeapSize                     = 122027880                              {pd product} {ergonomic}
    uintx ReservedCodeCacheSize                    = 251658240                              {pd product} {ergonomic}
     bool SegmentedCodeCache                       = true                                      {product} {ergonomic}
   size_t SoftMaxHeapSize                          = 16793993216                            {manageable} {ergonomic}
     bool UseCompressedOops                        = true                           {product lp64_product} {ergonomic}
     bool UseG1GC                                  = true                                      {product} {ergonomic}

Logging:
Log output configuration:
 #0: stdout all=warning uptime,level,tags foldmultilines=false
 #1: stderr all=off uptime,level,tags foldmultilines=false

Release file:
IMPLEMENTOR="Amazon.com Inc."
IMPLEMENTOR_VERSION="Corretto-21.0.9.11.1"
JAVA_RUNTIME_VERSION="21.0.9+11-LTS"
JAVA_VERSION="21.0.9"
JAVA_VERSION_DATE="2025-10-21"
LIBC="gnu"
MODULES="java.base java.compiler java.datatransfer java.xml java.prefs java.desktop java.instrument java.logging java.management java.security.sasl java.naming java.rmi java.management.rmi java.net.http java.scripting java.security.jgss java.transaction.xa java.sql java.sql.rowset java.xml.crypto java.se java.smartcardio jdk.accessibility jdk.internal.jvmstat jdk.attach jdk.charsets jdk.internal.opt jdk.zipfs jdk.compiler jdk.crypto.ec jdk.crypto.cryptoki jdk.dynalink jdk.internal.ed jdk.editpad jdk.hotspot.agent jdk.httpserver jdk.incubator.vector jdk.internal.le jdk.internal.vm.ci jdk.internal.vm.compiler jdk.internal.vm.compiler.management jdk.jartool jdk.javadoc jdk.jcmd jdk.management jdk.management.agent jdk.jconsole jdk.jdeps jdk.jdwp.agent jdk.jdi jdk.jfr jdk.jlink jdk.jpackage jdk.jshell jdk.jsobject jdk.jstatd jdk.localedata jdk.management.jfr jdk.naming.dns jdk.naming.rmi jdk.net jdk.nio.mapmode jdk.random jdk.sctp jdk.security.auth jdk.security.jgss jdk.unsupported jdk.unsupported.desktop jdk.xml.dom"
OS_ARCH="x86_64"
OS_NAME="Linux"
SOURCE=".:git:b9ba2fcc52e6+"

Environment Variables:
PATH=/usr/local/sbin:/usr/local/bin:/usr/bin:/var/lib/flatpak/exports/bin:/usr/lib/jvm/default/bin:/usr/bin/site_perl:/usr/bin/vendor_perl:/usr/bin/core_perl
SHELL=/usr/bin/bash
DISPLAY=:1
LANG=en_US.UTF-8

Active Locale:
LC_ALL=en_US.UTF-8
LC_COLLATE=en_US.UTF-8
LC_CTYPE=en_US.UTF-8
LC_MESSAGES=en_US.UTF-8
LC_MONETARY=en_US.UTF-8
LC_NUMERIC=en_US.UTF-8
LC_TIME=en_US.UTF-8

Signal Handlers:
   SIGSEGV: crash_handler in libjvm.so, mask=11100100010111111101111111111110, flags=SA_RESTART|SA_SIGINFO, unblocked
    SIGBUS: crash_handler in libjvm.so, mask=11100100010111111101111111111110, flags=SA_RESTART|SA_SIGINFO, unblocked
    SIGFPE: crash_handler in libjvm.so, mask=11100100010111111101111111111110, flags=SA_RESTART|SA_SIGINFO, unblocked
   SIGPIPE: javaSignalHandler in libjvm.so, mask=11100100010111111101111111111110, flags=SA_RESTART|SA_SIGINFO, blocked
   SIGXFSZ: javaSignalHandler in libjvm.so, mask=11100100010111111101111111111110, flags=SA_RESTART|SA_SIGINFO, blocked
    SIGILL: crash_handler in libjvm.so, mask=11100100010111111101111111111110, flags=SA_RESTART|SA_SIGINFO, unblocked
   SIGUSR2: SR_handler in libjvm.so, mask=00000000000000000000000000000000, flags=SA_RESTART|SA_SIGINFO, blocked
    SIGHUP: UserHandler in libjvm.so, mask=11100100010111111101111111111110, flags=SA_RESTART|SA_SIGINFO, blocked
    SIGINT: UserHandler in libjvm.so, mask=11100100010111111101111111111110, flags=SA_RESTART|SA_SIGINFO, blocked
   SIGTERM: UserHandler in libjvm.so, mask=11100100010111111101111111111110, flags=SA_RESTART|SA_SIGINFO, blocked
   SIGQUIT: UserHandler in libjvm.so, mask=11100100010111111101111111111110, flags=SA_RESTART|SA_SIGINFO, blocked
   SIGTRAP: crash_handler in libjvm.so, mask=11100100010111111101111111111110, flags=SA_RESTART|SA_SIGINFO, unblocked


Periodic native trim disabled

---------------  S Y S T E M  ---------------

OS:
DISTRIB_ID="Arch"
DISTRIB_RELEASE="rolling"
DISTRIB_DESCRIPTION="Arch Linux"
uname: Linux 7.1.8-arch1-3 #1 SMP PREEMPT_DYNAMIC Tue, 11 Aug 2026 09:16:08 +0000 x86_64
OS uptime: 0 days 10:16 hours
libc: glibc 2.44 NPTL 2.44 
rlimit (soft/hard): STACK 8192k/infinity , CORE infinity/infinity , NPROC 255612/255612 , NOFILE 524288/524288 , AS infinity/infinity , CPU infinity/infinity , DATA infinity/infinity , FSIZE infinity/infinity , MEMLOCK 8192k/8192k
load average: 3.29 3.31 3.30

/proc/meminfo:
MemTotal:       65592528 kB
MemFree:        34595828 kB
MemAvailable:   47556552 kB
Buffers:         2184208 kB
Cached:         10046148 kB
SwapCached:            0 kB
Active:         17817036 kB
Inactive:        9763224 kB
Active(anon):   14378052 kB
Inactive(anon):        0 kB
Active(file):    3438984 kB
Inactive(file):  9763224 kB
Unevictable:       24252 kB
Mlocked:            2156 kB
SwapTotal:      32797692 kB
SwapFree:       32797692 kB
Zswap:                 0 kB
Zswapped:              0 kB
Dirty:             13780 kB
Writeback:             0 kB
AnonPages:      14979580 kB
Mapped:          4346024 kB
Shmem:            763836 kB
KReclaimable:     491852 kB
Slab:             939048 kB
SReclaimable:     491852 kB
SUnreclaim:       447196 kB
KernelStack:       49104 kB
PageTables:       126348 kB
SecPageTables:         0 kB
NFS_Unstable:          0 kB
Bounce:                0 kB
WritebackTmp:          0 kB
CommitLimit:    65593956 kB
Committed_AS:   38681836 kB
VmallocTotal:   34359738367 kB
VmallocUsed:      335620 kB
VmallocChunk:          0 kB
Percpu:            18144 kB
HardwareCorrupted:     0 kB
AnonHugePages:   6088704 kB
ShmemHugePages:    18432 kB
ShmemPmdMapped:        0 kB
FileHugePages:   1884160 kB
FilePmdMapped:   1228800 kB
CmaTotal:              0 kB
CmaFree:               0 kB
Unaccepted:            0 kB
Balloon:               0 kB
GPUActive:             0 kB
GPUReclaim:            0 kB
HugePages_Total:       0
HugePages_Free:        0
HugePages_Rsvd:        0
HugePages_Surp:        0
Hugepagesize:       2048 kB
Hugetlb:               0 kB
DirectMap4k:     3972876 kB
DirectMap2M:    31436800 kB
DirectMap1G:    31457280 kB

/sys/kernel/mm/transparent_hugepage/enabled: [always] madvise never
/sys/kernel/mm/transparent_hugepage/hpage_pmd_size: 2097152
/sys/kernel/mm/transparent_hugepage/defrag (defrag/compaction efforts parameter): always defer defer+madvise [madvise] never

Process Memory:
Virtual Size: 21008116K (peak: 21047884K)
Resident Set Size: 811228K (peak: 811228K) (anon: 254736K, file: 546004K, shmem: 10488K)
Swapped out: 0K
C-Heap outstanding allocations: 480786K, retained: 57664K
glibc malloc tunables: (default)

/proc/sys/kernel/threads-max (system-wide limit on the number of threads): 511224
/proc/sys/vm/max_map_count (maximum number of memory map areas a process may have): 1048576
/proc/sys/vm/swappiness (control to define how aggressively the kernel swaps out anonymous memory): 60
/proc/sys/kernel/pid_max (system-wide limit on number of process identifiers): 4194304

container information not found.
Steal ticks since vm start: 0
Steal ticks percentage since vm start:  0.000

CPU: total 24 (initial active 24) (24 cores per cpu, 1 threads per core) family 6 model 151 stepping 2 microcode 0x3e, cx8, cmov, fxsr, mmx, 3dnowpref, sse, sse2, sse3, ssse3, sse4.1, sse4.2, popcnt, lzcnt, tsc, tscinvbit, avx, avx2, aes, erms, clmul, bmi1, bmi2, adx, sha, fma, vzeroupper, clflush, clflushopt, clwb, serialize, rdtscp, rdpid, fsrm, f16c, pku, ospke, cet_ibt, cet_ss
CPU Model and flags from /proc/cpuinfo:
model name	: 12th Gen Intel(R) Core(TM) i9-12900K
flags		: fpu vme de pse tsc msr pae mce cx8 apic sep mtrr pge mca cmov pat pse36 clflush dts acpi mmx fxsr sse sse2 ss ht tm pbe syscall nx pdpe1gb rdtscp lm constant_tsc art arch_perfmon pebs bts rep_good nopl xtopology nonstop_tsc cpuid aperfmperf tsc_known_freq pni pclmulqdq dtes64 monitor ds_cpl vmx smx est tm2 ssse3 sdbg fma cx16 xtpr pdcm pcid sse4_1 sse4_2 x2apic movbe popcnt tsc_deadline_timer aes xsave avx f16c rdrand lahf_lm abm 3dnowprefetch cpuid_fault ssbd ibrs ibpb stibp ibrs_enhanced tpr_shadow flexpriority ept vpid ept_ad fsgsbase tsc_adjust bmi1 avx2 smep bmi2 erms invpcid rdseed adx smap clflushopt clwb intel_pt sha_ni xsaveopt xsavec xgetbv1 xsaves split_lock_detect user_shstk avx_vnni dtherm ida arat pln pts hwp hwp_notify hwp_act_window hwp_epp hwp_pkg_req hfi vnmi umip pku ospke waitpkg gfni vaes vpclmulqdq rdpid movdiri movdir64b fsrm md_clear serialize pconfig arch_lbr ibt flush_l1d arch_capabilities

Online cpus: 0-23
Offline cpus: 
BIOS frequency limitation: <Not Available>
Frequency switch latency (ns): 0
Available cpu frequencies: <Not Available>
Current governor: powersave
Core performance/turbo boost: <Not Available>

Memory: 4k page, physical 65592528k(47556552k free), swap 32797692k(32797692k free)
Page Sizes: 4k

vm_info: OpenJDK 64-Bit Server VM (21.0.9+11-LTS) for linux-amd64 JRE (21.0.9+11-LTS), built on 2025-10-31T19:29:38Z by "jenkins" with gcc 7.3.1 20180303 (Red Hat 7.3.1-5)

END.
