#
# A fatal error has been detected by the Java Runtime Environment:
#
#  SIGSEGV (0xb) at pc=0x00007f80ed48b8e8, pid=79439, tid=79440
#
# JRE version: OpenJDK Runtime Environment Corretto-21.0.9.11.1 (21.0.9+11) (build 21.0.9+11-LTS)
# Java VM: OpenJDK 64-Bit Server VM Corretto-21.0.9.11.1 (21.0.9+11-LTS, mixed mode, sharing, tiered, compressed oops, compressed class ptrs, g1 gc, linux-amd64)
# Problematic frame:
# C  [libnvidia-glcore.so.610.57.04+0x108b8e8]
#
# Core dump will be written. Default location: Core dumps may be processed with "/usr/lib/systemd/systemd-coredump %P %u %g %s %t %c %h %d %F %I" (or dumping to /mnt/Alpha/Users/Ian/Documents/Relic/core.79439)
#
# If you would like to submit a bug report, please visit:
#   https://github.com/corretto/corretto-21/issues/
# The crash happened outside the Java Virtual Machine in native code.
# See problematic frame for where to report the bug.
#

---------------  S U M M A R Y ------------

Command Line: -Dfile.encoding=UTF-8 -Duser.country=US -Duser.language=en -Duser.variant net.ice.relic.common.test.VulkanTest

Host: 12th Gen Intel(R) Core(TM) i9-12900K, 24 cores, 62G, Arch Linux
Time: Wed Aug 19 17:42:47 2026 EDT elapsed time: 2.366860 seconds (0d 0h 0m 2s)

---------------  T H R E A D  ---------------

Current thread (0x00007f817c02ce80):  JavaThread "main"             [_thread_in_native, id=79440, stack(0x00007f8182900000,0x00007f8182a00000) (1024K)]

Stack: [0x00007f8182900000,0x00007f8182a00000],  sp=0x00007f81829fd750,  free space=1013k
Native frames: (J=compiled Java code, j=interpreted, Vv=VM code, C=native code)
C  [libnvidia-glcore.so.610.57.04+0x108b8e8]
Java frames: (J=compiled Java code, j=interpreted, Vv=VM code)
J 2724  org.lwjgl.opengl.GL32C.glFenceSync(II)J (0 bytes) @ 0x00007f816c4ae37c [0x00007f816c4ae320+0x000000000000005c]
J 2768 c1 net.ice.curio.library.opengl.object.GLFence.sync()V (11 bytes) @ 0x00007f8164cfeb04 [0x00007f8164cfea40+0x00000000000000c4]
j  net.ice.relic.core.rendering.backend.opengl.renderers.GLGuiRenderer.render()V+265
j  net.ice.relic.core.rendering.backend.opengl.GLRenderer.render()V+89
j  net.ice.relic.application.RelicApplication.loop()V+112
j  net.ice.relic.application.RelicApplication.run()V+5
j  net.ice.relic.common.test.VulkanTest.main([Ljava/lang/String;)V+8
v  ~StubRoutines::call_stub 0x00007f816bc5fcc6

siginfo: si_signo: 11 (SIGSEGV), si_code: 128 (SI_KERNEL), si_addr: 0x0000000000000000

Registers:
RAX=0x0000000000000012, RBX=0x0000000000000000, RCX=0x00007f8685a2e4b0, RDX=0x0000000000ffffff
RSP=0x00007f81829fd750, RBP=0x0000000000000000, RSI=0x000055dded32c9c0, RDI=0x00007f817db50290
R8 =0x00007f817c000f30, R9 =0x0000000000000140, R10=0x0000000000000144, R11=0x0000000000000000
R12=0x00007f817dd11850, R13=0x00007f817c7c54f0, R14=0x00ffffff00ffffff, R15=0x00ffffff00ffffff
RIP=0x00007f80ed48b8e8, EFLAGS=0x0000000000010206, CSGSFS=0x002b000000000033, ERR=0x0000000000000000
  TRAPNO=0x000000000000000d

XMM[0]=0x0000000000000000 0x0000000000000000
XMM[1]=0x0000000000000000 0x0000000000000000
XMM[2]=0x0000000000000000 0x0000000000000000
XMM[3]=0x0000000000000000 0x0000000000000000
XMM[4]=0x0000000000000000 0x0000000000000000
XMM[5]=0x0000000000000000 0x0000000000000000
XMM[6]=0x0000000000000000 0x0000000000000000
XMM[7]=0x0000000000000000 0x0000000000000000
XMM[8]=0x0195019401920194 0x0193019201910190
XMM[9]=0x0000000000000000 0x000000003f7d0000
XMM[10]=0x0000000000000000 0x000000003e400000
XMM[11]=0x0000000000000000 0x00000000bfa2e4e0
XMM[12]=0x0000000000000000 0x0000000041bf5328
XMM[13]=0x0000000000000000 0x0000000042f40000
XMM[14]=0x0000000000000000 0x00000000433f0000
XMM[15]=0x0000000000000000 0x00000000439fc000
  MXCSR=0x00001fa2


Register to memory mapping:

RAX=0x0000000000000012 is an unknown value
RBX=0x0 is null
RCX=0x00007f8685a2e4b0 is an unknown value
RDX=0x0000000000ffffff is an unknown value
RSP=0x00007f81829fd750 is pointing into the stack for thread: 0x00007f817c02ce80
RBP=0x0 is null
RSI=0x000055dded32c9c0 points into unknown readable memory: 0x00000000000005e3 | e3 05 00 00 00 00 00 00
RDI=0x00007f817db50290 points into unknown readable memory: 0x00007f8685a2e4b0 | b0 e4 a2 85 86 7f 00 00
R8 =0x00007f817c000f30 points into unknown readable memory: 0x0002000600070006 | 06 00 07 00 06 00 02 00
R9 =0x0000000000000140 is an unknown value
R10=0x0000000000000144 is an unknown value
R11=0x0 is null
R12=0x00007f817dd11850 points into unknown readable memory: 0x0000000000000000 | 00 00 00 00 00 00 00 00
R13=0x00007f817c7c54f0 points into unknown readable memory: 0x00007f817c7ccb40 | 40 cb 7c 7c 81 7f 00 00
R14=0x00ffffff00ffffff is an unknown value
R15=0x00ffffff00ffffff is an unknown value

Top of Stack: (sp=0x00007f81829fd750)
0x00007f81829fd750:   000055dded32c9c8 0000000000000000
0x00007f81829fd760:   00000000004116cf 0000000100000001
0x00007f81829fd770:   0000000000000000 00007f80eebdc2c0
0x00007f81829fd780:   00007f80a40056a0 00007f817dd11850
0x00007f81829fd790:   00007f817dd11850 0000000000000002
0x00007f81829fd7a0:   00007f80a40056a0 00007f80eceb85af
0x00007f81829fd7b0:   00007f80a4001410 00007f80ecf2b187
0x00007f81829fd7c0:   00007f80a40056a0 0000000000000002
0x00007f81829fd7d0:   00007f80a4001410 00007f81829fd830
0x00007f81829fd7e0:   00007f81829fd838 0000000000000002
0x00007f81829fd7f0:   00007f80a40056a0 00007f80eceb8c76
0x00007f81829fd800:   0000000000000000 00007f81829fe0f0
0x00007f81829fd810:   0000000000000000 00007f80a4001410
0x00007f81829fd820:   00007f81829fd830 0100000000000000
0x00007f81829fd830:   00007f80a4001410 0000000000000000
0x00007f81829fd840:   0000000000000000 0000000000000000
0x00007f81829fd850:   0000000000000000 0000000000000000
0x00007f81829fd860:   0000000000000000 0000000000000000
0x00007f81829fd870:   0000000000000000 0000000000000000
0x00007f81829fd880:   0000000000000000 0000000000000000
0x00007f81829fd890:   0000000000000000 0000000000000000
0x00007f81829fd8a0:   00007f81829fd950 00007f816bc67180
0x00007f81829fd8b0:   0000000450b6b9d0 0000000000000000
0x00007f81829fd8c0:   0000000000000000 00007f80eebe0940
0x00007f81829fd8d0:   0000000000000000 000000000000008e
0x00007f81829fd8e0:   000000000000826b 0000000000020071
0x00007f81829fd8f0:   0000000000008251 0000000000008246
0x00007f81829fd900:   000000041706d790 00007f81829fd908
0x00007f81829fd910:   00007f80ef888f27 000000000000000b
0x00007f81829fd920:   00007f80ef8891f0 0000000000000000
0x00007f81829fd930:   00000004530e7c60 00007f80ef888f30
0x00007f81829fd940:   0000000000000000 00007f81829fd960 

Instructions: (pc=0x00007f80ed48b8e8)
0x00007f80ed48b7e8:   d8 23 75 01 c7 05 2a 24 75 01 01 00 00 00 44 89
0x00007f80ed48b7f8:   44 24 1c 84 d2 74 16 48 8d 15 ba 0a 75 01 8b 92
0x00007f80ed48b808:   cc 0f 00 00 83 fa 01 0f 86 c4 01 00 00 c6 44 24
0x00007f80ed48b818:   1b 00 85 c0 74 2f 45 31 e4 0f 1f 80 00 00 00 00
0x00007f80ed48b828:   48 8b 15 a1 23 75 01 44 89 e0 48 8b 3c c2 48 85
0x00007f80ed48b838:   ff 74 05 e8 10 2f 9d ff 41 83 c4 01 44 39 25 79
0x00007f80ed48b848:   23 75 01 77 db 8b 44 24 1c 45 31 f6 83 f8 04 74
0x00007f80ed48b858:   0a 41 89 c6 83 c0 01 89 44 24 1c 49 63 c6 48 89
0x00007f80ed48b868:   44 24 08 0f 1f 44 00 00 48 8b 44 24 08 49 8b 84
0x00007f80ed48b878:   c5 48 04 00 00 4c 8b 78 10 4c 8b 60 08 eb 58 66
0x00007f80ed48b888:   0f 1f 84 00 00 00 00 00 48 8b 35 59 23 75 01 48
0x00007f80ed48b898:   85 f6 0f 84 90 00 00 00 41 8b 97 90 00 00 00 85
0x00007f80ed48b8a8:   d2 75 1d 41 f6 47 44 01 74 0a 8b 05 6c 23 75 01
0x00007f80ed48b8b8:   85 c0 75 0c 4c 89 ff e8 6c 8e f9 ff 85 c0 75 68
0x00007f80ed48b8c8:   80 7c 24 1b 00 0f 85 db 00 00 00 4d 39 fc 0f 84
0x00007f80ed48b8d8:   d2 00 00 00 4d 89 f7 4d 85 ff 0f 84 c6 00 00 00
0x00007f80ed48b8e8:   4d 8b b7 80 00 00 00 40 84 ed 74 9c b9 01 00 00
0x00007f80ed48b8f8:   00 ba 08 00 00 00 4c 89 fe 48 89 df e8 c7 70 9d
0x00007f80ed48b908:   ff 48 85 db 74 82 48 89 df e8 3a 2e 9d ff 48 8b
0x00007f80ed48b918:   35 d3 22 75 01 48 85 f6 0f 85 7a ff ff ff 66 2e
0x00007f80ed48b928:   0f 1f 84 00 00 00 00 00 4d 85 f6 74 6b 41 83 86
0x00007f80ed48b938:   8c 00 00 00 01 4c 89 fa 4c 89 ee 48 89 df e8 c5
0x00007f80ed48b948:   7f 9d ff 41 83 ae 8c 00 00 00 01 0f 85 7a ff ff
0x00007f80ed48b958:   ff 49 8b be 98 00 00 00 49 8d 86 b0 00 00 00 48
0x00007f80ed48b968:   39 c7 48 8d 05 4f 19 75 01 74 0d 48 89 44 24 10
0x00007f80ed48b978:   ff 50 18 48 8b 44 24 10 4c 89 f7 ff 50 18 48 8b
0x00007f80ed48b988:   44 24 08 49 8b 84 c5 48 04 00 00 4c 8b 70 10 e9
0x00007f80ed48b998:   37 ff ff ff 0f 1f 40 00 4c 89 fa 4c 89 ee 48 89
0x00007f80ed48b9a8:   df e8 62 7f 9d ff 48 83 44 24 08 01 48 8b 44 24
0x00007f80ed48b9b8:   08 39 44 24 1c 0f 8f ad fe ff ff 83 2d 56 22 75
0x00007f80ed48b9c8:   01 01 48 83 c4 28 5b 5d 41 5c 41 5d 41 5e 41 5f
0x00007f80ed48b9d8:   c3 83 f8 01 0f 85 33 fe ff ff c6 44 24 1b 01 e9 


Stack slot to memory mapping:

stack at sp + 0 slots: 0x000055dded32c9c8 points into unknown readable memory: 0x0000000000000004 | 04 00 00 00 00 00 00 00
stack at sp + 1 slots: 0x0 is null
stack at sp + 2 slots: 0x00000000004116cf is an unknown value
stack at sp + 3 slots: 0x0000000100000001 is an unknown value
stack at sp + 4 slots: 0x0 is null
stack at sp + 5 slots: 0x00007f80eebdc2c0: _nv015glcore+0x0000000000000000 in /usr/lib/libnvidia-glcore.so.610.57.04 at 0x00007f80ec400000
stack at sp + 6 slots: 0x00007f80a40056a0 points into unknown readable memory: 0x0000000000001000 | 00 10 00 00 00 00 00 00
stack at sp + 7 slots: 0x00007f817dd11850 points into unknown readable memory: 0x0000000000000000 | 00 00 00 00 00 00 00 00


Compiled method (n/a) 2384 2724     n 0       org.lwjgl.opengl.GL32C::glFenceSync (native)
 total in heap  [0x00007f816c4ae190,0x00007f816c4ae510] = 896
 relocation     [0x00007f816c4ae2e8,0x00007f816c4ae320] = 56
 main code      [0x00007f816c4ae320,0x00007f816c4ae507] = 487
 stub code      [0x00007f816c4ae507,0x00007f816c4ae508] = 1
 oops           [0x00007f816c4ae508,0x00007f816c4ae510] = 8

[Constant Pool (empty)]

[MachCode]
[Entry Point]
  # {method} {0x00007f80ef8b9d30} 'glFenceSync' '(II)J' in 'org/lwjgl/opengl/GL32C'
  # parm0:    rsi       = int
  # parm1:    rdx       = int
  #           [sp+0x50]  (sp of caller)
  0x00007f816c4ae320: 448b 5608 | 49bb 0000 | 00f3 807f | 0000 4d03 | d349 3bc2 | 0f84 0600 

  0x00007f816c4ae338: ;   {runtime_call ic_miss_stub}
  0x00007f816c4ae338: 0000 e941 | ed7f ff90 
[Verified Entry Point]
  0x00007f816c4ae340: 8984 2400 | c0fe ff55 | 488b ec48 | 83ec 4090 | 4181 7f20 | 0100 0000 

  0x00007f816c4ae358: ;   {runtime_call StubRoutines (final stubs)}
  0x00007f816c4ae358: 7405 e841 | 517e ff48 | 8bca 488b 

  0x00007f816c4ae364: ;   {oop(a 'java/lang/Class'{0x000000045312ff98} = 'org/lwjgl/opengl/GL32C')}
  0x00007f816c4ae364: d649 be98 | ff12 5304 | 0000 004c | 8974 2430 | 4c8d 7424 | 3049 8bf6 

  0x00007f816c4ae37c: ;   {internal_word}
  0x00007f816c4ae37c: c5f8 7749 | ba7c e34a | 6c81 7f00 | 004d 8997 | a003 0000 | 4989 a798 

  0x00007f816c4ae394: ;   {external_word}
  0x00007f816c4ae394: 0300 0080 | 3d77 fdcc | 1700 0f84 | 3400 0000 

  0x00007f816c4ae3a4: ;   {metadata({method} {0x00007f80ef8b9d30} 'glFenceSync' '(II)J' in 'org/lwjgl/opengl/GL32C')}
  0x00007f816c4ae3a4: 5652 5148 | be30 9d8b | ef80 7f00 | 0049 8bff | 40f6 c40f | 0f84 1200 | 0000 4883 

  0x00007f816c4ae3c0: ;   {runtime_call SharedRuntime::dtrace_method_entry(JavaThread*, Method*)}
  0x00007f816c4ae3c0: ec08 e889 | c331 1748 | 83c4 08e9 | 0500 0000 

  0x00007f816c4ae3d0: ;   {runtime_call SharedRuntime::dtrace_method_entry(JavaThread*, Method*)}
  0x00007f816c4ae3d0: e87b c331 | 1759 5a5e | 498d bfb8 | 0300 0041 | c787 4404 | 0000 0400 

  0x00007f816c4ae3e8: ;   {runtime_call Java_org_lwjgl_opengl_GL32C_glFenceSync}
  0x00007f816c4ae3e8: 0000 48b8 | 1020 ebaf | 807f 0000 | ffd0 c5f8 | 7741 c787 | 4404 0000 | 0500 0000 | f083 4424 
  0x00007f816c4ae408: c000 493b | af48 0400 | 000f 870e | 0000 0041 | 83bf 4004 | 0000 000f | 8424 0000 | 00c5 f877 
  0x00007f816c4ae428: 4889 45f8 | 498b ff4c | 8be4 4883 | ec00 4883 

  0x00007f816c4ae438: ;   {runtime_call JavaThread::check_special_condition_for_native_trans(JavaThread*)}
  0x00007f816c4ae438: e4f0 e831 | f1e7 1649 | 8be4 4d33 | e448 8b45 | f841 c787 | 4404 0000 | 0800 0000 | 4183 bfc0 
  0x00007f816c4ae458: 0400 0002 | 0f84 7f00 

  0x00007f816c4ae460: ;   {external_word}
  0x00007f816c4ae460: 0000 803d | acfc cc17 | 000f 8436 | 0000 0048 

  0x00007f816c4ae470: ;   {metadata({method} {0x00007f80ef8b9d30} 'glFenceSync' '(II)J' in 'org/lwjgl/opengl/GL32C')}
  0x00007f816c4ae470: 8945 f848 | be30 9d8b | ef80 7f00 | 0049 8bff | 40f6 c40f | 0f84 1200 | 0000 4883 

  0x00007f816c4ae48c: ;   {runtime_call SharedRuntime::dtrace_method_exit(JavaThread*, Method*)}
  0x00007f816c4ae48c: ec08 e8cd | c231 1748 | 83c4 08e9 | 0500 0000 

  0x00007f816c4ae49c: ;   {runtime_call SharedRuntime::dtrace_method_exit(JavaThread*, Method*)}
  0x00007f816c4ae49c: e8bf c231 | 1748 8b45 | f849 c787 | 9803 0000 | 0000 0000 | 49c7 87a0 | 0300 0000 | 0000 00c5 
  0x00007f816c4ae4bc: f877 498b | 8f28 0400 | 00c7 8100 | 0100 0000 | 0000 00c9 | 4983 7f08 | 000f 8501 | 0000 00c3 
  0x00007f816c4ae4dc: ;   {runtime_call StubRoutines (initial stubs)}
  0x00007f816c4ae4dc: e91f 177b | ffc5 f877 | 4889 45f8 | 4c8b e448 | 83ec 0048 

  0x00007f816c4ae4f0: ;   {runtime_call SharedRuntime::reguard_yellow_pages()}
  0x00007f816c4ae4f0: 83e4 f0e8 | 08d1 3117 | 498b e44d | 33e4 488b | 45f8 e95b | ffff fff4 
[/MachCode]


Compiled method (c1) 2396 2768       3       net.ice.curio.library.opengl.object.GLFence::sync (11 bytes)
 total in heap  [0x00007f8164cfe890,0x00007f8164cfec88] = 1016
 relocation     [0x00007f8164cfe9e8,0x00007f8164cfea30] = 72
 main code      [0x00007f8164cfea40,0x00007f8164cfeba8] = 360
 stub code      [0x00007f8164cfeba8,0x00007f8164cfebe8] = 64
 oops           [0x00007f8164cfebe8,0x00007f8164cfebf0] = 8
 metadata       [0x00007f8164cfebf0,0x00007f8164cfec00] = 16
 scopes data    [0x00007f8164cfec00,0x00007f8164cfec30] = 48
 scopes pcs     [0x00007f8164cfec30,0x00007f8164cfec80] = 80
 dependencies   [0x00007f8164cfec80,0x00007f8164cfec88] = 8

[Constant Pool (empty)]

[MachCode]
[Entry Point]
  # {method} {0x00007f80ef59ef98} 'sync' '()V' in 'net/ice/curio/library/opengl/object/GLFence'
  #           [sp+0x60]  (sp of caller)
  0x00007f8164cfea40: 448b 5608 | 49bb 0000 | 00f3 807f | 0000 4d03 | d34c 3bd0 

  0x00007f8164cfea54: ;   {runtime_call ic_miss_stub}
  0x00007f8164cfea54: 0f85 26e6 | fa06 660f | 1f44 0000 
[Verified Entry Point]
  0x00007f8164cfea60: 8984 2400 | c0fe ff55 | 4883 ec50 | 4181 7f20 | 0100 0000 

  0x00007f8164cfea74: ;   {runtime_call StubRoutines (final stubs)}
  0x00007f8164cfea74: 7405 e825 

  0x00007f8164cfea78: ;   {metadata(method data for {method} {0x00007f80ef59ef98} 'sync' '()V' in 'net/ice/curio/library/opengl/object/GLFence')}
  0x00007f8164cfea78: 4af9 0648 | ba80 dbc9 | ef80 7f00 | 008b baf4 | 0000 0083 | c702 89ba | f400 0000 | 81e7 fe07 
  0x00007f8164cfea98: 0000 85ff | 0f84 8600 | 0000 4889 

  0x00007f8164cfeaa4: ;   {metadata(method data for {method} {0x00007f80ef59ef98} 'sync' '()V' in 'net/ice/curio/library/opengl/object/GLFence')}
  0x00007f8164cfeaa4: 7424 3848 | ba80 dbc9 | ef80 7f00 | 0048 8382 | 3801 0000 

  0x00007f8164cfeab8: ;   {metadata(method data for {method} {0x00007f80ef9581f8} 'glFenceSync' '(II)J' in 'org/lwjgl/opengl/GL32')}
  0x00007f8164cfeab8: 0148 ba08 | ddc9 ef80 | 7f00 008b | baf4 0000 | 0083 c702 | 89ba f400 | 0000 81e7 | feff 1f00 
  0x00007f8164cfead8: 85ff 0f84 | 6900 0000 

  0x00007f8164cfeae0: ;   {metadata(method data for {method} {0x00007f80ef9581f8} 'glFenceSync' '(II)J' in 'org/lwjgl/opengl/GL32')}
  0x00007f8164cfeae0: 48ba 08dd | c9ef 807f | 0000 4883 | 8238 0100 | 0001 be17 | 9100 00ba | 0000 0000 

  0x00007f8164cfeafc: ;   {static_call}
  0x00007f8164cfeafc: 6666 90e8 

  0x00007f8164cfeb00: ; ImmutableOopMap {[56]=Oop }
                      ;*invokestatic glFenceSync {reexecute=0 rethrow=0 return_oop=0}
                      ; - org.lwjgl.opengl.GL32::glFenceSync@2 (line 317)
                      ; - net.ice.curio.library.opengl.object.GLFence::sync@4 (line 25)
  0x00007f8164cfeb00: 3cf8 7a07 

  0x00007f8164cfeb04: ;   {other}
  0x00007f8164cfeb04: 0f1f 8400 | 7402 0000 | 488b 7424 | 3848 8946 | 1048 83c4 

  0x00007f8164cfeb18: ;   {poll_return}
  0x00007f8164cfeb18: 505d 493b | a748 0400 | 000f 8743 | 0000 00c3 

  0x00007f8164cfeb28: ;   {metadata({method} {0x00007f80ef59ef98} 'sync' '()V' in 'net/ice/curio/library/opengl/object/GLFence')}
  0x00007f8164cfeb28: 49ba 98ef | 59ef 807f | 0000 4c89 | 5424 0848 | c704 24ff 

  0x00007f8164cfeb3c: ;   {runtime_call counter_overflow Runtime1 stub}
  0x00007f8164cfeb3c: ffff ffe8 

  0x00007f8164cfeb40: ; ImmutableOopMap {rsi=Oop }
                      ;*synchronization entry
                      ; - net.ice.curio.library.opengl.object.GLFence::sync@-1 (line 25)
  0x00007f8164cfeb40: bc60 0707 | e959 ffff 

  0x00007f8164cfeb48: ;   {metadata({method} {0x00007f80ef9581f8} 'glFenceSync' '(II)J' in 'org/lwjgl/opengl/GL32')}
  0x00007f8164cfeb48: ff49 baf8 | 8195 ef80 | 7f00 004c | 8954 2408 | 48c7 0424 | ffff ffff 

  0x00007f8164cfeb60: ;   {runtime_call counter_overflow Runtime1 stub}
  0x00007f8164cfeb60: e89b 6007 

  0x00007f8164cfeb64: ; ImmutableOopMap {[56]=Oop }
                      ;*synchronization entry
                      ; - org.lwjgl.opengl.GL32::glFenceSync@-1 (line 317)
                      ; - net.ice.curio.library.opengl.object.GLFence::sync@4 (line 25)
  0x00007f8164cfeb64: 07e9 76ff 

  0x00007f8164cfeb68: ;   {internal_word}
  0x00007f8164cfeb68: ffff 49ba | 1aeb cf64 | 817f 0000 | 4d89 9760 

  0x00007f8164cfeb78: ;   {runtime_call SafepointBlob}
  0x00007f8164cfeb78: 0400 00e9 | 8054 fb06 | 498b 87f8 | 0400 0049 | c787 f804 | 0000 0000 | 0000 49c7 | 8700 0500 
  0x00007f8164cfeb98: 0000 0000 | 0048 83c4 

  0x00007f8164cfeba0: ;   {runtime_call unwind_exception Runtime1 stub}
  0x00007f8164cfeba0: 505d e9d9 | f306 07f4 
[Stub Code]
  0x00007f8164cfeba8: ;   {no_reloc}
  0x00007f8164cfeba8: 48bb 0000 | 0000 0000 

  0x00007f8164cfebb0: ;   {runtime_call nmethod}
  0x00007f8164cfebb0: 0000 e9fb 

  0x00007f8164cfebb4: ;   {runtime_call handle_exception_from_callee Runtime1 stub}
  0x00007f8164cfebb4: ffff ffe8 | 442f 0707 

  0x00007f8164cfebbc: ;   {external_word}
  0x00007f8164cfebbc: 48bf 19b9 | b583 817f | 0000 4883 

  0x00007f8164cfebc8: ;   {runtime_call MacroAssembler::debug64(char*, long, long*)}
  0x00007f8164cfebc8: e4f0 e871 | 0b8e 1ef4 
[Deopt Handler Code]
  0x00007f8164cfebd0: ;   {section_word}
  0x00007f8164cfebd0: 49ba d0eb | cf64 817f | 0000 4152 

  0x00007f8164cfebdc: ;   {runtime_call DeoptimizationBlob}
  0x00007f8164cfebdc: e9bf 46fb | 06f4 f4f4 | f4f4 f4f4 
[/MachCode]


---------------  P R O C E S S  ---------------

Threads class SMR info:
_java_thread_list=0x00007f8134013730, length=13, elements={
0x00007f817c02ce80, 0x00007f817c162c40, 0x00007f817c1641a0, 0x00007f817c165920,
0x00007f817c166f50, 0x00007f817c1684e0, 0x00007f817c16a090, 0x00007f817c16b740,
0x00007f817c177da0, 0x00007f817c17af20, 0x00007f80c80456d0, 0x00007f80c80e1ea0,
0x00007f80c80e33e0
}

Java Threads: ( => current thread )
=>0x00007f817c02ce80 JavaThread "main"                              [_thread_in_native, id=79440, stack(0x00007f8182900000,0x00007f8182a00000) (1024K)]
  0x00007f817c162c40 JavaThread "Reference Handler"          daemon [_thread_blocked, id=79448, stack(0x00007f8150325000,0x00007f8150425000) (1024K)]
  0x00007f817c1641a0 JavaThread "Finalizer"                  daemon [_thread_blocked, id=79449, stack(0x00007f8150224000,0x00007f8150324000) (1024K)]
  0x00007f817c165920 JavaThread "Signal Dispatcher"          daemon [_thread_blocked, id=79450, stack(0x00007f8150123000,0x00007f8150223000) (1024K)]
  0x00007f817c166f50 JavaThread "Service Thread"             daemon [_thread_blocked, id=79451, stack(0x00007f8150022000,0x00007f8150122000) (1024K)]
  0x00007f817c1684e0 JavaThread "Monitor Deflation Thread"   daemon [_thread_blocked, id=79452, stack(0x00007f8141f00000,0x00007f8142000000) (1024K)]
  0x00007f817c16a090 JavaThread "C2 CompilerThread0"         daemon [_thread_blocked, id=79453, stack(0x00007f8141b00000,0x00007f8141c00000) (1024K)]
  0x00007f817c16b740 JavaThread "C1 CompilerThread0"         daemon [_thread_blocked, id=79454, stack(0x00007f81419ff000,0x00007f8141aff000) (1024K)]
  0x00007f817c177da0 JavaThread "Notification Thread"        daemon [_thread_blocked, id=79455, stack(0x00007f81418fe000,0x00007f81419fe000) (1024K)]
  0x00007f817c17af20 JavaThread "Common-Cleaner"             daemon [_thread_blocked, id=79456, stack(0x00007f8141500000,0x00007f8141600000) (1024K)]
  0x00007f80c80456d0 JavaThread "C1 CompilerThread1"         daemon [_thread_blocked, id=79457, stack(0x00007f8141100000,0x00007f8141200000) (1024K)]
  0x00007f80c80e1ea0 JavaThread "C1 CompilerThread2"         daemon [_thread_blocked, id=79459, stack(0x00007f8140900000,0x00007f8140a00000) (1024K)]
  0x00007f80c80e33e0 JavaThread "C1 CompilerThread3"         daemon [_thread_blocked, id=79460, stack(0x00007f8140500000,0x00007f8140600000) (1024K)]
Total: 13

Other Threads:
  0x00007f817c159b40 VMThread "VM Thread"                           [id=79447, stack(0x00007f8150426000,0x00007f8150526000) (1024K)]
  0x00007f817c1476e0 WatcherThread "VM Periodic Task Thread"        [id=79446, stack(0x00007f8150527000,0x00007f8150627000) (1024K)]
  0x00007f817c05ab30 WorkerThread "GC Thread#0"                     [id=79441, stack(0x00007f8180def000,0x00007f8180eef000) (1024K)]
  0x00007f80e80170e0 WorkerThread "GC Thread#1"                     [id=79491, stack(0x00007f80a1fed000,0x00007f80a20ed000) (1024K)]
  0x00007f80e8017bd0 WorkerThread "GC Thread#2"                     [id=79492, stack(0x00007f80a1eec000,0x00007f80a1fec000) (1024K)]
  0x00007f80e8018700 WorkerThread "GC Thread#3"                     [id=79493, stack(0x00007f80a1deb000,0x00007f80a1eeb000) (1024K)]
  0x00007f80e8019230 WorkerThread "GC Thread#4"                     [id=79494, stack(0x00007f80a1cea000,0x00007f80a1dea000) (1024K)]
  0x00007f80e8019d60 WorkerThread "GC Thread#5"                     [id=79495, stack(0x00007f80a1be9000,0x00007f80a1ce9000) (1024K)]
  0x00007f80e801a890 WorkerThread "GC Thread#6"                     [id=79496, stack(0x00007f80a1ae8000,0x00007f80a1be8000) (1024K)]
  0x00007f80e801b3c0 WorkerThread "GC Thread#7"                     [id=79497, stack(0x00007f80a19e7000,0x00007f80a1ae7000) (1024K)]
  0x00007f80e801bef0 WorkerThread "GC Thread#8"                     [id=79498, stack(0x00007f80a18e6000,0x00007f80a19e6000) (1024K)]
  0x00007f80e801ca60 WorkerThread "GC Thread#9"                     [id=79499, stack(0x00007f80a17e5000,0x00007f80a18e5000) (1024K)]
  0x00007f80e801d5d0 WorkerThread "GC Thread#10"                    [id=79500, stack(0x00007f80a16e4000,0x00007f80a17e4000) (1024K)]
  0x00007f80e801e140 WorkerThread "GC Thread#11"                    [id=79501, stack(0x00007f80a15e3000,0x00007f80a16e3000) (1024K)]
  0x00007f80e801ecb0 WorkerThread "GC Thread#12"                    [id=79502, stack(0x00007f80a14e2000,0x00007f80a15e2000) (1024K)]
  0x00007f80e801f820 WorkerThread "GC Thread#13"                    [id=79503, stack(0x00007f80a13e1000,0x00007f80a14e1000) (1024K)]
  0x00007f80e8020390 WorkerThread "GC Thread#14"                    [id=79504, stack(0x00007f80a12e0000,0x00007f80a13e0000) (1024K)]
  0x00007f80e8020f30 WorkerThread "GC Thread#15"                    [id=79505, stack(0x00007f80a11df000,0x00007f80a12df000) (1024K)]
  0x00007f80e8021ec0 WorkerThread "GC Thread#16"                    [id=79506, stack(0x00007f80a10de000,0x00007f80a11de000) (1024K)]
  0x00007f80e80232d0 WorkerThread "GC Thread#17"                    [id=79507, stack(0x00007f80a0fdd000,0x00007f80a10dd000) (1024K)]
  0x00007f817c06bbd0 ConcurrentGCThread "G1 Main Marker"            [id=79442, stack(0x00007f8180cee000,0x00007f8180dee000) (1024K)]
  0x00007f817c06cba0 WorkerThread "G1 Conc#0"                       [id=79443, stack(0x00007f8180bed000,0x00007f8180ced000) (1024K)]
  0x00007f817c12ca50 ConcurrentGCThread "G1 Refine#0"               [id=79444, stack(0x00007f8150729000,0x00007f8150829000) (1024K)]
  0x00007f817c12da00 ConcurrentGCThread "G1 Service"                [id=79445, stack(0x00007f8150628000,0x00007f8150728000) (1024K)]
Total: 24

Threads with active compile tasks:
Total: 0

VM state: not at safepoint (normal execution)

VM Mutex/Monitor currently owned by a thread: None

Heap address: 0x0000000417000000, size: 16016 MB, Compressed Oops mode: Zero based, Oop shift amount: 3

CDS archive(s) mapped at: [0x00007f80f3000000-0x00007f80f3ca0000-0x00007f80f3ca0000), size 13238272, SharedBaseAddress: 0x00007f80f3000000, ArchiveRelocationMode: 1.
Compressed class space mapped at: 0x00007f80f4000000-0x00007f8134000000, reserved size: 1073741824
Narrow klass base: 0x00007f80f3000000, Narrow klass shift: 0, Narrow klass range: 0x100000000

GC Precious Log:
 CardTable entry size: 512
 Card Set container configuration: InlinePtr #cards 4 size 8 Array Of Cards #cards 64 size 144 Howl #buckets 8 coarsen threshold 14745 Howl Bitmap #cards 2048 size 272 coarsen threshold 1843 Card regions per heap region 1 cards per card region 16384
 CPUs: 24 total, 24 available
 Memory: 64055M
 Large Page Support: Disabled
 NUMA Support: Disabled
 Compressed Oops: Enabled (Zero based)
 Heap Region Size: 8M
 Heap Min Capacity: 8M
 Heap Initial Capacity: 1008M
 Heap Max Capacity: 16016M
 Pre-touch: Disabled
 Parallel Workers: 18
 Concurrent Workers: 5
 Concurrent Refinement Workers: 18
 Periodic GC: Disabled

Heap:
 garbage-first heap   total 1040384K, used 71836K [0x0000000417000000, 0x0000000800000000)
  region size 8192K, 11 young (90112K), 1 survivors (8192K)
 Metaspace       used 13897K, committed 14336K, reserved 1114112K
  class space    used 988K, committed 1216K, reserved 1048576K

Heap Regions: E=young(eden), S=young(survivor), O=old, HS=humongous(starts), HC=humongous(continues), CS=collection set, F=free, TAMS=top-at-mark-start, PB=parsable bottom
|   0|0x0000000417000000, 0x0000000417376b78, 0x0000000417800000| 43%| O|  |TAMS 0x0000000417000000| PB 0x0000000417000000| Untracked 
|   1|0x0000000417800000, 0x0000000417800000, 0x0000000418000000|  0%| F|  |TAMS 0x0000000417800000| PB 0x0000000417800000| Untracked 
|   2|0x0000000418000000, 0x0000000418000000, 0x0000000418800000|  0%| F|  |TAMS 0x0000000418000000| PB 0x0000000418000000| Untracked 
|   3|0x0000000418800000, 0x0000000418800000, 0x0000000419000000|  0%| F|  |TAMS 0x0000000418800000| PB 0x0000000418800000| Untracked 
|   4|0x0000000419000000, 0x0000000419000000, 0x0000000419800000|  0%| F|  |TAMS 0x0000000419000000| PB 0x0000000419000000| Untracked 
|   5|0x0000000419800000, 0x0000000419800000, 0x000000041a000000|  0%| F|  |TAMS 0x0000000419800000| PB 0x0000000419800000| Untracked 
|   6|0x000000041a000000, 0x000000041a000000, 0x000000041a800000|  0%| F|  |TAMS 0x000000041a000000| PB 0x000000041a000000| Untracked 
|   7|0x000000041a800000, 0x000000041a800000, 0x000000041b000000|  0%| F|  |TAMS 0x000000041a800000| PB 0x000000041a800000| Untracked 
|   8|0x000000041b000000, 0x000000041b000000, 0x000000041b800000|  0%| F|  |TAMS 0x000000041b000000| PB 0x000000041b000000| Untracked 
|   9|0x000000041b800000, 0x000000041b800000, 0x000000041c000000|  0%| F|  |TAMS 0x000000041b800000| PB 0x000000041b800000| Untracked 
|  10|0x000000041c000000, 0x000000041c000000, 0x000000041c800000|  0%| F|  |TAMS 0x000000041c000000| PB 0x000000041c000000| Untracked 
|  11|0x000000041c800000, 0x000000041c800000, 0x000000041d000000|  0%| F|  |TAMS 0x000000041c800000| PB 0x000000041c800000| Untracked 
|  12|0x000000041d000000, 0x000000041d000000, 0x000000041d800000|  0%| F|  |TAMS 0x000000041d000000| PB 0x000000041d000000| Untracked 
|  13|0x000000041d800000, 0x000000041d800000, 0x000000041e000000|  0%| F|  |TAMS 0x000000041d800000| PB 0x000000041d800000| Untracked 
|  14|0x000000041e000000, 0x000000041e000000, 0x000000041e800000|  0%| F|  |TAMS 0x000000041e000000| PB 0x000000041e000000| Untracked 
|  15|0x000000041e800000, 0x000000041e800000, 0x000000041f000000|  0%| F|  |TAMS 0x000000041e800000| PB 0x000000041e800000| Untracked 
|  16|0x000000041f000000, 0x000000041f000000, 0x000000041f800000|  0%| F|  |TAMS 0x000000041f000000| PB 0x000000041f000000| Untracked 
|  17|0x000000041f800000, 0x000000041f800000, 0x0000000420000000|  0%| F|  |TAMS 0x000000041f800000| PB 0x000000041f800000| Untracked 
|  18|0x0000000420000000, 0x0000000420000000, 0x0000000420800000|  0%| F|  |TAMS 0x0000000420000000| PB 0x0000000420000000| Untracked 
|  19|0x0000000420800000, 0x0000000420800000, 0x0000000421000000|  0%| F|  |TAMS 0x0000000420800000| PB 0x0000000420800000| Untracked 
|  20|0x0000000421000000, 0x0000000421000000, 0x0000000421800000|  0%| F|  |TAMS 0x0000000421000000| PB 0x0000000421000000| Untracked 
|  21|0x0000000421800000, 0x0000000421800000, 0x0000000422000000|  0%| F|  |TAMS 0x0000000421800000| PB 0x0000000421800000| Untracked 
|  22|0x0000000422000000, 0x0000000422000000, 0x0000000422800000|  0%| F|  |TAMS 0x0000000422000000| PB 0x0000000422000000| Untracked 
|  23|0x0000000422800000, 0x0000000422800000, 0x0000000423000000|  0%| F|  |TAMS 0x0000000422800000| PB 0x0000000422800000| Untracked 
|  24|0x0000000423000000, 0x0000000423000000, 0x0000000423800000|  0%| F|  |TAMS 0x0000000423000000| PB 0x0000000423000000| Untracked 
|  25|0x0000000423800000, 0x0000000423800000, 0x0000000424000000|  0%| F|  |TAMS 0x0000000423800000| PB 0x0000000423800000| Untracked 
|  26|0x0000000424000000, 0x0000000424000000, 0x0000000424800000|  0%| F|  |TAMS 0x0000000424000000| PB 0x0000000424000000| Untracked 
|  27|0x0000000424800000, 0x0000000424800000, 0x0000000425000000|  0%| F|  |TAMS 0x0000000424800000| PB 0x0000000424800000| Untracked 
|  28|0x0000000425000000, 0x0000000425000000, 0x0000000425800000|  0%| F|  |TAMS 0x0000000425000000| PB 0x0000000425000000| Untracked 
|  29|0x0000000425800000, 0x0000000425800000, 0x0000000426000000|  0%| F|  |TAMS 0x0000000425800000| PB 0x0000000425800000| Untracked 
|  30|0x0000000426000000, 0x0000000426000000, 0x0000000426800000|  0%| F|  |TAMS 0x0000000426000000| PB 0x0000000426000000| Untracked 
|  31|0x0000000426800000, 0x0000000426800000, 0x0000000427000000|  0%| F|  |TAMS 0x0000000426800000| PB 0x0000000426800000| Untracked 
|  32|0x0000000427000000, 0x0000000427000000, 0x0000000427800000|  0%| F|  |TAMS 0x0000000427000000| PB 0x0000000427000000| Untracked 
|  33|0x0000000427800000, 0x0000000427800000, 0x0000000428000000|  0%| F|  |TAMS 0x0000000427800000| PB 0x0000000427800000| Untracked 
|  34|0x0000000428000000, 0x0000000428000000, 0x0000000428800000|  0%| F|  |TAMS 0x0000000428000000| PB 0x0000000428000000| Untracked 
|  35|0x0000000428800000, 0x0000000428800000, 0x0000000429000000|  0%| F|  |TAMS 0x0000000428800000| PB 0x0000000428800000| Untracked 
|  36|0x0000000429000000, 0x0000000429000000, 0x0000000429800000|  0%| F|  |TAMS 0x0000000429000000| PB 0x0000000429000000| Untracked 
|  37|0x0000000429800000, 0x0000000429800000, 0x000000042a000000|  0%| F|  |TAMS 0x0000000429800000| PB 0x0000000429800000| Untracked 
|  38|0x000000042a000000, 0x000000042a000000, 0x000000042a800000|  0%| F|  |TAMS 0x000000042a000000| PB 0x000000042a000000| Untracked 
|  39|0x000000042a800000, 0x000000042a800000, 0x000000042b000000|  0%| F|  |TAMS 0x000000042a800000| PB 0x000000042a800000| Untracked 
|  40|0x000000042b000000, 0x000000042b000000, 0x000000042b800000|  0%| F|  |TAMS 0x000000042b000000| PB 0x000000042b000000| Untracked 
|  41|0x000000042b800000, 0x000000042b800000, 0x000000042c000000|  0%| F|  |TAMS 0x000000042b800000| PB 0x000000042b800000| Untracked 
|  42|0x000000042c000000, 0x000000042c000000, 0x000000042c800000|  0%| F|  |TAMS 0x000000042c000000| PB 0x000000042c000000| Untracked 
|  43|0x000000042c800000, 0x000000042c800000, 0x000000042d000000|  0%| F|  |TAMS 0x000000042c800000| PB 0x000000042c800000| Untracked 
|  44|0x000000042d000000, 0x000000042d000000, 0x000000042d800000|  0%| F|  |TAMS 0x000000042d000000| PB 0x000000042d000000| Untracked 
|  45|0x000000042d800000, 0x000000042d800000, 0x000000042e000000|  0%| F|  |TAMS 0x000000042d800000| PB 0x000000042d800000| Untracked 
|  46|0x000000042e000000, 0x000000042e000000, 0x000000042e800000|  0%| F|  |TAMS 0x000000042e000000| PB 0x000000042e000000| Untracked 
|  47|0x000000042e800000, 0x000000042e800000, 0x000000042f000000|  0%| F|  |TAMS 0x000000042e800000| PB 0x000000042e800000| Untracked 
|  48|0x000000042f000000, 0x000000042f000000, 0x000000042f800000|  0%| F|  |TAMS 0x000000042f000000| PB 0x000000042f000000| Untracked 
|  49|0x000000042f800000, 0x000000042f800000, 0x0000000430000000|  0%| F|  |TAMS 0x000000042f800000| PB 0x000000042f800000| Untracked 
|  50|0x0000000430000000, 0x0000000430000000, 0x0000000430800000|  0%| F|  |TAMS 0x0000000430000000| PB 0x0000000430000000| Untracked 
|  51|0x0000000430800000, 0x0000000430800000, 0x0000000431000000|  0%| F|  |TAMS 0x0000000430800000| PB 0x0000000430800000| Untracked 
|  52|0x0000000431000000, 0x0000000431000000, 0x0000000431800000|  0%| F|  |TAMS 0x0000000431000000| PB 0x0000000431000000| Untracked 
|  53|0x0000000431800000, 0x0000000431800000, 0x0000000432000000|  0%| F|  |TAMS 0x0000000431800000| PB 0x0000000431800000| Untracked 
|  54|0x0000000432000000, 0x0000000432000000, 0x0000000432800000|  0%| F|  |TAMS 0x0000000432000000| PB 0x0000000432000000| Untracked 
|  55|0x0000000432800000, 0x0000000432800000, 0x0000000433000000|  0%| F|  |TAMS 0x0000000432800000| PB 0x0000000432800000| Untracked 
|  56|0x0000000433000000, 0x0000000433000000, 0x0000000433800000|  0%| F|  |TAMS 0x0000000433000000| PB 0x0000000433000000| Untracked 
|  57|0x0000000433800000, 0x0000000433800000, 0x0000000434000000|  0%| F|  |TAMS 0x0000000433800000| PB 0x0000000433800000| Untracked 
|  58|0x0000000434000000, 0x0000000434000000, 0x0000000434800000|  0%| F|  |TAMS 0x0000000434000000| PB 0x0000000434000000| Untracked 
|  59|0x0000000434800000, 0x0000000434800000, 0x0000000435000000|  0%| F|  |TAMS 0x0000000434800000| PB 0x0000000434800000| Untracked 
|  60|0x0000000435000000, 0x0000000435000000, 0x0000000435800000|  0%| F|  |TAMS 0x0000000435000000| PB 0x0000000435000000| Untracked 
|  61|0x0000000435800000, 0x0000000435800000, 0x0000000436000000|  0%| F|  |TAMS 0x0000000435800000| PB 0x0000000435800000| Untracked 
|  62|0x0000000436000000, 0x0000000436000000, 0x0000000436800000|  0%| F|  |TAMS 0x0000000436000000| PB 0x0000000436000000| Untracked 
|  63|0x0000000436800000, 0x0000000436800000, 0x0000000437000000|  0%| F|  |TAMS 0x0000000436800000| PB 0x0000000436800000| Untracked 
|  64|0x0000000437000000, 0x0000000437000000, 0x0000000437800000|  0%| F|  |TAMS 0x0000000437000000| PB 0x0000000437000000| Untracked 
|  65|0x0000000437800000, 0x0000000437800000, 0x0000000438000000|  0%| F|  |TAMS 0x0000000437800000| PB 0x0000000437800000| Untracked 
|  66|0x0000000438000000, 0x0000000438000000, 0x0000000438800000|  0%| F|  |TAMS 0x0000000438000000| PB 0x0000000438000000| Untracked 
|  67|0x0000000438800000, 0x0000000438800000, 0x0000000439000000|  0%| F|  |TAMS 0x0000000438800000| PB 0x0000000438800000| Untracked 
|  68|0x0000000439000000, 0x0000000439000000, 0x0000000439800000|  0%| F|  |TAMS 0x0000000439000000| PB 0x0000000439000000| Untracked 
|  69|0x0000000439800000, 0x0000000439800000, 0x000000043a000000|  0%| F|  |TAMS 0x0000000439800000| PB 0x0000000439800000| Untracked 
|  70|0x000000043a000000, 0x000000043a000000, 0x000000043a800000|  0%| F|  |TAMS 0x000000043a000000| PB 0x000000043a000000| Untracked 
|  71|0x000000043a800000, 0x000000043a800000, 0x000000043b000000|  0%| F|  |TAMS 0x000000043a800000| PB 0x000000043a800000| Untracked 
|  72|0x000000043b000000, 0x000000043b000000, 0x000000043b800000|  0%| F|  |TAMS 0x000000043b000000| PB 0x000000043b000000| Untracked 
|  73|0x000000043b800000, 0x000000043b800000, 0x000000043c000000|  0%| F|  |TAMS 0x000000043b800000| PB 0x000000043b800000| Untracked 
|  74|0x000000043c000000, 0x000000043c000000, 0x000000043c800000|  0%| F|  |TAMS 0x000000043c000000| PB 0x000000043c000000| Untracked 
|  75|0x000000043c800000, 0x000000043c800000, 0x000000043d000000|  0%| F|  |TAMS 0x000000043c800000| PB 0x000000043c800000| Untracked 
|  76|0x000000043d000000, 0x000000043d000000, 0x000000043d800000|  0%| F|  |TAMS 0x000000043d000000| PB 0x000000043d000000| Untracked 
|  77|0x000000043d800000, 0x000000043d800000, 0x000000043e000000|  0%| F|  |TAMS 0x000000043d800000| PB 0x000000043d800000| Untracked 
|  78|0x000000043e000000, 0x000000043e000000, 0x000000043e800000|  0%| F|  |TAMS 0x000000043e000000| PB 0x000000043e000000| Untracked 
|  79|0x000000043e800000, 0x000000043e800000, 0x000000043f000000|  0%| F|  |TAMS 0x000000043e800000| PB 0x000000043e800000| Untracked 
|  80|0x000000043f000000, 0x000000043f000000, 0x000000043f800000|  0%| F|  |TAMS 0x000000043f000000| PB 0x000000043f000000| Untracked 
|  81|0x000000043f800000, 0x000000043f800000, 0x0000000440000000|  0%| F|  |TAMS 0x000000043f800000| PB 0x000000043f800000| Untracked 
|  82|0x0000000440000000, 0x0000000440000000, 0x0000000440800000|  0%| F|  |TAMS 0x0000000440000000| PB 0x0000000440000000| Untracked 
|  83|0x0000000440800000, 0x0000000440800000, 0x0000000441000000|  0%| F|  |TAMS 0x0000000440800000| PB 0x0000000440800000| Untracked 
|  84|0x0000000441000000, 0x0000000441000000, 0x0000000441800000|  0%| F|  |TAMS 0x0000000441000000| PB 0x0000000441000000| Untracked 
|  85|0x0000000441800000, 0x0000000441800000, 0x0000000442000000|  0%| F|  |TAMS 0x0000000441800000| PB 0x0000000441800000| Untracked 
|  86|0x0000000442000000, 0x0000000442000000, 0x0000000442800000|  0%| F|  |TAMS 0x0000000442000000| PB 0x0000000442000000| Untracked 
|  87|0x0000000442800000, 0x0000000442800000, 0x0000000443000000|  0%| F|  |TAMS 0x0000000442800000| PB 0x0000000442800000| Untracked 
|  88|0x0000000443000000, 0x0000000443000000, 0x0000000443800000|  0%| F|  |TAMS 0x0000000443000000| PB 0x0000000443000000| Untracked 
|  89|0x0000000443800000, 0x0000000443800000, 0x0000000444000000|  0%| F|  |TAMS 0x0000000443800000| PB 0x0000000443800000| Untracked 
|  90|0x0000000444000000, 0x0000000444000000, 0x0000000444800000|  0%| F|  |TAMS 0x0000000444000000| PB 0x0000000444000000| Untracked 
|  91|0x0000000444800000, 0x0000000444800000, 0x0000000445000000|  0%| F|  |TAMS 0x0000000444800000| PB 0x0000000444800000| Untracked 
|  92|0x0000000445000000, 0x0000000445000000, 0x0000000445800000|  0%| F|  |TAMS 0x0000000445000000| PB 0x0000000445000000| Untracked 
|  93|0x0000000445800000, 0x0000000445800000, 0x0000000446000000|  0%| F|  |TAMS 0x0000000445800000| PB 0x0000000445800000| Untracked 
|  94|0x0000000446000000, 0x0000000446000000, 0x0000000446800000|  0%| F|  |TAMS 0x0000000446000000| PB 0x0000000446000000| Untracked 
|  95|0x0000000446800000, 0x0000000446800000, 0x0000000447000000|  0%| F|  |TAMS 0x0000000446800000| PB 0x0000000446800000| Untracked 
|  96|0x0000000447000000, 0x0000000447000000, 0x0000000447800000|  0%| F|  |TAMS 0x0000000447000000| PB 0x0000000447000000| Untracked 
|  97|0x0000000447800000, 0x0000000447800000, 0x0000000448000000|  0%| F|  |TAMS 0x0000000447800000| PB 0x0000000447800000| Untracked 
|  98|0x0000000448000000, 0x0000000448000000, 0x0000000448800000|  0%| F|  |TAMS 0x0000000448000000| PB 0x0000000448000000| Untracked 
|  99|0x0000000448800000, 0x0000000448800000, 0x0000000449000000|  0%| F|  |TAMS 0x0000000448800000| PB 0x0000000448800000| Untracked 
| 100|0x0000000449000000, 0x0000000449000000, 0x0000000449800000|  0%| F|  |TAMS 0x0000000449000000| PB 0x0000000449000000| Untracked 
| 101|0x0000000449800000, 0x0000000449800000, 0x000000044a000000|  0%| F|  |TAMS 0x0000000449800000| PB 0x0000000449800000| Untracked 
| 102|0x000000044a000000, 0x000000044a000000, 0x000000044a800000|  0%| F|  |TAMS 0x000000044a000000| PB 0x000000044a000000| Untracked 
| 103|0x000000044a800000, 0x000000044a800000, 0x000000044b000000|  0%| F|  |TAMS 0x000000044a800000| PB 0x000000044a800000| Untracked 
| 104|0x000000044b000000, 0x000000044b000000, 0x000000044b800000|  0%| F|  |TAMS 0x000000044b000000| PB 0x000000044b000000| Untracked 
| 105|0x000000044b800000, 0x000000044b800000, 0x000000044c000000|  0%| F|  |TAMS 0x000000044b800000| PB 0x000000044b800000| Untracked 
| 106|0x000000044c000000, 0x000000044c000000, 0x000000044c800000|  0%| F|  |TAMS 0x000000044c000000| PB 0x000000044c000000| Untracked 
| 107|0x000000044c800000, 0x000000044c800000, 0x000000044d000000|  0%| F|  |TAMS 0x000000044c800000| PB 0x000000044c800000| Untracked 
| 108|0x000000044d000000, 0x000000044d000000, 0x000000044d800000|  0%| F|  |TAMS 0x000000044d000000| PB 0x000000044d000000| Untracked 
| 109|0x000000044d800000, 0x000000044d800000, 0x000000044e000000|  0%| F|  |TAMS 0x000000044d800000| PB 0x000000044d800000| Untracked 
| 110|0x000000044e000000, 0x000000044e000000, 0x000000044e800000|  0%| F|  |TAMS 0x000000044e000000| PB 0x000000044e000000| Untracked 
| 111|0x000000044e800000, 0x000000044e800000, 0x000000044f000000|  0%| F|  |TAMS 0x000000044e800000| PB 0x000000044e800000| Untracked 
| 112|0x000000044f000000, 0x000000044f000000, 0x000000044f800000|  0%| F|  |TAMS 0x000000044f000000| PB 0x000000044f000000| Untracked 
| 113|0x000000044f800000, 0x000000044f800000, 0x0000000450000000|  0%| F|  |TAMS 0x000000044f800000| PB 0x000000044f800000| Untracked 
| 114|0x0000000450000000, 0x0000000450000000, 0x0000000450800000|  0%| F|  |TAMS 0x0000000450000000| PB 0x0000000450000000| Untracked 
| 115|0x0000000450800000, 0x0000000450b9a7c0, 0x0000000451000000| 45%| E|  |TAMS 0x0000000450800000| PB 0x0000000450800000| Complete 
| 116|0x0000000451000000, 0x0000000451800000, 0x0000000451800000|100%| E|  |TAMS 0x0000000451000000| PB 0x0000000451000000| Complete 
| 117|0x0000000451800000, 0x0000000452000000, 0x0000000452000000|100%| E|CS|TAMS 0x0000000451800000| PB 0x0000000451800000| Complete 
| 118|0x0000000452000000, 0x0000000452800000, 0x0000000452800000|100%| E|CS|TAMS 0x0000000452000000| PB 0x0000000452000000| Complete 
| 119|0x0000000452800000, 0x0000000453000000, 0x0000000453000000|100%| E|CS|TAMS 0x0000000452800000| PB 0x0000000452800000| Complete 
| 120|0x0000000453000000, 0x00000004531a3df0, 0x0000000453800000| 20%| S|CS|TAMS 0x0000000453000000| PB 0x0000000453000000| Complete 
| 121|0x0000000453800000, 0x0000000454000000, 0x0000000454000000|100%| E|CS|TAMS 0x0000000453800000| PB 0x0000000453800000| Complete 
| 122|0x0000000454000000, 0x0000000454800000, 0x0000000454800000|100%| E|CS|TAMS 0x0000000454000000| PB 0x0000000454000000| Complete 
| 123|0x0000000454800000, 0x0000000455000000, 0x0000000455000000|100%| E|CS|TAMS 0x0000000454800000| PB 0x0000000454800000| Complete 
| 124|0x0000000455000000, 0x0000000455800000, 0x0000000455800000|100%| E|CS|TAMS 0x0000000455000000| PB 0x0000000455000000| Complete 
| 125|0x0000000455800000, 0x0000000456000000, 0x0000000456000000|100%| E|CS|TAMS 0x0000000455800000| PB 0x0000000455800000| Complete 
|2001|0x00000007ff800000, 0x00000007ff90c7a0, 0x0000000800000000| 13%| O|  |TAMS 0x00000007ff800000| PB 0x00000007ff800000| Untracked 

Card table byte_map: [0x00007f8160970000,0x00007f81628b8000] _byte_map_base: 0x00007f815e8b8000

Marking Bits: (CMBitMap*) 0x00007f817c05b650
 Bits: [0x00007f8150f30000, 0x00007f8160970000)

Polling page: 0x00007f8184841000

Metaspace:

Usage:
  Non-class:     12.61 MB used.
      Class:    988.72 KB used.
       Both:     13.57 MB used.

Virtual space:
  Non-class space:       64.00 MB reserved,      12.81 MB ( 20%) committed,  1 nodes.
      Class space:        1.00 GB reserved,       1.19 MB ( <1%) committed,  1 nodes.
             Both:        1.06 GB reserved,      14.00 MB (  1%) committed. 

Chunk freelists:
   Non-Class:  2.33 MB
       Class:  14.73 MB
        Both:  17.06 MB

MaxMetaspaceSize: unlimited
CompressedClassSpaceSize: 1.00 GB
Initial GC threshold: 21.00 MB
Current GC threshold: 21.00 MB
CDS: on
 - commit_granule_bytes: 65536.
 - commit_granule_words: 8192.
 - virtual_space_node_default_size: 8388608.
 - enlarge_chunks_in_place: 1.
 - use_allocation_guard: 0.


Internal statistics:

num_allocs_failed_limit: 0.
num_arena_births: 450.
num_arena_deaths: 0.
num_vsnodes_births: 2.
num_vsnodes_deaths: 0.
num_space_committed: 222.
num_space_uncommitted: 0.
num_chunks_returned_to_freelist: 0.
num_chunks_taken_from_freelist: 935.
num_chunk_merges: 0.
num_chunk_splits: 604.
num_chunks_enlarged: 352.
num_inconsistent_stats: 0.

CodeHeap 'non-profiled nmethods': size=119168Kb used=1158Kb max_used=1158Kb free=118009Kb
 bounds [0x00007f816c3a0000, 0x00007f816c610000, 0x00007f8173800000]
CodeHeap 'profiled nmethods': size=119164Kb used=5159Kb max_used=5159Kb free=114004Kb
 bounds [0x00007f8164800000, 0x00007f8164d10000, 0x00007f816bc5f000]
CodeHeap 'non-nmethods': size=7428Kb used=4161Kb max_used=4194Kb free=3266Kb
 bounds [0x00007f816bc5f000, 0x00007f816c07f000, 0x00007f816c3a0000]
CodeCache: size=245760Kb, used=10478Kb, max_used=10511Kb, free=235279Kb
 total_blobs=4279, nmethods=2852, adapters=1329, full_count=0
Compilation: enabled, stopped_count=0, restarted_count=0

Compilation events (20 events):
Event: 2.329 Thread 0x00007f80c80e1ea0 2837       3       org.lwjgl.opengl.GL11::glDepthRange (6 bytes)
Event: 2.329 Thread 0x00007f817c16b740 nmethod 2833 0x00007f816c4bf110 code [0x00007f816c4bf2a0, 0x00007f816c4bf360]
Event: 2.329 Thread 0x00007f80c80456d0 nmethod 2836 0x00007f8164d07010 code [0x00007f8164d071c0, 0x00007f8164d072d8]
Event: 2.329 Thread 0x00007f817c16b740 2838       3       org.lwjgl.opengl.GL41::glClearDepthf (5 bytes)
Event: 2.329 Thread 0x00007f80c80e1ea0 nmethod 2837 0x00007f8164d07390 code [0x00007f8164d07540, 0x00007f8164d07658]
Event: 2.329 Thread 0x00007f80c80456d0 2840       3       org.joml.Matrix4f::translate (23 bytes)
Event: 2.329 Thread 0x00007f80c80e1ea0 2841       3       net.ice.relic.core.scene.primitives.threed.LineCube::getIndices (125 bytes)
Event: 2.329 Thread 0x00007f80c80e33e0 nmethod 2835 0x00007f8164d07710 code [0x00007f8164d07900, 0x00007f8164d07c80]
Event: 2.329 Thread 0x00007f817c16b740 nmethod 2838 0x00007f8164d07e90 code [0x00007f8164d08040, 0x00007f8164d08158]
Event: 2.329 Thread 0x00007f80c80e33e0 2842       3       net.ice.relic.core.rendering.backend.opengl.renderers.GLDebugRenderer::drawCube (40 bytes)
Event: 2.329 Thread 0x00007f817c16b740 2844       3       imgui.type.ImBoolean::get (7 bytes)
Event: 2.329 Thread 0x00007f80c80e1ea0 nmethod 2841 0x00007f8164d08210 code [0x00007f8164d083a0, 0x00007f8164d085e8]
Event: 2.329 Thread 0x00007f80c80e1ea0 2843       1       net.ice.relic.core.scene.Scene::getGUI (5 bytes)
Event: 2.329 Thread 0x00007f80c80e1ea0 nmethod 2843 0x00007f816c4bfb10 code [0x00007f816c4bfca0, 0x00007f816c4bfd68]
Event: 2.329 Thread 0x00007f80c80456d0 nmethod 2840 0x00007f8164d08690 code [0x00007f8164d08880, 0x00007f8164d08bf0]
Event: 2.329 Thread 0x00007f817c16b740 nmethod 2844 0x00007f8164d08d90 code [0x00007f8164d08f20, 0x00007f8164d09058]
Event: 2.330 Thread 0x00007f80c80e33e0 nmethod 2842 0x00007f8164d09110 code [0x00007f8164d09380, 0x00007f8164d09b40]
Event: 2.340 Thread 0x00007f817c16a090 2851       4       net.ice.relic.core.model.material.Material::getColor (17 bytes)
Event: 2.345 Thread 0x00007f817c16a090 nmethod 2851 0x00007f816c4c0e10 code [0x00007f816c4c0fe0, 0x00007f816c4c1338]
Event: 2.365 Thread 0x00007f817c16a090 2852       4       java.nio.Buffer::<init> (105 bytes)

GC Heap History (4 events):
Event: 0.530 GC heap before
{Heap before GC invocations=0 (full 0):
 garbage-first heap   total 1040384K, used 50225K [0x0000000417000000, 0x0000000800000000)
  region size 8192K, 6 young (49152K), 0 survivors (0K)
 Metaspace       used 7615K, committed 7936K, reserved 1114112K
  class space    used 723K, committed 896K, reserved 1048576K
}
Event: 0.533 GC heap after
{Heap after GC invocations=1 (full 0):
 garbage-first heap   total 1040384K, used 7106K [0x0000000417000000, 0x0000000800000000)
  region size 8192K, 1 young (8192K), 1 survivors (8192K)
 Metaspace       used 7615K, committed 7936K, reserved 1114112K
  class space    used 723K, committed 896K, reserved 1048576K
}
Event: 1.053 GC heap before
{Heap before GC invocations=1 (full 0):
 garbage-first heap   total 1040384K, used 48066K [0x0000000417000000, 0x0000000800000000)
  region size 8192K, 6 young (49152K), 1 survivors (8192K)
 Metaspace       used 13076K, committed 13440K, reserved 1114112K
  class space    used 935K, committed 1088K, reserved 1048576K
}
Event: 1.055 GC heap after
{Heap after GC invocations=2 (full 0):
 garbage-first heap   total 1040384K, used 6300K [0x0000000417000000, 0x0000000800000000)
  region size 8192K, 1 young (8192K), 1 survivors (8192K)
 Metaspace       used 13076K, committed 13440K, reserved 1114112K
  class space    used 935K, committed 1088K, reserved 1048576K
}

Dll operation events (13 events):
Event: 0.001 Loaded shared library /home/ian/.jdks/corretto-21.0.9/lib/libjava.so
Event: 0.012 Loaded shared library /home/ian/.jdks/corretto-21.0.9/lib/libjsvml.so
Event: 0.020 Loaded shared library /home/ian/.jdks/corretto-21.0.9/lib/libnio.so
Event: 0.020 Loaded shared library /home/ian/.jdks/corretto-21.0.9/lib/libzip.so
Event: 0.042 Loaded shared library /home/ian/.jdks/corretto-21.0.9/lib/libmanagement.so
Event: 0.043 Loaded shared library /home/ian/.jdks/corretto-21.0.9/lib/libmanagement_ext.so
Event: 0.050 Loaded shared library /home/ian/.jdks/corretto-21.0.9/lib/libjimage.so
Event: 0.121 Loaded shared library /home/ian/.jdks/corretto-21.0.9/lib/libnet.so
Event: 0.124 Loaded shared library /tmp/lwjgl_ian/3.4.0+20/x64/liblwjgl.so
Event: 0.277 Loaded shared library /home/ian/.jdks/corretto-21.0.9/lib/libverify.so
Event: 0.676 Loaded shared library /tmp/lwjgl_ian/3.4.0+20/x64/liblwjgl_opengl.so
Event: 0.928 Loaded shared library /tmp/imgui-java-natives/1.87.0/libimgui-java64.so
Event: 0.940 Loaded shared library /tmp/lwjgl_ian/3.4.0+20/x64/liblwjgl_stb.so

Deoptimization events (20 events):
Event: 1.888 Thread 0x00007f817c02ce80 DEOPT PACKING pc=0x00007f8164cb7510 sp=0x00007f81829fe3c0
Event: 1.888 Thread 0x00007f817c02ce80 DEOPT UNPACKING pc=0x00007f816bcb372f sp=0x00007f81829fd920 mode 0
Event: 1.889 Thread 0x00007f817c02ce80 DEOPT PACKING pc=0x00007f8164cb5310 sp=0x00007f81829fe1c0
Event: 1.889 Thread 0x00007f817c02ce80 DEOPT UNPACKING pc=0x00007f816bcb372f sp=0x00007f81829fd690 mode 0
Event: 2.165 Thread 0x00007f817c02ce80 Uncommon trap: trap_request=0xffffffde fr.pc=0x00007f816c4b49c4 relative=0x0000000000000124
Event: 2.165 Thread 0x00007f817c02ce80 Uncommon trap: reason=class_check action=maybe_recompile pc=0x00007f816c4b49c4 method=jdk.internal.misc.Unsafe.allocateUninitializedArray(Ljava/lang/Class;I)Ljava/lang/Object; @ 51 c2
Event: 2.165 Thread 0x00007f817c02ce80 DEOPT PACKING pc=0x00007f816c4b49c4 sp=0x00007f81829fe500
Event: 2.165 Thread 0x00007f817c02ce80 DEOPT UNPACKING pc=0x00007f816bcb2f99 sp=0x00007f81829fe498 mode 2
Event: 2.165 Thread 0x00007f817c02ce80 Uncommon trap: trap_request=0xffffffde fr.pc=0x00007f816c4b49c4 relative=0x0000000000000124
Event: 2.165 Thread 0x00007f817c02ce80 Uncommon trap: reason=class_check action=maybe_recompile pc=0x00007f816c4b49c4 method=jdk.internal.misc.Unsafe.allocateUninitializedArray(Ljava/lang/Class;I)Ljava/lang/Object; @ 51 c2
Event: 2.165 Thread 0x00007f817c02ce80 DEOPT PACKING pc=0x00007f816c4b49c4 sp=0x00007f81829fe500
Event: 2.165 Thread 0x00007f817c02ce80 DEOPT UNPACKING pc=0x00007f816bcb2f99 sp=0x00007f81829fe498 mode 2
Event: 2.165 Thread 0x00007f817c02ce80 Uncommon trap: trap_request=0xffffffde fr.pc=0x00007f816c4b49c4 relative=0x0000000000000124
Event: 2.165 Thread 0x00007f817c02ce80 Uncommon trap: reason=class_check action=maybe_recompile pc=0x00007f816c4b49c4 method=jdk.internal.misc.Unsafe.allocateUninitializedArray(Ljava/lang/Class;I)Ljava/lang/Object; @ 51 c2
Event: 2.165 Thread 0x00007f817c02ce80 DEOPT PACKING pc=0x00007f816c4b49c4 sp=0x00007f81829fe500
Event: 2.165 Thread 0x00007f817c02ce80 DEOPT UNPACKING pc=0x00007f816bcb2f99 sp=0x00007f81829fe498 mode 2
Event: 2.165 Thread 0x00007f817c02ce80 Uncommon trap: trap_request=0xffffffde fr.pc=0x00007f816c4b49c4 relative=0x0000000000000124
Event: 2.165 Thread 0x00007f817c02ce80 Uncommon trap: reason=class_check action=maybe_recompile pc=0x00007f816c4b49c4 method=jdk.internal.misc.Unsafe.allocateUninitializedArray(Ljava/lang/Class;I)Ljava/lang/Object; @ 51 c2
Event: 2.165 Thread 0x00007f817c02ce80 DEOPT PACKING pc=0x00007f816c4b49c4 sp=0x00007f81829fe550
Event: 2.165 Thread 0x00007f817c02ce80 DEOPT UNPACKING pc=0x00007f816bcb2f99 sp=0x00007f81829fe4e8 mode 2

Classes loaded (20 events):
Event: 1.107 Loading class java/util/stream/ReferencePipeline$4
Event: 1.107 Loading class java/util/stream/IntPipeline$StatelessOp
Event: 1.107 Loading class java/util/stream/IntPipeline
Event: 1.107 Loading class java/util/stream/IntStream
Event: 1.107 Loading class java/util/stream/IntStream done
Event: 1.107 Loading class java/util/stream/IntPipeline done
Event: 1.107 Loading class java/util/stream/IntPipeline$StatelessOp done
Event: 1.107 Loading class java/util/stream/ReferencePipeline$4 done
Event: 1.107 Loading class java/util/stream/Nodes$IntFixedNodeBuilder
Event: 1.107 Loading class java/util/stream/Node$Builder$OfInt
Event: 1.107 Loading class java/util/stream/Sink$OfInt
Event: 1.107 Loading class java/util/stream/Sink$OfInt done
Event: 1.107 Loading class java/util/stream/Node$Builder$OfInt done
Event: 1.107 Loading class java/util/stream/Nodes$IntArrayNode
Event: 1.107 Loading class java/util/stream/Nodes$IntArrayNode done
Event: 1.107 Loading class java/util/stream/Nodes$IntFixedNodeBuilder done
Event: 1.107 Loading class java/util/stream/ReferencePipeline$4$1
Event: 1.107 Loading class java/util/stream/ReferencePipeline$4$1 done
Event: 1.916 Loading class java/lang/reflect/UndeclaredThrowableException
Event: 1.916 Loading class java/lang/reflect/UndeclaredThrowableException done

Classes unloaded (0 events):
No events

Classes redefined (0 events):
No events

Internal exceptions (20 events):
Event: 0.461 Thread 0x00007f817c02ce80 Exception <a 'java/lang/NoSuchMethodError'{0x0000000454dd8470}: method resolution failed> (0x0000000454dd8470) 
thrown [src/hotspot/share/prims/methodHandles.cpp, line 1136]
Event: 0.477 Thread 0x00007f817c02ce80 Exception <a 'java/lang/NoSuchMethodError'{0x0000000454007348}: method resolution failed> (0x0000000454007348) 
thrown [src/hotspot/share/prims/methodHandles.cpp, line 1136]
Event: 0.477 Thread 0x00007f817c02ce80 Exception <a 'java/lang/NoSuchMethodError'{0x0000000454008d80}: 'boolean java.lang.reflect.AccessibleObject.trySetAccessible(java.lang.Class)'> (0x0000000454008d80) 
thrown [src/hotspot/share/interpreter/linkResolver.cpp, line 773]
Event: 0.483 Thread 0x00007f80a4215a00 Implicit null exception at 0x00007f816c409f28 to 0x00007f816c40a010
Event: 0.483 Thread 0x00007f80a4216840 Implicit null exception at 0x00007f816c40999c to 0x00007f816c409a8c
Event: 0.605 Thread 0x00007f817c02ce80 Exception <a 'java/lang/ClassNotFoundException'{0x0000000454878568}: net/ice/relic/common/console/commands/CommandCommand> (0x0000000454878568) 
thrown [src/hotspot/share/classfile/systemDictionary.cpp, line 312]
Event: 0.606 Thread 0x00007f817c02ce80 Exception <a 'java/lang/NoSuchMethodError'{0x00000004548806d0}: 'void java.lang.invoke.DirectMethodHandle$Holder.invokeStatic(java.lang.Object, java.lang.Object, java.lang.Object)'> (0x00000004548806d0) 
thrown [src/hotspot/share/interpreter/linkResolver.cpp, line 773]
Event: 0.607 Thread 0x00007f817c02ce80 Exception <a 'java/lang/ClassNotFoundException'{0x00000004548862a0}: net/ice/relic/common/console/commands/EntityCommand> (0x00000004548862a0) 
thrown [src/hotspot/share/classfile/systemDictionary.cpp, line 312]
Event: 0.609 Thread 0x00007f817c02ce80 Exception <a 'java/lang/ClassNotFoundException'{0x00000004548a1268}: net/ice/relic/common/console/commands/ModelCommand> (0x00000004548a1268) 
thrown [src/hotspot/share/classfile/systemDictionary.cpp, line 312]
Event: 0.611 Thread 0x00007f817c02ce80 Exception <a 'java/lang/ClassNotFoundException'{0x00000004548ab1d0}: net/ice/relic/common/console/commands/ShowCommands> (0x00000004548ab1d0) 
thrown [src/hotspot/share/classfile/systemDictionary.cpp, line 312]
Event: 0.611 Thread 0x00007f817c02ce80 Exception <a 'java/lang/ClassNotFoundException'{0x00000004548b2810}: net/ice/relic/common/console/commands/TeleportCommand> (0x00000004548b2810) 
thrown [src/hotspot/share/classfile/systemDictionary.cpp, line 312]
Event: 0.612 Thread 0x00007f817c02ce80 Exception <a 'java/lang/ClassNotFoundException'{0x00000004548b8ab0}: net/ice/relic/common/test/commands/LightCommands> (0x00000004548b8ab0) 
thrown [src/hotspot/share/classfile/systemDictionary.cpp, line 312]
Event: 0.672 Thread 0x00007f817c02ce80 Exception <a 'java/lang/ClassNotFoundException'{0x0000000454956df0}: net/ice/relic/common/test/commands/LightCommands> (0x0000000454956df0) 
thrown [src/hotspot/share/classfile/systemDictionary.cpp, line 312]
Event: 0.674 Thread 0x00007f817c02ce80 Exception <a 'java/lang/NoSuchMethodError'{0x00000004549731e8}: 'void java.lang.System.load(java.lang.String, java.lang.Class)'> (0x00000004549731e8) 
thrown [src/hotspot/share/interpreter/linkResolver.cpp, line 773]
Event: 0.674 Thread 0x00007f817c02ce80 Exception <a 'java/lang/NoSuchMethodError'{0x0000000454975c90}: 'void java.lang.System.loadLibrary(java.lang.String, java.lang.Class)'> (0x0000000454975c90) 
thrown [src/hotspot/share/interpreter/linkResolver.cpp, line 773]
Event: 0.887 Thread 0x00007f817c02ce80 Exception <a 'java/lang/NoSuchMethodError'{0x0000000453b52768}: 'void java.lang.invoke.DirectMethodHandle$Holder.invokeStatic(java.lang.Object, java.lang.Object, java.lang.Object, java.lang.Object)'> (0x0000000453b52768) 
thrown [src/hotspot/share/interpreter/linkResolver.cpp, line 773]
Event: 0.897 Thread 0x00007f817c02ce80 Exception <a 'java/lang/NoSuchMethodError'{0x0000000453c13f18}: 'void java.lang.invoke.DirectMethodHandle$Holder.invokeSpecial(java.lang.Object, java.lang.Object, java.lang.Object, java.lang.Object, java.lang.Object)'> (0x0000000453c13f18) 
thrown [src/hotspot/share/interpreter/linkResolver.cpp, line 773]
Event: 0.936 Thread 0x00007f817c02ce80 Exception <a 'java/lang/NoSuchMethodError'{0x0000000453d85578}: 'void java.lang.System.load(java.lang.String, java.lang.Class)'> (0x0000000453d85578) 
thrown [src/hotspot/share/interpreter/linkResolver.cpp, line 773]
Event: 0.937 Thread 0x00007f817c02ce80 Exception <a 'java/lang/NoSuchMethodError'{0x0000000453d87fa8}: 'void java.lang.System.loadLibrary(java.lang.String, java.lang.Class)'> (0x0000000453d87fa8) 
thrown [src/hotspot/share/interpreter/linkResolver.cpp, line 773]
Event: 1.120 Thread 0x00007f817c02ce80 Exception <a 'java/lang/NoSuchMethodError'{0x0000000455d11e90}: 'void java.lang.invoke.DirectMethodHandle$Holder.invokeStatic(java.lang.Object, long)'> (0x0000000455d11e90) 
thrown [src/hotspot/share/interpreter/linkResolver.cpp, line 773]

ZGC Phase Switch (0 events):
No events

VM Operations (20 events):
Event: 0.441 Executing VM operation: ICBufferFull
Event: 0.441 Executing VM operation: ICBufferFull done
Event: 0.447 Executing VM operation: HandshakeAllThreads (Deoptimize)
Event: 0.447 Executing VM operation: HandshakeAllThreads (Deoptimize) done
Event: 0.530 Executing VM operation: G1CollectForAllocation (G1 Evacuation Pause)
Event: 0.533 Executing VM operation: G1CollectForAllocation (G1 Evacuation Pause) done
Event: 0.593 Executing VM operation: HandshakeAllThreads (Deoptimize)
Event: 0.593 Executing VM operation: HandshakeAllThreads (Deoptimize) done
Event: 0.593 Executing VM operation: HandshakeAllThreads (Deoptimize)
Event: 0.593 Executing VM operation: HandshakeAllThreads (Deoptimize) done
Event: 0.952 Executing VM operation: HandshakeAllThreads (Deoptimize)
Event: 0.952 Executing VM operation: HandshakeAllThreads (Deoptimize) done
Event: 0.988 Executing VM operation: ICBufferFull
Event: 0.988 Executing VM operation: ICBufferFull done
Event: 1.053 Executing VM operation: G1CollectForAllocation (G1 Evacuation Pause)
Event: 1.055 Executing VM operation: G1CollectForAllocation (G1 Evacuation Pause) done
Event: 1.106 Executing VM operation: HandshakeAllThreads (Deoptimize)
Event: 1.106 Executing VM operation: HandshakeAllThreads (Deoptimize) done
Event: 2.106 Executing VM operation: Cleanup
Event: 2.106 Executing VM operation: Cleanup done

Memory protections (20 events):
Event: 0.618 Protecting memory [0x00007f80a31ff000,0x00007f80a3203000] with protection modes 0
Event: 0.618 Protecting memory [0x00007f80a2efc000,0x00007f80a2f00000] with protection modes 0
Event: 0.618 Protecting memory [0x00007f80a25f3000,0x00007f80a25f7000] with protection modes 0
Event: 0.618 Protecting memory [0x00007f80a22f0000,0x00007f80a22f4000] with protection modes 0
Event: 0.618 Protecting memory [0x00007f80a2dfb000,0x00007f80a2dff000] with protection modes 0
Event: 0.618 Protecting memory [0x00007f80a30fe000,0x00007f80a3102000] with protection modes 0
Event: 0.619 Protecting memory [0x00007f80a2ffd000,0x00007f80a3001000] with protection modes 0
Event: 0.619 Protecting memory [0x00007f80a80dc000,0x00007f80a80e0000] with protection modes 0
Event: 0.619 Protecting memory [0x00007f80a2af8000,0x00007f80a2afc000] with protection modes 0
Event: 0.619 Protecting memory [0x00007f80aff00000,0x00007f80aff04000] with protection modes 0
Event: 0.620 Protecting memory [0x00007f80a2cfa000,0x00007f80a2cfe000] with protection modes 0
Event: 0.621 Protecting memory [0x00007f80a3300000,0x00007f80a3304000] with protection modes 0
Event: 0.621 Protecting memory [0x00007f80a36ff000,0x00007f80a3703000] with protection modes 0
Event: 0.622 Protecting memory [0x00007f80a28f6000,0x00007f80a28fa000] with protection modes 0
Event: 0.625 Protecting memory [0x00007f80a24f2000,0x00007f80a24f6000] with protection modes 0
Event: 0.626 Protecting memory [0x00007f80a20ee000,0x00007f80a20f2000] with protection modes 0
Event: 0.626 Protecting memory [0x00007f80a2bf9000,0x00007f80a2bfd000] with protection modes 0
Event: 0.628 Protecting memory [0x00007f80a21ef000,0x00007f80a21f3000] with protection modes 0
Event: 0.629 Protecting memory [0x00007f80ec040000,0x00007f80ec044000] with protection modes 0
Event: 1.874 Protecting memory [0x00007f8140d00000,0x00007f8140d04000] with protection modes 0

Nmethod flushes (0 events):
No events

Events (20 events):
Event: 0.672 Thread 0x00007f813400c360 Thread exited: 0x00007f813400c360
Event: 0.672 Thread 0x00007f813400a420 Thread exited: 0x00007f813400a420
Event: 0.672 Thread 0x00007f8134004db0 Thread exited: 0x00007f8134004db0
Event: 0.672 Thread 0x00007f8134009770 Thread exited: 0x00007f8134009770
Event: 0.672 Thread 0x00007f8134013300 Thread exited: 0x00007f8134013300
Event: 0.672 Thread 0x00007f8134010c10 Thread exited: 0x00007f8134010c10
Event: 0.672 Thread 0x00007f813400ff20 Thread exited: 0x00007f813400ff20
Event: 0.672 Thread 0x00007f813400b0d0 Thread exited: 0x00007f813400b0d0
Event: 0.672 Thread 0x00007f8134011900 Thread exited: 0x00007f8134011900
Event: 0.672 Thread 0x00007f813400d710 Thread exited: 0x00007f813400d710
Event: 0.672 Thread 0x00007f8134012600 Thread exited: 0x00007f8134012600
Event: 0.672 Thread 0x00007f813400cb60 Thread exited: 0x00007f813400cb60
Event: 0.672 Thread 0x00007f813400e2e0 Thread exited: 0x00007f813400e2e0
Event: 0.672 Thread 0x00007f8134005a30 Thread exited: 0x00007f8134005a30
Event: 0.672 Thread 0x00007f8134007340 Thread exited: 0x00007f8134007340
Event: 0.672 Thread 0x00007f8134002910 Thread exited: 0x00007f8134002910
Event: 0.884 Thread 0x00007f80c40e2a30 Thread exited: 0x00007f80c40e2a30
Event: 1.413 Thread 0x00007f80c807f7a0 Thread exited: 0x00007f80c807f7a0
Event: 1.874 Thread 0x00007f817c16a090 Thread added: 0x00007f80d448aad0
Event: 2.109 Thread 0x00007f80d448aad0 Thread exited: 0x00007f80d448aad0


Dynamic libraries:
40f92000-40f94000 r-xs 00000000 00:01 65784                              /memfd:/.glXXXXXX (deleted)
416fc000-417ab000 rw-p 00000000 00:00 0 
417000000-456000000 rw-p 00000000 00:00 0 
456000000-7ff800000 ---p 00000000 00:00 0 
7ff800000-7ff90d000 rw-p 00cdf000 103:03 25434006                        /home/ian/.jdks/corretto-21.0.9/lib/server/classes.jsa
7ff90d000-800000000 rw-p 00000000 00:00 0 
55dddca00000-55dddca01000 r-xp 00000000 103:03 25434313                  /home/ian/.jdks/corretto-21.0.9/bin/java
55dddcc01000-55dddcc02000 r--p 00001000 103:03 25434313                  /home/ian/.jdks/corretto-21.0.9/bin/java
55dddcc02000-55dddcc03000 rw-p 00002000 103:03 25434313                  /home/ian/.jdks/corretto-21.0.9/bin/java
55dded328000-55ddef4ee000 rw-p 00000000 00:00 0                          [heap]
7f806f400000-7f8070400000 rw-s 00000000 00:07 1487                       /dev/nvidiactl
7f8070400000-7f8071400000 rw-s 00000000 00:07 1487                       /dev/nvidiactl
7f8071400000-7f8071800000 rw-s 00000000 00:07 1487                       /dev/nvidiactl
7f8071800000-7f8071c00000 rw-s 00000000 00:07 1487                       /dev/nvidiactl
7f8071c00000-7f8071e00000 rw-s 00000000 00:07 1487                       /dev/nvidiactl
7f8071e00000-7f8072200000 rw-s 00000000 00:07 1487                       /dev/nvidiactl
7f8072600000-7f8072800000 rw-s 00000000 00:07 1487                       /dev/nvidiactl
7f8072800000-7f8072a00000 rw-s 00000000 00:07 1487                       /dev/nvidiactl
7f8072a00000-7f80731f0000 r-xp 00000000 00:2e 1056                       /tmp/lwjgl_ian/3.4.0+20/x64/libassimp.so
7f80731f0000-7f8073489000 r--p 007f0000 00:2e 1056                       /tmp/lwjgl_ian/3.4.0+20/x64/libassimp.so
7f8073489000-7f8073553000 r--p 00a88000 00:2e 1056                       /tmp/lwjgl_ian/3.4.0+20/x64/libassimp.so
7f8073553000-7f8073556000 rw-p 00b52000 00:2e 1056                       /tmp/lwjgl_ian/3.4.0+20/x64/libassimp.so
7f8073556000-7f807355c000 rw-p 00000000 00:00 0 
7f80735fe000-7f80745fe000 rw-s 00000000 00:07 1487                       /dev/nvidiactl
7f80745fe000-7f80755ff000 rw-p 00000000 00:00 0 
7f80755ff000-7f80765ff000 rw-s 00000000 00:07 1487                       /dev/nvidiactl
7f80765ff000-7f8077600000 rw-p 00000000 00:00 0 
7f8077600000-7f807769a000 r--p 00000000 103:02 921310                    /usr/lib/libstdc++.so.6.0.36
7f807769a000-7f807781d000 r-xp 0009a000 103:02 921310                    /usr/lib/libstdc++.so.6.0.36
7f807781d000-7f80778bd000 r--p 0021d000 103:02 921310                    /usr/lib/libstdc++.so.6.0.36
7f80778bd000-7f80778ce000 r--p 002bc000 103:02 921310                    /usr/lib/libstdc++.so.6.0.36
7f80778ce000-7f80778cf000 rw-p 002cd000 103:02 921310                    /usr/lib/libstdc++.so.6.0.36
7f80778cf000-7f80778d3000 rw-p 00000000 00:00 0 
7f8077a00000-7f8077ac4000 r--p 00000000 00:2e 1169                       /tmp/imgui-java-natives/1.87.0/libimgui-java64.so
7f8077ac4000-7f8077fe7000 r-xp 000c4000 00:2e 1169                       /tmp/imgui-java-natives/1.87.0/libimgui-java64.so
7f8077fe7000-7f80780bc000 r--p 005e7000 00:2e 1169                       /tmp/imgui-java-natives/1.87.0/libimgui-java64.so
7f80780bc000-7f80780c8000 r--p 006bb000 00:2e 1169                       /tmp/imgui-java-natives/1.87.0/libimgui-java64.so
7f80780c8000-7f80780d5000 rw-p 006c7000 00:2e 1169                       /tmp/imgui-java-natives/1.87.0/libimgui-java64.so
7f80780d5000-7f8078903000 rw-p 00000000 00:00 0 
7f8078962000-7f8078a6e000 r-xp 00000000 00:2e 1055                       /tmp/lwjgl_ian/3.4.0+20/x64/libdraco.so
7f8078a6e000-7f8078af6000 r--p 0010c000 00:2e 1055                       /tmp/lwjgl_ian/3.4.0+20/x64/libdraco.so
7f8078af6000-7f8078afa000 r--p 00194000 00:2e 1055                       /tmp/lwjgl_ian/3.4.0+20/x64/libdraco.so
7f8078afa000-7f8078afc000 rw-p 00198000 00:2e 1055                       /tmp/lwjgl_ian/3.4.0+20/x64/libdraco.so
7f8078afc000-7f807c064000 rw-s 00000000 00:07 1487                       /dev/nvidiactl
7f807c064000-7f807f5cc000 rw-p 00000000 00:00 0 
7f807f5cc000-7f8082b34000 rw-s 00000000 00:07 1487                       /dev/nvidiactl
7f8082b34000-7f808609c000 rw-p 00000000 00:00 0 
7f808609c000-7f8089604000 rw-s 00000000 00:07 1487                       /dev/nvidiactl
7f8089604000-7f808cb6c000 rw-p 00000000 00:00 0 
7f808cb6c000-7f80900d4000 rw-s 00000000 00:07 1487                       /dev/nvidiactl
7f80900d4000-7f809363c000 rw-p 00000000 00:00 0 
7f809363c000-7f8096ba4000 rw-s 00000000 00:07 1487                       /dev/nvidiactl
7f8096ba4000-7f809a10c000 rw-p 00000000 00:00 0 
7f809a10c000-7f809d674000 rw-s 00000000 00:07 1487                       /dev/nvidiactl
7f809d674000-7f80a0bdc000 rw-p 00000000 00:00 0 
7f80a0bdc000-7f80a0ddc000 rw-s 00000000 00:07 1487                       /dev/nvidiactl
7f80a0ddc000-7f80a0fdc000 rw-s 00000000 00:07 1487                       /dev/nvidiactl
7f80a0fdc000-7f80a20ee000 rw-p 00000000 00:00 0 
7f80a20ee000-7f80a20f2000 ---p 00000000 00:00 0 
7f80a20f2000-7f80a21ef000 rw-p 00000000 00:00 0 
7f80a21ef000-7f80a21f3000 ---p 00000000 00:00 0 
7f80a21f3000-7f80a22f0000 rw-p 00000000 00:00 0 
7f80a22f0000-7f80a22f4000 ---p 00000000 00:00 0 
7f80a22f4000-7f80a23f1000 rw-p 00000000 00:00 0 
7f80a23f1000-7f80a23f5000 ---p 00000000 00:00 0 
7f80a23f5000-7f80a24f2000 rw-p 00000000 00:00 0 
7f80a24f2000-7f80a24f6000 ---p 00000000 00:00 0 
7f80a24f6000-7f80a25f3000 rw-p 00000000 00:00 0 
7f80a25f3000-7f80a25f7000 ---p 00000000 00:00 0 
7f80a25f7000-7f80a26f4000 rw-p 00000000 00:00 0 
7f80a26f4000-7f80a26f8000 ---p 00000000 00:00 0 
7f80a26f8000-7f80a27f5000 rw-p 00000000 00:00 0 
7f80a27f5000-7f80a27f9000 ---p 00000000 00:00 0 
7f80a27f9000-7f80a28f6000 rw-p 00000000 00:00 0 
7f80a28f6000-7f80a28fa000 ---p 00000000 00:00 0 
7f80a28fa000-7f80a29f7000 rw-p 00000000 00:00 0 
7f80a29f7000-7f80a29fb000 ---p 00000000 00:00 0 
7f80a29fb000-7f80a2af8000 rw-p 00000000 00:00 0 
7f80a2af8000-7f80a2afc000 ---p 00000000 00:00 0 
7f80a2afc000-7f80a2bf9000 rw-p 00000000 00:00 0 
7f80a2bf9000-7f80a2bfd000 ---p 00000000 00:00 0 
7f80a2bfd000-7f80a2cfa000 rw-p 00000000 00:00 0 
7f80a2cfa000-7f80a2cfe000 ---p 00000000 00:00 0 
7f80a2cfe000-7f80a2dfb000 rw-p 00000000 00:00 0 
7f80a2dfb000-7f80a2dff000 ---p 00000000 00:00 0 
7f80a2dff000-7f80a2efc000 rw-p 00000000 00:00 0 
7f80a2efc000-7f80a2f00000 ---p 00000000 00:00 0 
7f80a2f00000-7f80a2ffd000 rw-p 00000000 00:00 0 
7f80a2ffd000-7f80a3001000 ---p 00000000 00:00 0 
7f80a3001000-7f80a30fe000 rw-p 00000000 00:00 0 
7f80a30fe000-7f80a3102000 ---p 00000000 00:00 0 
7f80a3102000-7f80a31ff000 rw-p 00000000 00:00 0 
7f80a31ff000-7f80a3203000 ---p 00000000 00:00 0 
7f80a3203000-7f80a3300000 rw-p 00000000 00:00 0 
7f80a3300000-7f80a3304000 ---p 00000000 00:00 0 
7f80a3304000-7f80a3400000 rw-p 00000000 00:00 0 
7f80a3400000-7f80a340d000 r-xp 00000000 103:03 25434000                  /home/ian/.jdks/corretto-21.0.9/lib/libverify.so
7f80a340d000-7f80a360c000 ---p 0000d000 103:03 25434000                  /home/ian/.jdks/corretto-21.0.9/lib/libverify.so
7f80a360c000-7f80a360e000 r--p 0000c000 103:03 25434000                  /home/ian/.jdks/corretto-21.0.9/lib/libverify.so
7f80a360e000-7f80a360f000 rw-p 00000000 00:00 0 
7f80a36fe000-7f80a36ff000 rw-p 00000000 00:00 0 
7f80a36ff000-7f80a3703000 ---p 00000000 00:00 0 
7f80a3703000-7f80a4000000 rw-p 00000000 00:00 0 
7f80a4000000-7f80a426d000 rw-p 00000000 00:00 0 
7f80a426d000-7f80a8000000 ---p 00000000 00:00 0 
7f80a8041000-7f80a80c4000 r-xp 00000000 00:2e 1057                       /tmp/lwjgl_ian/3.4.0+20/x64/liblwjgl_stb.so
7f80a80c4000-7f80a80d9000 r--p 00083000 00:2e 1057                       /tmp/lwjgl_ian/3.4.0+20/x64/liblwjgl_stb.so
7f80a80d9000-7f80a80da000 r--p 00097000 00:2e 1057                       /tmp/lwjgl_ian/3.4.0+20/x64/liblwjgl_stb.so
7f80a80da000-7f80a80db000 rw-p 00098000 00:2e 1057                       /tmp/lwjgl_ian/3.4.0+20/x64/liblwjgl_stb.so
7f80a80db000-7f80a80dc000 rw-p 00000000 00:00 0 
7f80a80dc000-7f80a80e0000 ---p 00000000 00:00 0 
7f80a80e0000-7f80a81dd000 rw-p 00000000 00:00 0 
7f80a81dd000-7f80a81e1000 ---p 00000000 00:00 0 
7f80a81e1000-7f80a82dd000 rw-p 00000000 00:00 0 
7f80a82dd000-7f80a8bff000 rw-p 00000000 00:00 0 
7f80a8bff000-7f80a9400000 rw-p 00000000 00:00 0 
7f80a9400000-7f80a975b000 r--p 00000000 103:02 962221                    /usr/lib/libnvidia-gpucomp.so.610.57.04
7f80a975b000-7f80adcf8000 r-xp 0035b000 103:02 962221                    /usr/lib/libnvidia-gpucomp.so.610.57.04
7f80adcf8000-7f80af9e8000 r--p 048f8000 103:02 962221                    /usr/lib/libnvidia-gpucomp.so.610.57.04
7f80af9e8000-7f80afc3a000 r--p 065e7000 103:02 962221                    /usr/lib/libnvidia-gpucomp.so.610.57.04
7f80afc3a000-7f80afdc5000 rw-p 06839000 103:02 962221                    /usr/lib/libnvidia-gpucomp.so.610.57.04
7f80afdc5000-7f80afe80000 rw-p 00000000 00:00 0 
7f80afea5000-7f80afeba000 r-xp 00000000 00:2e 1051                       /tmp/lwjgl_ian/3.4.0+20/x64/liblwjgl_opengl.so
7f80afeba000-7f80afefd000 r--p 00015000 00:2e 1051                       /tmp/lwjgl_ian/3.4.0+20/x64/liblwjgl_opengl.so
7f80afefd000-7f80afefe000 r--p 00057000 00:2e 1051                       /tmp/lwjgl_ian/3.4.0+20/x64/liblwjgl_opengl.so
7f80afefe000-7f80afeff000 rw-p 00058000 00:2e 1051                       /tmp/lwjgl_ian/3.4.0+20/x64/liblwjgl_opengl.so
7f80afeff000-7f80aff00000 rw-p 00000000 00:00 0 
7f80aff00000-7f80aff04000 ---p 00000000 00:00 0 
7f80aff04000-7f80b0000000 rw-p 00000000 00:00 0 
7f80b0000000-7f80b00b3000 rw-p 00000000 00:00 0 
7f80b00b3000-7f80b4000000 ---p 00000000 00:00 0 
7f80b4000000-7f80b4514000 rw-p 00000000 00:00 0 
7f80b4514000-7f80b8000000 ---p 00000000 00:00 0 
7f80b8000000-7f80b8517000 rw-p 00000000 00:00 0 
7f80b8517000-7f80bc000000 ---p 00000000 00:00 0 
7f80bc000000-7f80bc131000 rw-p 00000000 00:00 0 
7f80bc131000-7f80c0000000 ---p 00000000 00:00 0 
7f80c0000000-7f80c0025000 rw-p 00000000 00:00 0 
7f80c0025000-7f80c4000000 ---p 00000000 00:00 0 
7f80c4000000-7f80c41b9000 rw-p 00000000 00:00 0 
7f80c41b9000-7f80c8000000 ---p 00000000 00:00 0 
7f80c8000000-7f80c81b5000 rw-p 00000000 00:00 0 
7f80c81b5000-7f80cc000000 ---p 00000000 00:00 0 
7f80cc000000-7f80cc021000 rw-p 00000000 00:00 0 
7f80cc021000-7f80d0000000 ---p 00000000 00:00 0 
7f80d0000000-7f80d0021000 rw-p 00000000 00:00 0 
7f80d0021000-7f80d4000000 ---p 00000000 00:00 0 
7f80d4000000-7f80d4592000 rw-p 00000000 00:00 0 
7f80d4592000-7f80d8000000 ---p 00000000 00:00 0 
7f80d8000000-7f80d8021000 rw-p 00000000 00:00 0 
7f80d8021000-7f80dc000000 ---p 00000000 00:00 0 
7f80dc000000-7f80dc021000 rw-p 00000000 00:00 0 
7f80dc021000-7f80e0000000 ---p 00000000 00:00 0 
7f80e0000000-7f80e0021000 rw-p 00000000 00:00 0 
7f80e0021000-7f80e4000000 ---p 00000000 00:00 0 
7f80e4000000-7f80e4021000 rw-p 00000000 00:00 0 
7f80e4021000-7f80e8000000 ---p 00000000 00:00 0 
7f80e8000000-7f80e8045000 rw-p 00000000 00:00 0 
7f80e8045000-7f80ec000000 ---p 00000000 00:00 0 
7f80ec03f000-7f80ec040000 rw-p 00000000 00:00 0 
7f80ec040000-7f80ec044000 ---p 00000000 00:00 0 
7f80ec044000-7f80ec140000 rw-p 00000000 00:00 0 
7f80ec140000-7f80ec240000 rw-s 00000000 00:07 1487                       /dev/nvidiactl
7f80ec240000-7f80ec280000 rw-s 00000000 00:07 1487                       /dev/nvidiactl
7f80ec280000-7f80ec300000 rw-s 00000000 00:07 1487                       /dev/nvidiactl
7f80ec400000-7f80ec650000 r-xp 00000000 103:02 961761                    /usr/lib/libnvidia-glcore.so.610.57.04
7f80ec650000-7f80ec671000 rwxp 00250000 103:02 961761                    /usr/lib/libnvidia-glcore.so.610.57.04
7f80ec671000-7f80ec800000 r-xp 00271000 103:02 961761                    /usr/lib/libnvidia-glcore.so.610.57.04
7f80ec800000-7f80ed400000 r-xp 00400000 103:02 961761                    /usr/lib/libnvidia-glcore.so.610.57.04
7f80ed400000-7f80ee9f9000 r-xp 01000000 103:02 961761                    /usr/lib/libnvidia-glcore.so.610.57.04
7f80ee9f9000-7f80ee9fa000 ---p 025f9000 103:02 961761                    /usr/lib/libnvidia-glcore.so.610.57.04
7f80ee9fa000-7f80eeb72000 r--p 025f9000 103:02 961761                    /usr/lib/libnvidia-glcore.so.610.57.04
7f80eeb72000-7f80eebd5000 rw-p 02771000 103:02 961761                    /usr/lib/libnvidia-glcore.so.610.57.04
7f80eebd5000-7f80eebf5000 rw-p 00000000 00:00 0 
7f80eec2b000-7f80eec4b000 rw-s 00000000 00:07 1487                       /dev/nvidiactl
7f80eec4b000-7f80eec60000 r--p 00000000 103:02 933484                    /usr/lib/libsystemd.so.0.44.0
7f80eec60000-7f80eed39000 r-xp 00015000 103:02 933484                    /usr/lib/libsystemd.so.0.44.0
7f80eed39000-7f80eed88000 r--p 000ee000 103:02 933484                    /usr/lib/libsystemd.so.0.44.0
7f80eed88000-7f80eed91000 r--p 0013c000 103:02 933484                    /usr/lib/libsystemd.so.0.44.0
7f80eed91000-7f80eed92000 rw-p 00145000 103:02 933484                    /usr/lib/libsystemd.so.0.44.0
7f80eed92000-7f80eed93000 rw-p 00000000 00:00 0 
7f80eed93000-7f80eede4000 r--p 00000000 103:02 956190                    /usr/lib/libGLX_nvidia.so.610.57.04
7f80eede4000-7f80eee41000 r-xp 00051000 103:02 956190                    /usr/lib/libGLX_nvidia.so.610.57.04
7f80eee41000-7f80eee76000 rwxp 000ae000 103:02 956190                    /usr/lib/libGLX_nvidia.so.610.57.04
7f80eee76000-7f80eee77000 r-xp 000e3000 103:02 956190                    /usr/lib/libGLX_nvidia.so.610.57.04
7f80eee77000-7f80eee97000 r--p 000e4000 103:02 956190                    /usr/lib/libGLX_nvidia.so.610.57.04
7f80eee97000-7f80eeeb7000 r--p 00103000 103:02 956190                    /usr/lib/libGLX_nvidia.so.610.57.04
7f80eeeb7000-7f80eeebc000 rw-p 00123000 103:02 956190                    /usr/lib/libGLX_nvidia.so.610.57.04
7f80eeebc000-7f80eeebe000 rw-p 00000000 00:00 0 
7f80eeebe000-7f80eeed5000 r--p 00000000 103:02 945154                    /usr/lib/libX11.so.6.4.0
7f80eeed5000-7f80eef6a000 r-xp 00017000 103:02 945154                    /usr/lib/libX11.so.6.4.0
7f80eef6a000-7f80eeff9000 r--p 000ac000 103:02 945154                    /usr/lib/libX11.so.6.4.0
7f80eeff9000-7f80eeffc000 r--p 0013a000 103:02 945154                    /usr/lib/libX11.so.6.4.0
7f80eeffc000-7f80ef000000 rw-p 0013d000 103:02 945154                    /usr/lib/libX11.so.6.4.0
7f80ef000000-7f80ef400000 rw-p 00000000 00:00 0 
7f80ef400000-7f80efcb0000 rw-p 00000000 00:00 0 
7f80efcb0000-7f80efd00000 ---p 00000000 00:00 0 
7f80efd00000-7f80efd20000 rw-p 00000000 00:00 0 
7f80efd20000-7f80f3000000 ---p 00000000 00:00 0 
7f80f3000000-7f80f3ca0000 rw-p 00001000 103:03 25434006                  /home/ian/.jdks/corretto-21.0.9/lib/server/classes.jsa
7f80f3ca0000-7f80f4000000 ---p 00000000 00:00 0 
7f80f4000000-7f80f4040000 rw-p 00000000 00:00 0 
7f80f4040000-7f80f40c0000 rw-p 00000000 00:00 0 
7f80f40c0000-7f80f40e0000 rw-p 00000000 00:00 0 
7f80f40e0000-7f80f4100000 ---p 00000000 00:00 0 
7f80f4100000-7f80f4150000 rw-p 00000000 00:00 0 
7f80f4150000-7f8134000000 ---p 00000000 00:00 0 
7f8134000000-7f8134050000 rw-p 00000000 00:00 0 
7f8134050000-7f8138000000 ---p 00000000 00:00 0 
7f8138000000-7f8138021000 rw-p 00000000 00:00 0 
7f8138021000-7f813c000000 ---p 00000000 00:00 0 
7f813c000000-7f813c021000 rw-p 00000000 00:00 0 
7f813c021000-7f8140000000 ---p 00000000 00:00 0 
7f814001f000-7f814005f000 rw-s 00000000 00:07 1487                       /dev/nvidiactl
7f814005f000-7f814007f000 rw-s 00000000 00:07 1487                       /dev/nvidiactl
7f814007f000-7f81400ff000 rw-s 00000000 00:07 1487                       /dev/nvidiactl
7f81400ff000-7f8140100000 rw-p 00000000 00:00 0 
7f8140100000-7f8140104000 ---p 00000000 00:00 0 
7f8140104000-7f8140200000 rw-p 00000000 00:00 0 
7f8140200000-7f8140205000 r-xp 00000000 103:03 25433995                  /home/ian/.jdks/corretto-21.0.9/lib/libmanagement_ext.so
7f8140205000-7f8140405000 ---p 00005000 103:03 25433995                  /home/ian/.jdks/corretto-21.0.9/lib/libmanagement_ext.so
7f8140405000-7f8140406000 r--p 00005000 103:03 25433995                  /home/ian/.jdks/corretto-21.0.9/lib/libmanagement_ext.so
7f8140406000-7f8140407000 rw-p 00000000 00:00 0 
7f814040d000-7f814040f000 r--p 00000000 103:02 958607                    /usr/lib/libEGL.so.1.1.0
7f814040f000-7f8140419000 r-xp 00002000 103:02 958607                    /usr/lib/libEGL.so.1.1.0
7f8140419000-7f814041d000 r--p 0000c000 103:02 958607                    /usr/lib/libEGL.so.1.1.0
7f814041d000-7f814041e000 r--p 0000f000 103:02 958607                    /usr/lib/libEGL.so.1.1.0
7f814041e000-7f814041f000 rw-p 00010000 103:02 958607                    /usr/lib/libEGL.so.1.1.0
7f814041f000-7f814045f000 rw-s 00000000 00:07 1487                       /dev/nvidiactl
7f814045f000-7f814047f000 rw-s 00000000 00:07 1487                       /dev/nvidiactl
7f814047f000-7f81404bf000 rw-s 00000000 00:07 1487                       /dev/nvidiactl
7f81404bf000-7f81404ff000 rw-s 00000000 00:07 1487                       /dev/nvidiactl
7f81404ff000-7f8140500000 rw-p 00000000 00:00 0 
7f8140500000-7f8140504000 ---p 00000000 00:00 0 
7f8140504000-7f8140600000 rw-p 00000000 00:00 0 
7f8140600000-7f8140604000 r-xp 00000000 103:03 25433988                  /home/ian/.jdks/corretto-21.0.9/lib/libmanagement.so
7f8140604000-7f8140803000 ---p 00004000 103:03 25433988                  /home/ian/.jdks/corretto-21.0.9/lib/libmanagement.so
7f8140803000-7f8140804000 r--p 00003000 103:03 25433988                  /home/ian/.jdks/corretto-21.0.9/lib/libmanagement.so
7f8140804000-7f8140805000 rw-p 00000000 00:00 0 
7f814080c000-7f814081f000 rw-s 00000000 00:07 1487                       /dev/nvidiactl
7f814081f000-7f814083f000 rw-s 00000000 00:07 1487                       /dev/nvidiactl
7f814083f000-7f81408bf000 rw-s 00000000 00:07 1489                       /dev/nvidia0
7f81408bf000-7f81408ff000 rw-s 00000000 00:07 1487                       /dev/nvidiactl
7f81408ff000-7f8140900000 rw-p 00000000 00:00 0 
7f8140900000-7f8140904000 ---p 00000000 00:00 0 
7f8140904000-7f8140a00000 rw-p 00000000 00:00 0 
7f8140a00000-7f8140a07000 r-xp 00000000 103:03 25434044                  /home/ian/.jdks/corretto-21.0.9/lib/libzip.so
7f8140a07000-7f8140c06000 ---p 00007000 103:03 25434044                  /home/ian/.jdks/corretto-21.0.9/lib/libzip.so
7f8140c06000-7f8140c07000 r--p 00006000 103:03 25434044                  /home/ian/.jdks/corretto-21.0.9/lib/libzip.so
7f8140c07000-7f8140c08000 rw-p 00000000 00:00 0 
7f8140c0b000-7f8140c0f000 rw-s 00000000 00:07 1487                       /dev/nvidiactl
7f8140c0f000-7f8140c10000 rw-s 00000000 00:07 1489                       /dev/nvidia0
7f8140c10000-7f8140c23000 rw-s 00000000 00:07 1487                       /dev/nvidiactl
7f8140c23000-7f8140c43000 rw-s 00000000 00:07 1487                       /dev/nvidiactl
7f8140c5c000-7f8140c63000 r--s 00000000 103:02 1025860                   /usr/lib/gconv/gconv-modules.cache
7f8140c63000-7f8140c73000 r--p 00000000 103:02 961844                    /usr/lib/libnvidia-glsi.so.610.57.04
7f8140c73000-7f8140cd3000 r-xp 00010000 103:02 961844                    /usr/lib/libnvidia-glsi.so.610.57.04
7f8140cd3000-7f8140cf0000 r--p 00070000 103:02 961844                    /usr/lib/libnvidia-glsi.so.610.57.04
7f8140cf0000-7f8140cf6000 r--p 0008c000 103:02 961844                    /usr/lib/libnvidia-glsi.so.610.57.04
7f8140cf6000-7f8140cf7000 rw-p 00092000 103:02 961844                    /usr/lib/libnvidia-glsi.so.610.57.04
7f8140cf7000-7f8140cff000 rw-p 00000000 00:00 0 
7f8140cff000-7f8140d00000 rw-p 00000000 00:00 0 
7f8140d00000-7f8140d04000 ---p 00000000 00:00 0 
7f8140d04000-7f8140e00000 rw-p 00000000 00:00 0 
7f8140e00000-7f8140e0b000 r-xp 00000000 103:03 25433958                  /home/ian/.jdks/corretto-21.0.9/lib/libnet.so
7f8140e0b000-7f814100a000 ---p 0000b000 103:03 25433958                  /home/ian/.jdks/corretto-21.0.9/lib/libnet.so
7f814100a000-7f814100b000 r--p 0000a000 103:03 25433958                  /home/ian/.jdks/corretto-21.0.9/lib/libnet.so
7f814100b000-7f814100c000 rw-p 00000000 00:00 0 
7f814100c000-7f814100e000 rw-s 00000000 00:07 1487                       /dev/nvidiactl
7f814100e000-7f8141011000 r--p 00000000 103:02 959830                    /usr/lib/libnvidia-allocator.so.610.57.04
7f8141011000-7f8141025000 r-xp 00003000 103:02 959830                    /usr/lib/libnvidia-allocator.so.610.57.04
7f8141025000-7f814102f000 r--p 00017000 103:02 959830                    /usr/lib/libnvidia-allocator.so.610.57.04
7f814102f000-7f8141030000 r--p 00020000 103:02 959830                    /usr/lib/libnvidia-allocator.so.610.57.04
7f8141030000-7f8141031000 rw-p 00021000 103:02 959830                    /usr/lib/libnvidia-allocator.so.610.57.04
7f8141031000-7f8141033000 rw-p 00000000 00:00 0 
7f8141033000-7f8141041000 r--p 00000000 103:02 942789                    /usr/lib/libdbus-1.so.3.38.3
7f8141041000-7f8141072000 r-xp 0000e000 103:02 942789                    /usr/lib/libdbus-1.so.3.38.3
7f8141072000-7f8141083000 r--p 0003f000 103:02 942789                    /usr/lib/libdbus-1.so.3.38.3
7f8141083000-7f8141085000 r--p 0004f000 103:02 942789                    /usr/lib/libdbus-1.so.3.38.3
7f8141085000-7f8141086000 rw-p 00051000 103:02 942789                    /usr/lib/libdbus-1.so.3.38.3
7f8141086000-7f8141088000 r--p 00000000 103:02 958619                    /usr/lib/libGLdispatch.so.0.0.0
7f8141088000-7f814108b000 r-xp 00002000 103:02 958619                    /usr/lib/libGLdispatch.so.0.0.0
7f814108b000-7f81410c6000 r-xp 00005000 103:02 958619                    /usr/lib/libGLdispatch.so.0.0.0
7f81410c6000-7f81410c7000 r-xp 00040000 103:02 958619                    /usr/lib/libGLdispatch.so.0.0.0
7f81410c7000-7f81410da000 r--p 00041000 103:02 958619                    /usr/lib/libGLdispatch.so.0.0.0
7f81410da000-7f81410f6000 r--p 00054000 103:02 958619                    /usr/lib/libGLdispatch.so.0.0.0
7f81410f6000-7f81410f7000 rw-p 00070000 103:02 958619                    /usr/lib/libGLdispatch.so.0.0.0
7f81410f7000-7f81410ff000 rw-p 00000000 00:00 0 
7f81410ff000-7f8141100000 rw-p 00000000 00:00 0 
7f8141100000-7f8141104000 ---p 00000000 00:00 0 
7f8141104000-7f8141200000 rw-p 00000000 00:00 0 
7f8141200000-7f8141213000 r-xp 00000000 103:03 25433954                  /home/ian/.jdks/corretto-21.0.9/lib/libnio.so
7f8141213000-7f8141412000 ---p 00013000 103:03 25433954                  /home/ian/.jdks/corretto-21.0.9/lib/libnio.so
7f8141412000-7f8141413000 r--p 00012000 103:03 25433954                  /home/ian/.jdks/corretto-21.0.9/lib/libnio.so
7f8141413000-7f8141414000 rw-p 00013000 103:03 25433954                  /home/ian/.jdks/corretto-21.0.9/lib/libnio.so
7f8141414000-7f8141417000 rw-s 00000000 00:07 1487                       /dev/nvidiactl
7f8141417000-7f8141419000 rw-s 00000000 00:01 65784                      /memfd:/.glXXXXXX (deleted)
7f814141d000-7f8141422000 r--p 00000000 103:02 958398                    /usr/lib/libdrm.so.2.134.0
7f8141422000-7f814142e000 r-xp 00005000 103:02 958398                    /usr/lib/libdrm.so.2.134.0
7f814142e000-7f8141432000 r--p 00011000 103:02 958398                    /usr/lib/libdrm.so.2.134.0
7f8141432000-7f8141433000 r--p 00015000 103:02 958398                    /usr/lib/libdrm.so.2.134.0
7f8141433000-7f8141434000 rw-p 00016000 103:02 958398                    /usr/lib/libdrm.so.2.134.0
7f8141434000-7f8141438000 r--p 00000000 103:02 921303                    /usr/lib/libgcc_s.so.1
7f8141438000-7f814145b000 r-xp 00004000 103:02 921303                    /usr/lib/libgcc_s.so.1
7f814145b000-7f814145f000 r--p 00027000 103:02 921303                    /usr/lib/libgcc_s.so.1
7f814145f000-7f8141460000 r--p 0002b000 103:02 921303                    /usr/lib/libgcc_s.so.1
7f8141460000-7f8141461000 rw-p 0002c000 103:02 921303                    /usr/lib/libgcc_s.so.1
7f8141461000-7f8141486000 r-xp 00000000 00:2e 1050                       /tmp/lwjgl_ian/3.4.0+20/x64/libglfw.so
7f8141486000-7f81414d5000 r--p 00025000 00:2e 1050                       /tmp/lwjgl_ian/3.4.0+20/x64/libglfw.so
7f81414d5000-7f81414d9000 r--p 00074000 00:2e 1050                       /tmp/lwjgl_ian/3.4.0+20/x64/libglfw.so
7f81414d9000-7f81414dc000 rw-p 00078000 00:2e 1050                       /tmp/lwjgl_ian/3.4.0+20/x64/libglfw.so
7f81414dc000-7f81414ff000 rw-p 00000000 00:00 0 
7f81414ff000-7f8141500000 rw-p 00000000 00:00 0 
7f8141500000-7f8141504000 ---p 00000000 00:00 0 
7f8141504000-7f8141600000 rw-p 00000000 00:00 0 
7f8141600000-7f81416ce000 r-xp 00000000 103:03 25433997                  /home/ian/.jdks/corretto-21.0.9/lib/libjsvml.so
7f81416ce000-7f81418cd000 ---p 000ce000 103:03 25433997                  /home/ian/.jdks/corretto-21.0.9/lib/libjsvml.so
7f81418cd000-7f81418ce000 r--p 000cd000 103:03 25433997                  /home/ian/.jdks/corretto-21.0.9/lib/libjsvml.so
7f81418ce000-7f81418cf000 rw-p 000ce000 103:03 25433997                  /home/ian/.jdks/corretto-21.0.9/lib/libjsvml.so
7f81418cf000-7f81418d0000 rw-s 00000000 00:07 1487                       /dev/nvidiactl
7f81418d0000-7f81418d1000 rw-s 00000000 00:07 1487                       /dev/nvidiactl
7f81418d1000-7f81418d2000 rw-s 00000000 00:07 1489                       /dev/nvidia0
7f81418d2000-7f81418d4000 rw-s 00000000 00:07 1487                       /dev/nvidiactl
7f81418d4000-7f81418e4000 rw-s 00000000 00:07 1489                       /dev/nvidia0
7f81418e4000-7f81418f4000 rw-s 00000000 00:07 1489                       /dev/nvidia0
7f81418f4000-7f81418f7000 r--p 00000000 103:02 952845                    /usr/lib/libxcb-xfixes.so.0.0.0
7f81418f7000-7f81418fa000 r-xp 00003000 103:02 952845                    /usr/lib/libxcb-xfixes.so.0.0.0
7f81418fa000-7f81418fb000 r--p 00006000 103:02 952845                    /usr/lib/libxcb-xfixes.so.0.0.0
7f81418fb000-7f81418fc000 r--p 00007000 103:02 952845                    /usr/lib/libxcb-xfixes.so.0.0.0
7f81418fc000-7f81418fd000 rw-p 00008000 103:02 952845                    /usr/lib/libxcb-xfixes.so.0.0.0
7f81418fd000-7f81418fe000 rw-p 00000000 00:00 0 
7f81418fe000-7f8141902000 ---p 00000000 00:00 0 
7f8141902000-7f81419ff000 rw-p 00000000 00:00 0 
7f81419ff000-7f8141a03000 ---p 00000000 00:00 0 
7f8141a03000-7f8141b00000 rw-p 00000000 00:00 0 
7f8141b00000-7f8141b04000 ---p 00000000 00:00 0 
7f8141b04000-7f8141c00000 rw-p 00000000 00:00 0 
7f8141c00000-7f8141eed000 r--p 00000000 103:02 995609                    /usr/lib/locale/locale-archive
7f8141eed000-7f8141ef4000 r--p 00000000 103:02 952818                    /usr/lib/libxcb-randr.so.0.1.0
7f8141ef4000-7f8141efa000 r-xp 00007000 103:02 952818                    /usr/lib/libxcb-randr.so.0.1.0
7f8141efa000-7f8141efd000 r--p 0000d000 103:02 952818                    /usr/lib/libxcb-randr.so.0.1.0
7f8141efd000-7f8141efe000 r--p 00010000 103:02 952818                    /usr/lib/libxcb-randr.so.0.1.0
7f8141efe000-7f8141eff000 rw-p 00011000 103:02 952818                    /usr/lib/libxcb-randr.so.0.1.0
7f8141eff000-7f8141f00000 rw-p 00000000 00:00 0 
7f8141f00000-7f8141f04000 ---p 00000000 00:00 0 
7f8141f04000-7f8142000000 rw-p 00000000 00:00 0 
7f8142000000-7f8144023000 rw-p 00000000 00:00 0 
7f8144023000-7f8148000000 ---p 00000000 00:00 0 
7f8148000000-7f8148032000 rw-p 00000000 00:00 0 
7f8148032000-7f814c000000 ---p 00000000 00:00 0 
7f814c000000-7f814c021000 rw-p 00000000 00:00 0 
7f814c021000-7f8150000000 ---p 00000000 00:00 0 
7f8150000000-7f8150004000 rw-s 00000000 00:07 1487                       /dev/nvidiactl
7f8150004000-7f8150010000 r--p 00000000 103:02 952812                    /usr/lib/libxcb-glx.so.0.0.0
7f8150010000-7f8150019000 r-xp 0000c000 103:02 952812                    /usr/lib/libxcb-glx.so.0.0.0
7f8150019000-7f815001e000 r--p 00015000 103:02 952812                    /usr/lib/libxcb-glx.so.0.0.0
7f815001e000-7f8150020000 r--p 0001a000 103:02 952812                    /usr/lib/libxcb-glx.so.0.0.0
7f8150020000-7f8150021000 rw-p 0001c000 103:02 952812                    /usr/lib/libxcb-glx.so.0.0.0
7f8150021000-7f8150022000 rw-p 00000000 00:00 0 
7f8150022000-7f8150026000 ---p 00000000 00:00 0 
7f8150026000-7f8150123000 rw-p 00000000 00:00 0 
7f8150123000-7f8150127000 ---p 00000000 00:00 0 
7f8150127000-7f8150224000 rw-p 00000000 00:00 0 
7f8150224000-7f8150228000 ---p 00000000 00:00 0 
7f8150228000-7f8150325000 rw-p 00000000 00:00 0 
7f8150325000-7f8150329000 ---p 00000000 00:00 0 
7f8150329000-7f8150829000 rw-p 00000000 00:00 0 
7f8150829000-7f8151ef0000 rw-p 00000000 00:00 0 
7f8151ef0000-7f8160950000 ---p 00000000 00:00 0 
7f8160950000-7f8160b68000 rw-p 00000000 00:00 0 
7f8160b68000-7f81628b4000 ---p 00000000 00:00 0 
7f81628b4000-7f8162ab0000 rw-p 00000000 00:00 0 
7f8162ab0000-7f81647fc000 ---p 00000000 00:00 0 
7f81647fc000-7f8164800000 rw-p 00000000 00:00 0 
7f8164800000-7f8164d10000 rwxp 00000000 00:00 0 
7f8164d10000-7f816bc5f000 ---p 00000000 00:00 0 
7f816bc5f000-7f816c07f000 rwxp 00000000 00:00 0 
7f816c07f000-7f816c3a0000 ---p 00000000 00:00 0 
7f816c3a0000-7f816c610000 rwxp 00000000 00:00 0 
7f816c610000-7f8173800000 ---p 00000000 00:00 0 
7f8173800000-7f817bf76000 r--s 00000000 103:03 25433962                  /home/ian/.jdks/corretto-21.0.9/lib/modules
7f817bf76000-7f817bf77000 rw-s 00000000 00:07 1487                       /dev/nvidiactl
7f817bf77000-7f817bf78000 rw-s 00000000 00:07 1487                       /dev/nvidiactl
7f817bf78000-7f817bf7b000 r--p 00000000 103:02 952839                    /usr/lib/libxcb-sync.so.1.0.0
7f817bf7b000-7f817bf7e000 r-xp 00003000 103:02 952839                    /usr/lib/libxcb-sync.so.1.0.0
7f817bf7e000-7f817bf7f000 r--p 00006000 103:02 952839                    /usr/lib/libxcb-sync.so.1.0.0
7f817bf7f000-7f817bf80000 r--p 00007000 103:02 952839                    /usr/lib/libxcb-sync.so.1.0.0
7f817bf80000-7f817bf81000 rw-p 00008000 103:02 952839                    /usr/lib/libxcb-sync.so.1.0.0
7f817bf81000-7f817bfb6000 r-xp 00000000 00:2e 1049                       /tmp/lwjgl_ian/3.4.0+20/x64/liblwjgl.so
7f817bfb6000-7f817bffe000 r--p 00035000 00:2e 1049                       /tmp/lwjgl_ian/3.4.0+20/x64/liblwjgl.so
7f817bffe000-7f817bfff000 r--p 0007c000 00:2e 1049                       /tmp/lwjgl_ian/3.4.0+20/x64/liblwjgl.so
7f817bfff000-7f817c000000 rw-p 0007d000 00:2e 1049                       /tmp/lwjgl_ian/3.4.0+20/x64/liblwjgl.so
7f817c000000-7f817ff7c000 rw-p 00000000 00:00 0 
7f817ff7c000-7f8180000000 ---p 00000000 00:00 0 
7f8180000000-7f8180001000 r--s 00000000 00:07 1487                       /dev/nvidiactl
7f8180001000-7f8180002000 r--p 00000000 103:02 952815                    /usr/lib/libxcb-present.so.0.0.0
7f8180002000-7f8180003000 r-xp 00001000 103:02 952815                    /usr/lib/libxcb-present.so.0.0.0
7f8180003000-7f8180004000 r--p 00002000 103:02 952815                    /usr/lib/libxcb-present.so.0.0.0
7f8180004000-7f8180005000 r--p 00002000 103:02 952815                    /usr/lib/libxcb-present.so.0.0.0
7f8180005000-7f8180006000 rw-p 00003000 103:02 952815                    /usr/lib/libxcb-present.so.0.0.0
7f8180006000-7f8180008000 r--p 00000000 103:02 952809                    /usr/lib/libxcb-dri3.so.0.1.0
7f8180008000-7f818000a000 r-xp 00002000 103:02 952809                    /usr/lib/libxcb-dri3.so.0.1.0
7f818000a000-7f818000b000 r--p 00004000 103:02 952809                    /usr/lib/libxcb-dri3.so.0.1.0
7f818000b000-7f818000c000 r--p 00004000 103:02 952809                    /usr/lib/libxcb-dri3.so.0.1.0
7f818000c000-7f818000d000 rw-p 00005000 103:02 952809                    /usr/lib/libxcb-dri3.so.0.1.0
7f818000d000-7f818000f000 r--p 00000000 103:02 958616                    /usr/lib/libGLX.so.0.0.0
7f818000f000-7f8180029000 r-xp 00002000 103:02 958616                    /usr/lib/libGLX.so.0.0.0
7f8180029000-7f818002c000 r--p 0001c000 103:02 958616                    /usr/lib/libGLX.so.0.0.0
7f818002c000-7f818002d000 r--p 0001f000 103:02 958616                    /usr/lib/libGLX.so.0.0.0
7f818002d000-7f818002e000 rw-p 00020000 103:02 958616                    /usr/lib/libGLX.so.0.0.0
7f818002e000-7f818003e000 rw-p 00000000 00:00 0 
7f818003e000-7f8180041000 r--p 00000000 103:02 958651                    /usr/lib/libXcursor.so.1.0.2
7f8180041000-7f8180047000 r-xp 00003000 103:02 958651                    /usr/lib/libXcursor.so.1.0.2
7f8180047000-7f8180049000 r--p 00009000 103:02 958651                    /usr/lib/libXcursor.so.1.0.2
7f8180049000-7f818004a000 r--p 0000a000 103:02 958651                    /usr/lib/libXcursor.so.1.0.2
7f818004a000-7f818004b000 rw-p 0000b000 103:02 958651                    /usr/lib/libXcursor.so.1.0.2
7f818004b000-7f818004e000 r--p 00000000 103:02 956093                    /usr/lib/libXi.so.6.1.0
7f818004e000-7f818005b000 r-xp 00003000 103:02 956093                    /usr/lib/libXi.so.6.1.0
7f818005b000-7f818005e000 r--p 00010000 103:02 956093                    /usr/lib/libXi.so.6.1.0
7f818005e000-7f818005f000 r--p 00012000 103:02 956093                    /usr/lib/libXi.so.6.1.0
7f818005f000-7f8180060000 rw-p 00013000 103:02 956093                    /usr/lib/libXi.so.6.1.0
7f8180060000-7f8180bec000 rw-p 00000000 00:00 0 
7f8180bec000-7f8180eef000 rw-p 00000000 00:00 0 
7f8180eef000-7f8182200000 rw-p 00000000 00:00 0 
7f8182200000-7f8182220000 r-xp 00000000 103:03 25433985                  /home/ian/.jdks/corretto-21.0.9/lib/libjava.so
7f8182220000-7f818241f000 ---p 00020000 103:03 25433985                  /home/ian/.jdks/corretto-21.0.9/lib/libjava.so
7f818241f000-7f8182420000 r--p 0001f000 103:03 25433985                  /home/ian/.jdks/corretto-21.0.9/lib/libjava.so
7f8182420000-7f8182421000 rw-p 00020000 103:03 25433985                  /home/ian/.jdks/corretto-21.0.9/lib/libjava.so
7f8182421000-7f8182422000 rw-p 00000000 00:00 0 
7f8182422000-7f8182424000 r--p 00000000 103:02 956588                    /usr/lib/libXrender.so.1.3.0
7f8182424000-7f818242b000 r-xp 00002000 103:02 956588                    /usr/lib/libXrender.so.1.3.0
7f818242b000-7f818242c000 r--p 00009000 103:02 956588                    /usr/lib/libXrender.so.1.3.0
7f818242c000-7f818242d000 r--p 00009000 103:02 956588                    /usr/lib/libXrender.so.1.3.0
7f818242d000-7f818242e000 rw-p 0000a000 103:02 956588                    /usr/lib/libXrender.so.1.3.0
7f818242e000-7f8182433000 rw-p 00000000 00:00 0 
7f8182433000-7f8182517000 ---p 00000000 00:00 0 
7f8182517000-7f8182522000 rw-p 00000000 00:00 0 
7f8182522000-7f8182600000 ---p 00000000 00:00 0 
7f8182600000-7f818261b000 r-xp 00000000 103:03 25433967                  /home/ian/.jdks/corretto-21.0.9/lib/libjimage.so
7f818261b000-7f818281a000 ---p 0001b000 103:03 25433967                  /home/ian/.jdks/corretto-21.0.9/lib/libjimage.so
7f818281a000-7f818281c000 r--p 0001a000 103:03 25433967                  /home/ian/.jdks/corretto-21.0.9/lib/libjimage.so
7f818281c000-7f818281d000 rw-p 0001c000 103:03 25433967                  /home/ian/.jdks/corretto-21.0.9/lib/libjimage.so
7f818281d000-7f818281f000 r--p 00000000 103:02 956087                    /usr/lib/libXfixes.so.3.1.0
7f818281f000-7f8182822000 r-xp 00002000 103:02 956087                    /usr/lib/libXfixes.so.3.1.0
7f8182822000-7f8182823000 r--p 00005000 103:02 956087                    /usr/lib/libXfixes.so.3.1.0
7f8182823000-7f8182824000 r--p 00005000 103:02 956087                    /usr/lib/libXfixes.so.3.1.0
7f8182824000-7f8182825000 rw-p 00006000 103:02 956087                    /usr/lib/libXfixes.so.3.1.0
7f8182825000-7f8182900000 rw-p 00000000 00:00 0 
7f8182900000-7f8182904000 ---p 00000000 00:00 0 
7f8182904000-7f8182a00000 rw-p 00000000 00:00 0 
7f8182a00000-7f8183e64000 r-xp 00000000 103:03 25433974                  /home/ian/.jdks/corretto-21.0.9/lib/server/libjvm.so
7f8183e64000-7f8184063000 ---p 01464000 103:03 25433974                  /home/ian/.jdks/corretto-21.0.9/lib/server/libjvm.so
7f8184063000-7f8184138000 r--p 01463000 103:03 25433974                  /home/ian/.jdks/corretto-21.0.9/lib/server/libjvm.so
7f8184138000-7f8184168000 rw-p 01538000 103:03 25433974                  /home/ian/.jdks/corretto-21.0.9/lib/server/libjvm.so
7f8184168000-7f81841ce000 rw-p 00000000 00:00 0 
7f81841ce000-7f81841cf000 r--p 00000000 103:02 963487                    /usr/lib/libnvidia-tls.so.610.57.04
7f81841cf000-7f81841d1000 r-xp 00001000 103:02 963487                    /usr/lib/libnvidia-tls.so.610.57.04
7f81841d1000-7f81841d2000 r--p 00003000 103:02 963487                    /usr/lib/libnvidia-tls.so.610.57.04
7f81841d2000-7f81841d3000 r--p 00003000 103:02 963487                    /usr/lib/libnvidia-tls.so.610.57.04
7f81841d3000-7f81841d4000 rw-p 00004000 103:02 963487                    /usr/lib/libnvidia-tls.so.610.57.04
7f81841d4000-7f81841d5000 rw-p 00000000 00:00 0 
7f81841d5000-7f81841e1000 r--p 00000000 103:02 952866                    /usr/lib/libxcb.so.1.1.0
7f81841e1000-7f81841f5000 r-xp 0000c000 103:02 952866                    /usr/lib/libxcb.so.1.1.0
7f81841f5000-7f81841fe000 r--p 00020000 103:02 952866                    /usr/lib/libxcb.so.1.1.0
7f81841fe000-7f81841ff000 r--p 00028000 103:02 952866                    /usr/lib/libxcb.so.1.1.0
7f81841ff000-7f8184200000 rw-p 00029000 103:02 952866                    /usr/lib/libxcb.so.1.1.0
7f8184200000-7f8184224000 r--p 00000000 103:02 920573                    /usr/lib/libc.so.6
7f8184224000-7f818439f000 r-xp 00024000 103:02 920573                    /usr/lib/libc.so.6
7f818439f000-7f8184415000 r--p 0019f000 103:02 920573                    /usr/lib/libc.so.6
7f8184415000-7f8184419000 r--p 00214000 103:02 920573                    /usr/lib/libc.so.6
7f8184419000-7f818441b000 rw-p 00218000 103:02 920573                    /usr/lib/libc.so.6
7f818441b000-7f8184423000 rw-p 00000000 00:00 0 
7f8184423000-7f8184424000 r-xp 00033000 00:2e 1049                       /tmp/lwjgl_ian/3.4.0+20/x64/liblwjgl.so
7f8184424000-7f8184425000 rw-p 00000000 00:00 0 
7f8184425000-7f8184426000 r--p 00000000 103:02 945151                    /usr/lib/libX11-xcb.so.1.0.0
7f8184426000-7f8184427000 r-xp 00001000 103:02 945151                    /usr/lib/libX11-xcb.so.1.0.0
7f8184427000-7f8184428000 r--p 00002000 103:02 945151                    /usr/lib/libX11-xcb.so.1.0.0
7f8184428000-7f8184429000 r--p 00002000 103:02 945151                    /usr/lib/libX11-xcb.so.1.0.0
7f8184429000-7f818442a000 rw-p 00003000 103:02 945151                    /usr/lib/libX11-xcb.so.1.0.0
7f818442a000-7f818442c000 r--p 00000000 103:02 958841                    /usr/lib/libXrandr.so.2.2.0
7f818442c000-7f8184433000 r-xp 00002000 103:02 958841                    /usr/lib/libXrandr.so.2.2.0
7f8184433000-7f8184435000 r--p 00009000 103:02 958841                    /usr/lib/libXrandr.so.2.2.0
7f8184435000-7f8184436000 r--p 0000a000 103:02 958841                    /usr/lib/libXrandr.so.2.2.0
7f8184436000-7f8184437000 rw-p 0000b000 103:02 958841                    /usr/lib/libXrandr.so.2.2.0
7f8184437000-7f818443b000 r--p 00000000 103:02 955953                    /usr/lib/libXext.so.6.4.0
7f818443b000-7f8184446000 r-xp 00004000 103:02 955953                    /usr/lib/libXext.so.6.4.0
7f8184446000-7f8184449000 r--p 0000f000 103:02 955953                    /usr/lib/libXext.so.6.4.0
7f8184449000-7f818444a000 r--p 00011000 103:02 955953                    /usr/lib/libXext.so.6.4.0
7f818444a000-7f818444b000 rw-p 00012000 103:02 955953                    /usr/lib/libXext.so.6.4.0
7f818444b000-7f81844c9000 rw-p 00000000 00:00 0 
7f81844c9000-7f81844d9000 r--p 00000000 103:02 920590                    /usr/lib/libm.so.6
7f81844d9000-7f8184575000 r-xp 00010000 103:02 920590                    /usr/lib/libm.so.6
7f8184575000-7f81845fe000 r--p 000ac000 103:02 920590                    /usr/lib/libm.so.6
7f81845fe000-7f81845ff000 r--p 00134000 103:02 920590                    /usr/lib/libm.so.6
7f81845ff000-7f8184600000 rw-p 00135000 103:02 920590                    /usr/lib/libm.so.6
7f8184600000-7f818460f000 r-xp 00000000 103:03 25433955                  /home/ian/.jdks/corretto-21.0.9/lib/libjli.so
7f818460f000-7f818480f000 ---p 0000f000 103:03 25433955                  /home/ian/.jdks/corretto-21.0.9/lib/libjli.so
7f818480f000-7f8184810000 r--p 0000f000 103:03 25433955                  /home/ian/.jdks/corretto-21.0.9/lib/libjli.so
7f8184810000-7f8184811000 rw-p 00010000 103:03 25433955                  /home/ian/.jdks/corretto-21.0.9/lib/libjli.so
7f8184811000-7f8184812000 r--p 00000000 103:02 958720                    /usr/lib/libXinerama.so.1.0.0
7f8184812000-7f8184813000 r-xp 00001000 103:02 958720                    /usr/lib/libXinerama.so.1.0.0
7f8184813000-7f8184814000 r--p 00002000 103:02 958720                    /usr/lib/libXinerama.so.1.0.0
7f8184814000-7f8184815000 r--p 00002000 103:02 958720                    /usr/lib/libXinerama.so.1.0.0
7f8184815000-7f8184816000 rw-p 00003000 103:02 958720                    /usr/lib/libXinerama.so.1.0.0
7f8184816000-7f8184817000 r--p 00000000 103:02 958373                    /usr/lib/libXxf86vm.so.1.0.0
7f8184817000-7f818481a000 r-xp 00001000 103:02 958373                    /usr/lib/libXxf86vm.so.1.0.0
7f818481a000-7f818481b000 r--p 00004000 103:02 958373                    /usr/lib/libXxf86vm.so.1.0.0
7f818481b000-7f818481c000 r--p 00004000 103:02 958373                    /usr/lib/libXxf86vm.so.1.0.0
7f818481c000-7f818481d000 rw-p 00005000 103:02 958373                    /usr/lib/libXxf86vm.so.1.0.0
7f818481d000-7f818481f000 r--p 00000000 103:02 952778                    /usr/lib/libXdmcp.so.6.0.0
7f818481f000-7f8184821000 r-xp 00002000 103:02 952778                    /usr/lib/libXdmcp.so.6.0.0
7f8184821000-7f8184823000 r--p 00004000 103:02 952778                    /usr/lib/libXdmcp.so.6.0.0
7f8184823000-7f8184824000 r--p 00005000 103:02 952778                    /usr/lib/libXdmcp.so.6.0.0
7f8184824000-7f8184825000 rw-p 00006000 103:02 952778                    /usr/lib/libXdmcp.so.6.0.0
7f8184825000-7f8184826000 r--p 00000000 103:02 952781                    /usr/lib/libXau.so.6.0.0
7f8184826000-7f8184827000 r-xp 00001000 103:02 952781                    /usr/lib/libXau.so.6.0.0
7f8184827000-7f8184828000 r--p 00002000 103:02 952781                    /usr/lib/libXau.so.6.0.0
7f8184828000-7f8184829000 r--p 00002000 103:02 952781                    /usr/lib/libXau.so.6.0.0
7f8184829000-7f818482a000 rw-p 00003000 103:02 952781                    /usr/lib/libXau.so.6.0.0
7f818482a000-7f8184833000 rw-p 00000000 00:00 0 
7f8184833000-7f8184839000 ---p 00000000 00:00 0 
7f8184839000-7f8184841000 rw-s 00000000 00:2e 1167                       /tmp/hsperfdata_ian/79439
7f8184841000-7f8184842000 ---p 00000000 00:00 0 
7f8184842000-7f8184843000 r--p 00000000 00:00 0 
7f8184843000-7f8184844000 ---p 00000000 00:00 0 
7f8184844000-7f8184845000 r--p 00000000 103:02 920618                    /usr/lib/librt.so.1
7f8184845000-7f8184846000 r-xp 00001000 103:02 920618                    /usr/lib/librt.so.1
7f8184846000-7f8184847000 r--p 00002000 103:02 920618                    /usr/lib/librt.so.1
7f8184847000-7f8184848000 r--p 00002000 103:02 920618                    /usr/lib/librt.so.1
7f8184848000-7f8184849000 rw-p 00003000 103:02 920618                    /usr/lib/librt.so.1
7f8184849000-7f818484d000 rw-p 00000000 00:00 0 
7f818484d000-7f818484e000 r--p 00000000 103:02 920583                    /usr/lib/libdl.so.2
7f818484e000-7f818484f000 r-xp 00001000 103:02 920583                    /usr/lib/libdl.so.2
7f818484f000-7f8184850000 r--p 00002000 103:02 920583                    /usr/lib/libdl.so.2
7f8184850000-7f8184851000 r--p 00002000 103:02 920583                    /usr/lib/libdl.so.2
7f8184851000-7f8184852000 rw-p 00003000 103:02 920583                    /usr/lib/libdl.so.2
7f8184852000-7f8184853000 r--p 00000000 103:02 920613                    /usr/lib/libpthread.so.0
7f8184853000-7f8184854000 r-xp 00001000 103:02 920613                    /usr/lib/libpthread.so.0
7f8184854000-7f8184855000 r--p 00002000 103:02 920613                    /usr/lib/libpthread.so.0
7f8184855000-7f8184856000 r--p 00002000 103:02 920613                    /usr/lib/libpthread.so.0
7f8184856000-7f8184857000 rw-p 00003000 103:02 920613                    /usr/lib/libpthread.so.0
7f8184857000-7f818485a000 r--p 00000000 103:02 924378                    /usr/lib/libz.so.1.3.2
7f818485a000-7f818486a000 r-xp 00003000 103:02 924378                    /usr/lib/libz.so.1.3.2
7f818486a000-7f8184870000 r--p 00013000 103:02 924378                    /usr/lib/libz.so.1.3.2
7f8184870000-7f8184871000 r--p 00018000 103:02 924378                    /usr/lib/libz.so.1.3.2
7f8184871000-7f8184872000 rw-p 00019000 103:02 924378                    /usr/lib/libz.so.1.3.2
7f8184872000-7f8184874000 rw-p 00000000 00:00 0 
7f8184874000-7f81848ad000 r--p 00000000 103:02 2360067                   /etc/ld.so.cache
7f81848ad000-7f81848b1000 r--p 00000000 00:00 0                          [vvar]
7f81848b1000-7f81848b3000 r--p 00000000 00:00 0                          [vvar_vclock]
7f81848b3000-7f81848b5000 r-xp 00000000 00:00 0                          [vdso]
7f81848b5000-7f81848b6000 r--p 00000000 103:02 920562                    /usr/lib/ld-linux-x86-64.so.2
7f81848b6000-7f81848e3000 r-xp 00001000 103:02 920562                    /usr/lib/ld-linux-x86-64.so.2
7f81848e3000-7f81848f2000 r--p 0002e000 103:02 920562                    /usr/lib/ld-linux-x86-64.so.2
7f81848f2000-7f81848f4000 r--p 0003d000 103:02 920562                    /usr/lib/ld-linux-x86-64.so.2
7f81848f4000-7f81848f5000 rw-p 0003f000 103:02 920562                    /usr/lib/ld-linux-x86-64.so.2
7f81848f5000-7f81848f6000 rw-p 00000000 00:00 0 
7ffda3a2a000-7ffda3a4d000 rw-p 00000000 00:00 0                          [stack]
ffffffffff600000-ffffffffff601000 --xp 00000000 00:00 0                  [vsyscall]
Total number of mappings: 559

JVMTI agents: none


VM Arguments:
jvm_args: -Dfile.encoding=UTF-8 -Duser.country=US -Duser.language=en -Duser.variant 
java_command: net.ice.relic.common.test.VulkanTest
java_class_path (initial): /mnt/Alpha/Users/Ian/Documents/Relic/build/classes/java/main:/mnt/Alpha/Users/Ian/Documents/Relic/build/resources/main:/home/ian/.gradle/caches/modules-2/files-2.1/io.github.spair/imgui-java-app/1.87.0/25624ee3da9585987e9af98d72306dfc6d9f2769/imgui-java-app-1.87.0.jar:/home/ian/.gradle/caches/modules-2/files-2.1/io.github.spair/imgui-java-lwjgl3/1.87.0/a012a5f097de8a0ef879a9fb58b0a8134f5842e1/imgui-java-lwjgl3-1.87.0.jar:/home/ian/.gradle/caches/modules-2/files-2.1/org.lwjgl/lwjgl-assimp/3.4.0/4c958db45767dafbd4ba2a2985cc8e68a6213852/lwjgl-assimp-3.4.0.jar:/home/ian/.gradle/caches/modules-2/files-2.1/org.lwjgl/lwjgl-assimp/3.4.0/c3928509ca1acac49a9a7df5e5692d3e06a96b13/lwjgl-assimp-3.4.0-natives-linux.jar:/home/ian/.gradle/caches/modules-2/files-2.1/org.lwjgl/lwjgl-glfw/3.4.0/bb282ac212eb91f6b2add25ac31dce896f9c5b64/lwjgl-glfw-3.4.0.jar:/home/ian/.gradle/caches/modules-2/files-2.1/org.lwjgl/lwjgl-glfw/3.4.0/268728a68d2dc9bf80d09711e727ac70923d2337/lwjgl-glfw-3.4.0-natives-linux.jar:/home/ian/.gradle/caches/modules-2/files-2.1/org.lwjgl/lwjgl-glfw/3.4.0/770e27000b7a1c945a357a532e2008e65cab3a88/lwjgl-glfw-3.4.0-natives-windows.jar:/home/ian/.gradle/caches/modules-2/files-2.1/org.lwjgl/lwjgl-glfw/3.4.0/5e922dccd48983cc5749e59f36a7ec6c0aa5358f/lwjgl-glfw-3.4.0-natives-macos.jar:/home/ian/.gradle/caches/modules-2/files-2.1/org.lwjgl/lwjgl-glfw/3.4.0/bd93201672fb486ca1db69ed2026470fce1dc802/lwjgl-glfw-3.4.0-natives-macos-arm64.jar:/home/ian/.gradle/caches/modules-2/files-2.1/org.lwjgl/lwjgl-openal/3.4.0/84d61bc4367e21a567fcc4ee9efefd1e11b3cd05/lwjgl-openal-3.4.0.jar:/home/ian/.gradle/caches/modules-2/files-2.1/org.lwjgl/lwjgl-openal/3.4.0/d3920fb7abdb4414ef2232652be0c266db0c1d56/lwjgl-openal-3.4.0-natives-linux.jar:/home/ian/.gradle/caches/modules-2/files-2.1/org.lwjgl/lwjgl-opengl/3.4.0/5947ab24b5dbe93a9e011ac4fd5f8f14dfb138c2/lwjgl-opengl-3.4.0.jar:/home/ian/.gradle/caches/modules-2/files-2.1/org.lwjgl/lwjgl-opengl/3.4.0/b812e19721d2f0656cc4cb665d22d7a001acfd11/lwjgl-opengl-3.4.0-natives-linux.jar:/home/ian/.gradle/caches/modules-2/files-2.1/org.lwjgl/lwjgl-opengl/3.4.0/e8443b8558d12ccffb16248ebfe0d670d3bfdb29/lwjgl-opengl-3.4.0-natives-windows.jar:/home/ian/.gradle/caches/modules-2/files-2.1/org.lwjgl/lwjgl-opengl/3.4.0/4ca0f553caf201a22e16c95a2049a6759bde01f2/lwjgl-opengl-3.4.0-natives-macos.jar:/home/ian/.gradle/caches/modules-2/files-2.1/org.lwjgl/lwjgl-opengl/3.4.0/fb1636c9c8824b639ff51757136c73fbc1efe741/lwjgl-opengl-3.4.0-natives-macos-arm64.jar:/home/ian/.gradle/caches/modules-2/files-2.1/org.lwjgl/lwjgl-openxr/3.4.0/a3fad711516e644cf520951d3a91445546f9983c/lwjgl-openxr-3.4.0.jar:/home/ian/.gradle/caches/modules-2/files-2.1/org.lwjgl/lwjgl-openxr/3.4.0/2c72f1c97c056ded036dfd45a6154375c71fbf88/lwjgl-openxr-3.4.0-natives-linux.jar:/home/ian/.gradle/caches/modules-2/files-2.1/org.lwjgl/lwjgl-shaderc/3.4.0/56f7e5697a40099641de0ecbfc31c6fd958652c7/lwjgl-shaderc-3.4.0.jar:/home/ian/.gradle/caches/modules-2/files-2.1/org.lwjgl/lwjgl-shaderc/3.4.0/fe27fa43588442ca59bd5332d47677c62fba511/lwjgl-shaderc-3.4.0-natives-linux.jar:/home/ian/.gradle/caches/modules-2/files-2.1/org.lwjgl/lwjgl-spvc/3.4.0/126bf8255ac528b00e52cb30e69024872bfaf544/lwjgl-spvc-3.4.0.jar:/home/ian/.gradle/caches/modules-2/files-2.1/org.lwjgl/lwjgl-spvc/3.4.0/4a2864d122b6ede1afb401f51746d08419c958bf/lwjgl-spvc-3.4.0-natives-linux.jar:/home/ian/.gradle/caches/modules-2/files-2.1/org.lwjgl/lwjgl-stb/3.4.0/8bd174a85c684943b6a90281c30cd1037d1faee0/lwjgl-stb-3.4.0.jar:/home/ian/.gradle/caches/modules-2/files-2.1/org.lwjgl/lwjgl-stb/3.4.0/fbd8b32630bc6ea496c6b4f6990587b42dd4e0e5/lwjgl-stb-3.4.0-natives-linux.jar:/home/ian/.gradle/caches/modules-2/files-2.1/org.lwjgl/lwjgl-vulkan/3.4.0/ee2126cfa8fafe86163fc0359c99403099e50e17/lwjgl-vulkan-3.4.0.jar:/home/ian/.gradle/caches/modules-2/files-2.1/org.lwjgl/lwjgl/3.4.0/201de49386cbba233b36eca434ce9e56345a5f8a/lwjgl-3.4.0.jar:/home/ian/.gradle/caches/modules-2/files-2.1/org.lwjgl/lwjgl/3.4.0/dd278b9fb054ec4fca53b3e49c67f4ff26b82c4/lwjgl-3.4.0-natives-linux.jar:/home/ian/.gradle/caches/modules-2/files-2.1/org.lwjgl/lwjgl/3.4.0/93e881238b992ab309c3d58d60976586b3dfe810/lwjgl-3.4.0-natives-windows.jar:/home/ian/.gradle/caches/modules-2/files-2.1/org.lwjgl/lwjgl/3.4.0/de0814d1d5b233eb9a25d07424e7880817094451/lwjgl-3.4.0-natives-macos.jar:/home/ian/.gradle/caches/modules-2/files-2.1/org.lwjgl/lwjgl/3.4.0/416aa822485e7e877ac542e315a820d28f50b32a/lwjgl-3.4.0-natives-macos-arm64.jar:/home/ian/.gradle/caches/modules-2/files-2.1/org.reflections/reflections/0.10.2/b638d7ca0e0fe0146b60a0e7ba232ad852a73b31/reflections-0.10.2.jar:/home/ian/.gradle/caches/modules-2/files-2.1/io.github.classgraph/classgraph/4.8.189/41ccda0596fd4431ce9feac34458143294448139/classgraph-4.8.189.jar:/home/ian/.gradle/caches/modules-2/files-2.1/org.joml/joml/1.10.7/f8c3f2e7db281bde099342dd36133de4bbba390c/joml-1.10.7.jar:/home/ian/.gradle/caches/modules-2/files-2.1/org.tinylog/tinylog-impl/2.7.0/46a5d4d50d3302460a5143e51befdb7245ccba5d/tinylog-impl-2.7.0.jar:/home/ian/.gradle/caches/modules-2/files-2.1/org.tinylog/tinylog-api/2.7.0/17875aa7c4acfee6a9e9a83a5d1469cc0411be40/tinylog-api-2.7.0.jar:/home/ian/.gradle/caches/modules-2/files-2.1/org.javassist/javassist/3.28.0-GA/9a958811a88381bb159cc2f5ed79c34a45c4af7a/javassist-3.28.0-GA.jar:/home/ian/.gradle/caches/modules-2/files-2.1/com.google.code.findbugs/jsr305/3.0.2/25ea2e8b0c338a877313bd4672d3fe056ea78f0d/jsr305-3.0.2.jar:/home/ian/.gradle/caches/modules-2/files-2.1/org.slf4j/slf4j-api/1.7.32/cdcff33940d9f2de763bc41ea05a0be5941176c3/slf4j-api-1.7.32.jar:/home/ian/.gradle/caches/modules-2/files-2.1/org.jetbrains.kotlin/kotlin-stdlib-jdk8/1.8.20/73576ddf378c5b4f1f6b449fe6b119b8183fc078/kotlin-stdlib-jdk8-1.8.20.jar:/home/ian/.gradle/caches/modules-2/files-2.1/io.github.spair/imgui-java-binding/1.87.0/d4aaefccf68831f6ba75823b945ba1400278e3e7/imgui-java-binding-1.87.0.jar:/home/ian/.gradle/caches/modules-2/files-2.1/org.jetbrains.kotlin/kotlin-stdlib-jdk7/1.8.20/3aa51faf20aae8b31e1a4bc54f8370673d7b7df4/kotlin-stdlib-jdk7-1.8.20.jar:/home/ian/.gradle/caches/modules-2/files-2.1/org.jetbrains.kotlin/kotlin-stdlib/1.8.20/e72fc5e03ec6c064c678a6bd0d955c88d55b0c4a/kotlin-stdlib-1.8.20.jar:/home/ian/.gradle/caches/modules-2/files-2.1/org.jetbrains.kotlin/kotlin-stdlib-common/1.8.20/5eddaaf234c8c49d03eebeb6a14feb7f90faca71/kotlin-stdlib-common-1.8.20.jar:/home/ian/.gradle/caches/modules-2/files-2.1/org.jetbrains/annotations/13.0/919f0dfe192fb4e063e7dacadee7f8bb9a2672a9/annotations-13.0.jar
Launcher Type: SUN_STANDARD

[Global flags]
     intx CICompilerCount                          = 12                                        {product} {ergonomic}
     uint ConcGCThreads                            = 5                                         {product} {ergonomic}
     uint G1ConcRefinementThreads                  = 18                                        {product} {ergonomic}
   size_t G1HeapRegionSize                         = 8388608                                   {product} {ergonomic}
    uintx GCDrainStackTargetSize                   = 64                                        {product} {ergonomic}
   size_t InitialHeapSize                          = 1056964608                                {product} {ergonomic}
   size_t MarkStackSize                            = 4194304                                   {product} {ergonomic}
   size_t MaxHeapSize                              = 16793993216                               {product} {ergonomic}
   size_t MaxNewSize                               = 10074718208                               {product} {ergonomic}
   size_t MinHeapDeltaBytes                        = 8388608                                   {product} {ergonomic}
   size_t MinHeapSize                              = 8388608                                   {product} {ergonomic}
    uintx NonNMethodCodeHeapSize                   = 7602480                                {pd product} {ergonomic}
    uintx NonProfiledCodeHeapSize                  = 122027880                              {pd product} {ergonomic}
    uintx ProfiledCodeHeapSize                     = 122027880                              {pd product} {ergonomic}
    uintx ReservedCodeCacheSize                    = 251658240                              {pd product} {ergonomic}
     bool SegmentedCodeCache                       = true                                      {product} {ergonomic}
   size_t SoftMaxHeapSize                          = 16793993216                            {manageable} {ergonomic}
     bool UseCompressedOops                        = true                           {product lp64_product} {ergonomic}
     bool UseG1GC                                  = true                                      {product} {ergonomic}

Logging:
Log output configuration:
 #0: stdout all=warning uptime,level,tags foldmultilines=false
 #1: stderr all=off uptime,level,tags foldmultilines=false

Release file:
IMPLEMENTOR="Amazon.com Inc."
IMPLEMENTOR_VERSION="Corretto-21.0.9.11.1"
JAVA_RUNTIME_VERSION="21.0.9+11-LTS"
JAVA_VERSION="21.0.9"
JAVA_VERSION_DATE="2025-10-21"
LIBC="gnu"
MODULES="java.base java.compiler java.datatransfer java.xml java.prefs java.desktop java.instrument java.logging java.management java.security.sasl java.naming java.rmi java.management.rmi java.net.http java.scripting java.security.jgss java.transaction.xa java.sql java.sql.rowset java.xml.crypto java.se java.smartcardio jdk.accessibility jdk.internal.jvmstat jdk.attach jdk.charsets jdk.internal.opt jdk.zipfs jdk.compiler jdk.crypto.ec jdk.crypto.cryptoki jdk.dynalink jdk.internal.ed jdk.editpad jdk.hotspot.agent jdk.httpserver jdk.incubator.vector jdk.internal.le jdk.internal.vm.ci jdk.internal.vm.compiler jdk.internal.vm.compiler.management jdk.jartool jdk.javadoc jdk.jcmd jdk.management jdk.management.agent jdk.jconsole jdk.jdeps jdk.jdwp.agent jdk.jdi jdk.jfr jdk.jlink jdk.jpackage jdk.jshell jdk.jsobject jdk.jstatd jdk.localedata jdk.management.jfr jdk.naming.dns jdk.naming.rmi jdk.net jdk.nio.mapmode jdk.random jdk.sctp jdk.security.auth jdk.security.jgss jdk.unsupported jdk.unsupported.desktop jdk.xml.dom"
OS_ARCH="x86_64"
OS_NAME="Linux"
SOURCE=".:git:b9ba2fcc52e6+"

Environment Variables:
PATH=/usr/local/sbin:/usr/local/bin:/usr/bin:/var/lib/flatpak/exports/bin:/usr/lib/jvm/default/bin:/usr/bin/site_perl:/usr/bin/vendor_perl:/usr/bin/core_perl
SHELL=/usr/bin/bash
DISPLAY=:1
LANG=en_US.UTF-8

Active Locale:
LC_ALL=en_US.UTF-8
LC_COLLATE=en_US.UTF-8
LC_CTYPE=en_US.UTF-8
LC_MESSAGES=en_US.UTF-8
LC_MONETARY=en_US.UTF-8
LC_NUMERIC=en_US.UTF-8
LC_TIME=en_US.UTF-8

Signal Handlers:
   SIGSEGV: crash_handler in libjvm.so, mask=11100100010111111101111111111110, flags=SA_RESTART|SA_SIGINFO, unblocked
    SIGBUS: crash_handler in libjvm.so, mask=11100100010111111101111111111110, flags=SA_RESTART|SA_SIGINFO, unblocked
    SIGFPE: crash_handler in libjvm.so, mask=11100100010111111101111111111110, flags=SA_RESTART|SA_SIGINFO, unblocked
   SIGPIPE: javaSignalHandler in libjvm.so, mask=11100100010111111101111111111110, flags=SA_RESTART|SA_SIGINFO, blocked
   SIGXFSZ: javaSignalHandler in libjvm.so, mask=11100100010111111101111111111110, flags=SA_RESTART|SA_SIGINFO, blocked
    SIGILL: crash_handler in libjvm.so, mask=11100100010111111101111111111110, flags=SA_RESTART|SA_SIGINFO, unblocked
   SIGUSR2: SR_handler in libjvm.so, mask=00000000000000000000000000000000, flags=SA_RESTART|SA_SIGINFO, blocked
    SIGHUP: UserHandler in libjvm.so, mask=11100100010111111101111111111110, flags=SA_RESTART|SA_SIGINFO, blocked
    SIGINT: UserHandler in libjvm.so, mask=11100100010111111101111111111110, flags=SA_RESTART|SA_SIGINFO, blocked
   SIGTERM: UserHandler in libjvm.so, mask=11100100010111111101111111111110, flags=SA_RESTART|SA_SIGINFO, blocked
   SIGQUIT: UserHandler in libjvm.so, mask=11100100010111111101111111111110, flags=SA_RESTART|SA_SIGINFO, blocked
   SIGTRAP: crash_handler in libjvm.so, mask=11100100010111111101111111111110, flags=SA_RESTART|SA_SIGINFO, unblocked


Periodic native trim disabled

---------------  S Y S T E M  ---------------

OS:
DISTRIB_ID="Arch"
DISTRIB_RELEASE="rolling"
DISTRIB_DESCRIPTION="Arch Linux"
uname: Linux 7.1.8-arch1-3 #1 SMP PREEMPT_DYNAMIC Tue, 11 Aug 2026 09:16:08 +0000 x86_64
OS uptime: 0 days 10:15 hours
libc: glibc 2.44 NPTL 2.44 
rlimit (soft/hard): STACK 8192k/infinity , CORE infinity/infinity , NPROC 255612/255612 , NOFILE 524288/524288 , AS infinity/infinity , CPU infinity/infinity , DATA infinity/infinity , FSIZE infinity/infinity , MEMLOCK 8192k/8192k
load average: 3.17 3.29 3.30

/proc/meminfo:
MemTotal:       65592528 kB
MemFree:        34770356 kB
MemAvailable:   47567100 kB
Buffers:         2183172 kB
Cached:          9889032 kB
SwapCached:            0 kB
Active:         17760964 kB
Inactive:        9607720 kB
Active(anon):   14325468 kB
Inactive(anon):        0 kB
Active(file):    3435496 kB
Inactive(file):  9607720 kB
Unevictable:       24252 kB
Mlocked:            2156 kB
SwapTotal:      32797692 kB
SwapFree:       32797692 kB
Zswap:                 0 kB
Zswapped:              0 kB
Dirty:             27972 kB
Writeback:             0 kB
AnonPages:      14925628 kB
Mapped:          4346044 kB
Shmem:            763844 kB
KReclaimable:     486864 kB
Slab:             932728 kB
SReclaimable:     486864 kB
SUnreclaim:       445864 kB
KernelStack:       49040 kB
PageTables:       126028 kB
SecPageTables:         0 kB
NFS_Unstable:          0 kB
Bounce:                0 kB
WritebackTmp:          0 kB
CommitLimit:    65593956 kB
Committed_AS:   38603756 kB
VmallocTotal:   34359738367 kB
VmallocUsed:      335496 kB
VmallocChunk:          0 kB
Percpu:            17856 kB
HardwareCorrupted:     0 kB
AnonHugePages:   6064128 kB
ShmemHugePages:    18432 kB
ShmemPmdMapped:        0 kB
FileHugePages:   1884160 kB
FilePmdMapped:   1228800 kB
CmaTotal:              0 kB
CmaFree:               0 kB
Unaccepted:            0 kB
Balloon:               0 kB
GPUActive:             0 kB
GPUReclaim:            0 kB
HugePages_Total:       0
HugePages_Free:        0
HugePages_Rsvd:        0
HugePages_Surp:        0
Hugepagesize:       2048 kB
Hugetlb:               0 kB
DirectMap4k:     3972876 kB
DirectMap2M:    31436800 kB
DirectMap1G:    31457280 kB

/sys/kernel/mm/transparent_hugepage/enabled: [always] madvise never
/sys/kernel/mm/transparent_hugepage/hpage_pmd_size: 2097152
/sys/kernel/mm/transparent_hugepage/defrag (defrag/compaction efforts parameter): always defer defer+madvise [madvise] never

Process Memory:
Virtual Size: 20969788K (peak: 21069820K)
Resident Set Size: 801108K (peak: 801108K) (anon: 244624K, file: 545988K, shmem: 10496K)
Swapped out: 0K
C-Heap outstanding allocations: 480359K, retained: 54715K
glibc malloc tunables: (default)

/proc/sys/kernel/threads-max (system-wide limit on the number of threads): 511224
/proc/sys/vm/max_map_count (maximum number of memory map areas a process may have): 1048576
/proc/sys/vm/swappiness (control to define how aggressively the kernel swaps out anonymous memory): 60
/proc/sys/kernel/pid_max (system-wide limit on number of process identifiers): 4194304

container information not found.
Steal ticks since vm start: 0
Steal ticks percentage since vm start:  0.000

CPU: total 24 (initial active 24) (12 cores per cpu, 2 threads per core) family 6 model 151 stepping 2 microcode 0x3e, cx8, cmov, fxsr, ht, mmx, 3dnowpref, sse, sse2, sse3, ssse3, sse4.1, sse4.2, popcnt, lzcnt, tsc, tscinvbit, avx, avx2, aes, erms, clmul, bmi1, bmi2, adx, sha, fma, vzeroupper, clflush, clflushopt, clwb, serialize, rdtscp, rdpid, fsrm, f16c, pku, ospke, cet_ibt, cet_ss
CPU Model and flags from /proc/cpuinfo:
model name	: 12th Gen Intel(R) Core(TM) i9-12900K
flags		: fpu vme de pse tsc msr pae mce cx8 apic sep mtrr pge mca cmov pat pse36 clflush dts acpi mmx fxsr sse sse2 ss ht tm pbe syscall nx pdpe1gb rdtscp lm constant_tsc art arch_perfmon pebs bts rep_good nopl xtopology nonstop_tsc cpuid aperfmperf tsc_known_freq pni pclmulqdq dtes64 monitor ds_cpl vmx smx est tm2 ssse3 sdbg fma cx16 xtpr pdcm pcid sse4_1 sse4_2 x2apic movbe popcnt tsc_deadline_timer aes xsave avx f16c rdrand lahf_lm abm 3dnowprefetch cpuid_fault ssbd ibrs ibpb stibp ibrs_enhanced tpr_shadow flexpriority ept vpid ept_ad fsgsbase tsc_adjust bmi1 avx2 smep bmi2 erms invpcid rdseed adx smap clflushopt clwb intel_pt sha_ni xsaveopt xsavec xgetbv1 xsaves split_lock_detect user_shstk avx_vnni dtherm ida arat pln pts hwp hwp_notify hwp_act_window hwp_epp hwp_pkg_req hfi vnmi umip pku ospke waitpkg gfni vaes vpclmulqdq rdpid movdiri movdir64b fsrm md_clear serialize pconfig arch_lbr ibt flush_l1d arch_capabilities

Online cpus: 0-23
Offline cpus: 
BIOS frequency limitation: <Not Available>
Frequency switch latency (ns): 0
Available cpu frequencies: <Not Available>
Current governor: powersave
Core performance/turbo boost: <Not Available>

Memory: 4k page, physical 65592528k(47567100k free), swap 32797692k(32797692k free)
Page Sizes: 4k

vm_info: OpenJDK 64-Bit Server VM (21.0.9+11-LTS) for linux-amd64 JRE (21.0.9+11-LTS), built on 2025-10-31T19:29:38Z by "jenkins" with gcc 7.3.1 20180303 (Red Hat 7.3.1-5)

END.
