#
# A fatal error has been detected by the Java Runtime Environment:
#
#  SIGBUS (0x7) at pc=0x00007f6854f8eb06, pid=80847, tid=80848
#
# JRE version: OpenJDK Runtime Environment Corretto-21.0.9.11.1 (21.0.9+11) (build 21.0.9+11-LTS)
# Java VM: OpenJDK 64-Bit Server VM Corretto-21.0.9.11.1 (21.0.9+11-LTS, mixed mode, sharing, tiered, compressed oops, compressed class ptrs, g1 gc, linux-amd64)
# Problematic frame:
# C  [libnvidia-glcore.so.610.57.04+0x78eb06]
#
# Core dump will be written. Default location: Core dumps may be processed with "/usr/lib/systemd/systemd-coredump %P %u %g %s %t %c %h %d %F %I" (or dumping to /mnt/Alpha/Users/Ian/Documents/Relic/core.80847)
#
# If you would like to submit a bug report, please visit:
#   https://github.com/corretto/corretto-21/issues/
# The crash happened outside the Java Virtual Machine in native code.
# See problematic frame for where to report the bug.
#

---------------  S U M M A R Y ------------

Command Line: -Dfile.encoding=UTF-8 -Duser.country=US -Duser.language=en -Duser.variant net.ice.relic.common.test.VulkanTest

Host: 12th Gen Intel(R) Core(TM) i9-12900K, 24 cores, 62G, Arch Linux
Time: Wed Aug 19 17:45:50 2026 EDT elapsed time: 2.368860 seconds (0d 0h 0m 2s)

---------------  T H R E A D  ---------------

Current thread (0x00007f68e402ce80):  JavaThread "main"             [_thread_in_native, id=80848, stack(0x00007f68ecd00000,0x00007f68ece00000) (1024K)]

Stack: [0x00007f68ecd00000,0x00007f68ece00000],  sp=0x00007f68ecdfe410,  free space=1017k
Native frames: (J=compiled Java code, j=interpreted, Vv=VM code, C=native code)
C  [libnvidia-glcore.so.610.57.04+0x78eb06]
Java frames: (J=compiled Java code, j=interpreted, Vv=VM code)
j  org.lwjgl.opengl.GL45C.nglCreateTextures(IIJ)V+0
j  org.lwjgl.opengl.GL45C.glCreateTextures(I)I+21
j  org.lwjgl.opengl.GL45.glCreateTextures(I)I+1
j  net.ice.curio.library.opengl.object.resource.GLTexture.<init>(Lnet/ice/curio/library/opengl/object/resource/GLTexture$TextureFormat;Lnet/ice/curio/library/stb/Bitmap;)V+10
j  net.ice.relic.core.rendering.backend.opengl.renderers.GLGuiRenderer.buildFontAtlas()V+82
j  net.ice.relic.core.rendering.backend.opengl.renderers.GLGuiRenderer.onResize(II)V+13
j  net.ice.relic.core.rendering.backend.opengl.GLRenderer.resize(II)V+32
j  net.ice.relic.application.RelicApplication.loop()V+69
j  net.ice.relic.application.RelicApplication.run()V+5
j  net.ice.relic.common.test.VulkanTest.main([Ljava/lang/String;)V+8
v  ~StubRoutines::call_stub 0x00007f68d3c5fcc6

siginfo: si_signo: 7 (SIGBUS), si_code: 128 (SI_KERNEL), si_addr: 0x0000000000000000

Registers:
RAX=0x00007f68e4f38e80, RBX=0x0000000000000001, RCX=0x00007f68e4000f30, RDX=0x0000000000000001
RSP=0x00007f68ecdfe410, RBP=0x00ffffff00ffffff, RSI=0x00007f68e5cee750, RDI=0x00007f68e42f8c40
R8 =0x00007f68e447ee6c, R9 =0x00000004501d8a08, R10=0x00007f68d3c6b991, R11=0x00000004530f92d0
R12=0x0000000000000000, R13=0x00000000ffffffff, R14=0x00007f68e5cee750, R15=0x00007f68e402ce80
RIP=0x00007f6854f8eb06, EFLAGS=0x0000000000010206, CSGSFS=0x002b000000000033, ERR=0x0000000000000000
  TRAPNO=0x000000000000000c

XMM[0]=0x0000000000000000 0x0000000000000000
XMM[1]=0x00ffffff00ffffff 0x00ffffff00ffffff
XMM[2]=0x00ffffff00ffffff 0x00ffffff00ffffff
XMM[3]=0x00ffffff00ffffff 0x00ffffff00ffffff
XMM[4]=0x00ffffff00ffffff 0x00ffffff00ffffff
XMM[5]=0x00ffffff00ffffff 0x00ffffff00ffffff
XMM[6]=0x00ffffff00ffffff 0x00ffffff00ffffff
XMM[7]=0x00ffffff00ffffff 0x00ffffff00ffffff
XMM[8]=0x00ffffff00ffffff 0x00ffffff00ffffff
XMM[9]=0x0000000000000000 0x0000000000000000
XMM[10]=0x0000000000000000 0x000000003e400000
XMM[11]=0x0000000000000000 0x00000000bfa2e4e0
XMM[12]=0x0000000000000000 0x0000000041bf5328
XMM[13]=0x0000000000000000 0x0000000042f40000
XMM[14]=0x0000000000000000 0x00000000433f0000
XMM[15]=0x0000000000000000 0x0000000000000000
  MXCSR=0x00001fa2


Register to memory mapping:

RAX=0x00007f68e4f38e80 points into unknown readable memory: 0x00ffffff00ffffff | ff ff ff 00 ff ff ff 00
RBX=0x0000000000000001 is an unknown value
RCX=0x00007f68e4000f30 points into unknown readable memory: 0x000d00080010000e | 0e 00 10 00 08 00 0d 00
RDX=0x0000000000000001 is an unknown value
RSP=0x00007f68ecdfe410 is pointing into the stack for thread: 0x00007f68e402ce80
RBP=0x00ffffff00ffffff is an unknown value
RSI=0x00007f68e5cee750 points into unknown readable memory: 0x0000000000000000 | 00 00 00 00 00 00 00 00
RDI=0x00007f68e42f8c40 points into unknown readable memory: 0x00007f68e4f38e80 | 80 8e f3 e4 68 7f 00 00
R8 =0x00007f68e447ee6c points into unknown readable memory: 00 00 00 00
R9 =0x00000004501d8a08 is an oop: net.ice.curio.library.stb.Bitmap 
{0x00000004501d8a08} - klass: 'net/ice/curio/library/stb/Bitmap'
 - ---- fields (total size 4 words):
 - private final 'width' 'I' @12  512 (0x00000200)
 - private final 'height' 'I' @16  64 (0x00000040)
 - private final 'channels' 'I' @20  4 (0x00000004)
 - private final 'data' 'Ljava/nio/ByteBuffer;' @24  a 'java/nio/DirectByteBuffer'{0x00000004530e4f10} (0x8a61c9e2)
 - private final 'resource' 'Lnet/ice/heirloom/io/resource/Resource;' @28  a 'net/ice/heirloom/io/resource/Resource'{0x000000041721ab10} (0x82e43562)
R10=0x00007f68d3c6b991 is at code_begin+1009 in an Interpreter codelet
native method entry point (kind = native)  [0x00007f68d3c6b5a0, 0x00007f68d3c6c010]  2672 bytes
R11=0x00000004530f92d0 is an oop: java.lang.Class 
{0x00000004530f92d0} - klass: 'java/lang/Class'
 - ---- fields (total size 25 words):
 - private volatile transient 'classRedefinedCount' 'I' @12  0 (0x00000000)
 - injected 'klass' 'J' @16  140086197985928 (0x00007f685c11a288)
 - injected 'array_klass' 'J' @24  0 (0x0000000000000000)
 - injected 'oop_size' 'I' @32  25 (0x00000019)
 - injected 'static_oop_field_count' 'I' @36  0 (0x00000000)
 - private volatile transient 'cachedConstructor' 'Ljava/lang/reflect/Constructor;' @40  null (0x00000000)
 - private transient 'name' 'Ljava/lang/String;' @44  "org.lwjgl.opengl.GL45C"{0x00000004530f9398} (0x8a61f273)
 - private transient 'module' 'Ljava/lang/Module;' @48  a 'java/lang/Module'{0x00000007ff8ed138} (0xfff1da27)
 - private final 'classLoader' 'Ljava/lang/ClassLoader;' @52  a 'jdk/internal/loader/ClassLoaders$AppClassLoader'{0x00000007ff8ed0d0} (0xfff1da1a)
 - private transient 'classData' 'Ljava/lang/Object;' @56  null (0x00000000)
 - private transient 'packageName' 'Ljava/lang/String;' @60  "org.lwjgl.opengl"{0x000000045302c9d8} (0x8a60593b)
 - private final 'componentType' 'Ljava/lang/Class;' @64  null (0x00000000)
 - private volatile transient 'reflectionData' 'Ljava/lang/ref/SoftReference;' @68  null (0x00000000)
 - private volatile transient 'genericInfo' 'Lsun/reflect/generics/repository/ClassRepository;' @72  null (0x00000000)
 - private volatile transient 'enumConstants' '[Ljava/lang/Object;' @76  null (0x00000000)
 - private volatile transient 'enumConstantDirectory' 'Ljava/util/Map;' @80  null (0x00000000)
 - private volatile transient 'annotationData' 'Ljava/lang/Class$AnnotationData;' @84  null (0x00000000)
 - private volatile transient 'annotationType' 'Lsun/reflect/annotation/AnnotationType;' @88  null (0x00000000)
 - transient 'classValueMap' 'Ljava/lang/ClassValue$ClassValueMap;' @92  null (0x00000000)
 - injected 'protection_domain' 'Ljava/lang/Object;' @96  a 'java/security/ProtectionDomain'{0x000000045302c668} (0x8a6058cd)
 - injected 'signers_name' 'Ljava/lang/Object;' @100  null (0x00000000)
 - injected 'source_file' 'Ljava/lang/Object;' @104  null (0x00000000)
 - injected '<init_lock>' 'Ljava/lang/Object;' @108  null (0x00000000)
 - signature: Lorg/lwjgl/opengl/GL45C;
 - ---- static fields (0):
 - public static final 'GL_NEGATIVE_ONE_TO_ONE' 'I' @112  37726 (0x0000935e)
 - public static final 'GL_ZERO_TO_ONE' 'I' @116  37727 (0x0000935f)
 - public static final 'GL_CLIP_ORIGIN' 'I' @120  37724 (0x0000935c)
 - public static final 'GL_CLIP_DEPTH_MODE' 'I' @124  37725 (0x0000935d)
 - public static final 'GL_QUERY_WAIT_INVERTED' 'I' @128  36375 (0x00008e17)
 - public static final 'GL_QUERY_NO_WAIT_INVERTED' 'I' @132  36376 (0x00008e18)
 - public static final 'GL_QUERY_BY_REGION_WAIT_INVERTED' 'I' @136  36377 (0x00008e19)
 - public static final 'GL_QUERY_BY_REGION_NO_WAIT_INVERTED' 'I' @140  36378 (0x00008e1a)
 - public static final 'GL_MAX_CULL_DISTANCES' 'I' @144  33529 (0x000082f9)
 - public static final 'GL_MAX_COMBINED_CLIP_AND_CULL_DISTANCES' 'I' @148  33530 (0x000082fa)
 - public static final 'GL_TEXTURE_TARGET' 'I' @152  4102 (0x00001006)
 - public static final 'GL_QUERY_TARGET' 'I' @156  33514 (0x000082ea)
 - public static final 'GL_CONTEXT_RELEASE_BEHAVIOR' 'I' @160  33531 (0x000082fb)
 - public static final 'GL_CONTEXT_RELEASE_BEHAVIOR_FLUSH' 'I' @164  33532 (0x000082fc)
 - public static final 'GL_GUILTY_CONTEXT_RESET' 'I' @168  33363 (0x00008253)
 - public static final 'GL_INNOCENT_CONTEXT_RESET' 'I' @172  33364 (0x00008254)
 - public static final 'GL_UNKNOWN_CONTEXT_RESET' 'I' @176  33365 (0x00008255)
 - public static final 'GL_RESET_NOTIFICATION_STRATEGY' 'I' @180  33366 (0x00008256)
 - public static final 'GL_LOSE_CONTEXT_ON_RESET' 'I' @184  33362 (0x00008252)
 - public static final 'GL_NO_RESET_NOTIFICATION' 'I' @188  33377 (0x00008261)
 - public static final 'GL_CONTEXT_FLAG_ROBUST_ACCESS_BIT' 'I' @192  4 (0x00000004)
 - public static final 'GL_CONTEXT_LOST' 'I' @196  1287 (0x00000507)
R12=0x0 is null
R13=0x00000000ffffffff is an unknown value
R14=0x00007f68e5cee750 points into unknown readable memory: 0x0000000000000000 | 00 00 00 00 00 00 00 00
R15=0x00007f68e402ce80 is a thread

Top of Stack: (sp=0x00007f68ecdfe410)
0x00007f68ecdfe410:   00000004530fb458 00007f68e42f8c40
0x00007f68ecdfe420:   00007f6856fdc2c0 0000000000000001
0x00007f68ecdfe430:   0000000000000001 00007f68e42f8c40
0x00007f68ecdfe440:   0000000000000001 00000000412f3000
0x00007f68ecdfe450:   00007f68e402ce80 00007f6855823af2
0x00007f68ecdfe460:   00007f68579b7308 0000000000000001
0x00007f68ecdfe470:   0000000000000001 00007f68e447ee6c
0x00007f68ecdfe480:   00000000412f3000 00007f6854ff0257
0x00007f68ecdfe490:   00007f68ecdfe4f0 00007f68579b7308
0x00007f68ecdfe4a0:   00007f68ecdfe538 0000000000000000
0x00007f68ecdfe4b0:   00007f68579b7308 00007f68ecdfe570
0x00007f68ecdfe4c0:   00007f68e402ce80 00007f68d3c6b9c0
0x00007f68ecdfe4d0:   00007f68ecdfe540 00007f68d3c672f2
0x00007f68ecdfe4e0:   0000000000000001 00007f68e447ee6c
0x00007f68ecdfe4f0:   00007f68ecdfe4f0 0000000000000000
0x00007f68ecdfe500:   0000000000000007 00007f68579d0dd0
0x00007f68ecdfe510:   0000000000000000 00000004530f92d0
0x00007f68ecdfe520:   00007f68579b7308 0000000000000000
0x00007f68ecdfe530:   00007f68ecdfe558 00007f68ecdfe5c0
0x00007f68ecdfe540:   00007f68d3c67180 00000004530f92d0
0x00007f68ecdfe550:   00007f68d3c68fd7 00007f68e447ee6c
0x00007f68ecdfe560:   0000000000000000 0000000000000001
0x00007f68ecdfe570:   0000000000000de1 00007f68ecdfe578
0x00007f68ecdfe580:   00007f68579b74a5 0000000000000007
0x00007f68ecdfe590:   00007f68579d0dd0 0000000000000000
0x00007f68ecdfe5a0:   00000004530f92d0 00007f68579b7528
0x00007f68ecdfe5b0:   00007f68ecdfe558 00007f68ecdfe5f8
0x00007f68ecdfe5c0:   00007f68ecdfe648 00007f68d3c672a8
0x00007f68ecdfe5d0:   0000000000000000 0000000000000000
0x00007f68ecdfe5e0:   00000004501d8a28 0000000000010000
0x00007f68ecdfe5f0:   000000041706b570 0000000000000de1
0x00007f68ecdfe600:   00007f68ecdfe600 00007f6857913a99 

Instructions: (pc=0x00007f6854f8eb06)
0x00007f6854f8ea06:   83 c4 08 5b 5d 41 5c 41 5d c3 41 c7 45 1c 03 00
0x00007f6854f8ea16:   00 00 48 83 c4 08 b8 01 00 00 00 5b 5d 41 5c 41
0x00007f6854f8ea26:   5d c3 0f 1f 84 00 00 00 00 00 41 57 41 56 49 89
0x00007f6854f8ea36:   f6 41 55 41 54 55 53 48 83 ec 18 48 8b 07 44 8b
0x00007f6854f8ea46:   67 08 48 89 7c 24 08 48 85 c0 0f 84 2a 02 00 00
0x00007f6854f8ea56:   45 85 e4 0f 8e 61 02 00 00 8b 4e 0c 31 d2 eb 16
0x00007f6854f8ea66:   66 2e 0f 1f 84 00 00 00 00 00 48 8b 40 10 83 c2
0x00007f6854f8ea76:   01 41 39 d4 74 2c 39 48 08 73 ef 39 48 0c 0f 83
0x00007f6854f8ea86:   be 00 00 00 48 8b 70 20 48 85 f6 0f 84 b1 00 00
0x00007f6854f8ea96:   00 83 c2 01 48 89 f0 41 39 d4 75 da 66 0f 1f 44
0x00007f6854f8eaa6:   00 00 45 8d 6c 24 ff 48 8b 28 48 85 ed 75 51 e9
0x00007f6854f8eab6:   97 00 00 00 66 0f 1f 44 00 00 48 c7 03 00 00 00
0x00007f6854f8eac6:   00 44 89 e9 45 89 e0 4c 89 f2 48 c7 43 20 00 00
0x00007f6854f8ead6:   00 00 48 89 de 48 89 ef 41 83 ed 01 48 c7 43 18
0x00007f6854f8eae6:   00 00 00 00 48 c7 43 10 00 00 00 00 e8 f9 67 ff
0x00007f6854f8eaf6:   ff 48 8b 45 00 48 85 c0 74 60 48 89 c5 49 89 de
0x00007f6854f8eb06:   48 83 7d 20 00 0f 84 07 01 00 00 4c 8d 3d a8 e7
0x00007f6854f8eb16:   04 02 bf 28 00 00 00 41 ff 17 48 89 c3 48 85 c0
0x00007f6854f8eb26:   75 98 48 8b 7c 24 08 8b 47 18 89 44 24 04 83 e8
0x00007f6854f8eb36:   01 89 47 18 48 8b 5c c7 20 e9 7c ff ff ff 0f 1f
0x00007f6854f8eb46:   40 00 48 8b 40 18 e9 23 ff ff ff 4c 8d 3d 68 e7
0x00007f6854f8eb56:   04 02 48 89 c5 4c 89 f3 66 90 bf 28 00 00 00 41
0x00007f6854f8eb66:   ff 17 48 89 c1 48 85 c0 0f 84 2c 01 00 00 48 c7
0x00007f6854f8eb76:   41 20 00 00 00 00 48 c7 41 18 00 00 00 00 48 c7
0x00007f6854f8eb86:   41 10 00 00 00 00 48 c7 01 00 00 00 00 48 89 4d
0x00007f6854f8eb96:   00 48 89 0b 45 85 e4 0f 8e 94 00 00 00 48 89 e8
0x00007f6854f8eba6:   31 d2 eb 12 66 0f 1f 44 00 00 83 c2 01 41 39 d4
0x00007f6854f8ebb6:   0f 84 bc 00 00 00 48 89 c6 48 8b 40 20 48 85 c0
0x00007f6854f8ebc6:   75 e8 8b 7e 0c 48 83 7e 18 00 0f 44 7e 08 48 89
0x00007f6854f8ebd6:   d8 31 d2 eb 0d 0f 1f 44 00 00 83 c2 01 41 39 d4
0x00007f6854f8ebe6:   7e 58 48 89 c6 48 8b 40 20 48 85 c0 75 ec 48 83
0x00007f6854f8ebf6:   7e 18 00 74 75 8b 46 0c 39 c7 72 45 48 89 59 10 


Stack slot to memory mapping:

stack at sp + 0 slots: 0x00000004530fb458 is an oop: java.lang.Class 
{0x00000004530fb458} - klass: 'java/lang/Class'
 - ---- fields (total size 14 words):
 - private volatile transient 'classRedefinedCount' 'I' @12  0 (0x00000000)
 - injected 'klass' 'J' @16  140086197951504 (0x00007f685c111c10)
 - injected 'array_klass' 'J' @24  0 (0x0000000000000000)
 - injected 'oop_size' 'I' @32  14 (0x0000000e)
 - injected 'static_oop_field_count' 'I' @36  0 (0x00000000)
 - private volatile transient 'cachedConstructor' 'Ljava/lang/reflect/Constructor;' @40  null (0x00000000)
 - private transient 'name' 'Ljava/lang/String;' @44  "org.lwjgl.system.libc.LibCString"{0x00000004530fb4c8} (0x8a61f699)
 - private transient 'module' 'Ljava/lang/Module;' @48  a 'java/lang/Module'{0x00000007ff8ed138} (0xfff1da27)
 - private final 'classLoader' 'Ljava/lang/ClassLoader;' @52  a 'jdk/internal/loader/ClassLoaders$AppClassLoader'{0x00000007ff8ed0d0} (0xfff1da1a)
 - private transient 'classData' 'Ljava/lang/Object;' @56  null (0x00000000)
 - private transient 'packageName' 'Ljava/lang/String;' @60  "org.lwjgl.system.libc"{0x000000041701ca60} (0x82e0394c)
 - private final 'componentType' 'Ljava/lang/Class;' @64  null (0x00000000)
 - private volatile transient 'reflectionData' 'Ljava/lang/ref/SoftReference;' @68  null (0x00000000)
 - private volatile transient 'genericInfo' 'Lsun/reflect/generics/repository/ClassRepository;' @72  null (0x00000000)
 - private volatile transient 'enumConstants' '[Ljava/lang/Object;' @76  null (0x00000000)
 - private volatile transient 'enumConstantDirectory' 'Ljava/util/Map;' @80  null (0x00000000)
 - private volatile transient 'annotationData' 'Ljava/lang/Class$AnnotationData;' @84  null (0x00000000)
 - private volatile transient 'annotationType' 'Lsun/reflect/annotation/AnnotationType;' @88  null (0x00000000)
 - transient 'classValueMap' 'Ljava/lang/ClassValue$ClassValueMap;' @92  null (0x00000000)
 - injected 'protection_domain' 'Ljava/lang/Object;' @96  a 'java/security/ProtectionDomain'{0x0000000417002ec8} (0x82e005d9)
 - injected 'signers_name' 'Ljava/lang/Object;' @100  null (0x00000000)
 - injected 'source_file' 'Ljava/lang/Object;' @104  null (0x00000000)
 - injected '<init_lock>' 'Ljava/lang/Object;' @108  null (0x00000000)
 - signature: Lorg/lwjgl/system/libc/LibCString;
 - ---- static fields (0):
stack at sp + 1 slots: 0x00007f68e42f8c40 points into unknown readable memory: 0x00007f68e4f38e80 | 80 8e f3 e4 68 7f 00 00
stack at sp + 2 slots: 0x00007f6856fdc2c0: _nv015glcore+0x0000000000000000 in /usr/lib/libnvidia-glcore.so.610.57.04 at 0x00007f6854800000
stack at sp + 3 slots: 0x0000000000000001 is an unknown value
stack at sp + 4 slots: 0x0000000000000001 is an unknown value
stack at sp + 5 slots: 0x00007f68e42f8c40 points into unknown readable memory: 0x00007f68e4f38e80 | 80 8e f3 e4 68 7f 00 00
stack at sp + 6 slots: 0x0000000000000001 is an unknown value
stack at sp + 7 slots: 0x00000000412f3000 points into unknown readable memory: 0x00007f68e475d940 | 40 d9 75 e4 68 7f 00 00


---------------  P R O C E S S  ---------------

Threads class SMR info:
_java_thread_list=0x00007f689c0020c0, length=13, elements={
0x00007f68e402ce80, 0x00007f68e4162c40, 0x00007f68e41641a0, 0x00007f68e4165920,
0x00007f68e4166f50, 0x00007f68e41684e0, 0x00007f68e416a090, 0x00007f68e4173730,
0x00007f68e417fd70, 0x00007f68e4182ef0, 0x00007f683002c510, 0x00007f682c0a4550,
0x00007f68300ffe20
}

Java Threads: ( => current thread )
=>0x00007f68e402ce80 JavaThread "main"                              [_thread_in_native, id=80848, stack(0x00007f68ecd00000,0x00007f68ece00000) (1024K)]
  0x00007f68e4162c40 JavaThread "Reference Handler"          daemon [_thread_blocked, id=80856, stack(0x00007f68b8900000,0x00007f68b8a00000) (1024K)]
  0x00007f68e41641a0 JavaThread "Finalizer"                  daemon [_thread_blocked, id=80857, stack(0x00007f68b87ff000,0x00007f68b88ff000) (1024K)]
  0x00007f68e4165920 JavaThread "Signal Dispatcher"          daemon [_thread_blocked, id=80858, stack(0x00007f68b86fe000,0x00007f68b87fe000) (1024K)]
  0x00007f68e4166f50 JavaThread "Service Thread"             daemon [_thread_blocked, id=80859, stack(0x00007f68b85fd000,0x00007f68b86fd000) (1024K)]
  0x00007f68e41684e0 JavaThread "Monitor Deflation Thread"   daemon [_thread_blocked, id=80860, stack(0x00007f68b84fc000,0x00007f68b85fc000) (1024K)]
  0x00007f68e416a090 JavaThread "C2 CompilerThread0"         daemon [_thread_blocked, id=80861, stack(0x00007f68b83fb000,0x00007f68b84fb000) (1024K)]
  0x00007f68e4173730 JavaThread "C1 CompilerThread0"         daemon [_thread_blocked, id=80862, stack(0x00007f68b82fa000,0x00007f68b83fa000) (1024K)]
  0x00007f68e417fd70 JavaThread "Notification Thread"        daemon [_thread_blocked, id=80863, stack(0x00007f68b81f9000,0x00007f68b82f9000) (1024K)]
  0x00007f68e4182ef0 JavaThread "Common-Cleaner"             daemon [_thread_blocked, id=80864, stack(0x00007f68b80f8000,0x00007f68b81f8000) (1024K)]
  0x00007f683002c510 JavaThread "C1 CompilerThread1"         daemon [_thread_blocked, id=80865, stack(0x00007f68a9f00000,0x00007f68aa000000) (1024K)]
  0x00007f682c0a4550 JavaThread "C1 CompilerThread2"         daemon [_thread_blocked, id=80867, stack(0x00007f68a9700000,0x00007f68a9800000) (1024K)]
  0x00007f68300ffe20 JavaThread "C1 CompilerThread3"         daemon [_thread_blocked, id=80868, stack(0x00007f68a9300000,0x00007f68a9400000) (1024K)]
Total: 13

Other Threads:
  0x00007f68e4159b40 VMThread "VM Thread"                           [id=80855, stack(0x00007f68b8d2f000,0x00007f68b8e2f000) (1024K)]
  0x00007f68e41476e0 WatcherThread "VM Periodic Task Thread"        [id=80854, stack(0x00007f68b8e30000,0x00007f68b8f30000) (1024K)]
  0x00007f68e405ab30 WorkerThread "GC Thread#0"                     [id=80849, stack(0x00007f68e96f0000,0x00007f68e97f0000) (1024K)]
  0x00007f6850076bd0 WorkerThread "GC Thread#1"                     [id=80903, stack(0x00007f680a7f0000,0x00007f680a8f0000) (1024K)]
  0x00007f68500776c0 WorkerThread "GC Thread#2"                     [id=80904, stack(0x00007f680a6ef000,0x00007f680a7ef000) (1024K)]
  0x00007f68500781f0 WorkerThread "GC Thread#3"                     [id=80905, stack(0x00007f680a5ee000,0x00007f680a6ee000) (1024K)]
  0x00007f6850078d20 WorkerThread "GC Thread#4"                     [id=80906, stack(0x00007f680a4ed000,0x00007f680a5ed000) (1024K)]
  0x00007f6850079c40 WorkerThread "GC Thread#5"                     [id=80907, stack(0x00007f680a3ec000,0x00007f680a4ec000) (1024K)]
  0x00007f685007ab60 WorkerThread "GC Thread#6"                     [id=80908, stack(0x00007f680a2eb000,0x00007f680a3eb000) (1024K)]
  0x00007f685007ba80 WorkerThread "GC Thread#7"                     [id=80909, stack(0x00007f680a1ea000,0x00007f680a2ea000) (1024K)]
  0x00007f685007c9e0 WorkerThread "GC Thread#8"                     [id=80910, stack(0x00007f680a0e9000,0x00007f680a1e9000) (1024K)]
  0x00007f685007d550 WorkerThread "GC Thread#9"                     [id=80911, stack(0x00007f6809fe8000,0x00007f680a0e8000) (1024K)]
  0x00007f685007e0c0 WorkerThread "GC Thread#10"                    [id=80912, stack(0x00007f6809ee7000,0x00007f6809fe7000) (1024K)]
  0x00007f685007f020 WorkerThread "GC Thread#11"                    [id=80913, stack(0x00007f6809de6000,0x00007f6809ee6000) (1024K)]
  0x00007f685007ff80 WorkerThread "GC Thread#12"                    [id=80914, stack(0x00007f6809ce5000,0x00007f6809de5000) (1024K)]
  0x00007f6850080ee0 WorkerThread "GC Thread#13"                    [id=80915, stack(0x00007f6809be4000,0x00007f6809ce4000) (1024K)]
  0x00007f6850081e40 WorkerThread "GC Thread#14"                    [id=80916, stack(0x00007f6809ae3000,0x00007f6809be3000) (1024K)]
  0x00007f6850082dd0 WorkerThread "GC Thread#15"                    [id=80917, stack(0x00007f68099e2000,0x00007f6809ae2000) (1024K)]
  0x00007f6850083d60 WorkerThread "GC Thread#16"                    [id=80918, stack(0x00007f68098e1000,0x00007f68099e1000) (1024K)]
  0x00007f6850085170 WorkerThread "GC Thread#17"                    [id=80919, stack(0x00007f68097e0000,0x00007f68098e0000) (1024K)]
  0x00007f68e406bbd0 ConcurrentGCThread "G1 Main Marker"            [id=80850, stack(0x00007f68e95ef000,0x00007f68e96ef000) (1024K)]
  0x00007f68e406cba0 WorkerThread "G1 Conc#0"                       [id=80851, stack(0x00007f68e94ee000,0x00007f68e95ee000) (1024K)]
  0x00007f68e412ca50 ConcurrentGCThread "G1 Refine#0"               [id=80852, stack(0x00007f68e81db000,0x00007f68e82db000) (1024K)]
  0x00007f68e412da00 ConcurrentGCThread "G1 Service"                [id=80853, stack(0x00007f68e80da000,0x00007f68e81da000) (1024K)]
Total: 24

Threads with active compile tasks:
Total: 0

VM state: not at safepoint (normal execution)

VM Mutex/Monitor currently owned by a thread: None

Heap address: 0x0000000417000000, size: 16016 MB, Compressed Oops mode: Zero based, Oop shift amount: 3

CDS archive(s) mapped at: [0x00007f685b000000-0x00007f685bca0000-0x00007f685bca0000), size 13238272, SharedBaseAddress: 0x00007f685b000000, ArchiveRelocationMode: 1.
Compressed class space mapped at: 0x00007f685c000000-0x00007f689c000000, reserved size: 1073741824
Narrow klass base: 0x00007f685b000000, Narrow klass shift: 0, Narrow klass range: 0x100000000

GC Precious Log:
 CardTable entry size: 512
 Card Set container configuration: InlinePtr #cards 4 size 8 Array Of Cards #cards 64 size 144 Howl #buckets 8 coarsen threshold 14745 Howl Bitmap #cards 2048 size 272 coarsen threshold 1843 Card regions per heap region 1 cards per card region 16384
 CPUs: 24 total, 24 available
 Memory: 64055M
 Large Page Support: Disabled
 NUMA Support: Disabled
 Compressed Oops: Enabled (Zero based)
 Heap Region Size: 8M
 Heap Min Capacity: 8M
 Heap Initial Capacity: 1008M
 Heap Max Capacity: 16016M
 Pre-touch: Disabled
 Parallel Workers: 18
 Concurrent Workers: 5
 Concurrent Refinement Workers: 18
 Periodic GC: Disabled

Heap:
 garbage-first heap   total 1040384K, used 79926K [0x0000000417000000, 0x0000000800000000)
  region size 8192K, 12 young (98304K), 1 survivors (8192K)
 Metaspace       used 13907K, committed 14336K, reserved 1114112K
  class space    used 988K, committed 1216K, reserved 1048576K

Heap Regions: E=young(eden), S=young(survivor), O=old, HS=humongous(starts), HC=humongous(continues), CS=collection set, F=free, TAMS=top-at-mark-start, PB=parsable bottom
|   0|0x0000000417000000, 0x0000000417373fa8, 0x0000000417800000| 43%| O|  |TAMS 0x0000000417000000| PB 0x0000000417000000| Untracked 
|   1|0x0000000417800000, 0x0000000417800000, 0x0000000418000000|  0%| F|  |TAMS 0x0000000417800000| PB 0x0000000417800000| Untracked 
|   2|0x0000000418000000, 0x0000000418000000, 0x0000000418800000|  0%| F|  |TAMS 0x0000000418000000| PB 0x0000000418000000| Untracked 
|   3|0x0000000418800000, 0x0000000418800000, 0x0000000419000000|  0%| F|  |TAMS 0x0000000418800000| PB 0x0000000418800000| Untracked 
|   4|0x0000000419000000, 0x0000000419000000, 0x0000000419800000|  0%| F|  |TAMS 0x0000000419000000| PB 0x0000000419000000| Untracked 
|   5|0x0000000419800000, 0x0000000419800000, 0x000000041a000000|  0%| F|  |TAMS 0x0000000419800000| PB 0x0000000419800000| Untracked 
|   6|0x000000041a000000, 0x000000041a000000, 0x000000041a800000|  0%| F|  |TAMS 0x000000041a000000| PB 0x000000041a000000| Untracked 
|   7|0x000000041a800000, 0x000000041a800000, 0x000000041b000000|  0%| F|  |TAMS 0x000000041a800000| PB 0x000000041a800000| Untracked 
|   8|0x000000041b000000, 0x000000041b000000, 0x000000041b800000|  0%| F|  |TAMS 0x000000041b000000| PB 0x000000041b000000| Untracked 
|   9|0x000000041b800000, 0x000000041b800000, 0x000000041c000000|  0%| F|  |TAMS 0x000000041b800000| PB 0x000000041b800000| Untracked 
|  10|0x000000041c000000, 0x000000041c000000, 0x000000041c800000|  0%| F|  |TAMS 0x000000041c000000| PB 0x000000041c000000| Untracked 
|  11|0x000000041c800000, 0x000000041c800000, 0x000000041d000000|  0%| F|  |TAMS 0x000000041c800000| PB 0x000000041c800000| Untracked 
|  12|0x000000041d000000, 0x000000041d000000, 0x000000041d800000|  0%| F|  |TAMS 0x000000041d000000| PB 0x000000041d000000| Untracked 
|  13|0x000000041d800000, 0x000000041d800000, 0x000000041e000000|  0%| F|  |TAMS 0x000000041d800000| PB 0x000000041d800000| Untracked 
|  14|0x000000041e000000, 0x000000041e000000, 0x000000041e800000|  0%| F|  |TAMS 0x000000041e000000| PB 0x000000041e000000| Untracked 
|  15|0x000000041e800000, 0x000000041e800000, 0x000000041f000000|  0%| F|  |TAMS 0x000000041e800000| PB 0x000000041e800000| Untracked 
|  16|0x000000041f000000, 0x000000041f000000, 0x000000041f800000|  0%| F|  |TAMS 0x000000041f000000| PB 0x000000041f000000| Untracked 
|  17|0x000000041f800000, 0x000000041f800000, 0x0000000420000000|  0%| F|  |TAMS 0x000000041f800000| PB 0x000000041f800000| Untracked 
|  18|0x0000000420000000, 0x0000000420000000, 0x0000000420800000|  0%| F|  |TAMS 0x0000000420000000| PB 0x0000000420000000| Untracked 
|  19|0x0000000420800000, 0x0000000420800000, 0x0000000421000000|  0%| F|  |TAMS 0x0000000420800000| PB 0x0000000420800000| Untracked 
|  20|0x0000000421000000, 0x0000000421000000, 0x0000000421800000|  0%| F|  |TAMS 0x0000000421000000| PB 0x0000000421000000| Untracked 
|  21|0x0000000421800000, 0x0000000421800000, 0x0000000422000000|  0%| F|  |TAMS 0x0000000421800000| PB 0x0000000421800000| Untracked 
|  22|0x0000000422000000, 0x0000000422000000, 0x0000000422800000|  0%| F|  |TAMS 0x0000000422000000| PB 0x0000000422000000| Untracked 
|  23|0x0000000422800000, 0x0000000422800000, 0x0000000423000000|  0%| F|  |TAMS 0x0000000422800000| PB 0x0000000422800000| Untracked 
|  24|0x0000000423000000, 0x0000000423000000, 0x0000000423800000|  0%| F|  |TAMS 0x0000000423000000| PB 0x0000000423000000| Untracked 
|  25|0x0000000423800000, 0x0000000423800000, 0x0000000424000000|  0%| F|  |TAMS 0x0000000423800000| PB 0x0000000423800000| Untracked 
|  26|0x0000000424000000, 0x0000000424000000, 0x0000000424800000|  0%| F|  |TAMS 0x0000000424000000| PB 0x0000000424000000| Untracked 
|  27|0x0000000424800000, 0x0000000424800000, 0x0000000425000000|  0%| F|  |TAMS 0x0000000424800000| PB 0x0000000424800000| Untracked 
|  28|0x0000000425000000, 0x0000000425000000, 0x0000000425800000|  0%| F|  |TAMS 0x0000000425000000| PB 0x0000000425000000| Untracked 
|  29|0x0000000425800000, 0x0000000425800000, 0x0000000426000000|  0%| F|  |TAMS 0x0000000425800000| PB 0x0000000425800000| Untracked 
|  30|0x0000000426000000, 0x0000000426000000, 0x0000000426800000|  0%| F|  |TAMS 0x0000000426000000| PB 0x0000000426000000| Untracked 
|  31|0x0000000426800000, 0x0000000426800000, 0x0000000427000000|  0%| F|  |TAMS 0x0000000426800000| PB 0x0000000426800000| Untracked 
|  32|0x0000000427000000, 0x0000000427000000, 0x0000000427800000|  0%| F|  |TAMS 0x0000000427000000| PB 0x0000000427000000| Untracked 
|  33|0x0000000427800000, 0x0000000427800000, 0x0000000428000000|  0%| F|  |TAMS 0x0000000427800000| PB 0x0000000427800000| Untracked 
|  34|0x0000000428000000, 0x0000000428000000, 0x0000000428800000|  0%| F|  |TAMS 0x0000000428000000| PB 0x0000000428000000| Untracked 
|  35|0x0000000428800000, 0x0000000428800000, 0x0000000429000000|  0%| F|  |TAMS 0x0000000428800000| PB 0x0000000428800000| Untracked 
|  36|0x0000000429000000, 0x0000000429000000, 0x0000000429800000|  0%| F|  |TAMS 0x0000000429000000| PB 0x0000000429000000| Untracked 
|  37|0x0000000429800000, 0x0000000429800000, 0x000000042a000000|  0%| F|  |TAMS 0x0000000429800000| PB 0x0000000429800000| Untracked 
|  38|0x000000042a000000, 0x000000042a000000, 0x000000042a800000|  0%| F|  |TAMS 0x000000042a000000| PB 0x000000042a000000| Untracked 
|  39|0x000000042a800000, 0x000000042a800000, 0x000000042b000000|  0%| F|  |TAMS 0x000000042a800000| PB 0x000000042a800000| Untracked 
|  40|0x000000042b000000, 0x000000042b000000, 0x000000042b800000|  0%| F|  |TAMS 0x000000042b000000| PB 0x000000042b000000| Untracked 
|  41|0x000000042b800000, 0x000000042b800000, 0x000000042c000000|  0%| F|  |TAMS 0x000000042b800000| PB 0x000000042b800000| Untracked 
|  42|0x000000042c000000, 0x000000042c000000, 0x000000042c800000|  0%| F|  |TAMS 0x000000042c000000| PB 0x000000042c000000| Untracked 
|  43|0x000000042c800000, 0x000000042c800000, 0x000000042d000000|  0%| F|  |TAMS 0x000000042c800000| PB 0x000000042c800000| Untracked 
|  44|0x000000042d000000, 0x000000042d000000, 0x000000042d800000|  0%| F|  |TAMS 0x000000042d000000| PB 0x000000042d000000| Untracked 
|  45|0x000000042d800000, 0x000000042d800000, 0x000000042e000000|  0%| F|  |TAMS 0x000000042d800000| PB 0x000000042d800000| Untracked 
|  46|0x000000042e000000, 0x000000042e000000, 0x000000042e800000|  0%| F|  |TAMS 0x000000042e000000| PB 0x000000042e000000| Untracked 
|  47|0x000000042e800000, 0x000000042e800000, 0x000000042f000000|  0%| F|  |TAMS 0x000000042e800000| PB 0x000000042e800000| Untracked 
|  48|0x000000042f000000, 0x000000042f000000, 0x000000042f800000|  0%| F|  |TAMS 0x000000042f000000| PB 0x000000042f000000| Untracked 
|  49|0x000000042f800000, 0x000000042f800000, 0x0000000430000000|  0%| F|  |TAMS 0x000000042f800000| PB 0x000000042f800000| Untracked 
|  50|0x0000000430000000, 0x0000000430000000, 0x0000000430800000|  0%| F|  |TAMS 0x0000000430000000| PB 0x0000000430000000| Untracked 
|  51|0x0000000430800000, 0x0000000430800000, 0x0000000431000000|  0%| F|  |TAMS 0x0000000430800000| PB 0x0000000430800000| Untracked 
|  52|0x0000000431000000, 0x0000000431000000, 0x0000000431800000|  0%| F|  |TAMS 0x0000000431000000| PB 0x0000000431000000| Untracked 
|  53|0x0000000431800000, 0x0000000431800000, 0x0000000432000000|  0%| F|  |TAMS 0x0000000431800000| PB 0x0000000431800000| Untracked 
|  54|0x0000000432000000, 0x0000000432000000, 0x0000000432800000|  0%| F|  |TAMS 0x0000000432000000| PB 0x0000000432000000| Untracked 
|  55|0x0000000432800000, 0x0000000432800000, 0x0000000433000000|  0%| F|  |TAMS 0x0000000432800000| PB 0x0000000432800000| Untracked 
|  56|0x0000000433000000, 0x0000000433000000, 0x0000000433800000|  0%| F|  |TAMS 0x0000000433000000| PB 0x0000000433000000| Untracked 
|  57|0x0000000433800000, 0x0000000433800000, 0x0000000434000000|  0%| F|  |TAMS 0x0000000433800000| PB 0x0000000433800000| Untracked 
|  58|0x0000000434000000, 0x0000000434000000, 0x0000000434800000|  0%| F|  |TAMS 0x0000000434000000| PB 0x0000000434000000| Untracked 
|  59|0x0000000434800000, 0x0000000434800000, 0x0000000435000000|  0%| F|  |TAMS 0x0000000434800000| PB 0x0000000434800000| Untracked 
|  60|0x0000000435000000, 0x0000000435000000, 0x0000000435800000|  0%| F|  |TAMS 0x0000000435000000| PB 0x0000000435000000| Untracked 
|  61|0x0000000435800000, 0x0000000435800000, 0x0000000436000000|  0%| F|  |TAMS 0x0000000435800000| PB 0x0000000435800000| Untracked 
|  62|0x0000000436000000, 0x0000000436000000, 0x0000000436800000|  0%| F|  |TAMS 0x0000000436000000| PB 0x0000000436000000| Untracked 
|  63|0x0000000436800000, 0x0000000436800000, 0x0000000437000000|  0%| F|  |TAMS 0x0000000436800000| PB 0x0000000436800000| Untracked 
|  64|0x0000000437000000, 0x0000000437000000, 0x0000000437800000|  0%| F|  |TAMS 0x0000000437000000| PB 0x0000000437000000| Untracked 
|  65|0x0000000437800000, 0x0000000437800000, 0x0000000438000000|  0%| F|  |TAMS 0x0000000437800000| PB 0x0000000437800000| Untracked 
|  66|0x0000000438000000, 0x0000000438000000, 0x0000000438800000|  0%| F|  |TAMS 0x0000000438000000| PB 0x0000000438000000| Untracked 
|  67|0x0000000438800000, 0x0000000438800000, 0x0000000439000000|  0%| F|  |TAMS 0x0000000438800000| PB 0x0000000438800000| Untracked 
|  68|0x0000000439000000, 0x0000000439000000, 0x0000000439800000|  0%| F|  |TAMS 0x0000000439000000| PB 0x0000000439000000| Untracked 
|  69|0x0000000439800000, 0x0000000439800000, 0x000000043a000000|  0%| F|  |TAMS 0x0000000439800000| PB 0x0000000439800000| Untracked 
|  70|0x000000043a000000, 0x000000043a000000, 0x000000043a800000|  0%| F|  |TAMS 0x000000043a000000| PB 0x000000043a000000| Untracked 
|  71|0x000000043a800000, 0x000000043a800000, 0x000000043b000000|  0%| F|  |TAMS 0x000000043a800000| PB 0x000000043a800000| Untracked 
|  72|0x000000043b000000, 0x000000043b000000, 0x000000043b800000|  0%| F|  |TAMS 0x000000043b000000| PB 0x000000043b000000| Untracked 
|  73|0x000000043b800000, 0x000000043b800000, 0x000000043c000000|  0%| F|  |TAMS 0x000000043b800000| PB 0x000000043b800000| Untracked 
|  74|0x000000043c000000, 0x000000043c000000, 0x000000043c800000|  0%| F|  |TAMS 0x000000043c000000| PB 0x000000043c000000| Untracked 
|  75|0x000000043c800000, 0x000000043c800000, 0x000000043d000000|  0%| F|  |TAMS 0x000000043c800000| PB 0x000000043c800000| Untracked 
|  76|0x000000043d000000, 0x000000043d000000, 0x000000043d800000|  0%| F|  |TAMS 0x000000043d000000| PB 0x000000043d000000| Untracked 
|  77|0x000000043d800000, 0x000000043d800000, 0x000000043e000000|  0%| F|  |TAMS 0x000000043d800000| PB 0x000000043d800000| Untracked 
|  78|0x000000043e000000, 0x000000043e000000, 0x000000043e800000|  0%| F|  |TAMS 0x000000043e000000| PB 0x000000043e000000| Untracked 
|  79|0x000000043e800000, 0x000000043e800000, 0x000000043f000000|  0%| F|  |TAMS 0x000000043e800000| PB 0x000000043e800000| Untracked 
|  80|0x000000043f000000, 0x000000043f000000, 0x000000043f800000|  0%| F|  |TAMS 0x000000043f000000| PB 0x000000043f000000| Untracked 
|  81|0x000000043f800000, 0x000000043f800000, 0x0000000440000000|  0%| F|  |TAMS 0x000000043f800000| PB 0x000000043f800000| Untracked 
|  82|0x0000000440000000, 0x0000000440000000, 0x0000000440800000|  0%| F|  |TAMS 0x0000000440000000| PB 0x0000000440000000| Untracked 
|  83|0x0000000440800000, 0x0000000440800000, 0x0000000441000000|  0%| F|  |TAMS 0x0000000440800000| PB 0x0000000440800000| Untracked 
|  84|0x0000000441000000, 0x0000000441000000, 0x0000000441800000|  0%| F|  |TAMS 0x0000000441000000| PB 0x0000000441000000| Untracked 
|  85|0x0000000441800000, 0x0000000441800000, 0x0000000442000000|  0%| F|  |TAMS 0x0000000441800000| PB 0x0000000441800000| Untracked 
|  86|0x0000000442000000, 0x0000000442000000, 0x0000000442800000|  0%| F|  |TAMS 0x0000000442000000| PB 0x0000000442000000| Untracked 
|  87|0x0000000442800000, 0x0000000442800000, 0x0000000443000000|  0%| F|  |TAMS 0x0000000442800000| PB 0x0000000442800000| Untracked 
|  88|0x0000000443000000, 0x0000000443000000, 0x0000000443800000|  0%| F|  |TAMS 0x0000000443000000| PB 0x0000000443000000| Untracked 
|  89|0x0000000443800000, 0x0000000443800000, 0x0000000444000000|  0%| F|  |TAMS 0x0000000443800000| PB 0x0000000443800000| Untracked 
|  90|0x0000000444000000, 0x0000000444000000, 0x0000000444800000|  0%| F|  |TAMS 0x0000000444000000| PB 0x0000000444000000| Untracked 
|  91|0x0000000444800000, 0x0000000444800000, 0x0000000445000000|  0%| F|  |TAMS 0x0000000444800000| PB 0x0000000444800000| Untracked 
|  92|0x0000000445000000, 0x0000000445000000, 0x0000000445800000|  0%| F|  |TAMS 0x0000000445000000| PB 0x0000000445000000| Untracked 
|  93|0x0000000445800000, 0x0000000445800000, 0x0000000446000000|  0%| F|  |TAMS 0x0000000445800000| PB 0x0000000445800000| Untracked 
|  94|0x0000000446000000, 0x0000000446000000, 0x0000000446800000|  0%| F|  |TAMS 0x0000000446000000| PB 0x0000000446000000| Untracked 
|  95|0x0000000446800000, 0x0000000446800000, 0x0000000447000000|  0%| F|  |TAMS 0x0000000446800000| PB 0x0000000446800000| Untracked 
|  96|0x0000000447000000, 0x0000000447000000, 0x0000000447800000|  0%| F|  |TAMS 0x0000000447000000| PB 0x0000000447000000| Untracked 
|  97|0x0000000447800000, 0x0000000447800000, 0x0000000448000000|  0%| F|  |TAMS 0x0000000447800000| PB 0x0000000447800000| Untracked 
|  98|0x0000000448000000, 0x0000000448000000, 0x0000000448800000|  0%| F|  |TAMS 0x0000000448000000| PB 0x0000000448000000| Untracked 
|  99|0x0000000448800000, 0x0000000448800000, 0x0000000449000000|  0%| F|  |TAMS 0x0000000448800000| PB 0x0000000448800000| Untracked 
| 100|0x0000000449000000, 0x0000000449000000, 0x0000000449800000|  0%| F|  |TAMS 0x0000000449000000| PB 0x0000000449000000| Untracked 
| 101|0x0000000449800000, 0x0000000449800000, 0x000000044a000000|  0%| F|  |TAMS 0x0000000449800000| PB 0x0000000449800000| Untracked 
| 102|0x000000044a000000, 0x000000044a000000, 0x000000044a800000|  0%| F|  |TAMS 0x000000044a000000| PB 0x000000044a000000| Untracked 
| 103|0x000000044a800000, 0x000000044a800000, 0x000000044b000000|  0%| F|  |TAMS 0x000000044a800000| PB 0x000000044a800000| Untracked 
| 104|0x000000044b000000, 0x000000044b000000, 0x000000044b800000|  0%| F|  |TAMS 0x000000044b000000| PB 0x000000044b000000| Untracked 
| 105|0x000000044b800000, 0x000000044b800000, 0x000000044c000000|  0%| F|  |TAMS 0x000000044b800000| PB 0x000000044b800000| Untracked 
| 106|0x000000044c000000, 0x000000044c000000, 0x000000044c800000|  0%| F|  |TAMS 0x000000044c000000| PB 0x000000044c000000| Untracked 
| 107|0x000000044c800000, 0x000000044c800000, 0x000000044d000000|  0%| F|  |TAMS 0x000000044c800000| PB 0x000000044c800000| Untracked 
| 108|0x000000044d000000, 0x000000044d000000, 0x000000044d800000|  0%| F|  |TAMS 0x000000044d000000| PB 0x000000044d000000| Untracked 
| 109|0x000000044d800000, 0x000000044d800000, 0x000000044e000000|  0%| F|  |TAMS 0x000000044d800000| PB 0x000000044d800000| Untracked 
| 110|0x000000044e000000, 0x000000044e000000, 0x000000044e800000|  0%| F|  |TAMS 0x000000044e000000| PB 0x000000044e000000| Untracked 
| 111|0x000000044e800000, 0x000000044e800000, 0x000000044f000000|  0%| F|  |TAMS 0x000000044e800000| PB 0x000000044e800000| Untracked 
| 112|0x000000044f000000, 0x000000044f000000, 0x000000044f800000|  0%| F|  |TAMS 0x000000044f000000| PB 0x000000044f000000| Untracked 
| 113|0x000000044f800000, 0x000000044f800000, 0x0000000450000000|  0%| F|  |TAMS 0x000000044f800000| PB 0x000000044f800000| Untracked 
| 114|0x0000000450000000, 0x00000004502364c8, 0x0000000450800000| 27%| E|  |TAMS 0x0000000450000000| PB 0x0000000450000000| Complete 
| 115|0x0000000450800000, 0x0000000451000000, 0x0000000451000000|100%| E|CS|TAMS 0x0000000450800000| PB 0x0000000450800000| Complete 
| 116|0x0000000451000000, 0x0000000451800000, 0x0000000451800000|100%| E|  |TAMS 0x0000000451000000| PB 0x0000000451000000| Complete 
| 117|0x0000000451800000, 0x0000000452000000, 0x0000000452000000|100%| E|CS|TAMS 0x0000000451800000| PB 0x0000000451800000| Complete 
| 118|0x0000000452000000, 0x0000000452800000, 0x0000000452800000|100%| E|CS|TAMS 0x0000000452000000| PB 0x0000000452000000| Complete 
| 119|0x0000000452800000, 0x0000000453000000, 0x0000000453000000|100%| E|CS|TAMS 0x0000000452800000| PB 0x0000000452800000| Complete 
| 120|0x0000000453000000, 0x000000045318d440, 0x0000000453800000| 19%| S|CS|TAMS 0x0000000453000000| PB 0x0000000453000000| Complete 
| 121|0x0000000453800000, 0x0000000454000000, 0x0000000454000000|100%| E|CS|TAMS 0x0000000453800000| PB 0x0000000453800000| Complete 
| 122|0x0000000454000000, 0x0000000454800000, 0x0000000454800000|100%| E|CS|TAMS 0x0000000454000000| PB 0x0000000454000000| Complete 
| 123|0x0000000454800000, 0x0000000455000000, 0x0000000455000000|100%| E|CS|TAMS 0x0000000454800000| PB 0x0000000454800000| Complete 
| 124|0x0000000455000000, 0x0000000455800000, 0x0000000455800000|100%| E|CS|TAMS 0x0000000455000000| PB 0x0000000455000000| Complete 
| 125|0x0000000455800000, 0x0000000456000000, 0x0000000456000000|100%| E|CS|TAMS 0x0000000455800000| PB 0x0000000455800000| Complete 
|2001|0x00000007ff800000, 0x00000007ff90c7a0, 0x0000000800000000| 13%| O|  |TAMS 0x00000007ff800000| PB 0x00000007ff800000| Untracked 

Card table byte_map: [0x00007f68c8970000,0x00007f68ca8b8000] _byte_map_base: 0x00007f68c68b8000

Marking Bits: (CMBitMap*) 0x00007f68e405b650
 Bits: [0x00007f68b8f30000, 0x00007f68c8970000)

Polling page: 0x00007f68ed01f000

Metaspace:

Usage:
  Non-class:     12.62 MB used.
      Class:    988.21 KB used.
       Both:     13.58 MB used.

Virtual space:
  Non-class space:       64.00 MB reserved,      12.81 MB ( 20%) committed,  1 nodes.
      Class space:        1.00 GB reserved,       1.19 MB ( <1%) committed,  1 nodes.
             Both:        1.06 GB reserved,      14.00 MB (  1%) committed. 

Chunk freelists:
   Non-Class:  2.31 MB
       Class:  14.73 MB
        Both:  17.04 MB

MaxMetaspaceSize: unlimited
CompressedClassSpaceSize: 1.00 GB
Initial GC threshold: 21.00 MB
Current GC threshold: 21.00 MB
CDS: on
 - commit_granule_bytes: 65536.
 - commit_granule_words: 8192.
 - virtual_space_node_default_size: 8388608.
 - enlarge_chunks_in_place: 1.
 - use_allocation_guard: 0.


Internal statistics:

num_allocs_failed_limit: 0.
num_arena_births: 448.
num_arena_deaths: 0.
num_vsnodes_births: 2.
num_vsnodes_deaths: 0.
num_space_committed: 222.
num_space_uncommitted: 0.
num_chunks_returned_to_freelist: 0.
num_chunks_taken_from_freelist: 935.
num_chunk_merges: 0.
num_chunk_splits: 601.
num_chunks_enlarged: 349.
num_inconsistent_stats: 0.

CodeHeap 'non-profiled nmethods': size=119168Kb used=1086Kb max_used=1086Kb free=118082Kb
 bounds [0x00007f68d43a0000, 0x00007f68d4610000, 0x00007f68db800000]
CodeHeap 'profiled nmethods': size=119164Kb used=5089Kb max_used=5089Kb free=114075Kb
 bounds [0x00007f68cc800000, 0x00007f68ccd00000, 0x00007f68d3c5f000]
CodeHeap 'non-nmethods': size=7428Kb used=4161Kb max_used=4182Kb free=3266Kb
 bounds [0x00007f68d3c5f000, 0x00007f68d407f000, 0x00007f68d43a0000]
CodeCache: size=245760Kb, used=10336Kb, max_used=10357Kb, free=235423Kb
 total_blobs=4233, nmethods=2807, adapters=1329, full_count=0
Compilation: enabled, stopped_count=0, restarted_count=0

Compilation events (20 events):
Event: 2.289 Thread 0x00007f683002c510 2799       3       net.ice.heirloom.color.RGBColor::vec3f (20 bytes)
Event: 2.289 Thread 0x00007f68300ffe20 2800       3       org.lwjgl.opengl.GL30::glBindFramebuffer (6 bytes)
Event: 2.289 Thread 0x00007f683002c510 nmethod 2799 0x00007f68cccf7610 code [0x00007f68cccf77c0, 0x00007f68cccf7a00]
Event: 2.289 Thread 0x00007f68300ffe20 nmethod 2800 0x00007f68cccf7b10 code [0x00007f68cccf7cc0, 0x00007f68cccf7dd8]
Event: 2.295 Thread 0x00007f683002c510 2801       3       org.lwjgl.opengl.GL32C::glClientWaitSync (18 bytes)
Event: 2.295 Thread 0x00007f68e416a090 2802       4       net.ice.relic.core.model.material.Material::getFactor (21 bytes)
Event: 2.295 Thread 0x00007f683002c510 nmethod 2801 0x00007f68cccf7e90 code [0x00007f68cccf8060, 0x00007f68cccf82f0]
Event: 2.299 Thread 0x00007f68e416a090 nmethod 2802 0x00007f68d44adc10 code [0x00007f68d44adde0, 0x00007f68d44ae1a8]
Event: 2.314 Thread 0x00007f68e416a090 2803       4       net.ice.heirloom.color.RGBColor::<init> (50 bytes)
Event: 2.315 Thread 0x00007f68e416a090 nmethod 2803 0x00007f68d44ae510 code [0x00007f68d44ae6a0, 0x00007f68d44ae820]
Event: 2.315 Thread 0x00007f68e416a090 2804       4       org.lwjgl.system.MemoryUtil::address (11 bytes)
Event: 2.315 Thread 0x00007f68e416a090 nmethod 2804 0x00007f68d44ae890 code [0x00007f68d44aea00, 0x00007f68d44aea78]
Event: 2.340 Thread 0x00007f68e416a090 2805       4       org.lwjgl.system.MemoryStack::nmalloc (61 bytes)
Event: 2.340 Thread 0x00007f68300ffe20 2807       1       net.ice.curio.library.glfw.GLFWWindow::getWidth (5 bytes)
Event: 2.340 Thread 0x00007f682c0a4550 2808       1       net.ice.curio.library.glfw.GLFWWindow::getHeight (5 bytes)
Event: 2.341 Thread 0x00007f68300ffe20 nmethod 2807 0x00007f68d44aeb90 code [0x00007f68d44aed20, 0x00007f68d44aede0]
Event: 2.341 Thread 0x00007f682c0a4550 nmethod 2808 0x00007f68d44aee90 code [0x00007f68d44af020, 0x00007f68d44af0e0]
Event: 2.341 Thread 0x00007f68e416a090 nmethod 2805 0x00007f68d44af190 code [0x00007f68d44af300, 0x00007f68d44af3c8]
Event: 2.341 Thread 0x00007f68e416a090 2806       4       org.joml.Vector3f::<init> (35 bytes)
Event: 2.342 Thread 0x00007f68e416a090 nmethod 2806 0x00007f68d44af490 code [0x00007f68d44af620, 0x00007f68d44af700]

GC Heap History (4 events):
Event: 0.596 GC heap before
{Heap before GC invocations=0 (full 0):
 garbage-first heap   total 1040384K, used 50225K [0x0000000417000000, 0x0000000800000000)
  region size 8192K, 6 young (49152K), 0 survivors (0K)
 Metaspace       used 7614K, committed 7936K, reserved 1114112K
  class space    used 723K, committed 896K, reserved 1048576K
}
Event: 0.600 GC heap after
{Heap after GC invocations=1 (full 0):
 garbage-first heap   total 1040384K, used 7579K [0x0000000417000000, 0x0000000800000000)
  region size 8192K, 1 young (8192K), 1 survivors (8192K)
 Metaspace       used 7614K, committed 7936K, reserved 1114112K
  class space    used 723K, committed 896K, reserved 1048576K
}
Event: 1.033 GC heap before
{Heap before GC invocations=1 (full 0):
 garbage-first heap   total 1040384K, used 40347K [0x0000000417000000, 0x0000000800000000)
  region size 8192K, 6 young (49152K), 1 survivors (8192K)
 Metaspace       used 12958K, committed 13312K, reserved 1114112K
  class space    used 932K, committed 1088K, reserved 1048576K
}
Event: 1.035 GC heap after
{Heap after GC invocations=2 (full 0):
 garbage-first heap   total 1040384K, used 6198K [0x0000000417000000, 0x0000000800000000)
  region size 8192K, 1 young (8192K), 1 survivors (8192K)
 Metaspace       used 12958K, committed 13312K, reserved 1114112K
  class space    used 932K, committed 1088K, reserved 1048576K
}

Dll operation events (13 events):
Event: 0.001 Loaded shared library /home/ian/.jdks/corretto-21.0.9/lib/libjava.so
Event: 0.012 Loaded shared library /home/ian/.jdks/corretto-21.0.9/lib/libjsvml.so
Event: 0.021 Loaded shared library /home/ian/.jdks/corretto-21.0.9/lib/libnio.so
Event: 0.021 Loaded shared library /home/ian/.jdks/corretto-21.0.9/lib/libzip.so
Event: 0.046 Loaded shared library /home/ian/.jdks/corretto-21.0.9/lib/libmanagement.so
Event: 0.048 Loaded shared library /home/ian/.jdks/corretto-21.0.9/lib/libmanagement_ext.so
Event: 0.055 Loaded shared library /home/ian/.jdks/corretto-21.0.9/lib/libjimage.so
Event: 0.127 Loaded shared library /home/ian/.jdks/corretto-21.0.9/lib/libnet.so
Event: 0.130 Loaded shared library /tmp/lwjgl_ian/3.4.0+20/x64/liblwjgl.so
Event: 0.331 Loaded shared library /home/ian/.jdks/corretto-21.0.9/lib/libverify.so
Event: 0.737 Loaded shared library /tmp/lwjgl_ian/3.4.0+20/x64/liblwjgl_opengl.so
Event: 0.984 Loaded shared library /tmp/imgui-java-natives/1.87.0/libimgui-java64.so
Event: 0.996 Loaded shared library /tmp/lwjgl_ian/3.4.0+20/x64/liblwjgl_stb.so

Deoptimization events (20 events):
Event: 2.018 Thread 0x00007f68e402ce80 Uncommon trap: trap_request=0xffffff54 fr.pc=0x00007f68d449d16c relative=0x000000000000006c
Event: 2.018 Thread 0x00007f68e402ce80 Uncommon trap: reason=speculate_null_assert action=make_not_entrant pc=0x00007f68d449d16c method=sun.misc.Unsafe.getLong(Ljava/lang/Object;J)J @ 5 c2
Event: 2.018 Thread 0x00007f68e402ce80 DEOPT PACKING pc=0x00007f68d449d16c sp=0x00007f68ecdfe5d0
Event: 2.018 Thread 0x00007f68e402ce80 DEOPT UNPACKING pc=0x00007f68d3cb2f99 sp=0x00007f68ecdfe578 mode 2
Event: 2.201 Thread 0x00007f68e402ce80 Uncommon trap: trap_request=0xffffffde fr.pc=0x00007f68d44a7bc4 relative=0x0000000000000124
Event: 2.201 Thread 0x00007f68e402ce80 Uncommon trap: reason=class_check action=maybe_recompile pc=0x00007f68d44a7bc4 method=jdk.internal.misc.Unsafe.allocateUninitializedArray(Ljava/lang/Class;I)Ljava/lang/Object; @ 51 c2
Event: 2.201 Thread 0x00007f68e402ce80 DEOPT PACKING pc=0x00007f68d44a7bc4 sp=0x00007f68ecdfe500
Event: 2.201 Thread 0x00007f68e402ce80 DEOPT UNPACKING pc=0x00007f68d3cb2f99 sp=0x00007f68ecdfe498 mode 2
Event: 2.201 Thread 0x00007f68e402ce80 Uncommon trap: trap_request=0xffffffde fr.pc=0x00007f68d44a7bc4 relative=0x0000000000000124
Event: 2.201 Thread 0x00007f68e402ce80 Uncommon trap: reason=class_check action=maybe_recompile pc=0x00007f68d44a7bc4 method=jdk.internal.misc.Unsafe.allocateUninitializedArray(Ljava/lang/Class;I)Ljava/lang/Object; @ 51 c2
Event: 2.201 Thread 0x00007f68e402ce80 DEOPT PACKING pc=0x00007f68d44a7bc4 sp=0x00007f68ecdfe500
Event: 2.201 Thread 0x00007f68e402ce80 DEOPT UNPACKING pc=0x00007f68d3cb2f99 sp=0x00007f68ecdfe498 mode 2
Event: 2.201 Thread 0x00007f68e402ce80 Uncommon trap: trap_request=0xffffffde fr.pc=0x00007f68d44a7bc4 relative=0x0000000000000124
Event: 2.201 Thread 0x00007f68e402ce80 Uncommon trap: reason=class_check action=maybe_recompile pc=0x00007f68d44a7bc4 method=jdk.internal.misc.Unsafe.allocateUninitializedArray(Ljava/lang/Class;I)Ljava/lang/Object; @ 51 c2
Event: 2.201 Thread 0x00007f68e402ce80 DEOPT PACKING pc=0x00007f68d44a7bc4 sp=0x00007f68ecdfe500
Event: 2.201 Thread 0x00007f68e402ce80 DEOPT UNPACKING pc=0x00007f68d3cb2f99 sp=0x00007f68ecdfe498 mode 2
Event: 2.201 Thread 0x00007f68e402ce80 Uncommon trap: trap_request=0xffffffde fr.pc=0x00007f68d44a7bc4 relative=0x0000000000000124
Event: 2.201 Thread 0x00007f68e402ce80 Uncommon trap: reason=class_check action=maybe_recompile pc=0x00007f68d44a7bc4 method=jdk.internal.misc.Unsafe.allocateUninitializedArray(Ljava/lang/Class;I)Ljava/lang/Object; @ 51 c2
Event: 2.201 Thread 0x00007f68e402ce80 DEOPT PACKING pc=0x00007f68d44a7bc4 sp=0x00007f68ecdfe550
Event: 2.201 Thread 0x00007f68e402ce80 DEOPT UNPACKING pc=0x00007f68d3cb2f99 sp=0x00007f68ecdfe4e8 mode 2

Classes loaded (20 events):
Event: 1.158 Loading class java/util/stream/ReferencePipeline$4
Event: 1.158 Loading class java/util/stream/IntPipeline$StatelessOp
Event: 1.158 Loading class java/util/stream/IntPipeline
Event: 1.158 Loading class java/util/stream/IntStream
Event: 1.158 Loading class java/util/stream/IntStream done
Event: 1.158 Loading class java/util/stream/IntPipeline done
Event: 1.159 Loading class java/util/stream/IntPipeline$StatelessOp done
Event: 1.159 Loading class java/util/stream/ReferencePipeline$4 done
Event: 1.159 Loading class java/util/stream/Nodes$IntFixedNodeBuilder
Event: 1.159 Loading class java/util/stream/Node$Builder$OfInt
Event: 1.159 Loading class java/util/stream/Sink$OfInt
Event: 1.159 Loading class java/util/stream/Sink$OfInt done
Event: 1.159 Loading class java/util/stream/Node$Builder$OfInt done
Event: 1.159 Loading class java/util/stream/Nodes$IntArrayNode
Event: 1.159 Loading class java/util/stream/Nodes$IntArrayNode done
Event: 1.159 Loading class java/util/stream/Nodes$IntFixedNodeBuilder done
Event: 1.159 Loading class java/util/stream/ReferencePipeline$4$1
Event: 1.159 Loading class java/util/stream/ReferencePipeline$4$1 done
Event: 1.958 Loading class java/lang/reflect/UndeclaredThrowableException
Event: 1.958 Loading class java/lang/reflect/UndeclaredThrowableException done

Classes unloaded (0 events):
No events

Classes redefined (0 events):
No events

Internal exceptions (20 events):
Event: 0.532 Thread 0x00007f68e402ce80 Exception <a 'java/lang/NoSuchMethodError'{0x0000000454ed0898}: method resolution failed> (0x0000000454ed0898) 
thrown [src/hotspot/share/prims/methodHandles.cpp, line 1136]
Event: 0.548 Thread 0x00007f68e402ce80 Exception <a 'java/lang/NoSuchMethodError'{0x000000045400e2d0}: method resolution failed> (0x000000045400e2d0) 
thrown [src/hotspot/share/prims/methodHandles.cpp, line 1136]
Event: 0.548 Thread 0x00007f68e402ce80 Exception <a 'java/lang/NoSuchMethodError'{0x000000045400fd08}: 'boolean java.lang.reflect.AccessibleObject.trySetAccessible(java.lang.Class)'> (0x000000045400fd08) 
thrown [src/hotspot/share/interpreter/linkResolver.cpp, line 773]
Event: 0.554 Thread 0x00007f681c0b67e0 Implicit null exception at 0x00007f68d4409a28 to 0x00007f68d4409b10
Event: 0.554 Thread 0x00007f681c0b74c0 Implicit null exception at 0x00007f68d440901c to 0x00007f68d440910c
Event: 0.668 Thread 0x00007f68e402ce80 Exception <a 'java/lang/ClassNotFoundException'{0x00000004548debe0}: net/ice/relic/common/console/commands/CommandCommand> (0x00000004548debe0) 
thrown [src/hotspot/share/classfile/systemDictionary.cpp, line 312]
Event: 0.670 Thread 0x00007f68e402ce80 Exception <a 'java/lang/NoSuchMethodError'{0x00000004548e6c30}: 'void java.lang.invoke.DirectMethodHandle$Holder.invokeStatic(java.lang.Object, java.lang.Object, java.lang.Object)'> (0x00000004548e6c30) 
thrown [src/hotspot/share/interpreter/linkResolver.cpp, line 773]
Event: 0.671 Thread 0x00007f68e402ce80 Exception <a 'java/lang/ClassNotFoundException'{0x00000004548ec800}: net/ice/relic/common/console/commands/EntityCommand> (0x00000004548ec800) 
thrown [src/hotspot/share/classfile/systemDictionary.cpp, line 312]
Event: 0.673 Thread 0x00007f68e402ce80 Exception <a 'java/lang/ClassNotFoundException'{0x00000004549077c8}: net/ice/relic/common/console/commands/ModelCommand> (0x00000004549077c8) 
thrown [src/hotspot/share/classfile/systemDictionary.cpp, line 312]
Event: 0.675 Thread 0x00007f68e402ce80 Exception <a 'java/lang/ClassNotFoundException'{0x0000000454911730}: net/ice/relic/common/console/commands/ShowCommands> (0x0000000454911730) 
thrown [src/hotspot/share/classfile/systemDictionary.cpp, line 312]
Event: 0.676 Thread 0x00007f68e402ce80 Exception <a 'java/lang/ClassNotFoundException'{0x0000000454918d70}: net/ice/relic/common/console/commands/TeleportCommand> (0x0000000454918d70) 
thrown [src/hotspot/share/classfile/systemDictionary.cpp, line 312]
Event: 0.677 Thread 0x00007f68e402ce80 Exception <a 'java/lang/ClassNotFoundException'{0x000000045491f010}: net/ice/relic/common/test/commands/LightCommands> (0x000000045491f010) 
thrown [src/hotspot/share/classfile/systemDictionary.cpp, line 312]
Event: 0.732 Thread 0x00007f68e402ce80 Exception <a 'java/lang/ClassNotFoundException'{0x00000004549bd350}: net/ice/relic/common/test/commands/LightCommands> (0x00000004549bd350) 
thrown [src/hotspot/share/classfile/systemDictionary.cpp, line 312]
Event: 0.735 Thread 0x00007f68e402ce80 Exception <a 'java/lang/NoSuchMethodError'{0x00000004549d9748}: 'void java.lang.System.load(java.lang.String, java.lang.Class)'> (0x00000004549d9748) 
thrown [src/hotspot/share/interpreter/linkResolver.cpp, line 773]
Event: 0.735 Thread 0x00007f68e402ce80 Exception <a 'java/lang/NoSuchMethodError'{0x00000004549dc1f0}: 'void java.lang.System.loadLibrary(java.lang.String, java.lang.Class)'> (0x00000004549dc1f0) 
thrown [src/hotspot/share/interpreter/linkResolver.cpp, line 773]
Event: 0.946 Thread 0x00007f68e402ce80 Exception <a 'java/lang/NoSuchMethodError'{0x0000000453bc4f90}: 'void java.lang.invoke.DirectMethodHandle$Holder.invokeStatic(java.lang.Object, java.lang.Object, java.lang.Object, java.lang.Object)'> (0x0000000453bc4f90) 
thrown [src/hotspot/share/interpreter/linkResolver.cpp, line 773]
Event: 0.955 Thread 0x00007f68e402ce80 Exception <a 'java/lang/NoSuchMethodError'{0x0000000453c84b50}: 'void java.lang.invoke.DirectMethodHandle$Holder.invokeSpecial(java.lang.Object, java.lang.Object, java.lang.Object, java.lang.Object, java.lang.Object)'> (0x0000000453c84b50) 
thrown [src/hotspot/share/interpreter/linkResolver.cpp, line 773]
Event: 0.992 Thread 0x00007f68e402ce80 Exception <a 'java/lang/NoSuchMethodError'{0x0000000453df8050}: 'void java.lang.System.load(java.lang.String, java.lang.Class)'> (0x0000000453df8050) 
thrown [src/hotspot/share/interpreter/linkResolver.cpp, line 773]
Event: 0.993 Thread 0x00007f68e402ce80 Exception <a 'java/lang/NoSuchMethodError'{0x0000000453dfaa80}: 'void java.lang.System.loadLibrary(java.lang.String, java.lang.Class)'> (0x0000000453dfaa80) 
thrown [src/hotspot/share/interpreter/linkResolver.cpp, line 773]
Event: 1.171 Thread 0x00007f68e402ce80 Exception <a 'java/lang/NoSuchMethodError'{0x0000000455e08e70}: 'void java.lang.invoke.DirectMethodHandle$Holder.invokeStatic(java.lang.Object, long)'> (0x0000000455e08e70) 
thrown [src/hotspot/share/interpreter/linkResolver.cpp, line 773]

ZGC Phase Switch (0 events):
No events

VM Operations (20 events):
Event: 0.059 Executing VM operation: HandshakeAllThreads (Deoptimize)
Event: 0.059 Executing VM operation: HandshakeAllThreads (Deoptimize) done
Event: 0.111 Executing VM operation: HandshakeAllThreads (Deoptimize)
Event: 0.111 Executing VM operation: HandshakeAllThreads (Deoptimize) done
Event: 0.513 Executing VM operation: ICBufferFull
Event: 0.514 Executing VM operation: ICBufferFull done
Event: 0.596 Executing VM operation: G1CollectForAllocation (G1 Evacuation Pause)
Event: 0.600 Executing VM operation: G1CollectForAllocation (G1 Evacuation Pause) done
Event: 0.655 Executing VM operation: HandshakeAllThreads (Deoptimize)
Event: 0.655 Executing VM operation: HandshakeAllThreads (Deoptimize) done
Event: 0.655 Executing VM operation: HandshakeAllThreads (Deoptimize)
Event: 0.655 Executing VM operation: HandshakeAllThreads (Deoptimize) done
Event: 1.007 Executing VM operation: HandshakeAllThreads (Deoptimize)
Event: 1.007 Executing VM operation: HandshakeAllThreads (Deoptimize) done
Event: 1.033 Executing VM operation: G1CollectForAllocation (G1 Evacuation Pause)
Event: 1.035 Executing VM operation: G1CollectForAllocation (G1 Evacuation Pause) done
Event: 1.158 Executing VM operation: HandshakeAllThreads (Deoptimize)
Event: 1.158 Executing VM operation: HandshakeAllThreads (Deoptimize) done
Event: 2.158 Executing VM operation: Cleanup
Event: 2.158 Executing VM operation: Cleanup done

Memory protections (20 events):
Event: 0.682 Protecting memory [0x00007f680aff8000,0x00007f680affc000] with protection modes 0
Event: 0.682 Protecting memory [0x00007f68a804c000,0x00007f68a8050000] with protection modes 0
Event: 0.683 Protecting memory [0x00007f680abf4000,0x00007f680abf8000] with protection modes 0
Event: 0.683 Protecting memory [0x00007f68100dc000,0x00007f68100e0000] with protection modes 0
Event: 0.683 Protecting memory [0x00007f680b2fb000,0x00007f680b2ff000] with protection modes 0
Event: 0.683 Protecting memory [0x00007f68101dd000,0x00007f68101e1000] with protection modes 0
Event: 0.683 Protecting memory [0x00007f680b5fe000,0x00007f680b602000] with protection modes 0
Event: 0.683 Protecting memory [0x00007f68a814d000,0x00007f68a8151000] with protection modes 0
Event: 0.683 Protecting memory [0x00007f680b3fc000,0x00007f680b400000] with protection modes 0
Event: 0.684 Protecting memory [0x00007f68540fe000,0x00007f6854102000] with protection modes 0
Event: 0.684 Protecting memory [0x00007f680a9f2000,0x00007f680a9f6000] with protection modes 0
Event: 0.684 Protecting memory [0x00007f680b4fd000,0x00007f680b501000] with protection modes 0
Event: 0.684 Protecting memory [0x00007f680b0f9000,0x00007f680b0fd000] with protection modes 0
Event: 0.685 Protecting memory [0x00007f6854700000,0x00007f6854704000] with protection modes 0
Event: 0.690 Protecting memory [0x00007f680aef7000,0x00007f680aefb000] with protection modes 0
Event: 0.690 Protecting memory [0x00007f68a8f00000,0x00007f68a8f04000] with protection modes 0
Event: 0.690 Protecting memory [0x00007f68541ff000,0x00007f6854203000] with protection modes 0
Event: 0.691 Protecting memory [0x00007f680adf6000,0x00007f680adfa000] with protection modes 0
Event: 0.691 Protecting memory [0x00007f6854300000,0x00007f6854304000] with protection modes 0
Event: 1.919 Protecting memory [0x00007f68a9b00000,0x00007f68a9b04000] with protection modes 0

Nmethod flushes (0 events):
No events

Events (20 events):
Event: 0.732 Thread 0x00007f689c010ff0 Thread exited: 0x00007f689c010ff0
Event: 0.732 Thread 0x00007f689c00f680 Thread exited: 0x00007f689c00f680
Event: 0.732 Thread 0x00007f689c0129f0 Thread exited: 0x00007f689c0129f0
Event: 0.732 Thread 0x00007f689c002340 Thread exited: 0x00007f689c002340
Event: 0.732 Thread 0x00007f689c00b860 Thread exited: 0x00007f689c00b860
Event: 0.732 Thread 0x00007f689c011cf0 Thread exited: 0x00007f689c011cf0
Event: 0.732 Thread 0x00007f689c009ef0 Thread exited: 0x00007f689c009ef0
Event: 0.732 Thread 0x00007f689c00aba0 Thread exited: 0x00007f689c00aba0
Event: 0.732 Thread 0x00007f689c00dcc0 Thread exited: 0x00007f689c00dcc0
Event: 0.732 Thread 0x00007f689c008670 Thread exited: 0x00007f689c008670
Event: 0.732 Thread 0x00007f689c010320 Thread exited: 0x00007f689c010320
Event: 0.732 Thread 0x00007f689c002fa0 Thread exited: 0x00007f689c002fa0
Event: 0.732 Thread 0x00007f689c00e9a0 Thread exited: 0x00007f689c00e9a0
Event: 0.732 Thread 0x00007f689c007aa0 Thread exited: 0x00007f689c007aa0
Event: 0.732 Thread 0x00007f689c001510 Thread exited: 0x00007f689c001510
Event: 0.733 Thread 0x00007f689c006e10 Thread exited: 0x00007f689c006e10
Event: 0.943 Thread 0x00007f682c136d50 Thread exited: 0x00007f682c136d50
Event: 1.376 Thread 0x00007f6824027100 Thread exited: 0x00007f6824027100
Event: 1.919 Thread 0x00007f68e416a090 Thread added: 0x00007f683c1c6e60
Event: 2.127 Thread 0x00007f683c1c6e60 Thread exited: 0x00007f683c1c6e60


Dynamic libraries:
412f3000-413a2000 rw-p 00000000 00:00 0 
41bbd000-41bbf000 r-xs 00000000 00:01 65943                              /memfd:/.glXXXXXX (deleted)
417000000-456000000 rw-p 00000000 00:00 0 
456000000-7ff800000 ---p 00000000 00:00 0 
7ff800000-7ff90d000 rw-p 00cdf000 103:03 25434006                        /home/ian/.jdks/corretto-21.0.9/lib/server/classes.jsa
7ff90d000-800000000 rw-p 00000000 00:00 0 
56031c200000-56031c201000 r-xp 00000000 103:03 25434313                  /home/ian/.jdks/corretto-21.0.9/bin/java
56031c401000-56031c402000 r--p 00001000 103:03 25434313                  /home/ian/.jdks/corretto-21.0.9/bin/java
56031c402000-56031c403000 rw-p 00002000 103:03 25434313                  /home/ian/.jdks/corretto-21.0.9/bin/java
560320bdd000-5603210bc000 rw-p 00000000 00:00 0                          [heap]
7f67d9c00000-7f67da000000 rw-s 00000000 00:07 1487                       /dev/nvidiactl
7f67da000000-7f67da400000 rw-s 00000000 00:07 1487                       /dev/nvidiactl
7f67da400000-7f67da600000 rw-s 00000000 00:07 1487                       /dev/nvidiactl
7f67da600000-7f67daa00000 rw-s 00000000 00:07 1487                       /dev/nvidiactl
7f67dae00000-7f67db000000 rw-s 00000000 00:07 1487                       /dev/nvidiactl
7f67db000000-7f67db200000 rw-s 00000000 00:07 1487                       /dev/nvidiactl
7f67db200000-7f67db9f0000 r-xp 00000000 00:2e 1056                       /tmp/lwjgl_ian/3.4.0+20/x64/libassimp.so
7f67db9f0000-7f67dbc89000 r--p 007f0000 00:2e 1056                       /tmp/lwjgl_ian/3.4.0+20/x64/libassimp.so
7f67dbc89000-7f67dbd53000 r--p 00a88000 00:2e 1056                       /tmp/lwjgl_ian/3.4.0+20/x64/libassimp.so
7f67dbd53000-7f67dbd56000 rw-p 00b52000 00:2e 1056                       /tmp/lwjgl_ian/3.4.0+20/x64/libassimp.so
7f67dbd56000-7f67dbd5c000 rw-p 00000000 00:00 0 
7f67dbdfe000-7f67dcdfe000 rw-s 00000000 00:07 1487                       /dev/nvidiactl
7f67dcdfe000-7f67dddff000 rw-p 00000000 00:00 0 
7f67dddff000-7f67dedff000 rw-s 00000000 00:07 1487                       /dev/nvidiactl
7f67dedff000-7f67dfe00000 rw-p 00000000 00:00 0 
7f67dfe00000-7f67dfe9a000 r--p 00000000 103:02 921310                    /usr/lib/libstdc++.so.6.0.36
7f67dfe9a000-7f67e001d000 r-xp 0009a000 103:02 921310                    /usr/lib/libstdc++.so.6.0.36
7f67e001d000-7f67e00bd000 r--p 0021d000 103:02 921310                    /usr/lib/libstdc++.so.6.0.36
7f67e00bd000-7f67e00ce000 r--p 002bc000 103:02 921310                    /usr/lib/libstdc++.so.6.0.36
7f67e00ce000-7f67e00cf000 rw-p 002cd000 103:02 921310                    /usr/lib/libstdc++.so.6.0.36
7f67e00cf000-7f67e00d3000 rw-p 00000000 00:00 0 
7f67e0200000-7f67e02c4000 r--p 00000000 00:2e 1199                       /tmp/imgui-java-natives/1.87.0/libimgui-java64.so
7f67e02c4000-7f67e07e7000 r-xp 000c4000 00:2e 1199                       /tmp/imgui-java-natives/1.87.0/libimgui-java64.so
7f67e07e7000-7f67e08bc000 r--p 005e7000 00:2e 1199                       /tmp/imgui-java-natives/1.87.0/libimgui-java64.so
7f67e08bc000-7f67e08c8000 r--p 006bb000 00:2e 1199                       /tmp/imgui-java-natives/1.87.0/libimgui-java64.so
7f67e08c8000-7f67e08d5000 rw-p 006c7000 00:2e 1199                       /tmp/imgui-java-natives/1.87.0/libimgui-java64.so
7f67e08d5000-7f67e1103000 rw-p 00000000 00:00 0 
7f67e1165000-7f67e1271000 r-xp 00000000 00:2e 1055                       /tmp/lwjgl_ian/3.4.0+20/x64/libdraco.so
7f67e1271000-7f67e12f9000 r--p 0010c000 00:2e 1055                       /tmp/lwjgl_ian/3.4.0+20/x64/libdraco.so
7f67e12f9000-7f67e12fd000 r--p 00194000 00:2e 1055                       /tmp/lwjgl_ian/3.4.0+20/x64/libdraco.so
7f67e12fd000-7f67e12ff000 rw-p 00198000 00:2e 1055                       /tmp/lwjgl_ian/3.4.0+20/x64/libdraco.so
7f67e12ff000-7f67e4867000 rw-s 00000000 00:07 1487                       /dev/nvidiactl
7f67e4867000-7f67e7dcf000 rw-p 00000000 00:00 0 
7f67e7dcf000-7f67eb337000 rw-s 00000000 00:07 1487                       /dev/nvidiactl
7f67eb337000-7f67ee89f000 rw-p 00000000 00:00 0 
7f67ee89f000-7f67f1e07000 rw-s 00000000 00:07 1487                       /dev/nvidiactl
7f67f1e07000-7f67f536f000 rw-p 00000000 00:00 0 
7f67f536f000-7f67f88d7000 rw-s 00000000 00:07 1487                       /dev/nvidiactl
7f67f88d7000-7f67fbe3f000 rw-p 00000000 00:00 0 
7f67fbe3f000-7f67ff3a7000 rw-s 00000000 00:07 1487                       /dev/nvidiactl
7f67ff3a7000-7f680290f000 rw-p 00000000 00:00 0 
7f680290f000-7f6805e77000 rw-s 00000000 00:07 1487                       /dev/nvidiactl
7f6805e77000-7f68093df000 rw-p 00000000 00:00 0 
7f68093df000-7f68095df000 rw-s 00000000 00:07 1487                       /dev/nvidiactl
7f68095df000-7f68097df000 rw-s 00000000 00:07 1487                       /dev/nvidiactl
7f68097df000-7f680a8f1000 rw-p 00000000 00:00 0 
7f680a8f1000-7f680a8f5000 ---p 00000000 00:00 0 
7f680a8f5000-7f680a9f2000 rw-p 00000000 00:00 0 
7f680a9f2000-7f680a9f6000 ---p 00000000 00:00 0 
7f680a9f6000-7f680aaf3000 rw-p 00000000 00:00 0 
7f680aaf3000-7f680aaf7000 ---p 00000000 00:00 0 
7f680aaf7000-7f680abf4000 rw-p 00000000 00:00 0 
7f680abf4000-7f680abf8000 ---p 00000000 00:00 0 
7f680abf8000-7f680acf5000 rw-p 00000000 00:00 0 
7f680acf5000-7f680acf9000 ---p 00000000 00:00 0 
7f680acf9000-7f680adf6000 rw-p 00000000 00:00 0 
7f680adf6000-7f680adfa000 ---p 00000000 00:00 0 
7f680adfa000-7f680aef7000 rw-p 00000000 00:00 0 
7f680aef7000-7f680aefb000 ---p 00000000 00:00 0 
7f680aefb000-7f680aff8000 rw-p 00000000 00:00 0 
7f680aff8000-7f680affc000 ---p 00000000 00:00 0 
7f680affc000-7f680b0f9000 rw-p 00000000 00:00 0 
7f680b0f9000-7f680b0fd000 ---p 00000000 00:00 0 
7f680b0fd000-7f680b1fa000 rw-p 00000000 00:00 0 
7f680b1fa000-7f680b1fe000 ---p 00000000 00:00 0 
7f680b1fe000-7f680b2fb000 rw-p 00000000 00:00 0 
7f680b2fb000-7f680b2ff000 ---p 00000000 00:00 0 
7f680b2ff000-7f680b3fc000 rw-p 00000000 00:00 0 
7f680b3fc000-7f680b400000 ---p 00000000 00:00 0 
7f680b400000-7f680b4fd000 rw-p 00000000 00:00 0 
7f680b4fd000-7f680b501000 ---p 00000000 00:00 0 
7f680b501000-7f680b5fe000 rw-p 00000000 00:00 0 
7f680b5fe000-7f680b602000 ---p 00000000 00:00 0 
7f680b602000-7f680b6ff000 rw-p 00000000 00:00 0 
7f680b6ff000-7f680b703000 ---p 00000000 00:00 0 
7f680b703000-7f680c000000 rw-p 00000000 00:00 0 
7f680c000000-7f680c240000 rw-p 00000000 00:00 0 
7f680c240000-7f6810000000 ---p 00000000 00:00 0 
7f68100db000-7f68100dc000 rw-p 00000000 00:00 0 
7f68100dc000-7f68100e0000 ---p 00000000 00:00 0 
7f68100e0000-7f68101dd000 rw-p 00000000 00:00 0 
7f68101dd000-7f68101e1000 ---p 00000000 00:00 0 
7f68101e1000-7f68102dd000 rw-p 00000000 00:00 0 
7f68102dd000-7f6810bff000 rw-p 00000000 00:00 0 
7f6810bff000-7f6811400000 rw-p 00000000 00:00 0 
7f6811400000-7f681175b000 r--p 00000000 103:02 962221                    /usr/lib/libnvidia-gpucomp.so.610.57.04
7f681175b000-7f6815cf8000 r-xp 0035b000 103:02 962221                    /usr/lib/libnvidia-gpucomp.so.610.57.04
7f6815cf8000-7f68179e8000 r--p 048f8000 103:02 962221                    /usr/lib/libnvidia-gpucomp.so.610.57.04
7f68179e8000-7f6817c3a000 r--p 065e7000 103:02 962221                    /usr/lib/libnvidia-gpucomp.so.610.57.04
7f6817c3a000-7f6817dc5000 rw-p 06839000 103:02 962221                    /usr/lib/libnvidia-gpucomp.so.610.57.04
7f6817dc5000-7f6817e80000 rw-p 00000000 00:00 0 
7f6817eff000-7f6817f00000 rw-p 00000000 00:00 0 
7f6817f00000-7f6817f04000 ---p 00000000 00:00 0 
7f6817f04000-7f6818000000 rw-p 00000000 00:00 0 
7f6818000000-7f681814f000 rw-p 00000000 00:00 0 
7f681814f000-7f681c000000 ---p 00000000 00:00 0 
7f681c000000-7f681c17c000 rw-p 00000000 00:00 0 
7f681c17c000-7f6820000000 ---p 00000000 00:00 0 
7f6820000000-7f6820578000 rw-p 00000000 00:00 0 
7f6820578000-7f6824000000 ---p 00000000 00:00 0 
7f6824000000-7f682406d000 rw-p 00000000 00:00 0 
7f682406d000-7f6828000000 ---p 00000000 00:00 0 
7f6828000000-7f6828021000 rw-p 00000000 00:00 0 
7f6828021000-7f682c000000 ---p 00000000 00:00 0 
7f682c000000-7f682c186000 rw-p 00000000 00:00 0 
7f682c186000-7f6830000000 ---p 00000000 00:00 0 
7f6830000000-7f68301e7000 rw-p 00000000 00:00 0 
7f68301e7000-7f6834000000 ---p 00000000 00:00 0 
7f6834000000-7f6834021000 rw-p 00000000 00:00 0 
7f6834021000-7f6838000000 ---p 00000000 00:00 0 
7f6838000000-7f6838021000 rw-p 00000000 00:00 0 
7f6838021000-7f683c000000 ---p 00000000 00:00 0 
7f683c000000-7f683c630000 rw-p 00000000 00:00 0 
7f683c630000-7f6840000000 ---p 00000000 00:00 0 
7f6840000000-7f6840027000 rw-p 00000000 00:00 0 
7f6840027000-7f6844000000 ---p 00000000 00:00 0 
7f6844000000-7f6844021000 rw-p 00000000 00:00 0 
7f6844021000-7f6848000000 ---p 00000000 00:00 0 
7f6848000000-7f6848021000 rw-p 00000000 00:00 0 
7f6848021000-7f684c000000 ---p 00000000 00:00 0 
7f684c000000-7f684c021000 rw-p 00000000 00:00 0 
7f684c021000-7f6850000000 ---p 00000000 00:00 0 
7f6850000000-7f6850091000 rw-p 00000000 00:00 0 
7f6850091000-7f6854000000 ---p 00000000 00:00 0 
7f6854063000-7f68540e6000 r-xp 00000000 00:2e 1057                       /tmp/lwjgl_ian/3.4.0+20/x64/liblwjgl_stb.so
7f68540e6000-7f68540fb000 r--p 00083000 00:2e 1057                       /tmp/lwjgl_ian/3.4.0+20/x64/liblwjgl_stb.so
7f68540fb000-7f68540fc000 r--p 00097000 00:2e 1057                       /tmp/lwjgl_ian/3.4.0+20/x64/liblwjgl_stb.so
7f68540fc000-7f68540fd000 rw-p 00098000 00:2e 1057                       /tmp/lwjgl_ian/3.4.0+20/x64/liblwjgl_stb.so
7f68540fd000-7f68540fe000 rw-p 00000000 00:00 0 
7f68540fe000-7f6854102000 ---p 00000000 00:00 0 
7f6854102000-7f68541ff000 rw-p 00000000 00:00 0 
7f68541ff000-7f6854203000 ---p 00000000 00:00 0 
7f6854203000-7f6854300000 rw-p 00000000 00:00 0 
7f6854300000-7f6854304000 ---p 00000000 00:00 0 
7f6854304000-7f6854400000 rw-p 00000000 00:00 0 
7f6854400000-7f685440d000 r-xp 00000000 103:03 25434000                  /home/ian/.jdks/corretto-21.0.9/lib/libverify.so
7f685440d000-7f685460c000 ---p 0000d000 103:03 25434000                  /home/ian/.jdks/corretto-21.0.9/lib/libverify.so
7f685460c000-7f685460e000 r--p 0000c000 103:03 25434000                  /home/ian/.jdks/corretto-21.0.9/lib/libverify.so
7f685460e000-7f685460f000 rw-p 00000000 00:00 0 
7f68546a5000-7f68546ba000 r-xp 00000000 00:2e 1051                       /tmp/lwjgl_ian/3.4.0+20/x64/liblwjgl_opengl.so
7f68546ba000-7f68546fd000 r--p 00015000 00:2e 1051                       /tmp/lwjgl_ian/3.4.0+20/x64/liblwjgl_opengl.so
7f68546fd000-7f68546fe000 r--p 00057000 00:2e 1051                       /tmp/lwjgl_ian/3.4.0+20/x64/liblwjgl_opengl.so
7f68546fe000-7f68546ff000 rw-p 00058000 00:2e 1051                       /tmp/lwjgl_ian/3.4.0+20/x64/liblwjgl_opengl.so
7f68546ff000-7f6854700000 rw-p 00000000 00:00 0 
7f6854700000-7f6854704000 ---p 00000000 00:00 0 
7f6854704000-7f6854800000 rw-p 00000000 00:00 0 
7f6854800000-7f6854a50000 r-xp 00000000 103:02 961761                    /usr/lib/libnvidia-glcore.so.610.57.04
7f6854a50000-7f6854a71000 rwxp 00250000 103:02 961761                    /usr/lib/libnvidia-glcore.so.610.57.04
7f6854a71000-7f6854c00000 r-xp 00271000 103:02 961761                    /usr/lib/libnvidia-glcore.so.610.57.04
7f6854c00000-7f6855800000 r-xp 00400000 103:02 961761                    /usr/lib/libnvidia-glcore.so.610.57.04
7f6855800000-7f6856df9000 r-xp 01000000 103:02 961761                    /usr/lib/libnvidia-glcore.so.610.57.04
7f6856df9000-7f6856dfa000 ---p 025f9000 103:02 961761                    /usr/lib/libnvidia-glcore.so.610.57.04
7f6856dfa000-7f6856f72000 r--p 025f9000 103:02 961761                    /usr/lib/libnvidia-glcore.so.610.57.04
7f6856f72000-7f6856fd5000 rw-p 02771000 103:02 961761                    /usr/lib/libnvidia-glcore.so.610.57.04
7f6856fd5000-7f6856ff5000 rw-p 00000000 00:00 0 
7f6857000000-7f6857400000 rw-p 00000000 00:00 0 
7f6857400000-7f6857800000 rw-p 00000000 00:00 0 
7f6857800000-7f6857840000 rw-p 00000000 00:00 0 
7f6857840000-7f6857cb0000 rw-p 00000000 00:00 0 
7f6857cb0000-7f6857d00000 ---p 00000000 00:00 0 
7f6857d00000-7f6857d20000 rw-p 00000000 00:00 0 
7f6857d20000-7f685b000000 ---p 00000000 00:00 0 
7f685b000000-7f685bca0000 rw-p 00001000 103:03 25434006                  /home/ian/.jdks/corretto-21.0.9/lib/server/classes.jsa
7f685bca0000-7f685c000000 ---p 00000000 00:00 0 
7f685c000000-7f685c040000 rw-p 00000000 00:00 0 
7f685c040000-7f685c0c0000 rw-p 00000000 00:00 0 
7f685c0c0000-7f685c0e0000 rw-p 00000000 00:00 0 
7f685c0e0000-7f685c100000 ---p 00000000 00:00 0 
7f685c100000-7f685c150000 rw-p 00000000 00:00 0 
7f685c150000-7f689c000000 ---p 00000000 00:00 0 
7f689c000000-7f689c021000 rw-p 00000000 00:00 0 
7f689c021000-7f68a0000000 ---p 00000000 00:00 0 
7f68a0000000-7f68a0028000 rw-p 00000000 00:00 0 
7f68a0028000-7f68a4000000 ---p 00000000 00:00 0 
7f68a4000000-7f68a402b000 rw-p 00000000 00:00 0 
7f68a402b000-7f68a8000000 ---p 00000000 00:00 0 
7f68a804b000-7f68a804c000 rw-p 00000000 00:00 0 
7f68a804c000-7f68a8050000 ---p 00000000 00:00 0 
7f68a8050000-7f68a814d000 rw-p 00000000 00:00 0 
7f68a814d000-7f68a8151000 ---p 00000000 00:00 0 
7f68a8151000-7f68a824d000 rw-p 00000000 00:00 0 
7f68a824d000-7f68a834d000 rw-s 00000000 00:07 1487                       /dev/nvidiactl
7f68a834d000-7f68a838d000 rw-s 00000000 00:07 1487                       /dev/nvidiactl
7f68a838d000-7f68a83cd000 rw-s 00000000 00:07 1487                       /dev/nvidiactl
7f68a83cd000-7f68a840d000 rw-s 00000000 00:07 1487                       /dev/nvidiactl
7f68a840d000-7f68a848d000 rw-s 00000000 00:07 1487                       /dev/nvidiactl
7f68a858d000-7f68a85a2000 r--p 00000000 103:02 933484                    /usr/lib/libsystemd.so.0.44.0
7f68a85a2000-7f68a867b000 r-xp 00015000 103:02 933484                    /usr/lib/libsystemd.so.0.44.0
7f68a867b000-7f68a86ca000 r--p 000ee000 103:02 933484                    /usr/lib/libsystemd.so.0.44.0
7f68a86ca000-7f68a86d3000 r--p 0013c000 103:02 933484                    /usr/lib/libsystemd.so.0.44.0
7f68a86d3000-7f68a86d4000 rw-p 00145000 103:02 933484                    /usr/lib/libsystemd.so.0.44.0
7f68a86d4000-7f68a86d5000 rw-p 00000000 00:00 0 
7f68a86d5000-7f68a8726000 r--p 00000000 103:02 956190                    /usr/lib/libGLX_nvidia.so.610.57.04
7f68a8726000-7f68a8783000 r-xp 00051000 103:02 956190                    /usr/lib/libGLX_nvidia.so.610.57.04
7f68a8783000-7f68a87b8000 rwxp 000ae000 103:02 956190                    /usr/lib/libGLX_nvidia.so.610.57.04
7f68a87b8000-7f68a87b9000 r-xp 000e3000 103:02 956190                    /usr/lib/libGLX_nvidia.so.610.57.04
7f68a87b9000-7f68a87d9000 r--p 000e4000 103:02 956190                    /usr/lib/libGLX_nvidia.so.610.57.04
7f68a87d9000-7f68a87f9000 r--p 00103000 103:02 956190                    /usr/lib/libGLX_nvidia.so.610.57.04
7f68a87f9000-7f68a87fe000 rw-p 00123000 103:02 956190                    /usr/lib/libGLX_nvidia.so.610.57.04
7f68a87fe000-7f68a8800000 rw-p 00000000 00:00 0 
7f68a8800000-7f68a8805000 r-xp 00000000 103:03 25433995                  /home/ian/.jdks/corretto-21.0.9/lib/libmanagement_ext.so
7f68a8805000-7f68a8a05000 ---p 00005000 103:03 25433995                  /home/ian/.jdks/corretto-21.0.9/lib/libmanagement_ext.so
7f68a8a05000-7f68a8a06000 r--p 00005000 103:03 25433995                  /home/ian/.jdks/corretto-21.0.9/lib/libmanagement_ext.so
7f68a8a06000-7f68a8a07000 rw-p 00000000 00:00 0 
7f68a8a1e000-7f68a8a3e000 rw-s 00000000 00:07 1487                       /dev/nvidiactl
7f68a8a3e000-7f68a8abe000 rw-s 00000000 00:07 1487                       /dev/nvidiactl
7f68a8abe000-7f68a8ad5000 r--p 00000000 103:02 945154                    /usr/lib/libX11.so.6.4.0
7f68a8ad5000-7f68a8b6a000 r-xp 00017000 103:02 945154                    /usr/lib/libX11.so.6.4.0
7f68a8b6a000-7f68a8bf9000 r--p 000ac000 103:02 945154                    /usr/lib/libX11.so.6.4.0
7f68a8bf9000-7f68a8bfc000 r--p 0013a000 103:02 945154                    /usr/lib/libX11.so.6.4.0
7f68a8bfc000-7f68a8c00000 rw-p 0013d000 103:02 945154                    /usr/lib/libX11.so.6.4.0
7f68a8c00000-7f68a8c04000 r-xp 00000000 103:03 25433988                  /home/ian/.jdks/corretto-21.0.9/lib/libmanagement.so
7f68a8c04000-7f68a8e03000 ---p 00004000 103:03 25433988                  /home/ian/.jdks/corretto-21.0.9/lib/libmanagement.so
7f68a8e03000-7f68a8e04000 r--p 00003000 103:03 25433988                  /home/ian/.jdks/corretto-21.0.9/lib/libmanagement.so
7f68a8e04000-7f68a8e05000 rw-p 00000000 00:00 0 
7f68a8e1f000-7f68a8e3f000 rw-s 00000000 00:07 1487                       /dev/nvidiactl
7f68a8e3f000-7f68a8e5f000 rw-s 00000000 00:07 1487                       /dev/nvidiactl
7f68a8e5f000-7f68a8e9f000 rw-s 00000000 00:07 1487                       /dev/nvidiactl
7f68a8e9f000-7f68a8ebf000 rw-s 00000000 00:07 1487                       /dev/nvidiactl
7f68a8ebf000-7f68a8eff000 rw-s 00000000 00:07 1487                       /dev/nvidiactl
7f68a8eff000-7f68a8f00000 rw-p 00000000 00:00 0 
7f68a8f00000-7f68a8f04000 ---p 00000000 00:00 0 
7f68a8f04000-7f68a9000000 rw-p 00000000 00:00 0 
7f68a9000000-7f68a9007000 r-xp 00000000 103:03 25434044                  /home/ian/.jdks/corretto-21.0.9/lib/libzip.so
7f68a9007000-7f68a9206000 ---p 00007000 103:03 25434044                  /home/ian/.jdks/corretto-21.0.9/lib/libzip.so
7f68a9206000-7f68a9207000 r--p 00006000 103:03 25434044                  /home/ian/.jdks/corretto-21.0.9/lib/libzip.so
7f68a9207000-7f68a9208000 rw-p 00000000 00:00 0 
7f68a921f000-7f68a923f000 rw-s 00000000 00:07 1487                       /dev/nvidiactl
7f68a923f000-7f68a92bf000 rw-s 00000000 00:07 1489                       /dev/nvidia0
7f68a92bf000-7f68a92ff000 rw-s 00000000 00:07 1487                       /dev/nvidiactl
7f68a92ff000-7f68a9300000 rw-p 00000000 00:00 0 
7f68a9300000-7f68a9304000 ---p 00000000 00:00 0 
7f68a9304000-7f68a9400000 rw-p 00000000 00:00 0 
7f68a9400000-7f68a940b000 r-xp 00000000 103:03 25433958                  /home/ian/.jdks/corretto-21.0.9/lib/libnet.so
7f68a940b000-7f68a960a000 ---p 0000b000 103:03 25433958                  /home/ian/.jdks/corretto-21.0.9/lib/libnet.so
7f68a960a000-7f68a960b000 r--p 0000a000 103:03 25433958                  /home/ian/.jdks/corretto-21.0.9/lib/libnet.so
7f68a960b000-7f68a960c000 rw-p 00000000 00:00 0 
7f68a960c000-7f68a960e000 r--p 00000000 103:02 958607                    /usr/lib/libEGL.so.1.1.0
7f68a960e000-7f68a9618000 r-xp 00002000 103:02 958607                    /usr/lib/libEGL.so.1.1.0
7f68a9618000-7f68a961c000 r--p 0000c000 103:02 958607                    /usr/lib/libEGL.so.1.1.0
7f68a961c000-7f68a961d000 r--p 0000f000 103:02 958607                    /usr/lib/libEGL.so.1.1.0
7f68a961d000-7f68a961e000 rw-p 00010000 103:02 958607                    /usr/lib/libEGL.so.1.1.0
7f68a963e000-7f68a9641000 r--p 00000000 103:02 959830                    /usr/lib/libnvidia-allocator.so.610.57.04
7f68a9641000-7f68a9655000 r-xp 00003000 103:02 959830                    /usr/lib/libnvidia-allocator.so.610.57.04
7f68a9655000-7f68a965f000 r--p 00017000 103:02 959830                    /usr/lib/libnvidia-allocator.so.610.57.04
7f68a965f000-7f68a9660000 r--p 00020000 103:02 959830                    /usr/lib/libnvidia-allocator.so.610.57.04
7f68a9660000-7f68a9661000 rw-p 00021000 103:02 959830                    /usr/lib/libnvidia-allocator.so.610.57.04
7f68a9661000-7f68a9663000 rw-p 00000000 00:00 0 
7f68a9663000-7f68a9673000 r--p 00000000 103:02 961844                    /usr/lib/libnvidia-glsi.so.610.57.04
7f68a9673000-7f68a96d3000 r-xp 00010000 103:02 961844                    /usr/lib/libnvidia-glsi.so.610.57.04
7f68a96d3000-7f68a96f0000 r--p 00070000 103:02 961844                    /usr/lib/libnvidia-glsi.so.610.57.04
7f68a96f0000-7f68a96f6000 r--p 0008c000 103:02 961844                    /usr/lib/libnvidia-glsi.so.610.57.04
7f68a96f6000-7f68a96f7000 rw-p 00092000 103:02 961844                    /usr/lib/libnvidia-glsi.so.610.57.04
7f68a96f7000-7f68a96ff000 rw-p 00000000 00:00 0 
7f68a96ff000-7f68a9700000 rw-p 00000000 00:00 0 
7f68a9700000-7f68a9704000 ---p 00000000 00:00 0 
7f68a9704000-7f68a9800000 rw-p 00000000 00:00 0 
7f68a9800000-7f68a9813000 r-xp 00000000 103:03 25433954                  /home/ian/.jdks/corretto-21.0.9/lib/libnio.so
7f68a9813000-7f68a9a12000 ---p 00013000 103:03 25433954                  /home/ian/.jdks/corretto-21.0.9/lib/libnio.so
7f68a9a12000-7f68a9a13000 r--p 00012000 103:03 25433954                  /home/ian/.jdks/corretto-21.0.9/lib/libnio.so
7f68a9a13000-7f68a9a14000 rw-p 00013000 103:03 25433954                  /home/ian/.jdks/corretto-21.0.9/lib/libnio.so
7f68a9a20000-7f68a9a33000 rw-s 00000000 00:07 1487                       /dev/nvidiactl
7f68a9a33000-7f68a9a41000 r--p 00000000 103:02 942789                    /usr/lib/libdbus-1.so.3.38.3
7f68a9a41000-7f68a9a72000 r-xp 0000e000 103:02 942789                    /usr/lib/libdbus-1.so.3.38.3
7f68a9a72000-7f68a9a83000 r--p 0003f000 103:02 942789                    /usr/lib/libdbus-1.so.3.38.3
7f68a9a83000-7f68a9a85000 r--p 0004f000 103:02 942789                    /usr/lib/libdbus-1.so.3.38.3
7f68a9a85000-7f68a9a86000 rw-p 00051000 103:02 942789                    /usr/lib/libdbus-1.so.3.38.3
7f68a9a86000-7f68a9a88000 r--p 00000000 103:02 958619                    /usr/lib/libGLdispatch.so.0.0.0
7f68a9a88000-7f68a9a8b000 r-xp 00002000 103:02 958619                    /usr/lib/libGLdispatch.so.0.0.0
7f68a9a8b000-7f68a9ac6000 r-xp 00005000 103:02 958619                    /usr/lib/libGLdispatch.so.0.0.0
7f68a9ac6000-7f68a9ac7000 r-xp 00040000 103:02 958619                    /usr/lib/libGLdispatch.so.0.0.0
7f68a9ac7000-7f68a9ada000 r--p 00041000 103:02 958619                    /usr/lib/libGLdispatch.so.0.0.0
7f68a9ada000-7f68a9af6000 r--p 00054000 103:02 958619                    /usr/lib/libGLdispatch.so.0.0.0
7f68a9af6000-7f68a9af7000 rw-p 00070000 103:02 958619                    /usr/lib/libGLdispatch.so.0.0.0
7f68a9af7000-7f68a9aff000 rw-p 00000000 00:00 0 
7f68a9aff000-7f68a9b00000 rw-p 00000000 00:00 0 
7f68a9b00000-7f68a9b04000 ---p 00000000 00:00 0 
7f68a9b04000-7f68a9c00000 rw-p 00000000 00:00 0 
7f68a9c00000-7f68a9cce000 r-xp 00000000 103:03 25433997                  /home/ian/.jdks/corretto-21.0.9/lib/libjsvml.so
7f68a9cce000-7f68a9ecd000 ---p 000ce000 103:03 25433997                  /home/ian/.jdks/corretto-21.0.9/lib/libjsvml.so
7f68a9ecd000-7f68a9ece000 r--p 000cd000 103:03 25433997                  /home/ian/.jdks/corretto-21.0.9/lib/libjsvml.so
7f68a9ece000-7f68a9ecf000 rw-p 000ce000 103:03 25433997                  /home/ian/.jdks/corretto-21.0.9/lib/libjsvml.so
7f68a9ed5000-7f68a9ee8000 rw-s 00000000 00:07 1487                       /dev/nvidiactl
7f68a9ee8000-7f68a9eed000 r--p 00000000 103:02 958398                    /usr/lib/libdrm.so.2.134.0
7f68a9eed000-7f68a9ef9000 r-xp 00005000 103:02 958398                    /usr/lib/libdrm.so.2.134.0
7f68a9ef9000-7f68a9efd000 r--p 00011000 103:02 958398                    /usr/lib/libdrm.so.2.134.0
7f68a9efd000-7f68a9efe000 r--p 00015000 103:02 958398                    /usr/lib/libdrm.so.2.134.0
7f68a9efe000-7f68a9eff000 rw-p 00016000 103:02 958398                    /usr/lib/libdrm.so.2.134.0
7f68a9eff000-7f68a9f00000 rw-p 00000000 00:00 0 
7f68a9f00000-7f68a9f04000 ---p 00000000 00:00 0 
7f68a9f04000-7f68aa000000 rw-p 00000000 00:00 0 
7f68aa000000-7f68ac021000 rw-p 00000000 00:00 0 
7f68ac021000-7f68b0000000 ---p 00000000 00:00 0 
7f68b0000000-7f68b0021000 rw-p 00000000 00:00 0 
7f68b0021000-7f68b4000000 ---p 00000000 00:00 0 
7f68b4000000-7f68b4021000 rw-p 00000000 00:00 0 
7f68b4021000-7f68b8000000 ---p 00000000 00:00 0 
7f68b8001000-7f68b8008000 r--s 00000000 103:02 1025860                   /usr/lib/gconv/gconv-modules.cache
7f68b8008000-7f68b800c000 rw-s 00000000 00:07 1487                       /dev/nvidiactl
7f68b800c000-7f68b8010000 r--p 00000000 103:02 921303                    /usr/lib/libgcc_s.so.1
7f68b8010000-7f68b8033000 r-xp 00004000 103:02 921303                    /usr/lib/libgcc_s.so.1
7f68b8033000-7f68b8037000 r--p 00027000 103:02 921303                    /usr/lib/libgcc_s.so.1
7f68b8037000-7f68b8038000 r--p 0002b000 103:02 921303                    /usr/lib/libgcc_s.so.1
7f68b8038000-7f68b8039000 rw-p 0002c000 103:02 921303                    /usr/lib/libgcc_s.so.1
7f68b8039000-7f68b8049000 rw-s 00000000 00:07 1489                       /dev/nvidia0
7f68b8049000-7f68b8059000 rw-s 00000000 00:07 1489                       /dev/nvidia0
7f68b8059000-7f68b807e000 r-xp 00000000 00:2e 1050                       /tmp/lwjgl_ian/3.4.0+20/x64/libglfw.so
7f68b807e000-7f68b80cd000 r--p 00025000 00:2e 1050                       /tmp/lwjgl_ian/3.4.0+20/x64/libglfw.so
7f68b80cd000-7f68b80d1000 r--p 00074000 00:2e 1050                       /tmp/lwjgl_ian/3.4.0+20/x64/libglfw.so
7f68b80d1000-7f68b80d4000 rw-p 00078000 00:2e 1050                       /tmp/lwjgl_ian/3.4.0+20/x64/libglfw.so
7f68b80d4000-7f68b80f7000 rw-p 00000000 00:00 0 
7f68b80f7000-7f68b80f8000 rw-p 00000000 00:00 0 
7f68b80f8000-7f68b80fc000 ---p 00000000 00:00 0 
7f68b80fc000-7f68b81f9000 rw-p 00000000 00:00 0 
7f68b81f9000-7f68b81fd000 ---p 00000000 00:00 0 
7f68b81fd000-7f68b82fa000 rw-p 00000000 00:00 0 
7f68b82fa000-7f68b82fe000 ---p 00000000 00:00 0 
7f68b82fe000-7f68b83fb000 rw-p 00000000 00:00 0 
7f68b83fb000-7f68b83ff000 ---p 00000000 00:00 0 
7f68b83ff000-7f68b84fc000 rw-p 00000000 00:00 0 
7f68b84fc000-7f68b8500000 ---p 00000000 00:00 0 
7f68b8500000-7f68b85fd000 rw-p 00000000 00:00 0 
7f68b85fd000-7f68b8601000 ---p 00000000 00:00 0 
7f68b8601000-7f68b86fe000 rw-p 00000000 00:00 0 
7f68b86fe000-7f68b8702000 ---p 00000000 00:00 0 
7f68b8702000-7f68b87ff000 rw-p 00000000 00:00 0 
7f68b87ff000-7f68b8803000 ---p 00000000 00:00 0 
7f68b8803000-7f68b8900000 rw-p 00000000 00:00 0 
7f68b8900000-7f68b8904000 ---p 00000000 00:00 0 
7f68b8904000-7f68b8a00000 rw-p 00000000 00:00 0 
7f68b8a00000-7f68b8ced000 r--p 00000000 103:02 995609                    /usr/lib/locale/locale-archive
7f68b8ced000-7f68b8cef000 rw-s 00000000 00:07 1487                       /dev/nvidiactl
7f68b8cef000-7f68b8cf2000 rw-s 00000000 00:07 1487                       /dev/nvidiactl
7f68b8cf6000-7f68b8cf9000 r--p 00000000 103:02 952845                    /usr/lib/libxcb-xfixes.so.0.0.0
7f68b8cf9000-7f68b8cfc000 r-xp 00003000 103:02 952845                    /usr/lib/libxcb-xfixes.so.0.0.0
7f68b8cfc000-7f68b8cfd000 r--p 00006000 103:02 952845                    /usr/lib/libxcb-xfixes.so.0.0.0
7f68b8cfd000-7f68b8cfe000 r--p 00007000 103:02 952845                    /usr/lib/libxcb-xfixes.so.0.0.0
7f68b8cfe000-7f68b8cff000 rw-p 00008000 103:02 952845                    /usr/lib/libxcb-xfixes.so.0.0.0
7f68b8cff000-7f68b8d06000 r--p 00000000 103:02 952818                    /usr/lib/libxcb-randr.so.0.1.0
7f68b8d06000-7f68b8d0c000 r-xp 00007000 103:02 952818                    /usr/lib/libxcb-randr.so.0.1.0
7f68b8d0c000-7f68b8d0f000 r--p 0000d000 103:02 952818                    /usr/lib/libxcb-randr.so.0.1.0
7f68b8d0f000-7f68b8d10000 r--p 00010000 103:02 952818                    /usr/lib/libxcb-randr.so.0.1.0
7f68b8d10000-7f68b8d11000 rw-p 00011000 103:02 952818                    /usr/lib/libxcb-randr.so.0.1.0
7f68b8d11000-7f68b8d1d000 r--p 00000000 103:02 952812                    /usr/lib/libxcb-glx.so.0.0.0
7f68b8d1d000-7f68b8d26000 r-xp 0000c000 103:02 952812                    /usr/lib/libxcb-glx.so.0.0.0
7f68b8d26000-7f68b8d2b000 r--p 00015000 103:02 952812                    /usr/lib/libxcb-glx.so.0.0.0
7f68b8d2b000-7f68b8d2d000 r--p 0001a000 103:02 952812                    /usr/lib/libxcb-glx.so.0.0.0
7f68b8d2d000-7f68b8d2e000 rw-p 0001c000 103:02 952812                    /usr/lib/libxcb-glx.so.0.0.0
7f68b8d2e000-7f68b8f30000 rw-p 00000000 00:00 0 
7f68b8f30000-7f68b9ef0000 rw-p 00000000 00:00 0 
7f68b9ef0000-7f68c8950000 ---p 00000000 00:00 0 
7f68c8950000-7f68c8b68000 rw-p 00000000 00:00 0 
7f68c8b68000-7f68ca8b4000 ---p 00000000 00:00 0 
7f68ca8b4000-7f68caab0000 rw-p 00000000 00:00 0 
7f68caab0000-7f68cc7fc000 ---p 00000000 00:00 0 
7f68cc7fc000-7f68cc800000 rw-p 00000000 00:00 0 
7f68cc800000-7f68ccd00000 rwxp 00000000 00:00 0 
7f68ccd00000-7f68d3c5f000 ---p 00000000 00:00 0 
7f68d3c5f000-7f68d407f000 rwxp 00000000 00:00 0 
7f68d407f000-7f68d43a0000 ---p 00000000 00:00 0 
7f68d43a0000-7f68d4610000 rwxp 00000000 00:00 0 
7f68d4610000-7f68db800000 ---p 00000000 00:00 0 
7f68db800000-7f68e3f76000 r--s 00000000 103:03 25433962                  /home/ian/.jdks/corretto-21.0.9/lib/modules
7f68e3f76000-7f68e3f77000 rw-s 00000000 00:07 1489                       /dev/nvidia0
7f68e3f77000-7f68e3f78000 rw-s 00000000 00:07 1487                       /dev/nvidiactl
7f68e3f78000-7f68e3f7b000 r--p 00000000 103:02 952839                    /usr/lib/libxcb-sync.so.1.0.0
7f68e3f7b000-7f68e3f7e000 r-xp 00003000 103:02 952839                    /usr/lib/libxcb-sync.so.1.0.0
7f68e3f7e000-7f68e3f7f000 r--p 00006000 103:02 952839                    /usr/lib/libxcb-sync.so.1.0.0
7f68e3f7f000-7f68e3f80000 r--p 00007000 103:02 952839                    /usr/lib/libxcb-sync.so.1.0.0
7f68e3f80000-7f68e3f81000 rw-p 00008000 103:02 952839                    /usr/lib/libxcb-sync.so.1.0.0
7f68e3f81000-7f68e3fb6000 r-xp 00000000 00:2e 1049                       /tmp/lwjgl_ian/3.4.0+20/x64/liblwjgl.so
7f68e3fb6000-7f68e3ffe000 r--p 00035000 00:2e 1049                       /tmp/lwjgl_ian/3.4.0+20/x64/liblwjgl.so
7f68e3ffe000-7f68e3fff000 r--p 0007c000 00:2e 1049                       /tmp/lwjgl_ian/3.4.0+20/x64/liblwjgl.so
7f68e3fff000-7f68e4000000 rw-p 0007d000 00:2e 1049                       /tmp/lwjgl_ian/3.4.0+20/x64/liblwjgl.so
7f68e4000000-7f68e7fcb000 rw-p 00000000 00:00 0 
7f68e7fcb000-7f68e8000000 ---p 00000000 00:00 0 
7f68e8000000-7f68e8002000 rw-s 00000000 00:01 65943                      /memfd:/.glXXXXXX (deleted)
7f68e8002000-7f68e8003000 rw-s 00000000 00:07 1487                       /dev/nvidiactl
7f68e8003000-7f68e8004000 r--p 00000000 103:02 952815                    /usr/lib/libxcb-present.so.0.0.0
7f68e8004000-7f68e8005000 r-xp 00001000 103:02 952815                    /usr/lib/libxcb-present.so.0.0.0
7f68e8005000-7f68e8006000 r--p 00002000 103:02 952815                    /usr/lib/libxcb-present.so.0.0.0
7f68e8006000-7f68e8007000 r--p 00002000 103:02 952815                    /usr/lib/libxcb-present.so.0.0.0
7f68e8007000-7f68e8008000 rw-p 00003000 103:02 952815                    /usr/lib/libxcb-present.so.0.0.0
7f68e8008000-7f68e800a000 r--p 00000000 103:02 952809                    /usr/lib/libxcb-dri3.so.0.1.0
7f68e800a000-7f68e800c000 r-xp 00002000 103:02 952809                    /usr/lib/libxcb-dri3.so.0.1.0
7f68e800c000-7f68e800d000 r--p 00004000 103:02 952809                    /usr/lib/libxcb-dri3.so.0.1.0
7f68e800d000-7f68e800e000 r--p 00004000 103:02 952809                    /usr/lib/libxcb-dri3.so.0.1.0
7f68e800e000-7f68e800f000 rw-p 00005000 103:02 952809                    /usr/lib/libxcb-dri3.so.0.1.0
7f68e800f000-7f68e8010000 r--p 00000000 103:02 963487                    /usr/lib/libnvidia-tls.so.610.57.04
7f68e8010000-7f68e8012000 r-xp 00001000 103:02 963487                    /usr/lib/libnvidia-tls.so.610.57.04
7f68e8012000-7f68e8013000 r--p 00003000 103:02 963487                    /usr/lib/libnvidia-tls.so.610.57.04
7f68e8013000-7f68e8014000 r--p 00003000 103:02 963487                    /usr/lib/libnvidia-tls.so.610.57.04
7f68e8014000-7f68e8015000 rw-p 00004000 103:02 963487                    /usr/lib/libnvidia-tls.so.610.57.04
7f68e8015000-7f68e8017000 r--p 00000000 103:02 958616                    /usr/lib/libGLX.so.0.0.0
7f68e8017000-7f68e8031000 r-xp 00002000 103:02 958616                    /usr/lib/libGLX.so.0.0.0
7f68e8031000-7f68e8034000 r--p 0001c000 103:02 958616                    /usr/lib/libGLX.so.0.0.0
7f68e8034000-7f68e8035000 r--p 0001f000 103:02 958616                    /usr/lib/libGLX.so.0.0.0
7f68e8035000-7f68e8036000 rw-p 00020000 103:02 958616                    /usr/lib/libGLX.so.0.0.0
7f68e8036000-7f68e8046000 rw-p 00000000 00:00 0 
7f68e8046000-7f68e8047000 r--p 00000000 103:02 945151                    /usr/lib/libX11-xcb.so.1.0.0
7f68e8047000-7f68e8048000 r-xp 00001000 103:02 945151                    /usr/lib/libX11-xcb.so.1.0.0
7f68e8048000-7f68e8049000 r--p 00002000 103:02 945151                    /usr/lib/libX11-xcb.so.1.0.0
7f68e8049000-7f68e804a000 r--p 00002000 103:02 945151                    /usr/lib/libX11-xcb.so.1.0.0
7f68e804a000-7f68e804b000 rw-p 00003000 103:02 945151                    /usr/lib/libX11-xcb.so.1.0.0
7f68e804b000-7f68e804e000 r--p 00000000 103:02 958651                    /usr/lib/libXcursor.so.1.0.2
7f68e804e000-7f68e8054000 r-xp 00003000 103:02 958651                    /usr/lib/libXcursor.so.1.0.2
7f68e8054000-7f68e8056000 r--p 00009000 103:02 958651                    /usr/lib/libXcursor.so.1.0.2
7f68e8056000-7f68e8057000 r--p 0000a000 103:02 958651                    /usr/lib/libXcursor.so.1.0.2
7f68e8057000-7f68e8058000 rw-p 0000b000 103:02 958651                    /usr/lib/libXcursor.so.1.0.2
7f68e8058000-7f68e80d9000 rw-p 00000000 00:00 0 
7f68e80d9000-7f68e82db000 rw-p 00000000 00:00 0 
7f68e82db000-7f68e94ed000 rw-p 00000000 00:00 0 
7f68e94ed000-7f68e97f0000 rw-p 00000000 00:00 0 
7f68e97f0000-7f68eaa00000 rw-p 00000000 00:00 0 
7f68eaa00000-7f68eaa20000 r-xp 00000000 103:03 25433985                  /home/ian/.jdks/corretto-21.0.9/lib/libjava.so
7f68eaa20000-7f68eac1f000 ---p 00020000 103:03 25433985                  /home/ian/.jdks/corretto-21.0.9/lib/libjava.so
7f68eac1f000-7f68eac20000 r--p 0001f000 103:03 25433985                  /home/ian/.jdks/corretto-21.0.9/lib/libjava.so
7f68eac20000-7f68eac21000 rw-p 00020000 103:03 25433985                  /home/ian/.jdks/corretto-21.0.9/lib/libjava.so
7f68eac21000-7f68eac22000 rw-p 00000000 00:00 0 
7f68eac22000-7f68eac26000 rw-s 00000000 00:07 1487                       /dev/nvidiactl
7f68eac26000-7f68eac28000 r--p 00000000 103:02 956087                    /usr/lib/libXfixes.so.3.1.0
7f68eac28000-7f68eac2b000 r-xp 00002000 103:02 956087                    /usr/lib/libXfixes.so.3.1.0
7f68eac2b000-7f68eac2c000 r--p 00005000 103:02 956087                    /usr/lib/libXfixes.so.3.1.0
7f68eac2c000-7f68eac2d000 r--p 00005000 103:02 956087                    /usr/lib/libXfixes.so.3.1.0
7f68eac2d000-7f68eac2e000 rw-p 00006000 103:02 956087                    /usr/lib/libXfixes.so.3.1.0
7f68eac2e000-7f68eac30000 r--p 00000000 103:02 956588                    /usr/lib/libXrender.so.1.3.0
7f68eac30000-7f68eac37000 r-xp 00002000 103:02 956588                    /usr/lib/libXrender.so.1.3.0
7f68eac37000-7f68eac38000 r--p 00009000 103:02 956588                    /usr/lib/libXrender.so.1.3.0
7f68eac38000-7f68eac39000 r--p 00009000 103:02 956588                    /usr/lib/libXrender.so.1.3.0
7f68eac39000-7f68eac3a000 rw-p 0000a000 103:02 956588                    /usr/lib/libXrender.so.1.3.0
7f68eac3a000-7f68eac3d000 r--p 00000000 103:02 956093                    /usr/lib/libXi.so.6.1.0
7f68eac3d000-7f68eac4a000 r-xp 00003000 103:02 956093                    /usr/lib/libXi.so.6.1.0
7f68eac4a000-7f68eac4d000 r--p 00010000 103:02 956093                    /usr/lib/libXi.so.6.1.0
7f68eac4d000-7f68eac4e000 r--p 00012000 103:02 956093                    /usr/lib/libXi.so.6.1.0
7f68eac4e000-7f68eac4f000 rw-p 00013000 103:02 956093                    /usr/lib/libXi.so.6.1.0
7f68eac4f000-7f68eac53000 r--p 00000000 103:02 955953                    /usr/lib/libXext.so.6.4.0
7f68eac53000-7f68eac5e000 r-xp 00004000 103:02 955953                    /usr/lib/libXext.so.6.4.0
7f68eac5e000-7f68eac61000 r--p 0000f000 103:02 955953                    /usr/lib/libXext.so.6.4.0
7f68eac61000-7f68eac62000 r--p 00011000 103:02 955953                    /usr/lib/libXext.so.6.4.0
7f68eac62000-7f68eac63000 rw-p 00012000 103:02 955953                    /usr/lib/libXext.so.6.4.0
7f68eac63000-7f68eae00000 rw-p 00000000 00:00 0 
7f68eae00000-7f68eae1b000 r-xp 00000000 103:03 25433967                  /home/ian/.jdks/corretto-21.0.9/lib/libjimage.so
7f68eae1b000-7f68eb01a000 ---p 0001b000 103:03 25433967                  /home/ian/.jdks/corretto-21.0.9/lib/libjimage.so
7f68eb01a000-7f68eb01c000 r--p 0001a000 103:03 25433967                  /home/ian/.jdks/corretto-21.0.9/lib/libjimage.so
7f68eb01c000-7f68eb01d000 rw-p 0001c000 103:03 25433967                  /home/ian/.jdks/corretto-21.0.9/lib/libjimage.so
7f68eb01d000-7f68eb01e000 rw-s 00000000 00:07 1489                       /dev/nvidia0
7f68eb01e000-7f68eb020000 rw-s 00000000 00:07 1487                       /dev/nvidiactl
7f68eb020000-7f68eb021000 rw-s 00000000 00:07 1487                       /dev/nvidiactl
7f68eb021000-7f68eb023000 r--p 00000000 103:02 958841                    /usr/lib/libXrandr.so.2.2.0
7f68eb023000-7f68eb02a000 r-xp 00002000 103:02 958841                    /usr/lib/libXrandr.so.2.2.0
7f68eb02a000-7f68eb02c000 r--p 00009000 103:02 958841                    /usr/lib/libXrandr.so.2.2.0
7f68eb02c000-7f68eb02d000 r--p 0000a000 103:02 958841                    /usr/lib/libXrandr.so.2.2.0
7f68eb02d000-7f68eb02e000 rw-p 0000b000 103:02 958841                    /usr/lib/libXrandr.so.2.2.0
7f68eb02e000-7f68eb033000 rw-p 00000000 00:00 0 
7f68eb033000-7f68eb117000 ---p 00000000 00:00 0 
7f68eb117000-7f68eb121000 rw-p 00000000 00:00 0 
7f68eb121000-7f68eb200000 ---p 00000000 00:00 0 
7f68eb200000-7f68ec664000 r-xp 00000000 103:03 25433974                  /home/ian/.jdks/corretto-21.0.9/lib/server/libjvm.so
7f68ec664000-7f68ec863000 ---p 01464000 103:03 25433974                  /home/ian/.jdks/corretto-21.0.9/lib/server/libjvm.so
7f68ec863000-7f68ec938000 r--p 01463000 103:03 25433974                  /home/ian/.jdks/corretto-21.0.9/lib/server/libjvm.so
7f68ec938000-7f68ec968000 rw-p 01538000 103:03 25433974                  /home/ian/.jdks/corretto-21.0.9/lib/server/libjvm.so
7f68ec968000-7f68ec9ce000 rw-p 00000000 00:00 0 
7f68ec9ce000-7f68ec9cf000 rw-s 00000000 00:07 1487                       /dev/nvidiactl
7f68ec9cf000-7f68ec9d0000 r--s 00000000 00:07 1487                       /dev/nvidiactl
7f68ec9d0000-7f68ec9d1000 r--p 00000000 103:02 958720                    /usr/lib/libXinerama.so.1.0.0
7f68ec9d1000-7f68ec9d2000 r-xp 00001000 103:02 958720                    /usr/lib/libXinerama.so.1.0.0
7f68ec9d2000-7f68ec9d3000 r--p 00002000 103:02 958720                    /usr/lib/libXinerama.so.1.0.0
7f68ec9d3000-7f68ec9d4000 r--p 00002000 103:02 958720                    /usr/lib/libXinerama.so.1.0.0
7f68ec9d4000-7f68ec9d5000 rw-p 00003000 103:02 958720                    /usr/lib/libXinerama.so.1.0.0
7f68ec9d5000-7f68ec9e1000 r--p 00000000 103:02 952866                    /usr/lib/libxcb.so.1.1.0
7f68ec9e1000-7f68ec9f5000 r-xp 0000c000 103:02 952866                    /usr/lib/libxcb.so.1.1.0
7f68ec9f5000-7f68ec9fe000 r--p 00020000 103:02 952866                    /usr/lib/libxcb.so.1.1.0
7f68ec9fe000-7f68ec9ff000 r--p 00028000 103:02 952866                    /usr/lib/libxcb.so.1.1.0
7f68ec9ff000-7f68eca00000 rw-p 00029000 103:02 952866                    /usr/lib/libxcb.so.1.1.0
7f68eca00000-7f68eca24000 r--p 00000000 103:02 920573                    /usr/lib/libc.so.6
7f68eca24000-7f68ecb9f000 r-xp 00024000 103:02 920573                    /usr/lib/libc.so.6
7f68ecb9f000-7f68ecc15000 r--p 0019f000 103:02 920573                    /usr/lib/libc.so.6
7f68ecc15000-7f68ecc19000 r--p 00214000 103:02 920573                    /usr/lib/libc.so.6
7f68ecc19000-7f68ecc1b000 rw-p 00218000 103:02 920573                    /usr/lib/libc.so.6
7f68ecc1b000-7f68ecc23000 rw-p 00000000 00:00 0 
7f68ecc23000-7f68ecc24000 r-xp 00033000 00:2e 1049                       /tmp/lwjgl_ian/3.4.0+20/x64/liblwjgl.so
7f68ecc24000-7f68ecc25000 rw-p 00000000 00:00 0 
7f68ecc25000-7f68ecc26000 r--p 00000000 103:02 958373                    /usr/lib/libXxf86vm.so.1.0.0
7f68ecc26000-7f68ecc29000 r-xp 00001000 103:02 958373                    /usr/lib/libXxf86vm.so.1.0.0
7f68ecc29000-7f68ecc2a000 r--p 00004000 103:02 958373                    /usr/lib/libXxf86vm.so.1.0.0
7f68ecc2a000-7f68ecc2b000 r--p 00004000 103:02 958373                    /usr/lib/libXxf86vm.so.1.0.0
7f68ecc2b000-7f68ecc2c000 rw-p 00005000 103:02 958373                    /usr/lib/libXxf86vm.so.1.0.0
7f68ecc2c000-7f68ecc2e000 r--p 00000000 103:02 952778                    /usr/lib/libXdmcp.so.6.0.0
7f68ecc2e000-7f68ecc30000 r-xp 00002000 103:02 952778                    /usr/lib/libXdmcp.so.6.0.0
7f68ecc30000-7f68ecc32000 r--p 00004000 103:02 952778                    /usr/lib/libXdmcp.so.6.0.0
7f68ecc32000-7f68ecc33000 r--p 00005000 103:02 952778                    /usr/lib/libXdmcp.so.6.0.0
7f68ecc33000-7f68ecc34000 rw-p 00006000 103:02 952778                    /usr/lib/libXdmcp.so.6.0.0
7f68ecc34000-7f68eccfa000 rw-p 00000000 00:00 0 
7f68eccfa000-7f68ecd00000 ---p 00000000 00:00 0 
7f68ecd00000-7f68ecd04000 ---p 00000000 00:00 0 
7f68ecd04000-7f68ece00000 rw-p 00000000 00:00 0 
7f68ece00000-7f68ece0f000 r-xp 00000000 103:03 25433955                  /home/ian/.jdks/corretto-21.0.9/lib/libjli.so
7f68ece0f000-7f68ed00f000 ---p 0000f000 103:03 25433955                  /home/ian/.jdks/corretto-21.0.9/lib/libjli.so
7f68ed00f000-7f68ed010000 r--p 0000f000 103:03 25433955                  /home/ian/.jdks/corretto-21.0.9/lib/libjli.so
7f68ed010000-7f68ed011000 rw-p 00010000 103:03 25433955                  /home/ian/.jdks/corretto-21.0.9/lib/libjli.so
7f68ed011000-7f68ed012000 rw-p 00000000 00:00 0 
7f68ed012000-7f68ed013000 r--p 00000000 103:02 952781                    /usr/lib/libXau.so.6.0.0
7f68ed013000-7f68ed014000 r-xp 00001000 103:02 952781                    /usr/lib/libXau.so.6.0.0
7f68ed014000-7f68ed015000 r--p 00002000 103:02 952781                    /usr/lib/libXau.so.6.0.0
7f68ed015000-7f68ed016000 r--p 00002000 103:02 952781                    /usr/lib/libXau.so.6.0.0
7f68ed016000-7f68ed017000 rw-p 00003000 103:02 952781                    /usr/lib/libXau.so.6.0.0
7f68ed017000-7f68ed01f000 rw-s 00000000 00:2e 1197                       /tmp/hsperfdata_ian/80847
7f68ed01f000-7f68ed020000 ---p 00000000 00:00 0 
7f68ed020000-7f68ed021000 r--p 00000000 00:00 0 
7f68ed021000-7f68ed022000 ---p 00000000 00:00 0 
7f68ed022000-7f68ed032000 r--p 00000000 103:02 920590                    /usr/lib/libm.so.6
7f68ed032000-7f68ed0ce000 r-xp 00010000 103:02 920590                    /usr/lib/libm.so.6
7f68ed0ce000-7f68ed157000 r--p 000ac000 103:02 920590                    /usr/lib/libm.so.6
7f68ed157000-7f68ed158000 r--p 00134000 103:02 920590                    /usr/lib/libm.so.6
7f68ed158000-7f68ed159000 rw-p 00135000 103:02 920590                    /usr/lib/libm.so.6
7f68ed159000-7f68ed15a000 r--p 00000000 103:02 920618                    /usr/lib/librt.so.1
7f68ed15a000-7f68ed15b000 r-xp 00001000 103:02 920618                    /usr/lib/librt.so.1
7f68ed15b000-7f68ed15c000 r--p 00002000 103:02 920618                    /usr/lib/librt.so.1
7f68ed15c000-7f68ed15d000 r--p 00002000 103:02 920618                    /usr/lib/librt.so.1
7f68ed15d000-7f68ed15e000 rw-p 00003000 103:02 920618                    /usr/lib/librt.so.1
7f68ed15e000-7f68ed162000 rw-p 00000000 00:00 0 
7f68ed162000-7f68ed163000 r--p 00000000 103:02 920583                    /usr/lib/libdl.so.2
7f68ed163000-7f68ed164000 r-xp 00001000 103:02 920583                    /usr/lib/libdl.so.2
7f68ed164000-7f68ed165000 r--p 00002000 103:02 920583                    /usr/lib/libdl.so.2
7f68ed165000-7f68ed166000 r--p 00002000 103:02 920583                    /usr/lib/libdl.so.2
7f68ed166000-7f68ed167000 rw-p 00003000 103:02 920583                    /usr/lib/libdl.so.2
7f68ed167000-7f68ed168000 r--p 00000000 103:02 920613                    /usr/lib/libpthread.so.0
7f68ed168000-7f68ed169000 r-xp 00001000 103:02 920613                    /usr/lib/libpthread.so.0
7f68ed169000-7f68ed16a000 r--p 00002000 103:02 920613                    /usr/lib/libpthread.so.0
7f68ed16a000-7f68ed16b000 r--p 00002000 103:02 920613                    /usr/lib/libpthread.so.0
7f68ed16b000-7f68ed16c000 rw-p 00003000 103:02 920613                    /usr/lib/libpthread.so.0
7f68ed16c000-7f68ed16f000 r--p 00000000 103:02 924378                    /usr/lib/libz.so.1.3.2
7f68ed16f000-7f68ed17f000 r-xp 00003000 103:02 924378                    /usr/lib/libz.so.1.3.2
7f68ed17f000-7f68ed185000 r--p 00013000 103:02 924378                    /usr/lib/libz.so.1.3.2
7f68ed185000-7f68ed186000 r--p 00018000 103:02 924378                    /usr/lib/libz.so.1.3.2
7f68ed186000-7f68ed187000 rw-p 00019000 103:02 924378                    /usr/lib/libz.so.1.3.2
7f68ed187000-7f68ed189000 rw-p 00000000 00:00 0 
7f68ed189000-7f68ed1c2000 r--p 00000000 103:02 2360067                   /etc/ld.so.cache
7f68ed1c2000-7f68ed1c6000 r--p 00000000 00:00 0                          [vvar]
7f68ed1c6000-7f68ed1c8000 r--p 00000000 00:00 0                          [vvar_vclock]
7f68ed1c8000-7f68ed1ca000 r-xp 00000000 00:00 0                          [vdso]
7f68ed1ca000-7f68ed1cb000 r--p 00000000 103:02 920562                    /usr/lib/ld-linux-x86-64.so.2
7f68ed1cb000-7f68ed1f8000 r-xp 00001000 103:02 920562                    /usr/lib/ld-linux-x86-64.so.2
7f68ed1f8000-7f68ed207000 r--p 0002e000 103:02 920562                    /usr/lib/ld-linux-x86-64.so.2
7f68ed207000-7f68ed209000 r--p 0003d000 103:02 920562                    /usr/lib/ld-linux-x86-64.so.2
7f68ed209000-7f68ed20a000 rw-p 0003f000 103:02 920562                    /usr/lib/ld-linux-x86-64.so.2
7f68ed20a000-7f68ed20b000 rw-p 00000000 00:00 0 
7ffc6fe51000-7ffc6fe74000 rw-p 00000000 00:00 0                          [stack]
ffffffffff600000-ffffffffff601000 --xp 00000000 00:00 0                  [vsyscall]
Total number of mappings: 559

JVMTI agents: none


VM Arguments:
jvm_args: -Dfile.encoding=UTF-8 -Duser.country=US -Duser.language=en -Duser.variant 
java_command: net.ice.relic.common.test.VulkanTest
java_class_path (initial): /mnt/Alpha/Users/Ian/Documents/Relic/build/classes/java/main:/mnt/Alpha/Users/Ian/Documents/Relic/build/resources/main:/home/ian/.gradle/caches/modules-2/files-2.1/io.github.spair/imgui-java-app/1.87.0/25624ee3da9585987e9af98d72306dfc6d9f2769/imgui-java-app-1.87.0.jar:/home/ian/.gradle/caches/modules-2/files-2.1/io.github.spair/imgui-java-lwjgl3/1.87.0/a012a5f097de8a0ef879a9fb58b0a8134f5842e1/imgui-java-lwjgl3-1.87.0.jar:/home/ian/.gradle/caches/modules-2/files-2.1/org.lwjgl/lwjgl-assimp/3.4.0/4c958db45767dafbd4ba2a2985cc8e68a6213852/lwjgl-assimp-3.4.0.jar:/home/ian/.gradle/caches/modules-2/files-2.1/org.lwjgl/lwjgl-assimp/3.4.0/c3928509ca1acac49a9a7df5e5692d3e06a96b13/lwjgl-assimp-3.4.0-natives-linux.jar:/home/ian/.gradle/caches/modules-2/files-2.1/org.lwjgl/lwjgl-glfw/3.4.0/bb282ac212eb91f6b2add25ac31dce896f9c5b64/lwjgl-glfw-3.4.0.jar:/home/ian/.gradle/caches/modules-2/files-2.1/org.lwjgl/lwjgl-glfw/3.4.0/268728a68d2dc9bf80d09711e727ac70923d2337/lwjgl-glfw-3.4.0-natives-linux.jar:/home/ian/.gradle/caches/modules-2/files-2.1/org.lwjgl/lwjgl-glfw/3.4.0/770e27000b7a1c945a357a532e2008e65cab3a88/lwjgl-glfw-3.4.0-natives-windows.jar:/home/ian/.gradle/caches/modules-2/files-2.1/org.lwjgl/lwjgl-glfw/3.4.0/5e922dccd48983cc5749e59f36a7ec6c0aa5358f/lwjgl-glfw-3.4.0-natives-macos.jar:/home/ian/.gradle/caches/modules-2/files-2.1/org.lwjgl/lwjgl-glfw/3.4.0/bd93201672fb486ca1db69ed2026470fce1dc802/lwjgl-glfw-3.4.0-natives-macos-arm64.jar:/home/ian/.gradle/caches/modules-2/files-2.1/org.lwjgl/lwjgl-openal/3.4.0/84d61bc4367e21a567fcc4ee9efefd1e11b3cd05/lwjgl-openal-3.4.0.jar:/home/ian/.gradle/caches/modules-2/files-2.1/org.lwjgl/lwjgl-openal/3.4.0/d3920fb7abdb4414ef2232652be0c266db0c1d56/lwjgl-openal-3.4.0-natives-linux.jar:/home/ian/.gradle/caches/modules-2/files-2.1/org.lwjgl/lwjgl-opengl/3.4.0/5947ab24b5dbe93a9e011ac4fd5f8f14dfb138c2/lwjgl-opengl-3.4.0.jar:/home/ian/.gradle/caches/modules-2/files-2.1/org.lwjgl/lwjgl-opengl/3.4.0/b812e19721d2f0656cc4cb665d22d7a001acfd11/lwjgl-opengl-3.4.0-natives-linux.jar:/home/ian/.gradle/caches/modules-2/files-2.1/org.lwjgl/lwjgl-opengl/3.4.0/e8443b8558d12ccffb16248ebfe0d670d3bfdb29/lwjgl-opengl-3.4.0-natives-windows.jar:/home/ian/.gradle/caches/modules-2/files-2.1/org.lwjgl/lwjgl-opengl/3.4.0/4ca0f553caf201a22e16c95a2049a6759bde01f2/lwjgl-opengl-3.4.0-natives-macos.jar:/home/ian/.gradle/caches/modules-2/files-2.1/org.lwjgl/lwjgl-opengl/3.4.0/fb1636c9c8824b639ff51757136c73fbc1efe741/lwjgl-opengl-3.4.0-natives-macos-arm64.jar:/home/ian/.gradle/caches/modules-2/files-2.1/org.lwjgl/lwjgl-openxr/3.4.0/a3fad711516e644cf520951d3a91445546f9983c/lwjgl-openxr-3.4.0.jar:/home/ian/.gradle/caches/modules-2/files-2.1/org.lwjgl/lwjgl-openxr/3.4.0/2c72f1c97c056ded036dfd45a6154375c71fbf88/lwjgl-openxr-3.4.0-natives-linux.jar:/home/ian/.gradle/caches/modules-2/files-2.1/org.lwjgl/lwjgl-shaderc/3.4.0/56f7e5697a40099641de0ecbfc31c6fd958652c7/lwjgl-shaderc-3.4.0.jar:/home/ian/.gradle/caches/modules-2/files-2.1/org.lwjgl/lwjgl-shaderc/3.4.0/fe27fa43588442ca59bd5332d47677c62fba511/lwjgl-shaderc-3.4.0-natives-linux.jar:/home/ian/.gradle/caches/modules-2/files-2.1/org.lwjgl/lwjgl-spvc/3.4.0/126bf8255ac528b00e52cb30e69024872bfaf544/lwjgl-spvc-3.4.0.jar:/home/ian/.gradle/caches/modules-2/files-2.1/org.lwjgl/lwjgl-spvc/3.4.0/4a2864d122b6ede1afb401f51746d08419c958bf/lwjgl-spvc-3.4.0-natives-linux.jar:/home/ian/.gradle/caches/modules-2/files-2.1/org.lwjgl/lwjgl-stb/3.4.0/8bd174a85c684943b6a90281c30cd1037d1faee0/lwjgl-stb-3.4.0.jar:/home/ian/.gradle/caches/modules-2/files-2.1/org.lwjgl/lwjgl-stb/3.4.0/fbd8b32630bc6ea496c6b4f6990587b42dd4e0e5/lwjgl-stb-3.4.0-natives-linux.jar:/home/ian/.gradle/caches/modules-2/files-2.1/org.lwjgl/lwjgl-vulkan/3.4.0/ee2126cfa8fafe86163fc0359c99403099e50e17/lwjgl-vulkan-3.4.0.jar:/home/ian/.gradle/caches/modules-2/files-2.1/org.lwjgl/lwjgl/3.4.0/201de49386cbba233b36eca434ce9e56345a5f8a/lwjgl-3.4.0.jar:/home/ian/.gradle/caches/modules-2/files-2.1/org.lwjgl/lwjgl/3.4.0/dd278b9fb054ec4fca53b3e49c67f4ff26b82c4/lwjgl-3.4.0-natives-linux.jar:/home/ian/.gradle/caches/modules-2/files-2.1/org.lwjgl/lwjgl/3.4.0/93e881238b992ab309c3d58d60976586b3dfe810/lwjgl-3.4.0-natives-windows.jar:/home/ian/.gradle/caches/modules-2/files-2.1/org.lwjgl/lwjgl/3.4.0/de0814d1d5b233eb9a25d07424e7880817094451/lwjgl-3.4.0-natives-macos.jar:/home/ian/.gradle/caches/modules-2/files-2.1/org.lwjgl/lwjgl/3.4.0/416aa822485e7e877ac542e315a820d28f50b32a/lwjgl-3.4.0-natives-macos-arm64.jar:/home/ian/.gradle/caches/modules-2/files-2.1/org.reflections/reflections/0.10.2/b638d7ca0e0fe0146b60a0e7ba232ad852a73b31/reflections-0.10.2.jar:/home/ian/.gradle/caches/modules-2/files-2.1/io.github.classgraph/classgraph/4.8.189/41ccda0596fd4431ce9feac34458143294448139/classgraph-4.8.189.jar:/home/ian/.gradle/caches/modules-2/files-2.1/org.joml/joml/1.10.7/f8c3f2e7db281bde099342dd36133de4bbba390c/joml-1.10.7.jar:/home/ian/.gradle/caches/modules-2/files-2.1/org.tinylog/tinylog-impl/2.7.0/46a5d4d50d3302460a5143e51befdb7245ccba5d/tinylog-impl-2.7.0.jar:/home/ian/.gradle/caches/modules-2/files-2.1/org.tinylog/tinylog-api/2.7.0/17875aa7c4acfee6a9e9a83a5d1469cc0411be40/tinylog-api-2.7.0.jar:/home/ian/.gradle/caches/modules-2/files-2.1/org.javassist/javassist/3.28.0-GA/9a958811a88381bb159cc2f5ed79c34a45c4af7a/javassist-3.28.0-GA.jar:/home/ian/.gradle/caches/modules-2/files-2.1/com.google.code.findbugs/jsr305/3.0.2/25ea2e8b0c338a877313bd4672d3fe056ea78f0d/jsr305-3.0.2.jar:/home/ian/.gradle/caches/modules-2/files-2.1/org.slf4j/slf4j-api/1.7.32/cdcff33940d9f2de763bc41ea05a0be5941176c3/slf4j-api-1.7.32.jar:/home/ian/.gradle/caches/modules-2/files-2.1/org.jetbrains.kotlin/kotlin-stdlib-jdk8/1.8.20/73576ddf378c5b4f1f6b449fe6b119b8183fc078/kotlin-stdlib-jdk8-1.8.20.jar:/home/ian/.gradle/caches/modules-2/files-2.1/io.github.spair/imgui-java-binding/1.87.0/d4aaefccf68831f6ba75823b945ba1400278e3e7/imgui-java-binding-1.87.0.jar:/home/ian/.gradle/caches/modules-2/files-2.1/org.jetbrains.kotlin/kotlin-stdlib-jdk7/1.8.20/3aa51faf20aae8b31e1a4bc54f8370673d7b7df4/kotlin-stdlib-jdk7-1.8.20.jar:/home/ian/.gradle/caches/modules-2/files-2.1/org.jetbrains.kotlin/kotlin-stdlib/1.8.20/e72fc5e03ec6c064c678a6bd0d955c88d55b0c4a/kotlin-stdlib-1.8.20.jar:/home/ian/.gradle/caches/modules-2/files-2.1/org.jetbrains.kotlin/kotlin-stdlib-common/1.8.20/5eddaaf234c8c49d03eebeb6a14feb7f90faca71/kotlin-stdlib-common-1.8.20.jar:/home/ian/.gradle/caches/modules-2/files-2.1/org.jetbrains/annotations/13.0/919f0dfe192fb4e063e7dacadee7f8bb9a2672a9/annotations-13.0.jar
Launcher Type: SUN_STANDARD

[Global flags]
     intx CICompilerCount                          = 12                                        {product} {ergonomic}
     uint ConcGCThreads                            = 5                                         {product} {ergonomic}
     uint G1ConcRefinementThreads                  = 18                                        {product} {ergonomic}
   size_t G1HeapRegionSize                         = 8388608                                   {product} {ergonomic}
    uintx GCDrainStackTargetSize                   = 64                                        {product} {ergonomic}
   size_t InitialHeapSize                          = 1056964608                                {product} {ergonomic}
   size_t MarkStackSize                            = 4194304                                   {product} {ergonomic}
   size_t MaxHeapSize                              = 16793993216                               {product} {ergonomic}
   size_t MaxNewSize                               = 10074718208                               {product} {ergonomic}
   size_t MinHeapDeltaBytes                        = 8388608                                   {product} {ergonomic}
   size_t MinHeapSize                              = 8388608                                   {product} {ergonomic}
    uintx NonNMethodCodeHeapSize                   = 7602480                                {pd product} {ergonomic}
    uintx NonProfiledCodeHeapSize                  = 122027880                              {pd product} {ergonomic}
    uintx ProfiledCodeHeapSize                     = 122027880                              {pd product} {ergonomic}
    uintx ReservedCodeCacheSize                    = 251658240                              {pd product} {ergonomic}
     bool SegmentedCodeCache                       = true                                      {product} {ergonomic}
   size_t SoftMaxHeapSize                          = 16793993216                            {manageable} {ergonomic}
     bool UseCompressedOops                        = true                           {product lp64_product} {ergonomic}
     bool UseG1GC                                  = true                                      {product} {ergonomic}

Logging:
Log output configuration:
 #0: stdout all=warning uptime,level,tags foldmultilines=false
 #1: stderr all=off uptime,level,tags foldmultilines=false

Release file:
IMPLEMENTOR="Amazon.com Inc."
IMPLEMENTOR_VERSION="Corretto-21.0.9.11.1"
JAVA_RUNTIME_VERSION="21.0.9+11-LTS"
JAVA_VERSION="21.0.9"
JAVA_VERSION_DATE="2025-10-21"
LIBC="gnu"
MODULES="java.base java.compiler java.datatransfer java.xml java.prefs java.desktop java.instrument java.logging java.management java.security.sasl java.naming java.rmi java.management.rmi java.net.http java.scripting java.security.jgss java.transaction.xa java.sql java.sql.rowset java.xml.crypto java.se java.smartcardio jdk.accessibility jdk.internal.jvmstat jdk.attach jdk.charsets jdk.internal.opt jdk.zipfs jdk.compiler jdk.crypto.ec jdk.crypto.cryptoki jdk.dynalink jdk.internal.ed jdk.editpad jdk.hotspot.agent jdk.httpserver jdk.incubator.vector jdk.internal.le jdk.internal.vm.ci jdk.internal.vm.compiler jdk.internal.vm.compiler.management jdk.jartool jdk.javadoc jdk.jcmd jdk.management jdk.management.agent jdk.jconsole jdk.jdeps jdk.jdwp.agent jdk.jdi jdk.jfr jdk.jlink jdk.jpackage jdk.jshell jdk.jsobject jdk.jstatd jdk.localedata jdk.management.jfr jdk.naming.dns jdk.naming.rmi jdk.net jdk.nio.mapmode jdk.random jdk.sctp jdk.security.auth jdk.security.jgss jdk.unsupported jdk.unsupported.desktop jdk.xml.dom"
OS_ARCH="x86_64"
OS_NAME="Linux"
SOURCE=".:git:b9ba2fcc52e6+"

Environment Variables:
PATH=/usr/local/sbin:/usr/local/bin:/usr/bin:/var/lib/flatpak/exports/bin:/usr/lib/jvm/default/bin:/usr/bin/site_perl:/usr/bin/vendor_perl:/usr/bin/core_perl
SHELL=/usr/bin/bash
DISPLAY=:1
LANG=en_US.UTF-8

Active Locale:
LC_ALL=en_US.UTF-8
LC_COLLATE=en_US.UTF-8
LC_CTYPE=en_US.UTF-8
LC_MESSAGES=en_US.UTF-8
LC_MONETARY=en_US.UTF-8
LC_NUMERIC=en_US.UTF-8
LC_TIME=en_US.UTF-8

Signal Handlers:
   SIGSEGV: crash_handler in libjvm.so, mask=11100100010111111101111111111110, flags=SA_RESTART|SA_SIGINFO, unblocked
    SIGBUS: crash_handler in libjvm.so, mask=11100100010111111101111111111110, flags=SA_RESTART|SA_SIGINFO, unblocked
    SIGFPE: crash_handler in libjvm.so, mask=11100100010111111101111111111110, flags=SA_RESTART|SA_SIGINFO, unblocked
   SIGPIPE: javaSignalHandler in libjvm.so, mask=11100100010111111101111111111110, flags=SA_RESTART|SA_SIGINFO, blocked
   SIGXFSZ: javaSignalHandler in libjvm.so, mask=11100100010111111101111111111110, flags=SA_RESTART|SA_SIGINFO, blocked
    SIGILL: crash_handler in libjvm.so, mask=11100100010111111101111111111110, flags=SA_RESTART|SA_SIGINFO, unblocked
   SIGUSR2: SR_handler in libjvm.so, mask=00000000000000000000000000000000, flags=SA_RESTART|SA_SIGINFO, blocked
    SIGHUP: UserHandler in libjvm.so, mask=11100100010111111101111111111110, flags=SA_RESTART|SA_SIGINFO, blocked
    SIGINT: UserHandler in libjvm.so, mask=11100100010111111101111111111110, flags=SA_RESTART|SA_SIGINFO, blocked
   SIGTERM: UserHandler in libjvm.so, mask=11100100010111111101111111111110, flags=SA_RESTART|SA_SIGINFO, blocked
   SIGQUIT: UserHandler in libjvm.so, mask=11100100010111111101111111111110, flags=SA_RESTART|SA_SIGINFO, blocked
   SIGTRAP: crash_handler in libjvm.so, mask=11100100010111111101111111111110, flags=SA_RESTART|SA_SIGINFO, unblocked


Periodic native trim disabled

---------------  S Y S T E M  ---------------

OS:
DISTRIB_ID="Arch"
DISTRIB_RELEASE="rolling"
DISTRIB_DESCRIPTION="Arch Linux"
uname: Linux 7.1.8-arch1-3 #1 SMP PREEMPT_DYNAMIC Tue, 11 Aug 2026 09:16:08 +0000 x86_64
OS uptime: 0 days 10:18 hours
libc: glibc 2.44 NPTL 2.44 
rlimit (soft/hard): STACK 8192k/infinity , CORE infinity/infinity , NPROC 255612/255612 , NOFILE 524288/524288 , AS infinity/infinity , CPU infinity/infinity , DATA infinity/infinity , FSIZE infinity/infinity , MEMLOCK 8192k/8192k
load average: 3.94 3.71 3.46

/proc/meminfo:
MemTotal:       65592528 kB
MemFree:        33853612 kB
MemAvailable:   47643388 kB
Buffers:         2189284 kB
Cached:         10798360 kB
SwapCached:            0 kB
Active:         17937976 kB
Inactive:       10554492 kB
Active(anon):   14485308 kB
Inactive(anon):        0 kB
Active(file):    3452668 kB
Inactive(file): 10554492 kB
Unevictable:       24252 kB
Mlocked:            2156 kB
SwapTotal:      32797692 kB
SwapFree:       32797692 kB
Zswap:                 0 kB
Zswapped:              0 kB
Dirty:              8252 kB
Writeback:             0 kB
AnonPages:      15132352 kB
Mapped:          4281052 kB
Shmem:            731492 kB
KReclaimable:     515952 kB
Slab:             969272 kB
SReclaimable:     515952 kB
SUnreclaim:       453320 kB
KernelStack:       49040 kB
PageTables:       128456 kB
SecPageTables:         0 kB
NFS_Unstable:          0 kB
Bounce:                0 kB
WritebackTmp:          0 kB
CommitLimit:    65593956 kB
Committed_AS:   38918616 kB
VmallocTotal:   34359738367 kB
VmallocUsed:      335796 kB
VmallocChunk:          0 kB
Percpu:            19296 kB
HardwareCorrupted:     0 kB
AnonHugePages:   6180864 kB
ShmemHugePages:    18432 kB
ShmemPmdMapped:        0 kB
FileHugePages:   1884160 kB
FilePmdMapped:   1228800 kB
CmaTotal:              0 kB
CmaFree:               0 kB
Unaccepted:            0 kB
Balloon:               0 kB
GPUActive:             0 kB
GPUReclaim:            0 kB
HugePages_Total:       0
HugePages_Free:        0
HugePages_Rsvd:        0
HugePages_Surp:        0
Hugepagesize:       2048 kB
Hugetlb:               0 kB
DirectMap4k:     3972876 kB
DirectMap2M:    31436800 kB
DirectMap1G:    31457280 kB

/sys/kernel/mm/transparent_hugepage/enabled: [always] madvise never
/sys/kernel/mm/transparent_hugepage/hpage_pmd_size: 2097152
/sys/kernel/mm/transparent_hugepage/defrag (defrag/compaction efforts parameter): always defer defer+madvise [madvise] never

Process Memory:
Virtual Size: 20907424K (peak: 21038484K)
Resident Set Size: 768864K (peak: 780064K) (anon: 245140K, file: 513164K, shmem: 10560K)
Swapped out: 0K
C-Heap outstanding allocations: 446825K, retained: 56037K
glibc malloc tunables: (default)

/proc/sys/kernel/threads-max (system-wide limit on the number of threads): 511224
/proc/sys/vm/max_map_count (maximum number of memory map areas a process may have): 1048576
/proc/sys/vm/swappiness (control to define how aggressively the kernel swaps out anonymous memory): 60
/proc/sys/kernel/pid_max (system-wide limit on number of process identifiers): 4194304

container information not found.
Steal ticks since vm start: 0
Steal ticks percentage since vm start:  0.000

CPU: total 24 (initial active 24) (12 cores per cpu, 2 threads per core) family 6 model 151 stepping 2 microcode 0x3e, cx8, cmov, fxsr, ht, mmx, 3dnowpref, sse, sse2, sse3, ssse3, sse4.1, sse4.2, popcnt, lzcnt, tsc, tscinvbit, avx, avx2, aes, erms, clmul, bmi1, bmi2, adx, sha, fma, vzeroupper, clflush, clflushopt, clwb, serialize, rdtscp, rdpid, fsrm, f16c, pku, ospke, cet_ibt, cet_ss
CPU Model and flags from /proc/cpuinfo:
model name	: 12th Gen Intel(R) Core(TM) i9-12900K
flags		: fpu vme de pse tsc msr pae mce cx8 apic sep mtrr pge mca cmov pat pse36 clflush dts acpi mmx fxsr sse sse2 ss ht tm pbe syscall nx pdpe1gb rdtscp lm constant_tsc art arch_perfmon pebs bts rep_good nopl xtopology nonstop_tsc cpuid aperfmperf tsc_known_freq pni pclmulqdq dtes64 monitor ds_cpl vmx smx est tm2 ssse3 sdbg fma cx16 xtpr pdcm pcid sse4_1 sse4_2 x2apic movbe popcnt tsc_deadline_timer aes xsave avx f16c rdrand lahf_lm abm 3dnowprefetch cpuid_fault ssbd ibrs ibpb stibp ibrs_enhanced tpr_shadow flexpriority ept vpid ept_ad fsgsbase tsc_adjust bmi1 avx2 smep bmi2 erms invpcid rdseed adx smap clflushopt clwb intel_pt sha_ni xsaveopt xsavec xgetbv1 xsaves split_lock_detect user_shstk avx_vnni dtherm ida arat pln pts hwp hwp_notify hwp_act_window hwp_epp hwp_pkg_req hfi vnmi umip pku ospke waitpkg gfni vaes vpclmulqdq rdpid movdiri movdir64b fsrm md_clear serialize pconfig arch_lbr ibt flush_l1d arch_capabilities

Online cpus: 0-23
Offline cpus: 
BIOS frequency limitation: <Not Available>
Frequency switch latency (ns): 0
Available cpu frequencies: <Not Available>
Current governor: powersave
Core performance/turbo boost: <Not Available>

Memory: 4k page, physical 65592528k(47643308k free), swap 32797692k(32797692k free)
Page Sizes: 4k

vm_info: OpenJDK 64-Bit Server VM (21.0.9+11-LTS) for linux-amd64 JRE (21.0.9+11-LTS), built on 2025-10-31T19:29:38Z by "jenkins" with gcc 7.3.1 20180303 (Red Hat 7.3.1-5)

END.
