#
# A fatal error has been detected by the Java Runtime Environment:
#
#  SIGBUS (0x7) at pc=0x00007fee2cf8eb06, pid=79222, tid=79226
#
# JRE version: OpenJDK Runtime Environment Corretto-21.0.9.11.1 (21.0.9+11) (build 21.0.9+11-LTS)
# Java VM: OpenJDK 64-Bit Server VM Corretto-21.0.9.11.1 (21.0.9+11-LTS, mixed mode, sharing, tiered, compressed oops, compressed class ptrs, g1 gc, linux-amd64)
# Problematic frame:
# C  [libnvidia-glcore.so.610.57.04+0x78eb06]
#
# Core dump will be written. Default location: Core dumps may be processed with "/usr/lib/systemd/systemd-coredump %P %u %g %s %t %c %h %d %F %I" (or dumping to /mnt/Alpha/Users/Ian/Documents/Relic/core.79222)
#
# If you would like to submit a bug report, please visit:
#   https://github.com/corretto/corretto-21/issues/
# The crash happened outside the Java Virtual Machine in native code.
# See problematic frame for where to report the bug.
#

---------------  S U M M A R Y ------------

Command Line: -Dfile.encoding=UTF-8 -Duser.country=US -Duser.language=en -Duser.variant net.ice.relic.common.test.VulkanTest

Host: 12th Gen Intel(R) Core(TM) i9-12900K, 24 cores, 62G, Arch Linux
Time: Wed Aug 19 17:42:28 2026 EDT elapsed time: 2.611485 seconds (0d 0h 0m 2s)

---------------  T H R E A D  ---------------

Current thread (0x00007feebc02ce80):  JavaThread "main"             [_thread_in_native, id=79226, stack(0x00007feec3300000,0x00007feec3400000) (1024K)]

Stack: [0x00007feec3300000,0x00007feec3400000],  sp=0x00007feec33fe3f0,  free space=1016k
Native frames: (J=compiled Java code, j=interpreted, Vv=VM code, C=native code)
C  [libnvidia-glcore.so.610.57.04+0x78eb06]
Java frames: (J=compiled Java code, j=interpreted, Vv=VM code)
j  org.lwjgl.opengl.GL45C.nglCreateVertexArrays(IJ)V+0
j  org.lwjgl.opengl.GL45C.glCreateVertexArrays()I+20
j  org.lwjgl.opengl.GL45.glCreateVertexArrays()I+0
j  net.ice.curio.library.opengl.object.VertexArrayObject.<init>()V+5
j  net.ice.relic.core.rendering.backend.opengl.mesh.GuiMesh.<init>()V+20
j  net.ice.relic.core.rendering.backend.opengl.renderers.GLGuiRenderer.buildFontAtlas()V+93
j  net.ice.relic.core.rendering.backend.opengl.renderers.GLGuiRenderer.onResize(II)V+13
j  net.ice.relic.core.rendering.backend.opengl.GLRenderer.resize(II)V+32
j  net.ice.relic.application.RelicApplication.loop()V+69
j  net.ice.relic.application.RelicApplication.run()V+5
j  net.ice.relic.common.test.VulkanTest.main([Ljava/lang/String;)V+8
v  ~StubRoutines::call_stub 0x00007feeabc5fcc6

siginfo: si_signo: 7 (SIGBUS), si_code: 128 (SI_KERNEL), si_addr: 0x0000000000000000

Registers:
RAX=0x00007feebcfe3d50, RBX=0x0000000000000001, RCX=0x00007feebc000f30, RDX=0x0000000000000001
RSP=0x00007feec33fe3f0, RBP=0x00ffffff00ffffff, RSI=0x00007feebd8c3ed0, RDI=0x00007feebcab0980
R8 =0x0000000000000004, R9 =0x00000004506307c8, R10=0x00007feeabc6b991, R11=0x00000004530eab28
R12=0x0000000000000000, R13=0x00000000ffffffff, R14=0x00007feebd8c3ed0, R15=0x00007feebc02ce80
RIP=0x00007fee2cf8eb06, EFLAGS=0x0000000000010206, CSGSFS=0x002b000000000033, ERR=0x0000000000000000
  TRAPNO=0x000000000000000c

XMM[0]=0x0000000000000000 0x0000000000000000
XMM[1]=0x0000000000000000 0x0000000000000000
XMM[2]=0x0000000000000000 0x0000000000000000
XMM[3]=0x0000000000000000 0x0000000000000000
XMM[4]=0x0000000000000000 0x0000000000000000
XMM[5]=0x0000000000000000 0x0000000000000000
XMM[6]=0x0000000000000000 0x0000000000000000
XMM[7]=0x0000000000000000 0x0000000000000000
XMM[8]=0x0000000000000000 0x0000000000000000
XMM[9]=0x0000000000000000 0x0000000000000000
XMM[10]=0x0000000000000000 0x000000003e400000
XMM[11]=0x0000000000000000 0x00000000bfa2e4e0
XMM[12]=0x0000000000000000 0x0000000041bf5328
XMM[13]=0x0000000000000000 0x0000000042f40000
XMM[14]=0x0000000000000000 0x00000000433f0000
XMM[15]=0x0000000000000000 0x0000000000000000
  MXCSR=0x00001fa2


Register to memory mapping:

RAX=0x00007feebcfe3d50 points into unknown readable memory: 0x00ffffff00ffffff | ff ff ff 00 ff ff ff 00
RBX=0x0000000000000001 is an unknown value
RCX=0x00007feebc000f30 points into unknown readable memory: 0x000000040008000a | 0a 00 08 00 04 00 00 00
RDX=0x0000000000000001 is an unknown value
RSP=0x00007feec33fe3f0 is pointing into the stack for thread: 0x00007feebc02ce80
RBP=0x00ffffff00ffffff is an unknown value
RSI=0x00007feebd8c3ed0 points into unknown readable memory: 0x0000000000000000 | 00 00 00 00 00 00 00 00
RDI=0x00007feebcab0980 points into unknown readable memory: 0x00007feebcfe3d50 | 50 3d fe bc ee 7f 00 00
R8 =0x0000000000000004 is an unknown value
R9 =0x00000004506307c8 is an oop: net.ice.curio.library.opengl.object.GLFence 
{0x00000004506307c8} - klass: 'net/ice/curio/library/opengl/object/GLFence'
 - ---- fields (total size 3 words):
 - private 'handle' 'J' @16  0 (0x0000000000000000)
R10=0x00007feeabc6b991 is at code_begin+1009 in an Interpreter codelet
native method entry point (kind = native)  [0x00007feeabc6b5a0, 0x00007feeabc6c010]  2672 bytes
R11=0x00000004530eab28 is an oop: java.lang.Class 
{0x00000004530eab28} - klass: 'java/lang/Class'
 - ---- fields (total size 25 words):
 - private volatile transient 'classRedefinedCount' 'I' @12  0 (0x00000000)
 - injected 'klass' 'J' @16  140661052514952 (0x00007fee3411a288)
 - injected 'array_klass' 'J' @24  0 (0x0000000000000000)
 - injected 'oop_size' 'I' @32  25 (0x00000019)
 - injected 'static_oop_field_count' 'I' @36  0 (0x00000000)
 - private volatile transient 'cachedConstructor' 'Ljava/lang/reflect/Constructor;' @40  null (0x00000000)
 - private transient 'name' 'Ljava/lang/String;' @44  "org.lwjgl.opengl.GL45C"{0x00000004530eabf0} (0x8a61d57e)
 - private transient 'module' 'Ljava/lang/Module;' @48  a 'java/lang/Module'{0x00000007ff8ed138} (0xfff1da27)
 - private final 'classLoader' 'Ljava/lang/ClassLoader;' @52  a 'jdk/internal/loader/ClassLoaders$AppClassLoader'{0x00000007ff8ed0d0} (0xfff1da1a)
 - private transient 'classData' 'Ljava/lang/Object;' @56  null (0x00000000)
 - private transient 'packageName' 'Ljava/lang/String;' @60  "org.lwjgl.opengl"{0x0000000453063d28} (0x8a60c7a5)
 - private final 'componentType' 'Ljava/lang/Class;' @64  null (0x00000000)
 - private volatile transient 'reflectionData' 'Ljava/lang/ref/SoftReference;' @68  null (0x00000000)
 - private volatile transient 'genericInfo' 'Lsun/reflect/generics/repository/ClassRepository;' @72  null (0x00000000)
 - private volatile transient 'enumConstants' '[Ljava/lang/Object;' @76  null (0x00000000)
 - private volatile transient 'enumConstantDirectory' 'Ljava/util/Map;' @80  null (0x00000000)
 - private volatile transient 'annotationData' 'Ljava/lang/Class$AnnotationData;' @84  null (0x00000000)
 - private volatile transient 'annotationType' 'Lsun/reflect/annotation/AnnotationType;' @88  null (0x00000000)
 - transient 'classValueMap' 'Ljava/lang/ClassValue$ClassValueMap;' @92  null (0x00000000)
 - injected 'protection_domain' 'Ljava/lang/Object;' @96  a 'java/security/ProtectionDomain'{0x00000004530638a8} (0x8a60c715)
 - injected 'signers_name' 'Ljava/lang/Object;' @100  null (0x00000000)
 - injected 'source_file' 'Ljava/lang/Object;' @104  null (0x00000000)
 - injected '<init_lock>' 'Ljava/lang/Object;' @108  null (0x00000000)
 - signature: Lorg/lwjgl/opengl/GL45C;
 - ---- static fields (0):
 - public static final 'GL_NEGATIVE_ONE_TO_ONE' 'I' @112  37726 (0x0000935e)
 - public static final 'GL_ZERO_TO_ONE' 'I' @116  37727 (0x0000935f)
 - public static final 'GL_CLIP_ORIGIN' 'I' @120  37724 (0x0000935c)
 - public static final 'GL_CLIP_DEPTH_MODE' 'I' @124  37725 (0x0000935d)
 - public static final 'GL_QUERY_WAIT_INVERTED' 'I' @128  36375 (0x00008e17)
 - public static final 'GL_QUERY_NO_WAIT_INVERTED' 'I' @132  36376 (0x00008e18)
 - public static final 'GL_QUERY_BY_REGION_WAIT_INVERTED' 'I' @136  36377 (0x00008e19)
 - public static final 'GL_QUERY_BY_REGION_NO_WAIT_INVERTED' 'I' @140  36378 (0x00008e1a)
 - public static final 'GL_MAX_CULL_DISTANCES' 'I' @144  33529 (0x000082f9)
 - public static final 'GL_MAX_COMBINED_CLIP_AND_CULL_DISTANCES' 'I' @148  33530 (0x000082fa)
 - public static final 'GL_TEXTURE_TARGET' 'I' @152  4102 (0x00001006)
 - public static final 'GL_QUERY_TARGET' 'I' @156  33514 (0x000082ea)
 - public static final 'GL_CONTEXT_RELEASE_BEHAVIOR' 'I' @160  33531 (0x000082fb)
 - public static final 'GL_CONTEXT_RELEASE_BEHAVIOR_FLUSH' 'I' @164  33532 (0x000082fc)
 - public static final 'GL_GUILTY_CONTEXT_RESET' 'I' @168  33363 (0x00008253)
 - public static final 'GL_INNOCENT_CONTEXT_RESET' 'I' @172  33364 (0x00008254)
 - public static final 'GL_UNKNOWN_CONTEXT_RESET' 'I' @176  33365 (0x00008255)
 - public static final 'GL_RESET_NOTIFICATION_STRATEGY' 'I' @180  33366 (0x00008256)
 - public static final 'GL_LOSE_CONTEXT_ON_RESET' 'I' @184  33362 (0x00008252)
 - public static final 'GL_NO_RESET_NOTIFICATION' 'I' @188  33377 (0x00008261)
 - public static final 'GL_CONTEXT_FLAG_ROBUST_ACCESS_BIT' 'I' @192  4 (0x00000004)
 - public static final 'GL_CONTEXT_LOST' 'I' @196  1287 (0x00000507)
R12=0x0 is null
R13=0x00000000ffffffff is an unknown value
R14=0x00007feebd8c3ed0 points into unknown readable memory: 0x0000000000000000 | 00 00 00 00 00 00 00 00
R15=0x00007feebc02ce80 is a thread

Top of Stack: (sp=0x00007feec33fe3f0)
0x00007feec33fe3f0:   0000000005e90600 00007feebcab0980
0x00007feec33fe400:   00007fee2efdc2c0 0000000000000001
0x00007feec33fe410:   0000000040ada000 00007feebcab0980
0x00007feec33fe420:   0000000000000001 00007feec33fe538
0x00007feec33fe430:   00007feebc02ce80 00007fee2d823af2
0x00007feec33fe440:   00007fee2f9bd5c0 0000000040ada000
0x00007feec33fe450:   0000000000000001 00007feebc46ef7c
0x00007feec33fe460:   00007feec33fe538 00007fee2cf13565
0x00007feec33fe470:   00007fee2f9bd5c0 00007feec33fe508
0x00007feec33fe480:   0000000000000000 00007fee2f9bd5c0
0x00007feec33fe490:   00007feec33fe538 00007feeabc6b9c0
0x00007feec33fe4a0:   00007feeabc672f2 0000000000000001
0x00007feec33fe4b0:   00007feebc46ef7c 0000000000000000
0x00007feec33fe4c0:   00007feec33fe4c0 0000000000000000
0x00007feec33fe4d0:   0000000000000006 00007fee2f9d0c38
0x00007feec33fe4e0:   0000000000000000 00000004530eab28
0x00007feec33fe4f0:   00007fee2f9bd5c0 0000000000000000
0x00007feec33fe500:   00007feec33fe528 00007feec33fe588
0x00007feec33fe510:   00007feeabc67180 00000004530eab28
0x00007feec33fe520:   00007feeabc68fd7 00007feebc46ef7c
0x00007feec33fe530:   0000000000000000 0000000000000001
0x00007feec33fe540:   00007feec33fe540 00007fee2f9bd744
0x00007feec33fe550:   0000000000000006 00007fee2f9d0c38
0x00007feec33fe560:   0000000000000000 00000004530eab28
0x00007feec33fe570:   00007fee2f9bd7b0 00007feec33fe528
0x00007feec33fe580:   00007feec33fe5c0 00007feec33fe608
0x00007feec33fe590:   00007feeabc672a8 0000000000000000
0x00007feec33fe5a0:   0000000000000000 00000004506307f0
0x00007feec33fe5b0:   0000000000010000 00000004170079f0
0x00007feec33fe5c0:   00007feec33fe5c0 00007fee2f919868
0x00007feec33fe5d0:   0000000000000001 00007fee2f9a8f18
0x00007feec33fe5e0:   0000000000000000 00000004530ead30 

Instructions: (pc=0x00007fee2cf8eb06)
0x00007fee2cf8ea06:   83 c4 08 5b 5d 41 5c 41 5d c3 41 c7 45 1c 03 00
0x00007fee2cf8ea16:   00 00 48 83 c4 08 b8 01 00 00 00 5b 5d 41 5c 41
0x00007fee2cf8ea26:   5d c3 0f 1f 84 00 00 00 00 00 41 57 41 56 49 89
0x00007fee2cf8ea36:   f6 41 55 41 54 55 53 48 83 ec 18 48 8b 07 44 8b
0x00007fee2cf8ea46:   67 08 48 89 7c 24 08 48 85 c0 0f 84 2a 02 00 00
0x00007fee2cf8ea56:   45 85 e4 0f 8e 61 02 00 00 8b 4e 0c 31 d2 eb 16
0x00007fee2cf8ea66:   66 2e 0f 1f 84 00 00 00 00 00 48 8b 40 10 83 c2
0x00007fee2cf8ea76:   01 41 39 d4 74 2c 39 48 08 73 ef 39 48 0c 0f 83
0x00007fee2cf8ea86:   be 00 00 00 48 8b 70 20 48 85 f6 0f 84 b1 00 00
0x00007fee2cf8ea96:   00 83 c2 01 48 89 f0 41 39 d4 75 da 66 0f 1f 44
0x00007fee2cf8eaa6:   00 00 45 8d 6c 24 ff 48 8b 28 48 85 ed 75 51 e9
0x00007fee2cf8eab6:   97 00 00 00 66 0f 1f 44 00 00 48 c7 03 00 00 00
0x00007fee2cf8eac6:   00 44 89 e9 45 89 e0 4c 89 f2 48 c7 43 20 00 00
0x00007fee2cf8ead6:   00 00 48 89 de 48 89 ef 41 83 ed 01 48 c7 43 18
0x00007fee2cf8eae6:   00 00 00 00 48 c7 43 10 00 00 00 00 e8 f9 67 ff
0x00007fee2cf8eaf6:   ff 48 8b 45 00 48 85 c0 74 60 48 89 c5 49 89 de
0x00007fee2cf8eb06:   48 83 7d 20 00 0f 84 07 01 00 00 4c 8d 3d a8 e7
0x00007fee2cf8eb16:   04 02 bf 28 00 00 00 41 ff 17 48 89 c3 48 85 c0
0x00007fee2cf8eb26:   75 98 48 8b 7c 24 08 8b 47 18 89 44 24 04 83 e8
0x00007fee2cf8eb36:   01 89 47 18 48 8b 5c c7 20 e9 7c ff ff ff 0f 1f
0x00007fee2cf8eb46:   40 00 48 8b 40 18 e9 23 ff ff ff 4c 8d 3d 68 e7
0x00007fee2cf8eb56:   04 02 48 89 c5 4c 89 f3 66 90 bf 28 00 00 00 41
0x00007fee2cf8eb66:   ff 17 48 89 c1 48 85 c0 0f 84 2c 01 00 00 48 c7
0x00007fee2cf8eb76:   41 20 00 00 00 00 48 c7 41 18 00 00 00 00 48 c7
0x00007fee2cf8eb86:   41 10 00 00 00 00 48 c7 01 00 00 00 00 48 89 4d
0x00007fee2cf8eb96:   00 48 89 0b 45 85 e4 0f 8e 94 00 00 00 48 89 e8
0x00007fee2cf8eba6:   31 d2 eb 12 66 0f 1f 44 00 00 83 c2 01 41 39 d4
0x00007fee2cf8ebb6:   0f 84 bc 00 00 00 48 89 c6 48 8b 40 20 48 85 c0
0x00007fee2cf8ebc6:   75 e8 8b 7e 0c 48 83 7e 18 00 0f 44 7e 08 48 89
0x00007fee2cf8ebd6:   d8 31 d2 eb 0d 0f 1f 44 00 00 83 c2 01 41 39 d4
0x00007fee2cf8ebe6:   7e 58 48 89 c6 48 8b 40 20 48 85 c0 75 ec 48 83
0x00007fee2cf8ebf6:   7e 18 00 74 75 8b 46 0c 39 c7 72 45 48 89 59 10 


Stack slot to memory mapping:

stack at sp + 0 slots: 0x0000000005e90600 is an unknown value
stack at sp + 1 slots: 0x00007feebcab0980 points into unknown readable memory: 0x00007feebcfe3d50 | 50 3d fe bc ee 7f 00 00
stack at sp + 2 slots: 0x00007fee2efdc2c0: _nv015glcore+0x0000000000000000 in /usr/lib/libnvidia-glcore.so.610.57.04 at 0x00007fee2c800000
stack at sp + 3 slots: 0x0000000000000001 is an unknown value
stack at sp + 4 slots: 0x0000000040ada000 points into unknown readable memory: 0x00007feebc7859a0 | a0 59 78 bc ee 7f 00 00
stack at sp + 5 slots: 0x00007feebcab0980 points into unknown readable memory: 0x00007feebcfe3d50 | 50 3d fe bc ee 7f 00 00
stack at sp + 6 slots: 0x0000000000000001 is an unknown value
stack at sp + 7 slots: 0x00007feec33fe538 is pointing into the stack for thread: 0x00007feebc02ce80


---------------  P R O C E S S  ---------------

Threads class SMR info:
_java_thread_list=0x00007fee7402ae40, length=15, elements={
0x00007feebc02ce80, 0x00007feebc162c40, 0x00007feebc1641a0, 0x00007feebc165920,
0x00007feebc166f50, 0x00007feebc1684e0, 0x00007feebc16a090, 0x00007feebc16b740,
0x00007feebc177da0, 0x00007feebc17af20, 0x00007fee080f01b0, 0x00007fedf8060cd0,
0x00007fedf8062320, 0x00007fee14288a50, 0x00007fee74001fb0
}

Java Threads: ( => current thread )
=>0x00007feebc02ce80 JavaThread "main"                              [_thread_in_native, id=79226, stack(0x00007feec3300000,0x00007feec3400000) (1024K)]
  0x00007feebc162c40 JavaThread "Reference Handler"          daemon [_thread_blocked, id=79234, stack(0x00007fee90d2f000,0x00007fee90e2f000) (1024K)]
  0x00007feebc1641a0 JavaThread "Finalizer"                  daemon [_thread_blocked, id=79235, stack(0x00007fee90900000,0x00007fee90a00000) (1024K)]
  0x00007feebc165920 JavaThread "Signal Dispatcher"          daemon [_thread_blocked, id=79236, stack(0x00007fee907ff000,0x00007fee908ff000) (1024K)]
  0x00007feebc166f50 JavaThread "Service Thread"             daemon [_thread_blocked, id=79237, stack(0x00007fee906fe000,0x00007fee907fe000) (1024K)]
  0x00007feebc1684e0 JavaThread "Monitor Deflation Thread"   daemon [_thread_blocked, id=79238, stack(0x00007fee905fd000,0x00007fee906fd000) (1024K)]
  0x00007feebc16a090 JavaThread "C2 CompilerThread0"         daemon [_thread_blocked, id=79239, stack(0x00007fee904fc000,0x00007fee905fc000) (1024K)]
  0x00007feebc16b740 JavaThread "C1 CompilerThread0"         daemon [_thread_blocked, id=79240, stack(0x00007fee903fb000,0x00007fee904fb000) (1024K)]
  0x00007feebc177da0 JavaThread "Notification Thread"        daemon [_thread_blocked, id=79241, stack(0x00007fee902fa000,0x00007fee903fa000) (1024K)]
  0x00007feebc17af20 JavaThread "Common-Cleaner"             daemon [_thread_blocked, id=79242, stack(0x00007fee901f9000,0x00007fee902f9000) (1024K)]
  0x00007fee080f01b0 JavaThread "C1 CompilerThread1"         daemon [_thread_blocked, id=79244, stack(0x00007fee81f00000,0x00007fee82000000) (1024K)]
  0x00007fedf8060cd0 JavaThread "C1 CompilerThread2"         daemon [_thread_blocked, id=79245, stack(0x00007fee81b00000,0x00007fee81c00000) (1024K)]
  0x00007fedf8062320 JavaThread "C1 CompilerThread3"         daemon [_thread_blocked, id=79246, stack(0x00007fee81700000,0x00007fee81800000) (1024K)]
  0x00007fee14288a50 JavaThread "C2 CompilerThread1"         daemon [_thread_blocked, id=79322, stack(0x00007fede2af3000,0x00007fede2bf3000) (1024K)]
  0x00007fee74001fb0 JavaThread "C2 CompilerThread2"         daemon [_thread_blocked, id=79323, stack(0x00007fede29f2000,0x00007fede2af2000) (1024K)]
Total: 15

Other Threads:
  0x00007feebc159b40 VMThread "VM Thread"                           [id=79233, stack(0x00007fee90e30000,0x00007fee90f30000) (1024K)]
  0x00007feebc1476e0 WatcherThread "VM Periodic Task Thread"        [id=79232, stack(0x00007feec0057000,0x00007feec0157000) (1024K)]
  0x00007feebc05ab30 WorkerThread "GC Thread#0"                     [id=79227, stack(0x00007feec17ef000,0x00007feec18ef000) (1024K)]
  0x00007fee2801d370 WorkerThread "GC Thread#1"                     [id=79280, stack(0x00007fede28f1000,0x00007fede29f1000) (1024K)]
  0x00007fee2801dea0 WorkerThread "GC Thread#2"                     [id=79281, stack(0x00007fede27f0000,0x00007fede28f0000) (1024K)]
  0x00007fee2801e9d0 WorkerThread "GC Thread#3"                     [id=79282, stack(0x00007fede26ef000,0x00007fede27ef000) (1024K)]
  0x00007fee2801f500 WorkerThread "GC Thread#4"                     [id=79283, stack(0x00007fede25ee000,0x00007fede26ee000) (1024K)]
  0x00007fee28020030 WorkerThread "GC Thread#5"                     [id=79284, stack(0x00007fede24ed000,0x00007fede25ed000) (1024K)]
  0x00007fee28020b60 WorkerThread "GC Thread#6"                     [id=79285, stack(0x00007fede23ec000,0x00007fede24ec000) (1024K)]
  0x00007fee28021690 WorkerThread "GC Thread#7"                     [id=79286, stack(0x00007fede22eb000,0x00007fede23eb000) (1024K)]
  0x00007fee280221e0 WorkerThread "GC Thread#8"                     [id=79287, stack(0x00007fede21ea000,0x00007fede22ea000) (1024K)]
  0x00007fee28022d50 WorkerThread "GC Thread#9"                     [id=79288, stack(0x00007fede20e9000,0x00007fede21e9000) (1024K)]
  0x00007fee280238c0 WorkerThread "GC Thread#10"                    [id=79289, stack(0x00007fede1fe8000,0x00007fede20e8000) (1024K)]
  0x00007fee28024820 WorkerThread "GC Thread#11"                    [id=79290, stack(0x00007fede1ee7000,0x00007fede1fe7000) (1024K)]
  0x00007fee28025780 WorkerThread "GC Thread#12"                    [id=79291, stack(0x00007fede1de6000,0x00007fede1ee6000) (1024K)]
  0x00007fee280266e0 WorkerThread "GC Thread#13"                    [id=79292, stack(0x00007fede1ce5000,0x00007fede1de5000) (1024K)]
  0x00007fee28027640 WorkerThread "GC Thread#14"                    [id=79293, stack(0x00007fede1be4000,0x00007fede1ce4000) (1024K)]
  0x00007fee280285d0 WorkerThread "GC Thread#15"                    [id=79294, stack(0x00007fede1ae3000,0x00007fede1be3000) (1024K)]
  0x00007fee28029560 WorkerThread "GC Thread#16"                    [id=79295, stack(0x00007fede19e2000,0x00007fede1ae2000) (1024K)]
  0x00007fee2802a970 WorkerThread "GC Thread#17"                    [id=79296, stack(0x00007fede18e1000,0x00007fede19e1000) (1024K)]
  0x00007feebc06bbd0 ConcurrentGCThread "G1 Main Marker"            [id=79228, stack(0x00007feec16ee000,0x00007feec17ee000) (1024K)]
  0x00007feebc06cba0 WorkerThread "G1 Conc#0"                       [id=79229, stack(0x00007feec15ed000,0x00007feec16ed000) (1024K)]
  0x00007feebc12ca50 ConcurrentGCThread "G1 Refine#0"               [id=79230, stack(0x00007feec02da000,0x00007feec03da000) (1024K)]
  0x00007feebc12da00 ConcurrentGCThread "G1 Service"                [id=79231, stack(0x00007feec01d9000,0x00007feec02d9000) (1024K)]
Total: 24

Threads with active compile tasks:
Total: 0

VM state: not at safepoint (normal execution)

VM Mutex/Monitor currently owned by a thread: None

Heap address: 0x0000000417000000, size: 16016 MB, Compressed Oops mode: Zero based, Oop shift amount: 3

CDS archive(s) mapped at: [0x00007fee33000000-0x00007fee33ca0000-0x00007fee33ca0000), size 13238272, SharedBaseAddress: 0x00007fee33000000, ArchiveRelocationMode: 1.
Compressed class space mapped at: 0x00007fee34000000-0x00007fee74000000, reserved size: 1073741824
Narrow klass base: 0x00007fee33000000, Narrow klass shift: 0, Narrow klass range: 0x100000000

GC Precious Log:
 CardTable entry size: 512
 Card Set container configuration: InlinePtr #cards 4 size 8 Array Of Cards #cards 64 size 144 Howl #buckets 8 coarsen threshold 14745 Howl Bitmap #cards 2048 size 272 coarsen threshold 1843 Card regions per heap region 1 cards per card region 16384
 CPUs: 24 total, 24 available
 Memory: 64055M
 Large Page Support: Disabled
 NUMA Support: Disabled
 Compressed Oops: Enabled (Zero based)
 Heap Region Size: 8M
 Heap Min Capacity: 8M
 Heap Initial Capacity: 1008M
 Heap Max Capacity: 16016M
 Pre-touch: Disabled
 Parallel Workers: 18
 Concurrent Workers: 5
 Concurrent Refinement Workers: 18
 Periodic GC: Disabled

Heap:
 garbage-first heap   total 1040384K, used 79986K [0x0000000417000000, 0x0000000800000000)
  region size 8192K, 12 young (98304K), 1 survivors (8192K)
 Metaspace       used 13971K, committed 14400K, reserved 1114112K
  class space    used 988K, committed 1216K, reserved 1048576K

Heap Regions: E=young(eden), S=young(survivor), O=old, HS=humongous(starts), HC=humongous(continues), CS=collection set, F=free, TAMS=top-at-mark-start, PB=parsable bottom
|   0|0x0000000417000000, 0x0000000417378410, 0x0000000417800000| 43%| O|  |TAMS 0x0000000417000000| PB 0x0000000417000000| Untracked 
|   1|0x0000000417800000, 0x0000000417800000, 0x0000000418000000|  0%| F|  |TAMS 0x0000000417800000| PB 0x0000000417800000| Untracked 
|   2|0x0000000418000000, 0x0000000418000000, 0x0000000418800000|  0%| F|  |TAMS 0x0000000418000000| PB 0x0000000418000000| Untracked 
|   3|0x0000000418800000, 0x0000000418800000, 0x0000000419000000|  0%| F|  |TAMS 0x0000000418800000| PB 0x0000000418800000| Untracked 
|   4|0x0000000419000000, 0x0000000419000000, 0x0000000419800000|  0%| F|  |TAMS 0x0000000419000000| PB 0x0000000419000000| Untracked 
|   5|0x0000000419800000, 0x0000000419800000, 0x000000041a000000|  0%| F|  |TAMS 0x0000000419800000| PB 0x0000000419800000| Untracked 
|   6|0x000000041a000000, 0x000000041a000000, 0x000000041a800000|  0%| F|  |TAMS 0x000000041a000000| PB 0x000000041a000000| Untracked 
|   7|0x000000041a800000, 0x000000041a800000, 0x000000041b000000|  0%| F|  |TAMS 0x000000041a800000| PB 0x000000041a800000| Untracked 
|   8|0x000000041b000000, 0x000000041b000000, 0x000000041b800000|  0%| F|  |TAMS 0x000000041b000000| PB 0x000000041b000000| Untracked 
|   9|0x000000041b800000, 0x000000041b800000, 0x000000041c000000|  0%| F|  |TAMS 0x000000041b800000| PB 0x000000041b800000| Untracked 
|  10|0x000000041c000000, 0x000000041c000000, 0x000000041c800000|  0%| F|  |TAMS 0x000000041c000000| PB 0x000000041c000000| Untracked 
|  11|0x000000041c800000, 0x000000041c800000, 0x000000041d000000|  0%| F|  |TAMS 0x000000041c800000| PB 0x000000041c800000| Untracked 
|  12|0x000000041d000000, 0x000000041d000000, 0x000000041d800000|  0%| F|  |TAMS 0x000000041d000000| PB 0x000000041d000000| Untracked 
|  13|0x000000041d800000, 0x000000041d800000, 0x000000041e000000|  0%| F|  |TAMS 0x000000041d800000| PB 0x000000041d800000| Untracked 
|  14|0x000000041e000000, 0x000000041e000000, 0x000000041e800000|  0%| F|  |TAMS 0x000000041e000000| PB 0x000000041e000000| Untracked 
|  15|0x000000041e800000, 0x000000041e800000, 0x000000041f000000|  0%| F|  |TAMS 0x000000041e800000| PB 0x000000041e800000| Untracked 
|  16|0x000000041f000000, 0x000000041f000000, 0x000000041f800000|  0%| F|  |TAMS 0x000000041f000000| PB 0x000000041f000000| Untracked 
|  17|0x000000041f800000, 0x000000041f800000, 0x0000000420000000|  0%| F|  |TAMS 0x000000041f800000| PB 0x000000041f800000| Untracked 
|  18|0x0000000420000000, 0x0000000420000000, 0x0000000420800000|  0%| F|  |TAMS 0x0000000420000000| PB 0x0000000420000000| Untracked 
|  19|0x0000000420800000, 0x0000000420800000, 0x0000000421000000|  0%| F|  |TAMS 0x0000000420800000| PB 0x0000000420800000| Untracked 
|  20|0x0000000421000000, 0x0000000421000000, 0x0000000421800000|  0%| F|  |TAMS 0x0000000421000000| PB 0x0000000421000000| Untracked 
|  21|0x0000000421800000, 0x0000000421800000, 0x0000000422000000|  0%| F|  |TAMS 0x0000000421800000| PB 0x0000000421800000| Untracked 
|  22|0x0000000422000000, 0x0000000422000000, 0x0000000422800000|  0%| F|  |TAMS 0x0000000422000000| PB 0x0000000422000000| Untracked 
|  23|0x0000000422800000, 0x0000000422800000, 0x0000000423000000|  0%| F|  |TAMS 0x0000000422800000| PB 0x0000000422800000| Untracked 
|  24|0x0000000423000000, 0x0000000423000000, 0x0000000423800000|  0%| F|  |TAMS 0x0000000423000000| PB 0x0000000423000000| Untracked 
|  25|0x0000000423800000, 0x0000000423800000, 0x0000000424000000|  0%| F|  |TAMS 0x0000000423800000| PB 0x0000000423800000| Untracked 
|  26|0x0000000424000000, 0x0000000424000000, 0x0000000424800000|  0%| F|  |TAMS 0x0000000424000000| PB 0x0000000424000000| Untracked 
|  27|0x0000000424800000, 0x0000000424800000, 0x0000000425000000|  0%| F|  |TAMS 0x0000000424800000| PB 0x0000000424800000| Untracked 
|  28|0x0000000425000000, 0x0000000425000000, 0x0000000425800000|  0%| F|  |TAMS 0x0000000425000000| PB 0x0000000425000000| Untracked 
|  29|0x0000000425800000, 0x0000000425800000, 0x0000000426000000|  0%| F|  |TAMS 0x0000000425800000| PB 0x0000000425800000| Untracked 
|  30|0x0000000426000000, 0x0000000426000000, 0x0000000426800000|  0%| F|  |TAMS 0x0000000426000000| PB 0x0000000426000000| Untracked 
|  31|0x0000000426800000, 0x0000000426800000, 0x0000000427000000|  0%| F|  |TAMS 0x0000000426800000| PB 0x0000000426800000| Untracked 
|  32|0x0000000427000000, 0x0000000427000000, 0x0000000427800000|  0%| F|  |TAMS 0x0000000427000000| PB 0x0000000427000000| Untracked 
|  33|0x0000000427800000, 0x0000000427800000, 0x0000000428000000|  0%| F|  |TAMS 0x0000000427800000| PB 0x0000000427800000| Untracked 
|  34|0x0000000428000000, 0x0000000428000000, 0x0000000428800000|  0%| F|  |TAMS 0x0000000428000000| PB 0x0000000428000000| Untracked 
|  35|0x0000000428800000, 0x0000000428800000, 0x0000000429000000|  0%| F|  |TAMS 0x0000000428800000| PB 0x0000000428800000| Untracked 
|  36|0x0000000429000000, 0x0000000429000000, 0x0000000429800000|  0%| F|  |TAMS 0x0000000429000000| PB 0x0000000429000000| Untracked 
|  37|0x0000000429800000, 0x0000000429800000, 0x000000042a000000|  0%| F|  |TAMS 0x0000000429800000| PB 0x0000000429800000| Untracked 
|  38|0x000000042a000000, 0x000000042a000000, 0x000000042a800000|  0%| F|  |TAMS 0x000000042a000000| PB 0x000000042a000000| Untracked 
|  39|0x000000042a800000, 0x000000042a800000, 0x000000042b000000|  0%| F|  |TAMS 0x000000042a800000| PB 0x000000042a800000| Untracked 
|  40|0x000000042b000000, 0x000000042b000000, 0x000000042b800000|  0%| F|  |TAMS 0x000000042b000000| PB 0x000000042b000000| Untracked 
|  41|0x000000042b800000, 0x000000042b800000, 0x000000042c000000|  0%| F|  |TAMS 0x000000042b800000| PB 0x000000042b800000| Untracked 
|  42|0x000000042c000000, 0x000000042c000000, 0x000000042c800000|  0%| F|  |TAMS 0x000000042c000000| PB 0x000000042c000000| Untracked 
|  43|0x000000042c800000, 0x000000042c800000, 0x000000042d000000|  0%| F|  |TAMS 0x000000042c800000| PB 0x000000042c800000| Untracked 
|  44|0x000000042d000000, 0x000000042d000000, 0x000000042d800000|  0%| F|  |TAMS 0x000000042d000000| PB 0x000000042d000000| Untracked 
|  45|0x000000042d800000, 0x000000042d800000, 0x000000042e000000|  0%| F|  |TAMS 0x000000042d800000| PB 0x000000042d800000| Untracked 
|  46|0x000000042e000000, 0x000000042e000000, 0x000000042e800000|  0%| F|  |TAMS 0x000000042e000000| PB 0x000000042e000000| Untracked 
|  47|0x000000042e800000, 0x000000042e800000, 0x000000042f000000|  0%| F|  |TAMS 0x000000042e800000| PB 0x000000042e800000| Untracked 
|  48|0x000000042f000000, 0x000000042f000000, 0x000000042f800000|  0%| F|  |TAMS 0x000000042f000000| PB 0x000000042f000000| Untracked 
|  49|0x000000042f800000, 0x000000042f800000, 0x0000000430000000|  0%| F|  |TAMS 0x000000042f800000| PB 0x000000042f800000| Untracked 
|  50|0x0000000430000000, 0x0000000430000000, 0x0000000430800000|  0%| F|  |TAMS 0x0000000430000000| PB 0x0000000430000000| Untracked 
|  51|0x0000000430800000, 0x0000000430800000, 0x0000000431000000|  0%| F|  |TAMS 0x0000000430800000| PB 0x0000000430800000| Untracked 
|  52|0x0000000431000000, 0x0000000431000000, 0x0000000431800000|  0%| F|  |TAMS 0x0000000431000000| PB 0x0000000431000000| Untracked 
|  53|0x0000000431800000, 0x0000000431800000, 0x0000000432000000|  0%| F|  |TAMS 0x0000000431800000| PB 0x0000000431800000| Untracked 
|  54|0x0000000432000000, 0x0000000432000000, 0x0000000432800000|  0%| F|  |TAMS 0x0000000432000000| PB 0x0000000432000000| Untracked 
|  55|0x0000000432800000, 0x0000000432800000, 0x0000000433000000|  0%| F|  |TAMS 0x0000000432800000| PB 0x0000000432800000| Untracked 
|  56|0x0000000433000000, 0x0000000433000000, 0x0000000433800000|  0%| F|  |TAMS 0x0000000433000000| PB 0x0000000433000000| Untracked 
|  57|0x0000000433800000, 0x0000000433800000, 0x0000000434000000|  0%| F|  |TAMS 0x0000000433800000| PB 0x0000000433800000| Untracked 
|  58|0x0000000434000000, 0x0000000434000000, 0x0000000434800000|  0%| F|  |TAMS 0x0000000434000000| PB 0x0000000434000000| Untracked 
|  59|0x0000000434800000, 0x0000000434800000, 0x0000000435000000|  0%| F|  |TAMS 0x0000000434800000| PB 0x0000000434800000| Untracked 
|  60|0x0000000435000000, 0x0000000435000000, 0x0000000435800000|  0%| F|  |TAMS 0x0000000435000000| PB 0x0000000435000000| Untracked 
|  61|0x0000000435800000, 0x0000000435800000, 0x0000000436000000|  0%| F|  |TAMS 0x0000000435800000| PB 0x0000000435800000| Untracked 
|  62|0x0000000436000000, 0x0000000436000000, 0x0000000436800000|  0%| F|  |TAMS 0x0000000436000000| PB 0x0000000436000000| Untracked 
|  63|0x0000000436800000, 0x0000000436800000, 0x0000000437000000|  0%| F|  |TAMS 0x0000000436800000| PB 0x0000000436800000| Untracked 
|  64|0x0000000437000000, 0x0000000437000000, 0x0000000437800000|  0%| F|  |TAMS 0x0000000437000000| PB 0x0000000437000000| Untracked 
|  65|0x0000000437800000, 0x0000000437800000, 0x0000000438000000|  0%| F|  |TAMS 0x0000000437800000| PB 0x0000000437800000| Untracked 
|  66|0x0000000438000000, 0x0000000438000000, 0x0000000438800000|  0%| F|  |TAMS 0x0000000438000000| PB 0x0000000438000000| Untracked 
|  67|0x0000000438800000, 0x0000000438800000, 0x0000000439000000|  0%| F|  |TAMS 0x0000000438800000| PB 0x0000000438800000| Untracked 
|  68|0x0000000439000000, 0x0000000439000000, 0x0000000439800000|  0%| F|  |TAMS 0x0000000439000000| PB 0x0000000439000000| Untracked 
|  69|0x0000000439800000, 0x0000000439800000, 0x000000043a000000|  0%| F|  |TAMS 0x0000000439800000| PB 0x0000000439800000| Untracked 
|  70|0x000000043a000000, 0x000000043a000000, 0x000000043a800000|  0%| F|  |TAMS 0x000000043a000000| PB 0x000000043a000000| Untracked 
|  71|0x000000043a800000, 0x000000043a800000, 0x000000043b000000|  0%| F|  |TAMS 0x000000043a800000| PB 0x000000043a800000| Untracked 
|  72|0x000000043b000000, 0x000000043b000000, 0x000000043b800000|  0%| F|  |TAMS 0x000000043b000000| PB 0x000000043b000000| Untracked 
|  73|0x000000043b800000, 0x000000043b800000, 0x000000043c000000|  0%| F|  |TAMS 0x000000043b800000| PB 0x000000043b800000| Untracked 
|  74|0x000000043c000000, 0x000000043c000000, 0x000000043c800000|  0%| F|  |TAMS 0x000000043c000000| PB 0x000000043c000000| Untracked 
|  75|0x000000043c800000, 0x000000043c800000, 0x000000043d000000|  0%| F|  |TAMS 0x000000043c800000| PB 0x000000043c800000| Untracked 
|  76|0x000000043d000000, 0x000000043d000000, 0x000000043d800000|  0%| F|  |TAMS 0x000000043d000000| PB 0x000000043d000000| Untracked 
|  77|0x000000043d800000, 0x000000043d800000, 0x000000043e000000|  0%| F|  |TAMS 0x000000043d800000| PB 0x000000043d800000| Untracked 
|  78|0x000000043e000000, 0x000000043e000000, 0x000000043e800000|  0%| F|  |TAMS 0x000000043e000000| PB 0x000000043e000000| Untracked 
|  79|0x000000043e800000, 0x000000043e800000, 0x000000043f000000|  0%| F|  |TAMS 0x000000043e800000| PB 0x000000043e800000| Untracked 
|  80|0x000000043f000000, 0x000000043f000000, 0x000000043f800000|  0%| F|  |TAMS 0x000000043f000000| PB 0x000000043f000000| Untracked 
|  81|0x000000043f800000, 0x000000043f800000, 0x0000000440000000|  0%| F|  |TAMS 0x000000043f800000| PB 0x000000043f800000| Untracked 
|  82|0x0000000440000000, 0x0000000440000000, 0x0000000440800000|  0%| F|  |TAMS 0x0000000440000000| PB 0x0000000440000000| Untracked 
|  83|0x0000000440800000, 0x0000000440800000, 0x0000000441000000|  0%| F|  |TAMS 0x0000000440800000| PB 0x0000000440800000| Untracked 
|  84|0x0000000441000000, 0x0000000441000000, 0x0000000441800000|  0%| F|  |TAMS 0x0000000441000000| PB 0x0000000441000000| Untracked 
|  85|0x0000000441800000, 0x0000000441800000, 0x0000000442000000|  0%| F|  |TAMS 0x0000000441800000| PB 0x0000000441800000| Untracked 
|  86|0x0000000442000000, 0x0000000442000000, 0x0000000442800000|  0%| F|  |TAMS 0x0000000442000000| PB 0x0000000442000000| Untracked 
|  87|0x0000000442800000, 0x0000000442800000, 0x0000000443000000|  0%| F|  |TAMS 0x0000000442800000| PB 0x0000000442800000| Untracked 
|  88|0x0000000443000000, 0x0000000443000000, 0x0000000443800000|  0%| F|  |TAMS 0x0000000443000000| PB 0x0000000443000000| Untracked 
|  89|0x0000000443800000, 0x0000000443800000, 0x0000000444000000|  0%| F|  |TAMS 0x0000000443800000| PB 0x0000000443800000| Untracked 
|  90|0x0000000444000000, 0x0000000444000000, 0x0000000444800000|  0%| F|  |TAMS 0x0000000444000000| PB 0x0000000444000000| Untracked 
|  91|0x0000000444800000, 0x0000000444800000, 0x0000000445000000|  0%| F|  |TAMS 0x0000000444800000| PB 0x0000000444800000| Untracked 
|  92|0x0000000445000000, 0x0000000445000000, 0x0000000445800000|  0%| F|  |TAMS 0x0000000445000000| PB 0x0000000445000000| Untracked 
|  93|0x0000000445800000, 0x0000000445800000, 0x0000000446000000|  0%| F|  |TAMS 0x0000000445800000| PB 0x0000000445800000| Untracked 
|  94|0x0000000446000000, 0x0000000446000000, 0x0000000446800000|  0%| F|  |TAMS 0x0000000446000000| PB 0x0000000446000000| Untracked 
|  95|0x0000000446800000, 0x0000000446800000, 0x0000000447000000|  0%| F|  |TAMS 0x0000000446800000| PB 0x0000000446800000| Untracked 
|  96|0x0000000447000000, 0x0000000447000000, 0x0000000447800000|  0%| F|  |TAMS 0x0000000447000000| PB 0x0000000447000000| Untracked 
|  97|0x0000000447800000, 0x0000000447800000, 0x0000000448000000|  0%| F|  |TAMS 0x0000000447800000| PB 0x0000000447800000| Untracked 
|  98|0x0000000448000000, 0x0000000448000000, 0x0000000448800000|  0%| F|  |TAMS 0x0000000448000000| PB 0x0000000448000000| Untracked 
|  99|0x0000000448800000, 0x0000000448800000, 0x0000000449000000|  0%| F|  |TAMS 0x0000000448800000| PB 0x0000000448800000| Untracked 
| 100|0x0000000449000000, 0x0000000449000000, 0x0000000449800000|  0%| F|  |TAMS 0x0000000449000000| PB 0x0000000449000000| Untracked 
| 101|0x0000000449800000, 0x0000000449800000, 0x000000044a000000|  0%| F|  |TAMS 0x0000000449800000| PB 0x0000000449800000| Untracked 
| 102|0x000000044a000000, 0x000000044a000000, 0x000000044a800000|  0%| F|  |TAMS 0x000000044a000000| PB 0x000000044a000000| Untracked 
| 103|0x000000044a800000, 0x000000044a800000, 0x000000044b000000|  0%| F|  |TAMS 0x000000044a800000| PB 0x000000044a800000| Untracked 
| 104|0x000000044b000000, 0x000000044b000000, 0x000000044b800000|  0%| F|  |TAMS 0x000000044b000000| PB 0x000000044b000000| Untracked 
| 105|0x000000044b800000, 0x000000044b800000, 0x000000044c000000|  0%| F|  |TAMS 0x000000044b800000| PB 0x000000044b800000| Untracked 
| 106|0x000000044c000000, 0x000000044c000000, 0x000000044c800000|  0%| F|  |TAMS 0x000000044c000000| PB 0x000000044c000000| Untracked 
| 107|0x000000044c800000, 0x000000044c800000, 0x000000044d000000|  0%| F|  |TAMS 0x000000044c800000| PB 0x000000044c800000| Untracked 
| 108|0x000000044d000000, 0x000000044d000000, 0x000000044d800000|  0%| F|  |TAMS 0x000000044d000000| PB 0x000000044d000000| Untracked 
| 109|0x000000044d800000, 0x000000044d800000, 0x000000044e000000|  0%| F|  |TAMS 0x000000044d800000| PB 0x000000044d800000| Untracked 
| 110|0x000000044e000000, 0x000000044e000000, 0x000000044e800000|  0%| F|  |TAMS 0x000000044e000000| PB 0x000000044e000000| Untracked 
| 111|0x000000044e800000, 0x000000044e800000, 0x000000044f000000|  0%| F|  |TAMS 0x000000044e800000| PB 0x000000044e800000| Untracked 
| 112|0x000000044f000000, 0x000000044f000000, 0x000000044f800000|  0%| F|  |TAMS 0x000000044f000000| PB 0x000000044f000000| Untracked 
| 113|0x000000044f800000, 0x000000044f800000, 0x0000000450000000|  0%| F|  |TAMS 0x000000044f800000| PB 0x000000044f800000| Untracked 
| 114|0x0000000450000000, 0x000000045067b230, 0x0000000450800000| 81%| E|  |TAMS 0x0000000450000000| PB 0x0000000450000000| Complete 
| 115|0x0000000450800000, 0x0000000451000000, 0x0000000451000000|100%| E|CS|TAMS 0x0000000450800000| PB 0x0000000450800000| Complete 
| 116|0x0000000451000000, 0x0000000451800000, 0x0000000451800000|100%| E|CS|TAMS 0x0000000451000000| PB 0x0000000451000000| Complete 
| 117|0x0000000451800000, 0x0000000452000000, 0x0000000452000000|100%| E|CS|TAMS 0x0000000451800000| PB 0x0000000451800000| Complete 
| 118|0x0000000452000000, 0x0000000452800000, 0x0000000452800000|100%| E|CS|TAMS 0x0000000452000000| PB 0x0000000452000000| Complete 
| 119|0x0000000452800000, 0x0000000453000000, 0x0000000453000000|100%| E|CS|TAMS 0x0000000452800000| PB 0x0000000452800000| Complete 
| 120|0x0000000453000000, 0x0000000453198030, 0x0000000453800000| 19%| S|CS|TAMS 0x0000000453000000| PB 0x0000000453000000| Complete 
| 121|0x0000000453800000, 0x0000000454000000, 0x0000000454000000|100%| E|CS|TAMS 0x0000000453800000| PB 0x0000000453800000| Complete 
| 122|0x0000000454000000, 0x0000000454800000, 0x0000000454800000|100%| E|  |TAMS 0x0000000454000000| PB 0x0000000454000000| Complete 
| 123|0x0000000454800000, 0x0000000455000000, 0x0000000455000000|100%| E|CS|TAMS 0x0000000454800000| PB 0x0000000454800000| Complete 
| 124|0x0000000455000000, 0x0000000455800000, 0x0000000455800000|100%| E|CS|TAMS 0x0000000455000000| PB 0x0000000455000000| Complete 
| 125|0x0000000455800000, 0x0000000456000000, 0x0000000456000000|100%| E|CS|TAMS 0x0000000455800000| PB 0x0000000455800000| Complete 
|2001|0x00000007ff800000, 0x00000007ff90c7a0, 0x0000000800000000| 13%| O|  |TAMS 0x00000007ff800000| PB 0x00000007ff800000| Untracked 

Card table byte_map: [0x00007feea0970000,0x00007feea28b8000] _byte_map_base: 0x00007fee9e8b8000

Marking Bits: (CMBitMap*) 0x00007feebc05b650
 Bits: [0x00007fee90f30000, 0x00007feea0970000)

Polling page: 0x00007feec5262000

Metaspace:

Usage:
  Non-class:     12.68 MB used.
      Class:    988.71 KB used.
       Both:     13.64 MB used.

Virtual space:
  Non-class space:       64.00 MB reserved,      12.88 MB ( 20%) committed,  1 nodes.
      Class space:        1.00 GB reserved,       1.19 MB ( <1%) committed,  1 nodes.
             Both:        1.06 GB reserved,      14.06 MB (  1%) committed. 

Chunk freelists:
   Non-Class:  2.26 MB
       Class:  14.73 MB
        Both:  16.99 MB

MaxMetaspaceSize: unlimited
CompressedClassSpaceSize: 1.00 GB
Initial GC threshold: 21.00 MB
Current GC threshold: 21.00 MB
CDS: on
 - commit_granule_bytes: 65536.
 - commit_granule_words: 8192.
 - virtual_space_node_default_size: 8388608.
 - enlarge_chunks_in_place: 1.
 - use_allocation_guard: 0.


Internal statistics:

num_allocs_failed_limit: 0.
num_arena_births: 450.
num_arena_deaths: 0.
num_vsnodes_births: 2.
num_vsnodes_deaths: 0.
num_space_committed: 223.
num_space_uncommitted: 0.
num_chunks_returned_to_freelist: 0.
num_chunks_taken_from_freelist: 944.
num_chunk_merges: 0.
num_chunk_splits: 607.
num_chunks_enlarged: 350.
num_inconsistent_stats: 0.

CodeHeap 'non-profiled nmethods': size=119168Kb used=1154Kb max_used=1154Kb free=118013Kb
 bounds [0x00007feeac3a0000, 0x00007feeac610000, 0x00007feeb3800000]
CodeHeap 'profiled nmethods': size=119164Kb used=5218Kb max_used=5218Kb free=113945Kb
 bounds [0x00007feea4800000, 0x00007feea4d20000, 0x00007feeabc5f000]
CodeHeap 'non-nmethods': size=7428Kb used=4161Kb max_used=4189Kb free=3266Kb
 bounds [0x00007feeabc5f000, 0x00007feeac07f000, 0x00007feeac3a0000]
CodeCache: size=245760Kb, used=10533Kb, max_used=10561Kb, free=235224Kb
 total_blobs=4321, nmethods=2895, adapters=1329, full_count=0
Compilation: enabled, stopped_count=0, restarted_count=0

Compilation events (20 events):
Event: 2.513 Thread 0x00007fee080f01b0 nmethod 2886 0x00007feea4d0b390 code [0x00007feea4d0b560, 0x00007feea4d0b808]
Event: 2.513 Thread 0x00007fee080f01b0 2889       3       org.joml.Matrix4f::mulAffine (476 bytes)
Event: 2.513 Thread 0x00007feebc16b740 nmethod 2871 0x00007feea4d0b910 code [0x00007feea4d0bd00, 0x00007feea4d0d300]
Event: 2.513 Thread 0x00007feebc16b740 2888       3       org.joml.Matrix4f::ortho (17 bytes)
Event: 2.514 Thread 0x00007feebc16b740 nmethod 2888 0x00007feea4d0db90 code [0x00007feea4d0dd40, 0x00007feea4d0de90]
Event: 2.514 Thread 0x00007feebc16b740 2890       3       org.joml.Vector4f::<init> (25 bytes)
Event: 2.514 Thread 0x00007feebc16b740 nmethod 2890 0x00007feea4d0df90 code [0x00007feea4d0e120, 0x00007feea4d0e298]
Event: 2.514 Thread 0x00007feebc16b740 2891       3       net.ice.relic.core.rendering.backend.opengl.Uniforms::setUniform (25 bytes)
Event: 2.514 Thread 0x00007fedf8060cd0 nmethod 2887 0x00007feea4d0e390 code [0x00007feea4d0e620, 0x00007feea4d0f138]
Event: 2.514 Thread 0x00007fedf8060cd0 2892       3       net.ice.relic.core.gui.drawable.GuiWindow::drawToggleButton (36 bytes)
Event: 2.514 Thread 0x00007feebc16b740 nmethod 2891 0x00007feea4d0f690 code [0x00007feea4d0f840, 0x00007feea4d0f9d0]
Event: 2.514 Thread 0x00007fedf8060cd0 nmethod 2892 0x00007feea4d0fb10 code [0x00007feea4d0fce0, 0x00007feea4d10030]
Event: 2.515 Thread 0x00007fee080f01b0 nmethod 2889 0x00007feea4d10210 code [0x00007feea4d105a0, 0x00007feea4d12040]
Event: 2.516 Thread 0x00007fedf8062320 nmethod 2883 0x00007feea4d12e90 code [0x00007feea4d134a0, 0x00007feea4d15f60]
Event: 2.551 Thread 0x00007feebc16a090 2893       4       org.joml.Vector3f::<init> (20 bytes)
Event: 2.551 Thread 0x00007feebc16a090 nmethod 2893 0x00007feeac4c0690 code [0x00007feeac4c0800, 0x00007feeac4c0898]
Event: 2.570 Thread 0x00007feebc16b740 2894       3       org.joml.Matrix4f::translation (35 bytes)
Event: 2.570 Thread 0x00007feebc16b740 nmethod 2894 0x00007feea4d17410 code [0x00007feea4d175e0, 0x00007feea4d179a0]
Event: 2.575 Thread 0x00007fedf8060cd0 2895       3       org.joml.Vector4f::mulAffine (166 bytes)
Event: 2.576 Thread 0x00007fedf8060cd0 nmethod 2895 0x00007feea4d17b10 code [0x00007feea4d17d40, 0x00007feea4d18688]

GC Heap History (4 events):
Event: 0.585 GC heap before
{Heap before GC invocations=0 (full 0):
 garbage-first heap   total 1040384K, used 50225K [0x0000000417000000, 0x0000000800000000)
  region size 8192K, 6 young (49152K), 0 survivors (0K)
 Metaspace       used 7613K, committed 7936K, reserved 1114112K
  class space    used 723K, committed 896K, reserved 1048576K
}
Event: 0.589 GC heap after
{Heap after GC invocations=1 (full 0):
 garbage-first heap   total 1040384K, used 7413K [0x0000000417000000, 0x0000000800000000)
  region size 8192K, 1 young (8192K), 1 survivors (8192K)
 Metaspace       used 7613K, committed 7936K, reserved 1114112K
  class space    used 723K, committed 896K, reserved 1048576K
}
Event: 1.099 GC heap before
{Heap before GC invocations=1 (full 0):
 garbage-first heap   total 1040384K, used 48373K [0x0000000417000000, 0x0000000800000000)
  region size 8192K, 6 young (49152K), 1 survivors (8192K)
 Metaspace       used 13130K, committed 13504K, reserved 1114112K
  class space    used 936K, committed 1088K, reserved 1048576K
}
Event: 1.101 GC heap after
{Heap after GC invocations=2 (full 0):
 garbage-first heap   total 1040384K, used 6258K [0x0000000417000000, 0x0000000800000000)
  region size 8192K, 1 young (8192K), 1 survivors (8192K)
 Metaspace       used 13130K, committed 13504K, reserved 1114112K
  class space    used 936K, committed 1088K, reserved 1048576K
}

Dll operation events (13 events):
Event: 0.001 Loaded shared library /home/ian/.jdks/corretto-21.0.9/lib/libjava.so
Event: 0.012 Loaded shared library /home/ian/.jdks/corretto-21.0.9/lib/libjsvml.so
Event: 0.022 Loaded shared library /home/ian/.jdks/corretto-21.0.9/lib/libnio.so
Event: 0.022 Loaded shared library /home/ian/.jdks/corretto-21.0.9/lib/libzip.so
Event: 0.045 Loaded shared library /home/ian/.jdks/corretto-21.0.9/lib/libmanagement.so
Event: 0.047 Loaded shared library /home/ian/.jdks/corretto-21.0.9/lib/libmanagement_ext.so
Event: 0.055 Loaded shared library /home/ian/.jdks/corretto-21.0.9/lib/libjimage.so
Event: 0.134 Loaded shared library /home/ian/.jdks/corretto-21.0.9/lib/libnet.so
Event: 0.138 Loaded shared library /tmp/lwjgl_ian/3.4.0+20/x64/liblwjgl.so
Event: 0.333 Loaded shared library /home/ian/.jdks/corretto-21.0.9/lib/libverify.so
Event: 0.732 Loaded shared library /tmp/lwjgl_ian/3.4.0+20/x64/liblwjgl_opengl.so
Event: 0.977 Loaded shared library /tmp/imgui-java-natives/1.87.0/libimgui-java64.so
Event: 0.989 Loaded shared library /tmp/lwjgl_ian/3.4.0+20/x64/liblwjgl_stb.so

Deoptimization events (20 events):
Event: 2.008 Thread 0x00007feebc02ce80 Uncommon trap: trap_request=0xffffff54 fr.pc=0x00007feeac4a526c relative=0x000000000000006c
Event: 2.008 Thread 0x00007feebc02ce80 Uncommon trap: reason=speculate_null_assert action=make_not_entrant pc=0x00007feeac4a526c method=sun.misc.Unsafe.getLong(Ljava/lang/Object;J)J @ 5 c2
Event: 2.008 Thread 0x00007feebc02ce80 DEOPT PACKING pc=0x00007feeac4a526c sp=0x00007feec33fe5d0
Event: 2.008 Thread 0x00007feebc02ce80 DEOPT UNPACKING pc=0x00007feeabcb2f99 sp=0x00007feec33fe578 mode 2
Event: 2.214 Thread 0x00007feebc02ce80 Uncommon trap: trap_request=0xffffffde fr.pc=0x00007feeac4b00c4 relative=0x0000000000000124
Event: 2.214 Thread 0x00007feebc02ce80 Uncommon trap: reason=class_check action=maybe_recompile pc=0x00007feeac4b00c4 method=jdk.internal.misc.Unsafe.allocateUninitializedArray(Ljava/lang/Class;I)Ljava/lang/Object; @ 51 c2
Event: 2.214 Thread 0x00007feebc02ce80 DEOPT PACKING pc=0x00007feeac4b00c4 sp=0x00007feec33fe500
Event: 2.214 Thread 0x00007feebc02ce80 DEOPT UNPACKING pc=0x00007feeabcb2f99 sp=0x00007feec33fe498 mode 2
Event: 2.214 Thread 0x00007feebc02ce80 Uncommon trap: trap_request=0xffffffde fr.pc=0x00007feeac4b00c4 relative=0x0000000000000124
Event: 2.214 Thread 0x00007feebc02ce80 Uncommon trap: reason=class_check action=maybe_recompile pc=0x00007feeac4b00c4 method=jdk.internal.misc.Unsafe.allocateUninitializedArray(Ljava/lang/Class;I)Ljava/lang/Object; @ 51 c2
Event: 2.214 Thread 0x00007feebc02ce80 DEOPT PACKING pc=0x00007feeac4b00c4 sp=0x00007feec33fe500
Event: 2.214 Thread 0x00007feebc02ce80 DEOPT UNPACKING pc=0x00007feeabcb2f99 sp=0x00007feec33fe498 mode 2
Event: 2.214 Thread 0x00007feebc02ce80 Uncommon trap: trap_request=0xffffffde fr.pc=0x00007feeac4b00c4 relative=0x0000000000000124
Event: 2.214 Thread 0x00007feebc02ce80 Uncommon trap: reason=class_check action=maybe_recompile pc=0x00007feeac4b00c4 method=jdk.internal.misc.Unsafe.allocateUninitializedArray(Ljava/lang/Class;I)Ljava/lang/Object; @ 51 c2
Event: 2.214 Thread 0x00007feebc02ce80 DEOPT PACKING pc=0x00007feeac4b00c4 sp=0x00007feec33fe500
Event: 2.215 Thread 0x00007feebc02ce80 DEOPT UNPACKING pc=0x00007feeabcb2f99 sp=0x00007feec33fe498 mode 2
Event: 2.215 Thread 0x00007feebc02ce80 Uncommon trap: trap_request=0xffffffde fr.pc=0x00007feeac4b00c4 relative=0x0000000000000124
Event: 2.215 Thread 0x00007feebc02ce80 Uncommon trap: reason=class_check action=maybe_recompile pc=0x00007feeac4b00c4 method=jdk.internal.misc.Unsafe.allocateUninitializedArray(Ljava/lang/Class;I)Ljava/lang/Object; @ 51 c2
Event: 2.215 Thread 0x00007feebc02ce80 DEOPT PACKING pc=0x00007feeac4b00c4 sp=0x00007feec33fe550
Event: 2.215 Thread 0x00007feebc02ce80 DEOPT UNPACKING pc=0x00007feeabcb2f99 sp=0x00007feec33fe4e8 mode 2

Classes loaded (20 events):
Event: 1.152 Loading class java/util/stream/ReferencePipeline$4
Event: 1.152 Loading class java/util/stream/IntPipeline$StatelessOp
Event: 1.152 Loading class java/util/stream/IntPipeline
Event: 1.152 Loading class java/util/stream/IntStream
Event: 1.152 Loading class java/util/stream/IntStream done
Event: 1.152 Loading class java/util/stream/IntPipeline done
Event: 1.152 Loading class java/util/stream/IntPipeline$StatelessOp done
Event: 1.152 Loading class java/util/stream/ReferencePipeline$4 done
Event: 1.153 Loading class java/util/stream/Nodes$IntFixedNodeBuilder
Event: 1.153 Loading class java/util/stream/Node$Builder$OfInt
Event: 1.153 Loading class java/util/stream/Sink$OfInt
Event: 1.153 Loading class java/util/stream/Sink$OfInt done
Event: 1.153 Loading class java/util/stream/Node$Builder$OfInt done
Event: 1.153 Loading class java/util/stream/Nodes$IntArrayNode
Event: 1.153 Loading class java/util/stream/Nodes$IntArrayNode done
Event: 1.153 Loading class java/util/stream/Nodes$IntFixedNodeBuilder done
Event: 1.153 Loading class java/util/stream/ReferencePipeline$4$1
Event: 1.153 Loading class java/util/stream/ReferencePipeline$4$1 done
Event: 1.964 Loading class java/lang/reflect/UndeclaredThrowableException
Event: 1.964 Loading class java/lang/reflect/UndeclaredThrowableException done

Classes unloaded (0 events):
No events

Classes redefined (0 events):
No events

Internal exceptions (20 events):
Event: 0.520 Thread 0x00007feebc02ce80 Exception <a 'java/lang/NoSuchMethodError'{0x0000000454ecd310}: method resolution failed> (0x0000000454ecd310) 
thrown [src/hotspot/share/prims/methodHandles.cpp, line 1136]
Event: 0.534 Thread 0x00007feebc02ce80 Exception <a 'java/lang/NoSuchMethodError'{0x000000045400ad00}: method resolution failed> (0x000000045400ad00) 
thrown [src/hotspot/share/prims/methodHandles.cpp, line 1136]
Event: 0.534 Thread 0x00007feebc02ce80 Exception <a 'java/lang/NoSuchMethodError'{0x000000045400c738}: 'boolean java.lang.reflect.AccessibleObject.trySetAccessible(java.lang.Class)'> (0x000000045400c738) 
thrown [src/hotspot/share/interpreter/linkResolver.cpp, line 773]
Event: 0.540 Thread 0x00007fee04116410 Implicit null exception at 0x00007feeac40a2a8 to 0x00007feeac40a390
Event: 0.540 Thread 0x00007fee040c6f10 Implicit null exception at 0x00007feeac40989c to 0x00007feeac40998c
Event: 0.657 Thread 0x00007feebc02ce80 Exception <a 'java/lang/ClassNotFoundException'{0x00000004548ec0e0}: net/ice/relic/common/console/commands/CommandCommand> (0x00000004548ec0e0) 
thrown [src/hotspot/share/classfile/systemDictionary.cpp, line 312]
Event: 0.658 Thread 0x00007feebc02ce80 Exception <a 'java/lang/NoSuchMethodError'{0x00000004548f4130}: 'void java.lang.invoke.DirectMethodHandle$Holder.invokeStatic(java.lang.Object, java.lang.Object, java.lang.Object)'> (0x00000004548f4130) 
thrown [src/hotspot/share/interpreter/linkResolver.cpp, line 773]
Event: 0.659 Thread 0x00007feebc02ce80 Exception <a 'java/lang/ClassNotFoundException'{0x00000004548f9d00}: net/ice/relic/common/console/commands/EntityCommand> (0x00000004548f9d00) 
thrown [src/hotspot/share/classfile/systemDictionary.cpp, line 312]
Event: 0.662 Thread 0x00007feebc02ce80 Exception <a 'java/lang/ClassNotFoundException'{0x0000000454914cc8}: net/ice/relic/common/console/commands/ModelCommand> (0x0000000454914cc8) 
thrown [src/hotspot/share/classfile/systemDictionary.cpp, line 312]
Event: 0.663 Thread 0x00007feebc02ce80 Exception <a 'java/lang/ClassNotFoundException'{0x000000045491ec30}: net/ice/relic/common/console/commands/ShowCommands> (0x000000045491ec30) 
thrown [src/hotspot/share/classfile/systemDictionary.cpp, line 312]
Event: 0.663 Thread 0x00007feebc02ce80 Exception <a 'java/lang/ClassNotFoundException'{0x0000000454926270}: net/ice/relic/common/console/commands/TeleportCommand> (0x0000000454926270) 
thrown [src/hotspot/share/classfile/systemDictionary.cpp, line 312]
Event: 0.664 Thread 0x00007feebc02ce80 Exception <a 'java/lang/ClassNotFoundException'{0x000000045492c510}: net/ice/relic/common/test/commands/LightCommands> (0x000000045492c510) 
thrown [src/hotspot/share/classfile/systemDictionary.cpp, line 312]
Event: 0.728 Thread 0x00007feebc02ce80 Exception <a 'java/lang/ClassNotFoundException'{0x00000004549ca858}: net/ice/relic/common/test/commands/LightCommands> (0x00000004549ca858) 
thrown [src/hotspot/share/classfile/systemDictionary.cpp, line 312]
Event: 0.730 Thread 0x00007feebc02ce80 Exception <a 'java/lang/NoSuchMethodError'{0x00000004549e6c50}: 'void java.lang.System.load(java.lang.String, java.lang.Class)'> (0x00000004549e6c50) 
thrown [src/hotspot/share/interpreter/linkResolver.cpp, line 773]
Event: 0.730 Thread 0x00007feebc02ce80 Exception <a 'java/lang/NoSuchMethodError'{0x00000004549e96f8}: 'void java.lang.System.loadLibrary(java.lang.String, java.lang.Class)'> (0x00000004549e96f8) 
thrown [src/hotspot/share/interpreter/linkResolver.cpp, line 773]
Event: 0.938 Thread 0x00007feebc02ce80 Exception <a 'java/lang/NoSuchMethodError'{0x0000000453b48bf0}: 'void java.lang.invoke.DirectMethodHandle$Holder.invokeStatic(java.lang.Object, java.lang.Object, java.lang.Object, java.lang.Object)'> (0x0000000453b48bf0) 
thrown [src/hotspot/share/interpreter/linkResolver.cpp, line 773]
Event: 0.948 Thread 0x00007feebc02ce80 Exception <a 'java/lang/NoSuchMethodError'{0x0000000453c08a38}: 'void java.lang.invoke.DirectMethodHandle$Holder.invokeSpecial(java.lang.Object, java.lang.Object, java.lang.Object, java.lang.Object, java.lang.Object)'> (0x0000000453c08a38) 
thrown [src/hotspot/share/interpreter/linkResolver.cpp, line 773]
Event: 0.985 Thread 0x00007feebc02ce80 Exception <a 'java/lang/NoSuchMethodError'{0x0000000453d7a230}: 'void java.lang.System.load(java.lang.String, java.lang.Class)'> (0x0000000453d7a230) 
thrown [src/hotspot/share/interpreter/linkResolver.cpp, line 773]
Event: 0.985 Thread 0x00007feebc02ce80 Exception <a 'java/lang/NoSuchMethodError'{0x0000000453d7cc60}: 'void java.lang.System.loadLibrary(java.lang.String, java.lang.Class)'> (0x0000000453d7cc60) 
thrown [src/hotspot/share/interpreter/linkResolver.cpp, line 773]
Event: 1.165 Thread 0x00007feebc02ce80 Exception <a 'java/lang/NoSuchMethodError'{0x0000000455d08d50}: 'void java.lang.invoke.DirectMethodHandle$Holder.invokeStatic(java.lang.Object, long)'> (0x0000000455d08d50) 
thrown [src/hotspot/share/interpreter/linkResolver.cpp, line 773]

ZGC Phase Switch (0 events):
No events

VM Operations (20 events):
Event: 0.058 Executing VM operation: HandshakeAllThreads (Deoptimize)
Event: 0.058 Executing VM operation: HandshakeAllThreads (Deoptimize) done
Event: 0.118 Executing VM operation: HandshakeAllThreads (Deoptimize)
Event: 0.118 Executing VM operation: HandshakeAllThreads (Deoptimize) done
Event: 0.502 Executing VM operation: ICBufferFull
Event: 0.502 Executing VM operation: ICBufferFull done
Event: 0.585 Executing VM operation: G1CollectForAllocation (G1 Evacuation Pause)
Event: 0.589 Executing VM operation: G1CollectForAllocation (G1 Evacuation Pause) done
Event: 0.643 Executing VM operation: HandshakeAllThreads (Deoptimize)
Event: 0.643 Executing VM operation: HandshakeAllThreads (Deoptimize) done
Event: 0.643 Executing VM operation: HandshakeAllThreads (Deoptimize)
Event: 0.643 Executing VM operation: HandshakeAllThreads (Deoptimize) done
Event: 0.999 Executing VM operation: HandshakeAllThreads (Deoptimize)
Event: 0.999 Executing VM operation: HandshakeAllThreads (Deoptimize) done
Event: 1.099 Executing VM operation: G1CollectForAllocation (G1 Evacuation Pause)
Event: 1.101 Executing VM operation: G1CollectForAllocation (G1 Evacuation Pause) done
Event: 1.152 Executing VM operation: HandshakeAllThreads (Deoptimize)
Event: 1.152 Executing VM operation: HandshakeAllThreads (Deoptimize) done
Event: 2.152 Executing VM operation: Cleanup
Event: 2.152 Executing VM operation: Cleanup done

Memory protections (20 events):
Event: 0.671 Protecting memory [0x00007fede30f9000,0x00007fede30fd000] with protection modes 0
Event: 0.671 Protecting memory [0x00007fede2bf4000,0x00007fede2bf8000] with protection modes 0
Event: 0.671 Protecting memory [0x00007fede2df6000,0x00007fede2dfa000] with protection modes 0
Event: 0.671 Protecting memory [0x00007fee2c300000,0x00007fee2c304000] with protection modes 0
Event: 0.671 Protecting memory [0x00007fede31fa000,0x00007fede31fe000] with protection modes 0
Event: 0.671 Protecting memory [0x00007fee80278000,0x00007fee8027c000] with protection modes 0
Event: 0.671 Protecting memory [0x00007fee2c1ff000,0x00007fee2c203000] with protection modes 0
Event: 0.671 Protecting memory [0x00007fede2cf5000,0x00007fede2cf9000] with protection modes 0
Event: 0.672 Protecting memory [0x00007fede81dd000,0x00007fede81e1000] with protection modes 0
Event: 0.672 Protecting memory [0x00007fedeff00000,0x00007fedeff04000] with protection modes 0
Event: 0.672 Protecting memory [0x00007fede2ff8000,0x00007fede2ffc000] with protection modes 0
Event: 0.675 Protecting memory [0x00007fee80076000,0x00007fee8007a000] with protection modes 0
Event: 0.675 Protecting memory [0x00007fede34fd000,0x00007fede3501000] with protection modes 0
Event: 0.676 Protecting memory [0x00007fee2c700000,0x00007fee2c704000] with protection modes 0
Event: 0.676 Protecting memory [0x00007fede80dc000,0x00007fede80e0000] with protection modes 0
Event: 0.677 Protecting memory [0x00007fee900f8000,0x00007fee900fc000] with protection modes 0
Event: 0.680 Protecting memory [0x00007fede33fc000,0x00007fede3400000] with protection modes 0
Event: 0.681 Protecting memory [0x00007fede35fe000,0x00007fede3602000] with protection modes 0
Event: 1.928 Protecting memory [0x00007fede2af3000,0x00007fede2af7000] with protection modes 0
Event: 2.420 Protecting memory [0x00007fede29f2000,0x00007fede29f6000] with protection modes 0

Nmethod flushes (0 events):
No events

Events (20 events):
Event: 0.728 Thread 0x00007fee7400d590 Thread exited: 0x00007fee7400d590
Event: 0.728 Thread 0x00007fee740040f0 Thread exited: 0x00007fee740040f0
Event: 0.728 Thread 0x00007fee74007260 Thread exited: 0x00007fee74007260
Event: 0.728 Thread 0x00007fee74004d70 Thread exited: 0x00007fee74004d70
Event: 0.728 Thread 0x00007fee7400e270 Thread exited: 0x00007fee7400e270
Event: 0.728 Thread 0x00007fee74001fb0 Thread exited: 0x00007fee74001fb0
Event: 0.728 Thread 0x00007fee74001490 Thread exited: 0x00007fee74001490
Event: 0.728 Thread 0x00007fee74002840 Thread exited: 0x00007fee74002840
Event: 0.728 Thread 0x00007fee7400bce0 Thread exited: 0x00007fee7400bce0
Event: 0.728 Thread 0x00007fee74005a00 Thread exited: 0x00007fee74005a00
Event: 0.728 Thread 0x00007fee7402a070 Thread exited: 0x00007fee7402a070
Event: 0.728 Thread 0x00007fee74008ae0 Thread exited: 0x00007fee74008ae0
Event: 0.728 Thread 0x00007fee74006690 Thread exited: 0x00007fee74006690
Event: 0.728 Thread 0x00007fee7400c8b0 Thread exited: 0x00007fee7400c8b0
Event: 0.728 Thread 0x00007fee7400ef60 Thread exited: 0x00007fee7400ef60
Event: 0.728 Thread 0x00007fee7400a450 Thread exited: 0x00007fee7400a450
Event: 1.378 Thread 0x00007fee1428a7c0 Thread exited: 0x00007fee1428a7c0
Event: 1.450 Thread 0x00007fedfc0792d0 Thread exited: 0x00007fedfc0792d0
Event: 1.928 Thread 0x00007feebc16a090 Thread added: 0x00007fee14288a50
Event: 2.420 Thread 0x00007fee14288a50 Thread added: 0x00007fee74001fb0


Dynamic libraries:
40ada000-40b89000 rw-p 00000000 00:00 0 
413e3000-413e5000 r-xs 00000000 00:01 61647                              /memfd:/.glXXXXXX (deleted)
417000000-456000000 rw-p 00000000 00:00 0 
456000000-7ff800000 ---p 00000000 00:00 0 
7ff800000-7ff90d000 rw-p 00cdf000 103:03 25434006                        /home/ian/.jdks/corretto-21.0.9/lib/server/classes.jsa
7ff90d000-800000000 rw-p 00000000 00:00 0 
559197e00000-559197e01000 r-xp 00000000 103:03 25434313                  /home/ian/.jdks/corretto-21.0.9/bin/java
559198001000-559198002000 r--p 00001000 103:03 25434313                  /home/ian/.jdks/corretto-21.0.9/bin/java
559198002000-559198003000 rw-p 00002000 103:03 25434313                  /home/ian/.jdks/corretto-21.0.9/bin/java
5591b430e000-5591b5720000 rw-p 00000000 00:00 0                          [heap]
7fedb1c00000-7fedb2000000 rw-s 00000000 00:07 1487                       /dev/nvidiactl
7fedb2000000-7fedb2400000 rw-s 00000000 00:07 1487                       /dev/nvidiactl
7fedb2400000-7fedb2600000 rw-s 00000000 00:07 1487                       /dev/nvidiactl
7fedb2600000-7fedb2a00000 rw-s 00000000 00:07 1487                       /dev/nvidiactl
7fedb2e00000-7fedb3000000 rw-s 00000000 00:07 1487                       /dev/nvidiactl
7fedb3000000-7fedb3200000 rw-s 00000000 00:07 1487                       /dev/nvidiactl
7fedb3200000-7fedb39f0000 r-xp 00000000 00:2e 1056                       /tmp/lwjgl_ian/3.4.0+20/x64/libassimp.so
7fedb39f0000-7fedb3c89000 r--p 007f0000 00:2e 1056                       /tmp/lwjgl_ian/3.4.0+20/x64/libassimp.so
7fedb3c89000-7fedb3d53000 r--p 00a88000 00:2e 1056                       /tmp/lwjgl_ian/3.4.0+20/x64/libassimp.so
7fedb3d53000-7fedb3d56000 rw-p 00b52000 00:2e 1056                       /tmp/lwjgl_ian/3.4.0+20/x64/libassimp.so
7fedb3d56000-7fedb3d5c000 rw-p 00000000 00:00 0 
7fedb3e64000-7fedb3f70000 r-xp 00000000 00:2e 1055                       /tmp/lwjgl_ian/3.4.0+20/x64/libdraco.so
7fedb3f70000-7fedb3ff8000 r--p 0010c000 00:2e 1055                       /tmp/lwjgl_ian/3.4.0+20/x64/libdraco.so
7fedb3ff8000-7fedb3ffc000 r--p 00194000 00:2e 1055                       /tmp/lwjgl_ian/3.4.0+20/x64/libdraco.so
7fedb3ffc000-7fedb3ffe000 rw-p 00198000 00:2e 1055                       /tmp/lwjgl_ian/3.4.0+20/x64/libdraco.so
7fedb3ffe000-7fedb4ffe000 rw-s 00000000 00:07 1487                       /dev/nvidiactl
7fedb4ffe000-7fedb5fff000 rw-p 00000000 00:00 0 
7fedb5fff000-7fedb6fff000 rw-s 00000000 00:07 1487                       /dev/nvidiactl
7fedb6fff000-7fedb8000000 rw-p 00000000 00:00 0 
7fedb8000000-7fedb809a000 r--p 00000000 103:02 921310                    /usr/lib/libstdc++.so.6.0.36
7fedb809a000-7fedb821d000 r-xp 0009a000 103:02 921310                    /usr/lib/libstdc++.so.6.0.36
7fedb821d000-7fedb82bd000 r--p 0021d000 103:02 921310                    /usr/lib/libstdc++.so.6.0.36
7fedb82bd000-7fedb82ce000 r--p 002bc000 103:02 921310                    /usr/lib/libstdc++.so.6.0.36
7fedb82ce000-7fedb82cf000 rw-p 002cd000 103:02 921310                    /usr/lib/libstdc++.so.6.0.36
7fedb82cf000-7fedb82d3000 rw-p 00000000 00:00 0 
7fedb8400000-7fedb84c4000 r--p 00000000 00:2e 1164                       /tmp/imgui-java-natives/1.87.0/libimgui-java64.so
7fedb84c4000-7fedb89e7000 r-xp 000c4000 00:2e 1164                       /tmp/imgui-java-natives/1.87.0/libimgui-java64.so
7fedb89e7000-7fedb8abc000 r--p 005e7000 00:2e 1164                       /tmp/imgui-java-natives/1.87.0/libimgui-java64.so
7fedb8abc000-7fedb8ac8000 r--p 006bb000 00:2e 1164                       /tmp/imgui-java-natives/1.87.0/libimgui-java64.so
7fedb8ac8000-7fedb8ad5000 rw-p 006c7000 00:2e 1164                       /tmp/imgui-java-natives/1.87.0/libimgui-java64.so
7fedb8ad5000-7fedb9303000 rw-p 00000000 00:00 0 
7fedb9400000-7fedbc968000 rw-s 00000000 00:07 1487                       /dev/nvidiactl
7fedbc968000-7fedbfed0000 rw-p 00000000 00:00 0 
7fedbfed0000-7fedc3438000 rw-s 00000000 00:07 1487                       /dev/nvidiactl
7fedc3438000-7fedc69a0000 rw-p 00000000 00:00 0 
7fedc69a0000-7fedc9f08000 rw-s 00000000 00:07 1487                       /dev/nvidiactl
7fedc9f08000-7fedcd470000 rw-p 00000000 00:00 0 
7fedcd470000-7fedd09d8000 rw-s 00000000 00:07 1487                       /dev/nvidiactl
7fedd09d8000-7fedd3f40000 rw-p 00000000 00:00 0 
7fedd3f40000-7fedd74a8000 rw-s 00000000 00:07 1487                       /dev/nvidiactl
7fedd74a8000-7feddaa10000 rw-p 00000000 00:00 0 
7feddaa10000-7fedddf78000 rw-s 00000000 00:07 1487                       /dev/nvidiactl
7fedddf78000-7fede14e0000 rw-p 00000000 00:00 0 
7fede14e0000-7fede16e0000 rw-s 00000000 00:07 1487                       /dev/nvidiactl
7fede16e0000-7fede18e0000 rw-s 00000000 00:07 1487                       /dev/nvidiactl
7fede18e0000-7fede29f2000 rw-p 00000000 00:00 0 
7fede29f2000-7fede29f6000 ---p 00000000 00:00 0 
7fede29f6000-7fede2af3000 rw-p 00000000 00:00 0 
7fede2af3000-7fede2af7000 ---p 00000000 00:00 0 
7fede2af7000-7fede2bf4000 rw-p 00000000 00:00 0 
7fede2bf4000-7fede2bf8000 ---p 00000000 00:00 0 
7fede2bf8000-7fede2cf5000 rw-p 00000000 00:00 0 
7fede2cf5000-7fede2cf9000 ---p 00000000 00:00 0 
7fede2cf9000-7fede2df6000 rw-p 00000000 00:00 0 
7fede2df6000-7fede2dfa000 ---p 00000000 00:00 0 
7fede2dfa000-7fede2ef7000 rw-p 00000000 00:00 0 
7fede2ef7000-7fede2efb000 ---p 00000000 00:00 0 
7fede2efb000-7fede2ff8000 rw-p 00000000 00:00 0 
7fede2ff8000-7fede2ffc000 ---p 00000000 00:00 0 
7fede2ffc000-7fede30f9000 rw-p 00000000 00:00 0 
7fede30f9000-7fede30fd000 ---p 00000000 00:00 0 
7fede30fd000-7fede31fa000 rw-p 00000000 00:00 0 
7fede31fa000-7fede31fe000 ---p 00000000 00:00 0 
7fede31fe000-7fede32fb000 rw-p 00000000 00:00 0 
7fede32fb000-7fede32ff000 ---p 00000000 00:00 0 
7fede32ff000-7fede33fc000 rw-p 00000000 00:00 0 
7fede33fc000-7fede3400000 ---p 00000000 00:00 0 
7fede3400000-7fede34fd000 rw-p 00000000 00:00 0 
7fede34fd000-7fede3501000 ---p 00000000 00:00 0 
7fede3501000-7fede35fe000 rw-p 00000000 00:00 0 
7fede35fe000-7fede3602000 ---p 00000000 00:00 0 
7fede3602000-7fede36ff000 rw-p 00000000 00:00 0 
7fede36ff000-7fede3703000 ---p 00000000 00:00 0 
7fede3703000-7fede4000000 rw-p 00000000 00:00 0 
7fede4000000-7fede423d000 rw-p 00000000 00:00 0 
7fede423d000-7fede8000000 ---p 00000000 00:00 0 
7fede80db000-7fede80dc000 rw-p 00000000 00:00 0 
7fede80dc000-7fede80e0000 ---p 00000000 00:00 0 
7fede80e0000-7fede81dd000 rw-p 00000000 00:00 0 
7fede81dd000-7fede81e1000 ---p 00000000 00:00 0 
7fede81e1000-7fede82dd000 rw-p 00000000 00:00 0 
7fede82dd000-7fede8bff000 rw-p 00000000 00:00 0 
7fede8bff000-7fede9400000 rw-p 00000000 00:00 0 
7fede9400000-7fede975b000 r--p 00000000 103:02 962221                    /usr/lib/libnvidia-gpucomp.so.610.57.04
7fede975b000-7fededcf8000 r-xp 0035b000 103:02 962221                    /usr/lib/libnvidia-gpucomp.so.610.57.04
7fededcf8000-7fedef9e8000 r--p 048f8000 103:02 962221                    /usr/lib/libnvidia-gpucomp.so.610.57.04
7fedef9e8000-7fedefc3a000 r--p 065e7000 103:02 962221                    /usr/lib/libnvidia-gpucomp.so.610.57.04
7fedefc3a000-7fedefdc5000 rw-p 06839000 103:02 962221                    /usr/lib/libnvidia-gpucomp.so.610.57.04
7fedefdc5000-7fedefe80000 rw-p 00000000 00:00 0 
7fedefeff000-7fedeff00000 rw-p 00000000 00:00 0 
7fedeff00000-7fedeff04000 ---p 00000000 00:00 0 
7fedeff04000-7fedf0000000 rw-p 00000000 00:00 0 
7fedf0000000-7fedf00cb000 rw-p 00000000 00:00 0 
7fedf00cb000-7fedf4000000 ---p 00000000 00:00 0 
7fedf4000000-7fedf40df000 rw-p 00000000 00:00 0 
7fedf40df000-7fedf8000000 ---p 00000000 00:00 0 
7fedf8000000-7fedf8164000 rw-p 00000000 00:00 0 
7fedf8164000-7fedfc000000 ---p 00000000 00:00 0 
7fedfc000000-7fedfc211000 rw-p 00000000 00:00 0 
7fedfc211000-7fee00000000 ---p 00000000 00:00 0 
7fee00000000-7fee00021000 rw-p 00000000 00:00 0 
7fee00021000-7fee04000000 ---p 00000000 00:00 0 
7fee04000000-7fee04202000 rw-p 00000000 00:00 0 
7fee04202000-7fee08000000 ---p 00000000 00:00 0 
7fee08000000-7fee08235000 rw-p 00000000 00:00 0 
7fee08235000-7fee0c000000 ---p 00000000 00:00 0 
7fee0c000000-7fee0c077000 rw-p 00000000 00:00 0 
7fee0c077000-7fee10000000 ---p 00000000 00:00 0 
7fee10000000-7fee10021000 rw-p 00000000 00:00 0 
7fee10021000-7fee14000000 ---p 00000000 00:00 0 
7fee14000000-7fee14472000 rw-p 00000000 00:00 0 
7fee14472000-7fee18000000 ---p 00000000 00:00 0 
7fee18000000-7fee18021000 rw-p 00000000 00:00 0 
7fee18021000-7fee1c000000 ---p 00000000 00:00 0 
7fee1c000000-7fee1c021000 rw-p 00000000 00:00 0 
7fee1c021000-7fee20000000 ---p 00000000 00:00 0 
7fee20000000-7fee20021000 rw-p 00000000 00:00 0 
7fee20021000-7fee24000000 ---p 00000000 00:00 0 
7fee24000000-7fee24021000 rw-p 00000000 00:00 0 
7fee24021000-7fee28000000 ---p 00000000 00:00 0 
7fee28000000-7fee28037000 rw-p 00000000 00:00 0 
7fee28037000-7fee2c000000 ---p 00000000 00:00 0 
7fee2c0fd000-7fee2c0fe000 rw-p 00000000 00:00 0 
7fee2c0fe000-7fee2c102000 ---p 00000000 00:00 0 
7fee2c102000-7fee2c1ff000 rw-p 00000000 00:00 0 
7fee2c1ff000-7fee2c203000 ---p 00000000 00:00 0 
7fee2c203000-7fee2c300000 rw-p 00000000 00:00 0 
7fee2c300000-7fee2c304000 ---p 00000000 00:00 0 
7fee2c304000-7fee2c400000 rw-p 00000000 00:00 0 
7fee2c400000-7fee2c40d000 r-xp 00000000 103:03 25434000                  /home/ian/.jdks/corretto-21.0.9/lib/libverify.so
7fee2c40d000-7fee2c60c000 ---p 0000d000 103:03 25434000                  /home/ian/.jdks/corretto-21.0.9/lib/libverify.so
7fee2c60c000-7fee2c60e000 r--p 0000c000 103:03 25434000                  /home/ian/.jdks/corretto-21.0.9/lib/libverify.so
7fee2c60e000-7fee2c60f000 rw-p 00000000 00:00 0 
7fee2c665000-7fee2c6e8000 r-xp 00000000 00:2e 1057                       /tmp/lwjgl_ian/3.4.0+20/x64/liblwjgl_stb.so
7fee2c6e8000-7fee2c6fd000 r--p 00083000 00:2e 1057                       /tmp/lwjgl_ian/3.4.0+20/x64/liblwjgl_stb.so
7fee2c6fd000-7fee2c6fe000 r--p 00097000 00:2e 1057                       /tmp/lwjgl_ian/3.4.0+20/x64/liblwjgl_stb.so
7fee2c6fe000-7fee2c6ff000 rw-p 00098000 00:2e 1057                       /tmp/lwjgl_ian/3.4.0+20/x64/liblwjgl_stb.so
7fee2c6ff000-7fee2c700000 rw-p 00000000 00:00 0 
7fee2c700000-7fee2c704000 ---p 00000000 00:00 0 
7fee2c704000-7fee2c800000 rw-p 00000000 00:00 0 
7fee2c800000-7fee2ca50000 r-xp 00000000 103:02 961761                    /usr/lib/libnvidia-glcore.so.610.57.04
7fee2ca50000-7fee2ca71000 rwxp 00250000 103:02 961761                    /usr/lib/libnvidia-glcore.so.610.57.04
7fee2ca71000-7fee2cc00000 r-xp 00271000 103:02 961761                    /usr/lib/libnvidia-glcore.so.610.57.04
7fee2cc00000-7fee2d800000 r-xp 00400000 103:02 961761                    /usr/lib/libnvidia-glcore.so.610.57.04
7fee2d800000-7fee2edf9000 r-xp 01000000 103:02 961761                    /usr/lib/libnvidia-glcore.so.610.57.04
7fee2edf9000-7fee2edfa000 ---p 025f9000 103:02 961761                    /usr/lib/libnvidia-glcore.so.610.57.04
7fee2edfa000-7fee2ef72000 r--p 025f9000 103:02 961761                    /usr/lib/libnvidia-glcore.so.610.57.04
7fee2ef72000-7fee2efd5000 rw-p 02771000 103:02 961761                    /usr/lib/libnvidia-glcore.so.610.57.04
7fee2efd5000-7fee2eff5000 rw-p 00000000 00:00 0 
7fee2f000000-7fee2f400000 rw-p 00000000 00:00 0 
7fee2f400000-7fee2f800000 rw-p 00000000 00:00 0 
7fee2f800000-7fee2f840000 rw-p 00000000 00:00 0 
7fee2f840000-7fee2fcc0000 rw-p 00000000 00:00 0 
7fee2fcc0000-7fee2fd00000 ---p 00000000 00:00 0 
7fee2fd00000-7fee2fd20000 rw-p 00000000 00:00 0 
7fee2fd20000-7fee33000000 ---p 00000000 00:00 0 
7fee33000000-7fee33ca0000 rw-p 00001000 103:03 25434006                  /home/ian/.jdks/corretto-21.0.9/lib/server/classes.jsa
7fee33ca0000-7fee34000000 ---p 00000000 00:00 0 
7fee34000000-7fee34040000 rw-p 00000000 00:00 0 
7fee34040000-7fee340c0000 rw-p 00000000 00:00 0 
7fee340c0000-7fee340e0000 rw-p 00000000 00:00 0 
7fee340e0000-7fee34100000 ---p 00000000 00:00 0 
7fee34100000-7fee34150000 rw-p 00000000 00:00 0 
7fee34150000-7fee74000000 ---p 00000000 00:00 0 
7fee74000000-7fee741d4000 rw-p 00000000 00:00 0 
7fee741d4000-7fee78000000 ---p 00000000 00:00 0 
7fee78000000-7fee78021000 rw-p 00000000 00:00 0 
7fee78021000-7fee7c000000 ---p 00000000 00:00 0 
7fee7c000000-7fee7c021000 rw-p 00000000 00:00 0 
7fee7c021000-7fee80000000 ---p 00000000 00:00 0 
7fee8001b000-7fee80030000 r-xp 00000000 00:2e 1051                       /tmp/lwjgl_ian/3.4.0+20/x64/liblwjgl_opengl.so
7fee80030000-7fee80073000 r--p 00015000 00:2e 1051                       /tmp/lwjgl_ian/3.4.0+20/x64/liblwjgl_opengl.so
7fee80073000-7fee80074000 r--p 00057000 00:2e 1051                       /tmp/lwjgl_ian/3.4.0+20/x64/liblwjgl_opengl.so
7fee80074000-7fee80075000 rw-p 00058000 00:2e 1051                       /tmp/lwjgl_ian/3.4.0+20/x64/liblwjgl_opengl.so
7fee80075000-7fee80076000 rw-p 00000000 00:00 0 
7fee80076000-7fee8007a000 ---p 00000000 00:00 0 
7fee8007a000-7fee80177000 rw-p 00000000 00:00 0 
7fee80177000-7fee8017b000 ---p 00000000 00:00 0 
7fee8017b000-7fee80278000 rw-p 00000000 00:00 0 
7fee80278000-7fee8027c000 ---p 00000000 00:00 0 
7fee8027c000-7fee80378000 rw-p 00000000 00:00 0 
7fee80378000-7fee80478000 rw-s 00000000 00:07 1487                       /dev/nvidiactl
7fee80478000-7fee804b8000 rw-s 00000000 00:07 1487                       /dev/nvidiactl
7fee804b8000-7fee804d8000 rw-s 00000000 00:07 1487                       /dev/nvidiactl
7fee804d8000-7fee80518000 rw-s 00000000 00:07 1487                       /dev/nvidiactl
7fee80518000-7fee80538000 rw-s 00000000 00:07 1487                       /dev/nvidiactl
7fee80538000-7fee805b8000 rw-s 00000000 00:07 1487                       /dev/nvidiactl
7fee806b8000-7fee806cd000 r--p 00000000 103:02 933484                    /usr/lib/libsystemd.so.0.44.0
7fee806cd000-7fee807a6000 r-xp 00015000 103:02 933484                    /usr/lib/libsystemd.so.0.44.0
7fee807a6000-7fee807f5000 r--p 000ee000 103:02 933484                    /usr/lib/libsystemd.so.0.44.0
7fee807f5000-7fee807fe000 r--p 0013c000 103:02 933484                    /usr/lib/libsystemd.so.0.44.0
7fee807fe000-7fee807ff000 rw-p 00145000 103:02 933484                    /usr/lib/libsystemd.so.0.44.0
7fee807ff000-7fee80800000 rw-p 00000000 00:00 0 
7fee80800000-7fee80805000 r-xp 00000000 103:03 25433995                  /home/ian/.jdks/corretto-21.0.9/lib/libmanagement_ext.so
7fee80805000-7fee80a05000 ---p 00005000 103:03 25433995                  /home/ian/.jdks/corretto-21.0.9/lib/libmanagement_ext.so
7fee80a05000-7fee80a06000 r--p 00005000 103:03 25433995                  /home/ian/.jdks/corretto-21.0.9/lib/libmanagement_ext.so
7fee80a06000-7fee80a07000 rw-p 00000000 00:00 0 
7fee80a15000-7fee80a55000 rw-s 00000000 00:07 1487                       /dev/nvidiactl
7fee80a55000-7fee80ad5000 rw-s 00000000 00:07 1487                       /dev/nvidiactl
7fee80ad5000-7fee80b26000 r--p 00000000 103:02 956190                    /usr/lib/libGLX_nvidia.so.610.57.04
7fee80b26000-7fee80b83000 r-xp 00051000 103:02 956190                    /usr/lib/libGLX_nvidia.so.610.57.04
7fee80b83000-7fee80bb8000 rwxp 000ae000 103:02 956190                    /usr/lib/libGLX_nvidia.so.610.57.04
7fee80bb8000-7fee80bb9000 r-xp 000e3000 103:02 956190                    /usr/lib/libGLX_nvidia.so.610.57.04
7fee80bb9000-7fee80bd9000 r--p 000e4000 103:02 956190                    /usr/lib/libGLX_nvidia.so.610.57.04
7fee80bd9000-7fee80bf9000 r--p 00103000 103:02 956190                    /usr/lib/libGLX_nvidia.so.610.57.04
7fee80bf9000-7fee80bfe000 rw-p 00123000 103:02 956190                    /usr/lib/libGLX_nvidia.so.610.57.04
7fee80bfe000-7fee80c00000 rw-p 00000000 00:00 0 
7fee80c00000-7fee80c04000 r-xp 00000000 103:03 25433988                  /home/ian/.jdks/corretto-21.0.9/lib/libmanagement.so
7fee80c04000-7fee80e03000 ---p 00004000 103:03 25433988                  /home/ian/.jdks/corretto-21.0.9/lib/libmanagement.so
7fee80e03000-7fee80e04000 r--p 00003000 103:03 25433988                  /home/ian/.jdks/corretto-21.0.9/lib/libmanagement.so
7fee80e04000-7fee80e05000 rw-p 00000000 00:00 0 
7fee80e1e000-7fee80e3e000 rw-s 00000000 00:07 1487                       /dev/nvidiactl
7fee80e3e000-7fee80e7e000 rw-s 00000000 00:07 1487                       /dev/nvidiactl
7fee80e7e000-7fee80ebe000 rw-s 00000000 00:07 1487                       /dev/nvidiactl
7fee80ebe000-7fee80ed5000 r--p 00000000 103:02 945154                    /usr/lib/libX11.so.6.4.0
7fee80ed5000-7fee80f6a000 r-xp 00017000 103:02 945154                    /usr/lib/libX11.so.6.4.0
7fee80f6a000-7fee80ff9000 r--p 000ac000 103:02 945154                    /usr/lib/libX11.so.6.4.0
7fee80ff9000-7fee80ffc000 r--p 0013a000 103:02 945154                    /usr/lib/libX11.so.6.4.0
7fee80ffc000-7fee81000000 rw-p 0013d000 103:02 945154                    /usr/lib/libX11.so.6.4.0
7fee81000000-7fee81007000 r-xp 00000000 103:03 25434044                  /home/ian/.jdks/corretto-21.0.9/lib/libzip.so
7fee81007000-7fee81206000 ---p 00007000 103:03 25434044                  /home/ian/.jdks/corretto-21.0.9/lib/libzip.so
7fee81206000-7fee81207000 r--p 00006000 103:03 25434044                  /home/ian/.jdks/corretto-21.0.9/lib/libzip.so
7fee81207000-7fee81208000 rw-p 00000000 00:00 0 
7fee8120d000-7fee8120f000 r--p 00000000 103:02 958607                    /usr/lib/libEGL.so.1.1.0
7fee8120f000-7fee81219000 r-xp 00002000 103:02 958607                    /usr/lib/libEGL.so.1.1.0
7fee81219000-7fee8121d000 r--p 0000c000 103:02 958607                    /usr/lib/libEGL.so.1.1.0
7fee8121d000-7fee8121e000 r--p 0000f000 103:02 958607                    /usr/lib/libEGL.so.1.1.0
7fee8121e000-7fee8121f000 rw-p 00010000 103:02 958607                    /usr/lib/libEGL.so.1.1.0
7fee8121f000-7fee8123f000 rw-s 00000000 00:07 1487                       /dev/nvidiactl
7fee8123f000-7fee812bf000 rw-s 00000000 00:07 1489                       /dev/nvidia0
7fee812bf000-7fee812ff000 rw-s 00000000 00:07 1487                       /dev/nvidiactl
7fee812ff000-7fee81300000 rw-p 00000000 00:00 0 
7fee81300000-7fee81304000 ---p 00000000 00:00 0 
7fee81304000-7fee81400000 rw-p 00000000 00:00 0 
7fee81400000-7fee8140b000 r-xp 00000000 103:03 25433958                  /home/ian/.jdks/corretto-21.0.9/lib/libnet.so
7fee8140b000-7fee8160a000 ---p 0000b000 103:03 25433958                  /home/ian/.jdks/corretto-21.0.9/lib/libnet.so
7fee8160a000-7fee8160b000 r--p 0000a000 103:03 25433958                  /home/ian/.jdks/corretto-21.0.9/lib/libnet.so
7fee8160b000-7fee8160c000 rw-p 00000000 00:00 0 
7fee81610000-7fee81623000 rw-s 00000000 00:07 1487                       /dev/nvidiactl
7fee81623000-7fee81643000 rw-s 00000000 00:07 1487                       /dev/nvidiactl
7fee81663000-7fee81673000 r--p 00000000 103:02 961844                    /usr/lib/libnvidia-glsi.so.610.57.04
7fee81673000-7fee816d3000 r-xp 00010000 103:02 961844                    /usr/lib/libnvidia-glsi.so.610.57.04
7fee816d3000-7fee816f0000 r--p 00070000 103:02 961844                    /usr/lib/libnvidia-glsi.so.610.57.04
7fee816f0000-7fee816f6000 r--p 0008c000 103:02 961844                    /usr/lib/libnvidia-glsi.so.610.57.04
7fee816f6000-7fee816f7000 rw-p 00092000 103:02 961844                    /usr/lib/libnvidia-glsi.so.610.57.04
7fee816f7000-7fee816ff000 rw-p 00000000 00:00 0 
7fee816ff000-7fee81700000 rw-p 00000000 00:00 0 
7fee81700000-7fee81704000 ---p 00000000 00:00 0 
7fee81704000-7fee81800000 rw-p 00000000 00:00 0 
7fee81800000-7fee81813000 r-xp 00000000 103:03 25433954                  /home/ian/.jdks/corretto-21.0.9/lib/libnio.so
7fee81813000-7fee81a12000 ---p 00013000 103:03 25433954                  /home/ian/.jdks/corretto-21.0.9/lib/libnio.so
7fee81a12000-7fee81a13000 r--p 00012000 103:03 25433954                  /home/ian/.jdks/corretto-21.0.9/lib/libnio.so
7fee81a13000-7fee81a14000 rw-p 00013000 103:03 25433954                  /home/ian/.jdks/corretto-21.0.9/lib/libnio.so
7fee81a20000-7fee81a33000 rw-s 00000000 00:07 1487                       /dev/nvidiactl
7fee81a33000-7fee81a41000 r--p 00000000 103:02 942789                    /usr/lib/libdbus-1.so.3.38.3
7fee81a41000-7fee81a72000 r-xp 0000e000 103:02 942789                    /usr/lib/libdbus-1.so.3.38.3
7fee81a72000-7fee81a83000 r--p 0003f000 103:02 942789                    /usr/lib/libdbus-1.so.3.38.3
7fee81a83000-7fee81a85000 r--p 0004f000 103:02 942789                    /usr/lib/libdbus-1.so.3.38.3
7fee81a85000-7fee81a86000 rw-p 00051000 103:02 942789                    /usr/lib/libdbus-1.so.3.38.3
7fee81a86000-7fee81a88000 r--p 00000000 103:02 958619                    /usr/lib/libGLdispatch.so.0.0.0
7fee81a88000-7fee81a8b000 r-xp 00002000 103:02 958619                    /usr/lib/libGLdispatch.so.0.0.0
7fee81a8b000-7fee81ac6000 r-xp 00005000 103:02 958619                    /usr/lib/libGLdispatch.so.0.0.0
7fee81ac6000-7fee81ac7000 r-xp 00040000 103:02 958619                    /usr/lib/libGLdispatch.so.0.0.0
7fee81ac7000-7fee81ada000 r--p 00041000 103:02 958619                    /usr/lib/libGLdispatch.so.0.0.0
7fee81ada000-7fee81af6000 r--p 00054000 103:02 958619                    /usr/lib/libGLdispatch.so.0.0.0
7fee81af6000-7fee81af7000 rw-p 00070000 103:02 958619                    /usr/lib/libGLdispatch.so.0.0.0
7fee81af7000-7fee81aff000 rw-p 00000000 00:00 0 
7fee81aff000-7fee81b00000 rw-p 00000000 00:00 0 
7fee81b00000-7fee81b04000 ---p 00000000 00:00 0 
7fee81b04000-7fee81c00000 rw-p 00000000 00:00 0 
7fee81c00000-7fee81cce000 r-xp 00000000 103:03 25433997                  /home/ian/.jdks/corretto-21.0.9/lib/libjsvml.so
7fee81cce000-7fee81ecd000 ---p 000ce000 103:03 25433997                  /home/ian/.jdks/corretto-21.0.9/lib/libjsvml.so
7fee81ecd000-7fee81ece000 r--p 000cd000 103:03 25433997                  /home/ian/.jdks/corretto-21.0.9/lib/libjsvml.so
7fee81ece000-7fee81ecf000 rw-p 000ce000 103:03 25433997                  /home/ian/.jdks/corretto-21.0.9/lib/libjsvml.so
7fee81ecf000-7fee81ed6000 r--s 00000000 103:02 1025860                   /usr/lib/gconv/gconv-modules.cache
7fee81ed6000-7fee81eda000 rw-s 00000000 00:07 1487                       /dev/nvidiactl
7fee81eda000-7fee81edd000 r--p 00000000 103:02 959830                    /usr/lib/libnvidia-allocator.so.610.57.04
7fee81edd000-7fee81ef1000 r-xp 00003000 103:02 959830                    /usr/lib/libnvidia-allocator.so.610.57.04
7fee81ef1000-7fee81efb000 r--p 00017000 103:02 959830                    /usr/lib/libnvidia-allocator.so.610.57.04
7fee81efb000-7fee81efc000 r--p 00020000 103:02 959830                    /usr/lib/libnvidia-allocator.so.610.57.04
7fee81efc000-7fee81efd000 rw-p 00021000 103:02 959830                    /usr/lib/libnvidia-allocator.so.610.57.04
7fee81efd000-7fee81eff000 rw-p 00000000 00:00 0 
7fee81eff000-7fee81f00000 rw-p 00000000 00:00 0 
7fee81f00000-7fee81f04000 ---p 00000000 00:00 0 
7fee81f04000-7fee82000000 rw-p 00000000 00:00 0 
7fee82000000-7fee8402a000 rw-p 00000000 00:00 0 
7fee8402a000-7fee88000000 ---p 00000000 00:00 0 
7fee88000000-7fee88021000 rw-p 00000000 00:00 0 
7fee88021000-7fee8c000000 ---p 00000000 00:00 0 
7fee8c000000-7fee8c021000 rw-p 00000000 00:00 0 
7fee8c021000-7fee90000000 ---p 00000000 00:00 0 
7fee90000000-7fee90002000 rw-s 00000000 00:07 1487                       /dev/nvidiactl
7fee90002000-7fee90005000 rw-s 00000000 00:07 1487                       /dev/nvidiactl
7fee90005000-7fee9000a000 r--p 00000000 103:02 958398                    /usr/lib/libdrm.so.2.134.0
7fee9000a000-7fee90016000 r-xp 00005000 103:02 958398                    /usr/lib/libdrm.so.2.134.0
7fee90016000-7fee9001a000 r--p 00011000 103:02 958398                    /usr/lib/libdrm.so.2.134.0
7fee9001a000-7fee9001b000 r--p 00015000 103:02 958398                    /usr/lib/libdrm.so.2.134.0
7fee9001b000-7fee9001c000 rw-p 00016000 103:02 958398                    /usr/lib/libdrm.so.2.134.0
7fee9001c000-7fee90020000 r--p 00000000 103:02 921303                    /usr/lib/libgcc_s.so.1
7fee90020000-7fee90043000 r-xp 00004000 103:02 921303                    /usr/lib/libgcc_s.so.1
7fee90043000-7fee90047000 r--p 00027000 103:02 921303                    /usr/lib/libgcc_s.so.1
7fee90047000-7fee90048000 r--p 0002b000 103:02 921303                    /usr/lib/libgcc_s.so.1
7fee90048000-7fee90049000 rw-p 0002c000 103:02 921303                    /usr/lib/libgcc_s.so.1
7fee90049000-7fee90059000 rw-s 00000000 00:07 1489                       /dev/nvidia0
7fee90059000-7fee9007e000 r-xp 00000000 00:2e 1050                       /tmp/lwjgl_ian/3.4.0+20/x64/libglfw.so
7fee9007e000-7fee900cd000 r--p 00025000 00:2e 1050                       /tmp/lwjgl_ian/3.4.0+20/x64/libglfw.so
7fee900cd000-7fee900d1000 r--p 00074000 00:2e 1050                       /tmp/lwjgl_ian/3.4.0+20/x64/libglfw.so
7fee900d1000-7fee900d4000 rw-p 00078000 00:2e 1050                       /tmp/lwjgl_ian/3.4.0+20/x64/libglfw.so
7fee900d4000-7fee900f7000 rw-p 00000000 00:00 0 
7fee900f7000-7fee900f8000 rw-p 00000000 00:00 0 
7fee900f8000-7fee900fc000 ---p 00000000 00:00 0 
7fee900fc000-7fee901f9000 rw-p 00000000 00:00 0 
7fee901f9000-7fee901fd000 ---p 00000000 00:00 0 
7fee901fd000-7fee902fa000 rw-p 00000000 00:00 0 
7fee902fa000-7fee902fe000 ---p 00000000 00:00 0 
7fee902fe000-7fee903fb000 rw-p 00000000 00:00 0 
7fee903fb000-7fee903ff000 ---p 00000000 00:00 0 
7fee903ff000-7fee904fc000 rw-p 00000000 00:00 0 
7fee904fc000-7fee90500000 ---p 00000000 00:00 0 
7fee90500000-7fee905fd000 rw-p 00000000 00:00 0 
7fee905fd000-7fee90601000 ---p 00000000 00:00 0 
7fee90601000-7fee906fe000 rw-p 00000000 00:00 0 
7fee906fe000-7fee90702000 ---p 00000000 00:00 0 
7fee90702000-7fee907ff000 rw-p 00000000 00:00 0 
7fee907ff000-7fee90803000 ---p 00000000 00:00 0 
7fee90803000-7fee90900000 rw-p 00000000 00:00 0 
7fee90900000-7fee90904000 ---p 00000000 00:00 0 
7fee90904000-7fee90a00000 rw-p 00000000 00:00 0 
7fee90a00000-7fee90ced000 r--p 00000000 103:02 995609                    /usr/lib/locale/locale-archive
7fee90ced000-7fee90cee000 rw-s 00000000 00:07 1489                       /dev/nvidia0
7fee90cee000-7fee90cef000 rw-s 00000000 00:07 1487                       /dev/nvidiactl
7fee90cef000-7fee90cf1000 rw-s 00000000 00:01 61647                      /memfd:/.glXXXXXX (deleted)
7fee90cf5000-7fee90d05000 rw-s 00000000 00:07 1489                       /dev/nvidia0
7fee90d05000-7fee90d08000 r--p 00000000 103:02 952845                    /usr/lib/libxcb-xfixes.so.0.0.0
7fee90d08000-7fee90d0b000 r-xp 00003000 103:02 952845                    /usr/lib/libxcb-xfixes.so.0.0.0
7fee90d0b000-7fee90d0c000 r--p 00006000 103:02 952845                    /usr/lib/libxcb-xfixes.so.0.0.0
7fee90d0c000-7fee90d0d000 r--p 00007000 103:02 952845                    /usr/lib/libxcb-xfixes.so.0.0.0
7fee90d0d000-7fee90d0e000 rw-p 00008000 103:02 952845                    /usr/lib/libxcb-xfixes.so.0.0.0
7fee90d0e000-7fee90d11000 r--p 00000000 103:02 952839                    /usr/lib/libxcb-sync.so.1.0.0
7fee90d11000-7fee90d14000 r-xp 00003000 103:02 952839                    /usr/lib/libxcb-sync.so.1.0.0
7fee90d14000-7fee90d15000 r--p 00006000 103:02 952839                    /usr/lib/libxcb-sync.so.1.0.0
7fee90d15000-7fee90d16000 r--p 00007000 103:02 952839                    /usr/lib/libxcb-sync.so.1.0.0
7fee90d16000-7fee90d17000 rw-p 00008000 103:02 952839                    /usr/lib/libxcb-sync.so.1.0.0
7fee90d17000-7fee90d18000 r--p 00000000 103:02 952815                    /usr/lib/libxcb-present.so.0.0.0
7fee90d18000-7fee90d19000 r-xp 00001000 103:02 952815                    /usr/lib/libxcb-present.so.0.0.0
7fee90d19000-7fee90d1a000 r--p 00002000 103:02 952815                    /usr/lib/libxcb-present.so.0.0.0
7fee90d1a000-7fee90d1b000 r--p 00002000 103:02 952815                    /usr/lib/libxcb-present.so.0.0.0
7fee90d1b000-7fee90d1c000 rw-p 00003000 103:02 952815                    /usr/lib/libxcb-present.so.0.0.0
7fee90d1c000-7fee90d23000 r--p 00000000 103:02 952818                    /usr/lib/libxcb-randr.so.0.1.0
7fee90d23000-7fee90d29000 r-xp 00007000 103:02 952818                    /usr/lib/libxcb-randr.so.0.1.0
7fee90d29000-7fee90d2c000 r--p 0000d000 103:02 952818                    /usr/lib/libxcb-randr.so.0.1.0
7fee90d2c000-7fee90d2d000 r--p 00010000 103:02 952818                    /usr/lib/libxcb-randr.so.0.1.0
7fee90d2d000-7fee90d2e000 rw-p 00011000 103:02 952818                    /usr/lib/libxcb-randr.so.0.1.0
7fee90d2e000-7fee90d2f000 rw-p 00000000 00:00 0 
7fee90d2f000-7fee90d33000 ---p 00000000 00:00 0 
7fee90d33000-7fee90f30000 rw-p 00000000 00:00 0 
7fee90f30000-7fee91ef0000 rw-p 00000000 00:00 0 
7fee91ef0000-7feea0950000 ---p 00000000 00:00 0 
7feea0950000-7feea0b68000 rw-p 00000000 00:00 0 
7feea0b68000-7feea28b4000 ---p 00000000 00:00 0 
7feea28b4000-7feea2ab0000 rw-p 00000000 00:00 0 
7feea2ab0000-7feea47fc000 ---p 00000000 00:00 0 
7feea47fc000-7feea4800000 rw-p 00000000 00:00 0 
7feea4800000-7feea4d20000 rwxp 00000000 00:00 0 
7feea4d20000-7feeabc5f000 ---p 00000000 00:00 0 
7feeabc5f000-7feeac07f000 rwxp 00000000 00:00 0 
7feeac07f000-7feeac3a0000 ---p 00000000 00:00 0 
7feeac3a0000-7feeac610000 rwxp 00000000 00:00 0 
7feeac610000-7feeb3800000 ---p 00000000 00:00 0 
7feeb3800000-7feebbf76000 r--s 00000000 103:03 25433962                  /home/ian/.jdks/corretto-21.0.9/lib/modules
7feebbf76000-7feebbf7a000 rw-s 00000000 00:07 1487                       /dev/nvidiactl
7feebbf7a000-7feebbf7c000 r--p 00000000 103:02 952809                    /usr/lib/libxcb-dri3.so.0.1.0
7feebbf7c000-7feebbf7e000 r-xp 00002000 103:02 952809                    /usr/lib/libxcb-dri3.so.0.1.0
7feebbf7e000-7feebbf7f000 r--p 00004000 103:02 952809                    /usr/lib/libxcb-dri3.so.0.1.0
7feebbf7f000-7feebbf80000 r--p 00004000 103:02 952809                    /usr/lib/libxcb-dri3.so.0.1.0
7feebbf80000-7feebbf81000 rw-p 00005000 103:02 952809                    /usr/lib/libxcb-dri3.so.0.1.0
7feebbf81000-7feebbfb6000 r-xp 00000000 00:2e 1049                       /tmp/lwjgl_ian/3.4.0+20/x64/liblwjgl.so
7feebbfb6000-7feebbffe000 r--p 00035000 00:2e 1049                       /tmp/lwjgl_ian/3.4.0+20/x64/liblwjgl.so
7feebbffe000-7feebbfff000 r--p 0007c000 00:2e 1049                       /tmp/lwjgl_ian/3.4.0+20/x64/liblwjgl.so
7feebbfff000-7feebc000000 rw-p 0007d000 00:2e 1049                       /tmp/lwjgl_ian/3.4.0+20/x64/liblwjgl.so
7feebc000000-7feebffc9000 rw-p 00000000 00:00 0 
7feebffc9000-7feec0000000 ---p 00000000 00:00 0 
7feec0000000-7feec0001000 rw-s 00000000 00:07 1487                       /dev/nvidiactl
7feec0001000-7feec0002000 rw-s 00000000 00:07 1489                       /dev/nvidia0
7feec0002000-7feec000e000 r--p 00000000 103:02 952812                    /usr/lib/libxcb-glx.so.0.0.0
7feec000e000-7feec0017000 r-xp 0000c000 103:02 952812                    /usr/lib/libxcb-glx.so.0.0.0
7feec0017000-7feec001c000 r--p 00015000 103:02 952812                    /usr/lib/libxcb-glx.so.0.0.0
7feec001c000-7feec001e000 r--p 0001a000 103:02 952812                    /usr/lib/libxcb-glx.so.0.0.0
7feec001e000-7feec001f000 rw-p 0001c000 103:02 952812                    /usr/lib/libxcb-glx.so.0.0.0
7feec001f000-7feec0020000 r--p 00000000 103:02 963487                    /usr/lib/libnvidia-tls.so.610.57.04
7feec0020000-7feec0022000 r-xp 00001000 103:02 963487                    /usr/lib/libnvidia-tls.so.610.57.04
7feec0022000-7feec0023000 r--p 00003000 103:02 963487                    /usr/lib/libnvidia-tls.so.610.57.04
7feec0023000-7feec0024000 r--p 00003000 103:02 963487                    /usr/lib/libnvidia-tls.so.610.57.04
7feec0024000-7feec0025000 rw-p 00004000 103:02 963487                    /usr/lib/libnvidia-tls.so.610.57.04
7feec0025000-7feec0027000 r--p 00000000 103:02 958616                    /usr/lib/libGLX.so.0.0.0
7feec0027000-7feec0041000 r-xp 00002000 103:02 958616                    /usr/lib/libGLX.so.0.0.0
7feec0041000-7feec0044000 r--p 0001c000 103:02 958616                    /usr/lib/libGLX.so.0.0.0
7feec0044000-7feec0045000 r--p 0001f000 103:02 958616                    /usr/lib/libGLX.so.0.0.0
7feec0045000-7feec0046000 rw-p 00020000 103:02 958616                    /usr/lib/libGLX.so.0.0.0
7feec0046000-7feec0056000 rw-p 00000000 00:00 0 
7feec0056000-7feec0157000 rw-p 00000000 00:00 0 
7feec0157000-7feec01d8000 rw-p 00000000 00:00 0 
7feec01d8000-7feec03da000 rw-p 00000000 00:00 0 
7feec03da000-7feec15ec000 rw-p 00000000 00:00 0 
7feec15ec000-7feec18ef000 rw-p 00000000 00:00 0 
7feec18ef000-7feec2c00000 rw-p 00000000 00:00 0 
7feec2c00000-7feec2c20000 r-xp 00000000 103:03 25433985                  /home/ian/.jdks/corretto-21.0.9/lib/libjava.so
7feec2c20000-7feec2e1f000 ---p 00020000 103:03 25433985                  /home/ian/.jdks/corretto-21.0.9/lib/libjava.so
7feec2e1f000-7feec2e20000 r--p 0001f000 103:03 25433985                  /home/ian/.jdks/corretto-21.0.9/lib/libjava.so
7feec2e20000-7feec2e21000 rw-p 00020000 103:03 25433985                  /home/ian/.jdks/corretto-21.0.9/lib/libjava.so
7feec2e21000-7feec2e22000 rw-p 00000000 00:00 0 
7feec2e22000-7feec2e24000 rw-s 00000000 00:07 1487                       /dev/nvidiactl
7feec2e24000-7feec2e25000 r--p 00000000 103:02 945151                    /usr/lib/libX11-xcb.so.1.0.0
7feec2e25000-7feec2e26000 r-xp 00001000 103:02 945151                    /usr/lib/libX11-xcb.so.1.0.0
7feec2e26000-7feec2e27000 r--p 00002000 103:02 945151                    /usr/lib/libX11-xcb.so.1.0.0
7feec2e27000-7feec2e28000 r--p 00002000 103:02 945151                    /usr/lib/libX11-xcb.so.1.0.0
7feec2e28000-7feec2e29000 rw-p 00003000 103:02 945151                    /usr/lib/libX11-xcb.so.1.0.0
7feec2e29000-7feec2e2a000 r--p 00000000 103:02 958720                    /usr/lib/libXinerama.so.1.0.0
7feec2e2a000-7feec2e2b000 r-xp 00001000 103:02 958720                    /usr/lib/libXinerama.so.1.0.0
7feec2e2b000-7feec2e2c000 r--p 00002000 103:02 958720                    /usr/lib/libXinerama.so.1.0.0
7feec2e2c000-7feec2e2d000 r--p 00002000 103:02 958720                    /usr/lib/libXinerama.so.1.0.0
7feec2e2d000-7feec2e2e000 rw-p 00003000 103:02 958720                    /usr/lib/libXinerama.so.1.0.0
7feec2e2e000-7feec2e33000 rw-p 00000000 00:00 0 
7feec2e33000-7feec2f17000 ---p 00000000 00:00 0 
7feec2f17000-7feec2f22000 rw-p 00000000 00:00 0 
7feec2f22000-7feec3000000 ---p 00000000 00:00 0 
7feec3000000-7feec301b000 r-xp 00000000 103:03 25433967                  /home/ian/.jdks/corretto-21.0.9/lib/libjimage.so
7feec301b000-7feec321a000 ---p 0001b000 103:03 25433967                  /home/ian/.jdks/corretto-21.0.9/lib/libjimage.so
7feec321a000-7feec321c000 r--p 0001a000 103:03 25433967                  /home/ian/.jdks/corretto-21.0.9/lib/libjimage.so
7feec321c000-7feec321d000 rw-p 0001c000 103:03 25433967                  /home/ian/.jdks/corretto-21.0.9/lib/libjimage.so
7feec321d000-7feec321f000 r--p 00000000 103:02 956087                    /usr/lib/libXfixes.so.3.1.0
7feec321f000-7feec3222000 r-xp 00002000 103:02 956087                    /usr/lib/libXfixes.so.3.1.0
7feec3222000-7feec3223000 r--p 00005000 103:02 956087                    /usr/lib/libXfixes.so.3.1.0
7feec3223000-7feec3224000 r--p 00005000 103:02 956087                    /usr/lib/libXfixes.so.3.1.0
7feec3224000-7feec3225000 rw-p 00006000 103:02 956087                    /usr/lib/libXfixes.so.3.1.0
7feec3225000-7feec3300000 rw-p 00000000 00:00 0 
7feec3300000-7feec3304000 ---p 00000000 00:00 0 
7feec3304000-7feec3400000 rw-p 00000000 00:00 0 
7feec3400000-7feec4864000 r-xp 00000000 103:03 25433974                  /home/ian/.jdks/corretto-21.0.9/lib/server/libjvm.so
7feec4864000-7feec4a63000 ---p 01464000 103:03 25433974                  /home/ian/.jdks/corretto-21.0.9/lib/server/libjvm.so
7feec4a63000-7feec4b38000 r--p 01463000 103:03 25433974                  /home/ian/.jdks/corretto-21.0.9/lib/server/libjvm.so
7feec4b38000-7feec4b68000 rw-p 01538000 103:03 25433974                  /home/ian/.jdks/corretto-21.0.9/lib/server/libjvm.so
7feec4b68000-7feec4bce000 rw-p 00000000 00:00 0 
7feec4bce000-7feec4bcf000 rw-s 00000000 00:07 1487                       /dev/nvidiactl
7feec4bcf000-7feec4bd0000 rw-s 00000000 00:07 1487                       /dev/nvidiactl
7feec4bd0000-7feec4bd1000 r--s 00000000 00:07 1487                       /dev/nvidiactl
7feec4bd1000-7feec4bd2000 rw-p 00000000 00:00 0 
7feec4bd2000-7feec4bd5000 r--p 00000000 103:02 958651                    /usr/lib/libXcursor.so.1.0.2
7feec4bd5000-7feec4bdb000 r-xp 00003000 103:02 958651                    /usr/lib/libXcursor.so.1.0.2
7feec4bdb000-7feec4bdd000 r--p 00009000 103:02 958651                    /usr/lib/libXcursor.so.1.0.2
7feec4bdd000-7feec4bde000 r--p 0000a000 103:02 958651                    /usr/lib/libXcursor.so.1.0.2
7feec4bde000-7feec4bdf000 rw-p 0000b000 103:02 958651                    /usr/lib/libXcursor.so.1.0.2
7feec4bdf000-7feec4be1000 r--p 00000000 103:02 956588                    /usr/lib/libXrender.so.1.3.0
7feec4be1000-7feec4be8000 r-xp 00002000 103:02 956588                    /usr/lib/libXrender.so.1.3.0
7feec4be8000-7feec4be9000 r--p 00009000 103:02 956588                    /usr/lib/libXrender.so.1.3.0
7feec4be9000-7feec4bea000 r--p 00009000 103:02 956588                    /usr/lib/libXrender.so.1.3.0
7feec4bea000-7feec4beb000 rw-p 0000a000 103:02 956588                    /usr/lib/libXrender.so.1.3.0
7feec4beb000-7feec4bee000 r--p 00000000 103:02 956093                    /usr/lib/libXi.so.6.1.0
7feec4bee000-7feec4bfb000 r-xp 00003000 103:02 956093                    /usr/lib/libXi.so.6.1.0
7feec4bfb000-7feec4bfe000 r--p 00010000 103:02 956093                    /usr/lib/libXi.so.6.1.0
7feec4bfe000-7feec4bff000 r--p 00012000 103:02 956093                    /usr/lib/libXi.so.6.1.0
7feec4bff000-7feec4c00000 rw-p 00013000 103:02 956093                    /usr/lib/libXi.so.6.1.0
7feec4c00000-7feec4c24000 r--p 00000000 103:02 920573                    /usr/lib/libc.so.6
7feec4c24000-7feec4d9f000 r-xp 00024000 103:02 920573                    /usr/lib/libc.so.6
7feec4d9f000-7feec4e15000 r--p 0019f000 103:02 920573                    /usr/lib/libc.so.6
7feec4e15000-7feec4e19000 r--p 00214000 103:02 920573                    /usr/lib/libc.so.6
7feec4e19000-7feec4e1b000 rw-p 00218000 103:02 920573                    /usr/lib/libc.so.6
7feec4e1b000-7feec4e23000 rw-p 00000000 00:00 0 
7feec4e23000-7feec4e25000 r--p 00000000 103:02 958841                    /usr/lib/libXrandr.so.2.2.0
7feec4e25000-7feec4e2c000 r-xp 00002000 103:02 958841                    /usr/lib/libXrandr.so.2.2.0
7feec4e2c000-7feec4e2e000 r--p 00009000 103:02 958841                    /usr/lib/libXrandr.so.2.2.0
7feec4e2e000-7feec4e2f000 r--p 0000a000 103:02 958841                    /usr/lib/libXrandr.so.2.2.0
7feec4e2f000-7feec4e30000 rw-p 0000b000 103:02 958841                    /usr/lib/libXrandr.so.2.2.0
7feec4e30000-7feec4e34000 r--p 00000000 103:02 955953                    /usr/lib/libXext.so.6.4.0
7feec4e34000-7feec4e3f000 r-xp 00004000 103:02 955953                    /usr/lib/libXext.so.6.4.0
7feec4e3f000-7feec4e42000 r--p 0000f000 103:02 955953                    /usr/lib/libXext.so.6.4.0
7feec4e42000-7feec4e43000 r--p 00011000 103:02 955953                    /usr/lib/libXext.so.6.4.0
7feec4e43000-7feec4e44000 rw-p 00012000 103:02 955953                    /usr/lib/libXext.so.6.4.0
7feec4e44000-7feec4e45000 r--p 00000000 103:02 958373                    /usr/lib/libXxf86vm.so.1.0.0
7feec4e45000-7feec4e48000 r-xp 00001000 103:02 958373                    /usr/lib/libXxf86vm.so.1.0.0
7feec4e48000-7feec4e49000 r--p 00004000 103:02 958373                    /usr/lib/libXxf86vm.so.1.0.0
7feec4e49000-7feec4e4a000 r--p 00004000 103:02 958373                    /usr/lib/libXxf86vm.so.1.0.0
7feec4e4a000-7feec4e4b000 rw-p 00005000 103:02 958373                    /usr/lib/libXxf86vm.so.1.0.0
7feec4e4b000-7feec4ec9000 rw-p 00000000 00:00 0 
7feec4ec9000-7feec4ed9000 r--p 00000000 103:02 920590                    /usr/lib/libm.so.6
7feec4ed9000-7feec4f75000 r-xp 00010000 103:02 920590                    /usr/lib/libm.so.6
7feec4f75000-7feec4ffe000 r--p 000ac000 103:02 920590                    /usr/lib/libm.so.6
7feec4ffe000-7feec4fff000 r--p 00134000 103:02 920590                    /usr/lib/libm.so.6
7feec4fff000-7feec5000000 rw-p 00135000 103:02 920590                    /usr/lib/libm.so.6
7feec5000000-7feec500f000 r-xp 00000000 103:03 25433955                  /home/ian/.jdks/corretto-21.0.9/lib/libjli.so
7feec500f000-7feec520f000 ---p 0000f000 103:03 25433955                  /home/ian/.jdks/corretto-21.0.9/lib/libjli.so
7feec520f000-7feec5210000 r--p 0000f000 103:03 25433955                  /home/ian/.jdks/corretto-21.0.9/lib/libjli.so
7feec5210000-7feec5211000 rw-p 00010000 103:03 25433955                  /home/ian/.jdks/corretto-21.0.9/lib/libjli.so
7feec5211000-7feec5212000 r-xp 00033000 00:2e 1049                       /tmp/lwjgl_ian/3.4.0+20/x64/liblwjgl.so
7feec5212000-7feec5213000 rw-p 00000000 00:00 0 
7feec5213000-7feec5215000 r--p 00000000 103:02 952778                    /usr/lib/libXdmcp.so.6.0.0
7feec5215000-7feec5217000 r-xp 00002000 103:02 952778                    /usr/lib/libXdmcp.so.6.0.0
7feec5217000-7feec5219000 r--p 00004000 103:02 952778                    /usr/lib/libXdmcp.so.6.0.0
7feec5219000-7feec521a000 r--p 00005000 103:02 952778                    /usr/lib/libXdmcp.so.6.0.0
7feec521a000-7feec521b000 rw-p 00006000 103:02 952778                    /usr/lib/libXdmcp.so.6.0.0
7feec521b000-7feec521c000 r--p 00000000 103:02 952781                    /usr/lib/libXau.so.6.0.0
7feec521c000-7feec521d000 r-xp 00001000 103:02 952781                    /usr/lib/libXau.so.6.0.0
7feec521d000-7feec521e000 r--p 00002000 103:02 952781                    /usr/lib/libXau.so.6.0.0
7feec521e000-7feec521f000 r--p 00002000 103:02 952781                    /usr/lib/libXau.so.6.0.0
7feec521f000-7feec5220000 rw-p 00003000 103:02 952781                    /usr/lib/libXau.so.6.0.0
7feec5220000-7feec522c000 r--p 00000000 103:02 952866                    /usr/lib/libxcb.so.1.1.0
7feec522c000-7feec5240000 r-xp 0000c000 103:02 952866                    /usr/lib/libxcb.so.1.1.0
7feec5240000-7feec5249000 r--p 00020000 103:02 952866                    /usr/lib/libxcb.so.1.1.0
7feec5249000-7feec524a000 r--p 00028000 103:02 952866                    /usr/lib/libxcb.so.1.1.0
7feec524a000-7feec524b000 rw-p 00029000 103:02 952866                    /usr/lib/libxcb.so.1.1.0
7feec524b000-7feec5254000 rw-p 00000000 00:00 0 
7feec5254000-7feec525a000 ---p 00000000 00:00 0 
7feec525a000-7feec5262000 rw-s 00000000 00:2e 1162                       /tmp/hsperfdata_ian/79222
7feec5262000-7feec5263000 ---p 00000000 00:00 0 
7feec5263000-7feec5264000 r--p 00000000 00:00 0 
7feec5264000-7feec5265000 ---p 00000000 00:00 0 
7feec5265000-7feec5266000 r--p 00000000 103:02 920618                    /usr/lib/librt.so.1
7feec5266000-7feec5267000 r-xp 00001000 103:02 920618                    /usr/lib/librt.so.1
7feec5267000-7feec5268000 r--p 00002000 103:02 920618                    /usr/lib/librt.so.1
7feec5268000-7feec5269000 r--p 00002000 103:02 920618                    /usr/lib/librt.so.1
7feec5269000-7feec526a000 rw-p 00003000 103:02 920618                    /usr/lib/librt.so.1
7feec526a000-7feec526e000 rw-p 00000000 00:00 0 
7feec526e000-7feec526f000 r--p 00000000 103:02 920583                    /usr/lib/libdl.so.2
7feec526f000-7feec5270000 r-xp 00001000 103:02 920583                    /usr/lib/libdl.so.2
7feec5270000-7feec5271000 r--p 00002000 103:02 920583                    /usr/lib/libdl.so.2
7feec5271000-7feec5272000 r--p 00002000 103:02 920583                    /usr/lib/libdl.so.2
7feec5272000-7feec5273000 rw-p 00003000 103:02 920583                    /usr/lib/libdl.so.2
7feec5273000-7feec5274000 r--p 00000000 103:02 920613                    /usr/lib/libpthread.so.0
7feec5274000-7feec5275000 r-xp 00001000 103:02 920613                    /usr/lib/libpthread.so.0
7feec5275000-7feec5276000 r--p 00002000 103:02 920613                    /usr/lib/libpthread.so.0
7feec5276000-7feec5277000 r--p 00002000 103:02 920613                    /usr/lib/libpthread.so.0
7feec5277000-7feec5278000 rw-p 00003000 103:02 920613                    /usr/lib/libpthread.so.0
7feec5278000-7feec527b000 r--p 00000000 103:02 924378                    /usr/lib/libz.so.1.3.2
7feec527b000-7feec528b000 r-xp 00003000 103:02 924378                    /usr/lib/libz.so.1.3.2
7feec528b000-7feec5291000 r--p 00013000 103:02 924378                    /usr/lib/libz.so.1.3.2
7feec5291000-7feec5292000 r--p 00018000 103:02 924378                    /usr/lib/libz.so.1.3.2
7feec5292000-7feec5293000 rw-p 00019000 103:02 924378                    /usr/lib/libz.so.1.3.2
7feec5293000-7feec5295000 rw-p 00000000 00:00 0 
7feec5295000-7feec52ce000 r--p 00000000 103:02 2360067                   /etc/ld.so.cache
7feec52ce000-7feec52d2000 r--p 00000000 00:00 0                          [vvar]
7feec52d2000-7feec52d4000 r--p 00000000 00:00 0                          [vvar_vclock]
7feec52d4000-7feec52d6000 r-xp 00000000 00:00 0                          [vdso]
7feec52d6000-7feec52d7000 r--p 00000000 103:02 920562                    /usr/lib/ld-linux-x86-64.so.2
7feec52d7000-7feec5304000 r-xp 00001000 103:02 920562                    /usr/lib/ld-linux-x86-64.so.2
7feec5304000-7feec5313000 r--p 0002e000 103:02 920562                    /usr/lib/ld-linux-x86-64.so.2
7feec5313000-7feec5315000 r--p 0003d000 103:02 920562                    /usr/lib/ld-linux-x86-64.so.2
7feec5315000-7feec5316000 rw-p 0003f000 103:02 920562                    /usr/lib/ld-linux-x86-64.so.2
7feec5316000-7feec5317000 rw-p 00000000 00:00 0 
7ffd82e68000-7ffd82e8b000 rw-p 00000000 00:00 0                          [stack]
ffffffffff600000-ffffffffff601000 --xp 00000000 00:00 0                  [vsyscall]
Total number of mappings: 560

JVMTI agents: none


VM Arguments:
jvm_args: -Dfile.encoding=UTF-8 -Duser.country=US -Duser.language=en -Duser.variant 
java_command: net.ice.relic.common.test.VulkanTest
java_class_path (initial): /mnt/Alpha/Users/Ian/Documents/Relic/build/classes/java/main:/mnt/Alpha/Users/Ian/Documents/Relic/build/resources/main:/home/ian/.gradle/caches/modules-2/files-2.1/io.github.spair/imgui-java-app/1.87.0/25624ee3da9585987e9af98d72306dfc6d9f2769/imgui-java-app-1.87.0.jar:/home/ian/.gradle/caches/modules-2/files-2.1/io.github.spair/imgui-java-lwjgl3/1.87.0/a012a5f097de8a0ef879a9fb58b0a8134f5842e1/imgui-java-lwjgl3-1.87.0.jar:/home/ian/.gradle/caches/modules-2/files-2.1/org.lwjgl/lwjgl-assimp/3.4.0/4c958db45767dafbd4ba2a2985cc8e68a6213852/lwjgl-assimp-3.4.0.jar:/home/ian/.gradle/caches/modules-2/files-2.1/org.lwjgl/lwjgl-assimp/3.4.0/c3928509ca1acac49a9a7df5e5692d3e06a96b13/lwjgl-assimp-3.4.0-natives-linux.jar:/home/ian/.gradle/caches/modules-2/files-2.1/org.lwjgl/lwjgl-glfw/3.4.0/bb282ac212eb91f6b2add25ac31dce896f9c5b64/lwjgl-glfw-3.4.0.jar:/home/ian/.gradle/caches/modules-2/files-2.1/org.lwjgl/lwjgl-glfw/3.4.0/268728a68d2dc9bf80d09711e727ac70923d2337/lwjgl-glfw-3.4.0-natives-linux.jar:/home/ian/.gradle/caches/modules-2/files-2.1/org.lwjgl/lwjgl-glfw/3.4.0/770e27000b7a1c945a357a532e2008e65cab3a88/lwjgl-glfw-3.4.0-natives-windows.jar:/home/ian/.gradle/caches/modules-2/files-2.1/org.lwjgl/lwjgl-glfw/3.4.0/5e922dccd48983cc5749e59f36a7ec6c0aa5358f/lwjgl-glfw-3.4.0-natives-macos.jar:/home/ian/.gradle/caches/modules-2/files-2.1/org.lwjgl/lwjgl-glfw/3.4.0/bd93201672fb486ca1db69ed2026470fce1dc802/lwjgl-glfw-3.4.0-natives-macos-arm64.jar:/home/ian/.gradle/caches/modules-2/files-2.1/org.lwjgl/lwjgl-openal/3.4.0/84d61bc4367e21a567fcc4ee9efefd1e11b3cd05/lwjgl-openal-3.4.0.jar:/home/ian/.gradle/caches/modules-2/files-2.1/org.lwjgl/lwjgl-openal/3.4.0/d3920fb7abdb4414ef2232652be0c266db0c1d56/lwjgl-openal-3.4.0-natives-linux.jar:/home/ian/.gradle/caches/modules-2/files-2.1/org.lwjgl/lwjgl-opengl/3.4.0/5947ab24b5dbe93a9e011ac4fd5f8f14dfb138c2/lwjgl-opengl-3.4.0.jar:/home/ian/.gradle/caches/modules-2/files-2.1/org.lwjgl/lwjgl-opengl/3.4.0/b812e19721d2f0656cc4cb665d22d7a001acfd11/lwjgl-opengl-3.4.0-natives-linux.jar:/home/ian/.gradle/caches/modules-2/files-2.1/org.lwjgl/lwjgl-opengl/3.4.0/e8443b8558d12ccffb16248ebfe0d670d3bfdb29/lwjgl-opengl-3.4.0-natives-windows.jar:/home/ian/.gradle/caches/modules-2/files-2.1/org.lwjgl/lwjgl-opengl/3.4.0/4ca0f553caf201a22e16c95a2049a6759bde01f2/lwjgl-opengl-3.4.0-natives-macos.jar:/home/ian/.gradle/caches/modules-2/files-2.1/org.lwjgl/lwjgl-opengl/3.4.0/fb1636c9c8824b639ff51757136c73fbc1efe741/lwjgl-opengl-3.4.0-natives-macos-arm64.jar:/home/ian/.gradle/caches/modules-2/files-2.1/org.lwjgl/lwjgl-openxr/3.4.0/a3fad711516e644cf520951d3a91445546f9983c/lwjgl-openxr-3.4.0.jar:/home/ian/.gradle/caches/modules-2/files-2.1/org.lwjgl/lwjgl-openxr/3.4.0/2c72f1c97c056ded036dfd45a6154375c71fbf88/lwjgl-openxr-3.4.0-natives-linux.jar:/home/ian/.gradle/caches/modules-2/files-2.1/org.lwjgl/lwjgl-shaderc/3.4.0/56f7e5697a40099641de0ecbfc31c6fd958652c7/lwjgl-shaderc-3.4.0.jar:/home/ian/.gradle/caches/modules-2/files-2.1/org.lwjgl/lwjgl-shaderc/3.4.0/fe27fa43588442ca59bd5332d47677c62fba511/lwjgl-shaderc-3.4.0-natives-linux.jar:/home/ian/.gradle/caches/modules-2/files-2.1/org.lwjgl/lwjgl-spvc/3.4.0/126bf8255ac528b00e52cb30e69024872bfaf544/lwjgl-spvc-3.4.0.jar:/home/ian/.gradle/caches/modules-2/files-2.1/org.lwjgl/lwjgl-spvc/3.4.0/4a2864d122b6ede1afb401f51746d08419c958bf/lwjgl-spvc-3.4.0-natives-linux.jar:/home/ian/.gradle/caches/modules-2/files-2.1/org.lwjgl/lwjgl-stb/3.4.0/8bd174a85c684943b6a90281c30cd1037d1faee0/lwjgl-stb-3.4.0.jar:/home/ian/.gradle/caches/modules-2/files-2.1/org.lwjgl/lwjgl-stb/3.4.0/fbd8b32630bc6ea496c6b4f6990587b42dd4e0e5/lwjgl-stb-3.4.0-natives-linux.jar:/home/ian/.gradle/caches/modules-2/files-2.1/org.lwjgl/lwjgl-vulkan/3.4.0/ee2126cfa8fafe86163fc0359c99403099e50e17/lwjgl-vulkan-3.4.0.jar:/home/ian/.gradle/caches/modules-2/files-2.1/org.lwjgl/lwjgl/3.4.0/201de49386cbba233b36eca434ce9e56345a5f8a/lwjgl-3.4.0.jar:/home/ian/.gradle/caches/modules-2/files-2.1/org.lwjgl/lwjgl/3.4.0/dd278b9fb054ec4fca53b3e49c67f4ff26b82c4/lwjgl-3.4.0-natives-linux.jar:/home/ian/.gradle/caches/modules-2/files-2.1/org.lwjgl/lwjgl/3.4.0/93e881238b992ab309c3d58d60976586b3dfe810/lwjgl-3.4.0-natives-windows.jar:/home/ian/.gradle/caches/modules-2/files-2.1/org.lwjgl/lwjgl/3.4.0/de0814d1d5b233eb9a25d07424e7880817094451/lwjgl-3.4.0-natives-macos.jar:/home/ian/.gradle/caches/modules-2/files-2.1/org.lwjgl/lwjgl/3.4.0/416aa822485e7e877ac542e315a820d28f50b32a/lwjgl-3.4.0-natives-macos-arm64.jar:/home/ian/.gradle/caches/modules-2/files-2.1/org.reflections/reflections/0.10.2/b638d7ca0e0fe0146b60a0e7ba232ad852a73b31/reflections-0.10.2.jar:/home/ian/.gradle/caches/modules-2/files-2.1/io.github.classgraph/classgraph/4.8.189/41ccda0596fd4431ce9feac34458143294448139/classgraph-4.8.189.jar:/home/ian/.gradle/caches/modules-2/files-2.1/org.joml/joml/1.10.7/f8c3f2e7db281bde099342dd36133de4bbba390c/joml-1.10.7.jar:/home/ian/.gradle/caches/modules-2/files-2.1/org.tinylog/tinylog-impl/2.7.0/46a5d4d50d3302460a5143e51befdb7245ccba5d/tinylog-impl-2.7.0.jar:/home/ian/.gradle/caches/modules-2/files-2.1/org.tinylog/tinylog-api/2.7.0/17875aa7c4acfee6a9e9a83a5d1469cc0411be40/tinylog-api-2.7.0.jar:/home/ian/.gradle/caches/modules-2/files-2.1/org.javassist/javassist/3.28.0-GA/9a958811a88381bb159cc2f5ed79c34a45c4af7a/javassist-3.28.0-GA.jar:/home/ian/.gradle/caches/modules-2/files-2.1/com.google.code.findbugs/jsr305/3.0.2/25ea2e8b0c338a877313bd4672d3fe056ea78f0d/jsr305-3.0.2.jar:/home/ian/.gradle/caches/modules-2/files-2.1/org.slf4j/slf4j-api/1.7.32/cdcff33940d9f2de763bc41ea05a0be5941176c3/slf4j-api-1.7.32.jar:/home/ian/.gradle/caches/modules-2/files-2.1/org.jetbrains.kotlin/kotlin-stdlib-jdk8/1.8.20/73576ddf378c5b4f1f6b449fe6b119b8183fc078/kotlin-stdlib-jdk8-1.8.20.jar:/home/ian/.gradle/caches/modules-2/files-2.1/io.github.spair/imgui-java-binding/1.87.0/d4aaefccf68831f6ba75823b945ba1400278e3e7/imgui-java-binding-1.87.0.jar:/home/ian/.gradle/caches/modules-2/files-2.1/org.jetbrains.kotlin/kotlin-stdlib-jdk7/1.8.20/3aa51faf20aae8b31e1a4bc54f8370673d7b7df4/kotlin-stdlib-jdk7-1.8.20.jar:/home/ian/.gradle/caches/modules-2/files-2.1/org.jetbrains.kotlin/kotlin-stdlib/1.8.20/e72fc5e03ec6c064c678a6bd0d955c88d55b0c4a/kotlin-stdlib-1.8.20.jar:/home/ian/.gradle/caches/modules-2/files-2.1/org.jetbrains.kotlin/kotlin-stdlib-common/1.8.20/5eddaaf234c8c49d03eebeb6a14feb7f90faca71/kotlin-stdlib-common-1.8.20.jar:/home/ian/.gradle/caches/modules-2/files-2.1/org.jetbrains/annotations/13.0/919f0dfe192fb4e063e7dacadee7f8bb9a2672a9/annotations-13.0.jar
Launcher Type: SUN_STANDARD

[Global flags]
     intx CICompilerCount                          = 12                                        {product} {ergonomic}
     uint ConcGCThreads                            = 5                                         {product} {ergonomic}
     uint G1ConcRefinementThreads                  = 18                                        {product} {ergonomic}
   size_t G1HeapRegionSize                         = 8388608                                   {product} {ergonomic}
    uintx GCDrainStackTargetSize                   = 64                                        {product} {ergonomic}
   size_t InitialHeapSize                          = 1056964608                                {product} {ergonomic}
   size_t MarkStackSize                            = 4194304                                   {product} {ergonomic}
   size_t MaxHeapSize                              = 16793993216                               {product} {ergonomic}
   size_t MaxNewSize                               = 10074718208                               {product} {ergonomic}
   size_t MinHeapDeltaBytes                        = 8388608                                   {product} {ergonomic}
   size_t MinHeapSize                              = 8388608                                   {product} {ergonomic}
    uintx NonNMethodCodeHeapSize                   = 7602480                                {pd product} {ergonomic}
    uintx NonProfiledCodeHeapSize                  = 122027880                              {pd product} {ergonomic}
    uintx ProfiledCodeHeapSize                     = 122027880                              {pd product} {ergonomic}
    uintx ReservedCodeCacheSize                    = 251658240                              {pd product} {ergonomic}
     bool SegmentedCodeCache                       = true                                      {product} {ergonomic}
   size_t SoftMaxHeapSize                          = 16793993216                            {manageable} {ergonomic}
     bool UseCompressedOops                        = true                           {product lp64_product} {ergonomic}
     bool UseG1GC                                  = true                                      {product} {ergonomic}

Logging:
Log output configuration:
 #0: stdout all=warning uptime,level,tags foldmultilines=false
 #1: stderr all=off uptime,level,tags foldmultilines=false

Release file:
IMPLEMENTOR="Amazon.com Inc."
IMPLEMENTOR_VERSION="Corretto-21.0.9.11.1"
JAVA_RUNTIME_VERSION="21.0.9+11-LTS"
JAVA_VERSION="21.0.9"
JAVA_VERSION_DATE="2025-10-21"
LIBC="gnu"
MODULES="java.base java.compiler java.datatransfer java.xml java.prefs java.desktop java.instrument java.logging java.management java.security.sasl java.naming java.rmi java.management.rmi java.net.http java.scripting java.security.jgss java.transaction.xa java.sql java.sql.rowset java.xml.crypto java.se java.smartcardio jdk.accessibility jdk.internal.jvmstat jdk.attach jdk.charsets jdk.internal.opt jdk.zipfs jdk.compiler jdk.crypto.ec jdk.crypto.cryptoki jdk.dynalink jdk.internal.ed jdk.editpad jdk.hotspot.agent jdk.httpserver jdk.incubator.vector jdk.internal.le jdk.internal.vm.ci jdk.internal.vm.compiler jdk.internal.vm.compiler.management jdk.jartool jdk.javadoc jdk.jcmd jdk.management jdk.management.agent jdk.jconsole jdk.jdeps jdk.jdwp.agent jdk.jdi jdk.jfr jdk.jlink jdk.jpackage jdk.jshell jdk.jsobject jdk.jstatd jdk.localedata jdk.management.jfr jdk.naming.dns jdk.naming.rmi jdk.net jdk.nio.mapmode jdk.random jdk.sctp jdk.security.auth jdk.security.jgss jdk.unsupported jdk.unsupported.desktop jdk.xml.dom"
OS_ARCH="x86_64"
OS_NAME="Linux"
SOURCE=".:git:b9ba2fcc52e6+"

Environment Variables:
PATH=/usr/local/sbin:/usr/local/bin:/usr/bin:/var/lib/flatpak/exports/bin:/usr/lib/jvm/default/bin:/usr/bin/site_perl:/usr/bin/vendor_perl:/usr/bin/core_perl
SHELL=/usr/bin/bash
DISPLAY=:1
LANG=en_US.UTF-8

Active Locale:
LC_ALL=en_US.UTF-8
LC_COLLATE=en_US.UTF-8
LC_CTYPE=en_US.UTF-8
LC_MESSAGES=en_US.UTF-8
LC_MONETARY=en_US.UTF-8
LC_NUMERIC=en_US.UTF-8
LC_TIME=en_US.UTF-8

Signal Handlers:
   SIGSEGV: crash_handler in libjvm.so, mask=11100100010111111101111111111110, flags=SA_RESTART|SA_SIGINFO, unblocked
    SIGBUS: crash_handler in libjvm.so, mask=11100100010111111101111111111110, flags=SA_RESTART|SA_SIGINFO, unblocked
    SIGFPE: crash_handler in libjvm.so, mask=11100100010111111101111111111110, flags=SA_RESTART|SA_SIGINFO, unblocked
   SIGPIPE: javaSignalHandler in libjvm.so, mask=11100100010111111101111111111110, flags=SA_RESTART|SA_SIGINFO, blocked
   SIGXFSZ: javaSignalHandler in libjvm.so, mask=11100100010111111101111111111110, flags=SA_RESTART|SA_SIGINFO, blocked
    SIGILL: crash_handler in libjvm.so, mask=11100100010111111101111111111110, flags=SA_RESTART|SA_SIGINFO, unblocked
   SIGUSR2: SR_handler in libjvm.so, mask=00000000000000000000000000000000, flags=SA_RESTART|SA_SIGINFO, blocked
    SIGHUP: UserHandler in libjvm.so, mask=11100100010111111101111111111110, flags=SA_RESTART|SA_SIGINFO, blocked
    SIGINT: UserHandler in libjvm.so, mask=11100100010111111101111111111110, flags=SA_RESTART|SA_SIGINFO, blocked
   SIGTERM: UserHandler in libjvm.so, mask=11100100010111111101111111111110, flags=SA_RESTART|SA_SIGINFO, blocked
   SIGQUIT: UserHandler in libjvm.so, mask=11100100010111111101111111111110, flags=SA_RESTART|SA_SIGINFO, blocked
   SIGTRAP: crash_handler in libjvm.so, mask=11100100010111111101111111111110, flags=SA_RESTART|SA_SIGINFO, unblocked


Periodic native trim disabled

---------------  S Y S T E M  ---------------

OS:
DISTRIB_ID="Arch"
DISTRIB_RELEASE="rolling"
DISTRIB_DESCRIPTION="Arch Linux"
uname: Linux 7.1.8-arch1-3 #1 SMP PREEMPT_DYNAMIC Tue, 11 Aug 2026 09:16:08 +0000 x86_64
OS uptime: 0 days 10:15 hours
libc: glibc 2.44 NPTL 2.44 
rlimit (soft/hard): STACK 8192k/infinity , CORE infinity/infinity , NPROC 255612/255612 , NOFILE 524288/524288 , AS infinity/infinity , CPU infinity/infinity , DATA infinity/infinity , FSIZE infinity/infinity , MEMLOCK 8192k/8192k
load average: 3.46 3.35 3.32

/proc/meminfo:
MemTotal:       65592528 kB
MemFree:        35060628 kB
MemAvailable:   47694180 kB
Buffers:         2182164 kB
Cached:          9733184 kB
SwapCached:            0 kB
Active:         17736548 kB
Inactive:        9452644 kB
Active(anon):   14304000 kB
Inactive(anon):        0 kB
Active(file):    3432548 kB
Inactive(file):  9452644 kB
Unevictable:       24252 kB
Mlocked:            2156 kB
SwapTotal:      32797692 kB
SwapFree:       32797692 kB
Zswap:                 0 kB
Zswapped:              0 kB
Dirty:             25668 kB
Writeback:             0 kB
AnonPages:      14903064 kB
Mapped:          4313164 kB
Shmem:            763768 kB
KReclaimable:     481696 kB
Slab:             924900 kB
SReclaimable:     481696 kB
SUnreclaim:       443204 kB
KernelStack:       49040 kB
PageTables:       125724 kB
SecPageTables:         0 kB
NFS_Unstable:          0 kB
Bounce:                0 kB
WritebackTmp:          0 kB
CommitLimit:    65593956 kB
Committed_AS:   38537064 kB
VmallocTotal:   34359738367 kB
VmallocUsed:      335436 kB
VmallocChunk:          0 kB
Percpu:            17856 kB
HardwareCorrupted:     0 kB
AnonHugePages:   6072320 kB
ShmemHugePages:    18432 kB
ShmemPmdMapped:        0 kB
FileHugePages:   1884160 kB
FilePmdMapped:   1228800 kB
CmaTotal:              0 kB
CmaFree:               0 kB
Unaccepted:            0 kB
Balloon:               0 kB
GPUActive:             0 kB
GPUReclaim:            0 kB
HugePages_Total:       0
HugePages_Free:        0
HugePages_Rsvd:        0
HugePages_Surp:        0
Hugepagesize:       2048 kB
Hugetlb:               0 kB
DirectMap4k:     3942156 kB
DirectMap2M:    29370368 kB
DirectMap1G:    33554432 kB

/sys/kernel/mm/transparent_hugepage/enabled: [always] madvise never
/sys/kernel/mm/transparent_hugepage/hpage_pmd_size: 2097152
/sys/kernel/mm/transparent_hugepage/defrag (defrag/compaction efforts parameter): always defer defer+madvise [madvise] never

Process Memory:
Virtual Size: 20922988K (peak: 21054032K)
Resident Set Size: 773736K (peak: 779656K) (anon: 249964K, file: 513240K, shmem: 10532K)
Swapped out: 0K
C-Heap outstanding allocations: 448607K, retained: 66884K
glibc malloc tunables: (default)

/proc/sys/kernel/threads-max (system-wide limit on the number of threads): 511224
/proc/sys/vm/max_map_count (maximum number of memory map areas a process may have): 1048576
/proc/sys/vm/swappiness (control to define how aggressively the kernel swaps out anonymous memory): 60
/proc/sys/kernel/pid_max (system-wide limit on number of process identifiers): 4194304

container information not found.
Steal ticks since vm start: 0
Steal ticks percentage since vm start:  0.000

CPU: total 24 (initial active 24) (12 cores per cpu, 2 threads per core) family 6 model 151 stepping 2 microcode 0x3e, cx8, cmov, fxsr, ht, mmx, 3dnowpref, sse, sse2, sse3, ssse3, sse4.1, sse4.2, popcnt, lzcnt, tsc, tscinvbit, avx, avx2, aes, erms, clmul, bmi1, bmi2, adx, sha, fma, vzeroupper, clflush, clflushopt, clwb, serialize, rdtscp, rdpid, fsrm, f16c, pku, ospke, cet_ibt, cet_ss
CPU Model and flags from /proc/cpuinfo:
model name	: 12th Gen Intel(R) Core(TM) i9-12900K
flags		: fpu vme de pse tsc msr pae mce cx8 apic sep mtrr pge mca cmov pat pse36 clflush dts acpi mmx fxsr sse sse2 ss ht tm pbe syscall nx pdpe1gb rdtscp lm constant_tsc art arch_perfmon pebs bts rep_good nopl xtopology nonstop_tsc cpuid aperfmperf tsc_known_freq pni pclmulqdq dtes64 monitor ds_cpl vmx smx est tm2 ssse3 sdbg fma cx16 xtpr pdcm pcid sse4_1 sse4_2 x2apic movbe popcnt tsc_deadline_timer aes xsave avx f16c rdrand lahf_lm abm 3dnowprefetch cpuid_fault ssbd ibrs ibpb stibp ibrs_enhanced tpr_shadow flexpriority ept vpid ept_ad fsgsbase tsc_adjust bmi1 avx2 smep bmi2 erms invpcid rdseed adx smap clflushopt clwb intel_pt sha_ni xsaveopt xsavec xgetbv1 xsaves split_lock_detect user_shstk avx_vnni dtherm ida arat pln pts hwp hwp_notify hwp_act_window hwp_epp hwp_pkg_req hfi vnmi umip pku ospke waitpkg gfni vaes vpclmulqdq rdpid movdiri movdir64b fsrm md_clear serialize pconfig arch_lbr ibt flush_l1d arch_capabilities

Online cpus: 0-23
Offline cpus: 
BIOS frequency limitation: <Not Available>
Frequency switch latency (ns): 0
Available cpu frequencies: <Not Available>
Current governor: powersave
Core performance/turbo boost: <Not Available>

Memory: 4k page, physical 65592528k(47694180k free), swap 32797692k(32797692k free)
Page Sizes: 4k

vm_info: OpenJDK 64-Bit Server VM (21.0.9+11-LTS) for linux-amd64 JRE (21.0.9+11-LTS), built on 2025-10-31T19:29:38Z by "jenkins" with gcc 7.3.1 20180303 (Red Hat 7.3.1-5)

END.
