#
# A fatal error has been detected by the Java Runtime Environment:
#
#  SIGSEGV (0xb) at pc=0x00007f59f3db95d0, pid=82156, tid=82180
#
# JRE version: OpenJDK Runtime Environment Corretto-21.0.9.11.1 (21.0.9+11) (build 21.0.9+11-LTS)
# Java VM: OpenJDK 64-Bit Server VM Corretto-21.0.9.11.1 (21.0.9+11-LTS, mixed mode, sharing, tiered, compressed oops, compressed class ptrs, g1 gc, linux-amd64)
# Problematic frame:
# V  [libjvm.so+0x5b95d0]  AccessInternal::PostRuntimeDispatch<G1BarrierSet::AccessBarrier<286822ul, G1BarrierSet>, (AccessInternal::BarrierType)3, 286822ul>::oop_access_barrier(oopDesc*, long)+0x0
#
# Core dump will be written. Default location: Core dumps may be processed with "/usr/lib/systemd/systemd-coredump %P %u %g %s %t %c %h %d %F %I" (or dumping to /mnt/Alpha/Users/Ian/Documents/Relic/core.82156)
#
# If you would like to submit a bug report, please visit:
#   https://github.com/corretto/corretto-21/issues/
#

---------------  S U M M A R Y ------------

Command Line: -Dfile.encoding=UTF-8 -Duser.country=US -Duser.language=en -Duser.variant net.ice.relic.common.test.VulkanTest

Host: 12th Gen Intel(R) Core(TM) i9-12900K, 24 cores, 62G, Arch Linux
Time: Wed Aug 19 17:57:29 2026 EDT elapsed time: 2.472558 seconds (0d 0h 0m 2s)

---------------  T H R E A D  ---------------

Current thread (0x00007f59340b9c20):  JavaThread "C1 CompilerThread2" daemon [_thread_in_vm, id=82180, stack(0x00007f59c00fc000,0x00007f59c01fc000) (1024K)]


Current CompileTask:
C1:2472 2878       3       org.joml.Vector3f::dot (38 bytes)

Stack: [0x00007f59c00fc000,0x00007f59c01fc000],  sp=0x00007f59c01f9638,  free space=1013k
Native frames: (J=compiled Java code, j=interpreted, Vv=VM code, C=native code)
V  [libjvm.so+0x5b95d0]  AccessInternal::PostRuntimeDispatch<G1BarrierSet::AccessBarrier<286822ul, G1BarrierSet>, (AccessInternal::BarrierType)3, 286822ul>::oop_access_barrier(oopDesc*, long)+0x0
V  [libjvm.so+0x5f8c85]  ciObjectFactory::create_new_metadata(Metadata*)+0x145
V  [libjvm.so+0x5f8e40]  ciObjectFactory::get_metadata(Metadata*)+0x80
V  [libjvm.so+0x5d7ab5]  ciEnv::get_klass_by_index_impl(constantPoolHandle const&, int, bool&, ciInstanceKlass*)+0x3a5
V  [libjvm.so+0x5d86e0]  ciEnv::get_method_by_index_impl(constantPoolHandle const&, int, Bytecodes::Code, ciInstanceKlass*)+0x140
V  [libjvm.so+0x5d8f68]  ciEnv::get_method_by_index(constantPoolHandle const&, int, Bytecodes::Code, ciInstanceKlass*)+0x448
V  [libjvm.so+0x606f6b]  ciBytecodeStream::get_method(bool&, ciSignature**)+0x10b
V  [libjvm.so+0x50d043]  GraphBuilder::invoke(Bytecodes::Code)+0x33
V  [libjvm.so+0x51067f]  GraphBuilder::iterate_bytecodes_for_block(int)+0x247f
V  [libjvm.so+0x510c5a]  GraphBuilder::iterate_all_blocks(bool)+0x15a
V  [libjvm.so+0x511cc4]  GraphBuilder::GraphBuilder(Compilation*, IRScope*)+0x494
V  [libjvm.so+0x518802]  IRScope::IRScope(Compilation*, IRScope*, int, ciMethod*, int, bool)+0x192
V  [libjvm.so+0x5188b7]  IR::IR(Compilation*, ciMethod*, int)+0x87
V  [libjvm.so+0x4f547e]  Compilation::build_hir() [clone .part.92]+0x12e
V  [libjvm.so+0x4f743b]  Compilation::compile_java_method()+0x38b
V  [libjvm.so+0x4f7694]  Compilation::compile_method()+0x194
V  [libjvm.so+0x4f7b9b]  Compilation::Compilation(AbstractCompiler*, ciEnv*, ciMethod*, int, BufferBlob*, bool, DirectiveSet*)+0x22b
V  [libjvm.so+0x4f8998]  Compiler::compile_method(ciEnv*, ciMethod*, int, bool, DirectiveSet*)+0xb8
V  [libjvm.so+0x6886fd]  CompileBroker::invoke_compiler_on_method(CompileTask*)+0x81d
V  [libjvm.so+0x68bcc0]  CompileBroker::compiler_thread_loop()+0x7c0
V  [libjvm.so+0x928447]  JavaThread::thread_main_inner() [clone .part.89]+0xa7
V  [libjvm.so+0xf97b6f]  Thread::call_run()+0x9f
V  [libjvm.so+0xcfe02a]  thread_native_entry(Thread*)+0xda
C  [libc.so.6+0x980a2]

siginfo: si_signo: 11 (SIGSEGV), si_code: 128 (SI_KERNEL), si_addr: 0x0000000000000000

Registers:
RAX=0x00ffffff00ffffff, RBX=0x00007f59442b1e70, RCX=0x0000000000000006, RDX=0x0000000000000007
RSP=0x00007f59c01f9638, RBP=0x00007f59c01f9680, RSI=0x0000000000000060, RDI=0x00ffffff00ffffff
R8 =0x0000000000000000, R9 =0x00007f592c000e50, R10=0x00007f59440977a8, R11=0x0000000000000002
R12=0x00007f5964137040, R13=0x00007f5964137040, R14=0x00007f59ec172900, R15=0x00007f59340b9c20
RIP=0x00007f59f3db95d0, EFLAGS=0x0000000000010202, CSGSFS=0x002b000000000033, ERR=0x0000000000000000
  TRAPNO=0x000000000000000d

XMM[0]=0x0000000000000002 0x00007f59440977a8
XMM[1]=0x00007f59634897c0 0x00007f59634ad588
XMM[2]=0xae0030b80030b86a 0x00010006b92b0003
XMM[3]=0xcfdf00010005b92b 0x0002cfdf00010004
XMM[4]=0x0000000000000000 0x3ff1a8de60000000
XMM[5]=0xe381000000f4fff3 0x4376e95d20c48348
XMM[6]=0x0000000000000000 0x0000000000000000
XMM[7]=0x0000000000000000 0x0000000000000000
XMM[8]=0x9de9000004609789 0x4d00007f59dbe385
XMM[9]=0x0e22121204020220 0x050415081304090f
XMM[10]=0x281504063e13040d 0x0d0e13150f0e2212
XMM[11]=0x9999999999999999 0x9999999999999999
XMM[12]=0x2020202020202020 0x2020202020202020
XMM[13]=0x0000000000000000 0x0000000000000000
XMM[14]=0x0000000000000000 0x0000000000000000
XMM[15]=0x0000000000000000 0x0000000000000000
  MXCSR=0x00001fa2


Register to memory mapping:

RAX=0x00ffffff00ffffff is an unknown value
RBX=0x00007f59442b1e70 points into unknown readable memory: 0x00007f59f4f0e988 | 88 e9 f0 f4 59 7f 00 00
RCX=0x0000000000000006 is an unknown value
RDX=0x0000000000000007 is an unknown value
RSP=0x00007f59c01f9638 is pointing into the stack for thread: 0x00007f59340b9c20
RBP=0x00007f59c01f9680 is pointing into the stack for thread: 0x00007f59340b9c20
RSI=0x0000000000000060 is an unknown value
RDI=0x00ffffff00ffffff is an unknown value
R8 =0x0 is null
R9 =0x00007f592c000e50 points into unknown readable memory: 0x00000004170060c0 | c0 60 00 17 04 00 00 00
R10=0x00007f59440977a8 points into unknown readable memory: 0x0000000000000000 | 00 00 00 00 00 00 00 00
R11=0x0000000000000002 is an unknown value
R12=0x00007f5964137040 is a pointer to class: 
org.joml.Math {0x00007f5964137040}
 - instance size:     2
 - klass size:        65
 - access:            public synchronized 
 - flags:             rewritten should_verify_class has_localvariable_table has_vanilla_constructor 
 - state:             fully_initialized
 - name:              'org/joml/Math'
 - super:             'java/lang/Object'
 - sub:               
 - arrays:            null
 - methods:           Array<T>(0x00007f595fbf7ca0)
 - method ordering:   Array<T>(0x00007f5963b39bc8)
 - local interfaces:  Array<T>(0x00007f596361bc78)
 - trans. interfaces: Array<T>(0x00007f596361bc78)
 - secondary supers: Array<T>(0x00007f596361b7c8)
 - hash_slot:         57
 - bitmap:            0x0000000000000000
 - constants:         constant pool [455] {0x00007f595fbf6dd8} for 'org/joml/Math' cache=0x00007f595fbfc8d8
 - class loader data:  loader data: 0x00007f59ec172900 for instance a 'jdk/internal/loader/ClassLoaders$AppClassLoader'{0x00000007ff8ed0d0}
 - source file:       'Math.java'
 - inner classes:     Array<T>(0x00007f596361bc00)
 - nest members:     Array<T>(0x00007f596361bc00)
 - permitted subclasses:     Array<T>(0x00007f596361bc00)
 - java mirror:       
[error occurred during error reporting (printing register info), id 0xb, SIGSEGV (0xb) at pc=0x00007f59f44e0e2e]
R13=0x00007f5964137040 is a pointer to class: 
org.joml.Math {0x00007f5964137040}
 - instance size:     2
 - klass size:        65
 - access:            public synchronized 
 - flags:             rewritten should_verify_class has_localvariable_table has_vanilla_constructor 
 - state:             fully_initialized
 - name:              'org/joml/Math'
 - super:             'java/lang/Object'
 - sub:               
 - arrays:            null
 - methods:           Array<T>(0x00007f595fbf7ca0)
 - method ordering:   Array<T>(0x00007f5963b39bc8)
 - local interfaces:  Array<T>(0x00007f596361bc78)
 - trans. interfaces: Array<T>(0x00007f596361bc78)
 - secondary supers: Array<T>(0x00007f596361b7c8)
 - hash_slot:         57
 - bitmap:            0x0000000000000000
 - constants:         constant pool [455] {0x00007f595fbf6dd8} for 'org/joml/Math' cache=0x00007f595fbfc8d8
 - class loader data:  loader data: 0x00007f59ec172900 for instance a 'jdk/internal/loader/ClassLoaders$AppClassLoader'{0x00000007ff8ed0d0}
 - source file:       'Math.java'
 - inner classes:     Array<T>(0x00007f596361bc00)
 - nest members:     Array<T>(0x00007f596361bc00)
 - permitted subclasses:     Array<T>(0x00007f596361bc00)
 - java mirror:       
[error occurred during error reporting (printing register info, attempt 2), id 0xb, SIGSEGV (0xb) at pc=0x00007f59f44e0e2e]
R14=0x00007f59ec172900 points into unknown readable memory: 0x00007f59ec148908 | 08 89 14 ec 59 7f 00 00
R15=0x00007f59340b9c20 is a thread

Top of Stack: (sp=0x00007f59c01f9638)
0x00007f59c01f9638:   00007f59f3de2556 00007f59442ae41e
0x00007f59c01f9648:   0000000000000000 00007f5944097688
0x00007f59c01f9658:   00007f5964137040 00007f59442b1e70
0x00007f59c01f9668:   00007f59340b9c20 00000000000000ed
0x00007f59c01f9678:   00000000000000b1 00007f59c01f96d0
0x00007f59c01f9688:   00007f59f3df8c85 00007f59340b9c20
0x00007f59c01f9698:   0000000417041690 00007f5900000000
0x00007f59c01f96a8:   00000007ff8ed0d0 00000000000000b1
0x00007f59c01f96b8:   00007f5964137040 00007f594423d360
0x00007f59c01f96c8:   00000000000000ed 00007f59c01f9710
0x00007f59c01f96d8:   00007f59f3df8e40 00007f59c01f9710
0x00007f59c01f96e8:   00007f59442ad430 00007f59c01fa5e0
0x00007f59c01f96f8:   00007f59c01f9940 00000000000000ed
0x00007f59c01f9708:   0000000000000000 00007f59c01f97a0
0x00007f59c01f9718:   00007f59f3dd7ab5 00007f59440971e8
0x00007f59c01f9728:   0000000000000019 00007f5964137040
0x00007f59c01f9738:   00007f59c01f97df 00007f59440977a8
0x00007f59c01f9748:   00007f59f45abb6d 00007f59440972e0
0x00007f59c01f9758:   00007f5944096b68 00007f59c01f9790
0x00007f59c01f9768:   00007f59f3cfd9b6 00007f59440975e8
0x00007f59c01f9778:   00007f59c01f9940 00000000000000b8
0x00007f59c01f9788:   00007f59c01fa5e0 0000000000000030
0x00007f59c01f9798:   00007f59442ad430 00007f59c01f9850
0x00007f59c01f97a8:   00007f59f3dd86e0 00007f59c01f97d0
0x00007f59c01f97b8:   00007f59f3d0bf0e 00007f59c01f9800
0x00007f59c01f97c8:   00007f5944096b68 00007f59442b1930
0x00007f59c01f97d8:   00007f59442ad430 00007f59442b1b9c
0x00007f59c01f97e8:   0000000000000000 0000001000000001
0x00007f59c01f97f8:   00007f59442b1b98 00007f59442b1b9d
0x00007f59c01f9808:   00007f59442b1b9d 000000ae000000ae
0x00007f59c01f9818:   00007f59440971e8 00007f59c01f98a0
0x00007f59c01f9828:   00007f59340b9c20 00007f59c01f9940 

Instructions: (pc=0x00007f59f3db95d0)
0x00007f59f3db94d0:   48 8b 5f 20 e8 77 8e e7 ff 48 85 db 48 89 df 75
0x00007f59f3db94e0:   ef 49 83 c4 08 4d 39 ec 72 d6 48 8b 45 c8 64 48
0x00007f59f3db94f0:   33 04 25 28 00 00 00 75 6c 48 81 c4 b8 f1 01 00
0x00007f59f3db9500:   5b 41 5c 41 5d 41 5e 41 5f 5d c3 0f 1f 44 00 00
0x00007f59f3db9510:   48 8b 40 08 e9 85 fd ff ff 8b 85 14 ff ff ff c7
0x00007f59f3db9520:   85 10 ff ff ff 00 00 00 00 85 c0 74 81 48 8b bd
0x00007f59f3db9530:   18 ff ff ff c7 85 14 ff ff ff 00 00 00 00 48 85
0x00007f59f3db9540:   ff 74 05 e8 18 c2 2e 00 48 c7 85 18 ff ff ff 00
0x00007f59f3db9550:   00 00 00 e9 56 ff ff ff 48 83 85 30 0e fe ff 08
0x00007f59f3db9560:   e9 f4 fe ff ff e8 96 a4 ce ff 66 0f 1f 44 00 00
0x00007f59f3db9570:   8b 04 37 55 48 89 e5 85 c0 74 15 48 8d 15 2e 39
0x00007f59f3db9580:   18 01 5d 8b 4a 08 48 d3 e0 48 03 02 c3 0f 1f 00
0x00007f59f3db9590:   31 c0 5d c3 66 2e 0f 1f 84 00 00 00 00 00 66 90
0x00007f59f3db95a0:   8b 04 37 55 48 89 e5 85 c0 74 15 48 8d 15 fe 38
0x00007f59f3db95b0:   18 01 5d 8b 4a 08 48 d3 e0 48 03 02 c3 0f 1f 00
0x00007f59f3db95c0:   31 c0 5d c3 66 2e 0f 1f 84 00 00 00 00 00 66 90
0x00007f59f3db95d0:   8b 04 37 55 48 89 e5 85 c0 74 15 48 8d 15 ce 38
0x00007f59f3db95e0:   18 01 5d 8b 4a 08 48 d3 e0 48 03 02 c3 0f 1f 00
0x00007f59f3db95f0:   31 c0 5d c3 66 2e 0f 1f 84 00 00 00 00 00 66 90
0x00007f59f3db9600:   55 48 8b 04 37 48 89 e5 5d c3 66 0f 1f 44 00 00
0x00007f59f3db9610:   55 48 8b 04 37 48 89 e5 5d c3 66 0f 1f 44 00 00
0x00007f59f3db9620:   55 48 8b 04 37 48 89 e5 5d c3 66 0f 1f 44 00 00
0x00007f59f3db9630:   48 8d 15 6e 4d 1c 01 48 8d 05 72 45 1b 01 55 80
0x00007f59f3db9640:   3a 00 48 8b 00 48 89 e5 8b 40 10 75 23 83 f8 06
0x00007f59f3db9650:   0f 87 fe 00 00 00 48 8d 15 4b 83 ba 00 48 63 04
0x00007f59f3db9660:   82 48 01 d0 ff e0 66 2e 0f 1f 84 00 00 00 00 00
0x00007f59f3db9670:   83 f8 06 0f 87 db 00 00 00 48 8d 15 44 83 ba 00
0x00007f59f3db9680:   48 63 04 82 48 01 d0 ff e0 0f 1f 80 00 00 00 00
0x00007f59f3db9690:   48 8d 05 a9 02 00 00 5d 48 89 05 a1 34 18 01 ff
0x00007f59f3db96a0:   e0 0f 1f 80 00 00 00 00 48 8d 05 51 ff ff ff eb
0x00007f59f3db96b0:   e6 0f 1f 80 00 00 00 00 48 8d 05 61 ff ff ff eb
0x00007f59f3db96c0:   d6 0f 1f 80 00 00 00 00 48 8d 05 51 0f 00 00 eb 


Stack slot to memory mapping:

stack at sp + 0 slots: 0x00007f59f3de2556: <offset 0x00000000005e2556> in /home/ian/.jdks/corretto-21.0.9/lib/server/libjvm.so at 0x00007f59f3800000
stack at sp + 1 slots: 0x00007f59442ae41e points into unknown readable memory: 00 00
stack at sp + 2 slots: 0x0 is null
stack at sp + 3 slots: 0x00007f5944097688 points into unknown readable memory: 0x00007f5944093668 | 68 36 09 44 59 7f 00 00
stack at sp + 4 slots: 0x00007f5964137040 is a pointer to class: 
org.joml.Math {0x00007f5964137040}
 - instance size:     2
 - klass size:        65
 - access:            public synchronized 
 - flags:             rewritten should_verify_class has_localvariable_table has_vanilla_constructor 
 - state:             fully_initialized
 - name:              'org/joml/Math'
 - super:             'java/lang/Object'
 - sub:               
 - arrays:            null
 - methods:           Array<T>(0x00007f595fbf7ca0)
 - method ordering:   Array<T>(0x00007f5963b39bc8)
 - local interfaces:  Array<T>(0x00007f596361bc78)
 - trans. interfaces: Array<T>(0x00007f596361bc78)
 - secondary supers: Array<T>(0x00007f596361b7c8)
 - hash_slot:         57
 - bitmap:            0x0000000000000000
 - constants:         constant pool [455] {0x00007f595fbf6dd8} for 'org/joml/Math' cache=0x00007f595fbfc8d8
 - class loader data:  loader data: 0x00007f59ec172900 for instance a 'jdk/internal/loader/ClassLoaders$AppClassLoader'{0x00000007ff8ed0d0}
 - source file:       'Math.java'
 - inner classes:     Array<T>(0x00007f596361bc00)
 - nest members:     Array<T>(0x00007f596361bc00)
 - permitted subclasses:     Array<T>(0x00007f596361bc00)
 - java mirror:       
[error occurred during error reporting (inspecting top of stack), id 0xb, SIGSEGV (0xb) at pc=0x00007f59f44e0e2e]
stack at sp + 5 slots: 0x00007f59442b1e70 points into unknown readable memory: 0x00007f59f4f0e988 | 88 e9 f0 f4 59 7f 00 00
stack at sp + 6 slots: 0x00007f59340b9c20 is a thread
stack at sp + 7 slots: 0x00000000000000ed is an unknown value


---------------  P R O C E S S  ---------------

Threads class SMR info:
_java_thread_list=0x00007f59a4001ca0, length=15, elements={
0x00007f59ec02cee0, 0x00007f59ec162c20, 0x00007f59ec164180, 0x00007f59ec165a20,
0x00007f59ec167050, 0x00007f59ec1685e0, 0x00007f59ec16a190, 0x00007f59ec16b840,
0x00007f59ec177fa0, 0x00007f59ec17b120, 0x00007f59380758a0, 0x00007f59340b9c20,
0x00007f59340bb000, 0x00007f594423bd90, 0x00007f59a4012d00
}

Java Threads: ( => current thread )
  0x00007f59ec02cee0 JavaThread "main"                              [_thread_in_native, id=82160, stack(0x00007f59f5300000,0x00007f59f5400000) (1024K)]
  0x00007f59ec162c20 JavaThread "Reference Handler"          daemon [_thread_blocked, id=82169, stack(0x00007f59f0356000,0x00007f59f0456000) (1024K)]
  0x00007f59ec164180 JavaThread "Finalizer"                  daemon [_thread_blocked, id=82170, stack(0x00007f59f0255000,0x00007f59f0355000) (1024K)]
  0x00007f59ec165a20 JavaThread "Signal Dispatcher"          daemon [_thread_blocked, id=82171, stack(0x00007f59f0154000,0x00007f59f0254000) (1024K)]
  0x00007f59ec167050 JavaThread "Service Thread"             daemon [_thread_blocked, id=82172, stack(0x00007f59f0053000,0x00007f59f0153000) (1024K)]
  0x00007f59ec1685e0 JavaThread "Monitor Deflation Thread"   daemon [_thread_blocked, id=82173, stack(0x00007f59c0b00000,0x00007f59c0c00000) (1024K)]
  0x00007f59ec16a190 JavaThread "C2 CompilerThread0"         daemon [_thread_blocked, id=82174, stack(0x00007f59c09ff000,0x00007f59c0aff000) (1024K)]
  0x00007f59ec16b840 JavaThread "C1 CompilerThread0"         daemon [_thread_in_vm, id=82175, stack(0x00007f59c08fe000,0x00007f59c09fe000) (1024K)]
  0x00007f59ec177fa0 JavaThread "Notification Thread"        daemon [_thread_blocked, id=82176, stack(0x00007f59c0500000,0x00007f59c0600000) (1024K)]
  0x00007f59ec17b120 JavaThread "Common-Cleaner"             daemon [_thread_blocked, id=82177, stack(0x00007f59c03ff000,0x00007f59c04ff000) (1024K)]
  0x00007f59380758a0 JavaThread "C1 CompilerThread1"         daemon [_thread_in_vm, id=82178, stack(0x00007f59c02fe000,0x00007f59c03fe000) (1024K)]
=>0x00007f59340b9c20 JavaThread "C1 CompilerThread2"         daemon [_thread_in_vm, id=82180, stack(0x00007f59c00fc000,0x00007f59c01fc000) (1024K)]
  0x00007f59340bb000 JavaThread "C1 CompilerThread3"         daemon [_thread_blocked, id=82181, stack(0x00007f59b1f00000,0x00007f59b2000000) (1024K)]
  0x00007f594423bd90 JavaThread "C2 CompilerThread1"         daemon [_thread_blocked, id=82260, stack(0x00007f59c01fd000,0x00007f59c02fd000) (1024K)]
  0x00007f59a4012d00 JavaThread "C2 CompilerThread2"         daemon [_thread_blocked, id=82261, stack(0x00007f5911ddf000,0x00007f5911edf000) (1024K)]
Total: 15

Other Threads:
  0x00007f59ec159b20 VMThread "VM Thread"                           [id=82168, stack(0x00007f59f0457000,0x00007f59f0557000) (1024K)]
  0x00007f59ec1476c0 WatcherThread "VM Periodic Task Thread"        [id=82167, stack(0x00007f59f0558000,0x00007f59f0658000) (1024K)]
  0x00007f59ec05ab90 WorkerThread "GC Thread#0"                     [id=82161, stack(0x00007f59f1cf0000,0x00007f59f1df0000) (1024K)]
  0x00007f5958015480 WorkerThread "GC Thread#1"                     [id=82218, stack(0x00007f5912ef0000,0x00007f5912ff0000) (1024K)]
  0x00007f5958015fb0 WorkerThread "GC Thread#2"                     [id=82219, stack(0x00007f5912def000,0x00007f5912eef000) (1024K)]
  0x00007f5958016ae0 WorkerThread "GC Thread#3"                     [id=82220, stack(0x00007f5912cee000,0x00007f5912dee000) (1024K)]
  0x00007f5958017610 WorkerThread "GC Thread#4"                     [id=82221, stack(0x00007f5912bed000,0x00007f5912ced000) (1024K)]
  0x00007f5958018140 WorkerThread "GC Thread#5"                     [id=82222, stack(0x00007f5912aec000,0x00007f5912bec000) (1024K)]
  0x00007f5958018c70 WorkerThread "GC Thread#6"                     [id=82223, stack(0x00007f59129eb000,0x00007f5912aeb000) (1024K)]
  0x00007f5958019b90 WorkerThread "GC Thread#7"                     [id=82224, stack(0x00007f59128ea000,0x00007f59129ea000) (1024K)]
  0x00007f595801aad0 WorkerThread "GC Thread#8"                     [id=82225, stack(0x00007f59127e9000,0x00007f59128e9000) (1024K)]
  0x00007f595801ba30 WorkerThread "GC Thread#9"                     [id=82226, stack(0x00007f59126e8000,0x00007f59127e8000) (1024K)]
  0x00007f595801c990 WorkerThread "GC Thread#10"                    [id=82227, stack(0x00007f59125e7000,0x00007f59126e7000) (1024K)]
  0x00007f595801d8f0 WorkerThread "GC Thread#11"                    [id=82228, stack(0x00007f59124e6000,0x00007f59125e6000) (1024K)]
  0x00007f595801e850 WorkerThread "GC Thread#12"                    [id=82229, stack(0x00007f59123e5000,0x00007f59124e5000) (1024K)]
  0x00007f595801f7b0 WorkerThread "GC Thread#13"                    [id=82230, stack(0x00007f59122e4000,0x00007f59123e4000) (1024K)]
  0x00007f5958020710 WorkerThread "GC Thread#14"                    [id=82231, stack(0x00007f59121e3000,0x00007f59122e3000) (1024K)]
  0x00007f59580216a0 WorkerThread "GC Thread#15"                    [id=82232, stack(0x00007f59120e2000,0x00007f59121e2000) (1024K)]
  0x00007f5958022630 WorkerThread "GC Thread#16"                    [id=82233, stack(0x00007f5911fe1000,0x00007f59120e1000) (1024K)]
  0x00007f59580235c0 WorkerThread "GC Thread#17"                    [id=82234, stack(0x00007f5911ee0000,0x00007f5911fe0000) (1024K)]
  0x00007f59ec06bc30 ConcurrentGCThread "G1 Main Marker"            [id=82162, stack(0x00007f59f1bef000,0x00007f59f1cef000) (1024K)]
  0x00007f59ec06cc00 WorkerThread "G1 Conc#0"                       [id=82163, stack(0x00007f59f1aee000,0x00007f59f1bee000) (1024K)]
  0x00007f59ec12cab0 ConcurrentGCThread "G1 Refine#0"               [id=82164, stack(0x00007f59f07db000,0x00007f59f08db000) (1024K)]
  0x00007f59ec12da60 ConcurrentGCThread "G1 Service"                [id=82165, stack(0x00007f59f06da000,0x00007f59f07da000) (1024K)]
Total: 24

Threads with active compile tasks:
C1 CompilerThread0  2496 2877       3       org.joml.Matrix4f::invertGenericThis (873 bytes)
C1 CompilerThread1  2496 2881       3       org.joml.Matrix4f::setLookAt (304 bytes)
C1 CompilerThread2  2497 2878       3       org.joml.Vector3f::dot (38 bytes)
Total: 3

VM state: not at safepoint (normal execution)

VM Mutex/Monitor currently owned by a thread: None

Heap address: 0x0000000417000000, size: 16016 MB, Compressed Oops mode: Zero based, Oop shift amount: 3

CDS archive(s) mapped at: [0x00007f5963000000-0x00007f5963ca0000-0x00007f5963ca0000), size 13238272, SharedBaseAddress: 0x00007f5963000000, ArchiveRelocationMode: 1.
Compressed class space mapped at: 0x00007f5964000000-0x00007f59a4000000, reserved size: 1073741824
Narrow klass base: 0x00007f5963000000, Narrow klass shift: 0, Narrow klass range: 0x100000000

GC Precious Log:
 CardTable entry size: 512
 Card Set container configuration: InlinePtr #cards 4 size 8 Array Of Cards #cards 64 size 144 Howl #buckets 8 coarsen threshold 14745 Howl Bitmap #cards 2048 size 272 coarsen threshold 1843 Card regions per heap region 1 cards per card region 16384
 CPUs: 24 total, 24 available
 Memory: 64055M
 Large Page Support: Disabled
 NUMA Support: Disabled
 Compressed Oops: Enabled (Zero based)
 Heap Region Size: 8M
 Heap Min Capacity: 8M
 Heap Initial Capacity: 1008M
 Heap Max Capacity: 16016M
 Pre-touch: Disabled
 Parallel Workers: 18
 Concurrent Workers: 5
 Concurrent Refinement Workers: 18
 Periodic GC: Disabled

Heap:
 garbage-first heap   total 1040384K, used 80153K [0x0000000417000000, 0x0000000800000000)
  region size 8192K, 12 young (98304K), 1 survivors (8192K)
 Metaspace       used 13977K, committed 14400K, reserved 1114112K
  class space    used 989K, committed 1216K, reserved 1048576K

Heap Regions: E=young(eden), S=young(survivor), O=old, HS=humongous(starts), HC=humongous(continues), CS=collection set, F=free, TAMS=top-at-mark-start, PB=parsable bottom
|   0|0x0000000417000000, 0x000000041737d610, 0x0000000417800000| 43%| O|  |TAMS 0x0000000417000000| PB 0x0000000417000000| Untracked 
|   1|0x0000000417800000, 0x0000000417800000, 0x0000000418000000|  0%| F|  |TAMS 0x0000000417800000| PB 0x0000000417800000| Untracked 
|   2|0x0000000418000000, 0x0000000418000000, 0x0000000418800000|  0%| F|  |TAMS 0x0000000418000000| PB 0x0000000418000000| Untracked 
|   3|0x0000000418800000, 0x0000000418800000, 0x0000000419000000|  0%| F|  |TAMS 0x0000000418800000| PB 0x0000000418800000| Untracked 
|   4|0x0000000419000000, 0x0000000419000000, 0x0000000419800000|  0%| F|  |TAMS 0x0000000419000000| PB 0x0000000419000000| Untracked 
|   5|0x0000000419800000, 0x0000000419800000, 0x000000041a000000|  0%| F|  |TAMS 0x0000000419800000| PB 0x0000000419800000| Untracked 
|   6|0x000000041a000000, 0x000000041a000000, 0x000000041a800000|  0%| F|  |TAMS 0x000000041a000000| PB 0x000000041a000000| Untracked 
|   7|0x000000041a800000, 0x000000041a800000, 0x000000041b000000|  0%| F|  |TAMS 0x000000041a800000| PB 0x000000041a800000| Untracked 
|   8|0x000000041b000000, 0x000000041b000000, 0x000000041b800000|  0%| F|  |TAMS 0x000000041b000000| PB 0x000000041b000000| Untracked 
|   9|0x000000041b800000, 0x000000041b800000, 0x000000041c000000|  0%| F|  |TAMS 0x000000041b800000| PB 0x000000041b800000| Untracked 
|  10|0x000000041c000000, 0x000000041c000000, 0x000000041c800000|  0%| F|  |TAMS 0x000000041c000000| PB 0x000000041c000000| Untracked 
|  11|0x000000041c800000, 0x000000041c800000, 0x000000041d000000|  0%| F|  |TAMS 0x000000041c800000| PB 0x000000041c800000| Untracked 
|  12|0x000000041d000000, 0x000000041d000000, 0x000000041d800000|  0%| F|  |TAMS 0x000000041d000000| PB 0x000000041d000000| Untracked 
|  13|0x000000041d800000, 0x000000041d800000, 0x000000041e000000|  0%| F|  |TAMS 0x000000041d800000| PB 0x000000041d800000| Untracked 
|  14|0x000000041e000000, 0x000000041e000000, 0x000000041e800000|  0%| F|  |TAMS 0x000000041e000000| PB 0x000000041e000000| Untracked 
|  15|0x000000041e800000, 0x000000041e800000, 0x000000041f000000|  0%| F|  |TAMS 0x000000041e800000| PB 0x000000041e800000| Untracked 
|  16|0x000000041f000000, 0x000000041f000000, 0x000000041f800000|  0%| F|  |TAMS 0x000000041f000000| PB 0x000000041f000000| Untracked 
|  17|0x000000041f800000, 0x000000041f800000, 0x0000000420000000|  0%| F|  |TAMS 0x000000041f800000| PB 0x000000041f800000| Untracked 
|  18|0x0000000420000000, 0x0000000420000000, 0x0000000420800000|  0%| F|  |TAMS 0x0000000420000000| PB 0x0000000420000000| Untracked 
|  19|0x0000000420800000, 0x0000000420800000, 0x0000000421000000|  0%| F|  |TAMS 0x0000000420800000| PB 0x0000000420800000| Untracked 
|  20|0x0000000421000000, 0x0000000421000000, 0x0000000421800000|  0%| F|  |TAMS 0x0000000421000000| PB 0x0000000421000000| Untracked 
|  21|0x0000000421800000, 0x0000000421800000, 0x0000000422000000|  0%| F|  |TAMS 0x0000000421800000| PB 0x0000000421800000| Untracked 
|  22|0x0000000422000000, 0x0000000422000000, 0x0000000422800000|  0%| F|  |TAMS 0x0000000422000000| PB 0x0000000422000000| Untracked 
|  23|0x0000000422800000, 0x0000000422800000, 0x0000000423000000|  0%| F|  |TAMS 0x0000000422800000| PB 0x0000000422800000| Untracked 
|  24|0x0000000423000000, 0x0000000423000000, 0x0000000423800000|  0%| F|  |TAMS 0x0000000423000000| PB 0x0000000423000000| Untracked 
|  25|0x0000000423800000, 0x0000000423800000, 0x0000000424000000|  0%| F|  |TAMS 0x0000000423800000| PB 0x0000000423800000| Untracked 
|  26|0x0000000424000000, 0x0000000424000000, 0x0000000424800000|  0%| F|  |TAMS 0x0000000424000000| PB 0x0000000424000000| Untracked 
|  27|0x0000000424800000, 0x0000000424800000, 0x0000000425000000|  0%| F|  |TAMS 0x0000000424800000| PB 0x0000000424800000| Untracked 
|  28|0x0000000425000000, 0x0000000425000000, 0x0000000425800000|  0%| F|  |TAMS 0x0000000425000000| PB 0x0000000425000000| Untracked 
|  29|0x0000000425800000, 0x0000000425800000, 0x0000000426000000|  0%| F|  |TAMS 0x0000000425800000| PB 0x0000000425800000| Untracked 
|  30|0x0000000426000000, 0x0000000426000000, 0x0000000426800000|  0%| F|  |TAMS 0x0000000426000000| PB 0x0000000426000000| Untracked 
|  31|0x0000000426800000, 0x0000000426800000, 0x0000000427000000|  0%| F|  |TAMS 0x0000000426800000| PB 0x0000000426800000| Untracked 
|  32|0x0000000427000000, 0x0000000427000000, 0x0000000427800000|  0%| F|  |TAMS 0x0000000427000000| PB 0x0000000427000000| Untracked 
|  33|0x0000000427800000, 0x0000000427800000, 0x0000000428000000|  0%| F|  |TAMS 0x0000000427800000| PB 0x0000000427800000| Untracked 
|  34|0x0000000428000000, 0x0000000428000000, 0x0000000428800000|  0%| F|  |TAMS 0x0000000428000000| PB 0x0000000428000000| Untracked 
|  35|0x0000000428800000, 0x0000000428800000, 0x0000000429000000|  0%| F|  |TAMS 0x0000000428800000| PB 0x0000000428800000| Untracked 
|  36|0x0000000429000000, 0x0000000429000000, 0x0000000429800000|  0%| F|  |TAMS 0x0000000429000000| PB 0x0000000429000000| Untracked 
|  37|0x0000000429800000, 0x0000000429800000, 0x000000042a000000|  0%| F|  |TAMS 0x0000000429800000| PB 0x0000000429800000| Untracked 
|  38|0x000000042a000000, 0x000000042a000000, 0x000000042a800000|  0%| F|  |TAMS 0x000000042a000000| PB 0x000000042a000000| Untracked 
|  39|0x000000042a800000, 0x000000042a800000, 0x000000042b000000|  0%| F|  |TAMS 0x000000042a800000| PB 0x000000042a800000| Untracked 
|  40|0x000000042b000000, 0x000000042b000000, 0x000000042b800000|  0%| F|  |TAMS 0x000000042b000000| PB 0x000000042b000000| Untracked 
|  41|0x000000042b800000, 0x000000042b800000, 0x000000042c000000|  0%| F|  |TAMS 0x000000042b800000| PB 0x000000042b800000| Untracked 
|  42|0x000000042c000000, 0x000000042c000000, 0x000000042c800000|  0%| F|  |TAMS 0x000000042c000000| PB 0x000000042c000000| Untracked 
|  43|0x000000042c800000, 0x000000042c800000, 0x000000042d000000|  0%| F|  |TAMS 0x000000042c800000| PB 0x000000042c800000| Untracked 
|  44|0x000000042d000000, 0x000000042d000000, 0x000000042d800000|  0%| F|  |TAMS 0x000000042d000000| PB 0x000000042d000000| Untracked 
|  45|0x000000042d800000, 0x000000042d800000, 0x000000042e000000|  0%| F|  |TAMS 0x000000042d800000| PB 0x000000042d800000| Untracked 
|  46|0x000000042e000000, 0x000000042e000000, 0x000000042e800000|  0%| F|  |TAMS 0x000000042e000000| PB 0x000000042e000000| Untracked 
|  47|0x000000042e800000, 0x000000042e800000, 0x000000042f000000|  0%| F|  |TAMS 0x000000042e800000| PB 0x000000042e800000| Untracked 
|  48|0x000000042f000000, 0x000000042f000000, 0x000000042f800000|  0%| F|  |TAMS 0x000000042f000000| PB 0x000000042f000000| Untracked 
|  49|0x000000042f800000, 0x000000042f800000, 0x0000000430000000|  0%| F|  |TAMS 0x000000042f800000| PB 0x000000042f800000| Untracked 
|  50|0x0000000430000000, 0x0000000430000000, 0x0000000430800000|  0%| F|  |TAMS 0x0000000430000000| PB 0x0000000430000000| Untracked 
|  51|0x0000000430800000, 0x0000000430800000, 0x0000000431000000|  0%| F|  |TAMS 0x0000000430800000| PB 0x0000000430800000| Untracked 
|  52|0x0000000431000000, 0x0000000431000000, 0x0000000431800000|  0%| F|  |TAMS 0x0000000431000000| PB 0x0000000431000000| Untracked 
|  53|0x0000000431800000, 0x0000000431800000, 0x0000000432000000|  0%| F|  |TAMS 0x0000000431800000| PB 0x0000000431800000| Untracked 
|  54|0x0000000432000000, 0x0000000432000000, 0x0000000432800000|  0%| F|  |TAMS 0x0000000432000000| PB 0x0000000432000000| Untracked 
|  55|0x0000000432800000, 0x0000000432800000, 0x0000000433000000|  0%| F|  |TAMS 0x0000000432800000| PB 0x0000000432800000| Untracked 
|  56|0x0000000433000000, 0x0000000433000000, 0x0000000433800000|  0%| F|  |TAMS 0x0000000433000000| PB 0x0000000433000000| Untracked 
|  57|0x0000000433800000, 0x0000000433800000, 0x0000000434000000|  0%| F|  |TAMS 0x0000000433800000| PB 0x0000000433800000| Untracked 
|  58|0x0000000434000000, 0x0000000434000000, 0x0000000434800000|  0%| F|  |TAMS 0x0000000434000000| PB 0x0000000434000000| Untracked 
|  59|0x0000000434800000, 0x0000000434800000, 0x0000000435000000|  0%| F|  |TAMS 0x0000000434800000| PB 0x0000000434800000| Untracked 
|  60|0x0000000435000000, 0x0000000435000000, 0x0000000435800000|  0%| F|  |TAMS 0x0000000435000000| PB 0x0000000435000000| Untracked 
|  61|0x0000000435800000, 0x0000000435800000, 0x0000000436000000|  0%| F|  |TAMS 0x0000000435800000| PB 0x0000000435800000| Untracked 
|  62|0x0000000436000000, 0x0000000436000000, 0x0000000436800000|  0%| F|  |TAMS 0x0000000436000000| PB 0x0000000436000000| Untracked 
|  63|0x0000000436800000, 0x0000000436800000, 0x0000000437000000|  0%| F|  |TAMS 0x0000000436800000| PB 0x0000000436800000| Untracked 
|  64|0x0000000437000000, 0x0000000437000000, 0x0000000437800000|  0%| F|  |TAMS 0x0000000437000000| PB 0x0000000437000000| Untracked 
|  65|0x0000000437800000, 0x0000000437800000, 0x0000000438000000|  0%| F|  |TAMS 0x0000000437800000| PB 0x0000000437800000| Untracked 
|  66|0x0000000438000000, 0x0000000438000000, 0x0000000438800000|  0%| F|  |TAMS 0x0000000438000000| PB 0x0000000438000000| Untracked 
|  67|0x0000000438800000, 0x0000000438800000, 0x0000000439000000|  0%| F|  |TAMS 0x0000000438800000| PB 0x0000000438800000| Untracked 
|  68|0x0000000439000000, 0x0000000439000000, 0x0000000439800000|  0%| F|  |TAMS 0x0000000439000000| PB 0x0000000439000000| Untracked 
|  69|0x0000000439800000, 0x0000000439800000, 0x000000043a000000|  0%| F|  |TAMS 0x0000000439800000| PB 0x0000000439800000| Untracked 
|  70|0x000000043a000000, 0x000000043a000000, 0x000000043a800000|  0%| F|  |TAMS 0x000000043a000000| PB 0x000000043a000000| Untracked 
|  71|0x000000043a800000, 0x000000043a800000, 0x000000043b000000|  0%| F|  |TAMS 0x000000043a800000| PB 0x000000043a800000| Untracked 
|  72|0x000000043b000000, 0x000000043b000000, 0x000000043b800000|  0%| F|  |TAMS 0x000000043b000000| PB 0x000000043b000000| Untracked 
|  73|0x000000043b800000, 0x000000043b800000, 0x000000043c000000|  0%| F|  |TAMS 0x000000043b800000| PB 0x000000043b800000| Untracked 
|  74|0x000000043c000000, 0x000000043c000000, 0x000000043c800000|  0%| F|  |TAMS 0x000000043c000000| PB 0x000000043c000000| Untracked 
|  75|0x000000043c800000, 0x000000043c800000, 0x000000043d000000|  0%| F|  |TAMS 0x000000043c800000| PB 0x000000043c800000| Untracked 
|  76|0x000000043d000000, 0x000000043d000000, 0x000000043d800000|  0%| F|  |TAMS 0x000000043d000000| PB 0x000000043d000000| Untracked 
|  77|0x000000043d800000, 0x000000043d800000, 0x000000043e000000|  0%| F|  |TAMS 0x000000043d800000| PB 0x000000043d800000| Untracked 
|  78|0x000000043e000000, 0x000000043e000000, 0x000000043e800000|  0%| F|  |TAMS 0x000000043e000000| PB 0x000000043e000000| Untracked 
|  79|0x000000043e800000, 0x000000043e800000, 0x000000043f000000|  0%| F|  |TAMS 0x000000043e800000| PB 0x000000043e800000| Untracked 
|  80|0x000000043f000000, 0x000000043f000000, 0x000000043f800000|  0%| F|  |TAMS 0x000000043f000000| PB 0x000000043f000000| Untracked 
|  81|0x000000043f800000, 0x000000043f800000, 0x0000000440000000|  0%| F|  |TAMS 0x000000043f800000| PB 0x000000043f800000| Untracked 
|  82|0x0000000440000000, 0x0000000440000000, 0x0000000440800000|  0%| F|  |TAMS 0x0000000440000000| PB 0x0000000440000000| Untracked 
|  83|0x0000000440800000, 0x0000000440800000, 0x0000000441000000|  0%| F|  |TAMS 0x0000000440800000| PB 0x0000000440800000| Untracked 
|  84|0x0000000441000000, 0x0000000441000000, 0x0000000441800000|  0%| F|  |TAMS 0x0000000441000000| PB 0x0000000441000000| Untracked 
|  85|0x0000000441800000, 0x0000000441800000, 0x0000000442000000|  0%| F|  |TAMS 0x0000000441800000| PB 0x0000000441800000| Untracked 
|  86|0x0000000442000000, 0x0000000442000000, 0x0000000442800000|  0%| F|  |TAMS 0x0000000442000000| PB 0x0000000442000000| Untracked 
|  87|0x0000000442800000, 0x0000000442800000, 0x0000000443000000|  0%| F|  |TAMS 0x0000000442800000| PB 0x0000000442800000| Untracked 
|  88|0x0000000443000000, 0x0000000443000000, 0x0000000443800000|  0%| F|  |TAMS 0x0000000443000000| PB 0x0000000443000000| Untracked 
|  89|0x0000000443800000, 0x0000000443800000, 0x0000000444000000|  0%| F|  |TAMS 0x0000000443800000| PB 0x0000000443800000| Untracked 
|  90|0x0000000444000000, 0x0000000444000000, 0x0000000444800000|  0%| F|  |TAMS 0x0000000444000000| PB 0x0000000444000000| Untracked 
|  91|0x0000000444800000, 0x0000000444800000, 0x0000000445000000|  0%| F|  |TAMS 0x0000000444800000| PB 0x0000000444800000| Untracked 
|  92|0x0000000445000000, 0x0000000445000000, 0x0000000445800000|  0%| F|  |TAMS 0x0000000445000000| PB 0x0000000445000000| Untracked 
|  93|0x0000000445800000, 0x0000000445800000, 0x0000000446000000|  0%| F|  |TAMS 0x0000000445800000| PB 0x0000000445800000| Untracked 
|  94|0x0000000446000000, 0x0000000446000000, 0x0000000446800000|  0%| F|  |TAMS 0x0000000446000000| PB 0x0000000446000000| Untracked 
|  95|0x0000000446800000, 0x0000000446800000, 0x0000000447000000|  0%| F|  |TAMS 0x0000000446800000| PB 0x0000000446800000| Untracked 
|  96|0x0000000447000000, 0x0000000447000000, 0x0000000447800000|  0%| F|  |TAMS 0x0000000447000000| PB 0x0000000447000000| Untracked 
|  97|0x0000000447800000, 0x0000000447800000, 0x0000000448000000|  0%| F|  |TAMS 0x0000000447800000| PB 0x0000000447800000| Untracked 
|  98|0x0000000448000000, 0x0000000448000000, 0x0000000448800000|  0%| F|  |TAMS 0x0000000448000000| PB 0x0000000448000000| Untracked 
|  99|0x0000000448800000, 0x0000000448800000, 0x0000000449000000|  0%| F|  |TAMS 0x0000000448800000| PB 0x0000000448800000| Untracked 
| 100|0x0000000449000000, 0x0000000449000000, 0x0000000449800000|  0%| F|  |TAMS 0x0000000449000000| PB 0x0000000449000000| Untracked 
| 101|0x0000000449800000, 0x0000000449800000, 0x000000044a000000|  0%| F|  |TAMS 0x0000000449800000| PB 0x0000000449800000| Untracked 
| 102|0x000000044a000000, 0x000000044a000000, 0x000000044a800000|  0%| F|  |TAMS 0x000000044a000000| PB 0x000000044a000000| Untracked 
| 103|0x000000044a800000, 0x000000044a800000, 0x000000044b000000|  0%| F|  |TAMS 0x000000044a800000| PB 0x000000044a800000| Untracked 
| 104|0x000000044b000000, 0x000000044b000000, 0x000000044b800000|  0%| F|  |TAMS 0x000000044b000000| PB 0x000000044b000000| Untracked 
| 105|0x000000044b800000, 0x000000044b800000, 0x000000044c000000|  0%| F|  |TAMS 0x000000044b800000| PB 0x000000044b800000| Untracked 
| 106|0x000000044c000000, 0x000000044c000000, 0x000000044c800000|  0%| F|  |TAMS 0x000000044c000000| PB 0x000000044c000000| Untracked 
| 107|0x000000044c800000, 0x000000044c800000, 0x000000044d000000|  0%| F|  |TAMS 0x000000044c800000| PB 0x000000044c800000| Untracked 
| 108|0x000000044d000000, 0x000000044d000000, 0x000000044d800000|  0%| F|  |TAMS 0x000000044d000000| PB 0x000000044d000000| Untracked 
| 109|0x000000044d800000, 0x000000044d800000, 0x000000044e000000|  0%| F|  |TAMS 0x000000044d800000| PB 0x000000044d800000| Untracked 
| 110|0x000000044e000000, 0x000000044e000000, 0x000000044e800000|  0%| F|  |TAMS 0x000000044e000000| PB 0x000000044e000000| Untracked 
| 111|0x000000044e800000, 0x000000044e800000, 0x000000044f000000|  0%| F|  |TAMS 0x000000044e800000| PB 0x000000044e800000| Untracked 
| 112|0x000000044f000000, 0x000000044f000000, 0x000000044f800000|  0%| F|  |TAMS 0x000000044f000000| PB 0x000000044f000000| Untracked 
| 113|0x000000044f800000, 0x000000044f800000, 0x0000000450000000|  0%| F|  |TAMS 0x000000044f800000| PB 0x000000044f800000| Untracked 
| 114|0x0000000450000000, 0x00000004500db8d8, 0x0000000450800000| 10%| E|  |TAMS 0x0000000450000000| PB 0x0000000450000000| Complete 
| 115|0x0000000450800000, 0x0000000451000000, 0x0000000451000000|100%| E|CS|TAMS 0x0000000450800000| PB 0x0000000450800000| Complete 
| 116|0x0000000451000000, 0x0000000451800000, 0x0000000451800000|100%| E|  |TAMS 0x0000000451000000| PB 0x0000000451000000| Complete 
| 117|0x0000000451800000, 0x0000000452000000, 0x0000000452000000|100%| E|CS|TAMS 0x0000000451800000| PB 0x0000000451800000| Complete 
| 118|0x0000000452000000, 0x0000000452800000, 0x0000000452800000|100%| E|CS|TAMS 0x0000000452000000| PB 0x0000000452000000| Complete 
| 119|0x0000000452800000, 0x0000000453000000, 0x0000000453000000|100%| E|CS|TAMS 0x0000000452800000| PB 0x0000000452800000| Complete 
| 120|0x0000000453000000, 0x00000004531bc920, 0x0000000453800000| 21%| S|CS|TAMS 0x0000000453000000| PB 0x0000000453000000| Complete 
| 121|0x0000000453800000, 0x0000000454000000, 0x0000000454000000|100%| E|CS|TAMS 0x0000000453800000| PB 0x0000000453800000| Complete 
| 122|0x0000000454000000, 0x0000000454800000, 0x0000000454800000|100%| E|CS|TAMS 0x0000000454000000| PB 0x0000000454000000| Complete 
| 123|0x0000000454800000, 0x0000000455000000, 0x0000000455000000|100%| E|CS|TAMS 0x0000000454800000| PB 0x0000000454800000| Complete 
| 124|0x0000000455000000, 0x0000000455800000, 0x0000000455800000|100%| E|CS|TAMS 0x0000000455000000| PB 0x0000000455000000| Complete 
| 125|0x0000000455800000, 0x0000000456000000, 0x0000000456000000|100%| E|CS|TAMS 0x0000000455800000| PB 0x0000000455800000| Complete 
|2001|0x00000007ff800000, 0x00000007ff90c7a0, 0x0000000800000000| 13%| O|  |TAMS 0x00000007ff800000| PB 0x00000007ff800000| Untracked 

Card table byte_map: [0x00007f59d0970000,0x00007f59d28b8000] _byte_map_base: 0x00007f59ce8b8000

Marking Bits: (CMBitMap*) 0x00007f59ec05b6b0
 Bits: [0x00007f59c0f30000, 0x00007f59d0970000)

Polling page: 0x00007f59f5639000

Metaspace:

Usage:
  Non-class:     12.68 MB used.
      Class:    989.76 KB used.
       Both:     13.65 MB used.

Virtual space:
  Non-class space:       64.00 MB reserved,      12.88 MB ( 20%) committed,  1 nodes.
      Class space:        1.00 GB reserved,       1.19 MB ( <1%) committed,  1 nodes.
             Both:        1.06 GB reserved,      14.06 MB (  1%) committed. 

Chunk freelists:
   Non-Class:  2.25 MB
       Class:  14.73 MB
        Both:  16.98 MB

MaxMetaspaceSize: unlimited
CompressedClassSpaceSize: 1.00 GB
Initial GC threshold: 21.00 MB
Current GC threshold: 21.00 MB
CDS: on
 - commit_granule_bytes: 65536.
 - commit_granule_words: 8192.
 - virtual_space_node_default_size: 8388608.
 - enlarge_chunks_in_place: 1.
 - use_allocation_guard: 0.


Internal statistics:

num_allocs_failed_limit: 0.
num_arena_births: 452.
num_arena_deaths: 0.
num_vsnodes_births: 2.
num_vsnodes_deaths: 0.
num_space_committed: 223.
num_space_uncommitted: 0.
num_chunks_returned_to_freelist: 0.
num_chunks_taken_from_freelist: 943.
num_chunk_merges: 0.
num_chunk_splits: 607.
num_chunks_enlarged: 351.
num_inconsistent_stats: 0.

CodeHeap 'non-profiled nmethods': size=119168Kb used=1147Kb max_used=1147Kb free=118020Kb
 bounds [0x00007f59dc3a0000, 0x00007f59dc610000, 0x00007f59e3800000]
CodeHeap 'profiled nmethods': size=119164Kb used=5137Kb max_used=5137Kb free=114026Kb
 bounds [0x00007f59d4800000, 0x00007f59d4d10000, 0x00007f59dbc5f000]
CodeHeap 'non-nmethods': size=7428Kb used=4159Kb max_used=4195Kb free=3268Kb
 bounds [0x00007f59dbc5f000, 0x00007f59dc07f000, 0x00007f59dc3a0000]
CodeCache: size=245760Kb, used=10443Kb, max_used=10479Kb, free=235314Kb
 total_blobs=4312, nmethods=2886, adapters=1329, full_count=0
Compilation: enabled, stopped_count=0, restarted_count=0

Compilation events (20 events):
Event: 2.468 Thread 0x00007f59ec16b840 2869       3       org.lwjgl.opengl.GL11::glFrontFace (5 bytes)
Event: 2.468 Thread 0x00007f59340bb000 nmethod 2867 0x00007f59d4cfc110 code [0x00007f59d4cfc2c0, 0x00007f59d4cfc3d8]
Event: 2.468 Thread 0x00007f59340bb000 2870       3       org.lwjgl.opengl.GL11::glLineWidth (5 bytes)
Event: 2.468 Thread 0x00007f59ec16b840 nmethod 2869 0x00007f59d4cfc490 code [0x00007f59d4cfc640, 0x00007f59d4cfc758]
Event: 2.468 Thread 0x00007f59ec16b840 2871       3       org.lwjgl.opengl.GL11::glDepthMask (5 bytes)
Event: 2.468 Thread 0x00007f59340b9c20 nmethod 2868 0x00007f59d4cfc810 code [0x00007f59d4cfc9c0, 0x00007f59d4cfcad8]
Event: 2.468 Thread 0x00007f59340b9c20 2872       3       org.lwjgl.opengl.GL11::glDepthFunc (5 bytes)
Event: 2.468 Thread 0x00007f59ec16b840 nmethod 2871 0x00007f59d4cfcb90 code [0x00007f59d4cfcd40, 0x00007f59d4cfce58]
Event: 2.468 Thread 0x00007f59340bb000 nmethod 2870 0x00007f59d4cfcf10 code [0x00007f59d4cfd0c0, 0x00007f59d4cfd1d8]
Event: 2.468 Thread 0x00007f59340b9c20 nmethod 2872 0x00007f59d4cfd290 code [0x00007f59d4cfd440, 0x00007f59d4cfd558]
Event: 2.468 Thread 0x00007f59380758a0 nmethod 2865 0x00007f59d4cfd610 code [0x00007f59d4cfda00, 0x00007f59d4cff000]
Event: 2.469 Thread 0x00007f59ec16b840 2873       3       org.joml.Matrix4f::<init> (11 bytes)
Event: 2.469 Thread 0x00007f59340b9c20 2874       3       org.joml.Matrix4f::invert (6 bytes)
Event: 2.469 Thread 0x00007f59380758a0 2875       3       org.joml.Matrix4f::invert (82 bytes)
Event: 2.469 Thread 0x00007f59340bb000 2876       3       org.joml.Matrix4f::invertGeneric (17 bytes)
Event: 2.469 Thread 0x00007f59ec16b840 nmethod 2873 0x00007f59d4cff890 code [0x00007f59d4cffa40, 0x00007f59d4cffbe8]
Event: 2.469 Thread 0x00007f59ec16b840 2877       3       org.joml.Matrix4f::invertGenericThis (873 bytes)
Event: 2.469 Thread 0x00007f59340b9c20 nmethod 2874 0x00007f59d4cffd10 code [0x00007f59d4cffec0, 0x00007f59d4d00010]
Event: 2.469 Thread 0x00007f59340b9c20 2878       3       org.joml.Vector3f::dot (38 bytes)
Event: 2.469 Thread 0x00007f59340bb000 nmethod 2876 0x00007f59d4d00110 code [0x00007f59d4d002c0, 0x00007f59d4d00480]

GC Heap History (4 events):
Event: 0.534 GC heap before
{Heap before GC invocations=0 (full 0):
 garbage-first heap   total 1040384K, used 50225K [0x0000000417000000, 0x0000000800000000)
  region size 8192K, 6 young (49152K), 0 survivors (0K)
 Metaspace       used 7616K, committed 7936K, reserved 1114112K
  class space    used 723K, committed 896K, reserved 1048576K
}
Event: 0.538 GC heap after
{Heap after GC invocations=1 (full 0):
 garbage-first heap   total 1040384K, used 7866K [0x0000000417000000, 0x0000000800000000)
  region size 8192K, 1 young (8192K), 1 survivors (8192K)
 Metaspace       used 7616K, committed 7936K, reserved 1114112K
  class space    used 723K, committed 896K, reserved 1048576K
}
Event: 1.045 GC heap before
{Heap before GC invocations=1 (full 0):
 garbage-first heap   total 1040384K, used 48826K [0x0000000417000000, 0x0000000800000000)
  region size 8192K, 6 young (49152K), 1 survivors (8192K)
 Metaspace       used 13181K, committed 13568K, reserved 1114112K
  class space    used 940K, committed 1088K, reserved 1048576K
}
Event: 1.047 GC heap after
{Heap after GC invocations=2 (full 0):
 garbage-first heap   total 1040384K, used 6425K [0x0000000417000000, 0x0000000800000000)
  region size 8192K, 1 young (8192K), 1 survivors (8192K)
 Metaspace       used 13181K, committed 13568K, reserved 1114112K
  class space    used 940K, committed 1088K, reserved 1048576K
}

Dll operation events (13 events):
Event: 0.001 Loaded shared library /home/ian/.jdks/corretto-21.0.9/lib/libjava.so
Event: 0.011 Loaded shared library /home/ian/.jdks/corretto-21.0.9/lib/libjsvml.so
Event: 0.019 Loaded shared library /home/ian/.jdks/corretto-21.0.9/lib/libnio.so
Event: 0.020 Loaded shared library /home/ian/.jdks/corretto-21.0.9/lib/libzip.so
Event: 0.044 Loaded shared library /home/ian/.jdks/corretto-21.0.9/lib/libmanagement.so
Event: 0.045 Loaded shared library /home/ian/.jdks/corretto-21.0.9/lib/libmanagement_ext.so
Event: 0.053 Loaded shared library /home/ian/.jdks/corretto-21.0.9/lib/libjimage.so
Event: 0.122 Loaded shared library /home/ian/.jdks/corretto-21.0.9/lib/libnet.so
Event: 0.125 Loaded shared library /tmp/lwjgl_ian/3.4.0+20/x64/liblwjgl.so
Event: 0.284 Loaded shared library /home/ian/.jdks/corretto-21.0.9/lib/libverify.so
Event: 0.675 Loaded shared library /tmp/lwjgl_ian/3.4.0+20/x64/liblwjgl_opengl.so
Event: 0.924 Loaded shared library /tmp/imgui-java-natives/1.87.0/libimgui-java64.so
Event: 0.935 Loaded shared library /tmp/lwjgl_ian/3.4.0+20/x64/liblwjgl_stb.so

Deoptimization events (20 events):
Event: 1.871 Thread 0x00007f59ec02cee0 DEOPT PACKING pc=0x00007f59d4c9ca87 sp=0x00007f59f53fe3b0
Event: 1.871 Thread 0x00007f59ec02cee0 DEOPT UNPACKING pc=0x00007f59dbcb372f sp=0x00007f59f53fd910 mode 0
Event: 1.889 Thread 0x00007f59ec02cee0 DEOPT PACKING pc=0x00007f59d4ca9610 sp=0x00007f59f53fe3c0
Event: 1.889 Thread 0x00007f59ec02cee0 DEOPT UNPACKING pc=0x00007f59dbcb372f sp=0x00007f59f53fd920 mode 0
Event: 2.148 Thread 0x00007f59ec02cee0 Uncommon trap: trap_request=0xffffffde fr.pc=0x00007f59dc4af0c4 relative=0x0000000000000124
Event: 2.148 Thread 0x00007f59ec02cee0 Uncommon trap: reason=class_check action=maybe_recompile pc=0x00007f59dc4af0c4 method=jdk.internal.misc.Unsafe.allocateUninitializedArray(Ljava/lang/Class;I)Ljava/lang/Object; @ 51 c2
Event: 2.148 Thread 0x00007f59ec02cee0 DEOPT PACKING pc=0x00007f59dc4af0c4 sp=0x00007f59f53fe500
Event: 2.148 Thread 0x00007f59ec02cee0 DEOPT UNPACKING pc=0x00007f59dbcb2f99 sp=0x00007f59f53fe498 mode 2
Event: 2.148 Thread 0x00007f59ec02cee0 Uncommon trap: trap_request=0xffffffde fr.pc=0x00007f59dc4af0c4 relative=0x0000000000000124
Event: 2.148 Thread 0x00007f59ec02cee0 Uncommon trap: reason=class_check action=maybe_recompile pc=0x00007f59dc4af0c4 method=jdk.internal.misc.Unsafe.allocateUninitializedArray(Ljava/lang/Class;I)Ljava/lang/Object; @ 51 c2
Event: 2.148 Thread 0x00007f59ec02cee0 DEOPT PACKING pc=0x00007f59dc4af0c4 sp=0x00007f59f53fe500
Event: 2.148 Thread 0x00007f59ec02cee0 DEOPT UNPACKING pc=0x00007f59dbcb2f99 sp=0x00007f59f53fe498 mode 2
Event: 2.148 Thread 0x00007f59ec02cee0 Uncommon trap: trap_request=0xffffffde fr.pc=0x00007f59dc4af0c4 relative=0x0000000000000124
Event: 2.148 Thread 0x00007f59ec02cee0 Uncommon trap: reason=class_check action=maybe_recompile pc=0x00007f59dc4af0c4 method=jdk.internal.misc.Unsafe.allocateUninitializedArray(Ljava/lang/Class;I)Ljava/lang/Object; @ 51 c2
Event: 2.148 Thread 0x00007f59ec02cee0 DEOPT PACKING pc=0x00007f59dc4af0c4 sp=0x00007f59f53fe500
Event: 2.148 Thread 0x00007f59ec02cee0 DEOPT UNPACKING pc=0x00007f59dbcb2f99 sp=0x00007f59f53fe498 mode 2
Event: 2.149 Thread 0x00007f59ec02cee0 Uncommon trap: trap_request=0xffffffde fr.pc=0x00007f59dc4af0c4 relative=0x0000000000000124
Event: 2.149 Thread 0x00007f59ec02cee0 Uncommon trap: reason=class_check action=maybe_recompile pc=0x00007f59dc4af0c4 method=jdk.internal.misc.Unsafe.allocateUninitializedArray(Ljava/lang/Class;I)Ljava/lang/Object; @ 51 c2
Event: 2.149 Thread 0x00007f59ec02cee0 DEOPT PACKING pc=0x00007f59dc4af0c4 sp=0x00007f59f53fe550
Event: 2.149 Thread 0x00007f59ec02cee0 DEOPT UNPACKING pc=0x00007f59dbcb2f99 sp=0x00007f59f53fe4e8 mode 2

Classes loaded (20 events):
Event: 1.096 Loading class java/util/stream/ReferencePipeline$4
Event: 1.096 Loading class java/util/stream/IntPipeline$StatelessOp
Event: 1.096 Loading class java/util/stream/IntPipeline
Event: 1.096 Loading class java/util/stream/IntStream
Event: 1.096 Loading class java/util/stream/IntStream done
Event: 1.096 Loading class java/util/stream/IntPipeline done
Event: 1.096 Loading class java/util/stream/IntPipeline$StatelessOp done
Event: 1.096 Loading class java/util/stream/ReferencePipeline$4 done
Event: 1.097 Loading class java/util/stream/Nodes$IntFixedNodeBuilder
Event: 1.097 Loading class java/util/stream/Node$Builder$OfInt
Event: 1.097 Loading class java/util/stream/Sink$OfInt
Event: 1.097 Loading class java/util/stream/Sink$OfInt done
Event: 1.097 Loading class java/util/stream/Node$Builder$OfInt done
Event: 1.097 Loading class java/util/stream/Nodes$IntArrayNode
Event: 1.097 Loading class java/util/stream/Nodes$IntArrayNode done
Event: 1.097 Loading class java/util/stream/Nodes$IntFixedNodeBuilder done
Event: 1.097 Loading class java/util/stream/ReferencePipeline$4$1
Event: 1.097 Loading class java/util/stream/ReferencePipeline$4$1 done
Event: 1.899 Loading class java/lang/reflect/UndeclaredThrowableException
Event: 1.899 Loading class java/lang/reflect/UndeclaredThrowableException done

Classes unloaded (0 events):
No events

Classes redefined (0 events):
No events

Internal exceptions (20 events):
Event: 0.467 Thread 0x00007f59ec02cee0 Exception <a 'java/lang/NoSuchMethodError'{0x0000000454ed31b0}: method resolution failed> (0x0000000454ed31b0) 
thrown [src/hotspot/share/prims/methodHandles.cpp, line 1136]
Event: 0.482 Thread 0x00007f59ec02cee0 Exception <a 'java/lang/NoSuchMethodError'{0x0000000454010bb8}: method resolution failed> (0x0000000454010bb8) 
thrown [src/hotspot/share/prims/methodHandles.cpp, line 1136]
Event: 0.483 Thread 0x00007f59ec02cee0 Exception <a 'java/lang/NoSuchMethodError'{0x00000004540125f0}: 'boolean java.lang.reflect.AccessibleObject.trySetAccessible(java.lang.Class)'> (0x00000004540125f0) 
thrown [src/hotspot/share/interpreter/linkResolver.cpp, line 773]
Event: 0.489 Thread 0x00007f592408b8e0 Implicit null exception at 0x00007f59dc408028 to 0x00007f59dc408110
Event: 0.489 Thread 0x00007f592408c9f0 Implicit null exception at 0x00007f59dc407a9c to 0x00007f59dc407b8c
Event: 0.607 Thread 0x00007f59ec02cee0 Exception <a 'java/lang/ClassNotFoundException'{0x00000004548dec00}: net/ice/relic/common/console/commands/CommandCommand> (0x00000004548dec00) 
thrown [src/hotspot/share/classfile/systemDictionary.cpp, line 312]
Event: 0.609 Thread 0x00007f59ec02cee0 Exception <a 'java/lang/NoSuchMethodError'{0x00000004548e6c50}: 'void java.lang.invoke.DirectMethodHandle$Holder.invokeStatic(java.lang.Object, java.lang.Object, java.lang.Object)'> (0x00000004548e6c50) 
thrown [src/hotspot/share/interpreter/linkResolver.cpp, line 773]
Event: 0.609 Thread 0x00007f59ec02cee0 Exception <a 'java/lang/ClassNotFoundException'{0x00000004548ec820}: net/ice/relic/common/console/commands/EntityCommand> (0x00000004548ec820) 
thrown [src/hotspot/share/classfile/systemDictionary.cpp, line 312]
Event: 0.612 Thread 0x00007f59ec02cee0 Exception <a 'java/lang/ClassNotFoundException'{0x00000004549077e8}: net/ice/relic/common/console/commands/ModelCommand> (0x00000004549077e8) 
thrown [src/hotspot/share/classfile/systemDictionary.cpp, line 312]
Event: 0.614 Thread 0x00007f59ec02cee0 Exception <a 'java/lang/ClassNotFoundException'{0x0000000454911750}: net/ice/relic/common/console/commands/ShowCommands> (0x0000000454911750) 
thrown [src/hotspot/share/classfile/systemDictionary.cpp, line 312]
Event: 0.614 Thread 0x00007f59ec02cee0 Exception <a 'java/lang/ClassNotFoundException'{0x0000000454918d90}: net/ice/relic/common/console/commands/TeleportCommand> (0x0000000454918d90) 
thrown [src/hotspot/share/classfile/systemDictionary.cpp, line 312]
Event: 0.615 Thread 0x00007f59ec02cee0 Exception <a 'java/lang/ClassNotFoundException'{0x000000045491f030}: net/ice/relic/common/test/commands/LightCommands> (0x000000045491f030) 
thrown [src/hotspot/share/classfile/systemDictionary.cpp, line 312]
Event: 0.671 Thread 0x00007f59ec02cee0 Exception <a 'java/lang/ClassNotFoundException'{0x00000004549bd370}: net/ice/relic/common/test/commands/LightCommands> (0x00000004549bd370) 
thrown [src/hotspot/share/classfile/systemDictionary.cpp, line 312]
Event: 0.673 Thread 0x00007f59ec02cee0 Exception <a 'java/lang/NoSuchMethodError'{0x00000004549d9768}: 'void java.lang.System.load(java.lang.String, java.lang.Class)'> (0x00000004549d9768) 
thrown [src/hotspot/share/interpreter/linkResolver.cpp, line 773]
Event: 0.674 Thread 0x00007f59ec02cee0 Exception <a 'java/lang/NoSuchMethodError'{0x00000004549dc210}: 'void java.lang.System.loadLibrary(java.lang.String, java.lang.Class)'> (0x00000004549dc210) 
thrown [src/hotspot/share/interpreter/linkResolver.cpp, line 773]
Event: 0.883 Thread 0x00007f59ec02cee0 Exception <a 'java/lang/NoSuchMethodError'{0x0000000453b318d8}: 'void java.lang.invoke.DirectMethodHandle$Holder.invokeStatic(java.lang.Object, java.lang.Object, java.lang.Object, java.lang.Object)'> (0x0000000453b318d8) 
thrown [src/hotspot/share/interpreter/linkResolver.cpp, line 773]
Event: 0.893 Thread 0x00007f59ec02cee0 Exception <a 'java/lang/NoSuchMethodError'{0x0000000453bf1828}: 'void java.lang.invoke.DirectMethodHandle$Holder.invokeSpecial(java.lang.Object, java.lang.Object, java.lang.Object, java.lang.Object, java.lang.Object)'> (0x0000000453bf1828) 
thrown [src/hotspot/share/interpreter/linkResolver.cpp, line 773]
Event: 0.931 Thread 0x00007f59ec02cee0 Exception <a 'java/lang/NoSuchMethodError'{0x0000000453d66240}: 'void java.lang.System.load(java.lang.String, java.lang.Class)'> (0x0000000453d66240) 
thrown [src/hotspot/share/interpreter/linkResolver.cpp, line 773]
Event: 0.932 Thread 0x00007f59ec02cee0 Exception <a 'java/lang/NoSuchMethodError'{0x0000000453d68c70}: 'void java.lang.System.loadLibrary(java.lang.String, java.lang.Class)'> (0x0000000453d68c70) 
thrown [src/hotspot/share/interpreter/linkResolver.cpp, line 773]
Event: 1.109 Thread 0x00007f59ec02cee0 Exception <a 'java/lang/NoSuchMethodError'{0x0000000455cf31c0}: 'void java.lang.invoke.DirectMethodHandle$Holder.invokeStatic(java.lang.Object, long)'> (0x0000000455cf31c0) 
thrown [src/hotspot/share/interpreter/linkResolver.cpp, line 773]

ZGC Phase Switch (0 events):
No events

VM Operations (20 events):
Event: 0.106 Executing VM operation: HandshakeAllThreads (Deoptimize)
Event: 0.106 Executing VM operation: HandshakeAllThreads (Deoptimize) done
Event: 0.445 Executing VM operation: ICBufferFull
Event: 0.445 Executing VM operation: ICBufferFull done
Event: 0.454 Executing VM operation: HandshakeAllThreads (Deoptimize)
Event: 0.454 Executing VM operation: HandshakeAllThreads (Deoptimize) done
Event: 0.534 Executing VM operation: G1CollectForAllocation (G1 Evacuation Pause)
Event: 0.538 Executing VM operation: G1CollectForAllocation (G1 Evacuation Pause) done
Event: 0.594 Executing VM operation: HandshakeAllThreads (Deoptimize)
Event: 0.594 Executing VM operation: HandshakeAllThreads (Deoptimize) done
Event: 0.595 Executing VM operation: HandshakeAllThreads (Deoptimize)
Event: 0.595 Executing VM operation: HandshakeAllThreads (Deoptimize) done
Event: 0.945 Executing VM operation: HandshakeAllThreads (Deoptimize)
Event: 0.945 Executing VM operation: HandshakeAllThreads (Deoptimize) done
Event: 1.045 Executing VM operation: G1CollectForAllocation (G1 Evacuation Pause)
Event: 1.047 Executing VM operation: G1CollectForAllocation (G1 Evacuation Pause) done
Event: 1.096 Executing VM operation: HandshakeAllThreads (Deoptimize)
Event: 1.096 Executing VM operation: HandshakeAllThreads (Deoptimize) done
Event: 2.096 Executing VM operation: Cleanup
Event: 2.096 Executing VM operation: Cleanup done

Memory protections (20 events):
Event: 0.621 Protecting memory [0x00007f59136f8000,0x00007f59136fc000] with protection modes 0
Event: 0.621 Protecting memory [0x00007f5913afc000,0x00007f5913b00000] with protection modes 0
Event: 0.621 Protecting memory [0x00007f59180dc000,0x00007f59180e0000] with protection modes 0
Event: 0.621 Protecting memory [0x00007f59135f7000,0x00007f59135fb000] with protection modes 0
Event: 0.621 Protecting memory [0x00007f595c300000,0x00007f595c304000] with protection modes 0
Event: 0.621 Protecting memory [0x00007f59131f3000,0x00007f59131f7000] with protection modes 0
Event: 0.621 Protecting memory [0x00007f595c0fe000,0x00007f595c102000] with protection modes 0
Event: 0.621 Protecting memory [0x00007f59130f2000,0x00007f59130f6000] with protection modes 0
Event: 0.622 Protecting memory [0x00007f59133f5000,0x00007f59133f9000] with protection modes 0
Event: 0.622 Protecting memory [0x00007f59b1b00000,0x00007f59b1b04000] with protection modes 0
Event: 0.623 Protecting memory [0x00007f5913dff000,0x00007f5913e03000] with protection modes 0
Event: 0.623 Protecting memory [0x00007f5913f00000,0x00007f5913f04000] with protection modes 0
Event: 0.623 Protecting memory [0x00007f59134f6000,0x00007f59134fa000] with protection modes 0
Event: 0.623 Protecting memory [0x00007f59137f9000,0x00007f59137fd000] with protection modes 0
Event: 0.625 Protecting memory [0x00007f59138fa000,0x00007f59138fe000] with protection modes 0
Event: 0.625 Protecting memory [0x00007f5912ff1000,0x00007f5912ff5000] with protection modes 0
Event: 0.628 Protecting memory [0x00007f595c1ff000,0x00007f595c203000] with protection modes 0
Event: 0.628 Protecting memory [0x00007f5913bfd000,0x00007f5913c01000] with protection modes 0
Event: 1.859 Protecting memory [0x00007f59c01fd000,0x00007f59c0201000] with protection modes 0
Event: 2.354 Protecting memory [0x00007f5911ddf000,0x00007f5911de3000] with protection modes 0

Nmethod flushes (0 events):
No events

Events (20 events):
Event: 0.670 Thread 0x00007f59a400c990 Thread exited: 0x00007f59a400c990
Event: 0.670 Thread 0x00007f59a4007f10 Thread exited: 0x00007f59a4007f10
Event: 0.670 Thread 0x00007f59a400e130 Thread exited: 0x00007f59a400e130
Event: 0.670 Thread 0x00007f59a4001230 Thread exited: 0x00007f59a4001230
Event: 0.670 Thread 0x00007f59a4012160 Thread exited: 0x00007f59a4012160
Event: 0.670 Thread 0x00007f59a400b010 Thread exited: 0x00007f59a400b010
Event: 0.670 Thread 0x00007f59a40038a0 Thread exited: 0x00007f59a40038a0
Event: 0.670 Thread 0x00007f59a4004cf0 Thread exited: 0x00007f59a4004cf0
Event: 0.670 Thread 0x00007f59a4012e60 Thread exited: 0x00007f59a4012e60
Event: 0.670 Thread 0x00007f59a40096b0 Thread exited: 0x00007f59a40096b0
Event: 0.670 Thread 0x00007f59a40065f0 Thread exited: 0x00007f59a40065f0
Event: 0.670 Thread 0x00007f59a400bcd0 Thread exited: 0x00007f59a400bcd0
Event: 0.670 Thread 0x00007f59a4010770 Thread exited: 0x00007f59a4010770
Event: 0.670 Thread 0x00007f59a4002830 Thread exited: 0x00007f59a4002830
Event: 0.670 Thread 0x00007f59a4011460 Thread exited: 0x00007f59a4011460
Event: 0.670 Thread 0x00007f59a400a360 Thread exited: 0x00007f59a400a360
Event: 1.390 Thread 0x00007f594423bd90 Thread exited: 0x00007f594423bd90
Event: 1.397 Thread 0x00007f5938097940 Thread exited: 0x00007f5938097940
Event: 1.859 Thread 0x00007f59ec16a190 Thread added: 0x00007f594423bd90
Event: 2.354 Thread 0x00007f594423bd90 Thread added: 0x00007f59a4012d00


Dynamic libraries:
406fc000-407ab000 rw-p 00000000 00:00 0 
40eca000-40ecc000 r-xs 00000000 00:01 64997                              /memfd:/.glXXXXXX (deleted)
417000000-456000000 rw-p 00000000 00:00 0 
456000000-7ff800000 ---p 00000000 00:00 0 
7ff800000-7ff90d000 rw-p 00cdf000 103:03 25434006                        /home/ian/.jdks/corretto-21.0.9/lib/server/classes.jsa
7ff90d000-800000000 rw-p 00000000 00:00 0 
56163ec00000-56163ec01000 r-xp 00000000 103:03 25434313                  /home/ian/.jdks/corretto-21.0.9/bin/java
56163ee01000-56163ee02000 r--p 00001000 103:03 25434313                  /home/ian/.jdks/corretto-21.0.9/bin/java
56163ee02000-56163ee03000 rw-p 00002000 103:03 25434313                  /home/ian/.jdks/corretto-21.0.9/bin/java
561649a57000-56164a019000 rw-p 00000000 00:00 0                          [heap]
7f58d4000000-7f58d7001000 rw-p 00000000 00:00 0 
7f58d7001000-7f58d8000000 ---p 00000000 00:00 0 
7f58d8000000-7f58d9000000 rw-s 00000000 00:07 1487                       /dev/nvidiactl
7f58d9000000-7f58da000000 rw-s 00000000 00:07 1487                       /dev/nvidiactl
7f58da000000-7f58db000000 rw-s 00000000 00:07 1487                       /dev/nvidiactl
7f58db000000-7f58dc000000 rw-s 00000000 00:07 1487                       /dev/nvidiactl
7f58dc000000-7f58df001000 rw-p 00000000 00:00 0 
7f58df001000-7f58e0000000 ---p 00000000 00:00 0 
7f58e0200000-7f58e1200000 rw-s 00000000 00:07 1487                       /dev/nvidiactl
7f58e1200000-7f58e2200000 rw-s 00000000 00:07 1487                       /dev/nvidiactl
7f58e2200000-7f58e2600000 rw-s 00000000 00:07 1487                       /dev/nvidiactl
7f58e2600000-7f58e2a00000 rw-s 00000000 00:07 1487                       /dev/nvidiactl
7f58e2a00000-7f58e2c00000 rw-s 00000000 00:07 1487                       /dev/nvidiactl
7f58e2c00000-7f58e3000000 rw-s 00000000 00:07 1487                       /dev/nvidiactl
7f58e3400000-7f58e3600000 rw-s 00000000 00:07 1487                       /dev/nvidiactl
7f58e3600000-7f58e3800000 rw-s 00000000 00:07 1487                       /dev/nvidiactl
7f58e3800000-7f58e3ff0000 r-xp 00000000 00:2e 1056                       /tmp/lwjgl_ian/3.4.0+20/x64/libassimp.so
7f58e3ff0000-7f58e4289000 r--p 007f0000 00:2e 1056                       /tmp/lwjgl_ian/3.4.0+20/x64/libassimp.so
7f58e4289000-7f58e4353000 r--p 00a88000 00:2e 1056                       /tmp/lwjgl_ian/3.4.0+20/x64/libassimp.so
7f58e4353000-7f58e4356000 rw-p 00b52000 00:2e 1056                       /tmp/lwjgl_ian/3.4.0+20/x64/libassimp.so
7f58e4356000-7f58e435c000 rw-p 00000000 00:00 0 
7f58e43fe000-7f58e53fe000 rw-s 00000000 00:07 1487                       /dev/nvidiactl
7f58e53fe000-7f58e63ff000 rw-p 00000000 00:00 0 
7f58e63ff000-7f58e73ff000 rw-s 00000000 00:07 1487                       /dev/nvidiactl
7f58e73ff000-7f58e8400000 rw-p 00000000 00:00 0 
7f58e8400000-7f58e849a000 r--p 00000000 103:02 921310                    /usr/lib/libstdc++.so.6.0.36
7f58e849a000-7f58e861d000 r-xp 0009a000 103:02 921310                    /usr/lib/libstdc++.so.6.0.36
7f58e861d000-7f58e86bd000 r--p 0021d000 103:02 921310                    /usr/lib/libstdc++.so.6.0.36
7f58e86bd000-7f58e86ce000 r--p 002bc000 103:02 921310                    /usr/lib/libstdc++.so.6.0.36
7f58e86ce000-7f58e86cf000 rw-p 002cd000 103:02 921310                    /usr/lib/libstdc++.so.6.0.36
7f58e86cf000-7f58e86d3000 rw-p 00000000 00:00 0 
7f58e8800000-7f58e88c4000 r--p 00000000 00:2e 1204                       /tmp/imgui-java-natives/1.87.0/libimgui-java64.so
7f58e88c4000-7f58e8de7000 r-xp 000c4000 00:2e 1204                       /tmp/imgui-java-natives/1.87.0/libimgui-java64.so
7f58e8de7000-7f58e8ebc000 r--p 005e7000 00:2e 1204                       /tmp/imgui-java-natives/1.87.0/libimgui-java64.so
7f58e8ebc000-7f58e8ec8000 r--p 006bb000 00:2e 1204                       /tmp/imgui-java-natives/1.87.0/libimgui-java64.so
7f58e8ec8000-7f58e8ed5000 rw-p 006c7000 00:2e 1204                       /tmp/imgui-java-natives/1.87.0/libimgui-java64.so
7f58e8ed5000-7f58e9703000 rw-p 00000000 00:00 0 
7f58e9764000-7f58e9870000 r-xp 00000000 00:2e 1055                       /tmp/lwjgl_ian/3.4.0+20/x64/libdraco.so
7f58e9870000-7f58e98f8000 r--p 0010c000 00:2e 1055                       /tmp/lwjgl_ian/3.4.0+20/x64/libdraco.so
7f58e98f8000-7f58e98fc000 r--p 00194000 00:2e 1055                       /tmp/lwjgl_ian/3.4.0+20/x64/libdraco.so
7f58e98fc000-7f58e98fe000 rw-p 00198000 00:2e 1055                       /tmp/lwjgl_ian/3.4.0+20/x64/libdraco.so
7f58e98fe000-7f58ece66000 rw-s 00000000 00:07 1487                       /dev/nvidiactl
7f58ece66000-7f58f03ce000 rw-p 00000000 00:00 0 
7f58f03ce000-7f58f3936000 rw-s 00000000 00:07 1487                       /dev/nvidiactl
7f58f3936000-7f58f6e9e000 rw-p 00000000 00:00 0 
7f58f6e9e000-7f58fa406000 rw-s 00000000 00:07 1487                       /dev/nvidiactl
7f58fa406000-7f58fd96e000 rw-p 00000000 00:00 0 
7f58fd96e000-7f5900ed6000 rw-s 00000000 00:07 1487                       /dev/nvidiactl
7f5900ed6000-7f590443e000 rw-p 00000000 00:00 0 
7f590443e000-7f59079a6000 rw-s 00000000 00:07 1487                       /dev/nvidiactl
7f59079a6000-7f590af0e000 rw-p 00000000 00:00 0 
7f590af0e000-7f590e476000 rw-s 00000000 00:07 1487                       /dev/nvidiactl
7f590e476000-7f59119de000 rw-p 00000000 00:00 0 
7f59119de000-7f5911bde000 rw-s 00000000 00:07 1487                       /dev/nvidiactl
7f5911bde000-7f5911dde000 rw-s 00000000 00:07 1487                       /dev/nvidiactl
7f5911dde000-7f5911ddf000 rw-p 00000000 00:00 0 
7f5911ddf000-7f5911de3000 ---p 00000000 00:00 0 
7f5911de3000-7f5912ff1000 rw-p 00000000 00:00 0 
7f5912ff1000-7f5912ff5000 ---p 00000000 00:00 0 
7f5912ff5000-7f59130f2000 rw-p 00000000 00:00 0 
7f59130f2000-7f59130f6000 ---p 00000000 00:00 0 
7f59130f6000-7f59131f3000 rw-p 00000000 00:00 0 
7f59131f3000-7f59131f7000 ---p 00000000 00:00 0 
7f59131f7000-7f59132f4000 rw-p 00000000 00:00 0 
7f59132f4000-7f59132f8000 ---p 00000000 00:00 0 
7f59132f8000-7f59133f5000 rw-p 00000000 00:00 0 
7f59133f5000-7f59133f9000 ---p 00000000 00:00 0 
7f59133f9000-7f59134f6000 rw-p 00000000 00:00 0 
7f59134f6000-7f59134fa000 ---p 00000000 00:00 0 
7f59134fa000-7f59135f7000 rw-p 00000000 00:00 0 
7f59135f7000-7f59135fb000 ---p 00000000 00:00 0 
7f59135fb000-7f59136f8000 rw-p 00000000 00:00 0 
7f59136f8000-7f59136fc000 ---p 00000000 00:00 0 
7f59136fc000-7f59137f9000 rw-p 00000000 00:00 0 
7f59137f9000-7f59137fd000 ---p 00000000 00:00 0 
7f59137fd000-7f59138fa000 rw-p 00000000 00:00 0 
7f59138fa000-7f59138fe000 ---p 00000000 00:00 0 
7f59138fe000-7f59139fb000 rw-p 00000000 00:00 0 
7f59139fb000-7f59139ff000 ---p 00000000 00:00 0 
7f59139ff000-7f5913afc000 rw-p 00000000 00:00 0 
7f5913afc000-7f5913b00000 ---p 00000000 00:00 0 
7f5913b00000-7f5913bfd000 rw-p 00000000 00:00 0 
7f5913bfd000-7f5913c01000 ---p 00000000 00:00 0 
7f5913c01000-7f5913cfe000 rw-p 00000000 00:00 0 
7f5913cfe000-7f5913d02000 ---p 00000000 00:00 0 
7f5913d02000-7f5913dff000 rw-p 00000000 00:00 0 
7f5913dff000-7f5913e03000 ---p 00000000 00:00 0 
7f5913e03000-7f5913f00000 rw-p 00000000 00:00 0 
7f5913f00000-7f5913f04000 ---p 00000000 00:00 0 
7f5913f04000-7f5914000000 rw-p 00000000 00:00 0 
7f5914000000-7f5914235000 rw-p 00000000 00:00 0 
7f5914235000-7f5918000000 ---p 00000000 00:00 0 
7f59180db000-7f59180dc000 rw-p 00000000 00:00 0 
7f59180dc000-7f59180e0000 ---p 00000000 00:00 0 
7f59180e0000-7f59181dd000 rw-p 00000000 00:00 0 
7f59181dd000-7f59181e1000 ---p 00000000 00:00 0 
7f59181e1000-7f5918ade000 rw-p 00000000 00:00 0 
7f5918ade000-7f5919400000 rw-p 00000000 00:00 0 
7f5919400000-7f591975b000 r--p 00000000 103:02 962221                    /usr/lib/libnvidia-gpucomp.so.610.57.04
7f591975b000-7f591dcf8000 r-xp 0035b000 103:02 962221                    /usr/lib/libnvidia-gpucomp.so.610.57.04
7f591dcf8000-7f591f9e8000 r--p 048f8000 103:02 962221                    /usr/lib/libnvidia-gpucomp.so.610.57.04
7f591f9e8000-7f591fc3a000 r--p 065e7000 103:02 962221                    /usr/lib/libnvidia-gpucomp.so.610.57.04
7f591fc3a000-7f591fdc5000 rw-p 06839000 103:02 962221                    /usr/lib/libnvidia-gpucomp.so.610.57.04
7f591fdc5000-7f591fe80000 rw-p 00000000 00:00 0 
7f591feff000-7f591ff00000 rw-p 00000000 00:00 0 
7f591ff00000-7f591ff04000 ---p 00000000 00:00 0 
7f591ff04000-7f5920000000 rw-p 00000000 00:00 0 
7f5920000000-7f592022d000 rw-p 00000000 00:00 0 
7f592022d000-7f5924000000 ---p 00000000 00:00 0 
7f5924000000-7f59241c8000 rw-p 00000000 00:00 0 
7f59241c8000-7f5928000000 ---p 00000000 00:00 0 
7f5928000000-7f59284dc000 rw-p 00000000 00:00 0 
7f59284dc000-7f592c000000 ---p 00000000 00:00 0 
7f592c000000-7f592c500000 rw-p 00000000 00:00 0 
7f592c500000-7f5930000000 ---p 00000000 00:00 0 
7f5930000000-7f5930021000 rw-p 00000000 00:00 0 
7f5930021000-7f5934000000 ---p 00000000 00:00 0 
7f5934000000-7f593413c000 rw-p 00000000 00:00 0 
7f593413c000-7f5938000000 ---p 00000000 00:00 0 
7f5938000000-7f593818a000 rw-p 00000000 00:00 0 
7f593818a000-7f593c000000 ---p 00000000 00:00 0 
7f593c000000-7f593c03d000 rw-p 00000000 00:00 0 
7f593c03d000-7f5940000000 ---p 00000000 00:00 0 
7f5940000000-7f5940021000 rw-p 00000000 00:00 0 
7f5940021000-7f5944000000 ---p 00000000 00:00 0 
7f5944000000-7f594454e000 rw-p 00000000 00:00 0 
7f594454e000-7f5948000000 ---p 00000000 00:00 0 
7f5948000000-7f5948021000 rw-p 00000000 00:00 0 
7f5948021000-7f594c000000 ---p 00000000 00:00 0 
7f594c000000-7f594c021000 rw-p 00000000 00:00 0 
7f594c021000-7f5950000000 ---p 00000000 00:00 0 
7f5950000000-7f5950021000 rw-p 00000000 00:00 0 
7f5950021000-7f5954000000 ---p 00000000 00:00 0 
7f5954000000-7f5954021000 rw-p 00000000 00:00 0 
7f5954021000-7f5958000000 ---p 00000000 00:00 0 
7f5958000000-7f595803c000 rw-p 00000000 00:00 0 
7f595803c000-7f595c000000 ---p 00000000 00:00 0 
7f595c0fd000-7f595c0fe000 rw-p 00000000 00:00 0 
7f595c0fe000-7f595c102000 ---p 00000000 00:00 0 
7f595c102000-7f595c1ff000 rw-p 00000000 00:00 0 
7f595c1ff000-7f595c203000 ---p 00000000 00:00 0 
7f595c203000-7f595c300000 rw-p 00000000 00:00 0 
7f595c300000-7f595c304000 ---p 00000000 00:00 0 
7f595c304000-7f595c400000 rw-p 00000000 00:00 0 
7f595c400000-7f595c40d000 r-xp 00000000 103:03 25434000                  /home/ian/.jdks/corretto-21.0.9/lib/libverify.so
7f595c40d000-7f595c60c000 ---p 0000d000 103:03 25434000                  /home/ian/.jdks/corretto-21.0.9/lib/libverify.so
7f595c60c000-7f595c60e000 r--p 0000c000 103:03 25434000                  /home/ian/.jdks/corretto-21.0.9/lib/libverify.so
7f595c60e000-7f595c60f000 rw-p 00000000 00:00 0 
7f595c665000-7f595c6e8000 r-xp 00000000 00:2e 1057                       /tmp/lwjgl_ian/3.4.0+20/x64/liblwjgl_stb.so
7f595c6e8000-7f595c6fd000 r--p 00083000 00:2e 1057                       /tmp/lwjgl_ian/3.4.0+20/x64/liblwjgl_stb.so
7f595c6fd000-7f595c6fe000 r--p 00097000 00:2e 1057                       /tmp/lwjgl_ian/3.4.0+20/x64/liblwjgl_stb.so
7f595c6fe000-7f595c6ff000 rw-p 00098000 00:2e 1057                       /tmp/lwjgl_ian/3.4.0+20/x64/liblwjgl_stb.so
7f595c6ff000-7f595c700000 rw-p 00000000 00:00 0 
7f595c700000-7f595c704000 ---p 00000000 00:00 0 
7f595c704000-7f595c800000 rw-p 00000000 00:00 0 
7f595c800000-7f595ca50000 r-xp 00000000 103:02 961761                    /usr/lib/libnvidia-glcore.so.610.57.04
7f595ca50000-7f595ca71000 rwxp 00250000 103:02 961761                    /usr/lib/libnvidia-glcore.so.610.57.04
7f595ca71000-7f595cc00000 r-xp 00271000 103:02 961761                    /usr/lib/libnvidia-glcore.so.610.57.04
7f595cc00000-7f595d800000 r-xp 00400000 103:02 961761                    /usr/lib/libnvidia-glcore.so.610.57.04
7f595d800000-7f595edf9000 r-xp 01000000 103:02 961761                    /usr/lib/libnvidia-glcore.so.610.57.04
7f595edf9000-7f595edfa000 ---p 025f9000 103:02 961761                    /usr/lib/libnvidia-glcore.so.610.57.04
7f595edfa000-7f595ef72000 r--p 025f9000 103:02 961761                    /usr/lib/libnvidia-glcore.so.610.57.04
7f595ef72000-7f595efd5000 rw-p 02771000 103:02 961761                    /usr/lib/libnvidia-glcore.so.610.57.04
7f595efd5000-7f595eff5000 rw-p 00000000 00:00 0 
7f595f000000-7f595f400000 rw-p 00000000 00:00 0 
7f595f400000-7f595f800000 rw-p 00000000 00:00 0 
7f595f800000-7f595f840000 rw-p 00000000 00:00 0 
7f595f840000-7f595fcc0000 rw-p 00000000 00:00 0 
7f595fcc0000-7f595fd00000 ---p 00000000 00:00 0 
7f595fd00000-7f595fd20000 rw-p 00000000 00:00 0 
7f595fd20000-7f5963000000 ---p 00000000 00:00 0 
7f5963000000-7f5963ca0000 rw-p 00001000 103:03 25434006                  /home/ian/.jdks/corretto-21.0.9/lib/server/classes.jsa
7f5963ca0000-7f5964000000 ---p 00000000 00:00 0 
7f5964000000-7f5964040000 rw-p 00000000 00:00 0 
7f5964040000-7f59640c0000 rw-p 00000000 00:00 0 
7f59640c0000-7f59640e0000 rw-p 00000000 00:00 0 
7f59640e0000-7f5964100000 ---p 00000000 00:00 0 
7f5964100000-7f5964150000 rw-p 00000000 00:00 0 
7f5964150000-7f59a4000000 ---p 00000000 00:00 0 
7f59a4000000-7f59a41d5000 rw-p 00000000 00:00 0 
7f59a41d5000-7f59a8000000 ---p 00000000 00:00 0 
7f59a8000000-7f59a81b6000 rw-p 00000000 00:00 0 
7f59a81b6000-7f59ac000000 ---p 00000000 00:00 0 
7f59ac000000-7f59ac031000 rw-p 00000000 00:00 0 
7f59ac031000-7f59b0000000 ---p 00000000 00:00 0 
7f59b0033000-7f59b0035000 r--p 00000000 103:02 958607                    /usr/lib/libEGL.so.1.1.0
7f59b0035000-7f59b003f000 r-xp 00002000 103:02 958607                    /usr/lib/libEGL.so.1.1.0
7f59b003f000-7f59b0043000 r--p 0000c000 103:02 958607                    /usr/lib/libEGL.so.1.1.0
7f59b0043000-7f59b0044000 r--p 0000f000 103:02 958607                    /usr/lib/libEGL.so.1.1.0
7f59b0044000-7f59b0045000 rw-p 00010000 103:02 958607                    /usr/lib/libEGL.so.1.1.0
7f59b0045000-7f59b005a000 r-xp 00000000 00:2e 1051                       /tmp/lwjgl_ian/3.4.0+20/x64/liblwjgl_opengl.so
7f59b005a000-7f59b009d000 r--p 00015000 00:2e 1051                       /tmp/lwjgl_ian/3.4.0+20/x64/liblwjgl_opengl.so
7f59b009d000-7f59b009e000 r--p 00057000 00:2e 1051                       /tmp/lwjgl_ian/3.4.0+20/x64/liblwjgl_opengl.so
7f59b009e000-7f59b009f000 rw-p 00058000 00:2e 1051                       /tmp/lwjgl_ian/3.4.0+20/x64/liblwjgl_opengl.so
7f59b009f000-7f59b019f000 rw-s 00000000 00:07 1487                       /dev/nvidiactl
7f59b019f000-7f59b01df000 rw-s 00000000 00:07 1487                       /dev/nvidiactl
7f59b01df000-7f59b01ff000 rw-s 00000000 00:07 1487                       /dev/nvidiactl
7f59b01ff000-7f59b023f000 rw-s 00000000 00:07 1487                       /dev/nvidiactl
7f59b023f000-7f59b027f000 rw-s 00000000 00:07 1487                       /dev/nvidiactl
7f59b027f000-7f59b02ff000 rw-s 00000000 00:07 1487                       /dev/nvidiactl
7f59b03ff000-7f59b0c00000 rw-p 00000000 00:00 0 
7f59b0c00000-7f59b0c05000 r-xp 00000000 103:03 25433995                  /home/ian/.jdks/corretto-21.0.9/lib/libmanagement_ext.so
7f59b0c05000-7f59b0e05000 ---p 00005000 103:03 25433995                  /home/ian/.jdks/corretto-21.0.9/lib/libmanagement_ext.so
7f59b0e05000-7f59b0e06000 r--p 00005000 103:03 25433995                  /home/ian/.jdks/corretto-21.0.9/lib/libmanagement_ext.so
7f59b0e06000-7f59b0e07000 rw-p 00000000 00:00 0 
7f59b0e18000-7f59b0e38000 rw-s 00000000 00:07 1487                       /dev/nvidiactl
7f59b0e38000-7f59b0eb8000 rw-s 00000000 00:07 1487                       /dev/nvidiactl
7f59b0eb8000-7f59b0ecd000 r--p 00000000 103:02 933484                    /usr/lib/libsystemd.so.0.44.0
7f59b0ecd000-7f59b0fa6000 r-xp 00015000 103:02 933484                    /usr/lib/libsystemd.so.0.44.0
7f59b0fa6000-7f59b0ff5000 r--p 000ee000 103:02 933484                    /usr/lib/libsystemd.so.0.44.0
7f59b0ff5000-7f59b0ffe000 r--p 0013c000 103:02 933484                    /usr/lib/libsystemd.so.0.44.0
7f59b0ffe000-7f59b0fff000 rw-p 00145000 103:02 933484                    /usr/lib/libsystemd.so.0.44.0
7f59b0fff000-7f59b1000000 rw-p 00000000 00:00 0 
7f59b1000000-7f59b1004000 r-xp 00000000 103:03 25433988                  /home/ian/.jdks/corretto-21.0.9/lib/libmanagement.so
7f59b1004000-7f59b1203000 ---p 00004000 103:03 25433988                  /home/ian/.jdks/corretto-21.0.9/lib/libmanagement.so
7f59b1203000-7f59b1204000 r--p 00003000 103:03 25433988                  /home/ian/.jdks/corretto-21.0.9/lib/libmanagement.so
7f59b1204000-7f59b1205000 rw-p 00000000 00:00 0 
7f59b1215000-7f59b1235000 rw-s 00000000 00:07 1487                       /dev/nvidiactl
7f59b1235000-7f59b1275000 rw-s 00000000 00:07 1487                       /dev/nvidiactl
7f59b1275000-7f59b1295000 rw-s 00000000 00:07 1487                       /dev/nvidiactl
7f59b1295000-7f59b12d5000 rw-s 00000000 00:07 1487                       /dev/nvidiactl
7f59b12d5000-7f59b1326000 r--p 00000000 103:02 956190                    /usr/lib/libGLX_nvidia.so.610.57.04
7f59b1326000-7f59b1383000 r-xp 00051000 103:02 956190                    /usr/lib/libGLX_nvidia.so.610.57.04
7f59b1383000-7f59b13b8000 rwxp 000ae000 103:02 956190                    /usr/lib/libGLX_nvidia.so.610.57.04
7f59b13b8000-7f59b13b9000 r-xp 000e3000 103:02 956190                    /usr/lib/libGLX_nvidia.so.610.57.04
7f59b13b9000-7f59b13d9000 r--p 000e4000 103:02 956190                    /usr/lib/libGLX_nvidia.so.610.57.04
7f59b13d9000-7f59b13f9000 r--p 00103000 103:02 956190                    /usr/lib/libGLX_nvidia.so.610.57.04
7f59b13f9000-7f59b13fe000 rw-p 00123000 103:02 956190                    /usr/lib/libGLX_nvidia.so.610.57.04
7f59b13fe000-7f59b1400000 rw-p 00000000 00:00 0 
7f59b1400000-7f59b1407000 r-xp 00000000 103:03 25434044                  /home/ian/.jdks/corretto-21.0.9/lib/libzip.so
7f59b1407000-7f59b1606000 ---p 00007000 103:03 25434044                  /home/ian/.jdks/corretto-21.0.9/lib/libzip.so
7f59b1606000-7f59b1607000 r--p 00006000 103:03 25434044                  /home/ian/.jdks/corretto-21.0.9/lib/libzip.so
7f59b1607000-7f59b1608000 rw-p 00000000 00:00 0 
7f59b160b000-7f59b161e000 rw-s 00000000 00:07 1487                       /dev/nvidiactl
7f59b161e000-7f59b163e000 rw-s 00000000 00:07 1487                       /dev/nvidiactl
7f59b163e000-7f59b16be000 rw-s 00000000 00:07 1489                       /dev/nvidia0
7f59b16be000-7f59b16d5000 r--p 00000000 103:02 945154                    /usr/lib/libX11.so.6.4.0
7f59b16d5000-7f59b176a000 r-xp 00017000 103:02 945154                    /usr/lib/libX11.so.6.4.0
7f59b176a000-7f59b17f9000 r--p 000ac000 103:02 945154                    /usr/lib/libX11.so.6.4.0
7f59b17f9000-7f59b17fc000 r--p 0013a000 103:02 945154                    /usr/lib/libX11.so.6.4.0
7f59b17fc000-7f59b1800000 rw-p 0013d000 103:02 945154                    /usr/lib/libX11.so.6.4.0
7f59b1800000-7f59b180b000 r-xp 00000000 103:03 25433958                  /home/ian/.jdks/corretto-21.0.9/lib/libnet.so
7f59b180b000-7f59b1a0a000 ---p 0000b000 103:03 25433958                  /home/ian/.jdks/corretto-21.0.9/lib/libnet.so
7f59b1a0a000-7f59b1a0b000 r--p 0000a000 103:03 25433958                  /home/ian/.jdks/corretto-21.0.9/lib/libnet.so
7f59b1a0b000-7f59b1a0c000 rw-p 00000000 00:00 0 
7f59b1a10000-7f59b1a23000 rw-s 00000000 00:07 1487                       /dev/nvidiactl
7f59b1a23000-7f59b1a63000 rw-s 00000000 00:07 1487                       /dev/nvidiactl
7f59b1a63000-7f59b1a73000 r--p 00000000 103:02 961844                    /usr/lib/libnvidia-glsi.so.610.57.04
7f59b1a73000-7f59b1ad3000 r-xp 00010000 103:02 961844                    /usr/lib/libnvidia-glsi.so.610.57.04
7f59b1ad3000-7f59b1af0000 r--p 00070000 103:02 961844                    /usr/lib/libnvidia-glsi.so.610.57.04
7f59b1af0000-7f59b1af6000 r--p 0008c000 103:02 961844                    /usr/lib/libnvidia-glsi.so.610.57.04
7f59b1af6000-7f59b1af7000 rw-p 00092000 103:02 961844                    /usr/lib/libnvidia-glsi.so.610.57.04
7f59b1af7000-7f59b1aff000 rw-p 00000000 00:00 0 
7f59b1aff000-7f59b1b00000 rw-p 00000000 00:00 0 
7f59b1b00000-7f59b1b04000 ---p 00000000 00:00 0 
7f59b1b04000-7f59b1c00000 rw-p 00000000 00:00 0 
7f59b1c00000-7f59b1c13000 r-xp 00000000 103:03 25433954                  /home/ian/.jdks/corretto-21.0.9/lib/libnio.so
7f59b1c13000-7f59b1e12000 ---p 00013000 103:03 25433954                  /home/ian/.jdks/corretto-21.0.9/lib/libnio.so
7f59b1e12000-7f59b1e13000 r--p 00012000 103:03 25433954                  /home/ian/.jdks/corretto-21.0.9/lib/libnio.so
7f59b1e13000-7f59b1e14000 rw-p 00013000 103:03 25433954                  /home/ian/.jdks/corretto-21.0.9/lib/libnio.so
7f59b1e34000-7f59b1e37000 r--p 00000000 103:02 959830                    /usr/lib/libnvidia-allocator.so.610.57.04
7f59b1e37000-7f59b1e4b000 r-xp 00003000 103:02 959830                    /usr/lib/libnvidia-allocator.so.610.57.04
7f59b1e4b000-7f59b1e55000 r--p 00017000 103:02 959830                    /usr/lib/libnvidia-allocator.so.610.57.04
7f59b1e55000-7f59b1e56000 r--p 00020000 103:02 959830                    /usr/lib/libnvidia-allocator.so.610.57.04
7f59b1e56000-7f59b1e57000 rw-p 00021000 103:02 959830                    /usr/lib/libnvidia-allocator.so.610.57.04
7f59b1e57000-7f59b1e59000 rw-p 00000000 00:00 0 
7f59b1e59000-7f59b1e5d000 r--p 00000000 103:02 921303                    /usr/lib/libgcc_s.so.1
7f59b1e5d000-7f59b1e80000 r-xp 00004000 103:02 921303                    /usr/lib/libgcc_s.so.1
7f59b1e80000-7f59b1e84000 r--p 00027000 103:02 921303                    /usr/lib/libgcc_s.so.1
7f59b1e84000-7f59b1e85000 r--p 0002b000 103:02 921303                    /usr/lib/libgcc_s.so.1
7f59b1e85000-7f59b1e86000 rw-p 0002c000 103:02 921303                    /usr/lib/libgcc_s.so.1
7f59b1e86000-7f59b1e88000 r--p 00000000 103:02 958619                    /usr/lib/libGLdispatch.so.0.0.0
7f59b1e88000-7f59b1e8b000 r-xp 00002000 103:02 958619                    /usr/lib/libGLdispatch.so.0.0.0
7f59b1e8b000-7f59b1ec6000 r-xp 00005000 103:02 958619                    /usr/lib/libGLdispatch.so.0.0.0
7f59b1ec6000-7f59b1ec7000 r-xp 00040000 103:02 958619                    /usr/lib/libGLdispatch.so.0.0.0
7f59b1ec7000-7f59b1eda000 r--p 00041000 103:02 958619                    /usr/lib/libGLdispatch.so.0.0.0
7f59b1eda000-7f59b1ef6000 r--p 00054000 103:02 958619                    /usr/lib/libGLdispatch.so.0.0.0
7f59b1ef6000-7f59b1ef7000 rw-p 00070000 103:02 958619                    /usr/lib/libGLdispatch.so.0.0.0
7f59b1ef7000-7f59b1eff000 rw-p 00000000 00:00 0 
7f59b1eff000-7f59b1f00000 rw-p 00000000 00:00 0 
7f59b1f00000-7f59b1f04000 ---p 00000000 00:00 0 
7f59b1f04000-7f59b2000000 rw-p 00000000 00:00 0 
7f59b2000000-7f59b4022000 rw-p 00000000 00:00 0 
7f59b4022000-7f59b8000000 ---p 00000000 00:00 0 
7f59b8000000-7f59b8021000 rw-p 00000000 00:00 0 
7f59b8021000-7f59bc000000 ---p 00000000 00:00 0 
7f59bc000000-7f59bc021000 rw-p 00000000 00:00 0 
7f59bc021000-7f59c0000000 ---p 00000000 00:00 0 
7f59c000a000-7f59c0018000 r--p 00000000 103:02 942789                    /usr/lib/libdbus-1.so.3.38.3
7f59c0018000-7f59c0049000 r-xp 0000e000 103:02 942789                    /usr/lib/libdbus-1.so.3.38.3
7f59c0049000-7f59c005a000 r--p 0003f000 103:02 942789                    /usr/lib/libdbus-1.so.3.38.3
7f59c005a000-7f59c005c000 r--p 0004f000 103:02 942789                    /usr/lib/libdbus-1.so.3.38.3
7f59c005c000-7f59c005d000 rw-p 00051000 103:02 942789                    /usr/lib/libdbus-1.so.3.38.3
7f59c005d000-7f59c0082000 r-xp 00000000 00:2e 1050                       /tmp/lwjgl_ian/3.4.0+20/x64/libglfw.so
7f59c0082000-7f59c00d1000 r--p 00025000 00:2e 1050                       /tmp/lwjgl_ian/3.4.0+20/x64/libglfw.so
7f59c00d1000-7f59c00d5000 r--p 00074000 00:2e 1050                       /tmp/lwjgl_ian/3.4.0+20/x64/libglfw.so
7f59c00d5000-7f59c00d8000 rw-p 00078000 00:2e 1050                       /tmp/lwjgl_ian/3.4.0+20/x64/libglfw.so
7f59c00d8000-7f59c00fb000 rw-p 00000000 00:00 0 
7f59c00fb000-7f59c00fc000 rw-p 00000000 00:00 0 
7f59c00fc000-7f59c0100000 ---p 00000000 00:00 0 
7f59c0100000-7f59c01fd000 rw-p 00000000 00:00 0 
7f59c01fd000-7f59c0201000 ---p 00000000 00:00 0 
7f59c0201000-7f59c02fe000 rw-p 00000000 00:00 0 
7f59c02fe000-7f59c0302000 ---p 00000000 00:00 0 
7f59c0302000-7f59c03ff000 rw-p 00000000 00:00 0 
7f59c03ff000-7f59c0403000 ---p 00000000 00:00 0 
7f59c0403000-7f59c0500000 rw-p 00000000 00:00 0 
7f59c0500000-7f59c0504000 ---p 00000000 00:00 0 
7f59c0504000-7f59c0600000 rw-p 00000000 00:00 0 
7f59c0600000-7f59c06ce000 r-xp 00000000 103:03 25433997                  /home/ian/.jdks/corretto-21.0.9/lib/libjsvml.so
7f59c06ce000-7f59c08cd000 ---p 000ce000 103:03 25433997                  /home/ian/.jdks/corretto-21.0.9/lib/libjsvml.so
7f59c08cd000-7f59c08ce000 r--p 000cd000 103:03 25433997                  /home/ian/.jdks/corretto-21.0.9/lib/libjsvml.so
7f59c08ce000-7f59c08cf000 rw-p 000ce000 103:03 25433997                  /home/ian/.jdks/corretto-21.0.9/lib/libjsvml.so
7f59c08cf000-7f59c08d6000 r--s 00000000 103:02 1025860                   /usr/lib/gconv/gconv-modules.cache
7f59c08d6000-7f59c08db000 r--p 00000000 103:02 958398                    /usr/lib/libdrm.so.2.134.0
7f59c08db000-7f59c08e7000 r-xp 00005000 103:02 958398                    /usr/lib/libdrm.so.2.134.0
7f59c08e7000-7f59c08eb000 r--p 00011000 103:02 958398                    /usr/lib/libdrm.so.2.134.0
7f59c08eb000-7f59c08ec000 r--p 00015000 103:02 958398                    /usr/lib/libdrm.so.2.134.0
7f59c08ec000-7f59c08ed000 rw-p 00016000 103:02 958398                    /usr/lib/libdrm.so.2.134.0
7f59c08ed000-7f59c08fd000 rw-s 00000000 00:07 1489                       /dev/nvidia0
7f59c08fd000-7f59c08fe000 rw-p 00000000 00:00 0 
7f59c08fe000-7f59c0902000 ---p 00000000 00:00 0 
7f59c0902000-7f59c09ff000 rw-p 00000000 00:00 0 
7f59c09ff000-7f59c0a03000 ---p 00000000 00:00 0 
7f59c0a03000-7f59c0b00000 rw-p 00000000 00:00 0 
7f59c0b00000-7f59c0b04000 ---p 00000000 00:00 0 
7f59c0b04000-7f59c0c00000 rw-p 00000000 00:00 0 
7f59c0c00000-7f59c0eed000 r--p 00000000 103:02 995609                    /usr/lib/locale/locale-archive
7f59c0eef000-7f59c0ef3000 rw-s 00000000 00:07 1487                       /dev/nvidiactl
7f59c0ef3000-7f59c0ef4000 rw-s 00000000 00:07 1489                       /dev/nvidia0
7f59c0ef4000-7f59c0ef6000 rw-s 00000000 00:07 1487                       /dev/nvidiactl
7f59c0ef6000-7f59c0ef7000 rw-s 00000000 00:07 1487                       /dev/nvidiactl
7f59c0ef7000-7f59c0efa000 rw-s 00000000 00:07 1487                       /dev/nvidiactl
7f59c0efa000-7f59c0efc000 rw-s 00000000 00:01 64997                      /memfd:/.glXXXXXX (deleted)
7f59c0efc000-7f59c0f0c000 rw-s 00000000 00:07 1489                       /dev/nvidia0
7f59c0f0c000-7f59c0f0f000 r--p 00000000 103:02 952845                    /usr/lib/libxcb-xfixes.so.0.0.0
7f59c0f0f000-7f59c0f12000 r-xp 00003000 103:02 952845                    /usr/lib/libxcb-xfixes.so.0.0.0
7f59c0f12000-7f59c0f13000 r--p 00006000 103:02 952845                    /usr/lib/libxcb-xfixes.so.0.0.0
7f59c0f13000-7f59c0f14000 r--p 00007000 103:02 952845                    /usr/lib/libxcb-xfixes.so.0.0.0
7f59c0f14000-7f59c0f15000 rw-p 00008000 103:02 952845                    /usr/lib/libxcb-xfixes.so.0.0.0
7f59c0f15000-7f59c0f18000 r--p 00000000 103:02 952839                    /usr/lib/libxcb-sync.so.1.0.0
7f59c0f18000-7f59c0f1b000 r-xp 00003000 103:02 952839                    /usr/lib/libxcb-sync.so.1.0.0
7f59c0f1b000-7f59c0f1c000 r--p 00006000 103:02 952839                    /usr/lib/libxcb-sync.so.1.0.0
7f59c0f1c000-7f59c0f1d000 r--p 00007000 103:02 952839                    /usr/lib/libxcb-sync.so.1.0.0
7f59c0f1d000-7f59c0f1e000 rw-p 00008000 103:02 952839                    /usr/lib/libxcb-sync.so.1.0.0
7f59c0f1e000-7f59c0f25000 r--p 00000000 103:02 952818                    /usr/lib/libxcb-randr.so.0.1.0
7f59c0f25000-7f59c0f2b000 r-xp 00007000 103:02 952818                    /usr/lib/libxcb-randr.so.0.1.0
7f59c0f2b000-7f59c0f2e000 r--p 0000d000 103:02 952818                    /usr/lib/libxcb-randr.so.0.1.0
7f59c0f2e000-7f59c0f2f000 r--p 00010000 103:02 952818                    /usr/lib/libxcb-randr.so.0.1.0
7f59c0f2f000-7f59c0f30000 rw-p 00011000 103:02 952818                    /usr/lib/libxcb-randr.so.0.1.0
7f59c0f30000-7f59c1ef0000 rw-p 00000000 00:00 0 
7f59c1ef0000-7f59d0950000 ---p 00000000 00:00 0 
7f59d0950000-7f59d0b68000 rw-p 00000000 00:00 0 
7f59d0b68000-7f59d28b4000 ---p 00000000 00:00 0 
7f59d28b4000-7f59d2ab0000 rw-p 00000000 00:00 0 
7f59d2ab0000-7f59d47fc000 ---p 00000000 00:00 0 
7f59d47fc000-7f59d4800000 rw-p 00000000 00:00 0 
7f59d4800000-7f59d4d10000 rwxp 00000000 00:00 0 
7f59d4d10000-7f59dbc5f000 ---p 00000000 00:00 0 
7f59dbc5f000-7f59dc07f000 rwxp 00000000 00:00 0 
7f59dc07f000-7f59dc3a0000 ---p 00000000 00:00 0 
7f59dc3a0000-7f59dc610000 rwxp 00000000 00:00 0 
7f59dc610000-7f59e3800000 ---p 00000000 00:00 0 
7f59e3800000-7f59ebf76000 r--s 00000000 103:03 25433962                  /home/ian/.jdks/corretto-21.0.9/lib/modules
7f59ebf7a000-7f59ebf7c000 r--p 00000000 103:02 952809                    /usr/lib/libxcb-dri3.so.0.1.0
7f59ebf7c000-7f59ebf7e000 r-xp 00002000 103:02 952809                    /usr/lib/libxcb-dri3.so.0.1.0
7f59ebf7e000-7f59ebf7f000 r--p 00004000 103:02 952809                    /usr/lib/libxcb-dri3.so.0.1.0
7f59ebf7f000-7f59ebf80000 r--p 00004000 103:02 952809                    /usr/lib/libxcb-dri3.so.0.1.0
7f59ebf80000-7f59ebf81000 rw-p 00005000 103:02 952809                    /usr/lib/libxcb-dri3.so.0.1.0
7f59ebf81000-7f59ebfb6000 r-xp 00000000 00:2e 1049                       /tmp/lwjgl_ian/3.4.0+20/x64/liblwjgl.so
7f59ebfb6000-7f59ebffe000 r--p 00035000 00:2e 1049                       /tmp/lwjgl_ian/3.4.0+20/x64/liblwjgl.so
7f59ebffe000-7f59ebfff000 r--p 0007c000 00:2e 1049                       /tmp/lwjgl_ian/3.4.0+20/x64/liblwjgl.so
7f59ebfff000-7f59ec000000 rw-p 0007d000 00:2e 1049                       /tmp/lwjgl_ian/3.4.0+20/x64/liblwjgl.so
7f59ec000000-7f59effcd000 rw-p 00000000 00:00 0 
7f59effcd000-7f59f0000000 ---p 00000000 00:00 0 
7f59f0000000-7f59f0001000 rw-s 00000000 00:07 1487                       /dev/nvidiactl
7f59f0001000-7f59f0002000 rw-s 00000000 00:07 1489                       /dev/nvidia0
7f59f0002000-7f59f0004000 rw-s 00000000 00:07 1487                       /dev/nvidiactl
7f59f0004000-7f59f0010000 r--p 00000000 103:02 952812                    /usr/lib/libxcb-glx.so.0.0.0
7f59f0010000-7f59f0019000 r-xp 0000c000 103:02 952812                    /usr/lib/libxcb-glx.so.0.0.0
7f59f0019000-7f59f001e000 r--p 00015000 103:02 952812                    /usr/lib/libxcb-glx.so.0.0.0
7f59f001e000-7f59f0020000 r--p 0001a000 103:02 952812                    /usr/lib/libxcb-glx.so.0.0.0
7f59f0020000-7f59f0021000 rw-p 0001c000 103:02 952812                    /usr/lib/libxcb-glx.so.0.0.0
7f59f0021000-7f59f0023000 r--p 00000000 103:02 958616                    /usr/lib/libGLX.so.0.0.0
7f59f0023000-7f59f003d000 r-xp 00002000 103:02 958616                    /usr/lib/libGLX.so.0.0.0
7f59f003d000-7f59f0040000 r--p 0001c000 103:02 958616                    /usr/lib/libGLX.so.0.0.0
7f59f0040000-7f59f0041000 r--p 0001f000 103:02 958616                    /usr/lib/libGLX.so.0.0.0
7f59f0041000-7f59f0042000 rw-p 00020000 103:02 958616                    /usr/lib/libGLX.so.0.0.0
7f59f0042000-7f59f0052000 rw-p 00000000 00:00 0 
7f59f0052000-7f59f0053000 rw-p 00000000 00:00 0 
7f59f0053000-7f59f0057000 ---p 00000000 00:00 0 
7f59f0057000-7f59f0154000 rw-p 00000000 00:00 0 
7f59f0154000-7f59f0158000 ---p 00000000 00:00 0 
7f59f0158000-7f59f0255000 rw-p 00000000 00:00 0 
7f59f0255000-7f59f0259000 ---p 00000000 00:00 0 
7f59f0259000-7f59f0356000 rw-p 00000000 00:00 0 
7f59f0356000-7f59f035a000 ---p 00000000 00:00 0 
7f59f035a000-7f59f0658000 rw-p 00000000 00:00 0 
7f59f0658000-7f59f06d9000 rw-p 00000000 00:00 0 
7f59f06d9000-7f59f08db000 rw-p 00000000 00:00 0 
7f59f08db000-7f59f1aed000 rw-p 00000000 00:00 0 
7f59f1aed000-7f59f1df0000 rw-p 00000000 00:00 0 
7f59f1df0000-7f59f3000000 rw-p 00000000 00:00 0 
7f59f3000000-7f59f3020000 r-xp 00000000 103:03 25433985                  /home/ian/.jdks/corretto-21.0.9/lib/libjava.so
7f59f3020000-7f59f321f000 ---p 00020000 103:03 25433985                  /home/ian/.jdks/corretto-21.0.9/lib/libjava.so
7f59f321f000-7f59f3220000 r--p 0001f000 103:03 25433985                  /home/ian/.jdks/corretto-21.0.9/lib/libjava.so
7f59f3220000-7f59f3221000 rw-p 00020000 103:03 25433985                  /home/ian/.jdks/corretto-21.0.9/lib/libjava.so
7f59f3221000-7f59f3222000 rw-p 00000000 00:00 0 
7f59f3222000-7f59f3223000 r--p 00000000 103:02 952815                    /usr/lib/libxcb-present.so.0.0.0
7f59f3223000-7f59f3224000 r-xp 00001000 103:02 952815                    /usr/lib/libxcb-present.so.0.0.0
7f59f3224000-7f59f3225000 r--p 00002000 103:02 952815                    /usr/lib/libxcb-present.so.0.0.0
7f59f3225000-7f59f3226000 r--p 00002000 103:02 952815                    /usr/lib/libxcb-present.so.0.0.0
7f59f3226000-7f59f3227000 rw-p 00003000 103:02 952815                    /usr/lib/libxcb-present.so.0.0.0
7f59f3227000-7f59f3228000 r--p 00000000 103:02 963487                    /usr/lib/libnvidia-tls.so.610.57.04
7f59f3228000-7f59f322a000 r-xp 00001000 103:02 963487                    /usr/lib/libnvidia-tls.so.610.57.04
7f59f322a000-7f59f322b000 r--p 00003000 103:02 963487                    /usr/lib/libnvidia-tls.so.610.57.04
7f59f322b000-7f59f322c000 r--p 00003000 103:02 963487                    /usr/lib/libnvidia-tls.so.610.57.04
7f59f322c000-7f59f322d000 rw-p 00004000 103:02 963487                    /usr/lib/libnvidia-tls.so.610.57.04
7f59f322d000-7f59f322f000 r--p 00000000 103:02 956087                    /usr/lib/libXfixes.so.3.1.0
7f59f322f000-7f59f3232000 r-xp 00002000 103:02 956087                    /usr/lib/libXfixes.so.3.1.0
7f59f3232000-7f59f3233000 r--p 00005000 103:02 956087                    /usr/lib/libXfixes.so.3.1.0
7f59f3233000-7f59f3234000 r--p 00005000 103:02 956087                    /usr/lib/libXfixes.so.3.1.0
7f59f3234000-7f59f3235000 rw-p 00006000 103:02 956087                    /usr/lib/libXfixes.so.3.1.0
7f59f3235000-7f59f3238000 r--p 00000000 103:02 958651                    /usr/lib/libXcursor.so.1.0.2
7f59f3238000-7f59f323e000 r-xp 00003000 103:02 958651                    /usr/lib/libXcursor.so.1.0.2
7f59f323e000-7f59f3240000 r--p 00009000 103:02 958651                    /usr/lib/libXcursor.so.1.0.2
7f59f3240000-7f59f3241000 r--p 0000a000 103:02 958651                    /usr/lib/libXcursor.so.1.0.2
7f59f3241000-7f59f3242000 rw-p 0000b000 103:02 958651                    /usr/lib/libXcursor.so.1.0.2
7f59f3242000-7f59f3244000 r--p 00000000 103:02 956588                    /usr/lib/libXrender.so.1.3.0
7f59f3244000-7f59f324b000 r-xp 00002000 103:02 956588                    /usr/lib/libXrender.so.1.3.0
7f59f324b000-7f59f324c000 r--p 00009000 103:02 956588                    /usr/lib/libXrender.so.1.3.0
7f59f324c000-7f59f324d000 r--p 00009000 103:02 956588                    /usr/lib/libXrender.so.1.3.0
7f59f324d000-7f59f324e000 rw-p 0000a000 103:02 956588                    /usr/lib/libXrender.so.1.3.0
7f59f324e000-7f59f3251000 r--p 00000000 103:02 956093                    /usr/lib/libXi.so.6.1.0
7f59f3251000-7f59f325e000 r-xp 00003000 103:02 956093                    /usr/lib/libXi.so.6.1.0
7f59f325e000-7f59f3261000 r--p 00010000 103:02 956093                    /usr/lib/libXi.so.6.1.0
7f59f3261000-7f59f3262000 r--p 00012000 103:02 956093                    /usr/lib/libXi.so.6.1.0
7f59f3262000-7f59f3263000 rw-p 00013000 103:02 956093                    /usr/lib/libXi.so.6.1.0
7f59f3263000-7f59f3400000 rw-p 00000000 00:00 0 
7f59f3400000-7f59f341b000 r-xp 00000000 103:03 25433967                  /home/ian/.jdks/corretto-21.0.9/lib/libjimage.so
7f59f341b000-7f59f361a000 ---p 0001b000 103:03 25433967                  /home/ian/.jdks/corretto-21.0.9/lib/libjimage.so
7f59f361a000-7f59f361c000 r--p 0001a000 103:03 25433967                  /home/ian/.jdks/corretto-21.0.9/lib/libjimage.so
7f59f361c000-7f59f361d000 rw-p 0001c000 103:03 25433967                  /home/ian/.jdks/corretto-21.0.9/lib/libjimage.so
7f59f361d000-7f59f3621000 rw-s 00000000 00:07 1487                       /dev/nvidiactl
7f59f3621000-7f59f3623000 r--p 00000000 103:02 958841                    /usr/lib/libXrandr.so.2.2.0
7f59f3623000-7f59f362a000 r-xp 00002000 103:02 958841                    /usr/lib/libXrandr.so.2.2.0
7f59f362a000-7f59f362c000 r--p 00009000 103:02 958841                    /usr/lib/libXrandr.so.2.2.0
7f59f362c000-7f59f362d000 r--p 0000a000 103:02 958841                    /usr/lib/libXrandr.so.2.2.0
7f59f362d000-7f59f362e000 rw-p 0000b000 103:02 958841                    /usr/lib/libXrandr.so.2.2.0
7f59f362e000-7f59f3633000 rw-p 00000000 00:00 0 
7f59f3633000-7f59f3717000 ---p 00000000 00:00 0 
7f59f3717000-7f59f3722000 rw-p 00000000 00:00 0 
7f59f3722000-7f59f3800000 ---p 00000000 00:00 0 
7f59f3800000-7f59f4c64000 r-xp 00000000 103:03 25433974                  /home/ian/.jdks/corretto-21.0.9/lib/server/libjvm.so
7f59f4c64000-7f59f4e63000 ---p 01464000 103:03 25433974                  /home/ian/.jdks/corretto-21.0.9/lib/server/libjvm.so
7f59f4e63000-7f59f4f38000 r--p 01463000 103:03 25433974                  /home/ian/.jdks/corretto-21.0.9/lib/server/libjvm.so
7f59f4f38000-7f59f4f68000 rw-p 01538000 103:03 25433974                  /home/ian/.jdks/corretto-21.0.9/lib/server/libjvm.so
7f59f4f68000-7f59f4fce000 rw-p 00000000 00:00 0 
7f59f4fce000-7f59f4fcf000 rw-s 00000000 00:07 1487                       /dev/nvidiactl
7f59f4fcf000-7f59f4fd0000 rw-s 00000000 00:07 1487                       /dev/nvidiactl
7f59f4fd0000-7f59f4fd1000 r--p 00000000 103:02 945151                    /usr/lib/libX11-xcb.so.1.0.0
7f59f4fd1000-7f59f4fd2000 r-xp 00001000 103:02 945151                    /usr/lib/libX11-xcb.so.1.0.0
7f59f4fd2000-7f59f4fd3000 r--p 00002000 103:02 945151                    /usr/lib/libX11-xcb.so.1.0.0
7f59f4fd3000-7f59f4fd4000 r--p 00002000 103:02 945151                    /usr/lib/libX11-xcb.so.1.0.0
7f59f4fd4000-7f59f4fd5000 rw-p 00003000 103:02 945151                    /usr/lib/libX11-xcb.so.1.0.0
7f59f4fd5000-7f59f4fe1000 r--p 00000000 103:02 952866                    /usr/lib/libxcb.so.1.1.0
7f59f4fe1000-7f59f4ff5000 r-xp 0000c000 103:02 952866                    /usr/lib/libxcb.so.1.1.0
7f59f4ff5000-7f59f4ffe000 r--p 00020000 103:02 952866                    /usr/lib/libxcb.so.1.1.0
7f59f4ffe000-7f59f4fff000 r--p 00028000 103:02 952866                    /usr/lib/libxcb.so.1.1.0
7f59f4fff000-7f59f5000000 rw-p 00029000 103:02 952866                    /usr/lib/libxcb.so.1.1.0
7f59f5000000-7f59f5024000 r--p 00000000 103:02 920573                    /usr/lib/libc.so.6
7f59f5024000-7f59f519f000 r-xp 00024000 103:02 920573                    /usr/lib/libc.so.6
7f59f519f000-7f59f5215000 r--p 0019f000 103:02 920573                    /usr/lib/libc.so.6
7f59f5215000-7f59f5219000 r--p 00214000 103:02 920573                    /usr/lib/libc.so.6
7f59f5219000-7f59f521b000 rw-p 00218000 103:02 920573                    /usr/lib/libc.so.6
7f59f521b000-7f59f5223000 rw-p 00000000 00:00 0 
7f59f5223000-7f59f5224000 r--p 00000000 103:02 958720                    /usr/lib/libXinerama.so.1.0.0
7f59f5224000-7f59f5225000 r-xp 00001000 103:02 958720                    /usr/lib/libXinerama.so.1.0.0
7f59f5225000-7f59f5226000 r--p 00002000 103:02 958720                    /usr/lib/libXinerama.so.1.0.0
7f59f5226000-7f59f5227000 r--p 00002000 103:02 958720                    /usr/lib/libXinerama.so.1.0.0
7f59f5227000-7f59f5228000 rw-p 00003000 103:02 958720                    /usr/lib/libXinerama.so.1.0.0
7f59f5228000-7f59f522c000 r--p 00000000 103:02 955953                    /usr/lib/libXext.so.6.4.0
7f59f522c000-7f59f5237000 r-xp 00004000 103:02 955953                    /usr/lib/libXext.so.6.4.0
7f59f5237000-7f59f523a000 r--p 0000f000 103:02 955953                    /usr/lib/libXext.so.6.4.0
7f59f523a000-7f59f523b000 r--p 00011000 103:02 955953                    /usr/lib/libXext.so.6.4.0
7f59f523b000-7f59f523c000 rw-p 00012000 103:02 955953                    /usr/lib/libXext.so.6.4.0
7f59f523c000-7f59f523d000 r--p 00000000 103:02 958373                    /usr/lib/libXxf86vm.so.1.0.0
7f59f523d000-7f59f5240000 r-xp 00001000 103:02 958373                    /usr/lib/libXxf86vm.so.1.0.0
7f59f5240000-7f59f5241000 r--p 00004000 103:02 958373                    /usr/lib/libXxf86vm.so.1.0.0
7f59f5241000-7f59f5242000 r--p 00004000 103:02 958373                    /usr/lib/libXxf86vm.so.1.0.0
7f59f5242000-7f59f5243000 rw-p 00005000 103:02 958373                    /usr/lib/libXxf86vm.so.1.0.0
7f59f5243000-7f59f5300000 rw-p 00000000 00:00 0 
7f59f5300000-7f59f5304000 ---p 00000000 00:00 0 
7f59f5304000-7f59f5400000 rw-p 00000000 00:00 0 
7f59f5400000-7f59f540f000 r-xp 00000000 103:03 25433955                  /home/ian/.jdks/corretto-21.0.9/lib/libjli.so
7f59f540f000-7f59f560f000 ---p 0000f000 103:03 25433955                  /home/ian/.jdks/corretto-21.0.9/lib/libjli.so
7f59f560f000-7f59f5610000 r--p 0000f000 103:03 25433955                  /home/ian/.jdks/corretto-21.0.9/lib/libjli.so
7f59f5610000-7f59f5611000 rw-p 00010000 103:03 25433955                  /home/ian/.jdks/corretto-21.0.9/lib/libjli.so
7f59f5611000-7f59f5612000 r--s 00000000 00:07 1487                       /dev/nvidiactl
7f59f5612000-7f59f5613000 rw-p 00000000 00:00 0 
7f59f5613000-7f59f5614000 r-xp 00033000 00:2e 1049                       /tmp/lwjgl_ian/3.4.0+20/x64/liblwjgl.so
7f59f5614000-7f59f5615000 rw-p 00000000 00:00 0 
7f59f5615000-7f59f5617000 r--p 00000000 103:02 952778                    /usr/lib/libXdmcp.so.6.0.0
7f59f5617000-7f59f5619000 r-xp 00002000 103:02 952778                    /usr/lib/libXdmcp.so.6.0.0
7f59f5619000-7f59f561b000 r--p 00004000 103:02 952778                    /usr/lib/libXdmcp.so.6.0.0
7f59f561b000-7f59f561c000 r--p 00005000 103:02 952778                    /usr/lib/libXdmcp.so.6.0.0
7f59f561c000-7f59f561d000 rw-p 00006000 103:02 952778                    /usr/lib/libXdmcp.so.6.0.0
7f59f561d000-7f59f561e000 r--p 00000000 103:02 952781                    /usr/lib/libXau.so.6.0.0
7f59f561e000-7f59f561f000 r-xp 00001000 103:02 952781                    /usr/lib/libXau.so.6.0.0
7f59f561f000-7f59f5620000 r--p 00002000 103:02 952781                    /usr/lib/libXau.so.6.0.0
7f59f5620000-7f59f5621000 r--p 00002000 103:02 952781                    /usr/lib/libXau.so.6.0.0
7f59f5621000-7f59f5622000 rw-p 00003000 103:02 952781                    /usr/lib/libXau.so.6.0.0
7f59f5622000-7f59f562b000 rw-p 00000000 00:00 0 
7f59f562b000-7f59f5631000 ---p 00000000 00:00 0 
7f59f5631000-7f59f5639000 rw-s 00000000 00:2e 1202                       /tmp/hsperfdata_ian/82156
7f59f5639000-7f59f563a000 ---p 00000000 00:00 0 
7f59f563a000-7f59f563b000 r--p 00000000 00:00 0 
7f59f563b000-7f59f563c000 ---p 00000000 00:00 0 
7f59f563c000-7f59f564c000 r--p 00000000 103:02 920590                    /usr/lib/libm.so.6
7f59f564c000-7f59f56e8000 r-xp 00010000 103:02 920590                    /usr/lib/libm.so.6
7f59f56e8000-7f59f5771000 r--p 000ac000 103:02 920590                    /usr/lib/libm.so.6
7f59f5771000-7f59f5772000 r--p 00134000 103:02 920590                    /usr/lib/libm.so.6
7f59f5772000-7f59f5773000 rw-p 00135000 103:02 920590                    /usr/lib/libm.so.6
7f59f5773000-7f59f5774000 r--p 00000000 103:02 920618                    /usr/lib/librt.so.1
7f59f5774000-7f59f5775000 r-xp 00001000 103:02 920618                    /usr/lib/librt.so.1
7f59f5775000-7f59f5776000 r--p 00002000 103:02 920618                    /usr/lib/librt.so.1
7f59f5776000-7f59f5777000 r--p 00002000 103:02 920618                    /usr/lib/librt.so.1
7f59f5777000-7f59f5778000 rw-p 00003000 103:02 920618                    /usr/lib/librt.so.1
7f59f5778000-7f59f577c000 rw-p 00000000 00:00 0 
7f59f577c000-7f59f577d000 r--p 00000000 103:02 920583                    /usr/lib/libdl.so.2
7f59f577d000-7f59f577e000 r-xp 00001000 103:02 920583                    /usr/lib/libdl.so.2
7f59f577e000-7f59f577f000 r--p 00002000 103:02 920583                    /usr/lib/libdl.so.2
7f59f577f000-7f59f5780000 r--p 00002000 103:02 920583                    /usr/lib/libdl.so.2
7f59f5780000-7f59f5781000 rw-p 00003000 103:02 920583                    /usr/lib/libdl.so.2
7f59f5781000-7f59f5782000 r--p 00000000 103:02 920613                    /usr/lib/libpthread.so.0
7f59f5782000-7f59f5783000 r-xp 00001000 103:02 920613                    /usr/lib/libpthread.so.0
7f59f5783000-7f59f5784000 r--p 00002000 103:02 920613                    /usr/lib/libpthread.so.0
7f59f5784000-7f59f5785000 r--p 00002000 103:02 920613                    /usr/lib/libpthread.so.0
7f59f5785000-7f59f5786000 rw-p 00003000 103:02 920613                    /usr/lib/libpthread.so.0
7f59f5786000-7f59f5789000 r--p 00000000 103:02 924378                    /usr/lib/libz.so.1.3.2
7f59f5789000-7f59f5799000 r-xp 00003000 103:02 924378                    /usr/lib/libz.so.1.3.2
7f59f5799000-7f59f579f000 r--p 00013000 103:02 924378                    /usr/lib/libz.so.1.3.2
7f59f579f000-7f59f57a0000 r--p 00018000 103:02 924378                    /usr/lib/libz.so.1.3.2
7f59f57a0000-7f59f57a1000 rw-p 00019000 103:02 924378                    /usr/lib/libz.so.1.3.2
7f59f57a1000-7f59f57a3000 rw-p 00000000 00:00 0 
7f59f57a3000-7f59f57dc000 r--p 00000000 103:02 2360067                   /etc/ld.so.cache
7f59f57dc000-7f59f57e0000 r--p 00000000 00:00 0                          [vvar]
7f59f57e0000-7f59f57e2000 r--p 00000000 00:00 0                          [vvar_vclock]
7f59f57e2000-7f59f57e4000 r-xp 00000000 00:00 0                          [vdso]
7f59f57e4000-7f59f57e5000 r--p 00000000 103:02 920562                    /usr/lib/ld-linux-x86-64.so.2
7f59f57e5000-7f59f5812000 r-xp 00001000 103:02 920562                    /usr/lib/ld-linux-x86-64.so.2
7f59f5812000-7f59f5821000 r--p 0002e000 103:02 920562                    /usr/lib/ld-linux-x86-64.so.2
7f59f5821000-7f59f5823000 r--p 0003d000 103:02 920562                    /usr/lib/ld-linux-x86-64.so.2
7f59f5823000-7f59f5824000 rw-p 0003f000 103:02 920562                    /usr/lib/ld-linux-x86-64.so.2
7f59f5824000-7f59f5825000 rw-p 00000000 00:00 0 
7ffe4e795000-7ffe4e7b8000 rw-p 00000000 00:00 0                          [stack]
ffffffffff600000-ffffffffff601000 --xp 00000000 00:00 0                  [vsyscall]
Total number of mappings: 567

JVMTI agents: none


VM Arguments:
jvm_args: -Dfile.encoding=UTF-8 -Duser.country=US -Duser.language=en -Duser.variant 
java_command: net.ice.relic.common.test.VulkanTest
java_class_path (initial): /mnt/Alpha/Users/Ian/Documents/Relic/build/classes/java/main:/mnt/Alpha/Users/Ian/Documents/Relic/build/resources/main:/home/ian/.gradle/caches/modules-2/files-2.1/io.github.spair/imgui-java-app/1.87.0/25624ee3da9585987e9af98d72306dfc6d9f2769/imgui-java-app-1.87.0.jar:/home/ian/.gradle/caches/modules-2/files-2.1/io.github.spair/imgui-java-lwjgl3/1.87.0/a012a5f097de8a0ef879a9fb58b0a8134f5842e1/imgui-java-lwjgl3-1.87.0.jar:/home/ian/.gradle/caches/modules-2/files-2.1/org.lwjgl/lwjgl-assimp/3.4.0/4c958db45767dafbd4ba2a2985cc8e68a6213852/lwjgl-assimp-3.4.0.jar:/home/ian/.gradle/caches/modules-2/files-2.1/org.lwjgl/lwjgl-assimp/3.4.0/c3928509ca1acac49a9a7df5e5692d3e06a96b13/lwjgl-assimp-3.4.0-natives-linux.jar:/home/ian/.gradle/caches/modules-2/files-2.1/org.lwjgl/lwjgl-glfw/3.4.0/bb282ac212eb91f6b2add25ac31dce896f9c5b64/lwjgl-glfw-3.4.0.jar:/home/ian/.gradle/caches/modules-2/files-2.1/org.lwjgl/lwjgl-glfw/3.4.0/268728a68d2dc9bf80d09711e727ac70923d2337/lwjgl-glfw-3.4.0-natives-linux.jar:/home/ian/.gradle/caches/modules-2/files-2.1/org.lwjgl/lwjgl-glfw/3.4.0/770e27000b7a1c945a357a532e2008e65cab3a88/lwjgl-glfw-3.4.0-natives-windows.jar:/home/ian/.gradle/caches/modules-2/files-2.1/org.lwjgl/lwjgl-glfw/3.4.0/5e922dccd48983cc5749e59f36a7ec6c0aa5358f/lwjgl-glfw-3.4.0-natives-macos.jar:/home/ian/.gradle/caches/modules-2/files-2.1/org.lwjgl/lwjgl-glfw/3.4.0/bd93201672fb486ca1db69ed2026470fce1dc802/lwjgl-glfw-3.4.0-natives-macos-arm64.jar:/home/ian/.gradle/caches/modules-2/files-2.1/org.lwjgl/lwjgl-openal/3.4.0/84d61bc4367e21a567fcc4ee9efefd1e11b3cd05/lwjgl-openal-3.4.0.jar:/home/ian/.gradle/caches/modules-2/files-2.1/org.lwjgl/lwjgl-openal/3.4.0/d3920fb7abdb4414ef2232652be0c266db0c1d56/lwjgl-openal-3.4.0-natives-linux.jar:/home/ian/.gradle/caches/modules-2/files-2.1/org.lwjgl/lwjgl-opengl/3.4.0/5947ab24b5dbe93a9e011ac4fd5f8f14dfb138c2/lwjgl-opengl-3.4.0.jar:/home/ian/.gradle/caches/modules-2/files-2.1/org.lwjgl/lwjgl-opengl/3.4.0/b812e19721d2f0656cc4cb665d22d7a001acfd11/lwjgl-opengl-3.4.0-natives-linux.jar:/home/ian/.gradle/caches/modules-2/files-2.1/org.lwjgl/lwjgl-opengl/3.4.0/e8443b8558d12ccffb16248ebfe0d670d3bfdb29/lwjgl-opengl-3.4.0-natives-windows.jar:/home/ian/.gradle/caches/modules-2/files-2.1/org.lwjgl/lwjgl-opengl/3.4.0/4ca0f553caf201a22e16c95a2049a6759bde01f2/lwjgl-opengl-3.4.0-natives-macos.jar:/home/ian/.gradle/caches/modules-2/files-2.1/org.lwjgl/lwjgl-opengl/3.4.0/fb1636c9c8824b639ff51757136c73fbc1efe741/lwjgl-opengl-3.4.0-natives-macos-arm64.jar:/home/ian/.gradle/caches/modules-2/files-2.1/org.lwjgl/lwjgl-openxr/3.4.0/a3fad711516e644cf520951d3a91445546f9983c/lwjgl-openxr-3.4.0.jar:/home/ian/.gradle/caches/modules-2/files-2.1/org.lwjgl/lwjgl-openxr/3.4.0/2c72f1c97c056ded036dfd45a6154375c71fbf88/lwjgl-openxr-3.4.0-natives-linux.jar:/home/ian/.gradle/caches/modules-2/files-2.1/org.lwjgl/lwjgl-shaderc/3.4.0/56f7e5697a40099641de0ecbfc31c6fd958652c7/lwjgl-shaderc-3.4.0.jar:/home/ian/.gradle/caches/modules-2/files-2.1/org.lwjgl/lwjgl-shaderc/3.4.0/fe27fa43588442ca59bd5332d47677c62fba511/lwjgl-shaderc-3.4.0-natives-linux.jar:/home/ian/.gradle/caches/modules-2/files-2.1/org.lwjgl/lwjgl-spvc/3.4.0/126bf8255ac528b00e52cb30e69024872bfaf544/lwjgl-spvc-3.4.0.jar:/home/ian/.gradle/caches/modules-2/files-2.1/org.lwjgl/lwjgl-spvc/3.4.0/4a2864d122b6ede1afb401f51746d08419c958bf/lwjgl-spvc-3.4.0-natives-linux.jar:/home/ian/.gradle/caches/modules-2/files-2.1/org.lwjgl/lwjgl-stb/3.4.0/8bd174a85c684943b6a90281c30cd1037d1faee0/lwjgl-stb-3.4.0.jar:/home/ian/.gradle/caches/modules-2/files-2.1/org.lwjgl/lwjgl-stb/3.4.0/fbd8b32630bc6ea496c6b4f6990587b42dd4e0e5/lwjgl-stb-3.4.0-natives-linux.jar:/home/ian/.gradle/caches/modules-2/files-2.1/org.lwjgl/lwjgl-vulkan/3.4.0/ee2126cfa8fafe86163fc0359c99403099e50e17/lwjgl-vulkan-3.4.0.jar:/home/ian/.gradle/caches/modules-2/files-2.1/org.lwjgl/lwjgl/3.4.0/201de49386cbba233b36eca434ce9e56345a5f8a/lwjgl-3.4.0.jar:/home/ian/.gradle/caches/modules-2/files-2.1/org.lwjgl/lwjgl/3.4.0/dd278b9fb054ec4fca53b3e49c67f4ff26b82c4/lwjgl-3.4.0-natives-linux.jar:/home/ian/.gradle/caches/modules-2/files-2.1/org.lwjgl/lwjgl/3.4.0/93e881238b992ab309c3d58d60976586b3dfe810/lwjgl-3.4.0-natives-windows.jar:/home/ian/.gradle/caches/modules-2/files-2.1/org.lwjgl/lwjgl/3.4.0/de0814d1d5b233eb9a25d07424e7880817094451/lwjgl-3.4.0-natives-macos.jar:/home/ian/.gradle/caches/modules-2/files-2.1/org.lwjgl/lwjgl/3.4.0/416aa822485e7e877ac542e315a820d28f50b32a/lwjgl-3.4.0-natives-macos-arm64.jar:/home/ian/.gradle/caches/modules-2/files-2.1/org.reflections/reflections/0.10.2/b638d7ca0e0fe0146b60a0e7ba232ad852a73b31/reflections-0.10.2.jar:/home/ian/.gradle/caches/modules-2/files-2.1/io.github.classgraph/classgraph/4.8.189/41ccda0596fd4431ce9feac34458143294448139/classgraph-4.8.189.jar:/home/ian/.gradle/caches/modules-2/files-2.1/org.joml/joml/1.10.7/f8c3f2e7db281bde099342dd36133de4bbba390c/joml-1.10.7.jar:/home/ian/.gradle/caches/modules-2/files-2.1/org.tinylog/tinylog-impl/2.7.0/46a5d4d50d3302460a5143e51befdb7245ccba5d/tinylog-impl-2.7.0.jar:/home/ian/.gradle/caches/modules-2/files-2.1/org.tinylog/tinylog-api/2.7.0/17875aa7c4acfee6a9e9a83a5d1469cc0411be40/tinylog-api-2.7.0.jar:/home/ian/.gradle/caches/modules-2/files-2.1/org.javassist/javassist/3.28.0-GA/9a958811a88381bb159cc2f5ed79c34a45c4af7a/javassist-3.28.0-GA.jar:/home/ian/.gradle/caches/modules-2/files-2.1/com.google.code.findbugs/jsr305/3.0.2/25ea2e8b0c338a877313bd4672d3fe056ea78f0d/jsr305-3.0.2.jar:/home/ian/.gradle/caches/modules-2/files-2.1/org.slf4j/slf4j-api/1.7.32/cdcff33940d9f2de763bc41ea05a0be5941176c3/slf4j-api-1.7.32.jar:/home/ian/.gradle/caches/modules-2/files-2.1/org.jetbrains.kotlin/kotlin-stdlib-jdk8/1.8.20/73576ddf378c5b4f1f6b449fe6b119b8183fc078/kotlin-stdlib-jdk8-1.8.20.jar:/home/ian/.gradle/caches/modules-2/files-2.1/io.github.spair/imgui-java-binding/1.87.0/d4aaefccf68831f6ba75823b945ba1400278e3e7/imgui-java-binding-1.87.0.jar:/home/ian/.gradle/caches/modules-2/files-2.1/org.jetbrains.kotlin/kotlin-stdlib-jdk7/1.8.20/3aa51faf20aae8b31e1a4bc54f8370673d7b7df4/kotlin-stdlib-jdk7-1.8.20.jar:/home/ian/.gradle/caches/modules-2/files-2.1/org.jetbrains.kotlin/kotlin-stdlib/1.8.20/e72fc5e03ec6c064c678a6bd0d955c88d55b0c4a/kotlin-stdlib-1.8.20.jar:/home/ian/.gradle/caches/modules-2/files-2.1/org.jetbrains.kotlin/kotlin-stdlib-common/1.8.20/5eddaaf234c8c49d03eebeb6a14feb7f90faca71/kotlin-stdlib-common-1.8.20.jar:/home/ian/.gradle/caches/modules-2/files-2.1/org.jetbrains/annotations/13.0/919f0dfe192fb4e063e7dacadee7f8bb9a2672a9/annotations-13.0.jar
Launcher Type: SUN_STANDARD

[Global flags]
     intx CICompilerCount                          = 12                                        {product} {ergonomic}
     uint ConcGCThreads                            = 5                                         {product} {ergonomic}
     uint G1ConcRefinementThreads                  = 18                                        {product} {ergonomic}
   size_t G1HeapRegionSize                         = 8388608                                   {product} {ergonomic}
    uintx GCDrainStackTargetSize                   = 64                                        {product} {ergonomic}
   size_t InitialHeapSize                          = 1056964608                                {product} {ergonomic}
   size_t MarkStackSize                            = 4194304                                   {product} {ergonomic}
   size_t MaxHeapSize                              = 16793993216                               {product} {ergonomic}
   size_t MaxNewSize                               = 10074718208                               {product} {ergonomic}
   size_t MinHeapDeltaBytes                        = 8388608                                   {product} {ergonomic}
   size_t MinHeapSize                              = 8388608                                   {product} {ergonomic}
    uintx NonNMethodCodeHeapSize                   = 7602480                                {pd product} {ergonomic}
    uintx NonProfiledCodeHeapSize                  = 122027880                              {pd product} {ergonomic}
    uintx ProfiledCodeHeapSize                     = 122027880                              {pd product} {ergonomic}
    uintx ReservedCodeCacheSize                    = 251658240                              {pd product} {ergonomic}
     bool SegmentedCodeCache                       = true                                      {product} {ergonomic}
   size_t SoftMaxHeapSize                          = 16793993216                            {manageable} {ergonomic}
     bool UseCompressedOops                        = true                           {product lp64_product} {ergonomic}
     bool UseG1GC                                  = true                                      {product} {ergonomic}

Logging:
Log output configuration:
 #0: stdout all=warning uptime,level,tags foldmultilines=false
 #1: stderr all=off uptime,level,tags foldmultilines=false

Release file:
IMPLEMENTOR="Amazon.com Inc."
IMPLEMENTOR_VERSION="Corretto-21.0.9.11.1"
JAVA_RUNTIME_VERSION="21.0.9+11-LTS"
JAVA_VERSION="21.0.9"
JAVA_VERSION_DATE="2025-10-21"
LIBC="gnu"
MODULES="java.base java.compiler java.datatransfer java.xml java.prefs java.desktop java.instrument java.logging java.management java.security.sasl java.naming java.rmi java.management.rmi java.net.http java.scripting java.security.jgss java.transaction.xa java.sql java.sql.rowset java.xml.crypto java.se java.smartcardio jdk.accessibility jdk.internal.jvmstat jdk.attach jdk.charsets jdk.internal.opt jdk.zipfs jdk.compiler jdk.crypto.ec jdk.crypto.cryptoki jdk.dynalink jdk.internal.ed jdk.editpad jdk.hotspot.agent jdk.httpserver jdk.incubator.vector jdk.internal.le jdk.internal.vm.ci jdk.internal.vm.compiler jdk.internal.vm.compiler.management jdk.jartool jdk.javadoc jdk.jcmd jdk.management jdk.management.agent jdk.jconsole jdk.jdeps jdk.jdwp.agent jdk.jdi jdk.jfr jdk.jlink jdk.jpackage jdk.jshell jdk.jsobject jdk.jstatd jdk.localedata jdk.management.jfr jdk.naming.dns jdk.naming.rmi jdk.net jdk.nio.mapmode jdk.random jdk.sctp jdk.security.auth jdk.security.jgss jdk.unsupported jdk.unsupported.desktop jdk.xml.dom"
OS_ARCH="x86_64"
OS_NAME="Linux"
SOURCE=".:git:b9ba2fcc52e6+"

Environment Variables:
PATH=/usr/local/sbin:/usr/local/bin:/usr/bin:/var/lib/flatpak/exports/bin:/usr/lib/jvm/default/bin:/usr/bin/site_perl:/usr/bin/vendor_perl:/usr/bin/core_perl
SHELL=/usr/bin/bash
DISPLAY=:1
LANG=en_US.UTF-8

Active Locale:
LC_ALL=en_US.UTF-8
LC_COLLATE=en_US.UTF-8
LC_CTYPE=en_US.UTF-8
LC_MESSAGES=en_US.UTF-8
LC_MONETARY=en_US.UTF-8
LC_NUMERIC=en_US.UTF-8
LC_TIME=en_US.UTF-8

Signal Handlers:
   SIGSEGV: crash_handler in libjvm.so, mask=11100100010111111101111111111110, flags=SA_RESTART|SA_SIGINFO, unblocked
    SIGBUS: crash_handler in libjvm.so, mask=11100100010111111101111111111110, flags=SA_RESTART|SA_SIGINFO, unblocked
    SIGFPE: crash_handler in libjvm.so, mask=11100100010111111101111111111110, flags=SA_RESTART|SA_SIGINFO, unblocked
   SIGPIPE: javaSignalHandler in libjvm.so, mask=11100100010111111101111111111110, flags=SA_RESTART|SA_SIGINFO, blocked
   SIGXFSZ: javaSignalHandler in libjvm.so, mask=11100100010111111101111111111110, flags=SA_RESTART|SA_SIGINFO, blocked
    SIGILL: crash_handler in libjvm.so, mask=11100100010111111101111111111110, flags=SA_RESTART|SA_SIGINFO, unblocked
   SIGUSR2: SR_handler in libjvm.so, mask=00000000000000000000000000000000, flags=SA_RESTART|SA_SIGINFO, blocked
    SIGHUP: UserHandler in libjvm.so, mask=11100100010111111101111111111110, flags=SA_RESTART|SA_SIGINFO, blocked
    SIGINT: UserHandler in libjvm.so, mask=11100100010111111101111111111110, flags=SA_RESTART|SA_SIGINFO, blocked
   SIGTERM: UserHandler in libjvm.so, mask=11100100010111111101111111111110, flags=SA_RESTART|SA_SIGINFO, blocked
   SIGQUIT: UserHandler in libjvm.so, mask=11100100010111111101111111111110, flags=SA_RESTART|SA_SIGINFO, blocked
   SIGTRAP: crash_handler in libjvm.so, mask=11100100010111111101111111111110, flags=SA_RESTART|SA_SIGINFO, unblocked


Periodic native trim disabled

---------------  S Y S T E M  ---------------

OS:
DISTRIB_ID="Arch"
DISTRIB_RELEASE="rolling"
DISTRIB_DESCRIPTION="Arch Linux"
uname: Linux 7.1.8-arch1-3 #1 SMP PREEMPT_DYNAMIC Tue, 11 Aug 2026 09:16:08 +0000 x86_64
OS uptime: 0 days 10:30 hours
libc: glibc 2.44 NPTL 2.44 
rlimit (soft/hard): STACK 8192k/infinity , CORE infinity/infinity , NPROC 255612/255612 , NOFILE 524288/524288 , AS infinity/infinity , CPU infinity/infinity , DATA infinity/infinity , FSIZE infinity/infinity , MEMLOCK 8192k/8192k
load average: 3.34 3.56 3.51

/proc/meminfo:
MemTotal:       65592528 kB
MemFree:        33180548 kB
MemAvailable:   47190492 kB
Buffers:         2208252 kB
Cached:         10995420 kB
SwapCached:            0 kB
Active:         18313836 kB
Inactive:       10764176 kB
Active(anon):   14855340 kB
Inactive(anon):        0 kB
Active(file):    3458496 kB
Inactive(file): 10764176 kB
Unevictable:       24252 kB
Mlocked:            2156 kB
SwapTotal:      32797692 kB
SwapFree:       32797692 kB
Zswap:                 0 kB
Zswapped:              0 kB
Dirty:             10560 kB
Writeback:             0 kB
AnonPages:      15504284 kB
Mapped:          4416120 kB
Shmem:            766840 kB
KReclaimable:     520608 kB
Slab:             981212 kB
SReclaimable:     520608 kB
SUnreclaim:       460604 kB
KernelStack:       49520 kB
PageTables:       130400 kB
SecPageTables:         0 kB
NFS_Unstable:          0 kB
Bounce:                0 kB
WritebackTmp:          0 kB
CommitLimit:    65593956 kB
Committed_AS:   39416276 kB
VmallocTotal:   34359738367 kB
VmallocUsed:      336320 kB
VmallocChunk:          0 kB
Percpu:            19584 kB
HardwareCorrupted:     0 kB
AnonHugePages:   6277120 kB
ShmemHugePages:    18432 kB
ShmemPmdMapped:        0 kB
FileHugePages:   1884160 kB
FilePmdMapped:   1228800 kB
CmaTotal:              0 kB
CmaFree:               0 kB
Unaccepted:            0 kB
Balloon:               0 kB
GPUActive:             0 kB
GPUReclaim:            0 kB
HugePages_Total:       0
HugePages_Free:        0
HugePages_Rsvd:        0
HugePages_Surp:        0
Hugepagesize:       2048 kB
Hugetlb:               0 kB
DirectMap4k:     4482828 kB
DirectMap2M:    31975424 kB
DirectMap1G:    30408704 kB

/sys/kernel/mm/transparent_hugepage/enabled: [always] madvise never
/sys/kernel/mm/transparent_hugepage/hpage_pmd_size: 2097152
/sys/kernel/mm/transparent_hugepage/defrag (defrag/compaction efforts parameter): always defer defer+madvise [madvise] never

Process Memory:
Virtual Size: 21137708K (peak: 21154092K)
Resident Set Size: 879136K (peak: 879136K) (anon: 257224K, file: 611424K, shmem: 10488K)
Swapped out: 0K
C-Heap outstanding allocations: 544661K, retained: 64241K
glibc malloc tunables: (default)

/proc/sys/kernel/threads-max (system-wide limit on the number of threads): 511224
/proc/sys/vm/max_map_count (maximum number of memory map areas a process may have): 1048576
/proc/sys/vm/swappiness (control to define how aggressively the kernel swaps out anonymous memory): 60
/proc/sys/kernel/pid_max (system-wide limit on number of process identifiers): 4194304

container information not found.
Steal ticks since vm start: 0
Steal ticks percentage since vm start:  0.000

CPU: total 24 (initial active 24) (12 cores per cpu, 2 threads per core) family 6 model 151 stepping 2 microcode 0x3e, cx8, cmov, fxsr, ht, mmx, 3dnowpref, sse, sse2, sse3, ssse3, sse4.1, sse4.2, popcnt, lzcnt, tsc, tscinvbit, avx, avx2, aes, erms, clmul, bmi1, bmi2, adx, sha, fma, vzeroupper, clflush, clflushopt, clwb, serialize, rdtscp, rdpid, fsrm, f16c, pku, ospke, cet_ibt, cet_ss
CPU Model and flags from /proc/cpuinfo:
model name	: 12th Gen Intel(R) Core(TM) i9-12900K
flags		: fpu vme de pse tsc msr pae mce cx8 apic sep mtrr pge mca cmov pat pse36 clflush dts acpi mmx fxsr sse sse2 ss ht tm pbe syscall nx pdpe1gb rdtscp lm constant_tsc art arch_perfmon pebs bts rep_good nopl xtopology nonstop_tsc cpuid aperfmperf tsc_known_freq pni pclmulqdq dtes64 monitor ds_cpl vmx smx est tm2 ssse3 sdbg fma cx16 xtpr pdcm pcid sse4_1 sse4_2 x2apic movbe popcnt tsc_deadline_timer aes xsave avx f16c rdrand lahf_lm abm 3dnowprefetch cpuid_fault ssbd ibrs ibpb stibp ibrs_enhanced tpr_shadow flexpriority ept vpid ept_ad fsgsbase tsc_adjust bmi1 avx2 smep bmi2 erms invpcid rdseed adx smap clflushopt clwb intel_pt sha_ni xsaveopt xsavec xgetbv1 xsaves split_lock_detect user_shstk avx_vnni dtherm ida arat pln pts hwp hwp_notify hwp_act_window hwp_epp hwp_pkg_req hfi vnmi umip pku ospke waitpkg gfni vaes vpclmulqdq rdpid movdiri movdir64b fsrm md_clear serialize pconfig arch_lbr ibt flush_l1d arch_capabilities

Online cpus: 0-23
Offline cpus: 
BIOS frequency limitation: <Not Available>
Frequency switch latency (ns): 0
Available cpu frequencies: <Not Available>
Current governor: powersave
Core performance/turbo boost: <Not Available>

Memory: 4k page, physical 65592528k(47190532k free), swap 32797692k(32797692k free)
Page Sizes: 4k

vm_info: OpenJDK 64-Bit Server VM (21.0.9+11-LTS) for linux-amd64 JRE (21.0.9+11-LTS), built on 2025-10-31T19:29:38Z by "jenkins" with gcc 7.3.1 20180303 (Red Hat 7.3.1-5)

END.
