#
# A fatal error has been detected by the Java Runtime Environment:
#
#  SIGSEGV (0xb) at pc=0x00007fa02c07a6a2, pid=47351, tid=47355
#
# JRE version: OpenJDK Runtime Environment Corretto-21.0.9.11.1 (21.0.9+11) (build 21.0.9+11-LTS)
# Java VM: OpenJDK 64-Bit Server VM Corretto-21.0.9.11.1 (21.0.9+11-LTS, mixed mode, sharing, tiered, compressed oops, compressed class ptrs, g1 gc, linux-amd64)
# Problematic frame:
# C  [liblwjgl_stb.so+0x156a2]
#
# Core dump will be written. Default location: Core dumps may be processed with "/usr/lib/systemd/systemd-coredump %P %u %g %s %t %c %h %d %F" (or dumping to /mnt/Alpha/Users/Ian/Documents/Relic/core.47351)
#
# If you would like to submit a bug report, please visit:
#   https://github.com/corretto/corretto-21/issues/
# The crash happened outside the Java Virtual Machine in native code.
# See problematic frame for where to report the bug.
#

---------------  S U M M A R Y ------------

Command Line: -Dfile.encoding=UTF-8 -Duser.country=US -Duser.language=en -Duser.variant net.ice.relic.common.test.VulkanTest

Host: 12th Gen Intel(R) Core(TM) i9-12900K, 24 cores, 62G, Arch Linux
Time: Sat Aug  1 17:24:27 2026 EDT elapsed time: 0.944076 seconds (0d 0h 0m 0s)

---------------  T H R E A D  ---------------

Current thread (0x00007fa0f802d510):  JavaThread "main"             [_thread_in_native, id=47355, stack(0x00007fa0fc700000,0x00007fa0fc800000) (1024K)]

Stack: [0x00007fa0fc700000,0x00007fa0fc800000],  sp=0x00007fa0fc7fd960,  free space=1014k
Native frames: (J=compiled Java code, j=interpreted, Vv=VM code, C=native code)
C  [liblwjgl_stb.so+0x156a2]
Java frames: (J=compiled Java code, j=interpreted, Vv=VM code)
j  org.lwjgl.stb.STBImage.nstbi_load_from_memory(JIJJJI)J+0
j  org.lwjgl.stb.STBImage.stbi_load_from_memory(Ljava/nio/ByteBuffer;Ljava/nio/IntBuffer;Ljava/nio/IntBuffer;Ljava/nio/IntBuffer;I)Ljava/nio/ByteBuffer;+43
j  net.ice.curio.library.stb.Bitmap.<init>(Lnet/ice/heirloom/io/resource/Resource;)V+77
j  net.ice.relic.core.cache.TextureCache.lambda$createTexture$0(Lnet/ice/heirloom/io/resource/Resource;)Lnet/ice/curio/graphics/object/resource/Texture;+9
j  net.ice.relic.core.cache.TextureCache$$Lambda+0x00007fa0741233b8.apply(Ljava/lang/Object;)Ljava/lang/Object;+8
j  java.util.HashMap.computeIfAbsent(Ljava/lang/Object;Ljava/util/function/Function;)Ljava/lang/Object;+202 java.base@21.0.9
j  net.ice.relic.core.cache.TextureCache.createTexture(Lnet/ice/heirloom/io/resource/Resource;)Lnet/ice/curio/graphics/object/resource/Texture;+11
j  net.ice.relic.core.cache.TextureCache.init()V+4
j  net.ice.relic.application.RelicApplication.init()V+91
j  net.ice.relic.application.RelicApplication.run()V+1
j  net.ice.relic.common.test.VulkanTest.main([Ljava/lang/String;)V+7
v  ~StubRoutines::call_stub 0x00007fa0e785fcc6

siginfo: si_signo: 11 (SIGSEGV), si_code: 1 (SEGV_MAPERR), si_addr: 0x0000000000000010

Registers:
RAX=0x0000000000000010, RBX=0x00007fa0fc7fdab0, RCX=0x00007fa02c0f08d0, RDX=0x000000000000030f
RSP=0x00007fa0fc7fd960, RBP=0x0000000000000004, RSI=0x0000000000000011, RDI=0x00007fa0fc7fdab0
R8 =0x0000000000000004, R9 =0x00007fa0fc7fdaa4, R10=0x00007fa0e786b991, R11=0x0000000455dbfd28
R12=0x00007fa0f84cc0d4, R13=0x0000000000000008, R14=0x00007fa0f84cc0d4, R15=0x00007fa02c0f08c8
RIP=0x00007fa02c07a6a2, EFLAGS=0x0000000000010293, CSGSFS=0x002b000000000033, ERR=0x0000000000000004
  TRAPNO=0x000000000000000e

XMM[0]=0x000000000000030f 0x0000000000000010
XMM[1]=0x244489b8468b4108 0x24448948c0468b49
XMM[2]=0xc300007fa0e7868f 0xd6b84810244489b8
XMM[3]=0x0000000000000000 0x000000000000030f
XMM[4]=0x0000000000001131 0x0000000000000000
XMM[5]=0xc0029e746a440026 0xfe53808b9daa2ccd
XMM[6]=0x001088c0e36a02ee 0x26464953f5488133
XMM[7]=0x0001020304050607 0x08090a0b0c0d0e0f
XMM[8]=0x0000000000000000 0x4ca1806734a5900c
XMM[9]=0x0000000000000000 0xb5616f5871248de1
XMM[10]=0x0000000000000000 0x00000000bbc31e89
XMM[11]=0x0000000000000000 0x338a8f31a4af1d12
XMM[12]=0x0000000000000000 0x0000000071248de1
XMM[13]=0x0000000000000000 0x0000000000fe00fa
XMM[14]=0x0000000000000000 0x0000000000000100
XMM[15]=0x0000000000000000 0x0000000000000000
  MXCSR=0x00001fa2


Register to memory mapping:

RAX=0x0000000000000010 is an unknown value
RBX=0x00007fa0fc7fdab0 is pointing into the stack for thread: 0x00007fa0f802d510
RCX=0x00007fa02c0f08d0: <offset 0x000000000008b8d0> in /tmp/lwjgl_ian/3.4.0+20/x64/liblwjgl_stb.so at 0x00007fa02c065000
RDX=0x000000000000030f is an unknown value
RSP=0x00007fa0fc7fd960 is pointing into the stack for thread: 0x00007fa0f802d510
RBP=0x0000000000000004 is an unknown value
RSI=0x0000000000000011 is an unknown value
RDI=0x00007fa0fc7fdab0 is pointing into the stack for thread: 0x00007fa0f802d510
R8 =0x0000000000000004 is an unknown value
R9 =0x00007fa0fc7fdaa4 is pointing into the stack for thread: 0x00007fa0f802d510
R10=0x00007fa0e786b991 is at code_begin+1009 in an Interpreter codelet
native method entry point (kind = native)  [0x00007fa0e786b5a0, 0x00007fa0e786c010]  2672 bytes
R11=0x0000000455dbfd28 is an oop: java.lang.Class 
{0x0000000455dbfd28} - klass: 'java/lang/Class'
 - ---- fields (total size 17 words):
 - private volatile transient 'classRedefinedCount' 'I' @12  0 (0x00000000)
 - injected 'klass' 'J' @16  140327118845440 (0x00007fa074123600)
 - injected 'array_klass' 'J' @24  0 (0x0000000000000000)
 - injected 'oop_size' 'I' @32  17 (0x00000011)
 - injected 'static_oop_field_count' 'I' @36  0 (0x00000000)
 - private volatile transient 'cachedConstructor' 'Ljava/lang/reflect/Constructor;' @40  null (0x00000000)
 - private transient 'name' 'Ljava/lang/String;' @44  "org.lwjgl.stb.STBImage"{0x0000000455dbfdc0} (0x8abb7fb8)
 - private transient 'module' 'Ljava/lang/Module;' @48  a 'java/lang/Module'{0x00000007ff8ed138} (0xfff1da27)
 - private final 'classLoader' 'Ljava/lang/ClassLoader;' @52  a 'jdk/internal/loader/ClassLoaders$AppClassLoader'{0x00000007ff8ed0d0} (0xfff1da1a)
 - private transient 'classData' 'Ljava/lang/Object;' @56  null (0x00000000)
 - private transient 'packageName' 'Ljava/lang/String;' @60  "org.lwjgl.stb"{0x0000000455daa048} (0x8abb5409)
 - private final 'componentType' 'Ljava/lang/Class;' @64  null (0x00000000)
 - private volatile transient 'reflectionData' 'Ljava/lang/ref/SoftReference;' @68  null (0x00000000)
 - private volatile transient 'genericInfo' 'Lsun/reflect/generics/repository/ClassRepository;' @72  null (0x00000000)
 - private volatile transient 'enumConstants' '[Ljava/lang/Object;' @76  null (0x00000000)
 - private volatile transient 'enumConstantDirectory' 'Ljava/util/Map;' @80  null (0x00000000)
 - private volatile transient 'annotationData' 'Ljava/lang/Class$AnnotationData;' @84  null (0x00000000)
 - private volatile transient 'annotationType' 'Lsun/reflect/annotation/AnnotationType;' @88  null (0x00000000)
 - transient 'classValueMap' 'Ljava/lang/ClassValue$ClassValueMap;' @92  null (0x00000000)
 - injected 'protection_domain' 'Ljava/lang/Object;' @96  a 'java/security/ProtectionDomain'{0x0000000455dbfae8} (0x8abb7f5d)
 - injected 'signers_name' 'Ljava/lang/Object;' @100  null (0x00000000)
 - injected 'source_file' 'Ljava/lang/Object;' @104  null (0x00000000)
 - injected '<init_lock>' 'Ljava/lang/Object;' @108  null (0x00000000)
 - signature: Lorg/lwjgl/stb/STBImage;
 - ---- static fields (0):
 - public static final 'STBI_default' 'I' @112  0 (0x00000000)
 - public static final 'STBI_grey' 'I' @116  1 (0x00000001)
 - public static final 'STBI_grey_alpha' 'I' @120  2 (0x00000002)
 - public static final 'STBI_rgb' 'I' @124  3 (0x00000003)
 - public static final 'STBI_rgb_alpha' 'I' @128  4 (0x00000004)
R12=0x00007fa0f84cc0d4 points into unknown readable memory: 65 53 61 6d
R13=0x0000000000000008 is an unknown value
R14=0x00007fa0f84cc0d4 points into unknown readable memory: 65 53 61 6d
R15=0x00007fa02c0f08c8: <offset 0x000000000008b8c8> in /tmp/lwjgl_ian/3.4.0+20/x64/liblwjgl_stb.so at 0x00007fa02c065000

Top of Stack: (sp=0x00007fa0fc7fd960)
0x00007fa0fc7fd960:   00007fa0fc7fdaa4 00007fa0fe094730
0x00007fa0fc7fd970:   0000000000000001 00007fa000000008
0x00007fa0fc7fd980:   00007fa0f84cc0dc 00007fa0f84cc0d8
0x00007fa0fc7fd990:   00007fa0f8d4d598 00000000f802d510
0x00007fa0fc7fd9a0:   0000000000000000 00007fa0fc7fdb90
0x00007fa0fc7fd9b0:   00007fa0fe094710 00007fa0fc7fdad0
0x00007fa0fc7fd9c0:   00007fa068aaf430 00000000f802d510
0x00007fa0fc7fd9d0:   00007fa0fc7fdad0 00007fa0fc7fd9cc
0x00007fa0fc7fd9e0:   00007fa0fc7fdb37 12502277bc10f64e
0x00007fa0fc7fd9f0:   00007fa0fc7fdb40 00007fa0fc7fdb38
0x00007fa0fc7fda00:   00007fa0f8ef5260 00007fa0f802d510
0x00007fa0fc7fda10:   12502277bab0f64e 1250265d411ef64e
0x00007fa0fc7fda20:   00007fa0f802e168 00000000000000d8
0x00007fa0fc7fda30:   00007fa0fc7fde10 0000000000000000
0x00007fa0fc7fda40:   00007fa0fdfc63a0 0000000000000004
0x00007fa0fc7fda50:   00007fa0f84cc0d8 0000000000000000
0x00007fa0fc7fda60:   00007fa0f84cc0dc 00007fa0fc7fe4d0
0x00007fa0fc7fda70:   00007fa0f802d510 00007fa02c0847a6
0x00007fa0fc7fda80:   0000000000000008 000000000000003e
0x00007fa0fc7fda90:   00007fa0f8000030 0000000000000001
0x00007fa0fc7fdaa0:   0000000855dd95c8 0000000000000000
0x00007fa0fc7fdab0:   00007fa0fc7fdae0 00007fa0fc7fdb37
0x00007fa0fc7fdac0:   0000000000000000 00007fa0fe6aa5b9
0x00007fa0fc7fdad0:   0000000000000000 0000000000000000
0x00007fa0fc7fdae0:   0000000000000000 00007fa0fd4f0eee
0x00007fa0fc7fdaf0:   00007fa0f817a5a0 ffffffffffffffc8
0x00007fa0fc7fdb00:   00007fa0fe6e3ac0 00007fa0f8ef4ff0
0x00007fa0fc7fdb10:   00007fa0fc7fdb70 00007fa0fe094251
0x00007fa0fc7fdb20:   00007fa0fc7fdb90 00007fa0fe094710
0x00007fa0fc7fdb30:   01007fa0fc7fdb70 0000000000000000
0x00007fa0fc7fdb40:   0000000000000000 b49dbd7df12f1a00
0x00007fa0fc7fdb50:   00007fa0fc7fdd28 00007fa0f802d8c8 

Instructions: (pc=0x00007fa02c07a6a2)
0x00007fa02c07a5a2:   c1 e0 08 29 d0 01 f0 99 f7 f9 88 45 fd 44 89 c0
0x00007fa02c07a5b2:   c1 e0 08 44 29 c0 01 f0 99 f7 f9 88 45 fe 89 f8
0x00007fa02c07a5c2:   c1 e0 08 29 f8 01 f0 99 f7 f9 88 45 fc 4c 39 cd
0x00007fa02c07a5d2:   75 aa e9 a5 f3 ff ff 44 88 45 02 48 83 c5 04 40
0x00007fa02c07a5e2:   88 7d fc 4c 39 cd 75 94 e9 8f f3 ff ff 31 c9 e9
0x00007fa02c07a5f2:   32 fe ff ff 48 89 c1 31 f6 e9 ca f5 ff ff 31 d2
0x00007fa02c07a602:   e9 a0 fb ff ff 66 0f 1f 84 00 00 00 00 00 41 57
0x00007fa02c07a612:   4c 8d 3d af 62 07 00 41 56 41 55 41 54 49 89 cc
0x00007fa02c07a622:   49 8d 4f 08 55 4d 89 e6 44 89 c5 53 48 89 fb 48
0x00007fa02c07a632:   81 ec e8 00 00 00 49 83 61 04 00 48 8b 87 c0 00
0x00007fa02c07a642:   00 00 44 8b ac 24 20 01 00 00 48 89 54 24 28 48
0x00007fa02c07a652:   89 74 24 20 48 8b 97 c8 00 00 00 41 c7 01 08 00
0x00007fa02c07a662:   00 00 44 89 6c 24 18 4c 89 0c 24 eb 23 90 44 8b
0x00007fa02c07a672:   63 30 45 31 ed 45 85 e4 0f 85 98 02 00 00 45 38
0x00007fa02c07a682:   2f 75 29 49 83 c7 01 4c 39 f9 0f 84 de 02 00 00
0x00007fa02c07a692:   48 39 d0 73 d9 48 8d 70 01 48 89 b3 c0 00 00 00
0x00007fa02c07a6a2:   44 0f b6 28 48 89 f0 45 38 2f 74 d7 48 8d 3d d3
0x00007fa02c07a6b2:   38 08 00 e8 f6 ac fe ff f3 0f 6f 83 d0 00 00 00
0x00007fa02c07a6c2:   4d 89 f4 48 8d 0d fe 55 07 00 44 8b 6c 24 18 4c
0x00007fa02c07a6d2:   8b 34 24 0f 12 e8 0f 11 83 c0 00 00 00 66 48 0f
0x00007fa02c07a6e2:   7e ea 48 89 88 18 00 00 00 66 48 0f 7e c0 48 39
0x00007fa02c07a6f2:   d0 0f 82 5f 03 00 00 44 8b 5b 30 45 85 db 0f 85
0x00007fa02c07a702:   93 05 00 00 48 89 83 c0 00 00 00 48 89 93 c8 00
0x00007fa02c07a712:   00 00 48 89 df e8 94 75 00 00 f3 0f 6f 83 d0 00
0x00007fa02c07a722:   00 00 89 44 24 18 0f 11 83 c0 00 00 00 85 c0 0f
0x00007fa02c07a732:   85 39 05 00 00 48 89 df e8 f1 b3 ff ff f3 0f 6f
0x00007fa02c07a742:   83 d0 00 00 00 0f 11 83 c0 00 00 00 3d 53 50 42
0x00007fa02c07a752:   38 0f 84 64 07 00 00 0f 12 f8 66 48 0f 7e c2 66
0x00007fa02c07a762:   48 0f 7e f8 48 39 c2 0f 82 b0 03 00 00 44 8b 4b
0x00007fa02c07a772:   30 45 85 c9 0f 85 49 0f 00 00 48 8b 83 d0 00 00
0x00007fa02c07a782:   00 48 89 83 c0 00 00 00 48 8b 83 d8 00 00 00 48
0x00007fa02c07a792:   89 83 c8 00 00 00 48 8b 05 11 38 08 00 bf 88 48 


Stack slot to memory mapping:

stack at sp + 0 slots: 0x00007fa0fc7fdaa4 is pointing into the stack for thread: 0x00007fa0f802d510
stack at sp + 1 slots: 0x00007fa0fe094730: <offset 0x0000000000094730> in /usr/lib/libc.so.6 at 0x00007fa0fe000000
stack at sp + 2 slots: 0x0000000000000001 is an unknown value
stack at sp + 3 slots: 0x00007fa000000008 points into unknown readable memory: 0x0000000000000000 | 00 00 00 00 00 00 00 00
stack at sp + 4 slots: 0x00007fa0f84cc0dc points into unknown readable memory: 10 00 00 00
stack at sp + 5 slots: 0x00007fa0f84cc0d8 points into unknown readable memory: 0x0000001072656c70 | 70 6c 65 72 10 00 00 00
stack at sp + 6 slots: 0x00007fa0f8d4d598 points into unknown readable memory: 0x00007fa0f8ef47a0 | a0 47 ef f8 a0 7f 00 00
stack at sp + 7 slots: 0x00000000f802d510 is an unknown value


---------------  P R O C E S S  ---------------

Threads class SMR info:
_java_thread_list=0x00007f9fa800f040, length=16, elements={
0x00007fa0f802d510, 0x00007fa0f81632b0, 0x00007fa0f8164810, 0x00007fa0f8165f90,
0x00007fa0f81675c0, 0x00007fa0f8168b50, 0x00007fa0f816a700, 0x00007fa0f816bdb0,
0x00007fa0f8178420, 0x00007fa0f817b5a0, 0x00007fa04c0345a0, 0x00007fa04c035880,
0x00007fa04c098590, 0x00007fa03c072350, 0x00007fa03c073fd0, 0x00007fa03c158590
}

Java Threads: ( => current thread )
=>0x00007fa0f802d510 JavaThread "main"                              [_thread_in_native, id=47355, stack(0x00007fa0fc700000,0x00007fa0fc800000) (1024K)]
  0x00007fa0f81632b0 JavaThread "Reference Handler"          daemon [_thread_blocked, id=47363, stack(0x00007fa0c80ea000,0x00007fa0c81ea000) (1024K)]
  0x00007fa0f8164810 JavaThread "Finalizer"                  daemon [_thread_blocked, id=47364, stack(0x00007fa072f00000,0x00007fa073000000) (1024K)]
  0x00007fa0f8165f90 JavaThread "Signal Dispatcher"          daemon [_thread_blocked, id=47365, stack(0x00007fa072b00000,0x00007fa072c00000) (1024K)]
  0x00007fa0f81675c0 JavaThread "Service Thread"             daemon [_thread_blocked, id=47366, stack(0x00007fa0729ff000,0x00007fa072aff000) (1024K)]
  0x00007fa0f8168b50 JavaThread "Monitor Deflation Thread"   daemon [_thread_blocked, id=47367, stack(0x00007fa0728fe000,0x00007fa0729fe000) (1024K)]
  0x00007fa0f816a700 JavaThread "C2 CompilerThread0"         daemon [_thread_blocked, id=47368, stack(0x00007fa0727fd000,0x00007fa0728fd000) (1024K)]
  0x00007fa0f816bdb0 JavaThread "C1 CompilerThread0"         daemon [_thread_blocked, id=47369, stack(0x00007fa0726fc000,0x00007fa0727fc000) (1024K)]
  0x00007fa0f8178420 JavaThread "Notification Thread"        daemon [_thread_blocked, id=47370, stack(0x00007fa072300000,0x00007fa072400000) (1024K)]
  0x00007fa0f817b5a0 JavaThread "Common-Cleaner"             daemon [_thread_blocked, id=47371, stack(0x00007fa0721ff000,0x00007fa0722ff000) (1024K)]
  0x00007fa04c0345a0 JavaThread "C1 CompilerThread1"         daemon [_thread_blocked, id=47372, stack(0x00007fa0720fe000,0x00007fa0721fe000) (1024K)]
  0x00007fa04c035880 JavaThread "C1 CompilerThread2"         daemon [_thread_blocked, id=47373, stack(0x00007fa071d00000,0x00007fa071e00000) (1024K)]
  0x00007fa04c098590 JavaThread "C2 CompilerThread1"         daemon [_thread_blocked, id=47375, stack(0x00007fa071900000,0x00007fa071a00000) (1024K)]
  0x00007fa03c072350 JavaThread "C1 CompilerThread3"         daemon [_thread_blocked, id=47376, stack(0x00007fa071500000,0x00007fa071600000) (1024K)]
  0x00007fa03c073fd0 JavaThread "C2 CompilerThread2"         daemon [_thread_blocked, id=47377, stack(0x00007fa071100000,0x00007fa071200000) (1024K)]
  0x00007fa03c158590 JavaThread "C2 CompilerThread3"         daemon [_thread_blocked, id=47411, stack(0x00007f9fc3cfe000,0x00007f9fc3dfe000) (1024K)]
Total: 16

Other Threads:
  0x00007fa0f815a1b0 VMThread "VM Thread"                           [id=47362, stack(0x00007fa0c81eb000,0x00007fa0c82eb000) (1024K)]
  0x00007fa0f8147d50 WatcherThread "VM Periodic Task Thread"        [id=47361, stack(0x00007fa0c82ec000,0x00007fa0c83ec000) (1024K)]
  0x00007fa0f805b1c0 WorkerThread "GC Thread#0"                     [id=47356, stack(0x00007fa0cba22000,0x00007fa0cbb22000) (1024K)]
  0x00007fa06000a0b0 WorkerThread "GC Thread#1"                     [id=47413, stack(0x00007f9fc3afc000,0x00007f9fc3bfc000) (1024K)]
  0x00007fa06000abe0 WorkerThread "GC Thread#2"                     [id=47414, stack(0x00007f9fc39fb000,0x00007f9fc3afb000) (1024K)]
  0x00007fa06000bb00 WorkerThread "GC Thread#3"                     [id=47415, stack(0x00007f9fc38fa000,0x00007f9fc39fa000) (1024K)]
  0x00007fa06000ca20 WorkerThread "GC Thread#4"                     [id=47416, stack(0x00007f9fc37f9000,0x00007f9fc38f9000) (1024K)]
  0x00007fa06000d940 WorkerThread "GC Thread#5"                     [id=47417, stack(0x00007f9fc36f8000,0x00007f9fc37f8000) (1024K)]
  0x00007fa06000e860 WorkerThread "GC Thread#6"                     [id=47418, stack(0x00007f9fc35f7000,0x00007f9fc36f7000) (1024K)]
  0x00007fa06000f780 WorkerThread "GC Thread#7"                     [id=47419, stack(0x00007f9fc34f6000,0x00007f9fc35f6000) (1024K)]
  0x00007fa0600106c0 WorkerThread "GC Thread#8"                     [id=47420, stack(0x00007f9fc33f5000,0x00007f9fc34f5000) (1024K)]
  0x00007fa060011620 WorkerThread "GC Thread#9"                     [id=47421, stack(0x00007f9fc32f4000,0x00007f9fc33f4000) (1024K)]
  0x00007fa060012580 WorkerThread "GC Thread#10"                    [id=47422, stack(0x00007f9fc31f3000,0x00007f9fc32f3000) (1024K)]
  0x00007fa0600134e0 WorkerThread "GC Thread#11"                    [id=47423, stack(0x00007f9fc30f2000,0x00007f9fc31f2000) (1024K)]
  0x00007fa060014440 WorkerThread "GC Thread#12"                    [id=47424, stack(0x00007f9fc2ff1000,0x00007f9fc30f1000) (1024K)]
  0x00007fa0600153a0 WorkerThread "GC Thread#13"                    [id=47425, stack(0x00007f9fc2ef0000,0x00007f9fc2ff0000) (1024K)]
  0x00007fa060016300 WorkerThread "GC Thread#14"                    [id=47426, stack(0x00007f9fc2def000,0x00007f9fc2eef000) (1024K)]
  0x00007fa060017290 WorkerThread "GC Thread#15"                    [id=47427, stack(0x00007f9fc2cee000,0x00007f9fc2dee000) (1024K)]
  0x00007fa060018220 WorkerThread "GC Thread#16"                    [id=47428, stack(0x00007f9fc2bed000,0x00007f9fc2ced000) (1024K)]
  0x00007fa0600191b0 WorkerThread "GC Thread#17"                    [id=47429, stack(0x00007f9fc2aec000,0x00007f9fc2bec000) (1024K)]
  0x00007fa0f806c260 ConcurrentGCThread "G1 Main Marker"            [id=47357, stack(0x00007fa0cb921000,0x00007fa0cba21000) (1024K)]
  0x00007fa0f806d230 WorkerThread "G1 Conc#0"                       [id=47358, stack(0x00007fa0cb820000,0x00007fa0cb920000) (1024K)]
  0x00007fa0f812d0e0 ConcurrentGCThread "G1 Refine#0"               [id=47359, stack(0x00007fa0c84ee000,0x00007fa0c85ee000) (1024K)]
  0x00007fa0f812e090 ConcurrentGCThread "G1 Service"                [id=47360, stack(0x00007fa0c83ed000,0x00007fa0c84ed000) (1024K)]
Total: 24

Threads with active compile tasks:
Total: 0

VM state: not at safepoint (normal execution)

VM Mutex/Monitor currently owned by a thread: None

Heap address: 0x0000000417000000, size: 16016 MB, Compressed Oops mode: Zero based, Oop shift amount: 3

CDS archive(s) mapped at: [0x00007fa073000000-0x00007fa073ca0000-0x00007fa073ca0000), size 13238272, SharedBaseAddress: 0x00007fa073000000, ArchiveRelocationMode: 1.
Compressed class space mapped at: 0x00007fa074000000-0x00007fa0b4000000, reserved size: 1073741824
Narrow klass base: 0x00007fa073000000, Narrow klass shift: 0, Narrow klass range: 0x100000000

GC Precious Log:
 CardTable entry size: 512
 Card Set container configuration: InlinePtr #cards 4 size 8 Array Of Cards #cards 64 size 144 Howl #buckets 8 coarsen threshold 14745 Howl Bitmap #cards 2048 size 272 coarsen threshold 1843 Card regions per heap region 1 cards per card region 16384
 CPUs: 24 total, 24 available
 Memory: 64055M
 Large Page Support: Disabled
 NUMA Support: Disabled
 Compressed Oops: Enabled (Zero based)
 Heap Region Size: 8M
 Heap Min Capacity: 8M
 Heap Initial Capacity: 1008M
 Heap Max Capacity: 16016M
 Pre-touch: Disabled
 Parallel Workers: 18
 Concurrent Workers: 5
 Concurrent Refinement Workers: 18
 Periodic GC: Disabled

Heap:
 garbage-first heap   total 1040384K, used 6471K [0x0000000417000000, 0x0000000800000000)
  region size 8192K, 2 young (16384K), 1 survivors (8192K)
 Metaspace       used 11542K, committed 11904K, reserved 1114112K
  class space    used 862K, committed 1024K, reserved 1048576K

Heap Regions: E=young(eden), S=young(survivor), O=old, HS=humongous(starts), HC=humongous(continues), CS=collection set, F=free, TAMS=top-at-mark-start, PB=parsable bottom
|   0|0x0000000417000000, 0x00000004173b65f0, 0x0000000417800000| 46%| O|  |TAMS 0x0000000417000000| PB 0x0000000417000000| Untracked 
|   1|0x0000000417800000, 0x0000000417800000, 0x0000000418000000|  0%| F|  |TAMS 0x0000000417800000| PB 0x0000000417800000| Untracked 
|   2|0x0000000418000000, 0x0000000418000000, 0x0000000418800000|  0%| F|  |TAMS 0x0000000418000000| PB 0x0000000418000000| Untracked 
|   3|0x0000000418800000, 0x0000000418800000, 0x0000000419000000|  0%| F|  |TAMS 0x0000000418800000| PB 0x0000000418800000| Untracked 
|   4|0x0000000419000000, 0x0000000419000000, 0x0000000419800000|  0%| F|  |TAMS 0x0000000419000000| PB 0x0000000419000000| Untracked 
|   5|0x0000000419800000, 0x0000000419800000, 0x000000041a000000|  0%| F|  |TAMS 0x0000000419800000| PB 0x0000000419800000| Untracked 
|   6|0x000000041a000000, 0x000000041a000000, 0x000000041a800000|  0%| F|  |TAMS 0x000000041a000000| PB 0x000000041a000000| Untracked 
|   7|0x000000041a800000, 0x000000041a800000, 0x000000041b000000|  0%| F|  |TAMS 0x000000041a800000| PB 0x000000041a800000| Untracked 
|   8|0x000000041b000000, 0x000000041b000000, 0x000000041b800000|  0%| F|  |TAMS 0x000000041b000000| PB 0x000000041b000000| Untracked 
|   9|0x000000041b800000, 0x000000041b800000, 0x000000041c000000|  0%| F|  |TAMS 0x000000041b800000| PB 0x000000041b800000| Untracked 
|  10|0x000000041c000000, 0x000000041c000000, 0x000000041c800000|  0%| F|  |TAMS 0x000000041c000000| PB 0x000000041c000000| Untracked 
|  11|0x000000041c800000, 0x000000041c800000, 0x000000041d000000|  0%| F|  |TAMS 0x000000041c800000| PB 0x000000041c800000| Untracked 
|  12|0x000000041d000000, 0x000000041d000000, 0x000000041d800000|  0%| F|  |TAMS 0x000000041d000000| PB 0x000000041d000000| Untracked 
|  13|0x000000041d800000, 0x000000041d800000, 0x000000041e000000|  0%| F|  |TAMS 0x000000041d800000| PB 0x000000041d800000| Untracked 
|  14|0x000000041e000000, 0x000000041e000000, 0x000000041e800000|  0%| F|  |TAMS 0x000000041e000000| PB 0x000000041e000000| Untracked 
|  15|0x000000041e800000, 0x000000041e800000, 0x000000041f000000|  0%| F|  |TAMS 0x000000041e800000| PB 0x000000041e800000| Untracked 
|  16|0x000000041f000000, 0x000000041f000000, 0x000000041f800000|  0%| F|  |TAMS 0x000000041f000000| PB 0x000000041f000000| Untracked 
|  17|0x000000041f800000, 0x000000041f800000, 0x0000000420000000|  0%| F|  |TAMS 0x000000041f800000| PB 0x000000041f800000| Untracked 
|  18|0x0000000420000000, 0x0000000420000000, 0x0000000420800000|  0%| F|  |TAMS 0x0000000420000000| PB 0x0000000420000000| Untracked 
|  19|0x0000000420800000, 0x0000000420800000, 0x0000000421000000|  0%| F|  |TAMS 0x0000000420800000| PB 0x0000000420800000| Untracked 
|  20|0x0000000421000000, 0x0000000421000000, 0x0000000421800000|  0%| F|  |TAMS 0x0000000421000000| PB 0x0000000421000000| Untracked 
|  21|0x0000000421800000, 0x0000000421800000, 0x0000000422000000|  0%| F|  |TAMS 0x0000000421800000| PB 0x0000000421800000| Untracked 
|  22|0x0000000422000000, 0x0000000422000000, 0x0000000422800000|  0%| F|  |TAMS 0x0000000422000000| PB 0x0000000422000000| Untracked 
|  23|0x0000000422800000, 0x0000000422800000, 0x0000000423000000|  0%| F|  |TAMS 0x0000000422800000| PB 0x0000000422800000| Untracked 
|  24|0x0000000423000000, 0x0000000423000000, 0x0000000423800000|  0%| F|  |TAMS 0x0000000423000000| PB 0x0000000423000000| Untracked 
|  25|0x0000000423800000, 0x0000000423800000, 0x0000000424000000|  0%| F|  |TAMS 0x0000000423800000| PB 0x0000000423800000| Untracked 
|  26|0x0000000424000000, 0x0000000424000000, 0x0000000424800000|  0%| F|  |TAMS 0x0000000424000000| PB 0x0000000424000000| Untracked 
|  27|0x0000000424800000, 0x0000000424800000, 0x0000000425000000|  0%| F|  |TAMS 0x0000000424800000| PB 0x0000000424800000| Untracked 
|  28|0x0000000425000000, 0x0000000425000000, 0x0000000425800000|  0%| F|  |TAMS 0x0000000425000000| PB 0x0000000425000000| Untracked 
|  29|0x0000000425800000, 0x0000000425800000, 0x0000000426000000|  0%| F|  |TAMS 0x0000000425800000| PB 0x0000000425800000| Untracked 
|  30|0x0000000426000000, 0x0000000426000000, 0x0000000426800000|  0%| F|  |TAMS 0x0000000426000000| PB 0x0000000426000000| Untracked 
|  31|0x0000000426800000, 0x0000000426800000, 0x0000000427000000|  0%| F|  |TAMS 0x0000000426800000| PB 0x0000000426800000| Untracked 
|  32|0x0000000427000000, 0x0000000427000000, 0x0000000427800000|  0%| F|  |TAMS 0x0000000427000000| PB 0x0000000427000000| Untracked 
|  33|0x0000000427800000, 0x0000000427800000, 0x0000000428000000|  0%| F|  |TAMS 0x0000000427800000| PB 0x0000000427800000| Untracked 
|  34|0x0000000428000000, 0x0000000428000000, 0x0000000428800000|  0%| F|  |TAMS 0x0000000428000000| PB 0x0000000428000000| Untracked 
|  35|0x0000000428800000, 0x0000000428800000, 0x0000000429000000|  0%| F|  |TAMS 0x0000000428800000| PB 0x0000000428800000| Untracked 
|  36|0x0000000429000000, 0x0000000429000000, 0x0000000429800000|  0%| F|  |TAMS 0x0000000429000000| PB 0x0000000429000000| Untracked 
|  37|0x0000000429800000, 0x0000000429800000, 0x000000042a000000|  0%| F|  |TAMS 0x0000000429800000| PB 0x0000000429800000| Untracked 
|  38|0x000000042a000000, 0x000000042a000000, 0x000000042a800000|  0%| F|  |TAMS 0x000000042a000000| PB 0x000000042a000000| Untracked 
|  39|0x000000042a800000, 0x000000042a800000, 0x000000042b000000|  0%| F|  |TAMS 0x000000042a800000| PB 0x000000042a800000| Untracked 
|  40|0x000000042b000000, 0x000000042b000000, 0x000000042b800000|  0%| F|  |TAMS 0x000000042b000000| PB 0x000000042b000000| Untracked 
|  41|0x000000042b800000, 0x000000042b800000, 0x000000042c000000|  0%| F|  |TAMS 0x000000042b800000| PB 0x000000042b800000| Untracked 
|  42|0x000000042c000000, 0x000000042c000000, 0x000000042c800000|  0%| F|  |TAMS 0x000000042c000000| PB 0x000000042c000000| Untracked 
|  43|0x000000042c800000, 0x000000042c800000, 0x000000042d000000|  0%| F|  |TAMS 0x000000042c800000| PB 0x000000042c800000| Untracked 
|  44|0x000000042d000000, 0x000000042d000000, 0x000000042d800000|  0%| F|  |TAMS 0x000000042d000000| PB 0x000000042d000000| Untracked 
|  45|0x000000042d800000, 0x000000042d800000, 0x000000042e000000|  0%| F|  |TAMS 0x000000042d800000| PB 0x000000042d800000| Untracked 
|  46|0x000000042e000000, 0x000000042e000000, 0x000000042e800000|  0%| F|  |TAMS 0x000000042e000000| PB 0x000000042e000000| Untracked 
|  47|0x000000042e800000, 0x000000042e800000, 0x000000042f000000|  0%| F|  |TAMS 0x000000042e800000| PB 0x000000042e800000| Untracked 
|  48|0x000000042f000000, 0x000000042f000000, 0x000000042f800000|  0%| F|  |TAMS 0x000000042f000000| PB 0x000000042f000000| Untracked 
|  49|0x000000042f800000, 0x000000042f800000, 0x0000000430000000|  0%| F|  |TAMS 0x000000042f800000| PB 0x000000042f800000| Untracked 
|  50|0x0000000430000000, 0x0000000430000000, 0x0000000430800000|  0%| F|  |TAMS 0x0000000430000000| PB 0x0000000430000000| Untracked 
|  51|0x0000000430800000, 0x0000000430800000, 0x0000000431000000|  0%| F|  |TAMS 0x0000000430800000| PB 0x0000000430800000| Untracked 
|  52|0x0000000431000000, 0x0000000431000000, 0x0000000431800000|  0%| F|  |TAMS 0x0000000431000000| PB 0x0000000431000000| Untracked 
|  53|0x0000000431800000, 0x0000000431800000, 0x0000000432000000|  0%| F|  |TAMS 0x0000000431800000| PB 0x0000000431800000| Untracked 
|  54|0x0000000432000000, 0x0000000432000000, 0x0000000432800000|  0%| F|  |TAMS 0x0000000432000000| PB 0x0000000432000000| Untracked 
|  55|0x0000000432800000, 0x0000000432800000, 0x0000000433000000|  0%| F|  |TAMS 0x0000000432800000| PB 0x0000000432800000| Untracked 
|  56|0x0000000433000000, 0x0000000433000000, 0x0000000433800000|  0%| F|  |TAMS 0x0000000433000000| PB 0x0000000433000000| Untracked 
|  57|0x0000000433800000, 0x0000000433800000, 0x0000000434000000|  0%| F|  |TAMS 0x0000000433800000| PB 0x0000000433800000| Untracked 
|  58|0x0000000434000000, 0x0000000434000000, 0x0000000434800000|  0%| F|  |TAMS 0x0000000434000000| PB 0x0000000434000000| Untracked 
|  59|0x0000000434800000, 0x0000000434800000, 0x0000000435000000|  0%| F|  |TAMS 0x0000000434800000| PB 0x0000000434800000| Untracked 
|  60|0x0000000435000000, 0x0000000435000000, 0x0000000435800000|  0%| F|  |TAMS 0x0000000435000000| PB 0x0000000435000000| Untracked 
|  61|0x0000000435800000, 0x0000000435800000, 0x0000000436000000|  0%| F|  |TAMS 0x0000000435800000| PB 0x0000000435800000| Untracked 
|  62|0x0000000436000000, 0x0000000436000000, 0x0000000436800000|  0%| F|  |TAMS 0x0000000436000000| PB 0x0000000436000000| Untracked 
|  63|0x0000000436800000, 0x0000000436800000, 0x0000000437000000|  0%| F|  |TAMS 0x0000000436800000| PB 0x0000000436800000| Untracked 
|  64|0x0000000437000000, 0x0000000437000000, 0x0000000437800000|  0%| F|  |TAMS 0x0000000437000000| PB 0x0000000437000000| Untracked 
|  65|0x0000000437800000, 0x0000000437800000, 0x0000000438000000|  0%| F|  |TAMS 0x0000000437800000| PB 0x0000000437800000| Untracked 
|  66|0x0000000438000000, 0x0000000438000000, 0x0000000438800000|  0%| F|  |TAMS 0x0000000438000000| PB 0x0000000438000000| Untracked 
|  67|0x0000000438800000, 0x0000000438800000, 0x0000000439000000|  0%| F|  |TAMS 0x0000000438800000| PB 0x0000000438800000| Untracked 
|  68|0x0000000439000000, 0x0000000439000000, 0x0000000439800000|  0%| F|  |TAMS 0x0000000439000000| PB 0x0000000439000000| Untracked 
|  69|0x0000000439800000, 0x0000000439800000, 0x000000043a000000|  0%| F|  |TAMS 0x0000000439800000| PB 0x0000000439800000| Untracked 
|  70|0x000000043a000000, 0x000000043a000000, 0x000000043a800000|  0%| F|  |TAMS 0x000000043a000000| PB 0x000000043a000000| Untracked 
|  71|0x000000043a800000, 0x000000043a800000, 0x000000043b000000|  0%| F|  |TAMS 0x000000043a800000| PB 0x000000043a800000| Untracked 
|  72|0x000000043b000000, 0x000000043b000000, 0x000000043b800000|  0%| F|  |TAMS 0x000000043b000000| PB 0x000000043b000000| Untracked 
|  73|0x000000043b800000, 0x000000043b800000, 0x000000043c000000|  0%| F|  |TAMS 0x000000043b800000| PB 0x000000043b800000| Untracked 
|  74|0x000000043c000000, 0x000000043c000000, 0x000000043c800000|  0%| F|  |TAMS 0x000000043c000000| PB 0x000000043c000000| Untracked 
|  75|0x000000043c800000, 0x000000043c800000, 0x000000043d000000|  0%| F|  |TAMS 0x000000043c800000| PB 0x000000043c800000| Untracked 
|  76|0x000000043d000000, 0x000000043d000000, 0x000000043d800000|  0%| F|  |TAMS 0x000000043d000000| PB 0x000000043d000000| Untracked 
|  77|0x000000043d800000, 0x000000043d800000, 0x000000043e000000|  0%| F|  |TAMS 0x000000043d800000| PB 0x000000043d800000| Untracked 
|  78|0x000000043e000000, 0x000000043e000000, 0x000000043e800000|  0%| F|  |TAMS 0x000000043e000000| PB 0x000000043e000000| Untracked 
|  79|0x000000043e800000, 0x000000043e800000, 0x000000043f000000|  0%| F|  |TAMS 0x000000043e800000| PB 0x000000043e800000| Untracked 
|  80|0x000000043f000000, 0x000000043f000000, 0x000000043f800000|  0%| F|  |TAMS 0x000000043f000000| PB 0x000000043f000000| Untracked 
|  81|0x000000043f800000, 0x000000043f800000, 0x0000000440000000|  0%| F|  |TAMS 0x000000043f800000| PB 0x000000043f800000| Untracked 
|  82|0x0000000440000000, 0x0000000440000000, 0x0000000440800000|  0%| F|  |TAMS 0x0000000440000000| PB 0x0000000440000000| Untracked 
|  83|0x0000000440800000, 0x0000000440800000, 0x0000000441000000|  0%| F|  |TAMS 0x0000000440800000| PB 0x0000000440800000| Untracked 
|  84|0x0000000441000000, 0x0000000441000000, 0x0000000441800000|  0%| F|  |TAMS 0x0000000441000000| PB 0x0000000441000000| Untracked 
|  85|0x0000000441800000, 0x0000000441800000, 0x0000000442000000|  0%| F|  |TAMS 0x0000000441800000| PB 0x0000000441800000| Untracked 
|  86|0x0000000442000000, 0x0000000442000000, 0x0000000442800000|  0%| F|  |TAMS 0x0000000442000000| PB 0x0000000442000000| Untracked 
|  87|0x0000000442800000, 0x0000000442800000, 0x0000000443000000|  0%| F|  |TAMS 0x0000000442800000| PB 0x0000000442800000| Untracked 
|  88|0x0000000443000000, 0x0000000443000000, 0x0000000443800000|  0%| F|  |TAMS 0x0000000443000000| PB 0x0000000443000000| Untracked 
|  89|0x0000000443800000, 0x0000000443800000, 0x0000000444000000|  0%| F|  |TAMS 0x0000000443800000| PB 0x0000000443800000| Untracked 
|  90|0x0000000444000000, 0x0000000444000000, 0x0000000444800000|  0%| F|  |TAMS 0x0000000444000000| PB 0x0000000444000000| Untracked 
|  91|0x0000000444800000, 0x0000000444800000, 0x0000000445000000|  0%| F|  |TAMS 0x0000000444800000| PB 0x0000000444800000| Untracked 
|  92|0x0000000445000000, 0x0000000445000000, 0x0000000445800000|  0%| F|  |TAMS 0x0000000445000000| PB 0x0000000445000000| Untracked 
|  93|0x0000000445800000, 0x0000000445800000, 0x0000000446000000|  0%| F|  |TAMS 0x0000000445800000| PB 0x0000000445800000| Untracked 
|  94|0x0000000446000000, 0x0000000446000000, 0x0000000446800000|  0%| F|  |TAMS 0x0000000446000000| PB 0x0000000446000000| Untracked 
|  95|0x0000000446800000, 0x0000000446800000, 0x0000000447000000|  0%| F|  |TAMS 0x0000000446800000| PB 0x0000000446800000| Untracked 
|  96|0x0000000447000000, 0x0000000447000000, 0x0000000447800000|  0%| F|  |TAMS 0x0000000447000000| PB 0x0000000447000000| Untracked 
|  97|0x0000000447800000, 0x0000000447800000, 0x0000000448000000|  0%| F|  |TAMS 0x0000000447800000| PB 0x0000000447800000| Untracked 
|  98|0x0000000448000000, 0x0000000448000000, 0x0000000448800000|  0%| F|  |TAMS 0x0000000448000000| PB 0x0000000448000000| Untracked 
|  99|0x0000000448800000, 0x0000000448800000, 0x0000000449000000|  0%| F|  |TAMS 0x0000000448800000| PB 0x0000000448800000| Untracked 
| 100|0x0000000449000000, 0x0000000449000000, 0x0000000449800000|  0%| F|  |TAMS 0x0000000449000000| PB 0x0000000449000000| Untracked 
| 101|0x0000000449800000, 0x0000000449800000, 0x000000044a000000|  0%| F|  |TAMS 0x0000000449800000| PB 0x0000000449800000| Untracked 
| 102|0x000000044a000000, 0x000000044a000000, 0x000000044a800000|  0%| F|  |TAMS 0x000000044a000000| PB 0x000000044a000000| Untracked 
| 103|0x000000044a800000, 0x000000044a800000, 0x000000044b000000|  0%| F|  |TAMS 0x000000044a800000| PB 0x000000044a800000| Untracked 
| 104|0x000000044b000000, 0x000000044b000000, 0x000000044b800000|  0%| F|  |TAMS 0x000000044b000000| PB 0x000000044b000000| Untracked 
| 105|0x000000044b800000, 0x000000044b800000, 0x000000044c000000|  0%| F|  |TAMS 0x000000044b800000| PB 0x000000044b800000| Untracked 
| 106|0x000000044c000000, 0x000000044c000000, 0x000000044c800000|  0%| F|  |TAMS 0x000000044c000000| PB 0x000000044c000000| Untracked 
| 107|0x000000044c800000, 0x000000044c800000, 0x000000044d000000|  0%| F|  |TAMS 0x000000044c800000| PB 0x000000044c800000| Untracked 
| 108|0x000000044d000000, 0x000000044d000000, 0x000000044d800000|  0%| F|  |TAMS 0x000000044d000000| PB 0x000000044d000000| Untracked 
| 109|0x000000044d800000, 0x000000044d800000, 0x000000044e000000|  0%| F|  |TAMS 0x000000044d800000| PB 0x000000044d800000| Untracked 
| 110|0x000000044e000000, 0x000000044e000000, 0x000000044e800000|  0%| F|  |TAMS 0x000000044e000000| PB 0x000000044e000000| Untracked 
| 111|0x000000044e800000, 0x000000044e800000, 0x000000044f000000|  0%| F|  |TAMS 0x000000044e800000| PB 0x000000044e800000| Untracked 
| 112|0x000000044f000000, 0x000000044f000000, 0x000000044f800000|  0%| F|  |TAMS 0x000000044f000000| PB 0x000000044f000000| Untracked 
| 113|0x000000044f800000, 0x000000044f800000, 0x0000000450000000|  0%| F|  |TAMS 0x000000044f800000| PB 0x000000044f800000| Untracked 
| 114|0x0000000450000000, 0x0000000450000000, 0x0000000450800000|  0%| F|  |TAMS 0x0000000450000000| PB 0x0000000450000000| Untracked 
| 115|0x0000000450800000, 0x0000000450800000, 0x0000000451000000|  0%| F|  |TAMS 0x0000000450800000| PB 0x0000000450800000| Untracked 
| 116|0x0000000451000000, 0x0000000451000000, 0x0000000451800000|  0%| F|  |TAMS 0x0000000451000000| PB 0x0000000451000000| Untracked 
| 117|0x0000000451800000, 0x0000000451800000, 0x0000000452000000|  0%| F|  |TAMS 0x0000000451800000| PB 0x0000000451800000| Untracked 
| 118|0x0000000452000000, 0x0000000452000000, 0x0000000452800000|  0%| F|  |TAMS 0x0000000452000000| PB 0x0000000452000000| Untracked 
| 119|0x0000000452800000, 0x0000000452800000, 0x0000000453000000|  0%| F|  |TAMS 0x0000000452800000| PB 0x0000000452800000| Untracked 
| 120|0x0000000453000000, 0x000000045318f130, 0x0000000453800000| 19%| S|CS|TAMS 0x0000000453000000| PB 0x0000000453000000| Complete 
| 121|0x0000000453800000, 0x0000000453800000, 0x0000000454000000|  0%| F|  |TAMS 0x0000000453800000| PB 0x0000000453800000| Untracked 
| 122|0x0000000454000000, 0x0000000454000000, 0x0000000454800000|  0%| F|  |TAMS 0x0000000454000000| PB 0x0000000454000000| Untracked 
| 123|0x0000000454800000, 0x0000000454800000, 0x0000000455000000|  0%| F|  |TAMS 0x0000000454800000| PB 0x0000000454800000| Untracked 
| 124|0x0000000455000000, 0x0000000455000000, 0x0000000455800000|  0%| F|  |TAMS 0x0000000455000000| PB 0x0000000455000000| Untracked 
| 125|0x0000000455800000, 0x0000000455e06970, 0x0000000456000000| 75%| E|  |TAMS 0x0000000455800000| PB 0x0000000455800000| Complete 
|2001|0x00000007ff800000, 0x00000007ff90c7a0, 0x0000000800000000| 13%| O|  |TAMS 0x00000007ff800000| PB 0x00000007ff800000| Untracked 

Card table byte_map: [0x00007fa0db661000,0x00007fa0dd5a9000] _byte_map_base: 0x00007fa0d95a9000

Marking Bits: (CMBitMap*) 0x00007fa0f805bce0
 Bits: [0x00007fa0cbc21000, 0x00007fa0db661000)

Polling page: 0x00007fa0fe69b000

Metaspace:

Usage:
  Non-class:     10.43 MB used.
      Class:    862.27 KB used.
       Both:     11.27 MB used.

Virtual space:
  Non-class space:       64.00 MB reserved,      10.62 MB ( 17%) committed,  1 nodes.
      Class space:        1.00 GB reserved,       1.00 MB ( <1%) committed,  1 nodes.
             Both:        1.06 GB reserved,      11.62 MB (  1%) committed. 

Chunk freelists:
   Non-Class:  5.30 MB
       Class:  14.86 MB
        Both:  20.15 MB

MaxMetaspaceSize: unlimited
CompressedClassSpaceSize: 1.00 GB
Initial GC threshold: 21.00 MB
Current GC threshold: 21.00 MB
CDS: on
 - commit_granule_bytes: 65536.
 - commit_granule_words: 8192.
 - virtual_space_node_default_size: 8388608.
 - enlarge_chunks_in_place: 1.
 - use_allocation_guard: 0.


Internal statistics:

num_allocs_failed_limit: 0.
num_arena_births: 412.
num_arena_deaths: 0.
num_vsnodes_births: 2.
num_vsnodes_deaths: 0.
num_space_committed: 184.
num_space_uncommitted: 0.
num_chunks_returned_to_freelist: 0.
num_chunks_taken_from_freelist: 799.
num_chunk_merges: 0.
num_chunk_splits: 504.
num_chunks_enlarged: 279.
num_inconsistent_stats: 0.

CodeHeap 'non-profiled nmethods': size=119168Kb used=911Kb max_used=911Kb free=118256Kb
 bounds [0x00007fa0e7fa0000, 0x00007fa0e8210000, 0x00007fa0ef400000]
CodeHeap 'profiled nmethods': size=119164Kb used=4467Kb max_used=4467Kb free=114696Kb
 bounds [0x00007fa0e0400000, 0x00007fa0e0860000, 0x00007fa0e785f000]
CodeHeap 'non-nmethods': size=7428Kb used=4087Kb max_used=4101Kb free=3340Kb
 bounds [0x00007fa0e785f000, 0x00007fa0e7c6f000, 0x00007fa0e7fa0000]
CodeCache: size=245760Kb, used=9465Kb, max_used=9479Kb, free=236292Kb
 total_blobs=3617, nmethods=2253, adapters=1267, full_count=0
Compilation: enabled, stopped_count=0, restarted_count=0

Compilation events (20 events):
Event: 0.928 Thread 0x00007fa03c072350 2245       3       jdk.internal.loader.URLClassPath$JarLoader$2::getInputStream (15 bytes)
Event: 0.928 Thread 0x00007fa03c072350 nmethod 2245 0x00007fa0e0857010 code [0x00007fa0e08571c0, 0x00007fa0e08573a0]
Event: 0.928 Thread 0x00007fa03c072350 2246       3       jdk.internal.loader.URLClassPath$JarLoader$2::getBytes (48 bytes)
Event: 0.928 Thread 0x00007fa04c0345a0 nmethod 2244 0x00007fa0e0857490 code [0x00007fa0e0857640, 0x00007fa0e0857928]
Event: 0.928 Thread 0x00007fa04c035880 nmethod 2242 0x00007fa0e0857a10 code [0x00007fa0e0857c60, 0x00007fa0e08583d0]
Event: 0.928 Thread 0x00007fa04c035880 2247       3       jdk.internal.loader.URLClassPath$JarLoader$2::getContentLength (9 bytes)
Event: 0.928 Thread 0x00007fa04c0345a0 2248       3       jdk.internal.loader.URLClassPath$JarLoader$2::getCodeSigners (8 bytes)
Event: 0.928 Thread 0x00007fa0f816bdb0 nmethod 2240 0x00007fa0e0858690 code [0x00007fa0e08588e0, 0x00007fa0e0859058]
Event: 0.928 Thread 0x00007fa0f816bdb0 2249   !   3       java.util.jar.JarFile$JarFileEntry::getCodeSigners (77 bytes)
Event: 0.928 Thread 0x00007fa04c035880 nmethod 2247 0x00007fa0e0859490 code [0x00007fa0e0859620, 0x00007fa0e08597d0]
Event: 0.928 Thread 0x00007fa03c072350 nmethod 2246 0x00007fa0e0859890 code [0x00007fa0e0859a80, 0x00007fa0e085a198]
Event: 0.928 Thread 0x00007fa04c0345a0 nmethod 2248 0x00007fa0e085a410 code [0x00007fa0e085a5c0, 0x00007fa0e085a798]
Event: 0.928 Thread 0x00007fa0f816bdb0 nmethod 2249 0x00007fa0e085a890 code [0x00007fa0e085aaa0, 0x00007fa0e085b010]
Event: 0.936 Thread 0x00007fa04c035880 2250       3       java.nio.ByteBuffer::array (35 bytes)
Event: 0.936 Thread 0x00007fa04c035880 nmethod 2250 0x00007fa0e085b210 code [0x00007fa0e085b3e0, 0x00007fa0e085b708]
Event: 0.938 Thread 0x00007fa0f816bdb0 2251       3       java.lang.invoke.AbstractValidatingLambdaMetafactory::isAdaptableTo (126 bytes)
Event: 0.938 Thread 0x00007fa0f816bdb0 nmethod 2251 0x00007fa0e085b890 code [0x00007fa0e085bb20, 0x00007fa0e085c488]
Event: 0.943 Thread 0x00007fa0f816bdb0 2252       3       sun.net.www.ParseUtil::match (50 bytes)
Event: 0.943 Thread 0x00007fa0f816bdb0 nmethod 2252 0x00007fa0e085c810 code [0x00007fa0e085c9c0, 0x00007fa0e085cc30]
Event: 0.943 Thread 0x00007fa0f816a700 2253       4       java.util.regex.Pattern$BmpCharProperty::match (55 bytes)

GC Heap History (4 events):
Event: 0.579 GC heap before
{Heap before GC invocations=0 (full 0):
 garbage-first heap   total 1040384K, used 42033K [0x0000000417000000, 0x0000000800000000)
  region size 8192K, 6 young (49152K), 0 survivors (0K)
 Metaspace       used 7239K, committed 7552K, reserved 1114112K
  class space    used 691K, committed 832K, reserved 1048576K
}
Event: 0.583 GC heap after
{Heap after GC invocations=1 (full 0):
 garbage-first heap   total 1040384K, used 7941K [0x0000000417000000, 0x0000000800000000)
  region size 8192K, 1 young (8192K), 1 survivors (8192K)
 Metaspace       used 7239K, committed 7552K, reserved 1114112K
  class space    used 691K, committed 832K, reserved 1048576K
}
Event: 0.850 GC heap before
{Heap before GC invocations=1 (full 0):
 garbage-first heap   total 1040384K, used 48901K [0x0000000417000000, 0x0000000800000000)
  region size 8192K, 6 young (49152K), 1 survivors (8192K)
 Metaspace       used 8873K, committed 9216K, reserved 1114112K
  class space    used 761K, committed 896K, reserved 1048576K
}
Event: 0.852 GC heap after
{Heap after GC invocations=2 (full 0):
 garbage-first heap   total 1040384K, used 6471K [0x0000000417000000, 0x0000000800000000)
  region size 8192K, 1 young (8192K), 1 survivors (8192K)
 Metaspace       used 8873K, committed 9216K, reserved 1114112K
  class space    used 761K, committed 896K, reserved 1048576K
}

Dll operation events (13 events):
Event: 0.001 Loaded shared library /home/ian/.jdks/corretto-21.0.9/lib/libjava.so
Event: 0.017 Loaded shared library /home/ian/.jdks/corretto-21.0.9/lib/libjsvml.so
Event: 0.027 Loaded shared library /home/ian/.jdks/corretto-21.0.9/lib/libnio.so
Event: 0.028 Loaded shared library /home/ian/.jdks/corretto-21.0.9/lib/libzip.so
Event: 0.055 Loaded shared library /home/ian/.jdks/corretto-21.0.9/lib/libmanagement.so
Event: 0.056 Loaded shared library /home/ian/.jdks/corretto-21.0.9/lib/libmanagement_ext.so
Event: 0.064 Loaded shared library /home/ian/.jdks/corretto-21.0.9/lib/libjimage.so
Event: 0.133 Loaded shared library /home/ian/.jdks/corretto-21.0.9/lib/libnet.so
Event: 0.136 Loaded shared library /tmp/lwjgl_ian/3.4.0+20/x64/liblwjgl.so
Event: 0.309 Loaded shared library /home/ian/.jdks/corretto-21.0.9/lib/libverify.so
Event: 0.705 Loaded shared library /tmp/lwjgl_ian/3.4.0+20/x64/liblwjgl_opengl.so
Event: 0.926 Loaded shared library /tmp/imgui-java-natives/1.87.0/libimgui-java64.so
Event: 0.943 Loaded shared library /tmp/lwjgl_ian/3.4.0+20/x64/liblwjgl_stb.so

Deoptimization events (20 events):
Event: 0.861 Thread 0x00007fa0f802d510 Uncommon trap: trap_request=0xffffff45 fr.pc=0x00007fa0e804a5fc relative=0x000000000000141c
Event: 0.861 Thread 0x00007fa0f802d510 Uncommon trap: reason=unstable_if action=reinterpret pc=0x00007fa0e804a5fc method=java.util.concurrent.ConcurrentHashMap.putVal(Ljava/lang/Object;Ljava/lang/Object;Z)Ljava/lang/Object; @ 401 c2
Event: 0.861 Thread 0x00007fa0f802d510 DEOPT PACKING pc=0x00007fa0e804a5fc sp=0x00007fa0fc7fe450
Event: 0.861 Thread 0x00007fa0f802d510 DEOPT UNPACKING pc=0x00007fa0e78b2f99 sp=0x00007fa0fc7fe3e0 mode 2
Event: 0.884 Thread 0x00007fa0f802d510 Uncommon trap: trap_request=0xffffff45 fr.pc=0x00007fa0e80549e4 relative=0x0000000000000344
Event: 0.884 Thread 0x00007fa0f802d510 Uncommon trap: reason=unstable_if action=reinterpret pc=0x00007fa0e80549e4 method=java.lang.String.<init>([CIILjava/lang/Void;)V @ 5 c2
Event: 0.884 Thread 0x00007fa0f802d510 DEOPT PACKING pc=0x00007fa0e80549e4 sp=0x00007fa0fc7fe130
Event: 0.884 Thread 0x00007fa0f802d510 DEOPT UNPACKING pc=0x00007fa0e78b2f99 sp=0x00007fa0fc7fe0f0 mode 2
Event: 0.904 Thread 0x00007fa0f802d510 Uncommon trap: trap_request=0xffffffde fr.pc=0x00007fa0e8061840 relative=0x0000000000000360
Event: 0.904 Thread 0x00007fa0f802d510 Uncommon trap: reason=class_check action=maybe_recompile pc=0x00007fa0e8061840 method=java.util.HashMap.getNode(Ljava/lang/Object;)Ljava/util/HashMap$Node; @ 128 c2
Event: 0.904 Thread 0x00007fa0f802d510 DEOPT PACKING pc=0x00007fa0e8061840 sp=0x00007fa0fc7fd720
Event: 0.904 Thread 0x00007fa0f802d510 DEOPT UNPACKING pc=0x00007fa0e78b2f99 sp=0x00007fa0fc7fd648 mode 2
Event: 0.905 Thread 0x00007fa0f802d510 Uncommon trap: trap_request=0xffffff45 fr.pc=0x00007fa0e806d560 relative=0x00000000000000c0
Event: 0.905 Thread 0x00007fa0f802d510 Uncommon trap: reason=unstable_if action=reinterpret pc=0x00007fa0e806d560 method=java.nio.Buffer.limit(I)Ljava/nio/Buffer; @ 42 c2
Event: 0.905 Thread 0x00007fa0f802d510 DEOPT PACKING pc=0x00007fa0e806d560 sp=0x00007fa0fc7fdc80
Event: 0.905 Thread 0x00007fa0f802d510 DEOPT UNPACKING pc=0x00007fa0e78b2f99 sp=0x00007fa0fc7fdbe0 mode 2
Event: 0.905 Thread 0x00007fa0f802d510 Uncommon trap: trap_request=0xffffff45 fr.pc=0x00007fa0e806d1e0 relative=0x00000000000000c0
Event: 0.905 Thread 0x00007fa0f802d510 Uncommon trap: reason=unstable_if action=reinterpret pc=0x00007fa0e806d1e0 method=java.nio.Buffer.limit(I)Ljava/nio/Buffer; @ 42 c2
Event: 0.905 Thread 0x00007fa0f802d510 DEOPT PACKING pc=0x00007fa0e806d1e0 sp=0x00007fa0fc7fdc20
Event: 0.905 Thread 0x00007fa0f802d510 DEOPT UNPACKING pc=0x00007fa0e78b2f99 sp=0x00007fa0fc7fdbd8 mode 2

Classes loaded (20 events):
Event: 0.707 Loading class java/lang/Process done
Event: 0.707 Loading class java/lang/ProcessImpl done
Event: 0.707 Loading class java/lang/ProcessImpl$LaunchMechanism
Event: 0.707 Loading class java/lang/ProcessImpl$LaunchMechanism done
Event: 0.707 Loading class java/lang/ProcessEnvironment$Value
Event: 0.707 Loading class java/lang/ProcessEnvironment$Value done
Event: 0.707 Loading class java/lang/ProcessEnvironment$StringEnvironment
Event: 0.707 Loading class java/lang/ProcessEnvironment$StringEnvironment done
Event: 0.880 Loading class java/lang/invoke/MethodHandleImpl$CountingWrapper$1
Event: 0.880 Loading class java/lang/invoke/MethodHandleImpl$CountingWrapper$1 done
Event: 0.882 Loading class java/nio/file/Files$2
Event: 0.882 Loading class java/nio/file/Files$2 done
Event: 0.902 Loading class java/nio/file/AccessDeniedException
Event: 0.902 Loading class java/nio/file/FileSystemException
Event: 0.902 Loading class java/nio/file/FileSystemException done
Event: 0.902 Loading class java/nio/file/AccessDeniedException done
Event: 0.902 Loading class java/io/UncheckedIOException
Event: 0.902 Loading class java/io/UncheckedIOException done
Event: 0.904 Loading class java/nio/file/StandardCopyOption
Event: 0.904 Loading class java/nio/file/StandardCopyOption done

Classes unloaded (0 events):
No events

Classes redefined (0 events):
No events

Internal exceptions (20 events):
Event: 0.516 Thread 0x00007fa0f802d510 Exception <a 'java/lang/NoSuchMethodError'{0x0000000454c93400}: 'java.lang.Object java.lang.invoke.Invokers$Holder.invokeExact_MT(java.lang.Object, java.lang.Object, java.lang.Object, java.lang.Object, java.lang.Object)'> (0x0000000454c93400) 
thrown [src/hotspot/share/interpreter/linkResolver.cpp, line 773]
Event: 0.519 Thread 0x00007fa0f802d510 Exception <a 'java/lang/NoSuchMethodError'{0x0000000454cedd68}: method resolution failed> (0x0000000454cedd68) 
thrown [src/hotspot/share/prims/methodHandles.cpp, line 1136]
Event: 0.529 Thread 0x00007fa0f802d510 Exception <a 'java/lang/NoSuchMethodError'{0x0000000454e26b60}: method resolution failed> (0x0000000454e26b60) 
thrown [src/hotspot/share/prims/methodHandles.cpp, line 1136]
Event: 0.544 Thread 0x00007fa0f802d510 Exception <a 'java/lang/NoSuchMethodError'{0x0000000454f6def0}: 'void java.lang.invoke.DirectMethodHandle$Holder.invokeStatic(java.lang.Object, java.lang.Object, java.lang.Object, java.lang.Object)'> (0x0000000454f6def0) 
thrown [src/hotspot/share/interpreter/linkResolver.cpp, line 773]
Event: 0.544 Thread 0x00007fa0f802d510 Exception <a 'java/lang/NoSuchMethodError'{0x0000000454f72150}: 'void java.lang.invoke.DirectMethodHandle$Holder.invokeSpecial(java.lang.Object, java.lang.Object, java.lang.Object, java.lang.Object, java.lang.Object)'> (0x0000000454f72150) 
thrown [src/hotspot/share/interpreter/linkResolver.cpp, line 773]
Event: 0.546 Thread 0x00007fa0f802d510 Exception <a 'java/lang/NoSuchMethodError'{0x0000000454fbe458}: method resolution failed> (0x0000000454fbe458) 
thrown [src/hotspot/share/prims/methodHandles.cpp, line 1136]
Event: 0.546 Thread 0x00007fa0f802d510 Exception <a 'java/lang/NoSuchMethodError'{0x0000000454fbfe90}: 'boolean java.lang.reflect.AccessibleObject.trySetAccessible(java.lang.Class)'> (0x0000000454fbfe90) 
thrown [src/hotspot/share/interpreter/linkResolver.cpp, line 773]
Event: 0.553 Thread 0x00007fa018004310 Implicit null exception at 0x00007fa0e8008ba8 to 0x00007fa0e8008c90
Event: 0.553 Thread 0x00007fa018005150 Implicit null exception at 0x00007fa0e800861c to 0x00007fa0e800870c
Event: 0.654 Thread 0x00007fa0f802d510 Exception <a 'java/lang/ClassNotFoundException'{0x0000000454d21718}: net/ice/relic/common/console/commands/CommandCommand> (0x0000000454d21718) 
thrown [src/hotspot/share/classfile/systemDictionary.cpp, line 312]
Event: 0.656 Thread 0x00007fa0f802d510 Exception <a 'java/lang/NoSuchMethodError'{0x0000000454d2a7b8}: 'void java.lang.invoke.DirectMethodHandle$Holder.invokeStatic(java.lang.Object, java.lang.Object, java.lang.Object)'> (0x0000000454d2a7b8) 
thrown [src/hotspot/share/interpreter/linkResolver.cpp, line 773]
Event: 0.656 Thread 0x00007fa0f802d510 Exception <a 'java/lang/ClassNotFoundException'{0x0000000454d30388}: net/ice/relic/common/console/commands/EntityCommand> (0x0000000454d30388) 
thrown [src/hotspot/share/classfile/systemDictionary.cpp, line 312]
Event: 0.658 Thread 0x00007fa0f802d510 Exception <a 'java/lang/ClassNotFoundException'{0x0000000454d44d10}: net/ice/relic/common/console/commands/TeleportCommand> (0x0000000454d44d10) 
thrown [src/hotspot/share/classfile/systemDictionary.cpp, line 312]
Event: 0.659 Thread 0x00007fa0f802d510 Exception <a 'java/lang/ClassNotFoundException'{0x0000000454d4b348}: net/ice/relic/common/test/commands/LightCommands> (0x0000000454d4b348) 
thrown [src/hotspot/share/classfile/systemDictionary.cpp, line 312]
Event: 0.702 Thread 0x00007fa0f802d510 Exception <a 'java/lang/ClassNotFoundException'{0x0000000454df9bd8}: net/ice/relic/common/test/commands/LightCommands> (0x0000000454df9bd8) 
thrown [src/hotspot/share/classfile/systemDictionary.cpp, line 312]
Event: 0.704 Thread 0x00007fa0f802d510 Exception <a 'java/lang/NoSuchMethodError'{0x0000000454e16c28}: 'void java.lang.System.load(java.lang.String, java.lang.Class)'> (0x0000000454e16c28) 
thrown [src/hotspot/share/interpreter/linkResolver.cpp, line 773]
Event: 0.704 Thread 0x00007fa0f802d510 Exception <a 'java/lang/NoSuchMethodError'{0x0000000454e196d0}: 'void java.lang.System.loadLibrary(java.lang.String, java.lang.Class)'> (0x0000000454e196d0) 
thrown [src/hotspot/share/interpreter/linkResolver.cpp, line 773]
Event: 0.880 Thread 0x00007fa0f802d510 Exception <a 'java/lang/NoSuchMethodError'{0x0000000455ad5000}: 'int java.lang.invoke.DelegatingMethodHandle$Holder.delegate(java.lang.Object, int, java.lang.Object)'> (0x0000000455ad5000) 
thrown [src/hotspot/share/interpreter/linkResolver.cpp, line 773]
Event: 0.939 Thread 0x00007fa0f802d510 Exception <a 'java/lang/NoSuchMethodError'{0x0000000455dc3578}: 'void java.lang.System.load(java.lang.String, java.lang.Class)'> (0x0000000455dc3578) 
thrown [src/hotspot/share/interpreter/linkResolver.cpp, line 773]
Event: 0.940 Thread 0x00007fa0f802d510 Exception <a 'java/lang/NoSuchMethodError'{0x0000000455dc5fa8}: 'void java.lang.System.loadLibrary(java.lang.String, java.lang.Class)'> (0x0000000455dc5fa8) 
thrown [src/hotspot/share/interpreter/linkResolver.cpp, line 773]

ZGC Phase Switch (0 events):
No events

VM Operations (18 events):
Event: 0.067 Executing VM operation: HandshakeAllThreads (Deoptimize)
Event: 0.067 Executing VM operation: HandshakeAllThreads (Deoptimize) done
Event: 0.067 Executing VM operation: HandshakeAllThreads (Deoptimize)
Event: 0.067 Executing VM operation: HandshakeAllThreads (Deoptimize) done
Event: 0.118 Executing VM operation: HandshakeAllThreads (Deoptimize)
Event: 0.118 Executing VM operation: HandshakeAllThreads (Deoptimize) done
Event: 0.514 Executing VM operation: ICBufferFull
Event: 0.514 Executing VM operation: ICBufferFull done
Event: 0.517 Executing VM operation: HandshakeAllThreads (Deoptimize)
Event: 0.517 Executing VM operation: HandshakeAllThreads (Deoptimize) done
Event: 0.578 Executing VM operation: G1CollectForAllocation (G1 Evacuation Pause)
Event: 0.583 Executing VM operation: G1CollectForAllocation (G1 Evacuation Pause) done
Event: 0.643 Executing VM operation: HandshakeAllThreads (Deoptimize)
Event: 0.643 Executing VM operation: HandshakeAllThreads (Deoptimize) done
Event: 0.643 Executing VM operation: HandshakeAllThreads (Deoptimize)
Event: 0.643 Executing VM operation: HandshakeAllThreads (Deoptimize) done
Event: 0.850 Executing VM operation: G1CollectForAllocation (G1 Evacuation Pause)
Event: 0.852 Executing VM operation: G1CollectForAllocation (G1 Evacuation Pause) done

Memory protections (20 events):
Event: 0.664 Protecting memory [0x00007fa0208f6000,0x00007fa0208fa000] with protection modes 0
Event: 0.664 Protecting memory [0x00007fa0200ee000,0x00007fa0200f2000] with protection modes 0
Event: 0.664 Protecting memory [0x00007f9fc3dff000,0x00007f9fc3e03000] with protection modes 0
Event: 0.664 Protecting memory [0x00007fa0201ef000,0x00007fa0201f3000] with protection modes 0
Event: 0.664 Protecting memory [0x00007fa0206f4000,0x00007fa0206f8000] with protection modes 0
Event: 0.664 Protecting memory [0x00007fa0203f1000,0x00007fa0203f5000] with protection modes 0
Event: 0.664 Protecting memory [0x00007fa0211ff000,0x00007fa021203000] with protection modes 0
Event: 0.664 Protecting memory [0x00007fa0204f2000,0x00007fa0204f6000] with protection modes 0
Event: 0.664 Protecting memory [0x00007fa020af8000,0x00007fa020afc000] with protection modes 0
Event: 0.664 Protecting memory [0x00007fa02c4dd000,0x00007fa02c4e1000] with protection modes 0
Event: 0.665 Protecting memory [0x00007fa020cfa000,0x00007fa020cfe000] with protection modes 0
Event: 0.665 Protecting memory [0x00007fa020dfb000,0x00007fa020dff000] with protection modes 0
Event: 0.667 Protecting memory [0x00007fa020bf9000,0x00007fa020bfd000] with protection modes 0
Event: 0.667 Protecting memory [0x00007fa021300000,0x00007fa021304000] with protection modes 0
Event: 0.669 Protecting memory [0x00007fa0202f0000,0x00007fa0202f4000] with protection modes 0
Event: 0.672 Protecting memory [0x00007fa0210fe000,0x00007fa021102000] with protection modes 0
Event: 0.673 Protecting memory [0x00007fa027f00000,0x00007fa027f04000] with protection modes 0
Event: 0.673 Protecting memory [0x00007fa0205f3000,0x00007fa0205f7000] with protection modes 0
Event: 0.673 Protecting memory [0x00007fa020ffd000,0x00007fa021001000] with protection modes 0
Event: 0.675 Protecting memory [0x00007fa0207f5000,0x00007fa0207f9000] with protection modes 0

Nmethod flushes (0 events):
No events

Events (20 events):
Event: 0.701 Thread 0x00007fa0f8c1e0b0 Thread exited: 0x00007fa0f8c1e0b0
Event: 0.701 Thread 0x00007fa00c00a610 Thread exited: 0x00007fa00c00a610
Event: 0.701 Thread 0x00007fa00c009a40 Thread exited: 0x00007fa00c009a40
Event: 0.701 Thread 0x00007fa00c00d890 Thread exited: 0x00007fa00c00d890
Event: 0.701 Thread 0x00007fa00c00b1e0 Thread exited: 0x00007fa00c00b1e0
Event: 0.701 Thread 0x00007fa00c0119a0 Thread exited: 0x00007fa00c0119a0
Event: 0.701 Thread 0x00007fa00c00cba0 Thread exited: 0x00007fa00c00cba0
Event: 0.701 Thread 0x00007fa00c02d280 Thread exited: 0x00007fa00c02d280
Event: 0.702 Thread 0x00007fa00c00e580 Thread exited: 0x00007fa00c00e580
Event: 0.702 Thread 0x00007fa00c00f280 Thread exited: 0x00007fa00c00f280
Event: 0.702 Thread 0x00007fa00c00bec0 Thread exited: 0x00007fa00c00bec0
Event: 0.702 Thread 0x00007fa00c007410 Thread exited: 0x00007fa00c007410
Event: 0.702 Thread 0x00007fa00c000f80 Thread exited: 0x00007fa00c000f80
Event: 0.702 Thread 0x00007fa00c003050 Thread exited: 0x00007fa00c003050
Event: 0.702 Thread 0x00007fa00c005690 Thread exited: 0x00007fa00c005690
Event: 0.702 Thread 0x00007fa00c010c90 Thread exited: 0x00007fa00c010c90
Event: 0.702 Thread 0x00007fa00c0080c0 Thread exited: 0x00007fa00c0080c0
Event: 0.702 Thread 0x00007fa00c00ff80 Thread exited: 0x00007fa00c00ff80
Event: 0.702 Thread 0x00007fa00c006760 Thread exited: 0x00007fa00c006760
Event: 0.846 Thread 0x00007fa0481097e0 Thread exited: 0x00007fa0481097e0


Dynamic libraries:
40b99000-40c48000 rw-p 00000000 00:00 0 
41d48000-41d4a000 r-xs 00000000 00:01 9937                               /memfd:/.glXXXXXX (deleted)
417000000-456000000 rw-p 00000000 00:00 0 
456000000-7ff800000 ---p 00000000 00:00 0 
7ff800000-7ff90d000 rw-p 00cdf000 103:03 25434006                        /home/ian/.jdks/corretto-21.0.9/lib/server/classes.jsa
7ff90d000-800000000 rw-p 00000000 00:00 0 
557c49200000-557c49201000 r-xp 00000000 103:03 25434313                  /home/ian/.jdks/corretto-21.0.9/bin/java
557c49401000-557c49402000 r--p 00001000 103:03 25434313                  /home/ian/.jdks/corretto-21.0.9/bin/java
557c49402000-557c49403000 rw-p 00002000 103:03 25434313                  /home/ian/.jdks/corretto-21.0.9/bin/java
557c52ef0000-557c52f38000 rw-p 00000000 00:00 0                          [heap]
7f9f64fff000-7f9f65fff000 rw-s 00000000 00:07 1548                       /dev/nvidiactl
7f9f65fff000-7f9f67000000 rw-p 00000000 00:00 0 
7f9f67000000-7f9f68000000 rw-s 00000000 00:07 1548                       /dev/nvidiactl
7f9f68000000-7f9f68021000 rw-p 00000000 00:00 0 
7f9f68021000-7f9f6c000000 ---p 00000000 00:00 0 
7f9f6c000000-7f9f6c021000 rw-p 00000000 00:00 0 
7f9f6c021000-7f9f70000000 ---p 00000000 00:00 0 
7f9f70000000-7f9f70021000 rw-p 00000000 00:00 0 
7f9f70021000-7f9f74000000 ---p 00000000 00:00 0 
7f9f74000000-7f9f74021000 rw-p 00000000 00:00 0 
7f9f74021000-7f9f78000000 ---p 00000000 00:00 0 
7f9f78000000-7f9f78021000 rw-p 00000000 00:00 0 
7f9f78021000-7f9f7c000000 ---p 00000000 00:00 0 
7f9f7c000000-7f9f7c021000 rw-p 00000000 00:00 0 
7f9f7c021000-7f9f80000000 ---p 00000000 00:00 0 
7f9f80000000-7f9f80021000 rw-p 00000000 00:00 0 
7f9f80021000-7f9f84000000 ---p 00000000 00:00 0 
7f9f84000000-7f9f84021000 rw-p 00000000 00:00 0 
7f9f84021000-7f9f88000000 ---p 00000000 00:00 0 
7f9f88000000-7f9f88021000 rw-p 00000000 00:00 0 
7f9f88021000-7f9f8c000000 ---p 00000000 00:00 0 
7f9f8c000000-7f9f8c021000 rw-p 00000000 00:00 0 
7f9f8c021000-7f9f90000000 ---p 00000000 00:00 0 
7f9f90000000-7f9f90021000 rw-p 00000000 00:00 0 
7f9f90021000-7f9f94000000 ---p 00000000 00:00 0 
7f9f94000000-7f9f94021000 rw-p 00000000 00:00 0 
7f9f94021000-7f9f98000000 ---p 00000000 00:00 0 
7f9f98000000-7f9f98021000 rw-p 00000000 00:00 0 
7f9f98021000-7f9f9c000000 ---p 00000000 00:00 0 
7f9f9c000000-7f9f9c021000 rw-p 00000000 00:00 0 
7f9f9c021000-7f9fa0000000 ---p 00000000 00:00 0 
7f9fa0000000-7f9fa0021000 rw-p 00000000 00:00 0 
7f9fa0021000-7f9fa4000000 ---p 00000000 00:00 0 
7f9fa4000000-7f9fa4021000 rw-p 00000000 00:00 0 
7f9fa4021000-7f9fa8000000 ---p 00000000 00:00 0 
7f9fa8000000-7f9fa81b2000 rw-p 00000000 00:00 0 
7f9fa81b2000-7f9fac000000 ---p 00000000 00:00 0 
7f9fac000000-7f9fac021000 rw-p 00000000 00:00 0 
7f9fac021000-7f9fb0000000 ---p 00000000 00:00 0 
7f9fb0000000-7f9fb0021000 rw-p 00000000 00:00 0 
7f9fb0021000-7f9fb4000000 ---p 00000000 00:00 0 
7f9fb4000000-7f9fb41fc000 rw-p 00000000 00:00 0 
7f9fb41fc000-7f9fb8000000 ---p 00000000 00:00 0 
7f9fb8000000-7f9fb8021000 rw-p 00000000 00:00 0 
7f9fb8021000-7f9fbc000000 ---p 00000000 00:00 0 
7f9fbc000000-7f9fbc026000 rw-p 00000000 00:00 0 
7f9fbc026000-7f9fc0000000 ---p 00000000 00:00 0 
7f9fc01ff000-7f9fc1200000 rw-p 00000000 00:00 0 
7f9fc1200000-7f9fc129a000 r--p 00000000 103:02 921309                    /usr/lib/libstdc++.so.6.0.35
7f9fc129a000-7f9fc141d000 r-xp 0009a000 103:02 921309                    /usr/lib/libstdc++.so.6.0.35
7f9fc141d000-7f9fc14bd000 r--p 0021d000 103:02 921309                    /usr/lib/libstdc++.so.6.0.35
7f9fc14bd000-7f9fc14ce000 r--p 002bc000 103:02 921309                    /usr/lib/libstdc++.so.6.0.35
7f9fc14ce000-7f9fc14cf000 rw-p 002cd000 103:02 921309                    /usr/lib/libstdc++.so.6.0.35
7f9fc14cf000-7f9fc14d3000 rw-p 00000000 00:00 0 
7f9fc1600000-7f9fc16c4000 r--p 00000000 00:2a 966                        /tmp/imgui-java-natives/1.87.0/libimgui-java64.so
7f9fc16c4000-7f9fc1be7000 r-xp 000c4000 00:2a 966                        /tmp/imgui-java-natives/1.87.0/libimgui-java64.so
7f9fc1be7000-7f9fc1cbc000 r--p 005e7000 00:2a 966                        /tmp/imgui-java-natives/1.87.0/libimgui-java64.so
7f9fc1cbc000-7f9fc1cc8000 r--p 006bb000 00:2a 966                        /tmp/imgui-java-natives/1.87.0/libimgui-java64.so
7f9fc1cc8000-7f9fc1cd5000 rw-p 006c7000 00:2a 966                        /tmp/imgui-java-natives/1.87.0/libimgui-java64.so
7f9fc1cd5000-7f9fc2503000 rw-p 00000000 00:00 0 
7f9fc26eb000-7f9fc28eb000 rw-s 00000000 00:07 1548                       /dev/nvidiactl
7f9fc28eb000-7f9fc2aeb000 rw-s 00000000 00:07 1548                       /dev/nvidiactl
7f9fc2aeb000-7f9fc3bfd000 rw-p 00000000 00:00 0 
7f9fc3bfd000-7f9fc3c01000 ---p 00000000 00:00 0 
7f9fc3c01000-7f9fc3cfe000 rw-p 00000000 00:00 0 
7f9fc3cfe000-7f9fc3d02000 ---p 00000000 00:00 0 
7f9fc3d02000-7f9fc3dff000 rw-p 00000000 00:00 0 
7f9fc3dff000-7f9fc3e03000 ---p 00000000 00:00 0 
7f9fc3e03000-7f9fc3f00000 rw-p 00000000 00:00 0 
7f9fc3f00000-7f9fc3f04000 ---p 00000000 00:00 0 
7f9fc3f04000-7f9fc4000000 rw-p 00000000 00:00 0 
7f9fc4000000-7f9fc4021000 rw-p 00000000 00:00 0 
7f9fc4021000-7f9fc8000000 ---p 00000000 00:00 0 
7f9fc8000000-7f9fc8021000 rw-p 00000000 00:00 0 
7f9fc8021000-7f9fcc000000 ---p 00000000 00:00 0 
7f9fcc000000-7f9fcc021000 rw-p 00000000 00:00 0 
7f9fcc021000-7f9fd0000000 ---p 00000000 00:00 0 
7f9fd0000000-7f9fd0021000 rw-p 00000000 00:00 0 
7f9fd0021000-7f9fd4000000 ---p 00000000 00:00 0 
7f9fd4000000-7f9fd4023000 rw-p 00000000 00:00 0 
7f9fd4023000-7f9fd8000000 ---p 00000000 00:00 0 
7f9fd8000000-7f9fd8021000 rw-p 00000000 00:00 0 
7f9fd8021000-7f9fdc000000 ---p 00000000 00:00 0 
7f9fdc000000-7f9fdc07a000 rw-p 00000000 00:00 0 
7f9fdc07a000-7f9fe0000000 ---p 00000000 00:00 0 
7f9fe0000000-7f9fe0021000 rw-p 00000000 00:00 0 
7f9fe0021000-7f9fe4000000 ---p 00000000 00:00 0 
7f9fe4000000-7f9fe4021000 rw-p 00000000 00:00 0 
7f9fe4021000-7f9fe8000000 ---p 00000000 00:00 0 
7f9fe8000000-7f9fe806f000 rw-p 00000000 00:00 0 
7f9fe806f000-7f9fec000000 ---p 00000000 00:00 0 
7f9fec000000-7f9fec021000 rw-p 00000000 00:00 0 
7f9fec021000-7f9ff0000000 ---p 00000000 00:00 0 
7f9ff0000000-7f9ff0021000 rw-p 00000000 00:00 0 
7f9ff0021000-7f9ff4000000 ---p 00000000 00:00 0 
7f9ff4000000-7f9ff4021000 rw-p 00000000 00:00 0 
7f9ff4021000-7f9ff8000000 ---p 00000000 00:00 0 
7f9ff8000000-7f9ff8021000 rw-p 00000000 00:00 0 
7f9ff8021000-7f9ffc000000 ---p 00000000 00:00 0 
7f9ffc000000-7f9ffc021000 rw-p 00000000 00:00 0 
7f9ffc021000-7fa000000000 ---p 00000000 00:00 0 
7fa000000000-7fa000021000 rw-p 00000000 00:00 0 
7fa000021000-7fa004000000 ---p 00000000 00:00 0 
7fa004000000-7fa00402e000 rw-p 00000000 00:00 0 
7fa00402e000-7fa008000000 ---p 00000000 00:00 0 
7fa008000000-7fa008035000 rw-p 00000000 00:00 0 
7fa008035000-7fa00c000000 ---p 00000000 00:00 0 
7fa00c000000-7fa00c031000 rw-p 00000000 00:00 0 
7fa00c031000-7fa010000000 ---p 00000000 00:00 0 
7fa010000000-7fa010026000 rw-p 00000000 00:00 0 
7fa010026000-7fa014000000 ---p 00000000 00:00 0 
7fa014000000-7fa014187000 rw-p 00000000 00:00 0 
7fa014187000-7fa018000000 ---p 00000000 00:00 0 
7fa018000000-7fa018041000 rw-p 00000000 00:00 0 
7fa018041000-7fa01c000000 ---p 00000000 00:00 0 
7fa01c000000-7fa01c249000 rw-p 00000000 00:00 0 
7fa01c249000-7fa020000000 ---p 00000000 00:00 0 
7fa0200ed000-7fa0200ee000 rw-p 00000000 00:00 0 
7fa0200ee000-7fa0200f2000 ---p 00000000 00:00 0 
7fa0200f2000-7fa0201ef000 rw-p 00000000 00:00 0 
7fa0201ef000-7fa0201f3000 ---p 00000000 00:00 0 
7fa0201f3000-7fa0202f0000 rw-p 00000000 00:00 0 
7fa0202f0000-7fa0202f4000 ---p 00000000 00:00 0 
7fa0202f4000-7fa0203f1000 rw-p 00000000 00:00 0 
7fa0203f1000-7fa0203f5000 ---p 00000000 00:00 0 
7fa0203f5000-7fa0204f2000 rw-p 00000000 00:00 0 
7fa0204f2000-7fa0204f6000 ---p 00000000 00:00 0 
7fa0204f6000-7fa0205f3000 rw-p 00000000 00:00 0 
7fa0205f3000-7fa0205f7000 ---p 00000000 00:00 0 
7fa0205f7000-7fa0206f4000 rw-p 00000000 00:00 0 
7fa0206f4000-7fa0206f8000 ---p 00000000 00:00 0 
7fa0206f8000-7fa0207f5000 rw-p 00000000 00:00 0 
7fa0207f5000-7fa0207f9000 ---p 00000000 00:00 0 
7fa0207f9000-7fa0208f6000 rw-p 00000000 00:00 0 
7fa0208f6000-7fa0208fa000 ---p 00000000 00:00 0 
7fa0208fa000-7fa0209f7000 rw-p 00000000 00:00 0 
7fa0209f7000-7fa0209fb000 ---p 00000000 00:00 0 
7fa0209fb000-7fa020af8000 rw-p 00000000 00:00 0 
7fa020af8000-7fa020afc000 ---p 00000000 00:00 0 
7fa020afc000-7fa020bf9000 rw-p 00000000 00:00 0 
7fa020bf9000-7fa020bfd000 ---p 00000000 00:00 0 
7fa020bfd000-7fa020cfa000 rw-p 00000000 00:00 0 
7fa020cfa000-7fa020cfe000 ---p 00000000 00:00 0 
7fa020cfe000-7fa020dfb000 rw-p 00000000 00:00 0 
7fa020dfb000-7fa020dff000 ---p 00000000 00:00 0 
7fa020dff000-7fa020efc000 rw-p 00000000 00:00 0 
7fa020efc000-7fa020f00000 ---p 00000000 00:00 0 
7fa020f00000-7fa020ffd000 rw-p 00000000 00:00 0 
7fa020ffd000-7fa021001000 ---p 00000000 00:00 0 
7fa021001000-7fa0210fe000 rw-p 00000000 00:00 0 
7fa0210fe000-7fa021102000 ---p 00000000 00:00 0 
7fa021102000-7fa0211ff000 rw-p 00000000 00:00 0 
7fa0211ff000-7fa021203000 ---p 00000000 00:00 0 
7fa021203000-7fa021300000 rw-p 00000000 00:00 0 
7fa021300000-7fa021304000 ---p 00000000 00:00 0 
7fa021304000-7fa021400000 rw-p 00000000 00:00 0 
7fa021400000-7fa02175b000 r--p 00000000 103:02 961591                    /usr/lib/libnvidia-gpucomp.so.610.43.02
7fa02175b000-7fa025cf8000 r-xp 0035b000 103:02 961591                    /usr/lib/libnvidia-gpucomp.so.610.43.02
7fa025cf8000-7fa0279e8000 r--p 048f8000 103:02 961591                    /usr/lib/libnvidia-gpucomp.so.610.43.02
7fa0279e8000-7fa027c3a000 r--p 065e7000 103:02 961591                    /usr/lib/libnvidia-gpucomp.so.610.43.02
7fa027c3a000-7fa027dc5000 rw-p 06839000 103:02 961591                    /usr/lib/libnvidia-gpucomp.so.610.43.02
7fa027dc5000-7fa027e80000 rw-p 00000000 00:00 0 
7fa027eff000-7fa027f00000 rw-p 00000000 00:00 0 
7fa027f00000-7fa027f04000 ---p 00000000 00:00 0 
7fa027f04000-7fa028000000 rw-p 00000000 00:00 0 
7fa028000000-7fa02861d000 rw-p 00000000 00:00 0 
7fa02861d000-7fa02c000000 ---p 00000000 00:00 0 
7fa02c065000-7fa02c0e8000 r-xp 00000000 00:2a 673                        /tmp/lwjgl_ian/3.4.0+20/x64/liblwjgl_stb.so
7fa02c0e8000-7fa02c0fd000 r--p 00083000 00:2a 673                        /tmp/lwjgl_ian/3.4.0+20/x64/liblwjgl_stb.so
7fa02c0fd000-7fa02c0fe000 r--p 00097000 00:2a 673                        /tmp/lwjgl_ian/3.4.0+20/x64/liblwjgl_stb.so
7fa02c0fe000-7fa02c0ff000 rw-p 00098000 00:2a 673                        /tmp/lwjgl_ian/3.4.0+20/x64/liblwjgl_stb.so
7fa02c0ff000-7fa02c100000 rw-p 00000000 00:00 0 
7fa02c100000-7fa02c104000 ---p 00000000 00:00 0 
7fa02c104000-7fa02c200000 rw-p 00000000 00:00 0 
7fa02c200000-7fa02c20d000 r-xp 00000000 103:03 25434000                  /home/ian/.jdks/corretto-21.0.9/lib/libverify.so
7fa02c20d000-7fa02c40c000 ---p 0000d000 103:03 25434000                  /home/ian/.jdks/corretto-21.0.9/lib/libverify.so
7fa02c40c000-7fa02c40e000 r--p 0000c000 103:03 25434000                  /home/ian/.jdks/corretto-21.0.9/lib/libverify.so
7fa02c40e000-7fa02c40f000 rw-p 00000000 00:00 0 
7fa02c482000-7fa02c497000 r-xp 00000000 00:2a 672                        /tmp/lwjgl_ian/3.4.0+20/x64/liblwjgl_opengl.so
7fa02c497000-7fa02c4da000 r--p 00015000 00:2a 672                        /tmp/lwjgl_ian/3.4.0+20/x64/liblwjgl_opengl.so
7fa02c4da000-7fa02c4db000 r--p 00057000 00:2a 672                        /tmp/lwjgl_ian/3.4.0+20/x64/liblwjgl_opengl.so
7fa02c4db000-7fa02c4dc000 rw-p 00058000 00:2a 672                        /tmp/lwjgl_ian/3.4.0+20/x64/liblwjgl_opengl.so
7fa02c4dc000-7fa02c4dd000 rw-p 00000000 00:00 0 
7fa02c4dd000-7fa02c4e1000 ---p 00000000 00:00 0 
7fa02c4e1000-7fa02c5dd000 rw-p 00000000 00:00 0 
7fa02c5dd000-7fa02c6dd000 rw-s 00000000 00:07 1548                       /dev/nvidiactl
7fa02c6dd000-7fa02cede000 rw-p 00000000 00:00 0 
7fa02cede000-7fa02d800000 rw-p 00000000 00:00 0 
7fa02d800000-7fa02da50000 r-xp 00000000 103:02 961186                    /usr/lib/libnvidia-glcore.so.610.43.02
7fa02da50000-7fa02da71000 rwxp 00250000 103:02 961186                    /usr/lib/libnvidia-glcore.so.610.43.02
7fa02da71000-7fa02dc00000 r-xp 00271000 103:02 961186                    /usr/lib/libnvidia-glcore.so.610.43.02
7fa02dc00000-7fa02e800000 r-xp 00400000 103:02 961186                    /usr/lib/libnvidia-glcore.so.610.43.02
7fa02e800000-7fa02fdf9000 r-xp 01000000 103:02 961186                    /usr/lib/libnvidia-glcore.so.610.43.02
7fa02fdf9000-7fa02ff71000 r--p 025f8000 103:02 961186                    /usr/lib/libnvidia-glcore.so.610.43.02
7fa02ff71000-7fa02ffd4000 rw-p 02770000 103:02 961186                    /usr/lib/libnvidia-glcore.so.610.43.02
7fa02ffd4000-7fa02fff4000 rw-p 00000000 00:00 0 
7fa030000000-7fa0304bc000 rw-p 00000000 00:00 0 
7fa0304bc000-7fa034000000 ---p 00000000 00:00 0 
7fa034000000-7fa0341e7000 rw-p 00000000 00:00 0 
7fa0341e7000-7fa038000000 ---p 00000000 00:00 0 
7fa038000000-7fa0381c4000 rw-p 00000000 00:00 0 
7fa0381c4000-7fa03c000000 ---p 00000000 00:00 0 
7fa03c000000-7fa03c364000 rw-p 00000000 00:00 0 
7fa03c364000-7fa040000000 ---p 00000000 00:00 0 
7fa040000000-7fa040021000 rw-p 00000000 00:00 0 
7fa040021000-7fa044000000 ---p 00000000 00:00 0 
7fa044000000-7fa044021000 rw-p 00000000 00:00 0 
7fa044021000-7fa048000000 ---p 00000000 00:00 0 
7fa048000000-7fa048538000 rw-p 00000000 00:00 0 
7fa048538000-7fa04c000000 ---p 00000000 00:00 0 
7fa04c000000-7fa04c1cb000 rw-p 00000000 00:00 0 
7fa04c1cb000-7fa050000000 ---p 00000000 00:00 0 
7fa050000000-7fa050021000 rw-p 00000000 00:00 0 
7fa050021000-7fa054000000 ---p 00000000 00:00 0 
7fa054000000-7fa054021000 rw-p 00000000 00:00 0 
7fa054021000-7fa058000000 ---p 00000000 00:00 0 
7fa058000000-7fa058021000 rw-p 00000000 00:00 0 
7fa058021000-7fa05c000000 ---p 00000000 00:00 0 
7fa05c000000-7fa05c021000 rw-p 00000000 00:00 0 
7fa05c021000-7fa060000000 ---p 00000000 00:00 0 
7fa060000000-7fa060027000 rw-p 00000000 00:00 0 
7fa060027000-7fa064000000 ---p 00000000 00:00 0 
7fa064000000-7fa064021000 rw-p 00000000 00:00 0 
7fa064021000-7fa068000000 ---p 00000000 00:00 0 
7fa068000000-7fa0683e0000 rw-p 00000000 00:00 0 
7fa0683e0000-7fa068400000 ---p 00000000 00:00 0 
7fa068400000-7fa0687a0000 rw-p 00000000 00:00 0 
7fa0687a0000-7fa0687e0000 rw-p 00000000 00:00 0 
7fa0687e0000-7fa068ac0000 rw-p 00000000 00:00 0 
7fa068ac0000-7fa06c000000 ---p 00000000 00:00 0 
7fa06c000000-7fa06c021000 rw-p 00000000 00:00 0 
7fa06c021000-7fa070000000 ---p 00000000 00:00 0 
7fa070057000-7fa070097000 rw-s 00000000 00:07 1548                       /dev/nvidiactl
7fa070097000-7fa0700d7000 rw-s 00000000 00:07 1548                       /dev/nvidiactl
7fa0700d7000-7fa070157000 rw-s 00000000 00:07 1548                       /dev/nvidiactl
7fa070157000-7fa070257000 rw-s 00000000 00:07 1548                       /dev/nvidiactl
7fa070257000-7fa070a58000 rw-p 00000000 00:00 0 
7fa070a58000-7fa070a6d000 r--p 00000000 103:02 933477                    /usr/lib/libsystemd.so.0.43.0
7fa070a6d000-7fa070b3d000 r-xp 00015000 103:02 933477                    /usr/lib/libsystemd.so.0.43.0
7fa070b3d000-7fa070b88000 r--p 000e5000 103:02 933477                    /usr/lib/libsystemd.so.0.43.0
7fa070b88000-7fa070b91000 r--p 0012f000 103:02 933477                    /usr/lib/libsystemd.so.0.43.0
7fa070b91000-7fa070b92000 rw-p 00138000 103:02 933477                    /usr/lib/libsystemd.so.0.43.0
7fa070b92000-7fa070b93000 rw-p 00000000 00:00 0 
7fa070b93000-7fa070be4000 r--p 00000000 103:02 952697                    /usr/lib/libGLX_nvidia.so.610.43.02
7fa070be4000-7fa070c41000 r-xp 00051000 103:02 952697                    /usr/lib/libGLX_nvidia.so.610.43.02
7fa070c41000-7fa070c76000 rwxp 000ae000 103:02 952697                    /usr/lib/libGLX_nvidia.so.610.43.02
7fa070c76000-7fa070c77000 r-xp 000e3000 103:02 952697                    /usr/lib/libGLX_nvidia.so.610.43.02
7fa070c77000-7fa070c97000 r--p 000e4000 103:02 952697                    /usr/lib/libGLX_nvidia.so.610.43.02
7fa070c97000-7fa070cb7000 r--p 00103000 103:02 952697                    /usr/lib/libGLX_nvidia.so.610.43.02
7fa070cb7000-7fa070cbc000 rw-p 00123000 103:02 952697                    /usr/lib/libGLX_nvidia.so.610.43.02
7fa070cbc000-7fa070cbe000 rw-p 00000000 00:00 0 
7fa070cbe000-7fa070cd5000 r--p 00000000 103:02 945154                    /usr/lib/libX11.so.6.4.0
7fa070cd5000-7fa070d6a000 r-xp 00017000 103:02 945154                    /usr/lib/libX11.so.6.4.0
7fa070d6a000-7fa070df9000 r--p 000ac000 103:02 945154                    /usr/lib/libX11.so.6.4.0
7fa070df9000-7fa070dfc000 r--p 0013a000 103:02 945154                    /usr/lib/libX11.so.6.4.0
7fa070dfc000-7fa070e00000 rw-p 0013d000 103:02 945154                    /usr/lib/libX11.so.6.4.0
7fa070e00000-7fa070e05000 r-xp 00000000 103:03 25433995                  /home/ian/.jdks/corretto-21.0.9/lib/libmanagement_ext.so
7fa070e05000-7fa071005000 ---p 00005000 103:03 25433995                  /home/ian/.jdks/corretto-21.0.9/lib/libmanagement_ext.so
7fa071005000-7fa071006000 r--p 00005000 103:03 25433995                  /home/ian/.jdks/corretto-21.0.9/lib/libmanagement_ext.so
7fa071006000-7fa071007000 rw-p 00000000 00:00 0 
7fa07101f000-7fa07103f000 rw-s 00000000 00:07 1548                       /dev/nvidiactl
7fa07103f000-7fa07107f000 rw-s 00000000 00:07 1548                       /dev/nvidiactl
7fa07107f000-7fa0710ff000 rw-s 00000000 00:07 1548                       /dev/nvidiactl
7fa0710ff000-7fa071100000 rw-p 00000000 00:00 0 
7fa071100000-7fa071104000 ---p 00000000 00:00 0 
7fa071104000-7fa071200000 rw-p 00000000 00:00 0 
7fa071200000-7fa071204000 r-xp 00000000 103:03 25433988                  /home/ian/.jdks/corretto-21.0.9/lib/libmanagement.so
7fa071204000-7fa071403000 ---p 00004000 103:03 25433988                  /home/ian/.jdks/corretto-21.0.9/lib/libmanagement.so
7fa071403000-7fa071404000 r--p 00003000 103:03 25433988                  /home/ian/.jdks/corretto-21.0.9/lib/libmanagement.so
7fa071404000-7fa071405000 rw-p 00000000 00:00 0 
7fa07141f000-7fa07143f000 rw-s 00000000 00:07 1548                       /dev/nvidiactl
7fa07143f000-7fa07145f000 rw-s 00000000 00:07 1548                       /dev/nvidiactl
7fa07145f000-7fa07149f000 rw-s 00000000 00:07 1548                       /dev/nvidiactl
7fa07149f000-7fa0714bf000 rw-s 00000000 00:07 1548                       /dev/nvidiactl
7fa0714bf000-7fa0714ff000 rw-s 00000000 00:07 1548                       /dev/nvidiactl
7fa0714ff000-7fa071500000 rw-p 00000000 00:00 0 
7fa071500000-7fa071504000 ---p 00000000 00:00 0 
7fa071504000-7fa071600000 rw-p 00000000 00:00 0 
7fa071600000-7fa071607000 r-xp 00000000 103:03 25434044                  /home/ian/.jdks/corretto-21.0.9/lib/libzip.so
7fa071607000-7fa071806000 ---p 00007000 103:03 25434044                  /home/ian/.jdks/corretto-21.0.9/lib/libzip.so
7fa071806000-7fa071807000 r--p 00006000 103:03 25434044                  /home/ian/.jdks/corretto-21.0.9/lib/libzip.so
7fa071807000-7fa071808000 rw-p 00000000 00:00 0 
7fa07181f000-7fa07183f000 rw-s 00000000 00:07 1548                       /dev/nvidiactl
7fa07183f000-7fa0718bf000 rw-s 00000000 00:07 1550                       /dev/nvidia0
7fa0718bf000-7fa0718ff000 rw-s 00000000 00:07 1548                       /dev/nvidiactl
7fa0718ff000-7fa071900000 rw-p 00000000 00:00 0 
7fa071900000-7fa071904000 ---p 00000000 00:00 0 
7fa071904000-7fa071a00000 rw-p 00000000 00:00 0 
7fa071a00000-7fa071a0b000 r-xp 00000000 103:03 25433958                  /home/ian/.jdks/corretto-21.0.9/lib/libnet.so
7fa071a0b000-7fa071c0a000 ---p 0000b000 103:03 25433958                  /home/ian/.jdks/corretto-21.0.9/lib/libnet.so
7fa071c0a000-7fa071c0b000 r--p 0000a000 103:03 25433958                  /home/ian/.jdks/corretto-21.0.9/lib/libnet.so
7fa071c0b000-7fa071c0c000 rw-p 00000000 00:00 0 
7fa071c10000-7fa071c1e000 r--p 00000000 103:02 942789                    /usr/lib/libdbus-1.so.3.38.3
7fa071c1e000-7fa071c4f000 r-xp 0000e000 103:02 942789                    /usr/lib/libdbus-1.so.3.38.3
7fa071c4f000-7fa071c60000 r--p 0003f000 103:02 942789                    /usr/lib/libdbus-1.so.3.38.3
7fa071c60000-7fa071c62000 r--p 0004f000 103:02 942789                    /usr/lib/libdbus-1.so.3.38.3
7fa071c62000-7fa071c63000 rw-p 00051000 103:02 942789                    /usr/lib/libdbus-1.so.3.38.3
7fa071c63000-7fa071c73000 r--p 00000000 103:02 961461                    /usr/lib/libnvidia-glsi.so.610.43.02
7fa071c73000-7fa071cd3000 r-xp 00010000 103:02 961461                    /usr/lib/libnvidia-glsi.so.610.43.02
7fa071cd3000-7fa071cf0000 r--p 00070000 103:02 961461                    /usr/lib/libnvidia-glsi.so.610.43.02
7fa071cf0000-7fa071cf6000 r--p 0008c000 103:02 961461                    /usr/lib/libnvidia-glsi.so.610.43.02
7fa071cf6000-7fa071cf7000 rw-p 00092000 103:02 961461                    /usr/lib/libnvidia-glsi.so.610.43.02
7fa071cf7000-7fa071cff000 rw-p 00000000 00:00 0 
7fa071cff000-7fa071d00000 rw-p 00000000 00:00 0 
7fa071d00000-7fa071d04000 ---p 00000000 00:00 0 
7fa071d04000-7fa071e00000 rw-p 00000000 00:00 0 
7fa071e00000-7fa071e13000 r-xp 00000000 103:03 25433954                  /home/ian/.jdks/corretto-21.0.9/lib/libnio.so
7fa071e13000-7fa072012000 ---p 00013000 103:03 25433954                  /home/ian/.jdks/corretto-21.0.9/lib/libnio.so
7fa072012000-7fa072013000 r--p 00012000 103:03 25433954                  /home/ian/.jdks/corretto-21.0.9/lib/libnio.so
7fa072013000-7fa072014000 rw-p 00013000 103:03 25433954                  /home/ian/.jdks/corretto-21.0.9/lib/libnio.so
7fa072020000-7fa072024000 r--p 00000000 103:02 921305                    /usr/lib/libgcc_s.so.1
7fa072024000-7fa072047000 r-xp 00004000 103:02 921305                    /usr/lib/libgcc_s.so.1
7fa072047000-7fa07204b000 r--p 00027000 103:02 921305                    /usr/lib/libgcc_s.so.1
7fa07204b000-7fa07204c000 r--p 0002b000 103:02 921305                    /usr/lib/libgcc_s.so.1
7fa07204c000-7fa07204d000 rw-p 0002c000 103:02 921305                    /usr/lib/libgcc_s.so.1
7fa072064000-7fa072084000 rw-s 00000000 00:07 1548                       /dev/nvidiactl
7fa072084000-7fa072086000 r--p 00000000 103:02 958619                    /usr/lib/libGLdispatch.so.0.0.0
7fa072086000-7fa072089000 r-xp 00002000 103:02 958619                    /usr/lib/libGLdispatch.so.0.0.0
7fa072089000-7fa0720c4000 r-xp 00005000 103:02 958619                    /usr/lib/libGLdispatch.so.0.0.0
7fa0720c4000-7fa0720c5000 r-xp 00040000 103:02 958619                    /usr/lib/libGLdispatch.so.0.0.0
7fa0720c5000-7fa0720d8000 r--p 00041000 103:02 958619                    /usr/lib/libGLdispatch.so.0.0.0
7fa0720d8000-7fa0720f4000 r--p 00054000 103:02 958619                    /usr/lib/libGLdispatch.so.0.0.0
7fa0720f4000-7fa0720f5000 rw-p 00070000 103:02 958619                    /usr/lib/libGLdispatch.so.0.0.0
7fa0720f5000-7fa0720fd000 rw-p 00000000 00:00 0 
7fa0720fd000-7fa0720fe000 rw-p 00000000 00:00 0 
7fa0720fe000-7fa072102000 ---p 00000000 00:00 0 
7fa072102000-7fa0721ff000 rw-p 00000000 00:00 0 
7fa0721ff000-7fa072203000 ---p 00000000 00:00 0 
7fa072203000-7fa072300000 rw-p 00000000 00:00 0 
7fa072300000-7fa072304000 ---p 00000000 00:00 0 
7fa072304000-7fa072400000 rw-p 00000000 00:00 0 
7fa072400000-7fa0724ce000 r-xp 00000000 103:03 25433997                  /home/ian/.jdks/corretto-21.0.9/lib/libjsvml.so
7fa0724ce000-7fa0726cd000 ---p 000ce000 103:03 25433997                  /home/ian/.jdks/corretto-21.0.9/lib/libjsvml.so
7fa0726cd000-7fa0726ce000 r--p 000cd000 103:03 25433997                  /home/ian/.jdks/corretto-21.0.9/lib/libjsvml.so
7fa0726ce000-7fa0726cf000 rw-p 000ce000 103:03 25433997                  /home/ian/.jdks/corretto-21.0.9/lib/libjsvml.so
7fa0726d6000-7fa0726d9000 r--p 00000000 103:02 958603                    /usr/lib/libnvidia-allocator.so.610.43.02
7fa0726d9000-7fa0726ed000 r-xp 00003000 103:02 958603                    /usr/lib/libnvidia-allocator.so.610.43.02
7fa0726ed000-7fa0726f7000 r--p 00017000 103:02 958603                    /usr/lib/libnvidia-allocator.so.610.43.02
7fa0726f7000-7fa0726f8000 r--p 00020000 103:02 958603                    /usr/lib/libnvidia-allocator.so.610.43.02
7fa0726f8000-7fa0726f9000 rw-p 00021000 103:02 958603                    /usr/lib/libnvidia-allocator.so.610.43.02
7fa0726f9000-7fa0726fb000 rw-p 00000000 00:00 0 
7fa0726fb000-7fa0726fc000 rw-p 00000000 00:00 0 
7fa0726fc000-7fa072700000 ---p 00000000 00:00 0 
7fa072700000-7fa0727fd000 rw-p 00000000 00:00 0 
7fa0727fd000-7fa072801000 ---p 00000000 00:00 0 
7fa072801000-7fa0728fe000 rw-p 00000000 00:00 0 
7fa0728fe000-7fa072902000 ---p 00000000 00:00 0 
7fa072902000-7fa0729ff000 rw-p 00000000 00:00 0 
7fa0729ff000-7fa072a03000 ---p 00000000 00:00 0 
7fa072a03000-7fa072b00000 rw-p 00000000 00:00 0 
7fa072b00000-7fa072b04000 ---p 00000000 00:00 0 
7fa072b04000-7fa072c00000 rw-p 00000000 00:00 0 
7fa072c00000-7fa072eed000 r--p 00000000 103:02 933458                    /usr/lib/locale/locale-archive
7fa072eed000-7fa072eef000 r--p 00000000 103:02 958607                    /usr/lib/libEGL.so.1.1.0
7fa072eef000-7fa072ef9000 r-xp 00002000 103:02 958607                    /usr/lib/libEGL.so.1.1.0
7fa072ef9000-7fa072efd000 r--p 0000c000 103:02 958607                    /usr/lib/libEGL.so.1.1.0
7fa072efd000-7fa072efe000 r--p 0000f000 103:02 958607                    /usr/lib/libEGL.so.1.1.0
7fa072efe000-7fa072eff000 rw-p 00010000 103:02 958607                    /usr/lib/libEGL.so.1.1.0
7fa072eff000-7fa072f00000 rw-p 00000000 00:00 0 
7fa072f00000-7fa072f04000 ---p 00000000 00:00 0 
7fa072f04000-7fa073000000 rw-p 00000000 00:00 0 
7fa073000000-7fa073ca0000 rw-p 00001000 103:03 25434006                  /home/ian/.jdks/corretto-21.0.9/lib/server/classes.jsa
7fa073ca0000-7fa074000000 ---p 00000000 00:00 0 
7fa074000000-7fa074040000 rw-p 00000000 00:00 0 
7fa074040000-7fa0740c0000 rw-p 00000000 00:00 0 
7fa0740c0000-7fa0740d0000 rw-p 00000000 00:00 0 
7fa0740d0000-7fa074100000 ---p 00000000 00:00 0 
7fa074100000-7fa074130000 rw-p 00000000 00:00 0 
7fa074130000-7fa0b4000000 ---p 00000000 00:00 0 
7fa0b4000000-7fa0b4021000 rw-p 00000000 00:00 0 
7fa0b4021000-7fa0b8000000 ---p 00000000 00:00 0 
7fa0b8000000-7fa0b8021000 rw-p 00000000 00:00 0 
7fa0b8021000-7fa0bc000000 ---p 00000000 00:00 0 
7fa0bc000000-7fa0bc021000 rw-p 00000000 00:00 0 
7fa0bc021000-7fa0c0000000 ---p 00000000 00:00 0 
7fa0c0000000-7fa0c0021000 rw-p 00000000 00:00 0 
7fa0c0021000-7fa0c4000000 ---p 00000000 00:00 0 
7fa0c4000000-7fa0c4021000 rw-p 00000000 00:00 0 
7fa0c4021000-7fa0c8000000 ---p 00000000 00:00 0 
7fa0c8007000-7fa0c801a000 rw-s 00000000 00:07 1548                       /dev/nvidiactl
7fa0c801a000-7fa0c801c000 r--p 00000000 103:02 958616                    /usr/lib/libGLX.so.0.0.0
7fa0c801c000-7fa0c8036000 r-xp 00002000 103:02 958616                    /usr/lib/libGLX.so.0.0.0
7fa0c8036000-7fa0c8039000 r--p 0001c000 103:02 958616                    /usr/lib/libGLX.so.0.0.0
7fa0c8039000-7fa0c803a000 r--p 0001f000 103:02 958616                    /usr/lib/libGLX.so.0.0.0
7fa0c803a000-7fa0c803b000 rw-p 00020000 103:02 958616                    /usr/lib/libGLX.so.0.0.0
7fa0c803b000-7fa0c804b000 rw-p 00000000 00:00 0 
7fa0c804b000-7fa0c8070000 r-xp 00000000 00:2a 671                        /tmp/lwjgl_ian/3.4.0+20/x64/libglfw.so
7fa0c8070000-7fa0c80bf000 r--p 00025000 00:2a 671                        /tmp/lwjgl_ian/3.4.0+20/x64/libglfw.so
7fa0c80bf000-7fa0c80c3000 r--p 00074000 00:2a 671                        /tmp/lwjgl_ian/3.4.0+20/x64/libglfw.so
7fa0c80c3000-7fa0c80c6000 rw-p 00078000 00:2a 671                        /tmp/lwjgl_ian/3.4.0+20/x64/libglfw.so
7fa0c80c6000-7fa0c80e9000 rw-p 00000000 00:00 0 
7fa0c80e9000-7fa0c80ea000 rw-p 00000000 00:00 0 
7fa0c80ea000-7fa0c80ee000 ---p 00000000 00:00 0 
7fa0c80ee000-7fa0c85ee000 rw-p 00000000 00:00 0 
7fa0c85ee000-7fa0cb800000 rw-p 00000000 00:00 0 
7fa0cb802000-7fa0cb809000 r--s 00000000 103:02 933463                    /usr/lib/gconv/gconv-modules.cache
7fa0cb809000-7fa0cb80a000 rw-p 00000000 00:00 0 
7fa0cb80a000-7fa0cb80b000 r-xp 00033000 00:2a 670                        /tmp/lwjgl_ian/3.4.0+20/x64/liblwjgl.so
7fa0cb80b000-7fa0cb80c000 rw-p 00000000 00:00 0 
7fa0cb80c000-7fa0cb81f000 rw-s 00000000 00:07 1548                       /dev/nvidiactl
7fa0cb81f000-7fa0cbb22000 rw-p 00000000 00:00 0 
7fa0cbb22000-7fa0ccbe1000 rw-p 00000000 00:00 0 
7fa0ccbe1000-7fa0db641000 ---p 00000000 00:00 0 
7fa0db641000-7fa0db859000 rw-p 00000000 00:00 0 
7fa0db859000-7fa0dd5a5000 ---p 00000000 00:00 0 
7fa0dd5a5000-7fa0dd7a1000 rw-p 00000000 00:00 0 
7fa0dd7a1000-7fa0df4ed000 ---p 00000000 00:00 0 
7fa0df4ed000-7fa0e0400000 rw-p 00000000 00:00 0 
7fa0e0400000-7fa0e0860000 rwxp 00000000 00:00 0 
7fa0e0860000-7fa0e785f000 ---p 00000000 00:00 0 
7fa0e785f000-7fa0e7c6f000 rwxp 00000000 00:00 0 
7fa0e7c6f000-7fa0e7fa0000 ---p 00000000 00:00 0 
7fa0e7fa0000-7fa0e8210000 rwxp 00000000 00:00 0 
7fa0e8210000-7fa0ef400000 ---p 00000000 00:00 0 
7fa0ef400000-7fa0ef420000 r-xp 00000000 103:03 25433985                  /home/ian/.jdks/corretto-21.0.9/lib/libjava.so
7fa0ef420000-7fa0ef61f000 ---p 00020000 103:03 25433985                  /home/ian/.jdks/corretto-21.0.9/lib/libjava.so
7fa0ef61f000-7fa0ef620000 r--p 0001f000 103:03 25433985                  /home/ian/.jdks/corretto-21.0.9/lib/libjava.so
7fa0ef620000-7fa0ef621000 rw-p 00020000 103:03 25433985                  /home/ian/.jdks/corretto-21.0.9/lib/libjava.so
7fa0ef621000-7fa0ef622000 rw-p 00000000 00:00 0 
7fa0ef622000-7fa0ef626000 rw-s 00000000 00:07 1548                       /dev/nvidiactl
7fa0ef626000-7fa0ef628000 rw-s 00000000 00:07 1548                       /dev/nvidiactl
7fa0ef628000-7fa0ef62b000 rw-s 00000000 00:07 1548                       /dev/nvidiactl
7fa0ef62b000-7fa0ef62d000 rw-s 00000000 00:01 9937                       /memfd:/.glXXXXXX (deleted)
7fa0ef62d000-7fa0ef631000 rw-s 00000000 00:07 1548                       /dev/nvidiactl
7fa0ef631000-7fa0ef633000 rw-s 00000000 00:07 1548                       /dev/nvidiactl
7fa0ef633000-7fa0ef637000 rw-s 00000000 00:07 1548                       /dev/nvidiactl
7fa0ef637000-7fa0ef63e000 r--p 00000000 103:02 952818                    /usr/lib/libxcb-randr.so.0.1.0
7fa0ef63e000-7fa0ef644000 r-xp 00007000 103:02 952818                    /usr/lib/libxcb-randr.so.0.1.0
7fa0ef644000-7fa0ef647000 r--p 0000d000 103:02 952818                    /usr/lib/libxcb-randr.so.0.1.0
7fa0ef647000-7fa0ef648000 r--p 00010000 103:02 952818                    /usr/lib/libxcb-randr.so.0.1.0
7fa0ef648000-7fa0ef649000 rw-p 00011000 103:02 952818                    /usr/lib/libxcb-randr.so.0.1.0
7fa0ef649000-7fa0ef64e000 r--p 00000000 103:02 958398                    /usr/lib/libdrm.so.2.134.0
7fa0ef64e000-7fa0ef65a000 r-xp 00005000 103:02 958398                    /usr/lib/libdrm.so.2.134.0
7fa0ef65a000-7fa0ef65e000 r--p 00011000 103:02 958398                    /usr/lib/libdrm.so.2.134.0
7fa0ef65e000-7fa0ef65f000 r--p 00015000 103:02 958398                    /usr/lib/libdrm.so.2.134.0
7fa0ef65f000-7fa0ef660000 rw-p 00016000 103:02 958398                    /usr/lib/libdrm.so.2.134.0
7fa0ef660000-7fa0ef670000 rw-s 00000000 00:07 1550                       /dev/nvidia0
7fa0ef670000-7fa0ef680000 rw-s 00000000 00:07 1550                       /dev/nvidia0
7fa0ef680000-7fa0ef6b5000 r-xp 00000000 00:2a 670                        /tmp/lwjgl_ian/3.4.0+20/x64/liblwjgl.so
7fa0ef6b5000-7fa0ef6fd000 r--p 00035000 00:2a 670                        /tmp/lwjgl_ian/3.4.0+20/x64/liblwjgl.so
7fa0ef6fd000-7fa0ef6fe000 r--p 0007c000 00:2a 670                        /tmp/lwjgl_ian/3.4.0+20/x64/liblwjgl.so
7fa0ef6fe000-7fa0ef6ff000 rw-p 0007d000 00:2a 670                        /tmp/lwjgl_ian/3.4.0+20/x64/liblwjgl.so
7fa0ef6ff000-7fa0ef800000 rw-p 00000000 00:00 0 
7fa0ef800000-7fa0f7f76000 r--s 00000000 103:03 25433962                  /home/ian/.jdks/corretto-21.0.9/lib/modules
7fa0f7f76000-7fa0f7f79000 r--p 00000000 103:02 952845                    /usr/lib/libxcb-xfixes.so.0.0.0
7fa0f7f79000-7fa0f7f7c000 r-xp 00003000 103:02 952845                    /usr/lib/libxcb-xfixes.so.0.0.0
7fa0f7f7c000-7fa0f7f7d000 r--p 00006000 103:02 952845                    /usr/lib/libxcb-xfixes.so.0.0.0
7fa0f7f7d000-7fa0f7f7e000 r--p 00007000 103:02 952845                    /usr/lib/libxcb-xfixes.so.0.0.0
7fa0f7f7e000-7fa0f7f7f000 rw-p 00008000 103:02 952845                    /usr/lib/libxcb-xfixes.so.0.0.0
7fa0f7f7f000-7fa0f9c75000 rw-p 00000000 00:00 0 
7fa0f9c75000-7fa0fc000000 ---p 00000000 00:00 0 
7fa0fc000000-7fa0fc001000 rw-s 00000000 00:07 1550                       /dev/nvidia0
7fa0fc001000-7fa0fc004000 r--p 00000000 103:02 952839                    /usr/lib/libxcb-sync.so.1.0.0
7fa0fc004000-7fa0fc007000 r-xp 00003000 103:02 952839                    /usr/lib/libxcb-sync.so.1.0.0
7fa0fc007000-7fa0fc008000 r--p 00006000 103:02 952839                    /usr/lib/libxcb-sync.so.1.0.0
7fa0fc008000-7fa0fc009000 r--p 00007000 103:02 952839                    /usr/lib/libxcb-sync.so.1.0.0
7fa0fc009000-7fa0fc00a000 rw-p 00008000 103:02 952839                    /usr/lib/libxcb-sync.so.1.0.0
7fa0fc00a000-7fa0fc00b000 r--p 00000000 103:02 952815                    /usr/lib/libxcb-present.so.0.0.0
7fa0fc00b000-7fa0fc00c000 r-xp 00001000 103:02 952815                    /usr/lib/libxcb-present.so.0.0.0
7fa0fc00c000-7fa0fc00d000 r--p 00002000 103:02 952815                    /usr/lib/libxcb-present.so.0.0.0
7fa0fc00d000-7fa0fc00e000 r--p 00002000 103:02 952815                    /usr/lib/libxcb-present.so.0.0.0
7fa0fc00e000-7fa0fc00f000 rw-p 00003000 103:02 952815                    /usr/lib/libxcb-present.so.0.0.0
7fa0fc00f000-7fa0fc01b000 r--p 00000000 103:02 952812                    /usr/lib/libxcb-glx.so.0.0.0
7fa0fc01b000-7fa0fc024000 r-xp 0000c000 103:02 952812                    /usr/lib/libxcb-glx.so.0.0.0
7fa0fc024000-7fa0fc029000 r--p 00015000 103:02 952812                    /usr/lib/libxcb-glx.so.0.0.0
7fa0fc029000-7fa0fc02b000 r--p 0001a000 103:02 952812                    /usr/lib/libxcb-glx.so.0.0.0
7fa0fc02b000-7fa0fc02c000 rw-p 0001c000 103:02 952812                    /usr/lib/libxcb-glx.so.0.0.0
7fa0fc02c000-7fa0fc233000 rw-p 00000000 00:00 0 
7fa0fc233000-7fa0fc317000 ---p 00000000 00:00 0 
7fa0fc317000-7fa0fc320000 rw-p 00000000 00:00 0 
7fa0fc320000-7fa0fc400000 ---p 00000000 00:00 0 
7fa0fc400000-7fa0fc41b000 r-xp 00000000 103:03 25433967                  /home/ian/.jdks/corretto-21.0.9/lib/libjimage.so
7fa0fc41b000-7fa0fc61a000 ---p 0001b000 103:03 25433967                  /home/ian/.jdks/corretto-21.0.9/lib/libjimage.so
7fa0fc61a000-7fa0fc61c000 r--p 0001a000 103:03 25433967                  /home/ian/.jdks/corretto-21.0.9/lib/libjimage.so
7fa0fc61c000-7fa0fc61d000 rw-p 0001c000 103:03 25433967                  /home/ian/.jdks/corretto-21.0.9/lib/libjimage.so
7fa0fc61d000-7fa0fc61e000 rw-s 00000000 00:07 1548                       /dev/nvidiactl
7fa0fc61e000-7fa0fc620000 r--p 00000000 103:02 952809                    /usr/lib/libxcb-dri3.so.0.1.0
7fa0fc620000-7fa0fc622000 r-xp 00002000 103:02 952809                    /usr/lib/libxcb-dri3.so.0.1.0
7fa0fc622000-7fa0fc623000 r--p 00004000 103:02 952809                    /usr/lib/libxcb-dri3.so.0.1.0
7fa0fc623000-7fa0fc624000 r--p 00004000 103:02 952809                    /usr/lib/libxcb-dri3.so.0.1.0
7fa0fc624000-7fa0fc625000 rw-p 00005000 103:02 952809                    /usr/lib/libxcb-dri3.so.0.1.0
7fa0fc625000-7fa0fc700000 rw-p 00000000 00:00 0 
7fa0fc700000-7fa0fc704000 ---p 00000000 00:00 0 
7fa0fc704000-7fa0fc800000 rw-p 00000000 00:00 0 
7fa0fc800000-7fa0fdc64000 r-xp 00000000 103:03 25433974                  /home/ian/.jdks/corretto-21.0.9/lib/server/libjvm.so
7fa0fdc64000-7fa0fde63000 ---p 01464000 103:03 25433974                  /home/ian/.jdks/corretto-21.0.9/lib/server/libjvm.so
7fa0fde63000-7fa0fdf38000 r--p 01463000 103:03 25433974                  /home/ian/.jdks/corretto-21.0.9/lib/server/libjvm.so
7fa0fdf38000-7fa0fdf68000 rw-p 01538000 103:03 25433974                  /home/ian/.jdks/corretto-21.0.9/lib/server/libjvm.so
7fa0fdf68000-7fa0fdfce000 rw-p 00000000 00:00 0 
7fa0fdfce000-7fa0fdfcf000 rw-s 00000000 00:07 1548                       /dev/nvidiactl
7fa0fdfcf000-7fa0fdfd0000 r--p 00000000 103:02 963387                    /usr/lib/libnvidia-tls.so.610.43.02
7fa0fdfd0000-7fa0fdfd2000 r-xp 00001000 103:02 963387                    /usr/lib/libnvidia-tls.so.610.43.02
7fa0fdfd2000-7fa0fdfd3000 r--p 00003000 103:02 963387                    /usr/lib/libnvidia-tls.so.610.43.02
7fa0fdfd3000-7fa0fdfd4000 r--p 00003000 103:02 963387                    /usr/lib/libnvidia-tls.so.610.43.02
7fa0fdfd4000-7fa0fdfd5000 rw-p 00004000 103:02 963387                    /usr/lib/libnvidia-tls.so.610.43.02
7fa0fdfd5000-7fa0fdfd6000 r--p 00000000 103:02 945151                    /usr/lib/libX11-xcb.so.1.0.0
7fa0fdfd6000-7fa0fdfd7000 r-xp 00001000 103:02 945151                    /usr/lib/libX11-xcb.so.1.0.0
7fa0fdfd7000-7fa0fdfd8000 r--p 00002000 103:02 945151                    /usr/lib/libX11-xcb.so.1.0.0
7fa0fdfd8000-7fa0fdfd9000 r--p 00002000 103:02 945151                    /usr/lib/libX11-xcb.so.1.0.0
7fa0fdfd9000-7fa0fdfda000 rw-p 00003000 103:02 945151                    /usr/lib/libX11-xcb.so.1.0.0
7fa0fdfda000-7fa0fdfdd000 r--p 00000000 103:02 958651                    /usr/lib/libXcursor.so.1.0.2
7fa0fdfdd000-7fa0fdfe3000 r-xp 00003000 103:02 958651                    /usr/lib/libXcursor.so.1.0.2
7fa0fdfe3000-7fa0fdfe5000 r--p 00009000 103:02 958651                    /usr/lib/libXcursor.so.1.0.2
7fa0fdfe5000-7fa0fdfe6000 r--p 0000a000 103:02 958651                    /usr/lib/libXcursor.so.1.0.2
7fa0fdfe6000-7fa0fdfe7000 rw-p 0000b000 103:02 958651                    /usr/lib/libXcursor.so.1.0.2
7fa0fdfe7000-7fa0fdfe9000 r--p 00000000 103:02 956588                    /usr/lib/libXrender.so.1.3.0
7fa0fdfe9000-7fa0fdff0000 r-xp 00002000 103:02 956588                    /usr/lib/libXrender.so.1.3.0
7fa0fdff0000-7fa0fdff1000 r--p 00009000 103:02 956588                    /usr/lib/libXrender.so.1.3.0
7fa0fdff1000-7fa0fdff2000 r--p 00009000 103:02 956588                    /usr/lib/libXrender.so.1.3.0
7fa0fdff2000-7fa0fdff3000 rw-p 0000a000 103:02 956588                    /usr/lib/libXrender.so.1.3.0
7fa0fdff3000-7fa0fdff5000 r--p 00000000 103:02 958841                    /usr/lib/libXrandr.so.2.2.0
7fa0fdff5000-7fa0fdffc000 r-xp 00002000 103:02 958841                    /usr/lib/libXrandr.so.2.2.0
7fa0fdffc000-7fa0fdffe000 r--p 00009000 103:02 958841                    /usr/lib/libXrandr.so.2.2.0
7fa0fdffe000-7fa0fdfff000 r--p 0000a000 103:02 958841                    /usr/lib/libXrandr.so.2.2.0
7fa0fdfff000-7fa0fe000000 rw-p 0000b000 103:02 958841                    /usr/lib/libXrandr.so.2.2.0
7fa0fe000000-7fa0fe024000 r--p 00000000 103:02 920569                    /usr/lib/libc.so.6
7fa0fe024000-7fa0fe19a000 r-xp 00024000 103:02 920569                    /usr/lib/libc.so.6
7fa0fe19a000-7fa0fe20f000 r--p 0019a000 103:02 920569                    /usr/lib/libc.so.6
7fa0fe20f000-7fa0fe213000 r--p 0020e000 103:02 920569                    /usr/lib/libc.so.6
7fa0fe213000-7fa0fe215000 rw-p 00212000 103:02 920569                    /usr/lib/libc.so.6
7fa0fe215000-7fa0fe21d000 rw-p 00000000 00:00 0 
7fa0fe21d000-7fa0fe21e000 rw-s 00000000 00:07 1550                       /dev/nvidia0
7fa0fe21e000-7fa0fe21f000 rw-s 00000000 00:07 1548                       /dev/nvidiactl
7fa0fe21f000-7fa0fe220000 r--p 00000000 103:02 958720                    /usr/lib/libXinerama.so.1.0.0
7fa0fe220000-7fa0fe221000 r-xp 00001000 103:02 958720                    /usr/lib/libXinerama.so.1.0.0
7fa0fe221000-7fa0fe222000 r--p 00002000 103:02 958720                    /usr/lib/libXinerama.so.1.0.0
7fa0fe222000-7fa0fe223000 r--p 00002000 103:02 958720                    /usr/lib/libXinerama.so.1.0.0
7fa0fe223000-7fa0fe224000 rw-p 00003000 103:02 958720                    /usr/lib/libXinerama.so.1.0.0
7fa0fe224000-7fa0fe230000 r--p 00000000 103:02 952866                    /usr/lib/libxcb.so.1.1.0
7fa0fe230000-7fa0fe244000 r-xp 0000c000 103:02 952866                    /usr/lib/libxcb.so.1.1.0
7fa0fe244000-7fa0fe24d000 r--p 00020000 103:02 952866                    /usr/lib/libxcb.so.1.1.0
7fa0fe24d000-7fa0fe24e000 r--p 00028000 103:02 952866                    /usr/lib/libxcb.so.1.1.0
7fa0fe24e000-7fa0fe24f000 rw-p 00029000 103:02 952866                    /usr/lib/libxcb.so.1.1.0
7fa0fe24f000-7fa0fe2cd000 rw-p 00000000 00:00 0 
7fa0fe2cd000-7fa0fe2dd000 r--p 00000000 103:02 920582                    /usr/lib/libm.so.6
7fa0fe2dd000-7fa0fe376000 r-xp 00010000 103:02 920582                    /usr/lib/libm.so.6
7fa0fe376000-7fa0fe3fe000 r--p 000a9000 103:02 920582                    /usr/lib/libm.so.6
7fa0fe3fe000-7fa0fe3ff000 r--p 00130000 103:02 920582                    /usr/lib/libm.so.6
7fa0fe3ff000-7fa0fe400000 rw-p 00131000 103:02 920582                    /usr/lib/libm.so.6
7fa0fe400000-7fa0fe40f000 r-xp 00000000 103:03 25433955                  /home/ian/.jdks/corretto-21.0.9/lib/libjli.so
7fa0fe40f000-7fa0fe60f000 ---p 0000f000 103:03 25433955                  /home/ian/.jdks/corretto-21.0.9/lib/libjli.so
7fa0fe60f000-7fa0fe610000 r--p 0000f000 103:03 25433955                  /home/ian/.jdks/corretto-21.0.9/lib/libjli.so
7fa0fe610000-7fa0fe611000 rw-p 00010000 103:03 25433955                  /home/ian/.jdks/corretto-21.0.9/lib/libjli.so
7fa0fe611000-7fa0fe612000 rw-s 00000000 00:07 1548                       /dev/nvidiactl
7fa0fe612000-7fa0fe615000 r--p 00000000 103:02 956093                    /usr/lib/libXi.so.6.1.0
7fa0fe615000-7fa0fe622000 r-xp 00003000 103:02 956093                    /usr/lib/libXi.so.6.1.0
7fa0fe622000-7fa0fe625000 r--p 00010000 103:02 956093                    /usr/lib/libXi.so.6.1.0
7fa0fe625000-7fa0fe626000 r--p 00012000 103:02 956093                    /usr/lib/libXi.so.6.1.0
7fa0fe626000-7fa0fe627000 rw-p 00013000 103:02 956093                    /usr/lib/libXi.so.6.1.0
7fa0fe627000-7fa0fe62b000 r--p 00000000 103:02 955953                    /usr/lib/libXext.so.6.4.0
7fa0fe62b000-7fa0fe636000 r-xp 00004000 103:02 955953                    /usr/lib/libXext.so.6.4.0
7fa0fe636000-7fa0fe639000 r--p 0000f000 103:02 955953                    /usr/lib/libXext.so.6.4.0
7fa0fe639000-7fa0fe63a000 r--p 00011000 103:02 955953                    /usr/lib/libXext.so.6.4.0
7fa0fe63a000-7fa0fe63b000 rw-p 00012000 103:02 955953                    /usr/lib/libXext.so.6.4.0
7fa0fe63b000-7fa0fe63c000 r--p 00000000 103:02 920608                    /usr/lib/librt.so.1
7fa0fe63c000-7fa0fe63d000 r-xp 00001000 103:02 920608                    /usr/lib/librt.so.1
7fa0fe63d000-7fa0fe63e000 r--p 00002000 103:02 920608                    /usr/lib/librt.so.1
7fa0fe63e000-7fa0fe63f000 r--p 00002000 103:02 920608                    /usr/lib/librt.so.1
7fa0fe63f000-7fa0fe640000 rw-p 00003000 103:02 920608                    /usr/lib/librt.so.1
7fa0fe640000-7fa0fe642000 rw-p 00000000 00:00 0 
7fa0fe642000-7fa0fe643000 r--p 00000000 103:02 920575                    /usr/lib/libdl.so.2
7fa0fe643000-7fa0fe644000 r-xp 00001000 103:02 920575                    /usr/lib/libdl.so.2
7fa0fe644000-7fa0fe645000 r--p 00002000 103:02 920575                    /usr/lib/libdl.so.2
7fa0fe645000-7fa0fe646000 r--p 00002000 103:02 920575                    /usr/lib/libdl.so.2
7fa0fe646000-7fa0fe647000 rw-p 00003000 103:02 920575                    /usr/lib/libdl.so.2
7fa0fe647000-7fa0fe648000 r--p 00000000 103:02 920600                    /usr/lib/libpthread.so.0
7fa0fe648000-7fa0fe649000 r-xp 00001000 103:02 920600                    /usr/lib/libpthread.so.0
7fa0fe649000-7fa0fe64a000 r--p 00002000 103:02 920600                    /usr/lib/libpthread.so.0
7fa0fe64a000-7fa0fe64b000 r--p 00002000 103:02 920600                    /usr/lib/libpthread.so.0
7fa0fe64b000-7fa0fe64c000 rw-p 00003000 103:02 920600                    /usr/lib/libpthread.so.0
7fa0fe64c000-7fa0fe64f000 r--p 00000000 103:02 924378                    /usr/lib/libz.so.1.3.2
7fa0fe64f000-7fa0fe65f000 r-xp 00003000 103:02 924378                    /usr/lib/libz.so.1.3.2
7fa0fe65f000-7fa0fe665000 r--p 00013000 103:02 924378                    /usr/lib/libz.so.1.3.2
7fa0fe665000-7fa0fe666000 r--p 00018000 103:02 924378                    /usr/lib/libz.so.1.3.2
7fa0fe666000-7fa0fe667000 rw-p 00019000 103:02 924378                    /usr/lib/libz.so.1.3.2
7fa0fe667000-7fa0fe668000 r--s 00000000 00:07 1548                       /dev/nvidiactl
7fa0fe668000-7fa0fe66a000 r--p 00000000 103:02 956087                    /usr/lib/libXfixes.so.3.1.0
7fa0fe66a000-7fa0fe66d000 r-xp 00002000 103:02 956087                    /usr/lib/libXfixes.so.3.1.0
7fa0fe66d000-7fa0fe66e000 r--p 00005000 103:02 956087                    /usr/lib/libXfixes.so.3.1.0
7fa0fe66e000-7fa0fe66f000 r--p 00005000 103:02 956087                    /usr/lib/libXfixes.so.3.1.0
7fa0fe66f000-7fa0fe670000 rw-p 00006000 103:02 956087                    /usr/lib/libXfixes.so.3.1.0
7fa0fe670000-7fa0fe671000 r--p 00000000 103:02 958373                    /usr/lib/libXxf86vm.so.1.0.0
7fa0fe671000-7fa0fe674000 r-xp 00001000 103:02 958373                    /usr/lib/libXxf86vm.so.1.0.0
7fa0fe674000-7fa0fe675000 r--p 00004000 103:02 958373                    /usr/lib/libXxf86vm.so.1.0.0
7fa0fe675000-7fa0fe676000 r--p 00004000 103:02 958373                    /usr/lib/libXxf86vm.so.1.0.0
7fa0fe676000-7fa0fe677000 rw-p 00005000 103:02 958373                    /usr/lib/libXxf86vm.so.1.0.0
7fa0fe677000-7fa0fe679000 r--p 00000000 103:02 952778                    /usr/lib/libXdmcp.so.6.0.0
7fa0fe679000-7fa0fe67b000 r-xp 00002000 103:02 952778                    /usr/lib/libXdmcp.so.6.0.0
7fa0fe67b000-7fa0fe67d000 r--p 00004000 103:02 952778                    /usr/lib/libXdmcp.so.6.0.0
7fa0fe67d000-7fa0fe67e000 r--p 00005000 103:02 952778                    /usr/lib/libXdmcp.so.6.0.0
7fa0fe67e000-7fa0fe67f000 rw-p 00006000 103:02 952778                    /usr/lib/libXdmcp.so.6.0.0
7fa0fe67f000-7fa0fe680000 r--p 00000000 103:02 952781                    /usr/lib/libXau.so.6.0.0
7fa0fe680000-7fa0fe681000 r-xp 00001000 103:02 952781                    /usr/lib/libXau.so.6.0.0
7fa0fe681000-7fa0fe682000 r--p 00002000 103:02 952781                    /usr/lib/libXau.so.6.0.0
7fa0fe682000-7fa0fe683000 r--p 00002000 103:02 952781                    /usr/lib/libXau.so.6.0.0
7fa0fe683000-7fa0fe684000 rw-p 00003000 103:02 952781                    /usr/lib/libXau.so.6.0.0
7fa0fe684000-7fa0fe68d000 rw-p 00000000 00:00 0 
7fa0fe68d000-7fa0fe693000 ---p 00000000 00:00 0 
7fa0fe693000-7fa0fe69b000 rw-s 00000000 00:2a 964                        /tmp/hsperfdata_ian/47351
7fa0fe69b000-7fa0fe69c000 ---p 00000000 00:00 0 
7fa0fe69c000-7fa0fe69d000 r--p 00000000 00:00 0 
7fa0fe69d000-7fa0fe69e000 ---p 00000000 00:00 0 
7fa0fe69e000-7fa0fe6a0000 rw-p 00000000 00:00 0 
7fa0fe6a0000-7fa0fe6a4000 r--p 00000000 00:00 0                          [vvar]
7fa0fe6a4000-7fa0fe6a6000 r--p 00000000 00:00 0                          [vvar_vclock]
7fa0fe6a6000-7fa0fe6a8000 r-xp 00000000 00:00 0                          [vdso]
7fa0fe6a8000-7fa0fe6a9000 r--p 00000000 103:02 920559                    /usr/lib/ld-linux-x86-64.so.2
7fa0fe6a9000-7fa0fe6d3000 r-xp 00001000 103:02 920559                    /usr/lib/ld-linux-x86-64.so.2
7fa0fe6d3000-7fa0fe6e2000 r--p 0002b000 103:02 920559                    /usr/lib/ld-linux-x86-64.so.2
7fa0fe6e2000-7fa0fe6e4000 r--p 00039000 103:02 920559                    /usr/lib/ld-linux-x86-64.so.2
7fa0fe6e4000-7fa0fe6e5000 rw-p 0003b000 103:02 920559                    /usr/lib/ld-linux-x86-64.so.2
7fa0fe6e5000-7fa0fe6e6000 rw-p 00000000 00:00 0 
7fff0bb9f000-7fff0bbc2000 rw-p 00000000 00:00 0                          [stack]
ffffffffff600000-ffffffffff601000 --xp 00000000 00:00 0                  [vsyscall]
Total number of mappings: 624

JVMTI agents: none


VM Arguments:
jvm_args: -Dfile.encoding=UTF-8 -Duser.country=US -Duser.language=en -Duser.variant 
java_command: net.ice.relic.common.test.VulkanTest
java_class_path (initial): /mnt/Alpha/Users/Ian/Documents/Relic/build/classes/java/main:/mnt/Alpha/Users/Ian/Documents/Relic/build/resources/main:/home/ian/.gradle/caches/modules-2/files-2.1/io.github.spair/imgui-java-app/1.87.0/25624ee3da9585987e9af98d72306dfc6d9f2769/imgui-java-app-1.87.0.jar:/home/ian/.gradle/caches/modules-2/files-2.1/io.github.spair/imgui-java-lwjgl3/1.87.0/a012a5f097de8a0ef879a9fb58b0a8134f5842e1/imgui-java-lwjgl3-1.87.0.jar:/home/ian/.gradle/caches/modules-2/files-2.1/org.lwjgl/lwjgl-assimp/3.4.0/4c958db45767dafbd4ba2a2985cc8e68a6213852/lwjgl-assimp-3.4.0.jar:/home/ian/.gradle/caches/modules-2/files-2.1/org.lwjgl/lwjgl-assimp/3.4.0/c3928509ca1acac49a9a7df5e5692d3e06a96b13/lwjgl-assimp-3.4.0-natives-linux.jar:/home/ian/.gradle/caches/modules-2/files-2.1/org.lwjgl/lwjgl-fmod/3.4.0/d75fea49bfba338122686b44575ab3d8f1d69c72/lwjgl-fmod-3.4.0.jar:/home/ian/.gradle/caches/modules-2/files-2.1/org.lwjgl/lwjgl-glfw/3.4.0/bb282ac212eb91f6b2add25ac31dce896f9c5b64/lwjgl-glfw-3.4.0.jar:/home/ian/.gradle/caches/modules-2/files-2.1/org.lwjgl/lwjgl-glfw/3.4.0/268728a68d2dc9bf80d09711e727ac70923d2337/lwjgl-glfw-3.4.0-natives-linux.jar:/home/ian/.gradle/caches/modules-2/files-2.1/org.lwjgl/lwjgl-glfw/3.4.0/770e27000b7a1c945a357a532e2008e65cab3a88/lwjgl-glfw-3.4.0-natives-windows.jar:/home/ian/.gradle/caches/modules-2/files-2.1/org.lwjgl/lwjgl-glfw/3.4.0/5e922dccd48983cc5749e59f36a7ec6c0aa5358f/lwjgl-glfw-3.4.0-natives-macos.jar:/home/ian/.gradle/caches/modules-2/files-2.1/org.lwjgl/lwjgl-glfw/3.4.0/bd93201672fb486ca1db69ed2026470fce1dc802/lwjgl-glfw-3.4.0-natives-macos-arm64.jar:/home/ian/.gradle/caches/modules-2/files-2.1/org.lwjgl/lwjgl-nanovg/3.4.0/4a129b238ca8809ac737b879379d64baad8859a3/lwjgl-nanovg-3.4.0.jar:/home/ian/.gradle/caches/modules-2/files-2.1/org.lwjgl/lwjgl-nanovg/3.4.0/f73c49847d51fdc2520c3d9570c5c90fdc093a92/lwjgl-nanovg-3.4.0-natives-linux.jar:/home/ian/.gradle/caches/modules-2/files-2.1/org.lwjgl/lwjgl-nfd/3.4.0/b7d1204bc0c5934736f12c1a11f132fe90ef36b3/lwjgl-nfd-3.4.0.jar:/home/ian/.gradle/caches/modules-2/files-2.1/org.lwjgl/lwjgl-nfd/3.4.0/9f8ad691766f6f47c3836c4723c6d9b3a2d5066b/lwjgl-nfd-3.4.0-natives-linux.jar:/home/ian/.gradle/caches/modules-2/files-2.1/org.lwjgl/lwjgl-nuklear/3.4.0/21e9ff01d44a80c2da96ff15bbd87fc93317b692/lwjgl-nuklear-3.4.0.jar:/home/ian/.gradle/caches/modules-2/files-2.1/org.lwjgl/lwjgl-nuklear/3.4.0/4d3ce2cbe2538d0199bb1f3dc351038220e9fa60/lwjgl-nuklear-3.4.0-natives-linux.jar:/home/ian/.gradle/caches/modules-2/files-2.1/org.lwjgl/lwjgl-openal/3.4.0/84d61bc4367e21a567fcc4ee9efefd1e11b3cd05/lwjgl-openal-3.4.0.jar:/home/ian/.gradle/caches/modules-2/files-2.1/org.lwjgl/lwjgl-openal/3.4.0/d3920fb7abdb4414ef2232652be0c266db0c1d56/lwjgl-openal-3.4.0-natives-linux.jar:/home/ian/.gradle/caches/modules-2/files-2.1/org.lwjgl/lwjgl-opengl/3.4.0/5947ab24b5dbe93a9e011ac4fd5f8f14dfb138c2/lwjgl-opengl-3.4.0.jar:/home/ian/.gradle/caches/modules-2/files-2.1/org.lwjgl/lwjgl-opengl/3.4.0/b812e19721d2f0656cc4cb665d22d7a001acfd11/lwjgl-opengl-3.4.0-natives-linux.jar:/home/ian/.gradle/caches/modules-2/files-2.1/org.lwjgl/lwjgl-opengl/3.4.0/e8443b8558d12ccffb16248ebfe0d670d3bfdb29/lwjgl-opengl-3.4.0-natives-windows.jar:/home/ian/.gradle/caches/modules-2/files-2.1/org.lwjgl/lwjgl-opengl/3.4.0/4ca0f553caf201a22e16c95a2049a6759bde01f2/lwjgl-opengl-3.4.0-natives-macos.jar:/home/ian/.gradle/caches/modules-2/files-2.1/org.lwjgl/lwjgl-opengl/3.4.0/fb1636c9c8824b639ff51757136c73fbc1efe741/lwjgl-opengl-3.4.0-natives-macos-arm64.jar:/home/ian/.gradle/caches/modules-2/files-2.1/org.lwjgl/lwjgl-openxr/3.4.0/a3fad711516e644cf520951d3a91445546f9983c/lwjgl-openxr-3.4.0.jar:/home/ian/.gradle/caches/modules-2/files-2.1/org.lwjgl/lwjgl-openxr/3.4.0/2c72f1c97c056ded036dfd45a6154375c71fbf88/lwjgl-openxr-3.4.0-natives-linux.jar:/home/ian/.gradle/caches/modules-2/files-2.1/org.lwjgl/lwjgl-par/3.4.0/34bc16f420ba7e430a4e15a636559bb35e330441/lwjgl-par-3.4.0.jar:/home/ian/.gradle/caches/modules-2/files-2.1/org.lwjgl/lwjgl-par/3.4.0/778173f8ee2a2152b48b30ce0b8230b0c64c1ab8/lwjgl-par-3.4.0-natives-linux.jar:/home/ian/.gradle/caches/modules-2/files-2.1/org.lwjgl/lwjgl-sdl/3.4.0/82000cb52ce5fede90cd1b0f10f16d01b3c79cca/lwjgl-sdl-3.4.0.jar:/home/ian/.gradle/caches/modules-2/files-2.1/org.lwjgl/lwjgl-sdl/3.4.0/f997a2adb2a6445f82ae7009d6a1d49486e7d5f1/lwjgl-sdl-3.4.0-natives-linux.jar:/home/ian/.gradle/caches/modules-2/files-2.1/org.lwjgl/lwjgl-shaderc/3.4.0/56f7e5697a40099641de0ecbfc31c6fd958652c7/lwjgl-shaderc-3.4.0.jar:/home/ian/.gradle/caches/modules-2/files-2.1/org.lwjgl/lwjgl-shaderc/3.4.0/fe27fa43588442ca59bd5332d47677c62fba511/lwjgl-shaderc-3.4.0-natives-linux.jar:/home/ian/.gradle/caches/modules-2/files-2.1/org.lwjgl/lwjgl-spvc/3.4.0/126bf8255ac528b00e52cb30e69024872bfaf544/lwjgl-spvc-3.4.0.jar:/home/ian/.gradle/caches/modules-2/files-2.1/org.lwjgl/lwjgl-spvc/3.4.0/4a2864d122b6ede1afb401f51746d08419c958bf/lwjgl-spvc-3.4.0-natives-linux.jar:/home/ian/.gradle/caches/modules-2/files-2.1/org.lwjgl/lwjgl-stb/3.4.0/8bd174a85c684943b6a90281c30cd1037d1faee0/lwjgl-stb-3.4.0.jar:/home/ian/.gradle/caches/modules-2/files-2.1/org.lwjgl/lwjgl-stb/3.4.0/fbd8b32630bc6ea496c6b4f6990587b42dd4e0e5/lwjgl-stb-3.4.0-natives-linux.jar:/home/ian/.gradle/caches/modules-2/files-2.1/org.lwjgl/lwjgl-vulkan/3.4.0/ee2126cfa8fafe86163fc0359c99403099e50e17/lwjgl-vulkan-3.4.0.jar:/home/ian/.gradle/caches/modules-2/files-2.1/org.lwjgl/lwjgl/3.4.0/201de49386cbba233b36eca434ce9e56345a5f8a/lwjgl-3.4.0.jar:/home/ian/.gradle/caches/modules-2/files-2.1/org.lwjgl/lwjgl/3.4.0/dd278b9fb054ec4fca53b3e49c67f4ff26b82c4/lwjgl-3.4.0-natives-linux.jar:/home/ian/.gradle/caches/modules-2/files-2.1/org.lwjgl/lwjgl/3.4.0/93e881238b992ab309c3d58d60976586b3dfe810/lwjgl-3.4.0-natives-windows.jar:/home/ian/.gradle/caches/modules-2/files-2.1/org.lwjgl/lwjgl/3.4.0/de0814d1d5b233eb9a25d07424e7880817094451/lwjgl-3.4.0-natives-macos.jar:/home/ian/.gradle/caches/modules-2/files-2.1/org.lwjgl/lwjgl/3.4.0/416aa822485e7e877ac542e315a820d28f50b32a/lwjgl-3.4.0-natives-macos-arm64.jar:/home/ian/.gradle/caches/modules-2/files-2.1/org.reflections/reflections/0.10.2/b638d7ca0e0fe0146b60a0e7ba232ad852a73b31/reflections-0.10.2.jar:/home/ian/.gradle/caches/modules-2/files-2.1/io.github.classgraph/classgraph/4.8.180/aaa09049cd621dfb742e844722c822a69d7f44bb/classgraph-4.8.180.jar:/home/ian/.gradle/caches/modules-2/files-2.1/org.joml/joml/1.10.7/f8c3f2e7db281bde099342dd36133de4bbba390c/joml-1.10.7.jar:/home/ian/.gradle/caches/modules-2/files-2.1/org.tinylog/tinylog-impl/2.7.0/46a5d4d50d3302460a5143e51befdb7245ccba5d/tinylog-impl-2.7.0.jar:/home/ian/.gradle/caches/modules-2/files-2.1/org.tinylog/tinylog-api/2.7.0/17875aa7c4acfee6a9e9a83a5d1469cc0411be40/tinylog-api-2.7.0.jar:/home/ian/.gradle/caches/modules-2/files-2.1/org.json/json/20250107/a1b5f0b5a1ce018b93a691c57ffc7d141b3a10f1/json-20250107.jar:/home/ian/.gradle/caches/modules-2/files-2.1/org.javassist/javassist/3.28.0-GA/9a958811a88381bb159cc2f5ed79c34a45c4af7a/javassist-3.28.0-GA.jar:/home/ian/.gradle/caches/modules-2/files-2.1/com.google.code.findbugs/jsr305/3.0.2/25ea2e8b0c338a877313bd4672d3fe056ea78f0d/jsr305-3.0.2.jar:/home/ian/.gradle/caches/modules-2/files-2.1/org.slf4j/slf4j-api/1.7.32/cdcff33940d9f2de763bc41ea05a0be5941176c3/slf4j-api-1.7.32.jar:/home/ian/.gradle/caches/modules-2/files-2.1/org.jetbrains.kotlin/kotlin-stdlib-jdk8/1.8.20/73576ddf378c5b4f1f6b449fe6b119b8183fc078/kotlin-stdlib-jdk8-1.8.20.jar:/home/ian/.gradle/caches/modules-2/files-2.1/io.github.spair/imgui-java-binding/1.87.0/d4aaefccf68831f6ba75823b945ba1400278e3e7/imgui-java-binding-1.87.0.jar:/home/ian/.gradle/caches/modules-2/files-2.1/org.jetbrains.kotlin/kotlin-stdlib-jdk7/1.8.20/3aa51faf20aae8b31e1a4bc54f8370673d7b7df4/kotlin-stdlib-jdk7-1.8.20.jar:/home/ian/.gradle/caches/modules-2/files-2.1/org.jetbrains.kotlin/kotlin-stdlib/1.8.20/e72fc5e03ec6c064c678a6bd0d955c88d55b0c4a/kotlin-stdlib-1.8.20.jar:/home/ian/.gradle/caches/modules-2/files-2.1/org.jetbrains.kotlin/kotlin-stdlib-common/1.8.20/5eddaaf234c8c49d03eebeb6a14feb7f90faca71/kotlin-stdlib-common-1.8.20.jar:/home/ian/.gradle/caches/modules-2/files-2.1/org.jetbrains/annotations/13.0/919f0dfe192fb4e063e7dacadee7f8bb9a2672a9/annotations-13.0.jar
Launcher Type: SUN_STANDARD

[Global flags]
     intx CICompilerCount                          = 12                                        {product} {ergonomic}
     uint ConcGCThreads                            = 5                                         {product} {ergonomic}
     uint G1ConcRefinementThreads                  = 18                                        {product} {ergonomic}
   size_t G1HeapRegionSize                         = 8388608                                   {product} {ergonomic}
    uintx GCDrainStackTargetSize                   = 64                                        {product} {ergonomic}
   size_t InitialHeapSize                          = 1056964608                                {product} {ergonomic}
   size_t MarkStackSize                            = 4194304                                   {product} {ergonomic}
   size_t MaxHeapSize                              = 16793993216                               {product} {ergonomic}
   size_t MaxNewSize                               = 10074718208                               {product} {ergonomic}
   size_t MinHeapDeltaBytes                        = 8388608                                   {product} {ergonomic}
   size_t MinHeapSize                              = 8388608                                   {product} {ergonomic}
    uintx NonNMethodCodeHeapSize                   = 7602480                                {pd product} {ergonomic}
    uintx NonProfiledCodeHeapSize                  = 122027880                              {pd product} {ergonomic}
    uintx ProfiledCodeHeapSize                     = 122027880                              {pd product} {ergonomic}
    uintx ReservedCodeCacheSize                    = 251658240                              {pd product} {ergonomic}
     bool SegmentedCodeCache                       = true                                      {product} {ergonomic}
   size_t SoftMaxHeapSize                          = 16793993216                            {manageable} {ergonomic}
     bool UseCompressedOops                        = true                           {product lp64_product} {ergonomic}
     bool UseG1GC                                  = true                                      {product} {ergonomic}

Logging:
Log output configuration:
 #0: stdout all=warning uptime,level,tags foldmultilines=false
 #1: stderr all=off uptime,level,tags foldmultilines=false

Release file:
IMPLEMENTOR="Amazon.com Inc."
IMPLEMENTOR_VERSION="Corretto-21.0.9.11.1"
JAVA_RUNTIME_VERSION="21.0.9+11-LTS"
JAVA_VERSION="21.0.9"
JAVA_VERSION_DATE="2025-10-21"
LIBC="gnu"
MODULES="java.base java.compiler java.datatransfer java.xml java.prefs java.desktop java.instrument java.logging java.management java.security.sasl java.naming java.rmi java.management.rmi java.net.http java.scripting java.security.jgss java.transaction.xa java.sql java.sql.rowset java.xml.crypto java.se java.smartcardio jdk.accessibility jdk.internal.jvmstat jdk.attach jdk.charsets jdk.internal.opt jdk.zipfs jdk.compiler jdk.crypto.ec jdk.crypto.cryptoki jdk.dynalink jdk.internal.ed jdk.editpad jdk.hotspot.agent jdk.httpserver jdk.incubator.vector jdk.internal.le jdk.internal.vm.ci jdk.internal.vm.compiler jdk.internal.vm.compiler.management jdk.jartool jdk.javadoc jdk.jcmd jdk.management jdk.management.agent jdk.jconsole jdk.jdeps jdk.jdwp.agent jdk.jdi jdk.jfr jdk.jlink jdk.jpackage jdk.jshell jdk.jsobject jdk.jstatd jdk.localedata jdk.management.jfr jdk.naming.dns jdk.naming.rmi jdk.net jdk.nio.mapmode jdk.random jdk.sctp jdk.security.auth jdk.security.jgss jdk.unsupported jdk.unsupported.desktop jdk.xml.dom"
OS_ARCH="x86_64"
OS_NAME="Linux"
SOURCE=".:git:b9ba2fcc52e6+"

Environment Variables:
PATH=/usr/local/sbin:/usr/local/bin:/usr/bin:/var/lib/flatpak/exports/bin:/usr/lib/jvm/default/bin:/usr/bin/site_perl:/usr/bin/vendor_perl:/usr/bin/core_perl
SHELL=/usr/bin/bash
DISPLAY=:1
LANG=en_US.UTF-8

Active Locale:
LC_ALL=en_US.UTF-8
LC_COLLATE=en_US.UTF-8
LC_CTYPE=en_US.UTF-8
LC_MESSAGES=en_US.UTF-8
LC_MONETARY=en_US.UTF-8
LC_NUMERIC=en_US.UTF-8
LC_TIME=en_US.UTF-8

Signal Handlers:
   SIGSEGV: crash_handler in libjvm.so, mask=11100100010111111101111111111110, flags=SA_RESTART|SA_SIGINFO, unblocked
    SIGBUS: crash_handler in libjvm.so, mask=11100100010111111101111111111110, flags=SA_RESTART|SA_SIGINFO, unblocked
    SIGFPE: crash_handler in libjvm.so, mask=11100100010111111101111111111110, flags=SA_RESTART|SA_SIGINFO, unblocked
   SIGPIPE: javaSignalHandler in libjvm.so, mask=11100100010111111101111111111110, flags=SA_RESTART|SA_SIGINFO, blocked
   SIGXFSZ: javaSignalHandler in libjvm.so, mask=11100100010111111101111111111110, flags=SA_RESTART|SA_SIGINFO, blocked
    SIGILL: crash_handler in libjvm.so, mask=11100100010111111101111111111110, flags=SA_RESTART|SA_SIGINFO, unblocked
   SIGUSR2: SR_handler in libjvm.so, mask=00000000000000000000000000000000, flags=SA_RESTART|SA_SIGINFO, blocked
    SIGHUP: UserHandler in libjvm.so, mask=11100100010111111101111111111110, flags=SA_RESTART|SA_SIGINFO, blocked
    SIGINT: UserHandler in libjvm.so, mask=11100100010111111101111111111110, flags=SA_RESTART|SA_SIGINFO, blocked
   SIGTERM: UserHandler in libjvm.so, mask=11100100010111111101111111111110, flags=SA_RESTART|SA_SIGINFO, blocked
   SIGQUIT: UserHandler in libjvm.so, mask=11100100010111111101111111111110, flags=SA_RESTART|SA_SIGINFO, blocked
   SIGTRAP: crash_handler in libjvm.so, mask=11100100010111111101111111111110, flags=SA_RESTART|SA_SIGINFO, unblocked


Periodic native trim disabled

---------------  S Y S T E M  ---------------

OS:
DISTRIB_ID="Arch"
DISTRIB_RELEASE="rolling"
DISTRIB_DESCRIPTION="Arch Linux"
uname: Linux 7.0.12-arch1-1 #1 SMP PREEMPT_DYNAMIC Wed, 10 Jun 2026 08:58:02 +0000 x86_64
OS uptime: 0 days 4:40 hours
libc: glibc 2.43 NPTL 2.43 
rlimit (soft/hard): STACK 8192k/infinity , CORE infinity/infinity , NPROC 255616/255616 , NOFILE 524288/524288 , AS infinity/infinity , CPU infinity/infinity , DATA infinity/infinity , FSIZE infinity/infinity , MEMLOCK 8192k/8192k
load average: 5.55 3.22 2.86

/proc/meminfo:
MemTotal:       65593256 kB
MemFree:        40655100 kB
MemAvailable:   51366068 kB
Buffers:         1888108 kB
Cached:          8546352 kB
SwapCached:            0 kB
Active:         15305884 kB
Inactive:        6897728 kB
Active(anon):   11194712 kB
Inactive(anon):        0 kB
Active(file):    4111172 kB
Inactive(file):  6897728 kB
Unevictable:       20524 kB
Mlocked:             744 kB
SwapTotal:      32797692 kB
SwapFree:       32797692 kB
Zswap:                 0 kB
Zswapped:              0 kB
Dirty:              6616 kB
Writeback:             0 kB
AnonPages:      11442176 kB
Mapped:          3682308 kB
Shmem:            478160 kB
KReclaimable:     435424 kB
Slab:             747260 kB
SReclaimable:     435424 kB
SUnreclaim:       311836 kB
KernelStack:       38112 kB
PageTables:       104208 kB
SecPageTables:         0 kB
NFS_Unstable:          0 kB
Bounce:                0 kB
WritebackTmp:          0 kB
CommitLimit:    65594320 kB
Committed_AS:   31455800 kB
VmallocTotal:   34359738367 kB
VmallocUsed:      327164 kB
VmallocChunk:          0 kB
Percpu:            19200 kB
HardwareCorrupted:     0 kB
AnonHugePages:   2566144 kB
ShmemHugePages:   325632 kB
ShmemPmdMapped:   253952 kB
FileHugePages:    530432 kB
FilePmdMapped:    282624 kB
CmaTotal:              0 kB
CmaFree:               0 kB
Unaccepted:            0 kB
Balloon:               0 kB
HugePages_Total:       0
HugePages_Free:        0
HugePages_Rsvd:        0
HugePages_Surp:        0
Hugepagesize:       2048 kB
Hugetlb:               0 kB
DirectMap4k:     3157772 kB
DirectMap2M:    28057600 kB
DirectMap1G:    35651584 kB

/sys/kernel/mm/transparent_hugepage/enabled: [always] madvise never
/sys/kernel/mm/transparent_hugepage/hpage_pmd_size: 2097152
/sys/kernel/mm/transparent_hugepage/defrag (defrag/compaction efforts parameter): always defer defer+madvise [madvise] never

Process Memory:
Virtual Size: 23101228K (peak: 23604560K)
Resident Set Size: 336684K (peak: 336684K) (anon: 172220K, file: 160920K, shmem: 3544K)
Swapped out: 0K
C-Heap outstanding allocations: 122782K, retained: 29192K
glibc malloc tunables: (default)

/proc/sys/kernel/threads-max (system-wide limit on the number of threads): 511233
/proc/sys/vm/max_map_count (maximum number of memory map areas a process may have): 1048576
/proc/sys/vm/swappiness (control to define how aggressively the kernel swaps out anonymous memory): 60
/proc/sys/kernel/pid_max (system-wide limit on number of process identifiers): 4194304

container information not found.
Steal ticks since vm start: 0
Steal ticks percentage since vm start:  0.000

CPU: total 24 (initial active 24) (24 cores per cpu, 1 threads per core) family 6 model 151 stepping 2 microcode 0x3e, cx8, cmov, fxsr, mmx, 3dnowpref, sse, sse2, sse3, ssse3, sse4.1, sse4.2, popcnt, lzcnt, tsc, tscinvbit, avx, avx2, aes, erms, clmul, bmi1, bmi2, adx, sha, fma, vzeroupper, clflush, clflushopt, clwb, serialize, rdtscp, rdpid, fsrm, f16c, pku, ospke, cet_ibt, cet_ss
CPU Model and flags from /proc/cpuinfo:
model name	: 12th Gen Intel(R) Core(TM) i9-12900K
flags		: fpu vme de pse tsc msr pae mce cx8 apic sep mtrr pge mca cmov pat pse36 clflush dts acpi mmx fxsr sse sse2 ss ht tm pbe syscall nx pdpe1gb rdtscp lm constant_tsc art arch_perfmon pebs bts rep_good nopl xtopology nonstop_tsc cpuid aperfmperf tsc_known_freq pni pclmulqdq dtes64 monitor ds_cpl vmx smx est tm2 ssse3 sdbg fma cx16 xtpr pdcm pcid sse4_1 sse4_2 x2apic movbe popcnt tsc_deadline_timer aes xsave avx f16c rdrand lahf_lm abm 3dnowprefetch cpuid_fault ssbd ibrs ibpb stibp ibrs_enhanced tpr_shadow flexpriority ept vpid ept_ad fsgsbase tsc_adjust bmi1 avx2 smep bmi2 erms invpcid rdseed adx smap clflushopt clwb intel_pt sha_ni xsaveopt xsavec xgetbv1 xsaves split_lock_detect user_shstk avx_vnni dtherm ida arat pln pts hwp hwp_notify hwp_act_window hwp_epp hwp_pkg_req hfi vnmi umip pku ospke waitpkg gfni vaes vpclmulqdq rdpid movdiri movdir64b fsrm md_clear serialize pconfig arch_lbr ibt flush_l1d arch_capabilities

Online cpus: 0-23
Offline cpus: 
BIOS frequency limitation: <Not Available>
Frequency switch latency (ns): 0
Available cpu frequencies: <Not Available>
Current governor: powersave
Core performance/turbo boost: <Not Available>

Memory: 4k page, physical 65593256k(51366068k free), swap 32797692k(32797692k free)
Page Sizes: 4k

vm_info: OpenJDK 64-Bit Server VM (21.0.9+11-LTS) for linux-amd64 JRE (21.0.9+11-LTS), built on 2025-10-31T19:29:38Z by "jenkins" with gcc 7.3.1 20180303 (Red Hat 7.3.1-5)

END.
