<?xml version="1.0" encoding="UTF-8" standalone="no" ?>
<COLLADA xmlns="http://www.collada.org/2005/11/COLLADASchema" version="1.4.1">
  <asset>
    <contributor>
      <author>Assimp</author>
      <authoring_tool>Assimp Exporter</authoring_tool>
    </contributor>
    <created>2025-07-05T21:14:31</created>
    <modified>2025-07-05T21:14:31</modified>
    <unit name="meter" meter="1" />
    <up_axis>Y_UP</up_axis>
  </asset>
  <library_effects>
    <effect id="SkeletonMaterial-fx" name="SkeletonMaterial">
      <profile_COMMON>
        <technique sid="standard">
          <phong>
          </phong>
        </technique>
      </profile_COMMON>
    </effect>
  </library_effects>
  <library_materials>
    <material id="SkeletonMaterial" name="SkeletonMaterial">
      <instance_effect url="#SkeletonMaterial-fx"/>
    </material>
  </library_materials>
  <library_geometries>
    <geometry id="mesh_0" name="" >
      <mesh>
        <source id="mesh_0-positions" name="mesh_0-positions">
          <float_array id="mesh_0-positions-array" count="3384"> -4.22211504 21.0189419 -335.729492 -4.22346163 3.23955917 -339.275696 -6.02611637 20.4919376 -334.004272 -6.02611637 20.4919376 -334.004272 -4.22346163 3.23955917 -339.275696 -4.22219515 19.9646587 -332.279053 -4.22219515 19.9646587 -332.279053 -4.22346163 3.23955917 -339.275696 -2.41819382 20.491663 -334.004272 -2.41819382 20.491663 -334.004272 -4.22346163 3.23955917 -339.275696 -4.22211504 21.0189419 -335.729492 38.5321579 -334.004211 -8.46119118 26.1448517 -293.464111 -4.22300577 42.5858536 -332.765503 -4.22185564 42.5858536 -332.765503 -4.22185564 26.1448517 -293.464111 -4.22300577 38.5315247 -334.004211 0.0168690681 38.5315247 -334.004211 0.0168690681 26.1448517 -293.464111 -4.22300577 34.477829 -335.24292 -4.22246695 34.477829 -335.24292 -4.22246695 26.1448517 -293.464111 -4.22300577 38.5321579 -334.004211 -8.46119118 38.5315208 -334.004211 0.0168690681 50.9188309 -374.544312 -4.22125721 42.5858536 -332.765503 -4.22185564 42.5858536 -332.765503 -4.22185564 50.9188309 -374.544312 -4.22125721 38.5321617 -334.004211 -8.46119118 38.5321617 -334.004211 -8.46119118 50.9188309 -374.544312 -4.22125721 34.477829 -335.24292 -4.22246695 34.477829 -335.24292 -4.22246695 50.9188309 -374.544312 -4.22125721 38.5315208 -334.004211 0.0168690681 40.1318054 -339.24057 -4.22204065 -13.8317261 -350.003845 -4.28369617 38.5377617 -334.002533 -9.69749928 38.5377617 -334.002533 -9.69749928 -13.8317261 -350.003845 -4.28369617 36.9318771 -328.767853 -4.22228193 36.9318771 -328.767853 -4.22228193 -13.8317261 -350.003845 -4.28369617 38.5259209 -334.00589 1.25317669 38.5259209 -334.00589 1.25317669 -13.8317261 -350.003845 -4.28369617 40.1318054 -339.24057 -4.22204065 -159.553391 -232.952744 -168.497452 -25.7976227 -258.344604 -261.933197 -145.231522 -235.03447 -150.318802 -145.231522 -235.03447 -150.318802 -25.7976227 -258.344604 -261.933197 -139.99855 -212.447556 -151.855026 -139.99855 -212.447556 -151.855026 -25.7976227 -258.344604 -261.933197 -154.320419 -210.365829 -170.033676 -154.320419 -210.365829 -170.033676 -25.7976227 -258.344604 -261.933197 -159.553391 -232.952744 -168.497452 -104.564629 64.0657196 -141.859924 -84.2723694 57.9629288 -177.919571 -125.084366 49.2421341 -175.154358 -84.2723694 57.9629288 -177.919571 -97.2471695 18.2056179 -178.492432 -125.084366 49.2421341 -175.154358 -97.2471695 18.2056179 -178.492432 -117.539429 24.3084087 -142.432785 -125.084366 49.2421341 -175.154358 -117.539429 24.3084087 -142.432785 -104.564629 64.0657196 -141.859924 -125.084366 49.2421341 -175.154358 -104.564629 64.0657196 -141.859924 -76.7274323 33.0292053 -145.197998 -84.2723694 57.9629288 -177.919571 -84.2723694 57.9629288 -177.919571 -76.7274323 33.0292053 -145.197998 -97.2471695 18.2056179 -178.492432 -97.2471695 18.2056179 -178.492432 -76.7274323 33.0292053 -145.197998 -117.539429 24.3084087 -142.432785 -117.539429 24.3084087 -142.432785 -76.7274323 33.0292053 -145.197998 -104.564629 64.0657196 -141.859924 -156.012329 -223.700363 180.805115 -19.5429306 -248.65564 270.353516 -150.651306 -201.119873 181.942398 -150.651306 -201.119873 181.942398 -19.5429306 -248.65564 270.353516 -136.902649 -203.447922 163.355652 -136.902649 -203.447922 163.355652 -19.5429306 -248.65564 270.353516 -142.263672 -226.028412 162.218369 -142.263672 -226.028412 162.218369 -19.5429306 -248.65564 270.353516 -156.012329 -223.700363 180.805115 -92.6733017 74.7168579 154.39119 -107.223946 35.5047226 154.32872 -113.049904 59.9191017 187.784866 -107.223946 35.5047226 154.32872 -86.4201584 27.7285004 189.769516 -113.049904 59.9191017 187.784866 -86.4201584 27.7285004 189.769516 -71.8695145 66.9406357 189.831985 -113.049904 59.9191017 187.784866 -71.8695145 66.9406357 189.831985 -92.6733017 74.7168579 154.39119 -113.049904 59.9191017 187.784866 -92.6733017 74.7168579 154.39119 -66.0435562 42.5262566 156.375839 -107.223946 35.5047226 154.32872 -107.223946 35.5047226 154.32872 -66.0435562 42.5262566 156.375839 -86.4201584 27.7285004 189.769516 -86.4201584 27.7285004 189.769516 -66.0435562 42.5262566 156.375839 -71.8695145 66.9406357 189.831985 -71.8695145 66.9406357 189.831985 -66.0435562 42.5262566 156.375839 -92.6733017 74.7168579 154.39119 113.486877 -338.445496 -4.22017908 41.9551926 -356.711182 -4.30607033 110.978271 -331.54126 -11.5664349 110.978271 -331.54126 -11.5664349 41.9551926 -356.711182 -4.30607033 108.45343 -324.642517 -4.22057772 108.45343 -324.642517 -4.22057772 41.9551926 -356.711182 -4.30607033 110.962036 -331.546753 3.12567759 110.962036 -331.546753 3.12567759 41.9551926 -356.711182 -4.30607033 113.486877 -338.445496 -4.22017908 117.659683 -357.186707 -4.22055674 15.1521912 -362.255585 -4.28417444 116.149193 -347.086975 -14.4331627 116.149193 -347.086975 -14.4331627 15.1521912 -362.255585 -4.28417444 114.626099 -336.988586 -4.22108412 114.626099 -336.988586 -4.22108412 15.1521912 -362.255585 -4.28417444 116.136589 -347.088318 5.99152184 116.136589 -347.088318 5.99152184 15.1521912 -362.255585 -4.28417444 117.659683 -357.186707 -4.22055674 114.800278 -338.148438 -3.93135858 68.754715 -356.680023 72.2115936 123.72818 -346.104675 0.605435848 123.72818 -346.104675 0.605435848 68.754715 -356.680023 72.2115936 117.485504 -356.026855 -4.51028252 117.485504 -356.026855 -4.51028252 68.754715 -356.680023 72.2115936 108.557602 -348.070618 -9.04707718 108.557602 -348.070618 -9.04707718 68.754715 -356.680023 72.2115936 114.800278 -338.148438 -3.93135858 146.407547 -370.45108 -4.22063589 75.5270233 -359.651642 -4.23019314 146.77594 -363.326538 -11.3550901 146.77594 -363.326538 -11.3550901 75.5270233 -359.651642 -4.23019314 147.142471 -356.201508 -4.22100496 147.142471 -356.201508 -4.22100496 75.5270233 -359.651642 -4.23019314 146.774078 -363.32605 2.91344929 146.774078 -363.32605 2.91344929 75.5270233 -359.651642 -4.23019314 146.407547 -370.45108 -4.22063589 454.898895 -80.2114182 -8.75592709 418.561493 -53.066433 -4.21383095 457.61377 -76.5782852 -4.21983242 457.61377 -76.5782852 -4.21983242 418.561493 -53.066433 -4.21383095 454.899506 -80.2126999 0.315599442 454.899506 -80.2126999 0.315599442 418.561493 -53.066433 -4.21383095 452.184631 -83.8458328 -4.22049522 452.184631 -83.8458328 -4.22049522 418.561493 -53.066433 -4.21383095 454.898895 -80.2114182 -8.75592709 454.898285 -80.2117844 0.315599442 491.236816 -107.357803 -4.2111516 457.61377 -76.5783005 -4.21983242 457.61377 -76.5783005 -4.21983242 491.236816 -107.357803 -4.2111516 454.900116 -80.2123337 -8.75592709 454.900116 -80.2123337 -8.75592709 491.236816 -107.357803 -4.2111516 452.184631 -83.8458176 -4.22049522 452.184631 -83.8458176 -4.22049522 491.236816 -107.357803 -4.2111516 454.898285 -80.2117844 0.315599442 455.674561 -80.7912827 -4.22013807 449.106964 -87.9656296 -4.22088623 454.899261 -80.2120132 -5.18798494 454.899261 -80.2120132 -5.18798494 449.106964 -87.9656296 -4.22088623 454.12384 -79.6328354 -4.22018957 454.12384 -79.6328354 -4.22018957 449.106964 -87.9656296 -4.22088623 454.899139 -80.2121048 -3.2523427 454.899139 -80.2121048 -3.2523427 449.106964 -87.9656296 -4.22088623 455.674561 -80.7912827 -4.22013807 -93.0985107 105.201279 495.452057 -3.81466675 139.440781 446.464966 -100.372231 109.63604 482.961487 -100.372231 109.63604 482.961487 -3.81466675 139.440781 446.464966 -97.4891663 96.2588043 476.53299 -97.4891663 96.2588043 476.53299 -3.81466675 139.440781 446.464966 -90.2154465 91.8240433 489.02356 -90.2154465 91.8240433 489.02356 -3.81466675 139.440781 446.464966 -93.0985107 105.201279 495.452057 175.851013 -460.646912 239.623413 336.02417 -340.757446 191.551865 163.055267 -436.361053 248.836304 163.055267 -436.361053 248.836304 336.02417 -340.757446 191.551865 153.671234 -431.106873 221.952393 153.671234 -431.106873 221.952393 336.02417 -340.757446 191.551865 166.46698 -455.392731 212.739502 166.46698 -455.392731 212.739502 336.02417 -340.757446 191.551865 175.851013 -460.646912 239.623413 -245.723083 -212.243317 242.0578 -78.3416443 -404.881104 180.74118 -216.015366 -193.711472 253.809097 -216.015366 -193.711472 253.809097 -78.3416443 -404.881104 180.74118 -210.202118 -181.286011 219.517914 -210.202118 -181.286011 219.517914 -78.3416443 -404.881104 180.74118 -239.909836 -199.817856 207.766617 -239.909836 -199.817856 207.766617 -78.3416443 -404.881104 180.74118 -245.723083 -212.243317 242.0578 -105.423798 66.6244125 -81.7904434 -102.1894 158.998871 -60.1158447 -109.236755 70.5812454 -93.9677124 -109.236755 70.5812454 -93.9677124 -102.1894 158.998871 -60.1158447 -96.4340057 71.936348 -97.5362015 -96.4340057 71.936348 -97.5362015 -102.1894 158.998871 -60.1158447 -92.621048 67.9795151 -85.3589325 -92.621048 67.9795151 -85.3589325 -102.1894 158.998871 -60.1158447 -105.423798 66.6244125 -81.7904434 -106.586472 72.9508133 -96.5121307 -71.8110962 157.840271 -66.2553101 -93.7247543 68.5834274 -95.9879456 -93.7247543 68.5834274 -95.9879456 -71.8110962 157.840271 -66.2553101 -95.2713318 65.6099472 -82.8145142 -95.2713318 65.6099472 -82.8145142 -71.8110962 157.840271 -66.2553101 -108.133049 69.9773331 -83.3386993 -108.133049 69.9773331 -83.3386993 -71.8110962 157.840271 -66.2553101 -106.586472 72.9508133 -96.5121307 -98.9801636 68.248497 -87.8595505 -111.352623 85.8186951 -68.9407501 -102.726624 67.2028809 -88.909584 -102.726624 67.2028809 -88.909584 -111.352623 85.8186951 -68.9407501 -102.87764 70.3122635 -91.4670944 -102.87764 70.3122635 -91.4670944 -111.352623 85.8186951 -68.9407501 -99.1311798 71.3578796 -90.4170609 -99.1311798 71.3578796 -90.4170609 -111.352623 85.8186951 -68.9407501 -98.9801636 68.248497 -87.8595505 -32.5694275 62.2898483 -77.3087311 -13.9880304 119.225494 -56.6004562 -27.2362137 63.7891922 -84.2965088 -27.2362137 63.7891922 -84.2965088 -13.9880304 119.225494 -56.6004562 -20.3097305 60.5565414 -79.7036896 -20.3097305 60.5565414 -79.7036896 -13.9880304 119.225494 -56.6004562 -25.6429443 59.0571976 -72.7159119 -25.6429443 59.0571976 -72.7159119 -13.9880304 119.225494 -56.6004562 -32.5694275 62.2898483 -77.3087311 -5.86410093 12.4259796 -77.3952332 -37.2543793 58.2720833 -58.1834831 -3.95341682 17.1972237 -83.8779984 -3.95341682 17.1972237 -83.8779984 -37.2543793 58.2720833 -58.1834831 2.33923101 20.466629 -79.6170959 2.33923101 20.466629 -79.6170959 -37.2543793 58.2720833 -58.1834831 0.428546906 15.695385 -73.1343307 0.428546906 15.695385 -73.1343307 -37.2543793 58.2720833 -58.1834831 -5.86410093 12.4259796 -77.3952332 54.7260551 9.31092644 -82.1642914 48.4422188 11.4662914 -68.8369217 45.5555534 -0.967340469 -76.5065384 48.4422188 11.4662914 -68.8369217 34.9783745 9.38273239 -74.8481445 45.5555534 -0.967340469 -76.5065384 34.9783745 9.38273239 -74.8481445 41.2622108 7.2273674 -88.1755142 45.5555534 -0.967340469 -76.5065384 41.2622108 7.2273674 -88.1755142 54.7260551 9.31092644 -82.1642914 45.5555534 -0.967340469 -76.5065384 54.7260551 9.31092644 -82.1642914 44.1488762 19.6609993 -80.5058975 48.4422188 11.4662914 -68.8369217 48.4422188 11.4662914 -68.8369217 44.1488762 19.6609993 -80.5058975 34.9783745 9.38273239 -74.8481445 34.9783745 9.38273239 -74.8481445 44.1488762 19.6609993 -80.5058975 41.2622108 7.2273674 -88.1755142 41.2622108 7.2273674 -88.1755142 44.1488762 19.6609993 -80.5058975 54.7260551 9.31092644 -82.1642914 26.3918095 36.2366333 -115.1828 20.3999996 84.6300049 -95.14431 33.2165489 38.4376144 -117.084244 33.2165489 38.4376144 -117.084244 20.3999996 84.6300049 -95.14431 35.7049332 36.5302734 -110.360641 35.7049332 36.5302734 -110.360641 20.3999996 84.6300049 -95.14431 28.8801918 34.3292923 -108.459198 28.8801918 34.3292923 -108.459198 20.3999996 84.6300049 -95.14431 26.3918095 36.2366333 -115.1828 53.1775398 45.0261803 -115.01226 22.5397797 78.4144363 -96.3906174 57.1547432 50.3730087 -116.779259 57.1547432 50.3730087 -116.779259 22.5397797 78.4144363 -96.3906174 60.0665855 50.2719307 -110.531059 60.0665855 50.2719307 -110.531059 22.5397797 78.4144363 -96.3906174 56.0893822 44.9251022 -108.764061 56.0893822 44.9251022 -108.764061 22.5397797 78.4144363 -96.3906174 53.1775398 45.0261803 -115.01226 107.182854 47.9294548 -115.720314 100.061043 47.8816338 -105.558052 94.8264084 47.5606308 -116.80481 100.061043 47.8816338 -105.558052 93.9086533 57.7786522 -109.823143 94.8264084 47.5606308 -116.80481 93.9086533 57.7786522 -109.823143 101.030464 57.8264732 -119.985405 94.8264084 47.5606308 -116.80481 101.030464 57.8264732 -119.985405 107.182854 47.9294548 -115.720314 94.8264084 47.5606308 -116.80481 107.182854 47.9294548 -115.720314 106.265099 58.1474762 -108.738647 100.061043 47.8816338 -105.558052 100.061043 47.8816338 -105.558052 106.265099 58.1474762 -108.738647 93.9086533 57.7786522 -109.823143 93.9086533 57.7786522 -109.823143 106.265099 58.1474762 -108.738647 101.030464 57.8264732 -119.985405 101.030464 57.8264732 -119.985405 106.265099 58.1474762 -108.738647 107.182854 47.9294548 -115.720314 -79.3166275 125.193726 -12.8792772 -69.7711639 128.001572 3.64353085 -80.986145 127.155823 -12.0252905 -80.986145 127.155823 -12.0252905 -69.7711639 128.001572 3.64353085 -79.3263474 129.02684 -13.0792208 -79.3263474 129.02684 -13.0792208 -69.7711639 128.001572 3.64353085 -77.6568298 127.064743 -13.9332075 -77.6568298 127.064743 -13.9332075 -69.7711639 128.001572 3.64353085 -79.3166275 125.193726 -12.8792772 -97.6715469 128.411026 -12.7192326 -66.6426086 134.353592 21.0199356 -100.9879 133.240021 -9.89286709 -100.9879 133.240021 -9.89286709 -66.6426086 134.353592 21.0199356 -97.5011826 137.593185 -13.2392864 -97.5011826 137.593185 -13.2392864 -66.6426086 134.353592 21.0199356 -94.1848297 132.764191 -16.0656509 -94.1848297 132.764191 -16.0656509 -66.6426086 134.353592 21.0199356 -97.6715469 128.411026 -12.7192326 -135.569168 156.645309 -4.39193058 -129.186676 156.150192 -14.1944466 -137.306366 164.486435 -12.9107027 -129.186676 156.150192 -14.1944466 -139.001633 155.792892 -20.5669975 -137.306366 164.486435 -12.9107027 -139.001633 155.792892 -20.5669975 -145.384125 156.28801 -10.7644825 -137.306366 164.486435 -12.9107027 -145.384125 156.28801 -10.7644825 -135.569168 156.645309 -4.39193058 -137.306366 164.486435 -12.9107027 -135.569168 156.645309 -4.39193058 -137.264435 147.951767 -12.0482264 -129.186676 156.150192 -14.1944466 -129.186676 156.150192 -14.1944466 -137.264435 147.951767 -12.0482264 -139.001633 155.792892 -20.5669975 -139.001633 155.792892 -20.5669975 -137.264435 147.951767 -12.0482264 -145.384125 156.28801 -10.7644825 -145.384125 156.28801 -10.7644825 -137.264435 147.951767 -12.0482264 -135.569168 156.645309 -4.39193058 -98.5939331 114.973213 -491.877716 -7.82617188 146.575287 -443.854706 -95.7038879 101.348846 -485.994507 -95.7038879 101.348846 -485.994507 -7.82617188 146.575287 -443.854706 -102.635117 105.409462 -473.186005 -102.635117 105.409462 -473.186005 -7.82617188 146.575287 -443.854706 -105.525162 119.033829 -479.069214 -105.525162 119.033829 -479.069214 -7.82617188 146.575287 -443.854706 -98.5939331 114.973213 -491.877716 167.48114 -456.023804 -249.815308 329.714478 -339.229462 -201.038452 158.790802 -451.760071 -222.525925 158.790802 -451.760071 -222.525925 329.714478 -339.229462 -201.038452 145.969574 -427.043518 -230.470612 145.969574 -427.043518 -230.470612 329.714478 -339.229462 -201.038452 154.659912 -431.307251 -257.76001 154.659912 -431.307251 -257.76001 329.714478 -339.229462 -201.038452 167.48114 -456.023804 -249.815308 -234.341797 -218.789886 -252.480301 -64.0366669 -408.555267 -190.264053 -230.123291 -207.185852 -217.671936 -230.123291 -207.185852 -217.671936 -64.0366669 -408.555267 -190.264053 -200.532013 -187.545654 -227.805618 -200.532013 -187.545654 -227.805618 -64.0366669 -408.555267 -190.264053 -204.750519 -199.149689 -262.613983 -204.750519 -199.149689 -262.613983 -64.0366669 -408.555267 -190.264053 -234.341797 -218.789886 -252.480301 -104.026985 88.4382172 89.8202438 -69.19767 166.544281 52.4805412 -91.5323334 84.9150085 91.7961426 -91.5323334 84.9150085 91.7961426 -69.19767 166.544281 52.4805412 -91.4919968 91.4467621 103.187721 -91.4919968 91.4467621 103.187721 -69.19767 166.544281 52.4805412 -103.986649 94.9699707 101.211823 -103.986649 94.9699707 101.211823 -69.19767 166.544281 52.4805412 -104.026985 88.4382172 89.8202438 -102.613663 93.6667404 103.585045 -98.7035751 172.494476 52.4389458 -105.759651 87.5853424 92.2594833 -105.759651 87.5853424 92.2594833 -98.7035751 172.494476 52.4389458 -92.9053192 86.2182388 89.4229202 -92.9053192 86.2182388 89.4229202 -98.7035751 172.494476 52.4389458 -89.7593307 92.2996368 100.748482 -89.7593307 92.2996368 100.748482 -98.7035751 172.494476 52.4389458 -102.613663 93.6667404 103.585045 -96.5254898 88.9361496 94.5544968 -78.2051926 105.128998 101.042198 -96.7647552 88.2055588 98.0302582 -96.7647552 88.2055588 98.0302582 -78.2051926 105.128998 101.042198 -98.9934921 90.9488297 98.4534683 -98.9934921 90.9488297 98.4534683 -78.2051926 105.128998 101.042198 -98.7542267 91.6794205 94.9777069 -98.7542267 91.6794205 94.9777069 -78.2051926 105.128998 101.042198 -96.5254898 88.9361496 94.5544968 -33.8268738 80.7158203 82.9310837 -11.6406498 137.13652 64.4855804 -27.1594849 77.2330093 78.1419296 -27.1594849 77.2330093 78.1419296 -11.6406498 137.13652 64.4855804 -21.6942406 78.0757446 85.1377029 -21.6942406 78.0757446 85.1377029 -11.6406498 137.13652 64.4855804 -28.3616295 81.5585556 89.926857 -28.3616295 81.5585556 89.926857 -11.6406498 137.13652 64.4855804 -33.8268738 80.7158203 82.9310837 -23.6383858 9.93016052 83.0108337 -59.4166603 53.3281746 65.8983231 -17.8115025 13.770545 78.5677795 -17.8115025 13.770545 78.5677795 -59.4166603 53.3281746 65.8983231 -16.0345879 18.5831985 85.0579834 -16.0345879 18.5831985 85.0579834 -59.4166603 53.3281746 65.8983231 -21.8614712 14.7428141 89.5010376 -21.8614712 14.7428141 89.5010376 -59.4166603 53.3281746 65.8983231 -23.6383858 9.93016052 83.0108337 44.3037643 -3.50511503 87.2988968 31.0478268 -5.1769824 93.8743439 34.6875458 -13.663805 82.1919708 31.0478268 -5.1769824 93.8743439 24.2859421 -3.1027503 80.7699203 34.6875458 -13.663805 82.1919708 24.2859421 -3.1027503 80.7699203 37.5418777 -1.43088305 74.1944733 34.6875458 -13.663805 82.1919708 37.5418777 -1.43088305 74.1944733 44.3037643 -3.50511503 87.2988968 34.6875458 -13.663805 82.1919708 44.3037643 -3.50511503 87.2988968 33.9021606 7.0559392 85.8768463 31.0478268 -5.1769824 93.8743439 31.0478268 -5.1769824 93.8743439 33.9021606 7.0559392 85.8768463 24.2859421 -3.1027503 80.7699203 24.2859421 -3.1027503 80.7699203 33.9021606 7.0559392 85.8768463 37.5418777 -1.43088305 74.1944733 37.5418777 -1.43088305 74.1944733 33.9021606 7.0559392 85.8768463 44.3037643 -3.50511503 87.2988968 23.117691 58.4596138 121.061119 19.8802986 107.077461 100.931885 25.4055672 56.3852119 114.315796 25.4055672 56.3852119 114.315796 19.8802986 107.077461 100.931885 32.3744354 58.1670418 116.131523 32.3744354 58.1670418 116.131523 19.8802986 107.077461 100.931885 30.0865593 60.2414436 122.876846 30.0865593 60.2414436 122.876846 19.8802986 107.077461 100.931885 23.117691 58.4596138 121.061119 42.286499 62.5191383 120.331619 22.2238007 90.3435516 106.160507 44.4262161 62.1335831 115.582855 44.4262161 62.1335831 115.582855 22.2238007 90.3435516 106.160507 47.9231567 65.796257 116.861145 47.9231567 65.796257 116.861145 22.2238007 90.3435516 106.160507 45.7834396 66.1818161 121.609909 45.7834396 66.1818161 121.609909 22.2238007 90.3435516 106.160507 42.286499 62.5191383 120.331619 84.5821075 60.7117996 120.834816 81.4673538 68.9900055 124.020706 75.3475189 62.2347527 121.71978 81.4673538 68.9900055 124.020706 76.1011047 69.91996 116.357887 75.3475189 62.2347527 121.71978 76.1011047 69.91996 116.357887 79.2158585 61.6417503 113.171997 75.3475189 62.2347527 121.71978 79.2158585 61.6417503 113.171997 84.5821075 60.7117996 120.834816 75.3475189 62.2347527 121.71978 84.5821075 60.7117996 120.834816 85.3356934 68.3970108 115.472923 81.4673538 68.9900055 124.020706 81.4673538 68.9900055 124.020706 85.3356934 68.3970108 115.472923 76.1011047 69.91996 116.357887 76.1011047 69.91996 116.357887 85.3356934 68.3970108 115.472923 79.2158585 61.6417503 113.171997 79.2158585 61.6417503 113.171997 85.3356934 68.3970108 115.472923 84.5821075 60.7117996 120.834816 -48.0448532 -69.829361 141.05365 -59.9927826 -63.7794838 145.164764 -47.7063332 -70.1421127 142.970367 -47.7063332 -70.1421127 142.970367 -59.9927826 -63.7794838 145.164764 -48.7464142 -71.8143921 142.881195 -48.7464142 -71.8143921 142.881195 -59.9927826 -63.7794838 145.164764 -49.0849342 -71.5016403 140.964478 -49.0849342 -71.5016403 140.964478 -59.9927826 -63.7794838 145.164764 -48.0448532 -69.829361 141.05365 -34.3721199 -63.5011559 141.018448 -69.6455994 -37.7279816 157.654663 -32.4662094 -64.0988388 147.286011 -32.4662094 -64.0988388 147.286011 -69.6455994 -37.7279816 157.654663 -36.4948769 -69.2469406 148.020157 -36.4948769 -69.2469406 148.020157 -69.6455994 -37.7279816 157.654663 -38.4007874 -68.6492538 141.752594 -38.4007874 -68.6492538 141.752594 -69.6455994 -37.7279816 157.654663 -34.3721199 -63.5011559 141.018448 12.9009552 -50.4807358 159.125565 4.9689126 -46.3733253 166.898178 2.43250465 -55.8839188 160.31662 4.9689126 -46.3733253 166.898178 -3.09955597 -45.6180115 158.26506 2.43250465 -55.8839188 160.31662 -3.09955597 -45.6180115 158.26506 4.83248663 -49.7254219 150.492447 2.43250465 -55.8839188 160.31662 4.83248663 -49.7254219 150.492447 12.9009552 -50.4807358 159.125565 2.43250465 -55.8839188 160.31662 12.9009552 -50.4807358 159.125565 7.36889458 -40.2148285 157.074005 4.9689126 -46.3733253 166.898178 4.9689126 -46.3733253 166.898178 7.36889458 -40.2148285 157.074005 -3.09955597 -45.6180115 158.26506 -3.09955597 -45.6180115 158.26506 7.36889458 -40.2148285 157.074005 4.83248663 -49.7254219 150.492447 4.83248663 -49.7254219 150.492447 7.36889458 -40.2148285 157.074005 12.9009552 -50.4807358 159.125565 463.665466 -160.084351 -22.2891235 268.661377 -79.5942535 -212.009232 463.794678 -121.955902 -10.446682 463.794678 -121.955902 -10.446682 268.661377 -79.5942535 -212.009232 432.998718 -129.397552 13.8487968 432.998718 -129.397552 13.8487968 268.661377 -79.5942535 -212.009232 432.869507 -167.526001 2.00635529 432.869507 -167.526001 2.00635529 268.661377 -79.5942535 -212.009232 463.665466 -160.084351 -22.2891235 463.774872 -160.1978 16.0515575 527.925537 -340.668976 -214.245575 472.549957 -128.44545 -10.2440205 472.549957 -128.44545 -10.2440205 527.925537 -340.668976 -214.245575 432.889313 -129.284103 -24.4918842 432.889313 -129.284103 -24.4918842 527.925537 -340.668976 -214.245575 424.114227 -161.036453 1.80369329 424.114227 -161.036453 1.80369329 527.925537 -340.668976 -214.245575 463.774872 -160.1978 16.0515575 425.442596 -121.834229 0.940589905 230.422867 -378.815002 68.2568817 457.078918 -143.111298 27.3411789 457.078918 -143.111298 27.3411789 230.422867 -378.815002 68.2568817 471.221588 -167.647675 -9.3809166 471.221588 -167.647675 -9.3809166 230.422867 -378.815002 68.2568817 439.585266 -146.370605 -35.7815056 439.585266 -146.370605 -35.7815056 230.422867 -378.815002 68.2568817 425.442596 -121.834229 0.940589905 -276.503937 -398.207184 -68.2364349 -273.790375 -395.168549 -70.6624374 -275.973572 -398.612 -68.2420425 -275.973572 -398.612 -68.2420425 -273.790375 -395.168549 -70.6624374 -275.738495 -398.311615 -67.6945953 -275.738495 -398.311615 -67.6945953 -273.790375 -395.168549 -70.6624374 -276.26886 -397.906799 -67.6889877 -276.26886 -397.906799 -67.6889877 -273.790375 -395.168549 -70.6624374 -276.503937 -398.207184 -68.2364349 -38.8699341 -402.680664 270.213257 73.0958405 -430.579926 316.473236 -45.0897636 -414.641296 281.361816 -45.0897636 -414.641296 281.361816 73.0958405 -430.579926 316.473236 -45.8934555 -402.50415 293.934692 -45.8934555 -402.50415 293.934692 73.0958405 -430.579926 316.473236 -39.6736259 -390.543518 282.786133 -39.6736259 -390.543518 282.786133 73.0958405 -430.579926 316.473236 -38.8699341 -402.680664 270.213257 -16.2265778 -280.996704 270.561737 104.303894 -249.935745 318.467438 -16.8688622 -293.871582 284.201721 -16.8688622 -293.871582 284.201721 104.303894 -249.935745 318.467438 -23.4675522 -280.940979 296.096283 -23.4675522 -280.940979 296.096283 104.303894 -249.935745 318.467438 -22.8252678 -268.066101 282.456299 -22.8252678 -268.066101 282.456299 104.303894 -249.935745 318.467438 -16.2265778 -280.996704 270.561737 61.8196831 -175.360779 281.735382 88.9688416 -144.271683 295.718597 63.0161324 -178.1884 287.043823 63.0161324 -178.1884 287.043823 88.9688416 -144.271683 295.718597 58.5860558 -174.941833 289.771637 58.5860558 -174.941833 289.771637 88.9688416 -144.271683 295.718597 57.3896065 -172.114212 284.463196 57.3896065 -172.114212 284.463196 88.9688416 -144.271683 295.718597 61.8196831 -175.360779 281.735382 102.573631 -159.680634 278.052979 137.882751 -106.933182 295.090424 105.681763 -163.481873 285.890106 105.681763 -163.481873 285.890106 137.882751 -106.933182 295.090424 98.7422714 -159.533356 290.557373 98.7422714 -159.533356 290.557373 137.882751 -106.933182 295.090424 95.63414 -155.732117 282.720245 95.63414 -155.732117 282.720245 137.882751 -106.933182 295.090424 102.573631 -159.680634 278.052979 159.899658 -155.939301 283.04245 174.735687 -149.85701 287.516571 160.987106 -145.018158 295.559082 174.735687 -149.85701 287.516571 168.971008 -134.362152 285.56778 160.987106 -145.018158 295.559082 168.971008 -134.362152 285.56778 154.134979 -140.444443 281.093658 160.987106 -145.018158 295.559082 154.134979 -140.444443 281.093658 159.899658 -155.939301 283.04245 160.987106 -145.018158 295.559082 159.899658 -155.939301 283.04245 167.88356 -145.283295 273.051147 174.735687 -149.85701 287.516571 174.735687 -149.85701 287.516571 167.88356 -145.283295 273.051147 168.971008 -134.362152 285.56778 168.971008 -134.362152 285.56778 167.88356 -145.283295 273.051147 154.134979 -140.444443 281.093658 154.134979 -140.444443 281.093658 167.88356 -145.283295 273.051147 159.899658 -155.939301 283.04245 145.438782 83.7661819 168.293533 143.830414 82.0238571 169.315811 145.691376 83.5055923 168.311401 145.691376 83.5055923 168.311401 143.830414 82.0238571 169.315811 145.583008 83.3784256 167.988724 145.583008 83.3784256 167.988724 143.830414 82.0238571 169.315811 145.330414 83.6390152 167.970856 145.330414 83.6390152 167.970856 143.830414 82.0238571 169.315811 145.438782 83.7661819 168.293533 -143.833633 71.0386887 -164.820267 -224.40741 155.144699 -109.904572 -149.329163 78.033638 -180.606964 -149.329163 78.033638 -180.606964 -224.40741 155.144699 -109.904572 -136.809555 91.0572433 -179.194534 -136.809555 91.0572433 -179.194534 -224.40741 155.144699 -109.904572 -131.314026 84.062294 -163.407837 -131.314026 84.062294 -163.407837 -224.40741 155.144699 -109.904572 -143.833633 71.0386887 -164.820267 -162.760406 198.523392 -165.37764 -267.862732 253.367706 -161.630615 -162.889587 201.931839 -181.716202 -162.889587 201.931839 -181.716202 -267.862732 253.367706 -161.630615 -156.272369 216.942337 -178.637131 -156.272369 216.942337 -178.637131 -267.862732 253.367706 -161.630615 -156.143188 213.53389 -162.298569 -156.143188 213.53389 -162.298569 -267.862732 253.367706 -161.630615 -162.760406 198.523392 -165.37764 -234.358643 295.658539 -168.73111 -289.317963 306.24942 -191.890533 -231.482117 296.588196 -176.70079 -231.482117 296.588196 -176.70079 -289.317963 306.24942 -191.890533 -231.00528 305.019806 -175.545135 -231.00528 305.019806 -175.545135 -289.317963 306.24942 -191.890533 -233.881805 304.090149 -167.575455 -233.881805 304.090149 -167.575455 -289.317963 306.24942 -191.890533 -234.358643 295.658539 -168.73111 -289.781708 319.421082 -169.542938 -332.574249 323.161591 -194.069153 -286.724091 320.176514 -175.750229 -286.724091 320.176514 -175.750229 -332.574249 323.161591 -194.069153 -287.070282 327.096008 -175.078644 -287.070282 327.096008 -175.078644 -332.574249 323.161591 -194.069153 -290.127899 326.340576 -168.871353 -290.127899 326.340576 -168.871353 -332.574249 323.161591 -194.069153 -289.781708 319.421082 -169.542938 -343.353729 333.287994 -177.574493 -341.140259 339.958893 -167.20253 -333.896545 341.501953 -177.308258 -341.140259 339.958893 -167.20253 -329.296051 335.874359 -167.103149 -333.896545 341.501953 -177.308258 -329.296051 335.874359 -167.103149 -331.509521 329.203461 -177.475113 -333.896545 341.501953 -177.308258 -331.509521 329.203461 -177.475113 -343.353729 333.287994 -177.574493 -333.896545 341.501953 -177.308258 -343.353729 333.287994 -177.574493 -338.753235 327.6604 -167.369385 -341.140259 339.958893 -167.20253 -341.140259 339.958893 -167.20253 -338.753235 327.6604 -167.369385 -329.296051 335.874359 -167.103149 -329.296051 335.874359 -167.103149 -338.753235 327.6604 -167.369385 -331.509521 329.203461 -177.475113 -331.509521 329.203461 -177.475113 -338.753235 327.6604 -167.369385 -343.353729 333.287994 -177.574493 -82.9099655 -170.994202 -15.4538794 -84.2901382 -179.01152 -12.9780388 -83.3687286 -171.329712 -16.506918 -83.3687286 -171.329712 -16.506918 -84.2901382 -179.01152 -12.9780388 -84.470665 -171.103333 -16.098978 -84.470665 -171.103333 -16.098978 -84.2901382 -179.01152 -12.9780388 -84.0119019 -170.767822 -15.0459385 -84.0119019 -170.767822 -15.0459385 -84.2901382 -179.01152 -12.9780388 -82.9099655 -170.994202 -15.4538794 -78.409668 -167.329483 -16.9304981 -92.5587845 -154.369308 114.480324 -90.6756058 -181.360031 -15.5386076 -90.6756058 -181.360031 -15.5386076 -92.5587845 -154.369308 114.480324 -104.774353 -169.17247 -16.9297771 -104.774353 -169.17247 -16.9297771 -92.5587845 -154.369308 114.480324 -92.5084152 -155.141922 -18.3216686 -92.5084152 -155.141922 -18.3216686 -92.5587845 -154.369308 114.480324 -78.409668 -167.329483 -16.9304981 -64.6845551 -35.9306297 -16.9305096 -83.9385986 52.6425514 77.624054 -77.0265045 -46.2718658 -7.96013069 -77.0265045 -46.2718658 -7.96013069 -83.9385986 52.6425514 77.624054 -90.6876526 -37.748333 -16.9298 -90.6876526 -37.748333 -16.9298 -83.9385986 52.6425514 77.624054 -78.3457031 -27.4070969 -25.9001789 -78.3457031 -27.4070969 -25.9001789 -83.9385986 52.6425514 77.624054 -64.6845551 -35.9306297 -16.9305096 18.2421627 58.1568947 -16.9303341 7.93514347 115.985565 5.31527901 12.1627016 55.5019493 -11.0895014 12.1627016 55.5019493 -11.0895014 7.93514347 115.985565 5.31527901 5.77268028 57.2852364 -16.9299984 5.77268028 57.2852364 -16.9299984 7.93514347 115.985565 5.31527901 11.8521414 59.9401817 -22.7708321 11.8521414 59.9401817 -22.7708321 7.93514347 115.985565 5.31527901 18.2421627 58.1568947 -16.9303341 77.2204132 80.446579 -16.9303589 65.7096176 147.251205 -6.50551224 70.4853363 78.9307632 -10.1857109 70.4853363 78.9307632 -10.1857109 65.7096176 147.251205 -6.50551224 63.6045227 79.4947815 -16.9300041 63.6045227 79.4947815 -16.9300041 65.7096176 147.251205 -6.50551224 70.3395996 81.0105972 -23.6746521 70.3395996 81.0105972 -23.6746521 65.7096176 147.251205 -6.50551224 77.2204132 80.446579 -16.9303589 138.713104 78.145752 -16.929327 137.856766 90.4009476 -4.64599037 125.602188 89.5434418 -16.9298611 137.856766 90.4009476 -4.64599037 136.999878 102.654358 -16.9310703 125.602188 89.5434418 -16.9298611 136.999878 102.654358 -16.9310703 137.856216 90.3991623 -29.214407 125.602188 89.5434418 -16.9298611 137.856216 90.3991623 -29.214407 138.713104 78.145752 -16.929327 125.602188 89.5434418 -16.9298611 138.713104 78.145752 -16.929327 150.110794 91.2566681 -16.9305363 137.856766 90.4009476 -4.64599037 137.856766 90.4009476 -4.64599037 150.110794 91.2566681 -16.9305363 136.999878 102.654358 -16.9310703 136.999878 102.654358 -16.9310703 150.110794 91.2566681 -16.9305363 137.856216 90.3991623 -29.214407 137.856216 90.3991623 -29.214407 150.110794 91.2566681 -16.9305363 138.713104 78.145752 -16.929327 -300.315369 -30.1241074 -7.23589468 -296.464539 -41.1446533 3.95575809 -302.070282 -31.4829082 -7.73871708 -302.070282 -31.4829082 -7.73871708 -296.464539 -41.1446533 3.95575809 -303.306213 -30.4910812 -6.10542154 -303.306213 -30.4910812 -6.10542154 -296.464539 -41.1446533 3.95575809 -301.5513 -29.1322803 -5.60259914 -301.5513 -29.1322803 -5.60259914 -296.464539 -41.1446533 3.95575809 -300.315369 -30.1241074 -7.23589468 -241.203201 -209.541336 -2.68419194 -130.110535 -299.616882 -47.6767464 -227.469452 -202.178787 11.5395832 -227.469452 -202.178787 11.5395832 -130.110535 -299.616882 -47.6767464 -220.096542 -188.45137 -2.68495393 -220.096542 -188.45137 -2.68495393 -130.110535 -299.616882 -47.6767464 -233.830292 -195.813919 -16.9087296 -233.830292 -195.813919 -16.9087296 -130.110535 -299.616882 -47.6767464 -241.203201 -209.541336 -2.68419194 -373.491638 -226.570358 -2.68484497 -311.333649 -310.211243 21.4308243 -379.712769 -235.536728 -13.0509396 -379.712769 -235.536728 -13.0509396 -311.333649 -310.211243 21.4308243 -389.190674 -240.945633 -2.68430138 -389.190674 -240.945633 -2.68430138 -311.333649 -310.211243 21.4308243 -382.969543 -231.979263 7.68179321 -382.969543 -231.979263 7.68179321 -311.333649 -310.211243 21.4308243 -373.491638 -226.570358 -2.68484497 -481.191101 -206.156281 -4.71339321 -445.007935 -238.398224 23.0339012 -484.43924 -212.876038 -7.17316723 -484.43924 -212.876038 -7.17316723 -445.007935 -238.398224 23.0339012 -488.821899 -213.14328 -0.655753136 -488.821899 -213.14328 -0.655753136 -445.007935 -238.398224 23.0339012 -485.573761 -206.423523 1.80402088 -485.573761 -206.423523 1.80402088 -445.007935 -238.398224 23.0339012 -481.191101 -206.156281 -4.71339321 -486.38501 -210.912064 -2.68437886 -473.610046 -222.096893 -10.7194929 -484.463745 -210.242249 -0.996942639 -484.463745 -210.242249 -0.996942639 -473.610046 -222.096893 -10.7194929 -483.627991 -208.387497 -2.68476748 -483.627991 -208.387497 -2.68476748 -473.610046 -222.096893 -10.7194929 -485.549255 -209.057312 -4.37220383 -485.549255 -209.057312 -4.37220383 -473.610046 -222.096893 -10.7194929 -486.38501 -210.912064 -2.68437886 -481.184326 -206.149734 -0.863847494 -459.795563 -250.816833 23.5282097 -481.971802 -210.638062 -7.15538216 -481.971802 -210.638062 -7.15538216 -459.795563 -250.816833 23.5282097 -488.828674 -213.149826 -4.50529861 -488.828674 -213.149826 -4.50529861 -459.795563 -250.816833 23.5282097 -488.041199 -208.661499 1.78623581 -488.041199 -208.661499 1.78623581 -459.795563 -250.816833 23.5282097 -481.184326 -206.149734 -0.863847494 -573.441345 9.40761566 4.44648933 -549.358215 -20.9442863 22.670454 -577.941956 5.41200066 4.73545551 -577.941956 5.41200066 4.73545551 -549.358215 -20.9442863 22.670454 -579.17572 7.20791769 10.3529749 -579.17572 7.20791769 10.3529749 -549.358215 -20.9442863 22.670454 -574.67511 11.2035332 10.0640087 -574.67511 11.2035332 10.0640087 -549.358215 -20.9442863 22.670454 -573.441345 9.40761566 4.44648933 -515.783203 340.742157 19.4619637 -504.209167 306.899445 5.20859146 -515.594482 338.331024 24.3102913 -515.594482 338.331024 24.3102913 -504.209167 306.899445 5.20859146 -510.326202 339.533539 24.7032776 -510.326202 339.533539 24.7032776 -504.209167 306.899445 5.20859146 -510.514893 341.944672 19.85495 -510.514893 341.944672 19.85495 -504.209167 306.899445 5.20859146 -515.783203 340.742157 19.4619637 -545.083374 316.529327 37.9091797 -543.591431 323.262573 44.8047676 -550.324524 324.753784 37.9088783 -543.591431 323.262573 44.8047676 -542.100098 329.994965 37.908226 -550.324524 324.753784 37.9088783 -542.100098 329.994965 37.908226 -543.592041 323.261719 31.0126381 -550.324524 324.753784 37.9088783 -543.592041 323.261719 31.0126381 -545.083374 316.529327 37.9091797 -550.324524 324.753784 37.9088783 -545.083374 316.529327 37.9091797 -536.858948 321.770508 37.9085274 -543.591431 323.262573 44.8047676 -543.591431 323.262573 44.8047676 -536.858948 321.770508 37.9085274 -542.100098 329.994965 37.908226 -542.100098 329.994965 37.908226 -536.858948 321.770508 37.9085274 -543.592041 323.261719 31.0126381 -543.592041 323.261719 31.0126381 -536.858948 321.770508 37.9085274 -545.083374 316.529327 37.9091797 -383.137054 -394.056427 -2.68510175 -370.52298 -395.456604 -40.4538765 -378.054962 -392.017822 -1.47952998 -378.054962 -392.017822 -1.47952998 -370.52298 -395.456604 -40.4538765 -379.844757 -386.842926 -2.6853044 -379.844757 -386.842926 -2.6853044 -370.52298 -395.456604 -40.4538765 -384.926849 -388.881531 -3.89087629 -384.926849 -388.881531 -3.89087629 -370.52298 -395.456604 -40.4538765 -383.137054 -394.056427 -2.68510175 -276.670471 -512.507019 -2.68471026 -283.697998 -511.262604 4.45114994 -284.941681 -518.289917 -2.68502092 -283.697998 -511.262604 4.45114994 -290.724609 -510.018738 -2.68569589 -284.941681 -518.289917 -2.68502092 -290.724609 -510.018738 -2.68569589 -283.697083 -511.263153 -9.82155609 -284.941681 -518.289917 -2.68502092 -283.697083 -511.263153 -9.82155609 -276.670471 -512.507019 -2.68471026 -284.941681 -518.289917 -2.68502092 -276.670471 -512.507019 -2.68471026 -282.4534 -504.235809 -2.68538523 -283.697998 -511.262604 4.45114994 -283.697998 -511.262604 4.45114994 -282.4534 -504.235809 -2.68538523 -290.724609 -510.018738 -2.68569589 -290.724609 -510.018738 -2.68569589 -282.4534 -504.235809 -2.68538523 -283.697083 -511.263153 -9.82155609 -283.697083 -511.263153 -9.82155609 -282.4534 -504.235809 -2.68538523 -276.670471 -512.507019 -2.68471026 -572.746826 32.8389244 -9.22224712 -576.530762 -6.55684662 3.37831402 -572.886902 30.6819477 -14.6525888 -572.886902 30.6819477 -14.6525888 -576.530762 -6.55684662 3.37831402 -578.728882 30.8378773 -14.5638685 -578.728882 30.8378773 -14.5638685 -576.530762 -6.55684662 3.37831402 -578.588806 32.9948578 -9.1335268 -578.588806 32.9948578 -9.1335268 -576.530762 -6.55684662 3.37831402 -572.746826 32.8389244 -9.22224712 -522.178284 331.235413 -21.5561256 -545.731873 298.30014 -44.910656 -516.952087 327.292328 -22.1924801 -516.952087 327.292328 -22.1924801 -545.731873 298.30014 -44.910656 -515.690735 329.916016 -28.0908928 -515.690735 329.916016 -28.0908928 -545.731873 298.30014 -44.910656 -520.916931 333.8591 -27.4545383 -520.916931 333.8591 -27.4545383 -545.731873 298.30014 -44.910656 -522.178284 331.235413 -21.5561256 -557.568359 302.281281 -44.65242 -555.900146 310.485992 -36.2809601 -564.104675 312.153412 -44.6527863 -555.900146 310.485992 -36.2809601 -554.232544 318.689667 -44.6535797 -564.104675 312.153412 -44.6527863 -554.232544 318.689667 -44.6535797 -555.900757 310.484955 -53.0250397 -564.104675 312.153412 -44.6527863 -555.900757 310.484955 -53.0250397 -557.568359 302.281281 -44.65242 -564.104675 312.153412 -44.6527863 -557.568359 302.281281 -44.65242 -547.696228 308.817535 -44.6532135 -555.900146 310.485992 -36.2809601 -555.900146 310.485992 -36.2809601 -547.696228 308.817535 -44.6532135 -554.232544 318.689667 -44.6535797 -554.232544 318.689667 -44.6535797 -547.696228 308.817535 -44.6532135 -555.900757 310.484955 -53.0250397 -555.900757 310.484955 -53.0250397 -547.696228 308.817535 -44.6532135 -557.568359 302.281281 -44.65242 </float_array>
          <technique_common>
            <accessor count="1128" offset="0" source="#mesh_0-positions-array" stride="3">
              <param name="X" type="float" />
              <param name="Y" type="float" />
              <param name="Z" type="float" />
            </accessor>
          </technique_common>
        </source>
        <source id="mesh_0-normals" name="mesh_0-normals">
          <float_array id="mesh_0-normals-array" count="3384"> 32.5422058 -6.39967918 32.0733223 32.5422058 -6.39967918 32.0733223 32.5422058 -6.39967918 32.0733223 32.5436516 12.6192083 -30.1714287 32.5436516 12.6192083 -30.1714287 32.5436516 12.6192083 -30.1714287 -32.5417328 12.6241379 -30.1714344 -32.5417328 12.6241379 -30.1714344 -32.5417328 12.6241379 -30.1714344 -32.5431786 -6.39474869 32.0733185 -32.5431786 -6.39474869 32.0733185 -32.5431786 -6.39474869 32.0733185 -166.613205 -69.6942596 179.681488 -166.613205 -69.6942596 179.681488 -166.613205 -69.6942596 179.681488 -166.586365 -69.6935425 -179.70639 -166.586365 -69.6935425 -179.70639 -166.586365 -69.6935425 -179.70639 177.115082 35.3241043 -179.68071 177.115082 35.3241043 -179.68071 177.115082 35.3241043 -179.68071 177.088181 35.3233795 179.707153 177.088181 35.3233795 179.707153 177.088181 35.3233795 179.707153 -177.08812 -35.3236237 -179.707321 -177.08812 -35.3236237 -179.707321 -177.08812 -35.3236237 -179.707321 -177.115143 -35.3238602 179.680542 -177.115143 -35.3238602 179.680542 -177.115143 -35.3238602 179.680542 166.586258 69.693779 179.706528 166.586258 69.693779 179.706528 166.586258 69.693779 179.706528 166.613297 69.6940231 -179.681335 166.613297 69.6940231 -179.681335 166.613297 69.6940231 -179.681335 -59.2568207 295.376831 299.820129 -59.2568207 295.376831 299.820129 -59.2568207 295.376831 299.820129 115.950195 -278.040375 299.833771 115.950195 -278.040375 299.833771 115.950195 -278.040375 299.833771 116.598488 -277.85611 -299.752747 116.598488 -277.85611 -299.752747 116.598488 -277.85611 -299.752747 -58.6085281 295.561066 -299.766388 -58.6085281 295.561066 -299.766388 -58.6085281 295.561066 -299.766388 656.097412 3769.67383 -85.2160339 656.097412 3769.67383 -85.2160339 656.097412 3769.67383 -85.2160339 -2556.83423 400.597626 -2819.62451 -2556.83423 400.597626 -2819.62451 -2556.83423 400.597626 -2819.62451 -1063.49902 -3652.54395 419.596497 -1063.49902 -3652.54395 419.596497 -1063.49902 -3652.54395 419.596497 2149.43262 -283.467682 3154.00488 2149.43262 -283.467682 3154.00488 2149.43262 -283.467682 3154.00488 331.344299 -1415.55371 426.031708 331.344299 -1415.55371 426.031708 331.344299 -1415.55371 426.031708 114.933235 -59.2576752 1509.42468 114.933235 -59.2576752 1509.42468 114.933235 -59.2576752 1509.42468 1098.79419 936.062378 459.916443 1098.79419 936.062378 459.916443 1098.79419 936.062378 459.916443 1315.2052 -420.233673 -623.476501 1315.2052 -420.233673 -623.476501 1315.2052 -420.233673 -623.476501 -1098.79419 -936.062378 -459.916382 -1098.79419 -936.062378 -459.916382 -1098.79419 -936.062378 -459.916382 -1315.2052 420.233673 623.47644 -1315.2052 420.233673 623.47644 -1315.2052 420.233673 623.47644 -331.34436 1415.55371 -426.031738 -331.34436 1415.55371 -426.031738 -331.34436 1415.55371 -426.031738 -114.933235 59.2576752 -1509.42456 -114.933235 59.2576752 -1509.42456 -114.933235 59.2576752 -1509.42456 2050.42798 -324.866699 -3215.33154 2050.42798 -324.866699 -3215.33154 2050.42798 -324.866699 -3215.33154 -1089.3606 -3652.41211 -348.326324 -1089.3606 -3652.41211 -348.326324 -1089.3606 -3652.41211 -348.326324 -2467.47827 440.146729 2892.39966 -2467.47827 440.146729 2892.39966 -2467.47827 440.146729 2892.39966 672.310425 3767.69238 25.3941345 672.310425 3767.69238 25.3941345 672.310425 3767.69238 25.3941345 1310.36182 -487.172424 583.693176 1310.36182 -487.172424 583.693176 1310.36182 -487.172424 583.693176 1125.42749 902.491089 -462.607605 1125.42749 902.491089 -462.607605 1125.42749 902.491089 -462.607605 79.8332825 -27.2143841 -1512.60327 79.8332825 -27.2143841 -1512.60327 79.8332825 -27.2143841 -1512.60327 264.767609 -1416.87793 -466.302338 264.767609 -1416.87793 -466.302338 264.767609 -1416.87793 -466.302338 -79.8332825 27.2143841 1512.60327 -79.8332825 27.2143841 1512.60327 -79.8332825 27.2143841 1512.60327 -264.767609 1416.87793 466.302338 -264.767609 1416.87793 466.302338 -264.767609 1416.87793 466.302338 -1310.36182 487.172424 -583.693176 -1310.36182 487.172424 -583.693176 -1310.36182 487.172424 -583.693176 -1125.42749 -902.491089 462.607605 -1125.42749 -902.491089 462.607605 -1125.42749 -902.491089 462.607605 -134.77742 525.274597 539.692993 -134.77742 525.274597 539.692993 -134.77742 525.274597 539.692993 234.98204 -488.702423 539.722534 234.98204 -488.702423 539.722534 234.98204 -488.702423 539.722534 236.17485 -488.298553 -539.567139 236.17485 -488.298553 -539.567139 236.17485 -488.298553 -539.567139 -133.584579 525.678345 -539.596619 -133.584579 525.678345 -539.596619 -133.584579 525.678345 -539.596619 -52.4089775 1046.77258 1042.95459 -52.4089775 1046.77258 1042.95459 -52.4089775 1046.77258 1042.95459 257.391479 -1015.9314 1043.01025 257.391479 -1015.9314 1043.01025 257.391479 -1015.9314 1043.01025 258.679108 -1015.7926 -1042.82532 258.679108 -1015.7926 -1042.82532 258.679108 -1015.7926 -1042.82532 -51.1213455 1046.91138 -1042.88086 -51.1213455 1046.91138 -1042.88086 -51.1213455 1046.91138 -1042.88086 -521.737488 -888.696045 -531.797607 -521.737488 -888.696045 -531.797607 -521.737488 -888.696045 -531.797607 -764.589722 728.242798 -479.438141 -764.589722 728.242798 -479.438141 -764.589722 728.242798 -479.438141 607.454163 906.047058 393.545166 607.454163 906.047058 393.545166 607.454163 906.047058 393.545166 850.306396 -710.891907 341.185699 850.306396 -710.891907 341.185699 850.306396 -710.891907 341.185699 76.980011 505.697357 508.969696 76.980011 505.697357 508.969696 76.980011 505.697357 508.969696 24.5480881 -510.907349 508.99765 24.5480881 -510.907349 508.99765 24.5480881 -510.907349 508.99765 24.6802864 -510.940521 -508.956299 24.6802864 -510.940521 -508.956299 24.6802864 -510.940521 -508.956299 77.1122131 505.664185 -508.984222 77.1122131 505.664185 -508.984222 77.1122131 505.664185 -508.984222 -106.630188 -177.161118 205.713837 -106.630188 -177.161118 205.713837 -106.630188 -177.161118 205.713837 -106.658218 -177.102646 -205.749542 -106.658218 -177.102646 -205.749542 -106.658218 -177.102646 -205.749542 139.594055 152.535843 -205.719528 139.594055 152.535843 -205.719528 139.594055 152.535843 -205.719528 139.622086 152.477371 205.743835 139.622086 152.477371 205.743835 139.622086 152.477371 205.743835 -139.566803 -152.5186 -205.750061 -139.566803 -152.5186 -205.750061 -139.566803 -152.5186 -205.750061 -139.650284 -152.493759 205.712189 -139.650284 -152.493759 205.712189 -139.650284 -152.493759 205.712189 106.603058 177.14389 205.741913 106.603058 177.14389 205.741913 106.603058 177.14389 205.741913 106.686554 177.119049 -205.720306 106.686554 177.119049 -205.720306 106.686554 177.119049 -205.720306 -6.94410276 6.35584784 9.36667252 -6.94410276 6.35584784 9.36667252 -6.94410276 6.35584784 9.36667252 8.06403637 -4.85584974 9.36708832 8.06403637 -4.85584974 9.36708832 8.06403637 -4.85584974 9.36708832 8.06527233 -4.85502768 -9.36653042 8.06527233 -4.85502768 -9.36653042 8.06527233 -4.85502768 -9.36653042 -6.94286633 6.35666943 -9.36694717 -6.94286633 6.35666943 -9.36694717 -6.94286633 6.35666943 -9.36694717 210.42485 -1471.52441 -645.001038 210.42485 -1471.52441 -645.001038 210.42485 -1471.52441 -645.001038 679.822266 -515.49823 1377.60217 679.822266 -515.49823 1377.60217 679.822266 -515.49823 1377.60217 -406.02301 1388.75427 729.517578 -406.02301 1388.75427 729.517578 -406.02301 1388.75427 729.517578 -875.42041 432.728027 -1293.08569 -875.42041 432.728027 -1293.08569 -875.42041 432.728027 -1293.08569 -2271.9873 860.546387 -5424.01758 -2271.9873 860.546387 -5424.01758 -2271.9873 860.546387 -5424.01758 2269.21606 -5187.63965 -1805.95728 2269.21606 -5187.63965 -1805.95728 2269.21606 -5187.63965 -1805.95728 1570.68237 -1291.00024 5584.68604 1570.68237 -1291.00024 5584.68604 1570.68237 -1291.00024 5584.68604 -2970.521 4757.18604 1966.62549 -2970.521 4757.18604 1966.62549 -2970.521 4757.18604 1966.62549 1127.43384 3788.52588 -8824.71582 1127.43384 3788.52588 -8824.71582 1127.43384 3788.52588 -8824.71582 -8149.15918 -4296.23291 -2938.24072 -8149.15918 -4296.23291 -2938.24072 -8149.15918 -4296.23291 -2938.24072 -1908.92773 -2701.5 9086.11816 -1908.92773 -2701.5 9086.11816 -1908.92773 -2701.5 9086.11816 7367.66504 5383.25879 3199.64258 7367.66504 5383.25879 3199.64258 7367.66504 5383.25879 3199.64258 1210.63147 43.2582016 -365.017883 1210.63147 43.2582016 -365.017883 1210.63147 43.2582016 -365.017883 361.390076 -458.54538 1122.43884 361.390076 -458.54538 1122.43884 361.390076 -458.54538 1122.43884 -1208.24976 -212.767212 309.192596 -1208.24976 -212.767212 309.192596 -1208.24976 -212.767212 309.192596 -359.008545 289.036377 -1178.26404 -359.008545 289.036377 -1178.26404 -359.008545 289.036377 -1178.26404 -176.640991 -370.925934 1243.70166 -176.640991 -370.925934 1243.70166 -176.640991 -370.925934 1243.70166 -1264.22827 334.661896 -72.8827896 -1264.22827 334.661896 -72.8827896 -1264.22827 334.661896 -72.8827896 120.666199 200.682281 -1288.7002 120.666199 200.682281 -1288.7002 120.666199 200.682281 -1288.7002 1208.25354 -504.905518 27.8842316 1208.25354 -504.905518 27.8842316 1208.25354 -504.905518 27.8842316 -1.33250618 83.8700256 -78.762886 -1.33250618 83.8700256 -78.762886 -1.33250618 83.8700256 -78.762886 109.700882 25.0767002 24.0102425 109.700882 25.0767002 24.0102425 109.700882 25.0767002 24.0102425 7.27163506 -93.2930679 66.9558029 7.27163506 -93.2930679 66.9558029 7.27163506 -93.2930679 66.9558029 -103.761749 -34.4997406 -35.8173256 -103.761749 -34.4997406 -35.8173256 -103.761749 -34.4997406 -35.8173256 428.902466 -240.284332 275.79007 428.902466 -240.284332 275.79007 428.902466 -240.284332 275.79007 -344.140564 -130.989731 426.805359 -344.140564 -130.989731 426.805359 -344.140564 -130.989731 426.805359 -444.605286 167.38913 -303.41568 -444.605286 167.38913 -303.41568 -444.605286 167.38913 -303.41568 328.437744 58.0945168 -454.430969 328.437744 58.0945168 -454.430969 328.437744 58.0945168 -454.430969 388.873474 166.788223 237.368103 388.873474 166.788223 237.368103 388.873474 166.788223 237.368103 -91.0101776 -303.578705 367.343994 -91.0101776 -303.578705 367.343994 -91.0101776 -303.578705 367.343994 -347.348877 -215.72319 -261.14505 -347.348877 -215.72319 -261.14505 -347.348877 -215.72319 -261.14505 132.534775 254.643707 -391.120911 132.534775 254.643707 -391.120911 132.534775 254.643707 -391.120911 -149.176788 86.666275 -84.3527222 -149.176788 86.666275 -84.3527222 -149.176788 86.666275 -84.3527222 58.7612343 85.910141 -161.389938 58.7612343 85.910141 -161.389938 58.7612343 85.910141 -161.389938 134.364807 130.544891 42.2404785 134.364807 130.544891 42.2404785 134.364807 130.544891 42.2404785 -73.5732117 131.301025 119.277702 -73.5732117 131.301025 119.277702 -73.5732117 131.301025 119.277702 -134.364807 -130.544891 -42.2404785 -134.364807 -130.544891 -42.2404785 -134.364807 -130.544891 -42.2404785 73.5732117 -131.301025 -119.277702 73.5732117 -131.301025 -119.277702 73.5732117 -131.301025 -119.277702 149.176788 -86.666275 84.3527222 149.176788 -86.666275 84.3527222 149.176788 -86.666275 84.3527222 -58.7612343 -85.910141 161.389938 -58.7612343 -85.910141 161.389938 -58.7612343 -85.910141 161.389938 136.121597 -125.364388 343.460022 136.121597 -125.364388 343.460022 136.121597 -125.364388 343.460022 -352.426178 -140.768372 90.4988861 -352.426178 -140.768372 90.4988861 -352.426178 -140.768372 90.4988861 -124.949783 74.7460632 -361.954102 -124.949783 74.7460632 -361.954102 -124.949783 74.7460632 -361.954102 363.598022 90.1499786 -108.992783 363.598022 90.1499786 -108.992783 363.598022 90.1499786 -108.992783 158.563721 -19.9251938 296.60675 158.563721 -19.9251938 296.60675 158.563721 -19.9251938 296.60675 -177.269272 -275.649689 78.1534042 -177.269272 -275.649689 78.1534042 -177.269272 -275.649689 78.1534042 -125.334274 -10.070385 -312.577881 -125.334274 -10.070385 -312.577881 -125.334274 -10.070385 -312.577881 210.498734 245.654114 -94.1245346 210.498734 245.654114 -94.1245346 210.498734 245.654114 -94.1245346 -3.79994798 133.293015 -2.03579664 -3.79994798 133.293015 -2.03579664 -3.79994798 133.293015 -2.03579664 112.678474 46.8682442 -53.7822075 112.678474 46.8682442 -53.7822075 112.678474 46.8682442 -53.7822075 104.172081 -40.3956413 72.8146973 104.172081 -40.3956413 72.8146973 104.172081 -40.3956413 72.8146973 -12.3063412 46.0291214 124.561111 -12.3063412 46.0291214 124.561111 -12.3063412 46.0291214 124.561111 -104.172081 40.3956413 -72.8146973 -104.172081 40.3956413 -72.8146973 -104.172081 40.3956413 -72.8146973 12.3063412 -46.0291214 -124.561111 12.3063412 -46.0291214 -124.561111 12.3063412 -46.0291214 -124.561111 3.79994798 -133.293015 2.03579664 3.79994798 -133.293015 2.03579664 3.79994798 -133.293015 2.03579664 -112.678474 -46.8682442 53.7822075 -112.678474 -46.8682442 53.7822075 -112.678474 -46.8682442 53.7822075 30.0214901 35.7368164 -23.4168758 30.0214901 35.7368164 -23.4168758 30.0214901 35.7368164 -23.4168758 30.2080002 -37.8268814 -19.5796528 30.2080002 -37.8268814 -19.5796528 30.2080002 -37.8268814 -19.5796528 -33.6872292 -36.0789261 17.0364933 -33.6872292 -36.0789261 17.0364933 -33.6872292 -36.0789261 17.0364933 -33.8737335 37.4847717 13.1992722 -33.8737335 37.4847717 13.1992722 -33.8737335 37.4847717 13.1992722 146.130386 199.590103 -169.546219 146.130386 199.590103 -169.546219 146.130386 199.590103 -169.546219 138.294998 -222.717957 -145.628006 138.294998 -222.717957 -145.628006 138.294998 -222.717957 -145.628006 -174.593872 -200.833252 138.272247 -174.593872 -200.833252 138.272247 -174.593872 -200.833252 138.272247 -166.758469 221.474731 114.354027 -166.758469 221.474731 114.354027 -166.758469 221.474731 114.354027 -81.0805435 -71.3999023 -49.1858063 -81.0805435 -71.3999023 -49.1858063 -81.0805435 -71.3999023 -49.1858063 -52.6644478 -64.3430252 84.7210236 -52.6644478 -64.3430252 84.7210236 -52.6644478 -64.3430252 84.7210236 81.4278183 -65.4841156 56.3258209 81.4278183 -65.4841156 56.3258209 81.4278183 -65.4841156 56.3258209 53.0117378 -72.5409927 -77.5810013 53.0117378 -72.5409927 -77.5810013 53.0117378 -72.5409927 -77.5810013 -81.4278259 65.4841232 -56.3258209 -81.4278259 65.4841232 -56.3258209 -81.4278259 65.4841232 -56.3258209 -53.0117302 72.5409851 77.5810013 -53.0117302 72.5409851 77.5810013 -53.0117302 72.5409851 77.5810013 81.0805359 71.3999023 49.1858063 81.0805359 71.3999023 49.1858063 81.0805359 71.3999023 49.1858063 52.6644554 64.3430328 -84.7210236 52.6644554 64.3430328 -84.7210236 52.6644554 64.3430328 -84.7210236 -840.204712 395.217072 1327.98474 -840.204712 395.217072 1327.98474 -840.204712 395.217072 1327.98474 -408.169434 1417.66248 -670.312378 -408.169434 1417.66248 -670.312378 -408.169434 1417.66248 -670.312378 641.807495 -473.012115 -1410.68286 641.807495 -473.012115 -1410.68286 641.807495 -473.012115 -1410.68286 209.772247 -1495.45752 587.614197 209.772247 -1495.45752 587.614197 209.772247 -1495.45752 587.614197 -2979.27417 4851.13477 -1706.7019 -2979.27417 4851.13477 -1706.7019 -2979.27417 4851.13477 -1706.7019 1425.1167 -1082.43921 -5667.4248 1425.1167 -1082.43921 -5667.4248 1425.1167 -1082.43921 -5667.4248 2270.90186 -5270.06299 1546.573 2270.90186 -5270.06299 1546.573 2270.90186 -5270.06299 1546.573 -2133.49219 663.516296 5507.2959 -2133.49219 663.516296 5507.2959 -2133.49219 663.516296 5507.2959 7327.38232 5665.5835 -2776.75293 7327.38232 5665.5835 -2776.75293 7327.38232 5665.5835 -2776.75293 -1502.31738 -2494.10352 -9220.75195 -1502.31738 -2494.10352 -9220.75195 -1502.31738 -2494.10352 -9220.75195 -8128.61719 -4592.81055 2516.22705 -8128.61719 -4592.81055 2516.22705 -8128.61719 -4592.81055 2516.22705 701.082642 3566.87646 8960.22656 701.082642 3566.87646 8960.22656 701.082642 3566.87646 8960.22656 -22.7741089 535.365784 1098.61902 -22.7741089 535.365784 1098.61902 -22.7741089 535.365784 1098.61902 -1186.68604 256.012939 -142.591873 -1186.68604 256.012939 -142.591873 -1186.68604 256.012939 -142.591873 -30.2668915 -677.619873 -1016.86487 -30.2668915 -677.619873 -1016.86487 -30.2668915 -677.619873 -1016.86487 1133.64502 -398.267059 224.345963 1133.64502 -398.267059 224.345963 1133.64502 -398.267059 224.345963 1203.80811 -205.18898 -224.212357 1203.80811 -205.18898 -224.212357 1203.80811 -205.18898 -224.212357 295.28891 491.851379 1101.09656 295.28891 491.851379 1101.09656 295.28891 491.851379 1101.09656 -1202.04114 50.6826553 306.685547 -1202.04114 50.6826553 306.685547 -1202.04114 50.6826553 306.685547 -293.521851 -646.357727 -1018.62335 -293.521851 -646.357727 -1018.62335 -293.521851 -646.357727 -1018.62335 -61.0223351 65.2292633 9.510252 -61.0223351 65.2292633 9.510252 -61.0223351 65.2292633 9.510252 1.10039663 14.5674171 -88.6317978 1.10039663 14.5674171 -88.6317978 1.10039663 14.5674171 -88.6317978 51.1781845 -72.8745651 -11.7949171 51.1781845 -72.8745651 -11.7949171 51.1781845 -72.8745651 -11.7949171 -10.9445438 -22.2127151 86.3471375 -10.9445438 -22.2127151 86.3471375 -10.9445438 -22.2127151 86.3471375 334.449646 16.7301025 453.449158 334.449646 16.7301025 453.449158 334.449646 16.7301025 453.449158 -430.580078 183.201538 314.309052 -430.580078 183.201538 314.309052 -430.580078 183.201538 314.309052 -354.778595 -89.5475464 -428.795898 -354.778595 -89.5475464 -428.795898 -354.778595 -89.5475464 -428.795898 410.251099 -256.018982 -289.655792 410.251099 -256.018982 -289.655792 410.251099 -256.018982 -289.655792 127.101112 258.677429 390.277496 127.101112 258.677429 390.277496 127.101112 258.677429 390.277496 -317.710754 -247.513397 270.521729 -317.710754 -247.513397 270.521729 -317.710754 -247.513397 270.521729 -80.7933502 -304.390015 -369.058777 -80.7933502 -304.390015 -369.058777 -80.7933502 -304.390015 -369.058777 364.018555 201.800842 -249.303009 364.018555 201.800842 -249.303009 364.018555 201.800842 -249.303009 -75.3360291 130.928024 -118.585907 -75.3360291 130.928024 -118.585907 -75.3360291 130.928024 -118.585907 135.446869 126.691277 -49.8372917 135.446869 126.691277 -49.8372917 135.446869 126.691277 -49.8372917 67.0661774 87.2458038 157.386765 67.0661774 87.2458038 157.386765 67.0661774 87.2458038 157.386765 -143.716721 91.4825439 88.638176 -143.716721 91.4825439 88.638176 -143.716721 91.4825439 88.638176 -67.0661774 -87.2458038 -157.38678 -67.0661774 -87.2458038 -157.38678 -67.0661774 -87.2458038 -157.38678 143.716721 -91.4825592 -88.6381531 143.716721 -91.4825592 -88.6381531 143.716721 -91.4825592 -88.6381531 75.3360291 -130.928024 118.585892 75.3360291 -130.928024 118.585892 75.3360291 -130.928024 118.585892 -135.446869 -126.691277 49.8373108 -135.446869 -126.691277 49.8373108 -135.446869 -126.691277 49.8373108 369.699219 67.8904572 104.515961 369.699219 67.8904572 104.515961 369.699219 67.8904572 104.515961 -115.891151 83.2383347 363.112701 -115.891151 83.2383347 363.112701 -115.891151 83.2383347 363.112701 -361.446747 -119.05188 -85.9831161 -361.446747 -119.05188 -85.9831161 -361.446747 -119.05188 -85.9831161 124.143623 -134.399765 -344.579865 124.143623 -134.399765 -344.579865 124.143623 -134.399765 -344.579865 137.595322 125.595184 51.8010941 137.595322 125.595184 51.8010941 137.595322 125.595184 51.8010941 -70.5715027 4.56826973 179.968781 -70.5715027 4.56826973 179.968781 -70.5715027 4.56826973 179.968781 -120.695038 -144.936508 -42.6156464 -120.695038 -144.936508 -42.6156464 -120.695038 -144.936508 -42.6156464 87.4718781 -23.9095955 -170.783524 87.4718781 -23.9095955 -170.783524 87.4718781 -23.9095955 -170.783524 -2.47395277 26.6639404 -71.7022018 -2.47395277 26.6639404 -71.7022018 -2.47395277 26.6639404 -71.7022018 53.9040337 -34.5478439 -41.9415398 53.9040337 -34.5478439 -41.9415398 53.9040337 -34.5478439 -41.9415398 68.8710938 14.3001337 30.175869 68.8710938 14.3001337 30.175869 68.8710938 14.3001337 30.175869 12.4930859 75.5119171 0.415167093 12.4930859 75.5119171 0.415167093 12.4930859 75.5119171 0.415167093 -68.8710938 -14.3001337 -30.1758785 -68.8710938 -14.3001337 -30.1758785 -68.8710938 -14.3001337 -30.1758785 -12.4930611 -75.5119171 -0.415222645 -12.4930611 -75.5119171 -0.415222645 -12.4930611 -75.5119171 -0.415222645 2.47396803 -26.6639404 71.7022476 2.47396803 -26.6639404 71.7022476 2.47396803 -26.6639404 71.7022476 -53.9040871 34.5478439 41.9415588 -53.9040871 34.5478439 41.9415588 -53.9040871 34.5478439 41.9415588 -12.8816633 -24.2925014 -1.68873143 -12.8816633 -24.2925014 -1.68873143 -12.8816633 -24.2925014 -1.68873143 -3.10227418 3.37796211 -27.1640244 -3.10227418 3.37796211 -27.1640244 -3.10227418 3.37796211 -27.1640244 16.1148396 22.3291454 0.797343969 16.1148396 22.3291454 0.797343969 16.1148396 22.3291454 0.797343969 6.33545017 -5.34131718 26.2726364 6.33545017 -5.34131718 26.2726364 6.33545017 -5.34131718 26.2726364 -171.478165 -252.785889 28.0390072 -171.478165 -252.785889 28.0390072 -171.478165 -252.785889 28.0390072 -72.7389374 14.4767456 -297.6427 -72.7389374 14.4767456 -297.6427 -72.7389374 14.4767456 -297.6427 203.305481 226.136734 -40.2585678 203.305481 226.136734 -40.2585678 203.305481 226.136734 -40.2585678 104.566139 -41.1258926 285.422882 104.566139 -41.1258926 285.422882 104.566139 -41.1258926 285.422882 -46.8890076 71.9197159 -85.8564987 -46.8890076 71.9197159 -85.8564987 -46.8890076 71.9197159 -85.8564987 87.0772171 31.2059841 -78.6517029 87.0772171 31.2059841 -78.6517029 87.0772171 31.2059841 -78.6517029 88.2195282 59.2716255 58.7071686 88.2195282 59.2716255 58.7071686 88.2195282 59.2716255 58.7071686 -45.7466927 99.9853516 51.5023766 -45.7466927 99.9853516 51.5023766 -45.7466927 99.9853516 51.5023766 -88.2195282 -59.2716255 -58.7071686 -88.2195282 -59.2716255 -58.7071686 -88.2195282 -59.2716255 -58.7071686 45.7466927 -99.9853516 -51.5023766 45.7466927 -99.9853516 -51.5023766 45.7466927 -99.9853516 -51.5023766 46.8890076 -71.9197159 85.8564987 46.8890076 -71.9197159 85.8564987 46.8890076 -71.9197159 85.8564987 -87.0772171 -31.2059841 78.6517029 -87.0772171 -31.2059841 78.6517029 -87.0772171 -31.2059841 78.6517029 -8186.93262 -2284.81055 7445.604 -8186.93262 -2284.81055 7445.604 -8186.93262 -2284.81055 7445.604 470.761475 -10948.1689 -2756.6814 470.761475 -10948.1689 -2756.6814 470.761475 -10948.1689 -2756.6814 9201.40918 1916.97192 -6272.36279 9201.40918 1916.97192 -6272.36279 9201.40918 1916.97192 -6272.36279 543.714722 10580.3301 3929.92212 543.714722 10580.3301 3929.92212 543.714722 10580.3301 3929.92212 -12058.0684 333.998291 -3620.58447 -12058.0684 333.998291 -3620.58447 -12058.0684 333.998291 -3620.58447 -2852.64526 -8879.81641 8463.36328 -2852.64526 -8879.81641 8463.36328 -2852.64526 -8879.81641 8463.36328 11583.6133 833.927612 4872.54395 11583.6133 833.927612 4872.54395 11583.6133 833.927612 4872.54395 2378.18921 10047.7422 -7211.40332 2378.18921 10047.7422 -7211.40332 2378.18921 10047.7422 -7211.40332 5352.15039 -7278.27539 -12279.375 5352.15039 -7278.27539 -12279.375 5352.15039 -7278.27539 -12279.375 -9659.45703 7744.62793 -8894.79785 -9659.45703 7744.62793 -8894.79785 -9659.45703 7744.62793 -8894.79785 -3923.03711 8813.40234 11804.0488 -3923.03711 8813.40234 11804.0488 -3923.03711 8813.40234 11804.0488 11088.5703 -6209.50098 8419.47168 11088.5703 -6209.50098 8419.47168 11088.5703 -6209.50098 8419.47168 0.999123335 1.27145016 2.71007824 0.999123335 1.27145016 2.71007824 0.999123335 1.27145016 2.71007824 -2.61215687 1.76416397 0.153677166 -2.61215687 1.76416397 0.153677166 -2.61215687 1.76416397 0.153677166 -1.2190541 -1.56311524 -2.45560193 -1.2190541 -1.56311524 -2.45560193 -1.2190541 -1.56311524 -2.45560193 2.39222598 -2.05582905 0.100799024 2.39222598 -2.05582905 0.100799024 2.39222598 -2.05582905 0.100799024 -242.261993 1535.98633 1512.71021 -242.261993 1535.98633 1512.71021 -242.261993 1535.98633 1512.71021 626.546875 1514.15173 -1421.62634 626.546875 1514.15173 -1421.62634 626.546875 1514.15173 -1421.62634 -43.4292297 -1466.74512 -1597.81384 -43.4292297 -1466.74512 -1597.81384 -43.4292297 -1466.74512 -1597.81384 -912.238037 -1444.91064 1336.52258 -912.238037 -1444.91064 1336.52258 -912.238037 -1444.91064 1336.52258 -1040.45105 1674.80273 1531.86511 -1040.45105 1674.80273 1531.86511 -1040.45105 1674.80273 1531.86511 -79.5211487 1667.40576 -1856.75586 -79.5211487 1667.40576 -1856.75586 -79.5211487 1667.40576 -1856.75586 710.936768 -1757.16919 -1625.12756 710.936768 -1757.16919 -1625.12756 710.936768 -1757.16919 -1625.12756 -249.993118 -1749.77209 1763.49341 -249.993118 -1749.77209 1763.49341 -249.993118 -1749.77209 1763.49341 -204.573883 127.389496 113.964066 -204.573883 127.389496 113.964066 -204.573883 127.389496 113.964066 -64.3552551 109.224075 -234.510864 -64.3552551 109.224075 -234.510864 -64.3552551 109.224075 -234.510864 179.626434 -154.169998 -122.606293 179.626434 -154.169998 -122.606293 179.626434 -154.169998 -122.606293 39.4078217 -136.004562 225.868622 39.4078217 -136.004562 225.868622 39.4078217 -136.004562 225.868622 -478.151917 223.767456 298.164429 -478.151917 223.767456 298.164429 -478.151917 223.767456 298.164429 -227.60022 214.136124 -519.565308 -227.60022 214.136124 -519.565308 -227.60022 214.136124 -519.565308 429.465485 -292.659607 -312.270569 429.465485 -292.659607 -312.270569 429.465485 -292.659607 -312.270569 178.913788 -283.02829 505.459106 178.913788 -283.02829 505.459106 178.913788 -283.02829 505.459106 -27.2672768 180.831741 -155.412201 -27.2672768 180.831741 -155.412201 -27.2672768 180.831741 -155.412201 -134.04747 -73.1556091 -185.137878 -134.04747 -73.1556091 -185.137878 -134.04747 -73.1556091 -185.137878 108.446266 -183.952194 -109.53241 108.446266 -183.952194 -109.53241 108.446266 -183.952194 -109.53241 215.226456 70.0351562 -79.8067398 215.226456 70.0351562 -79.8067398 215.226456 70.0351562 -79.8067398 -108.446266 183.952194 109.53241 -108.446266 183.952194 109.53241 -108.446266 183.952194 109.53241 -215.226456 -70.0351562 79.8067398 -215.226456 -70.0351562 79.8067398 -215.226456 -70.0351562 79.8067398 27.2672768 -180.831741 155.412201 27.2672768 -180.831741 155.412201 27.2672768 -180.831741 155.412201 134.04747 73.1556091 185.137878 134.04747 73.1556091 185.137878 134.04747 73.1556091 185.137878 -0.235263035 -0.286959618 -0.859224737 -0.235263035 -0.286959618 -0.859224737 -0.235263035 -0.286959618 -0.859224737 -0.605850339 0.709336519 -0.0760799199 -0.605850339 0.709336519 -0.0760799199 -0.605850339 0.709336519 -0.0760799199 0.321621686 0.366529733 0.798863649 0.321621686 0.366529733 0.798863649 0.321621686 0.366529733 0.798863649 0.692208946 -0.629766464 0.0157188028 0.692208946 -0.629766464 0.0157188028 0.692208946 -0.629766464 0.0157188028 1711.88867 1573.78455 101.402466 1711.88867 1573.78455 101.402466 1711.88867 1573.78455 101.402466 811.886108 -991.208984 1943.1897 811.886108 -991.208984 1943.1897 811.886108 -991.208984 1943.1897 -1496.40906 -1763.66589 -260.548065 -1496.40906 -1763.66589 -260.548065 -1496.40906 -1763.66589 -260.548065 -596.406494 801.327759 -2102.33545 -596.406494 801.327759 -2102.33545 -596.406494 801.327759 -2102.33545 908.848755 1717.70483 351.150909 908.848755 1717.70483 351.150909 908.848755 1717.70483 351.150909 143.119965 -456.130463 1916.06152 143.119965 -456.130463 1916.06152 143.119965 -456.130463 1916.06152 -653.104004 -1825.42297 -375.644379 -653.104004 -1825.42297 -375.644379 -653.104004 -1825.42297 -375.644379 112.62484 348.412384 -1940.55493 112.62484 348.412384 -1940.55493 112.62484 348.412384 -1940.55493 62.8756256 504.626923 81.5582581 62.8756256 504.626923 81.5582581 62.8756256 504.626923 81.5582581 -139.239029 -59.5952454 492.256134 -139.239029 -59.5952454 492.256134 -139.239029 -59.5952454 492.256134 5.39597988 -511.751404 -57.7478104 5.39597988 -511.751404 -57.7478104 5.39597988 -511.751404 -57.7478104 207.510635 52.4707298 -468.445709 207.510635 52.4707298 -468.445709 207.510635 52.4707298 -468.445709 4.6905365 340.617493 43.7639084 4.6905365 340.617493 43.7639084 4.6905365 340.617493 43.7639084 -128.762436 -37.1341362 316.226501 -128.762436 -37.1341362 316.226501 -128.762436 -37.1341362 316.226501 38.768116 -340.522064 -22.3452168 38.768116 -340.522064 -22.3452168 38.768116 -340.522064 -22.3452168 172.221069 37.229599 -294.807831 172.221069 37.229599 -294.807831 172.221069 37.229599 -294.807831 83.4188461 -97.500267 44.906559 83.4188461 -97.500267 44.906559 83.4188461 -97.500267 44.906559 -41.1238365 -120.41423 -47.8635178 -41.1238365 -120.41423 -47.8635178 -41.1238365 -120.41423 -47.8635178 -126.446442 -25.1274529 43.1459427 -126.446442 -25.1274529 43.1459427 -126.446442 -25.1274529 43.1459427 -1.90375447 -2.21348715 135.916016 -1.90375447 -2.21348715 135.916016 -1.90375447 -2.21348715 135.916016 126.446442 25.1274529 -43.1459427 126.446442 25.1274529 -43.1459427 126.446442 25.1274529 -43.1459427 1.90375447 2.21348715 -135.916016 1.90375447 2.21348715 -135.916016 1.90375447 2.21348715 -135.916016 -83.4188461 97.500267 -44.906559 -83.4188461 97.500267 -44.906559 -83.4188461 97.500267 -44.906559 41.1238365 120.41423 47.8635178 41.1238365 120.41423 47.8635178 41.1238365 120.41423 47.8635178 -9.27321625 2.58919954 3.21498823 -9.27321625 2.58919954 3.21498823 -9.27321625 2.58919954 3.21498823 3.9325819 3.51272035 8.67345238 3.9325819 3.51272035 8.67345238 3.9325819 3.51272035 8.67345238 9.37474155 -1.24167013 -3.68855357 9.37474155 -1.24167013 -3.68855357 9.37474155 -1.24167013 -3.68855357 -3.83107114 -2.16518998 -9.14701748 -3.83107114 -2.16518998 -9.14701748 -3.83107114 -2.16518998 -9.14701748 -1861.80518 1592.18311 -357.488556 -1861.80518 1592.18311 -357.488556 -1861.80518 1592.18311 -357.488556 1622.16248 1835.724 -357.584015 1622.16248 1835.724 -357.584015 1622.16248 1835.724 -357.584015 1864.35999 -1628.87085 10.1835327 1864.35999 -1628.87085 10.1835327 1864.35999 -1628.87085 10.1835327 -1619.60718 -1872.41174 10.2790041 -1619.60718 -1872.41174 10.2790041 -1619.60718 -1872.41174 10.2790041 -1772.34607 994.271606 -1292.27637 -1772.34607 994.271606 -1292.27637 -1772.34607 994.271606 -1292.27637 1616.70923 1231.17737 -1292.36902 1616.70923 1231.17737 -1292.36902 1616.70923 1231.17737 -1292.36902 1788.64429 -1227.52051 1045.80615 1788.64429 -1227.52051 1045.80615 1788.64429 -1227.52051 1045.80615 -1600.41113 -1464.42627 1045.89893 -1600.41113 -1464.42627 1045.89893 -1600.41113 -1464.42627 1045.89893 -396.828461 75.0397568 -378.931702 -396.828461 75.0397568 -378.931702 -396.828461 75.0397568 -378.931702 382.508789 129.517944 -378.952667 382.508789 129.517944 -378.952667 382.508789 129.517944 -378.952667 401.918854 -147.869888 351.125153 401.918854 -147.869888 351.125153 401.918854 -147.869888 351.125153 -377.418549 -202.348068 351.146057 -377.418549 -202.348068 351.146057 -377.418549 -202.348068 351.146057 -466.375854 -7.42411804 -467.382538 -466.375854 -7.42411804 -467.382538 -466.375854 -7.42411804 -467.382538 462.848816 57.5316086 -467.406616 462.848816 57.5316086 -467.406616 462.848816 57.5316086 -467.406616 472.79483 -84.4078827 453.153778 472.79483 -84.4078827 453.153778 472.79483 -84.4078827 453.153778 -456.42981 -149.363602 453.177887 -456.42981 -149.363602 453.177887 -456.42981 -149.363602 453.177887 140.008209 161.046249 -150.916565 140.008209 161.046249 -150.916565 140.008209 161.046249 -150.916565 161.053833 -140.022568 -150.895157 161.053833 -140.022568 -150.895157 161.053833 -140.022568 -150.895157 161.060608 -140.000626 150.90831 161.060608 -140.000626 150.90831 161.060608 -140.000626 150.90831 140.014999 161.068192 150.886902 140.014999 161.068192 150.886902 140.014999 161.068192 150.886902 -161.060608 140.000626 -150.90831 -161.060608 140.000626 -150.90831 -161.060608 140.000626 -150.90831 -140.014999 -161.068192 -150.886902 -140.014999 -161.068192 -150.886902 -140.014999 -161.068192 -150.886902 -140.008209 -161.046249 150.916565 -140.008209 -161.046249 150.916565 -140.008209 -161.046249 150.916565 -161.053833 140.022568 150.895157 -161.053833 140.022568 150.895157 -161.053833 140.022568 150.895157 -20.7486038 17.7040958 24.5726147 -20.7486038 17.7040958 24.5726147 -20.7486038 17.7040958 24.5726147 27.3793812 23.6094055 6.38132572 27.3793812 23.6094055 6.38132572 27.3793812 23.6094055 6.38132572 19.0279961 -14.2163525 -27.992569 19.0279961 -14.2163525 -27.992569 19.0279961 -14.2163525 -27.992569 -29.0999908 -20.1216583 -9.80128098 -29.0999908 -20.1216583 -9.80128098 -29.0999908 -20.1216583 -9.80128098 949.954468 2198.07349 -2055 949.954468 2198.07349 -2055 949.954468 2198.07349 -2055 -2198.89893 -948.288818 -2054.88867 -2198.89893 -948.288818 -2054.88867 -2198.89893 -948.288818 -2054.88867 -1249.93909 -1897.8468 2189.24561 -1249.93909 -1897.8468 2189.24561 -1249.93909 -1897.8468 2189.24561 1898.91455 1248.51575 2189.13428 1898.91455 1248.51575 2189.13428 1898.91455 1248.51575 2189.13428 -1083.25928 -494.308838 1077.67236 -1083.25928 -494.308838 1077.67236 -1083.25928 -494.308838 1077.67236 587.615051 1035.67651 1077.61414 587.615051 1035.67651 1077.61414 587.615051 1035.67651 1077.61414 934.239014 657.049927 -1129.00525 934.239014 657.049927 -1129.00525 934.239014 657.049927 -1129.00525 -736.635437 -872.935425 -1128.94702 -736.635437 -872.935425 -1128.94702 -736.635437 -872.935425 -1128.94702 -265.76297 1.12464905 347.868378 -265.76297 1.12464905 347.868378 -265.76297 1.12464905 347.868378 158.266037 389.377441 122.392784 158.266037 389.377441 122.392784 158.266037 389.377441 122.392784 221.310196 30.8251724 -376.450745 221.310196 30.8251724 -376.450745 221.310196 30.8251724 -376.450745 -202.718842 -357.427612 -150.975159 -202.718842 -357.427612 -150.975159 -202.718842 -357.427612 -150.975159 13.4916477 36.9945183 -30.0458794 13.4916477 36.9945183 -30.0458794 13.4916477 36.9945183 -30.0458794 -38.041481 -10.1934795 -30.0384865 -38.041481 -10.1934795 -30.0384865 -38.041481 -10.1934795 -30.0384865 -17.7519531 -32.3414764 33.0495491 -17.7519531 -32.3414764 33.0495491 -17.7519531 -32.3414764 33.0495491 33.7811737 14.8465195 33.0421524 33.7811737 14.8465195 33.0421524 33.7811737 14.8465195 33.0421524 -390.50412 -115.360001 131.174011 -390.50412 -115.360001 131.174011 -390.50412 -115.360001 131.174011 29.4071503 269.162354 331.202209 29.4071503 269.162354 331.202209 29.4071503 269.162354 331.202209 362.806824 160.587128 -159.971954 362.806824 160.587128 -159.971954 362.806824 160.587128 -159.971954 -57.1044312 -223.935226 -360.000122 -57.1044312 -223.935226 -360.000122 -57.1044312 -223.935226 -360.000122 -64.0452728 88.9781799 232.828995 -64.0452728 88.9781799 232.828995 -64.0452728 88.9781799 232.828995 180.266708 182.697281 -18.8165703 180.266708 182.697281 -18.8165703 180.266708 182.697281 -18.8165703 41.0808792 -64.0524216 -245.841385 41.0808792 -64.0524216 -245.841385 41.0808792 -64.0524216 -245.841385 -203.23114 -157.77153 5.80421066 -203.23114 -157.77153 5.80421066 -203.23114 -157.77153 5.80421066 198.447327 58.8046227 21.5197182 198.447327 58.8046227 21.5197182 198.447327 58.8046227 21.5197182 -10.6178932 105.107376 -179.281372 -10.6178932 105.107376 -179.281372 -10.6178932 105.107376 -179.281372 -205.225052 -33.3358459 -8.59124947 -205.225052 -33.3358459 -8.59124947 -205.225052 -33.3358459 -8.59124947 3.84016705 -79.6396332 192.211868 3.84016705 -79.6396332 192.211868 3.84016705 -79.6396332 192.211868 56.7144928 36.140358 -47.5603752 56.7144928 36.140358 -47.5603752 56.7144928 36.140358 -47.5603752 36.1416283 -56.7191238 -47.5537109 36.1416283 -56.7191238 -47.5537109 36.1416283 -56.7191238 -47.5537109 36.1454124 -56.7132263 47.5575371 36.1454124 -56.7132263 47.5575371 36.1454124 -56.7132263 47.5575371 56.7182808 36.1462555 47.5508766 56.7182808 36.1462555 47.5508766 56.7182808 36.1462555 47.5508766 -36.1454124 56.7132263 -47.5575371 -36.1454124 56.7132263 -47.5575371 -36.1454124 56.7132263 -47.5575371 -56.7182808 -36.1462555 -47.5508766 -56.7182808 -36.1462555 -47.5508766 -56.7182808 -36.1462555 -47.5508766 -56.7144928 -36.140358 47.5603752 -56.7144928 -36.140358 47.5603752 -56.7144928 -36.140358 47.5603752 -36.1416283 56.7191238 47.5537109 -36.1416283 56.7191238 47.5537109 -36.1416283 56.7191238 47.5537109 -75.3075943 207.151581 -32.8309402 -75.3075943 207.151581 -32.8309402 -75.3075943 207.151581 -32.8309402 -205.834595 -78.8379593 -32.8225136 -205.834595 -78.8379593 -32.8225136 -205.834595 -78.8379593 -32.8225136 66.6107864 -203.181442 62.778923 66.6107864 -203.181442 62.778923 66.6107864 -203.181442 62.778923 197.137787 82.8080902 62.7704964 197.137787 82.8080902 62.7704964 197.137787 82.8080902 62.7704964 -41.2655678 59.0243797 -50.9322891 -41.2655678 59.0243797 -50.9322891 -41.2655678 59.0243797 -50.9322891 59.0292892 41.267128 -50.9251747 59.0292892 41.267128 -50.9251747 59.0292892 41.267128 -50.9251747 59.0228195 41.2709122 50.9295692 59.0228195 41.2709122 50.9295692 59.0228195 41.2709122 50.9295692 -41.2720375 59.0281677 50.9224548 -41.2720375 59.0281677 50.9224548 -41.2720375 59.0281677 50.9224548 -59.023037 -41.2709122 -50.9297829 -59.023037 -41.2709122 -50.9297829 -59.023037 -41.2709122 -50.9297829 41.2722549 -59.0281677 -50.9226685 41.2722549 -59.0281677 -50.9226685 41.2722549 -59.0281677 -50.9226685 41.2657852 -59.0243797 50.9325066 41.2657852 -59.0243797 50.9325066 41.2657852 -59.0243797 50.9325066 -59.0295105 -41.267128 50.9253883 -59.0295105 -41.267128 50.9253883 -59.0295105 -41.267128 50.9253883 -241.111618 22.3130951 -2.64347076 -241.111618 22.3130951 -2.64347076 -241.111618 22.3130951 -2.64347076 6.11538839 105.012886 218.11647 6.11538839 105.012886 218.11647 6.11538839 105.012886 218.11647 241.767059 9.42327976 -9.97939396 241.767059 9.42327976 -9.97939396 241.767059 9.42327976 -9.97939396 -5.46005344 -73.2765121 -230.739349 -5.46005344 -73.2765121 -230.739349 -5.46005344 -73.2765121 -230.739349 71.1303864 137.043793 -265 71.1303864 137.043793 -265 71.1303864 137.043793 -265 -230.613281 198.410675 38.9398003 -230.613281 198.410675 38.9398003 -230.613281 198.410675 38.9398003 -46.2028503 -107.020195 283.685516 -46.2028503 -107.020195 283.685516 -46.2028503 -107.020195 283.685516 255.540833 -168.387085 -20.2542763 255.540833 -168.387085 -20.2542763 255.540833 -168.387085 -20.2542763 82.6471558 54.7178955 -70.0974045 82.6471558 54.7178955 -70.0974045 82.6471558 54.7178955 -70.0974045 54.7190628 -82.654274 -70.0878754 54.7190628 -82.654274 -70.0878754 54.7190628 -82.654274 -70.0878754 54.7245064 -82.6454697 70.0941315 54.7245064 -82.6454697 70.0941315 54.7245064 -82.6454697 70.0941315 82.6526031 54.726696 70.0846024 82.6526031 54.726696 70.0846024 82.6526031 54.726696 70.0846024 -54.7245064 82.6454697 -70.0941315 -54.7245064 82.6454697 -70.0941315 -54.7245064 82.6454697 -70.0941315 -82.6526031 -54.726696 -70.0846024 -82.6526031 -54.726696 -70.0846024 -82.6526031 -54.726696 -70.0846024 -82.6471558 -54.7178955 70.0974045 -82.6471558 -54.7178955 70.0974045 -82.6471558 -54.7178955 70.0974045 -54.7190628 82.654274 70.0878754 -54.7190628 82.654274 70.0878754 -54.7190628 82.654274 70.0878754 </float_array>
          <technique_common>
            <accessor count="1128" offset="0" source="#mesh_0-normals-array" stride="3">
              <param name="X" type="float" />
              <param name="Y" type="float" />
              <param name="Z" type="float" />
            </accessor>
          </technique_common>
        </source>
        <vertices id="mesh_0-vertices">
          <input semantic="POSITION" source="#mesh_0-positions" />
        </vertices>
        <polylist count="376" material="defaultMaterial">
          <input offset="0" semantic="VERTEX" source="#mesh_0-vertices" />
          <input offset="0" semantic="NORMAL" source="#mesh_0-normals" />
          <vcount>3 3 3 3 3 3 3 3 3 3 3 3 3 3 3 3 3 3 3 3 3 3 3 3 3 3 3 3 3 3 3 3 3 3 3 3 3 3 3 3 3 3 3 3 3 3 3 3 3 3 3 3 3 3 3 3 3 3 3 3 3 3 3 3 3 3 3 3 3 3 3 3 3 3 3 3 3 3 3 3 3 3 3 3 3 3 3 3 3 3 3 3 3 3 3 3 3 3 3 3 3 3 3 3 3 3 3 3 3 3 3 3 3 3 3 3 3 3 3 3 3 3 3 3 3 3 3 3 3 3 3 3 3 3 3 3 3 3 3 3 3 3 3 3 3 3 3 3 3 3 3 3 3 3 3 3 3 3 3 3 3 3 3 3 3 3 3 3 3 3 3 3 3 3 3 3 3 3 3 3 3 3 3 3 3 3 3 3 3 3 3 3 3 3 3 3 3 3 3 3 3 3 3 3 3 3 3 3 3 3 3 3 3 3 3 3 3 3 3 3 3 3 3 3 3 3 3 3 3 3 3 3 3 3 3 3 3 3 3 3 3 3 3 3 3 3 3 3 3 3 3 3 3 3 3 3 3 3 3 3 3 3 3 3 3 3 3 3 3 3 3 3 3 3 3 3 3 3 3 3 3 3 3 3 3 3 3 3 3 3 3 3 3 3 3 3 3 3 3 3 3 3 3 3 3 3 3 3 3 3 3 3 3 3 3 3 3 3 3 3 3 3 3 3 3 3 3 3 3 3 3 3 3 3 3 3 3 3 3 3 3 3 3 3 3 3 3 3 3 3 3 3 3 3 3 3 3 3 3 3 3 3 3 3 3 3 3 3 3 3 3 3 3 3 3 3 </vcount>
          <p>0 1 2 3 4 5 6 7 8 9 10 11 12 13 14 15 16 17 18 19 20 21 22 23 24 25 26 27 28 29 30 31 32 33 34 35 36 37 38 39 40 41 42 43 44 45 46 47 48 49 50 51 52 53 54 55 56 57 58 59 60 61 62 63 64 65 66 67 68 69 70 71 72 73 74 75 76 77 78 79 80 81 82 83 84 85 86 87 88 89 90 91 92 93 94 95 96 97 98 99 100 101 102 103 104 105 106 107 108 109 110 111 112 113 114 115 116 117 118 119 120 121 122 123 124 125 126 127 128 129 130 131 132 133 134 135 136 137 138 139 140 141 142 143 144 145 146 147 148 149 150 151 152 153 154 155 156 157 158 159 160 161 162 163 164 165 166 167 168 169 170 171 172 173 174 175 176 177 178 179 180 181 182 183 184 185 186 187 188 189 190 191 192 193 194 195 196 197 198 199 200 201 202 203 204 205 206 207 208 209 210 211 212 213 214 215 216 217 218 219 220 221 222 223 224 225 226 227 228 229 230 231 232 233 234 235 236 237 238 239 240 241 242 243 244 245 246 247 248 249 250 251 252 253 254 255 256 257 258 259 260 261 262 263 264 265 266 267 268 269 270 271 272 273 274 275 276 277 278 279 280 281 282 283 284 285 286 287 288 289 290 291 292 293 294 295 296 297 298 299 300 301 302 303 304 305 306 307 308 309 310 311 312 313 314 315 316 317 318 319 320 321 322 323 324 325 326 327 328 329 330 331 332 333 334 335 336 337 338 339 340 341 342 343 344 345 346 347 348 349 350 351 352 353 354 355 356 357 358 359 360 361 362 363 364 365 366 367 368 369 370 371 372 373 374 375 376 377 378 379 380 381 382 383 384 385 386 387 388 389 390 391 392 393 394 395 396 397 398 399 400 401 402 403 404 405 406 407 408 409 410 411 412 413 414 415 416 417 418 419 420 421 422 423 424 425 426 427 428 429 430 431 432 433 434 435 436 437 438 439 440 441 442 443 444 445 446 447 448 449 450 451 452 453 454 455 456 457 458 459 460 461 462 463 464 465 466 467 468 469 470 471 472 473 474 475 476 477 478 479 480 481 482 483 484 485 486 487 488 489 490 491 492 493 494 495 496 497 498 499 500 501 502 503 504 505 506 507 508 509 510 511 512 513 514 515 516 517 518 519 520 521 522 523 524 525 526 527 528 529 530 531 532 533 534 535 536 537 538 539 540 541 542 543 544 545 546 547 548 549 550 551 552 553 554 555 556 557 558 559 560 561 562 563 564 565 566 567 568 569 570 571 572 573 574 575 576 577 578 579 580 581 582 583 584 585 586 587 588 589 590 591 592 593 594 595 596 597 598 599 600 601 602 603 604 605 606 607 608 609 610 611 612 613 614 615 616 617 618 619 620 621 622 623 624 625 626 627 628 629 630 631 632 633 634 635 636 637 638 639 640 641 642 643 644 645 646 647 648 649 650 651 652 653 654 655 656 657 658 659 660 661 662 663 664 665 666 667 668 669 670 671 672 673 674 675 676 677 678 679 680 681 682 683 684 685 686 687 688 689 690 691 692 693 694 695 696 697 698 699 700 701 702 703 704 705 706 707 708 709 710 711 712 713 714 715 716 717 718 719 720 721 722 723 724 725 726 727 728 729 730 731 732 733 734 735 736 737 738 739 740 741 742 743 744 745 746 747 748 749 750 751 752 753 754 755 756 757 758 759 760 761 762 763 764 765 766 767 768 769 770 771 772 773 774 775 776 777 778 779 780 781 782 783 784 785 786 787 788 789 790 791 792 793 794 795 796 797 798 799 800 801 802 803 804 805 806 807 808 809 810 811 812 813 814 815 816 817 818 819 820 821 822 823 824 825 826 827 828 829 830 831 832 833 834 835 836 837 838 839 840 841 842 843 844 845 846 847 848 849 850 851 852 853 854 855 856 857 858 859 860 861 862 863 864 865 866 867 868 869 870 871 872 873 874 875 876 877 878 879 880 881 882 883 884 885 886 887 888 889 890 891 892 893 894 895 896 897 898 899 900 901 902 903 904 905 906 907 908 909 910 911 912 913 914 915 916 917 918 919 920 921 922 923 924 925 926 927 928 929 930 931 932 933 934 935 936 937 938 939 940 941 942 943 944 945 946 947 948 949 950 951 952 953 954 955 956 957 958 959 960 961 962 963 964 965 966 967 968 969 970 971 972 973 974 975 976 977 978 979 980 981 982 983 984 985 986 987 988 989 990 991 992 993 994 995 996 997 998 999 1000 1001 1002 1003 1004 1005 1006 1007 1008 1009 1010 1011 1012 1013 1014 1015 1016 1017 1018 1019 1020 1021 1022 1023 1024 1025 1026 1027 1028 1029 1030 1031 1032 1033 1034 1035 1036 1037 1038 1039 1040 1041 1042 1043 1044 1045 1046 1047 1048 1049 1050 1051 1052 1053 1054 1055 1056 1057 1058 1059 1060 1061 1062 1063 1064 1065 1066 1067 1068 1069 1070 1071 1072 1073 1074 1075 1076 1077 1078 1079 1080 1081 1082 1083 1084 1085 1086 1087 1088 1089 1090 1091 1092 1093 1094 1095 1096 1097 1098 1099 1100 1101 1102 1103 1104 1105 1106 1107 1108 1109 1110 1111 1112 1113 1114 1115 1116 1117 1118 1119 1120 1121 1122 1123 1124 1125 1126 1127 </p>
        </polylist>
      </mesh>
    </geometry>
  </library_geometries>
  <library_controllers>
    <controller id="mesh_0-skin" name="skinCluster0">
      <skin source="#mesh_0">
        <bind_shape_matrix>
          1 0 0 0
          0 1 0 0
          0 0 1 0
          0 0 0 1
        </bind_shape_matrix>
        <source id="mesh_0-skin-joints" name="-skin-joints">
          <Name_array id="mesh_0-skin-joints-array" count="67">Bip01 Bip01WPelvis Bip01WLWLeg Bip01WLWLeg1 Bip01WRWLeg Bip01WRWLeg1 Bip01WSpine Bip01WSpine1 Bip01WSpine2 Bip01WNeck Bip01WLWArm Bip01WLWArm1 Bip01WLWArm2 Bip01WLWHand Bip01WLWFinger0 Bip01WLWFinger01 Bip01WLWFinger02 Bip01WLWFinger1 Bip01WLWFinger11 Bip01WLWFinger12 Bone42 Bone43 Bone44 Bip01WRWArm Bip01WRWArm1 Bip01WRWArm2 Bip01WRWHand Bip01WRWFinger0 Bip01WRWFinger01 Bip01WRWFinger02 Bip01WRWFinger1 Bip01WRWFinger11 Bip01WRWFinger12 Bone48 Bone49 Bone50 Bip01WHead Dummy05 Bone13 Bone14 Bone15 Bone16 Bone17 Dummy04 Bone07 Bone08 Bone09 Bone10 Bone11 Dummy03 Bone01 Bone02 Bone03 Bone04 Bone05 Dummy08 Bone25 Bone26 Bone27 Bone28 Bone29 Bone30 Bone33 Bone34 Bone37 Bone38 Bone39 </Name_array>
          <technique_common>
            <accessor source="#mesh_0-skin-joints-array" count="67" stride="1">
              <param name="JOINT" type="Name"></param>
            </accessor>
          </technique_common>
        </source>
        <source id="mesh_0-skin-bind_poses" name="mesh_0-skin-bind_poses">
          <float_array id="mesh_0-skin-bind_poses-array" count="1072"> -7.24357451e-05 -0.956353366 -0.292212993 -78.0032883 1 -7.57416128e-05 -0 4.2237072 -2.21326827e-05 -0.292212993 0.956353366 325.414001 -0 0 -0 1 -0.956353009 -0.292214215 -7.21355318e-05 -60.7510529 -7.54276989e-05 -9.60093741e-11 1 4.22506809 -0.292214215 0.956353009 -2.20409529e-05 330.685425 0 0 -0 1 0.754569292 -0.216942713 -0.619323254 -34.4976845 -0.276588529 0.750703096 -0.599952996 29.6571674 0.595083356 0.624003708 0.506453693 309.216705 0 0 0 1 0.123711675 -0.775328457 -0.619323254 -54.8239365 0.562425554 0.568976104 -0.599952996 -62.7513199 0.817540824 -0.274102062 0.506453693 174.891876 0 0 0 1 0.772440195 -0.213516563 0.598119676 -35.3966331 0.255248249 -0.758004189 -0.600231767 -21.2189789 0.581536591 0.616312087 -0.531012952 308.175629 0 0 0 1 0.105718002 -0.794403493 0.598119676 -52.7664719 -0.597715735 -0.531467736 -0.600231767 76.9878082 0.794707417 -0.294050246 -0.531012952 177.602386 0 0 0 1 -0.939483464 -0.342594653 -7.16308132e-05 -9.33087921 -7.65853765e-05 9.33695901e-07 1 4.22918606 -0.342594653 0.939483464 -2.71149293e-05 349.497742 0 0 0 1 -0.988908648 -0.148525715 -7.103393e-05 63.3029709 -7.40828909e-05 1.49959669e-05 1 4.23462963 -0.148525715 0.988908648 -2.58328528e-05 360.488068 0 0 0 1 -0.998672783 0.0515069664 -7.103393e-05 165.293732 -6.96090647e-05 2.94573038e-05 1 4.24174023 0.0515069664 0.998672783 -2.58328528e-05 355.284027 0 0 0 1 -0.598481417 -0.801136971 -7.30827742e-05 207.987579 -6.51518712e-05 -4.25527869e-05 1 4.24638796 -0.801136971 0.598481417 -2.67285104e-05 412.441895 0 0 0 1 0.855678976 0.362092793 -0.369733542 224.755035 0.475022703 -0.833049834 0.283516437 -8.60699654 -0.205347136 -0.418230861 -0.884825408 452.578644 0 0 0 1 0.836469233 0.513415992 -0.191633672 135.329422 0.0833161846 -0.464764595 -0.881505668 -17.5142078 -0.541643798 0.721386313 -0.431537271 510.484802 0 0 0 0.999999881 0.572913468 -0.796898425 -0.191633672 18.0281143 -0.457471192 -0.116909757 -0.881505668 76.1507797 0.680066645 0.592693448 -0.431537271 371.244446 0 0 0 0.999999881 0.130005211 0.914644301 0.382785767 -15.9237747 -0.089793399 -0.373615056 0.923227489 99.6010818 0.987439275 -0.154395953 0.0335571468 113.366608 0 0 0 0.999999881 0.197468519 0.916687965 0.347403944 -23.8115501 0.126338363 -0.375224024 0.918284059 98.4787827 0.972134411 -0.13744171 -0.189907759 19.2359924 0 0 0 0.999999881 -0.606713831 0.714988589 0.347403944 14.445137 0.37453559 -0.128365085 0.918284059 74.862175 0.701157153 0.687250972 -0.189907759 -24.9759216 0 0 0 0.999999881 -0.937709332 0.00340980291 0.347403944 69.2998199 0.340939254 0.201283321 0.918284059 54.9177589 -0.0667956024 0.979527414 -0.189907759 -21.0684814 0 0 0 0.999999881 -0.202988148 0.919717669 0.336029112 10.7345276 -0.413316905 -0.391581953 0.822090447 119.78846 0.887674153 0.0279881358 0.45962137 23.2531433 0 0 0 0.999999881 -0.69914037 0.631100059 0.336029112 47.4100037 -0.109270267 -0.558773041 0.822090447 125.520607 0.706585288 0.538038611 0.45962137 -13.8130798 0 0 0 0.999999881 -0.756383061 0.56122148 0.336029112 84.2828522 -0.055238463 -0.566671073 0.822090447 128.213394 0.651792884 0.603253543 0.45962137 -45.5870972 0 0 0 0.999999881 -0.207309976 -0.0514836907 -0.976919711 -22.5797081 0.97827214 -0.00832396466 -0.207158178 75.9672852 0.00253342837 -0.998639405 0.0520905852 127.814362 0 0 0 0.999999881 -0.207309976 -0.0514836907 -0.976919711 -26.0628777 0.97827214 -0.00832396466 -0.207158178 93.8843536 0.00253342837 -0.998639405 0.0520905852 133.744446 0 0 0 0.999999881 -0.207309976 -0.0514836907 -0.976919711 -32.6093292 0.97827214 -0.00832396466 -0.207158178 133.017609 0.00253342837 -0.998639405 0.0520905852 157.004364 0 0 0 0.999999881 0.867924571 0.340328544 0.361778527 224.394226 -0.459331483 0.827109993 0.32388863 18.9307899 -0.189002082 -0.447287232 0.874192715 452.09668 0 0 0 1 0.844900429 0.499666274 0.190991223 134.067352 -0.100879185 0.499471009 -0.860437274 29.7156506 -0.525326133 0.707716703 0.47240907 508.258423 0 0 0 1 0.58738476 -0.786449194 0.190991223 13.8031998 0.485773742 0.153856158 -0.860437274 -69.744194 0.647304952 0.598186135 0.47240907 375.72583 0 0 0 1 0.169671148 0.915367961 -0.365121573 -30.5078163 0.141474292 0.344032049 0.92823875 -106.691376 0.975293398 -0.209150702 -0.0711287856 121.019928 0 0 0 0.999999881 0.255645931 0.915712893 -0.310025543 -39.5540504 -0.0953242555 0.342994422 0.934488297 -108.407715 0.962059855 -0.209345117 0.17497462 28.6245422 0 0 0 0.999999881 -0.676600635 0.667904675 -0.310025543 3.10932922 -0.346159011 0.0831013694 0.934488297 -86.5804825 0.649912596 0.739593148 0.17497462 -12.3560486 0 0 0 0.999999881 -0.950536728 0.0191060603 -0.310025543 58.714447 -0.308366627 -0.177881762 0.934488297 -68.541481 -0.0372934043 0.983866692 0.17497462 -10.1742859 0 0 0 0.999999881 -0.149944246 0.929584444 -0.336734861 -10.1112823 0.446165144 0.36755389 0.815990686 -130.58609 0.882300258 -0.0278864503 -0.469860673 32.8695374 0 0 0 0.999999881 -0.61956358 0.709049463 -0.336734861 22.3898544 0.183750942 0.548082769 0.815990686 -140.225327 0.763136387 0.44368276 -0.469860673 -7.1630249 0 0 0 0.999999881 -0.637902975 0.692596376 -0.336734861 45.9481354 0.169348016 0.552702844 0.815990686 -146.479477 0.751266599 0.463497639 -0.469860673 -34.907959 0 0 0 0.999999881 -0.955526412 0.290394425 -0.0513888337 -18.3814888 0.00814721268 0.200181708 0.979725063 -124.517487 0.294793844 0.935734153 -0.193644971 108.028442 0 0 0 0.999999881 -0.955526412 0.290394425 -0.0513888337 -7.15631104 0.00814721268 0.200181708 0.979725063 -128.013611 0.294793844 0.935734153 -0.193644971 100.539459 0 0 0 0.999999881 -0.955526412 0.290394425 -0.0513888337 26.7911835 0.00814721268 0.200181708 0.979725063 -145.899078 0.294793844 0.935734153 -0.193644971 74.2472839 0 0 0 0.999999881 -0.707381129 -0.706832767 -7.30827742e-05 214.83374 -7.05899511e-05 -3.27500493e-05 1 4.24707127 -0.706832767 0.707381129 -2.67285104e-05 419.282776 0 0 0 1 -0.14012675 0.916526675 0.37462467 351.784943 -0.347339869 -0.399815291 0.84823513 -197.48735 0.927210927 -0.0112616718 0.374371052 276.981812 0 0 0 1 0.385321945 0.916526675 0.107266843 355.06012 0.875050962 -0.399815291 0.27282539 -200.833405 0.29293865 -0.0112616718 -0.956065238 277.5625 0 0 0 1 0.385321945 0.916526675 0.107266843 234.771149 0.875050962 -0.399815291 0.27282539 -172.267807 0.29293865 -0.0112616718 -0.956065238 273.530853 0 0 0 1 0.385321945 0.916526675 0.107266843 106.68148 0.875050962 -0.399815291 0.27282539 -200.669586 0.29293865 -0.0112616718 -0.956065238 253.59079 0 0 0 1 0.385321945 0.916526675 0.107266843 77.0018234 0.875050962 -0.399815291 0.27282539 -229.459839 0.29293865 -0.0112616718 -0.956065238 240.530273 0 0 0 1 0.385321945 0.916526675 0.107266843 39.1774521 0.875050962 -0.399815291 0.27282539 -279.488464 0.29293865 -0.0112616718 -0.956065238 222.010193 0 0 0 1 -0.809472501 0.145968258 -0.56872499 201.214233 0.527230263 0.607005894 -0.594619155 -27.4666939 0.258423954 -0.781176746 -0.568313658 123.238159 0 0 0 1 0.793375134 0.145968258 0.590973735 201.149109 -0.543531537 0.607005894 0.57975632 -25.7434368 -0.274098635 -0.781176746 0.560921848 121.333542 0 0 0 1 0.793375134 0.145968258 0.590973735 197.885773 -0.543531537 0.607005894 0.57975632 -113.07489 -0.274098635 -0.781176746 0.560921848 215.035583 0 0 0 1 0.793375134 0.145968258 0.590973735 242.493225 -0.543531537 0.607005894 0.57975632 -208.979492 -0.274098635 -0.781176746 0.560921848 267.39621 0 0 0 1 0.793375134 0.145968258 0.590973735 283.475677 -0.543531537 0.607005894 0.57975632 -253.090225 -0.274098635 -0.781176746 0.560921848 270.117828 0 0 0 1 0.793375134 0.145968258 0.590973735 319.841309 -0.543531537 0.607005894 0.57975632 -285.981445 -0.274098635 -0.781176746 0.560921848 265.849487 0 0 0 1 -0.0697330534 0.997565925 -7.09617307e-05 164.795319 2.24212781e-05 7.27022125e-05 1 15.79074 0.997565925 0.0697330534 -2.74364411e-05 95.4139252 0 0 0 1 -0.0697330534 0.997565925 -7.09617307e-05 161.453247 2.24212781e-05 7.27022125e-05 1 16.9444237 0.997565925 0.0697330534 -2.74364411e-05 103.101257 0 0 0 1 -0.0697330534 0.997565925 -7.09617307e-05 31.3313217 2.24212781e-05 7.27022125e-05 1 16.9345741 0.997565925 0.0697330534 -2.74364411e-05 80.0654755 0 0 0 1 -0.0697330534 0.997565925 -7.09617307e-05 -56.7444534 2.24212781e-05 7.27022125e-05 1 16.9257011 0.997565925 0.0697330534 -2.74364411e-05 -16.0037231 0 0 0 1 -0.0697330534 0.997565925 -7.09617307e-05 -74.867157 2.24212781e-05 7.27022125e-05 1 16.9227905 0.997565925 0.0697330534 -2.74364411e-05 -75.8181458 0 0 0 1 -0.0697330534 0.997565925 -7.09617307e-05 -80.5680618 2.24212781e-05 7.27022125e-05 1 16.920536 0.997565925 0.0697330534 -2.74364411e-05 -143.825256 0 0 0 1 -0.121811301 0.992553353 -6.90561064e-05 -6.68252563 1.69338291e-05 7.16524082e-05 1 6.67794037 0.992553353 0.121811301 -2.55358009e-05 303.254944 0 0 0 1 -0.706827104 0.707386494 -6.90561064e-05 -22.2624512 -3.074704e-05 6.68987414e-05 1 2.69079399 0.707386494 0.706827104 -2.55358009e-05 303.814575 0 0 0 1 -0.67532897 0.737516701 -6.90561064e-05 -85.1304855 -2.78025054e-05 6.81750826e-05 1 2.68990755 0.737516701 0.67532897 -2.55358009e-05 439.108948 0 0 0 1 -0.67532897 0.737516701 -6.90561064e-05 -172.918915 -2.78025054e-05 6.81750826e-05 1 2.68538165 0.737516701 0.67532897 -2.55358009e-05 499.282898 0 0 0 1 -0.358216226 0.933638871 -6.90561064e-05 -214.199005 -8.95799985e-07 7.36207949e-05 1 -7.40085983 0.933638871 0.358216226 -2.55358009e-05 535.088196 0 0 0 1 0.216302186 0.976326644 -6.90561064e-05 -221.109283 3.98682641e-05 6.1897852e-05 1 -22.0832176 0.976326644 -0.216302186 -2.55358009e-05 574.482056 0 0 0 1 0.216302186 0.976326644 -6.90561064e-05 -198.026733 3.98682641e-05 6.1897852e-05 1 -37.9070435 0.976326644 -0.216302186 -2.55358009e-05 600.646362 0 0 0 1 -0.909726381 0.41520831 -6.90561064e-05 -184.934586 -5.2219475e-05 5.1903251e-05 1 2.68554735 0.41520831 0.909726381 -2.55358009e-05 513.600464 0 0 0 1 -0.984685659 0.174340278 -6.90561064e-05 -190.21936 -6.35466276e-05 3.71839924e-05 1 2.68618584 0.174340278 0.984685659 -2.55358009e-05 552.893066 0 0 0 1 -0.317177296 0.948366404 -6.90561064e-05 -212.806244 2.31426725e-06 7.35898502e-05 1 11.8920469 0.948366404 0.317177296 -2.55358009e-05 535.911682 0 0 0 1 0.199226528 0.979953766 -6.90561064e-05 -220.565094 3.87817054e-05 6.25843677e-05 1 24.8229446 0.979953766 -0.199226528 -2.55358009e-05 574.390686 0 0 0 1 0.199226528 0.979953766 -6.90561064e-05 -193.514374 3.87817054e-05 6.25843677e-05 1 44.6551285 0.979953766 -0.199226528 -2.55358009e-05 606.612549 0 0 0 1 </float_array>
          <technique_common>
            <accessor count="67" offset="0" source="#mesh_0-skin-bind_poses-array" stride="16">
              <param name="TRANSFORM" type="float4x4" />
            </accessor>
          </technique_common>
        </source>
        <source id="mesh_0-skin-weights" name="mesh_0-skin-weights">
          <float_array id="mesh_0-skin-weights-array" count="1128"> 1 1 1 1 1 1 1 1 1 1 1 1 1 1 1 1 1 1 1 1 1 1 1 1 1 1 1 1 1 1 1 1 1 1 1 1 1 1 1 1 1 1 1 1 1 1 1 1 1 1 1 1 1 1 1 1 1 1 1 1 1 1 1 1 1 1 1 1 1 1 1 1 1 1 1 1 1 1 1 1 1 1 1 1 1 1 1 1 1 1 1 1 1 1 1 1 1 1 1 1 1 1 1 1 1 1 1 1 1 1 1 1 1 1 1 1 1 1 1 1 1 1 1 1 1 1 1 1 1 1 1 1 1 1 1 1 1 1 1 1 1 1 1 1 1 1 1 1 1 1 1 1 1 1 1 1 1 1 1 1 1 1 1 1 1 1 1 1 1 1 1 1 1 1 1 1 1 1 1 1 1 1 1 1 1 1 1 1 1 1 1 1 1 1 1 1 1 1 1 1 1 1 1 1 1 1 1 1 1 1 1 1 1 1 1 1 1 1 1 1 1 1 1 1 1 1 1 1 1 1 1 1 1 1 1 1 1 1 1 1 1 1 1 1 1 1 1 1 1 1 1 1 1 1 1 1 1 1 1 1 1 1 1 1 1 1 1 1 1 1 1 1 1 1 1 1 1 1 1 1 1 1 1 1 1 1 1 1 1 1 1 1 1 1 1 1 1 1 1 1 1 1 1 1 1 1 1 1 1 1 1 1 1 1 1 1 1 1 1 1 1 1 1 1 1 1 1 1 1 1 1 1 1 1 1 1 1 1 1 1 1 1 1 1 1 1 1 1 1 1 1 1 1 1 1 1 1 1 1 1 1 1 1 1 1 1 1 1 1 1 1 1 1 1 1 1 1 1 1 1 1 1 1 1 1 1 1 1 1 1 1 1 1 1 1 1 1 1 1 1 1 1 1 1 1 1 1 1 1 1 1 1 1 1 1 1 1 1 1 1 1 1 1 1 1 1 1 1 1 1 1 1 1 1 1 1 1 1 1 1 1 1 1 1 1 1 1 1 1 1 1 1 1 1 1 1 1 1 1 1 1 1 1 1 1 1 1 1 1 1 1 1 1 1 1 1 1 1 1 1 1 1 1 1 1 1 1 1 1 1 1 1 1 1 1 1 1 1 1 1 1 1 1 1 1 1 1 1 1 1 1 1 1 1 1 1 1 1 1 1 1 1 1 1 1 1 1 1 1 1 1 1 1 1 1 1 1 1 1 1 1 1 1 1 1 1 1 1 1 1 1 1 1 1 1 1 1 1 1 1 1 1 1 1 1 1 1 1 1 1 1 1 1 1 1 1 1 1 1 1 1 1 1 1 1 1 1 1 1 1 1 1 1 1 1 1 1 1 1 1 1 1 1 1 1 1 1 1 1 1 1 1 1 1 1 1 1 1 1 1 1 1 1 1 1 1 1 1 1 1 1 1 1 1 1 1 1 1 1 1 1 1 1 1 1 1 1 1 1 1 1 1 1 1 1 1 1 1 1 1 1 1 1 1 1 1 1 1 1 1 1 1 1 1 1 1 1 1 1 1 1 1 1 1 1 1 1 1 1 1 1 1 1 1 1 1 1 1 1 1 1 1 1 1 1 1 1 1 1 1 1 1 1 1 1 1 1 1 1 1 1 1 1 1 1 1 1 1 1 1 1 1 1 1 1 1 1 1 1 1 1 1 1 1 1 1 1 1 1 1 1 1 1 1 1 1 1 1 1 1 1 1 1 1 1 1 1 1 1 1 1 1 1 1 1 1 1 1 1 1 1 1 1 1 1 1 1 1 1 1 1 1 1 1 1 1 1 1 1 1 1 1 1 1 1 1 1 1 1 1 1 1 1 1 1 1 1 1 1 1 1 1 1 1 1 1 1 1 1 1 1 1 1 1 1 1 1 1 1 1 1 1 1 1 1 1 1 1 1 1 1 1 1 1 1 1 1 1 1 1 1 1 1 1 1 1 1 1 1 1 1 1 1 1 1 1 1 1 1 1 1 1 1 1 1 1 1 1 1 1 1 1 1 1 1 1 1 1 1 1 1 1 1 1 1 1 1 1 1 1 1 1 1 1 1 1 1 1 1 1 1 1 1 1 1 1 1 1 1 1 1 1 1 1 1 1 1 1 1 1 1 1 1 1 1 1 1 1 1 1 1 1 1 1 1 1 1 1 1 1 1 1 1 1 1 1 1 1 1 1 1 1 1 1 1 1 1 1 1 1 1 1 1 1 1 1 1 1 1 1 1 1 1 1 1 1 1 1 1 1 1 1 1 1 1 1 1 1 1 1 1 1 1 1 1 1 1 1 1 1 1 1 1 1 1 1 1 1 1 1 1 1 1 1 1 1 1 1 1 1 1 1 1 1 1 1 1 1 1 1 1 1 1 1 1 1 1 1 1 1 1 1 1 1 1 1 1 1 1 1 1 1 1 1 1 1 1 1 1 1 1 1 1 1 1 1 1 1 1 1 1 1 1 1 1 1 1 1 1 1 1 1 1 1 1 1 1 1 1 1 1 1 1 1 1 1 1 1 1 1 1 1 1 1 1 1 1 1 </float_array>
          <technique_common>
            <accessor count="1128" offset="0" source="#mesh_0-skin-weights-array" stride="1">
              <param name="WEIGHT" type="float" />
            </accessor>
          </technique_common>
        </source>
        <joints>
          <input semantic="JOINT" source="#mesh_0-skin-joints"></input>
          <input semantic="INV_BIND_MATRIX" source="#mesh_0-skin-bind_poses"></input>
        </joints>
        <vertex_weights count="1128">
          <input semantic="JOINT" source="#mesh_0-skin-joints" offset="0"></input>
          <input semantic="WEIGHT" source="#mesh_0-skin-weights" offset="1"></input>
          <vcount>1 1 1 1 1 1 1 1 1 1 1 1 1 1 1 1 1 1 1 1 1 1 1 1 1 1 1 1 1 1 1 1 1 1 1 1 1 1 1 1 1 1 1 1 1 1 1 1 1 1 1 1 1 1 1 1 1 1 1 1 1 1 1 1 1 1 1 1 1 1 1 1 1 1 1 1 1 1 1 1 1 1 1 1 1 1 1 1 1 1 1 1 1 1 1 1 1 1 1 1 1 1 1 1 1 1 1 1 1 1 1 1 1 1 1 1 1 1 1 1 1 1 1 1 1 1 1 1 1 1 1 1 1 1 1 1 1 1 1 1 1 1 1 1 1 1 1 1 1 1 1 1 1 1 1 1 1 1 1 1 1 1 1 1 1 1 1 1 1 1 1 1 1 1 1 1 1 1 1 1 1 1 1 1 1 1 1 1 1 1 1 1 1 1 1 1 1 1 1 1 1 1 1 1 1 1 1 1 1 1 1 1 1 1 1 1 1 1 1 1 1 1 1 1 1 1 1 1 1 1 1 1 1 1 1 1 1 1 1 1 1 1 1 1 1 1 1 1 1 1 1 1 1 1 1 1 1 1 1 1 1 1 1 1 1 1 1 1 1 1 1 1 1 1 1 1 1 1 1 1 1 1 1 1 1 1 1 1 1 1 1 1 1 1 1 1 1 1 1 1 1 1 1 1 1 1 1 1 1 1 1 1 1 1 1 1 1 1 1 1 1 1 1 1 1 1 1 1 1 1 1 1 1 1 1 1 1 1 1 1 1 1 1 1 1 1 1 1 1 1 1 1 1 1 1 1 1 1 1 1 1 1 1 1 1 1 1 1 1 1 1 1 1 1 1 1 1 1 1 1 1 1 1 1 1 1 1 1 1 1 1 1 1 1 1 1 1 1 1 1 1 1 1 1 1 1 1 1 1 1 1 1 1 1 1 1 1 1 1 1 1 1 1 1 1 1 1 1 1 1 1 1 1 1 1 1 1 1 1 1 1 1 1 1 1 1 1 1 1 1 1 1 1 1 1 1 1 1 1 1 1 1 1 1 1 1 1 1 1 1 1 1 1 1 1 1 1 1 1 1 1 1 1 1 1 1 1 1 1 1 1 1 1 1 1 1 1 1 1 1 1 1 1 1 1 1 1 1 1 1 1 1 1 1 1 1 1 1 1 1 1 1 1 1 1 1 1 1 1 1 1 1 1 1 1 1 1 1 1 1 1 1 1 1 1 1 1 1 1 1 1 1 1 1 1 1 1 1 1 1 1 1 1 1 1 1 1 1 1 1 1 1 1 1 1 1 1 1 1 1 1 1 1 1 1 1 1 1 1 1 1 1 1 1 1 1 1 1 1 1 1 1 1 1 1 1 1 1 1 1 1 1 1 1 1 1 1 1 1 1 1 1 1 1 1 1 1 1 1 1 1 1 1 1 1 1 1 1 1 1 1 1 1 1 1 1 1 1 1 1 1 1 1 1 1 1 1 1 1 1 1 1 1 1 1 1 1 1 1 1 1 1 1 1 1 1 1 1 1 1 1 1 1 1 1 1 1 1 1 1 1 1 1 1 1 1 1 1 1 1 1 1 1 1 1 1 1 1 1 1 1 1 1 1 1 1 1 1 1 1 1 1 1 1 1 1 1 1 1 1 1 1 1 1 1 1 1 1 1 1 1 1 1 1 1 1 1 1 1 1 1 1 1 1 1 1 1 1 1 1 1 1 1 1 1 1 1 1 1 1 1 1 1 1 1 1 1 1 1 1 1 1 1 1 1 1 1 1 1 1 1 1 1 1 1 1 1 1 1 1 1 1 1 1 1 1 1 1 1 1 1 1 1 1 1 1 1 1 1 1 1 1 1 1 1 1 1 1 1 1 1 1 1 1 1 1 1 1 1 1 1 1 1 1 1 1 1 1 1 1 1 1 1 1 1 1 1 1 1 1 1 1 1 1 1 1 1 1 1 1 1 1 1 1 1 1 1 1 1 1 1 1 1 1 1 1 1 1 1 1 1 1 1 1 1 1 1 1 1 1 1 1 1 1 1 1 1 1 1 1 1 1 1 1 1 1 1 1 1 1 1 1 1 1 1 1 1 1 1 1 1 1 1 1 1 1 1 1 1 1 1 1 1 1 1 1 1 1 1 1 1 1 1 1 1 1 1 1 1 1 1 1 1 1 1 1 1 1 1 1 1 1 1 1 1 1 1 1 1 1 1 1 1 1 1 1 1 1 1 1 1 1 1 1 1 1 1 1 1 1 1 1 1 1 1 1 1 1 1 1 1 1 1 1 1 1 1 1 1 1 1 1 1 1 1 1 1 1 1 1 1 1 1 1 1 1 1 1 1 1 1 1 1 1 1 1 1 1 1 1 1 1 1 1 1 1 1 1 1 1 1 1 1 1 1 1 1 1 1 1 1 1 1 1 1 1 1 1 1 1 1 1 1 1 1 1 1 1 1 1 1 1 1 1 1 1 1 1 1 1 1 1 1 1 1 1 1 1 1 1 1 1 1 1 1 1 1 1 1 1 1 1 1 1 1 1 1 1 </vcount>
          <v>0 0 0 1 0 2 0 3 0 4 0 5 0 6 0 7 0 8 0 9 0 10 0 11 1 12 1 13 1 14 1 15 1 16 1 17 1 18 1 19 1 20 1 21 1 22 1 23 1 24 1 25 1 26 1 27 1 28 1 29 1 30 1 31 1 32 1 33 1 34 1 35 1 36 1 37 1 38 1 39 1 40 1 41 1 42 1 43 1 44 1 45 1 46 1 47 2 48 2 49 2 50 2 51 2 52 2 53 2 54 2 55 2 56 2 57 2 58 2 59 3 60 3 61 3 62 3 63 3 64 3 65 3 66 3 67 3 68 3 69 3 70 3 71 3 72 3 73 3 74 3 75 3 76 3 77 3 78 3 79 3 80 3 81 3 82 3 83 4 84 4 85 4 86 4 87 4 88 4 89 4 90 4 91 4 92 4 93 4 94 4 95 5 96 5 97 5 98 5 99 5 100 5 101 5 102 5 103 5 104 5 105 5 106 5 107 5 108 5 109 5 110 5 111 5 112 5 113 5 114 5 115 5 116 5 117 5 118 5 119 6 120 6 121 6 122 6 123 6 124 6 125 6 126 6 127 6 128 6 129 6 130 6 131 7 132 7 133 7 134 7 135 7 136 7 137 7 138 7 139 7 140 7 141 7 142 7 143 7 144 7 145 7 146 7 147 7 148 7 149 7 150 7 151 7 152 7 153 7 154 7 155 8 156 8 157 8 158 8 159 8 160 8 161 8 162 8 163 8 164 8 165 8 166 8 167 9 168 9 169 9 170 9 171 9 172 9 173 9 174 9 175 9 176 9 177 9 178 9 179 9 180 9 181 9 182 9 183 9 184 9 185 9 186 9 187 9 188 9 189 9 190 9 191 9 192 9 193 9 194 9 195 9 196 9 197 9 198 9 199 9 200 9 201 9 202 9 203 10 204 10 205 10 206 10 207 10 208 10 209 10 210 10 211 10 212 10 213 10 214 10 215 11 216 11 217 11 218 11 219 11 220 11 221 11 222 11 223 11 224 11 225 11 226 11 227 12 228 12 229 12 230 12 231 12 232 12 233 12 234 12 235 12 236 12 237 12 238 12 239 13 240 13 241 13 242 13 243 13 244 13 245 13 246 13 247 13 248 13 249 13 250 13 251 13 252 13 253 13 254 13 255 13 256 13 257 13 258 13 259 13 260 13 261 13 262 13 263 13 264 13 265 13 266 13 267 13 268 13 269 13 270 13 271 13 272 13 273 13 274 13 275 14 276 14 277 14 278 14 279 14 280 14 281 14 282 14 283 14 284 14 285 14 286 14 287 15 288 15 289 15 290 15 291 15 292 15 293 15 294 15 295 15 296 15 297 15 298 15 299 16 300 16 301 16 302 16 303 16 304 16 305 16 306 16 307 16 308 16 309 16 310 16 311 16 312 16 313 16 314 16 315 16 316 16 317 16 318 16 319 16 320 16 321 16 322 16 323 17 324 17 325 17 326 17 327 17 328 17 329 17 330 17 331 17 332 17 333 17 334 17 335 18 336 18 337 18 338 18 339 18 340 18 341 18 342 18 343 18 344 18 345 18 346 18 347 19 348 19 349 19 350 19 351 19 352 19 353 19 354 19 355 19 356 19 357 19 358 19 359 19 360 19 361 19 362 19 363 19 364 19 365 19 366 19 367 19 368 19 369 19 370 19 371 20 372 20 373 20 374 20 375 20 376 20 377 20 378 20 379 20 380 20 381 20 382 20 383 21 384 21 385 21 386 21 387 21 388 21 389 21 390 21 391 21 392 21 393 21 394 21 395 22 396 22 397 22 398 22 399 22 400 22 401 22 402 22 403 22 404 22 405 22 406 22 407 22 408 22 409 22 410 22 411 22 412 22 413 22 414 22 415 22 416 22 417 22 418 22 419 23 420 23 421 23 422 23 423 23 424 23 425 23 426 23 427 23 428 23 429 23 430 23 431 24 432 24 433 24 434 24 435 24 436 24 437 24 438 24 439 24 440 24 441 24 442 24 443 25 444 25 445 25 446 25 447 25 448 25 449 25 450 25 451 25 452 25 453 25 454 25 455 26 456 26 457 26 458 26 459 26 460 26 461 26 462 26 463 26 464 26 465 26 466 26 467 26 468 26 469 26 470 26 471 26 472 26 473 26 474 26 475 26 476 26 477 26 478 26 479 26 480 26 481 26 482 26 483 26 484 26 485 26 486 26 487 26 488 26 489 26 490 26 491 27 492 27 493 27 494 27 495 27 496 27 497 27 498 27 499 27 500 27 501 27 502 27 503 28 504 28 505 28 506 28 507 28 508 28 509 28 510 28 511 28 512 28 513 28 514 28 515 29 516 29 517 29 518 29 519 29 520 29 521 29 522 29 523 29 524 29 525 29 526 29 527 29 528 29 529 29 530 29 531 29 532 29 533 29 534 29 535 29 536 29 537 29 538 29 539 30 540 30 541 30 542 30 543 30 544 30 545 30 546 30 547 30 548 30 549 30 550 30 551 31 552 31 553 31 554 31 555 31 556 31 557 31 558 31 559 31 560 31 561 31 562 31 563 32 564 32 565 32 566 32 567 32 568 32 569 32 570 32 571 32 572 32 573 32 574 32 575 32 576 32 577 32 578 32 579 32 580 32 581 32 582 32 583 32 584 32 585 32 586 32 587 33 588 33 589 33 590 33 591 33 592 33 593 33 594 33 595 33 596 33 597 33 598 33 599 34 600 34 601 34 602 34 603 34 604 34 605 34 606 34 607 34 608 34 609 34 610 34 611 35 612 35 613 35 614 35 615 35 616 35 617 35 618 35 619 35 620 35 621 35 622 35 623 35 624 35 625 35 626 35 627 35 628 35 629 35 630 35 631 35 632 35 633 35 634 35 635 36 636 36 637 36 638 36 639 36 640 36 641 36 642 36 643 36 644 36 645 36 646 36 647 36 648 36 649 36 650 36 651 36 652 36 653 36 654 36 655 36 656 36 657 36 658 36 659 36 660 36 661 36 662 36 663 36 664 36 665 36 666 36 667 36 668 36 669 36 670 36 671 37 672 37 673 37 674 37 675 37 676 37 677 37 678 37 679 37 680 37 681 37 682 37 683 38 684 38 685 38 686 38 687 38 688 38 689 38 690 38 691 38 692 38 693 38 694 38 695 39 696 39 697 39 698 39 699 39 700 39 701 39 702 39 703 39 704 39 705 39 706 39 707 40 708 40 709 40 710 40 711 40 712 40 713 40 714 40 715 40 716 40 717 40 718 40 719 41 720 41 721 41 722 41 723 41 724 41 725 41 726 41 727 41 728 41 729 41 730 41 731 42 732 42 733 42 734 42 735 42 736 42 737 42 738 42 739 42 740 42 741 42 742 42 743 42 744 42 745 42 746 42 747 42 748 42 749 42 750 42 751 42 752 42 753 42 754 42 755 43 756 43 757 43 758 43 759 43 760 43 761 43 762 43 763 43 764 43 765 43 766 43 767 44 768 44 769 44 770 44 771 44 772 44 773 44 774 44 775 44 776 44 777 44 778 44 779 45 780 45 781 45 782 45 783 45 784 45 785 45 786 45 787 45 788 45 789 45 790 45 791 46 792 46 793 46 794 46 795 46 796 46 797 46 798 46 799 46 800 46 801 46 802 46 803 47 804 47 805 47 806 47 807 47 808 47 809 47 810 47 811 47 812 47 813 47 814 47 815 48 816 48 817 48 818 48 819 48 820 48 821 48 822 48 823 48 824 48 825 48 826 48 827 48 828 48 829 48 830 48 831 48 832 48 833 48 834 48 835 48 836 48 837 48 838 48 839 49 840 49 841 49 842 49 843 49 844 49 845 49 846 49 847 49 848 49 849 49 850 49 851 50 852 50 853 50 854 50 855 50 856 50 857 50 858 50 859 50 860 50 861 50 862 50 863 51 864 51 865 51 866 51 867 51 868 51 869 51 870 51 871 51 872 51 873 51 874 51 875 52 876 52 877 52 878 52 879 52 880 52 881 52 882 52 883 52 884 52 885 52 886 52 887 53 888 53 889 53 890 53 891 53 892 53 893 53 894 53 895 53 896 53 897 53 898 53 899 54 900 54 901 54 902 54 903 54 904 54 905 54 906 54 907 54 908 54 909 54 910 54 911 54 912 54 913 54 914 54 915 54 916 54 917 54 918 54 919 54 920 54 921 54 922 54 923 55 924 55 925 55 926 55 927 55 928 55 929 55 930 55 931 55 932 55 933 55 934 55 935 56 936 56 937 56 938 56 939 56 940 56 941 56 942 56 943 56 944 56 945 56 946 56 947 57 948 57 949 57 950 57 951 57 952 57 953 57 954 57 955 57 956 57 957 57 958 57 959 58 960 58 961 58 962 58 963 58 964 58 965 58 966 58 967 58 968 58 969 58 970 58 971 58 972 58 973 58 974 58 975 58 976 58 977 58 978 58 979 58 980 58 981 58 982 58 983 58 984 58 985 58 986 58 987 58 988 58 989 58 990 58 991 58 992 58 993 58 994 58 995 59 996 59 997 59 998 59 999 59 1000 59 1001 59 1002 59 1003 59 1004 59 1005 59 1006 59 1007 60 1008 60 1009 60 1010 60 1011 60 1012 60 1013 60 1014 60 1015 60 1016 60 1017 60 1018 60 1019 61 1020 61 1021 61 1022 61 1023 61 1024 61 1025 61 1026 61 1027 61 1028 61 1029 61 1030 61 1031 61 1032 61 1033 61 1034 61 1035 61 1036 61 1037 61 1038 61 1039 61 1040 61 1041 61 1042 61 1043 62 1044 62 1045 62 1046 62 1047 62 1048 62 1049 62 1050 62 1051 62 1052 62 1053 62 1054 62 1055 63 1056 63 1057 63 1058 63 1059 63 1060 63 1061 63 1062 63 1063 63 1064 63 1065 63 1066 63 1067 63 1068 63 1069 63 1070 63 1071 63 1072 63 1073 63 1074 63 1075 63 1076 63 1077 63 1078 63 1079 64 1080 64 1081 64 1082 64 1083 64 1084 64 1085 64 1086 64 1087 64 1088 64 1089 64 1090 64 1091 65 1092 65 1093 65 1094 65 1095 65 1096 65 1097 65 1098 65 1099 65 1100 65 1101 65 1102 65 1103 66 1104 66 1105 66 1106 66 1107 66 1108 66 1109 66 1110 66 1111 66 1112 66 1113 66 1114 66 1115 66 1116 66 1117 66 1118 66 1119 66 1120 66 1121 66 1122 66 1123 66 1124 66 1125 66 1126 66 1127 </v>
        </vertex_weights>
      </skin>
    </controller>
  </library_controllers>
  <library_visual_scenes>
    <visual_scene id="Scene" name="Scene">
      <node id="Bip01" sid="Bip01" name="Bip01" type="JOINT">
        <matrix sid="matrix">-7.24357378e-05 1 -2.21326809e-05 -4.22215509 -0.956353247 -7.57416128e-05 -0.292212963 20.4918175 -0.292212963 0 0.956353247 -334.004303 0 0 0 1</matrix>
        <instance_controller url="#mesh_0-skin">
          <skeleton>#Bip01</skeleton>
          <bind_material>
            <technique_common>
              <instance_material symbol="defaultMaterial" target="#SkeletonMaterial">
              </instance_material>
            </technique_common>
          </bind_material>
        </instance_controller>
        <node id="Bip01WPelvis" sid="Bip01WPelvis" name="Bip01 Pelvis" type="JOINT">
          <matrix sid="matrix">3.13916473e-07 1 -1.26759085e-06 18.0396137 0 1.26759085e-06 1 0 1 -3.13916473e-07 3.97917647e-13 0 0 0 0 1</matrix>
          <node id="Bip01WLWLeg" sid="Bip01WLWLeg" name="Bip01 L Leg" type="JOINT">
            <matrix sid="matrix">-0.895505369 0.348613888 -0.276656151 -5.99999985e-05 0.0250744298 0.660161495 0.750705063 9.00000014e-05 0.444343895 0.665323436 -0.599919438 42.3903008 0 0 0 1</matrix>
            <node id="Bip01WLWLeg1" sid="Bip01WLWLeg1" name="Bip01 L Leg1" type="JOINT">
              <matrix sid="matrix">0.424293339 0.90552479 0 164.303497 -0.90552479 0.424293339 0 1.49999996e-05 0 0 1 0 0 0 0 1</matrix>
            </node>
          </node>
          <node id="Bip01WRWLeg" sid="Bip01WRWLeg" name="Bip01 R Leg" type="JOINT">
            <matrix sid="matrix">-0.908677697 0.33043617 0.255179733 5.99999985e-05 0.0241592545 0.651804388 -0.758002162 -2.99999992e-05 -0.416798621 -0.682614803 -0.600263238 -42.3903008 0 0 0 1</matrix>
            <node id="Bip01WRWLeg1" sid="Bip01WRWLeg1" name="Bip01 R Leg1" type="JOINT">
              <matrix sid="matrix">0.3912462 0.920286059 0 164.303497 -0.920286059 0.3912462 0 -1.49999996e-05 0 0 1 0 0 0 0 1</matrix>
            </node>
          </node>
          <node id="Bip01WSpine" sid="Bip01WSpine" name="Bip01 Spine" type="JOINT">
            <matrix sid="matrix">0.998588622 -0.0531109981 -1.26414352e-06 54.7533836 0.0531109981 0.998588622 4.93983225e-06 -0.057585001 9.99999997e-07 -4.99999987e-06 1 7.50000036e-05 0 0 0 1</matrix>
            <node id="Bip01WSpine1" sid="Bip01WSpine1" name="Bip01 Spine1" type="JOINT">
              <matrix sid="matrix">0.979947209 0.199257329 7.80689902e-07 73.4605637 -0.199257329 0.979947209 -1.17920456e-06 -0.080430001 -9.99999997e-07 9.99999997e-07 1 0 0 0 0 1</matrix>
              <node id="Bip01WSpine2" sid="Bip01WSpine2" name="Bip01 Spine2" type="JOINT">
                <matrix sid="matrix">0.979945779 0.199264199 0 102.123421 -0.199264199 0.979945779 0 -0.0560999997 0 0 1 0 0 0 0 1</matrix>
                <node id="Bip01WNeck" sid="Bip01WNeck" name="Bip01 Neck" type="JOINT">
                  <matrix sid="matrix">0.55642277 -0.830899358 -1.94374479e-06 71.3426971 0.830899358 0.55642277 -1.10537599e-06 -0.00430499995 1.99999999e-06 -9.99999997e-07 1 0 0 0 0 1</matrix>
                  <node id="Bip01WLWArm" sid="Bip01WLWArm" name="Bip01 L Arm" type="JOINT">
                    <matrix sid="matrix">-0.347627491 -0.808432341 0.474965632 7.50000036e-05 0.118408583 -0.540353656 -0.833065033 0.00754499994 0.930126071 -0.233356312 0.283567131 45.3576317 0 0 0 1</matrix>
                    <node id="Bip01WLWArm1" sid="Bip01WLWArm1" name="Bip01 L Arm1" type="JOINT">
                      <matrix sid="matrix">0.866550863 0.460004836 0.193610817 106.908356 0.0704108253 0.271370381 -0.959896028 0 -0.494097084 0.84543103 0.202766925 -1.49999996e-05 0 0 0 1</matrix>
                      <node id="Bip01WLWArm2" sid="Bip01WLWArm2" name="Bip01 L Arm2" type="JOINT">
                        <matrix sid="matrix">0.0727559179 0.997349799 0 204.745193 -0.997349799 0.0727559179 0 -1.49999996e-05 0 0 1 -2.99999992e-05 0 0 0 1</matrix>
                        <node id="Bip01WLWHand" sid="Bip01WLWHand" name="Bip01 L Hand" type="JOINT">
                          <matrix sid="matrix">0.787083805 0.49214527 -0.371876597 261.158173 0.589930356 -0.776708484 0.22069481 -1.49999996e-05 -0.18022579 -0.393086582 -0.901666045 -2.99999992e-05 0 0 0 1</matrix>
                          <node id="Bip01WLWFinger0" sid="Bip01WLWFinger0" name="Bip01 L Finger0" type="JOINT">
                            <matrix sid="matrix">0.974250793 -0.0166821517 0.224849194 93.2069855 0.0171515085 0.999852955 -0.000134193338 -6.12795019 -0.224813864 0.00398724061 0.974393606 -14.1053085 0 0 0 1</matrix>
                            <node id="Bip01WLWFinger01" sid="Bip01WLWFinger01" name="Bip01 L Finger01" type="JOINT">
                              <matrix sid="matrix">0.609130144 -0.793070257 0 63.0556068 0.793070257 0.609130144 0 0 0 0 1 5.99999985e-05 0 0 0 1</matrix>
                              <node id="Bip01WLWFinger02" sid="Bip01WLWFinger02" name="Bip01 L Finger02" type="JOINT">
                                <matrix sid="matrix">0.649781048 -0.760121465 0 58.4985886 0.760121465 0.649781048 0 2.99999992e-05 0 0 1 -5.99999985e-05 0 0 0 1</matrix>
                              </node>
                            </node>
                          </node>
                          <node id="Bip01WLWFinger1" sid="Bip01WLWFinger1" name="Bip01 L Finger1" type="JOINT">
                            <matrix sid="matrix">0.887247503 -0.168293744 -0.429498732 93.7465134 0.182365984 0.983193755 -0.00852526724 -14.09097 0.423715204 -0.0707619339 0.903027177 15.8642845 0 0 0 1</matrix>
                            <node id="Bip01WLWFinger11" sid="Bip01WLWFinger11" name="Bip01 L Finger11" type="JOINT">
                              <matrix sid="matrix">0.814297736 -0.580447376 0 52.4580307 0.580447376 0.814297736 0 0 0 0 1 -1.49999996e-05 0 0 0 1</matrix>
                              <node id="Bip01WLWFinger12" sid="Bip01WLWFinger12" name="Bip01 L Finger12" type="JOINT">
                                <matrix sid="matrix">0.995400786 -0.0957978666 0 48.7488441 0.0957978666 0.995400786 0 1.49999996e-05 0 0 1 0 0 0 0 1</matrix>
                              </node>
                            </node>
                          </node>
                          <node id="Bone42" sid="Bone42" name="Bone42" type="JOINT">
                            <matrix sid="matrix">-0.112292133 -0.555503011 0.823897362 21.703846 -0.992040932 0.110206619 -0.0609035604 13.8886652 -0.05696683 -0.824178934 -0.563457131 -12.1508551 0 0 0 1</matrix>
                            <node id="Bone43" sid="Bone43" name="Bone43" type="JOINT">
                              <matrix sid="matrix">1 0 0 -18.2648849 0 1 0 5.89184999 0 0 1 1.49999996e-05 0 0 0 1</matrix>
                              <node id="Bone44" sid="Bone44" name="Bone44" type="JOINT">
                                <matrix sid="matrix">1 0 0 -39.6990128 0 1 0 23.2169552 0 0 1 0.499785006 0 0 0 1</matrix>
                              </node>
                            </node>
                          </node>
                        </node>
                      </node>
                    </node>
                  </node>
                  <node id="Bip01WRWArm" sid="Bip01WRWArm" name="Bip01 R Arm" type="JOINT">
                    <matrix sid="matrix">-0.367990077 -0.808420837 -0.459389806 7.50000036e-05 0.154604003 -0.540377796 0.827096939 0.00779999979 -0.916886508 0.23333998 0.32383877 -45.3576317 0 0 0 1</matrix>
                    <node id="Bip01WRWArm1" sid="Bip01WRWArm1" name="Bip01 R Arm1" type="JOINT">
                      <matrix sid="matrix">0.878934026 0.439076871 -0.186242864 106.908356 0.070489876 0.266615599 0.961221755 0 0.471705496 -0.857978761 0.203387037 2.99999992e-05 0 0 0 1</matrix>
                      <node id="Bip01WRWArm2" sid="Bip01WRWArm2" name="Bip01 R Arm2" type="JOINT">
                        <matrix sid="matrix">0.10723076 0.994234145 0 204.745193 -0.994234145 0.10723076 0 1.49999996e-05 0 0 1 0 0 0 0 1</matrix>
                        <node id="Bip01WRWHand" sid="Bip01WRWHand" name="Bip01 R Hand" type="JOINT">
                          <matrix sid="matrix">0.799698532 0.471735656 0.371413112 261.158234 0.569410264 -0.792069435 -0.219995379 0 0.190405324 0.387416422 -0.902027845 1.49999996e-05 0 0 0 1</matrix>
                          <node id="Bip01WRWFinger0" sid="Bip01WRWFinger0" name="Bip01 R Finger0" type="JOINT">
                            <matrix sid="matrix">0.968179822 -4.29572538e-08 -0.250255466 91.0388489 -0.000277867628 0.999999344 -0.00107517641 -10.4700298 0.250255346 0.00111050205 0.968179226 14.9661751 0 0 0 1</matrix>
                            <node id="Bip01WRWFinger01" sid="Bip01WRWFinger01" name="Bip01 R Finger01" type="JOINT">
                              <matrix sid="matrix">0.485281706 -0.874357879 0 63.0555573 0.874357879 0.485281706 0 0 0 0 1 2.99999992e-05 0 0 0 1</matrix>
                              <node id="Bip01WRWFinger02" sid="Bip01WRWFinger02" name="Bip01 R Finger02" type="JOINT">
                                <matrix sid="matrix">0.725639522 -0.688075066 0 58.4986496 0.688075066 0.725639522 0 -2.99999992e-05 0 0 1 0 0 0 0 1</matrix>
                              </node>
                            </node>
                          </node>
                          <node id="Bip01WRWFinger1" sid="Bip01WRWFinger1" name="Bip01 R Finger1" type="JOINT">
                            <matrix sid="matrix">0.898180902 -0.168292537 0.406138688 91.4943619 0.182525724 0.983193934 0.00375016779 -12.63591 -0.399944216 0.0707624406 0.913803756 -15.0522747 0 0 0 1</matrix>
                            <node id="Bip01WRWFinger11" sid="Bip01WRWFinger11" name="Bip01 R Finger11" type="JOINT">
                              <matrix sid="matrix">0.848198235 -0.529678941 0 52.4580307 0.529678941 0.848198235 0 0 0 0 1 0 0 0 0 1</matrix>
                              <node id="Bip01WRWFinger12" sid="Bip01WRWFinger12" name="Bip01 R Finger12" type="JOINT">
                                <matrix sid="matrix">0.999657691 -0.0261640139 0 36.9309158 0.0261640139 0.999657691 0 4.50000007e-05 0 0 1 0 0 0 0 1</matrix>
                              </node>
                            </node>
                          </node>
                          <node id="Bone48" sid="Bone48" name="Bone48" type="JOINT">
                            <matrix sid="matrix">0.12653777 -0.933511198 0.335477293 15.5620499 0.990207255 0.138977289 0.0132296607 12.2036257 -0.0589737594 0.330517977 0.941955388 15.5721149 0 0 0 1</matrix>
                            <node id="Bone49" sid="Bone49" name="Bone49" type="JOINT">
                              <matrix sid="matrix">1 0 0 12.9621449 0 1 0 4.4477849 0 0 1 2.5518899 0 0 0 1</matrix>
                              <node id="Bone50" sid="Bone50" name="Bone50" type="JOINT">
                                <matrix sid="matrix">1 0 0 40.3342171 0 1 0 18.3247204 0 0 1 14.1759892 0 0 0 1</matrix>
                              </node>
                            </node>
                          </node>
                        </node>
                      </node>
                    </node>
                  </node>
                  <node id="Bip01WHead" sid="Bip01WHead" name="Bip01 Head" type="JOINT">
                    <matrix sid="matrix">0.989623785 0.143682957 0 9.67821026 -0.143682957 0.989623785 0 -1.49999996e-05 0 0 1 0 0 0 0 1</matrix>
                    <node id="Dummy05" sid="Dummy05" name="Dummy05" type="JOINT">
                      <matrix sid="matrix">-0.556235075 0.754948676 -0.347354382 81.0630264 -0.640345097 -0.655783951 -0.399881989 -207.778519 -0.529679775 -1.69639543e-06 0.848197699 173.086243 0 0 0 1</matrix>
                      <node id="Bone13" sid="Bone13" name="Bone13" type="JOINT">
                        <matrix sid="matrix">-0.0863181576 0 0.996267617 1.495893 -0 1 0 -4.33299208 -0.996267617 0 -0.0863181576 1.11673498 0 0 0 1</matrix>
                        <node id="Bone14" sid="Bone14" name="Bone14" type="JOINT">
                          <matrix sid="matrix">1 0 0 22.5346336 0 1 0 121.623573 0 0 1 1.25507998 0 0 0 1</matrix>
                          <node id="Bone15" sid="Bone15" name="Bone15" type="JOINT">
                            <matrix sid="matrix">1 0 0 80.049942 0 1 0 105.817558 0 0 1 2.42451 0 0 0 1</matrix>
                            <node id="Bone16" sid="Bone16" name="Bone16" type="JOINT">
                              <matrix sid="matrix">1 0 0 40.4550896 0 1 0 15.5442753 0 0 1 -1.44835496 0 0 0 1</matrix>
                              <node id="Bone17" sid="Bone17" name="Bone17" type="JOINT">
                                <matrix sid="matrix">1 0 0 63.7773857 0 1 0 14.456295 0 0 1 0 0 0 0 1</matrix>
                              </node>
                            </node>
                          </node>
                        </node>
                      </node>
                    </node>
                    <node id="Dummy04" sid="Dummy04" name="Dummy04" type="JOINT">
                      <matrix sid="matrix">0.389905721 0.754948139 0.527282476 82.2007828 0.448863 -0.655784488 0.607016265 -210.024597 0.804049432 -1.50732376e-06 -0.594562411 -194.849457 0 0 0 1</matrix>
                      <node id="Bone07" sid="Bone07" name="Bone07" type="JOINT">
                        <matrix sid="matrix">-0.999614716 0 0.0277561378 0.466206998 -0 1 0 -2.52439809 -0.0277561378 0 -0.999614716 0.107747003 0 0 0 1</matrix>
                        <node id="Bone08" sid="Bone08" name="Bone08" type="JOINT">
                          <matrix sid="matrix">1 0 0 -19.1946907 0 1 0 126.684952 0 0 1 0 0 0 0 1</matrix>
                          <node id="Bone09" sid="Bone09" name="Bone09" type="JOINT">
                            <matrix sid="matrix">1 0 0 -73.1656647 0 1 0 92.6062775 0 0 1 -0.130740002 0 0 0 1</matrix>
                            <node id="Bone10" sid="Bone10" name="Bone10" type="JOINT">
                              <matrix sid="matrix">1 0 0 -55.7440338 0 1 0 22.9194298 0 0 1 -0.172665 0 0 0 1</matrix>
                              <node id="Bone11" sid="Bone11" name="Bone11" type="JOINT">
                                <matrix sid="matrix">1 0 0 -47.8988991 0 1 0 11.3225546 0 0 1 -0.0280200001 0 0 0 1</matrix>
                              </node>
                            </node>
                          </node>
                        </node>
                      </node>
                    </node>
                    <node id="Dummy03" sid="Dummy03" name="Dummy03" type="JOINT">
                      <matrix sid="matrix">-0.655784011 0.754948556 8.54113068e-07 319.59079 -0.754948556 -0.655784011 -2.06651657e-06 72.5000916 -9.99999997e-07 -1.99999999e-06 1 -11.5561056 0 0 0 1</matrix>
                      <node id="Bone01" sid="Bone01" name="Bone01" type="JOINT">
                        <matrix sid="matrix">1 0 0 -7.90174007 0 1 0 2.79779696 0 0 1 -1.15371001 0 0 0 1</matrix>
                        <node id="Bone02" sid="Bone02" name="Bone02" type="JOINT">
                          <matrix sid="matrix">1 0 0 13.9059753 0 1 0 131.411453 0 0 1 -1.49999996e-05 0 0 0 1</matrix>
                          <node id="Bone03" sid="Bone03" name="Bone03" type="JOINT">
                            <matrix sid="matrix">1 0 0 89.6935196 0 1 0 94.5605698 0 0 1 -1.49999996e-05 0 0 0 1</matrix>
                            <node id="Bone04" sid="Bone04" name="Bone04" type="JOINT">
                              <matrix sid="matrix">1 0 0 58.4050674 0 1 0 22.2495899 0 0 1 -1.49999996e-05 0 0 0 1</matrix>
                              <node id="Bone05" sid="Bone05" name="Bone05" type="JOINT">
                                <matrix sid="matrix">1 0 0 67.4439621 0 1 0 10.4294548 0 0 1 -1.49999996e-05 0 0 0 1</matrix>
                              </node>
                            </node>
                          </node>
                        </node>
                      </node>
                    </node>
                  </node>
                </node>
              </node>
              <node id="Dummy08" sid="Dummy08" name="Dummy08" type="JOINT">
                <matrix sid="matrix">-0.0269594155 0.999636531 -5.39188321e-08 48.2818642 -0.999636531 -0.0269594155 -1.99927308e-06 76.4357834 -1.99999999e-06 0 1 -2.44960499 0 0 0 1</matrix>
                <node id="Bone25" sid="Bone25" name="Bone25" type="JOINT">
                  <matrix sid="matrix">0.78821826 -0.615395784 0 -11.4083252 0.615395784 0.78821826 0 10.6257305 0 0 1 3.98608494 0 0 0 1</matrix>
                  <node id="Bone26" sid="Bone26" name="Bone26" type="JOINT">
                    <matrix sid="matrix">0.999050021 0.0435781926 0 -142.238449 -0.0435781926 0.999050021 0 -45.0019951 0 0 1 0 0 0 0 1</matrix>
                    <node id="Bone27" sid="Bone27" name="Bone27" type="JOINT">
                      <matrix sid="matrix">1 0 0 -103.665321 0 1 0 24.1082401 0 0 1 0 0 0 0 1</matrix>
                      <node id="Bone28" sid="Bone28" name="Bone28" type="JOINT">
                        <matrix sid="matrix">0.930487812 0.366322786 0 -48.2164192 -0.366322786 0.930487812 0 25.7154007 0 0 1 10.0843048 0 0 0 1</matrix>
                        <node id="Bone29" sid="Bone29" name="Bone29" type="JOINT">
                          <matrix sid="matrix">0.834053159 0.551684022 0 -36.9659386 -0.551684022 0.834053159 0 15.2685442 0 0 1 14.6828852 0 0 0 1</matrix>
                          <node id="Bone30" sid="Bone30" name="Bone30" type="JOINT">
                            <matrix sid="matrix">1 0 0 -30.537075 0 1 0 -16.8757343 0 0 1 15.8260956 0 0 0 1</matrix>
                          </node>
                        </node>
                      </node>
                      <node id="Bone33" sid="Bone33" name="Bone33" type="JOINT">
                        <matrix sid="matrix">0.92058754 -0.390536219 0 -16.8757496 0.390536219 0.92058754 0 -8.03608513 0 0 1 -0.000630000024 0 0 0 1</matrix>
                        <node id="Bone34" sid="Bone34" name="Bone34" type="JOINT">
                          <matrix sid="matrix">0.968181849 -0.250247627 0 -12.0541201 0.250247627 0.968181849 0 -37.7695045 0 0 1 0 0 0 0 1</matrix>
                        </node>
                      </node>
                      <node id="Bone37" sid="Bone37" name="Bone37" type="JOINT">
                        <matrix sid="matrix">0.913634896 0.406535625 0 -47.3888702 -0.406535625 0.913634896 0 26.2092743 0 0 1 -9.20848465 0 0 0 1</matrix>
                        <node id="Bone38" sid="Bone38" name="Bone38" type="JOINT">
                          <matrix sid="matrix">0.866164744 0.499758571 0 -36.1623306 -0.499758571 0.866164744 0 15.2685442 0 0 1 -12.9304504 0 0 0 1</matrix>
                          <node id="Bone39" sid="Bone39" name="Bone39" type="JOINT">
                            <matrix sid="matrix">1 0 0 -36.9659119 0 1 0 -20.0902042 0 0 1 -19.8294907 0 0 0 1</matrix>
                          </node>
                        </node>
                      </node>
                    </node>
                  </node>
                </node>
              </node>
            </node>
          </node>
        </node>
      </node>
    </visual_scene>
  </library_visual_scenes>
  <library_animations>
    <animation id="animation_0" name="">
      <sampler id="Bip01_matrix-sampler">
        <input semantic="INPUT" source="#Bip01_matrix-input"/>
        <input semantic="OUTPUT" source="#Bip01_matrix-output"/>
        <input semantic="INTERPOLATION" source="#Bip01_matrix-interpolation"/>
      </sampler>
      <sampler id="Bip01WPelvis_matrix-sampler">
        <input semantic="INPUT" source="#Bip01WPelvis_matrix-input"/>
        <input semantic="OUTPUT" source="#Bip01WPelvis_matrix-output"/>
        <input semantic="INTERPOLATION" source="#Bip01WPelvis_matrix-interpolation"/>
      </sampler>
      <sampler id="Bip01WLWLeg_matrix-sampler">
        <input semantic="INPUT" source="#Bip01WLWLeg_matrix-input"/>
        <input semantic="OUTPUT" source="#Bip01WLWLeg_matrix-output"/>
        <input semantic="INTERPOLATION" source="#Bip01WLWLeg_matrix-interpolation"/>
      </sampler>
      <sampler id="Bip01WLWLeg1_matrix-sampler">
        <input semantic="INPUT" source="#Bip01WLWLeg1_matrix-input"/>
        <input semantic="OUTPUT" source="#Bip01WLWLeg1_matrix-output"/>
        <input semantic="INTERPOLATION" source="#Bip01WLWLeg1_matrix-interpolation"/>
      </sampler>
      <sampler id="Bip01WRWLeg_matrix-sampler">
        <input semantic="INPUT" source="#Bip01WRWLeg_matrix-input"/>
        <input semantic="OUTPUT" source="#Bip01WRWLeg_matrix-output"/>
        <input semantic="INTERPOLATION" source="#Bip01WRWLeg_matrix-interpolation"/>
      </sampler>
      <sampler id="Bip01WRWLeg1_matrix-sampler">
        <input semantic="INPUT" source="#Bip01WRWLeg1_matrix-input"/>
        <input semantic="OUTPUT" source="#Bip01WRWLeg1_matrix-output"/>
        <input semantic="INTERPOLATION" source="#Bip01WRWLeg1_matrix-interpolation"/>
      </sampler>
      <sampler id="Bip01WSpine_matrix-sampler">
        <input semantic="INPUT" source="#Bip01WSpine_matrix-input"/>
        <input semantic="OUTPUT" source="#Bip01WSpine_matrix-output"/>
        <input semantic="INTERPOLATION" source="#Bip01WSpine_matrix-interpolation"/>
      </sampler>
      <sampler id="Bip01WSpine1_matrix-sampler">
        <input semantic="INPUT" source="#Bip01WSpine1_matrix-input"/>
        <input semantic="OUTPUT" source="#Bip01WSpine1_matrix-output"/>
        <input semantic="INTERPOLATION" source="#Bip01WSpine1_matrix-interpolation"/>
      </sampler>
      <sampler id="Bip01WSpine2_matrix-sampler">
        <input semantic="INPUT" source="#Bip01WSpine2_matrix-input"/>
        <input semantic="OUTPUT" source="#Bip01WSpine2_matrix-output"/>
        <input semantic="INTERPOLATION" source="#Bip01WSpine2_matrix-interpolation"/>
      </sampler>
      <sampler id="Bip01WNeck_matrix-sampler">
        <input semantic="INPUT" source="#Bip01WNeck_matrix-input"/>
        <input semantic="OUTPUT" source="#Bip01WNeck_matrix-output"/>
        <input semantic="INTERPOLATION" source="#Bip01WNeck_matrix-interpolation"/>
      </sampler>
      <sampler id="Bip01WLWArm_matrix-sampler">
        <input semantic="INPUT" source="#Bip01WLWArm_matrix-input"/>
        <input semantic="OUTPUT" source="#Bip01WLWArm_matrix-output"/>
        <input semantic="INTERPOLATION" source="#Bip01WLWArm_matrix-interpolation"/>
      </sampler>
      <sampler id="Bip01WLWArm1_matrix-sampler">
        <input semantic="INPUT" source="#Bip01WLWArm1_matrix-input"/>
        <input semantic="OUTPUT" source="#Bip01WLWArm1_matrix-output"/>
        <input semantic="INTERPOLATION" source="#Bip01WLWArm1_matrix-interpolation"/>
      </sampler>
      <sampler id="Bip01WLWArm2_matrix-sampler">
        <input semantic="INPUT" source="#Bip01WLWArm2_matrix-input"/>
        <input semantic="OUTPUT" source="#Bip01WLWArm2_matrix-output"/>
        <input semantic="INTERPOLATION" source="#Bip01WLWArm2_matrix-interpolation"/>
      </sampler>
      <sampler id="Bip01WLWHand_matrix-sampler">
        <input semantic="INPUT" source="#Bip01WLWHand_matrix-input"/>
        <input semantic="OUTPUT" source="#Bip01WLWHand_matrix-output"/>
        <input semantic="INTERPOLATION" source="#Bip01WLWHand_matrix-interpolation"/>
      </sampler>
      <sampler id="Bip01WLWFinger0_matrix-sampler">
        <input semantic="INPUT" source="#Bip01WLWFinger0_matrix-input"/>
        <input semantic="OUTPUT" source="#Bip01WLWFinger0_matrix-output"/>
        <input semantic="INTERPOLATION" source="#Bip01WLWFinger0_matrix-interpolation"/>
      </sampler>
      <sampler id="Bip01WLWFinger01_matrix-sampler">
        <input semantic="INPUT" source="#Bip01WLWFinger01_matrix-input"/>
        <input semantic="OUTPUT" source="#Bip01WLWFinger01_matrix-output"/>
        <input semantic="INTERPOLATION" source="#Bip01WLWFinger01_matrix-interpolation"/>
      </sampler>
      <sampler id="Bip01WLWFinger02_matrix-sampler">
        <input semantic="INPUT" source="#Bip01WLWFinger02_matrix-input"/>
        <input semantic="OUTPUT" source="#Bip01WLWFinger02_matrix-output"/>
        <input semantic="INTERPOLATION" source="#Bip01WLWFinger02_matrix-interpolation"/>
      </sampler>
      <sampler id="Bip01WLWFinger1_matrix-sampler">
        <input semantic="INPUT" source="#Bip01WLWFinger1_matrix-input"/>
        <input semantic="OUTPUT" source="#Bip01WLWFinger1_matrix-output"/>
        <input semantic="INTERPOLATION" source="#Bip01WLWFinger1_matrix-interpolation"/>
      </sampler>
      <sampler id="Bip01WLWFinger11_matrix-sampler">
        <input semantic="INPUT" source="#Bip01WLWFinger11_matrix-input"/>
        <input semantic="OUTPUT" source="#Bip01WLWFinger11_matrix-output"/>
        <input semantic="INTERPOLATION" source="#Bip01WLWFinger11_matrix-interpolation"/>
      </sampler>
      <sampler id="Bip01WLWFinger12_matrix-sampler">
        <input semantic="INPUT" source="#Bip01WLWFinger12_matrix-input"/>
        <input semantic="OUTPUT" source="#Bip01WLWFinger12_matrix-output"/>
        <input semantic="INTERPOLATION" source="#Bip01WLWFinger12_matrix-interpolation"/>
      </sampler>
      <sampler id="Bone42_matrix-sampler">
        <input semantic="INPUT" source="#Bone42_matrix-input"/>
        <input semantic="OUTPUT" source="#Bone42_matrix-output"/>
        <input semantic="INTERPOLATION" source="#Bone42_matrix-interpolation"/>
      </sampler>
      <sampler id="Bone43_matrix-sampler">
        <input semantic="INPUT" source="#Bone43_matrix-input"/>
        <input semantic="OUTPUT" source="#Bone43_matrix-output"/>
        <input semantic="INTERPOLATION" source="#Bone43_matrix-interpolation"/>
      </sampler>
      <sampler id="Bone44_matrix-sampler">
        <input semantic="INPUT" source="#Bone44_matrix-input"/>
        <input semantic="OUTPUT" source="#Bone44_matrix-output"/>
        <input semantic="INTERPOLATION" source="#Bone44_matrix-interpolation"/>
      </sampler>
      <sampler id="Bip01WRWArm_matrix-sampler">
        <input semantic="INPUT" source="#Bip01WRWArm_matrix-input"/>
        <input semantic="OUTPUT" source="#Bip01WRWArm_matrix-output"/>
        <input semantic="INTERPOLATION" source="#Bip01WRWArm_matrix-interpolation"/>
      </sampler>
      <sampler id="Bip01WRWArm1_matrix-sampler">
        <input semantic="INPUT" source="#Bip01WRWArm1_matrix-input"/>
        <input semantic="OUTPUT" source="#Bip01WRWArm1_matrix-output"/>
        <input semantic="INTERPOLATION" source="#Bip01WRWArm1_matrix-interpolation"/>
      </sampler>
      <sampler id="Bip01WRWArm2_matrix-sampler">
        <input semantic="INPUT" source="#Bip01WRWArm2_matrix-input"/>
        <input semantic="OUTPUT" source="#Bip01WRWArm2_matrix-output"/>
        <input semantic="INTERPOLATION" source="#Bip01WRWArm2_matrix-interpolation"/>
      </sampler>
      <sampler id="Bip01WRWHand_matrix-sampler">
        <input semantic="INPUT" source="#Bip01WRWHand_matrix-input"/>
        <input semantic="OUTPUT" source="#Bip01WRWHand_matrix-output"/>
        <input semantic="INTERPOLATION" source="#Bip01WRWHand_matrix-interpolation"/>
      </sampler>
      <sampler id="Bip01WRWFinger0_matrix-sampler">
        <input semantic="INPUT" source="#Bip01WRWFinger0_matrix-input"/>
        <input semantic="OUTPUT" source="#Bip01WRWFinger0_matrix-output"/>
        <input semantic="INTERPOLATION" source="#Bip01WRWFinger0_matrix-interpolation"/>
      </sampler>
      <sampler id="Bip01WRWFinger01_matrix-sampler">
        <input semantic="INPUT" source="#Bip01WRWFinger01_matrix-input"/>
        <input semantic="OUTPUT" source="#Bip01WRWFinger01_matrix-output"/>
        <input semantic="INTERPOLATION" source="#Bip01WRWFinger01_matrix-interpolation"/>
      </sampler>
      <sampler id="Bip01WRWFinger02_matrix-sampler">
        <input semantic="INPUT" source="#Bip01WRWFinger02_matrix-input"/>
        <input semantic="OUTPUT" source="#Bip01WRWFinger02_matrix-output"/>
        <input semantic="INTERPOLATION" source="#Bip01WRWFinger02_matrix-interpolation"/>
      </sampler>
      <sampler id="Bip01WRWFinger1_matrix-sampler">
        <input semantic="INPUT" source="#Bip01WRWFinger1_matrix-input"/>
        <input semantic="OUTPUT" source="#Bip01WRWFinger1_matrix-output"/>
        <input semantic="INTERPOLATION" source="#Bip01WRWFinger1_matrix-interpolation"/>
      </sampler>
      <sampler id="Bip01WRWFinger11_matrix-sampler">
        <input semantic="INPUT" source="#Bip01WRWFinger11_matrix-input"/>
        <input semantic="OUTPUT" source="#Bip01WRWFinger11_matrix-output"/>
        <input semantic="INTERPOLATION" source="#Bip01WRWFinger11_matrix-interpolation"/>
      </sampler>
      <sampler id="Bip01WRWFinger12_matrix-sampler">
        <input semantic="INPUT" source="#Bip01WRWFinger12_matrix-input"/>
        <input semantic="OUTPUT" source="#Bip01WRWFinger12_matrix-output"/>
        <input semantic="INTERPOLATION" source="#Bip01WRWFinger12_matrix-interpolation"/>
      </sampler>
      <sampler id="Bone48_matrix-sampler">
        <input semantic="INPUT" source="#Bone48_matrix-input"/>
        <input semantic="OUTPUT" source="#Bone48_matrix-output"/>
        <input semantic="INTERPOLATION" source="#Bone48_matrix-interpolation"/>
      </sampler>
      <sampler id="Bone49_matrix-sampler">
        <input semantic="INPUT" source="#Bone49_matrix-input"/>
        <input semantic="OUTPUT" source="#Bone49_matrix-output"/>
        <input semantic="INTERPOLATION" source="#Bone49_matrix-interpolation"/>
      </sampler>
      <sampler id="Bone50_matrix-sampler">
        <input semantic="INPUT" source="#Bone50_matrix-input"/>
        <input semantic="OUTPUT" source="#Bone50_matrix-output"/>
        <input semantic="INTERPOLATION" source="#Bone50_matrix-interpolation"/>
      </sampler>
      <sampler id="Bip01WHead_matrix-sampler">
        <input semantic="INPUT" source="#Bip01WHead_matrix-input"/>
        <input semantic="OUTPUT" source="#Bip01WHead_matrix-output"/>
        <input semantic="INTERPOLATION" source="#Bip01WHead_matrix-interpolation"/>
      </sampler>
      <sampler id="Dummy05_matrix-sampler">
        <input semantic="INPUT" source="#Dummy05_matrix-input"/>
        <input semantic="OUTPUT" source="#Dummy05_matrix-output"/>
        <input semantic="INTERPOLATION" source="#Dummy05_matrix-interpolation"/>
      </sampler>
      <sampler id="Bone13_matrix-sampler">
        <input semantic="INPUT" source="#Bone13_matrix-input"/>
        <input semantic="OUTPUT" source="#Bone13_matrix-output"/>
        <input semantic="INTERPOLATION" source="#Bone13_matrix-interpolation"/>
      </sampler>
      <sampler id="Bone14_matrix-sampler">
        <input semantic="INPUT" source="#Bone14_matrix-input"/>
        <input semantic="OUTPUT" source="#Bone14_matrix-output"/>
        <input semantic="INTERPOLATION" source="#Bone14_matrix-interpolation"/>
      </sampler>
      <sampler id="Bone15_matrix-sampler">
        <input semantic="INPUT" source="#Bone15_matrix-input"/>
        <input semantic="OUTPUT" source="#Bone15_matrix-output"/>
        <input semantic="INTERPOLATION" source="#Bone15_matrix-interpolation"/>
      </sampler>
      <sampler id="Bone16_matrix-sampler">
        <input semantic="INPUT" source="#Bone16_matrix-input"/>
        <input semantic="OUTPUT" source="#Bone16_matrix-output"/>
        <input semantic="INTERPOLATION" source="#Bone16_matrix-interpolation"/>
      </sampler>
      <sampler id="Bone17_matrix-sampler">
        <input semantic="INPUT" source="#Bone17_matrix-input"/>
        <input semantic="OUTPUT" source="#Bone17_matrix-output"/>
        <input semantic="INTERPOLATION" source="#Bone17_matrix-interpolation"/>
      </sampler>
      <sampler id="Dummy04_matrix-sampler">
        <input semantic="INPUT" source="#Dummy04_matrix-input"/>
        <input semantic="OUTPUT" source="#Dummy04_matrix-output"/>
        <input semantic="INTERPOLATION" source="#Dummy04_matrix-interpolation"/>
      </sampler>
      <sampler id="Bone07_matrix-sampler">
        <input semantic="INPUT" source="#Bone07_matrix-input"/>
        <input semantic="OUTPUT" source="#Bone07_matrix-output"/>
        <input semantic="INTERPOLATION" source="#Bone07_matrix-interpolation"/>
      </sampler>
      <sampler id="Bone08_matrix-sampler">
        <input semantic="INPUT" source="#Bone08_matrix-input"/>
        <input semantic="OUTPUT" source="#Bone08_matrix-output"/>
        <input semantic="INTERPOLATION" source="#Bone08_matrix-interpolation"/>
      </sampler>
      <sampler id="Bone09_matrix-sampler">
        <input semantic="INPUT" source="#Bone09_matrix-input"/>
        <input semantic="OUTPUT" source="#Bone09_matrix-output"/>
        <input semantic="INTERPOLATION" source="#Bone09_matrix-interpolation"/>
      </sampler>
      <sampler id="Bone10_matrix-sampler">
        <input semantic="INPUT" source="#Bone10_matrix-input"/>
        <input semantic="OUTPUT" source="#Bone10_matrix-output"/>
        <input semantic="INTERPOLATION" source="#Bone10_matrix-interpolation"/>
      </sampler>
      <sampler id="Bone11_matrix-sampler">
        <input semantic="INPUT" source="#Bone11_matrix-input"/>
        <input semantic="OUTPUT" source="#Bone11_matrix-output"/>
        <input semantic="INTERPOLATION" source="#Bone11_matrix-interpolation"/>
      </sampler>
      <sampler id="Dummy03_matrix-sampler">
        <input semantic="INPUT" source="#Dummy03_matrix-input"/>
        <input semantic="OUTPUT" source="#Dummy03_matrix-output"/>
        <input semantic="INTERPOLATION" source="#Dummy03_matrix-interpolation"/>
      </sampler>
      <sampler id="Bone01_matrix-sampler">
        <input semantic="INPUT" source="#Bone01_matrix-input"/>
        <input semantic="OUTPUT" source="#Bone01_matrix-output"/>
        <input semantic="INTERPOLATION" source="#Bone01_matrix-interpolation"/>
      </sampler>
      <sampler id="Bone02_matrix-sampler">
        <input semantic="INPUT" source="#Bone02_matrix-input"/>
        <input semantic="OUTPUT" source="#Bone02_matrix-output"/>
        <input semantic="INTERPOLATION" source="#Bone02_matrix-interpolation"/>
      </sampler>
      <sampler id="Bone03_matrix-sampler">
        <input semantic="INPUT" source="#Bone03_matrix-input"/>
        <input semantic="OUTPUT" source="#Bone03_matrix-output"/>
        <input semantic="INTERPOLATION" source="#Bone03_matrix-interpolation"/>
      </sampler>
      <sampler id="Bone04_matrix-sampler">
        <input semantic="INPUT" source="#Bone04_matrix-input"/>
        <input semantic="OUTPUT" source="#Bone04_matrix-output"/>
        <input semantic="INTERPOLATION" source="#Bone04_matrix-interpolation"/>
      </sampler>
      <sampler id="Bone05_matrix-sampler">
        <input semantic="INPUT" source="#Bone05_matrix-input"/>
        <input semantic="OUTPUT" source="#Bone05_matrix-output"/>
        <input semantic="INTERPOLATION" source="#Bone05_matrix-interpolation"/>
      </sampler>
      <sampler id="Dummy08_matrix-sampler">
        <input semantic="INPUT" source="#Dummy08_matrix-input"/>
        <input semantic="OUTPUT" source="#Dummy08_matrix-output"/>
        <input semantic="INTERPOLATION" source="#Dummy08_matrix-interpolation"/>
      </sampler>
      <sampler id="Bone25_matrix-sampler">
        <input semantic="INPUT" source="#Bone25_matrix-input"/>
        <input semantic="OUTPUT" source="#Bone25_matrix-output"/>
        <input semantic="INTERPOLATION" source="#Bone25_matrix-interpolation"/>
      </sampler>
      <sampler id="Bone26_matrix-sampler">
        <input semantic="INPUT" source="#Bone26_matrix-input"/>
        <input semantic="OUTPUT" source="#Bone26_matrix-output"/>
        <input semantic="INTERPOLATION" source="#Bone26_matrix-interpolation"/>
      </sampler>
      <sampler id="Bone27_matrix-sampler">
        <input semantic="INPUT" source="#Bone27_matrix-input"/>
        <input semantic="OUTPUT" source="#Bone27_matrix-output"/>
        <input semantic="INTERPOLATION" source="#Bone27_matrix-interpolation"/>
      </sampler>
      <sampler id="Bone28_matrix-sampler">
        <input semantic="INPUT" source="#Bone28_matrix-input"/>
        <input semantic="OUTPUT" source="#Bone28_matrix-output"/>
        <input semantic="INTERPOLATION" source="#Bone28_matrix-interpolation"/>
      </sampler>
      <sampler id="Bone29_matrix-sampler">
        <input semantic="INPUT" source="#Bone29_matrix-input"/>
        <input semantic="OUTPUT" source="#Bone29_matrix-output"/>
        <input semantic="INTERPOLATION" source="#Bone29_matrix-interpolation"/>
      </sampler>
      <sampler id="Bone30_matrix-sampler">
        <input semantic="INPUT" source="#Bone30_matrix-input"/>
        <input semantic="OUTPUT" source="#Bone30_matrix-output"/>
        <input semantic="INTERPOLATION" source="#Bone30_matrix-interpolation"/>
      </sampler>
      <sampler id="Bone33_matrix-sampler">
        <input semantic="INPUT" source="#Bone33_matrix-input"/>
        <input semantic="OUTPUT" source="#Bone33_matrix-output"/>
        <input semantic="INTERPOLATION" source="#Bone33_matrix-interpolation"/>
      </sampler>
      <sampler id="Bone34_matrix-sampler">
        <input semantic="INPUT" source="#Bone34_matrix-input"/>
        <input semantic="OUTPUT" source="#Bone34_matrix-output"/>
        <input semantic="INTERPOLATION" source="#Bone34_matrix-interpolation"/>
      </sampler>
      <sampler id="Bone37_matrix-sampler">
        <input semantic="INPUT" source="#Bone37_matrix-input"/>
        <input semantic="OUTPUT" source="#Bone37_matrix-output"/>
        <input semantic="INTERPOLATION" source="#Bone37_matrix-interpolation"/>
      </sampler>
      <sampler id="Bone38_matrix-sampler">
        <input semantic="INPUT" source="#Bone38_matrix-input"/>
        <input semantic="OUTPUT" source="#Bone38_matrix-output"/>
        <input semantic="INTERPOLATION" source="#Bone38_matrix-interpolation"/>
      </sampler>
      <sampler id="Bone39_matrix-sampler">
        <input semantic="INPUT" source="#Bone39_matrix-input"/>
        <input semantic="OUTPUT" source="#Bone39_matrix-output"/>
        <input semantic="INTERPOLATION" source="#Bone39_matrix-interpolation"/>
      </sampler>
      <channel source="#Bip01_matrix-sampler" target="Bip01/matrix"/>
      <channel source="#Bip01WPelvis_matrix-sampler" target="Bip01WPelvis/matrix"/>
      <channel source="#Bip01WLWLeg_matrix-sampler" target="Bip01WLWLeg/matrix"/>
      <channel source="#Bip01WLWLeg1_matrix-sampler" target="Bip01WLWLeg1/matrix"/>
      <channel source="#Bip01WRWLeg_matrix-sampler" target="Bip01WRWLeg/matrix"/>
      <channel source="#Bip01WRWLeg1_matrix-sampler" target="Bip01WRWLeg1/matrix"/>
      <channel source="#Bip01WSpine_matrix-sampler" target="Bip01WSpine/matrix"/>
      <channel source="#Bip01WSpine1_matrix-sampler" target="Bip01WSpine1/matrix"/>
      <channel source="#Bip01WSpine2_matrix-sampler" target="Bip01WSpine2/matrix"/>
      <channel source="#Bip01WNeck_matrix-sampler" target="Bip01WNeck/matrix"/>
      <channel source="#Bip01WLWArm_matrix-sampler" target="Bip01WLWArm/matrix"/>
      <channel source="#Bip01WLWArm1_matrix-sampler" target="Bip01WLWArm1/matrix"/>
      <channel source="#Bip01WLWArm2_matrix-sampler" target="Bip01WLWArm2/matrix"/>
      <channel source="#Bip01WLWHand_matrix-sampler" target="Bip01WLWHand/matrix"/>
      <channel source="#Bip01WLWFinger0_matrix-sampler" target="Bip01WLWFinger0/matrix"/>
      <channel source="#Bip01WLWFinger01_matrix-sampler" target="Bip01WLWFinger01/matrix"/>
      <channel source="#Bip01WLWFinger02_matrix-sampler" target="Bip01WLWFinger02/matrix"/>
      <channel source="#Bip01WLWFinger1_matrix-sampler" target="Bip01WLWFinger1/matrix"/>
      <channel source="#Bip01WLWFinger11_matrix-sampler" target="Bip01WLWFinger11/matrix"/>
      <channel source="#Bip01WLWFinger12_matrix-sampler" target="Bip01WLWFinger12/matrix"/>
      <channel source="#Bone42_matrix-sampler" target="Bone42/matrix"/>
      <channel source="#Bone43_matrix-sampler" target="Bone43/matrix"/>
      <channel source="#Bone44_matrix-sampler" target="Bone44/matrix"/>
      <channel source="#Bip01WRWArm_matrix-sampler" target="Bip01WRWArm/matrix"/>
      <channel source="#Bip01WRWArm1_matrix-sampler" target="Bip01WRWArm1/matrix"/>
      <channel source="#Bip01WRWArm2_matrix-sampler" target="Bip01WRWArm2/matrix"/>
      <channel source="#Bip01WRWHand_matrix-sampler" target="Bip01WRWHand/matrix"/>
      <channel source="#Bip01WRWFinger0_matrix-sampler" target="Bip01WRWFinger0/matrix"/>
      <channel source="#Bip01WRWFinger01_matrix-sampler" target="Bip01WRWFinger01/matrix"/>
      <channel source="#Bip01WRWFinger02_matrix-sampler" target="Bip01WRWFinger02/matrix"/>
      <channel source="#Bip01WRWFinger1_matrix-sampler" target="Bip01WRWFinger1/matrix"/>
      <channel source="#Bip01WRWFinger11_matrix-sampler" target="Bip01WRWFinger11/matrix"/>
      <channel source="#Bip01WRWFinger12_matrix-sampler" target="Bip01WRWFinger12/matrix"/>
      <channel source="#Bone48_matrix-sampler" target="Bone48/matrix"/>
      <channel source="#Bone49_matrix-sampler" target="Bone49/matrix"/>
      <channel source="#Bone50_matrix-sampler" target="Bone50/matrix"/>
      <channel source="#Bip01WHead_matrix-sampler" target="Bip01WHead/matrix"/>
      <channel source="#Dummy05_matrix-sampler" target="Dummy05/matrix"/>
      <channel source="#Bone13_matrix-sampler" target="Bone13/matrix"/>
      <channel source="#Bone14_matrix-sampler" target="Bone14/matrix"/>
      <channel source="#Bone15_matrix-sampler" target="Bone15/matrix"/>
      <channel source="#Bone16_matrix-sampler" target="Bone16/matrix"/>
      <channel source="#Bone17_matrix-sampler" target="Bone17/matrix"/>
      <channel source="#Dummy04_matrix-sampler" target="Dummy04/matrix"/>
      <channel source="#Bone07_matrix-sampler" target="Bone07/matrix"/>
      <channel source="#Bone08_matrix-sampler" target="Bone08/matrix"/>
      <channel source="#Bone09_matrix-sampler" target="Bone09/matrix"/>
      <channel source="#Bone10_matrix-sampler" target="Bone10/matrix"/>
      <channel source="#Bone11_matrix-sampler" target="Bone11/matrix"/>
      <channel source="#Dummy03_matrix-sampler" target="Dummy03/matrix"/>
      <channel source="#Bone01_matrix-sampler" target="Bone01/matrix"/>
      <channel source="#Bone02_matrix-sampler" target="Bone02/matrix"/>
      <channel source="#Bone03_matrix-sampler" target="Bone03/matrix"/>
      <channel source="#Bone04_matrix-sampler" target="Bone04/matrix"/>
      <channel source="#Bone05_matrix-sampler" target="Bone05/matrix"/>
      <channel source="#Dummy08_matrix-sampler" target="Dummy08/matrix"/>
      <channel source="#Bone25_matrix-sampler" target="Bone25/matrix"/>
      <channel source="#Bone26_matrix-sampler" target="Bone26/matrix"/>
      <channel source="#Bone27_matrix-sampler" target="Bone27/matrix"/>
      <channel source="#Bone28_matrix-sampler" target="Bone28/matrix"/>
      <channel source="#Bone29_matrix-sampler" target="Bone29/matrix"/>
      <channel source="#Bone30_matrix-sampler" target="Bone30/matrix"/>
      <channel source="#Bone33_matrix-sampler" target="Bone33/matrix"/>
      <channel source="#Bone34_matrix-sampler" target="Bone34/matrix"/>
      <channel source="#Bone37_matrix-sampler" target="Bone37/matrix"/>
      <channel source="#Bone38_matrix-sampler" target="Bone38/matrix"/>
      <channel source="#Bone39_matrix-sampler" target="Bone39/matrix"/>
    </animation>
  </library_animations>
  <scene>
    <instance_visual_scene url="#Scene" />
  </scene>
</COLLADA>
