<?xml version="1.0" encoding="UTF-8" standalone="no" ?>
<COLLADA xmlns="http://www.collada.org/2005/11/COLLADASchema" version="1.4.1">
  <asset>
    <contributor>
      <author>Assimp</author>
      <authoring_tool>Assimp Exporter</authoring_tool>
    </contributor>
    <created>2025-07-05T21:14:31</created>
    <modified>2025-07-05T21:14:31</modified>
    <unit name="meter" meter="1" />
    <up_axis>Y_UP</up_axis>
  </asset>
  <library_effects>
    <effect id="SkeletonMaterial-fx" name="SkeletonMaterial">
      <profile_COMMON>
        <technique sid="standard">
          <phong>
          </phong>
        </technique>
      </profile_COMMON>
    </effect>
  </library_effects>
  <library_materials>
    <material id="SkeletonMaterial" name="SkeletonMaterial">
      <instance_effect url="#SkeletonMaterial-fx"/>
    </material>
  </library_materials>
  <library_geometries>
    <geometry id="mesh_0" name="" >
      <mesh>
        <source id="mesh_0-positions" name="mesh_0-positions">
          <float_array id="mesh_0-positions-array" count="3348"> 3.24203873 -339.303711 -8.46118641 3.24172521 -296.913422 -4.22206593 7.48074913 -339.303711 -4.22183609 7.48074913 -339.303711 -4.22183609 3.24172521 -296.913422 -4.22206593 3.24139929 -339.303711 0.0168743134 3.24139929 -339.303711 0.0168743134 3.24172521 -296.913422 -4.22206593 -0.997311354 -339.303711 -4.22247601 -0.997311354 -339.303711 -4.22247601 3.24172521 -296.913422 -4.22206593 3.24203873 -339.303711 -8.46118641 3.24139929 -339.303711 0.0168743134 3.24171281 -381.694 -4.22218609 7.48074913 -339.303711 -4.22183609 7.48074913 -339.303711 -4.22183609 3.24171281 -381.694 -4.22218609 3.24203873 -339.303711 -8.46118641 3.24203873 -339.303711 -8.46118641 3.24171281 -381.694 -4.22218609 -0.997311354 -339.303711 -4.22247601 -0.997311354 -339.303711 -4.22247601 3.24171281 -381.694 -4.22218609 3.24139929 -339.303711 0.0168743134 3.24171853 -344.779449 -4.22215605 -51.5155678 -339.303711 -4.28387117 3.24789047 -339.303711 -9.69788551 3.24789047 -339.303711 -9.69788551 -51.5155678 -339.303711 -4.28387117 3.24171948 -333.827972 -4.22215605 3.24171948 -333.827972 -4.22215605 -51.5155678 -339.303711 -4.28387117 3.23554754 -339.303711 1.25357294 3.23554754 -339.303711 1.25357294 -51.5155678 -339.303711 -4.28387117 3.24171853 -344.779449 -4.22215605 -240.426788 -94.1950531 -202.349014 -112.554726 -82.9995499 -306.219055 -225.981598 -105.919876 -188.428604 -225.981598 -105.919876 -188.428604 -112.554726 -82.9995499 -306.219055 -218.349548 -85.8836517 -179.472366 -218.349548 -85.8836517 -179.472366 -112.554726 -82.9995499 -306.219055 -232.794739 -74.1588287 -193.392776 -232.794739 -74.1588287 -193.392776 -112.554726 -82.9995499 -306.219055 -240.426788 -94.1950531 -202.349014 -86.3505249 -90.6571121 -170.155136 -71.3749924 -60.8437271 -195.378403 -85.206131 -96.8731995 -211.499634 -71.3749924 -60.8437271 -195.378403 -44.2840576 -88.2318192 -211.666153 -85.206131 -96.8731995 -211.499634 -44.2840576 -88.2318192 -211.666153 -59.2595863 -118.045204 -186.442886 -85.206131 -96.8731995 -211.499634 -59.2595863 -118.045204 -186.442886 -86.3505249 -90.6571121 -170.155136 -85.206131 -96.8731995 -211.499634 -86.3505249 -90.6571121 -170.155136 -45.4284477 -82.0157318 -170.321655 -71.3749924 -60.8437271 -195.378403 -71.3749924 -60.8437271 -195.378403 -45.4284477 -82.0157318 -170.321655 -44.2840576 -88.2318192 -211.666153 -44.2840576 -88.2318192 -211.666153 -45.4284477 -82.0157318 -170.321655 -59.2595863 -118.045204 -186.442886 -59.2595863 -118.045204 -186.442886 -45.4284477 -82.0157318 -170.321655 -86.3505249 -90.6571121 -170.155136 -204.021591 -86.4603119 235.952789 -62.8591156 -73.2926636 320.601318 -197.941254 -66.4208374 225.884918 -197.941254 -66.4208374 225.884918 -62.8591156 -73.2926636 320.601318 -185.491165 -78.1133423 210.130768 -185.491165 -78.1133423 210.130768 -62.8591156 -73.2926636 320.601318 -191.571503 -98.1528168 220.198639 -191.571503 -98.1528168 220.198639 -62.8591156 -73.2926636 320.601318 -204.021591 -86.4603119 235.952789 -54.410923 -83.3395844 205.481049 -25.0065098 -110.355659 217.924103 -47.3620872 -89.2511826 246.281586 -25.0065098 -110.355659 217.924103 -6.91968918 -80.2246857 240.602478 -47.3620872 -89.2511826 246.281586 -6.91968918 -80.2246857 240.602478 -36.3241043 -53.2086105 228.159424 -47.3620872 -89.2511826 246.281586 -36.3241043 -53.2086105 228.159424 -54.410923 -83.3395844 205.481049 -47.3620872 -89.2511826 246.281586 -54.410923 -83.3395844 205.481049 -13.9685249 -74.3130875 199.801941 -25.0065098 -110.355659 217.924103 -25.0065098 -110.355659 217.924103 -13.9685249 -74.3130875 199.801941 -6.91968918 -80.2246857 240.602478 -6.91968918 -80.2246857 240.602478 -13.9685249 -74.3130875 199.801941 -36.3241043 -53.2086105 228.159424 -36.3241043 -53.2086105 228.159424 -13.9685249 -74.3130875 199.801941 -54.410923 -83.3395844 205.481049 118.386253 -340.833496 -4.22034502 44.7661209 -346.407837 -4.30642653 117.113899 -333.598083 -11.5668278 117.113899 -333.598083 -11.5668278 44.7661209 -346.407837 -4.30642653 115.824593 -326.365601 -4.22041845 115.824593 -326.365601 -4.22041845 44.7661209 -346.407837 -4.30642653 117.096947 -333.601013 3.12606478 117.096947 -333.601013 3.12606478 44.7661209 -346.407837 -4.30642653 118.386253 -340.833496 -4.22034502 140.275803 -357.528534 -4.22079325 37.9141998 -350.073273 -4.28465462 140.006851 -347.319794 -14.4331741 140.006851 -347.319794 -14.4331741 37.9141998 -350.073273 -4.28465462 139.725143 -337.111298 -4.22087145 139.725143 -337.111298 -4.22087145 37.9141998 -350.073273 -4.28465462 139.994095 -347.320038 5.99150991 139.994095 -347.320038 5.99150991 37.9141998 -350.073273 -4.28465462 140.275803 -357.528534 -4.22079325 139.756744 -338.283752 -3.93117166 91.7964249 -351.070221 72.2113037 147.649002 -347.268311 0.605455875 147.649002 -347.268311 0.605455875 91.7964249 -351.070221 72.2113037 140.244202 -356.356079 -4.5104928 140.244202 -356.356079 -4.5104928 91.7964249 -351.070221 72.2113037 132.351944 -347.371521 -9.04712105 132.351944 -347.371521 -9.04712105 91.7964249 -351.070221 72.2113037 139.756744 -338.283752 -3.93117166 185.171417 -372.068146 -4.22080421 115.356155 -355.743134 -4.23053122 186.097473 -364.994263 -11.3551006 186.097473 -364.994263 -11.3551006 115.356155 -355.743134 -4.23053122 187.021606 -357.920074 -4.22085857 187.021606 -357.920074 -4.22085857 115.356155 -355.743134 -4.23053122 186.095551 -364.993958 2.91343832 186.095551 -364.993958 2.91343832 115.356155 -355.743134 -4.23053122 185.171417 -372.068146 -4.22080421 478.164154 -48.4671364 -8.75585842 444.067566 -18.5560665 -4.21275759 481.15564 -45.058197 -4.21974277 481.15564 -45.058197 -4.21974277 444.067566 -18.5560665 -4.21275759 478.164764 -48.4686317 0.315668106 478.164764 -48.4686317 0.315668106 444.067566 -18.5560665 -4.21275759 475.173279 -51.8775711 -4.22044754 475.173279 -51.8775711 -4.22044754 444.067566 -18.5560665 -4.21275759 478.164154 -48.4671364 -8.75585842 478.163635 -48.4676208 0.315668106 512.26123 -78.3798141 -4.21208763 481.15564 -45.0582047 -4.21974277 481.15564 -45.0582047 -4.21974277 512.26123 -78.3798141 -4.21208763 478.165283 -48.4681473 -8.75585842 478.165283 -48.4681473 -8.75585842 512.26123 -78.3798141 -4.21208763 475.173279 -51.8775635 -4.22044754 475.173279 -51.8775635 -4.22044754 512.26123 -78.3798141 -4.21208763 478.163635 -48.4676208 0.315668106 478.891998 -49.1061287 -4.22009087 471.781982 -55.7433167 -4.22086239 478.16452 -48.4678307 -5.18791628 478.16452 -48.4678307 -5.18791628 471.781982 -55.7433167 -4.22086239 477.43692 -47.8296394 -4.22009945 477.43692 -47.8296394 -4.22009945 471.781982 -55.7433167 -4.22086239 478.164398 -48.4679375 -3.25227404 478.164398 -48.4679375 -3.25227404 471.781982 -55.7433167 -4.22086239 478.891998 -49.1061287 -4.22009087 -230.445633 -113.633827 461.8573 -139.660675 -58.6456871 445.181396 -236.292328 -105.290161 450.686462 -236.292328 -105.290161 450.686462 -139.660675 -58.6456871 445.181396 -230.93779 -115.130867 440.533752 -230.93779 -115.130867 440.533752 -139.660675 -58.6456871 445.181396 -225.091095 -123.474533 451.70459 -225.091095 -123.474533 451.70459 -139.660675 -58.6456871 445.181396 -230.445633 -113.633827 461.8573 -222.068741 -393.369446 158.787354 -16.3192902 -395.67218 157.508392 -219.663376 -366.982941 170.465515 -219.663376 -366.982941 170.465515 -16.3192902 -395.67218 157.508392 -217.661392 -355.445129 143.983765 -217.661392 -355.445129 143.983765 -16.3192902 -395.67218 157.508392 -220.066757 -381.831635 132.305603 -220.066757 -381.831635 132.305603 -16.3192902 -395.67218 157.508392 -222.068741 -393.369446 158.787354 -98.1276398 -341.657501 160.826752 157.593445 -400.730835 159.195389 -87.92276 -309.438782 175.722565 -87.92276 -309.438782 175.722565 157.593445 -400.730835 159.195389 -82.2766724 -295.610321 141.944366 -82.2766724 -295.610321 141.944366 157.593445 -400.730835 159.195389 -92.4815521 -327.829041 127.048553 -92.4815521 -327.829041 127.048553 157.593445 -400.730835 159.195389 -98.1276398 -341.657501 160.826752 -25.0816612 230.027939 13.9072971 19.1759453 311.386383 -6.95800543 -31.1315689 231.380829 2.07304955 -31.1315689 231.380829 2.07304955 19.1759453 311.386383 -6.95800543 -20.8170738 225.337296 -3.89083147 -20.8170738 225.337296 -3.89083147 19.1759453 311.386383 -6.95800543 -14.7671671 223.984406 7.94341564 -14.7671671 223.984406 7.94341564 19.1759453 311.386383 -6.95800543 -25.0816612 230.027939 13.9072971 -28.8530483 231.302597 -1.65725327 42.8472939 294.146576 -17.1723804 -19.1756554 221.757446 -1.55209732 -19.1756554 221.757446 -1.55209732 42.8472939 294.146576 -17.1723804 -17.0456867 224.062637 11.6737185 -17.0456867 224.062637 11.6737185 42.8472939 294.146576 -17.1723804 -26.7230797 233.607788 11.5685625 -26.7230797 233.607788 11.5685625 42.8472939 294.146576 -17.1723804 -28.8530483 231.302597 -1.65725327 -21.0225468 226.457855 6.7121315 -18.6953087 252.614746 18.118803 -25.0042 227.050323 6.8774066 -25.0042 227.050323 6.8774066 -18.6953087 252.614746 18.118803 -24.8761883 228.907379 3.30433369 -24.8761883 228.907379 3.30433369 -18.6953087 252.614746 18.118803 -20.8945351 228.314911 3.13905859 -20.8945351 228.314911 3.13905859 -18.6953087 252.614746 18.118803 -21.0225468 226.457855 6.7121315 170.597961 213.444977 -26.3042259 226.436646 237.260406 -44.4876137 171.294479 208.072998 -33.3877983 171.294479 208.072998 -33.3877983 226.436646 237.260406 -44.4876137 176.05011 202.294922 -28.5382614 176.05011 202.294922 -28.5382614 226.436646 237.260406 -44.4876137 175.353592 207.666901 -21.4546909 175.353592 207.666901 -21.4546909 226.436646 237.260406 -44.4876137 170.597961 213.444977 -26.3042259 127.868759 265.249084 -26.384922 165.4897 307.158478 -43.2541542 130.559738 261.004822 -32.9565697 130.559738 261.004822 -32.9565697 165.4897 307.158478 -43.2541542 136.823135 258.009827 -28.4575119 136.823135 258.009827 -28.4575119 165.4897 307.158478 -43.2541542 134.132156 262.254089 -21.8858643 134.132156 262.254089 -21.8858643 165.4897 307.158478 -43.2541542 127.868759 265.249084 -26.384922 80.7925873 282.318756 -24.5713921 85.8162918 294.39801 -17.457695 73.3437576 295.175537 -25.5559998 85.8162918 294.39801 -17.457695 85.7193604 301.984467 -30.2712631 73.3437576 295.175537 -25.5559998 85.7193604 301.984467 -30.2712631 80.6956558 289.905212 -37.3849602 73.3437576 295.175537 -25.5559998 80.6956558 289.905212 -37.3849602 80.7925873 282.318756 -24.5713921 73.3437576 295.175537 -25.5559998 80.7925873 282.318756 -24.5713921 93.16819 289.127686 -29.2866554 85.8162918 294.39801 -17.457695 85.8162918 294.39801 -17.457695 93.16819 289.127686 -29.2866554 85.7193604 301.984467 -30.2712631 85.7193604 301.984467 -30.2712631 93.16819 289.127686 -29.2866554 80.6956558 289.905212 -37.3849602 80.6956558 289.905212 -37.3849602 93.16819 289.127686 -29.2866554 80.7925873 282.318756 -24.5713921 28.4727421 207.781433 -7.10330153 54.4776115 252.931625 0.932226658 34.6841888 205.397461 -10.3852949 34.6841888 205.397461 -10.3852949 54.4776115 252.931625 0.932226658 37.3594131 203.292969 -3.79354525 37.3594131 203.292969 -3.79354525 54.4776115 252.931625 0.932226658 31.1479645 205.676941 -0.511551857 31.1479645 205.676941 -0.511551857 54.4776115 252.931625 0.932226658 28.4727421 207.781433 -7.10330153 28.3700562 208.220291 -6.98629761 41.2670326 254.890625 0.48107338 34.5130501 207.519928 -10.0362282 34.5130501 207.519928 -10.0362282 41.2670326 254.890625 0.48107338 37.4094315 206.248611 -3.910568 37.4094315 206.248611 -3.910568 41.2670326 254.890625 0.48107338 31.2664356 206.948975 -0.860637188 31.2664356 206.948975 -0.860637188 41.2670326 254.890625 0.48107338 28.3700562 208.220291 -6.98629761 132.051056 183.057159 -6.51567554 132.842316 191.206131 2.80966568 128.429459 194.803864 -8.21652412 132.842316 191.206131 2.80966568 139.539673 198.784576 -4.38105869 128.429459 194.803864 -8.21652412 139.539673 198.784576 -4.38105869 138.748413 190.635605 -13.7063999 128.429459 194.803864 -8.21652412 138.748413 190.635605 -13.7063999 132.051056 183.057159 -6.51567554 128.429459 194.803864 -8.21652412 132.051056 183.057159 -6.51567554 143.16127 187.037872 -2.68020988 132.842316 191.206131 2.80966568 132.842316 191.206131 2.80966568 143.16127 187.037872 -2.68020988 139.539673 198.784576 -4.38105869 139.539673 198.784576 -4.38105869 143.16127 187.037872 -2.68020988 138.748413 190.635605 -13.7063999 138.748413 190.635605 -13.7063999 143.16127 187.037872 -2.68020988 132.051056 183.057159 -6.51567554 -97.7400589 59.7906418 -200.39743 -82.8320999 69.2978516 -192.692337 -99.1898346 62.0235367 -199.869507 -99.1898346 62.0235367 -199.869507 -82.8320999 69.2978516 -192.692337 -98.402504 63.0942459 -202.235962 -98.402504 63.0942459 -202.235962 -82.8320999 69.2978516 -192.692337 -96.9527283 60.861351 -202.763885 -96.9527283 60.861351 -202.763885 -82.8320999 69.2978516 -192.692337 -97.7400589 59.7906418 -200.39743 -115.62159 63.3929062 -199.056885 -74.8145676 82.2863312 -188.367371 -118.180557 69.1733856 -197.526062 -118.180557 69.1733856 -197.526062 -74.8145676 82.2863312 -188.367371 -117.050697 71.2759018 -203.576569 -117.050697 71.2759018 -203.576569 -74.8145676 82.2863312 -188.367371 -114.49173 65.4954224 -205.107391 -114.49173 65.4954224 -205.107391 -74.8145676 82.2863312 -188.367371 -115.62159 63.3929062 -199.056885 -151.260239 94.5457153 -195.359787 -149.424988 89.205986 -205.615982 -157.463943 97.6765671 -204.782227 -149.424988 89.205986 -205.615982 -160.810043 86.5568237 -206.273972 -157.463943 97.6765671 -204.782227 -160.810043 86.5568237 -206.273972 -162.645294 91.896553 -196.017776 -157.463943 97.6765671 -204.782227 -162.645294 91.896553 -196.017776 -151.260239 94.5457153 -195.359787 -157.463943 97.6765671 -204.782227 -151.260239 94.5457153 -195.359787 -154.606339 83.425972 -196.851532 -149.424988 89.205986 -205.615982 -149.424988 89.205986 -205.615982 -154.606339 83.425972 -196.851532 -160.810043 86.5568237 -206.273972 -160.810043 86.5568237 -206.273972 -154.606339 83.425972 -196.851532 -162.645294 91.896553 -196.017776 -162.645294 91.896553 -196.017776 -154.606339 83.425972 -196.851532 -151.260239 94.5457153 -195.359787 -226.030655 -120.806915 -462.257416 -135.237015 -65.8327179 -445.582916 -220.677277 -130.648697 -452.105133 -220.677277 -130.648697 -452.105133 -135.237015 -65.8327179 -445.582916 -226.522385 -122.304443 -440.933929 -226.522385 -122.304443 -440.933929 -135.237015 -65.8327179 -445.582916 -231.875763 -112.462669 -451.086212 -231.875763 -112.462669 -451.086212 -135.237015 -65.8327179 -445.582916 -226.030655 -120.806915 -462.257416 -248.064972 -344.861877 -208.036896 -44.9798279 -371.515717 -188.395813 -247.38501 -335.280121 -180.721344 -247.38501 -335.280121 -180.721344 -44.9798279 -371.515717 -188.395813 -240.914795 -308.698608 -190.206665 -240.914795 -308.698608 -190.206665 -44.9798279 -371.515717 -188.395813 -241.594757 -318.280365 -217.522217 -241.594757 -318.280365 -217.522217 -44.9798279 -371.515717 -188.395813 -248.064972 -344.861877 -208.036896 -123.386589 -277.030945 -210.493256 119.094948 -374.296875 -185.440491 -119.511139 -265.40744 -175.651505 -119.511139 -265.40744 -175.651505 119.094948 -374.296875 -185.440491 -103.096245 -234.613907 -187.750305 -103.096245 -234.613907 -187.750305 119.094948 -374.296875 -185.440491 -106.971695 -246.237396 -222.592056 -106.971695 -246.237396 -222.592056 119.094948 -374.296875 -185.440491 -123.386589 -277.030945 -210.493256 -28.829586 184.377853 51.3667336 35.4949875 251.527237 43.5433846 -18.7639008 176.30275 53.7974625 -18.7639008 176.30275 53.7974625 35.4949875 251.527237 43.5433846 -19.2460556 179.530472 66.5168533 -19.2460556 179.530472 66.5168533 35.4949875 251.527237 43.5433846 -29.3117409 187.605576 64.0861206 -29.3117409 187.605576 64.0861206 35.4949875 251.527237 43.5433846 -28.829586 184.377853 51.3667336 -28.9604855 185.383102 66.1240082 9.98257256 267.36618 41.4816895 -31.2328243 183.646713 53.202301 -31.2328243 183.646713 53.202301 9.98257256 267.36618 41.4816895 -19.1151562 178.525223 51.7595749 -19.1151562 178.525223 51.7595749 9.98257256 267.36618 41.4816895 -16.8428173 180.261612 64.681282 -16.8428173 180.261612 64.681282 9.98257256 267.36618 41.4816895 -28.9604855 185.383102 66.1240082 -22.7716465 181.063568 56.9569473 -2.28991508 187.719528 70.2283173 -23.9825363 179.671524 60.0012741 -23.9825363 179.671524 60.0012741 -2.28991508 187.719528 70.2283173 -25.3039951 182.844757 60.9266357 -25.3039951 182.844757 60.9266357 -2.28991508 187.719528 70.2283173 -24.0931053 184.236801 57.882309 -24.0931053 184.236801 57.882309 -2.28991508 187.719528 70.2283173 -22.7716465 181.063568 56.9569473 165.563553 147.852463 104.575241 224.983734 160.587128 122.542816 169.175293 141.748169 99.1703339 169.175293 141.748169 99.1703339 224.983734 160.587128 122.542816 169.103958 135.813248 105.825546 169.103958 135.813248 105.825546 224.983734 160.587128 122.542816 165.492218 141.917542 111.230453 165.492218 141.917542 111.230453 224.983734 160.587128 122.542816 165.563553 147.852463 104.575241 164.944077 196.988037 104.620483 212.179703 227.765442 121.289536 170.101059 192.900986 99.6061783 170.101059 192.900986 99.6061783 212.179703 227.765442 121.289536 172.011612 187.736664 105.780426 172.011612 187.736664 105.780426 212.179703 227.765442 121.289536 166.85463 191.823715 110.794731 166.85463 191.823715 110.794731 212.179703 227.765442 121.289536 164.944077 196.988037 104.620483 207.457977 195.446716 102.304367 212.063507 201.141464 115.270111 208.063507 210.210007 104.156456 212.063507 201.141464 115.270111 222.383362 209.128387 108.096451 208.063507 210.210007 104.156456 222.383362 209.128387 108.096451 217.777832 203.43364 95.1307068 208.063507 210.210007 104.156456 217.777832 203.43364 95.1307068 207.457977 195.446716 102.304367 208.063507 210.210007 104.156456 207.457977 195.446716 102.304367 221.777832 194.365097 106.244362 212.063507 201.141464 115.270111 212.063507 201.141464 115.270111 221.777832 194.365097 106.244362 222.383362 209.128387 108.096451 222.383362 209.128387 108.096451 221.777832 194.365097 106.244362 217.777832 203.43364 95.1307068 217.777832 203.43364 95.1307068 221.777832 194.365097 106.244362 207.457977 195.446716 102.304367 157.008621 168.74762 19.6118546 197.418625 195.171249 -1.55856323 157.466217 164.328903 13.6702728 157.466217 164.328903 13.6702728 197.418625 195.171249 -1.55856323 162.618362 160.243347 17.1054688 162.618362 160.243347 17.1054688 197.418625 195.171249 -1.55856323 162.160767 164.662064 23.0470505 162.160767 164.662064 23.0470505 197.418625 195.171249 -1.55856323 157.008621 168.74762 19.6118546 214.624847 163.301926 19.2409897 243.550842 181.153687 4.3368721 214.865509 160.183746 15.0580616 214.865509 160.183746 15.0580616 243.550842 181.153687 4.3368721 218.416168 157.213577 17.4764709 218.416168 157.213577 17.4764709 243.550842 181.153687 4.3368721 218.175507 160.331757 21.659399 218.175507 160.331757 21.659399 243.550842 181.153687 4.3368721 214.624847 163.301926 19.2409897 299.349243 20.6307411 20.8826866 308.065735 19.7789764 24.2999458 305.476562 27.6989937 19.9468117 308.065735 19.7789764 24.2999458 311.587524 21.8570862 15.8348045 305.476562 27.6989937 19.9468117 311.587524 21.8570862 15.8348045 302.871033 22.7088509 12.4175453 305.476562 27.6989937 19.9468117 302.871033 22.7088509 12.4175453 299.349243 20.6307411 20.8826866 305.476562 27.6989937 19.9468117 299.349243 20.6307411 20.8826866 305.460205 14.7888327 16.7706795 308.065735 19.7789764 24.2999458 308.065735 19.7789764 24.2999458 305.460205 14.7888327 16.7706795 311.587524 21.8570862 15.8348045 311.587524 21.8570862 15.8348045 305.460205 14.7888327 16.7706795 302.871033 22.7088509 12.4175453 302.871033 22.7088509 12.4175453 305.460205 14.7888327 16.7706795 299.349243 20.6307411 20.8826866 -137.05545 15.3707008 131.715546 -144.453308 24.8345337 138.924057 -136.461639 14.7020235 133.472397 -136.461639 14.7020235 133.472397 -144.453308 24.8345337 138.924057 -138.069092 13.5662384 133.583405 -138.069092 13.5662384 133.583405 -144.453308 24.8345337 138.924057 -138.662903 14.2349157 131.826553 -138.662903 14.2349157 131.826553 -144.453308 24.8345337 138.924057 -137.05545 15.3707008 131.715546 -123.277267 21.6247177 131.658676 -141.025574 56.2308044 157.594284 -120.454407 19.5304546 137.21904 -120.454407 19.5304546 137.21904 -141.025574 56.2308044 157.594284 -125.923203 16.2079887 138.744034 -125.923203 16.2079887 138.744034 -141.025574 56.2308044 157.594284 -128.746063 18.3022518 133.18367 -128.746063 18.3022518 133.18367 -141.025574 56.2308044 157.594284 -123.277267 21.6247177 131.658676 -77.9852829 31.9674358 147.691086 -81.7695618 37.6622849 157.358017 -89.2078323 30.7516365 151.265671 -81.7695618 37.6622849 157.358017 -90.5465622 42.5146523 151.063553 -89.2078323 30.7516365 151.265671 -90.5465622 42.5146523 151.063553 -86.7622833 36.8198013 141.396622 -89.2078323 30.7516365 151.265671 -86.7622833 36.8198013 141.396622 -77.9852829 31.9674358 147.691086 -89.2078323 30.7516365 151.265671 -77.9852829 31.9674358 147.691086 -79.3240128 43.7304497 147.488968 -81.7695618 37.6622849 157.358017 -81.7695618 37.6622849 157.358017 -79.3240128 43.7304497 147.488968 -90.5465622 42.5146523 151.063553 -90.5465622 42.5146523 151.063553 -79.3240128 43.7304497 147.488968 -86.7622833 36.8198013 141.396622 -86.7622833 36.8198013 141.396622 -79.3240128 43.7304497 147.488968 -77.9852829 31.9674358 147.691086 394.375641 -316.938751 -22.2895355 261.369324 -153.182617 -212.005707 412.674438 -283.488312 -10.446373 412.674438 -283.488312 -10.446373 261.369324 -153.182617 -212.005707 382.057648 -275.341522 13.8493462 382.057648 -275.341522 13.8493462 261.369324 -153.182617 -212.005707 363.75885 -308.791962 2.0061841 363.75885 -308.791962 2.0061841 261.369324 -153.182617 -212.005707 394.375641 -316.938751 -22.2895355 394.417755 -317.091492 16.0511417 364.726379 -506.304718 -214.250198 417.274597 -293.367981 -10.2439413 417.274597 -293.367981 -10.2439413 364.726379 -506.304718 -214.250198 382.015533 -275.188782 -24.4913311 382.015533 -275.188782 -24.4913311 364.726379 -506.304718 -214.250198 359.158691 -298.912292 1.8037529 359.158691 -298.912292 1.8037529 364.726379 -506.304718 -214.250198 394.417755 -317.091492 16.0511417 379.023621 -265.089722 0.941376209 85.0485229 -397.946045 68.2552109 396.681824 -298.880249 27.3411713 396.681824 -298.880249 27.3411713 85.0485229 -397.946045 68.2552109 397.409668 -327.190552 -9.38156509 397.409668 -327.190552 -9.38156509 85.0485229 -397.946045 68.2552109 379.751465 -293.400024 -35.7813606 379.751465 -293.400024 -35.7813606 85.0485229 -397.946045 68.2552109 379.023621 -265.089722 0.941376209 -357.277679 -260.192474 -36.3896484 -353.144104 -257.681702 -37.3742943 -356.902832 -260.763245 -36.5164261 -356.902832 -260.763245 -36.5164261 -353.144104 -257.681702 -37.3742943 -356.685211 -260.766815 -35.8568802 -356.685211 -260.766815 -35.8568802 -353.144104 -257.681702 -37.3742943 -357.060059 -260.196045 -35.7301025 -357.060059 -260.196045 -35.7301025 -353.144104 -257.681702 -37.3742943 -357.277679 -260.192474 -36.3896484 -6.23398304 -328.046783 295.623596 109.796898 -361.475708 325.187714 -10.9826574 -335.966339 310.48172 -10.9826574 -335.966339 310.48172 109.796898 -361.475708 325.187714 -7.69252586 -321.262665 319.370483 -7.69252586 -321.262665 319.370483 109.796898 -361.475708 325.187714 -2.94385147 -313.343109 304.51236 -2.94385147 -313.343109 304.51236 109.796898 -361.475708 325.187714 -6.23398304 -328.046783 295.623596 188.548401 -161.582535 295.984314 288.440399 -74.349411 310.101929 194.249786 -168.743958 312.368225 194.249786 -168.743958 312.368225 288.440399 -74.349411 310.101929 183.74118 -156.172623 321.52002 183.74118 -156.172623 321.52002 288.440399 -74.349411 310.101929 178.039795 -149.0112 305.136108 178.039795 -149.0112 305.136108 288.440399 -74.349411 310.101929 188.548401 -161.582535 295.984314 314.310303 29.9247551 307.119141 310.152496 73.3050079 307.043121 316.869629 30.6131992 312.649292 316.869629 30.6131992 312.649292 310.152496 73.3050079 307.043121 311.309448 30.5182686 315.234314 311.309448 30.5182686 315.234314 310.152496 73.3050079 307.043121 308.750122 29.8298244 309.704163 308.750122 29.8298244 309.704163 310.152496 73.3050079 307.043121 314.310303 29.9247551 307.119141 355.001465 45.0520325 303.464111 340.840515 109.079102 299.070221 359.446106 47.2389412 311.273926 359.446106 47.2389412 311.273926 340.840515 109.079102 299.070221 351.528503 46.479538 315.992554 351.528503 46.479538 315.992554 340.840515 109.079102 299.070221 347.083862 44.2926292 308.182739 347.083862 44.2926292 308.182739 340.840515 109.079102 299.070221 355.001465 45.0520325 303.464111 421.682983 49.6938362 312.214294 427.398773 65.3274765 312.017426 413.916748 61.5068626 321.003906 427.398773 65.3274765 312.017426 412.401794 70.7503815 307.24231 413.916748 61.5068626 321.003906 412.401794 70.7503815 307.24231 406.686005 55.1167412 307.439178 413.916748 61.5068626 321.003906 406.686005 55.1167412 307.439178 421.682983 49.6938362 312.214294 413.916748 61.5068626 321.003906 421.682983 49.6938362 312.214294 420.16803 58.9373512 298.452698 427.398773 65.3274765 312.017426 427.398773 65.3274765 312.017426 420.16803 58.9373512 298.452698 412.401794 70.7503815 307.24231 412.401794 70.7503815 307.24231 420.16803 58.9373512 298.452698 406.686005 55.1167412 307.439178 406.686005 55.1167412 307.439178 420.16803 58.9373512 298.452698 421.682983 49.6938362 312.214294 7.72826242 156.077942 119.774994 6.4418745 155.826492 121.44249 7.9305582 155.927902 119.935135 7.9305582 155.927902 119.935135 6.4418745 155.826492 121.44249 7.81778479 155.669983 119.835953 7.81778479 155.669983 119.835953 6.4418745 155.826492 121.44249 7.61548901 155.820023 119.675812 7.61548901 155.820023 119.675812 6.4418745 155.826492 121.44249 7.72826242 156.077942 119.774994 -113.936195 87.6381073 -121.229485 -230.035492 99.5780869 -66.8228378 -120.998161 96.6677017 -135.263199 -120.998161 96.6677017 -135.263199 -230.035492 99.5780869 -66.8228378 -117.001945 112.377975 -127.16581 -117.001945 112.377975 -127.16581 -230.035492 99.5780869 -66.8228378 -109.93998 103.348381 -113.132095 -109.93998 103.348381 -113.132095 -230.035492 99.5780869 -66.8228378 -113.936195 87.6381073 -121.229485 -101.358353 245.486618 -121.454109 -215.422638 277.166779 -128.813309 -99.3003387 253.991623 -135.667221 -99.3003387 253.991623 -135.667221 -215.422638 277.166779 -128.813309 -97.1770477 268.060394 -126.941139 -97.1770477 268.060394 -126.941139 -215.422638 277.166779 -128.813309 -99.2350616 259.555389 -112.728027 -99.2350616 259.555389 -112.728027 -215.422638 277.166779 -128.813309 -101.358353 245.486618 -121.454109 -84.0280685 362.728363 -122.906227 -129.124771 387.181396 -155.114792 -78.9491272 365.144501 -129.311005 -78.9491272 365.144501 -129.311005 -129.124771 387.181396 -155.114792 -78.1222763 372.844757 -125.750511 -78.1222763 372.844757 -125.750511 -129.124771 387.181396 -155.114792 -83.2012177 370.428619 -119.345726 -83.2012177 370.428619 -119.345726 -129.124771 387.181396 -155.114792 -84.0280685 362.728363 -122.906227 -107.220833 392.451141 -123.353958 -139.319748 411.662537 -155.716156 -102.344124 393.815704 -128.129486 -102.344124 393.815704 -128.129486 -139.319748 411.662537 -155.716156 -101.725807 400.289581 -125.648209 -101.725807 400.289581 -125.648209 -139.319748 411.662537 -155.716156 -106.602516 398.925018 -120.872673 -106.602516 398.925018 -120.872673 -139.319748 411.662537 -155.716156 -107.220833 392.451141 -123.353958 -157.59465 409.313812 -131.499557 -157.557098 412.783661 -119.460571 -147.439468 414.760101 -126.581367 -157.557098 412.783661 -119.460571 -147.149704 406.07193 -117.558601 -147.439468 414.760101 -126.581367 -147.149704 406.07193 -117.558601 -147.187256 402.602081 -129.59758 -147.439468 414.760101 -126.581367 -147.187256 402.602081 -129.59758 -157.59465 409.313812 -131.499557 -147.439468 414.760101 -126.581367 -157.59465 409.313812 -131.499557 -157.304886 400.625641 -122.476784 -157.557098 412.783661 -119.460571 -157.557098 412.783661 -119.460571 -157.304886 400.625641 -122.476784 -147.149704 406.07193 -117.558601 -147.149704 406.07193 -117.558601 -157.304886 400.625641 -122.476784 -147.187256 402.602081 -129.59758 -147.187256 402.602081 -129.59758 -157.304886 400.625641 -122.476784 -157.59465 409.313812 -131.499557 -157.925903 -26.6710262 -15.5517063 -162.240158 -31.6629181 -12.1573706 -158.548431 -26.8048534 -16.3791809 -158.548431 -26.8048534 -16.3791809 -162.240158 -31.6629181 -12.1573706 -159.206177 -26.0879421 -16.0002842 -159.206177 -26.0879421 -16.0002842 -162.240158 -31.6629181 -12.1573706 -158.583649 -25.9541149 -15.1728096 -158.583649 -25.9541149 -15.1728096 -162.240158 -31.6629181 -12.1573706 -157.925903 -26.6710262 -15.5517063 -152.871552 -28.2387085 -16.9297867 -159.128616 -10.0974264 114.480698 -170.34433 -34.7203941 -15.5381079 -170.34433 -34.7203941 -15.5381079 -159.128616 -10.0974264 114.480698 -176.92334 -17.2840195 -16.9296265 -176.92334 -17.2840195 -16.9296265 -159.128616 -10.0974264 114.480698 -159.450562 -10.8023348 -18.3213062 -159.450562 -10.8023348 -18.3213062 -159.128616 -10.0974264 114.480698 -152.871552 -28.2387085 -16.9297867 -88.374939 14.1426153 -16.9298 -122.706879 98.0317688 77.6240082 -98.7356491 1.81684113 -7.95964813 -98.7356491 1.81684113 -7.95964813 -122.706879 98.0317688 77.6240082 -113.668274 7.8408308 -16.9296436 -113.668274 7.8408308 -16.9296436 -122.706879 98.0317688 77.6240082 -103.307564 20.166605 -25.8997955 -103.307564 20.166605 -25.8997955 -122.706879 98.0317688 77.6240082 -88.374939 14.1426153 -16.9298 28.0909996 21.2238388 -16.9297714 -29.2720146 33.868763 5.31540298 28.2129135 14.5909557 -11.0890598 28.2129135 14.5909557 -11.0890598 -29.2720146 33.868763 5.31540298 24.1166496 9.37257957 -16.9297028 24.1166496 9.37257957 -16.9297028 -29.2720146 33.868763 5.31540298 23.9947357 16.0054626 -22.7704144 23.9947357 16.0054626 -22.7704144 -29.2720146 33.868763 5.31540298 28.0909996 21.2238388 -16.9297714 86.678772 44.0181885 -16.9297829 20.5640526 58.9918938 -6.50543499 85.4972534 37.2163658 -10.1852741 85.4972534 37.2163658 -10.1852741 20.5640526 58.9918938 -6.50543499 82.339035 31.0773602 -16.929718 82.339035 31.0773602 -16.929718 20.5640526 58.9918938 -6.50543499 83.5205536 37.8791847 -23.6742268 83.5205536 37.8791847 -23.6742268 20.5640526 58.9918938 -6.50543499 86.678772 44.0181885 -16.9297829 163.599594 44.0714607 -16.9288311 151.951981 47.9775963 -4.64555931 148.047089 36.3304787 -16.9296913 151.951981 47.9775963 -4.64555931 140.306107 51.8829918 -16.9307041 148.047089 36.3304787 -16.9296913 140.306107 51.8829918 -16.9307041 151.95372 47.9768562 -29.2139759 148.047089 36.3304787 -16.9296913 151.95372 47.9768562 -29.2139759 163.599594 44.0714607 -16.9288311 148.047089 36.3304787 -16.9296913 163.599594 44.0714607 -16.9288311 155.858612 59.6239738 -16.9298439 151.951981 47.9775963 -4.64555931 151.951981 47.9775963 -4.64555931 155.858612 59.6239738 -16.9298439 140.306107 51.8829918 -16.9307041 140.306107 51.8829918 -16.9307041 155.858612 59.6239738 -16.9298439 151.95372 47.9768562 -29.2139759 151.95372 47.9768562 -29.2139759 155.858612 59.6239738 -16.9298439 163.599594 44.0714607 -16.9288311 -301.179504 -54.1502876 -7.23592186 -298.700012 -65.557785 3.95583773 -303.086853 -55.2852058 -7.73878002 -303.086853 -55.2852058 -7.73878002 -298.700012 -65.557785 3.95583773 -304.19281 -54.1502113 -6.10551357 -304.19281 -54.1502113 -6.10551357 -298.700012 -65.557785 3.95583773 -302.285461 -53.0152931 -5.60265541 -302.285461 -53.0152931 -5.60265541 -298.700012 -65.557785 3.95583773 -301.179504 -54.1502876 -7.23592186 -330.605316 54.4255447 -2.68457556 -359.122772 -85.7244949 -47.6761551 -317.72818 45.6509628 11.5395441 -317.72818 45.6509628 11.5395441 -359.122772 -85.7244949 -47.6761551 -302.147003 45.4587784 -2.68468857 -302.147003 45.4587784 -2.68468857 -359.122772 -85.7244949 -47.6761551 -315.024139 54.2333603 -16.9088078 -315.024139 54.2333603 -16.9088078 -359.122772 -85.7244949 -47.6761551 -330.605316 54.4255447 -2.68457556 -447.008423 -100.444901 -2.68467259 -454.933472 -204.351562 21.4312401 -457.584839 -103.134346 -13.0509882 -457.584839 -103.134346 -13.0509882 -454.933472 -204.351562 21.4312401 -468.287476 -101.002274 -2.68459201 -468.287476 -101.002274 -2.68459201 -454.933472 -204.351562 21.4312401 -457.71106 -98.3128281 7.68172359 -457.71106 -98.3128281 7.68172359 -454.933472 -204.351562 21.4312401 -447.008423 -100.444901 -2.68467259 -567.037781 35.9018326 -4.71333981 -572.670837 -12.2335281 23.0342789 -574.404663 34.7044563 -7.17325211 -574.404663 34.7044563 -7.17325211 -572.670837 -12.2335281 23.0342789 -577.139221 38.1399078 -0.655924797 -577.139221 38.1399078 -0.655924797 -572.670837 -12.2335281 23.0342789 -569.772339 39.3372841 1.8039875 -569.772339 39.3372841 1.8039875 -572.670837 -12.2335281 23.0342789 -567.037781 35.9018326 -4.71333981 -573.913391 37.4251366 -2.68447876 -575.739258 20.5441322 -10.7194748 -572.262146 36.2363739 -0.996998191 -572.262146 36.2363739 -0.996998191 -575.739258 20.5441322 -10.7194748 -570.263611 36.6166039 -2.68478584 -570.263611 36.6166039 -2.68478584 -575.739258 20.5441322 -10.7194748 -571.914856 37.8053665 -4.37226629 -571.914856 37.8053665 -4.37226629 -575.739258 20.5441322 -10.7194748 -573.913391 37.4251366 -2.68447876 -567.028564 35.9000969 -0.863793969 -591.328003 -7.25279999 23.5281639 -571.155762 33.9685669 -7.15539408 -571.155762 33.9685669 -7.15539408 -591.328003 -7.25279999 23.5281639 -577.148438 38.1416435 -4.50547075 -577.148438 38.1416435 -4.50547075 -591.328003 -7.25279999 23.5281639 -573.02124 40.0731735 1.78612947 -573.02124 40.0731735 1.78612947 -591.328003 -7.25279999 23.5281639 -567.028564 35.9000969 -0.863793969 -617.306519 62.0718575 4.44649601 -613.964294 23.4707069 22.6708832 -623.264587 61.2221107 4.73534966 -623.264587 61.2221107 4.73534966 -613.964294 23.4707069 22.6708832 -623.302979 63.4006767 10.3528481 -623.302979 63.4006767 10.3528481 -613.964294 23.4707069 22.6708832 -617.34491 64.2504272 10.0639944 -617.34491 64.2504272 10.0639944 -613.964294 23.4707069 22.6708832 -617.306519 62.0718575 4.44649601 -659.999207 78.6090164 19.4618378 -648.424316 44.7663765 5.20901108 -659.810547 76.1979446 24.3101921 -659.810547 76.1979446 24.3101921 -648.424316 44.7663765 5.20901108 -654.542297 77.4005508 24.7032738 -654.542297 77.4005508 24.7032738 -648.424316 44.7663765 5.20901108 -654.730957 79.8116226 19.8549194 -654.730957 79.8116226 19.8549194 -648.424316 44.7663765 5.20901108 -659.999207 78.6090164 19.4618378 -689.2995 54.3962593 37.9091568 -687.807861 61.1295853 44.8047142 -694.540833 62.6206093 37.9086761 -687.807861 61.1295853 44.8047142 -686.316467 67.8619308 37.9081421 -694.540833 62.6206093 37.9086761 -686.316467 67.8619308 37.9081421 -687.808105 61.1286087 31.0125847 -694.540833 62.6206093 37.9086761 -687.808105 61.1286087 31.0125847 -689.2995 54.3962593 37.9091568 -694.540833 62.6206093 37.9086761 -689.2995 54.3962593 37.9091568 -681.075134 59.6375847 37.9086227 -687.807861 61.1295853 44.8047142 -687.807861 61.1295853 44.8047142 -681.075134 59.6375847 37.9086227 -686.316467 67.8619308 37.9081421 -686.316467 67.8619308 37.9081421 -681.075134 59.6375847 37.9086227 -687.808105 61.1286087 31.0125847 -687.808105 61.1286087 31.0125847 -681.075134 59.6375847 37.9086227 -689.2995 54.3962593 37.9091568 -592.835022 29.8422832 -2.68524718 -591.572083 17.2133083 -40.4538765 -589.781128 25.297327 -1.47957194 -589.781128 25.297327 -1.47957194 -591.572083 17.2133083 -40.4538765 -585.093445 28.1273022 -2.68527722 -585.093445 28.1273022 -2.68527722 -591.572083 17.2133083 -40.4538765 -588.147339 32.6722565 -3.89095259 -588.147339 32.6722565 -3.89095259 -591.572083 17.2133083 -40.4538765 -592.835022 29.8422832 -2.68524718 -602.561646 -15.7521553 -2.68473673 -601.018066 -8.78421116 4.45109081 -607.985596 -7.24123526 -2.68523526 -601.018066 -8.78421116 4.45109081 -599.474731 -1.81728172 -2.68578768 -607.985596 -7.24123526 -2.68523526 -599.474731 -1.81728172 -2.68578768 -601.018311 -8.78522587 -9.82161522 -607.985596 -7.24123526 -2.68523526 -601.018311 -8.78522587 -9.82161522 -602.561646 -15.7521553 -2.68473673 -607.985596 -7.24123526 -2.68523526 -602.561646 -15.7521553 -2.68473673 -594.050781 -10.3282013 -2.68528914 -601.018066 -8.78421116 4.45109081 -601.018066 -8.78421116 4.45109081 -594.050781 -10.3282013 -2.68528914 -599.474731 -1.81728172 -2.68578768 -599.474731 -1.81728172 -2.68578768 -594.050781 -10.3282013 -2.68528914 -601.018311 -8.78522587 -9.82161522 -601.018311 -8.78522587 -9.82161522 -594.050781 -10.3282013 -2.68528914 -602.561646 -15.7521553 -2.68473673 -616.398071 62.5482178 -9.22223854 -639.922729 30.7215233 3.37813759 -617.628357 60.7710419 -14.6525898 -617.628357 60.7710419 -14.6525898 -639.922729 30.7215233 3.37813759 -622.556519 63.9120941 -14.5639973 -622.556519 63.9120941 -14.5639973 -639.922729 30.7215233 3.37813759 -621.326233 65.68927 -9.13364601 -621.326233 65.68927 -9.13364601 -639.922729 30.7215233 3.37813759 -616.398071 62.5482178 -9.22223854 -658.871521 79.2148819 -21.5562553 -682.995361 46.6951447 -44.9109726 -653.714905 75.1812515 -22.1924686 -653.714905 75.1812515 -22.1924686 -682.995361 46.6951447 -44.9109726 -652.407898 77.7825089 -28.0908775 -652.407898 77.7825089 -28.0908775 -682.995361 46.6951447 -44.9109726 -657.564514 81.8161392 -27.4546642 -657.564514 81.8161392 -27.4546642 -682.995361 46.6951447 -44.9109726 -658.871521 79.2148819 -21.5562553 -694.41626 50.2346077 -44.6524467 -692.605347 58.4090767 -36.2810249 -700.779419 60.219223 -44.6530342 -692.605347 58.4090767 -36.2810249 -690.7948 66.5823593 -44.6536827 -700.779419 60.219223 -44.6530342 -690.7948 66.5823593 -44.6536827 -692.605713 58.4078865 -53.0251045 -700.779419 60.219223 -44.6530342 -692.605713 58.4078865 -53.0251045 -694.41626 50.2346077 -44.6524467 -700.779419 60.219223 -44.6530342 -694.41626 50.2346077 -44.6524467 -684.431641 56.5977402 -44.6530952 -692.605347 58.4090767 -36.2810249 -692.605347 58.4090767 -36.2810249 -684.431641 56.5977402 -44.6530952 -690.7948 66.5823593 -44.6536827 -690.7948 66.5823593 -44.6536827 -684.431641 56.5977402 -44.6530952 -692.605713 58.4078865 -53.0251045 -692.605713 58.4078865 -53.0251045 -684.431641 56.5977402 -44.6530952 -694.41626 50.2346077 -44.6524467 </float_array>
          <technique_common>
            <accessor count="1116" offset="0" source="#mesh_0-positions-array" stride="3">
              <param name="X" type="float" />
              <param name="Y" type="float" />
              <param name="Z" type="float" />
            </accessor>
          </technique_common>
        </source>
        <source id="mesh_0-normals" name="mesh_0-normals">
          <float_array id="mesh_0-normals-array" count="3348"> -179.707291 -17.9697342 179.680161 -179.707291 -17.9697342 179.680161 -179.707291 -17.9697342 179.680161 -179.680161 -17.9689713 -179.70726 -179.680161 -17.9689713 -179.70726 -179.680161 -17.9689713 -179.70726 179.707291 -17.9690208 -179.680161 179.707291 -17.9690208 -179.680161 179.707291 -17.9690208 -179.680161 179.680161 -17.9697857 179.707291 179.680161 -17.9697857 179.707291 179.680161 -17.9697857 179.707291 -179.680161 17.9695301 -179.70726 -179.680161 17.9695301 -179.70726 -179.680161 17.9695301 -179.70726 -179.707291 17.9692764 179.680161 -179.707291 17.9692764 179.680161 -179.707291 17.9692764 179.680161 179.680161 17.9692268 179.707291 179.680161 17.9692268 179.707291 179.680161 17.9692268 179.707291 179.707291 17.9694805 -179.680161 179.707291 17.9694805 -179.680161 179.707291 17.9694805 -179.680161 29.6457272 299.836456 299.870361 29.6457272 299.836456 299.870361 29.6457272 299.836456 299.870361 29.6457272 -299.836456 299.870392 29.6457272 -299.836456 299.870392 29.6457272 -299.836456 299.870392 30.3215961 -299.836426 -299.802795 30.3215961 -299.836426 -299.802795 30.3215961 -299.836426 -299.802795 30.3215961 299.836456 -299.802795 30.3215961 299.836456 -299.802795 30.3215961 299.836456 -299.802795 1062.01184 3280.4541 1660.99854 1062.01184 3280.4541 1660.99854 1062.01184 3280.4541 1660.99854 -2565.35571 1914.8606 -2097.71729 -2565.35571 1914.8606 -2097.71729 -2565.35571 1914.8606 -2097.71729 -1445.93469 -3303.5874 -1282.08691 -1445.93469 -3303.5874 -1282.08691 -1445.93469 -3303.5874 -1282.08691 2181.43286 -1937.9939 2476.62866 2181.43286 -1937.9939 2476.62866 2181.43286 -1937.9939 2476.62866 1389.40942 -590.290527 127.207474 1389.40942 -590.290527 127.207474 1389.40942 -590.290527 127.207474 145.309296 -662.017334 1354.88062 145.309296 -662.017334 1354.88062 145.309296 -662.017334 1354.88062 -212.999344 1029.6947 1090.61621 -212.999344 1029.6947 1090.61621 -212.999344 1029.6947 1090.61621 1031.10083 1101.42163 -137.056885 1031.10083 1101.42163 -137.056885 1031.10083 1101.42163 -137.056885 212.999344 -1029.69482 -1090.61633 212.999344 -1029.69482 -1090.61633 212.999344 -1029.69482 -1090.61633 -1031.10083 -1101.42163 137.056946 -1031.10083 -1101.42163 137.056946 -1031.10083 -1101.42163 137.056946 -1389.40942 590.290466 -127.207336 -1389.40942 590.290466 -127.207336 -1389.40942 590.290466 -127.207336 -145.309296 662.017456 -1354.88074 -145.309296 662.017456 -1354.88074 -145.309296 662.017456 -1354.88074 1828.8822 -1935.89722 -2748.75806 1828.8822 -1935.89722 -2748.75806 1828.8822 -1935.89722 -2748.75806 -1215.73169 -3307.33179 1493.8938 -1215.73169 -3307.33179 1493.8938 -1215.73169 -3307.33179 1493.8938 -2262.30566 1906.34192 2428.17065 -2262.30566 1906.34192 2428.17065 -2262.30566 1906.34192 2428.17065 782.308228 3277.77637 -1814.48132 782.308228 3277.77637 -1814.48132 782.308228 3277.77637 -1814.48132 1028.71204 1112.00684 -16.6047974 1028.71204 1112.00684 -16.6047974 1028.71204 1112.00684 -16.6047974 -375.823364 1019.88489 -1055.30823 -375.823364 1019.88489 -1055.30823 -375.823364 1019.88489 -1055.30823 -41.1100082 -670.217773 -1358.01367 -41.1100082 -670.217773 -1358.01367 -41.1100082 -670.217773 -1358.01367 1363.42529 -578.095764 -319.310272 1363.42529 -578.095764 -319.310272 1363.42529 -578.095764 -319.310272 41.1100082 670.217773 1358.01367 41.1100082 670.217773 1358.01367 41.1100082 670.217773 1358.01367 -1363.42529 578.095825 319.310272 -1363.42529 578.095825 319.310272 -1363.42529 578.095825 319.310272 -1028.71204 -1112.00684 16.6047821 -1028.71204 -1112.00684 16.6047821 -1028.71204 -1112.00684 16.6047821 375.823364 -1019.88489 1055.30823 375.823364 -1019.88489 1055.30823 375.823364 -1019.88489 1055.30823 -41.5746346 540.739563 539.764587 -41.5746346 540.739563 539.764587 -41.5746346 540.739563 539.764587 146.616425 -522.135498 539.769775 146.616425 -522.135498 539.769775 146.616425 -522.135498 539.769775 147.862259 -521.92041 -539.638184 147.862259 -521.92041 -539.638184 147.862259 -521.92041 -539.638184 -40.3288078 540.954651 -539.643372 -40.3288078 540.954651 -539.643372 -40.3288078 540.954651 -539.643372 75.484024 1045.3385 1042.97791 75.484024 1045.3385 1042.97791 75.484024 1045.3385 1042.97791 131.72049 -1039.74219 1042.98804 131.72049 -1039.74219 1042.98804 131.72049 -1039.74219 1042.98804 133.023773 -1039.71497 -1042.84753 133.023773 -1039.71497 -1042.84753 133.023773 -1039.71497 -1042.84753 76.787323 1045.36572 -1042.85779 76.787323 1045.36572 -1042.85779 76.787323 1045.36572 -1042.85779 -626.09906 -818.51416 -531.816406 -626.09906 -818.51416 -531.816406 -626.09906 -818.51416 -531.816406 -670.187744 815.965942 -479.422913 -670.187744 815.965942 -479.422913 -670.187744 815.965942 -479.422913 713.291382 825.297729 393.564514 713.291382 825.297729 393.564514 713.291382 825.297729 393.564514 757.380127 -809.182373 341.171051 757.380127 -809.182373 341.171051 757.380127 -809.182373 341.171051 116.398666 498.091766 508.982849 116.398666 498.091766 508.982849 116.398666 498.091766 508.982849 -15.599247 -511.269745 508.986694 -15.599247 -511.269745 508.986694 -15.599247 -511.269745 508.986694 -15.4625196 -511.291565 -508.968994 -15.4625196 -511.291565 -508.968994 -15.4625196 -511.291565 -508.968994 116.5354 498.070007 -508.972778 116.5354 498.070007 -508.972778 116.5354 498.070007 -508.972778 -120.192917 -168.256683 205.711731 -120.192917 -168.256683 205.711731 -120.192917 -168.256683 205.711731 -120.22187 -168.188766 -205.751022 -120.22187 -168.188766 -205.751022 -120.22187 -168.188766 -205.751022 151.123993 141.122116 -205.718292 151.123993 141.122116 -205.718292 151.123993 141.122116 -205.718292 151.152939 141.054199 205.744446 151.152939 141.054199 205.744446 151.152939 141.054199 205.744446 -151.101105 -141.099548 -205.750305 -151.101105 -141.099548 -205.750305 -151.101105 -141.099548 -205.750305 -151.176788 -141.075668 205.711761 -151.176788 -141.075668 205.711761 -151.176788 -141.075668 205.711761 120.17009 168.234116 205.743118 120.17009 168.234116 205.743118 120.17009 168.234116 205.743118 120.245781 168.210251 -205.718964 120.245781 168.210251 -205.718964 120.245781 168.210251 -205.718964 -6.42413187 6.88069296 9.36671734 -6.42413187 6.88069296 9.36671734 -6.42413187 6.88069296 9.36671734 7.65850353 -5.47349882 9.36692429 7.65850353 -5.47349882 9.36692429 7.65850353 -5.47349882 9.36692429 7.65954494 -5.47243738 -9.36656189 7.65954494 -5.47243738 -9.36656189 7.65954494 -5.47243738 -9.36656189 -6.42308998 6.8817544 -9.36676788 -6.42308998 6.8817544 -9.36676788 -6.42308998 6.8817544 -9.36676788 475.125366 -1111.64294 -1078.97827 475.125366 -1111.64294 -1078.97827 475.125366 -1111.64294 -1078.97827 527.741516 -951.596008 1200.68323 527.741516 -951.596008 1200.68323 527.741516 -951.596008 1200.68323 -669.765137 992.468445 1091.8374 -669.765137 992.468445 1091.8374 -669.765137 992.468445 1091.8374 -722.381226 832.42157 -1187.8241 -722.381226 832.42157 -1187.8241 -722.381226 832.42157 -1187.8241 -6.85560989 2405.85181 -5434.54785 -6.85560989 2405.85181 -5434.54785 -6.85560989 2405.85181 -5434.54785 -909.238098 -5358.96729 -2403.58105 -909.238098 -5358.96729 -2403.58105 -909.238098 -5358.96729 -2403.58105 -826.64563 -2318.77393 5409.4751 -826.64563 -2318.77393 5409.4751 -826.64563 -2318.77393 5409.4751 75.7368469 5446.04492 2378.5083 75.7368469 5446.04492 2378.5083 75.7368469 5446.04492 2378.5083 827.384888 3825.82129 -8841.8418 827.384888 3825.82129 -8841.8418 827.384888 3825.82129 -8841.8418 -3312.22656 -8199.78125 -3910.55396 -3312.22656 -8199.78125 -3910.55396 -3312.22656 -8199.78125 -3910.55396 -2121.66138 -3397.01562 8801.05078 -2121.66138 -3397.01562 8801.05078 -2121.66138 -3397.01562 8801.05078 2017.94995 8628.58691 3869.76221 2017.94995 8628.58691 3869.76221 2017.94995 8628.58691 3869.76221 934.587524 -649.988647 -552.086792 934.587524 -649.988647 -552.086792 934.587524 -649.988647 -552.086792 531.723083 -206.877228 1129.25208 531.723083 -206.877228 1129.25208 531.723083 -206.877228 1129.25208 -1014.1767 491.843414 574.695068 -1014.1767 491.843414 574.695068 -1014.1767 491.843414 574.695068 -611.312317 48.7320709 -1106.64355 -611.312317 48.7320709 -1106.64355 -611.312317 48.7320709 -1106.64355 141.485809 157.685699 1292.5564 141.485809 157.685699 1292.5564 141.485809 157.685699 1292.5564 -993.413025 853.574768 11.2118225 -993.413025 853.574768 11.2118225 -993.413025 853.574768 11.2118225 -267.970612 -285.453125 -1249.91736 -267.970612 -285.453125 -1249.91736 -267.970612 -285.453125 -1249.91736 866.928223 -981.342224 31.4272766 866.928223 -981.342224 31.4272766 866.928223 -981.342224 31.4272766 2.43500853 45.8020477 -105.526482 2.43500853 45.8020477 -105.526482 2.43500853 45.8020477 -105.526482 112.219444 -23.9811592 -8.4434166 112.219444 -23.9811592 -8.4434166 112.219444 -23.9811592 -8.4434166 -4.85886478 -60.0076256 98.056488 -4.85886478 -60.0076256 98.056488 -4.85886478 -60.0076256 98.056488 -114.643295 9.7755785 0.973422527 -114.643295 9.7755785 0.973422527 -114.643295 9.7755785 0.973422527 266.379089 -382.872284 316.552094 266.379089 -382.872284 316.552094 266.379089 -382.872284 316.552094 -77.4098282 320.200592 457.420166 -77.4098282 320.200592 457.420166 -77.4098282 320.200592 457.420166 -333.360046 345.807556 -295.02948 -333.360046 345.807556 -295.02948 -333.360046 345.807556 -295.02948 10.4287567 -357.265137 -435.897552 10.4287567 -357.265137 -435.897552 10.4287567 -357.265137 -435.897552 347.0112 -201.836823 272.450439 347.0112 -201.836823 272.450439 347.0112 -201.836823 272.450439 -176.806747 221.64978 393.693726 -176.806747 221.64978 393.693726 -176.806747 221.64978 393.693726 -385.788452 148.569107 -253.926422 -385.788452 148.569107 -253.926422 -385.788452 148.569107 -253.926422 138.02951 -274.91748 -375.169708 138.02951 -274.91748 -375.169708 138.02951 -274.91748 -375.169708 103.35257 48.0423393 -154.564972 103.35257 48.0423393 -154.564972 103.35257 48.0423393 -154.564972 51.4745407 -159.0327 -94.5469742 51.4745407 -159.0327 -94.5469742 51.4745407 -159.0327 -94.5469742 105.393524 -111.724373 115.281998 105.393524 -111.724373 115.281998 105.393524 -111.724373 115.281998 157.271545 95.350647 55.2639923 157.271545 95.350647 55.2639923 157.271545 95.350647 55.2639923 -105.393524 111.724373 -115.281998 -105.393524 111.724373 -115.281998 -105.393524 111.724373 -115.281998 -157.271545 -95.350647 -55.2639923 -157.271545 -95.350647 -55.2639923 -157.271545 -95.350647 -55.2639923 -103.35257 -48.0423393 154.564972 -103.35257 -48.0423393 154.564972 -103.35257 -48.0423393 154.564972 -51.4745407 159.0327 94.5469742 -51.4745407 159.0327 94.5469742 -51.4745407 159.0327 94.5469742 129.026154 -135.260071 342.442902 129.026154 -135.260071 342.442902 129.026154 -135.260071 342.442902 -337.15094 100.196373 168.819656 -337.15094 100.196373 168.819656 -337.15094 100.196373 168.819656 -151.647629 85.5357056 -349.137268 -151.647629 85.5357056 -349.137268 -151.647629 85.5357056 -349.137268 314.52948 -149.920761 -175.513855 314.52948 -149.920761 -175.513855 314.52948 -149.920761 -175.513855 137.111404 -85.2068939 295.728149 137.111404 -85.2068939 295.728149 137.111404 -85.2068939 295.728149 -303.547607 10.9104843 145.790054 -303.547607 10.9104843 145.790054 -303.547607 10.9104843 145.790054 -145.279037 38.7432556 -301.509399 -145.279037 38.7432556 -301.509399 -145.279037 38.7432556 -301.509399 295.380005 -57.374157 -151.571136 295.380005 -57.374157 -151.571136 295.380005 -57.374157 -151.571136 123.402191 32.426815 -38.8069878 123.402191 32.426815 -38.8069878 123.402191 32.426815 -38.8069878 57.6910782 -105.577965 -57.5378952 57.6910782 -105.577965 -57.5378952 57.6910782 -105.577965 -57.5378952 5.86640739 -100.571686 87.3870392 5.86640739 -100.571686 87.3870392 5.86640739 -100.571686 87.3870392 71.5775223 37.4331017 106.11795 71.5775223 37.4331017 106.11795 71.5775223 37.4331017 106.11795 -5.86640549 100.571686 -87.3870392 -5.86640549 100.571686 -87.3870392 -5.86640549 100.571686 -87.3870392 -71.5775223 -37.4331017 -106.11795 -71.5775223 -37.4331017 -106.11795 -71.5775223 -37.4331017 -106.11795 -123.402191 -32.426815 38.8069878 -123.402191 -32.426815 38.8069878 -123.402191 -32.426815 38.8069878 -57.6910782 105.577965 57.5378952 -57.6910782 105.577965 57.5378952 -57.6910782 105.577965 57.5378952 12.1855841 19.0409203 -47.071228 12.1855841 19.0409203 -47.071228 12.1855841 19.0409203 -47.071228 24.8990021 -44.3606491 -11.7870865 24.8990021 -44.3606491 -11.7870865 24.8990021 -44.3606491 -11.7870865 -18.0348816 -22.0560989 43.76091 -18.0348816 -22.0560989 43.76091 -18.0348816 -22.0560989 43.76091 -30.7482986 41.3454704 8.47677231 -30.7482986 41.3454704 8.47677231 -30.7482986 41.3454704 8.47677231 32.8680305 89.8224411 -284.231812 32.8680305 89.8224411 -284.231812 32.8680305 89.8224411 -284.231812 98.5962601 -272.734253 -76.361908 98.5962601 -272.734253 -76.361908 98.5962601 -272.734253 -76.361908 -71.0614395 -103.575874 272.320404 -71.0614395 -103.575874 272.320404 -71.0614395 -103.575874 272.320404 -136.789673 258.980804 64.4505005 -136.789673 258.980804 64.4505005 -136.789673 258.980804 64.4505005 -82.4239044 -80.9189453 27.3802071 -82.4239044 -80.9189453 27.3802071 -82.4239044 -80.9189453 27.3802071 -3.36479998 -14.7819004 117.734528 -3.36479998 -14.7819004 117.734528 -3.36479998 -14.7819004 117.734528 106.080742 -37.0559769 38.2747879 106.080742 -37.0559769 38.2747879 106.080742 -37.0559769 38.2747879 27.0216389 -103.193024 -52.0795403 27.0216389 -103.193024 -52.0795403 27.0216389 -103.193024 -52.0795403 -106.080742 37.0559769 -38.2747879 -106.080742 37.0559769 -38.2747879 -106.080742 37.0559769 -38.2747879 -27.0216389 103.193024 52.0795403 -27.0216389 103.193024 52.0795403 -27.0216389 103.193024 52.0795403 82.4239044 80.9189453 -27.3802071 82.4239044 80.9189453 -27.3802071 82.4239044 80.9189453 -27.3802071 3.36479998 14.7819004 -117.734528 3.36479998 14.7819004 -117.734528 3.36479998 14.7819004 -117.734528 -722.220337 832.497803 1187.8689 -722.220337 832.497803 1187.8689 -722.220337 832.497803 1187.8689 -669.649475 992.593628 -1091.7915 -669.649475 992.593628 -1091.7915 -669.649475 992.593628 -1091.7915 527.562622 -951.642639 -1200.72449 527.562622 -951.642639 -1200.72449 527.562622 -951.642639 -1200.72449 474.991821 -1111.73853 1078.93457 474.991821 -1111.73853 1078.93457 474.991821 -1111.73853 1078.93457 916.260376 5534.02783 -1964.03613 916.260376 5534.02783 -1964.03613 916.260376 5534.02783 -1964.03613 -547.705261 -1870.22266 -5614.68799 -547.705261 -1870.22266 -5614.68799 -547.705261 -1870.22266 -5614.68799 -1733.23511 -5350.84033 1920.11438 -1733.23511 -5350.84033 1920.11438 -1733.23511 -5350.84033 1920.11438 -269.26947 2053.40967 5570.7666 -269.26947 2053.40967 5570.7666 -269.26947 2053.40967 5570.7666 3680.11621 8351.39062 -3195.43457 3680.11621 8351.39062 -3195.43457 3680.11621 8351.39062 -3195.43457 -1618.86902 -2726.16235 -9134.93262 -1618.86902 -2726.16235 -9134.93262 -1618.86902 -2726.16235 -9134.93262 -4893.64746 -7732.57861 3123.97119 -4893.64746 -7732.57861 3123.97119 -4893.64746 -7732.57861 3123.97119 405.337524 3344.97412 9063.47754 405.337524 3344.97412 9063.47754 405.337524 3344.97412 9063.47754 -100.0476 235.102966 1195.33203 -100.0476 235.102966 1195.33203 -100.0476 235.102966 1195.33203 -989.906921 685.195984 -211.402466 -989.906921 685.195984 -211.402466 -989.906921 685.195984 -211.402466 -10.5082397 -364.304565 -1166.73633 -10.5082397 -364.304565 -1166.73633 -10.5082397 -364.304565 -1166.73633 879.350586 -814.397095 239.998276 879.350586 -814.397095 239.998276 879.350586 -814.397095 239.998276 1102.15002 -559.206482 -118.673035 1102.15002 -559.206482 -118.673035 1102.15002 -559.206482 -118.673035 180.811264 82.563942 1225.56897 180.811264 82.563942 1225.56897 180.811264 82.563942 1225.56897 -1165.82324 399.347168 151.351776 -1165.82324 399.347168 151.351776 -1165.82324 399.347168 151.351776 -244.484528 -242.423279 -1192.89026 -244.484528 -242.423279 -1192.89026 -244.484528 -242.423279 -1192.89026 -38.7372513 78.4232483 20.4518394 -38.7372513 78.4232483 20.4518394 -38.7372513 78.4232483 20.4518394 25.0054741 33.5881348 -79.4708481 25.0054741 33.5881348 -79.4708481 25.0054741 33.5881348 -79.4708481 27.7887459 -81.3256912 -26.1338024 27.7887459 -81.3256912 -26.1338024 27.7887459 -81.3256912 -26.1338024 -35.9539795 -36.4905777 73.7888794 -35.9539795 -36.4905777 73.7888794 -35.9539795 -36.4905777 73.7888794 -40.849678 -386.054749 408.712524 -40.849678 -386.054749 408.712524 -40.849678 -386.054749 408.712524 -264.091125 373.08429 329.874817 -264.091125 373.08429 329.874817 -264.091125 373.08429 329.874817 -31.8534012 362.403442 -430.583374 -31.8534012 362.403442 -430.583374 -31.8534012 362.403442 -430.583374 191.388046 -396.735657 -351.745667 191.388046 -396.735657 -351.745667 191.388046 -396.735657 -351.745667 86.2000275 -322.815857 351.772949 86.2000275 -322.815857 351.772949 86.2000275 -322.815857 351.772949 -327.241638 218.376785 283.91806 -327.241638 218.376785 283.91806 -327.241638 218.376785 283.91806 -137.329987 281.395264 -370.596741 -137.329987 281.395264 -370.596741 -137.329987 281.395264 -370.596741 276.111694 -259.797363 -302.741852 276.111694 -259.797363 -302.741852 276.111694 -259.797363 -302.741852 180.869858 0.678706646 -64.5444336 180.869858 0.678706646 -64.5444336 180.869858 0.678706646 -64.5444336 23.7092667 -143.385956 -125.533737 23.7092667 -143.385956 -125.533737 23.7092667 -143.385956 -125.533737 -36.4612732 -167.521805 86.5293961 -36.4612732 -167.521805 86.5293961 -36.4612732 -167.521805 86.5293961 120.699326 -23.4571609 147.518692 120.699326 -23.4571609 147.518692 120.699326 -23.4571609 147.518692 36.4612732 167.521805 -86.5293961 36.4612732 167.521805 -86.5293961 36.4612732 167.521805 -86.5293961 -120.699326 23.4571609 -147.518692 -120.699326 23.4571609 -147.518692 -120.699326 23.4571609 -147.518692 -180.869858 -0.678706646 64.5444336 -180.869858 -0.678706646 64.5444336 -180.869858 -0.678706646 64.5444336 -23.7092667 143.385956 125.533737 -23.7092667 143.385956 125.533737 -23.7092667 143.385956 125.533737 250.54422 -230.411835 190.651688 250.54422 -230.411835 190.651688 250.54422 -230.411835 190.651688 -43.7312393 215.705536 322.13205 -43.7312393 215.705536 322.13205 -43.7312393 215.705536 322.13205 -289.998047 198.228012 -169.755356 -289.998047 198.228012 -169.755356 -289.998047 198.228012 -169.755356 4.27742004 -247.889343 -301.235718 4.27742004 -247.889343 -301.235718 4.27742004 -247.889343 -301.235718 121.146347 -117.408508 94.4926758 121.146347 -117.408508 94.4926758 121.146347 -117.408508 94.4926758 -18.8701515 107.44017 159.657394 -18.8701515 107.44017 159.657394 -18.8701515 107.44017 159.657394 -141.111389 101.974335 -84.1358871 -141.111389 101.974335 -84.1358871 -141.111389 101.974335 -84.1358871 -1.09488297 -122.874344 -149.300613 -1.09488297 -122.874344 -149.300613 -1.09488297 -122.874344 -149.300613 23.356905 -29.0961838 -66.8293991 23.356905 -29.0961838 -66.8293991 23.356905 -29.0961838 -66.8293991 -57.997776 -37.2485313 -33.2732162 -57.997776 -37.2485313 -33.2732162 -57.997776 -37.2485313 -33.2732162 -23.4657745 -56.7250175 45.7158356 -23.4657745 -56.7250175 45.7158356 -23.4657745 -56.7250175 45.7158356 57.8889046 -48.57267 12.1596546 57.8889046 -48.57267 12.1596546 57.8889046 -48.57267 12.1596546 23.4657784 56.7250175 -45.715847 23.4657784 56.7250175 -45.715847 23.4657784 56.7250175 -45.715847 -57.8889122 48.57267 -12.1596584 -57.8889122 48.57267 -12.1596584 -57.8889122 48.57267 -12.1596584 -23.3569088 29.0961838 66.8294067 -23.3569088 29.0961838 66.8294067 -23.3569088 29.0961838 66.8294067 57.9977837 37.2485313 33.2732201 57.9977837 37.2485313 33.2732201 57.9977837 37.2485313 33.2732201 -21.4467144 -17.2774277 0.672948837 -21.4467144 -17.2774277 0.672948837 -21.4467144 -17.2774277 0.672948837 -7.31670094 7.87614727 -25.3643456 -7.31670094 7.87614727 -25.3643456 -7.31670094 7.87614727 -25.3643456 23.3678913 14.3874559 -2.42225742 23.3678913 14.3874559 -2.42225742 23.3678913 14.3874559 -2.42225742 9.2378788 -10.76612 23.6150379 9.2378788 -10.76612 23.6150379 9.2378788 -10.76612 23.6150379 -246.738403 -171.899658 60.5185394 -246.738403 -171.899658 60.5185394 -246.738403 -171.899658 60.5185394 -123.663864 80.0571442 -269.053711 -123.663864 80.0571442 -269.053711 -123.663864 80.0571442 -269.053711 262.018799 137.18631 -81.3504944 262.018799 137.18631 -81.3504944 262.018799 137.18631 -81.3504944 138.944244 -114.770477 248.221741 138.944244 -114.770477 248.221741 138.944244 -114.770477 248.221741 -32.1097717 94.9603806 -68.5116501 -32.1097717 94.9603806 -68.5116501 -32.1097717 94.9603806 -68.5116501 73.0611267 6.65259933 -96.7479858 73.0611267 6.65259933 -96.7479858 73.0611267 6.65259933 -96.7479858 114.863297 13.7062798 36.8906631 114.863297 13.7062798 36.8906631 114.863297 13.7062798 36.8906631 9.69238663 102.014069 65.1269836 9.69238663 102.014069 65.1269836 9.69238663 102.014069 65.1269836 -114.863274 -13.7062798 -36.8906631 -114.863274 -13.7062798 -36.8906631 -114.863274 -13.7062798 -36.8906631 -9.6924057 -102.014069 -65.1269836 -9.6924057 -102.014069 -65.1269836 -9.6924057 -102.014069 -65.1269836 32.1097565 -94.9603806 68.5116653 32.1097565 -94.9603806 68.5116653 32.1097565 -94.9603806 68.5116653 -73.0611191 -6.65259933 96.7479706 -73.0611191 -6.65259933 96.7479706 -73.0611191 -6.65259933 96.7479706 -8285.47949 1896.36243 7445.66016 -8285.47949 1896.36243 7445.66016 -8285.47949 1896.36243 7445.66016 -4807.93213 -9847.16602 -2756.89136 -4807.93213 -9847.16602 -2756.89136 -4807.93213 -9847.16602 -2756.89136 9001.69824 -2703.54443 -6272.43848 9001.69824 -2703.54443 -6272.43848 9001.69824 -2703.54443 -6272.43848 5524.15039 9039.98438 3930.11279 5524.15039 9039.98438 3930.11279 5524.15039 9039.98438 3930.11279 -10438.9336 6044.69873 -3620.43311 -10438.9336 6044.69873 -3620.43311 -10438.9336 6044.69873 -3620.43311 -6742.46289 -6444.39502 8463.23438 -6742.46289 -6444.39502 8463.23438 -6742.46289 -6444.39502 8463.23438 10578.959 -4791.9082 4872.4209 10578.959 -4791.9082 4872.4209 10578.959 -4791.9082 4872.4209 6882.48828 7697.18555 -7211.24658 6882.48828 7697.18555 -7211.24658 6882.48828 7697.18555 -7211.24658 1232.80981 -8949.52344 -12279.5771 1232.80981 -8949.52344 -12279.5771 1232.80981 -8949.52344 -12279.5771 -4796.25586 11414.248 -8894.53711 -4796.25586 11414.248 -8894.53711 -4796.25586 11414.248 -8894.53711 755.457153 9617.19629 11804.2627 755.457153 9617.19629 11804.2627 755.457153 9617.19629 11804.2627 6784.52295 -10746.5762 8419.22266 6784.52295 -10746.5762 8419.22266 6784.52295 -10746.5762 8419.22266 0.880316496 -0.154953033 3.30047846 0.880316496 -0.154953033 3.30047846 0.880316496 -0.154953033 3.30047846 -2.029356 2.66574383 0.684028745 -2.029356 2.66574383 0.684028745 -2.029356 2.66574383 0.684028745 -1.25721824 -0.119865477 -3.17760563 -1.25721824 -0.119865477 -3.17760563 -1.25721824 -0.119865477 -3.17760563 1.65245414 -2.94056225 -0.561155617 1.65245414 -2.94056225 -0.561155617 1.65245414 -2.94056225 -0.561155617 262.556427 1864.3916 1077.65613 262.556427 1864.3916 1077.65613 262.556427 1864.3916 1077.65613 442.978882 1025.19629 -1859.83252 442.978882 1025.19629 -1859.83252 442.978882 1025.19629 -1859.83252 -551.420471 -1773.29663 -1121.42273 -551.420471 -1773.29663 -1121.42273 -551.420471 -1773.29663 -1121.42273 -731.842957 -934.101196 1816.06592 -731.842957 -934.101196 1816.06592 -731.842957 -934.101196 1816.06592 -1530.3219 1556.13159 1212.71851 -1530.3219 1556.13159 1212.71851 -1530.3219 1556.13159 1212.71851 -892.369812 838.19751 -2176.05664 -892.369812 838.19751 -2176.05664 -892.369812 838.19751 -2176.05664 1258.81445 -1780.48169 -1216.30103 1258.81445 -1780.48169 -1216.30103 1258.81445 -1780.48169 -1216.30103 620.862366 -1062.54749 2172.47412 620.862366 -1062.54749 2172.47412 620.862366 -1062.54749 2172.47412 -239.951706 -22.7987404 113.886635 -239.951706 -22.7987404 113.886635 -239.951706 -22.7987404 113.886635 -109.827072 -48.5352554 -238.011841 -109.827072 -48.5352554 -238.011841 -109.827072 -48.5352554 -238.011841 242.256317 -14.565815 -110.301712 242.256317 -14.565815 -110.301712 242.256317 -14.565815 -110.301712 112.131683 11.170702 241.596725 112.131683 11.170702 241.596725 112.131683 11.170702 241.596725 -509.64856 -91.0651245 315.546021 -509.64856 -91.0651245 315.546021 -509.64856 -91.0651245 315.546021 -282.533173 -184.416946 -503.754974 -282.533173 -184.416946 -503.754974 -282.533173 -184.416946 -503.754974 525.89856 8.25750732 -301.606262 525.89856 8.25750732 -301.606262 525.89856 8.25750732 -301.606262 298.783173 101.609329 517.694702 298.783173 101.609329 517.694702 298.783173 101.609329 517.694702 -139.739258 48.7106438 -188.935303 -139.739258 48.7106438 -188.935303 -139.739258 48.7106438 -188.935303 -30.4889565 -199.1483 -130.409409 -30.4889565 -199.1483 -130.409409 -30.4889565 -199.1483 -130.409409 213.324097 -78.9566422 -76.5182495 213.324097 -78.9566422 -76.5182495 213.324097 -78.9566422 -76.5182495 104.073799 168.902298 -135.044159 104.073799 168.902298 -135.044159 104.073799 168.902298 -135.044159 -213.324097 78.9566422 76.5182266 -213.324097 78.9566422 76.5182266 -213.324097 78.9566422 76.5182266 -104.073814 -168.902298 135.044205 -104.073814 -168.902298 135.044205 -104.073814 -168.902298 135.044205 139.739258 -48.7106438 188.935333 139.739258 -48.7106438 188.935333 139.739258 -48.7106438 188.935333 30.4889736 199.1483 130.409348 30.4889736 199.1483 130.409348 30.4889736 199.1483 130.409348 -0.209923148 -0.543330789 -0.243876413 -0.209923148 -0.543330789 -0.243876413 -0.209923148 -0.543330789 -0.243876413 -0.39883393 0.317640364 -0.372523934 -0.39883393 0.317640364 -0.372523934 -0.39883393 0.317640364 -0.372523934 0.266107827 0.545335293 0.174779952 0.266107827 0.545335293 0.174779952 0.266107827 0.545335293 0.174779952 0.455018669 -0.31563589 0.303427458 0.455018669 -0.31563589 0.303427458 0.455018669 -0.31563589 0.303427458 658.832214 2013.52222 964.009888 658.832214 2013.52222 964.009888 658.832214 2013.52222 964.009888 1051.65027 -1156.42017 1724.63684 1051.65027 -1156.42017 1724.63684 1051.65027 -1156.42017 1724.63684 -365.242584 -2012.42053 -1111.03943 -365.242584 -2012.42053 -1111.03943 -365.242584 -2012.42053 -1111.03943 -758.060669 1157.52185 -1871.6665 -758.060669 1157.52185 -1871.6665 -758.060669 1157.52185 -1871.6665 387.683624 1636.35388 1035.31555 387.683624 1636.35388 1035.31555 387.683624 1636.35388 1035.31555 -105.802177 -1027.84546 1682.90576 -105.802177 -1027.84546 1682.90576 -105.802177 -1027.84546 1682.90576 -113.50724 -1684.49072 -1024.42041 -113.50724 -1684.49072 -1024.42041 -113.50724 -1684.49072 -1024.42041 379.978577 979.708557 -1672.0105 379.978577 979.708557 -1672.0105 379.978577 979.708557 -1672.0105 78.7959137 452.419769 233.155365 78.7959137 452.419769 233.155365 78.7959137 452.419769 233.155365 -277.15799 -157.314178 404.586548 -277.15799 -157.314178 404.586548 -277.15799 -157.314178 404.586548 -20.8749542 -475.7995 -196.044006 -20.8749542 -475.7995 -196.044006 -20.8749542 -475.7995 -196.044006 335.079254 133.935181 -367.475189 335.079254 133.935181 -367.475189 335.079254 133.935181 -367.475189 47.5842934 311.110291 137.48938 47.5842934 311.110291 137.48938 47.5842934 311.110291 137.48938 -222.875656 -74.6894836 250.410629 -222.875656 -74.6894836 250.410629 -222.875656 -74.6894836 250.410629 -13.2823448 -326.163818 -106.761894 -13.2823448 -326.163818 -106.761894 -13.2823448 -326.163818 -106.761894 257.177826 59.6364746 -219.683151 257.177826 59.6364746 -219.683151 257.177826 59.6364746 -219.683151 48.5024261 -122.07341 35.0324249 48.5024261 -122.07341 35.0324249 48.5024261 -122.07341 35.0324249 -44.033741 -93.352356 -88.4764023 -44.033741 -93.352356 -88.4764023 -44.033741 -93.352356 -88.4764023 -135.904343 -3.14964557 1.3316958 -135.904343 -3.14964557 1.3316958 -135.904343 -3.14964557 1.3316958 -43.3682861 -31.870615 124.84053 -43.3682861 -31.870615 124.84053 -43.3682861 -31.870615 124.84053 135.904434 3.14964747 -1.3316958 135.904434 3.14964747 -1.3316958 135.904434 3.14964747 -1.3316958 43.3681946 31.8706131 -124.84053 43.3681946 31.8706131 -124.84053 43.3681946 31.8706131 -124.84053 -48.5024109 122.073334 -35.0324249 -48.5024109 122.073334 -35.0324249 -48.5024109 122.073334 -35.0324249 44.0337257 93.3524399 88.4764023 44.0337257 93.3524399 88.4764023 44.0337257 93.3524399 88.4764023 -4.5849185 5.68300533 2.53022814 -4.5849185 5.68300533 2.53022814 -4.5849185 5.68300533 2.53022814 4.86736822 1.37809312 5.84201002 4.86736822 1.37809312 5.84201002 4.86736822 1.37809312 5.84201002 5.12743759 -4.90286398 -3.06454992 5.12743759 -4.90286398 -3.06454992 5.12743759 -4.90286398 -3.06454992 -4.32484913 -0.597951651 -6.37633181 -4.32484913 -0.597951651 -6.37633181 -4.32484913 -0.597951651 -6.37633181 -877.008301 2287.39868 -357.534912 -877.008301 2287.39868 -357.534912 -877.008301 2287.39868 -357.534912 2301.31982 839.788086 -357.556152 2301.31982 839.788086 -357.556152 2301.31982 839.788086 -357.556152 861.76178 -2320.86816 10.2299576 861.76178 -2320.86816 10.2299576 861.76178 -2320.86816 10.2299576 -2316.56641 -873.25769 10.2511559 -2316.56641 -873.25769 10.2511559 -2316.56641 -873.25769 10.2511559 -1917.94727 671.681885 -1292.31885 -1917.94727 671.681885 -1292.31885 -1917.94727 671.681885 -1292.31885 1378.60254 1493.0105 -1292.33899 1378.60254 1493.0105 -1292.33899 1378.60254 1493.0105 -1292.33899 1974.47339 -898.565308 1045.84998 1974.47339 -898.565308 1045.84998 1974.47339 -898.565308 1045.84998 -1322.07654 -1719.8938 1045.87 -1322.07654 -1719.8938 1045.87 -1322.07654 -1719.8938 1045.87 -221.404999 -337.752838 -378.940582 -221.404999 -337.752838 -378.940582 -221.404999 -337.752838 -378.940582 26.9901276 402.945923 -378.944946 26.9901276 402.945923 -378.944946 26.9901276 402.945923 -378.944946 290.624329 314.539764 351.134338 290.624329 314.539764 351.134338 290.624329 314.539764 351.134338 42.2292023 -426.158997 351.138733 42.2292023 -426.158997 351.138733 42.2292023 -426.158997 351.138733 -171.894852 -433.594727 -467.392273 -171.894852 -433.594727 -467.392273 -171.894852 -433.594727 -467.392273 124.273277 449.560028 -467.397156 124.273277 449.560028 -467.397156 124.273277 449.560028 -467.397156 259.17395 404.325409 453.164124 259.17395 404.325409 453.164124 259.17395 404.325409 453.164124 -36.994194 -478.829407 453.168762 -36.994194 -478.829407 453.168762 -36.994194 -478.829407 453.168762 -95.0812302 191.04567 -150.914169 -95.0812302 191.04567 -150.914169 -95.0812302 191.04567 -150.914169 191.060928 95.0872803 -150.891022 191.060928 95.0872803 -150.891022 191.060928 95.0872803 -150.891022 191.039703 95.0963821 150.912338 191.039703 95.0963821 150.912338 191.039703 95.0963821 150.912338 -95.1024475 191.054764 150.889191 -95.1024475 191.054764 150.889191 -95.1024475 191.054764 150.889191 -191.039703 -95.0963821 -150.912338 -191.039703 -95.0963821 -150.912338 -191.039703 -95.0963821 -150.912338 95.1024475 -191.054764 -150.889191 95.1024475 -191.054764 -150.889191 95.1024475 -191.054764 -150.889191 95.0812302 -191.04567 150.914169 95.0812302 -191.04567 150.914169 95.0812302 -191.04567 150.914169 -191.060928 -95.0872803 150.891022 -191.060928 -95.0872803 150.891022 -191.060928 -95.0872803 150.891022 -18.4380856 20.0997543 24.572094 -18.4380856 20.0997543 24.572094 -18.4380856 20.0997543 24.572094 30.0511856 20.0986252 6.38199139 30.0511856 20.0986252 6.38199139 30.0511856 20.0986252 6.38199139 17.1552029 -16.4284077 -27.9920959 17.1552029 -16.4284077 -27.9920959 17.1552029 -16.4284077 -27.9920959 -31.3340683 -16.4272766 -9.80199242 -31.3340683 -16.4272766 -9.80199242 -31.3340683 -16.4272766 -9.80199242 2388.29321 173.727051 -2054.95996 2388.29321 173.727051 -2054.95996 2388.29321 173.727051 -2054.95996 -1857.33472 1511.45654 -2054.9397 -1857.33472 1511.45654 -2054.9397 -1857.33472 1511.45654 -2054.9397 -2260.7478 231.068848 2189.20337 -2260.7478 231.068848 2189.20337 -2260.7478 231.068848 2189.20337 1984.88 -1106.66064 2189.18311 1984.88 -1106.66064 2189.18311 1984.88 -1106.66064 2189.18311 -1141.98767 337.213501 1077.64612 -1141.98767 337.213501 1077.64612 -1141.98767 337.213501 1077.64612 1122.77625 396.535889 1077.63818 1122.77625 396.535889 1077.63818 1122.77625 396.535889 1077.63818 1136.20947 -116.627243 -1128.97998 1136.20947 -116.627243 -1128.97998 1136.20947 -116.627243 -1128.97998 -1128.55444 -175.949661 -1128.97205 -1128.55444 -175.949661 -1128.97205 -1128.55444 -175.949661 -1128.97205 -151.633118 218.270279 347.862671 -151.633118 218.270279 347.862671 -151.633118 218.270279 347.862671 409.686707 93.9041595 122.39817 409.686707 93.9041595 122.39817 409.686707 93.9041595 122.39817 152.280334 -163.531113 -376.445526 152.280334 -163.531113 -376.445526 152.280334 -163.531113 -376.445526 -409.03949 -39.1650009 -150.981033 -409.03949 -39.1650009 -150.981033 -409.03949 -39.1650009 -150.981033 38.0380707 10.1866331 -30.0451984 38.0380707 10.1866331 -30.0451984 38.0380707 10.1866331 -30.0451984 -30.1819496 25.2993393 -30.0393944 -30.1819496 25.2993393 -30.0393944 -30.1819496 25.2993393 -30.0393944 -36.6733208 -4.02719307 33.0488358 -36.6733208 -4.02719307 33.0488358 -36.6733208 -4.02719307 33.0488358 31.5466957 -19.1398964 33.0430336 31.5466957 -19.1398964 33.0430336 31.5466957 -19.1398964 33.0430336 -318.614563 253.55278 131.165436 -318.614563 253.55278 131.165436 -318.614563 253.55278 131.165436 237.27829 130.421722 331.206604 237.27829 130.421722 331.206604 237.27829 130.421722 331.206604 339.751495 -204.912506 -159.963562 339.751495 -204.912506 -159.963562 339.751495 -204.912506 -159.963562 -216.141388 -81.7814484 -360.004761 -216.141388 -81.7814484 -360.004761 -216.141388 -81.7814484 -360.004761 -4.33603096 109.547577 232.828354 -4.33603096 109.547577 232.828354 -4.33603096 109.547577 232.828354 251.142197 52.9329453 -18.8119831 251.142197 52.9329453 -18.8119831 251.142197 52.9329453 -18.8119831 -1.06666088 -76.0892105 -245.841049 -1.06666088 -76.0892105 -245.841049 -1.06666088 -76.0892105 -245.841049 -256.545013 -19.4745922 5.79932737 -256.545013 -19.4745922 5.79932737 -256.545013 -19.4745922 5.79932737 198.445709 58.8081017 21.5231495 198.445709 58.8081017 21.5231495 198.445709 58.8081017 21.5231495 -10.6160259 105.105507 -179.282486 -10.6160259 105.105507 -179.282486 -10.6160259 105.105507 -179.282486 -205.224121 -33.33992 -8.5941391 -205.224121 -33.33992 -8.5941391 -205.224121 -33.33992 -8.5941391 3.83761692 -79.6373291 192.211517 3.83761692 -79.6373291 192.211517 3.83761692 -79.6373291 192.211517 56.7147141 36.1411972 -47.5593567 56.7147141 36.1411972 -47.5593567 56.7147141 36.1411972 -47.5593567 36.1435547 -56.7191315 -47.5523949 36.1435547 -56.7191315 -47.5523949 36.1435547 -56.7191315 -47.5523949 36.1454315 -56.7123795 47.5591431 36.1454315 -56.7123795 47.5591431 36.1454315 -56.7123795 47.5591431 56.7165909 36.1479492 47.5522346 56.7165909 36.1479492 47.5522346 56.7165909 36.1479492 47.5522346 -36.1454582 56.7123795 -47.5591698 -36.1454582 56.7123795 -47.5591698 -36.1454582 56.7123795 -47.5591698 -56.7165604 -36.1479492 -47.5522079 -56.7165604 -36.1479492 -47.5522079 -56.7165604 -36.1479492 -47.5522079 -56.7146873 -36.1411972 47.5593338 -56.7146873 -36.1411972 47.5593338 -56.7146873 -36.1411972 47.5593338 -36.1435814 56.7191315 47.5524216 -36.1435814 56.7191315 47.5524216 -36.1435814 56.7191315 47.5524216 186.883209 116.864098 -32.8275452 186.883209 116.864098 -32.8275452 186.883209 116.864098 -32.8275452 -120.043259 184.858551 -32.8269615 -120.043259 184.858551 -32.8269615 -120.043259 184.858551 -32.8269615 -184.815308 -107.530167 62.7752914 -184.815308 -107.530167 62.7752914 -184.815308 -107.530167 62.7752914 122.111031 -175.524628 62.7747192 122.111031 -175.524628 62.7747192 122.111031 -175.524628 62.7747192 60.7359276 38.7036018 -50.9310608 60.7359276 38.7036018 -50.9310608 60.7359276 38.7036018 -50.9310608 38.7062454 -60.7401505 -50.9236145 38.7062454 -60.7401505 -50.9236145 38.7062454 -60.7401505 -50.9236145 38.7082443 -60.732914 50.9309235 38.7082443 -60.732914 50.9309235 38.7082443 -60.732914 50.9309235 60.7379303 38.7108421 50.923481 60.7379303 38.7108421 50.923481 60.7379303 38.7108421 50.923481 -38.7082481 60.732914 -50.9309235 -38.7082481 60.732914 -50.9309235 -38.7082481 60.732914 -50.9309235 -60.7379303 -38.7108421 -50.9234772 -60.7379303 -38.7108421 -50.9234772 -60.7379303 -38.7108421 -50.9234772 -60.7359276 -38.7036018 50.9310608 -60.7359276 -38.7036018 50.9310608 -60.7359276 -38.7036018 50.9310608 -38.7062492 60.7401505 50.9236145 -38.7062492 60.7401505 50.9236145 -38.7062492 60.7401505 50.9236145 -195.223206 143.249222 -2.65153122 -195.223206 143.249222 -2.65153122 -195.223206 143.249222 -2.65153122 59.2976189 86.8832245 218.116669 59.2976189 86.8832245 218.116669 59.2976189 86.8832245 218.116669 212.122803 -116.378578 -9.97106934 212.122803 -116.378578 -9.97106934 212.122803 -116.378578 -9.97106934 -42.3980484 -60.0125809 -230.739273 -42.3980484 -60.0125809 -230.739273 -42.3980484 -60.0125809 -230.739273 73.5148087 135.779221 -264.998474 73.5148087 135.779221 -264.998474 73.5148087 135.779221 -264.998474 -227.119385 202.401337 38.9344635 -227.119385 202.401337 38.9344635 -227.119385 202.401337 38.9344635 -48.067852 -106.194923 283.684143 -48.067852 -106.194923 283.684143 -48.067852 -106.194923 283.684143 252.566345 -172.817047 -20.2487946 252.566345 -172.817047 -20.2487946 252.566345 -172.817047 -20.2487946 83.5902252 53.2676239 -70.0967178 83.5902252 53.2676239 -70.0967178 83.5902252 53.2676239 -70.0967178 53.2710609 -83.5966263 -70.0863571 53.2710609 -83.5966263 -70.0863571 53.2710609 -83.5966263 -70.0863571 53.2737999 -83.5866318 70.0959091 53.2737999 -83.5866318 70.0959091 53.2737999 -83.5866318 70.0959091 83.5929642 53.2776184 70.0854874 83.5929642 53.2776184 70.0854874 83.5929642 53.2776184 70.0854874 -53.2737694 83.5866318 -70.0958786 -53.2737694 83.5866318 -70.0958786 -53.2737694 83.5866318 -70.0958786 -83.5930023 -53.2776184 -70.0855179 -83.5930023 -53.2776184 -70.0855179 -83.5930023 -53.2776184 -70.0855179 -83.5902557 -53.2676239 70.0967484 -83.5902557 -53.2676239 70.0967484 -83.5902557 -53.2676239 70.0967484 -53.2710304 83.5966263 70.0863266 -53.2710304 83.5966263 70.0863266 -53.2710304 83.5966263 70.0863266 </float_array>
          <technique_common>
            <accessor count="1116" offset="0" source="#mesh_0-normals-array" stride="3">
              <param name="X" type="float" />
              <param name="Y" type="float" />
              <param name="Z" type="float" />
            </accessor>
          </technique_common>
        </source>
        <vertices id="mesh_0-vertices">
          <input semantic="POSITION" source="#mesh_0-positions" />
        </vertices>
        <polylist count="372" material="defaultMaterial">
          <input offset="0" semantic="VERTEX" source="#mesh_0-vertices" />
          <input offset="0" semantic="NORMAL" source="#mesh_0-normals" />
          <vcount>3 3 3 3 3 3 3 3 3 3 3 3 3 3 3 3 3 3 3 3 3 3 3 3 3 3 3 3 3 3 3 3 3 3 3 3 3 3 3 3 3 3 3 3 3 3 3 3 3 3 3 3 3 3 3 3 3 3 3 3 3 3 3 3 3 3 3 3 3 3 3 3 3 3 3 3 3 3 3 3 3 3 3 3 3 3 3 3 3 3 3 3 3 3 3 3 3 3 3 3 3 3 3 3 3 3 3 3 3 3 3 3 3 3 3 3 3 3 3 3 3 3 3 3 3 3 3 3 3 3 3 3 3 3 3 3 3 3 3 3 3 3 3 3 3 3 3 3 3 3 3 3 3 3 3 3 3 3 3 3 3 3 3 3 3 3 3 3 3 3 3 3 3 3 3 3 3 3 3 3 3 3 3 3 3 3 3 3 3 3 3 3 3 3 3 3 3 3 3 3 3 3 3 3 3 3 3 3 3 3 3 3 3 3 3 3 3 3 3 3 3 3 3 3 3 3 3 3 3 3 3 3 3 3 3 3 3 3 3 3 3 3 3 3 3 3 3 3 3 3 3 3 3 3 3 3 3 3 3 3 3 3 3 3 3 3 3 3 3 3 3 3 3 3 3 3 3 3 3 3 3 3 3 3 3 3 3 3 3 3 3 3 3 3 3 3 3 3 3 3 3 3 3 3 3 3 3 3 3 3 3 3 3 3 3 3 3 3 3 3 3 3 3 3 3 3 3 3 3 3 3 3 3 3 3 3 3 3 3 3 3 3 3 3 3 3 3 3 3 3 3 3 3 3 3 3 3 3 3 3 3 3 3 3 3 3 3 3 3 3 3 3 </vcount>
          <p>0 1 2 3 4 5 6 7 8 9 10 11 12 13 14 15 16 17 18 19 20 21 22 23 24 25 26 27 28 29 30 31 32 33 34 35 36 37 38 39 40 41 42 43 44 45 46 47 48 49 50 51 52 53 54 55 56 57 58 59 60 61 62 63 64 65 66 67 68 69 70 71 72 73 74 75 76 77 78 79 80 81 82 83 84 85 86 87 88 89 90 91 92 93 94 95 96 97 98 99 100 101 102 103 104 105 106 107 108 109 110 111 112 113 114 115 116 117 118 119 120 121 122 123 124 125 126 127 128 129 130 131 132 133 134 135 136 137 138 139 140 141 142 143 144 145 146 147 148 149 150 151 152 153 154 155 156 157 158 159 160 161 162 163 164 165 166 167 168 169 170 171 172 173 174 175 176 177 178 179 180 181 182 183 184 185 186 187 188 189 190 191 192 193 194 195 196 197 198 199 200 201 202 203 204 205 206 207 208 209 210 211 212 213 214 215 216 217 218 219 220 221 222 223 224 225 226 227 228 229 230 231 232 233 234 235 236 237 238 239 240 241 242 243 244 245 246 247 248 249 250 251 252 253 254 255 256 257 258 259 260 261 262 263 264 265 266 267 268 269 270 271 272 273 274 275 276 277 278 279 280 281 282 283 284 285 286 287 288 289 290 291 292 293 294 295 296 297 298 299 300 301 302 303 304 305 306 307 308 309 310 311 312 313 314 315 316 317 318 319 320 321 322 323 324 325 326 327 328 329 330 331 332 333 334 335 336 337 338 339 340 341 342 343 344 345 346 347 348 349 350 351 352 353 354 355 356 357 358 359 360 361 362 363 364 365 366 367 368 369 370 371 372 373 374 375 376 377 378 379 380 381 382 383 384 385 386 387 388 389 390 391 392 393 394 395 396 397 398 399 400 401 402 403 404 405 406 407 408 409 410 411 412 413 414 415 416 417 418 419 420 421 422 423 424 425 426 427 428 429 430 431 432 433 434 435 436 437 438 439 440 441 442 443 444 445 446 447 448 449 450 451 452 453 454 455 456 457 458 459 460 461 462 463 464 465 466 467 468 469 470 471 472 473 474 475 476 477 478 479 480 481 482 483 484 485 486 487 488 489 490 491 492 493 494 495 496 497 498 499 500 501 502 503 504 505 506 507 508 509 510 511 512 513 514 515 516 517 518 519 520 521 522 523 524 525 526 527 528 529 530 531 532 533 534 535 536 537 538 539 540 541 542 543 544 545 546 547 548 549 550 551 552 553 554 555 556 557 558 559 560 561 562 563 564 565 566 567 568 569 570 571 572 573 574 575 576 577 578 579 580 581 582 583 584 585 586 587 588 589 590 591 592 593 594 595 596 597 598 599 600 601 602 603 604 605 606 607 608 609 610 611 612 613 614 615 616 617 618 619 620 621 622 623 624 625 626 627 628 629 630 631 632 633 634 635 636 637 638 639 640 641 642 643 644 645 646 647 648 649 650 651 652 653 654 655 656 657 658 659 660 661 662 663 664 665 666 667 668 669 670 671 672 673 674 675 676 677 678 679 680 681 682 683 684 685 686 687 688 689 690 691 692 693 694 695 696 697 698 699 700 701 702 703 704 705 706 707 708 709 710 711 712 713 714 715 716 717 718 719 720 721 722 723 724 725 726 727 728 729 730 731 732 733 734 735 736 737 738 739 740 741 742 743 744 745 746 747 748 749 750 751 752 753 754 755 756 757 758 759 760 761 762 763 764 765 766 767 768 769 770 771 772 773 774 775 776 777 778 779 780 781 782 783 784 785 786 787 788 789 790 791 792 793 794 795 796 797 798 799 800 801 802 803 804 805 806 807 808 809 810 811 812 813 814 815 816 817 818 819 820 821 822 823 824 825 826 827 828 829 830 831 832 833 834 835 836 837 838 839 840 841 842 843 844 845 846 847 848 849 850 851 852 853 854 855 856 857 858 859 860 861 862 863 864 865 866 867 868 869 870 871 872 873 874 875 876 877 878 879 880 881 882 883 884 885 886 887 888 889 890 891 892 893 894 895 896 897 898 899 900 901 902 903 904 905 906 907 908 909 910 911 912 913 914 915 916 917 918 919 920 921 922 923 924 925 926 927 928 929 930 931 932 933 934 935 936 937 938 939 940 941 942 943 944 945 946 947 948 949 950 951 952 953 954 955 956 957 958 959 960 961 962 963 964 965 966 967 968 969 970 971 972 973 974 975 976 977 978 979 980 981 982 983 984 985 986 987 988 989 990 991 992 993 994 995 996 997 998 999 1000 1001 1002 1003 1004 1005 1006 1007 1008 1009 1010 1011 1012 1013 1014 1015 1016 1017 1018 1019 1020 1021 1022 1023 1024 1025 1026 1027 1028 1029 1030 1031 1032 1033 1034 1035 1036 1037 1038 1039 1040 1041 1042 1043 1044 1045 1046 1047 1048 1049 1050 1051 1052 1053 1054 1055 1056 1057 1058 1059 1060 1061 1062 1063 1064 1065 1066 1067 1068 1069 1070 1071 1072 1073 1074 1075 1076 1077 1078 1079 1080 1081 1082 1083 1084 1085 1086 1087 1088 1089 1090 1091 1092 1093 1094 1095 1096 1097 1098 1099 1100 1101 1102 1103 1104 1105 1106 1107 1108 1109 1110 1111 1112 1113 1114 1115 </p>
        </polylist>
      </mesh>
    </geometry>
  </library_geometries>
  <library_controllers>
    <controller id="mesh_0-skin" name="skinCluster0">
      <skin source="#mesh_0">
        <bind_shape_matrix>
          1 0 0 0
          0 1 0 0
          0 0 1 0
          0 0 0 1
        </bind_shape_matrix>
        <source id="mesh_0-skin-joints" name="-skin-joints">
          <Name_array id="mesh_0-skin-joints-array" count="66">Bip01WPelvis Bip01WLWLeg Bip01WLWLeg1 Bip01WRWLeg Bip01WRWLeg1 Bip01WSpine Bip01WSpine1 Bip01WSpine2 Bip01WNeck Bip01WLWArm Bip01WLWArm1 Bip01WLWArm2 Bip01WLWHand Bip01WLWFinger0 Bip01WLWFinger01 Bip01WLWFinger02 Bip01WLWFinger1 Bip01WLWFinger11 Bip01WLWFinger12 Bone42 Bone43 Bone44 Bip01WRWArm Bip01WRWArm1 Bip01WRWArm2 Bip01WRWHand Bip01WRWFinger0 Bip01WRWFinger01 Bip01WRWFinger02 Bip01WRWFinger1 Bip01WRWFinger11 Bip01WRWFinger12 Bone48 Bone49 Bone50 Bip01WHead Dummy05 Bone13 Bone14 Bone15 Bone16 Bone17 Dummy04 Bone07 Bone08 Bone09 Bone10 Bone11 Dummy03 Bone01 Bone02 Bone03 Bone04 Bone05 Dummy08 Bone25 Bone26 Bone27 Bone28 Bone29 Bone30 Bone33 Bone34 Bone37 Bone38 Bone39 </Name_array>
          <technique_common>
            <accessor source="#mesh_0-skin-joints-array" count="66" stride="1">
              <param name="JOINT" type="Name"></param>
            </accessor>
          </technique_common>
        </source>
        <source id="mesh_0-skin-bind_poses" name="mesh_0-skin-bind_poses">
          <float_array id="mesh_0-skin-bind_poses-array" count="1056"> -1 -1.26759085e-06 -7.54276989e-05 3.24097037 -7.54276989e-05 -9.60093741e-11 1 4.22240067 -1.26759085e-06 1 3.97917647e-13 339.303711 0 0 0 1 0.711083233 0.042846255 -0.7018013 32.9905777 -0.207333639 0.966535866 -0.151067019 10.6260786 0.67184335 0.252928227 0.696170866 309.792877 0 0 0 1.00000012 0.711191833 0.0410029888 -0.7018013 -83.860733 -0.204827696 0.967070043 -0.151067019 44.2799683 0.672496676 0.251185983 0.696170866 199.299301 0 0 0 1.00000012 0.802765846 0.0547411069 0.593776405 28.4112835 0.193841189 -0.965651095 -0.173042089 -3.11294651 0.563908279 0.254010618 -0.785802782 305.993256 0 0 0 1 0.802904963 0.0526617654 0.593776405 -103.508812 0.191339523 -0.966149867 -0.173042089 -34.5507126 0.564564288 0.252549261 -0.785802782 213.233383 0 0 0 1 -0.984684408 -0.174346715 -7.6427692e-05 57.1495819 -7.61288902e-05 -8.40149369e-06 1 4.22649384 -0.174346715 0.984684408 -5.00000078e-06 348.907166 0 0 0 1 -0.99963659 -0.0269609988 -7.5617354e-05 130.58519 -7.56934314e-05 1.80085522e-06 1 4.23205471 -0.0269609988 0.99963659 -3.84096984e-06 350.968231 0 0 0 1 -0.991557419 0.129669592 -7.5617354e-05 231.853699 -7.44808931e-05 1.36138133e-05 1 4.23966169 0.129669592 0.991557419 -3.84096984e-06 337.781555 0 0 0 1 -0.659467459 -0.751733303 -7.77301393e-05 278.898651 -5.46983138e-05 -5.54164653e-05 1 4.24356365 -0.751733303 0.659467459 -4.57318765e-06 391.4151 0 0 0 1 0.851486742 0.521350026 -0.0562551096 281.446228 0.523870826 -0.850465894 0.0476161018 2.09018755 -0.0230184104 -0.0700149089 -0.997280478 436.649902 0 0 0 1 0.994142532 -0.10386017 0.0299045127 175.164093 -0.00985115487 -0.36261335 -0.931887686 3.14333749 0.107629843 0.926134527 -0.361512512 425.143372 0 0 0 1 0.948833942 -0.314357162 0.0299045127 -19.1050911 -0.0872803181 -0.352090418 -0.931887686 21.0135231 0.303474754 0.881596625 -0.361512512 363.008392 0 0 0 1 0.580981553 0.810509443 -0.0743986517 -170.83313 0.104570746 0.0163195115 0.994383574 -6.2959404 0.807171643 -0.585498452 -0.075274244 152.208878 0 0 0 1 0.842313409 0.466104895 -0.270655841 -250.304062 0.321868092 -0.0322018825 0.94623667 -23.1466866 0.432329953 -0.884143531 -0.177148372 103.996048 0 0 0 1 0.566574752 0.778292418 -0.270655841 -286.029785 0.305343181 0.106778368 0.94623667 -42.4003372 0.76534915 -0.618756652 -0.177148372 55.7364807 0 0 0 1 0.233945936 0.933817565 -0.270655841 -299.715424 0.243150696 0.213339716 0.94623667 -56.6242142 0.941354275 -0.287178367 -0.177148372 0.668609619 0 0 0 1 0.411024868 0.903473556 0.121633448 -198.564041 -0.337052882 0.026637964 0.941108942 10.7469244 0.847026765 -0.427816182 0.315467238 61.7701416 0 0 0 1 0.171845928 0.977586031 0.121633448 -207.578766 -0.332993954 -0.0585592501 0.941108942 28.215147 0.927137554 -0.202229053 0.315467238 13.1343079 0 0 0 1 0.426712781 0.896170855 0.121633448 -228.380646 -0.336537272 0.0325098336 0.941108942 44.620903 0.839439869 -0.44251743 0.315467238 -27.7874451 0 0 0 1 -0.576777101 -0.482502937 -0.659180999 -159.623245 0.798462093 -0.162501499 -0.579699755 -28.4125443 0.172588989 -0.860688627 0.478987247 166.236969 0 0 0 1 -0.576777101 -0.482502937 -0.659180999 -167.31514 0.798462093 -0.162501499 -0.579699755 -12.8712978 0.172588989 -0.860688627 0.478987247 174.460419 0 0 0 1 -0.576777101 -0.482502937 -0.659180999 -178.680908 0.798462093 -0.162501499 -0.579699755 22.8893776 0.172588989 -0.860688627 0.478987247 201.055115 0 0 0 1 0.851566255 0.521221817 0.0562419556 281.445557 -0.523742795 0.850542545 0.0476552993 6.39850235 -0.0229971688 -0.0700379834 0.997279465 436.649902 0 0 0 1.00000012 0.974431396 -0.218493521 0.0523869656 177.270645 0.141401902 0.415143996 -0.89869976 -8.7185173 0.174611837 0.883128643 0.435424715 417.982391 0 0 0 1 0.889638901 -0.453650594 0.0523869656 -4.87863445 0.240073726 0.367019922 -0.89869976 -57.8724518 0.388468444 0.812094808 0.435424715 338.445343 0 0 0 1 0.516896904 0.854367137 -0.0536142066 -139.870453 0.0313340873 0.0437050052 0.998553157 -66.0556107 0.855474055 -0.517829061 -0.00417994335 115.03125 0 0 0 0.99999994 0.914272785 0.297425419 0.275033891 -224.10701 -0.292048961 0.013431523 0.95630914 -53.6394691 0.280736297 -0.954650819 0.099142693 77.9943237 0 0 0 0.999999821 0.747057617 0.605195582 0.275033891 -271.213165 -0.27747947 -0.0920765772 0.95630914 -36.1429329 0.604077995 -0.790734291 0.099142693 39.9038696 0 0 0 0.999999821 0.708723247 0.649667323 0.275033891 -312.672516 -0.271341741 -0.108842164 0.95630914 -20.2697372 0.651217878 -0.752386868 0.099142693 1.80847168 0 0 0 0.999999821 0.716861308 0.584768057 -0.379679412 -203.78537 0.44745779 0.0317559056 0.89374131 -93.1413727 0.534688115 -0.810578883 -0.238894448 52.2719727 0 0 0 0.99999994 0.731915951 0.565811932 -0.379679412 -242.180099 0.448135495 0.0200377461 0.89374131 -116.649673 0.5132972 -0.82429105 -0.238894448 25.345459 0 0 0 0.99999994 0.920508325 0.0922402665 -0.379679412 -276.175293 0.390721262 -0.220371932 0.89374131 -131.079391 -0.00123178621 -0.971045017 -0.238894448 25.3908691 0 0 0 0.99999994 -0.750140667 0.629863381 0.201398194 -139.019547 0.298157841 0.0503117628 0.953189731 -86.1527634 0.590246677 0.775074661 -0.225539669 99.899231 0 0 0 0.99999994 -0.750140667 0.629863381 0.201398194 -132.61171 0.298157841 0.0503117628 0.953189731 -92.6737061 0.590246677 0.775074661 -0.225539669 89.3765411 0 0 0 0.99999994 -0.750140667 0.629863381 0.201398194 -116.752373 0.298157841 0.0503117628 0.953189731 -119.134026 0.590246677 0.775074661 -0.225539669 54.5635986 0 0 0 0.99999994 -0.958861411 -0.283875406 -7.77301393e-05 288.178711 -7.58306487e-05 -1.76806207e-05 1 4.2442975 -0.283875406 0.958861411 -4.57318765e-06 394.162506 0 0 0 1 0.319067985 0.800194204 0.507824004 340.679932 -0.347325563 -0.399821788 0.848237813 -197.493118 0.881794155 -0.447025776 0.150357589 203.774445 0 0 0 1 0.491446197 0.844912946 -0.211194441 342.668762 0.868255615 -0.456413925 0.19446969 -201.929962 0.0679178983 -0.278941989 -0.957903326 204.465546 0 0 0 1 -0.0221451204 0.977193356 -0.211194441 224.583054 0.978804648 0.0642111748 0.19446969 -232.040619 0.203595445 -0.202411503 -0.957903326 225.697876 0 0 0 1 -0.394235343 0.89441365 -0.211194441 162.008972 0.87981236 0.433718771 0.19446969 -348.83609 0.265535355 -0.109144531 -0.957903326 218.31366 0 0 0 1 -0.394235343 0.89441365 -0.211194441 163.748901 0.87981236 0.433718771 0.19446969 -390.88916 0.265535355 -0.109144531 -0.957903326 207.880539 0 0 0 1 -0.394235343 0.89441365 -0.211194441 175.96228 0.87981236 0.433718771 0.19446969 -453.271301 0.265535355 -0.109144531 -0.957903326 192.523209 0 0 0 1 -0.588217735 -0.244283482 -0.770925343 135.010727 0.527239621 0.606993735 -0.594623387 -27.4736252 0.613203526 -0.756230235 -0.228248686 140.455597 0 0 0 1 0.56059587 0.258258134 0.786787927 136.620789 -0.819402099 0.0357360207 0.572103977 -27.1355114 0.119633757 -0.965414822 0.231650874 139.133713 0 0 0 0.999999881 0.612296999 0.0778303593 0.786787927 138.513702 -0.770777106 0.280355573 0.572103977 -77.4471893 -0.17605345 -0.956735671 0.231650874 256.958405 0 0 0 0.999999881 0.603179812 -0.13091661 0.786787927 194.872314 -0.633073926 0.521453977 0.572103977 -171.981567 -0.485171676 -0.843176186 0.231650874 299.574219 0 0 0 0.999999881 0.589482903 -0.182961583 0.786787927 232.061707 -0.585243762 0.574618638 0.572103977 -217.676575 -0.556776047 -0.797708094 0.231650874 286.860352 0 0 0 0.999999881 0.589482903 -0.182961583 0.786787927 262.390869 -0.585243762 0.574618638 0.572103977 -252.199173 -0.556776047 -0.797708094 0.231650874 269.22995 0 0 0 0.999999881 0.414494634 0.910051942 -7.6203527e-05 89.730278 3.72346731e-05 6.67763816e-05 1 15.7836618 0.910051942 -0.414494634 -6.20703486e-06 133.369095 0 0 0 1 0.414494634 0.910051942 -7.6203527e-05 89.0618439 3.72346731e-05 6.67763816e-05 1 16.9373665 0.910051942 -0.414494634 -6.20703486e-06 140.630676 0 0 0 1 -0.241757527 0.970336795 -7.6203527e-05 -35.089695 -1.23998616e-05 7.54436842e-05 1 16.927639 0.970336795 0.241757527 -6.20703486e-06 95.3675385 0 0 0 1 -0.948107541 0.317950219 -7.6203527e-05 19.883873 -7.02756079e-05 3.01138643e-05 1 16.9311104 0.317950219 0.948107541 -6.20703486e-06 -22.8041687 0 0 0 1 -0.948107541 0.317950219 -7.6203527e-05 68.1839142 -7.02756079e-05 3.01138643e-05 1 16.9345589 0.317950219 0.948107541 -6.20703486e-06 -62.4690552 0 0 0 1 -0.948107541 0.317950219 -7.6203527e-05 128.811981 -7.02756079e-05 3.01138643e-05 1 16.9389992 0.317950219 0.948107541 -6.20703486e-06 -93.8011169 0 0 0 1 -1.58079979e-06 1.00000012 -7.36180809e-05 54.1492844 3.78693221e-06 7.36180955e-05 1 6.67584991 1.00000012 1.58052944e-06 -3.78704749e-06 302.686249 0 0 0 1 0.300519675 0.953775704 -7.36180809e-05 47.4434395 2.57356769e-05 6.90770539e-05 1 2.68932462 0.953775704 -0.300519675 -3.78704749e-06 316.760498 0 0 0 1 -0.0261846036 0.999657333 -7.36180809e-05 88.7055435 1.85808995e-06 7.36920192e-05 1 2.69290519 0.999657333 0.0261846036 -3.78704749e-06 460.128571 0 0 0 1 0.216284662 0.976330519 -7.36180809e-05 87.5891495 1.96198707e-05 7.10564927e-05 1 2.69322586 0.976330519 -0.216284662 -3.78704749e-06 566.554443 0 0 0 1 0.216284662 0.976330519 -7.36180809e-05 72.9116211 1.96198707e-05 7.10564927e-05 1 -7.39196014 0.976330519 -0.216284662 -3.78704749e-06 619.191406 0 0 0 1 0.216284662 0.976330519 -7.36180809e-05 66.0007629 1.96198707e-05 7.10564927e-05 1 -22.0752029 0.976330519 -0.216284662 -3.78704749e-06 658.584839 0 0 0 1 0.216284662 0.976330519 -7.36180809e-05 89.0829086 1.96198707e-05 7.10564927e-05 1 -37.8995018 0.976330519 -0.216284662 -3.78704749e-06 684.749329 0 0 0 1 0.216284662 0.976330519 -7.36180809e-05 99.0849991 1.96198707e-05 7.10564927e-05 1 2.69475794 0.976330519 -0.216284662 -3.78704749e-06 581.292725 0 0 0 1 0.216284662 0.976330519 -7.36180809e-05 138.567627 1.96198707e-05 7.10564927e-05 1 2.69767809 0.976330519 -0.216284662 -3.78704749e-06 584.892456 0 0 0 1 0.216284662 0.976330519 -7.36180809e-05 72.2490387 1.96198707e-05 7.10564927e-05 1 11.9007778 0.976330519 -0.216284662 -3.78704749e-06 618.490295 0 0 0 1 0.216284662 0.976330519 -7.36180809e-05 65.1623154 1.96198707e-05 7.10564927e-05 1 24.8308525 0.976330519 -0.216284662 -3.78704749e-06 657.098999 0 0 0 1 0.216284662 0.976330519 -7.36180809e-05 92.7706833 1.96198707e-05 7.10564927e-05 1 44.6624985 0.976330519 -0.216284662 -3.78704749e-06 688.844604 0 0 0 1 </float_array>
          <technique_common>
            <accessor count="66" offset="0" source="#mesh_0-skin-bind_poses-array" stride="16">
              <param name="TRANSFORM" type="float4x4" />
            </accessor>
          </technique_common>
        </source>
        <source id="mesh_0-skin-weights" name="mesh_0-skin-weights">
          <float_array id="mesh_0-skin-weights-array" count="1116"> 1 1 1 1 1 1 1 1 1 1 1 1 1 1 1 1 1 1 1 1 1 1 1 1 1 1 1 1 1 1 1 1 1 1 1 1 1 1 1 1 1 1 1 1 1 1 1 1 1 1 1 1 1 1 1 1 1 1 1 1 1 1 1 1 1 1 1 1 1 1 1 1 1 1 1 1 1 1 1 1 1 1 1 1 1 1 1 1 1 1 1 1 1 1 1 1 1 1 1 1 1 1 1 1 1 1 1 1 1 1 1 1 1 1 1 1 1 1 1 1 1 1 1 1 1 1 1 1 1 1 1 1 1 1 1 1 1 1 1 1 1 1 1 1 1 1 1 1 1 1 1 1 1 1 1 1 1 1 1 1 1 1 1 1 1 1 1 1 1 1 1 1 1 1 1 1 1 1 1 1 1 1 1 1 1 1 1 1 1 1 1 1 1 1 1 1 1 1 1 1 1 1 1 1 1 1 1 1 1 1 1 1 1 1 1 1 1 1 1 1 1 1 1 1 1 1 1 1 1 1 1 1 1 1 1 1 1 1 1 1 1 1 1 1 1 1 1 1 1 1 1 1 1 1 1 1 1 1 1 1 1 1 1 1 1 1 1 1 1 1 1 1 1 1 1 1 1 1 1 1 1 1 1 1 1 1 1 1 1 1 1 1 1 1 1 1 1 1 1 1 1 1 1 1 1 1 1 1 1 1 1 1 1 1 1 1 1 1 1 1 1 1 1 1 1 1 1 1 1 1 1 1 1 1 1 1 1 1 1 1 1 1 1 1 1 1 1 1 1 1 1 1 1 1 1 1 1 1 1 1 1 1 1 1 1 1 1 1 1 1 1 1 1 1 1 1 1 1 1 1 1 1 1 1 1 1 1 1 1 1 1 1 1 1 1 1 1 1 1 1 1 1 1 1 1 1 1 1 1 1 1 1 1 1 1 1 1 1 1 1 1 1 1 1 1 1 1 1 1 1 1 1 1 1 1 1 1 1 1 1 1 1 1 1 1 1 1 1 1 1 1 1 1 1 1 1 1 1 1 1 1 1 1 1 1 1 1 1 1 1 1 1 1 1 1 1 1 1 1 1 1 1 1 1 1 1 1 1 1 1 1 1 1 1 1 1 1 1 1 1 1 1 1 1 1 1 1 1 1 1 1 1 1 1 1 1 1 1 1 1 1 1 1 1 1 1 1 1 1 1 1 1 1 1 1 1 1 1 1 1 1 1 1 1 1 1 1 1 1 1 1 1 1 1 1 1 1 1 1 1 1 1 1 1 1 1 1 1 1 1 1 1 1 1 1 1 1 1 1 1 1 1 1 1 1 1 1 1 1 1 1 1 1 1 1 1 1 1 1 1 1 1 1 1 1 1 1 1 1 1 1 1 1 1 1 1 1 1 1 1 1 1 1 1 1 1 1 1 1 1 1 1 1 1 1 1 1 1 1 1 1 1 1 1 1 1 1 1 1 1 1 1 1 1 1 1 1 1 1 1 1 1 1 1 1 1 1 1 1 1 1 1 1 1 1 1 1 1 1 1 1 1 1 1 1 1 1 1 1 1 1 1 1 1 1 1 1 1 1 1 1 1 1 1 1 1 1 1 1 1 1 1 1 1 1 1 1 1 1 1 1 1 1 1 1 1 1 1 1 1 1 1 1 1 1 1 1 1 1 1 1 1 1 1 1 1 1 1 1 1 1 1 1 1 1 1 1 1 1 1 1 1 1 1 1 1 1 1 1 1 1 1 1 1 1 1 1 1 1 1 1 1 1 1 1 1 1 1 1 1 1 1 1 1 1 1 1 1 1 1 1 1 1 1 1 1 1 1 1 1 1 1 1 1 1 1 1 1 1 1 1 1 1 1 1 1 1 1 1 1 1 1 1 1 1 1 1 1 1 1 1 1 1 1 1 1 1 1 1 1 1 1 1 1 1 1 1 1 1 1 1 1 1 1 1 1 1 1 1 1 1 1 1 1 1 1 1 1 1 1 1 1 1 1 1 1 1 1 1 1 1 1 1 1 1 1 1 1 1 1 1 1 1 1 1 1 1 1 1 1 1 1 1 1 1 1 1 1 1 1 1 1 1 1 1 1 1 1 1 1 1 1 1 1 1 1 1 1 1 1 1 1 1 1 1 1 1 1 1 1 1 1 1 1 1 1 1 1 1 1 1 1 1 1 1 1 1 1 1 1 1 1 1 1 1 1 1 1 1 1 1 1 1 1 1 1 1 1 1 1 1 1 1 1 1 1 1 1 1 1 1 1 1 1 1 1 1 1 1 1 1 1 1 1 1 1 1 1 1 1 1 1 1 1 1 1 1 1 1 1 1 1 1 1 1 1 1 1 1 1 1 1 1 1 1 1 1 1 1 1 1 1 1 1 1 1 1 1 1 1 1 1 1 1 1 1 1 1 1 1 1 1 1 1 1 1 1 1 1 1 1 1 1 1 1 1 1 1 1 1 1 1 1 1 1 1 1 1 1 1 1 1 1 1 1 1 1 1 1 1 1 1 1 1 1 1 </float_array>
          <technique_common>
            <accessor count="1116" offset="0" source="#mesh_0-skin-weights-array" stride="1">
              <param name="WEIGHT" type="float" />
            </accessor>
          </technique_common>
        </source>
        <joints>
          <input semantic="JOINT" source="#mesh_0-skin-joints"></input>
          <input semantic="INV_BIND_MATRIX" source="#mesh_0-skin-bind_poses"></input>
        </joints>
        <vertex_weights count="1116">
          <input semantic="JOINT" source="#mesh_0-skin-joints" offset="0"></input>
          <input semantic="WEIGHT" source="#mesh_0-skin-weights" offset="1"></input>
          <vcount>1 1 1 1 1 1 1 1 1 1 1 1 1 1 1 1 1 1 1 1 1 1 1 1 1 1 1 1 1 1 1 1 1 1 1 1 1 1 1 1 1 1 1 1 1 1 1 1 1 1 1 1 1 1 1 1 1 1 1 1 1 1 1 1 1 1 1 1 1 1 1 1 1 1 1 1 1 1 1 1 1 1 1 1 1 1 1 1 1 1 1 1 1 1 1 1 1 1 1 1 1 1 1 1 1 1 1 1 1 1 1 1 1 1 1 1 1 1 1 1 1 1 1 1 1 1 1 1 1 1 1 1 1 1 1 1 1 1 1 1 1 1 1 1 1 1 1 1 1 1 1 1 1 1 1 1 1 1 1 1 1 1 1 1 1 1 1 1 1 1 1 1 1 1 1 1 1 1 1 1 1 1 1 1 1 1 1 1 1 1 1 1 1 1 1 1 1 1 1 1 1 1 1 1 1 1 1 1 1 1 1 1 1 1 1 1 1 1 1 1 1 1 1 1 1 1 1 1 1 1 1 1 1 1 1 1 1 1 1 1 1 1 1 1 1 1 1 1 1 1 1 1 1 1 1 1 1 1 1 1 1 1 1 1 1 1 1 1 1 1 1 1 1 1 1 1 1 1 1 1 1 1 1 1 1 1 1 1 1 1 1 1 1 1 1 1 1 1 1 1 1 1 1 1 1 1 1 1 1 1 1 1 1 1 1 1 1 1 1 1 1 1 1 1 1 1 1 1 1 1 1 1 1 1 1 1 1 1 1 1 1 1 1 1 1 1 1 1 1 1 1 1 1 1 1 1 1 1 1 1 1 1 1 1 1 1 1 1 1 1 1 1 1 1 1 1 1 1 1 1 1 1 1 1 1 1 1 1 1 1 1 1 1 1 1 1 1 1 1 1 1 1 1 1 1 1 1 1 1 1 1 1 1 1 1 1 1 1 1 1 1 1 1 1 1 1 1 1 1 1 1 1 1 1 1 1 1 1 1 1 1 1 1 1 1 1 1 1 1 1 1 1 1 1 1 1 1 1 1 1 1 1 1 1 1 1 1 1 1 1 1 1 1 1 1 1 1 1 1 1 1 1 1 1 1 1 1 1 1 1 1 1 1 1 1 1 1 1 1 1 1 1 1 1 1 1 1 1 1 1 1 1 1 1 1 1 1 1 1 1 1 1 1 1 1 1 1 1 1 1 1 1 1 1 1 1 1 1 1 1 1 1 1 1 1 1 1 1 1 1 1 1 1 1 1 1 1 1 1 1 1 1 1 1 1 1 1 1 1 1 1 1 1 1 1 1 1 1 1 1 1 1 1 1 1 1 1 1 1 1 1 1 1 1 1 1 1 1 1 1 1 1 1 1 1 1 1 1 1 1 1 1 1 1 1 1 1 1 1 1 1 1 1 1 1 1 1 1 1 1 1 1 1 1 1 1 1 1 1 1 1 1 1 1 1 1 1 1 1 1 1 1 1 1 1 1 1 1 1 1 1 1 1 1 1 1 1 1 1 1 1 1 1 1 1 1 1 1 1 1 1 1 1 1 1 1 1 1 1 1 1 1 1 1 1 1 1 1 1 1 1 1 1 1 1 1 1 1 1 1 1 1 1 1 1 1 1 1 1 1 1 1 1 1 1 1 1 1 1 1 1 1 1 1 1 1 1 1 1 1 1 1 1 1 1 1 1 1 1 1 1 1 1 1 1 1 1 1 1 1 1 1 1 1 1 1 1 1 1 1 1 1 1 1 1 1 1 1 1 1 1 1 1 1 1 1 1 1 1 1 1 1 1 1 1 1 1 1 1 1 1 1 1 1 1 1 1 1 1 1 1 1 1 1 1 1 1 1 1 1 1 1 1 1 1 1 1 1 1 1 1 1 1 1 1 1 1 1 1 1 1 1 1 1 1 1 1 1 1 1 1 1 1 1 1 1 1 1 1 1 1 1 1 1 1 1 1 1 1 1 1 1 1 1 1 1 1 1 1 1 1 1 1 1 1 1 1 1 1 1 1 1 1 1 1 1 1 1 1 1 1 1 1 1 1 1 1 1 1 1 1 1 1 1 1 1 1 1 1 1 1 1 1 1 1 1 1 1 1 1 1 1 1 1 1 1 1 1 1 1 1 1 1 1 1 1 1 1 1 1 1 1 1 1 1 1 1 1 1 1 1 1 1 1 1 1 1 1 1 1 1 1 1 1 1 1 1 1 1 1 1 1 1 1 1 1 1 1 1 1 1 1 1 1 1 1 1 1 1 1 1 1 1 1 1 1 1 1 1 1 1 1 1 1 1 1 1 1 1 1 1 1 1 1 1 1 1 1 1 1 1 1 1 1 1 1 1 1 1 1 1 1 1 1 1 1 1 1 1 1 1 1 1 1 1 1 1 1 1 1 1 1 1 1 1 1 1 1 1 1 1 1 1 1 1 1 1 1 1 1 1 1 1 1 1 1 1 1 1 1 1 1 1 1 1 1 1 1 1 1 1 1 1 1 1 1 1 1 1 1 1 1 1 1 1 1 </vcount>
          <v>0 0 0 1 0 2 0 3 0 4 0 5 0 6 0 7 0 8 0 9 0 10 0 11 0 12 0 13 0 14 0 15 0 16 0 17 0 18 0 19 0 20 0 21 0 22 0 23 0 24 0 25 0 26 0 27 0 28 0 29 0 30 0 31 0 32 0 33 0 34 0 35 1 36 1 37 1 38 1 39 1 40 1 41 1 42 1 43 1 44 1 45 1 46 1 47 2 48 2 49 2 50 2 51 2 52 2 53 2 54 2 55 2 56 2 57 2 58 2 59 2 60 2 61 2 62 2 63 2 64 2 65 2 66 2 67 2 68 2 69 2 70 2 71 3 72 3 73 3 74 3 75 3 76 3 77 3 78 3 79 3 80 3 81 3 82 3 83 4 84 4 85 4 86 4 87 4 88 4 89 4 90 4 91 4 92 4 93 4 94 4 95 4 96 4 97 4 98 4 99 4 100 4 101 4 102 4 103 4 104 4 105 4 106 4 107 5 108 5 109 5 110 5 111 5 112 5 113 5 114 5 115 5 116 5 117 5 118 5 119 6 120 6 121 6 122 6 123 6 124 6 125 6 126 6 127 6 128 6 129 6 130 6 131 6 132 6 133 6 134 6 135 6 136 6 137 6 138 6 139 6 140 6 141 6 142 6 143 7 144 7 145 7 146 7 147 7 148 7 149 7 150 7 151 7 152 7 153 7 154 7 155 8 156 8 157 8 158 8 159 8 160 8 161 8 162 8 163 8 164 8 165 8 166 8 167 8 168 8 169 8 170 8 171 8 172 8 173 8 174 8 175 8 176 8 177 8 178 8 179 8 180 8 181 8 182 8 183 8 184 8 185 8 186 8 187 8 188 8 189 8 190 8 191 9 192 9 193 9 194 9 195 9 196 9 197 9 198 9 199 9 200 9 201 9 202 9 203 10 204 10 205 10 206 10 207 10 208 10 209 10 210 10 211 10 212 10 213 10 214 10 215 11 216 11 217 11 218 11 219 11 220 11 221 11 222 11 223 11 224 11 225 11 226 11 227 12 228 12 229 12 230 12 231 12 232 12 233 12 234 12 235 12 236 12 237 12 238 12 239 12 240 12 241 12 242 12 243 12 244 12 245 12 246 12 247 12 248 12 249 12 250 12 251 12 252 12 253 12 254 12 255 12 256 12 257 12 258 12 259 12 260 12 261 12 262 12 263 13 264 13 265 13 266 13 267 13 268 13 269 13 270 13 271 13 272 13 273 13 274 13 275 14 276 14 277 14 278 14 279 14 280 14 281 14 282 14 283 14 284 14 285 14 286 14 287 15 288 15 289 15 290 15 291 15 292 15 293 15 294 15 295 15 296 15 297 15 298 15 299 15 300 15 301 15 302 15 303 15 304 15 305 15 306 15 307 15 308 15 309 15 310 15 311 16 312 16 313 16 314 16 315 16 316 16 317 16 318 16 319 16 320 16 321 16 322 16 323 17 324 17 325 17 326 17 327 17 328 17 329 17 330 17 331 17 332 17 333 17 334 17 335 18 336 18 337 18 338 18 339 18 340 18 341 18 342 18 343 18 344 18 345 18 346 18 347 18 348 18 349 18 350 18 351 18 352 18 353 18 354 18 355 18 356 18 357 18 358 18 359 19 360 19 361 19 362 19 363 19 364 19 365 19 366 19 367 19 368 19 369 19 370 19 371 20 372 20 373 20 374 20 375 20 376 20 377 20 378 20 379 20 380 20 381 20 382 20 383 21 384 21 385 21 386 21 387 21 388 21 389 21 390 21 391 21 392 21 393 21 394 21 395 21 396 21 397 21 398 21 399 21 400 21 401 21 402 21 403 21 404 21 405 21 406 21 407 22 408 22 409 22 410 22 411 22 412 22 413 22 414 22 415 22 416 22 417 22 418 22 419 23 420 23 421 23 422 23 423 23 424 23 425 23 426 23 427 23 428 23 429 23 430 23 431 24 432 24 433 24 434 24 435 24 436 24 437 24 438 24 439 24 440 24 441 24 442 24 443 25 444 25 445 25 446 25 447 25 448 25 449 25 450 25 451 25 452 25 453 25 454 25 455 25 456 25 457 25 458 25 459 25 460 25 461 25 462 25 463 25 464 25 465 25 466 25 467 25 468 25 469 25 470 25 471 25 472 25 473 25 474 25 475 25 476 25 477 25 478 25 479 26 480 26 481 26 482 26 483 26 484 26 485 26 486 26 487 26 488 26 489 26 490 26 491 27 492 27 493 27 494 27 495 27 496 27 497 27 498 27 499 27 500 27 501 27 502 27 503 28 504 28 505 28 506 28 507 28 508 28 509 28 510 28 511 28 512 28 513 28 514 28 515 28 516 28 517 28 518 28 519 28 520 28 521 28 522 28 523 28 524 28 525 28 526 28 527 29 528 29 529 29 530 29 531 29 532 29 533 29 534 29 535 29 536 29 537 29 538 29 539 30 540 30 541 30 542 30 543 30 544 30 545 30 546 30 547 30 548 30 549 30 550 30 551 31 552 31 553 31 554 31 555 31 556 31 557 31 558 31 559 31 560 31 561 31 562 31 563 31 564 31 565 31 566 31 567 31 568 31 569 31 570 31 571 31 572 31 573 31 574 31 575 32 576 32 577 32 578 32 579 32 580 32 581 32 582 32 583 32 584 32 585 32 586 32 587 33 588 33 589 33 590 33 591 33 592 33 593 33 594 33 595 33 596 33 597 33 598 33 599 34 600 34 601 34 602 34 603 34 604 34 605 34 606 34 607 34 608 34 609 34 610 34 611 34 612 34 613 34 614 34 615 34 616 34 617 34 618 34 619 34 620 34 621 34 622 34 623 35 624 35 625 35 626 35 627 35 628 35 629 35 630 35 631 35 632 35 633 35 634 35 635 35 636 35 637 35 638 35 639 35 640 35 641 35 642 35 643 35 644 35 645 35 646 35 647 35 648 35 649 35 650 35 651 35 652 35 653 35 654 35 655 35 656 35 657 35 658 35 659 36 660 36 661 36 662 36 663 36 664 36 665 36 666 36 667 36 668 36 669 36 670 36 671 37 672 37 673 37 674 37 675 37 676 37 677 37 678 37 679 37 680 37 681 37 682 37 683 38 684 38 685 38 686 38 687 38 688 38 689 38 690 38 691 38 692 38 693 38 694 38 695 39 696 39 697 39 698 39 699 39 700 39 701 39 702 39 703 39 704 39 705 39 706 39 707 40 708 40 709 40 710 40 711 40 712 40 713 40 714 40 715 40 716 40 717 40 718 40 719 41 720 41 721 41 722 41 723 41 724 41 725 41 726 41 727 41 728 41 729 41 730 41 731 41 732 41 733 41 734 41 735 41 736 41 737 41 738 41 739 41 740 41 741 41 742 41 743 42 744 42 745 42 746 42 747 42 748 42 749 42 750 42 751 42 752 42 753 42 754 42 755 43 756 43 757 43 758 43 759 43 760 43 761 43 762 43 763 43 764 43 765 43 766 43 767 44 768 44 769 44 770 44 771 44 772 44 773 44 774 44 775 44 776 44 777 44 778 44 779 45 780 45 781 45 782 45 783 45 784 45 785 45 786 45 787 45 788 45 789 45 790 45 791 46 792 46 793 46 794 46 795 46 796 46 797 46 798 46 799 46 800 46 801 46 802 46 803 47 804 47 805 47 806 47 807 47 808 47 809 47 810 47 811 47 812 47 813 47 814 47 815 47 816 47 817 47 818 47 819 47 820 47 821 47 822 47 823 47 824 47 825 47 826 47 827 48 828 48 829 48 830 48 831 48 832 48 833 48 834 48 835 48 836 48 837 48 838 48 839 49 840 49 841 49 842 49 843 49 844 49 845 49 846 49 847 49 848 49 849 49 850 49 851 50 852 50 853 50 854 50 855 50 856 50 857 50 858 50 859 50 860 50 861 50 862 50 863 51 864 51 865 51 866 51 867 51 868 51 869 51 870 51 871 51 872 51 873 51 874 51 875 52 876 52 877 52 878 52 879 52 880 52 881 52 882 52 883 52 884 52 885 52 886 52 887 53 888 53 889 53 890 53 891 53 892 53 893 53 894 53 895 53 896 53 897 53 898 53 899 53 900 53 901 53 902 53 903 53 904 53 905 53 906 53 907 53 908 53 909 53 910 53 911 54 912 54 913 54 914 54 915 54 916 54 917 54 918 54 919 54 920 54 921 54 922 54 923 55 924 55 925 55 926 55 927 55 928 55 929 55 930 55 931 55 932 55 933 55 934 55 935 56 936 56 937 56 938 56 939 56 940 56 941 56 942 56 943 56 944 56 945 56 946 56 947 57 948 57 949 57 950 57 951 57 952 57 953 57 954 57 955 57 956 57 957 57 958 57 959 57 960 57 961 57 962 57 963 57 964 57 965 57 966 57 967 57 968 57 969 57 970 57 971 57 972 57 973 57 974 57 975 57 976 57 977 57 978 57 979 57 980 57 981 57 982 57 983 58 984 58 985 58 986 58 987 58 988 58 989 58 990 58 991 58 992 58 993 58 994 58 995 59 996 59 997 59 998 59 999 59 1000 59 1001 59 1002 59 1003 59 1004 59 1005 59 1006 59 1007 60 1008 60 1009 60 1010 60 1011 60 1012 60 1013 60 1014 60 1015 60 1016 60 1017 60 1018 60 1019 60 1020 60 1021 60 1022 60 1023 60 1024 60 1025 60 1026 60 1027 60 1028 60 1029 60 1030 60 1031 61 1032 61 1033 61 1034 61 1035 61 1036 61 1037 61 1038 61 1039 61 1040 61 1041 61 1042 61 1043 62 1044 62 1045 62 1046 62 1047 62 1048 62 1049 62 1050 62 1051 62 1052 62 1053 62 1054 62 1055 62 1056 62 1057 62 1058 62 1059 62 1060 62 1061 62 1062 62 1063 62 1064 62 1065 62 1066 62 1067 63 1068 63 1069 63 1070 63 1071 63 1072 63 1073 63 1074 63 1075 63 1076 63 1077 63 1078 63 1079 64 1080 64 1081 64 1082 64 1083 64 1084 64 1085 64 1086 64 1087 64 1088 64 1089 64 1090 64 1091 65 1092 65 1093 65 1094 65 1095 65 1096 65 1097 65 1098 65 1099 65 1100 65 1101 65 1102 65 1103 65 1104 65 1105 65 1106 65 1107 65 1108 65 1109 65 1110 65 1111 65 1112 65 1113 65 1114 65 1115 </v>
        </vertex_weights>
      </skin>
    </controller>
  </library_controllers>
  <library_visual_scenes>
    <visual_scene id="Scene" name="Scene">
      <node id="Bip01" name="Bip01" type="NODE">
        <matrix sid="matrix">-7.57416128e-05 1 0 -4.22215509 -1 -7.57416128e-05 0 3.24129009 -0 0 1 -339.303711 0 0 0 1</matrix>
        <instance_controller url="#mesh_0-skin">
          <skeleton>#Bip01WPelvis</skeleton>
          <bind_material>
            <technique_common>
              <instance_material symbol="defaultMaterial" target="#SkeletonMaterial">
              </instance_material>
            </technique_common>
          </bind_material>
        </instance_controller>
        <node id="Bip01WPelvis" sid="Bip01WPelvis" name="Bip01 Pelvis" type="JOINT">
          <matrix sid="matrix">3.13916473e-07 1 -1.26759085e-06 0 0 1.26759085e-06 1 0 1 -3.13916473e-07 3.97917647e-13 0 0 0 0 1</matrix>
          <node id="Bip01WLWLeg" sid="Bip01WLWLeg" name="Bip01 L Leg" type="JOINT">
            <matrix sid="matrix">-0.711068392 0.671842456 -0.207387283 -5.99999985e-05 -0.0429194756 0.252928168 0.966532648 9.00000014e-05 0.701811731 0.696171701 -0.15101409 42.3903008 0 0 0 1</matrix>
            <node id="Bip01WLWLeg1" sid="Bip01WLWLeg1" name="Bip01 L Leg1" type="JOINT">
              <matrix sid="matrix">0.999996662 0.00259199715 0 164.303497 -0.00259199715 0.999996662 0 1.49999996e-05 0 0 1 0 0 0 0 1</matrix>
            </node>
          </node>
          <node id="Bip01WRWLeg" sid="Bip01WRWLeg" name="Bip01 R Leg" type="JOINT">
            <matrix sid="matrix">-0.802781224 0.563907266 0.193780661 5.99999985e-05 -0.0546685793 0.254010528 -0.965655208 -2.99999992e-05 -0.593762338 -0.785803556 -0.173086867 -42.3903008 0 0 0 1</matrix>
            <node id="Bip01WRWLeg1" sid="Bip01WRWLeg1" name="Bip01 R Leg1" type="JOINT">
              <matrix sid="matrix">0.999996662 0.00258999714 0 164.303497 -0.00258999714 0.999996662 0 -1.49999996e-05 0 0 1 0 0 0 0 1</matrix>
            </node>
          </node>
          <node id="Bip01WSpine" sid="Bip01WSpine" name="Bip01 Spine" type="JOINT">
            <matrix sid="matrix">0.984684527 -0.174345449 -1.8564117e-06 54.7572899 0.174345449 0.984684527 4.74907711e-06 -0.057585001 9.99999997e-07 -4.99999987e-06 1 7.50000036e-05 0 0 0 1</matrix>
            <node id="Bip01WSpine1" sid="Bip01WSpine1" name="Bip01 Spine1" type="JOINT">
              <matrix sid="matrix">0.989026964 0.147735253 8.41291694e-07 73.4644699 -0.147735253 0.989026964 -1.13676219e-06 -0.080430001 -9.99999997e-07 9.99999997e-07 1 0 0 0 0 1</matrix>
              <node id="Bip01WSpine2" sid="Bip01WSpine2" name="Bip01 Spine2" type="JOINT">
                <matrix sid="matrix">0.98770082 0.156355813 0 102.123421 -0.156355813 0.98770082 0 -0.0560999997 0 0 1 0 0 0 0 1</matrix>
                <node id="Bip01WNeck" sid="Bip01WNeck" name="Bip01 Neck" type="JOINT">
                  <matrix sid="matrix">0.55642277 -0.830899358 -1.94374479e-06 71.3426971 0.830899358 0.55642277 -1.10537599e-06 -0.00430499995 1.99999999e-06 -9.99999997e-07 1 0 0 0 0 1</matrix>
                  <node id="Bip01WLWArm" sid="Bip01WLWArm" name="Bip01 L Arm" type="JOINT">
                    <matrix sid="matrix">-0.544252694 -0.655299723 0.523804724 7.50000036e-05 -0.291134298 -0.438041478 -0.850506008 0.00754499994 0.78678453 -0.615387678 0.0476250499 45.3576317 0 0 0 1</matrix>
                    <node id="Bip01WLWArm1" sid="Bip01WLWArm1" name="Bip01 L Arm1" type="JOINT">
                      <matrix sid="matrix">0.838860631 0.519138396 -0.163731679 106.908356 -0.299716145 0.18939954 -0.935038984 0 -0.454403967 0.833440483 0.314473987 -1.49999996e-05 0 0 0 1</matrix>
                      <node id="Bip01WLWArm2" sid="Bip01WLWArm2" name="Bip01 L Arm2" type="JOINT">
                        <matrix sid="matrix">0.976798356 0.214161173 0 204.745193 -0.214161173 0.976798356 0 -1.49999996e-05 0 0 1 -2.99999992e-05 0 0 0 1</matrix>
                        <node id="Bip01WLWHand" sid="Bip01WLWHand" name="Bip01 L Hand" type="JOINT">
                          <matrix sid="matrix">0.787083805 0.49214527 -0.371876597 261.158173 0.589930356 -0.776708484 0.22069481 -1.49999996e-05 -0.18022579 -0.393086582 -0.901666045 -2.99999992e-05 0 0 0 1</matrix>
                          <node id="Bip01WLWFinger0" sid="Bip01WLWFinger0" name="Bip01 L Finger0" type="JOINT">
                            <matrix sid="matrix">0.871990621 0.434827268 0.224850208 93.2069855 -0.446224302 0.894921184 -0.000145360827 -6.12795019 -0.20128639 -0.100206867 0.974393368 -14.1053085 0 0 0 1</matrix>
                            <node id="Bip01WLWFinger01" sid="Bip01WLWFinger01" name="Bip01 L Finger01" type="JOINT">
                              <matrix sid="matrix">0.906396627 -0.422427654 0 63.0556068 0.422427654 0.906396627 0 0 0 0 1 5.99999985e-05 0 0 0 1</matrix>
                              <node id="Bip01WLWFinger02" sid="Bip01WLWFinger02" name="Bip01 L Finger02" type="JOINT">
                                <matrix sid="matrix">0.927256286 -0.374427229 0 58.4985886 0.374427229 0.927256286 0 2.99999992e-05 0 0 1 -5.99999985e-05 0 0 0 1</matrix>
                              </node>
                            </node>
                          </node>
                          <node id="Bip01WLWFinger1" sid="Bip01WLWFinger1" name="Bip01 L Finger1" type="JOINT">
                            <matrix sid="matrix">0.887247503 -0.168293744 -0.429498732 93.7465134 0.182365984 0.983193755 -0.00852526724 -14.09097 0.423715204 -0.0707619339 0.903027177 15.8642845 0 0 0 1</matrix>
                            <node id="Bip01WLWFinger11" sid="Bip01WLWFinger11" name="Bip01 L Finger11" type="JOINT">
                              <matrix sid="matrix">0.968179643 -0.25025633 0 52.4580307 0.25025633 0.968179643 0 0 0 0 1 -1.49999996e-05 0 0 0 1</matrix>
                              <node id="Bip01WLWFinger12" sid="Bip01WLWFinger12" name="Bip01 L Finger12" type="JOINT">
                                <matrix sid="matrix">0.963669717 0.267096698 0 48.7488441 -0.267096698 0.963669717 0 1.49999996e-05 0 0 1 0 0 0 0 1</matrix>
                              </node>
                            </node>
                          </node>
                          <node id="Bone42" sid="Bone42" name="Bone42" type="JOINT">
                            <matrix sid="matrix">-0.112292133 -0.555503011 0.823897362 21.703846 -0.992040932 0.110206619 -0.0609035604 13.8886652 -0.05696683 -0.824178934 -0.563457131 -12.1508551 0 0 0 1</matrix>
                            <node id="Bone43" sid="Bone43" name="Bone43" type="JOINT">
                              <matrix sid="matrix">1 0 0 -18.2648849 0 1 0 5.89184999 0 0 1 1.49999996e-05 0 0 0 1</matrix>
                              <node id="Bone44" sid="Bone44" name="Bone44" type="JOINT">
                                <matrix sid="matrix">1 0 0 -39.6990128 0 1 0 23.2169552 0 0 1 0.499785006 0 0 0 1</matrix>
                              </node>
                            </node>
                          </node>
                        </node>
                      </node>
                    </node>
                  </node>
                  <node id="Bip01WRWArm" sid="Bip01WRWArm" name="Bip01 R Arm" type="JOINT">
                    <matrix sid="matrix">-0.544263601 -0.655287266 -0.523808837 7.50000036e-05 -0.291125447 -0.438054591 0.850502253 0.00779999979 -0.786780179 0.615391552 0.047646381 -45.3576317 0 0 0 1</matrix>
                    <node id="Bip01WRWArm1" sid="Bip01WRWArm1" name="Bip01 R Arm1" type="JOINT">
                      <matrix sid="matrix">0.7517187 0.615933657 0.235679254 106.908356 -0.423799694 0.177361488 0.888221085 0 0.505284846 -0.767573178 0.394358456 2.99999992e-05 0 0 0 1</matrix>
                      <node id="Bip01WRWArm2" sid="Bip01WRWArm2" name="Bip01 R Arm2" type="JOINT">
                        <matrix sid="matrix">0.968669772 0.248352408 0 204.745193 -0.248352408 0.968669772 0 1.49999996e-05 0 0 1 0 0 0 0 1</matrix>
                        <node id="Bip01WRWHand" sid="Bip01WRWHand" name="Bip01 R Hand" type="JOINT">
                          <matrix sid="matrix">0.799698532 0.471735656 0.371413112 261.158234 0.569410264 -0.792069435 -0.219995379 0 0.190405324 0.387416422 -0.902027845 1.49999996e-05 0 0 0 1</matrix>
                          <node id="Bip01WRWFinger0" sid="Bip01WRWFinger0" name="Bip01 R Finger0" type="JOINT">
                            <matrix sid="matrix">0.703596294 0.622987092 -0.341817617 91.0388489 -0.662519693 0.749043047 0.00145621598 -10.4700298 0.256943345 0.225436345 0.939765155 14.9661751 0 0 0 1</matrix>
                            <node id="Bip01WRWFinger01" sid="Bip01WRWFinger01" name="Bip01 R Finger01" type="JOINT">
                              <matrix sid="matrix">0.933638513 -0.358216584 0 63.0555573 0.358216584 0.933638513 0 0 0 0 1 2.99999992e-05 0 0 0 1</matrix>
                              <node id="Bip01WRWFinger02" sid="Bip01WRWFinger02" name="Bip01 R Finger02" type="JOINT">
                                <matrix sid="matrix">0.998135328 -0.0610400327 0 58.4986496 0.0610400327 0.998135328 0 -2.99999992e-05 0 0 1 0 0 0 0 1</matrix>
                              </node>
                            </node>
                          </node>
                          <node id="Bip01WRWFinger1" sid="Bip01WRWFinger1" name="Bip01 R Finger1" type="JOINT">
                            <matrix sid="matrix">0.841975927 0.355141759 0.406141371 91.4943619 -0.390169263 0.920735478 0.00374621153 -12.63591 -0.372618377 -0.161618114 0.913802564 -15.0522747 0 0 0 1</matrix>
                            <node id="Bip01WRWFinger11" sid="Bip01WRWFinger11" name="Bip01 R Finger11" type="JOINT">
                              <matrix sid="matrix">0.999657691 0.0261640139 0 52.4580307 -0.0261640139 0.999657691 0 0 0 0 1 0 0 0 0 1</matrix>
                              <node id="Bip01WRWFinger12" sid="Bip01WRWFinger12" name="Bip01 R Finger12" type="JOINT">
                                <matrix sid="matrix">0.848198235 0.529678941 0 36.9309158 -0.529678941 0.848198235 0 4.50000007e-05 0 0 1 0 0 0 0 1</matrix>
                              </node>
                            </node>
                          </node>
                          <node id="Bone48" sid="Bone48" name="Bone48" type="JOINT">
                            <matrix sid="matrix">0.12653777 -0.933511198 0.335477293 15.5620499 0.990207255 0.138977289 0.0132296607 12.2036257 -0.0589737594 0.330517977 0.941955388 15.5721149 0 0 0 1</matrix>
                            <node id="Bone49" sid="Bone49" name="Bone49" type="JOINT">
                              <matrix sid="matrix">1 0 0 12.9621449 0 1 0 4.4477849 0 0 1 2.5518899 0 0 0 1</matrix>
                              <node id="Bone50" sid="Bone50" name="Bone50" type="JOINT">
                                <matrix sid="matrix">1 0 0 40.3342171 0 1 0 18.3247204 0 0 1 14.1759892 0 0 0 1</matrix>
                              </node>
                            </node>
                          </node>
                        </node>
                      </node>
                    </node>
                  </node>
                  <node id="Bip01WHead" sid="Bip01WHead" name="Bip01 Head" type="JOINT">
                    <matrix sid="matrix">0.845736206 0.533601224 0 9.67821026 -0.533601224 0.845736206 0 -1.49999996e-05 0 0 1 0 0 0 0 1</matrix>
                    <node id="Dummy05" sid="Dummy05" name="Dummy05" type="JOINT">
                      <matrix sid="matrix">-0.556235075 0.754948676 -0.347354382 81.0630264 -0.640345097 -0.655783951 -0.399881989 -207.778519 -0.529679775 -1.69639543e-06 0.848197699 173.086243 0 0 0 1</matrix>
                      <node id="Bone13" sid="Bone13" name="Bone13" type="JOINT">
                        <matrix sid="matrix">-0.084873125 0.0157436728 0.996267378 2.82796502 0.182139367 0.983272731 -2.16662884e-05 -3.51265502 -0.979602873 0.181457683 -0.0863209739 1.94488502 0 0 0 1</matrix>
                        <node id="Bone14" sid="Bone14" name="Bone14" type="JOINT">
                          <matrix sid="matrix">0.85279727 -0.522242129 0 22.5346336 0.522242129 0.85279727 0 121.623573 0 0 1 1.25507998 0 0 0 1</matrix>
                          <node id="Bone15" sid="Bone15" name="Bone15" type="JOINT">
                            <matrix sid="matrix">0.923956454 -0.382497638 0 80.049942 0.382497638 0.923956454 0 105.817558 0 0 1 2.42451 0 0 0 1</matrix>
                            <node id="Bone16" sid="Bone16" name="Bone16" type="JOINT">
                              <matrix sid="matrix">1 0 0 40.4550896 0 1 0 15.5442753 0 0 1 -1.44835496 0 0 0 1</matrix>
                              <node id="Bone17" sid="Bone17" name="Bone17" type="JOINT">
                                <matrix sid="matrix">1 0 0 63.7773857 0 1 0 14.456295 0 0 1 0 0 0 0 1</matrix>
                              </node>
                            </node>
                          </node>
                        </node>
                      </node>
                    </node>
                    <node id="Dummy04" sid="Dummy04" name="Dummy04" type="JOINT">
                      <matrix sid="matrix">0.389905721 0.754948139 0.527282476 82.2007828 0.448863 -0.655784488 0.607016265 -210.024597 0.804049432 -1.50732376e-06 -0.594562411 -194.849457 0 0 0 1</matrix>
                      <node id="Bone07" sid="Bone07" name="Bone07" type="JOINT">
                        <matrix sid="matrix">-0.688413799 -0.724787116 0.0277519785 -0.467415005 -0.725066245 0.688679218 7.34627247e-06 -1.70406008 -0.0191175342 -0.0201169644 -0.999614894 -1.15401006 0 0 0 1</matrix>
                        <node id="Bone08" sid="Bone08" name="Bone08" type="JOINT">
                          <matrix sid="matrix">0.953765869 0.300550699 0 -19.1946907 -0.300550699 0.953765869 0 126.684952 0 0 1 0 0 0 0 1</matrix>
                          <node id="Bone09" sid="Bone09" name="Bone09" type="JOINT">
                            <matrix sid="matrix">0.942700326 0.333640754 0 -73.1656647 -0.333640754 0.942700326 0 92.6062775 0 0 1 -0.130740002 0 0 0 1</matrix>
                            <node id="Bone10" sid="Bone10" name="Bone10" type="JOINT">
                              <matrix sid="matrix">0.996198773 0.087109454 0 -55.7440338 -0.087109454 0.996198773 0 22.9194298 0 0 1 -0.172665 0 0 0 1</matrix>
                              <node id="Bone11" sid="Bone11" name="Bone11" type="JOINT">
                                <matrix sid="matrix">1 0 0 -47.8988991 0 1 0 11.3225546 0 0 1 -0.0280200001 0 0 0 1</matrix>
                              </node>
                            </node>
                          </node>
                        </node>
                      </node>
                    </node>
                    <node id="Dummy03" sid="Dummy03" name="Dummy03" type="JOINT">
                      <matrix sid="matrix">-0.655784011 0.754948556 8.54113068e-07 319.59079 -0.754948556 -0.655784011 -2.06651657e-06 72.5000916 -9.99999997e-07 -1.99999999e-06 1 -11.5561056 0 0 0 1</matrix>
                      <node id="Bone01" sid="Bone01" name="Bone01" type="JOINT">
                        <matrix sid="matrix">1 0 0 -6.33137989 0 1 0 3.61813498 0 0 1 -1.15371001 0 0 0 1</matrix>
                        <node id="Bone02" sid="Bone02" name="Bone02" type="JOINT">
                          <matrix sid="matrix">0.782849491 -0.622211099 0 13.9059753 0.622211099 0.782849491 0 131.411453 0 0 1 -1.49999996e-05 0 0 0 1</matrix>
                          <node id="Bone03" sid="Bone03" name="Bone03" type="JOINT">
                            <matrix sid="matrix">0.537730813 -0.843116581 0 89.6935196 0.843116581 0.537730813 0 94.5605698 0 0 1 -1.49999996e-05 0 0 0 1</matrix>
                            <node id="Bone04" sid="Bone04" name="Bone04" type="JOINT">
                              <matrix sid="matrix">1 0 0 58.4050674 0 1 0 22.2495899 0 0 1 -1.49999996e-05 0 0 0 1</matrix>
                              <node id="Bone05" sid="Bone05" name="Bone05" type="JOINT">
                                <matrix sid="matrix">1 0 0 67.4439621 0 1 0 10.4294548 0 0 1 -1.49999996e-05 0 0 0 1</matrix>
                              </node>
                            </node>
                          </node>
                        </node>
                      </node>
                    </node>
                  </node>
                </node>
              </node>
              <node id="Dummy08" sid="Dummy08" name="Dummy08" type="JOINT">
                <matrix sid="matrix">-0.0269594155 0.999636531 -5.39188321e-08 48.2818642 -0.999636531 -0.0269594155 -1.99927308e-06 76.4357834 -1.99999999e-06 0 1 -2.44960499 0 0 0 1</matrix>
                <node id="Bone25" sid="Bone25" name="Bone25" type="JOINT">
                  <matrix sid="matrix">0.953775167 0.300521135 0 -11.4083252 -0.300521135 0.953775167 0 10.6257305 0 0 1 3.98608494 0 0 0 1</matrix>
                  <node id="Bone26" sid="Bone26" name="Bone26" type="JOINT">
                    <matrix sid="matrix">0.945579588 -0.325390816 0 -142.238449 0.325390816 0.945579588 0 -45.0019951 0 0 1 0 0 0 0 1</matrix>
                    <node id="Bone27" sid="Bone27" name="Bone27" type="JOINT">
                      <matrix sid="matrix">0.970332265 0.241775289 0 -103.665321 -0.241775289 0.970332265 0 24.1082401 0 0 1 0 0 0 0 1</matrix>
                      <node id="Bone28" sid="Bone28" name="Bone28" type="JOINT">
                        <matrix sid="matrix">1 0 0 -48.2164192 0 1 0 25.7154007 0 0 1 10.0843048 0 0 0 1</matrix>
                        <node id="Bone29" sid="Bone29" name="Bone29" type="JOINT">
                          <matrix sid="matrix">1 0 0 -36.9659386 0 1 0 15.2685442 0 0 1 14.6828852 0 0 0 1</matrix>
                          <node id="Bone30" sid="Bone30" name="Bone30" type="JOINT">
                            <matrix sid="matrix">1 0 0 -30.537075 0 1 0 -16.8757343 0 0 1 15.8260956 0 0 0 1</matrix>
                          </node>
                        </node>
                      </node>
                      <node id="Bone33" sid="Bone33" name="Bone33" type="JOINT">
                        <matrix sid="matrix">1 0 0 -16.8757496 0 1 0 -8.03608513 0 0 1 -0.000630000024 0 0 0 1</matrix>
                        <node id="Bone34" sid="Bone34" name="Bone34" type="JOINT">
                          <matrix sid="matrix">1 0 0 -12.0541201 0 1 0 -37.7695045 0 0 1 0 0 0 0 1</matrix>
                        </node>
                      </node>
                      <node id="Bone37" sid="Bone37" name="Bone37" type="JOINT">
                        <matrix sid="matrix">1 0 0 -47.3888702 0 1 0 26.2092743 0 0 1 -9.20848465 0 0 0 1</matrix>
                        <node id="Bone38" sid="Bone38" name="Bone38" type="JOINT">
                          <matrix sid="matrix">1 0 0 -36.1623306 0 1 0 15.2685442 0 0 1 -12.9304504 0 0 0 1</matrix>
                          <node id="Bone39" sid="Bone39" name="Bone39" type="JOINT">
                            <matrix sid="matrix">1 0 0 -36.9659119 0 1 0 -20.0902042 0 0 1 -19.8294907 0 0 0 1</matrix>
                          </node>
                        </node>
                      </node>
                    </node>
                  </node>
                </node>
              </node>
            </node>
          </node>
        </node>
      </node>
    </visual_scene>
  </library_visual_scenes>
  <library_animations>
    <animation id="animation_0" name="">
      <sampler id="Bip01_matrix-sampler">
        <input semantic="INPUT" source="#Bip01_matrix-input"/>
        <input semantic="OUTPUT" source="#Bip01_matrix-output"/>
        <input semantic="INTERPOLATION" source="#Bip01_matrix-interpolation"/>
      </sampler>
      <sampler id="Bip01WPelvis_matrix-sampler">
        <input semantic="INPUT" source="#Bip01WPelvis_matrix-input"/>
        <input semantic="OUTPUT" source="#Bip01WPelvis_matrix-output"/>
        <input semantic="INTERPOLATION" source="#Bip01WPelvis_matrix-interpolation"/>
      </sampler>
      <sampler id="Bip01WLWLeg_matrix-sampler">
        <input semantic="INPUT" source="#Bip01WLWLeg_matrix-input"/>
        <input semantic="OUTPUT" source="#Bip01WLWLeg_matrix-output"/>
        <input semantic="INTERPOLATION" source="#Bip01WLWLeg_matrix-interpolation"/>
      </sampler>
      <sampler id="Bip01WLWLeg1_matrix-sampler">
        <input semantic="INPUT" source="#Bip01WLWLeg1_matrix-input"/>
        <input semantic="OUTPUT" source="#Bip01WLWLeg1_matrix-output"/>
        <input semantic="INTERPOLATION" source="#Bip01WLWLeg1_matrix-interpolation"/>
      </sampler>
      <sampler id="Bip01WRWLeg_matrix-sampler">
        <input semantic="INPUT" source="#Bip01WRWLeg_matrix-input"/>
        <input semantic="OUTPUT" source="#Bip01WRWLeg_matrix-output"/>
        <input semantic="INTERPOLATION" source="#Bip01WRWLeg_matrix-interpolation"/>
      </sampler>
      <sampler id="Bip01WRWLeg1_matrix-sampler">
        <input semantic="INPUT" source="#Bip01WRWLeg1_matrix-input"/>
        <input semantic="OUTPUT" source="#Bip01WRWLeg1_matrix-output"/>
        <input semantic="INTERPOLATION" source="#Bip01WRWLeg1_matrix-interpolation"/>
      </sampler>
      <sampler id="Bip01WSpine_matrix-sampler">
        <input semantic="INPUT" source="#Bip01WSpine_matrix-input"/>
        <input semantic="OUTPUT" source="#Bip01WSpine_matrix-output"/>
        <input semantic="INTERPOLATION" source="#Bip01WSpine_matrix-interpolation"/>
      </sampler>
      <sampler id="Bip01WSpine1_matrix-sampler">
        <input semantic="INPUT" source="#Bip01WSpine1_matrix-input"/>
        <input semantic="OUTPUT" source="#Bip01WSpine1_matrix-output"/>
        <input semantic="INTERPOLATION" source="#Bip01WSpine1_matrix-interpolation"/>
      </sampler>
      <sampler id="Bip01WSpine2_matrix-sampler">
        <input semantic="INPUT" source="#Bip01WSpine2_matrix-input"/>
        <input semantic="OUTPUT" source="#Bip01WSpine2_matrix-output"/>
        <input semantic="INTERPOLATION" source="#Bip01WSpine2_matrix-interpolation"/>
      </sampler>
      <sampler id="Bip01WNeck_matrix-sampler">
        <input semantic="INPUT" source="#Bip01WNeck_matrix-input"/>
        <input semantic="OUTPUT" source="#Bip01WNeck_matrix-output"/>
        <input semantic="INTERPOLATION" source="#Bip01WNeck_matrix-interpolation"/>
      </sampler>
      <sampler id="Bip01WLWArm_matrix-sampler">
        <input semantic="INPUT" source="#Bip01WLWArm_matrix-input"/>
        <input semantic="OUTPUT" source="#Bip01WLWArm_matrix-output"/>
        <input semantic="INTERPOLATION" source="#Bip01WLWArm_matrix-interpolation"/>
      </sampler>
      <sampler id="Bip01WLWArm1_matrix-sampler">
        <input semantic="INPUT" source="#Bip01WLWArm1_matrix-input"/>
        <input semantic="OUTPUT" source="#Bip01WLWArm1_matrix-output"/>
        <input semantic="INTERPOLATION" source="#Bip01WLWArm1_matrix-interpolation"/>
      </sampler>
      <sampler id="Bip01WLWArm2_matrix-sampler">
        <input semantic="INPUT" source="#Bip01WLWArm2_matrix-input"/>
        <input semantic="OUTPUT" source="#Bip01WLWArm2_matrix-output"/>
        <input semantic="INTERPOLATION" source="#Bip01WLWArm2_matrix-interpolation"/>
      </sampler>
      <sampler id="Bip01WLWHand_matrix-sampler">
        <input semantic="INPUT" source="#Bip01WLWHand_matrix-input"/>
        <input semantic="OUTPUT" source="#Bip01WLWHand_matrix-output"/>
        <input semantic="INTERPOLATION" source="#Bip01WLWHand_matrix-interpolation"/>
      </sampler>
      <sampler id="Bip01WLWFinger0_matrix-sampler">
        <input semantic="INPUT" source="#Bip01WLWFinger0_matrix-input"/>
        <input semantic="OUTPUT" source="#Bip01WLWFinger0_matrix-output"/>
        <input semantic="INTERPOLATION" source="#Bip01WLWFinger0_matrix-interpolation"/>
      </sampler>
      <sampler id="Bip01WLWFinger01_matrix-sampler">
        <input semantic="INPUT" source="#Bip01WLWFinger01_matrix-input"/>
        <input semantic="OUTPUT" source="#Bip01WLWFinger01_matrix-output"/>
        <input semantic="INTERPOLATION" source="#Bip01WLWFinger01_matrix-interpolation"/>
      </sampler>
      <sampler id="Bip01WLWFinger02_matrix-sampler">
        <input semantic="INPUT" source="#Bip01WLWFinger02_matrix-input"/>
        <input semantic="OUTPUT" source="#Bip01WLWFinger02_matrix-output"/>
        <input semantic="INTERPOLATION" source="#Bip01WLWFinger02_matrix-interpolation"/>
      </sampler>
      <sampler id="Bip01WLWFinger1_matrix-sampler">
        <input semantic="INPUT" source="#Bip01WLWFinger1_matrix-input"/>
        <input semantic="OUTPUT" source="#Bip01WLWFinger1_matrix-output"/>
        <input semantic="INTERPOLATION" source="#Bip01WLWFinger1_matrix-interpolation"/>
      </sampler>
      <sampler id="Bip01WLWFinger11_matrix-sampler">
        <input semantic="INPUT" source="#Bip01WLWFinger11_matrix-input"/>
        <input semantic="OUTPUT" source="#Bip01WLWFinger11_matrix-output"/>
        <input semantic="INTERPOLATION" source="#Bip01WLWFinger11_matrix-interpolation"/>
      </sampler>
      <sampler id="Bip01WLWFinger12_matrix-sampler">
        <input semantic="INPUT" source="#Bip01WLWFinger12_matrix-input"/>
        <input semantic="OUTPUT" source="#Bip01WLWFinger12_matrix-output"/>
        <input semantic="INTERPOLATION" source="#Bip01WLWFinger12_matrix-interpolation"/>
      </sampler>
      <sampler id="Bone42_matrix-sampler">
        <input semantic="INPUT" source="#Bone42_matrix-input"/>
        <input semantic="OUTPUT" source="#Bone42_matrix-output"/>
        <input semantic="INTERPOLATION" source="#Bone42_matrix-interpolation"/>
      </sampler>
      <sampler id="Bone43_matrix-sampler">
        <input semantic="INPUT" source="#Bone43_matrix-input"/>
        <input semantic="OUTPUT" source="#Bone43_matrix-output"/>
        <input semantic="INTERPOLATION" source="#Bone43_matrix-interpolation"/>
      </sampler>
      <sampler id="Bone44_matrix-sampler">
        <input semantic="INPUT" source="#Bone44_matrix-input"/>
        <input semantic="OUTPUT" source="#Bone44_matrix-output"/>
        <input semantic="INTERPOLATION" source="#Bone44_matrix-interpolation"/>
      </sampler>
      <sampler id="Bip01WRWArm_matrix-sampler">
        <input semantic="INPUT" source="#Bip01WRWArm_matrix-input"/>
        <input semantic="OUTPUT" source="#Bip01WRWArm_matrix-output"/>
        <input semantic="INTERPOLATION" source="#Bip01WRWArm_matrix-interpolation"/>
      </sampler>
      <sampler id="Bip01WRWArm1_matrix-sampler">
        <input semantic="INPUT" source="#Bip01WRWArm1_matrix-input"/>
        <input semantic="OUTPUT" source="#Bip01WRWArm1_matrix-output"/>
        <input semantic="INTERPOLATION" source="#Bip01WRWArm1_matrix-interpolation"/>
      </sampler>
      <sampler id="Bip01WRWArm2_matrix-sampler">
        <input semantic="INPUT" source="#Bip01WRWArm2_matrix-input"/>
        <input semantic="OUTPUT" source="#Bip01WRWArm2_matrix-output"/>
        <input semantic="INTERPOLATION" source="#Bip01WRWArm2_matrix-interpolation"/>
      </sampler>
      <sampler id="Bip01WRWHand_matrix-sampler">
        <input semantic="INPUT" source="#Bip01WRWHand_matrix-input"/>
        <input semantic="OUTPUT" source="#Bip01WRWHand_matrix-output"/>
        <input semantic="INTERPOLATION" source="#Bip01WRWHand_matrix-interpolation"/>
      </sampler>
      <sampler id="Bip01WRWFinger0_matrix-sampler">
        <input semantic="INPUT" source="#Bip01WRWFinger0_matrix-input"/>
        <input semantic="OUTPUT" source="#Bip01WRWFinger0_matrix-output"/>
        <input semantic="INTERPOLATION" source="#Bip01WRWFinger0_matrix-interpolation"/>
      </sampler>
      <sampler id="Bip01WRWFinger01_matrix-sampler">
        <input semantic="INPUT" source="#Bip01WRWFinger01_matrix-input"/>
        <input semantic="OUTPUT" source="#Bip01WRWFinger01_matrix-output"/>
        <input semantic="INTERPOLATION" source="#Bip01WRWFinger01_matrix-interpolation"/>
      </sampler>
      <sampler id="Bip01WRWFinger02_matrix-sampler">
        <input semantic="INPUT" source="#Bip01WRWFinger02_matrix-input"/>
        <input semantic="OUTPUT" source="#Bip01WRWFinger02_matrix-output"/>
        <input semantic="INTERPOLATION" source="#Bip01WRWFinger02_matrix-interpolation"/>
      </sampler>
      <sampler id="Bip01WRWFinger1_matrix-sampler">
        <input semantic="INPUT" source="#Bip01WRWFinger1_matrix-input"/>
        <input semantic="OUTPUT" source="#Bip01WRWFinger1_matrix-output"/>
        <input semantic="INTERPOLATION" source="#Bip01WRWFinger1_matrix-interpolation"/>
      </sampler>
      <sampler id="Bip01WRWFinger11_matrix-sampler">
        <input semantic="INPUT" source="#Bip01WRWFinger11_matrix-input"/>
        <input semantic="OUTPUT" source="#Bip01WRWFinger11_matrix-output"/>
        <input semantic="INTERPOLATION" source="#Bip01WRWFinger11_matrix-interpolation"/>
      </sampler>
      <sampler id="Bip01WRWFinger12_matrix-sampler">
        <input semantic="INPUT" source="#Bip01WRWFinger12_matrix-input"/>
        <input semantic="OUTPUT" source="#Bip01WRWFinger12_matrix-output"/>
        <input semantic="INTERPOLATION" source="#Bip01WRWFinger12_matrix-interpolation"/>
      </sampler>
      <sampler id="Bone48_matrix-sampler">
        <input semantic="INPUT" source="#Bone48_matrix-input"/>
        <input semantic="OUTPUT" source="#Bone48_matrix-output"/>
        <input semantic="INTERPOLATION" source="#Bone48_matrix-interpolation"/>
      </sampler>
      <sampler id="Bone49_matrix-sampler">
        <input semantic="INPUT" source="#Bone49_matrix-input"/>
        <input semantic="OUTPUT" source="#Bone49_matrix-output"/>
        <input semantic="INTERPOLATION" source="#Bone49_matrix-interpolation"/>
      </sampler>
      <sampler id="Bone50_matrix-sampler">
        <input semantic="INPUT" source="#Bone50_matrix-input"/>
        <input semantic="OUTPUT" source="#Bone50_matrix-output"/>
        <input semantic="INTERPOLATION" source="#Bone50_matrix-interpolation"/>
      </sampler>
      <sampler id="Bip01WHead_matrix-sampler">
        <input semantic="INPUT" source="#Bip01WHead_matrix-input"/>
        <input semantic="OUTPUT" source="#Bip01WHead_matrix-output"/>
        <input semantic="INTERPOLATION" source="#Bip01WHead_matrix-interpolation"/>
      </sampler>
      <sampler id="Dummy05_matrix-sampler">
        <input semantic="INPUT" source="#Dummy05_matrix-input"/>
        <input semantic="OUTPUT" source="#Dummy05_matrix-output"/>
        <input semantic="INTERPOLATION" source="#Dummy05_matrix-interpolation"/>
      </sampler>
      <sampler id="Bone13_matrix-sampler">
        <input semantic="INPUT" source="#Bone13_matrix-input"/>
        <input semantic="OUTPUT" source="#Bone13_matrix-output"/>
        <input semantic="INTERPOLATION" source="#Bone13_matrix-interpolation"/>
      </sampler>
      <sampler id="Bone14_matrix-sampler">
        <input semantic="INPUT" source="#Bone14_matrix-input"/>
        <input semantic="OUTPUT" source="#Bone14_matrix-output"/>
        <input semantic="INTERPOLATION" source="#Bone14_matrix-interpolation"/>
      </sampler>
      <sampler id="Bone15_matrix-sampler">
        <input semantic="INPUT" source="#Bone15_matrix-input"/>
        <input semantic="OUTPUT" source="#Bone15_matrix-output"/>
        <input semantic="INTERPOLATION" source="#Bone15_matrix-interpolation"/>
      </sampler>
      <sampler id="Bone16_matrix-sampler">
        <input semantic="INPUT" source="#Bone16_matrix-input"/>
        <input semantic="OUTPUT" source="#Bone16_matrix-output"/>
        <input semantic="INTERPOLATION" source="#Bone16_matrix-interpolation"/>
      </sampler>
      <sampler id="Bone17_matrix-sampler">
        <input semantic="INPUT" source="#Bone17_matrix-input"/>
        <input semantic="OUTPUT" source="#Bone17_matrix-output"/>
        <input semantic="INTERPOLATION" source="#Bone17_matrix-interpolation"/>
      </sampler>
      <sampler id="Dummy04_matrix-sampler">
        <input semantic="INPUT" source="#Dummy04_matrix-input"/>
        <input semantic="OUTPUT" source="#Dummy04_matrix-output"/>
        <input semantic="INTERPOLATION" source="#Dummy04_matrix-interpolation"/>
      </sampler>
      <sampler id="Bone07_matrix-sampler">
        <input semantic="INPUT" source="#Bone07_matrix-input"/>
        <input semantic="OUTPUT" source="#Bone07_matrix-output"/>
        <input semantic="INTERPOLATION" source="#Bone07_matrix-interpolation"/>
      </sampler>
      <sampler id="Bone08_matrix-sampler">
        <input semantic="INPUT" source="#Bone08_matrix-input"/>
        <input semantic="OUTPUT" source="#Bone08_matrix-output"/>
        <input semantic="INTERPOLATION" source="#Bone08_matrix-interpolation"/>
      </sampler>
      <sampler id="Bone09_matrix-sampler">
        <input semantic="INPUT" source="#Bone09_matrix-input"/>
        <input semantic="OUTPUT" source="#Bone09_matrix-output"/>
        <input semantic="INTERPOLATION" source="#Bone09_matrix-interpolation"/>
      </sampler>
      <sampler id="Bone10_matrix-sampler">
        <input semantic="INPUT" source="#Bone10_matrix-input"/>
        <input semantic="OUTPUT" source="#Bone10_matrix-output"/>
        <input semantic="INTERPOLATION" source="#Bone10_matrix-interpolation"/>
      </sampler>
      <sampler id="Bone11_matrix-sampler">
        <input semantic="INPUT" source="#Bone11_matrix-input"/>
        <input semantic="OUTPUT" source="#Bone11_matrix-output"/>
        <input semantic="INTERPOLATION" source="#Bone11_matrix-interpolation"/>
      </sampler>
      <sampler id="Dummy03_matrix-sampler">
        <input semantic="INPUT" source="#Dummy03_matrix-input"/>
        <input semantic="OUTPUT" source="#Dummy03_matrix-output"/>
        <input semantic="INTERPOLATION" source="#Dummy03_matrix-interpolation"/>
      </sampler>
      <sampler id="Bone01_matrix-sampler">
        <input semantic="INPUT" source="#Bone01_matrix-input"/>
        <input semantic="OUTPUT" source="#Bone01_matrix-output"/>
        <input semantic="INTERPOLATION" source="#Bone01_matrix-interpolation"/>
      </sampler>
      <sampler id="Bone02_matrix-sampler">
        <input semantic="INPUT" source="#Bone02_matrix-input"/>
        <input semantic="OUTPUT" source="#Bone02_matrix-output"/>
        <input semantic="INTERPOLATION" source="#Bone02_matrix-interpolation"/>
      </sampler>
      <sampler id="Bone03_matrix-sampler">
        <input semantic="INPUT" source="#Bone03_matrix-input"/>
        <input semantic="OUTPUT" source="#Bone03_matrix-output"/>
        <input semantic="INTERPOLATION" source="#Bone03_matrix-interpolation"/>
      </sampler>
      <sampler id="Bone04_matrix-sampler">
        <input semantic="INPUT" source="#Bone04_matrix-input"/>
        <input semantic="OUTPUT" source="#Bone04_matrix-output"/>
        <input semantic="INTERPOLATION" source="#Bone04_matrix-interpolation"/>
      </sampler>
      <sampler id="Bone05_matrix-sampler">
        <input semantic="INPUT" source="#Bone05_matrix-input"/>
        <input semantic="OUTPUT" source="#Bone05_matrix-output"/>
        <input semantic="INTERPOLATION" source="#Bone05_matrix-interpolation"/>
      </sampler>
      <sampler id="Dummy08_matrix-sampler">
        <input semantic="INPUT" source="#Dummy08_matrix-input"/>
        <input semantic="OUTPUT" source="#Dummy08_matrix-output"/>
        <input semantic="INTERPOLATION" source="#Dummy08_matrix-interpolation"/>
      </sampler>
      <sampler id="Bone25_matrix-sampler">
        <input semantic="INPUT" source="#Bone25_matrix-input"/>
        <input semantic="OUTPUT" source="#Bone25_matrix-output"/>
        <input semantic="INTERPOLATION" source="#Bone25_matrix-interpolation"/>
      </sampler>
      <sampler id="Bone26_matrix-sampler">
        <input semantic="INPUT" source="#Bone26_matrix-input"/>
        <input semantic="OUTPUT" source="#Bone26_matrix-output"/>
        <input semantic="INTERPOLATION" source="#Bone26_matrix-interpolation"/>
      </sampler>
      <sampler id="Bone27_matrix-sampler">
        <input semantic="INPUT" source="#Bone27_matrix-input"/>
        <input semantic="OUTPUT" source="#Bone27_matrix-output"/>
        <input semantic="INTERPOLATION" source="#Bone27_matrix-interpolation"/>
      </sampler>
      <sampler id="Bone28_matrix-sampler">
        <input semantic="INPUT" source="#Bone28_matrix-input"/>
        <input semantic="OUTPUT" source="#Bone28_matrix-output"/>
        <input semantic="INTERPOLATION" source="#Bone28_matrix-interpolation"/>
      </sampler>
      <sampler id="Bone29_matrix-sampler">
        <input semantic="INPUT" source="#Bone29_matrix-input"/>
        <input semantic="OUTPUT" source="#Bone29_matrix-output"/>
        <input semantic="INTERPOLATION" source="#Bone29_matrix-interpolation"/>
      </sampler>
      <sampler id="Bone30_matrix-sampler">
        <input semantic="INPUT" source="#Bone30_matrix-input"/>
        <input semantic="OUTPUT" source="#Bone30_matrix-output"/>
        <input semantic="INTERPOLATION" source="#Bone30_matrix-interpolation"/>
      </sampler>
      <sampler id="Bone33_matrix-sampler">
        <input semantic="INPUT" source="#Bone33_matrix-input"/>
        <input semantic="OUTPUT" source="#Bone33_matrix-output"/>
        <input semantic="INTERPOLATION" source="#Bone33_matrix-interpolation"/>
      </sampler>
      <sampler id="Bone34_matrix-sampler">
        <input semantic="INPUT" source="#Bone34_matrix-input"/>
        <input semantic="OUTPUT" source="#Bone34_matrix-output"/>
        <input semantic="INTERPOLATION" source="#Bone34_matrix-interpolation"/>
      </sampler>
      <sampler id="Bone37_matrix-sampler">
        <input semantic="INPUT" source="#Bone37_matrix-input"/>
        <input semantic="OUTPUT" source="#Bone37_matrix-output"/>
        <input semantic="INTERPOLATION" source="#Bone37_matrix-interpolation"/>
      </sampler>
      <sampler id="Bone38_matrix-sampler">
        <input semantic="INPUT" source="#Bone38_matrix-input"/>
        <input semantic="OUTPUT" source="#Bone38_matrix-output"/>
        <input semantic="INTERPOLATION" source="#Bone38_matrix-interpolation"/>
      </sampler>
      <sampler id="Bone39_matrix-sampler">
        <input semantic="INPUT" source="#Bone39_matrix-input"/>
        <input semantic="OUTPUT" source="#Bone39_matrix-output"/>
        <input semantic="INTERPOLATION" source="#Bone39_matrix-interpolation"/>
      </sampler>
      <channel source="#Bip01_matrix-sampler" target="Bip01/matrix"/>
      <channel source="#Bip01WPelvis_matrix-sampler" target="Bip01WPelvis/matrix"/>
      <channel source="#Bip01WLWLeg_matrix-sampler" target="Bip01WLWLeg/matrix"/>
      <channel source="#Bip01WLWLeg1_matrix-sampler" target="Bip01WLWLeg1/matrix"/>
      <channel source="#Bip01WRWLeg_matrix-sampler" target="Bip01WRWLeg/matrix"/>
      <channel source="#Bip01WRWLeg1_matrix-sampler" target="Bip01WRWLeg1/matrix"/>
      <channel source="#Bip01WSpine_matrix-sampler" target="Bip01WSpine/matrix"/>
      <channel source="#Bip01WSpine1_matrix-sampler" target="Bip01WSpine1/matrix"/>
      <channel source="#Bip01WSpine2_matrix-sampler" target="Bip01WSpine2/matrix"/>
      <channel source="#Bip01WNeck_matrix-sampler" target="Bip01WNeck/matrix"/>
      <channel source="#Bip01WLWArm_matrix-sampler" target="Bip01WLWArm/matrix"/>
      <channel source="#Bip01WLWArm1_matrix-sampler" target="Bip01WLWArm1/matrix"/>
      <channel source="#Bip01WLWArm2_matrix-sampler" target="Bip01WLWArm2/matrix"/>
      <channel source="#Bip01WLWHand_matrix-sampler" target="Bip01WLWHand/matrix"/>
      <channel source="#Bip01WLWFinger0_matrix-sampler" target="Bip01WLWFinger0/matrix"/>
      <channel source="#Bip01WLWFinger01_matrix-sampler" target="Bip01WLWFinger01/matrix"/>
      <channel source="#Bip01WLWFinger02_matrix-sampler" target="Bip01WLWFinger02/matrix"/>
      <channel source="#Bip01WLWFinger1_matrix-sampler" target="Bip01WLWFinger1/matrix"/>
      <channel source="#Bip01WLWFinger11_matrix-sampler" target="Bip01WLWFinger11/matrix"/>
      <channel source="#Bip01WLWFinger12_matrix-sampler" target="Bip01WLWFinger12/matrix"/>
      <channel source="#Bone42_matrix-sampler" target="Bone42/matrix"/>
      <channel source="#Bone43_matrix-sampler" target="Bone43/matrix"/>
      <channel source="#Bone44_matrix-sampler" target="Bone44/matrix"/>
      <channel source="#Bip01WRWArm_matrix-sampler" target="Bip01WRWArm/matrix"/>
      <channel source="#Bip01WRWArm1_matrix-sampler" target="Bip01WRWArm1/matrix"/>
      <channel source="#Bip01WRWArm2_matrix-sampler" target="Bip01WRWArm2/matrix"/>
      <channel source="#Bip01WRWHand_matrix-sampler" target="Bip01WRWHand/matrix"/>
      <channel source="#Bip01WRWFinger0_matrix-sampler" target="Bip01WRWFinger0/matrix"/>
      <channel source="#Bip01WRWFinger01_matrix-sampler" target="Bip01WRWFinger01/matrix"/>
      <channel source="#Bip01WRWFinger02_matrix-sampler" target="Bip01WRWFinger02/matrix"/>
      <channel source="#Bip01WRWFinger1_matrix-sampler" target="Bip01WRWFinger1/matrix"/>
      <channel source="#Bip01WRWFinger11_matrix-sampler" target="Bip01WRWFinger11/matrix"/>
      <channel source="#Bip01WRWFinger12_matrix-sampler" target="Bip01WRWFinger12/matrix"/>
      <channel source="#Bone48_matrix-sampler" target="Bone48/matrix"/>
      <channel source="#Bone49_matrix-sampler" target="Bone49/matrix"/>
      <channel source="#Bone50_matrix-sampler" target="Bone50/matrix"/>
      <channel source="#Bip01WHead_matrix-sampler" target="Bip01WHead/matrix"/>
      <channel source="#Dummy05_matrix-sampler" target="Dummy05/matrix"/>
      <channel source="#Bone13_matrix-sampler" target="Bone13/matrix"/>
      <channel source="#Bone14_matrix-sampler" target="Bone14/matrix"/>
      <channel source="#Bone15_matrix-sampler" target="Bone15/matrix"/>
      <channel source="#Bone16_matrix-sampler" target="Bone16/matrix"/>
      <channel source="#Bone17_matrix-sampler" target="Bone17/matrix"/>
      <channel source="#Dummy04_matrix-sampler" target="Dummy04/matrix"/>
      <channel source="#Bone07_matrix-sampler" target="Bone07/matrix"/>
      <channel source="#Bone08_matrix-sampler" target="Bone08/matrix"/>
      <channel source="#Bone09_matrix-sampler" target="Bone09/matrix"/>
      <channel source="#Bone10_matrix-sampler" target="Bone10/matrix"/>
      <channel source="#Bone11_matrix-sampler" target="Bone11/matrix"/>
      <channel source="#Dummy03_matrix-sampler" target="Dummy03/matrix"/>
      <channel source="#Bone01_matrix-sampler" target="Bone01/matrix"/>
      <channel source="#Bone02_matrix-sampler" target="Bone02/matrix"/>
      <channel source="#Bone03_matrix-sampler" target="Bone03/matrix"/>
      <channel source="#Bone04_matrix-sampler" target="Bone04/matrix"/>
      <channel source="#Bone05_matrix-sampler" target="Bone05/matrix"/>
      <channel source="#Dummy08_matrix-sampler" target="Dummy08/matrix"/>
      <channel source="#Bone25_matrix-sampler" target="Bone25/matrix"/>
      <channel source="#Bone26_matrix-sampler" target="Bone26/matrix"/>
      <channel source="#Bone27_matrix-sampler" target="Bone27/matrix"/>
      <channel source="#Bone28_matrix-sampler" target="Bone28/matrix"/>
      <channel source="#Bone29_matrix-sampler" target="Bone29/matrix"/>
      <channel source="#Bone30_matrix-sampler" target="Bone30/matrix"/>
      <channel source="#Bone33_matrix-sampler" target="Bone33/matrix"/>
      <channel source="#Bone34_matrix-sampler" target="Bone34/matrix"/>
      <channel source="#Bone37_matrix-sampler" target="Bone37/matrix"/>
      <channel source="#Bone38_matrix-sampler" target="Bone38/matrix"/>
      <channel source="#Bone39_matrix-sampler" target="Bone39/matrix"/>
    </animation>
  </library_animations>
  <scene>
    <instance_visual_scene url="#Scene" />
  </scene>
</COLLADA>
