<?xml version="1.0" encoding="UTF-8" standalone="no" ?>
<COLLADA xmlns="http://www.collada.org/2005/11/COLLADASchema" version="1.4.1">
  <asset>
    <contributor>
      <author>Assimp</author>
      <authoring_tool>Assimp Exporter</authoring_tool>
    </contributor>
    <created>2025-07-05T21:14:31</created>
    <modified>2025-07-05T21:14:31</modified>
    <unit name="meter" meter="1" />
    <up_axis>Y_UP</up_axis>
  </asset>
  <library_effects>
    <effect id="SkeletonMaterial-fx" name="SkeletonMaterial">
      <profile_COMMON>
        <technique sid="standard">
          <phong>
          </phong>
        </technique>
      </profile_COMMON>
    </effect>
  </library_effects>
  <library_materials>
    <material id="SkeletonMaterial" name="SkeletonMaterial">
      <instance_effect url="#SkeletonMaterial-fx"/>
    </material>
  </library_materials>
  <library_geometries>
    <geometry id="mesh_0" name="" >
      <mesh>
        <source id="mesh_0-positions" name="mesh_0-positions">
          <float_array id="mesh_0-positions-array" count="3384"> -0.839200199 21.0189495 -335.729462 -0.840546846 3.2395668 -339.275665 -2.64320159 20.4919453 -334.004242 -2.64320159 20.4919453 -334.004242 -0.840546846 3.2395668 -339.275665 -0.839280069 19.9646664 -332.279022 -0.839280069 19.9646664 -332.279022 -0.840546846 3.2395668 -339.275665 0.964721262 20.4916706 -334.004242 0.964721262 20.4916706 -334.004242 -0.840546846 3.2395668 -339.275665 -0.839200199 21.0189495 -335.729462 38.5321617 -334.004211 -5.07827711 26.1448555 -293.464111 -0.840090871 42.5858536 -332.765503 -0.838940799 42.5858536 -332.765503 -0.838940799 26.1448555 -293.464111 -0.840090871 38.5315285 -334.004211 3.39978385 38.5315285 -334.004211 3.39978385 26.1448555 -293.464111 -0.840090871 34.4778366 -335.24292 -0.839552343 34.4778366 -335.24292 -0.839552343 26.1448555 -293.464111 -0.840090871 38.5321617 -334.004211 -5.07827711 38.5315247 -334.004211 3.39978385 50.9188347 -374.544312 -0.838342249 42.5858536 -332.765503 -0.838940799 42.5858536 -332.765503 -0.838940799 50.9188347 -374.544312 -0.838342249 38.5321655 -334.004211 -5.07827711 38.5321655 -334.004211 -5.07827711 50.9188347 -374.544312 -0.838342249 34.4778366 -335.24292 -0.839552343 34.4778366 -335.24292 -0.839552343 50.9188347 -374.544312 -0.838342249 38.5315247 -334.004211 3.39978385 40.1318092 -339.24057 -0.839125872 -13.8317223 -350.003845 -0.900781214 38.5377655 -334.002533 -6.31458473 38.5377655 -334.002533 -6.31458473 -13.8317223 -350.003845 -0.900781214 36.931881 -328.767853 -0.83936727 36.931881 -328.767853 -0.83936727 -13.8317223 -350.003845 -0.900781214 38.5259247 -334.00589 4.63609123 38.5259247 -334.00589 4.63609123 -13.8317223 -350.003845 -0.900781214 40.1318092 -339.24057 -0.839125872 -160.489288 -230.413132 -170.526901 -26.7335205 -255.804977 -263.962646 -146.167419 -232.494858 -152.348251 -146.167419 -232.494858 -152.348251 -26.7335205 -255.804977 -263.962646 -140.934448 -209.907944 -153.884476 -140.934448 -209.907944 -153.884476 -26.7335205 -255.804977 -263.962646 -155.256317 -207.826218 -172.063126 -155.256317 -207.826218 -172.063126 -26.7335205 -255.804977 -263.962646 -160.489288 -230.413132 -170.526901 -102.662071 65.9907227 -143.889389 -82.369812 59.8879318 -179.949036 -123.181808 51.1671371 -177.183823 -82.369812 59.8879318 -179.949036 -95.3446121 20.130621 -180.521896 -123.181808 51.1671371 -177.183823 -95.3446121 20.130621 -180.521896 -115.636871 26.2334118 -144.46225 -123.181808 51.1671371 -177.183823 -115.636871 26.2334118 -144.46225 -102.662071 65.9907227 -143.889389 -123.181808 51.1671371 -177.183823 -102.662071 65.9907227 -143.889389 -74.8248749 34.9542084 -147.227463 -82.369812 59.8879318 -179.949036 -82.369812 59.8879318 -179.949036 -74.8248749 34.9542084 -147.227463 -95.3446121 20.130621 -180.521896 -95.3446121 20.130621 -180.521896 -74.8248749 34.9542084 -147.227463 -115.636871 26.2334118 -144.46225 -115.636871 26.2334118 -144.46225 -74.8248749 34.9542084 -147.227463 -102.662071 65.9907227 -143.889389 -155.149078 -226.264603 178.77446 -18.6796646 -251.219879 268.322876 -149.78804 -203.684113 179.911743 -149.78804 -203.684113 179.911743 -18.6796646 -251.219879 268.322876 -136.039368 -206.012161 161.324997 -136.039368 -206.012161 161.324997 -18.6796646 -251.219879 268.322876 -141.400406 -228.592651 160.187714 -141.400406 -228.592651 160.187714 -18.6796646 -251.219879 268.322876 -155.149078 -226.264603 178.77446 -94.6954041 72.9191589 152.360565 -109.246048 33.707016 152.298096 -115.072006 58.1213989 185.754242 -109.246048 33.707016 152.298096 -88.4422607 25.9307976 187.738892 -115.072006 58.1213989 185.754242 -88.4422607 25.9307976 187.738892 -73.8916168 65.1429367 187.801361 -115.072006 58.1213989 185.754242 -73.8916168 65.1429367 187.801361 -94.6954041 72.9191589 152.360565 -115.072006 58.1213989 185.754242 -94.6954041 72.9191589 152.360565 -68.0656586 40.7285538 154.345215 -109.246048 33.707016 152.298096 -109.246048 33.707016 152.298096 -68.0656586 40.7285538 154.345215 -88.4422607 25.9307976 187.738892 -88.4422607 25.9307976 187.738892 -68.0656586 40.7285538 154.345215 -73.8916168 65.1429367 187.801361 -73.8916168 65.1429367 187.801361 -68.0656586 40.7285538 154.345215 -94.6954041 72.9191589 152.360565 113.48687 -338.445435 -0.837263823 41.9551849 -356.711121 -0.923155069 110.978264 -331.541199 -8.18351936 110.978264 -331.541199 -8.18351936 41.9551849 -356.711121 -0.923155069 108.453423 -324.642456 -0.83766222 108.453423 -324.642456 -0.83766222 41.9551849 -356.711121 -0.923155069 110.962029 -331.546692 6.50859308 110.962029 -331.546692 6.50859308 41.9551849 -356.711121 -0.923155069 113.48687 -338.445435 -0.837263823 117.659683 -357.186676 -0.837641656 15.1521912 -362.255554 -0.901259661 116.149193 -347.086945 -11.0502481 116.149193 -347.086945 -11.0502481 15.1521912 -362.255554 -0.901259661 114.626099 -336.988556 -0.838169277 114.626099 -336.988556 -0.838169277 15.1521912 -362.255554 -0.901259661 116.136589 -347.088287 9.37443638 116.136589 -347.088287 9.37443638 15.1521912 -362.255554 -0.901259661 117.659683 -357.186676 -0.837641656 114.800278 -338.148407 -0.548443556 68.754715 -356.679993 75.5945053 123.72818 -346.104645 3.98835087 123.72818 -346.104645 3.98835087 68.754715 -356.679993 75.5945053 117.485504 -356.026825 -1.12736738 117.485504 -356.026825 -1.12736738 68.754715 -356.679993 75.5945053 108.557602 -348.070587 -5.66416168 108.557602 -348.070587 -5.66416168 68.754715 -356.679993 75.5945053 114.800278 -338.148407 -0.548443556 146.407547 -370.45105 -0.837721229 75.5270233 -359.651611 -0.847278297 146.77594 -363.326508 -7.97217512 146.77594 -363.326508 -7.97217512 75.5270233 -359.651611 -0.847278297 147.142471 -356.201477 -0.838089824 147.142471 -356.201477 -0.838089824 75.5270233 -359.651611 -0.847278297 146.774078 -363.326019 6.29636431 146.774078 -363.326019 6.29636431 75.5270233 -359.651611 -0.847278297 146.407547 -370.45105 -0.837721229 454.898865 -80.2114029 -5.37301159 418.561462 -53.0664177 -0.830915928 457.613739 -76.57827 -0.836917102 457.613739 -76.57827 -0.836917102 418.561462 -53.0664177 -0.830915928 454.899475 -80.2126846 3.6985147 454.899475 -80.2126846 3.6985147 418.561462 -53.0664177 -0.830915928 452.184601 -83.8458176 -0.837580025 452.184601 -83.8458176 -0.837580025 418.561462 -53.0664177 -0.830915928 454.898865 -80.2114029 -5.37301159 454.898254 -80.2117691 3.6985147 491.236786 -107.357788 -0.828236222 457.613739 -76.5782852 -0.836917102 457.613739 -76.5782852 -0.836917102 491.236786 -107.357788 -0.828236222 454.900085 -80.2123184 -5.37301159 454.900085 -80.2123184 -5.37301159 491.236786 -107.357788 -0.828236222 452.184601 -83.8458023 -0.837580025 452.184601 -83.8458023 -0.837580025 491.236786 -107.357788 -0.828236222 454.898254 -80.2117691 3.6985147 455.67453 -80.7912674 -0.837222695 449.106934 -87.9656143 -0.837970853 454.899231 -80.211998 -1.80506968 454.899231 -80.211998 -1.80506968 449.106934 -87.9656143 -0.837970853 454.12381 -79.6328201 -0.837274432 454.12381 -79.6328201 -0.837274432 449.106934 -87.9656143 -0.837970853 454.899109 -80.2120895 0.130572498 454.899109 -80.2120895 0.130572498 449.106934 -87.9656143 -0.837970853 455.67453 -80.7912674 -0.837222695 -91.4917374 102.38308 496.411316 -2.20789337 136.622589 447.424194 -98.7654572 106.817841 483.920746 -98.7654572 106.817841 483.920746 -2.20789337 136.622589 447.424194 -95.8823929 93.4406052 477.492249 -95.8823929 93.4406052 477.492249 -2.20789337 136.622589 447.424194 -88.6086731 89.0058441 489.982819 -88.6086731 89.0058441 489.982819 -2.20789337 136.622589 447.424194 -91.4917374 102.38308 496.411316 176.13266 -462.21933 236.641418 336.305817 -342.329895 188.56987 163.336914 -437.933472 245.854309 163.336914 -437.933472 245.854309 336.305817 -342.329895 188.56987 153.952881 -432.679291 218.970398 153.952881 -432.679291 218.970398 336.305817 -342.329895 188.56987 166.748627 -456.965149 209.757507 166.748627 -456.965149 209.757507 336.305817 -342.329895 188.56987 176.13266 -462.21933 236.641418 -247.270874 -212.638672 239.075836 -79.8894348 -405.276459 177.759216 -217.563156 -194.106827 250.827133 -217.563156 -194.106827 250.827133 -79.8894348 -405.276459 177.759216 -211.749908 -181.681366 216.53595 -211.749908 -181.681366 216.53595 -79.8894348 -405.276459 177.759216 -241.457626 -200.213211 204.784653 -241.457626 -200.213211 204.784653 -79.8894348 -405.276459 177.759216 -247.270874 -212.638672 239.075836 -105.727654 65.3602905 -78.6673355 -102.493256 157.734741 -56.9927368 -109.540619 69.3171234 -90.8446045 -109.540619 69.3171234 -90.8446045 -102.493256 157.734741 -56.9927368 -96.7378616 70.672226 -94.4130936 -96.7378616 70.672226 -94.4130936 -102.493256 157.734741 -56.9927368 -92.9248962 66.7153931 -82.2358246 -92.9248962 66.7153931 -82.2358246 -102.493256 157.734741 -56.9927368 -105.727654 65.3602905 -78.6673355 -106.890327 71.6866913 -93.3890228 -72.1149521 156.576141 -63.1321983 -94.0286102 67.3193054 -92.8648376 -94.0286102 67.3193054 -92.8648376 -72.1149521 156.576141 -63.1321983 -95.5751877 64.3458252 -79.6914062 -95.5751877 64.3458252 -79.6914062 -72.1149521 156.576141 -63.1321983 -108.436905 68.7132111 -80.2155914 -108.436905 68.7132111 -80.2155914 -72.1149521 156.576141 -63.1321983 -106.890327 71.6866913 -93.3890228 -99.2840195 66.984375 -84.7364426 -111.656479 84.5545807 -65.8176422 -103.030479 65.9387589 -85.7864761 -103.030479 65.9387589 -85.7864761 -111.656479 84.5545807 -65.8176422 -103.181496 69.0481415 -88.3439865 -103.181496 69.0481415 -88.3439865 -111.656479 84.5545807 -65.8176422 -99.4350357 70.0937576 -87.2939529 -99.4350357 70.0937576 -87.2939529 -111.656479 84.5545807 -65.8176422 -99.2840195 66.984375 -84.7364426 -32.1421394 61.0202789 -74.2023315 -13.5607424 117.955925 -53.4940567 -26.8089256 62.5196228 -81.1901093 -26.8089256 62.5196228 -81.1901093 -13.5607424 117.955925 -53.4940567 -19.8824425 59.286972 -76.59729 -19.8824425 59.286972 -76.59729 -13.5607424 117.955925 -53.4940567 -25.2156563 57.7876282 -69.6095123 -25.2156563 57.7876282 -69.6095123 -13.5607424 117.955925 -53.4940567 -32.1421394 61.0202789 -74.2023315 -4.59697104 11.9915142 -74.288826 -35.9872475 57.837616 -55.077076 -2.68628693 16.7627583 -80.7715912 -2.68628693 16.7627583 -80.7715912 -35.9872475 57.837616 -55.077076 3.60636091 20.0321636 -76.5106888 3.60636091 20.0321636 -76.5106888 -35.9872475 57.837616 -55.077076 1.6956768 15.2609196 -70.0279236 1.6956768 15.2609196 -70.0279236 -35.9872475 57.837616 -55.077076 -4.59697104 11.9915142 -74.288826 55.8796539 9.99178886 -79.0579071 49.5958176 12.1471539 -65.7305298 46.7091522 -0.286478043 -73.4001465 49.5958176 12.1471539 -65.7305298 36.1319733 10.0635948 -71.741745 46.7091522 -0.286478043 -73.4001465 36.1319733 10.0635948 -71.741745 42.4158096 7.90822983 -85.0691223 46.7091522 -0.286478043 -73.4001465 42.4158096 7.90822983 -85.0691223 55.8796539 9.99178886 -79.0579071 46.7091522 -0.286478043 -73.4001465 55.8796539 9.99178886 -79.0579071 45.302475 20.3418617 -77.3995056 49.5958176 12.1471539 -65.7305298 49.5958176 12.1471539 -65.7305298 45.302475 20.3418617 -77.3995056 36.1319733 10.0635948 -71.741745 36.1319733 10.0635948 -71.741745 45.302475 20.3418617 -77.3995056 42.4158096 7.90822983 -85.0691223 42.4158096 7.90822983 -85.0691223 45.302475 20.3418617 -77.3995056 55.8796539 9.99178886 -79.0579071 24.9935913 34.9117165 -112.40184 19.0017815 83.3050919 -92.3633499 31.8183308 37.1126976 -114.303284 31.8183308 37.1126976 -114.303284 19.0017815 83.3050919 -92.3633499 34.3067131 35.2053566 -107.579681 34.3067131 35.2053566 -107.579681 19.0017815 83.3050919 -92.3633499 27.4819736 33.0043755 -105.678238 27.4819736 33.0043755 -105.678238 19.0017815 83.3050919 -92.3633499 24.9935913 34.9117165 -112.40184 52.8080139 43.1357117 -112.231308 22.1702538 76.5239716 -93.6096649 56.7852173 48.4825439 -113.998306 56.7852173 48.4825439 -113.998306 22.1702538 76.5239716 -93.6096649 59.6970596 48.3814621 -107.750107 59.6970596 48.3814621 -107.750107 22.1702538 76.5239716 -93.6096649 55.7198563 43.0346298 -105.983109 55.7198563 43.0346298 -105.983109 22.1702538 76.5239716 -93.6096649 52.8080139 43.1357117 -112.231308 106.99614 46.0122757 -112.939346 99.8743286 45.9644547 -102.777084 94.6396942 45.6434517 -114.023842 99.8743286 45.9644547 -102.777084 93.7219391 55.8614731 -107.042175 94.6396942 45.6434517 -114.023842 93.7219391 55.8614731 -107.042175 100.84375 55.9092941 -117.204437 94.6396942 45.6434517 -114.023842 100.84375 55.9092941 -117.204437 106.99614 46.0122757 -112.939346 94.6396942 45.6434517 -114.023842 106.99614 46.0122757 -112.939346 106.078384 56.2302971 -105.95768 99.8743286 45.9644547 -102.777084 99.8743286 45.9644547 -102.777084 106.078384 56.2302971 -105.95768 93.7219391 55.8614731 -107.042175 93.7219391 55.8614731 -107.042175 106.078384 56.2302971 -105.95768 100.84375 55.9092941 -117.204437 100.84375 55.9092941 -117.204437 106.078384 56.2302971 -105.95768 106.99614 46.0122757 -112.939346 -76.007164 125.165642 -13.5798407 -66.4617004 127.97348 2.94296741 -77.6766815 127.127739 -12.7258539 -77.6766815 127.127739 -12.7258539 -66.4617004 127.97348 2.94296741 -76.0168839 128.998749 -13.7797842 -76.0168839 128.998749 -13.7797842 -66.4617004 127.97348 2.94296741 -74.3473663 127.036659 -14.6337709 -74.3473663 127.036659 -14.6337709 -66.4617004 127.97348 2.94296741 -76.007164 125.165642 -13.5798407 -94.3620834 128.38295 -13.4197969 -63.3331451 134.325516 20.3193703 -97.6784363 133.211945 -10.5934315 -97.6784363 133.211945 -10.5934315 -63.3331451 134.325516 20.3193703 -94.1917191 137.565109 -13.9398508 -94.1917191 137.565109 -13.9398508 -63.3331451 134.325516 20.3193703 -90.8753662 132.736115 -16.7662163 -90.8753662 132.736115 -16.7662163 -63.3331451 134.325516 20.3193703 -94.3620834 128.38295 -13.4197969 -132.25972 156.617203 -5.09249401 -125.87722 156.122086 -14.89501 -133.996918 164.458328 -13.6112661 -125.87722 156.122086 -14.89501 -135.692184 155.764786 -21.2675629 -133.996918 164.458328 -13.6112661 -135.692184 155.764786 -21.2675629 -142.074677 156.259903 -11.4650459 -133.996918 164.458328 -13.6112661 -142.074677 156.259903 -11.4650459 -132.25972 156.617203 -5.09249401 -133.996918 164.458328 -13.6112661 -132.25972 156.617203 -5.09249401 -133.954987 147.92366 -12.7487898 -125.87722 156.122086 -14.89501 -125.87722 156.122086 -14.89501 -133.954987 147.92366 -12.7487898 -135.692184 155.764786 -21.2675629 -135.692184 155.764786 -21.2675629 -133.954987 147.92366 -12.7487898 -142.074677 156.259903 -11.4650459 -142.074677 156.259903 -11.4650459 -133.954987 147.92366 -12.7487898 -132.25972 156.617203 -5.09249401 -100.147995 117.771225 -490.782196 -9.38023376 149.373291 -442.759186 -97.2579498 104.146851 -484.898987 -97.2579498 104.146851 -484.898987 -9.38023376 149.373291 -442.759186 -104.189178 108.207474 -472.090485 -104.189178 108.207474 -472.090485 -9.38023376 149.373291 -442.759186 -107.079224 121.831848 -477.973694 -107.079224 121.831848 -477.973694 -9.38023376 149.373291 -442.759186 -100.147995 117.771225 -490.782196 167.139725 -454.33429 -252.726166 329.373077 -337.539948 -203.94931 158.449402 -450.070557 -225.436783 158.449402 -450.070557 -225.436783 329.373077 -337.539948 -203.94931 145.628159 -425.354004 -233.38147 145.628159 -425.354004 -233.38147 329.373077 -337.539948 -203.94931 154.318481 -429.617737 -260.670837 154.318481 -429.617737 -260.670837 329.373077 -337.539948 -203.94931 167.139725 -454.33429 -252.726166 -232.698669 -218.269241 -255.391174 -62.3935394 -408.034607 -193.174927 -228.480164 -206.665207 -220.582809 -228.480164 -206.665207 -220.582809 -62.3935394 -408.034607 -193.174927 -198.888885 -187.025009 -230.716492 -198.888885 -187.025009 -230.716492 -62.3935394 -408.034607 -193.174927 -203.107391 -198.629044 -265.524872 -203.107391 -198.629044 -265.524872 -62.3935394 -408.034607 -193.174927 -232.698669 -218.269241 -255.391174 -103.548485 89.6018372 92.960495 -68.7191696 167.707886 55.6207924 -91.053833 86.0786285 94.9363937 -91.053833 86.0786285 94.9363937 -68.7191696 167.707886 55.6207924 -91.0134964 92.6103821 106.327972 -91.0134964 92.6103821 106.327972 -68.7191696 167.707886 55.6207924 -103.508148 96.1335907 104.352074 -103.508148 96.1335907 104.352074 -68.7191696 167.707886 55.6207924 -103.548485 89.6018372 92.960495 -102.135162 94.8303604 106.725296 -98.2250748 173.658112 55.5791969 -105.281151 88.7489624 95.3997345 -105.281151 88.7489624 95.3997345 -98.2250748 173.658112 55.5791969 -92.4268188 87.3818588 92.5631714 -92.4268188 87.3818588 92.5631714 -98.2250748 173.658112 55.5791969 -89.2808304 93.4632568 103.888733 -89.2808304 93.4632568 103.888733 -98.2250748 173.658112 55.5791969 -102.135162 94.8303604 106.725296 -96.0469894 90.0997696 97.6947479 -77.7266922 106.292618 104.182449 -96.2862549 89.3691788 101.170509 -96.2862549 89.3691788 101.170509 -77.7266922 106.292618 104.182449 -98.5149918 92.1124496 101.593719 -98.5149918 92.1124496 101.593719 -77.7266922 106.292618 104.182449 -98.2757263 92.8430405 98.1179581 -98.2757263 92.8430405 98.1179581 -77.7266922 106.292618 104.182449 -96.0469894 90.0997696 97.6947479 -34.1494675 81.8759308 86.092453 -11.9632435 138.296631 67.6469574 -27.4820786 78.3931198 81.303299 -27.4820786 78.3931198 81.303299 -11.9632435 138.296631 67.6469574 -22.0168343 79.2358551 88.2990723 -22.0168343 79.2358551 88.2990723 -11.9632435 138.296631 67.6469574 -28.6842232 82.7186661 93.0882263 -28.6842232 82.7186661 93.0882263 -11.9632435 138.296631 67.6469574 -34.1494675 81.8759308 86.092453 -24.8092842 10.2110825 86.1721954 -60.5875587 53.6090965 69.0596848 -18.9824009 14.051466 81.7291412 -18.9824009 14.051466 81.7291412 -60.5875587 53.6090965 69.0596848 -17.2054863 18.8641186 88.2193451 -17.2054863 18.8641186 88.2193451 -60.5875587 53.6090965 69.0596848 -23.0323696 15.023735 92.6623993 -23.0323696 15.023735 92.6623993 -60.5875587 53.6090965 69.0596848 -24.8092842 10.2110825 86.1721954 43.2608185 -4.10693836 90.4602661 30.0048809 -5.77880573 97.0357132 33.6445999 -14.2656279 85.3533401 30.0048809 -5.77880573 97.0357132 23.2429962 -3.70457363 83.9312897 33.6445999 -14.2656279 85.3533401 23.2429962 -3.70457363 83.9312897 36.4989319 -2.03270626 77.3558426 33.6445999 -14.2656279 85.3533401 36.4989319 -2.03270626 77.3558426 43.2608185 -4.10693836 90.4602661 33.6445999 -14.2656279 85.3533401 43.2608185 -4.10693836 90.4602661 32.8592148 6.45411587 89.0382156 30.0048809 -5.77880573 97.0357132 30.0048809 -5.77880573 97.0357132 32.8592148 6.45411587 89.0382156 23.2429962 -3.70457363 83.9312897 23.2429962 -3.70457363 83.9312897 32.8592148 6.45411587 89.0382156 36.4989319 -2.03270626 77.3558426 36.4989319 -2.03270626 77.3558426 32.8592148 6.45411587 89.0382156 43.2608185 -4.10693836 90.4602661 24.6270161 59.7028008 123.821671 21.3896255 108.320648 103.692436 26.9148941 57.6283989 117.076347 26.9148941 57.6283989 117.076347 21.3896255 108.320648 103.692436 33.8837585 59.4102287 118.892075 33.8837585 59.4102287 118.892075 21.3896255 108.320648 103.692436 31.5958824 61.4846306 125.637398 31.5958824 61.4846306 125.637398 21.3896255 108.320648 103.692436 24.6270161 59.7028008 123.821671 42.9082184 64.3730698 123.092163 22.84552 92.1974792 108.921051 45.0479355 63.9875107 118.343399 45.0479355 63.9875107 118.343399 22.84552 92.1974792 108.921051 48.5448761 67.6501846 119.621689 48.5448761 67.6501846 119.621689 22.84552 92.1974792 108.921051 46.405159 68.0357437 124.370453 46.405159 68.0357437 124.370453 22.84552 92.1974792 108.921051 42.9082184 64.3730698 123.092163 85.1551132 62.5813522 123.59536 82.0403595 70.8595581 126.78125 75.9205246 64.1043015 124.480324 82.0403595 70.8595581 126.78125 76.6741104 71.7895126 119.118431 75.9205246 64.1043015 124.480324 76.6741104 71.7895126 119.118431 79.7888641 63.5113029 115.932541 75.9205246 64.1043015 124.480324 79.7888641 63.5113029 115.932541 85.1551132 62.5813522 123.59536 75.9205246 64.1043015 124.480324 85.1551132 62.5813522 123.59536 85.908699 70.2665634 118.233467 82.0403595 70.8595581 126.78125 82.0403595 70.8595581 126.78125 85.908699 70.2665634 118.233467 76.6741104 71.7895126 119.118431 76.6741104 71.7895126 119.118431 85.908699 70.2665634 118.233467 79.7888641 63.5113029 115.932541 79.7888641 63.5113029 115.932541 85.908699 70.2665634 118.233467 85.1551132 62.5813522 123.59536 -48.0170746 -69.1522903 144.367996 -59.965004 -63.1024132 148.479111 -47.6785545 -69.4650421 146.284714 -47.6785545 -69.4650421 146.284714 -59.965004 -63.1024132 148.479111 -48.7186356 -71.1373215 146.195541 -48.7186356 -71.1373215 146.195541 -59.965004 -63.1024132 148.479111 -49.0571556 -70.8245697 144.278824 -49.0571556 -70.8245697 144.278824 -59.965004 -63.1024132 148.479111 -48.0170746 -69.1522903 144.367996 -34.3443413 -62.8240852 144.332809 -69.6178284 -37.0509109 160.969025 -32.4384308 -63.421772 150.600372 -32.4384308 -63.421772 150.600372 -69.6178284 -37.0509109 160.969025 -36.4670982 -68.56987 151.334518 -36.4670982 -68.56987 151.334518 -69.6178284 -37.0509109 160.969025 -38.3730087 -67.9721832 145.066956 -38.3730087 -67.9721832 145.066956 -69.6178284 -37.0509109 160.969025 -34.3443413 -62.8240852 144.332809 12.9287319 -49.8036652 162.439911 4.99668932 -45.6962547 170.212524 2.46028137 -55.2068481 163.630966 4.99668932 -45.6962547 170.212524 -3.07177925 -44.9409409 161.579407 2.46028137 -55.2068481 163.630966 -3.07177925 -44.9409409 161.579407 4.86026335 -49.0483513 153.806793 2.46028137 -55.2068481 163.630966 4.86026335 -49.0483513 153.806793 12.9287319 -49.8036652 162.439911 2.46028137 -55.2068481 163.630966 12.9287319 -49.8036652 162.439911 7.3966713 -39.5377579 160.388351 4.99668932 -45.6962547 170.212524 4.99668932 -45.6962547 170.212524 7.3966713 -39.5377579 160.388351 -3.07177925 -44.9409409 161.579407 -3.07177925 -44.9409409 161.579407 7.3966713 -39.5377579 160.388351 4.86026335 -49.0483513 153.806793 4.86026335 -49.0483513 153.806793 7.3966713 -39.5377579 160.388351 12.9287319 -49.8036652 162.439911 463.665436 -160.084335 -18.906208 268.661377 -79.5942383 -208.626312 463.794647 -121.955887 -7.06376696 463.794647 -121.955887 -7.06376696 268.661377 -79.5942383 -208.626312 432.998688 -129.397537 17.2317123 432.998688 -129.397537 17.2317123 268.661377 -79.5942383 -208.626312 432.869476 -167.525986 5.38927031 432.869476 -167.525986 5.38927031 268.661377 -79.5942383 -208.626312 463.665436 -160.084335 -18.906208 463.774841 -160.197784 19.434473 527.925537 -340.668945 -210.862656 472.549927 -128.445435 -6.86110497 472.549927 -128.445435 -6.86110497 527.925537 -340.668945 -210.862656 432.889282 -129.284088 -21.1089687 432.889282 -129.284088 -21.1089687 527.925537 -340.668945 -210.862656 424.114197 -161.036438 5.18660831 424.114197 -161.036438 5.18660831 527.925537 -340.668945 -210.862656 463.774841 -160.197784 19.434473 425.442566 -121.834213 4.32350492 230.422836 -378.814972 71.6397934 457.078888 -143.111282 30.7240944 457.078888 -143.111282 30.7240944 230.422836 -378.814972 71.6397934 471.221558 -167.647659 -5.99800158 471.221558 -167.647659 -5.99800158 230.422836 -378.814972 71.6397934 439.585236 -146.37059 -32.3985901 439.585236 -146.37059 -32.3985901 230.422836 -378.814972 71.6397934 425.442566 -121.834213 4.32350492 -277.611938 -399.512207 -65.4587402 -274.669067 -395.637726 -66.2881317 -277.027008 -399.882782 -65.405098 -277.027008 -399.882782 -65.405098 -274.669067 -395.637726 -66.2881317 -276.980469 -399.712097 -64.7334747 -276.980469 -399.712097 -64.7334747 -274.669067 -395.637726 -66.2881317 -277.565399 -399.341522 -64.787117 -277.565399 -399.341522 -64.787117 -274.669067 -395.637726 -66.2881317 -277.611938 -399.512207 -65.4587402 -34.5777321 -403.213013 271.964386 77.3880463 -431.112274 318.224365 -40.7975616 -415.173645 283.112946 -40.7975616 -415.173645 283.112946 77.3880463 -431.112274 318.224365 -41.6012535 -403.036499 295.685822 -41.6012535 -403.036499 295.685822 77.3880463 -431.112274 318.224365 -35.381424 -391.075867 284.537262 -35.381424 -391.075867 284.537262 77.3880463 -431.112274 318.224365 -34.5777321 -403.213013 271.964386 -11.934412 -281.529144 272.312866 108.596054 -250.468185 320.218567 -12.5766973 -294.404022 285.95285 -12.5766973 -294.404022 285.95285 108.596054 -250.468185 320.218567 -19.1753864 -281.473419 297.847412 -19.1753864 -281.473419 297.847412 108.596054 -250.468185 320.218567 -18.5331001 -268.598541 284.207428 -18.5331001 -268.598541 284.207428 108.596054 -250.468185 320.218567 -11.934412 -281.529144 272.312866 66.1118774 -175.893173 283.486542 93.2610397 -144.804077 297.469757 67.3083267 -178.720795 288.794983 67.3083267 -178.720795 288.794983 93.2610397 -144.804077 297.469757 62.8782501 -175.474228 291.522797 62.8782501 -175.474228 291.522797 93.2610397 -144.804077 297.469757 61.6818008 -172.646606 286.214355 61.6818008 -172.646606 286.214355 93.2610397 -144.804077 297.469757 66.1118774 -175.893173 283.486542 106.865845 -160.213074 279.804077 142.174973 -107.465622 296.841522 109.973976 -164.014313 287.641205 109.973976 -164.014313 287.641205 142.174973 -107.465622 296.841522 103.034485 -160.065796 292.308472 103.034485 -160.065796 292.308472 142.174973 -107.465622 296.841522 99.9263535 -156.264557 284.471344 99.9263535 -156.264557 284.471344 142.174973 -107.465622 296.841522 106.865845 -160.213074 279.804077 164.191864 -156.47168 284.79364 179.027893 -150.389404 289.267761 165.279312 -145.550552 297.310272 179.027893 -150.389404 289.267761 173.263214 -134.894562 287.31897 165.279312 -145.550552 297.310272 173.263214 -134.894562 287.31897 158.427185 -140.976837 282.844849 165.279312 -145.550552 297.310272 158.427185 -140.976837 282.844849 164.191864 -156.47168 284.79364 165.279312 -145.550552 297.310272 164.191864 -156.47168 284.79364 172.175766 -145.815689 274.802338 179.027893 -150.389404 289.267761 179.027893 -150.389404 289.267761 172.175766 -145.815689 274.802338 173.263214 -134.894562 287.31897 173.263214 -134.894562 287.31897 172.175766 -145.815689 274.802338 158.427185 -140.976837 282.844849 158.427185 -140.976837 282.844849 172.175766 -145.815689 274.802338 164.191864 -156.47168 284.79364 147.31189 85.8341293 166.158707 146.476364 85.4246674 168.064697 147.488434 85.5987625 166.208893 147.488434 85.5987625 166.208893 146.476364 85.4246674 168.064697 147.277435 85.4174423 166.100815 147.277435 85.4174423 166.100815 146.476364 85.4246674 168.064697 147.100891 85.6528091 166.050629 147.100891 85.6528091 166.050629 146.476364 85.4246674 168.064697 147.31189 85.8341293 166.158707 -146.60614 73.9125061 -164.120926 -227.179916 158.018524 -109.205231 -152.101669 80.9074554 -179.907623 -152.101669 80.9074554 -179.907623 -227.179916 158.018524 -109.205231 -139.582062 93.9310608 -178.495193 -139.582062 93.9310608 -178.495193 -227.179916 158.018524 -109.205231 -134.086533 86.9361115 -162.708496 -134.086533 86.9361115 -162.708496 -227.179916 158.018524 -109.205231 -146.60614 73.9125061 -164.120926 -165.532852 201.397247 -164.678329 -270.635193 256.241577 -160.931305 -165.662033 204.805695 -181.016891 -165.662033 204.805695 -181.016891 -270.635193 256.241577 -160.931305 -159.044815 219.816193 -177.93782 -159.044815 219.816193 -177.93782 -270.635193 256.241577 -160.931305 -158.915634 216.407745 -161.599258 -158.915634 216.407745 -161.599258 -270.635193 256.241577 -160.931305 -165.532852 201.397247 -164.678329 -237.131195 298.532349 -168.031815 -292.090515 309.12323 -191.191223 -234.254669 299.462006 -176.001495 -234.254669 299.462006 -176.001495 -292.090515 309.12323 -191.191223 -233.777832 307.893616 -174.84584 -233.777832 307.893616 -174.84584 -292.090515 309.12323 -191.191223 -236.654358 306.963959 -166.87616 -236.654358 306.963959 -166.87616 -292.090515 309.12323 -191.191223 -237.131195 298.532349 -168.031815 -292.55423 322.294952 -168.843628 -335.346771 326.035461 -193.369843 -289.496613 323.050385 -175.050919 -289.496613 323.050385 -175.050919 -335.346771 326.035461 -193.369843 -289.842804 329.969879 -174.379333 -289.842804 329.969879 -174.379333 -335.346771 326.035461 -193.369843 -292.900421 329.214447 -168.172043 -292.900421 329.214447 -168.172043 -335.346771 326.035461 -193.369843 -292.55423 322.294952 -168.843628 -346.126251 336.161804 -176.875122 -343.912781 342.832703 -166.503159 -336.669067 344.375763 -176.608887 -343.912781 342.832703 -166.503159 -332.068573 338.748169 -166.403778 -336.669067 344.375763 -176.608887 -332.068573 338.748169 -166.403778 -334.282043 332.077271 -176.775742 -336.669067 344.375763 -176.608887 -334.282043 332.077271 -176.775742 -346.126251 336.161804 -176.875122 -336.669067 344.375763 -176.608887 -346.126251 336.161804 -176.875122 -341.525757 330.53421 -166.670013 -343.912781 342.832703 -166.503159 -343.912781 342.832703 -166.503159 -341.525757 330.53421 -166.670013 -332.068573 338.748169 -166.403778 -332.068573 338.748169 -166.403778 -341.525757 330.53421 -166.670013 -334.282043 332.077271 -176.775742 -334.282043 332.077271 -176.775742 -341.525757 330.53421 -166.670013 -346.126251 336.161804 -176.875122 -82.9885864 -170.999695 -12.16924 -84.3995972 -177.444916 -8.77489758 -83.4719391 -171.41423 -12.996706 -83.4719391 -171.41423 -12.996706 -84.3995972 -177.444916 -8.77489758 -84.391983 -171.097839 -12.6177874 -84.391983 -171.097839 -12.6177874 -84.3995972 -177.444916 -8.77489758 -83.9086304 -170.683304 -11.7903214 -83.9086304 -170.683304 -11.7903214 -84.3995972 -177.444916 -8.77489758 -82.9885864 -170.999695 -12.16924 -76.839325 -166.509155 -13.5475826 -90.9884491 -153.548981 117.863243 -89.1052704 -180.539703 -12.1556911 -89.1052704 -180.539703 -12.1556911 -90.9884491 -153.548981 117.863243 -103.204025 -168.352142 -13.5468597 -103.204025 -168.352142 -13.5468597 -90.9884491 -153.548981 117.863243 -90.9380798 -154.321594 -14.9387512 -90.9380798 -154.321594 -14.9387512 -90.9884491 -153.548981 117.863243 -76.839325 -166.509155 -13.5475826 -63.1141853 -35.1103287 -13.5475931 -82.3682251 53.4628525 81.0069733 -75.456131 -45.4515648 -4.57721329 -75.456131 -45.4515648 -4.57721329 -82.3682251 53.4628525 81.0069733 -89.1172791 -36.9280319 -13.5468817 -89.1172791 -36.9280319 -13.5468817 -82.3682251 53.4628525 81.0069733 -76.7753296 -26.5867958 -22.5172615 -76.7753296 -26.5867958 -22.5172615 -82.3682251 53.4628525 81.0069733 -63.1141853 -35.1103287 -13.5475931 19.8124962 58.9772606 -13.5474195 9.505476 116.805923 8.6981926 13.7330341 56.3223152 -7.70658779 13.7330341 56.3223152 -7.70658779 9.505476 116.805923 8.6981926 7.34301281 58.1056023 -13.5470858 7.34301281 58.1056023 -13.5470858 9.505476 116.805923 8.6981926 13.4224739 60.7605476 -19.3879166 13.4224739 60.7605476 -19.3879166 9.505476 116.805923 8.6981926 19.8124962 58.9772606 -13.5474195 78.7907867 81.2668762 -13.5474463 67.2799911 148.071503 -3.1225996 72.0557098 79.7510605 -6.80279875 72.0557098 79.7510605 -6.80279875 67.2799911 148.071503 -3.1225996 65.1748962 80.3150787 -13.5470915 65.1748962 80.3150787 -13.5470915 67.2799911 148.071503 -3.1225996 71.9099731 81.8308945 -20.2917385 71.9099731 81.8308945 -20.2917385 67.2799911 148.071503 -3.1225996 78.7907867 81.2668762 -13.5474463 140.283539 78.9662094 -13.5464125 139.4272 91.221405 -1.26307583 127.172623 90.3638992 -13.5469475 139.4272 91.221405 -1.26307583 138.570312 103.474815 -13.5481558 127.172623 90.3638992 -13.5469475 138.570312 103.474815 -13.5481558 139.426651 91.2196198 -25.8314934 127.172623 90.3638992 -13.5469475 139.426651 91.2196198 -25.8314934 140.283539 78.9662094 -13.5464125 127.172623 90.3638992 -13.5469475 140.283539 78.9662094 -13.5464125 151.681229 92.0771255 -13.5476208 139.4272 91.221405 -1.26307583 139.4272 91.221405 -1.26307583 151.681229 92.0771255 -13.5476208 138.570312 103.474815 -13.5481558 138.570312 103.474815 -13.5481558 151.681229 92.0771255 -13.5476208 139.426651 91.2196198 -25.8314934 139.426651 91.2196198 -25.8314934 151.681229 92.0771255 -13.5476208 140.283539 78.9662094 -13.5464125 -300.315338 -30.1241131 -3.85297942 -296.464508 -41.1446609 7.33867359 -302.070251 -31.482914 -4.35580158 -302.070251 -31.482914 -4.35580158 -296.464508 -41.1446609 7.33867359 -303.306183 -30.491087 -2.72250628 -303.306183 -30.491087 -2.72250628 -296.464508 -41.1446609 7.33867359 -301.55127 -29.1322861 -2.21968389 -301.55127 -29.1322861 -2.21968389 -296.464508 -41.1446609 7.33867359 -300.315338 -30.1241131 -3.85297942 -241.203186 -209.541321 0.69872278 -130.110504 -299.616882 -44.2938309 -227.469437 -202.178772 14.9224987 -227.469437 -202.178772 14.9224987 -130.110504 -299.616882 -44.2938309 -220.096527 -188.451355 0.697960913 -220.096527 -188.451355 0.697960913 -130.110504 -299.616882 -44.2938309 -233.830276 -195.813904 -13.5258141 -233.830276 -195.813904 -13.5258141 -130.110504 -299.616882 -44.2938309 -241.203186 -209.541321 0.69872278 -373.491608 -226.570328 0.698070049 -311.333618 -310.211243 24.8137398 -379.712738 -235.536697 -9.66802406 -379.712738 -235.536697 -9.66802406 -311.333618 -310.211243 24.8137398 -389.190643 -240.945602 0.698613644 -389.190643 -240.945602 0.698613644 -311.333618 -310.211243 24.8137398 -382.969513 -231.979233 11.0647087 -382.969513 -231.979233 11.0647087 -311.333618 -310.211243 24.8137398 -373.491608 -226.570328 0.698070049 -481.19104 -206.156265 -1.33047819 -445.007874 -238.398193 26.4168148 -484.439178 -212.876022 -3.79025221 -484.439178 -212.876022 -3.79025221 -445.007874 -238.398193 26.4168148 -488.821838 -213.143265 2.72716188 -488.821838 -213.143265 2.72716188 -445.007874 -238.398193 26.4168148 -485.5737 -206.423508 5.1869359 -485.5737 -206.423508 5.1869359 -445.007874 -238.398193 26.4168148 -481.19104 -206.156265 -1.33047819 -486.384949 -210.912048 0.698536098 -473.609985 -222.096878 -7.33657789 -484.463684 -210.242233 2.3859725 -484.463684 -210.242233 2.3859725 -473.609985 -222.096878 -7.33657789 -483.62793 -208.387482 0.698147595 -483.62793 -208.387482 0.698147595 -473.609985 -222.096878 -7.33657789 -485.549194 -209.057297 -0.989288688 -485.549194 -209.057297 -0.989288688 -473.609985 -222.096878 -7.33657789 -486.384949 -210.912048 0.698536098 -481.184265 -206.149719 2.51906753 -459.795502 -250.816818 26.9111233 -481.971741 -210.638046 -3.77246714 -481.971741 -210.638046 -3.77246714 -459.795502 -250.816818 26.9111233 -488.828613 -213.149811 -1.12238383 -488.828613 -213.149811 -1.12238383 -459.795502 -250.816818 26.9111233 -488.041138 -208.661484 5.16915083 -488.041138 -208.661484 5.16915083 -459.795502 -250.816818 26.9111233 -481.184265 -206.149719 2.51906753 -573.441284 9.40764618 7.82940435 -549.358154 -20.9442558 26.0533695 -577.941895 5.41203117 8.11837006 -577.941895 5.41203117 8.11837006 -549.358154 -20.9442558 26.0533695 -579.175659 7.20794821 13.7358894 -579.175659 7.20794821 13.7358894 -549.358154 -20.9442558 26.0533695 -574.675049 11.2035637 13.4469242 -574.675049 11.2035637 13.4469242 -549.358154 -20.9442558 26.0533695 -573.441284 9.40764618 7.82940435 -515.783142 340.742126 22.8448753 -504.209106 306.899414 8.59150314 -515.594421 338.330994 27.693203 -515.594421 338.330994 27.693203 -504.209106 306.899414 8.59150314 -510.326141 339.533508 28.0861893 -510.326141 339.533508 28.0861893 -504.209106 306.899414 8.59150314 -510.514832 341.944641 23.2378616 -510.514832 341.944641 23.2378616 -504.209106 306.899414 8.59150314 -515.783142 340.742126 22.8448753 -545.083374 316.529297 41.2920952 -543.591431 323.262543 48.1876831 -550.324524 324.753754 41.2917938 -543.591431 323.262543 48.1876831 -542.100098 329.994934 41.2911415 -550.324524 324.753754 41.2917938 -542.100098 329.994934 41.2911415 -543.592041 323.261688 34.3955536 -550.324524 324.753754 41.2917938 -543.592041 323.261688 34.3955536 -545.083374 316.529297 41.2920952 -550.324524 324.753754 41.2917938 -545.083374 316.529297 41.2920952 -536.858948 321.770477 41.2914429 -543.591431 323.262543 48.1876831 -543.591431 323.262543 48.1876831 -536.858948 321.770477 41.2914429 -542.100098 329.994934 41.2911415 -542.100098 329.994934 41.2911415 -536.858948 321.770477 41.2914429 -543.592041 323.261688 34.3955536 -543.592041 323.261688 34.3955536 -536.858948 321.770477 41.2914429 -545.083374 316.529297 41.2920952 -383.137054 -394.056396 0.697813332 -370.52298 -395.456573 -37.070961 -378.054962 -392.017792 1.90338516 -378.054962 -392.017792 1.90338516 -370.52298 -395.456573 -37.070961 -379.844757 -386.842896 0.697610795 -379.844757 -386.842896 0.697610795 -370.52298 -395.456573 -37.070961 -384.926849 -388.8815 -0.507961035 -384.926849 -388.8815 -0.507961035 -370.52298 -395.456573 -37.070961 -383.137054 -394.056396 0.697813332 -276.670471 -512.50708 0.698204815 -283.697998 -511.262665 7.83406496 -284.941681 -518.289978 0.697894216 -283.697998 -511.262665 7.83406496 -290.724609 -510.018799 0.697219193 -284.941681 -518.289978 0.697894216 -290.724609 -510.018799 0.697219193 -283.697083 -511.263214 -6.43864107 -284.941681 -518.289978 0.697894216 -283.697083 -511.263214 -6.43864107 -276.670471 -512.50708 0.698204815 -284.941681 -518.289978 0.697894216 -276.670471 -512.50708 0.698204815 -282.4534 -504.23587 0.697529793 -283.697998 -511.262665 7.83406496 -283.697998 -511.262665 7.83406496 -282.4534 -504.23587 0.697529793 -290.724609 -510.018799 0.697219193 -290.724609 -510.018799 0.697219193 -282.4534 -504.23587 0.697529793 -283.697083 -511.263214 -6.43864107 -283.697083 -511.263214 -6.43864107 -282.4534 -504.23587 0.697529793 -276.670471 -512.50708 0.698204815 -572.746826 32.8388939 -5.83933353 -576.530762 -6.55687714 6.76122761 -572.886902 30.6819172 -11.2696753 -572.886902 30.6819172 -11.2696753 -576.530762 -6.55687714 6.76122761 -578.728882 30.8378468 -11.1809549 -578.728882 30.8378468 -11.1809549 -576.530762 -6.55687714 6.76122761 -578.588806 32.9948273 -5.75061321 -578.588806 32.9948273 -5.75061321 -576.530762 -6.55687714 6.76122761 -572.746826 32.8388939 -5.83933353 -522.178284 331.235413 -18.1732101 -545.731873 298.30014 -41.5277405 -516.952087 327.292328 -18.8095646 -516.952087 327.292328 -18.8095646 -545.731873 298.30014 -41.5277405 -515.690735 329.916016 -24.7079773 -515.690735 329.916016 -24.7079773 -545.731873 298.30014 -41.5277405 -520.916931 333.8591 -24.0716228 -520.916931 333.8591 -24.0716228 -545.731873 298.30014 -41.5277405 -522.178284 331.235413 -18.1732101 -557.568298 302.281281 -41.2695084 -555.900085 310.485992 -32.8980484 -564.104614 312.153412 -41.2698746 -555.900085 310.485992 -32.8980484 -554.232483 318.689667 -41.270668 -564.104614 312.153412 -41.2698746 -554.232483 318.689667 -41.270668 -555.900696 310.484955 -49.642128 -564.104614 312.153412 -41.2698746 -555.900696 310.484955 -49.642128 -557.568298 302.281281 -41.2695084 -564.104614 312.153412 -41.2698746 -557.568298 302.281281 -41.2695084 -547.696167 308.817535 -41.2703018 -555.900085 310.485992 -32.8980484 -555.900085 310.485992 -32.8980484 -547.696167 308.817535 -41.2703018 -554.232483 318.689667 -41.270668 -554.232483 318.689667 -41.270668 -547.696167 308.817535 -41.2703018 -555.900696 310.484955 -49.642128 -555.900696 310.484955 -49.642128 -547.696167 308.817535 -41.2703018 -557.568298 302.281281 -41.2695084 </float_array>
          <technique_common>
            <accessor count="1128" offset="0" source="#mesh_0-positions-array" stride="3">
              <param name="X" type="float" />
              <param name="Y" type="float" />
              <param name="Z" type="float" />
            </accessor>
          </technique_common>
        </source>
        <source id="mesh_0-normals" name="mesh_0-normals">
          <float_array id="mesh_0-normals-array" count="3384"> 32.5422058 -6.39967918 32.0733223 32.5422058 -6.39967918 32.0733223 32.5422058 -6.39967918 32.0733223 32.5436516 12.6192093 -30.1714325 32.5436516 12.6192093 -30.1714325 32.5436516 12.6192093 -30.1714325 -32.5417328 12.6241388 -30.1714344 -32.5417328 12.6241388 -30.1714344 -32.5417328 12.6241388 -30.1714344 -32.5431786 -6.39474964 32.0733223 -32.5431786 -6.39474964 32.0733223 -32.5431786 -6.39474964 32.0733223 -166.613251 -69.6942596 179.681335 -166.613251 -69.6942596 179.681335 -166.613251 -69.6942596 179.681335 -166.586365 -69.6935272 -179.706223 -166.586365 -69.6935272 -179.706223 -166.586365 -69.6935272 -179.706223 177.115082 35.3241234 -179.680542 177.115082 35.3241234 -179.680542 177.115082 35.3241234 -179.680542 177.088196 35.3233948 179.707001 177.088196 35.3233948 179.707001 177.088196 35.3233948 179.707001 -177.08812 -35.3236389 -179.707169 -177.08812 -35.3236389 -179.707169 -177.08812 -35.3236389 -179.707169 -177.115173 -35.3238831 179.680389 -177.115173 -35.3238831 179.680389 -177.115173 -35.3238831 179.680389 166.586273 69.6937714 179.706375 166.586273 69.6937714 179.706375 166.586273 69.6937714 179.706375 166.613297 69.6940079 -179.681183 166.613297 69.6940079 -179.681183 166.613297 69.6940079 -179.681183 -59.2568245 295.376831 299.820129 -59.2568245 295.376831 299.820129 -59.2568245 295.376831 299.820129 115.950195 -278.040375 299.833771 115.950195 -278.040375 299.833771 115.950195 -278.040375 299.833771 116.59848 -277.85611 -299.752747 116.59848 -277.85611 -299.752747 116.59848 -277.85611 -299.752747 -58.6085205 295.561035 -299.766388 -58.6085205 295.561035 -299.766388 -58.6085205 295.561035 -299.766388 656.097107 3769.67383 -85.2158203 656.097107 3769.67383 -85.2158203 656.097107 3769.67383 -85.2158203 -2556.83423 400.597626 -2819.62451 -2556.83423 400.597626 -2819.62451 -2556.83423 400.597626 -2819.62451 -1063.49878 -3652.54395 419.596252 -1063.49878 -3652.54395 419.596252 -1063.49878 -3652.54395 419.596252 2149.43262 -283.467682 3154.00488 2149.43262 -283.467682 3154.00488 2149.43262 -283.467682 3154.00488 331.344299 -1415.55371 426.031708 331.344299 -1415.55371 426.031708 331.344299 -1415.55371 426.031708 114.933235 -59.2576752 1509.42468 114.933235 -59.2576752 1509.42468 114.933235 -59.2576752 1509.42468 1098.79419 936.062378 459.916443 1098.79419 936.062378 459.916443 1098.79419 936.062378 459.916443 1315.2052 -420.233673 -623.476501 1315.2052 -420.233673 -623.476501 1315.2052 -420.233673 -623.476501 -1098.79419 -936.062378 -459.916382 -1098.79419 -936.062378 -459.916382 -1098.79419 -936.062378 -459.916382 -1315.2052 420.233673 623.47644 -1315.2052 420.233673 623.47644 -1315.2052 420.233673 623.47644 -331.34436 1415.55371 -426.031738 -331.34436 1415.55371 -426.031738 -331.34436 1415.55371 -426.031738 -114.933235 59.2576752 -1509.42456 -114.933235 59.2576752 -1509.42456 -114.933235 59.2576752 -1509.42456 2050.42822 -324.868103 -3215.33252 2050.42822 -324.868103 -3215.33252 2050.42822 -324.868103 -3215.33252 -1089.3606 -3652.41357 -348.327057 -1089.3606 -3652.41357 -348.327057 -1089.3606 -3652.41357 -348.327057 -2467.47852 440.148438 2892.3999 -2467.47852 440.148438 2892.3999 -2467.47852 440.148438 2892.3999 672.310425 3767.69434 25.3944702 672.310425 3767.69434 25.3944702 672.310425 3767.69434 25.3944702 1310.36206 -487.172424 583.693298 1310.36206 -487.172424 583.693298 1310.36206 -487.172424 583.693298 1125.42749 902.491089 -462.607697 1125.42749 902.491089 -462.607697 1125.42749 902.491089 -462.607697 79.8332901 -27.2143841 -1512.60327 79.8332901 -27.2143841 -1512.60327 79.8332901 -27.2143841 -1512.60327 264.767761 -1416.87793 -466.302429 264.767761 -1416.87793 -466.302429 264.767761 -1416.87793 -466.302429 -79.8332977 27.2143841 1512.60339 -79.8332977 27.2143841 1512.60339 -79.8332977 27.2143841 1512.60339 -264.767731 1416.87793 466.302277 -264.767731 1416.87793 466.302277 -264.767731 1416.87793 466.302277 -1310.36194 487.172424 -583.693237 -1310.36194 487.172424 -583.693237 -1310.36194 487.172424 -583.693237 -1125.42749 -902.491089 462.607666 -1125.42749 -902.491089 462.607666 -1125.42749 -902.491089 462.607666 -134.777405 525.274536 539.692993 -134.777405 525.274536 539.692993 -134.777405 525.274536 539.692993 234.98204 -488.702423 539.722534 234.98204 -488.702423 539.722534 234.98204 -488.702423 539.722534 236.17485 -488.298553 -539.567139 236.17485 -488.298553 -539.567139 236.17485 -488.298553 -539.567139 -133.584579 525.678345 -539.596619 -133.584579 525.678345 -539.596619 -133.584579 525.678345 -539.596619 -52.4089813 1046.77258 1042.95459 -52.4089813 1046.77258 1042.95459 -52.4089813 1046.77258 1042.95459 257.391479 -1015.93152 1043.01025 257.391479 -1015.93152 1043.01025 257.391479 -1015.93152 1043.01025 258.679077 -1015.79248 -1042.82532 258.679077 -1015.79248 -1042.82532 258.679077 -1015.79248 -1042.82532 -51.1213455 1046.91138 -1042.88086 -51.1213455 1046.91138 -1042.88086 -51.1213455 1046.91138 -1042.88086 -521.737488 -888.696045 -531.797607 -521.737488 -888.696045 -531.797607 -521.737488 -888.696045 -531.797607 -764.589722 728.242798 -479.438141 -764.589722 728.242798 -479.438141 -764.589722 728.242798 -479.438141 607.454102 906.046875 393.545166 607.454102 906.046875 393.545166 607.454102 906.046875 393.545166 850.306396 -710.891846 341.185699 850.306396 -710.891846 341.185699 850.306396 -710.891846 341.185699 76.9800034 505.697327 508.969696 76.9800034 505.697327 508.969696 76.9800034 505.697327 508.969696 24.5480881 -510.907349 508.99765 24.5480881 -510.907349 508.99765 24.5480881 -510.907349 508.99765 24.6802883 -510.940521 -508.956299 24.6802883 -510.940521 -508.956299 24.6802883 -510.940521 -508.956299 77.1122131 505.664215 -508.984222 77.1122131 505.664215 -508.984222 77.1122131 505.664215 -508.984222 -106.630188 -177.161118 205.713837 -106.630188 -177.161118 205.713837 -106.630188 -177.161118 205.713837 -106.658218 -177.102646 -205.749542 -106.658218 -177.102646 -205.749542 -106.658218 -177.102646 -205.749542 139.594055 152.535843 -205.719528 139.594055 152.535843 -205.719528 139.594055 152.535843 -205.719528 139.62207 152.477356 205.743835 139.62207 152.477356 205.743835 139.62207 152.477356 205.743835 -139.566803 -152.5186 -205.750061 -139.566803 -152.5186 -205.750061 -139.566803 -152.5186 -205.750061 -139.650284 -152.493759 205.712189 -139.650284 -152.493759 205.712189 -139.650284 -152.493759 205.712189 106.60305 177.143875 205.741913 106.60305 177.143875 205.741913 106.60305 177.143875 205.741913 106.686554 177.119049 -205.720306 106.686554 177.119049 -205.720306 106.686554 177.119049 -205.720306 -6.94410372 6.35584879 9.36667252 -6.94410372 6.35584879 9.36667252 -6.94410372 6.35584879 9.36667252 8.06403542 -4.85584879 9.36708832 8.06403542 -4.85584879 9.36708832 8.06403542 -4.85584879 9.36708832 8.06527233 -4.85502863 -9.36653042 8.06527233 -4.85502863 -9.36653042 8.06527233 -4.85502863 -9.36653042 -6.94286537 6.35666847 -9.36694717 -6.94286537 6.35666847 -9.36694717 -6.94286537 6.35666847 -9.36694717 210.424805 -1471.52466 -645.001099 210.424805 -1471.52466 -645.001099 210.424805 -1471.52466 -645.001099 679.822693 -515.498108 1377.60217 679.822693 -515.498108 1377.60217 679.822693 -515.498108 1377.60217 -406.02298 1388.75439 729.5177 -406.02298 1388.75439 729.5177 -406.02298 1388.75439 729.5177 -875.420837 432.727936 -1293.08569 -875.420837 432.727936 -1293.08569 -875.420837 432.727936 -1293.08569 -2271.98706 860.546387 -5424.01758 -2271.98706 860.546387 -5424.01758 -2271.98706 860.546387 -5424.01758 2269.21509 -5187.63965 -1805.95703 2269.21509 -5187.63965 -1805.95703 2269.21509 -5187.63965 -1805.95703 1570.68201 -1291.00024 5584.68555 1570.68201 -1291.00024 5584.68555 1570.68201 -1291.00024 5584.68555 -2970.52026 4757.18604 1966.62524 -2970.52026 4757.18604 1966.62524 -2970.52026 4757.18604 1966.62524 1127.43384 3788.52588 -8824.71582 1127.43384 3788.52588 -8824.71582 1127.43384 3788.52588 -8824.71582 -8149.15918 -4296.23291 -2938.24072 -8149.15918 -4296.23291 -2938.24072 -8149.15918 -4296.23291 -2938.24072 -1908.92773 -2701.5 9086.11816 -1908.92773 -2701.5 9086.11816 -1908.92773 -2701.5 9086.11816 7367.66504 5383.25879 3199.64258 7367.66504 5383.25879 3199.64258 7367.66504 5383.25879 3199.64258 1210.63135 43.2583618 -365.018555 1210.63135 43.2583618 -365.018555 1210.63135 43.2583618 -365.018555 361.390045 -458.545685 1122.43933 361.390045 -458.545685 1122.43933 361.390045 -458.545685 1122.43933 -1208.24976 -212.767517 309.193237 -1208.24976 -212.767517 309.193237 -1208.24976 -212.767517 309.193237 -359.008514 289.03653 -1178.26465 -359.008514 289.03653 -1178.26465 -359.008514 289.03653 -1178.26465 -176.641022 -370.925995 1243.70154 -176.641022 -370.925995 1243.70154 -176.641022 -370.925995 1243.70154 -1264.22827 334.661896 -72.8827744 -1264.22827 334.661896 -72.8827744 -1264.22827 334.661896 -72.8827744 120.666214 200.682343 -1288.7002 120.666214 200.682343 -1288.7002 120.666214 200.682343 -1288.7002 1208.25342 -504.905518 27.8842163 1208.25342 -504.905518 27.8842163 1208.25342 -504.905518 27.8842163 -1.33249664 83.8700256 -78.7629166 -1.33249664 83.8700256 -78.7629166 -1.33249664 83.8700256 -78.7629166 109.700897 25.0767002 24.0102425 109.700897 25.0767002 24.0102425 109.700897 25.0767002 24.0102425 7.27162743 -93.2930679 66.9558334 7.27162743 -93.2930679 66.9558334 7.27162743 -93.2930679 66.9558334 -103.761772 -34.4997406 -35.8173256 -103.761772 -34.4997406 -35.8173256 -103.761772 -34.4997406 -35.8173256 428.902466 -240.284332 275.79007 428.902466 -240.284332 275.79007 428.902466 -240.284332 275.79007 -344.140564 -130.989731 426.805359 -344.140564 -130.989731 426.805359 -344.140564 -130.989731 426.805359 -444.605286 167.38913 -303.41568 -444.605286 167.38913 -303.41568 -444.605286 167.38913 -303.41568 328.437744 58.0945168 -454.430969 328.437744 58.0945168 -454.430969 328.437744 58.0945168 -454.430969 388.873444 166.788208 237.368073 388.873444 166.788208 237.368073 388.873444 166.788208 237.368073 -91.0101776 -303.578674 367.343964 -91.0101776 -303.578674 367.343964 -91.0101776 -303.578674 367.343964 -347.348877 -215.72319 -261.14505 -347.348877 -215.72319 -261.14505 -347.348877 -215.72319 -261.14505 132.534775 254.643677 -391.120911 132.534775 254.643677 -391.120911 132.534775 254.643677 -391.120911 -149.17688 86.6662903 -84.3527222 -149.17688 86.6662903 -84.3527222 -149.17688 86.6662903 -84.3527222 58.7611351 85.9101562 -161.389938 58.7611351 85.9101562 -161.389938 58.7611351 85.9101562 -161.389938 134.364868 130.544922 42.2404785 134.364868 130.544922 42.2404785 134.364868 130.544922 42.2404785 -73.5731506 131.301056 119.277702 -73.5731506 131.301056 119.277702 -73.5731506 131.301056 119.277702 -134.364868 -130.544922 -42.2404785 -134.364868 -130.544922 -42.2404785 -134.364868 -130.544922 -42.2404785 73.5731506 -131.301056 -119.277702 73.5731506 -131.301056 -119.277702 73.5731506 -131.301056 -119.277702 149.17688 -86.6662903 84.3527222 149.17688 -86.6662903 84.3527222 149.17688 -86.6662903 84.3527222 -58.7611351 -85.9101562 161.389938 -58.7611351 -85.9101562 161.389938 -58.7611351 -85.9101562 161.389938 136.121613 -125.364388 343.460052 136.121613 -125.364388 343.460052 136.121613 -125.364388 343.460052 -352.426208 -140.768326 90.4988098 -352.426208 -140.768326 90.4988098 -352.426208 -140.768326 90.4988098 -124.949791 74.7460327 -361.954041 -124.949791 74.7460327 -361.954041 -124.949791 74.7460327 -361.954041 363.598053 90.1499786 -108.992798 363.598053 90.1499786 -108.992798 363.598053 90.1499786 -108.992798 158.563797 -19.9251938 296.606873 158.563797 -19.9251938 296.606873 158.563797 -19.9251938 296.606873 -177.269363 -275.649689 78.1532669 -177.269363 -275.649689 78.1532669 -177.269363 -275.649689 78.1532669 -125.334335 -10.070385 -312.578003 -125.334335 -10.070385 -312.578003 -125.334335 -10.070385 -312.578003 210.498825 245.654114 -94.1244278 210.498825 245.654114 -94.1244278 210.498825 245.654114 -94.1244278 -3.79994798 133.293015 -2.03579664 -3.79994798 133.293015 -2.03579664 -3.79994798 133.293015 -2.03579664 112.678474 46.8682442 -53.7822075 112.678474 46.8682442 -53.7822075 112.678474 46.8682442 -53.7822075 104.172081 -40.3956413 72.8146973 104.172081 -40.3956413 72.8146973 104.172081 -40.3956413 72.8146973 -12.3063412 46.0291214 124.561111 -12.3063412 46.0291214 124.561111 -12.3063412 46.0291214 124.561111 -104.172081 40.3956413 -72.8146973 -104.172081 40.3956413 -72.8146973 -104.172081 40.3956413 -72.8146973 12.3063412 -46.0291214 -124.561111 12.3063412 -46.0291214 -124.561111 12.3063412 -46.0291214 -124.561111 3.79994798 -133.293015 2.03579664 3.79994798 -133.293015 2.03579664 3.79994798 -133.293015 2.03579664 -112.678474 -46.8682442 53.7822075 -112.678474 -46.8682442 53.7822075 -112.678474 -46.8682442 53.7822075 30.0214958 35.7368164 -23.4168625 30.0214958 35.7368164 -23.4168625 30.0214958 35.7368164 -23.4168625 30.2078705 -37.8268814 -19.5795803 30.2078705 -37.8268814 -19.5795803 30.2078705 -37.8268814 -19.5795803 -33.6870995 -36.0789261 17.0364208 -33.6870995 -36.0789261 17.0364208 -33.6870995 -36.0789261 17.0364208 -33.8737259 37.4847717 13.1992846 -33.8737259 37.4847717 13.1992846 -33.8737259 37.4847717 13.1992846 146.130386 199.590103 -169.546219 146.130386 199.590103 -169.546219 146.130386 199.590103 -169.546219 138.294983 -222.717941 -145.628006 138.294983 -222.717941 -145.628006 138.294983 -222.717941 -145.628006 -174.593872 -200.833267 138.272247 -174.593872 -200.833267 138.272247 -174.593872 -200.833267 138.272247 -166.758469 221.474762 114.354027 -166.758469 221.474762 114.354027 -166.758469 221.474762 114.354027 -81.0805435 -71.399971 -49.1858673 -81.0805435 -71.399971 -49.1858673 -81.0805435 -71.399971 -49.1858673 -52.664463 -64.3431015 84.7210922 -52.664463 -64.3431015 84.7210922 -52.664463 -64.3431015 84.7210922 81.4278336 -65.4841309 56.3258209 81.4278336 -65.4841309 56.3258209 81.4278336 -65.4841309 56.3258209 53.0117378 -72.5409927 -77.5810013 53.0117378 -72.5409927 -77.5810013 53.0117378 -72.5409927 -77.5810013 -81.4278259 65.4841843 -56.3258896 -81.4278259 65.4841843 -56.3258896 -81.4278259 65.4841843 -56.3258896 -53.0117455 72.541069 77.5810699 -53.0117455 72.541069 77.5810699 -53.0117455 72.541069 77.5810699 81.0805511 71.3999176 49.1858063 81.0805511 71.3999176 49.1858063 81.0805511 71.3999176 49.1858063 52.6644554 64.3430328 -84.7210236 52.6644554 64.3430328 -84.7210236 52.6644554 64.3430328 -84.7210236 -840.205017 395.217072 1327.98535 -840.205017 395.217072 1327.98535 -840.205017 395.217072 1327.98535 -408.169128 1417.66248 -670.31311 -408.169128 1417.66248 -670.31311 -408.169128 1417.66248 -670.31311 641.807739 -473.012115 -1410.68359 641.807739 -473.012115 -1410.68359 641.807739 -473.012115 -1410.68359 209.771774 -1495.45752 587.614807 209.771774 -1495.45752 587.614807 209.771774 -1495.45752 587.614807 -2979.27417 4851.13477 -1706.7002 -2979.27417 4851.13477 -1706.7002 -2979.27417 4851.13477 -1706.7002 1425.1167 -1082.43896 -5667.42627 1425.1167 -1082.43896 -5667.42627 1425.1167 -1082.43896 -5667.42627 2270.89917 -5270.05762 1546.57178 2270.89917 -5270.05762 1546.57178 2270.89917 -5270.05762 1546.57178 -2133.48828 663.510864 5507.29785 -2133.48828 663.510864 5507.29785 -2133.48828 663.510864 5507.29785 7327.38135 5665.5835 -2776.75293 7327.38135 5665.5835 -2776.75293 7327.38135 5665.5835 -2776.75293 -1502.31726 -2494.10352 -9220.75195 -1502.31726 -2494.10352 -9220.75195 -1502.31726 -2494.10352 -9220.75195 -8128.62012 -4592.81299 2516.22705 -8128.62012 -4592.81299 2516.22705 -8128.62012 -4592.81299 2516.22705 701.085449 3566.87891 8960.22656 701.085449 3566.87891 8960.22656 701.085449 3566.87891 8960.22656 -22.7740784 535.365784 1098.6189 -22.7740784 535.365784 1098.6189 -22.7740784 535.365784 1098.6189 -1186.68591 256.012939 -142.591873 -1186.68591 256.012939 -142.591873 -1186.68591 256.012939 -142.591873 -30.266922 -677.619873 -1016.86469 -30.266922 -677.619873 -1016.86469 -30.266922 -677.619873 -1016.86469 1133.64502 -398.267059 224.345963 1133.64502 -398.267059 224.345963 1133.64502 -398.267059 224.345963 1203.80835 -205.18898 -224.212402 1203.80835 -205.18898 -224.212402 1203.80835 -205.18898 -224.212402 295.288971 491.851379 1101.0968 295.288971 491.851379 1101.0968 295.288971 491.851379 1101.0968 -1202.04126 50.6826553 306.685608 -1202.04126 50.6826553 306.685608 -1202.04126 50.6826553 306.685608 -293.521912 -646.357727 -1018.6236 -293.521912 -646.357727 -1018.6236 -293.521912 -646.357727 -1018.6236 -61.0223351 65.2292633 9.510252 -61.0223351 65.2292633 9.510252 -61.0223351 65.2292633 9.510252 1.10039663 14.5674171 -88.6317978 1.10039663 14.5674171 -88.6317978 1.10039663 14.5674171 -88.6317978 51.1781845 -72.8745651 -11.7949171 51.1781845 -72.8745651 -11.7949171 51.1781845 -72.8745651 -11.7949171 -10.9445438 -22.2127151 86.3471375 -10.9445438 -22.2127151 86.3471375 -10.9445438 -22.2127151 86.3471375 334.449585 16.7300491 453.449158 334.449585 16.7300491 453.449158 334.449585 16.7300491 453.449158 -430.580048 183.201508 314.309052 -430.580048 183.201508 314.309052 -430.580048 183.201508 314.309052 -354.778564 -89.5474854 -428.795898 -354.778564 -89.5474854 -428.795898 -354.778564 -89.5474854 -428.795898 410.251099 -256.018921 -289.655792 410.251099 -256.018921 -289.655792 410.251099 -256.018921 -289.655792 127.101128 258.677429 390.277466 127.101128 258.677429 390.277466 127.101128 258.677429 390.277466 -317.710785 -247.513397 270.521698 -317.710785 -247.513397 270.521698 -317.710785 -247.513397 270.521698 -80.7933807 -304.390015 -369.058716 -80.7933807 -304.390015 -369.058716 -80.7933807 -304.390015 -369.058716 364.018524 201.800842 -249.302979 364.018524 201.800842 -249.302979 364.018524 201.800842 -249.302979 -75.3360291 130.928024 -118.585907 -75.3360291 130.928024 -118.585907 -75.3360291 130.928024 -118.585907 135.446869 126.691277 -49.8372917 135.446869 126.691277 -49.8372917 135.446869 126.691277 -49.8372917 67.0661774 87.2458038 157.386765 67.0661774 87.2458038 157.386765 67.0661774 87.2458038 157.386765 -143.716721 91.4825439 88.638176 -143.716721 91.4825439 88.638176 -143.716721 91.4825439 88.638176 -67.0661774 -87.2458038 -157.38678 -67.0661774 -87.2458038 -157.38678 -67.0661774 -87.2458038 -157.38678 143.716721 -91.4825592 -88.6381531 143.716721 -91.4825592 -88.6381531 143.716721 -91.4825592 -88.6381531 75.3360291 -130.928024 118.585892 75.3360291 -130.928024 118.585892 75.3360291 -130.928024 118.585892 -135.446869 -126.691277 49.8373108 -135.446869 -126.691277 49.8373108 -135.446869 -126.691277 49.8373108 369.699219 67.89048 104.516052 369.699219 67.89048 104.516052 369.699219 67.89048 104.516052 -115.891151 83.2382812 363.112518 -115.891151 83.2382812 363.112518 -115.891151 83.2382812 363.112518 -361.446747 -119.051849 -85.9831238 -361.446747 -119.051849 -85.9831238 -361.446747 -119.051849 -85.9831238 124.143623 -134.399719 -344.579773 124.143623 -134.399719 -344.579773 124.143623 -134.399719 -344.579773 137.595367 125.595184 51.8010101 137.595367 125.595184 51.8010101 137.595367 125.595184 51.8010101 -70.5715027 4.56826973 179.968781 -70.5715027 4.56826973 179.968781 -70.5715027 4.56826973 179.968781 -120.695038 -144.936508 -42.6156464 -120.695038 -144.936508 -42.6156464 -120.695038 -144.936508 -42.6156464 87.471817 -23.9095955 -170.783432 87.471817 -23.9095955 -170.783432 87.471817 -23.9095955 -170.783432 -2.47396469 26.6639404 -71.7022095 -2.47396469 26.6639404 -71.7022095 -2.47396469 26.6639404 -71.7022095 53.9040642 -34.5478439 -41.9415588 53.9040642 -34.5478439 -41.9415588 53.9040642 -34.5478439 -41.9415588 68.871109 14.3001337 30.1758804 68.871109 14.3001337 30.1758804 68.871109 14.3001337 30.1758804 12.4930573 75.5119171 0.415187359 12.4930573 75.5119171 0.415187359 12.4930573 75.5119171 0.415187359 -68.8710938 -14.3001337 -30.1758785 -68.8710938 -14.3001337 -30.1758785 -68.8710938 -14.3001337 -30.1758785 -12.4930611 -75.5119171 -0.415222645 -12.4930611 -75.5119171 -0.415222645 -12.4930611 -75.5119171 -0.415222645 2.47396803 -26.6639404 71.7022476 2.47396803 -26.6639404 71.7022476 2.47396803 -26.6639404 71.7022476 -53.9040871 34.5478439 41.9415588 -53.9040871 34.5478439 41.9415588 -53.9040871 34.5478439 41.9415588 -12.8816633 -24.2925014 -1.68873143 -12.8816633 -24.2925014 -1.68873143 -12.8816633 -24.2925014 -1.68873143 -3.10227418 3.37796211 -27.1640244 -3.10227418 3.37796211 -27.1640244 -3.10227418 3.37796211 -27.1640244 16.1148396 22.3291454 0.797343969 16.1148396 22.3291454 0.797343969 16.1148396 22.3291454 0.797343969 6.33545017 -5.34131718 26.2726364 6.33545017 -5.34131718 26.2726364 6.33545017 -5.34131718 26.2726364 -171.478241 -252.785934 28.038868 -171.478241 -252.785934 28.038868 -171.478241 -252.785934 28.038868 -72.7389069 14.4767399 -297.642609 -72.7389069 14.4767399 -297.642609 -72.7389069 14.4767399 -297.642609 203.305481 226.136795 -40.2585602 203.305481 226.136795 -40.2585602 203.305481 226.136795 -40.2585602 104.566139 -41.125885 285.422913 104.566139 -41.125885 285.422913 104.566139 -41.125885 285.422913 -46.8890076 71.9197159 -85.8564987 -46.8890076 71.9197159 -85.8564987 -46.8890076 71.9197159 -85.8564987 87.0772171 31.2059841 -78.6517029 87.0772171 31.2059841 -78.6517029 87.0772171 31.2059841 -78.6517029 88.2195282 59.2716255 58.7071686 88.2195282 59.2716255 58.7071686 88.2195282 59.2716255 58.7071686 -45.7466927 99.9853516 51.5023766 -45.7466927 99.9853516 51.5023766 -45.7466927 99.9853516 51.5023766 -88.2195282 -59.2716255 -58.7071686 -88.2195282 -59.2716255 -58.7071686 -88.2195282 -59.2716255 -58.7071686 45.7466927 -99.9853516 -51.5023766 45.7466927 -99.9853516 -51.5023766 45.7466927 -99.9853516 -51.5023766 46.8890076 -71.9197159 85.8564987 46.8890076 -71.9197159 85.8564987 46.8890076 -71.9197159 85.8564987 -87.0772171 -31.2059841 78.6517029 -87.0772171 -31.2059841 78.6517029 -87.0772171 -31.2059841 78.6517029 -8186.93262 -2284.8103 7445.60254 -8186.93262 -2284.8103 7445.60254 -8186.93262 -2284.8103 7445.60254 470.761475 -10948.168 -2756.68115 470.761475 -10948.168 -2756.68115 470.761475 -10948.168 -2756.68115 9201.40918 1916.97156 -6272.36182 9201.40918 1916.97156 -6272.36182 9201.40918 1916.97156 -6272.36182 543.714844 10580.3291 3929.92188 543.714844 10580.3291 3929.92188 543.714844 10580.3291 3929.92188 -12058.0684 333.997437 -3620.58521 -12058.0684 333.997437 -3620.58521 -12058.0684 333.997437 -3620.58521 -2852.64502 -8879.81738 8463.3623 -2852.64502 -8879.81738 8463.3623 -2852.64502 -8879.81738 8463.3623 11583.6123 833.928345 4872.54492 11583.6123 833.928345 4872.54492 11583.6123 833.928345 4872.54492 2378.18921 10047.7432 -7211.40234 2378.18921 10047.7432 -7211.40234 2378.18921 10047.7432 -7211.40234 5352.15039 -7278.27539 -12279.375 5352.15039 -7278.27539 -12279.375 5352.15039 -7278.27539 -12279.375 -9659.45605 7744.62793 -8894.79785 -9659.45605 7744.62793 -8894.79785 -9659.45605 7744.62793 -8894.79785 -3923.03662 8813.40234 11804.0488 -3923.03662 8813.40234 11804.0488 -3923.03662 8813.40234 11804.0488 11088.5703 -6209.50146 8419.47168 11088.5703 -6209.50146 8419.47168 11088.5703 -6209.50146 8419.47168 0.0995157361 0.642998576 3.35685635 0.0995157361 0.642998576 3.35685635 0.0995157361 0.642998576 3.35685635 -3.00179863 1.62474346 -0.204902694 -3.00179863 1.62474346 -0.204902694 -3.00179863 1.62474346 -0.204902694 -0.35755837 -1.033355 -3.23977137 -0.35755837 -1.033355 -3.23977137 -0.35755837 -1.033355 -3.23977137 2.74375606 -2.0151 0.321987748 2.74375606 -2.0151 0.321987748 2.74375606 -2.0151 0.321987748 -242.261993 1535.98633 1512.71021 -242.261993 1535.98633 1512.71021 -242.261993 1535.98633 1512.71021 626.546875 1514.15173 -1421.62634 626.546875 1514.15173 -1421.62634 626.546875 1514.15173 -1421.62634 -43.4292297 -1466.74524 -1597.81384 -43.4292297 -1466.74524 -1597.81384 -43.4292297 -1466.74524 -1597.81384 -912.238037 -1444.91064 1336.52258 -912.238037 -1444.91064 1336.52258 -912.238037 -1444.91064 1336.52258 -1040.45105 1674.80273 1531.86511 -1040.45105 1674.80273 1531.86511 -1040.45105 1674.80273 1531.86511 -79.5211487 1667.40552 -1856.75574 -79.5211487 1667.40552 -1856.75574 -79.5211487 1667.40552 -1856.75574 710.936768 -1757.16907 -1625.12744 710.936768 -1757.16907 -1625.12744 710.936768 -1757.16907 -1625.12744 -249.993118 -1749.77173 1763.49316 -249.993118 -1749.77173 1763.49316 -249.993118 -1749.77173 1763.49316 -204.573883 127.389526 113.964081 -204.573883 127.389526 113.964081 -204.573883 127.389526 113.964081 -64.3552551 109.224075 -234.51088 -64.3552551 109.224075 -234.51088 -64.3552551 109.224075 -234.51088 179.626434 -154.170013 -122.606308 179.626434 -154.170013 -122.606308 179.626434 -154.170013 -122.606308 39.4078217 -136.004578 225.868652 39.4078217 -136.004578 225.868652 39.4078217 -136.004578 225.868652 -478.151917 223.767517 298.164429 -478.151917 223.767517 298.164429 -478.151917 223.767517 298.164429 -227.60022 214.136169 -519.565308 -227.60022 214.136169 -519.565308 -227.60022 214.136169 -519.565308 429.465485 -292.659668 -312.270599 429.465485 -292.659668 -312.270599 429.465485 -292.659668 -312.270599 178.913788 -283.02832 505.459167 178.913788 -283.02832 505.459167 178.913788 -283.02832 505.459167 -27.2671547 180.831741 -155.412003 -27.2671547 180.831741 -155.412003 -27.2671547 180.831741 -155.412003 -134.047348 -73.1556091 -185.137665 -134.047348 -73.1556091 -185.137665 -134.047348 -73.1556091 -185.137665 108.446045 -183.952194 -109.532303 108.446045 -183.952194 -109.532303 108.446045 -183.952194 -109.532303 215.226242 70.0351562 -79.806633 215.226242 70.0351562 -79.806633 215.226242 70.0351562 -79.806633 -108.446045 183.952194 109.532303 -108.446045 183.952194 109.532303 -108.446045 183.952194 109.532303 -215.226242 -70.0351562 79.806633 -215.226242 -70.0351562 79.806633 -215.226242 -70.0351562 79.806633 27.2671547 -180.831741 155.412003 27.2671547 -180.831741 155.412003 27.2671547 -180.831741 155.412003 134.047348 73.1556091 185.137665 134.047348 73.1556091 185.137665 134.047348 73.1556091 185.137665 -0.428057611 -0.378423363 -0.268943131 -0.428057611 -0.378423363 -0.268943131 -0.428057611 -0.378423363 -0.268943131 -0.355310649 0.500954509 -0.146774843 -0.355310649 0.500954509 -0.146774843 -0.355310649 0.500954509 -0.146774843 0.462595373 0.3869147 0.18727003 0.462595373 0.3869147 0.18727003 0.462595373 0.3869147 0.18727003 0.389848411 -0.492463171 0.0651017651 0.389848411 -0.492463171 0.0651017651 0.389848411 -0.492463171 0.0651017651 1711.88867 1573.78455 101.402435 1711.88867 1573.78455 101.402435 1711.88867 1573.78455 101.402435 811.886108 -991.208984 1943.18982 811.886108 -991.208984 1943.18982 811.886108 -991.208984 1943.18982 -1496.40918 -1763.66589 -260.548035 -1496.40918 -1763.66589 -260.548035 -1496.40918 -1763.66589 -260.548035 -596.406494 801.327759 -2102.33545 -596.406494 801.327759 -2102.33545 -596.406494 801.327759 -2102.33545 908.848999 1717.70508 351.15094 908.848999 1717.70508 351.15094 908.848999 1717.70508 351.15094 143.119919 -456.130524 1916.06189 143.119919 -456.130524 1916.06189 143.119919 -456.130524 1916.06189 -653.104248 -1825.42322 -375.64444 -653.104248 -1825.42322 -375.64444 -653.104248 -1825.42322 -375.64444 112.624886 348.412445 -1940.5553 112.624886 348.412445 -1940.5553 112.624886 348.412445 -1940.5553 62.8756409 504.626892 81.5582581 62.8756409 504.626892 81.5582581 62.8756409 504.626892 81.5582581 -139.238907 -59.595253 492.256134 -139.238907 -59.595253 492.256134 -139.238907 -59.595253 492.256134 5.39596653 -511.751373 -57.7478104 5.39596653 -511.751373 -57.7478104 5.39596653 -511.751373 -57.7478104 207.510513 52.4707375 -468.445709 207.510513 52.4707375 -468.445709 207.510513 52.4707375 -468.445709 4.6905365 340.617493 43.7639084 4.6905365 340.617493 43.7639084 4.6905365 340.617493 43.7639084 -128.762436 -37.1341362 316.226501 -128.762436 -37.1341362 316.226501 -128.762436 -37.1341362 316.226501 38.768116 -340.522064 -22.3452168 38.768116 -340.522064 -22.3452168 38.768116 -340.522064 -22.3452168 172.221069 37.229599 -294.807831 172.221069 37.229599 -294.807831 172.221069 37.229599 -294.807831 83.4188461 -97.500267 44.906559 83.4188461 -97.500267 44.906559 83.4188461 -97.500267 44.906559 -41.1238365 -120.41423 -47.8635178 -41.1238365 -120.41423 -47.8635178 -41.1238365 -120.41423 -47.8635178 -126.446442 -25.1274529 43.1459427 -126.446442 -25.1274529 43.1459427 -126.446442 -25.1274529 43.1459427 -1.90375447 -2.21348715 135.916016 -1.90375447 -2.21348715 135.916016 -1.90375447 -2.21348715 135.916016 126.446442 25.1274529 -43.1459427 126.446442 25.1274529 -43.1459427 126.446442 25.1274529 -43.1459427 1.90375447 2.21348715 -135.916016 1.90375447 2.21348715 -135.916016 1.90375447 2.21348715 -135.916016 -83.4188461 97.500267 -44.906559 -83.4188461 97.500267 -44.906559 -83.4188461 97.500267 -44.906559 41.1238365 120.41423 47.8635178 41.1238365 120.41423 47.8635178 41.1238365 120.41423 47.8635178 -6.74027681 2.80822802 2.53040075 -6.74027681 2.80822802 2.53040075 -6.74027681 2.80822802 2.53040075 3.62088108 3.53274226 5.84199858 3.62088108 3.53274226 5.84199858 3.62088108 3.53274226 5.84199858 6.84500408 -1.86377144 -3.06471992 6.84500408 -1.86377144 -3.06471992 6.84500408 -1.86377144 -3.06471992 -3.51615381 -2.58828592 -6.3763175 -3.51615381 -2.58828592 -6.3763175 -3.51615381 -2.58828592 -6.3763175 -1861.80518 1592.18396 -357.48877 -1861.80518 1592.18396 -357.48877 -1861.80518 1592.18396 -357.48877 1622.16235 1835.72498 -357.584229 1622.16235 1835.72498 -357.584229 1622.16235 1835.72498 -357.584229 1864.35999 -1628.87183 10.1835327 1864.35999 -1628.87183 10.1835327 1864.35999 -1628.87183 10.1835327 -1619.6073 -1872.41296 10.2790108 -1619.6073 -1872.41296 10.2790108 -1619.6073 -1872.41296 10.2790108 -1772.34619 994.27124 -1292.276 -1772.34619 994.27124 -1292.276 -1772.34619 994.27124 -1292.276 1616.70911 1231.17737 -1292.36902 1616.70911 1231.17737 -1292.36902 1616.70911 1231.17737 -1292.36902 1788.64429 -1227.52051 1045.80615 1788.64429 -1227.52051 1045.80615 1788.64429 -1227.52051 1045.80615 -1600.41113 -1464.42578 1045.89856 -1600.41113 -1464.42578 1045.89856 -1600.41113 -1464.42578 1045.89856 -396.828369 75.0397949 -378.931732 -396.828369 75.0397949 -378.931732 -396.828369 75.0397949 -378.931732 382.50882 129.517944 -378.952606 382.50882 129.517944 -378.952606 382.50882 129.517944 -378.952606 401.91864 -147.869888 351.125122 401.91864 -147.869888 351.125122 401.91864 -147.869888 351.125122 -377.418457 -202.348068 351.146057 -377.418457 -202.348068 351.146057 -377.418457 -202.348068 351.146057 -466.375824 -7.42411804 -467.382538 -466.375824 -7.42411804 -467.382538 -466.375824 -7.42411804 -467.382538 462.848785 57.5316086 -467.406616 462.848785 57.5316086 -467.406616 462.848785 57.5316086 -467.406616 472.794769 -84.4078751 453.153778 472.794769 -84.4078751 453.153778 472.794769 -84.4078751 453.153778 -456.429749 -149.363602 453.177887 -456.429749 -149.363602 453.177887 -456.429749 -149.363602 453.177887 140.008224 161.046249 -150.916565 140.008224 161.046249 -150.916565 140.008224 161.046249 -150.916565 161.053848 -140.022568 -150.895157 161.053848 -140.022568 -150.895157 161.053848 -140.022568 -150.895157 161.060608 -140.000641 150.90831 161.060608 -140.000641 150.90831 161.060608 -140.000641 150.90831 140.014984 161.068207 150.886902 140.014984 161.068207 150.886902 140.014984 161.068207 150.886902 -161.060593 140.000626 -150.90831 -161.060593 140.000626 -150.90831 -161.060593 140.000626 -150.90831 -140.014984 -161.068192 -150.886902 -140.014984 -161.068192 -150.886902 -140.014984 -161.068192 -150.886902 -140.00824 -161.046265 150.916565 -140.00824 -161.046265 150.916565 -140.00824 -161.046265 150.916565 -161.053864 140.022583 150.895157 -161.053864 140.022583 150.895157 -161.053864 140.022583 150.895157 -20.7486038 17.7040977 24.5726185 -20.7486038 17.7040977 24.5726185 -20.7486038 17.7040977 24.5726185 27.3793831 23.6094036 6.38132858 27.3793831 23.6094036 6.38132858 27.3793831 23.6094036 6.38132858 19.0279961 -14.2163525 -27.9925728 19.0279961 -14.2163525 -27.9925728 19.0279961 -14.2163525 -27.9925728 -29.0999947 -20.1216583 -9.80128288 -29.0999947 -20.1216583 -9.80128288 -29.0999947 -20.1216583 -9.80128288 949.954712 2198.07373 -2055.00049 949.954712 2198.07373 -2055.00049 949.954712 2198.07373 -2055.00049 -2198.89941 -948.289185 -2054.88916 -2198.89941 -948.289185 -2054.88916 -2198.89941 -948.289185 -2054.88916 -1249.93921 -1897.84692 2189.24609 -1249.93921 -1897.84692 2189.24609 -1249.93921 -1897.84692 2189.24609 1898.91467 1248.51587 2189.13452 1898.91467 1248.51587 2189.13452 1898.91467 1248.51587 2189.13452 -1083.25964 -494.308838 1077.67261 -1083.25964 -494.308838 1077.67261 -1083.25964 -494.308838 1077.67261 587.615356 1035.67651 1077.61438 587.615356 1035.67651 1077.61438 587.615356 1035.67651 1077.61438 934.239258 657.049927 -1129.00537 934.239258 657.049927 -1129.00537 934.239258 657.049927 -1129.00537 -736.635742 -872.935425 -1128.94727 -736.635742 -872.935425 -1128.94727 -736.635742 -872.935425 -1128.94727 -265.762939 1.12464142 347.868347 -265.762939 1.12464142 347.868347 -265.762939 1.12464142 347.868347 158.265945 389.377441 122.392715 158.265945 389.377441 122.392715 158.265945 389.377441 122.392715 221.310135 30.8251801 -376.450684 221.310135 30.8251801 -376.450684 221.310135 30.8251801 -376.450684 -202.71875 -357.427612 -150.975082 -202.71875 -357.427612 -150.975082 -202.71875 -357.427612 -150.975082 13.4916477 36.9945183 -30.0458794 13.4916477 36.9945183 -30.0458794 13.4916477 36.9945183 -30.0458794 -38.041481 -10.1934795 -30.0384865 -38.041481 -10.1934795 -30.0384865 -38.041481 -10.1934795 -30.0384865 -17.7519531 -32.3414764 33.0495491 -17.7519531 -32.3414764 33.0495491 -17.7519531 -32.3414764 33.0495491 33.7811737 14.8465176 33.0421524 33.7811737 14.8465176 33.0421524 33.7811737 14.8465176 33.0421524 -390.50412 -115.360001 131.174011 -390.50412 -115.360001 131.174011 -390.50412 -115.360001 131.174011 29.4071426 269.162354 331.202209 29.4071426 269.162354 331.202209 29.4071426 269.162354 331.202209 362.806824 160.587128 -159.971954 362.806824 160.587128 -159.971954 362.806824 160.587128 -159.971954 -57.104435 -223.935211 -360.000122 -57.104435 -223.935211 -360.000122 -57.104435 -223.935211 -360.000122 -64.0452881 88.9781647 232.828995 -64.0452881 88.9781647 232.828995 -64.0452881 88.9781647 232.828995 180.266724 182.697281 -18.8165703 180.266724 182.697281 -18.8165703 180.266724 182.697281 -18.8165703 41.0809097 -64.0523987 -245.841385 41.0809097 -64.0523987 -245.841385 41.0809097 -64.0523987 -245.841385 -203.231155 -157.771545 5.80421066 -203.231155 -157.771545 5.80421066 -203.231155 -157.771545 5.80421066 198.447327 58.8046227 21.5197182 198.447327 58.8046227 21.5197182 198.447327 58.8046227 21.5197182 -10.6178932 105.107376 -179.281372 -10.6178932 105.107376 -179.281372 -10.6178932 105.107376 -179.281372 -205.225052 -33.3358459 -8.59124947 -205.225052 -33.3358459 -8.59124947 -205.225052 -33.3358459 -8.59124947 3.84016705 -79.6396332 192.211868 3.84016705 -79.6396332 192.211868 3.84016705 -79.6396332 192.211868 56.7144928 36.140358 -47.5603752 56.7144928 36.140358 -47.5603752 56.7144928 36.140358 -47.5603752 36.1416283 -56.7191238 -47.5537109 36.1416283 -56.7191238 -47.5537109 36.1416283 -56.7191238 -47.5537109 36.1454124 -56.7132263 47.5575371 36.1454124 -56.7132263 47.5575371 36.1454124 -56.7132263 47.5575371 56.7182808 36.1462555 47.5508766 56.7182808 36.1462555 47.5508766 56.7182808 36.1462555 47.5508766 -36.1454124 56.7132263 -47.5575371 -36.1454124 56.7132263 -47.5575371 -36.1454124 56.7132263 -47.5575371 -56.7182808 -36.1462555 -47.5508766 -56.7182808 -36.1462555 -47.5508766 -56.7182808 -36.1462555 -47.5508766 -56.7144928 -36.140358 47.5603752 -56.7144928 -36.140358 47.5603752 -56.7144928 -36.140358 47.5603752 -36.1416283 56.7191238 47.5537109 -36.1416283 56.7191238 47.5537109 -36.1416283 56.7191238 47.5537109 -75.3075943 207.151581 -32.8309402 -75.3075943 207.151581 -32.8309402 -75.3075943 207.151581 -32.8309402 -205.834595 -78.8379593 -32.8225136 -205.834595 -78.8379593 -32.8225136 -205.834595 -78.8379593 -32.8225136 66.6107788 -203.181427 62.778923 66.6107788 -203.181427 62.778923 66.6107788 -203.181427 62.778923 197.137787 82.8080826 62.7704964 197.137787 82.8080826 62.7704964 197.137787 82.8080826 62.7704964 -41.265564 59.0243759 -50.9322891 -41.265564 59.0243759 -50.9322891 -41.265564 59.0243759 -50.9322891 59.0292892 41.267128 -50.9251747 59.0292892 41.267128 -50.9251747 59.0292892 41.267128 -50.9251747 59.0228195 41.270916 50.9295692 59.0228195 41.270916 50.9295692 59.0228195 41.270916 50.9295692 -41.2720413 59.0281677 50.9224548 -41.2720413 59.0281677 50.9224548 -41.2720413 59.0281677 50.9224548 -59.0230331 -41.2709122 -50.9297829 -59.0230331 -41.2709122 -50.9297829 -59.0230331 -41.2709122 -50.9297829 41.2722549 -59.0281677 -50.9226685 41.2722549 -59.0281677 -50.9226685 41.2722549 -59.0281677 -50.9226685 41.2657852 -59.0243797 50.9325066 41.2657852 -59.0243797 50.9325066 41.2657852 -59.0243797 50.9325066 -59.0295105 -41.267128 50.9253883 -59.0295105 -41.267128 50.9253883 -59.0295105 -41.267128 50.9253883 -241.111618 22.3130951 -2.64347076 -241.111618 22.3130951 -2.64347076 -241.111618 22.3130951 -2.64347076 6.11538839 105.012886 218.11647 6.11538839 105.012886 218.11647 6.11538839 105.012886 218.11647 241.767059 9.42327976 -9.97939396 241.767059 9.42327976 -9.97939396 241.767059 9.42327976 -9.97939396 -5.46005344 -73.2765121 -230.739349 -5.46005344 -73.2765121 -230.739349 -5.46005344 -73.2765121 -230.739349 71.1303864 137.043793 -265 71.1303864 137.043793 -265 71.1303864 137.043793 -265 -230.613281 198.410675 38.9398003 -230.613281 198.410675 38.9398003 -230.613281 198.410675 38.9398003 -46.2028503 -107.020195 283.685516 -46.2028503 -107.020195 283.685516 -46.2028503 -107.020195 283.685516 255.540833 -168.387085 -20.2542763 255.540833 -168.387085 -20.2542763 255.540833 -168.387085 -20.2542763 82.6471558 54.7178955 -70.0974045 82.6471558 54.7178955 -70.0974045 82.6471558 54.7178955 -70.0974045 54.7190628 -82.654274 -70.0878754 54.7190628 -82.654274 -70.0878754 54.7190628 -82.654274 -70.0878754 54.7245064 -82.6454697 70.0941315 54.7245064 -82.6454697 70.0941315 54.7245064 -82.6454697 70.0941315 82.6526031 54.726696 70.0846024 82.6526031 54.726696 70.0846024 82.6526031 54.726696 70.0846024 -54.7245064 82.6454697 -70.0941315 -54.7245064 82.6454697 -70.0941315 -54.7245064 82.6454697 -70.0941315 -82.6526031 -54.726696 -70.0846024 -82.6526031 -54.726696 -70.0846024 -82.6526031 -54.726696 -70.0846024 -82.6471558 -54.7178955 70.0974045 -82.6471558 -54.7178955 70.0974045 -82.6471558 -54.7178955 70.0974045 -54.7190628 82.654274 70.0878754 -54.7190628 82.654274 70.0878754 -54.7190628 82.654274 70.0878754 </float_array>
          <technique_common>
            <accessor count="1128" offset="0" source="#mesh_0-normals-array" stride="3">
              <param name="X" type="float" />
              <param name="Y" type="float" />
              <param name="Z" type="float" />
            </accessor>
          </technique_common>
        </source>
        <vertices id="mesh_0-vertices">
          <input semantic="POSITION" source="#mesh_0-positions" />
        </vertices>
        <polylist count="376" material="defaultMaterial">
          <input offset="0" semantic="VERTEX" source="#mesh_0-vertices" />
          <input offset="0" semantic="NORMAL" source="#mesh_0-normals" />
          <vcount>3 3 3 3 3 3 3 3 3 3 3 3 3 3 3 3 3 3 3 3 3 3 3 3 3 3 3 3 3 3 3 3 3 3 3 3 3 3 3 3 3 3 3 3 3 3 3 3 3 3 3 3 3 3 3 3 3 3 3 3 3 3 3 3 3 3 3 3 3 3 3 3 3 3 3 3 3 3 3 3 3 3 3 3 3 3 3 3 3 3 3 3 3 3 3 3 3 3 3 3 3 3 3 3 3 3 3 3 3 3 3 3 3 3 3 3 3 3 3 3 3 3 3 3 3 3 3 3 3 3 3 3 3 3 3 3 3 3 3 3 3 3 3 3 3 3 3 3 3 3 3 3 3 3 3 3 3 3 3 3 3 3 3 3 3 3 3 3 3 3 3 3 3 3 3 3 3 3 3 3 3 3 3 3 3 3 3 3 3 3 3 3 3 3 3 3 3 3 3 3 3 3 3 3 3 3 3 3 3 3 3 3 3 3 3 3 3 3 3 3 3 3 3 3 3 3 3 3 3 3 3 3 3 3 3 3 3 3 3 3 3 3 3 3 3 3 3 3 3 3 3 3 3 3 3 3 3 3 3 3 3 3 3 3 3 3 3 3 3 3 3 3 3 3 3 3 3 3 3 3 3 3 3 3 3 3 3 3 3 3 3 3 3 3 3 3 3 3 3 3 3 3 3 3 3 3 3 3 3 3 3 3 3 3 3 3 3 3 3 3 3 3 3 3 3 3 3 3 3 3 3 3 3 3 3 3 3 3 3 3 3 3 3 3 3 3 3 3 3 3 3 3 3 3 3 3 3 3 3 3 3 3 3 3 3 3 3 3 3 3 3 3 3 3 3 3 </vcount>
          <p>0 1 2 3 4 5 6 7 8 9 10 11 12 13 14 15 16 17 18 19 20 21 22 23 24 25 26 27 28 29 30 31 32 33 34 35 36 37 38 39 40 41 42 43 44 45 46 47 48 49 50 51 52 53 54 55 56 57 58 59 60 61 62 63 64 65 66 67 68 69 70 71 72 73 74 75 76 77 78 79 80 81 82 83 84 85 86 87 88 89 90 91 92 93 94 95 96 97 98 99 100 101 102 103 104 105 106 107 108 109 110 111 112 113 114 115 116 117 118 119 120 121 122 123 124 125 126 127 128 129 130 131 132 133 134 135 136 137 138 139 140 141 142 143 144 145 146 147 148 149 150 151 152 153 154 155 156 157 158 159 160 161 162 163 164 165 166 167 168 169 170 171 172 173 174 175 176 177 178 179 180 181 182 183 184 185 186 187 188 189 190 191 192 193 194 195 196 197 198 199 200 201 202 203 204 205 206 207 208 209 210 211 212 213 214 215 216 217 218 219 220 221 222 223 224 225 226 227 228 229 230 231 232 233 234 235 236 237 238 239 240 241 242 243 244 245 246 247 248 249 250 251 252 253 254 255 256 257 258 259 260 261 262 263 264 265 266 267 268 269 270 271 272 273 274 275 276 277 278 279 280 281 282 283 284 285 286 287 288 289 290 291 292 293 294 295 296 297 298 299 300 301 302 303 304 305 306 307 308 309 310 311 312 313 314 315 316 317 318 319 320 321 322 323 324 325 326 327 328 329 330 331 332 333 334 335 336 337 338 339 340 341 342 343 344 345 346 347 348 349 350 351 352 353 354 355 356 357 358 359 360 361 362 363 364 365 366 367 368 369 370 371 372 373 374 375 376 377 378 379 380 381 382 383 384 385 386 387 388 389 390 391 392 393 394 395 396 397 398 399 400 401 402 403 404 405 406 407 408 409 410 411 412 413 414 415 416 417 418 419 420 421 422 423 424 425 426 427 428 429 430 431 432 433 434 435 436 437 438 439 440 441 442 443 444 445 446 447 448 449 450 451 452 453 454 455 456 457 458 459 460 461 462 463 464 465 466 467 468 469 470 471 472 473 474 475 476 477 478 479 480 481 482 483 484 485 486 487 488 489 490 491 492 493 494 495 496 497 498 499 500 501 502 503 504 505 506 507 508 509 510 511 512 513 514 515 516 517 518 519 520 521 522 523 524 525 526 527 528 529 530 531 532 533 534 535 536 537 538 539 540 541 542 543 544 545 546 547 548 549 550 551 552 553 554 555 556 557 558 559 560 561 562 563 564 565 566 567 568 569 570 571 572 573 574 575 576 577 578 579 580 581 582 583 584 585 586 587 588 589 590 591 592 593 594 595 596 597 598 599 600 601 602 603 604 605 606 607 608 609 610 611 612 613 614 615 616 617 618 619 620 621 622 623 624 625 626 627 628 629 630 631 632 633 634 635 636 637 638 639 640 641 642 643 644 645 646 647 648 649 650 651 652 653 654 655 656 657 658 659 660 661 662 663 664 665 666 667 668 669 670 671 672 673 674 675 676 677 678 679 680 681 682 683 684 685 686 687 688 689 690 691 692 693 694 695 696 697 698 699 700 701 702 703 704 705 706 707 708 709 710 711 712 713 714 715 716 717 718 719 720 721 722 723 724 725 726 727 728 729 730 731 732 733 734 735 736 737 738 739 740 741 742 743 744 745 746 747 748 749 750 751 752 753 754 755 756 757 758 759 760 761 762 763 764 765 766 767 768 769 770 771 772 773 774 775 776 777 778 779 780 781 782 783 784 785 786 787 788 789 790 791 792 793 794 795 796 797 798 799 800 801 802 803 804 805 806 807 808 809 810 811 812 813 814 815 816 817 818 819 820 821 822 823 824 825 826 827 828 829 830 831 832 833 834 835 836 837 838 839 840 841 842 843 844 845 846 847 848 849 850 851 852 853 854 855 856 857 858 859 860 861 862 863 864 865 866 867 868 869 870 871 872 873 874 875 876 877 878 879 880 881 882 883 884 885 886 887 888 889 890 891 892 893 894 895 896 897 898 899 900 901 902 903 904 905 906 907 908 909 910 911 912 913 914 915 916 917 918 919 920 921 922 923 924 925 926 927 928 929 930 931 932 933 934 935 936 937 938 939 940 941 942 943 944 945 946 947 948 949 950 951 952 953 954 955 956 957 958 959 960 961 962 963 964 965 966 967 968 969 970 971 972 973 974 975 976 977 978 979 980 981 982 983 984 985 986 987 988 989 990 991 992 993 994 995 996 997 998 999 1000 1001 1002 1003 1004 1005 1006 1007 1008 1009 1010 1011 1012 1013 1014 1015 1016 1017 1018 1019 1020 1021 1022 1023 1024 1025 1026 1027 1028 1029 1030 1031 1032 1033 1034 1035 1036 1037 1038 1039 1040 1041 1042 1043 1044 1045 1046 1047 1048 1049 1050 1051 1052 1053 1054 1055 1056 1057 1058 1059 1060 1061 1062 1063 1064 1065 1066 1067 1068 1069 1070 1071 1072 1073 1074 1075 1076 1077 1078 1079 1080 1081 1082 1083 1084 1085 1086 1087 1088 1089 1090 1091 1092 1093 1094 1095 1096 1097 1098 1099 1100 1101 1102 1103 1104 1105 1106 1107 1108 1109 1110 1111 1112 1113 1114 1115 1116 1117 1118 1119 1120 1121 1122 1123 1124 1125 1126 1127 </p>
        </polylist>
      </mesh>
    </geometry>
  </library_geometries>
  <library_controllers>
    <controller id="mesh_0-skin" name="skinCluster0">
      <skin source="#mesh_0">
        <bind_shape_matrix>
          1 0 0 0
          0 1 0 0
          0 0 1 0
          0 0 0 1
        </bind_shape_matrix>
        <source id="mesh_0-skin-joints" name="-skin-joints">
          <Name_array id="mesh_0-skin-joints-array" count="67">Bip01 Bip01WPelvis Bip01WLWLeg Bip01WLWLeg1 Bip01WRWLeg Bip01WRWLeg1 Bip01WSpine Bip01WSpine1 Bip01WSpine2 Bip01WNeck Bip01WLWArm Bip01WLWArm1 Bip01WLWArm2 Bip01WLWHand Bip01WLWFinger0 Bip01WLWFinger01 Bip01WLWFinger02 Bip01WLWFinger1 Bip01WLWFinger11 Bip01WLWFinger12 Bone42 Bone43 Bone44 Bip01WRWArm Bip01WRWArm1 Bip01WRWArm2 Bip01WRWHand Bip01WRWFinger0 Bip01WRWFinger01 Bip01WRWFinger02 Bip01WRWFinger1 Bip01WRWFinger11 Bip01WRWFinger12 Bone48 Bone49 Bone50 Bip01WHead Dummy05 Bone13 Bone14 Bone15 Bone16 Bone17 Dummy04 Bone07 Bone08 Bone09 Bone10 Bone11 Dummy03 Bone01 Bone02 Bone03 Bone04 Bone05 Dummy08 Bone25 Bone26 Bone27 Bone28 Bone29 Bone30 Bone33 Bone34 Bone37 Bone38 Bone39 </Name_array>
          <technique_common>
            <accessor source="#mesh_0-skin-joints-array" count="67" stride="1">
              <param name="JOINT" type="Name"></param>
            </accessor>
          </technique_common>
        </source>
        <source id="mesh_0-skin-bind_poses" name="mesh_0-skin-bind_poses">
          <float_array id="mesh_0-skin-bind_poses-array" count="1072"> -7.24357451e-05 -0.956353366 -0.292212993 -78.0030441 1 -7.57416128e-05 -0 0.840792179 -2.21326827e-05 -0.292212993 0.956353366 325.414062 -0 0 -0 1 -0.956353009 -0.292214215 -7.21355318e-05 -60.7508087 -7.54276989e-05 -9.60093741e-11 1 0.842152894 -0.292214215 0.956353009 -2.20409529e-05 330.685486 0 0 -0 1 0.754569292 -0.216942713 -0.619323254 -34.4974403 -0.276588529 0.750703096 -0.599952996 26.2742519 0.595083356 0.624003708 0.506453693 309.216766 0 0 0 1 0.123711675 -0.775328457 -0.619323254 -54.8236923 0.562425554 0.568976104 -0.599952996 -66.1342392 0.817540824 -0.274102062 0.506453693 174.891937 0 0 0 1 0.772440195 -0.213516563 0.598119676 -35.396389 0.255248249 -0.758004189 -0.600231767 -24.6018944 0.581536591 0.616312087 -0.531012952 308.17569 0 0 0 1 0.105718002 -0.794403493 0.598119676 -52.7662277 -0.597715735 -0.531467736 -0.600231767 73.6048889 0.794707417 -0.294050246 -0.531012952 177.602448 0 0 0 1 -0.939483464 -0.342594653 -7.16308132e-05 -9.33063507 -7.65853765e-05 9.33695901e-07 1 0.846271217 -0.342594653 0.939483464 -2.71149293e-05 349.497803 0 0 0 1 -0.988908648 -0.148525715 -7.103393e-05 63.303215 -7.40828909e-05 1.49959669e-05 1 0.851714611 -0.148525715 0.988908648 -2.58328528e-05 360.488129 0 0 0 1 -0.998672783 0.0515069664 -7.103393e-05 165.293976 -6.96090647e-05 2.94573038e-05 1 0.858824968 0.0515069664 0.998672783 -2.58328528e-05 355.284088 0 0 0 1 -0.598481417 -0.801136971 -7.30827742e-05 207.987823 -6.51518712e-05 -4.25527869e-05 1 0.863472879 -0.801136971 0.598481417 -2.67285104e-05 412.441956 0 0 0 1 0.855678976 0.362092793 -0.369733542 224.75528 0.475022703 -0.833049834 0.283516437 -11.989912 -0.205347136 -0.418230861 -0.884825408 452.578705 0 0 0 1 0.836469233 0.513415992 -0.191633672 135.329666 0.0833161846 -0.464764595 -0.881505668 -20.8971233 -0.541643798 0.721386313 -0.431537271 510.484863 0 0 0 0.999999881 0.572913468 -0.796898425 -0.191633672 18.0283585 -0.457471192 -0.116909757 -0.881505668 72.7678604 0.680066645 0.592693448 -0.431537271 371.244507 0 0 0 0.999999881 0.130005211 0.914644301 0.382785767 -15.9235306 -0.089793399 -0.373615056 0.923227489 96.2181625 0.987439275 -0.154395953 0.0335571468 113.366669 0 0 0 0.999999881 0.197468519 0.916687965 0.347403944 -23.811306 0.126338363 -0.375224024 0.918284059 95.0958633 0.972134411 -0.13744171 -0.189907759 19.2360535 0 0 0 0.999999881 -0.606713831 0.714988589 0.347403944 14.4453812 0.37453559 -0.128365085 0.918284059 71.4792557 0.701157153 0.687250972 -0.189907759 -24.9758606 0 0 0 0.999999881 -0.937709332 0.00340980291 0.347403944 69.3000641 0.340939254 0.201283321 0.918284059 51.5348473 -0.0667956024 0.979527414 -0.189907759 -21.0684204 0 0 0 0.999999881 -0.202988148 0.919717669 0.336029112 10.7347717 -0.413316905 -0.391581953 0.822090447 116.40554 0.887674153 0.0279881358 0.45962137 23.2532043 0 0 0 0.999999881 -0.69914037 0.631100059 0.336029112 47.4102478 -0.109270267 -0.558773041 0.822090447 122.137688 0.706585288 0.538038611 0.45962137 -13.8130188 0 0 0 0.999999881 -0.756383061 0.56122148 0.336029112 84.2830963 -0.055238463 -0.566671073 0.822090447 124.830482 0.651792884 0.603253543 0.45962137 -45.5870361 0 0 0 0.999999881 -0.207309976 -0.0514836907 -0.976919711 -22.579464 0.97827214 -0.00832396466 -0.207158178 72.5843658 0.00253342837 -0.998639405 0.0520905852 127.814423 0 0 0 0.999999881 -0.207309976 -0.0514836907 -0.976919711 -26.0626335 0.97827214 -0.00832396466 -0.207158178 90.5014343 0.00253342837 -0.998639405 0.0520905852 133.744507 0 0 0 0.999999881 -0.207309976 -0.0514836907 -0.976919711 -32.6090851 0.97827214 -0.00832396466 -0.207158178 129.634689 0.00253342837 -0.998639405 0.0520905852 157.004425 0 0 0 0.999999881 0.867924571 0.340328544 0.361778527 224.39447 -0.459331483 0.827109993 0.32388863 15.5478764 -0.189002082 -0.447287232 0.874192715 452.096741 0 0 0 1 0.844900429 0.499666274 0.190991223 134.067596 -0.100879185 0.499471009 -0.860437274 26.3327351 -0.525326133 0.707716703 0.47240907 508.258484 0 0 0 1 0.58738476 -0.786449194 0.190991223 13.8034439 0.485773742 0.153856158 -0.860437274 -73.1271133 0.647304952 0.598186135 0.47240907 375.725891 0 0 0 1 0.169671148 0.915367961 -0.365121573 -30.5075722 0.141474292 0.344032049 0.92823875 -110.074295 0.975293398 -0.209150702 -0.0711287856 121.019989 0 0 0 0.999999881 0.255645931 0.915712893 -0.310025543 -39.5538063 -0.0953242555 0.342994422 0.934488297 -111.790634 0.962059855 -0.209345117 0.17497462 28.6246033 0 0 0 0.999999881 -0.676600635 0.667904675 -0.310025543 3.10957336 -0.346159011 0.0831013694 0.934488297 -89.9634018 0.649912596 0.739593148 0.17497462 -12.3559875 0 0 0 0.999999881 -0.950536728 0.0191060603 -0.310025543 58.7146912 -0.308366627 -0.177881762 0.934488297 -71.9244003 -0.0372934043 0.983866692 0.17497462 -10.1742249 0 0 0 0.999999881 -0.149944246 0.929584444 -0.336734861 -10.1110382 0.446165144 0.36755389 0.815990686 -133.969009 0.882300258 -0.0278864503 -0.469860673 32.8695984 0 0 0 0.999999881 -0.61956358 0.709049463 -0.336734861 22.3900986 0.183750942 0.548082769 0.815990686 -143.608246 0.763136387 0.44368276 -0.469860673 -7.16296387 0 0 0 0.999999881 -0.637902975 0.692596376 -0.336734861 45.9483795 0.169348016 0.552702844 0.815990686 -149.862396 0.751266599 0.463497639 -0.469860673 -34.9078979 0 0 0 0.999999881 -0.955526412 0.290394425 -0.0513888337 -18.3812447 0.00814721268 0.200181708 0.979725063 -127.900406 0.294793844 0.935734153 -0.193644971 108.028503 0 0 0 0.999999881 -0.955526412 0.290394425 -0.0513888337 -7.15606689 0.00814721268 0.200181708 0.979725063 -131.39653 0.294793844 0.935734153 -0.193644971 100.53952 0 0 0 0.999999881 -0.955526412 0.290394425 -0.0513888337 26.7914276 0.00814721268 0.200181708 0.979725063 -149.281998 0.294793844 0.935734153 -0.193644971 74.247345 0 0 0 0.999999881 -0.707381129 -0.706832767 -7.30827742e-05 214.833984 -7.05899511e-05 -3.27500493e-05 1 0.864156067 -0.706832767 0.707381129 -2.67285104e-05 419.282837 0 0 0 1 -0.14012675 0.916526675 0.37462467 351.785187 -0.347339869 -0.399815291 0.84823513 -200.87027 0.927210927 -0.0112616718 0.374371052 276.981873 0 0 0 1 0.385321945 0.916526675 0.107266843 353.706329 0.875050962 -0.399815291 0.27282539 -205.279907 0.29293865 -0.0112616718 -0.956065238 277.973358 0 0 0 1 0.385321945 0.916526675 0.107266843 233.417419 0.875050962 -0.399815291 0.27282539 -176.714294 0.29293865 -0.0112616718 -0.956065238 273.941681 0 0 0 1 0.385321945 0.916526675 0.107266843 105.327721 0.875050962 -0.399815291 0.27282539 -205.116074 0.29293865 -0.0112616718 -0.956065238 254.001633 0 0 0 1 0.385321945 0.916526675 0.107266843 75.6481094 0.875050962 -0.399815291 0.27282539 -233.906357 0.29293865 -0.0112616718 -0.956065238 240.941071 0 0 0 1 0.385321945 0.916526675 0.107266843 37.8236923 0.875050962 -0.399815291 0.27282539 -283.934967 0.29293865 -0.0112616718 -0.956065238 222.421066 0 0 0 1 -0.809472501 0.145968258 -0.56872499 201.214478 0.527230263 0.607005894 -0.594619155 -30.8496094 0.258423954 -0.781176746 -0.568313658 123.23822 0 0 0 1 0.793375134 0.145968258 0.590973735 202.515961 -0.543531537 0.607005894 0.57975632 -29.4002438 -0.274098635 -0.781176746 0.560921848 122.426285 0 0 0 1 0.793375134 0.145968258 0.590973735 199.252625 -0.543531537 0.607005894 0.57975632 -116.731689 -0.274098635 -0.781176746 0.560921848 216.128372 0 0 0 1 0.793375134 0.145968258 0.590973735 243.860138 -0.543531537 0.607005894 0.57975632 -212.636292 -0.274098635 -0.781176746 0.560921848 268.488953 0 0 0 1 0.793375134 0.145968258 0.590973735 284.84256 -0.543531537 0.607005894 0.57975632 -256.74704 -0.274098635 -0.781176746 0.560921848 271.210571 0 0 0 1 0.793375134 0.145968258 0.590973735 321.20816 -0.543531537 0.607005894 0.57975632 -289.638245 -0.274098635 -0.781176746 0.560921848 266.942169 0 0 0 1 -0.0697330534 0.997565925 -7.09617307e-05 164.795563 2.24212781e-05 7.27022125e-05 1 12.4078255 0.997565925 0.0697330534 -2.74364411e-05 95.4139862 0 0 0 1 -0.0697330534 0.997565925 -7.09617307e-05 160.744659 2.24212781e-05 7.27022125e-05 1 13.5614128 0.997565925 0.0697330534 -2.74364411e-05 101.477631 0 0 0 1 -0.0697330534 0.997565925 -7.09617307e-05 30.6227646 2.24212781e-05 7.27022125e-05 1 13.5515633 0.997565925 0.0697330534 -2.74364411e-05 78.4418182 0 0 0 1 -0.0697330534 0.997565925 -7.09617307e-05 -57.4530792 2.24212781e-05 7.27022125e-05 1 13.5426922 0.997565925 0.0697330534 -2.74364411e-05 -17.6273499 0 0 0 1 -0.0697330534 0.997565925 -7.09617307e-05 -75.5757065 2.24212781e-05 7.27022125e-05 1 13.5397816 0.997565925 0.0697330534 -2.74364411e-05 -77.441803 0 0 0 1 -0.0697330534 0.997565925 -7.09617307e-05 -81.2767715 2.24212781e-05 7.27022125e-05 1 13.5375252 0.997565925 0.0697330534 -2.74364411e-05 -145.449005 0 0 0 1 -0.121811301 0.992553353 -6.90561064e-05 -6.68228149 1.69338291e-05 7.16524082e-05 1 3.29502535 0.992553353 0.121811301 -2.55358009e-05 303.255005 0 0 0 1 -0.706827104 0.707386494 -6.90561064e-05 -22.262207 -3.074704e-05 6.68987414e-05 1 -0.692121029 0.707386494 0.706827104 -2.55358009e-05 303.814636 0 0 0 1 -0.67532897 0.737516701 -6.90561064e-05 -85.1302414 -2.78025054e-05 6.81750826e-05 1 -0.693007588 0.737516701 0.67532897 -2.55358009e-05 439.109009 0 0 0 1 -0.67532897 0.737516701 -6.90561064e-05 -172.918671 -2.78025054e-05 6.81750826e-05 1 -0.697533369 0.737516701 0.67532897 -2.55358009e-05 499.282959 0 0 0 1 -0.358216226 0.933638871 -6.90561064e-05 -214.198761 -8.95799985e-07 7.36207949e-05 1 -10.7837753 0.933638871 0.358216226 -2.55358009e-05 535.088257 0 0 0 1 0.216302186 0.976326644 -6.90561064e-05 -221.109039 3.98682641e-05 6.1897852e-05 1 -25.4661331 0.976326644 -0.216302186 -2.55358009e-05 574.482117 0 0 0 1 0.216302186 0.976326644 -6.90561064e-05 -198.026489 3.98682641e-05 6.1897852e-05 1 -41.289959 0.976326644 -0.216302186 -2.55358009e-05 600.646423 0 0 0 1 -0.909726381 0.41520831 -6.90561064e-05 -184.934341 -5.2219475e-05 5.1903251e-05 1 -0.697367668 0.41520831 0.909726381 -2.55358009e-05 513.600525 0 0 0 1 -0.984685659 0.174340278 -6.90561064e-05 -190.219116 -6.35466276e-05 3.71839924e-05 1 -0.696729183 0.174340278 0.984685659 -2.55358009e-05 552.893188 0 0 0 1 -0.317177296 0.948366404 -6.90561064e-05 -212.806 2.31426725e-06 7.35898502e-05 1 8.50913239 0.948366404 0.317177296 -2.55358009e-05 535.911743 0 0 0 1 0.199226528 0.979953766 -6.90561064e-05 -220.56485 3.87817054e-05 6.25843677e-05 1 21.4400291 0.979953766 -0.199226528 -2.55358009e-05 574.390747 0 0 0 1 0.199226528 0.979953766 -6.90561064e-05 -193.51413 3.87817054e-05 6.25843677e-05 1 41.272213 0.979953766 -0.199226528 -2.55358009e-05 606.61261 0 0 0 1 </float_array>
          <technique_common>
            <accessor count="67" offset="0" source="#mesh_0-skin-bind_poses-array" stride="16">
              <param name="TRANSFORM" type="float4x4" />
            </accessor>
          </technique_common>
        </source>
        <source id="mesh_0-skin-weights" name="mesh_0-skin-weights">
          <float_array id="mesh_0-skin-weights-array" count="1128"> 1 1 1 1 1 1 1 1 1 1 1 1 1 1 1 1 1 1 1 1 1 1 1 1 1 1 1 1 1 1 1 1 1 1 1 1 1 1 1 1 1 1 1 1 1 1 1 1 1 1 1 1 1 1 1 1 1 1 1 1 1 1 1 1 1 1 1 1 1 1 1 1 1 1 1 1 1 1 1 1 1 1 1 1 1 1 1 1 1 1 1 1 1 1 1 1 1 1 1 1 1 1 1 1 1 1 1 1 1 1 1 1 1 1 1 1 1 1 1 1 1 1 1 1 1 1 1 1 1 1 1 1 1 1 1 1 1 1 1 1 1 1 1 1 1 1 1 1 1 1 1 1 1 1 1 1 1 1 1 1 1 1 1 1 1 1 1 1 1 1 1 1 1 1 1 1 1 1 1 1 1 1 1 1 1 1 1 1 1 1 1 1 1 1 1 1 1 1 1 1 1 1 1 1 1 1 1 1 1 1 1 1 1 1 1 1 1 1 1 1 1 1 1 1 1 1 1 1 1 1 1 1 1 1 1 1 1 1 1 1 1 1 1 1 1 1 1 1 1 1 1 1 1 1 1 1 1 1 1 1 1 1 1 1 1 1 1 1 1 1 1 1 1 1 1 1 1 1 1 1 1 1 1 1 1 1 1 1 1 1 1 1 1 1 1 1 1 1 1 1 1 1 1 1 1 1 1 1 1 1 1 1 1 1 1 1 1 1 1 1 1 1 1 1 1 1 1 1 1 1 1 1 1 1 1 1 1 1 1 1 1 1 1 1 1 1 1 1 1 1 1 1 1 1 1 1 1 1 1 1 1 1 1 1 1 1 1 1 1 1 1 1 1 1 1 1 1 1 1 1 1 1 1 1 1 1 1 1 1 1 1 1 1 1 1 1 1 1 1 1 1 1 1 1 1 1 1 1 1 1 1 1 1 1 1 1 1 1 1 1 1 1 1 1 1 1 1 1 1 1 1 1 1 1 1 1 1 1 1 1 1 1 1 1 1 1 1 1 1 1 1 1 1 1 1 1 1 1 1 1 1 1 1 1 1 1 1 1 1 1 1 1 1 1 1 1 1 1 1 1 1 1 1 1 1 1 1 1 1 1 1 1 1 1 1 1 1 1 1 1 1 1 1 1 1 1 1 1 1 1 1 1 1 1 1 1 1 1 1 1 1 1 1 1 1 1 1 1 1 1 1 1 1 1 1 1 1 1 1 1 1 1 1 1 1 1 1 1 1 1 1 1 1 1 1 1 1 1 1 1 1 1 1 1 1 1 1 1 1 1 1 1 1 1 1 1 1 1 1 1 1 1 1 1 1 1 1 1 1 1 1 1 1 1 1 1 1 1 1 1 1 1 1 1 1 1 1 1 1 1 1 1 1 1 1 1 1 1 1 1 1 1 1 1 1 1 1 1 1 1 1 1 1 1 1 1 1 1 1 1 1 1 1 1 1 1 1 1 1 1 1 1 1 1 1 1 1 1 1 1 1 1 1 1 1 1 1 1 1 1 1 1 1 1 1 1 1 1 1 1 1 1 1 1 1 1 1 1 1 1 1 1 1 1 1 1 1 1 1 1 1 1 1 1 1 1 1 1 1 1 1 1 1 1 1 1 1 1 1 1 1 1 1 1 1 1 1 1 1 1 1 1 1 1 1 1 1 1 1 1 1 1 1 1 1 1 1 1 1 1 1 1 1 1 1 1 1 1 1 1 1 1 1 1 1 1 1 1 1 1 1 1 1 1 1 1 1 1 1 1 1 1 1 1 1 1 1 1 1 1 1 1 1 1 1 1 1 1 1 1 1 1 1 1 1 1 1 1 1 1 1 1 1 1 1 1 1 1 1 1 1 1 1 1 1 1 1 1 1 1 1 1 1 1 1 1 1 1 1 1 1 1 1 1 1 1 1 1 1 1 1 1 1 1 1 1 1 1 1 1 1 1 1 1 1 1 1 1 1 1 1 1 1 1 1 1 1 1 1 1 1 1 1 1 1 1 1 1 1 1 1 1 1 1 1 1 1 1 1 1 1 1 1 1 1 1 1 1 1 1 1 1 1 1 1 1 1 1 1 1 1 1 1 1 1 1 1 1 1 1 1 1 1 1 1 1 1 1 1 1 1 1 1 1 1 1 1 1 1 1 1 1 1 1 1 1 1 1 1 1 1 1 1 1 1 1 1 1 1 1 1 1 1 1 1 1 1 1 1 1 1 1 1 1 1 1 1 1 1 1 1 1 1 1 1 1 1 1 1 1 1 1 1 1 1 1 1 1 1 1 1 1 1 1 1 1 1 1 1 1 1 1 1 1 1 1 1 1 1 1 1 1 1 1 1 1 1 1 1 1 1 1 1 1 1 1 1 1 1 1 1 1 1 1 1 1 1 1 1 1 1 1 1 1 1 1 1 1 1 1 1 1 1 1 1 1 1 1 1 1 1 1 1 1 1 1 1 1 1 1 1 1 1 1 1 1 1 1 1 1 1 1 1 1 1 1 1 1 1 1 1 1 1 1 1 1 1 1 1 1 1 1 1 1 1 1 1 1 </float_array>
          <technique_common>
            <accessor count="1128" offset="0" source="#mesh_0-skin-weights-array" stride="1">
              <param name="WEIGHT" type="float" />
            </accessor>
          </technique_common>
        </source>
        <joints>
          <input semantic="JOINT" source="#mesh_0-skin-joints"></input>
          <input semantic="INV_BIND_MATRIX" source="#mesh_0-skin-bind_poses"></input>
        </joints>
        <vertex_weights count="1128">
          <input semantic="JOINT" source="#mesh_0-skin-joints" offset="0"></input>
          <input semantic="WEIGHT" source="#mesh_0-skin-weights" offset="1"></input>
          <vcount>1 1 1 1 1 1 1 1 1 1 1 1 1 1 1 1 1 1 1 1 1 1 1 1 1 1 1 1 1 1 1 1 1 1 1 1 1 1 1 1 1 1 1 1 1 1 1 1 1 1 1 1 1 1 1 1 1 1 1 1 1 1 1 1 1 1 1 1 1 1 1 1 1 1 1 1 1 1 1 1 1 1 1 1 1 1 1 1 1 1 1 1 1 1 1 1 1 1 1 1 1 1 1 1 1 1 1 1 1 1 1 1 1 1 1 1 1 1 1 1 1 1 1 1 1 1 1 1 1 1 1 1 1 1 1 1 1 1 1 1 1 1 1 1 1 1 1 1 1 1 1 1 1 1 1 1 1 1 1 1 1 1 1 1 1 1 1 1 1 1 1 1 1 1 1 1 1 1 1 1 1 1 1 1 1 1 1 1 1 1 1 1 1 1 1 1 1 1 1 1 1 1 1 1 1 1 1 1 1 1 1 1 1 1 1 1 1 1 1 1 1 1 1 1 1 1 1 1 1 1 1 1 1 1 1 1 1 1 1 1 1 1 1 1 1 1 1 1 1 1 1 1 1 1 1 1 1 1 1 1 1 1 1 1 1 1 1 1 1 1 1 1 1 1 1 1 1 1 1 1 1 1 1 1 1 1 1 1 1 1 1 1 1 1 1 1 1 1 1 1 1 1 1 1 1 1 1 1 1 1 1 1 1 1 1 1 1 1 1 1 1 1 1 1 1 1 1 1 1 1 1 1 1 1 1 1 1 1 1 1 1 1 1 1 1 1 1 1 1 1 1 1 1 1 1 1 1 1 1 1 1 1 1 1 1 1 1 1 1 1 1 1 1 1 1 1 1 1 1 1 1 1 1 1 1 1 1 1 1 1 1 1 1 1 1 1 1 1 1 1 1 1 1 1 1 1 1 1 1 1 1 1 1 1 1 1 1 1 1 1 1 1 1 1 1 1 1 1 1 1 1 1 1 1 1 1 1 1 1 1 1 1 1 1 1 1 1 1 1 1 1 1 1 1 1 1 1 1 1 1 1 1 1 1 1 1 1 1 1 1 1 1 1 1 1 1 1 1 1 1 1 1 1 1 1 1 1 1 1 1 1 1 1 1 1 1 1 1 1 1 1 1 1 1 1 1 1 1 1 1 1 1 1 1 1 1 1 1 1 1 1 1 1 1 1 1 1 1 1 1 1 1 1 1 1 1 1 1 1 1 1 1 1 1 1 1 1 1 1 1 1 1 1 1 1 1 1 1 1 1 1 1 1 1 1 1 1 1 1 1 1 1 1 1 1 1 1 1 1 1 1 1 1 1 1 1 1 1 1 1 1 1 1 1 1 1 1 1 1 1 1 1 1 1 1 1 1 1 1 1 1 1 1 1 1 1 1 1 1 1 1 1 1 1 1 1 1 1 1 1 1 1 1 1 1 1 1 1 1 1 1 1 1 1 1 1 1 1 1 1 1 1 1 1 1 1 1 1 1 1 1 1 1 1 1 1 1 1 1 1 1 1 1 1 1 1 1 1 1 1 1 1 1 1 1 1 1 1 1 1 1 1 1 1 1 1 1 1 1 1 1 1 1 1 1 1 1 1 1 1 1 1 1 1 1 1 1 1 1 1 1 1 1 1 1 1 1 1 1 1 1 1 1 1 1 1 1 1 1 1 1 1 1 1 1 1 1 1 1 1 1 1 1 1 1 1 1 1 1 1 1 1 1 1 1 1 1 1 1 1 1 1 1 1 1 1 1 1 1 1 1 1 1 1 1 1 1 1 1 1 1 1 1 1 1 1 1 1 1 1 1 1 1 1 1 1 1 1 1 1 1 1 1 1 1 1 1 1 1 1 1 1 1 1 1 1 1 1 1 1 1 1 1 1 1 1 1 1 1 1 1 1 1 1 1 1 1 1 1 1 1 1 1 1 1 1 1 1 1 1 1 1 1 1 1 1 1 1 1 1 1 1 1 1 1 1 1 1 1 1 1 1 1 1 1 1 1 1 1 1 1 1 1 1 1 1 1 1 1 1 1 1 1 1 1 1 1 1 1 1 1 1 1 1 1 1 1 1 1 1 1 1 1 1 1 1 1 1 1 1 1 1 1 1 1 1 1 1 1 1 1 1 1 1 1 1 1 1 1 1 1 1 1 1 1 1 1 1 1 1 1 1 1 1 1 1 1 1 1 1 1 1 1 1 1 1 1 1 1 1 1 1 1 1 1 1 1 1 1 1 1 1 1 1 1 1 1 1 1 1 1 1 1 1 1 1 1 1 1 1 1 1 1 1 1 1 1 1 1 1 1 1 1 1 1 1 1 1 1 1 1 1 1 1 1 1 1 1 1 1 1 1 1 1 1 1 1 1 1 1 1 1 1 1 1 1 1 1 1 1 1 1 1 1 1 1 1 1 1 1 1 1 1 1 1 1 1 1 1 1 1 1 1 1 1 1 1 1 1 1 1 1 1 1 1 1 1 1 1 1 1 1 1 1 1 1 1 1 1 1 1 1 1 1 1 1 1 1 1 1 1 1 1 1 1 1 1 1 </vcount>
          <v>0 0 0 1 0 2 0 3 0 4 0 5 0 6 0 7 0 8 0 9 0 10 0 11 1 12 1 13 1 14 1 15 1 16 1 17 1 18 1 19 1 20 1 21 1 22 1 23 1 24 1 25 1 26 1 27 1 28 1 29 1 30 1 31 1 32 1 33 1 34 1 35 1 36 1 37 1 38 1 39 1 40 1 41 1 42 1 43 1 44 1 45 1 46 1 47 2 48 2 49 2 50 2 51 2 52 2 53 2 54 2 55 2 56 2 57 2 58 2 59 3 60 3 61 3 62 3 63 3 64 3 65 3 66 3 67 3 68 3 69 3 70 3 71 3 72 3 73 3 74 3 75 3 76 3 77 3 78 3 79 3 80 3 81 3 82 3 83 4 84 4 85 4 86 4 87 4 88 4 89 4 90 4 91 4 92 4 93 4 94 4 95 5 96 5 97 5 98 5 99 5 100 5 101 5 102 5 103 5 104 5 105 5 106 5 107 5 108 5 109 5 110 5 111 5 112 5 113 5 114 5 115 5 116 5 117 5 118 5 119 6 120 6 121 6 122 6 123 6 124 6 125 6 126 6 127 6 128 6 129 6 130 6 131 7 132 7 133 7 134 7 135 7 136 7 137 7 138 7 139 7 140 7 141 7 142 7 143 7 144 7 145 7 146 7 147 7 148 7 149 7 150 7 151 7 152 7 153 7 154 7 155 8 156 8 157 8 158 8 159 8 160 8 161 8 162 8 163 8 164 8 165 8 166 8 167 9 168 9 169 9 170 9 171 9 172 9 173 9 174 9 175 9 176 9 177 9 178 9 179 9 180 9 181 9 182 9 183 9 184 9 185 9 186 9 187 9 188 9 189 9 190 9 191 9 192 9 193 9 194 9 195 9 196 9 197 9 198 9 199 9 200 9 201 9 202 9 203 10 204 10 205 10 206 10 207 10 208 10 209 10 210 10 211 10 212 10 213 10 214 10 215 11 216 11 217 11 218 11 219 11 220 11 221 11 222 11 223 11 224 11 225 11 226 11 227 12 228 12 229 12 230 12 231 12 232 12 233 12 234 12 235 12 236 12 237 12 238 12 239 13 240 13 241 13 242 13 243 13 244 13 245 13 246 13 247 13 248 13 249 13 250 13 251 13 252 13 253 13 254 13 255 13 256 13 257 13 258 13 259 13 260 13 261 13 262 13 263 13 264 13 265 13 266 13 267 13 268 13 269 13 270 13 271 13 272 13 273 13 274 13 275 14 276 14 277 14 278 14 279 14 280 14 281 14 282 14 283 14 284 14 285 14 286 14 287 15 288 15 289 15 290 15 291 15 292 15 293 15 294 15 295 15 296 15 297 15 298 15 299 16 300 16 301 16 302 16 303 16 304 16 305 16 306 16 307 16 308 16 309 16 310 16 311 16 312 16 313 16 314 16 315 16 316 16 317 16 318 16 319 16 320 16 321 16 322 16 323 17 324 17 325 17 326 17 327 17 328 17 329 17 330 17 331 17 332 17 333 17 334 17 335 18 336 18 337 18 338 18 339 18 340 18 341 18 342 18 343 18 344 18 345 18 346 18 347 19 348 19 349 19 350 19 351 19 352 19 353 19 354 19 355 19 356 19 357 19 358 19 359 19 360 19 361 19 362 19 363 19 364 19 365 19 366 19 367 19 368 19 369 19 370 19 371 20 372 20 373 20 374 20 375 20 376 20 377 20 378 20 379 20 380 20 381 20 382 20 383 21 384 21 385 21 386 21 387 21 388 21 389 21 390 21 391 21 392 21 393 21 394 21 395 22 396 22 397 22 398 22 399 22 400 22 401 22 402 22 403 22 404 22 405 22 406 22 407 22 408 22 409 22 410 22 411 22 412 22 413 22 414 22 415 22 416 22 417 22 418 22 419 23 420 23 421 23 422 23 423 23 424 23 425 23 426 23 427 23 428 23 429 23 430 23 431 24 432 24 433 24 434 24 435 24 436 24 437 24 438 24 439 24 440 24 441 24 442 24 443 25 444 25 445 25 446 25 447 25 448 25 449 25 450 25 451 25 452 25 453 25 454 25 455 26 456 26 457 26 458 26 459 26 460 26 461 26 462 26 463 26 464 26 465 26 466 26 467 26 468 26 469 26 470 26 471 26 472 26 473 26 474 26 475 26 476 26 477 26 478 26 479 26 480 26 481 26 482 26 483 26 484 26 485 26 486 26 487 26 488 26 489 26 490 26 491 27 492 27 493 27 494 27 495 27 496 27 497 27 498 27 499 27 500 27 501 27 502 27 503 28 504 28 505 28 506 28 507 28 508 28 509 28 510 28 511 28 512 28 513 28 514 28 515 29 516 29 517 29 518 29 519 29 520 29 521 29 522 29 523 29 524 29 525 29 526 29 527 29 528 29 529 29 530 29 531 29 532 29 533 29 534 29 535 29 536 29 537 29 538 29 539 30 540 30 541 30 542 30 543 30 544 30 545 30 546 30 547 30 548 30 549 30 550 30 551 31 552 31 553 31 554 31 555 31 556 31 557 31 558 31 559 31 560 31 561 31 562 31 563 32 564 32 565 32 566 32 567 32 568 32 569 32 570 32 571 32 572 32 573 32 574 32 575 32 576 32 577 32 578 32 579 32 580 32 581 32 582 32 583 32 584 32 585 32 586 32 587 33 588 33 589 33 590 33 591 33 592 33 593 33 594 33 595 33 596 33 597 33 598 33 599 34 600 34 601 34 602 34 603 34 604 34 605 34 606 34 607 34 608 34 609 34 610 34 611 35 612 35 613 35 614 35 615 35 616 35 617 35 618 35 619 35 620 35 621 35 622 35 623 35 624 35 625 35 626 35 627 35 628 35 629 35 630 35 631 35 632 35 633 35 634 35 635 36 636 36 637 36 638 36 639 36 640 36 641 36 642 36 643 36 644 36 645 36 646 36 647 36 648 36 649 36 650 36 651 36 652 36 653 36 654 36 655 36 656 36 657 36 658 36 659 36 660 36 661 36 662 36 663 36 664 36 665 36 666 36 667 36 668 36 669 36 670 36 671 37 672 37 673 37 674 37 675 37 676 37 677 37 678 37 679 37 680 37 681 37 682 37 683 38 684 38 685 38 686 38 687 38 688 38 689 38 690 38 691 38 692 38 693 38 694 38 695 39 696 39 697 39 698 39 699 39 700 39 701 39 702 39 703 39 704 39 705 39 706 39 707 40 708 40 709 40 710 40 711 40 712 40 713 40 714 40 715 40 716 40 717 40 718 40 719 41 720 41 721 41 722 41 723 41 724 41 725 41 726 41 727 41 728 41 729 41 730 41 731 42 732 42 733 42 734 42 735 42 736 42 737 42 738 42 739 42 740 42 741 42 742 42 743 42 744 42 745 42 746 42 747 42 748 42 749 42 750 42 751 42 752 42 753 42 754 42 755 43 756 43 757 43 758 43 759 43 760 43 761 43 762 43 763 43 764 43 765 43 766 43 767 44 768 44 769 44 770 44 771 44 772 44 773 44 774 44 775 44 776 44 777 44 778 44 779 45 780 45 781 45 782 45 783 45 784 45 785 45 786 45 787 45 788 45 789 45 790 45 791 46 792 46 793 46 794 46 795 46 796 46 797 46 798 46 799 46 800 46 801 46 802 46 803 47 804 47 805 47 806 47 807 47 808 47 809 47 810 47 811 47 812 47 813 47 814 47 815 48 816 48 817 48 818 48 819 48 820 48 821 48 822 48 823 48 824 48 825 48 826 48 827 48 828 48 829 48 830 48 831 48 832 48 833 48 834 48 835 48 836 48 837 48 838 48 839 49 840 49 841 49 842 49 843 49 844 49 845 49 846 49 847 49 848 49 849 49 850 49 851 50 852 50 853 50 854 50 855 50 856 50 857 50 858 50 859 50 860 50 861 50 862 50 863 51 864 51 865 51 866 51 867 51 868 51 869 51 870 51 871 51 872 51 873 51 874 51 875 52 876 52 877 52 878 52 879 52 880 52 881 52 882 52 883 52 884 52 885 52 886 52 887 53 888 53 889 53 890 53 891 53 892 53 893 53 894 53 895 53 896 53 897 53 898 53 899 54 900 54 901 54 902 54 903 54 904 54 905 54 906 54 907 54 908 54 909 54 910 54 911 54 912 54 913 54 914 54 915 54 916 54 917 54 918 54 919 54 920 54 921 54 922 54 923 55 924 55 925 55 926 55 927 55 928 55 929 55 930 55 931 55 932 55 933 55 934 55 935 56 936 56 937 56 938 56 939 56 940 56 941 56 942 56 943 56 944 56 945 56 946 56 947 57 948 57 949 57 950 57 951 57 952 57 953 57 954 57 955 57 956 57 957 57 958 57 959 58 960 58 961 58 962 58 963 58 964 58 965 58 966 58 967 58 968 58 969 58 970 58 971 58 972 58 973 58 974 58 975 58 976 58 977 58 978 58 979 58 980 58 981 58 982 58 983 58 984 58 985 58 986 58 987 58 988 58 989 58 990 58 991 58 992 58 993 58 994 58 995 59 996 59 997 59 998 59 999 59 1000 59 1001 59 1002 59 1003 59 1004 59 1005 59 1006 59 1007 60 1008 60 1009 60 1010 60 1011 60 1012 60 1013 60 1014 60 1015 60 1016 60 1017 60 1018 60 1019 61 1020 61 1021 61 1022 61 1023 61 1024 61 1025 61 1026 61 1027 61 1028 61 1029 61 1030 61 1031 61 1032 61 1033 61 1034 61 1035 61 1036 61 1037 61 1038 61 1039 61 1040 61 1041 61 1042 61 1043 62 1044 62 1045 62 1046 62 1047 62 1048 62 1049 62 1050 62 1051 62 1052 62 1053 62 1054 62 1055 63 1056 63 1057 63 1058 63 1059 63 1060 63 1061 63 1062 63 1063 63 1064 63 1065 63 1066 63 1067 63 1068 63 1069 63 1070 63 1071 63 1072 63 1073 63 1074 63 1075 63 1076 63 1077 63 1078 63 1079 64 1080 64 1081 64 1082 64 1083 64 1084 64 1085 64 1086 64 1087 64 1088 64 1089 64 1090 64 1091 65 1092 65 1093 65 1094 65 1095 65 1096 65 1097 65 1098 65 1099 65 1100 65 1101 65 1102 65 1103 66 1104 66 1105 66 1106 66 1107 66 1108 66 1109 66 1110 66 1111 66 1112 66 1113 66 1114 66 1115 66 1116 66 1117 66 1118 66 1119 66 1120 66 1121 66 1122 66 1123 66 1124 66 1125 66 1126 66 1127 </v>
        </vertex_weights>
      </skin>
    </controller>
  </library_controllers>
  <library_visual_scenes>
    <visual_scene id="Scene" name="Scene">
      <node id="Bip01" sid="Bip01" name="Bip01" type="JOINT">
        <matrix sid="matrix">-7.24357378e-05 1 -2.21326809e-05 -0.839240015 -0.956353247 -7.57416128e-05 -0.292212963 20.4918175 -0.292212963 0 0.956353247 -334.004303 0 0 0 1</matrix>
        <instance_controller url="#mesh_0-skin">
          <skeleton>#Bip01</skeleton>
          <bind_material>
            <technique_common>
              <instance_material symbol="defaultMaterial" target="#SkeletonMaterial">
              </instance_material>
            </technique_common>
          </bind_material>
        </instance_controller>
        <node id="Bip01WPelvis" sid="Bip01WPelvis" name="Bip01 Pelvis" type="JOINT">
          <matrix sid="matrix">3.13916473e-07 1 -1.26759085e-06 18.0396137 0 1.26759085e-06 1 0 1 -3.13916473e-07 3.97917647e-13 0 0 0 0 1</matrix>
          <node id="Bip01WLWLeg" sid="Bip01WLWLeg" name="Bip01 L Leg" type="JOINT">
            <matrix sid="matrix">-0.895505369 0.348613888 -0.276656151 -5.99999985e-05 0.0250744298 0.660161495 0.750705063 9.00000014e-05 0.444343895 0.665323436 -0.599919438 42.3903008 0 0 0 1</matrix>
            <node id="Bip01WLWLeg1" sid="Bip01WLWLeg1" name="Bip01 L Leg1" type="JOINT">
              <matrix sid="matrix">0.424293339 0.90552479 0 164.303497 -0.90552479 0.424293339 0 1.49999996e-05 0 0 1 0 0 0 0 1</matrix>
            </node>
          </node>
          <node id="Bip01WRWLeg" sid="Bip01WRWLeg" name="Bip01 R Leg" type="JOINT">
            <matrix sid="matrix">-0.908677697 0.33043617 0.255179733 5.99999985e-05 0.0241592545 0.651804388 -0.758002162 -2.99999992e-05 -0.416798621 -0.682614803 -0.600263238 -42.3903008 0 0 0 1</matrix>
            <node id="Bip01WRWLeg1" sid="Bip01WRWLeg1" name="Bip01 R Leg1" type="JOINT">
              <matrix sid="matrix">0.3912462 0.920286059 0 164.303497 -0.920286059 0.3912462 0 -1.49999996e-05 0 0 1 0 0 0 0 1</matrix>
            </node>
          </node>
          <node id="Bip01WSpine" sid="Bip01WSpine" name="Bip01 Spine" type="JOINT">
            <matrix sid="matrix">0.998588622 -0.0531109981 -1.26414352e-06 54.7533836 0.0531109981 0.998588622 4.93983225e-06 -0.057585001 9.99999997e-07 -4.99999987e-06 1 7.50000036e-05 0 0 0 1</matrix>
            <node id="Bip01WSpine1" sid="Bip01WSpine1" name="Bip01 Spine1" type="JOINT">
              <matrix sid="matrix">0.979947209 0.199257329 7.80689902e-07 73.4605637 -0.199257329 0.979947209 -1.17920456e-06 -0.080430001 -9.99999997e-07 9.99999997e-07 1 0 0 0 0 1</matrix>
              <node id="Bip01WSpine2" sid="Bip01WSpine2" name="Bip01 Spine2" type="JOINT">
                <matrix sid="matrix">0.979945779 0.199264199 0 102.123421 -0.199264199 0.979945779 0 -0.0560999997 0 0 1 0 0 0 0 1</matrix>
                <node id="Bip01WNeck" sid="Bip01WNeck" name="Bip01 Neck" type="JOINT">
                  <matrix sid="matrix">0.55642277 -0.830899358 -1.94374479e-06 71.3426971 0.830899358 0.55642277 -1.10537599e-06 -0.00430499995 1.99999999e-06 -9.99999997e-07 1 0 0 0 0 1</matrix>
                  <node id="Bip01WLWArm" sid="Bip01WLWArm" name="Bip01 L Arm" type="JOINT">
                    <matrix sid="matrix">-0.347627491 -0.808432341 0.474965632 7.50000036e-05 0.118408583 -0.540353656 -0.833065033 0.00754499994 0.930126071 -0.233356312 0.283567131 45.3576317 0 0 0 1</matrix>
                    <node id="Bip01WLWArm1" sid="Bip01WLWArm1" name="Bip01 L Arm1" type="JOINT">
                      <matrix sid="matrix">0.866550863 0.460004836 0.193610817 106.908356 0.0704108253 0.271370381 -0.959896028 0 -0.494097084 0.84543103 0.202766925 -1.49999996e-05 0 0 0 1</matrix>
                      <node id="Bip01WLWArm2" sid="Bip01WLWArm2" name="Bip01 L Arm2" type="JOINT">
                        <matrix sid="matrix">0.0727559179 0.997349799 0 204.745193 -0.997349799 0.0727559179 0 -1.49999996e-05 0 0 1 -2.99999992e-05 0 0 0 1</matrix>
                        <node id="Bip01WLWHand" sid="Bip01WLWHand" name="Bip01 L Hand" type="JOINT">
                          <matrix sid="matrix">0.787083805 0.49214527 -0.371876597 261.158173 0.589930356 -0.776708484 0.22069481 -1.49999996e-05 -0.18022579 -0.393086582 -0.901666045 -2.99999992e-05 0 0 0 1</matrix>
                          <node id="Bip01WLWFinger0" sid="Bip01WLWFinger0" name="Bip01 L Finger0" type="JOINT">
                            <matrix sid="matrix">0.974250793 -0.0166821517 0.224849194 93.2069855 0.0171515085 0.999852955 -0.000134193338 -6.12795019 -0.224813864 0.00398724061 0.974393606 -14.1053085 0 0 0 1</matrix>
                            <node id="Bip01WLWFinger01" sid="Bip01WLWFinger01" name="Bip01 L Finger01" type="JOINT">
                              <matrix sid="matrix">0.609130144 -0.793070257 0 63.0556068 0.793070257 0.609130144 0 0 0 0 1 5.99999985e-05 0 0 0 1</matrix>
                              <node id="Bip01WLWFinger02" sid="Bip01WLWFinger02" name="Bip01 L Finger02" type="JOINT">
                                <matrix sid="matrix">0.649781048 -0.760121465 0 58.4985886 0.760121465 0.649781048 0 2.99999992e-05 0 0 1 -5.99999985e-05 0 0 0 1</matrix>
                              </node>
                            </node>
                          </node>
                          <node id="Bip01WLWFinger1" sid="Bip01WLWFinger1" name="Bip01 L Finger1" type="JOINT">
                            <matrix sid="matrix">0.887247503 -0.168293744 -0.429498732 93.7465134 0.182365984 0.983193755 -0.00852526724 -14.09097 0.423715204 -0.0707619339 0.903027177 15.8642845 0 0 0 1</matrix>
                            <node id="Bip01WLWFinger11" sid="Bip01WLWFinger11" name="Bip01 L Finger11" type="JOINT">
                              <matrix sid="matrix">0.814297736 -0.580447376 0 52.4580307 0.580447376 0.814297736 0 0 0 0 1 -1.49999996e-05 0 0 0 1</matrix>
                              <node id="Bip01WLWFinger12" sid="Bip01WLWFinger12" name="Bip01 L Finger12" type="JOINT">
                                <matrix sid="matrix">0.995400786 -0.0957978666 0 48.7488441 0.0957978666 0.995400786 0 1.49999996e-05 0 0 1 0 0 0 0 1</matrix>
                              </node>
                            </node>
                          </node>
                          <node id="Bone42" sid="Bone42" name="Bone42" type="JOINT">
                            <matrix sid="matrix">-0.112292133 -0.555503011 0.823897362 21.703846 -0.992040932 0.110206619 -0.0609035604 13.8886652 -0.05696683 -0.824178934 -0.563457131 -12.1508551 0 0 0 1</matrix>
                            <node id="Bone43" sid="Bone43" name="Bone43" type="JOINT">
                              <matrix sid="matrix">1 0 0 -18.2648849 0 1 0 5.89184999 0 0 1 1.49999996e-05 0 0 0 1</matrix>
                              <node id="Bone44" sid="Bone44" name="Bone44" type="JOINT">
                                <matrix sid="matrix">1 0 0 -39.6990128 0 1 0 23.2169552 0 0 1 0.499785006 0 0 0 1</matrix>
                              </node>
                            </node>
                          </node>
                        </node>
                      </node>
                    </node>
                  </node>
                  <node id="Bip01WRWArm" sid="Bip01WRWArm" name="Bip01 R Arm" type="JOINT">
                    <matrix sid="matrix">-0.367990077 -0.808420837 -0.459389806 7.50000036e-05 0.154604003 -0.540377796 0.827096939 0.00779999979 -0.916886508 0.23333998 0.32383877 -45.3576317 0 0 0 1</matrix>
                    <node id="Bip01WRWArm1" sid="Bip01WRWArm1" name="Bip01 R Arm1" type="JOINT">
                      <matrix sid="matrix">0.878934026 0.439076871 -0.186242864 106.908356 0.070489876 0.266615599 0.961221755 0 0.471705496 -0.857978761 0.203387037 2.99999992e-05 0 0 0 1</matrix>
                      <node id="Bip01WRWArm2" sid="Bip01WRWArm2" name="Bip01 R Arm2" type="JOINT">
                        <matrix sid="matrix">0.10723076 0.994234145 0 204.745193 -0.994234145 0.10723076 0 1.49999996e-05 0 0 1 0 0 0 0 1</matrix>
                        <node id="Bip01WRWHand" sid="Bip01WRWHand" name="Bip01 R Hand" type="JOINT">
                          <matrix sid="matrix">0.799698532 0.471735656 0.371413112 261.158234 0.569410264 -0.792069435 -0.219995379 0 0.190405324 0.387416422 -0.902027845 1.49999996e-05 0 0 0 1</matrix>
                          <node id="Bip01WRWFinger0" sid="Bip01WRWFinger0" name="Bip01 R Finger0" type="JOINT">
                            <matrix sid="matrix">0.968179822 -4.29572538e-08 -0.250255466 91.0388489 -0.000277867628 0.999999344 -0.00107517641 -10.4700298 0.250255346 0.00111050205 0.968179226 14.9661751 0 0 0 1</matrix>
                            <node id="Bip01WRWFinger01" sid="Bip01WRWFinger01" name="Bip01 R Finger01" type="JOINT">
                              <matrix sid="matrix">0.485281706 -0.874357879 0 63.0555573 0.874357879 0.485281706 0 0 0 0 1 2.99999992e-05 0 0 0 1</matrix>
                              <node id="Bip01WRWFinger02" sid="Bip01WRWFinger02" name="Bip01 R Finger02" type="JOINT">
                                <matrix sid="matrix">0.725639522 -0.688075066 0 58.4986496 0.688075066 0.725639522 0 -2.99999992e-05 0 0 1 0 0 0 0 1</matrix>
                              </node>
                            </node>
                          </node>
                          <node id="Bip01WRWFinger1" sid="Bip01WRWFinger1" name="Bip01 R Finger1" type="JOINT">
                            <matrix sid="matrix">0.898180902 -0.168292537 0.406138688 91.4943619 0.182525724 0.983193934 0.00375016779 -12.63591 -0.399944216 0.0707624406 0.913803756 -15.0522747 0 0 0 1</matrix>
                            <node id="Bip01WRWFinger11" sid="Bip01WRWFinger11" name="Bip01 R Finger11" type="JOINT">
                              <matrix sid="matrix">0.848198235 -0.529678941 0 52.4580307 0.529678941 0.848198235 0 0 0 0 1 0 0 0 0 1</matrix>
                              <node id="Bip01WRWFinger12" sid="Bip01WRWFinger12" name="Bip01 R Finger12" type="JOINT">
                                <matrix sid="matrix">0.999657691 -0.0261640139 0 36.9309158 0.0261640139 0.999657691 0 4.50000007e-05 0 0 1 0 0 0 0 1</matrix>
                              </node>
                            </node>
                          </node>
                          <node id="Bone48" sid="Bone48" name="Bone48" type="JOINT">
                            <matrix sid="matrix">0.12653777 -0.933511198 0.335477293 15.5620499 0.990207255 0.138977289 0.0132296607 12.2036257 -0.0589737594 0.330517977 0.941955388 15.5721149 0 0 0 1</matrix>
                            <node id="Bone49" sid="Bone49" name="Bone49" type="JOINT">
                              <matrix sid="matrix">1 0 0 12.9621449 0 1 0 4.4477849 0 0 1 2.5518899 0 0 0 1</matrix>
                              <node id="Bone50" sid="Bone50" name="Bone50" type="JOINT">
                                <matrix sid="matrix">1 0 0 40.3342171 0 1 0 18.3247204 0 0 1 14.1759892 0 0 0 1</matrix>
                              </node>
                            </node>
                          </node>
                        </node>
                      </node>
                    </node>
                  </node>
                  <node id="Bip01WHead" sid="Bip01WHead" name="Bip01 Head" type="JOINT">
                    <matrix sid="matrix">0.989623785 0.143682957 0 9.67821026 -0.143682957 0.989623785 0 -1.49999996e-05 0 0 1 0 0 0 0 1</matrix>
                    <node id="Dummy05" sid="Dummy05" name="Dummy05" type="JOINT">
                      <matrix sid="matrix">-0.556235075 0.754948676 -0.347354382 81.0630264 -0.640345097 -0.655783951 -0.399881989 -207.778519 -0.529679775 -1.69639543e-06 0.848197699 173.086243 0 0 0 1</matrix>
                      <node id="Bone13" sid="Bone13" name="Bone13" type="JOINT">
                        <matrix sid="matrix">-0.0863181576 0 0.996267617 2.82796502 -0 1 0 -3.51265502 -0.996267617 0 -0.0863181576 1.94488502 0 0 0 1</matrix>
                        <node id="Bone14" sid="Bone14" name="Bone14" type="JOINT">
                          <matrix sid="matrix">1 0 0 22.5346336 0 1 0 121.623573 0 0 1 1.25507998 0 0 0 1</matrix>
                          <node id="Bone15" sid="Bone15" name="Bone15" type="JOINT">
                            <matrix sid="matrix">1 0 0 80.049942 0 1 0 105.817558 0 0 1 2.42451 0 0 0 1</matrix>
                            <node id="Bone16" sid="Bone16" name="Bone16" type="JOINT">
                              <matrix sid="matrix">1 0 0 40.4550896 0 1 0 15.5442753 0 0 1 -1.44835496 0 0 0 1</matrix>
                              <node id="Bone17" sid="Bone17" name="Bone17" type="JOINT">
                                <matrix sid="matrix">1 0 0 63.7773857 0 1 0 14.456295 0 0 1 0 0 0 0 1</matrix>
                              </node>
                            </node>
                          </node>
                        </node>
                      </node>
                    </node>
                    <node id="Dummy04" sid="Dummy04" name="Dummy04" type="JOINT">
                      <matrix sid="matrix">0.389905721 0.754948139 0.527282476 82.2007828 0.448863 -0.655784488 0.607016265 -210.024597 0.804049432 -1.50732376e-06 -0.594562411 -194.849457 0 0 0 1</matrix>
                      <node id="Bone07" sid="Bone07" name="Bone07" type="JOINT">
                        <matrix sid="matrix">-0.999614716 0 0.0277561378 -0.467415005 -0 1 0 -1.70406008 -0.0277561378 0 -0.999614716 -1.15401006 0 0 0 1</matrix>
                        <node id="Bone08" sid="Bone08" name="Bone08" type="JOINT">
                          <matrix sid="matrix">1 0 0 -19.1946907 0 1 0 126.684952 0 0 1 0 0 0 0 1</matrix>
                          <node id="Bone09" sid="Bone09" name="Bone09" type="JOINT">
                            <matrix sid="matrix">1 0 0 -73.1656647 0 1 0 92.6062775 0 0 1 -0.130740002 0 0 0 1</matrix>
                            <node id="Bone10" sid="Bone10" name="Bone10" type="JOINT">
                              <matrix sid="matrix">1 0 0 -55.7440338 0 1 0 22.9194298 0 0 1 -0.172665 0 0 0 1</matrix>
                              <node id="Bone11" sid="Bone11" name="Bone11" type="JOINT">
                                <matrix sid="matrix">1 0 0 -47.8988991 0 1 0 11.3225546 0 0 1 -0.0280200001 0 0 0 1</matrix>
                              </node>
                            </node>
                          </node>
                        </node>
                      </node>
                    </node>
                    <node id="Dummy03" sid="Dummy03" name="Dummy03" type="JOINT">
                      <matrix sid="matrix">-0.655784011 0.754948556 8.54113068e-07 319.59079 -0.754948556 -0.655784011 -2.06651657e-06 72.5000916 -9.99999997e-07 -1.99999999e-06 1 -11.5561056 0 0 0 1</matrix>
                      <node id="Bone01" sid="Bone01" name="Bone01" type="JOINT">
                        <matrix sid="matrix">1 0 0 -6.33137989 0 1 0 3.61813498 0 0 1 -1.15371001 0 0 0 1</matrix>
                        <node id="Bone02" sid="Bone02" name="Bone02" type="JOINT">
                          <matrix sid="matrix">1 0 0 13.9059753 0 1 0 131.411453 0 0 1 -1.49999996e-05 0 0 0 1</matrix>
                          <node id="Bone03" sid="Bone03" name="Bone03" type="JOINT">
                            <matrix sid="matrix">1 0 0 89.6935196 0 1 0 94.5605698 0 0 1 -1.49999996e-05 0 0 0 1</matrix>
                            <node id="Bone04" sid="Bone04" name="Bone04" type="JOINT">
                              <matrix sid="matrix">1 0 0 58.4050674 0 1 0 22.2495899 0 0 1 -1.49999996e-05 0 0 0 1</matrix>
                              <node id="Bone05" sid="Bone05" name="Bone05" type="JOINT">
                                <matrix sid="matrix">1 0 0 67.4439621 0 1 0 10.4294548 0 0 1 -1.49999996e-05 0 0 0 1</matrix>
                              </node>
                            </node>
                          </node>
                        </node>
                      </node>
                    </node>
                  </node>
                </node>
              </node>
              <node id="Dummy08" sid="Dummy08" name="Dummy08" type="JOINT">
                <matrix sid="matrix">-0.0269594155 0.999636531 -5.39188321e-08 48.2818642 -0.999636531 -0.0269594155 -1.99927308e-06 76.4357834 -1.99999999e-06 0 1 -2.44960499 0 0 0 1</matrix>
                <node id="Bone25" sid="Bone25" name="Bone25" type="JOINT">
                  <matrix sid="matrix">0.78821826 -0.615395784 0 -11.4083252 0.615395784 0.78821826 0 10.6257305 0 0 1 3.98608494 0 0 0 1</matrix>
                  <node id="Bone26" sid="Bone26" name="Bone26" type="JOINT">
                    <matrix sid="matrix">0.999050021 0.0435781926 0 -142.238449 -0.0435781926 0.999050021 0 -45.0019951 0 0 1 0 0 0 0 1</matrix>
                    <node id="Bone27" sid="Bone27" name="Bone27" type="JOINT">
                      <matrix sid="matrix">1 0 0 -103.665321 0 1 0 24.1082401 0 0 1 0 0 0 0 1</matrix>
                      <node id="Bone28" sid="Bone28" name="Bone28" type="JOINT">
                        <matrix sid="matrix">0.930487812 0.366322786 0 -48.2164192 -0.366322786 0.930487812 0 25.7154007 0 0 1 10.0843048 0 0 0 1</matrix>
                        <node id="Bone29" sid="Bone29" name="Bone29" type="JOINT">
                          <matrix sid="matrix">0.834053159 0.551684022 0 -36.9659386 -0.551684022 0.834053159 0 15.2685442 0 0 1 14.6828852 0 0 0 1</matrix>
                          <node id="Bone30" sid="Bone30" name="Bone30" type="JOINT">
                            <matrix sid="matrix">1 0 0 -30.537075 0 1 0 -16.8757343 0 0 1 15.8260956 0 0 0 1</matrix>
                          </node>
                        </node>
                      </node>
                      <node id="Bone33" sid="Bone33" name="Bone33" type="JOINT">
                        <matrix sid="matrix">0.92058754 -0.390536219 0 -16.8757496 0.390536219 0.92058754 0 -8.03608513 0 0 1 -0.000630000024 0 0 0 1</matrix>
                        <node id="Bone34" sid="Bone34" name="Bone34" type="JOINT">
                          <matrix sid="matrix">0.968181849 -0.250247627 0 -12.0541201 0.250247627 0.968181849 0 -37.7695045 0 0 1 0 0 0 0 1</matrix>
                        </node>
                      </node>
                      <node id="Bone37" sid="Bone37" name="Bone37" type="JOINT">
                        <matrix sid="matrix">0.913634896 0.406535625 0 -47.3888702 -0.406535625 0.913634896 0 26.2092743 0 0 1 -9.20848465 0 0 0 1</matrix>
                        <node id="Bone38" sid="Bone38" name="Bone38" type="JOINT">
                          <matrix sid="matrix">0.866164744 0.499758571 0 -36.1623306 -0.499758571 0.866164744 0 15.2685442 0 0 1 -12.9304504 0 0 0 1</matrix>
                          <node id="Bone39" sid="Bone39" name="Bone39" type="JOINT">
                            <matrix sid="matrix">1 0 0 -36.9659119 0 1 0 -20.0902042 0 0 1 -19.8294907 0 0 0 1</matrix>
                          </node>
                        </node>
                      </node>
                    </node>
                  </node>
                </node>
              </node>
            </node>
          </node>
        </node>
      </node>
    </visual_scene>
  </library_visual_scenes>
  <library_animations>
    <animation id="animation_0" name="">
      <sampler id="Bip01_matrix-sampler">
        <input semantic="INPUT" source="#Bip01_matrix-input"/>
        <input semantic="OUTPUT" source="#Bip01_matrix-output"/>
        <input semantic="INTERPOLATION" source="#Bip01_matrix-interpolation"/>
      </sampler>
      <sampler id="Bip01WPelvis_matrix-sampler">
        <input semantic="INPUT" source="#Bip01WPelvis_matrix-input"/>
        <input semantic="OUTPUT" source="#Bip01WPelvis_matrix-output"/>
        <input semantic="INTERPOLATION" source="#Bip01WPelvis_matrix-interpolation"/>
      </sampler>
      <sampler id="Bip01WLWLeg_matrix-sampler">
        <input semantic="INPUT" source="#Bip01WLWLeg_matrix-input"/>
        <input semantic="OUTPUT" source="#Bip01WLWLeg_matrix-output"/>
        <input semantic="INTERPOLATION" source="#Bip01WLWLeg_matrix-interpolation"/>
      </sampler>
      <sampler id="Bip01WLWLeg1_matrix-sampler">
        <input semantic="INPUT" source="#Bip01WLWLeg1_matrix-input"/>
        <input semantic="OUTPUT" source="#Bip01WLWLeg1_matrix-output"/>
        <input semantic="INTERPOLATION" source="#Bip01WLWLeg1_matrix-interpolation"/>
      </sampler>
      <sampler id="Bip01WRWLeg_matrix-sampler">
        <input semantic="INPUT" source="#Bip01WRWLeg_matrix-input"/>
        <input semantic="OUTPUT" source="#Bip01WRWLeg_matrix-output"/>
        <input semantic="INTERPOLATION" source="#Bip01WRWLeg_matrix-interpolation"/>
      </sampler>
      <sampler id="Bip01WRWLeg1_matrix-sampler">
        <input semantic="INPUT" source="#Bip01WRWLeg1_matrix-input"/>
        <input semantic="OUTPUT" source="#Bip01WRWLeg1_matrix-output"/>
        <input semantic="INTERPOLATION" source="#Bip01WRWLeg1_matrix-interpolation"/>
      </sampler>
      <sampler id="Bip01WSpine_matrix-sampler">
        <input semantic="INPUT" source="#Bip01WSpine_matrix-input"/>
        <input semantic="OUTPUT" source="#Bip01WSpine_matrix-output"/>
        <input semantic="INTERPOLATION" source="#Bip01WSpine_matrix-interpolation"/>
      </sampler>
      <sampler id="Bip01WSpine1_matrix-sampler">
        <input semantic="INPUT" source="#Bip01WSpine1_matrix-input"/>
        <input semantic="OUTPUT" source="#Bip01WSpine1_matrix-output"/>
        <input semantic="INTERPOLATION" source="#Bip01WSpine1_matrix-interpolation"/>
      </sampler>
      <sampler id="Bip01WSpine2_matrix-sampler">
        <input semantic="INPUT" source="#Bip01WSpine2_matrix-input"/>
        <input semantic="OUTPUT" source="#Bip01WSpine2_matrix-output"/>
        <input semantic="INTERPOLATION" source="#Bip01WSpine2_matrix-interpolation"/>
      </sampler>
      <sampler id="Bip01WNeck_matrix-sampler">
        <input semantic="INPUT" source="#Bip01WNeck_matrix-input"/>
        <input semantic="OUTPUT" source="#Bip01WNeck_matrix-output"/>
        <input semantic="INTERPOLATION" source="#Bip01WNeck_matrix-interpolation"/>
      </sampler>
      <sampler id="Bip01WLWArm_matrix-sampler">
        <input semantic="INPUT" source="#Bip01WLWArm_matrix-input"/>
        <input semantic="OUTPUT" source="#Bip01WLWArm_matrix-output"/>
        <input semantic="INTERPOLATION" source="#Bip01WLWArm_matrix-interpolation"/>
      </sampler>
      <sampler id="Bip01WLWArm1_matrix-sampler">
        <input semantic="INPUT" source="#Bip01WLWArm1_matrix-input"/>
        <input semantic="OUTPUT" source="#Bip01WLWArm1_matrix-output"/>
        <input semantic="INTERPOLATION" source="#Bip01WLWArm1_matrix-interpolation"/>
      </sampler>
      <sampler id="Bip01WLWArm2_matrix-sampler">
        <input semantic="INPUT" source="#Bip01WLWArm2_matrix-input"/>
        <input semantic="OUTPUT" source="#Bip01WLWArm2_matrix-output"/>
        <input semantic="INTERPOLATION" source="#Bip01WLWArm2_matrix-interpolation"/>
      </sampler>
      <sampler id="Bip01WLWHand_matrix-sampler">
        <input semantic="INPUT" source="#Bip01WLWHand_matrix-input"/>
        <input semantic="OUTPUT" source="#Bip01WLWHand_matrix-output"/>
        <input semantic="INTERPOLATION" source="#Bip01WLWHand_matrix-interpolation"/>
      </sampler>
      <sampler id="Bip01WLWFinger0_matrix-sampler">
        <input semantic="INPUT" source="#Bip01WLWFinger0_matrix-input"/>
        <input semantic="OUTPUT" source="#Bip01WLWFinger0_matrix-output"/>
        <input semantic="INTERPOLATION" source="#Bip01WLWFinger0_matrix-interpolation"/>
      </sampler>
      <sampler id="Bip01WLWFinger01_matrix-sampler">
        <input semantic="INPUT" source="#Bip01WLWFinger01_matrix-input"/>
        <input semantic="OUTPUT" source="#Bip01WLWFinger01_matrix-output"/>
        <input semantic="INTERPOLATION" source="#Bip01WLWFinger01_matrix-interpolation"/>
      </sampler>
      <sampler id="Bip01WLWFinger02_matrix-sampler">
        <input semantic="INPUT" source="#Bip01WLWFinger02_matrix-input"/>
        <input semantic="OUTPUT" source="#Bip01WLWFinger02_matrix-output"/>
        <input semantic="INTERPOLATION" source="#Bip01WLWFinger02_matrix-interpolation"/>
      </sampler>
      <sampler id="Bip01WLWFinger1_matrix-sampler">
        <input semantic="INPUT" source="#Bip01WLWFinger1_matrix-input"/>
        <input semantic="OUTPUT" source="#Bip01WLWFinger1_matrix-output"/>
        <input semantic="INTERPOLATION" source="#Bip01WLWFinger1_matrix-interpolation"/>
      </sampler>
      <sampler id="Bip01WLWFinger11_matrix-sampler">
        <input semantic="INPUT" source="#Bip01WLWFinger11_matrix-input"/>
        <input semantic="OUTPUT" source="#Bip01WLWFinger11_matrix-output"/>
        <input semantic="INTERPOLATION" source="#Bip01WLWFinger11_matrix-interpolation"/>
      </sampler>
      <sampler id="Bip01WLWFinger12_matrix-sampler">
        <input semantic="INPUT" source="#Bip01WLWFinger12_matrix-input"/>
        <input semantic="OUTPUT" source="#Bip01WLWFinger12_matrix-output"/>
        <input semantic="INTERPOLATION" source="#Bip01WLWFinger12_matrix-interpolation"/>
      </sampler>
      <sampler id="Bone42_matrix-sampler">
        <input semantic="INPUT" source="#Bone42_matrix-input"/>
        <input semantic="OUTPUT" source="#Bone42_matrix-output"/>
        <input semantic="INTERPOLATION" source="#Bone42_matrix-interpolation"/>
      </sampler>
      <sampler id="Bone43_matrix-sampler">
        <input semantic="INPUT" source="#Bone43_matrix-input"/>
        <input semantic="OUTPUT" source="#Bone43_matrix-output"/>
        <input semantic="INTERPOLATION" source="#Bone43_matrix-interpolation"/>
      </sampler>
      <sampler id="Bone44_matrix-sampler">
        <input semantic="INPUT" source="#Bone44_matrix-input"/>
        <input semantic="OUTPUT" source="#Bone44_matrix-output"/>
        <input semantic="INTERPOLATION" source="#Bone44_matrix-interpolation"/>
      </sampler>
      <sampler id="Bip01WRWArm_matrix-sampler">
        <input semantic="INPUT" source="#Bip01WRWArm_matrix-input"/>
        <input semantic="OUTPUT" source="#Bip01WRWArm_matrix-output"/>
        <input semantic="INTERPOLATION" source="#Bip01WRWArm_matrix-interpolation"/>
      </sampler>
      <sampler id="Bip01WRWArm1_matrix-sampler">
        <input semantic="INPUT" source="#Bip01WRWArm1_matrix-input"/>
        <input semantic="OUTPUT" source="#Bip01WRWArm1_matrix-output"/>
        <input semantic="INTERPOLATION" source="#Bip01WRWArm1_matrix-interpolation"/>
      </sampler>
      <sampler id="Bip01WRWArm2_matrix-sampler">
        <input semantic="INPUT" source="#Bip01WRWArm2_matrix-input"/>
        <input semantic="OUTPUT" source="#Bip01WRWArm2_matrix-output"/>
        <input semantic="INTERPOLATION" source="#Bip01WRWArm2_matrix-interpolation"/>
      </sampler>
      <sampler id="Bip01WRWHand_matrix-sampler">
        <input semantic="INPUT" source="#Bip01WRWHand_matrix-input"/>
        <input semantic="OUTPUT" source="#Bip01WRWHand_matrix-output"/>
        <input semantic="INTERPOLATION" source="#Bip01WRWHand_matrix-interpolation"/>
      </sampler>
      <sampler id="Bip01WRWFinger0_matrix-sampler">
        <input semantic="INPUT" source="#Bip01WRWFinger0_matrix-input"/>
        <input semantic="OUTPUT" source="#Bip01WRWFinger0_matrix-output"/>
        <input semantic="INTERPOLATION" source="#Bip01WRWFinger0_matrix-interpolation"/>
      </sampler>
      <sampler id="Bip01WRWFinger01_matrix-sampler">
        <input semantic="INPUT" source="#Bip01WRWFinger01_matrix-input"/>
        <input semantic="OUTPUT" source="#Bip01WRWFinger01_matrix-output"/>
        <input semantic="INTERPOLATION" source="#Bip01WRWFinger01_matrix-interpolation"/>
      </sampler>
      <sampler id="Bip01WRWFinger02_matrix-sampler">
        <input semantic="INPUT" source="#Bip01WRWFinger02_matrix-input"/>
        <input semantic="OUTPUT" source="#Bip01WRWFinger02_matrix-output"/>
        <input semantic="INTERPOLATION" source="#Bip01WRWFinger02_matrix-interpolation"/>
      </sampler>
      <sampler id="Bip01WRWFinger1_matrix-sampler">
        <input semantic="INPUT" source="#Bip01WRWFinger1_matrix-input"/>
        <input semantic="OUTPUT" source="#Bip01WRWFinger1_matrix-output"/>
        <input semantic="INTERPOLATION" source="#Bip01WRWFinger1_matrix-interpolation"/>
      </sampler>
      <sampler id="Bip01WRWFinger11_matrix-sampler">
        <input semantic="INPUT" source="#Bip01WRWFinger11_matrix-input"/>
        <input semantic="OUTPUT" source="#Bip01WRWFinger11_matrix-output"/>
        <input semantic="INTERPOLATION" source="#Bip01WRWFinger11_matrix-interpolation"/>
      </sampler>
      <sampler id="Bip01WRWFinger12_matrix-sampler">
        <input semantic="INPUT" source="#Bip01WRWFinger12_matrix-input"/>
        <input semantic="OUTPUT" source="#Bip01WRWFinger12_matrix-output"/>
        <input semantic="INTERPOLATION" source="#Bip01WRWFinger12_matrix-interpolation"/>
      </sampler>
      <sampler id="Bone48_matrix-sampler">
        <input semantic="INPUT" source="#Bone48_matrix-input"/>
        <input semantic="OUTPUT" source="#Bone48_matrix-output"/>
        <input semantic="INTERPOLATION" source="#Bone48_matrix-interpolation"/>
      </sampler>
      <sampler id="Bone49_matrix-sampler">
        <input semantic="INPUT" source="#Bone49_matrix-input"/>
        <input semantic="OUTPUT" source="#Bone49_matrix-output"/>
        <input semantic="INTERPOLATION" source="#Bone49_matrix-interpolation"/>
      </sampler>
      <sampler id="Bone50_matrix-sampler">
        <input semantic="INPUT" source="#Bone50_matrix-input"/>
        <input semantic="OUTPUT" source="#Bone50_matrix-output"/>
        <input semantic="INTERPOLATION" source="#Bone50_matrix-interpolation"/>
      </sampler>
      <sampler id="Bip01WHead_matrix-sampler">
        <input semantic="INPUT" source="#Bip01WHead_matrix-input"/>
        <input semantic="OUTPUT" source="#Bip01WHead_matrix-output"/>
        <input semantic="INTERPOLATION" source="#Bip01WHead_matrix-interpolation"/>
      </sampler>
      <sampler id="Dummy05_matrix-sampler">
        <input semantic="INPUT" source="#Dummy05_matrix-input"/>
        <input semantic="OUTPUT" source="#Dummy05_matrix-output"/>
        <input semantic="INTERPOLATION" source="#Dummy05_matrix-interpolation"/>
      </sampler>
      <sampler id="Bone13_matrix-sampler">
        <input semantic="INPUT" source="#Bone13_matrix-input"/>
        <input semantic="OUTPUT" source="#Bone13_matrix-output"/>
        <input semantic="INTERPOLATION" source="#Bone13_matrix-interpolation"/>
      </sampler>
      <sampler id="Bone14_matrix-sampler">
        <input semantic="INPUT" source="#Bone14_matrix-input"/>
        <input semantic="OUTPUT" source="#Bone14_matrix-output"/>
        <input semantic="INTERPOLATION" source="#Bone14_matrix-interpolation"/>
      </sampler>
      <sampler id="Bone15_matrix-sampler">
        <input semantic="INPUT" source="#Bone15_matrix-input"/>
        <input semantic="OUTPUT" source="#Bone15_matrix-output"/>
        <input semantic="INTERPOLATION" source="#Bone15_matrix-interpolation"/>
      </sampler>
      <sampler id="Bone16_matrix-sampler">
        <input semantic="INPUT" source="#Bone16_matrix-input"/>
        <input semantic="OUTPUT" source="#Bone16_matrix-output"/>
        <input semantic="INTERPOLATION" source="#Bone16_matrix-interpolation"/>
      </sampler>
      <sampler id="Bone17_matrix-sampler">
        <input semantic="INPUT" source="#Bone17_matrix-input"/>
        <input semantic="OUTPUT" source="#Bone17_matrix-output"/>
        <input semantic="INTERPOLATION" source="#Bone17_matrix-interpolation"/>
      </sampler>
      <sampler id="Dummy04_matrix-sampler">
        <input semantic="INPUT" source="#Dummy04_matrix-input"/>
        <input semantic="OUTPUT" source="#Dummy04_matrix-output"/>
        <input semantic="INTERPOLATION" source="#Dummy04_matrix-interpolation"/>
      </sampler>
      <sampler id="Bone07_matrix-sampler">
        <input semantic="INPUT" source="#Bone07_matrix-input"/>
        <input semantic="OUTPUT" source="#Bone07_matrix-output"/>
        <input semantic="INTERPOLATION" source="#Bone07_matrix-interpolation"/>
      </sampler>
      <sampler id="Bone08_matrix-sampler">
        <input semantic="INPUT" source="#Bone08_matrix-input"/>
        <input semantic="OUTPUT" source="#Bone08_matrix-output"/>
        <input semantic="INTERPOLATION" source="#Bone08_matrix-interpolation"/>
      </sampler>
      <sampler id="Bone09_matrix-sampler">
        <input semantic="INPUT" source="#Bone09_matrix-input"/>
        <input semantic="OUTPUT" source="#Bone09_matrix-output"/>
        <input semantic="INTERPOLATION" source="#Bone09_matrix-interpolation"/>
      </sampler>
      <sampler id="Bone10_matrix-sampler">
        <input semantic="INPUT" source="#Bone10_matrix-input"/>
        <input semantic="OUTPUT" source="#Bone10_matrix-output"/>
        <input semantic="INTERPOLATION" source="#Bone10_matrix-interpolation"/>
      </sampler>
      <sampler id="Bone11_matrix-sampler">
        <input semantic="INPUT" source="#Bone11_matrix-input"/>
        <input semantic="OUTPUT" source="#Bone11_matrix-output"/>
        <input semantic="INTERPOLATION" source="#Bone11_matrix-interpolation"/>
      </sampler>
      <sampler id="Dummy03_matrix-sampler">
        <input semantic="INPUT" source="#Dummy03_matrix-input"/>
        <input semantic="OUTPUT" source="#Dummy03_matrix-output"/>
        <input semantic="INTERPOLATION" source="#Dummy03_matrix-interpolation"/>
      </sampler>
      <sampler id="Bone01_matrix-sampler">
        <input semantic="INPUT" source="#Bone01_matrix-input"/>
        <input semantic="OUTPUT" source="#Bone01_matrix-output"/>
        <input semantic="INTERPOLATION" source="#Bone01_matrix-interpolation"/>
      </sampler>
      <sampler id="Bone02_matrix-sampler">
        <input semantic="INPUT" source="#Bone02_matrix-input"/>
        <input semantic="OUTPUT" source="#Bone02_matrix-output"/>
        <input semantic="INTERPOLATION" source="#Bone02_matrix-interpolation"/>
      </sampler>
      <sampler id="Bone03_matrix-sampler">
        <input semantic="INPUT" source="#Bone03_matrix-input"/>
        <input semantic="OUTPUT" source="#Bone03_matrix-output"/>
        <input semantic="INTERPOLATION" source="#Bone03_matrix-interpolation"/>
      </sampler>
      <sampler id="Bone04_matrix-sampler">
        <input semantic="INPUT" source="#Bone04_matrix-input"/>
        <input semantic="OUTPUT" source="#Bone04_matrix-output"/>
        <input semantic="INTERPOLATION" source="#Bone04_matrix-interpolation"/>
      </sampler>
      <sampler id="Bone05_matrix-sampler">
        <input semantic="INPUT" source="#Bone05_matrix-input"/>
        <input semantic="OUTPUT" source="#Bone05_matrix-output"/>
        <input semantic="INTERPOLATION" source="#Bone05_matrix-interpolation"/>
      </sampler>
      <sampler id="Dummy08_matrix-sampler">
        <input semantic="INPUT" source="#Dummy08_matrix-input"/>
        <input semantic="OUTPUT" source="#Dummy08_matrix-output"/>
        <input semantic="INTERPOLATION" source="#Dummy08_matrix-interpolation"/>
      </sampler>
      <sampler id="Bone25_matrix-sampler">
        <input semantic="INPUT" source="#Bone25_matrix-input"/>
        <input semantic="OUTPUT" source="#Bone25_matrix-output"/>
        <input semantic="INTERPOLATION" source="#Bone25_matrix-interpolation"/>
      </sampler>
      <sampler id="Bone26_matrix-sampler">
        <input semantic="INPUT" source="#Bone26_matrix-input"/>
        <input semantic="OUTPUT" source="#Bone26_matrix-output"/>
        <input semantic="INTERPOLATION" source="#Bone26_matrix-interpolation"/>
      </sampler>
      <sampler id="Bone27_matrix-sampler">
        <input semantic="INPUT" source="#Bone27_matrix-input"/>
        <input semantic="OUTPUT" source="#Bone27_matrix-output"/>
        <input semantic="INTERPOLATION" source="#Bone27_matrix-interpolation"/>
      </sampler>
      <sampler id="Bone28_matrix-sampler">
        <input semantic="INPUT" source="#Bone28_matrix-input"/>
        <input semantic="OUTPUT" source="#Bone28_matrix-output"/>
        <input semantic="INTERPOLATION" source="#Bone28_matrix-interpolation"/>
      </sampler>
      <sampler id="Bone29_matrix-sampler">
        <input semantic="INPUT" source="#Bone29_matrix-input"/>
        <input semantic="OUTPUT" source="#Bone29_matrix-output"/>
        <input semantic="INTERPOLATION" source="#Bone29_matrix-interpolation"/>
      </sampler>
      <sampler id="Bone30_matrix-sampler">
        <input semantic="INPUT" source="#Bone30_matrix-input"/>
        <input semantic="OUTPUT" source="#Bone30_matrix-output"/>
        <input semantic="INTERPOLATION" source="#Bone30_matrix-interpolation"/>
      </sampler>
      <sampler id="Bone33_matrix-sampler">
        <input semantic="INPUT" source="#Bone33_matrix-input"/>
        <input semantic="OUTPUT" source="#Bone33_matrix-output"/>
        <input semantic="INTERPOLATION" source="#Bone33_matrix-interpolation"/>
      </sampler>
      <sampler id="Bone34_matrix-sampler">
        <input semantic="INPUT" source="#Bone34_matrix-input"/>
        <input semantic="OUTPUT" source="#Bone34_matrix-output"/>
        <input semantic="INTERPOLATION" source="#Bone34_matrix-interpolation"/>
      </sampler>
      <sampler id="Bone37_matrix-sampler">
        <input semantic="INPUT" source="#Bone37_matrix-input"/>
        <input semantic="OUTPUT" source="#Bone37_matrix-output"/>
        <input semantic="INTERPOLATION" source="#Bone37_matrix-interpolation"/>
      </sampler>
      <sampler id="Bone38_matrix-sampler">
        <input semantic="INPUT" source="#Bone38_matrix-input"/>
        <input semantic="OUTPUT" source="#Bone38_matrix-output"/>
        <input semantic="INTERPOLATION" source="#Bone38_matrix-interpolation"/>
      </sampler>
      <sampler id="Bone39_matrix-sampler">
        <input semantic="INPUT" source="#Bone39_matrix-input"/>
        <input semantic="OUTPUT" source="#Bone39_matrix-output"/>
        <input semantic="INTERPOLATION" source="#Bone39_matrix-interpolation"/>
      </sampler>
      <channel source="#Bip01_matrix-sampler" target="Bip01/matrix"/>
      <channel source="#Bip01WPelvis_matrix-sampler" target="Bip01WPelvis/matrix"/>
      <channel source="#Bip01WLWLeg_matrix-sampler" target="Bip01WLWLeg/matrix"/>
      <channel source="#Bip01WLWLeg1_matrix-sampler" target="Bip01WLWLeg1/matrix"/>
      <channel source="#Bip01WRWLeg_matrix-sampler" target="Bip01WRWLeg/matrix"/>
      <channel source="#Bip01WRWLeg1_matrix-sampler" target="Bip01WRWLeg1/matrix"/>
      <channel source="#Bip01WSpine_matrix-sampler" target="Bip01WSpine/matrix"/>
      <channel source="#Bip01WSpine1_matrix-sampler" target="Bip01WSpine1/matrix"/>
      <channel source="#Bip01WSpine2_matrix-sampler" target="Bip01WSpine2/matrix"/>
      <channel source="#Bip01WNeck_matrix-sampler" target="Bip01WNeck/matrix"/>
      <channel source="#Bip01WLWArm_matrix-sampler" target="Bip01WLWArm/matrix"/>
      <channel source="#Bip01WLWArm1_matrix-sampler" target="Bip01WLWArm1/matrix"/>
      <channel source="#Bip01WLWArm2_matrix-sampler" target="Bip01WLWArm2/matrix"/>
      <channel source="#Bip01WLWHand_matrix-sampler" target="Bip01WLWHand/matrix"/>
      <channel source="#Bip01WLWFinger0_matrix-sampler" target="Bip01WLWFinger0/matrix"/>
      <channel source="#Bip01WLWFinger01_matrix-sampler" target="Bip01WLWFinger01/matrix"/>
      <channel source="#Bip01WLWFinger02_matrix-sampler" target="Bip01WLWFinger02/matrix"/>
      <channel source="#Bip01WLWFinger1_matrix-sampler" target="Bip01WLWFinger1/matrix"/>
      <channel source="#Bip01WLWFinger11_matrix-sampler" target="Bip01WLWFinger11/matrix"/>
      <channel source="#Bip01WLWFinger12_matrix-sampler" target="Bip01WLWFinger12/matrix"/>
      <channel source="#Bone42_matrix-sampler" target="Bone42/matrix"/>
      <channel source="#Bone43_matrix-sampler" target="Bone43/matrix"/>
      <channel source="#Bone44_matrix-sampler" target="Bone44/matrix"/>
      <channel source="#Bip01WRWArm_matrix-sampler" target="Bip01WRWArm/matrix"/>
      <channel source="#Bip01WRWArm1_matrix-sampler" target="Bip01WRWArm1/matrix"/>
      <channel source="#Bip01WRWArm2_matrix-sampler" target="Bip01WRWArm2/matrix"/>
      <channel source="#Bip01WRWHand_matrix-sampler" target="Bip01WRWHand/matrix"/>
      <channel source="#Bip01WRWFinger0_matrix-sampler" target="Bip01WRWFinger0/matrix"/>
      <channel source="#Bip01WRWFinger01_matrix-sampler" target="Bip01WRWFinger01/matrix"/>
      <channel source="#Bip01WRWFinger02_matrix-sampler" target="Bip01WRWFinger02/matrix"/>
      <channel source="#Bip01WRWFinger1_matrix-sampler" target="Bip01WRWFinger1/matrix"/>
      <channel source="#Bip01WRWFinger11_matrix-sampler" target="Bip01WRWFinger11/matrix"/>
      <channel source="#Bip01WRWFinger12_matrix-sampler" target="Bip01WRWFinger12/matrix"/>
      <channel source="#Bone48_matrix-sampler" target="Bone48/matrix"/>
      <channel source="#Bone49_matrix-sampler" target="Bone49/matrix"/>
      <channel source="#Bone50_matrix-sampler" target="Bone50/matrix"/>
      <channel source="#Bip01WHead_matrix-sampler" target="Bip01WHead/matrix"/>
      <channel source="#Dummy05_matrix-sampler" target="Dummy05/matrix"/>
      <channel source="#Bone13_matrix-sampler" target="Bone13/matrix"/>
      <channel source="#Bone14_matrix-sampler" target="Bone14/matrix"/>
      <channel source="#Bone15_matrix-sampler" target="Bone15/matrix"/>
      <channel source="#Bone16_matrix-sampler" target="Bone16/matrix"/>
      <channel source="#Bone17_matrix-sampler" target="Bone17/matrix"/>
      <channel source="#Dummy04_matrix-sampler" target="Dummy04/matrix"/>
      <channel source="#Bone07_matrix-sampler" target="Bone07/matrix"/>
      <channel source="#Bone08_matrix-sampler" target="Bone08/matrix"/>
      <channel source="#Bone09_matrix-sampler" target="Bone09/matrix"/>
      <channel source="#Bone10_matrix-sampler" target="Bone10/matrix"/>
      <channel source="#Bone11_matrix-sampler" target="Bone11/matrix"/>
      <channel source="#Dummy03_matrix-sampler" target="Dummy03/matrix"/>
      <channel source="#Bone01_matrix-sampler" target="Bone01/matrix"/>
      <channel source="#Bone02_matrix-sampler" target="Bone02/matrix"/>
      <channel source="#Bone03_matrix-sampler" target="Bone03/matrix"/>
      <channel source="#Bone04_matrix-sampler" target="Bone04/matrix"/>
      <channel source="#Bone05_matrix-sampler" target="Bone05/matrix"/>
      <channel source="#Dummy08_matrix-sampler" target="Dummy08/matrix"/>
      <channel source="#Bone25_matrix-sampler" target="Bone25/matrix"/>
      <channel source="#Bone26_matrix-sampler" target="Bone26/matrix"/>
      <channel source="#Bone27_matrix-sampler" target="Bone27/matrix"/>
      <channel source="#Bone28_matrix-sampler" target="Bone28/matrix"/>
      <channel source="#Bone29_matrix-sampler" target="Bone29/matrix"/>
      <channel source="#Bone30_matrix-sampler" target="Bone30/matrix"/>
      <channel source="#Bone33_matrix-sampler" target="Bone33/matrix"/>
      <channel source="#Bone34_matrix-sampler" target="Bone34/matrix"/>
      <channel source="#Bone37_matrix-sampler" target="Bone37/matrix"/>
      <channel source="#Bone38_matrix-sampler" target="Bone38/matrix"/>
      <channel source="#Bone39_matrix-sampler" target="Bone39/matrix"/>
    </animation>
  </library_animations>
  <scene>
    <instance_visual_scene url="#Scene" />
  </scene>
</COLLADA>
