<?xml version="1.0" encoding="UTF-8" standalone="no" ?>
<COLLADA xmlns="http://www.collada.org/2005/11/COLLADASchema" version="1.4.1">
  <asset>
    <contributor>
      <author>Assimp</author>
      <authoring_tool>Assimp Exporter</authoring_tool>
    </contributor>
    <created>2025-07-05T21:14:31</created>
    <modified>2025-07-05T21:14:31</modified>
    <unit name="meter" meter="1" />
    <up_axis>Y_UP</up_axis>
  </asset>
  <library_effects>
    <effect id="SkeletonMaterial-fx" name="SkeletonMaterial">
      <profile_COMMON>
        <technique sid="standard">
          <phong>
          </phong>
        </technique>
      </profile_COMMON>
    </effect>
  </library_effects>
  <library_materials>
    <material id="SkeletonMaterial" name="SkeletonMaterial">
      <instance_effect url="#SkeletonMaterial-fx"/>
    </material>
  </library_materials>
  <library_geometries>
    <geometry id="mesh_0" name="" >
      <mesh>
        <source id="mesh_0-positions" name="mesh_0-positions">
          <float_array id="mesh_0-positions-array" count="3384"> 2.09839106 21.0340023 -335.593475 2.09704685 3.28626823 -339.2948 0.294388652 20.491951 -333.872925 0.294388652 20.491951 -333.872925 2.09704685 3.28626823 -339.2948 2.09830904 19.949625 -332.152374 2.09830904 19.949625 -332.152374 2.09704685 3.28626823 -339.2948 3.90231133 20.4916763 -333.872925 3.90231133 20.4916763 -333.872925 2.09704685 3.28626823 -339.2948 2.09839106 21.0340023 -335.593475 38.5321693 -333.872925 -2.14068675 25.7912617 -293.442566 2.09747267 42.5748901 -332.598877 2.09864855 42.5748901 -332.598877 2.09864855 25.7912617 -293.442566 2.09747267 38.5315361 -333.872925 6.33737373 38.5315361 -333.872925 6.33737373 25.7912617 -293.442566 2.09747267 34.4888153 -335.146973 2.09803867 34.4888153 -335.146973 2.09803867 25.7912617 -293.442566 2.09747267 38.5321693 -333.872925 -2.14068675 38.5315323 -333.872925 6.33737373 51.2724457 -374.303284 2.09927464 42.5748901 -332.598877 2.09864855 42.5748901 -332.598877 2.09864855 51.2724457 -374.303284 2.09927464 38.5321732 -333.872925 -2.14068675 38.5321732 -333.872925 -2.14068675 51.2724457 -374.303284 2.09927464 34.4888153 -335.146973 2.09803867 34.4888153 -335.146973 2.09803867 51.2724457 -374.303284 2.09927464 38.5315323 -333.872925 6.33737373 40.1774902 -339.095123 2.09846783 -13.6899872 -350.329285 2.0368197 38.5377579 -333.871185 -3.37699437 38.5377579 -333.871185 -3.37699437 -13.6899872 -350.329285 2.0368197 36.8862152 -328.650726 2.09821939 36.8862152 -328.650726 2.09821939 -13.6899872 -350.329285 2.0368197 38.5259476 -333.874664 7.57368183 38.5259476 -333.874664 7.57368183 -13.6899872 -350.329285 2.0368197 40.1774902 -339.095123 2.09846783 -161.364105 -228.089661 -172.112625 -28.359108 -254.40712 -266.360474 -146.934326 -230.202896 -154.023163 -146.934326 -230.202896 -154.023163 -28.359108 -254.40712 -266.360474 -141.593445 -207.647491 -155.648575 -141.593445 -207.647491 -155.648575 -28.359108 -254.40712 -266.360474 -156.023224 -205.534256 -173.738037 -156.023224 -205.534256 -173.738037 -28.359108 -254.40712 -266.360474 -161.364105 -228.089661 -172.112625 -100.700745 67.5859909 -145.434189 -80.6197968 61.5548706 -181.623962 -121.462822 53.0340347 -178.698196 -80.6197968 61.5548706 -181.623962 -93.8059082 21.8692322 -182.32695 -121.462822 53.0340347 -178.698196 -93.8059082 21.8692322 -182.32695 -113.886856 27.9003506 -146.137177 -121.462822 53.0340347 -178.698196 -113.886856 27.9003506 -146.137177 -100.700745 67.5859909 -145.434189 -121.462822 53.0340347 -178.698196 -100.700745 67.5859909 -145.434189 -73.0438309 36.4211884 -149.062943 -80.6197968 61.5548706 -181.623962 -80.6197968 61.5548706 -181.623962 -73.0438309 36.4211884 -149.062943 -93.8059082 21.8692322 -182.32695 -93.8059082 21.8692322 -182.32695 -73.0438309 36.4211884 -149.062943 -113.886856 27.9003506 -146.137177 -113.886856 27.9003506 -146.137177 -73.0438309 36.4211884 -149.062943 -100.700745 67.5859909 -145.434189 -154.466537 -228.37468 176.835266 -18.7259979 -254.244064 267.228088 -148.995026 -205.825211 178.058716 -148.995026 -205.825211 178.058716 -18.7259979 -254.244064 267.228088 -135.13588 -208.18428 159.558136 -135.13588 -208.18428 159.558136 -18.7259979 -254.244064 267.228088 -140.607391 -230.733749 158.334686 -140.607391 -230.733749 158.334686 -18.7259979 -254.244064 267.228088 -154.466537 -228.37468 176.835266 -96.150177 71.2748413 150.371078 -110.906219 32.1395531 150.445099 -116.758591 56.7588005 183.746155 -110.906219 32.1395531 150.445099 -90.3078308 24.4401779 186.022385 -116.758591 56.7588005 183.746155 -90.3078308 24.4401779 186.022385 -75.5517883 63.5754662 185.948364 -116.758591 56.7588005 183.746155 -75.5517883 63.5754662 185.948364 -96.150177 71.2748413 150.371078 -116.758591 56.7588005 183.746155 -96.150177 71.2748413 150.371078 -69.6994171 38.9562187 152.647308 -110.906219 32.1395531 150.445099 -110.906219 32.1395531 150.445099 -69.6994171 38.9562187 152.647308 -90.3078308 24.4401779 186.022385 -90.3078308 24.4401779 186.022385 -69.6994171 38.9562187 152.647308 -75.5517883 63.5754662 185.948364 -75.5517883 63.5754662 185.948364 -69.6994171 38.9562187 152.647308 -96.150177 71.2748413 150.371078 113.540085 -338.292084 2.10033035 42.1706543 -357.181824 2.01445198 110.971275 -331.410004 -5.24592972 110.971275 -331.410004 -5.24592972 42.1706543 -357.181824 2.01445198 108.386276 -324.533539 2.09992266 108.386276 -324.533539 2.09992266 42.1706543 -357.181824 2.01445198 110.955086 -331.415619 9.44618225 110.955086 -331.415619 9.44618225 42.1706543 -357.181824 2.01445198 113.540085 -338.292084 2.10033035 117.767159 -357.043152 2.09995437 15.3078308 -363.007111 2.03635335 116.16851 -346.95697 -8.11265755 116.16851 -346.95697 -8.11265755 15.3078308 -363.007111 2.03635335 114.557274 -336.872253 2.09941411 114.557274 -336.872253 2.09941411 15.3078308 -363.007111 2.03635335 116.155922 -346.958435 12.312027 116.155922 -346.958435 12.312027 15.3078308 -363.007111 2.03635335 117.767159 -357.043152 2.09995437 114.741577 -338.030579 2.38914061 68.8596344 -356.963562 78.5321121 123.738632 -345.908508 6.92593956 123.738632 -345.908508 6.92593956 68.8596344 -356.963562 78.5321121 117.582855 -355.884827 1.81022799 117.582855 -355.884827 1.81022799 68.8596344 -356.963562 78.5321121 108.5858 -348.006897 -2.72657108 108.5858 -348.006897 -2.72657108 68.8596344 -356.963562 78.5321121 114.741577 -338.030579 2.38914061 146.514633 -370.330536 2.0998733 75.5424805 -360.150574 2.09032798 146.820786 -363.203003 -5.034585 146.820786 -363.203003 -5.034585 75.5424805 -360.150574 2.09032798 147.125076 -356.075043 2.09949565 147.125076 -356.075043 2.09949565 75.5424805 -360.150574 2.09032798 146.818924 -363.202576 9.23395443 146.818924 -363.202576 9.23395443 75.5424805 -360.150574 2.09032798 146.514633 -370.330536 2.0998733 454.821198 -80.1054459 -2.43542242 418.248077 -53.278862 2.10664463 457.504211 -76.4487457 2.10067129 457.504211 -76.4487457 2.10067129 418.248077 -53.278862 2.10664463 454.821808 -80.1067276 6.63610411 454.821808 -80.1067276 6.63610411 418.248077 -53.278862 2.10664463 452.138794 -83.7634277 2.1000104 452.138794 -83.7634277 2.1000104 418.248077 -53.278862 2.10664463 454.821198 -80.1054459 -2.43542242 454.820587 -80.1058197 6.63610411 491.394836 -106.933434 2.10938215 457.504242 -76.4487534 2.10067129 457.504242 -76.4487534 2.10067129 491.394836 -106.933434 2.10938215 454.822418 -80.1063538 -2.43542242 454.822418 -80.1063538 -2.43542242 491.394836 -106.933434 2.10938215 452.138763 -83.7634201 2.1000104 452.138763 -83.7634201 2.1000104 491.394836 -106.933434 2.10938215 454.820587 -80.1058197 6.63610411 455.601898 -80.6785126 2.10036731 449.097229 -87.9099503 2.09962082 454.821564 -80.106041 1.13251972 454.821564 -80.106041 1.13251972 449.097229 -87.9099503 2.09962082 454.041107 -79.5336609 2.10031438 454.041107 -79.5336609 2.10031438 449.097229 -87.9099503 2.09962082 454.821442 -80.1061325 3.06816196 454.821442 -80.1061325 3.06816196 449.097229 -87.9099503 2.09962082 455.601898 -80.6785126 2.10036731 -90.2350845 99.8354797 497.181549 -0.682998657 134.498001 448.987976 -97.4288254 104.304222 484.65683 -97.4288254 104.304222 484.65683 -0.682998657 134.498001 448.987976 -94.4657822 90.960968 478.194183 -94.4657822 90.960968 478.194183 -0.682998657 134.498001 448.987976 -87.2720413 86.4922256 490.718903 -87.2720413 86.4922256 490.718903 -0.682998657 134.498001 448.987976 -90.2350845 99.8354797 497.181549 176.127106 -463.605133 234.039062 337.412323 -344.918457 186.706757 163.481369 -439.228027 243.218018 163.481369 -439.228027 243.218018 337.412323 -344.918457 186.706757 154.247345 -433.882599 216.300171 154.247345 -433.882599 216.300171 337.412323 -344.918457 186.706757 166.893082 -458.259705 207.121216 166.893082 -458.259705 207.121216 337.412323 -344.918457 186.706757 176.127106 -463.605133 234.039062 -248.681458 -212.694595 236.482849 -82.7268677 -406.858704 176.109161 -218.843735 -194.345093 248.190857 -218.843735 -194.345093 248.190857 -82.7268677 -406.858704 176.109161 -212.900482 -182.101974 213.856384 -212.900482 -182.101974 213.856384 -82.7268677 -406.858704 176.109161 -242.738205 -200.451477 202.148376 -242.738205 -200.451477 202.148376 -82.7268677 -406.858704 176.109161 -248.681458 -212.694595 236.482849 -105.876648 64.1780014 -75.9784393 -103.457901 156.592255 -54.3670731 -109.681595 68.0945663 -88.1712265 -109.681595 68.0945663 -88.1712265 -103.457901 156.592255 -54.3670731 -96.8785858 69.5501175 -91.6990356 -96.8785858 69.5501175 -91.6990356 -103.457901 156.592255 -54.3670731 -93.0736389 65.6335526 -79.5062485 -93.0736389 65.6335526 -79.5062485 -103.457901 156.592255 -54.3670731 -105.876648 64.1780014 -75.9784393 -107.042198 70.4834671 -90.7088776 -73.0513382 155.673935 -60.4065399 -94.1474609 66.2203522 -90.1392822 -94.1474609 66.2203522 -90.1392822 -73.0513382 155.673935 -60.4065399 -95.7130356 63.2446518 -76.9685974 -95.7130356 63.2446518 -76.9685974 -73.0513382 155.673935 -60.4065399 -108.607773 67.5077667 -77.5381927 -108.607773 67.5077667 -77.5381927 -73.0513382 155.673935 -60.4065399 -107.042198 70.4834671 -90.7088776 -99.4265213 65.8493195 -82.0278015 -112.001968 83.3337555 -63.1634483 -103.160988 64.7727127 -83.0892105 -103.160988 64.7727127 -83.0892105 -112.001968 83.3337555 -63.1634483 -103.328712 67.8787994 -85.6496735 -103.328712 67.8787994 -85.6496735 -112.001968 83.3337555 -63.1634483 -99.5942459 68.9554062 -84.5882645 -99.5942459 68.9554062 -84.5882645 -112.001968 83.3337555 -63.1634483 -99.4265213 65.8493195 -82.0278015 -31.6672478 59.8148689 -71.5612259 -13.6110544 116.874535 -50.7300186 -26.323391 61.3647308 -78.5298233 -26.323391 61.3647308 -78.5298233 -13.6110544 116.874535 -50.7300186 -19.3862648 58.1825981 -73.9178238 -19.3862648 58.1825981 -73.9178238 -13.6110544 116.874535 -50.7300186 -24.7301216 56.6327362 -66.9492264 -24.7301216 56.6327362 -66.9492264 -13.6110544 116.874535 -50.7300186 -31.6672478 59.8148689 -71.5612259 -3.35414195 11.6367264 -71.6463318 -35.1324615 57.1664848 -52.3205338 -1.47461224 16.4443474 -78.1113052 -1.47461224 16.4443474 -78.1113052 -35.1324615 57.1664848 -52.3205338 4.78688145 19.7501278 -73.8326111 4.78688145 19.7501278 -73.8326111 -35.1324615 57.1664848 -52.3205338 2.90735197 14.9425077 -67.3676376 2.90735197 14.9425077 -67.3676376 -35.1324615 57.1664848 -52.3205338 -3.35414195 11.6367264 -71.6463318 56.9024963 10.7959709 -76.4149246 50.6251755 12.8612518 -63.0702286 47.8247223 0.427698135 -70.7718735 50.6251755 12.8612518 -63.0702286 37.1678467 10.6876087 -69.0641251 47.8247223 0.427698135 -70.7718735 37.1678467 10.6876087 -69.0641251 43.4451675 8.6223278 -82.4088211 47.8247223 0.427698135 -70.7718735 43.4451675 8.6223278 -82.4088211 56.9024963 10.7959709 -76.4149246 47.8247223 0.427698135 -70.7718735 56.9024963 10.7959709 -76.4149246 46.2456207 21.0558815 -74.7071762 50.6251755 12.8612518 -63.0702286 50.6251755 12.8612518 -63.0702286 46.2456207 21.0558815 -74.7071762 37.1678467 10.6876087 -69.0641251 37.1678467 10.6876087 -69.0641251 46.2456207 21.0558815 -74.7071762 43.4451675 8.6223278 -82.4088211 43.4451675 8.6223278 -82.4088211 46.2456207 21.0558815 -74.7071762 56.9024963 10.7959709 -76.4149246 23.9081879 33.6872787 -109.957466 17.5006065 82.1081314 -90.1149216 30.7234497 35.9303932 -111.843605 30.7234497 35.9303932 -111.843605 17.5006065 82.1081314 -90.1149216 33.2023544 34.0651855 -105.104698 33.2023544 34.0651855 -105.104698 17.5006065 82.1081314 -90.1149216 26.3870926 31.8220711 -103.218559 26.3870926 31.8220711 -103.218559 17.5006065 82.1081314 -90.1149216 23.9081879 33.6872787 -109.957466 52.6326027 41.5106506 -109.785851 21.6654015 74.6954269 -91.3462982 56.5799065 46.8842506 -111.538628 56.5799065 46.8842506 -111.538628 21.6654015 74.6954269 -91.3462982 59.4618492 46.8099442 -105.276207 59.4618492 46.8099442 -105.276207 21.6654015 74.6954269 -91.3462982 55.5145454 41.4363441 -103.52343 55.5145454 41.4363441 -103.52343 21.6654015 74.6954269 -91.3462982 52.6326027 41.5106506 -109.785851 106.994598 44.4480934 -110.444336 99.8230896 44.3538551 -100.317413 94.6466446 43.9900436 -111.589767 99.8230896 44.3538551 -100.317413 93.6210022 54.2044563 -104.617844 94.6466446 43.9900436 -111.589767 93.6210022 54.2044563 -104.617844 100.792511 54.2986946 -114.744766 94.6466446 43.9900436 -111.589767 100.792511 54.2986946 -114.744766 106.994598 44.4480934 -110.444336 94.6466446 43.9900436 -111.589767 106.994598 44.4480934 -110.444336 105.968956 54.6625061 -103.472412 99.8230896 44.3538551 -100.317413 99.8230896 44.3538551 -100.317413 105.968956 54.6625061 -103.472412 93.6210022 54.2044563 -104.617844 93.6210022 54.2044563 -104.617844 105.968956 54.6625061 -103.472412 100.792511 54.2986946 -114.744766 100.792511 54.2986946 -114.744766 105.968956 54.6625061 -103.472412 106.994598 44.4480934 -110.444336 -73.1285553 125.017006 -14.1605024 -63.5793533 127.66629 2.38631439 -74.7945862 126.974754 -13.2898903 -74.7945862 126.974754 -13.2898903 -63.5793533 127.66629 2.38631439 -73.1313171 128.8517 -14.3276873 -73.1313171 128.8517 -14.3276873 -63.5793533 127.66629 2.38631439 -71.4652863 126.893944 -15.1982994 -71.4652863 126.893944 -15.1982994 -63.5793533 127.66629 2.38631439 -73.1285553 125.017006 -14.1605024 -91.488327 128.233231 -14.0233202 -60.4514046 133.831146 19.7674122 -94.7961731 133.0439 -11.1560135 -94.7961731 133.0439 -11.1560135 -60.4514046 133.831146 19.7674122 -91.3013153 137.419174 -14.4648886 -91.3013153 137.419174 -14.4648886 -60.4514046 133.831146 19.7674122 -87.9934692 132.608505 -17.3321953 -87.9934692 132.608505 -17.3321953 -60.4514046 133.831146 19.7674122 -91.488327 128.233231 -14.0233202 -129.377502 156.397156 -5.65330696 -122.995125 155.974258 -15.459281 -131.099838 164.313919 -14.1048851 -122.995125 155.974258 -15.459281 -132.810211 155.689178 -21.8352909 -131.099838 164.313919 -14.1048851 -132.810211 155.689178 -21.8352909 -139.192581 156.112076 -12.0293169 -131.099838 164.313919 -14.1048851 -139.192581 156.112076 -12.0293169 -129.377502 156.397156 -5.65330696 -131.099838 164.313919 -14.1048851 -129.377502 156.397156 -5.65330696 -131.087875 147.772415 -13.3837128 -122.995125 155.974258 -15.459281 -122.995125 155.974258 -15.459281 -131.087875 147.772415 -13.3837128 -132.810211 155.689178 -21.8352909 -132.810211 155.689178 -21.8352909 -131.087875 147.772415 -13.3837128 -139.192581 156.112076 -12.0293169 -139.192581 156.112076 -12.0293169 -131.087875 147.772415 -13.3837128 -129.377502 156.397156 -5.65330696 -101.635651 120.099709 -489.768433 -10.6138382 152.149994 -442.529724 -98.6644897 106.507294 -483.851807 -98.6644897 106.507294 -483.851807 -10.6138382 152.149994 -442.529724 -105.514603 110.599876 -471.009888 -105.514603 110.599876 -471.009888 -10.6138382 152.149994 -442.529724 -108.485764 124.192291 -476.926514 -108.485764 124.192291 -476.926514 -10.6138382 152.149994 -442.529724 -101.635651 120.099709 -489.768433 166.593323 -452.886353 -255.235641 329.911011 -337.272614 -207.271255 158.054474 -448.533813 -227.912476 158.054474 -448.533813 -227.912476 329.911011 -337.272614 -207.271255 145.384735 -423.728455 -235.82338 145.384735 -423.728455 -235.82338 329.911011 -337.272614 -207.271255 153.923584 -428.080994 -263.146545 153.923584 -428.080994 -263.146545 329.911011 -337.272614 -207.271255 166.593323 -452.886353 -255.235641 -231.34642 -217.53186 -257.909943 -62.3902435 -408.833832 -196.730011 -226.994568 -206.107803 -223.058472 -226.994568 -206.107803 -223.058472 -62.3902435 -408.833832 -196.730011 -197.269974 -186.647583 -233.149063 -197.269974 -186.647583 -233.149063 -62.3902435 -408.833832 -196.730011 -201.621826 -198.07164 -268.000519 -201.621826 -198.07164 -268.000519 -62.3902435 -408.833832 -196.730011 -231.34642 -217.53186 -257.909943 -103.024712 90.5082779 95.7094116 -68.9421463 168.939819 58.3628922 -90.4960251 87.0840912 97.6434326 -90.4960251 87.0840912 97.6434326 -68.9421463 168.939819 58.3628922 -90.4743423 93.6020126 109.042984 -90.4743423 93.6020126 109.042984 -68.9421463 168.939819 58.3628922 -103.003029 97.0261993 107.108963 -103.003029 97.0261993 107.108963 -68.9421463 168.939819 58.3628922 -103.024712 90.5082779 95.7094116 -101.612396 95.7312469 109.476433 -98.4953079 174.650635 58.4172287 -104.743065 89.6383972 98.1527786 -104.743065 89.6383972 98.1527786 -98.4953079 174.650635 58.4172287 -91.8866577 88.3790436 95.2759628 -91.8866577 88.3790436 95.2759628 -98.4953079 174.650635 58.4172287 -88.7559891 94.4718933 106.599617 -88.7559891 94.4718933 106.599617 -98.4953079 174.650635 58.4172287 -101.612396 95.7312469 109.476433 -95.5132828 91.0612259 100.421768 -77.3053894 107.394165 106.87468 -95.7361526 90.3244705 103.897316 -95.7361526 90.3244705 103.897316 -77.3053894 107.394165 106.87468 -97.9857712 93.0490646 104.330627 -97.9857712 93.0490646 104.330627 -77.3053894 107.394165 106.87468 -97.7629013 93.78582 100.85508 -97.7629013 93.78582 100.85508 -77.3053894 107.394165 106.87468 -95.5132828 91.0612259 100.421768 -34.3324471 82.7714005 88.8886566 -12.6628113 139.355682 70.3304291 -27.6512089 79.3390656 84.0823822 -27.6512089 79.3390656 84.0823822 -12.6628113 139.355682 70.3304291 -22.1721153 80.2322769 91.0610504 -22.1721153 80.2322769 91.0610504 -12.6628113 139.355682 70.3304291 -28.8533535 83.6646118 95.8673248 -28.8533535 83.6646118 95.8673248 -12.6628113 139.355682 70.3304291 -34.3324471 82.7714005 88.8886566 -25.6837463 10.488265 88.9671478 -61.8272896 53.5408821 71.7500458 -19.8915768 14.3626099 84.5082169 -19.8915768 14.3626099 84.5082169 -61.8272896 53.5408821 71.7500458 -18.1493759 19.2092247 90.9825439 -18.1493759 19.2092247 90.9825439 -61.8272896 53.5408821 71.7500458 -23.9415455 15.3348789 95.4414749 -23.9415455 15.3348789 95.4414749 -61.8272896 53.5408821 71.7500458 -25.6837463 10.488265 88.9671478 42.3831711 -4.41621542 93.2552948 29.1310463 -6.17857361 99.8147736 32.8581619 -14.6667576 88.1609802 29.1310463 -6.17857361 99.8147736 22.3729706 -4.19483137 86.6943817 32.8581619 -14.6667576 88.1609802 22.3729706 -4.19483137 86.6943817 35.6250954 -2.43247342 80.134903 32.8581619 -14.6667576 88.1609802 35.6250954 -2.43247342 80.134903 42.3831711 -4.41621542 93.2552948 32.8581619 -14.6667576 88.1609802 42.3831711 -4.41621542 93.2552948 31.8979778 6.05571032 91.7886963 29.1310463 -6.17857361 99.8147736 29.1310463 -6.17857361 99.8147736 31.8979778 6.05571032 91.7886963 22.3729706 -4.19483137 86.6943817 22.3729706 -4.19483137 86.6943817 31.8979778 6.05571032 91.7886963 35.6250954 -2.43247342 80.134903 35.6250954 -2.43247342 80.134903 31.8979778 6.05571032 91.7886963 42.3831711 -4.41621542 93.2552948 26.0612602 60.700531 126.188057 22.4128838 109.371887 106.25943 28.3420906 58.6687241 119.427399 28.3420906 58.6687241 119.427399 22.4128838 109.371887 106.25943 35.3039093 60.4931488 121.227791 35.3039093 60.4931488 121.227791 22.4128838 109.371887 106.25943 33.0230789 62.5249557 127.988449 33.0230789 62.5249557 127.988449 22.4128838 109.371887 106.25943 26.0612602 60.700531 126.188057 43.5878258 65.9886398 125.454033 23.2597599 93.6917572 111.424149 45.7074547 65.6258926 120.694473 45.7074547 65.6258926 120.694473 23.2597599 93.6917572 111.424149 49.1843071 69.3113785 121.961967 49.1843071 69.3113785 121.961967 23.2597599 93.6917572 111.424149 47.0646782 69.6741257 126.721527 47.0646782 69.6741257 126.721527 23.2597599 93.6917572 111.424149 43.5878258 65.9886398 125.454033 85.8150024 64.2635117 125.919052 82.6567917 72.5146332 129.132309 76.5741806 65.7192841 126.850815 82.6567917 72.5146332 129.132309 77.2470856 73.4175034 121.496857 76.5741806 65.7192841 126.850815 77.2470856 73.4175034 121.496857 80.4052963 65.1663818 118.2836 76.5741806 65.7192841 126.850815 80.4052963 65.1663818 118.2836 85.8150024 64.2635117 125.919052 76.5741806 65.7192841 126.850815 85.8150024 64.2635117 125.919052 86.4879074 71.961731 120.565094 82.6567917 72.5146332 129.132309 82.6567917 72.5146332 129.132309 86.4879074 71.961731 120.565094 77.2470856 73.4175034 121.496857 77.2470856 73.4175034 121.496857 86.4879074 71.961731 120.565094 80.4052963 65.1663818 118.2836 80.4052963 65.1663818 118.2836 86.4879074 71.961731 120.565094 85.8150024 64.2635117 125.919052 -47.929348 -68.4549561 147.22316 -59.9213982 -62.5077972 151.355621 -47.5848122 -68.7649231 149.139267 -47.5848122 -68.7649231 149.139267 -59.9213982 -62.5077972 151.355621 -48.6106987 -70.4460297 149.051773 -48.6106987 -70.4460297 149.051773 -59.9213982 -62.5077972 151.355621 -48.9552345 -70.1360626 147.135666 -48.9552345 -70.1360626 147.135666 -59.9213982 -62.5077972 151.355621 -47.929348 -68.4549561 147.22316 -34.277256 -62.1205788 147.18689 -69.7408447 -36.6512375 163.886765 -32.3553467 -62.7023354 153.451065 -32.3553467 -62.7023354 153.451065 -69.7408447 -36.6512375 163.886765 -36.3385277 -67.884758 154.191864 -36.3385277 -67.884758 154.191864 -69.7408447 -36.6512375 163.886765 -38.260437 -67.303009 147.927689 -38.260437 -67.303009 147.927689 -69.7408447 -36.6512375 163.886765 -34.277256 -62.1205788 147.18689 13.0478172 -49.040844 165.281448 5.09452343 -45.0019531 173.068237 2.62808275 -54.5334854 166.490387 5.09452343 -45.0019531 173.068237 -2.99519682 -44.3151588 164.449295 2.62808275 -54.5334854 166.490387 -2.99519682 -44.3151588 164.449295 4.95809746 -48.3540497 156.662506 2.62808275 -54.5334854 166.490387 4.95809746 -48.3540497 156.662506 13.0478172 -49.040844 165.281448 2.62808275 -54.5334854 166.490387 13.0478172 -49.040844 165.281448 7.42453814 -38.8225174 163.240356 5.09452343 -45.0019531 173.068237 5.09452343 -45.0019531 173.068237 7.42453814 -38.8225174 163.240356 -2.99519682 -44.3151588 164.449295 -2.99519682 -44.3151588 164.449295 7.42453814 -38.8225174 163.240356 4.95809746 -48.3540497 156.662506 4.95809746 -48.3540497 156.662506 7.42453814 -38.8225174 163.240356 13.0478172 -49.040844 165.281448 463.737335 -159.833923 -15.968606 268.03772 -81.0501328 -205.688812 463.533539 -121.705788 -4.12618732 463.533539 -121.705788 -4.12618732 268.03772 -81.0501328 -205.688812 432.803741 -129.416107 20.1692886 432.803741 -129.416107 20.1692886 268.03772 -81.0501328 -205.688812 433.007538 -167.54425 8.32686996 433.007538 -167.54425 8.32686996 268.03772 -81.0501328 -205.688812 463.737335 -159.833923 -15.968606 463.847717 -159.946381 22.372076 529.572266 -339.850586 -207.924911 472.345154 -128.118622 -3.92351842 472.345154 -128.118622 -3.92351842 529.572266 -339.850586 -207.924911 432.693359 -129.30365 -18.1713924 432.693359 -129.30365 -18.1713924 529.572266 -339.850586 -207.924911 424.195923 -161.131409 8.12420082 424.195923 -161.131409 8.12420082 529.572266 -339.850586 -207.924911 463.847717 -159.946381 22.372076 425.181854 -121.919075 7.26107407 232.413925 -380.593323 74.5774689 457.002777 -142.919006 33.6616859 457.002777 -142.919006 33.6616859 232.413925 -380.593323 74.5774689 471.359222 -167.330963 -3.06039166 471.359222 -167.330963 -3.06039166 232.413925 -380.593323 74.5774689 439.5383 -146.331024 -29.4610023 439.5383 -146.331024 -29.4610023 232.413925 -380.593323 74.5774689 425.181854 -121.919075 7.26107407 -278.509949 -400.726959 -62.9358253 -275.592926 -396.833282 -63.7667656 -277.922455 -401.093018 -62.8790207 -277.922455 -401.093018 -62.8790207 -275.592926 -396.833282 -63.7667656 -277.879517 -400.919952 -62.2077599 -277.879517 -400.919952 -62.2077599 -275.592926 -396.833282 -63.7667656 -278.46701 -400.553894 -62.2645645 -278.46701 -400.553894 -62.2645645 -275.592926 -396.833282 -63.7667656 -278.509949 -400.726959 -62.9358253 -40.6519203 -455.489227 172.149918 70.5216522 -495.751099 210.544006 -47.1496811 -469.656219 180.093979 -47.1496811 -469.656219 180.093979 70.5216522 -495.751099 210.544006 -47.8136711 -460.875519 195.209915 -47.8136711 -460.875519 195.209915 70.5216522 -495.751099 210.544006 -41.3159103 -446.708527 187.265854 -41.3159103 -446.708527 187.265854 70.5216522 -495.751099 210.544006 -40.6519203 -455.489227 172.149918 398.630035 -138.023117 172.539551 443.878082 -24.8513031 226.688263 411.869598 -146.617874 182.691833 411.869598 -146.617874 182.691833 443.878082 -24.8513031 226.688263 400.14975 -147.37999 197.330444 400.14975 -147.37999 197.330444 443.878082 -24.8513031 226.688263 386.910187 -138.785233 187.178162 386.910187 -138.785233 187.178162 443.878082 -24.8513031 226.688263 398.630035 -138.023117 172.539551 503.720306 102.584755 183.41098 482.899475 134.544891 204.486557 507.895905 102.941032 187.888031 507.895905 102.941032 187.888031 482.899475 134.544891 204.486557 504.556915 99.0989151 191.307953 504.556915 99.0989151 191.307953 482.899475 134.544891 204.486557 500.381317 98.7426376 186.830902 500.381317 98.7426376 186.830902 482.899475 134.544891 204.486557 503.720306 102.584755 183.41098 406.418457 375.849396 179.826904 349.687897 391.515961 209.075882 410.476868 380.763794 186.528305 410.476868 380.763794 186.528305 349.687897 391.515961 209.075882 410.481873 373.304535 191.995483 410.481873 373.304535 191.995483 349.687897 391.515961 209.075882 406.423462 368.390137 185.294083 406.423462 368.390137 185.294083 349.687897 391.515961 209.075882 406.418457 375.849396 179.826904 483.349518 388.521515 182.090256 473.447174 400.568115 187.91626 475.884583 386.74292 196.8629 473.447174 400.568115 187.91626 461.10556 389.545074 189.732132 475.884583 386.74292 196.8629 461.10556 389.545074 189.732132 471.007904 377.498474 183.906128 475.884583 386.74292 196.8629 471.007904 377.498474 183.906128 483.349518 388.521515 182.090256 475.884583 386.74292 196.8629 483.349518 388.521515 182.090256 468.570496 391.323669 174.959488 473.447174 400.568115 187.91626 473.447174 400.568115 187.91626 468.570496 391.323669 174.959488 461.10556 389.545074 189.732132 461.10556 389.545074 189.732132 468.570496 391.323669 174.959488 471.007904 377.498474 183.906128 471.007904 377.498474 183.906128 468.570496 391.323669 174.959488 483.349518 388.521515 182.090256 148.925598 87.5133438 164.363449 148.098038 87.0994186 166.271957 149.101166 87.2768402 164.411636 149.101166 87.2768402 164.411636 148.098038 87.0994186 166.271957 148.888641 87.0971146 164.303848 148.888641 87.0971146 164.303848 148.098038 87.0994186 166.271957 148.713074 87.3336182 164.255661 148.713074 87.3336182 164.255661 148.098038 87.0994186 166.271957 148.925598 87.5133438 164.363449 -166.533569 5.60124779 -162.814438 -274.911377 49.2006989 -108.638466 -174.459396 9.36548424 -178.668839 -174.459396 9.36548424 -178.668839 -274.911377 49.2006989 -108.638466 -168.546692 26.4586048 -177.56633 -168.546692 26.4586048 -177.56633 -274.911377 49.2006989 -108.638466 -160.620865 22.6943684 -161.711929 -160.620865 22.6943684 -161.711929 -274.911377 49.2006989 -108.638466 -166.533569 5.60124779 -162.814438 -138.76239 242.912888 -163.38681 -222.882782 326.451141 -159.703705 -138.078659 245.991394 -179.777008 -138.078659 245.991394 -179.777008 -222.882782 326.451141 -159.703705 -127.279907 258.410126 -176.993958 -127.279907 258.410126 -176.993958 -222.882782 326.451141 -159.703705 -127.963631 255.331604 -160.60376 -127.963631 255.331604 -160.60376 -222.882782 326.451141 -159.703705 -138.76239 242.912888 -163.38681 -35.7907753 371.830902 -166.825516 -60.2056503 422.316254 -189.720856 -33.4800262 370.03714 -174.831604 -33.4800262 370.03714 -174.831604 -60.2056503 422.316254 -189.720856 -26.3837318 374.648773 -173.816666 -26.3837318 374.648773 -173.816666 -60.2056503 422.316254 -189.720856 -28.6944828 376.442535 -165.810577 -28.6944828 376.442535 -165.810577 -60.2056503 422.316254 -189.720856 -35.7907753 371.830902 -166.825516 105.847702 359.882355 -167.653473 105.190987 402.991608 -191.899933 106.778419 356.947388 -173.896057 106.778419 356.947388 -173.896057 105.190987 402.991608 -191.899933 113.646362 357.930023 -173.334106 113.646362 357.930023 -173.334106 105.190987 402.991608 -191.899933 112.715645 360.86499 -167.091522 112.715645 360.86499 -167.091522 105.190987 402.991608 -191.899933 105.847702 359.882355 -167.653473 59.8207474 377.140198 -175.680374 66.8422394 375.489868 -165.435699 68.8792725 368.48468 -175.62178 66.8422394 375.489868 -165.435699 63.8754349 363.317322 -165.363205 68.8792725 368.48468 -175.62178 63.8754349 363.317322 -165.363205 56.8539391 364.967651 -175.60788 68.8792725 368.48468 -175.62178 56.8539391 364.967651 -175.60788 59.8207474 377.140198 -175.680374 68.8792725 368.48468 -175.62178 59.8207474 377.140198 -175.680374 54.8169098 371.972839 -165.421799 66.8422394 375.489868 -165.435699 66.8422394 375.489868 -165.435699 54.8169098 371.972839 -165.421799 63.8754349 363.317322 -165.363205 63.8754349 363.317322 -165.363205 54.8169098 371.972839 -165.421799 56.8539391 364.967651 -175.60788 56.8539391 364.967651 -175.60788 54.8169098 371.972839 -165.421799 59.8207474 377.140198 -175.680374 -82.861084 -171.023132 -9.23165131 -84.215744 -177.480438 -5.83730984 -83.3407974 -171.441864 -10.0591173 -83.3407974 -171.441864 -10.0591173 -84.215744 -177.480438 -5.83730984 -84.2635651 -171.133514 -9.68019867 -84.2635651 -171.133514 -9.68019867 -84.215744 -177.480438 -5.83730984 -83.7838516 -170.714783 -8.85273266 -83.7838516 -170.714783 -8.85273266 -84.215744 -177.480438 -5.83730984 -82.861084 -171.023132 -9.23165131 -76.719902 -166.423615 -10.6100016 -90.9815979 -153.587524 120.800842 -88.8628387 -180.56076 -9.21810532 -88.8628387 -180.56076 -9.21810532 -90.9815979 -153.587524 120.800842 -103.067497 -168.496796 -10.6092634 -103.067497 -168.496796 -10.6092634 -90.9815979 -153.587524 120.800842 -90.9245605 -154.35965 -12.0011597 -90.9245605 -154.35965 -12.0011597 -90.9815979 -153.587524 120.800842 -76.719902 -166.423615 -10.6100016 51.0294037 -48.1354904 -10.6100111 -17.6326599 11.0375061 83.9445801 47.3910255 -63.8207321 -1.6396265 47.3910255 -63.8207321 -1.6396265 -17.6326599 11.0375061 83.9445801 31.350687 -65.2297287 -10.6092844 31.350687 -65.2297287 -10.6092844 -17.6326599 11.0375061 83.9445801 34.9890633 -49.544487 -19.57967 34.9890633 -49.544487 -19.57967 -17.6326599 11.0375061 83.9445801 51.0294037 -48.1354904 -10.6100111 155.537613 71.382988 -10.6098337 98.4034119 85.0237885 11.6357956 155.54425 64.7490997 -4.76899862 155.54425 64.7490997 -4.76899862 98.4034119 85.0237885 11.6357956 151.357803 59.602623 -10.6094923 151.357803 59.602623 -10.6094923 98.4034119 85.0237885 11.6357956 151.351166 66.2365112 -16.4503269 151.351166 66.2365112 -16.4503269 98.4034119 85.0237885 11.6357956 155.537613 71.382988 -10.6098337 170.315475 152.253281 -10.6098585 103.711594 139.632599 -0.184991837 171.94313 145.544357 -3.8652072 171.94313 145.544357 -3.8652072 103.711594 139.632599 -0.184991837 171.493668 138.655106 -10.6094961 171.493668 138.655106 -10.6094961 103.711594 139.632599 -0.184991837 169.866013 145.364029 -17.354147 169.866013 145.364029 -17.354147 103.711594 139.632599 -0.184991837 170.315475 152.253281 -10.6098585 250.586853 156.944061 -10.6088247 238.347595 155.883957 1.67451477 239.408875 143.645325 -10.6093493 238.347595 155.883957 1.67451477 226.110138 154.823303 -10.6105623 239.408875 143.645325 -10.6093493 226.110138 154.823303 -10.6105623 238.349396 155.883408 -22.8939018 239.408875 143.645325 -10.6093493 238.349396 155.883408 -22.8939018 250.586853 156.944061 -10.6088247 239.408875 143.645325 -10.6093493 250.586853 156.944061 -10.6088247 237.288116 168.12204 -10.6100378 238.347595 155.883957 1.67451477 238.347595 155.883957 1.67451477 237.288116 168.12204 -10.6100378 226.110138 154.823303 -10.6105623 226.110138 154.823303 -10.6105623 237.288116 168.12204 -10.6100378 238.349396 155.883408 -22.8939018 238.349396 155.883408 -22.8939018 237.288116 168.12204 -10.6100378 250.586853 156.944061 -10.6088247 -300.187653 -30.1338768 -0.915390968 -296.240723 -41.1203728 10.2762585 -301.930634 -31.5079536 -1.41821229 -301.930634 -31.5079536 -1.41821229 -296.240723 -41.1203728 10.2762585 -303.175201 -30.5269585 0.215084225 -303.175201 -30.5269585 0.215084225 -296.240723 -41.1203728 10.2762585 -301.43222 -29.1528816 0.717905641 -301.43222 -29.1528816 0.717905641 -296.240723 -41.1203728 10.2762585 -300.187653 -30.1338768 -0.915390968 -240.994736 -209.571503 3.63632178 -129.119598 -298.673401 -41.3562737 -227.32579 -202.089279 17.8600864 -227.32579 -202.089279 17.8600864 -129.119598 -298.673401 -41.3562737 -220.073074 -188.298004 3.63554168 -220.073074 -188.298004 3.63554168 -129.119598 -298.673401 -41.3562737 -233.74202 -195.780228 -10.5882235 -233.74202 -195.780228 -10.5882235 -129.119598 -298.673401 -41.3562737 -240.994736 -209.571503 3.63632178 -373.436096 -226.445557 3.63565278 -310.549927 -309.540375 27.7513065 -379.578674 -235.465927 -6.73043633 -379.578674 -235.465927 -6.73043633 -310.549927 -309.540375 27.7513065 -389.008972 -240.957397 3.63620925 -389.008972 -240.957397 3.63620925 -310.549927 -309.540375 27.7513065 -382.866394 -231.937027 14.0022984 -382.866394 -231.937027 14.0022984 -310.549927 -309.540375 27.7513065 -373.436096 -226.445557 3.63565278 -481.103119 -206.066574 1.60710835 -444.63974 -237.991241 29.3543873 -484.29245 -212.814438 -0.852662086 -484.29245 -212.814438 -0.852662086 -444.63974 -237.991241 29.3543873 -488.672638 -213.119949 5.66475487 -488.672638 -213.119949 5.66475487 -444.63974 -237.991241 29.3543873 -485.483307 -206.372086 8.12452507 -485.483307 -206.372086 8.12452507 -444.63974 -237.991241 29.3543873 -481.103119 -206.066574 1.60710835 -486.25531 -210.867538 3.636127 -473.383179 -221.940369 -4.39899206 -484.339966 -210.180969 5.32356167 -484.339966 -210.180969 5.32356167 -473.383179 -221.940369 -4.39899206 -483.520447 -208.318985 3.63573599 -483.520447 -208.318985 3.63573599 -473.383179 -221.940369 -4.39899206 -485.435791 -209.005554 1.9483012 -485.435791 -209.005554 1.9483012 -473.383179 -221.940369 -4.39899206 -486.25531 -210.867538 3.636127 -481.096436 -206.059967 5.45665407 -459.318329 -250.538544 29.8487072 -481.844666 -210.554993 -0.834878922 -481.844666 -210.554993 -0.834878922 -459.318329 -250.538544 29.8487072 -488.679321 -213.126556 1.81520891 -488.679321 -213.126556 1.81520891 -459.318329 -250.538544 29.8487072 -487.931091 -208.631531 8.10674191 -487.931091 -208.631531 8.10674191 -459.318329 -250.538544 29.8487072 -481.096436 -206.059967 5.45665407 -573.320007 9.44177151 10.7669926 -548.972656 -20.6986332 28.990942 -577.785522 5.40700102 11.0559616 -577.785522 5.40700102 11.0559616 -548.972656 -20.6986332 28.990942 -579.034851 7.19207478 16.673481 -579.034851 7.19207478 16.673481 -548.972656 -20.6986332 28.990942 -574.569336 11.2268448 16.3845119 -574.569336 11.2268448 16.3845119 -548.972656 -20.6986332 28.990942 -573.320007 9.44177151 10.7669926 -515.67395 340.653625 25.7824669 -503.80484 306.9133 11.5290756 -515.464233 338.244263 30.6307945 -515.464233 338.244263 30.6307945 -503.80484 306.9133 11.5290756 -510.206635 339.492737 31.023777 -510.206635 339.492737 31.023777 -503.80484 306.9133 11.5290756 -510.416382 341.9021 26.1754494 -510.416382 341.9021 26.1754494 -503.80484 306.9133 11.5290756 -515.67395 340.653625 25.7824669 -544.910156 316.451874 44.2296829 -543.477051 323.197876 51.1252747 -550.222961 324.630219 44.2293892 -543.477051 323.197876 51.1252747 -542.044556 329.943024 44.2287369 -550.222961 324.630219 44.2293892 -542.044556 329.943024 44.2287369 -543.477661 323.197021 37.3331451 -550.222961 324.630219 44.2293892 -543.477661 323.197021 37.3331451 -544.910156 316.451874 44.2296829 -550.222961 324.630219 44.2293892 -544.910156 316.451874 44.2296829 -536.73175 321.764679 44.2290306 -543.477051 323.197876 51.1252747 -543.477051 323.197876 51.1252747 -536.73175 321.764679 44.2290306 -542.044556 329.943024 44.2287369 -542.044556 329.943024 44.2287369 -536.73175 321.764679 44.2290306 -543.477661 323.197021 37.3331451 -543.477661 323.197021 37.3331451 -536.73175 321.764679 44.2290306 -544.910156 316.451874 44.2296829 -383.018402 -393.972321 3.63540578 -370.392578 -395.262329 -34.1333733 -377.954315 -391.889435 4.84097433 -377.954315 -391.889435 4.84097433 -370.392578 -395.262329 -34.1333733 -379.789215 -386.730377 3.63519835 -379.789215 -386.730377 3.63519835 -370.392578 -395.262329 -34.1333733 -384.853302 -388.813263 2.4296298 -384.853302 -388.813263 2.4296298 -370.392578 -395.262329 -34.1333733 -383.018402 -393.972321 3.63540578 -276.600128 -512.328552 3.63579273 -283.638245 -511.145569 10.7716541 -284.820526 -518.183533 3.63548803 -283.638245 -511.145569 10.7716541 -290.675446 -509.963104 3.63481045 -284.820526 -518.183533 3.63548803 -290.675446 -509.963104 3.63481045 -283.637329 -511.146118 -3.50105143 -284.820526 -518.183533 3.63548803 -283.637329 -511.146118 -3.50105143 -276.600128 -512.328552 3.63579273 -284.820526 -518.183533 3.63548803 -276.600128 -512.328552 3.63579273 -282.455048 -504.108185 3.63511515 -283.638245 -511.145569 10.7716541 -283.638245 -511.145569 10.7716541 -282.455048 -504.108185 3.63511515 -290.675446 -509.963104 3.63481045 -290.675446 -509.963104 3.63481045 -282.455048 -504.108185 3.63511515 -283.637329 -511.146118 -3.50105143 -283.637329 -511.146118 -3.50105143 -282.455048 -504.108185 3.63511515 -276.600128 -512.328552 3.63579273 -572.624329 32.8683929 -2.90174437 -576.064026 -6.55893326 9.69881821 -572.745544 30.7102757 -8.33208656 -572.745544 30.7102757 -8.33208656 -576.064026 -6.55893326 9.69881821 -578.588684 30.815176 -8.24336243 -578.588684 30.815176 -8.24336243 -576.064026 -6.55893326 9.69881821 -578.467468 32.9732971 -2.81301999 -578.467468 32.9732971 -2.81301999 -576.064026 -6.55893326 9.69881821 -572.624329 32.8683929 -2.90174437 -522.06842 331.144409 -15.2356205 -545.333496 298.0047 -38.5901489 -516.807983 327.247101 -15.8719797 -516.807983 327.247101 -15.8719797 -545.333496 298.0047 -38.5901489 -515.569641 329.881714 -21.7703915 -515.569641 329.881714 -21.7703915 -545.333496 298.0047 -38.5901489 -520.830078 333.779022 -21.1340313 -520.830078 333.779022 -21.1340313 -545.333496 298.0047 -38.5901489 -522.06842 331.144409 -15.2356205 -557.381104 302.204315 -38.3319206 -555.784607 310.423309 -29.9604568 -564.003357 312.019012 -38.3322792 -555.784607 310.423309 -29.9604568 -554.188721 318.641266 -38.3330727 -564.003357 312.019012 -38.3322792 -554.188721 318.641266 -38.3330727 -555.785217 310.422272 -46.7045364 -564.003357 312.019012 -38.3322792 -555.785217 310.422272 -46.7045364 -557.381104 302.204315 -38.3319206 -564.003357 312.019012 -38.3322792 -557.381104 302.204315 -38.3319206 -547.566467 308.826569 -38.3327141 -555.784607 310.423309 -29.9604568 -555.784607 310.423309 -29.9604568 -547.566467 308.826569 -38.3327141 -554.188721 318.641266 -38.3330727 -554.188721 318.641266 -38.3330727 -547.566467 308.826569 -38.3327141 -555.785217 310.422272 -46.7045364 -555.785217 310.422272 -46.7045364 -547.566467 308.826569 -38.3327141 -557.381104 302.204315 -38.3319206 </float_array>
          <technique_common>
            <accessor count="1128" offset="0" source="#mesh_0-positions-array" stride="3">
              <param name="X" type="float" />
              <param name="Y" type="float" />
              <param name="Z" type="float" />
            </accessor>
          </technique_common>
        </source>
        <source id="mesh_0-normals" name="mesh_0-normals">
          <float_array id="mesh_0-normals-array" count="3384"> 32.5421829 -6.67951107 32.0162277 32.5421829 -6.67951107 32.0162277 32.5421829 -6.67951107 32.0162277 32.5436707 12.8821955 -30.0600529 32.5436707 12.8821955 -30.0600529 32.5436707 12.8821955 -30.0600529 -32.5417099 12.8871231 -30.0600491 -32.5417099 12.8871231 -30.0600491 -32.5417099 12.8871231 -30.0600491 -32.5431976 -6.67458153 32.0162239 -32.5431976 -6.67458153 32.0162239 -32.5431976 -6.67458153 32.0162239 -165.99823 -71.1466675 179.681183 -165.99823 -71.1466675 179.681183 -165.99823 -71.1466675 179.681183 -165.971344 -71.1459427 -179.705978 -165.971344 -71.1459427 -179.705978 -165.971344 -71.1459427 -179.705978 176.799683 36.8695564 -179.680374 176.799683 36.8695564 -179.680374 176.799683 36.8695564 -179.680374 176.772827 36.8688316 179.706787 176.772827 36.8688316 179.706787 176.772827 36.8688316 179.706787 -176.77272 -36.8690796 -179.70694 -176.77272 -36.8690796 -179.70694 -176.77272 -36.8690796 -179.70694 -176.799744 -36.8693199 179.680206 -176.799744 -36.8693199 179.680206 -176.799744 -36.8693199 179.680206 165.971283 71.1462021 179.706131 165.971283 71.1462021 179.706131 165.971283 71.1462021 179.706131 165.998291 71.1464386 -179.68103 165.998291 71.1464386 -179.68103 165.998291 71.1464386 -179.68103 -61.8342667 294.848236 299.821381 -61.8342667 294.848236 299.821381 -61.8342667 294.848236 299.821381 118.374214 -277.016937 299.834045 118.374214 -277.016937 299.834045 118.374214 -277.016937 299.834045 119.020882 -276.827423 -299.753967 119.020882 -276.827423 -299.753967 119.020882 -276.827423 -299.753967 -61.1876068 295.037781 -299.766663 -61.1876068 295.037781 -299.766663 -61.1876068 295.037781 -299.766663 675.236572 3765.9646 -98.6842346 675.236572 3765.9646 -98.6842346 675.236572 3765.9646 -98.6842346 -2573.15527 407.246643 -2803.78394 -2573.15527 407.246643 -2803.78394 -2573.15527 407.246643 -2803.78394 -1079.81677 -3645.89648 435.440247 -1079.81677 -3645.89648 435.440247 -1079.81677 -3645.89648 435.440247 2168.57495 -287.17865 3140.54004 2168.57495 -287.17865 3140.54004 2168.57495 -287.17865 3140.54004 326.012787 -1419.34766 417.435669 326.012787 -1419.34766 417.435669 326.012787 -1419.34766 417.435669 122.100937 -67.2916183 1508.52478 122.100937 -67.2916183 1508.52478 122.100937 -67.2916183 1508.52478 1105.96167 928.028625 459.016663 1105.96167 928.028625 459.016663 1105.96167 928.028625 459.016663 1309.87354 -424.027435 -632.072632 1309.87354 -424.027435 -632.072632 1309.87354 -424.027435 -632.072632 -1105.96167 -928.028625 -459.016602 -1105.96167 -928.028625 -459.016602 -1105.96167 -928.028625 -459.016602 -1309.87354 424.027435 632.072571 -1309.87354 424.027435 632.072571 -1309.87354 424.027435 632.072571 -326.012848 1419.34766 -417.435608 -326.012848 1419.34766 -417.435608 -326.012848 1419.34766 -417.435608 -122.100937 67.2916183 -1508.52478 -122.100937 67.2916183 -1508.52478 -122.100937 67.2916183 -1508.52478 2069.95996 -328.513672 -3202.42188 2069.95996 -328.513672 -3202.42188 2069.95996 -328.513672 -3202.42188 -1106.13367 -3645.86377 -363.730225 -1106.13367 -3645.86377 -363.730225 -1106.13367 -3645.86377 -363.730225 -2484.25195 446.695801 2876.99756 -2484.25195 446.695801 2876.99756 -2484.25195 446.695801 2876.99756 691.841614 3764.0459 38.3061829 691.841614 3764.0459 38.3061829 691.841614 3764.0459 38.3061829 1305.06873 -490.958588 592.316895 1305.06873 -490.958588 592.316895 1305.06873 -490.958588 592.316895 1132.28333 894.159607 -462.05722 1132.28333 894.159607 -462.05722 1132.28333 894.159607 -462.05722 86.6886749 -35.5460434 -1512.05298 86.6886749 -35.5460434 -1512.05298 86.6886749 -35.5460434 -1512.05298 259.474091 -1420.66418 -457.678955 259.474091 -1420.66418 -457.678955 259.474091 -1420.66418 -457.678955 -86.6886749 35.5460434 1512.05298 -86.6886749 35.5460434 1512.05298 -86.6886749 35.5460434 1512.05298 -259.474091 1420.66418 457.678955 -259.474091 1420.66418 457.678955 -259.474091 1420.66418 457.678955 -1305.06873 490.958588 -592.316895 -1305.06873 490.958588 -592.316895 -1305.06873 490.958588 -592.316895 -1132.28333 -894.159607 462.05722 -1132.28333 -894.159607 462.05722 -1132.28333 -894.159607 462.05722 -139.359955 524.07782 539.694275 -139.359955 524.07782 539.694275 -139.359955 524.07782 539.694275 239.24173 -486.631134 539.725159 239.24173 -486.631134 539.725159 239.24173 -486.631134 539.725159 240.430984 -486.21759 -539.56842 240.430984 -486.21759 -539.56842 240.430984 -486.21759 -539.56842 -138.170685 524.491272 -539.599304 -138.170685 524.491272 -539.599304 -138.170685 524.491272 -539.599304 -61.5490875 1046.27563 1042.95764 -61.5490875 1046.27563 1042.95764 -61.5490875 1046.27563 1042.95764 266.255066 -1013.64398 1043.01196 266.255066 -1013.64398 1043.01196 266.255066 -1013.64398 1043.01196 267.541229 -1013.49536 -1042.82837 267.541229 -1013.49536 -1042.82837 267.541229 -1013.49536 -1042.82837 -60.2629852 1046.42456 -1042.88257 -60.2629852 1046.42456 -1042.88257 -60.2629852 1046.42456 -1042.88257 -513.953857 -893.219727 -531.795776 -513.953857 -893.219727 -531.795776 -513.953857 -893.219727 -531.795776 -770.92041 721.536743 -479.437927 -770.92041 721.536743 -479.437927 -770.92041 721.536743 -479.437927 599.515625 911.318481 393.543549 599.515625 911.318481 393.543549 599.515625 911.318481 393.543549 856.482178 -703.437927 341.185638 856.482178 -703.437927 341.185638 856.482178 -703.437927 341.185638 72.5604858 506.3508 508.972961 72.5604858 506.3508 508.972961 72.5604858 506.3508 508.972961 29.0098209 -510.673248 508.997742 29.0098209 -510.673248 508.997742 29.0098209 -510.673248 508.997742 29.1420498 -510.705872 -508.959564 29.1420498 -510.705872 -508.959564 29.1420498 -510.705872 -508.959564 72.6927109 506.318176 -508.984375 72.6927109 506.318176 -508.984375 72.6927109 506.318176 -508.984375 -105.078918 -178.085526 205.713043 -105.078918 -178.085526 205.713043 -105.078918 -178.085526 205.713043 -105.1073 -178.027542 -205.749207 -105.1073 -178.027542 -205.749207 -105.1073 -178.027542 -205.749207 138.256592 153.749268 -205.718704 138.256592 153.749268 -205.718704 138.256592 153.749268 -205.718704 138.284958 153.691269 205.74353 138.284958 153.691269 205.74353 138.284958 153.691269 205.74353 -138.22937 -153.731888 -205.750519 -138.22937 -153.731888 -205.750519 -138.22937 -153.731888 -205.750519 -138.313232 -153.70755 205.712799 -138.313232 -153.70755 205.712799 -138.313232 -153.70755 205.712799 105.051765 178.068436 205.742371 105.051765 178.068436 205.742371 105.051765 178.068436 205.742371 105.135628 178.044098 -205.720917 105.135628 178.044098 -205.720917 105.135628 178.044098 -205.720917 -6.99935675 6.29494572 9.36667824 -6.99935675 6.29494572 9.36667824 -6.99935675 6.29494572 9.36667824 8.10613155 -4.78520012 9.36710739 8.10613155 -4.78520012 9.36710739 8.10613155 -4.78520012 9.36710739 8.10736847 -4.78437948 -9.36653709 8.10736847 -4.78437948 -9.36653709 8.10736847 -4.78437948 -9.36653709 -6.99811935 6.29576683 -9.36696529 -6.99811935 6.29576683 -9.36696529 -6.99811935 6.29576683 -9.36696529 218.773682 -1468.30688 -649.538391 218.773682 -1468.30688 -649.538391 218.773682 -1468.30688 -649.538391 671.070312 -519.545715 1380.36963 671.070312 -519.545715 1380.36963 671.070312 -519.545715 1380.36963 -414.774109 1384.70496 732.285217 -414.774109 1384.70496 732.285217 -414.774109 1384.70496 732.285217 -867.070679 435.943817 -1297.6228 -867.070679 435.943817 -1297.6228 -867.070679 435.943817 -1297.6228 -2243.24414 881.87793 -5432.54736 -2243.24414 881.87793 -5432.54736 -2243.24414 881.87793 -5432.54736 2236.53369 -5203.67285 -1800.59229 2236.53369 -5203.67285 -1800.59229 2236.53369 -5203.67285 -1800.59229 1537.99963 -1307.03247 5590.04932 1537.99963 -1307.03247 5590.04932 1537.99963 -1307.03247 5590.04932 -2941.77832 4778.51855 1958.09424 -2941.77832 4778.51855 1958.09424 -2941.77832 4778.51855 1958.09424 1165.44775 3744.41113 -8838.59961 1165.44775 3744.41113 -8838.59961 1165.44775 3744.41113 -8838.59961 -8179.04785 -4245.10107 -2929.51709 -8179.04785 -4245.10107 -2929.51709 -8179.04785 -4245.10107 -2929.51709 -1938.81079 -2650.36475 9094.84961 -1938.81079 -2650.36475 9094.84961 -1938.81079 -2650.36475 9094.84961 7405.68457 5339.14697 3185.76807 7405.68457 5339.14697 3185.76807 7405.68457 5339.14697 3185.76807 1211.42969 52.7388382 -361.104492 1211.42969 52.7388382 -361.104492 1211.42969 52.7388382 -361.104492 361.406616 -454.750885 1123.97778 361.406616 -454.750885 1123.97778 361.406616 -454.750885 1123.97778 -1207.49927 -222.266327 305.422394 -1207.49927 -222.266327 305.422394 -1207.49927 -222.266327 305.422394 -357.476318 285.223389 -1179.65991 -357.476318 285.223389 -1179.65991 -357.476318 285.223389 -1179.65991 -177.706436 -371.379669 1243.41565 -177.706436 -371.379669 1243.41565 -177.706436 -371.379669 1243.41565 -1266.64062 324.3992 -77.2705231 -1266.64062 324.3992 -77.2705231 -1266.64062 324.3992 -77.2705231 123.25325 200.655396 -1288.46069 123.25325 200.655396 -1288.46069 123.25325 200.655396 -1288.46069 1212.1875 -495.123474 32.2254181 1212.1875 -495.123474 32.2254181 1212.1875 -495.123474 32.2254181 -1.75135231 83.79599 -78.8338547 -1.75135231 83.79599 -78.8338547 -1.75135231 83.79599 -78.8338547 109.416008 25.979044 24.3477077 109.416008 25.979044 24.3477077 109.416008 25.979044 24.3477077 7.8047924 -93.179924 67.0537033 7.8047924 -93.179924 67.0537033 7.8047924 -93.179924 67.0537033 -103.362572 -35.3629837 -36.127861 -103.362572 -35.3629837 -36.127861 -103.362572 -35.3629837 -36.127861 429.911316 -237.14534 276.934052 429.911316 -237.14534 276.934052 429.911316 -237.14534 276.934052 -344.473877 -134.221466 425.530853 -344.473877 -134.221466 425.530853 -344.473877 -134.221466 425.530853 -444.938385 164.157425 -304.690521 -444.938385 164.157425 -304.690521 -444.938385 164.157425 -304.690521 329.446808 61.2335625 -453.287323 329.446808 61.2335625 -453.287323 329.446808 61.2335625 -453.287323 387.259796 169.122589 238.352661 387.259796 169.122589 238.352661 387.259796 169.122589 238.352661 -88.9789352 -305.500397 366.246857 -88.9789352 -305.500397 366.246857 -88.9789352 -305.500397 366.246857 -345.317657 -217.644897 -262.242188 -345.317657 -217.644897 -262.242188 -345.317657 -217.644897 -262.242188 130.921051 256.978088 -390.136475 130.921051 256.978088 -390.136475 130.921051 256.978088 -390.136475 -150.01593 85.7168884 -83.8331299 -150.01593 85.7168884 -83.8331299 -150.01593 85.7168884 -83.8331299 57.7848091 86.8579407 -161.235229 57.7848091 86.8579407 -161.235229 57.7848091 86.8579407 -161.235229 133.388412 131.492676 42.3953056 133.388412 131.492676 42.3953056 133.388412 131.492676 42.3953056 -74.4123383 130.351639 119.797417 -74.4123383 130.351639 119.797417 -74.4123383 130.351639 119.797417 -133.388412 -131.492676 -42.3953056 -133.388412 -131.492676 -42.3953056 -133.388412 -131.492676 -42.3953056 74.4123383 -130.351639 -119.797417 74.4123383 -130.351639 -119.797417 74.4123383 -130.351639 -119.797417 150.01593 -85.7168884 83.8331299 150.01593 -85.7168884 83.8331299 150.01593 -85.7168884 83.8331299 -57.7848091 -86.8579407 161.235229 -57.7848091 -86.8579407 161.235229 -57.7848091 -86.8579407 161.235229 135.837555 -123.146545 344.373718 135.837555 -123.146545 344.373718 135.837555 -123.146545 344.373718 -351.715973 -142.97084 89.8068695 -351.715973 -142.97084 89.8068695 -351.715973 -142.97084 89.8068695 -124.239456 72.5435791 -362.646088 -124.239456 72.5435791 -362.646088 -124.239456 72.5435791 -362.646088 363.314087 92.3678741 -108.079208 363.314087 92.3678741 -108.079208 363.314087 92.3678741 -108.079208 157.252289 -18.5079117 297.395752 157.252289 -18.5079117 297.395752 157.252289 -18.5079117 297.395752 -175.66571 -276.842468 77.5558395 -175.66571 -276.842468 77.5558395 -175.66571 -276.842468 77.5558395 -123.730797 -11.2631683 -313.175476 -123.730797 -11.2631683 -313.175476 -123.730797 -11.2631683 -313.175476 209.18721 247.071381 -93.335556 209.18721 247.071381 -93.335556 209.18721 247.071381 -93.335556 -4.74657822 133.261246 -2.12125826 -4.74657822 133.261246 -2.12125826 -4.74657822 133.261246 -2.12125826 112.604012 47.6511841 -53.2474861 112.604012 47.6511841 -53.2474861 112.604012 47.6511841 -53.2474861 104.097588 -39.6126137 73.3494034 104.097588 -39.6126137 73.3494034 104.097588 -39.6126137 73.3494034 -13.2530003 45.997448 124.475632 -13.2530003 45.997448 124.475632 -13.2530003 45.997448 124.475632 -104.097588 39.6126137 -73.3494034 -104.097588 39.6126137 -73.3494034 -104.097588 39.6126137 -73.3494034 13.2530003 -45.997448 -124.475632 13.2530003 -45.997448 -124.475632 13.2530003 -45.997448 -124.475632 4.74657822 -133.261246 2.12125826 4.74657822 -133.261246 2.12125826 4.74657822 -133.261246 2.12125826 -112.604012 -47.6511841 53.2474861 -112.604012 -47.6511841 53.2474861 -112.604012 -47.6511841 53.2474861 30.0880051 35.8811607 -23.1087246 30.0880051 35.8811607 -23.1087246 30.0880051 35.8811607 -23.1087246 30.1410561 -37.7128792 -19.9001694 30.1410561 -37.7128792 -19.9001694 30.1410561 -37.7128792 -19.9001694 -33.7539673 -36.1620941 16.7254868 -33.7539673 -36.1620941 16.7254868 -33.7539673 -36.1620941 16.7254868 -33.8067665 37.431942 13.5167856 -33.8067665 37.431942 13.5167856 -33.8067665 37.431942 13.5167856 146.505096 200.766922 -167.825409 146.505096 200.766922 -167.825409 146.505096 200.766922 -167.825409 137.903381 -221.715515 -147.516479 137.903381 -221.715515 -147.516479 137.903381 -221.715515 -147.516479 -174.968246 -201.69133 136.54007 -174.968246 -201.69133 136.54007 -174.968246 -201.69133 136.54007 -166.366547 220.791107 116.23114 -166.366547 220.791107 116.23114 -166.366547 220.791107 116.23114 -81.2057266 -70.8303452 -49.7994041 -81.2057266 -70.8303452 -49.7994041 -81.2057266 -70.8303452 -49.7994041 -52.7876472 -64.9692459 84.1649857 -52.7876472 -64.9692459 84.1649857 -52.7876472 -64.9692459 84.1649857 81.3048172 -66.1101837 55.7695961 81.3048172 -66.1101837 55.7695961 81.3048172 -66.1101837 55.7695961 52.886734 -71.9712753 -78.194664 52.886734 -71.9712753 -78.194664 52.886734 -71.9712753 -78.194664 -81.3048172 66.1102371 -55.7696648 -81.3048172 66.1102371 -55.7696648 -81.3048172 66.1102371 -55.7696648 -52.886734 71.9713364 78.1947174 -52.886734 71.9713364 78.1947174 -52.886734 71.9713364 78.1947174 81.2057266 70.8302765 49.7993431 81.2057266 70.8302765 49.7993431 81.2057266 70.8302765 49.7993431 52.7876472 64.9691849 -84.1649094 52.7876472 64.9691849 -84.1649094 52.7876472 64.9691849 -84.1649094 -831.717651 398.188171 1332.43274 -831.717651 398.188171 1332.43274 -831.717651 398.188171 1332.43274 -417.025787 1413.80029 -673.012207 -417.025787 1413.80029 -673.012207 -417.025787 1413.80029 -673.012207 632.950684 -476.873169 -1413.38257 632.950684 -476.873169 -1413.38257 632.950684 -476.873169 -1413.38257 218.258835 -1492.48511 592.062378 218.258835 -1492.48511 592.062378 218.258835 -1492.48511 592.062378 -2950.1665 4871.91699 -1698.05493 -2950.1665 4871.91699 -1698.05493 -2950.1665 4871.91699 -1698.05493 1392.18945 -1098.02173 -5672.61328 1392.18945 -1098.02173 -5672.61328 1392.18945 -1098.02173 -5672.61328 2237.97314 -5285.64404 1541.39111 2237.97314 -5285.64404 1541.39111 2237.97314 -5285.64404 1541.39111 -2104.38281 684.29425 5515.94971 -2104.38281 684.29425 5515.94971 -2104.38281 684.29425 5515.94971 7366.07812 5622.125 -2762.68311 7366.07812 5622.125 -2762.68311 7366.07812 5622.125 -2762.68311 -1533.26782 -2443.55762 -9229.18555 -1533.26782 -2443.55762 -9229.18555 -1533.26782 -2443.55762 -9229.18555 -8159.56738 -4542.26465 2507.79541 -8159.56738 -4542.26465 2507.79541 -8159.56738 -4542.26465 2507.79541 739.772095 3523.41357 8974.29785 739.772095 3523.41357 8974.29785 739.772095 3523.41357 8974.29785 -23.8067932 533.819214 1099.34924 -23.8067932 533.819214 1099.34924 -23.8067932 533.819214 1099.34924 -1189.146 246.556259 -138.711639 -1189.146 246.556259 -138.711639 -1189.146 246.556259 -138.711639 -27.8332062 -676.598694 -1017.61407 -27.8332062 -676.598694 -1017.61407 -27.8332062 -676.598694 -1017.61407 1137.5061 -389.335724 220.446884 1137.5061 -389.335724 220.446884 1137.5061 -389.335724 220.446884 1204.75195 -195.146271 -228.078491 1204.75195 -195.146271 -228.078491 1204.75195 -195.146271 -228.078491 294.605652 492.882782 1100.82007 294.605652 492.882782 1100.82007 294.605652 492.882782 1100.82007 -1201.48438 40.5584183 310.353271 -1201.48438 40.5584183 310.353271 -1201.48438 40.5584183 310.353271 -291.338135 -647.470642 -1018.54529 -291.338135 -647.470642 -1018.54529 -291.338135 -647.470642 -1018.54529 -61.5201263 64.7205582 9.77464294 -61.5201263 64.7205582 9.77464294 -61.5201263 64.7205582 9.77464294 0.715612888 14.6841927 -88.6166534 0.715612888 14.6841927 -88.6166534 0.715612888 14.6841927 -88.6166534 51.7314262 -72.4426498 -12.0392914 51.7314262 -72.4426498 -12.0392914 51.7314262 -72.4426498 -12.0392914 -10.5043144 -22.4062767 86.3519974 -10.5043144 -22.4062767 86.3519974 -10.5043144 -22.4062767 86.3519974 335.657654 19.8417206 452.430511 335.657654 19.8417206 452.430511 335.657654 19.8417206 452.430511 -431.119446 179.947296 315.448853 -431.119446 179.947296 315.448853 -431.119446 179.947296 315.448853 -355.317749 -92.8018951 -427.656677 -355.317749 -92.8018951 -427.656677 -355.317749 -92.8018951 -427.656677 411.459351 -252.907455 -290.675018 411.459351 -252.907455 -290.675018 411.459351 -252.907455 -290.675018 125.263657 260.885925 389.400604 125.263657 260.885925 389.400604 125.263657 260.885925 389.400604 -315.486908 -249.278229 271.502686 -315.486908 -249.278229 271.502686 -315.486908 -249.278229 271.502686 -78.5691376 -306.154694 -368.078125 -78.5691376 -306.154694 -368.078125 -78.5691376 -306.154694 -368.078125 362.181366 204.00946 -250.180099 362.181366 204.00946 -250.180099 362.181366 204.00946 -250.180099 -76.216217 129.989594 -119.054985 -76.216217 129.989594 -119.054985 -76.216217 129.989594 -119.054985 134.48642 127.658432 -49.9701538 134.48642 127.658432 -49.9701538 134.48642 127.658432 -49.9701538 66.1057053 88.2129364 157.253937 66.1057053 88.2129364 157.253937 66.1057053 88.2129364 157.253937 -144.596939 90.5440826 88.1691055 -144.596939 90.5440826 88.1691055 -144.596939 90.5440826 88.1691055 -66.1057053 -88.2129517 -157.253937 -66.1057053 -88.2129517 -157.253937 -66.1057053 -88.2129517 -157.253937 144.596924 -90.5440674 -88.1690903 144.596924 -90.5440674 -88.1690903 144.596924 -90.5440674 -88.1690903 76.216217 -129.989578 119.054993 76.216217 -129.989578 119.054993 76.216217 -129.989578 119.054993 -134.48642 -127.658463 49.97015 -134.48642 -127.658463 49.97015 -134.48642 -127.658463 49.97015 369.541534 70.1192474 103.598312 369.541534 70.1192474 103.598312 369.541534 70.1192474 103.598312 -115.30954 80.9981155 363.803619 -115.30954 80.9981155 363.803619 -115.30954 80.9981155 363.803619 -360.865265 -121.292114 -85.2920303 -360.865265 -121.292114 -85.2920303 -360.865265 -121.292114 -85.2920303 123.985809 -132.17099 -345.497345 123.985809 -132.17099 -345.497345 123.985809 -132.17099 -345.497345 136.943939 126.490784 51.3463821 136.943939 126.490784 51.3463821 136.943939 126.490784 51.3463821 -69.7389679 3.77922821 180.311523 -69.7389679 3.77922821 180.311523 -69.7389679 3.77922821 180.311523 -119.862427 -145.725693 -42.2733002 -119.862427 -145.725693 -42.2733002 -119.862427 -145.725693 -42.2733002 86.8204803 -23.0141335 -171.238449 86.8204803 -23.0141335 -171.238449 86.8204803 -23.0141335 -171.238449 -3.01031685 26.7504311 -71.6495132 -3.01031685 26.7504311 -71.6495132 -3.01031685 26.7504311 -71.6495132 53.9454575 -34.1012726 -42.2526474 53.9454575 -34.1012726 -42.2526474 53.9454575 -34.1012726 -42.2526474 68.9125137 14.7467117 29.8648205 68.9125137 14.7467117 29.8648205 68.9125137 14.7467117 29.8648205 11.9567413 75.5984192 0.46796155 11.9567413 75.5984192 0.46796155 11.9567413 75.5984192 0.46796155 -68.9125137 -14.7467117 -29.8648205 -68.9125137 -14.7467117 -29.8648205 -68.9125137 -14.7467117 -29.8648205 -11.9567413 -75.5984192 -0.46796155 -11.9567413 -75.5984192 -0.46796155 -11.9567413 -75.5984192 -0.46796155 3.01031685 -26.7504311 71.6495132 3.01031685 -26.7504311 71.6495132 3.01031685 -26.7504311 71.6495132 -53.9454575 34.1012726 42.2526474 -53.9454575 34.1012726 42.2526474 -53.9454575 34.1012726 42.2526474 -12.6763201 -24.4018345 -1.66813087 -12.6763201 -24.4018345 -1.66813087 -12.6763201 -24.4018345 -1.66813087 -3.17846751 3.35310411 -27.1582184 -3.17846751 3.35310411 -27.1582184 -3.17846751 3.35310411 -27.1582184 15.9246216 22.4662704 0.770938635 15.9246216 22.4662704 0.770938635 15.9246216 22.4662704 0.770938635 6.4267683 -5.28866768 26.2610245 6.4267683 -5.28866768 26.2610245 6.4267683 -5.28866768 26.2610245 -169.259674 -254.245789 28.3185883 -169.259674 -254.245789 28.3185883 -169.259674 -254.245789 28.3185883 -73.3808289 13.8721428 -297.513672 -73.3808289 13.8721428 -297.513672 -73.3808289 13.8721428 -297.513672 201.292252 227.870697 -40.5962334 201.292252 227.870697 -40.5962334 201.292252 227.870697 -40.5962334 105.413597 -40.2472305 285.236572 105.413597 -40.2472305 285.236572 105.413597 -40.2472305 285.236572 -47.6528091 71.5212326 -85.7687607 -47.6528091 71.5212326 -85.7687607 -47.6528091 71.5212326 -85.7687607 86.6693573 31.9548569 -78.8013611 86.6693573 31.9548569 -78.8013611 86.6693573 31.9548569 -78.8013611 87.8117065 60.0206985 58.5575409 87.8117065 60.0206985 58.5575409 87.8117065 60.0206985 58.5575409 -46.5104675 99.587059 51.5901451 -46.5104675 99.587059 51.5901451 -46.5104675 99.587059 51.5901451 -87.8117065 -60.0206909 -58.5575447 -87.8117065 -60.0206909 -58.5575447 -87.8117065 -60.0206909 -58.5575447 46.5104675 -99.587059 -51.5901451 46.5104675 -99.587059 -51.5901451 46.5104675 -99.587059 -51.5901451 47.6528091 -71.5212326 85.7687683 47.6528091 -71.5212326 85.7687683 47.6528091 -71.5212326 85.7687683 -86.6693573 -31.9548569 78.8013611 -86.6693573 -31.9548569 78.8013611 -86.6693573 -31.9548569 78.8013611 -8166.66846 -2356.22119 7445.60596 -8166.66846 -2356.22119 7445.60596 -8166.66846 -2356.22119 7445.60596 566.363708 -10943.6426 -2756.67529 566.363708 -10943.6426 -2756.67529 566.363708 -10943.6426 -2756.67529 9184.32031 1997.25732 -6272.36572 9184.32031 1997.25732 -6272.36572 9184.32031 1997.25732 -6272.36572 451.28479 10584.6787 3929.91797 451.28479 10584.6787 3929.91797 451.28479 10584.6787 3929.91797 -12060.5254 228.667847 -3620.5896 -12060.5254 228.667847 -3620.5896 -12060.5254 228.667847 -3620.5896 -2774.98315 -8904.38574 8463.36816 -2774.98315 -8904.38574 8463.36816 -2774.98315 -8904.38574 8463.36816 11575.8857 935.069702 4872.54785 11575.8857 935.069702 4872.54785 11575.8857 935.069702 4872.54785 2290.34448 10068.124 -7211.41016 2290.34448 10068.124 -7211.41016 2290.34448 10068.124 -7211.41016 5415.51904 -7231.26074 -12279.3672 5415.51904 -7231.26074 -12279.3672 5415.51904 -7231.26074 -12279.3672 -9726.72852 7659.96387 -8894.81152 -9726.72852 7659.96387 -8894.81152 -9726.72852 7659.96387 -8894.81152 -3999.86597 8778.81055 11804.041 -3999.86597 8778.81055 11804.041 -3999.86597 8778.81055 11804.041 11142.3789 -6112.41455 8419.4834 11142.3789 -6112.41455 8419.4834 11142.3789 -6112.41455 8419.4834 0.0829936266 0.653872788 3.35531187 0.0829936266 0.653872788 3.35531187 0.0829936266 0.653872788 3.35531187 -3.01303101 1.60183966 -0.220254838 -3.01303101 1.60183966 -0.220254838 -3.01303101 1.60183966 -0.220254838 -0.338545173 -1.04579532 -3.23791933 -0.338545173 -1.04579532 -3.23791933 -0.338545173 -1.04579532 -3.23791933 2.75747967 -1.99376225 0.337647468 2.75747967 -1.99376225 0.337647468 2.75747967 -1.99376225 0.337647468 -224.085999 1132.64526 1836.60718 -224.085999 1132.64526 1836.60718 -224.085999 1132.64526 1836.60718 661.821106 1798.93091 -1015.9101 661.821106 1798.93091 -1015.9101 661.821106 1798.93091 -1015.9101 -59.8157959 -1039.70032 -1903.06885 -59.8157959 -1039.70032 -1903.06885 -59.8157959 -1039.70032 -1903.06885 -945.7229 -1705.98584 949.448364 -945.7229 -1705.98584 949.448364 -945.7229 -1705.98584 949.448364 -1614.34729 -257.534302 1887.24133 -1614.34729 -257.534302 1887.24133 -1614.34729 -257.534302 1887.24133 -1816.0238 984.191223 -1402.69165 -1816.0238 984.191223 -1402.69165 -1816.0238 984.191223 -1402.69165 1496.26929 -55.2576904 -1998.06067 1496.26929 -55.2576904 -1998.06067 1496.26929 -55.2576904 -1998.06067 1697.94568 -1296.98328 1291.87231 1697.94568 -1296.98328 1291.87231 1697.94568 -1296.98328 1291.87231 -135.5784 -181.219055 140.870682 -135.5784 -181.219055 140.870682 -135.5784 -181.219055 140.870682 -171.856201 -30.0635338 -201.564163 -171.856201 -30.0635338 -201.564163 -171.856201 -30.0635338 -201.564163 153.998199 151.990021 -155.724213 153.998199 151.990021 -155.724213 153.998199 151.990021 -155.724213 190.276001 0.83449173 186.710632 190.276001 0.83449173 186.710632 190.276001 0.83449173 186.710632 38.7531891 -498.878601 342.37793 38.7531891 -498.878601 342.37793 38.7531891 -498.878601 342.37793 -226.972229 -332.457001 -453.386871 -226.972229 -332.457001 -453.386871 -226.972229 -332.457001 -453.386871 38.1021805 476.72406 -372.675262 38.1021805 476.72406 -372.675262 38.1021805 476.72406 -372.675262 303.827606 310.30246 423.089539 303.827606 310.30246 423.089539 303.827606 310.30246 423.089539 -188.32225 -102.79306 -107.539352 -188.32225 -102.79306 -107.539352 -188.32225 -102.79306 -107.539352 73.514389 -114.842003 -197.492859 73.514389 -114.842003 -197.492859 73.514389 -114.842003 -197.492859 102.226875 156.713959 -150.289078 102.226875 156.713959 -150.289078 102.226875 156.713959 -150.289078 -159.609756 168.762894 -60.3355522 -159.609756 168.762894 -60.3355522 -159.609756 168.762894 -60.3355522 -102.226875 -156.713959 150.289078 -102.226875 -156.713959 150.289078 -102.226875 -156.713959 150.289078 159.609756 -168.762894 60.3355522 159.609756 -168.762894 60.3355522 159.609756 -168.762894 60.3355522 188.32225 102.79306 107.539352 188.32225 102.79306 107.539352 188.32225 102.79306 107.539352 -73.514389 114.842003 197.492859 -73.514389 114.842003 197.492859 -73.514389 114.842003 197.492859 -0.431423157 -0.374950141 -0.268392861 -0.431423157 -0.374950141 -0.268392861 -0.431423157 -0.374950141 -0.268392861 -0.353471339 0.503488898 -0.142581418 -0.353471339 0.503488898 -0.142581418 -0.353471339 0.503488898 -0.142581418 0.465575904 0.383633286 0.186576083 0.465575904 0.383633286 0.186576083 0.465575904 0.383633286 0.186576083 0.387624085 -0.494805753 0.0607646294 0.387624085 -0.494805753 0.0607646294 0.387624085 -0.494805753 0.0607646294 895.174316 2147.65454 62.3979797 895.174316 2147.65454 62.3979797 895.174316 2147.65454 62.3979797 1153.1189 -524.818054 1952.57166 1153.1189 -524.818054 1952.57166 1153.1189 -524.818054 1952.57166 -620.023071 -2232.65869 -220.131927 -620.023071 -2232.65869 -220.131927 -620.023071 -2232.65869 -220.131927 -877.967651 439.813965 -2110.30566 -877.967651 439.813965 -2110.30566 -877.967651 439.813965 -2110.30566 1380.547 1376.23157 316.082886 1380.547 1376.23157 316.082886 1380.547 1376.23157 316.082886 25.3614349 -452.780762 1922.02454 25.3614349 -452.780762 1922.02454 25.3614349 -452.780762 1922.02454 -1168.43408 -1555.1283 -340.836761 -1168.43408 -1555.1283 -340.836761 -1168.43408 -1555.1283 -340.836761 186.75174 273.884277 -1946.77686 186.75174 273.884277 -1946.77686 186.75174 273.884277 -1946.77686 445.258972 248.373032 72.864502 445.258972 248.373032 72.864502 445.258972 248.373032 72.864502 -121.723846 78.5336533 494.236755 -121.723846 78.5336533 494.236755 -121.723846 78.5336533 494.236755 -410.158386 -307.53186 -49.4791946 -410.158386 -307.53186 -49.4791946 -410.158386 -307.53186 -49.4791946 156.824432 -137.692444 -470.851257 156.824432 -137.692444 -470.851257 156.824432 -137.692444 -470.851257 340.275696 26.6662064 38.1950989 340.275696 26.6662064 38.1950989 340.275696 26.6662064 38.1950989 -43.5658264 122.75753 317.78894 -43.5658264 122.75753 317.78894 -43.5658264 122.75753 317.78894 -335.790833 -70.0629349 -17.1233559 -335.790833 -70.0629349 -17.1233559 -335.790833 -70.0629349 -17.1233559 48.050705 -166.154266 -296.717194 48.050705 -166.154266 -296.717194 48.050705 -166.154266 -296.717194 -88.5762558 -92.3902283 45.8250961 -88.5762558 -92.3902283 45.8250961 -88.5762558 -92.3902283 45.8250961 -124.498375 30.0724354 -45.5789032 -124.498375 30.0724354 -45.5789032 -124.498375 30.0724354 -45.5789032 -36.0078735 123.293236 44.5405655 -36.0078735 123.293236 44.5405655 -36.0078735 123.293236 44.5405655 -0.0857576728 0.830529749 135.944565 -0.0857576728 0.830529749 135.944565 -0.0857576728 0.830529749 135.944565 36.0078735 -123.29319 -44.5405464 36.0078735 -123.29319 -44.5405464 36.0078735 -123.29319 -44.5405464 0.0857576728 -0.830529511 -135.944534 0.0857576728 -0.830529511 -135.944534 0.0857576728 -0.830529511 -135.944534 88.5762558 92.3902283 -45.8251305 88.5762558 92.3902283 -45.8251305 88.5762558 92.3902283 -45.8251305 124.498375 -30.0724773 45.5788841 124.498375 -30.0724773 45.5788841 124.498375 -30.0724773 45.5788841 -6.76451969 2.74924636 2.53041744 -6.76451969 2.74924636 2.53041744 -6.76451969 2.74924636 2.53041744 3.589921 3.56421375 5.84198999 3.589921 3.56421375 5.84198999 3.589921 3.56421375 5.84198999 6.8610034 -1.80391514 -3.06472898 6.8610034 -1.80391514 -3.06472898 6.8610034 -1.80391514 -3.06472898 -3.49343729 -2.61888242 -6.37630177 -3.49343729 -2.61888242 -6.37630177 -3.49343729 -2.61888242 -6.37630177 -1875.64075 1575.86267 -357.487488 -1875.64075 1575.86267 -357.487488 -1875.64075 1575.86267 -357.487488 1606.06812 1849.82227 -357.584961 1606.06812 1849.82227 -357.584961 1606.06812 1849.82227 -357.584961 1878.51611 -1612.52698 10.1822205 1878.51611 -1612.52698 10.1822205 1878.51611 -1612.52698 10.1822205 -1603.19275 -1886.48645 10.2796783 -1603.19275 -1886.48645 10.2796783 -1603.19275 -1886.48645 10.2796783 -2013.91614 -271.89975 -1292.27478 -2013.91614 -271.89975 -1292.27478 -2013.91614 -271.89975 -1292.27478 550.864929 1956.03979 -1292.36963 550.864929 1956.03979 -1292.36963 550.864929 1956.03979 -1292.36963 2167.24658 95.3769836 1045.80444 2167.24658 95.3769836 1045.80444 2167.24658 95.3769836 1045.80444 -397.534485 -2132.56299 1045.89966 -397.534485 -2132.56299 1045.89966 -397.534485 -2132.56299 1045.89966 -227.248688 -333.8591 -378.931366 -227.248688 -333.8591 -378.931366 -227.248688 -333.8591 -378.931366 33.9872971 402.408508 -378.952911 33.9872971 402.408508 -378.952911 33.9872971 402.408508 -378.952911 296.053589 309.445496 351.124786 296.053589 309.445496 351.124786 296.053589 309.445496 351.124786 34.8176041 -426.822083 351.146332 34.8176041 -426.822083 351.146332 34.8176041 -426.822083 351.146332 15.1824722 -466.188049 -467.382446 15.1824722 -466.188049 -467.382446 15.1824722 -466.188049 -467.382446 -65.2245331 461.827301 -467.407135 -65.2245331 461.827301 -467.407135 -65.2245331 461.827301 -467.407135 76.5300522 474.133911 453.153717 76.5300522 474.133911 453.153717 76.5300522 474.133911 453.153717 156.937042 -453.881378 453.178406 156.937042 -453.881378 453.178406 156.937042 -453.881378 453.178406 -163.353439 137.309326 -150.91684 -163.353439 137.309326 -150.91684 -163.353439 137.309326 -150.91684 137.323608 163.36116 -150.895401 137.323608 163.36116 -150.895401 137.323608 163.36116 -150.895401 137.30162 163.367737 150.908218 137.30162 163.367737 150.908218 137.30162 163.367737 150.908218 -163.375458 137.315903 150.886749 -163.375458 137.315903 150.886749 -163.375458 137.315903 150.886749 -137.30162 -163.367737 -150.908218 -137.30162 -163.367737 -150.908218 -137.30162 -163.367737 -150.908218 163.375458 -137.315903 -150.886749 163.375458 -137.315903 -150.886749 163.375458 -137.315903 -150.886749 163.353439 -137.309326 150.91684 163.353439 -137.309326 150.91684 163.353439 -137.309326 150.91684 -137.323608 -163.36116 150.895401 -137.323608 -163.36116 150.895401 -137.323608 -163.36116 150.895401 -20.9024315 17.5222321 24.5726395 -20.9024315 17.5222321 24.5726395 -20.9024315 17.5222321 24.5726395 27.1721497 23.8478737 6.38153315 27.1721497 23.8478737 6.38153315 27.1721497 23.8478737 6.38153315 19.1514225 -14.0496311 -27.9926262 19.1514225 -14.0496311 -27.9926262 19.1514225 -14.0496311 -27.9926262 -28.9231606 -20.3752747 -9.80152035 -28.9231606 -20.3752747 -9.80152035 -28.9231606 -20.3752747 -9.80152035 930.719727 2206.28711 -2055.00366 930.719727 2206.28711 -2055.00366 930.719727 2206.28711 -2055.00366 -2190.53418 -967.458862 -2054.88574 -2190.53418 -967.458862 -2054.88574 -2190.53418 -967.458862 -2054.88574 -1233.31494 -1908.69165 2189.24951 -1233.31494 -1908.69165 2189.24951 -1233.31494 -1908.69165 2189.24951 1887.93933 1265.05444 2189.13159 1887.93933 1265.05444 2189.13159 1887.93933 1265.05444 2189.13159 -1078.90039 -503.751312 1077.67297 -1078.90039 -503.751312 1077.67297 -1078.90039 -503.751312 1077.67297 578.548096 1040.76965 1077.6134 578.548096 1040.76965 1077.6134 578.548096 1040.76965 1077.6134 928.464355 665.18457 -1129.00598 928.464355 665.18457 -1129.00598 928.464355 665.18457 -1129.00598 -728.984192 -879.336426 -1128.94641 -728.984192 -879.336426 -1128.94641 -728.984192 -879.336426 -1128.94641 -265.762207 -1.19628906 347.868256 -265.762207 -1.19628906 347.868256 -265.762207 -1.19628906 347.868256 154.859116 390.745819 122.393486 154.859116 390.745819 122.393486 154.859116 390.745819 122.393486 221.032074 32.7567368 -376.450775 221.032074 32.7567368 -376.450775 221.032074 32.7567368 -376.450775 -199.589264 -359.185333 -150.976028 -199.589264 -359.185333 -150.976028 -199.589264 -359.185333 -150.976028 13.1680117 37.1109009 -30.0458908 13.1680117 37.1109009 -30.0458908 13.1680117 37.1109009 -30.0458908 -37.9510574 -10.5253296 -30.0384178 -37.9510574 -10.5253296 -30.0384178 -37.9510574 -10.5253296 -30.0384178 -17.4687996 -32.4952469 33.0495758 -17.4687996 -32.4952469 33.0495758 -17.4687996 -32.4952469 33.0495758 33.6502724 15.1409826 33.042099 33.6502724 15.1409826 33.042099 33.6502724 15.1409826 33.042099 -389.481354 -118.7668 131.173355 -389.481354 -118.7668 131.173355 -389.481354 -118.7668 131.173355 27.0551224 269.408508 331.201721 27.0551224 269.408508 331.201721 27.0551224 269.408508 331.201721 361.390045 163.750137 -159.971176 361.390045 163.750137 -159.971176 361.390045 163.750137 -159.971176 -55.1464157 -224.425201 -359.999573 -55.1464157 -224.425201 -359.999573 -55.1464157 -224.425201 -359.999573 -64.8198166 88.4149475 232.8284 -64.8198166 88.4149475 232.8284 -64.8198166 88.4149475 232.8284 178.664169 184.263519 -18.818573 178.664169 184.263519 -18.818573 178.664169 184.263519 -18.818573 41.6385727 -63.6908493 -245.840424 41.6385727 -63.6908493 -245.840424 41.6385727 -63.6908493 -245.840424 -201.845398 -159.539413 5.80653381 -201.845398 -159.539413 5.80653381 -201.845398 -159.539413 5.80653381 197.925751 60.5345078 21.52108 197.925751 60.5345078 21.52108 197.925751 60.5345078 21.52108 -11.5354815 105.011116 -179.282089 -11.5354815 105.011116 -179.282089 -11.5354815 105.011116 -179.282089 -204.925583 -35.1269569 -8.59079552 -204.925583 -35.1269569 -8.59079552 -204.925583 -35.1269569 -8.59079552 4.53563213 -79.6025314 192.210342 4.53563213 -79.6025314 192.210342 4.53563213 -79.6025314 192.210342 56.3965073 36.6345177 -47.5606232 56.3965073 36.6345177 -47.5606232 56.3965073 36.6345177 -47.5606232 36.6355629 -56.4017487 -47.5539856 36.6355629 -56.4017487 -47.5539856 36.6355629 -56.4017487 -47.5539856 36.6393394 -56.3958817 47.5577316 36.6393394 -56.3958817 47.5577316 36.6393394 -56.3958817 47.5577316 56.4002838 36.6403809 47.5510941 56.4002838 36.6403809 47.5510941 56.4002838 36.6403809 47.5510941 -36.6393394 56.3958817 -47.5577316 -36.6393394 56.3958817 -47.5577316 -36.6393394 56.3958817 -47.5577316 -56.4002838 -36.6403809 -47.5510941 -56.4002838 -36.6403809 -47.5510941 -56.4002838 -36.6403809 -47.5510941 -56.3965073 -36.6345177 47.5606232 -56.3965073 -36.6345177 47.5606232 -56.3965073 -36.6345177 47.5606232 -36.6355629 56.4017487 47.5539856 -36.6355629 56.4017487 47.5539856 -36.6355629 56.4017487 47.5539856 -77.1128616 206.485687 -32.830864 -77.1128616 206.485687 -32.830864 -77.1128616 206.485687 -32.830864 -205.137848 -80.6317825 -32.8225136 -205.137848 -80.6317825 -32.8225136 -205.137848 -80.6317825 -32.8225136 68.3817673 -202.591614 62.7786674 68.3817673 -202.591614 62.7786674 68.3817673 -202.591614 62.7786674 196.406769 84.5258484 62.7703171 196.406769 84.5258484 62.7703171 196.406769 84.5258484 62.7703171 -41.7799721 58.6617661 -50.9326286 -41.7799721 58.6617661 -50.9326286 -41.7799721 58.6617661 -50.9326286 58.6671104 41.7808762 -50.9255714 58.6671104 41.7808762 -50.9255714 58.6671104 41.7808762 -50.9255714 58.6606445 41.7846642 50.929882 58.6606445 41.7846642 50.929882 58.6606445 41.7846642 50.929882 -41.7864418 58.6655579 50.9227524 -41.7864418 58.6655579 50.9227524 -41.7864418 58.6655579 50.9227524 -58.660202 -41.7846603 -50.9296303 -58.660202 -41.7846603 -50.9296303 -58.660202 -41.7846603 -50.9296303 41.7860031 -58.6655502 -50.9225769 41.7860031 -58.6655502 -50.9225769 41.7860031 -58.6655502 -50.9225769 41.7795372 -58.6617699 50.9324493 41.7795372 -58.6617699 50.9324493 41.7795372 -58.6617699 50.9324493 -58.6666794 -41.78088 50.9253197 -58.6666794 -41.78088 50.9253197 -58.6666794 -41.78088 50.9253197 -241.297363 20.2061214 -2.64405441 -241.297363 20.2061214 -2.64405441 -241.297363 20.2061214 -2.64405441 5.19812679 105.062668 218.117325 5.19812679 105.062668 218.117325 5.19812679 105.062668 218.117325 241.675598 11.5348825 -9.97885132 241.675598 11.5348825 -9.97885132 241.675598 11.5348825 -9.97885132 -4.82001638 -73.3216553 -230.740204 -4.82001638 -73.3216553 -230.740204 -4.82001638 -73.3216553 -230.740204 69.9310379 137.659973 -265.000549 69.9310379 137.659973 -265.000549 69.9310379 137.659973 -265.000549 -232.337311 196.388092 38.9415855 -232.337311 196.388092 38.9415855 -232.337311 196.388092 38.9415855 -45.2665176 -107.4198 283.685944 -45.2665176 -107.4198 283.685944 -45.2665176 -107.4198 283.685944 257.00177 -166.147873 -20.2561646 257.00177 -166.147873 -20.2561646 257.00177 -166.147873 -20.2561646 82.1663284 55.4373817 -70.0973892 82.1663284 55.4373817 -70.0973892 82.1663284 55.4373817 -70.0973892 55.4390602 -82.1729126 -70.0878906 55.4390602 -82.1729126 -70.0878906 55.4390602 -82.1729126 -70.0878906 55.4444771 -82.1641388 70.0940323 55.4444771 -82.1641388 70.0940323 55.4444771 -82.1641388 70.0940323 82.1717453 55.4461594 70.0845337 82.1717453 55.4461594 70.0845337 82.1717453 55.4461594 70.0845337 -55.4444771 82.1641388 -70.0940323 -55.4444771 82.1641388 -70.0940323 -55.4444771 82.1641388 -70.0940323 -82.1717453 -55.4461594 -70.0845337 -82.1717453 -55.4461594 -70.0845337 -82.1717453 -55.4461594 -70.0845337 -82.1663284 -55.4373817 70.0973892 -82.1663284 -55.4373817 70.0973892 -82.1663284 -55.4373817 70.0973892 -55.4390602 82.1729126 70.0878906 -55.4390602 82.1729126 70.0878906 -55.4390602 82.1729126 70.0878906 </float_array>
          <technique_common>
            <accessor count="1128" offset="0" source="#mesh_0-normals-array" stride="3">
              <param name="X" type="float" />
              <param name="Y" type="float" />
              <param name="Z" type="float" />
            </accessor>
          </technique_common>
        </source>
        <vertices id="mesh_0-vertices">
          <input semantic="POSITION" source="#mesh_0-positions" />
        </vertices>
        <polylist count="376" material="defaultMaterial">
          <input offset="0" semantic="VERTEX" source="#mesh_0-vertices" />
          <input offset="0" semantic="NORMAL" source="#mesh_0-normals" />
          <vcount>3 3 3 3 3 3 3 3 3 3 3 3 3 3 3 3 3 3 3 3 3 3 3 3 3 3 3 3 3 3 3 3 3 3 3 3 3 3 3 3 3 3 3 3 3 3 3 3 3 3 3 3 3 3 3 3 3 3 3 3 3 3 3 3 3 3 3 3 3 3 3 3 3 3 3 3 3 3 3 3 3 3 3 3 3 3 3 3 3 3 3 3 3 3 3 3 3 3 3 3 3 3 3 3 3 3 3 3 3 3 3 3 3 3 3 3 3 3 3 3 3 3 3 3 3 3 3 3 3 3 3 3 3 3 3 3 3 3 3 3 3 3 3 3 3 3 3 3 3 3 3 3 3 3 3 3 3 3 3 3 3 3 3 3 3 3 3 3 3 3 3 3 3 3 3 3 3 3 3 3 3 3 3 3 3 3 3 3 3 3 3 3 3 3 3 3 3 3 3 3 3 3 3 3 3 3 3 3 3 3 3 3 3 3 3 3 3 3 3 3 3 3 3 3 3 3 3 3 3 3 3 3 3 3 3 3 3 3 3 3 3 3 3 3 3 3 3 3 3 3 3 3 3 3 3 3 3 3 3 3 3 3 3 3 3 3 3 3 3 3 3 3 3 3 3 3 3 3 3 3 3 3 3 3 3 3 3 3 3 3 3 3 3 3 3 3 3 3 3 3 3 3 3 3 3 3 3 3 3 3 3 3 3 3 3 3 3 3 3 3 3 3 3 3 3 3 3 3 3 3 3 3 3 3 3 3 3 3 3 3 3 3 3 3 3 3 3 3 3 3 3 3 3 3 3 3 3 3 3 3 3 3 3 3 3 3 3 3 3 3 3 3 3 3 3 3 </vcount>
          <p>0 1 2 3 4 5 6 7 8 9 10 11 12 13 14 15 16 17 18 19 20 21 22 23 24 25 26 27 28 29 30 31 32 33 34 35 36 37 38 39 40 41 42 43 44 45 46 47 48 49 50 51 52 53 54 55 56 57 58 59 60 61 62 63 64 65 66 67 68 69 70 71 72 73 74 75 76 77 78 79 80 81 82 83 84 85 86 87 88 89 90 91 92 93 94 95 96 97 98 99 100 101 102 103 104 105 106 107 108 109 110 111 112 113 114 115 116 117 118 119 120 121 122 123 124 125 126 127 128 129 130 131 132 133 134 135 136 137 138 139 140 141 142 143 144 145 146 147 148 149 150 151 152 153 154 155 156 157 158 159 160 161 162 163 164 165 166 167 168 169 170 171 172 173 174 175 176 177 178 179 180 181 182 183 184 185 186 187 188 189 190 191 192 193 194 195 196 197 198 199 200 201 202 203 204 205 206 207 208 209 210 211 212 213 214 215 216 217 218 219 220 221 222 223 224 225 226 227 228 229 230 231 232 233 234 235 236 237 238 239 240 241 242 243 244 245 246 247 248 249 250 251 252 253 254 255 256 257 258 259 260 261 262 263 264 265 266 267 268 269 270 271 272 273 274 275 276 277 278 279 280 281 282 283 284 285 286 287 288 289 290 291 292 293 294 295 296 297 298 299 300 301 302 303 304 305 306 307 308 309 310 311 312 313 314 315 316 317 318 319 320 321 322 323 324 325 326 327 328 329 330 331 332 333 334 335 336 337 338 339 340 341 342 343 344 345 346 347 348 349 350 351 352 353 354 355 356 357 358 359 360 361 362 363 364 365 366 367 368 369 370 371 372 373 374 375 376 377 378 379 380 381 382 383 384 385 386 387 388 389 390 391 392 393 394 395 396 397 398 399 400 401 402 403 404 405 406 407 408 409 410 411 412 413 414 415 416 417 418 419 420 421 422 423 424 425 426 427 428 429 430 431 432 433 434 435 436 437 438 439 440 441 442 443 444 445 446 447 448 449 450 451 452 453 454 455 456 457 458 459 460 461 462 463 464 465 466 467 468 469 470 471 472 473 474 475 476 477 478 479 480 481 482 483 484 485 486 487 488 489 490 491 492 493 494 495 496 497 498 499 500 501 502 503 504 505 506 507 508 509 510 511 512 513 514 515 516 517 518 519 520 521 522 523 524 525 526 527 528 529 530 531 532 533 534 535 536 537 538 539 540 541 542 543 544 545 546 547 548 549 550 551 552 553 554 555 556 557 558 559 560 561 562 563 564 565 566 567 568 569 570 571 572 573 574 575 576 577 578 579 580 581 582 583 584 585 586 587 588 589 590 591 592 593 594 595 596 597 598 599 600 601 602 603 604 605 606 607 608 609 610 611 612 613 614 615 616 617 618 619 620 621 622 623 624 625 626 627 628 629 630 631 632 633 634 635 636 637 638 639 640 641 642 643 644 645 646 647 648 649 650 651 652 653 654 655 656 657 658 659 660 661 662 663 664 665 666 667 668 669 670 671 672 673 674 675 676 677 678 679 680 681 682 683 684 685 686 687 688 689 690 691 692 693 694 695 696 697 698 699 700 701 702 703 704 705 706 707 708 709 710 711 712 713 714 715 716 717 718 719 720 721 722 723 724 725 726 727 728 729 730 731 732 733 734 735 736 737 738 739 740 741 742 743 744 745 746 747 748 749 750 751 752 753 754 755 756 757 758 759 760 761 762 763 764 765 766 767 768 769 770 771 772 773 774 775 776 777 778 779 780 781 782 783 784 785 786 787 788 789 790 791 792 793 794 795 796 797 798 799 800 801 802 803 804 805 806 807 808 809 810 811 812 813 814 815 816 817 818 819 820 821 822 823 824 825 826 827 828 829 830 831 832 833 834 835 836 837 838 839 840 841 842 843 844 845 846 847 848 849 850 851 852 853 854 855 856 857 858 859 860 861 862 863 864 865 866 867 868 869 870 871 872 873 874 875 876 877 878 879 880 881 882 883 884 885 886 887 888 889 890 891 892 893 894 895 896 897 898 899 900 901 902 903 904 905 906 907 908 909 910 911 912 913 914 915 916 917 918 919 920 921 922 923 924 925 926 927 928 929 930 931 932 933 934 935 936 937 938 939 940 941 942 943 944 945 946 947 948 949 950 951 952 953 954 955 956 957 958 959 960 961 962 963 964 965 966 967 968 969 970 971 972 973 974 975 976 977 978 979 980 981 982 983 984 985 986 987 988 989 990 991 992 993 994 995 996 997 998 999 1000 1001 1002 1003 1004 1005 1006 1007 1008 1009 1010 1011 1012 1013 1014 1015 1016 1017 1018 1019 1020 1021 1022 1023 1024 1025 1026 1027 1028 1029 1030 1031 1032 1033 1034 1035 1036 1037 1038 1039 1040 1041 1042 1043 1044 1045 1046 1047 1048 1049 1050 1051 1052 1053 1054 1055 1056 1057 1058 1059 1060 1061 1062 1063 1064 1065 1066 1067 1068 1069 1070 1071 1072 1073 1074 1075 1076 1077 1078 1079 1080 1081 1082 1083 1084 1085 1086 1087 1088 1089 1090 1091 1092 1093 1094 1095 1096 1097 1098 1099 1100 1101 1102 1103 1104 1105 1106 1107 1108 1109 1110 1111 1112 1113 1114 1115 1116 1117 1118 1119 1120 1121 1122 1123 1124 1125 1126 1127 </p>
        </polylist>
      </mesh>
    </geometry>
  </library_geometries>
  <library_controllers>
    <controller id="mesh_0-skin" name="skinCluster0">
      <skin source="#mesh_0">
        <bind_shape_matrix>
          1 0 0 0
          0 1 0 0
          0 0 1 0
          0 0 0 1
        </bind_shape_matrix>
        <source id="mesh_0-skin-joints" name="-skin-joints">
          <Name_array id="mesh_0-skin-joints-array" count="67">Bip01 Bip01WPelvis Bip01WLWLeg Bip01WLWLeg1 Bip01WRWLeg Bip01WRWLeg1 Bip01WSpine Bip01WSpine1 Bip01WSpine2 Bip01WNeck Bip01WLWArm Bip01WLWArm1 Bip01WLWArm2 Bip01WLWHand Bip01WLWFinger0 Bip01WLWFinger01 Bip01WLWFinger02 Bip01WLWFinger1 Bip01WLWFinger11 Bip01WLWFinger12 Bone42 Bone43 Bone44 Bip01WRWArm Bip01WRWArm1 Bip01WRWArm2 Bip01WRWHand Bip01WRWFinger0 Bip01WRWFinger01 Bip01WRWFinger02 Bip01WRWFinger1 Bip01WRWFinger11 Bip01WRWFinger12 Bone48 Bone49 Bone50 Bip01WHead Dummy05 Bone13 Bone14 Bone15 Bone16 Bone17 Dummy04 Bone07 Bone08 Bone09 Bone10 Bone11 Dummy03 Bone01 Bone02 Bone03 Bone04 Bone05 Dummy08 Bone25 Bone26 Bone27 Bone28 Bone29 Bone30 Bone33 Bone34 Bone37 Bone38 Bone39 </Name_array>
          <technique_common>
            <accessor source="#mesh_0-skin-joints-array" count="67" stride="1">
              <param name="JOINT" type="Name"></param>
            </accessor>
          </technique_common>
        </source>
        <source id="mesh_0-skin-bind_poses" name="mesh_0-skin-bind_poses">
          <float_array id="mesh_0-skin-bind_poses-array" count="1072"> -7.22396726e-05 -0.953764617 -0.300554514 -80.8024902 1 -7.57416128e-05 -1.8189894e-12 -2.09679794 -2.27644832e-05 -0.300554514 0.953764617 324.595154 -0 0 -0 1 -0.95376426 -0.300555736 -7.19402669e-05 -63.5969543 -7.54276989e-05 -9.78283635e-11 1 -2.09543729 -0.300555736 0.95376426 -2.26701341e-05 330.017059 0 0 -0 1 0.749342978 -0.222384393 -0.623722851 -37.1570854 -0.276588529 0.750703096 -0.599952996 23.3366623 0.601650953 0.622085094 0.50102514 308.778442 0 0 0 1 0.116566643 -0.772904813 -0.623722851 -56.3093758 0.562425554 0.568976104 -0.599952996 -69.0718231 0.818590045 -0.280863225 0.50102514 174.281235 0 0 0 1 0.767331541 -0.218891203 0.602734625 -38.0469055 0.255248249 -0.758004189 -0.600231767 -27.539484 0.58826077 0.614423692 -0.525768638 307.729553 0 0 0 1 0.0987730324 -0.79180491 0.602734625 -54.2756653 -0.597715735 -0.531467736 -0.600231767 70.6672974 0.795600295 -0.30097726 -0.525768638 177.009613 0 0 0 1 -0.936455309 -0.350786895 -7.13912523e-05 -12.3430634 -7.65853765e-05 9.33694082e-07 1 -2.09131885 -0.350786895 0.936455309 -2.7739512e-05 349.277771 0 0 0 1 -0.987573624 -0.157157063 -7.08055886e-05 60.1920319 -7.40828909e-05 1.49959651e-05 1 -2.08587551 -0.157157063 0.987573624 -2.64522678e-05 360.902039 0 0 0 1 -0.999084473 0.0427826643 -7.08055886e-05 162.22435 -6.96090647e-05 2.94573019e-05 1 -2.07876515 0.0427826643 0.999084473 -2.64522678e-05 356.588959 0 0 0 1 -0.59146142 -0.806333423 -7.28465384e-05 204.417328 -6.51518712e-05 -4.25527869e-05 1 -2.07411718 -0.806333423 0.59146142 -2.73657861e-05 414.117523 0 0 0 1 0.857439697 0.365731716 -0.361991405 220.833588 0.475022703 -0.833049834 0.283516437 -14.9275017 -0.197865874 -0.415052414 -0.888020754 454.3992 0 0 0 1 0.841167867 0.507095814 -0.1878573 130.90567 0.0833161846 -0.464764595 -0.881505668 -23.834713 -0.534317374 0.725842834 -0.433194458 511.522095 0 0 0 0.999999881 0.566951931 -0.802044392 -0.1878573 14.8249588 -0.457471192 -0.116909757 -0.881505668 69.8302765 0.685044408 0.585710764 -0.433194458 371.262573 0 0 0 0.999999881 0.121376067 0.915957749 0.382478029 -16.8733559 -0.089793399 -0.373615056 0.923227489 93.2805786 0.988536894 -0.146401644 0.0368990749 113.098068 0 0 0 0.999999881 0.188970417 0.917853236 0.34904927 -23.938694 0.126338363 -0.375224024 0.918284059 92.1582794 0.973821878 -0.129430175 -0.186866313 18.9021606 0 0 0 0.999999881 -0.612814486 0.708958864 0.34904927 14.7026672 0.37453559 -0.128365085 0.918284059 68.5416718 0.695831358 0.693469346 -0.186866313 -24.973938 0 0 0 0.999999881 -0.937090039 -0.00514540076 0.34904927 69.5211258 0.340939254 0.201283321 0.918284059 48.5972557 -0.0749829113 0.979519725 -0.186866313 -20.5875244 0 0 0 0.999999881 -0.21073322 0.919438064 0.332001925 10.5709763 -0.413316905 -0.391581953 0.822090447 113.467957 0.885867298 0.0360197723 0.46253866 23.2208862 0 0 0 0.999999881 -0.705284894 0.626376748 0.332001925 47.568779 -0.109270267 -0.558773041 0.822090447 119.200104 0.700452089 0.543529987 0.46253866 -13.5235901 0 0 0 0.999999881 -0.762046754 0.555931211 0.332001925 84.7177353 -0.055238463 -0.566671073 0.822090447 121.892899 0.645161748 0.608132124 0.46253866 -44.9743652 0 0 0 0.999999881 -0.207324162 -0.0427596569 -0.97733736 -23.6552162 0.97827214 -0.00832396466 -0.207158178 69.6467819 0.000722706318 -0.999050856 0.0435562432 127.487122 0 0 0 0.999999881 -0.207324162 -0.0427596569 -0.97733736 -27.1900444 0.97827214 -0.00832396466 -0.207158178 87.5638504 0.000722706318 -0.999050856 0.0435562432 133.386581 0 0 0 0.999999881 -0.207324162 -0.0427596569 -0.97733736 -33.9393883 0.97827214 -0.00832396466 -0.207158178 126.697105 0.000722706318 -0.999050856 0.0435562432 156.588425 0 0 0 0.999999881 0.869542181 0.344222069 0.354129672 220.477051 -0.459331483 0.827109993 0.32388863 12.6102858 -0.181414485 -0.444297701 0.877318978 453.914124 0 0 0 1 0.849456191 0.493466049 0.186857969 129.663101 -0.100879185 0.499471009 -0.860437274 23.3951454 -0.517926812 0.712053657 0.474059075 509.28479 0 0 0 1 0.581708729 -0.79164362 0.186857969 10.5610657 0.485773742 0.153856158 -0.860437274 -76.0646973 0.652410328 0.591294527 0.474059075 375.706909 0 0 0 1 0.161146551 0.917159677 -0.364486367 -31.5236778 0.141474292 0.344032049 0.92823875 -113.011879 0.976738036 -0.201147959 -0.0743149966 120.623718 0 0 0 0.999999881 0.247233659 0.917506337 -0.311541885 -39.7625923 -0.0953242555 0.342994422 0.934488297 -114.728218 0.964255869 -0.201339379 0.17226021 28.1528625 0 0 0 0.999999881 -0.682250977 0.66141957 -0.311541885 3.25708771 -0.346159011 0.0831013694 0.934488297 -92.9009857 0.643978357 0.745398283 0.17226021 -12.4535217 0 0 0 0.999999881 -0.950174689 0.010512352 -0.311541885 58.841011 -0.308366627 -0.177881762 0.934488297 -74.8619843 -0.0455939025 0.983995914 0.17226021 -9.78622437 0 0 0 0.999999881 -0.157644451 0.929792464 -0.332618296 -10.3580246 0.446165144 0.36755389 0.815990686 -136.906601 0.880956948 -0.0197664797 -0.472783744 32.6548462 0 0 0 0.999999881 -0.626205027 0.705147266 -0.332618296 22.4915085 0.183750942 0.548082769 0.815990686 -146.545837 0.757696033 0.449858546 -0.472783744 -7.09234619 0 0 0 0.999999881 -0.644440114 0.688521743 -0.332618296 46.291214 0.169348016 0.552702844 0.815990686 -152.799988 0.745666444 0.469528973 -0.472783744 -34.6304626 0 0 0 0.999999881 -0.958064616 0.282210708 -0.0496955924 -19.2843437 0.00814721268 0.200181708 0.979725063 -130.837997 0.286437094 0.938234687 -0.194086403 107.738647 0 0 0 0.999999881 -0.958064616 0.282210708 -0.0496955924 -7.99419403 0.00814721268 0.200181708 0.979725063 -134.334122 0.286437094 0.938234687 -0.194086403 100.347992 0 0 0 0.999999881 -0.958064616 0.282210708 -0.0496955924 26.1816406 0.00814721268 0.200181708 0.979725063 -152.219589 0.286437094 0.938234687 -0.194086403 74.3533173 0 0 0 0.999999881 -0.701180696 -0.712983906 -7.28465384e-05 211.203491 -7.05899511e-05 -3.27500493e-05 1 -2.07343411 -0.712983906 0.701180696 -2.73657861e-05 421.017944 0 0 0 1 -0.148219585 0.916590035 0.371340632 349.392334 -0.347339869 -0.399815291 0.84823513 -203.807861 0.9259516 -0.00325638056 0.377628684 279.918518 0 0 0 1 0.400855541 0.856708467 0.324601948 350.636841 0.866171002 -0.469822973 0.17033717 -208.238998 0.298434615 0.212880149 -0.930386603 281.631897 0 0 0 1.00000012 -0.547826886 0.771051228 0.324601948 268.796509 0.835722983 0.522066057 0.17033717 -290.781006 -0.0381249264 0.364592433 -0.930386603 239.315704 0 0 0 1.00000012 -0.768909872 0.550828755 0.324601948 271.273407 0.620363295 0.765594721 0.17033717 -421.867432 -0.154686928 0.332344949 -0.930386603 218.786163 0 0 0 1.00000012 -0.944851339 0.043478176 0.324601948 309.291687 0.103611149 0.979923666 0.17033717 -441.044464 -0.310679018 0.194575638 -0.930386603 226.982666 0 0 0 1.00000012 -0.944851339 0.043478176 0.324601948 368.923279 0.103611149 0.979923666 0.17033717 -461.818604 -0.310679018 0.194575638 -0.930386603 243.9841 0 0 0 1.00000012 -0.811698556 0.152785406 -0.563739598 200.170105 0.527230263 0.607005894 -0.594619155 -33.7872009 0.251344204 -0.779871941 -0.573259115 124.865707 0 0 0 1 0.659455597 0.475476533 0.582271814 201.960449 -0.747627318 0.333878577 0.574088991 -32.9051933 0.0785577744 -0.813908577 0.575657487 124.179825 0 0 0 0.999999881 0.808259666 -0.0876139998 0.582271814 228.574127 -0.332464993 0.74825716 0.574088991 -134.079697 -0.485987425 -0.65759778 0.575657487 198.15918 0 0 0 0.999999881 0.597788215 -0.551007271 0.582271814 323.414581 0.177567914 0.79930687 0.574088991 -195.033585 -0.781740844 -0.239790872 0.575657487 163.243927 0 0 0 0.999999881 0.228835002 -0.780124545 0.582271814 354.151276 0.563711345 0.593844473 0.574088991 -177.12149 -0.7936396 0.196861655 0.575657487 114.590759 0 0 0 0.999999881 0.228835002 -0.780124545 0.582271814 373.961548 0.563711345 0.593844473 0.574088991 -156.828094 -0.7936396 0.196861655 0.575657487 74.3634033 0 0 0 0.999999881 -0.0784430206 0.996918678 -7.07193904e-05 163.995621 2.24212763e-05 7.27022125e-05 1 9.47023487 0.996918678 0.0784430206 -2.80551649e-05 96.724472 0 0 0 1 -0.0784430206 0.996918678 -7.07193904e-05 159.891907 2.24212763e-05 7.27022125e-05 1 10.6238222 0.996918678 0.0784430206 -2.80551649e-05 102.752487 0 0 0 1 -0.655792415 0.754941463 -7.07193904e-05 69.803421 -2.51972324e-05 7.178737e-05 1 10.6147547 0.754941463 0.655792415 -2.80551649e-05 6.07565308 0 0 0 1 -0.942436099 0.334386945 -7.07193904e-05 122.713974 -5.72672252e-05 5.00878414e-05 1 10.6151705 0.334386945 0.942436099 -2.80551649e-05 -113.033997 0 0 0 1 -0.996267498 -0.0863207579 -7.07193904e-05 182.821655 -7.28771774e-05 2.18458972e-05 1 10.6189556 -0.0863207579 0.996267498 -2.80551649e-05 -130.158997 0 0 0 1 -0.996267498 -0.0863207579 -7.07193904e-05 250.914124 -7.28771774e-05 2.18458972e-05 1 10.6236582 -0.0863207579 0.996267498 -2.80551649e-05 -134.727722 0 0 0 1 -0.130475506 0.991451502 -6.88304353e-05 -9.29091644 1.69338273e-05 7.16524082e-05 1 0.357435226 0.991451502 0.130475506 -2.61379537e-05 303.059845 0 0 0 1 -0.712978244 0.701186061 -6.88304353e-05 -24.8751411 -3.074704e-05 6.68987414e-05 1 -3.62971115 0.701186061 0.712978244 -2.61379537e-05 303.483398 0 0 0 1 -0.681744576 0.731590271 -6.88304353e-05 -88.9224243 -2.78025072e-05 6.81750826e-05 1 -3.63059759 0.731590271 0.681744576 -2.61379537e-05 438.223511 0 0 0 1 -0.681744576 0.731590271 -6.88304353e-05 -177.233032 -2.78025072e-05 6.81750826e-05 1 -3.63512349 0.731590271 0.681744576 -2.61379537e-05 497.628418 0 0 0 1 -0.36635682 0.93047452 -6.88304353e-05 -218.82428 -8.95801804e-07 7.36207949e-05 1 -13.721365 0.93047452 0.36635682 -2.61379537e-05 533.071838 0 0 0 1 0.207766771 0.978178442 -6.88304353e-05 -226.078339 3.98682641e-05 6.1897852e-05 1 -28.4037228 0.978178442 -0.207766771 -2.61379537e-05 572.403809 0 0 0 1 0.207766771 0.978178442 -6.88304353e-05 -203.225189 3.98682641e-05 6.1897852e-05 1 -44.2275505 0.978178442 -0.207766771 -2.61379537e-05 598.768677 0 0 0 1 -0.913317978 0.407246947 -6.88304353e-05 -189.373291 -5.2219475e-05 5.1903251e-05 1 -3.63495779 0.407246947 0.913317978 -2.61379537e-05 511.840515 0 0 0 1 -0.98617065 0.165733457 -6.88304353e-05 -195.001038 -6.35466276e-05 3.71839924e-05 1 -3.63431931 0.165733457 0.98617065 -2.61379537e-05 551.085449 0 0 0 1 -0.325448096 0.945559859 -6.88304353e-05 -217.438736 2.31426543e-06 7.35898502e-05 1 5.57154179 0.945559859 0.325448096 -2.61379537e-05 533.90741 0 0 0 1 0.190660089 0.981656313 -6.88304353e-05 -225.533401 3.87817054e-05 6.25843677e-05 1 18.5024395 0.981656313 -0.190660089 -2.61379537e-05 572.317139 0 0 0 1 0.190660089 0.981656313 -6.88304353e-05 -198.765137 3.87817054e-05 6.25843677e-05 1 38.3346214 0.981656313 -0.190660089 -2.61379537e-05 604.774048 0 0 0 1 </float_array>
          <technique_common>
            <accessor count="67" offset="0" source="#mesh_0-skin-bind_poses-array" stride="16">
              <param name="TRANSFORM" type="float4x4" />
            </accessor>
          </technique_common>
        </source>
        <source id="mesh_0-skin-weights" name="mesh_0-skin-weights">
          <float_array id="mesh_0-skin-weights-array" count="1128"> 1 1 1 1 1 1 1 1 1 1 1 1 1 1 1 1 1 1 1 1 1 1 1 1 1 1 1 1 1 1 1 1 1 1 1 1 1 1 1 1 1 1 1 1 1 1 1 1 1 1 1 1 1 1 1 1 1 1 1 1 1 1 1 1 1 1 1 1 1 1 1 1 1 1 1 1 1 1 1 1 1 1 1 1 1 1 1 1 1 1 1 1 1 1 1 1 1 1 1 1 1 1 1 1 1 1 1 1 1 1 1 1 1 1 1 1 1 1 1 1 1 1 1 1 1 1 1 1 1 1 1 1 1 1 1 1 1 1 1 1 1 1 1 1 1 1 1 1 1 1 1 1 1 1 1 1 1 1 1 1 1 1 1 1 1 1 1 1 1 1 1 1 1 1 1 1 1 1 1 1 1 1 1 1 1 1 1 1 1 1 1 1 1 1 1 1 1 1 1 1 1 1 1 1 1 1 1 1 1 1 1 1 1 1 1 1 1 1 1 1 1 1 1 1 1 1 1 1 1 1 1 1 1 1 1 1 1 1 1 1 1 1 1 1 1 1 1 1 1 1 1 1 1 1 1 1 1 1 1 1 1 1 1 1 1 1 1 1 1 1 1 1 1 1 1 1 1 1 1 1 1 1 1 1 1 1 1 1 1 1 1 1 1 1 1 1 1 1 1 1 1 1 1 1 1 1 1 1 1 1 1 1 1 1 1 1 1 1 1 1 1 1 1 1 1 1 1 1 1 1 1 1 1 1 1 1 1 1 1 1 1 1 1 1 1 1 1 1 1 1 1 1 1 1 1 1 1 1 1 1 1 1 1 1 1 1 1 1 1 1 1 1 1 1 1 1 1 1 1 1 1 1 1 1 1 1 1 1 1 1 1 1 1 1 1 1 1 1 1 1 1 1 1 1 1 1 1 1 1 1 1 1 1 1 1 1 1 1 1 1 1 1 1 1 1 1 1 1 1 1 1 1 1 1 1 1 1 1 1 1 1 1 1 1 1 1 1 1 1 1 1 1 1 1 1 1 1 1 1 1 1 1 1 1 1 1 1 1 1 1 1 1 1 1 1 1 1 1 1 1 1 1 1 1 1 1 1 1 1 1 1 1 1 1 1 1 1 1 1 1 1 1 1 1 1 1 1 1 1 1 1 1 1 1 1 1 1 1 1 1 1 1 1 1 1 1 1 1 1 1 1 1 1 1 1 1 1 1 1 1 1 1 1 1 1 1 1 1 1 1 1 1 1 1 1 1 1 1 1 1 1 1 1 1 1 1 1 1 1 1 1 1 1 1 1 1 1 1 1 1 1 1 1 1 1 1 1 1 1 1 1 1 1 1 1 1 1 1 1 1 1 1 1 1 1 1 1 1 1 1 1 1 1 1 1 1 1 1 1 1 1 1 1 1 1 1 1 1 1 1 1 1 1 1 1 1 1 1 1 1 1 1 1 1 1 1 1 1 1 1 1 1 1 1 1 1 1 1 1 1 1 1 1 1 1 1 1 1 1 1 1 1 1 1 1 1 1 1 1 1 1 1 1 1 1 1 1 1 1 1 1 1 1 1 1 1 1 1 1 1 1 1 1 1 1 1 1 1 1 1 1 1 1 1 1 1 1 1 1 1 1 1 1 1 1 1 1 1 1 1 1 1 1 1 1 1 1 1 1 1 1 1 1 1 1 1 1 1 1 1 1 1 1 1 1 1 1 1 1 1 1 1 1 1 1 1 1 1 1 1 1 1 1 1 1 1 1 1 1 1 1 1 1 1 1 1 1 1 1 1 1 1 1 1 1 1 1 1 1 1 1 1 1 1 1 1 1 1 1 1 1 1 1 1 1 1 1 1 1 1 1 1 1 1 1 1 1 1 1 1 1 1 1 1 1 1 1 1 1 1 1 1 1 1 1 1 1 1 1 1 1 1 1 1 1 1 1 1 1 1 1 1 1 1 1 1 1 1 1 1 1 1 1 1 1 1 1 1 1 1 1 1 1 1 1 1 1 1 1 1 1 1 1 1 1 1 1 1 1 1 1 1 1 1 1 1 1 1 1 1 1 1 1 1 1 1 1 1 1 1 1 1 1 1 1 1 1 1 1 1 1 1 1 1 1 1 1 1 1 1 1 1 1 1 1 1 1 1 1 1 1 1 1 1 1 1 1 1 1 1 1 1 1 1 1 1 1 1 1 1 1 1 1 1 1 1 1 1 1 1 1 1 1 1 1 1 1 1 1 1 1 1 1 1 1 1 1 1 1 1 1 1 1 1 1 1 1 1 1 1 1 1 1 1 1 1 1 1 1 1 1 1 1 1 1 1 1 1 1 1 1 1 1 1 1 1 1 1 1 1 1 1 1 1 1 1 1 1 1 1 1 1 1 1 1 1 1 1 1 1 1 1 1 1 1 1 1 1 1 1 1 1 1 1 1 1 1 1 1 1 1 1 1 1 1 1 1 1 1 1 1 1 1 1 1 1 1 1 1 1 1 1 1 1 1 1 1 1 1 1 1 1 1 1 1 1 1 1 1 1 1 1 1 1 1 1 1 1 </float_array>
          <technique_common>
            <accessor count="1128" offset="0" source="#mesh_0-skin-weights-array" stride="1">
              <param name="WEIGHT" type="float" />
            </accessor>
          </technique_common>
        </source>
        <joints>
          <input semantic="JOINT" source="#mesh_0-skin-joints"></input>
          <input semantic="INV_BIND_MATRIX" source="#mesh_0-skin-bind_poses"></input>
        </joints>
        <vertex_weights count="1128">
          <input semantic="JOINT" source="#mesh_0-skin-joints" offset="0"></input>
          <input semantic="WEIGHT" source="#mesh_0-skin-weights" offset="1"></input>
          <vcount>1 1 1 1 1 1 1 1 1 1 1 1 1 1 1 1 1 1 1 1 1 1 1 1 1 1 1 1 1 1 1 1 1 1 1 1 1 1 1 1 1 1 1 1 1 1 1 1 1 1 1 1 1 1 1 1 1 1 1 1 1 1 1 1 1 1 1 1 1 1 1 1 1 1 1 1 1 1 1 1 1 1 1 1 1 1 1 1 1 1 1 1 1 1 1 1 1 1 1 1 1 1 1 1 1 1 1 1 1 1 1 1 1 1 1 1 1 1 1 1 1 1 1 1 1 1 1 1 1 1 1 1 1 1 1 1 1 1 1 1 1 1 1 1 1 1 1 1 1 1 1 1 1 1 1 1 1 1 1 1 1 1 1 1 1 1 1 1 1 1 1 1 1 1 1 1 1 1 1 1 1 1 1 1 1 1 1 1 1 1 1 1 1 1 1 1 1 1 1 1 1 1 1 1 1 1 1 1 1 1 1 1 1 1 1 1 1 1 1 1 1 1 1 1 1 1 1 1 1 1 1 1 1 1 1 1 1 1 1 1 1 1 1 1 1 1 1 1 1 1 1 1 1 1 1 1 1 1 1 1 1 1 1 1 1 1 1 1 1 1 1 1 1 1 1 1 1 1 1 1 1 1 1 1 1 1 1 1 1 1 1 1 1 1 1 1 1 1 1 1 1 1 1 1 1 1 1 1 1 1 1 1 1 1 1 1 1 1 1 1 1 1 1 1 1 1 1 1 1 1 1 1 1 1 1 1 1 1 1 1 1 1 1 1 1 1 1 1 1 1 1 1 1 1 1 1 1 1 1 1 1 1 1 1 1 1 1 1 1 1 1 1 1 1 1 1 1 1 1 1 1 1 1 1 1 1 1 1 1 1 1 1 1 1 1 1 1 1 1 1 1 1 1 1 1 1 1 1 1 1 1 1 1 1 1 1 1 1 1 1 1 1 1 1 1 1 1 1 1 1 1 1 1 1 1 1 1 1 1 1 1 1 1 1 1 1 1 1 1 1 1 1 1 1 1 1 1 1 1 1 1 1 1 1 1 1 1 1 1 1 1 1 1 1 1 1 1 1 1 1 1 1 1 1 1 1 1 1 1 1 1 1 1 1 1 1 1 1 1 1 1 1 1 1 1 1 1 1 1 1 1 1 1 1 1 1 1 1 1 1 1 1 1 1 1 1 1 1 1 1 1 1 1 1 1 1 1 1 1 1 1 1 1 1 1 1 1 1 1 1 1 1 1 1 1 1 1 1 1 1 1 1 1 1 1 1 1 1 1 1 1 1 1 1 1 1 1 1 1 1 1 1 1 1 1 1 1 1 1 1 1 1 1 1 1 1 1 1 1 1 1 1 1 1 1 1 1 1 1 1 1 1 1 1 1 1 1 1 1 1 1 1 1 1 1 1 1 1 1 1 1 1 1 1 1 1 1 1 1 1 1 1 1 1 1 1 1 1 1 1 1 1 1 1 1 1 1 1 1 1 1 1 1 1 1 1 1 1 1 1 1 1 1 1 1 1 1 1 1 1 1 1 1 1 1 1 1 1 1 1 1 1 1 1 1 1 1 1 1 1 1 1 1 1 1 1 1 1 1 1 1 1 1 1 1 1 1 1 1 1 1 1 1 1 1 1 1 1 1 1 1 1 1 1 1 1 1 1 1 1 1 1 1 1 1 1 1 1 1 1 1 1 1 1 1 1 1 1 1 1 1 1 1 1 1 1 1 1 1 1 1 1 1 1 1 1 1 1 1 1 1 1 1 1 1 1 1 1 1 1 1 1 1 1 1 1 1 1 1 1 1 1 1 1 1 1 1 1 1 1 1 1 1 1 1 1 1 1 1 1 1 1 1 1 1 1 1 1 1 1 1 1 1 1 1 1 1 1 1 1 1 1 1 1 1 1 1 1 1 1 1 1 1 1 1 1 1 1 1 1 1 1 1 1 1 1 1 1 1 1 1 1 1 1 1 1 1 1 1 1 1 1 1 1 1 1 1 1 1 1 1 1 1 1 1 1 1 1 1 1 1 1 1 1 1 1 1 1 1 1 1 1 1 1 1 1 1 1 1 1 1 1 1 1 1 1 1 1 1 1 1 1 1 1 1 1 1 1 1 1 1 1 1 1 1 1 1 1 1 1 1 1 1 1 1 1 1 1 1 1 1 1 1 1 1 1 1 1 1 1 1 1 1 1 1 1 1 1 1 1 1 1 1 1 1 1 1 1 1 1 1 1 1 1 1 1 1 1 1 1 1 1 1 1 1 1 1 1 1 1 1 1 1 1 1 1 1 1 1 1 1 1 1 1 1 1 1 1 1 1 1 1 1 1 1 1 1 1 1 1 1 1 1 1 1 1 1 1 1 1 1 1 1 1 1 1 1 1 1 1 1 1 1 1 1 1 1 1 1 1 1 1 1 1 1 1 1 1 1 1 1 1 1 1 1 1 1 1 1 1 1 1 1 1 1 1 1 1 1 1 1 1 1 1 1 1 1 1 1 1 1 1 1 1 1 1 1 1 1 1 1 1 1 1 1 1 1 1 </vcount>
          <v>0 0 0 1 0 2 0 3 0 4 0 5 0 6 0 7 0 8 0 9 0 10 0 11 1 12 1 13 1 14 1 15 1 16 1 17 1 18 1 19 1 20 1 21 1 22 1 23 1 24 1 25 1 26 1 27 1 28 1 29 1 30 1 31 1 32 1 33 1 34 1 35 1 36 1 37 1 38 1 39 1 40 1 41 1 42 1 43 1 44 1 45 1 46 1 47 2 48 2 49 2 50 2 51 2 52 2 53 2 54 2 55 2 56 2 57 2 58 2 59 3 60 3 61 3 62 3 63 3 64 3 65 3 66 3 67 3 68 3 69 3 70 3 71 3 72 3 73 3 74 3 75 3 76 3 77 3 78 3 79 3 80 3 81 3 82 3 83 4 84 4 85 4 86 4 87 4 88 4 89 4 90 4 91 4 92 4 93 4 94 4 95 5 96 5 97 5 98 5 99 5 100 5 101 5 102 5 103 5 104 5 105 5 106 5 107 5 108 5 109 5 110 5 111 5 112 5 113 5 114 5 115 5 116 5 117 5 118 5 119 6 120 6 121 6 122 6 123 6 124 6 125 6 126 6 127 6 128 6 129 6 130 6 131 7 132 7 133 7 134 7 135 7 136 7 137 7 138 7 139 7 140 7 141 7 142 7 143 7 144 7 145 7 146 7 147 7 148 7 149 7 150 7 151 7 152 7 153 7 154 7 155 8 156 8 157 8 158 8 159 8 160 8 161 8 162 8 163 8 164 8 165 8 166 8 167 9 168 9 169 9 170 9 171 9 172 9 173 9 174 9 175 9 176 9 177 9 178 9 179 9 180 9 181 9 182 9 183 9 184 9 185 9 186 9 187 9 188 9 189 9 190 9 191 9 192 9 193 9 194 9 195 9 196 9 197 9 198 9 199 9 200 9 201 9 202 9 203 10 204 10 205 10 206 10 207 10 208 10 209 10 210 10 211 10 212 10 213 10 214 10 215 11 216 11 217 11 218 11 219 11 220 11 221 11 222 11 223 11 224 11 225 11 226 11 227 12 228 12 229 12 230 12 231 12 232 12 233 12 234 12 235 12 236 12 237 12 238 12 239 13 240 13 241 13 242 13 243 13 244 13 245 13 246 13 247 13 248 13 249 13 250 13 251 13 252 13 253 13 254 13 255 13 256 13 257 13 258 13 259 13 260 13 261 13 262 13 263 13 264 13 265 13 266 13 267 13 268 13 269 13 270 13 271 13 272 13 273 13 274 13 275 14 276 14 277 14 278 14 279 14 280 14 281 14 282 14 283 14 284 14 285 14 286 14 287 15 288 15 289 15 290 15 291 15 292 15 293 15 294 15 295 15 296 15 297 15 298 15 299 16 300 16 301 16 302 16 303 16 304 16 305 16 306 16 307 16 308 16 309 16 310 16 311 16 312 16 313 16 314 16 315 16 316 16 317 16 318 16 319 16 320 16 321 16 322 16 323 17 324 17 325 17 326 17 327 17 328 17 329 17 330 17 331 17 332 17 333 17 334 17 335 18 336 18 337 18 338 18 339 18 340 18 341 18 342 18 343 18 344 18 345 18 346 18 347 19 348 19 349 19 350 19 351 19 352 19 353 19 354 19 355 19 356 19 357 19 358 19 359 19 360 19 361 19 362 19 363 19 364 19 365 19 366 19 367 19 368 19 369 19 370 19 371 20 372 20 373 20 374 20 375 20 376 20 377 20 378 20 379 20 380 20 381 20 382 20 383 21 384 21 385 21 386 21 387 21 388 21 389 21 390 21 391 21 392 21 393 21 394 21 395 22 396 22 397 22 398 22 399 22 400 22 401 22 402 22 403 22 404 22 405 22 406 22 407 22 408 22 409 22 410 22 411 22 412 22 413 22 414 22 415 22 416 22 417 22 418 22 419 23 420 23 421 23 422 23 423 23 424 23 425 23 426 23 427 23 428 23 429 23 430 23 431 24 432 24 433 24 434 24 435 24 436 24 437 24 438 24 439 24 440 24 441 24 442 24 443 25 444 25 445 25 446 25 447 25 448 25 449 25 450 25 451 25 452 25 453 25 454 25 455 26 456 26 457 26 458 26 459 26 460 26 461 26 462 26 463 26 464 26 465 26 466 26 467 26 468 26 469 26 470 26 471 26 472 26 473 26 474 26 475 26 476 26 477 26 478 26 479 26 480 26 481 26 482 26 483 26 484 26 485 26 486 26 487 26 488 26 489 26 490 26 491 27 492 27 493 27 494 27 495 27 496 27 497 27 498 27 499 27 500 27 501 27 502 27 503 28 504 28 505 28 506 28 507 28 508 28 509 28 510 28 511 28 512 28 513 28 514 28 515 29 516 29 517 29 518 29 519 29 520 29 521 29 522 29 523 29 524 29 525 29 526 29 527 29 528 29 529 29 530 29 531 29 532 29 533 29 534 29 535 29 536 29 537 29 538 29 539 30 540 30 541 30 542 30 543 30 544 30 545 30 546 30 547 30 548 30 549 30 550 30 551 31 552 31 553 31 554 31 555 31 556 31 557 31 558 31 559 31 560 31 561 31 562 31 563 32 564 32 565 32 566 32 567 32 568 32 569 32 570 32 571 32 572 32 573 32 574 32 575 32 576 32 577 32 578 32 579 32 580 32 581 32 582 32 583 32 584 32 585 32 586 32 587 33 588 33 589 33 590 33 591 33 592 33 593 33 594 33 595 33 596 33 597 33 598 33 599 34 600 34 601 34 602 34 603 34 604 34 605 34 606 34 607 34 608 34 609 34 610 34 611 35 612 35 613 35 614 35 615 35 616 35 617 35 618 35 619 35 620 35 621 35 622 35 623 35 624 35 625 35 626 35 627 35 628 35 629 35 630 35 631 35 632 35 633 35 634 35 635 36 636 36 637 36 638 36 639 36 640 36 641 36 642 36 643 36 644 36 645 36 646 36 647 36 648 36 649 36 650 36 651 36 652 36 653 36 654 36 655 36 656 36 657 36 658 36 659 36 660 36 661 36 662 36 663 36 664 36 665 36 666 36 667 36 668 36 669 36 670 36 671 37 672 37 673 37 674 37 675 37 676 37 677 37 678 37 679 37 680 37 681 37 682 37 683 38 684 38 685 38 686 38 687 38 688 38 689 38 690 38 691 38 692 38 693 38 694 38 695 39 696 39 697 39 698 39 699 39 700 39 701 39 702 39 703 39 704 39 705 39 706 39 707 40 708 40 709 40 710 40 711 40 712 40 713 40 714 40 715 40 716 40 717 40 718 40 719 41 720 41 721 41 722 41 723 41 724 41 725 41 726 41 727 41 728 41 729 41 730 41 731 42 732 42 733 42 734 42 735 42 736 42 737 42 738 42 739 42 740 42 741 42 742 42 743 42 744 42 745 42 746 42 747 42 748 42 749 42 750 42 751 42 752 42 753 42 754 42 755 43 756 43 757 43 758 43 759 43 760 43 761 43 762 43 763 43 764 43 765 43 766 43 767 44 768 44 769 44 770 44 771 44 772 44 773 44 774 44 775 44 776 44 777 44 778 44 779 45 780 45 781 45 782 45 783 45 784 45 785 45 786 45 787 45 788 45 789 45 790 45 791 46 792 46 793 46 794 46 795 46 796 46 797 46 798 46 799 46 800 46 801 46 802 46 803 47 804 47 805 47 806 47 807 47 808 47 809 47 810 47 811 47 812 47 813 47 814 47 815 48 816 48 817 48 818 48 819 48 820 48 821 48 822 48 823 48 824 48 825 48 826 48 827 48 828 48 829 48 830 48 831 48 832 48 833 48 834 48 835 48 836 48 837 48 838 48 839 49 840 49 841 49 842 49 843 49 844 49 845 49 846 49 847 49 848 49 849 49 850 49 851 50 852 50 853 50 854 50 855 50 856 50 857 50 858 50 859 50 860 50 861 50 862 50 863 51 864 51 865 51 866 51 867 51 868 51 869 51 870 51 871 51 872 51 873 51 874 51 875 52 876 52 877 52 878 52 879 52 880 52 881 52 882 52 883 52 884 52 885 52 886 52 887 53 888 53 889 53 890 53 891 53 892 53 893 53 894 53 895 53 896 53 897 53 898 53 899 54 900 54 901 54 902 54 903 54 904 54 905 54 906 54 907 54 908 54 909 54 910 54 911 54 912 54 913 54 914 54 915 54 916 54 917 54 918 54 919 54 920 54 921 54 922 54 923 55 924 55 925 55 926 55 927 55 928 55 929 55 930 55 931 55 932 55 933 55 934 55 935 56 936 56 937 56 938 56 939 56 940 56 941 56 942 56 943 56 944 56 945 56 946 56 947 57 948 57 949 57 950 57 951 57 952 57 953 57 954 57 955 57 956 57 957 57 958 57 959 58 960 58 961 58 962 58 963 58 964 58 965 58 966 58 967 58 968 58 969 58 970 58 971 58 972 58 973 58 974 58 975 58 976 58 977 58 978 58 979 58 980 58 981 58 982 58 983 58 984 58 985 58 986 58 987 58 988 58 989 58 990 58 991 58 992 58 993 58 994 58 995 59 996 59 997 59 998 59 999 59 1000 59 1001 59 1002 59 1003 59 1004 59 1005 59 1006 59 1007 60 1008 60 1009 60 1010 60 1011 60 1012 60 1013 60 1014 60 1015 60 1016 60 1017 60 1018 60 1019 61 1020 61 1021 61 1022 61 1023 61 1024 61 1025 61 1026 61 1027 61 1028 61 1029 61 1030 61 1031 61 1032 61 1033 61 1034 61 1035 61 1036 61 1037 61 1038 61 1039 61 1040 61 1041 61 1042 61 1043 62 1044 62 1045 62 1046 62 1047 62 1048 62 1049 62 1050 62 1051 62 1052 62 1053 62 1054 62 1055 63 1056 63 1057 63 1058 63 1059 63 1060 63 1061 63 1062 63 1063 63 1064 63 1065 63 1066 63 1067 63 1068 63 1069 63 1070 63 1071 63 1072 63 1073 63 1074 63 1075 63 1076 63 1077 63 1078 63 1079 64 1080 64 1081 64 1082 64 1083 64 1084 64 1085 64 1086 64 1087 64 1088 64 1089 64 1090 64 1091 65 1092 65 1093 65 1094 65 1095 65 1096 65 1097 65 1098 65 1099 65 1100 65 1101 65 1102 65 1103 66 1104 66 1105 66 1106 66 1107 66 1108 66 1109 66 1110 66 1111 66 1112 66 1113 66 1114 66 1115 66 1116 66 1117 66 1118 66 1119 66 1120 66 1121 66 1122 66 1123 66 1124 66 1125 66 1126 66 1127 </v>
        </vertex_weights>
      </skin>
    </controller>
  </library_controllers>
  <library_visual_scenes>
    <visual_scene id="Scene" name="Scene">
      <node id="Bip01" sid="Bip01" name="Bip01" type="JOINT">
        <matrix sid="matrix">-7.22396726e-05 1 -2.27644832e-05 2.09835005 -0.953764617 -7.57416128e-05 -0.300554514 20.4918175 -0.300554514 0 0.953764617 -333.872925 0 0 0 1</matrix>
        <instance_controller url="#mesh_0-skin">
          <skeleton>#Bip01</skeleton>
          <bind_material>
            <technique_common>
              <instance_material symbol="defaultMaterial" target="#SkeletonMaterial">
              </instance_material>
            </technique_common>
          </bind_material>
        </instance_controller>
        <node id="Bip01WPelvis" sid="Bip01WPelvis" name="Bip01 Pelvis" type="JOINT">
          <matrix sid="matrix">3.13916473e-07 1 -1.26759085e-06 18.0396137 0 1.26759085e-06 1 0 1 -3.13916473e-07 3.97917647e-13 0 0 0 0 1</matrix>
          <node id="Bip01WLWLeg" sid="Bip01WLWLeg" name="Bip01 L Leg" type="JOINT">
            <matrix sid="matrix">-0.895505369 0.348613888 -0.276656151 -5.99999985e-05 0.0250744298 0.660161495 0.750705063 9.00000014e-05 0.444343895 0.665323436 -0.599919438 42.3903008 0 0 0 1</matrix>
            <node id="Bip01WLWLeg1" sid="Bip01WLWLeg1" name="Bip01 L Leg1" type="JOINT">
              <matrix sid="matrix">0.424293339 0.90552479 0 164.303497 -0.90552479 0.424293339 0 1.49999996e-05 0 0 1 0 0 0 0 1</matrix>
            </node>
          </node>
          <node id="Bip01WRWLeg" sid="Bip01WRWLeg" name="Bip01 R Leg" type="JOINT">
            <matrix sid="matrix">-0.908677697 0.33043617 0.255179733 5.99999985e-05 0.0241592545 0.651804388 -0.758002162 -2.99999992e-05 -0.416798621 -0.682614803 -0.600263238 -42.3903008 0 0 0 1</matrix>
            <node id="Bip01WRWLeg1" sid="Bip01WRWLeg1" name="Bip01 R Leg1" type="JOINT">
              <matrix sid="matrix">0.3912462 0.920286059 0 164.303497 -0.920286059 0.3912462 0 -1.49999996e-05 0 0 1 0 0 0 0 1</matrix>
            </node>
          </node>
          <node id="Bip01WSpine" sid="Bip01WSpine" name="Bip01 Spine" type="JOINT">
            <matrix sid="matrix">0.998588622 -0.0531109981 -1.26414352e-06 54.7533836 0.0531109981 0.998588622 4.93983225e-06 -0.057585001 9.99999997e-07 -4.99999987e-06 1 7.50000036e-05 0 0 0 1</matrix>
            <node id="Bip01WSpine1" sid="Bip01WSpine1" name="Bip01 Spine1" type="JOINT">
              <matrix sid="matrix">0.979947209 0.199257329 7.80689902e-07 73.4605637 -0.199257329 0.979947209 -1.17920456e-06 -0.080430001 -9.99999997e-07 9.99999997e-07 1 0 0 0 0 1</matrix>
              <node id="Bip01WSpine2" sid="Bip01WSpine2" name="Bip01 Spine2" type="JOINT">
                <matrix sid="matrix">0.979945779 0.199264199 0 102.123421 -0.199264199 0.979945779 0 -0.0560999997 0 0 1 0 0 0 0 1</matrix>
                <node id="Bip01WNeck" sid="Bip01WNeck" name="Bip01 Neck" type="JOINT">
                  <matrix sid="matrix">0.55642277 -0.830899358 -1.94374479e-06 71.3426971 0.830899358 0.55642277 -1.10537599e-06 -0.00430499995 1.99999999e-06 -9.99999997e-07 1 0 0 0 0 1</matrix>
                  <node id="Bip01WLWArm" sid="Bip01WLWArm" name="Bip01 L Arm" type="JOINT">
                    <matrix sid="matrix">-0.347627491 -0.808432341 0.474965632 7.50000036e-05 0.118408583 -0.540353656 -0.833065033 0.00754499994 0.930126071 -0.233356312 0.283567131 45.3576317 0 0 0 1</matrix>
                    <node id="Bip01WLWArm1" sid="Bip01WLWArm1" name="Bip01 L Arm1" type="JOINT">
                      <matrix sid="matrix">0.866550863 0.460004836 0.193610817 106.908356 0.0704108253 0.271370381 -0.959896028 0 -0.494097084 0.84543103 0.202766925 -1.49999996e-05 0 0 0 1</matrix>
                      <node id="Bip01WLWArm2" sid="Bip01WLWArm2" name="Bip01 L Arm2" type="JOINT">
                        <matrix sid="matrix">0.0727559179 0.997349799 0 204.745193 -0.997349799 0.0727559179 0 -1.49999996e-05 0 0 1 -2.99999992e-05 0 0 0 1</matrix>
                        <node id="Bip01WLWHand" sid="Bip01WLWHand" name="Bip01 L Hand" type="JOINT">
                          <matrix sid="matrix">0.787083805 0.49214527 -0.371876597 261.158173 0.589930356 -0.776708484 0.22069481 -1.49999996e-05 -0.18022579 -0.393086582 -0.901666045 -2.99999992e-05 0 0 0 1</matrix>
                          <node id="Bip01WLWFinger0" sid="Bip01WLWFinger0" name="Bip01 L Finger0" type="JOINT">
                            <matrix sid="matrix">0.974250793 -0.0166821517 0.224849194 93.2069855 0.0171515085 0.999852955 -0.000134193338 -6.12795019 -0.224813864 0.00398724061 0.974393606 -14.1053085 0 0 0 1</matrix>
                            <node id="Bip01WLWFinger01" sid="Bip01WLWFinger01" name="Bip01 L Finger01" type="JOINT">
                              <matrix sid="matrix">0.609130144 -0.793070257 0 63.0556068 0.793070257 0.609130144 0 0 0 0 1 5.99999985e-05 0 0 0 1</matrix>
                              <node id="Bip01WLWFinger02" sid="Bip01WLWFinger02" name="Bip01 L Finger02" type="JOINT">
                                <matrix sid="matrix">0.649781048 -0.760121465 0 58.4985886 0.760121465 0.649781048 0 2.99999992e-05 0 0 1 -5.99999985e-05 0 0 0 1</matrix>
                              </node>
                            </node>
                          </node>
                          <node id="Bip01WLWFinger1" sid="Bip01WLWFinger1" name="Bip01 L Finger1" type="JOINT">
                            <matrix sid="matrix">0.887247503 -0.168293744 -0.429498732 93.7465134 0.182365984 0.983193755 -0.00852526724 -14.09097 0.423715204 -0.0707619339 0.903027177 15.8642845 0 0 0 1</matrix>
                            <node id="Bip01WLWFinger11" sid="Bip01WLWFinger11" name="Bip01 L Finger11" type="JOINT">
                              <matrix sid="matrix">0.814297736 -0.580447376 0 52.4580307 0.580447376 0.814297736 0 0 0 0 1 -1.49999996e-05 0 0 0 1</matrix>
                              <node id="Bip01WLWFinger12" sid="Bip01WLWFinger12" name="Bip01 L Finger12" type="JOINT">
                                <matrix sid="matrix">0.995400786 -0.0957978666 0 48.7488441 0.0957978666 0.995400786 0 1.49999996e-05 0 0 1 0 0 0 0 1</matrix>
                              </node>
                            </node>
                          </node>
                          <node id="Bone42" sid="Bone42" name="Bone42" type="JOINT">
                            <matrix sid="matrix">-0.112292133 -0.555503011 0.823897362 21.703846 -0.992040932 0.110206619 -0.0609035604 13.8886652 -0.05696683 -0.824178934 -0.563457131 -12.1508551 0 0 0 1</matrix>
                            <node id="Bone43" sid="Bone43" name="Bone43" type="JOINT">
                              <matrix sid="matrix">1 0 0 -18.2648849 0 1 0 5.89184999 0 0 1 1.49999996e-05 0 0 0 1</matrix>
                              <node id="Bone44" sid="Bone44" name="Bone44" type="JOINT">
                                <matrix sid="matrix">1 0 0 -39.6990128 0 1 0 23.2169552 0 0 1 0.499785006 0 0 0 1</matrix>
                              </node>
                            </node>
                          </node>
                        </node>
                      </node>
                    </node>
                  </node>
                  <node id="Bip01WRWArm" sid="Bip01WRWArm" name="Bip01 R Arm" type="JOINT">
                    <matrix sid="matrix">-0.367990077 -0.808420837 -0.459389806 7.50000036e-05 0.154604003 -0.540377796 0.827096939 0.00779999979 -0.916886508 0.23333998 0.32383877 -45.3576317 0 0 0 1</matrix>
                    <node id="Bip01WRWArm1" sid="Bip01WRWArm1" name="Bip01 R Arm1" type="JOINT">
                      <matrix sid="matrix">0.878934026 0.439076871 -0.186242864 106.908356 0.070489876 0.266615599 0.961221755 0 0.471705496 -0.857978761 0.203387037 2.99999992e-05 0 0 0 1</matrix>
                      <node id="Bip01WRWArm2" sid="Bip01WRWArm2" name="Bip01 R Arm2" type="JOINT">
                        <matrix sid="matrix">0.10723076 0.994234145 0 204.745193 -0.994234145 0.10723076 0 1.49999996e-05 0 0 1 0 0 0 0 1</matrix>
                        <node id="Bip01WRWHand" sid="Bip01WRWHand" name="Bip01 R Hand" type="JOINT">
                          <matrix sid="matrix">0.799698532 0.471735656 0.371413112 261.158234 0.569410264 -0.792069435 -0.219995379 0 0.190405324 0.387416422 -0.902027845 1.49999996e-05 0 0 0 1</matrix>
                          <node id="Bip01WRWFinger0" sid="Bip01WRWFinger0" name="Bip01 R Finger0" type="JOINT">
                            <matrix sid="matrix">0.968179822 -4.29572538e-08 -0.250255466 91.0388489 -0.000277867628 0.999999344 -0.00107517641 -10.4700298 0.250255346 0.00111050205 0.968179226 14.9661751 0 0 0 1</matrix>
                            <node id="Bip01WRWFinger01" sid="Bip01WRWFinger01" name="Bip01 R Finger01" type="JOINT">
                              <matrix sid="matrix">0.485281706 -0.874357879 0 63.0555573 0.874357879 0.485281706 0 0 0 0 1 2.99999992e-05 0 0 0 1</matrix>
                              <node id="Bip01WRWFinger02" sid="Bip01WRWFinger02" name="Bip01 R Finger02" type="JOINT">
                                <matrix sid="matrix">0.725639522 -0.688075066 0 58.4986496 0.688075066 0.725639522 0 -2.99999992e-05 0 0 1 0 0 0 0 1</matrix>
                              </node>
                            </node>
                          </node>
                          <node id="Bip01WRWFinger1" sid="Bip01WRWFinger1" name="Bip01 R Finger1" type="JOINT">
                            <matrix sid="matrix">0.898180902 -0.168292537 0.406138688 91.4943619 0.182525724 0.983193934 0.00375016779 -12.63591 -0.399944216 0.0707624406 0.913803756 -15.0522747 0 0 0 1</matrix>
                            <node id="Bip01WRWFinger11" sid="Bip01WRWFinger11" name="Bip01 R Finger11" type="JOINT">
                              <matrix sid="matrix">0.848198235 -0.529678941 0 52.4580307 0.529678941 0.848198235 0 0 0 0 1 0 0 0 0 1</matrix>
                              <node id="Bip01WRWFinger12" sid="Bip01WRWFinger12" name="Bip01 R Finger12" type="JOINT">
                                <matrix sid="matrix">0.999657691 -0.0261640139 0 36.9309158 0.0261640139 0.999657691 0 4.50000007e-05 0 0 1 0 0 0 0 1</matrix>
                              </node>
                            </node>
                          </node>
                          <node id="Bone48" sid="Bone48" name="Bone48" type="JOINT">
                            <matrix sid="matrix">0.12653777 -0.933511198 0.335477293 15.5620499 0.990207255 0.138977289 0.0132296607 12.2036257 -0.0589737594 0.330517977 0.941955388 15.5721149 0 0 0 1</matrix>
                            <node id="Bone49" sid="Bone49" name="Bone49" type="JOINT">
                              <matrix sid="matrix">1 0 0 12.9621449 0 1 0 4.4477849 0 0 1 2.5518899 0 0 0 1</matrix>
                              <node id="Bone50" sid="Bone50" name="Bone50" type="JOINT">
                                <matrix sid="matrix">1 0 0 40.3342171 0 1 0 18.3247204 0 0 1 14.1759892 0 0 0 1</matrix>
                              </node>
                            </node>
                          </node>
                        </node>
                      </node>
                    </node>
                  </node>
                  <node id="Bip01WHead" sid="Bip01WHead" name="Bip01 Head" type="JOINT">
                    <matrix sid="matrix">0.989623785 0.143682957 0 9.67821026 -0.143682957 0.989623785 0 -1.49999996e-05 0 0 1 0 0 0 0 1</matrix>
                    <node id="Dummy05" sid="Dummy05" name="Dummy05" type="JOINT">
                      <matrix sid="matrix">-0.556235075 0.754948676 -0.347354382 81.0630264 -0.640345097 -0.655783951 -0.399881989 -207.778519 -0.529679775 -1.69639543e-06 0.848197699 173.086243 0 0 0 1</matrix>
                      <node id="Bone13" sid="Bone13" name="Bone13" type="JOINT">
                        <matrix sid="matrix">-0.0839343518 0.0201399028 0.996267676 2.82796502 0.233323902 0.972398996 -1.1920929e-07 -3.51265502 -0.968769848 0.232453063 -0.0863168016 1.94488502 0 0 0 1</matrix>
                        <node id="Bone14" sid="Bone14" name="Bone14" type="JOINT">
                          <matrix sid="matrix">0.492901504 -0.87008512 0 22.5346336 0.87008512 0.492901504 0 121.623573 0 0 1 1.25507998 0 0 0 1</matrix>
                          <node id="Bone15" sid="Bone15" name="Bone15" type="JOINT">
                            <matrix sid="matrix">0.945577979 -0.325395525 0 80.049942 0.325395525 0.945577979 0 105.817558 0 0 1 2.42451 0 0 0 1</matrix>
                            <node id="Bone16" sid="Bone16" name="Bone16" type="JOINT">
                              <matrix sid="matrix">0.838839173 -0.544379354 0 40.4550896 0.544379354 0.838839173 0 15.5442753 0 0 1 -1.44835496 0 0 0 1</matrix>
                              <node id="Bone17" sid="Bone17" name="Bone17" type="JOINT">
                                <matrix sid="matrix">1 0 0 63.7773857 0 1 0 14.456295 0 0 1 0 0 0 0 1</matrix>
                              </node>
                            </node>
                          </node>
                        </node>
                      </node>
                    </node>
                    <node id="Dummy04" sid="Dummy04" name="Dummy04" type="JOINT">
                      <matrix sid="matrix">0.389905721 0.754948139 0.527282476 82.2007828 0.448863 -0.655784488 0.607016265 -210.024597 0.804049432 -1.50732376e-06 -0.594562411 -194.849457 0 0 0 1</matrix>
                      <node id="Bone07" sid="Bone07" name="Bone07" type="JOINT">
                        <matrix sid="matrix">-0.909705937 -0.414324284 0.0277585648 -0.467415005 -0.414483845 0.91005671 4.84008342e-06 -1.70406008 -0.025263872 -0.0115010738 -0.999614656 -1.15401006 0 0 0 1</matrix>
                        <node id="Bone08" sid="Bone08" name="Bone08" type="JOINT">
                          <matrix sid="matrix">0.743393183 0.668854654 0 -19.1946907 -0.668854654 0.743393183 0 126.684952 0 0 1 0 0 0 0 1</matrix>
                          <node id="Bone09" sid="Bone09" name="Bone09" type="JOINT">
                            <matrix sid="matrix">0.804049015 0.594563007 0 -73.1656647 -0.594563007 0.804049015 0 92.6062775 0 0 1 -0.130740002 0 0 0 1</matrix>
                            <node id="Bone10" sid="Bone10" name="Bone10" type="JOINT">
                              <matrix sid="matrix">0.85731256 0.514796257 0 -55.7440338 -0.514796257 0.85731256 0 22.9194298 0 0 1 -0.172665 0 0 0 1</matrix>
                              <node id="Bone11" sid="Bone11" name="Bone11" type="JOINT">
                                <matrix sid="matrix">1 0 0 -47.8988991 0 1 0 11.3225546 0 0 1 -0.0280200001 0 0 0 1</matrix>
                              </node>
                            </node>
                          </node>
                        </node>
                      </node>
                    </node>
                    <node id="Dummy03" sid="Dummy03" name="Dummy03" type="JOINT">
                      <matrix sid="matrix">-0.655784011 0.754948556 8.54113068e-07 319.59079 -0.754948556 -0.655784011 -2.06651657e-06 72.5000916 -9.99999997e-07 -1.99999999e-06 1 -11.5561056 0 0 0 1</matrix>
                      <node id="Bone01" sid="Bone01" name="Bone01" type="JOINT">
                        <matrix sid="matrix">1 0 0 -6.33137989 0 1 0 3.61813498 0 0 1 -1.15371001 0 0 0 1</matrix>
                        <node id="Bone02" sid="Bone02" name="Bone02" type="JOINT">
                          <matrix sid="matrix">0.80405736 -0.594551742 0 13.9059753 0.594551742 0.80405736 0 131.411453 0 0 1 -1.49999996e-05 0 0 0 1</matrix>
                          <node id="Bone03" sid="Bone03" name="Bone03" type="JOINT">
                            <matrix sid="matrix">0.870484769 -0.492195398 0 89.6935196 0.492195398 0.870484769 0 94.5605698 0 0 1 -1.49999996e-05 0 0 0 1</matrix>
                            <node id="Bone04" sid="Bone04" name="Bone04" type="JOINT">
                              <matrix sid="matrix">0.910053611 -0.41449061 0 58.4050674 0.41449061 0.910053611 0 22.2495899 0 0 1 -1.49999996e-05 0 0 0 1</matrix>
                              <node id="Bone05" sid="Bone05" name="Bone05" type="JOINT">
                                <matrix sid="matrix">1 0 0 67.4439621 0 1 0 10.4294548 0 0 1 -1.49999996e-05 0 0 0 1</matrix>
                              </node>
                            </node>
                          </node>
                        </node>
                      </node>
                    </node>
                  </node>
                </node>
              </node>
              <node id="Dummy08" sid="Dummy08" name="Dummy08" type="JOINT">
                <matrix sid="matrix">-0.0269594155 0.999636531 -5.39188321e-08 48.2818642 -0.999636531 -0.0269594155 -1.99927308e-06 76.4357834 -1.99999999e-06 0 1 -2.44960499 0 0 0 1</matrix>
                <node id="Bone25" sid="Bone25" name="Bone25" type="JOINT">
                  <matrix sid="matrix">0.78821826 -0.615395784 0 -11.4083252 0.615395784 0.78821826 0 10.6257305 0 0 1 3.98608494 0 0 0 1</matrix>
                  <node id="Bone26" sid="Bone26" name="Bone26" type="JOINT">
                    <matrix sid="matrix">0.999050021 0.0435781926 0 -142.238449 -0.0435781926 0.999050021 0 -45.0019951 0 0 1 0 0 0 0 1</matrix>
                    <node id="Bone27" sid="Bone27" name="Bone27" type="JOINT">
                      <matrix sid="matrix">1 0 0 -103.665321 0 1 0 24.1082401 0 0 1 0 0 0 0 1</matrix>
                      <node id="Bone28" sid="Bone28" name="Bone28" type="JOINT">
                        <matrix sid="matrix">0.930487812 0.366322786 0 -48.2164192 -0.366322786 0.930487812 0 25.7154007 0 0 1 10.0843048 0 0 0 1</matrix>
                        <node id="Bone29" sid="Bone29" name="Bone29" type="JOINT">
                          <matrix sid="matrix">0.834053159 0.551684022 0 -36.9659386 -0.551684022 0.834053159 0 15.2685442 0 0 1 14.6828852 0 0 0 1</matrix>
                          <node id="Bone30" sid="Bone30" name="Bone30" type="JOINT">
                            <matrix sid="matrix">1 0 0 -30.537075 0 1 0 -16.8757343 0 0 1 15.8260956 0 0 0 1</matrix>
                          </node>
                        </node>
                      </node>
                      <node id="Bone33" sid="Bone33" name="Bone33" type="JOINT">
                        <matrix sid="matrix">0.92058754 -0.390536219 0 -16.8757496 0.390536219 0.92058754 0 -8.03608513 0 0 1 -0.000630000024 0 0 0 1</matrix>
                        <node id="Bone34" sid="Bone34" name="Bone34" type="JOINT">
                          <matrix sid="matrix">0.968181849 -0.250247627 0 -12.0541201 0.250247627 0.968181849 0 -37.7695045 0 0 1 0 0 0 0 1</matrix>
                        </node>
                      </node>
                      <node id="Bone37" sid="Bone37" name="Bone37" type="JOINT">
                        <matrix sid="matrix">0.913634896 0.406535625 0 -47.3888702 -0.406535625 0.913634896 0 26.2092743 0 0 1 -9.20848465 0 0 0 1</matrix>
                        <node id="Bone38" sid="Bone38" name="Bone38" type="JOINT">
                          <matrix sid="matrix">0.866164744 0.499758571 0 -36.1623306 -0.499758571 0.866164744 0 15.2685442 0 0 1 -12.9304504 0 0 0 1</matrix>
                          <node id="Bone39" sid="Bone39" name="Bone39" type="JOINT">
                            <matrix sid="matrix">1 0 0 -36.9659119 0 1 0 -20.0902042 0 0 1 -19.8294907 0 0 0 1</matrix>
                          </node>
                        </node>
                      </node>
                    </node>
                  </node>
                </node>
              </node>
            </node>
          </node>
        </node>
      </node>
    </visual_scene>
  </library_visual_scenes>
  <library_animations>
    <animation id="animation_0" name="">
      <sampler id="Bip01_matrix-sampler">
        <input semantic="INPUT" source="#Bip01_matrix-input"/>
        <input semantic="OUTPUT" source="#Bip01_matrix-output"/>
        <input semantic="INTERPOLATION" source="#Bip01_matrix-interpolation"/>
      </sampler>
      <sampler id="Bip01WPelvis_matrix-sampler">
        <input semantic="INPUT" source="#Bip01WPelvis_matrix-input"/>
        <input semantic="OUTPUT" source="#Bip01WPelvis_matrix-output"/>
        <input semantic="INTERPOLATION" source="#Bip01WPelvis_matrix-interpolation"/>
      </sampler>
      <sampler id="Bip01WLWLeg_matrix-sampler">
        <input semantic="INPUT" source="#Bip01WLWLeg_matrix-input"/>
        <input semantic="OUTPUT" source="#Bip01WLWLeg_matrix-output"/>
        <input semantic="INTERPOLATION" source="#Bip01WLWLeg_matrix-interpolation"/>
      </sampler>
      <sampler id="Bip01WLWLeg1_matrix-sampler">
        <input semantic="INPUT" source="#Bip01WLWLeg1_matrix-input"/>
        <input semantic="OUTPUT" source="#Bip01WLWLeg1_matrix-output"/>
        <input semantic="INTERPOLATION" source="#Bip01WLWLeg1_matrix-interpolation"/>
      </sampler>
      <sampler id="Bip01WRWLeg_matrix-sampler">
        <input semantic="INPUT" source="#Bip01WRWLeg_matrix-input"/>
        <input semantic="OUTPUT" source="#Bip01WRWLeg_matrix-output"/>
        <input semantic="INTERPOLATION" source="#Bip01WRWLeg_matrix-interpolation"/>
      </sampler>
      <sampler id="Bip01WRWLeg1_matrix-sampler">
        <input semantic="INPUT" source="#Bip01WRWLeg1_matrix-input"/>
        <input semantic="OUTPUT" source="#Bip01WRWLeg1_matrix-output"/>
        <input semantic="INTERPOLATION" source="#Bip01WRWLeg1_matrix-interpolation"/>
      </sampler>
      <sampler id="Bip01WSpine_matrix-sampler">
        <input semantic="INPUT" source="#Bip01WSpine_matrix-input"/>
        <input semantic="OUTPUT" source="#Bip01WSpine_matrix-output"/>
        <input semantic="INTERPOLATION" source="#Bip01WSpine_matrix-interpolation"/>
      </sampler>
      <sampler id="Bip01WSpine1_matrix-sampler">
        <input semantic="INPUT" source="#Bip01WSpine1_matrix-input"/>
        <input semantic="OUTPUT" source="#Bip01WSpine1_matrix-output"/>
        <input semantic="INTERPOLATION" source="#Bip01WSpine1_matrix-interpolation"/>
      </sampler>
      <sampler id="Bip01WSpine2_matrix-sampler">
        <input semantic="INPUT" source="#Bip01WSpine2_matrix-input"/>
        <input semantic="OUTPUT" source="#Bip01WSpine2_matrix-output"/>
        <input semantic="INTERPOLATION" source="#Bip01WSpine2_matrix-interpolation"/>
      </sampler>
      <sampler id="Bip01WNeck_matrix-sampler">
        <input semantic="INPUT" source="#Bip01WNeck_matrix-input"/>
        <input semantic="OUTPUT" source="#Bip01WNeck_matrix-output"/>
        <input semantic="INTERPOLATION" source="#Bip01WNeck_matrix-interpolation"/>
      </sampler>
      <sampler id="Bip01WLWArm_matrix-sampler">
        <input semantic="INPUT" source="#Bip01WLWArm_matrix-input"/>
        <input semantic="OUTPUT" source="#Bip01WLWArm_matrix-output"/>
        <input semantic="INTERPOLATION" source="#Bip01WLWArm_matrix-interpolation"/>
      </sampler>
      <sampler id="Bip01WLWArm1_matrix-sampler">
        <input semantic="INPUT" source="#Bip01WLWArm1_matrix-input"/>
        <input semantic="OUTPUT" source="#Bip01WLWArm1_matrix-output"/>
        <input semantic="INTERPOLATION" source="#Bip01WLWArm1_matrix-interpolation"/>
      </sampler>
      <sampler id="Bip01WLWArm2_matrix-sampler">
        <input semantic="INPUT" source="#Bip01WLWArm2_matrix-input"/>
        <input semantic="OUTPUT" source="#Bip01WLWArm2_matrix-output"/>
        <input semantic="INTERPOLATION" source="#Bip01WLWArm2_matrix-interpolation"/>
      </sampler>
      <sampler id="Bip01WLWHand_matrix-sampler">
        <input semantic="INPUT" source="#Bip01WLWHand_matrix-input"/>
        <input semantic="OUTPUT" source="#Bip01WLWHand_matrix-output"/>
        <input semantic="INTERPOLATION" source="#Bip01WLWHand_matrix-interpolation"/>
      </sampler>
      <sampler id="Bip01WLWFinger0_matrix-sampler">
        <input semantic="INPUT" source="#Bip01WLWFinger0_matrix-input"/>
        <input semantic="OUTPUT" source="#Bip01WLWFinger0_matrix-output"/>
        <input semantic="INTERPOLATION" source="#Bip01WLWFinger0_matrix-interpolation"/>
      </sampler>
      <sampler id="Bip01WLWFinger01_matrix-sampler">
        <input semantic="INPUT" source="#Bip01WLWFinger01_matrix-input"/>
        <input semantic="OUTPUT" source="#Bip01WLWFinger01_matrix-output"/>
        <input semantic="INTERPOLATION" source="#Bip01WLWFinger01_matrix-interpolation"/>
      </sampler>
      <sampler id="Bip01WLWFinger02_matrix-sampler">
        <input semantic="INPUT" source="#Bip01WLWFinger02_matrix-input"/>
        <input semantic="OUTPUT" source="#Bip01WLWFinger02_matrix-output"/>
        <input semantic="INTERPOLATION" source="#Bip01WLWFinger02_matrix-interpolation"/>
      </sampler>
      <sampler id="Bip01WLWFinger1_matrix-sampler">
        <input semantic="INPUT" source="#Bip01WLWFinger1_matrix-input"/>
        <input semantic="OUTPUT" source="#Bip01WLWFinger1_matrix-output"/>
        <input semantic="INTERPOLATION" source="#Bip01WLWFinger1_matrix-interpolation"/>
      </sampler>
      <sampler id="Bip01WLWFinger11_matrix-sampler">
        <input semantic="INPUT" source="#Bip01WLWFinger11_matrix-input"/>
        <input semantic="OUTPUT" source="#Bip01WLWFinger11_matrix-output"/>
        <input semantic="INTERPOLATION" source="#Bip01WLWFinger11_matrix-interpolation"/>
      </sampler>
      <sampler id="Bip01WLWFinger12_matrix-sampler">
        <input semantic="INPUT" source="#Bip01WLWFinger12_matrix-input"/>
        <input semantic="OUTPUT" source="#Bip01WLWFinger12_matrix-output"/>
        <input semantic="INTERPOLATION" source="#Bip01WLWFinger12_matrix-interpolation"/>
      </sampler>
      <sampler id="Bone42_matrix-sampler">
        <input semantic="INPUT" source="#Bone42_matrix-input"/>
        <input semantic="OUTPUT" source="#Bone42_matrix-output"/>
        <input semantic="INTERPOLATION" source="#Bone42_matrix-interpolation"/>
      </sampler>
      <sampler id="Bone43_matrix-sampler">
        <input semantic="INPUT" source="#Bone43_matrix-input"/>
        <input semantic="OUTPUT" source="#Bone43_matrix-output"/>
        <input semantic="INTERPOLATION" source="#Bone43_matrix-interpolation"/>
      </sampler>
      <sampler id="Bone44_matrix-sampler">
        <input semantic="INPUT" source="#Bone44_matrix-input"/>
        <input semantic="OUTPUT" source="#Bone44_matrix-output"/>
        <input semantic="INTERPOLATION" source="#Bone44_matrix-interpolation"/>
      </sampler>
      <sampler id="Bip01WRWArm_matrix-sampler">
        <input semantic="INPUT" source="#Bip01WRWArm_matrix-input"/>
        <input semantic="OUTPUT" source="#Bip01WRWArm_matrix-output"/>
        <input semantic="INTERPOLATION" source="#Bip01WRWArm_matrix-interpolation"/>
      </sampler>
      <sampler id="Bip01WRWArm1_matrix-sampler">
        <input semantic="INPUT" source="#Bip01WRWArm1_matrix-input"/>
        <input semantic="OUTPUT" source="#Bip01WRWArm1_matrix-output"/>
        <input semantic="INTERPOLATION" source="#Bip01WRWArm1_matrix-interpolation"/>
      </sampler>
      <sampler id="Bip01WRWArm2_matrix-sampler">
        <input semantic="INPUT" source="#Bip01WRWArm2_matrix-input"/>
        <input semantic="OUTPUT" source="#Bip01WRWArm2_matrix-output"/>
        <input semantic="INTERPOLATION" source="#Bip01WRWArm2_matrix-interpolation"/>
      </sampler>
      <sampler id="Bip01WRWHand_matrix-sampler">
        <input semantic="INPUT" source="#Bip01WRWHand_matrix-input"/>
        <input semantic="OUTPUT" source="#Bip01WRWHand_matrix-output"/>
        <input semantic="INTERPOLATION" source="#Bip01WRWHand_matrix-interpolation"/>
      </sampler>
      <sampler id="Bip01WRWFinger0_matrix-sampler">
        <input semantic="INPUT" source="#Bip01WRWFinger0_matrix-input"/>
        <input semantic="OUTPUT" source="#Bip01WRWFinger0_matrix-output"/>
        <input semantic="INTERPOLATION" source="#Bip01WRWFinger0_matrix-interpolation"/>
      </sampler>
      <sampler id="Bip01WRWFinger01_matrix-sampler">
        <input semantic="INPUT" source="#Bip01WRWFinger01_matrix-input"/>
        <input semantic="OUTPUT" source="#Bip01WRWFinger01_matrix-output"/>
        <input semantic="INTERPOLATION" source="#Bip01WRWFinger01_matrix-interpolation"/>
      </sampler>
      <sampler id="Bip01WRWFinger02_matrix-sampler">
        <input semantic="INPUT" source="#Bip01WRWFinger02_matrix-input"/>
        <input semantic="OUTPUT" source="#Bip01WRWFinger02_matrix-output"/>
        <input semantic="INTERPOLATION" source="#Bip01WRWFinger02_matrix-interpolation"/>
      </sampler>
      <sampler id="Bip01WRWFinger1_matrix-sampler">
        <input semantic="INPUT" source="#Bip01WRWFinger1_matrix-input"/>
        <input semantic="OUTPUT" source="#Bip01WRWFinger1_matrix-output"/>
        <input semantic="INTERPOLATION" source="#Bip01WRWFinger1_matrix-interpolation"/>
      </sampler>
      <sampler id="Bip01WRWFinger11_matrix-sampler">
        <input semantic="INPUT" source="#Bip01WRWFinger11_matrix-input"/>
        <input semantic="OUTPUT" source="#Bip01WRWFinger11_matrix-output"/>
        <input semantic="INTERPOLATION" source="#Bip01WRWFinger11_matrix-interpolation"/>
      </sampler>
      <sampler id="Bip01WRWFinger12_matrix-sampler">
        <input semantic="INPUT" source="#Bip01WRWFinger12_matrix-input"/>
        <input semantic="OUTPUT" source="#Bip01WRWFinger12_matrix-output"/>
        <input semantic="INTERPOLATION" source="#Bip01WRWFinger12_matrix-interpolation"/>
      </sampler>
      <sampler id="Bone48_matrix-sampler">
        <input semantic="INPUT" source="#Bone48_matrix-input"/>
        <input semantic="OUTPUT" source="#Bone48_matrix-output"/>
        <input semantic="INTERPOLATION" source="#Bone48_matrix-interpolation"/>
      </sampler>
      <sampler id="Bone49_matrix-sampler">
        <input semantic="INPUT" source="#Bone49_matrix-input"/>
        <input semantic="OUTPUT" source="#Bone49_matrix-output"/>
        <input semantic="INTERPOLATION" source="#Bone49_matrix-interpolation"/>
      </sampler>
      <sampler id="Bone50_matrix-sampler">
        <input semantic="INPUT" source="#Bone50_matrix-input"/>
        <input semantic="OUTPUT" source="#Bone50_matrix-output"/>
        <input semantic="INTERPOLATION" source="#Bone50_matrix-interpolation"/>
      </sampler>
      <sampler id="Bip01WHead_matrix-sampler">
        <input semantic="INPUT" source="#Bip01WHead_matrix-input"/>
        <input semantic="OUTPUT" source="#Bip01WHead_matrix-output"/>
        <input semantic="INTERPOLATION" source="#Bip01WHead_matrix-interpolation"/>
      </sampler>
      <sampler id="Dummy05_matrix-sampler">
        <input semantic="INPUT" source="#Dummy05_matrix-input"/>
        <input semantic="OUTPUT" source="#Dummy05_matrix-output"/>
        <input semantic="INTERPOLATION" source="#Dummy05_matrix-interpolation"/>
      </sampler>
      <sampler id="Bone13_matrix-sampler">
        <input semantic="INPUT" source="#Bone13_matrix-input"/>
        <input semantic="OUTPUT" source="#Bone13_matrix-output"/>
        <input semantic="INTERPOLATION" source="#Bone13_matrix-interpolation"/>
      </sampler>
      <sampler id="Bone14_matrix-sampler">
        <input semantic="INPUT" source="#Bone14_matrix-input"/>
        <input semantic="OUTPUT" source="#Bone14_matrix-output"/>
        <input semantic="INTERPOLATION" source="#Bone14_matrix-interpolation"/>
      </sampler>
      <sampler id="Bone15_matrix-sampler">
        <input semantic="INPUT" source="#Bone15_matrix-input"/>
        <input semantic="OUTPUT" source="#Bone15_matrix-output"/>
        <input semantic="INTERPOLATION" source="#Bone15_matrix-interpolation"/>
      </sampler>
      <sampler id="Bone16_matrix-sampler">
        <input semantic="INPUT" source="#Bone16_matrix-input"/>
        <input semantic="OUTPUT" source="#Bone16_matrix-output"/>
        <input semantic="INTERPOLATION" source="#Bone16_matrix-interpolation"/>
      </sampler>
      <sampler id="Bone17_matrix-sampler">
        <input semantic="INPUT" source="#Bone17_matrix-input"/>
        <input semantic="OUTPUT" source="#Bone17_matrix-output"/>
        <input semantic="INTERPOLATION" source="#Bone17_matrix-interpolation"/>
      </sampler>
      <sampler id="Dummy04_matrix-sampler">
        <input semantic="INPUT" source="#Dummy04_matrix-input"/>
        <input semantic="OUTPUT" source="#Dummy04_matrix-output"/>
        <input semantic="INTERPOLATION" source="#Dummy04_matrix-interpolation"/>
      </sampler>
      <sampler id="Bone07_matrix-sampler">
        <input semantic="INPUT" source="#Bone07_matrix-input"/>
        <input semantic="OUTPUT" source="#Bone07_matrix-output"/>
        <input semantic="INTERPOLATION" source="#Bone07_matrix-interpolation"/>
      </sampler>
      <sampler id="Bone08_matrix-sampler">
        <input semantic="INPUT" source="#Bone08_matrix-input"/>
        <input semantic="OUTPUT" source="#Bone08_matrix-output"/>
        <input semantic="INTERPOLATION" source="#Bone08_matrix-interpolation"/>
      </sampler>
      <sampler id="Bone09_matrix-sampler">
        <input semantic="INPUT" source="#Bone09_matrix-input"/>
        <input semantic="OUTPUT" source="#Bone09_matrix-output"/>
        <input semantic="INTERPOLATION" source="#Bone09_matrix-interpolation"/>
      </sampler>
      <sampler id="Bone10_matrix-sampler">
        <input semantic="INPUT" source="#Bone10_matrix-input"/>
        <input semantic="OUTPUT" source="#Bone10_matrix-output"/>
        <input semantic="INTERPOLATION" source="#Bone10_matrix-interpolation"/>
      </sampler>
      <sampler id="Bone11_matrix-sampler">
        <input semantic="INPUT" source="#Bone11_matrix-input"/>
        <input semantic="OUTPUT" source="#Bone11_matrix-output"/>
        <input semantic="INTERPOLATION" source="#Bone11_matrix-interpolation"/>
      </sampler>
      <sampler id="Dummy03_matrix-sampler">
        <input semantic="INPUT" source="#Dummy03_matrix-input"/>
        <input semantic="OUTPUT" source="#Dummy03_matrix-output"/>
        <input semantic="INTERPOLATION" source="#Dummy03_matrix-interpolation"/>
      </sampler>
      <sampler id="Bone01_matrix-sampler">
        <input semantic="INPUT" source="#Bone01_matrix-input"/>
        <input semantic="OUTPUT" source="#Bone01_matrix-output"/>
        <input semantic="INTERPOLATION" source="#Bone01_matrix-interpolation"/>
      </sampler>
      <sampler id="Bone02_matrix-sampler">
        <input semantic="INPUT" source="#Bone02_matrix-input"/>
        <input semantic="OUTPUT" source="#Bone02_matrix-output"/>
        <input semantic="INTERPOLATION" source="#Bone02_matrix-interpolation"/>
      </sampler>
      <sampler id="Bone03_matrix-sampler">
        <input semantic="INPUT" source="#Bone03_matrix-input"/>
        <input semantic="OUTPUT" source="#Bone03_matrix-output"/>
        <input semantic="INTERPOLATION" source="#Bone03_matrix-interpolation"/>
      </sampler>
      <sampler id="Bone04_matrix-sampler">
        <input semantic="INPUT" source="#Bone04_matrix-input"/>
        <input semantic="OUTPUT" source="#Bone04_matrix-output"/>
        <input semantic="INTERPOLATION" source="#Bone04_matrix-interpolation"/>
      </sampler>
      <sampler id="Bone05_matrix-sampler">
        <input semantic="INPUT" source="#Bone05_matrix-input"/>
        <input semantic="OUTPUT" source="#Bone05_matrix-output"/>
        <input semantic="INTERPOLATION" source="#Bone05_matrix-interpolation"/>
      </sampler>
      <sampler id="Dummy08_matrix-sampler">
        <input semantic="INPUT" source="#Dummy08_matrix-input"/>
        <input semantic="OUTPUT" source="#Dummy08_matrix-output"/>
        <input semantic="INTERPOLATION" source="#Dummy08_matrix-interpolation"/>
      </sampler>
      <sampler id="Bone25_matrix-sampler">
        <input semantic="INPUT" source="#Bone25_matrix-input"/>
        <input semantic="OUTPUT" source="#Bone25_matrix-output"/>
        <input semantic="INTERPOLATION" source="#Bone25_matrix-interpolation"/>
      </sampler>
      <sampler id="Bone26_matrix-sampler">
        <input semantic="INPUT" source="#Bone26_matrix-input"/>
        <input semantic="OUTPUT" source="#Bone26_matrix-output"/>
        <input semantic="INTERPOLATION" source="#Bone26_matrix-interpolation"/>
      </sampler>
      <sampler id="Bone27_matrix-sampler">
        <input semantic="INPUT" source="#Bone27_matrix-input"/>
        <input semantic="OUTPUT" source="#Bone27_matrix-output"/>
        <input semantic="INTERPOLATION" source="#Bone27_matrix-interpolation"/>
      </sampler>
      <sampler id="Bone28_matrix-sampler">
        <input semantic="INPUT" source="#Bone28_matrix-input"/>
        <input semantic="OUTPUT" source="#Bone28_matrix-output"/>
        <input semantic="INTERPOLATION" source="#Bone28_matrix-interpolation"/>
      </sampler>
      <sampler id="Bone29_matrix-sampler">
        <input semantic="INPUT" source="#Bone29_matrix-input"/>
        <input semantic="OUTPUT" source="#Bone29_matrix-output"/>
        <input semantic="INTERPOLATION" source="#Bone29_matrix-interpolation"/>
      </sampler>
      <sampler id="Bone30_matrix-sampler">
        <input semantic="INPUT" source="#Bone30_matrix-input"/>
        <input semantic="OUTPUT" source="#Bone30_matrix-output"/>
        <input semantic="INTERPOLATION" source="#Bone30_matrix-interpolation"/>
      </sampler>
      <sampler id="Bone33_matrix-sampler">
        <input semantic="INPUT" source="#Bone33_matrix-input"/>
        <input semantic="OUTPUT" source="#Bone33_matrix-output"/>
        <input semantic="INTERPOLATION" source="#Bone33_matrix-interpolation"/>
      </sampler>
      <sampler id="Bone34_matrix-sampler">
        <input semantic="INPUT" source="#Bone34_matrix-input"/>
        <input semantic="OUTPUT" source="#Bone34_matrix-output"/>
        <input semantic="INTERPOLATION" source="#Bone34_matrix-interpolation"/>
      </sampler>
      <sampler id="Bone37_matrix-sampler">
        <input semantic="INPUT" source="#Bone37_matrix-input"/>
        <input semantic="OUTPUT" source="#Bone37_matrix-output"/>
        <input semantic="INTERPOLATION" source="#Bone37_matrix-interpolation"/>
      </sampler>
      <sampler id="Bone38_matrix-sampler">
        <input semantic="INPUT" source="#Bone38_matrix-input"/>
        <input semantic="OUTPUT" source="#Bone38_matrix-output"/>
        <input semantic="INTERPOLATION" source="#Bone38_matrix-interpolation"/>
      </sampler>
      <sampler id="Bone39_matrix-sampler">
        <input semantic="INPUT" source="#Bone39_matrix-input"/>
        <input semantic="OUTPUT" source="#Bone39_matrix-output"/>
        <input semantic="INTERPOLATION" source="#Bone39_matrix-interpolation"/>
      </sampler>
      <channel source="#Bip01_matrix-sampler" target="Bip01/matrix"/>
      <channel source="#Bip01WPelvis_matrix-sampler" target="Bip01WPelvis/matrix"/>
      <channel source="#Bip01WLWLeg_matrix-sampler" target="Bip01WLWLeg/matrix"/>
      <channel source="#Bip01WLWLeg1_matrix-sampler" target="Bip01WLWLeg1/matrix"/>
      <channel source="#Bip01WRWLeg_matrix-sampler" target="Bip01WRWLeg/matrix"/>
      <channel source="#Bip01WRWLeg1_matrix-sampler" target="Bip01WRWLeg1/matrix"/>
      <channel source="#Bip01WSpine_matrix-sampler" target="Bip01WSpine/matrix"/>
      <channel source="#Bip01WSpine1_matrix-sampler" target="Bip01WSpine1/matrix"/>
      <channel source="#Bip01WSpine2_matrix-sampler" target="Bip01WSpine2/matrix"/>
      <channel source="#Bip01WNeck_matrix-sampler" target="Bip01WNeck/matrix"/>
      <channel source="#Bip01WLWArm_matrix-sampler" target="Bip01WLWArm/matrix"/>
      <channel source="#Bip01WLWArm1_matrix-sampler" target="Bip01WLWArm1/matrix"/>
      <channel source="#Bip01WLWArm2_matrix-sampler" target="Bip01WLWArm2/matrix"/>
      <channel source="#Bip01WLWHand_matrix-sampler" target="Bip01WLWHand/matrix"/>
      <channel source="#Bip01WLWFinger0_matrix-sampler" target="Bip01WLWFinger0/matrix"/>
      <channel source="#Bip01WLWFinger01_matrix-sampler" target="Bip01WLWFinger01/matrix"/>
      <channel source="#Bip01WLWFinger02_matrix-sampler" target="Bip01WLWFinger02/matrix"/>
      <channel source="#Bip01WLWFinger1_matrix-sampler" target="Bip01WLWFinger1/matrix"/>
      <channel source="#Bip01WLWFinger11_matrix-sampler" target="Bip01WLWFinger11/matrix"/>
      <channel source="#Bip01WLWFinger12_matrix-sampler" target="Bip01WLWFinger12/matrix"/>
      <channel source="#Bone42_matrix-sampler" target="Bone42/matrix"/>
      <channel source="#Bone43_matrix-sampler" target="Bone43/matrix"/>
      <channel source="#Bone44_matrix-sampler" target="Bone44/matrix"/>
      <channel source="#Bip01WRWArm_matrix-sampler" target="Bip01WRWArm/matrix"/>
      <channel source="#Bip01WRWArm1_matrix-sampler" target="Bip01WRWArm1/matrix"/>
      <channel source="#Bip01WRWArm2_matrix-sampler" target="Bip01WRWArm2/matrix"/>
      <channel source="#Bip01WRWHand_matrix-sampler" target="Bip01WRWHand/matrix"/>
      <channel source="#Bip01WRWFinger0_matrix-sampler" target="Bip01WRWFinger0/matrix"/>
      <channel source="#Bip01WRWFinger01_matrix-sampler" target="Bip01WRWFinger01/matrix"/>
      <channel source="#Bip01WRWFinger02_matrix-sampler" target="Bip01WRWFinger02/matrix"/>
      <channel source="#Bip01WRWFinger1_matrix-sampler" target="Bip01WRWFinger1/matrix"/>
      <channel source="#Bip01WRWFinger11_matrix-sampler" target="Bip01WRWFinger11/matrix"/>
      <channel source="#Bip01WRWFinger12_matrix-sampler" target="Bip01WRWFinger12/matrix"/>
      <channel source="#Bone48_matrix-sampler" target="Bone48/matrix"/>
      <channel source="#Bone49_matrix-sampler" target="Bone49/matrix"/>
      <channel source="#Bone50_matrix-sampler" target="Bone50/matrix"/>
      <channel source="#Bip01WHead_matrix-sampler" target="Bip01WHead/matrix"/>
      <channel source="#Dummy05_matrix-sampler" target="Dummy05/matrix"/>
      <channel source="#Bone13_matrix-sampler" target="Bone13/matrix"/>
      <channel source="#Bone14_matrix-sampler" target="Bone14/matrix"/>
      <channel source="#Bone15_matrix-sampler" target="Bone15/matrix"/>
      <channel source="#Bone16_matrix-sampler" target="Bone16/matrix"/>
      <channel source="#Bone17_matrix-sampler" target="Bone17/matrix"/>
      <channel source="#Dummy04_matrix-sampler" target="Dummy04/matrix"/>
      <channel source="#Bone07_matrix-sampler" target="Bone07/matrix"/>
      <channel source="#Bone08_matrix-sampler" target="Bone08/matrix"/>
      <channel source="#Bone09_matrix-sampler" target="Bone09/matrix"/>
      <channel source="#Bone10_matrix-sampler" target="Bone10/matrix"/>
      <channel source="#Bone11_matrix-sampler" target="Bone11/matrix"/>
      <channel source="#Dummy03_matrix-sampler" target="Dummy03/matrix"/>
      <channel source="#Bone01_matrix-sampler" target="Bone01/matrix"/>
      <channel source="#Bone02_matrix-sampler" target="Bone02/matrix"/>
      <channel source="#Bone03_matrix-sampler" target="Bone03/matrix"/>
      <channel source="#Bone04_matrix-sampler" target="Bone04/matrix"/>
      <channel source="#Bone05_matrix-sampler" target="Bone05/matrix"/>
      <channel source="#Dummy08_matrix-sampler" target="Dummy08/matrix"/>
      <channel source="#Bone25_matrix-sampler" target="Bone25/matrix"/>
      <channel source="#Bone26_matrix-sampler" target="Bone26/matrix"/>
      <channel source="#Bone27_matrix-sampler" target="Bone27/matrix"/>
      <channel source="#Bone28_matrix-sampler" target="Bone28/matrix"/>
      <channel source="#Bone29_matrix-sampler" target="Bone29/matrix"/>
      <channel source="#Bone30_matrix-sampler" target="Bone30/matrix"/>
      <channel source="#Bone33_matrix-sampler" target="Bone33/matrix"/>
      <channel source="#Bone34_matrix-sampler" target="Bone34/matrix"/>
      <channel source="#Bone37_matrix-sampler" target="Bone37/matrix"/>
      <channel source="#Bone38_matrix-sampler" target="Bone38/matrix"/>
      <channel source="#Bone39_matrix-sampler" target="Bone39/matrix"/>
    </animation>
  </library_animations>
  <scene>
    <instance_visual_scene url="#Scene" />
  </scene>
</COLLADA>
