<?xml version="1.0" encoding="utf-8" standalone="no"?>
<COLLADA xmlns="http://www.collada.org/2005/11/COLLADASchema" version="1.4.1">
    <asset>
        <contributor>
            <authoring_tool>N3DSCmbViewer - Experimental Cmb Viewer v0.2.5</authoring_tool>
        </contributor>
        <created>2015-11-28T10:52:24Z</created>
        <modified>2015-11-28T10:52:24Z</modified>
        <unit meter="0.01" name="centimeter" />
        <up_axis>Y_UP</up_axis>
    </asset>
    <library_images>
        <image id="image-dg_gnn_arch_01-03B96B61" name="image-dg_gnn_arch_01-03B96B61">
            <init_from>dg_gnn_arch_01_0.png</init_from>
        </image>
        <image id="image-dg_gnn_arch_02-0184C66B" name="image-dg_gnn_arch_02-0184C66B">
            <init_from>dg_gnn_arch_02_1500.png</init_from>
        </image>
        <image id="image-dg_gnn_carpet_0-01AAF9CB" name="image-dg_gnn_carpet_0-01AAF9CB">
            <init_from>dg_gnn_carpet_0_1F80.png</init_from>
        </image>
        <image id="image-dg_gnn_carpet_0-0302C829" name="image-dg_gnn_carpet_0-0302C829">
            <init_from>dg_gnn_carpet_0_4980.png</init_from>
        </image>
        <image id="image-dg_gnn_dai_02-03190976" name="image-dg_gnn_dai_02-03190976">
            <init_from>dg_gnn_dai_02_5400.png</init_from>
        </image>
        <image id="image-dg_gnn_gate_01-03E1552B" name="image-dg_gnn_gate_01-03E1552B">
            <init_from>dg_gnn_gate_01_6900.png</init_from>
        </image>
        <image id="image-dg_gnn_kabe_06-02EBFE8A" name="image-dg_gnn_kabe_06-02EBFE8A">
            <init_from>dg_gnn_kabe_06_7E00.png</init_from>
        </image>
        <image id="image-dg_gnn_kuda_01-024BF2DA" name="image-dg_gnn_kuda_01-024BF2DA">
            <init_from>dg_gnn_kuda_01_A800.png</init_from>
        </image>
        <image id="image-dg_gnn_kuda_02-00AB89AD" name="image-dg_gnn_kuda_02-00AB89AD">
            <init_from>dg_gnn_kuda_02_B280.png</init_from>
        </image>
        <image id="image-dg_gnn_ten_05-0207D71D" name="image-dg_gnn_ten_05-0207D71D">
            <init_from>dg_gnn_ten_05_DC80.png</init_from>
        </image>
        <image id="image-dg_gnn_tile_01-0246900A" name="image-dg_gnn_tile_01-0246900A">
            <init_from>dg_gnn_tile_01_10680.png</init_from>
        </image>
        <image id="image-dg_gnn_tile_02-007B105D" name="image-dg_gnn_tile_02-007B105D">
            <init_from>dg_gnn_tile_02_13080.png</init_from>
        </image>
        <image id="image-dg_gnn_tile_03-00539347" name="image-dg_gnn_tile_03-00539347">
            <init_from>dg_gnn_tile_03_14580.png</init_from>
        </image>
        <image id="image-dg_gnn_waku_01-02F02D81" name="image-dg_gnn_waku_01-02F02D81">
            <init_from>dg_gnn_waku_01_14A80.png</init_from>
        </image>
        <image id="image-dg_gnn_ware_03-0271998C" name="image-dg_gnn_ware_03-0271998C">
            <init_from>dg_gnn_ware_03_15500.png</init_from>
        </image>
        <image id="image-dg_gnn_ware_04-01FE65F2" name="image-dg_gnn_ware_04-01FE65F2">
            <init_from>dg_gnn_ware_04_15780.png</init_from>
        </image>
        <image id="image-dg_gnn_yuka_01-01F19582" name="image-dg_gnn_yuka_01-01F19582">
            <init_from>dg_gnn_yuka_01_15A00.png</init_from>
        </image>
        <image id="image-dg_gnn_yuka_07-017E4197" name="image-dg_gnn_yuka_07-017E4197">
            <init_from>dg_gnn_yuka_07_20200.png</init_from>
        </image>
        <image id="image-dg_gnn_yuka_08-01704E50" name="image-dg_gnn_yuka_08-01704E50">
            <init_from>dg_gnn_yuka_08_22C00.png</init_from>
        </image>
    </library_images>
    <library_effects>
        <effect id="effect-default" name="effect-default">
            <profile_COMMON>
                <technique sid="COMMON">
                    <phong>
                        <diffuse>
                            <color>1.0 1.0 1.0 1.0</color>
                        </diffuse>
                    </phong>
                </technique>
            </profile_COMMON>
        </effect>
        <effect id="effect-dg_gnn_arch_01-03B96B61" name="effect-dg_gnn_arch_01-03B96B61">
            <profile_COMMON>
                <newparam sid="surface-dg_gnn_arch_01-03B96B61">
                    <surface type="2D">
                        <init_from>image-dg_gnn_arch_01-03B96B61</init_from>
                    </surface>
                </newparam>
                <newparam sid="sampler-dg_gnn_arch_01-03B96B61">
                    <sampler2D>
                        <source>surface-dg_gnn_arch_01-03B96B61</source>
                        <wrap_s>WRAP</wrap_s>
                        <wrap_t>WRAP</wrap_t>
                        <minfilter>LINEAR</minfilter>
                        <magfilter>LINEAR</magfilter>
                    </sampler2D>
                </newparam>
                <technique sid="COMMON">
                    <phong>
                        <diffuse>
                            <texture texture="sampler-dg_gnn_arch_01-03B96B61" texcoord="TEXCOORD0" />
                        </diffuse>
                    </phong>
                </technique>
            </profile_COMMON>
        </effect>
        <effect id="effect-dg_gnn_arch_02-0184C66B" name="effect-dg_gnn_arch_02-0184C66B">
            <profile_COMMON>
                <newparam sid="surface-dg_gnn_arch_02-0184C66B">
                    <surface type="2D">
                        <init_from>image-dg_gnn_arch_02-0184C66B</init_from>
                    </surface>
                </newparam>
                <newparam sid="sampler-dg_gnn_arch_02-0184C66B">
                    <sampler2D>
                        <source>surface-dg_gnn_arch_02-0184C66B</source>
                        <wrap_s>WRAP</wrap_s>
                        <wrap_t>WRAP</wrap_t>
                        <minfilter>LINEAR</minfilter>
                        <magfilter>LINEAR</magfilter>
                    </sampler2D>
                </newparam>
                <technique sid="COMMON">
                    <phong>
                        <diffuse>
                            <texture texture="sampler-dg_gnn_arch_02-0184C66B" texcoord="TEXCOORD0" />
                        </diffuse>
                    </phong>
                </technique>
            </profile_COMMON>
        </effect>
        <effect id="effect-dg_gnn_carpet_0-01AAF9CB" name="effect-dg_gnn_carpet_0-01AAF9CB">
            <profile_COMMON>
                <newparam sid="surface-dg_gnn_carpet_0-01AAF9CB">
                    <surface type="2D">
                        <init_from>image-dg_gnn_carpet_0-01AAF9CB</init_from>
                    </surface>
                </newparam>
                <newparam sid="sampler-dg_gnn_carpet_0-01AAF9CB">
                    <sampler2D>
                        <source>surface-dg_gnn_carpet_0-01AAF9CB</source>
                        <wrap_s>WRAP</wrap_s>
                        <wrap_t>WRAP</wrap_t>
                        <minfilter>LINEAR</minfilter>
                        <magfilter>LINEAR</magfilter>
                    </sampler2D>
                </newparam>
                <technique sid="COMMON">
                    <phong>
                        <diffuse>
                            <texture texture="sampler-dg_gnn_carpet_0-01AAF9CB" texcoord="TEXCOORD0" />
                        </diffuse>
                    </phong>
                </technique>
            </profile_COMMON>
        </effect>
        <effect id="effect-dg_gnn_carpet_0-0302C829" name="effect-dg_gnn_carpet_0-0302C829">
            <profile_COMMON>
                <newparam sid="surface-dg_gnn_carpet_0-0302C829">
                    <surface type="2D">
                        <init_from>image-dg_gnn_carpet_0-0302C829</init_from>
                    </surface>
                </newparam>
                <newparam sid="sampler-dg_gnn_carpet_0-0302C829">
                    <sampler2D>
                        <source>surface-dg_gnn_carpet_0-0302C829</source>
                        <wrap_s>WRAP</wrap_s>
                        <wrap_t>WRAP</wrap_t>
                        <minfilter>LINEAR</minfilter>
                        <magfilter>LINEAR</magfilter>
                    </sampler2D>
                </newparam>
                <technique sid="COMMON">
                    <phong>
                        <diffuse>
                            <texture texture="sampler-dg_gnn_carpet_0-0302C829" texcoord="TEXCOORD0" />
                        </diffuse>
                    </phong>
                </technique>
            </profile_COMMON>
        </effect>
        <effect id="effect-dg_gnn_dai_02-03190976" name="effect-dg_gnn_dai_02-03190976">
            <profile_COMMON>
                <newparam sid="surface-dg_gnn_dai_02-03190976">
                    <surface type="2D">
                        <init_from>image-dg_gnn_dai_02-03190976</init_from>
                    </surface>
                </newparam>
                <newparam sid="sampler-dg_gnn_dai_02-03190976">
                    <sampler2D>
                        <source>surface-dg_gnn_dai_02-03190976</source>
                        <wrap_s>WRAP</wrap_s>
                        <wrap_t>WRAP</wrap_t>
                        <minfilter>LINEAR</minfilter>
                        <magfilter>LINEAR</magfilter>
                    </sampler2D>
                </newparam>
                <technique sid="COMMON">
                    <phong>
                        <diffuse>
                            <texture texture="sampler-dg_gnn_dai_02-03190976" texcoord="TEXCOORD0" />
                        </diffuse>
                    </phong>
                </technique>
            </profile_COMMON>
        </effect>
        <effect id="effect-dg_gnn_gate_01-03E1552B" name="effect-dg_gnn_gate_01-03E1552B">
            <profile_COMMON>
                <newparam sid="surface-dg_gnn_gate_01-03E1552B">
                    <surface type="2D">
                        <init_from>image-dg_gnn_gate_01-03E1552B</init_from>
                    </surface>
                </newparam>
                <newparam sid="sampler-dg_gnn_gate_01-03E1552B">
                    <sampler2D>
                        <source>surface-dg_gnn_gate_01-03E1552B</source>
                        <wrap_s>WRAP</wrap_s>
                        <wrap_t>WRAP</wrap_t>
                        <minfilter>LINEAR</minfilter>
                        <magfilter>LINEAR</magfilter>
                    </sampler2D>
                </newparam>
                <technique sid="COMMON">
                    <phong>
                        <diffuse>
                            <texture texture="sampler-dg_gnn_gate_01-03E1552B" texcoord="TEXCOORD0" />
                        </diffuse>
                    </phong>
                </technique>
            </profile_COMMON>
        </effect>
        <effect id="effect-dg_gnn_kabe_06-02EBFE8A" name="effect-dg_gnn_kabe_06-02EBFE8A">
            <profile_COMMON>
                <newparam sid="surface-dg_gnn_kabe_06-02EBFE8A">
                    <surface type="2D">
                        <init_from>image-dg_gnn_kabe_06-02EBFE8A</init_from>
                    </surface>
                </newparam>
                <newparam sid="sampler-dg_gnn_kabe_06-02EBFE8A">
                    <sampler2D>
                        <source>surface-dg_gnn_kabe_06-02EBFE8A</source>
                        <wrap_s>WRAP</wrap_s>
                        <wrap_t>WRAP</wrap_t>
                        <minfilter>LINEAR</minfilter>
                        <magfilter>LINEAR</magfilter>
                    </sampler2D>
                </newparam>
                <technique sid="COMMON">
                    <phong>
                        <diffuse>
                            <texture texture="sampler-dg_gnn_kabe_06-02EBFE8A" texcoord="TEXCOORD0" />
                        </diffuse>
                    </phong>
                </technique>
            </profile_COMMON>
        </effect>
        <effect id="effect-dg_gnn_kuda_01-024BF2DA" name="effect-dg_gnn_kuda_01-024BF2DA">
            <profile_COMMON>
                <newparam sid="surface-dg_gnn_kuda_01-024BF2DA">
                    <surface type="2D">
                        <init_from>image-dg_gnn_kuda_01-024BF2DA</init_from>
                    </surface>
                </newparam>
                <newparam sid="sampler-dg_gnn_kuda_01-024BF2DA">
                    <sampler2D>
                        <source>surface-dg_gnn_kuda_01-024BF2DA</source>
                        <wrap_s>WRAP</wrap_s>
                        <wrap_t>WRAP</wrap_t>
                        <minfilter>LINEAR</minfilter>
                        <magfilter>LINEAR</magfilter>
                    </sampler2D>
                </newparam>
                <technique sid="COMMON">
                    <phong>
                        <diffuse>
                            <texture texture="sampler-dg_gnn_kuda_01-024BF2DA" texcoord="TEXCOORD0" />
                        </diffuse>
                    </phong>
                </technique>
            </profile_COMMON>
        </effect>
        <effect id="effect-dg_gnn_kuda_02-00AB89AD" name="effect-dg_gnn_kuda_02-00AB89AD">
            <profile_COMMON>
                <newparam sid="surface-dg_gnn_kuda_02-00AB89AD">
                    <surface type="2D">
                        <init_from>image-dg_gnn_kuda_02-00AB89AD</init_from>
                    </surface>
                </newparam>
                <newparam sid="sampler-dg_gnn_kuda_02-00AB89AD">
                    <sampler2D>
                        <source>surface-dg_gnn_kuda_02-00AB89AD</source>
                        <wrap_s>WRAP</wrap_s>
                        <wrap_t>WRAP</wrap_t>
                        <minfilter>LINEAR</minfilter>
                        <magfilter>LINEAR</magfilter>
                    </sampler2D>
                </newparam>
                <technique sid="COMMON">
                    <phong>
                        <diffuse>
                            <texture texture="sampler-dg_gnn_kuda_02-00AB89AD" texcoord="TEXCOORD0" />
                        </diffuse>
                    </phong>
                </technique>
            </profile_COMMON>
        </effect>
        <effect id="effect-dg_gnn_ten_05-0207D71D" name="effect-dg_gnn_ten_05-0207D71D">
            <profile_COMMON>
                <newparam sid="surface-dg_gnn_ten_05-0207D71D">
                    <surface type="2D">
                        <init_from>image-dg_gnn_ten_05-0207D71D</init_from>
                    </surface>
                </newparam>
                <newparam sid="sampler-dg_gnn_ten_05-0207D71D">
                    <sampler2D>
                        <source>surface-dg_gnn_ten_05-0207D71D</source>
                        <wrap_s>WRAP</wrap_s>
                        <wrap_t>WRAP</wrap_t>
                        <minfilter>LINEAR</minfilter>
                        <magfilter>LINEAR</magfilter>
                    </sampler2D>
                </newparam>
                <technique sid="COMMON">
                    <phong>
                        <diffuse>
                            <texture texture="sampler-dg_gnn_ten_05-0207D71D" texcoord="TEXCOORD0" />
                        </diffuse>
                    </phong>
                </technique>
            </profile_COMMON>
        </effect>
        <effect id="effect-dg_gnn_tile_01-0246900A" name="effect-dg_gnn_tile_01-0246900A">
            <profile_COMMON>
                <newparam sid="surface-dg_gnn_tile_01-0246900A">
                    <surface type="2D">
                        <init_from>image-dg_gnn_tile_01-0246900A</init_from>
                    </surface>
                </newparam>
                <newparam sid="sampler-dg_gnn_tile_01-0246900A">
                    <sampler2D>
                        <source>surface-dg_gnn_tile_01-0246900A</source>
                        <wrap_s>WRAP</wrap_s>
                        <wrap_t>WRAP</wrap_t>
                        <minfilter>LINEAR</minfilter>
                        <magfilter>LINEAR</magfilter>
                    </sampler2D>
                </newparam>
                <technique sid="COMMON">
                    <phong>
                        <diffuse>
                            <texture texture="sampler-dg_gnn_tile_01-0246900A" texcoord="TEXCOORD0" />
                        </diffuse>
                    </phong>
                </technique>
            </profile_COMMON>
        </effect>
        <effect id="effect-dg_gnn_tile_02-007B105D" name="effect-dg_gnn_tile_02-007B105D">
            <profile_COMMON>
                <newparam sid="surface-dg_gnn_tile_02-007B105D">
                    <surface type="2D">
                        <init_from>image-dg_gnn_tile_02-007B105D</init_from>
                    </surface>
                </newparam>
                <newparam sid="sampler-dg_gnn_tile_02-007B105D">
                    <sampler2D>
                        <source>surface-dg_gnn_tile_02-007B105D</source>
                        <wrap_s>WRAP</wrap_s>
                        <wrap_t>WRAP</wrap_t>
                        <minfilter>LINEAR</minfilter>
                        <magfilter>LINEAR</magfilter>
                    </sampler2D>
                </newparam>
                <technique sid="COMMON">
                    <phong>
                        <diffuse>
                            <texture texture="sampler-dg_gnn_tile_02-007B105D" texcoord="TEXCOORD0" />
                        </diffuse>
                    </phong>
                </technique>
            </profile_COMMON>
        </effect>
        <effect id="effect-dg_gnn_tile_03-00539347" name="effect-dg_gnn_tile_03-00539347">
            <profile_COMMON>
                <newparam sid="surface-dg_gnn_tile_03-00539347">
                    <surface type="2D">
                        <init_from>image-dg_gnn_tile_03-00539347</init_from>
                    </surface>
                </newparam>
                <newparam sid="sampler-dg_gnn_tile_03-00539347">
                    <sampler2D>
                        <source>surface-dg_gnn_tile_03-00539347</source>
                        <wrap_s>WRAP</wrap_s>
                        <wrap_t>WRAP</wrap_t>
                        <minfilter>LINEAR</minfilter>
                        <magfilter>LINEAR</magfilter>
                    </sampler2D>
                </newparam>
                <technique sid="COMMON">
                    <phong>
                        <diffuse>
                            <texture texture="sampler-dg_gnn_tile_03-00539347" texcoord="TEXCOORD0" />
                        </diffuse>
                    </phong>
                </technique>
            </profile_COMMON>
        </effect>
        <effect id="effect-dg_gnn_waku_01-02F02D81" name="effect-dg_gnn_waku_01-02F02D81">
            <profile_COMMON>
                <newparam sid="surface-dg_gnn_waku_01-02F02D81">
                    <surface type="2D">
                        <init_from>image-dg_gnn_waku_01-02F02D81</init_from>
                    </surface>
                </newparam>
                <newparam sid="sampler-dg_gnn_waku_01-02F02D81">
                    <sampler2D>
                        <source>surface-dg_gnn_waku_01-02F02D81</source>
                        <wrap_s>WRAP</wrap_s>
                        <wrap_t>WRAP</wrap_t>
                        <minfilter>LINEAR</minfilter>
                        <magfilter>LINEAR</magfilter>
                    </sampler2D>
                </newparam>
                <technique sid="COMMON">
                    <phong>
                        <diffuse>
                            <texture texture="sampler-dg_gnn_waku_01-02F02D81" texcoord="TEXCOORD0" />
                        </diffuse>
                    </phong>
                </technique>
            </profile_COMMON>
        </effect>
        <effect id="effect-dg_gnn_ware_03-0271998C" name="effect-dg_gnn_ware_03-0271998C">
            <profile_COMMON>
                <newparam sid="surface-dg_gnn_ware_03-0271998C">
                    <surface type="2D">
                        <init_from>image-dg_gnn_ware_03-0271998C</init_from>
                    </surface>
                </newparam>
                <newparam sid="sampler-dg_gnn_ware_03-0271998C">
                    <sampler2D>
                        <source>surface-dg_gnn_ware_03-0271998C</source>
                        <wrap_s>WRAP</wrap_s>
                        <wrap_t>WRAP</wrap_t>
                        <minfilter>LINEAR</minfilter>
                        <magfilter>LINEAR</magfilter>
                    </sampler2D>
                </newparam>
                <technique sid="COMMON">
                    <phong>
                        <diffuse>
                            <texture texture="sampler-dg_gnn_ware_03-0271998C" texcoord="TEXCOORD0" />
                        </diffuse>
                    </phong>
                </technique>
            </profile_COMMON>
        </effect>
        <effect id="effect-dg_gnn_ware_04-01FE65F2" name="effect-dg_gnn_ware_04-01FE65F2">
            <profile_COMMON>
                <newparam sid="surface-dg_gnn_ware_04-01FE65F2">
                    <surface type="2D">
                        <init_from>image-dg_gnn_ware_04-01FE65F2</init_from>
                    </surface>
                </newparam>
                <newparam sid="sampler-dg_gnn_ware_04-01FE65F2">
                    <sampler2D>
                        <source>surface-dg_gnn_ware_04-01FE65F2</source>
                        <wrap_s>WRAP</wrap_s>
                        <wrap_t>WRAP</wrap_t>
                        <minfilter>LINEAR</minfilter>
                        <magfilter>LINEAR</magfilter>
                    </sampler2D>
                </newparam>
                <technique sid="COMMON">
                    <phong>
                        <diffuse>
                            <texture texture="sampler-dg_gnn_ware_04-01FE65F2" texcoord="TEXCOORD0" />
                        </diffuse>
                    </phong>
                </technique>
            </profile_COMMON>
        </effect>
        <effect id="effect-dg_gnn_yuka_01-01F19582" name="effect-dg_gnn_yuka_01-01F19582">
            <profile_COMMON>
                <newparam sid="surface-dg_gnn_yuka_01-01F19582">
                    <surface type="2D">
                        <init_from>image-dg_gnn_yuka_01-01F19582</init_from>
                    </surface>
                </newparam>
                <newparam sid="sampler-dg_gnn_yuka_01-01F19582">
                    <sampler2D>
                        <source>surface-dg_gnn_yuka_01-01F19582</source>
                        <wrap_s>WRAP</wrap_s>
                        <wrap_t>WRAP</wrap_t>
                        <minfilter>LINEAR</minfilter>
                        <magfilter>LINEAR</magfilter>
                    </sampler2D>
                </newparam>
                <technique sid="COMMON">
                    <phong>
                        <diffuse>
                            <texture texture="sampler-dg_gnn_yuka_01-01F19582" texcoord="TEXCOORD0" />
                        </diffuse>
                    </phong>
                </technique>
            </profile_COMMON>
        </effect>
        <effect id="effect-dg_gnn_yuka_07-017E4197" name="effect-dg_gnn_yuka_07-017E4197">
            <profile_COMMON>
                <newparam sid="surface-dg_gnn_yuka_07-017E4197">
                    <surface type="2D">
                        <init_from>image-dg_gnn_yuka_07-017E4197</init_from>
                    </surface>
                </newparam>
                <newparam sid="sampler-dg_gnn_yuka_07-017E4197">
                    <sampler2D>
                        <source>surface-dg_gnn_yuka_07-017E4197</source>
                        <wrap_s>WRAP</wrap_s>
                        <wrap_t>WRAP</wrap_t>
                        <minfilter>LINEAR</minfilter>
                        <magfilter>LINEAR</magfilter>
                    </sampler2D>
                </newparam>
                <technique sid="COMMON">
                    <phong>
                        <diffuse>
                            <texture texture="sampler-dg_gnn_yuka_07-017E4197" texcoord="TEXCOORD0" />
                        </diffuse>
                    </phong>
                </technique>
            </profile_COMMON>
        </effect>
        <effect id="effect-dg_gnn_yuka_08-01704E50" name="effect-dg_gnn_yuka_08-01704E50">
            <profile_COMMON>
                <newparam sid="surface-dg_gnn_yuka_08-01704E50">
                    <surface type="2D">
                        <init_from>image-dg_gnn_yuka_08-01704E50</init_from>
                    </surface>
                </newparam>
                <newparam sid="sampler-dg_gnn_yuka_08-01704E50">
                    <sampler2D>
                        <source>surface-dg_gnn_yuka_08-01704E50</source>
                        <wrap_s>WRAP</wrap_s>
                        <wrap_t>WRAP</wrap_t>
                        <minfilter>LINEAR</minfilter>
                        <magfilter>LINEAR</magfilter>
                    </sampler2D>
                </newparam>
                <technique sid="COMMON">
                    <phong>
                        <diffuse>
                            <texture texture="sampler-dg_gnn_yuka_08-01704E50" texcoord="TEXCOORD0" />
                        </diffuse>
                    </phong>
                </technique>
            </profile_COMMON>
        </effect>
    </library_effects>
    <library_materials>
        <material id="material-00F2C0D8">
            <instance_effect url="#effect-dg_gnn_arch_01-03B96B61" />
        </material>
        <material id="material-0088C79F">
            <instance_effect url="#effect-dg_gnn_arch_02-0184C66B" />
        </material>
        <material id="material-00CF049F">
            <instance_effect url="#effect-dg_gnn_carpet_0-01AAF9CB" />
        </material>
        <material id="material-03472997">
            <instance_effect url="#effect-dg_gnn_carpet_0-0302C829" />
        </material>
        <material id="material-01807651">
            <instance_effect url="#effect-dg_gnn_dai_02-03190976" />
        </material>
        <material id="material-018428DF">
            <instance_effect url="#effect-dg_gnn_gate_01-03E1552B" />
        </material>
        <material id="material-01A56FD8">
            <instance_effect url="#effect-dg_gnn_kabe_06-02EBFE8A" />
        </material>
        <material id="material-02D0EE9F">
            <instance_effect url="#effect-dg_gnn_kuda_01-024BF2DA" />
        </material>
        <material id="material-0158639C">
            <instance_effect url="#effect-dg_gnn_kuda_02-00AB89AD" />
        </material>
        <material id="material-001B8080">
            <instance_effect url="#effect-dg_gnn_ten_05-0207D71D" />
        </material>
        <material id="material-00F78484">
            <instance_effect url="#effect-dg_gnn_tile_01-0246900A" />
        </material>
        <material id="material-00B3A8A9">
            <instance_effect url="#effect-dg_gnn_tile_02-007B105D" />
        </material>
        <material id="material-0250EDF9">
            <instance_effect url="#effect-dg_gnn_tile_03-00539347" />
        </material>
        <material id="material-00D85DC3">
            <instance_effect url="#effect-dg_gnn_waku_01-02F02D81" />
        </material>
        <material id="material-039B4BE2">
            <instance_effect url="#effect-dg_gnn_ware_03-0271998C" />
        </material>
        <material id="material-0075AAF6">
            <instance_effect url="#effect-dg_gnn_ware_04-01FE65F2" />
        </material>
        <material id="material-002302A8">
            <instance_effect url="#effect-dg_gnn_yuka_01-01F19582" />
        </material>
        <material id="material-013B17E9">
            <instance_effect url="#effect-dg_gnn_yuka_07-017E4197" />
        </material>
        <material id="material-0313D732">
            <instance_effect url="#effect-dg_gnn_yuka_08-01704E50" />
        </material>
    </library_materials>
    <library_geometries>
        <geometry id="geom-03B290C4" name="geom-03B290C4">
            <mesh>
                <source id="geom-03B290C4-pos">
                    <float_array id="geom-03B290C4-pos-array" count="7632">1861.58 152.10 2591.99 1861.77 167.26 2610.06 1859.66 149.86 2594.40 1859.84 165.01 2612.47 1861.58 152.10 2591.99 1857.59 152.07 2592.06 1861.77 167.26 2610.06 1857.78 167.22 2610.14 1857.59 152.07 2592.06 1859.66 149.86 2594.40 1857.78 167.22 2610.14 1859.84 165.01 2612.47 1861.58 152.10 2591.99 1859.66 149.86 2594.40 1857.59 152.07 2592.06 1857.78 167.22 2610.14 1859.84 165.01 2612.47 1861.77 167.26 2610.06 1856.28 148.28 2621.34 1861.61 163.63 2604.30 1857.48 145.74 2618.83 1862.82 161.09 2601.78 1856.28 148.28 2621.34 1860.09 147.23 2621.34 1861.61 163.63 2604.30 1865.42 162.58 2604.30 1860.09 147.23 2621.34 1857.48 145.74 2618.83 1865.42 162.58 2604.30 1862.82 161.09 2601.78 1856.28 148.28 2621.34 1857.48 145.74 2618.83 1860.09 147.23 2621.34 1865.42 162.58 2604.30 1862.82 161.09 2601.78 1861.61 163.63 2604.30 1871.66 150.55 2602.04 1851.92 162.20 2609.55 1869.23 148.10 2600.48 1849.50 159.75 2607.99 1870.44 150.84 2598.25 1850.70 162.49 2605.76 1871.66 150.55 2602.04 1851.92 162.20 2609.55 1870.44 150.84 2598.25 1869.23 148.10 2600.48 1850.70 162.49 2605.76 1849.50 159.75 2607.99 1871.66 150.55 2602.04 1869.23 148.10 2600.48 1870.44 150.84 2598.25 1850.70 162.49 2605.76 1849.50 159.75 2607.99 1851.92 162.20 2609.55 1861.37 110.00 2632.13 1871.46 110.00 2626.31 1861.37 120.17 2632.13 1871.46 120.17 2626.31 1881.54 110.00 2620.49 1885.50 110.00 2605.68 1881.54 120.17 2620.49 1885.50 120.17 2605.68 1860.92 149.62 2622.26 1873.22 149.62 2615.17 1860.21 155.27 2606.84 1873.22 149.62 2615.17 1875.64 149.62 2606.14 1860.21 155.27 2606.84 1881.54 139.77 2620.49 1885.50 139.77 2605.68 1859.66 123.12 2629.17 1869.74 123.12 2623.35 1859.66 139.77 2629.17 1869.74 139.77 2623.35 1881.54 160.78 2620.49 1885.50 160.78 2605.68 1881.54 170.00 2620.49 1885.50 170.00 2605.68 1861.37 160.78 2632.13 1864.11 160.78 2630.56 1861.37 170.00 2632.13 1871.46 170.00 2626.31 1868.82 160.78 2627.83 1873.54 160.78 2625.11 1881.54 170.00 2620.49 1879.11 160.78 2621.90 1881.54 160.78 2620.49 1864.11 156.42 2630.56 1868.82 156.42 2627.83 1873.54 156.42 2625.11 1879.11 156.42 2621.90 1867.11 156.42 2624.86 1871.82 156.42 2622.14 1867.11 160.78 2624.86 1871.82 160.78 2622.14 1862.40 156.42 2627.59 1859.66 160.78 2629.17 1862.40 160.78 2627.59 1879.82 139.77 2617.53 1877.40 156.42 2618.93 1879.82 160.78 2617.53 1877.40 160.78 2618.93 1859.66 139.77 2629.17 1861.37 139.77 2632.13 1859.66 123.12 2629.17 1861.37 120.17 2632.13 1881.54 160.78 2620.49 1879.11 160.78 2621.90 1879.82 160.78 2617.53 1877.40 160.78 2618.93 1879.11 160.78 2621.90 1879.11 156.42 2621.90 1877.40 160.78 2618.93 1877.40 156.42 2618.93 1864.11 156.42 2630.56 1864.11 160.78 2630.56 1862.40 156.42 2627.59 1862.40 160.78 2627.59 1864.11 160.78 2630.56 1861.37 160.78 2632.13 1862.40 160.78 2627.59 1859.66 160.78 2629.17 1859.66 160.78 2629.17 1861.37 160.78 2632.13 1873.54 156.42 2625.11 1873.54 160.78 2625.11 1871.82 156.42 2622.14 1871.82 160.78 2622.14 1873.54 160.78 2625.11 1868.82 160.78 2627.83 1871.82 160.78 2622.14 1867.11 160.78 2624.86 1868.82 160.78 2627.83 1868.82 156.42 2627.83 1867.11 160.78 2624.86 1867.11 156.42 2624.86 1879.82 160.78 2617.53 1879.82 139.77 2617.53 1881.54 160.78 2620.49 1881.54 139.77 2620.49 1879.11 156.42 2621.90 1873.54 156.42 2625.11 1877.40 156.42 2618.93 1871.82 156.42 2622.14 1868.82 156.42 2627.83 1864.11 156.42 2630.56 1867.11 156.42 2624.86 1862.40 156.42 2627.59 1881.54 120.17 2620.49 1879.82 123.12 2617.53 1861.37 120.17 2632.13 1871.46 120.17 2626.31 1859.66 123.12 2629.17 1869.74 123.12 2623.35 1871.46 170.00 2626.31 1875.71 170.00 2616.77 1861.06 170.00 2625.23 1881.54 170.00 2620.49 1885.50 170.00 2605.68 1875.71 170.00 2616.77 1878.60 170.00 2606.00 1861.06 170.00 2625.23 1875.71 170.00 2616.77 1860.92 149.62 2622.26 1873.22 149.62 2615.17 1875.71 170.00 2616.77 1878.60 170.00 2606.00 1873.22 149.62 2615.17 1875.64 149.62 2606.14 1881.54 120.17 2620.49 1881.54 110.00 2620.49 1879.82 123.12 2617.53 1881.54 120.17 2620.49 1879.82 123.12 2617.53 1861.37 170.00 2632.13 1881.54 170.00 2620.49 1885.50 110.00 2605.68 1879.68 110.00 2595.60 1885.50 120.17 2605.68 1879.68 120.17 2595.60 1873.86 110.00 2585.52 1859.05 110.00 2581.55 1873.86 120.17 2585.52 1859.05 120.17 2581.55 1875.64 149.62 2606.14 1868.54 149.62 2593.84 1860.21 155.27 2606.84 1868.54 149.62 2593.84 1859.50 149.62 2591.42 1860.21 155.27 2606.84 1873.86 139.77 2585.52 1859.05 139.77 2581.55 1882.54 123.12 2607.40 1876.72 123.12 2597.32 1882.54 139.77 2607.40 1876.72 139.77 2597.32 1873.86 160.78 2585.52 1859.05 160.78 2581.55 1873.86 170.00 2585.52 1859.05 170.00 2581.55 1885.50 160.78 2605.68 1883.92 160.78 2602.95 1885.50 170.00 2605.68 1879.68 170.00 2595.60 1881.20 160.78 2598.23 1878.48 160.78 2593.52 1873.86 170.00 2585.52 1875.26 160.78 2587.95 1873.86 160.78 2585.52 1883.92 156.42 2602.95 1881.20 156.42 2598.23 1878.48 156.42 2593.52 1875.26 156.42 2587.95 1878.24 156.42 2599.94 1875.52 156.42 2595.23 1878.24 160.78 2599.94 1875.52 160.78 2595.23 1880.96 156.42 2604.66 1882.54 160.78 2607.40 1880.96 160.78 2604.66 1870.90 139.77 2587.23 1872.30 156.42 2589.66 1870.90 160.78 2587.23 1872.30 160.78 2589.66 1882.54 139.77 2607.40 1885.50 139.77 2605.68 1882.54 123.12 2607.40 1885.50 120.17 2605.68 1873.86 160.78 2585.52 1875.26 160.78 2587.95 1870.90 160.78 2587.23 1872.30 160.78 2589.66 1875.26 160.78 2587.95 1875.26 156.42 2587.95 1872.30 160.78 2589.66 1872.30 156.42 2589.66 1883.92 156.42 2602.95 1883.92 160.78 2602.95 1880.96 156.42 2604.66 1880.96 160.78 2604.66 1883.92 160.78 2602.95 1885.50 160.78 2605.68 1880.96 160.78 2604.66 1882.54 160.78 2607.40 1882.54 160.78 2607.40 1885.50 160.78 2605.68 1878.48 156.42 2593.52 1878.48 160.78 2593.52 1875.52 156.42 2595.23 1875.52 160.78 2595.23 1878.48 160.78 2593.52 1881.20 160.78 2598.23 1875.52 160.78 2595.23 1878.24 160.78 2599.94 1881.20 160.78 2598.23 1881.20 156.42 2598.23 1878.24 160.78 2599.94 1878.24 156.42 2599.94 1870.90 160.78 2587.23 1870.90 139.77 2587.23 1873.86 160.78 2585.52 1873.86 139.77 2585.52 1875.26 156.42 2587.95 1878.48 156.42 2593.52 1872.30 156.42 2589.66 1875.52 156.42 2595.23 1881.20 156.42 2598.23 1883.92 156.42 2602.95 1878.24 156.42 2599.94 1880.96 156.42 2604.66 1873.86 120.17 2585.52 1870.90 123.12 2587.23 1885.50 120.17 2605.68 1879.68 120.17 2595.60 1882.54 123.12 2607.40 1876.72 123.12 2597.32 1879.68 170.00 2595.60 1870.14 170.00 2591.34 1878.60 170.00 2606.00 1873.86 170.00 2585.52 1859.05 170.00 2581.55 1870.14 170.00 2591.34 1859.37 170.00 2588.46 1878.60 170.00 2606.00 1870.14 170.00 2591.34 1875.64 149.62 2606.14 1868.54 149.62 2593.84 1870.14 170.00 2591.34 1859.37 170.00 2588.46 1868.54 149.62 2593.84 1859.50 149.62 2591.42 1873.86 120.17 2585.52 1873.86 110.00 2585.52 1870.90 123.12 2587.23 1873.86 120.17 2585.52 1870.90 123.12 2587.23 1885.50 170.00 2605.68 1873.86 170.00 2585.52 1859.05 110.00 2581.55 1848.97 110.00 2587.37 1859.05 120.17 2581.55 1848.97 120.17 2587.37 1838.89 110.00 2593.19 1834.92 110.00 2608.00 1838.89 120.17 2593.19 1834.92 120.17 2608.00 1859.50 149.62 2591.42 1847.21 149.62 2598.52 1860.21 155.27 2606.84 1847.21 149.62 2598.52 1844.79 149.62 2607.55 1860.21 155.27 2606.84 1838.89 139.77 2593.19 1834.92 139.77 2608.00 1860.76 123.12 2584.52 1850.68 123.12 2590.34 1860.76 139.77 2584.52 1850.68 139.77 2590.34 1838.89 160.78 2593.19 1834.92 160.78 2608.00 1838.89 170.00 2593.19 1834.92 170.00 2608.00 1859.05 160.78 2581.55 1856.32 160.78 2583.13 1859.05 170.00 2581.55 1848.97 170.00 2587.37 1851.60 160.78 2585.86 1846.89 160.78 2588.58 1838.89 170.00 2593.19 1841.32 160.78 2591.79 1838.89 160.78 2593.19 1856.32 156.42 2583.13 1851.60 156.42 2585.86 1846.89 156.42 2588.58 1841.32 156.42 2591.79 1853.32 156.42 2588.82 1848.60 156.42 2591.54 1853.32 160.78 2588.82 1848.60 160.78 2591.54 1858.03 156.42 2586.10 1860.76 160.78 2584.52 1858.03 160.78 2586.10 1840.60 139.77 2596.16 1843.03 156.42 2594.76 1840.60 160.78 2596.16 1843.03 160.78 2594.76 1860.76 139.77 2584.52 1859.05 139.77 2581.55 1860.76 123.12 2584.52 1859.05 120.17 2581.55 1838.89 160.78 2593.19 1841.32 160.78 2591.79 1840.60 160.78 2596.16 1843.03 160.78 2594.76 1841.32 160.78 2591.79 1841.32 156.42 2591.79 1843.03 160.78 2594.76 1843.03 156.42 2594.76 1856.32 156.42 2583.13 1856.32 160.78 2583.13 1858.03 156.42 2586.10 1858.03 160.78 2586.10 1856.32 160.78 2583.13 1859.05 160.78 2581.55 1858.03 160.78 2586.10 1860.76 160.78 2584.52 1860.76 160.78 2584.52 1859.05 160.78 2581.55 1846.89 156.42 2588.58 1846.89 160.78 2588.58 1848.60 156.42 2591.54 1848.60 160.78 2591.54 1846.89 160.78 2588.58 1851.60 160.78 2585.86 1848.60 160.78 2591.54 1853.32 160.78 2588.82 1851.60 160.78 2585.86 1851.60 156.42 2585.86 1853.32 160.78 2588.82 1853.32 156.42 2588.82 1840.60 160.78 2596.16 1840.60 139.77 2596.16 1838.89 160.78 2593.19 1838.89 139.77 2593.19 1841.32 156.42 2591.79 1846.89 156.42 2588.58 1843.03 156.42 2594.76 1848.60 156.42 2591.54 1851.60 156.42 2585.86 1856.32 156.42 2583.13 1853.32 156.42 2588.82 1858.03 156.42 2586.10 1838.89 120.17 2593.19 1840.60 123.12 2596.16 1859.05 120.17 2581.55 1848.97 120.17 2587.37 1860.76 123.12 2584.52 1850.68 123.12 2590.34 1848.97 170.00 2587.37 1844.71 170.00 2596.92 1859.37 170.00 2588.46 1838.89 170.00 2593.19 1834.92 170.00 2608.00 1844.71 170.00 2596.92 1841.83 170.00 2607.69 1859.37 170.00 2588.46 1844.71 170.00 2596.92 1859.50 149.62 2591.42 1847.21 149.62 2598.52 1844.71 170.00 2596.92 1841.83 170.00 2607.69 1847.21 149.62 2598.52 1844.79 149.62 2607.55 1838.89 120.17 2593.19 1838.89 110.00 2593.19 1840.60 123.12 2596.16 1838.89 120.17 2593.19 1840.60 123.12 2596.16 1859.05 170.00 2581.55 1838.89 170.00 2593.19 1834.92 110.00 2608.00 1840.74 110.00 2618.08 1834.92 120.17 2608.00 1840.74 120.17 2618.08 1846.56 110.00 2628.16 1861.37 110.00 2632.13 1846.56 120.17 2628.16 1861.37 120.17 2632.13 1844.79 149.62 2607.55 1851.89 149.62 2619.84 1860.21 155.27 2606.84 1851.89 149.62 2619.84 1860.92 149.62 2622.26 1860.21 155.27 2606.84 1846.56 139.77 2628.16 1861.37 139.77 2632.13 1837.89 123.12 2606.29 1843.71 123.12 2616.37 1837.89 139.77 2606.29 1843.71 139.77 2616.37 1846.56 160.78 2628.16 1861.37 160.78 2632.13 1846.56 170.00 2628.16 1861.37 170.00 2632.13 1834.92 160.78 2608.00 1836.50 160.78 2610.74 1834.92 170.00 2608.00 1840.74 170.00 2618.08 1839.22 160.78 2615.46 1841.94 160.78 2620.17 1846.56 170.00 2628.16 1845.16 160.78 2625.74 1846.56 160.78 2628.16 1836.50 156.42 2610.74 1839.22 156.42 2615.46 1841.94 156.42 2620.17 1845.16 156.42 2625.74 1842.19 156.42 2613.74 1844.91 156.42 2618.46 1842.19 160.78 2613.74 1844.91 160.78 2618.45 1839.47 156.42 2609.03 1837.89 160.78 2606.29 1839.47 160.78 2609.03 1849.53 139.77 2626.45 1848.13 156.42 2624.02 1849.53 160.78 2626.45 1848.13 160.78 2624.02 1837.89 139.77 2606.29 1834.92 139.77 2608.00 1837.89 123.12 2606.29 1834.92 120.17 2608.00 1846.56 160.78 2628.16 1845.16 160.78 2625.74 1849.53 160.78 2626.45 1848.13 160.78 2624.02 1845.16 160.78 2625.74 1845.16 156.42 2625.74 1848.13 160.78 2624.02 1848.13 156.42 2624.02 1836.50 156.42 2610.74 1836.50 160.78 2610.74 1839.47 156.42 2609.03 1839.47 160.78 2609.03 1836.50 160.78 2610.74 1834.92 160.78 2608.00 1839.47 160.78 2609.03 1837.89 160.78 2606.29 1837.89 160.78 2606.29 1834.92 160.78 2608.00 1841.94 156.42 2620.17 1841.94 160.78 2620.17 1844.91 156.42 2618.46 1844.91 160.78 2618.45 1841.94 160.78 2620.17 1839.22 160.78 2615.46 1844.91 160.78 2618.45 1842.19 160.78 2613.74 1839.22 160.78 2615.46 1839.22 156.42 2615.46 1842.19 160.78 2613.74 1842.19 156.42 2613.74 1849.53 160.78 2626.45 1849.53 139.77 2626.45 1846.56 160.78 2628.16 1846.56 139.77 2628.16 1845.16 156.42 2625.74 1841.94 156.42 2620.17 1848.13 156.42 2624.02 1844.91 156.42 2618.46 1839.22 156.42 2615.46 1836.50 156.42 2610.74 1842.19 156.42 2613.74 1839.47 156.42 2609.03 1846.56 120.17 2628.16 1849.53 123.12 2626.45 1834.92 120.17 2608.00 1840.74 120.17 2618.08 1837.89 123.12 2606.29 1843.71 123.12 2616.37 1840.74 170.00 2618.08 1850.29 170.00 2622.34 1841.83 170.00 2607.69 1846.56 170.00 2628.16 1861.37 170.00 2632.13 1850.29 170.00 2622.34 1861.06 170.00 2625.23 1841.83 170.00 2607.69 1850.29 170.00 2622.34 1844.79 149.62 2607.55 1851.89 149.62 2619.84 1850.29 170.00 2622.34 1861.06 170.00 2625.23 1851.89 149.62 2619.84 1860.92 149.62 2622.26 1846.56 120.17 2628.16 1846.56 110.00 2628.16 1849.53 123.12 2626.45 1846.56 120.17 2628.16 1849.53 123.12 2626.45 1834.92 170.00 2608.00 1846.56 170.00 2628.16 2056.51 152.10 2479.44 2056.70 167.26 2497.52 2054.58 149.86 2481.86 2054.77 165.01 2499.93 2056.51 152.10 2479.44 2052.52 152.07 2479.52 2056.70 167.26 2497.52 2052.71 167.22 2497.59 2052.52 152.07 2479.52 2054.58 149.86 2481.86 2052.71 167.22 2497.59 2054.77 165.01 2499.93 2056.51 152.10 2479.44 2054.58 149.86 2481.86 2052.52 152.07 2479.52 2052.71 167.22 2497.59 2054.77 165.01 2499.93 2056.70 167.26 2497.52 2051.20 148.28 2508.80 2056.54 163.63 2491.76 2052.41 145.74 2506.29 2057.75 161.09 2489.24 2051.20 148.28 2508.80 2055.02 147.23 2508.80 2056.54 163.63 2491.76 2060.35 162.58 2491.76 2055.02 147.23 2508.80 2052.41 145.74 2506.29 2060.35 162.58 2491.76 2057.75 161.09 2489.24 2051.20 148.28 2508.80 2052.41 145.74 2506.29 2055.02 147.23 2508.80 2060.35 162.58 2491.76 2057.75 161.09 2489.24 2056.54 163.63 2491.76 2066.58 150.55 2489.50 2046.85 162.20 2497.00 2064.16 148.10 2487.93 2044.42 159.75 2495.44 2065.36 150.84 2485.71 2045.63 162.49 2493.22 2066.58 150.55 2489.50 2046.85 162.20 2497.00 2065.36 150.84 2485.71 2064.16 148.10 2487.93 2045.63 162.49 2493.22 2044.42 159.75 2495.44 2066.58 150.55 2489.50 2064.16 148.10 2487.93 2065.36 150.84 2485.71 2045.63 162.49 2493.22 2044.42 159.75 2495.44 2046.85 162.20 2497.00 2056.30 110.00 2519.59 2066.38 110.00 2513.77 2056.30 120.17 2519.59 2066.38 120.17 2513.77 2076.46 110.00 2507.95 2080.44 110.00 2493.14 2076.46 120.17 2507.95 2080.44 120.17 2493.14 2055.85 149.62 2509.72 2068.14 149.62 2502.62 2055.14 155.27 2494.30 2068.14 149.62 2502.62 2070.56 149.62 2493.59 2055.14 155.27 2494.30 2076.46 139.77 2507.95 2080.44 139.77 2493.14 2054.59 123.12 2516.62 2064.67 123.12 2510.80 2054.59 139.77 2516.62 2064.67 139.77 2510.80 2076.46 160.78 2507.95 2080.44 160.78 2493.14 2076.46 170.00 2507.95 2080.44 170.00 2493.14 2056.30 160.78 2519.59 2059.04 160.78 2518.01 2056.30 170.00 2519.59 2066.38 170.00 2513.77 2063.76 160.78 2515.29 2068.47 160.78 2512.57 2076.46 170.00 2507.95 2074.04 160.78 2509.35 2076.46 160.78 2507.95 2059.04 156.42 2518.01 2063.76 156.42 2515.29 2068.47 156.42 2512.57 2074.04 156.42 2509.35 2062.04 156.42 2512.32 2066.76 156.42 2509.60 2062.04 160.78 2512.32 2066.76 160.78 2509.60 2057.33 156.42 2515.04 2054.59 160.78 2516.62 2057.33 160.78 2515.04 2074.75 139.77 2504.98 2072.33 156.42 2506.38 2074.75 160.78 2504.98 2072.33 160.78 2506.38 2054.59 139.77 2516.62 2056.30 139.77 2519.59 2054.59 123.12 2516.62 2056.30 120.17 2519.59 2076.46 160.78 2507.95 2074.04 160.78 2509.35 2074.75 160.78 2504.98 2072.33 160.78 2506.38 2074.04 160.78 2509.35 2074.04 156.42 2509.35 2072.33 160.78 2506.38 2072.33 156.42 2506.38 2059.04 156.42 2518.01 2059.04 160.78 2518.01 2057.33 156.42 2515.04 2057.33 160.78 2515.04 2059.04 160.78 2518.01 2056.30 160.78 2519.59 2057.33 160.78 2515.04 2054.59 160.78 2516.62 2054.59 160.78 2516.62 2056.30 160.78 2519.59 2068.47 156.42 2512.57 2068.47 160.78 2512.57 2066.76 156.42 2509.60 2066.76 160.78 2509.60 2068.47 160.78 2512.57 2063.76 160.78 2515.29 2066.76 160.78 2509.60 2062.04 160.78 2512.32 2063.76 160.78 2515.29 2063.76 156.42 2515.29 2062.04 160.78 2512.32 2062.04 156.42 2512.32 2074.75 160.78 2504.98 2074.75 139.77 2504.98 2076.46 160.78 2507.95 2076.46 139.77 2507.95 2074.04 156.42 2509.35 2068.47 156.42 2512.57 2072.33 156.42 2506.38 2066.76 156.42 2509.60 2063.76 156.42 2515.29 2059.04 156.42 2518.01 2062.04 156.42 2512.32 2057.33 156.42 2515.04 2076.46 120.17 2507.95 2074.75 123.12 2504.98 2056.30 120.17 2519.59 2066.38 120.17 2513.77 2054.59 123.12 2516.62 2064.67 123.12 2510.80 2066.38 170.00 2513.77 2070.64 170.00 2504.22 2055.99 170.00 2512.68 2076.46 170.00 2507.95 2080.44 170.00 2493.14 2070.64 170.00 2504.22 2073.53 170.00 2493.46 2055.99 170.00 2512.68 2070.64 170.00 2504.22 2055.85 149.62 2509.72 2068.14 149.62 2502.62 2070.64 170.00 2504.22 2073.53 170.00 2493.46 2068.14 149.62 2502.62 2070.56 149.62 2493.59 2076.46 120.17 2507.95 2076.46 110.00 2507.95 2074.75 123.12 2504.98 2076.46 120.17 2507.95 2074.75 123.12 2504.98 2056.30 170.00 2519.59 2076.46 170.00 2507.95 2080.44 110.00 2493.14 2074.61 110.00 2483.06 2080.44 120.17 2493.14 2074.61 120.17 2483.06 2068.79 110.00 2472.98 2053.98 110.00 2469.01 2068.79 120.17 2472.98 2053.98 120.17 2469.01 2070.56 149.62 2493.59 2063.47 149.62 2481.30 2055.14 155.27 2494.30 2063.47 149.62 2481.30 2054.44 149.62 2478.88 2055.14 155.27 2494.30 2068.79 139.77 2472.98 2053.98 139.77 2469.01 2077.47 123.12 2494.85 2071.65 123.12 2484.77 2077.47 139.77 2494.85 2071.65 139.77 2484.77 2068.79 160.78 2472.98 2053.98 160.78 2469.01 2068.79 170.00 2472.98 2053.98 170.00 2469.01 2080.44 160.78 2493.14 2078.86 160.78 2490.40 2080.44 170.00 2493.14 2074.62 170.00 2483.06 2076.13 160.78 2485.69 2073.41 160.78 2480.98 2068.79 170.00 2472.98 2070.20 160.78 2475.40 2068.79 160.78 2472.98 2078.86 156.42 2490.40 2076.13 156.42 2485.69 2073.41 156.42 2480.98 2070.20 156.42 2475.40 2073.16 156.42 2487.40 2070.44 156.42 2482.69 2073.16 160.78 2487.40 2070.44 160.78 2482.69 2075.89 156.42 2492.12 2077.47 160.78 2494.85 2075.89 160.78 2492.12 2065.83 139.77 2474.69 2067.23 156.42 2477.12 2065.83 160.78 2474.69 2067.23 160.78 2477.12 2077.47 139.77 2494.85 2080.44 139.77 2493.14 2077.47 123.12 2494.85 2080.44 120.17 2493.14 2068.79 160.78 2472.98 2070.20 160.78 2475.40 2065.83 160.78 2474.69 2067.23 160.78 2477.12 2070.20 160.78 2475.40 2070.20 156.42 2475.40 2067.23 160.78 2477.12 2067.23 156.42 2477.12 2078.86 156.42 2490.40 2078.86 160.78 2490.40 2075.89 156.42 2492.12 2075.89 160.78 2492.12 2078.86 160.78 2490.40 2080.44 160.78 2493.14 2075.89 160.78 2492.12 2077.47 160.78 2494.85 2077.47 160.78 2494.85 2080.44 160.78 2493.14 2073.41 156.42 2480.98 2073.41 160.78 2480.98 2070.44 156.42 2482.69 2070.44 160.78 2482.69 2073.41 160.78 2480.98 2076.13 160.78 2485.69 2070.44 160.78 2482.69 2073.16 160.78 2487.40 2076.13 160.78 2485.69 2076.13 156.42 2485.69 2073.16 160.78 2487.40 2073.16 156.42 2487.40 2065.83 160.78 2474.69 2065.83 139.77 2474.69 2068.79 160.78 2472.98 2068.79 139.77 2472.98 2070.20 156.42 2475.40 2073.41 156.42 2480.98 2067.23 156.42 2477.12 2070.44 156.42 2482.69 2076.13 156.42 2485.69 2078.86 156.42 2490.40 2073.16 156.42 2487.40 2075.89 156.42 2492.12 2068.79 120.17 2472.98 2065.83 123.12 2474.69 2080.44 120.17 2493.14 2074.61 120.17 2483.06 2077.47 123.12 2494.85 2071.65 123.12 2484.77 2074.62 170.00 2483.06 2065.07 170.00 2478.80 2073.53 170.00 2493.46 2068.79 170.00 2472.98 2053.98 170.00 2469.01 2065.07 170.00 2478.80 2054.30 170.00 2475.92 2073.53 170.00 2493.46 2065.07 170.00 2478.80 2070.56 149.62 2493.59 2063.47 149.62 2481.30 2065.07 170.00 2478.80 2054.30 170.00 2475.92 2063.47 149.62 2481.30 2054.44 149.62 2478.88 2068.79 120.17 2472.98 2068.79 110.00 2472.98 2065.83 123.12 2474.69 2068.79 120.17 2472.98 2065.83 123.12 2474.69 2080.44 170.00 2493.14 2068.79 170.00 2472.98 2053.98 110.00 2469.01 2043.90 110.00 2474.83 2053.98 120.17 2469.01 2043.90 120.17 2474.83 2033.82 110.00 2480.65 2029.85 110.00 2495.46 2033.82 120.17 2480.65 2029.85 120.17 2495.46 2054.44 149.62 2478.88 2042.14 149.62 2485.98 2055.14 155.27 2494.30 2042.14 149.62 2485.98 2039.72 149.62 2495.01 2055.14 155.27 2494.30 2033.82 139.77 2480.65 2029.85 139.77 2495.46 2055.70 123.12 2471.98 2045.62 123.12 2477.80 2055.70 139.77 2471.98 2045.62 139.77 2477.80 2033.82 160.78 2480.65 2029.85 160.78 2495.46 2033.82 170.00 2480.65 2029.85 170.00 2495.46 2053.98 160.78 2469.01 2051.25 160.78 2470.59 2053.98 170.00 2469.01 2043.90 170.00 2474.83 2046.53 160.78 2473.31 2041.82 160.78 2476.03 2033.82 170.00 2480.65 2036.25 160.78 2479.25 2033.82 160.78 2480.65 2051.25 156.42 2470.59 2046.53 156.42 2473.31 2041.82 156.42 2476.03 2036.25 156.42 2479.25 2048.24 156.42 2476.28 2043.53 156.42 2479.00 2048.24 160.78 2476.28 2043.53 160.78 2479.00 2052.96 156.42 2473.56 2055.70 160.78 2471.98 2052.96 160.78 2473.56 2035.54 139.77 2483.62 2037.96 156.42 2482.22 2035.54 160.78 2483.62 2037.96 160.78 2482.22 2055.70 139.77 2471.98 2053.98 139.77 2469.01 2055.70 123.12 2471.98 2053.98 120.17 2469.01 2033.82 160.78 2480.65 2036.25 160.78 2479.25 2035.54 160.78 2483.62 2037.96 160.78 2482.22 2036.25 160.78 2479.25 2036.25 156.42 2479.25 2037.96 160.78 2482.22 2037.96 156.42 2482.22 2051.25 156.42 2470.59 2051.25 160.78 2470.59 2052.96 156.42 2473.56 2052.96 160.78 2473.56 2051.25 160.78 2470.59 2053.98 160.78 2469.01 2052.96 160.78 2473.56 2055.70 160.78 2471.98 2055.70 160.78 2471.98 2053.98 160.78 2469.01 2041.82 156.42 2476.03 2041.82 160.78 2476.03 2043.53 156.42 2479.00 2043.53 160.78 2479.00 2041.82 160.78 2476.03 2046.53 160.78 2473.31 2043.53 160.78 2479.00 2048.24 160.78 2476.28 2046.53 160.78 2473.31 2046.53 156.42 2473.31 2048.24 160.78 2476.28 2048.24 156.42 2476.28 2035.54 160.78 2483.62 2035.54 139.77 2483.62 2033.82 160.78 2480.65 2033.82 139.77 2480.65 2036.25 156.42 2479.25 2041.82 156.42 2476.03 2037.96 156.42 2482.22 2043.53 156.42 2479.00 2046.53 156.42 2473.31 2051.25 156.42 2470.59 2048.24 156.42 2476.28 2052.96 156.42 2473.56 2033.82 120.17 2480.65 2035.54 123.12 2483.62 2053.98 120.17 2469.01 2043.90 120.17 2474.83 2055.70 123.12 2471.98 2045.62 123.12 2477.80 2043.90 170.00 2474.83 2039.64 170.00 2484.38 2054.30 170.00 2475.92 2033.82 170.00 2480.65 2029.85 170.00 2495.46 2039.64 170.00 2484.38 2036.76 170.00 2495.14 2054.30 170.00 2475.92 2039.64 170.00 2484.38 2054.44 149.62 2478.88 2042.14 149.62 2485.98 2039.64 170.00 2484.38 2036.76 170.00 2495.14 2042.14 149.62 2485.98 2039.72 149.62 2495.01 2033.82 120.17 2480.65 2033.82 110.00 2480.65 2035.54 123.12 2483.62 2033.82 120.17 2480.65 2035.54 123.12 2483.62 2053.98 170.00 2469.01 2033.82 170.00 2480.65 2029.85 110.00 2495.46 2035.67 110.00 2505.54 2029.85 120.17 2495.46 2035.67 120.17 2505.54 2041.49 110.00 2515.62 2056.30 110.00 2519.59 2041.49 120.17 2515.62 2056.30 120.17 2519.59 2039.72 149.62 2495.01 2046.82 149.62 2507.30 2055.14 155.27 2494.30 2046.82 149.62 2507.30 2055.85 149.62 2509.72 2055.14 155.27 2494.30 2041.49 139.77 2515.62 2056.30 139.77 2519.59 2032.82 123.12 2493.75 2038.64 123.12 2503.83 2032.82 139.77 2493.75 2038.64 139.77 2503.83 2041.49 160.78 2515.62 2056.30 160.78 2519.59 2041.49 170.00 2515.62 2056.30 170.00 2519.59 2029.85 160.78 2495.46 2031.43 160.78 2498.20 2029.85 170.00 2495.46 2035.67 170.00 2505.54 2034.16 160.78 2502.91 2036.88 160.78 2507.62 2041.49 170.00 2515.62 2040.09 160.78 2513.20 2041.49 160.78 2515.62 2031.43 156.42 2498.20 2034.16 156.42 2502.91 2036.88 156.42 2507.62 2040.09 156.42 2513.20 2037.12 156.42 2501.20 2039.84 156.42 2505.91 2037.12 160.78 2501.20 2039.84 160.78 2505.91 2034.40 156.42 2496.48 2032.82 160.78 2493.75 2034.40 160.78 2496.48 2044.46 139.77 2513.91 2043.06 156.42 2511.48 2044.46 160.78 2513.91 2043.06 160.78 2511.48 2032.82 139.77 2493.75 2029.85 139.77 2495.46 2032.82 123.12 2493.75 2029.85 120.17 2495.46 2041.49 160.78 2515.62 2040.09 160.78 2513.20 2044.46 160.78 2513.91 2043.06 160.78 2511.48 2040.09 160.78 2513.20 2040.09 156.42 2513.20 2043.06 160.78 2511.48 2043.06 156.42 2511.48 2031.43 156.42 2498.20 2031.43 160.78 2498.20 2034.40 156.42 2496.48 2034.40 160.78 2496.48 2031.43 160.78 2498.20 2029.85 160.78 2495.46 2034.40 160.78 2496.48 2032.82 160.78 2493.75 2032.82 160.78 2493.75 2029.85 160.78 2495.46 2036.88 156.42 2507.62 2036.88 160.78 2507.62 2039.84 156.42 2505.91 2039.84 160.78 2505.91 2036.88 160.78 2507.62 2034.16 160.78 2502.91 2039.84 160.78 2505.91 2037.12 160.78 2501.20 2034.16 160.78 2502.91 2034.16 156.42 2502.91 2037.12 160.78 2501.20 2037.12 156.42 2501.20 2044.46 160.78 2513.91 2044.46 139.77 2513.91 2041.49 160.78 2515.62 2041.49 139.77 2515.62 2040.09 156.42 2513.20 2036.88 156.42 2507.62 2043.06 156.42 2511.48 2039.84 156.42 2505.91 2034.16 156.42 2502.91 2031.43 156.42 2498.20 2037.12 156.42 2501.20 2034.40 156.42 2496.48 2041.49 120.17 2515.62 2044.46 123.12 2513.91 2029.85 120.17 2495.46 2035.67 120.17 2505.54 2032.82 123.12 2493.75 2038.64 123.12 2503.83 2035.67 170.00 2505.54 2045.22 170.00 2509.80 2036.76 170.00 2495.14 2041.49 170.00 2515.62 2056.30 170.00 2519.59 2045.22 170.00 2509.80 2055.99 170.00 2512.68 2036.76 170.00 2495.14 2045.22 170.00 2509.80 2039.72 149.62 2495.01 2046.82 149.62 2507.30 2045.22 170.00 2509.80 2055.99 170.00 2512.68 2046.82 149.62 2507.30 2055.85 149.62 2509.72 2041.49 120.17 2515.62 2041.49 110.00 2515.62 2044.46 123.12 2513.91 2041.49 120.17 2515.62 2044.46 123.12 2513.91 2029.85 170.00 2495.46 2041.49 170.00 2515.62 1825.88 110.00 2462.20 1805.88 110.00 2427.56 1775.08 110.00 2474.20 1891.06 110.00 2615.09 1868.56 110.00 2576.12 1852.09 110.00 2637.59 1813.58 110.00 2555.90 1753.12 110.00 2556.17 1791.62 110.00 2637.86 1852.09 110.00 2637.59 1844.12 110.00 2728.79 1897.09 110.00 2715.53 2034.42 110.00 2428.40 2064.88 110.00 2376.17 1982.92 110.00 2354.20 2168.88 110.00 2541.29 2206.85 110.00 2502.05 2116.38 110.00 2450.36 2146.85 110.00 2398.13 1789.00 110.00 2419.00 1753.97 110.00 2358.43 1730.08 110.00 2396.26 1685.08 110.00 2318.32 1719.14 110.00 2298.20 1823.20 110.00 2417.56 1858.50 110.00 2379.00 1928.00 110.00 2339.00 1937.92 110.00 2276.26 1892.97 110.00 2278.43 1892.92 110.00 2198.32 1857.94 110.00 2217.86 2130.91 110.00 2580.53 2221.38 110.00 2632.22 2175.91 110.00 2658.48 1896.62 110.00 2819.72 1851.16 110.00 2845.98 1791.16 110.00 2742.05 2085.91 110.00 2502.59 2024.44 110.00 2486.12 2046.94 110.00 2525.09 1967.12 110.00 2426.84 1909.80 110.00 2367.56 1927.12 110.00 2357.56 1731.16 110.00 2638.13 1942.09 110.00 2793.48 2266.85 110.00 2605.98 1852.07 110.00 2400.89 1880.93 110.00 2384.22 1845.88 110.00 2496.84 1865.88 110.00 2531.48 1885.88 110.00 2566.12 1947.12 110.00 2392.20 1987.12 110.00 2461.48 2007.12 110.00 2496.12 1753.02 170.00 2256.00 1764.91 170.00 2276.59 1753.02 130.00 2256.00 1764.91 130.00 2276.59 1790.89 210.00 2261.59 1779.00 210.00 2241.00 1816.87 210.00 2246.59 1804.98 210.00 2226.00 1816.87 210.00 2246.59 1804.98 210.00 2226.00 1816.87 170.00 2246.59 1804.98 170.00 2226.00 1790.89 210.00 2261.59 1816.87 210.00 2246.59 1790.89 230.00 2261.59 1816.87 230.00 2246.59 1764.91 130.00 2276.59 1764.91 170.00 2276.59 1747.59 130.00 2286.59 1747.59 170.00 2286.59 1816.87 130.00 2246.59 1834.19 130.00 2236.59 1816.87 170.00 2246.59 1834.19 170.00 2236.59 1764.91 210.00 2276.59 1764.91 230.00 2276.59 1747.59 210.00 2286.59 1747.59 230.00 2286.59 1764.91 210.00 2276.59 1753.02 210.00 2256.00 1828.63 230.00 2226.97 1811.31 230.00 2236.97 1834.19 230.00 2236.59 1816.87 230.00 2246.59 1742.03 170.00 2276.97 1742.03 130.00 2276.97 1747.59 170.00 2286.59 1747.59 130.00 2286.59 1834.19 210.00 2236.59 1828.63 210.00 2226.97 1834.19 230.00 2236.59 1828.63 230.00 2226.97 1785.33 230.00 2251.97 1759.35 230.00 2266.97 1790.89 230.00 2261.59 1764.91 230.00 2276.59 1764.91 210.00 2276.59 1753.02 210.00 2256.00 1816.87 130.00 2246.59 1804.98 130.00 2226.00 1816.87 110.00 2246.59 1804.98 110.00 2226.00 1747.59 210.00 2286.59 1747.59 170.00 2286.59 1764.91 210.00 2276.59 1764.91 170.00 2276.59 1816.87 210.00 2246.59 1834.19 210.00 2236.59 1816.87 230.00 2246.59 1834.19 230.00 2236.59 1747.59 210.00 2286.59 1747.59 230.00 2286.59 1742.03 210.00 2276.97 1742.03 230.00 2276.97 1828.63 170.00 2226.97 1834.19 170.00 2236.59 1828.63 130.00 2226.97 1834.19 130.00 2236.59 1764.91 210.00 2276.59 1764.91 230.00 2276.59 1816.87 210.00 2246.59 1816.87 170.00 2246.59 1834.19 210.00 2236.59 1834.19 170.00 2236.59 1742.03 210.00 2276.97 1747.59 210.00 2286.59 1764.91 110.00 2276.59 1764.91 130.00 2276.59 1747.59 110.00 2286.59 1747.59 130.00 2286.59 1764.91 130.00 2276.59 1764.91 110.00 2276.59 1753.02 130.00 2256.00 1753.02 110.00 2256.00 1816.87 110.00 2246.59 1834.19 110.00 2236.59 1816.87 130.00 2246.59 1834.19 130.00 2236.59 1834.19 130.00 2236.59 1834.19 110.00 2236.59 1828.63 130.00 2226.97 1828.63 110.00 2226.97 1804.98 130.00 2226.00 1816.87 130.00 2246.59 1747.59 130.00 2286.59 1742.03 130.00 2276.97 1747.59 110.00 2286.59 1742.03 110.00 2276.97 1828.63 210.00 2226.97 1834.19 210.00 2236.59 1816.87 230.00 2246.59 1811.31 230.00 2236.97 1790.89 230.00 2261.59 1785.33 230.00 2251.97 1764.91 230.00 2276.59 1759.35 230.00 2266.97 1747.59 230.00 2286.59 1742.03 230.00 2276.97 1942.09 170.00 2793.48 1942.09 140.00 2793.48 1896.62 170.00 2819.72 1896.62 110.00 2819.72 1942.09 110.00 2793.48 1791.15 170.00 2742.05 1791.16 110.00 2742.05 1731.16 170.00 2638.13 1731.16 110.00 2638.13 2206.85 110.00 2502.05 2206.85 170.00 2502.05 2146.85 110.00 2398.13 2146.85 170.00 2398.13 2064.88 110.00 2376.17 2064.88 170.00 2376.17 1982.92 110.00 2354.20 1982.92 170.00 2354.20 1892.92 170.00 2198.32 1892.92 110.00 2198.32 1937.92 170.00 2276.26 1937.92 110.00 2276.26 1775.08 110.00 2474.20 1730.08 110.00 2396.26 1775.08 170.00 2474.20 1730.08 170.00 2396.26 1731.16 110.00 2638.13 1753.12 110.00 2556.17 1731.16 170.00 2638.13 1753.12 170.00 2556.17 2266.85 110.00 2605.98 2221.38 110.00 2632.22 2266.85 170.00 2605.98 2221.38 170.00 2632.22 2210.49 170.00 2501.46 2149.12 170.00 2395.16 1985.20 170.00 2351.24 2067.16 170.00 2373.20 1940.81 170.00 2273.77 1896.43 170.00 2196.30 2224.90 170.00 2634.86 2271.86 170.00 2607.75 1944.11 170.00 2796.98 1897.15 170.00 2824.09 1788.82 170.00 2744.91 1727.45 170.00 2638.62 1771.37 170.00 2474.69 1726.47 170.00 2397.52 1749.41 170.00 2556.66 1727.45 170.00 2638.62 2266.85 110.00 2605.98 2266.85 170.00 2605.98 2206.85 110.00 2502.05 2206.85 170.00 2502.05 2210.49 170.00 2501.46 2271.86 170.00 2607.75 1791.15 170.00 2742.05 1788.82 170.00 2744.91 1851.16 170.00 2845.98 1850.19 170.00 2851.20 1851.16 110.00 2845.98 1791.16 110.00 2742.05 2146.85 110.00 2398.13 2146.85 170.00 2398.13 2064.88 110.00 2376.17 2064.88 170.00 2376.17 2067.16 170.00 2373.20 2149.12 170.00 2395.16 1753.12 170.00 2556.17 1753.12 110.00 2556.17 1775.08 170.00 2474.20 1775.08 110.00 2474.20 1749.41 170.00 2556.66 1771.37 170.00 2474.69 1937.92 170.00 2276.26 1937.92 110.00 2276.26 1982.92 170.00 2354.20 1982.92 110.00 2354.20 1940.81 170.00 2273.77 1985.20 170.00 2351.24 1730.08 170.00 2396.26 1730.08 110.00 2396.26 1685.08 170.00 2318.32 1685.08 110.00 2318.32 1726.47 170.00 2397.52 1681.57 170.00 2320.34 1851.16 170.00 2845.98 1851.16 110.00 2845.98 2175.91 170.00 2658.48 2175.91 140.00 2658.48 2175.91 110.00 2658.48 1850.19 170.00 2851.20 2177.94 170.00 2661.98 2175.91 450.00 2658.48 2221.38 390.00 2632.22 2177.94 450.00 2661.98 2224.90 390.00 2634.86 2175.91 330.00 2658.48 2175.91 390.00 2658.48 2177.94 330.00 2661.98 2177.94 390.00 2661.98 2206.85 330.00 2502.05 2146.85 330.00 2398.13 2210.49 330.00 2501.46 2149.12 330.00 2395.16 2064.88 330.00 2376.17 2067.16 330.00 2373.20 2146.85 330.00 2398.13 2149.12 330.00 2395.16 1982.92 330.00 2354.20 1937.92 330.00 2276.26 1985.20 330.00 2351.24 1940.81 330.00 2273.77 2175.91 203.16 2658.48 2175.91 250.00 2658.48 2177.94 203.16 2661.98 2177.94 250.00 2661.98 1896.62 390.00 2819.72 1897.15 390.00 2824.09 1851.15 330.00 2845.98 1850.19 330.00 2851.20 1944.11 390.49 2796.98 1942.09 390.00 2793.48 1944.11 330.00 2796.98 1942.09 330.00 2793.48 1942.09 250.00 2793.48 1944.11 250.00 2796.98 1791.15 330.00 2742.05 1788.82 330.00 2744.91 1731.16 330.00 2638.13 1727.45 330.00 2638.62 1730.08 330.00 2396.26 1726.47 330.00 2397.52 1685.08 330.00 2318.32 1680.16 330.00 2317.90 1775.08 330.00 2474.20 1753.12 330.00 2556.17 1771.37 330.00 2474.69 1749.41 330.00 2556.66 2266.85 330.00 2605.98 2271.86 330.00 2607.75 1851.15 330.00 2845.98 1850.19 330.00 2851.20 1985.20 330.00 2351.24 1982.92 330.00 2354.20 1731.16 330.00 2638.13 1727.45 330.00 2638.62 1892.92 330.00 2198.32 1895.02 329.94 2193.85 1771.37 330.00 2474.69 1775.08 330.00 2474.20 1944.11 203.16 2796.98 1942.09 203.16 2793.48 1944.11 170.00 2796.98 1942.09 170.00 2793.48 2059.00 450.00 2725.98 2117.46 450.00 2692.22 2108.04 450.00 2733.92 2159.02 450.00 2668.23 2163.09 450.00 2675.28 2159.02 330.00 2668.23 2163.09 372.50 2675.28 2159.02 390.00 2668.23 2163.09 450.00 2675.28 2159.02 203.16 2668.23 2163.09 217.50 2675.28 2159.02 250.00 2668.23 2163.09 295.00 2675.28 1958.98 140.00 2783.72 1958.98 203.16 2783.72 1963.06 140.00 2790.77 1963.06 217.50 2790.77 1958.98 330.00 2783.72 1958.98 390.00 2783.72 1963.06 372.50 2790.77 1963.06 450.00 2790.77 1958.98 450.00 2783.72 1958.98 250.00 2783.72 1963.06 295.00 2790.77 2159.02 140.00 2668.23 2163.09 140.00 2675.28 2041.36 450.00 2772.42 2000.54 450.00 2759.72 1958.98 450.00 2783.72 1963.06 450.00 2790.77 1895.02 329.94 2193.85 1892.92 330.00 2198.32 1846.32 330.00 2221.97 1847.46 330.00 2224.57 2175.91 170.00 2658.48 2177.94 170.00 2661.98 1942.09 450.00 2793.48 1944.11 450.00 2796.98 2177.94 450.00 2661.98 2175.91 450.00 2658.48 1944.11 450.00 2796.98 1942.09 450.00 2793.48 2266.85 330.00 2605.98 2271.86 330.00 2607.75 1789.00 330.00 2258.32 1787.59 330.00 2255.88 1680.16 330.00 2317.90 1723.25 330.00 2293.02 1685.08 330.00 2318.32 1725.58 330.00 2294.94 1776.23 330.00 2262.44 1778.39 330.00 2264.45 1942.09 330.00 2793.48 1942.09 390.00 2793.48 1958.98 330.00 2783.72 1958.98 390.00 2783.72 2159.02 450.00 2668.23 2175.91 450.00 2658.48 2159.02 390.00 2668.23 2175.91 390.00 2658.48 1937.92 350.00 2276.26 1937.92 330.00 2276.26 1982.92 350.00 2354.20 1982.92 330.00 2354.20 2064.88 350.00 2376.17 2064.88 330.00 2376.17 2146.85 350.00 2398.13 2146.85 330.00 2398.13 2206.85 350.00 2502.05 2206.85 330.00 2502.05 2266.85 330.00 2605.98 2221.38 390.00 2632.22 2266.85 350.00 2605.98 2221.38 410.00 2632.22 2175.91 470.00 2658.48 2175.91 450.00 2658.48 2117.46 470.00 2692.22 2117.46 450.00 2692.22 1942.09 470.00 2793.48 1942.09 450.00 2793.48 1896.62 410.00 2819.72 1896.62 390.00 2819.72 1791.16 350.00 2742.05 1791.15 330.00 2742.05 1731.16 350.00 2638.13 1731.16 330.00 2638.13 1753.12 350.00 2556.17 1753.12 330.00 2556.17 1775.08 350.00 2474.20 1775.08 330.00 2474.20 1730.08 350.00 2396.26 1730.08 330.00 2396.26 1685.08 350.00 2318.32 1685.08 330.00 2318.32 1958.98 250.00 2783.72 1942.09 250.00 2793.48 2175.91 250.00 2658.48 2159.02 250.00 2668.23 2175.91 330.00 2658.48 2159.02 330.00 2668.23 1789.00 350.00 2258.32 1789.00 330.00 2258.32 1847.46 350.00 2224.57 1847.46 330.00 2224.57 2266.85 350.00 2605.98 2266.85 330.00 2605.98 1851.16 350.00 2845.98 1851.15 330.00 2845.98 1892.92 350.00 2198.32 1892.92 330.00 2198.32 2175.91 140.00 2658.48 2159.02 140.00 2668.23 2175.91 170.00 2658.48 2159.02 203.16 2668.23 2175.91 203.16 2658.48 1942.09 203.16 2793.48 1958.98 203.16 2783.72 1942.09 170.00 2793.48 1958.98 140.00 2783.72 1942.09 140.00 2793.48 1958.98 203.16 2783.72 1942.09 203.16 2793.48 2059.00 470.00 2725.98 2059.00 450.00 2725.98 2000.54 470.00 2759.72 2000.54 450.00 2759.72 1892.92 350.00 2198.32 1892.92 330.00 2198.32 1942.09 470.00 2793.48 1942.09 450.00 2793.48 2175.91 203.16 2658.48 2159.02 203.16 2668.23 1958.98 450.00 2783.72 1942.09 450.00 2793.48 1851.16 350.00 2845.98 1851.15 330.00 2845.98 2175.91 450.00 2658.48 2175.91 470.00 2658.48 1685.08 350.00 2318.32 1685.08 330.00 2318.32 1711.20 350.00 2303.24 1725.58 330.00 2294.94 1778.39 330.00 2264.45 1829.98 340.46 2374.38 1806.56 367.00 2356.36 1859.80 350.00 2392.96 1789.34 340.46 2414.00 1768.79 360.94 2373.70 1756.92 338.91 2380.76 1756.92 338.91 2380.76 1768.79 360.94 2373.70 1723.12 350.25 2300.85 1734.78 374.18 2288.58 1774.01 369.88 2282.02 1775.08 350.25 2270.85 1766.21 409.16 2198.89 1773.51 397.22 2184.72 1723.12 350.25 2300.85 1734.78 374.18 2288.58 1721.54 397.22 2214.72 1736.99 412.62 2215.07 1775.08 350.25 2270.85 1774.01 369.88 2282.02 1808.88 338.91 2350.76 1806.56 367.00 2356.36 1801.09 316.38 2355.26 1765.63 329.02 2272.47 1808.88 338.91 2350.76 1775.08 350.25 2270.85 1746.73 320.25 2281.74 1742.78 368.76 2191.50 1765.63 329.02 2272.47 1762.39 377.30 2183.46 1729.26 329.02 2293.47 1726.02 377.30 2204.46 1723.12 350.25 2300.85 1721.54 397.22 2214.72 1775.08 350.25 2270.85 1773.51 397.22 2184.72 1782.90 307.38 2365.76 1746.73 320.25 2281.74 1764.72 316.38 2376.26 1729.26 329.02 2293.47 1723.12 350.25 2300.85 1756.92 338.91 2380.76 1808.88 338.91 2350.76 1830.50 350.00 2442.20 2013.76 465.42 2530.39 2024.24 470.00 2579.77 2011.29 450.46 2543.94 2025.13 456.03 2594.45 1998.31 439.98 2498.86 1981.86 427.38 2508.37 1997.38 439.17 2554.86 1966.99 439.94 2516.95 1981.69 449.94 2555.84 1960.01 446.36 2523.77 1974.86 465.42 2554.00 1958.32 455.45 2520.38 1976.02 413.46 2467.89 1977.94 435.50 2456.38 1998.31 439.98 2498.86 2001.81 454.45 2489.25 1870.30 326.00 2411.14 1882.46 350.00 2412.20 1947.60 380.00 2445.03 1930.78 386.00 2425.88 1962.81 406.08 2478.74 1947.60 380.00 2445.03 1936.80 380.58 2461.56 1936.80 380.58 2461.56 1862.95 325.00 2430.40 1918.48 388.26 2465.29 1945.58 412.58 2484.68 1918.48 388.26 2465.29 1847.18 332.44 2438.90 1929.73 430.00 2477.87 1908.36 407.00 2463.07 1908.36 407.00 2463.07 1833.10 340.41 2445.06 1830.50 350.00 2442.20 1870.30 326.00 2411.14 1831.33 314.91 2385.72 1859.80 350.00 2392.96 1829.98 340.46 2374.38 1818.56 309.91 2400.60 1801.09 316.38 2355.26 1782.90 307.38 2365.76 1800.12 318.41 2410.67 1764.72 316.38 2376.26 1789.34 340.46 2414.00 1756.92 338.91 2380.76 1877.95 411.18 2519.30 1914.75 434.52 2529.16 1872.69 419.87 2515.53 1910.26 445.21 2525.25 1919.80 427.10 2522.88 1960.01 446.36 2523.77 1966.99 439.94 2516.95 1883.82 414.38 2497.07 1914.47 436.51 2504.18 1890.36 408.30 2502.75 1918.94 427.66 2510.73 1942.98 453.00 2497.36 1949.09 438.38 2500.31 1861.57 387.88 2505.39 1854.14 394.15 2499.64 1849.05 368.10 2486.77 1840.91 375.34 2480.68 1833.10 340.41 2445.06 1830.50 350.00 2442.20 1867.38 369.95 2472.35 1847.18 332.44 2438.90 1854.06 350.58 2444.12 1877.37 388.07 2492.23 1872.45 396.15 2487.34 1808.88 338.91 2350.76 1862.95 325.00 2430.40 1847.18 332.44 2438.90 1833.10 340.41 2445.06 1830.50 350.00 2442.20 1949.17 401.00 2433.74 1981.86 427.38 2508.37 1966.99 439.94 2516.95 1949.09 438.38 2500.31 1942.98 453.00 2497.36 2010.17 443.97 2607.40 2019.24 447.78 2602.97 2001.81 454.45 2489.25 1998.45 447.23 2605.87 1991.66 453.55 2600.91 1983.33 470.00 2584.91 1887.05 405.68 2512.66 1872.44 383.45 2501.34 1861.60 365.41 2482.63 1958.32 455.45 2520.38 1856.96 369.00 2450.02 1863.30 377.95 2466.30 2049.80 105.60 2675.50 2057.59 105.60 2659.71 2049.76 140.00 2675.47 2057.54 140.00 2659.70 2058.74 105.60 2642.14 2058.69 140.00 2642.15 2058.74 105.60 2642.14 2053.08 105.60 2625.47 2058.69 140.00 2642.15 2053.04 140.00 2625.49 2041.47 105.60 2612.23 2041.44 140.00 2612.27 2041.47 105.60 2612.23 2025.68 105.60 2604.44 2041.44 140.00 2612.27 2025.67 140.00 2604.49 2008.11 105.60 2603.29 2008.12 140.00 2603.34 2008.11 105.60 2603.29 1991.44 105.60 2608.95 2008.12 140.00 2603.34 1991.46 140.00 2608.99 1978.20 105.60 2620.56 1978.24 140.00 2620.59 1978.20 105.60 2620.56 1970.41 105.60 2636.35 1978.24 140.00 2620.59 1970.46 140.00 2636.36 1969.26 105.60 2653.92 1969.31 140.00 2653.92 1969.26 105.60 2653.92 1974.92 105.60 2670.60 1969.31 140.00 2653.92 1974.96 140.00 2670.57 1986.53 105.60 2683.83 1986.56 140.00 2683.80 1986.53 105.60 2683.83 2002.32 105.60 2691.62 1986.56 140.00 2683.80 2002.33 140.00 2691.58 2019.89 105.60 2692.77 2019.88 140.00 2692.72 2019.89 105.60 2692.77 2036.52 105.60 2687.04 2019.88 140.00 2692.72 2036.54 140.00 2687.07 2049.80 105.60 2675.50 2049.76 140.00 2675.47 2031.08 140.00 2677.62 2041.10 140.00 2668.83 2041.10 140.00 2668.83 2047.00 140.00 2656.88 2047.87 140.00 2643.57 2047.87 140.00 2643.57 2043.59 140.00 2630.95 2034.80 140.00 2620.93 2034.80 140.00 2620.93 2022.84 140.00 2615.03 2009.54 140.00 2614.16 2009.54 140.00 2614.16 1996.92 140.00 2618.44 1986.90 140.00 2627.23 1986.90 140.00 2627.23 1981.00 140.00 2639.19 1980.13 140.00 2652.49 1980.13 140.00 2652.49 1984.41 140.00 2665.12 1993.20 140.00 2675.14 1993.20 140.00 2675.14 2005.16 140.00 2681.03 2018.46 140.00 2681.90 2018.46 140.00 2681.90 2038.83 136.67 2667.08 2044.23 136.67 2656.13 2045.03 136.67 2643.95 2047.87 140.00 2643.57 2045.03 136.67 2643.95 2041.10 136.67 2632.38 2034.80 140.00 2620.93 2033.05 136.67 2623.20 2034.80 140.00 2620.93 2033.05 136.67 2623.20 2022.10 136.67 2617.80 2009.54 140.00 2614.16 2009.92 136.67 2617.00 2009.54 140.00 2614.16 2009.92 136.67 2617.00 1998.35 136.67 2620.93 1986.90 140.00 2627.23 1989.17 136.67 2628.98 1986.90 140.00 2627.23 1989.17 136.67 2628.98 1983.77 136.67 2639.93 1980.13 140.00 2652.49 1982.97 136.67 2652.12 1980.13 140.00 2652.49 1982.97 136.67 2652.12 1986.90 136.67 2663.68 1993.20 140.00 2675.14 1994.95 136.67 2672.86 1993.20 140.00 2675.14 1994.95 136.67 2672.86 2005.90 136.67 2678.26 2018.46 140.00 2681.90 2018.08 136.67 2679.06 2018.08 136.67 2679.06 2029.65 136.67 2675.14 2038.83 136.67 2667.08 2085.91 140.00 2502.59 2085.91 110.00 2502.59 2046.94 130.00 2525.09 2046.94 110.00 2525.09 2024.44 110.00 2486.12 2035.94 120.00 2506.04 2046.94 110.00 2525.09 2024.44 120.00 2486.12 2046.94 130.00 2525.09 2035.94 130.00 2506.04 1891.06 110.00 2615.09 1880.06 120.00 2596.04 1868.56 110.00 2576.12 1868.56 120.00 2576.12 1891.06 130.00 2615.09 1880.06 130.00 2596.04 1852.09 110.00 2637.59 1852.09 140.00 2637.59 1891.06 130.00 2615.09 1891.06 110.00 2615.09 1928.32 140.00 2636.06 1925.70 140.00 2595.09 1852.09 140.00 2637.59 1969.00 140.00 2570.09 2007.57 140.00 2599.21 2012.30 140.00 2545.09 2099.68 140.00 2660.01 2108.04 140.00 2733.92 2159.02 140.00 2668.23 2093.78 140.00 2601.97 2043.98 140.00 2608.96 2056.65 140.00 2623.41 1958.00 130.00 2551.04 1914.70 130.00 2576.04 1969.00 130.00 2570.09 1925.70 130.00 2595.09 2001.30 130.00 2526.04 2012.30 130.00 2545.09 2035.94 130.00 2506.04 2046.94 130.00 2525.09 1946.50 120.00 2531.12 1903.20 120.00 2556.12 1958.00 120.00 2551.04 1914.70 120.00 2576.04 2130.91 140.00 2580.53 2130.91 110.00 2580.53 2085.91 140.00 2502.59 2085.91 110.00 2502.59 1852.09 140.00 2637.59 1852.09 110.00 2637.59 1897.09 140.00 2715.53 1897.09 110.00 2715.53 2012.30 130.00 2545.09 1969.00 130.00 2570.09 2012.30 140.00 2545.09 1969.00 140.00 2570.09 1958.00 130.00 2551.04 2001.30 130.00 2526.04 1958.00 120.00 2551.04 2001.30 120.00 2526.04 1914.70 130.00 2576.04 1914.70 120.00 2576.04 1880.06 130.00 2596.04 1880.06 120.00 2596.04 1960.93 110.00 2522.78 1989.80 120.00 2506.12 1989.80 110.00 2506.12 1885.88 120.00 2566.12 1885.88 110.00 2566.12 1868.56 120.00 2576.12 1868.56 110.00 2576.12 1925.70 140.00 2595.09 1925.70 130.00 2595.09 2007.12 120.00 2496.12 2035.94 120.00 2506.04 2024.44 120.00 2486.12 2175.91 140.00 2658.48 2175.91 110.00 2658.48 1942.09 140.00 2793.48 1942.09 110.00 2793.48 1934.22 140.00 2694.10 1984.02 140.00 2687.10 1971.35 140.00 2672.66 1965.18 140.00 2654.46 1966.43 140.00 2635.29 1981.53 140.00 2728.23 2020.43 140.00 2696.86 2001.26 140.00 2695.60 2062.83 140.00 2641.61 2061.57 140.00 2660.78 1966.43 140.00 2635.29 1965.18 140.00 2654.46 1970.41 105.60 2636.35 1969.26 105.60 2653.92 1971.35 140.00 2672.66 1974.92 105.60 2670.60 2001.26 140.00 2695.60 2020.43 140.00 2696.86 2002.32 105.60 2691.62 2019.89 105.60 2692.77 2038.58 140.00 2690.61 2036.52 105.60 2687.04 2061.57 140.00 2660.78 2062.83 140.00 2641.61 2057.59 105.60 2659.71 2058.74 105.60 2642.14 2056.65 140.00 2623.41 2053.08 105.60 2625.47 1989.38 140.00 2605.39 1974.93 140.00 2618.06 1991.44 105.60 2608.95 1978.20 105.60 2620.56 2026.75 140.00 2600.47 2007.57 140.00 2599.21 2025.68 105.60 2604.44 2008.11 105.60 2603.29 2043.98 140.00 2608.96 2041.47 105.60 2612.23 1984.02 140.00 2687.10 1986.53 105.60 2683.83 2053.07 140.00 2678.02 2049.80 105.60 2675.50 1897.09 140.00 2715.53 2041.36 140.00 2772.42 1958.98 140.00 2783.72 2130.91 140.00 2580.53 2085.91 140.00 2502.59 2046.47 140.00 2567.84 2035.94 120.00 2506.04 2035.94 130.00 2506.04 2007.12 110.00 2496.12 2007.12 120.00 2496.12 1989.80 120.00 2506.12 2001.30 120.00 2526.04 1891.06 130.00 2615.09 1880.06 130.00 2596.04 1885.88 120.00 2566.12 1880.06 120.00 2596.04 1903.20 120.00 2556.12 1932.07 110.00 2539.45 1903.20 110.00 2556.12 1974.93 140.00 2618.06 1989.38 140.00 2605.39 1969.00 140.00 2570.09 2026.75 140.00 2600.47 2024.44 110.00 2486.12 2024.44 120.00 2486.12 1868.56 120.00 2576.12 2175.91 140.00 2658.48 1942.09 140.00 2793.48 2054.15 140.00 2717.57 2053.07 140.00 2678.02 2038.58 140.00 2690.61 1963.06 140.00 2790.77 2163.09 140.00 2675.28 1946.50 120.00 2531.12 1825.88 110.00 2462.20 1843.20 110.00 2452.20 1805.88 110.00 2427.56 1823.20 110.00 2417.56 1929.80 110.00 2402.20 1947.12 110.00 2392.20 1909.80 110.00 2367.56 1927.12 110.00 2357.56 1843.20 110.00 2452.20 1825.88 110.00 2462.20 1863.20 110.00 2486.84 1845.88 110.00 2496.84 1947.12 110.00 2392.20 1929.80 110.00 2402.20 1967.12 110.00 2426.84 1949.80 110.00 2436.84 1885.88 110.00 2566.12 1903.20 110.00 2556.12 1865.88 110.00 2531.48 1883.20 110.00 2521.48 1989.80 110.00 2506.12 2007.12 110.00 2496.12 1969.80 110.00 2471.48 1987.12 110.00 2461.48 1863.20 110.00 2486.84 1845.88 110.00 2496.84 1883.20 110.00 2521.48 1865.88 110.00 2531.48 1967.12 110.00 2426.84 1949.80 110.00 2436.84 1987.12 110.00 2461.48 1969.80 110.00 2471.48 1852.07 110.00 2400.89 1823.20 110.00 2417.56 1872.07 110.00 2435.53 1843.20 110.00 2452.20 1969.80 110.00 2471.48 1940.93 110.00 2488.14 1989.80 110.00 2506.12 1960.93 110.00 2522.78 1929.80 110.00 2402.20 1900.93 110.00 2418.86 1949.80 110.00 2436.84 1920.93 110.00 2453.50 1900.93 110.00 2418.86 1920.93 110.00 2453.50 1892.07 110.00 2470.17 1892.07 110.00 2470.17 1863.20 110.00 2486.84 1912.07 110.00 2504.81 1883.20 110.00 2521.48 1909.80 110.00 2367.56 1880.93 110.00 2384.22 1880.93 110.00 2384.22 1912.07 110.00 2504.81 1883.20 110.00 2521.48 1932.07 110.00 2539.45 1903.20 110.00 2556.12 1940.93 110.00 2488.14 1960.93 110.00 2522.78 1920.93 110.00 2453.50 1940.93 110.00 2488.14 1863.20 110.00 2486.84 1949.80 110.00 2436.84 1920.93 110.00 2453.50 1969.80 110.00 2471.48 1940.93 110.00 2488.14 1791.16 350.00 2742.05 1731.16 350.00 2638.13 1836.62 410.00 2715.80 1776.62 410.00 2611.88 1775.08 350.00 2474.20 1799.65 410.00 2529.30 1753.12 350.00 2556.17 1824.64 470.00 2584.16 2053.36 470.00 2452.10 2018.35 410.00 2403.03 2101.38 410.00 2424.38 2114.24 470.00 2555.52 2161.38 410.00 2528.30 2206.85 350.00 2502.05 2146.85 350.00 2398.13 1730.08 350.00 2396.26 1775.54 350.00 2370.01 1820.54 350.00 2447.96 1937.46 350.00 2380.46 1967.46 410.00 2432.42 2057.46 470.00 2588.30 1997.46 470.00 2484.38 2221.38 410.00 2632.22 2266.85 350.00 2605.98 2175.91 470.00 2658.48 2117.46 470.00 2692.22 1896.62 410.00 2819.72 1942.09 470.00 2793.48 1883.76 470.00 2688.59 1789.00 350.00 2258.32 1847.46 350.00 2224.57 1834.00 350.00 2336.26 1892.46 350.00 2302.51 1879.00 350.00 2414.20 1999.00 470.00 2622.05 2059.00 470.00 2725.98 1940.54 470.00 2655.80 2000.54 470.00 2759.72 1939.00 470.00 2518.13 1880.54 470.00 2551.88 1909.00 410.00 2466.17 1850.54 410.00 2499.92 1937.92 350.00 2276.26 1892.92 350.00 2198.32 1982.92 350.00 2354.20 2028.23 470.00 2605.18 1968.23 470.00 2501.25 1938.23 410.00 2449.29 2064.88 350.00 2376.17 1851.16 350.00 2845.98 1796.10 350.00 2314.38 1781.43 350.00 2318.88 1759.27 350.00 2341.82 1724.54 350.00 2323.66 1685.08 350.00 2318.32 1711.20 350.00 2303.24 2126.08 431.59 2724.65 2154.98 431.59 2693.86 2126.08 390.91 2724.65 2154.98 390.91 2693.86 2126.07 276.59 2724.65 2154.98 276.59 2693.86 2126.07 235.91 2724.65 2154.98 235.91 2693.86 1983.20 199.09 2793.04 2024.32 199.09 2783.40 1983.20 158.41 2793.04 2024.32 158.41 2783.40 1983.20 354.09 2793.04 2024.32 354.09 2783.40 1983.20 313.41 2793.04 2024.32 313.41 2783.40 2060.60 199.09 2769.17 2095.60 199.09 2748.96 2060.60 158.41 2769.17 2095.60 158.41 2748.96 2060.60 354.09 2769.17 2095.60 354.09 2748.96 2060.60 313.41 2769.17 2095.60 313.41 2748.96 1983.20 276.59 2793.04 2024.32 276.59 2783.40 1983.20 235.91 2793.04 2024.32 235.91 2783.40 2126.08 199.09 2724.65 2154.98 199.09 2693.86 2126.08 158.41 2724.65 2154.98 158.41 2693.86 2060.60 276.59 2769.17 2095.60 276.59 2748.96 2060.60 235.91 2769.17 2095.60 235.91 2748.96 2126.07 354.09 2724.65 2154.98 354.09 2693.86 2126.07 313.41 2724.65 2154.98 313.41 2693.86 1983.20 431.59 2793.04 2024.32 431.59 2783.40 1983.20 390.91 2793.04 2024.32 390.91 2783.40 2060.60 431.59 2769.17 2095.60 431.59 2748.96 2060.60 390.91 2769.17 2095.60 390.91 2748.96 2108.04 450.00 2733.92 2163.09 450.00 2675.28 2106.90 446.12 2727.34 2156.45 446.12 2674.56 2163.09 372.50 2675.28 2156.45 376.38 2674.56 2108.04 372.50 2733.92 2106.90 376.38 2727.34 2108.04 295.00 2733.92 2163.09 295.00 2675.28 2106.90 291.12 2727.34 2156.45 291.12 2674.56 2163.09 217.50 2675.28 2156.45 221.37 2674.56 2108.04 217.50 2733.92 2106.90 221.37 2727.34 1963.06 217.50 2790.77 2041.36 217.50 2772.42 1965.75 213.62 2784.66 2036.23 213.62 2768.14 2041.36 140.00 2772.42 2036.23 143.88 2768.14 1963.06 140.00 2790.77 1965.75 143.88 2784.66 1963.06 372.50 2790.77 2041.36 372.50 2772.42 1965.75 368.62 2784.66 2036.23 368.62 2768.14 2041.36 295.00 2772.42 2036.23 298.88 2768.14 1963.06 295.00 2790.77 1965.75 298.88 2784.66 2041.36 217.50 2772.42 2108.04 217.50 2733.92 2042.03 213.62 2765.88 2102.04 213.62 2731.23 2108.04 140.00 2733.92 2102.04 143.88 2731.23 2041.36 140.00 2772.42 2042.03 143.88 2765.88 2041.36 372.50 2772.42 2108.04 372.50 2733.92 2042.03 368.62 2765.88 2102.04 368.62 2731.23 2108.04 295.00 2733.92 2102.04 298.88 2731.23 2041.36 295.00 2772.42 2042.03 298.88 2765.88 1963.06 295.00 2790.77 2041.36 295.00 2772.42 1965.75 291.12 2784.66 2036.23 291.12 2768.14 2041.36 217.50 2772.42 2036.23 221.38 2768.14 1963.06 217.50 2790.77 1965.75 221.38 2784.66 2108.04 217.50 2733.92 2163.09 217.50 2675.28 2106.90 213.63 2727.34 2156.45 213.63 2674.56 2163.09 140.00 2675.28 2156.45 143.88 2674.56 2108.04 140.00 2733.92 2106.90 143.88 2727.34 2041.36 295.00 2772.42 2108.04 295.00 2733.92 2042.03 291.12 2765.88 2102.04 291.12 2731.23 2108.04 217.50 2733.92 2102.04 221.38 2731.23 2041.36 217.50 2772.42 2042.03 221.38 2765.88 2108.04 372.50 2733.92 2163.09 372.50 2675.28 2106.90 368.62 2727.34 2156.45 368.62 2674.56 2163.09 295.00 2675.28 2156.45 298.88 2674.56 2108.04 295.00 2733.92 2106.90 298.88 2727.34 1963.06 450.00 2790.77 2041.36 450.00 2772.42 1965.75 446.12 2784.66 2036.23 446.12 2768.14 2041.36 372.50 2772.42 2036.23 376.38 2768.14 1963.06 372.50 2790.77 1965.75 376.38 2784.66 2041.36 450.00 2772.42 2108.04 450.00 2733.92 2042.03 446.12 2765.88 2102.04 446.12 2731.23 2108.04 372.50 2733.92 2102.04 376.38 2731.23 2041.36 372.50 2772.42 2042.03 376.38 2765.88 2114.34 435.66 2719.42 2149.02 435.66 2682.48 2149.02 386.84 2682.48 2114.34 386.84 2719.42 2114.34 280.66 2719.42 2149.02 280.66 2682.48 2149.02 231.84 2682.48 2114.34 231.84 2719.42 1976.32 203.16 2782.18 2025.66 203.16 2770.62 2025.66 154.34 2770.62 1976.32 154.34 2782.18 1976.32 358.16 2782.18 2025.66 358.16 2770.62 2025.66 309.34 2770.62 1976.32 309.34 2782.18 2051.03 203.16 2760.68 2093.04 203.16 2736.42 2093.04 154.34 2736.42 2051.03 154.34 2760.68 2051.03 358.16 2760.68 2093.04 358.16 2736.42 2093.04 309.34 2736.42 2051.03 309.34 2760.68 1976.32 280.66 2782.18 2025.66 280.66 2770.62 2025.66 231.84 2770.62 1976.32 231.84 2782.18 2114.34 203.16 2719.42 2149.02 203.16 2682.48 2149.02 154.34 2682.48 2114.34 154.34 2719.42 2051.03 280.66 2760.68 2093.04 280.66 2736.42 2093.04 231.84 2736.42 2051.03 231.84 2760.68 2114.34 358.16 2719.42 2149.02 358.16 2682.48 2149.02 309.34 2682.48 2114.34 309.34 2719.42 1976.32 435.66 2782.18 2025.66 435.66 2770.62 2025.66 386.84 2770.62 1976.32 386.84 2782.18 2051.03 435.66 2760.68 2093.04 435.66 2736.42 2093.04 386.84 2736.42 2051.03 386.84 2760.68 2126.08 431.59 2724.65 2154.98 431.59 2693.86 2154.98 390.91 2693.86 2126.08 390.91 2724.65 2093.04 231.84 2736.42 2095.60 235.91 2748.96 2177.94 450.00 2661.98 2224.90 390.00 2634.86 2177.94 390.00 2661.98 2271.86 330.00 2607.75 2224.90 330.00 2634.86 2177.94 330.00 2661.98 1944.11 390.49 2796.98 1944.11 330.00 2796.98 1897.15 390.00 2824.09 1897.15 330.00 2824.09 1897.15 250.00 2824.09 1850.19 330.00 2851.20 1850.19 250.00 2851.20 1727.45 250.00 2638.62 1788.82 250.00 2744.91 1727.45 170.00 2638.62 1788.82 170.00 2744.91 2149.12 250.00 2395.16 2210.49 250.00 2501.46 2149.12 330.00 2395.16 2210.49 330.00 2501.46 2149.12 170.00 2395.16 2067.16 170.00 2373.20 2067.16 250.00 2373.20 1985.20 250.00 2351.24 1940.81 250.00 2273.77 1985.20 170.00 2351.24 1940.81 170.00 2273.77 1681.57 170.00 2320.34 1681.57 250.00 2320.34 1726.47 170.00 2397.52 1726.47 250.00 2397.52 1771.37 170.00 2474.69 1771.37 250.00 2474.69 1749.41 170.00 2556.66 1749.41 250.00 2556.66 2224.90 250.00 2634.86 2177.94 250.00 2661.98 1789.00 230.00 2258.32 1832.30 230.00 2233.32 1788.65 250.00 2257.71 1849.27 250.00 2222.71 1728.38 170.00 2293.32 1685.08 170.00 2318.32 1719.14 110.00 2298.20 1685.08 110.00 2318.32 1857.94 110.00 2217.86 1849.62 170.00 2223.32 1832.06 110.00 2232.90 1832.30 170.00 2233.32 1681.57 250.00 2320.34 1681.57 170.00 2320.34 2271.86 250.00 2607.75 2271.86 170.00 2607.75 2210.49 170.00 2501.46 1850.19 250.00 2851.20 1850.19 330.00 2851.20 1788.82 330.00 2744.91 1985.20 330.00 2351.24 2067.16 330.00 2373.20 1727.45 330.00 2638.62 1749.41 330.00 2556.66 1940.81 330.00 2273.77 1896.43 250.00 2196.30 1895.02 329.94 2193.85 1771.37 330.00 2474.69 1726.47 330.00 2397.52 1896.43 250.00 2196.30 1892.92 170.00 2198.32 1896.43 170.00 2196.30 2224.90 170.00 2634.86 2271.86 170.00 2607.75 2271.86 250.00 2607.75 2271.86 330.00 2607.75 1896.43 170.00 2196.30 1944.11 170.00 2796.98 1897.15 170.00 2824.09 1944.11 203.16 2796.98 1944.11 250.00 2796.98 1850.19 170.00 2851.20 1680.16 330.00 2317.90 2177.94 170.00 2661.98 2177.94 203.16 2661.98 1850.19 170.00 2851.20 1728.03 250.00 2292.71 1745.70 170.00 2283.32 1745.46 110.00 2282.90 1745.70 230.00 2283.32 1892.92 110.00 2198.32 1787.59 330.00 2255.88 1846.32 330.00 2221.97 1944.11 450.00 2796.98 1895.02 329.94 2193.85 1728.62 311.72 2290.48 1723.25 330.00 2293.02 1680.16 330.00 2317.90 1750.95 301.48 2277.90 1753.42 313.73 2276.10 1764.80 315.85 2269.46 1776.23 330.00 2262.44 2038.83 136.67 2667.08 2044.23 136.67 2656.13 2037.64 140.00 2666.17 2042.78 140.00 2655.74 2043.54 140.00 2644.14 2014.00 137.61 2648.03 2039.81 140.00 2633.13 2032.14 140.00 2624.39 2021.71 140.00 2619.25 2010.11 140.00 2618.49 1999.10 140.00 2622.22 1990.36 140.00 2629.89 1985.22 140.00 2640.32 1984.46 140.00 2651.92 1988.19 140.00 2662.93 1995.86 140.00 2671.67 2006.29 140.00 2676.82 2017.89 140.00 2677.58 2028.90 140.00 2673.84 2029.65 136.67 2675.14 2045.03 136.67 2643.95 2041.10 136.67 2632.38 2033.05 136.67 2623.20 2022.10 136.67 2617.80 2009.92 136.67 2617.00 1998.35 136.67 2620.93 1989.17 136.67 2628.98 1983.77 136.67 2639.93 1982.97 136.67 2652.12 1986.90 136.67 2663.68 1994.95 136.67 2672.86 2005.90 136.67 2678.26 2018.08 136.67 2679.06 1728.62 311.72 2290.48 1750.95 301.48 2277.90 1726.67 330.00 2267.76 1741.74 330.00 2249.82 1753.42 313.73 2276.10 1746.94 330.00 2258.14 1764.80 315.85 2269.46 1757.11 330.00 2254.56 1776.23 330.00 2262.44 1723.25 330.00 2293.02 1719.24 399.61 2181.26 1723.25 330.00 2293.02 1726.67 330.00 2267.76 1711.20 350.00 2303.24 1725.58 330.00 2294.94 1759.27 350.00 2341.82 1724.54 350.00 2323.66 1778.39 330.00 2264.45 1789.00 350.00 2258.32 1796.10 350.00 2314.38 1781.43 350.00 2318.88 1776.23 330.00 2262.44 1741.74 330.00 2249.82 1746.94 330.00 2258.14 1757.11 330.00 2254.56 1896.79 470.00 2621.02 1931.58 460.00 2633.27 1922.55 470.00 2639.63 1964.82 450.00 2634.86 1946.77 470.00 2647.59 1964.82 450.00 2634.86 1979.36 440.00 2668.03 1950.78 470.00 2684.53 1946.77 470.00 2647.59 1974.88 440.00 2638.28 1981.27 470.00 2707.34 2001.32 450.00 2698.08 2003.38 440.00 2687.65 2001.32 450.00 2698.08 2034.50 440.00 2683.54 2014.06 470.00 2716.13 2050.50 470.00 2711.25 2003.38 440.00 2687.65 2053.62 440.00 2658.65 2084.17 470.00 2667.56 2084.17 470.00 2667.56 2053.62 440.00 2658.65 2080.16 470.00 2630.62 2058.17 450.00 2622.53 2048.64 440.00 2628.03 2025.12 440.00 2609.28 2062.66 470.00 2600.31 2032.67 470.00 2578.36 2032.67 470.00 2578.36 2025.12 440.00 2609.28 1994.00 440.00 2613.39 1978.00 470.00 2585.68 1964.82 450.00 2634.86 1955.56 470.00 2614.80 1974.88 440.00 2638.28 1926.94 470.00 2623.24 1955.56 470.00 2614.80 1984.20 437.61 2640.41 1987.15 437.61 2663.53 2006.20 437.61 2678.52 2006.20 437.61 2678.52 2029.75 437.61 2675.31 2044.30 437.61 2656.52 2044.30 437.61 2656.52 2040.85 437.61 2632.53 2022.30 437.61 2618.41 2022.30 437.61 2618.41 1998.75 437.61 2621.62 1984.20 437.61 2640.41 1998.75 437.61 2621.62 1998.76 413.71 2644.04 2006.22 413.71 2634.56 2014.00 340.00 2648.03 2007.66 387.44 2651.79 2007.18 387.44 2646.26 2012.37 387.44 2655.26 1999.84 413.71 2656.36 2010.34 413.71 2664.09 2012.37 387.44 2655.26 2017.72 387.44 2654.48 2010.34 413.71 2664.09 2022.28 413.71 2662.37 2021.07 387.44 2650.23 2029.74 413.71 2652.89 2021.07 387.44 2650.23 2020.42 387.44 2644.42 2029.74 413.71 2652.89 2028.29 413.71 2639.93 2015.88 387.44 2641.24 2010.52 387.44 2642.01 2015.88 387.44 2641.24 2018.16 413.71 2632.84 2007.18 387.44 2646.26 2125.72 470.00 2583.53 2058.17 450.00 2622.53 2062.66 470.00 2600.31 2080.16 470.00 2630.62 2001.32 450.00 2698.08 1991.28 470.00 2754.68 1981.27 470.00 2707.34 2014.06 470.00 2716.13 1987.15 437.61 2663.53 1984.20 437.61 2640.41 1998.76 413.71 2644.04 1984.20 437.61 2640.41 2006.20 437.61 2678.52 2006.20 437.61 2678.52 2029.75 437.61 2675.31 2044.30 437.61 2656.52 2040.85 437.61 2632.53 2044.30 437.61 2656.52 2022.30 437.61 2618.41 2018.16 413.71 2632.84 2022.30 437.61 2618.41 1949.17 401.00 2433.74 1947.60 380.00 2445.03 1942.86 378.00 2410.82 1930.78 386.00 2425.88 1861.46 350.00 2375.83 1852.12 350.00 2339.66 1869.30 333.00 2379.40 1852.12 350.00 2339.66 1878.59 350.00 2377.49 1869.30 333.00 2379.40 1870.30 326.00 2411.14 1859.80 350.00 2392.96 1882.46 350.00 2412.20 1745.46 110.00 2282.90 1788.69 110.00 2257.86 1744.00 110.00 2261.00 1779.00 110.00 2241.00 1858.50 110.00 2379.00 1823.60 110.00 2318.43 1789.00 110.00 2419.00 1753.97 110.00 2358.43 1840.82 110.00 2268.22 1832.06 110.00 2232.90 1813.50 110.00 2221.00 1719.14 110.00 2298.20 1771.33 110.00 2308.24 1928.00 110.00 2339.00 1892.97 110.00 2278.43 1857.94 110.00 2217.86 </float_array>
                    <technique_common>
                        <accessor source="#geom-03B290C4-pos-array" count="2544" stride="3">
                            <param name="X" type="float" />
                            <param name="Y" type="float" />
                            <param name="Z" type="float" />
                        </accessor>
                    </technique_common>
                </source>
                <source id="geom-03B290C4-texcoord">
                    <float_array id="geom-03B290C4-texcoord-array" count="5088">0.47 0.59 0.47 0.86 0.38 0.59 0.38 0.86 0.38 0.59 0.47 0.59 0.38 0.86 0.47 0.86 0.38 0.59 0.47 0.59 0.38 0.86 0.47 0.86 0.38 0.59 0.42 0.55 0.47 0.59 0.47 0.86 0.42 0.91 0.38 0.86 0.47 0.59 0.47 0.86 0.38 0.59 0.38 0.86 0.38 0.59 0.47 0.59 0.38 0.86 0.47 0.86 0.38 0.59 0.47 0.59 0.38 0.86 0.47 0.86 0.38 0.59 0.42 0.55 0.47 0.59 0.47 0.86 0.42 0.91 0.38 0.86 0.47 0.59 0.47 0.86 0.38 0.59 0.38 0.86 0.47 0.59 0.47 0.86 0.38 0.59 0.38 0.86 0.38 0.59 0.47 0.59 0.38 0.86 0.47 0.86 0.38 0.59 0.42 0.55 0.47 0.59 0.47 0.86 0.42 0.91 0.38 0.86 0.52 0.01 0.75 0.01 0.52 0.12 0.75 0.12 0.02 0.01 0.31 0.01 0.02 0.12 0.31 0.12 0.05 0.85 0.28 0.85 0.16 1.00 0.05 0.85 0.28 0.85 0.16 1.00 0.02 0.32 0.31 0.32 0.52 0.16 0.75 0.16 0.52 0.34 0.75 0.34 0.02 0.54 0.31 0.54 0.02 0.63 0.31 0.63 0.52 0.67 0.58 0.67 0.52 0.77 0.75 0.77 0.69 0.67 0.80 0.67 0.98 0.77 0.92 0.67 0.98 0.67 0.58 0.61 0.69 0.61 0.80 0.61 0.92 0.61 0.69 0.52 0.80 0.52 0.69 0.57 0.80 0.57 0.58 0.52 0.52 0.57 0.58 0.57 0.98 0.34 0.92 0.52 0.98 0.57 0.92 0.57 0.38 0.32 0.31 0.32 0.38 0.15 0.31 0.12 0.55 0.99 0.42 0.99 0.55 0.95 0.42 0.95 0.39 0.99 0.39 0.95 0.31 0.99 0.31 0.95 0.39 0.95 0.39 0.99 0.31 0.95 0.31 0.99 0.55 0.99 0.42 0.99 0.55 0.95 0.42 0.95 0.38 0.54 0.31 0.54 0.39 0.95 0.39 0.99 0.31 0.95 0.31 0.99 0.55 0.99 0.42 0.99 0.55 0.95 0.42 0.95 0.39 0.99 0.39 0.95 0.31 0.99 0.31 0.95 0.38 0.54 0.38 0.32 0.31 0.54 0.31 0.32 0.92 0.61 0.80 0.61 0.92 0.58 0.80 0.58 0.69 0.61 0.58 0.61 0.69 0.58 0.58 0.58 0.31 0.12 0.38 0.15 0.52 0.12 0.75 0.12 0.52 0.16 0.75 0.16 0.75 0.77 0.92 0.84 0.58 0.84 0.02 0.63 0.31 0.63 0.05 0.70 0.28 0.70 0.58 0.84 0.92 0.84 0.58 0.99 0.92 0.99 0.05 0.70 0.28 0.70 0.05 0.85 0.28 0.85 0.98 0.12 0.98 0.01 0.98 0.16 0.98 0.12 0.98 0.16 0.52 0.77 0.98 0.77 0.52 0.01 0.75 0.01 0.52 0.12 0.75 0.12 0.02 0.01 0.31 0.01 0.02 0.12 0.31 0.12 0.05 0.85 0.28 0.85 0.16 1.00 0.05 0.85 0.28 0.85 0.16 1.00 0.02 0.32 0.31 0.32 0.52 0.16 0.75 0.16 0.52 0.34 0.75 0.34 0.02 0.54 0.31 0.54 0.02 0.63 0.31 0.63 0.52 0.67 0.58 0.67 0.52 0.77 0.75 0.77 0.69 0.67 0.80 0.67 0.98 0.77 0.92 0.67 0.98 0.67 0.58 0.61 0.69 0.61 0.80 0.61 0.92 0.61 0.69 0.52 0.80 0.52 0.69 0.57 0.80 0.57 0.58 0.52 0.52 0.57 0.58 0.57 0.98 0.34 0.92 0.52 0.98 0.57 0.92 0.57 0.38 0.32 0.31 0.32 0.38 0.15 0.31 0.12 0.55 0.99 0.42 0.99 0.55 0.95 0.42 0.95 0.39 0.99 0.39 0.95 0.31 0.99 0.31 0.95 0.39 0.95 0.39 0.99 0.31 0.95 0.31 0.99 0.55 0.99 0.42 0.99 0.55 0.95 0.42 0.95 0.38 0.54 0.31 0.54 0.39 0.95 0.39 0.99 0.31 0.95 0.31 0.99 0.55 0.99 0.42 0.99 0.55 0.95 0.42 0.95 0.39 0.99 0.39 0.95 0.31 0.99 0.31 0.95 0.38 0.54 0.38 0.32 0.31 0.54 0.31 0.32 0.92 0.61 0.80 0.61 0.92 0.58 0.80 0.58 0.69 0.61 0.58 0.61 0.69 0.58 0.58 0.58 0.31 0.12 0.38 0.15 0.52 0.12 0.75 0.12 0.52 0.16 0.75 0.16 0.75 0.77 0.92 0.84 0.58 0.84 0.02 0.63 0.31 0.63 0.05 0.70 0.28 0.70 0.58 0.84 0.92 0.84 0.58 0.99 0.92 0.99 0.05 0.70 0.28 0.70 0.05 0.85 0.28 0.85 0.98 0.12 0.98 0.01 0.98 0.16 0.98 0.12 0.98 0.16 0.52 0.77 0.98 0.77 0.52 0.01 0.75 0.01 0.52 0.12 0.75 0.12 0.02 0.01 0.31 0.01 0.02 0.12 0.31 0.12 0.05 0.85 0.28 0.85 0.16 1.00 0.05 0.85 0.28 0.85 0.16 1.00 0.02 0.32 0.31 0.32 0.52 0.16 0.75 0.16 0.52 0.34 0.75 0.34 0.02 0.54 0.31 0.54 0.02 0.63 0.31 0.63 0.52 0.67 0.58 0.67 0.52 0.77 0.75 0.77 0.69 0.67 0.80 0.67 0.98 0.77 0.92 0.67 0.98 0.67 0.58 0.61 0.69 0.61 0.80 0.61 0.92 0.61 0.69 0.52 0.80 0.52 0.69 0.57 0.80 0.57 0.58 0.52 0.52 0.57 0.58 0.57 0.98 0.34 0.92 0.52 0.98 0.57 0.92 0.57 0.38 0.32 0.31 0.32 0.38 0.15 0.31 0.12 0.55 0.99 0.42 0.99 0.55 0.95 0.42 0.95 0.39 0.99 0.39 0.95 0.31 0.99 0.31 0.95 0.39 0.95 0.39 0.99 0.31 0.95 0.31 0.99 0.55 0.99 0.42 0.99 0.55 0.95 0.42 0.95 0.38 0.54 0.31 0.54 0.39 0.95 0.39 0.99 0.31 0.95 0.31 0.99 0.55 0.99 0.42 0.99 0.55 0.95 0.42 0.95 0.39 0.99 0.39 0.95 0.31 0.99 0.31 0.95 0.38 0.54 0.38 0.32 0.31 0.54 0.31 0.32 0.92 0.61 0.80 0.61 0.92 0.58 0.80 0.58 0.69 0.61 0.58 0.61 0.69 0.58 0.58 0.58 0.31 0.12 0.38 0.15 0.52 0.12 0.75 0.12 0.52 0.16 0.75 0.16 0.75 0.77 0.92 0.84 0.58 0.84 0.02 0.63 0.31 0.63 0.05 0.70 0.28 0.70 0.58 0.84 0.92 0.84 0.58 0.99 0.92 0.99 0.05 0.70 0.28 0.70 0.05 0.85 0.28 0.85 0.98 0.12 0.98 0.01 0.98 0.16 0.98 0.12 0.98 0.16 0.52 0.77 0.98 0.77 0.52 0.01 0.75 0.01 0.52 0.12 0.75 0.12 0.02 0.01 0.31 0.01 0.02 0.12 0.31 0.12 0.05 0.85 0.28 0.85 0.16 1.00 0.05 0.85 0.28 0.85 0.16 1.00 0.02 0.32 0.31 0.32 0.52 0.16 0.75 0.16 0.52 0.34 0.75 0.34 0.02 0.54 0.31 0.54 0.02 0.63 0.31 0.63 0.52 0.67 0.58 0.67 0.52 0.77 0.75 0.77 0.69 0.67 0.80 0.67 0.98 0.77 0.92 0.67 0.98 0.67 0.58 0.61 0.69 0.61 0.80 0.61 0.92 0.61 0.69 0.52 0.80 0.52 0.69 0.57 0.80 0.57 0.58 0.52 0.52 0.57 0.58 0.57 0.98 0.34 0.92 0.52 0.98 0.57 0.92 0.57 0.38 0.32 0.31 0.32 0.38 0.15 0.31 0.12 0.55 0.99 0.42 0.99 0.55 0.95 0.42 0.95 0.39 0.99 0.39 0.95 0.31 0.99 0.31 0.95 0.39 0.95 0.39 0.99 0.31 0.95 0.31 0.99 0.55 0.99 0.42 0.99 0.55 0.95 0.42 0.95 0.38 0.54 0.31 0.54 0.39 0.95 0.39 0.99 0.31 0.95 0.31 0.99 0.55 0.99 0.42 0.99 0.55 0.95 0.42 0.95 0.39 0.99 0.39 0.95 0.31 0.99 0.31 0.95 0.38 0.54 0.38 0.32 0.31 0.54 0.31 0.32 0.92 0.61 0.80 0.61 0.92 0.58 0.80 0.58 0.69 0.61 0.58 0.61 0.69 0.58 0.58 0.58 0.31 0.12 0.38 0.15 0.52 0.12 0.75 0.12 0.52 0.16 0.75 0.16 0.75 0.77 0.92 0.84 0.58 0.84 0.02 0.63 0.31 0.63 0.05 0.70 0.28 0.70 0.58 0.84 0.92 0.84 0.58 0.99 0.92 0.99 0.05 0.70 0.28 0.70 0.05 0.85 0.28 0.85 0.98 0.12 0.98 0.01 0.98 0.16 0.98 0.12 0.98 0.16 0.52 0.77 0.98 0.77 0.47 0.59 0.47 0.86 0.38 0.59 0.38 0.86 0.38 0.59 0.47 0.59 0.38 0.86 0.47 0.86 0.38 0.59 0.47 0.59 0.38 0.86 0.47 0.86 0.38 0.59 0.42 0.55 0.47 0.59 0.47 0.86 0.42 0.91 0.38 0.86 0.47 0.59 0.47 0.86 0.38 0.59 0.38 0.86 0.38 0.59 0.47 0.59 0.38 0.86 0.47 0.86 0.38 0.59 0.47 0.59 0.38 0.86 0.47 0.86 0.38 0.59 0.42 0.55 0.47 0.59 0.47 0.86 0.42 0.91 0.38 0.86 0.47 0.59 0.47 0.86 0.38 0.59 0.38 0.86 0.47 0.59 0.47 0.86 0.38 0.59 0.38 0.86 0.38 0.59 0.47 0.59 0.38 0.86 0.47 0.86 0.38 0.59 0.42 0.55 0.47 0.59 0.47 0.86 0.42 0.91 0.38 0.86 0.52 0.01 0.75 0.01 0.52 0.12 0.75 0.12 0.02 0.01 0.31 0.01 0.02 0.12 0.31 0.12 0.05 0.85 0.28 0.85 0.16 1.00 0.05 0.85 0.28 0.85 0.16 1.00 0.02 0.32 0.31 0.32 0.52 0.16 0.75 0.16 0.52 0.34 0.75 0.34 0.02 0.54 0.31 0.54 0.02 0.63 0.31 0.63 0.52 0.67 0.58 0.67 0.52 0.77 0.75 0.77 0.69 0.67 0.80 0.67 0.98 0.77 0.92 0.67 0.98 0.67 0.58 0.61 0.69 0.61 0.80 0.61 0.92 0.61 0.69 0.52 0.80 0.52 0.69 0.57 0.80 0.57 0.58 0.52 0.52 0.57 0.58 0.57 0.98 0.34 0.92 0.52 0.98 0.57 0.92 0.57 0.38 0.32 0.31 0.32 0.38 0.15 0.31 0.12 0.55 0.99 0.42 0.99 0.55 0.95 0.42 0.95 0.39 0.99 0.39 0.95 0.31 0.99 0.31 0.95 0.39 0.95 0.39 0.99 0.31 0.95 0.31 0.99 0.55 0.99 0.42 0.99 0.55 0.95 0.42 0.95 0.38 0.54 0.31 0.54 0.39 0.95 0.39 0.99 0.31 0.95 0.31 0.99 0.55 0.99 0.42 0.99 0.55 0.95 0.42 0.95 0.39 0.99 0.39 0.95 0.31 0.99 0.31 0.95 0.38 0.54 0.38 0.32 0.31 0.54 0.31 0.32 0.92 0.61 0.80 0.61 0.92 0.58 0.80 0.58 0.69 0.61 0.58 0.61 0.69 0.58 0.58 0.58 0.31 0.12 0.38 0.15 0.52 0.12 0.75 0.12 0.52 0.16 0.75 0.16 0.75 0.77 0.92 0.84 0.58 0.84 0.02 0.63 0.31 0.63 0.05 0.70 0.28 0.70 0.58 0.84 0.92 0.84 0.58 0.99 0.92 0.99 0.05 0.70 0.28 0.70 0.05 0.85 0.28 0.85 0.98 0.12 0.98 0.01 0.98 0.16 0.98 0.12 0.98 0.16 0.52 0.77 0.98 0.77 0.52 0.01 0.75 0.01 0.52 0.12 0.75 0.12 0.02 0.01 0.31 0.01 0.02 0.12 0.31 0.12 0.05 0.85 0.28 0.85 0.16 1.00 0.05 0.85 0.28 0.85 0.16 1.00 0.02 0.32 0.31 0.32 0.52 0.16 0.75 0.16 0.52 0.34 0.75 0.34 0.02 0.54 0.31 0.54 0.02 0.63 0.31 0.63 0.52 0.67 0.58 0.67 0.52 0.77 0.75 0.77 0.69 0.67 0.80 0.67 0.98 0.77 0.92 0.67 0.98 0.67 0.58 0.61 0.69 0.61 0.80 0.61 0.92 0.61 0.69 0.52 0.80 0.52 0.69 0.57 0.80 0.57 0.58 0.52 0.52 0.57 0.58 0.57 0.98 0.34 0.92 0.52 0.98 0.57 0.92 0.57 0.38 0.32 0.31 0.32 0.38 0.15 0.31 0.12 0.55 0.99 0.42 0.99 0.55 0.95 0.42 0.95 0.39 0.99 0.39 0.95 0.31 0.99 0.31 0.95 0.39 0.95 0.39 0.99 0.31 0.95 0.31 0.99 0.55 0.99 0.42 0.99 0.55 0.95 0.42 0.95 0.38 0.54 0.31 0.54 0.39 0.95 0.39 0.99 0.31 0.95 0.31 0.99 0.55 0.99 0.42 0.99 0.55 0.95 0.42 0.95 0.39 0.99 0.39 0.95 0.31 0.99 0.31 0.95 0.38 0.54 0.38 0.32 0.31 0.54 0.31 0.32 0.92 0.61 0.80 0.61 0.92 0.58 0.80 0.58 0.69 0.61 0.58 0.61 0.69 0.58 0.58 0.58 0.31 0.12 0.38 0.15 0.52 0.12 0.75 0.12 0.52 0.16 0.75 0.16 0.75 0.77 0.92 0.84 0.58 0.84 0.02 0.63 0.31 0.63 0.05 0.70 0.28 0.70 0.58 0.84 0.92 0.84 0.58 0.99 0.92 0.99 0.05 0.70 0.28 0.70 0.05 0.85 0.28 0.85 0.98 0.12 0.98 0.01 0.98 0.16 0.98 0.12 0.98 0.16 0.52 0.77 0.98 0.77 0.52 0.01 0.75 0.01 0.52 0.12 0.75 0.12 0.02 0.01 0.31 0.01 0.02 0.12 0.31 0.12 0.05 0.85 0.28 0.85 0.16 1.00 0.05 0.85 0.28 0.85 0.16 1.00 0.02 0.32 0.31 0.32 0.52 0.16 0.75 0.16 0.52 0.34 0.75 0.34 0.02 0.54 0.31 0.54 0.02 0.63 0.31 0.63 0.52 0.67 0.58 0.67 0.52 0.77 0.75 0.77 0.69 0.67 0.80 0.67 0.98 0.77 0.92 0.67 0.98 0.67 0.58 0.61 0.69 0.61 0.80 0.61 0.92 0.61 0.69 0.52 0.80 0.52 0.69 0.57 0.80 0.57 0.58 0.52 0.52 0.57 0.58 0.57 0.98 0.34 0.92 0.52 0.98 0.57 0.92 0.57 0.38 0.32 0.31 0.32 0.38 0.15 0.31 0.12 0.55 0.99 0.42 0.99 0.55 0.95 0.42 0.95 0.39 0.99 0.39 0.95 0.31 0.99 0.31 0.95 0.39 0.95 0.39 0.99 0.31 0.95 0.31 0.99 0.55 0.99 0.42 0.99 0.55 0.95 0.42 0.95 0.38 0.54 0.31 0.54 0.39 0.95 0.39 0.99 0.31 0.95 0.31 0.99 0.55 0.99 0.42 0.99 0.55 0.95 0.42 0.95 0.39 0.99 0.39 0.95 0.31 0.99 0.31 0.95 0.38 0.54 0.38 0.32 0.31 0.54 0.31 0.32 0.92 0.61 0.80 0.61 0.92 0.58 0.80 0.58 0.69 0.61 0.58 0.61 0.69 0.58 0.58 0.58 0.31 0.12 0.38 0.15 0.52 0.12 0.75 0.12 0.52 0.16 0.75 0.16 0.75 0.77 0.92 0.84 0.58 0.84 0.02 0.63 0.31 0.63 0.05 0.70 0.28 0.70 0.58 0.84 0.92 0.84 0.58 0.99 0.92 0.99 0.05 0.70 0.28 0.70 0.05 0.85 0.28 0.85 0.98 0.12 0.98 0.01 0.98 0.16 0.98 0.12 0.98 0.16 0.52 0.77 0.98 0.77 0.52 0.01 0.75 0.01 0.52 0.12 0.75 0.12 0.02 0.01 0.31 0.01 0.02 0.12 0.31 0.12 0.05 0.85 0.28 0.85 0.16 1.00 0.05 0.85 0.28 0.85 0.16 1.00 0.02 0.32 0.31 0.32 0.52 0.16 0.75 0.16 0.52 0.34 0.75 0.34 0.02 0.54 0.31 0.54 0.02 0.63 0.31 0.63 0.52 0.67 0.58 0.67 0.52 0.77 0.75 0.77 0.69 0.67 0.80 0.67 0.98 0.77 0.92 0.67 0.98 0.67 0.58 0.61 0.69 0.61 0.80 0.61 0.92 0.61 0.69 0.52 0.80 0.52 0.69 0.57 0.80 0.57 0.58 0.52 0.52 0.57 0.58 0.57 0.98 0.34 0.92 0.52 0.98 0.57 0.92 0.57 0.38 0.32 0.31 0.32 0.38 0.15 0.31 0.12 0.55 0.99 0.42 0.99 0.55 0.95 0.42 0.95 0.39 0.99 0.39 0.95 0.31 0.99 0.31 0.95 0.39 0.95 0.39 0.99 0.31 0.95 0.31 0.99 0.55 0.99 0.42 0.99 0.55 0.95 0.42 0.95 0.38 0.54 0.31 0.54 0.39 0.95 0.39 0.99 0.31 0.95 0.31 0.99 0.55 0.99 0.42 0.99 0.55 0.95 0.42 0.95 0.39 0.99 0.39 0.95 0.31 0.99 0.31 0.95 0.38 0.54 0.38 0.32 0.31 0.54 0.31 0.32 0.92 0.61 0.80 0.61 0.92 0.58 0.80 0.58 0.69 0.61 0.58 0.61 0.69 0.58 0.58 0.58 0.31 0.12 0.38 0.15 0.52 0.12 0.75 0.12 0.52 0.16 0.75 0.16 0.75 0.77 0.92 0.84 0.58 0.84 0.02 0.63 0.31 0.63 0.05 0.70 0.28 0.70 0.58 0.84 0.92 0.84 0.58 0.99 0.92 0.99 0.05 0.70 0.28 0.70 0.05 0.85 0.28 0.85 0.98 0.12 0.98 0.01 0.98 0.16 0.98 0.12 0.98 0.16 0.52 0.77 0.98 0.77 0.53 -0.10 0.47 -0.10 0.50 -0.17 0.75 -0.12 0.69 -0.12 0.75 -0.19 0.63 -0.18 0.59 -0.25 0.71 -0.26 0.75 -0.19 0.86 -0.26 0.88 -0.19 0.63 0.18 0.59 0.25 0.50 0.17 0.86 0.26 0.83 0.33 0.71 0.26 0.67 0.33 0.45 -0.11 0.35 -0.11 0.38 -0.17 0.26 -0.17 0.26 -0.11 0.47 -0.07 0.45 0.00 0.45 0.11 0.38 0.17 0.35 0.11 0.26 0.17 0.26 0.11 0.88 0.19 1.00 0.26 1.00 0.19 1.00 -0.26 1.00 -0.33 0.83 -0.33 0.75 0.19 0.69 0.12 0.75 0.12 0.58 0.10 0.47 0.07 0.47 0.10 0.67 -0.33 1.00 -0.19 1.00 0.33 0.47 -0.02 0.47 0.02 0.58 -0.10 0.64 -0.10 0.69 -0.10 0.53 0.10 0.64 0.10 0.69 0.10 0.99 0.00 0.76 0.00 0.99 1.00 0.76 1.00 0.76 0.02 0.99 0.02 0.76 0.98 0.99 0.98 0.99 1.00 0.76 1.00 0.99 0.00 0.76 0.00 0.50 0.02 0.50 0.98 0.26 0.02 0.26 0.98 0.74 0.00 0.74 1.00 0.51 0.00 0.51 1.00 0.74 0.00 0.51 0.00 0.74 1.00 0.51 1.00 0.24 0.50 0.24 0.98 0.01 0.50 0.01 0.98 0.76 0.98 0.99 0.98 0.99 0.81 0.99 0.13 0.76 0.81 0.76 0.13 0.76 0.00 0.76 -1.00 0.99 0.00 0.99 -1.00 0.76 0.81 0.99 0.81 0.76 0.13 0.99 0.13 0.99 0.02 0.99 0.98 0.76 0.02 0.76 0.98 0.76 1.00 0.99 1.00 0.99 0.97 0.76 0.97 0.99 0.03 0.76 0.03 0.51 1.00 0.51 0.00 0.74 1.00 0.74 0.00 0.24 0.50 0.01 0.50 0.24 0.98 0.01 0.98 0.99 0.81 0.99 0.13 0.76 0.81 0.76 0.13 0.99 0.00 0.76 0.00 0.99 -1.00 0.76 -1.00 0.50 0.98 0.26 0.98 0.74 1.00 0.74 0.00 0.51 1.00 0.51 0.00 0.76 1.00 0.99 1.00 0.24 0.02 0.24 0.48 0.01 0.02 0.01 0.48 0.76 0.97 0.76 0.03 0.99 0.97 0.99 0.03 0.24 0.02 0.01 0.02 0.24 0.48 0.01 0.48 0.76 0.97 0.76 0.03 0.99 0.97 0.99 0.03 0.76 1.00 0.99 1.00 0.99 0.97 0.76 0.97 0.99 0.03 0.76 0.03 0.99 1.00 0.76 1.00 0.99 0.98 0.76 0.98 0.99 0.02 0.76 0.02 0.76 0.81 0.99 0.81 0.76 0.13 0.99 0.13 0.01 0.88 0.01 0.44 0.47 0.88 0.47 0.02 0.01 0.02 0.01 0.88 0.01 0.02 1.00 0.88 1.00 0.02 1.00 0.02 1.00 0.88 0.01 0.02 0.01 0.88 1.00 0.02 1.00 0.88 0.01 0.02 0.01 0.88 0.01 0.88 0.01 0.02 1.00 0.88 1.00 0.02 0.01 0.02 1.00 0.02 0.01 0.88 1.00 0.88 0.01 0.02 1.00 0.02 0.01 0.88 1.00 0.88 0.01 0.02 0.54 0.02 0.01 0.88 0.54 0.88 1.00 0.99 0.01 0.99 0.01 0.99 1.00 0.99 1.00 0.99 0.01 0.99 0.50 0.99 0.01 0.99 0.01 0.99 0.50 0.99 0.01 0.99 1.00 0.99 0.01 0.99 1.00 0.99 1.00 0.99 0.01 0.99 1.00 0.02 1.00 0.88 0.01 0.02 0.01 0.88 0.01 0.99 1.00 0.99 1.00 0.88 1.00 0.99 0.01 0.88 0.01 0.99 0.01 0.02 1.00 0.02 1.00 0.02 1.00 0.88 0.01 0.02 0.01 0.88 0.01 0.99 1.00 0.99 0.01 0.88 0.01 0.02 1.00 0.88 1.00 0.02 0.01 0.99 1.00 0.99 0.01 0.88 0.01 0.02 1.00 0.88 1.00 0.02 0.01 0.99 1.00 0.99 0.01 0.88 0.01 0.02 1.00 0.88 1.00 0.02 0.01 0.99 1.00 0.99 1.00 0.88 1.00 0.02 1.00 0.88 1.00 0.44 1.00 0.02 1.00 0.99 1.00 0.99 0.06 0.07 0.06 -0.21 0.07 0.07 0.07 -0.21 0.04 -0.16 0.04 -0.01 0.05 -0.16 0.05 -0.01 0.06 -0.21 0.06 -0.49 0.07 -0.21 0.07 -0.50 0.07 -0.21 0.06 -0.21 0.07 -0.49 0.06 -0.50 0.07 -0.50 0.07 -0.21 0.06 -0.49 0.06 -0.21 0.04 -0.49 0.04 -0.37 0.05 -0.49 0.05 -0.37 0.06 -0.22 0.07 -0.21 0.06 0.06 0.07 0.07 0.05 -0.01 0.04 -0.01 0.05 -0.16 0.04 -0.16 0.04 -0.37 0.05 -0.37 0.07 -0.21 0.06 -0.21 0.07 -0.49 0.06 -0.50 0.06 -0.21 0.07 -0.21 0.06 0.07 0.07 0.08 0.07 -0.50 0.07 -0.21 0.06 -0.49 0.06 -0.21 0.06 0.06 0.07 0.07 0.07 0.06 0.06 0.07 0.06 0.07 0.07 0.07 0.07 0.07 0.06 0.07 0.07 0.07 0.06 0.08 0.07 -0.49 0.06 -0.50 0.05 -0.49 0.04 -0.49 0.05 -0.57 0.04 -0.57 0.00 -0.14 0.00 0.02 0.08 -0.05 0.00 0.14 0.02 0.14 0.00 -0.30 0.03 -0.14 0.00 -0.08 0.03 0.14 0.00 -0.77 0.03 -0.71 0.00 -0.59 0.03 -0.43 0.00 -1.00 0.00 -0.77 0.03 -1.00 0.03 -0.71 0.00 -0.30 0.00 -0.08 0.03 -0.14 0.03 0.14 0.00 0.14 0.00 -0.59 0.03 -0.43 0.00 -1.00 0.03 -1.00 0.08 -0.24 0.00 -0.31 0.00 -0.43 0.02 -0.43 0.06 -0.50 0.07 -0.49 0.06 -0.37 0.07 -0.37 0.04 -0.57 0.05 -0.57 0.04 0.14 0.05 0.14 0.05 0.14 0.04 0.14 0.07 -0.50 0.06 -0.50 0.06 -0.49 0.07 -0.50 0.07 -0.21 0.06 -0.21 0.06 0.07 0.06 -0.04 0.07 0.06 0.07 -0.04 0.06 -0.18 0.07 -0.18 0.05 -0.15 0.05 -0.03 0.03 -0.15 0.03 -0.03 0.05 0.09 0.03 0.09 0.05 -0.03 0.03 -0.03 0.10 -0.07 0.08 -0.07 0.10 -0.24 0.08 -0.24 0.10 -0.37 0.08 -0.37 0.10 -0.51 0.08 -0.51 0.10 -0.74 0.08 -0.74 0.05 0.09 0.05 -0.15 0.07 0.05 0.07 -0.19 0.10 0.09 0.08 0.09 0.10 -0.04 0.08 -0.04 0.07 0.09 0.05 0.05 0.07 -0.15 0.05 -0.19 0.10 -0.11 0.08 -0.11 0.10 -0.35 0.08 -0.35 0.10 -0.53 0.08 -0.53 0.10 -0.67 0.08 -0.67 0.10 -0.84 0.08 -0.84 0.10 -1.00 0.08 -1.00 0.03 -0.31 0.05 -0.31 0.03 -0.31 0.05 -0.31 0.03 -0.15 0.05 -0.15 0.10 -0.15 0.08 -0.15 0.10 -0.30 0.08 -0.30 0.10 -0.96 0.08 -0.96 0.10 0.08 0.08 0.08 0.10 0.08 0.08 0.08 0.00 0.00 0.02 0.00 0.00 0.05 0.02 0.10 0.00 0.10 0.02 0.10 0.00 0.10 0.02 0.05 0.00 0.00 0.02 0.00 0.03 -0.40 0.05 -0.40 0.10 -0.19 0.08 -0.19 0.10 -0.33 0.08 -0.33 0.10 -0.40 0.08 -0.40 0.10 -0.46 0.08 -0.46 0.03 -0.40 0.05 -0.40 0.03 0.09 0.05 0.09 0.07 -0.39 0.05 -0.43 0.05 -0.39 0.07 -0.43 0.10 0.09 0.08 0.09 0.10 0.03 0.08 0.00 0.08 -0.13 0.24 0.48 0.48 0.36 0.00 0.48 0.24 0.00 0.48 0.12 0.48 0.00 0.00 0.00 0.00 0.12 0.52 0.00 0.52 0.12 0.00 0.36 0.00 0.48 0.48 0.36 0.48 0.48 0.00 0.00 0.00 0.12 0.48 0.00 0.48 0.12 0.52 0.48 0.52 0.36 0.00 0.48 0.00 0.36 0.00 0.12 0.52 0.12 0.00 0.00 0.52 0.00 0.00 0.24 0.48 0.24 0.00 0.12 0.48 0.12 0.00 0.36 0.48 0.36 0.00 0.48 0.48 0.48 0.00 0.00 0.48 0.00 0.00 0.24 0.52 0.24 0.00 0.36 0.52 0.36 0.52 0.48 0.00 0.48 0.48 0.48 0.00 0.00 0.24 0.00 0.00 0.00 0.24 0.12 0.00 0.12 0.48 0.12 0.48 0.24 0.24 0.24 0.48 0.36 0.24 0.36 0.48 0.42 0.24 0.48 0.48 0.48 0.24 0.12 0.24 0.00 0.00 0.12 0.00 0.00 0.48 0.36 0.48 0.48 0.00 0.36 0.00 0.48 0.24 0.24 0.48 0.12 0.48 0.24 0.00 0.24 0.48 0.24 0.48 0.36 0.24 0.36 0.00 0.12 0.48 0.12 0.24 0.48 0.48 0.48 0.00 0.00 0.48 0.06 0.48 0.00 0.00 0.12 0.24 0.12 0.00 0.00 0.24 0.00 0.24 0.24 0.48 0.12 0.48 0.24 0.24 0.36 0.48 0.36 0.24 0.48 0.48 0.48 0.48 0.06 0.30 0.06 0.48 0.00 0.30 0.00 0.30 0.12 0.00 0.06 0.00 0.12 0.48 0.24 0.30 0.24 0.48 0.18 0.30 0.18 0.00 0.24 0.00 0.18 0.61 0.06 0.61 0.00 0.73 0.06 0.73 0.00 0.98 0.06 0.97 0.00 0.73 0.18 1.00 0.12 0.92 0.18 0.61 0.18 0.61 0.24 0.48 0.00 0.00 0.24 0.00 0.36 0.00 0.42 0.00 0.48 0.48 0.00 0.00 0.24 0.00 0.36 0.06 0.42 0.00 0.48 0.00 0.24 0.00 0.18 0.48 0.00 0.00 0.30 0.00 0.36 0.00 0.48 0.48 0.12 0.61 0.12 0.73 0.12 0.00 0.00 0.85 0.24 0.73 0.24 0.02 0.02 0.51 0.02 0.02 0.51 0.51 0.51 1.00 0.02 1.00 0.51 0.02 0.02 0.51 0.02 0.02 0.51 0.51 0.51 1.00 0.02 1.00 0.51 0.02 0.02 0.51 0.02 0.02 0.51 0.51 0.51 1.00 0.02 1.00 0.51 0.02 0.02 0.51 0.02 0.02 0.51 0.51 0.51 1.00 0.02 1.00 0.51 0.02 0.02 0.51 0.02 0.02 0.51 0.51 0.51 1.00 0.02 1.00 0.51 0.02 0.02 0.51 0.02 0.02 0.51 0.51 0.51 1.00 0.02 1.00 0.51 0.02 0.02 0.51 0.02 0.02 0.51 0.51 0.51 1.00 0.02 1.00 0.51 0.02 0.02 0.51 0.02 0.02 0.51 0.51 0.51 1.00 0.02 1.00 0.51 0.51 0.83 0.89 0.83 0.13 0.83 0.51 0.83 0.89 0.83 0.13 0.83 0.51 0.83 0.89 0.83 0.13 0.83 0.51 0.83 0.89 0.83 0.13 0.83 0.51 0.83 0.89 0.83 0.13 0.83 0.51 0.83 0.89 0.83 0.13 0.83 0.51 0.83 0.89 0.83 0.13 0.83 0.51 0.83 0.89 0.83 0.13 0.83 0.16 1.00 0.51 1.00 0.86 1.00 0.13 0.83 0.16 1.00 0.51 1.00 0.89 0.83 0.86 1.00 0.13 0.83 0.16 1.00 0.51 1.00 0.89 0.83 0.86 1.00 0.13 0.83 0.16 1.00 0.51 1.00 0.89 0.83 0.86 1.00 0.13 0.83 0.16 1.00 0.51 1.00 0.89 0.83 0.86 1.00 0.13 0.83 0.16 1.00 0.51 1.00 0.89 0.83 0.86 1.00 0.13 0.83 0.16 1.00 0.51 1.00 0.89 0.83 0.86 1.00 0.16 1.00 0.51 1.00 0.86 1.00 0.21 -0.30 0.18 -0.36 0.29 -0.37 0.26 -0.41 0.32 -0.12 0.39 -0.13 0.44 -0.19 0.33 -0.09 0.47 -0.13 0.41 -0.10 0.44 -0.19 0.39 -0.13 0.32 -0.12 0.33 -0.09 0.47 -0.13 0.41 -0.10 0.70 -0.66 0.74 -0.61 0.64 -0.57 0.61 -0.61 0.65 -0.46 0.57 -0.51 0.74 -0.61 0.47 -0.45 0.49 -0.34 0.38 -0.40 0.50 -0.10 0.64 0.00 0.45 0.03 0.40 -0.17 0.46 -0.26 0.48 -0.22 0.54 -0.14 0.64 -0.19 0.57 -0.09 0.66 -0.15 0.44 -0.08 0.47 -0.03 0.36 -0.04 0.39 0.01 0.50 -0.20 0.60 -0.26 0.53 -0.16 0.62 -0.21 0.31 -0.12 0.26 -0.09 0.21 -0.30 0.15 -0.27 0.74 -0.61 0.80 -0.64 0.84 -0.43 0.90 -0.46 0.36 -0.42 0.46 -0.47 0.38 -0.40 0.47 -0.45 0.54 -0.14 0.44 -0.08 0.53 -0.16 0.43 -0.10 0.64 -0.19 0.62 -0.21 0.71 -0.24 0.70 -0.26 0.46 -0.20 0.40 -0.14 0.39 -0.16 0.64 -0.28 0.63 -0.30 0.68 -0.30 0.67 -0.32 0.57 -0.51 0.56 -0.53 0.36 -0.12 0.35 -0.05 0.33 -0.10 0.41 0.05 0.36 0.08 0.94 -0.25 1.00 -0.29 0.75 -0.38 0.69 -0.29 0.67 -0.33 0.64 -0.37 0.60 -0.38 0.77 -0.25 0.66 -0.21 0.68 -0.25 0.51 -0.19 0.55 -0.17 0.60 -0.38 0.64 -0.37 0.59 -0.33 0.61 -0.32 0.67 -0.33 0.62 -0.30 0.68 -0.25 0.66 -0.21 0.62 -0.26 0.61 -0.25 0.63 -0.18 0.60 -0.23 0.55 -0.17 0.51 -0.19 0.56 -0.23 0.54 -0.24 0.48 -0.22 0.53 -0.25 0.52 -0.37 0.56 -0.39 0.55 -0.32 0.57 -0.33 0.47 -0.31 0.49 -0.34 0.53 -0.29 0.54 -0.31 0.46 -0.26 0.53 -0.27 0.69 -0.29 0.62 -0.28 0.59 -0.17 0.58 -0.23 0.84 -0.43 0.79 -0.08 0.90 -0.23 0.31 -0.12 0.21 -0.30 0.38 -0.30 0.35 -0.05 0.36 -0.04 0.35 -0.14 0.36 -0.12 0.40 -0.14 0.43 -0.10 0.74 -0.19 0.71 -0.24 0.64 -0.28 0.70 -0.26 0.60 -0.26 0.52 -0.24 0.59 -0.28 0.56 -0.39 0.52 -0.37 0.47 -0.45 0.47 -0.31 0.32 -0.12 0.33 -0.10 0.68 -0.30 0.41 0.05 0.94 -0.25 0.67 -0.12 0.59 -0.17 0.63 -0.18 0.91 -0.22 0.46 0.05 0.50 -0.20 0.98 1.00 0.03 1.00 0.98 0.02 0.03 0.02 0.98 1.00 0.03 1.00 0.98 0.02 0.03 0.02 0.03 0.02 0.98 0.02 0.03 1.00 0.98 1.00 0.03 0.02 0.98 0.02 0.03 1.00 0.98 1.00 0.98 1.00 0.03 1.00 0.98 0.02 0.03 0.02 0.98 1.00 0.03 1.00 0.98 0.02 0.03 0.02 0.03 0.02 0.98 0.02 0.03 1.00 0.98 1.00 0.03 0.02 0.98 0.02 0.03 1.00 0.98 1.00 0.51 0.02 1.00 0.02 0.51 0.51 1.00 0.51 1.00 0.51 0.51 0.51 1.00 1.00 0.51 1.00 1.00 0.51 0.51 0.51 1.00 1.00 0.51 1.00 0.02 0.51 0.02 1.00 0.51 1.00 0.51 0.52 1.00 0.52 0.51 1.00 1.00 1.00 1.00 0.02 0.51 0.02 0.02 0.02 0.51 0.52 1.00 0.52 0.51 1.00 1.00 1.00 0.02 0.52 0.02 1.00 0.02 0.52 0.02 1.00 1.00 1.00 1.00 0.51 0.51 0.51 1.00 1.00 0.51 1.00 1.00 0.07 1.00 -0.14 0.86 0.07 0.86 -0.14 0.71 -0.43 0.71 -0.29 0.86 -0.29 0.71 -0.14 0.29 -0.14 0.29 -0.29 0.14 -0.14 0.29 0.07 0.14 0.07 0.00 0.07 0.00 -0.14 0.71 -0.57 0.61 -0.57 0.61 -0.43 0.40 -0.43 0.40 -0.29 0.40 0.07 0.40 -0.14 0.14 0.29 0.00 0.29 0.29 0.29 0.40 0.29 0.86 0.29 0.71 0.29 0.71 0.07 0.50 -0.71 0.40 -0.71 0.50 -0.57 0.40 -0.57 0.50 -0.43 0.50 0.07 0.50 0.29 0.61 0.07 0.61 0.29 0.50 -0.14 0.61 -0.14 0.50 -0.29 0.61 -0.29 0.29 -0.57 0.29 -0.71 0.29 -0.43 0.45 0.07 0.45 -0.14 0.45 -0.29 0.14 -0.29 1.00 0.29 0.54 -0.63 0.56 -0.64 0.61 -0.62 0.65 -0.68 0.71 -0.71 0.65 -0.71 0.72 0.72 0.28 0.72 0.72 0.28 0.28 0.28 0.72 0.72 0.28 0.72 0.72 0.28 0.28 0.28 0.72 0.72 0.28 0.72 0.72 0.28 0.28 0.28 0.72 0.72 0.28 0.72 0.72 0.28 0.28 0.28 0.72 0.72 0.28 0.72 0.72 0.28 0.28 0.28 0.72 0.72 0.28 0.72 0.72 0.28 0.28 0.28 0.72 0.72 0.28 0.72 0.72 0.28 0.28 0.28 0.72 0.72 0.28 0.72 0.72 0.28 0.28 0.28 0.72 0.72 0.28 0.72 0.72 0.28 0.28 0.28 0.72 0.72 0.28 0.72 0.72 0.28 0.28 0.28 0.72 0.72 0.28 0.72 0.72 0.28 0.28 0.28 0.72 0.72 0.28 0.72 0.72 0.28 0.28 0.28 1.00 1.00 0.01 1.00 0.94 0.94 0.06 0.94 0.01 0.01 0.06 0.06 1.00 0.01 0.94 0.06 1.00 1.00 0.01 1.00 0.94 0.94 0.06 0.94 0.01 0.01 0.06 0.06 1.00 0.01 0.94 0.06 1.00 1.00 0.01 1.00 0.94 0.94 0.06 0.94 0.01 0.01 0.06 0.06 1.00 0.01 0.94 0.06 1.00 1.00 0.01 1.00 0.94 0.94 0.06 0.94 0.01 0.01 0.06 0.06 1.00 0.01 0.94 0.06 1.00 1.00 0.01 1.00 0.94 0.94 0.06 0.94 0.01 0.01 0.06 0.06 1.00 0.01 0.94 0.06 1.00 1.00 0.01 1.00 0.94 0.94 0.06 0.94 0.01 0.01 0.06 0.06 1.00 0.01 0.94 0.06 1.00 1.00 0.01 1.00 0.94 0.94 0.06 0.94 0.01 0.01 0.06 0.06 1.00 0.01 0.94 0.06 1.00 1.00 0.01 1.00 0.94 0.94 0.06 0.94 0.01 0.01 0.06 0.06 1.00 0.01 0.94 0.06 1.00 1.00 0.01 1.00 0.94 0.94 0.06 0.94 0.01 0.01 0.06 0.06 1.00 0.01 0.94 0.06 1.00 1.00 0.01 1.00 0.94 0.94 0.06 0.94 0.01 0.01 0.06 0.06 1.00 0.01 0.94 0.06 1.00 1.00 0.01 1.00 0.94 0.94 0.06 0.94 0.01 0.01 0.06 0.06 1.00 0.01 0.94 0.06 1.00 1.00 0.01 1.00 0.94 0.94 0.06 0.94 0.01 0.01 0.06 0.06 1.00 0.01 0.94 0.06 0.82 0.82 0.19 0.82 0.19 0.19 0.82 0.19 0.82 0.82 0.19 0.82 0.19 0.19 0.82 0.19 0.82 0.82 0.19 0.82 0.19 0.19 0.82 0.19 0.82 0.82 0.19 0.82 0.19 0.19 0.82 0.19 0.82 0.82 0.19 0.82 0.19 0.19 0.82 0.19 0.82 0.82 0.19 0.82 0.19 0.19 0.82 0.19 0.82 0.82 0.19 0.82 0.19 0.19 0.82 0.19 0.82 0.82 0.19 0.82 0.19 0.19 0.82 0.19 0.82 0.82 0.19 0.82 0.19 0.19 0.82 0.19 0.82 0.82 0.19 0.82 0.19 0.19 0.82 0.19 0.82 0.82 0.19 0.82 0.19 0.19 0.82 0.19 0.82 0.82 0.19 0.82 0.19 0.19 0.82 0.19 0.72 0.72 0.28 0.72 0.28 0.28 0.72 0.28 0.19 0.19 0.28 0.28 0.27 0.14 0.17 0.03 0.27 0.03 0.07 -0.07 0.17 -0.07 0.27 -0.07 0.00 0.03 0.00 -0.07 0.10 0.03 0.10 -0.07 0.10 -0.20 0.20 -0.07 0.20 -0.20 0.41 0.02 0.20 0.02 0.41 -0.12 0.20 -0.12 0.59 0.02 0.79 0.02 0.59 0.15 0.79 0.15 0.59 -0.12 0.45 -0.12 0.45 0.02 0.30 0.02 0.15 0.02 0.30 -0.12 0.15 -0.12 1.00 -0.12 1.00 0.02 0.84 -0.12 0.84 0.02 0.69 -0.12 0.69 0.02 0.55 -0.12 0.55 0.02 0.17 -0.20 0.27 -0.20 0.20 0.02 0.29 0.02 0.20 0.05 0.32 0.05 0.09 -0.08 0.01 -0.08 0.07 -0.18 0.01 -0.18 0.33 -0.18 0.32 -0.08 0.29 -0.18 0.29 -0.08 0.00 0.05 0.00 -0.08 1.00 0.02 1.00 -0.12 0.79 -0.12 0.00 0.02 0.00 0.15 0.20 0.15 0.30 0.15 0.45 0.15 0.41 0.15 0.55 0.15 0.15 0.15 0.00 0.02 0.00 0.15 0.69 0.15 0.84 0.15 0.41 0.05 0.40 -0.08 0.41 -0.08 0.17 -0.34 0.07 -0.34 0.07 -0.20 1.00 0.15 0.00 -0.12 0.00 -0.34 0.10 -0.34 0.00 -0.28 0.00 -0.20 0.00 -0.12 1.00 0.15 0.27 -0.34 0.27 -0.28 0.20 -0.34 0.09 0.05 0.12 -0.08 0.12 -0.18 0.12 0.02 0.40 -0.18 0.20 0.18 0.31 0.18 0.00 0.14 0.41 0.18 0.09 0.15 0.08 0.18 0.00 0.18 0.13 0.13 0.14 0.15 0.16 0.16 0.18 0.18 0.96 0.69 0.85 0.85 0.92 0.67 0.82 0.82 0.67 0.92 0.50 0.50 0.50 0.95 0.33 0.92 0.18 0.82 0.08 0.67 0.05 0.50 0.08 0.33 0.18 0.18 0.33 0.08 0.50 0.05 0.67 0.08 0.82 0.18 0.92 0.33 0.95 0.50 1.00 0.50 0.69 0.96 0.50 1.00 0.31 0.96 0.15 0.85 0.04 0.69 0.00 0.50 0.04 0.31 0.15 0.15 0.31 0.04 0.50 0.00 0.69 0.04 0.85 0.15 0.96 0.31 0.09 -0.17 0.46 -0.29 0.20 0.22 0.51 0.29 0.61 -0.12 0.63 0.22 0.80 -0.08 0.79 0.21 1.00 0.11 0.00 0.07 0.68 -0.30 0.72 -0.89 0.84 -0.76 0.55 -0.87 0.70 -0.90 0.18 -1.00 0.42 -0.96 0.00 -0.34 0.11 -0.44 0.01 -0.78 0.09 -0.83 0.05 -0.11 0.97 -0.34 0.69 0.21 0.30 0.09 0.00 0.75 0.31 0.75 0.25 0.65 0.62 0.75 0.50 0.54 0.71 0.23 0.38 0.38 0.38 0.00 0.69 0.00 0.66 0.38 0.13 0.00 0.05 0.23 0.09 0.38 0.71 0.23 0.38 0.38 0.69 0.00 0.38 0.00 0.66 0.38 0.09 0.38 0.00 0.00 0.75 0.00 0.66 0.38 0.47 0.00 0.38 0.25 0.38 0.38 0.09 0.38 0.29 0.00 0.00 0.00 0.75 0.00 0.66 0.38 0.38 0.38 0.38 0.00 0.07 0.26 0.13 0.00 0.09 0.38 0.25 0.86 0.50 0.96 0.62 0.48 0.38 0.48 0.13 0.48 0.62 0.48 0.38 0.48 0.13 0.48 0.62 0.48 0.38 0.48 0.13 0.48 0.62 0.48 0.38 0.48 1.00 1.00 0.78 1.00 0.91 0.69 0.78 0.69 0.78 0.01 0.78 0.44 0.72 0.44 0.84 0.44 0.78 0.69 0.91 0.69 0.72 0.44 0.78 0.44 0.66 0.69 0.78 0.69 0.84 0.44 0.91 0.69 0.72 0.44 0.78 0.44 0.66 0.69 0.78 0.69 0.84 0.44 0.78 0.44 0.72 0.44 0.66 0.69 0.84 0.44 0.00 0.75 0.62 0.75 0.50 0.54 0.50 0.96 0.62 0.75 0.00 0.75 0.50 0.96 0.50 0.54 0.78 1.00 0.56 1.00 0.66 0.69 0.13 0.48 1.00 1.00 0.56 1.00 0.78 1.00 1.00 1.00 0.78 1.00 0.56 1.00 1.00 1.00 0.91 0.69 0.56 1.00 0.50 0.96 0.62 0.75 0.31 0.75 0.50 0.54 0.25 0.65 0.00 0.75 0.31 0.75 0.00 0.75 0.25 0.86 0.31 0.75 0.62 0.75 0.50 0.54 0.50 0.96 0.19 0.88 0.50 0.88 0.25 1.00 0.50 1.00 0.50 0.01 0.50 0.44 0.01 0.01 0.01 0.44 0.76 0.66 0.82 0.88 0.76 1.00 0.01 0.88 0.25 0.66 1.00 0.01 1.00 0.44 1.00 0.88 </float_array>
                    <technique_common>
                        <accessor source="#geom-03B290C4-texcoord-array" count="2544" stride="2">
                            <param name="S" type="float" />
                            <param name="T" type="float" />
                        </accessor>
                    </technique_common>
                </source>
                <source id="geom-03B290C4-colors">
                    <float_array id="geom-03B290C4-colors-array" count="10176">0.19 0.42 0.25 1.00 0.19 0.47 0.27 1.00 0.19 0.41 0.25 1.00 0.19 0.45 0.27 1.00 0.40 1.00 0.49 1.00 0.40 1.00 0.49 1.00 0.51 1.00 0.65 1.00 0.51 1.00 0.64 1.00 0.19 0.19 0.19 1.00 0.19 0.19 0.19 1.00 0.19 0.19 0.19 1.00 0.19 0.19 0.19 1.00 0.19 0.19 0.19 1.00 0.19 0.19 0.19 1.00 0.19 0.19 0.19 1.00 0.48 1.00 0.69 1.00 0.47 1.00 0.67 1.00 0.49 1.00 0.71 1.00 0.19 0.19 0.19 1.00 0.19 0.19 0.19 1.00 0.19 0.19 0.19 1.00 0.19 0.19 0.19 1.00 0.38 1.00 0.56 1.00 0.37 1.00 0.56 1.00 0.47 1.00 0.74 1.00 0.46 1.00 0.74 1.00 0.19 0.23 0.20 1.00 0.19 0.23 0.20 1.00 0.19 0.24 0.20 1.00 0.19 0.23 0.20 1.00 0.19 0.19 0.19 1.00 0.19 0.19 0.19 1.00 0.19 0.19 0.19 1.00 0.46 1.00 0.64 1.00 0.45 1.00 0.62 1.00 0.47 1.00 0.65 1.00 0.19 0.19 0.19 1.00 0.19 0.19 0.19 1.00 0.19 0.19 0.19 1.00 0.19 0.19 0.19 1.00 0.45 1.00 0.77 1.00 0.53 1.00 0.88 1.00 0.45 1.00 0.78 1.00 0.53 1.00 0.89 1.00 0.19 0.19 0.19 1.00 0.19 0.19 0.19 1.00 0.19 0.19 0.19 1.00 0.19 0.19 0.19 1.00 0.19 0.25 0.20 1.00 0.19 0.25 0.20 1.00 0.19 0.25 0.20 1.00 0.38 0.64 0.38 1.00 0.36 0.61 0.36 1.00 0.38 0.64 0.38 1.00 0.19 0.33 0.23 1.00 0.19 0.34 0.23 1.00 0.19 0.34 0.23 1.00 0.19 0.36 0.24 1.00 0.19 0.45 0.26 1.00 0.19 0.45 0.26 1.00 0.19 0.48 0.27 1.00 0.19 0.48 0.27 1.00 0.43 1.00 0.61 1.00 0.43 1.00 0.62 1.00 0.44 1.00 0.62 1.00 0.43 1.00 0.65 1.00 0.43 1.00 0.65 1.00 0.44 1.00 0.65 1.00 0.19 0.55 0.29 1.00 0.19 0.56 0.30 1.00 0.19 0.35 0.24 1.00 0.19 0.36 0.24 1.00 0.19 0.38 0.24 1.00 0.19 0.40 0.25 1.00 0.19 0.66 0.33 1.00 0.24 1.00 0.42 1.00 0.24 1.00 0.44 1.00 0.25 1.00 0.45 1.00 0.19 0.42 0.25 1.00 0.19 0.43 0.26 1.00 0.19 0.44 0.26 1.00 0.19 0.48 0.27 1.00 0.19 0.44 0.26 1.00 0.19 0.45 0.27 1.00 0.19 0.52 0.29 1.00 0.19 0.47 0.27 1.00 0.19 0.49 0.27 1.00 0.19 0.42 0.25 1.00 0.19 0.43 0.26 1.00 0.19 0.44 0.26 1.00 0.19 0.46 0.27 1.00 0.19 0.44 0.26 1.00 0.19 0.45 0.26 1.00 0.19 0.45 0.26 1.00 0.19 0.46 0.27 1.00 0.19 0.42 0.25 1.00 0.19 0.42 0.25 1.00 0.19 0.43 0.26 1.00 0.19 0.42 0.25 1.00 0.19 0.47 0.27 1.00 0.19 0.49 0.27 1.00 0.19 0.48 0.27 1.00 0.21 0.62 0.31 1.00 0.21 0.62 0.31 1.00 0.21 0.52 0.28 1.00 0.20 0.51 0.28 1.00 0.19 0.19 0.19 1.00 0.19 0.19 0.19 1.00 0.19 0.19 0.19 1.00 0.19 0.19 0.19 1.00 0.19 0.55 0.29 1.00 0.19 0.54 0.29 1.00 0.19 0.55 0.29 1.00 0.19 0.53 0.29 1.00 0.19 0.19 0.19 1.00 0.19 0.19 0.19 1.00 0.19 0.19 0.19 1.00 0.19 0.19 0.19 1.00 0.19 0.19 0.19 1.00 0.19 0.19 0.19 1.00 0.19 0.19 0.19 1.00 0.19 0.19 0.19 1.00 0.23 0.81 0.35 1.00 0.23 0.81 0.35 1.00 0.19 0.20 0.19 1.00 0.19 0.20 0.19 1.00 0.19 0.20 0.19 1.00 0.19 0.20 0.19 1.00 0.19 0.19 0.19 1.00 0.19 0.19 0.19 1.00 0.19 0.19 0.19 1.00 0.19 0.19 0.19 1.00 0.20 0.65 0.32 1.00 0.20 0.62 0.31 1.00 0.20 0.64 0.32 1.00 0.20 0.61 0.31 1.00 0.22 0.26 0.22 1.00 0.21 0.24 0.21 1.00 0.22 0.26 0.22 1.00 0.21 0.24 0.21 1.00 0.19 0.19 0.19 1.00 0.19 0.19 0.19 1.00 0.19 0.19 0.19 1.00 0.19 0.19 0.19 1.00 0.19 0.19 0.19 1.00 0.19 0.19 0.19 1.00 0.19 0.19 0.19 1.00 0.19 0.19 0.19 1.00 0.20 0.22 0.20 1.00 0.20 0.22 0.20 1.00 0.32 1.00 0.48 1.00 0.32 1.00 0.50 1.00 0.33 1.00 0.50 1.00 0.33 1.00 0.51 1.00 0.62 1.00 0.60 1.00 0.47 1.00 0.59 1.00 0.47 1.00 0.55 1.00 0.64 1.00 0.69 1.00 0.64 1.00 0.70 1.00 0.47 1.00 0.59 1.00 0.49 1.00 0.64 1.00 0.39 0.61 0.30 1.00 0.39 0.60 0.31 1.00 0.40 0.68 0.35 1.00 0.40 0.65 0.34 1.00 0.39 0.60 0.31 1.00 0.41 0.65 0.33 1.00 0.40 0.65 0.34 1.00 0.40 0.66 0.35 1.00 0.19 0.37 0.24 1.00 0.19 0.35 0.24 1.00 0.33 1.00 0.53 1.00 0.32 1.00 0.52 1.00 0.19 0.38 0.24 1.00 0.61 1.00 0.56 1.00 0.64 1.00 0.69 1.00 0.19 0.37 0.24 1.00 0.19 0.35 0.24 1.00 0.19 0.39 0.25 1.00 0.19 0.37 0.24 1.00 0.19 0.19 0.19 1.00 0.19 0.19 0.19 1.00 0.19 0.19 0.19 1.00 0.19 0.19 0.19 1.00 0.43 1.00 0.62 1.00 0.43 1.00 0.59 1.00 0.44 1.00 0.63 1.00 0.43 1.00 0.53 1.00 0.43 1.00 0.51 1.00 0.44 1.00 0.56 1.00 0.19 0.19 0.19 1.00 0.19 0.19 0.19 1.00 0.19 0.40 0.25 1.00 0.19 0.38 0.25 1.00 0.19 0.45 0.26 1.00 0.19 0.42 0.26 1.00 0.24 0.32 0.24 1.00 0.19 0.19 0.19 1.00 0.25 0.33 0.25 1.00 0.24 0.31 0.24 1.00 0.27 1.00 0.41 1.00 0.27 1.00 0.41 1.00 0.27 1.00 0.43 1.00 0.27 1.00 0.42 1.00 0.27 1.00 0.40 1.00 0.27 0.97 0.39 1.00 0.27 1.00 0.40 1.00 0.27 0.93 0.38 1.00 0.27 0.92 0.38 1.00 0.27 1.00 0.39 1.00 0.27 0.96 0.39 1.00 0.27 0.93 0.38 1.00 0.27 0.90 0.37 1.00 0.27 0.96 0.39 1.00 0.27 0.93 0.38 1.00 0.27 1.00 0.40 1.00 0.27 0.96 0.39 1.00 0.27 0.99 0.40 1.00 0.27 1.00 0.40 1.00 0.27 1.00 0.40 1.00 0.19 0.40 0.25 1.00 0.27 0.90 0.38 1.00 0.27 0.91 0.38 1.00 0.27 0.93 0.38 1.00 0.21 0.23 0.21 1.00 0.21 0.23 0.21 1.00 0.20 0.22 0.20 1.00 0.20 0.22 0.20 1.00 0.19 0.19 0.19 1.00 0.19 0.19 0.19 1.00 0.19 0.19 0.19 1.00 0.19 0.19 0.19 1.00 0.19 0.19 0.19 1.00 0.19 0.19 0.19 1.00 0.19 0.19 0.19 1.00 0.19 0.19 0.19 1.00 0.19 0.51 0.28 1.00 0.19 0.53 0.29 1.00 0.19 0.50 0.28 1.00 0.19 0.52 0.29 1.00 0.19 0.19 0.19 1.00 0.19 0.19 0.19 1.00 0.19 0.19 0.19 1.00 0.19 0.19 0.19 1.00 0.22 0.27 0.22 1.00 0.22 0.27 0.22 1.00 0.20 0.61 0.31 1.00 0.20 0.63 0.31 1.00 0.20 0.60 0.31 1.00 0.20 0.63 0.31 1.00 0.19 0.19 0.19 1.00 0.19 0.19 0.19 1.00 0.19 0.19 0.19 1.00 0.19 0.19 0.19 1.00 0.19 0.20 0.19 1.00 0.19 0.20 0.19 1.00 0.19 0.20 0.19 1.00 0.19 0.20 0.19 1.00 0.24 0.83 0.36 1.00 0.22 0.61 0.31 1.00 0.24 0.84 0.36 1.00 0.22 0.62 0.31 1.00 0.19 0.19 0.19 1.00 0.19 0.19 0.19 1.00 0.19 0.19 0.19 1.00 0.19 0.19 0.19 1.00 0.19 0.19 0.19 1.00 0.19 0.19 0.19 1.00 0.19 0.19 0.19 1.00 0.19 0.19 0.19 1.00 0.21 0.51 0.28 1.00 0.21 0.51 0.28 1.00 0.14 0.28 0.18 1.00 0.14 0.28 0.18 1.00 0.15 0.28 0.18 1.00 0.15 0.28 0.18 1.00 0.64 1.00 0.67 1.00 0.48 1.00 0.58 1.00 0.49 1.00 0.64 1.00 0.64 1.00 0.63 1.00 0.63 1.00 0.57 1.00 0.48 1.00 0.58 1.00 0.48 1.00 0.54 1.00 0.41 0.65 0.33 1.00 0.40 0.63 0.32 1.00 0.40 0.66 0.35 1.00 0.40 0.66 0.34 1.00 0.40 0.91 0.36 1.00 0.40 0.87 0.35 1.00 0.40 0.89 0.38 1.00 0.40 0.86 0.36 1.00 0.19 0.36 0.24 1.00 0.19 0.34 0.23 1.00 0.15 0.28 0.18 1.00 0.14 0.28 0.17 1.00 0.19 0.37 0.24 1.00 0.64 1.00 0.70 1.00 0.64 1.00 0.63 1.00 0.19 0.19 0.19 1.00 0.19 0.19 0.19 1.00 0.19 0.19 0.19 1.00 0.19 0.19 0.19 1.00 0.19 0.19 0.19 1.00 0.19 0.19 0.19 1.00 0.19 0.19 0.19 1.00 0.19 0.19 0.19 1.00 0.43 1.00 0.45 1.00 0.42 1.00 0.44 1.00 0.44 1.00 0.50 1.00 0.42 1.00 0.42 1.00 0.42 1.00 0.42 1.00 0.44 1.00 0.47 1.00 0.19 0.19 0.19 1.00 0.19 0.19 0.19 1.00 0.19 0.19 0.19 1.00 0.19 0.19 0.19 1.00 0.19 0.19 0.19 1.00 0.19 0.19 0.19 1.00 0.19 0.19 0.19 1.00 0.19 0.19 0.19 1.00 0.19 0.19 0.19 1.00 0.19 0.19 0.19 1.00 0.19 0.19 0.19 1.00 0.19 0.19 0.19 1.00 0.19 0.19 0.19 1.00 0.19 0.19 0.19 1.00 0.19 0.19 0.19 1.00 0.19 0.19 0.19 1.00 0.19 0.19 0.19 1.00 0.19 0.19 0.19 1.00 0.19 0.19 0.19 1.00 0.19 0.19 0.19 1.00 0.19 0.19 0.19 1.00 0.19 0.19 0.19 1.00 0.19 0.19 0.19 1.00 0.19 0.19 0.19 1.00 0.19 0.19 0.19 1.00 0.19 0.19 0.19 1.00 0.19 0.19 0.19 1.00 0.19 0.19 0.19 1.00 0.19 0.19 0.19 1.00 0.19 0.19 0.19 1.00 0.19 0.19 0.19 1.00 0.19 0.19 0.19 1.00 0.19 0.19 0.19 1.00 0.19 0.19 0.19 1.00 0.21 0.24 0.21 1.00 0.21 0.24 0.21 1.00 0.20 0.22 0.20 1.00 0.20 0.22 0.20 1.00 0.19 0.19 0.19 1.00 0.19 0.19 0.19 1.00 0.19 0.19 0.19 1.00 0.19 0.19 0.19 1.00 0.19 0.19 0.19 1.00 0.19 0.19 0.19 1.00 0.19 0.19 0.19 1.00 0.19 0.19 0.19 1.00 0.19 0.42 0.25 1.00 0.19 0.43 0.26 1.00 0.19 0.43 0.26 1.00 0.19 0.44 0.26 1.00 0.19 0.19 0.19 1.00 0.19 0.19 0.19 1.00 0.19 0.19 0.19 1.00 0.19 0.19 0.19 1.00 0.22 0.26 0.22 1.00 0.22 0.26 0.22 1.00 0.20 0.49 0.27 1.00 0.20 0.50 0.27 1.00 0.20 0.49 0.27 1.00 0.20 0.51 0.28 1.00 0.19 0.19 0.19 1.00 0.19 0.19 0.19 1.00 0.19 0.19 0.19 1.00 0.19 0.19 0.19 1.00 0.19 0.20 0.19 1.00 0.19 0.20 0.19 1.00 0.19 0.20 0.19 1.00 0.19 0.20 0.19 1.00 0.23 0.66 0.32 1.00 0.21 0.53 0.28 1.00 0.23 0.65 0.31 1.00 0.21 0.52 0.28 1.00 0.19 0.19 0.19 1.00 0.19 0.19 0.19 1.00 0.19 0.19 0.19 1.00 0.19 0.19 0.19 1.00 0.19 0.19 0.19 1.00 0.19 0.19 0.19 1.00 0.19 0.19 0.19 1.00 0.19 0.19 0.19 1.00 0.20 0.44 0.26 1.00 0.21 0.46 0.27 1.00 0.32 0.65 0.35 1.00 0.32 0.64 0.34 1.00 0.33 0.68 0.35 1.00 0.33 0.67 0.35 1.00 0.61 1.00 0.51 1.00 0.46 1.00 0.49 1.00 0.48 1.00 0.54 1.00 0.60 1.00 0.49 1.00 0.60 1.00 0.49 1.00 0.46 1.00 0.49 1.00 0.47 1.00 0.50 1.00 0.40 1.00 0.49 1.00 0.38 1.00 0.44 1.00 0.40 1.00 0.49 1.00 0.40 1.00 0.47 1.00 0.38 1.00 0.49 1.00 0.39 1.00 0.50 1.00 0.40 1.00 0.53 1.00 0.39 1.00 0.52 1.00 0.19 0.19 0.19 1.00 0.19 0.19 0.19 1.00 0.33 0.66 0.35 1.00 0.31 0.62 0.34 1.00 0.19 0.19 0.19 1.00 0.63 1.00 0.57 1.00 0.60 1.00 0.49 1.00 0.19 0.19 0.19 1.00 0.19 0.19 0.19 1.00 0.19 0.19 0.19 1.00 0.19 0.19 0.19 1.00 0.19 0.19 0.19 1.00 0.19 0.19 0.19 1.00 0.19 0.19 0.19 1.00 0.19 0.19 0.19 1.00 0.42 1.00 0.43 1.00 0.42 1.00 0.44 1.00 0.44 1.00 0.49 1.00 0.42 1.00 0.49 1.00 0.43 1.00 0.55 1.00 0.44 1.00 0.56 1.00 0.19 0.19 0.19 1.00 0.19 0.19 0.19 1.00 0.19 0.19 0.19 1.00 0.19 0.19 0.19 1.00 0.19 0.19 0.19 1.00 0.19 0.19 0.19 1.00 0.19 0.19 0.19 1.00 0.19 0.19 0.19 1.00 0.19 0.19 0.19 1.00 0.19 0.19 0.19 1.00 0.19 0.19 0.19 1.00 0.19 0.19 0.19 1.00 0.19 0.19 0.19 1.00 0.19 0.19 0.19 1.00 0.19 0.19 0.19 1.00 0.19 0.19 0.19 1.00 0.19 0.19 0.19 1.00 0.19 0.19 0.19 1.00 0.19 0.19 0.19 1.00 0.19 0.19 0.19 1.00 0.19 0.19 0.19 1.00 0.19 0.19 0.19 1.00 0.19 0.19 0.19 1.00 0.19 0.19 0.19 1.00 0.19 0.19 0.19 1.00 0.19 0.19 0.19 1.00 0.19 0.19 0.19 1.00 0.19 0.19 0.19 1.00 0.19 0.19 0.19 1.00 0.19 0.19 0.19 1.00 0.19 0.19 0.19 1.00 0.19 0.19 0.19 1.00 0.19 0.19 0.19 1.00 0.19 0.19 0.19 1.00 0.22 0.51 0.28 1.00 0.22 0.51 0.28 1.00 0.21 0.45 0.26 1.00 0.21 0.43 0.26 1.00 0.19 0.19 0.19 1.00 0.19 0.19 0.19 1.00 0.19 0.19 0.19 1.00 0.19 0.19 0.19 1.00 0.19 0.41 0.25 1.00 0.19 0.40 0.25 1.00 0.19 0.42 0.25 1.00 0.19 0.40 0.25 1.00 0.19 0.19 0.19 1.00 0.19 0.19 0.19 1.00 0.19 0.19 0.19 1.00 0.19 0.19 0.19 1.00 0.19 0.19 0.19 1.00 0.19 0.19 0.19 1.00 0.19 0.19 0.19 1.00 0.19 0.19 0.19 1.00 0.23 0.65 0.32 1.00 0.23 0.64 0.31 1.00 0.19 0.19 0.19 1.00 0.19 0.19 0.19 1.00 0.19 0.19 0.19 1.00 0.19 0.19 0.19 1.00 0.19 0.19 0.19 1.00 0.19 0.19 0.19 1.00 0.19 0.19 0.19 1.00 0.19 0.19 0.19 1.00 0.20 0.50 0.27 1.00 0.20 0.48 0.27 1.00 0.20 0.51 0.28 1.00 0.20 0.49 0.27 1.00 0.22 0.26 0.22 1.00 0.21 0.23 0.21 1.00 0.22 0.25 0.22 1.00 0.21 0.23 0.21 1.00 0.19 0.19 0.19 1.00 0.19 0.19 0.19 1.00 0.19 0.19 0.19 1.00 0.19 0.19 0.19 1.00 0.19 0.19 0.19 1.00 0.19 0.19 0.19 1.00 0.19 0.19 0.19 1.00 0.19 0.19 0.19 1.00 0.20 0.22 0.20 1.00 0.20 0.22 0.20 1.00 0.32 0.60 0.34 1.00 0.32 0.62 0.34 1.00 0.33 0.64 0.35 1.00 0.33 0.65 0.35 1.00 0.61 1.00 0.51 1.00 0.45 1.00 0.51 1.00 0.47 1.00 0.50 1.00 0.61 1.00 0.52 1.00 0.61 1.00 0.56 1.00 0.45 1.00 0.51 1.00 0.47 1.00 0.55 1.00 0.39 1.00 0.45 1.00 0.37 1.00 0.46 1.00 0.39 1.00 0.48 1.00 0.39 1.00 0.50 1.00 0.37 0.90 0.33 1.00 0.39 0.99 0.36 1.00 0.39 0.94 0.38 1.00 0.40 1.00 0.40 1.00 0.19 0.19 0.19 1.00 0.19 0.19 0.19 1.00 0.33 0.66 0.35 1.00 0.32 0.62 0.34 1.00 0.19 0.19 0.19 1.00 0.60 1.00 0.49 1.00 0.61 1.00 0.52 1.00 0.19 0.19 0.19 1.00 0.19 0.19 0.19 1.00 0.19 0.19 0.19 1.00 0.19 0.19 0.19 1.00 0.41 0.73 0.41 1.00 0.41 0.73 0.41 1.00 0.53 1.00 0.53 1.00 0.53 1.00 0.53 1.00 0.19 0.28 0.22 1.00 0.19 0.28 0.22 1.00 0.19 0.32 0.23 1.00 0.19 0.32 0.23 1.00 0.19 0.19 0.19 1.00 0.19 0.19 0.19 1.00 0.19 0.19 0.19 1.00 0.49 1.00 0.89 1.00 0.47 1.00 0.85 1.00 0.49 1.00 0.89 1.00 0.19 0.19 0.19 1.00 0.19 0.19 0.19 1.00 0.19 0.19 0.19 1.00 0.19 0.19 0.19 1.00 0.38 1.00 0.66 1.00 0.38 1.00 0.65 1.00 0.47 1.00 0.80 1.00 0.47 1.00 0.78 1.00 0.19 0.19 0.19 1.00 0.19 0.19 0.19 1.00 0.19 0.19 0.19 1.00 0.19 0.19 0.19 1.00 0.19 0.19 0.19 1.00 0.19 0.19 0.19 1.00 0.19 0.19 0.19 1.00 0.47 0.86 0.47 1.00 0.45 0.84 0.45 1.00 0.47 0.88 0.47 1.00 0.19 0.32 0.23 1.00 0.19 0.36 0.24 1.00 0.19 0.31 0.22 1.00 0.19 0.35 0.24 1.00 0.45 1.00 0.54 1.00 0.54 1.00 0.69 1.00 0.45 1.00 0.54 1.00 0.54 1.00 0.69 1.00 0.19 0.19 0.19 1.00 0.19 0.19 0.19 1.00 0.19 0.19 0.19 1.00 0.19 0.19 0.19 1.00 0.19 0.19 0.19 1.00 0.19 0.19 0.19 1.00 0.19 0.19 0.19 1.00 0.39 1.00 0.62 1.00 0.38 1.00 0.60 1.00 0.39 1.00 0.63 1.00 0.19 0.35 0.24 1.00 0.19 0.33 0.23 1.00 0.19 0.36 0.24 1.00 0.19 0.35 0.24 1.00 0.19 0.19 0.19 1.00 0.19 0.19 0.19 1.00 0.19 0.19 0.19 1.00 0.19 0.19 0.19 1.00 0.44 1.00 0.64 1.00 0.43 1.00 0.58 1.00 0.44 1.00 0.63 1.00 0.43 1.00 0.52 1.00 0.43 1.00 0.50 1.00 0.44 1.00 0.56 1.00 0.19 0.19 0.19 1.00 0.19 0.19 0.19 1.00 0.19 0.37 0.24 1.00 0.19 0.36 0.24 1.00 0.19 0.41 0.25 1.00 0.19 0.39 0.25 1.00 0.19 0.19 0.19 1.00 0.19 0.19 0.19 1.00 0.19 0.19 0.19 1.00 0.19 0.19 0.19 1.00 0.19 0.47 0.27 1.00 0.19 0.46 0.27 1.00 0.19 0.50 0.28 1.00 0.19 0.46 0.27 1.00 0.19 0.44 0.26 1.00 0.19 0.43 0.26 1.00 0.19 0.43 0.26 1.00 0.19 0.42 0.25 1.00 0.19 0.41 0.25 1.00 0.19 0.45 0.26 1.00 0.19 0.43 0.26 1.00 0.19 0.42 0.25 1.00 0.19 0.40 0.25 1.00 0.19 0.44 0.26 1.00 0.19 0.42 0.26 1.00 0.19 0.45 0.26 1.00 0.19 0.44 0.26 1.00 0.19 0.45 0.27 1.00 0.19 0.47 0.27 1.00 0.19 0.46 0.27 1.00 0.19 0.37 0.24 1.00 0.19 0.41 0.25 1.00 0.19 0.41 0.25 1.00 0.19 0.42 0.25 1.00 0.21 0.24 0.21 1.00 0.21 0.24 0.21 1.00 0.20 0.22 0.20 1.00 0.20 0.22 0.20 1.00 0.19 0.19 0.19 1.00 0.19 0.19 0.19 1.00 0.19 0.19 0.19 1.00 0.19 0.19 0.19 1.00 0.19 0.19 0.19 1.00 0.19 0.19 0.19 1.00 0.19 0.19 0.19 1.00 0.19 0.19 0.19 1.00 0.19 0.54 0.29 1.00 0.19 0.55 0.29 1.00 0.19 0.53 0.29 1.00 0.19 0.54 0.29 1.00 0.19 0.19 0.19 1.00 0.19 0.19 0.19 1.00 0.19 0.19 0.19 1.00 0.19 0.19 0.19 1.00 0.22 0.27 0.22 1.00 0.22 0.27 0.22 1.00 0.20 0.61 0.31 1.00 0.20 0.64 0.31 1.00 0.20 0.60 0.31 1.00 0.20 0.63 0.31 1.00 0.19 0.19 0.19 1.00 0.19 0.19 0.19 1.00 0.19 0.19 0.19 1.00 0.19 0.19 0.19 1.00 0.20 0.20 0.20 1.00 0.19 0.20 0.19 1.00 0.20 0.20 0.20 1.00 0.19 0.20 0.19 1.00 0.23 0.80 0.35 1.00 0.22 0.62 0.31 1.00 0.23 0.82 0.35 1.00 0.21 0.62 0.31 1.00 0.19 0.19 0.19 1.00 0.19 0.19 0.19 1.00 0.19 0.19 0.19 1.00 0.19 0.19 0.19 1.00 0.19 0.19 0.19 1.00 0.19 0.19 0.19 1.00 0.19 0.19 0.19 1.00 0.19 0.19 0.19 1.00 0.20 0.52 0.28 1.00 0.21 0.52 0.28 1.00 0.32 1.00 0.51 1.00 0.32 1.00 0.49 1.00 0.33 1.00 0.53 1.00 0.33 1.00 0.51 1.00 0.62 1.00 0.60 1.00 0.46 1.00 0.54 1.00 0.48 1.00 0.60 1.00 0.62 1.00 0.56 1.00 0.62 1.00 0.53 1.00 0.46 1.00 0.54 1.00 0.48 1.00 0.53 1.00 0.40 0.62 0.32 1.00 0.38 0.60 0.30 1.00 0.41 0.69 0.36 1.00 0.40 0.66 0.34 1.00 0.38 0.98 0.36 1.00 0.40 0.98 0.36 1.00 0.40 1.00 0.39 1.00 0.40 0.97 0.39 1.00 0.19 0.33 0.23 1.00 0.19 0.32 0.23 1.00 0.33 1.00 0.49 1.00 0.32 1.00 0.48 1.00 0.19 0.34 0.23 1.00 0.64 1.00 0.69 1.00 0.62 1.00 0.56 1.00 0.19 0.19 0.19 1.00 0.19 0.19 0.19 1.00 0.19 0.19 0.19 1.00 0.19 0.19 0.19 1.00 0.19 0.19 0.19 1.00 0.19 0.19 0.19 1.00 0.19 0.19 0.19 1.00 0.19 0.19 0.19 1.00 0.43 1.00 0.44 1.00 0.43 1.00 0.44 1.00 0.44 1.00 0.50 1.00 0.43 1.00 0.42 1.00 0.43 1.00 0.43 1.00 0.44 1.00 0.48 1.00 0.19 0.19 0.19 1.00 0.19 0.19 0.19 1.00 0.19 0.19 0.19 1.00 0.19 0.19 0.19 1.00 0.19 0.19 0.19 1.00 0.19 0.19 0.19 1.00 0.19 0.19 0.19 1.00 0.19 0.19 0.19 1.00 0.19 0.19 0.19 1.00 0.19 0.19 0.19 1.00 0.19 0.19 0.19 1.00 0.19 0.19 0.19 1.00 0.19 0.19 0.19 1.00 0.19 0.19 0.19 1.00 0.19 0.19 0.19 1.00 0.19 0.19 0.19 1.00 0.19 0.19 0.19 1.00 0.19 0.19 0.19 1.00 0.19 0.19 0.19 1.00 0.19 0.19 0.19 1.00 0.19 0.19 0.19 1.00 0.19 0.19 0.19 1.00 0.19 0.19 0.19 1.00 0.19 0.19 0.19 1.00 0.19 0.19 0.19 1.00 0.19 0.19 0.19 1.00 0.19 0.19 0.19 1.00 0.19 0.19 0.19 1.00 0.19 0.19 0.19 1.00 0.19 0.19 0.19 1.00 0.19 0.19 0.19 1.00 0.19 0.19 0.19 1.00 0.19 0.19 0.19 1.00 0.19 0.19 0.19 1.00 0.21 0.24 0.21 1.00 0.21 0.24 0.21 1.00 0.20 0.23 0.20 1.00 0.20 0.23 0.20 1.00 0.19 0.19 0.19 1.00 0.19 0.19 0.19 1.00 0.19 0.19 0.19 1.00 0.19 0.19 0.19 1.00 0.19 0.19 0.19 1.00 0.19 0.19 0.19 1.00 0.19 0.19 0.19 1.00 0.19 0.19 0.19 1.00 0.19 0.39 0.25 1.00 0.19 0.40 0.25 1.00 0.19 0.40 0.25 1.00 0.19 0.40 0.25 1.00 0.19 0.19 0.19 1.00 0.19 0.19 0.19 1.00 0.19 0.19 0.19 1.00 0.19 0.19 0.19 1.00 0.23 0.28 0.23 1.00 0.23 0.28 0.23 1.00 0.20 0.43 0.26 1.00 0.20 0.44 0.26 1.00 0.20 0.44 0.26 1.00 0.20 0.44 0.26 1.00 0.19 0.19 0.19 1.00 0.19 0.19 0.19 1.00 0.19 0.19 0.19 1.00 0.19 0.19 0.19 1.00 0.20 0.22 0.20 1.00 0.20 0.21 0.20 1.00 0.20 0.22 0.20 1.00 0.20 0.21 0.20 1.00 0.22 0.60 0.30 1.00 0.21 0.49 0.27 1.00 0.22 0.59 0.30 1.00 0.21 0.47 0.27 1.00 0.19 0.19 0.19 1.00 0.19 0.19 0.19 1.00 0.19 0.19 0.19 1.00 0.19 0.19 0.19 1.00 0.19 0.19 0.19 1.00 0.19 0.19 0.19 1.00 0.19 0.19 0.19 1.00 0.19 0.19 0.19 1.00 0.20 0.41 0.25 1.00 0.20 0.43 0.25 1.00 0.32 0.61 0.34 1.00 0.32 0.61 0.34 1.00 0.33 0.64 0.35 1.00 0.33 0.64 0.35 1.00 0.62 1.00 0.53 1.00 0.47 1.00 0.49 1.00 0.48 1.00 0.53 1.00 0.62 1.00 0.50 1.00 0.62 1.00 0.51 1.00 0.47 1.00 0.49 1.00 0.48 1.00 0.51 1.00 0.40 1.00 0.49 1.00 0.38 1.00 0.45 1.00 0.40 1.00 0.51 1.00 0.40 1.00 0.49 1.00 0.38 1.00 0.50 1.00 0.40 1.00 0.52 1.00 0.40 1.00 0.54 1.00 0.40 1.00 0.54 1.00 0.19 0.19 0.19 1.00 0.19 0.19 0.19 1.00 0.33 0.63 0.35 1.00 0.32 0.60 0.33 1.00 0.19 0.19 0.19 1.00 0.62 1.00 0.53 1.00 0.62 1.00 0.50 1.00 0.19 0.19 0.19 1.00 0.19 0.19 0.19 1.00 0.19 0.19 0.19 1.00 0.19 0.19 0.19 1.00 0.19 0.19 0.19 1.00 0.19 0.19 0.19 1.00 0.19 0.19 0.19 1.00 0.19 0.19 0.19 1.00 0.43 1.00 0.45 1.00 0.44 1.00 0.46 1.00 0.44 1.00 0.51 1.00 0.44 1.00 0.52 1.00 0.44 1.00 0.55 1.00 0.44 1.00 0.58 1.00 0.19 0.19 0.19 1.00 0.19 0.19 0.19 1.00 0.19 0.19 0.19 1.00 0.19 0.19 0.19 1.00 0.19 0.19 0.19 1.00 0.19 0.19 0.19 1.00 0.19 0.19 0.19 1.00 0.24 0.31 0.24 1.00 0.24 0.31 0.24 1.00 0.24 0.32 0.24 1.00 0.19 0.19 0.19 1.00 0.19 0.19 0.19 1.00 0.19 0.19 0.19 1.00 0.19 0.19 0.19 1.00 0.19 0.19 0.19 1.00 0.19 0.19 0.19 1.00 0.19 0.19 0.19 1.00 0.19 0.19 0.19 1.00 0.19 0.19 0.19 1.00 0.19 0.19 0.19 1.00 0.19 0.19 0.19 1.00 0.19 0.19 0.19 1.00 0.19 0.19 0.19 1.00 0.19 0.19 0.19 1.00 0.19 0.19 0.19 1.00 0.19 0.19 0.19 1.00 0.19 0.19 0.19 1.00 0.19 0.19 0.19 1.00 0.19 0.19 0.19 1.00 0.19 0.19 0.19 1.00 0.19 0.19 0.19 1.00 0.19 0.19 0.19 1.00 0.19 0.19 0.19 1.00 0.19 0.19 0.19 1.00 0.22 0.54 0.29 1.00 0.22 0.53 0.29 1.00 0.21 0.46 0.27 1.00 0.20 0.45 0.26 1.00 0.19 0.19 0.19 1.00 0.19 0.19 0.19 1.00 0.19 0.19 0.19 1.00 0.19 0.19 0.19 1.00 0.19 0.43 0.26 1.00 0.19 0.42 0.25 1.00 0.19 0.44 0.26 1.00 0.19 0.43 0.26 1.00 0.19 0.19 0.19 1.00 0.19 0.19 0.19 1.00 0.19 0.19 0.19 1.00 0.19 0.19 0.19 1.00 0.19 0.19 0.19 1.00 0.19 0.19 0.19 1.00 0.19 0.19 0.19 1.00 0.19 0.19 0.19 1.00 0.23 0.68 0.32 1.00 0.23 0.66 0.31 1.00 0.19 0.20 0.19 1.00 0.19 0.20 0.19 1.00 0.19 0.20 0.19 1.00 0.19 0.20 0.19 1.00 0.19 0.19 0.19 1.00 0.19 0.19 0.19 1.00 0.19 0.19 0.19 1.00 0.19 0.19 0.19 1.00 0.20 0.51 0.28 1.00 0.20 0.50 0.27 1.00 0.20 0.53 0.29 1.00 0.20 0.51 0.27 1.00 0.22 0.27 0.22 1.00 0.21 0.24 0.21 1.00 0.22 0.27 0.22 1.00 0.21 0.24 0.21 1.00 0.19 0.19 0.19 1.00 0.19 0.19 0.19 1.00 0.19 0.19 0.19 1.00 0.19 0.19 0.19 1.00 0.19 0.19 0.19 1.00 0.19 0.19 0.19 1.00 0.19 0.19 0.19 1.00 0.19 0.19 0.19 1.00 0.20 0.22 0.20 1.00 0.20 0.22 0.20 1.00 0.32 0.64 0.35 1.00 0.32 0.65 0.35 1.00 0.33 0.67 0.35 1.00 0.33 0.69 0.36 1.00 0.62 1.00 0.53 1.00 0.47 1.00 0.54 1.00 0.48 1.00 0.51 1.00 0.64 1.00 0.59 1.00 0.65 1.00 0.64 1.00 0.47 1.00 0.54 1.00 0.50 1.00 0.60 1.00 0.40 1.00 0.46 1.00 0.40 1.00 0.48 1.00 0.40 1.00 0.48 1.00 0.41 1.00 0.51 1.00 0.40 0.81 0.34 1.00 0.42 0.90 0.38 1.00 0.41 0.84 0.38 1.00 0.41 0.86 0.38 1.00 0.19 0.19 0.19 1.00 0.19 0.19 0.19 1.00 0.33 0.70 0.36 1.00 0.32 0.66 0.35 1.00 0.19 0.19 0.19 1.00 0.62 1.00 0.51 1.00 0.64 1.00 0.59 1.00 0.19 0.35 0.24 1.00 0.19 0.36 0.24 1.00 0.19 0.36 0.24 1.00 0.19 0.38 0.24 1.00 0.19 0.45 0.26 1.00 0.19 0.44 0.26 1.00 0.19 0.48 0.27 1.00 0.19 0.47 0.27 1.00 0.44 1.00 0.61 1.00 0.44 1.00 0.63 1.00 0.44 1.00 0.64 1.00 0.44 1.00 0.65 1.00 0.44 1.00 0.67 1.00 0.44 1.00 0.66 1.00 0.19 0.55 0.29 1.00 0.19 0.55 0.29 1.00 0.19 0.37 0.24 1.00 0.19 0.39 0.25 1.00 0.19 0.40 0.25 1.00 0.19 0.43 0.26 1.00 0.24 1.00 0.42 1.00 0.19 0.65 0.32 1.00 0.25 1.00 0.45 1.00 0.24 1.00 0.43 1.00 0.27 0.92 0.38 1.00 0.27 0.93 0.38 1.00 0.27 1.00 0.40 1.00 0.27 1.00 0.42 1.00 0.27 0.96 0.39 1.00 0.27 1.00 0.40 1.00 0.27 1.00 0.44 1.00 0.27 1.00 0.41 1.00 0.27 1.00 0.40 1.00 0.27 0.90 0.38 1.00 0.27 0.93 0.38 1.00 0.27 0.96 0.39 1.00 0.27 0.99 0.40 1.00 0.27 0.92 0.38 1.00 0.27 0.95 0.39 1.00 0.27 0.96 0.39 1.00 0.27 0.99 0.40 1.00 0.27 0.89 0.38 1.00 0.27 0.91 0.38 1.00 0.27 0.93 0.38 1.00 0.19 0.45 0.27 1.00 0.27 0.99 0.40 1.00 0.27 1.00 0.41 1.00 0.27 1.00 0.40 1.00 0.21 0.58 0.30 1.00 0.21 0.58 0.30 1.00 0.20 0.49 0.27 1.00 0.20 0.48 0.27 1.00 0.19 0.19 0.19 1.00 0.19 0.19 0.19 1.00 0.19 0.19 0.19 1.00 0.19 0.19 0.19 1.00 0.19 0.51 0.28 1.00 0.19 0.50 0.28 1.00 0.19 0.51 0.28 1.00 0.19 0.49 0.28 1.00 0.19 0.19 0.19 1.00 0.19 0.19 0.19 1.00 0.19 0.19 0.19 1.00 0.19 0.19 0.19 1.00 0.19 0.19 0.19 1.00 0.19 0.19 0.19 1.00 0.19 0.19 0.19 1.00 0.19 0.19 0.19 1.00 0.23 0.78 0.35 1.00 0.23 0.78 0.35 1.00 0.20 0.21 0.20 1.00 0.20 0.21 0.20 1.00 0.20 0.21 0.20 1.00 0.20 0.21 0.20 1.00 0.19 0.19 0.19 1.00 0.19 0.19 0.19 1.00 0.19 0.19 0.19 1.00 0.19 0.19 0.19 1.00 0.20 0.59 0.30 1.00 0.20 0.56 0.30 1.00 0.20 0.58 0.30 1.00 0.20 0.55 0.29 1.00 0.23 0.29 0.23 1.00 0.21 0.25 0.21 1.00 0.23 0.29 0.23 1.00 0.21 0.24 0.21 1.00 0.19 0.19 0.19 1.00 0.19 0.19 0.19 1.00 0.19 0.19 0.19 1.00 0.19 0.19 0.19 1.00 0.19 0.19 0.19 1.00 0.19 0.19 0.19 1.00 0.19 0.19 0.19 1.00 0.19 0.19 0.19 1.00 0.20 0.23 0.20 1.00 0.20 0.23 0.20 1.00 0.14 0.28 0.17 1.00 0.14 0.28 0.18 1.00 0.15 0.28 0.18 1.00 0.15 0.28 0.18 1.00 0.65 1.00 0.69 1.00 0.49 1.00 0.62 1.00 0.50 1.00 0.60 1.00 0.65 1.00 0.70 1.00 0.64 1.00 0.69 1.00 0.49 1.00 0.62 1.00 0.48 1.00 0.60 1.00 0.42 0.66 0.34 1.00 0.40 0.63 0.33 1.00 0.41 0.67 0.35 1.00 0.41 0.67 0.35 1.00 0.40 0.63 0.33 1.00 0.40 0.62 0.32 1.00 0.41 0.67 0.35 1.00 0.41 0.69 0.36 1.00 0.19 0.40 0.25 1.00 0.19 0.37 0.24 1.00 0.15 0.28 0.18 1.00 0.14 0.28 0.18 1.00 0.19 0.40 0.25 1.00 0.65 1.00 0.64 1.00 0.65 1.00 0.70 1.00 0.33 0.68 0.44 1.00 0.27 0.43 0.38 1.00 0.26 0.36 0.26 1.00 0.09 0.13 0.09 1.00 0.17 0.36 0.19 1.00 0.32 0.55 0.36 1.00 0.33 0.53 0.33 1.00 0.31 0.47 0.31 1.00 0.32 0.51 0.32 1.00 0.23 0.39 0.26 1.00 0.28 0.42 0.28 1.00 0.08 0.28 0.11 1.00 0.33 0.54 0.33 1.00 0.20 0.31 0.20 1.00 0.17 0.33 0.22 1.00 0.28 0.42 0.28 1.00 0.16 0.24 0.16 1.00 0.33 0.52 0.33 1.00 0.18 0.28 0.18 1.00 0.25 0.39 0.34 1.00 0.25 0.38 0.34 1.00 0.24 0.35 0.31 1.00 0.05 0.06 0.06 1.00 0.16 0.21 0.19 1.00 0.29 0.51 0.44 1.00 0.62 1.00 1.00 1.00 0.25 0.39 0.34 1.00 0.24 0.35 0.31 1.00 0.25 0.38 0.34 1.00 0.05 0.06 0.06 1.00 0.16 0.21 0.19 1.00 0.07 0.20 0.09 1.00 0.06 0.08 0.07 1.00 0.06 0.08 0.07 1.00 0.06 0.08 0.07 1.00 0.06 0.08 0.07 1.00 0.16 0.24 0.16 1.00 0.25 0.42 0.25 1.00 0.20 0.35 0.22 1.00 0.10 0.31 0.13 1.00 0.29 0.44 0.29 1.00 0.31 0.55 0.47 1.00 0.27 0.43 0.38 1.00 0.18 0.28 0.18 1.00 0.09 0.13 0.12 1.00 0.06 0.08 0.07 1.00 0.56 1.00 0.91 1.00 0.55 1.00 0.87 1.00 0.34 0.66 0.40 1.00 0.36 0.70 0.41 1.00 0.09 0.13 0.09 1.00 0.29 0.52 0.37 1.00 0.33 0.53 0.33 1.00 0.10 0.15 0.10 1.00 0.08 0.06 0.15 1.00 0.28 0.47 0.41 1.00 0.08 0.06 0.15 1.00 0.24 0.36 0.32 1.00 0.28 0.48 0.42 1.00 0.08 0.06 0.15 1.00 0.31 0.55 0.47 1.00 0.08 0.06 0.15 1.00 0.31 0.55 0.47 1.00 0.08 0.06 0.15 1.00 0.28 0.47 0.41 1.00 0.08 0.06 0.15 1.00 0.63 1.00 0.93 1.00 0.68 1.00 1.00 1.00 0.25 0.37 0.33 1.00 0.22 0.30 0.27 1.00 0.55 0.80 0.72 1.00 0.63 1.00 0.91 1.00 0.20 0.22 0.21 1.00 0.22 0.29 0.26 1.00 0.54 0.80 0.71 1.00 0.20 0.23 0.22 1.00 0.62 1.00 0.91 1.00 0.22 0.30 0.27 1.00 0.67 1.00 1.00 1.00 0.22 0.29 0.27 1.00 0.20 0.24 0.22 1.00 0.23 0.33 0.29 1.00 0.30 0.54 0.46 1.00 0.08 0.06 0.15 1.00 0.19 0.19 0.19 1.00 0.19 0.19 0.19 1.00 0.24 0.34 0.31 1.00 0.22 0.30 0.27 1.00 0.19 0.19 0.19 1.00 0.19 0.19 0.19 1.00 0.22 0.29 0.26 1.00 0.20 0.22 0.21 1.00 0.21 0.25 0.24 1.00 0.19 0.19 0.19 1.00 0.24 0.34 0.31 1.00 0.19 0.19 0.19 1.00 0.19 0.19 0.19 1.00 0.19 0.19 0.19 1.00 0.25 0.37 0.33 1.00 0.22 0.29 0.27 1.00 0.30 0.54 0.46 1.00 0.08 0.06 0.15 1.00 0.24 0.36 0.32 1.00 0.08 0.06 0.15 1.00 0.24 0.34 0.31 1.00 0.08 0.06 0.15 1.00 0.20 0.24 0.22 1.00 0.22 0.29 0.26 1.00 0.30 0.54 0.46 1.00 0.63 1.00 0.91 1.00 0.68 1.00 1.00 1.00 0.21 0.25 0.24 1.00 0.22 0.30 0.27 1.00 0.24 0.34 0.31 1.00 0.20 0.24 0.22 1.00 0.23 0.33 0.29 1.00 0.19 0.19 0.19 1.00 0.19 0.19 0.19 1.00 0.19 0.19 0.19 1.00 0.22 0.30 0.27 1.00 0.19 0.19 0.19 1.00 0.20 0.23 0.22 1.00 0.67 1.00 1.00 1.00 0.22 0.29 0.27 1.00 0.68 1.00 1.00 1.00 0.62 1.00 0.91 1.00 0.21 0.25 0.24 1.00 0.22 0.30 0.27 1.00 0.19 0.19 0.19 1.00 0.20 0.24 0.22 1.00 0.24 0.34 0.31 1.00 0.55 0.80 0.72 1.00 0.20 0.24 0.23 1.00 0.20 0.22 0.21 1.00 0.24 0.36 0.32 1.00 0.24 0.34 0.31 1.00 0.08 0.06 0.15 1.00 0.08 0.06 0.15 1.00 0.24 0.34 0.31 1.00 0.21 0.25 0.24 1.00 0.54 0.80 0.71 1.00 0.20 0.23 0.22 1.00 0.20 0.23 0.22 1.00 0.21 0.25 0.24 1.00 0.19 0.19 0.19 1.00 0.19 0.19 0.19 1.00 0.08 0.06 0.15 1.00 0.24 0.36 0.32 1.00 0.20 0.22 0.21 1.00 0.19 0.19 0.19 1.00 0.20 0.24 0.23 1.00 0.19 0.19 0.19 1.00 0.19 0.19 0.19 1.00 0.21 0.25 0.24 1.00 0.22 0.30 0.27 1.00 0.19 0.19 0.19 1.00 0.25 0.37 0.33 1.00 0.19 0.19 0.19 1.00 0.22 0.29 0.27 1.00 0.19 0.19 0.19 1.00 0.23 0.33 0.29 1.00 0.19 0.19 0.19 1.00 0.27 0.91 0.38 1.00 0.19 0.49 0.28 1.00 0.27 0.70 0.33 1.00 0.06 0.08 0.07 1.00 0.09 0.13 0.12 1.00 0.32 0.50 0.32 1.00 0.16 0.24 0.16 1.00 0.35 0.59 0.35 1.00 0.18 0.28 0.18 1.00 0.16 0.24 0.16 1.00 0.32 0.50 0.32 1.00 0.18 0.28 0.18 1.00 0.36 0.60 0.36 1.00 0.20 0.31 0.20 1.00 0.38 0.66 0.38 1.00 0.17 0.33 0.22 1.00 0.32 0.60 0.38 1.00 0.09 0.13 0.12 1.00 0.09 0.11 0.11 1.00 0.19 0.19 0.19 1.00 0.24 0.35 0.31 1.00 0.26 0.36 0.26 1.00 0.24 0.35 0.31 1.00 0.32 0.59 0.38 1.00 0.27 0.44 0.38 1.00 0.18 0.28 0.18 1.00 0.31 0.47 0.31 1.00 0.35 0.59 0.35 1.00 0.38 0.65 0.38 1.00 0.06 0.08 0.07 1.00 0.06 0.08 0.07 1.00 0.13 0.13 0.13 1.00 0.19 0.31 0.22 1.00 0.31 0.49 0.31 1.00 0.35 0.58 0.35 1.00 0.28 0.41 0.28 1.00 0.38 0.65 0.38 1.00 0.19 0.19 0.19 1.00 0.09 0.13 0.12 1.00 0.19 0.19 0.19 1.00 0.13 0.13 0.13 1.00 0.25 0.35 0.25 1.00 0.19 0.19 0.19 1.00 0.31 0.49 0.31 1.00 0.35 0.58 0.35 1.00 0.38 0.87 0.52 1.00 0.25 0.40 0.35 1.00 0.37 0.63 0.37 1.00 0.35 0.58 0.35 1.00 0.06 0.08 0.07 1.00 0.13 0.13 0.13 1.00 0.16 0.24 0.16 1.00 0.32 0.50 0.32 1.00 0.31 0.49 0.31 1.00 0.13 0.13 0.13 1.00 0.32 0.50 0.32 1.00 0.31 0.49 0.31 1.00 0.13 0.13 0.13 1.00 0.13 0.13 0.13 1.00 0.06 0.08 0.07 1.00 0.16 0.24 0.16 1.00 0.18 0.28 0.18 1.00 0.36 0.60 0.36 1.00 0.20 0.31 0.20 1.00 0.38 0.66 0.38 1.00 0.38 0.65 0.38 1.00 0.35 0.58 0.35 1.00 0.38 0.65 0.38 1.00 0.31 0.47 0.31 1.00 0.32 0.59 0.38 1.00 0.26 0.36 0.26 1.00 0.37 0.63 0.37 1.00 0.38 0.87 0.52 1.00 0.19 0.19 0.19 1.00 0.24 0.35 0.31 1.00 0.32 0.60 0.38 1.00 0.17 0.33 0.22 1.00 0.19 0.19 0.19 1.00 0.28 0.41 0.28 1.00 0.27 0.44 0.38 1.00 0.24 0.35 0.31 1.00 0.08 0.08 0.08 1.00 0.09 0.11 0.11 1.00 0.25 0.40 0.35 1.00 0.09 0.13 0.12 1.00 0.13 0.13 0.13 1.00 0.06 0.08 0.07 1.00 0.27 0.91 0.38 1.00 0.19 0.24 0.20 1.00 0.06 0.08 0.07 1.00 0.13 0.13 0.13 1.00 0.25 0.35 0.25 1.00 0.19 0.19 0.19 1.00 0.19 0.19 0.19 1.00 0.19 0.19 0.19 1.00 0.19 0.19 0.19 1.00 0.25 0.67 0.33 1.00 0.24 0.31 0.24 1.00 0.25 1.00 0.46 1.00 0.24 0.85 0.36 1.00 0.34 0.55 0.34 1.00 0.40 0.71 0.40 1.00 0.33 0.54 0.33 1.00 0.39 0.68 0.39 1.00 0.46 0.84 0.46 1.00 0.45 0.81 0.45 1.00 0.40 0.71 0.40 1.00 0.39 0.68 0.39 1.00 0.33 0.62 0.39 1.00 0.24 0.35 0.31 1.00 0.28 0.42 0.28 1.00 0.19 0.19 0.19 1.00 0.25 0.34 0.25 1.00 0.26 0.36 0.26 1.00 0.26 1.00 0.46 1.00 0.26 0.70 0.33 1.00 0.19 0.19 0.19 1.00 0.19 0.19 0.19 1.00 0.19 0.19 0.19 1.00 0.19 0.19 0.19 1.00 0.24 0.31 0.24 1.00 0.24 0.89 0.37 1.00 0.25 1.00 0.47 1.00 0.26 1.00 0.42 1.00 0.26 0.67 0.33 1.00 0.26 0.91 0.37 1.00 0.34 0.56 0.34 1.00 0.34 0.55 0.34 1.00 0.40 0.70 0.40 1.00 0.39 0.68 0.39 1.00 0.19 0.19 0.19 1.00 0.19 0.19 0.19 1.00 0.08 0.08 0.08 1.00 0.08 0.08 0.08 1.00 0.28 0.40 0.28 1.00 0.45 0.82 0.45 1.00 0.28 0.40 0.28 1.00 0.44 0.80 0.44 1.00 0.13 0.13 0.13 1.00 0.13 0.13 0.13 1.00 0.13 0.13 0.13 1.00 0.13 0.13 0.13 1.00 0.28 0.42 0.28 1.00 0.33 0.62 0.39 1.00 0.40 0.70 0.40 1.00 0.39 0.68 0.39 1.00 0.08 0.08 0.08 1.00 0.08 0.08 0.08 1.00 0.28 0.40 0.28 1.00 0.28 0.40 0.28 1.00 0.26 1.00 0.41 1.00 0.25 1.00 0.43 1.00 0.25 0.35 0.25 1.00 0.27 0.91 0.38 1.00 0.19 0.31 0.22 1.00 0.19 0.40 0.25 1.00 0.19 0.39 0.25 1.00 0.19 0.19 0.19 1.00 0.19 0.23 0.20 1.00 0.25 0.34 0.25 1.00 0.25 0.41 0.27 1.00 0.24 0.30 0.24 1.00 0.19 0.23 0.20 1.00 0.27 1.00 0.55 1.00 0.27 0.47 0.29 1.00 0.25 0.35 0.25 1.00 0.28 0.47 0.29 1.00 0.19 0.53 0.29 1.00 0.27 0.57 0.31 1.00 0.19 0.51 0.28 1.00 0.27 1.00 0.53 1.00 0.25 1.00 0.47 1.00 0.24 0.30 0.24 1.00 0.26 0.58 0.31 1.00 0.19 0.46 0.27 1.00 0.19 0.47 0.27 1.00 0.26 1.00 0.54 1.00 0.28 0.41 0.28 1.00 0.19 0.54 0.29 1.00 0.19 0.19 0.19 1.00 0.19 0.19 0.19 1.00 0.19 0.39 0.25 1.00 0.19 0.47 0.27 1.00 0.19 0.46 0.27 1.00 0.08 0.08 0.08 1.00 0.08 0.08 0.08 1.00 0.22 0.29 0.27 1.00 0.23 0.31 0.29 1.00 0.27 0.91 0.38 1.00 0.25 0.35 0.25 1.00 0.19 0.19 0.19 1.00 0.19 0.19 0.19 1.00 0.19 0.19 0.19 1.00 0.19 0.19 0.19 1.00 0.19 0.19 0.19 1.00 0.19 0.19 0.19 1.00 0.13 0.13 0.13 1.00 0.13 0.13 0.13 1.00 0.21 0.27 0.25 1.00 0.23 0.31 0.28 1.00 0.08 0.08 0.08 1.00 0.20 0.21 0.21 1.00 0.08 0.08 0.08 1.00 0.19 0.19 0.19 1.00 0.22 0.30 0.27 1.00 0.23 0.33 0.29 1.00 0.26 1.00 0.42 1.00 0.24 0.89 0.37 1.00 0.25 1.00 0.47 1.00 0.24 0.30 0.24 1.00 0.19 0.19 0.19 1.00 0.19 0.19 0.19 1.00 0.24 0.30 0.24 1.00 0.24 0.31 0.24 1.00 0.23 0.31 0.28 1.00 0.24 0.35 0.31 1.00 0.31 0.49 0.31 1.00 0.33 0.62 0.39 1.00 0.43 0.78 0.43 1.00 0.46 0.84 0.46 1.00 0.40 0.69 0.40 1.00 0.40 0.71 0.40 1.00 0.34 0.55 0.34 1.00 0.34 0.55 0.34 1.00 0.13 0.13 0.13 1.00 0.19 0.19 0.19 1.00 0.13 0.13 0.13 1.00 0.19 0.19 0.19 1.00 0.19 0.19 0.19 1.00 0.19 0.19 0.19 1.00 0.19 0.19 0.19 1.00 0.19 0.40 0.25 1.00 0.19 0.19 0.19 1.00 0.19 0.19 0.19 1.00 0.19 0.19 0.19 1.00 0.19 0.19 0.19 1.00 0.34 0.56 0.34 1.00 0.34 0.56 0.34 1.00 0.40 0.69 0.40 1.00 0.40 0.70 0.40 1.00 0.43 0.77 0.43 1.00 0.45 0.82 0.45 1.00 0.31 0.48 0.31 1.00 0.28 0.40 0.28 1.00 0.22 0.29 0.26 1.00 0.19 0.19 0.19 1.00 0.08 0.08 0.08 1.00 0.08 0.08 0.08 1.00 0.41 1.00 0.91 1.00 0.41 0.81 0.41 1.00 0.41 0.80 0.41 1.00 0.41 0.79 0.41 1.00 0.25 0.67 0.33 1.00 0.25 0.34 0.25 1.00 0.22 0.31 0.28 1.00 0.21 0.27 0.25 1.00 0.19 0.20 0.20 1.00 0.23 0.31 0.29 1.00 0.13 0.13 0.13 1.00 0.13 0.13 0.13 1.00 0.13 0.13 0.13 1.00 0.13 0.13 0.13 1.00 0.08 0.08 0.08 1.00 0.08 0.08 0.08 1.00 0.19 0.24 0.20 1.00 0.19 0.54 0.29 1.00 0.27 0.91 0.38 1.00 0.27 1.00 0.55 1.00 0.25 0.34 0.25 1.00 0.25 1.00 0.43 1.00 0.27 0.57 0.31 1.00 0.27 0.91 0.38 1.00 0.19 0.53 0.29 1.00 0.19 0.49 0.28 1.00 0.27 0.57 0.31 1.00 0.25 1.00 0.43 1.00 0.19 0.51 0.28 1.00 0.19 0.31 0.22 1.00 0.19 0.40 0.25 1.00 0.19 0.39 0.25 1.00 0.08 0.08 0.08 1.00 0.08 0.08 0.08 1.00 0.19 0.19 0.19 1.00 0.19 0.19 0.19 1.00 0.25 0.34 0.25 1.00 0.27 1.00 0.55 1.00 0.19 0.47 0.27 1.00 0.19 0.19 0.19 1.00 0.13 0.13 0.13 1.00 0.13 0.13 0.13 1.00 0.19 0.19 0.19 1.00 0.19 0.19 0.19 1.00 0.08 0.08 0.08 1.00 0.08 0.08 0.08 1.00 0.19 0.19 0.19 1.00 0.19 0.19 0.19 1.00 0.23 0.33 0.29 1.00 0.22 0.27 0.25 1.00 0.06 0.07 0.06 1.00 0.08 0.11 0.10 1.00 0.24 0.30 0.24 1.00 0.06 0.06 0.06 1.00 0.19 0.19 0.19 1.00 0.19 0.19 0.19 1.00 0.06 0.06 0.06 1.00 0.19 0.19 0.19 1.00 0.06 0.06 0.06 1.00 0.06 0.06 0.06 1.00 0.20 0.24 0.22 1.00 0.06 0.06 0.06 1.00 0.19 0.19 0.19 1.00 0.19 0.19 0.19 1.00 0.06 0.06 0.06 1.00 0.19 0.19 0.19 1.00 0.06 0.06 0.06 1.00 0.20 0.24 0.22 1.00 0.06 0.06 0.06 1.00 0.21 0.26 0.24 1.00 0.06 0.07 0.06 1.00 0.27 0.45 0.40 1.00 0.22 0.29 0.26 1.00 0.21 0.26 0.24 1.00 0.20 0.24 0.22 1.00 0.21 0.25 0.24 1.00 0.19 0.19 0.19 1.00 0.22 0.29 0.26 1.00 0.19 0.19 0.19 1.00 0.00 0.00 0.00 1.00 0.19 0.19 0.19 1.00 0.19 0.19 0.19 1.00 0.19 0.19 0.19 1.00 0.20 0.24 0.22 1.00 0.19 0.19 0.19 1.00 0.27 0.44 0.38 1.00 0.21 0.25 0.24 1.00 0.19 0.21 0.20 1.00 0.19 0.19 0.19 1.00 0.19 0.19 0.19 1.00 0.19 0.19 0.19 1.00 0.21 0.26 0.24 1.00 0.09 0.12 0.09 1.00 0.09 0.16 0.09 1.00 0.08 0.12 0.08 1.00 0.30 0.90 0.38 1.00 0.25 0.63 0.31 1.00 0.31 0.80 0.37 1.00 0.41 1.00 0.67 1.00 0.39 1.00 0.69 1.00 0.38 1.00 0.60 1.00 0.32 1.00 0.47 1.00 0.29 1.00 0.41 1.00 0.09 0.18 0.09 1.00 0.07 0.11 0.08 1.00 0.35 1.00 0.42 1.00 0.09 0.13 0.09 1.00 0.31 0.80 0.37 1.00 0.09 0.17 0.10 1.00 0.34 0.70 0.45 1.00 0.10 0.16 0.11 1.00 0.37 1.00 0.45 1.00 0.09 0.14 0.09 1.00 0.43 1.00 0.69 1.00 0.37 1.00 0.45 1.00 0.44 1.00 0.69 1.00 0.44 1.00 0.69 1.00 0.42 0.95 0.53 1.00 0.37 1.00 0.54 1.00 0.34 1.00 0.49 1.00 0.37 1.00 0.54 1.00 0.41 0.85 0.47 1.00 0.09 0.24 0.11 1.00 0.10 0.14 0.10 1.00 0.10 0.14 0.10 1.00 0.31 0.49 0.31 1.00 0.11 0.22 0.14 1.00 0.34 0.70 0.45 1.00 0.29 0.51 0.44 1.00 0.08 0.11 0.10 1.00 0.22 0.27 0.25 1.00 0.27 0.45 0.34 1.00 0.27 0.45 0.40 1.00 0.27 0.44 0.38 1.00 0.25 0.35 0.25 1.00 0.19 0.21 0.20 1.00 0.24 0.30 0.24 1.00 0.19 0.19 0.19 1.00 0.33 1.00 0.44 1.00 0.27 0.51 0.29 1.00 0.09 0.17 0.09 1.00 0.07 0.24 0.11 1.00 0.40 0.69 0.40 1.00 0.29 1.00 0.41 1.00 0.38 1.00 0.60 1.00 0.08 0.11 0.08 1.00 0.08 0.15 0.09 1.00 0.28 0.78 0.36 1.00 0.35 0.58 0.35 1.00 0.08 0.19 0.10 1.00 0.33 0.65 0.35 1.00 0.39 0.76 0.40 1.00 0.10 0.15 0.10 1.00 0.38 0.65 0.38 1.00 0.09 0.14 0.09 1.00 0.35 0.68 0.40 1.00 0.10 0.18 0.12 1.00 0.29 0.43 0.29 1.00 0.48 1.00 0.63 1.00 0.33 0.64 0.41 1.00 0.32 0.72 0.36 1.00 0.09 0.11 0.09 1.00 0.21 0.26 0.24 1.00 0.42 0.95 0.53 1.00 0.41 0.85 0.47 1.00 0.31 0.49 0.31 1.00 0.09 0.12 0.09 1.00 0.10 0.14 0.10 1.00 0.41 1.00 0.67 1.00 0.38 1.00 0.60 1.00 0.33 0.65 0.35 1.00 0.08 0.19 0.10 1.00 0.35 1.00 0.61 1.00 0.30 1.00 0.51 1.00 0.09 0.17 0.10 1.00 0.34 1.00 0.59 1.00 0.28 0.40 0.28 1.00 0.09 0.12 0.09 1.00 0.42 0.76 0.42 1.00 0.46 0.84 0.46 1.00 0.44 0.79 0.44 1.00 0.07 0.11 0.08 1.00 0.09 0.12 0.09 1.00 0.09 0.12 0.09 1.00 0.00 0.00 0.00 1.00 0.00 0.00 0.00 1.00 0.20 1.00 0.45 1.00 0.22 0.88 0.38 1.00 0.00 0.00 0.00 1.00 0.25 1.00 0.58 1.00 0.00 0.00 0.00 1.00 0.00 0.00 0.00 1.00 0.25 1.00 0.58 1.00 0.29 1.00 0.69 1.00 0.00 0.00 0.00 1.00 0.34 1.00 0.81 1.00 0.00 0.00 0.00 1.00 0.00 0.00 0.00 1.00 0.34 1.00 0.81 1.00 0.38 1.00 0.93 1.00 0.00 0.00 0.00 1.00 0.40 1.00 0.98 1.00 0.00 0.00 0.00 1.00 0.00 0.00 0.00 1.00 0.40 1.00 0.98 1.00 0.40 1.00 0.99 1.00 0.00 0.00 0.00 1.00 0.40 1.00 0.98 1.00 0.00 0.00 0.00 1.00 0.00 0.00 0.00 1.00 0.40 1.00 0.98 1.00 0.38 1.00 0.93 1.00 0.00 0.00 0.00 1.00 0.35 1.00 0.83 1.00 0.00 0.00 0.00 1.00 0.00 0.00 0.00 1.00 0.35 1.00 0.83 1.00 0.30 1.00 0.71 1.00 0.00 0.00 0.00 1.00 0.25 1.00 0.59 1.00 0.00 0.00 0.00 1.00 0.00 0.00 0.00 1.00 0.25 1.00 0.59 1.00 0.22 1.00 0.51 1.00 0.00 0.00 0.00 1.00 0.20 0.93 0.40 1.00 0.00 0.00 0.00 1.00 0.00 0.00 0.00 1.00 0.20 0.93 0.40 1.00 0.19 0.81 0.37 1.00 0.00 0.00 0.00 1.00 0.20 1.00 0.45 1.00 0.34 1.00 0.75 1.00 0.34 1.00 0.79 1.00 0.34 1.00 0.79 1.00 0.34 1.00 0.76 1.00 0.34 1.00 0.73 1.00 0.34 1.00 0.73 1.00 0.33 1.00 0.73 1.00 0.33 1.00 0.73 1.00 0.33 1.00 0.73 1.00 0.32 1.00 0.73 1.00 0.32 1.00 0.74 1.00 0.32 1.00 0.74 1.00 0.32 1.00 0.75 1.00 0.32 1.00 0.75 1.00 0.32 1.00 0.75 1.00 0.32 1.00 0.76 1.00 0.33 1.00 0.83 1.00 0.33 1.00 0.83 1.00 0.33 1.00 0.83 1.00 0.34 1.00 0.84 1.00 0.34 1.00 0.84 1.00 0.34 1.00 0.84 1.00 0.34 1.00 0.83 1.00 0.34 1.00 0.83 1.00 0.29 1.00 0.68 1.00 0.30 1.00 0.62 1.00 0.32 1.00 0.76 1.00 0.34 1.00 0.73 1.00 0.32 1.00 0.76 1.00 0.34 1.00 0.82 1.00 0.33 1.00 0.73 1.00 0.36 1.00 0.87 1.00 0.33 1.00 0.73 1.00 0.36 1.00 0.87 1.00 0.37 1.00 0.92 1.00 0.32 1.00 0.74 1.00 0.38 1.00 0.95 1.00 0.32 1.00 0.74 1.00 0.38 1.00 0.95 1.00 0.39 1.00 0.97 1.00 0.32 1.00 0.75 1.00 0.38 1.00 0.96 1.00 0.32 1.00 0.75 1.00 0.38 1.00 0.96 1.00 0.38 1.00 0.93 1.00 0.33 1.00 0.83 1.00 0.36 1.00 0.80 1.00 0.33 1.00 0.83 1.00 0.36 1.00 0.80 1.00 0.34 1.00 0.81 1.00 0.34 1.00 0.84 1.00 0.32 1.00 0.52 1.00 0.34 1.00 0.84 1.00 0.32 1.00 0.52 1.00 0.30 1.00 0.56 1.00 0.34 1.00 0.83 1.00 0.29 1.00 0.67 1.00 0.29 1.00 0.67 1.00 0.29 1.00 0.59 1.00 0.29 1.00 0.68 1.00 0.08 0.14 0.08 1.00 0.07 0.12 0.07 1.00 0.02 0.03 0.02 1.00 0.02 0.07 0.03 1.00 0.06 0.21 0.08 1.00 0.11 0.36 0.16 1.00 0.04 0.11 0.05 1.00 0.11 0.27 0.13 1.00 0.03 0.05 0.03 1.00 0.12 0.20 0.12 1.00 0.04 0.05 0.04 1.00 0.11 0.32 0.14 1.00 0.06 0.13 0.07 1.00 0.11 0.36 0.15 1.00 0.03 0.13 0.05 1.00 0.12 0.36 0.20 1.00 0.07 0.20 0.10 1.00 0.08 0.20 0.13 1.00 0.02 0.07 0.03 1.00 0.02 0.03 0.02 1.00 0.15 0.36 0.31 1.00 0.41 0.73 0.51 1.00 0.14 0.36 0.24 1.00 0.55 0.98 0.89 1.00 0.11 0.36 0.27 1.00 0.41 0.73 0.72 1.00 0.09 0.36 0.18 1.00 0.07 0.24 0.12 1.00 0.07 0.20 0.11 1.00 0.11 0.36 0.18 1.00 0.12 0.36 0.22 1.00 0.11 0.36 0.22 1.00 0.55 0.98 0.62 1.00 0.34 0.61 0.41 1.00 0.08 0.16 0.08 1.00 0.08 0.17 0.09 1.00 0.34 0.61 0.43 1.00 0.09 0.26 0.11 1.00 0.19 0.36 0.25 1.00 0.03 0.05 0.03 1.00 0.49 0.98 0.67 1.00 0.31 0.61 0.42 1.00 0.06 0.20 0.08 1.00 0.08 0.30 0.11 1.00 0.07 0.24 0.09 1.00 0.01 0.03 0.01 1.00 0.11 0.20 0.11 1.00 0.09 0.15 0.09 1.00 0.11 0.36 0.18 1.00 0.09 0.36 0.13 1.00 0.07 0.27 0.10 1.00 0.01 0.04 0.02 1.00 0.05 0.15 0.06 1.00 0.04 0.09 0.05 1.00 0.09 0.20 0.14 1.00 0.09 0.20 0.11 1.00 0.07 0.17 0.08 1.00 0.07 0.13 0.07 1.00 0.04 0.11 0.05 1.00 0.05 0.08 0.05 1.00 0.07 0.18 0.09 1.00 0.05 0.17 0.06 1.00 0.07 0.15 0.07 1.00 0.02 0.06 0.03 1.00 0.02 0.02 0.02 1.00 0.06 0.09 0.06 1.00 0.03 0.04 0.03 1.00 0.07 0.13 0.07 1.00 0.02 0.03 0.02 1.00 0.06 0.20 0.09 1.00 0.04 0.07 0.04 1.00 0.09 0.16 0.09 1.00 0.05 0.10 0.05 1.00 0.35 0.55 0.35 1.00 0.04 0.08 0.05 1.00 0.18 0.29 0.18 1.00 0.02 0.03 0.02 1.00 0.06 0.08 0.07 1.00 0.02 0.06 0.03 1.00 0.09 0.13 0.12 1.00 0.11 0.36 0.22 1.00 0.09 0.36 0.22 1.00 0.11 0.36 0.26 1.00 0.12 0.36 0.23 1.00 0.11 0.36 0.20 1.00 0.09 0.36 0.18 1.00 0.09 0.36 0.15 1.00 0.09 0.36 0.18 1.00 0.09 0.36 0.20 1.00 0.09 0.36 0.22 1.00 0.07 0.20 0.12 1.00 0.07 0.20 0.13 1.00 0.00 0.00 0.00 1.00 0.00 0.00 0.00 1.00 0.07 0.20 0.15 1.00 0.00 0.00 0.00 1.00 0.05 0.20 0.10 1.00 0.05 0.20 0.09 1.00 0.00 0.00 0.00 1.00 0.00 0.00 0.00 1.00 0.07 0.20 0.16 1.00 0.00 0.00 0.00 1.00 0.05 0.20 0.12 1.00 0.05 0.20 0.11 1.00 0.00 0.00 0.00 1.00 0.00 0.00 0.00 1.00 0.07 0.20 0.13 1.00 0.00 0.00 0.00 1.00 0.06 0.20 0.12 1.00 0.07 0.20 0.16 1.00 0.00 0.00 0.00 1.00 0.00 0.00 0.00 1.00 0.07 0.20 0.09 1.00 0.07 0.20 0.16 1.00 0.00 0.00 0.00 1.00 0.00 0.00 0.00 1.00 0.07 0.20 0.13 1.00 0.00 0.00 0.00 1.00 0.05 0.20 0.12 1.00 0.00 0.00 0.00 1.00 0.05 0.20 0.12 1.00 0.00 0.00 0.00 1.00 0.15 0.49 0.21 1.00 0.07 0.24 0.12 1.00 0.07 0.19 0.11 1.00 0.15 0.49 0.20 1.00 0.15 0.25 0.15 1.00 0.15 0.36 0.26 1.00 0.02 0.04 0.03 1.00 0.07 0.20 0.09 1.00 0.02 0.03 0.02 1.00 0.07 0.11 0.07 1.00 0.32 0.57 0.34 1.00 0.08 0.14 0.08 1.00 0.03 0.13 0.05 1.00 0.19 0.30 0.19 1.00 0.34 0.61 0.49 1.00 0.04 0.11 0.05 1.00 0.06 0.20 0.09 1.00 0.02 0.07 0.03 1.00 0.03 0.04 0.03 1.00 0.11 0.36 0.28 1.00 0.10 0.36 0.21 1.00 0.48 0.85 0.78 1.00 0.11 0.36 0.16 1.00 0.04 0.12 0.05 1.00 0.06 0.16 0.07 1.00 0.18 0.27 0.18 1.00 0.07 0.09 0.07 1.00 0.07 0.18 0.10 1.00 0.10 0.25 0.14 1.00 0.09 0.36 0.22 1.00 0.12 0.36 0.28 1.00 0.07 0.18 0.10 1.00 0.07 0.07 0.07 1.00 0.06 0.20 0.09 1.00 0.33 0.68 0.44 1.00 0.35 0.73 0.47 1.00 0.27 0.43 0.38 1.00 0.29 0.51 0.44 1.00 0.32 0.64 0.41 1.00 0.29 0.52 0.37 1.00 0.31 0.55 0.47 1.00 0.27 0.43 0.38 1.00 0.35 0.73 0.47 1.00 0.33 0.68 0.44 1.00 0.28 0.42 0.28 1.00 0.34 0.66 0.40 1.00 0.29 0.52 0.37 1.00 0.32 0.64 0.41 1.00 0.29 0.44 0.29 1.00 0.34 0.69 0.42 1.00 0.09 0.13 0.09 1.00 0.14 0.21 0.14 1.00 0.36 0.70 0.41 1.00 0.37 0.65 0.37 1.00 0.14 0.22 0.14 1.00 0.10 0.15 0.10 1.00 0.31 0.60 0.33 1.00 0.33 0.53 0.33 1.00 0.28 0.42 0.28 1.00 0.34 0.66 0.40 1.00 0.37 0.65 0.37 1.00 0.36 0.70 0.41 1.00 0.29 0.44 0.29 1.00 0.34 0.69 0.42 1.00 0.33 0.53 0.33 1.00 0.31 0.60 0.33 1.00 0.56 1.00 0.91 1.00 0.29 0.51 0.44 1.00 0.46 0.75 0.65 1.00 0.35 0.73 0.47 1.00 0.31 0.60 0.33 1.00 0.45 0.76 0.45 1.00 0.14 0.22 0.14 1.00 0.09 0.12 0.09 1.00 0.32 0.64 0.41 1.00 0.51 1.00 0.72 1.00 0.34 0.69 0.42 1.00 0.51 1.00 0.65 1.00 0.51 1.00 0.72 1.00 0.51 1.00 0.65 1.00 0.51 1.00 0.64 1.00 0.51 1.00 0.64 1.00 0.28 0.42 0.28 1.00 0.49 0.96 0.54 1.00 0.37 0.65 0.37 1.00 0.31 0.55 0.47 1.00 0.55 1.00 0.87 1.00 0.55 1.00 0.87 1.00 0.49 0.96 0.54 1.00 0.37 0.65 0.37 1.00 0.09 0.33 0.13 1.00 0.14 0.21 0.14 1.00 0.45 0.76 0.45 1.00 0.09 0.12 0.09 1.00 0.51 1.00 0.65 1.00 0.45 0.76 0.45 1.00 0.28 0.42 0.28 1.00 0.34 0.69 0.42 1.00 0.51 1.00 0.65 1.00 0.31 0.60 0.33 1.00 0.45 0.76 0.45 1.00 0.08 0.13 0.08 1.00 0.11 0.20 0.11 1.00 0.33 0.74 0.37 1.00 0.38 0.64 0.38 1.00 0.14 0.22 0.14 1.00 0.36 0.60 0.36 1.00 0.13 0.23 0.13 1.00 0.31 0.47 0.31 1.00 0.31 0.47 0.31 1.00 0.36 0.60 0.36 1.00 0.37 0.64 0.37 1.00 0.29 0.42 0.29 1.00 0.32 1.00 0.42 1.00 0.08 0.13 0.08 1.00 0.11 0.19 0.11 1.00 0.22 0.29 0.26 1.00 0.00 0.00 0.00 1.00 0.31 0.55 0.35 1.00 0.38 0.83 0.48 1.00 0.35 0.58 0.35 1.00 0.29 1.00 0.43 1.00 0.11 0.17 0.11 1.00 0.11 0.11 0.08 1.00 0.05 0.05 0.04 1.00 0.11 0.11 0.08 1.00 0.11 0.20 0.10 1.00 0.11 0.11 0.08 1.00 0.11 0.11 0.08 1.00 0.29 0.43 0.29 1.00 0.22 0.31 0.28 1.00 0.19 0.20 0.20 1.00 0.19 0.19 0.19 1.00 0.21 0.25 0.24 1.00 0.45 1.00 0.59 1.00 0.10 0.51 0.17 1.00 0.00 0.00 0.00 1.00 0.29 0.82 0.36 1.00 0.11 0.16 0.09 1.00 0.13 0.21 0.13 1.00 0.31 0.47 0.31 1.00 0.08 0.13 0.08 1.00 0.35 0.58 0.35 1.00 0.23 0.31 0.28 1.00 0.08 0.08 0.08 1.00 0.15 0.23 0.15 1.00 0.00 0.01 0.00 1.00 0.00 0.00 0.00 1.00 0.04 0.07 0.04 1.00 0.13 0.23 0.13 1.00 0.05 0.05 0.04 1.00 0.19 0.19 0.19 1.00 0.19 0.19 0.19 1.00 0.19 0.19 0.19 1.00 0.19 0.19 0.19 1.00 0.08 0.08 0.08 1.00 0.19 0.19 0.19 1.00 0.21 0.50 0.25 1.00 0.21 0.50 0.25 1.00 0.21 0.50 0.25 1.00 0.21 0.50 0.25 1.00 0.14 0.44 0.26 1.00 0.19 1.00 0.47 1.00 0.14 0.49 0.28 1.00 0.19 1.00 0.49 1.00 0.17 0.55 0.29 1.00 0.14 0.77 0.36 1.00 0.19 0.40 0.25 1.00 0.19 0.67 0.33 1.00 0.25 0.87 0.36 1.00 0.19 0.35 0.24 1.00 0.24 1.00 0.49 1.00 0.19 0.77 0.36 1.00 0.14 0.49 0.28 1.00 0.14 0.87 0.39 1.00 0.19 0.54 0.29 1.00 0.19 0.64 0.32 1.00 0.19 0.75 0.35 1.00 0.19 0.87 0.39 1.00 0.19 0.64 0.32 1.00 0.19 0.80 0.37 1.00 0.19 0.44 0.27 1.00 0.20 0.89 0.37 1.00 0.20 1.00 0.47 1.00 0.14 0.97 0.42 1.00 0.14 0.59 0.31 1.00 0.17 1.00 0.43 1.00 0.19 0.33 0.23 1.00 0.19 0.43 0.26 1.00 0.14 0.68 0.33 1.00 0.14 0.82 0.38 1.00 0.14 0.67 0.33 1.00 0.14 0.97 0.42 1.00 0.19 0.82 0.37 1.00 0.25 0.85 0.36 1.00 0.19 0.67 0.33 1.00 0.24 0.31 0.24 1.00 0.19 0.38 0.25 1.00 0.19 0.20 0.19 1.00 0.19 0.59 0.31 1.00 0.19 0.39 0.25 1.00 0.19 0.56 0.30 1.00 0.19 0.51 0.28 1.00 0.19 0.47 0.27 1.00 0.19 0.54 0.29 1.00 0.19 0.39 0.25 1.00 0.19 0.23 0.20 1.00 0.19 0.33 0.23 1.00 0.19 0.36 0.24 1.00 0.25 0.41 0.27 1.00 0.28 1.00 0.42 1.00 0.19 0.75 0.35 1.00 0.19 0.67 0.33 1.00 0.19 1.00 0.45 1.00 0.28 0.47 0.29 1.00 0.24 1.00 0.47 1.00 0.30 1.00 0.50 1.00 0.27 0.47 0.29 1.00 0.29 1.00 0.49 1.00 0.14 0.60 0.31 1.00 0.14 0.86 0.39 1.00 0.27 1.00 0.53 1.00 0.14 0.95 0.42 1.00 0.30 1.00 0.54 1.00 0.14 1.00 0.44 1.00 0.19 0.67 0.33 1.00 0.19 0.56 0.30 1.00 0.19 0.51 0.28 1.00 0.19 0.44 0.26 1.00 0.26 0.58 0.31 1.00 0.19 0.75 0.36 1.00 0.27 0.69 0.33 1.00 0.19 0.62 0.32 1.00 0.19 1.00 0.47 1.00 0.25 1.00 0.58 1.00 0.28 0.41 0.28 1.00 0.31 1.00 0.59 1.00 0.14 0.95 0.42 1.00 0.14 0.60 0.31 1.00 0.14 0.88 0.39 1.00 0.14 1.00 0.44 1.00 0.19 0.67 0.33 1.00 0.19 0.47 0.27 1.00 0.19 0.67 0.33 1.00 0.19 0.63 0.32 1.00 0.19 0.75 0.36 1.00 0.19 0.75 0.35 1.00 0.19 0.80 0.37 1.00 0.19 0.59 0.31 1.00 0.19 1.00 0.45 1.00 0.19 1.00 0.47 1.00 0.19 1.00 0.47 1.00 0.27 1.00 0.65 1.00 0.28 0.41 0.28 1.00 0.19 1.00 0.47 1.00 0.30 1.00 0.55 1.00 0.24 1.00 0.48 1.00 0.14 0.95 0.42 1.00 0.14 0.66 0.33 1.00 0.27 1.00 0.53 1.00 0.29 1.00 0.56 1.00 0.14 0.60 0.31 1.00 0.27 0.47 0.29 1.00 0.14 0.74 0.35 1.00 0.29 1.00 0.56 1.00 0.19 0.19 0.19 1.00 0.19 0.40 0.25 1.00 0.19 0.67 0.33 1.00 0.19 0.63 0.32 1.00 0.19 1.00 0.47 1.00 0.19 1.00 0.45 1.00 0.27 1.00 0.69 1.00 0.19 1.00 0.46 1.00 0.14 0.60 0.31 1.00 0.14 0.90 0.40 1.00 0.14 0.95 0.42 1.00 0.14 1.00 0.45 1.00 0.19 0.75 0.35 1.00 0.25 0.41 0.27 1.00 0.19 0.62 0.31 1.00 0.26 0.81 0.35 1.00 0.28 0.47 0.29 1.00 0.30 1.00 0.53 1.00 0.19 1.00 0.45 1.00 0.25 1.00 0.53 1.00 0.19 0.46 0.27 1.00 0.19 0.19 0.19 1.00 0.19 0.43 0.26 1.00 0.19 0.30 0.22 1.00 0.19 0.75 0.36 1.00 0.19 0.70 0.34 1.00 0.26 0.58 0.31 1.00 0.28 0.76 0.35 1.00 0.19 0.19 0.19 1.00 0.19 0.39 0.25 1.00 0.19 0.23 0.20 1.00 0.19 0.49 0.27 1.00 0.19 0.75 0.35 1.00 0.19 0.51 0.28 1.00 0.19 0.75 0.36 1.00 0.19 0.62 0.31 1.00 0.19 0.32 0.23 1.00 0.19 0.44 0.26 1.00 0.23 0.55 0.29 1.00 0.19 0.70 0.34 1.00 0.21 1.00 0.65 1.00 0.21 0.69 0.33 1.00 0.21 0.78 0.35 1.00 0.21 1.00 0.58 1.00 0.19 1.00 0.45 1.00 0.14 0.73 0.35 1.00 0.19 0.70 0.34 1.00 0.19 0.26 0.21 1.00 0.27 0.66 0.33 1.00 0.19 0.89 0.40 1.00 0.27 1.00 0.61 1.00 0.26 1.00 0.43 1.00 0.14 0.93 0.41 1.00 0.14 0.65 0.33 1.00 0.19 0.66 0.33 1.00 0.19 0.46 0.27 1.00 0.19 0.63 0.32 1.00 0.19 0.71 0.34 1.00 0.19 0.70 0.34 1.00 0.19 0.91 0.40 1.00 0.21 0.69 0.34 1.00 0.21 1.00 0.68 1.00 0.21 1.00 0.67 1.00 0.21 0.97 0.39 1.00 0.14 0.97 0.42 1.00 0.19 0.63 0.31 1.00 0.19 0.45 0.27 1.00 0.19 0.46 0.27 1.00 0.14 0.87 0.39 1.00 0.14 1.00 0.49 1.00 0.14 1.00 0.47 1.00 0.14 0.97 0.42 1.00 0.19 0.60 0.31 1.00 0.27 0.75 0.35 1.00 0.26 0.49 0.29 1.00 0.27 1.00 0.66 1.00 0.19 0.21 0.19 1.00 0.19 0.53 0.29 1.00 0.19 0.48 0.27 1.00 0.24 0.42 0.26 1.00 0.19 0.19 0.19 1.00 0.19 0.26 0.21 1.00 0.19 0.19 0.19 1.00 0.19 0.19 0.19 1.00 0.19 0.19 0.19 1.00 0.19 0.19 0.19 1.00 0.19 0.19 0.19 1.00 0.19 0.19 0.19 1.00 0.24 0.82 0.47 1.00 0.24 0.69 0.43 1.00 0.19 0.19 0.19 1.00 0.19 0.19 0.19 1.00 0.24 0.85 0.36 1.00 0.13 0.13 0.13 1.00 0.27 0.45 0.29 1.00 0.25 1.00 0.46 1.00 0.24 0.31 0.24 1.00 0.25 1.00 0.47 1.00 0.19 0.19 0.19 1.00 0.28 1.00 0.43 1.00 0.28 0.85 0.36 1.00 0.13 0.13 0.13 1.00 0.13 0.13 0.13 1.00 0.43 0.78 0.43 1.00 0.36 0.60 0.36 1.00 0.35 0.58 0.35 1.00 0.31 0.49 0.31 1.00 0.44 0.79 0.44 1.00 0.35 0.59 0.35 1.00 0.39 0.68 0.39 1.00 0.33 0.54 0.33 1.00 0.35 0.58 0.35 1.00 0.38 0.65 0.38 1.00 0.50 0.94 0.50 1.00 0.27 0.40 0.27 1.00 0.19 0.19 0.19 1.00 0.28 0.41 0.28 1.00 0.19 0.19 0.19 1.00 0.09 0.13 0.12 1.00 0.09 0.13 0.12 1.00 0.25 0.40 0.35 1.00 0.25 0.39 0.35 1.00 0.38 0.87 0.52 1.00 0.27 0.39 0.27 1.00 0.37 0.63 0.37 1.00 0.49 0.91 0.49 1.00 0.28 0.94 0.39 1.00 0.26 0.70 0.33 1.00 0.21 0.26 0.24 1.00 0.27 0.45 0.40 1.00 0.26 0.43 0.37 1.00 0.25 0.38 0.34 1.00 0.19 0.19 0.19 1.00 0.08 0.08 0.08 1.00 0.22 0.29 0.26 1.00 0.09 0.11 0.11 1.00 0.22 0.29 0.26 1.00 0.19 0.19 0.19 1.00 0.22 0.31 0.28 1.00 0.19 0.19 0.19 1.00 0.09 0.13 0.12 1.00 0.09 0.13 0.12 1.00 0.13 0.13 0.13 1.00 0.13 0.13 0.13 1.00 0.31 0.49 0.31 1.00 0.13 0.13 0.13 1.00 0.13 0.13 0.13 1.00 0.34 0.55 0.34 1.00 0.28 0.42 0.28 1.00 0.45 0.81 0.45 1.00 0.39 0.68 0.39 1.00 0.44 0.80 0.44 1.00 0.19 0.19 0.19 1.00 0.09 0.13 0.12 1.00 0.08 0.08 0.08 1.00 0.28 0.40 0.28 1.00 0.19 0.19 0.19 1.00 0.09 0.13 0.12 1.00 0.09 0.13 0.12 1.00 0.09 0.13 0.12 1.00 0.19 0.19 0.19 1.00 0.13 0.13 0.13 1.00 0.13 0.13 0.13 1.00 0.13 0.13 0.13 1.00 0.09 0.13 0.12 1.00 0.25 0.35 0.25 1.00 0.19 0.19 0.19 1.00 0.26 1.00 0.41 1.00 0.26 0.91 0.37 1.00 0.13 0.13 0.13 1.00 0.08 0.08 0.08 1.00 0.25 0.35 0.25 1.00 0.26 1.00 0.46 1.00 0.13 0.13 0.13 1.00 0.19 0.19 0.19 1.00 0.19 0.19 0.19 1.00 0.22 0.30 0.27 1.00 0.19 0.19 0.19 1.00 0.09 0.11 0.11 1.00 0.23 0.31 0.28 1.00 0.22 0.29 0.27 1.00 0.19 0.19 0.19 1.00 0.08 0.08 0.08 1.00 0.20 0.22 0.22 1.00 0.20 0.21 0.21 1.00 0.08 0.08 0.08 1.00 0.22 0.28 0.26 1.00 0.22 0.28 0.26 1.00 0.22 0.29 0.27 1.00 0.22 0.30 0.27 1.00 0.29 1.00 0.68 1.00 0.30 1.00 0.62 1.00 0.24 1.00 0.55 1.00 0.25 1.00 0.55 1.00 0.28 1.00 0.65 1.00 0.21 1.00 0.76 1.00 0.32 1.00 0.76 1.00 0.35 1.00 0.85 1.00 0.38 1.00 0.93 1.00 0.40 1.00 0.97 1.00 0.41 1.00 0.98 1.00 0.40 1.00 0.96 1.00 0.38 1.00 0.91 1.00 0.35 1.00 0.82 1.00 0.32 1.00 0.75 1.00 0.28 1.00 0.69 1.00 0.25 1.00 0.60 1.00 0.24 1.00 0.55 1.00 0.23 1.00 0.54 1.00 0.29 1.00 0.59 1.00 0.32 1.00 0.76 1.00 0.34 1.00 0.82 1.00 0.36 1.00 0.87 1.00 0.37 1.00 0.92 1.00 0.38 1.00 0.95 1.00 0.39 1.00 0.97 1.00 0.38 1.00 0.96 1.00 0.38 1.00 0.93 1.00 0.36 1.00 0.80 1.00 0.34 1.00 0.81 1.00 0.32 1.00 0.52 1.00 0.30 1.00 0.56 1.00 0.29 1.00 0.67 1.00 0.20 0.22 0.22 1.00 0.22 0.28 0.26 1.00 0.20 0.23 0.22 1.00 0.19 0.19 0.19 1.00 0.22 0.28 0.26 1.00 0.19 0.19 0.19 1.00 0.22 0.29 0.27 1.00 0.19 0.19 0.19 1.00 0.22 0.30 0.27 1.00 0.20 0.21 0.21 1.00 0.19 0.19 0.19 1.00 0.20 0.21 0.21 1.00 0.20 0.23 0.22 1.00 0.19 0.19 0.19 1.00 0.19 0.19 0.19 1.00 0.19 0.19 0.19 1.00 0.19 0.19 0.19 1.00 0.23 0.33 0.29 1.00 0.22 0.31 0.28 1.00 0.19 0.19 0.19 1.00 0.19 0.19 0.19 1.00 0.22 0.30 0.27 1.00 0.19 0.19 0.19 1.00 0.19 0.19 0.19 1.00 0.19 0.19 0.19 1.00 0.32 1.00 0.44 1.00 0.31 1.00 0.48 1.00 0.09 0.27 0.12 1.00 0.31 1.00 0.48 1.00 0.09 0.29 0.12 1.00 0.31 1.00 0.48 1.00 0.28 1.00 0.46 1.00 0.09 0.26 0.11 1.00 0.09 0.29 0.12 1.00 0.36 1.00 0.63 1.00 0.06 0.13 0.08 1.00 0.23 0.73 0.33 1.00 0.24 1.00 0.40 1.00 0.23 0.73 0.33 1.00 0.19 0.56 0.30 1.00 0.06 0.12 0.08 1.00 0.06 0.11 0.07 1.00 0.24 1.00 0.40 1.00 0.24 0.89 0.37 1.00 0.06 0.11 0.08 1.00 0.06 0.11 0.08 1.00 0.24 0.89 0.37 1.00 0.08 0.20 0.10 1.00 0.27 1.00 0.41 1.00 0.28 1.00 0.48 1.00 0.35 1.00 0.58 1.00 0.28 0.89 0.38 1.00 0.10 0.30 0.13 1.00 0.10 0.30 0.13 1.00 0.35 1.00 0.58 1.00 0.38 1.00 0.64 1.00 0.11 0.38 0.15 1.00 0.31 1.00 0.48 1.00 0.09 0.31 0.13 1.00 0.36 1.00 0.63 1.00 0.09 0.31 0.13 1.00 0.09 0.31 0.13 1.00 0.36 1.00 0.62 1.00 0.28 1.00 0.48 1.00 0.24 0.98 0.39 1.00 0.24 0.98 0.39 1.00 0.19 0.58 0.31 1.00 0.24 0.95 0.38 1.00 0.24 0.95 0.38 1.00 0.28 1.00 0.47 1.00 0.35 1.00 0.61 1.00 0.35 1.00 0.61 1.00 0.38 1.00 0.66 1.00 0.36 1.00 0.62 1.00 0.38 1.00 0.66 1.00 0.34 1.00 0.52 1.00 0.36 1.00 0.56 1.00 0.33 1.00 1.00 1.00 0.29 1.00 0.41 1.00 0.34 1.00 0.52 1.00 0.20 0.42 0.25 1.00 0.28 1.00 0.41 1.00 0.21 0.57 0.29 1.00 0.20 0.42 0.25 1.00 0.19 0.31 0.22 1.00 0.21 0.57 0.29 1.00 0.19 0.41 0.25 1.00 0.20 0.36 0.24 1.00 0.21 0.54 0.29 1.00 0.20 0.36 0.24 1.00 0.28 0.88 0.38 1.00 0.21 0.54 0.29 1.00 0.28 0.97 0.40 1.00 0.33 1.00 0.49 1.00 0.38 1.00 0.58 1.00 0.33 1.00 0.49 1.00 0.33 1.00 0.50 1.00 0.34 1.00 0.52 1.00 0.27 0.82 0.36 1.00 0.27 1.00 0.41 1.00 0.28 0.89 0.38 1.00 0.08 0.20 0.10 1.00 0.23 0.73 0.33 1.00 0.19 0.41 0.25 1.00 0.06 0.13 0.08 1.00 0.06 0.12 0.08 1.00 0.28 1.00 0.48 1.00 0.36 1.00 0.62 1.00 0.34 1.00 0.52 1.00 0.36 1.00 0.62 1.00 0.24 0.98 0.39 1.00 0.24 0.98 0.39 1.00 0.19 0.58 0.31 1.00 0.24 0.95 0.38 1.00 0.28 1.00 0.47 1.00 0.24 0.95 0.38 1.00 0.35 1.00 0.61 1.00 0.33 1.00 0.50 1.00 0.35 1.00 0.61 1.00 0.10 0.14 0.10 1.00 0.37 1.00 0.45 1.00 0.35 0.56 0.35 1.00 0.09 0.14 0.09 1.00 0.08 0.13 0.11 1.00 0.08 0.12 0.11 1.00 0.09 0.15 0.13 1.00 0.22 0.28 0.26 1.00 0.11 0.25 0.16 1.00 0.22 0.28 0.26 1.00 0.34 0.70 0.45 1.00 0.08 0.11 0.10 1.00 0.10 0.16 0.11 1.00 0.22 0.30 0.27 1.00 0.40 0.56 0.50 1.00 0.08 0.06 0.15 1.00 0.08 0.06 0.15 1.00 0.62 1.00 1.00 1.00 0.58 1.00 0.94 1.00 0.25 0.39 0.34 1.00 0.25 0.38 0.34 1.00 0.25 0.40 0.35 1.00 0.22 0.31 0.28 1.00 0.08 0.06 0.15 1.00 0.22 0.29 0.26 1.00 0.26 0.40 0.35 1.00 0.25 0.39 0.34 1.00 0.25 0.38 0.34 1.00 0.22 0.29 0.26 1.00 </float_array>
                    <technique_common>
                        <accessor source="#geom-03B290C4-colors-array" count="2544" stride="4">
                            <param name="R" type="float" />
                            <param name="G" type="float" />
                            <param name="B" type="float" />
                            <param name="A" type="float" />
                        </accessor>
                    </technique_common>
                </source>
                <vertices id="geom-03B290C4-vtx">
                    <input semantic="POSITION" source="#geom-03B290C4-pos" />
                </vertices>
                <triangles count="2040" material="material-01807651-symbol">
                    <input semantic="VERTEX" source="#geom-03B290C4-vtx" offset="0" />
                    <input semantic="TEXCOORD" source="#geom-03B290C4-texcoord" offset="0" />
                    <input semantic="COLOR" source="#geom-03B290C4-colors" offset="0" />
                    <p>0 1 2 2 1 3 4 5 6 6 5 7 8 9 10 10 9 11 12 13 14 15 16 17 18 19 20 20 19 21 22 23 24 24 23 25 26 27 28 28 27 29 30 31 32 33 34 35 36 37 38 38 37 39 40 41 42 42 41 43 44 45 46 46 45 47 48 49 50 51 52 53 54 55 56 56 55 57 57 55 169 169 55 170 58 59 60 60 59 61 60 61 68 68 61 69 68 69 74 74 69 75 74 75 76 76 75 77 62 63 64 65 66 67 70 71 72 72 71 73 95 72 73 72 95 96 96 95 97 95 73 91 91 73 92 91 92 93 93 92 94 73 98 92 73 71 98 98 71 173 92 98 99 98 100 99 99 100 101 78 79 80 80 79 81 79 82 81 79 88 82 87 88 79 82 83 81 81 83 84 83 85 84 83 90 85 89 90 83 85 86 84 102 103 104 102 123 103 122 123 102 104 103 105 106 107 108 108 107 109 110 111 112 112 111 113 114 115 116 116 115 117 118 119 120 120 119 121 124 125 126 126 125 127 128 129 130 130 129 131 132 133 134 134 133 135 136 137 138 138 137 139 149 139 137 148 139 149 140 141 142 142 141 143 144 145 146 146 145 147 150 151 152 152 151 153 153 151 171 171 151 172 154 155 156 174 154 156 154 175 155 157 158 159 159 158 160 161 162 163 163 162 164 165 166 167 167 166 168 176 177 178 178 177 179 179 177 291 291 177 292 180 181 182 182 181 183 182 183 190 190 183 191 190 191 196 196 191 197 196 197 198 198 197 199 184 185 186 187 188 189 192 193 194 194 193 195 217 194 195 194 217 218 218 217 219 217 195 213 213 195 214 213 214 215 215 214 216 195 220 214 195 193 220 220 193 295 214 220 221 220 222 221 221 222 223 200 201 202 202 201 203 201 204 203 201 210 204 209 210 201 204 205 203 203 205 206 205 207 206 205 212 207 211 212 205 207 208 206 224 225 226 224 245 225 244 245 224 226 225 227 228 229 230 230 229 231 232 233 234 234 233 235 236 237 238 238 237 239 240 241 242 242 241 243 246 247 248 248 247 249 250 251 252 252 251 253 254 255 256 256 255 257 258 259 260 260 259 261 271 261 259 270 261 271 262 263 264 264 263 265 266 267 268 268 267 269 272 273 274 274 273 275 275 273 293 293 273 294 276 277 278 296 276 278 276 297 277 279 280 281 281 280 282 283 284 285 285 284 286 287 288 289 289 288 290 298 299 300 300 299 301 301 299 413 413 299 414 302 303 304 304 303 305 304 305 312 312 305 313 312 313 318 318 313 319 318 319 320 320 319 321 306 307 308 309 310 311 314 315 316 316 315 317 339 316 317 316 339 340 340 339 341 339 317 335 335 317 336 335 336 337 337 336 338 317 342 336 317 315 342 342 315 417 336 342 343 342 344 343 343 344 345 322 323 324 324 323 325 323 326 325 323 332 326 331 332 323 326 327 325 325 327 328 327 329 328 327 334 329 333 334 327 329 330 328 346 347 348 346 367 347 366 367 346 348 347 349 350 351 352 352 351 353 354 355 356 356 355 357 358 359 360 360 359 361 362 363 364 364 363 365 368 369 370 370 369 371 372 373 374 374 373 375 376 377 378 378 377 379 380 381 382 382 381 383 393 383 381 392 383 393 384 385 386 386 385 387 388 389 390 390 389 391 394 395 396 396 395 397 397 395 415 415 395 416 398 399 400 418 398 400 398 419 399 401 402 403 403 402 404 405 406 407 407 406 408 409 410 411 411 410 412 420 421 422 422 421 423 423 421 535 535 421 536 424 425 426 426 425 427 426 427 434 434 427 435 434 435 440 440 435 441 440 441 442 442 441 443 428 429 430 431 432 433 436 437 438 438 437 439 461 438 439 438 461 462 462 461 463 461 439 457 457 439 458 457 458 459 459 458 460 439 464 458 439 437 464 464 437 539 458 464 465 464 466 465 465 466 467 444 445 446 446 445 447 445 448 447 445 454 448 453 454 445 448 449 447 447 449 450 449 451 450 449 456 451 455 456 449 451 452 450 468 469 470 468 489 469 488 489 468 470 469 471 472 473 474 474 473 475 476 477 478 478 477 479 480 481 482 482 481 483 484 485 486 486 485 487 490 491 492 492 491 493 494 495 496 496 495 497 498 499 500 500 499 501 502 503 504 504 503 505 515 505 503 514 505 515 506 507 508 508 507 509 510 511 512 512 511 513 516 517 518 518 517 519 519 517 537 537 517 538 520 521 522 540 520 522 520 541 521 523 524 525 525 524 526 527 528 529 529 528 530 531 532 533 533 532 534 542 543 544 544 543 545 546 547 548 548 547 549 550 551 552 552 551 553 554 555 556 557 558 559 560 561 562 562 561 563 564 565 566 566 565 567 568 569 570 570 569 571 572 573 574 575 576 577 578 579 580 580 579 581 582 583 584 584 583 585 586 587 588 588 587 589 590 591 592 593 594 595 596 597 598 598 597 599 599 597 711 711 597 712 600 601 602 602 601 603 602 603 610 610 603 611 610 611 616 616 611 617 616 617 618 618 617 619 604 605 606 607 608 609 612 613 614 614 613 615 637 614 615 614 637 638 638 637 639 637 615 633 633 615 634 633 634 635 635 634 636 615 640 634 615 613 640 640 613 715 634 640 641 640 642 641 641 642 643 620 621 622 622 621 623 621 624 623 621 630 624 629 630 621 624 625 623 623 625 626 625 627 626 625 632 627 631 632 625 627 628 626 644 645 646 644 665 645 664 665 644 646 645 647 648 649 650 650 649 651 652 653 654 654 653 655 656 657 658 658 657 659 660 661 662 662 661 663 666 667 668 668 667 669 670 671 672 672 671 673 674 675 676 676 675 677 678 679 680 680 679 681 691 681 679 690 681 691 682 683 684 684 683 685 686 687 688 688 687 689 692 693 694 694 693 695 695 693 713 713 693 714 696 697 698 716 696 698 696 717 697 699 700 701 701 700 702 703 704 705 705 704 706 707 708 709 709 708 710 718 719 720 720 719 721 721 719 833 833 719 834 722 723 724 724 723 725 724 725 732 732 725 733 732 733 738 738 733 739 738 739 740 740 739 741 726 727 728 729 730 731 734 735 736 736 735 737 759 736 737 736 759 760 760 759 761 759 737 755 755 737 756 755 756 757 757 756 758 737 762 756 737 735 762 762 735 837 756 762 763 762 764 763 763 764 765 742 743 744 744 743 745 743 746 745 743 752 746 751 752 743 746 747 745 745 747 748 747 749 748 747 754 749 753 754 747 749 750 748 766 767 768 766 787 767 786 787 766 768 767 769 770 771 772 772 771 773 774 775 776 776 775 777 778 779 780 780 779 781 782 783 784 784 783 785 788 789 790 790 789 791 792 793 794 794 793 795 796 797 798 798 797 799 800 801 802 802 801 803 813 803 801 812 803 813 804 805 806 806 805 807 808 809 810 810 809 811 814 815 816 816 815 817 817 815 835 835 815 836 818 819 820 838 818 820 818 839 819 821 822 823 823 822 824 825 826 827 827 826 828 829 830 831 831 830 832 840 841 842 842 841 843 843 841 955 955 841 956 844 845 846 846 845 847 846 847 854 854 847 855 854 855 860 860 855 861 860 861 862 862 861 863 848 849 850 851 852 853 856 857 858 858 857 859 881 858 859 858 881 882 882 881 883 881 859 877 877 859 878 877 878 879 879 878 880 859 884 878 859 857 884 884 857 959 878 884 885 884 886 885 885 886 887 864 865 866 866 865 867 865 868 867 865 874 868 873 874 865 868 869 867 867 869 870 869 871 870 869 876 871 875 876 869 871 872 870 888 889 890 888 909 889 908 909 888 890 889 891 892 893 894 894 893 895 896 897 898 898 897 899 900 901 902 902 901 903 904 905 906 906 905 907 910 911 912 912 911 913 914 915 916 916 915 917 918 919 920 920 919 921 922 923 924 924 923 925 935 925 923 934 925 935 926 927 928 928 927 929 930 931 932 932 931 933 936 937 938 938 937 939 939 937 957 957 937 958 940 941 942 960 940 942 940 961 941 943 944 945 945 944 946 947 948 949 949 948 950 951 952 953 953 952 954 962 963 964 964 963 965 965 963 1077 1077 963 1078 966 967 968 968 967 969 968 969 976 976 969 977 976 977 982 982 977 983 982 983 984 984 983 985 970 971 972 973 974 975 978 979 980 980 979 981 1003 980 981 980 1003 1004 1004 1003 1005 1003 981 999 999 981 1000 999 1000 1001 1001 1000 1002 981 1006 1000 981 979 1006 1006 979 1081 1000 1006 1007 1006 1008 1007 1007 1008 1009 986 987 988 988 987 989 987 990 989 987 996 990 995 996 987 990 991 989 989 991 992 991 993 992 991 998 993 997 998 991 993 994 992 1010 1011 1012 1010 1031 1011 1030 1031 1010 1012 1011 1013 1014 1015 1016 1016 1015 1017 1018 1019 1020 1020 1019 1021 1022 1023 1024 1024 1023 1025 1026 1027 1028 1028 1027 1029 1032 1033 1034 1034 1033 1035 1036 1037 1038 1038 1037 1039 1040 1041 1042 1042 1041 1043 1044 1045 1046 1046 1045 1047 1057 1047 1045 1056 1047 1057 1048 1049 1050 1050 1049 1051 1052 1053 1054 1054 1053 1055 1058 1059 1060 1060 1059 1061 1061 1059 1079 1079 1059 1080 1062 1063 1064 1082 1062 1064 1062 1083 1063 1065 1066 1067 1067 1066 1068 1069 1070 1071 1071 1070 1072 1073 1074 1075 1075 1074 1076 </p>
                </triangles>
            </mesh>
        </geometry>
        <geometry id="geom-014716E8" name="geom-014716E8">
            <mesh>
                <source id="geom-014716E8-pos">
                    <float_array id="geom-014716E8-pos-array" count="4380">1825.88 110.00 2462.20 1805.88 110.00 2427.56 1775.08 110.00 2474.20 1891.06 110.00 2615.09 1868.56 110.00 2576.12 1852.09 110.00 2637.59 1813.58 110.00 2555.90 1753.12 110.00 2556.17 1791.62 110.00 2637.86 1852.09 110.00 2637.59 1844.12 110.00 2728.79 1897.09 110.00 2715.53 2034.42 110.00 2428.40 2064.88 110.00 2376.17 1982.92 110.00 2354.20 2168.88 110.00 2541.29 2206.85 110.00 2502.05 2116.38 110.00 2450.36 2146.85 110.00 2398.13 1789.00 110.00 2419.00 1753.97 110.00 2358.43 1730.08 110.00 2396.26 1685.08 110.00 2318.32 1719.14 110.00 2298.20 1823.20 110.00 2417.56 1858.50 110.00 2379.00 1928.00 110.00 2339.00 1937.92 110.00 2276.26 1892.97 110.00 2278.43 1892.92 110.00 2198.32 1857.94 110.00 2217.86 2130.91 110.00 2580.53 2221.38 110.00 2632.22 2175.91 110.00 2658.48 1896.62 110.00 2819.72 1851.16 110.00 2845.98 1791.16 110.00 2742.05 2085.91 110.00 2502.59 2024.44 110.00 2486.12 2046.94 110.00 2525.09 1967.12 110.00 2426.84 1909.80 110.00 2367.56 1927.12 110.00 2357.56 1731.16 110.00 2638.13 1942.09 110.00 2793.48 2266.85 110.00 2605.98 1852.07 110.00 2400.89 1880.93 110.00 2384.22 1845.88 110.00 2496.84 1865.88 110.00 2531.48 1885.88 110.00 2566.12 1947.12 110.00 2392.20 1987.12 110.00 2461.48 2007.12 110.00 2496.12 1753.02 170.00 2256.00 1764.91 170.00 2276.59 1753.02 130.00 2256.00 1764.91 130.00 2276.59 1790.89 210.00 2261.59 1779.00 210.00 2241.00 1816.87 210.00 2246.59 1804.98 210.00 2226.00 1816.87 210.00 2246.59 1804.98 210.00 2226.00 1816.87 170.00 2246.59 1804.98 170.00 2226.00 1790.89 210.00 2261.59 1816.87 210.00 2246.59 1790.89 230.00 2261.59 1816.87 230.00 2246.59 1764.91 130.00 2276.59 1764.91 170.00 2276.59 1747.59 130.00 2286.59 1747.59 170.00 2286.59 1816.87 130.00 2246.59 1834.19 130.00 2236.59 1816.87 170.00 2246.59 1834.19 170.00 2236.59 1764.91 210.00 2276.59 1764.91 230.00 2276.59 1747.59 210.00 2286.59 1747.59 230.00 2286.59 1764.91 210.00 2276.59 1753.02 210.00 2256.00 1828.63 230.00 2226.97 1811.31 230.00 2236.97 1834.19 230.00 2236.59 1816.87 230.00 2246.59 1742.03 170.00 2276.97 1742.03 130.00 2276.97 1747.59 170.00 2286.59 1747.59 130.00 2286.59 1834.19 210.00 2236.59 1828.63 210.00 2226.97 1834.19 230.00 2236.59 1828.63 230.00 2226.97 1785.33 230.00 2251.97 1759.35 230.00 2266.97 1790.89 230.00 2261.59 1764.91 230.00 2276.59 1764.91 210.00 2276.59 1753.02 210.00 2256.00 1816.87 130.00 2246.59 1804.98 130.00 2226.00 1816.87 110.00 2246.59 1804.98 110.00 2226.00 1747.59 210.00 2286.59 1747.59 170.00 2286.59 1764.91 210.00 2276.59 1764.91 170.00 2276.59 1816.87 210.00 2246.59 1834.19 210.00 2236.59 1816.87 230.00 2246.59 1834.19 230.00 2236.59 1747.59 210.00 2286.59 1747.59 230.00 2286.59 1742.03 210.00 2276.97 1742.03 230.00 2276.97 1828.63 170.00 2226.97 1834.19 170.00 2236.59 1828.63 130.00 2226.97 1834.19 130.00 2236.59 1764.91 210.00 2276.59 1764.91 230.00 2276.59 1816.87 210.00 2246.59 1816.87 170.00 2246.59 1834.19 210.00 2236.59 1834.19 170.00 2236.59 1742.03 210.00 2276.97 1747.59 210.00 2286.59 1764.91 110.00 2276.59 1764.91 130.00 2276.59 1747.59 110.00 2286.59 1747.59 130.00 2286.59 1764.91 130.00 2276.59 1764.91 110.00 2276.59 1753.02 130.00 2256.00 1753.02 110.00 2256.00 1816.87 110.00 2246.59 1834.19 110.00 2236.59 1816.87 130.00 2246.59 1834.19 130.00 2236.59 1834.19 130.00 2236.59 1834.19 110.00 2236.59 1828.63 130.00 2226.97 1828.63 110.00 2226.97 1804.98 130.00 2226.00 1816.87 130.00 2246.59 1747.59 130.00 2286.59 1742.03 130.00 2276.97 1747.59 110.00 2286.59 1742.03 110.00 2276.97 1828.63 210.00 2226.97 1834.19 210.00 2236.59 1816.87 230.00 2246.59 1811.31 230.00 2236.97 1790.89 230.00 2261.59 1785.33 230.00 2251.97 1764.91 230.00 2276.59 1759.35 230.00 2266.97 1747.59 230.00 2286.59 1742.03 230.00 2276.97 1942.09 170.00 2793.48 1942.09 140.00 2793.48 1896.62 170.00 2819.72 1896.62 110.00 2819.72 1942.09 110.00 2793.48 1791.15 170.00 2742.05 1791.16 110.00 2742.05 1731.16 170.00 2638.13 1731.16 110.00 2638.13 2206.85 110.00 2502.05 2206.85 170.00 2502.05 2146.85 110.00 2398.13 2146.85 170.00 2398.13 2064.88 110.00 2376.17 2064.88 170.00 2376.17 1982.92 110.00 2354.20 1982.92 170.00 2354.20 1892.92 170.00 2198.32 1892.92 110.00 2198.32 1937.92 170.00 2276.26 1937.92 110.00 2276.26 1775.08 110.00 2474.20 1730.08 110.00 2396.26 1775.08 170.00 2474.20 1730.08 170.00 2396.26 1731.16 110.00 2638.13 1753.12 110.00 2556.17 1731.16 170.00 2638.13 1753.12 170.00 2556.17 2266.85 110.00 2605.98 2221.38 110.00 2632.22 2266.85 170.00 2605.98 2221.38 170.00 2632.22 2210.49 170.00 2501.46 2149.12 170.00 2395.16 1985.20 170.00 2351.24 2067.16 170.00 2373.20 1940.81 170.00 2273.77 1896.43 170.00 2196.30 2224.90 170.00 2634.86 2271.86 170.00 2607.75 1944.11 170.00 2796.98 1897.15 170.00 2824.09 1788.82 170.00 2744.91 1727.45 170.00 2638.62 1771.37 170.00 2474.69 1726.47 170.00 2397.52 1749.41 170.00 2556.66 1727.45 170.00 2638.62 2266.85 110.00 2605.98 2266.85 170.00 2605.98 2206.85 110.00 2502.05 2206.85 170.00 2502.05 2210.49 170.00 2501.46 2271.86 170.00 2607.75 1791.15 170.00 2742.05 1788.82 170.00 2744.91 1851.16 170.00 2845.98 1850.19 170.00 2851.20 1851.16 110.00 2845.98 1791.16 110.00 2742.05 2146.85 110.00 2398.13 2146.85 170.00 2398.13 2064.88 110.00 2376.17 2064.88 170.00 2376.17 2067.16 170.00 2373.20 2149.12 170.00 2395.16 1753.12 170.00 2556.17 1753.12 110.00 2556.17 1775.08 170.00 2474.20 1775.08 110.00 2474.20 1749.41 170.00 2556.66 1771.37 170.00 2474.69 1937.92 170.00 2276.26 1937.92 110.00 2276.26 1982.92 170.00 2354.20 1982.92 110.00 2354.20 1940.81 170.00 2273.77 1985.20 170.00 2351.24 1730.08 170.00 2396.26 1730.08 110.00 2396.26 1685.08 170.00 2318.32 1685.08 110.00 2318.32 1726.47 170.00 2397.52 1681.57 170.00 2320.34 1851.16 170.00 2845.98 1851.16 110.00 2845.98 2175.91 170.00 2658.48 2175.91 140.00 2658.48 2175.91 110.00 2658.48 1850.19 170.00 2851.20 2177.94 170.00 2661.98 2175.91 450.00 2658.48 2221.38 390.00 2632.22 2177.94 450.00 2661.98 2224.90 390.00 2634.86 2175.91 330.00 2658.48 2175.91 390.00 2658.48 2177.94 330.00 2661.98 2177.94 390.00 2661.98 2206.85 330.00 2502.05 2146.85 330.00 2398.13 2210.49 330.00 2501.46 2149.12 330.00 2395.16 2064.88 330.00 2376.17 2067.16 330.00 2373.20 2146.85 330.00 2398.13 2149.12 330.00 2395.16 1982.92 330.00 2354.20 1937.92 330.00 2276.26 1985.20 330.00 2351.24 1940.81 330.00 2273.77 2175.91 203.16 2658.48 2175.91 250.00 2658.48 2177.94 203.16 2661.98 2177.94 250.00 2661.98 1896.62 390.00 2819.72 1897.15 390.00 2824.09 1851.15 330.00 2845.98 1850.19 330.00 2851.20 1944.11 390.49 2796.98 1942.09 390.00 2793.48 1944.11 330.00 2796.98 1942.09 330.00 2793.48 1942.09 250.00 2793.48 1944.11 250.00 2796.98 1791.15 330.00 2742.05 1788.82 330.00 2744.91 1731.16 330.00 2638.13 1727.45 330.00 2638.62 1730.08 330.00 2396.26 1726.47 330.00 2397.52 1685.08 330.00 2318.32 1680.16 330.00 2317.90 1775.08 330.00 2474.20 1753.12 330.00 2556.17 1771.37 330.00 2474.69 1749.41 330.00 2556.66 2266.85 330.00 2605.98 2271.86 330.00 2607.75 1851.15 330.00 2845.98 1850.19 330.00 2851.20 1985.20 330.00 2351.24 1982.92 330.00 2354.20 1731.16 330.00 2638.13 1727.45 330.00 2638.62 1892.92 330.00 2198.32 1895.02 329.94 2193.85 1771.37 330.00 2474.69 1775.08 330.00 2474.20 1944.11 203.16 2796.98 1942.09 203.16 2793.48 1944.11 170.00 2796.98 1942.09 170.00 2793.48 2059.00 450.00 2725.98 2117.46 450.00 2692.22 2108.04 450.00 2733.92 2159.02 450.00 2668.23 2163.09 450.00 2675.28 2159.02 330.00 2668.23 2163.09 372.50 2675.28 2159.02 390.00 2668.23 2163.09 450.00 2675.28 2159.02 203.16 2668.23 2163.09 217.50 2675.28 2159.02 250.00 2668.23 2163.09 295.00 2675.28 1958.98 140.00 2783.72 1958.98 203.16 2783.72 1963.06 140.00 2790.77 1963.06 217.50 2790.77 1958.98 330.00 2783.72 1958.98 390.00 2783.72 1963.06 372.50 2790.77 1963.06 450.00 2790.77 1958.98 450.00 2783.72 1958.98 250.00 2783.72 1963.06 295.00 2790.77 2159.02 140.00 2668.23 2163.09 140.00 2675.28 2041.36 450.00 2772.42 2000.54 450.00 2759.72 1958.98 450.00 2783.72 1963.06 450.00 2790.77 1895.02 329.94 2193.85 1892.92 330.00 2198.32 1846.32 330.00 2221.97 1847.46 330.00 2224.57 2175.91 170.00 2658.48 2177.94 170.00 2661.98 1942.09 450.00 2793.48 1944.11 450.00 2796.98 2177.94 450.00 2661.98 2175.91 450.00 2658.48 1944.11 450.00 2796.98 1942.09 450.00 2793.48 2266.85 330.00 2605.98 2271.86 330.00 2607.75 1789.00 330.00 2258.32 1787.59 330.00 2255.88 1680.16 330.00 2317.90 1723.25 330.00 2293.02 1685.08 330.00 2318.32 1725.58 330.00 2294.94 1776.23 330.00 2262.44 1778.39 330.00 2264.45 1942.09 330.00 2793.48 1942.09 390.00 2793.48 1958.98 330.00 2783.72 1958.98 390.00 2783.72 2159.02 450.00 2668.23 2175.91 450.00 2658.48 2159.02 390.00 2668.23 2175.91 390.00 2658.48 1937.92 350.00 2276.26 1937.92 330.00 2276.26 1982.92 350.00 2354.20 1982.92 330.00 2354.20 2064.88 350.00 2376.17 2064.88 330.00 2376.17 2146.85 350.00 2398.13 2146.85 330.00 2398.13 2206.85 350.00 2502.05 2206.85 330.00 2502.05 2266.85 330.00 2605.98 2221.38 390.00 2632.22 2266.85 350.00 2605.98 2221.38 410.00 2632.22 2175.91 470.00 2658.48 2175.91 450.00 2658.48 2117.46 470.00 2692.22 2117.46 450.00 2692.22 1942.09 470.00 2793.48 1942.09 450.00 2793.48 1896.62 410.00 2819.72 1896.62 390.00 2819.72 1791.16 350.00 2742.05 1791.15 330.00 2742.05 1731.16 350.00 2638.13 1731.16 330.00 2638.13 1753.12 350.00 2556.17 1753.12 330.00 2556.17 1775.08 350.00 2474.20 1775.08 330.00 2474.20 1730.08 350.00 2396.26 1730.08 330.00 2396.26 1685.08 350.00 2318.32 1685.08 330.00 2318.32 1958.98 250.00 2783.72 1942.09 250.00 2793.48 2175.91 250.00 2658.48 2159.02 250.00 2668.23 2175.91 330.00 2658.48 2159.02 330.00 2668.23 1789.00 350.00 2258.32 1789.00 330.00 2258.32 1847.46 350.00 2224.57 1847.46 330.00 2224.57 2266.85 350.00 2605.98 2266.85 330.00 2605.98 1851.16 350.00 2845.98 1851.15 330.00 2845.98 1892.92 350.00 2198.32 1892.92 330.00 2198.32 2175.91 140.00 2658.48 2159.02 140.00 2668.23 2175.91 170.00 2658.48 2159.02 203.16 2668.23 2175.91 203.16 2658.48 1942.09 203.16 2793.48 1958.98 203.16 2783.72 1942.09 170.00 2793.48 1958.98 140.00 2783.72 1942.09 140.00 2793.48 1958.98 203.16 2783.72 1942.09 203.16 2793.48 2059.00 470.00 2725.98 2059.00 450.00 2725.98 2000.54 470.00 2759.72 2000.54 450.00 2759.72 1892.92 350.00 2198.32 1892.92 330.00 2198.32 1942.09 470.00 2793.48 1942.09 450.00 2793.48 2175.91 203.16 2658.48 2159.02 203.16 2668.23 1958.98 450.00 2783.72 1942.09 450.00 2793.48 1851.16 350.00 2845.98 1851.15 330.00 2845.98 2175.91 450.00 2658.48 2175.91 470.00 2658.48 1685.08 350.00 2318.32 1685.08 330.00 2318.32 1711.20 350.00 2303.24 1725.58 330.00 2294.94 1778.39 330.00 2264.45 1829.98 340.46 2374.38 1806.56 367.00 2356.36 1859.80 350.00 2392.96 1789.34 340.46 2414.00 1768.79 360.94 2373.70 1756.92 338.91 2380.76 1756.92 338.91 2380.76 1768.79 360.94 2373.70 1723.12 350.25 2300.85 1734.78 374.18 2288.58 1774.01 369.88 2282.02 1775.08 350.25 2270.85 1766.21 409.16 2198.89 1773.51 397.22 2184.72 1723.12 350.25 2300.85 1734.78 374.18 2288.58 1721.54 397.22 2214.72 1736.99 412.62 2215.07 1775.08 350.25 2270.85 1774.01 369.88 2282.02 1808.88 338.91 2350.76 1806.56 367.00 2356.36 1801.09 316.38 2355.26 1765.63 329.02 2272.47 1808.88 338.91 2350.76 1775.08 350.25 2270.85 1746.73 320.25 2281.74 1742.78 368.76 2191.50 1765.63 329.02 2272.47 1762.39 377.30 2183.46 1729.26 329.02 2293.47 1726.02 377.30 2204.46 1723.12 350.25 2300.85 1721.54 397.22 2214.72 1775.08 350.25 2270.85 1773.51 397.22 2184.72 1782.90 307.38 2365.76 1746.73 320.25 2281.74 1764.72 316.38 2376.26 1729.26 329.02 2293.47 1723.12 350.25 2300.85 1756.92 338.91 2380.76 1808.88 338.91 2350.76 1830.50 350.00 2442.20 2013.76 465.42 2530.39 2024.24 470.00 2579.77 2011.29 450.46 2543.94 2025.13 456.03 2594.45 1998.31 439.98 2498.86 1981.86 427.38 2508.37 1997.38 439.17 2554.86 1966.99 439.94 2516.95 1981.69 449.94 2555.84 1960.01 446.36 2523.77 1974.86 465.42 2554.00 1958.32 455.45 2520.38 1976.02 413.46 2467.89 1977.94 435.50 2456.38 1998.31 439.98 2498.86 2001.81 454.45 2489.25 1870.30 326.00 2411.14 1882.46 350.00 2412.20 1947.60 380.00 2445.03 1930.78 386.00 2425.88 1962.81 406.08 2478.74 1947.60 380.00 2445.03 1936.80 380.58 2461.56 1936.80 380.58 2461.56 1862.95 325.00 2430.40 1918.48 388.26 2465.29 1945.58 412.58 2484.68 1918.48 388.26 2465.29 1847.18 332.44 2438.90 1929.73 430.00 2477.87 1908.36 407.00 2463.07 1908.36 407.00 2463.07 1833.10 340.41 2445.06 1830.50 350.00 2442.20 1870.30 326.00 2411.14 1831.33 314.91 2385.72 1859.80 350.00 2392.96 1829.98 340.46 2374.38 1818.56 309.91 2400.60 1801.09 316.38 2355.26 1782.90 307.38 2365.76 1800.12 318.41 2410.67 1764.72 316.38 2376.26 1789.34 340.46 2414.00 1756.92 338.91 2380.76 1877.95 411.18 2519.30 1914.75 434.52 2529.16 1872.69 419.87 2515.53 1910.26 445.21 2525.25 1919.80 427.10 2522.88 1960.01 446.36 2523.77 1966.99 439.94 2516.95 1883.82 414.38 2497.07 1914.47 436.51 2504.18 1890.36 408.30 2502.75 1918.94 427.66 2510.73 1942.98 453.00 2497.36 1949.09 438.38 2500.31 1861.57 387.88 2505.39 1854.14 394.15 2499.64 1849.05 368.10 2486.77 1840.91 375.34 2480.68 1833.10 340.41 2445.06 1830.50 350.00 2442.20 1867.38 369.95 2472.35 1847.18 332.44 2438.90 1854.06 350.58 2444.12 1877.37 388.07 2492.23 1872.45 396.15 2487.34 1808.88 338.91 2350.76 1862.95 325.00 2430.40 1847.18 332.44 2438.90 1833.10 340.41 2445.06 1830.50 350.00 2442.20 1949.17 401.00 2433.74 1981.86 427.38 2508.37 1966.99 439.94 2516.95 1949.09 438.38 2500.31 1942.98 453.00 2497.36 2010.17 443.97 2607.40 2019.24 447.78 2602.97 2001.81 454.45 2489.25 1998.45 447.23 2605.87 1991.66 453.55 2600.91 1983.33 470.00 2584.91 1887.05 405.68 2512.66 1872.44 383.45 2501.34 1861.60 365.41 2482.63 1958.32 455.45 2520.38 1856.96 369.00 2450.02 1863.30 377.95 2466.30 2049.80 105.60 2675.50 2057.59 105.60 2659.71 2049.76 140.00 2675.47 2057.54 140.00 2659.70 2058.74 105.60 2642.14 2058.69 140.00 2642.15 2058.74 105.60 2642.14 2053.08 105.60 2625.47 2058.69 140.00 2642.15 2053.04 140.00 2625.49 2041.47 105.60 2612.23 2041.44 140.00 2612.27 2041.47 105.60 2612.23 2025.68 105.60 2604.44 2041.44 140.00 2612.27 2025.67 140.00 2604.49 2008.11 105.60 2603.29 2008.12 140.00 2603.34 2008.11 105.60 2603.29 1991.44 105.60 2608.95 2008.12 140.00 2603.34 1991.46 140.00 2608.99 1978.20 105.60 2620.56 1978.24 140.00 2620.59 1978.20 105.60 2620.56 1970.41 105.60 2636.35 1978.24 140.00 2620.59 1970.46 140.00 2636.36 1969.26 105.60 2653.92 1969.31 140.00 2653.92 1969.26 105.60 2653.92 1974.92 105.60 2670.60 1969.31 140.00 2653.92 1974.96 140.00 2670.57 1986.53 105.60 2683.83 1986.56 140.00 2683.80 1986.53 105.60 2683.83 2002.32 105.60 2691.62 1986.56 140.00 2683.80 2002.33 140.00 2691.58 2019.89 105.60 2692.77 2019.88 140.00 2692.72 2019.89 105.60 2692.77 2036.52 105.60 2687.04 2019.88 140.00 2692.72 2036.54 140.00 2687.07 2049.80 105.60 2675.50 2049.76 140.00 2675.47 2031.08 140.00 2677.62 2041.10 140.00 2668.83 2041.10 140.00 2668.83 2047.00 140.00 2656.88 2047.87 140.00 2643.57 2047.87 140.00 2643.57 2043.59 140.00 2630.95 2034.80 140.00 2620.93 2034.80 140.00 2620.93 2022.84 140.00 2615.03 2009.54 140.00 2614.16 2009.54 140.00 2614.16 1996.92 140.00 2618.44 1986.90 140.00 2627.23 1986.90 140.00 2627.23 1981.00 140.00 2639.19 1980.13 140.00 2652.49 1980.13 140.00 2652.49 1984.41 140.00 2665.12 1993.20 140.00 2675.14 1993.20 140.00 2675.14 2005.16 140.00 2681.03 2018.46 140.00 2681.90 2018.46 140.00 2681.90 2038.83 136.67 2667.08 2044.23 136.67 2656.13 2045.03 136.67 2643.95 2047.87 140.00 2643.57 2045.03 136.67 2643.95 2041.10 136.67 2632.38 2034.80 140.00 2620.93 2033.05 136.67 2623.20 2034.80 140.00 2620.93 2033.05 136.67 2623.20 2022.10 136.67 2617.80 2009.54 140.00 2614.16 2009.92 136.67 2617.00 2009.54 140.00 2614.16 2009.92 136.67 2617.00 1998.35 136.67 2620.93 1986.90 140.00 2627.23 1989.17 136.67 2628.98 1986.90 140.00 2627.23 1989.17 136.67 2628.98 1983.77 136.67 2639.93 1980.13 140.00 2652.49 1982.97 136.67 2652.12 1980.13 140.00 2652.49 1982.97 136.67 2652.12 1986.90 136.67 2663.68 1993.20 140.00 2675.14 1994.95 136.67 2672.86 1993.20 140.00 2675.14 1994.95 136.67 2672.86 2005.90 136.67 2678.26 2018.46 140.00 2681.90 2018.08 136.67 2679.06 2018.08 136.67 2679.06 2029.65 136.67 2675.14 2038.83 136.67 2667.08 2085.91 140.00 2502.59 2085.91 110.00 2502.59 2046.94 130.00 2525.09 2046.94 110.00 2525.09 2024.44 110.00 2486.12 2035.94 120.00 2506.04 2046.94 110.00 2525.09 2024.44 120.00 2486.12 2046.94 130.00 2525.09 2035.94 130.00 2506.04 1891.06 110.00 2615.09 1880.06 120.00 2596.04 1868.56 110.00 2576.12 1868.56 120.00 2576.12 1891.06 130.00 2615.09 1880.06 130.00 2596.04 1852.09 110.00 2637.59 1852.09 140.00 2637.59 1891.06 130.00 2615.09 1891.06 110.00 2615.09 1928.32 140.00 2636.06 1925.70 140.00 2595.09 1852.09 140.00 2637.59 1969.00 140.00 2570.09 2007.57 140.00 2599.21 2012.30 140.00 2545.09 2099.68 140.00 2660.01 2108.04 140.00 2733.92 2159.02 140.00 2668.23 2093.78 140.00 2601.97 2043.98 140.00 2608.96 2056.65 140.00 2623.41 1958.00 130.00 2551.04 1914.70 130.00 2576.04 1969.00 130.00 2570.09 1925.70 130.00 2595.09 2001.30 130.00 2526.04 2012.30 130.00 2545.09 2035.94 130.00 2506.04 2046.94 130.00 2525.09 1946.50 120.00 2531.12 1903.20 120.00 2556.12 1958.00 120.00 2551.04 1914.70 120.00 2576.04 2130.91 140.00 2580.53 2130.91 110.00 2580.53 2085.91 140.00 2502.59 2085.91 110.00 2502.59 1852.09 140.00 2637.59 1852.09 110.00 2637.59 1897.09 140.00 2715.53 1897.09 110.00 2715.53 2012.30 130.00 2545.09 1969.00 130.00 2570.09 2012.30 140.00 2545.09 1969.00 140.00 2570.09 1958.00 130.00 2551.04 2001.30 130.00 2526.04 1958.00 120.00 2551.04 2001.30 120.00 2526.04 1914.70 130.00 2576.04 1914.70 120.00 2576.04 1880.06 130.00 2596.04 1880.06 120.00 2596.04 1960.93 110.00 2522.78 1989.80 120.00 2506.12 1989.80 110.00 2506.12 1885.88 120.00 2566.12 1885.88 110.00 2566.12 1868.56 120.00 2576.12 1868.56 110.00 2576.12 1925.70 140.00 2595.09 1925.70 130.00 2595.09 2007.12 120.00 2496.12 2035.94 120.00 2506.04 2024.44 120.00 2486.12 2175.91 140.00 2658.48 2175.91 110.00 2658.48 1942.09 140.00 2793.48 1942.09 110.00 2793.48 1934.22 140.00 2694.10 1984.02 140.00 2687.10 1971.35 140.00 2672.66 1965.18 140.00 2654.46 1966.43 140.00 2635.29 1981.53 140.00 2728.23 2020.43 140.00 2696.86 2001.26 140.00 2695.60 2062.83 140.00 2641.61 2061.57 140.00 2660.78 1966.43 140.00 2635.29 1965.18 140.00 2654.46 1970.41 105.60 2636.35 1969.26 105.60 2653.92 1971.35 140.00 2672.66 1974.92 105.60 2670.60 2001.26 140.00 2695.60 2020.43 140.00 2696.86 2002.32 105.60 2691.62 2019.89 105.60 2692.77 2038.58 140.00 2690.61 2036.52 105.60 2687.04 2061.57 140.00 2660.78 2062.83 140.00 2641.61 2057.59 105.60 2659.71 2058.74 105.60 2642.14 2056.65 140.00 2623.41 2053.08 105.60 2625.47 1989.38 140.00 2605.39 1974.93 140.00 2618.06 1991.44 105.60 2608.95 1978.20 105.60 2620.56 2026.75 140.00 2600.47 2007.57 140.00 2599.21 2025.68 105.60 2604.44 2008.11 105.60 2603.29 2043.98 140.00 2608.96 2041.47 105.60 2612.23 1984.02 140.00 2687.10 1986.53 105.60 2683.83 2053.07 140.00 2678.02 2049.80 105.60 2675.50 1897.09 140.00 2715.53 2041.36 140.00 2772.42 1958.98 140.00 2783.72 2130.91 140.00 2580.53 2085.91 140.00 2502.59 2046.47 140.00 2567.84 2035.94 120.00 2506.04 2035.94 130.00 2506.04 2007.12 110.00 2496.12 2007.12 120.00 2496.12 1989.80 120.00 2506.12 2001.30 120.00 2526.04 1891.06 130.00 2615.09 1880.06 130.00 2596.04 1885.88 120.00 2566.12 1880.06 120.00 2596.04 1903.20 120.00 2556.12 1932.07 110.00 2539.45 1903.20 110.00 2556.12 1974.93 140.00 2618.06 1989.38 140.00 2605.39 1969.00 140.00 2570.09 2026.75 140.00 2600.47 2024.44 110.00 2486.12 2024.44 120.00 2486.12 1868.56 120.00 2576.12 2175.91 140.00 2658.48 1942.09 140.00 2793.48 2054.15 140.00 2717.57 2053.07 140.00 2678.02 2038.58 140.00 2690.61 1963.06 140.00 2790.77 2163.09 140.00 2675.28 1946.50 120.00 2531.12 1825.88 110.00 2462.20 1843.20 110.00 2452.20 1805.88 110.00 2427.56 1823.20 110.00 2417.56 1929.80 110.00 2402.20 1947.12 110.00 2392.20 1909.80 110.00 2367.56 1927.12 110.00 2357.56 1843.20 110.00 2452.20 1825.88 110.00 2462.20 1863.20 110.00 2486.84 1845.88 110.00 2496.84 1947.12 110.00 2392.20 1929.80 110.00 2402.20 1967.12 110.00 2426.84 1949.80 110.00 2436.84 1885.88 110.00 2566.12 1903.20 110.00 2556.12 1865.88 110.00 2531.48 1883.20 110.00 2521.48 1989.80 110.00 2506.12 2007.12 110.00 2496.12 1969.80 110.00 2471.48 1987.12 110.00 2461.48 1863.20 110.00 2486.84 1845.88 110.00 2496.84 1883.20 110.00 2521.48 1865.88 110.00 2531.48 1967.12 110.00 2426.84 1949.80 110.00 2436.84 1987.12 110.00 2461.48 1969.80 110.00 2471.48 1852.07 110.00 2400.89 1823.20 110.00 2417.56 1872.07 110.00 2435.53 1843.20 110.00 2452.20 1969.80 110.00 2471.48 1940.93 110.00 2488.14 1989.80 110.00 2506.12 1960.93 110.00 2522.78 1929.80 110.00 2402.20 1900.93 110.00 2418.86 1949.80 110.00 2436.84 1920.93 110.00 2453.50 1900.93 110.00 2418.86 1920.93 110.00 2453.50 1892.07 110.00 2470.17 1892.07 110.00 2470.17 1863.20 110.00 2486.84 1912.07 110.00 2504.81 1883.20 110.00 2521.48 1909.80 110.00 2367.56 1880.93 110.00 2384.22 1880.93 110.00 2384.22 1912.07 110.00 2504.81 1883.20 110.00 2521.48 1932.07 110.00 2539.45 1903.20 110.00 2556.12 1940.93 110.00 2488.14 1960.93 110.00 2522.78 1920.93 110.00 2453.50 1940.93 110.00 2488.14 1863.20 110.00 2486.84 1949.80 110.00 2436.84 1920.93 110.00 2453.50 1969.80 110.00 2471.48 1940.93 110.00 2488.14 1791.16 350.00 2742.05 1731.16 350.00 2638.13 1836.62 410.00 2715.80 1776.62 410.00 2611.88 1775.08 350.00 2474.20 1799.65 410.00 2529.30 1753.12 350.00 2556.17 1824.64 470.00 2584.16 2053.36 470.00 2452.10 2018.35 410.00 2403.03 2101.38 410.00 2424.38 2114.24 470.00 2555.52 2161.38 410.00 2528.30 2206.85 350.00 2502.05 2146.85 350.00 2398.13 1730.08 350.00 2396.26 1775.54 350.00 2370.01 1820.54 350.00 2447.96 1937.46 350.00 2380.46 1967.46 410.00 2432.42 2057.46 470.00 2588.30 1997.46 470.00 2484.38 2221.38 410.00 2632.22 2266.85 350.00 2605.98 2175.91 470.00 2658.48 2117.46 470.00 2692.22 1896.62 410.00 2819.72 1942.09 470.00 2793.48 1883.76 470.00 2688.59 1789.00 350.00 2258.32 1847.46 350.00 2224.57 1834.00 350.00 2336.26 1892.46 350.00 2302.51 1879.00 350.00 2414.20 1999.00 470.00 2622.05 2059.00 470.00 2725.98 1940.54 470.00 2655.80 2000.54 470.00 2759.72 1939.00 470.00 2518.13 1880.54 470.00 2551.88 1909.00 410.00 2466.17 1850.54 410.00 2499.92 1937.92 350.00 2276.26 1892.92 350.00 2198.32 1982.92 350.00 2354.20 2028.23 470.00 2605.18 1968.23 470.00 2501.25 1938.23 410.00 2449.29 2064.88 350.00 2376.17 1851.16 350.00 2845.98 1796.10 350.00 2314.38 1781.43 350.00 2318.88 1759.27 350.00 2341.82 1724.54 350.00 2323.66 1685.08 350.00 2318.32 1711.20 350.00 2303.24 2126.08 431.59 2724.65 2154.98 431.59 2693.86 2126.08 390.91 2724.65 2154.98 390.91 2693.86 2126.07 276.59 2724.65 2154.98 276.59 2693.86 2126.07 235.91 2724.65 2154.98 235.91 2693.86 1983.20 199.09 2793.04 2024.32 199.09 2783.40 1983.20 158.41 2793.04 2024.32 158.41 2783.40 1983.20 354.09 2793.04 2024.32 354.09 2783.40 1983.20 313.41 2793.04 2024.32 313.41 2783.40 2060.60 199.09 2769.17 2095.60 199.09 2748.96 2060.60 158.41 2769.17 2095.60 158.41 2748.96 2060.60 354.09 2769.17 2095.60 354.09 2748.96 2060.60 313.41 2769.17 2095.60 313.41 2748.96 1983.20 276.59 2793.04 2024.32 276.59 2783.40 1983.20 235.91 2793.04 2024.32 235.91 2783.40 2126.08 199.09 2724.65 2154.98 199.09 2693.86 2126.08 158.41 2724.65 2154.98 158.41 2693.86 2060.60 276.59 2769.17 2095.60 276.59 2748.96 2060.60 235.91 2769.17 2095.60 235.91 2748.96 2126.07 354.09 2724.65 2154.98 354.09 2693.86 2126.07 313.41 2724.65 2154.98 313.41 2693.86 1983.20 431.59 2793.04 2024.32 431.59 2783.40 1983.20 390.91 2793.04 2024.32 390.91 2783.40 2060.60 431.59 2769.17 2095.60 431.59 2748.96 2060.60 390.91 2769.17 2095.60 390.91 2748.96 2108.04 450.00 2733.92 2163.09 450.00 2675.28 2106.90 446.12 2727.34 2156.45 446.12 2674.56 2163.09 372.50 2675.28 2156.45 376.38 2674.56 2108.04 372.50 2733.92 2106.90 376.38 2727.34 2108.04 295.00 2733.92 2163.09 295.00 2675.28 2106.90 291.12 2727.34 2156.45 291.12 2674.56 2163.09 217.50 2675.28 2156.45 221.37 2674.56 2108.04 217.50 2733.92 2106.90 221.37 2727.34 1963.06 217.50 2790.77 2041.36 217.50 2772.42 1965.75 213.62 2784.66 2036.23 213.62 2768.14 2041.36 140.00 2772.42 2036.23 143.88 2768.14 1963.06 140.00 2790.77 1965.75 143.88 2784.66 1963.06 372.50 2790.77 2041.36 372.50 2772.42 1965.75 368.62 2784.66 2036.23 368.62 2768.14 2041.36 295.00 2772.42 2036.23 298.88 2768.14 1963.06 295.00 2790.77 1965.75 298.88 2784.66 2041.36 217.50 2772.42 2108.04 217.50 2733.92 2042.03 213.62 2765.88 2102.04 213.62 2731.23 2108.04 140.00 2733.92 2102.04 143.88 2731.23 2041.36 140.00 2772.42 2042.03 143.88 2765.88 2041.36 372.50 2772.42 2108.04 372.50 2733.92 2042.03 368.62 2765.88 2102.04 368.62 2731.23 2108.04 295.00 2733.92 2102.04 298.88 2731.23 2041.36 295.00 2772.42 2042.03 298.88 2765.88 1963.06 295.00 2790.77 2041.36 295.00 2772.42 1965.75 291.12 2784.66 2036.23 291.12 2768.14 2041.36 217.50 2772.42 2036.23 221.38 2768.14 1963.06 217.50 2790.77 1965.75 221.38 2784.66 2108.04 217.50 2733.92 2163.09 217.50 2675.28 2106.90 213.63 2727.34 2156.45 213.63 2674.56 2163.09 140.00 2675.28 2156.45 143.88 2674.56 2108.04 140.00 2733.92 2106.90 143.88 2727.34 2041.36 295.00 2772.42 2108.04 295.00 2733.92 2042.03 291.12 2765.88 2102.04 291.12 2731.23 2108.04 217.50 2733.92 2102.04 221.38 2731.23 2041.36 217.50 2772.42 2042.03 221.38 2765.88 2108.04 372.50 2733.92 2163.09 372.50 2675.28 2106.90 368.62 2727.34 2156.45 368.62 2674.56 2163.09 295.00 2675.28 2156.45 298.88 2674.56 2108.04 295.00 2733.92 2106.90 298.88 2727.34 1963.06 450.00 2790.77 2041.36 450.00 2772.42 1965.75 446.12 2784.66 2036.23 446.12 2768.14 2041.36 372.50 2772.42 2036.23 376.38 2768.14 1963.06 372.50 2790.77 1965.75 376.38 2784.66 2041.36 450.00 2772.42 2108.04 450.00 2733.92 2042.03 446.12 2765.88 2102.04 446.12 2731.23 2108.04 372.50 2733.92 2102.04 376.38 2731.23 2041.36 372.50 2772.42 2042.03 376.38 2765.88 2114.34 435.66 2719.42 2149.02 435.66 2682.48 2149.02 386.84 2682.48 2114.34 386.84 2719.42 2114.34 280.66 2719.42 2149.02 280.66 2682.48 2149.02 231.84 2682.48 2114.34 231.84 2719.42 1976.32 203.16 2782.18 2025.66 203.16 2770.62 2025.66 154.34 2770.62 1976.32 154.34 2782.18 1976.32 358.16 2782.18 2025.66 358.16 2770.62 2025.66 309.34 2770.62 1976.32 309.34 2782.18 2051.03 203.16 2760.68 2093.04 203.16 2736.42 2093.04 154.34 2736.42 2051.03 154.34 2760.68 2051.03 358.16 2760.68 2093.04 358.16 2736.42 2093.04 309.34 2736.42 2051.03 309.34 2760.68 1976.32 280.66 2782.18 2025.66 280.66 2770.62 2025.66 231.84 2770.62 1976.32 231.84 2782.18 2114.34 203.16 2719.42 2149.02 203.16 2682.48 2149.02 154.34 2682.48 2114.34 154.34 2719.42 2051.03 280.66 2760.68 2093.04 280.66 2736.42 2093.04 231.84 2736.42 2051.03 231.84 2760.68 2114.34 358.16 2719.42 2149.02 358.16 2682.48 2149.02 309.34 2682.48 2114.34 309.34 2719.42 1976.32 435.66 2782.18 2025.66 435.66 2770.62 2025.66 386.84 2770.62 1976.32 386.84 2782.18 2051.03 435.66 2760.68 2093.04 435.66 2736.42 2093.04 386.84 2736.42 2051.03 386.84 2760.68 2126.08 431.59 2724.65 2154.98 431.59 2693.86 2154.98 390.91 2693.86 2126.08 390.91 2724.65 2093.04 231.84 2736.42 2095.60 235.91 2748.96 2177.94 450.00 2661.98 2224.90 390.00 2634.86 2177.94 390.00 2661.98 2271.86 330.00 2607.75 2224.90 330.00 2634.86 2177.94 330.00 2661.98 1944.11 390.49 2796.98 1944.11 330.00 2796.98 1897.15 390.00 2824.09 1897.15 330.00 2824.09 1897.15 250.00 2824.09 1850.19 330.00 2851.20 1850.19 250.00 2851.20 1727.45 250.00 2638.62 1788.82 250.00 2744.91 1727.45 170.00 2638.62 1788.82 170.00 2744.91 2149.12 250.00 2395.16 2210.49 250.00 2501.46 2149.12 330.00 2395.16 2210.49 330.00 2501.46 2149.12 170.00 2395.16 2067.16 170.00 2373.20 2067.16 250.00 2373.20 1985.20 250.00 2351.24 1940.81 250.00 2273.77 1985.20 170.00 2351.24 1940.81 170.00 2273.77 1681.57 170.00 2320.34 1681.57 250.00 2320.34 1726.47 170.00 2397.52 1726.47 250.00 2397.52 1771.37 170.00 2474.69 1771.37 250.00 2474.69 1749.41 170.00 2556.66 1749.41 250.00 2556.66 2224.90 250.00 2634.86 2177.94 250.00 2661.98 1789.00 230.00 2258.32 1832.30 230.00 2233.32 1788.65 250.00 2257.71 1849.27 250.00 2222.71 1728.38 170.00 2293.32 1685.08 170.00 2318.32 1719.14 110.00 2298.20 1685.08 110.00 2318.32 1857.94 110.00 2217.86 1849.62 170.00 2223.32 1832.06 110.00 2232.90 1832.30 170.00 2233.32 1681.57 250.00 2320.34 1681.57 170.00 2320.34 2271.86 250.00 2607.75 2271.86 170.00 2607.75 2210.49 170.00 2501.46 1850.19 250.00 2851.20 1850.19 330.00 2851.20 1788.82 330.00 2744.91 1985.20 330.00 2351.24 2067.16 330.00 2373.20 1727.45 330.00 2638.62 1749.41 330.00 2556.66 1940.81 330.00 2273.77 1896.43 250.00 2196.30 1895.02 329.94 2193.85 1771.37 330.00 2474.69 1726.47 330.00 2397.52 1896.43 250.00 2196.30 1892.92 170.00 2198.32 1896.43 170.00 2196.30 2224.90 170.00 2634.86 2271.86 170.00 2607.75 2271.86 250.00 2607.75 2271.86 330.00 2607.75 1896.43 170.00 2196.30 1944.11 170.00 2796.98 1897.15 170.00 2824.09 1944.11 203.16 2796.98 1944.11 250.00 2796.98 1850.19 170.00 2851.20 1680.16 330.00 2317.90 2177.94 170.00 2661.98 2177.94 203.16 2661.98 1850.19 170.00 2851.20 1728.03 250.00 2292.71 1745.70 170.00 2283.32 1745.46 110.00 2282.90 1745.70 230.00 2283.32 1892.92 110.00 2198.32 1787.59 330.00 2255.88 1846.32 330.00 2221.97 1944.11 450.00 2796.98 1895.02 329.94 2193.85 1728.62 311.72 2290.48 1723.25 330.00 2293.02 1680.16 330.00 2317.90 1750.95 301.48 2277.90 1753.42 313.73 2276.10 1764.80 315.85 2269.46 1776.23 330.00 2262.44 2038.83 136.67 2667.08 2044.23 136.67 2656.13 2037.64 140.00 2666.17 2042.78 140.00 2655.74 2043.54 140.00 2644.14 2014.00 137.61 2648.03 2039.81 140.00 2633.13 2032.14 140.00 2624.39 2021.71 140.00 2619.25 2010.11 140.00 2618.49 1999.10 140.00 2622.22 1990.36 140.00 2629.89 1985.22 140.00 2640.32 1984.46 140.00 2651.92 1988.19 140.00 2662.93 1995.86 140.00 2671.67 2006.29 140.00 2676.82 2017.89 140.00 2677.58 2028.90 140.00 2673.84 2029.65 136.67 2675.14 2045.03 136.67 2643.95 2041.10 136.67 2632.38 2033.05 136.67 2623.20 2022.10 136.67 2617.80 2009.92 136.67 2617.00 1998.35 136.67 2620.93 1989.17 136.67 2628.98 1983.77 136.67 2639.93 1982.97 136.67 2652.12 1986.90 136.67 2663.68 1994.95 136.67 2672.86 2005.90 136.67 2678.26 2018.08 136.67 2679.06 1728.62 311.72 2290.48 1750.95 301.48 2277.90 1726.67 330.00 2267.76 1741.74 330.00 2249.82 1753.42 313.73 2276.10 1746.94 330.00 2258.14 1764.80 315.85 2269.46 1757.11 330.00 2254.56 1776.23 330.00 2262.44 1723.25 330.00 2293.02 1719.24 399.61 2181.26 1723.25 330.00 2293.02 1726.67 330.00 2267.76 1711.20 350.00 2303.24 1725.58 330.00 2294.94 1759.27 350.00 2341.82 1724.54 350.00 2323.66 1778.39 330.00 2264.45 1789.00 350.00 2258.32 1796.10 350.00 2314.38 1781.43 350.00 2318.88 1776.23 330.00 2262.44 1741.74 330.00 2249.82 1746.94 330.00 2258.14 1757.11 330.00 2254.56 1896.79 470.00 2621.02 1931.58 460.00 2633.27 1922.55 470.00 2639.63 1964.82 450.00 2634.86 1946.77 470.00 2647.59 1964.82 450.00 2634.86 1979.36 440.00 2668.03 1950.78 470.00 2684.53 1946.77 470.00 2647.59 1974.88 440.00 2638.28 1981.27 470.00 2707.34 2001.32 450.00 2698.08 2003.38 440.00 2687.65 2001.32 450.00 2698.08 2034.50 440.00 2683.54 2014.06 470.00 2716.13 2050.50 470.00 2711.25 2003.38 440.00 2687.65 2053.62 440.00 2658.65 2084.17 470.00 2667.56 2084.17 470.00 2667.56 2053.62 440.00 2658.65 2080.16 470.00 2630.62 2058.17 450.00 2622.53 2048.64 440.00 2628.03 2025.12 440.00 2609.28 2062.66 470.00 2600.31 2032.67 470.00 2578.36 2032.67 470.00 2578.36 2025.12 440.00 2609.28 1994.00 440.00 2613.39 1978.00 470.00 2585.68 1964.82 450.00 2634.86 1955.56 470.00 2614.80 1974.88 440.00 2638.28 1926.94 470.00 2623.24 1955.56 470.00 2614.80 1984.20 437.61 2640.41 1987.15 437.61 2663.53 2006.20 437.61 2678.52 2006.20 437.61 2678.52 2029.75 437.61 2675.31 2044.30 437.61 2656.52 2044.30 437.61 2656.52 2040.85 437.61 2632.53 2022.30 437.61 2618.41 2022.30 437.61 2618.41 1998.75 437.61 2621.62 1984.20 437.61 2640.41 1998.75 437.61 2621.62 1998.76 413.71 2644.04 2006.22 413.71 2634.56 2014.00 340.00 2648.03 2007.66 387.44 2651.79 2007.18 387.44 2646.26 2012.37 387.44 2655.26 1999.84 413.71 2656.36 2010.34 413.71 2664.09 2012.37 387.44 2655.26 2017.72 387.44 2654.48 2010.34 413.71 2664.09 2022.28 413.71 2662.37 2021.07 387.44 2650.23 2029.74 413.71 2652.89 2021.07 387.44 2650.23 2020.42 387.44 2644.42 2029.74 413.71 2652.89 2028.29 413.71 2639.93 2015.88 387.44 2641.24 2010.52 387.44 2642.01 2015.88 387.44 2641.24 2018.16 413.71 2632.84 2007.18 387.44 2646.26 2125.72 470.00 2583.53 2058.17 450.00 2622.53 2062.66 470.00 2600.31 2080.16 470.00 2630.62 2001.32 450.00 2698.08 1991.28 470.00 2754.68 1981.27 470.00 2707.34 2014.06 470.00 2716.13 1987.15 437.61 2663.53 1984.20 437.61 2640.41 1998.76 413.71 2644.04 1984.20 437.61 2640.41 2006.20 437.61 2678.52 2006.20 437.61 2678.52 2029.75 437.61 2675.31 2044.30 437.61 2656.52 2040.85 437.61 2632.53 2044.30 437.61 2656.52 2022.30 437.61 2618.41 2018.16 413.71 2632.84 2022.30 437.61 2618.41 1949.17 401.00 2433.74 1947.60 380.00 2445.03 1942.86 378.00 2410.82 1930.78 386.00 2425.88 1861.46 350.00 2375.83 1852.12 350.00 2339.66 1869.30 333.00 2379.40 1852.12 350.00 2339.66 1878.59 350.00 2377.49 1869.30 333.00 2379.40 1870.30 326.00 2411.14 1859.80 350.00 2392.96 1882.46 350.00 2412.20 1745.46 110.00 2282.90 1788.69 110.00 2257.86 1744.00 110.00 2261.00 1779.00 110.00 2241.00 1858.50 110.00 2379.00 1823.60 110.00 2318.43 1789.00 110.00 2419.00 1753.97 110.00 2358.43 1840.82 110.00 2268.22 1832.06 110.00 2232.90 1813.50 110.00 2221.00 1719.14 110.00 2298.20 1771.33 110.00 2308.24 1928.00 110.00 2339.00 1892.97 110.00 2278.43 1857.94 110.00 2217.86 </float_array>
                    <technique_common>
                        <accessor source="#geom-014716E8-pos-array" count="1460" stride="3">
                            <param name="X" type="float" />
                            <param name="Y" type="float" />
                            <param name="Z" type="float" />
                        </accessor>
                    </technique_common>
                </source>
                <source id="geom-014716E8-texcoord">
                    <float_array id="geom-014716E8-texcoord-array" count="2920">1.36 -0.25 1.22 -0.25 1.31 -0.43 1.95 -0.32 1.79 -0.32 1.95 -0.48 1.63 -0.46 1.52 -0.64 1.84 -0.67 1.95 -0.48 2.22 -0.67 2.27 -0.48 1.63 0.46 1.52 0.64 1.31 0.43 2.22 0.67 2.16 0.86 1.84 0.67 1.74 0.86 1.16 -0.29 0.91 -0.29 0.99 -0.43 0.66 -0.43 0.66 -0.29 1.22 -0.18 1.16 0.00 1.16 0.29 0.99 0.43 0.91 0.29 0.66 0.43 0.66 0.29 2.27 0.48 2.59 0.67 2.59 0.48 2.59 -0.67 2.59 -0.86 2.16 -0.86 1.95 0.48 1.79 0.32 1.95 0.32 1.50 0.25 1.22 0.18 1.22 0.25 1.74 -0.86 2.59 -0.48 2.59 0.86 1.22 -0.06 1.22 0.06 1.50 -0.25 1.65 -0.25 1.79 -0.25 1.36 0.25 1.65 0.25 1.79 0.25 2.57 0.00 1.97 0.00 2.57 2.59 1.97 2.59 1.97 0.04 2.57 0.04 1.97 2.55 2.57 2.55 2.57 2.59 1.97 2.59 2.57 0.00 1.97 0.00 1.30 0.04 1.30 2.55 0.67 0.04 0.67 2.55 1.93 0.00 1.93 2.59 1.32 0.00 1.32 2.59 1.93 0.00 1.32 0.00 1.93 2.59 1.32 2.59 0.63 1.30 0.63 2.55 0.02 1.30 0.02 2.55 1.97 2.55 2.57 2.55 2.57 2.11 2.57 0.32 1.97 2.11 1.97 0.32 1.97 0.00 1.97 -2.59 2.57 0.00 2.57 -2.59 1.97 2.11 2.57 2.11 1.97 0.32 2.57 0.32 2.57 0.04 2.57 2.55 1.97 0.04 1.97 2.55 1.97 2.59 2.57 2.59 2.57 2.51 1.97 2.51 2.57 0.08 1.97 0.08 1.32 2.59 1.32 0.00 1.93 2.59 1.93 0.00 0.63 1.30 0.02 1.30 0.63 2.55 0.02 2.55 2.57 2.11 2.57 0.32 1.97 2.11 1.97 0.32 2.57 0.00 1.97 0.00 2.57 -2.59 1.97 -2.59 1.30 2.55 0.67 2.55 1.93 2.59 1.93 0.00 1.32 2.59 1.32 0.00 1.97 2.59 2.57 2.59 0.63 0.04 0.63 1.26 0.02 0.04 0.02 1.26 1.97 2.51 1.97 0.08 2.57 2.51 2.57 0.08 0.63 0.04 0.02 0.04 0.63 1.26 0.02 1.26 1.97 2.51 1.97 0.08 2.57 2.51 2.57 0.08 1.97 2.59 2.57 2.59 2.57 2.51 1.97 2.51 2.57 0.08 1.97 0.08 2.57 2.59 1.97 2.59 2.57 2.55 1.97 2.55 2.57 0.04 1.97 0.04 1.97 2.11 2.57 2.11 1.97 0.32 2.57 0.32 0.02 2.29 0.02 1.14 1.23 2.29 1.23 0.04 0.02 0.04 0.02 2.29 0.02 0.04 2.59 2.29 2.59 0.04 2.59 0.04 2.59 2.29 0.02 0.04 0.02 2.29 2.59 0.04 2.59 2.29 0.02 0.04 0.02 2.29 0.02 2.29 0.02 0.04 2.59 2.29 2.59 0.04 0.02 0.04 2.59 0.04 0.02 2.29 2.59 2.29 0.02 0.04 2.59 0.04 0.02 2.29 2.59 2.29 0.02 0.04 1.39 0.04 0.02 2.29 1.39 2.29 2.59 2.57 0.02 2.57 0.02 2.57 2.59 2.57 2.59 2.57 0.02 2.57 1.31 2.57 0.02 2.57 0.02 2.57 1.31 2.57 0.02 2.57 2.59 2.57 0.02 2.57 2.59 2.57 2.59 2.57 0.02 2.57 2.59 0.04 2.59 2.29 0.02 0.04 0.02 2.29 0.02 2.57 2.59 2.57 2.59 2.29 2.59 2.57 0.02 2.29 0.02 2.57 0.02 0.04 2.59 0.04 2.59 0.04 2.59 2.29 0.02 0.04 0.02 2.29 0.02 2.57 2.59 2.57 0.02 2.29 0.02 0.04 2.59 2.29 2.59 0.04 0.02 2.57 2.59 2.57 0.02 2.29 0.02 0.04 2.59 2.29 2.59 0.04 0.02 2.57 2.59 2.57 0.02 2.29 0.02 0.04 2.59 2.29 2.59 0.04 0.02 2.57 2.59 2.57 2.59 2.29 2.59 0.04 2.59 2.29 2.59 1.14 2.59 0.04 2.59 2.57 2.59 2.57 0.16 0.19 0.16 -0.54 0.19 0.19 0.19 -0.55 0.12 -0.42 0.12 -0.03 0.14 -0.42 0.14 -0.03 0.16 -0.56 0.16 -1.28 0.19 -0.55 0.19 -1.29 0.19 -0.54 0.16 -0.56 0.19 -1.27 0.16 -1.29 0.19 -1.29 0.19 -0.55 0.16 -1.28 0.16 -0.54 0.12 -1.26 0.12 -0.95 0.14 -1.26 0.14 -0.95 0.16 -0.56 0.19 -0.55 0.16 0.17 0.19 0.19 0.14 -0.02 0.12 -0.03 0.14 -0.42 0.12 -0.42 0.12 -0.95 0.14 -0.95 0.19 -0.56 0.16 -0.55 0.19 -1.28 0.16 -1.29 0.16 -0.55 0.19 -0.54 0.16 0.19 0.19 0.21 0.19 -1.29 0.19 -0.55 0.16 -1.28 0.16 -0.54 0.16 0.17 0.19 0.19 0.19 0.17 0.16 0.19 0.16 0.18 0.19 0.19 0.19 0.18 0.16 0.19 0.19 0.19 0.16 0.21 0.19 -1.28 0.16 -1.29 0.14 -1.26 0.12 -1.26 0.14 -1.48 0.12 -1.48 0.00 -0.37 0.00 0.06 0.20 -0.12 0.00 0.37 0.05 0.37 0.00 -0.78 0.08 -0.37 0.00 -0.20 0.08 0.37 0.00 -1.99 0.08 -1.85 0.00 -1.54 0.08 -1.11 0.00 -2.59 0.00 -1.99 0.08 -2.59 0.08 -1.85 0.00 -0.78 0.00 -0.20 0.08 -0.37 0.08 0.37 0.00 0.37 0.00 -1.54 0.08 -1.11 0.00 -2.59 0.08 -2.59 0.20 -0.62 0.00 -0.80 0.00 -1.11 0.05 -1.11 0.16 -1.29 0.19 -1.26 0.16 -0.95 0.19 -0.95 0.12 -1.48 0.14 -1.48 0.12 0.37 0.14 0.37 0.14 0.37 0.12 0.37 0.19 -1.29 0.16 -1.29 0.16 -1.26 0.19 -1.29 0.19 -0.55 0.16 -0.55 0.16 0.19 0.16 -0.11 0.19 0.17 0.19 -0.11 0.16 -0.47 0.19 -0.48 0.13 -0.40 0.13 -0.08 0.07 -0.40 0.07 -0.08 0.13 0.24 0.07 0.24 0.13 -0.08 0.07 -0.08 0.26 -0.18 0.20 -0.18 0.26 -0.61 0.20 -0.61 0.26 -0.96 0.20 -0.96 0.26 -1.31 0.20 -1.31 0.26 -1.92 0.20 -1.92 0.13 0.24 0.13 -0.38 0.19 0.13 0.19 -0.49 0.26 0.24 0.20 0.24 0.26 -0.11 0.20 -0.11 0.19 0.24 0.13 0.13 0.19 -0.38 0.13 -0.49 0.26 -0.28 0.20 -0.28 0.26 -0.92 0.20 -0.92 0.26 -1.37 0.20 -1.37 0.26 -1.73 0.20 -1.73 0.26 -2.19 0.20 -2.19 0.26 -2.59 0.20 -2.59 0.07 -0.81 0.13 -0.81 0.07 -0.81 0.13 -0.81 0.07 -0.40 0.13 -0.40 0.26 -0.40 0.20 -0.40 0.26 -0.77 0.20 -0.77 0.26 -2.49 0.20 -2.49 0.26 0.21 0.20 0.21 0.26 0.22 0.20 0.22 0.00 0.00 0.06 0.00 0.00 0.13 0.06 0.26 0.00 0.26 0.06 0.26 0.00 0.26 0.06 0.13 0.00 0.00 0.06 0.00 0.07 -1.04 0.13 -1.04 0.26 -0.48 0.20 -0.48 0.26 -0.86 0.20 -0.86 0.26 -1.03 0.20 -1.03 0.26 -1.21 0.20 -1.21 0.07 -1.04 0.13 -1.04 0.07 0.24 0.13 0.24 0.19 -1.00 0.13 -1.11 0.13 -1.00 0.19 -1.11 0.26 0.24 0.20 0.24 0.26 0.09 0.20 0.00 0.20 -0.33 0.63 1.26 1.26 0.94 0.00 1.26 0.63 0.00 1.26 0.31 1.26 0.00 0.00 0.00 0.00 0.31 1.34 0.00 1.34 0.31 0.00 0.94 0.00 1.26 1.26 0.94 1.26 1.26 0.00 0.00 0.00 0.31 1.26 0.00 1.26 0.31 1.34 1.26 1.34 0.94 0.00 1.26 0.00 0.94 0.00 0.31 1.34 0.31 0.00 0.00 1.34 0.00 0.00 0.63 1.26 0.63 0.00 0.31 1.26 0.31 0.00 0.94 1.26 0.94 0.00 1.26 1.26 1.26 0.00 0.00 1.26 0.00 0.00 0.63 1.34 0.63 0.00 0.94 1.34 0.94 1.34 1.26 0.00 1.26 1.26 1.26 0.00 0.00 0.63 0.00 0.00 0.00 0.63 0.31 0.00 0.31 1.26 0.31 1.26 0.63 0.63 0.63 1.26 0.94 0.63 0.94 1.26 1.10 0.63 1.26 1.26 1.26 0.63 0.31 0.63 0.00 0.00 0.31 0.00 0.00 1.26 0.94 1.26 1.26 0.00 0.94 0.00 1.26 0.63 0.63 1.26 0.31 1.26 0.63 0.00 0.63 1.26 0.63 1.26 0.94 0.63 0.94 0.00 0.31 1.26 0.31 0.63 1.26 1.26 1.26 0.00 0.00 1.26 0.16 1.26 0.00 0.00 0.31 0.63 0.31 0.00 0.00 0.63 0.00 0.63 0.63 1.26 0.31 1.26 0.63 0.63 0.94 1.26 0.94 0.63 1.26 1.26 1.26 1.26 0.16 0.79 0.16 1.26 0.00 0.79 0.00 0.79 0.31 0.00 0.16 0.00 0.31 1.26 0.63 0.79 0.63 1.26 0.47 0.79 0.47 0.00 0.63 0.00 0.47 1.57 0.16 1.57 0.00 1.89 0.16 1.89 0.00 2.55 0.16 2.52 0.00 1.89 0.47 2.59 0.31 2.40 0.47 1.57 0.47 1.57 0.63 1.26 0.00 0.00 0.63 0.00 0.94 0.00 1.10 0.00 1.26 1.26 0.00 0.00 0.63 0.00 0.94 0.16 1.10 0.00 1.26 0.00 0.63 0.00 0.47 1.26 0.00 0.00 0.79 0.00 0.94 0.00 1.26 1.26 0.31 1.57 0.31 1.89 0.31 0.00 0.00 2.20 0.63 1.89 0.63 0.04 0.04 1.32 0.04 0.04 1.32 1.32 1.32 2.59 0.04 2.59 1.32 0.04 0.04 1.32 0.04 0.04 1.32 1.32 1.32 2.59 0.04 2.59 1.32 0.04 0.04 1.32 0.04 0.04 1.32 1.32 1.32 2.59 0.04 2.59 1.32 0.04 0.04 1.32 0.04 0.04 1.32 1.32 1.32 2.59 0.04 2.59 1.32 0.04 0.04 1.32 0.04 0.04 1.32 1.32 1.32 2.59 0.04 2.59 1.32 0.04 0.04 1.32 0.04 0.04 1.32 1.32 1.32 2.59 0.04 2.59 1.32 0.04 0.04 1.32 0.04 0.04 1.32 1.32 1.32 2.59 0.04 2.59 1.32 0.04 0.04 1.32 0.04 0.04 1.32 1.32 1.32 2.59 0.04 2.59 1.32 1.32 2.14 2.31 2.14 0.33 2.14 1.32 2.14 2.31 2.14 0.33 2.14 1.32 2.14 2.31 2.14 0.33 2.14 1.32 2.14 2.31 2.14 0.33 2.14 1.32 2.14 2.31 2.14 0.33 2.14 1.32 2.14 2.31 2.14 0.33 2.14 1.32 2.14 2.31 2.14 0.33 2.14 1.32 2.14 2.31 2.14 0.33 2.14 0.41 2.59 1.32 2.59 2.22 2.59 0.33 2.14 0.41 2.59 1.32 2.59 2.31 2.14 2.22 2.59 0.33 2.14 0.41 2.59 1.32 2.59 2.31 2.14 2.22 2.59 0.33 2.14 0.41 2.59 1.32 2.59 2.31 2.14 2.22 2.59 0.33 2.14 0.41 2.59 1.32 2.59 2.31 2.14 2.22 2.59 0.33 2.14 0.41 2.59 1.32 2.59 2.31 2.14 2.22 2.59 0.33 2.14 0.41 2.59 1.32 2.59 2.31 2.14 2.22 2.59 0.41 2.59 1.32 2.59 2.22 2.59 0.54 -0.77 0.45 -0.93 0.74 -0.96 0.68 -1.06 0.82 -0.30 1.02 -0.33 1.13 -0.48 0.86 -0.23 1.21 -0.35 1.06 -0.26 1.13 -0.48 1.02 -0.33 0.82 -0.30 0.86 -0.23 1.21 -0.35 1.06 -0.26 1.82 -1.72 1.91 -1.57 1.65 -1.49 1.59 -1.59 1.68 -1.19 1.48 -1.32 1.91 -1.57 1.23 -1.17 1.26 -0.89 0.97 -1.03 1.30 -0.25 1.66 0.01 1.17 0.08 1.03 -0.45 1.21 -0.68 1.24 -0.57 1.40 -0.36 1.65 -0.51 1.47 -0.24 1.72 -0.39 1.14 -0.21 1.21 -0.09 0.94 -0.09 1.01 0.03 1.30 -0.52 1.55 -0.67 1.37 -0.41 1.62 -0.55 0.81 -0.32 0.67 -0.24 0.54 -0.77 0.40 -0.69 1.91 -1.57 2.06 -1.66 2.17 -1.12 2.33 -1.21 0.94 -1.08 1.20 -1.23 0.97 -1.03 1.23 -1.17 1.40 -0.36 1.14 -0.21 1.37 -0.41 1.12 -0.26 1.65 -0.51 1.62 -0.55 1.85 -0.62 1.82 -0.67 1.19 -0.52 1.05 -0.38 1.02 -0.42 1.65 -0.73 1.63 -0.77 1.76 -0.79 1.73 -0.83 1.48 -1.32 1.45 -1.37 0.95 -0.32 0.91 -0.14 0.84 -0.26 1.07 0.14 0.93 0.22 2.44 -0.66 2.59 -0.75 1.96 -0.99 1.78 -0.76 1.74 -0.86 1.67 -0.95 1.57 -1.00 1.99 -0.65 1.72 -0.54 1.77 -0.64 1.32 -0.49 1.42 -0.44 1.57 -1.00 1.67 -0.95 1.52 -0.84 1.57 -0.82 1.74 -0.86 1.60 -0.78 1.77 -0.64 1.72 -0.54 1.62 -0.68 1.60 -0.64 1.64 -0.47 1.56 -0.61 1.42 -0.44 1.32 -0.49 1.46 -0.59 1.41 -0.61 1.24 -0.57 1.38 -0.65 1.35 -0.97 1.45 -1.00 1.43 -0.83 1.47 -0.85 1.21 -0.79 1.26 -0.89 1.37 -0.75 1.39 -0.80 1.21 -0.68 1.36 -0.70 1.78 -0.76 1.62 -0.74 1.53 -0.43 1.51 -0.59 2.17 -1.12 2.04 -0.22 2.34 -0.60 0.81 -0.32 0.54 -0.77 0.99 -0.79 0.91 -0.14 0.94 -0.09 0.92 -0.36 0.95 -0.32 1.05 -0.38 1.12 -0.26 1.92 -0.50 1.85 -0.62 1.65 -0.73 1.82 -0.67 1.55 -0.67 1.36 -0.62 1.53 -0.71 1.45 -1.00 1.35 -0.97 1.23 -1.17 1.21 -0.79 0.82 -0.30 0.84 -0.26 1.76 -0.79 1.07 0.14 2.44 -0.66 1.73 -0.31 1.53 -0.43 1.64 -0.47 2.37 -0.56 1.20 0.12 1.30 -0.52 2.55 2.59 0.08 2.59 2.55 0.04 0.08 0.04 2.55 2.59 0.08 2.59 2.55 0.04 0.08 0.04 0.08 0.04 2.55 0.04 0.08 2.59 2.55 2.59 0.08 0.04 2.55 0.04 0.08 2.59 2.55 2.59 2.55 2.59 0.08 2.59 2.55 0.04 0.08 0.04 2.55 2.59 0.08 2.59 2.55 0.04 0.08 0.04 0.08 0.04 2.55 0.04 0.08 2.59 2.55 2.59 0.08 0.04 2.55 0.04 0.08 2.59 2.55 2.59 1.32 0.04 2.59 0.04 1.32 1.32 2.59 1.32 2.59 1.32 1.32 1.32 2.59 2.59 1.32 2.59 2.59 1.32 1.32 1.32 2.59 2.59 1.32 2.59 0.04 1.32 0.04 2.59 1.32 2.59 1.32 1.36 2.59 1.36 1.32 2.59 2.59 2.59 2.59 0.04 1.32 0.04 0.04 0.04 1.32 1.36 2.59 1.36 1.32 2.59 2.59 2.59 0.04 1.36 0.04 2.59 0.04 1.36 0.04 2.59 2.59 2.59 2.59 1.32 1.32 1.32 2.59 2.59 1.32 2.59 2.59 0.19 2.59 -0.37 2.23 0.19 2.23 -0.37 1.85 -1.11 1.85 -0.74 2.23 -0.74 1.85 -0.37 0.75 -0.37 0.75 -0.74 0.37 -0.37 0.75 0.19 0.37 0.19 0.00 0.19 0.00 -0.37 1.85 -1.48 1.57 -1.48 1.57 -1.11 1.02 -1.11 1.02 -0.74 1.02 0.19 1.02 -0.37 0.37 0.74 0.00 0.74 0.75 0.74 1.02 0.74 2.23 0.74 1.85 0.74 1.85 0.19 1.30 -1.85 1.02 -1.85 1.30 -1.48 1.02 -1.48 1.30 -1.11 1.30 0.19 1.30 0.74 1.57 0.19 1.57 0.74 1.30 -0.37 1.57 -0.37 1.30 -0.74 1.57 -0.74 0.75 -1.48 0.75 -1.85 0.75 -1.11 1.16 0.19 1.16 -0.37 1.16 -0.74 0.37 -0.74 2.59 0.74 1.39 -1.64 1.45 -1.65 1.57 -1.62 1.69 -1.75 1.85 -1.85 1.69 -1.85 1.88 1.88 0.74 1.88 1.88 0.74 0.74 0.74 1.88 1.88 0.74 1.88 1.88 0.74 0.74 0.74 1.88 1.88 0.74 1.88 1.88 0.74 0.74 0.74 1.88 1.88 0.74 1.88 1.88 0.74 0.74 0.74 1.88 1.88 0.74 1.88 1.88 0.74 0.74 0.74 1.88 1.88 0.74 1.88 1.88 0.74 0.74 0.74 1.88 1.88 0.74 1.88 1.88 0.74 0.74 0.74 1.88 1.88 0.74 1.88 1.88 0.74 0.74 0.74 1.88 1.88 0.74 1.88 1.88 0.74 0.74 0.74 1.88 1.88 0.74 1.88 1.88 0.74 0.74 0.74 1.88 1.88 0.74 1.88 1.88 0.74 0.74 0.74 1.88 1.88 0.74 1.88 1.88 0.74 0.74 0.74 2.59 2.59 0.02 2.59 2.45 2.45 0.16 2.45 0.02 0.02 0.16 0.16 2.59 0.02 2.45 0.16 2.59 2.59 0.02 2.59 2.45 2.45 0.16 2.45 0.02 0.02 0.16 0.16 2.59 0.02 2.45 0.16 2.59 2.59 0.02 2.59 2.45 2.45 0.16 2.45 0.02 0.02 0.16 0.16 2.59 0.02 2.45 0.16 2.59 2.59 0.02 2.59 2.45 2.45 0.16 2.45 0.02 0.02 0.16 0.16 2.59 0.02 2.45 0.16 2.59 2.59 0.02 2.59 2.45 2.45 0.16 2.45 0.02 0.02 0.16 0.16 2.59 0.02 2.45 0.16 2.59 2.59 0.02 2.59 2.45 2.45 0.16 2.45 0.02 0.02 0.16 0.16 2.59 0.02 2.45 0.16 2.59 2.59 0.02 2.59 2.45 2.45 0.16 2.45 0.02 0.02 0.16 0.16 2.59 0.02 2.45 0.16 2.59 2.59 0.02 2.59 2.45 2.45 0.16 2.45 0.02 0.02 0.16 0.16 2.59 0.02 2.45 0.16 2.59 2.59 0.02 2.59 2.45 2.45 0.16 2.45 0.02 0.02 0.16 0.16 2.59 0.02 2.45 0.16 2.59 2.59 0.02 2.59 2.45 2.45 0.16 2.45 0.02 0.02 0.16 0.16 2.59 0.02 2.45 0.16 2.59 2.59 0.02 2.59 2.45 2.45 0.16 2.45 0.02 0.02 0.16 0.16 2.59 0.02 2.45 0.16 2.59 2.59 0.02 2.59 2.45 2.45 0.16 2.45 0.02 0.02 0.16 0.16 2.59 0.02 2.45 0.16 2.12 2.12 0.49 2.12 0.49 0.49 2.12 0.49 2.12 2.12 0.49 2.12 0.49 0.49 2.12 0.49 2.12 2.12 0.49 2.12 0.49 0.49 2.12 0.49 2.12 2.12 0.49 2.12 0.49 0.49 2.12 0.49 2.12 2.12 0.49 2.12 0.49 0.49 2.12 0.49 2.12 2.12 0.49 2.12 0.49 0.49 2.12 0.49 2.12 2.12 0.49 2.12 0.49 0.49 2.12 0.49 2.12 2.12 0.49 2.12 0.49 0.49 2.12 0.49 2.12 2.12 0.49 2.12 0.49 0.49 2.12 0.49 2.12 2.12 0.49 2.12 0.49 0.49 2.12 0.49 2.12 2.12 0.49 2.12 0.49 0.49 2.12 0.49 2.12 2.12 0.49 2.12 0.49 0.49 2.12 0.49 1.88 1.88 0.74 1.88 0.74 0.74 1.88 0.74 0.49 0.49 0.74 0.74 0.70 0.35 0.44 0.09 0.70 0.09 0.18 -0.18 0.44 -0.18 0.70 -0.18 0.00 0.09 0.00 -0.18 0.26 0.09 0.26 -0.18 0.26 -0.53 0.53 -0.18 0.53 -0.53 1.05 0.04 0.53 0.04 1.05 -0.31 0.53 -0.31 1.53 0.04 2.06 0.04 1.53 0.39 2.06 0.39 1.53 -0.31 1.16 -0.31 1.16 0.04 0.79 0.04 0.39 0.04 0.79 -0.31 0.39 -0.31 2.58 -0.31 2.58 0.04 2.19 -0.31 2.19 0.04 1.79 -0.31 1.79 0.04 1.42 -0.31 1.42 0.04 0.44 -0.53 0.70 -0.53 0.53 0.04 0.74 0.04 0.53 0.13 0.82 0.13 0.23 -0.22 0.01 -0.22 0.19 -0.47 0.01 -0.47 0.87 -0.47 0.82 -0.22 0.74 -0.47 0.74 -0.22 0.00 0.13 0.00 -0.22 2.58 0.04 2.58 -0.31 2.06 -0.31 0.00 0.04 0.00 0.39 0.53 0.39 0.79 0.39 1.16 0.39 1.05 0.39 1.42 0.39 0.39 0.39 0.00 0.04 0.00 0.39 1.79 0.39 2.19 0.39 1.05 0.13 1.04 -0.22 1.05 -0.22 0.44 -0.88 0.18 -0.88 0.18 -0.53 2.58 0.39 0.00 -0.31 0.00 -0.88 0.26 -0.88 0.00 -0.73 0.00 -0.53 0.00 -0.31 2.59 0.39 0.70 -0.88 0.70 -0.73 0.53 -0.88 0.23 0.13 0.32 -0.22 0.32 -0.47 0.32 0.04 1.04 -0.47 0.53 0.47 0.81 0.47 0.00 0.35 1.06 0.47 0.23 0.39 0.21 0.47 0.00 0.47 0.34 0.35 0.36 0.40 0.41 0.41 0.47 0.47 2.50 1.79 2.21 2.21 2.38 1.74 2.12 2.12 1.74 2.38 1.30 1.30 1.30 2.47 0.85 2.38 0.47 2.12 0.22 1.74 0.13 1.30 0.22 0.85 0.47 0.47 0.85 0.22 1.30 0.13 1.74 0.22 2.12 0.47 2.38 0.85 2.47 1.30 2.59 1.30 1.79 2.50 1.30 2.59 0.80 2.50 0.38 2.21 0.10 1.79 0.00 1.30 0.10 0.80 0.38 0.38 0.80 0.10 1.30 0.00 1.79 0.10 2.21 0.38 2.50 0.80 0.23 -0.43 1.20 -0.74 0.52 0.57 1.33 0.74 1.58 -0.31 1.65 0.57 2.09 -0.22 2.06 0.55 2.59 0.29 0.00 0.19 1.78 -0.77 1.87 -2.31 2.18 -1.97 1.42 -2.26 1.83 -2.34 0.47 -2.59 1.10 -2.49 0.00 -0.88 0.28 -1.14 0.02 -2.01 0.22 -2.15 0.12 -0.30 2.52 -0.89 1.79 0.54 0.77 0.23 0.00 1.96 0.80 1.95 0.65 1.68 1.60 1.95 1.30 1.39 1.85 0.59 0.97 0.97 0.97 0.00 1.78 0.00 1.70 0.97 0.32 0.00 0.12 0.59 0.24 0.97 1.85 0.59 0.97 0.97 1.78 0.00 0.97 0.00 1.70 0.97 0.24 0.97 0.00 0.00 1.95 0.00 1.70 0.97 1.23 0.00 0.97 0.65 0.97 0.97 0.24 0.97 0.74 0.00 0.00 0.00 1.95 0.00 1.70 0.97 0.97 0.97 0.97 0.00 0.18 0.67 0.32 0.00 0.24 0.97 0.66 2.23 1.31 2.50 1.62 1.26 0.97 1.26 0.32 1.26 1.62 1.26 0.97 1.26 0.32 1.26 1.62 1.26 0.97 1.26 0.32 1.26 1.62 1.26 0.97 1.26 2.59 2.59 2.03 2.59 2.35 1.78 2.03 1.78 2.03 0.02 2.03 1.13 1.86 1.13 2.19 1.13 2.03 1.78 2.35 1.78 1.86 1.13 2.03 1.13 1.70 1.78 2.03 1.78 2.19 1.13 2.35 1.78 1.86 1.13 2.03 1.13 1.70 1.78 2.03 1.78 2.19 1.13 2.03 1.13 1.86 1.13 1.70 1.78 2.19 1.13 0.00 1.96 1.60 1.95 1.30 1.39 1.31 2.50 1.60 1.95 0.00 1.96 1.31 2.50 1.30 1.39 2.03 2.59 1.46 2.59 1.70 1.78 0.32 1.26 2.59 2.59 1.46 2.59 2.03 2.59 2.59 2.59 2.03 2.59 1.46 2.59 2.59 2.59 2.35 1.78 1.46 2.59 1.31 2.50 1.60 1.95 0.80 1.95 1.30 1.39 0.65 1.68 0.00 1.96 0.80 1.95 0.00 1.96 0.66 2.23 0.80 1.95 1.60 1.95 1.30 1.39 1.31 2.50 0.50 2.28 1.31 2.29 0.65 2.59 1.31 2.59 1.31 0.02 1.31 1.14 0.02 0.02 0.02 1.14 1.96 1.72 2.12 2.28 1.96 2.59 0.02 2.29 0.65 1.72 2.59 0.02 2.59 1.14 2.59 2.29 </float_array>
                    <technique_common>
                        <accessor source="#geom-014716E8-texcoord-array" count="1460" stride="2">
                            <param name="S" type="float" />
                            <param name="T" type="float" />
                        </accessor>
                    </technique_common>
                </source>
                <source id="geom-014716E8-colors">
                    <float_array id="geom-014716E8-colors-array" count="5840">0.33 0.68 0.44 1.00 0.27 0.43 0.38 1.00 0.26 0.36 0.26 1.00 0.09 0.13 0.09 1.00 0.17 0.36 0.19 1.00 0.32 0.55 0.36 1.00 0.33 0.53 0.33 1.00 0.31 0.47 0.31 1.00 0.32 0.51 0.32 1.00 0.23 0.39 0.26 1.00 0.28 0.42 0.28 1.00 0.08 0.28 0.11 1.00 0.33 0.54 0.33 1.00 0.20 0.31 0.20 1.00 0.17 0.33 0.22 1.00 0.28 0.42 0.28 1.00 0.16 0.24 0.16 1.00 0.33 0.52 0.33 1.00 0.18 0.28 0.18 1.00 0.25 0.39 0.34 1.00 0.25 0.38 0.34 1.00 0.24 0.35 0.31 1.00 0.05 0.06 0.06 1.00 0.16 0.21 0.19 1.00 0.29 0.51 0.44 1.00 0.62 1.00 1.00 1.00 0.25 0.39 0.34 1.00 0.24 0.35 0.31 1.00 0.25 0.38 0.34 1.00 0.05 0.06 0.06 1.00 0.16 0.21 0.19 1.00 0.07 0.20 0.09 1.00 0.06 0.08 0.07 1.00 0.06 0.08 0.07 1.00 0.06 0.08 0.07 1.00 0.06 0.08 0.07 1.00 0.16 0.24 0.16 1.00 0.25 0.42 0.25 1.00 0.20 0.35 0.22 1.00 0.10 0.31 0.13 1.00 0.29 0.44 0.29 1.00 0.31 0.55 0.47 1.00 0.27 0.43 0.38 1.00 0.18 0.28 0.18 1.00 0.09 0.13 0.12 1.00 0.06 0.08 0.07 1.00 0.56 1.00 0.91 1.00 0.55 1.00 0.87 1.00 0.34 0.66 0.40 1.00 0.36 0.70 0.41 1.00 0.09 0.13 0.09 1.00 0.29 0.52 0.37 1.00 0.33 0.53 0.33 1.00 0.10 0.15 0.10 1.00 0.08 0.06 0.15 1.00 0.28 0.47 0.41 1.00 0.08 0.06 0.15 1.00 0.24 0.36 0.32 1.00 0.28 0.48 0.42 1.00 0.08 0.06 0.15 1.00 0.31 0.55 0.47 1.00 0.08 0.06 0.15 1.00 0.31 0.55 0.47 1.00 0.08 0.06 0.15 1.00 0.28 0.47 0.41 1.00 0.08 0.06 0.15 1.00 0.63 1.00 0.93 1.00 0.68 1.00 1.00 1.00 0.25 0.37 0.33 1.00 0.22 0.30 0.27 1.00 0.55 0.80 0.72 1.00 0.63 1.00 0.91 1.00 0.20 0.22 0.21 1.00 0.22 0.29 0.26 1.00 0.54 0.80 0.71 1.00 0.20 0.23 0.22 1.00 0.62 1.00 0.91 1.00 0.22 0.30 0.27 1.00 0.67 1.00 1.00 1.00 0.22 0.29 0.27 1.00 0.20 0.24 0.22 1.00 0.23 0.33 0.29 1.00 0.30 0.54 0.46 1.00 0.08 0.06 0.15 1.00 0.19 0.19 0.19 1.00 0.19 0.19 0.19 1.00 0.24 0.34 0.31 1.00 0.22 0.30 0.27 1.00 0.19 0.19 0.19 1.00 0.19 0.19 0.19 1.00 0.22 0.29 0.26 1.00 0.20 0.22 0.21 1.00 0.21 0.25 0.24 1.00 0.19 0.19 0.19 1.00 0.24 0.34 0.31 1.00 0.19 0.19 0.19 1.00 0.19 0.19 0.19 1.00 0.19 0.19 0.19 1.00 0.25 0.37 0.33 1.00 0.22 0.29 0.27 1.00 0.30 0.54 0.46 1.00 0.08 0.06 0.15 1.00 0.24 0.36 0.32 1.00 0.08 0.06 0.15 1.00 0.24 0.34 0.31 1.00 0.08 0.06 0.15 1.00 0.20 0.24 0.22 1.00 0.22 0.29 0.26 1.00 0.30 0.54 0.46 1.00 0.63 1.00 0.91 1.00 0.68 1.00 1.00 1.00 0.21 0.25 0.24 1.00 0.22 0.30 0.27 1.00 0.24 0.34 0.31 1.00 0.20 0.24 0.22 1.00 0.23 0.33 0.29 1.00 0.19 0.19 0.19 1.00 0.19 0.19 0.19 1.00 0.19 0.19 0.19 1.00 0.22 0.30 0.27 1.00 0.19 0.19 0.19 1.00 0.20 0.23 0.22 1.00 0.67 1.00 1.00 1.00 0.22 0.29 0.27 1.00 0.68 1.00 1.00 1.00 0.62 1.00 0.91 1.00 0.21 0.25 0.24 1.00 0.22 0.30 0.27 1.00 0.19 0.19 0.19 1.00 0.20 0.24 0.22 1.00 0.24 0.34 0.31 1.00 0.55 0.80 0.72 1.00 0.20 0.24 0.23 1.00 0.20 0.22 0.21 1.00 0.24 0.36 0.32 1.00 0.24 0.34 0.31 1.00 0.08 0.06 0.15 1.00 0.08 0.06 0.15 1.00 0.24 0.34 0.31 1.00 0.21 0.25 0.24 1.00 0.54 0.80 0.71 1.00 0.20 0.23 0.22 1.00 0.20 0.23 0.22 1.00 0.21 0.25 0.24 1.00 0.19 0.19 0.19 1.00 0.19 0.19 0.19 1.00 0.08 0.06 0.15 1.00 0.24 0.36 0.32 1.00 0.20 0.22 0.21 1.00 0.19 0.19 0.19 1.00 0.20 0.24 0.23 1.00 0.19 0.19 0.19 1.00 0.19 0.19 0.19 1.00 0.21 0.25 0.24 1.00 0.22 0.30 0.27 1.00 0.19 0.19 0.19 1.00 0.25 0.37 0.33 1.00 0.19 0.19 0.19 1.00 0.22 0.29 0.27 1.00 0.19 0.19 0.19 1.00 0.23 0.33 0.29 1.00 0.19 0.19 0.19 1.00 0.27 0.91 0.38 1.00 0.19 0.49 0.28 1.00 0.27 0.70 0.33 1.00 0.06 0.08 0.07 1.00 0.09 0.13 0.12 1.00 0.32 0.50 0.32 1.00 0.16 0.24 0.16 1.00 0.35 0.59 0.35 1.00 0.18 0.28 0.18 1.00 0.16 0.24 0.16 1.00 0.32 0.50 0.32 1.00 0.18 0.28 0.18 1.00 0.36 0.60 0.36 1.00 0.20 0.31 0.20 1.00 0.38 0.66 0.38 1.00 0.17 0.33 0.22 1.00 0.32 0.60 0.38 1.00 0.09 0.13 0.12 1.00 0.09 0.11 0.11 1.00 0.19 0.19 0.19 1.00 0.24 0.35 0.31 1.00 0.26 0.36 0.26 1.00 0.24 0.35 0.31 1.00 0.32 0.59 0.38 1.00 0.27 0.44 0.38 1.00 0.18 0.28 0.18 1.00 0.31 0.47 0.31 1.00 0.35 0.59 0.35 1.00 0.38 0.65 0.38 1.00 0.06 0.08 0.07 1.00 0.06 0.08 0.07 1.00 0.13 0.13 0.13 1.00 0.19 0.31 0.22 1.00 0.31 0.49 0.31 1.00 0.35 0.58 0.35 1.00 0.28 0.41 0.28 1.00 0.38 0.65 0.38 1.00 0.19 0.19 0.19 1.00 0.09 0.13 0.12 1.00 0.19 0.19 0.19 1.00 0.13 0.13 0.13 1.00 0.25 0.35 0.25 1.00 0.19 0.19 0.19 1.00 0.31 0.49 0.31 1.00 0.35 0.58 0.35 1.00 0.38 0.87 0.52 1.00 0.25 0.40 0.35 1.00 0.37 0.63 0.37 1.00 0.35 0.58 0.35 1.00 0.06 0.08 0.07 1.00 0.13 0.13 0.13 1.00 0.16 0.24 0.16 1.00 0.32 0.50 0.32 1.00 0.31 0.49 0.31 1.00 0.13 0.13 0.13 1.00 0.32 0.50 0.32 1.00 0.31 0.49 0.31 1.00 0.13 0.13 0.13 1.00 0.13 0.13 0.13 1.00 0.06 0.08 0.07 1.00 0.16 0.24 0.16 1.00 0.18 0.28 0.18 1.00 0.36 0.60 0.36 1.00 0.20 0.31 0.20 1.00 0.38 0.66 0.38 1.00 0.38 0.65 0.38 1.00 0.35 0.58 0.35 1.00 0.38 0.65 0.38 1.00 0.31 0.47 0.31 1.00 0.32 0.59 0.38 1.00 0.26 0.36 0.26 1.00 0.37 0.63 0.37 1.00 0.38 0.87 0.52 1.00 0.19 0.19 0.19 1.00 0.24 0.35 0.31 1.00 0.32 0.60 0.38 1.00 0.17 0.33 0.22 1.00 0.19 0.19 0.19 1.00 0.28 0.41 0.28 1.00 0.27 0.44 0.38 1.00 0.24 0.35 0.31 1.00 0.08 0.08 0.08 1.00 0.09 0.11 0.11 1.00 0.25 0.40 0.35 1.00 0.09 0.13 0.12 1.00 0.13 0.13 0.13 1.00 0.06 0.08 0.07 1.00 0.27 0.91 0.38 1.00 0.19 0.24 0.20 1.00 0.06 0.08 0.07 1.00 0.13 0.13 0.13 1.00 0.25 0.35 0.25 1.00 0.19 0.19 0.19 1.00 0.19 0.19 0.19 1.00 0.19 0.19 0.19 1.00 0.19 0.19 0.19 1.00 0.25 0.67 0.33 1.00 0.24 0.31 0.24 1.00 0.25 1.00 0.46 1.00 0.24 0.85 0.36 1.00 0.34 0.55 0.34 1.00 0.40 0.71 0.40 1.00 0.33 0.54 0.33 1.00 0.39 0.68 0.39 1.00 0.46 0.84 0.46 1.00 0.45 0.81 0.45 1.00 0.40 0.71 0.40 1.00 0.39 0.68 0.39 1.00 0.33 0.62 0.39 1.00 0.24 0.35 0.31 1.00 0.28 0.42 0.28 1.00 0.19 0.19 0.19 1.00 0.25 0.34 0.25 1.00 0.26 0.36 0.26 1.00 0.26 1.00 0.46 1.00 0.26 0.70 0.33 1.00 0.19 0.19 0.19 1.00 0.19 0.19 0.19 1.00 0.19 0.19 0.19 1.00 0.19 0.19 0.19 1.00 0.24 0.31 0.24 1.00 0.24 0.89 0.37 1.00 0.25 1.00 0.47 1.00 0.26 1.00 0.42 1.00 0.26 0.67 0.33 1.00 0.26 0.91 0.37 1.00 0.34 0.56 0.34 1.00 0.34 0.55 0.34 1.00 0.40 0.70 0.40 1.00 0.39 0.68 0.39 1.00 0.19 0.19 0.19 1.00 0.19 0.19 0.19 1.00 0.08 0.08 0.08 1.00 0.08 0.08 0.08 1.00 0.28 0.40 0.28 1.00 0.45 0.82 0.45 1.00 0.28 0.40 0.28 1.00 0.44 0.80 0.44 1.00 0.13 0.13 0.13 1.00 0.13 0.13 0.13 1.00 0.13 0.13 0.13 1.00 0.13 0.13 0.13 1.00 0.28 0.42 0.28 1.00 0.33 0.62 0.39 1.00 0.40 0.70 0.40 1.00 0.39 0.68 0.39 1.00 0.08 0.08 0.08 1.00 0.08 0.08 0.08 1.00 0.28 0.40 0.28 1.00 0.28 0.40 0.28 1.00 0.26 1.00 0.41 1.00 0.25 1.00 0.43 1.00 0.25 0.35 0.25 1.00 0.27 0.91 0.38 1.00 0.19 0.31 0.22 1.00 0.19 0.40 0.25 1.00 0.19 0.39 0.25 1.00 0.19 0.19 0.19 1.00 0.19 0.23 0.20 1.00 0.25 0.34 0.25 1.00 0.25 0.41 0.27 1.00 0.24 0.30 0.24 1.00 0.19 0.23 0.20 1.00 0.27 1.00 0.55 1.00 0.27 0.47 0.29 1.00 0.25 0.35 0.25 1.00 0.28 0.47 0.29 1.00 0.19 0.53 0.29 1.00 0.27 0.57 0.31 1.00 0.19 0.51 0.28 1.00 0.27 1.00 0.53 1.00 0.25 1.00 0.47 1.00 0.24 0.30 0.24 1.00 0.26 0.58 0.31 1.00 0.19 0.46 0.27 1.00 0.19 0.47 0.27 1.00 0.26 1.00 0.54 1.00 0.28 0.41 0.28 1.00 0.19 0.54 0.29 1.00 0.19 0.19 0.19 1.00 0.19 0.19 0.19 1.00 0.19 0.39 0.25 1.00 0.19 0.47 0.27 1.00 0.19 0.46 0.27 1.00 0.08 0.08 0.08 1.00 0.08 0.08 0.08 1.00 0.22 0.29 0.27 1.00 0.23 0.31 0.29 1.00 0.27 0.91 0.38 1.00 0.25 0.35 0.25 1.00 0.19 0.19 0.19 1.00 0.19 0.19 0.19 1.00 0.19 0.19 0.19 1.00 0.19 0.19 0.19 1.00 0.19 0.19 0.19 1.00 0.19 0.19 0.19 1.00 0.13 0.13 0.13 1.00 0.13 0.13 0.13 1.00 0.21 0.27 0.25 1.00 0.23 0.31 0.28 1.00 0.08 0.08 0.08 1.00 0.20 0.21 0.21 1.00 0.08 0.08 0.08 1.00 0.19 0.19 0.19 1.00 0.22 0.30 0.27 1.00 0.23 0.33 0.29 1.00 0.26 1.00 0.42 1.00 0.24 0.89 0.37 1.00 0.25 1.00 0.47 1.00 0.24 0.30 0.24 1.00 0.19 0.19 0.19 1.00 0.19 0.19 0.19 1.00 0.24 0.30 0.24 1.00 0.24 0.31 0.24 1.00 0.23 0.31 0.28 1.00 0.24 0.35 0.31 1.00 0.31 0.49 0.31 1.00 0.33 0.62 0.39 1.00 0.43 0.78 0.43 1.00 0.46 0.84 0.46 1.00 0.40 0.69 0.40 1.00 0.40 0.71 0.40 1.00 0.34 0.55 0.34 1.00 0.34 0.55 0.34 1.00 0.13 0.13 0.13 1.00 0.19 0.19 0.19 1.00 0.13 0.13 0.13 1.00 0.19 0.19 0.19 1.00 0.19 0.19 0.19 1.00 0.19 0.19 0.19 1.00 0.19 0.19 0.19 1.00 0.19 0.40 0.25 1.00 0.19 0.19 0.19 1.00 0.19 0.19 0.19 1.00 0.19 0.19 0.19 1.00 0.19 0.19 0.19 1.00 0.34 0.56 0.34 1.00 0.34 0.56 0.34 1.00 0.40 0.69 0.40 1.00 0.40 0.70 0.40 1.00 0.43 0.77 0.43 1.00 0.45 0.82 0.45 1.00 0.31 0.48 0.31 1.00 0.28 0.40 0.28 1.00 0.22 0.29 0.26 1.00 0.19 0.19 0.19 1.00 0.08 0.08 0.08 1.00 0.08 0.08 0.08 1.00 0.41 1.00 0.91 1.00 0.41 0.81 0.41 1.00 0.41 0.80 0.41 1.00 0.41 0.79 0.41 1.00 0.25 0.67 0.33 1.00 0.25 0.34 0.25 1.00 0.22 0.31 0.28 1.00 0.21 0.27 0.25 1.00 0.19 0.20 0.20 1.00 0.23 0.31 0.29 1.00 0.13 0.13 0.13 1.00 0.13 0.13 0.13 1.00 0.13 0.13 0.13 1.00 0.13 0.13 0.13 1.00 0.08 0.08 0.08 1.00 0.08 0.08 0.08 1.00 0.19 0.24 0.20 1.00 0.19 0.54 0.29 1.00 0.27 0.91 0.38 1.00 0.27 1.00 0.55 1.00 0.25 0.34 0.25 1.00 0.25 1.00 0.43 1.00 0.27 0.57 0.31 1.00 0.27 0.91 0.38 1.00 0.19 0.53 0.29 1.00 0.19 0.49 0.28 1.00 0.27 0.57 0.31 1.00 0.25 1.00 0.43 1.00 0.19 0.51 0.28 1.00 0.19 0.31 0.22 1.00 0.19 0.40 0.25 1.00 0.19 0.39 0.25 1.00 0.08 0.08 0.08 1.00 0.08 0.08 0.08 1.00 0.19 0.19 0.19 1.00 0.19 0.19 0.19 1.00 0.25 0.34 0.25 1.00 0.27 1.00 0.55 1.00 0.19 0.47 0.27 1.00 0.19 0.19 0.19 1.00 0.13 0.13 0.13 1.00 0.13 0.13 0.13 1.00 0.19 0.19 0.19 1.00 0.19 0.19 0.19 1.00 0.08 0.08 0.08 1.00 0.08 0.08 0.08 1.00 0.19 0.19 0.19 1.00 0.19 0.19 0.19 1.00 0.23 0.33 0.29 1.00 0.22 0.27 0.25 1.00 0.06 0.07 0.06 1.00 0.08 0.11 0.10 1.00 0.24 0.30 0.24 1.00 0.06 0.06 0.06 1.00 0.19 0.19 0.19 1.00 0.19 0.19 0.19 1.00 0.06 0.06 0.06 1.00 0.19 0.19 0.19 1.00 0.06 0.06 0.06 1.00 0.06 0.06 0.06 1.00 0.20 0.24 0.22 1.00 0.06 0.06 0.06 1.00 0.19 0.19 0.19 1.00 0.19 0.19 0.19 1.00 0.06 0.06 0.06 1.00 0.19 0.19 0.19 1.00 0.06 0.06 0.06 1.00 0.20 0.24 0.22 1.00 0.06 0.06 0.06 1.00 0.21 0.26 0.24 1.00 0.06 0.07 0.06 1.00 0.27 0.45 0.40 1.00 0.22 0.29 0.26 1.00 0.21 0.26 0.24 1.00 0.20 0.24 0.22 1.00 0.21 0.25 0.24 1.00 0.19 0.19 0.19 1.00 0.22 0.29 0.26 1.00 0.19 0.19 0.19 1.00 0.00 0.00 0.00 1.00 0.19 0.19 0.19 1.00 0.19 0.19 0.19 1.00 0.19 0.19 0.19 1.00 0.20 0.24 0.22 1.00 0.19 0.19 0.19 1.00 0.27 0.44 0.38 1.00 0.21 0.25 0.24 1.00 0.19 0.21 0.20 1.00 0.19 0.19 0.19 1.00 0.19 0.19 0.19 1.00 0.19 0.19 0.19 1.00 0.21 0.26 0.24 1.00 0.09 0.12 0.09 1.00 0.09 0.16 0.09 1.00 0.08 0.12 0.08 1.00 0.30 0.90 0.38 1.00 0.25 0.63 0.31 1.00 0.31 0.80 0.37 1.00 0.41 1.00 0.67 1.00 0.39 1.00 0.69 1.00 0.38 1.00 0.60 1.00 0.32 1.00 0.47 1.00 0.29 1.00 0.41 1.00 0.09 0.18 0.09 1.00 0.07 0.11 0.08 1.00 0.35 1.00 0.42 1.00 0.09 0.13 0.09 1.00 0.31 0.80 0.37 1.00 0.09 0.17 0.10 1.00 0.34 0.70 0.45 1.00 0.10 0.16 0.11 1.00 0.37 1.00 0.45 1.00 0.09 0.14 0.09 1.00 0.43 1.00 0.69 1.00 0.37 1.00 0.45 1.00 0.44 1.00 0.69 1.00 0.44 1.00 0.69 1.00 0.42 0.95 0.53 1.00 0.37 1.00 0.54 1.00 0.34 1.00 0.49 1.00 0.37 1.00 0.54 1.00 0.41 0.85 0.47 1.00 0.09 0.24 0.11 1.00 0.10 0.14 0.10 1.00 0.10 0.14 0.10 1.00 0.31 0.49 0.31 1.00 0.11 0.22 0.14 1.00 0.34 0.70 0.45 1.00 0.29 0.51 0.44 1.00 0.08 0.11 0.10 1.00 0.22 0.27 0.25 1.00 0.27 0.45 0.34 1.00 0.27 0.45 0.40 1.00 0.27 0.44 0.38 1.00 0.25 0.35 0.25 1.00 0.19 0.21 0.20 1.00 0.24 0.30 0.24 1.00 0.19 0.19 0.19 1.00 0.33 1.00 0.44 1.00 0.27 0.51 0.29 1.00 0.09 0.17 0.09 1.00 0.07 0.24 0.11 1.00 0.40 0.69 0.40 1.00 0.29 1.00 0.41 1.00 0.38 1.00 0.60 1.00 0.08 0.11 0.08 1.00 0.08 0.15 0.09 1.00 0.28 0.78 0.36 1.00 0.35 0.58 0.35 1.00 0.08 0.19 0.10 1.00 0.33 0.65 0.35 1.00 0.39 0.76 0.40 1.00 0.10 0.15 0.10 1.00 0.38 0.65 0.38 1.00 0.09 0.14 0.09 1.00 0.35 0.68 0.40 1.00 0.10 0.18 0.12 1.00 0.29 0.43 0.29 1.00 0.48 1.00 0.63 1.00 0.33 0.64 0.41 1.00 0.32 0.72 0.36 1.00 0.09 0.11 0.09 1.00 0.21 0.26 0.24 1.00 0.42 0.95 0.53 1.00 0.41 0.85 0.47 1.00 0.31 0.49 0.31 1.00 0.09 0.12 0.09 1.00 0.10 0.14 0.10 1.00 0.41 1.00 0.67 1.00 0.38 1.00 0.60 1.00 0.33 0.65 0.35 1.00 0.08 0.19 0.10 1.00 0.35 1.00 0.61 1.00 0.30 1.00 0.51 1.00 0.09 0.17 0.10 1.00 0.34 1.00 0.59 1.00 0.28 0.40 0.28 1.00 0.09 0.12 0.09 1.00 0.42 0.76 0.42 1.00 0.46 0.84 0.46 1.00 0.44 0.79 0.44 1.00 0.07 0.11 0.08 1.00 0.09 0.12 0.09 1.00 0.09 0.12 0.09 1.00 0.00 0.00 0.00 1.00 0.00 0.00 0.00 1.00 0.20 1.00 0.45 1.00 0.22 0.88 0.38 1.00 0.00 0.00 0.00 1.00 0.25 1.00 0.58 1.00 0.00 0.00 0.00 1.00 0.00 0.00 0.00 1.00 0.25 1.00 0.58 1.00 0.29 1.00 0.69 1.00 0.00 0.00 0.00 1.00 0.34 1.00 0.81 1.00 0.00 0.00 0.00 1.00 0.00 0.00 0.00 1.00 0.34 1.00 0.81 1.00 0.38 1.00 0.93 1.00 0.00 0.00 0.00 1.00 0.40 1.00 0.98 1.00 0.00 0.00 0.00 1.00 0.00 0.00 0.00 1.00 0.40 1.00 0.98 1.00 0.40 1.00 0.99 1.00 0.00 0.00 0.00 1.00 0.40 1.00 0.98 1.00 0.00 0.00 0.00 1.00 0.00 0.00 0.00 1.00 0.40 1.00 0.98 1.00 0.38 1.00 0.93 1.00 0.00 0.00 0.00 1.00 0.35 1.00 0.83 1.00 0.00 0.00 0.00 1.00 0.00 0.00 0.00 1.00 0.35 1.00 0.83 1.00 0.30 1.00 0.71 1.00 0.00 0.00 0.00 1.00 0.25 1.00 0.59 1.00 0.00 0.00 0.00 1.00 0.00 0.00 0.00 1.00 0.25 1.00 0.59 1.00 0.22 1.00 0.51 1.00 0.00 0.00 0.00 1.00 0.20 0.93 0.40 1.00 0.00 0.00 0.00 1.00 0.00 0.00 0.00 1.00 0.20 0.93 0.40 1.00 0.19 0.81 0.37 1.00 0.00 0.00 0.00 1.00 0.20 1.00 0.45 1.00 0.34 1.00 0.75 1.00 0.34 1.00 0.79 1.00 0.34 1.00 0.79 1.00 0.34 1.00 0.76 1.00 0.34 1.00 0.73 1.00 0.34 1.00 0.73 1.00 0.33 1.00 0.73 1.00 0.33 1.00 0.73 1.00 0.33 1.00 0.73 1.00 0.32 1.00 0.73 1.00 0.32 1.00 0.74 1.00 0.32 1.00 0.74 1.00 0.32 1.00 0.75 1.00 0.32 1.00 0.75 1.00 0.32 1.00 0.75 1.00 0.32 1.00 0.76 1.00 0.33 1.00 0.83 1.00 0.33 1.00 0.83 1.00 0.33 1.00 0.83 1.00 0.34 1.00 0.84 1.00 0.34 1.00 0.84 1.00 0.34 1.00 0.84 1.00 0.34 1.00 0.83 1.00 0.34 1.00 0.83 1.00 0.29 1.00 0.68 1.00 0.30 1.00 0.62 1.00 0.32 1.00 0.76 1.00 0.34 1.00 0.73 1.00 0.32 1.00 0.76 1.00 0.34 1.00 0.82 1.00 0.33 1.00 0.73 1.00 0.36 1.00 0.87 1.00 0.33 1.00 0.73 1.00 0.36 1.00 0.87 1.00 0.37 1.00 0.92 1.00 0.32 1.00 0.74 1.00 0.38 1.00 0.95 1.00 0.32 1.00 0.74 1.00 0.38 1.00 0.95 1.00 0.39 1.00 0.97 1.00 0.32 1.00 0.75 1.00 0.38 1.00 0.96 1.00 0.32 1.00 0.75 1.00 0.38 1.00 0.96 1.00 0.38 1.00 0.93 1.00 0.33 1.00 0.83 1.00 0.36 1.00 0.80 1.00 0.33 1.00 0.83 1.00 0.36 1.00 0.80 1.00 0.34 1.00 0.81 1.00 0.34 1.00 0.84 1.00 0.32 1.00 0.52 1.00 0.34 1.00 0.84 1.00 0.32 1.00 0.52 1.00 0.30 1.00 0.56 1.00 0.34 1.00 0.83 1.00 0.29 1.00 0.67 1.00 0.29 1.00 0.67 1.00 0.29 1.00 0.59 1.00 0.29 1.00 0.68 1.00 0.08 0.14 0.08 1.00 0.07 0.12 0.07 1.00 0.02 0.03 0.02 1.00 0.02 0.07 0.03 1.00 0.06 0.21 0.08 1.00 0.11 0.36 0.16 1.00 0.04 0.11 0.05 1.00 0.11 0.27 0.13 1.00 0.03 0.05 0.03 1.00 0.12 0.20 0.12 1.00 0.04 0.05 0.04 1.00 0.11 0.32 0.14 1.00 0.06 0.13 0.07 1.00 0.11 0.36 0.15 1.00 0.03 0.13 0.05 1.00 0.12 0.36 0.20 1.00 0.07 0.20 0.10 1.00 0.08 0.20 0.13 1.00 0.02 0.07 0.03 1.00 0.02 0.03 0.02 1.00 0.15 0.36 0.31 1.00 0.41 0.73 0.51 1.00 0.14 0.36 0.24 1.00 0.55 0.98 0.89 1.00 0.11 0.36 0.27 1.00 0.41 0.73 0.72 1.00 0.09 0.36 0.18 1.00 0.07 0.24 0.12 1.00 0.07 0.20 0.11 1.00 0.11 0.36 0.18 1.00 0.12 0.36 0.22 1.00 0.11 0.36 0.22 1.00 0.55 0.98 0.62 1.00 0.34 0.61 0.41 1.00 0.08 0.16 0.08 1.00 0.08 0.17 0.09 1.00 0.34 0.61 0.43 1.00 0.09 0.26 0.11 1.00 0.19 0.36 0.25 1.00 0.03 0.05 0.03 1.00 0.49 0.98 0.67 1.00 0.31 0.61 0.42 1.00 0.06 0.20 0.08 1.00 0.08 0.30 0.11 1.00 0.07 0.24 0.09 1.00 0.01 0.03 0.01 1.00 0.11 0.20 0.11 1.00 0.09 0.15 0.09 1.00 0.11 0.36 0.18 1.00 0.09 0.36 0.13 1.00 0.07 0.27 0.10 1.00 0.01 0.04 0.02 1.00 0.05 0.15 0.06 1.00 0.04 0.09 0.05 1.00 0.09 0.20 0.14 1.00 0.09 0.20 0.11 1.00 0.07 0.17 0.08 1.00 0.07 0.13 0.07 1.00 0.04 0.11 0.05 1.00 0.05 0.08 0.05 1.00 0.07 0.18 0.09 1.00 0.05 0.17 0.06 1.00 0.07 0.15 0.07 1.00 0.02 0.06 0.03 1.00 0.02 0.02 0.02 1.00 0.06 0.09 0.06 1.00 0.03 0.04 0.03 1.00 0.07 0.13 0.07 1.00 0.02 0.03 0.02 1.00 0.06 0.20 0.09 1.00 0.04 0.07 0.04 1.00 0.09 0.16 0.09 1.00 0.05 0.10 0.05 1.00 0.35 0.55 0.35 1.00 0.04 0.08 0.05 1.00 0.18 0.29 0.18 1.00 0.02 0.03 0.02 1.00 0.06 0.08 0.07 1.00 0.02 0.06 0.03 1.00 0.09 0.13 0.12 1.00 0.11 0.36 0.22 1.00 0.09 0.36 0.22 1.00 0.11 0.36 0.26 1.00 0.12 0.36 0.23 1.00 0.11 0.36 0.20 1.00 0.09 0.36 0.18 1.00 0.09 0.36 0.15 1.00 0.09 0.36 0.18 1.00 0.09 0.36 0.20 1.00 0.09 0.36 0.22 1.00 0.07 0.20 0.12 1.00 0.07 0.20 0.13 1.00 0.00 0.00 0.00 1.00 0.00 0.00 0.00 1.00 0.07 0.20 0.15 1.00 0.00 0.00 0.00 1.00 0.05 0.20 0.10 1.00 0.05 0.20 0.09 1.00 0.00 0.00 0.00 1.00 0.00 0.00 0.00 1.00 0.07 0.20 0.16 1.00 0.00 0.00 0.00 1.00 0.05 0.20 0.12 1.00 0.05 0.20 0.11 1.00 0.00 0.00 0.00 1.00 0.00 0.00 0.00 1.00 0.07 0.20 0.13 1.00 0.00 0.00 0.00 1.00 0.06 0.20 0.12 1.00 0.07 0.20 0.16 1.00 0.00 0.00 0.00 1.00 0.00 0.00 0.00 1.00 0.07 0.20 0.09 1.00 0.07 0.20 0.16 1.00 0.00 0.00 0.00 1.00 0.00 0.00 0.00 1.00 0.07 0.20 0.13 1.00 0.00 0.00 0.00 1.00 0.05 0.20 0.12 1.00 0.00 0.00 0.00 1.00 0.05 0.20 0.12 1.00 0.00 0.00 0.00 1.00 0.15 0.49 0.21 1.00 0.07 0.24 0.12 1.00 0.07 0.19 0.11 1.00 0.15 0.49 0.20 1.00 0.15 0.25 0.15 1.00 0.15 0.36 0.26 1.00 0.02 0.04 0.03 1.00 0.07 0.20 0.09 1.00 0.02 0.03 0.02 1.00 0.07 0.11 0.07 1.00 0.32 0.57 0.34 1.00 0.08 0.14 0.08 1.00 0.03 0.13 0.05 1.00 0.19 0.30 0.19 1.00 0.34 0.61 0.49 1.00 0.04 0.11 0.05 1.00 0.06 0.20 0.09 1.00 0.02 0.07 0.03 1.00 0.03 0.04 0.03 1.00 0.11 0.36 0.28 1.00 0.10 0.36 0.21 1.00 0.48 0.85 0.78 1.00 0.11 0.36 0.16 1.00 0.04 0.12 0.05 1.00 0.06 0.16 0.07 1.00 0.18 0.27 0.18 1.00 0.07 0.09 0.07 1.00 0.07 0.18 0.10 1.00 0.10 0.25 0.14 1.00 0.09 0.36 0.22 1.00 0.12 0.36 0.28 1.00 0.07 0.18 0.10 1.00 0.07 0.07 0.07 1.00 0.06 0.20 0.09 1.00 0.33 0.68 0.44 1.00 0.35 0.73 0.47 1.00 0.27 0.43 0.38 1.00 0.29 0.51 0.44 1.00 0.32 0.64 0.41 1.00 0.29 0.52 0.37 1.00 0.31 0.55 0.47 1.00 0.27 0.43 0.38 1.00 0.35 0.73 0.47 1.00 0.33 0.68 0.44 1.00 0.28 0.42 0.28 1.00 0.34 0.66 0.40 1.00 0.29 0.52 0.37 1.00 0.32 0.64 0.41 1.00 0.29 0.44 0.29 1.00 0.34 0.69 0.42 1.00 0.09 0.13 0.09 1.00 0.14 0.21 0.14 1.00 0.36 0.70 0.41 1.00 0.37 0.65 0.37 1.00 0.14 0.22 0.14 1.00 0.10 0.15 0.10 1.00 0.31 0.60 0.33 1.00 0.33 0.53 0.33 1.00 0.28 0.42 0.28 1.00 0.34 0.66 0.40 1.00 0.37 0.65 0.37 1.00 0.36 0.70 0.41 1.00 0.29 0.44 0.29 1.00 0.34 0.69 0.42 1.00 0.33 0.53 0.33 1.00 0.31 0.60 0.33 1.00 0.56 1.00 0.91 1.00 0.29 0.51 0.44 1.00 0.46 0.75 0.65 1.00 0.35 0.73 0.47 1.00 0.31 0.60 0.33 1.00 0.45 0.76 0.45 1.00 0.14 0.22 0.14 1.00 0.09 0.12 0.09 1.00 0.32 0.64 0.41 1.00 0.51 1.00 0.72 1.00 0.34 0.69 0.42 1.00 0.51 1.00 0.65 1.00 0.51 1.00 0.72 1.00 0.51 1.00 0.65 1.00 0.51 1.00 0.64 1.00 0.51 1.00 0.64 1.00 0.28 0.42 0.28 1.00 0.49 0.96 0.54 1.00 0.37 0.65 0.37 1.00 0.31 0.55 0.47 1.00 0.55 1.00 0.87 1.00 0.55 1.00 0.87 1.00 0.49 0.96 0.54 1.00 0.37 0.65 0.37 1.00 0.09 0.33 0.13 1.00 0.14 0.21 0.14 1.00 0.45 0.76 0.45 1.00 0.09 0.12 0.09 1.00 0.51 1.00 0.65 1.00 0.45 0.76 0.45 1.00 0.28 0.42 0.28 1.00 0.34 0.69 0.42 1.00 0.51 1.00 0.65 1.00 0.31 0.60 0.33 1.00 0.45 0.76 0.45 1.00 0.08 0.13 0.08 1.00 0.11 0.20 0.11 1.00 0.33 0.74 0.37 1.00 0.38 0.64 0.38 1.00 0.14 0.22 0.14 1.00 0.36 0.60 0.36 1.00 0.13 0.23 0.13 1.00 0.31 0.47 0.31 1.00 0.31 0.47 0.31 1.00 0.36 0.60 0.36 1.00 0.37 0.64 0.37 1.00 0.29 0.42 0.29 1.00 0.32 1.00 0.42 1.00 0.08 0.13 0.08 1.00 0.11 0.19 0.11 1.00 0.22 0.29 0.26 1.00 0.00 0.00 0.00 1.00 0.31 0.55 0.35 1.00 0.38 0.83 0.48 1.00 0.35 0.58 0.35 1.00 0.29 1.00 0.43 1.00 0.11 0.17 0.11 1.00 0.11 0.11 0.08 1.00 0.05 0.05 0.04 1.00 0.11 0.11 0.08 1.00 0.11 0.20 0.10 1.00 0.11 0.11 0.08 1.00 0.11 0.11 0.08 1.00 0.29 0.43 0.29 1.00 0.22 0.31 0.28 1.00 0.19 0.20 0.20 1.00 0.19 0.19 0.19 1.00 0.21 0.25 0.24 1.00 0.45 1.00 0.59 1.00 0.10 0.51 0.17 1.00 0.00 0.00 0.00 1.00 0.29 0.82 0.36 1.00 0.11 0.16 0.09 1.00 0.13 0.21 0.13 1.00 0.31 0.47 0.31 1.00 0.08 0.13 0.08 1.00 0.35 0.58 0.35 1.00 0.23 0.31 0.28 1.00 0.08 0.08 0.08 1.00 0.15 0.23 0.15 1.00 0.00 0.01 0.00 1.00 0.00 0.00 0.00 1.00 0.04 0.07 0.04 1.00 0.13 0.23 0.13 1.00 0.05 0.05 0.04 1.00 0.19 0.19 0.19 1.00 0.19 0.19 0.19 1.00 0.19 0.19 0.19 1.00 0.19 0.19 0.19 1.00 0.08 0.08 0.08 1.00 0.19 0.19 0.19 1.00 0.21 0.50 0.25 1.00 0.21 0.50 0.25 1.00 0.21 0.50 0.25 1.00 0.21 0.50 0.25 1.00 0.14 0.44 0.26 1.00 0.19 1.00 0.47 1.00 0.14 0.49 0.28 1.00 0.19 1.00 0.49 1.00 0.17 0.55 0.29 1.00 0.14 0.77 0.36 1.00 0.19 0.40 0.25 1.00 0.19 0.67 0.33 1.00 0.25 0.87 0.36 1.00 0.19 0.35 0.24 1.00 0.24 1.00 0.49 1.00 0.19 0.77 0.36 1.00 0.14 0.49 0.28 1.00 0.14 0.87 0.39 1.00 0.19 0.54 0.29 1.00 0.19 0.64 0.32 1.00 0.19 0.75 0.35 1.00 0.19 0.87 0.39 1.00 0.19 0.64 0.32 1.00 0.19 0.80 0.37 1.00 0.19 0.44 0.27 1.00 0.20 0.89 0.37 1.00 0.20 1.00 0.47 1.00 0.14 0.97 0.42 1.00 0.14 0.59 0.31 1.00 0.17 1.00 0.43 1.00 0.19 0.33 0.23 1.00 0.19 0.43 0.26 1.00 0.14 0.68 0.33 1.00 0.14 0.82 0.38 1.00 0.14 0.67 0.33 1.00 0.14 0.97 0.42 1.00 0.19 0.82 0.37 1.00 0.25 0.85 0.36 1.00 0.19 0.67 0.33 1.00 0.24 0.31 0.24 1.00 0.19 0.38 0.25 1.00 0.19 0.20 0.19 1.00 0.19 0.59 0.31 1.00 0.19 0.39 0.25 1.00 0.19 0.56 0.30 1.00 0.19 0.51 0.28 1.00 0.19 0.47 0.27 1.00 0.19 0.54 0.29 1.00 0.19 0.39 0.25 1.00 0.19 0.23 0.20 1.00 0.19 0.33 0.23 1.00 0.19 0.36 0.24 1.00 0.25 0.41 0.27 1.00 0.28 1.00 0.42 1.00 0.19 0.75 0.35 1.00 0.19 0.67 0.33 1.00 0.19 1.00 0.45 1.00 0.28 0.47 0.29 1.00 0.24 1.00 0.47 1.00 0.30 1.00 0.50 1.00 0.27 0.47 0.29 1.00 0.29 1.00 0.49 1.00 0.14 0.60 0.31 1.00 0.14 0.86 0.39 1.00 0.27 1.00 0.53 1.00 0.14 0.95 0.42 1.00 0.30 1.00 0.54 1.00 0.14 1.00 0.44 1.00 0.19 0.67 0.33 1.00 0.19 0.56 0.30 1.00 0.19 0.51 0.28 1.00 0.19 0.44 0.26 1.00 0.26 0.58 0.31 1.00 0.19 0.75 0.36 1.00 0.27 0.69 0.33 1.00 0.19 0.62 0.32 1.00 0.19 1.00 0.47 1.00 0.25 1.00 0.58 1.00 0.28 0.41 0.28 1.00 0.31 1.00 0.59 1.00 0.14 0.95 0.42 1.00 0.14 0.60 0.31 1.00 0.14 0.88 0.39 1.00 0.14 1.00 0.44 1.00 0.19 0.67 0.33 1.00 0.19 0.47 0.27 1.00 0.19 0.67 0.33 1.00 0.19 0.63 0.32 1.00 0.19 0.75 0.36 1.00 0.19 0.75 0.35 1.00 0.19 0.80 0.37 1.00 0.19 0.59 0.31 1.00 0.19 1.00 0.45 1.00 0.19 1.00 0.47 1.00 0.19 1.00 0.47 1.00 0.27 1.00 0.65 1.00 0.28 0.41 0.28 1.00 0.19 1.00 0.47 1.00 0.30 1.00 0.55 1.00 0.24 1.00 0.48 1.00 0.14 0.95 0.42 1.00 0.14 0.66 0.33 1.00 0.27 1.00 0.53 1.00 0.29 1.00 0.56 1.00 0.14 0.60 0.31 1.00 0.27 0.47 0.29 1.00 0.14 0.74 0.35 1.00 0.29 1.00 0.56 1.00 0.19 0.19 0.19 1.00 0.19 0.40 0.25 1.00 0.19 0.67 0.33 1.00 0.19 0.63 0.32 1.00 0.19 1.00 0.47 1.00 0.19 1.00 0.45 1.00 0.27 1.00 0.69 1.00 0.19 1.00 0.46 1.00 0.14 0.60 0.31 1.00 0.14 0.90 0.40 1.00 0.14 0.95 0.42 1.00 0.14 1.00 0.45 1.00 0.19 0.75 0.35 1.00 0.25 0.41 0.27 1.00 0.19 0.62 0.31 1.00 0.26 0.81 0.35 1.00 0.28 0.47 0.29 1.00 0.30 1.00 0.53 1.00 0.19 1.00 0.45 1.00 0.25 1.00 0.53 1.00 0.19 0.46 0.27 1.00 0.19 0.19 0.19 1.00 0.19 0.43 0.26 1.00 0.19 0.30 0.22 1.00 0.19 0.75 0.36 1.00 0.19 0.70 0.34 1.00 0.26 0.58 0.31 1.00 0.28 0.76 0.35 1.00 0.19 0.19 0.19 1.00 0.19 0.39 0.25 1.00 0.19 0.23 0.20 1.00 0.19 0.49 0.27 1.00 0.19 0.75 0.35 1.00 0.19 0.51 0.28 1.00 0.19 0.75 0.36 1.00 0.19 0.62 0.31 1.00 0.19 0.32 0.23 1.00 0.19 0.44 0.26 1.00 0.23 0.55 0.29 1.00 0.19 0.70 0.34 1.00 0.21 1.00 0.65 1.00 0.21 0.69 0.33 1.00 0.21 0.78 0.35 1.00 0.21 1.00 0.58 1.00 0.19 1.00 0.45 1.00 0.14 0.73 0.35 1.00 0.19 0.70 0.34 1.00 0.19 0.26 0.21 1.00 0.27 0.66 0.33 1.00 0.19 0.89 0.40 1.00 0.27 1.00 0.61 1.00 0.26 1.00 0.43 1.00 0.14 0.93 0.41 1.00 0.14 0.65 0.33 1.00 0.19 0.66 0.33 1.00 0.19 0.46 0.27 1.00 0.19 0.63 0.32 1.00 0.19 0.71 0.34 1.00 0.19 0.70 0.34 1.00 0.19 0.91 0.40 1.00 0.21 0.69 0.34 1.00 0.21 1.00 0.68 1.00 0.21 1.00 0.67 1.00 0.21 0.97 0.39 1.00 0.14 0.97 0.42 1.00 0.19 0.63 0.31 1.00 0.19 0.45 0.27 1.00 0.19 0.46 0.27 1.00 0.14 0.87 0.39 1.00 0.14 1.00 0.49 1.00 0.14 1.00 0.47 1.00 0.14 0.97 0.42 1.00 0.19 0.60 0.31 1.00 0.27 0.75 0.35 1.00 0.26 0.49 0.29 1.00 0.27 1.00 0.66 1.00 0.19 0.21 0.19 1.00 0.19 0.53 0.29 1.00 0.19 0.48 0.27 1.00 0.24 0.42 0.26 1.00 0.19 0.19 0.19 1.00 0.19 0.26 0.21 1.00 0.19 0.19 0.19 1.00 0.19 0.19 0.19 1.00 0.19 0.19 0.19 1.00 0.19 0.19 0.19 1.00 0.19 0.19 0.19 1.00 0.19 0.19 0.19 1.00 0.24 0.82 0.47 1.00 0.24 0.69 0.43 1.00 0.19 0.19 0.19 1.00 0.19 0.19 0.19 1.00 0.24 0.85 0.36 1.00 0.13 0.13 0.13 1.00 0.27 0.45 0.29 1.00 0.25 1.00 0.46 1.00 0.24 0.31 0.24 1.00 0.25 1.00 0.47 1.00 0.19 0.19 0.19 1.00 0.28 1.00 0.43 1.00 0.28 0.85 0.36 1.00 0.13 0.13 0.13 1.00 0.13 0.13 0.13 1.00 0.43 0.78 0.43 1.00 0.36 0.60 0.36 1.00 0.35 0.58 0.35 1.00 0.31 0.49 0.31 1.00 0.44 0.79 0.44 1.00 0.35 0.59 0.35 1.00 0.39 0.68 0.39 1.00 0.33 0.54 0.33 1.00 0.35 0.58 0.35 1.00 0.38 0.65 0.38 1.00 0.50 0.94 0.50 1.00 0.27 0.40 0.27 1.00 0.19 0.19 0.19 1.00 0.28 0.41 0.28 1.00 0.19 0.19 0.19 1.00 0.09 0.13 0.12 1.00 0.09 0.13 0.12 1.00 0.25 0.40 0.35 1.00 0.25 0.39 0.35 1.00 0.38 0.87 0.52 1.00 0.27 0.39 0.27 1.00 0.37 0.63 0.37 1.00 0.49 0.91 0.49 1.00 0.28 0.94 0.39 1.00 0.26 0.70 0.33 1.00 0.21 0.26 0.24 1.00 0.27 0.45 0.40 1.00 0.26 0.43 0.37 1.00 0.25 0.38 0.34 1.00 0.19 0.19 0.19 1.00 0.08 0.08 0.08 1.00 0.22 0.29 0.26 1.00 0.09 0.11 0.11 1.00 0.22 0.29 0.26 1.00 0.19 0.19 0.19 1.00 0.22 0.31 0.28 1.00 0.19 0.19 0.19 1.00 0.09 0.13 0.12 1.00 0.09 0.13 0.12 1.00 0.13 0.13 0.13 1.00 0.13 0.13 0.13 1.00 0.31 0.49 0.31 1.00 0.13 0.13 0.13 1.00 0.13 0.13 0.13 1.00 0.34 0.55 0.34 1.00 0.28 0.42 0.28 1.00 0.45 0.81 0.45 1.00 0.39 0.68 0.39 1.00 0.44 0.80 0.44 1.00 0.19 0.19 0.19 1.00 0.09 0.13 0.12 1.00 0.08 0.08 0.08 1.00 0.28 0.40 0.28 1.00 0.19 0.19 0.19 1.00 0.09 0.13 0.12 1.00 0.09 0.13 0.12 1.00 0.09 0.13 0.12 1.00 0.19 0.19 0.19 1.00 0.13 0.13 0.13 1.00 0.13 0.13 0.13 1.00 0.13 0.13 0.13 1.00 0.09 0.13 0.12 1.00 0.25 0.35 0.25 1.00 0.19 0.19 0.19 1.00 0.26 1.00 0.41 1.00 0.26 0.91 0.37 1.00 0.13 0.13 0.13 1.00 0.08 0.08 0.08 1.00 0.25 0.35 0.25 1.00 0.26 1.00 0.46 1.00 0.13 0.13 0.13 1.00 0.19 0.19 0.19 1.00 0.19 0.19 0.19 1.00 0.22 0.30 0.27 1.00 0.19 0.19 0.19 1.00 0.09 0.11 0.11 1.00 0.23 0.31 0.28 1.00 0.22 0.29 0.27 1.00 0.19 0.19 0.19 1.00 0.08 0.08 0.08 1.00 0.20 0.22 0.22 1.00 0.20 0.21 0.21 1.00 0.08 0.08 0.08 1.00 0.22 0.28 0.26 1.00 0.22 0.28 0.26 1.00 0.22 0.29 0.27 1.00 0.22 0.30 0.27 1.00 0.29 1.00 0.68 1.00 0.30 1.00 0.62 1.00 0.24 1.00 0.55 1.00 0.25 1.00 0.55 1.00 0.28 1.00 0.65 1.00 0.21 1.00 0.76 1.00 0.32 1.00 0.76 1.00 0.35 1.00 0.85 1.00 0.38 1.00 0.93 1.00 0.40 1.00 0.97 1.00 0.41 1.00 0.98 1.00 0.40 1.00 0.96 1.00 0.38 1.00 0.91 1.00 0.35 1.00 0.82 1.00 0.32 1.00 0.75 1.00 0.28 1.00 0.69 1.00 0.25 1.00 0.60 1.00 0.24 1.00 0.55 1.00 0.23 1.00 0.54 1.00 0.29 1.00 0.59 1.00 0.32 1.00 0.76 1.00 0.34 1.00 0.82 1.00 0.36 1.00 0.87 1.00 0.37 1.00 0.92 1.00 0.38 1.00 0.95 1.00 0.39 1.00 0.97 1.00 0.38 1.00 0.96 1.00 0.38 1.00 0.93 1.00 0.36 1.00 0.80 1.00 0.34 1.00 0.81 1.00 0.32 1.00 0.52 1.00 0.30 1.00 0.56 1.00 0.29 1.00 0.67 1.00 0.20 0.22 0.22 1.00 0.22 0.28 0.26 1.00 0.20 0.23 0.22 1.00 0.19 0.19 0.19 1.00 0.22 0.28 0.26 1.00 0.19 0.19 0.19 1.00 0.22 0.29 0.27 1.00 0.19 0.19 0.19 1.00 0.22 0.30 0.27 1.00 0.20 0.21 0.21 1.00 0.19 0.19 0.19 1.00 0.20 0.21 0.21 1.00 0.20 0.23 0.22 1.00 0.19 0.19 0.19 1.00 0.19 0.19 0.19 1.00 0.19 0.19 0.19 1.00 0.19 0.19 0.19 1.00 0.23 0.33 0.29 1.00 0.22 0.31 0.28 1.00 0.19 0.19 0.19 1.00 0.19 0.19 0.19 1.00 0.22 0.30 0.27 1.00 0.19 0.19 0.19 1.00 0.19 0.19 0.19 1.00 0.19 0.19 0.19 1.00 0.32 1.00 0.44 1.00 0.31 1.00 0.48 1.00 0.09 0.27 0.12 1.00 0.31 1.00 0.48 1.00 0.09 0.29 0.12 1.00 0.31 1.00 0.48 1.00 0.28 1.00 0.46 1.00 0.09 0.26 0.11 1.00 0.09 0.29 0.12 1.00 0.36 1.00 0.63 1.00 0.06 0.13 0.08 1.00 0.23 0.73 0.33 1.00 0.24 1.00 0.40 1.00 0.23 0.73 0.33 1.00 0.19 0.56 0.30 1.00 0.06 0.12 0.08 1.00 0.06 0.11 0.07 1.00 0.24 1.00 0.40 1.00 0.24 0.89 0.37 1.00 0.06 0.11 0.08 1.00 0.06 0.11 0.08 1.00 0.24 0.89 0.37 1.00 0.08 0.20 0.10 1.00 0.27 1.00 0.41 1.00 0.28 1.00 0.48 1.00 0.35 1.00 0.58 1.00 0.28 0.89 0.38 1.00 0.10 0.30 0.13 1.00 0.10 0.30 0.13 1.00 0.35 1.00 0.58 1.00 0.38 1.00 0.64 1.00 0.11 0.38 0.15 1.00 0.31 1.00 0.48 1.00 0.09 0.31 0.13 1.00 0.36 1.00 0.63 1.00 0.09 0.31 0.13 1.00 0.09 0.31 0.13 1.00 0.36 1.00 0.62 1.00 0.28 1.00 0.48 1.00 0.24 0.98 0.39 1.00 0.24 0.98 0.39 1.00 0.19 0.58 0.31 1.00 0.24 0.95 0.38 1.00 0.24 0.95 0.38 1.00 0.28 1.00 0.47 1.00 0.35 1.00 0.61 1.00 0.35 1.00 0.61 1.00 0.38 1.00 0.66 1.00 0.36 1.00 0.62 1.00 0.38 1.00 0.66 1.00 0.34 1.00 0.52 1.00 0.36 1.00 0.56 1.00 0.33 1.00 1.00 1.00 0.29 1.00 0.41 1.00 0.34 1.00 0.52 1.00 0.20 0.42 0.25 1.00 0.28 1.00 0.41 1.00 0.21 0.57 0.29 1.00 0.20 0.42 0.25 1.00 0.19 0.31 0.22 1.00 0.21 0.57 0.29 1.00 0.19 0.41 0.25 1.00 0.20 0.36 0.24 1.00 0.21 0.54 0.29 1.00 0.20 0.36 0.24 1.00 0.28 0.88 0.38 1.00 0.21 0.54 0.29 1.00 0.28 0.97 0.40 1.00 0.33 1.00 0.49 1.00 0.38 1.00 0.58 1.00 0.33 1.00 0.49 1.00 0.33 1.00 0.50 1.00 0.34 1.00 0.52 1.00 0.27 0.82 0.36 1.00 0.27 1.00 0.41 1.00 0.28 0.89 0.38 1.00 0.08 0.20 0.10 1.00 0.23 0.73 0.33 1.00 0.19 0.41 0.25 1.00 0.06 0.13 0.08 1.00 0.06 0.12 0.08 1.00 0.28 1.00 0.48 1.00 0.36 1.00 0.62 1.00 0.34 1.00 0.52 1.00 0.36 1.00 0.62 1.00 0.24 0.98 0.39 1.00 0.24 0.98 0.39 1.00 0.19 0.58 0.31 1.00 0.24 0.95 0.38 1.00 0.28 1.00 0.47 1.00 0.24 0.95 0.38 1.00 0.35 1.00 0.61 1.00 0.33 1.00 0.50 1.00 0.35 1.00 0.61 1.00 0.10 0.14 0.10 1.00 0.37 1.00 0.45 1.00 0.35 0.56 0.35 1.00 0.09 0.14 0.09 1.00 0.08 0.13 0.11 1.00 0.08 0.12 0.11 1.00 0.09 0.15 0.13 1.00 0.22 0.28 0.26 1.00 0.11 0.25 0.16 1.00 0.22 0.28 0.26 1.00 0.34 0.70 0.45 1.00 0.08 0.11 0.10 1.00 0.10 0.16 0.11 1.00 0.22 0.30 0.27 1.00 0.40 0.56 0.50 1.00 0.08 0.06 0.15 1.00 0.08 0.06 0.15 1.00 0.62 1.00 1.00 1.00 0.58 1.00 0.94 1.00 0.25 0.39 0.34 1.00 0.25 0.38 0.34 1.00 0.25 0.40 0.35 1.00 0.22 0.31 0.28 1.00 0.08 0.06 0.15 1.00 0.22 0.29 0.26 1.00 0.26 0.40 0.35 1.00 0.25 0.39 0.34 1.00 0.25 0.38 0.34 1.00 0.22 0.29 0.26 1.00 </float_array>
                    <technique_common>
                        <accessor source="#geom-014716E8-colors-array" count="1460" stride="4">
                            <param name="R" type="float" />
                            <param name="G" type="float" />
                            <param name="B" type="float" />
                            <param name="A" type="float" />
                        </accessor>
                    </technique_common>
                </source>
                <vertices id="geom-014716E8-vtx">
                    <input semantic="POSITION" source="#geom-014716E8-pos" />
                </vertices>
                <triangles count="171" material="material-002302A8-symbol">
                    <input semantic="VERTEX" source="#geom-014716E8-vtx" offset="0" />
                    <input semantic="TEXCOORD" source="#geom-014716E8-texcoord" offset="0" />
                    <input semantic="COLOR" source="#geom-014716E8-colors" offset="0" />
                    <p>0 1 2 0 2 48 48 2 6 48 6 49 49 6 4 49 4 50 3 4 5 4 6 9 6 8 9 6 7 8 2 7 6 1 19 2 1 24 19 24 25 19 25 24 46 25 46 47 25 47 41 26 25 41 26 41 42 42 14 26 51 14 42 51 40 14 14 40 12 12 13 14 12 17 13 37 17 12 38 37 12 37 38 39 37 15 17 37 31 15 15 31 32 45 15 32 16 15 45 15 16 17 17 16 18 13 17 18 9 10 11 9 8 10 10 8 36 35 10 36 34 10 35 10 34 11 11 34 44 19 20 21 2 19 21 21 20 22 20 23 22 26 27 28 26 14 27 27 29 28 29 30 28 32 31 33 36 8 43 8 7 43 12 52 38 12 40 52 38 52 53 </p>
                </triangles>
            </mesh>
        </geometry>
        <geometry id="geom-037FCE30" name="geom-037FCE30">
            <mesh>
                <source id="geom-037FCE30-pos">
                    <float_array id="geom-037FCE30-pos-array" count="4218">1753.02 170.00 2256.00 1764.91 170.00 2276.59 1753.02 130.00 2256.00 1764.91 130.00 2276.59 1790.89 210.00 2261.59 1779.00 210.00 2241.00 1816.87 210.00 2246.59 1804.98 210.00 2226.00 1816.87 210.00 2246.59 1804.98 210.00 2226.00 1816.87 170.00 2246.59 1804.98 170.00 2226.00 1790.89 210.00 2261.59 1816.87 210.00 2246.59 1790.89 230.00 2261.59 1816.87 230.00 2246.59 1764.91 130.00 2276.59 1764.91 170.00 2276.59 1747.59 130.00 2286.59 1747.59 170.00 2286.59 1816.87 130.00 2246.59 1834.19 130.00 2236.59 1816.87 170.00 2246.59 1834.19 170.00 2236.59 1764.91 210.00 2276.59 1764.91 230.00 2276.59 1747.59 210.00 2286.59 1747.59 230.00 2286.59 1764.91 210.00 2276.59 1753.02 210.00 2256.00 1828.63 230.00 2226.97 1811.31 230.00 2236.97 1834.19 230.00 2236.59 1816.87 230.00 2246.59 1742.03 170.00 2276.97 1742.03 130.00 2276.97 1747.59 170.00 2286.59 1747.59 130.00 2286.59 1834.19 210.00 2236.59 1828.63 210.00 2226.97 1834.19 230.00 2236.59 1828.63 230.00 2226.97 1785.33 230.00 2251.97 1759.35 230.00 2266.97 1790.89 230.00 2261.59 1764.91 230.00 2276.59 1764.91 210.00 2276.59 1753.02 210.00 2256.00 1816.87 130.00 2246.59 1804.98 130.00 2226.00 1816.87 110.00 2246.59 1804.98 110.00 2226.00 1747.59 210.00 2286.59 1747.59 170.00 2286.59 1764.91 210.00 2276.59 1764.91 170.00 2276.59 1816.87 210.00 2246.59 1834.19 210.00 2236.59 1816.87 230.00 2246.59 1834.19 230.00 2236.59 1747.59 210.00 2286.59 1747.59 230.00 2286.59 1742.03 210.00 2276.97 1742.03 230.00 2276.97 1828.63 170.00 2226.97 1834.19 170.00 2236.59 1828.63 130.00 2226.97 1834.19 130.00 2236.59 1764.91 210.00 2276.59 1764.91 230.00 2276.59 1816.87 210.00 2246.59 1816.87 170.00 2246.59 1834.19 210.00 2236.59 1834.19 170.00 2236.59 1742.03 210.00 2276.97 1747.59 210.00 2286.59 1764.91 110.00 2276.59 1764.91 130.00 2276.59 1747.59 110.00 2286.59 1747.59 130.00 2286.59 1764.91 130.00 2276.59 1764.91 110.00 2276.59 1753.02 130.00 2256.00 1753.02 110.00 2256.00 1816.87 110.00 2246.59 1834.19 110.00 2236.59 1816.87 130.00 2246.59 1834.19 130.00 2236.59 1834.19 130.00 2236.59 1834.19 110.00 2236.59 1828.63 130.00 2226.97 1828.63 110.00 2226.97 1804.98 130.00 2226.00 1816.87 130.00 2246.59 1747.59 130.00 2286.59 1742.03 130.00 2276.97 1747.59 110.00 2286.59 1742.03 110.00 2276.97 1828.63 210.00 2226.97 1834.19 210.00 2236.59 1816.87 230.00 2246.59 1811.31 230.00 2236.97 1790.89 230.00 2261.59 1785.33 230.00 2251.97 1764.91 230.00 2276.59 1759.35 230.00 2266.97 1747.59 230.00 2286.59 1742.03 230.00 2276.97 1942.09 170.00 2793.48 1942.09 140.00 2793.48 1896.62 170.00 2819.72 1896.62 110.00 2819.72 1942.09 110.00 2793.48 1791.15 170.00 2742.05 1791.16 110.00 2742.05 1731.16 170.00 2638.13 1731.16 110.00 2638.13 2206.85 110.00 2502.05 2206.85 170.00 2502.05 2146.85 110.00 2398.13 2146.85 170.00 2398.13 2064.88 110.00 2376.17 2064.88 170.00 2376.17 1982.92 110.00 2354.20 1982.92 170.00 2354.20 1892.92 170.00 2198.32 1892.92 110.00 2198.32 1937.92 170.00 2276.26 1937.92 110.00 2276.26 1775.08 110.00 2474.20 1730.08 110.00 2396.26 1775.08 170.00 2474.20 1730.08 170.00 2396.26 1731.16 110.00 2638.13 1753.12 110.00 2556.17 1731.16 170.00 2638.13 1753.12 170.00 2556.17 2266.85 110.00 2605.98 2221.38 110.00 2632.22 2266.85 170.00 2605.98 2221.38 170.00 2632.22 2210.49 170.00 2501.46 2149.12 170.00 2395.16 1985.20 170.00 2351.24 2067.16 170.00 2373.20 1940.81 170.00 2273.77 1896.43 170.00 2196.30 2224.90 170.00 2634.86 2271.86 170.00 2607.75 1944.11 170.00 2796.98 1897.15 170.00 2824.09 1788.82 170.00 2744.91 1727.45 170.00 2638.62 1771.37 170.00 2474.69 1726.47 170.00 2397.52 1749.41 170.00 2556.66 1727.45 170.00 2638.62 2266.85 110.00 2605.98 2266.85 170.00 2605.98 2206.85 110.00 2502.05 2206.85 170.00 2502.05 2210.49 170.00 2501.46 2271.86 170.00 2607.75 1791.15 170.00 2742.05 1788.82 170.00 2744.91 1851.16 170.00 2845.98 1850.19 170.00 2851.20 1851.16 110.00 2845.98 1791.16 110.00 2742.05 2146.85 110.00 2398.13 2146.85 170.00 2398.13 2064.88 110.00 2376.17 2064.88 170.00 2376.17 2067.16 170.00 2373.20 2149.12 170.00 2395.16 1753.12 170.00 2556.17 1753.12 110.00 2556.17 1775.08 170.00 2474.20 1775.08 110.00 2474.20 1749.41 170.00 2556.66 1771.37 170.00 2474.69 1937.92 170.00 2276.26 1937.92 110.00 2276.26 1982.92 170.00 2354.20 1982.92 110.00 2354.20 1940.81 170.00 2273.77 1985.20 170.00 2351.24 1730.08 170.00 2396.26 1730.08 110.00 2396.26 1685.08 170.00 2318.32 1685.08 110.00 2318.32 1726.47 170.00 2397.52 1681.57 170.00 2320.34 1851.16 170.00 2845.98 1851.16 110.00 2845.98 2175.91 170.00 2658.48 2175.91 140.00 2658.48 2175.91 110.00 2658.48 1850.19 170.00 2851.20 2177.94 170.00 2661.98 2175.91 450.00 2658.48 2221.38 390.00 2632.22 2177.94 450.00 2661.98 2224.90 390.00 2634.86 2175.91 330.00 2658.48 2175.91 390.00 2658.48 2177.94 330.00 2661.98 2177.94 390.00 2661.98 2206.85 330.00 2502.05 2146.85 330.00 2398.13 2210.49 330.00 2501.46 2149.12 330.00 2395.16 2064.88 330.00 2376.17 2067.16 330.00 2373.20 2146.85 330.00 2398.13 2149.12 330.00 2395.16 1982.92 330.00 2354.20 1937.92 330.00 2276.26 1985.20 330.00 2351.24 1940.81 330.00 2273.77 2175.91 203.16 2658.48 2175.91 250.00 2658.48 2177.94 203.16 2661.98 2177.94 250.00 2661.98 1896.62 390.00 2819.72 1897.15 390.00 2824.09 1851.15 330.00 2845.98 1850.19 330.00 2851.20 1944.11 390.49 2796.98 1942.09 390.00 2793.48 1944.11 330.00 2796.98 1942.09 330.00 2793.48 1942.09 250.00 2793.48 1944.11 250.00 2796.98 1791.15 330.00 2742.05 1788.82 330.00 2744.91 1731.16 330.00 2638.13 1727.45 330.00 2638.62 1730.08 330.00 2396.26 1726.47 330.00 2397.52 1685.08 330.00 2318.32 1680.16 330.00 2317.90 1775.08 330.00 2474.20 1753.12 330.00 2556.17 1771.37 330.00 2474.69 1749.41 330.00 2556.66 2266.85 330.00 2605.98 2271.86 330.00 2607.75 1851.15 330.00 2845.98 1850.19 330.00 2851.20 1985.20 330.00 2351.24 1982.92 330.00 2354.20 1731.16 330.00 2638.13 1727.45 330.00 2638.62 1892.92 330.00 2198.32 1895.02 329.94 2193.85 1771.37 330.00 2474.69 1775.08 330.00 2474.20 1944.11 203.16 2796.98 1942.09 203.16 2793.48 1944.11 170.00 2796.98 1942.09 170.00 2793.48 2059.00 450.00 2725.98 2117.46 450.00 2692.22 2108.04 450.00 2733.92 2159.02 450.00 2668.23 2163.09 450.00 2675.28 2159.02 330.00 2668.23 2163.09 372.50 2675.28 2159.02 390.00 2668.23 2163.09 450.00 2675.28 2159.02 203.16 2668.23 2163.09 217.50 2675.28 2159.02 250.00 2668.23 2163.09 295.00 2675.28 1958.98 140.00 2783.72 1958.98 203.16 2783.72 1963.06 140.00 2790.77 1963.06 217.50 2790.77 1958.98 330.00 2783.72 1958.98 390.00 2783.72 1963.06 372.50 2790.77 1963.06 450.00 2790.77 1958.98 450.00 2783.72 1958.98 250.00 2783.72 1963.06 295.00 2790.77 2159.02 140.00 2668.23 2163.09 140.00 2675.28 2041.36 450.00 2772.42 2000.54 450.00 2759.72 1958.98 450.00 2783.72 1963.06 450.00 2790.77 1895.02 329.94 2193.85 1892.92 330.00 2198.32 1846.32 330.00 2221.97 1847.46 330.00 2224.57 2175.91 170.00 2658.48 2177.94 170.00 2661.98 1942.09 450.00 2793.48 1944.11 450.00 2796.98 2177.94 450.00 2661.98 2175.91 450.00 2658.48 1944.11 450.00 2796.98 1942.09 450.00 2793.48 2266.85 330.00 2605.98 2271.86 330.00 2607.75 1789.00 330.00 2258.32 1787.59 330.00 2255.88 1680.16 330.00 2317.90 1723.25 330.00 2293.02 1685.08 330.00 2318.32 1725.58 330.00 2294.94 1776.23 330.00 2262.44 1778.39 330.00 2264.45 1942.09 330.00 2793.48 1942.09 390.00 2793.48 1958.98 330.00 2783.72 1958.98 390.00 2783.72 2159.02 450.00 2668.23 2175.91 450.00 2658.48 2159.02 390.00 2668.23 2175.91 390.00 2658.48 1937.92 350.00 2276.26 1937.92 330.00 2276.26 1982.92 350.00 2354.20 1982.92 330.00 2354.20 2064.88 350.00 2376.17 2064.88 330.00 2376.17 2146.85 350.00 2398.13 2146.85 330.00 2398.13 2206.85 350.00 2502.05 2206.85 330.00 2502.05 2266.85 330.00 2605.98 2221.38 390.00 2632.22 2266.85 350.00 2605.98 2221.38 410.00 2632.22 2175.91 470.00 2658.48 2175.91 450.00 2658.48 2117.46 470.00 2692.22 2117.46 450.00 2692.22 1942.09 470.00 2793.48 1942.09 450.00 2793.48 1896.62 410.00 2819.72 1896.62 390.00 2819.72 1791.16 350.00 2742.05 1791.15 330.00 2742.05 1731.16 350.00 2638.13 1731.16 330.00 2638.13 1753.12 350.00 2556.17 1753.12 330.00 2556.17 1775.08 350.00 2474.20 1775.08 330.00 2474.20 1730.08 350.00 2396.26 1730.08 330.00 2396.26 1685.08 350.00 2318.32 1685.08 330.00 2318.32 1958.98 250.00 2783.72 1942.09 250.00 2793.48 2175.91 250.00 2658.48 2159.02 250.00 2668.23 2175.91 330.00 2658.48 2159.02 330.00 2668.23 1789.00 350.00 2258.32 1789.00 330.00 2258.32 1847.46 350.00 2224.57 1847.46 330.00 2224.57 2266.85 350.00 2605.98 2266.85 330.00 2605.98 1851.16 350.00 2845.98 1851.15 330.00 2845.98 1892.92 350.00 2198.32 1892.92 330.00 2198.32 2175.91 140.00 2658.48 2159.02 140.00 2668.23 2175.91 170.00 2658.48 2159.02 203.16 2668.23 2175.91 203.16 2658.48 1942.09 203.16 2793.48 1958.98 203.16 2783.72 1942.09 170.00 2793.48 1958.98 140.00 2783.72 1942.09 140.00 2793.48 1958.98 203.16 2783.72 1942.09 203.16 2793.48 2059.00 470.00 2725.98 2059.00 450.00 2725.98 2000.54 470.00 2759.72 2000.54 450.00 2759.72 1892.92 350.00 2198.32 1892.92 330.00 2198.32 1942.09 470.00 2793.48 1942.09 450.00 2793.48 2175.91 203.16 2658.48 2159.02 203.16 2668.23 1958.98 450.00 2783.72 1942.09 450.00 2793.48 1851.16 350.00 2845.98 1851.15 330.00 2845.98 2175.91 450.00 2658.48 2175.91 470.00 2658.48 1685.08 350.00 2318.32 1685.08 330.00 2318.32 1711.20 350.00 2303.24 1725.58 330.00 2294.94 1778.39 330.00 2264.45 1829.98 340.46 2374.38 1806.56 367.00 2356.36 1859.80 350.00 2392.96 1789.34 340.46 2414.00 1768.79 360.94 2373.70 1756.92 338.91 2380.76 1756.92 338.91 2380.76 1768.79 360.94 2373.70 1723.12 350.25 2300.85 1734.78 374.18 2288.58 1774.01 369.88 2282.02 1775.08 350.25 2270.85 1766.21 409.16 2198.89 1773.51 397.22 2184.72 1723.12 350.25 2300.85 1734.78 374.18 2288.58 1721.54 397.22 2214.72 1736.99 412.62 2215.07 1775.08 350.25 2270.85 1774.01 369.88 2282.02 1808.88 338.91 2350.76 1806.56 367.00 2356.36 1801.09 316.38 2355.26 1765.63 329.02 2272.47 1808.88 338.91 2350.76 1775.08 350.25 2270.85 1746.73 320.25 2281.74 1742.78 368.76 2191.50 1765.63 329.02 2272.47 1762.39 377.30 2183.46 1729.26 329.02 2293.47 1726.02 377.30 2204.46 1723.12 350.25 2300.85 1721.54 397.22 2214.72 1775.08 350.25 2270.85 1773.51 397.22 2184.72 1782.90 307.38 2365.76 1746.73 320.25 2281.74 1764.72 316.38 2376.26 1729.26 329.02 2293.47 1723.12 350.25 2300.85 1756.92 338.91 2380.76 1808.88 338.91 2350.76 1830.50 350.00 2442.20 2013.76 465.42 2530.39 2024.24 470.00 2579.77 2011.29 450.46 2543.94 2025.13 456.03 2594.45 1998.31 439.98 2498.86 1981.86 427.38 2508.37 1997.38 439.17 2554.86 1966.99 439.94 2516.95 1981.69 449.94 2555.84 1960.01 446.36 2523.77 1974.86 465.42 2554.00 1958.32 455.45 2520.38 1976.02 413.46 2467.89 1977.94 435.50 2456.38 1998.31 439.98 2498.86 2001.81 454.45 2489.25 1870.30 326.00 2411.14 1882.46 350.00 2412.20 1947.60 380.00 2445.03 1930.78 386.00 2425.88 1962.81 406.08 2478.74 1947.60 380.00 2445.03 1936.80 380.58 2461.56 1936.80 380.58 2461.56 1862.95 325.00 2430.40 1918.48 388.26 2465.29 1945.58 412.58 2484.68 1918.48 388.26 2465.29 1847.18 332.44 2438.90 1929.73 430.00 2477.87 1908.36 407.00 2463.07 1908.36 407.00 2463.07 1833.10 340.41 2445.06 1830.50 350.00 2442.20 1870.30 326.00 2411.14 1831.33 314.91 2385.72 1859.80 350.00 2392.96 1829.98 340.46 2374.38 1818.56 309.91 2400.60 1801.09 316.38 2355.26 1782.90 307.38 2365.76 1800.12 318.41 2410.67 1764.72 316.38 2376.26 1789.34 340.46 2414.00 1756.92 338.91 2380.76 1877.95 411.18 2519.30 1914.75 434.52 2529.16 1872.69 419.87 2515.53 1910.26 445.21 2525.25 1919.80 427.10 2522.88 1960.01 446.36 2523.77 1966.99 439.94 2516.95 1883.82 414.38 2497.07 1914.47 436.51 2504.18 1890.36 408.30 2502.75 1918.94 427.66 2510.73 1942.98 453.00 2497.36 1949.09 438.38 2500.31 1861.57 387.88 2505.39 1854.14 394.15 2499.64 1849.05 368.10 2486.77 1840.91 375.34 2480.68 1833.10 340.41 2445.06 1830.50 350.00 2442.20 1867.38 369.95 2472.35 1847.18 332.44 2438.90 1854.06 350.58 2444.12 1877.37 388.07 2492.23 1872.45 396.15 2487.34 1808.88 338.91 2350.76 1862.95 325.00 2430.40 1847.18 332.44 2438.90 1833.10 340.41 2445.06 1830.50 350.00 2442.20 1949.17 401.00 2433.74 1981.86 427.38 2508.37 1966.99 439.94 2516.95 1949.09 438.38 2500.31 1942.98 453.00 2497.36 2010.17 443.97 2607.40 2019.24 447.78 2602.97 2001.81 454.45 2489.25 1998.45 447.23 2605.87 1991.66 453.55 2600.91 1983.33 470.00 2584.91 1887.05 405.68 2512.66 1872.44 383.45 2501.34 1861.60 365.41 2482.63 1958.32 455.45 2520.38 1856.96 369.00 2450.02 1863.30 377.95 2466.30 2049.80 105.60 2675.50 2057.59 105.60 2659.71 2049.76 140.00 2675.47 2057.54 140.00 2659.70 2058.74 105.60 2642.14 2058.69 140.00 2642.15 2058.74 105.60 2642.14 2053.08 105.60 2625.47 2058.69 140.00 2642.15 2053.04 140.00 2625.49 2041.47 105.60 2612.23 2041.44 140.00 2612.27 2041.47 105.60 2612.23 2025.68 105.60 2604.44 2041.44 140.00 2612.27 2025.67 140.00 2604.49 2008.11 105.60 2603.29 2008.12 140.00 2603.34 2008.11 105.60 2603.29 1991.44 105.60 2608.95 2008.12 140.00 2603.34 1991.46 140.00 2608.99 1978.20 105.60 2620.56 1978.24 140.00 2620.59 1978.20 105.60 2620.56 1970.41 105.60 2636.35 1978.24 140.00 2620.59 1970.46 140.00 2636.36 1969.26 105.60 2653.92 1969.31 140.00 2653.92 1969.26 105.60 2653.92 1974.92 105.60 2670.60 1969.31 140.00 2653.92 1974.96 140.00 2670.57 1986.53 105.60 2683.83 1986.56 140.00 2683.80 1986.53 105.60 2683.83 2002.32 105.60 2691.62 1986.56 140.00 2683.80 2002.33 140.00 2691.58 2019.89 105.60 2692.77 2019.88 140.00 2692.72 2019.89 105.60 2692.77 2036.52 105.60 2687.04 2019.88 140.00 2692.72 2036.54 140.00 2687.07 2049.80 105.60 2675.50 2049.76 140.00 2675.47 2031.08 140.00 2677.62 2041.10 140.00 2668.83 2041.10 140.00 2668.83 2047.00 140.00 2656.88 2047.87 140.00 2643.57 2047.87 140.00 2643.57 2043.59 140.00 2630.95 2034.80 140.00 2620.93 2034.80 140.00 2620.93 2022.84 140.00 2615.03 2009.54 140.00 2614.16 2009.54 140.00 2614.16 1996.92 140.00 2618.44 1986.90 140.00 2627.23 1986.90 140.00 2627.23 1981.00 140.00 2639.19 1980.13 140.00 2652.49 1980.13 140.00 2652.49 1984.41 140.00 2665.12 1993.20 140.00 2675.14 1993.20 140.00 2675.14 2005.16 140.00 2681.03 2018.46 140.00 2681.90 2018.46 140.00 2681.90 2038.83 136.67 2667.08 2044.23 136.67 2656.13 2045.03 136.67 2643.95 2047.87 140.00 2643.57 2045.03 136.67 2643.95 2041.10 136.67 2632.38 2034.80 140.00 2620.93 2033.05 136.67 2623.20 2034.80 140.00 2620.93 2033.05 136.67 2623.20 2022.10 136.67 2617.80 2009.54 140.00 2614.16 2009.92 136.67 2617.00 2009.54 140.00 2614.16 2009.92 136.67 2617.00 1998.35 136.67 2620.93 1986.90 140.00 2627.23 1989.17 136.67 2628.98 1986.90 140.00 2627.23 1989.17 136.67 2628.98 1983.77 136.67 2639.93 1980.13 140.00 2652.49 1982.97 136.67 2652.12 1980.13 140.00 2652.49 1982.97 136.67 2652.12 1986.90 136.67 2663.68 1993.20 140.00 2675.14 1994.95 136.67 2672.86 1993.20 140.00 2675.14 1994.95 136.67 2672.86 2005.90 136.67 2678.26 2018.46 140.00 2681.90 2018.08 136.67 2679.06 2018.08 136.67 2679.06 2029.65 136.67 2675.14 2038.83 136.67 2667.08 2085.91 140.00 2502.59 2085.91 110.00 2502.59 2046.94 130.00 2525.09 2046.94 110.00 2525.09 2024.44 110.00 2486.12 2035.94 120.00 2506.04 2046.94 110.00 2525.09 2024.44 120.00 2486.12 2046.94 130.00 2525.09 2035.94 130.00 2506.04 1891.06 110.00 2615.09 1880.06 120.00 2596.04 1868.56 110.00 2576.12 1868.56 120.00 2576.12 1891.06 130.00 2615.09 1880.06 130.00 2596.04 1852.09 110.00 2637.59 1852.09 140.00 2637.59 1891.06 130.00 2615.09 1891.06 110.00 2615.09 1928.32 140.00 2636.06 1925.70 140.00 2595.09 1852.09 140.00 2637.59 1969.00 140.00 2570.09 2007.57 140.00 2599.21 2012.30 140.00 2545.09 2099.68 140.00 2660.01 2108.04 140.00 2733.92 2159.02 140.00 2668.23 2093.78 140.00 2601.97 2043.98 140.00 2608.96 2056.65 140.00 2623.41 1958.00 130.00 2551.04 1914.70 130.00 2576.04 1969.00 130.00 2570.09 1925.70 130.00 2595.09 2001.30 130.00 2526.04 2012.30 130.00 2545.09 2035.94 130.00 2506.04 2046.94 130.00 2525.09 1946.50 120.00 2531.12 1903.20 120.00 2556.12 1958.00 120.00 2551.04 1914.70 120.00 2576.04 2130.91 140.00 2580.53 2130.91 110.00 2580.53 2085.91 140.00 2502.59 2085.91 110.00 2502.59 1852.09 140.00 2637.59 1852.09 110.00 2637.59 1897.09 140.00 2715.53 1897.09 110.00 2715.53 2012.30 130.00 2545.09 1969.00 130.00 2570.09 2012.30 140.00 2545.09 1969.00 140.00 2570.09 1958.00 130.00 2551.04 2001.30 130.00 2526.04 1958.00 120.00 2551.04 2001.30 120.00 2526.04 1914.70 130.00 2576.04 1914.70 120.00 2576.04 1880.06 130.00 2596.04 1880.06 120.00 2596.04 1960.93 110.00 2522.78 1989.80 120.00 2506.12 1989.80 110.00 2506.12 1885.88 120.00 2566.12 1885.88 110.00 2566.12 1868.56 120.00 2576.12 1868.56 110.00 2576.12 1925.70 140.00 2595.09 1925.70 130.00 2595.09 2007.12 120.00 2496.12 2035.94 120.00 2506.04 2024.44 120.00 2486.12 2175.91 140.00 2658.48 2175.91 110.00 2658.48 1942.09 140.00 2793.48 1942.09 110.00 2793.48 1934.22 140.00 2694.10 1984.02 140.00 2687.10 1971.35 140.00 2672.66 1965.18 140.00 2654.46 1966.43 140.00 2635.29 1981.53 140.00 2728.23 2020.43 140.00 2696.86 2001.26 140.00 2695.60 2062.83 140.00 2641.61 2061.57 140.00 2660.78 1966.43 140.00 2635.29 1965.18 140.00 2654.46 1970.41 105.60 2636.35 1969.26 105.60 2653.92 1971.35 140.00 2672.66 1974.92 105.60 2670.60 2001.26 140.00 2695.60 2020.43 140.00 2696.86 2002.32 105.60 2691.62 2019.89 105.60 2692.77 2038.58 140.00 2690.61 2036.52 105.60 2687.04 2061.57 140.00 2660.78 2062.83 140.00 2641.61 2057.59 105.60 2659.71 2058.74 105.60 2642.14 2056.65 140.00 2623.41 2053.08 105.60 2625.47 1989.38 140.00 2605.39 1974.93 140.00 2618.06 1991.44 105.60 2608.95 1978.20 105.60 2620.56 2026.75 140.00 2600.47 2007.57 140.00 2599.21 2025.68 105.60 2604.44 2008.11 105.60 2603.29 2043.98 140.00 2608.96 2041.47 105.60 2612.23 1984.02 140.00 2687.10 1986.53 105.60 2683.83 2053.07 140.00 2678.02 2049.80 105.60 2675.50 1897.09 140.00 2715.53 2041.36 140.00 2772.42 1958.98 140.00 2783.72 2130.91 140.00 2580.53 2085.91 140.00 2502.59 2046.47 140.00 2567.84 2035.94 120.00 2506.04 2035.94 130.00 2506.04 2007.12 110.00 2496.12 2007.12 120.00 2496.12 1989.80 120.00 2506.12 2001.30 120.00 2526.04 1891.06 130.00 2615.09 1880.06 130.00 2596.04 1885.88 120.00 2566.12 1880.06 120.00 2596.04 1903.20 120.00 2556.12 1932.07 110.00 2539.45 1903.20 110.00 2556.12 1974.93 140.00 2618.06 1989.38 140.00 2605.39 1969.00 140.00 2570.09 2026.75 140.00 2600.47 2024.44 110.00 2486.12 2024.44 120.00 2486.12 1868.56 120.00 2576.12 2175.91 140.00 2658.48 1942.09 140.00 2793.48 2054.15 140.00 2717.57 2053.07 140.00 2678.02 2038.58 140.00 2690.61 1963.06 140.00 2790.77 2163.09 140.00 2675.28 1946.50 120.00 2531.12 1825.88 110.00 2462.20 1843.20 110.00 2452.20 1805.88 110.00 2427.56 1823.20 110.00 2417.56 1929.80 110.00 2402.20 1947.12 110.00 2392.20 1909.80 110.00 2367.56 1927.12 110.00 2357.56 1843.20 110.00 2452.20 1825.88 110.00 2462.20 1863.20 110.00 2486.84 1845.88 110.00 2496.84 1947.12 110.00 2392.20 1929.80 110.00 2402.20 1967.12 110.00 2426.84 1949.80 110.00 2436.84 1885.88 110.00 2566.12 1903.20 110.00 2556.12 1865.88 110.00 2531.48 1883.20 110.00 2521.48 1989.80 110.00 2506.12 2007.12 110.00 2496.12 1969.80 110.00 2471.48 1987.12 110.00 2461.48 1863.20 110.00 2486.84 1845.88 110.00 2496.84 1883.20 110.00 2521.48 1865.88 110.00 2531.48 1967.12 110.00 2426.84 1949.80 110.00 2436.84 1987.12 110.00 2461.48 1969.80 110.00 2471.48 1852.07 110.00 2400.89 1823.20 110.00 2417.56 1872.07 110.00 2435.53 1843.20 110.00 2452.20 1969.80 110.00 2471.48 1940.93 110.00 2488.14 1989.80 110.00 2506.12 1960.93 110.00 2522.78 1929.80 110.00 2402.20 1900.93 110.00 2418.86 1949.80 110.00 2436.84 1920.93 110.00 2453.50 1900.93 110.00 2418.86 1920.93 110.00 2453.50 1892.07 110.00 2470.17 1892.07 110.00 2470.17 1863.20 110.00 2486.84 1912.07 110.00 2504.81 1883.20 110.00 2521.48 1909.80 110.00 2367.56 1880.93 110.00 2384.22 1880.93 110.00 2384.22 1912.07 110.00 2504.81 1883.20 110.00 2521.48 1932.07 110.00 2539.45 1903.20 110.00 2556.12 1940.93 110.00 2488.14 1960.93 110.00 2522.78 1920.93 110.00 2453.50 1940.93 110.00 2488.14 1863.20 110.00 2486.84 1949.80 110.00 2436.84 1920.93 110.00 2453.50 1969.80 110.00 2471.48 1940.93 110.00 2488.14 1791.16 350.00 2742.05 1731.16 350.00 2638.13 1836.62 410.00 2715.80 1776.62 410.00 2611.88 1775.08 350.00 2474.20 1799.65 410.00 2529.30 1753.12 350.00 2556.17 1824.64 470.00 2584.16 2053.36 470.00 2452.10 2018.35 410.00 2403.03 2101.38 410.00 2424.38 2114.24 470.00 2555.52 2161.38 410.00 2528.30 2206.85 350.00 2502.05 2146.85 350.00 2398.13 1730.08 350.00 2396.26 1775.54 350.00 2370.01 1820.54 350.00 2447.96 1937.46 350.00 2380.46 1967.46 410.00 2432.42 2057.46 470.00 2588.30 1997.46 470.00 2484.38 2221.38 410.00 2632.22 2266.85 350.00 2605.98 2175.91 470.00 2658.48 2117.46 470.00 2692.22 1896.62 410.00 2819.72 1942.09 470.00 2793.48 1883.76 470.00 2688.59 1789.00 350.00 2258.32 1847.46 350.00 2224.57 1834.00 350.00 2336.26 1892.46 350.00 2302.51 1879.00 350.00 2414.20 1999.00 470.00 2622.05 2059.00 470.00 2725.98 1940.54 470.00 2655.80 2000.54 470.00 2759.72 1939.00 470.00 2518.13 1880.54 470.00 2551.88 1909.00 410.00 2466.17 1850.54 410.00 2499.92 1937.92 350.00 2276.26 1892.92 350.00 2198.32 1982.92 350.00 2354.20 2028.23 470.00 2605.18 1968.23 470.00 2501.25 1938.23 410.00 2449.29 2064.88 350.00 2376.17 1851.16 350.00 2845.98 1796.10 350.00 2314.38 1781.43 350.00 2318.88 1759.27 350.00 2341.82 1724.54 350.00 2323.66 1685.08 350.00 2318.32 1711.20 350.00 2303.24 2126.08 431.59 2724.65 2154.98 431.59 2693.86 2126.08 390.91 2724.65 2154.98 390.91 2693.86 2126.07 276.59 2724.65 2154.98 276.59 2693.86 2126.07 235.91 2724.65 2154.98 235.91 2693.86 1983.20 199.09 2793.04 2024.32 199.09 2783.40 1983.20 158.41 2793.04 2024.32 158.41 2783.40 1983.20 354.09 2793.04 2024.32 354.09 2783.40 1983.20 313.41 2793.04 2024.32 313.41 2783.40 2060.60 199.09 2769.17 2095.60 199.09 2748.96 2060.60 158.41 2769.17 2095.60 158.41 2748.96 2060.60 354.09 2769.17 2095.60 354.09 2748.96 2060.60 313.41 2769.17 2095.60 313.41 2748.96 1983.20 276.59 2793.04 2024.32 276.59 2783.40 1983.20 235.91 2793.04 2024.32 235.91 2783.40 2126.08 199.09 2724.65 2154.98 199.09 2693.86 2126.08 158.41 2724.65 2154.98 158.41 2693.86 2060.60 276.59 2769.17 2095.60 276.59 2748.96 2060.60 235.91 2769.17 2095.60 235.91 2748.96 2126.07 354.09 2724.65 2154.98 354.09 2693.86 2126.07 313.41 2724.65 2154.98 313.41 2693.86 1983.20 431.59 2793.04 2024.32 431.59 2783.40 1983.20 390.91 2793.04 2024.32 390.91 2783.40 2060.60 431.59 2769.17 2095.60 431.59 2748.96 2060.60 390.91 2769.17 2095.60 390.91 2748.96 2108.04 450.00 2733.92 2163.09 450.00 2675.28 2106.90 446.12 2727.34 2156.45 446.12 2674.56 2163.09 372.50 2675.28 2156.45 376.38 2674.56 2108.04 372.50 2733.92 2106.90 376.38 2727.34 2108.04 295.00 2733.92 2163.09 295.00 2675.28 2106.90 291.12 2727.34 2156.45 291.12 2674.56 2163.09 217.50 2675.28 2156.45 221.37 2674.56 2108.04 217.50 2733.92 2106.90 221.37 2727.34 1963.06 217.50 2790.77 2041.36 217.50 2772.42 1965.75 213.62 2784.66 2036.23 213.62 2768.14 2041.36 140.00 2772.42 2036.23 143.88 2768.14 1963.06 140.00 2790.77 1965.75 143.88 2784.66 1963.06 372.50 2790.77 2041.36 372.50 2772.42 1965.75 368.62 2784.66 2036.23 368.62 2768.14 2041.36 295.00 2772.42 2036.23 298.88 2768.14 1963.06 295.00 2790.77 1965.75 298.88 2784.66 2041.36 217.50 2772.42 2108.04 217.50 2733.92 2042.03 213.62 2765.88 2102.04 213.62 2731.23 2108.04 140.00 2733.92 2102.04 143.88 2731.23 2041.36 140.00 2772.42 2042.03 143.88 2765.88 2041.36 372.50 2772.42 2108.04 372.50 2733.92 2042.03 368.62 2765.88 2102.04 368.62 2731.23 2108.04 295.00 2733.92 2102.04 298.88 2731.23 2041.36 295.00 2772.42 2042.03 298.88 2765.88 1963.06 295.00 2790.77 2041.36 295.00 2772.42 1965.75 291.12 2784.66 2036.23 291.12 2768.14 2041.36 217.50 2772.42 2036.23 221.38 2768.14 1963.06 217.50 2790.77 1965.75 221.38 2784.66 2108.04 217.50 2733.92 2163.09 217.50 2675.28 2106.90 213.63 2727.34 2156.45 213.63 2674.56 2163.09 140.00 2675.28 2156.45 143.88 2674.56 2108.04 140.00 2733.92 2106.90 143.88 2727.34 2041.36 295.00 2772.42 2108.04 295.00 2733.92 2042.03 291.12 2765.88 2102.04 291.12 2731.23 2108.04 217.50 2733.92 2102.04 221.38 2731.23 2041.36 217.50 2772.42 2042.03 221.38 2765.88 2108.04 372.50 2733.92 2163.09 372.50 2675.28 2106.90 368.62 2727.34 2156.45 368.62 2674.56 2163.09 295.00 2675.28 2156.45 298.88 2674.56 2108.04 295.00 2733.92 2106.90 298.88 2727.34 1963.06 450.00 2790.77 2041.36 450.00 2772.42 1965.75 446.12 2784.66 2036.23 446.12 2768.14 2041.36 372.50 2772.42 2036.23 376.38 2768.14 1963.06 372.50 2790.77 1965.75 376.38 2784.66 2041.36 450.00 2772.42 2108.04 450.00 2733.92 2042.03 446.12 2765.88 2102.04 446.12 2731.23 2108.04 372.50 2733.92 2102.04 376.38 2731.23 2041.36 372.50 2772.42 2042.03 376.38 2765.88 2114.34 435.66 2719.42 2149.02 435.66 2682.48 2149.02 386.84 2682.48 2114.34 386.84 2719.42 2114.34 280.66 2719.42 2149.02 280.66 2682.48 2149.02 231.84 2682.48 2114.34 231.84 2719.42 1976.32 203.16 2782.18 2025.66 203.16 2770.62 2025.66 154.34 2770.62 1976.32 154.34 2782.18 1976.32 358.16 2782.18 2025.66 358.16 2770.62 2025.66 309.34 2770.62 1976.32 309.34 2782.18 2051.03 203.16 2760.68 2093.04 203.16 2736.42 2093.04 154.34 2736.42 2051.03 154.34 2760.68 2051.03 358.16 2760.68 2093.04 358.16 2736.42 2093.04 309.34 2736.42 2051.03 309.34 2760.68 1976.32 280.66 2782.18 2025.66 280.66 2770.62 2025.66 231.84 2770.62 1976.32 231.84 2782.18 2114.34 203.16 2719.42 2149.02 203.16 2682.48 2149.02 154.34 2682.48 2114.34 154.34 2719.42 2051.03 280.66 2760.68 2093.04 280.66 2736.42 2093.04 231.84 2736.42 2051.03 231.84 2760.68 2114.34 358.16 2719.42 2149.02 358.16 2682.48 2149.02 309.34 2682.48 2114.34 309.34 2719.42 1976.32 435.66 2782.18 2025.66 435.66 2770.62 2025.66 386.84 2770.62 1976.32 386.84 2782.18 2051.03 435.66 2760.68 2093.04 435.66 2736.42 2093.04 386.84 2736.42 2051.03 386.84 2760.68 2126.08 431.59 2724.65 2154.98 431.59 2693.86 2154.98 390.91 2693.86 2126.08 390.91 2724.65 2093.04 231.84 2736.42 2095.60 235.91 2748.96 2177.94 450.00 2661.98 2224.90 390.00 2634.86 2177.94 390.00 2661.98 2271.86 330.00 2607.75 2224.90 330.00 2634.86 2177.94 330.00 2661.98 1944.11 390.49 2796.98 1944.11 330.00 2796.98 1897.15 390.00 2824.09 1897.15 330.00 2824.09 1897.15 250.00 2824.09 1850.19 330.00 2851.20 1850.19 250.00 2851.20 1727.45 250.00 2638.62 1788.82 250.00 2744.91 1727.45 170.00 2638.62 1788.82 170.00 2744.91 2149.12 250.00 2395.16 2210.49 250.00 2501.46 2149.12 330.00 2395.16 2210.49 330.00 2501.46 2149.12 170.00 2395.16 2067.16 170.00 2373.20 2067.16 250.00 2373.20 1985.20 250.00 2351.24 1940.81 250.00 2273.77 1985.20 170.00 2351.24 1940.81 170.00 2273.77 1681.57 170.00 2320.34 1681.57 250.00 2320.34 1726.47 170.00 2397.52 1726.47 250.00 2397.52 1771.37 170.00 2474.69 1771.37 250.00 2474.69 1749.41 170.00 2556.66 1749.41 250.00 2556.66 2224.90 250.00 2634.86 2177.94 250.00 2661.98 1789.00 230.00 2258.32 1832.30 230.00 2233.32 1788.65 250.00 2257.71 1849.27 250.00 2222.71 1728.38 170.00 2293.32 1685.08 170.00 2318.32 1719.14 110.00 2298.20 1685.08 110.00 2318.32 1857.94 110.00 2217.86 1849.62 170.00 2223.32 1832.06 110.00 2232.90 1832.30 170.00 2233.32 1681.57 250.00 2320.34 1681.57 170.00 2320.34 2271.86 250.00 2607.75 2271.86 170.00 2607.75 2210.49 170.00 2501.46 1850.19 250.00 2851.20 1850.19 330.00 2851.20 1788.82 330.00 2744.91 1985.20 330.00 2351.24 2067.16 330.00 2373.20 1727.45 330.00 2638.62 1749.41 330.00 2556.66 1940.81 330.00 2273.77 1896.43 250.00 2196.30 1895.02 329.94 2193.85 1771.37 330.00 2474.69 1726.47 330.00 2397.52 1896.43 250.00 2196.30 1892.92 170.00 2198.32 1896.43 170.00 2196.30 2224.90 170.00 2634.86 2271.86 170.00 2607.75 2271.86 250.00 2607.75 2271.86 330.00 2607.75 1896.43 170.00 2196.30 1944.11 170.00 2796.98 1897.15 170.00 2824.09 1944.11 203.16 2796.98 1944.11 250.00 2796.98 1850.19 170.00 2851.20 1680.16 330.00 2317.90 2177.94 170.00 2661.98 2177.94 203.16 2661.98 1850.19 170.00 2851.20 1728.03 250.00 2292.71 1745.70 170.00 2283.32 1745.46 110.00 2282.90 1745.70 230.00 2283.32 1892.92 110.00 2198.32 1787.59 330.00 2255.88 1846.32 330.00 2221.97 1944.11 450.00 2796.98 1895.02 329.94 2193.85 1728.62 311.72 2290.48 1723.25 330.00 2293.02 1680.16 330.00 2317.90 1750.95 301.48 2277.90 1753.42 313.73 2276.10 1764.80 315.85 2269.46 1776.23 330.00 2262.44 2038.83 136.67 2667.08 2044.23 136.67 2656.13 2037.64 140.00 2666.17 2042.78 140.00 2655.74 2043.54 140.00 2644.14 2014.00 137.61 2648.03 2039.81 140.00 2633.13 2032.14 140.00 2624.39 2021.71 140.00 2619.25 2010.11 140.00 2618.49 1999.10 140.00 2622.22 1990.36 140.00 2629.89 1985.22 140.00 2640.32 1984.46 140.00 2651.92 1988.19 140.00 2662.93 1995.86 140.00 2671.67 2006.29 140.00 2676.82 2017.89 140.00 2677.58 2028.90 140.00 2673.84 2029.65 136.67 2675.14 2045.03 136.67 2643.95 2041.10 136.67 2632.38 2033.05 136.67 2623.20 2022.10 136.67 2617.80 2009.92 136.67 2617.00 1998.35 136.67 2620.93 1989.17 136.67 2628.98 1983.77 136.67 2639.93 1982.97 136.67 2652.12 1986.90 136.67 2663.68 1994.95 136.67 2672.86 2005.90 136.67 2678.26 2018.08 136.67 2679.06 1728.62 311.72 2290.48 1750.95 301.48 2277.90 1726.67 330.00 2267.76 1741.74 330.00 2249.82 1753.42 313.73 2276.10 1746.94 330.00 2258.14 1764.80 315.85 2269.46 1757.11 330.00 2254.56 1776.23 330.00 2262.44 1723.25 330.00 2293.02 1719.24 399.61 2181.26 1723.25 330.00 2293.02 1726.67 330.00 2267.76 1711.20 350.00 2303.24 1725.58 330.00 2294.94 1759.27 350.00 2341.82 1724.54 350.00 2323.66 1778.39 330.00 2264.45 1789.00 350.00 2258.32 1796.10 350.00 2314.38 1781.43 350.00 2318.88 1776.23 330.00 2262.44 1741.74 330.00 2249.82 1746.94 330.00 2258.14 1757.11 330.00 2254.56 1896.79 470.00 2621.02 1931.58 460.00 2633.27 1922.55 470.00 2639.63 1964.82 450.00 2634.86 1946.77 470.00 2647.59 1964.82 450.00 2634.86 1979.36 440.00 2668.03 1950.78 470.00 2684.53 1946.77 470.00 2647.59 1974.88 440.00 2638.28 1981.27 470.00 2707.34 2001.32 450.00 2698.08 2003.38 440.00 2687.65 2001.32 450.00 2698.08 2034.50 440.00 2683.54 2014.06 470.00 2716.13 2050.50 470.00 2711.25 2003.38 440.00 2687.65 2053.62 440.00 2658.65 2084.17 470.00 2667.56 2084.17 470.00 2667.56 2053.62 440.00 2658.65 2080.16 470.00 2630.62 2058.17 450.00 2622.53 2048.64 440.00 2628.03 2025.12 440.00 2609.28 2062.66 470.00 2600.31 2032.67 470.00 2578.36 2032.67 470.00 2578.36 2025.12 440.00 2609.28 1994.00 440.00 2613.39 1978.00 470.00 2585.68 1964.82 450.00 2634.86 1955.56 470.00 2614.80 1974.88 440.00 2638.28 1926.94 470.00 2623.24 1955.56 470.00 2614.80 1984.20 437.61 2640.41 1987.15 437.61 2663.53 2006.20 437.61 2678.52 2006.20 437.61 2678.52 2029.75 437.61 2675.31 2044.30 437.61 2656.52 2044.30 437.61 2656.52 2040.85 437.61 2632.53 2022.30 437.61 2618.41 2022.30 437.61 2618.41 1998.75 437.61 2621.62 1984.20 437.61 2640.41 1998.75 437.61 2621.62 1998.76 413.71 2644.04 2006.22 413.71 2634.56 2014.00 340.00 2648.03 2007.66 387.44 2651.79 2007.18 387.44 2646.26 2012.37 387.44 2655.26 1999.84 413.71 2656.36 2010.34 413.71 2664.09 2012.37 387.44 2655.26 2017.72 387.44 2654.48 2010.34 413.71 2664.09 2022.28 413.71 2662.37 2021.07 387.44 2650.23 2029.74 413.71 2652.89 2021.07 387.44 2650.23 2020.42 387.44 2644.42 2029.74 413.71 2652.89 2028.29 413.71 2639.93 2015.88 387.44 2641.24 2010.52 387.44 2642.01 2015.88 387.44 2641.24 2018.16 413.71 2632.84 2007.18 387.44 2646.26 2125.72 470.00 2583.53 2058.17 450.00 2622.53 2062.66 470.00 2600.31 2080.16 470.00 2630.62 2001.32 450.00 2698.08 1991.28 470.00 2754.68 1981.27 470.00 2707.34 2014.06 470.00 2716.13 1987.15 437.61 2663.53 1984.20 437.61 2640.41 1998.76 413.71 2644.04 1984.20 437.61 2640.41 2006.20 437.61 2678.52 2006.20 437.61 2678.52 2029.75 437.61 2675.31 2044.30 437.61 2656.52 2040.85 437.61 2632.53 2044.30 437.61 2656.52 2022.30 437.61 2618.41 2018.16 413.71 2632.84 2022.30 437.61 2618.41 1949.17 401.00 2433.74 1947.60 380.00 2445.03 1942.86 378.00 2410.82 1930.78 386.00 2425.88 1861.46 350.00 2375.83 1852.12 350.00 2339.66 1869.30 333.00 2379.40 1852.12 350.00 2339.66 1878.59 350.00 2377.49 1869.30 333.00 2379.40 1870.30 326.00 2411.14 1859.80 350.00 2392.96 1882.46 350.00 2412.20 1745.46 110.00 2282.90 1788.69 110.00 2257.86 1744.00 110.00 2261.00 1779.00 110.00 2241.00 1858.50 110.00 2379.00 1823.60 110.00 2318.43 1789.00 110.00 2419.00 1753.97 110.00 2358.43 1840.82 110.00 2268.22 1832.06 110.00 2232.90 1813.50 110.00 2221.00 1719.14 110.00 2298.20 1771.33 110.00 2308.24 1928.00 110.00 2339.00 1892.97 110.00 2278.43 1857.94 110.00 2217.86 </float_array>
                    <technique_common>
                        <accessor source="#geom-037FCE30-pos-array" count="1406" stride="3">
                            <param name="X" type="float" />
                            <param name="Y" type="float" />
                            <param name="Z" type="float" />
                        </accessor>
                    </technique_common>
                </source>
                <source id="geom-037FCE30-texcoord">
                    <float_array id="geom-037FCE30-texcoord-array" count="2812">0.99 0.00 0.76 0.00 0.99 1.00 0.76 1.00 0.76 0.02 0.99 0.02 0.76 0.98 0.99 0.98 0.99 1.00 0.76 1.00 0.99 0.00 0.76 0.00 0.50 0.02 0.50 0.98 0.26 0.02 0.26 0.98 0.74 0.00 0.74 1.00 0.51 0.00 0.51 1.00 0.74 0.00 0.51 0.00 0.74 1.00 0.51 1.00 0.24 0.50 0.24 0.98 0.01 0.50 0.01 0.98 0.76 0.98 0.99 0.98 0.99 0.81 0.99 0.13 0.76 0.81 0.76 0.13 0.76 0.00 0.76 -1.00 0.99 0.00 0.99 -1.00 0.76 0.81 0.99 0.81 0.76 0.13 0.99 0.13 0.99 0.02 0.99 0.98 0.76 0.02 0.76 0.98 0.76 1.00 0.99 1.00 0.99 0.97 0.76 0.97 0.99 0.03 0.76 0.03 0.51 1.00 0.51 0.00 0.74 1.00 0.74 0.00 0.24 0.50 0.01 0.50 0.24 0.98 0.01 0.98 0.99 0.81 0.99 0.13 0.76 0.81 0.76 0.13 0.99 0.00 0.76 0.00 0.99 -1.00 0.76 -1.00 0.50 0.98 0.26 0.98 0.74 1.00 0.74 0.00 0.51 1.00 0.51 0.00 0.76 1.00 0.99 1.00 0.24 0.02 0.24 0.48 0.01 0.02 0.01 0.48 0.76 0.97 0.76 0.03 0.99 0.97 0.99 0.03 0.24 0.02 0.01 0.02 0.24 0.48 0.01 0.48 0.76 0.97 0.76 0.03 0.99 0.97 0.99 0.03 0.76 1.00 0.99 1.00 0.99 0.97 0.76 0.97 0.99 0.03 0.76 0.03 0.99 1.00 0.76 1.00 0.99 0.98 0.76 0.98 0.99 0.02 0.76 0.02 0.76 0.81 0.99 0.81 0.76 0.13 0.99 0.13 0.01 0.88 0.01 0.44 0.47 0.88 0.47 0.02 0.01 0.02 0.01 0.88 0.01 0.02 1.00 0.88 1.00 0.02 1.00 0.02 1.00 0.88 0.01 0.02 0.01 0.88 1.00 0.02 1.00 0.88 0.01 0.02 0.01 0.88 0.01 0.88 0.01 0.02 1.00 0.88 1.00 0.02 0.01 0.02 1.00 0.02 0.01 0.88 1.00 0.88 0.01 0.02 1.00 0.02 0.01 0.88 1.00 0.88 0.01 0.02 0.54 0.02 0.01 0.88 0.54 0.88 1.00 0.99 0.01 0.99 0.01 0.99 1.00 0.99 1.00 0.99 0.01 0.99 0.50 0.99 0.01 0.99 0.01 0.99 0.50 0.99 0.01 0.99 1.00 0.99 0.01 0.99 1.00 0.99 1.00 0.99 0.01 0.99 1.00 0.02 1.00 0.88 0.01 0.02 0.01 0.88 0.01 0.99 1.00 0.99 1.00 0.88 1.00 0.99 0.01 0.88 0.01 0.99 0.01 0.02 1.00 0.02 1.00 0.02 1.00 0.88 0.01 0.02 0.01 0.88 0.01 0.99 1.00 0.99 0.01 0.88 0.01 0.02 1.00 0.88 1.00 0.02 0.01 0.99 1.00 0.99 0.01 0.88 0.01 0.02 1.00 0.88 1.00 0.02 0.01 0.99 1.00 0.99 0.01 0.88 0.01 0.02 1.00 0.88 1.00 0.02 0.01 0.99 1.00 0.99 1.00 0.88 1.00 0.02 1.00 0.88 1.00 0.44 1.00 0.02 1.00 0.99 1.00 0.99 0.06 0.07 0.06 -0.21 0.07 0.07 0.07 -0.21 0.04 -0.16 0.04 -0.01 0.05 -0.16 0.05 -0.01 0.06 -0.21 0.06 -0.49 0.07 -0.21 0.07 -0.50 0.07 -0.21 0.06 -0.21 0.07 -0.49 0.06 -0.50 0.07 -0.50 0.07 -0.21 0.06 -0.49 0.06 -0.21 0.04 -0.49 0.04 -0.37 0.05 -0.49 0.05 -0.37 0.06 -0.22 0.07 -0.21 0.06 0.06 0.07 0.07 0.05 -0.01 0.04 -0.01 0.05 -0.16 0.04 -0.16 0.04 -0.37 0.05 -0.37 0.07 -0.21 0.06 -0.21 0.07 -0.49 0.06 -0.50 0.06 -0.21 0.07 -0.21 0.06 0.07 0.07 0.08 0.07 -0.50 0.07 -0.21 0.06 -0.49 0.06 -0.21 0.06 0.06 0.07 0.07 0.07 0.06 0.06 0.07 0.06 0.07 0.07 0.07 0.07 0.07 0.06 0.07 0.07 0.07 0.06 0.08 0.07 -0.49 0.06 -0.50 0.05 -0.49 0.04 -0.49 0.05 -0.57 0.04 -0.57 0.00 -0.14 0.00 0.02 0.08 -0.05 0.00 0.14 0.02 0.14 0.00 -0.30 0.03 -0.14 0.00 -0.08 0.03 0.14 0.00 -0.77 0.03 -0.71 0.00 -0.59 0.03 -0.43 0.00 -1.00 0.00 -0.77 0.03 -1.00 0.03 -0.71 0.00 -0.30 0.00 -0.08 0.03 -0.14 0.03 0.14 0.00 0.14 0.00 -0.59 0.03 -0.43 0.00 -1.00 0.03 -1.00 0.08 -0.24 0.00 -0.31 0.00 -0.43 0.02 -0.43 0.06 -0.50 0.07 -0.49 0.06 -0.37 0.07 -0.37 0.04 -0.57 0.05 -0.57 0.04 0.14 0.05 0.14 0.05 0.14 0.04 0.14 0.07 -0.50 0.06 -0.50 0.06 -0.49 0.07 -0.50 0.07 -0.21 0.06 -0.21 0.06 0.07 0.06 -0.04 0.07 0.06 0.07 -0.04 0.06 -0.18 0.07 -0.18 0.05 -0.15 0.05 -0.03 0.03 -0.15 0.03 -0.03 0.05 0.09 0.03 0.09 0.05 -0.03 0.03 -0.03 0.10 -0.07 0.08 -0.07 0.10 -0.24 0.08 -0.24 0.10 -0.37 0.08 -0.37 0.10 -0.51 0.08 -0.51 0.10 -0.74 0.08 -0.74 0.05 0.09 0.05 -0.15 0.07 0.05 0.07 -0.19 0.10 0.09 0.08 0.09 0.10 -0.04 0.08 -0.04 0.07 0.09 0.05 0.05 0.07 -0.15 0.05 -0.19 0.10 -0.11 0.08 -0.11 0.10 -0.35 0.08 -0.35 0.10 -0.53 0.08 -0.53 0.10 -0.67 0.08 -0.67 0.10 -0.84 0.08 -0.84 0.10 -1.00 0.08 -1.00 0.03 -0.31 0.05 -0.31 0.03 -0.31 0.05 -0.31 0.03 -0.15 0.05 -0.15 0.10 -0.15 0.08 -0.15 0.10 -0.30 0.08 -0.30 0.10 -0.96 0.08 -0.96 0.10 0.08 0.08 0.08 0.10 0.08 0.08 0.08 0.00 0.00 0.02 0.00 0.00 0.05 0.02 0.10 0.00 0.10 0.02 0.10 0.00 0.10 0.02 0.05 0.00 0.00 0.02 0.00 0.03 -0.40 0.05 -0.40 0.10 -0.19 0.08 -0.19 0.10 -0.33 0.08 -0.33 0.10 -0.40 0.08 -0.40 0.10 -0.46 0.08 -0.46 0.03 -0.40 0.05 -0.40 0.03 0.09 0.05 0.09 0.07 -0.39 0.05 -0.43 0.05 -0.39 0.07 -0.43 0.10 0.09 0.08 0.09 0.10 0.03 0.08 0.00 0.08 -0.13 0.24 0.48 0.48 0.36 0.00 0.48 0.24 0.00 0.48 0.12 0.48 0.00 0.00 0.00 0.00 0.12 0.52 0.00 0.52 0.12 0.00 0.36 0.00 0.48 0.48 0.36 0.48 0.48 0.00 0.00 0.00 0.12 0.48 0.00 0.48 0.12 0.52 0.48 0.52 0.36 0.00 0.48 0.00 0.36 0.00 0.12 0.52 0.12 0.00 0.00 0.52 0.00 0.00 0.24 0.48 0.24 0.00 0.12 0.48 0.12 0.00 0.36 0.48 0.36 0.00 0.48 0.48 0.48 0.00 0.00 0.48 0.00 0.00 0.24 0.52 0.24 0.00 0.36 0.52 0.36 0.52 0.48 0.00 0.48 0.48 0.48 0.00 0.00 0.24 0.00 0.00 0.00 0.24 0.12 0.00 0.12 0.48 0.12 0.48 0.24 0.24 0.24 0.48 0.36 0.24 0.36 0.48 0.42 0.24 0.48 0.48 0.48 0.24 0.12 0.24 0.00 0.00 0.12 0.00 0.00 0.48 0.36 0.48 0.48 0.00 0.36 0.00 0.48 0.24 0.24 0.48 0.12 0.48 0.24 0.00 0.24 0.48 0.24 0.48 0.36 0.24 0.36 0.00 0.12 0.48 0.12 0.24 0.48 0.48 0.48 0.00 0.00 0.48 0.06 0.48 0.00 0.00 0.12 0.24 0.12 0.00 0.00 0.24 0.00 0.24 0.24 0.48 0.12 0.48 0.24 0.24 0.36 0.48 0.36 0.24 0.48 0.48 0.48 0.48 0.06 0.30 0.06 0.48 0.00 0.30 0.00 0.30 0.12 0.00 0.06 0.00 0.12 0.48 0.24 0.30 0.24 0.48 0.18 0.30 0.18 0.00 0.24 0.00 0.18 0.61 0.06 0.61 0.00 0.73 0.06 0.73 0.00 0.98 0.06 0.97 0.00 0.73 0.18 1.00 0.12 0.92 0.18 0.61 0.18 0.61 0.24 0.48 0.00 0.00 0.24 0.00 0.36 0.00 0.42 0.00 0.48 0.48 0.00 0.00 0.24 0.00 0.36 0.06 0.42 0.00 0.48 0.00 0.24 0.00 0.18 0.48 0.00 0.00 0.30 0.00 0.36 0.00 0.48 0.48 0.12 0.61 0.12 0.73 0.12 0.00 0.00 0.85 0.24 0.73 0.24 0.02 0.02 0.51 0.02 0.02 0.51 0.51 0.51 1.00 0.02 1.00 0.51 0.02 0.02 0.51 0.02 0.02 0.51 0.51 0.51 1.00 0.02 1.00 0.51 0.02 0.02 0.51 0.02 0.02 0.51 0.51 0.51 1.00 0.02 1.00 0.51 0.02 0.02 0.51 0.02 0.02 0.51 0.51 0.51 1.00 0.02 1.00 0.51 0.02 0.02 0.51 0.02 0.02 0.51 0.51 0.51 1.00 0.02 1.00 0.51 0.02 0.02 0.51 0.02 0.02 0.51 0.51 0.51 1.00 0.02 1.00 0.51 0.02 0.02 0.51 0.02 0.02 0.51 0.51 0.51 1.00 0.02 1.00 0.51 0.02 0.02 0.51 0.02 0.02 0.51 0.51 0.51 1.00 0.02 1.00 0.51 0.51 0.83 0.89 0.83 0.13 0.83 0.51 0.83 0.89 0.83 0.13 0.83 0.51 0.83 0.89 0.83 0.13 0.83 0.51 0.83 0.89 0.83 0.13 0.83 0.51 0.83 0.89 0.83 0.13 0.83 0.51 0.83 0.89 0.83 0.13 0.83 0.51 0.83 0.89 0.83 0.13 0.83 0.51 0.83 0.89 0.83 0.13 0.83 0.16 1.00 0.51 1.00 0.86 1.00 0.13 0.83 0.16 1.00 0.51 1.00 0.89 0.83 0.86 1.00 0.13 0.83 0.16 1.00 0.51 1.00 0.89 0.83 0.86 1.00 0.13 0.83 0.16 1.00 0.51 1.00 0.89 0.83 0.86 1.00 0.13 0.83 0.16 1.00 0.51 1.00 0.89 0.83 0.86 1.00 0.13 0.83 0.16 1.00 0.51 1.00 0.89 0.83 0.86 1.00 0.13 0.83 0.16 1.00 0.51 1.00 0.89 0.83 0.86 1.00 0.16 1.00 0.51 1.00 0.86 1.00 0.21 -0.30 0.18 -0.36 0.29 -0.37 0.26 -0.41 0.32 -0.12 0.39 -0.13 0.44 -0.19 0.33 -0.09 0.47 -0.13 0.41 -0.10 0.44 -0.19 0.39 -0.13 0.32 -0.12 0.33 -0.09 0.47 -0.13 0.41 -0.10 0.70 -0.66 0.74 -0.61 0.64 -0.57 0.61 -0.61 0.65 -0.46 0.57 -0.51 0.74 -0.61 0.47 -0.45 0.49 -0.34 0.38 -0.40 0.50 -0.10 0.64 0.00 0.45 0.03 0.40 -0.17 0.46 -0.26 0.48 -0.22 0.54 -0.14 0.64 -0.19 0.57 -0.09 0.66 -0.15 0.44 -0.08 0.47 -0.03 0.36 -0.04 0.39 0.01 0.50 -0.20 0.60 -0.26 0.53 -0.16 0.62 -0.21 0.31 -0.12 0.26 -0.09 0.21 -0.30 0.15 -0.27 0.74 -0.61 0.80 -0.64 0.84 -0.43 0.90 -0.46 0.36 -0.42 0.46 -0.47 0.38 -0.40 0.47 -0.45 0.54 -0.14 0.44 -0.08 0.53 -0.16 0.43 -0.10 0.64 -0.19 0.62 -0.21 0.71 -0.24 0.70 -0.26 0.46 -0.20 0.40 -0.14 0.39 -0.16 0.64 -0.28 0.63 -0.30 0.68 -0.30 0.67 -0.32 0.57 -0.51 0.56 -0.53 0.36 -0.12 0.35 -0.05 0.33 -0.10 0.41 0.05 0.36 0.08 0.94 -0.25 1.00 -0.29 0.75 -0.38 0.69 -0.29 0.67 -0.33 0.64 -0.37 0.60 -0.38 0.77 -0.25 0.66 -0.21 0.68 -0.25 0.51 -0.19 0.55 -0.17 0.60 -0.38 0.64 -0.37 0.59 -0.33 0.61 -0.32 0.67 -0.33 0.62 -0.30 0.68 -0.25 0.66 -0.21 0.62 -0.26 0.61 -0.25 0.63 -0.18 0.60 -0.23 0.55 -0.17 0.51 -0.19 0.56 -0.23 0.54 -0.24 0.48 -0.22 0.53 -0.25 0.52 -0.37 0.56 -0.39 0.55 -0.32 0.57 -0.33 0.47 -0.31 0.49 -0.34 0.53 -0.29 0.54 -0.31 0.46 -0.26 0.53 -0.27 0.69 -0.29 0.62 -0.28 0.59 -0.17 0.58 -0.23 0.84 -0.43 0.79 -0.08 0.90 -0.23 0.31 -0.12 0.21 -0.30 0.38 -0.30 0.35 -0.05 0.36 -0.04 0.35 -0.14 0.36 -0.12 0.40 -0.14 0.43 -0.10 0.74 -0.19 0.71 -0.24 0.64 -0.28 0.70 -0.26 0.60 -0.26 0.52 -0.24 0.59 -0.28 0.56 -0.39 0.52 -0.37 0.47 -0.45 0.47 -0.31 0.32 -0.12 0.33 -0.10 0.68 -0.30 0.41 0.05 0.94 -0.25 0.67 -0.12 0.59 -0.17 0.63 -0.18 0.91 -0.22 0.46 0.05 0.50 -0.20 0.98 1.00 0.03 1.00 0.98 0.02 0.03 0.02 0.98 1.00 0.03 1.00 0.98 0.02 0.03 0.02 0.03 0.02 0.98 0.02 0.03 1.00 0.98 1.00 0.03 0.02 0.98 0.02 0.03 1.00 0.98 1.00 0.98 1.00 0.03 1.00 0.98 0.02 0.03 0.02 0.98 1.00 0.03 1.00 0.98 0.02 0.03 0.02 0.03 0.02 0.98 0.02 0.03 1.00 0.98 1.00 0.03 0.02 0.98 0.02 0.03 1.00 0.98 1.00 0.51 0.02 1.00 0.02 0.51 0.51 1.00 0.51 1.00 0.51 0.51 0.51 1.00 1.00 0.51 1.00 1.00 0.51 0.51 0.51 1.00 1.00 0.51 1.00 0.02 0.51 0.02 1.00 0.51 1.00 0.51 0.52 1.00 0.52 0.51 1.00 1.00 1.00 1.00 0.02 0.51 0.02 0.02 0.02 0.51 0.52 1.00 0.52 0.51 1.00 1.00 1.00 0.02 0.52 0.02 1.00 0.02 0.52 0.02 1.00 1.00 1.00 1.00 0.51 0.51 0.51 1.00 1.00 0.51 1.00 1.00 0.07 1.00 -0.14 0.86 0.07 0.86 -0.14 0.71 -0.43 0.71 -0.29 0.86 -0.29 0.71 -0.14 0.29 -0.14 0.29 -0.29 0.14 -0.14 0.29 0.07 0.14 0.07 0.00 0.07 0.00 -0.14 0.71 -0.57 0.61 -0.57 0.61 -0.43 0.40 -0.43 0.40 -0.29 0.40 0.07 0.40 -0.14 0.14 0.29 0.00 0.29 0.29 0.29 0.40 0.29 0.86 0.29 0.71 0.29 0.71 0.07 0.50 -0.71 0.40 -0.71 0.50 -0.57 0.40 -0.57 0.50 -0.43 0.50 0.07 0.50 0.29 0.61 0.07 0.61 0.29 0.50 -0.14 0.61 -0.14 0.50 -0.29 0.61 -0.29 0.29 -0.57 0.29 -0.71 0.29 -0.43 0.45 0.07 0.45 -0.14 0.45 -0.29 0.14 -0.29 1.00 0.29 0.54 -0.63 0.56 -0.64 0.61 -0.62 0.65 -0.68 0.71 -0.71 0.65 -0.71 0.72 0.72 0.28 0.72 0.72 0.28 0.28 0.28 0.72 0.72 0.28 0.72 0.72 0.28 0.28 0.28 0.72 0.72 0.28 0.72 0.72 0.28 0.28 0.28 0.72 0.72 0.28 0.72 0.72 0.28 0.28 0.28 0.72 0.72 0.28 0.72 0.72 0.28 0.28 0.28 0.72 0.72 0.28 0.72 0.72 0.28 0.28 0.28 0.72 0.72 0.28 0.72 0.72 0.28 0.28 0.28 0.72 0.72 0.28 0.72 0.72 0.28 0.28 0.28 0.72 0.72 0.28 0.72 0.72 0.28 0.28 0.28 0.72 0.72 0.28 0.72 0.72 0.28 0.28 0.28 0.72 0.72 0.28 0.72 0.72 0.28 0.28 0.28 0.72 0.72 0.28 0.72 0.72 0.28 0.28 0.28 1.00 1.00 0.01 1.00 0.94 0.94 0.06 0.94 0.01 0.01 0.06 0.06 1.00 0.01 0.94 0.06 1.00 1.00 0.01 1.00 0.94 0.94 0.06 0.94 0.01 0.01 0.06 0.06 1.00 0.01 0.94 0.06 1.00 1.00 0.01 1.00 0.94 0.94 0.06 0.94 0.01 0.01 0.06 0.06 1.00 0.01 0.94 0.06 1.00 1.00 0.01 1.00 0.94 0.94 0.06 0.94 0.01 0.01 0.06 0.06 1.00 0.01 0.94 0.06 1.00 1.00 0.01 1.00 0.94 0.94 0.06 0.94 0.01 0.01 0.06 0.06 1.00 0.01 0.94 0.06 1.00 1.00 0.01 1.00 0.94 0.94 0.06 0.94 0.01 0.01 0.06 0.06 1.00 0.01 0.94 0.06 1.00 1.00 0.01 1.00 0.94 0.94 0.06 0.94 0.01 0.01 0.06 0.06 1.00 0.01 0.94 0.06 1.00 1.00 0.01 1.00 0.94 0.94 0.06 0.94 0.01 0.01 0.06 0.06 1.00 0.01 0.94 0.06 1.00 1.00 0.01 1.00 0.94 0.94 0.06 0.94 0.01 0.01 0.06 0.06 1.00 0.01 0.94 0.06 1.00 1.00 0.01 1.00 0.94 0.94 0.06 0.94 0.01 0.01 0.06 0.06 1.00 0.01 0.94 0.06 1.00 1.00 0.01 1.00 0.94 0.94 0.06 0.94 0.01 0.01 0.06 0.06 1.00 0.01 0.94 0.06 1.00 1.00 0.01 1.00 0.94 0.94 0.06 0.94 0.01 0.01 0.06 0.06 1.00 0.01 0.94 0.06 0.82 0.82 0.19 0.82 0.19 0.19 0.82 0.19 0.82 0.82 0.19 0.82 0.19 0.19 0.82 0.19 0.82 0.82 0.19 0.82 0.19 0.19 0.82 0.19 0.82 0.82 0.19 0.82 0.19 0.19 0.82 0.19 0.82 0.82 0.19 0.82 0.19 0.19 0.82 0.19 0.82 0.82 0.19 0.82 0.19 0.19 0.82 0.19 0.82 0.82 0.19 0.82 0.19 0.19 0.82 0.19 0.82 0.82 0.19 0.82 0.19 0.19 0.82 0.19 0.82 0.82 0.19 0.82 0.19 0.19 0.82 0.19 0.82 0.82 0.19 0.82 0.19 0.19 0.82 0.19 0.82 0.82 0.19 0.82 0.19 0.19 0.82 0.19 0.82 0.82 0.19 0.82 0.19 0.19 0.82 0.19 0.72 0.72 0.28 0.72 0.28 0.28 0.72 0.28 0.19 0.19 0.28 0.28 0.27 0.14 0.17 0.03 0.27 0.03 0.07 -0.07 0.17 -0.07 0.27 -0.07 0.00 0.03 0.00 -0.07 0.10 0.03 0.10 -0.07 0.10 -0.20 0.20 -0.07 0.20 -0.20 0.41 0.02 0.20 0.02 0.41 -0.12 0.20 -0.12 0.59 0.02 0.79 0.02 0.59 0.15 0.79 0.15 0.59 -0.12 0.45 -0.12 0.45 0.02 0.30 0.02 0.15 0.02 0.30 -0.12 0.15 -0.12 1.00 -0.12 1.00 0.02 0.84 -0.12 0.84 0.02 0.69 -0.12 0.69 0.02 0.55 -0.12 0.55 0.02 0.17 -0.20 0.27 -0.20 0.20 0.02 0.29 0.02 0.20 0.05 0.32 0.05 0.09 -0.08 0.01 -0.08 0.07 -0.18 0.01 -0.18 0.33 -0.18 0.32 -0.08 0.29 -0.18 0.29 -0.08 0.00 0.05 0.00 -0.08 1.00 0.02 1.00 -0.12 0.79 -0.12 0.00 0.02 0.00 0.15 0.20 0.15 0.30 0.15 0.45 0.15 0.41 0.15 0.55 0.15 0.15 0.15 0.00 0.02 0.00 0.15 0.69 0.15 0.84 0.15 0.41 0.05 0.40 -0.08 0.41 -0.08 0.17 -0.34 0.07 -0.34 0.07 -0.20 1.00 0.15 0.00 -0.12 0.00 -0.34 0.10 -0.34 0.00 -0.28 0.00 -0.20 0.00 -0.12 1.00 0.15 0.27 -0.34 0.27 -0.28 0.20 -0.34 0.09 0.05 0.12 -0.08 0.12 -0.18 0.12 0.02 0.40 -0.18 0.20 0.18 0.31 0.18 0.00 0.14 0.41 0.18 0.09 0.15 0.08 0.18 0.00 0.18 0.13 0.13 0.14 0.15 0.16 0.16 0.18 0.18 0.96 0.69 0.85 0.85 0.92 0.67 0.82 0.82 0.67 0.92 0.50 0.50 0.50 0.95 0.33 0.92 0.18 0.82 0.08 0.67 0.05 0.50 0.08 0.33 0.18 0.18 0.33 0.08 0.50 0.05 0.67 0.08 0.82 0.18 0.92 0.33 0.95 0.50 1.00 0.50 0.69 0.96 0.50 1.00 0.31 0.96 0.15 0.85 0.04 0.69 0.00 0.50 0.04 0.31 0.15 0.15 0.31 0.04 0.50 0.00 0.69 0.04 0.85 0.15 0.96 0.31 0.09 -0.17 0.46 -0.29 0.20 0.22 0.51 0.29 0.61 -0.12 0.63 0.22 0.80 -0.08 0.79 0.21 1.00 0.11 0.00 0.07 0.68 -0.30 0.72 -0.89 0.84 -0.76 0.55 -0.87 0.70 -0.90 0.18 -1.00 0.42 -0.96 0.00 -0.34 0.11 -0.44 0.01 -0.78 0.09 -0.83 0.05 -0.11 0.97 -0.34 0.69 0.21 0.30 0.09 0.00 0.75 0.31 0.75 0.25 0.65 0.62 0.75 0.50 0.54 0.71 0.23 0.38 0.38 0.38 0.00 0.69 0.00 0.66 0.38 0.13 0.00 0.05 0.23 0.09 0.38 0.71 0.23 0.38 0.38 0.69 0.00 0.38 0.00 0.66 0.38 0.09 0.38 0.00 0.00 0.75 0.00 0.66 0.38 0.47 0.00 0.38 0.25 0.38 0.38 0.09 0.38 0.29 0.00 0.00 0.00 0.75 0.00 0.66 0.38 0.38 0.38 0.38 0.00 0.07 0.26 0.13 0.00 0.09 0.38 0.25 0.86 0.50 0.96 0.62 0.48 0.38 0.48 0.13 0.48 0.62 0.48 0.38 0.48 0.13 0.48 0.62 0.48 0.38 0.48 0.13 0.48 0.62 0.48 0.38 0.48 1.00 1.00 0.78 1.00 0.91 0.69 0.78 0.69 0.78 0.01 0.78 0.44 0.72 0.44 0.84 0.44 0.78 0.69 0.91 0.69 0.72 0.44 0.78 0.44 0.66 0.69 0.78 0.69 0.84 0.44 0.91 0.69 0.72 0.44 0.78 0.44 0.66 0.69 0.78 0.69 0.84 0.44 0.78 0.44 0.72 0.44 0.66 0.69 0.84 0.44 0.00 0.75 0.62 0.75 0.50 0.54 0.50 0.96 0.62 0.75 0.00 0.75 0.50 0.96 0.50 0.54 0.78 1.00 0.56 1.00 0.66 0.69 0.13 0.48 1.00 1.00 0.56 1.00 0.78 1.00 1.00 1.00 0.78 1.00 0.56 1.00 1.00 1.00 0.91 0.69 0.56 1.00 0.50 0.96 0.62 0.75 0.31 0.75 0.50 0.54 0.25 0.65 0.00 0.75 0.31 0.75 0.00 0.75 0.25 0.86 0.31 0.75 0.62 0.75 0.50 0.54 0.50 0.96 0.19 0.88 0.50 0.88 0.25 1.00 0.50 1.00 0.50 0.01 0.50 0.44 0.01 0.01 0.01 0.44 0.76 0.66 0.82 0.88 0.76 1.00 0.01 0.88 0.25 0.66 1.00 0.01 1.00 0.44 1.00 0.88 </float_array>
                    <technique_common>
                        <accessor source="#geom-037FCE30-texcoord-array" count="1406" stride="2">
                            <param name="S" type="float" />
                            <param name="T" type="float" />
                        </accessor>
                    </technique_common>
                </source>
                <source id="geom-037FCE30-colors">
                    <float_array id="geom-037FCE30-colors-array" count="5624">0.08 0.06 0.15 1.00 0.28 0.47 0.41 1.00 0.08 0.06 0.15 1.00 0.24 0.36 0.32 1.00 0.28 0.48 0.42 1.00 0.08 0.06 0.15 1.00 0.31 0.55 0.47 1.00 0.08 0.06 0.15 1.00 0.31 0.55 0.47 1.00 0.08 0.06 0.15 1.00 0.28 0.47 0.41 1.00 0.08 0.06 0.15 1.00 0.63 1.00 0.93 1.00 0.68 1.00 1.00 1.00 0.25 0.37 0.33 1.00 0.22 0.30 0.27 1.00 0.55 0.80 0.72 1.00 0.63 1.00 0.91 1.00 0.20 0.22 0.21 1.00 0.22 0.29 0.26 1.00 0.54 0.80 0.71 1.00 0.20 0.23 0.22 1.00 0.62 1.00 0.91 1.00 0.22 0.30 0.27 1.00 0.67 1.00 1.00 1.00 0.22 0.29 0.27 1.00 0.20 0.24 0.22 1.00 0.23 0.33 0.29 1.00 0.30 0.54 0.46 1.00 0.08 0.06 0.15 1.00 0.19 0.19 0.19 1.00 0.19 0.19 0.19 1.00 0.24 0.34 0.31 1.00 0.22 0.30 0.27 1.00 0.19 0.19 0.19 1.00 0.19 0.19 0.19 1.00 0.22 0.29 0.26 1.00 0.20 0.22 0.21 1.00 0.21 0.25 0.24 1.00 0.19 0.19 0.19 1.00 0.24 0.34 0.31 1.00 0.19 0.19 0.19 1.00 0.19 0.19 0.19 1.00 0.19 0.19 0.19 1.00 0.25 0.37 0.33 1.00 0.22 0.29 0.27 1.00 0.30 0.54 0.46 1.00 0.08 0.06 0.15 1.00 0.24 0.36 0.32 1.00 0.08 0.06 0.15 1.00 0.24 0.34 0.31 1.00 0.08 0.06 0.15 1.00 0.20 0.24 0.22 1.00 0.22 0.29 0.26 1.00 0.30 0.54 0.46 1.00 0.63 1.00 0.91 1.00 0.68 1.00 1.00 1.00 0.21 0.25 0.24 1.00 0.22 0.30 0.27 1.00 0.24 0.34 0.31 1.00 0.20 0.24 0.22 1.00 0.23 0.33 0.29 1.00 0.19 0.19 0.19 1.00 0.19 0.19 0.19 1.00 0.19 0.19 0.19 1.00 0.22 0.30 0.27 1.00 0.19 0.19 0.19 1.00 0.20 0.23 0.22 1.00 0.67 1.00 1.00 1.00 0.22 0.29 0.27 1.00 0.68 1.00 1.00 1.00 0.62 1.00 0.91 1.00 0.21 0.25 0.24 1.00 0.22 0.30 0.27 1.00 0.19 0.19 0.19 1.00 0.20 0.24 0.22 1.00 0.24 0.34 0.31 1.00 0.55 0.80 0.72 1.00 0.20 0.24 0.23 1.00 0.20 0.22 0.21 1.00 0.24 0.36 0.32 1.00 0.24 0.34 0.31 1.00 0.08 0.06 0.15 1.00 0.08 0.06 0.15 1.00 0.24 0.34 0.31 1.00 0.21 0.25 0.24 1.00 0.54 0.80 0.71 1.00 0.20 0.23 0.22 1.00 0.20 0.23 0.22 1.00 0.21 0.25 0.24 1.00 0.19 0.19 0.19 1.00 0.19 0.19 0.19 1.00 0.08 0.06 0.15 1.00 0.24 0.36 0.32 1.00 0.20 0.22 0.21 1.00 0.19 0.19 0.19 1.00 0.20 0.24 0.23 1.00 0.19 0.19 0.19 1.00 0.19 0.19 0.19 1.00 0.21 0.25 0.24 1.00 0.22 0.30 0.27 1.00 0.19 0.19 0.19 1.00 0.25 0.37 0.33 1.00 0.19 0.19 0.19 1.00 0.22 0.29 0.27 1.00 0.19 0.19 0.19 1.00 0.23 0.33 0.29 1.00 0.19 0.19 0.19 1.00 0.27 0.91 0.38 1.00 0.19 0.49 0.28 1.00 0.27 0.70 0.33 1.00 0.06 0.08 0.07 1.00 0.09 0.13 0.12 1.00 0.32 0.50 0.32 1.00 0.16 0.24 0.16 1.00 0.35 0.59 0.35 1.00 0.18 0.28 0.18 1.00 0.16 0.24 0.16 1.00 0.32 0.50 0.32 1.00 0.18 0.28 0.18 1.00 0.36 0.60 0.36 1.00 0.20 0.31 0.20 1.00 0.38 0.66 0.38 1.00 0.17 0.33 0.22 1.00 0.32 0.60 0.38 1.00 0.09 0.13 0.12 1.00 0.09 0.11 0.11 1.00 0.19 0.19 0.19 1.00 0.24 0.35 0.31 1.00 0.26 0.36 0.26 1.00 0.24 0.35 0.31 1.00 0.32 0.59 0.38 1.00 0.27 0.44 0.38 1.00 0.18 0.28 0.18 1.00 0.31 0.47 0.31 1.00 0.35 0.59 0.35 1.00 0.38 0.65 0.38 1.00 0.06 0.08 0.07 1.00 0.06 0.08 0.07 1.00 0.13 0.13 0.13 1.00 0.19 0.31 0.22 1.00 0.31 0.49 0.31 1.00 0.35 0.58 0.35 1.00 0.28 0.41 0.28 1.00 0.38 0.65 0.38 1.00 0.19 0.19 0.19 1.00 0.09 0.13 0.12 1.00 0.19 0.19 0.19 1.00 0.13 0.13 0.13 1.00 0.25 0.35 0.25 1.00 0.19 0.19 0.19 1.00 0.31 0.49 0.31 1.00 0.35 0.58 0.35 1.00 0.38 0.87 0.52 1.00 0.25 0.40 0.35 1.00 0.37 0.63 0.37 1.00 0.35 0.58 0.35 1.00 0.06 0.08 0.07 1.00 0.13 0.13 0.13 1.00 0.16 0.24 0.16 1.00 0.32 0.50 0.32 1.00 0.31 0.49 0.31 1.00 0.13 0.13 0.13 1.00 0.32 0.50 0.32 1.00 0.31 0.49 0.31 1.00 0.13 0.13 0.13 1.00 0.13 0.13 0.13 1.00 0.06 0.08 0.07 1.00 0.16 0.24 0.16 1.00 0.18 0.28 0.18 1.00 0.36 0.60 0.36 1.00 0.20 0.31 0.20 1.00 0.38 0.66 0.38 1.00 0.38 0.65 0.38 1.00 0.35 0.58 0.35 1.00 0.38 0.65 0.38 1.00 0.31 0.47 0.31 1.00 0.32 0.59 0.38 1.00 0.26 0.36 0.26 1.00 0.37 0.63 0.37 1.00 0.38 0.87 0.52 1.00 0.19 0.19 0.19 1.00 0.24 0.35 0.31 1.00 0.32 0.60 0.38 1.00 0.17 0.33 0.22 1.00 0.19 0.19 0.19 1.00 0.28 0.41 0.28 1.00 0.27 0.44 0.38 1.00 0.24 0.35 0.31 1.00 0.08 0.08 0.08 1.00 0.09 0.11 0.11 1.00 0.25 0.40 0.35 1.00 0.09 0.13 0.12 1.00 0.13 0.13 0.13 1.00 0.06 0.08 0.07 1.00 0.27 0.91 0.38 1.00 0.19 0.24 0.20 1.00 0.06 0.08 0.07 1.00 0.13 0.13 0.13 1.00 0.25 0.35 0.25 1.00 0.19 0.19 0.19 1.00 0.19 0.19 0.19 1.00 0.19 0.19 0.19 1.00 0.19 0.19 0.19 1.00 0.25 0.67 0.33 1.00 0.24 0.31 0.24 1.00 0.25 1.00 0.46 1.00 0.24 0.85 0.36 1.00 0.34 0.55 0.34 1.00 0.40 0.71 0.40 1.00 0.33 0.54 0.33 1.00 0.39 0.68 0.39 1.00 0.46 0.84 0.46 1.00 0.45 0.81 0.45 1.00 0.40 0.71 0.40 1.00 0.39 0.68 0.39 1.00 0.33 0.62 0.39 1.00 0.24 0.35 0.31 1.00 0.28 0.42 0.28 1.00 0.19 0.19 0.19 1.00 0.25 0.34 0.25 1.00 0.26 0.36 0.26 1.00 0.26 1.00 0.46 1.00 0.26 0.70 0.33 1.00 0.19 0.19 0.19 1.00 0.19 0.19 0.19 1.00 0.19 0.19 0.19 1.00 0.19 0.19 0.19 1.00 0.24 0.31 0.24 1.00 0.24 0.89 0.37 1.00 0.25 1.00 0.47 1.00 0.26 1.00 0.42 1.00 0.26 0.67 0.33 1.00 0.26 0.91 0.37 1.00 0.34 0.56 0.34 1.00 0.34 0.55 0.34 1.00 0.40 0.70 0.40 1.00 0.39 0.68 0.39 1.00 0.19 0.19 0.19 1.00 0.19 0.19 0.19 1.00 0.08 0.08 0.08 1.00 0.08 0.08 0.08 1.00 0.28 0.40 0.28 1.00 0.45 0.82 0.45 1.00 0.28 0.40 0.28 1.00 0.44 0.80 0.44 1.00 0.13 0.13 0.13 1.00 0.13 0.13 0.13 1.00 0.13 0.13 0.13 1.00 0.13 0.13 0.13 1.00 0.28 0.42 0.28 1.00 0.33 0.62 0.39 1.00 0.40 0.70 0.40 1.00 0.39 0.68 0.39 1.00 0.08 0.08 0.08 1.00 0.08 0.08 0.08 1.00 0.28 0.40 0.28 1.00 0.28 0.40 0.28 1.00 0.26 1.00 0.41 1.00 0.25 1.00 0.43 1.00 0.25 0.35 0.25 1.00 0.27 0.91 0.38 1.00 0.19 0.31 0.22 1.00 0.19 0.40 0.25 1.00 0.19 0.39 0.25 1.00 0.19 0.19 0.19 1.00 0.19 0.23 0.20 1.00 0.25 0.34 0.25 1.00 0.25 0.41 0.27 1.00 0.24 0.30 0.24 1.00 0.19 0.23 0.20 1.00 0.27 1.00 0.55 1.00 0.27 0.47 0.29 1.00 0.25 0.35 0.25 1.00 0.28 0.47 0.29 1.00 0.19 0.53 0.29 1.00 0.27 0.57 0.31 1.00 0.19 0.51 0.28 1.00 0.27 1.00 0.53 1.00 0.25 1.00 0.47 1.00 0.24 0.30 0.24 1.00 0.26 0.58 0.31 1.00 0.19 0.46 0.27 1.00 0.19 0.47 0.27 1.00 0.26 1.00 0.54 1.00 0.28 0.41 0.28 1.00 0.19 0.54 0.29 1.00 0.19 0.19 0.19 1.00 0.19 0.19 0.19 1.00 0.19 0.39 0.25 1.00 0.19 0.47 0.27 1.00 0.19 0.46 0.27 1.00 0.08 0.08 0.08 1.00 0.08 0.08 0.08 1.00 0.22 0.29 0.27 1.00 0.23 0.31 0.29 1.00 0.27 0.91 0.38 1.00 0.25 0.35 0.25 1.00 0.19 0.19 0.19 1.00 0.19 0.19 0.19 1.00 0.19 0.19 0.19 1.00 0.19 0.19 0.19 1.00 0.19 0.19 0.19 1.00 0.19 0.19 0.19 1.00 0.13 0.13 0.13 1.00 0.13 0.13 0.13 1.00 0.21 0.27 0.25 1.00 0.23 0.31 0.28 1.00 0.08 0.08 0.08 1.00 0.20 0.21 0.21 1.00 0.08 0.08 0.08 1.00 0.19 0.19 0.19 1.00 0.22 0.30 0.27 1.00 0.23 0.33 0.29 1.00 0.26 1.00 0.42 1.00 0.24 0.89 0.37 1.00 0.25 1.00 0.47 1.00 0.24 0.30 0.24 1.00 0.19 0.19 0.19 1.00 0.19 0.19 0.19 1.00 0.24 0.30 0.24 1.00 0.24 0.31 0.24 1.00 0.23 0.31 0.28 1.00 0.24 0.35 0.31 1.00 0.31 0.49 0.31 1.00 0.33 0.62 0.39 1.00 0.43 0.78 0.43 1.00 0.46 0.84 0.46 1.00 0.40 0.69 0.40 1.00 0.40 0.71 0.40 1.00 0.34 0.55 0.34 1.00 0.34 0.55 0.34 1.00 0.13 0.13 0.13 1.00 0.19 0.19 0.19 1.00 0.13 0.13 0.13 1.00 0.19 0.19 0.19 1.00 0.19 0.19 0.19 1.00 0.19 0.19 0.19 1.00 0.19 0.19 0.19 1.00 0.19 0.40 0.25 1.00 0.19 0.19 0.19 1.00 0.19 0.19 0.19 1.00 0.19 0.19 0.19 1.00 0.19 0.19 0.19 1.00 0.34 0.56 0.34 1.00 0.34 0.56 0.34 1.00 0.40 0.69 0.40 1.00 0.40 0.70 0.40 1.00 0.43 0.77 0.43 1.00 0.45 0.82 0.45 1.00 0.31 0.48 0.31 1.00 0.28 0.40 0.28 1.00 0.22 0.29 0.26 1.00 0.19 0.19 0.19 1.00 0.08 0.08 0.08 1.00 0.08 0.08 0.08 1.00 0.41 1.00 0.91 1.00 0.41 0.81 0.41 1.00 0.41 0.80 0.41 1.00 0.41 0.79 0.41 1.00 0.25 0.67 0.33 1.00 0.25 0.34 0.25 1.00 0.22 0.31 0.28 1.00 0.21 0.27 0.25 1.00 0.19 0.20 0.20 1.00 0.23 0.31 0.29 1.00 0.13 0.13 0.13 1.00 0.13 0.13 0.13 1.00 0.13 0.13 0.13 1.00 0.13 0.13 0.13 1.00 0.08 0.08 0.08 1.00 0.08 0.08 0.08 1.00 0.19 0.24 0.20 1.00 0.19 0.54 0.29 1.00 0.27 0.91 0.38 1.00 0.27 1.00 0.55 1.00 0.25 0.34 0.25 1.00 0.25 1.00 0.43 1.00 0.27 0.57 0.31 1.00 0.27 0.91 0.38 1.00 0.19 0.53 0.29 1.00 0.19 0.49 0.28 1.00 0.27 0.57 0.31 1.00 0.25 1.00 0.43 1.00 0.19 0.51 0.28 1.00 0.19 0.31 0.22 1.00 0.19 0.40 0.25 1.00 0.19 0.39 0.25 1.00 0.08 0.08 0.08 1.00 0.08 0.08 0.08 1.00 0.19 0.19 0.19 1.00 0.19 0.19 0.19 1.00 0.25 0.34 0.25 1.00 0.27 1.00 0.55 1.00 0.19 0.47 0.27 1.00 0.19 0.19 0.19 1.00 0.13 0.13 0.13 1.00 0.13 0.13 0.13 1.00 0.19 0.19 0.19 1.00 0.19 0.19 0.19 1.00 0.08 0.08 0.08 1.00 0.08 0.08 0.08 1.00 0.19 0.19 0.19 1.00 0.19 0.19 0.19 1.00 0.23 0.33 0.29 1.00 0.22 0.27 0.25 1.00 0.06 0.07 0.06 1.00 0.08 0.11 0.10 1.00 0.24 0.30 0.24 1.00 0.06 0.06 0.06 1.00 0.19 0.19 0.19 1.00 0.19 0.19 0.19 1.00 0.06 0.06 0.06 1.00 0.19 0.19 0.19 1.00 0.06 0.06 0.06 1.00 0.06 0.06 0.06 1.00 0.20 0.24 0.22 1.00 0.06 0.06 0.06 1.00 0.19 0.19 0.19 1.00 0.19 0.19 0.19 1.00 0.06 0.06 0.06 1.00 0.19 0.19 0.19 1.00 0.06 0.06 0.06 1.00 0.20 0.24 0.22 1.00 0.06 0.06 0.06 1.00 0.21 0.26 0.24 1.00 0.06 0.07 0.06 1.00 0.27 0.45 0.40 1.00 0.22 0.29 0.26 1.00 0.21 0.26 0.24 1.00 0.20 0.24 0.22 1.00 0.21 0.25 0.24 1.00 0.19 0.19 0.19 1.00 0.22 0.29 0.26 1.00 0.19 0.19 0.19 1.00 0.00 0.00 0.00 1.00 0.19 0.19 0.19 1.00 0.19 0.19 0.19 1.00 0.19 0.19 0.19 1.00 0.20 0.24 0.22 1.00 0.19 0.19 0.19 1.00 0.27 0.44 0.38 1.00 0.21 0.25 0.24 1.00 0.19 0.21 0.20 1.00 0.19 0.19 0.19 1.00 0.19 0.19 0.19 1.00 0.19 0.19 0.19 1.00 0.21 0.26 0.24 1.00 0.09 0.12 0.09 1.00 0.09 0.16 0.09 1.00 0.08 0.12 0.08 1.00 0.30 0.90 0.38 1.00 0.25 0.63 0.31 1.00 0.31 0.80 0.37 1.00 0.41 1.00 0.67 1.00 0.39 1.00 0.69 1.00 0.38 1.00 0.60 1.00 0.32 1.00 0.47 1.00 0.29 1.00 0.41 1.00 0.09 0.18 0.09 1.00 0.07 0.11 0.08 1.00 0.35 1.00 0.42 1.00 0.09 0.13 0.09 1.00 0.31 0.80 0.37 1.00 0.09 0.17 0.10 1.00 0.34 0.70 0.45 1.00 0.10 0.16 0.11 1.00 0.37 1.00 0.45 1.00 0.09 0.14 0.09 1.00 0.43 1.00 0.69 1.00 0.37 1.00 0.45 1.00 0.44 1.00 0.69 1.00 0.44 1.00 0.69 1.00 0.42 0.95 0.53 1.00 0.37 1.00 0.54 1.00 0.34 1.00 0.49 1.00 0.37 1.00 0.54 1.00 0.41 0.85 0.47 1.00 0.09 0.24 0.11 1.00 0.10 0.14 0.10 1.00 0.10 0.14 0.10 1.00 0.31 0.49 0.31 1.00 0.11 0.22 0.14 1.00 0.34 0.70 0.45 1.00 0.29 0.51 0.44 1.00 0.08 0.11 0.10 1.00 0.22 0.27 0.25 1.00 0.27 0.45 0.34 1.00 0.27 0.45 0.40 1.00 0.27 0.44 0.38 1.00 0.25 0.35 0.25 1.00 0.19 0.21 0.20 1.00 0.24 0.30 0.24 1.00 0.19 0.19 0.19 1.00 0.33 1.00 0.44 1.00 0.27 0.51 0.29 1.00 0.09 0.17 0.09 1.00 0.07 0.24 0.11 1.00 0.40 0.69 0.40 1.00 0.29 1.00 0.41 1.00 0.38 1.00 0.60 1.00 0.08 0.11 0.08 1.00 0.08 0.15 0.09 1.00 0.28 0.78 0.36 1.00 0.35 0.58 0.35 1.00 0.08 0.19 0.10 1.00 0.33 0.65 0.35 1.00 0.39 0.76 0.40 1.00 0.10 0.15 0.10 1.00 0.38 0.65 0.38 1.00 0.09 0.14 0.09 1.00 0.35 0.68 0.40 1.00 0.10 0.18 0.12 1.00 0.29 0.43 0.29 1.00 0.48 1.00 0.63 1.00 0.33 0.64 0.41 1.00 0.32 0.72 0.36 1.00 0.09 0.11 0.09 1.00 0.21 0.26 0.24 1.00 0.42 0.95 0.53 1.00 0.41 0.85 0.47 1.00 0.31 0.49 0.31 1.00 0.09 0.12 0.09 1.00 0.10 0.14 0.10 1.00 0.41 1.00 0.67 1.00 0.38 1.00 0.60 1.00 0.33 0.65 0.35 1.00 0.08 0.19 0.10 1.00 0.35 1.00 0.61 1.00 0.30 1.00 0.51 1.00 0.09 0.17 0.10 1.00 0.34 1.00 0.59 1.00 0.28 0.40 0.28 1.00 0.09 0.12 0.09 1.00 0.42 0.76 0.42 1.00 0.46 0.84 0.46 1.00 0.44 0.79 0.44 1.00 0.07 0.11 0.08 1.00 0.09 0.12 0.09 1.00 0.09 0.12 0.09 1.00 0.00 0.00 0.00 1.00 0.00 0.00 0.00 1.00 0.20 1.00 0.45 1.00 0.22 0.88 0.38 1.00 0.00 0.00 0.00 1.00 0.25 1.00 0.58 1.00 0.00 0.00 0.00 1.00 0.00 0.00 0.00 1.00 0.25 1.00 0.58 1.00 0.29 1.00 0.69 1.00 0.00 0.00 0.00 1.00 0.34 1.00 0.81 1.00 0.00 0.00 0.00 1.00 0.00 0.00 0.00 1.00 0.34 1.00 0.81 1.00 0.38 1.00 0.93 1.00 0.00 0.00 0.00 1.00 0.40 1.00 0.98 1.00 0.00 0.00 0.00 1.00 0.00 0.00 0.00 1.00 0.40 1.00 0.98 1.00 0.40 1.00 0.99 1.00 0.00 0.00 0.00 1.00 0.40 1.00 0.98 1.00 0.00 0.00 0.00 1.00 0.00 0.00 0.00 1.00 0.40 1.00 0.98 1.00 0.38 1.00 0.93 1.00 0.00 0.00 0.00 1.00 0.35 1.00 0.83 1.00 0.00 0.00 0.00 1.00 0.00 0.00 0.00 1.00 0.35 1.00 0.83 1.00 0.30 1.00 0.71 1.00 0.00 0.00 0.00 1.00 0.25 1.00 0.59 1.00 0.00 0.00 0.00 1.00 0.00 0.00 0.00 1.00 0.25 1.00 0.59 1.00 0.22 1.00 0.51 1.00 0.00 0.00 0.00 1.00 0.20 0.93 0.40 1.00 0.00 0.00 0.00 1.00 0.00 0.00 0.00 1.00 0.20 0.93 0.40 1.00 0.19 0.81 0.37 1.00 0.00 0.00 0.00 1.00 0.20 1.00 0.45 1.00 0.34 1.00 0.75 1.00 0.34 1.00 0.79 1.00 0.34 1.00 0.79 1.00 0.34 1.00 0.76 1.00 0.34 1.00 0.73 1.00 0.34 1.00 0.73 1.00 0.33 1.00 0.73 1.00 0.33 1.00 0.73 1.00 0.33 1.00 0.73 1.00 0.32 1.00 0.73 1.00 0.32 1.00 0.74 1.00 0.32 1.00 0.74 1.00 0.32 1.00 0.75 1.00 0.32 1.00 0.75 1.00 0.32 1.00 0.75 1.00 0.32 1.00 0.76 1.00 0.33 1.00 0.83 1.00 0.33 1.00 0.83 1.00 0.33 1.00 0.83 1.00 0.34 1.00 0.84 1.00 0.34 1.00 0.84 1.00 0.34 1.00 0.84 1.00 0.34 1.00 0.83 1.00 0.34 1.00 0.83 1.00 0.29 1.00 0.68 1.00 0.30 1.00 0.62 1.00 0.32 1.00 0.76 1.00 0.34 1.00 0.73 1.00 0.32 1.00 0.76 1.00 0.34 1.00 0.82 1.00 0.33 1.00 0.73 1.00 0.36 1.00 0.87 1.00 0.33 1.00 0.73 1.00 0.36 1.00 0.87 1.00 0.37 1.00 0.92 1.00 0.32 1.00 0.74 1.00 0.38 1.00 0.95 1.00 0.32 1.00 0.74 1.00 0.38 1.00 0.95 1.00 0.39 1.00 0.97 1.00 0.32 1.00 0.75 1.00 0.38 1.00 0.96 1.00 0.32 1.00 0.75 1.00 0.38 1.00 0.96 1.00 0.38 1.00 0.93 1.00 0.33 1.00 0.83 1.00 0.36 1.00 0.80 1.00 0.33 1.00 0.83 1.00 0.36 1.00 0.80 1.00 0.34 1.00 0.81 1.00 0.34 1.00 0.84 1.00 0.32 1.00 0.52 1.00 0.34 1.00 0.84 1.00 0.32 1.00 0.52 1.00 0.30 1.00 0.56 1.00 0.34 1.00 0.83 1.00 0.29 1.00 0.67 1.00 0.29 1.00 0.67 1.00 0.29 1.00 0.59 1.00 0.29 1.00 0.68 1.00 0.08 0.14 0.08 1.00 0.07 0.12 0.07 1.00 0.02 0.03 0.02 1.00 0.02 0.07 0.03 1.00 0.06 0.21 0.08 1.00 0.11 0.36 0.16 1.00 0.04 0.11 0.05 1.00 0.11 0.27 0.13 1.00 0.03 0.05 0.03 1.00 0.12 0.20 0.12 1.00 0.04 0.05 0.04 1.00 0.11 0.32 0.14 1.00 0.06 0.13 0.07 1.00 0.11 0.36 0.15 1.00 0.03 0.13 0.05 1.00 0.12 0.36 0.20 1.00 0.07 0.20 0.10 1.00 0.08 0.20 0.13 1.00 0.02 0.07 0.03 1.00 0.02 0.03 0.02 1.00 0.15 0.36 0.31 1.00 0.41 0.73 0.51 1.00 0.14 0.36 0.24 1.00 0.55 0.98 0.89 1.00 0.11 0.36 0.27 1.00 0.41 0.73 0.72 1.00 0.09 0.36 0.18 1.00 0.07 0.24 0.12 1.00 0.07 0.20 0.11 1.00 0.11 0.36 0.18 1.00 0.12 0.36 0.22 1.00 0.11 0.36 0.22 1.00 0.55 0.98 0.62 1.00 0.34 0.61 0.41 1.00 0.08 0.16 0.08 1.00 0.08 0.17 0.09 1.00 0.34 0.61 0.43 1.00 0.09 0.26 0.11 1.00 0.19 0.36 0.25 1.00 0.03 0.05 0.03 1.00 0.49 0.98 0.67 1.00 0.31 0.61 0.42 1.00 0.06 0.20 0.08 1.00 0.08 0.30 0.11 1.00 0.07 0.24 0.09 1.00 0.01 0.03 0.01 1.00 0.11 0.20 0.11 1.00 0.09 0.15 0.09 1.00 0.11 0.36 0.18 1.00 0.09 0.36 0.13 1.00 0.07 0.27 0.10 1.00 0.01 0.04 0.02 1.00 0.05 0.15 0.06 1.00 0.04 0.09 0.05 1.00 0.09 0.20 0.14 1.00 0.09 0.20 0.11 1.00 0.07 0.17 0.08 1.00 0.07 0.13 0.07 1.00 0.04 0.11 0.05 1.00 0.05 0.08 0.05 1.00 0.07 0.18 0.09 1.00 0.05 0.17 0.06 1.00 0.07 0.15 0.07 1.00 0.02 0.06 0.03 1.00 0.02 0.02 0.02 1.00 0.06 0.09 0.06 1.00 0.03 0.04 0.03 1.00 0.07 0.13 0.07 1.00 0.02 0.03 0.02 1.00 0.06 0.20 0.09 1.00 0.04 0.07 0.04 1.00 0.09 0.16 0.09 1.00 0.05 0.10 0.05 1.00 0.35 0.55 0.35 1.00 0.04 0.08 0.05 1.00 0.18 0.29 0.18 1.00 0.02 0.03 0.02 1.00 0.06 0.08 0.07 1.00 0.02 0.06 0.03 1.00 0.09 0.13 0.12 1.00 0.11 0.36 0.22 1.00 0.09 0.36 0.22 1.00 0.11 0.36 0.26 1.00 0.12 0.36 0.23 1.00 0.11 0.36 0.20 1.00 0.09 0.36 0.18 1.00 0.09 0.36 0.15 1.00 0.09 0.36 0.18 1.00 0.09 0.36 0.20 1.00 0.09 0.36 0.22 1.00 0.07 0.20 0.12 1.00 0.07 0.20 0.13 1.00 0.00 0.00 0.00 1.00 0.00 0.00 0.00 1.00 0.07 0.20 0.15 1.00 0.00 0.00 0.00 1.00 0.05 0.20 0.10 1.00 0.05 0.20 0.09 1.00 0.00 0.00 0.00 1.00 0.00 0.00 0.00 1.00 0.07 0.20 0.16 1.00 0.00 0.00 0.00 1.00 0.05 0.20 0.12 1.00 0.05 0.20 0.11 1.00 0.00 0.00 0.00 1.00 0.00 0.00 0.00 1.00 0.07 0.20 0.13 1.00 0.00 0.00 0.00 1.00 0.06 0.20 0.12 1.00 0.07 0.20 0.16 1.00 0.00 0.00 0.00 1.00 0.00 0.00 0.00 1.00 0.07 0.20 0.09 1.00 0.07 0.20 0.16 1.00 0.00 0.00 0.00 1.00 0.00 0.00 0.00 1.00 0.07 0.20 0.13 1.00 0.00 0.00 0.00 1.00 0.05 0.20 0.12 1.00 0.00 0.00 0.00 1.00 0.05 0.20 0.12 1.00 0.00 0.00 0.00 1.00 0.15 0.49 0.21 1.00 0.07 0.24 0.12 1.00 0.07 0.19 0.11 1.00 0.15 0.49 0.20 1.00 0.15 0.25 0.15 1.00 0.15 0.36 0.26 1.00 0.02 0.04 0.03 1.00 0.07 0.20 0.09 1.00 0.02 0.03 0.02 1.00 0.07 0.11 0.07 1.00 0.32 0.57 0.34 1.00 0.08 0.14 0.08 1.00 0.03 0.13 0.05 1.00 0.19 0.30 0.19 1.00 0.34 0.61 0.49 1.00 0.04 0.11 0.05 1.00 0.06 0.20 0.09 1.00 0.02 0.07 0.03 1.00 0.03 0.04 0.03 1.00 0.11 0.36 0.28 1.00 0.10 0.36 0.21 1.00 0.48 0.85 0.78 1.00 0.11 0.36 0.16 1.00 0.04 0.12 0.05 1.00 0.06 0.16 0.07 1.00 0.18 0.27 0.18 1.00 0.07 0.09 0.07 1.00 0.07 0.18 0.10 1.00 0.10 0.25 0.14 1.00 0.09 0.36 0.22 1.00 0.12 0.36 0.28 1.00 0.07 0.18 0.10 1.00 0.07 0.07 0.07 1.00 0.06 0.20 0.09 1.00 0.33 0.68 0.44 1.00 0.35 0.73 0.47 1.00 0.27 0.43 0.38 1.00 0.29 0.51 0.44 1.00 0.32 0.64 0.41 1.00 0.29 0.52 0.37 1.00 0.31 0.55 0.47 1.00 0.27 0.43 0.38 1.00 0.35 0.73 0.47 1.00 0.33 0.68 0.44 1.00 0.28 0.42 0.28 1.00 0.34 0.66 0.40 1.00 0.29 0.52 0.37 1.00 0.32 0.64 0.41 1.00 0.29 0.44 0.29 1.00 0.34 0.69 0.42 1.00 0.09 0.13 0.09 1.00 0.14 0.21 0.14 1.00 0.36 0.70 0.41 1.00 0.37 0.65 0.37 1.00 0.14 0.22 0.14 1.00 0.10 0.15 0.10 1.00 0.31 0.60 0.33 1.00 0.33 0.53 0.33 1.00 0.28 0.42 0.28 1.00 0.34 0.66 0.40 1.00 0.37 0.65 0.37 1.00 0.36 0.70 0.41 1.00 0.29 0.44 0.29 1.00 0.34 0.69 0.42 1.00 0.33 0.53 0.33 1.00 0.31 0.60 0.33 1.00 0.56 1.00 0.91 1.00 0.29 0.51 0.44 1.00 0.46 0.75 0.65 1.00 0.35 0.73 0.47 1.00 0.31 0.60 0.33 1.00 0.45 0.76 0.45 1.00 0.14 0.22 0.14 1.00 0.09 0.12 0.09 1.00 0.32 0.64 0.41 1.00 0.51 1.00 0.72 1.00 0.34 0.69 0.42 1.00 0.51 1.00 0.65 1.00 0.51 1.00 0.72 1.00 0.51 1.00 0.65 1.00 0.51 1.00 0.64 1.00 0.51 1.00 0.64 1.00 0.28 0.42 0.28 1.00 0.49 0.96 0.54 1.00 0.37 0.65 0.37 1.00 0.31 0.55 0.47 1.00 0.55 1.00 0.87 1.00 0.55 1.00 0.87 1.00 0.49 0.96 0.54 1.00 0.37 0.65 0.37 1.00 0.09 0.33 0.13 1.00 0.14 0.21 0.14 1.00 0.45 0.76 0.45 1.00 0.09 0.12 0.09 1.00 0.51 1.00 0.65 1.00 0.45 0.76 0.45 1.00 0.28 0.42 0.28 1.00 0.34 0.69 0.42 1.00 0.51 1.00 0.65 1.00 0.31 0.60 0.33 1.00 0.45 0.76 0.45 1.00 0.08 0.13 0.08 1.00 0.11 0.20 0.11 1.00 0.33 0.74 0.37 1.00 0.38 0.64 0.38 1.00 0.14 0.22 0.14 1.00 0.36 0.60 0.36 1.00 0.13 0.23 0.13 1.00 0.31 0.47 0.31 1.00 0.31 0.47 0.31 1.00 0.36 0.60 0.36 1.00 0.37 0.64 0.37 1.00 0.29 0.42 0.29 1.00 0.32 1.00 0.42 1.00 0.08 0.13 0.08 1.00 0.11 0.19 0.11 1.00 0.22 0.29 0.26 1.00 0.00 0.00 0.00 1.00 0.31 0.55 0.35 1.00 0.38 0.83 0.48 1.00 0.35 0.58 0.35 1.00 0.29 1.00 0.43 1.00 0.11 0.17 0.11 1.00 0.11 0.11 0.08 1.00 0.05 0.05 0.04 1.00 0.11 0.11 0.08 1.00 0.11 0.20 0.10 1.00 0.11 0.11 0.08 1.00 0.11 0.11 0.08 1.00 0.29 0.43 0.29 1.00 0.22 0.31 0.28 1.00 0.19 0.20 0.20 1.00 0.19 0.19 0.19 1.00 0.21 0.25 0.24 1.00 0.45 1.00 0.59 1.00 0.10 0.51 0.17 1.00 0.00 0.00 0.00 1.00 0.29 0.82 0.36 1.00 0.11 0.16 0.09 1.00 0.13 0.21 0.13 1.00 0.31 0.47 0.31 1.00 0.08 0.13 0.08 1.00 0.35 0.58 0.35 1.00 0.23 0.31 0.28 1.00 0.08 0.08 0.08 1.00 0.15 0.23 0.15 1.00 0.00 0.01 0.00 1.00 0.00 0.00 0.00 1.00 0.04 0.07 0.04 1.00 0.13 0.23 0.13 1.00 0.05 0.05 0.04 1.00 0.19 0.19 0.19 1.00 0.19 0.19 0.19 1.00 0.19 0.19 0.19 1.00 0.19 0.19 0.19 1.00 0.08 0.08 0.08 1.00 0.19 0.19 0.19 1.00 0.21 0.50 0.25 1.00 0.21 0.50 0.25 1.00 0.21 0.50 0.25 1.00 0.21 0.50 0.25 1.00 0.14 0.44 0.26 1.00 0.19 1.00 0.47 1.00 0.14 0.49 0.28 1.00 0.19 1.00 0.49 1.00 0.17 0.55 0.29 1.00 0.14 0.77 0.36 1.00 0.19 0.40 0.25 1.00 0.19 0.67 0.33 1.00 0.25 0.87 0.36 1.00 0.19 0.35 0.24 1.00 0.24 1.00 0.49 1.00 0.19 0.77 0.36 1.00 0.14 0.49 0.28 1.00 0.14 0.87 0.39 1.00 0.19 0.54 0.29 1.00 0.19 0.64 0.32 1.00 0.19 0.75 0.35 1.00 0.19 0.87 0.39 1.00 0.19 0.64 0.32 1.00 0.19 0.80 0.37 1.00 0.19 0.44 0.27 1.00 0.20 0.89 0.37 1.00 0.20 1.00 0.47 1.00 0.14 0.97 0.42 1.00 0.14 0.59 0.31 1.00 0.17 1.00 0.43 1.00 0.19 0.33 0.23 1.00 0.19 0.43 0.26 1.00 0.14 0.68 0.33 1.00 0.14 0.82 0.38 1.00 0.14 0.67 0.33 1.00 0.14 0.97 0.42 1.00 0.19 0.82 0.37 1.00 0.25 0.85 0.36 1.00 0.19 0.67 0.33 1.00 0.24 0.31 0.24 1.00 0.19 0.38 0.25 1.00 0.19 0.20 0.19 1.00 0.19 0.59 0.31 1.00 0.19 0.39 0.25 1.00 0.19 0.56 0.30 1.00 0.19 0.51 0.28 1.00 0.19 0.47 0.27 1.00 0.19 0.54 0.29 1.00 0.19 0.39 0.25 1.00 0.19 0.23 0.20 1.00 0.19 0.33 0.23 1.00 0.19 0.36 0.24 1.00 0.25 0.41 0.27 1.00 0.28 1.00 0.42 1.00 0.19 0.75 0.35 1.00 0.19 0.67 0.33 1.00 0.19 1.00 0.45 1.00 0.28 0.47 0.29 1.00 0.24 1.00 0.47 1.00 0.30 1.00 0.50 1.00 0.27 0.47 0.29 1.00 0.29 1.00 0.49 1.00 0.14 0.60 0.31 1.00 0.14 0.86 0.39 1.00 0.27 1.00 0.53 1.00 0.14 0.95 0.42 1.00 0.30 1.00 0.54 1.00 0.14 1.00 0.44 1.00 0.19 0.67 0.33 1.00 0.19 0.56 0.30 1.00 0.19 0.51 0.28 1.00 0.19 0.44 0.26 1.00 0.26 0.58 0.31 1.00 0.19 0.75 0.36 1.00 0.27 0.69 0.33 1.00 0.19 0.62 0.32 1.00 0.19 1.00 0.47 1.00 0.25 1.00 0.58 1.00 0.28 0.41 0.28 1.00 0.31 1.00 0.59 1.00 0.14 0.95 0.42 1.00 0.14 0.60 0.31 1.00 0.14 0.88 0.39 1.00 0.14 1.00 0.44 1.00 0.19 0.67 0.33 1.00 0.19 0.47 0.27 1.00 0.19 0.67 0.33 1.00 0.19 0.63 0.32 1.00 0.19 0.75 0.36 1.00 0.19 0.75 0.35 1.00 0.19 0.80 0.37 1.00 0.19 0.59 0.31 1.00 0.19 1.00 0.45 1.00 0.19 1.00 0.47 1.00 0.19 1.00 0.47 1.00 0.27 1.00 0.65 1.00 0.28 0.41 0.28 1.00 0.19 1.00 0.47 1.00 0.30 1.00 0.55 1.00 0.24 1.00 0.48 1.00 0.14 0.95 0.42 1.00 0.14 0.66 0.33 1.00 0.27 1.00 0.53 1.00 0.29 1.00 0.56 1.00 0.14 0.60 0.31 1.00 0.27 0.47 0.29 1.00 0.14 0.74 0.35 1.00 0.29 1.00 0.56 1.00 0.19 0.19 0.19 1.00 0.19 0.40 0.25 1.00 0.19 0.67 0.33 1.00 0.19 0.63 0.32 1.00 0.19 1.00 0.47 1.00 0.19 1.00 0.45 1.00 0.27 1.00 0.69 1.00 0.19 1.00 0.46 1.00 0.14 0.60 0.31 1.00 0.14 0.90 0.40 1.00 0.14 0.95 0.42 1.00 0.14 1.00 0.45 1.00 0.19 0.75 0.35 1.00 0.25 0.41 0.27 1.00 0.19 0.62 0.31 1.00 0.26 0.81 0.35 1.00 0.28 0.47 0.29 1.00 0.30 1.00 0.53 1.00 0.19 1.00 0.45 1.00 0.25 1.00 0.53 1.00 0.19 0.46 0.27 1.00 0.19 0.19 0.19 1.00 0.19 0.43 0.26 1.00 0.19 0.30 0.22 1.00 0.19 0.75 0.36 1.00 0.19 0.70 0.34 1.00 0.26 0.58 0.31 1.00 0.28 0.76 0.35 1.00 0.19 0.19 0.19 1.00 0.19 0.39 0.25 1.00 0.19 0.23 0.20 1.00 0.19 0.49 0.27 1.00 0.19 0.75 0.35 1.00 0.19 0.51 0.28 1.00 0.19 0.75 0.36 1.00 0.19 0.62 0.31 1.00 0.19 0.32 0.23 1.00 0.19 0.44 0.26 1.00 0.23 0.55 0.29 1.00 0.19 0.70 0.34 1.00 0.21 1.00 0.65 1.00 0.21 0.69 0.33 1.00 0.21 0.78 0.35 1.00 0.21 1.00 0.58 1.00 0.19 1.00 0.45 1.00 0.14 0.73 0.35 1.00 0.19 0.70 0.34 1.00 0.19 0.26 0.21 1.00 0.27 0.66 0.33 1.00 0.19 0.89 0.40 1.00 0.27 1.00 0.61 1.00 0.26 1.00 0.43 1.00 0.14 0.93 0.41 1.00 0.14 0.65 0.33 1.00 0.19 0.66 0.33 1.00 0.19 0.46 0.27 1.00 0.19 0.63 0.32 1.00 0.19 0.71 0.34 1.00 0.19 0.70 0.34 1.00 0.19 0.91 0.40 1.00 0.21 0.69 0.34 1.00 0.21 1.00 0.68 1.00 0.21 1.00 0.67 1.00 0.21 0.97 0.39 1.00 0.14 0.97 0.42 1.00 0.19 0.63 0.31 1.00 0.19 0.45 0.27 1.00 0.19 0.46 0.27 1.00 0.14 0.87 0.39 1.00 0.14 1.00 0.49 1.00 0.14 1.00 0.47 1.00 0.14 0.97 0.42 1.00 0.19 0.60 0.31 1.00 0.27 0.75 0.35 1.00 0.26 0.49 0.29 1.00 0.27 1.00 0.66 1.00 0.19 0.21 0.19 1.00 0.19 0.53 0.29 1.00 0.19 0.48 0.27 1.00 0.24 0.42 0.26 1.00 0.19 0.19 0.19 1.00 0.19 0.26 0.21 1.00 0.19 0.19 0.19 1.00 0.19 0.19 0.19 1.00 0.19 0.19 0.19 1.00 0.19 0.19 0.19 1.00 0.19 0.19 0.19 1.00 0.19 0.19 0.19 1.00 0.24 0.82 0.47 1.00 0.24 0.69 0.43 1.00 0.19 0.19 0.19 1.00 0.19 0.19 0.19 1.00 0.24 0.85 0.36 1.00 0.13 0.13 0.13 1.00 0.27 0.45 0.29 1.00 0.25 1.00 0.46 1.00 0.24 0.31 0.24 1.00 0.25 1.00 0.47 1.00 0.19 0.19 0.19 1.00 0.28 1.00 0.43 1.00 0.28 0.85 0.36 1.00 0.13 0.13 0.13 1.00 0.13 0.13 0.13 1.00 0.43 0.78 0.43 1.00 0.36 0.60 0.36 1.00 0.35 0.58 0.35 1.00 0.31 0.49 0.31 1.00 0.44 0.79 0.44 1.00 0.35 0.59 0.35 1.00 0.39 0.68 0.39 1.00 0.33 0.54 0.33 1.00 0.35 0.58 0.35 1.00 0.38 0.65 0.38 1.00 0.50 0.94 0.50 1.00 0.27 0.40 0.27 1.00 0.19 0.19 0.19 1.00 0.28 0.41 0.28 1.00 0.19 0.19 0.19 1.00 0.09 0.13 0.12 1.00 0.09 0.13 0.12 1.00 0.25 0.40 0.35 1.00 0.25 0.39 0.35 1.00 0.38 0.87 0.52 1.00 0.27 0.39 0.27 1.00 0.37 0.63 0.37 1.00 0.49 0.91 0.49 1.00 0.28 0.94 0.39 1.00 0.26 0.70 0.33 1.00 0.21 0.26 0.24 1.00 0.27 0.45 0.40 1.00 0.26 0.43 0.37 1.00 0.25 0.38 0.34 1.00 0.19 0.19 0.19 1.00 0.08 0.08 0.08 1.00 0.22 0.29 0.26 1.00 0.09 0.11 0.11 1.00 0.22 0.29 0.26 1.00 0.19 0.19 0.19 1.00 0.22 0.31 0.28 1.00 0.19 0.19 0.19 1.00 0.09 0.13 0.12 1.00 0.09 0.13 0.12 1.00 0.13 0.13 0.13 1.00 0.13 0.13 0.13 1.00 0.31 0.49 0.31 1.00 0.13 0.13 0.13 1.00 0.13 0.13 0.13 1.00 0.34 0.55 0.34 1.00 0.28 0.42 0.28 1.00 0.45 0.81 0.45 1.00 0.39 0.68 0.39 1.00 0.44 0.80 0.44 1.00 0.19 0.19 0.19 1.00 0.09 0.13 0.12 1.00 0.08 0.08 0.08 1.00 0.28 0.40 0.28 1.00 0.19 0.19 0.19 1.00 0.09 0.13 0.12 1.00 0.09 0.13 0.12 1.00 0.09 0.13 0.12 1.00 0.19 0.19 0.19 1.00 0.13 0.13 0.13 1.00 0.13 0.13 0.13 1.00 0.13 0.13 0.13 1.00 0.09 0.13 0.12 1.00 0.25 0.35 0.25 1.00 0.19 0.19 0.19 1.00 0.26 1.00 0.41 1.00 0.26 0.91 0.37 1.00 0.13 0.13 0.13 1.00 0.08 0.08 0.08 1.00 0.25 0.35 0.25 1.00 0.26 1.00 0.46 1.00 0.13 0.13 0.13 1.00 0.19 0.19 0.19 1.00 0.19 0.19 0.19 1.00 0.22 0.30 0.27 1.00 0.19 0.19 0.19 1.00 0.09 0.11 0.11 1.00 0.23 0.31 0.28 1.00 0.22 0.29 0.27 1.00 0.19 0.19 0.19 1.00 0.08 0.08 0.08 1.00 0.20 0.22 0.22 1.00 0.20 0.21 0.21 1.00 0.08 0.08 0.08 1.00 0.22 0.28 0.26 1.00 0.22 0.28 0.26 1.00 0.22 0.29 0.27 1.00 0.22 0.30 0.27 1.00 0.29 1.00 0.68 1.00 0.30 1.00 0.62 1.00 0.24 1.00 0.55 1.00 0.25 1.00 0.55 1.00 0.28 1.00 0.65 1.00 0.21 1.00 0.76 1.00 0.32 1.00 0.76 1.00 0.35 1.00 0.85 1.00 0.38 1.00 0.93 1.00 0.40 1.00 0.97 1.00 0.41 1.00 0.98 1.00 0.40 1.00 0.96 1.00 0.38 1.00 0.91 1.00 0.35 1.00 0.82 1.00 0.32 1.00 0.75 1.00 0.28 1.00 0.69 1.00 0.25 1.00 0.60 1.00 0.24 1.00 0.55 1.00 0.23 1.00 0.54 1.00 0.29 1.00 0.59 1.00 0.32 1.00 0.76 1.00 0.34 1.00 0.82 1.00 0.36 1.00 0.87 1.00 0.37 1.00 0.92 1.00 0.38 1.00 0.95 1.00 0.39 1.00 0.97 1.00 0.38 1.00 0.96 1.00 0.38 1.00 0.93 1.00 0.36 1.00 0.80 1.00 0.34 1.00 0.81 1.00 0.32 1.00 0.52 1.00 0.30 1.00 0.56 1.00 0.29 1.00 0.67 1.00 0.20 0.22 0.22 1.00 0.22 0.28 0.26 1.00 0.20 0.23 0.22 1.00 0.19 0.19 0.19 1.00 0.22 0.28 0.26 1.00 0.19 0.19 0.19 1.00 0.22 0.29 0.27 1.00 0.19 0.19 0.19 1.00 0.22 0.30 0.27 1.00 0.20 0.21 0.21 1.00 0.19 0.19 0.19 1.00 0.20 0.21 0.21 1.00 0.20 0.23 0.22 1.00 0.19 0.19 0.19 1.00 0.19 0.19 0.19 1.00 0.19 0.19 0.19 1.00 0.19 0.19 0.19 1.00 0.23 0.33 0.29 1.00 0.22 0.31 0.28 1.00 0.19 0.19 0.19 1.00 0.19 0.19 0.19 1.00 0.22 0.30 0.27 1.00 0.19 0.19 0.19 1.00 0.19 0.19 0.19 1.00 0.19 0.19 0.19 1.00 0.32 1.00 0.44 1.00 0.31 1.00 0.48 1.00 0.09 0.27 0.12 1.00 0.31 1.00 0.48 1.00 0.09 0.29 0.12 1.00 0.31 1.00 0.48 1.00 0.28 1.00 0.46 1.00 0.09 0.26 0.11 1.00 0.09 0.29 0.12 1.00 0.36 1.00 0.63 1.00 0.06 0.13 0.08 1.00 0.23 0.73 0.33 1.00 0.24 1.00 0.40 1.00 0.23 0.73 0.33 1.00 0.19 0.56 0.30 1.00 0.06 0.12 0.08 1.00 0.06 0.11 0.07 1.00 0.24 1.00 0.40 1.00 0.24 0.89 0.37 1.00 0.06 0.11 0.08 1.00 0.06 0.11 0.08 1.00 0.24 0.89 0.37 1.00 0.08 0.20 0.10 1.00 0.27 1.00 0.41 1.00 0.28 1.00 0.48 1.00 0.35 1.00 0.58 1.00 0.28 0.89 0.38 1.00 0.10 0.30 0.13 1.00 0.10 0.30 0.13 1.00 0.35 1.00 0.58 1.00 0.38 1.00 0.64 1.00 0.11 0.38 0.15 1.00 0.31 1.00 0.48 1.00 0.09 0.31 0.13 1.00 0.36 1.00 0.63 1.00 0.09 0.31 0.13 1.00 0.09 0.31 0.13 1.00 0.36 1.00 0.62 1.00 0.28 1.00 0.48 1.00 0.24 0.98 0.39 1.00 0.24 0.98 0.39 1.00 0.19 0.58 0.31 1.00 0.24 0.95 0.38 1.00 0.24 0.95 0.38 1.00 0.28 1.00 0.47 1.00 0.35 1.00 0.61 1.00 0.35 1.00 0.61 1.00 0.38 1.00 0.66 1.00 0.36 1.00 0.62 1.00 0.38 1.00 0.66 1.00 0.34 1.00 0.52 1.00 0.36 1.00 0.56 1.00 0.33 1.00 1.00 1.00 0.29 1.00 0.41 1.00 0.34 1.00 0.52 1.00 0.20 0.42 0.25 1.00 0.28 1.00 0.41 1.00 0.21 0.57 0.29 1.00 0.20 0.42 0.25 1.00 0.19 0.31 0.22 1.00 0.21 0.57 0.29 1.00 0.19 0.41 0.25 1.00 0.20 0.36 0.24 1.00 0.21 0.54 0.29 1.00 0.20 0.36 0.24 1.00 0.28 0.88 0.38 1.00 0.21 0.54 0.29 1.00 0.28 0.97 0.40 1.00 0.33 1.00 0.49 1.00 0.38 1.00 0.58 1.00 0.33 1.00 0.49 1.00 0.33 1.00 0.50 1.00 0.34 1.00 0.52 1.00 0.27 0.82 0.36 1.00 0.27 1.00 0.41 1.00 0.28 0.89 0.38 1.00 0.08 0.20 0.10 1.00 0.23 0.73 0.33 1.00 0.19 0.41 0.25 1.00 0.06 0.13 0.08 1.00 0.06 0.12 0.08 1.00 0.28 1.00 0.48 1.00 0.36 1.00 0.62 1.00 0.34 1.00 0.52 1.00 0.36 1.00 0.62 1.00 0.24 0.98 0.39 1.00 0.24 0.98 0.39 1.00 0.19 0.58 0.31 1.00 0.24 0.95 0.38 1.00 0.28 1.00 0.47 1.00 0.24 0.95 0.38 1.00 0.35 1.00 0.61 1.00 0.33 1.00 0.50 1.00 0.35 1.00 0.61 1.00 0.10 0.14 0.10 1.00 0.37 1.00 0.45 1.00 0.35 0.56 0.35 1.00 0.09 0.14 0.09 1.00 0.08 0.13 0.11 1.00 0.08 0.12 0.11 1.00 0.09 0.15 0.13 1.00 0.22 0.28 0.26 1.00 0.11 0.25 0.16 1.00 0.22 0.28 0.26 1.00 0.34 0.70 0.45 1.00 0.08 0.11 0.10 1.00 0.10 0.16 0.11 1.00 0.22 0.30 0.27 1.00 0.40 0.56 0.50 1.00 0.08 0.06 0.15 1.00 0.08 0.06 0.15 1.00 0.62 1.00 1.00 1.00 0.58 1.00 0.94 1.00 0.25 0.39 0.34 1.00 0.25 0.38 0.34 1.00 0.25 0.40 0.35 1.00 0.22 0.31 0.28 1.00 0.08 0.06 0.15 1.00 0.22 0.29 0.26 1.00 0.26 0.40 0.35 1.00 0.25 0.39 0.34 1.00 0.25 0.38 0.34 1.00 0.22 0.29 0.26 1.00 </float_array>
                    <technique_common>
                        <accessor source="#geom-037FCE30-colors-array" count="1406" stride="4">
                            <param name="R" type="float" />
                            <param name="G" type="float" />
                            <param name="B" type="float" />
                            <param name="A" type="float" />
                        </accessor>
                    </technique_common>
                </source>
                <vertices id="geom-037FCE30-vtx">
                    <input semantic="POSITION" source="#geom-037FCE30-pos" />
                </vertices>
                <triangles count="180" material="material-018428DF-symbol">
                    <input semantic="VERTEX" source="#geom-037FCE30-vtx" offset="0" />
                    <input semantic="TEXCOORD" source="#geom-037FCE30-texcoord" offset="0" />
                    <input semantic="COLOR" source="#geom-037FCE30-colors" offset="0" />
                    <p>0 1 2 1 0 47 46 1 47 1 3 2 4 5 6 29 5 4 28 29 4 5 7 6 8 9 10 9 11 10 11 92 10 92 93 10 12 13 14 12 14 69 68 12 69 13 15 14 16 17 18 17 19 18 20 21 22 21 23 22 24 25 26 25 27 26 30 31 32 31 33 32 34 35 36 34 36 74 36 75 74 35 37 36 38 39 40 39 41 40 42 43 44 43 45 44 48 49 50 49 51 50 52 53 54 53 55 54 56 57 58 57 59 58 60 61 62 61 63 62 64 65 66 64 98 65 98 99 65 65 67 66 70 71 72 71 73 72 76 77 78 77 79 78 80 81 82 81 83 82 84 85 86 85 87 86 88 89 90 89 91 90 94 95 96 95 97 96 100 101 102 101 103 102 104 105 106 105 107 106 </p>
                </triangles>
            </mesh>
        </geometry>
        <geometry id="geom-037E3FB4" name="geom-037E3FB4">
            <mesh>
                <source id="geom-037E3FB4-pos">
                    <float_array id="geom-037E3FB4-pos-array" count="3894">1942.09 170.00 2793.48 1942.09 140.00 2793.48 1896.62 170.00 2819.72 1896.62 110.00 2819.72 1942.09 110.00 2793.48 1791.15 170.00 2742.05 1791.16 110.00 2742.05 1731.16 170.00 2638.13 1731.16 110.00 2638.13 2206.85 110.00 2502.05 2206.85 170.00 2502.05 2146.85 110.00 2398.13 2146.85 170.00 2398.13 2064.88 110.00 2376.17 2064.88 170.00 2376.17 1982.92 110.00 2354.20 1982.92 170.00 2354.20 1892.92 170.00 2198.32 1892.92 110.00 2198.32 1937.92 170.00 2276.26 1937.92 110.00 2276.26 1775.08 110.00 2474.20 1730.08 110.00 2396.26 1775.08 170.00 2474.20 1730.08 170.00 2396.26 1731.16 110.00 2638.13 1753.12 110.00 2556.17 1731.16 170.00 2638.13 1753.12 170.00 2556.17 2266.85 110.00 2605.98 2221.38 110.00 2632.22 2266.85 170.00 2605.98 2221.38 170.00 2632.22 2210.49 170.00 2501.46 2149.12 170.00 2395.16 1985.20 170.00 2351.24 2067.16 170.00 2373.20 1940.81 170.00 2273.77 1896.43 170.00 2196.30 2224.90 170.00 2634.86 2271.86 170.00 2607.75 1944.11 170.00 2796.98 1897.15 170.00 2824.09 1788.82 170.00 2744.91 1727.45 170.00 2638.62 1771.37 170.00 2474.69 1726.47 170.00 2397.52 1749.41 170.00 2556.66 1727.45 170.00 2638.62 2266.85 110.00 2605.98 2266.85 170.00 2605.98 2206.85 110.00 2502.05 2206.85 170.00 2502.05 2210.49 170.00 2501.46 2271.86 170.00 2607.75 1791.15 170.00 2742.05 1788.82 170.00 2744.91 1851.16 170.00 2845.98 1850.19 170.00 2851.20 1851.16 110.00 2845.98 1791.16 110.00 2742.05 2146.85 110.00 2398.13 2146.85 170.00 2398.13 2064.88 110.00 2376.17 2064.88 170.00 2376.17 2067.16 170.00 2373.20 2149.12 170.00 2395.16 1753.12 170.00 2556.17 1753.12 110.00 2556.17 1775.08 170.00 2474.20 1775.08 110.00 2474.20 1749.41 170.00 2556.66 1771.37 170.00 2474.69 1937.92 170.00 2276.26 1937.92 110.00 2276.26 1982.92 170.00 2354.20 1982.92 110.00 2354.20 1940.81 170.00 2273.77 1985.20 170.00 2351.24 1730.08 170.00 2396.26 1730.08 110.00 2396.26 1685.08 170.00 2318.32 1685.08 110.00 2318.32 1726.47 170.00 2397.52 1681.57 170.00 2320.34 1851.16 170.00 2845.98 1851.16 110.00 2845.98 2175.91 170.00 2658.48 2175.91 140.00 2658.48 2175.91 110.00 2658.48 1850.19 170.00 2851.20 2177.94 170.00 2661.98 2175.91 450.00 2658.48 2221.38 390.00 2632.22 2177.94 450.00 2661.98 2224.90 390.00 2634.86 2175.91 330.00 2658.48 2175.91 390.00 2658.48 2177.94 330.00 2661.98 2177.94 390.00 2661.98 2206.85 330.00 2502.05 2146.85 330.00 2398.13 2210.49 330.00 2501.46 2149.12 330.00 2395.16 2064.88 330.00 2376.17 2067.16 330.00 2373.20 2146.85 330.00 2398.13 2149.12 330.00 2395.16 1982.92 330.00 2354.20 1937.92 330.00 2276.26 1985.20 330.00 2351.24 1940.81 330.00 2273.77 2175.91 203.16 2658.48 2175.91 250.00 2658.48 2177.94 203.16 2661.98 2177.94 250.00 2661.98 1896.62 390.00 2819.72 1897.15 390.00 2824.09 1851.15 330.00 2845.98 1850.19 330.00 2851.20 1944.11 390.49 2796.98 1942.09 390.00 2793.48 1944.11 330.00 2796.98 1942.09 330.00 2793.48 1942.09 250.00 2793.48 1944.11 250.00 2796.98 1791.15 330.00 2742.05 1788.82 330.00 2744.91 1731.16 330.00 2638.13 1727.45 330.00 2638.62 1730.08 330.00 2396.26 1726.47 330.00 2397.52 1685.08 330.00 2318.32 1680.16 330.00 2317.90 1775.08 330.00 2474.20 1753.12 330.00 2556.17 1771.37 330.00 2474.69 1749.41 330.00 2556.66 2266.85 330.00 2605.98 2271.86 330.00 2607.75 1851.15 330.00 2845.98 1850.19 330.00 2851.20 1985.20 330.00 2351.24 1982.92 330.00 2354.20 1731.16 330.00 2638.13 1727.45 330.00 2638.62 1892.92 330.00 2198.32 1895.02 329.94 2193.85 1771.37 330.00 2474.69 1775.08 330.00 2474.20 1944.11 203.16 2796.98 1942.09 203.16 2793.48 1944.11 170.00 2796.98 1942.09 170.00 2793.48 2059.00 450.00 2725.98 2117.46 450.00 2692.22 2108.04 450.00 2733.92 2159.02 450.00 2668.23 2163.09 450.00 2675.28 2159.02 330.00 2668.23 2163.09 372.50 2675.28 2159.02 390.00 2668.23 2163.09 450.00 2675.28 2159.02 203.16 2668.23 2163.09 217.50 2675.28 2159.02 250.00 2668.23 2163.09 295.00 2675.28 1958.98 140.00 2783.72 1958.98 203.16 2783.72 1963.06 140.00 2790.77 1963.06 217.50 2790.77 1958.98 330.00 2783.72 1958.98 390.00 2783.72 1963.06 372.50 2790.77 1963.06 450.00 2790.77 1958.98 450.00 2783.72 1958.98 250.00 2783.72 1963.06 295.00 2790.77 2159.02 140.00 2668.23 2163.09 140.00 2675.28 2041.36 450.00 2772.42 2000.54 450.00 2759.72 1958.98 450.00 2783.72 1963.06 450.00 2790.77 1895.02 329.94 2193.85 1892.92 330.00 2198.32 1846.32 330.00 2221.97 1847.46 330.00 2224.57 2175.91 170.00 2658.48 2177.94 170.00 2661.98 1942.09 450.00 2793.48 1944.11 450.00 2796.98 2177.94 450.00 2661.98 2175.91 450.00 2658.48 1944.11 450.00 2796.98 1942.09 450.00 2793.48 2266.85 330.00 2605.98 2271.86 330.00 2607.75 1789.00 330.00 2258.32 1787.59 330.00 2255.88 1680.16 330.00 2317.90 1723.25 330.00 2293.02 1685.08 330.00 2318.32 1725.58 330.00 2294.94 1776.23 330.00 2262.44 1778.39 330.00 2264.45 1942.09 330.00 2793.48 1942.09 390.00 2793.48 1958.98 330.00 2783.72 1958.98 390.00 2783.72 2159.02 450.00 2668.23 2175.91 450.00 2658.48 2159.02 390.00 2668.23 2175.91 390.00 2658.48 1937.92 350.00 2276.26 1937.92 330.00 2276.26 1982.92 350.00 2354.20 1982.92 330.00 2354.20 2064.88 350.00 2376.17 2064.88 330.00 2376.17 2146.85 350.00 2398.13 2146.85 330.00 2398.13 2206.85 350.00 2502.05 2206.85 330.00 2502.05 2266.85 330.00 2605.98 2221.38 390.00 2632.22 2266.85 350.00 2605.98 2221.38 410.00 2632.22 2175.91 470.00 2658.48 2175.91 450.00 2658.48 2117.46 470.00 2692.22 2117.46 450.00 2692.22 1942.09 470.00 2793.48 1942.09 450.00 2793.48 1896.62 410.00 2819.72 1896.62 390.00 2819.72 1791.16 350.00 2742.05 1791.15 330.00 2742.05 1731.16 350.00 2638.13 1731.16 330.00 2638.13 1753.12 350.00 2556.17 1753.12 330.00 2556.17 1775.08 350.00 2474.20 1775.08 330.00 2474.20 1730.08 350.00 2396.26 1730.08 330.00 2396.26 1685.08 350.00 2318.32 1685.08 330.00 2318.32 1958.98 250.00 2783.72 1942.09 250.00 2793.48 2175.91 250.00 2658.48 2159.02 250.00 2668.23 2175.91 330.00 2658.48 2159.02 330.00 2668.23 1789.00 350.00 2258.32 1789.00 330.00 2258.32 1847.46 350.00 2224.57 1847.46 330.00 2224.57 2266.85 350.00 2605.98 2266.85 330.00 2605.98 1851.16 350.00 2845.98 1851.15 330.00 2845.98 1892.92 350.00 2198.32 1892.92 330.00 2198.32 2175.91 140.00 2658.48 2159.02 140.00 2668.23 2175.91 170.00 2658.48 2159.02 203.16 2668.23 2175.91 203.16 2658.48 1942.09 203.16 2793.48 1958.98 203.16 2783.72 1942.09 170.00 2793.48 1958.98 140.00 2783.72 1942.09 140.00 2793.48 1958.98 203.16 2783.72 1942.09 203.16 2793.48 2059.00 470.00 2725.98 2059.00 450.00 2725.98 2000.54 470.00 2759.72 2000.54 450.00 2759.72 1892.92 350.00 2198.32 1892.92 330.00 2198.32 1942.09 470.00 2793.48 1942.09 450.00 2793.48 2175.91 203.16 2658.48 2159.02 203.16 2668.23 1958.98 450.00 2783.72 1942.09 450.00 2793.48 1851.16 350.00 2845.98 1851.15 330.00 2845.98 2175.91 450.00 2658.48 2175.91 470.00 2658.48 1685.08 350.00 2318.32 1685.08 330.00 2318.32 1711.20 350.00 2303.24 1725.58 330.00 2294.94 1778.39 330.00 2264.45 1829.98 340.46 2374.38 1806.56 367.00 2356.36 1859.80 350.00 2392.96 1789.34 340.46 2414.00 1768.79 360.94 2373.70 1756.92 338.91 2380.76 1756.92 338.91 2380.76 1768.79 360.94 2373.70 1723.12 350.25 2300.85 1734.78 374.18 2288.58 1774.01 369.88 2282.02 1775.08 350.25 2270.85 1766.21 409.16 2198.89 1773.51 397.22 2184.72 1723.12 350.25 2300.85 1734.78 374.18 2288.58 1721.54 397.22 2214.72 1736.99 412.62 2215.07 1775.08 350.25 2270.85 1774.01 369.88 2282.02 1808.88 338.91 2350.76 1806.56 367.00 2356.36 1801.09 316.38 2355.26 1765.63 329.02 2272.47 1808.88 338.91 2350.76 1775.08 350.25 2270.85 1746.73 320.25 2281.74 1742.78 368.76 2191.50 1765.63 329.02 2272.47 1762.39 377.30 2183.46 1729.26 329.02 2293.47 1726.02 377.30 2204.46 1723.12 350.25 2300.85 1721.54 397.22 2214.72 1775.08 350.25 2270.85 1773.51 397.22 2184.72 1782.90 307.38 2365.76 1746.73 320.25 2281.74 1764.72 316.38 2376.26 1729.26 329.02 2293.47 1723.12 350.25 2300.85 1756.92 338.91 2380.76 1808.88 338.91 2350.76 1830.50 350.00 2442.20 2013.76 465.42 2530.39 2024.24 470.00 2579.77 2011.29 450.46 2543.94 2025.13 456.03 2594.45 1998.31 439.98 2498.86 1981.86 427.38 2508.37 1997.38 439.17 2554.86 1966.99 439.94 2516.95 1981.69 449.94 2555.84 1960.01 446.36 2523.77 1974.86 465.42 2554.00 1958.32 455.45 2520.38 1976.02 413.46 2467.89 1977.94 435.50 2456.38 1998.31 439.98 2498.86 2001.81 454.45 2489.25 1870.30 326.00 2411.14 1882.46 350.00 2412.20 1947.60 380.00 2445.03 1930.78 386.00 2425.88 1962.81 406.08 2478.74 1947.60 380.00 2445.03 1936.80 380.58 2461.56 1936.80 380.58 2461.56 1862.95 325.00 2430.40 1918.48 388.26 2465.29 1945.58 412.58 2484.68 1918.48 388.26 2465.29 1847.18 332.44 2438.90 1929.73 430.00 2477.87 1908.36 407.00 2463.07 1908.36 407.00 2463.07 1833.10 340.41 2445.06 1830.50 350.00 2442.20 1870.30 326.00 2411.14 1831.33 314.91 2385.72 1859.80 350.00 2392.96 1829.98 340.46 2374.38 1818.56 309.91 2400.60 1801.09 316.38 2355.26 1782.90 307.38 2365.76 1800.12 318.41 2410.67 1764.72 316.38 2376.26 1789.34 340.46 2414.00 1756.92 338.91 2380.76 1877.95 411.18 2519.30 1914.75 434.52 2529.16 1872.69 419.87 2515.53 1910.26 445.21 2525.25 1919.80 427.10 2522.88 1960.01 446.36 2523.77 1966.99 439.94 2516.95 1883.82 414.38 2497.07 1914.47 436.51 2504.18 1890.36 408.30 2502.75 1918.94 427.66 2510.73 1942.98 453.00 2497.36 1949.09 438.38 2500.31 1861.57 387.88 2505.39 1854.14 394.15 2499.64 1849.05 368.10 2486.77 1840.91 375.34 2480.68 1833.10 340.41 2445.06 1830.50 350.00 2442.20 1867.38 369.95 2472.35 1847.18 332.44 2438.90 1854.06 350.58 2444.12 1877.37 388.07 2492.23 1872.45 396.15 2487.34 1808.88 338.91 2350.76 1862.95 325.00 2430.40 1847.18 332.44 2438.90 1833.10 340.41 2445.06 1830.50 350.00 2442.20 1949.17 401.00 2433.74 1981.86 427.38 2508.37 1966.99 439.94 2516.95 1949.09 438.38 2500.31 1942.98 453.00 2497.36 2010.17 443.97 2607.40 2019.24 447.78 2602.97 2001.81 454.45 2489.25 1998.45 447.23 2605.87 1991.66 453.55 2600.91 1983.33 470.00 2584.91 1887.05 405.68 2512.66 1872.44 383.45 2501.34 1861.60 365.41 2482.63 1958.32 455.45 2520.38 1856.96 369.00 2450.02 1863.30 377.95 2466.30 2049.80 105.60 2675.50 2057.59 105.60 2659.71 2049.76 140.00 2675.47 2057.54 140.00 2659.70 2058.74 105.60 2642.14 2058.69 140.00 2642.15 2058.74 105.60 2642.14 2053.08 105.60 2625.47 2058.69 140.00 2642.15 2053.04 140.00 2625.49 2041.47 105.60 2612.23 2041.44 140.00 2612.27 2041.47 105.60 2612.23 2025.68 105.60 2604.44 2041.44 140.00 2612.27 2025.67 140.00 2604.49 2008.11 105.60 2603.29 2008.12 140.00 2603.34 2008.11 105.60 2603.29 1991.44 105.60 2608.95 2008.12 140.00 2603.34 1991.46 140.00 2608.99 1978.20 105.60 2620.56 1978.24 140.00 2620.59 1978.20 105.60 2620.56 1970.41 105.60 2636.35 1978.24 140.00 2620.59 1970.46 140.00 2636.36 1969.26 105.60 2653.92 1969.31 140.00 2653.92 1969.26 105.60 2653.92 1974.92 105.60 2670.60 1969.31 140.00 2653.92 1974.96 140.00 2670.57 1986.53 105.60 2683.83 1986.56 140.00 2683.80 1986.53 105.60 2683.83 2002.32 105.60 2691.62 1986.56 140.00 2683.80 2002.33 140.00 2691.58 2019.89 105.60 2692.77 2019.88 140.00 2692.72 2019.89 105.60 2692.77 2036.52 105.60 2687.04 2019.88 140.00 2692.72 2036.54 140.00 2687.07 2049.80 105.60 2675.50 2049.76 140.00 2675.47 2031.08 140.00 2677.62 2041.10 140.00 2668.83 2041.10 140.00 2668.83 2047.00 140.00 2656.88 2047.87 140.00 2643.57 2047.87 140.00 2643.57 2043.59 140.00 2630.95 2034.80 140.00 2620.93 2034.80 140.00 2620.93 2022.84 140.00 2615.03 2009.54 140.00 2614.16 2009.54 140.00 2614.16 1996.92 140.00 2618.44 1986.90 140.00 2627.23 1986.90 140.00 2627.23 1981.00 140.00 2639.19 1980.13 140.00 2652.49 1980.13 140.00 2652.49 1984.41 140.00 2665.12 1993.20 140.00 2675.14 1993.20 140.00 2675.14 2005.16 140.00 2681.03 2018.46 140.00 2681.90 2018.46 140.00 2681.90 2038.83 136.67 2667.08 2044.23 136.67 2656.13 2045.03 136.67 2643.95 2047.87 140.00 2643.57 2045.03 136.67 2643.95 2041.10 136.67 2632.38 2034.80 140.00 2620.93 2033.05 136.67 2623.20 2034.80 140.00 2620.93 2033.05 136.67 2623.20 2022.10 136.67 2617.80 2009.54 140.00 2614.16 2009.92 136.67 2617.00 2009.54 140.00 2614.16 2009.92 136.67 2617.00 1998.35 136.67 2620.93 1986.90 140.00 2627.23 1989.17 136.67 2628.98 1986.90 140.00 2627.23 1989.17 136.67 2628.98 1983.77 136.67 2639.93 1980.13 140.00 2652.49 1982.97 136.67 2652.12 1980.13 140.00 2652.49 1982.97 136.67 2652.12 1986.90 136.67 2663.68 1993.20 140.00 2675.14 1994.95 136.67 2672.86 1993.20 140.00 2675.14 1994.95 136.67 2672.86 2005.90 136.67 2678.26 2018.46 140.00 2681.90 2018.08 136.67 2679.06 2018.08 136.67 2679.06 2029.65 136.67 2675.14 2038.83 136.67 2667.08 2085.91 140.00 2502.59 2085.91 110.00 2502.59 2046.94 130.00 2525.09 2046.94 110.00 2525.09 2024.44 110.00 2486.12 2035.94 120.00 2506.04 2046.94 110.00 2525.09 2024.44 120.00 2486.12 2046.94 130.00 2525.09 2035.94 130.00 2506.04 1891.06 110.00 2615.09 1880.06 120.00 2596.04 1868.56 110.00 2576.12 1868.56 120.00 2576.12 1891.06 130.00 2615.09 1880.06 130.00 2596.04 1852.09 110.00 2637.59 1852.09 140.00 2637.59 1891.06 130.00 2615.09 1891.06 110.00 2615.09 1928.32 140.00 2636.06 1925.70 140.00 2595.09 1852.09 140.00 2637.59 1969.00 140.00 2570.09 2007.57 140.00 2599.21 2012.30 140.00 2545.09 2099.68 140.00 2660.01 2108.04 140.00 2733.92 2159.02 140.00 2668.23 2093.78 140.00 2601.97 2043.98 140.00 2608.96 2056.65 140.00 2623.41 1958.00 130.00 2551.04 1914.70 130.00 2576.04 1969.00 130.00 2570.09 1925.70 130.00 2595.09 2001.30 130.00 2526.04 2012.30 130.00 2545.09 2035.94 130.00 2506.04 2046.94 130.00 2525.09 1946.50 120.00 2531.12 1903.20 120.00 2556.12 1958.00 120.00 2551.04 1914.70 120.00 2576.04 2130.91 140.00 2580.53 2130.91 110.00 2580.53 2085.91 140.00 2502.59 2085.91 110.00 2502.59 1852.09 140.00 2637.59 1852.09 110.00 2637.59 1897.09 140.00 2715.53 1897.09 110.00 2715.53 2012.30 130.00 2545.09 1969.00 130.00 2570.09 2012.30 140.00 2545.09 1969.00 140.00 2570.09 1958.00 130.00 2551.04 2001.30 130.00 2526.04 1958.00 120.00 2551.04 2001.30 120.00 2526.04 1914.70 130.00 2576.04 1914.70 120.00 2576.04 1880.06 130.00 2596.04 1880.06 120.00 2596.04 1960.93 110.00 2522.78 1989.80 120.00 2506.12 1989.80 110.00 2506.12 1885.88 120.00 2566.12 1885.88 110.00 2566.12 1868.56 120.00 2576.12 1868.56 110.00 2576.12 1925.70 140.00 2595.09 1925.70 130.00 2595.09 2007.12 120.00 2496.12 2035.94 120.00 2506.04 2024.44 120.00 2486.12 2175.91 140.00 2658.48 2175.91 110.00 2658.48 1942.09 140.00 2793.48 1942.09 110.00 2793.48 1934.22 140.00 2694.10 1984.02 140.00 2687.10 1971.35 140.00 2672.66 1965.18 140.00 2654.46 1966.43 140.00 2635.29 1981.53 140.00 2728.23 2020.43 140.00 2696.86 2001.26 140.00 2695.60 2062.83 140.00 2641.61 2061.57 140.00 2660.78 1966.43 140.00 2635.29 1965.18 140.00 2654.46 1970.41 105.60 2636.35 1969.26 105.60 2653.92 1971.35 140.00 2672.66 1974.92 105.60 2670.60 2001.26 140.00 2695.60 2020.43 140.00 2696.86 2002.32 105.60 2691.62 2019.89 105.60 2692.77 2038.58 140.00 2690.61 2036.52 105.60 2687.04 2061.57 140.00 2660.78 2062.83 140.00 2641.61 2057.59 105.60 2659.71 2058.74 105.60 2642.14 2056.65 140.00 2623.41 2053.08 105.60 2625.47 1989.38 140.00 2605.39 1974.93 140.00 2618.06 1991.44 105.60 2608.95 1978.20 105.60 2620.56 2026.75 140.00 2600.47 2007.57 140.00 2599.21 2025.68 105.60 2604.44 2008.11 105.60 2603.29 2043.98 140.00 2608.96 2041.47 105.60 2612.23 1984.02 140.00 2687.10 1986.53 105.60 2683.83 2053.07 140.00 2678.02 2049.80 105.60 2675.50 1897.09 140.00 2715.53 2041.36 140.00 2772.42 1958.98 140.00 2783.72 2130.91 140.00 2580.53 2085.91 140.00 2502.59 2046.47 140.00 2567.84 2035.94 120.00 2506.04 2035.94 130.00 2506.04 2007.12 110.00 2496.12 2007.12 120.00 2496.12 1989.80 120.00 2506.12 2001.30 120.00 2526.04 1891.06 130.00 2615.09 1880.06 130.00 2596.04 1885.88 120.00 2566.12 1880.06 120.00 2596.04 1903.20 120.00 2556.12 1932.07 110.00 2539.45 1903.20 110.00 2556.12 1974.93 140.00 2618.06 1989.38 140.00 2605.39 1969.00 140.00 2570.09 2026.75 140.00 2600.47 2024.44 110.00 2486.12 2024.44 120.00 2486.12 1868.56 120.00 2576.12 2175.91 140.00 2658.48 1942.09 140.00 2793.48 2054.15 140.00 2717.57 2053.07 140.00 2678.02 2038.58 140.00 2690.61 1963.06 140.00 2790.77 2163.09 140.00 2675.28 1946.50 120.00 2531.12 1825.88 110.00 2462.20 1843.20 110.00 2452.20 1805.88 110.00 2427.56 1823.20 110.00 2417.56 1929.80 110.00 2402.20 1947.12 110.00 2392.20 1909.80 110.00 2367.56 1927.12 110.00 2357.56 1843.20 110.00 2452.20 1825.88 110.00 2462.20 1863.20 110.00 2486.84 1845.88 110.00 2496.84 1947.12 110.00 2392.20 1929.80 110.00 2402.20 1967.12 110.00 2426.84 1949.80 110.00 2436.84 1885.88 110.00 2566.12 1903.20 110.00 2556.12 1865.88 110.00 2531.48 1883.20 110.00 2521.48 1989.80 110.00 2506.12 2007.12 110.00 2496.12 1969.80 110.00 2471.48 1987.12 110.00 2461.48 1863.20 110.00 2486.84 1845.88 110.00 2496.84 1883.20 110.00 2521.48 1865.88 110.00 2531.48 1967.12 110.00 2426.84 1949.80 110.00 2436.84 1987.12 110.00 2461.48 1969.80 110.00 2471.48 1852.07 110.00 2400.89 1823.20 110.00 2417.56 1872.07 110.00 2435.53 1843.20 110.00 2452.20 1969.80 110.00 2471.48 1940.93 110.00 2488.14 1989.80 110.00 2506.12 1960.93 110.00 2522.78 1929.80 110.00 2402.20 1900.93 110.00 2418.86 1949.80 110.00 2436.84 1920.93 110.00 2453.50 1900.93 110.00 2418.86 1920.93 110.00 2453.50 1892.07 110.00 2470.17 1892.07 110.00 2470.17 1863.20 110.00 2486.84 1912.07 110.00 2504.81 1883.20 110.00 2521.48 1909.80 110.00 2367.56 1880.93 110.00 2384.22 1880.93 110.00 2384.22 1912.07 110.00 2504.81 1883.20 110.00 2521.48 1932.07 110.00 2539.45 1903.20 110.00 2556.12 1940.93 110.00 2488.14 1960.93 110.00 2522.78 1920.93 110.00 2453.50 1940.93 110.00 2488.14 1863.20 110.00 2486.84 1949.80 110.00 2436.84 1920.93 110.00 2453.50 1969.80 110.00 2471.48 1940.93 110.00 2488.14 1791.16 350.00 2742.05 1731.16 350.00 2638.13 1836.62 410.00 2715.80 1776.62 410.00 2611.88 1775.08 350.00 2474.20 1799.65 410.00 2529.30 1753.12 350.00 2556.17 1824.64 470.00 2584.16 2053.36 470.00 2452.10 2018.35 410.00 2403.03 2101.38 410.00 2424.38 2114.24 470.00 2555.52 2161.38 410.00 2528.30 2206.85 350.00 2502.05 2146.85 350.00 2398.13 1730.08 350.00 2396.26 1775.54 350.00 2370.01 1820.54 350.00 2447.96 1937.46 350.00 2380.46 1967.46 410.00 2432.42 2057.46 470.00 2588.30 1997.46 470.00 2484.38 2221.38 410.00 2632.22 2266.85 350.00 2605.98 2175.91 470.00 2658.48 2117.46 470.00 2692.22 1896.62 410.00 2819.72 1942.09 470.00 2793.48 1883.76 470.00 2688.59 1789.00 350.00 2258.32 1847.46 350.00 2224.57 1834.00 350.00 2336.26 1892.46 350.00 2302.51 1879.00 350.00 2414.20 1999.00 470.00 2622.05 2059.00 470.00 2725.98 1940.54 470.00 2655.80 2000.54 470.00 2759.72 1939.00 470.00 2518.13 1880.54 470.00 2551.88 1909.00 410.00 2466.17 1850.54 410.00 2499.92 1937.92 350.00 2276.26 1892.92 350.00 2198.32 1982.92 350.00 2354.20 2028.23 470.00 2605.18 1968.23 470.00 2501.25 1938.23 410.00 2449.29 2064.88 350.00 2376.17 1851.16 350.00 2845.98 1796.10 350.00 2314.38 1781.43 350.00 2318.88 1759.27 350.00 2341.82 1724.54 350.00 2323.66 1685.08 350.00 2318.32 1711.20 350.00 2303.24 2126.08 431.59 2724.65 2154.98 431.59 2693.86 2126.08 390.91 2724.65 2154.98 390.91 2693.86 2126.07 276.59 2724.65 2154.98 276.59 2693.86 2126.07 235.91 2724.65 2154.98 235.91 2693.86 1983.20 199.09 2793.04 2024.32 199.09 2783.40 1983.20 158.41 2793.04 2024.32 158.41 2783.40 1983.20 354.09 2793.04 2024.32 354.09 2783.40 1983.20 313.41 2793.04 2024.32 313.41 2783.40 2060.60 199.09 2769.17 2095.60 199.09 2748.96 2060.60 158.41 2769.17 2095.60 158.41 2748.96 2060.60 354.09 2769.17 2095.60 354.09 2748.96 2060.60 313.41 2769.17 2095.60 313.41 2748.96 1983.20 276.59 2793.04 2024.32 276.59 2783.40 1983.20 235.91 2793.04 2024.32 235.91 2783.40 2126.08 199.09 2724.65 2154.98 199.09 2693.86 2126.08 158.41 2724.65 2154.98 158.41 2693.86 2060.60 276.59 2769.17 2095.60 276.59 2748.96 2060.60 235.91 2769.17 2095.60 235.91 2748.96 2126.07 354.09 2724.65 2154.98 354.09 2693.86 2126.07 313.41 2724.65 2154.98 313.41 2693.86 1983.20 431.59 2793.04 2024.32 431.59 2783.40 1983.20 390.91 2793.04 2024.32 390.91 2783.40 2060.60 431.59 2769.17 2095.60 431.59 2748.96 2060.60 390.91 2769.17 2095.60 390.91 2748.96 2108.04 450.00 2733.92 2163.09 450.00 2675.28 2106.90 446.12 2727.34 2156.45 446.12 2674.56 2163.09 372.50 2675.28 2156.45 376.38 2674.56 2108.04 372.50 2733.92 2106.90 376.38 2727.34 2108.04 295.00 2733.92 2163.09 295.00 2675.28 2106.90 291.12 2727.34 2156.45 291.12 2674.56 2163.09 217.50 2675.28 2156.45 221.37 2674.56 2108.04 217.50 2733.92 2106.90 221.37 2727.34 1963.06 217.50 2790.77 2041.36 217.50 2772.42 1965.75 213.62 2784.66 2036.23 213.62 2768.14 2041.36 140.00 2772.42 2036.23 143.88 2768.14 1963.06 140.00 2790.77 1965.75 143.88 2784.66 1963.06 372.50 2790.77 2041.36 372.50 2772.42 1965.75 368.62 2784.66 2036.23 368.62 2768.14 2041.36 295.00 2772.42 2036.23 298.88 2768.14 1963.06 295.00 2790.77 1965.75 298.88 2784.66 2041.36 217.50 2772.42 2108.04 217.50 2733.92 2042.03 213.62 2765.88 2102.04 213.62 2731.23 2108.04 140.00 2733.92 2102.04 143.88 2731.23 2041.36 140.00 2772.42 2042.03 143.88 2765.88 2041.36 372.50 2772.42 2108.04 372.50 2733.92 2042.03 368.62 2765.88 2102.04 368.62 2731.23 2108.04 295.00 2733.92 2102.04 298.88 2731.23 2041.36 295.00 2772.42 2042.03 298.88 2765.88 1963.06 295.00 2790.77 2041.36 295.00 2772.42 1965.75 291.12 2784.66 2036.23 291.12 2768.14 2041.36 217.50 2772.42 2036.23 221.38 2768.14 1963.06 217.50 2790.77 1965.75 221.38 2784.66 2108.04 217.50 2733.92 2163.09 217.50 2675.28 2106.90 213.63 2727.34 2156.45 213.63 2674.56 2163.09 140.00 2675.28 2156.45 143.88 2674.56 2108.04 140.00 2733.92 2106.90 143.88 2727.34 2041.36 295.00 2772.42 2108.04 295.00 2733.92 2042.03 291.12 2765.88 2102.04 291.12 2731.23 2108.04 217.50 2733.92 2102.04 221.38 2731.23 2041.36 217.50 2772.42 2042.03 221.38 2765.88 2108.04 372.50 2733.92 2163.09 372.50 2675.28 2106.90 368.62 2727.34 2156.45 368.62 2674.56 2163.09 295.00 2675.28 2156.45 298.88 2674.56 2108.04 295.00 2733.92 2106.90 298.88 2727.34 1963.06 450.00 2790.77 2041.36 450.00 2772.42 1965.75 446.12 2784.66 2036.23 446.12 2768.14 2041.36 372.50 2772.42 2036.23 376.38 2768.14 1963.06 372.50 2790.77 1965.75 376.38 2784.66 2041.36 450.00 2772.42 2108.04 450.00 2733.92 2042.03 446.12 2765.88 2102.04 446.12 2731.23 2108.04 372.50 2733.92 2102.04 376.38 2731.23 2041.36 372.50 2772.42 2042.03 376.38 2765.88 2114.34 435.66 2719.42 2149.02 435.66 2682.48 2149.02 386.84 2682.48 2114.34 386.84 2719.42 2114.34 280.66 2719.42 2149.02 280.66 2682.48 2149.02 231.84 2682.48 2114.34 231.84 2719.42 1976.32 203.16 2782.18 2025.66 203.16 2770.62 2025.66 154.34 2770.62 1976.32 154.34 2782.18 1976.32 358.16 2782.18 2025.66 358.16 2770.62 2025.66 309.34 2770.62 1976.32 309.34 2782.18 2051.03 203.16 2760.68 2093.04 203.16 2736.42 2093.04 154.34 2736.42 2051.03 154.34 2760.68 2051.03 358.16 2760.68 2093.04 358.16 2736.42 2093.04 309.34 2736.42 2051.03 309.34 2760.68 1976.32 280.66 2782.18 2025.66 280.66 2770.62 2025.66 231.84 2770.62 1976.32 231.84 2782.18 2114.34 203.16 2719.42 2149.02 203.16 2682.48 2149.02 154.34 2682.48 2114.34 154.34 2719.42 2051.03 280.66 2760.68 2093.04 280.66 2736.42 2093.04 231.84 2736.42 2051.03 231.84 2760.68 2114.34 358.16 2719.42 2149.02 358.16 2682.48 2149.02 309.34 2682.48 2114.34 309.34 2719.42 1976.32 435.66 2782.18 2025.66 435.66 2770.62 2025.66 386.84 2770.62 1976.32 386.84 2782.18 2051.03 435.66 2760.68 2093.04 435.66 2736.42 2093.04 386.84 2736.42 2051.03 386.84 2760.68 2126.08 431.59 2724.65 2154.98 431.59 2693.86 2154.98 390.91 2693.86 2126.08 390.91 2724.65 2093.04 231.84 2736.42 2095.60 235.91 2748.96 2177.94 450.00 2661.98 2224.90 390.00 2634.86 2177.94 390.00 2661.98 2271.86 330.00 2607.75 2224.90 330.00 2634.86 2177.94 330.00 2661.98 1944.11 390.49 2796.98 1944.11 330.00 2796.98 1897.15 390.00 2824.09 1897.15 330.00 2824.09 1897.15 250.00 2824.09 1850.19 330.00 2851.20 1850.19 250.00 2851.20 1727.45 250.00 2638.62 1788.82 250.00 2744.91 1727.45 170.00 2638.62 1788.82 170.00 2744.91 2149.12 250.00 2395.16 2210.49 250.00 2501.46 2149.12 330.00 2395.16 2210.49 330.00 2501.46 2149.12 170.00 2395.16 2067.16 170.00 2373.20 2067.16 250.00 2373.20 1985.20 250.00 2351.24 1940.81 250.00 2273.77 1985.20 170.00 2351.24 1940.81 170.00 2273.77 1681.57 170.00 2320.34 1681.57 250.00 2320.34 1726.47 170.00 2397.52 1726.47 250.00 2397.52 1771.37 170.00 2474.69 1771.37 250.00 2474.69 1749.41 170.00 2556.66 1749.41 250.00 2556.66 2224.90 250.00 2634.86 2177.94 250.00 2661.98 1789.00 230.00 2258.32 1832.30 230.00 2233.32 1788.65 250.00 2257.71 1849.27 250.00 2222.71 1728.38 170.00 2293.32 1685.08 170.00 2318.32 1719.14 110.00 2298.20 1685.08 110.00 2318.32 1857.94 110.00 2217.86 1849.62 170.00 2223.32 1832.06 110.00 2232.90 1832.30 170.00 2233.32 1681.57 250.00 2320.34 1681.57 170.00 2320.34 2271.86 250.00 2607.75 2271.86 170.00 2607.75 2210.49 170.00 2501.46 1850.19 250.00 2851.20 1850.19 330.00 2851.20 1788.82 330.00 2744.91 1985.20 330.00 2351.24 2067.16 330.00 2373.20 1727.45 330.00 2638.62 1749.41 330.00 2556.66 1940.81 330.00 2273.77 1896.43 250.00 2196.30 1895.02 329.94 2193.85 1771.37 330.00 2474.69 1726.47 330.00 2397.52 1896.43 250.00 2196.30 1892.92 170.00 2198.32 1896.43 170.00 2196.30 2224.90 170.00 2634.86 2271.86 170.00 2607.75 2271.86 250.00 2607.75 2271.86 330.00 2607.75 1896.43 170.00 2196.30 1944.11 170.00 2796.98 1897.15 170.00 2824.09 1944.11 203.16 2796.98 1944.11 250.00 2796.98 1850.19 170.00 2851.20 1680.16 330.00 2317.90 2177.94 170.00 2661.98 2177.94 203.16 2661.98 1850.19 170.00 2851.20 1728.03 250.00 2292.71 1745.70 170.00 2283.32 1745.46 110.00 2282.90 1745.70 230.00 2283.32 1892.92 110.00 2198.32 1787.59 330.00 2255.88 1846.32 330.00 2221.97 1944.11 450.00 2796.98 1895.02 329.94 2193.85 1728.62 311.72 2290.48 1723.25 330.00 2293.02 1680.16 330.00 2317.90 1750.95 301.48 2277.90 1753.42 313.73 2276.10 1764.80 315.85 2269.46 1776.23 330.00 2262.44 2038.83 136.67 2667.08 2044.23 136.67 2656.13 2037.64 140.00 2666.17 2042.78 140.00 2655.74 2043.54 140.00 2644.14 2014.00 137.61 2648.03 2039.81 140.00 2633.13 2032.14 140.00 2624.39 2021.71 140.00 2619.25 2010.11 140.00 2618.49 1999.10 140.00 2622.22 1990.36 140.00 2629.89 1985.22 140.00 2640.32 1984.46 140.00 2651.92 1988.19 140.00 2662.93 1995.86 140.00 2671.67 2006.29 140.00 2676.82 2017.89 140.00 2677.58 2028.90 140.00 2673.84 2029.65 136.67 2675.14 2045.03 136.67 2643.95 2041.10 136.67 2632.38 2033.05 136.67 2623.20 2022.10 136.67 2617.80 2009.92 136.67 2617.00 1998.35 136.67 2620.93 1989.17 136.67 2628.98 1983.77 136.67 2639.93 1982.97 136.67 2652.12 1986.90 136.67 2663.68 1994.95 136.67 2672.86 2005.90 136.67 2678.26 2018.08 136.67 2679.06 1728.62 311.72 2290.48 1750.95 301.48 2277.90 1726.67 330.00 2267.76 1741.74 330.00 2249.82 1753.42 313.73 2276.10 1746.94 330.00 2258.14 1764.80 315.85 2269.46 1757.11 330.00 2254.56 1776.23 330.00 2262.44 1723.25 330.00 2293.02 1719.24 399.61 2181.26 1723.25 330.00 2293.02 1726.67 330.00 2267.76 1711.20 350.00 2303.24 1725.58 330.00 2294.94 1759.27 350.00 2341.82 1724.54 350.00 2323.66 1778.39 330.00 2264.45 1789.00 350.00 2258.32 1796.10 350.00 2314.38 1781.43 350.00 2318.88 1776.23 330.00 2262.44 1741.74 330.00 2249.82 1746.94 330.00 2258.14 1757.11 330.00 2254.56 1896.79 470.00 2621.02 1931.58 460.00 2633.27 1922.55 470.00 2639.63 1964.82 450.00 2634.86 1946.77 470.00 2647.59 1964.82 450.00 2634.86 1979.36 440.00 2668.03 1950.78 470.00 2684.53 1946.77 470.00 2647.59 1974.88 440.00 2638.28 1981.27 470.00 2707.34 2001.32 450.00 2698.08 2003.38 440.00 2687.65 2001.32 450.00 2698.08 2034.50 440.00 2683.54 2014.06 470.00 2716.13 2050.50 470.00 2711.25 2003.38 440.00 2687.65 2053.62 440.00 2658.65 2084.17 470.00 2667.56 2084.17 470.00 2667.56 2053.62 440.00 2658.65 2080.16 470.00 2630.62 2058.17 450.00 2622.53 2048.64 440.00 2628.03 2025.12 440.00 2609.28 2062.66 470.00 2600.31 2032.67 470.00 2578.36 2032.67 470.00 2578.36 2025.12 440.00 2609.28 1994.00 440.00 2613.39 1978.00 470.00 2585.68 1964.82 450.00 2634.86 1955.56 470.00 2614.80 1974.88 440.00 2638.28 1926.94 470.00 2623.24 1955.56 470.00 2614.80 1984.20 437.61 2640.41 1987.15 437.61 2663.53 2006.20 437.61 2678.52 2006.20 437.61 2678.52 2029.75 437.61 2675.31 2044.30 437.61 2656.52 2044.30 437.61 2656.52 2040.85 437.61 2632.53 2022.30 437.61 2618.41 2022.30 437.61 2618.41 1998.75 437.61 2621.62 1984.20 437.61 2640.41 1998.75 437.61 2621.62 1998.76 413.71 2644.04 2006.22 413.71 2634.56 2014.00 340.00 2648.03 2007.66 387.44 2651.79 2007.18 387.44 2646.26 2012.37 387.44 2655.26 1999.84 413.71 2656.36 2010.34 413.71 2664.09 2012.37 387.44 2655.26 2017.72 387.44 2654.48 2010.34 413.71 2664.09 2022.28 413.71 2662.37 2021.07 387.44 2650.23 2029.74 413.71 2652.89 2021.07 387.44 2650.23 2020.42 387.44 2644.42 2029.74 413.71 2652.89 2028.29 413.71 2639.93 2015.88 387.44 2641.24 2010.52 387.44 2642.01 2015.88 387.44 2641.24 2018.16 413.71 2632.84 2007.18 387.44 2646.26 2125.72 470.00 2583.53 2058.17 450.00 2622.53 2062.66 470.00 2600.31 2080.16 470.00 2630.62 2001.32 450.00 2698.08 1991.28 470.00 2754.68 1981.27 470.00 2707.34 2014.06 470.00 2716.13 1987.15 437.61 2663.53 1984.20 437.61 2640.41 1998.76 413.71 2644.04 1984.20 437.61 2640.41 2006.20 437.61 2678.52 2006.20 437.61 2678.52 2029.75 437.61 2675.31 2044.30 437.61 2656.52 2040.85 437.61 2632.53 2044.30 437.61 2656.52 2022.30 437.61 2618.41 2018.16 413.71 2632.84 2022.30 437.61 2618.41 1949.17 401.00 2433.74 1947.60 380.00 2445.03 1942.86 378.00 2410.82 1930.78 386.00 2425.88 1861.46 350.00 2375.83 1852.12 350.00 2339.66 1869.30 333.00 2379.40 1852.12 350.00 2339.66 1878.59 350.00 2377.49 1869.30 333.00 2379.40 1870.30 326.00 2411.14 1859.80 350.00 2392.96 1882.46 350.00 2412.20 1745.46 110.00 2282.90 1788.69 110.00 2257.86 1744.00 110.00 2261.00 1779.00 110.00 2241.00 1858.50 110.00 2379.00 1823.60 110.00 2318.43 1789.00 110.00 2419.00 1753.97 110.00 2358.43 1840.82 110.00 2268.22 1832.06 110.00 2232.90 1813.50 110.00 2221.00 1719.14 110.00 2298.20 1771.33 110.00 2308.24 1928.00 110.00 2339.00 1892.97 110.00 2278.43 1857.94 110.00 2217.86 </float_array>
                    <technique_common>
                        <accessor source="#geom-037E3FB4-pos-array" count="1298" stride="3">
                            <param name="X" type="float" />
                            <param name="Y" type="float" />
                            <param name="Z" type="float" />
                        </accessor>
                    </technique_common>
                </source>
                <source id="geom-037E3FB4-texcoord">
                    <float_array id="geom-037E3FB4-texcoord-array" count="2596">0.01 0.88 0.01 0.44 0.47 0.88 0.47 0.02 0.01 0.02 0.01 0.88 0.01 0.02 0.99 0.88 0.99 0.02 0.99 0.02 0.99 0.88 0.01 0.02 0.01 0.88 0.99 0.02 0.99 0.88 0.01 0.02 0.01 0.88 0.01 0.88 0.01 0.02 0.99 0.88 0.99 0.02 0.01 0.02 0.99 0.02 0.01 0.88 0.99 0.88 0.01 0.02 0.99 0.02 0.01 0.88 0.99 0.88 0.01 0.02 0.53 0.02 0.01 0.88 0.53 0.88 0.99 0.98 0.01 0.98 0.01 0.98 0.99 0.98 0.99 0.98 0.01 0.98 0.50 0.98 0.01 0.98 0.01 0.98 0.50 0.98 0.01 0.98 0.99 0.98 0.01 0.98 0.99 0.98 0.99 0.98 0.01 0.98 0.99 0.02 0.99 0.88 0.01 0.02 0.01 0.88 0.01 0.98 0.99 0.98 0.99 0.88 0.99 0.98 0.01 0.88 0.01 0.98 0.01 0.02 0.99 0.02 0.99 0.02 0.99 0.88 0.01 0.02 0.01 0.88 0.01 0.98 0.99 0.98 0.01 0.88 0.01 0.02 0.99 0.88 0.99 0.02 0.01 0.98 0.99 0.98 0.01 0.88 0.01 0.02 0.99 0.88 0.99 0.02 0.01 0.98 0.99 0.98 0.01 0.88 0.01 0.02 0.99 0.88 0.99 0.02 0.01 0.98 0.99 0.98 0.99 0.88 0.99 0.02 0.99 0.88 0.99 0.44 0.99 0.02 0.99 0.98 0.99 0.98 0.06 0.07 0.06 -0.21 0.07 0.07 0.07 -0.21 0.04 -0.16 0.04 -0.01 0.05 -0.16 0.05 -0.01 0.06 -0.21 0.06 -0.49 0.07 -0.21 0.07 -0.49 0.07 -0.21 0.06 -0.21 0.07 -0.49 0.06 -0.49 0.07 -0.49 0.07 -0.21 0.06 -0.49 0.06 -0.21 0.04 -0.48 0.04 -0.36 0.05 -0.48 0.05 -0.36 0.06 -0.21 0.07 -0.21 0.06 0.06 0.07 0.07 0.05 -0.01 0.04 -0.01 0.05 -0.16 0.04 -0.16 0.04 -0.36 0.05 -0.36 0.07 -0.21 0.06 -0.21 0.07 -0.49 0.06 -0.49 0.06 -0.21 0.07 -0.21 0.06 0.07 0.07 0.08 0.07 -0.49 0.07 -0.21 0.06 -0.49 0.06 -0.21 0.06 0.06 0.07 0.07 0.07 0.06 0.06 0.07 0.06 0.07 0.07 0.07 0.07 0.07 0.06 0.07 0.07 0.07 0.06 0.08 0.07 -0.49 0.06 -0.49 0.05 -0.48 0.04 -0.48 0.05 -0.57 0.04 -0.57 0.00 -0.14 0.00 0.02 0.08 -0.05 0.00 0.14 0.02 0.14 0.00 -0.30 0.03 -0.14 0.00 -0.08 0.03 0.14 0.00 -0.76 0.03 -0.71 0.00 -0.59 0.03 -0.43 0.00 -0.99 0.00 -0.76 0.03 -0.99 0.03 -0.71 0.00 -0.30 0.00 -0.08 0.03 -0.14 0.03 0.14 0.00 0.14 0.00 -0.59 0.03 -0.43 0.00 -0.99 0.03 -0.99 0.08 -0.24 0.00 -0.31 0.00 -0.43 0.02 -0.43 0.06 -0.49 0.07 -0.48 0.06 -0.36 0.07 -0.36 0.04 -0.57 0.05 -0.57 0.04 0.14 0.05 0.14 0.05 0.14 0.04 0.14 0.07 -0.49 0.06 -0.49 0.06 -0.48 0.07 -0.49 0.07 -0.21 0.06 -0.21 0.06 0.07 0.06 -0.04 0.07 0.06 0.07 -0.04 0.06 -0.18 0.07 -0.18 0.05 -0.15 0.05 -0.03 0.03 -0.15 0.03 -0.03 0.05 0.09 0.03 0.09 0.05 -0.03 0.03 -0.03 0.10 -0.07 0.08 -0.07 0.10 -0.23 0.08 -0.23 0.10 -0.37 0.08 -0.37 0.10 -0.50 0.08 -0.50 0.10 -0.73 0.08 -0.73 0.05 0.09 0.05 -0.15 0.07 0.05 0.07 -0.19 0.10 0.09 0.08 0.09 0.10 -0.04 0.08 -0.04 0.07 0.09 0.05 0.05 0.07 -0.15 0.05 -0.19 0.10 -0.11 0.08 -0.11 0.10 -0.35 0.08 -0.35 0.10 -0.52 0.08 -0.52 0.10 -0.66 0.08 -0.66 0.10 -0.84 0.08 -0.84 0.10 -0.99 0.08 -0.99 0.03 -0.31 0.05 -0.31 0.03 -0.31 0.05 -0.31 0.03 -0.15 0.05 -0.15 0.10 -0.15 0.08 -0.15 0.10 -0.29 0.08 -0.29 0.10 -0.95 0.08 -0.95 0.10 0.08 0.08 0.08 0.10 0.08 0.08 0.08 0.00 0.00 0.02 0.00 0.00 0.05 0.02 0.10 0.00 0.10 0.02 0.10 0.00 0.10 0.02 0.05 0.00 0.00 0.02 0.00 0.03 -0.40 0.05 -0.40 0.10 -0.19 0.08 -0.19 0.10 -0.33 0.08 -0.33 0.10 -0.40 0.08 -0.40 0.10 -0.46 0.08 -0.46 0.03 -0.40 0.05 -0.40 0.03 0.09 0.05 0.09 0.07 -0.38 0.05 -0.42 0.05 -0.38 0.07 -0.42 0.10 0.09 0.08 0.09 0.10 0.03 0.08 0.00 0.08 -0.13 0.24 0.48 0.48 0.36 0.00 0.48 0.24 0.00 0.48 0.12 0.48 0.00 0.00 0.00 0.00 0.12 0.51 0.00 0.51 0.12 0.00 0.36 0.00 0.48 0.48 0.36 0.48 0.48 0.00 0.00 0.00 0.12 0.48 0.00 0.48 0.12 0.51 0.48 0.51 0.36 0.00 0.48 0.00 0.36 0.00 0.12 0.51 0.12 0.00 0.00 0.51 0.00 0.00 0.24 0.48 0.24 0.00 0.12 0.48 0.12 0.00 0.36 0.48 0.36 0.00 0.48 0.48 0.48 0.00 0.00 0.48 0.00 0.00 0.24 0.51 0.24 0.00 0.36 0.51 0.36 0.51 0.48 0.00 0.48 0.48 0.48 0.00 0.00 0.24 0.00 0.00 0.00 0.24 0.12 0.00 0.12 0.48 0.12 0.48 0.24 0.24 0.24 0.48 0.36 0.24 0.36 0.48 0.42 0.24 0.48 0.48 0.48 0.24 0.12 0.24 0.00 0.00 0.12 0.00 0.00 0.48 0.36 0.48 0.48 0.00 0.36 0.00 0.48 0.24 0.24 0.48 0.12 0.48 0.24 0.00 0.24 0.48 0.24 0.48 0.36 0.24 0.36 0.00 0.12 0.48 0.12 0.24 0.48 0.48 0.48 0.00 0.00 0.48 0.06 0.48 0.00 0.00 0.12 0.24 0.12 0.00 0.00 0.24 0.00 0.24 0.24 0.48 0.12 0.48 0.24 0.24 0.36 0.48 0.36 0.24 0.48 0.48 0.48 0.48 0.06 0.30 0.06 0.48 0.00 0.30 0.00 0.30 0.12 0.00 0.06 0.00 0.12 0.48 0.24 0.30 0.24 0.48 0.18 0.30 0.18 0.00 0.24 0.00 0.18 0.60 0.06 0.60 0.00 0.72 0.06 0.72 0.00 0.98 0.06 0.96 0.00 0.72 0.18 0.99 0.12 0.92 0.18 0.60 0.18 0.60 0.24 0.48 0.00 0.00 0.24 0.00 0.36 0.00 0.42 0.00 0.48 0.48 0.00 0.00 0.24 0.00 0.36 0.06 0.42 0.00 0.48 0.00 0.24 0.00 0.18 0.48 0.00 0.00 0.30 0.00 0.36 0.00 0.48 0.48 0.12 0.60 0.12 0.72 0.12 0.00 0.00 0.84 0.24 0.72 0.24 0.02 0.02 0.50 0.02 0.02 0.50 0.50 0.50 0.99 0.02 0.99 0.50 0.02 0.02 0.50 0.02 0.02 0.50 0.50 0.50 0.99 0.02 0.99 0.50 0.02 0.02 0.50 0.02 0.02 0.50 0.50 0.50 0.99 0.02 0.99 0.50 0.02 0.02 0.50 0.02 0.02 0.50 0.50 0.50 0.99 0.02 0.99 0.50 0.02 0.02 0.50 0.02 0.02 0.50 0.50 0.50 0.99 0.02 0.99 0.50 0.02 0.02 0.50 0.02 0.02 0.50 0.50 0.50 0.99 0.02 0.99 0.50 0.02 0.02 0.50 0.02 0.02 0.50 0.50 0.50 0.99 0.02 0.99 0.50 0.02 0.02 0.50 0.02 0.02 0.50 0.50 0.50 0.99 0.02 0.99 0.50 0.50 0.82 0.88 0.82 0.13 0.82 0.50 0.82 0.88 0.82 0.12 0.82 0.50 0.82 0.88 0.82 0.12 0.82 0.50 0.82 0.88 0.82 0.12 0.82 0.50 0.82 0.88 0.82 0.12 0.82 0.50 0.82 0.88 0.82 0.12 0.82 0.50 0.82 0.88 0.82 0.12 0.82 0.50 0.82 0.88 0.82 0.13 0.82 0.16 0.99 0.50 0.99 0.85 0.99 0.13 0.82 0.16 0.99 0.50 0.99 0.88 0.82 0.85 0.99 0.13 0.82 0.16 0.99 0.50 0.99 0.88 0.82 0.85 0.99 0.13 0.82 0.16 0.99 0.50 0.99 0.88 0.82 0.85 0.99 0.13 0.82 0.16 0.99 0.50 0.99 0.88 0.82 0.85 0.99 0.13 0.82 0.16 0.99 0.50 0.99 0.88 0.82 0.85 0.99 0.13 0.82 0.16 0.99 0.50 0.99 0.88 0.82 0.85 0.99 0.16 0.99 0.50 0.99 0.85 0.99 0.21 -0.30 0.17 -0.35 0.28 -0.37 0.26 -0.41 0.31 -0.12 0.39 -0.12 0.43 -0.19 0.33 -0.09 0.46 -0.13 0.41 -0.10 0.43 -0.19 0.39 -0.12 0.31 -0.12 0.33 -0.09 0.46 -0.13 0.41 -0.10 0.70 -0.66 0.73 -0.60 0.63 -0.57 0.61 -0.61 0.64 -0.45 0.57 -0.51 0.73 -0.60 0.47 -0.45 0.48 -0.34 0.37 -0.39 0.50 -0.09 0.63 0.00 0.45 0.03 0.39 -0.17 0.46 -0.26 0.48 -0.22 0.53 -0.14 0.63 -0.19 0.56 -0.09 0.66 -0.15 0.44 -0.08 0.46 -0.03 0.36 -0.04 0.39 0.01 0.50 -0.20 0.59 -0.26 0.52 -0.16 0.62 -0.21 0.31 -0.12 0.26 -0.09 0.21 -0.30 0.15 -0.26 0.73 -0.60 0.79 -0.64 0.83 -0.43 0.89 -0.46 0.36 -0.41 0.46 -0.47 0.37 -0.39 0.47 -0.45 0.53 -0.14 0.44 -0.08 0.52 -0.16 0.43 -0.10 0.63 -0.19 0.62 -0.21 0.71 -0.24 0.70 -0.26 0.46 -0.20 0.40 -0.14 0.39 -0.16 0.63 -0.28 0.62 -0.30 0.67 -0.30 0.66 -0.32 0.57 -0.51 0.55 -0.53 0.36 -0.12 0.35 -0.05 0.32 -0.10 0.41 0.05 0.36 0.08 0.93 -0.25 0.99 -0.29 0.75 -0.38 0.68 -0.29 0.67 -0.33 0.64 -0.36 0.60 -0.38 0.76 -0.25 0.66 -0.21 0.68 -0.25 0.50 -0.19 0.54 -0.17 0.60 -0.38 0.64 -0.36 0.58 -0.32 0.60 -0.31 0.67 -0.33 0.61 -0.30 0.68 -0.25 0.66 -0.21 0.62 -0.26 0.61 -0.24 0.63 -0.18 0.60 -0.23 0.54 -0.17 0.50 -0.19 0.56 -0.23 0.54 -0.24 0.48 -0.22 0.53 -0.25 0.52 -0.37 0.56 -0.38 0.55 -0.32 0.56 -0.32 0.46 -0.30 0.48 -0.34 0.52 -0.29 0.53 -0.30 0.46 -0.26 0.52 -0.27 0.68 -0.29 0.62 -0.28 0.59 -0.17 0.58 -0.23 0.83 -0.43 0.78 -0.08 0.90 -0.23 0.31 -0.12 0.21 -0.30 0.38 -0.30 0.35 -0.05 0.36 -0.04 0.35 -0.14 0.36 -0.12 0.40 -0.14 0.43 -0.10 0.74 -0.19 0.71 -0.24 0.63 -0.28 0.70 -0.26 0.59 -0.26 0.52 -0.24 0.58 -0.27 0.56 -0.38 0.52 -0.37 0.47 -0.45 0.46 -0.30 0.31 -0.12 0.32 -0.10 0.67 -0.30 0.41 0.05 0.93 -0.25 0.66 -0.12 0.59 -0.17 0.63 -0.18 0.90 -0.22 0.46 0.05 0.50 -0.20 0.98 0.99 0.03 0.99 0.98 0.02 0.03 0.02 0.98 0.99 0.03 0.99 0.98 0.02 0.03 0.02 0.03 0.02 0.98 0.02 0.03 0.99 0.98 0.99 0.03 0.02 0.98 0.02 0.03 0.99 0.98 0.99 0.98 0.99 0.03 0.99 0.98 0.02 0.03 0.02 0.98 0.99 0.03 0.99 0.98 0.02 0.03 0.02 0.03 0.02 0.98 0.02 0.03 0.99 0.98 0.99 0.03 0.02 0.98 0.02 0.03 0.99 0.98 0.99 0.50 0.02 0.99 0.02 0.50 0.50 0.99 0.50 0.99 0.50 0.50 0.50 0.99 0.99 0.50 0.99 0.99 0.50 0.50 0.50 0.99 0.99 0.50 0.99 0.02 0.50 0.02 0.99 0.50 0.99 0.50 0.52 0.99 0.52 0.50 0.99 0.99 0.99 0.99 0.02 0.50 0.02 0.02 0.02 0.50 0.52 0.99 0.52 0.50 0.99 0.99 0.99 0.02 0.52 0.02 0.99 0.02 0.52 0.02 0.99 0.99 0.99 0.99 0.50 0.50 0.50 0.99 0.99 0.50 0.99 0.99 0.07 0.99 -0.14 0.85 0.07 0.85 -0.14 0.71 -0.43 0.71 -0.28 0.85 -0.28 0.71 -0.14 0.29 -0.14 0.29 -0.28 0.14 -0.14 0.29 0.07 0.14 0.07 0.00 0.07 0.00 -0.14 0.71 -0.57 0.60 -0.57 0.60 -0.43 0.39 -0.43 0.39 -0.28 0.39 0.07 0.39 -0.14 0.14 0.28 0.00 0.28 0.29 0.28 0.39 0.28 0.85 0.28 0.71 0.28 0.71 0.07 0.50 -0.71 0.39 -0.71 0.50 -0.57 0.39 -0.57 0.50 -0.43 0.50 0.07 0.50 0.28 0.60 0.07 0.60 0.28 0.50 -0.14 0.60 -0.14 0.50 -0.28 0.60 -0.28 0.29 -0.57 0.29 -0.71 0.29 -0.43 0.45 0.07 0.45 -0.14 0.45 -0.28 0.14 -0.28 0.99 0.28 0.53 -0.63 0.56 -0.63 0.60 -0.62 0.64 -0.67 0.71 -0.71 0.65 -0.71 0.72 0.72 0.28 0.72 0.72 0.28 0.28 0.28 0.72 0.72 0.28 0.72 0.72 0.28 0.28 0.28 0.72 0.72 0.28 0.72 0.72 0.28 0.28 0.28 0.72 0.72 0.28 0.72 0.72 0.28 0.28 0.28 0.72 0.72 0.28 0.72 0.72 0.28 0.28 0.28 0.72 0.72 0.28 0.72 0.72 0.28 0.28 0.28 0.72 0.72 0.28 0.72 0.72 0.28 0.28 0.28 0.72 0.72 0.28 0.72 0.72 0.28 0.28 0.28 0.72 0.72 0.28 0.72 0.72 0.28 0.28 0.28 0.72 0.72 0.28 0.72 0.72 0.28 0.28 0.28 0.72 0.72 0.28 0.72 0.72 0.28 0.28 0.28 0.72 0.72 0.28 0.72 0.72 0.28 0.28 0.28 0.99 0.99 0.01 0.99 0.94 0.94 0.06 0.94 0.01 0.01 0.06 0.06 0.99 0.01 0.94 0.06 0.99 0.99 0.01 0.99 0.94 0.94 0.06 0.94 0.01 0.01 0.06 0.06 0.99 0.01 0.94 0.06 0.99 0.99 0.01 0.99 0.94 0.94 0.06 0.94 0.01 0.01 0.06 0.06 0.99 0.01 0.94 0.06 0.99 0.99 0.01 0.99 0.94 0.94 0.06 0.94 0.01 0.01 0.06 0.06 0.99 0.01 0.94 0.06 0.99 0.99 0.01 0.99 0.94 0.94 0.06 0.94 0.01 0.01 0.06 0.06 0.99 0.01 0.94 0.06 0.99 0.99 0.01 0.99 0.94 0.94 0.06 0.94 0.01 0.01 0.06 0.06 0.99 0.01 0.94 0.06 0.99 0.99 0.01 0.99 0.94 0.94 0.06 0.94 0.01 0.01 0.06 0.06 0.99 0.01 0.94 0.06 0.99 0.99 0.01 0.99 0.94 0.94 0.06 0.94 0.01 0.01 0.06 0.06 0.99 0.01 0.94 0.06 0.99 0.99 0.01 0.99 0.94 0.94 0.06 0.94 0.01 0.01 0.06 0.06 0.99 0.01 0.94 0.06 0.99 0.99 0.01 0.99 0.94 0.94 0.06 0.94 0.01 0.01 0.06 0.06 0.99 0.01 0.94 0.06 0.99 0.99 0.01 0.99 0.94 0.94 0.06 0.94 0.01 0.01 0.06 0.06 0.99 0.01 0.94 0.06 0.99 0.99 0.01 0.99 0.94 0.94 0.06 0.94 0.01 0.01 0.06 0.06 0.99 0.01 0.94 0.06 0.81 0.81 0.19 0.81 0.19 0.19 0.81 0.19 0.81 0.81 0.19 0.81 0.19 0.19 0.81 0.19 0.81 0.81 0.19 0.81 0.19 0.19 0.81 0.19 0.81 0.81 0.19 0.81 0.19 0.19 0.81 0.19 0.81 0.81 0.19 0.81 0.19 0.19 0.81 0.19 0.81 0.81 0.19 0.81 0.19 0.19 0.81 0.19 0.81 0.81 0.19 0.81 0.19 0.19 0.81 0.19 0.81 0.81 0.19 0.81 0.19 0.19 0.81 0.19 0.81 0.81 0.19 0.81 0.19 0.19 0.81 0.19 0.81 0.81 0.19 0.81 0.19 0.19 0.81 0.19 0.81 0.81 0.19 0.81 0.19 0.19 0.81 0.19 0.81 0.81 0.19 0.81 0.19 0.19 0.81 0.19 0.72 0.72 0.28 0.72 0.28 0.28 0.72 0.28 0.19 0.19 0.28 0.28 0.27 0.13 0.17 0.03 0.27 0.03 0.07 -0.07 0.17 -0.07 0.27 -0.07 0.00 0.03 0.00 -0.07 0.10 0.03 0.10 -0.07 0.10 -0.20 0.20 -0.07 0.20 -0.20 0.40 0.02 0.20 0.02 0.40 -0.12 0.20 -0.12 0.59 0.02 0.79 0.02 0.59 0.15 0.79 0.15 0.59 -0.12 0.44 -0.12 0.44 0.02 0.30 0.02 0.15 0.02 0.30 -0.12 0.15 -0.12 0.99 -0.12 0.99 0.02 0.84 -0.12 0.84 0.02 0.69 -0.12 0.69 0.02 0.54 -0.12 0.54 0.02 0.17 -0.20 0.27 -0.20 0.20 0.02 0.28 0.02 0.20 0.05 0.31 0.05 0.09 -0.08 0.01 -0.08 0.07 -0.18 0.01 -0.18 0.33 -0.18 0.31 -0.08 0.28 -0.18 0.28 -0.08 0.00 0.05 0.00 -0.08 0.99 0.02 0.99 -0.12 0.79 -0.12 0.00 0.02 0.00 0.15 0.20 0.15 0.30 0.15 0.44 0.15 0.40 0.15 0.54 0.15 0.15 0.15 0.00 0.02 0.00 0.15 0.69 0.15 0.84 0.15 0.40 0.05 0.40 -0.08 0.40 -0.08 0.17 -0.33 0.07 -0.33 0.07 -0.20 0.99 0.15 0.00 -0.12 0.00 -0.33 0.10 -0.33 0.00 -0.28 0.00 -0.20 0.00 -0.12 0.99 0.15 0.27 -0.33 0.27 -0.28 0.20 -0.33 0.09 0.05 0.12 -0.08 0.12 -0.18 0.12 0.02 0.40 -0.18 0.20 0.18 0.31 0.18 0.00 0.13 0.40 0.18 0.09 0.15 0.08 0.18 0.00 0.18 0.13 0.13 0.14 0.15 0.16 0.16 0.18 0.18 0.95 0.69 0.85 0.85 0.91 0.67 0.81 0.81 0.67 0.91 0.50 0.50 0.50 0.94 0.32 0.91 0.18 0.81 0.08 0.67 0.05 0.50 0.08 0.32 0.18 0.18 0.32 0.08 0.50 0.05 0.67 0.08 0.81 0.18 0.91 0.32 0.94 0.50 0.99 0.50 0.69 0.95 0.50 0.99 0.31 0.95 0.15 0.85 0.04 0.69 0.00 0.50 0.04 0.31 0.15 0.15 0.31 0.04 0.50 0.00 0.69 0.04 0.85 0.15 0.95 0.31 0.09 -0.16 0.46 -0.28 0.20 0.22 0.51 0.28 0.61 -0.12 0.63 0.22 0.80 -0.08 0.79 0.21 0.99 0.11 0.00 0.07 0.68 -0.29 0.71 -0.88 0.83 -0.75 0.54 -0.87 0.70 -0.89 0.18 -0.99 0.42 -0.95 0.00 -0.34 0.11 -0.44 0.01 -0.77 0.09 -0.82 0.05 -0.11 0.96 -0.34 0.68 0.21 0.29 0.09 0.00 0.75 0.31 0.75 0.25 0.64 0.61 0.74 0.50 0.53 0.71 0.22 0.37 0.37 0.37 0.00 0.68 0.00 0.65 0.37 0.12 0.00 0.05 0.22 0.09 0.37 0.71 0.22 0.37 0.37 0.68 0.00 0.37 0.00 0.65 0.37 0.09 0.37 0.00 0.00 0.74 0.00 0.65 0.37 0.47 0.00 0.37 0.25 0.37 0.37 0.09 0.37 0.28 0.00 0.00 0.00 0.74 0.00 0.65 0.37 0.37 0.37 0.37 0.00 0.07 0.26 0.12 0.00 0.09 0.37 0.25 0.85 0.50 0.96 0.62 0.48 0.37 0.48 0.12 0.48 0.62 0.48 0.37 0.48 0.12 0.48 0.62 0.48 0.37 0.48 0.12 0.48 0.62 0.48 0.37 0.48 0.99 0.99 0.78 0.99 0.90 0.68 0.78 0.68 0.78 0.01 0.78 0.43 0.71 0.43 0.84 0.43 0.78 0.68 0.90 0.68 0.71 0.43 0.78 0.43 0.65 0.68 0.78 0.68 0.84 0.43 0.90 0.68 0.71 0.43 0.78 0.43 0.65 0.68 0.78 0.68 0.84 0.43 0.78 0.43 0.71 0.43 0.65 0.68 0.84 0.43 0.00 0.75 0.61 0.74 0.50 0.53 0.50 0.96 0.61 0.74 0.00 0.75 0.50 0.96 0.50 0.53 0.78 0.99 0.56 0.99 0.65 0.68 0.12 0.48 0.99 0.99 0.56 0.99 0.78 0.99 0.99 0.99 0.78 0.99 0.56 0.99 0.99 0.99 0.90 0.68 0.56 0.99 0.50 0.96 0.61 0.74 0.31 0.75 0.50 0.53 0.25 0.64 0.00 0.75 0.31 0.75 0.00 0.75 0.25 0.85 0.31 0.75 0.61 0.74 0.50 0.53 0.50 0.96 0.19 0.87 0.50 0.88 0.25 0.99 0.50 0.99 0.50 0.01 0.50 0.44 0.01 0.01 0.01 0.44 0.75 0.66 0.81 0.87 0.75 0.99 0.01 0.88 0.25 0.66 0.99 0.01 0.99 0.44 0.99 0.88 </float_array>
                    <technique_common>
                        <accessor source="#geom-037E3FB4-texcoord-array" count="1298" stride="2">
                            <param name="S" type="float" />
                            <param name="T" type="float" />
                        </accessor>
                    </technique_common>
                </source>
                <source id="geom-037E3FB4-colors">
                    <float_array id="geom-037E3FB4-colors-array" count="5192">0.27 0.91 0.38 1.00 0.19 0.49 0.28 1.00 0.27 0.70 0.33 1.00 0.06 0.08 0.07 1.00 0.09 0.13 0.12 1.00 0.32 0.50 0.32 1.00 0.16 0.24 0.16 1.00 0.35 0.59 0.35 1.00 0.18 0.28 0.18 1.00 0.16 0.24 0.16 1.00 0.32 0.50 0.32 1.00 0.18 0.28 0.18 1.00 0.36 0.60 0.36 1.00 0.20 0.31 0.20 1.00 0.38 0.66 0.38 1.00 0.17 0.33 0.22 1.00 0.32 0.60 0.38 1.00 0.09 0.13 0.12 1.00 0.09 0.11 0.11 1.00 0.19 0.19 0.19 1.00 0.24 0.35 0.31 1.00 0.26 0.36 0.26 1.00 0.24 0.35 0.31 1.00 0.32 0.59 0.38 1.00 0.27 0.44 0.38 1.00 0.18 0.28 0.18 1.00 0.31 0.47 0.31 1.00 0.35 0.59 0.35 1.00 0.38 0.65 0.38 1.00 0.06 0.08 0.07 1.00 0.06 0.08 0.07 1.00 0.13 0.13 0.13 1.00 0.19 0.31 0.22 1.00 0.31 0.49 0.31 1.00 0.35 0.58 0.35 1.00 0.28 0.41 0.28 1.00 0.38 0.65 0.38 1.00 0.19 0.19 0.19 1.00 0.09 0.13 0.12 1.00 0.19 0.19 0.19 1.00 0.13 0.13 0.13 1.00 0.25 0.35 0.25 1.00 0.19 0.19 0.19 1.00 0.31 0.49 0.31 1.00 0.35 0.58 0.35 1.00 0.38 0.87 0.52 1.00 0.25 0.40 0.35 1.00 0.37 0.63 0.37 1.00 0.35 0.58 0.35 1.00 0.06 0.08 0.07 1.00 0.13 0.13 0.13 1.00 0.16 0.24 0.16 1.00 0.32 0.50 0.32 1.00 0.31 0.49 0.31 1.00 0.13 0.13 0.13 1.00 0.32 0.50 0.32 1.00 0.31 0.49 0.31 1.00 0.13 0.13 0.13 1.00 0.13 0.13 0.13 1.00 0.06 0.08 0.07 1.00 0.16 0.24 0.16 1.00 0.18 0.28 0.18 1.00 0.36 0.60 0.36 1.00 0.20 0.31 0.20 1.00 0.38 0.66 0.38 1.00 0.38 0.65 0.38 1.00 0.35 0.58 0.35 1.00 0.38 0.65 0.38 1.00 0.31 0.47 0.31 1.00 0.32 0.59 0.38 1.00 0.26 0.36 0.26 1.00 0.37 0.63 0.37 1.00 0.38 0.87 0.52 1.00 0.19 0.19 0.19 1.00 0.24 0.35 0.31 1.00 0.32 0.60 0.38 1.00 0.17 0.33 0.22 1.00 0.19 0.19 0.19 1.00 0.28 0.41 0.28 1.00 0.27 0.44 0.38 1.00 0.24 0.35 0.31 1.00 0.08 0.08 0.08 1.00 0.09 0.11 0.11 1.00 0.25 0.40 0.35 1.00 0.09 0.13 0.12 1.00 0.13 0.13 0.13 1.00 0.06 0.08 0.07 1.00 0.27 0.91 0.38 1.00 0.19 0.24 0.20 1.00 0.06 0.08 0.07 1.00 0.13 0.13 0.13 1.00 0.25 0.35 0.25 1.00 0.19 0.19 0.19 1.00 0.19 0.19 0.19 1.00 0.19 0.19 0.19 1.00 0.19 0.19 0.19 1.00 0.25 0.67 0.33 1.00 0.24 0.31 0.24 1.00 0.25 1.00 0.46 1.00 0.24 0.85 0.36 1.00 0.34 0.55 0.34 1.00 0.40 0.71 0.40 1.00 0.33 0.54 0.33 1.00 0.39 0.68 0.39 1.00 0.46 0.84 0.46 1.00 0.45 0.81 0.45 1.00 0.40 0.71 0.40 1.00 0.39 0.68 0.39 1.00 0.33 0.62 0.39 1.00 0.24 0.35 0.31 1.00 0.28 0.42 0.28 1.00 0.19 0.19 0.19 1.00 0.25 0.34 0.25 1.00 0.26 0.36 0.26 1.00 0.26 1.00 0.46 1.00 0.26 0.70 0.33 1.00 0.19 0.19 0.19 1.00 0.19 0.19 0.19 1.00 0.19 0.19 0.19 1.00 0.19 0.19 0.19 1.00 0.24 0.31 0.24 1.00 0.24 0.89 0.37 1.00 0.25 1.00 0.47 1.00 0.26 1.00 0.42 1.00 0.26 0.67 0.33 1.00 0.26 0.91 0.37 1.00 0.34 0.56 0.34 1.00 0.34 0.55 0.34 1.00 0.40 0.70 0.40 1.00 0.39 0.68 0.39 1.00 0.19 0.19 0.19 1.00 0.19 0.19 0.19 1.00 0.08 0.08 0.08 1.00 0.08 0.08 0.08 1.00 0.28 0.40 0.28 1.00 0.45 0.82 0.45 1.00 0.28 0.40 0.28 1.00 0.44 0.80 0.44 1.00 0.13 0.13 0.13 1.00 0.13 0.13 0.13 1.00 0.13 0.13 0.13 1.00 0.13 0.13 0.13 1.00 0.28 0.42 0.28 1.00 0.33 0.62 0.39 1.00 0.40 0.70 0.40 1.00 0.39 0.68 0.39 1.00 0.08 0.08 0.08 1.00 0.08 0.08 0.08 1.00 0.28 0.40 0.28 1.00 0.28 0.40 0.28 1.00 0.26 1.00 0.41 1.00 0.25 1.00 0.43 1.00 0.25 0.35 0.25 1.00 0.27 0.91 0.38 1.00 0.19 0.31 0.22 1.00 0.19 0.40 0.25 1.00 0.19 0.39 0.25 1.00 0.19 0.19 0.19 1.00 0.19 0.23 0.20 1.00 0.25 0.34 0.25 1.00 0.25 0.41 0.27 1.00 0.24 0.30 0.24 1.00 0.19 0.23 0.20 1.00 0.27 1.00 0.55 1.00 0.27 0.47 0.29 1.00 0.25 0.35 0.25 1.00 0.28 0.47 0.29 1.00 0.19 0.53 0.29 1.00 0.27 0.57 0.31 1.00 0.19 0.51 0.28 1.00 0.27 1.00 0.53 1.00 0.25 1.00 0.47 1.00 0.24 0.30 0.24 1.00 0.26 0.58 0.31 1.00 0.19 0.46 0.27 1.00 0.19 0.47 0.27 1.00 0.26 1.00 0.54 1.00 0.28 0.41 0.28 1.00 0.19 0.54 0.29 1.00 0.19 0.19 0.19 1.00 0.19 0.19 0.19 1.00 0.19 0.39 0.25 1.00 0.19 0.47 0.27 1.00 0.19 0.46 0.27 1.00 0.08 0.08 0.08 1.00 0.08 0.08 0.08 1.00 0.22 0.29 0.27 1.00 0.23 0.31 0.29 1.00 0.27 0.91 0.38 1.00 0.25 0.35 0.25 1.00 0.19 0.19 0.19 1.00 0.19 0.19 0.19 1.00 0.19 0.19 0.19 1.00 0.19 0.19 0.19 1.00 0.19 0.19 0.19 1.00 0.19 0.19 0.19 1.00 0.13 0.13 0.13 1.00 0.13 0.13 0.13 1.00 0.21 0.27 0.25 1.00 0.23 0.31 0.28 1.00 0.08 0.08 0.08 1.00 0.20 0.21 0.21 1.00 0.08 0.08 0.08 1.00 0.19 0.19 0.19 1.00 0.22 0.30 0.27 1.00 0.23 0.33 0.29 1.00 0.26 1.00 0.42 1.00 0.24 0.89 0.37 1.00 0.25 1.00 0.47 1.00 0.24 0.30 0.24 1.00 0.19 0.19 0.19 1.00 0.19 0.19 0.19 1.00 0.24 0.30 0.24 1.00 0.24 0.31 0.24 1.00 0.23 0.31 0.28 1.00 0.24 0.35 0.31 1.00 0.31 0.49 0.31 1.00 0.33 0.62 0.39 1.00 0.43 0.78 0.43 1.00 0.46 0.84 0.46 1.00 0.40 0.69 0.40 1.00 0.40 0.71 0.40 1.00 0.34 0.55 0.34 1.00 0.34 0.55 0.34 1.00 0.13 0.13 0.13 1.00 0.19 0.19 0.19 1.00 0.13 0.13 0.13 1.00 0.19 0.19 0.19 1.00 0.19 0.19 0.19 1.00 0.19 0.19 0.19 1.00 0.19 0.19 0.19 1.00 0.19 0.40 0.25 1.00 0.19 0.19 0.19 1.00 0.19 0.19 0.19 1.00 0.19 0.19 0.19 1.00 0.19 0.19 0.19 1.00 0.34 0.56 0.34 1.00 0.34 0.56 0.34 1.00 0.40 0.69 0.40 1.00 0.40 0.70 0.40 1.00 0.43 0.77 0.43 1.00 0.45 0.82 0.45 1.00 0.31 0.48 0.31 1.00 0.28 0.40 0.28 1.00 0.22 0.29 0.26 1.00 0.19 0.19 0.19 1.00 0.08 0.08 0.08 1.00 0.08 0.08 0.08 1.00 0.41 1.00 0.91 1.00 0.41 0.81 0.41 1.00 0.41 0.80 0.41 1.00 0.41 0.79 0.41 1.00 0.25 0.67 0.33 1.00 0.25 0.34 0.25 1.00 0.22 0.31 0.28 1.00 0.21 0.27 0.25 1.00 0.19 0.20 0.20 1.00 0.23 0.31 0.29 1.00 0.13 0.13 0.13 1.00 0.13 0.13 0.13 1.00 0.13 0.13 0.13 1.00 0.13 0.13 0.13 1.00 0.08 0.08 0.08 1.00 0.08 0.08 0.08 1.00 0.19 0.24 0.20 1.00 0.19 0.54 0.29 1.00 0.27 0.91 0.38 1.00 0.27 1.00 0.55 1.00 0.25 0.34 0.25 1.00 0.25 1.00 0.43 1.00 0.27 0.57 0.31 1.00 0.27 0.91 0.38 1.00 0.19 0.53 0.29 1.00 0.19 0.49 0.28 1.00 0.27 0.57 0.31 1.00 0.25 1.00 0.43 1.00 0.19 0.51 0.28 1.00 0.19 0.31 0.22 1.00 0.19 0.40 0.25 1.00 0.19 0.39 0.25 1.00 0.08 0.08 0.08 1.00 0.08 0.08 0.08 1.00 0.19 0.19 0.19 1.00 0.19 0.19 0.19 1.00 0.25 0.34 0.25 1.00 0.27 1.00 0.55 1.00 0.19 0.47 0.27 1.00 0.19 0.19 0.19 1.00 0.13 0.13 0.13 1.00 0.13 0.13 0.13 1.00 0.19 0.19 0.19 1.00 0.19 0.19 0.19 1.00 0.08 0.08 0.08 1.00 0.08 0.08 0.08 1.00 0.19 0.19 0.19 1.00 0.19 0.19 0.19 1.00 0.23 0.33 0.29 1.00 0.22 0.27 0.25 1.00 0.06 0.07 0.06 1.00 0.08 0.11 0.10 1.00 0.24 0.30 0.24 1.00 0.06 0.06 0.06 1.00 0.19 0.19 0.19 1.00 0.19 0.19 0.19 1.00 0.06 0.06 0.06 1.00 0.19 0.19 0.19 1.00 0.06 0.06 0.06 1.00 0.06 0.06 0.06 1.00 0.20 0.24 0.22 1.00 0.06 0.06 0.06 1.00 0.19 0.19 0.19 1.00 0.19 0.19 0.19 1.00 0.06 0.06 0.06 1.00 0.19 0.19 0.19 1.00 0.06 0.06 0.06 1.00 0.20 0.24 0.22 1.00 0.06 0.06 0.06 1.00 0.21 0.26 0.24 1.00 0.06 0.07 0.06 1.00 0.27 0.45 0.40 1.00 0.22 0.29 0.26 1.00 0.21 0.26 0.24 1.00 0.20 0.24 0.22 1.00 0.21 0.25 0.24 1.00 0.19 0.19 0.19 1.00 0.22 0.29 0.26 1.00 0.19 0.19 0.19 1.00 0.00 0.00 0.00 1.00 0.19 0.19 0.19 1.00 0.19 0.19 0.19 1.00 0.19 0.19 0.19 1.00 0.20 0.24 0.22 1.00 0.19 0.19 0.19 1.00 0.27 0.44 0.38 1.00 0.21 0.25 0.24 1.00 0.19 0.21 0.20 1.00 0.19 0.19 0.19 1.00 0.19 0.19 0.19 1.00 0.19 0.19 0.19 1.00 0.21 0.26 0.24 1.00 0.09 0.12 0.09 1.00 0.09 0.16 0.09 1.00 0.08 0.12 0.08 1.00 0.30 0.90 0.38 1.00 0.25 0.63 0.31 1.00 0.31 0.80 0.37 1.00 0.41 1.00 0.67 1.00 0.39 1.00 0.69 1.00 0.38 1.00 0.60 1.00 0.32 1.00 0.47 1.00 0.29 1.00 0.41 1.00 0.09 0.18 0.09 1.00 0.07 0.11 0.08 1.00 0.35 1.00 0.42 1.00 0.09 0.13 0.09 1.00 0.31 0.80 0.37 1.00 0.09 0.17 0.10 1.00 0.34 0.70 0.45 1.00 0.10 0.16 0.11 1.00 0.37 1.00 0.45 1.00 0.09 0.14 0.09 1.00 0.43 1.00 0.69 1.00 0.37 1.00 0.45 1.00 0.44 1.00 0.69 1.00 0.44 1.00 0.69 1.00 0.42 0.95 0.53 1.00 0.37 1.00 0.54 1.00 0.34 1.00 0.49 1.00 0.37 1.00 0.54 1.00 0.41 0.85 0.47 1.00 0.09 0.24 0.11 1.00 0.10 0.14 0.10 1.00 0.10 0.14 0.10 1.00 0.31 0.49 0.31 1.00 0.11 0.22 0.14 1.00 0.34 0.70 0.45 1.00 0.29 0.51 0.44 1.00 0.08 0.11 0.10 1.00 0.22 0.27 0.25 1.00 0.27 0.45 0.34 1.00 0.27 0.45 0.40 1.00 0.27 0.44 0.38 1.00 0.25 0.35 0.25 1.00 0.19 0.21 0.20 1.00 0.24 0.30 0.24 1.00 0.19 0.19 0.19 1.00 0.33 1.00 0.44 1.00 0.27 0.51 0.29 1.00 0.09 0.17 0.09 1.00 0.07 0.24 0.11 1.00 0.40 0.69 0.40 1.00 0.29 1.00 0.41 1.00 0.38 1.00 0.60 1.00 0.08 0.11 0.08 1.00 0.08 0.15 0.09 1.00 0.28 0.78 0.36 1.00 0.35 0.58 0.35 1.00 0.08 0.19 0.10 1.00 0.33 0.65 0.35 1.00 0.39 0.76 0.40 1.00 0.10 0.15 0.10 1.00 0.38 0.65 0.38 1.00 0.09 0.14 0.09 1.00 0.35 0.68 0.40 1.00 0.10 0.18 0.12 1.00 0.29 0.43 0.29 1.00 0.48 1.00 0.63 1.00 0.33 0.64 0.41 1.00 0.32 0.72 0.36 1.00 0.09 0.11 0.09 1.00 0.21 0.26 0.24 1.00 0.42 0.95 0.53 1.00 0.41 0.85 0.47 1.00 0.31 0.49 0.31 1.00 0.09 0.12 0.09 1.00 0.10 0.14 0.10 1.00 0.41 1.00 0.67 1.00 0.38 1.00 0.60 1.00 0.33 0.65 0.35 1.00 0.08 0.19 0.10 1.00 0.35 1.00 0.61 1.00 0.30 1.00 0.51 1.00 0.09 0.17 0.10 1.00 0.34 1.00 0.59 1.00 0.28 0.40 0.28 1.00 0.09 0.12 0.09 1.00 0.42 0.76 0.42 1.00 0.46 0.84 0.46 1.00 0.44 0.79 0.44 1.00 0.07 0.11 0.08 1.00 0.09 0.12 0.09 1.00 0.09 0.12 0.09 1.00 0.00 0.00 0.00 1.00 0.00 0.00 0.00 1.00 0.20 1.00 0.45 1.00 0.22 0.88 0.38 1.00 0.00 0.00 0.00 1.00 0.25 1.00 0.58 1.00 0.00 0.00 0.00 1.00 0.00 0.00 0.00 1.00 0.25 1.00 0.58 1.00 0.29 1.00 0.69 1.00 0.00 0.00 0.00 1.00 0.34 1.00 0.81 1.00 0.00 0.00 0.00 1.00 0.00 0.00 0.00 1.00 0.34 1.00 0.81 1.00 0.38 1.00 0.93 1.00 0.00 0.00 0.00 1.00 0.40 1.00 0.98 1.00 0.00 0.00 0.00 1.00 0.00 0.00 0.00 1.00 0.40 1.00 0.98 1.00 0.40 1.00 0.99 1.00 0.00 0.00 0.00 1.00 0.40 1.00 0.98 1.00 0.00 0.00 0.00 1.00 0.00 0.00 0.00 1.00 0.40 1.00 0.98 1.00 0.38 1.00 0.93 1.00 0.00 0.00 0.00 1.00 0.35 1.00 0.83 1.00 0.00 0.00 0.00 1.00 0.00 0.00 0.00 1.00 0.35 1.00 0.83 1.00 0.30 1.00 0.71 1.00 0.00 0.00 0.00 1.00 0.25 1.00 0.59 1.00 0.00 0.00 0.00 1.00 0.00 0.00 0.00 1.00 0.25 1.00 0.59 1.00 0.22 1.00 0.51 1.00 0.00 0.00 0.00 1.00 0.20 0.93 0.40 1.00 0.00 0.00 0.00 1.00 0.00 0.00 0.00 1.00 0.20 0.93 0.40 1.00 0.19 0.81 0.37 1.00 0.00 0.00 0.00 1.00 0.20 1.00 0.45 1.00 0.34 1.00 0.75 1.00 0.34 1.00 0.79 1.00 0.34 1.00 0.79 1.00 0.34 1.00 0.76 1.00 0.34 1.00 0.73 1.00 0.34 1.00 0.73 1.00 0.33 1.00 0.73 1.00 0.33 1.00 0.73 1.00 0.33 1.00 0.73 1.00 0.32 1.00 0.73 1.00 0.32 1.00 0.74 1.00 0.32 1.00 0.74 1.00 0.32 1.00 0.75 1.00 0.32 1.00 0.75 1.00 0.32 1.00 0.75 1.00 0.32 1.00 0.76 1.00 0.33 1.00 0.83 1.00 0.33 1.00 0.83 1.00 0.33 1.00 0.83 1.00 0.34 1.00 0.84 1.00 0.34 1.00 0.84 1.00 0.34 1.00 0.84 1.00 0.34 1.00 0.83 1.00 0.34 1.00 0.83 1.00 0.29 1.00 0.68 1.00 0.30 1.00 0.62 1.00 0.32 1.00 0.76 1.00 0.34 1.00 0.73 1.00 0.32 1.00 0.76 1.00 0.34 1.00 0.82 1.00 0.33 1.00 0.73 1.00 0.36 1.00 0.87 1.00 0.33 1.00 0.73 1.00 0.36 1.00 0.87 1.00 0.37 1.00 0.92 1.00 0.32 1.00 0.74 1.00 0.38 1.00 0.95 1.00 0.32 1.00 0.74 1.00 0.38 1.00 0.95 1.00 0.39 1.00 0.97 1.00 0.32 1.00 0.75 1.00 0.38 1.00 0.96 1.00 0.32 1.00 0.75 1.00 0.38 1.00 0.96 1.00 0.38 1.00 0.93 1.00 0.33 1.00 0.83 1.00 0.36 1.00 0.80 1.00 0.33 1.00 0.83 1.00 0.36 1.00 0.80 1.00 0.34 1.00 0.81 1.00 0.34 1.00 0.84 1.00 0.32 1.00 0.52 1.00 0.34 1.00 0.84 1.00 0.32 1.00 0.52 1.00 0.30 1.00 0.56 1.00 0.34 1.00 0.83 1.00 0.29 1.00 0.67 1.00 0.29 1.00 0.67 1.00 0.29 1.00 0.59 1.00 0.29 1.00 0.68 1.00 0.08 0.14 0.08 1.00 0.07 0.12 0.07 1.00 0.02 0.03 0.02 1.00 0.02 0.07 0.03 1.00 0.06 0.21 0.08 1.00 0.11 0.36 0.16 1.00 0.04 0.11 0.05 1.00 0.11 0.27 0.13 1.00 0.03 0.05 0.03 1.00 0.12 0.20 0.12 1.00 0.04 0.05 0.04 1.00 0.11 0.32 0.14 1.00 0.06 0.13 0.07 1.00 0.11 0.36 0.15 1.00 0.03 0.13 0.05 1.00 0.12 0.36 0.20 1.00 0.07 0.20 0.10 1.00 0.08 0.20 0.13 1.00 0.02 0.07 0.03 1.00 0.02 0.03 0.02 1.00 0.15 0.36 0.31 1.00 0.41 0.73 0.51 1.00 0.14 0.36 0.24 1.00 0.55 0.98 0.89 1.00 0.11 0.36 0.27 1.00 0.41 0.73 0.72 1.00 0.09 0.36 0.18 1.00 0.07 0.24 0.12 1.00 0.07 0.20 0.11 1.00 0.11 0.36 0.18 1.00 0.12 0.36 0.22 1.00 0.11 0.36 0.22 1.00 0.55 0.98 0.62 1.00 0.34 0.61 0.41 1.00 0.08 0.16 0.08 1.00 0.08 0.17 0.09 1.00 0.34 0.61 0.43 1.00 0.09 0.26 0.11 1.00 0.19 0.36 0.25 1.00 0.03 0.05 0.03 1.00 0.49 0.98 0.67 1.00 0.31 0.61 0.42 1.00 0.06 0.20 0.08 1.00 0.08 0.30 0.11 1.00 0.07 0.24 0.09 1.00 0.01 0.03 0.01 1.00 0.11 0.20 0.11 1.00 0.09 0.15 0.09 1.00 0.11 0.36 0.18 1.00 0.09 0.36 0.13 1.00 0.07 0.27 0.10 1.00 0.01 0.04 0.02 1.00 0.05 0.15 0.06 1.00 0.04 0.09 0.05 1.00 0.09 0.20 0.14 1.00 0.09 0.20 0.11 1.00 0.07 0.17 0.08 1.00 0.07 0.13 0.07 1.00 0.04 0.11 0.05 1.00 0.05 0.08 0.05 1.00 0.07 0.18 0.09 1.00 0.05 0.17 0.06 1.00 0.07 0.15 0.07 1.00 0.02 0.06 0.03 1.00 0.02 0.02 0.02 1.00 0.06 0.09 0.06 1.00 0.03 0.04 0.03 1.00 0.07 0.13 0.07 1.00 0.02 0.03 0.02 1.00 0.06 0.20 0.09 1.00 0.04 0.07 0.04 1.00 0.09 0.16 0.09 1.00 0.05 0.10 0.05 1.00 0.35 0.55 0.35 1.00 0.04 0.08 0.05 1.00 0.18 0.29 0.18 1.00 0.02 0.03 0.02 1.00 0.06 0.08 0.07 1.00 0.02 0.06 0.03 1.00 0.09 0.13 0.12 1.00 0.11 0.36 0.22 1.00 0.09 0.36 0.22 1.00 0.11 0.36 0.26 1.00 0.12 0.36 0.23 1.00 0.11 0.36 0.20 1.00 0.09 0.36 0.18 1.00 0.09 0.36 0.15 1.00 0.09 0.36 0.18 1.00 0.09 0.36 0.20 1.00 0.09 0.36 0.22 1.00 0.07 0.20 0.12 1.00 0.07 0.20 0.13 1.00 0.00 0.00 0.00 1.00 0.00 0.00 0.00 1.00 0.07 0.20 0.15 1.00 0.00 0.00 0.00 1.00 0.05 0.20 0.10 1.00 0.05 0.20 0.09 1.00 0.00 0.00 0.00 1.00 0.00 0.00 0.00 1.00 0.07 0.20 0.16 1.00 0.00 0.00 0.00 1.00 0.05 0.20 0.12 1.00 0.05 0.20 0.11 1.00 0.00 0.00 0.00 1.00 0.00 0.00 0.00 1.00 0.07 0.20 0.13 1.00 0.00 0.00 0.00 1.00 0.06 0.20 0.12 1.00 0.07 0.20 0.16 1.00 0.00 0.00 0.00 1.00 0.00 0.00 0.00 1.00 0.07 0.20 0.09 1.00 0.07 0.20 0.16 1.00 0.00 0.00 0.00 1.00 0.00 0.00 0.00 1.00 0.07 0.20 0.13 1.00 0.00 0.00 0.00 1.00 0.05 0.20 0.12 1.00 0.00 0.00 0.00 1.00 0.05 0.20 0.12 1.00 0.00 0.00 0.00 1.00 0.15 0.49 0.21 1.00 0.07 0.24 0.12 1.00 0.07 0.19 0.11 1.00 0.15 0.49 0.20 1.00 0.15 0.25 0.15 1.00 0.15 0.36 0.26 1.00 0.02 0.04 0.03 1.00 0.07 0.20 0.09 1.00 0.02 0.03 0.02 1.00 0.07 0.11 0.07 1.00 0.32 0.57 0.34 1.00 0.08 0.14 0.08 1.00 0.03 0.13 0.05 1.00 0.19 0.30 0.19 1.00 0.34 0.61 0.49 1.00 0.04 0.11 0.05 1.00 0.06 0.20 0.09 1.00 0.02 0.07 0.03 1.00 0.03 0.04 0.03 1.00 0.11 0.36 0.28 1.00 0.10 0.36 0.21 1.00 0.48 0.85 0.78 1.00 0.11 0.36 0.16 1.00 0.04 0.12 0.05 1.00 0.06 0.16 0.07 1.00 0.18 0.27 0.18 1.00 0.07 0.09 0.07 1.00 0.07 0.18 0.10 1.00 0.10 0.25 0.14 1.00 0.09 0.36 0.22 1.00 0.12 0.36 0.28 1.00 0.07 0.18 0.10 1.00 0.07 0.07 0.07 1.00 0.06 0.20 0.09 1.00 0.33 0.68 0.44 1.00 0.35 0.73 0.47 1.00 0.27 0.43 0.38 1.00 0.29 0.51 0.44 1.00 0.32 0.64 0.41 1.00 0.29 0.52 0.37 1.00 0.31 0.55 0.47 1.00 0.27 0.43 0.38 1.00 0.35 0.73 0.47 1.00 0.33 0.68 0.44 1.00 0.28 0.42 0.28 1.00 0.34 0.66 0.40 1.00 0.29 0.52 0.37 1.00 0.32 0.64 0.41 1.00 0.29 0.44 0.29 1.00 0.34 0.69 0.42 1.00 0.09 0.13 0.09 1.00 0.14 0.21 0.14 1.00 0.36 0.70 0.41 1.00 0.37 0.65 0.37 1.00 0.14 0.22 0.14 1.00 0.10 0.15 0.10 1.00 0.31 0.60 0.33 1.00 0.33 0.53 0.33 1.00 0.28 0.42 0.28 1.00 0.34 0.66 0.40 1.00 0.37 0.65 0.37 1.00 0.36 0.70 0.41 1.00 0.29 0.44 0.29 1.00 0.34 0.69 0.42 1.00 0.33 0.53 0.33 1.00 0.31 0.60 0.33 1.00 0.56 1.00 0.91 1.00 0.29 0.51 0.44 1.00 0.46 0.75 0.65 1.00 0.35 0.73 0.47 1.00 0.31 0.60 0.33 1.00 0.45 0.76 0.45 1.00 0.14 0.22 0.14 1.00 0.09 0.12 0.09 1.00 0.32 0.64 0.41 1.00 0.51 1.00 0.72 1.00 0.34 0.69 0.42 1.00 0.51 1.00 0.65 1.00 0.51 1.00 0.72 1.00 0.51 1.00 0.65 1.00 0.51 1.00 0.64 1.00 0.51 1.00 0.64 1.00 0.28 0.42 0.28 1.00 0.49 0.96 0.54 1.00 0.37 0.65 0.37 1.00 0.31 0.55 0.47 1.00 0.55 1.00 0.87 1.00 0.55 1.00 0.87 1.00 0.49 0.96 0.54 1.00 0.37 0.65 0.37 1.00 0.09 0.33 0.13 1.00 0.14 0.21 0.14 1.00 0.45 0.76 0.45 1.00 0.09 0.12 0.09 1.00 0.51 1.00 0.65 1.00 0.45 0.76 0.45 1.00 0.28 0.42 0.28 1.00 0.34 0.69 0.42 1.00 0.51 1.00 0.65 1.00 0.31 0.60 0.33 1.00 0.45 0.76 0.45 1.00 0.08 0.13 0.08 1.00 0.11 0.20 0.11 1.00 0.33 0.74 0.37 1.00 0.38 0.64 0.38 1.00 0.14 0.22 0.14 1.00 0.36 0.60 0.36 1.00 0.13 0.23 0.13 1.00 0.31 0.47 0.31 1.00 0.31 0.47 0.31 1.00 0.36 0.60 0.36 1.00 0.37 0.64 0.37 1.00 0.29 0.42 0.29 1.00 0.32 1.00 0.42 1.00 0.08 0.13 0.08 1.00 0.11 0.19 0.11 1.00 0.22 0.29 0.26 1.00 0.00 0.00 0.00 1.00 0.31 0.55 0.35 1.00 0.38 0.83 0.48 1.00 0.35 0.58 0.35 1.00 0.29 1.00 0.43 1.00 0.11 0.17 0.11 1.00 0.11 0.11 0.08 1.00 0.05 0.05 0.04 1.00 0.11 0.11 0.08 1.00 0.11 0.20 0.10 1.00 0.11 0.11 0.08 1.00 0.11 0.11 0.08 1.00 0.29 0.43 0.29 1.00 0.22 0.31 0.28 1.00 0.19 0.20 0.20 1.00 0.19 0.19 0.19 1.00 0.21 0.25 0.24 1.00 0.45 1.00 0.59 1.00 0.10 0.51 0.17 1.00 0.00 0.00 0.00 1.00 0.29 0.82 0.36 1.00 0.11 0.16 0.09 1.00 0.13 0.21 0.13 1.00 0.31 0.47 0.31 1.00 0.08 0.13 0.08 1.00 0.35 0.58 0.35 1.00 0.23 0.31 0.28 1.00 0.08 0.08 0.08 1.00 0.15 0.23 0.15 1.00 0.00 0.01 0.00 1.00 0.00 0.00 0.00 1.00 0.04 0.07 0.04 1.00 0.13 0.23 0.13 1.00 0.05 0.05 0.04 1.00 0.19 0.19 0.19 1.00 0.19 0.19 0.19 1.00 0.19 0.19 0.19 1.00 0.19 0.19 0.19 1.00 0.08 0.08 0.08 1.00 0.19 0.19 0.19 1.00 0.21 0.50 0.25 1.00 0.21 0.50 0.25 1.00 0.21 0.50 0.25 1.00 0.21 0.50 0.25 1.00 0.14 0.44 0.26 1.00 0.19 1.00 0.47 1.00 0.14 0.49 0.28 1.00 0.19 1.00 0.49 1.00 0.17 0.55 0.29 1.00 0.14 0.77 0.36 1.00 0.19 0.40 0.25 1.00 0.19 0.67 0.33 1.00 0.25 0.87 0.36 1.00 0.19 0.35 0.24 1.00 0.24 1.00 0.49 1.00 0.19 0.77 0.36 1.00 0.14 0.49 0.28 1.00 0.14 0.87 0.39 1.00 0.19 0.54 0.29 1.00 0.19 0.64 0.32 1.00 0.19 0.75 0.35 1.00 0.19 0.87 0.39 1.00 0.19 0.64 0.32 1.00 0.19 0.80 0.37 1.00 0.19 0.44 0.27 1.00 0.20 0.89 0.37 1.00 0.20 1.00 0.47 1.00 0.14 0.97 0.42 1.00 0.14 0.59 0.31 1.00 0.17 1.00 0.43 1.00 0.19 0.33 0.23 1.00 0.19 0.43 0.26 1.00 0.14 0.68 0.33 1.00 0.14 0.82 0.38 1.00 0.14 0.67 0.33 1.00 0.14 0.97 0.42 1.00 0.19 0.82 0.37 1.00 0.25 0.85 0.36 1.00 0.19 0.67 0.33 1.00 0.24 0.31 0.24 1.00 0.19 0.38 0.25 1.00 0.19 0.20 0.19 1.00 0.19 0.59 0.31 1.00 0.19 0.39 0.25 1.00 0.19 0.56 0.30 1.00 0.19 0.51 0.28 1.00 0.19 0.47 0.27 1.00 0.19 0.54 0.29 1.00 0.19 0.39 0.25 1.00 0.19 0.23 0.20 1.00 0.19 0.33 0.23 1.00 0.19 0.36 0.24 1.00 0.25 0.41 0.27 1.00 0.28 1.00 0.42 1.00 0.19 0.75 0.35 1.00 0.19 0.67 0.33 1.00 0.19 1.00 0.45 1.00 0.28 0.47 0.29 1.00 0.24 1.00 0.47 1.00 0.30 1.00 0.50 1.00 0.27 0.47 0.29 1.00 0.29 1.00 0.49 1.00 0.14 0.60 0.31 1.00 0.14 0.86 0.39 1.00 0.27 1.00 0.53 1.00 0.14 0.95 0.42 1.00 0.30 1.00 0.54 1.00 0.14 1.00 0.44 1.00 0.19 0.67 0.33 1.00 0.19 0.56 0.30 1.00 0.19 0.51 0.28 1.00 0.19 0.44 0.26 1.00 0.26 0.58 0.31 1.00 0.19 0.75 0.36 1.00 0.27 0.69 0.33 1.00 0.19 0.62 0.32 1.00 0.19 1.00 0.47 1.00 0.25 1.00 0.58 1.00 0.28 0.41 0.28 1.00 0.31 1.00 0.59 1.00 0.14 0.95 0.42 1.00 0.14 0.60 0.31 1.00 0.14 0.88 0.39 1.00 0.14 1.00 0.44 1.00 0.19 0.67 0.33 1.00 0.19 0.47 0.27 1.00 0.19 0.67 0.33 1.00 0.19 0.63 0.32 1.00 0.19 0.75 0.36 1.00 0.19 0.75 0.35 1.00 0.19 0.80 0.37 1.00 0.19 0.59 0.31 1.00 0.19 1.00 0.45 1.00 0.19 1.00 0.47 1.00 0.19 1.00 0.47 1.00 0.27 1.00 0.65 1.00 0.28 0.41 0.28 1.00 0.19 1.00 0.47 1.00 0.30 1.00 0.55 1.00 0.24 1.00 0.48 1.00 0.14 0.95 0.42 1.00 0.14 0.66 0.33 1.00 0.27 1.00 0.53 1.00 0.29 1.00 0.56 1.00 0.14 0.60 0.31 1.00 0.27 0.47 0.29 1.00 0.14 0.74 0.35 1.00 0.29 1.00 0.56 1.00 0.19 0.19 0.19 1.00 0.19 0.40 0.25 1.00 0.19 0.67 0.33 1.00 0.19 0.63 0.32 1.00 0.19 1.00 0.47 1.00 0.19 1.00 0.45 1.00 0.27 1.00 0.69 1.00 0.19 1.00 0.46 1.00 0.14 0.60 0.31 1.00 0.14 0.90 0.40 1.00 0.14 0.95 0.42 1.00 0.14 1.00 0.45 1.00 0.19 0.75 0.35 1.00 0.25 0.41 0.27 1.00 0.19 0.62 0.31 1.00 0.26 0.81 0.35 1.00 0.28 0.47 0.29 1.00 0.30 1.00 0.53 1.00 0.19 1.00 0.45 1.00 0.25 1.00 0.53 1.00 0.19 0.46 0.27 1.00 0.19 0.19 0.19 1.00 0.19 0.43 0.26 1.00 0.19 0.30 0.22 1.00 0.19 0.75 0.36 1.00 0.19 0.70 0.34 1.00 0.26 0.58 0.31 1.00 0.28 0.76 0.35 1.00 0.19 0.19 0.19 1.00 0.19 0.39 0.25 1.00 0.19 0.23 0.20 1.00 0.19 0.49 0.27 1.00 0.19 0.75 0.35 1.00 0.19 0.51 0.28 1.00 0.19 0.75 0.36 1.00 0.19 0.62 0.31 1.00 0.19 0.32 0.23 1.00 0.19 0.44 0.26 1.00 0.23 0.55 0.29 1.00 0.19 0.70 0.34 1.00 0.21 1.00 0.65 1.00 0.21 0.69 0.33 1.00 0.21 0.78 0.35 1.00 0.21 1.00 0.58 1.00 0.19 1.00 0.45 1.00 0.14 0.73 0.35 1.00 0.19 0.70 0.34 1.00 0.19 0.26 0.21 1.00 0.27 0.66 0.33 1.00 0.19 0.89 0.40 1.00 0.27 1.00 0.61 1.00 0.26 1.00 0.43 1.00 0.14 0.93 0.41 1.00 0.14 0.65 0.33 1.00 0.19 0.66 0.33 1.00 0.19 0.46 0.27 1.00 0.19 0.63 0.32 1.00 0.19 0.71 0.34 1.00 0.19 0.70 0.34 1.00 0.19 0.91 0.40 1.00 0.21 0.69 0.34 1.00 0.21 1.00 0.68 1.00 0.21 1.00 0.67 1.00 0.21 0.97 0.39 1.00 0.14 0.97 0.42 1.00 0.19 0.63 0.31 1.00 0.19 0.45 0.27 1.00 0.19 0.46 0.27 1.00 0.14 0.87 0.39 1.00 0.14 1.00 0.49 1.00 0.14 1.00 0.47 1.00 0.14 0.97 0.42 1.00 0.19 0.60 0.31 1.00 0.27 0.75 0.35 1.00 0.26 0.49 0.29 1.00 0.27 1.00 0.66 1.00 0.19 0.21 0.19 1.00 0.19 0.53 0.29 1.00 0.19 0.48 0.27 1.00 0.24 0.42 0.26 1.00 0.19 0.19 0.19 1.00 0.19 0.26 0.21 1.00 0.19 0.19 0.19 1.00 0.19 0.19 0.19 1.00 0.19 0.19 0.19 1.00 0.19 0.19 0.19 1.00 0.19 0.19 0.19 1.00 0.19 0.19 0.19 1.00 0.24 0.82 0.47 1.00 0.24 0.69 0.43 1.00 0.19 0.19 0.19 1.00 0.19 0.19 0.19 1.00 0.24 0.85 0.36 1.00 0.13 0.13 0.13 1.00 0.27 0.45 0.29 1.00 0.25 1.00 0.46 1.00 0.24 0.31 0.24 1.00 0.25 1.00 0.47 1.00 0.19 0.19 0.19 1.00 0.28 1.00 0.43 1.00 0.28 0.85 0.36 1.00 0.13 0.13 0.13 1.00 0.13 0.13 0.13 1.00 0.43 0.78 0.43 1.00 0.36 0.60 0.36 1.00 0.35 0.58 0.35 1.00 0.31 0.49 0.31 1.00 0.44 0.79 0.44 1.00 0.35 0.59 0.35 1.00 0.39 0.68 0.39 1.00 0.33 0.54 0.33 1.00 0.35 0.58 0.35 1.00 0.38 0.65 0.38 1.00 0.50 0.94 0.50 1.00 0.27 0.40 0.27 1.00 0.19 0.19 0.19 1.00 0.28 0.41 0.28 1.00 0.19 0.19 0.19 1.00 0.09 0.13 0.12 1.00 0.09 0.13 0.12 1.00 0.25 0.40 0.35 1.00 0.25 0.39 0.35 1.00 0.38 0.87 0.52 1.00 0.27 0.39 0.27 1.00 0.37 0.63 0.37 1.00 0.49 0.91 0.49 1.00 0.28 0.94 0.39 1.00 0.26 0.70 0.33 1.00 0.21 0.26 0.24 1.00 0.27 0.45 0.40 1.00 0.26 0.43 0.37 1.00 0.25 0.38 0.34 1.00 0.19 0.19 0.19 1.00 0.08 0.08 0.08 1.00 0.22 0.29 0.26 1.00 0.09 0.11 0.11 1.00 0.22 0.29 0.26 1.00 0.19 0.19 0.19 1.00 0.22 0.31 0.28 1.00 0.19 0.19 0.19 1.00 0.09 0.13 0.12 1.00 0.09 0.13 0.12 1.00 0.13 0.13 0.13 1.00 0.13 0.13 0.13 1.00 0.31 0.49 0.31 1.00 0.13 0.13 0.13 1.00 0.13 0.13 0.13 1.00 0.34 0.55 0.34 1.00 0.28 0.42 0.28 1.00 0.45 0.81 0.45 1.00 0.39 0.68 0.39 1.00 0.44 0.80 0.44 1.00 0.19 0.19 0.19 1.00 0.09 0.13 0.12 1.00 0.08 0.08 0.08 1.00 0.28 0.40 0.28 1.00 0.19 0.19 0.19 1.00 0.09 0.13 0.12 1.00 0.09 0.13 0.12 1.00 0.09 0.13 0.12 1.00 0.19 0.19 0.19 1.00 0.13 0.13 0.13 1.00 0.13 0.13 0.13 1.00 0.13 0.13 0.13 1.00 0.09 0.13 0.12 1.00 0.25 0.35 0.25 1.00 0.19 0.19 0.19 1.00 0.26 1.00 0.41 1.00 0.26 0.91 0.37 1.00 0.13 0.13 0.13 1.00 0.08 0.08 0.08 1.00 0.25 0.35 0.25 1.00 0.26 1.00 0.46 1.00 0.13 0.13 0.13 1.00 0.19 0.19 0.19 1.00 0.19 0.19 0.19 1.00 0.22 0.30 0.27 1.00 0.19 0.19 0.19 1.00 0.09 0.11 0.11 1.00 0.23 0.31 0.28 1.00 0.22 0.29 0.27 1.00 0.19 0.19 0.19 1.00 0.08 0.08 0.08 1.00 0.20 0.22 0.22 1.00 0.20 0.21 0.21 1.00 0.08 0.08 0.08 1.00 0.22 0.28 0.26 1.00 0.22 0.28 0.26 1.00 0.22 0.29 0.27 1.00 0.22 0.30 0.27 1.00 0.29 1.00 0.68 1.00 0.30 1.00 0.62 1.00 0.24 1.00 0.55 1.00 0.25 1.00 0.55 1.00 0.28 1.00 0.65 1.00 0.21 1.00 0.76 1.00 0.32 1.00 0.76 1.00 0.35 1.00 0.85 1.00 0.38 1.00 0.93 1.00 0.40 1.00 0.97 1.00 0.41 1.00 0.98 1.00 0.40 1.00 0.96 1.00 0.38 1.00 0.91 1.00 0.35 1.00 0.82 1.00 0.32 1.00 0.75 1.00 0.28 1.00 0.69 1.00 0.25 1.00 0.60 1.00 0.24 1.00 0.55 1.00 0.23 1.00 0.54 1.00 0.29 1.00 0.59 1.00 0.32 1.00 0.76 1.00 0.34 1.00 0.82 1.00 0.36 1.00 0.87 1.00 0.37 1.00 0.92 1.00 0.38 1.00 0.95 1.00 0.39 1.00 0.97 1.00 0.38 1.00 0.96 1.00 0.38 1.00 0.93 1.00 0.36 1.00 0.80 1.00 0.34 1.00 0.81 1.00 0.32 1.00 0.52 1.00 0.30 1.00 0.56 1.00 0.29 1.00 0.67 1.00 0.20 0.22 0.22 1.00 0.22 0.28 0.26 1.00 0.20 0.23 0.22 1.00 0.19 0.19 0.19 1.00 0.22 0.28 0.26 1.00 0.19 0.19 0.19 1.00 0.22 0.29 0.27 1.00 0.19 0.19 0.19 1.00 0.22 0.30 0.27 1.00 0.20 0.21 0.21 1.00 0.19 0.19 0.19 1.00 0.20 0.21 0.21 1.00 0.20 0.23 0.22 1.00 0.19 0.19 0.19 1.00 0.19 0.19 0.19 1.00 0.19 0.19 0.19 1.00 0.19 0.19 0.19 1.00 0.23 0.33 0.29 1.00 0.22 0.31 0.28 1.00 0.19 0.19 0.19 1.00 0.19 0.19 0.19 1.00 0.22 0.30 0.27 1.00 0.19 0.19 0.19 1.00 0.19 0.19 0.19 1.00 0.19 0.19 0.19 1.00 0.32 1.00 0.44 1.00 0.31 1.00 0.48 1.00 0.09 0.27 0.12 1.00 0.31 1.00 0.48 1.00 0.09 0.29 0.12 1.00 0.31 1.00 0.48 1.00 0.28 1.00 0.46 1.00 0.09 0.26 0.11 1.00 0.09 0.29 0.12 1.00 0.36 1.00 0.63 1.00 0.06 0.13 0.08 1.00 0.23 0.73 0.33 1.00 0.24 1.00 0.40 1.00 0.23 0.73 0.33 1.00 0.19 0.56 0.30 1.00 0.06 0.12 0.08 1.00 0.06 0.11 0.07 1.00 0.24 1.00 0.40 1.00 0.24 0.89 0.37 1.00 0.06 0.11 0.08 1.00 0.06 0.11 0.08 1.00 0.24 0.89 0.37 1.00 0.08 0.20 0.10 1.00 0.27 1.00 0.41 1.00 0.28 1.00 0.48 1.00 0.35 1.00 0.58 1.00 0.28 0.89 0.38 1.00 0.10 0.30 0.13 1.00 0.10 0.30 0.13 1.00 0.35 1.00 0.58 1.00 0.38 1.00 0.64 1.00 0.11 0.38 0.15 1.00 0.31 1.00 0.48 1.00 0.09 0.31 0.13 1.00 0.36 1.00 0.63 1.00 0.09 0.31 0.13 1.00 0.09 0.31 0.13 1.00 0.36 1.00 0.62 1.00 0.28 1.00 0.48 1.00 0.24 0.98 0.39 1.00 0.24 0.98 0.39 1.00 0.19 0.58 0.31 1.00 0.24 0.95 0.38 1.00 0.24 0.95 0.38 1.00 0.28 1.00 0.47 1.00 0.35 1.00 0.61 1.00 0.35 1.00 0.61 1.00 0.38 1.00 0.66 1.00 0.36 1.00 0.62 1.00 0.38 1.00 0.66 1.00 0.34 1.00 0.52 1.00 0.36 1.00 0.56 1.00 0.33 1.00 1.00 1.00 0.29 1.00 0.41 1.00 0.34 1.00 0.52 1.00 0.20 0.42 0.25 1.00 0.28 1.00 0.41 1.00 0.21 0.57 0.29 1.00 0.20 0.42 0.25 1.00 0.19 0.31 0.22 1.00 0.21 0.57 0.29 1.00 0.19 0.41 0.25 1.00 0.20 0.36 0.24 1.00 0.21 0.54 0.29 1.00 0.20 0.36 0.24 1.00 0.28 0.88 0.38 1.00 0.21 0.54 0.29 1.00 0.28 0.97 0.40 1.00 0.33 1.00 0.49 1.00 0.38 1.00 0.58 1.00 0.33 1.00 0.49 1.00 0.33 1.00 0.50 1.00 0.34 1.00 0.52 1.00 0.27 0.82 0.36 1.00 0.27 1.00 0.41 1.00 0.28 0.89 0.38 1.00 0.08 0.20 0.10 1.00 0.23 0.73 0.33 1.00 0.19 0.41 0.25 1.00 0.06 0.13 0.08 1.00 0.06 0.12 0.08 1.00 0.28 1.00 0.48 1.00 0.36 1.00 0.62 1.00 0.34 1.00 0.52 1.00 0.36 1.00 0.62 1.00 0.24 0.98 0.39 1.00 0.24 0.98 0.39 1.00 0.19 0.58 0.31 1.00 0.24 0.95 0.38 1.00 0.28 1.00 0.47 1.00 0.24 0.95 0.38 1.00 0.35 1.00 0.61 1.00 0.33 1.00 0.50 1.00 0.35 1.00 0.61 1.00 0.10 0.14 0.10 1.00 0.37 1.00 0.45 1.00 0.35 0.56 0.35 1.00 0.09 0.14 0.09 1.00 0.08 0.13 0.11 1.00 0.08 0.12 0.11 1.00 0.09 0.15 0.13 1.00 0.22 0.28 0.26 1.00 0.11 0.25 0.16 1.00 0.22 0.28 0.26 1.00 0.34 0.70 0.45 1.00 0.08 0.11 0.10 1.00 0.10 0.16 0.11 1.00 0.22 0.30 0.27 1.00 0.40 0.56 0.50 1.00 0.08 0.06 0.15 1.00 0.08 0.06 0.15 1.00 0.62 1.00 1.00 1.00 0.58 1.00 0.94 1.00 0.25 0.39 0.34 1.00 0.25 0.38 0.34 1.00 0.25 0.40 0.35 1.00 0.22 0.31 0.28 1.00 0.08 0.06 0.15 1.00 0.22 0.29 0.26 1.00 0.26 0.40 0.35 1.00 0.25 0.39 0.34 1.00 0.25 0.38 0.34 1.00 0.22 0.29 0.26 1.00 </float_array>
                    <technique_common>
                        <accessor source="#geom-037E3FB4-colors-array" count="1298" stride="4">
                            <param name="R" type="float" />
                            <param name="G" type="float" />
                            <param name="B" type="float" />
                            <param name="A" type="float" />
                        </accessor>
                    </technique_common>
                </source>
                <vertices id="geom-037E3FB4-vtx">
                    <input semantic="POSITION" source="#geom-037E3FB4-pos" />
                </vertices>
                <triangles count="198" material="material-00B3A8A9-symbol">
                    <input semantic="VERTEX" source="#geom-037E3FB4-vtx" offset="0" />
                    <input semantic="TEXCOORD" source="#geom-037E3FB4-texcoord" offset="0" />
                    <input semantic="COLOR" source="#geom-037E3FB4-colors" offset="0" />
                    <p>0 1 2 0 2 41 41 2 42 2 85 42 2 3 85 2 1 3 1 4 3 85 3 86 42 85 90 5 6 7 5 7 43 43 7 44 7 6 8 9 10 11 11 10 12 10 33 12 12 33 34 13 14 15 15 14 16 16 14 35 35 14 36 17 18 19 19 37 17 17 37 38 19 18 20 21 22 23 23 22 24 23 24 45 45 24 46 25 26 27 27 26 28 28 47 27 27 47 48 29 30 31 31 30 32 32 39 31 39 32 91 91 32 87 87 32 88 88 32 30 30 89 88 31 39 40 49 50 51 51 50 52 52 50 53 53 50 54 55 56 57 57 59 55 55 59 60 57 56 58 61 62 63 63 62 64 64 62 65 65 62 66 67 68 69 72 67 69 71 67 72 69 68 70 73 74 75 78 73 75 77 73 78 75 74 76 79 80 81 79 81 83 83 81 84 81 80 82 </p>
                </triangles>
            </mesh>
        </geometry>
        <geometry id="geom-03703D54" name="geom-03703D54">
            <mesh>
                <source id="geom-03703D54-pos">
                    <float_array id="geom-03703D54-pos-array" count="3618">2175.91 450.00 2658.48 2221.38 390.00 2632.22 2177.94 450.00 2661.98 2224.90 390.00 2634.86 2175.91 330.00 2658.48 2175.91 390.00 2658.48 2177.94 330.00 2661.98 2177.94 390.00 2661.98 2206.85 330.00 2502.05 2146.85 330.00 2398.13 2210.49 330.00 2501.46 2149.12 330.00 2395.16 2064.88 330.00 2376.17 2067.16 330.00 2373.20 2146.85 330.00 2398.13 2149.12 330.00 2395.16 1982.92 330.00 2354.20 1937.92 330.00 2276.26 1985.20 330.00 2351.24 1940.81 330.00 2273.77 2175.91 203.16 2658.48 2175.91 250.00 2658.48 2177.94 203.16 2661.98 2177.94 250.00 2661.98 1896.62 390.00 2819.72 1897.15 390.00 2824.09 1851.15 330.00 2845.98 1850.19 330.00 2851.20 1944.11 390.49 2796.98 1942.09 390.00 2793.48 1944.11 330.00 2796.98 1942.09 330.00 2793.48 1942.09 250.00 2793.48 1944.11 250.00 2796.98 1791.15 330.00 2742.05 1788.82 330.00 2744.91 1731.16 330.00 2638.13 1727.45 330.00 2638.62 1730.08 330.00 2396.26 1726.47 330.00 2397.52 1685.08 330.00 2318.32 1680.16 330.00 2317.90 1775.08 330.00 2474.20 1753.12 330.00 2556.17 1771.37 330.00 2474.69 1749.41 330.00 2556.66 2266.85 330.00 2605.98 2271.86 330.00 2607.75 1851.15 330.00 2845.98 1850.19 330.00 2851.20 1985.20 330.00 2351.24 1982.92 330.00 2354.20 1731.16 330.00 2638.13 1727.45 330.00 2638.62 1892.92 330.00 2198.32 1895.02 329.94 2193.85 1771.37 330.00 2474.69 1775.08 330.00 2474.20 1944.11 203.16 2796.98 1942.09 203.16 2793.48 1944.11 170.00 2796.98 1942.09 170.00 2793.48 2059.00 450.00 2725.98 2117.46 450.00 2692.22 2108.04 450.00 2733.92 2159.02 450.00 2668.23 2163.09 450.00 2675.28 2159.02 330.00 2668.23 2163.09 372.50 2675.28 2159.02 390.00 2668.23 2163.09 450.00 2675.28 2159.02 203.16 2668.23 2163.09 217.50 2675.28 2159.02 250.00 2668.23 2163.09 295.00 2675.28 1958.98 140.00 2783.72 1958.98 203.16 2783.72 1963.06 140.00 2790.77 1963.06 217.50 2790.77 1958.98 330.00 2783.72 1958.98 390.00 2783.72 1963.06 372.50 2790.77 1963.06 450.00 2790.77 1958.98 450.00 2783.72 1958.98 250.00 2783.72 1963.06 295.00 2790.77 2159.02 140.00 2668.23 2163.09 140.00 2675.28 2041.36 450.00 2772.42 2000.54 450.00 2759.72 1958.98 450.00 2783.72 1963.06 450.00 2790.77 1895.02 329.94 2193.85 1892.92 330.00 2198.32 1846.32 330.00 2221.97 1847.46 330.00 2224.57 2175.91 170.00 2658.48 2177.94 170.00 2661.98 1942.09 450.00 2793.48 1944.11 450.00 2796.98 2177.94 450.00 2661.98 2175.91 450.00 2658.48 1944.11 450.00 2796.98 1942.09 450.00 2793.48 2266.85 330.00 2605.98 2271.86 330.00 2607.75 1789.00 330.00 2258.32 1787.59 330.00 2255.88 1680.16 330.00 2317.90 1723.25 330.00 2293.02 1685.08 330.00 2318.32 1725.58 330.00 2294.94 1776.23 330.00 2262.44 1778.39 330.00 2264.45 1942.09 330.00 2793.48 1942.09 390.00 2793.48 1958.98 330.00 2783.72 1958.98 390.00 2783.72 2159.02 450.00 2668.23 2175.91 450.00 2658.48 2159.02 390.00 2668.23 2175.91 390.00 2658.48 1937.92 350.00 2276.26 1937.92 330.00 2276.26 1982.92 350.00 2354.20 1982.92 330.00 2354.20 2064.88 350.00 2376.17 2064.88 330.00 2376.17 2146.85 350.00 2398.13 2146.85 330.00 2398.13 2206.85 350.00 2502.05 2206.85 330.00 2502.05 2266.85 330.00 2605.98 2221.38 390.00 2632.22 2266.85 350.00 2605.98 2221.38 410.00 2632.22 2175.91 470.00 2658.48 2175.91 450.00 2658.48 2117.46 470.00 2692.22 2117.46 450.00 2692.22 1942.09 470.00 2793.48 1942.09 450.00 2793.48 1896.62 410.00 2819.72 1896.62 390.00 2819.72 1791.16 350.00 2742.05 1791.15 330.00 2742.05 1731.16 350.00 2638.13 1731.16 330.00 2638.13 1753.12 350.00 2556.17 1753.12 330.00 2556.17 1775.08 350.00 2474.20 1775.08 330.00 2474.20 1730.08 350.00 2396.26 1730.08 330.00 2396.26 1685.08 350.00 2318.32 1685.08 330.00 2318.32 1958.98 250.00 2783.72 1942.09 250.00 2793.48 2175.91 250.00 2658.48 2159.02 250.00 2668.23 2175.91 330.00 2658.48 2159.02 330.00 2668.23 1789.00 350.00 2258.32 1789.00 330.00 2258.32 1847.46 350.00 2224.57 1847.46 330.00 2224.57 2266.85 350.00 2605.98 2266.85 330.00 2605.98 1851.16 350.00 2845.98 1851.15 330.00 2845.98 1892.92 350.00 2198.32 1892.92 330.00 2198.32 2175.91 140.00 2658.48 2159.02 140.00 2668.23 2175.91 170.00 2658.48 2159.02 203.16 2668.23 2175.91 203.16 2658.48 1942.09 203.16 2793.48 1958.98 203.16 2783.72 1942.09 170.00 2793.48 1958.98 140.00 2783.72 1942.09 140.00 2793.48 1958.98 203.16 2783.72 1942.09 203.16 2793.48 2059.00 470.00 2725.98 2059.00 450.00 2725.98 2000.54 470.00 2759.72 2000.54 450.00 2759.72 1892.92 350.00 2198.32 1892.92 330.00 2198.32 1942.09 470.00 2793.48 1942.09 450.00 2793.48 2175.91 203.16 2658.48 2159.02 203.16 2668.23 1958.98 450.00 2783.72 1942.09 450.00 2793.48 1851.16 350.00 2845.98 1851.15 330.00 2845.98 2175.91 450.00 2658.48 2175.91 470.00 2658.48 1685.08 350.00 2318.32 1685.08 330.00 2318.32 1711.20 350.00 2303.24 1725.58 330.00 2294.94 1778.39 330.00 2264.45 1829.98 340.46 2374.38 1806.56 367.00 2356.36 1859.80 350.00 2392.96 1789.34 340.46 2414.00 1768.79 360.94 2373.70 1756.92 338.91 2380.76 1756.92 338.91 2380.76 1768.79 360.94 2373.70 1723.12 350.25 2300.85 1734.78 374.18 2288.58 1774.01 369.88 2282.02 1775.08 350.25 2270.85 1766.21 409.16 2198.89 1773.51 397.22 2184.72 1723.12 350.25 2300.85 1734.78 374.18 2288.58 1721.54 397.22 2214.72 1736.99 412.62 2215.07 1775.08 350.25 2270.85 1774.01 369.88 2282.02 1808.88 338.91 2350.76 1806.56 367.00 2356.36 1801.09 316.38 2355.26 1765.63 329.02 2272.47 1808.88 338.91 2350.76 1775.08 350.25 2270.85 1746.73 320.25 2281.74 1742.78 368.76 2191.50 1765.63 329.02 2272.47 1762.39 377.30 2183.46 1729.26 329.02 2293.47 1726.02 377.30 2204.46 1723.12 350.25 2300.85 1721.54 397.22 2214.72 1775.08 350.25 2270.85 1773.51 397.22 2184.72 1782.90 307.38 2365.76 1746.73 320.25 2281.74 1764.72 316.38 2376.26 1729.26 329.02 2293.47 1723.12 350.25 2300.85 1756.92 338.91 2380.76 1808.88 338.91 2350.76 1830.50 350.00 2442.20 2013.76 465.42 2530.39 2024.24 470.00 2579.77 2011.29 450.46 2543.94 2025.13 456.03 2594.45 1998.31 439.98 2498.86 1981.86 427.38 2508.37 1997.38 439.17 2554.86 1966.99 439.94 2516.95 1981.69 449.94 2555.84 1960.01 446.36 2523.77 1974.86 465.42 2554.00 1958.32 455.45 2520.38 1976.02 413.46 2467.89 1977.94 435.50 2456.38 1998.31 439.98 2498.86 2001.81 454.45 2489.25 1870.30 326.00 2411.14 1882.46 350.00 2412.20 1947.60 380.00 2445.03 1930.78 386.00 2425.88 1962.81 406.08 2478.74 1947.60 380.00 2445.03 1936.80 380.58 2461.56 1936.80 380.58 2461.56 1862.95 325.00 2430.40 1918.48 388.26 2465.29 1945.58 412.58 2484.68 1918.48 388.26 2465.29 1847.18 332.44 2438.90 1929.73 430.00 2477.87 1908.36 407.00 2463.07 1908.36 407.00 2463.07 1833.10 340.41 2445.06 1830.50 350.00 2442.20 1870.30 326.00 2411.14 1831.33 314.91 2385.72 1859.80 350.00 2392.96 1829.98 340.46 2374.38 1818.56 309.91 2400.60 1801.09 316.38 2355.26 1782.90 307.38 2365.76 1800.12 318.41 2410.67 1764.72 316.38 2376.26 1789.34 340.46 2414.00 1756.92 338.91 2380.76 1877.95 411.18 2519.30 1914.75 434.52 2529.16 1872.69 419.87 2515.53 1910.26 445.21 2525.25 1919.80 427.10 2522.88 1960.01 446.36 2523.77 1966.99 439.94 2516.95 1883.82 414.38 2497.07 1914.47 436.51 2504.18 1890.36 408.30 2502.75 1918.94 427.66 2510.73 1942.98 453.00 2497.36 1949.09 438.38 2500.31 1861.57 387.88 2505.39 1854.14 394.15 2499.64 1849.05 368.10 2486.77 1840.91 375.34 2480.68 1833.10 340.41 2445.06 1830.50 350.00 2442.20 1867.38 369.95 2472.35 1847.18 332.44 2438.90 1854.06 350.58 2444.12 1877.37 388.07 2492.23 1872.45 396.15 2487.34 1808.88 338.91 2350.76 1862.95 325.00 2430.40 1847.18 332.44 2438.90 1833.10 340.41 2445.06 1830.50 350.00 2442.20 1949.17 401.00 2433.74 1981.86 427.38 2508.37 1966.99 439.94 2516.95 1949.09 438.38 2500.31 1942.98 453.00 2497.36 2010.17 443.97 2607.40 2019.24 447.78 2602.97 2001.81 454.45 2489.25 1998.45 447.23 2605.87 1991.66 453.55 2600.91 1983.33 470.00 2584.91 1887.05 405.68 2512.66 1872.44 383.45 2501.34 1861.60 365.41 2482.63 1958.32 455.45 2520.38 1856.96 369.00 2450.02 1863.30 377.95 2466.30 2049.80 105.60 2675.50 2057.59 105.60 2659.71 2049.76 140.00 2675.47 2057.54 140.00 2659.70 2058.74 105.60 2642.14 2058.69 140.00 2642.15 2058.74 105.60 2642.14 2053.08 105.60 2625.47 2058.69 140.00 2642.15 2053.04 140.00 2625.49 2041.47 105.60 2612.23 2041.44 140.00 2612.27 2041.47 105.60 2612.23 2025.68 105.60 2604.44 2041.44 140.00 2612.27 2025.67 140.00 2604.49 2008.11 105.60 2603.29 2008.12 140.00 2603.34 2008.11 105.60 2603.29 1991.44 105.60 2608.95 2008.12 140.00 2603.34 1991.46 140.00 2608.99 1978.20 105.60 2620.56 1978.24 140.00 2620.59 1978.20 105.60 2620.56 1970.41 105.60 2636.35 1978.24 140.00 2620.59 1970.46 140.00 2636.36 1969.26 105.60 2653.92 1969.31 140.00 2653.92 1969.26 105.60 2653.92 1974.92 105.60 2670.60 1969.31 140.00 2653.92 1974.96 140.00 2670.57 1986.53 105.60 2683.83 1986.56 140.00 2683.80 1986.53 105.60 2683.83 2002.32 105.60 2691.62 1986.56 140.00 2683.80 2002.33 140.00 2691.58 2019.89 105.60 2692.77 2019.88 140.00 2692.72 2019.89 105.60 2692.77 2036.52 105.60 2687.04 2019.88 140.00 2692.72 2036.54 140.00 2687.07 2049.80 105.60 2675.50 2049.76 140.00 2675.47 2031.08 140.00 2677.62 2041.10 140.00 2668.83 2041.10 140.00 2668.83 2047.00 140.00 2656.88 2047.87 140.00 2643.57 2047.87 140.00 2643.57 2043.59 140.00 2630.95 2034.80 140.00 2620.93 2034.80 140.00 2620.93 2022.84 140.00 2615.03 2009.54 140.00 2614.16 2009.54 140.00 2614.16 1996.92 140.00 2618.44 1986.90 140.00 2627.23 1986.90 140.00 2627.23 1981.00 140.00 2639.19 1980.13 140.00 2652.49 1980.13 140.00 2652.49 1984.41 140.00 2665.12 1993.20 140.00 2675.14 1993.20 140.00 2675.14 2005.16 140.00 2681.03 2018.46 140.00 2681.90 2018.46 140.00 2681.90 2038.83 136.67 2667.08 2044.23 136.67 2656.13 2045.03 136.67 2643.95 2047.87 140.00 2643.57 2045.03 136.67 2643.95 2041.10 136.67 2632.38 2034.80 140.00 2620.93 2033.05 136.67 2623.20 2034.80 140.00 2620.93 2033.05 136.67 2623.20 2022.10 136.67 2617.80 2009.54 140.00 2614.16 2009.92 136.67 2617.00 2009.54 140.00 2614.16 2009.92 136.67 2617.00 1998.35 136.67 2620.93 1986.90 140.00 2627.23 1989.17 136.67 2628.98 1986.90 140.00 2627.23 1989.17 136.67 2628.98 1983.77 136.67 2639.93 1980.13 140.00 2652.49 1982.97 136.67 2652.12 1980.13 140.00 2652.49 1982.97 136.67 2652.12 1986.90 136.67 2663.68 1993.20 140.00 2675.14 1994.95 136.67 2672.86 1993.20 140.00 2675.14 1994.95 136.67 2672.86 2005.90 136.67 2678.26 2018.46 140.00 2681.90 2018.08 136.67 2679.06 2018.08 136.67 2679.06 2029.65 136.67 2675.14 2038.83 136.67 2667.08 2085.91 140.00 2502.59 2085.91 110.00 2502.59 2046.94 130.00 2525.09 2046.94 110.00 2525.09 2024.44 110.00 2486.12 2035.94 120.00 2506.04 2046.94 110.00 2525.09 2024.44 120.00 2486.12 2046.94 130.00 2525.09 2035.94 130.00 2506.04 1891.06 110.00 2615.09 1880.06 120.00 2596.04 1868.56 110.00 2576.12 1868.56 120.00 2576.12 1891.06 130.00 2615.09 1880.06 130.00 2596.04 1852.09 110.00 2637.59 1852.09 140.00 2637.59 1891.06 130.00 2615.09 1891.06 110.00 2615.09 1928.32 140.00 2636.06 1925.70 140.00 2595.09 1852.09 140.00 2637.59 1969.00 140.00 2570.09 2007.57 140.00 2599.21 2012.30 140.00 2545.09 2099.68 140.00 2660.01 2108.04 140.00 2733.92 2159.02 140.00 2668.23 2093.78 140.00 2601.97 2043.98 140.00 2608.96 2056.65 140.00 2623.41 1958.00 130.00 2551.04 1914.70 130.00 2576.04 1969.00 130.00 2570.09 1925.70 130.00 2595.09 2001.30 130.00 2526.04 2012.30 130.00 2545.09 2035.94 130.00 2506.04 2046.94 130.00 2525.09 1946.50 120.00 2531.12 1903.20 120.00 2556.12 1958.00 120.00 2551.04 1914.70 120.00 2576.04 2130.91 140.00 2580.53 2130.91 110.00 2580.53 2085.91 140.00 2502.59 2085.91 110.00 2502.59 1852.09 140.00 2637.59 1852.09 110.00 2637.59 1897.09 140.00 2715.53 1897.09 110.00 2715.53 2012.30 130.00 2545.09 1969.00 130.00 2570.09 2012.30 140.00 2545.09 1969.00 140.00 2570.09 1958.00 130.00 2551.04 2001.30 130.00 2526.04 1958.00 120.00 2551.04 2001.30 120.00 2526.04 1914.70 130.00 2576.04 1914.70 120.00 2576.04 1880.06 130.00 2596.04 1880.06 120.00 2596.04 1960.93 110.00 2522.78 1989.80 120.00 2506.12 1989.80 110.00 2506.12 1885.88 120.00 2566.12 1885.88 110.00 2566.12 1868.56 120.00 2576.12 1868.56 110.00 2576.12 1925.70 140.00 2595.09 1925.70 130.00 2595.09 2007.12 120.00 2496.12 2035.94 120.00 2506.04 2024.44 120.00 2486.12 2175.91 140.00 2658.48 2175.91 110.00 2658.48 1942.09 140.00 2793.48 1942.09 110.00 2793.48 1934.22 140.00 2694.10 1984.02 140.00 2687.10 1971.35 140.00 2672.66 1965.18 140.00 2654.46 1966.43 140.00 2635.29 1981.53 140.00 2728.23 2020.43 140.00 2696.86 2001.26 140.00 2695.60 2062.83 140.00 2641.61 2061.57 140.00 2660.78 1966.43 140.00 2635.29 1965.18 140.00 2654.46 1970.41 105.60 2636.35 1969.26 105.60 2653.92 1971.35 140.00 2672.66 1974.92 105.60 2670.60 2001.26 140.00 2695.60 2020.43 140.00 2696.86 2002.32 105.60 2691.62 2019.89 105.60 2692.77 2038.58 140.00 2690.61 2036.52 105.60 2687.04 2061.57 140.00 2660.78 2062.83 140.00 2641.61 2057.59 105.60 2659.71 2058.74 105.60 2642.14 2056.65 140.00 2623.41 2053.08 105.60 2625.47 1989.38 140.00 2605.39 1974.93 140.00 2618.06 1991.44 105.60 2608.95 1978.20 105.60 2620.56 2026.75 140.00 2600.47 2007.57 140.00 2599.21 2025.68 105.60 2604.44 2008.11 105.60 2603.29 2043.98 140.00 2608.96 2041.47 105.60 2612.23 1984.02 140.00 2687.10 1986.53 105.60 2683.83 2053.07 140.00 2678.02 2049.80 105.60 2675.50 1897.09 140.00 2715.53 2041.36 140.00 2772.42 1958.98 140.00 2783.72 2130.91 140.00 2580.53 2085.91 140.00 2502.59 2046.47 140.00 2567.84 2035.94 120.00 2506.04 2035.94 130.00 2506.04 2007.12 110.00 2496.12 2007.12 120.00 2496.12 1989.80 120.00 2506.12 2001.30 120.00 2526.04 1891.06 130.00 2615.09 1880.06 130.00 2596.04 1885.88 120.00 2566.12 1880.06 120.00 2596.04 1903.20 120.00 2556.12 1932.07 110.00 2539.45 1903.20 110.00 2556.12 1974.93 140.00 2618.06 1989.38 140.00 2605.39 1969.00 140.00 2570.09 2026.75 140.00 2600.47 2024.44 110.00 2486.12 2024.44 120.00 2486.12 1868.56 120.00 2576.12 2175.91 140.00 2658.48 1942.09 140.00 2793.48 2054.15 140.00 2717.57 2053.07 140.00 2678.02 2038.58 140.00 2690.61 1963.06 140.00 2790.77 2163.09 140.00 2675.28 1946.50 120.00 2531.12 1825.88 110.00 2462.20 1843.20 110.00 2452.20 1805.88 110.00 2427.56 1823.20 110.00 2417.56 1929.80 110.00 2402.20 1947.12 110.00 2392.20 1909.80 110.00 2367.56 1927.12 110.00 2357.56 1843.20 110.00 2452.20 1825.88 110.00 2462.20 1863.20 110.00 2486.84 1845.88 110.00 2496.84 1947.12 110.00 2392.20 1929.80 110.00 2402.20 1967.12 110.00 2426.84 1949.80 110.00 2436.84 1885.88 110.00 2566.12 1903.20 110.00 2556.12 1865.88 110.00 2531.48 1883.20 110.00 2521.48 1989.80 110.00 2506.12 2007.12 110.00 2496.12 1969.80 110.00 2471.48 1987.12 110.00 2461.48 1863.20 110.00 2486.84 1845.88 110.00 2496.84 1883.20 110.00 2521.48 1865.88 110.00 2531.48 1967.12 110.00 2426.84 1949.80 110.00 2436.84 1987.12 110.00 2461.48 1969.80 110.00 2471.48 1852.07 110.00 2400.89 1823.20 110.00 2417.56 1872.07 110.00 2435.53 1843.20 110.00 2452.20 1969.80 110.00 2471.48 1940.93 110.00 2488.14 1989.80 110.00 2506.12 1960.93 110.00 2522.78 1929.80 110.00 2402.20 1900.93 110.00 2418.86 1949.80 110.00 2436.84 1920.93 110.00 2453.50 1900.93 110.00 2418.86 1920.93 110.00 2453.50 1892.07 110.00 2470.17 1892.07 110.00 2470.17 1863.20 110.00 2486.84 1912.07 110.00 2504.81 1883.20 110.00 2521.48 1909.80 110.00 2367.56 1880.93 110.00 2384.22 1880.93 110.00 2384.22 1912.07 110.00 2504.81 1883.20 110.00 2521.48 1932.07 110.00 2539.45 1903.20 110.00 2556.12 1940.93 110.00 2488.14 1960.93 110.00 2522.78 1920.93 110.00 2453.50 1940.93 110.00 2488.14 1863.20 110.00 2486.84 1949.80 110.00 2436.84 1920.93 110.00 2453.50 1969.80 110.00 2471.48 1940.93 110.00 2488.14 1791.16 350.00 2742.05 1731.16 350.00 2638.13 1836.62 410.00 2715.80 1776.62 410.00 2611.88 1775.08 350.00 2474.20 1799.65 410.00 2529.30 1753.12 350.00 2556.17 1824.64 470.00 2584.16 2053.36 470.00 2452.10 2018.35 410.00 2403.03 2101.38 410.00 2424.38 2114.24 470.00 2555.52 2161.38 410.00 2528.30 2206.85 350.00 2502.05 2146.85 350.00 2398.13 1730.08 350.00 2396.26 1775.54 350.00 2370.01 1820.54 350.00 2447.96 1937.46 350.00 2380.46 1967.46 410.00 2432.42 2057.46 470.00 2588.30 1997.46 470.00 2484.38 2221.38 410.00 2632.22 2266.85 350.00 2605.98 2175.91 470.00 2658.48 2117.46 470.00 2692.22 1896.62 410.00 2819.72 1942.09 470.00 2793.48 1883.76 470.00 2688.59 1789.00 350.00 2258.32 1847.46 350.00 2224.57 1834.00 350.00 2336.26 1892.46 350.00 2302.51 1879.00 350.00 2414.20 1999.00 470.00 2622.05 2059.00 470.00 2725.98 1940.54 470.00 2655.80 2000.54 470.00 2759.72 1939.00 470.00 2518.13 1880.54 470.00 2551.88 1909.00 410.00 2466.17 1850.54 410.00 2499.92 1937.92 350.00 2276.26 1892.92 350.00 2198.32 1982.92 350.00 2354.20 2028.23 470.00 2605.18 1968.23 470.00 2501.25 1938.23 410.00 2449.29 2064.88 350.00 2376.17 1851.16 350.00 2845.98 1796.10 350.00 2314.38 1781.43 350.00 2318.88 1759.27 350.00 2341.82 1724.54 350.00 2323.66 1685.08 350.00 2318.32 1711.20 350.00 2303.24 2126.08 431.59 2724.65 2154.98 431.59 2693.86 2126.08 390.91 2724.65 2154.98 390.91 2693.86 2126.07 276.59 2724.65 2154.98 276.59 2693.86 2126.07 235.91 2724.65 2154.98 235.91 2693.86 1983.20 199.09 2793.04 2024.32 199.09 2783.40 1983.20 158.41 2793.04 2024.32 158.41 2783.40 1983.20 354.09 2793.04 2024.32 354.09 2783.40 1983.20 313.41 2793.04 2024.32 313.41 2783.40 2060.60 199.09 2769.17 2095.60 199.09 2748.96 2060.60 158.41 2769.17 2095.60 158.41 2748.96 2060.60 354.09 2769.17 2095.60 354.09 2748.96 2060.60 313.41 2769.17 2095.60 313.41 2748.96 1983.20 276.59 2793.04 2024.32 276.59 2783.40 1983.20 235.91 2793.04 2024.32 235.91 2783.40 2126.08 199.09 2724.65 2154.98 199.09 2693.86 2126.08 158.41 2724.65 2154.98 158.41 2693.86 2060.60 276.59 2769.17 2095.60 276.59 2748.96 2060.60 235.91 2769.17 2095.60 235.91 2748.96 2126.07 354.09 2724.65 2154.98 354.09 2693.86 2126.07 313.41 2724.65 2154.98 313.41 2693.86 1983.20 431.59 2793.04 2024.32 431.59 2783.40 1983.20 390.91 2793.04 2024.32 390.91 2783.40 2060.60 431.59 2769.17 2095.60 431.59 2748.96 2060.60 390.91 2769.17 2095.60 390.91 2748.96 2108.04 450.00 2733.92 2163.09 450.00 2675.28 2106.90 446.12 2727.34 2156.45 446.12 2674.56 2163.09 372.50 2675.28 2156.45 376.38 2674.56 2108.04 372.50 2733.92 2106.90 376.38 2727.34 2108.04 295.00 2733.92 2163.09 295.00 2675.28 2106.90 291.12 2727.34 2156.45 291.12 2674.56 2163.09 217.50 2675.28 2156.45 221.37 2674.56 2108.04 217.50 2733.92 2106.90 221.37 2727.34 1963.06 217.50 2790.77 2041.36 217.50 2772.42 1965.75 213.62 2784.66 2036.23 213.62 2768.14 2041.36 140.00 2772.42 2036.23 143.88 2768.14 1963.06 140.00 2790.77 1965.75 143.88 2784.66 1963.06 372.50 2790.77 2041.36 372.50 2772.42 1965.75 368.62 2784.66 2036.23 368.62 2768.14 2041.36 295.00 2772.42 2036.23 298.88 2768.14 1963.06 295.00 2790.77 1965.75 298.88 2784.66 2041.36 217.50 2772.42 2108.04 217.50 2733.92 2042.03 213.62 2765.88 2102.04 213.62 2731.23 2108.04 140.00 2733.92 2102.04 143.88 2731.23 2041.36 140.00 2772.42 2042.03 143.88 2765.88 2041.36 372.50 2772.42 2108.04 372.50 2733.92 2042.03 368.62 2765.88 2102.04 368.62 2731.23 2108.04 295.00 2733.92 2102.04 298.88 2731.23 2041.36 295.00 2772.42 2042.03 298.88 2765.88 1963.06 295.00 2790.77 2041.36 295.00 2772.42 1965.75 291.12 2784.66 2036.23 291.12 2768.14 2041.36 217.50 2772.42 2036.23 221.38 2768.14 1963.06 217.50 2790.77 1965.75 221.38 2784.66 2108.04 217.50 2733.92 2163.09 217.50 2675.28 2106.90 213.63 2727.34 2156.45 213.63 2674.56 2163.09 140.00 2675.28 2156.45 143.88 2674.56 2108.04 140.00 2733.92 2106.90 143.88 2727.34 2041.36 295.00 2772.42 2108.04 295.00 2733.92 2042.03 291.12 2765.88 2102.04 291.12 2731.23 2108.04 217.50 2733.92 2102.04 221.38 2731.23 2041.36 217.50 2772.42 2042.03 221.38 2765.88 2108.04 372.50 2733.92 2163.09 372.50 2675.28 2106.90 368.62 2727.34 2156.45 368.62 2674.56 2163.09 295.00 2675.28 2156.45 298.88 2674.56 2108.04 295.00 2733.92 2106.90 298.88 2727.34 1963.06 450.00 2790.77 2041.36 450.00 2772.42 1965.75 446.12 2784.66 2036.23 446.12 2768.14 2041.36 372.50 2772.42 2036.23 376.38 2768.14 1963.06 372.50 2790.77 1965.75 376.38 2784.66 2041.36 450.00 2772.42 2108.04 450.00 2733.92 2042.03 446.12 2765.88 2102.04 446.12 2731.23 2108.04 372.50 2733.92 2102.04 376.38 2731.23 2041.36 372.50 2772.42 2042.03 376.38 2765.88 2114.34 435.66 2719.42 2149.02 435.66 2682.48 2149.02 386.84 2682.48 2114.34 386.84 2719.42 2114.34 280.66 2719.42 2149.02 280.66 2682.48 2149.02 231.84 2682.48 2114.34 231.84 2719.42 1976.32 203.16 2782.18 2025.66 203.16 2770.62 2025.66 154.34 2770.62 1976.32 154.34 2782.18 1976.32 358.16 2782.18 2025.66 358.16 2770.62 2025.66 309.34 2770.62 1976.32 309.34 2782.18 2051.03 203.16 2760.68 2093.04 203.16 2736.42 2093.04 154.34 2736.42 2051.03 154.34 2760.68 2051.03 358.16 2760.68 2093.04 358.16 2736.42 2093.04 309.34 2736.42 2051.03 309.34 2760.68 1976.32 280.66 2782.18 2025.66 280.66 2770.62 2025.66 231.84 2770.62 1976.32 231.84 2782.18 2114.34 203.16 2719.42 2149.02 203.16 2682.48 2149.02 154.34 2682.48 2114.34 154.34 2719.42 2051.03 280.66 2760.68 2093.04 280.66 2736.42 2093.04 231.84 2736.42 2051.03 231.84 2760.68 2114.34 358.16 2719.42 2149.02 358.16 2682.48 2149.02 309.34 2682.48 2114.34 309.34 2719.42 1976.32 435.66 2782.18 2025.66 435.66 2770.62 2025.66 386.84 2770.62 1976.32 386.84 2782.18 2051.03 435.66 2760.68 2093.04 435.66 2736.42 2093.04 386.84 2736.42 2051.03 386.84 2760.68 2126.08 431.59 2724.65 2154.98 431.59 2693.86 2154.98 390.91 2693.86 2126.08 390.91 2724.65 2093.04 231.84 2736.42 2095.60 235.91 2748.96 2177.94 450.00 2661.98 2224.90 390.00 2634.86 2177.94 390.00 2661.98 2271.86 330.00 2607.75 2224.90 330.00 2634.86 2177.94 330.00 2661.98 1944.11 390.49 2796.98 1944.11 330.00 2796.98 1897.15 390.00 2824.09 1897.15 330.00 2824.09 1897.15 250.00 2824.09 1850.19 330.00 2851.20 1850.19 250.00 2851.20 1727.45 250.00 2638.62 1788.82 250.00 2744.91 1727.45 170.00 2638.62 1788.82 170.00 2744.91 2149.12 250.00 2395.16 2210.49 250.00 2501.46 2149.12 330.00 2395.16 2210.49 330.00 2501.46 2149.12 170.00 2395.16 2067.16 170.00 2373.20 2067.16 250.00 2373.20 1985.20 250.00 2351.24 1940.81 250.00 2273.77 1985.20 170.00 2351.24 1940.81 170.00 2273.77 1681.57 170.00 2320.34 1681.57 250.00 2320.34 1726.47 170.00 2397.52 1726.47 250.00 2397.52 1771.37 170.00 2474.69 1771.37 250.00 2474.69 1749.41 170.00 2556.66 1749.41 250.00 2556.66 2224.90 250.00 2634.86 2177.94 250.00 2661.98 1789.00 230.00 2258.32 1832.30 230.00 2233.32 1788.65 250.00 2257.71 1849.27 250.00 2222.71 1728.38 170.00 2293.32 1685.08 170.00 2318.32 1719.14 110.00 2298.20 1685.08 110.00 2318.32 1857.94 110.00 2217.86 1849.62 170.00 2223.32 1832.06 110.00 2232.90 1832.30 170.00 2233.32 1681.57 250.00 2320.34 1681.57 170.00 2320.34 2271.86 250.00 2607.75 2271.86 170.00 2607.75 2210.49 170.00 2501.46 1850.19 250.00 2851.20 1850.19 330.00 2851.20 1788.82 330.00 2744.91 1985.20 330.00 2351.24 2067.16 330.00 2373.20 1727.45 330.00 2638.62 1749.41 330.00 2556.66 1940.81 330.00 2273.77 1896.43 250.00 2196.30 1895.02 329.94 2193.85 1771.37 330.00 2474.69 1726.47 330.00 2397.52 1896.43 250.00 2196.30 1892.92 170.00 2198.32 1896.43 170.00 2196.30 2224.90 170.00 2634.86 2271.86 170.00 2607.75 2271.86 250.00 2607.75 2271.86 330.00 2607.75 1896.43 170.00 2196.30 1944.11 170.00 2796.98 1897.15 170.00 2824.09 1944.11 203.16 2796.98 1944.11 250.00 2796.98 1850.19 170.00 2851.20 1680.16 330.00 2317.90 2177.94 170.00 2661.98 2177.94 203.16 2661.98 1850.19 170.00 2851.20 1728.03 250.00 2292.71 1745.70 170.00 2283.32 1745.46 110.00 2282.90 1745.70 230.00 2283.32 1892.92 110.00 2198.32 1787.59 330.00 2255.88 1846.32 330.00 2221.97 1944.11 450.00 2796.98 1895.02 329.94 2193.85 1728.62 311.72 2290.48 1723.25 330.00 2293.02 1680.16 330.00 2317.90 1750.95 301.48 2277.90 1753.42 313.73 2276.10 1764.80 315.85 2269.46 1776.23 330.00 2262.44 2038.83 136.67 2667.08 2044.23 136.67 2656.13 2037.64 140.00 2666.17 2042.78 140.00 2655.74 2043.54 140.00 2644.14 2014.00 137.61 2648.03 2039.81 140.00 2633.13 2032.14 140.00 2624.39 2021.71 140.00 2619.25 2010.11 140.00 2618.49 1999.10 140.00 2622.22 1990.36 140.00 2629.89 1985.22 140.00 2640.32 1984.46 140.00 2651.92 1988.19 140.00 2662.93 1995.86 140.00 2671.67 2006.29 140.00 2676.82 2017.89 140.00 2677.58 2028.90 140.00 2673.84 2029.65 136.67 2675.14 2045.03 136.67 2643.95 2041.10 136.67 2632.38 2033.05 136.67 2623.20 2022.10 136.67 2617.80 2009.92 136.67 2617.00 1998.35 136.67 2620.93 1989.17 136.67 2628.98 1983.77 136.67 2639.93 1982.97 136.67 2652.12 1986.90 136.67 2663.68 1994.95 136.67 2672.86 2005.90 136.67 2678.26 2018.08 136.67 2679.06 1728.62 311.72 2290.48 1750.95 301.48 2277.90 1726.67 330.00 2267.76 1741.74 330.00 2249.82 1753.42 313.73 2276.10 1746.94 330.00 2258.14 1764.80 315.85 2269.46 1757.11 330.00 2254.56 1776.23 330.00 2262.44 1723.25 330.00 2293.02 1719.24 399.61 2181.26 1723.25 330.00 2293.02 1726.67 330.00 2267.76 1711.20 350.00 2303.24 1725.58 330.00 2294.94 1759.27 350.00 2341.82 1724.54 350.00 2323.66 1778.39 330.00 2264.45 1789.00 350.00 2258.32 1796.10 350.00 2314.38 1781.43 350.00 2318.88 1776.23 330.00 2262.44 1741.74 330.00 2249.82 1746.94 330.00 2258.14 1757.11 330.00 2254.56 1896.79 470.00 2621.02 1931.58 460.00 2633.27 1922.55 470.00 2639.63 1964.82 450.00 2634.86 1946.77 470.00 2647.59 1964.82 450.00 2634.86 1979.36 440.00 2668.03 1950.78 470.00 2684.53 1946.77 470.00 2647.59 1974.88 440.00 2638.28 1981.27 470.00 2707.34 2001.32 450.00 2698.08 2003.38 440.00 2687.65 2001.32 450.00 2698.08 2034.50 440.00 2683.54 2014.06 470.00 2716.13 2050.50 470.00 2711.25 2003.38 440.00 2687.65 2053.62 440.00 2658.65 2084.17 470.00 2667.56 2084.17 470.00 2667.56 2053.62 440.00 2658.65 2080.16 470.00 2630.62 2058.17 450.00 2622.53 2048.64 440.00 2628.03 2025.12 440.00 2609.28 2062.66 470.00 2600.31 2032.67 470.00 2578.36 2032.67 470.00 2578.36 2025.12 440.00 2609.28 1994.00 440.00 2613.39 1978.00 470.00 2585.68 1964.82 450.00 2634.86 1955.56 470.00 2614.80 1974.88 440.00 2638.28 1926.94 470.00 2623.24 1955.56 470.00 2614.80 1984.20 437.61 2640.41 1987.15 437.61 2663.53 2006.20 437.61 2678.52 2006.20 437.61 2678.52 2029.75 437.61 2675.31 2044.30 437.61 2656.52 2044.30 437.61 2656.52 2040.85 437.61 2632.53 2022.30 437.61 2618.41 2022.30 437.61 2618.41 1998.75 437.61 2621.62 1984.20 437.61 2640.41 1998.75 437.61 2621.62 1998.76 413.71 2644.04 2006.22 413.71 2634.56 2014.00 340.00 2648.03 2007.66 387.44 2651.79 2007.18 387.44 2646.26 2012.37 387.44 2655.26 1999.84 413.71 2656.36 2010.34 413.71 2664.09 2012.37 387.44 2655.26 2017.72 387.44 2654.48 2010.34 413.71 2664.09 2022.28 413.71 2662.37 2021.07 387.44 2650.23 2029.74 413.71 2652.89 2021.07 387.44 2650.23 2020.42 387.44 2644.42 2029.74 413.71 2652.89 2028.29 413.71 2639.93 2015.88 387.44 2641.24 2010.52 387.44 2642.01 2015.88 387.44 2641.24 2018.16 413.71 2632.84 2007.18 387.44 2646.26 2125.72 470.00 2583.53 2058.17 450.00 2622.53 2062.66 470.00 2600.31 2080.16 470.00 2630.62 2001.32 450.00 2698.08 1991.28 470.00 2754.68 1981.27 470.00 2707.34 2014.06 470.00 2716.13 1987.15 437.61 2663.53 1984.20 437.61 2640.41 1998.76 413.71 2644.04 1984.20 437.61 2640.41 2006.20 437.61 2678.52 2006.20 437.61 2678.52 2029.75 437.61 2675.31 2044.30 437.61 2656.52 2040.85 437.61 2632.53 2044.30 437.61 2656.52 2022.30 437.61 2618.41 2018.16 413.71 2632.84 2022.30 437.61 2618.41 1949.17 401.00 2433.74 1947.60 380.00 2445.03 1942.86 378.00 2410.82 1930.78 386.00 2425.88 1861.46 350.00 2375.83 1852.12 350.00 2339.66 1869.30 333.00 2379.40 1852.12 350.00 2339.66 1878.59 350.00 2377.49 1869.30 333.00 2379.40 1870.30 326.00 2411.14 1859.80 350.00 2392.96 1882.46 350.00 2412.20 1745.46 110.00 2282.90 1788.69 110.00 2257.86 1744.00 110.00 2261.00 1779.00 110.00 2241.00 1858.50 110.00 2379.00 1823.60 110.00 2318.43 1789.00 110.00 2419.00 1753.97 110.00 2358.43 1840.82 110.00 2268.22 1832.06 110.00 2232.90 1813.50 110.00 2221.00 1719.14 110.00 2298.20 1771.33 110.00 2308.24 1928.00 110.00 2339.00 1892.97 110.00 2278.43 1857.94 110.00 2217.86 </float_array>
                    <technique_common>
                        <accessor source="#geom-03703D54-pos-array" count="1206" stride="3">
                            <param name="X" type="float" />
                            <param name="Y" type="float" />
                            <param name="Z" type="float" />
                        </accessor>
                    </technique_common>
                </source>
                <source id="geom-03703D54-texcoord">
                    <float_array id="geom-03703D54-texcoord-array" count="2412">0.44 0.51 0.44 -1.45 0.51 0.51 0.51 -1.48 0.31 -1.14 0.31 -0.07 0.38 -1.14 0.38 -0.07 0.44 -1.50 0.44 -3.45 0.51 -1.48 0.51 -3.48 0.51 -1.46 0.44 -1.50 0.51 -3.44 0.44 -3.48 0.51 -3.48 0.51 -1.48 0.44 -3.44 0.44 -1.47 0.31 -3.41 0.31 -2.57 0.38 -3.41 0.38 -2.57 0.44 -1.51 0.51 -1.48 0.44 0.45 0.51 0.51 0.38 -0.06 0.31 -0.07 0.38 -1.14 0.31 -1.14 0.31 -2.57 0.38 -2.57 0.51 -1.50 0.44 -1.48 0.51 -3.45 0.44 -3.48 0.44 -1.48 0.51 -1.47 0.44 0.51 0.51 0.57 0.51 -3.48 0.51 -1.50 0.44 -3.44 0.44 -1.47 0.44 0.45 0.51 0.51 0.51 0.45 0.44 0.51 0.44 0.48 0.51 0.51 0.51 0.48 0.44 0.51 0.51 0.51 0.44 0.57 0.51 -3.44 0.44 -3.48 0.38 -3.41 0.31 -3.41 0.38 -4.00 0.31 -4.00 0.00 -1.00 0.00 0.17 0.54 -0.33 0.00 1.00 0.14 1.00 0.00 -2.10 0.21 -1.00 0.00 -0.55 0.21 1.00 0.00 -5.37 0.21 -5.00 0.00 -4.16 0.21 -3.00 0.00 -7.00 0.00 -5.37 0.21 -7.00 0.21 -5.00 0.00 -2.10 0.00 -0.55 0.21 -1.00 0.21 1.00 0.00 1.00 0.00 -4.16 0.21 -3.00 0.00 -7.00 0.21 -7.00 0.54 -1.67 0.00 -2.17 0.00 -3.00 0.14 -3.00 0.44 -3.48 0.51 -3.41 0.44 -2.57 0.51 -2.57 0.31 -4.00 0.38 -4.00 0.31 1.00 0.38 1.00 0.38 1.00 0.31 1.00 0.51 -3.48 0.44 -3.48 0.44 -3.41 0.51 -3.48 0.51 -1.48 0.44 -1.48 0.44 0.51 0.44 -0.29 0.51 0.45 0.51 -0.30 0.44 -1.27 0.51 -1.28 0.34 -1.07 0.34 -0.21 0.18 -1.07 0.18 -0.21 0.34 0.64 0.18 0.64 0.34 -0.21 0.18 -0.21 0.69 -0.48 0.53 -0.48 0.69 -1.65 0.53 -1.65 0.69 -2.60 0.53 -2.60 0.69 -3.54 0.53 -3.54 0.69 -5.19 0.53 -5.19 0.36 0.64 0.36 -1.03 0.52 0.35 0.52 -1.32 0.69 0.64 0.53 0.64 0.69 -0.30 0.53 -0.30 0.52 0.64 0.36 0.35 0.52 -1.03 0.36 -1.32 0.69 -0.77 0.53 -0.77 0.69 -2.48 0.53 -2.48 0.69 -3.70 0.53 -3.70 0.69 -4.68 0.53 -4.68 0.69 -5.90 0.53 -5.90 0.69 -7.00 0.53 -7.00 0.18 -2.18 0.34 -2.18 0.18 -2.18 0.34 -2.18 0.18 -1.07 0.34 -1.07 0.69 -1.07 0.53 -1.07 0.69 -2.07 0.53 -2.07 0.69 -6.72 0.53 -6.72 0.69 0.58 0.53 0.58 0.69 0.58 0.53 0.58 0.01 0.01 0.17 0.01 0.01 0.35 0.17 0.69 0.01 0.69 0.17 0.69 0.01 0.69 0.17 0.35 0.01 0.01 0.17 0.01 0.18 -2.80 0.34 -2.80 0.69 -1.31 0.53 -1.31 0.69 -2.31 0.53 -2.31 0.69 -2.79 0.53 -2.79 0.69 -3.25 0.53 -3.25 0.18 -2.80 0.34 -2.80 0.18 0.64 0.34 0.64 0.52 -2.70 0.36 -3.00 0.36 -2.70 0.52 -3.00 0.69 0.64 0.53 0.64 0.69 0.23 0.53 0.00 0.53 -0.89 1.70 3.39 3.39 2.55 0.00 3.39 1.70 0.00 3.39 0.85 3.39 0.00 0.00 0.00 0.00 0.85 3.61 0.00 3.61 0.85 0.00 2.55 0.00 3.39 3.39 2.55 3.39 3.39 0.00 0.00 0.00 0.85 3.39 0.00 3.39 0.85 3.61 3.39 3.61 2.55 0.00 3.39 0.00 2.55 0.00 0.85 3.61 0.85 0.00 0.00 3.61 0.00 0.00 1.70 3.39 1.70 0.00 0.85 3.39 0.85 0.00 2.55 3.39 2.55 0.00 3.39 3.39 3.39 0.00 0.00 3.39 0.00 0.00 1.70 3.61 1.70 0.00 2.55 3.61 2.55 3.61 3.39 0.00 3.39 3.39 3.39 0.00 0.00 1.70 0.00 0.00 0.00 1.70 0.85 0.00 0.85 3.39 0.85 3.39 1.70 1.70 1.70 3.39 2.55 1.70 2.55 3.39 2.97 1.70 3.39 3.39 3.39 1.70 0.85 1.70 0.00 0.00 0.85 0.00 0.00 3.39 2.55 3.39 3.39 0.00 2.55 0.00 3.39 1.70 1.70 3.39 0.85 3.39 1.70 0.00 1.70 3.39 1.70 3.39 2.55 1.70 2.55 0.00 0.85 3.39 0.85 1.70 3.39 3.39 3.39 0.00 0.00 3.39 0.42 3.39 0.00 0.00 0.85 1.70 0.85 0.00 0.00 1.70 0.00 1.70 1.70 3.39 0.85 3.39 1.70 1.70 2.55 3.39 2.55 1.70 3.39 3.39 3.39 3.39 0.42 2.12 0.42 3.39 0.00 2.12 0.00 2.12 0.85 0.00 0.42 0.00 0.85 3.39 1.70 2.12 1.70 3.39 1.27 2.12 1.27 0.00 1.70 0.00 1.27 4.24 0.42 4.24 0.00 5.09 0.42 5.09 0.00 6.89 0.42 6.79 0.00 5.09 1.27 7.00 0.85 6.47 1.27 4.24 1.27 4.24 1.70 3.39 0.00 0.00 1.70 0.00 2.55 0.00 2.97 0.00 3.39 3.39 0.00 0.00 1.70 0.00 2.55 0.42 2.97 0.00 3.39 0.00 1.70 0.00 1.27 3.39 0.00 0.00 2.12 0.00 2.55 0.00 3.39 3.39 0.85 4.24 0.85 5.09 0.85 0.00 0.00 5.94 1.70 5.09 1.70 0.11 0.11 3.56 0.11 0.11 3.56 3.56 3.56 7.00 0.11 7.00 3.56 0.11 0.11 3.56 0.11 0.11 3.56 3.56 3.56 7.00 0.11 7.00 3.56 0.11 0.11 3.56 0.11 0.11 3.56 3.56 3.56 7.00 0.11 7.00 3.56 0.11 0.11 3.56 0.11 0.11 3.56 3.56 3.56 7.00 0.11 7.00 3.56 0.11 0.11 3.56 0.11 0.11 3.56 3.56 3.56 7.00 0.11 7.00 3.56 0.11 0.11 3.56 0.11 0.11 3.56 3.56 3.56 7.00 0.11 7.00 3.56 0.11 0.11 3.56 0.11 0.11 3.56 3.56 3.56 7.00 0.11 7.00 3.56 0.11 0.11 3.56 0.11 0.11 3.56 3.56 3.56 7.00 0.11 7.00 3.56 3.56 5.78 6.22 5.78 0.89 5.78 3.56 5.78 6.22 5.78 0.88 5.78 3.56 5.78 6.23 5.78 0.88 5.78 3.56 5.78 6.23 5.78 0.88 5.78 3.56 5.78 6.23 5.78 0.88 5.78 3.56 5.78 6.23 5.78 0.88 5.78 3.56 5.78 6.23 5.78 0.88 5.78 3.56 5.78 6.23 5.78 0.89 5.78 1.11 7.00 3.56 7.00 6.00 7.00 0.89 5.78 1.11 7.00 3.56 7.00 6.22 5.78 6.00 7.00 0.89 5.78 1.11 7.00 3.56 7.00 6.22 5.78 6.00 7.00 0.89 5.78 1.11 7.00 3.56 7.00 6.22 5.78 6.00 7.00 0.89 5.78 1.11 7.00 3.56 7.00 6.22 5.78 6.00 7.00 0.89 5.78 1.11 7.00 3.56 7.00 6.22 5.78 6.00 7.00 0.89 5.78 1.11 7.00 3.56 7.00 6.22 5.78 6.00 7.00 1.11 7.00 3.56 7.00 6.00 7.00 1.47 -2.09 1.23 -2.50 2.00 -2.59 1.84 -2.86 2.21 -0.81 2.75 -0.88 3.06 -1.31 2.32 -0.63 3.27 -0.93 2.86 -0.69 3.06 -1.31 2.75 -0.88 2.21 -0.81 2.32 -0.63 3.27 -0.93 2.86 -0.69 4.91 -4.65 5.15 -4.24 4.46 -4.02 4.30 -4.30 4.53 -3.21 3.99 -3.56 5.15 -4.24 3.31 -3.17 3.41 -2.41 2.63 -2.77 3.52 -0.67 4.47 0.03 3.17 0.21 2.77 -1.20 3.25 -1.83 3.35 -1.55 3.77 -0.96 4.45 -1.36 3.96 -0.64 4.64 -1.04 3.09 -0.57 3.28 -0.24 2.54 -0.25 2.73 0.07 3.51 -1.41 4.19 -1.81 3.69 -1.10 4.37 -1.50 2.18 -0.86 1.80 -0.64 1.47 -2.09 1.08 -1.87 5.15 -4.24 5.57 -4.48 5.87 -3.01 6.28 -3.25 2.54 -2.91 3.23 -3.31 2.63 -2.77 3.31 -3.17 3.77 -0.96 3.09 -0.57 3.69 -1.10 3.01 -0.70 4.45 -1.36 4.37 -1.50 5.00 -1.68 4.92 -1.82 3.21 -1.40 2.83 -1.01 2.76 -1.13 4.46 -1.97 4.40 -2.09 4.74 -2.13 4.67 -2.25 3.99 -3.56 3.91 -3.70 2.55 -0.86 2.46 -0.38 2.28 -0.70 2.90 0.37 2.52 0.59 6.59 -1.78 7.00 -2.03 5.28 -2.67 4.80 -2.04 4.70 -2.33 4.50 -2.56 4.22 -2.69 5.38 -1.75 4.65 -1.47 4.78 -1.74 3.56 -1.32 3.83 -1.18 4.22 -2.69 4.50 -2.56 4.12 -2.28 4.24 -2.22 4.70 -2.33 4.33 -2.11 4.78 -1.74 4.65 -1.47 4.36 -1.85 4.30 -1.73 4.42 -1.27 4.20 -1.64 3.83 -1.18 3.56 -1.32 3.94 -1.60 3.81 -1.66 3.35 -1.55 3.72 -1.76 3.63 -2.61 3.92 -2.71 3.85 -2.24 3.98 -2.28 3.27 -2.14 3.41 -2.41 3.69 -2.03 3.75 -2.15 3.25 -1.83 3.68 -1.89 4.80 -2.04 4.37 -1.99 4.13 -1.17 4.07 -1.59 5.87 -3.01 5.52 -0.59 6.32 -1.63 2.18 -0.86 1.47 -2.09 2.67 -2.12 2.46 -0.38 2.54 -0.25 2.48 -0.97 2.55 -0.86 2.83 -1.01 3.01 -0.70 5.19 -1.36 5.00 -1.68 4.46 -1.97 4.92 -1.82 4.19 -1.81 3.67 -1.66 4.12 -1.93 3.92 -2.71 3.63 -2.61 3.31 -3.17 3.27 -2.14 2.21 -0.81 2.28 -0.70 4.74 -2.13 2.90 0.37 6.59 -1.78 4.67 -0.84 4.13 -1.17 4.42 -1.27 6.38 -1.52 3.23 0.32 3.51 -1.41 6.89 7.00 0.22 7.00 6.89 0.11 0.22 0.11 6.89 7.00 0.22 7.00 6.89 0.11 0.22 0.11 0.22 0.11 6.89 0.11 0.22 7.00 6.89 7.00 0.22 0.11 6.89 0.11 0.22 7.00 6.89 7.00 6.89 7.00 0.22 7.00 6.89 0.11 0.22 0.11 6.89 7.00 0.22 7.00 6.89 0.11 0.22 0.11 0.22 0.11 6.89 0.11 0.22 7.00 6.89 7.00 0.22 0.11 6.89 0.11 0.22 7.00 6.89 7.00 3.56 0.11 7.00 0.11 3.56 3.56 7.00 3.56 7.00 3.56 3.56 3.56 7.00 7.00 3.56 7.00 7.00 3.56 3.56 3.56 7.00 7.00 3.56 7.00 0.11 3.56 0.11 7.00 3.56 7.00 3.56 3.67 7.00 3.67 3.56 7.00 7.00 7.00 7.00 0.11 3.56 0.11 0.11 0.11 3.56 3.67 7.00 3.67 3.56 7.00 7.00 7.00 0.11 3.67 0.11 7.00 0.11 3.67 0.11 7.00 7.00 7.00 7.00 3.56 3.56 3.56 7.00 7.00 3.56 7.00 7.00 0.50 7.00 -1.00 6.03 0.50 6.03 -1.00 5.00 -3.00 5.00 -2.00 6.03 -2.00 5.00 -1.00 2.03 -1.00 2.03 -2.00 1.00 -1.00 2.03 0.50 1.00 0.50 0.00 0.50 0.00 -1.00 5.00 -4.00 4.25 -4.00 4.25 -3.00 2.77 -3.00 2.77 -2.00 2.77 0.50 2.77 -1.00 1.00 2.00 0.00 2.00 2.03 2.00 2.77 2.00 6.03 2.00 5.00 2.00 5.00 0.50 3.52 -5.00 2.77 -5.00 3.52 -4.00 2.77 -4.00 3.52 -3.00 3.52 0.50 3.52 2.00 4.25 0.50 4.25 2.00 3.52 -1.00 4.25 -1.00 3.52 -2.00 4.25 -2.00 2.03 -4.00 2.03 -5.00 2.03 -3.00 3.14 0.50 3.14 -1.00 3.14 -2.00 1.00 -2.00 7.00 2.00 3.75 -4.42 3.92 -4.46 4.25 -4.36 4.55 -4.73 5.00 -5.00 4.57 -5.00 5.07 5.07 1.98 5.07 5.07 1.98 1.98 1.98 5.07 5.07 1.98 5.07 5.07 1.98 1.98 1.98 5.07 5.07 1.98 5.07 5.07 1.98 1.98 1.98 5.07 5.07 1.98 5.07 5.07 1.98 1.98 1.98 5.07 5.07 1.98 5.07 5.07 1.98 1.98 1.98 5.07 5.07 1.98 5.07 5.07 1.98 1.98 1.98 5.07 5.07 1.98 5.07 5.07 1.98 1.98 1.98 5.07 5.07 1.98 5.07 5.07 1.98 1.98 1.98 5.07 5.07 1.98 5.07 5.07 1.98 1.98 1.98 5.07 5.07 1.98 5.07 5.07 1.98 1.98 1.98 5.07 5.07 1.98 5.07 5.07 1.98 1.98 1.98 5.07 5.07 1.98 5.07 5.07 1.98 1.98 1.98 7.00 7.00 0.06 7.00 6.61 6.61 0.44 6.61 0.06 0.06 0.44 0.44 7.00 0.06 6.61 0.44 7.00 7.00 0.06 7.00 6.61 6.61 0.44 6.61 0.06 0.06 0.44 0.44 7.00 0.06 6.61 0.44 7.00 7.00 0.06 7.00 6.61 6.61 0.44 6.61 0.06 0.06 0.44 0.44 7.00 0.06 6.61 0.44 7.00 7.00 0.06 7.00 6.61 6.61 0.44 6.61 0.06 0.06 0.44 0.44 7.00 0.06 6.61 0.44 7.00 7.00 0.06 7.00 6.61 6.61 0.44 6.61 0.06 0.06 0.44 0.44 7.00 0.06 6.61 0.44 7.00 7.00 0.06 7.00 6.61 6.61 0.44 6.61 0.06 0.06 0.44 0.44 7.00 0.06 6.61 0.44 7.00 7.00 0.06 7.00 6.61 6.61 0.44 6.61 0.06 0.06 0.44 0.44 7.00 0.06 6.61 0.44 7.00 7.00 0.06 7.00 6.61 6.61 0.44 6.61 0.06 0.06 0.44 0.44 7.00 0.06 6.61 0.44 7.00 7.00 0.06 7.00 6.61 6.61 0.44 6.61 0.06 0.06 0.44 0.44 7.00 0.06 6.61 0.44 7.00 7.00 0.06 7.00 6.61 6.61 0.44 6.61 0.06 0.06 0.44 0.44 7.00 0.06 6.61 0.44 7.00 7.00 0.06 7.00 6.61 6.61 0.44 6.61 0.06 0.06 0.44 0.44 7.00 0.06 6.61 0.44 7.00 7.00 0.06 7.00 6.61 6.61 0.44 6.61 0.06 0.06 0.44 0.44 7.00 0.06 6.61 0.44 5.73 5.73 1.32 5.73 1.32 1.32 5.73 1.32 5.73 5.73 1.32 5.73 1.32 1.32 5.73 1.32 5.73 5.73 1.32 5.73 1.32 1.32 5.73 1.32 5.73 5.73 1.32 5.73 1.32 1.32 5.73 1.32 5.73 5.73 1.32 5.73 1.32 1.32 5.73 1.32 5.73 5.73 1.32 5.73 1.32 1.32 5.73 1.32 5.73 5.73 1.32 5.73 1.32 1.32 5.73 1.32 5.73 5.73 1.32 5.73 1.32 1.32 5.73 1.32 5.73 5.73 1.32 5.73 1.32 1.32 5.73 1.32 5.73 5.73 1.32 5.73 1.32 1.32 5.73 1.32 5.73 5.73 1.32 5.73 1.32 1.32 5.73 1.32 5.73 5.73 1.32 5.73 1.32 1.32 5.73 1.32 5.07 5.07 1.98 5.07 1.98 1.98 5.07 1.98 1.32 1.32 1.98 1.98 1.89 0.95 1.18 0.24 1.89 0.24 0.47 -0.47 1.18 -0.47 1.89 -0.47 0.00 0.24 0.00 -0.47 0.71 0.24 0.71 -0.47 0.71 -1.42 1.42 -0.47 1.42 -1.42 2.84 0.11 1.42 0.11 2.84 -0.84 1.42 -0.84 4.13 0.11 5.55 0.11 4.13 1.05 5.55 1.05 4.13 -0.84 3.13 -0.84 3.13 0.11 2.13 0.11 1.06 0.11 2.13 -0.84 1.06 -0.84 6.97 -0.84 6.97 0.11 5.90 -0.84 5.90 0.11 4.84 -0.84 4.84 0.11 3.84 -0.84 3.84 0.11 1.18 -1.42 1.89 -1.42 1.42 0.12 2.01 0.12 1.42 0.35 2.21 0.35 0.63 -0.59 0.04 -0.59 0.51 -1.26 0.04 -1.26 2.34 -1.26 2.21 -0.59 2.01 -1.26 2.01 -0.59 0.00 0.35 0.00 -0.59 6.97 0.11 6.97 -0.84 5.55 -0.84 0.00 0.11 0.00 1.05 1.42 1.05 2.13 1.05 3.13 1.05 2.84 1.05 3.84 1.05 1.06 1.05 0.00 0.11 0.00 1.05 4.84 1.05 5.90 1.05 2.84 0.35 2.80 -0.59 2.84 -0.59 1.18 -2.36 0.47 -2.36 0.47 -1.42 6.97 1.05 0.00 -0.84 0.00 -2.36 0.71 -2.36 0.00 -1.97 0.00 -1.42 0.00 -0.84 7.00 1.05 1.89 -2.36 1.89 -1.97 1.42 -2.36 0.63 0.35 0.87 -0.59 0.87 -1.26 0.87 0.12 2.80 -1.26 1.42 1.26 2.20 1.26 0.00 0.95 2.85 1.26 0.63 1.05 0.56 1.26 0.00 1.26 0.93 0.94 0.96 1.08 1.11 1.10 1.27 1.26 6.73 4.84 5.97 5.97 6.42 4.71 5.73 5.73 4.71 6.42 3.50 3.50 3.50 6.66 2.29 6.42 1.27 5.73 0.58 4.71 0.34 3.50 0.58 2.29 1.27 1.27 2.29 0.58 3.50 0.34 4.71 0.58 5.73 1.27 6.42 2.29 6.66 3.50 7.00 3.50 4.84 6.73 3.50 7.00 2.16 6.73 1.03 5.97 0.27 4.84 0.00 3.50 0.27 2.16 1.03 1.03 2.16 0.27 3.50 0.00 4.84 0.27 5.97 1.03 6.73 2.16 0.61 -1.16 3.24 -2.00 1.40 1.53 3.58 2.00 4.28 -0.85 4.44 1.54 5.63 -0.59 5.55 1.49 7.00 0.78 0.00 0.51 4.79 -2.07 5.04 -6.23 5.88 -5.31 3.82 -6.11 4.93 -6.30 1.28 -7.00 2.96 -6.72 0.01 -2.38 0.75 -3.08 0.04 -5.43 0.60 -5.79 0.34 -0.80 6.79 -2.41 4.82 1.47 2.07 0.62 0.00 5.28 2.16 5.27 1.76 4.52 4.32 5.25 3.52 3.76 5.00 1.59 2.63 2.63 2.63 0.00 4.81 0.00 4.59 2.63 0.88 0.00 0.33 1.59 0.66 2.63 5.00 1.59 2.63 2.63 4.81 0.00 2.63 0.00 4.59 2.63 0.66 2.63 0.00 0.00 5.25 0.00 4.59 2.63 3.31 0.00 2.63 1.75 2.63 2.63 0.66 2.63 2.01 0.00 0.00 0.00 5.25 0.00 4.59 2.63 2.63 2.63 2.63 0.00 0.49 1.81 0.88 0.00 0.66 2.63 1.77 6.02 3.53 6.75 4.37 3.39 2.63 3.39 0.88 3.39 4.37 3.39 2.63 3.39 0.88 3.39 4.37 3.39 2.63 3.39 0.88 3.39 4.37 3.39 2.63 3.39 7.00 7.00 5.47 7.00 6.34 4.81 5.47 4.81 5.47 0.05 5.47 3.06 5.03 3.06 5.91 3.06 5.47 4.81 6.34 4.81 5.03 3.06 5.47 3.06 4.59 4.81 5.47 4.81 5.91 3.06 6.34 4.81 5.03 3.06 5.47 3.06 4.59 4.81 5.47 4.81 5.91 3.06 5.47 3.06 5.03 3.06 4.59 4.81 5.91 3.06 0.00 5.28 4.32 5.25 3.52 3.76 3.53 6.75 4.32 5.25 0.00 5.28 3.53 6.75 3.52 3.76 5.47 7.00 3.94 7.00 4.59 4.81 0.88 3.39 7.00 7.00 3.94 7.00 5.47 7.00 7.00 7.00 5.47 7.00 3.94 7.00 7.00 7.00 6.34 4.81 3.94 7.00 3.53 6.75 4.32 5.25 2.16 5.27 3.52 3.76 1.76 4.52 0.00 5.28 2.16 5.27 0.00 5.28 1.77 6.02 2.16 5.27 4.32 5.25 3.52 3.76 3.53 6.75 1.35 6.16 3.53 6.17 1.76 7.00 3.53 7.00 3.53 0.06 3.53 3.09 0.06 0.06 0.06 3.09 5.29 4.63 5.72 6.16 5.29 7.00 0.06 6.17 1.76 4.63 7.00 0.06 7.00 3.09 7.00 6.17 </float_array>
                    <technique_common>
                        <accessor source="#geom-03703D54-texcoord-array" count="1206" stride="2">
                            <param name="S" type="float" />
                            <param name="T" type="float" />
                        </accessor>
                    </technique_common>
                </source>
                <source id="geom-03703D54-colors">
                    <float_array id="geom-03703D54-colors-array" count="4824">0.19 0.19 0.19 1.00 0.19 0.19 0.19 1.00 0.19 0.19 0.19 1.00 0.19 0.19 0.19 1.00 0.25 0.67 0.33 1.00 0.24 0.31 0.24 1.00 0.25 1.00 0.46 1.00 0.24 0.85 0.36 1.00 0.34 0.55 0.34 1.00 0.40 0.71 0.40 1.00 0.33 0.54 0.33 1.00 0.39 0.68 0.39 1.00 0.46 0.84 0.46 1.00 0.45 0.81 0.45 1.00 0.40 0.71 0.40 1.00 0.39 0.68 0.39 1.00 0.33 0.62 0.39 1.00 0.24 0.35 0.31 1.00 0.28 0.42 0.28 1.00 0.19 0.19 0.19 1.00 0.25 0.34 0.25 1.00 0.26 0.36 0.26 1.00 0.26 1.00 0.46 1.00 0.26 0.70 0.33 1.00 0.19 0.19 0.19 1.00 0.19 0.19 0.19 1.00 0.19 0.19 0.19 1.00 0.19 0.19 0.19 1.00 0.24 0.31 0.24 1.00 0.24 0.89 0.37 1.00 0.25 1.00 0.47 1.00 0.26 1.00 0.42 1.00 0.26 0.67 0.33 1.00 0.26 0.91 0.37 1.00 0.34 0.56 0.34 1.00 0.34 0.55 0.34 1.00 0.40 0.70 0.40 1.00 0.39 0.68 0.39 1.00 0.19 0.19 0.19 1.00 0.19 0.19 0.19 1.00 0.08 0.08 0.08 1.00 0.08 0.08 0.08 1.00 0.28 0.40 0.28 1.00 0.45 0.82 0.45 1.00 0.28 0.40 0.28 1.00 0.44 0.80 0.44 1.00 0.13 0.13 0.13 1.00 0.13 0.13 0.13 1.00 0.13 0.13 0.13 1.00 0.13 0.13 0.13 1.00 0.28 0.42 0.28 1.00 0.33 0.62 0.39 1.00 0.40 0.70 0.40 1.00 0.39 0.68 0.39 1.00 0.08 0.08 0.08 1.00 0.08 0.08 0.08 1.00 0.28 0.40 0.28 1.00 0.28 0.40 0.28 1.00 0.26 1.00 0.41 1.00 0.25 1.00 0.43 1.00 0.25 0.35 0.25 1.00 0.27 0.91 0.38 1.00 0.19 0.31 0.22 1.00 0.19 0.40 0.25 1.00 0.19 0.39 0.25 1.00 0.19 0.19 0.19 1.00 0.19 0.23 0.20 1.00 0.25 0.34 0.25 1.00 0.25 0.41 0.27 1.00 0.24 0.30 0.24 1.00 0.19 0.23 0.20 1.00 0.27 1.00 0.55 1.00 0.27 0.47 0.29 1.00 0.25 0.35 0.25 1.00 0.28 0.47 0.29 1.00 0.19 0.53 0.29 1.00 0.27 0.57 0.31 1.00 0.19 0.51 0.28 1.00 0.27 1.00 0.53 1.00 0.25 1.00 0.47 1.00 0.24 0.30 0.24 1.00 0.26 0.58 0.31 1.00 0.19 0.46 0.27 1.00 0.19 0.47 0.27 1.00 0.26 1.00 0.54 1.00 0.28 0.41 0.28 1.00 0.19 0.54 0.29 1.00 0.19 0.19 0.19 1.00 0.19 0.19 0.19 1.00 0.19 0.39 0.25 1.00 0.19 0.47 0.27 1.00 0.19 0.46 0.27 1.00 0.08 0.08 0.08 1.00 0.08 0.08 0.08 1.00 0.22 0.29 0.27 1.00 0.23 0.31 0.29 1.00 0.27 0.91 0.38 1.00 0.25 0.35 0.25 1.00 0.19 0.19 0.19 1.00 0.19 0.19 0.19 1.00 0.19 0.19 0.19 1.00 0.19 0.19 0.19 1.00 0.19 0.19 0.19 1.00 0.19 0.19 0.19 1.00 0.13 0.13 0.13 1.00 0.13 0.13 0.13 1.00 0.21 0.27 0.25 1.00 0.23 0.31 0.28 1.00 0.08 0.08 0.08 1.00 0.20 0.21 0.21 1.00 0.08 0.08 0.08 1.00 0.19 0.19 0.19 1.00 0.22 0.30 0.27 1.00 0.23 0.33 0.29 1.00 0.26 1.00 0.42 1.00 0.24 0.89 0.37 1.00 0.25 1.00 0.47 1.00 0.24 0.30 0.24 1.00 0.19 0.19 0.19 1.00 0.19 0.19 0.19 1.00 0.24 0.30 0.24 1.00 0.24 0.31 0.24 1.00 0.23 0.31 0.28 1.00 0.24 0.35 0.31 1.00 0.31 0.49 0.31 1.00 0.33 0.62 0.39 1.00 0.43 0.78 0.43 1.00 0.46 0.84 0.46 1.00 0.40 0.69 0.40 1.00 0.40 0.71 0.40 1.00 0.34 0.55 0.34 1.00 0.34 0.55 0.34 1.00 0.13 0.13 0.13 1.00 0.19 0.19 0.19 1.00 0.13 0.13 0.13 1.00 0.19 0.19 0.19 1.00 0.19 0.19 0.19 1.00 0.19 0.19 0.19 1.00 0.19 0.19 0.19 1.00 0.19 0.40 0.25 1.00 0.19 0.19 0.19 1.00 0.19 0.19 0.19 1.00 0.19 0.19 0.19 1.00 0.19 0.19 0.19 1.00 0.34 0.56 0.34 1.00 0.34 0.56 0.34 1.00 0.40 0.69 0.40 1.00 0.40 0.70 0.40 1.00 0.43 0.77 0.43 1.00 0.45 0.82 0.45 1.00 0.31 0.48 0.31 1.00 0.28 0.40 0.28 1.00 0.22 0.29 0.26 1.00 0.19 0.19 0.19 1.00 0.08 0.08 0.08 1.00 0.08 0.08 0.08 1.00 0.41 1.00 0.91 1.00 0.41 0.81 0.41 1.00 0.41 0.80 0.41 1.00 0.41 0.79 0.41 1.00 0.25 0.67 0.33 1.00 0.25 0.34 0.25 1.00 0.22 0.31 0.28 1.00 0.21 0.27 0.25 1.00 0.19 0.20 0.20 1.00 0.23 0.31 0.29 1.00 0.13 0.13 0.13 1.00 0.13 0.13 0.13 1.00 0.13 0.13 0.13 1.00 0.13 0.13 0.13 1.00 0.08 0.08 0.08 1.00 0.08 0.08 0.08 1.00 0.19 0.24 0.20 1.00 0.19 0.54 0.29 1.00 0.27 0.91 0.38 1.00 0.27 1.00 0.55 1.00 0.25 0.34 0.25 1.00 0.25 1.00 0.43 1.00 0.27 0.57 0.31 1.00 0.27 0.91 0.38 1.00 0.19 0.53 0.29 1.00 0.19 0.49 0.28 1.00 0.27 0.57 0.31 1.00 0.25 1.00 0.43 1.00 0.19 0.51 0.28 1.00 0.19 0.31 0.22 1.00 0.19 0.40 0.25 1.00 0.19 0.39 0.25 1.00 0.08 0.08 0.08 1.00 0.08 0.08 0.08 1.00 0.19 0.19 0.19 1.00 0.19 0.19 0.19 1.00 0.25 0.34 0.25 1.00 0.27 1.00 0.55 1.00 0.19 0.47 0.27 1.00 0.19 0.19 0.19 1.00 0.13 0.13 0.13 1.00 0.13 0.13 0.13 1.00 0.19 0.19 0.19 1.00 0.19 0.19 0.19 1.00 0.08 0.08 0.08 1.00 0.08 0.08 0.08 1.00 0.19 0.19 0.19 1.00 0.19 0.19 0.19 1.00 0.23 0.33 0.29 1.00 0.22 0.27 0.25 1.00 0.06 0.07 0.06 1.00 0.08 0.11 0.10 1.00 0.24 0.30 0.24 1.00 0.06 0.06 0.06 1.00 0.19 0.19 0.19 1.00 0.19 0.19 0.19 1.00 0.06 0.06 0.06 1.00 0.19 0.19 0.19 1.00 0.06 0.06 0.06 1.00 0.06 0.06 0.06 1.00 0.20 0.24 0.22 1.00 0.06 0.06 0.06 1.00 0.19 0.19 0.19 1.00 0.19 0.19 0.19 1.00 0.06 0.06 0.06 1.00 0.19 0.19 0.19 1.00 0.06 0.06 0.06 1.00 0.20 0.24 0.22 1.00 0.06 0.06 0.06 1.00 0.21 0.26 0.24 1.00 0.06 0.07 0.06 1.00 0.27 0.45 0.40 1.00 0.22 0.29 0.26 1.00 0.21 0.26 0.24 1.00 0.20 0.24 0.22 1.00 0.21 0.25 0.24 1.00 0.19 0.19 0.19 1.00 0.22 0.29 0.26 1.00 0.19 0.19 0.19 1.00 0.00 0.00 0.00 1.00 0.19 0.19 0.19 1.00 0.19 0.19 0.19 1.00 0.19 0.19 0.19 1.00 0.20 0.24 0.22 1.00 0.19 0.19 0.19 1.00 0.27 0.44 0.38 1.00 0.21 0.25 0.24 1.00 0.19 0.21 0.20 1.00 0.19 0.19 0.19 1.00 0.19 0.19 0.19 1.00 0.19 0.19 0.19 1.00 0.21 0.26 0.24 1.00 0.09 0.12 0.09 1.00 0.09 0.16 0.09 1.00 0.08 0.12 0.08 1.00 0.30 0.90 0.38 1.00 0.25 0.63 0.31 1.00 0.31 0.80 0.37 1.00 0.41 1.00 0.67 1.00 0.39 1.00 0.69 1.00 0.38 1.00 0.60 1.00 0.32 1.00 0.47 1.00 0.29 1.00 0.41 1.00 0.09 0.18 0.09 1.00 0.07 0.11 0.08 1.00 0.35 1.00 0.42 1.00 0.09 0.13 0.09 1.00 0.31 0.80 0.37 1.00 0.09 0.17 0.10 1.00 0.34 0.70 0.45 1.00 0.10 0.16 0.11 1.00 0.37 1.00 0.45 1.00 0.09 0.14 0.09 1.00 0.43 1.00 0.69 1.00 0.37 1.00 0.45 1.00 0.44 1.00 0.69 1.00 0.44 1.00 0.69 1.00 0.42 0.95 0.53 1.00 0.37 1.00 0.54 1.00 0.34 1.00 0.49 1.00 0.37 1.00 0.54 1.00 0.41 0.85 0.47 1.00 0.09 0.24 0.11 1.00 0.10 0.14 0.10 1.00 0.10 0.14 0.10 1.00 0.31 0.49 0.31 1.00 0.11 0.22 0.14 1.00 0.34 0.70 0.45 1.00 0.29 0.51 0.44 1.00 0.08 0.11 0.10 1.00 0.22 0.27 0.25 1.00 0.27 0.45 0.34 1.00 0.27 0.45 0.40 1.00 0.27 0.44 0.38 1.00 0.25 0.35 0.25 1.00 0.19 0.21 0.20 1.00 0.24 0.30 0.24 1.00 0.19 0.19 0.19 1.00 0.33 1.00 0.44 1.00 0.27 0.51 0.29 1.00 0.09 0.17 0.09 1.00 0.07 0.24 0.11 1.00 0.40 0.69 0.40 1.00 0.29 1.00 0.41 1.00 0.38 1.00 0.60 1.00 0.08 0.11 0.08 1.00 0.08 0.15 0.09 1.00 0.28 0.78 0.36 1.00 0.35 0.58 0.35 1.00 0.08 0.19 0.10 1.00 0.33 0.65 0.35 1.00 0.39 0.76 0.40 1.00 0.10 0.15 0.10 1.00 0.38 0.65 0.38 1.00 0.09 0.14 0.09 1.00 0.35 0.68 0.40 1.00 0.10 0.18 0.12 1.00 0.29 0.43 0.29 1.00 0.48 1.00 0.63 1.00 0.33 0.64 0.41 1.00 0.32 0.72 0.36 1.00 0.09 0.11 0.09 1.00 0.21 0.26 0.24 1.00 0.42 0.95 0.53 1.00 0.41 0.85 0.47 1.00 0.31 0.49 0.31 1.00 0.09 0.12 0.09 1.00 0.10 0.14 0.10 1.00 0.41 1.00 0.67 1.00 0.38 1.00 0.60 1.00 0.33 0.65 0.35 1.00 0.08 0.19 0.10 1.00 0.35 1.00 0.61 1.00 0.30 1.00 0.51 1.00 0.09 0.17 0.10 1.00 0.34 1.00 0.59 1.00 0.28 0.40 0.28 1.00 0.09 0.12 0.09 1.00 0.42 0.76 0.42 1.00 0.46 0.84 0.46 1.00 0.44 0.79 0.44 1.00 0.07 0.11 0.08 1.00 0.09 0.12 0.09 1.00 0.09 0.12 0.09 1.00 0.00 0.00 0.00 1.00 0.00 0.00 0.00 1.00 0.20 1.00 0.45 1.00 0.22 0.88 0.38 1.00 0.00 0.00 0.00 1.00 0.25 1.00 0.58 1.00 0.00 0.00 0.00 1.00 0.00 0.00 0.00 1.00 0.25 1.00 0.58 1.00 0.29 1.00 0.69 1.00 0.00 0.00 0.00 1.00 0.34 1.00 0.81 1.00 0.00 0.00 0.00 1.00 0.00 0.00 0.00 1.00 0.34 1.00 0.81 1.00 0.38 1.00 0.93 1.00 0.00 0.00 0.00 1.00 0.40 1.00 0.98 1.00 0.00 0.00 0.00 1.00 0.00 0.00 0.00 1.00 0.40 1.00 0.98 1.00 0.40 1.00 0.99 1.00 0.00 0.00 0.00 1.00 0.40 1.00 0.98 1.00 0.00 0.00 0.00 1.00 0.00 0.00 0.00 1.00 0.40 1.00 0.98 1.00 0.38 1.00 0.93 1.00 0.00 0.00 0.00 1.00 0.35 1.00 0.83 1.00 0.00 0.00 0.00 1.00 0.00 0.00 0.00 1.00 0.35 1.00 0.83 1.00 0.30 1.00 0.71 1.00 0.00 0.00 0.00 1.00 0.25 1.00 0.59 1.00 0.00 0.00 0.00 1.00 0.00 0.00 0.00 1.00 0.25 1.00 0.59 1.00 0.22 1.00 0.51 1.00 0.00 0.00 0.00 1.00 0.20 0.93 0.40 1.00 0.00 0.00 0.00 1.00 0.00 0.00 0.00 1.00 0.20 0.93 0.40 1.00 0.19 0.81 0.37 1.00 0.00 0.00 0.00 1.00 0.20 1.00 0.45 1.00 0.34 1.00 0.75 1.00 0.34 1.00 0.79 1.00 0.34 1.00 0.79 1.00 0.34 1.00 0.76 1.00 0.34 1.00 0.73 1.00 0.34 1.00 0.73 1.00 0.33 1.00 0.73 1.00 0.33 1.00 0.73 1.00 0.33 1.00 0.73 1.00 0.32 1.00 0.73 1.00 0.32 1.00 0.74 1.00 0.32 1.00 0.74 1.00 0.32 1.00 0.75 1.00 0.32 1.00 0.75 1.00 0.32 1.00 0.75 1.00 0.32 1.00 0.76 1.00 0.33 1.00 0.83 1.00 0.33 1.00 0.83 1.00 0.33 1.00 0.83 1.00 0.34 1.00 0.84 1.00 0.34 1.00 0.84 1.00 0.34 1.00 0.84 1.00 0.34 1.00 0.83 1.00 0.34 1.00 0.83 1.00 0.29 1.00 0.68 1.00 0.30 1.00 0.62 1.00 0.32 1.00 0.76 1.00 0.34 1.00 0.73 1.00 0.32 1.00 0.76 1.00 0.34 1.00 0.82 1.00 0.33 1.00 0.73 1.00 0.36 1.00 0.87 1.00 0.33 1.00 0.73 1.00 0.36 1.00 0.87 1.00 0.37 1.00 0.92 1.00 0.32 1.00 0.74 1.00 0.38 1.00 0.95 1.00 0.32 1.00 0.74 1.00 0.38 1.00 0.95 1.00 0.39 1.00 0.97 1.00 0.32 1.00 0.75 1.00 0.38 1.00 0.96 1.00 0.32 1.00 0.75 1.00 0.38 1.00 0.96 1.00 0.38 1.00 0.93 1.00 0.33 1.00 0.83 1.00 0.36 1.00 0.80 1.00 0.33 1.00 0.83 1.00 0.36 1.00 0.80 1.00 0.34 1.00 0.81 1.00 0.34 1.00 0.84 1.00 0.32 1.00 0.52 1.00 0.34 1.00 0.84 1.00 0.32 1.00 0.52 1.00 0.30 1.00 0.56 1.00 0.34 1.00 0.83 1.00 0.29 1.00 0.67 1.00 0.29 1.00 0.67 1.00 0.29 1.00 0.59 1.00 0.29 1.00 0.68 1.00 0.08 0.14 0.08 1.00 0.07 0.12 0.07 1.00 0.02 0.03 0.02 1.00 0.02 0.07 0.03 1.00 0.06 0.21 0.08 1.00 0.11 0.36 0.16 1.00 0.04 0.11 0.05 1.00 0.11 0.27 0.13 1.00 0.03 0.05 0.03 1.00 0.12 0.20 0.12 1.00 0.04 0.05 0.04 1.00 0.11 0.32 0.14 1.00 0.06 0.13 0.07 1.00 0.11 0.36 0.15 1.00 0.03 0.13 0.05 1.00 0.12 0.36 0.20 1.00 0.07 0.20 0.10 1.00 0.08 0.20 0.13 1.00 0.02 0.07 0.03 1.00 0.02 0.03 0.02 1.00 0.15 0.36 0.31 1.00 0.41 0.73 0.51 1.00 0.14 0.36 0.24 1.00 0.55 0.98 0.89 1.00 0.11 0.36 0.27 1.00 0.41 0.73 0.72 1.00 0.09 0.36 0.18 1.00 0.07 0.24 0.12 1.00 0.07 0.20 0.11 1.00 0.11 0.36 0.18 1.00 0.12 0.36 0.22 1.00 0.11 0.36 0.22 1.00 0.55 0.98 0.62 1.00 0.34 0.61 0.41 1.00 0.08 0.16 0.08 1.00 0.08 0.17 0.09 1.00 0.34 0.61 0.43 1.00 0.09 0.26 0.11 1.00 0.19 0.36 0.25 1.00 0.03 0.05 0.03 1.00 0.49 0.98 0.67 1.00 0.31 0.61 0.42 1.00 0.06 0.20 0.08 1.00 0.08 0.30 0.11 1.00 0.07 0.24 0.09 1.00 0.01 0.03 0.01 1.00 0.11 0.20 0.11 1.00 0.09 0.15 0.09 1.00 0.11 0.36 0.18 1.00 0.09 0.36 0.13 1.00 0.07 0.27 0.10 1.00 0.01 0.04 0.02 1.00 0.05 0.15 0.06 1.00 0.04 0.09 0.05 1.00 0.09 0.20 0.14 1.00 0.09 0.20 0.11 1.00 0.07 0.17 0.08 1.00 0.07 0.13 0.07 1.00 0.04 0.11 0.05 1.00 0.05 0.08 0.05 1.00 0.07 0.18 0.09 1.00 0.05 0.17 0.06 1.00 0.07 0.15 0.07 1.00 0.02 0.06 0.03 1.00 0.02 0.02 0.02 1.00 0.06 0.09 0.06 1.00 0.03 0.04 0.03 1.00 0.07 0.13 0.07 1.00 0.02 0.03 0.02 1.00 0.06 0.20 0.09 1.00 0.04 0.07 0.04 1.00 0.09 0.16 0.09 1.00 0.05 0.10 0.05 1.00 0.35 0.55 0.35 1.00 0.04 0.08 0.05 1.00 0.18 0.29 0.18 1.00 0.02 0.03 0.02 1.00 0.06 0.08 0.07 1.00 0.02 0.06 0.03 1.00 0.09 0.13 0.12 1.00 0.11 0.36 0.22 1.00 0.09 0.36 0.22 1.00 0.11 0.36 0.26 1.00 0.12 0.36 0.23 1.00 0.11 0.36 0.20 1.00 0.09 0.36 0.18 1.00 0.09 0.36 0.15 1.00 0.09 0.36 0.18 1.00 0.09 0.36 0.20 1.00 0.09 0.36 0.22 1.00 0.07 0.20 0.12 1.00 0.07 0.20 0.13 1.00 0.00 0.00 0.00 1.00 0.00 0.00 0.00 1.00 0.07 0.20 0.15 1.00 0.00 0.00 0.00 1.00 0.05 0.20 0.10 1.00 0.05 0.20 0.09 1.00 0.00 0.00 0.00 1.00 0.00 0.00 0.00 1.00 0.07 0.20 0.16 1.00 0.00 0.00 0.00 1.00 0.05 0.20 0.12 1.00 0.05 0.20 0.11 1.00 0.00 0.00 0.00 1.00 0.00 0.00 0.00 1.00 0.07 0.20 0.13 1.00 0.00 0.00 0.00 1.00 0.06 0.20 0.12 1.00 0.07 0.20 0.16 1.00 0.00 0.00 0.00 1.00 0.00 0.00 0.00 1.00 0.07 0.20 0.09 1.00 0.07 0.20 0.16 1.00 0.00 0.00 0.00 1.00 0.00 0.00 0.00 1.00 0.07 0.20 0.13 1.00 0.00 0.00 0.00 1.00 0.05 0.20 0.12 1.00 0.00 0.00 0.00 1.00 0.05 0.20 0.12 1.00 0.00 0.00 0.00 1.00 0.15 0.49 0.21 1.00 0.07 0.24 0.12 1.00 0.07 0.19 0.11 1.00 0.15 0.49 0.20 1.00 0.15 0.25 0.15 1.00 0.15 0.36 0.26 1.00 0.02 0.04 0.03 1.00 0.07 0.20 0.09 1.00 0.02 0.03 0.02 1.00 0.07 0.11 0.07 1.00 0.32 0.57 0.34 1.00 0.08 0.14 0.08 1.00 0.03 0.13 0.05 1.00 0.19 0.30 0.19 1.00 0.34 0.61 0.49 1.00 0.04 0.11 0.05 1.00 0.06 0.20 0.09 1.00 0.02 0.07 0.03 1.00 0.03 0.04 0.03 1.00 0.11 0.36 0.28 1.00 0.10 0.36 0.21 1.00 0.48 0.85 0.78 1.00 0.11 0.36 0.16 1.00 0.04 0.12 0.05 1.00 0.06 0.16 0.07 1.00 0.18 0.27 0.18 1.00 0.07 0.09 0.07 1.00 0.07 0.18 0.10 1.00 0.10 0.25 0.14 1.00 0.09 0.36 0.22 1.00 0.12 0.36 0.28 1.00 0.07 0.18 0.10 1.00 0.07 0.07 0.07 1.00 0.06 0.20 0.09 1.00 0.33 0.68 0.44 1.00 0.35 0.73 0.47 1.00 0.27 0.43 0.38 1.00 0.29 0.51 0.44 1.00 0.32 0.64 0.41 1.00 0.29 0.52 0.37 1.00 0.31 0.55 0.47 1.00 0.27 0.43 0.38 1.00 0.35 0.73 0.47 1.00 0.33 0.68 0.44 1.00 0.28 0.42 0.28 1.00 0.34 0.66 0.40 1.00 0.29 0.52 0.37 1.00 0.32 0.64 0.41 1.00 0.29 0.44 0.29 1.00 0.34 0.69 0.42 1.00 0.09 0.13 0.09 1.00 0.14 0.21 0.14 1.00 0.36 0.70 0.41 1.00 0.37 0.65 0.37 1.00 0.14 0.22 0.14 1.00 0.10 0.15 0.10 1.00 0.31 0.60 0.33 1.00 0.33 0.53 0.33 1.00 0.28 0.42 0.28 1.00 0.34 0.66 0.40 1.00 0.37 0.65 0.37 1.00 0.36 0.70 0.41 1.00 0.29 0.44 0.29 1.00 0.34 0.69 0.42 1.00 0.33 0.53 0.33 1.00 0.31 0.60 0.33 1.00 0.56 1.00 0.91 1.00 0.29 0.51 0.44 1.00 0.46 0.75 0.65 1.00 0.35 0.73 0.47 1.00 0.31 0.60 0.33 1.00 0.45 0.76 0.45 1.00 0.14 0.22 0.14 1.00 0.09 0.12 0.09 1.00 0.32 0.64 0.41 1.00 0.51 1.00 0.72 1.00 0.34 0.69 0.42 1.00 0.51 1.00 0.65 1.00 0.51 1.00 0.72 1.00 0.51 1.00 0.65 1.00 0.51 1.00 0.64 1.00 0.51 1.00 0.64 1.00 0.28 0.42 0.28 1.00 0.49 0.96 0.54 1.00 0.37 0.65 0.37 1.00 0.31 0.55 0.47 1.00 0.55 1.00 0.87 1.00 0.55 1.00 0.87 1.00 0.49 0.96 0.54 1.00 0.37 0.65 0.37 1.00 0.09 0.33 0.13 1.00 0.14 0.21 0.14 1.00 0.45 0.76 0.45 1.00 0.09 0.12 0.09 1.00 0.51 1.00 0.65 1.00 0.45 0.76 0.45 1.00 0.28 0.42 0.28 1.00 0.34 0.69 0.42 1.00 0.51 1.00 0.65 1.00 0.31 0.60 0.33 1.00 0.45 0.76 0.45 1.00 0.08 0.13 0.08 1.00 0.11 0.20 0.11 1.00 0.33 0.74 0.37 1.00 0.38 0.64 0.38 1.00 0.14 0.22 0.14 1.00 0.36 0.60 0.36 1.00 0.13 0.23 0.13 1.00 0.31 0.47 0.31 1.00 0.31 0.47 0.31 1.00 0.36 0.60 0.36 1.00 0.37 0.64 0.37 1.00 0.29 0.42 0.29 1.00 0.32 1.00 0.42 1.00 0.08 0.13 0.08 1.00 0.11 0.19 0.11 1.00 0.22 0.29 0.26 1.00 0.00 0.00 0.00 1.00 0.31 0.55 0.35 1.00 0.38 0.83 0.48 1.00 0.35 0.58 0.35 1.00 0.29 1.00 0.43 1.00 0.11 0.17 0.11 1.00 0.11 0.11 0.08 1.00 0.05 0.05 0.04 1.00 0.11 0.11 0.08 1.00 0.11 0.20 0.10 1.00 0.11 0.11 0.08 1.00 0.11 0.11 0.08 1.00 0.29 0.43 0.29 1.00 0.22 0.31 0.28 1.00 0.19 0.20 0.20 1.00 0.19 0.19 0.19 1.00 0.21 0.25 0.24 1.00 0.45 1.00 0.59 1.00 0.10 0.51 0.17 1.00 0.00 0.00 0.00 1.00 0.29 0.82 0.36 1.00 0.11 0.16 0.09 1.00 0.13 0.21 0.13 1.00 0.31 0.47 0.31 1.00 0.08 0.13 0.08 1.00 0.35 0.58 0.35 1.00 0.23 0.31 0.28 1.00 0.08 0.08 0.08 1.00 0.15 0.23 0.15 1.00 0.00 0.01 0.00 1.00 0.00 0.00 0.00 1.00 0.04 0.07 0.04 1.00 0.13 0.23 0.13 1.00 0.05 0.05 0.04 1.00 0.19 0.19 0.19 1.00 0.19 0.19 0.19 1.00 0.19 0.19 0.19 1.00 0.19 0.19 0.19 1.00 0.08 0.08 0.08 1.00 0.19 0.19 0.19 1.00 0.21 0.50 0.25 1.00 0.21 0.50 0.25 1.00 0.21 0.50 0.25 1.00 0.21 0.50 0.25 1.00 0.14 0.44 0.26 1.00 0.19 1.00 0.47 1.00 0.14 0.49 0.28 1.00 0.19 1.00 0.49 1.00 0.17 0.55 0.29 1.00 0.14 0.77 0.36 1.00 0.19 0.40 0.25 1.00 0.19 0.67 0.33 1.00 0.25 0.87 0.36 1.00 0.19 0.35 0.24 1.00 0.24 1.00 0.49 1.00 0.19 0.77 0.36 1.00 0.14 0.49 0.28 1.00 0.14 0.87 0.39 1.00 0.19 0.54 0.29 1.00 0.19 0.64 0.32 1.00 0.19 0.75 0.35 1.00 0.19 0.87 0.39 1.00 0.19 0.64 0.32 1.00 0.19 0.80 0.37 1.00 0.19 0.44 0.27 1.00 0.20 0.89 0.37 1.00 0.20 1.00 0.47 1.00 0.14 0.97 0.42 1.00 0.14 0.59 0.31 1.00 0.17 1.00 0.43 1.00 0.19 0.33 0.23 1.00 0.19 0.43 0.26 1.00 0.14 0.68 0.33 1.00 0.14 0.82 0.38 1.00 0.14 0.67 0.33 1.00 0.14 0.97 0.42 1.00 0.19 0.82 0.37 1.00 0.25 0.85 0.36 1.00 0.19 0.67 0.33 1.00 0.24 0.31 0.24 1.00 0.19 0.38 0.25 1.00 0.19 0.20 0.19 1.00 0.19 0.59 0.31 1.00 0.19 0.39 0.25 1.00 0.19 0.56 0.30 1.00 0.19 0.51 0.28 1.00 0.19 0.47 0.27 1.00 0.19 0.54 0.29 1.00 0.19 0.39 0.25 1.00 0.19 0.23 0.20 1.00 0.19 0.33 0.23 1.00 0.19 0.36 0.24 1.00 0.25 0.41 0.27 1.00 0.28 1.00 0.42 1.00 0.19 0.75 0.35 1.00 0.19 0.67 0.33 1.00 0.19 1.00 0.45 1.00 0.28 0.47 0.29 1.00 0.24 1.00 0.47 1.00 0.30 1.00 0.50 1.00 0.27 0.47 0.29 1.00 0.29 1.00 0.49 1.00 0.14 0.60 0.31 1.00 0.14 0.86 0.39 1.00 0.27 1.00 0.53 1.00 0.14 0.95 0.42 1.00 0.30 1.00 0.54 1.00 0.14 1.00 0.44 1.00 0.19 0.67 0.33 1.00 0.19 0.56 0.30 1.00 0.19 0.51 0.28 1.00 0.19 0.44 0.26 1.00 0.26 0.58 0.31 1.00 0.19 0.75 0.36 1.00 0.27 0.69 0.33 1.00 0.19 0.62 0.32 1.00 0.19 1.00 0.47 1.00 0.25 1.00 0.58 1.00 0.28 0.41 0.28 1.00 0.31 1.00 0.59 1.00 0.14 0.95 0.42 1.00 0.14 0.60 0.31 1.00 0.14 0.88 0.39 1.00 0.14 1.00 0.44 1.00 0.19 0.67 0.33 1.00 0.19 0.47 0.27 1.00 0.19 0.67 0.33 1.00 0.19 0.63 0.32 1.00 0.19 0.75 0.36 1.00 0.19 0.75 0.35 1.00 0.19 0.80 0.37 1.00 0.19 0.59 0.31 1.00 0.19 1.00 0.45 1.00 0.19 1.00 0.47 1.00 0.19 1.00 0.47 1.00 0.27 1.00 0.65 1.00 0.28 0.41 0.28 1.00 0.19 1.00 0.47 1.00 0.30 1.00 0.55 1.00 0.24 1.00 0.48 1.00 0.14 0.95 0.42 1.00 0.14 0.66 0.33 1.00 0.27 1.00 0.53 1.00 0.29 1.00 0.56 1.00 0.14 0.60 0.31 1.00 0.27 0.47 0.29 1.00 0.14 0.74 0.35 1.00 0.29 1.00 0.56 1.00 0.19 0.19 0.19 1.00 0.19 0.40 0.25 1.00 0.19 0.67 0.33 1.00 0.19 0.63 0.32 1.00 0.19 1.00 0.47 1.00 0.19 1.00 0.45 1.00 0.27 1.00 0.69 1.00 0.19 1.00 0.46 1.00 0.14 0.60 0.31 1.00 0.14 0.90 0.40 1.00 0.14 0.95 0.42 1.00 0.14 1.00 0.45 1.00 0.19 0.75 0.35 1.00 0.25 0.41 0.27 1.00 0.19 0.62 0.31 1.00 0.26 0.81 0.35 1.00 0.28 0.47 0.29 1.00 0.30 1.00 0.53 1.00 0.19 1.00 0.45 1.00 0.25 1.00 0.53 1.00 0.19 0.46 0.27 1.00 0.19 0.19 0.19 1.00 0.19 0.43 0.26 1.00 0.19 0.30 0.22 1.00 0.19 0.75 0.36 1.00 0.19 0.70 0.34 1.00 0.26 0.58 0.31 1.00 0.28 0.76 0.35 1.00 0.19 0.19 0.19 1.00 0.19 0.39 0.25 1.00 0.19 0.23 0.20 1.00 0.19 0.49 0.27 1.00 0.19 0.75 0.35 1.00 0.19 0.51 0.28 1.00 0.19 0.75 0.36 1.00 0.19 0.62 0.31 1.00 0.19 0.32 0.23 1.00 0.19 0.44 0.26 1.00 0.23 0.55 0.29 1.00 0.19 0.70 0.34 1.00 0.21 1.00 0.65 1.00 0.21 0.69 0.33 1.00 0.21 0.78 0.35 1.00 0.21 1.00 0.58 1.00 0.19 1.00 0.45 1.00 0.14 0.73 0.35 1.00 0.19 0.70 0.34 1.00 0.19 0.26 0.21 1.00 0.27 0.66 0.33 1.00 0.19 0.89 0.40 1.00 0.27 1.00 0.61 1.00 0.26 1.00 0.43 1.00 0.14 0.93 0.41 1.00 0.14 0.65 0.33 1.00 0.19 0.66 0.33 1.00 0.19 0.46 0.27 1.00 0.19 0.63 0.32 1.00 0.19 0.71 0.34 1.00 0.19 0.70 0.34 1.00 0.19 0.91 0.40 1.00 0.21 0.69 0.34 1.00 0.21 1.00 0.68 1.00 0.21 1.00 0.67 1.00 0.21 0.97 0.39 1.00 0.14 0.97 0.42 1.00 0.19 0.63 0.31 1.00 0.19 0.45 0.27 1.00 0.19 0.46 0.27 1.00 0.14 0.87 0.39 1.00 0.14 1.00 0.49 1.00 0.14 1.00 0.47 1.00 0.14 0.97 0.42 1.00 0.19 0.60 0.31 1.00 0.27 0.75 0.35 1.00 0.26 0.49 0.29 1.00 0.27 1.00 0.66 1.00 0.19 0.21 0.19 1.00 0.19 0.53 0.29 1.00 0.19 0.48 0.27 1.00 0.24 0.42 0.26 1.00 0.19 0.19 0.19 1.00 0.19 0.26 0.21 1.00 0.19 0.19 0.19 1.00 0.19 0.19 0.19 1.00 0.19 0.19 0.19 1.00 0.19 0.19 0.19 1.00 0.19 0.19 0.19 1.00 0.19 0.19 0.19 1.00 0.24 0.82 0.47 1.00 0.24 0.69 0.43 1.00 0.19 0.19 0.19 1.00 0.19 0.19 0.19 1.00 0.24 0.85 0.36 1.00 0.13 0.13 0.13 1.00 0.27 0.45 0.29 1.00 0.25 1.00 0.46 1.00 0.24 0.31 0.24 1.00 0.25 1.00 0.47 1.00 0.19 0.19 0.19 1.00 0.28 1.00 0.43 1.00 0.28 0.85 0.36 1.00 0.13 0.13 0.13 1.00 0.13 0.13 0.13 1.00 0.43 0.78 0.43 1.00 0.36 0.60 0.36 1.00 0.35 0.58 0.35 1.00 0.31 0.49 0.31 1.00 0.44 0.79 0.44 1.00 0.35 0.59 0.35 1.00 0.39 0.68 0.39 1.00 0.33 0.54 0.33 1.00 0.35 0.58 0.35 1.00 0.38 0.65 0.38 1.00 0.50 0.94 0.50 1.00 0.27 0.40 0.27 1.00 0.19 0.19 0.19 1.00 0.28 0.41 0.28 1.00 0.19 0.19 0.19 1.00 0.09 0.13 0.12 1.00 0.09 0.13 0.12 1.00 0.25 0.40 0.35 1.00 0.25 0.39 0.35 1.00 0.38 0.87 0.52 1.00 0.27 0.39 0.27 1.00 0.37 0.63 0.37 1.00 0.49 0.91 0.49 1.00 0.28 0.94 0.39 1.00 0.26 0.70 0.33 1.00 0.21 0.26 0.24 1.00 0.27 0.45 0.40 1.00 0.26 0.43 0.37 1.00 0.25 0.38 0.34 1.00 0.19 0.19 0.19 1.00 0.08 0.08 0.08 1.00 0.22 0.29 0.26 1.00 0.09 0.11 0.11 1.00 0.22 0.29 0.26 1.00 0.19 0.19 0.19 1.00 0.22 0.31 0.28 1.00 0.19 0.19 0.19 1.00 0.09 0.13 0.12 1.00 0.09 0.13 0.12 1.00 0.13 0.13 0.13 1.00 0.13 0.13 0.13 1.00 0.31 0.49 0.31 1.00 0.13 0.13 0.13 1.00 0.13 0.13 0.13 1.00 0.34 0.55 0.34 1.00 0.28 0.42 0.28 1.00 0.45 0.81 0.45 1.00 0.39 0.68 0.39 1.00 0.44 0.80 0.44 1.00 0.19 0.19 0.19 1.00 0.09 0.13 0.12 1.00 0.08 0.08 0.08 1.00 0.28 0.40 0.28 1.00 0.19 0.19 0.19 1.00 0.09 0.13 0.12 1.00 0.09 0.13 0.12 1.00 0.09 0.13 0.12 1.00 0.19 0.19 0.19 1.00 0.13 0.13 0.13 1.00 0.13 0.13 0.13 1.00 0.13 0.13 0.13 1.00 0.09 0.13 0.12 1.00 0.25 0.35 0.25 1.00 0.19 0.19 0.19 1.00 0.26 1.00 0.41 1.00 0.26 0.91 0.37 1.00 0.13 0.13 0.13 1.00 0.08 0.08 0.08 1.00 0.25 0.35 0.25 1.00 0.26 1.00 0.46 1.00 0.13 0.13 0.13 1.00 0.19 0.19 0.19 1.00 0.19 0.19 0.19 1.00 0.22 0.30 0.27 1.00 0.19 0.19 0.19 1.00 0.09 0.11 0.11 1.00 0.23 0.31 0.28 1.00 0.22 0.29 0.27 1.00 0.19 0.19 0.19 1.00 0.08 0.08 0.08 1.00 0.20 0.22 0.22 1.00 0.20 0.21 0.21 1.00 0.08 0.08 0.08 1.00 0.22 0.28 0.26 1.00 0.22 0.28 0.26 1.00 0.22 0.29 0.27 1.00 0.22 0.30 0.27 1.00 0.29 1.00 0.68 1.00 0.30 1.00 0.62 1.00 0.24 1.00 0.55 1.00 0.25 1.00 0.55 1.00 0.28 1.00 0.65 1.00 0.21 1.00 0.76 1.00 0.32 1.00 0.76 1.00 0.35 1.00 0.85 1.00 0.38 1.00 0.93 1.00 0.40 1.00 0.97 1.00 0.41 1.00 0.98 1.00 0.40 1.00 0.96 1.00 0.38 1.00 0.91 1.00 0.35 1.00 0.82 1.00 0.32 1.00 0.75 1.00 0.28 1.00 0.69 1.00 0.25 1.00 0.60 1.00 0.24 1.00 0.55 1.00 0.23 1.00 0.54 1.00 0.29 1.00 0.59 1.00 0.32 1.00 0.76 1.00 0.34 1.00 0.82 1.00 0.36 1.00 0.87 1.00 0.37 1.00 0.92 1.00 0.38 1.00 0.95 1.00 0.39 1.00 0.97 1.00 0.38 1.00 0.96 1.00 0.38 1.00 0.93 1.00 0.36 1.00 0.80 1.00 0.34 1.00 0.81 1.00 0.32 1.00 0.52 1.00 0.30 1.00 0.56 1.00 0.29 1.00 0.67 1.00 0.20 0.22 0.22 1.00 0.22 0.28 0.26 1.00 0.20 0.23 0.22 1.00 0.19 0.19 0.19 1.00 0.22 0.28 0.26 1.00 0.19 0.19 0.19 1.00 0.22 0.29 0.27 1.00 0.19 0.19 0.19 1.00 0.22 0.30 0.27 1.00 0.20 0.21 0.21 1.00 0.19 0.19 0.19 1.00 0.20 0.21 0.21 1.00 0.20 0.23 0.22 1.00 0.19 0.19 0.19 1.00 0.19 0.19 0.19 1.00 0.19 0.19 0.19 1.00 0.19 0.19 0.19 1.00 0.23 0.33 0.29 1.00 0.22 0.31 0.28 1.00 0.19 0.19 0.19 1.00 0.19 0.19 0.19 1.00 0.22 0.30 0.27 1.00 0.19 0.19 0.19 1.00 0.19 0.19 0.19 1.00 0.19 0.19 0.19 1.00 0.32 1.00 0.44 1.00 0.31 1.00 0.48 1.00 0.09 0.27 0.12 1.00 0.31 1.00 0.48 1.00 0.09 0.29 0.12 1.00 0.31 1.00 0.48 1.00 0.28 1.00 0.46 1.00 0.09 0.26 0.11 1.00 0.09 0.29 0.12 1.00 0.36 1.00 0.63 1.00 0.06 0.13 0.08 1.00 0.23 0.73 0.33 1.00 0.24 1.00 0.40 1.00 0.23 0.73 0.33 1.00 0.19 0.56 0.30 1.00 0.06 0.12 0.08 1.00 0.06 0.11 0.07 1.00 0.24 1.00 0.40 1.00 0.24 0.89 0.37 1.00 0.06 0.11 0.08 1.00 0.06 0.11 0.08 1.00 0.24 0.89 0.37 1.00 0.08 0.20 0.10 1.00 0.27 1.00 0.41 1.00 0.28 1.00 0.48 1.00 0.35 1.00 0.58 1.00 0.28 0.89 0.38 1.00 0.10 0.30 0.13 1.00 0.10 0.30 0.13 1.00 0.35 1.00 0.58 1.00 0.38 1.00 0.64 1.00 0.11 0.38 0.15 1.00 0.31 1.00 0.48 1.00 0.09 0.31 0.13 1.00 0.36 1.00 0.63 1.00 0.09 0.31 0.13 1.00 0.09 0.31 0.13 1.00 0.36 1.00 0.62 1.00 0.28 1.00 0.48 1.00 0.24 0.98 0.39 1.00 0.24 0.98 0.39 1.00 0.19 0.58 0.31 1.00 0.24 0.95 0.38 1.00 0.24 0.95 0.38 1.00 0.28 1.00 0.47 1.00 0.35 1.00 0.61 1.00 0.35 1.00 0.61 1.00 0.38 1.00 0.66 1.00 0.36 1.00 0.62 1.00 0.38 1.00 0.66 1.00 0.34 1.00 0.52 1.00 0.36 1.00 0.56 1.00 0.33 1.00 1.00 1.00 0.29 1.00 0.41 1.00 0.34 1.00 0.52 1.00 0.20 0.42 0.25 1.00 0.28 1.00 0.41 1.00 0.21 0.57 0.29 1.00 0.20 0.42 0.25 1.00 0.19 0.31 0.22 1.00 0.21 0.57 0.29 1.00 0.19 0.41 0.25 1.00 0.20 0.36 0.24 1.00 0.21 0.54 0.29 1.00 0.20 0.36 0.24 1.00 0.28 0.88 0.38 1.00 0.21 0.54 0.29 1.00 0.28 0.97 0.40 1.00 0.33 1.00 0.49 1.00 0.38 1.00 0.58 1.00 0.33 1.00 0.49 1.00 0.33 1.00 0.50 1.00 0.34 1.00 0.52 1.00 0.27 0.82 0.36 1.00 0.27 1.00 0.41 1.00 0.28 0.89 0.38 1.00 0.08 0.20 0.10 1.00 0.23 0.73 0.33 1.00 0.19 0.41 0.25 1.00 0.06 0.13 0.08 1.00 0.06 0.12 0.08 1.00 0.28 1.00 0.48 1.00 0.36 1.00 0.62 1.00 0.34 1.00 0.52 1.00 0.36 1.00 0.62 1.00 0.24 0.98 0.39 1.00 0.24 0.98 0.39 1.00 0.19 0.58 0.31 1.00 0.24 0.95 0.38 1.00 0.28 1.00 0.47 1.00 0.24 0.95 0.38 1.00 0.35 1.00 0.61 1.00 0.33 1.00 0.50 1.00 0.35 1.00 0.61 1.00 0.10 0.14 0.10 1.00 0.37 1.00 0.45 1.00 0.35 0.56 0.35 1.00 0.09 0.14 0.09 1.00 0.08 0.13 0.11 1.00 0.08 0.12 0.11 1.00 0.09 0.15 0.13 1.00 0.22 0.28 0.26 1.00 0.11 0.25 0.16 1.00 0.22 0.28 0.26 1.00 0.34 0.70 0.45 1.00 0.08 0.11 0.10 1.00 0.10 0.16 0.11 1.00 0.22 0.30 0.27 1.00 0.40 0.56 0.50 1.00 0.08 0.06 0.15 1.00 0.08 0.06 0.15 1.00 0.62 1.00 1.00 1.00 0.58 1.00 0.94 1.00 0.25 0.39 0.34 1.00 0.25 0.38 0.34 1.00 0.25 0.40 0.35 1.00 0.22 0.31 0.28 1.00 0.08 0.06 0.15 1.00 0.22 0.29 0.26 1.00 0.26 0.40 0.35 1.00 0.25 0.39 0.34 1.00 0.25 0.38 0.34 1.00 0.22 0.29 0.26 1.00 </float_array>
                    <technique_common>
                        <accessor source="#geom-03703D54-colors-array" count="1206" stride="4">
                            <param name="R" type="float" />
                            <param name="G" type="float" />
                            <param name="B" type="float" />
                            <param name="A" type="float" />
                        </accessor>
                    </technique_common>
                </source>
                <vertices id="geom-03703D54-vtx">
                    <input semantic="POSITION" source="#geom-03703D54-pos" />
                </vertices>
                <triangles count="255" material="material-0088C79F-symbol">
                    <input semantic="VERTEX" source="#geom-03703D54-vtx" offset="0" />
                    <input semantic="TEXCOORD" source="#geom-03703D54-texcoord" offset="0" />
                    <input semantic="COLOR" source="#geom-03703D54-colors" offset="0" />
                    <p>0 1 2 2 1 3 1 104 3 3 104 105 4 5 6 6 21 4 23 21 6 22 21 23 20 21 22 97 20 22 96 20 97 6 5 7 7 5 100 100 5 101 8 9 10 8 10 46 46 10 47 10 9 11 12 13 14 13 12 50 50 12 51 14 13 15 16 17 18 18 17 19 17 54 19 19 54 55 24 25 26 25 24 102 102 24 103 26 25 27 28 29 30 29 28 98 98 28 99 30 29 31 31 32 30 30 32 33 32 59 33 33 59 58 58 59 60 60 59 61 34 35 36 34 48 35 35 48 49 36 35 37 38 39 40 39 38 56 56 38 57 40 39 41 42 43 44 44 43 45 43 52 45 45 52 53 62 63 64 62 64 88 62 88 89 89 88 91 90 89 91 65 66 63 63 66 64 67 68 69 68 67 74 67 73 74 72 74 73 71 72 73 71 87 72 86 87 71 68 70 69 70 65 69 75 76 77 77 76 78 76 84 78 78 84 85 85 84 79 79 81 85 79 80 81 81 80 82 80 83 82 92 93 94 94 93 95 95 107 94 106 107 95 113 107 106 112 107 113 108 109 110 110 109 111 </p>
                </triangles>
            </mesh>
        </geometry>
        <geometry id="geom-02F227FB" name="geom-02F227FB">
            <mesh>
                <source id="geom-02F227FB-pos">
                    <float_array id="geom-02F227FB-pos-array" count="3276">1942.09 330.00 2793.48 1942.09 390.00 2793.48 1958.98 330.00 2783.72 1958.98 390.00 2783.72 2159.02 450.00 2668.23 2175.91 450.00 2658.48 2159.02 390.00 2668.23 2175.91 390.00 2658.48 1937.92 350.00 2276.26 1937.92 330.00 2276.26 1982.92 350.00 2354.20 1982.92 330.00 2354.20 2064.88 350.00 2376.17 2064.88 330.00 2376.17 2146.85 350.00 2398.13 2146.85 330.00 2398.13 2206.85 350.00 2502.05 2206.85 330.00 2502.05 2266.85 330.00 2605.98 2221.38 390.00 2632.22 2266.85 350.00 2605.98 2221.38 410.00 2632.22 2175.91 470.00 2658.48 2175.91 450.00 2658.48 2117.46 470.00 2692.22 2117.46 450.00 2692.22 1942.09 470.00 2793.48 1942.09 450.00 2793.48 1896.62 410.00 2819.72 1896.62 390.00 2819.72 1791.16 350.00 2742.05 1791.15 330.00 2742.05 1731.16 350.00 2638.13 1731.16 330.00 2638.13 1753.12 350.00 2556.17 1753.12 330.00 2556.17 1775.08 350.00 2474.20 1775.08 330.00 2474.20 1730.08 350.00 2396.26 1730.08 330.00 2396.26 1685.08 350.00 2318.32 1685.08 330.00 2318.32 1958.98 250.00 2783.72 1942.09 250.00 2793.48 2175.91 250.00 2658.48 2159.02 250.00 2668.23 2175.91 330.00 2658.48 2159.02 330.00 2668.23 1789.00 350.00 2258.32 1789.00 330.00 2258.32 1847.46 350.00 2224.57 1847.46 330.00 2224.57 2266.85 350.00 2605.98 2266.85 330.00 2605.98 1851.16 350.00 2845.98 1851.15 330.00 2845.98 1892.92 350.00 2198.32 1892.92 330.00 2198.32 2175.91 140.00 2658.48 2159.02 140.00 2668.23 2175.91 170.00 2658.48 2159.02 203.16 2668.23 2175.91 203.16 2658.48 1942.09 203.16 2793.48 1958.98 203.16 2783.72 1942.09 170.00 2793.48 1958.98 140.00 2783.72 1942.09 140.00 2793.48 1958.98 203.16 2783.72 1942.09 203.16 2793.48 2059.00 470.00 2725.98 2059.00 450.00 2725.98 2000.54 470.00 2759.72 2000.54 450.00 2759.72 1892.92 350.00 2198.32 1892.92 330.00 2198.32 1942.09 470.00 2793.48 1942.09 450.00 2793.48 2175.91 203.16 2658.48 2159.02 203.16 2668.23 1958.98 450.00 2783.72 1942.09 450.00 2793.48 1851.16 350.00 2845.98 1851.15 330.00 2845.98 2175.91 450.00 2658.48 2175.91 470.00 2658.48 1685.08 350.00 2318.32 1685.08 330.00 2318.32 1711.20 350.00 2303.24 1725.58 330.00 2294.94 1778.39 330.00 2264.45 1829.98 340.46 2374.38 1806.56 367.00 2356.36 1859.80 350.00 2392.96 1789.34 340.46 2414.00 1768.79 360.94 2373.70 1756.92 338.91 2380.76 1756.92 338.91 2380.76 1768.79 360.94 2373.70 1723.12 350.25 2300.85 1734.78 374.18 2288.58 1774.01 369.88 2282.02 1775.08 350.25 2270.85 1766.21 409.16 2198.89 1773.51 397.22 2184.72 1723.12 350.25 2300.85 1734.78 374.18 2288.58 1721.54 397.22 2214.72 1736.99 412.62 2215.07 1775.08 350.25 2270.85 1774.01 369.88 2282.02 1808.88 338.91 2350.76 1806.56 367.00 2356.36 1801.09 316.38 2355.26 1765.63 329.02 2272.47 1808.88 338.91 2350.76 1775.08 350.25 2270.85 1746.73 320.25 2281.74 1742.78 368.76 2191.50 1765.63 329.02 2272.47 1762.39 377.30 2183.46 1729.26 329.02 2293.47 1726.02 377.30 2204.46 1723.12 350.25 2300.85 1721.54 397.22 2214.72 1775.08 350.25 2270.85 1773.51 397.22 2184.72 1782.90 307.38 2365.76 1746.73 320.25 2281.74 1764.72 316.38 2376.26 1729.26 329.02 2293.47 1723.12 350.25 2300.85 1756.92 338.91 2380.76 1808.88 338.91 2350.76 1830.50 350.00 2442.20 2013.76 465.42 2530.39 2024.24 470.00 2579.77 2011.29 450.46 2543.94 2025.13 456.03 2594.45 1998.31 439.98 2498.86 1981.86 427.38 2508.37 1997.38 439.17 2554.86 1966.99 439.94 2516.95 1981.69 449.94 2555.84 1960.01 446.36 2523.77 1974.86 465.42 2554.00 1958.32 455.45 2520.38 1976.02 413.46 2467.89 1977.94 435.50 2456.38 1998.31 439.98 2498.86 2001.81 454.45 2489.25 1870.30 326.00 2411.14 1882.46 350.00 2412.20 1947.60 380.00 2445.03 1930.78 386.00 2425.88 1962.81 406.08 2478.74 1947.60 380.00 2445.03 1936.80 380.58 2461.56 1936.80 380.58 2461.56 1862.95 325.00 2430.40 1918.48 388.26 2465.29 1945.58 412.58 2484.68 1918.48 388.26 2465.29 1847.18 332.44 2438.90 1929.73 430.00 2477.87 1908.36 407.00 2463.07 1908.36 407.00 2463.07 1833.10 340.41 2445.06 1830.50 350.00 2442.20 1870.30 326.00 2411.14 1831.33 314.91 2385.72 1859.80 350.00 2392.96 1829.98 340.46 2374.38 1818.56 309.91 2400.60 1801.09 316.38 2355.26 1782.90 307.38 2365.76 1800.12 318.41 2410.67 1764.72 316.38 2376.26 1789.34 340.46 2414.00 1756.92 338.91 2380.76 1877.95 411.18 2519.30 1914.75 434.52 2529.16 1872.69 419.87 2515.53 1910.26 445.21 2525.25 1919.80 427.10 2522.88 1960.01 446.36 2523.77 1966.99 439.94 2516.95 1883.82 414.38 2497.07 1914.47 436.51 2504.18 1890.36 408.30 2502.75 1918.94 427.66 2510.73 1942.98 453.00 2497.36 1949.09 438.38 2500.31 1861.57 387.88 2505.39 1854.14 394.15 2499.64 1849.05 368.10 2486.77 1840.91 375.34 2480.68 1833.10 340.41 2445.06 1830.50 350.00 2442.20 1867.38 369.95 2472.35 1847.18 332.44 2438.90 1854.06 350.58 2444.12 1877.37 388.07 2492.23 1872.45 396.15 2487.34 1808.88 338.91 2350.76 1862.95 325.00 2430.40 1847.18 332.44 2438.90 1833.10 340.41 2445.06 1830.50 350.00 2442.20 1949.17 401.00 2433.74 1981.86 427.38 2508.37 1966.99 439.94 2516.95 1949.09 438.38 2500.31 1942.98 453.00 2497.36 2010.17 443.97 2607.40 2019.24 447.78 2602.97 2001.81 454.45 2489.25 1998.45 447.23 2605.87 1991.66 453.55 2600.91 1983.33 470.00 2584.91 1887.05 405.68 2512.66 1872.44 383.45 2501.34 1861.60 365.41 2482.63 1958.32 455.45 2520.38 1856.96 369.00 2450.02 1863.30 377.95 2466.30 2049.80 105.60 2675.50 2057.59 105.60 2659.71 2049.76 140.00 2675.47 2057.54 140.00 2659.70 2058.74 105.60 2642.14 2058.69 140.00 2642.15 2058.74 105.60 2642.14 2053.08 105.60 2625.47 2058.69 140.00 2642.15 2053.04 140.00 2625.49 2041.47 105.60 2612.23 2041.44 140.00 2612.27 2041.47 105.60 2612.23 2025.68 105.60 2604.44 2041.44 140.00 2612.27 2025.67 140.00 2604.49 2008.11 105.60 2603.29 2008.12 140.00 2603.34 2008.11 105.60 2603.29 1991.44 105.60 2608.95 2008.12 140.00 2603.34 1991.46 140.00 2608.99 1978.20 105.60 2620.56 1978.24 140.00 2620.59 1978.20 105.60 2620.56 1970.41 105.60 2636.35 1978.24 140.00 2620.59 1970.46 140.00 2636.36 1969.26 105.60 2653.92 1969.31 140.00 2653.92 1969.26 105.60 2653.92 1974.92 105.60 2670.60 1969.31 140.00 2653.92 1974.96 140.00 2670.57 1986.53 105.60 2683.83 1986.56 140.00 2683.80 1986.53 105.60 2683.83 2002.32 105.60 2691.62 1986.56 140.00 2683.80 2002.33 140.00 2691.58 2019.89 105.60 2692.77 2019.88 140.00 2692.72 2019.89 105.60 2692.77 2036.52 105.60 2687.04 2019.88 140.00 2692.72 2036.54 140.00 2687.07 2049.80 105.60 2675.50 2049.76 140.00 2675.47 2031.08 140.00 2677.62 2041.10 140.00 2668.83 2041.10 140.00 2668.83 2047.00 140.00 2656.88 2047.87 140.00 2643.57 2047.87 140.00 2643.57 2043.59 140.00 2630.95 2034.80 140.00 2620.93 2034.80 140.00 2620.93 2022.84 140.00 2615.03 2009.54 140.00 2614.16 2009.54 140.00 2614.16 1996.92 140.00 2618.44 1986.90 140.00 2627.23 1986.90 140.00 2627.23 1981.00 140.00 2639.19 1980.13 140.00 2652.49 1980.13 140.00 2652.49 1984.41 140.00 2665.12 1993.20 140.00 2675.14 1993.20 140.00 2675.14 2005.16 140.00 2681.03 2018.46 140.00 2681.90 2018.46 140.00 2681.90 2038.83 136.67 2667.08 2044.23 136.67 2656.13 2045.03 136.67 2643.95 2047.87 140.00 2643.57 2045.03 136.67 2643.95 2041.10 136.67 2632.38 2034.80 140.00 2620.93 2033.05 136.67 2623.20 2034.80 140.00 2620.93 2033.05 136.67 2623.20 2022.10 136.67 2617.80 2009.54 140.00 2614.16 2009.92 136.67 2617.00 2009.54 140.00 2614.16 2009.92 136.67 2617.00 1998.35 136.67 2620.93 1986.90 140.00 2627.23 1989.17 136.67 2628.98 1986.90 140.00 2627.23 1989.17 136.67 2628.98 1983.77 136.67 2639.93 1980.13 140.00 2652.49 1982.97 136.67 2652.12 1980.13 140.00 2652.49 1982.97 136.67 2652.12 1986.90 136.67 2663.68 1993.20 140.00 2675.14 1994.95 136.67 2672.86 1993.20 140.00 2675.14 1994.95 136.67 2672.86 2005.90 136.67 2678.26 2018.46 140.00 2681.90 2018.08 136.67 2679.06 2018.08 136.67 2679.06 2029.65 136.67 2675.14 2038.83 136.67 2667.08 2085.91 140.00 2502.59 2085.91 110.00 2502.59 2046.94 130.00 2525.09 2046.94 110.00 2525.09 2024.44 110.00 2486.12 2035.94 120.00 2506.04 2046.94 110.00 2525.09 2024.44 120.00 2486.12 2046.94 130.00 2525.09 2035.94 130.00 2506.04 1891.06 110.00 2615.09 1880.06 120.00 2596.04 1868.56 110.00 2576.12 1868.56 120.00 2576.12 1891.06 130.00 2615.09 1880.06 130.00 2596.04 1852.09 110.00 2637.59 1852.09 140.00 2637.59 1891.06 130.00 2615.09 1891.06 110.00 2615.09 1928.32 140.00 2636.06 1925.70 140.00 2595.09 1852.09 140.00 2637.59 1969.00 140.00 2570.09 2007.57 140.00 2599.21 2012.30 140.00 2545.09 2099.68 140.00 2660.01 2108.04 140.00 2733.92 2159.02 140.00 2668.23 2093.78 140.00 2601.97 2043.98 140.00 2608.96 2056.65 140.00 2623.41 1958.00 130.00 2551.04 1914.70 130.00 2576.04 1969.00 130.00 2570.09 1925.70 130.00 2595.09 2001.30 130.00 2526.04 2012.30 130.00 2545.09 2035.94 130.00 2506.04 2046.94 130.00 2525.09 1946.50 120.00 2531.12 1903.20 120.00 2556.12 1958.00 120.00 2551.04 1914.70 120.00 2576.04 2130.91 140.00 2580.53 2130.91 110.00 2580.53 2085.91 140.00 2502.59 2085.91 110.00 2502.59 1852.09 140.00 2637.59 1852.09 110.00 2637.59 1897.09 140.00 2715.53 1897.09 110.00 2715.53 2012.30 130.00 2545.09 1969.00 130.00 2570.09 2012.30 140.00 2545.09 1969.00 140.00 2570.09 1958.00 130.00 2551.04 2001.30 130.00 2526.04 1958.00 120.00 2551.04 2001.30 120.00 2526.04 1914.70 130.00 2576.04 1914.70 120.00 2576.04 1880.06 130.00 2596.04 1880.06 120.00 2596.04 1960.93 110.00 2522.78 1989.80 120.00 2506.12 1989.80 110.00 2506.12 1885.88 120.00 2566.12 1885.88 110.00 2566.12 1868.56 120.00 2576.12 1868.56 110.00 2576.12 1925.70 140.00 2595.09 1925.70 130.00 2595.09 2007.12 120.00 2496.12 2035.94 120.00 2506.04 2024.44 120.00 2486.12 2175.91 140.00 2658.48 2175.91 110.00 2658.48 1942.09 140.00 2793.48 1942.09 110.00 2793.48 1934.22 140.00 2694.10 1984.02 140.00 2687.10 1971.35 140.00 2672.66 1965.18 140.00 2654.46 1966.43 140.00 2635.29 1981.53 140.00 2728.23 2020.43 140.00 2696.86 2001.26 140.00 2695.60 2062.83 140.00 2641.61 2061.57 140.00 2660.78 1966.43 140.00 2635.29 1965.18 140.00 2654.46 1970.41 105.60 2636.35 1969.26 105.60 2653.92 1971.35 140.00 2672.66 1974.92 105.60 2670.60 2001.26 140.00 2695.60 2020.43 140.00 2696.86 2002.32 105.60 2691.62 2019.89 105.60 2692.77 2038.58 140.00 2690.61 2036.52 105.60 2687.04 2061.57 140.00 2660.78 2062.83 140.00 2641.61 2057.59 105.60 2659.71 2058.74 105.60 2642.14 2056.65 140.00 2623.41 2053.08 105.60 2625.47 1989.38 140.00 2605.39 1974.93 140.00 2618.06 1991.44 105.60 2608.95 1978.20 105.60 2620.56 2026.75 140.00 2600.47 2007.57 140.00 2599.21 2025.68 105.60 2604.44 2008.11 105.60 2603.29 2043.98 140.00 2608.96 2041.47 105.60 2612.23 1984.02 140.00 2687.10 1986.53 105.60 2683.83 2053.07 140.00 2678.02 2049.80 105.60 2675.50 1897.09 140.00 2715.53 2041.36 140.00 2772.42 1958.98 140.00 2783.72 2130.91 140.00 2580.53 2085.91 140.00 2502.59 2046.47 140.00 2567.84 2035.94 120.00 2506.04 2035.94 130.00 2506.04 2007.12 110.00 2496.12 2007.12 120.00 2496.12 1989.80 120.00 2506.12 2001.30 120.00 2526.04 1891.06 130.00 2615.09 1880.06 130.00 2596.04 1885.88 120.00 2566.12 1880.06 120.00 2596.04 1903.20 120.00 2556.12 1932.07 110.00 2539.45 1903.20 110.00 2556.12 1974.93 140.00 2618.06 1989.38 140.00 2605.39 1969.00 140.00 2570.09 2026.75 140.00 2600.47 2024.44 110.00 2486.12 2024.44 120.00 2486.12 1868.56 120.00 2576.12 2175.91 140.00 2658.48 1942.09 140.00 2793.48 2054.15 140.00 2717.57 2053.07 140.00 2678.02 2038.58 140.00 2690.61 1963.06 140.00 2790.77 2163.09 140.00 2675.28 1946.50 120.00 2531.12 1825.88 110.00 2462.20 1843.20 110.00 2452.20 1805.88 110.00 2427.56 1823.20 110.00 2417.56 1929.80 110.00 2402.20 1947.12 110.00 2392.20 1909.80 110.00 2367.56 1927.12 110.00 2357.56 1843.20 110.00 2452.20 1825.88 110.00 2462.20 1863.20 110.00 2486.84 1845.88 110.00 2496.84 1947.12 110.00 2392.20 1929.80 110.00 2402.20 1967.12 110.00 2426.84 1949.80 110.00 2436.84 1885.88 110.00 2566.12 1903.20 110.00 2556.12 1865.88 110.00 2531.48 1883.20 110.00 2521.48 1989.80 110.00 2506.12 2007.12 110.00 2496.12 1969.80 110.00 2471.48 1987.12 110.00 2461.48 1863.20 110.00 2486.84 1845.88 110.00 2496.84 1883.20 110.00 2521.48 1865.88 110.00 2531.48 1967.12 110.00 2426.84 1949.80 110.00 2436.84 1987.12 110.00 2461.48 1969.80 110.00 2471.48 1852.07 110.00 2400.89 1823.20 110.00 2417.56 1872.07 110.00 2435.53 1843.20 110.00 2452.20 1969.80 110.00 2471.48 1940.93 110.00 2488.14 1989.80 110.00 2506.12 1960.93 110.00 2522.78 1929.80 110.00 2402.20 1900.93 110.00 2418.86 1949.80 110.00 2436.84 1920.93 110.00 2453.50 1900.93 110.00 2418.86 1920.93 110.00 2453.50 1892.07 110.00 2470.17 1892.07 110.00 2470.17 1863.20 110.00 2486.84 1912.07 110.00 2504.81 1883.20 110.00 2521.48 1909.80 110.00 2367.56 1880.93 110.00 2384.22 1880.93 110.00 2384.22 1912.07 110.00 2504.81 1883.20 110.00 2521.48 1932.07 110.00 2539.45 1903.20 110.00 2556.12 1940.93 110.00 2488.14 1960.93 110.00 2522.78 1920.93 110.00 2453.50 1940.93 110.00 2488.14 1863.20 110.00 2486.84 1949.80 110.00 2436.84 1920.93 110.00 2453.50 1969.80 110.00 2471.48 1940.93 110.00 2488.14 1791.16 350.00 2742.05 1731.16 350.00 2638.13 1836.62 410.00 2715.80 1776.62 410.00 2611.88 1775.08 350.00 2474.20 1799.65 410.00 2529.30 1753.12 350.00 2556.17 1824.64 470.00 2584.16 2053.36 470.00 2452.10 2018.35 410.00 2403.03 2101.38 410.00 2424.38 2114.24 470.00 2555.52 2161.38 410.00 2528.30 2206.85 350.00 2502.05 2146.85 350.00 2398.13 1730.08 350.00 2396.26 1775.54 350.00 2370.01 1820.54 350.00 2447.96 1937.46 350.00 2380.46 1967.46 410.00 2432.42 2057.46 470.00 2588.30 1997.46 470.00 2484.38 2221.38 410.00 2632.22 2266.85 350.00 2605.98 2175.91 470.00 2658.48 2117.46 470.00 2692.22 1896.62 410.00 2819.72 1942.09 470.00 2793.48 1883.76 470.00 2688.59 1789.00 350.00 2258.32 1847.46 350.00 2224.57 1834.00 350.00 2336.26 1892.46 350.00 2302.51 1879.00 350.00 2414.20 1999.00 470.00 2622.05 2059.00 470.00 2725.98 1940.54 470.00 2655.80 2000.54 470.00 2759.72 1939.00 470.00 2518.13 1880.54 470.00 2551.88 1909.00 410.00 2466.17 1850.54 410.00 2499.92 1937.92 350.00 2276.26 1892.92 350.00 2198.32 1982.92 350.00 2354.20 2028.23 470.00 2605.18 1968.23 470.00 2501.25 1938.23 410.00 2449.29 2064.88 350.00 2376.17 1851.16 350.00 2845.98 1796.10 350.00 2314.38 1781.43 350.00 2318.88 1759.27 350.00 2341.82 1724.54 350.00 2323.66 1685.08 350.00 2318.32 1711.20 350.00 2303.24 2126.08 431.59 2724.65 2154.98 431.59 2693.86 2126.08 390.91 2724.65 2154.98 390.91 2693.86 2126.07 276.59 2724.65 2154.98 276.59 2693.86 2126.07 235.91 2724.65 2154.98 235.91 2693.86 1983.20 199.09 2793.04 2024.32 199.09 2783.40 1983.20 158.41 2793.04 2024.32 158.41 2783.40 1983.20 354.09 2793.04 2024.32 354.09 2783.40 1983.20 313.41 2793.04 2024.32 313.41 2783.40 2060.60 199.09 2769.17 2095.60 199.09 2748.96 2060.60 158.41 2769.17 2095.60 158.41 2748.96 2060.60 354.09 2769.17 2095.60 354.09 2748.96 2060.60 313.41 2769.17 2095.60 313.41 2748.96 1983.20 276.59 2793.04 2024.32 276.59 2783.40 1983.20 235.91 2793.04 2024.32 235.91 2783.40 2126.08 199.09 2724.65 2154.98 199.09 2693.86 2126.08 158.41 2724.65 2154.98 158.41 2693.86 2060.60 276.59 2769.17 2095.60 276.59 2748.96 2060.60 235.91 2769.17 2095.60 235.91 2748.96 2126.07 354.09 2724.65 2154.98 354.09 2693.86 2126.07 313.41 2724.65 2154.98 313.41 2693.86 1983.20 431.59 2793.04 2024.32 431.59 2783.40 1983.20 390.91 2793.04 2024.32 390.91 2783.40 2060.60 431.59 2769.17 2095.60 431.59 2748.96 2060.60 390.91 2769.17 2095.60 390.91 2748.96 2108.04 450.00 2733.92 2163.09 450.00 2675.28 2106.90 446.12 2727.34 2156.45 446.12 2674.56 2163.09 372.50 2675.28 2156.45 376.38 2674.56 2108.04 372.50 2733.92 2106.90 376.38 2727.34 2108.04 295.00 2733.92 2163.09 295.00 2675.28 2106.90 291.12 2727.34 2156.45 291.12 2674.56 2163.09 217.50 2675.28 2156.45 221.37 2674.56 2108.04 217.50 2733.92 2106.90 221.37 2727.34 1963.06 217.50 2790.77 2041.36 217.50 2772.42 1965.75 213.62 2784.66 2036.23 213.62 2768.14 2041.36 140.00 2772.42 2036.23 143.88 2768.14 1963.06 140.00 2790.77 1965.75 143.88 2784.66 1963.06 372.50 2790.77 2041.36 372.50 2772.42 1965.75 368.62 2784.66 2036.23 368.62 2768.14 2041.36 295.00 2772.42 2036.23 298.88 2768.14 1963.06 295.00 2790.77 1965.75 298.88 2784.66 2041.36 217.50 2772.42 2108.04 217.50 2733.92 2042.03 213.62 2765.88 2102.04 213.62 2731.23 2108.04 140.00 2733.92 2102.04 143.88 2731.23 2041.36 140.00 2772.42 2042.03 143.88 2765.88 2041.36 372.50 2772.42 2108.04 372.50 2733.92 2042.03 368.62 2765.88 2102.04 368.62 2731.23 2108.04 295.00 2733.92 2102.04 298.88 2731.23 2041.36 295.00 2772.42 2042.03 298.88 2765.88 1963.06 295.00 2790.77 2041.36 295.00 2772.42 1965.75 291.12 2784.66 2036.23 291.12 2768.14 2041.36 217.50 2772.42 2036.23 221.38 2768.14 1963.06 217.50 2790.77 1965.75 221.38 2784.66 2108.04 217.50 2733.92 2163.09 217.50 2675.28 2106.90 213.63 2727.34 2156.45 213.63 2674.56 2163.09 140.00 2675.28 2156.45 143.88 2674.56 2108.04 140.00 2733.92 2106.90 143.88 2727.34 2041.36 295.00 2772.42 2108.04 295.00 2733.92 2042.03 291.12 2765.88 2102.04 291.12 2731.23 2108.04 217.50 2733.92 2102.04 221.38 2731.23 2041.36 217.50 2772.42 2042.03 221.38 2765.88 2108.04 372.50 2733.92 2163.09 372.50 2675.28 2106.90 368.62 2727.34 2156.45 368.62 2674.56 2163.09 295.00 2675.28 2156.45 298.88 2674.56 2108.04 295.00 2733.92 2106.90 298.88 2727.34 1963.06 450.00 2790.77 2041.36 450.00 2772.42 1965.75 446.12 2784.66 2036.23 446.12 2768.14 2041.36 372.50 2772.42 2036.23 376.38 2768.14 1963.06 372.50 2790.77 1965.75 376.38 2784.66 2041.36 450.00 2772.42 2108.04 450.00 2733.92 2042.03 446.12 2765.88 2102.04 446.12 2731.23 2108.04 372.50 2733.92 2102.04 376.38 2731.23 2041.36 372.50 2772.42 2042.03 376.38 2765.88 2114.34 435.66 2719.42 2149.02 435.66 2682.48 2149.02 386.84 2682.48 2114.34 386.84 2719.42 2114.34 280.66 2719.42 2149.02 280.66 2682.48 2149.02 231.84 2682.48 2114.34 231.84 2719.42 1976.32 203.16 2782.18 2025.66 203.16 2770.62 2025.66 154.34 2770.62 1976.32 154.34 2782.18 1976.32 358.16 2782.18 2025.66 358.16 2770.62 2025.66 309.34 2770.62 1976.32 309.34 2782.18 2051.03 203.16 2760.68 2093.04 203.16 2736.42 2093.04 154.34 2736.42 2051.03 154.34 2760.68 2051.03 358.16 2760.68 2093.04 358.16 2736.42 2093.04 309.34 2736.42 2051.03 309.34 2760.68 1976.32 280.66 2782.18 2025.66 280.66 2770.62 2025.66 231.84 2770.62 1976.32 231.84 2782.18 2114.34 203.16 2719.42 2149.02 203.16 2682.48 2149.02 154.34 2682.48 2114.34 154.34 2719.42 2051.03 280.66 2760.68 2093.04 280.66 2736.42 2093.04 231.84 2736.42 2051.03 231.84 2760.68 2114.34 358.16 2719.42 2149.02 358.16 2682.48 2149.02 309.34 2682.48 2114.34 309.34 2719.42 1976.32 435.66 2782.18 2025.66 435.66 2770.62 2025.66 386.84 2770.62 1976.32 386.84 2782.18 2051.03 435.66 2760.68 2093.04 435.66 2736.42 2093.04 386.84 2736.42 2051.03 386.84 2760.68 2126.08 431.59 2724.65 2154.98 431.59 2693.86 2154.98 390.91 2693.86 2126.08 390.91 2724.65 2093.04 231.84 2736.42 2095.60 235.91 2748.96 2177.94 450.00 2661.98 2224.90 390.00 2634.86 2177.94 390.00 2661.98 2271.86 330.00 2607.75 2224.90 330.00 2634.86 2177.94 330.00 2661.98 1944.11 390.49 2796.98 1944.11 330.00 2796.98 1897.15 390.00 2824.09 1897.15 330.00 2824.09 1897.15 250.00 2824.09 1850.19 330.00 2851.20 1850.19 250.00 2851.20 1727.45 250.00 2638.62 1788.82 250.00 2744.91 1727.45 170.00 2638.62 1788.82 170.00 2744.91 2149.12 250.00 2395.16 2210.49 250.00 2501.46 2149.12 330.00 2395.16 2210.49 330.00 2501.46 2149.12 170.00 2395.16 2067.16 170.00 2373.20 2067.16 250.00 2373.20 1985.20 250.00 2351.24 1940.81 250.00 2273.77 1985.20 170.00 2351.24 1940.81 170.00 2273.77 1681.57 170.00 2320.34 1681.57 250.00 2320.34 1726.47 170.00 2397.52 1726.47 250.00 2397.52 1771.37 170.00 2474.69 1771.37 250.00 2474.69 1749.41 170.00 2556.66 1749.41 250.00 2556.66 2224.90 250.00 2634.86 2177.94 250.00 2661.98 1789.00 230.00 2258.32 1832.30 230.00 2233.32 1788.65 250.00 2257.71 1849.27 250.00 2222.71 1728.38 170.00 2293.32 1685.08 170.00 2318.32 1719.14 110.00 2298.20 1685.08 110.00 2318.32 1857.94 110.00 2217.86 1849.62 170.00 2223.32 1832.06 110.00 2232.90 1832.30 170.00 2233.32 1681.57 250.00 2320.34 1681.57 170.00 2320.34 2271.86 250.00 2607.75 2271.86 170.00 2607.75 2210.49 170.00 2501.46 1850.19 250.00 2851.20 1850.19 330.00 2851.20 1788.82 330.00 2744.91 1985.20 330.00 2351.24 2067.16 330.00 2373.20 1727.45 330.00 2638.62 1749.41 330.00 2556.66 1940.81 330.00 2273.77 1896.43 250.00 2196.30 1895.02 329.94 2193.85 1771.37 330.00 2474.69 1726.47 330.00 2397.52 1896.43 250.00 2196.30 1892.92 170.00 2198.32 1896.43 170.00 2196.30 2224.90 170.00 2634.86 2271.86 170.00 2607.75 2271.86 250.00 2607.75 2271.86 330.00 2607.75 1896.43 170.00 2196.30 1944.11 170.00 2796.98 1897.15 170.00 2824.09 1944.11 203.16 2796.98 1944.11 250.00 2796.98 1850.19 170.00 2851.20 1680.16 330.00 2317.90 2177.94 170.00 2661.98 2177.94 203.16 2661.98 1850.19 170.00 2851.20 1728.03 250.00 2292.71 1745.70 170.00 2283.32 1745.46 110.00 2282.90 1745.70 230.00 2283.32 1892.92 110.00 2198.32 1787.59 330.00 2255.88 1846.32 330.00 2221.97 1944.11 450.00 2796.98 1895.02 329.94 2193.85 1728.62 311.72 2290.48 1723.25 330.00 2293.02 1680.16 330.00 2317.90 1750.95 301.48 2277.90 1753.42 313.73 2276.10 1764.80 315.85 2269.46 1776.23 330.00 2262.44 2038.83 136.67 2667.08 2044.23 136.67 2656.13 2037.64 140.00 2666.17 2042.78 140.00 2655.74 2043.54 140.00 2644.14 2014.00 137.61 2648.03 2039.81 140.00 2633.13 2032.14 140.00 2624.39 2021.71 140.00 2619.25 2010.11 140.00 2618.49 1999.10 140.00 2622.22 1990.36 140.00 2629.89 1985.22 140.00 2640.32 1984.46 140.00 2651.92 1988.19 140.00 2662.93 1995.86 140.00 2671.67 2006.29 140.00 2676.82 2017.89 140.00 2677.58 2028.90 140.00 2673.84 2029.65 136.67 2675.14 2045.03 136.67 2643.95 2041.10 136.67 2632.38 2033.05 136.67 2623.20 2022.10 136.67 2617.80 2009.92 136.67 2617.00 1998.35 136.67 2620.93 1989.17 136.67 2628.98 1983.77 136.67 2639.93 1982.97 136.67 2652.12 1986.90 136.67 2663.68 1994.95 136.67 2672.86 2005.90 136.67 2678.26 2018.08 136.67 2679.06 1728.62 311.72 2290.48 1750.95 301.48 2277.90 1726.67 330.00 2267.76 1741.74 330.00 2249.82 1753.42 313.73 2276.10 1746.94 330.00 2258.14 1764.80 315.85 2269.46 1757.11 330.00 2254.56 1776.23 330.00 2262.44 1723.25 330.00 2293.02 1719.24 399.61 2181.26 1723.25 330.00 2293.02 1726.67 330.00 2267.76 1711.20 350.00 2303.24 1725.58 330.00 2294.94 1759.27 350.00 2341.82 1724.54 350.00 2323.66 1778.39 330.00 2264.45 1789.00 350.00 2258.32 1796.10 350.00 2314.38 1781.43 350.00 2318.88 1776.23 330.00 2262.44 1741.74 330.00 2249.82 1746.94 330.00 2258.14 1757.11 330.00 2254.56 1896.79 470.00 2621.02 1931.58 460.00 2633.27 1922.55 470.00 2639.63 1964.82 450.00 2634.86 1946.77 470.00 2647.59 1964.82 450.00 2634.86 1979.36 440.00 2668.03 1950.78 470.00 2684.53 1946.77 470.00 2647.59 1974.88 440.00 2638.28 1981.27 470.00 2707.34 2001.32 450.00 2698.08 2003.38 440.00 2687.65 2001.32 450.00 2698.08 2034.50 440.00 2683.54 2014.06 470.00 2716.13 2050.50 470.00 2711.25 2003.38 440.00 2687.65 2053.62 440.00 2658.65 2084.17 470.00 2667.56 2084.17 470.00 2667.56 2053.62 440.00 2658.65 2080.16 470.00 2630.62 2058.17 450.00 2622.53 2048.64 440.00 2628.03 2025.12 440.00 2609.28 2062.66 470.00 2600.31 2032.67 470.00 2578.36 2032.67 470.00 2578.36 2025.12 440.00 2609.28 1994.00 440.00 2613.39 1978.00 470.00 2585.68 1964.82 450.00 2634.86 1955.56 470.00 2614.80 1974.88 440.00 2638.28 1926.94 470.00 2623.24 1955.56 470.00 2614.80 1984.20 437.61 2640.41 1987.15 437.61 2663.53 2006.20 437.61 2678.52 2006.20 437.61 2678.52 2029.75 437.61 2675.31 2044.30 437.61 2656.52 2044.30 437.61 2656.52 2040.85 437.61 2632.53 2022.30 437.61 2618.41 2022.30 437.61 2618.41 1998.75 437.61 2621.62 1984.20 437.61 2640.41 1998.75 437.61 2621.62 1998.76 413.71 2644.04 2006.22 413.71 2634.56 2014.00 340.00 2648.03 2007.66 387.44 2651.79 2007.18 387.44 2646.26 2012.37 387.44 2655.26 1999.84 413.71 2656.36 2010.34 413.71 2664.09 2012.37 387.44 2655.26 2017.72 387.44 2654.48 2010.34 413.71 2664.09 2022.28 413.71 2662.37 2021.07 387.44 2650.23 2029.74 413.71 2652.89 2021.07 387.44 2650.23 2020.42 387.44 2644.42 2029.74 413.71 2652.89 2028.29 413.71 2639.93 2015.88 387.44 2641.24 2010.52 387.44 2642.01 2015.88 387.44 2641.24 2018.16 413.71 2632.84 2007.18 387.44 2646.26 2125.72 470.00 2583.53 2058.17 450.00 2622.53 2062.66 470.00 2600.31 2080.16 470.00 2630.62 2001.32 450.00 2698.08 1991.28 470.00 2754.68 1981.27 470.00 2707.34 2014.06 470.00 2716.13 1987.15 437.61 2663.53 1984.20 437.61 2640.41 1998.76 413.71 2644.04 1984.20 437.61 2640.41 2006.20 437.61 2678.52 2006.20 437.61 2678.52 2029.75 437.61 2675.31 2044.30 437.61 2656.52 2040.85 437.61 2632.53 2044.30 437.61 2656.52 2022.30 437.61 2618.41 2018.16 413.71 2632.84 2022.30 437.61 2618.41 1949.17 401.00 2433.74 1947.60 380.00 2445.03 1942.86 378.00 2410.82 1930.78 386.00 2425.88 1861.46 350.00 2375.83 1852.12 350.00 2339.66 1869.30 333.00 2379.40 1852.12 350.00 2339.66 1878.59 350.00 2377.49 1869.30 333.00 2379.40 1870.30 326.00 2411.14 1859.80 350.00 2392.96 1882.46 350.00 2412.20 1745.46 110.00 2282.90 1788.69 110.00 2257.86 1744.00 110.00 2261.00 1779.00 110.00 2241.00 1858.50 110.00 2379.00 1823.60 110.00 2318.43 1789.00 110.00 2419.00 1753.97 110.00 2358.43 1840.82 110.00 2268.22 1832.06 110.00 2232.90 1813.50 110.00 2221.00 1719.14 110.00 2298.20 1771.33 110.00 2308.24 1928.00 110.00 2339.00 1892.97 110.00 2278.43 1857.94 110.00 2217.86 </float_array>
                    <technique_common>
                        <accessor source="#geom-02F227FB-pos-array" count="1092" stride="3">
                            <param name="X" type="float" />
                            <param name="Y" type="float" />
                            <param name="Z" type="float" />
                        </accessor>
                    </technique_common>
                </source>
                <source id="geom-02F227FB-texcoord">
                    <float_array id="geom-02F227FB-texcoord-array" count="2184">0.49 -1.53 0.49 -0.31 0.26 -1.53 0.26 -0.31 0.49 0.92 0.26 0.92 0.49 -0.31 0.26 -0.31 0.99 -0.68 0.76 -0.68 0.99 -2.36 0.76 -2.36 0.99 -3.71 0.76 -3.71 0.99 -5.06 0.76 -5.06 0.99 -7.41 0.76 -7.41 0.51 0.92 0.51 -1.47 0.74 0.50 0.74 -1.89 0.99 0.91 0.76 0.91 0.99 -0.43 0.76 -0.43 0.74 0.92 0.51 0.50 0.74 -1.47 0.51 -1.89 0.99 -1.10 0.76 -1.10 0.99 -3.54 0.76 -3.54 0.99 -5.29 0.76 -5.29 0.99 -6.69 0.76 -6.69 0.99 -8.43 0.76 -8.43 0.99 -10.00 0.76 -10.00 0.26 -3.12 0.49 -3.12 0.26 -3.12 0.49 -3.12 0.26 -1.53 0.49 -1.53 0.99 -1.53 0.76 -1.53 0.99 -2.96 0.76 -2.96 0.99 -9.60 0.76 -9.60 0.99 0.83 0.76 0.83 0.99 0.83 0.76 0.83 0.01 0.02 0.24 0.02 0.01 0.50 0.24 0.98 0.01 0.98 0.24 0.98 0.01 0.98 0.24 0.50 0.01 0.02 0.24 0.02 0.26 -4.00 0.49 -4.00 0.99 -1.87 0.76 -1.87 0.99 -3.30 0.76 -3.30 0.99 -3.99 0.76 -3.99 0.99 -4.65 0.76 -4.65 0.26 -4.00 0.49 -4.00 0.26 0.92 0.49 0.92 0.74 -3.86 0.51 -4.28 0.51 -3.86 0.74 -4.28 0.99 0.92 0.76 0.92 0.99 0.33 0.76 0.00 0.76 -1.28 2.43 4.85 4.85 3.64 0.00 4.85 2.43 0.00 4.85 1.21 4.85 0.00 0.00 0.00 0.00 1.21 5.15 0.00 5.15 1.21 0.00 3.64 0.00 4.85 4.85 3.64 4.85 4.85 0.00 0.00 0.00 1.21 4.85 0.00 4.85 1.21 5.15 4.85 5.15 3.64 0.00 4.85 0.00 3.64 0.00 1.21 5.15 1.21 0.00 0.00 5.15 0.00 0.00 2.43 4.85 2.43 0.00 1.21 4.85 1.21 0.00 3.64 4.85 3.64 0.00 4.85 4.85 4.85 0.00 0.00 4.85 0.00 0.00 2.43 5.15 2.43 0.00 3.64 5.15 3.64 5.15 4.85 0.00 4.85 4.85 4.85 0.00 0.00 2.43 0.00 0.00 0.00 2.43 1.21 0.00 1.21 4.85 1.21 4.85 2.43 2.43 2.43 4.85 3.64 2.43 3.64 4.85 4.24 2.43 4.85 4.85 4.85 2.43 1.21 2.43 0.00 0.00 1.21 0.00 0.00 4.85 3.64 4.85 4.85 0.00 3.64 0.00 4.85 2.43 2.43 4.85 1.21 4.85 2.43 0.00 2.43 4.85 2.43 4.85 3.64 2.43 3.64 0.00 1.21 4.85 1.21 2.43 4.85 4.85 4.85 0.00 0.00 4.85 0.61 4.85 0.00 0.00 1.21 2.43 1.21 0.00 0.00 2.43 0.00 2.43 2.43 4.85 1.21 4.85 2.43 2.43 3.64 4.85 3.64 2.43 4.85 4.85 4.85 4.85 0.61 3.03 0.61 4.85 0.00 3.03 0.00 3.03 1.21 0.00 0.61 0.00 1.21 4.85 2.43 3.03 2.43 4.85 1.82 3.03 1.82 0.00 2.43 0.00 1.82 6.06 0.61 6.06 0.00 7.28 0.61 7.28 0.00 9.85 0.61 9.70 0.00 7.28 1.82 10.00 1.21 9.25 1.82 6.06 1.82 6.06 2.43 4.85 0.00 0.00 2.43 0.00 3.64 0.00 4.24 0.00 4.85 4.85 0.00 0.00 2.43 0.00 3.64 0.61 4.24 0.00 4.85 0.00 2.43 0.00 1.82 4.85 0.00 0.00 3.03 0.00 3.64 0.00 4.85 4.85 1.21 6.06 1.21 7.28 1.21 0.00 0.00 8.49 2.43 7.28 2.43 0.16 0.16 5.08 0.16 0.16 5.08 5.08 5.08 10.00 0.16 10.00 5.08 0.16 0.16 5.08 0.16 0.16 5.08 5.08 5.08 10.00 0.16 10.00 5.08 0.16 0.16 5.08 0.16 0.16 5.08 5.08 5.08 10.00 0.16 10.00 5.08 0.16 0.16 5.08 0.16 0.16 5.08 5.08 5.08 10.00 0.16 10.00 5.08 0.16 0.16 5.08 0.16 0.16 5.08 5.08 5.08 10.00 0.16 10.00 5.08 0.16 0.16 5.08 0.16 0.16 5.08 5.08 5.08 10.00 0.16 10.00 5.08 0.16 0.16 5.08 0.16 0.16 5.08 5.08 5.08 10.00 0.16 10.00 5.08 0.16 0.16 5.08 0.16 0.16 5.08 5.08 5.08 10.00 0.16 10.00 5.08 5.08 8.26 8.89 8.26 1.27 8.26 5.08 8.26 8.89 8.26 1.26 8.26 5.08 8.26 8.90 8.26 1.26 8.26 5.08 8.26 8.90 8.26 1.26 8.26 5.08 8.26 8.90 8.26 1.26 8.26 5.08 8.26 8.90 8.26 1.26 8.26 5.08 8.26 8.90 8.26 1.26 8.26 5.08 8.26 8.90 8.26 1.27 8.26 1.59 10.00 5.08 10.00 8.58 10.00 1.27 8.26 1.59 10.00 5.08 10.00 8.89 8.26 8.58 10.00 1.27 8.26 1.59 10.00 5.08 10.00 8.89 8.26 8.58 10.00 1.27 8.26 1.59 10.00 5.08 10.00 8.89 8.26 8.58 10.00 1.27 8.26 1.59 10.00 5.08 10.00 8.89 8.26 8.58 10.00 1.27 8.26 1.59 10.00 5.08 10.00 8.89 8.26 8.58 10.00 1.27 8.26 1.59 10.00 5.08 10.00 8.89 8.26 8.58 10.00 1.59 10.00 5.08 10.00 8.58 10.00 2.10 -2.99 1.75 -3.58 2.86 -3.70 2.63 -4.09 3.16 -1.16 3.93 -1.26 4.37 -1.87 3.32 -0.90 4.68 -1.33 4.09 -0.99 4.37 -1.87 3.93 -1.26 3.16 -1.16 3.32 -0.90 4.68 -1.33 4.09 -0.99 7.02 -6.65 7.36 -6.06 6.37 -5.75 6.14 -6.14 6.48 -4.58 5.71 -5.09 7.36 -6.06 4.73 -4.53 4.87 -3.44 3.75 -3.96 5.03 -0.95 6.38 0.04 4.53 0.30 3.96 -1.72 4.65 -2.62 4.79 -2.21 5.39 -1.38 6.36 -1.95 5.66 -0.92 6.63 -1.49 4.41 -0.81 4.68 -0.35 3.63 -0.35 3.90 0.11 5.01 -2.02 5.99 -2.59 5.28 -1.57 6.25 -2.14 3.12 -1.23 2.57 -0.91 2.10 -2.99 1.55 -2.67 7.36 -6.06 7.96 -6.41 8.39 -4.31 8.98 -4.65 3.64 -4.16 4.61 -4.73 3.75 -3.96 4.73 -4.53 5.39 -1.38 4.41 -0.81 5.28 -1.57 4.30 -1.00 6.36 -1.95 6.25 -2.14 7.14 -2.40 7.03 -2.59 4.59 -2.00 4.04 -1.45 3.94 -1.62 6.38 -2.82 6.28 -2.99 6.77 -3.04 6.67 -3.21 5.71 -5.09 5.59 -5.29 3.65 -1.22 3.52 -0.55 3.26 -0.99 4.14 0.52 3.60 0.84 9.41 -2.55 10.00 -2.89 7.55 -3.82 6.86 -2.92 6.72 -3.33 6.43 -3.65 6.04 -3.84 7.69 -2.51 6.64 -2.10 6.83 -2.49 5.08 -1.88 5.47 -1.69 6.04 -3.84 6.43 -3.65 5.88 -3.25 6.06 -3.17 6.72 -3.33 6.19 -3.02 6.83 -2.49 6.64 -2.10 6.24 -2.64 6.15 -2.47 6.31 -1.81 6.01 -2.34 5.47 -1.69 5.08 -1.88 5.63 -2.29 5.45 -2.37 4.79 -2.21 5.32 -2.52 5.19 -3.73 5.60 -3.87 5.50 -3.20 5.69 -3.27 4.68 -3.05 4.87 -3.44 5.27 -2.90 5.36 -3.07 4.65 -2.62 5.26 -2.70 6.86 -2.92 6.25 -2.84 5.90 -1.67 5.82 -2.27 8.39 -4.31 7.89 -0.84 9.03 -2.33 3.12 -1.23 2.10 -2.99 3.82 -3.03 3.52 -0.55 3.63 -0.35 3.55 -1.39 3.65 -1.22 4.04 -1.45 4.30 -1.00 7.41 -1.94 7.14 -2.40 6.38 -2.82 7.03 -2.59 5.99 -2.59 5.24 -2.38 5.89 -2.76 5.60 -3.87 5.19 -3.73 4.73 -4.53 4.68 -3.05 3.16 -1.16 3.26 -0.99 6.77 -3.04 4.14 0.52 9.41 -2.55 6.67 -1.20 5.90 -1.67 6.31 -1.81 9.12 -2.17 4.62 0.46 5.01 -2.02 9.85 10.00 0.32 10.00 9.85 0.16 0.32 0.16 9.85 10.00 0.32 10.00 9.85 0.16 0.32 0.16 0.32 0.16 9.85 0.16 0.32 10.00 9.85 10.00 0.32 0.16 9.85 0.16 0.32 10.00 9.85 10.00 9.85 10.00 0.32 10.00 9.85 0.16 0.32 0.16 9.85 10.00 0.32 10.00 9.85 0.16 0.32 0.16 0.32 0.16 9.85 0.16 0.32 10.00 9.85 10.00 0.32 0.16 9.85 0.16 0.32 10.00 9.85 10.00 5.08 0.16 10.00 0.16 5.08 5.08 10.00 5.08 10.00 5.08 5.08 5.08 10.00 10.00 5.08 10.00 10.00 5.08 5.08 5.08 10.00 10.00 5.08 10.00 0.16 5.08 0.16 10.00 5.08 10.00 5.08 5.24 10.00 5.24 5.08 10.00 10.00 10.00 10.00 0.16 5.08 0.16 0.16 0.16 5.08 5.24 10.00 5.24 5.08 10.00 10.00 10.00 0.16 5.24 0.16 10.00 0.16 5.24 0.16 10.00 10.00 10.00 10.00 5.08 5.08 5.08 10.00 10.00 5.08 10.00 10.00 0.71 10.00 -1.43 8.62 0.71 8.62 -1.43 7.15 -4.29 7.15 -2.86 8.62 -2.86 7.15 -1.43 2.90 -1.43 2.90 -2.86 1.43 -1.43 2.90 0.71 1.43 0.71 0.00 0.71 0.00 -1.43 7.15 -5.72 6.07 -5.72 6.07 -4.29 3.95 -4.29 3.95 -2.86 3.95 0.71 3.95 -1.43 1.43 2.86 0.00 2.86 2.90 2.86 3.95 2.86 8.62 2.86 7.15 2.86 7.15 0.71 5.02 -7.15 3.95 -7.15 5.02 -5.72 3.95 -5.72 5.02 -4.29 5.02 0.71 5.02 2.86 6.07 0.71 6.07 2.86 5.02 -1.43 6.07 -1.43 5.02 -2.86 6.07 -2.86 2.90 -5.72 2.90 -7.15 2.90 -4.29 4.49 0.71 4.49 -1.43 4.49 -2.86 1.43 -2.86 10.00 2.86 5.36 -6.32 5.60 -6.37 6.07 -6.23 6.50 -6.76 7.15 -7.15 6.53 -7.15 7.25 7.25 2.84 7.25 7.25 2.84 2.84 2.84 7.25 7.25 2.84 7.25 7.25 2.84 2.84 2.84 7.25 7.25 2.84 7.25 7.25 2.84 2.84 2.84 7.25 7.25 2.84 7.25 7.25 2.84 2.84 2.84 7.25 7.25 2.84 7.25 7.25 2.84 2.84 2.84 7.25 7.25 2.84 7.25 7.25 2.84 2.84 2.84 7.25 7.25 2.84 7.25 7.25 2.84 2.84 2.84 7.25 7.25 2.84 7.25 7.25 2.84 2.84 2.84 7.25 7.25 2.84 7.25 7.25 2.84 2.84 2.84 7.25 7.25 2.84 7.25 7.25 2.84 2.84 2.84 7.25 7.25 2.84 7.25 7.25 2.84 2.84 2.84 7.25 7.25 2.84 7.25 7.25 2.84 2.84 2.84 10.00 10.00 0.08 10.00 9.45 9.45 0.63 9.45 0.08 0.08 0.63 0.63 10.00 0.08 9.45 0.63 10.00 10.00 0.08 10.00 9.45 9.45 0.63 9.45 0.08 0.08 0.63 0.63 10.00 0.08 9.45 0.63 10.00 10.00 0.08 10.00 9.45 9.45 0.63 9.45 0.08 0.08 0.63 0.63 10.00 0.08 9.45 0.63 10.00 10.00 0.08 10.00 9.45 9.45 0.63 9.45 0.08 0.08 0.63 0.63 10.00 0.08 9.45 0.63 10.00 10.00 0.08 10.00 9.45 9.45 0.63 9.45 0.08 0.08 0.63 0.63 10.00 0.08 9.45 0.63 10.00 10.00 0.08 10.00 9.45 9.45 0.63 9.45 0.08 0.08 0.63 0.63 10.00 0.08 9.45 0.63 10.00 10.00 0.08 10.00 9.45 9.45 0.63 9.45 0.08 0.08 0.63 0.63 10.00 0.08 9.45 0.63 10.00 10.00 0.08 10.00 9.45 9.45 0.63 9.45 0.08 0.08 0.63 0.63 10.00 0.08 9.45 0.63 10.00 10.00 0.08 10.00 9.45 9.45 0.63 9.45 0.08 0.08 0.63 0.63 10.00 0.08 9.45 0.63 10.00 10.00 0.08 10.00 9.45 9.45 0.63 9.45 0.08 0.08 0.63 0.63 10.00 0.08 9.45 0.63 10.00 10.00 0.08 10.00 9.45 9.45 0.63 9.45 0.08 0.08 0.63 0.63 10.00 0.08 9.45 0.63 10.00 10.00 0.08 10.00 9.45 9.45 0.63 9.45 0.08 0.08 0.63 0.63 10.00 0.08 9.45 0.63 8.19 8.19 1.89 8.19 1.89 1.89 8.19 1.89 8.19 8.19 1.89 8.19 1.89 1.89 8.19 1.89 8.19 8.19 1.89 8.19 1.89 1.89 8.19 1.89 8.19 8.19 1.89 8.19 1.89 1.89 8.19 1.89 8.19 8.19 1.89 8.19 1.89 1.89 8.19 1.89 8.19 8.19 1.89 8.19 1.89 1.89 8.19 1.89 8.19 8.19 1.89 8.19 1.89 1.89 8.19 1.89 8.19 8.19 1.89 8.19 1.89 1.89 8.19 1.89 8.19 8.19 1.89 8.19 1.89 1.89 8.19 1.89 8.19 8.19 1.89 8.19 1.89 1.89 8.19 1.89 8.19 8.19 1.89 8.19 1.89 1.89 8.19 1.89 8.19 8.19 1.89 8.19 1.89 1.89 8.19 1.89 7.25 7.25 2.84 7.25 2.84 2.84 7.25 2.84 1.89 1.89 2.84 2.84 2.70 1.35 1.69 0.34 2.70 0.34 0.68 -0.68 1.69 -0.68 2.70 -0.68 0.00 0.35 0.00 -0.68 1.01 0.34 1.01 -0.68 1.01 -2.03 2.03 -0.68 2.03 -2.03 4.05 0.15 2.03 0.15 4.05 -1.20 2.03 -1.20 5.90 0.15 7.93 0.15 5.90 1.51 7.93 1.51 5.90 -1.20 4.47 -1.20 4.47 0.15 3.04 0.15 1.52 0.15 3.04 -1.20 1.52 -1.20 9.96 -1.20 9.96 0.15 8.44 -1.20 8.44 0.15 6.92 -1.20 6.92 0.15 5.48 -1.20 5.48 0.15 1.69 -2.03 2.70 -2.03 2.03 0.17 2.87 0.17 2.03 0.51 3.16 0.51 0.90 -0.84 0.06 -0.84 0.72 -1.80 0.06 -1.80 3.34 -1.80 3.15 -0.84 2.87 -1.80 2.87 -0.84 0.00 0.51 0.00 -0.84 9.96 0.15 9.96 -1.20 7.93 -1.20 0.00 0.15 0.00 1.51 2.03 1.51 3.04 1.51 4.47 1.51 4.05 1.51 5.48 1.51 1.52 1.51 0.00 0.15 0.00 1.51 6.92 1.51 8.44 1.51 4.05 0.51 4.00 -0.84 4.05 -0.84 1.69 -3.38 0.68 -3.38 0.68 -2.03 9.96 1.51 0.00 -1.20 0.00 -3.38 1.01 -3.38 0.00 -2.82 0.00 -2.03 0.00 -1.20 10.00 1.51 2.70 -3.38 2.70 -2.82 2.03 -3.38 0.89 0.51 1.24 -0.84 1.24 -1.80 1.24 0.17 4.00 -1.80 2.03 1.80 3.14 1.80 0.00 1.35 4.08 1.80 0.90 1.51 0.80 1.80 0.00 1.80 1.33 1.34 1.38 1.54 1.59 1.57 1.81 1.80 9.62 6.92 8.54 8.54 9.17 6.73 8.19 8.19 6.73 9.17 5.00 5.00 5.00 9.52 3.27 9.17 1.81 8.19 0.83 6.73 0.49 5.00 0.83 3.27 1.81 1.81 3.27 0.83 5.00 0.49 6.73 0.83 8.19 1.81 9.17 3.27 9.52 5.00 10.00 5.00 6.92 9.62 5.00 10.00 3.09 9.62 1.47 8.54 0.38 6.92 0.00 5.00 0.38 3.09 1.47 1.47 3.09 0.38 5.00 0.00 6.92 0.38 8.54 1.47 9.62 3.09 0.88 -1.66 4.64 -2.86 2.01 2.18 5.12 2.86 6.11 -1.21 6.35 2.20 8.04 -0.85 7.93 2.14 10.00 1.12 0.00 0.73 6.85 -2.96 7.20 -8.90 8.41 -7.58 5.46 -8.73 7.04 -9.01 1.83 -10.00 4.23 -9.61 0.02 -3.41 1.07 -4.41 0.06 -7.76 0.86 -8.28 0.48 -1.15 9.71 -3.45 6.89 2.09 2.96 0.89 0.00 7.55 3.09 7.53 2.51 6.46 6.18 7.50 5.02 5.37 7.15 2.27 3.75 3.75 3.75 0.00 6.88 0.00 6.57 3.75 1.25 0.00 0.47 2.27 0.94 3.75 7.15 2.27 3.75 3.75 6.88 0.00 3.75 0.00 6.57 3.75 0.94 3.75 0.00 0.00 7.50 0.00 6.57 3.75 4.73 0.00 3.75 2.50 3.75 3.75 0.94 3.75 2.87 0.00 0.00 0.00 7.50 0.00 6.57 3.75 3.75 3.75 3.75 0.00 0.70 2.59 1.25 0.00 0.94 3.75 2.53 8.60 5.05 9.65 6.25 4.85 3.75 4.85 1.25 4.85 6.25 4.85 3.75 4.85 1.25 4.85 6.25 4.85 3.75 4.85 1.25 4.85 6.25 4.85 3.75 4.85 10.00 10.00 7.82 10.00 9.07 6.88 7.82 6.88 7.82 0.08 7.82 4.38 7.19 4.38 8.44 4.38 7.82 6.88 9.07 6.88 7.19 4.38 7.82 4.38 6.57 6.88 7.82 6.88 8.44 4.38 9.07 6.88 7.19 4.38 7.82 4.38 6.57 6.88 7.82 6.88 8.44 4.38 7.82 4.38 7.19 4.38 6.57 6.88 8.44 4.38 0.00 7.55 6.18 7.50 5.02 5.37 5.05 9.65 6.18 7.50 0.00 7.55 5.05 9.65 5.02 5.37 7.82 10.00 5.63 10.00 6.57 6.88 1.25 4.85 10.00 10.00 5.63 10.00 7.82 10.00 10.00 10.00 7.82 10.00 5.63 10.00 10.00 10.00 9.07 6.88 5.63 10.00 5.05 9.65 6.18 7.50 3.09 7.53 5.02 5.37 2.51 6.46 0.00 7.55 3.09 7.53 0.00 7.55 2.53 8.60 3.09 7.53 6.18 7.50 5.02 5.37 5.05 9.65 1.93 8.80 5.04 8.82 2.52 10.00 5.04 10.00 5.04 0.08 5.04 4.41 0.08 0.08 0.08 4.41 7.56 6.62 8.18 8.81 7.56 10.00 0.08 8.82 2.52 6.62 10.00 0.08 10.00 4.41 10.00 8.82 </float_array>
                    <technique_common>
                        <accessor source="#geom-02F227FB-texcoord-array" count="1092" stride="2">
                            <param name="S" type="float" />
                            <param name="T" type="float" />
                        </accessor>
                    </technique_common>
                </source>
                <source id="geom-02F227FB-colors">
                    <float_array id="geom-02F227FB-colors-array" count="4368">0.26 1.00 0.42 1.00 0.24 0.89 0.37 1.00 0.25 1.00 0.47 1.00 0.24 0.30 0.24 1.00 0.19 0.19 0.19 1.00 0.19 0.19 0.19 1.00 0.24 0.30 0.24 1.00 0.24 0.31 0.24 1.00 0.23 0.31 0.28 1.00 0.24 0.35 0.31 1.00 0.31 0.49 0.31 1.00 0.33 0.62 0.39 1.00 0.43 0.78 0.43 1.00 0.46 0.84 0.46 1.00 0.40 0.69 0.40 1.00 0.40 0.71 0.40 1.00 0.34 0.55 0.34 1.00 0.34 0.55 0.34 1.00 0.13 0.13 0.13 1.00 0.19 0.19 0.19 1.00 0.13 0.13 0.13 1.00 0.19 0.19 0.19 1.00 0.19 0.19 0.19 1.00 0.19 0.19 0.19 1.00 0.19 0.19 0.19 1.00 0.19 0.40 0.25 1.00 0.19 0.19 0.19 1.00 0.19 0.19 0.19 1.00 0.19 0.19 0.19 1.00 0.19 0.19 0.19 1.00 0.34 0.56 0.34 1.00 0.34 0.56 0.34 1.00 0.40 0.69 0.40 1.00 0.40 0.70 0.40 1.00 0.43 0.77 0.43 1.00 0.45 0.82 0.45 1.00 0.31 0.48 0.31 1.00 0.28 0.40 0.28 1.00 0.22 0.29 0.26 1.00 0.19 0.19 0.19 1.00 0.08 0.08 0.08 1.00 0.08 0.08 0.08 1.00 0.41 1.00 0.91 1.00 0.41 0.81 0.41 1.00 0.41 0.80 0.41 1.00 0.41 0.79 0.41 1.00 0.25 0.67 0.33 1.00 0.25 0.34 0.25 1.00 0.22 0.31 0.28 1.00 0.21 0.27 0.25 1.00 0.19 0.20 0.20 1.00 0.23 0.31 0.29 1.00 0.13 0.13 0.13 1.00 0.13 0.13 0.13 1.00 0.13 0.13 0.13 1.00 0.13 0.13 0.13 1.00 0.08 0.08 0.08 1.00 0.08 0.08 0.08 1.00 0.19 0.24 0.20 1.00 0.19 0.54 0.29 1.00 0.27 0.91 0.38 1.00 0.27 1.00 0.55 1.00 0.25 0.34 0.25 1.00 0.25 1.00 0.43 1.00 0.27 0.57 0.31 1.00 0.27 0.91 0.38 1.00 0.19 0.53 0.29 1.00 0.19 0.49 0.28 1.00 0.27 0.57 0.31 1.00 0.25 1.00 0.43 1.00 0.19 0.51 0.28 1.00 0.19 0.31 0.22 1.00 0.19 0.40 0.25 1.00 0.19 0.39 0.25 1.00 0.08 0.08 0.08 1.00 0.08 0.08 0.08 1.00 0.19 0.19 0.19 1.00 0.19 0.19 0.19 1.00 0.25 0.34 0.25 1.00 0.27 1.00 0.55 1.00 0.19 0.47 0.27 1.00 0.19 0.19 0.19 1.00 0.13 0.13 0.13 1.00 0.13 0.13 0.13 1.00 0.19 0.19 0.19 1.00 0.19 0.19 0.19 1.00 0.08 0.08 0.08 1.00 0.08 0.08 0.08 1.00 0.19 0.19 0.19 1.00 0.19 0.19 0.19 1.00 0.23 0.33 0.29 1.00 0.22 0.27 0.25 1.00 0.06 0.07 0.06 1.00 0.08 0.11 0.10 1.00 0.24 0.30 0.24 1.00 0.06 0.06 0.06 1.00 0.19 0.19 0.19 1.00 0.19 0.19 0.19 1.00 0.06 0.06 0.06 1.00 0.19 0.19 0.19 1.00 0.06 0.06 0.06 1.00 0.06 0.06 0.06 1.00 0.20 0.24 0.22 1.00 0.06 0.06 0.06 1.00 0.19 0.19 0.19 1.00 0.19 0.19 0.19 1.00 0.06 0.06 0.06 1.00 0.19 0.19 0.19 1.00 0.06 0.06 0.06 1.00 0.20 0.24 0.22 1.00 0.06 0.06 0.06 1.00 0.21 0.26 0.24 1.00 0.06 0.07 0.06 1.00 0.27 0.45 0.40 1.00 0.22 0.29 0.26 1.00 0.21 0.26 0.24 1.00 0.20 0.24 0.22 1.00 0.21 0.25 0.24 1.00 0.19 0.19 0.19 1.00 0.22 0.29 0.26 1.00 0.19 0.19 0.19 1.00 0.00 0.00 0.00 1.00 0.19 0.19 0.19 1.00 0.19 0.19 0.19 1.00 0.19 0.19 0.19 1.00 0.20 0.24 0.22 1.00 0.19 0.19 0.19 1.00 0.27 0.44 0.38 1.00 0.21 0.25 0.24 1.00 0.19 0.21 0.20 1.00 0.19 0.19 0.19 1.00 0.19 0.19 0.19 1.00 0.19 0.19 0.19 1.00 0.21 0.26 0.24 1.00 0.09 0.12 0.09 1.00 0.09 0.16 0.09 1.00 0.08 0.12 0.08 1.00 0.30 0.90 0.38 1.00 0.25 0.63 0.31 1.00 0.31 0.80 0.37 1.00 0.41 1.00 0.67 1.00 0.39 1.00 0.69 1.00 0.38 1.00 0.60 1.00 0.32 1.00 0.47 1.00 0.29 1.00 0.41 1.00 0.09 0.18 0.09 1.00 0.07 0.11 0.08 1.00 0.35 1.00 0.42 1.00 0.09 0.13 0.09 1.00 0.31 0.80 0.37 1.00 0.09 0.17 0.10 1.00 0.34 0.70 0.45 1.00 0.10 0.16 0.11 1.00 0.37 1.00 0.45 1.00 0.09 0.14 0.09 1.00 0.43 1.00 0.69 1.00 0.37 1.00 0.45 1.00 0.44 1.00 0.69 1.00 0.44 1.00 0.69 1.00 0.42 0.95 0.53 1.00 0.37 1.00 0.54 1.00 0.34 1.00 0.49 1.00 0.37 1.00 0.54 1.00 0.41 0.85 0.47 1.00 0.09 0.24 0.11 1.00 0.10 0.14 0.10 1.00 0.10 0.14 0.10 1.00 0.31 0.49 0.31 1.00 0.11 0.22 0.14 1.00 0.34 0.70 0.45 1.00 0.29 0.51 0.44 1.00 0.08 0.11 0.10 1.00 0.22 0.27 0.25 1.00 0.27 0.45 0.34 1.00 0.27 0.45 0.40 1.00 0.27 0.44 0.38 1.00 0.25 0.35 0.25 1.00 0.19 0.21 0.20 1.00 0.24 0.30 0.24 1.00 0.19 0.19 0.19 1.00 0.33 1.00 0.44 1.00 0.27 0.51 0.29 1.00 0.09 0.17 0.09 1.00 0.07 0.24 0.11 1.00 0.40 0.69 0.40 1.00 0.29 1.00 0.41 1.00 0.38 1.00 0.60 1.00 0.08 0.11 0.08 1.00 0.08 0.15 0.09 1.00 0.28 0.78 0.36 1.00 0.35 0.58 0.35 1.00 0.08 0.19 0.10 1.00 0.33 0.65 0.35 1.00 0.39 0.76 0.40 1.00 0.10 0.15 0.10 1.00 0.38 0.65 0.38 1.00 0.09 0.14 0.09 1.00 0.35 0.68 0.40 1.00 0.10 0.18 0.12 1.00 0.29 0.43 0.29 1.00 0.48 1.00 0.63 1.00 0.33 0.64 0.41 1.00 0.32 0.72 0.36 1.00 0.09 0.11 0.09 1.00 0.21 0.26 0.24 1.00 0.42 0.95 0.53 1.00 0.41 0.85 0.47 1.00 0.31 0.49 0.31 1.00 0.09 0.12 0.09 1.00 0.10 0.14 0.10 1.00 0.41 1.00 0.67 1.00 0.38 1.00 0.60 1.00 0.33 0.65 0.35 1.00 0.08 0.19 0.10 1.00 0.35 1.00 0.61 1.00 0.30 1.00 0.51 1.00 0.09 0.17 0.10 1.00 0.34 1.00 0.59 1.00 0.28 0.40 0.28 1.00 0.09 0.12 0.09 1.00 0.42 0.76 0.42 1.00 0.46 0.84 0.46 1.00 0.44 0.79 0.44 1.00 0.07 0.11 0.08 1.00 0.09 0.12 0.09 1.00 0.09 0.12 0.09 1.00 0.00 0.00 0.00 1.00 0.00 0.00 0.00 1.00 0.20 1.00 0.45 1.00 0.22 0.88 0.38 1.00 0.00 0.00 0.00 1.00 0.25 1.00 0.58 1.00 0.00 0.00 0.00 1.00 0.00 0.00 0.00 1.00 0.25 1.00 0.58 1.00 0.29 1.00 0.69 1.00 0.00 0.00 0.00 1.00 0.34 1.00 0.81 1.00 0.00 0.00 0.00 1.00 0.00 0.00 0.00 1.00 0.34 1.00 0.81 1.00 0.38 1.00 0.93 1.00 0.00 0.00 0.00 1.00 0.40 1.00 0.98 1.00 0.00 0.00 0.00 1.00 0.00 0.00 0.00 1.00 0.40 1.00 0.98 1.00 0.40 1.00 0.99 1.00 0.00 0.00 0.00 1.00 0.40 1.00 0.98 1.00 0.00 0.00 0.00 1.00 0.00 0.00 0.00 1.00 0.40 1.00 0.98 1.00 0.38 1.00 0.93 1.00 0.00 0.00 0.00 1.00 0.35 1.00 0.83 1.00 0.00 0.00 0.00 1.00 0.00 0.00 0.00 1.00 0.35 1.00 0.83 1.00 0.30 1.00 0.71 1.00 0.00 0.00 0.00 1.00 0.25 1.00 0.59 1.00 0.00 0.00 0.00 1.00 0.00 0.00 0.00 1.00 0.25 1.00 0.59 1.00 0.22 1.00 0.51 1.00 0.00 0.00 0.00 1.00 0.20 0.93 0.40 1.00 0.00 0.00 0.00 1.00 0.00 0.00 0.00 1.00 0.20 0.93 0.40 1.00 0.19 0.81 0.37 1.00 0.00 0.00 0.00 1.00 0.20 1.00 0.45 1.00 0.34 1.00 0.75 1.00 0.34 1.00 0.79 1.00 0.34 1.00 0.79 1.00 0.34 1.00 0.76 1.00 0.34 1.00 0.73 1.00 0.34 1.00 0.73 1.00 0.33 1.00 0.73 1.00 0.33 1.00 0.73 1.00 0.33 1.00 0.73 1.00 0.32 1.00 0.73 1.00 0.32 1.00 0.74 1.00 0.32 1.00 0.74 1.00 0.32 1.00 0.75 1.00 0.32 1.00 0.75 1.00 0.32 1.00 0.75 1.00 0.32 1.00 0.76 1.00 0.33 1.00 0.83 1.00 0.33 1.00 0.83 1.00 0.33 1.00 0.83 1.00 0.34 1.00 0.84 1.00 0.34 1.00 0.84 1.00 0.34 1.00 0.84 1.00 0.34 1.00 0.83 1.00 0.34 1.00 0.83 1.00 0.29 1.00 0.68 1.00 0.30 1.00 0.62 1.00 0.32 1.00 0.76 1.00 0.34 1.00 0.73 1.00 0.32 1.00 0.76 1.00 0.34 1.00 0.82 1.00 0.33 1.00 0.73 1.00 0.36 1.00 0.87 1.00 0.33 1.00 0.73 1.00 0.36 1.00 0.87 1.00 0.37 1.00 0.92 1.00 0.32 1.00 0.74 1.00 0.38 1.00 0.95 1.00 0.32 1.00 0.74 1.00 0.38 1.00 0.95 1.00 0.39 1.00 0.97 1.00 0.32 1.00 0.75 1.00 0.38 1.00 0.96 1.00 0.32 1.00 0.75 1.00 0.38 1.00 0.96 1.00 0.38 1.00 0.93 1.00 0.33 1.00 0.83 1.00 0.36 1.00 0.80 1.00 0.33 1.00 0.83 1.00 0.36 1.00 0.80 1.00 0.34 1.00 0.81 1.00 0.34 1.00 0.84 1.00 0.32 1.00 0.52 1.00 0.34 1.00 0.84 1.00 0.32 1.00 0.52 1.00 0.30 1.00 0.56 1.00 0.34 1.00 0.83 1.00 0.29 1.00 0.67 1.00 0.29 1.00 0.67 1.00 0.29 1.00 0.59 1.00 0.29 1.00 0.68 1.00 0.08 0.14 0.08 1.00 0.07 0.12 0.07 1.00 0.02 0.03 0.02 1.00 0.02 0.07 0.03 1.00 0.06 0.21 0.08 1.00 0.11 0.36 0.16 1.00 0.04 0.11 0.05 1.00 0.11 0.27 0.13 1.00 0.03 0.05 0.03 1.00 0.12 0.20 0.12 1.00 0.04 0.05 0.04 1.00 0.11 0.32 0.14 1.00 0.06 0.13 0.07 1.00 0.11 0.36 0.15 1.00 0.03 0.13 0.05 1.00 0.12 0.36 0.20 1.00 0.07 0.20 0.10 1.00 0.08 0.20 0.13 1.00 0.02 0.07 0.03 1.00 0.02 0.03 0.02 1.00 0.15 0.36 0.31 1.00 0.41 0.73 0.51 1.00 0.14 0.36 0.24 1.00 0.55 0.98 0.89 1.00 0.11 0.36 0.27 1.00 0.41 0.73 0.72 1.00 0.09 0.36 0.18 1.00 0.07 0.24 0.12 1.00 0.07 0.20 0.11 1.00 0.11 0.36 0.18 1.00 0.12 0.36 0.22 1.00 0.11 0.36 0.22 1.00 0.55 0.98 0.62 1.00 0.34 0.61 0.41 1.00 0.08 0.16 0.08 1.00 0.08 0.17 0.09 1.00 0.34 0.61 0.43 1.00 0.09 0.26 0.11 1.00 0.19 0.36 0.25 1.00 0.03 0.05 0.03 1.00 0.49 0.98 0.67 1.00 0.31 0.61 0.42 1.00 0.06 0.20 0.08 1.00 0.08 0.30 0.11 1.00 0.07 0.24 0.09 1.00 0.01 0.03 0.01 1.00 0.11 0.20 0.11 1.00 0.09 0.15 0.09 1.00 0.11 0.36 0.18 1.00 0.09 0.36 0.13 1.00 0.07 0.27 0.10 1.00 0.01 0.04 0.02 1.00 0.05 0.15 0.06 1.00 0.04 0.09 0.05 1.00 0.09 0.20 0.14 1.00 0.09 0.20 0.11 1.00 0.07 0.17 0.08 1.00 0.07 0.13 0.07 1.00 0.04 0.11 0.05 1.00 0.05 0.08 0.05 1.00 0.07 0.18 0.09 1.00 0.05 0.17 0.06 1.00 0.07 0.15 0.07 1.00 0.02 0.06 0.03 1.00 0.02 0.02 0.02 1.00 0.06 0.09 0.06 1.00 0.03 0.04 0.03 1.00 0.07 0.13 0.07 1.00 0.02 0.03 0.02 1.00 0.06 0.20 0.09 1.00 0.04 0.07 0.04 1.00 0.09 0.16 0.09 1.00 0.05 0.10 0.05 1.00 0.35 0.55 0.35 1.00 0.04 0.08 0.05 1.00 0.18 0.29 0.18 1.00 0.02 0.03 0.02 1.00 0.06 0.08 0.07 1.00 0.02 0.06 0.03 1.00 0.09 0.13 0.12 1.00 0.11 0.36 0.22 1.00 0.09 0.36 0.22 1.00 0.11 0.36 0.26 1.00 0.12 0.36 0.23 1.00 0.11 0.36 0.20 1.00 0.09 0.36 0.18 1.00 0.09 0.36 0.15 1.00 0.09 0.36 0.18 1.00 0.09 0.36 0.20 1.00 0.09 0.36 0.22 1.00 0.07 0.20 0.12 1.00 0.07 0.20 0.13 1.00 0.00 0.00 0.00 1.00 0.00 0.00 0.00 1.00 0.07 0.20 0.15 1.00 0.00 0.00 0.00 1.00 0.05 0.20 0.10 1.00 0.05 0.20 0.09 1.00 0.00 0.00 0.00 1.00 0.00 0.00 0.00 1.00 0.07 0.20 0.16 1.00 0.00 0.00 0.00 1.00 0.05 0.20 0.12 1.00 0.05 0.20 0.11 1.00 0.00 0.00 0.00 1.00 0.00 0.00 0.00 1.00 0.07 0.20 0.13 1.00 0.00 0.00 0.00 1.00 0.06 0.20 0.12 1.00 0.07 0.20 0.16 1.00 0.00 0.00 0.00 1.00 0.00 0.00 0.00 1.00 0.07 0.20 0.09 1.00 0.07 0.20 0.16 1.00 0.00 0.00 0.00 1.00 0.00 0.00 0.00 1.00 0.07 0.20 0.13 1.00 0.00 0.00 0.00 1.00 0.05 0.20 0.12 1.00 0.00 0.00 0.00 1.00 0.05 0.20 0.12 1.00 0.00 0.00 0.00 1.00 0.15 0.49 0.21 1.00 0.07 0.24 0.12 1.00 0.07 0.19 0.11 1.00 0.15 0.49 0.20 1.00 0.15 0.25 0.15 1.00 0.15 0.36 0.26 1.00 0.02 0.04 0.03 1.00 0.07 0.20 0.09 1.00 0.02 0.03 0.02 1.00 0.07 0.11 0.07 1.00 0.32 0.57 0.34 1.00 0.08 0.14 0.08 1.00 0.03 0.13 0.05 1.00 0.19 0.30 0.19 1.00 0.34 0.61 0.49 1.00 0.04 0.11 0.05 1.00 0.06 0.20 0.09 1.00 0.02 0.07 0.03 1.00 0.03 0.04 0.03 1.00 0.11 0.36 0.28 1.00 0.10 0.36 0.21 1.00 0.48 0.85 0.78 1.00 0.11 0.36 0.16 1.00 0.04 0.12 0.05 1.00 0.06 0.16 0.07 1.00 0.18 0.27 0.18 1.00 0.07 0.09 0.07 1.00 0.07 0.18 0.10 1.00 0.10 0.25 0.14 1.00 0.09 0.36 0.22 1.00 0.12 0.36 0.28 1.00 0.07 0.18 0.10 1.00 0.07 0.07 0.07 1.00 0.06 0.20 0.09 1.00 0.33 0.68 0.44 1.00 0.35 0.73 0.47 1.00 0.27 0.43 0.38 1.00 0.29 0.51 0.44 1.00 0.32 0.64 0.41 1.00 0.29 0.52 0.37 1.00 0.31 0.55 0.47 1.00 0.27 0.43 0.38 1.00 0.35 0.73 0.47 1.00 0.33 0.68 0.44 1.00 0.28 0.42 0.28 1.00 0.34 0.66 0.40 1.00 0.29 0.52 0.37 1.00 0.32 0.64 0.41 1.00 0.29 0.44 0.29 1.00 0.34 0.69 0.42 1.00 0.09 0.13 0.09 1.00 0.14 0.21 0.14 1.00 0.36 0.70 0.41 1.00 0.37 0.65 0.37 1.00 0.14 0.22 0.14 1.00 0.10 0.15 0.10 1.00 0.31 0.60 0.33 1.00 0.33 0.53 0.33 1.00 0.28 0.42 0.28 1.00 0.34 0.66 0.40 1.00 0.37 0.65 0.37 1.00 0.36 0.70 0.41 1.00 0.29 0.44 0.29 1.00 0.34 0.69 0.42 1.00 0.33 0.53 0.33 1.00 0.31 0.60 0.33 1.00 0.56 1.00 0.91 1.00 0.29 0.51 0.44 1.00 0.46 0.75 0.65 1.00 0.35 0.73 0.47 1.00 0.31 0.60 0.33 1.00 0.45 0.76 0.45 1.00 0.14 0.22 0.14 1.00 0.09 0.12 0.09 1.00 0.32 0.64 0.41 1.00 0.51 1.00 0.72 1.00 0.34 0.69 0.42 1.00 0.51 1.00 0.65 1.00 0.51 1.00 0.72 1.00 0.51 1.00 0.65 1.00 0.51 1.00 0.64 1.00 0.51 1.00 0.64 1.00 0.28 0.42 0.28 1.00 0.49 0.96 0.54 1.00 0.37 0.65 0.37 1.00 0.31 0.55 0.47 1.00 0.55 1.00 0.87 1.00 0.55 1.00 0.87 1.00 0.49 0.96 0.54 1.00 0.37 0.65 0.37 1.00 0.09 0.33 0.13 1.00 0.14 0.21 0.14 1.00 0.45 0.76 0.45 1.00 0.09 0.12 0.09 1.00 0.51 1.00 0.65 1.00 0.45 0.76 0.45 1.00 0.28 0.42 0.28 1.00 0.34 0.69 0.42 1.00 0.51 1.00 0.65 1.00 0.31 0.60 0.33 1.00 0.45 0.76 0.45 1.00 0.08 0.13 0.08 1.00 0.11 0.20 0.11 1.00 0.33 0.74 0.37 1.00 0.38 0.64 0.38 1.00 0.14 0.22 0.14 1.00 0.36 0.60 0.36 1.00 0.13 0.23 0.13 1.00 0.31 0.47 0.31 1.00 0.31 0.47 0.31 1.00 0.36 0.60 0.36 1.00 0.37 0.64 0.37 1.00 0.29 0.42 0.29 1.00 0.32 1.00 0.42 1.00 0.08 0.13 0.08 1.00 0.11 0.19 0.11 1.00 0.22 0.29 0.26 1.00 0.00 0.00 0.00 1.00 0.31 0.55 0.35 1.00 0.38 0.83 0.48 1.00 0.35 0.58 0.35 1.00 0.29 1.00 0.43 1.00 0.11 0.17 0.11 1.00 0.11 0.11 0.08 1.00 0.05 0.05 0.04 1.00 0.11 0.11 0.08 1.00 0.11 0.20 0.10 1.00 0.11 0.11 0.08 1.00 0.11 0.11 0.08 1.00 0.29 0.43 0.29 1.00 0.22 0.31 0.28 1.00 0.19 0.20 0.20 1.00 0.19 0.19 0.19 1.00 0.21 0.25 0.24 1.00 0.45 1.00 0.59 1.00 0.10 0.51 0.17 1.00 0.00 0.00 0.00 1.00 0.29 0.82 0.36 1.00 0.11 0.16 0.09 1.00 0.13 0.21 0.13 1.00 0.31 0.47 0.31 1.00 0.08 0.13 0.08 1.00 0.35 0.58 0.35 1.00 0.23 0.31 0.28 1.00 0.08 0.08 0.08 1.00 0.15 0.23 0.15 1.00 0.00 0.01 0.00 1.00 0.00 0.00 0.00 1.00 0.04 0.07 0.04 1.00 0.13 0.23 0.13 1.00 0.05 0.05 0.04 1.00 0.19 0.19 0.19 1.00 0.19 0.19 0.19 1.00 0.19 0.19 0.19 1.00 0.19 0.19 0.19 1.00 0.08 0.08 0.08 1.00 0.19 0.19 0.19 1.00 0.21 0.50 0.25 1.00 0.21 0.50 0.25 1.00 0.21 0.50 0.25 1.00 0.21 0.50 0.25 1.00 0.14 0.44 0.26 1.00 0.19 1.00 0.47 1.00 0.14 0.49 0.28 1.00 0.19 1.00 0.49 1.00 0.17 0.55 0.29 1.00 0.14 0.77 0.36 1.00 0.19 0.40 0.25 1.00 0.19 0.67 0.33 1.00 0.25 0.87 0.36 1.00 0.19 0.35 0.24 1.00 0.24 1.00 0.49 1.00 0.19 0.77 0.36 1.00 0.14 0.49 0.28 1.00 0.14 0.87 0.39 1.00 0.19 0.54 0.29 1.00 0.19 0.64 0.32 1.00 0.19 0.75 0.35 1.00 0.19 0.87 0.39 1.00 0.19 0.64 0.32 1.00 0.19 0.80 0.37 1.00 0.19 0.44 0.27 1.00 0.20 0.89 0.37 1.00 0.20 1.00 0.47 1.00 0.14 0.97 0.42 1.00 0.14 0.59 0.31 1.00 0.17 1.00 0.43 1.00 0.19 0.33 0.23 1.00 0.19 0.43 0.26 1.00 0.14 0.68 0.33 1.00 0.14 0.82 0.38 1.00 0.14 0.67 0.33 1.00 0.14 0.97 0.42 1.00 0.19 0.82 0.37 1.00 0.25 0.85 0.36 1.00 0.19 0.67 0.33 1.00 0.24 0.31 0.24 1.00 0.19 0.38 0.25 1.00 0.19 0.20 0.19 1.00 0.19 0.59 0.31 1.00 0.19 0.39 0.25 1.00 0.19 0.56 0.30 1.00 0.19 0.51 0.28 1.00 0.19 0.47 0.27 1.00 0.19 0.54 0.29 1.00 0.19 0.39 0.25 1.00 0.19 0.23 0.20 1.00 0.19 0.33 0.23 1.00 0.19 0.36 0.24 1.00 0.25 0.41 0.27 1.00 0.28 1.00 0.42 1.00 0.19 0.75 0.35 1.00 0.19 0.67 0.33 1.00 0.19 1.00 0.45 1.00 0.28 0.47 0.29 1.00 0.24 1.00 0.47 1.00 0.30 1.00 0.50 1.00 0.27 0.47 0.29 1.00 0.29 1.00 0.49 1.00 0.14 0.60 0.31 1.00 0.14 0.86 0.39 1.00 0.27 1.00 0.53 1.00 0.14 0.95 0.42 1.00 0.30 1.00 0.54 1.00 0.14 1.00 0.44 1.00 0.19 0.67 0.33 1.00 0.19 0.56 0.30 1.00 0.19 0.51 0.28 1.00 0.19 0.44 0.26 1.00 0.26 0.58 0.31 1.00 0.19 0.75 0.36 1.00 0.27 0.69 0.33 1.00 0.19 0.62 0.32 1.00 0.19 1.00 0.47 1.00 0.25 1.00 0.58 1.00 0.28 0.41 0.28 1.00 0.31 1.00 0.59 1.00 0.14 0.95 0.42 1.00 0.14 0.60 0.31 1.00 0.14 0.88 0.39 1.00 0.14 1.00 0.44 1.00 0.19 0.67 0.33 1.00 0.19 0.47 0.27 1.00 0.19 0.67 0.33 1.00 0.19 0.63 0.32 1.00 0.19 0.75 0.36 1.00 0.19 0.75 0.35 1.00 0.19 0.80 0.37 1.00 0.19 0.59 0.31 1.00 0.19 1.00 0.45 1.00 0.19 1.00 0.47 1.00 0.19 1.00 0.47 1.00 0.27 1.00 0.65 1.00 0.28 0.41 0.28 1.00 0.19 1.00 0.47 1.00 0.30 1.00 0.55 1.00 0.24 1.00 0.48 1.00 0.14 0.95 0.42 1.00 0.14 0.66 0.33 1.00 0.27 1.00 0.53 1.00 0.29 1.00 0.56 1.00 0.14 0.60 0.31 1.00 0.27 0.47 0.29 1.00 0.14 0.74 0.35 1.00 0.29 1.00 0.56 1.00 0.19 0.19 0.19 1.00 0.19 0.40 0.25 1.00 0.19 0.67 0.33 1.00 0.19 0.63 0.32 1.00 0.19 1.00 0.47 1.00 0.19 1.00 0.45 1.00 0.27 1.00 0.69 1.00 0.19 1.00 0.46 1.00 0.14 0.60 0.31 1.00 0.14 0.90 0.40 1.00 0.14 0.95 0.42 1.00 0.14 1.00 0.45 1.00 0.19 0.75 0.35 1.00 0.25 0.41 0.27 1.00 0.19 0.62 0.31 1.00 0.26 0.81 0.35 1.00 0.28 0.47 0.29 1.00 0.30 1.00 0.53 1.00 0.19 1.00 0.45 1.00 0.25 1.00 0.53 1.00 0.19 0.46 0.27 1.00 0.19 0.19 0.19 1.00 0.19 0.43 0.26 1.00 0.19 0.30 0.22 1.00 0.19 0.75 0.36 1.00 0.19 0.70 0.34 1.00 0.26 0.58 0.31 1.00 0.28 0.76 0.35 1.00 0.19 0.19 0.19 1.00 0.19 0.39 0.25 1.00 0.19 0.23 0.20 1.00 0.19 0.49 0.27 1.00 0.19 0.75 0.35 1.00 0.19 0.51 0.28 1.00 0.19 0.75 0.36 1.00 0.19 0.62 0.31 1.00 0.19 0.32 0.23 1.00 0.19 0.44 0.26 1.00 0.23 0.55 0.29 1.00 0.19 0.70 0.34 1.00 0.21 1.00 0.65 1.00 0.21 0.69 0.33 1.00 0.21 0.78 0.35 1.00 0.21 1.00 0.58 1.00 0.19 1.00 0.45 1.00 0.14 0.73 0.35 1.00 0.19 0.70 0.34 1.00 0.19 0.26 0.21 1.00 0.27 0.66 0.33 1.00 0.19 0.89 0.40 1.00 0.27 1.00 0.61 1.00 0.26 1.00 0.43 1.00 0.14 0.93 0.41 1.00 0.14 0.65 0.33 1.00 0.19 0.66 0.33 1.00 0.19 0.46 0.27 1.00 0.19 0.63 0.32 1.00 0.19 0.71 0.34 1.00 0.19 0.70 0.34 1.00 0.19 0.91 0.40 1.00 0.21 0.69 0.34 1.00 0.21 1.00 0.68 1.00 0.21 1.00 0.67 1.00 0.21 0.97 0.39 1.00 0.14 0.97 0.42 1.00 0.19 0.63 0.31 1.00 0.19 0.45 0.27 1.00 0.19 0.46 0.27 1.00 0.14 0.87 0.39 1.00 0.14 1.00 0.49 1.00 0.14 1.00 0.47 1.00 0.14 0.97 0.42 1.00 0.19 0.60 0.31 1.00 0.27 0.75 0.35 1.00 0.26 0.49 0.29 1.00 0.27 1.00 0.66 1.00 0.19 0.21 0.19 1.00 0.19 0.53 0.29 1.00 0.19 0.48 0.27 1.00 0.24 0.42 0.26 1.00 0.19 0.19 0.19 1.00 0.19 0.26 0.21 1.00 0.19 0.19 0.19 1.00 0.19 0.19 0.19 1.00 0.19 0.19 0.19 1.00 0.19 0.19 0.19 1.00 0.19 0.19 0.19 1.00 0.19 0.19 0.19 1.00 0.24 0.82 0.47 1.00 0.24 0.69 0.43 1.00 0.19 0.19 0.19 1.00 0.19 0.19 0.19 1.00 0.24 0.85 0.36 1.00 0.13 0.13 0.13 1.00 0.27 0.45 0.29 1.00 0.25 1.00 0.46 1.00 0.24 0.31 0.24 1.00 0.25 1.00 0.47 1.00 0.19 0.19 0.19 1.00 0.28 1.00 0.43 1.00 0.28 0.85 0.36 1.00 0.13 0.13 0.13 1.00 0.13 0.13 0.13 1.00 0.43 0.78 0.43 1.00 0.36 0.60 0.36 1.00 0.35 0.58 0.35 1.00 0.31 0.49 0.31 1.00 0.44 0.79 0.44 1.00 0.35 0.59 0.35 1.00 0.39 0.68 0.39 1.00 0.33 0.54 0.33 1.00 0.35 0.58 0.35 1.00 0.38 0.65 0.38 1.00 0.50 0.94 0.50 1.00 0.27 0.40 0.27 1.00 0.19 0.19 0.19 1.00 0.28 0.41 0.28 1.00 0.19 0.19 0.19 1.00 0.09 0.13 0.12 1.00 0.09 0.13 0.12 1.00 0.25 0.40 0.35 1.00 0.25 0.39 0.35 1.00 0.38 0.87 0.52 1.00 0.27 0.39 0.27 1.00 0.37 0.63 0.37 1.00 0.49 0.91 0.49 1.00 0.28 0.94 0.39 1.00 0.26 0.70 0.33 1.00 0.21 0.26 0.24 1.00 0.27 0.45 0.40 1.00 0.26 0.43 0.37 1.00 0.25 0.38 0.34 1.00 0.19 0.19 0.19 1.00 0.08 0.08 0.08 1.00 0.22 0.29 0.26 1.00 0.09 0.11 0.11 1.00 0.22 0.29 0.26 1.00 0.19 0.19 0.19 1.00 0.22 0.31 0.28 1.00 0.19 0.19 0.19 1.00 0.09 0.13 0.12 1.00 0.09 0.13 0.12 1.00 0.13 0.13 0.13 1.00 0.13 0.13 0.13 1.00 0.31 0.49 0.31 1.00 0.13 0.13 0.13 1.00 0.13 0.13 0.13 1.00 0.34 0.55 0.34 1.00 0.28 0.42 0.28 1.00 0.45 0.81 0.45 1.00 0.39 0.68 0.39 1.00 0.44 0.80 0.44 1.00 0.19 0.19 0.19 1.00 0.09 0.13 0.12 1.00 0.08 0.08 0.08 1.00 0.28 0.40 0.28 1.00 0.19 0.19 0.19 1.00 0.09 0.13 0.12 1.00 0.09 0.13 0.12 1.00 0.09 0.13 0.12 1.00 0.19 0.19 0.19 1.00 0.13 0.13 0.13 1.00 0.13 0.13 0.13 1.00 0.13 0.13 0.13 1.00 0.09 0.13 0.12 1.00 0.25 0.35 0.25 1.00 0.19 0.19 0.19 1.00 0.26 1.00 0.41 1.00 0.26 0.91 0.37 1.00 0.13 0.13 0.13 1.00 0.08 0.08 0.08 1.00 0.25 0.35 0.25 1.00 0.26 1.00 0.46 1.00 0.13 0.13 0.13 1.00 0.19 0.19 0.19 1.00 0.19 0.19 0.19 1.00 0.22 0.30 0.27 1.00 0.19 0.19 0.19 1.00 0.09 0.11 0.11 1.00 0.23 0.31 0.28 1.00 0.22 0.29 0.27 1.00 0.19 0.19 0.19 1.00 0.08 0.08 0.08 1.00 0.20 0.22 0.22 1.00 0.20 0.21 0.21 1.00 0.08 0.08 0.08 1.00 0.22 0.28 0.26 1.00 0.22 0.28 0.26 1.00 0.22 0.29 0.27 1.00 0.22 0.30 0.27 1.00 0.29 1.00 0.68 1.00 0.30 1.00 0.62 1.00 0.24 1.00 0.55 1.00 0.25 1.00 0.55 1.00 0.28 1.00 0.65 1.00 0.21 1.00 0.76 1.00 0.32 1.00 0.76 1.00 0.35 1.00 0.85 1.00 0.38 1.00 0.93 1.00 0.40 1.00 0.97 1.00 0.41 1.00 0.98 1.00 0.40 1.00 0.96 1.00 0.38 1.00 0.91 1.00 0.35 1.00 0.82 1.00 0.32 1.00 0.75 1.00 0.28 1.00 0.69 1.00 0.25 1.00 0.60 1.00 0.24 1.00 0.55 1.00 0.23 1.00 0.54 1.00 0.29 1.00 0.59 1.00 0.32 1.00 0.76 1.00 0.34 1.00 0.82 1.00 0.36 1.00 0.87 1.00 0.37 1.00 0.92 1.00 0.38 1.00 0.95 1.00 0.39 1.00 0.97 1.00 0.38 1.00 0.96 1.00 0.38 1.00 0.93 1.00 0.36 1.00 0.80 1.00 0.34 1.00 0.81 1.00 0.32 1.00 0.52 1.00 0.30 1.00 0.56 1.00 0.29 1.00 0.67 1.00 0.20 0.22 0.22 1.00 0.22 0.28 0.26 1.00 0.20 0.23 0.22 1.00 0.19 0.19 0.19 1.00 0.22 0.28 0.26 1.00 0.19 0.19 0.19 1.00 0.22 0.29 0.27 1.00 0.19 0.19 0.19 1.00 0.22 0.30 0.27 1.00 0.20 0.21 0.21 1.00 0.19 0.19 0.19 1.00 0.20 0.21 0.21 1.00 0.20 0.23 0.22 1.00 0.19 0.19 0.19 1.00 0.19 0.19 0.19 1.00 0.19 0.19 0.19 1.00 0.19 0.19 0.19 1.00 0.23 0.33 0.29 1.00 0.22 0.31 0.28 1.00 0.19 0.19 0.19 1.00 0.19 0.19 0.19 1.00 0.22 0.30 0.27 1.00 0.19 0.19 0.19 1.00 0.19 0.19 0.19 1.00 0.19 0.19 0.19 1.00 0.32 1.00 0.44 1.00 0.31 1.00 0.48 1.00 0.09 0.27 0.12 1.00 0.31 1.00 0.48 1.00 0.09 0.29 0.12 1.00 0.31 1.00 0.48 1.00 0.28 1.00 0.46 1.00 0.09 0.26 0.11 1.00 0.09 0.29 0.12 1.00 0.36 1.00 0.63 1.00 0.06 0.13 0.08 1.00 0.23 0.73 0.33 1.00 0.24 1.00 0.40 1.00 0.23 0.73 0.33 1.00 0.19 0.56 0.30 1.00 0.06 0.12 0.08 1.00 0.06 0.11 0.07 1.00 0.24 1.00 0.40 1.00 0.24 0.89 0.37 1.00 0.06 0.11 0.08 1.00 0.06 0.11 0.08 1.00 0.24 0.89 0.37 1.00 0.08 0.20 0.10 1.00 0.27 1.00 0.41 1.00 0.28 1.00 0.48 1.00 0.35 1.00 0.58 1.00 0.28 0.89 0.38 1.00 0.10 0.30 0.13 1.00 0.10 0.30 0.13 1.00 0.35 1.00 0.58 1.00 0.38 1.00 0.64 1.00 0.11 0.38 0.15 1.00 0.31 1.00 0.48 1.00 0.09 0.31 0.13 1.00 0.36 1.00 0.63 1.00 0.09 0.31 0.13 1.00 0.09 0.31 0.13 1.00 0.36 1.00 0.62 1.00 0.28 1.00 0.48 1.00 0.24 0.98 0.39 1.00 0.24 0.98 0.39 1.00 0.19 0.58 0.31 1.00 0.24 0.95 0.38 1.00 0.24 0.95 0.38 1.00 0.28 1.00 0.47 1.00 0.35 1.00 0.61 1.00 0.35 1.00 0.61 1.00 0.38 1.00 0.66 1.00 0.36 1.00 0.62 1.00 0.38 1.00 0.66 1.00 0.34 1.00 0.52 1.00 0.36 1.00 0.56 1.00 0.33 1.00 1.00 1.00 0.29 1.00 0.41 1.00 0.34 1.00 0.52 1.00 0.20 0.42 0.25 1.00 0.28 1.00 0.41 1.00 0.21 0.57 0.29 1.00 0.20 0.42 0.25 1.00 0.19 0.31 0.22 1.00 0.21 0.57 0.29 1.00 0.19 0.41 0.25 1.00 0.20 0.36 0.24 1.00 0.21 0.54 0.29 1.00 0.20 0.36 0.24 1.00 0.28 0.88 0.38 1.00 0.21 0.54 0.29 1.00 0.28 0.97 0.40 1.00 0.33 1.00 0.49 1.00 0.38 1.00 0.58 1.00 0.33 1.00 0.49 1.00 0.33 1.00 0.50 1.00 0.34 1.00 0.52 1.00 0.27 0.82 0.36 1.00 0.27 1.00 0.41 1.00 0.28 0.89 0.38 1.00 0.08 0.20 0.10 1.00 0.23 0.73 0.33 1.00 0.19 0.41 0.25 1.00 0.06 0.13 0.08 1.00 0.06 0.12 0.08 1.00 0.28 1.00 0.48 1.00 0.36 1.00 0.62 1.00 0.34 1.00 0.52 1.00 0.36 1.00 0.62 1.00 0.24 0.98 0.39 1.00 0.24 0.98 0.39 1.00 0.19 0.58 0.31 1.00 0.24 0.95 0.38 1.00 0.28 1.00 0.47 1.00 0.24 0.95 0.38 1.00 0.35 1.00 0.61 1.00 0.33 1.00 0.50 1.00 0.35 1.00 0.61 1.00 0.10 0.14 0.10 1.00 0.37 1.00 0.45 1.00 0.35 0.56 0.35 1.00 0.09 0.14 0.09 1.00 0.08 0.13 0.11 1.00 0.08 0.12 0.11 1.00 0.09 0.15 0.13 1.00 0.22 0.28 0.26 1.00 0.11 0.25 0.16 1.00 0.22 0.28 0.26 1.00 0.34 0.70 0.45 1.00 0.08 0.11 0.10 1.00 0.10 0.16 0.11 1.00 0.22 0.30 0.27 1.00 0.40 0.56 0.50 1.00 0.08 0.06 0.15 1.00 0.08 0.06 0.15 1.00 0.62 1.00 1.00 1.00 0.58 1.00 0.94 1.00 0.25 0.39 0.34 1.00 0.25 0.38 0.34 1.00 0.25 0.40 0.35 1.00 0.22 0.31 0.28 1.00 0.08 0.06 0.15 1.00 0.22 0.29 0.26 1.00 0.26 0.40 0.35 1.00 0.25 0.39 0.34 1.00 0.25 0.38 0.34 1.00 0.22 0.29 0.26 1.00 </float_array>
                    <technique_common>
                        <accessor source="#geom-02F227FB-colors-array" count="1092" stride="4">
                            <param name="R" type="float" />
                            <param name="G" type="float" />
                            <param name="B" type="float" />
                            <param name="A" type="float" />
                        </accessor>
                    </technique_common>
                </source>
                <vertices id="geom-02F227FB-vtx">
                    <input semantic="POSITION" source="#geom-02F227FB-pos" />
                </vertices>
                <triangles count="207" material="material-00F2C0D8-symbol">
                    <input semantic="VERTEX" source="#geom-02F227FB-vtx" offset="0" />
                    <input semantic="TEXCOORD" source="#geom-02F227FB-texcoord" offset="0" />
                    <input semantic="COLOR" source="#geom-02F227FB-colors" offset="0" />
                    <p>0 1 2 2 43 0 42 43 2 42 69 43 68 69 42 2 1 3 3 1 80 80 1 81 4 5 6 6 5 7 6 7 47 47 7 46 46 45 47 44 45 46 44 79 45 78 79 44 8 9 10 8 57 9 56 57 8 10 9 11 10 11 12 12 11 13 12 13 14 14 13 15 14 15 16 16 15 17 16 17 52 52 17 53 18 19 20 20 19 21 19 84 21 21 84 85 22 23 24 24 23 25 24 25 70 70 25 71 70 71 72 72 71 73 72 73 76 76 73 77 26 27 28 28 27 29 28 29 82 82 29 83 30 31 32 30 55 31 54 55 30 32 31 33 32 33 34 34 33 35 34 35 36 36 35 37 36 37 38 38 37 39 38 39 40 40 39 41 48 49 50 48 90 49 50 49 51 50 51 74 74 51 75 58 59 60 59 61 60 61 62 60 63 64 65 65 64 66 66 67 65 86 87 88 88 87 89 </p>
                </triangles>
            </mesh>
        </geometry>
        <geometry id="geom-028367D9" name="geom-028367D9">
            <mesh>
                <source id="geom-028367D9-pos">
                    <float_array id="geom-028367D9-pos-array" count="3003">1829.98 340.46 2374.38 1806.56 367.00 2356.36 1859.80 350.00 2392.96 1789.34 340.46 2414.00 1768.79 360.94 2373.70 1756.92 338.91 2380.76 1756.92 338.91 2380.76 1768.79 360.94 2373.70 1723.12 350.25 2300.85 1734.78 374.18 2288.58 1774.01 369.88 2282.02 1775.08 350.25 2270.85 1766.21 409.16 2198.89 1773.51 397.22 2184.72 1723.12 350.25 2300.85 1734.78 374.18 2288.58 1721.54 397.22 2214.72 1736.99 412.62 2215.07 1775.08 350.25 2270.85 1774.01 369.88 2282.02 1808.88 338.91 2350.76 1806.56 367.00 2356.36 1801.09 316.38 2355.26 1765.63 329.02 2272.47 1808.88 338.91 2350.76 1775.08 350.25 2270.85 1746.73 320.25 2281.74 1742.78 368.76 2191.50 1765.63 329.02 2272.47 1762.39 377.30 2183.46 1729.26 329.02 2293.47 1726.02 377.30 2204.46 1723.12 350.25 2300.85 1721.54 397.22 2214.72 1775.08 350.25 2270.85 1773.51 397.22 2184.72 1782.90 307.38 2365.76 1746.73 320.25 2281.74 1764.72 316.38 2376.26 1729.26 329.02 2293.47 1723.12 350.25 2300.85 1756.92 338.91 2380.76 1808.88 338.91 2350.76 1830.50 350.00 2442.20 2013.76 465.42 2530.39 2024.24 470.00 2579.77 2011.29 450.46 2543.94 2025.13 456.03 2594.45 1998.31 439.98 2498.86 1981.86 427.38 2508.37 1997.38 439.17 2554.86 1966.99 439.94 2516.95 1981.69 449.94 2555.84 1960.01 446.36 2523.77 1974.86 465.42 2554.00 1958.32 455.45 2520.38 1976.02 413.46 2467.89 1977.94 435.50 2456.38 1998.31 439.98 2498.86 2001.81 454.45 2489.25 1870.30 326.00 2411.14 1882.46 350.00 2412.20 1947.60 380.00 2445.03 1930.78 386.00 2425.88 1962.81 406.08 2478.74 1947.60 380.00 2445.03 1936.80 380.58 2461.56 1936.80 380.58 2461.56 1862.95 325.00 2430.40 1918.48 388.26 2465.29 1945.58 412.58 2484.68 1918.48 388.26 2465.29 1847.18 332.44 2438.90 1929.73 430.00 2477.87 1908.36 407.00 2463.07 1908.36 407.00 2463.07 1833.10 340.41 2445.06 1830.50 350.00 2442.20 1870.30 326.00 2411.14 1831.33 314.91 2385.72 1859.80 350.00 2392.96 1829.98 340.46 2374.38 1818.56 309.91 2400.60 1801.09 316.38 2355.26 1782.90 307.38 2365.76 1800.12 318.41 2410.67 1764.72 316.38 2376.26 1789.34 340.46 2414.00 1756.92 338.91 2380.76 1877.95 411.18 2519.30 1914.75 434.52 2529.16 1872.69 419.87 2515.53 1910.26 445.21 2525.25 1919.80 427.10 2522.88 1960.01 446.36 2523.77 1966.99 439.94 2516.95 1883.82 414.38 2497.07 1914.47 436.51 2504.18 1890.36 408.30 2502.75 1918.94 427.66 2510.73 1942.98 453.00 2497.36 1949.09 438.38 2500.31 1861.57 387.88 2505.39 1854.14 394.15 2499.64 1849.05 368.10 2486.77 1840.91 375.34 2480.68 1833.10 340.41 2445.06 1830.50 350.00 2442.20 1867.38 369.95 2472.35 1847.18 332.44 2438.90 1854.06 350.58 2444.12 1877.37 388.07 2492.23 1872.45 396.15 2487.34 1808.88 338.91 2350.76 1862.95 325.00 2430.40 1847.18 332.44 2438.90 1833.10 340.41 2445.06 1830.50 350.00 2442.20 1949.17 401.00 2433.74 1981.86 427.38 2508.37 1966.99 439.94 2516.95 1949.09 438.38 2500.31 1942.98 453.00 2497.36 2010.17 443.97 2607.40 2019.24 447.78 2602.97 2001.81 454.45 2489.25 1998.45 447.23 2605.87 1991.66 453.55 2600.91 1983.33 470.00 2584.91 1887.05 405.68 2512.66 1872.44 383.45 2501.34 1861.60 365.41 2482.63 1958.32 455.45 2520.38 1856.96 369.00 2450.02 1863.30 377.95 2466.30 2049.80 105.60 2675.50 2057.59 105.60 2659.71 2049.76 140.00 2675.47 2057.54 140.00 2659.70 2058.74 105.60 2642.14 2058.69 140.00 2642.15 2058.74 105.60 2642.14 2053.08 105.60 2625.47 2058.69 140.00 2642.15 2053.04 140.00 2625.49 2041.47 105.60 2612.23 2041.44 140.00 2612.27 2041.47 105.60 2612.23 2025.68 105.60 2604.44 2041.44 140.00 2612.27 2025.67 140.00 2604.49 2008.11 105.60 2603.29 2008.12 140.00 2603.34 2008.11 105.60 2603.29 1991.44 105.60 2608.95 2008.12 140.00 2603.34 1991.46 140.00 2608.99 1978.20 105.60 2620.56 1978.24 140.00 2620.59 1978.20 105.60 2620.56 1970.41 105.60 2636.35 1978.24 140.00 2620.59 1970.46 140.00 2636.36 1969.26 105.60 2653.92 1969.31 140.00 2653.92 1969.26 105.60 2653.92 1974.92 105.60 2670.60 1969.31 140.00 2653.92 1974.96 140.00 2670.57 1986.53 105.60 2683.83 1986.56 140.00 2683.80 1986.53 105.60 2683.83 2002.32 105.60 2691.62 1986.56 140.00 2683.80 2002.33 140.00 2691.58 2019.89 105.60 2692.77 2019.88 140.00 2692.72 2019.89 105.60 2692.77 2036.52 105.60 2687.04 2019.88 140.00 2692.72 2036.54 140.00 2687.07 2049.80 105.60 2675.50 2049.76 140.00 2675.47 2031.08 140.00 2677.62 2041.10 140.00 2668.83 2041.10 140.00 2668.83 2047.00 140.00 2656.88 2047.87 140.00 2643.57 2047.87 140.00 2643.57 2043.59 140.00 2630.95 2034.80 140.00 2620.93 2034.80 140.00 2620.93 2022.84 140.00 2615.03 2009.54 140.00 2614.16 2009.54 140.00 2614.16 1996.92 140.00 2618.44 1986.90 140.00 2627.23 1986.90 140.00 2627.23 1981.00 140.00 2639.19 1980.13 140.00 2652.49 1980.13 140.00 2652.49 1984.41 140.00 2665.12 1993.20 140.00 2675.14 1993.20 140.00 2675.14 2005.16 140.00 2681.03 2018.46 140.00 2681.90 2018.46 140.00 2681.90 2038.83 136.67 2667.08 2044.23 136.67 2656.13 2045.03 136.67 2643.95 2047.87 140.00 2643.57 2045.03 136.67 2643.95 2041.10 136.67 2632.38 2034.80 140.00 2620.93 2033.05 136.67 2623.20 2034.80 140.00 2620.93 2033.05 136.67 2623.20 2022.10 136.67 2617.80 2009.54 140.00 2614.16 2009.92 136.67 2617.00 2009.54 140.00 2614.16 2009.92 136.67 2617.00 1998.35 136.67 2620.93 1986.90 140.00 2627.23 1989.17 136.67 2628.98 1986.90 140.00 2627.23 1989.17 136.67 2628.98 1983.77 136.67 2639.93 1980.13 140.00 2652.49 1982.97 136.67 2652.12 1980.13 140.00 2652.49 1982.97 136.67 2652.12 1986.90 136.67 2663.68 1993.20 140.00 2675.14 1994.95 136.67 2672.86 1993.20 140.00 2675.14 1994.95 136.67 2672.86 2005.90 136.67 2678.26 2018.46 140.00 2681.90 2018.08 136.67 2679.06 2018.08 136.67 2679.06 2029.65 136.67 2675.14 2038.83 136.67 2667.08 2085.91 140.00 2502.59 2085.91 110.00 2502.59 2046.94 130.00 2525.09 2046.94 110.00 2525.09 2024.44 110.00 2486.12 2035.94 120.00 2506.04 2046.94 110.00 2525.09 2024.44 120.00 2486.12 2046.94 130.00 2525.09 2035.94 130.00 2506.04 1891.06 110.00 2615.09 1880.06 120.00 2596.04 1868.56 110.00 2576.12 1868.56 120.00 2576.12 1891.06 130.00 2615.09 1880.06 130.00 2596.04 1852.09 110.00 2637.59 1852.09 140.00 2637.59 1891.06 130.00 2615.09 1891.06 110.00 2615.09 1928.32 140.00 2636.06 1925.70 140.00 2595.09 1852.09 140.00 2637.59 1969.00 140.00 2570.09 2007.57 140.00 2599.21 2012.30 140.00 2545.09 2099.68 140.00 2660.01 2108.04 140.00 2733.92 2159.02 140.00 2668.23 2093.78 140.00 2601.97 2043.98 140.00 2608.96 2056.65 140.00 2623.41 1958.00 130.00 2551.04 1914.70 130.00 2576.04 1969.00 130.00 2570.09 1925.70 130.00 2595.09 2001.30 130.00 2526.04 2012.30 130.00 2545.09 2035.94 130.00 2506.04 2046.94 130.00 2525.09 1946.50 120.00 2531.12 1903.20 120.00 2556.12 1958.00 120.00 2551.04 1914.70 120.00 2576.04 2130.91 140.00 2580.53 2130.91 110.00 2580.53 2085.91 140.00 2502.59 2085.91 110.00 2502.59 1852.09 140.00 2637.59 1852.09 110.00 2637.59 1897.09 140.00 2715.53 1897.09 110.00 2715.53 2012.30 130.00 2545.09 1969.00 130.00 2570.09 2012.30 140.00 2545.09 1969.00 140.00 2570.09 1958.00 130.00 2551.04 2001.30 130.00 2526.04 1958.00 120.00 2551.04 2001.30 120.00 2526.04 1914.70 130.00 2576.04 1914.70 120.00 2576.04 1880.06 130.00 2596.04 1880.06 120.00 2596.04 1960.93 110.00 2522.78 1989.80 120.00 2506.12 1989.80 110.00 2506.12 1885.88 120.00 2566.12 1885.88 110.00 2566.12 1868.56 120.00 2576.12 1868.56 110.00 2576.12 1925.70 140.00 2595.09 1925.70 130.00 2595.09 2007.12 120.00 2496.12 2035.94 120.00 2506.04 2024.44 120.00 2486.12 2175.91 140.00 2658.48 2175.91 110.00 2658.48 1942.09 140.00 2793.48 1942.09 110.00 2793.48 1934.22 140.00 2694.10 1984.02 140.00 2687.10 1971.35 140.00 2672.66 1965.18 140.00 2654.46 1966.43 140.00 2635.29 1981.53 140.00 2728.23 2020.43 140.00 2696.86 2001.26 140.00 2695.60 2062.83 140.00 2641.61 2061.57 140.00 2660.78 1966.43 140.00 2635.29 1965.18 140.00 2654.46 1970.41 105.60 2636.35 1969.26 105.60 2653.92 1971.35 140.00 2672.66 1974.92 105.60 2670.60 2001.26 140.00 2695.60 2020.43 140.00 2696.86 2002.32 105.60 2691.62 2019.89 105.60 2692.77 2038.58 140.00 2690.61 2036.52 105.60 2687.04 2061.57 140.00 2660.78 2062.83 140.00 2641.61 2057.59 105.60 2659.71 2058.74 105.60 2642.14 2056.65 140.00 2623.41 2053.08 105.60 2625.47 1989.38 140.00 2605.39 1974.93 140.00 2618.06 1991.44 105.60 2608.95 1978.20 105.60 2620.56 2026.75 140.00 2600.47 2007.57 140.00 2599.21 2025.68 105.60 2604.44 2008.11 105.60 2603.29 2043.98 140.00 2608.96 2041.47 105.60 2612.23 1984.02 140.00 2687.10 1986.53 105.60 2683.83 2053.07 140.00 2678.02 2049.80 105.60 2675.50 1897.09 140.00 2715.53 2041.36 140.00 2772.42 1958.98 140.00 2783.72 2130.91 140.00 2580.53 2085.91 140.00 2502.59 2046.47 140.00 2567.84 2035.94 120.00 2506.04 2035.94 130.00 2506.04 2007.12 110.00 2496.12 2007.12 120.00 2496.12 1989.80 120.00 2506.12 2001.30 120.00 2526.04 1891.06 130.00 2615.09 1880.06 130.00 2596.04 1885.88 120.00 2566.12 1880.06 120.00 2596.04 1903.20 120.00 2556.12 1932.07 110.00 2539.45 1903.20 110.00 2556.12 1974.93 140.00 2618.06 1989.38 140.00 2605.39 1969.00 140.00 2570.09 2026.75 140.00 2600.47 2024.44 110.00 2486.12 2024.44 120.00 2486.12 1868.56 120.00 2576.12 2175.91 140.00 2658.48 1942.09 140.00 2793.48 2054.15 140.00 2717.57 2053.07 140.00 2678.02 2038.58 140.00 2690.61 1963.06 140.00 2790.77 2163.09 140.00 2675.28 1946.50 120.00 2531.12 1825.88 110.00 2462.20 1843.20 110.00 2452.20 1805.88 110.00 2427.56 1823.20 110.00 2417.56 1929.80 110.00 2402.20 1947.12 110.00 2392.20 1909.80 110.00 2367.56 1927.12 110.00 2357.56 1843.20 110.00 2452.20 1825.88 110.00 2462.20 1863.20 110.00 2486.84 1845.88 110.00 2496.84 1947.12 110.00 2392.20 1929.80 110.00 2402.20 1967.12 110.00 2426.84 1949.80 110.00 2436.84 1885.88 110.00 2566.12 1903.20 110.00 2556.12 1865.88 110.00 2531.48 1883.20 110.00 2521.48 1989.80 110.00 2506.12 2007.12 110.00 2496.12 1969.80 110.00 2471.48 1987.12 110.00 2461.48 1863.20 110.00 2486.84 1845.88 110.00 2496.84 1883.20 110.00 2521.48 1865.88 110.00 2531.48 1967.12 110.00 2426.84 1949.80 110.00 2436.84 1987.12 110.00 2461.48 1969.80 110.00 2471.48 1852.07 110.00 2400.89 1823.20 110.00 2417.56 1872.07 110.00 2435.53 1843.20 110.00 2452.20 1969.80 110.00 2471.48 1940.93 110.00 2488.14 1989.80 110.00 2506.12 1960.93 110.00 2522.78 1929.80 110.00 2402.20 1900.93 110.00 2418.86 1949.80 110.00 2436.84 1920.93 110.00 2453.50 1900.93 110.00 2418.86 1920.93 110.00 2453.50 1892.07 110.00 2470.17 1892.07 110.00 2470.17 1863.20 110.00 2486.84 1912.07 110.00 2504.81 1883.20 110.00 2521.48 1909.80 110.00 2367.56 1880.93 110.00 2384.22 1880.93 110.00 2384.22 1912.07 110.00 2504.81 1883.20 110.00 2521.48 1932.07 110.00 2539.45 1903.20 110.00 2556.12 1940.93 110.00 2488.14 1960.93 110.00 2522.78 1920.93 110.00 2453.50 1940.93 110.00 2488.14 1863.20 110.00 2486.84 1949.80 110.00 2436.84 1920.93 110.00 2453.50 1969.80 110.00 2471.48 1940.93 110.00 2488.14 1791.16 350.00 2742.05 1731.16 350.00 2638.13 1836.62 410.00 2715.80 1776.62 410.00 2611.88 1775.08 350.00 2474.20 1799.65 410.00 2529.30 1753.12 350.00 2556.17 1824.64 470.00 2584.16 2053.36 470.00 2452.10 2018.35 410.00 2403.03 2101.38 410.00 2424.38 2114.24 470.00 2555.52 2161.38 410.00 2528.30 2206.85 350.00 2502.05 2146.85 350.00 2398.13 1730.08 350.00 2396.26 1775.54 350.00 2370.01 1820.54 350.00 2447.96 1937.46 350.00 2380.46 1967.46 410.00 2432.42 2057.46 470.00 2588.30 1997.46 470.00 2484.38 2221.38 410.00 2632.22 2266.85 350.00 2605.98 2175.91 470.00 2658.48 2117.46 470.00 2692.22 1896.62 410.00 2819.72 1942.09 470.00 2793.48 1883.76 470.00 2688.59 1789.00 350.00 2258.32 1847.46 350.00 2224.57 1834.00 350.00 2336.26 1892.46 350.00 2302.51 1879.00 350.00 2414.20 1999.00 470.00 2622.05 2059.00 470.00 2725.98 1940.54 470.00 2655.80 2000.54 470.00 2759.72 1939.00 470.00 2518.13 1880.54 470.00 2551.88 1909.00 410.00 2466.17 1850.54 410.00 2499.92 1937.92 350.00 2276.26 1892.92 350.00 2198.32 1982.92 350.00 2354.20 2028.23 470.00 2605.18 1968.23 470.00 2501.25 1938.23 410.00 2449.29 2064.88 350.00 2376.17 1851.16 350.00 2845.98 1796.10 350.00 2314.38 1781.43 350.00 2318.88 1759.27 350.00 2341.82 1724.54 350.00 2323.66 1685.08 350.00 2318.32 1711.20 350.00 2303.24 2126.08 431.59 2724.65 2154.98 431.59 2693.86 2126.08 390.91 2724.65 2154.98 390.91 2693.86 2126.07 276.59 2724.65 2154.98 276.59 2693.86 2126.07 235.91 2724.65 2154.98 235.91 2693.86 1983.20 199.09 2793.04 2024.32 199.09 2783.40 1983.20 158.41 2793.04 2024.32 158.41 2783.40 1983.20 354.09 2793.04 2024.32 354.09 2783.40 1983.20 313.41 2793.04 2024.32 313.41 2783.40 2060.60 199.09 2769.17 2095.60 199.09 2748.96 2060.60 158.41 2769.17 2095.60 158.41 2748.96 2060.60 354.09 2769.17 2095.60 354.09 2748.96 2060.60 313.41 2769.17 2095.60 313.41 2748.96 1983.20 276.59 2793.04 2024.32 276.59 2783.40 1983.20 235.91 2793.04 2024.32 235.91 2783.40 2126.08 199.09 2724.65 2154.98 199.09 2693.86 2126.08 158.41 2724.65 2154.98 158.41 2693.86 2060.60 276.59 2769.17 2095.60 276.59 2748.96 2060.60 235.91 2769.17 2095.60 235.91 2748.96 2126.07 354.09 2724.65 2154.98 354.09 2693.86 2126.07 313.41 2724.65 2154.98 313.41 2693.86 1983.20 431.59 2793.04 2024.32 431.59 2783.40 1983.20 390.91 2793.04 2024.32 390.91 2783.40 2060.60 431.59 2769.17 2095.60 431.59 2748.96 2060.60 390.91 2769.17 2095.60 390.91 2748.96 2108.04 450.00 2733.92 2163.09 450.00 2675.28 2106.90 446.12 2727.34 2156.45 446.12 2674.56 2163.09 372.50 2675.28 2156.45 376.38 2674.56 2108.04 372.50 2733.92 2106.90 376.38 2727.34 2108.04 295.00 2733.92 2163.09 295.00 2675.28 2106.90 291.12 2727.34 2156.45 291.12 2674.56 2163.09 217.50 2675.28 2156.45 221.37 2674.56 2108.04 217.50 2733.92 2106.90 221.37 2727.34 1963.06 217.50 2790.77 2041.36 217.50 2772.42 1965.75 213.62 2784.66 2036.23 213.62 2768.14 2041.36 140.00 2772.42 2036.23 143.88 2768.14 1963.06 140.00 2790.77 1965.75 143.88 2784.66 1963.06 372.50 2790.77 2041.36 372.50 2772.42 1965.75 368.62 2784.66 2036.23 368.62 2768.14 2041.36 295.00 2772.42 2036.23 298.88 2768.14 1963.06 295.00 2790.77 1965.75 298.88 2784.66 2041.36 217.50 2772.42 2108.04 217.50 2733.92 2042.03 213.62 2765.88 2102.04 213.62 2731.23 2108.04 140.00 2733.92 2102.04 143.88 2731.23 2041.36 140.00 2772.42 2042.03 143.88 2765.88 2041.36 372.50 2772.42 2108.04 372.50 2733.92 2042.03 368.62 2765.88 2102.04 368.62 2731.23 2108.04 295.00 2733.92 2102.04 298.88 2731.23 2041.36 295.00 2772.42 2042.03 298.88 2765.88 1963.06 295.00 2790.77 2041.36 295.00 2772.42 1965.75 291.12 2784.66 2036.23 291.12 2768.14 2041.36 217.50 2772.42 2036.23 221.38 2768.14 1963.06 217.50 2790.77 1965.75 221.38 2784.66 2108.04 217.50 2733.92 2163.09 217.50 2675.28 2106.90 213.63 2727.34 2156.45 213.63 2674.56 2163.09 140.00 2675.28 2156.45 143.88 2674.56 2108.04 140.00 2733.92 2106.90 143.88 2727.34 2041.36 295.00 2772.42 2108.04 295.00 2733.92 2042.03 291.12 2765.88 2102.04 291.12 2731.23 2108.04 217.50 2733.92 2102.04 221.38 2731.23 2041.36 217.50 2772.42 2042.03 221.38 2765.88 2108.04 372.50 2733.92 2163.09 372.50 2675.28 2106.90 368.62 2727.34 2156.45 368.62 2674.56 2163.09 295.00 2675.28 2156.45 298.88 2674.56 2108.04 295.00 2733.92 2106.90 298.88 2727.34 1963.06 450.00 2790.77 2041.36 450.00 2772.42 1965.75 446.12 2784.66 2036.23 446.12 2768.14 2041.36 372.50 2772.42 2036.23 376.38 2768.14 1963.06 372.50 2790.77 1965.75 376.38 2784.66 2041.36 450.00 2772.42 2108.04 450.00 2733.92 2042.03 446.12 2765.88 2102.04 446.12 2731.23 2108.04 372.50 2733.92 2102.04 376.38 2731.23 2041.36 372.50 2772.42 2042.03 376.38 2765.88 2114.34 435.66 2719.42 2149.02 435.66 2682.48 2149.02 386.84 2682.48 2114.34 386.84 2719.42 2114.34 280.66 2719.42 2149.02 280.66 2682.48 2149.02 231.84 2682.48 2114.34 231.84 2719.42 1976.32 203.16 2782.18 2025.66 203.16 2770.62 2025.66 154.34 2770.62 1976.32 154.34 2782.18 1976.32 358.16 2782.18 2025.66 358.16 2770.62 2025.66 309.34 2770.62 1976.32 309.34 2782.18 2051.03 203.16 2760.68 2093.04 203.16 2736.42 2093.04 154.34 2736.42 2051.03 154.34 2760.68 2051.03 358.16 2760.68 2093.04 358.16 2736.42 2093.04 309.34 2736.42 2051.03 309.34 2760.68 1976.32 280.66 2782.18 2025.66 280.66 2770.62 2025.66 231.84 2770.62 1976.32 231.84 2782.18 2114.34 203.16 2719.42 2149.02 203.16 2682.48 2149.02 154.34 2682.48 2114.34 154.34 2719.42 2051.03 280.66 2760.68 2093.04 280.66 2736.42 2093.04 231.84 2736.42 2051.03 231.84 2760.68 2114.34 358.16 2719.42 2149.02 358.16 2682.48 2149.02 309.34 2682.48 2114.34 309.34 2719.42 1976.32 435.66 2782.18 2025.66 435.66 2770.62 2025.66 386.84 2770.62 1976.32 386.84 2782.18 2051.03 435.66 2760.68 2093.04 435.66 2736.42 2093.04 386.84 2736.42 2051.03 386.84 2760.68 2126.08 431.59 2724.65 2154.98 431.59 2693.86 2154.98 390.91 2693.86 2126.08 390.91 2724.65 2093.04 231.84 2736.42 2095.60 235.91 2748.96 2177.94 450.00 2661.98 2224.90 390.00 2634.86 2177.94 390.00 2661.98 2271.86 330.00 2607.75 2224.90 330.00 2634.86 2177.94 330.00 2661.98 1944.11 390.49 2796.98 1944.11 330.00 2796.98 1897.15 390.00 2824.09 1897.15 330.00 2824.09 1897.15 250.00 2824.09 1850.19 330.00 2851.20 1850.19 250.00 2851.20 1727.45 250.00 2638.62 1788.82 250.00 2744.91 1727.45 170.00 2638.62 1788.82 170.00 2744.91 2149.12 250.00 2395.16 2210.49 250.00 2501.46 2149.12 330.00 2395.16 2210.49 330.00 2501.46 2149.12 170.00 2395.16 2067.16 170.00 2373.20 2067.16 250.00 2373.20 1985.20 250.00 2351.24 1940.81 250.00 2273.77 1985.20 170.00 2351.24 1940.81 170.00 2273.77 1681.57 170.00 2320.34 1681.57 250.00 2320.34 1726.47 170.00 2397.52 1726.47 250.00 2397.52 1771.37 170.00 2474.69 1771.37 250.00 2474.69 1749.41 170.00 2556.66 1749.41 250.00 2556.66 2224.90 250.00 2634.86 2177.94 250.00 2661.98 1789.00 230.00 2258.32 1832.30 230.00 2233.32 1788.65 250.00 2257.71 1849.27 250.00 2222.71 1728.38 170.00 2293.32 1685.08 170.00 2318.32 1719.14 110.00 2298.20 1685.08 110.00 2318.32 1857.94 110.00 2217.86 1849.62 170.00 2223.32 1832.06 110.00 2232.90 1832.30 170.00 2233.32 1681.57 250.00 2320.34 1681.57 170.00 2320.34 2271.86 250.00 2607.75 2271.86 170.00 2607.75 2210.49 170.00 2501.46 1850.19 250.00 2851.20 1850.19 330.00 2851.20 1788.82 330.00 2744.91 1985.20 330.00 2351.24 2067.16 330.00 2373.20 1727.45 330.00 2638.62 1749.41 330.00 2556.66 1940.81 330.00 2273.77 1896.43 250.00 2196.30 1895.02 329.94 2193.85 1771.37 330.00 2474.69 1726.47 330.00 2397.52 1896.43 250.00 2196.30 1892.92 170.00 2198.32 1896.43 170.00 2196.30 2224.90 170.00 2634.86 2271.86 170.00 2607.75 2271.86 250.00 2607.75 2271.86 330.00 2607.75 1896.43 170.00 2196.30 1944.11 170.00 2796.98 1897.15 170.00 2824.09 1944.11 203.16 2796.98 1944.11 250.00 2796.98 1850.19 170.00 2851.20 1680.16 330.00 2317.90 2177.94 170.00 2661.98 2177.94 203.16 2661.98 1850.19 170.00 2851.20 1728.03 250.00 2292.71 1745.70 170.00 2283.32 1745.46 110.00 2282.90 1745.70 230.00 2283.32 1892.92 110.00 2198.32 1787.59 330.00 2255.88 1846.32 330.00 2221.97 1944.11 450.00 2796.98 1895.02 329.94 2193.85 1728.62 311.72 2290.48 1723.25 330.00 2293.02 1680.16 330.00 2317.90 1750.95 301.48 2277.90 1753.42 313.73 2276.10 1764.80 315.85 2269.46 1776.23 330.00 2262.44 2038.83 136.67 2667.08 2044.23 136.67 2656.13 2037.64 140.00 2666.17 2042.78 140.00 2655.74 2043.54 140.00 2644.14 2014.00 137.61 2648.03 2039.81 140.00 2633.13 2032.14 140.00 2624.39 2021.71 140.00 2619.25 2010.11 140.00 2618.49 1999.10 140.00 2622.22 1990.36 140.00 2629.89 1985.22 140.00 2640.32 1984.46 140.00 2651.92 1988.19 140.00 2662.93 1995.86 140.00 2671.67 2006.29 140.00 2676.82 2017.89 140.00 2677.58 2028.90 140.00 2673.84 2029.65 136.67 2675.14 2045.03 136.67 2643.95 2041.10 136.67 2632.38 2033.05 136.67 2623.20 2022.10 136.67 2617.80 2009.92 136.67 2617.00 1998.35 136.67 2620.93 1989.17 136.67 2628.98 1983.77 136.67 2639.93 1982.97 136.67 2652.12 1986.90 136.67 2663.68 1994.95 136.67 2672.86 2005.90 136.67 2678.26 2018.08 136.67 2679.06 1728.62 311.72 2290.48 1750.95 301.48 2277.90 1726.67 330.00 2267.76 1741.74 330.00 2249.82 1753.42 313.73 2276.10 1746.94 330.00 2258.14 1764.80 315.85 2269.46 1757.11 330.00 2254.56 1776.23 330.00 2262.44 1723.25 330.00 2293.02 1719.24 399.61 2181.26 1723.25 330.00 2293.02 1726.67 330.00 2267.76 1711.20 350.00 2303.24 1725.58 330.00 2294.94 1759.27 350.00 2341.82 1724.54 350.00 2323.66 1778.39 330.00 2264.45 1789.00 350.00 2258.32 1796.10 350.00 2314.38 1781.43 350.00 2318.88 1776.23 330.00 2262.44 1741.74 330.00 2249.82 1746.94 330.00 2258.14 1757.11 330.00 2254.56 1896.79 470.00 2621.02 1931.58 460.00 2633.27 1922.55 470.00 2639.63 1964.82 450.00 2634.86 1946.77 470.00 2647.59 1964.82 450.00 2634.86 1979.36 440.00 2668.03 1950.78 470.00 2684.53 1946.77 470.00 2647.59 1974.88 440.00 2638.28 1981.27 470.00 2707.34 2001.32 450.00 2698.08 2003.38 440.00 2687.65 2001.32 450.00 2698.08 2034.50 440.00 2683.54 2014.06 470.00 2716.13 2050.50 470.00 2711.25 2003.38 440.00 2687.65 2053.62 440.00 2658.65 2084.17 470.00 2667.56 2084.17 470.00 2667.56 2053.62 440.00 2658.65 2080.16 470.00 2630.62 2058.17 450.00 2622.53 2048.64 440.00 2628.03 2025.12 440.00 2609.28 2062.66 470.00 2600.31 2032.67 470.00 2578.36 2032.67 470.00 2578.36 2025.12 440.00 2609.28 1994.00 440.00 2613.39 1978.00 470.00 2585.68 1964.82 450.00 2634.86 1955.56 470.00 2614.80 1974.88 440.00 2638.28 1926.94 470.00 2623.24 1955.56 470.00 2614.80 1984.20 437.61 2640.41 1987.15 437.61 2663.53 2006.20 437.61 2678.52 2006.20 437.61 2678.52 2029.75 437.61 2675.31 2044.30 437.61 2656.52 2044.30 437.61 2656.52 2040.85 437.61 2632.53 2022.30 437.61 2618.41 2022.30 437.61 2618.41 1998.75 437.61 2621.62 1984.20 437.61 2640.41 1998.75 437.61 2621.62 1998.76 413.71 2644.04 2006.22 413.71 2634.56 2014.00 340.00 2648.03 2007.66 387.44 2651.79 2007.18 387.44 2646.26 2012.37 387.44 2655.26 1999.84 413.71 2656.36 2010.34 413.71 2664.09 2012.37 387.44 2655.26 2017.72 387.44 2654.48 2010.34 413.71 2664.09 2022.28 413.71 2662.37 2021.07 387.44 2650.23 2029.74 413.71 2652.89 2021.07 387.44 2650.23 2020.42 387.44 2644.42 2029.74 413.71 2652.89 2028.29 413.71 2639.93 2015.88 387.44 2641.24 2010.52 387.44 2642.01 2015.88 387.44 2641.24 2018.16 413.71 2632.84 2007.18 387.44 2646.26 2125.72 470.00 2583.53 2058.17 450.00 2622.53 2062.66 470.00 2600.31 2080.16 470.00 2630.62 2001.32 450.00 2698.08 1991.28 470.00 2754.68 1981.27 470.00 2707.34 2014.06 470.00 2716.13 1987.15 437.61 2663.53 1984.20 437.61 2640.41 1998.76 413.71 2644.04 1984.20 437.61 2640.41 2006.20 437.61 2678.52 2006.20 437.61 2678.52 2029.75 437.61 2675.31 2044.30 437.61 2656.52 2040.85 437.61 2632.53 2044.30 437.61 2656.52 2022.30 437.61 2618.41 2018.16 413.71 2632.84 2022.30 437.61 2618.41 1949.17 401.00 2433.74 1947.60 380.00 2445.03 1942.86 378.00 2410.82 1930.78 386.00 2425.88 1861.46 350.00 2375.83 1852.12 350.00 2339.66 1869.30 333.00 2379.40 1852.12 350.00 2339.66 1878.59 350.00 2377.49 1869.30 333.00 2379.40 1870.30 326.00 2411.14 1859.80 350.00 2392.96 1882.46 350.00 2412.20 1745.46 110.00 2282.90 1788.69 110.00 2257.86 1744.00 110.00 2261.00 1779.00 110.00 2241.00 1858.50 110.00 2379.00 1823.60 110.00 2318.43 1789.00 110.00 2419.00 1753.97 110.00 2358.43 1840.82 110.00 2268.22 1832.06 110.00 2232.90 1813.50 110.00 2221.00 1719.14 110.00 2298.20 1771.33 110.00 2308.24 1928.00 110.00 2339.00 1892.97 110.00 2278.43 1857.94 110.00 2217.86 </float_array>
                    <technique_common>
                        <accessor source="#geom-028367D9-pos-array" count="1001" stride="3">
                            <param name="X" type="float" />
                            <param name="Y" type="float" />
                            <param name="Z" type="float" />
                        </accessor>
                    </technique_common>
                </source>
                <source id="geom-028367D9-texcoord">
                    <float_array id="geom-028367D9-texcoord-array" count="2002">0.50 1.00 1.00 0.75 0.00 1.00 0.50 0.00 1.00 0.25 1.00 0.00 0.00 0.00 0.00 0.25 1.06 0.00 1.06 0.25 0.00 0.75 0.00 1.00 1.00 0.75 1.00 1.00 0.00 0.00 0.00 0.25 1.00 0.00 1.00 0.25 1.06 1.00 1.06 0.75 0.00 1.00 0.00 0.75 0.00 0.25 1.06 0.25 0.00 0.00 1.06 0.00 0.00 0.50 1.00 0.50 0.00 0.25 1.00 0.25 0.00 0.75 1.00 0.75 0.00 1.00 1.00 1.00 0.00 0.00 1.00 0.00 0.00 0.50 1.06 0.50 0.00 0.75 1.06 0.75 1.06 1.00 0.00 1.00 1.00 1.00 0.00 0.00 0.50 0.00 0.00 0.00 0.50 0.25 0.00 0.25 1.00 0.25 1.00 0.50 0.50 0.50 1.00 0.75 0.50 0.75 1.00 0.87 0.50 1.00 1.00 1.00 0.50 0.25 0.50 0.00 0.00 0.25 0.00 0.00 1.00 0.75 1.00 1.00 0.00 0.75 0.00 1.00 0.50 0.50 1.00 0.25 1.00 0.50 0.00 0.50 1.00 0.50 1.00 0.75 0.50 0.75 0.00 0.25 1.00 0.25 0.50 1.00 1.00 1.00 0.00 0.00 1.00 0.13 1.00 0.00 0.00 0.25 0.50 0.25 0.00 0.00 0.50 0.00 0.50 0.50 1.00 0.25 1.00 0.50 0.50 0.75 1.00 0.75 0.50 1.00 1.00 1.00 1.00 0.13 0.62 0.13 1.00 0.00 0.62 0.00 0.62 0.25 0.00 0.13 0.00 0.25 1.00 0.50 0.62 0.50 1.00 0.38 0.62 0.38 0.00 0.50 0.00 0.38 1.25 0.13 1.25 0.00 1.50 0.13 1.50 0.00 2.03 0.13 2.00 0.00 1.50 0.38 2.06 0.25 1.91 0.38 1.25 0.38 1.25 0.50 1.00 0.00 0.00 0.50 0.00 0.75 0.00 0.87 0.00 1.00 1.00 0.00 0.00 0.50 0.00 0.75 0.13 0.87 0.00 1.00 0.00 0.50 0.00 0.38 1.00 0.00 0.00 0.62 0.00 0.75 0.00 1.00 1.00 0.25 1.25 0.25 1.50 0.25 0.00 0.00 1.75 0.50 1.50 0.50 0.03 0.03 1.05 0.03 0.03 1.05 1.05 1.05 2.06 0.03 2.06 1.05 0.03 0.03 1.05 0.03 0.03 1.05 1.05 1.05 2.06 0.03 2.06 1.05 0.03 0.03 1.05 0.03 0.03 1.05 1.05 1.05 2.06 0.03 2.06 1.05 0.03 0.03 1.05 0.03 0.03 1.05 1.05 1.05 2.06 0.03 2.06 1.05 0.03 0.03 1.05 0.03 0.03 1.05 1.05 1.05 2.06 0.03 2.06 1.05 0.03 0.03 1.05 0.03 0.03 1.05 1.05 1.05 2.06 0.03 2.06 1.05 0.03 0.03 1.05 0.03 0.03 1.05 1.05 1.05 2.06 0.03 2.06 1.05 0.03 0.03 1.05 0.03 0.03 1.05 1.05 1.05 2.06 0.03 2.06 1.05 1.05 1.70 1.83 1.70 0.26 1.70 1.05 1.70 1.83 1.70 0.26 1.70 1.05 1.70 1.84 1.70 0.26 1.70 1.05 1.70 1.84 1.70 0.26 1.70 1.05 1.70 1.84 1.70 0.26 1.70 1.05 1.70 1.84 1.70 0.26 1.70 1.05 1.70 1.84 1.70 0.26 1.70 1.05 1.70 1.84 1.70 0.26 1.70 0.33 2.06 1.05 2.06 1.77 2.06 0.26 1.70 0.33 2.06 1.05 2.06 1.83 1.70 1.77 2.06 0.26 1.70 0.33 2.06 1.05 2.06 1.83 1.70 1.77 2.06 0.26 1.70 0.33 2.06 1.05 2.06 1.83 1.70 1.77 2.06 0.26 1.70 0.33 2.06 1.05 2.06 1.83 1.70 1.77 2.06 0.26 1.70 0.33 2.06 1.05 2.06 1.83 1.70 1.77 2.06 0.26 1.70 0.33 2.06 1.05 2.06 1.83 1.70 1.77 2.06 0.33 2.06 1.05 2.06 1.77 2.06 0.43 -0.62 0.36 -0.74 0.59 -0.76 0.54 -0.84 0.65 -0.24 0.81 -0.26 0.90 -0.39 0.68 -0.18 0.96 -0.27 0.84 -0.20 0.90 -0.39 0.81 -0.26 0.65 -0.24 0.68 -0.18 0.96 -0.27 0.84 -0.20 1.45 -1.37 1.52 -1.25 1.31 -1.19 1.27 -1.27 1.34 -0.94 1.18 -1.05 1.52 -1.25 0.98 -0.93 1.00 -0.71 0.77 -0.82 1.04 -0.20 1.32 0.01 0.93 0.06 0.82 -0.35 0.96 -0.54 0.99 -0.46 1.11 -0.28 1.31 -0.40 1.17 -0.19 1.37 -0.31 0.91 -0.17 0.97 -0.07 0.75 -0.07 0.80 0.02 1.03 -0.42 1.23 -0.53 1.09 -0.32 1.29 -0.44 0.64 -0.25 0.53 -0.19 0.43 -0.62 0.32 -0.55 1.52 -1.25 1.64 -1.32 1.73 -0.89 1.85 -0.96 0.75 -0.86 0.95 -0.97 0.77 -0.82 0.98 -0.93 1.11 -0.28 0.91 -0.17 1.09 -0.32 0.89 -0.21 1.31 -0.40 1.29 -0.44 1.47 -0.50 1.45 -0.53 0.95 -0.41 0.83 -0.30 0.81 -0.33 1.32 -0.58 1.30 -0.62 1.40 -0.63 1.38 -0.66 1.18 -1.05 1.15 -1.09 0.75 -0.25 0.73 -0.11 0.67 -0.21 0.85 0.11 0.74 0.17 1.94 -0.53 2.06 -0.60 1.56 -0.79 1.41 -0.60 1.38 -0.69 1.33 -0.75 1.24 -0.79 1.59 -0.52 1.37 -0.43 1.41 -0.51 1.05 -0.39 1.13 -0.35 1.24 -0.79 1.33 -0.75 1.21 -0.67 1.25 -0.65 1.38 -0.69 1.28 -0.62 1.41 -0.51 1.37 -0.43 1.29 -0.54 1.27 -0.51 1.30 -0.37 1.24 -0.48 1.13 -0.35 1.05 -0.39 1.16 -0.47 1.12 -0.49 0.99 -0.46 1.10 -0.52 1.07 -0.77 1.16 -0.80 1.13 -0.66 1.17 -0.67 0.96 -0.63 1.00 -0.71 1.09 -0.60 1.10 -0.63 0.96 -0.54 1.08 -0.56 1.41 -0.60 1.29 -0.58 1.22 -0.34 1.20 -0.47 1.73 -0.89 1.63 -0.17 1.86 -0.48 0.64 -0.25 0.43 -0.62 0.79 -0.62 0.73 -0.11 0.75 -0.07 0.73 -0.29 0.75 -0.25 0.83 -0.30 0.89 -0.21 1.53 -0.40 1.47 -0.50 1.32 -0.58 1.45 -0.53 1.23 -0.53 1.08 -0.49 1.21 -0.57 1.16 -0.80 1.07 -0.77 0.98 -0.93 0.96 -0.63 0.65 -0.24 0.67 -0.21 1.40 -0.63 0.85 0.11 1.94 -0.53 1.37 -0.25 1.22 -0.34 1.30 -0.37 1.88 -0.45 0.95 0.09 1.03 -0.42 2.03 2.06 0.07 2.06 2.03 0.03 0.07 0.03 2.03 2.06 0.07 2.06 2.03 0.03 0.07 0.03 0.07 0.03 2.03 0.03 0.07 2.06 2.03 2.06 0.07 0.03 2.03 0.03 0.07 2.06 2.03 2.06 2.03 2.06 0.07 2.06 2.03 0.03 0.07 0.03 2.03 2.06 0.07 2.06 2.03 0.03 0.07 0.03 0.07 0.03 2.03 0.03 0.07 2.06 2.03 2.06 0.07 0.03 2.03 0.03 0.07 2.06 2.03 2.06 1.05 0.03 2.06 0.03 1.05 1.05 2.06 1.05 2.06 1.05 1.05 1.05 2.06 2.06 1.05 2.06 2.06 1.05 1.05 1.05 2.06 2.06 1.05 2.06 0.03 1.05 0.03 2.06 1.05 2.06 1.05 1.08 2.06 1.08 1.05 2.06 2.06 2.06 2.06 0.03 1.05 0.03 0.03 0.03 1.05 1.08 2.06 1.08 1.05 2.06 2.06 2.06 0.03 1.08 0.03 2.06 0.03 1.08 0.03 2.06 2.06 2.06 2.06 1.05 1.05 1.05 2.06 2.06 1.05 2.06 2.06 0.15 2.06 -0.29 1.78 0.15 1.78 -0.29 1.47 -0.88 1.47 -0.59 1.78 -0.59 1.47 -0.29 0.60 -0.29 0.60 -0.59 0.29 -0.29 0.60 0.15 0.29 0.15 0.00 0.15 0.00 -0.29 1.47 -1.18 1.25 -1.18 1.25 -0.88 0.81 -0.88 0.81 -0.59 0.81 0.15 0.81 -0.29 0.29 0.59 0.00 0.59 0.60 0.59 0.81 0.59 1.78 0.59 1.47 0.59 1.47 0.15 1.04 -1.47 0.81 -1.47 1.04 -1.18 0.81 -1.18 1.04 -0.88 1.04 0.15 1.04 0.59 1.25 0.15 1.25 0.59 1.04 -0.29 1.25 -0.29 1.04 -0.59 1.25 -0.59 0.60 -1.18 0.60 -1.47 0.60 -0.88 0.93 0.15 0.93 -0.29 0.93 -0.59 0.29 -0.59 2.06 0.59 1.11 -1.30 1.15 -1.31 1.25 -1.29 1.34 -1.39 1.47 -1.47 1.35 -1.47 1.49 1.49 0.58 1.49 1.49 0.58 0.58 0.58 1.49 1.49 0.58 1.49 1.49 0.58 0.58 0.58 1.49 1.49 0.58 1.49 1.49 0.58 0.58 0.58 1.49 1.49 0.58 1.49 1.49 0.58 0.58 0.58 1.49 1.49 0.58 1.49 1.49 0.58 0.58 0.58 1.49 1.49 0.58 1.49 1.49 0.58 0.58 0.58 1.49 1.49 0.58 1.49 1.49 0.58 0.58 0.58 1.49 1.49 0.58 1.49 1.49 0.58 0.58 0.58 1.49 1.49 0.58 1.49 1.49 0.58 0.58 0.58 1.49 1.49 0.58 1.49 1.49 0.58 0.58 0.58 1.49 1.49 0.58 1.49 1.49 0.58 0.58 0.58 1.49 1.49 0.58 1.49 1.49 0.58 0.58 0.58 2.06 2.06 0.02 2.06 1.95 1.95 0.13 1.95 0.02 0.02 0.13 0.13 2.06 0.02 1.95 0.13 2.06 2.06 0.02 2.06 1.95 1.95 0.13 1.95 0.02 0.02 0.13 0.13 2.06 0.02 1.95 0.13 2.06 2.06 0.02 2.06 1.95 1.95 0.13 1.95 0.02 0.02 0.13 0.13 2.06 0.02 1.95 0.13 2.06 2.06 0.02 2.06 1.95 1.95 0.13 1.95 0.02 0.02 0.13 0.13 2.06 0.02 1.95 0.13 2.06 2.06 0.02 2.06 1.95 1.95 0.13 1.95 0.02 0.02 0.13 0.13 2.06 0.02 1.95 0.13 2.06 2.06 0.02 2.06 1.95 1.95 0.13 1.95 0.02 0.02 0.13 0.13 2.06 0.02 1.95 0.13 2.06 2.06 0.02 2.06 1.95 1.95 0.13 1.95 0.02 0.02 0.13 0.13 2.06 0.02 1.95 0.13 2.06 2.06 0.02 2.06 1.95 1.95 0.13 1.95 0.02 0.02 0.13 0.13 2.06 0.02 1.95 0.13 2.06 2.06 0.02 2.06 1.95 1.95 0.13 1.95 0.02 0.02 0.13 0.13 2.06 0.02 1.95 0.13 2.06 2.06 0.02 2.06 1.95 1.95 0.13 1.95 0.02 0.02 0.13 0.13 2.06 0.02 1.95 0.13 2.06 2.06 0.02 2.06 1.95 1.95 0.13 1.95 0.02 0.02 0.13 0.13 2.06 0.02 1.95 0.13 2.06 2.06 0.02 2.06 1.95 1.95 0.13 1.95 0.02 0.02 0.13 0.13 2.06 0.02 1.95 0.13 1.69 1.69 0.39 1.69 0.39 0.39 1.69 0.39 1.69 1.69 0.39 1.69 0.39 0.39 1.69 0.39 1.69 1.69 0.39 1.69 0.39 0.39 1.69 0.39 1.69 1.69 0.39 1.69 0.39 0.39 1.69 0.39 1.69 1.69 0.39 1.69 0.39 0.39 1.69 0.39 1.69 1.69 0.39 1.69 0.39 0.39 1.69 0.39 1.69 1.69 0.39 1.69 0.39 0.39 1.69 0.39 1.69 1.69 0.39 1.69 0.39 0.39 1.69 0.39 1.69 1.69 0.39 1.69 0.39 0.39 1.69 0.39 1.69 1.69 0.39 1.69 0.39 0.39 1.69 0.39 1.69 1.69 0.39 1.69 0.39 0.39 1.69 0.39 1.69 1.69 0.39 1.69 0.39 0.39 1.69 0.39 1.49 1.49 0.58 1.49 0.58 0.58 1.49 0.58 0.39 0.39 0.58 0.58 0.56 0.28 0.35 0.07 0.56 0.07 0.14 -0.14 0.35 -0.14 0.56 -0.14 0.00 0.07 0.00 -0.14 0.21 0.07 0.21 -0.14 0.21 -0.42 0.42 -0.14 0.42 -0.42 0.84 0.03 0.42 0.03 0.84 -0.25 0.42 -0.25 1.22 0.03 1.63 0.03 1.22 0.31 1.63 0.31 1.22 -0.25 0.92 -0.25 0.92 0.03 0.63 0.03 0.31 0.03 0.63 -0.25 0.31 -0.25 2.05 -0.25 2.05 0.03 1.74 -0.25 1.74 0.03 1.43 -0.25 1.43 0.03 1.13 -0.25 1.13 0.03 0.35 -0.42 0.56 -0.42 0.42 0.03 0.59 0.03 0.42 0.10 0.65 0.10 0.19 -0.17 0.01 -0.17 0.15 -0.37 0.01 -0.37 0.69 -0.37 0.65 -0.17 0.59 -0.37 0.59 -0.17 0.00 0.10 0.00 -0.17 2.05 0.03 2.05 -0.25 1.63 -0.25 0.00 0.03 0.00 0.31 0.42 0.31 0.63 0.31 0.92 0.31 0.84 0.31 1.13 0.31 0.31 0.31 0.00 0.03 0.00 0.31 1.43 0.31 1.74 0.31 0.84 0.10 0.82 -0.17 0.84 -0.17 0.35 -0.70 0.14 -0.70 0.14 -0.42 2.05 0.31 0.00 -0.25 0.00 -0.70 0.21 -0.70 0.00 -0.58 0.00 -0.42 0.00 -0.25 2.06 0.31 0.56 -0.70 0.56 -0.58 0.42 -0.70 0.18 0.10 0.26 -0.17 0.26 -0.37 0.26 0.03 0.82 -0.37 0.42 0.37 0.65 0.37 0.00 0.28 0.84 0.37 0.19 0.31 0.16 0.37 0.00 0.37 0.27 0.28 0.28 0.32 0.33 0.32 0.37 0.37 1.98 1.43 1.76 1.76 1.89 1.39 1.69 1.69 1.39 1.89 1.03 1.03 1.03 1.96 0.68 1.89 0.37 1.69 0.17 1.39 0.10 1.03 0.17 0.68 0.37 0.37 0.68 0.17 1.03 0.10 1.39 0.17 1.69 0.37 1.89 0.68 1.96 1.03 2.06 1.03 1.43 1.98 1.03 2.06 0.64 1.98 0.30 1.76 0.08 1.43 0.00 1.03 0.08 0.64 0.30 0.30 0.64 0.08 1.03 0.00 1.43 0.08 1.76 0.30 1.98 0.64 0.18 -0.34 0.96 -0.59 0.41 0.45 1.06 0.59 1.26 -0.25 1.31 0.45 1.66 -0.17 1.63 0.44 2.06 0.23 0.00 0.15 1.41 -0.61 1.48 -1.84 1.73 -1.56 1.13 -1.80 1.45 -1.86 0.38 -2.06 0.87 -1.98 0.00 -0.70 0.22 -0.91 0.01 -1.60 0.18 -1.71 0.10 -0.24 2.00 -0.71 1.42 0.43 0.61 0.18 0.00 1.56 0.64 1.55 0.52 1.33 1.27 1.55 1.04 1.11 1.47 0.47 0.77 0.77 0.77 0.00 1.42 0.00 1.35 0.77 0.26 0.00 0.10 0.47 0.19 0.77 1.47 0.47 0.77 0.77 1.42 0.00 0.77 0.00 1.35 0.77 0.19 0.77 0.00 0.00 1.55 0.00 1.35 0.77 0.97 0.00 0.77 0.52 0.77 0.77 0.19 0.77 0.59 0.00 0.00 0.00 1.55 0.00 1.35 0.77 0.77 0.77 0.77 0.00 0.14 0.53 0.26 0.00 0.19 0.77 0.52 1.77 1.04 1.99 1.29 1.00 0.77 1.00 0.26 1.00 1.29 1.00 0.77 1.00 0.26 1.00 1.29 1.00 0.77 1.00 0.26 1.00 1.29 1.00 0.77 1.00 2.06 2.06 1.61 2.06 1.87 1.42 1.61 1.42 1.61 0.02 1.61 0.90 1.48 0.90 1.74 0.90 1.61 1.42 1.87 1.42 1.48 0.90 1.61 0.90 1.35 1.42 1.61 1.42 1.74 0.90 1.87 1.42 1.48 0.90 1.61 0.90 1.35 1.42 1.61 1.42 1.74 0.90 1.61 0.90 1.48 0.90 1.35 1.42 1.74 0.90 0.00 1.56 1.27 1.55 1.04 1.11 1.04 1.99 1.27 1.55 0.00 1.56 1.04 1.99 1.04 1.11 1.61 2.06 1.16 2.06 1.35 1.42 0.26 1.00 2.06 2.06 1.16 2.06 1.61 2.06 2.06 2.06 1.61 2.06 1.16 2.06 2.06 2.06 1.87 1.42 1.16 2.06 1.04 1.99 1.27 1.55 0.64 1.55 1.04 1.11 0.52 1.33 0.00 1.56 0.64 1.55 0.00 1.56 0.52 1.77 0.64 1.55 1.27 1.55 1.04 1.11 1.04 1.99 0.40 1.82 1.04 1.82 0.52 2.06 1.04 2.06 1.04 0.02 1.04 0.91 0.02 0.02 0.02 0.91 1.56 1.36 1.69 1.82 1.56 2.06 0.02 1.82 0.52 1.36 2.06 0.02 2.06 0.91 2.06 1.82 </float_array>
                    <technique_common>
                        <accessor source="#geom-028367D9-texcoord-array" count="1001" stride="2">
                            <param name="S" type="float" />
                            <param name="T" type="float" />
                        </accessor>
                    </technique_common>
                </source>
                <source id="geom-028367D9-colors">
                    <float_array id="geom-028367D9-colors-array" count="4004">0.22 0.27 0.25 1.00 0.06 0.07 0.06 1.00 0.08 0.11 0.10 1.00 0.24 0.30 0.24 1.00 0.06 0.06 0.06 1.00 0.19 0.19 0.19 1.00 0.19 0.19 0.19 1.00 0.06 0.06 0.06 1.00 0.19 0.19 0.19 1.00 0.06 0.06 0.06 1.00 0.06 0.06 0.06 1.00 0.20 0.24 0.22 1.00 0.06 0.06 0.06 1.00 0.19 0.19 0.19 1.00 0.19 0.19 0.19 1.00 0.06 0.06 0.06 1.00 0.19 0.19 0.19 1.00 0.06 0.06 0.06 1.00 0.20 0.24 0.22 1.00 0.06 0.06 0.06 1.00 0.21 0.26 0.24 1.00 0.06 0.07 0.06 1.00 0.27 0.45 0.40 1.00 0.22 0.29 0.26 1.00 0.21 0.26 0.24 1.00 0.20 0.24 0.22 1.00 0.21 0.25 0.24 1.00 0.19 0.19 0.19 1.00 0.22 0.29 0.26 1.00 0.19 0.19 0.19 1.00 0.00 0.00 0.00 1.00 0.19 0.19 0.19 1.00 0.19 0.19 0.19 1.00 0.19 0.19 0.19 1.00 0.20 0.24 0.22 1.00 0.19 0.19 0.19 1.00 0.27 0.44 0.38 1.00 0.21 0.25 0.24 1.00 0.19 0.21 0.20 1.00 0.19 0.19 0.19 1.00 0.19 0.19 0.19 1.00 0.19 0.19 0.19 1.00 0.21 0.26 0.24 1.00 0.09 0.12 0.09 1.00 0.09 0.16 0.09 1.00 0.08 0.12 0.08 1.00 0.30 0.90 0.38 1.00 0.25 0.63 0.31 1.00 0.31 0.80 0.37 1.00 0.41 1.00 0.67 1.00 0.39 1.00 0.69 1.00 0.38 1.00 0.60 1.00 0.32 1.00 0.47 1.00 0.29 1.00 0.41 1.00 0.09 0.18 0.09 1.00 0.07 0.11 0.08 1.00 0.35 1.00 0.42 1.00 0.09 0.13 0.09 1.00 0.31 0.80 0.37 1.00 0.09 0.17 0.10 1.00 0.34 0.70 0.45 1.00 0.10 0.16 0.11 1.00 0.37 1.00 0.45 1.00 0.09 0.14 0.09 1.00 0.43 1.00 0.69 1.00 0.37 1.00 0.45 1.00 0.44 1.00 0.69 1.00 0.44 1.00 0.69 1.00 0.42 0.95 0.53 1.00 0.37 1.00 0.54 1.00 0.34 1.00 0.49 1.00 0.37 1.00 0.54 1.00 0.41 0.85 0.47 1.00 0.09 0.24 0.11 1.00 0.10 0.14 0.10 1.00 0.10 0.14 0.10 1.00 0.31 0.49 0.31 1.00 0.11 0.22 0.14 1.00 0.34 0.70 0.45 1.00 0.29 0.51 0.44 1.00 0.08 0.11 0.10 1.00 0.22 0.27 0.25 1.00 0.27 0.45 0.34 1.00 0.27 0.45 0.40 1.00 0.27 0.44 0.38 1.00 0.25 0.35 0.25 1.00 0.19 0.21 0.20 1.00 0.24 0.30 0.24 1.00 0.19 0.19 0.19 1.00 0.33 1.00 0.44 1.00 0.27 0.51 0.29 1.00 0.09 0.17 0.09 1.00 0.07 0.24 0.11 1.00 0.40 0.69 0.40 1.00 0.29 1.00 0.41 1.00 0.38 1.00 0.60 1.00 0.08 0.11 0.08 1.00 0.08 0.15 0.09 1.00 0.28 0.78 0.36 1.00 0.35 0.58 0.35 1.00 0.08 0.19 0.10 1.00 0.33 0.65 0.35 1.00 0.39 0.76 0.40 1.00 0.10 0.15 0.10 1.00 0.38 0.65 0.38 1.00 0.09 0.14 0.09 1.00 0.35 0.68 0.40 1.00 0.10 0.18 0.12 1.00 0.29 0.43 0.29 1.00 0.48 1.00 0.63 1.00 0.33 0.64 0.41 1.00 0.32 0.72 0.36 1.00 0.09 0.11 0.09 1.00 0.21 0.26 0.24 1.00 0.42 0.95 0.53 1.00 0.41 0.85 0.47 1.00 0.31 0.49 0.31 1.00 0.09 0.12 0.09 1.00 0.10 0.14 0.10 1.00 0.41 1.00 0.67 1.00 0.38 1.00 0.60 1.00 0.33 0.65 0.35 1.00 0.08 0.19 0.10 1.00 0.35 1.00 0.61 1.00 0.30 1.00 0.51 1.00 0.09 0.17 0.10 1.00 0.34 1.00 0.59 1.00 0.28 0.40 0.28 1.00 0.09 0.12 0.09 1.00 0.42 0.76 0.42 1.00 0.46 0.84 0.46 1.00 0.44 0.79 0.44 1.00 0.07 0.11 0.08 1.00 0.09 0.12 0.09 1.00 0.09 0.12 0.09 1.00 0.00 0.00 0.00 1.00 0.00 0.00 0.00 1.00 0.20 1.00 0.45 1.00 0.22 0.88 0.38 1.00 0.00 0.00 0.00 1.00 0.25 1.00 0.58 1.00 0.00 0.00 0.00 1.00 0.00 0.00 0.00 1.00 0.25 1.00 0.58 1.00 0.29 1.00 0.69 1.00 0.00 0.00 0.00 1.00 0.34 1.00 0.81 1.00 0.00 0.00 0.00 1.00 0.00 0.00 0.00 1.00 0.34 1.00 0.81 1.00 0.38 1.00 0.93 1.00 0.00 0.00 0.00 1.00 0.40 1.00 0.98 1.00 0.00 0.00 0.00 1.00 0.00 0.00 0.00 1.00 0.40 1.00 0.98 1.00 0.40 1.00 0.99 1.00 0.00 0.00 0.00 1.00 0.40 1.00 0.98 1.00 0.00 0.00 0.00 1.00 0.00 0.00 0.00 1.00 0.40 1.00 0.98 1.00 0.38 1.00 0.93 1.00 0.00 0.00 0.00 1.00 0.35 1.00 0.83 1.00 0.00 0.00 0.00 1.00 0.00 0.00 0.00 1.00 0.35 1.00 0.83 1.00 0.30 1.00 0.71 1.00 0.00 0.00 0.00 1.00 0.25 1.00 0.59 1.00 0.00 0.00 0.00 1.00 0.00 0.00 0.00 1.00 0.25 1.00 0.59 1.00 0.22 1.00 0.51 1.00 0.00 0.00 0.00 1.00 0.20 0.93 0.40 1.00 0.00 0.00 0.00 1.00 0.00 0.00 0.00 1.00 0.20 0.93 0.40 1.00 0.19 0.81 0.37 1.00 0.00 0.00 0.00 1.00 0.20 1.00 0.45 1.00 0.34 1.00 0.75 1.00 0.34 1.00 0.79 1.00 0.34 1.00 0.79 1.00 0.34 1.00 0.76 1.00 0.34 1.00 0.73 1.00 0.34 1.00 0.73 1.00 0.33 1.00 0.73 1.00 0.33 1.00 0.73 1.00 0.33 1.00 0.73 1.00 0.32 1.00 0.73 1.00 0.32 1.00 0.74 1.00 0.32 1.00 0.74 1.00 0.32 1.00 0.75 1.00 0.32 1.00 0.75 1.00 0.32 1.00 0.75 1.00 0.32 1.00 0.76 1.00 0.33 1.00 0.83 1.00 0.33 1.00 0.83 1.00 0.33 1.00 0.83 1.00 0.34 1.00 0.84 1.00 0.34 1.00 0.84 1.00 0.34 1.00 0.84 1.00 0.34 1.00 0.83 1.00 0.34 1.00 0.83 1.00 0.29 1.00 0.68 1.00 0.30 1.00 0.62 1.00 0.32 1.00 0.76 1.00 0.34 1.00 0.73 1.00 0.32 1.00 0.76 1.00 0.34 1.00 0.82 1.00 0.33 1.00 0.73 1.00 0.36 1.00 0.87 1.00 0.33 1.00 0.73 1.00 0.36 1.00 0.87 1.00 0.37 1.00 0.92 1.00 0.32 1.00 0.74 1.00 0.38 1.00 0.95 1.00 0.32 1.00 0.74 1.00 0.38 1.00 0.95 1.00 0.39 1.00 0.97 1.00 0.32 1.00 0.75 1.00 0.38 1.00 0.96 1.00 0.32 1.00 0.75 1.00 0.38 1.00 0.96 1.00 0.38 1.00 0.93 1.00 0.33 1.00 0.83 1.00 0.36 1.00 0.80 1.00 0.33 1.00 0.83 1.00 0.36 1.00 0.80 1.00 0.34 1.00 0.81 1.00 0.34 1.00 0.84 1.00 0.32 1.00 0.52 1.00 0.34 1.00 0.84 1.00 0.32 1.00 0.52 1.00 0.30 1.00 0.56 1.00 0.34 1.00 0.83 1.00 0.29 1.00 0.67 1.00 0.29 1.00 0.67 1.00 0.29 1.00 0.59 1.00 0.29 1.00 0.68 1.00 0.08 0.14 0.08 1.00 0.07 0.12 0.07 1.00 0.02 0.03 0.02 1.00 0.02 0.07 0.03 1.00 0.06 0.21 0.08 1.00 0.11 0.36 0.16 1.00 0.04 0.11 0.05 1.00 0.11 0.27 0.13 1.00 0.03 0.05 0.03 1.00 0.12 0.20 0.12 1.00 0.04 0.05 0.04 1.00 0.11 0.32 0.14 1.00 0.06 0.13 0.07 1.00 0.11 0.36 0.15 1.00 0.03 0.13 0.05 1.00 0.12 0.36 0.20 1.00 0.07 0.20 0.10 1.00 0.08 0.20 0.13 1.00 0.02 0.07 0.03 1.00 0.02 0.03 0.02 1.00 0.15 0.36 0.31 1.00 0.41 0.73 0.51 1.00 0.14 0.36 0.24 1.00 0.55 0.98 0.89 1.00 0.11 0.36 0.27 1.00 0.41 0.73 0.72 1.00 0.09 0.36 0.18 1.00 0.07 0.24 0.12 1.00 0.07 0.20 0.11 1.00 0.11 0.36 0.18 1.00 0.12 0.36 0.22 1.00 0.11 0.36 0.22 1.00 0.55 0.98 0.62 1.00 0.34 0.61 0.41 1.00 0.08 0.16 0.08 1.00 0.08 0.17 0.09 1.00 0.34 0.61 0.43 1.00 0.09 0.26 0.11 1.00 0.19 0.36 0.25 1.00 0.03 0.05 0.03 1.00 0.49 0.98 0.67 1.00 0.31 0.61 0.42 1.00 0.06 0.20 0.08 1.00 0.08 0.30 0.11 1.00 0.07 0.24 0.09 1.00 0.01 0.03 0.01 1.00 0.11 0.20 0.11 1.00 0.09 0.15 0.09 1.00 0.11 0.36 0.18 1.00 0.09 0.36 0.13 1.00 0.07 0.27 0.10 1.00 0.01 0.04 0.02 1.00 0.05 0.15 0.06 1.00 0.04 0.09 0.05 1.00 0.09 0.20 0.14 1.00 0.09 0.20 0.11 1.00 0.07 0.17 0.08 1.00 0.07 0.13 0.07 1.00 0.04 0.11 0.05 1.00 0.05 0.08 0.05 1.00 0.07 0.18 0.09 1.00 0.05 0.17 0.06 1.00 0.07 0.15 0.07 1.00 0.02 0.06 0.03 1.00 0.02 0.02 0.02 1.00 0.06 0.09 0.06 1.00 0.03 0.04 0.03 1.00 0.07 0.13 0.07 1.00 0.02 0.03 0.02 1.00 0.06 0.20 0.09 1.00 0.04 0.07 0.04 1.00 0.09 0.16 0.09 1.00 0.05 0.10 0.05 1.00 0.35 0.55 0.35 1.00 0.04 0.08 0.05 1.00 0.18 0.29 0.18 1.00 0.02 0.03 0.02 1.00 0.06 0.08 0.07 1.00 0.02 0.06 0.03 1.00 0.09 0.13 0.12 1.00 0.11 0.36 0.22 1.00 0.09 0.36 0.22 1.00 0.11 0.36 0.26 1.00 0.12 0.36 0.23 1.00 0.11 0.36 0.20 1.00 0.09 0.36 0.18 1.00 0.09 0.36 0.15 1.00 0.09 0.36 0.18 1.00 0.09 0.36 0.20 1.00 0.09 0.36 0.22 1.00 0.07 0.20 0.12 1.00 0.07 0.20 0.13 1.00 0.00 0.00 0.00 1.00 0.00 0.00 0.00 1.00 0.07 0.20 0.15 1.00 0.00 0.00 0.00 1.00 0.05 0.20 0.10 1.00 0.05 0.20 0.09 1.00 0.00 0.00 0.00 1.00 0.00 0.00 0.00 1.00 0.07 0.20 0.16 1.00 0.00 0.00 0.00 1.00 0.05 0.20 0.12 1.00 0.05 0.20 0.11 1.00 0.00 0.00 0.00 1.00 0.00 0.00 0.00 1.00 0.07 0.20 0.13 1.00 0.00 0.00 0.00 1.00 0.06 0.20 0.12 1.00 0.07 0.20 0.16 1.00 0.00 0.00 0.00 1.00 0.00 0.00 0.00 1.00 0.07 0.20 0.09 1.00 0.07 0.20 0.16 1.00 0.00 0.00 0.00 1.00 0.00 0.00 0.00 1.00 0.07 0.20 0.13 1.00 0.00 0.00 0.00 1.00 0.05 0.20 0.12 1.00 0.00 0.00 0.00 1.00 0.05 0.20 0.12 1.00 0.00 0.00 0.00 1.00 0.15 0.49 0.21 1.00 0.07 0.24 0.12 1.00 0.07 0.19 0.11 1.00 0.15 0.49 0.20 1.00 0.15 0.25 0.15 1.00 0.15 0.36 0.26 1.00 0.02 0.04 0.03 1.00 0.07 0.20 0.09 1.00 0.02 0.03 0.02 1.00 0.07 0.11 0.07 1.00 0.32 0.57 0.34 1.00 0.08 0.14 0.08 1.00 0.03 0.13 0.05 1.00 0.19 0.30 0.19 1.00 0.34 0.61 0.49 1.00 0.04 0.11 0.05 1.00 0.06 0.20 0.09 1.00 0.02 0.07 0.03 1.00 0.03 0.04 0.03 1.00 0.11 0.36 0.28 1.00 0.10 0.36 0.21 1.00 0.48 0.85 0.78 1.00 0.11 0.36 0.16 1.00 0.04 0.12 0.05 1.00 0.06 0.16 0.07 1.00 0.18 0.27 0.18 1.00 0.07 0.09 0.07 1.00 0.07 0.18 0.10 1.00 0.10 0.25 0.14 1.00 0.09 0.36 0.22 1.00 0.12 0.36 0.28 1.00 0.07 0.18 0.10 1.00 0.07 0.07 0.07 1.00 0.06 0.20 0.09 1.00 0.33 0.68 0.44 1.00 0.35 0.73 0.47 1.00 0.27 0.43 0.38 1.00 0.29 0.51 0.44 1.00 0.32 0.64 0.41 1.00 0.29 0.52 0.37 1.00 0.31 0.55 0.47 1.00 0.27 0.43 0.38 1.00 0.35 0.73 0.47 1.00 0.33 0.68 0.44 1.00 0.28 0.42 0.28 1.00 0.34 0.66 0.40 1.00 0.29 0.52 0.37 1.00 0.32 0.64 0.41 1.00 0.29 0.44 0.29 1.00 0.34 0.69 0.42 1.00 0.09 0.13 0.09 1.00 0.14 0.21 0.14 1.00 0.36 0.70 0.41 1.00 0.37 0.65 0.37 1.00 0.14 0.22 0.14 1.00 0.10 0.15 0.10 1.00 0.31 0.60 0.33 1.00 0.33 0.53 0.33 1.00 0.28 0.42 0.28 1.00 0.34 0.66 0.40 1.00 0.37 0.65 0.37 1.00 0.36 0.70 0.41 1.00 0.29 0.44 0.29 1.00 0.34 0.69 0.42 1.00 0.33 0.53 0.33 1.00 0.31 0.60 0.33 1.00 0.56 1.00 0.91 1.00 0.29 0.51 0.44 1.00 0.46 0.75 0.65 1.00 0.35 0.73 0.47 1.00 0.31 0.60 0.33 1.00 0.45 0.76 0.45 1.00 0.14 0.22 0.14 1.00 0.09 0.12 0.09 1.00 0.32 0.64 0.41 1.00 0.51 1.00 0.72 1.00 0.34 0.69 0.42 1.00 0.51 1.00 0.65 1.00 0.51 1.00 0.72 1.00 0.51 1.00 0.65 1.00 0.51 1.00 0.64 1.00 0.51 1.00 0.64 1.00 0.28 0.42 0.28 1.00 0.49 0.96 0.54 1.00 0.37 0.65 0.37 1.00 0.31 0.55 0.47 1.00 0.55 1.00 0.87 1.00 0.55 1.00 0.87 1.00 0.49 0.96 0.54 1.00 0.37 0.65 0.37 1.00 0.09 0.33 0.13 1.00 0.14 0.21 0.14 1.00 0.45 0.76 0.45 1.00 0.09 0.12 0.09 1.00 0.51 1.00 0.65 1.00 0.45 0.76 0.45 1.00 0.28 0.42 0.28 1.00 0.34 0.69 0.42 1.00 0.51 1.00 0.65 1.00 0.31 0.60 0.33 1.00 0.45 0.76 0.45 1.00 0.08 0.13 0.08 1.00 0.11 0.20 0.11 1.00 0.33 0.74 0.37 1.00 0.38 0.64 0.38 1.00 0.14 0.22 0.14 1.00 0.36 0.60 0.36 1.00 0.13 0.23 0.13 1.00 0.31 0.47 0.31 1.00 0.31 0.47 0.31 1.00 0.36 0.60 0.36 1.00 0.37 0.64 0.37 1.00 0.29 0.42 0.29 1.00 0.32 1.00 0.42 1.00 0.08 0.13 0.08 1.00 0.11 0.19 0.11 1.00 0.22 0.29 0.26 1.00 0.00 0.00 0.00 1.00 0.31 0.55 0.35 1.00 0.38 0.83 0.48 1.00 0.35 0.58 0.35 1.00 0.29 1.00 0.43 1.00 0.11 0.17 0.11 1.00 0.11 0.11 0.08 1.00 0.05 0.05 0.04 1.00 0.11 0.11 0.08 1.00 0.11 0.20 0.10 1.00 0.11 0.11 0.08 1.00 0.11 0.11 0.08 1.00 0.29 0.43 0.29 1.00 0.22 0.31 0.28 1.00 0.19 0.20 0.20 1.00 0.19 0.19 0.19 1.00 0.21 0.25 0.24 1.00 0.45 1.00 0.59 1.00 0.10 0.51 0.17 1.00 0.00 0.00 0.00 1.00 0.29 0.82 0.36 1.00 0.11 0.16 0.09 1.00 0.13 0.21 0.13 1.00 0.31 0.47 0.31 1.00 0.08 0.13 0.08 1.00 0.35 0.58 0.35 1.00 0.23 0.31 0.28 1.00 0.08 0.08 0.08 1.00 0.15 0.23 0.15 1.00 0.00 0.01 0.00 1.00 0.00 0.00 0.00 1.00 0.04 0.07 0.04 1.00 0.13 0.23 0.13 1.00 0.05 0.05 0.04 1.00 0.19 0.19 0.19 1.00 0.19 0.19 0.19 1.00 0.19 0.19 0.19 1.00 0.19 0.19 0.19 1.00 0.08 0.08 0.08 1.00 0.19 0.19 0.19 1.00 0.21 0.50 0.25 1.00 0.21 0.50 0.25 1.00 0.21 0.50 0.25 1.00 0.21 0.50 0.25 1.00 0.14 0.44 0.26 1.00 0.19 1.00 0.47 1.00 0.14 0.49 0.28 1.00 0.19 1.00 0.49 1.00 0.17 0.55 0.29 1.00 0.14 0.77 0.36 1.00 0.19 0.40 0.25 1.00 0.19 0.67 0.33 1.00 0.25 0.87 0.36 1.00 0.19 0.35 0.24 1.00 0.24 1.00 0.49 1.00 0.19 0.77 0.36 1.00 0.14 0.49 0.28 1.00 0.14 0.87 0.39 1.00 0.19 0.54 0.29 1.00 0.19 0.64 0.32 1.00 0.19 0.75 0.35 1.00 0.19 0.87 0.39 1.00 0.19 0.64 0.32 1.00 0.19 0.80 0.37 1.00 0.19 0.44 0.27 1.00 0.20 0.89 0.37 1.00 0.20 1.00 0.47 1.00 0.14 0.97 0.42 1.00 0.14 0.59 0.31 1.00 0.17 1.00 0.43 1.00 0.19 0.33 0.23 1.00 0.19 0.43 0.26 1.00 0.14 0.68 0.33 1.00 0.14 0.82 0.38 1.00 0.14 0.67 0.33 1.00 0.14 0.97 0.42 1.00 0.19 0.82 0.37 1.00 0.25 0.85 0.36 1.00 0.19 0.67 0.33 1.00 0.24 0.31 0.24 1.00 0.19 0.38 0.25 1.00 0.19 0.20 0.19 1.00 0.19 0.59 0.31 1.00 0.19 0.39 0.25 1.00 0.19 0.56 0.30 1.00 0.19 0.51 0.28 1.00 0.19 0.47 0.27 1.00 0.19 0.54 0.29 1.00 0.19 0.39 0.25 1.00 0.19 0.23 0.20 1.00 0.19 0.33 0.23 1.00 0.19 0.36 0.24 1.00 0.25 0.41 0.27 1.00 0.28 1.00 0.42 1.00 0.19 0.75 0.35 1.00 0.19 0.67 0.33 1.00 0.19 1.00 0.45 1.00 0.28 0.47 0.29 1.00 0.24 1.00 0.47 1.00 0.30 1.00 0.50 1.00 0.27 0.47 0.29 1.00 0.29 1.00 0.49 1.00 0.14 0.60 0.31 1.00 0.14 0.86 0.39 1.00 0.27 1.00 0.53 1.00 0.14 0.95 0.42 1.00 0.30 1.00 0.54 1.00 0.14 1.00 0.44 1.00 0.19 0.67 0.33 1.00 0.19 0.56 0.30 1.00 0.19 0.51 0.28 1.00 0.19 0.44 0.26 1.00 0.26 0.58 0.31 1.00 0.19 0.75 0.36 1.00 0.27 0.69 0.33 1.00 0.19 0.62 0.32 1.00 0.19 1.00 0.47 1.00 0.25 1.00 0.58 1.00 0.28 0.41 0.28 1.00 0.31 1.00 0.59 1.00 0.14 0.95 0.42 1.00 0.14 0.60 0.31 1.00 0.14 0.88 0.39 1.00 0.14 1.00 0.44 1.00 0.19 0.67 0.33 1.00 0.19 0.47 0.27 1.00 0.19 0.67 0.33 1.00 0.19 0.63 0.32 1.00 0.19 0.75 0.36 1.00 0.19 0.75 0.35 1.00 0.19 0.80 0.37 1.00 0.19 0.59 0.31 1.00 0.19 1.00 0.45 1.00 0.19 1.00 0.47 1.00 0.19 1.00 0.47 1.00 0.27 1.00 0.65 1.00 0.28 0.41 0.28 1.00 0.19 1.00 0.47 1.00 0.30 1.00 0.55 1.00 0.24 1.00 0.48 1.00 0.14 0.95 0.42 1.00 0.14 0.66 0.33 1.00 0.27 1.00 0.53 1.00 0.29 1.00 0.56 1.00 0.14 0.60 0.31 1.00 0.27 0.47 0.29 1.00 0.14 0.74 0.35 1.00 0.29 1.00 0.56 1.00 0.19 0.19 0.19 1.00 0.19 0.40 0.25 1.00 0.19 0.67 0.33 1.00 0.19 0.63 0.32 1.00 0.19 1.00 0.47 1.00 0.19 1.00 0.45 1.00 0.27 1.00 0.69 1.00 0.19 1.00 0.46 1.00 0.14 0.60 0.31 1.00 0.14 0.90 0.40 1.00 0.14 0.95 0.42 1.00 0.14 1.00 0.45 1.00 0.19 0.75 0.35 1.00 0.25 0.41 0.27 1.00 0.19 0.62 0.31 1.00 0.26 0.81 0.35 1.00 0.28 0.47 0.29 1.00 0.30 1.00 0.53 1.00 0.19 1.00 0.45 1.00 0.25 1.00 0.53 1.00 0.19 0.46 0.27 1.00 0.19 0.19 0.19 1.00 0.19 0.43 0.26 1.00 0.19 0.30 0.22 1.00 0.19 0.75 0.36 1.00 0.19 0.70 0.34 1.00 0.26 0.58 0.31 1.00 0.28 0.76 0.35 1.00 0.19 0.19 0.19 1.00 0.19 0.39 0.25 1.00 0.19 0.23 0.20 1.00 0.19 0.49 0.27 1.00 0.19 0.75 0.35 1.00 0.19 0.51 0.28 1.00 0.19 0.75 0.36 1.00 0.19 0.62 0.31 1.00 0.19 0.32 0.23 1.00 0.19 0.44 0.26 1.00 0.23 0.55 0.29 1.00 0.19 0.70 0.34 1.00 0.21 1.00 0.65 1.00 0.21 0.69 0.33 1.00 0.21 0.78 0.35 1.00 0.21 1.00 0.58 1.00 0.19 1.00 0.45 1.00 0.14 0.73 0.35 1.00 0.19 0.70 0.34 1.00 0.19 0.26 0.21 1.00 0.27 0.66 0.33 1.00 0.19 0.89 0.40 1.00 0.27 1.00 0.61 1.00 0.26 1.00 0.43 1.00 0.14 0.93 0.41 1.00 0.14 0.65 0.33 1.00 0.19 0.66 0.33 1.00 0.19 0.46 0.27 1.00 0.19 0.63 0.32 1.00 0.19 0.71 0.34 1.00 0.19 0.70 0.34 1.00 0.19 0.91 0.40 1.00 0.21 0.69 0.34 1.00 0.21 1.00 0.68 1.00 0.21 1.00 0.67 1.00 0.21 0.97 0.39 1.00 0.14 0.97 0.42 1.00 0.19 0.63 0.31 1.00 0.19 0.45 0.27 1.00 0.19 0.46 0.27 1.00 0.14 0.87 0.39 1.00 0.14 1.00 0.49 1.00 0.14 1.00 0.47 1.00 0.14 0.97 0.42 1.00 0.19 0.60 0.31 1.00 0.27 0.75 0.35 1.00 0.26 0.49 0.29 1.00 0.27 1.00 0.66 1.00 0.19 0.21 0.19 1.00 0.19 0.53 0.29 1.00 0.19 0.48 0.27 1.00 0.24 0.42 0.26 1.00 0.19 0.19 0.19 1.00 0.19 0.26 0.21 1.00 0.19 0.19 0.19 1.00 0.19 0.19 0.19 1.00 0.19 0.19 0.19 1.00 0.19 0.19 0.19 1.00 0.19 0.19 0.19 1.00 0.19 0.19 0.19 1.00 0.24 0.82 0.47 1.00 0.24 0.69 0.43 1.00 0.19 0.19 0.19 1.00 0.19 0.19 0.19 1.00 0.24 0.85 0.36 1.00 0.13 0.13 0.13 1.00 0.27 0.45 0.29 1.00 0.25 1.00 0.46 1.00 0.24 0.31 0.24 1.00 0.25 1.00 0.47 1.00 0.19 0.19 0.19 1.00 0.28 1.00 0.43 1.00 0.28 0.85 0.36 1.00 0.13 0.13 0.13 1.00 0.13 0.13 0.13 1.00 0.43 0.78 0.43 1.00 0.36 0.60 0.36 1.00 0.35 0.58 0.35 1.00 0.31 0.49 0.31 1.00 0.44 0.79 0.44 1.00 0.35 0.59 0.35 1.00 0.39 0.68 0.39 1.00 0.33 0.54 0.33 1.00 0.35 0.58 0.35 1.00 0.38 0.65 0.38 1.00 0.50 0.94 0.50 1.00 0.27 0.40 0.27 1.00 0.19 0.19 0.19 1.00 0.28 0.41 0.28 1.00 0.19 0.19 0.19 1.00 0.09 0.13 0.12 1.00 0.09 0.13 0.12 1.00 0.25 0.40 0.35 1.00 0.25 0.39 0.35 1.00 0.38 0.87 0.52 1.00 0.27 0.39 0.27 1.00 0.37 0.63 0.37 1.00 0.49 0.91 0.49 1.00 0.28 0.94 0.39 1.00 0.26 0.70 0.33 1.00 0.21 0.26 0.24 1.00 0.27 0.45 0.40 1.00 0.26 0.43 0.37 1.00 0.25 0.38 0.34 1.00 0.19 0.19 0.19 1.00 0.08 0.08 0.08 1.00 0.22 0.29 0.26 1.00 0.09 0.11 0.11 1.00 0.22 0.29 0.26 1.00 0.19 0.19 0.19 1.00 0.22 0.31 0.28 1.00 0.19 0.19 0.19 1.00 0.09 0.13 0.12 1.00 0.09 0.13 0.12 1.00 0.13 0.13 0.13 1.00 0.13 0.13 0.13 1.00 0.31 0.49 0.31 1.00 0.13 0.13 0.13 1.00 0.13 0.13 0.13 1.00 0.34 0.55 0.34 1.00 0.28 0.42 0.28 1.00 0.45 0.81 0.45 1.00 0.39 0.68 0.39 1.00 0.44 0.80 0.44 1.00 0.19 0.19 0.19 1.00 0.09 0.13 0.12 1.00 0.08 0.08 0.08 1.00 0.28 0.40 0.28 1.00 0.19 0.19 0.19 1.00 0.09 0.13 0.12 1.00 0.09 0.13 0.12 1.00 0.09 0.13 0.12 1.00 0.19 0.19 0.19 1.00 0.13 0.13 0.13 1.00 0.13 0.13 0.13 1.00 0.13 0.13 0.13 1.00 0.09 0.13 0.12 1.00 0.25 0.35 0.25 1.00 0.19 0.19 0.19 1.00 0.26 1.00 0.41 1.00 0.26 0.91 0.37 1.00 0.13 0.13 0.13 1.00 0.08 0.08 0.08 1.00 0.25 0.35 0.25 1.00 0.26 1.00 0.46 1.00 0.13 0.13 0.13 1.00 0.19 0.19 0.19 1.00 0.19 0.19 0.19 1.00 0.22 0.30 0.27 1.00 0.19 0.19 0.19 1.00 0.09 0.11 0.11 1.00 0.23 0.31 0.28 1.00 0.22 0.29 0.27 1.00 0.19 0.19 0.19 1.00 0.08 0.08 0.08 1.00 0.20 0.22 0.22 1.00 0.20 0.21 0.21 1.00 0.08 0.08 0.08 1.00 0.22 0.28 0.26 1.00 0.22 0.28 0.26 1.00 0.22 0.29 0.27 1.00 0.22 0.30 0.27 1.00 0.29 1.00 0.68 1.00 0.30 1.00 0.62 1.00 0.24 1.00 0.55 1.00 0.25 1.00 0.55 1.00 0.28 1.00 0.65 1.00 0.21 1.00 0.76 1.00 0.32 1.00 0.76 1.00 0.35 1.00 0.85 1.00 0.38 1.00 0.93 1.00 0.40 1.00 0.97 1.00 0.41 1.00 0.98 1.00 0.40 1.00 0.96 1.00 0.38 1.00 0.91 1.00 0.35 1.00 0.82 1.00 0.32 1.00 0.75 1.00 0.28 1.00 0.69 1.00 0.25 1.00 0.60 1.00 0.24 1.00 0.55 1.00 0.23 1.00 0.54 1.00 0.29 1.00 0.59 1.00 0.32 1.00 0.76 1.00 0.34 1.00 0.82 1.00 0.36 1.00 0.87 1.00 0.37 1.00 0.92 1.00 0.38 1.00 0.95 1.00 0.39 1.00 0.97 1.00 0.38 1.00 0.96 1.00 0.38 1.00 0.93 1.00 0.36 1.00 0.80 1.00 0.34 1.00 0.81 1.00 0.32 1.00 0.52 1.00 0.30 1.00 0.56 1.00 0.29 1.00 0.67 1.00 0.20 0.22 0.22 1.00 0.22 0.28 0.26 1.00 0.20 0.23 0.22 1.00 0.19 0.19 0.19 1.00 0.22 0.28 0.26 1.00 0.19 0.19 0.19 1.00 0.22 0.29 0.27 1.00 0.19 0.19 0.19 1.00 0.22 0.30 0.27 1.00 0.20 0.21 0.21 1.00 0.19 0.19 0.19 1.00 0.20 0.21 0.21 1.00 0.20 0.23 0.22 1.00 0.19 0.19 0.19 1.00 0.19 0.19 0.19 1.00 0.19 0.19 0.19 1.00 0.19 0.19 0.19 1.00 0.23 0.33 0.29 1.00 0.22 0.31 0.28 1.00 0.19 0.19 0.19 1.00 0.19 0.19 0.19 1.00 0.22 0.30 0.27 1.00 0.19 0.19 0.19 1.00 0.19 0.19 0.19 1.00 0.19 0.19 0.19 1.00 0.32 1.00 0.44 1.00 0.31 1.00 0.48 1.00 0.09 0.27 0.12 1.00 0.31 1.00 0.48 1.00 0.09 0.29 0.12 1.00 0.31 1.00 0.48 1.00 0.28 1.00 0.46 1.00 0.09 0.26 0.11 1.00 0.09 0.29 0.12 1.00 0.36 1.00 0.63 1.00 0.06 0.13 0.08 1.00 0.23 0.73 0.33 1.00 0.24 1.00 0.40 1.00 0.23 0.73 0.33 1.00 0.19 0.56 0.30 1.00 0.06 0.12 0.08 1.00 0.06 0.11 0.07 1.00 0.24 1.00 0.40 1.00 0.24 0.89 0.37 1.00 0.06 0.11 0.08 1.00 0.06 0.11 0.08 1.00 0.24 0.89 0.37 1.00 0.08 0.20 0.10 1.00 0.27 1.00 0.41 1.00 0.28 1.00 0.48 1.00 0.35 1.00 0.58 1.00 0.28 0.89 0.38 1.00 0.10 0.30 0.13 1.00 0.10 0.30 0.13 1.00 0.35 1.00 0.58 1.00 0.38 1.00 0.64 1.00 0.11 0.38 0.15 1.00 0.31 1.00 0.48 1.00 0.09 0.31 0.13 1.00 0.36 1.00 0.63 1.00 0.09 0.31 0.13 1.00 0.09 0.31 0.13 1.00 0.36 1.00 0.62 1.00 0.28 1.00 0.48 1.00 0.24 0.98 0.39 1.00 0.24 0.98 0.39 1.00 0.19 0.58 0.31 1.00 0.24 0.95 0.38 1.00 0.24 0.95 0.38 1.00 0.28 1.00 0.47 1.00 0.35 1.00 0.61 1.00 0.35 1.00 0.61 1.00 0.38 1.00 0.66 1.00 0.36 1.00 0.62 1.00 0.38 1.00 0.66 1.00 0.34 1.00 0.52 1.00 0.36 1.00 0.56 1.00 0.33 1.00 1.00 1.00 0.29 1.00 0.41 1.00 0.34 1.00 0.52 1.00 0.20 0.42 0.25 1.00 0.28 1.00 0.41 1.00 0.21 0.57 0.29 1.00 0.20 0.42 0.25 1.00 0.19 0.31 0.22 1.00 0.21 0.57 0.29 1.00 0.19 0.41 0.25 1.00 0.20 0.36 0.24 1.00 0.21 0.54 0.29 1.00 0.20 0.36 0.24 1.00 0.28 0.88 0.38 1.00 0.21 0.54 0.29 1.00 0.28 0.97 0.40 1.00 0.33 1.00 0.49 1.00 0.38 1.00 0.58 1.00 0.33 1.00 0.49 1.00 0.33 1.00 0.50 1.00 0.34 1.00 0.52 1.00 0.27 0.82 0.36 1.00 0.27 1.00 0.41 1.00 0.28 0.89 0.38 1.00 0.08 0.20 0.10 1.00 0.23 0.73 0.33 1.00 0.19 0.41 0.25 1.00 0.06 0.13 0.08 1.00 0.06 0.12 0.08 1.00 0.28 1.00 0.48 1.00 0.36 1.00 0.62 1.00 0.34 1.00 0.52 1.00 0.36 1.00 0.62 1.00 0.24 0.98 0.39 1.00 0.24 0.98 0.39 1.00 0.19 0.58 0.31 1.00 0.24 0.95 0.38 1.00 0.28 1.00 0.47 1.00 0.24 0.95 0.38 1.00 0.35 1.00 0.61 1.00 0.33 1.00 0.50 1.00 0.35 1.00 0.61 1.00 0.10 0.14 0.10 1.00 0.37 1.00 0.45 1.00 0.35 0.56 0.35 1.00 0.09 0.14 0.09 1.00 0.08 0.13 0.11 1.00 0.08 0.12 0.11 1.00 0.09 0.15 0.13 1.00 0.22 0.28 0.26 1.00 0.11 0.25 0.16 1.00 0.22 0.28 0.26 1.00 0.34 0.70 0.45 1.00 0.08 0.11 0.10 1.00 0.10 0.16 0.11 1.00 0.22 0.30 0.27 1.00 0.40 0.56 0.50 1.00 0.08 0.06 0.15 1.00 0.08 0.06 0.15 1.00 0.62 1.00 1.00 1.00 0.58 1.00 0.94 1.00 0.25 0.39 0.34 1.00 0.25 0.38 0.34 1.00 0.25 0.40 0.35 1.00 0.22 0.31 0.28 1.00 0.08 0.06 0.15 1.00 0.22 0.29 0.26 1.00 0.26 0.40 0.35 1.00 0.25 0.39 0.34 1.00 0.25 0.38 0.34 1.00 0.22 0.29 0.26 1.00 </float_array>
                    <technique_common>
                        <accessor source="#geom-028367D9-colors-array" count="1001" stride="4">
                            <param name="R" type="float" />
                            <param name="G" type="float" />
                            <param name="B" type="float" />
                            <param name="A" type="float" />
                        </accessor>
                    </technique_common>
                </source>
                <vertices id="geom-028367D9-vtx">
                    <input semantic="POSITION" source="#geom-028367D9-pos" />
                </vertices>
                <triangles count="390" material="material-02D0EE9F-symbol">
                    <input semantic="VERTEX" source="#geom-028367D9-vtx" offset="0" />
                    <input semantic="TEXCOORD" source="#geom-028367D9-texcoord" offset="0" />
                    <input semantic="COLOR" source="#geom-028367D9-colors" offset="0" />
                    <p>0 1 2 1 0 42 3 4 5 43 4 3 6 7 8 8 7 9 10 11 12 12 11 13 14 15 16 16 15 17 18 19 20 20 19 21 22 23 24 22 37 23 36 37 22 36 39 37 38 39 36 41 39 38 40 39 41 24 23 25 26 27 28 26 31 27 30 31 26 30 32 31 31 32 33 28 27 29 28 29 34 34 29 35 44 45 46 48 44 46 48 46 49 49 46 50 49 50 51 51 50 52 51 52 53 52 54 53 127 54 52 127 52 126 50 126 52 123 126 50 123 50 124 50 46 124 46 47 124 46 45 47 54 55 53 128 54 127 56 57 58 57 56 118 118 56 65 56 64 65 64 56 119 119 70 64 120 70 119 120 121 70 70 121 73 73 74 70 70 74 69 69 64 70 66 64 69 65 64 66 58 57 59 119 56 58 60 61 62 62 68 60 67 68 62 67 72 68 71 72 67 76 72 71 71 75 76 75 77 76 62 61 63 78 79 80 78 82 79 114 82 78 115 82 114 85 82 115 82 85 84 83 82 84 79 82 83 79 83 81 80 79 81 81 83 113 84 85 86 85 87 86 85 116 87 115 116 85 117 87 116 86 87 88 89 90 91 89 129 90 89 102 129 102 89 103 102 103 104 104 130 102 131 130 104 131 111 130 108 111 131 111 108 112 111 112 98 129 111 98 98 99 129 98 97 99 96 97 98 98 112 96 112 108 134 108 133 134 110 133 108 108 109 110 131 109 108 131 104 109 109 104 106 104 105 106 104 103 105 103 89 91 91 90 92 92 90 132 132 90 94 90 93 94 90 129 93 129 99 93 93 99 95 94 93 95 95 99 101 97 101 99 100 101 97 106 105 107 122 73 121 125 44 48 129 102 130 130 111 129 </p>
                </triangles>
            </mesh>
        </geometry>
        <geometry id="geom-029EA6A7" name="geom-029EA6A7">
            <mesh>
                <source id="geom-029EA6A7-pos">
                    <float_array id="geom-029EA6A7-pos-array" count="2598">2049.80 105.60 2675.50 2057.59 105.60 2659.71 2049.76 140.00 2675.47 2057.54 140.00 2659.70 2058.74 105.60 2642.14 2058.69 140.00 2642.15 2058.74 105.60 2642.14 2053.08 105.60 2625.47 2058.69 140.00 2642.15 2053.04 140.00 2625.49 2041.47 105.60 2612.23 2041.44 140.00 2612.27 2041.47 105.60 2612.23 2025.68 105.60 2604.44 2041.44 140.00 2612.27 2025.67 140.00 2604.49 2008.11 105.60 2603.29 2008.12 140.00 2603.34 2008.11 105.60 2603.29 1991.44 105.60 2608.95 2008.12 140.00 2603.34 1991.46 140.00 2608.99 1978.20 105.60 2620.56 1978.24 140.00 2620.59 1978.20 105.60 2620.56 1970.41 105.60 2636.35 1978.24 140.00 2620.59 1970.46 140.00 2636.36 1969.26 105.60 2653.92 1969.31 140.00 2653.92 1969.26 105.60 2653.92 1974.92 105.60 2670.60 1969.31 140.00 2653.92 1974.96 140.00 2670.57 1986.53 105.60 2683.83 1986.56 140.00 2683.80 1986.53 105.60 2683.83 2002.32 105.60 2691.62 1986.56 140.00 2683.80 2002.33 140.00 2691.58 2019.89 105.60 2692.77 2019.88 140.00 2692.72 2019.89 105.60 2692.77 2036.52 105.60 2687.04 2019.88 140.00 2692.72 2036.54 140.00 2687.07 2049.80 105.60 2675.50 2049.76 140.00 2675.47 2031.08 140.00 2677.62 2041.10 140.00 2668.83 2041.10 140.00 2668.83 2047.00 140.00 2656.88 2047.87 140.00 2643.57 2047.87 140.00 2643.57 2043.59 140.00 2630.95 2034.80 140.00 2620.93 2034.80 140.00 2620.93 2022.84 140.00 2615.03 2009.54 140.00 2614.16 2009.54 140.00 2614.16 1996.92 140.00 2618.44 1986.90 140.00 2627.23 1986.90 140.00 2627.23 1981.00 140.00 2639.19 1980.13 140.00 2652.49 1980.13 140.00 2652.49 1984.41 140.00 2665.12 1993.20 140.00 2675.14 1993.20 140.00 2675.14 2005.16 140.00 2681.03 2018.46 140.00 2681.90 2018.46 140.00 2681.90 2038.83 136.67 2667.08 2044.23 136.67 2656.13 2045.03 136.67 2643.95 2047.87 140.00 2643.57 2045.03 136.67 2643.95 2041.10 136.67 2632.38 2034.80 140.00 2620.93 2033.05 136.67 2623.20 2034.80 140.00 2620.93 2033.05 136.67 2623.20 2022.10 136.67 2617.80 2009.54 140.00 2614.16 2009.92 136.67 2617.00 2009.54 140.00 2614.16 2009.92 136.67 2617.00 1998.35 136.67 2620.93 1986.90 140.00 2627.23 1989.17 136.67 2628.98 1986.90 140.00 2627.23 1989.17 136.67 2628.98 1983.77 136.67 2639.93 1980.13 140.00 2652.49 1982.97 136.67 2652.12 1980.13 140.00 2652.49 1982.97 136.67 2652.12 1986.90 136.67 2663.68 1993.20 140.00 2675.14 1994.95 136.67 2672.86 1993.20 140.00 2675.14 1994.95 136.67 2672.86 2005.90 136.67 2678.26 2018.46 140.00 2681.90 2018.08 136.67 2679.06 2018.08 136.67 2679.06 2029.65 136.67 2675.14 2038.83 136.67 2667.08 2085.91 140.00 2502.59 2085.91 110.00 2502.59 2046.94 130.00 2525.09 2046.94 110.00 2525.09 2024.44 110.00 2486.12 2035.94 120.00 2506.04 2046.94 110.00 2525.09 2024.44 120.00 2486.12 2046.94 130.00 2525.09 2035.94 130.00 2506.04 1891.06 110.00 2615.09 1880.06 120.00 2596.04 1868.56 110.00 2576.12 1868.56 120.00 2576.12 1891.06 130.00 2615.09 1880.06 130.00 2596.04 1852.09 110.00 2637.59 1852.09 140.00 2637.59 1891.06 130.00 2615.09 1891.06 110.00 2615.09 1928.32 140.00 2636.06 1925.70 140.00 2595.09 1852.09 140.00 2637.59 1969.00 140.00 2570.09 2007.57 140.00 2599.21 2012.30 140.00 2545.09 2099.68 140.00 2660.01 2108.04 140.00 2733.92 2159.02 140.00 2668.23 2093.78 140.00 2601.97 2043.98 140.00 2608.96 2056.65 140.00 2623.41 1958.00 130.00 2551.04 1914.70 130.00 2576.04 1969.00 130.00 2570.09 1925.70 130.00 2595.09 2001.30 130.00 2526.04 2012.30 130.00 2545.09 2035.94 130.00 2506.04 2046.94 130.00 2525.09 1946.50 120.00 2531.12 1903.20 120.00 2556.12 1958.00 120.00 2551.04 1914.70 120.00 2576.04 2130.91 140.00 2580.53 2130.91 110.00 2580.53 2085.91 140.00 2502.59 2085.91 110.00 2502.59 1852.09 140.00 2637.59 1852.09 110.00 2637.59 1897.09 140.00 2715.53 1897.09 110.00 2715.53 2012.30 130.00 2545.09 1969.00 130.00 2570.09 2012.30 140.00 2545.09 1969.00 140.00 2570.09 1958.00 130.00 2551.04 2001.30 130.00 2526.04 1958.00 120.00 2551.04 2001.30 120.00 2526.04 1914.70 130.00 2576.04 1914.70 120.00 2576.04 1880.06 130.00 2596.04 1880.06 120.00 2596.04 1960.93 110.00 2522.78 1989.80 120.00 2506.12 1989.80 110.00 2506.12 1885.88 120.00 2566.12 1885.88 110.00 2566.12 1868.56 120.00 2576.12 1868.56 110.00 2576.12 1925.70 140.00 2595.09 1925.70 130.00 2595.09 2007.12 120.00 2496.12 2035.94 120.00 2506.04 2024.44 120.00 2486.12 2175.91 140.00 2658.48 2175.91 110.00 2658.48 1942.09 140.00 2793.48 1942.09 110.00 2793.48 1934.22 140.00 2694.10 1984.02 140.00 2687.10 1971.35 140.00 2672.66 1965.18 140.00 2654.46 1966.43 140.00 2635.29 1981.53 140.00 2728.23 2020.43 140.00 2696.86 2001.26 140.00 2695.60 2062.83 140.00 2641.61 2061.57 140.00 2660.78 1966.43 140.00 2635.29 1965.18 140.00 2654.46 1970.41 105.60 2636.35 1969.26 105.60 2653.92 1971.35 140.00 2672.66 1974.92 105.60 2670.60 2001.26 140.00 2695.60 2020.43 140.00 2696.86 2002.32 105.60 2691.62 2019.89 105.60 2692.77 2038.58 140.00 2690.61 2036.52 105.60 2687.04 2061.57 140.00 2660.78 2062.83 140.00 2641.61 2057.59 105.60 2659.71 2058.74 105.60 2642.14 2056.65 140.00 2623.41 2053.08 105.60 2625.47 1989.38 140.00 2605.39 1974.93 140.00 2618.06 1991.44 105.60 2608.95 1978.20 105.60 2620.56 2026.75 140.00 2600.47 2007.57 140.00 2599.21 2025.68 105.60 2604.44 2008.11 105.60 2603.29 2043.98 140.00 2608.96 2041.47 105.60 2612.23 1984.02 140.00 2687.10 1986.53 105.60 2683.83 2053.07 140.00 2678.02 2049.80 105.60 2675.50 1897.09 140.00 2715.53 2041.36 140.00 2772.42 1958.98 140.00 2783.72 2130.91 140.00 2580.53 2085.91 140.00 2502.59 2046.47 140.00 2567.84 2035.94 120.00 2506.04 2035.94 130.00 2506.04 2007.12 110.00 2496.12 2007.12 120.00 2496.12 1989.80 120.00 2506.12 2001.30 120.00 2526.04 1891.06 130.00 2615.09 1880.06 130.00 2596.04 1885.88 120.00 2566.12 1880.06 120.00 2596.04 1903.20 120.00 2556.12 1932.07 110.00 2539.45 1903.20 110.00 2556.12 1974.93 140.00 2618.06 1989.38 140.00 2605.39 1969.00 140.00 2570.09 2026.75 140.00 2600.47 2024.44 110.00 2486.12 2024.44 120.00 2486.12 1868.56 120.00 2576.12 2175.91 140.00 2658.48 1942.09 140.00 2793.48 2054.15 140.00 2717.57 2053.07 140.00 2678.02 2038.58 140.00 2690.61 1963.06 140.00 2790.77 2163.09 140.00 2675.28 1946.50 120.00 2531.12 1825.88 110.00 2462.20 1843.20 110.00 2452.20 1805.88 110.00 2427.56 1823.20 110.00 2417.56 1929.80 110.00 2402.20 1947.12 110.00 2392.20 1909.80 110.00 2367.56 1927.12 110.00 2357.56 1843.20 110.00 2452.20 1825.88 110.00 2462.20 1863.20 110.00 2486.84 1845.88 110.00 2496.84 1947.12 110.00 2392.20 1929.80 110.00 2402.20 1967.12 110.00 2426.84 1949.80 110.00 2436.84 1885.88 110.00 2566.12 1903.20 110.00 2556.12 1865.88 110.00 2531.48 1883.20 110.00 2521.48 1989.80 110.00 2506.12 2007.12 110.00 2496.12 1969.80 110.00 2471.48 1987.12 110.00 2461.48 1863.20 110.00 2486.84 1845.88 110.00 2496.84 1883.20 110.00 2521.48 1865.88 110.00 2531.48 1967.12 110.00 2426.84 1949.80 110.00 2436.84 1987.12 110.00 2461.48 1969.80 110.00 2471.48 1852.07 110.00 2400.89 1823.20 110.00 2417.56 1872.07 110.00 2435.53 1843.20 110.00 2452.20 1969.80 110.00 2471.48 1940.93 110.00 2488.14 1989.80 110.00 2506.12 1960.93 110.00 2522.78 1929.80 110.00 2402.20 1900.93 110.00 2418.86 1949.80 110.00 2436.84 1920.93 110.00 2453.50 1900.93 110.00 2418.86 1920.93 110.00 2453.50 1892.07 110.00 2470.17 1892.07 110.00 2470.17 1863.20 110.00 2486.84 1912.07 110.00 2504.81 1883.20 110.00 2521.48 1909.80 110.00 2367.56 1880.93 110.00 2384.22 1880.93 110.00 2384.22 1912.07 110.00 2504.81 1883.20 110.00 2521.48 1932.07 110.00 2539.45 1903.20 110.00 2556.12 1940.93 110.00 2488.14 1960.93 110.00 2522.78 1920.93 110.00 2453.50 1940.93 110.00 2488.14 1863.20 110.00 2486.84 1949.80 110.00 2436.84 1920.93 110.00 2453.50 1969.80 110.00 2471.48 1940.93 110.00 2488.14 1791.16 350.00 2742.05 1731.16 350.00 2638.13 1836.62 410.00 2715.80 1776.62 410.00 2611.88 1775.08 350.00 2474.20 1799.65 410.00 2529.30 1753.12 350.00 2556.17 1824.64 470.00 2584.16 2053.36 470.00 2452.10 2018.35 410.00 2403.03 2101.38 410.00 2424.38 2114.24 470.00 2555.52 2161.38 410.00 2528.30 2206.85 350.00 2502.05 2146.85 350.00 2398.13 1730.08 350.00 2396.26 1775.54 350.00 2370.01 1820.54 350.00 2447.96 1937.46 350.00 2380.46 1967.46 410.00 2432.42 2057.46 470.00 2588.30 1997.46 470.00 2484.38 2221.38 410.00 2632.22 2266.85 350.00 2605.98 2175.91 470.00 2658.48 2117.46 470.00 2692.22 1896.62 410.00 2819.72 1942.09 470.00 2793.48 1883.76 470.00 2688.59 1789.00 350.00 2258.32 1847.46 350.00 2224.57 1834.00 350.00 2336.26 1892.46 350.00 2302.51 1879.00 350.00 2414.20 1999.00 470.00 2622.05 2059.00 470.00 2725.98 1940.54 470.00 2655.80 2000.54 470.00 2759.72 1939.00 470.00 2518.13 1880.54 470.00 2551.88 1909.00 410.00 2466.17 1850.54 410.00 2499.92 1937.92 350.00 2276.26 1892.92 350.00 2198.32 1982.92 350.00 2354.20 2028.23 470.00 2605.18 1968.23 470.00 2501.25 1938.23 410.00 2449.29 2064.88 350.00 2376.17 1851.16 350.00 2845.98 1796.10 350.00 2314.38 1781.43 350.00 2318.88 1759.27 350.00 2341.82 1724.54 350.00 2323.66 1685.08 350.00 2318.32 1711.20 350.00 2303.24 2126.08 431.59 2724.65 2154.98 431.59 2693.86 2126.08 390.91 2724.65 2154.98 390.91 2693.86 2126.07 276.59 2724.65 2154.98 276.59 2693.86 2126.07 235.91 2724.65 2154.98 235.91 2693.86 1983.20 199.09 2793.04 2024.32 199.09 2783.40 1983.20 158.41 2793.04 2024.32 158.41 2783.40 1983.20 354.09 2793.04 2024.32 354.09 2783.40 1983.20 313.41 2793.04 2024.32 313.41 2783.40 2060.60 199.09 2769.17 2095.60 199.09 2748.96 2060.60 158.41 2769.17 2095.60 158.41 2748.96 2060.60 354.09 2769.17 2095.60 354.09 2748.96 2060.60 313.41 2769.17 2095.60 313.41 2748.96 1983.20 276.59 2793.04 2024.32 276.59 2783.40 1983.20 235.91 2793.04 2024.32 235.91 2783.40 2126.08 199.09 2724.65 2154.98 199.09 2693.86 2126.08 158.41 2724.65 2154.98 158.41 2693.86 2060.60 276.59 2769.17 2095.60 276.59 2748.96 2060.60 235.91 2769.17 2095.60 235.91 2748.96 2126.07 354.09 2724.65 2154.98 354.09 2693.86 2126.07 313.41 2724.65 2154.98 313.41 2693.86 1983.20 431.59 2793.04 2024.32 431.59 2783.40 1983.20 390.91 2793.04 2024.32 390.91 2783.40 2060.60 431.59 2769.17 2095.60 431.59 2748.96 2060.60 390.91 2769.17 2095.60 390.91 2748.96 2108.04 450.00 2733.92 2163.09 450.00 2675.28 2106.90 446.12 2727.34 2156.45 446.12 2674.56 2163.09 372.50 2675.28 2156.45 376.38 2674.56 2108.04 372.50 2733.92 2106.90 376.38 2727.34 2108.04 295.00 2733.92 2163.09 295.00 2675.28 2106.90 291.12 2727.34 2156.45 291.12 2674.56 2163.09 217.50 2675.28 2156.45 221.37 2674.56 2108.04 217.50 2733.92 2106.90 221.37 2727.34 1963.06 217.50 2790.77 2041.36 217.50 2772.42 1965.75 213.62 2784.66 2036.23 213.62 2768.14 2041.36 140.00 2772.42 2036.23 143.88 2768.14 1963.06 140.00 2790.77 1965.75 143.88 2784.66 1963.06 372.50 2790.77 2041.36 372.50 2772.42 1965.75 368.62 2784.66 2036.23 368.62 2768.14 2041.36 295.00 2772.42 2036.23 298.88 2768.14 1963.06 295.00 2790.77 1965.75 298.88 2784.66 2041.36 217.50 2772.42 2108.04 217.50 2733.92 2042.03 213.62 2765.88 2102.04 213.62 2731.23 2108.04 140.00 2733.92 2102.04 143.88 2731.23 2041.36 140.00 2772.42 2042.03 143.88 2765.88 2041.36 372.50 2772.42 2108.04 372.50 2733.92 2042.03 368.62 2765.88 2102.04 368.62 2731.23 2108.04 295.00 2733.92 2102.04 298.88 2731.23 2041.36 295.00 2772.42 2042.03 298.88 2765.88 1963.06 295.00 2790.77 2041.36 295.00 2772.42 1965.75 291.12 2784.66 2036.23 291.12 2768.14 2041.36 217.50 2772.42 2036.23 221.38 2768.14 1963.06 217.50 2790.77 1965.75 221.38 2784.66 2108.04 217.50 2733.92 2163.09 217.50 2675.28 2106.90 213.63 2727.34 2156.45 213.63 2674.56 2163.09 140.00 2675.28 2156.45 143.88 2674.56 2108.04 140.00 2733.92 2106.90 143.88 2727.34 2041.36 295.00 2772.42 2108.04 295.00 2733.92 2042.03 291.12 2765.88 2102.04 291.12 2731.23 2108.04 217.50 2733.92 2102.04 221.38 2731.23 2041.36 217.50 2772.42 2042.03 221.38 2765.88 2108.04 372.50 2733.92 2163.09 372.50 2675.28 2106.90 368.62 2727.34 2156.45 368.62 2674.56 2163.09 295.00 2675.28 2156.45 298.88 2674.56 2108.04 295.00 2733.92 2106.90 298.88 2727.34 1963.06 450.00 2790.77 2041.36 450.00 2772.42 1965.75 446.12 2784.66 2036.23 446.12 2768.14 2041.36 372.50 2772.42 2036.23 376.38 2768.14 1963.06 372.50 2790.77 1965.75 376.38 2784.66 2041.36 450.00 2772.42 2108.04 450.00 2733.92 2042.03 446.12 2765.88 2102.04 446.12 2731.23 2108.04 372.50 2733.92 2102.04 376.38 2731.23 2041.36 372.50 2772.42 2042.03 376.38 2765.88 2114.34 435.66 2719.42 2149.02 435.66 2682.48 2149.02 386.84 2682.48 2114.34 386.84 2719.42 2114.34 280.66 2719.42 2149.02 280.66 2682.48 2149.02 231.84 2682.48 2114.34 231.84 2719.42 1976.32 203.16 2782.18 2025.66 203.16 2770.62 2025.66 154.34 2770.62 1976.32 154.34 2782.18 1976.32 358.16 2782.18 2025.66 358.16 2770.62 2025.66 309.34 2770.62 1976.32 309.34 2782.18 2051.03 203.16 2760.68 2093.04 203.16 2736.42 2093.04 154.34 2736.42 2051.03 154.34 2760.68 2051.03 358.16 2760.68 2093.04 358.16 2736.42 2093.04 309.34 2736.42 2051.03 309.34 2760.68 1976.32 280.66 2782.18 2025.66 280.66 2770.62 2025.66 231.84 2770.62 1976.32 231.84 2782.18 2114.34 203.16 2719.42 2149.02 203.16 2682.48 2149.02 154.34 2682.48 2114.34 154.34 2719.42 2051.03 280.66 2760.68 2093.04 280.66 2736.42 2093.04 231.84 2736.42 2051.03 231.84 2760.68 2114.34 358.16 2719.42 2149.02 358.16 2682.48 2149.02 309.34 2682.48 2114.34 309.34 2719.42 1976.32 435.66 2782.18 2025.66 435.66 2770.62 2025.66 386.84 2770.62 1976.32 386.84 2782.18 2051.03 435.66 2760.68 2093.04 435.66 2736.42 2093.04 386.84 2736.42 2051.03 386.84 2760.68 2126.08 431.59 2724.65 2154.98 431.59 2693.86 2154.98 390.91 2693.86 2126.08 390.91 2724.65 2093.04 231.84 2736.42 2095.60 235.91 2748.96 2177.94 450.00 2661.98 2224.90 390.00 2634.86 2177.94 390.00 2661.98 2271.86 330.00 2607.75 2224.90 330.00 2634.86 2177.94 330.00 2661.98 1944.11 390.49 2796.98 1944.11 330.00 2796.98 1897.15 390.00 2824.09 1897.15 330.00 2824.09 1897.15 250.00 2824.09 1850.19 330.00 2851.20 1850.19 250.00 2851.20 1727.45 250.00 2638.62 1788.82 250.00 2744.91 1727.45 170.00 2638.62 1788.82 170.00 2744.91 2149.12 250.00 2395.16 2210.49 250.00 2501.46 2149.12 330.00 2395.16 2210.49 330.00 2501.46 2149.12 170.00 2395.16 2067.16 170.00 2373.20 2067.16 250.00 2373.20 1985.20 250.00 2351.24 1940.81 250.00 2273.77 1985.20 170.00 2351.24 1940.81 170.00 2273.77 1681.57 170.00 2320.34 1681.57 250.00 2320.34 1726.47 170.00 2397.52 1726.47 250.00 2397.52 1771.37 170.00 2474.69 1771.37 250.00 2474.69 1749.41 170.00 2556.66 1749.41 250.00 2556.66 2224.90 250.00 2634.86 2177.94 250.00 2661.98 1789.00 230.00 2258.32 1832.30 230.00 2233.32 1788.65 250.00 2257.71 1849.27 250.00 2222.71 1728.38 170.00 2293.32 1685.08 170.00 2318.32 1719.14 110.00 2298.20 1685.08 110.00 2318.32 1857.94 110.00 2217.86 1849.62 170.00 2223.32 1832.06 110.00 2232.90 1832.30 170.00 2233.32 1681.57 250.00 2320.34 1681.57 170.00 2320.34 2271.86 250.00 2607.75 2271.86 170.00 2607.75 2210.49 170.00 2501.46 1850.19 250.00 2851.20 1850.19 330.00 2851.20 1788.82 330.00 2744.91 1985.20 330.00 2351.24 2067.16 330.00 2373.20 1727.45 330.00 2638.62 1749.41 330.00 2556.66 1940.81 330.00 2273.77 1896.43 250.00 2196.30 1895.02 329.94 2193.85 1771.37 330.00 2474.69 1726.47 330.00 2397.52 1896.43 250.00 2196.30 1892.92 170.00 2198.32 1896.43 170.00 2196.30 2224.90 170.00 2634.86 2271.86 170.00 2607.75 2271.86 250.00 2607.75 2271.86 330.00 2607.75 1896.43 170.00 2196.30 1944.11 170.00 2796.98 1897.15 170.00 2824.09 1944.11 203.16 2796.98 1944.11 250.00 2796.98 1850.19 170.00 2851.20 1680.16 330.00 2317.90 2177.94 170.00 2661.98 2177.94 203.16 2661.98 1850.19 170.00 2851.20 1728.03 250.00 2292.71 1745.70 170.00 2283.32 1745.46 110.00 2282.90 1745.70 230.00 2283.32 1892.92 110.00 2198.32 1787.59 330.00 2255.88 1846.32 330.00 2221.97 1944.11 450.00 2796.98 1895.02 329.94 2193.85 1728.62 311.72 2290.48 1723.25 330.00 2293.02 1680.16 330.00 2317.90 1750.95 301.48 2277.90 1753.42 313.73 2276.10 1764.80 315.85 2269.46 1776.23 330.00 2262.44 2038.83 136.67 2667.08 2044.23 136.67 2656.13 2037.64 140.00 2666.17 2042.78 140.00 2655.74 2043.54 140.00 2644.14 2014.00 137.61 2648.03 2039.81 140.00 2633.13 2032.14 140.00 2624.39 2021.71 140.00 2619.25 2010.11 140.00 2618.49 1999.10 140.00 2622.22 1990.36 140.00 2629.89 1985.22 140.00 2640.32 1984.46 140.00 2651.92 1988.19 140.00 2662.93 1995.86 140.00 2671.67 2006.29 140.00 2676.82 2017.89 140.00 2677.58 2028.90 140.00 2673.84 2029.65 136.67 2675.14 2045.03 136.67 2643.95 2041.10 136.67 2632.38 2033.05 136.67 2623.20 2022.10 136.67 2617.80 2009.92 136.67 2617.00 1998.35 136.67 2620.93 1989.17 136.67 2628.98 1983.77 136.67 2639.93 1982.97 136.67 2652.12 1986.90 136.67 2663.68 1994.95 136.67 2672.86 2005.90 136.67 2678.26 2018.08 136.67 2679.06 1728.62 311.72 2290.48 1750.95 301.48 2277.90 1726.67 330.00 2267.76 1741.74 330.00 2249.82 1753.42 313.73 2276.10 1746.94 330.00 2258.14 1764.80 315.85 2269.46 1757.11 330.00 2254.56 1776.23 330.00 2262.44 1723.25 330.00 2293.02 1719.24 399.61 2181.26 1723.25 330.00 2293.02 1726.67 330.00 2267.76 1711.20 350.00 2303.24 1725.58 330.00 2294.94 1759.27 350.00 2341.82 1724.54 350.00 2323.66 1778.39 330.00 2264.45 1789.00 350.00 2258.32 1796.10 350.00 2314.38 1781.43 350.00 2318.88 1776.23 330.00 2262.44 1741.74 330.00 2249.82 1746.94 330.00 2258.14 1757.11 330.00 2254.56 1896.79 470.00 2621.02 1931.58 460.00 2633.27 1922.55 470.00 2639.63 1964.82 450.00 2634.86 1946.77 470.00 2647.59 1964.82 450.00 2634.86 1979.36 440.00 2668.03 1950.78 470.00 2684.53 1946.77 470.00 2647.59 1974.88 440.00 2638.28 1981.27 470.00 2707.34 2001.32 450.00 2698.08 2003.38 440.00 2687.65 2001.32 450.00 2698.08 2034.50 440.00 2683.54 2014.06 470.00 2716.13 2050.50 470.00 2711.25 2003.38 440.00 2687.65 2053.62 440.00 2658.65 2084.17 470.00 2667.56 2084.17 470.00 2667.56 2053.62 440.00 2658.65 2080.16 470.00 2630.62 2058.17 450.00 2622.53 2048.64 440.00 2628.03 2025.12 440.00 2609.28 2062.66 470.00 2600.31 2032.67 470.00 2578.36 2032.67 470.00 2578.36 2025.12 440.00 2609.28 1994.00 440.00 2613.39 1978.00 470.00 2585.68 1964.82 450.00 2634.86 1955.56 470.00 2614.80 1974.88 440.00 2638.28 1926.94 470.00 2623.24 1955.56 470.00 2614.80 1984.20 437.61 2640.41 1987.15 437.61 2663.53 2006.20 437.61 2678.52 2006.20 437.61 2678.52 2029.75 437.61 2675.31 2044.30 437.61 2656.52 2044.30 437.61 2656.52 2040.85 437.61 2632.53 2022.30 437.61 2618.41 2022.30 437.61 2618.41 1998.75 437.61 2621.62 1984.20 437.61 2640.41 1998.75 437.61 2621.62 1998.76 413.71 2644.04 2006.22 413.71 2634.56 2014.00 340.00 2648.03 2007.66 387.44 2651.79 2007.18 387.44 2646.26 2012.37 387.44 2655.26 1999.84 413.71 2656.36 2010.34 413.71 2664.09 2012.37 387.44 2655.26 2017.72 387.44 2654.48 2010.34 413.71 2664.09 2022.28 413.71 2662.37 2021.07 387.44 2650.23 2029.74 413.71 2652.89 2021.07 387.44 2650.23 2020.42 387.44 2644.42 2029.74 413.71 2652.89 2028.29 413.71 2639.93 2015.88 387.44 2641.24 2010.52 387.44 2642.01 2015.88 387.44 2641.24 2018.16 413.71 2632.84 2007.18 387.44 2646.26 2125.72 470.00 2583.53 2058.17 450.00 2622.53 2062.66 470.00 2600.31 2080.16 470.00 2630.62 2001.32 450.00 2698.08 1991.28 470.00 2754.68 1981.27 470.00 2707.34 2014.06 470.00 2716.13 1987.15 437.61 2663.53 1984.20 437.61 2640.41 1998.76 413.71 2644.04 1984.20 437.61 2640.41 2006.20 437.61 2678.52 2006.20 437.61 2678.52 2029.75 437.61 2675.31 2044.30 437.61 2656.52 2040.85 437.61 2632.53 2044.30 437.61 2656.52 2022.30 437.61 2618.41 2018.16 413.71 2632.84 2022.30 437.61 2618.41 1949.17 401.00 2433.74 1947.60 380.00 2445.03 1942.86 378.00 2410.82 1930.78 386.00 2425.88 1861.46 350.00 2375.83 1852.12 350.00 2339.66 1869.30 333.00 2379.40 1852.12 350.00 2339.66 1878.59 350.00 2377.49 1869.30 333.00 2379.40 1870.30 326.00 2411.14 1859.80 350.00 2392.96 1882.46 350.00 2412.20 1745.46 110.00 2282.90 1788.69 110.00 2257.86 1744.00 110.00 2261.00 1779.00 110.00 2241.00 1858.50 110.00 2379.00 1823.60 110.00 2318.43 1789.00 110.00 2419.00 1753.97 110.00 2358.43 1840.82 110.00 2268.22 1832.06 110.00 2232.90 1813.50 110.00 2221.00 1719.14 110.00 2298.20 1771.33 110.00 2308.24 1928.00 110.00 2339.00 1892.97 110.00 2278.43 1857.94 110.00 2217.86 </float_array>
                    <technique_common>
                        <accessor source="#geom-029EA6A7-pos-array" count="866" stride="3">
                            <param name="X" type="float" />
                            <param name="Y" type="float" />
                            <param name="Z" type="float" />
                        </accessor>
                    </technique_common>
                </source>
                <source id="geom-029EA6A7-texcoord">
                    <float_array id="geom-029EA6A7-texcoord-array" count="1732">0.02 0.02 0.50 0.02 0.02 0.50 0.50 0.50 0.98 0.02 0.98 0.50 0.02 0.02 0.50 0.02 0.02 0.50 0.50 0.50 0.98 0.02 0.98 0.50 0.02 0.02 0.50 0.02 0.02 0.50 0.50 0.50 0.98 0.02 0.98 0.50 0.02 0.02 0.50 0.02 0.02 0.50 0.50 0.50 0.98 0.02 0.98 0.50 0.02 0.02 0.50 0.02 0.02 0.50 0.50 0.50 0.98 0.02 0.98 0.50 0.02 0.02 0.50 0.02 0.02 0.50 0.50 0.50 0.98 0.02 0.98 0.50 0.02 0.02 0.50 0.02 0.02 0.50 0.50 0.50 0.98 0.02 0.98 0.50 0.02 0.02 0.50 0.02 0.02 0.50 0.50 0.50 0.98 0.02 0.98 0.50 0.50 0.81 0.87 0.81 0.13 0.81 0.50 0.81 0.87 0.81 0.12 0.81 0.50 0.81 0.88 0.81 0.12 0.81 0.50 0.81 0.88 0.81 0.12 0.81 0.50 0.81 0.88 0.81 0.12 0.81 0.50 0.81 0.88 0.81 0.12 0.81 0.50 0.81 0.88 0.81 0.12 0.81 0.50 0.81 0.88 0.81 0.13 0.81 0.16 0.98 0.50 0.98 0.84 0.98 0.13 0.81 0.16 0.98 0.50 0.98 0.87 0.81 0.84 0.98 0.13 0.81 0.16 0.98 0.50 0.98 0.87 0.81 0.84 0.98 0.13 0.81 0.16 0.98 0.50 0.98 0.87 0.81 0.84 0.98 0.13 0.81 0.16 0.98 0.50 0.98 0.87 0.81 0.84 0.98 0.13 0.81 0.16 0.98 0.50 0.98 0.87 0.81 0.84 0.98 0.13 0.81 0.16 0.98 0.50 0.98 0.87 0.81 0.84 0.98 0.16 0.98 0.50 0.98 0.84 0.98 0.21 -0.29 0.17 -0.35 0.28 -0.36 0.26 -0.40 0.31 -0.11 0.39 -0.12 0.43 -0.18 0.33 -0.09 0.46 -0.13 0.40 -0.10 0.43 -0.18 0.39 -0.12 0.31 -0.11 0.33 -0.09 0.46 -0.13 0.40 -0.10 0.69 -0.65 0.72 -0.60 0.63 -0.57 0.60 -0.60 0.64 -0.45 0.56 -0.50 0.72 -0.60 0.47 -0.45 0.48 -0.34 0.37 -0.39 0.49 -0.09 0.63 0.00 0.45 0.03 0.39 -0.17 0.46 -0.26 0.47 -0.22 0.53 -0.14 0.63 -0.19 0.56 -0.09 0.65 -0.15 0.43 -0.08 0.46 -0.03 0.36 -0.03 0.38 0.01 0.49 -0.20 0.59 -0.25 0.52 -0.15 0.62 -0.21 0.31 -0.12 0.25 -0.09 0.21 -0.29 0.15 -0.26 0.72 -0.60 0.78 -0.63 0.83 -0.42 0.88 -0.46 0.36 -0.41 0.45 -0.46 0.37 -0.39 0.47 -0.45 0.53 -0.14 0.43 -0.08 0.52 -0.15 0.42 -0.10 0.63 -0.19 0.62 -0.21 0.70 -0.24 0.69 -0.26 0.45 -0.20 0.40 -0.14 0.39 -0.16 0.63 -0.28 0.62 -0.29 0.67 -0.30 0.66 -0.32 0.56 -0.50 0.55 -0.52 0.36 -0.12 0.35 -0.05 0.32 -0.10 0.41 0.05 0.35 0.08 0.93 -0.25 0.98 -0.28 0.74 -0.38 0.67 -0.29 0.66 -0.33 0.63 -0.36 0.59 -0.38 0.76 -0.25 0.65 -0.21 0.67 -0.24 0.50 -0.19 0.54 -0.17 0.59 -0.38 0.63 -0.36 0.58 -0.32 0.60 -0.31 0.66 -0.33 0.61 -0.30 0.67 -0.24 0.65 -0.21 0.61 -0.26 0.61 -0.24 0.62 -0.18 0.59 -0.23 0.54 -0.17 0.50 -0.19 0.55 -0.22 0.54 -0.23 0.47 -0.22 0.52 -0.25 0.51 -0.37 0.55 -0.38 0.54 -0.32 0.56 -0.32 0.46 -0.30 0.48 -0.34 0.52 -0.29 0.53 -0.30 0.46 -0.26 0.52 -0.27 0.67 -0.29 0.61 -0.28 0.58 -0.16 0.57 -0.22 0.83 -0.42 0.78 -0.08 0.89 -0.23 0.31 -0.12 0.21 -0.29 0.38 -0.30 0.35 -0.05 0.36 -0.03 0.35 -0.14 0.36 -0.12 0.40 -0.14 0.42 -0.10 0.73 -0.19 0.70 -0.24 0.63 -0.28 0.69 -0.26 0.59 -0.25 0.52 -0.23 0.58 -0.27 0.55 -0.38 0.51 -0.37 0.47 -0.45 0.46 -0.30 0.31 -0.11 0.32 -0.10 0.67 -0.30 0.41 0.05 0.93 -0.25 0.66 -0.12 0.58 -0.16 0.62 -0.18 0.90 -0.21 0.45 0.05 0.49 -0.20 0.97 0.98 0.03 0.98 0.97 0.02 0.03 0.02 0.97 0.98 0.03 0.98 0.97 0.02 0.03 0.02 0.03 0.02 0.97 0.02 0.03 0.98 0.97 0.98 0.03 0.02 0.97 0.02 0.03 0.98 0.97 0.98 0.97 0.98 0.03 0.98 0.97 0.02 0.03 0.02 0.97 0.98 0.03 0.98 0.97 0.02 0.03 0.02 0.03 0.02 0.97 0.02 0.03 0.98 0.97 0.98 0.03 0.02 0.97 0.02 0.03 0.98 0.97 0.98 0.50 0.02 0.98 0.02 0.50 0.50 0.98 0.50 0.98 0.50 0.50 0.50 0.98 0.98 0.50 0.98 0.98 0.50 0.50 0.50 0.98 0.98 0.50 0.98 0.02 0.50 0.02 0.98 0.50 0.98 0.50 0.52 0.98 0.52 0.50 0.98 0.98 0.98 0.98 0.02 0.50 0.02 0.02 0.02 0.50 0.52 0.98 0.52 0.50 0.98 0.98 0.98 0.02 0.52 0.02 0.98 0.02 0.52 0.02 0.98 0.98 0.98 0.98 0.50 0.50 0.50 0.98 0.98 0.50 0.98 0.98 0.07 0.98 -0.14 0.85 0.07 0.85 -0.14 0.70 -0.42 0.70 -0.28 0.85 -0.28 0.70 -0.14 0.29 -0.14 0.29 -0.28 0.14 -0.14 0.29 0.07 0.14 0.07 0.00 0.07 0.00 -0.14 0.70 -0.56 0.60 -0.56 0.60 -0.42 0.39 -0.42 0.39 -0.28 0.39 0.07 0.39 -0.14 0.14 0.28 0.00 0.28 0.29 0.28 0.39 0.28 0.85 0.28 0.70 0.28 0.70 0.07 0.49 -0.70 0.39 -0.70 0.49 -0.56 0.39 -0.56 0.49 -0.42 0.49 0.07 0.49 0.28 0.60 0.07 0.60 0.28 0.49 -0.14 0.60 -0.14 0.49 -0.28 0.60 -0.28 0.29 -0.56 0.29 -0.70 0.29 -0.42 0.44 0.07 0.44 -0.14 0.44 -0.28 0.14 -0.28 0.98 0.28 0.53 -0.62 0.55 -0.63 0.60 -0.61 0.64 -0.67 0.70 -0.70 0.64 -0.70 0.71 0.71 0.28 0.71 0.71 0.28 0.28 0.28 0.71 0.71 0.28 0.71 0.71 0.28 0.28 0.28 0.71 0.71 0.28 0.71 0.71 0.28 0.28 0.28 0.71 0.71 0.28 0.71 0.71 0.28 0.28 0.28 0.71 0.71 0.28 0.71 0.71 0.28 0.28 0.28 0.71 0.71 0.28 0.71 0.71 0.28 0.28 0.28 0.71 0.71 0.28 0.71 0.71 0.28 0.28 0.28 0.71 0.71 0.28 0.71 0.71 0.28 0.28 0.28 0.71 0.71 0.28 0.71 0.71 0.28 0.28 0.28 0.71 0.71 0.28 0.71 0.71 0.28 0.28 0.28 0.71 0.71 0.28 0.71 0.71 0.28 0.28 0.28 0.71 0.71 0.28 0.71 0.71 0.28 0.28 0.28 0.98 0.98 0.01 0.98 0.93 0.93 0.06 0.93 0.01 0.01 0.06 0.06 0.98 0.01 0.93 0.06 0.98 0.98 0.01 0.98 0.93 0.93 0.06 0.93 0.01 0.01 0.06 0.06 0.98 0.01 0.93 0.06 0.98 0.98 0.01 0.98 0.93 0.93 0.06 0.93 0.01 0.01 0.06 0.06 0.98 0.01 0.93 0.06 0.98 0.98 0.01 0.98 0.93 0.93 0.06 0.93 0.01 0.01 0.06 0.06 0.98 0.01 0.93 0.06 0.98 0.98 0.01 0.98 0.93 0.93 0.06 0.93 0.01 0.01 0.06 0.06 0.98 0.01 0.93 0.06 0.98 0.98 0.01 0.98 0.93 0.93 0.06 0.93 0.01 0.01 0.06 0.06 0.98 0.01 0.93 0.06 0.98 0.98 0.01 0.98 0.93 0.93 0.06 0.93 0.01 0.01 0.06 0.06 0.98 0.01 0.93 0.06 0.98 0.98 0.01 0.98 0.93 0.93 0.06 0.93 0.01 0.01 0.06 0.06 0.98 0.01 0.93 0.06 0.98 0.98 0.01 0.98 0.93 0.93 0.06 0.93 0.01 0.01 0.06 0.06 0.98 0.01 0.93 0.06 0.98 0.98 0.01 0.98 0.93 0.93 0.06 0.93 0.01 0.01 0.06 0.06 0.98 0.01 0.93 0.06 0.98 0.98 0.01 0.98 0.93 0.93 0.06 0.93 0.01 0.01 0.06 0.06 0.98 0.01 0.93 0.06 0.98 0.98 0.01 0.98 0.93 0.93 0.06 0.93 0.01 0.01 0.06 0.06 0.98 0.01 0.93 0.06 0.81 0.81 0.19 0.81 0.19 0.19 0.81 0.19 0.81 0.81 0.19 0.81 0.19 0.19 0.81 0.19 0.81 0.81 0.19 0.81 0.19 0.19 0.81 0.19 0.81 0.81 0.19 0.81 0.19 0.19 0.81 0.19 0.81 0.81 0.19 0.81 0.19 0.19 0.81 0.19 0.81 0.81 0.19 0.81 0.19 0.19 0.81 0.19 0.81 0.81 0.19 0.81 0.19 0.19 0.81 0.19 0.81 0.81 0.19 0.81 0.19 0.19 0.81 0.19 0.81 0.81 0.19 0.81 0.19 0.19 0.81 0.19 0.81 0.81 0.19 0.81 0.19 0.19 0.81 0.19 0.81 0.81 0.19 0.81 0.19 0.19 0.81 0.19 0.81 0.81 0.19 0.81 0.19 0.19 0.81 0.19 0.71 0.71 0.28 0.71 0.28 0.28 0.71 0.28 0.19 0.19 0.28 0.28 0.27 0.13 0.17 0.03 0.27 0.03 0.07 -0.07 0.17 -0.07 0.27 -0.07 0.00 0.03 0.00 -0.07 0.10 0.03 0.10 -0.07 0.10 -0.20 0.20 -0.07 0.20 -0.20 0.40 0.02 0.20 0.02 0.40 -0.12 0.20 -0.12 0.58 0.02 0.78 0.02 0.58 0.15 0.78 0.15 0.58 -0.12 0.44 -0.12 0.44 0.02 0.30 0.02 0.15 0.02 0.30 -0.12 0.15 -0.12 0.98 -0.12 0.98 0.02 0.83 -0.12 0.83 0.02 0.68 -0.12 0.68 0.02 0.54 -0.12 0.54 0.02 0.17 -0.20 0.27 -0.20 0.20 0.02 0.28 0.02 0.20 0.05 0.31 0.05 0.09 -0.08 0.01 -0.08 0.07 -0.18 0.01 -0.18 0.33 -0.18 0.31 -0.08 0.28 -0.18 0.28 -0.08 0.00 0.05 0.00 -0.08 0.98 0.02 0.98 -0.12 0.78 -0.12 0.00 0.02 0.00 0.15 0.20 0.15 0.30 0.15 0.44 0.15 0.40 0.15 0.54 0.15 0.15 0.15 0.00 0.02 0.00 0.15 0.68 0.15 0.83 0.15 0.40 0.05 0.39 -0.08 0.40 -0.08 0.17 -0.33 0.07 -0.33 0.07 -0.20 0.98 0.15 0.00 -0.12 0.00 -0.33 0.10 -0.33 0.00 -0.28 0.00 -0.20 0.00 -0.12 0.98 0.15 0.27 -0.33 0.27 -0.28 0.20 -0.33 0.09 0.05 0.12 -0.08 0.12 -0.18 0.12 0.02 0.39 -0.18 0.20 0.18 0.31 0.18 0.00 0.13 0.40 0.18 0.09 0.15 0.08 0.18 0.00 0.18 0.13 0.13 0.14 0.15 0.16 0.15 0.18 0.18 0.95 0.68 0.84 0.84 0.90 0.66 0.81 0.81 0.66 0.90 0.49 0.49 0.49 0.94 0.32 0.90 0.18 0.81 0.08 0.66 0.05 0.49 0.08 0.32 0.18 0.18 0.32 0.08 0.49 0.05 0.66 0.08 0.81 0.18 0.90 0.32 0.94 0.49 0.98 0.49 0.68 0.95 0.49 0.98 0.30 0.95 0.14 0.84 0.04 0.68 0.00 0.49 0.04 0.30 0.14 0.14 0.30 0.04 0.49 0.00 0.68 0.04 0.84 0.14 0.95 0.30 0.09 -0.16 0.46 -0.28 0.20 0.21 0.50 0.28 0.60 -0.12 0.62 0.22 0.79 -0.08 0.78 0.21 0.98 0.11 0.00 0.07 0.67 -0.29 0.71 -0.88 0.83 -0.75 0.54 -0.86 0.69 -0.89 0.18 -0.98 0.42 -0.95 0.00 -0.34 0.11 -0.43 0.01 -0.76 0.08 -0.81 0.05 -0.11 0.96 -0.34 0.68 0.21 0.29 0.09 0.00 0.74 0.30 0.74 0.25 0.64 0.61 0.74 0.49 0.53 0.70 0.22 0.37 0.37 0.37 0.00 0.68 0.00 0.65 0.37 0.12 0.00 0.05 0.22 0.09 0.37 0.70 0.22 0.37 0.37 0.68 0.00 0.37 0.00 0.65 0.37 0.09 0.37 0.00 0.00 0.74 0.00 0.65 0.37 0.46 0.00 0.37 0.25 0.37 0.37 0.09 0.37 0.28 0.00 0.00 0.00 0.74 0.00 0.65 0.37 0.37 0.37 0.37 0.00 0.07 0.25 0.12 0.00 0.09 0.37 0.25 0.85 0.50 0.95 0.62 0.48 0.37 0.48 0.12 0.48 0.62 0.48 0.37 0.48 0.12 0.48 0.62 0.48 0.37 0.48 0.12 0.48 0.62 0.48 0.37 0.48 0.98 0.98 0.77 0.98 0.89 0.68 0.77 0.68 0.77 0.01 0.77 0.43 0.71 0.43 0.83 0.43 0.77 0.68 0.89 0.68 0.71 0.43 0.77 0.43 0.65 0.68 0.77 0.68 0.83 0.43 0.89 0.68 0.71 0.43 0.77 0.43 0.65 0.68 0.77 0.68 0.83 0.43 0.77 0.43 0.71 0.43 0.65 0.68 0.83 0.43 0.00 0.74 0.61 0.74 0.49 0.53 0.50 0.95 0.61 0.74 0.00 0.74 0.50 0.95 0.49 0.53 0.77 0.98 0.55 0.98 0.65 0.68 0.12 0.48 0.98 0.98 0.55 0.98 0.77 0.98 0.98 0.98 0.77 0.98 0.55 0.98 0.98 0.98 0.89 0.68 0.55 0.98 0.50 0.95 0.61 0.74 0.30 0.74 0.49 0.53 0.25 0.64 0.00 0.74 0.30 0.74 0.00 0.74 0.25 0.85 0.30 0.74 0.61 0.74 0.49 0.53 0.50 0.95 0.19 0.87 0.50 0.87 0.25 0.98 0.50 0.98 0.50 0.01 0.50 0.43 0.01 0.01 0.01 0.43 0.74 0.65 0.80 0.87 0.74 0.98 0.01 0.87 0.25 0.65 0.98 0.01 0.98 0.43 0.98 0.87 </float_array>
                    <technique_common>
                        <accessor source="#geom-029EA6A7-texcoord-array" count="866" stride="2">
                            <param name="S" type="float" />
                            <param name="T" type="float" />
                        </accessor>
                    </technique_common>
                </source>
                <source id="geom-029EA6A7-colors">
                    <float_array id="geom-029EA6A7-colors-array" count="3464">0.00 0.00 0.00 1.00 0.00 0.00 0.00 1.00 0.20 1.00 0.45 1.00 0.22 0.88 0.38 1.00 0.00 0.00 0.00 1.00 0.25 1.00 0.58 1.00 0.00 0.00 0.00 1.00 0.00 0.00 0.00 1.00 0.25 1.00 0.58 1.00 0.29 1.00 0.69 1.00 0.00 0.00 0.00 1.00 0.34 1.00 0.81 1.00 0.00 0.00 0.00 1.00 0.00 0.00 0.00 1.00 0.34 1.00 0.81 1.00 0.38 1.00 0.93 1.00 0.00 0.00 0.00 1.00 0.40 1.00 0.98 1.00 0.00 0.00 0.00 1.00 0.00 0.00 0.00 1.00 0.40 1.00 0.98 1.00 0.40 1.00 0.99 1.00 0.00 0.00 0.00 1.00 0.40 1.00 0.98 1.00 0.00 0.00 0.00 1.00 0.00 0.00 0.00 1.00 0.40 1.00 0.98 1.00 0.38 1.00 0.93 1.00 0.00 0.00 0.00 1.00 0.35 1.00 0.83 1.00 0.00 0.00 0.00 1.00 0.00 0.00 0.00 1.00 0.35 1.00 0.83 1.00 0.30 1.00 0.71 1.00 0.00 0.00 0.00 1.00 0.25 1.00 0.59 1.00 0.00 0.00 0.00 1.00 0.00 0.00 0.00 1.00 0.25 1.00 0.59 1.00 0.22 1.00 0.51 1.00 0.00 0.00 0.00 1.00 0.20 0.93 0.40 1.00 0.00 0.00 0.00 1.00 0.00 0.00 0.00 1.00 0.20 0.93 0.40 1.00 0.19 0.81 0.37 1.00 0.00 0.00 0.00 1.00 0.20 1.00 0.45 1.00 0.34 1.00 0.75 1.00 0.34 1.00 0.79 1.00 0.34 1.00 0.79 1.00 0.34 1.00 0.76 1.00 0.34 1.00 0.73 1.00 0.34 1.00 0.73 1.00 0.33 1.00 0.73 1.00 0.33 1.00 0.73 1.00 0.33 1.00 0.73 1.00 0.32 1.00 0.73 1.00 0.32 1.00 0.74 1.00 0.32 1.00 0.74 1.00 0.32 1.00 0.75 1.00 0.32 1.00 0.75 1.00 0.32 1.00 0.75 1.00 0.32 1.00 0.76 1.00 0.33 1.00 0.83 1.00 0.33 1.00 0.83 1.00 0.33 1.00 0.83 1.00 0.34 1.00 0.84 1.00 0.34 1.00 0.84 1.00 0.34 1.00 0.84 1.00 0.34 1.00 0.83 1.00 0.34 1.00 0.83 1.00 0.29 1.00 0.68 1.00 0.30 1.00 0.62 1.00 0.32 1.00 0.76 1.00 0.34 1.00 0.73 1.00 0.32 1.00 0.76 1.00 0.34 1.00 0.82 1.00 0.33 1.00 0.73 1.00 0.36 1.00 0.87 1.00 0.33 1.00 0.73 1.00 0.36 1.00 0.87 1.00 0.37 1.00 0.92 1.00 0.32 1.00 0.74 1.00 0.38 1.00 0.95 1.00 0.32 1.00 0.74 1.00 0.38 1.00 0.95 1.00 0.39 1.00 0.97 1.00 0.32 1.00 0.75 1.00 0.38 1.00 0.96 1.00 0.32 1.00 0.75 1.00 0.38 1.00 0.96 1.00 0.38 1.00 0.93 1.00 0.33 1.00 0.83 1.00 0.36 1.00 0.80 1.00 0.33 1.00 0.83 1.00 0.36 1.00 0.80 1.00 0.34 1.00 0.81 1.00 0.34 1.00 0.84 1.00 0.32 1.00 0.52 1.00 0.34 1.00 0.84 1.00 0.32 1.00 0.52 1.00 0.30 1.00 0.56 1.00 0.34 1.00 0.83 1.00 0.29 1.00 0.67 1.00 0.29 1.00 0.67 1.00 0.29 1.00 0.59 1.00 0.29 1.00 0.68 1.00 0.08 0.14 0.08 1.00 0.07 0.12 0.07 1.00 0.02 0.03 0.02 1.00 0.02 0.07 0.03 1.00 0.06 0.21 0.08 1.00 0.11 0.36 0.16 1.00 0.04 0.11 0.05 1.00 0.11 0.27 0.13 1.00 0.03 0.05 0.03 1.00 0.12 0.20 0.12 1.00 0.04 0.05 0.04 1.00 0.11 0.32 0.14 1.00 0.06 0.13 0.07 1.00 0.11 0.36 0.15 1.00 0.03 0.13 0.05 1.00 0.12 0.36 0.20 1.00 0.07 0.20 0.10 1.00 0.08 0.20 0.13 1.00 0.02 0.07 0.03 1.00 0.02 0.03 0.02 1.00 0.15 0.36 0.31 1.00 0.41 0.73 0.51 1.00 0.14 0.36 0.24 1.00 0.55 0.98 0.89 1.00 0.11 0.36 0.27 1.00 0.41 0.73 0.72 1.00 0.09 0.36 0.18 1.00 0.07 0.24 0.12 1.00 0.07 0.20 0.11 1.00 0.11 0.36 0.18 1.00 0.12 0.36 0.22 1.00 0.11 0.36 0.22 1.00 0.55 0.98 0.62 1.00 0.34 0.61 0.41 1.00 0.08 0.16 0.08 1.00 0.08 0.17 0.09 1.00 0.34 0.61 0.43 1.00 0.09 0.26 0.11 1.00 0.19 0.36 0.25 1.00 0.03 0.05 0.03 1.00 0.49 0.98 0.67 1.00 0.31 0.61 0.42 1.00 0.06 0.20 0.08 1.00 0.08 0.30 0.11 1.00 0.07 0.24 0.09 1.00 0.01 0.03 0.01 1.00 0.11 0.20 0.11 1.00 0.09 0.15 0.09 1.00 0.11 0.36 0.18 1.00 0.09 0.36 0.13 1.00 0.07 0.27 0.10 1.00 0.01 0.04 0.02 1.00 0.05 0.15 0.06 1.00 0.04 0.09 0.05 1.00 0.09 0.20 0.14 1.00 0.09 0.20 0.11 1.00 0.07 0.17 0.08 1.00 0.07 0.13 0.07 1.00 0.04 0.11 0.05 1.00 0.05 0.08 0.05 1.00 0.07 0.18 0.09 1.00 0.05 0.17 0.06 1.00 0.07 0.15 0.07 1.00 0.02 0.06 0.03 1.00 0.02 0.02 0.02 1.00 0.06 0.09 0.06 1.00 0.03 0.04 0.03 1.00 0.07 0.13 0.07 1.00 0.02 0.03 0.02 1.00 0.06 0.20 0.09 1.00 0.04 0.07 0.04 1.00 0.09 0.16 0.09 1.00 0.05 0.10 0.05 1.00 0.35 0.55 0.35 1.00 0.04 0.08 0.05 1.00 0.18 0.29 0.18 1.00 0.02 0.03 0.02 1.00 0.06 0.08 0.07 1.00 0.02 0.06 0.03 1.00 0.09 0.13 0.12 1.00 0.11 0.36 0.22 1.00 0.09 0.36 0.22 1.00 0.11 0.36 0.26 1.00 0.12 0.36 0.23 1.00 0.11 0.36 0.20 1.00 0.09 0.36 0.18 1.00 0.09 0.36 0.15 1.00 0.09 0.36 0.18 1.00 0.09 0.36 0.20 1.00 0.09 0.36 0.22 1.00 0.07 0.20 0.12 1.00 0.07 0.20 0.13 1.00 0.00 0.00 0.00 1.00 0.00 0.00 0.00 1.00 0.07 0.20 0.15 1.00 0.00 0.00 0.00 1.00 0.05 0.20 0.10 1.00 0.05 0.20 0.09 1.00 0.00 0.00 0.00 1.00 0.00 0.00 0.00 1.00 0.07 0.20 0.16 1.00 0.00 0.00 0.00 1.00 0.05 0.20 0.12 1.00 0.05 0.20 0.11 1.00 0.00 0.00 0.00 1.00 0.00 0.00 0.00 1.00 0.07 0.20 0.13 1.00 0.00 0.00 0.00 1.00 0.06 0.20 0.12 1.00 0.07 0.20 0.16 1.00 0.00 0.00 0.00 1.00 0.00 0.00 0.00 1.00 0.07 0.20 0.09 1.00 0.07 0.20 0.16 1.00 0.00 0.00 0.00 1.00 0.00 0.00 0.00 1.00 0.07 0.20 0.13 1.00 0.00 0.00 0.00 1.00 0.05 0.20 0.12 1.00 0.00 0.00 0.00 1.00 0.05 0.20 0.12 1.00 0.00 0.00 0.00 1.00 0.15 0.49 0.21 1.00 0.07 0.24 0.12 1.00 0.07 0.19 0.11 1.00 0.15 0.49 0.20 1.00 0.15 0.25 0.15 1.00 0.15 0.36 0.26 1.00 0.02 0.04 0.03 1.00 0.07 0.20 0.09 1.00 0.02 0.03 0.02 1.00 0.07 0.11 0.07 1.00 0.32 0.57 0.34 1.00 0.08 0.14 0.08 1.00 0.03 0.13 0.05 1.00 0.19 0.30 0.19 1.00 0.34 0.61 0.49 1.00 0.04 0.11 0.05 1.00 0.06 0.20 0.09 1.00 0.02 0.07 0.03 1.00 0.03 0.04 0.03 1.00 0.11 0.36 0.28 1.00 0.10 0.36 0.21 1.00 0.48 0.85 0.78 1.00 0.11 0.36 0.16 1.00 0.04 0.12 0.05 1.00 0.06 0.16 0.07 1.00 0.18 0.27 0.18 1.00 0.07 0.09 0.07 1.00 0.07 0.18 0.10 1.00 0.10 0.25 0.14 1.00 0.09 0.36 0.22 1.00 0.12 0.36 0.28 1.00 0.07 0.18 0.10 1.00 0.07 0.07 0.07 1.00 0.06 0.20 0.09 1.00 0.33 0.68 0.44 1.00 0.35 0.73 0.47 1.00 0.27 0.43 0.38 1.00 0.29 0.51 0.44 1.00 0.32 0.64 0.41 1.00 0.29 0.52 0.37 1.00 0.31 0.55 0.47 1.00 0.27 0.43 0.38 1.00 0.35 0.73 0.47 1.00 0.33 0.68 0.44 1.00 0.28 0.42 0.28 1.00 0.34 0.66 0.40 1.00 0.29 0.52 0.37 1.00 0.32 0.64 0.41 1.00 0.29 0.44 0.29 1.00 0.34 0.69 0.42 1.00 0.09 0.13 0.09 1.00 0.14 0.21 0.14 1.00 0.36 0.70 0.41 1.00 0.37 0.65 0.37 1.00 0.14 0.22 0.14 1.00 0.10 0.15 0.10 1.00 0.31 0.60 0.33 1.00 0.33 0.53 0.33 1.00 0.28 0.42 0.28 1.00 0.34 0.66 0.40 1.00 0.37 0.65 0.37 1.00 0.36 0.70 0.41 1.00 0.29 0.44 0.29 1.00 0.34 0.69 0.42 1.00 0.33 0.53 0.33 1.00 0.31 0.60 0.33 1.00 0.56 1.00 0.91 1.00 0.29 0.51 0.44 1.00 0.46 0.75 0.65 1.00 0.35 0.73 0.47 1.00 0.31 0.60 0.33 1.00 0.45 0.76 0.45 1.00 0.14 0.22 0.14 1.00 0.09 0.12 0.09 1.00 0.32 0.64 0.41 1.00 0.51 1.00 0.72 1.00 0.34 0.69 0.42 1.00 0.51 1.00 0.65 1.00 0.51 1.00 0.72 1.00 0.51 1.00 0.65 1.00 0.51 1.00 0.64 1.00 0.51 1.00 0.64 1.00 0.28 0.42 0.28 1.00 0.49 0.96 0.54 1.00 0.37 0.65 0.37 1.00 0.31 0.55 0.47 1.00 0.55 1.00 0.87 1.00 0.55 1.00 0.87 1.00 0.49 0.96 0.54 1.00 0.37 0.65 0.37 1.00 0.09 0.33 0.13 1.00 0.14 0.21 0.14 1.00 0.45 0.76 0.45 1.00 0.09 0.12 0.09 1.00 0.51 1.00 0.65 1.00 0.45 0.76 0.45 1.00 0.28 0.42 0.28 1.00 0.34 0.69 0.42 1.00 0.51 1.00 0.65 1.00 0.31 0.60 0.33 1.00 0.45 0.76 0.45 1.00 0.08 0.13 0.08 1.00 0.11 0.20 0.11 1.00 0.33 0.74 0.37 1.00 0.38 0.64 0.38 1.00 0.14 0.22 0.14 1.00 0.36 0.60 0.36 1.00 0.13 0.23 0.13 1.00 0.31 0.47 0.31 1.00 0.31 0.47 0.31 1.00 0.36 0.60 0.36 1.00 0.37 0.64 0.37 1.00 0.29 0.42 0.29 1.00 0.32 1.00 0.42 1.00 0.08 0.13 0.08 1.00 0.11 0.19 0.11 1.00 0.22 0.29 0.26 1.00 0.00 0.00 0.00 1.00 0.31 0.55 0.35 1.00 0.38 0.83 0.48 1.00 0.35 0.58 0.35 1.00 0.29 1.00 0.43 1.00 0.11 0.17 0.11 1.00 0.11 0.11 0.08 1.00 0.05 0.05 0.04 1.00 0.11 0.11 0.08 1.00 0.11 0.20 0.10 1.00 0.11 0.11 0.08 1.00 0.11 0.11 0.08 1.00 0.29 0.43 0.29 1.00 0.22 0.31 0.28 1.00 0.19 0.20 0.20 1.00 0.19 0.19 0.19 1.00 0.21 0.25 0.24 1.00 0.45 1.00 0.59 1.00 0.10 0.51 0.17 1.00 0.00 0.00 0.00 1.00 0.29 0.82 0.36 1.00 0.11 0.16 0.09 1.00 0.13 0.21 0.13 1.00 0.31 0.47 0.31 1.00 0.08 0.13 0.08 1.00 0.35 0.58 0.35 1.00 0.23 0.31 0.28 1.00 0.08 0.08 0.08 1.00 0.15 0.23 0.15 1.00 0.00 0.01 0.00 1.00 0.00 0.00 0.00 1.00 0.04 0.07 0.04 1.00 0.13 0.23 0.13 1.00 0.05 0.05 0.04 1.00 0.19 0.19 0.19 1.00 0.19 0.19 0.19 1.00 0.19 0.19 0.19 1.00 0.19 0.19 0.19 1.00 0.08 0.08 0.08 1.00 0.19 0.19 0.19 1.00 0.21 0.50 0.25 1.00 0.21 0.50 0.25 1.00 0.21 0.50 0.25 1.00 0.21 0.50 0.25 1.00 0.14 0.44 0.26 1.00 0.19 1.00 0.47 1.00 0.14 0.49 0.28 1.00 0.19 1.00 0.49 1.00 0.17 0.55 0.29 1.00 0.14 0.77 0.36 1.00 0.19 0.40 0.25 1.00 0.19 0.67 0.33 1.00 0.25 0.87 0.36 1.00 0.19 0.35 0.24 1.00 0.24 1.00 0.49 1.00 0.19 0.77 0.36 1.00 0.14 0.49 0.28 1.00 0.14 0.87 0.39 1.00 0.19 0.54 0.29 1.00 0.19 0.64 0.32 1.00 0.19 0.75 0.35 1.00 0.19 0.87 0.39 1.00 0.19 0.64 0.32 1.00 0.19 0.80 0.37 1.00 0.19 0.44 0.27 1.00 0.20 0.89 0.37 1.00 0.20 1.00 0.47 1.00 0.14 0.97 0.42 1.00 0.14 0.59 0.31 1.00 0.17 1.00 0.43 1.00 0.19 0.33 0.23 1.00 0.19 0.43 0.26 1.00 0.14 0.68 0.33 1.00 0.14 0.82 0.38 1.00 0.14 0.67 0.33 1.00 0.14 0.97 0.42 1.00 0.19 0.82 0.37 1.00 0.25 0.85 0.36 1.00 0.19 0.67 0.33 1.00 0.24 0.31 0.24 1.00 0.19 0.38 0.25 1.00 0.19 0.20 0.19 1.00 0.19 0.59 0.31 1.00 0.19 0.39 0.25 1.00 0.19 0.56 0.30 1.00 0.19 0.51 0.28 1.00 0.19 0.47 0.27 1.00 0.19 0.54 0.29 1.00 0.19 0.39 0.25 1.00 0.19 0.23 0.20 1.00 0.19 0.33 0.23 1.00 0.19 0.36 0.24 1.00 0.25 0.41 0.27 1.00 0.28 1.00 0.42 1.00 0.19 0.75 0.35 1.00 0.19 0.67 0.33 1.00 0.19 1.00 0.45 1.00 0.28 0.47 0.29 1.00 0.24 1.00 0.47 1.00 0.30 1.00 0.50 1.00 0.27 0.47 0.29 1.00 0.29 1.00 0.49 1.00 0.14 0.60 0.31 1.00 0.14 0.86 0.39 1.00 0.27 1.00 0.53 1.00 0.14 0.95 0.42 1.00 0.30 1.00 0.54 1.00 0.14 1.00 0.44 1.00 0.19 0.67 0.33 1.00 0.19 0.56 0.30 1.00 0.19 0.51 0.28 1.00 0.19 0.44 0.26 1.00 0.26 0.58 0.31 1.00 0.19 0.75 0.36 1.00 0.27 0.69 0.33 1.00 0.19 0.62 0.32 1.00 0.19 1.00 0.47 1.00 0.25 1.00 0.58 1.00 0.28 0.41 0.28 1.00 0.31 1.00 0.59 1.00 0.14 0.95 0.42 1.00 0.14 0.60 0.31 1.00 0.14 0.88 0.39 1.00 0.14 1.00 0.44 1.00 0.19 0.67 0.33 1.00 0.19 0.47 0.27 1.00 0.19 0.67 0.33 1.00 0.19 0.63 0.32 1.00 0.19 0.75 0.36 1.00 0.19 0.75 0.35 1.00 0.19 0.80 0.37 1.00 0.19 0.59 0.31 1.00 0.19 1.00 0.45 1.00 0.19 1.00 0.47 1.00 0.19 1.00 0.47 1.00 0.27 1.00 0.65 1.00 0.28 0.41 0.28 1.00 0.19 1.00 0.47 1.00 0.30 1.00 0.55 1.00 0.24 1.00 0.48 1.00 0.14 0.95 0.42 1.00 0.14 0.66 0.33 1.00 0.27 1.00 0.53 1.00 0.29 1.00 0.56 1.00 0.14 0.60 0.31 1.00 0.27 0.47 0.29 1.00 0.14 0.74 0.35 1.00 0.29 1.00 0.56 1.00 0.19 0.19 0.19 1.00 0.19 0.40 0.25 1.00 0.19 0.67 0.33 1.00 0.19 0.63 0.32 1.00 0.19 1.00 0.47 1.00 0.19 1.00 0.45 1.00 0.27 1.00 0.69 1.00 0.19 1.00 0.46 1.00 0.14 0.60 0.31 1.00 0.14 0.90 0.40 1.00 0.14 0.95 0.42 1.00 0.14 1.00 0.45 1.00 0.19 0.75 0.35 1.00 0.25 0.41 0.27 1.00 0.19 0.62 0.31 1.00 0.26 0.81 0.35 1.00 0.28 0.47 0.29 1.00 0.30 1.00 0.53 1.00 0.19 1.00 0.45 1.00 0.25 1.00 0.53 1.00 0.19 0.46 0.27 1.00 0.19 0.19 0.19 1.00 0.19 0.43 0.26 1.00 0.19 0.30 0.22 1.00 0.19 0.75 0.36 1.00 0.19 0.70 0.34 1.00 0.26 0.58 0.31 1.00 0.28 0.76 0.35 1.00 0.19 0.19 0.19 1.00 0.19 0.39 0.25 1.00 0.19 0.23 0.20 1.00 0.19 0.49 0.27 1.00 0.19 0.75 0.35 1.00 0.19 0.51 0.28 1.00 0.19 0.75 0.36 1.00 0.19 0.62 0.31 1.00 0.19 0.32 0.23 1.00 0.19 0.44 0.26 1.00 0.23 0.55 0.29 1.00 0.19 0.70 0.34 1.00 0.21 1.00 0.65 1.00 0.21 0.69 0.33 1.00 0.21 0.78 0.35 1.00 0.21 1.00 0.58 1.00 0.19 1.00 0.45 1.00 0.14 0.73 0.35 1.00 0.19 0.70 0.34 1.00 0.19 0.26 0.21 1.00 0.27 0.66 0.33 1.00 0.19 0.89 0.40 1.00 0.27 1.00 0.61 1.00 0.26 1.00 0.43 1.00 0.14 0.93 0.41 1.00 0.14 0.65 0.33 1.00 0.19 0.66 0.33 1.00 0.19 0.46 0.27 1.00 0.19 0.63 0.32 1.00 0.19 0.71 0.34 1.00 0.19 0.70 0.34 1.00 0.19 0.91 0.40 1.00 0.21 0.69 0.34 1.00 0.21 1.00 0.68 1.00 0.21 1.00 0.67 1.00 0.21 0.97 0.39 1.00 0.14 0.97 0.42 1.00 0.19 0.63 0.31 1.00 0.19 0.45 0.27 1.00 0.19 0.46 0.27 1.00 0.14 0.87 0.39 1.00 0.14 1.00 0.49 1.00 0.14 1.00 0.47 1.00 0.14 0.97 0.42 1.00 0.19 0.60 0.31 1.00 0.27 0.75 0.35 1.00 0.26 0.49 0.29 1.00 0.27 1.00 0.66 1.00 0.19 0.21 0.19 1.00 0.19 0.53 0.29 1.00 0.19 0.48 0.27 1.00 0.24 0.42 0.26 1.00 0.19 0.19 0.19 1.00 0.19 0.26 0.21 1.00 0.19 0.19 0.19 1.00 0.19 0.19 0.19 1.00 0.19 0.19 0.19 1.00 0.19 0.19 0.19 1.00 0.19 0.19 0.19 1.00 0.19 0.19 0.19 1.00 0.24 0.82 0.47 1.00 0.24 0.69 0.43 1.00 0.19 0.19 0.19 1.00 0.19 0.19 0.19 1.00 0.24 0.85 0.36 1.00 0.13 0.13 0.13 1.00 0.27 0.45 0.29 1.00 0.25 1.00 0.46 1.00 0.24 0.31 0.24 1.00 0.25 1.00 0.47 1.00 0.19 0.19 0.19 1.00 0.28 1.00 0.43 1.00 0.28 0.85 0.36 1.00 0.13 0.13 0.13 1.00 0.13 0.13 0.13 1.00 0.43 0.78 0.43 1.00 0.36 0.60 0.36 1.00 0.35 0.58 0.35 1.00 0.31 0.49 0.31 1.00 0.44 0.79 0.44 1.00 0.35 0.59 0.35 1.00 0.39 0.68 0.39 1.00 0.33 0.54 0.33 1.00 0.35 0.58 0.35 1.00 0.38 0.65 0.38 1.00 0.50 0.94 0.50 1.00 0.27 0.40 0.27 1.00 0.19 0.19 0.19 1.00 0.28 0.41 0.28 1.00 0.19 0.19 0.19 1.00 0.09 0.13 0.12 1.00 0.09 0.13 0.12 1.00 0.25 0.40 0.35 1.00 0.25 0.39 0.35 1.00 0.38 0.87 0.52 1.00 0.27 0.39 0.27 1.00 0.37 0.63 0.37 1.00 0.49 0.91 0.49 1.00 0.28 0.94 0.39 1.00 0.26 0.70 0.33 1.00 0.21 0.26 0.24 1.00 0.27 0.45 0.40 1.00 0.26 0.43 0.37 1.00 0.25 0.38 0.34 1.00 0.19 0.19 0.19 1.00 0.08 0.08 0.08 1.00 0.22 0.29 0.26 1.00 0.09 0.11 0.11 1.00 0.22 0.29 0.26 1.00 0.19 0.19 0.19 1.00 0.22 0.31 0.28 1.00 0.19 0.19 0.19 1.00 0.09 0.13 0.12 1.00 0.09 0.13 0.12 1.00 0.13 0.13 0.13 1.00 0.13 0.13 0.13 1.00 0.31 0.49 0.31 1.00 0.13 0.13 0.13 1.00 0.13 0.13 0.13 1.00 0.34 0.55 0.34 1.00 0.28 0.42 0.28 1.00 0.45 0.81 0.45 1.00 0.39 0.68 0.39 1.00 0.44 0.80 0.44 1.00 0.19 0.19 0.19 1.00 0.09 0.13 0.12 1.00 0.08 0.08 0.08 1.00 0.28 0.40 0.28 1.00 0.19 0.19 0.19 1.00 0.09 0.13 0.12 1.00 0.09 0.13 0.12 1.00 0.09 0.13 0.12 1.00 0.19 0.19 0.19 1.00 0.13 0.13 0.13 1.00 0.13 0.13 0.13 1.00 0.13 0.13 0.13 1.00 0.09 0.13 0.12 1.00 0.25 0.35 0.25 1.00 0.19 0.19 0.19 1.00 0.26 1.00 0.41 1.00 0.26 0.91 0.37 1.00 0.13 0.13 0.13 1.00 0.08 0.08 0.08 1.00 0.25 0.35 0.25 1.00 0.26 1.00 0.46 1.00 0.13 0.13 0.13 1.00 0.19 0.19 0.19 1.00 0.19 0.19 0.19 1.00 0.22 0.30 0.27 1.00 0.19 0.19 0.19 1.00 0.09 0.11 0.11 1.00 0.23 0.31 0.28 1.00 0.22 0.29 0.27 1.00 0.19 0.19 0.19 1.00 0.08 0.08 0.08 1.00 0.20 0.22 0.22 1.00 0.20 0.21 0.21 1.00 0.08 0.08 0.08 1.00 0.22 0.28 0.26 1.00 0.22 0.28 0.26 1.00 0.22 0.29 0.27 1.00 0.22 0.30 0.27 1.00 0.29 1.00 0.68 1.00 0.30 1.00 0.62 1.00 0.24 1.00 0.55 1.00 0.25 1.00 0.55 1.00 0.28 1.00 0.65 1.00 0.21 1.00 0.76 1.00 0.32 1.00 0.76 1.00 0.35 1.00 0.85 1.00 0.38 1.00 0.93 1.00 0.40 1.00 0.97 1.00 0.41 1.00 0.98 1.00 0.40 1.00 0.96 1.00 0.38 1.00 0.91 1.00 0.35 1.00 0.82 1.00 0.32 1.00 0.75 1.00 0.28 1.00 0.69 1.00 0.25 1.00 0.60 1.00 0.24 1.00 0.55 1.00 0.23 1.00 0.54 1.00 0.29 1.00 0.59 1.00 0.32 1.00 0.76 1.00 0.34 1.00 0.82 1.00 0.36 1.00 0.87 1.00 0.37 1.00 0.92 1.00 0.38 1.00 0.95 1.00 0.39 1.00 0.97 1.00 0.38 1.00 0.96 1.00 0.38 1.00 0.93 1.00 0.36 1.00 0.80 1.00 0.34 1.00 0.81 1.00 0.32 1.00 0.52 1.00 0.30 1.00 0.56 1.00 0.29 1.00 0.67 1.00 0.20 0.22 0.22 1.00 0.22 0.28 0.26 1.00 0.20 0.23 0.22 1.00 0.19 0.19 0.19 1.00 0.22 0.28 0.26 1.00 0.19 0.19 0.19 1.00 0.22 0.29 0.27 1.00 0.19 0.19 0.19 1.00 0.22 0.30 0.27 1.00 0.20 0.21 0.21 1.00 0.19 0.19 0.19 1.00 0.20 0.21 0.21 1.00 0.20 0.23 0.22 1.00 0.19 0.19 0.19 1.00 0.19 0.19 0.19 1.00 0.19 0.19 0.19 1.00 0.19 0.19 0.19 1.00 0.23 0.33 0.29 1.00 0.22 0.31 0.28 1.00 0.19 0.19 0.19 1.00 0.19 0.19 0.19 1.00 0.22 0.30 0.27 1.00 0.19 0.19 0.19 1.00 0.19 0.19 0.19 1.00 0.19 0.19 0.19 1.00 0.32 1.00 0.44 1.00 0.31 1.00 0.48 1.00 0.09 0.27 0.12 1.00 0.31 1.00 0.48 1.00 0.09 0.29 0.12 1.00 0.31 1.00 0.48 1.00 0.28 1.00 0.46 1.00 0.09 0.26 0.11 1.00 0.09 0.29 0.12 1.00 0.36 1.00 0.63 1.00 0.06 0.13 0.08 1.00 0.23 0.73 0.33 1.00 0.24 1.00 0.40 1.00 0.23 0.73 0.33 1.00 0.19 0.56 0.30 1.00 0.06 0.12 0.08 1.00 0.06 0.11 0.07 1.00 0.24 1.00 0.40 1.00 0.24 0.89 0.37 1.00 0.06 0.11 0.08 1.00 0.06 0.11 0.08 1.00 0.24 0.89 0.37 1.00 0.08 0.20 0.10 1.00 0.27 1.00 0.41 1.00 0.28 1.00 0.48 1.00 0.35 1.00 0.58 1.00 0.28 0.89 0.38 1.00 0.10 0.30 0.13 1.00 0.10 0.30 0.13 1.00 0.35 1.00 0.58 1.00 0.38 1.00 0.64 1.00 0.11 0.38 0.15 1.00 0.31 1.00 0.48 1.00 0.09 0.31 0.13 1.00 0.36 1.00 0.63 1.00 0.09 0.31 0.13 1.00 0.09 0.31 0.13 1.00 0.36 1.00 0.62 1.00 0.28 1.00 0.48 1.00 0.24 0.98 0.39 1.00 0.24 0.98 0.39 1.00 0.19 0.58 0.31 1.00 0.24 0.95 0.38 1.00 0.24 0.95 0.38 1.00 0.28 1.00 0.47 1.00 0.35 1.00 0.61 1.00 0.35 1.00 0.61 1.00 0.38 1.00 0.66 1.00 0.36 1.00 0.62 1.00 0.38 1.00 0.66 1.00 0.34 1.00 0.52 1.00 0.36 1.00 0.56 1.00 0.33 1.00 1.00 1.00 0.29 1.00 0.41 1.00 0.34 1.00 0.52 1.00 0.20 0.42 0.25 1.00 0.28 1.00 0.41 1.00 0.21 0.57 0.29 1.00 0.20 0.42 0.25 1.00 0.19 0.31 0.22 1.00 0.21 0.57 0.29 1.00 0.19 0.41 0.25 1.00 0.20 0.36 0.24 1.00 0.21 0.54 0.29 1.00 0.20 0.36 0.24 1.00 0.28 0.88 0.38 1.00 0.21 0.54 0.29 1.00 0.28 0.97 0.40 1.00 0.33 1.00 0.49 1.00 0.38 1.00 0.58 1.00 0.33 1.00 0.49 1.00 0.33 1.00 0.50 1.00 0.34 1.00 0.52 1.00 0.27 0.82 0.36 1.00 0.27 1.00 0.41 1.00 0.28 0.89 0.38 1.00 0.08 0.20 0.10 1.00 0.23 0.73 0.33 1.00 0.19 0.41 0.25 1.00 0.06 0.13 0.08 1.00 0.06 0.12 0.08 1.00 0.28 1.00 0.48 1.00 0.36 1.00 0.62 1.00 0.34 1.00 0.52 1.00 0.36 1.00 0.62 1.00 0.24 0.98 0.39 1.00 0.24 0.98 0.39 1.00 0.19 0.58 0.31 1.00 0.24 0.95 0.38 1.00 0.28 1.00 0.47 1.00 0.24 0.95 0.38 1.00 0.35 1.00 0.61 1.00 0.33 1.00 0.50 1.00 0.35 1.00 0.61 1.00 0.10 0.14 0.10 1.00 0.37 1.00 0.45 1.00 0.35 0.56 0.35 1.00 0.09 0.14 0.09 1.00 0.08 0.13 0.11 1.00 0.08 0.12 0.11 1.00 0.09 0.15 0.13 1.00 0.22 0.28 0.26 1.00 0.11 0.25 0.16 1.00 0.22 0.28 0.26 1.00 0.34 0.70 0.45 1.00 0.08 0.11 0.10 1.00 0.10 0.16 0.11 1.00 0.22 0.30 0.27 1.00 0.40 0.56 0.50 1.00 0.08 0.06 0.15 1.00 0.08 0.06 0.15 1.00 0.62 1.00 1.00 1.00 0.58 1.00 0.94 1.00 0.25 0.39 0.34 1.00 0.25 0.38 0.34 1.00 0.25 0.40 0.35 1.00 0.22 0.31 0.28 1.00 0.08 0.06 0.15 1.00 0.22 0.29 0.26 1.00 0.26 0.40 0.35 1.00 0.25 0.39 0.34 1.00 0.25 0.38 0.34 1.00 0.22 0.29 0.26 1.00 </float_array>
                    <technique_common>
                        <accessor source="#geom-029EA6A7-colors-array" count="866" stride="4">
                            <param name="R" type="float" />
                            <param name="G" type="float" />
                            <param name="B" type="float" />
                            <param name="A" type="float" />
                        </accessor>
                    </technique_common>
                </source>
                <vertices id="geom-029EA6A7-vtx">
                    <input semantic="POSITION" source="#geom-029EA6A7-pos" />
                </vertices>
                <triangles count="288" material="material-00D85DC3-symbol">
                    <input semantic="VERTEX" source="#geom-029EA6A7-vtx" offset="0" />
                    <input semantic="TEXCOORD" source="#geom-029EA6A7-texcoord" offset="0" />
                    <input semantic="COLOR" source="#geom-029EA6A7-colors" offset="0" />
                    <p>0 1 2 2 1 3 2 3 50 50 3 51 50 51 72 72 51 73 51 52 73 51 5 52 3 5 51 3 4 5 1 4 3 6 7 8 8 7 9 8 9 53 53 9 54 9 11 54 9 10 11 7 10 9 12 13 14 14 13 15 14 15 56 56 15 57 15 17 57 15 16 17 13 16 15 18 19 20 20 19 21 20 21 59 59 21 60 21 23 60 21 22 23 19 22 21 24 25 26 26 25 27 26 27 62 62 27 63 27 29 63 27 28 29 25 28 27 30 31 32 32 31 33 32 33 65 65 33 66 33 35 66 33 34 35 31 34 33 36 37 38 38 37 39 38 39 68 68 39 69 39 41 69 39 40 41 37 40 39 42 43 44 44 43 45 44 45 71 71 45 48 71 48 105 105 48 106 48 49 106 48 47 49 45 47 48 45 46 47 43 46 45 54 11 55 75 54 76 76 54 77 54 78 77 77 78 79 57 17 58 80 57 81 81 57 82 57 83 82 82 83 84 60 23 61 85 60 86 86 60 87 60 88 87 87 88 89 63 29 64 90 63 91 91 63 92 63 93 92 92 93 94 66 35 67 95 66 96 96 66 97 66 98 97 97 98 99 69 41 70 100 69 101 101 69 102 69 103 102 102 103 104 73 52 74 106 49 107 </p>
                </triangles>
            </mesh>
        </geometry>
        <geometry id="geom-0393DBE7" name="geom-0393DBE7">
            <mesh>
                <source id="geom-0393DBE7-pos">
                    <float_array id="geom-0393DBE7-pos-array" count="2274">2085.91 140.00 2502.59 2085.91 110.00 2502.59 2046.94 130.00 2525.09 2046.94 110.00 2525.09 2024.44 110.00 2486.12 2035.94 120.00 2506.04 2046.94 110.00 2525.09 2024.44 120.00 2486.12 2046.94 130.00 2525.09 2035.94 130.00 2506.04 1891.06 110.00 2615.09 1880.06 120.00 2596.04 1868.56 110.00 2576.12 1868.56 120.00 2576.12 1891.06 130.00 2615.09 1880.06 130.00 2596.04 1852.09 110.00 2637.59 1852.09 140.00 2637.59 1891.06 130.00 2615.09 1891.06 110.00 2615.09 1928.32 140.00 2636.06 1925.70 140.00 2595.09 1852.09 140.00 2637.59 1969.00 140.00 2570.09 2007.57 140.00 2599.21 2012.30 140.00 2545.09 2099.68 140.00 2660.01 2108.04 140.00 2733.92 2159.02 140.00 2668.23 2093.78 140.00 2601.97 2043.98 140.00 2608.96 2056.65 140.00 2623.41 1958.00 130.00 2551.04 1914.70 130.00 2576.04 1969.00 130.00 2570.09 1925.70 130.00 2595.09 2001.30 130.00 2526.04 2012.30 130.00 2545.09 2035.94 130.00 2506.04 2046.94 130.00 2525.09 1946.50 120.00 2531.12 1903.20 120.00 2556.12 1958.00 120.00 2551.04 1914.70 120.00 2576.04 2130.91 140.00 2580.53 2130.91 110.00 2580.53 2085.91 140.00 2502.59 2085.91 110.00 2502.59 1852.09 140.00 2637.59 1852.09 110.00 2637.59 1897.09 140.00 2715.53 1897.09 110.00 2715.53 2012.30 130.00 2545.09 1969.00 130.00 2570.09 2012.30 140.00 2545.09 1969.00 140.00 2570.09 1958.00 130.00 2551.04 2001.30 130.00 2526.04 1958.00 120.00 2551.04 2001.30 120.00 2526.04 1914.70 130.00 2576.04 1914.70 120.00 2576.04 1880.06 130.00 2596.04 1880.06 120.00 2596.04 1960.93 110.00 2522.78 1989.80 120.00 2506.12 1989.80 110.00 2506.12 1885.88 120.00 2566.12 1885.88 110.00 2566.12 1868.56 120.00 2576.12 1868.56 110.00 2576.12 1925.70 140.00 2595.09 1925.70 130.00 2595.09 2007.12 120.00 2496.12 2035.94 120.00 2506.04 2024.44 120.00 2486.12 2175.91 140.00 2658.48 2175.91 110.00 2658.48 1942.09 140.00 2793.48 1942.09 110.00 2793.48 1934.22 140.00 2694.10 1984.02 140.00 2687.10 1971.35 140.00 2672.66 1965.18 140.00 2654.46 1966.43 140.00 2635.29 1981.53 140.00 2728.23 2020.43 140.00 2696.86 2001.26 140.00 2695.60 2062.83 140.00 2641.61 2061.57 140.00 2660.78 1966.43 140.00 2635.29 1965.18 140.00 2654.46 1970.41 105.60 2636.35 1969.26 105.60 2653.92 1971.35 140.00 2672.66 1974.92 105.60 2670.60 2001.26 140.00 2695.60 2020.43 140.00 2696.86 2002.32 105.60 2691.62 2019.89 105.60 2692.77 2038.58 140.00 2690.61 2036.52 105.60 2687.04 2061.57 140.00 2660.78 2062.83 140.00 2641.61 2057.59 105.60 2659.71 2058.74 105.60 2642.14 2056.65 140.00 2623.41 2053.08 105.60 2625.47 1989.38 140.00 2605.39 1974.93 140.00 2618.06 1991.44 105.60 2608.95 1978.20 105.60 2620.56 2026.75 140.00 2600.47 2007.57 140.00 2599.21 2025.68 105.60 2604.44 2008.11 105.60 2603.29 2043.98 140.00 2608.96 2041.47 105.60 2612.23 1984.02 140.00 2687.10 1986.53 105.60 2683.83 2053.07 140.00 2678.02 2049.80 105.60 2675.50 1897.09 140.00 2715.53 2041.36 140.00 2772.42 1958.98 140.00 2783.72 2130.91 140.00 2580.53 2085.91 140.00 2502.59 2046.47 140.00 2567.84 2035.94 120.00 2506.04 2035.94 130.00 2506.04 2007.12 110.00 2496.12 2007.12 120.00 2496.12 1989.80 120.00 2506.12 2001.30 120.00 2526.04 1891.06 130.00 2615.09 1880.06 130.00 2596.04 1885.88 120.00 2566.12 1880.06 120.00 2596.04 1903.20 120.00 2556.12 1932.07 110.00 2539.45 1903.20 110.00 2556.12 1974.93 140.00 2618.06 1989.38 140.00 2605.39 1969.00 140.00 2570.09 2026.75 140.00 2600.47 2024.44 110.00 2486.12 2024.44 120.00 2486.12 1868.56 120.00 2576.12 2175.91 140.00 2658.48 1942.09 140.00 2793.48 2054.15 140.00 2717.57 2053.07 140.00 2678.02 2038.58 140.00 2690.61 1963.06 140.00 2790.77 2163.09 140.00 2675.28 1946.50 120.00 2531.12 1825.88 110.00 2462.20 1843.20 110.00 2452.20 1805.88 110.00 2427.56 1823.20 110.00 2417.56 1929.80 110.00 2402.20 1947.12 110.00 2392.20 1909.80 110.00 2367.56 1927.12 110.00 2357.56 1843.20 110.00 2452.20 1825.88 110.00 2462.20 1863.20 110.00 2486.84 1845.88 110.00 2496.84 1947.12 110.00 2392.20 1929.80 110.00 2402.20 1967.12 110.00 2426.84 1949.80 110.00 2436.84 1885.88 110.00 2566.12 1903.20 110.00 2556.12 1865.88 110.00 2531.48 1883.20 110.00 2521.48 1989.80 110.00 2506.12 2007.12 110.00 2496.12 1969.80 110.00 2471.48 1987.12 110.00 2461.48 1863.20 110.00 2486.84 1845.88 110.00 2496.84 1883.20 110.00 2521.48 1865.88 110.00 2531.48 1967.12 110.00 2426.84 1949.80 110.00 2436.84 1987.12 110.00 2461.48 1969.80 110.00 2471.48 1852.07 110.00 2400.89 1823.20 110.00 2417.56 1872.07 110.00 2435.53 1843.20 110.00 2452.20 1969.80 110.00 2471.48 1940.93 110.00 2488.14 1989.80 110.00 2506.12 1960.93 110.00 2522.78 1929.80 110.00 2402.20 1900.93 110.00 2418.86 1949.80 110.00 2436.84 1920.93 110.00 2453.50 1900.93 110.00 2418.86 1920.93 110.00 2453.50 1892.07 110.00 2470.17 1892.07 110.00 2470.17 1863.20 110.00 2486.84 1912.07 110.00 2504.81 1883.20 110.00 2521.48 1909.80 110.00 2367.56 1880.93 110.00 2384.22 1880.93 110.00 2384.22 1912.07 110.00 2504.81 1883.20 110.00 2521.48 1932.07 110.00 2539.45 1903.20 110.00 2556.12 1940.93 110.00 2488.14 1960.93 110.00 2522.78 1920.93 110.00 2453.50 1940.93 110.00 2488.14 1863.20 110.00 2486.84 1949.80 110.00 2436.84 1920.93 110.00 2453.50 1969.80 110.00 2471.48 1940.93 110.00 2488.14 1791.16 350.00 2742.05 1731.16 350.00 2638.13 1836.62 410.00 2715.80 1776.62 410.00 2611.88 1775.08 350.00 2474.20 1799.65 410.00 2529.30 1753.12 350.00 2556.17 1824.64 470.00 2584.16 2053.36 470.00 2452.10 2018.35 410.00 2403.03 2101.38 410.00 2424.38 2114.24 470.00 2555.52 2161.38 410.00 2528.30 2206.85 350.00 2502.05 2146.85 350.00 2398.13 1730.08 350.00 2396.26 1775.54 350.00 2370.01 1820.54 350.00 2447.96 1937.46 350.00 2380.46 1967.46 410.00 2432.42 2057.46 470.00 2588.30 1997.46 470.00 2484.38 2221.38 410.00 2632.22 2266.85 350.00 2605.98 2175.91 470.00 2658.48 2117.46 470.00 2692.22 1896.62 410.00 2819.72 1942.09 470.00 2793.48 1883.76 470.00 2688.59 1789.00 350.00 2258.32 1847.46 350.00 2224.57 1834.00 350.00 2336.26 1892.46 350.00 2302.51 1879.00 350.00 2414.20 1999.00 470.00 2622.05 2059.00 470.00 2725.98 1940.54 470.00 2655.80 2000.54 470.00 2759.72 1939.00 470.00 2518.13 1880.54 470.00 2551.88 1909.00 410.00 2466.17 1850.54 410.00 2499.92 1937.92 350.00 2276.26 1892.92 350.00 2198.32 1982.92 350.00 2354.20 2028.23 470.00 2605.18 1968.23 470.00 2501.25 1938.23 410.00 2449.29 2064.88 350.00 2376.17 1851.16 350.00 2845.98 1796.10 350.00 2314.38 1781.43 350.00 2318.88 1759.27 350.00 2341.82 1724.54 350.00 2323.66 1685.08 350.00 2318.32 1711.20 350.00 2303.24 2126.08 431.59 2724.65 2154.98 431.59 2693.86 2126.08 390.91 2724.65 2154.98 390.91 2693.86 2126.07 276.59 2724.65 2154.98 276.59 2693.86 2126.07 235.91 2724.65 2154.98 235.91 2693.86 1983.20 199.09 2793.04 2024.32 199.09 2783.40 1983.20 158.41 2793.04 2024.32 158.41 2783.40 1983.20 354.09 2793.04 2024.32 354.09 2783.40 1983.20 313.41 2793.04 2024.32 313.41 2783.40 2060.60 199.09 2769.17 2095.60 199.09 2748.96 2060.60 158.41 2769.17 2095.60 158.41 2748.96 2060.60 354.09 2769.17 2095.60 354.09 2748.96 2060.60 313.41 2769.17 2095.60 313.41 2748.96 1983.20 276.59 2793.04 2024.32 276.59 2783.40 1983.20 235.91 2793.04 2024.32 235.91 2783.40 2126.08 199.09 2724.65 2154.98 199.09 2693.86 2126.08 158.41 2724.65 2154.98 158.41 2693.86 2060.60 276.59 2769.17 2095.60 276.59 2748.96 2060.60 235.91 2769.17 2095.60 235.91 2748.96 2126.07 354.09 2724.65 2154.98 354.09 2693.86 2126.07 313.41 2724.65 2154.98 313.41 2693.86 1983.20 431.59 2793.04 2024.32 431.59 2783.40 1983.20 390.91 2793.04 2024.32 390.91 2783.40 2060.60 431.59 2769.17 2095.60 431.59 2748.96 2060.60 390.91 2769.17 2095.60 390.91 2748.96 2108.04 450.00 2733.92 2163.09 450.00 2675.28 2106.90 446.12 2727.34 2156.45 446.12 2674.56 2163.09 372.50 2675.28 2156.45 376.38 2674.56 2108.04 372.50 2733.92 2106.90 376.38 2727.34 2108.04 295.00 2733.92 2163.09 295.00 2675.28 2106.90 291.12 2727.34 2156.45 291.12 2674.56 2163.09 217.50 2675.28 2156.45 221.37 2674.56 2108.04 217.50 2733.92 2106.90 221.37 2727.34 1963.06 217.50 2790.77 2041.36 217.50 2772.42 1965.75 213.62 2784.66 2036.23 213.62 2768.14 2041.36 140.00 2772.42 2036.23 143.88 2768.14 1963.06 140.00 2790.77 1965.75 143.88 2784.66 1963.06 372.50 2790.77 2041.36 372.50 2772.42 1965.75 368.62 2784.66 2036.23 368.62 2768.14 2041.36 295.00 2772.42 2036.23 298.88 2768.14 1963.06 295.00 2790.77 1965.75 298.88 2784.66 2041.36 217.50 2772.42 2108.04 217.50 2733.92 2042.03 213.62 2765.88 2102.04 213.62 2731.23 2108.04 140.00 2733.92 2102.04 143.88 2731.23 2041.36 140.00 2772.42 2042.03 143.88 2765.88 2041.36 372.50 2772.42 2108.04 372.50 2733.92 2042.03 368.62 2765.88 2102.04 368.62 2731.23 2108.04 295.00 2733.92 2102.04 298.88 2731.23 2041.36 295.00 2772.42 2042.03 298.88 2765.88 1963.06 295.00 2790.77 2041.36 295.00 2772.42 1965.75 291.12 2784.66 2036.23 291.12 2768.14 2041.36 217.50 2772.42 2036.23 221.38 2768.14 1963.06 217.50 2790.77 1965.75 221.38 2784.66 2108.04 217.50 2733.92 2163.09 217.50 2675.28 2106.90 213.63 2727.34 2156.45 213.63 2674.56 2163.09 140.00 2675.28 2156.45 143.88 2674.56 2108.04 140.00 2733.92 2106.90 143.88 2727.34 2041.36 295.00 2772.42 2108.04 295.00 2733.92 2042.03 291.12 2765.88 2102.04 291.12 2731.23 2108.04 217.50 2733.92 2102.04 221.38 2731.23 2041.36 217.50 2772.42 2042.03 221.38 2765.88 2108.04 372.50 2733.92 2163.09 372.50 2675.28 2106.90 368.62 2727.34 2156.45 368.62 2674.56 2163.09 295.00 2675.28 2156.45 298.88 2674.56 2108.04 295.00 2733.92 2106.90 298.88 2727.34 1963.06 450.00 2790.77 2041.36 450.00 2772.42 1965.75 446.12 2784.66 2036.23 446.12 2768.14 2041.36 372.50 2772.42 2036.23 376.38 2768.14 1963.06 372.50 2790.77 1965.75 376.38 2784.66 2041.36 450.00 2772.42 2108.04 450.00 2733.92 2042.03 446.12 2765.88 2102.04 446.12 2731.23 2108.04 372.50 2733.92 2102.04 376.38 2731.23 2041.36 372.50 2772.42 2042.03 376.38 2765.88 2114.34 435.66 2719.42 2149.02 435.66 2682.48 2149.02 386.84 2682.48 2114.34 386.84 2719.42 2114.34 280.66 2719.42 2149.02 280.66 2682.48 2149.02 231.84 2682.48 2114.34 231.84 2719.42 1976.32 203.16 2782.18 2025.66 203.16 2770.62 2025.66 154.34 2770.62 1976.32 154.34 2782.18 1976.32 358.16 2782.18 2025.66 358.16 2770.62 2025.66 309.34 2770.62 1976.32 309.34 2782.18 2051.03 203.16 2760.68 2093.04 203.16 2736.42 2093.04 154.34 2736.42 2051.03 154.34 2760.68 2051.03 358.16 2760.68 2093.04 358.16 2736.42 2093.04 309.34 2736.42 2051.03 309.34 2760.68 1976.32 280.66 2782.18 2025.66 280.66 2770.62 2025.66 231.84 2770.62 1976.32 231.84 2782.18 2114.34 203.16 2719.42 2149.02 203.16 2682.48 2149.02 154.34 2682.48 2114.34 154.34 2719.42 2051.03 280.66 2760.68 2093.04 280.66 2736.42 2093.04 231.84 2736.42 2051.03 231.84 2760.68 2114.34 358.16 2719.42 2149.02 358.16 2682.48 2149.02 309.34 2682.48 2114.34 309.34 2719.42 1976.32 435.66 2782.18 2025.66 435.66 2770.62 2025.66 386.84 2770.62 1976.32 386.84 2782.18 2051.03 435.66 2760.68 2093.04 435.66 2736.42 2093.04 386.84 2736.42 2051.03 386.84 2760.68 2126.08 431.59 2724.65 2154.98 431.59 2693.86 2154.98 390.91 2693.86 2126.08 390.91 2724.65 2093.04 231.84 2736.42 2095.60 235.91 2748.96 2177.94 450.00 2661.98 2224.90 390.00 2634.86 2177.94 390.00 2661.98 2271.86 330.00 2607.75 2224.90 330.00 2634.86 2177.94 330.00 2661.98 1944.11 390.49 2796.98 1944.11 330.00 2796.98 1897.15 390.00 2824.09 1897.15 330.00 2824.09 1897.15 250.00 2824.09 1850.19 330.00 2851.20 1850.19 250.00 2851.20 1727.45 250.00 2638.62 1788.82 250.00 2744.91 1727.45 170.00 2638.62 1788.82 170.00 2744.91 2149.12 250.00 2395.16 2210.49 250.00 2501.46 2149.12 330.00 2395.16 2210.49 330.00 2501.46 2149.12 170.00 2395.16 2067.16 170.00 2373.20 2067.16 250.00 2373.20 1985.20 250.00 2351.24 1940.81 250.00 2273.77 1985.20 170.00 2351.24 1940.81 170.00 2273.77 1681.57 170.00 2320.34 1681.57 250.00 2320.34 1726.47 170.00 2397.52 1726.47 250.00 2397.52 1771.37 170.00 2474.69 1771.37 250.00 2474.69 1749.41 170.00 2556.66 1749.41 250.00 2556.66 2224.90 250.00 2634.86 2177.94 250.00 2661.98 1789.00 230.00 2258.32 1832.30 230.00 2233.32 1788.65 250.00 2257.71 1849.27 250.00 2222.71 1728.38 170.00 2293.32 1685.08 170.00 2318.32 1719.14 110.00 2298.20 1685.08 110.00 2318.32 1857.94 110.00 2217.86 1849.62 170.00 2223.32 1832.06 110.00 2232.90 1832.30 170.00 2233.32 1681.57 250.00 2320.34 1681.57 170.00 2320.34 2271.86 250.00 2607.75 2271.86 170.00 2607.75 2210.49 170.00 2501.46 1850.19 250.00 2851.20 1850.19 330.00 2851.20 1788.82 330.00 2744.91 1985.20 330.00 2351.24 2067.16 330.00 2373.20 1727.45 330.00 2638.62 1749.41 330.00 2556.66 1940.81 330.00 2273.77 1896.43 250.00 2196.30 1895.02 329.94 2193.85 1771.37 330.00 2474.69 1726.47 330.00 2397.52 1896.43 250.00 2196.30 1892.92 170.00 2198.32 1896.43 170.00 2196.30 2224.90 170.00 2634.86 2271.86 170.00 2607.75 2271.86 250.00 2607.75 2271.86 330.00 2607.75 1896.43 170.00 2196.30 1944.11 170.00 2796.98 1897.15 170.00 2824.09 1944.11 203.16 2796.98 1944.11 250.00 2796.98 1850.19 170.00 2851.20 1680.16 330.00 2317.90 2177.94 170.00 2661.98 2177.94 203.16 2661.98 1850.19 170.00 2851.20 1728.03 250.00 2292.71 1745.70 170.00 2283.32 1745.46 110.00 2282.90 1745.70 230.00 2283.32 1892.92 110.00 2198.32 1787.59 330.00 2255.88 1846.32 330.00 2221.97 1944.11 450.00 2796.98 1895.02 329.94 2193.85 1728.62 311.72 2290.48 1723.25 330.00 2293.02 1680.16 330.00 2317.90 1750.95 301.48 2277.90 1753.42 313.73 2276.10 1764.80 315.85 2269.46 1776.23 330.00 2262.44 2038.83 136.67 2667.08 2044.23 136.67 2656.13 2037.64 140.00 2666.17 2042.78 140.00 2655.74 2043.54 140.00 2644.14 2014.00 137.61 2648.03 2039.81 140.00 2633.13 2032.14 140.00 2624.39 2021.71 140.00 2619.25 2010.11 140.00 2618.49 1999.10 140.00 2622.22 1990.36 140.00 2629.89 1985.22 140.00 2640.32 1984.46 140.00 2651.92 1988.19 140.00 2662.93 1995.86 140.00 2671.67 2006.29 140.00 2676.82 2017.89 140.00 2677.58 2028.90 140.00 2673.84 2029.65 136.67 2675.14 2045.03 136.67 2643.95 2041.10 136.67 2632.38 2033.05 136.67 2623.20 2022.10 136.67 2617.80 2009.92 136.67 2617.00 1998.35 136.67 2620.93 1989.17 136.67 2628.98 1983.77 136.67 2639.93 1982.97 136.67 2652.12 1986.90 136.67 2663.68 1994.95 136.67 2672.86 2005.90 136.67 2678.26 2018.08 136.67 2679.06 1728.62 311.72 2290.48 1750.95 301.48 2277.90 1726.67 330.00 2267.76 1741.74 330.00 2249.82 1753.42 313.73 2276.10 1746.94 330.00 2258.14 1764.80 315.85 2269.46 1757.11 330.00 2254.56 1776.23 330.00 2262.44 1723.25 330.00 2293.02 1719.24 399.61 2181.26 1723.25 330.00 2293.02 1726.67 330.00 2267.76 1711.20 350.00 2303.24 1725.58 330.00 2294.94 1759.27 350.00 2341.82 1724.54 350.00 2323.66 1778.39 330.00 2264.45 1789.00 350.00 2258.32 1796.10 350.00 2314.38 1781.43 350.00 2318.88 1776.23 330.00 2262.44 1741.74 330.00 2249.82 1746.94 330.00 2258.14 1757.11 330.00 2254.56 1896.79 470.00 2621.02 1931.58 460.00 2633.27 1922.55 470.00 2639.63 1964.82 450.00 2634.86 1946.77 470.00 2647.59 1964.82 450.00 2634.86 1979.36 440.00 2668.03 1950.78 470.00 2684.53 1946.77 470.00 2647.59 1974.88 440.00 2638.28 1981.27 470.00 2707.34 2001.32 450.00 2698.08 2003.38 440.00 2687.65 2001.32 450.00 2698.08 2034.50 440.00 2683.54 2014.06 470.00 2716.13 2050.50 470.00 2711.25 2003.38 440.00 2687.65 2053.62 440.00 2658.65 2084.17 470.00 2667.56 2084.17 470.00 2667.56 2053.62 440.00 2658.65 2080.16 470.00 2630.62 2058.17 450.00 2622.53 2048.64 440.00 2628.03 2025.12 440.00 2609.28 2062.66 470.00 2600.31 2032.67 470.00 2578.36 2032.67 470.00 2578.36 2025.12 440.00 2609.28 1994.00 440.00 2613.39 1978.00 470.00 2585.68 1964.82 450.00 2634.86 1955.56 470.00 2614.80 1974.88 440.00 2638.28 1926.94 470.00 2623.24 1955.56 470.00 2614.80 1984.20 437.61 2640.41 1987.15 437.61 2663.53 2006.20 437.61 2678.52 2006.20 437.61 2678.52 2029.75 437.61 2675.31 2044.30 437.61 2656.52 2044.30 437.61 2656.52 2040.85 437.61 2632.53 2022.30 437.61 2618.41 2022.30 437.61 2618.41 1998.75 437.61 2621.62 1984.20 437.61 2640.41 1998.75 437.61 2621.62 1998.76 413.71 2644.04 2006.22 413.71 2634.56 2014.00 340.00 2648.03 2007.66 387.44 2651.79 2007.18 387.44 2646.26 2012.37 387.44 2655.26 1999.84 413.71 2656.36 2010.34 413.71 2664.09 2012.37 387.44 2655.26 2017.72 387.44 2654.48 2010.34 413.71 2664.09 2022.28 413.71 2662.37 2021.07 387.44 2650.23 2029.74 413.71 2652.89 2021.07 387.44 2650.23 2020.42 387.44 2644.42 2029.74 413.71 2652.89 2028.29 413.71 2639.93 2015.88 387.44 2641.24 2010.52 387.44 2642.01 2015.88 387.44 2641.24 2018.16 413.71 2632.84 2007.18 387.44 2646.26 2125.72 470.00 2583.53 2058.17 450.00 2622.53 2062.66 470.00 2600.31 2080.16 470.00 2630.62 2001.32 450.00 2698.08 1991.28 470.00 2754.68 1981.27 470.00 2707.34 2014.06 470.00 2716.13 1987.15 437.61 2663.53 1984.20 437.61 2640.41 1998.76 413.71 2644.04 1984.20 437.61 2640.41 2006.20 437.61 2678.52 2006.20 437.61 2678.52 2029.75 437.61 2675.31 2044.30 437.61 2656.52 2040.85 437.61 2632.53 2044.30 437.61 2656.52 2022.30 437.61 2618.41 2018.16 413.71 2632.84 2022.30 437.61 2618.41 1949.17 401.00 2433.74 1947.60 380.00 2445.03 1942.86 378.00 2410.82 1930.78 386.00 2425.88 1861.46 350.00 2375.83 1852.12 350.00 2339.66 1869.30 333.00 2379.40 1852.12 350.00 2339.66 1878.59 350.00 2377.49 1869.30 333.00 2379.40 1870.30 326.00 2411.14 1859.80 350.00 2392.96 1882.46 350.00 2412.20 1745.46 110.00 2282.90 1788.69 110.00 2257.86 1744.00 110.00 2261.00 1779.00 110.00 2241.00 1858.50 110.00 2379.00 1823.60 110.00 2318.43 1789.00 110.00 2419.00 1753.97 110.00 2358.43 1840.82 110.00 2268.22 1832.06 110.00 2232.90 1813.50 110.00 2221.00 1719.14 110.00 2298.20 1771.33 110.00 2308.24 1928.00 110.00 2339.00 1892.97 110.00 2278.43 1857.94 110.00 2217.86 </float_array>
                    <technique_common>
                        <accessor source="#geom-0393DBE7-pos-array" count="758" stride="3">
                            <param name="X" type="float" />
                            <param name="Y" type="float" />
                            <param name="Z" type="float" />
                        </accessor>
                    </technique_common>
                </source>
                <source id="geom-0393DBE7-texcoord">
                    <float_array id="geom-0393DBE7-texcoord-array" count="1516">0.77 -1.10 0.65 -1.32 1.05 -1.37 0.97 -1.51 1.17 -0.43 1.45 -0.46 1.61 -0.69 1.22 -0.33 1.73 -0.49 1.51 -0.36 1.61 -0.69 1.45 -0.46 1.17 -0.43 1.22 -0.33 1.73 -0.49 1.51 -0.36 2.59 -2.45 2.72 -2.24 2.35 -2.12 2.27 -2.27 2.39 -1.69 2.10 -1.88 2.72 -2.24 1.74 -1.67 1.80 -1.27 1.38 -1.46 1.86 -0.35 2.36 0.01 1.67 0.11 1.46 -0.63 1.72 -0.97 1.77 -0.81 1.99 -0.51 2.35 -0.72 2.09 -0.34 2.45 -0.55 1.63 -0.30 1.73 -0.13 1.34 -0.13 1.44 0.04 1.85 -0.74 2.21 -0.95 1.95 -0.58 2.31 -0.79 1.15 -0.45 0.95 -0.34 0.77 -1.10 0.57 -0.98 2.72 -2.24 2.93 -2.36 3.09 -1.59 3.31 -1.72 1.34 -1.53 1.70 -1.74 1.38 -1.46 1.74 -1.67 1.99 -0.51 1.63 -0.30 1.95 -0.58 1.59 -0.37 2.35 -0.72 2.31 -0.79 2.64 -0.89 2.59 -0.96 1.69 -0.74 1.49 -0.53 1.45 -0.60 2.35 -1.04 2.32 -1.10 2.50 -1.12 2.46 -1.19 2.10 -1.88 2.06 -1.95 1.35 -0.45 1.30 -0.20 1.20 -0.37 1.53 0.19 1.33 0.31 3.47 -0.94 3.69 -1.07 2.79 -1.41 2.53 -1.08 2.48 -1.23 2.37 -1.35 2.23 -1.42 2.84 -0.92 2.45 -0.77 2.52 -0.92 1.87 -0.69 2.02 -0.62 2.23 -1.42 2.37 -1.35 2.17 -1.20 2.23 -1.17 2.48 -1.23 2.28 -1.11 2.52 -0.92 2.45 -0.77 2.30 -0.97 2.27 -0.91 2.33 -0.67 2.22 -0.86 2.02 -0.62 1.87 -0.69 2.08 -0.84 2.01 -0.87 1.77 -0.81 1.96 -0.93 1.92 -1.38 2.07 -1.43 2.03 -1.18 2.10 -1.20 1.73 -1.13 1.80 -1.27 1.94 -1.07 1.98 -1.13 1.72 -0.97 1.94 -1.00 2.53 -1.08 2.31 -1.05 2.18 -0.61 2.15 -0.84 3.09 -1.59 2.91 -0.31 3.33 -0.86 1.15 -0.45 0.77 -1.10 1.41 -1.12 1.30 -0.20 1.34 -0.13 1.31 -0.51 1.35 -0.45 1.49 -0.53 1.59 -0.37 2.73 -0.72 2.64 -0.89 2.35 -1.04 2.59 -0.96 2.21 -0.95 1.93 -0.88 2.17 -1.02 2.07 -1.43 1.92 -1.38 1.74 -1.67 1.73 -1.13 1.17 -0.43 1.20 -0.37 2.50 -1.12 1.53 0.19 3.47 -0.94 2.46 -0.44 2.18 -0.61 2.33 -0.67 3.37 -0.80 1.70 0.17 1.85 -0.74 3.63 3.69 0.12 3.69 3.63 0.06 0.12 0.06 3.63 3.69 0.12 3.69 3.63 0.06 0.12 0.06 0.12 0.06 3.63 0.06 0.12 3.69 3.63 3.69 0.12 0.06 3.63 0.06 0.12 3.69 3.63 3.69 3.63 3.69 0.12 3.69 3.63 0.06 0.12 0.06 3.63 3.69 0.12 3.69 3.63 0.06 0.12 0.06 0.12 0.06 3.63 0.06 0.12 3.69 3.63 3.69 0.12 0.06 3.63 0.06 0.12 3.69 3.63 3.69 1.87 0.06 3.69 0.06 1.87 1.87 3.69 1.87 3.69 1.87 1.87 1.87 3.69 3.69 1.87 3.69 3.69 1.87 1.87 1.87 3.69 3.69 1.87 3.69 0.06 1.87 0.06 3.69 1.87 3.69 1.87 1.93 3.69 1.93 1.87 3.69 3.69 3.69 3.69 0.06 1.87 0.06 0.06 0.06 1.87 1.93 3.69 1.93 1.87 3.69 3.69 3.69 0.06 1.93 0.06 3.69 0.06 1.93 0.06 3.69 3.69 3.69 3.69 1.87 1.87 1.87 3.69 3.69 1.87 3.69 3.69 0.26 3.69 -0.53 3.18 0.26 3.18 -0.53 2.64 -1.58 2.64 -1.05 3.18 -1.05 2.64 -0.53 1.07 -0.53 1.07 -1.05 0.53 -0.53 1.07 0.26 0.53 0.26 0.00 0.26 0.00 -0.53 2.64 -2.11 2.24 -2.11 2.24 -1.58 1.46 -1.58 1.46 -1.05 1.46 0.26 1.46 -0.53 0.53 1.05 0.00 1.05 1.07 1.05 1.46 1.05 3.18 1.05 2.64 1.05 2.64 0.26 1.85 -2.64 1.46 -2.64 1.85 -2.11 1.46 -2.11 1.85 -1.58 1.85 0.26 1.85 1.05 2.24 0.26 2.24 1.05 1.85 -0.53 2.24 -0.53 1.85 -1.05 2.24 -1.05 1.07 -2.11 1.07 -2.64 1.07 -1.58 1.66 0.26 1.66 -0.53 1.66 -1.05 0.53 -1.05 3.69 1.05 1.98 -2.33 2.06 -2.35 2.24 -2.30 2.40 -2.49 2.64 -2.64 2.41 -2.64 2.67 2.67 1.05 2.67 2.67 1.05 1.05 1.05 2.67 2.67 1.05 2.67 2.67 1.05 1.05 1.05 2.67 2.67 1.05 2.67 2.67 1.05 1.05 1.05 2.67 2.67 1.05 2.67 2.67 1.05 1.05 1.05 2.67 2.67 1.05 2.67 2.67 1.05 1.05 1.05 2.67 2.67 1.05 2.67 2.67 1.05 1.05 1.05 2.67 2.67 1.05 2.67 2.67 1.05 1.05 1.05 2.67 2.67 1.05 2.67 2.67 1.05 1.05 1.05 2.67 2.67 1.05 2.67 2.67 1.05 1.05 1.05 2.67 2.67 1.05 2.67 2.67 1.05 1.05 1.05 2.67 2.67 1.05 2.67 2.67 1.05 1.05 1.05 2.67 2.67 1.05 2.67 2.67 1.05 1.05 1.05 3.69 3.69 0.03 3.69 3.49 3.49 0.23 3.49 0.03 0.03 0.23 0.23 3.69 0.03 3.49 0.23 3.69 3.69 0.03 3.69 3.49 3.49 0.23 3.49 0.03 0.03 0.23 0.23 3.69 0.03 3.49 0.23 3.69 3.69 0.03 3.69 3.49 3.49 0.23 3.49 0.03 0.03 0.23 0.23 3.69 0.03 3.49 0.23 3.69 3.69 0.03 3.69 3.49 3.49 0.23 3.49 0.03 0.03 0.23 0.23 3.69 0.03 3.49 0.23 3.69 3.69 0.03 3.69 3.49 3.49 0.23 3.49 0.03 0.03 0.23 0.23 3.69 0.03 3.49 0.23 3.69 3.69 0.03 3.69 3.49 3.49 0.23 3.49 0.03 0.03 0.23 0.23 3.69 0.03 3.49 0.23 3.69 3.69 0.03 3.69 3.49 3.49 0.23 3.49 0.03 0.03 0.23 0.23 3.69 0.03 3.49 0.23 3.69 3.69 0.03 3.69 3.49 3.49 0.23 3.49 0.03 0.03 0.23 0.23 3.69 0.03 3.49 0.23 3.69 3.69 0.03 3.69 3.49 3.49 0.23 3.49 0.03 0.03 0.23 0.23 3.69 0.03 3.49 0.23 3.69 3.69 0.03 3.69 3.49 3.49 0.23 3.49 0.03 0.03 0.23 0.23 3.69 0.03 3.49 0.23 3.69 3.69 0.03 3.69 3.49 3.49 0.23 3.49 0.03 0.03 0.23 0.23 3.69 0.03 3.49 0.23 3.69 3.69 0.03 3.69 3.49 3.49 0.23 3.49 0.03 0.03 0.23 0.23 3.69 0.03 3.49 0.23 3.02 3.02 0.70 3.02 0.70 0.70 3.02 0.70 3.02 3.02 0.70 3.02 0.70 0.70 3.02 0.70 3.02 3.02 0.70 3.02 0.70 0.70 3.02 0.70 3.02 3.02 0.70 3.02 0.70 0.70 3.02 0.70 3.02 3.02 0.70 3.02 0.70 0.70 3.02 0.70 3.02 3.02 0.70 3.02 0.70 0.70 3.02 0.70 3.02 3.02 0.70 3.02 0.70 0.70 3.02 0.70 3.02 3.02 0.70 3.02 0.70 0.70 3.02 0.70 3.02 3.02 0.70 3.02 0.70 0.70 3.02 0.70 3.02 3.02 0.70 3.02 0.70 0.70 3.02 0.70 3.02 3.02 0.70 3.02 0.70 0.70 3.02 0.70 3.02 3.02 0.70 3.02 0.70 0.70 3.02 0.70 2.67 2.67 1.05 2.67 1.05 1.05 2.67 1.05 0.70 0.70 1.05 1.05 1.00 0.50 0.62 0.12 1.00 0.12 0.25 -0.25 0.62 -0.25 1.00 -0.25 0.00 0.13 0.00 -0.25 0.37 0.12 0.37 -0.25 0.37 -0.75 0.75 -0.25 0.75 -0.75 1.49 0.06 0.75 0.06 1.49 -0.44 0.75 -0.44 2.18 0.06 2.93 0.06 2.18 0.56 2.93 0.56 2.18 -0.44 1.65 -0.44 1.65 0.06 1.12 0.06 0.56 0.06 1.12 -0.44 0.56 -0.44 3.67 -0.44 3.67 0.06 3.11 -0.44 3.11 0.06 2.55 -0.44 2.55 0.06 2.02 -0.44 2.02 0.06 0.62 -0.75 1.00 -0.75 0.75 0.06 1.06 0.06 0.75 0.19 1.17 0.19 0.33 -0.31 0.02 -0.31 0.27 -0.66 0.02 -0.66 1.23 -0.66 1.16 -0.31 1.06 -0.66 1.06 -0.31 0.00 0.19 0.00 -0.31 3.67 0.06 3.67 -0.44 2.93 -0.44 0.00 0.06 0.00 0.56 0.75 0.56 1.12 0.56 1.65 0.56 1.49 0.56 2.02 0.56 0.56 0.56 0.00 0.06 0.00 0.56 2.55 0.56 3.11 0.56 1.49 0.19 1.47 -0.31 1.49 -0.31 0.62 -1.25 0.25 -1.25 0.25 -0.75 3.67 0.56 0.00 -0.44 0.00 -1.25 0.37 -1.25 0.00 -1.04 0.00 -0.75 0.00 -0.44 3.69 0.56 1.00 -1.25 1.00 -1.04 0.75 -1.25 0.33 0.19 0.46 -0.31 0.46 -0.66 0.46 0.06 1.47 -0.66 0.75 0.66 1.16 0.66 0.00 0.50 1.50 0.66 0.33 0.56 0.29 0.66 0.00 0.66 0.49 0.49 0.51 0.57 0.59 0.58 0.67 0.66 3.55 2.55 3.15 3.15 3.38 2.48 3.02 3.02 2.48 3.38 1.85 1.85 1.85 3.51 1.21 3.38 0.67 3.02 0.31 2.48 0.18 1.85 0.31 1.21 0.67 0.67 1.21 0.31 1.85 0.18 2.48 0.31 3.02 0.67 3.38 1.21 3.51 1.85 3.69 1.85 2.55 3.55 1.85 3.69 1.14 3.55 0.54 3.15 0.14 2.55 0.00 1.85 0.14 1.14 0.54 0.54 1.14 0.14 1.85 0.00 2.55 0.14 3.15 0.54 3.55 1.14 0.32 -0.61 1.71 -1.05 0.74 0.80 1.89 1.05 2.25 -0.45 2.34 0.81 2.97 -0.31 2.92 0.79 3.69 0.41 0.00 0.27 2.53 -1.09 2.66 -3.28 3.10 -2.80 2.01 -3.22 2.60 -3.32 0.67 -3.69 1.56 -3.54 0.01 -1.26 0.40 -1.63 0.02 -2.86 0.32 -3.05 0.18 -0.42 3.58 -1.27 2.54 0.77 1.09 0.33 0.00 2.79 1.14 2.78 0.93 2.38 2.28 2.77 1.85 1.98 2.64 0.84 1.38 1.38 1.38 0.00 2.54 0.00 2.42 1.38 0.46 0.00 0.17 0.84 0.35 1.38 2.64 0.84 1.38 1.38 2.54 0.00 1.38 0.00 2.42 1.38 0.35 1.38 0.00 0.00 2.77 0.00 2.42 1.38 1.74 0.00 1.38 0.92 1.38 1.38 0.35 1.38 1.06 0.00 0.00 0.00 2.77 0.00 2.42 1.38 1.38 1.38 1.38 0.00 0.26 0.96 0.46 0.00 0.35 1.38 0.93 3.17 1.86 3.56 2.31 1.79 1.38 1.79 0.46 1.79 2.31 1.79 1.38 1.79 0.46 1.79 2.31 1.79 1.38 1.79 0.46 1.79 2.31 1.79 1.38 1.79 3.69 3.69 2.88 3.69 3.34 2.54 2.88 2.54 2.88 0.03 2.88 1.61 2.65 1.61 3.11 1.61 2.88 2.54 3.34 2.54 2.65 1.61 2.88 1.61 2.42 2.54 2.88 2.54 3.11 1.61 3.34 2.54 2.65 1.61 2.88 1.61 2.42 2.54 2.88 2.54 3.11 1.61 2.88 1.61 2.65 1.61 2.42 2.54 3.11 1.61 0.00 2.79 2.28 2.77 1.85 1.98 1.86 3.56 2.28 2.77 0.00 2.79 1.86 3.56 1.85 1.98 2.88 3.69 2.08 3.69 2.42 2.54 0.46 1.79 3.69 3.69 2.08 3.69 2.88 3.69 3.69 3.69 2.88 3.69 2.08 3.69 3.69 3.69 3.34 2.54 2.08 3.69 1.86 3.56 2.28 2.77 1.14 2.78 1.85 1.98 0.93 2.38 0.00 2.79 1.14 2.78 0.00 2.79 0.93 3.17 1.14 2.78 2.28 2.77 1.85 1.98 1.86 3.56 0.71 3.25 1.86 3.25 0.93 3.69 1.86 3.69 1.86 0.03 1.86 1.63 0.03 0.03 0.03 1.63 2.79 2.44 3.02 3.25 2.79 3.69 0.03 3.25 0.93 2.44 3.69 0.03 3.69 1.63 3.69 3.25 </float_array>
                    <technique_common>
                        <accessor source="#geom-0393DBE7-texcoord-array" count="758" stride="2">
                            <param name="S" type="float" />
                            <param name="T" type="float" />
                        </accessor>
                    </technique_common>
                </source>
                <source id="geom-0393DBE7-colors">
                    <float_array id="geom-0393DBE7-colors-array" count="3032">0.08 0.14 0.08 1.00 0.07 0.12 0.07 1.00 0.02 0.03 0.02 1.00 0.02 0.07 0.03 1.00 0.06 0.21 0.08 1.00 0.11 0.36 0.16 1.00 0.04 0.11 0.05 1.00 0.11 0.27 0.13 1.00 0.03 0.05 0.03 1.00 0.12 0.20 0.12 1.00 0.04 0.05 0.04 1.00 0.11 0.32 0.14 1.00 0.06 0.13 0.07 1.00 0.11 0.36 0.15 1.00 0.03 0.13 0.05 1.00 0.12 0.36 0.20 1.00 0.07 0.20 0.10 1.00 0.08 0.20 0.13 1.00 0.02 0.07 0.03 1.00 0.02 0.03 0.02 1.00 0.15 0.36 0.31 1.00 0.41 0.73 0.51 1.00 0.14 0.36 0.24 1.00 0.55 0.98 0.89 1.00 0.11 0.36 0.27 1.00 0.41 0.73 0.72 1.00 0.09 0.36 0.18 1.00 0.07 0.24 0.12 1.00 0.07 0.20 0.11 1.00 0.11 0.36 0.18 1.00 0.12 0.36 0.22 1.00 0.11 0.36 0.22 1.00 0.55 0.98 0.62 1.00 0.34 0.61 0.41 1.00 0.08 0.16 0.08 1.00 0.08 0.17 0.09 1.00 0.34 0.61 0.43 1.00 0.09 0.26 0.11 1.00 0.19 0.36 0.25 1.00 0.03 0.05 0.03 1.00 0.49 0.98 0.67 1.00 0.31 0.61 0.42 1.00 0.06 0.20 0.08 1.00 0.08 0.30 0.11 1.00 0.07 0.24 0.09 1.00 0.01 0.03 0.01 1.00 0.11 0.20 0.11 1.00 0.09 0.15 0.09 1.00 0.11 0.36 0.18 1.00 0.09 0.36 0.13 1.00 0.07 0.27 0.10 1.00 0.01 0.04 0.02 1.00 0.05 0.15 0.06 1.00 0.04 0.09 0.05 1.00 0.09 0.20 0.14 1.00 0.09 0.20 0.11 1.00 0.07 0.17 0.08 1.00 0.07 0.13 0.07 1.00 0.04 0.11 0.05 1.00 0.05 0.08 0.05 1.00 0.07 0.18 0.09 1.00 0.05 0.17 0.06 1.00 0.07 0.15 0.07 1.00 0.02 0.06 0.03 1.00 0.02 0.02 0.02 1.00 0.06 0.09 0.06 1.00 0.03 0.04 0.03 1.00 0.07 0.13 0.07 1.00 0.02 0.03 0.02 1.00 0.06 0.20 0.09 1.00 0.04 0.07 0.04 1.00 0.09 0.16 0.09 1.00 0.05 0.10 0.05 1.00 0.35 0.55 0.35 1.00 0.04 0.08 0.05 1.00 0.18 0.29 0.18 1.00 0.02 0.03 0.02 1.00 0.06 0.08 0.07 1.00 0.02 0.06 0.03 1.00 0.09 0.13 0.12 1.00 0.11 0.36 0.22 1.00 0.09 0.36 0.22 1.00 0.11 0.36 0.26 1.00 0.12 0.36 0.23 1.00 0.11 0.36 0.20 1.00 0.09 0.36 0.18 1.00 0.09 0.36 0.15 1.00 0.09 0.36 0.18 1.00 0.09 0.36 0.20 1.00 0.09 0.36 0.22 1.00 0.07 0.20 0.12 1.00 0.07 0.20 0.13 1.00 0.00 0.00 0.00 1.00 0.00 0.00 0.00 1.00 0.07 0.20 0.15 1.00 0.00 0.00 0.00 1.00 0.05 0.20 0.10 1.00 0.05 0.20 0.09 1.00 0.00 0.00 0.00 1.00 0.00 0.00 0.00 1.00 0.07 0.20 0.16 1.00 0.00 0.00 0.00 1.00 0.05 0.20 0.12 1.00 0.05 0.20 0.11 1.00 0.00 0.00 0.00 1.00 0.00 0.00 0.00 1.00 0.07 0.20 0.13 1.00 0.00 0.00 0.00 1.00 0.06 0.20 0.12 1.00 0.07 0.20 0.16 1.00 0.00 0.00 0.00 1.00 0.00 0.00 0.00 1.00 0.07 0.20 0.09 1.00 0.07 0.20 0.16 1.00 0.00 0.00 0.00 1.00 0.00 0.00 0.00 1.00 0.07 0.20 0.13 1.00 0.00 0.00 0.00 1.00 0.05 0.20 0.12 1.00 0.00 0.00 0.00 1.00 0.05 0.20 0.12 1.00 0.00 0.00 0.00 1.00 0.15 0.49 0.21 1.00 0.07 0.24 0.12 1.00 0.07 0.19 0.11 1.00 0.15 0.49 0.20 1.00 0.15 0.25 0.15 1.00 0.15 0.36 0.26 1.00 0.02 0.04 0.03 1.00 0.07 0.20 0.09 1.00 0.02 0.03 0.02 1.00 0.07 0.11 0.07 1.00 0.32 0.57 0.34 1.00 0.08 0.14 0.08 1.00 0.03 0.13 0.05 1.00 0.19 0.30 0.19 1.00 0.34 0.61 0.49 1.00 0.04 0.11 0.05 1.00 0.06 0.20 0.09 1.00 0.02 0.07 0.03 1.00 0.03 0.04 0.03 1.00 0.11 0.36 0.28 1.00 0.10 0.36 0.21 1.00 0.48 0.85 0.78 1.00 0.11 0.36 0.16 1.00 0.04 0.12 0.05 1.00 0.06 0.16 0.07 1.00 0.18 0.27 0.18 1.00 0.07 0.09 0.07 1.00 0.07 0.18 0.10 1.00 0.10 0.25 0.14 1.00 0.09 0.36 0.22 1.00 0.12 0.36 0.28 1.00 0.07 0.18 0.10 1.00 0.07 0.07 0.07 1.00 0.06 0.20 0.09 1.00 0.33 0.68 0.44 1.00 0.35 0.73 0.47 1.00 0.27 0.43 0.38 1.00 0.29 0.51 0.44 1.00 0.32 0.64 0.41 1.00 0.29 0.52 0.37 1.00 0.31 0.55 0.47 1.00 0.27 0.43 0.38 1.00 0.35 0.73 0.47 1.00 0.33 0.68 0.44 1.00 0.28 0.42 0.28 1.00 0.34 0.66 0.40 1.00 0.29 0.52 0.37 1.00 0.32 0.64 0.41 1.00 0.29 0.44 0.29 1.00 0.34 0.69 0.42 1.00 0.09 0.13 0.09 1.00 0.14 0.21 0.14 1.00 0.36 0.70 0.41 1.00 0.37 0.65 0.37 1.00 0.14 0.22 0.14 1.00 0.10 0.15 0.10 1.00 0.31 0.60 0.33 1.00 0.33 0.53 0.33 1.00 0.28 0.42 0.28 1.00 0.34 0.66 0.40 1.00 0.37 0.65 0.37 1.00 0.36 0.70 0.41 1.00 0.29 0.44 0.29 1.00 0.34 0.69 0.42 1.00 0.33 0.53 0.33 1.00 0.31 0.60 0.33 1.00 0.56 1.00 0.91 1.00 0.29 0.51 0.44 1.00 0.46 0.75 0.65 1.00 0.35 0.73 0.47 1.00 0.31 0.60 0.33 1.00 0.45 0.76 0.45 1.00 0.14 0.22 0.14 1.00 0.09 0.12 0.09 1.00 0.32 0.64 0.41 1.00 0.51 1.00 0.72 1.00 0.34 0.69 0.42 1.00 0.51 1.00 0.65 1.00 0.51 1.00 0.72 1.00 0.51 1.00 0.65 1.00 0.51 1.00 0.64 1.00 0.51 1.00 0.64 1.00 0.28 0.42 0.28 1.00 0.49 0.96 0.54 1.00 0.37 0.65 0.37 1.00 0.31 0.55 0.47 1.00 0.55 1.00 0.87 1.00 0.55 1.00 0.87 1.00 0.49 0.96 0.54 1.00 0.37 0.65 0.37 1.00 0.09 0.33 0.13 1.00 0.14 0.21 0.14 1.00 0.45 0.76 0.45 1.00 0.09 0.12 0.09 1.00 0.51 1.00 0.65 1.00 0.45 0.76 0.45 1.00 0.28 0.42 0.28 1.00 0.34 0.69 0.42 1.00 0.51 1.00 0.65 1.00 0.31 0.60 0.33 1.00 0.45 0.76 0.45 1.00 0.08 0.13 0.08 1.00 0.11 0.20 0.11 1.00 0.33 0.74 0.37 1.00 0.38 0.64 0.38 1.00 0.14 0.22 0.14 1.00 0.36 0.60 0.36 1.00 0.13 0.23 0.13 1.00 0.31 0.47 0.31 1.00 0.31 0.47 0.31 1.00 0.36 0.60 0.36 1.00 0.37 0.64 0.37 1.00 0.29 0.42 0.29 1.00 0.32 1.00 0.42 1.00 0.08 0.13 0.08 1.00 0.11 0.19 0.11 1.00 0.22 0.29 0.26 1.00 0.00 0.00 0.00 1.00 0.31 0.55 0.35 1.00 0.38 0.83 0.48 1.00 0.35 0.58 0.35 1.00 0.29 1.00 0.43 1.00 0.11 0.17 0.11 1.00 0.11 0.11 0.08 1.00 0.05 0.05 0.04 1.00 0.11 0.11 0.08 1.00 0.11 0.20 0.10 1.00 0.11 0.11 0.08 1.00 0.11 0.11 0.08 1.00 0.29 0.43 0.29 1.00 0.22 0.31 0.28 1.00 0.19 0.20 0.20 1.00 0.19 0.19 0.19 1.00 0.21 0.25 0.24 1.00 0.45 1.00 0.59 1.00 0.10 0.51 0.17 1.00 0.00 0.00 0.00 1.00 0.29 0.82 0.36 1.00 0.11 0.16 0.09 1.00 0.13 0.21 0.13 1.00 0.31 0.47 0.31 1.00 0.08 0.13 0.08 1.00 0.35 0.58 0.35 1.00 0.23 0.31 0.28 1.00 0.08 0.08 0.08 1.00 0.15 0.23 0.15 1.00 0.00 0.01 0.00 1.00 0.00 0.00 0.00 1.00 0.04 0.07 0.04 1.00 0.13 0.23 0.13 1.00 0.05 0.05 0.04 1.00 0.19 0.19 0.19 1.00 0.19 0.19 0.19 1.00 0.19 0.19 0.19 1.00 0.19 0.19 0.19 1.00 0.08 0.08 0.08 1.00 0.19 0.19 0.19 1.00 0.21 0.50 0.25 1.00 0.21 0.50 0.25 1.00 0.21 0.50 0.25 1.00 0.21 0.50 0.25 1.00 0.14 0.44 0.26 1.00 0.19 1.00 0.47 1.00 0.14 0.49 0.28 1.00 0.19 1.00 0.49 1.00 0.17 0.55 0.29 1.00 0.14 0.77 0.36 1.00 0.19 0.40 0.25 1.00 0.19 0.67 0.33 1.00 0.25 0.87 0.36 1.00 0.19 0.35 0.24 1.00 0.24 1.00 0.49 1.00 0.19 0.77 0.36 1.00 0.14 0.49 0.28 1.00 0.14 0.87 0.39 1.00 0.19 0.54 0.29 1.00 0.19 0.64 0.32 1.00 0.19 0.75 0.35 1.00 0.19 0.87 0.39 1.00 0.19 0.64 0.32 1.00 0.19 0.80 0.37 1.00 0.19 0.44 0.27 1.00 0.20 0.89 0.37 1.00 0.20 1.00 0.47 1.00 0.14 0.97 0.42 1.00 0.14 0.59 0.31 1.00 0.17 1.00 0.43 1.00 0.19 0.33 0.23 1.00 0.19 0.43 0.26 1.00 0.14 0.68 0.33 1.00 0.14 0.82 0.38 1.00 0.14 0.67 0.33 1.00 0.14 0.97 0.42 1.00 0.19 0.82 0.37 1.00 0.25 0.85 0.36 1.00 0.19 0.67 0.33 1.00 0.24 0.31 0.24 1.00 0.19 0.38 0.25 1.00 0.19 0.20 0.19 1.00 0.19 0.59 0.31 1.00 0.19 0.39 0.25 1.00 0.19 0.56 0.30 1.00 0.19 0.51 0.28 1.00 0.19 0.47 0.27 1.00 0.19 0.54 0.29 1.00 0.19 0.39 0.25 1.00 0.19 0.23 0.20 1.00 0.19 0.33 0.23 1.00 0.19 0.36 0.24 1.00 0.25 0.41 0.27 1.00 0.28 1.00 0.42 1.00 0.19 0.75 0.35 1.00 0.19 0.67 0.33 1.00 0.19 1.00 0.45 1.00 0.28 0.47 0.29 1.00 0.24 1.00 0.47 1.00 0.30 1.00 0.50 1.00 0.27 0.47 0.29 1.00 0.29 1.00 0.49 1.00 0.14 0.60 0.31 1.00 0.14 0.86 0.39 1.00 0.27 1.00 0.53 1.00 0.14 0.95 0.42 1.00 0.30 1.00 0.54 1.00 0.14 1.00 0.44 1.00 0.19 0.67 0.33 1.00 0.19 0.56 0.30 1.00 0.19 0.51 0.28 1.00 0.19 0.44 0.26 1.00 0.26 0.58 0.31 1.00 0.19 0.75 0.36 1.00 0.27 0.69 0.33 1.00 0.19 0.62 0.32 1.00 0.19 1.00 0.47 1.00 0.25 1.00 0.58 1.00 0.28 0.41 0.28 1.00 0.31 1.00 0.59 1.00 0.14 0.95 0.42 1.00 0.14 0.60 0.31 1.00 0.14 0.88 0.39 1.00 0.14 1.00 0.44 1.00 0.19 0.67 0.33 1.00 0.19 0.47 0.27 1.00 0.19 0.67 0.33 1.00 0.19 0.63 0.32 1.00 0.19 0.75 0.36 1.00 0.19 0.75 0.35 1.00 0.19 0.80 0.37 1.00 0.19 0.59 0.31 1.00 0.19 1.00 0.45 1.00 0.19 1.00 0.47 1.00 0.19 1.00 0.47 1.00 0.27 1.00 0.65 1.00 0.28 0.41 0.28 1.00 0.19 1.00 0.47 1.00 0.30 1.00 0.55 1.00 0.24 1.00 0.48 1.00 0.14 0.95 0.42 1.00 0.14 0.66 0.33 1.00 0.27 1.00 0.53 1.00 0.29 1.00 0.56 1.00 0.14 0.60 0.31 1.00 0.27 0.47 0.29 1.00 0.14 0.74 0.35 1.00 0.29 1.00 0.56 1.00 0.19 0.19 0.19 1.00 0.19 0.40 0.25 1.00 0.19 0.67 0.33 1.00 0.19 0.63 0.32 1.00 0.19 1.00 0.47 1.00 0.19 1.00 0.45 1.00 0.27 1.00 0.69 1.00 0.19 1.00 0.46 1.00 0.14 0.60 0.31 1.00 0.14 0.90 0.40 1.00 0.14 0.95 0.42 1.00 0.14 1.00 0.45 1.00 0.19 0.75 0.35 1.00 0.25 0.41 0.27 1.00 0.19 0.62 0.31 1.00 0.26 0.81 0.35 1.00 0.28 0.47 0.29 1.00 0.30 1.00 0.53 1.00 0.19 1.00 0.45 1.00 0.25 1.00 0.53 1.00 0.19 0.46 0.27 1.00 0.19 0.19 0.19 1.00 0.19 0.43 0.26 1.00 0.19 0.30 0.22 1.00 0.19 0.75 0.36 1.00 0.19 0.70 0.34 1.00 0.26 0.58 0.31 1.00 0.28 0.76 0.35 1.00 0.19 0.19 0.19 1.00 0.19 0.39 0.25 1.00 0.19 0.23 0.20 1.00 0.19 0.49 0.27 1.00 0.19 0.75 0.35 1.00 0.19 0.51 0.28 1.00 0.19 0.75 0.36 1.00 0.19 0.62 0.31 1.00 0.19 0.32 0.23 1.00 0.19 0.44 0.26 1.00 0.23 0.55 0.29 1.00 0.19 0.70 0.34 1.00 0.21 1.00 0.65 1.00 0.21 0.69 0.33 1.00 0.21 0.78 0.35 1.00 0.21 1.00 0.58 1.00 0.19 1.00 0.45 1.00 0.14 0.73 0.35 1.00 0.19 0.70 0.34 1.00 0.19 0.26 0.21 1.00 0.27 0.66 0.33 1.00 0.19 0.89 0.40 1.00 0.27 1.00 0.61 1.00 0.26 1.00 0.43 1.00 0.14 0.93 0.41 1.00 0.14 0.65 0.33 1.00 0.19 0.66 0.33 1.00 0.19 0.46 0.27 1.00 0.19 0.63 0.32 1.00 0.19 0.71 0.34 1.00 0.19 0.70 0.34 1.00 0.19 0.91 0.40 1.00 0.21 0.69 0.34 1.00 0.21 1.00 0.68 1.00 0.21 1.00 0.67 1.00 0.21 0.97 0.39 1.00 0.14 0.97 0.42 1.00 0.19 0.63 0.31 1.00 0.19 0.45 0.27 1.00 0.19 0.46 0.27 1.00 0.14 0.87 0.39 1.00 0.14 1.00 0.49 1.00 0.14 1.00 0.47 1.00 0.14 0.97 0.42 1.00 0.19 0.60 0.31 1.00 0.27 0.75 0.35 1.00 0.26 0.49 0.29 1.00 0.27 1.00 0.66 1.00 0.19 0.21 0.19 1.00 0.19 0.53 0.29 1.00 0.19 0.48 0.27 1.00 0.24 0.42 0.26 1.00 0.19 0.19 0.19 1.00 0.19 0.26 0.21 1.00 0.19 0.19 0.19 1.00 0.19 0.19 0.19 1.00 0.19 0.19 0.19 1.00 0.19 0.19 0.19 1.00 0.19 0.19 0.19 1.00 0.19 0.19 0.19 1.00 0.24 0.82 0.47 1.00 0.24 0.69 0.43 1.00 0.19 0.19 0.19 1.00 0.19 0.19 0.19 1.00 0.24 0.85 0.36 1.00 0.13 0.13 0.13 1.00 0.27 0.45 0.29 1.00 0.25 1.00 0.46 1.00 0.24 0.31 0.24 1.00 0.25 1.00 0.47 1.00 0.19 0.19 0.19 1.00 0.28 1.00 0.43 1.00 0.28 0.85 0.36 1.00 0.13 0.13 0.13 1.00 0.13 0.13 0.13 1.00 0.43 0.78 0.43 1.00 0.36 0.60 0.36 1.00 0.35 0.58 0.35 1.00 0.31 0.49 0.31 1.00 0.44 0.79 0.44 1.00 0.35 0.59 0.35 1.00 0.39 0.68 0.39 1.00 0.33 0.54 0.33 1.00 0.35 0.58 0.35 1.00 0.38 0.65 0.38 1.00 0.50 0.94 0.50 1.00 0.27 0.40 0.27 1.00 0.19 0.19 0.19 1.00 0.28 0.41 0.28 1.00 0.19 0.19 0.19 1.00 0.09 0.13 0.12 1.00 0.09 0.13 0.12 1.00 0.25 0.40 0.35 1.00 0.25 0.39 0.35 1.00 0.38 0.87 0.52 1.00 0.27 0.39 0.27 1.00 0.37 0.63 0.37 1.00 0.49 0.91 0.49 1.00 0.28 0.94 0.39 1.00 0.26 0.70 0.33 1.00 0.21 0.26 0.24 1.00 0.27 0.45 0.40 1.00 0.26 0.43 0.37 1.00 0.25 0.38 0.34 1.00 0.19 0.19 0.19 1.00 0.08 0.08 0.08 1.00 0.22 0.29 0.26 1.00 0.09 0.11 0.11 1.00 0.22 0.29 0.26 1.00 0.19 0.19 0.19 1.00 0.22 0.31 0.28 1.00 0.19 0.19 0.19 1.00 0.09 0.13 0.12 1.00 0.09 0.13 0.12 1.00 0.13 0.13 0.13 1.00 0.13 0.13 0.13 1.00 0.31 0.49 0.31 1.00 0.13 0.13 0.13 1.00 0.13 0.13 0.13 1.00 0.34 0.55 0.34 1.00 0.28 0.42 0.28 1.00 0.45 0.81 0.45 1.00 0.39 0.68 0.39 1.00 0.44 0.80 0.44 1.00 0.19 0.19 0.19 1.00 0.09 0.13 0.12 1.00 0.08 0.08 0.08 1.00 0.28 0.40 0.28 1.00 0.19 0.19 0.19 1.00 0.09 0.13 0.12 1.00 0.09 0.13 0.12 1.00 0.09 0.13 0.12 1.00 0.19 0.19 0.19 1.00 0.13 0.13 0.13 1.00 0.13 0.13 0.13 1.00 0.13 0.13 0.13 1.00 0.09 0.13 0.12 1.00 0.25 0.35 0.25 1.00 0.19 0.19 0.19 1.00 0.26 1.00 0.41 1.00 0.26 0.91 0.37 1.00 0.13 0.13 0.13 1.00 0.08 0.08 0.08 1.00 0.25 0.35 0.25 1.00 0.26 1.00 0.46 1.00 0.13 0.13 0.13 1.00 0.19 0.19 0.19 1.00 0.19 0.19 0.19 1.00 0.22 0.30 0.27 1.00 0.19 0.19 0.19 1.00 0.09 0.11 0.11 1.00 0.23 0.31 0.28 1.00 0.22 0.29 0.27 1.00 0.19 0.19 0.19 1.00 0.08 0.08 0.08 1.00 0.20 0.22 0.22 1.00 0.20 0.21 0.21 1.00 0.08 0.08 0.08 1.00 0.22 0.28 0.26 1.00 0.22 0.28 0.26 1.00 0.22 0.29 0.27 1.00 0.22 0.30 0.27 1.00 0.29 1.00 0.68 1.00 0.30 1.00 0.62 1.00 0.24 1.00 0.55 1.00 0.25 1.00 0.55 1.00 0.28 1.00 0.65 1.00 0.21 1.00 0.76 1.00 0.32 1.00 0.76 1.00 0.35 1.00 0.85 1.00 0.38 1.00 0.93 1.00 0.40 1.00 0.97 1.00 0.41 1.00 0.98 1.00 0.40 1.00 0.96 1.00 0.38 1.00 0.91 1.00 0.35 1.00 0.82 1.00 0.32 1.00 0.75 1.00 0.28 1.00 0.69 1.00 0.25 1.00 0.60 1.00 0.24 1.00 0.55 1.00 0.23 1.00 0.54 1.00 0.29 1.00 0.59 1.00 0.32 1.00 0.76 1.00 0.34 1.00 0.82 1.00 0.36 1.00 0.87 1.00 0.37 1.00 0.92 1.00 0.38 1.00 0.95 1.00 0.39 1.00 0.97 1.00 0.38 1.00 0.96 1.00 0.38 1.00 0.93 1.00 0.36 1.00 0.80 1.00 0.34 1.00 0.81 1.00 0.32 1.00 0.52 1.00 0.30 1.00 0.56 1.00 0.29 1.00 0.67 1.00 0.20 0.22 0.22 1.00 0.22 0.28 0.26 1.00 0.20 0.23 0.22 1.00 0.19 0.19 0.19 1.00 0.22 0.28 0.26 1.00 0.19 0.19 0.19 1.00 0.22 0.29 0.27 1.00 0.19 0.19 0.19 1.00 0.22 0.30 0.27 1.00 0.20 0.21 0.21 1.00 0.19 0.19 0.19 1.00 0.20 0.21 0.21 1.00 0.20 0.23 0.22 1.00 0.19 0.19 0.19 1.00 0.19 0.19 0.19 1.00 0.19 0.19 0.19 1.00 0.19 0.19 0.19 1.00 0.23 0.33 0.29 1.00 0.22 0.31 0.28 1.00 0.19 0.19 0.19 1.00 0.19 0.19 0.19 1.00 0.22 0.30 0.27 1.00 0.19 0.19 0.19 1.00 0.19 0.19 0.19 1.00 0.19 0.19 0.19 1.00 0.32 1.00 0.44 1.00 0.31 1.00 0.48 1.00 0.09 0.27 0.12 1.00 0.31 1.00 0.48 1.00 0.09 0.29 0.12 1.00 0.31 1.00 0.48 1.00 0.28 1.00 0.46 1.00 0.09 0.26 0.11 1.00 0.09 0.29 0.12 1.00 0.36 1.00 0.63 1.00 0.06 0.13 0.08 1.00 0.23 0.73 0.33 1.00 0.24 1.00 0.40 1.00 0.23 0.73 0.33 1.00 0.19 0.56 0.30 1.00 0.06 0.12 0.08 1.00 0.06 0.11 0.07 1.00 0.24 1.00 0.40 1.00 0.24 0.89 0.37 1.00 0.06 0.11 0.08 1.00 0.06 0.11 0.08 1.00 0.24 0.89 0.37 1.00 0.08 0.20 0.10 1.00 0.27 1.00 0.41 1.00 0.28 1.00 0.48 1.00 0.35 1.00 0.58 1.00 0.28 0.89 0.38 1.00 0.10 0.30 0.13 1.00 0.10 0.30 0.13 1.00 0.35 1.00 0.58 1.00 0.38 1.00 0.64 1.00 0.11 0.38 0.15 1.00 0.31 1.00 0.48 1.00 0.09 0.31 0.13 1.00 0.36 1.00 0.63 1.00 0.09 0.31 0.13 1.00 0.09 0.31 0.13 1.00 0.36 1.00 0.62 1.00 0.28 1.00 0.48 1.00 0.24 0.98 0.39 1.00 0.24 0.98 0.39 1.00 0.19 0.58 0.31 1.00 0.24 0.95 0.38 1.00 0.24 0.95 0.38 1.00 0.28 1.00 0.47 1.00 0.35 1.00 0.61 1.00 0.35 1.00 0.61 1.00 0.38 1.00 0.66 1.00 0.36 1.00 0.62 1.00 0.38 1.00 0.66 1.00 0.34 1.00 0.52 1.00 0.36 1.00 0.56 1.00 0.33 1.00 1.00 1.00 0.29 1.00 0.41 1.00 0.34 1.00 0.52 1.00 0.20 0.42 0.25 1.00 0.28 1.00 0.41 1.00 0.21 0.57 0.29 1.00 0.20 0.42 0.25 1.00 0.19 0.31 0.22 1.00 0.21 0.57 0.29 1.00 0.19 0.41 0.25 1.00 0.20 0.36 0.24 1.00 0.21 0.54 0.29 1.00 0.20 0.36 0.24 1.00 0.28 0.88 0.38 1.00 0.21 0.54 0.29 1.00 0.28 0.97 0.40 1.00 0.33 1.00 0.49 1.00 0.38 1.00 0.58 1.00 0.33 1.00 0.49 1.00 0.33 1.00 0.50 1.00 0.34 1.00 0.52 1.00 0.27 0.82 0.36 1.00 0.27 1.00 0.41 1.00 0.28 0.89 0.38 1.00 0.08 0.20 0.10 1.00 0.23 0.73 0.33 1.00 0.19 0.41 0.25 1.00 0.06 0.13 0.08 1.00 0.06 0.12 0.08 1.00 0.28 1.00 0.48 1.00 0.36 1.00 0.62 1.00 0.34 1.00 0.52 1.00 0.36 1.00 0.62 1.00 0.24 0.98 0.39 1.00 0.24 0.98 0.39 1.00 0.19 0.58 0.31 1.00 0.24 0.95 0.38 1.00 0.28 1.00 0.47 1.00 0.24 0.95 0.38 1.00 0.35 1.00 0.61 1.00 0.33 1.00 0.50 1.00 0.35 1.00 0.61 1.00 0.10 0.14 0.10 1.00 0.37 1.00 0.45 1.00 0.35 0.56 0.35 1.00 0.09 0.14 0.09 1.00 0.08 0.13 0.11 1.00 0.08 0.12 0.11 1.00 0.09 0.15 0.13 1.00 0.22 0.28 0.26 1.00 0.11 0.25 0.16 1.00 0.22 0.28 0.26 1.00 0.34 0.70 0.45 1.00 0.08 0.11 0.10 1.00 0.10 0.16 0.11 1.00 0.22 0.30 0.27 1.00 0.40 0.56 0.50 1.00 0.08 0.06 0.15 1.00 0.08 0.06 0.15 1.00 0.62 1.00 1.00 1.00 0.58 1.00 0.94 1.00 0.25 0.39 0.34 1.00 0.25 0.38 0.34 1.00 0.25 0.40 0.35 1.00 0.22 0.31 0.28 1.00 0.08 0.06 0.15 1.00 0.22 0.29 0.26 1.00 0.26 0.40 0.35 1.00 0.25 0.39 0.34 1.00 0.25 0.38 0.34 1.00 0.22 0.29 0.26 1.00 </float_array>
                    <technique_common>
                        <accessor source="#geom-0393DBE7-colors-array" count="758" stride="4">
                            <param name="R" type="float" />
                            <param name="G" type="float" />
                            <param name="B" type="float" />
                            <param name="A" type="float" />
                        </accessor>
                    </technique_common>
                </source>
                <vertices id="geom-0393DBE7-vtx">
                    <input semantic="POSITION" source="#geom-0393DBE7-pos" />
                </vertices>
                <triangles count="432" material="material-013B17E9-symbol">
                    <input semantic="VERTEX" source="#geom-0393DBE7-vtx" offset="0" />
                    <input semantic="TEXCOORD" source="#geom-0393DBE7-texcoord" offset="0" />
                    <input semantic="COLOR" source="#geom-0393DBE7-colors" offset="0" />
                    <p>0 1 2 2 54 0 52 54 2 52 53 54 54 53 55 55 53 71 71 53 72 71 72 18 71 18 17 16 17 18 16 18 19 1 3 2 4 5 6 4 7 5 6 5 8 5 9 8 10 11 12 14 11 10 14 15 11 11 13 12 20 21 22 22 80 20 22 122 80 80 122 85 85 81 80 85 87 81 85 86 87 85 150 86 123 150 85 123 85 124 123 124 153 27 150 123 26 150 27 26 27 28 125 26 28 29 26 125 125 126 29 126 127 29 25 127 126 25 144 127 25 24 144 23 24 25 21 141 23 21 84 141 20 84 21 20 83 84 80 83 20 80 82 83 80 81 82 29 30 31 29 31 88 29 88 26 26 88 89 89 151 26 151 150 26 151 152 150 152 86 150 32 33 34 32 34 36 36 34 37 36 37 38 38 37 39 34 33 35 35 33 134 134 33 135 40 41 42 40 42 132 132 42 133 132 133 73 73 133 74 73 74 75 42 41 43 43 41 136 43 136 137 137 136 147 44 45 46 44 77 45 76 77 44 46 45 47 48 49 50 50 49 51 50 51 78 78 51 79 56 57 58 56 58 60 60 58 61 60 61 62 62 61 63 58 57 59 59 57 128 128 57 129 64 65 66 155 65 64 64 139 155 155 139 138 138 139 140 138 140 67 67 140 68 67 68 69 69 68 70 90 91 92 111 90 92 109 90 111 110 109 111 108 109 110 115 108 110 113 108 115 114 113 115 112 113 114 117 112 114 116 112 117 107 116 117 106 116 107 105 106 107 103 106 105 104 103 105 102 103 104 121 102 104 120 102 121 101 120 121 100 120 101 99 100 101 97 100 99 98 97 99 96 97 98 119 96 98 118 96 119 95 118 119 94 118 95 93 94 95 91 94 93 92 91 93 66 65 130 130 65 131 130 131 145 145 131 146 23 141 142 143 142 24 125 28 148 28 27 154 124 122 149 85 122 124 127 144 30 127 30 29 </p>
                </triangles>
            </mesh>
        </geometry>
        <geometry id="geom-0032BB20" name="geom-0032BB20">
            <mesh>
                <source id="geom-0032BB20-pos">
                    <float_array id="geom-0032BB20-pos-array" count="1806">1825.88 110.00 2462.20 1843.20 110.00 2452.20 1805.88 110.00 2427.56 1823.20 110.00 2417.56 1929.80 110.00 2402.20 1947.12 110.00 2392.20 1909.80 110.00 2367.56 1927.12 110.00 2357.56 1843.20 110.00 2452.20 1825.88 110.00 2462.20 1863.20 110.00 2486.84 1845.88 110.00 2496.84 1947.12 110.00 2392.20 1929.80 110.00 2402.20 1967.12 110.00 2426.84 1949.80 110.00 2436.84 1885.88 110.00 2566.12 1903.20 110.00 2556.12 1865.88 110.00 2531.48 1883.20 110.00 2521.48 1989.80 110.00 2506.12 2007.12 110.00 2496.12 1969.80 110.00 2471.48 1987.12 110.00 2461.48 1863.20 110.00 2486.84 1845.88 110.00 2496.84 1883.20 110.00 2521.48 1865.88 110.00 2531.48 1967.12 110.00 2426.84 1949.80 110.00 2436.84 1987.12 110.00 2461.48 1969.80 110.00 2471.48 1852.07 110.00 2400.89 1823.20 110.00 2417.56 1872.07 110.00 2435.53 1843.20 110.00 2452.20 1969.80 110.00 2471.48 1940.93 110.00 2488.14 1989.80 110.00 2506.12 1960.93 110.00 2522.78 1929.80 110.00 2402.20 1900.93 110.00 2418.86 1949.80 110.00 2436.84 1920.93 110.00 2453.50 1900.93 110.00 2418.86 1920.93 110.00 2453.50 1892.07 110.00 2470.17 1892.07 110.00 2470.17 1863.20 110.00 2486.84 1912.07 110.00 2504.81 1883.20 110.00 2521.48 1909.80 110.00 2367.56 1880.93 110.00 2384.22 1880.93 110.00 2384.22 1912.07 110.00 2504.81 1883.20 110.00 2521.48 1932.07 110.00 2539.45 1903.20 110.00 2556.12 1940.93 110.00 2488.14 1960.93 110.00 2522.78 1920.93 110.00 2453.50 1940.93 110.00 2488.14 1863.20 110.00 2486.84 1949.80 110.00 2436.84 1920.93 110.00 2453.50 1969.80 110.00 2471.48 1940.93 110.00 2488.14 1791.16 350.00 2742.05 1731.16 350.00 2638.13 1836.62 410.00 2715.80 1776.62 410.00 2611.88 1775.08 350.00 2474.20 1799.65 410.00 2529.30 1753.12 350.00 2556.17 1824.64 470.00 2584.16 2053.36 470.00 2452.10 2018.35 410.00 2403.03 2101.38 410.00 2424.38 2114.24 470.00 2555.52 2161.38 410.00 2528.30 2206.85 350.00 2502.05 2146.85 350.00 2398.13 1730.08 350.00 2396.26 1775.54 350.00 2370.01 1820.54 350.00 2447.96 1937.46 350.00 2380.46 1967.46 410.00 2432.42 2057.46 470.00 2588.30 1997.46 470.00 2484.38 2221.38 410.00 2632.22 2266.85 350.00 2605.98 2175.91 470.00 2658.48 2117.46 470.00 2692.22 1896.62 410.00 2819.72 1942.09 470.00 2793.48 1883.76 470.00 2688.59 1789.00 350.00 2258.32 1847.46 350.00 2224.57 1834.00 350.00 2336.26 1892.46 350.00 2302.51 1879.00 350.00 2414.20 1999.00 470.00 2622.05 2059.00 470.00 2725.98 1940.54 470.00 2655.80 2000.54 470.00 2759.72 1939.00 470.00 2518.13 1880.54 470.00 2551.88 1909.00 410.00 2466.17 1850.54 410.00 2499.92 1937.92 350.00 2276.26 1892.92 350.00 2198.32 1982.92 350.00 2354.20 2028.23 470.00 2605.18 1968.23 470.00 2501.25 1938.23 410.00 2449.29 2064.88 350.00 2376.17 1851.16 350.00 2845.98 1796.10 350.00 2314.38 1781.43 350.00 2318.88 1759.27 350.00 2341.82 1724.54 350.00 2323.66 1685.08 350.00 2318.32 1711.20 350.00 2303.24 2126.08 431.59 2724.65 2154.98 431.59 2693.86 2126.08 390.91 2724.65 2154.98 390.91 2693.86 2126.07 276.59 2724.65 2154.98 276.59 2693.86 2126.07 235.91 2724.65 2154.98 235.91 2693.86 1983.20 199.09 2793.04 2024.32 199.09 2783.40 1983.20 158.41 2793.04 2024.32 158.41 2783.40 1983.20 354.09 2793.04 2024.32 354.09 2783.40 1983.20 313.41 2793.04 2024.32 313.41 2783.40 2060.60 199.09 2769.17 2095.60 199.09 2748.96 2060.60 158.41 2769.17 2095.60 158.41 2748.96 2060.60 354.09 2769.17 2095.60 354.09 2748.96 2060.60 313.41 2769.17 2095.60 313.41 2748.96 1983.20 276.59 2793.04 2024.32 276.59 2783.40 1983.20 235.91 2793.04 2024.32 235.91 2783.40 2126.08 199.09 2724.65 2154.98 199.09 2693.86 2126.08 158.41 2724.65 2154.98 158.41 2693.86 2060.60 276.59 2769.17 2095.60 276.59 2748.96 2060.60 235.91 2769.17 2095.60 235.91 2748.96 2126.07 354.09 2724.65 2154.98 354.09 2693.86 2126.07 313.41 2724.65 2154.98 313.41 2693.86 1983.20 431.59 2793.04 2024.32 431.59 2783.40 1983.20 390.91 2793.04 2024.32 390.91 2783.40 2060.60 431.59 2769.17 2095.60 431.59 2748.96 2060.60 390.91 2769.17 2095.60 390.91 2748.96 2108.04 450.00 2733.92 2163.09 450.00 2675.28 2106.90 446.12 2727.34 2156.45 446.12 2674.56 2163.09 372.50 2675.28 2156.45 376.38 2674.56 2108.04 372.50 2733.92 2106.90 376.38 2727.34 2108.04 295.00 2733.92 2163.09 295.00 2675.28 2106.90 291.12 2727.34 2156.45 291.12 2674.56 2163.09 217.50 2675.28 2156.45 221.37 2674.56 2108.04 217.50 2733.92 2106.90 221.37 2727.34 1963.06 217.50 2790.77 2041.36 217.50 2772.42 1965.75 213.62 2784.66 2036.23 213.62 2768.14 2041.36 140.00 2772.42 2036.23 143.88 2768.14 1963.06 140.00 2790.77 1965.75 143.88 2784.66 1963.06 372.50 2790.77 2041.36 372.50 2772.42 1965.75 368.62 2784.66 2036.23 368.62 2768.14 2041.36 295.00 2772.42 2036.23 298.88 2768.14 1963.06 295.00 2790.77 1965.75 298.88 2784.66 2041.36 217.50 2772.42 2108.04 217.50 2733.92 2042.03 213.62 2765.88 2102.04 213.62 2731.23 2108.04 140.00 2733.92 2102.04 143.88 2731.23 2041.36 140.00 2772.42 2042.03 143.88 2765.88 2041.36 372.50 2772.42 2108.04 372.50 2733.92 2042.03 368.62 2765.88 2102.04 368.62 2731.23 2108.04 295.00 2733.92 2102.04 298.88 2731.23 2041.36 295.00 2772.42 2042.03 298.88 2765.88 1963.06 295.00 2790.77 2041.36 295.00 2772.42 1965.75 291.12 2784.66 2036.23 291.12 2768.14 2041.36 217.50 2772.42 2036.23 221.38 2768.14 1963.06 217.50 2790.77 1965.75 221.38 2784.66 2108.04 217.50 2733.92 2163.09 217.50 2675.28 2106.90 213.63 2727.34 2156.45 213.63 2674.56 2163.09 140.00 2675.28 2156.45 143.88 2674.56 2108.04 140.00 2733.92 2106.90 143.88 2727.34 2041.36 295.00 2772.42 2108.04 295.00 2733.92 2042.03 291.12 2765.88 2102.04 291.12 2731.23 2108.04 217.50 2733.92 2102.04 221.38 2731.23 2041.36 217.50 2772.42 2042.03 221.38 2765.88 2108.04 372.50 2733.92 2163.09 372.50 2675.28 2106.90 368.62 2727.34 2156.45 368.62 2674.56 2163.09 295.00 2675.28 2156.45 298.88 2674.56 2108.04 295.00 2733.92 2106.90 298.88 2727.34 1963.06 450.00 2790.77 2041.36 450.00 2772.42 1965.75 446.12 2784.66 2036.23 446.12 2768.14 2041.36 372.50 2772.42 2036.23 376.38 2768.14 1963.06 372.50 2790.77 1965.75 376.38 2784.66 2041.36 450.00 2772.42 2108.04 450.00 2733.92 2042.03 446.12 2765.88 2102.04 446.12 2731.23 2108.04 372.50 2733.92 2102.04 376.38 2731.23 2041.36 372.50 2772.42 2042.03 376.38 2765.88 2114.34 435.66 2719.42 2149.02 435.66 2682.48 2149.02 386.84 2682.48 2114.34 386.84 2719.42 2114.34 280.66 2719.42 2149.02 280.66 2682.48 2149.02 231.84 2682.48 2114.34 231.84 2719.42 1976.32 203.16 2782.18 2025.66 203.16 2770.62 2025.66 154.34 2770.62 1976.32 154.34 2782.18 1976.32 358.16 2782.18 2025.66 358.16 2770.62 2025.66 309.34 2770.62 1976.32 309.34 2782.18 2051.03 203.16 2760.68 2093.04 203.16 2736.42 2093.04 154.34 2736.42 2051.03 154.34 2760.68 2051.03 358.16 2760.68 2093.04 358.16 2736.42 2093.04 309.34 2736.42 2051.03 309.34 2760.68 1976.32 280.66 2782.18 2025.66 280.66 2770.62 2025.66 231.84 2770.62 1976.32 231.84 2782.18 2114.34 203.16 2719.42 2149.02 203.16 2682.48 2149.02 154.34 2682.48 2114.34 154.34 2719.42 2051.03 280.66 2760.68 2093.04 280.66 2736.42 2093.04 231.84 2736.42 2051.03 231.84 2760.68 2114.34 358.16 2719.42 2149.02 358.16 2682.48 2149.02 309.34 2682.48 2114.34 309.34 2719.42 1976.32 435.66 2782.18 2025.66 435.66 2770.62 2025.66 386.84 2770.62 1976.32 386.84 2782.18 2051.03 435.66 2760.68 2093.04 435.66 2736.42 2093.04 386.84 2736.42 2051.03 386.84 2760.68 2126.08 431.59 2724.65 2154.98 431.59 2693.86 2154.98 390.91 2693.86 2126.08 390.91 2724.65 2093.04 231.84 2736.42 2095.60 235.91 2748.96 2177.94 450.00 2661.98 2224.90 390.00 2634.86 2177.94 390.00 2661.98 2271.86 330.00 2607.75 2224.90 330.00 2634.86 2177.94 330.00 2661.98 1944.11 390.49 2796.98 1944.11 330.00 2796.98 1897.15 390.00 2824.09 1897.15 330.00 2824.09 1897.15 250.00 2824.09 1850.19 330.00 2851.20 1850.19 250.00 2851.20 1727.45 250.00 2638.62 1788.82 250.00 2744.91 1727.45 170.00 2638.62 1788.82 170.00 2744.91 2149.12 250.00 2395.16 2210.49 250.00 2501.46 2149.12 330.00 2395.16 2210.49 330.00 2501.46 2149.12 170.00 2395.16 2067.16 170.00 2373.20 2067.16 250.00 2373.20 1985.20 250.00 2351.24 1940.81 250.00 2273.77 1985.20 170.00 2351.24 1940.81 170.00 2273.77 1681.57 170.00 2320.34 1681.57 250.00 2320.34 1726.47 170.00 2397.52 1726.47 250.00 2397.52 1771.37 170.00 2474.69 1771.37 250.00 2474.69 1749.41 170.00 2556.66 1749.41 250.00 2556.66 2224.90 250.00 2634.86 2177.94 250.00 2661.98 1789.00 230.00 2258.32 1832.30 230.00 2233.32 1788.65 250.00 2257.71 1849.27 250.00 2222.71 1728.38 170.00 2293.32 1685.08 170.00 2318.32 1719.14 110.00 2298.20 1685.08 110.00 2318.32 1857.94 110.00 2217.86 1849.62 170.00 2223.32 1832.06 110.00 2232.90 1832.30 170.00 2233.32 1681.57 250.00 2320.34 1681.57 170.00 2320.34 2271.86 250.00 2607.75 2271.86 170.00 2607.75 2210.49 170.00 2501.46 1850.19 250.00 2851.20 1850.19 330.00 2851.20 1788.82 330.00 2744.91 1985.20 330.00 2351.24 2067.16 330.00 2373.20 1727.45 330.00 2638.62 1749.41 330.00 2556.66 1940.81 330.00 2273.77 1896.43 250.00 2196.30 1895.02 329.94 2193.85 1771.37 330.00 2474.69 1726.47 330.00 2397.52 1896.43 250.00 2196.30 1892.92 170.00 2198.32 1896.43 170.00 2196.30 2224.90 170.00 2634.86 2271.86 170.00 2607.75 2271.86 250.00 2607.75 2271.86 330.00 2607.75 1896.43 170.00 2196.30 1944.11 170.00 2796.98 1897.15 170.00 2824.09 1944.11 203.16 2796.98 1944.11 250.00 2796.98 1850.19 170.00 2851.20 1680.16 330.00 2317.90 2177.94 170.00 2661.98 2177.94 203.16 2661.98 1850.19 170.00 2851.20 1728.03 250.00 2292.71 1745.70 170.00 2283.32 1745.46 110.00 2282.90 1745.70 230.00 2283.32 1892.92 110.00 2198.32 1787.59 330.00 2255.88 1846.32 330.00 2221.97 1944.11 450.00 2796.98 1895.02 329.94 2193.85 1728.62 311.72 2290.48 1723.25 330.00 2293.02 1680.16 330.00 2317.90 1750.95 301.48 2277.90 1753.42 313.73 2276.10 1764.80 315.85 2269.46 1776.23 330.00 2262.44 2038.83 136.67 2667.08 2044.23 136.67 2656.13 2037.64 140.00 2666.17 2042.78 140.00 2655.74 2043.54 140.00 2644.14 2014.00 137.61 2648.03 2039.81 140.00 2633.13 2032.14 140.00 2624.39 2021.71 140.00 2619.25 2010.11 140.00 2618.49 1999.10 140.00 2622.22 1990.36 140.00 2629.89 1985.22 140.00 2640.32 1984.46 140.00 2651.92 1988.19 140.00 2662.93 1995.86 140.00 2671.67 2006.29 140.00 2676.82 2017.89 140.00 2677.58 2028.90 140.00 2673.84 2029.65 136.67 2675.14 2045.03 136.67 2643.95 2041.10 136.67 2632.38 2033.05 136.67 2623.20 2022.10 136.67 2617.80 2009.92 136.67 2617.00 1998.35 136.67 2620.93 1989.17 136.67 2628.98 1983.77 136.67 2639.93 1982.97 136.67 2652.12 1986.90 136.67 2663.68 1994.95 136.67 2672.86 2005.90 136.67 2678.26 2018.08 136.67 2679.06 1728.62 311.72 2290.48 1750.95 301.48 2277.90 1726.67 330.00 2267.76 1741.74 330.00 2249.82 1753.42 313.73 2276.10 1746.94 330.00 2258.14 1764.80 315.85 2269.46 1757.11 330.00 2254.56 1776.23 330.00 2262.44 1723.25 330.00 2293.02 1719.24 399.61 2181.26 1723.25 330.00 2293.02 1726.67 330.00 2267.76 1711.20 350.00 2303.24 1725.58 330.00 2294.94 1759.27 350.00 2341.82 1724.54 350.00 2323.66 1778.39 330.00 2264.45 1789.00 350.00 2258.32 1796.10 350.00 2314.38 1781.43 350.00 2318.88 1776.23 330.00 2262.44 1741.74 330.00 2249.82 1746.94 330.00 2258.14 1757.11 330.00 2254.56 1896.79 470.00 2621.02 1931.58 460.00 2633.27 1922.55 470.00 2639.63 1964.82 450.00 2634.86 1946.77 470.00 2647.59 1964.82 450.00 2634.86 1979.36 440.00 2668.03 1950.78 470.00 2684.53 1946.77 470.00 2647.59 1974.88 440.00 2638.28 1981.27 470.00 2707.34 2001.32 450.00 2698.08 2003.38 440.00 2687.65 2001.32 450.00 2698.08 2034.50 440.00 2683.54 2014.06 470.00 2716.13 2050.50 470.00 2711.25 2003.38 440.00 2687.65 2053.62 440.00 2658.65 2084.17 470.00 2667.56 2084.17 470.00 2667.56 2053.62 440.00 2658.65 2080.16 470.00 2630.62 2058.17 450.00 2622.53 2048.64 440.00 2628.03 2025.12 440.00 2609.28 2062.66 470.00 2600.31 2032.67 470.00 2578.36 2032.67 470.00 2578.36 2025.12 440.00 2609.28 1994.00 440.00 2613.39 1978.00 470.00 2585.68 1964.82 450.00 2634.86 1955.56 470.00 2614.80 1974.88 440.00 2638.28 1926.94 470.00 2623.24 1955.56 470.00 2614.80 1984.20 437.61 2640.41 1987.15 437.61 2663.53 2006.20 437.61 2678.52 2006.20 437.61 2678.52 2029.75 437.61 2675.31 2044.30 437.61 2656.52 2044.30 437.61 2656.52 2040.85 437.61 2632.53 2022.30 437.61 2618.41 2022.30 437.61 2618.41 1998.75 437.61 2621.62 1984.20 437.61 2640.41 1998.75 437.61 2621.62 1998.76 413.71 2644.04 2006.22 413.71 2634.56 2014.00 340.00 2648.03 2007.66 387.44 2651.79 2007.18 387.44 2646.26 2012.37 387.44 2655.26 1999.84 413.71 2656.36 2010.34 413.71 2664.09 2012.37 387.44 2655.26 2017.72 387.44 2654.48 2010.34 413.71 2664.09 2022.28 413.71 2662.37 2021.07 387.44 2650.23 2029.74 413.71 2652.89 2021.07 387.44 2650.23 2020.42 387.44 2644.42 2029.74 413.71 2652.89 2028.29 413.71 2639.93 2015.88 387.44 2641.24 2010.52 387.44 2642.01 2015.88 387.44 2641.24 2018.16 413.71 2632.84 2007.18 387.44 2646.26 2125.72 470.00 2583.53 2058.17 450.00 2622.53 2062.66 470.00 2600.31 2080.16 470.00 2630.62 2001.32 450.00 2698.08 1991.28 470.00 2754.68 1981.27 470.00 2707.34 2014.06 470.00 2716.13 1987.15 437.61 2663.53 1984.20 437.61 2640.41 1998.76 413.71 2644.04 1984.20 437.61 2640.41 2006.20 437.61 2678.52 2006.20 437.61 2678.52 2029.75 437.61 2675.31 2044.30 437.61 2656.52 2040.85 437.61 2632.53 2044.30 437.61 2656.52 2022.30 437.61 2618.41 2018.16 413.71 2632.84 2022.30 437.61 2618.41 1949.17 401.00 2433.74 1947.60 380.00 2445.03 1942.86 378.00 2410.82 1930.78 386.00 2425.88 1861.46 350.00 2375.83 1852.12 350.00 2339.66 1869.30 333.00 2379.40 1852.12 350.00 2339.66 1878.59 350.00 2377.49 1869.30 333.00 2379.40 1870.30 326.00 2411.14 1859.80 350.00 2392.96 1882.46 350.00 2412.20 1745.46 110.00 2282.90 1788.69 110.00 2257.86 1744.00 110.00 2261.00 1779.00 110.00 2241.00 1858.50 110.00 2379.00 1823.60 110.00 2318.43 1789.00 110.00 2419.00 1753.97 110.00 2358.43 1840.82 110.00 2268.22 1832.06 110.00 2232.90 1813.50 110.00 2221.00 1719.14 110.00 2298.20 1771.33 110.00 2308.24 1928.00 110.00 2339.00 1892.97 110.00 2278.43 1857.94 110.00 2217.86 </float_array>
                    <technique_common>
                        <accessor source="#geom-0032BB20-pos-array" count="602" stride="3">
                            <param name="X" type="float" />
                            <param name="Y" type="float" />
                            <param name="Z" type="float" />
                        </accessor>
                    </technique_common>
                </source>
                <source id="geom-0032BB20-texcoord">
                    <float_array id="geom-0032BB20-texcoord-array" count="1204">0.97 0.98 0.03 0.98 0.97 0.02 0.03 0.02 0.97 0.98 0.03 0.98 0.97 0.02 0.03 0.02 0.03 0.02 0.97 0.02 0.03 0.98 0.97 0.98 0.03 0.02 0.97 0.02 0.03 0.98 0.97 0.98 0.97 0.98 0.03 0.98 0.97 0.02 0.03 0.02 0.97 0.98 0.03 0.98 0.97 0.02 0.03 0.02 0.03 0.02 0.97 0.02 0.03 0.98 0.97 0.98 0.03 0.02 0.97 0.02 0.03 0.98 0.97 0.98 0.50 0.02 0.98 0.02 0.50 0.50 0.98 0.50 0.98 0.50 0.50 0.50 0.98 0.98 0.50 0.98 0.98 0.50 0.50 0.50 0.98 0.98 0.50 0.98 0.02 0.50 0.02 0.98 0.50 0.98 0.50 0.52 0.98 0.52 0.50 0.98 0.98 0.98 0.98 0.02 0.50 0.02 0.02 0.02 0.50 0.52 0.98 0.52 0.50 0.98 0.98 0.98 0.02 0.52 0.02 0.98 0.02 0.52 0.02 0.98 0.98 0.98 0.98 0.50 0.50 0.50 0.98 0.98 0.50 0.98 0.98 0.07 0.98 -0.14 0.85 0.07 0.85 -0.14 0.70 -0.42 0.70 -0.28 0.85 -0.28 0.70 -0.14 0.29 -0.14 0.29 -0.28 0.14 -0.14 0.29 0.07 0.14 0.07 0.00 0.07 0.00 -0.14 0.70 -0.56 0.60 -0.56 0.60 -0.42 0.39 -0.42 0.39 -0.28 0.39 0.07 0.39 -0.14 0.14 0.28 0.00 0.28 0.29 0.28 0.39 0.28 0.85 0.28 0.70 0.28 0.70 0.07 0.49 -0.70 0.39 -0.70 0.49 -0.56 0.39 -0.56 0.49 -0.42 0.49 0.07 0.49 0.28 0.60 0.07 0.60 0.28 0.49 -0.14 0.60 -0.14 0.49 -0.28 0.60 -0.28 0.29 -0.56 0.29 -0.70 0.29 -0.42 0.44 0.07 0.44 -0.14 0.44 -0.28 0.14 -0.28 0.98 0.28 0.53 -0.62 0.55 -0.63 0.60 -0.61 0.64 -0.67 0.70 -0.70 0.64 -0.70 0.71 0.71 0.28 0.71 0.71 0.28 0.28 0.28 0.71 0.71 0.28 0.71 0.71 0.28 0.28 0.28 0.71 0.71 0.28 0.71 0.71 0.28 0.28 0.28 0.71 0.71 0.28 0.71 0.71 0.28 0.28 0.28 0.71 0.71 0.28 0.71 0.71 0.28 0.28 0.28 0.71 0.71 0.28 0.71 0.71 0.28 0.28 0.28 0.71 0.71 0.28 0.71 0.71 0.28 0.28 0.28 0.71 0.71 0.28 0.71 0.71 0.28 0.28 0.28 0.71 0.71 0.28 0.71 0.71 0.28 0.28 0.28 0.71 0.71 0.28 0.71 0.71 0.28 0.28 0.28 0.71 0.71 0.28 0.71 0.71 0.28 0.28 0.28 0.71 0.71 0.28 0.71 0.71 0.28 0.28 0.28 0.98 0.98 0.01 0.98 0.93 0.93 0.06 0.93 0.01 0.01 0.06 0.06 0.98 0.01 0.93 0.06 0.98 0.98 0.01 0.98 0.93 0.93 0.06 0.93 0.01 0.01 0.06 0.06 0.98 0.01 0.93 0.06 0.98 0.98 0.01 0.98 0.93 0.93 0.06 0.93 0.01 0.01 0.06 0.06 0.98 0.01 0.93 0.06 0.98 0.98 0.01 0.98 0.93 0.93 0.06 0.93 0.01 0.01 0.06 0.06 0.98 0.01 0.93 0.06 0.98 0.98 0.01 0.98 0.93 0.93 0.06 0.93 0.01 0.01 0.06 0.06 0.98 0.01 0.93 0.06 0.98 0.98 0.01 0.98 0.93 0.93 0.06 0.93 0.01 0.01 0.06 0.06 0.98 0.01 0.93 0.06 0.98 0.98 0.01 0.98 0.93 0.93 0.06 0.93 0.01 0.01 0.06 0.06 0.98 0.01 0.93 0.06 0.98 0.98 0.01 0.98 0.93 0.93 0.06 0.93 0.01 0.01 0.06 0.06 0.98 0.01 0.93 0.06 0.98 0.98 0.01 0.98 0.93 0.93 0.06 0.93 0.01 0.01 0.06 0.06 0.98 0.01 0.93 0.06 0.98 0.98 0.01 0.98 0.93 0.93 0.06 0.93 0.01 0.01 0.06 0.06 0.98 0.01 0.93 0.06 0.98 0.98 0.01 0.98 0.93 0.93 0.06 0.93 0.01 0.01 0.06 0.06 0.98 0.01 0.93 0.06 0.98 0.98 0.01 0.98 0.93 0.93 0.06 0.93 0.01 0.01 0.06 0.06 0.98 0.01 0.93 0.06 0.81 0.81 0.19 0.81 0.19 0.19 0.81 0.19 0.81 0.81 0.19 0.81 0.19 0.19 0.81 0.19 0.81 0.81 0.19 0.81 0.19 0.19 0.81 0.19 0.81 0.81 0.19 0.81 0.19 0.19 0.81 0.19 0.81 0.81 0.19 0.81 0.19 0.19 0.81 0.19 0.81 0.81 0.19 0.81 0.19 0.19 0.81 0.19 0.81 0.81 0.19 0.81 0.19 0.19 0.81 0.19 0.81 0.81 0.19 0.81 0.19 0.19 0.81 0.19 0.81 0.81 0.19 0.81 0.19 0.19 0.81 0.19 0.81 0.81 0.19 0.81 0.19 0.19 0.81 0.19 0.81 0.81 0.19 0.81 0.19 0.19 0.81 0.19 0.81 0.81 0.19 0.81 0.19 0.19 0.81 0.19 0.71 0.71 0.28 0.71 0.28 0.28 0.71 0.28 0.19 0.19 0.28 0.28 0.27 0.13 0.17 0.03 0.27 0.03 0.07 -0.07 0.17 -0.07 0.27 -0.07 0.00 0.03 0.00 -0.07 0.10 0.03 0.10 -0.07 0.10 -0.20 0.20 -0.07 0.20 -0.20 0.40 0.02 0.20 0.02 0.40 -0.12 0.20 -0.12 0.58 0.02 0.78 0.02 0.58 0.15 0.78 0.15 0.58 -0.12 0.44 -0.12 0.44 0.02 0.30 0.02 0.15 0.02 0.30 -0.12 0.15 -0.12 0.98 -0.12 0.98 0.02 0.83 -0.12 0.83 0.02 0.68 -0.12 0.68 0.02 0.54 -0.12 0.54 0.02 0.17 -0.20 0.27 -0.20 0.20 0.02 0.28 0.02 0.20 0.05 0.31 0.05 0.09 -0.08 0.01 -0.08 0.07 -0.18 0.01 -0.18 0.33 -0.18 0.31 -0.08 0.28 -0.18 0.28 -0.08 0.00 0.05 0.00 -0.08 0.98 0.02 0.98 -0.12 0.78 -0.12 0.00 0.02 0.00 0.15 0.20 0.15 0.30 0.15 0.44 0.15 0.40 0.15 0.54 0.15 0.15 0.15 0.00 0.02 0.00 0.15 0.68 0.15 0.83 0.15 0.40 0.05 0.39 -0.08 0.40 -0.08 0.17 -0.33 0.07 -0.33 0.07 -0.20 0.98 0.15 0.00 -0.12 0.00 -0.33 0.10 -0.33 0.00 -0.28 0.00 -0.20 0.00 -0.12 0.98 0.15 0.27 -0.33 0.27 -0.28 0.20 -0.33 0.09 0.05 0.12 -0.08 0.12 -0.18 0.12 0.02 0.39 -0.18 0.20 0.18 0.31 0.18 0.00 0.13 0.40 0.18 0.09 0.15 0.08 0.18 0.00 0.18 0.13 0.13 0.14 0.15 0.16 0.15 0.18 0.18 0.95 0.68 0.84 0.84 0.90 0.66 0.81 0.81 0.66 0.90 0.49 0.49 0.49 0.94 0.32 0.90 0.18 0.81 0.08 0.66 0.05 0.49 0.08 0.32 0.18 0.18 0.32 0.08 0.49 0.05 0.66 0.08 0.81 0.18 0.90 0.32 0.94 0.49 0.98 0.49 0.68 0.95 0.49 0.98 0.30 0.95 0.14 0.84 0.04 0.68 0.00 0.49 0.04 0.30 0.14 0.14 0.30 0.04 0.49 0.00 0.68 0.04 0.84 0.14 0.95 0.30 0.09 -0.16 0.46 -0.28 0.20 0.21 0.50 0.28 0.60 -0.12 0.62 0.22 0.79 -0.08 0.78 0.21 0.98 0.11 0.00 0.07 0.67 -0.29 0.71 -0.88 0.83 -0.75 0.54 -0.86 0.69 -0.89 0.18 -0.98 0.42 -0.95 0.00 -0.34 0.11 -0.43 0.01 -0.76 0.08 -0.81 0.05 -0.11 0.96 -0.34 0.68 0.21 0.29 0.09 0.00 0.74 0.30 0.74 0.25 0.64 0.61 0.74 0.49 0.53 0.70 0.22 0.37 0.37 0.37 0.00 0.68 0.00 0.65 0.37 0.12 0.00 0.05 0.22 0.09 0.37 0.70 0.22 0.37 0.37 0.68 0.00 0.37 0.00 0.65 0.37 0.09 0.37 0.00 0.00 0.74 0.00 0.65 0.37 0.46 0.00 0.37 0.25 0.37 0.37 0.09 0.37 0.28 0.00 0.00 0.00 0.74 0.00 0.65 0.37 0.37 0.37 0.37 0.00 0.07 0.25 0.12 0.00 0.09 0.37 0.25 0.85 0.50 0.95 0.62 0.48 0.37 0.48 0.12 0.48 0.62 0.48 0.37 0.48 0.12 0.48 0.62 0.48 0.37 0.48 0.12 0.48 0.62 0.48 0.37 0.48 0.98 0.98 0.77 0.98 0.89 0.68 0.77 0.68 0.77 0.01 0.77 0.43 0.71 0.43 0.83 0.43 0.77 0.68 0.89 0.68 0.71 0.43 0.77 0.43 0.65 0.68 0.77 0.68 0.83 0.43 0.89 0.68 0.71 0.43 0.77 0.43 0.65 0.68 0.77 0.68 0.83 0.43 0.77 0.43 0.71 0.43 0.65 0.68 0.83 0.43 0.00 0.74 0.61 0.74 0.49 0.53 0.50 0.95 0.61 0.74 0.00 0.74 0.50 0.95 0.49 0.53 0.77 0.98 0.55 0.98 0.65 0.68 0.12 0.48 0.98 0.98 0.55 0.98 0.77 0.98 0.98 0.98 0.77 0.98 0.55 0.98 0.98 0.98 0.89 0.68 0.55 0.98 0.50 0.95 0.61 0.74 0.30 0.74 0.49 0.53 0.25 0.64 0.00 0.74 0.30 0.74 0.00 0.74 0.25 0.85 0.30 0.74 0.61 0.74 0.49 0.53 0.50 0.95 0.19 0.87 0.50 0.87 0.25 0.98 0.50 0.98 0.50 0.01 0.50 0.43 0.01 0.01 0.01 0.43 0.74 0.65 0.80 0.87 0.74 0.98 0.01 0.87 0.25 0.65 0.98 0.01 0.98 0.43 0.98 0.87 </float_array>
                    <technique_common>
                        <accessor source="#geom-0032BB20-texcoord-array" count="602" stride="2">
                            <param name="S" type="float" />
                            <param name="T" type="float" />
                        </accessor>
                    </technique_common>
                </source>
                <source id="geom-0032BB20-colors">
                    <float_array id="geom-0032BB20-colors-array" count="2408">0.33 0.68 0.44 1.00 0.35 0.73 0.47 1.00 0.27 0.43 0.38 1.00 0.29 0.51 0.44 1.00 0.32 0.64 0.41 1.00 0.29 0.52 0.37 1.00 0.31 0.55 0.47 1.00 0.27 0.43 0.38 1.00 0.35 0.73 0.47 1.00 0.33 0.68 0.44 1.00 0.28 0.42 0.28 1.00 0.34 0.66 0.40 1.00 0.29 0.52 0.37 1.00 0.32 0.64 0.41 1.00 0.29 0.44 0.29 1.00 0.34 0.69 0.42 1.00 0.09 0.13 0.09 1.00 0.14 0.21 0.14 1.00 0.36 0.70 0.41 1.00 0.37 0.65 0.37 1.00 0.14 0.22 0.14 1.00 0.10 0.15 0.10 1.00 0.31 0.60 0.33 1.00 0.33 0.53 0.33 1.00 0.28 0.42 0.28 1.00 0.34 0.66 0.40 1.00 0.37 0.65 0.37 1.00 0.36 0.70 0.41 1.00 0.29 0.44 0.29 1.00 0.34 0.69 0.42 1.00 0.33 0.53 0.33 1.00 0.31 0.60 0.33 1.00 0.56 1.00 0.91 1.00 0.29 0.51 0.44 1.00 0.46 0.75 0.65 1.00 0.35 0.73 0.47 1.00 0.31 0.60 0.33 1.00 0.45 0.76 0.45 1.00 0.14 0.22 0.14 1.00 0.09 0.12 0.09 1.00 0.32 0.64 0.41 1.00 0.51 1.00 0.72 1.00 0.34 0.69 0.42 1.00 0.51 1.00 0.65 1.00 0.51 1.00 0.72 1.00 0.51 1.00 0.65 1.00 0.51 1.00 0.64 1.00 0.51 1.00 0.64 1.00 0.28 0.42 0.28 1.00 0.49 0.96 0.54 1.00 0.37 0.65 0.37 1.00 0.31 0.55 0.47 1.00 0.55 1.00 0.87 1.00 0.55 1.00 0.87 1.00 0.49 0.96 0.54 1.00 0.37 0.65 0.37 1.00 0.09 0.33 0.13 1.00 0.14 0.21 0.14 1.00 0.45 0.76 0.45 1.00 0.09 0.12 0.09 1.00 0.51 1.00 0.65 1.00 0.45 0.76 0.45 1.00 0.28 0.42 0.28 1.00 0.34 0.69 0.42 1.00 0.51 1.00 0.65 1.00 0.31 0.60 0.33 1.00 0.45 0.76 0.45 1.00 0.08 0.13 0.08 1.00 0.11 0.20 0.11 1.00 0.33 0.74 0.37 1.00 0.38 0.64 0.38 1.00 0.14 0.22 0.14 1.00 0.36 0.60 0.36 1.00 0.13 0.23 0.13 1.00 0.31 0.47 0.31 1.00 0.31 0.47 0.31 1.00 0.36 0.60 0.36 1.00 0.37 0.64 0.37 1.00 0.29 0.42 0.29 1.00 0.32 1.00 0.42 1.00 0.08 0.13 0.08 1.00 0.11 0.19 0.11 1.00 0.22 0.29 0.26 1.00 0.00 0.00 0.00 1.00 0.31 0.55 0.35 1.00 0.38 0.83 0.48 1.00 0.35 0.58 0.35 1.00 0.29 1.00 0.43 1.00 0.11 0.17 0.11 1.00 0.11 0.11 0.08 1.00 0.05 0.05 0.04 1.00 0.11 0.11 0.08 1.00 0.11 0.20 0.10 1.00 0.11 0.11 0.08 1.00 0.11 0.11 0.08 1.00 0.29 0.43 0.29 1.00 0.22 0.31 0.28 1.00 0.19 0.20 0.20 1.00 0.19 0.19 0.19 1.00 0.21 0.25 0.24 1.00 0.45 1.00 0.59 1.00 0.10 0.51 0.17 1.00 0.00 0.00 0.00 1.00 0.29 0.82 0.36 1.00 0.11 0.16 0.09 1.00 0.13 0.21 0.13 1.00 0.31 0.47 0.31 1.00 0.08 0.13 0.08 1.00 0.35 0.58 0.35 1.00 0.23 0.31 0.28 1.00 0.08 0.08 0.08 1.00 0.15 0.23 0.15 1.00 0.00 0.01 0.00 1.00 0.00 0.00 0.00 1.00 0.04 0.07 0.04 1.00 0.13 0.23 0.13 1.00 0.05 0.05 0.04 1.00 0.19 0.19 0.19 1.00 0.19 0.19 0.19 1.00 0.19 0.19 0.19 1.00 0.19 0.19 0.19 1.00 0.08 0.08 0.08 1.00 0.19 0.19 0.19 1.00 0.21 0.50 0.25 1.00 0.21 0.50 0.25 1.00 0.21 0.50 0.25 1.00 0.21 0.50 0.25 1.00 0.14 0.44 0.26 1.00 0.19 1.00 0.47 1.00 0.14 0.49 0.28 1.00 0.19 1.00 0.49 1.00 0.17 0.55 0.29 1.00 0.14 0.77 0.36 1.00 0.19 0.40 0.25 1.00 0.19 0.67 0.33 1.00 0.25 0.87 0.36 1.00 0.19 0.35 0.24 1.00 0.24 1.00 0.49 1.00 0.19 0.77 0.36 1.00 0.14 0.49 0.28 1.00 0.14 0.87 0.39 1.00 0.19 0.54 0.29 1.00 0.19 0.64 0.32 1.00 0.19 0.75 0.35 1.00 0.19 0.87 0.39 1.00 0.19 0.64 0.32 1.00 0.19 0.80 0.37 1.00 0.19 0.44 0.27 1.00 0.20 0.89 0.37 1.00 0.20 1.00 0.47 1.00 0.14 0.97 0.42 1.00 0.14 0.59 0.31 1.00 0.17 1.00 0.43 1.00 0.19 0.33 0.23 1.00 0.19 0.43 0.26 1.00 0.14 0.68 0.33 1.00 0.14 0.82 0.38 1.00 0.14 0.67 0.33 1.00 0.14 0.97 0.42 1.00 0.19 0.82 0.37 1.00 0.25 0.85 0.36 1.00 0.19 0.67 0.33 1.00 0.24 0.31 0.24 1.00 0.19 0.38 0.25 1.00 0.19 0.20 0.19 1.00 0.19 0.59 0.31 1.00 0.19 0.39 0.25 1.00 0.19 0.56 0.30 1.00 0.19 0.51 0.28 1.00 0.19 0.47 0.27 1.00 0.19 0.54 0.29 1.00 0.19 0.39 0.25 1.00 0.19 0.23 0.20 1.00 0.19 0.33 0.23 1.00 0.19 0.36 0.24 1.00 0.25 0.41 0.27 1.00 0.28 1.00 0.42 1.00 0.19 0.75 0.35 1.00 0.19 0.67 0.33 1.00 0.19 1.00 0.45 1.00 0.28 0.47 0.29 1.00 0.24 1.00 0.47 1.00 0.30 1.00 0.50 1.00 0.27 0.47 0.29 1.00 0.29 1.00 0.49 1.00 0.14 0.60 0.31 1.00 0.14 0.86 0.39 1.00 0.27 1.00 0.53 1.00 0.14 0.95 0.42 1.00 0.30 1.00 0.54 1.00 0.14 1.00 0.44 1.00 0.19 0.67 0.33 1.00 0.19 0.56 0.30 1.00 0.19 0.51 0.28 1.00 0.19 0.44 0.26 1.00 0.26 0.58 0.31 1.00 0.19 0.75 0.36 1.00 0.27 0.69 0.33 1.00 0.19 0.62 0.32 1.00 0.19 1.00 0.47 1.00 0.25 1.00 0.58 1.00 0.28 0.41 0.28 1.00 0.31 1.00 0.59 1.00 0.14 0.95 0.42 1.00 0.14 0.60 0.31 1.00 0.14 0.88 0.39 1.00 0.14 1.00 0.44 1.00 0.19 0.67 0.33 1.00 0.19 0.47 0.27 1.00 0.19 0.67 0.33 1.00 0.19 0.63 0.32 1.00 0.19 0.75 0.36 1.00 0.19 0.75 0.35 1.00 0.19 0.80 0.37 1.00 0.19 0.59 0.31 1.00 0.19 1.00 0.45 1.00 0.19 1.00 0.47 1.00 0.19 1.00 0.47 1.00 0.27 1.00 0.65 1.00 0.28 0.41 0.28 1.00 0.19 1.00 0.47 1.00 0.30 1.00 0.55 1.00 0.24 1.00 0.48 1.00 0.14 0.95 0.42 1.00 0.14 0.66 0.33 1.00 0.27 1.00 0.53 1.00 0.29 1.00 0.56 1.00 0.14 0.60 0.31 1.00 0.27 0.47 0.29 1.00 0.14 0.74 0.35 1.00 0.29 1.00 0.56 1.00 0.19 0.19 0.19 1.00 0.19 0.40 0.25 1.00 0.19 0.67 0.33 1.00 0.19 0.63 0.32 1.00 0.19 1.00 0.47 1.00 0.19 1.00 0.45 1.00 0.27 1.00 0.69 1.00 0.19 1.00 0.46 1.00 0.14 0.60 0.31 1.00 0.14 0.90 0.40 1.00 0.14 0.95 0.42 1.00 0.14 1.00 0.45 1.00 0.19 0.75 0.35 1.00 0.25 0.41 0.27 1.00 0.19 0.62 0.31 1.00 0.26 0.81 0.35 1.00 0.28 0.47 0.29 1.00 0.30 1.00 0.53 1.00 0.19 1.00 0.45 1.00 0.25 1.00 0.53 1.00 0.19 0.46 0.27 1.00 0.19 0.19 0.19 1.00 0.19 0.43 0.26 1.00 0.19 0.30 0.22 1.00 0.19 0.75 0.36 1.00 0.19 0.70 0.34 1.00 0.26 0.58 0.31 1.00 0.28 0.76 0.35 1.00 0.19 0.19 0.19 1.00 0.19 0.39 0.25 1.00 0.19 0.23 0.20 1.00 0.19 0.49 0.27 1.00 0.19 0.75 0.35 1.00 0.19 0.51 0.28 1.00 0.19 0.75 0.36 1.00 0.19 0.62 0.31 1.00 0.19 0.32 0.23 1.00 0.19 0.44 0.26 1.00 0.23 0.55 0.29 1.00 0.19 0.70 0.34 1.00 0.21 1.00 0.65 1.00 0.21 0.69 0.33 1.00 0.21 0.78 0.35 1.00 0.21 1.00 0.58 1.00 0.19 1.00 0.45 1.00 0.14 0.73 0.35 1.00 0.19 0.70 0.34 1.00 0.19 0.26 0.21 1.00 0.27 0.66 0.33 1.00 0.19 0.89 0.40 1.00 0.27 1.00 0.61 1.00 0.26 1.00 0.43 1.00 0.14 0.93 0.41 1.00 0.14 0.65 0.33 1.00 0.19 0.66 0.33 1.00 0.19 0.46 0.27 1.00 0.19 0.63 0.32 1.00 0.19 0.71 0.34 1.00 0.19 0.70 0.34 1.00 0.19 0.91 0.40 1.00 0.21 0.69 0.34 1.00 0.21 1.00 0.68 1.00 0.21 1.00 0.67 1.00 0.21 0.97 0.39 1.00 0.14 0.97 0.42 1.00 0.19 0.63 0.31 1.00 0.19 0.45 0.27 1.00 0.19 0.46 0.27 1.00 0.14 0.87 0.39 1.00 0.14 1.00 0.49 1.00 0.14 1.00 0.47 1.00 0.14 0.97 0.42 1.00 0.19 0.60 0.31 1.00 0.27 0.75 0.35 1.00 0.26 0.49 0.29 1.00 0.27 1.00 0.66 1.00 0.19 0.21 0.19 1.00 0.19 0.53 0.29 1.00 0.19 0.48 0.27 1.00 0.24 0.42 0.26 1.00 0.19 0.19 0.19 1.00 0.19 0.26 0.21 1.00 0.19 0.19 0.19 1.00 0.19 0.19 0.19 1.00 0.19 0.19 0.19 1.00 0.19 0.19 0.19 1.00 0.19 0.19 0.19 1.00 0.19 0.19 0.19 1.00 0.24 0.82 0.47 1.00 0.24 0.69 0.43 1.00 0.19 0.19 0.19 1.00 0.19 0.19 0.19 1.00 0.24 0.85 0.36 1.00 0.13 0.13 0.13 1.00 0.27 0.45 0.29 1.00 0.25 1.00 0.46 1.00 0.24 0.31 0.24 1.00 0.25 1.00 0.47 1.00 0.19 0.19 0.19 1.00 0.28 1.00 0.43 1.00 0.28 0.85 0.36 1.00 0.13 0.13 0.13 1.00 0.13 0.13 0.13 1.00 0.43 0.78 0.43 1.00 0.36 0.60 0.36 1.00 0.35 0.58 0.35 1.00 0.31 0.49 0.31 1.00 0.44 0.79 0.44 1.00 0.35 0.59 0.35 1.00 0.39 0.68 0.39 1.00 0.33 0.54 0.33 1.00 0.35 0.58 0.35 1.00 0.38 0.65 0.38 1.00 0.50 0.94 0.50 1.00 0.27 0.40 0.27 1.00 0.19 0.19 0.19 1.00 0.28 0.41 0.28 1.00 0.19 0.19 0.19 1.00 0.09 0.13 0.12 1.00 0.09 0.13 0.12 1.00 0.25 0.40 0.35 1.00 0.25 0.39 0.35 1.00 0.38 0.87 0.52 1.00 0.27 0.39 0.27 1.00 0.37 0.63 0.37 1.00 0.49 0.91 0.49 1.00 0.28 0.94 0.39 1.00 0.26 0.70 0.33 1.00 0.21 0.26 0.24 1.00 0.27 0.45 0.40 1.00 0.26 0.43 0.37 1.00 0.25 0.38 0.34 1.00 0.19 0.19 0.19 1.00 0.08 0.08 0.08 1.00 0.22 0.29 0.26 1.00 0.09 0.11 0.11 1.00 0.22 0.29 0.26 1.00 0.19 0.19 0.19 1.00 0.22 0.31 0.28 1.00 0.19 0.19 0.19 1.00 0.09 0.13 0.12 1.00 0.09 0.13 0.12 1.00 0.13 0.13 0.13 1.00 0.13 0.13 0.13 1.00 0.31 0.49 0.31 1.00 0.13 0.13 0.13 1.00 0.13 0.13 0.13 1.00 0.34 0.55 0.34 1.00 0.28 0.42 0.28 1.00 0.45 0.81 0.45 1.00 0.39 0.68 0.39 1.00 0.44 0.80 0.44 1.00 0.19 0.19 0.19 1.00 0.09 0.13 0.12 1.00 0.08 0.08 0.08 1.00 0.28 0.40 0.28 1.00 0.19 0.19 0.19 1.00 0.09 0.13 0.12 1.00 0.09 0.13 0.12 1.00 0.09 0.13 0.12 1.00 0.19 0.19 0.19 1.00 0.13 0.13 0.13 1.00 0.13 0.13 0.13 1.00 0.13 0.13 0.13 1.00 0.09 0.13 0.12 1.00 0.25 0.35 0.25 1.00 0.19 0.19 0.19 1.00 0.26 1.00 0.41 1.00 0.26 0.91 0.37 1.00 0.13 0.13 0.13 1.00 0.08 0.08 0.08 1.00 0.25 0.35 0.25 1.00 0.26 1.00 0.46 1.00 0.13 0.13 0.13 1.00 0.19 0.19 0.19 1.00 0.19 0.19 0.19 1.00 0.22 0.30 0.27 1.00 0.19 0.19 0.19 1.00 0.09 0.11 0.11 1.00 0.23 0.31 0.28 1.00 0.22 0.29 0.27 1.00 0.19 0.19 0.19 1.00 0.08 0.08 0.08 1.00 0.20 0.22 0.22 1.00 0.20 0.21 0.21 1.00 0.08 0.08 0.08 1.00 0.22 0.28 0.26 1.00 0.22 0.28 0.26 1.00 0.22 0.29 0.27 1.00 0.22 0.30 0.27 1.00 0.29 1.00 0.68 1.00 0.30 1.00 0.62 1.00 0.24 1.00 0.55 1.00 0.25 1.00 0.55 1.00 0.28 1.00 0.65 1.00 0.21 1.00 0.76 1.00 0.32 1.00 0.76 1.00 0.35 1.00 0.85 1.00 0.38 1.00 0.93 1.00 0.40 1.00 0.97 1.00 0.41 1.00 0.98 1.00 0.40 1.00 0.96 1.00 0.38 1.00 0.91 1.00 0.35 1.00 0.82 1.00 0.32 1.00 0.75 1.00 0.28 1.00 0.69 1.00 0.25 1.00 0.60 1.00 0.24 1.00 0.55 1.00 0.23 1.00 0.54 1.00 0.29 1.00 0.59 1.00 0.32 1.00 0.76 1.00 0.34 1.00 0.82 1.00 0.36 1.00 0.87 1.00 0.37 1.00 0.92 1.00 0.38 1.00 0.95 1.00 0.39 1.00 0.97 1.00 0.38 1.00 0.96 1.00 0.38 1.00 0.93 1.00 0.36 1.00 0.80 1.00 0.34 1.00 0.81 1.00 0.32 1.00 0.52 1.00 0.30 1.00 0.56 1.00 0.29 1.00 0.67 1.00 0.20 0.22 0.22 1.00 0.22 0.28 0.26 1.00 0.20 0.23 0.22 1.00 0.19 0.19 0.19 1.00 0.22 0.28 0.26 1.00 0.19 0.19 0.19 1.00 0.22 0.29 0.27 1.00 0.19 0.19 0.19 1.00 0.22 0.30 0.27 1.00 0.20 0.21 0.21 1.00 0.19 0.19 0.19 1.00 0.20 0.21 0.21 1.00 0.20 0.23 0.22 1.00 0.19 0.19 0.19 1.00 0.19 0.19 0.19 1.00 0.19 0.19 0.19 1.00 0.19 0.19 0.19 1.00 0.23 0.33 0.29 1.00 0.22 0.31 0.28 1.00 0.19 0.19 0.19 1.00 0.19 0.19 0.19 1.00 0.22 0.30 0.27 1.00 0.19 0.19 0.19 1.00 0.19 0.19 0.19 1.00 0.19 0.19 0.19 1.00 0.32 1.00 0.44 1.00 0.31 1.00 0.48 1.00 0.09 0.27 0.12 1.00 0.31 1.00 0.48 1.00 0.09 0.29 0.12 1.00 0.31 1.00 0.48 1.00 0.28 1.00 0.46 1.00 0.09 0.26 0.11 1.00 0.09 0.29 0.12 1.00 0.36 1.00 0.63 1.00 0.06 0.13 0.08 1.00 0.23 0.73 0.33 1.00 0.24 1.00 0.40 1.00 0.23 0.73 0.33 1.00 0.19 0.56 0.30 1.00 0.06 0.12 0.08 1.00 0.06 0.11 0.07 1.00 0.24 1.00 0.40 1.00 0.24 0.89 0.37 1.00 0.06 0.11 0.08 1.00 0.06 0.11 0.08 1.00 0.24 0.89 0.37 1.00 0.08 0.20 0.10 1.00 0.27 1.00 0.41 1.00 0.28 1.00 0.48 1.00 0.35 1.00 0.58 1.00 0.28 0.89 0.38 1.00 0.10 0.30 0.13 1.00 0.10 0.30 0.13 1.00 0.35 1.00 0.58 1.00 0.38 1.00 0.64 1.00 0.11 0.38 0.15 1.00 0.31 1.00 0.48 1.00 0.09 0.31 0.13 1.00 0.36 1.00 0.63 1.00 0.09 0.31 0.13 1.00 0.09 0.31 0.13 1.00 0.36 1.00 0.62 1.00 0.28 1.00 0.48 1.00 0.24 0.98 0.39 1.00 0.24 0.98 0.39 1.00 0.19 0.58 0.31 1.00 0.24 0.95 0.38 1.00 0.24 0.95 0.38 1.00 0.28 1.00 0.47 1.00 0.35 1.00 0.61 1.00 0.35 1.00 0.61 1.00 0.38 1.00 0.66 1.00 0.36 1.00 0.62 1.00 0.38 1.00 0.66 1.00 0.34 1.00 0.52 1.00 0.36 1.00 0.56 1.00 0.33 1.00 1.00 1.00 0.29 1.00 0.41 1.00 0.34 1.00 0.52 1.00 0.20 0.42 0.25 1.00 0.28 1.00 0.41 1.00 0.21 0.57 0.29 1.00 0.20 0.42 0.25 1.00 0.19 0.31 0.22 1.00 0.21 0.57 0.29 1.00 0.19 0.41 0.25 1.00 0.20 0.36 0.24 1.00 0.21 0.54 0.29 1.00 0.20 0.36 0.24 1.00 0.28 0.88 0.38 1.00 0.21 0.54 0.29 1.00 0.28 0.97 0.40 1.00 0.33 1.00 0.49 1.00 0.38 1.00 0.58 1.00 0.33 1.00 0.49 1.00 0.33 1.00 0.50 1.00 0.34 1.00 0.52 1.00 0.27 0.82 0.36 1.00 0.27 1.00 0.41 1.00 0.28 0.89 0.38 1.00 0.08 0.20 0.10 1.00 0.23 0.73 0.33 1.00 0.19 0.41 0.25 1.00 0.06 0.13 0.08 1.00 0.06 0.12 0.08 1.00 0.28 1.00 0.48 1.00 0.36 1.00 0.62 1.00 0.34 1.00 0.52 1.00 0.36 1.00 0.62 1.00 0.24 0.98 0.39 1.00 0.24 0.98 0.39 1.00 0.19 0.58 0.31 1.00 0.24 0.95 0.38 1.00 0.28 1.00 0.47 1.00 0.24 0.95 0.38 1.00 0.35 1.00 0.61 1.00 0.33 1.00 0.50 1.00 0.35 1.00 0.61 1.00 0.10 0.14 0.10 1.00 0.37 1.00 0.45 1.00 0.35 0.56 0.35 1.00 0.09 0.14 0.09 1.00 0.08 0.13 0.11 1.00 0.08 0.12 0.11 1.00 0.09 0.15 0.13 1.00 0.22 0.28 0.26 1.00 0.11 0.25 0.16 1.00 0.22 0.28 0.26 1.00 0.34 0.70 0.45 1.00 0.08 0.11 0.10 1.00 0.10 0.16 0.11 1.00 0.22 0.30 0.27 1.00 0.40 0.56 0.50 1.00 0.08 0.06 0.15 1.00 0.08 0.06 0.15 1.00 0.62 1.00 1.00 1.00 0.58 1.00 0.94 1.00 0.25 0.39 0.34 1.00 0.25 0.38 0.34 1.00 0.25 0.40 0.35 1.00 0.22 0.31 0.28 1.00 0.08 0.06 0.15 1.00 0.22 0.29 0.26 1.00 0.26 0.40 0.35 1.00 0.25 0.39 0.34 1.00 0.25 0.38 0.34 1.00 0.22 0.29 0.26 1.00 </float_array>
                    <technique_common>
                        <accessor source="#geom-0032BB20-colors-array" count="602" stride="4">
                            <param name="R" type="float" />
                            <param name="G" type="float" />
                            <param name="B" type="float" />
                            <param name="A" type="float" />
                        </accessor>
                    </technique_common>
                </source>
                <vertices id="geom-0032BB20-vtx">
                    <input semantic="POSITION" source="#geom-0032BB20-pos" />
                </vertices>
                <triangles count="48" material="material-0250EDF9-symbol">
                    <input semantic="VERTEX" source="#geom-0032BB20-vtx" offset="0" />
                    <input semantic="TEXCOORD" source="#geom-0032BB20-texcoord" offset="0" />
                    <input semantic="COLOR" source="#geom-0032BB20-colors" offset="0" />
                    <p>0 1 2 2 1 3 4 5 6 6 5 7 8 9 10 10 9 11 12 13 14 14 13 15 16 17 18 18 17 19 20 21 22 22 21 23 24 25 26 26 25 27 28 29 30 30 29 31 </p>
                </triangles>
            </mesh>
        </geometry>
        <geometry id="geom-01C89425" name="geom-01C89425">
            <mesh>
                <source id="geom-01C89425-pos">
                    <float_array id="geom-01C89425-pos-array" count="1710">1852.07 110.00 2400.89 1823.20 110.00 2417.56 1872.07 110.00 2435.53 1843.20 110.00 2452.20 1969.80 110.00 2471.48 1940.93 110.00 2488.14 1989.80 110.00 2506.12 1960.93 110.00 2522.78 1929.80 110.00 2402.20 1900.93 110.00 2418.86 1949.80 110.00 2436.84 1920.93 110.00 2453.50 1900.93 110.00 2418.86 1920.93 110.00 2453.50 1892.07 110.00 2470.17 1892.07 110.00 2470.17 1863.20 110.00 2486.84 1912.07 110.00 2504.81 1883.20 110.00 2521.48 1909.80 110.00 2367.56 1880.93 110.00 2384.22 1880.93 110.00 2384.22 1912.07 110.00 2504.81 1883.20 110.00 2521.48 1932.07 110.00 2539.45 1903.20 110.00 2556.12 1940.93 110.00 2488.14 1960.93 110.00 2522.78 1920.93 110.00 2453.50 1940.93 110.00 2488.14 1863.20 110.00 2486.84 1949.80 110.00 2436.84 1920.93 110.00 2453.50 1969.80 110.00 2471.48 1940.93 110.00 2488.14 1791.16 350.00 2742.05 1731.16 350.00 2638.13 1836.62 410.00 2715.80 1776.62 410.00 2611.88 1775.08 350.00 2474.20 1799.65 410.00 2529.30 1753.12 350.00 2556.17 1824.64 470.00 2584.16 2053.36 470.00 2452.10 2018.35 410.00 2403.03 2101.38 410.00 2424.38 2114.24 470.00 2555.52 2161.38 410.00 2528.30 2206.85 350.00 2502.05 2146.85 350.00 2398.13 1730.08 350.00 2396.26 1775.54 350.00 2370.01 1820.54 350.00 2447.96 1937.46 350.00 2380.46 1967.46 410.00 2432.42 2057.46 470.00 2588.30 1997.46 470.00 2484.38 2221.38 410.00 2632.22 2266.85 350.00 2605.98 2175.91 470.00 2658.48 2117.46 470.00 2692.22 1896.62 410.00 2819.72 1942.09 470.00 2793.48 1883.76 470.00 2688.59 1789.00 350.00 2258.32 1847.46 350.00 2224.57 1834.00 350.00 2336.26 1892.46 350.00 2302.51 1879.00 350.00 2414.20 1999.00 470.00 2622.05 2059.00 470.00 2725.98 1940.54 470.00 2655.80 2000.54 470.00 2759.72 1939.00 470.00 2518.13 1880.54 470.00 2551.88 1909.00 410.00 2466.17 1850.54 410.00 2499.92 1937.92 350.00 2276.26 1892.92 350.00 2198.32 1982.92 350.00 2354.20 2028.23 470.00 2605.18 1968.23 470.00 2501.25 1938.23 410.00 2449.29 2064.88 350.00 2376.17 1851.16 350.00 2845.98 1796.10 350.00 2314.38 1781.43 350.00 2318.88 1759.27 350.00 2341.82 1724.54 350.00 2323.66 1685.08 350.00 2318.32 1711.20 350.00 2303.24 2126.08 431.59 2724.65 2154.98 431.59 2693.86 2126.08 390.91 2724.65 2154.98 390.91 2693.86 2126.07 276.59 2724.65 2154.98 276.59 2693.86 2126.07 235.91 2724.65 2154.98 235.91 2693.86 1983.20 199.09 2793.04 2024.32 199.09 2783.40 1983.20 158.41 2793.04 2024.32 158.41 2783.40 1983.20 354.09 2793.04 2024.32 354.09 2783.40 1983.20 313.41 2793.04 2024.32 313.41 2783.40 2060.60 199.09 2769.17 2095.60 199.09 2748.96 2060.60 158.41 2769.17 2095.60 158.41 2748.96 2060.60 354.09 2769.17 2095.60 354.09 2748.96 2060.60 313.41 2769.17 2095.60 313.41 2748.96 1983.20 276.59 2793.04 2024.32 276.59 2783.40 1983.20 235.91 2793.04 2024.32 235.91 2783.40 2126.08 199.09 2724.65 2154.98 199.09 2693.86 2126.08 158.41 2724.65 2154.98 158.41 2693.86 2060.60 276.59 2769.17 2095.60 276.59 2748.96 2060.60 235.91 2769.17 2095.60 235.91 2748.96 2126.07 354.09 2724.65 2154.98 354.09 2693.86 2126.07 313.41 2724.65 2154.98 313.41 2693.86 1983.20 431.59 2793.04 2024.32 431.59 2783.40 1983.20 390.91 2793.04 2024.32 390.91 2783.40 2060.60 431.59 2769.17 2095.60 431.59 2748.96 2060.60 390.91 2769.17 2095.60 390.91 2748.96 2108.04 450.00 2733.92 2163.09 450.00 2675.28 2106.90 446.12 2727.34 2156.45 446.12 2674.56 2163.09 372.50 2675.28 2156.45 376.38 2674.56 2108.04 372.50 2733.92 2106.90 376.38 2727.34 2108.04 295.00 2733.92 2163.09 295.00 2675.28 2106.90 291.12 2727.34 2156.45 291.12 2674.56 2163.09 217.50 2675.28 2156.45 221.37 2674.56 2108.04 217.50 2733.92 2106.90 221.37 2727.34 1963.06 217.50 2790.77 2041.36 217.50 2772.42 1965.75 213.62 2784.66 2036.23 213.62 2768.14 2041.36 140.00 2772.42 2036.23 143.88 2768.14 1963.06 140.00 2790.77 1965.75 143.88 2784.66 1963.06 372.50 2790.77 2041.36 372.50 2772.42 1965.75 368.62 2784.66 2036.23 368.62 2768.14 2041.36 295.00 2772.42 2036.23 298.88 2768.14 1963.06 295.00 2790.77 1965.75 298.88 2784.66 2041.36 217.50 2772.42 2108.04 217.50 2733.92 2042.03 213.62 2765.88 2102.04 213.62 2731.23 2108.04 140.00 2733.92 2102.04 143.88 2731.23 2041.36 140.00 2772.42 2042.03 143.88 2765.88 2041.36 372.50 2772.42 2108.04 372.50 2733.92 2042.03 368.62 2765.88 2102.04 368.62 2731.23 2108.04 295.00 2733.92 2102.04 298.88 2731.23 2041.36 295.00 2772.42 2042.03 298.88 2765.88 1963.06 295.00 2790.77 2041.36 295.00 2772.42 1965.75 291.12 2784.66 2036.23 291.12 2768.14 2041.36 217.50 2772.42 2036.23 221.38 2768.14 1963.06 217.50 2790.77 1965.75 221.38 2784.66 2108.04 217.50 2733.92 2163.09 217.50 2675.28 2106.90 213.63 2727.34 2156.45 213.63 2674.56 2163.09 140.00 2675.28 2156.45 143.88 2674.56 2108.04 140.00 2733.92 2106.90 143.88 2727.34 2041.36 295.00 2772.42 2108.04 295.00 2733.92 2042.03 291.12 2765.88 2102.04 291.12 2731.23 2108.04 217.50 2733.92 2102.04 221.38 2731.23 2041.36 217.50 2772.42 2042.03 221.38 2765.88 2108.04 372.50 2733.92 2163.09 372.50 2675.28 2106.90 368.62 2727.34 2156.45 368.62 2674.56 2163.09 295.00 2675.28 2156.45 298.88 2674.56 2108.04 295.00 2733.92 2106.90 298.88 2727.34 1963.06 450.00 2790.77 2041.36 450.00 2772.42 1965.75 446.12 2784.66 2036.23 446.12 2768.14 2041.36 372.50 2772.42 2036.23 376.38 2768.14 1963.06 372.50 2790.77 1965.75 376.38 2784.66 2041.36 450.00 2772.42 2108.04 450.00 2733.92 2042.03 446.12 2765.88 2102.04 446.12 2731.23 2108.04 372.50 2733.92 2102.04 376.38 2731.23 2041.36 372.50 2772.42 2042.03 376.38 2765.88 2114.34 435.66 2719.42 2149.02 435.66 2682.48 2149.02 386.84 2682.48 2114.34 386.84 2719.42 2114.34 280.66 2719.42 2149.02 280.66 2682.48 2149.02 231.84 2682.48 2114.34 231.84 2719.42 1976.32 203.16 2782.18 2025.66 203.16 2770.62 2025.66 154.34 2770.62 1976.32 154.34 2782.18 1976.32 358.16 2782.18 2025.66 358.16 2770.62 2025.66 309.34 2770.62 1976.32 309.34 2782.18 2051.03 203.16 2760.68 2093.04 203.16 2736.42 2093.04 154.34 2736.42 2051.03 154.34 2760.68 2051.03 358.16 2760.68 2093.04 358.16 2736.42 2093.04 309.34 2736.42 2051.03 309.34 2760.68 1976.32 280.66 2782.18 2025.66 280.66 2770.62 2025.66 231.84 2770.62 1976.32 231.84 2782.18 2114.34 203.16 2719.42 2149.02 203.16 2682.48 2149.02 154.34 2682.48 2114.34 154.34 2719.42 2051.03 280.66 2760.68 2093.04 280.66 2736.42 2093.04 231.84 2736.42 2051.03 231.84 2760.68 2114.34 358.16 2719.42 2149.02 358.16 2682.48 2149.02 309.34 2682.48 2114.34 309.34 2719.42 1976.32 435.66 2782.18 2025.66 435.66 2770.62 2025.66 386.84 2770.62 1976.32 386.84 2782.18 2051.03 435.66 2760.68 2093.04 435.66 2736.42 2093.04 386.84 2736.42 2051.03 386.84 2760.68 2126.08 431.59 2724.65 2154.98 431.59 2693.86 2154.98 390.91 2693.86 2126.08 390.91 2724.65 2093.04 231.84 2736.42 2095.60 235.91 2748.96 2177.94 450.00 2661.98 2224.90 390.00 2634.86 2177.94 390.00 2661.98 2271.86 330.00 2607.75 2224.90 330.00 2634.86 2177.94 330.00 2661.98 1944.11 390.49 2796.98 1944.11 330.00 2796.98 1897.15 390.00 2824.09 1897.15 330.00 2824.09 1897.15 250.00 2824.09 1850.19 330.00 2851.20 1850.19 250.00 2851.20 1727.45 250.00 2638.62 1788.82 250.00 2744.91 1727.45 170.00 2638.62 1788.82 170.00 2744.91 2149.12 250.00 2395.16 2210.49 250.00 2501.46 2149.12 330.00 2395.16 2210.49 330.00 2501.46 2149.12 170.00 2395.16 2067.16 170.00 2373.20 2067.16 250.00 2373.20 1985.20 250.00 2351.24 1940.81 250.00 2273.77 1985.20 170.00 2351.24 1940.81 170.00 2273.77 1681.57 170.00 2320.34 1681.57 250.00 2320.34 1726.47 170.00 2397.52 1726.47 250.00 2397.52 1771.37 170.00 2474.69 1771.37 250.00 2474.69 1749.41 170.00 2556.66 1749.41 250.00 2556.66 2224.90 250.00 2634.86 2177.94 250.00 2661.98 1789.00 230.00 2258.32 1832.30 230.00 2233.32 1788.65 250.00 2257.71 1849.27 250.00 2222.71 1728.38 170.00 2293.32 1685.08 170.00 2318.32 1719.14 110.00 2298.20 1685.08 110.00 2318.32 1857.94 110.00 2217.86 1849.62 170.00 2223.32 1832.06 110.00 2232.90 1832.30 170.00 2233.32 1681.57 250.00 2320.34 1681.57 170.00 2320.34 2271.86 250.00 2607.75 2271.86 170.00 2607.75 2210.49 170.00 2501.46 1850.19 250.00 2851.20 1850.19 330.00 2851.20 1788.82 330.00 2744.91 1985.20 330.00 2351.24 2067.16 330.00 2373.20 1727.45 330.00 2638.62 1749.41 330.00 2556.66 1940.81 330.00 2273.77 1896.43 250.00 2196.30 1895.02 329.94 2193.85 1771.37 330.00 2474.69 1726.47 330.00 2397.52 1896.43 250.00 2196.30 1892.92 170.00 2198.32 1896.43 170.00 2196.30 2224.90 170.00 2634.86 2271.86 170.00 2607.75 2271.86 250.00 2607.75 2271.86 330.00 2607.75 1896.43 170.00 2196.30 1944.11 170.00 2796.98 1897.15 170.00 2824.09 1944.11 203.16 2796.98 1944.11 250.00 2796.98 1850.19 170.00 2851.20 1680.16 330.00 2317.90 2177.94 170.00 2661.98 2177.94 203.16 2661.98 1850.19 170.00 2851.20 1728.03 250.00 2292.71 1745.70 170.00 2283.32 1745.46 110.00 2282.90 1745.70 230.00 2283.32 1892.92 110.00 2198.32 1787.59 330.00 2255.88 1846.32 330.00 2221.97 1944.11 450.00 2796.98 1895.02 329.94 2193.85 1728.62 311.72 2290.48 1723.25 330.00 2293.02 1680.16 330.00 2317.90 1750.95 301.48 2277.90 1753.42 313.73 2276.10 1764.80 315.85 2269.46 1776.23 330.00 2262.44 2038.83 136.67 2667.08 2044.23 136.67 2656.13 2037.64 140.00 2666.17 2042.78 140.00 2655.74 2043.54 140.00 2644.14 2014.00 137.61 2648.03 2039.81 140.00 2633.13 2032.14 140.00 2624.39 2021.71 140.00 2619.25 2010.11 140.00 2618.49 1999.10 140.00 2622.22 1990.36 140.00 2629.89 1985.22 140.00 2640.32 1984.46 140.00 2651.92 1988.19 140.00 2662.93 1995.86 140.00 2671.67 2006.29 140.00 2676.82 2017.89 140.00 2677.58 2028.90 140.00 2673.84 2029.65 136.67 2675.14 2045.03 136.67 2643.95 2041.10 136.67 2632.38 2033.05 136.67 2623.20 2022.10 136.67 2617.80 2009.92 136.67 2617.00 1998.35 136.67 2620.93 1989.17 136.67 2628.98 1983.77 136.67 2639.93 1982.97 136.67 2652.12 1986.90 136.67 2663.68 1994.95 136.67 2672.86 2005.90 136.67 2678.26 2018.08 136.67 2679.06 1728.62 311.72 2290.48 1750.95 301.48 2277.90 1726.67 330.00 2267.76 1741.74 330.00 2249.82 1753.42 313.73 2276.10 1746.94 330.00 2258.14 1764.80 315.85 2269.46 1757.11 330.00 2254.56 1776.23 330.00 2262.44 1723.25 330.00 2293.02 1719.24 399.61 2181.26 1723.25 330.00 2293.02 1726.67 330.00 2267.76 1711.20 350.00 2303.24 1725.58 330.00 2294.94 1759.27 350.00 2341.82 1724.54 350.00 2323.66 1778.39 330.00 2264.45 1789.00 350.00 2258.32 1796.10 350.00 2314.38 1781.43 350.00 2318.88 1776.23 330.00 2262.44 1741.74 330.00 2249.82 1746.94 330.00 2258.14 1757.11 330.00 2254.56 1896.79 470.00 2621.02 1931.58 460.00 2633.27 1922.55 470.00 2639.63 1964.82 450.00 2634.86 1946.77 470.00 2647.59 1964.82 450.00 2634.86 1979.36 440.00 2668.03 1950.78 470.00 2684.53 1946.77 470.00 2647.59 1974.88 440.00 2638.28 1981.27 470.00 2707.34 2001.32 450.00 2698.08 2003.38 440.00 2687.65 2001.32 450.00 2698.08 2034.50 440.00 2683.54 2014.06 470.00 2716.13 2050.50 470.00 2711.25 2003.38 440.00 2687.65 2053.62 440.00 2658.65 2084.17 470.00 2667.56 2084.17 470.00 2667.56 2053.62 440.00 2658.65 2080.16 470.00 2630.62 2058.17 450.00 2622.53 2048.64 440.00 2628.03 2025.12 440.00 2609.28 2062.66 470.00 2600.31 2032.67 470.00 2578.36 2032.67 470.00 2578.36 2025.12 440.00 2609.28 1994.00 440.00 2613.39 1978.00 470.00 2585.68 1964.82 450.00 2634.86 1955.56 470.00 2614.80 1974.88 440.00 2638.28 1926.94 470.00 2623.24 1955.56 470.00 2614.80 1984.20 437.61 2640.41 1987.15 437.61 2663.53 2006.20 437.61 2678.52 2006.20 437.61 2678.52 2029.75 437.61 2675.31 2044.30 437.61 2656.52 2044.30 437.61 2656.52 2040.85 437.61 2632.53 2022.30 437.61 2618.41 2022.30 437.61 2618.41 1998.75 437.61 2621.62 1984.20 437.61 2640.41 1998.75 437.61 2621.62 1998.76 413.71 2644.04 2006.22 413.71 2634.56 2014.00 340.00 2648.03 2007.66 387.44 2651.79 2007.18 387.44 2646.26 2012.37 387.44 2655.26 1999.84 413.71 2656.36 2010.34 413.71 2664.09 2012.37 387.44 2655.26 2017.72 387.44 2654.48 2010.34 413.71 2664.09 2022.28 413.71 2662.37 2021.07 387.44 2650.23 2029.74 413.71 2652.89 2021.07 387.44 2650.23 2020.42 387.44 2644.42 2029.74 413.71 2652.89 2028.29 413.71 2639.93 2015.88 387.44 2641.24 2010.52 387.44 2642.01 2015.88 387.44 2641.24 2018.16 413.71 2632.84 2007.18 387.44 2646.26 2125.72 470.00 2583.53 2058.17 450.00 2622.53 2062.66 470.00 2600.31 2080.16 470.00 2630.62 2001.32 450.00 2698.08 1991.28 470.00 2754.68 1981.27 470.00 2707.34 2014.06 470.00 2716.13 1987.15 437.61 2663.53 1984.20 437.61 2640.41 1998.76 413.71 2644.04 1984.20 437.61 2640.41 2006.20 437.61 2678.52 2006.20 437.61 2678.52 2029.75 437.61 2675.31 2044.30 437.61 2656.52 2040.85 437.61 2632.53 2044.30 437.61 2656.52 2022.30 437.61 2618.41 2018.16 413.71 2632.84 2022.30 437.61 2618.41 1949.17 401.00 2433.74 1947.60 380.00 2445.03 1942.86 378.00 2410.82 1930.78 386.00 2425.88 1861.46 350.00 2375.83 1852.12 350.00 2339.66 1869.30 333.00 2379.40 1852.12 350.00 2339.66 1878.59 350.00 2377.49 1869.30 333.00 2379.40 1870.30 326.00 2411.14 1859.80 350.00 2392.96 1882.46 350.00 2412.20 1745.46 110.00 2282.90 1788.69 110.00 2257.86 1744.00 110.00 2261.00 1779.00 110.00 2241.00 1858.50 110.00 2379.00 1823.60 110.00 2318.43 1789.00 110.00 2419.00 1753.97 110.00 2358.43 1840.82 110.00 2268.22 1832.06 110.00 2232.90 1813.50 110.00 2221.00 1719.14 110.00 2298.20 1771.33 110.00 2308.24 1928.00 110.00 2339.00 1892.97 110.00 2278.43 1857.94 110.00 2217.86 </float_array>
                    <technique_common>
                        <accessor source="#geom-01C89425-pos-array" count="570" stride="3">
                            <param name="X" type="float" />
                            <param name="Y" type="float" />
                            <param name="Z" type="float" />
                        </accessor>
                    </technique_common>
                </source>
                <source id="geom-01C89425-texcoord">
                    <float_array id="geom-01C89425-texcoord-array" count="1140">0.50 0.02 0.98 0.02 0.50 0.50 0.98 0.50 0.98 0.50 0.50 0.50 0.98 0.98 0.50 0.98 0.98 0.50 0.50 0.50 0.98 0.98 0.50 0.98 0.02 0.50 0.02 0.98 0.50 0.98 0.50 0.52 0.98 0.52 0.50 0.98 0.98 0.98 0.98 0.02 0.50 0.02 0.02 0.02 0.50 0.52 0.98 0.52 0.50 0.98 0.98 0.98 0.02 0.52 0.02 0.98 0.02 0.52 0.02 0.98 0.98 0.98 0.98 0.50 0.50 0.50 0.98 0.98 0.50 0.98 0.98 0.07 0.98 -0.14 0.85 0.07 0.85 -0.14 0.70 -0.42 0.70 -0.28 0.85 -0.28 0.70 -0.14 0.29 -0.14 0.29 -0.28 0.14 -0.14 0.29 0.07 0.14 0.07 0.00 0.07 0.00 -0.14 0.70 -0.56 0.60 -0.56 0.60 -0.42 0.39 -0.42 0.39 -0.28 0.39 0.07 0.39 -0.14 0.14 0.28 0.00 0.28 0.29 0.28 0.39 0.28 0.85 0.28 0.70 0.28 0.70 0.07 0.49 -0.70 0.39 -0.70 0.49 -0.56 0.39 -0.56 0.49 -0.42 0.49 0.07 0.49 0.28 0.60 0.07 0.60 0.28 0.49 -0.14 0.60 -0.14 0.49 -0.28 0.60 -0.28 0.29 -0.56 0.29 -0.70 0.29 -0.42 0.44 0.07 0.44 -0.14 0.44 -0.28 0.14 -0.28 0.98 0.28 0.53 -0.62 0.55 -0.63 0.60 -0.61 0.64 -0.67 0.70 -0.70 0.64 -0.70 0.71 0.71 0.28 0.71 0.71 0.28 0.28 0.28 0.71 0.71 0.28 0.71 0.71 0.28 0.28 0.28 0.71 0.71 0.28 0.71 0.71 0.28 0.28 0.28 0.71 0.71 0.28 0.71 0.71 0.28 0.28 0.28 0.71 0.71 0.28 0.71 0.71 0.28 0.28 0.28 0.71 0.71 0.28 0.71 0.71 0.28 0.28 0.28 0.71 0.71 0.28 0.71 0.71 0.28 0.28 0.28 0.71 0.71 0.28 0.71 0.71 0.28 0.28 0.28 0.71 0.71 0.28 0.71 0.71 0.28 0.28 0.28 0.71 0.71 0.28 0.71 0.71 0.28 0.28 0.28 0.71 0.71 0.28 0.71 0.71 0.28 0.28 0.28 0.71 0.71 0.28 0.71 0.71 0.28 0.28 0.28 0.98 0.98 0.01 0.98 0.93 0.93 0.06 0.93 0.01 0.01 0.06 0.06 0.98 0.01 0.93 0.06 0.98 0.98 0.01 0.98 0.93 0.93 0.06 0.93 0.01 0.01 0.06 0.06 0.98 0.01 0.93 0.06 0.98 0.98 0.01 0.98 0.93 0.93 0.06 0.93 0.01 0.01 0.06 0.06 0.98 0.01 0.93 0.06 0.98 0.98 0.01 0.98 0.93 0.93 0.06 0.93 0.01 0.01 0.06 0.06 0.98 0.01 0.93 0.06 0.98 0.98 0.01 0.98 0.93 0.93 0.06 0.93 0.01 0.01 0.06 0.06 0.98 0.01 0.93 0.06 0.98 0.98 0.01 0.98 0.93 0.93 0.06 0.93 0.01 0.01 0.06 0.06 0.98 0.01 0.93 0.06 0.98 0.98 0.01 0.98 0.93 0.93 0.06 0.93 0.01 0.01 0.06 0.06 0.98 0.01 0.93 0.06 0.98 0.98 0.01 0.98 0.93 0.93 0.06 0.93 0.01 0.01 0.06 0.06 0.98 0.01 0.93 0.06 0.98 0.98 0.01 0.98 0.93 0.93 0.06 0.93 0.01 0.01 0.06 0.06 0.98 0.01 0.93 0.06 0.98 0.98 0.01 0.98 0.93 0.93 0.06 0.93 0.01 0.01 0.06 0.06 0.98 0.01 0.93 0.06 0.98 0.98 0.01 0.98 0.93 0.93 0.06 0.93 0.01 0.01 0.06 0.06 0.98 0.01 0.93 0.06 0.98 0.98 0.01 0.98 0.93 0.93 0.06 0.93 0.01 0.01 0.06 0.06 0.98 0.01 0.93 0.06 0.81 0.81 0.19 0.81 0.19 0.19 0.81 0.19 0.81 0.81 0.19 0.81 0.19 0.19 0.81 0.19 0.81 0.81 0.19 0.81 0.19 0.19 0.81 0.19 0.81 0.81 0.19 0.81 0.19 0.19 0.81 0.19 0.81 0.81 0.19 0.81 0.19 0.19 0.81 0.19 0.81 0.81 0.19 0.81 0.19 0.19 0.81 0.19 0.81 0.81 0.19 0.81 0.19 0.19 0.81 0.19 0.81 0.81 0.19 0.81 0.19 0.19 0.81 0.19 0.81 0.81 0.19 0.81 0.19 0.19 0.81 0.19 0.81 0.81 0.19 0.81 0.19 0.19 0.81 0.19 0.81 0.81 0.19 0.81 0.19 0.19 0.81 0.19 0.81 0.81 0.19 0.81 0.19 0.19 0.81 0.19 0.71 0.71 0.28 0.71 0.28 0.28 0.71 0.28 0.19 0.19 0.28 0.28 0.27 0.13 0.17 0.03 0.27 0.03 0.07 -0.07 0.17 -0.07 0.27 -0.07 0.00 0.03 0.00 -0.07 0.10 0.03 0.10 -0.07 0.10 -0.20 0.20 -0.07 0.20 -0.20 0.40 0.02 0.20 0.02 0.40 -0.12 0.20 -0.12 0.58 0.02 0.78 0.02 0.58 0.15 0.78 0.15 0.58 -0.12 0.44 -0.12 0.44 0.02 0.30 0.02 0.15 0.02 0.30 -0.12 0.15 -0.12 0.98 -0.12 0.98 0.02 0.83 -0.12 0.83 0.02 0.68 -0.12 0.68 0.02 0.54 -0.12 0.54 0.02 0.17 -0.20 0.27 -0.20 0.20 0.02 0.28 0.02 0.20 0.05 0.31 0.05 0.09 -0.08 0.01 -0.08 0.07 -0.18 0.01 -0.18 0.33 -0.18 0.31 -0.08 0.28 -0.18 0.28 -0.08 0.00 0.05 0.00 -0.08 0.98 0.02 0.98 -0.12 0.78 -0.12 0.00 0.02 0.00 0.15 0.20 0.15 0.30 0.15 0.44 0.15 0.40 0.15 0.54 0.15 0.15 0.15 0.00 0.02 0.00 0.15 0.68 0.15 0.83 0.15 0.40 0.05 0.39 -0.08 0.40 -0.08 0.17 -0.33 0.07 -0.33 0.07 -0.20 0.98 0.15 0.00 -0.12 0.00 -0.33 0.10 -0.33 0.00 -0.28 0.00 -0.20 0.00 -0.12 0.98 0.15 0.27 -0.33 0.27 -0.28 0.20 -0.33 0.09 0.05 0.12 -0.08 0.12 -0.18 0.12 0.02 0.39 -0.18 0.20 0.18 0.31 0.18 0.00 0.13 0.40 0.18 0.09 0.15 0.08 0.18 0.00 0.18 0.13 0.13 0.14 0.15 0.16 0.15 0.18 0.18 0.95 0.68 0.84 0.84 0.90 0.66 0.81 0.81 0.66 0.90 0.49 0.49 0.49 0.94 0.32 0.90 0.18 0.81 0.08 0.66 0.05 0.49 0.08 0.32 0.18 0.18 0.32 0.08 0.49 0.05 0.66 0.08 0.81 0.18 0.90 0.32 0.94 0.49 0.98 0.49 0.68 0.95 0.49 0.98 0.30 0.95 0.14 0.84 0.04 0.68 0.00 0.49 0.04 0.30 0.14 0.14 0.30 0.04 0.49 0.00 0.68 0.04 0.84 0.14 0.95 0.30 0.09 -0.16 0.46 -0.28 0.20 0.21 0.50 0.28 0.60 -0.12 0.62 0.22 0.79 -0.08 0.78 0.21 0.98 0.11 0.00 0.07 0.67 -0.29 0.71 -0.88 0.83 -0.75 0.54 -0.86 0.69 -0.89 0.18 -0.98 0.42 -0.95 0.00 -0.34 0.11 -0.43 0.01 -0.76 0.08 -0.81 0.05 -0.11 0.96 -0.34 0.68 0.21 0.29 0.09 0.00 0.74 0.30 0.74 0.25 0.64 0.61 0.74 0.49 0.53 0.70 0.22 0.37 0.37 0.37 0.00 0.68 0.00 0.65 0.37 0.12 0.00 0.05 0.22 0.09 0.37 0.70 0.22 0.37 0.37 0.68 0.00 0.37 0.00 0.65 0.37 0.09 0.37 0.00 0.00 0.74 0.00 0.65 0.37 0.46 0.00 0.37 0.25 0.37 0.37 0.09 0.37 0.28 0.00 0.00 0.00 0.74 0.00 0.65 0.37 0.37 0.37 0.37 0.00 0.07 0.25 0.12 0.00 0.09 0.37 0.25 0.85 0.50 0.95 0.62 0.48 0.37 0.48 0.12 0.48 0.62 0.48 0.37 0.48 0.12 0.48 0.62 0.48 0.37 0.48 0.12 0.48 0.62 0.48 0.37 0.48 0.98 0.98 0.77 0.98 0.89 0.68 0.77 0.68 0.77 0.01 0.77 0.43 0.71 0.43 0.83 0.43 0.77 0.68 0.89 0.68 0.71 0.43 0.77 0.43 0.65 0.68 0.77 0.68 0.83 0.43 0.89 0.68 0.71 0.43 0.77 0.43 0.65 0.68 0.77 0.68 0.83 0.43 0.77 0.43 0.71 0.43 0.65 0.68 0.83 0.43 0.00 0.74 0.61 0.74 0.49 0.53 0.50 0.95 0.61 0.74 0.00 0.74 0.50 0.95 0.49 0.53 0.77 0.98 0.55 0.98 0.65 0.68 0.12 0.48 0.98 0.98 0.55 0.98 0.77 0.98 0.98 0.98 0.77 0.98 0.55 0.98 0.98 0.98 0.89 0.68 0.55 0.98 0.50 0.95 0.61 0.74 0.30 0.74 0.49 0.53 0.25 0.64 0.00 0.74 0.30 0.74 0.00 0.74 0.25 0.85 0.30 0.74 0.61 0.74 0.49 0.53 0.50 0.95 0.19 0.87 0.50 0.87 0.25 0.98 0.50 0.98 0.50 0.01 0.50 0.43 0.01 0.01 0.01 0.43 0.74 0.65 0.80 0.87 0.74 0.98 0.01 0.87 0.25 0.65 0.98 0.01 0.98 0.43 0.98 0.87 </float_array>
                    <technique_common>
                        <accessor source="#geom-01C89425-texcoord-array" count="570" stride="2">
                            <param name="S" type="float" />
                            <param name="T" type="float" />
                        </accessor>
                    </technique_common>
                </source>
                <source id="geom-01C89425-colors">
                    <float_array id="geom-01C89425-colors-array" count="2280">0.56 1.00 0.91 1.00 0.29 0.51 0.44 1.00 0.46 0.75 0.65 1.00 0.35 0.73 0.47 1.00 0.31 0.60 0.33 1.00 0.45 0.76 0.45 1.00 0.14 0.22 0.14 1.00 0.09 0.12 0.09 1.00 0.32 0.64 0.41 1.00 0.51 1.00 0.72 1.00 0.34 0.69 0.42 1.00 0.51 1.00 0.65 1.00 0.51 1.00 0.72 1.00 0.51 1.00 0.65 1.00 0.51 1.00 0.64 1.00 0.51 1.00 0.64 1.00 0.28 0.42 0.28 1.00 0.49 0.96 0.54 1.00 0.37 0.65 0.37 1.00 0.31 0.55 0.47 1.00 0.55 1.00 0.87 1.00 0.55 1.00 0.87 1.00 0.49 0.96 0.54 1.00 0.37 0.65 0.37 1.00 0.09 0.33 0.13 1.00 0.14 0.21 0.14 1.00 0.45 0.76 0.45 1.00 0.09 0.12 0.09 1.00 0.51 1.00 0.65 1.00 0.45 0.76 0.45 1.00 0.28 0.42 0.28 1.00 0.34 0.69 0.42 1.00 0.51 1.00 0.65 1.00 0.31 0.60 0.33 1.00 0.45 0.76 0.45 1.00 0.08 0.13 0.08 1.00 0.11 0.20 0.11 1.00 0.33 0.74 0.37 1.00 0.38 0.64 0.38 1.00 0.14 0.22 0.14 1.00 0.36 0.60 0.36 1.00 0.13 0.23 0.13 1.00 0.31 0.47 0.31 1.00 0.31 0.47 0.31 1.00 0.36 0.60 0.36 1.00 0.37 0.64 0.37 1.00 0.29 0.42 0.29 1.00 0.32 1.00 0.42 1.00 0.08 0.13 0.08 1.00 0.11 0.19 0.11 1.00 0.22 0.29 0.26 1.00 0.00 0.00 0.00 1.00 0.31 0.55 0.35 1.00 0.38 0.83 0.48 1.00 0.35 0.58 0.35 1.00 0.29 1.00 0.43 1.00 0.11 0.17 0.11 1.00 0.11 0.11 0.08 1.00 0.05 0.05 0.04 1.00 0.11 0.11 0.08 1.00 0.11 0.20 0.10 1.00 0.11 0.11 0.08 1.00 0.11 0.11 0.08 1.00 0.29 0.43 0.29 1.00 0.22 0.31 0.28 1.00 0.19 0.20 0.20 1.00 0.19 0.19 0.19 1.00 0.21 0.25 0.24 1.00 0.45 1.00 0.59 1.00 0.10 0.51 0.17 1.00 0.00 0.00 0.00 1.00 0.29 0.82 0.36 1.00 0.11 0.16 0.09 1.00 0.13 0.21 0.13 1.00 0.31 0.47 0.31 1.00 0.08 0.13 0.08 1.00 0.35 0.58 0.35 1.00 0.23 0.31 0.28 1.00 0.08 0.08 0.08 1.00 0.15 0.23 0.15 1.00 0.00 0.01 0.00 1.00 0.00 0.00 0.00 1.00 0.04 0.07 0.04 1.00 0.13 0.23 0.13 1.00 0.05 0.05 0.04 1.00 0.19 0.19 0.19 1.00 0.19 0.19 0.19 1.00 0.19 0.19 0.19 1.00 0.19 0.19 0.19 1.00 0.08 0.08 0.08 1.00 0.19 0.19 0.19 1.00 0.21 0.50 0.25 1.00 0.21 0.50 0.25 1.00 0.21 0.50 0.25 1.00 0.21 0.50 0.25 1.00 0.14 0.44 0.26 1.00 0.19 1.00 0.47 1.00 0.14 0.49 0.28 1.00 0.19 1.00 0.49 1.00 0.17 0.55 0.29 1.00 0.14 0.77 0.36 1.00 0.19 0.40 0.25 1.00 0.19 0.67 0.33 1.00 0.25 0.87 0.36 1.00 0.19 0.35 0.24 1.00 0.24 1.00 0.49 1.00 0.19 0.77 0.36 1.00 0.14 0.49 0.28 1.00 0.14 0.87 0.39 1.00 0.19 0.54 0.29 1.00 0.19 0.64 0.32 1.00 0.19 0.75 0.35 1.00 0.19 0.87 0.39 1.00 0.19 0.64 0.32 1.00 0.19 0.80 0.37 1.00 0.19 0.44 0.27 1.00 0.20 0.89 0.37 1.00 0.20 1.00 0.47 1.00 0.14 0.97 0.42 1.00 0.14 0.59 0.31 1.00 0.17 1.00 0.43 1.00 0.19 0.33 0.23 1.00 0.19 0.43 0.26 1.00 0.14 0.68 0.33 1.00 0.14 0.82 0.38 1.00 0.14 0.67 0.33 1.00 0.14 0.97 0.42 1.00 0.19 0.82 0.37 1.00 0.25 0.85 0.36 1.00 0.19 0.67 0.33 1.00 0.24 0.31 0.24 1.00 0.19 0.38 0.25 1.00 0.19 0.20 0.19 1.00 0.19 0.59 0.31 1.00 0.19 0.39 0.25 1.00 0.19 0.56 0.30 1.00 0.19 0.51 0.28 1.00 0.19 0.47 0.27 1.00 0.19 0.54 0.29 1.00 0.19 0.39 0.25 1.00 0.19 0.23 0.20 1.00 0.19 0.33 0.23 1.00 0.19 0.36 0.24 1.00 0.25 0.41 0.27 1.00 0.28 1.00 0.42 1.00 0.19 0.75 0.35 1.00 0.19 0.67 0.33 1.00 0.19 1.00 0.45 1.00 0.28 0.47 0.29 1.00 0.24 1.00 0.47 1.00 0.30 1.00 0.50 1.00 0.27 0.47 0.29 1.00 0.29 1.00 0.49 1.00 0.14 0.60 0.31 1.00 0.14 0.86 0.39 1.00 0.27 1.00 0.53 1.00 0.14 0.95 0.42 1.00 0.30 1.00 0.54 1.00 0.14 1.00 0.44 1.00 0.19 0.67 0.33 1.00 0.19 0.56 0.30 1.00 0.19 0.51 0.28 1.00 0.19 0.44 0.26 1.00 0.26 0.58 0.31 1.00 0.19 0.75 0.36 1.00 0.27 0.69 0.33 1.00 0.19 0.62 0.32 1.00 0.19 1.00 0.47 1.00 0.25 1.00 0.58 1.00 0.28 0.41 0.28 1.00 0.31 1.00 0.59 1.00 0.14 0.95 0.42 1.00 0.14 0.60 0.31 1.00 0.14 0.88 0.39 1.00 0.14 1.00 0.44 1.00 0.19 0.67 0.33 1.00 0.19 0.47 0.27 1.00 0.19 0.67 0.33 1.00 0.19 0.63 0.32 1.00 0.19 0.75 0.36 1.00 0.19 0.75 0.35 1.00 0.19 0.80 0.37 1.00 0.19 0.59 0.31 1.00 0.19 1.00 0.45 1.00 0.19 1.00 0.47 1.00 0.19 1.00 0.47 1.00 0.27 1.00 0.65 1.00 0.28 0.41 0.28 1.00 0.19 1.00 0.47 1.00 0.30 1.00 0.55 1.00 0.24 1.00 0.48 1.00 0.14 0.95 0.42 1.00 0.14 0.66 0.33 1.00 0.27 1.00 0.53 1.00 0.29 1.00 0.56 1.00 0.14 0.60 0.31 1.00 0.27 0.47 0.29 1.00 0.14 0.74 0.35 1.00 0.29 1.00 0.56 1.00 0.19 0.19 0.19 1.00 0.19 0.40 0.25 1.00 0.19 0.67 0.33 1.00 0.19 0.63 0.32 1.00 0.19 1.00 0.47 1.00 0.19 1.00 0.45 1.00 0.27 1.00 0.69 1.00 0.19 1.00 0.46 1.00 0.14 0.60 0.31 1.00 0.14 0.90 0.40 1.00 0.14 0.95 0.42 1.00 0.14 1.00 0.45 1.00 0.19 0.75 0.35 1.00 0.25 0.41 0.27 1.00 0.19 0.62 0.31 1.00 0.26 0.81 0.35 1.00 0.28 0.47 0.29 1.00 0.30 1.00 0.53 1.00 0.19 1.00 0.45 1.00 0.25 1.00 0.53 1.00 0.19 0.46 0.27 1.00 0.19 0.19 0.19 1.00 0.19 0.43 0.26 1.00 0.19 0.30 0.22 1.00 0.19 0.75 0.36 1.00 0.19 0.70 0.34 1.00 0.26 0.58 0.31 1.00 0.28 0.76 0.35 1.00 0.19 0.19 0.19 1.00 0.19 0.39 0.25 1.00 0.19 0.23 0.20 1.00 0.19 0.49 0.27 1.00 0.19 0.75 0.35 1.00 0.19 0.51 0.28 1.00 0.19 0.75 0.36 1.00 0.19 0.62 0.31 1.00 0.19 0.32 0.23 1.00 0.19 0.44 0.26 1.00 0.23 0.55 0.29 1.00 0.19 0.70 0.34 1.00 0.21 1.00 0.65 1.00 0.21 0.69 0.33 1.00 0.21 0.78 0.35 1.00 0.21 1.00 0.58 1.00 0.19 1.00 0.45 1.00 0.14 0.73 0.35 1.00 0.19 0.70 0.34 1.00 0.19 0.26 0.21 1.00 0.27 0.66 0.33 1.00 0.19 0.89 0.40 1.00 0.27 1.00 0.61 1.00 0.26 1.00 0.43 1.00 0.14 0.93 0.41 1.00 0.14 0.65 0.33 1.00 0.19 0.66 0.33 1.00 0.19 0.46 0.27 1.00 0.19 0.63 0.32 1.00 0.19 0.71 0.34 1.00 0.19 0.70 0.34 1.00 0.19 0.91 0.40 1.00 0.21 0.69 0.34 1.00 0.21 1.00 0.68 1.00 0.21 1.00 0.67 1.00 0.21 0.97 0.39 1.00 0.14 0.97 0.42 1.00 0.19 0.63 0.31 1.00 0.19 0.45 0.27 1.00 0.19 0.46 0.27 1.00 0.14 0.87 0.39 1.00 0.14 1.00 0.49 1.00 0.14 1.00 0.47 1.00 0.14 0.97 0.42 1.00 0.19 0.60 0.31 1.00 0.27 0.75 0.35 1.00 0.26 0.49 0.29 1.00 0.27 1.00 0.66 1.00 0.19 0.21 0.19 1.00 0.19 0.53 0.29 1.00 0.19 0.48 0.27 1.00 0.24 0.42 0.26 1.00 0.19 0.19 0.19 1.00 0.19 0.26 0.21 1.00 0.19 0.19 0.19 1.00 0.19 0.19 0.19 1.00 0.19 0.19 0.19 1.00 0.19 0.19 0.19 1.00 0.19 0.19 0.19 1.00 0.19 0.19 0.19 1.00 0.24 0.82 0.47 1.00 0.24 0.69 0.43 1.00 0.19 0.19 0.19 1.00 0.19 0.19 0.19 1.00 0.24 0.85 0.36 1.00 0.13 0.13 0.13 1.00 0.27 0.45 0.29 1.00 0.25 1.00 0.46 1.00 0.24 0.31 0.24 1.00 0.25 1.00 0.47 1.00 0.19 0.19 0.19 1.00 0.28 1.00 0.43 1.00 0.28 0.85 0.36 1.00 0.13 0.13 0.13 1.00 0.13 0.13 0.13 1.00 0.43 0.78 0.43 1.00 0.36 0.60 0.36 1.00 0.35 0.58 0.35 1.00 0.31 0.49 0.31 1.00 0.44 0.79 0.44 1.00 0.35 0.59 0.35 1.00 0.39 0.68 0.39 1.00 0.33 0.54 0.33 1.00 0.35 0.58 0.35 1.00 0.38 0.65 0.38 1.00 0.50 0.94 0.50 1.00 0.27 0.40 0.27 1.00 0.19 0.19 0.19 1.00 0.28 0.41 0.28 1.00 0.19 0.19 0.19 1.00 0.09 0.13 0.12 1.00 0.09 0.13 0.12 1.00 0.25 0.40 0.35 1.00 0.25 0.39 0.35 1.00 0.38 0.87 0.52 1.00 0.27 0.39 0.27 1.00 0.37 0.63 0.37 1.00 0.49 0.91 0.49 1.00 0.28 0.94 0.39 1.00 0.26 0.70 0.33 1.00 0.21 0.26 0.24 1.00 0.27 0.45 0.40 1.00 0.26 0.43 0.37 1.00 0.25 0.38 0.34 1.00 0.19 0.19 0.19 1.00 0.08 0.08 0.08 1.00 0.22 0.29 0.26 1.00 0.09 0.11 0.11 1.00 0.22 0.29 0.26 1.00 0.19 0.19 0.19 1.00 0.22 0.31 0.28 1.00 0.19 0.19 0.19 1.00 0.09 0.13 0.12 1.00 0.09 0.13 0.12 1.00 0.13 0.13 0.13 1.00 0.13 0.13 0.13 1.00 0.31 0.49 0.31 1.00 0.13 0.13 0.13 1.00 0.13 0.13 0.13 1.00 0.34 0.55 0.34 1.00 0.28 0.42 0.28 1.00 0.45 0.81 0.45 1.00 0.39 0.68 0.39 1.00 0.44 0.80 0.44 1.00 0.19 0.19 0.19 1.00 0.09 0.13 0.12 1.00 0.08 0.08 0.08 1.00 0.28 0.40 0.28 1.00 0.19 0.19 0.19 1.00 0.09 0.13 0.12 1.00 0.09 0.13 0.12 1.00 0.09 0.13 0.12 1.00 0.19 0.19 0.19 1.00 0.13 0.13 0.13 1.00 0.13 0.13 0.13 1.00 0.13 0.13 0.13 1.00 0.09 0.13 0.12 1.00 0.25 0.35 0.25 1.00 0.19 0.19 0.19 1.00 0.26 1.00 0.41 1.00 0.26 0.91 0.37 1.00 0.13 0.13 0.13 1.00 0.08 0.08 0.08 1.00 0.25 0.35 0.25 1.00 0.26 1.00 0.46 1.00 0.13 0.13 0.13 1.00 0.19 0.19 0.19 1.00 0.19 0.19 0.19 1.00 0.22 0.30 0.27 1.00 0.19 0.19 0.19 1.00 0.09 0.11 0.11 1.00 0.23 0.31 0.28 1.00 0.22 0.29 0.27 1.00 0.19 0.19 0.19 1.00 0.08 0.08 0.08 1.00 0.20 0.22 0.22 1.00 0.20 0.21 0.21 1.00 0.08 0.08 0.08 1.00 0.22 0.28 0.26 1.00 0.22 0.28 0.26 1.00 0.22 0.29 0.27 1.00 0.22 0.30 0.27 1.00 0.29 1.00 0.68 1.00 0.30 1.00 0.62 1.00 0.24 1.00 0.55 1.00 0.25 1.00 0.55 1.00 0.28 1.00 0.65 1.00 0.21 1.00 0.76 1.00 0.32 1.00 0.76 1.00 0.35 1.00 0.85 1.00 0.38 1.00 0.93 1.00 0.40 1.00 0.97 1.00 0.41 1.00 0.98 1.00 0.40 1.00 0.96 1.00 0.38 1.00 0.91 1.00 0.35 1.00 0.82 1.00 0.32 1.00 0.75 1.00 0.28 1.00 0.69 1.00 0.25 1.00 0.60 1.00 0.24 1.00 0.55 1.00 0.23 1.00 0.54 1.00 0.29 1.00 0.59 1.00 0.32 1.00 0.76 1.00 0.34 1.00 0.82 1.00 0.36 1.00 0.87 1.00 0.37 1.00 0.92 1.00 0.38 1.00 0.95 1.00 0.39 1.00 0.97 1.00 0.38 1.00 0.96 1.00 0.38 1.00 0.93 1.00 0.36 1.00 0.80 1.00 0.34 1.00 0.81 1.00 0.32 1.00 0.52 1.00 0.30 1.00 0.56 1.00 0.29 1.00 0.67 1.00 0.20 0.22 0.22 1.00 0.22 0.28 0.26 1.00 0.20 0.23 0.22 1.00 0.19 0.19 0.19 1.00 0.22 0.28 0.26 1.00 0.19 0.19 0.19 1.00 0.22 0.29 0.27 1.00 0.19 0.19 0.19 1.00 0.22 0.30 0.27 1.00 0.20 0.21 0.21 1.00 0.19 0.19 0.19 1.00 0.20 0.21 0.21 1.00 0.20 0.23 0.22 1.00 0.19 0.19 0.19 1.00 0.19 0.19 0.19 1.00 0.19 0.19 0.19 1.00 0.19 0.19 0.19 1.00 0.23 0.33 0.29 1.00 0.22 0.31 0.28 1.00 0.19 0.19 0.19 1.00 0.19 0.19 0.19 1.00 0.22 0.30 0.27 1.00 0.19 0.19 0.19 1.00 0.19 0.19 0.19 1.00 0.19 0.19 0.19 1.00 0.32 1.00 0.44 1.00 0.31 1.00 0.48 1.00 0.09 0.27 0.12 1.00 0.31 1.00 0.48 1.00 0.09 0.29 0.12 1.00 0.31 1.00 0.48 1.00 0.28 1.00 0.46 1.00 0.09 0.26 0.11 1.00 0.09 0.29 0.12 1.00 0.36 1.00 0.63 1.00 0.06 0.13 0.08 1.00 0.23 0.73 0.33 1.00 0.24 1.00 0.40 1.00 0.23 0.73 0.33 1.00 0.19 0.56 0.30 1.00 0.06 0.12 0.08 1.00 0.06 0.11 0.07 1.00 0.24 1.00 0.40 1.00 0.24 0.89 0.37 1.00 0.06 0.11 0.08 1.00 0.06 0.11 0.08 1.00 0.24 0.89 0.37 1.00 0.08 0.20 0.10 1.00 0.27 1.00 0.41 1.00 0.28 1.00 0.48 1.00 0.35 1.00 0.58 1.00 0.28 0.89 0.38 1.00 0.10 0.30 0.13 1.00 0.10 0.30 0.13 1.00 0.35 1.00 0.58 1.00 0.38 1.00 0.64 1.00 0.11 0.38 0.15 1.00 0.31 1.00 0.48 1.00 0.09 0.31 0.13 1.00 0.36 1.00 0.63 1.00 0.09 0.31 0.13 1.00 0.09 0.31 0.13 1.00 0.36 1.00 0.62 1.00 0.28 1.00 0.48 1.00 0.24 0.98 0.39 1.00 0.24 0.98 0.39 1.00 0.19 0.58 0.31 1.00 0.24 0.95 0.38 1.00 0.24 0.95 0.38 1.00 0.28 1.00 0.47 1.00 0.35 1.00 0.61 1.00 0.35 1.00 0.61 1.00 0.38 1.00 0.66 1.00 0.36 1.00 0.62 1.00 0.38 1.00 0.66 1.00 0.34 1.00 0.52 1.00 0.36 1.00 0.56 1.00 0.33 1.00 1.00 1.00 0.29 1.00 0.41 1.00 0.34 1.00 0.52 1.00 0.20 0.42 0.25 1.00 0.28 1.00 0.41 1.00 0.21 0.57 0.29 1.00 0.20 0.42 0.25 1.00 0.19 0.31 0.22 1.00 0.21 0.57 0.29 1.00 0.19 0.41 0.25 1.00 0.20 0.36 0.24 1.00 0.21 0.54 0.29 1.00 0.20 0.36 0.24 1.00 0.28 0.88 0.38 1.00 0.21 0.54 0.29 1.00 0.28 0.97 0.40 1.00 0.33 1.00 0.49 1.00 0.38 1.00 0.58 1.00 0.33 1.00 0.49 1.00 0.33 1.00 0.50 1.00 0.34 1.00 0.52 1.00 0.27 0.82 0.36 1.00 0.27 1.00 0.41 1.00 0.28 0.89 0.38 1.00 0.08 0.20 0.10 1.00 0.23 0.73 0.33 1.00 0.19 0.41 0.25 1.00 0.06 0.13 0.08 1.00 0.06 0.12 0.08 1.00 0.28 1.00 0.48 1.00 0.36 1.00 0.62 1.00 0.34 1.00 0.52 1.00 0.36 1.00 0.62 1.00 0.24 0.98 0.39 1.00 0.24 0.98 0.39 1.00 0.19 0.58 0.31 1.00 0.24 0.95 0.38 1.00 0.28 1.00 0.47 1.00 0.24 0.95 0.38 1.00 0.35 1.00 0.61 1.00 0.33 1.00 0.50 1.00 0.35 1.00 0.61 1.00 0.10 0.14 0.10 1.00 0.37 1.00 0.45 1.00 0.35 0.56 0.35 1.00 0.09 0.14 0.09 1.00 0.08 0.13 0.11 1.00 0.08 0.12 0.11 1.00 0.09 0.15 0.13 1.00 0.22 0.28 0.26 1.00 0.11 0.25 0.16 1.00 0.22 0.28 0.26 1.00 0.34 0.70 0.45 1.00 0.08 0.11 0.10 1.00 0.10 0.16 0.11 1.00 0.22 0.30 0.27 1.00 0.40 0.56 0.50 1.00 0.08 0.06 0.15 1.00 0.08 0.06 0.15 1.00 0.62 1.00 1.00 1.00 0.58 1.00 0.94 1.00 0.25 0.39 0.34 1.00 0.25 0.38 0.34 1.00 0.25 0.40 0.35 1.00 0.22 0.31 0.28 1.00 0.08 0.06 0.15 1.00 0.22 0.29 0.26 1.00 0.26 0.40 0.35 1.00 0.25 0.39 0.34 1.00 0.25 0.38 0.34 1.00 0.22 0.29 0.26 1.00 </float_array>
                    <technique_common>
                        <accessor source="#geom-01C89425-colors-array" count="570" stride="4">
                            <param name="R" type="float" />
                            <param name="G" type="float" />
                            <param name="B" type="float" />
                            <param name="A" type="float" />
                        </accessor>
                    </technique_common>
                </source>
                <vertices id="geom-01C89425-vtx">
                    <input semantic="POSITION" source="#geom-01C89425-pos" />
                </vertices>
                <triangles count="72" material="material-03472997-symbol">
                    <input semantic="VERTEX" source="#geom-01C89425-vtx" offset="0" />
                    <input semantic="TEXCOORD" source="#geom-01C89425-texcoord" offset="0" />
                    <input semantic="COLOR" source="#geom-01C89425-colors" offset="0" />
                    <p>0 1 2 12 0 2 12 2 13 13 2 14 2 3 14 2 1 3 14 3 30 4 5 6 6 5 7 8 9 10 8 20 9 19 20 8 10 9 11 15 16 17 29 15 17 28 15 29 17 16 18 21 0 12 22 23 24 27 22 24 26 22 27 24 23 25 31 32 33 33 32 34 </p>
                </triangles>
            </mesh>
        </geometry>
        <geometry id="geom-000D354D" name="geom-000D354D">
            <mesh>
                <source id="geom-000D354D-pos">
                    <float_array id="geom-000D354D-pos-array" count="1605">1791.16 350.00 2742.05 1731.16 350.00 2638.13 1836.62 410.00 2715.80 1776.62 410.00 2611.88 1775.08 350.00 2474.20 1799.65 410.00 2529.30 1753.12 350.00 2556.17 1824.64 470.00 2584.16 2053.36 470.00 2452.10 2018.35 410.00 2403.03 2101.38 410.00 2424.38 2114.24 470.00 2555.52 2161.38 410.00 2528.30 2206.85 350.00 2502.05 2146.85 350.00 2398.13 1730.08 350.00 2396.26 1775.54 350.00 2370.01 1820.54 350.00 2447.96 1937.46 350.00 2380.46 1967.46 410.00 2432.42 2057.46 470.00 2588.30 1997.46 470.00 2484.38 2221.38 410.00 2632.22 2266.85 350.00 2605.98 2175.91 470.00 2658.48 2117.46 470.00 2692.22 1896.62 410.00 2819.72 1942.09 470.00 2793.48 1883.76 470.00 2688.59 1789.00 350.00 2258.32 1847.46 350.00 2224.57 1834.00 350.00 2336.26 1892.46 350.00 2302.51 1879.00 350.00 2414.20 1999.00 470.00 2622.05 2059.00 470.00 2725.98 1940.54 470.00 2655.80 2000.54 470.00 2759.72 1939.00 470.00 2518.13 1880.54 470.00 2551.88 1909.00 410.00 2466.17 1850.54 410.00 2499.92 1937.92 350.00 2276.26 1892.92 350.00 2198.32 1982.92 350.00 2354.20 2028.23 470.00 2605.18 1968.23 470.00 2501.25 1938.23 410.00 2449.29 2064.88 350.00 2376.17 1851.16 350.00 2845.98 1796.10 350.00 2314.38 1781.43 350.00 2318.88 1759.27 350.00 2341.82 1724.54 350.00 2323.66 1685.08 350.00 2318.32 1711.20 350.00 2303.24 2126.08 431.59 2724.65 2154.98 431.59 2693.86 2126.08 390.91 2724.65 2154.98 390.91 2693.86 2126.07 276.59 2724.65 2154.98 276.59 2693.86 2126.07 235.91 2724.65 2154.98 235.91 2693.86 1983.20 199.09 2793.04 2024.32 199.09 2783.40 1983.20 158.41 2793.04 2024.32 158.41 2783.40 1983.20 354.09 2793.04 2024.32 354.09 2783.40 1983.20 313.41 2793.04 2024.32 313.41 2783.40 2060.60 199.09 2769.17 2095.60 199.09 2748.96 2060.60 158.41 2769.17 2095.60 158.41 2748.96 2060.60 354.09 2769.17 2095.60 354.09 2748.96 2060.60 313.41 2769.17 2095.60 313.41 2748.96 1983.20 276.59 2793.04 2024.32 276.59 2783.40 1983.20 235.91 2793.04 2024.32 235.91 2783.40 2126.08 199.09 2724.65 2154.98 199.09 2693.86 2126.08 158.41 2724.65 2154.98 158.41 2693.86 2060.60 276.59 2769.17 2095.60 276.59 2748.96 2060.60 235.91 2769.17 2095.60 235.91 2748.96 2126.07 354.09 2724.65 2154.98 354.09 2693.86 2126.07 313.41 2724.65 2154.98 313.41 2693.86 1983.20 431.59 2793.04 2024.32 431.59 2783.40 1983.20 390.91 2793.04 2024.32 390.91 2783.40 2060.60 431.59 2769.17 2095.60 431.59 2748.96 2060.60 390.91 2769.17 2095.60 390.91 2748.96 2108.04 450.00 2733.92 2163.09 450.00 2675.28 2106.90 446.12 2727.34 2156.45 446.12 2674.56 2163.09 372.50 2675.28 2156.45 376.38 2674.56 2108.04 372.50 2733.92 2106.90 376.38 2727.34 2108.04 295.00 2733.92 2163.09 295.00 2675.28 2106.90 291.12 2727.34 2156.45 291.12 2674.56 2163.09 217.50 2675.28 2156.45 221.37 2674.56 2108.04 217.50 2733.92 2106.90 221.37 2727.34 1963.06 217.50 2790.77 2041.36 217.50 2772.42 1965.75 213.62 2784.66 2036.23 213.62 2768.14 2041.36 140.00 2772.42 2036.23 143.88 2768.14 1963.06 140.00 2790.77 1965.75 143.88 2784.66 1963.06 372.50 2790.77 2041.36 372.50 2772.42 1965.75 368.62 2784.66 2036.23 368.62 2768.14 2041.36 295.00 2772.42 2036.23 298.88 2768.14 1963.06 295.00 2790.77 1965.75 298.88 2784.66 2041.36 217.50 2772.42 2108.04 217.50 2733.92 2042.03 213.62 2765.88 2102.04 213.62 2731.23 2108.04 140.00 2733.92 2102.04 143.88 2731.23 2041.36 140.00 2772.42 2042.03 143.88 2765.88 2041.36 372.50 2772.42 2108.04 372.50 2733.92 2042.03 368.62 2765.88 2102.04 368.62 2731.23 2108.04 295.00 2733.92 2102.04 298.88 2731.23 2041.36 295.00 2772.42 2042.03 298.88 2765.88 1963.06 295.00 2790.77 2041.36 295.00 2772.42 1965.75 291.12 2784.66 2036.23 291.12 2768.14 2041.36 217.50 2772.42 2036.23 221.38 2768.14 1963.06 217.50 2790.77 1965.75 221.38 2784.66 2108.04 217.50 2733.92 2163.09 217.50 2675.28 2106.90 213.63 2727.34 2156.45 213.63 2674.56 2163.09 140.00 2675.28 2156.45 143.88 2674.56 2108.04 140.00 2733.92 2106.90 143.88 2727.34 2041.36 295.00 2772.42 2108.04 295.00 2733.92 2042.03 291.12 2765.88 2102.04 291.12 2731.23 2108.04 217.50 2733.92 2102.04 221.38 2731.23 2041.36 217.50 2772.42 2042.03 221.38 2765.88 2108.04 372.50 2733.92 2163.09 372.50 2675.28 2106.90 368.62 2727.34 2156.45 368.62 2674.56 2163.09 295.00 2675.28 2156.45 298.88 2674.56 2108.04 295.00 2733.92 2106.90 298.88 2727.34 1963.06 450.00 2790.77 2041.36 450.00 2772.42 1965.75 446.12 2784.66 2036.23 446.12 2768.14 2041.36 372.50 2772.42 2036.23 376.38 2768.14 1963.06 372.50 2790.77 1965.75 376.38 2784.66 2041.36 450.00 2772.42 2108.04 450.00 2733.92 2042.03 446.12 2765.88 2102.04 446.12 2731.23 2108.04 372.50 2733.92 2102.04 376.38 2731.23 2041.36 372.50 2772.42 2042.03 376.38 2765.88 2114.34 435.66 2719.42 2149.02 435.66 2682.48 2149.02 386.84 2682.48 2114.34 386.84 2719.42 2114.34 280.66 2719.42 2149.02 280.66 2682.48 2149.02 231.84 2682.48 2114.34 231.84 2719.42 1976.32 203.16 2782.18 2025.66 203.16 2770.62 2025.66 154.34 2770.62 1976.32 154.34 2782.18 1976.32 358.16 2782.18 2025.66 358.16 2770.62 2025.66 309.34 2770.62 1976.32 309.34 2782.18 2051.03 203.16 2760.68 2093.04 203.16 2736.42 2093.04 154.34 2736.42 2051.03 154.34 2760.68 2051.03 358.16 2760.68 2093.04 358.16 2736.42 2093.04 309.34 2736.42 2051.03 309.34 2760.68 1976.32 280.66 2782.18 2025.66 280.66 2770.62 2025.66 231.84 2770.62 1976.32 231.84 2782.18 2114.34 203.16 2719.42 2149.02 203.16 2682.48 2149.02 154.34 2682.48 2114.34 154.34 2719.42 2051.03 280.66 2760.68 2093.04 280.66 2736.42 2093.04 231.84 2736.42 2051.03 231.84 2760.68 2114.34 358.16 2719.42 2149.02 358.16 2682.48 2149.02 309.34 2682.48 2114.34 309.34 2719.42 1976.32 435.66 2782.18 2025.66 435.66 2770.62 2025.66 386.84 2770.62 1976.32 386.84 2782.18 2051.03 435.66 2760.68 2093.04 435.66 2736.42 2093.04 386.84 2736.42 2051.03 386.84 2760.68 2126.08 431.59 2724.65 2154.98 431.59 2693.86 2154.98 390.91 2693.86 2126.08 390.91 2724.65 2093.04 231.84 2736.42 2095.60 235.91 2748.96 2177.94 450.00 2661.98 2224.90 390.00 2634.86 2177.94 390.00 2661.98 2271.86 330.00 2607.75 2224.90 330.00 2634.86 2177.94 330.00 2661.98 1944.11 390.49 2796.98 1944.11 330.00 2796.98 1897.15 390.00 2824.09 1897.15 330.00 2824.09 1897.15 250.00 2824.09 1850.19 330.00 2851.20 1850.19 250.00 2851.20 1727.45 250.00 2638.62 1788.82 250.00 2744.91 1727.45 170.00 2638.62 1788.82 170.00 2744.91 2149.12 250.00 2395.16 2210.49 250.00 2501.46 2149.12 330.00 2395.16 2210.49 330.00 2501.46 2149.12 170.00 2395.16 2067.16 170.00 2373.20 2067.16 250.00 2373.20 1985.20 250.00 2351.24 1940.81 250.00 2273.77 1985.20 170.00 2351.24 1940.81 170.00 2273.77 1681.57 170.00 2320.34 1681.57 250.00 2320.34 1726.47 170.00 2397.52 1726.47 250.00 2397.52 1771.37 170.00 2474.69 1771.37 250.00 2474.69 1749.41 170.00 2556.66 1749.41 250.00 2556.66 2224.90 250.00 2634.86 2177.94 250.00 2661.98 1789.00 230.00 2258.32 1832.30 230.00 2233.32 1788.65 250.00 2257.71 1849.27 250.00 2222.71 1728.38 170.00 2293.32 1685.08 170.00 2318.32 1719.14 110.00 2298.20 1685.08 110.00 2318.32 1857.94 110.00 2217.86 1849.62 170.00 2223.32 1832.06 110.00 2232.90 1832.30 170.00 2233.32 1681.57 250.00 2320.34 1681.57 170.00 2320.34 2271.86 250.00 2607.75 2271.86 170.00 2607.75 2210.49 170.00 2501.46 1850.19 250.00 2851.20 1850.19 330.00 2851.20 1788.82 330.00 2744.91 1985.20 330.00 2351.24 2067.16 330.00 2373.20 1727.45 330.00 2638.62 1749.41 330.00 2556.66 1940.81 330.00 2273.77 1896.43 250.00 2196.30 1895.02 329.94 2193.85 1771.37 330.00 2474.69 1726.47 330.00 2397.52 1896.43 250.00 2196.30 1892.92 170.00 2198.32 1896.43 170.00 2196.30 2224.90 170.00 2634.86 2271.86 170.00 2607.75 2271.86 250.00 2607.75 2271.86 330.00 2607.75 1896.43 170.00 2196.30 1944.11 170.00 2796.98 1897.15 170.00 2824.09 1944.11 203.16 2796.98 1944.11 250.00 2796.98 1850.19 170.00 2851.20 1680.16 330.00 2317.90 2177.94 170.00 2661.98 2177.94 203.16 2661.98 1850.19 170.00 2851.20 1728.03 250.00 2292.71 1745.70 170.00 2283.32 1745.46 110.00 2282.90 1745.70 230.00 2283.32 1892.92 110.00 2198.32 1787.59 330.00 2255.88 1846.32 330.00 2221.97 1944.11 450.00 2796.98 1895.02 329.94 2193.85 1728.62 311.72 2290.48 1723.25 330.00 2293.02 1680.16 330.00 2317.90 1750.95 301.48 2277.90 1753.42 313.73 2276.10 1764.80 315.85 2269.46 1776.23 330.00 2262.44 2038.83 136.67 2667.08 2044.23 136.67 2656.13 2037.64 140.00 2666.17 2042.78 140.00 2655.74 2043.54 140.00 2644.14 2014.00 137.61 2648.03 2039.81 140.00 2633.13 2032.14 140.00 2624.39 2021.71 140.00 2619.25 2010.11 140.00 2618.49 1999.10 140.00 2622.22 1990.36 140.00 2629.89 1985.22 140.00 2640.32 1984.46 140.00 2651.92 1988.19 140.00 2662.93 1995.86 140.00 2671.67 2006.29 140.00 2676.82 2017.89 140.00 2677.58 2028.90 140.00 2673.84 2029.65 136.67 2675.14 2045.03 136.67 2643.95 2041.10 136.67 2632.38 2033.05 136.67 2623.20 2022.10 136.67 2617.80 2009.92 136.67 2617.00 1998.35 136.67 2620.93 1989.17 136.67 2628.98 1983.77 136.67 2639.93 1982.97 136.67 2652.12 1986.90 136.67 2663.68 1994.95 136.67 2672.86 2005.90 136.67 2678.26 2018.08 136.67 2679.06 1728.62 311.72 2290.48 1750.95 301.48 2277.90 1726.67 330.00 2267.76 1741.74 330.00 2249.82 1753.42 313.73 2276.10 1746.94 330.00 2258.14 1764.80 315.85 2269.46 1757.11 330.00 2254.56 1776.23 330.00 2262.44 1723.25 330.00 2293.02 1719.24 399.61 2181.26 1723.25 330.00 2293.02 1726.67 330.00 2267.76 1711.20 350.00 2303.24 1725.58 330.00 2294.94 1759.27 350.00 2341.82 1724.54 350.00 2323.66 1778.39 330.00 2264.45 1789.00 350.00 2258.32 1796.10 350.00 2314.38 1781.43 350.00 2318.88 1776.23 330.00 2262.44 1741.74 330.00 2249.82 1746.94 330.00 2258.14 1757.11 330.00 2254.56 1896.79 470.00 2621.02 1931.58 460.00 2633.27 1922.55 470.00 2639.63 1964.82 450.00 2634.86 1946.77 470.00 2647.59 1964.82 450.00 2634.86 1979.36 440.00 2668.03 1950.78 470.00 2684.53 1946.77 470.00 2647.59 1974.88 440.00 2638.28 1981.27 470.00 2707.34 2001.32 450.00 2698.08 2003.38 440.00 2687.65 2001.32 450.00 2698.08 2034.50 440.00 2683.54 2014.06 470.00 2716.13 2050.50 470.00 2711.25 2003.38 440.00 2687.65 2053.62 440.00 2658.65 2084.17 470.00 2667.56 2084.17 470.00 2667.56 2053.62 440.00 2658.65 2080.16 470.00 2630.62 2058.17 450.00 2622.53 2048.64 440.00 2628.03 2025.12 440.00 2609.28 2062.66 470.00 2600.31 2032.67 470.00 2578.36 2032.67 470.00 2578.36 2025.12 440.00 2609.28 1994.00 440.00 2613.39 1978.00 470.00 2585.68 1964.82 450.00 2634.86 1955.56 470.00 2614.80 1974.88 440.00 2638.28 1926.94 470.00 2623.24 1955.56 470.00 2614.80 1984.20 437.61 2640.41 1987.15 437.61 2663.53 2006.20 437.61 2678.52 2006.20 437.61 2678.52 2029.75 437.61 2675.31 2044.30 437.61 2656.52 2044.30 437.61 2656.52 2040.85 437.61 2632.53 2022.30 437.61 2618.41 2022.30 437.61 2618.41 1998.75 437.61 2621.62 1984.20 437.61 2640.41 1998.75 437.61 2621.62 1998.76 413.71 2644.04 2006.22 413.71 2634.56 2014.00 340.00 2648.03 2007.66 387.44 2651.79 2007.18 387.44 2646.26 2012.37 387.44 2655.26 1999.84 413.71 2656.36 2010.34 413.71 2664.09 2012.37 387.44 2655.26 2017.72 387.44 2654.48 2010.34 413.71 2664.09 2022.28 413.71 2662.37 2021.07 387.44 2650.23 2029.74 413.71 2652.89 2021.07 387.44 2650.23 2020.42 387.44 2644.42 2029.74 413.71 2652.89 2028.29 413.71 2639.93 2015.88 387.44 2641.24 2010.52 387.44 2642.01 2015.88 387.44 2641.24 2018.16 413.71 2632.84 2007.18 387.44 2646.26 2125.72 470.00 2583.53 2058.17 450.00 2622.53 2062.66 470.00 2600.31 2080.16 470.00 2630.62 2001.32 450.00 2698.08 1991.28 470.00 2754.68 1981.27 470.00 2707.34 2014.06 470.00 2716.13 1987.15 437.61 2663.53 1984.20 437.61 2640.41 1998.76 413.71 2644.04 1984.20 437.61 2640.41 2006.20 437.61 2678.52 2006.20 437.61 2678.52 2029.75 437.61 2675.31 2044.30 437.61 2656.52 2040.85 437.61 2632.53 2044.30 437.61 2656.52 2022.30 437.61 2618.41 2018.16 413.71 2632.84 2022.30 437.61 2618.41 1949.17 401.00 2433.74 1947.60 380.00 2445.03 1942.86 378.00 2410.82 1930.78 386.00 2425.88 1861.46 350.00 2375.83 1852.12 350.00 2339.66 1869.30 333.00 2379.40 1852.12 350.00 2339.66 1878.59 350.00 2377.49 1869.30 333.00 2379.40 1870.30 326.00 2411.14 1859.80 350.00 2392.96 1882.46 350.00 2412.20 1745.46 110.00 2282.90 1788.69 110.00 2257.86 1744.00 110.00 2261.00 1779.00 110.00 2241.00 1858.50 110.00 2379.00 1823.60 110.00 2318.43 1789.00 110.00 2419.00 1753.97 110.00 2358.43 1840.82 110.00 2268.22 1832.06 110.00 2232.90 1813.50 110.00 2221.00 1719.14 110.00 2298.20 1771.33 110.00 2308.24 1928.00 110.00 2339.00 1892.97 110.00 2278.43 1857.94 110.00 2217.86 </float_array>
                    <technique_common>
                        <accessor source="#geom-000D354D-pos-array" count="535" stride="3">
                            <param name="X" type="float" />
                            <param name="Y" type="float" />
                            <param name="Z" type="float" />
                        </accessor>
                    </technique_common>
                </source>
                <source id="geom-000D354D-texcoord">
                    <float_array id="geom-000D354D-texcoord-array" count="1070">3.50 0.25 3.50 -0.50 3.02 0.25 3.02 -0.50 2.50 -1.50 2.50 -1.00 3.02 -1.00 2.50 -0.50 1.02 -0.50 1.02 -1.00 0.50 -0.50 1.02 0.25 0.50 0.25 0.00 0.25 0.00 -0.50 2.50 -2.00 2.12 -2.00 2.12 -1.50 1.38 -1.50 1.38 -1.00 1.38 0.25 1.38 -0.50 0.50 1.00 0.00 1.00 1.02 1.00 1.38 1.00 3.02 1.00 2.50 1.00 2.50 0.25 1.76 -2.50 1.38 -2.50 1.76 -2.00 1.38 -2.00 1.76 -1.50 1.76 0.25 1.76 1.00 2.12 0.25 2.12 1.00 1.76 -0.50 2.12 -0.50 1.76 -1.00 2.12 -1.00 1.02 -2.00 1.02 -2.50 1.02 -1.50 1.57 0.25 1.57 -0.50 1.57 -1.00 0.50 -1.00 3.50 1.00 1.88 -2.21 1.96 -2.23 2.12 -2.18 2.27 -2.36 2.50 -2.50 2.28 -2.50 2.54 2.54 0.99 2.54 2.54 0.99 0.99 0.99 2.54 2.54 0.99 2.54 2.54 0.99 0.99 0.99 2.54 2.54 0.99 2.54 2.54 0.99 0.99 0.99 2.54 2.54 0.99 2.54 2.54 0.99 0.99 0.99 2.54 2.54 0.99 2.54 2.54 0.99 0.99 0.99 2.54 2.54 0.99 2.54 2.54 0.99 0.99 0.99 2.54 2.54 0.99 2.54 2.54 0.99 0.99 0.99 2.54 2.54 0.99 2.54 2.54 0.99 0.99 0.99 2.54 2.54 0.99 2.54 2.54 0.99 0.99 0.99 2.54 2.54 0.99 2.54 2.54 0.99 0.99 0.99 2.54 2.54 0.99 2.54 2.54 0.99 0.99 0.99 2.54 2.54 0.99 2.54 2.54 0.99 0.99 0.99 3.50 3.50 0.03 3.50 3.31 3.31 0.22 3.31 0.03 0.03 0.22 0.22 3.50 0.03 3.31 0.22 3.50 3.50 0.03 3.50 3.31 3.31 0.22 3.31 0.03 0.03 0.22 0.22 3.50 0.03 3.31 0.22 3.50 3.50 0.03 3.50 3.31 3.31 0.22 3.31 0.03 0.03 0.22 0.22 3.50 0.03 3.31 0.22 3.50 3.50 0.03 3.50 3.31 3.31 0.22 3.31 0.03 0.03 0.22 0.22 3.50 0.03 3.31 0.22 3.50 3.50 0.03 3.50 3.31 3.31 0.22 3.31 0.03 0.03 0.22 0.22 3.50 0.03 3.31 0.22 3.50 3.50 0.03 3.50 3.31 3.31 0.22 3.31 0.03 0.03 0.22 0.22 3.50 0.03 3.31 0.22 3.50 3.50 0.03 3.50 3.31 3.31 0.22 3.31 0.03 0.03 0.22 0.22 3.50 0.03 3.31 0.22 3.50 3.50 0.03 3.50 3.31 3.31 0.22 3.31 0.03 0.03 0.22 0.22 3.50 0.03 3.31 0.22 3.50 3.50 0.03 3.50 3.31 3.31 0.22 3.31 0.03 0.03 0.22 0.22 3.50 0.03 3.31 0.22 3.50 3.50 0.03 3.50 3.31 3.31 0.22 3.31 0.03 0.03 0.22 0.22 3.50 0.03 3.31 0.22 3.50 3.50 0.03 3.50 3.31 3.31 0.22 3.31 0.03 0.03 0.22 0.22 3.50 0.03 3.31 0.22 3.50 3.50 0.03 3.50 3.31 3.31 0.22 3.31 0.03 0.03 0.22 0.22 3.50 0.03 3.31 0.22 2.87 2.87 0.66 2.87 0.66 0.66 2.87 0.66 2.87 2.87 0.66 2.87 0.66 0.66 2.87 0.66 2.87 2.87 0.66 2.87 0.66 0.66 2.87 0.66 2.87 2.87 0.66 2.87 0.66 0.66 2.87 0.66 2.87 2.87 0.66 2.87 0.66 0.66 2.87 0.66 2.87 2.87 0.66 2.87 0.66 0.66 2.87 0.66 2.87 2.87 0.66 2.87 0.66 0.66 2.87 0.66 2.87 2.87 0.66 2.87 0.66 0.66 2.87 0.66 2.87 2.87 0.66 2.87 0.66 0.66 2.87 0.66 2.87 2.87 0.66 2.87 0.66 0.66 2.87 0.66 2.87 2.87 0.66 2.87 0.66 0.66 2.87 0.66 2.87 2.87 0.66 2.87 0.66 0.66 2.87 0.66 2.54 2.54 0.99 2.54 0.99 0.99 2.54 0.99 0.66 0.66 0.99 0.99 0.95 0.47 0.59 0.12 0.95 0.12 0.24 -0.24 0.59 -0.24 0.95 -0.24 0.00 0.12 0.00 -0.24 0.35 0.12 0.35 -0.24 0.35 -0.71 0.71 -0.24 0.71 -0.71 1.42 0.05 0.71 0.05 1.42 -0.42 0.71 -0.42 2.07 0.05 2.77 0.05 2.07 0.53 2.77 0.53 2.07 -0.42 1.56 -0.42 1.56 0.05 1.06 0.05 0.53 0.05 1.06 -0.42 0.53 -0.42 3.48 -0.42 3.48 0.05 2.95 -0.42 2.95 0.05 2.42 -0.42 2.42 0.05 1.92 -0.42 1.92 0.05 0.59 -0.71 0.95 -0.71 0.71 0.06 1.00 0.06 0.71 0.18 1.11 0.18 0.31 -0.30 0.02 -0.30 0.25 -0.63 0.02 -0.63 1.17 -0.63 1.10 -0.30 1.00 -0.63 1.00 -0.30 0.00 0.18 0.00 -0.30 3.48 0.05 3.48 -0.42 2.77 -0.42 0.00 0.05 0.00 0.53 0.71 0.53 1.06 0.53 1.56 0.53 1.42 0.53 1.92 0.53 0.53 0.53 0.00 0.05 0.00 0.53 2.42 0.53 2.95 0.53 1.42 0.18 1.40 -0.30 1.42 -0.30 0.59 -1.18 0.24 -1.18 0.24 -0.71 3.48 0.53 0.00 -0.42 0.00 -1.18 0.35 -1.18 0.00 -0.99 0.00 -0.71 0.00 -0.42 3.50 0.53 0.95 -1.18 0.95 -0.99 0.71 -1.18 0.31 0.18 0.43 -0.30 0.43 -0.63 0.43 0.06 1.40 -0.63 0.71 0.63 1.10 0.63 0.00 0.47 1.43 0.63 0.32 0.53 0.28 0.63 0.00 0.63 0.46 0.47 0.48 0.54 0.56 0.55 0.63 0.63 3.37 2.42 2.99 2.99 3.21 2.35 2.87 2.87 2.35 3.21 1.75 1.75 1.75 3.33 1.15 3.21 0.63 2.87 0.29 2.35 0.17 1.75 0.29 1.15 0.63 0.63 1.15 0.29 1.75 0.17 2.35 0.29 2.87 0.63 3.21 1.15 3.33 1.75 3.50 1.75 2.42 3.37 1.75 3.50 1.08 3.37 0.51 2.99 0.13 2.42 0.00 1.75 0.13 1.08 0.51 0.51 1.08 0.13 1.75 0.00 2.42 0.13 2.99 0.51 3.37 1.08 0.31 -0.58 1.62 -1.00 0.70 0.76 1.79 1.00 2.14 -0.42 2.22 0.77 2.81 -0.30 2.77 0.75 3.50 0.39 0.00 0.26 2.40 -1.03 2.52 -3.12 2.94 -2.65 1.91 -3.05 2.46 -3.15 0.64 -3.50 1.48 -3.36 0.01 -1.19 0.38 -1.54 0.02 -2.72 0.30 -2.90 0.17 -0.40 3.40 -1.21 2.41 0.73 1.03 0.31 0.00 2.64 1.08 2.63 0.88 2.26 2.16 2.62 1.76 1.88 2.50 0.79 1.31 1.31 1.31 0.00 2.41 0.00 2.30 1.31 0.44 0.00 0.16 0.79 0.33 1.31 2.50 0.79 1.31 1.31 2.41 0.00 1.31 0.00 2.30 1.31 0.33 1.31 0.00 0.00 2.62 0.00 2.30 1.31 1.65 0.00 1.31 0.88 1.31 1.31 0.33 1.31 1.01 0.00 0.00 0.00 2.62 0.00 2.30 1.31 1.31 1.31 1.31 0.00 0.25 0.91 0.44 0.00 0.33 1.31 0.88 3.01 1.77 3.38 2.19 1.70 1.31 1.70 0.44 1.70 2.19 1.70 1.31 1.70 0.44 1.70 2.19 1.70 1.31 1.70 0.44 1.70 2.19 1.70 1.31 1.70 3.50 3.50 2.73 3.50 3.17 2.41 2.73 2.41 2.73 0.03 2.73 1.53 2.52 1.53 2.95 1.53 2.73 2.41 3.17 2.41 2.52 1.53 2.73 1.53 2.30 2.41 2.73 2.41 2.95 1.53 3.17 2.41 2.52 1.53 2.73 1.53 2.30 2.41 2.73 2.41 2.95 1.53 2.73 1.53 2.52 1.53 2.30 2.41 2.95 1.53 0.00 2.64 2.16 2.62 1.76 1.88 1.77 3.38 2.16 2.62 0.00 2.64 1.77 3.38 1.76 1.88 2.73 3.50 1.97 3.50 2.30 2.41 0.44 1.70 3.50 3.50 1.97 3.50 2.73 3.50 3.50 3.50 2.73 3.50 1.97 3.50 3.50 3.50 3.17 2.41 1.97 3.50 1.77 3.38 2.16 2.62 1.08 2.63 1.76 1.88 0.88 2.26 0.00 2.64 1.08 2.63 0.00 2.64 0.88 3.01 1.08 2.63 2.16 2.62 1.76 1.88 1.77 3.38 0.68 3.08 1.76 3.09 0.88 3.50 1.76 3.50 1.76 0.03 1.76 1.54 0.03 0.03 0.03 1.54 2.65 2.31 2.86 3.08 2.65 3.50 0.03 3.09 0.88 2.31 3.50 0.03 3.50 1.54 3.50 3.09 </float_array>
                    <technique_common>
                        <accessor source="#geom-000D354D-texcoord-array" count="535" stride="2">
                            <param name="S" type="float" />
                            <param name="T" type="float" />
                        </accessor>
                    </technique_common>
                </source>
                <source id="geom-000D354D-colors">
                    <float_array id="geom-000D354D-colors-array" count="2140">0.08 0.13 0.08 1.00 0.11 0.20 0.11 1.00 0.33 0.74 0.37 1.00 0.38 0.64 0.38 1.00 0.14 0.22 0.14 1.00 0.36 0.60 0.36 1.00 0.13 0.23 0.13 1.00 0.31 0.47 0.31 1.00 0.31 0.47 0.31 1.00 0.36 0.60 0.36 1.00 0.37 0.64 0.37 1.00 0.29 0.42 0.29 1.00 0.32 1.00 0.42 1.00 0.08 0.13 0.08 1.00 0.11 0.19 0.11 1.00 0.22 0.29 0.26 1.00 0.00 0.00 0.00 1.00 0.31 0.55 0.35 1.00 0.38 0.83 0.48 1.00 0.35 0.58 0.35 1.00 0.29 1.00 0.43 1.00 0.11 0.17 0.11 1.00 0.11 0.11 0.08 1.00 0.05 0.05 0.04 1.00 0.11 0.11 0.08 1.00 0.11 0.20 0.10 1.00 0.11 0.11 0.08 1.00 0.11 0.11 0.08 1.00 0.29 0.43 0.29 1.00 0.22 0.31 0.28 1.00 0.19 0.20 0.20 1.00 0.19 0.19 0.19 1.00 0.21 0.25 0.24 1.00 0.45 1.00 0.59 1.00 0.10 0.51 0.17 1.00 0.00 0.00 0.00 1.00 0.29 0.82 0.36 1.00 0.11 0.16 0.09 1.00 0.13 0.21 0.13 1.00 0.31 0.47 0.31 1.00 0.08 0.13 0.08 1.00 0.35 0.58 0.35 1.00 0.23 0.31 0.28 1.00 0.08 0.08 0.08 1.00 0.15 0.23 0.15 1.00 0.00 0.01 0.00 1.00 0.00 0.00 0.00 1.00 0.04 0.07 0.04 1.00 0.13 0.23 0.13 1.00 0.05 0.05 0.04 1.00 0.19 0.19 0.19 1.00 0.19 0.19 0.19 1.00 0.19 0.19 0.19 1.00 0.19 0.19 0.19 1.00 0.08 0.08 0.08 1.00 0.19 0.19 0.19 1.00 0.21 0.50 0.25 1.00 0.21 0.50 0.25 1.00 0.21 0.50 0.25 1.00 0.21 0.50 0.25 1.00 0.14 0.44 0.26 1.00 0.19 1.00 0.47 1.00 0.14 0.49 0.28 1.00 0.19 1.00 0.49 1.00 0.17 0.55 0.29 1.00 0.14 0.77 0.36 1.00 0.19 0.40 0.25 1.00 0.19 0.67 0.33 1.00 0.25 0.87 0.36 1.00 0.19 0.35 0.24 1.00 0.24 1.00 0.49 1.00 0.19 0.77 0.36 1.00 0.14 0.49 0.28 1.00 0.14 0.87 0.39 1.00 0.19 0.54 0.29 1.00 0.19 0.64 0.32 1.00 0.19 0.75 0.35 1.00 0.19 0.87 0.39 1.00 0.19 0.64 0.32 1.00 0.19 0.80 0.37 1.00 0.19 0.44 0.27 1.00 0.20 0.89 0.37 1.00 0.20 1.00 0.47 1.00 0.14 0.97 0.42 1.00 0.14 0.59 0.31 1.00 0.17 1.00 0.43 1.00 0.19 0.33 0.23 1.00 0.19 0.43 0.26 1.00 0.14 0.68 0.33 1.00 0.14 0.82 0.38 1.00 0.14 0.67 0.33 1.00 0.14 0.97 0.42 1.00 0.19 0.82 0.37 1.00 0.25 0.85 0.36 1.00 0.19 0.67 0.33 1.00 0.24 0.31 0.24 1.00 0.19 0.38 0.25 1.00 0.19 0.20 0.19 1.00 0.19 0.59 0.31 1.00 0.19 0.39 0.25 1.00 0.19 0.56 0.30 1.00 0.19 0.51 0.28 1.00 0.19 0.47 0.27 1.00 0.19 0.54 0.29 1.00 0.19 0.39 0.25 1.00 0.19 0.23 0.20 1.00 0.19 0.33 0.23 1.00 0.19 0.36 0.24 1.00 0.25 0.41 0.27 1.00 0.28 1.00 0.42 1.00 0.19 0.75 0.35 1.00 0.19 0.67 0.33 1.00 0.19 1.00 0.45 1.00 0.28 0.47 0.29 1.00 0.24 1.00 0.47 1.00 0.30 1.00 0.50 1.00 0.27 0.47 0.29 1.00 0.29 1.00 0.49 1.00 0.14 0.60 0.31 1.00 0.14 0.86 0.39 1.00 0.27 1.00 0.53 1.00 0.14 0.95 0.42 1.00 0.30 1.00 0.54 1.00 0.14 1.00 0.44 1.00 0.19 0.67 0.33 1.00 0.19 0.56 0.30 1.00 0.19 0.51 0.28 1.00 0.19 0.44 0.26 1.00 0.26 0.58 0.31 1.00 0.19 0.75 0.36 1.00 0.27 0.69 0.33 1.00 0.19 0.62 0.32 1.00 0.19 1.00 0.47 1.00 0.25 1.00 0.58 1.00 0.28 0.41 0.28 1.00 0.31 1.00 0.59 1.00 0.14 0.95 0.42 1.00 0.14 0.60 0.31 1.00 0.14 0.88 0.39 1.00 0.14 1.00 0.44 1.00 0.19 0.67 0.33 1.00 0.19 0.47 0.27 1.00 0.19 0.67 0.33 1.00 0.19 0.63 0.32 1.00 0.19 0.75 0.36 1.00 0.19 0.75 0.35 1.00 0.19 0.80 0.37 1.00 0.19 0.59 0.31 1.00 0.19 1.00 0.45 1.00 0.19 1.00 0.47 1.00 0.19 1.00 0.47 1.00 0.27 1.00 0.65 1.00 0.28 0.41 0.28 1.00 0.19 1.00 0.47 1.00 0.30 1.00 0.55 1.00 0.24 1.00 0.48 1.00 0.14 0.95 0.42 1.00 0.14 0.66 0.33 1.00 0.27 1.00 0.53 1.00 0.29 1.00 0.56 1.00 0.14 0.60 0.31 1.00 0.27 0.47 0.29 1.00 0.14 0.74 0.35 1.00 0.29 1.00 0.56 1.00 0.19 0.19 0.19 1.00 0.19 0.40 0.25 1.00 0.19 0.67 0.33 1.00 0.19 0.63 0.32 1.00 0.19 1.00 0.47 1.00 0.19 1.00 0.45 1.00 0.27 1.00 0.69 1.00 0.19 1.00 0.46 1.00 0.14 0.60 0.31 1.00 0.14 0.90 0.40 1.00 0.14 0.95 0.42 1.00 0.14 1.00 0.45 1.00 0.19 0.75 0.35 1.00 0.25 0.41 0.27 1.00 0.19 0.62 0.31 1.00 0.26 0.81 0.35 1.00 0.28 0.47 0.29 1.00 0.30 1.00 0.53 1.00 0.19 1.00 0.45 1.00 0.25 1.00 0.53 1.00 0.19 0.46 0.27 1.00 0.19 0.19 0.19 1.00 0.19 0.43 0.26 1.00 0.19 0.30 0.22 1.00 0.19 0.75 0.36 1.00 0.19 0.70 0.34 1.00 0.26 0.58 0.31 1.00 0.28 0.76 0.35 1.00 0.19 0.19 0.19 1.00 0.19 0.39 0.25 1.00 0.19 0.23 0.20 1.00 0.19 0.49 0.27 1.00 0.19 0.75 0.35 1.00 0.19 0.51 0.28 1.00 0.19 0.75 0.36 1.00 0.19 0.62 0.31 1.00 0.19 0.32 0.23 1.00 0.19 0.44 0.26 1.00 0.23 0.55 0.29 1.00 0.19 0.70 0.34 1.00 0.21 1.00 0.65 1.00 0.21 0.69 0.33 1.00 0.21 0.78 0.35 1.00 0.21 1.00 0.58 1.00 0.19 1.00 0.45 1.00 0.14 0.73 0.35 1.00 0.19 0.70 0.34 1.00 0.19 0.26 0.21 1.00 0.27 0.66 0.33 1.00 0.19 0.89 0.40 1.00 0.27 1.00 0.61 1.00 0.26 1.00 0.43 1.00 0.14 0.93 0.41 1.00 0.14 0.65 0.33 1.00 0.19 0.66 0.33 1.00 0.19 0.46 0.27 1.00 0.19 0.63 0.32 1.00 0.19 0.71 0.34 1.00 0.19 0.70 0.34 1.00 0.19 0.91 0.40 1.00 0.21 0.69 0.34 1.00 0.21 1.00 0.68 1.00 0.21 1.00 0.67 1.00 0.21 0.97 0.39 1.00 0.14 0.97 0.42 1.00 0.19 0.63 0.31 1.00 0.19 0.45 0.27 1.00 0.19 0.46 0.27 1.00 0.14 0.87 0.39 1.00 0.14 1.00 0.49 1.00 0.14 1.00 0.47 1.00 0.14 0.97 0.42 1.00 0.19 0.60 0.31 1.00 0.27 0.75 0.35 1.00 0.26 0.49 0.29 1.00 0.27 1.00 0.66 1.00 0.19 0.21 0.19 1.00 0.19 0.53 0.29 1.00 0.19 0.48 0.27 1.00 0.24 0.42 0.26 1.00 0.19 0.19 0.19 1.00 0.19 0.26 0.21 1.00 0.19 0.19 0.19 1.00 0.19 0.19 0.19 1.00 0.19 0.19 0.19 1.00 0.19 0.19 0.19 1.00 0.19 0.19 0.19 1.00 0.19 0.19 0.19 1.00 0.24 0.82 0.47 1.00 0.24 0.69 0.43 1.00 0.19 0.19 0.19 1.00 0.19 0.19 0.19 1.00 0.24 0.85 0.36 1.00 0.13 0.13 0.13 1.00 0.27 0.45 0.29 1.00 0.25 1.00 0.46 1.00 0.24 0.31 0.24 1.00 0.25 1.00 0.47 1.00 0.19 0.19 0.19 1.00 0.28 1.00 0.43 1.00 0.28 0.85 0.36 1.00 0.13 0.13 0.13 1.00 0.13 0.13 0.13 1.00 0.43 0.78 0.43 1.00 0.36 0.60 0.36 1.00 0.35 0.58 0.35 1.00 0.31 0.49 0.31 1.00 0.44 0.79 0.44 1.00 0.35 0.59 0.35 1.00 0.39 0.68 0.39 1.00 0.33 0.54 0.33 1.00 0.35 0.58 0.35 1.00 0.38 0.65 0.38 1.00 0.50 0.94 0.50 1.00 0.27 0.40 0.27 1.00 0.19 0.19 0.19 1.00 0.28 0.41 0.28 1.00 0.19 0.19 0.19 1.00 0.09 0.13 0.12 1.00 0.09 0.13 0.12 1.00 0.25 0.40 0.35 1.00 0.25 0.39 0.35 1.00 0.38 0.87 0.52 1.00 0.27 0.39 0.27 1.00 0.37 0.63 0.37 1.00 0.49 0.91 0.49 1.00 0.28 0.94 0.39 1.00 0.26 0.70 0.33 1.00 0.21 0.26 0.24 1.00 0.27 0.45 0.40 1.00 0.26 0.43 0.37 1.00 0.25 0.38 0.34 1.00 0.19 0.19 0.19 1.00 0.08 0.08 0.08 1.00 0.22 0.29 0.26 1.00 0.09 0.11 0.11 1.00 0.22 0.29 0.26 1.00 0.19 0.19 0.19 1.00 0.22 0.31 0.28 1.00 0.19 0.19 0.19 1.00 0.09 0.13 0.12 1.00 0.09 0.13 0.12 1.00 0.13 0.13 0.13 1.00 0.13 0.13 0.13 1.00 0.31 0.49 0.31 1.00 0.13 0.13 0.13 1.00 0.13 0.13 0.13 1.00 0.34 0.55 0.34 1.00 0.28 0.42 0.28 1.00 0.45 0.81 0.45 1.00 0.39 0.68 0.39 1.00 0.44 0.80 0.44 1.00 0.19 0.19 0.19 1.00 0.09 0.13 0.12 1.00 0.08 0.08 0.08 1.00 0.28 0.40 0.28 1.00 0.19 0.19 0.19 1.00 0.09 0.13 0.12 1.00 0.09 0.13 0.12 1.00 0.09 0.13 0.12 1.00 0.19 0.19 0.19 1.00 0.13 0.13 0.13 1.00 0.13 0.13 0.13 1.00 0.13 0.13 0.13 1.00 0.09 0.13 0.12 1.00 0.25 0.35 0.25 1.00 0.19 0.19 0.19 1.00 0.26 1.00 0.41 1.00 0.26 0.91 0.37 1.00 0.13 0.13 0.13 1.00 0.08 0.08 0.08 1.00 0.25 0.35 0.25 1.00 0.26 1.00 0.46 1.00 0.13 0.13 0.13 1.00 0.19 0.19 0.19 1.00 0.19 0.19 0.19 1.00 0.22 0.30 0.27 1.00 0.19 0.19 0.19 1.00 0.09 0.11 0.11 1.00 0.23 0.31 0.28 1.00 0.22 0.29 0.27 1.00 0.19 0.19 0.19 1.00 0.08 0.08 0.08 1.00 0.20 0.22 0.22 1.00 0.20 0.21 0.21 1.00 0.08 0.08 0.08 1.00 0.22 0.28 0.26 1.00 0.22 0.28 0.26 1.00 0.22 0.29 0.27 1.00 0.22 0.30 0.27 1.00 0.29 1.00 0.68 1.00 0.30 1.00 0.62 1.00 0.24 1.00 0.55 1.00 0.25 1.00 0.55 1.00 0.28 1.00 0.65 1.00 0.21 1.00 0.76 1.00 0.32 1.00 0.76 1.00 0.35 1.00 0.85 1.00 0.38 1.00 0.93 1.00 0.40 1.00 0.97 1.00 0.41 1.00 0.98 1.00 0.40 1.00 0.96 1.00 0.38 1.00 0.91 1.00 0.35 1.00 0.82 1.00 0.32 1.00 0.75 1.00 0.28 1.00 0.69 1.00 0.25 1.00 0.60 1.00 0.24 1.00 0.55 1.00 0.23 1.00 0.54 1.00 0.29 1.00 0.59 1.00 0.32 1.00 0.76 1.00 0.34 1.00 0.82 1.00 0.36 1.00 0.87 1.00 0.37 1.00 0.92 1.00 0.38 1.00 0.95 1.00 0.39 1.00 0.97 1.00 0.38 1.00 0.96 1.00 0.38 1.00 0.93 1.00 0.36 1.00 0.80 1.00 0.34 1.00 0.81 1.00 0.32 1.00 0.52 1.00 0.30 1.00 0.56 1.00 0.29 1.00 0.67 1.00 0.20 0.22 0.22 1.00 0.22 0.28 0.26 1.00 0.20 0.23 0.22 1.00 0.19 0.19 0.19 1.00 0.22 0.28 0.26 1.00 0.19 0.19 0.19 1.00 0.22 0.29 0.27 1.00 0.19 0.19 0.19 1.00 0.22 0.30 0.27 1.00 0.20 0.21 0.21 1.00 0.19 0.19 0.19 1.00 0.20 0.21 0.21 1.00 0.20 0.23 0.22 1.00 0.19 0.19 0.19 1.00 0.19 0.19 0.19 1.00 0.19 0.19 0.19 1.00 0.19 0.19 0.19 1.00 0.23 0.33 0.29 1.00 0.22 0.31 0.28 1.00 0.19 0.19 0.19 1.00 0.19 0.19 0.19 1.00 0.22 0.30 0.27 1.00 0.19 0.19 0.19 1.00 0.19 0.19 0.19 1.00 0.19 0.19 0.19 1.00 0.32 1.00 0.44 1.00 0.31 1.00 0.48 1.00 0.09 0.27 0.12 1.00 0.31 1.00 0.48 1.00 0.09 0.29 0.12 1.00 0.31 1.00 0.48 1.00 0.28 1.00 0.46 1.00 0.09 0.26 0.11 1.00 0.09 0.29 0.12 1.00 0.36 1.00 0.63 1.00 0.06 0.13 0.08 1.00 0.23 0.73 0.33 1.00 0.24 1.00 0.40 1.00 0.23 0.73 0.33 1.00 0.19 0.56 0.30 1.00 0.06 0.12 0.08 1.00 0.06 0.11 0.07 1.00 0.24 1.00 0.40 1.00 0.24 0.89 0.37 1.00 0.06 0.11 0.08 1.00 0.06 0.11 0.08 1.00 0.24 0.89 0.37 1.00 0.08 0.20 0.10 1.00 0.27 1.00 0.41 1.00 0.28 1.00 0.48 1.00 0.35 1.00 0.58 1.00 0.28 0.89 0.38 1.00 0.10 0.30 0.13 1.00 0.10 0.30 0.13 1.00 0.35 1.00 0.58 1.00 0.38 1.00 0.64 1.00 0.11 0.38 0.15 1.00 0.31 1.00 0.48 1.00 0.09 0.31 0.13 1.00 0.36 1.00 0.63 1.00 0.09 0.31 0.13 1.00 0.09 0.31 0.13 1.00 0.36 1.00 0.62 1.00 0.28 1.00 0.48 1.00 0.24 0.98 0.39 1.00 0.24 0.98 0.39 1.00 0.19 0.58 0.31 1.00 0.24 0.95 0.38 1.00 0.24 0.95 0.38 1.00 0.28 1.00 0.47 1.00 0.35 1.00 0.61 1.00 0.35 1.00 0.61 1.00 0.38 1.00 0.66 1.00 0.36 1.00 0.62 1.00 0.38 1.00 0.66 1.00 0.34 1.00 0.52 1.00 0.36 1.00 0.56 1.00 0.33 1.00 1.00 1.00 0.29 1.00 0.41 1.00 0.34 1.00 0.52 1.00 0.20 0.42 0.25 1.00 0.28 1.00 0.41 1.00 0.21 0.57 0.29 1.00 0.20 0.42 0.25 1.00 0.19 0.31 0.22 1.00 0.21 0.57 0.29 1.00 0.19 0.41 0.25 1.00 0.20 0.36 0.24 1.00 0.21 0.54 0.29 1.00 0.20 0.36 0.24 1.00 0.28 0.88 0.38 1.00 0.21 0.54 0.29 1.00 0.28 0.97 0.40 1.00 0.33 1.00 0.49 1.00 0.38 1.00 0.58 1.00 0.33 1.00 0.49 1.00 0.33 1.00 0.50 1.00 0.34 1.00 0.52 1.00 0.27 0.82 0.36 1.00 0.27 1.00 0.41 1.00 0.28 0.89 0.38 1.00 0.08 0.20 0.10 1.00 0.23 0.73 0.33 1.00 0.19 0.41 0.25 1.00 0.06 0.13 0.08 1.00 0.06 0.12 0.08 1.00 0.28 1.00 0.48 1.00 0.36 1.00 0.62 1.00 0.34 1.00 0.52 1.00 0.36 1.00 0.62 1.00 0.24 0.98 0.39 1.00 0.24 0.98 0.39 1.00 0.19 0.58 0.31 1.00 0.24 0.95 0.38 1.00 0.28 1.00 0.47 1.00 0.24 0.95 0.38 1.00 0.35 1.00 0.61 1.00 0.33 1.00 0.50 1.00 0.35 1.00 0.61 1.00 0.10 0.14 0.10 1.00 0.37 1.00 0.45 1.00 0.35 0.56 0.35 1.00 0.09 0.14 0.09 1.00 0.08 0.13 0.11 1.00 0.08 0.12 0.11 1.00 0.09 0.15 0.13 1.00 0.22 0.28 0.26 1.00 0.11 0.25 0.16 1.00 0.22 0.28 0.26 1.00 0.34 0.70 0.45 1.00 0.08 0.11 0.10 1.00 0.10 0.16 0.11 1.00 0.22 0.30 0.27 1.00 0.40 0.56 0.50 1.00 0.08 0.06 0.15 1.00 0.08 0.06 0.15 1.00 0.62 1.00 1.00 1.00 0.58 1.00 0.94 1.00 0.25 0.39 0.34 1.00 0.25 0.38 0.34 1.00 0.25 0.40 0.35 1.00 0.22 0.31 0.28 1.00 0.08 0.06 0.15 1.00 0.22 0.29 0.26 1.00 0.26 0.40 0.35 1.00 0.25 0.39 0.34 1.00 0.25 0.38 0.34 1.00 0.22 0.29 0.26 1.00 </float_array>
                    <technique_common>
                        <accessor source="#geom-000D354D-colors-array" count="535" stride="4">
                            <param name="R" type="float" />
                            <param name="G" type="float" />
                            <param name="B" type="float" />
                            <param name="A" type="float" />
                        </accessor>
                    </technique_common>
                </source>
                <vertices id="geom-000D354D-vtx">
                    <input semantic="POSITION" source="#geom-000D354D-pos" />
                </vertices>
                <triangles count="246" material="material-001B8080-symbol">
                    <input semantic="VERTEX" source="#geom-000D354D-vtx" offset="0" />
                    <input semantic="TEXCOORD" source="#geom-000D354D-texcoord" offset="0" />
                    <input semantic="COLOR" source="#geom-000D354D-colors" offset="0" />
                    <p>0 1 2 26 0 2 26 2 27 27 2 28 28 37 27 36 37 28 36 35 37 34 35 36 39 34 36 38 34 39 39 40 38 41 40 39 17 40 41 33 40 17 17 16 33 15 16 17 15 17 4 17 41 4 4 41 5 4 5 6 6 5 3 1 6 3 2 1 3 2 3 28 28 3 7 7 36 28 39 36 7 5 39 7 7 3 5 41 39 5 8 9 10 8 10 11 11 20 8 11 25 20 24 25 11 11 12 24 11 10 12 12 10 13 23 12 13 22 12 23 24 12 22 13 10 14 10 48 14 10 9 48 48 9 44 44 9 18 18 32 44 18 31 32 33 31 18 33 16 31 31 16 50 29 31 50 29 30 31 31 30 32 32 30 42 44 32 42 42 30 43 18 9 19 18 19 47 33 18 47 47 40 33 40 47 38 38 47 46 46 45 38 46 20 45 21 20 46 8 20 21 21 9 8 19 9 21 21 47 19 46 47 21 20 25 45 25 35 45 35 34 45 38 45 34 49 0 26 50 16 51 16 52 51 16 15 52 52 15 53 55 53 15 54 55 15 </p>
                </triangles>
            </mesh>
        </geometry>
        <geometry id="geom-0076DFBB" name="geom-0076DFBB">
            <mesh>
                <source id="geom-0076DFBB-pos">
                    <float_array id="geom-0076DFBB-pos-array" count="1437">2126.08 431.59 2724.65 2154.98 431.59 2693.86 2126.08 390.91 2724.65 2154.98 390.91 2693.86 2126.07 276.59 2724.65 2154.98 276.59 2693.86 2126.07 235.91 2724.65 2154.98 235.91 2693.86 1983.20 199.09 2793.04 2024.32 199.09 2783.40 1983.20 158.41 2793.04 2024.32 158.41 2783.40 1983.20 354.09 2793.04 2024.32 354.09 2783.40 1983.20 313.41 2793.04 2024.32 313.41 2783.40 2060.60 199.09 2769.17 2095.60 199.09 2748.96 2060.60 158.41 2769.17 2095.60 158.41 2748.96 2060.60 354.09 2769.17 2095.60 354.09 2748.96 2060.60 313.41 2769.17 2095.60 313.41 2748.96 1983.20 276.59 2793.04 2024.32 276.59 2783.40 1983.20 235.91 2793.04 2024.32 235.91 2783.40 2126.08 199.09 2724.65 2154.98 199.09 2693.86 2126.08 158.41 2724.65 2154.98 158.41 2693.86 2060.60 276.59 2769.17 2095.60 276.59 2748.96 2060.60 235.91 2769.17 2095.60 235.91 2748.96 2126.07 354.09 2724.65 2154.98 354.09 2693.86 2126.07 313.41 2724.65 2154.98 313.41 2693.86 1983.20 431.59 2793.04 2024.32 431.59 2783.40 1983.20 390.91 2793.04 2024.32 390.91 2783.40 2060.60 431.59 2769.17 2095.60 431.59 2748.96 2060.60 390.91 2769.17 2095.60 390.91 2748.96 2108.04 450.00 2733.92 2163.09 450.00 2675.28 2106.90 446.12 2727.34 2156.45 446.12 2674.56 2163.09 372.50 2675.28 2156.45 376.38 2674.56 2108.04 372.50 2733.92 2106.90 376.38 2727.34 2108.04 295.00 2733.92 2163.09 295.00 2675.28 2106.90 291.12 2727.34 2156.45 291.12 2674.56 2163.09 217.50 2675.28 2156.45 221.37 2674.56 2108.04 217.50 2733.92 2106.90 221.37 2727.34 1963.06 217.50 2790.77 2041.36 217.50 2772.42 1965.75 213.62 2784.66 2036.23 213.62 2768.14 2041.36 140.00 2772.42 2036.23 143.88 2768.14 1963.06 140.00 2790.77 1965.75 143.88 2784.66 1963.06 372.50 2790.77 2041.36 372.50 2772.42 1965.75 368.62 2784.66 2036.23 368.62 2768.14 2041.36 295.00 2772.42 2036.23 298.88 2768.14 1963.06 295.00 2790.77 1965.75 298.88 2784.66 2041.36 217.50 2772.42 2108.04 217.50 2733.92 2042.03 213.62 2765.88 2102.04 213.62 2731.23 2108.04 140.00 2733.92 2102.04 143.88 2731.23 2041.36 140.00 2772.42 2042.03 143.88 2765.88 2041.36 372.50 2772.42 2108.04 372.50 2733.92 2042.03 368.62 2765.88 2102.04 368.62 2731.23 2108.04 295.00 2733.92 2102.04 298.88 2731.23 2041.36 295.00 2772.42 2042.03 298.88 2765.88 1963.06 295.00 2790.77 2041.36 295.00 2772.42 1965.75 291.12 2784.66 2036.23 291.12 2768.14 2041.36 217.50 2772.42 2036.23 221.38 2768.14 1963.06 217.50 2790.77 1965.75 221.38 2784.66 2108.04 217.50 2733.92 2163.09 217.50 2675.28 2106.90 213.63 2727.34 2156.45 213.63 2674.56 2163.09 140.00 2675.28 2156.45 143.88 2674.56 2108.04 140.00 2733.92 2106.90 143.88 2727.34 2041.36 295.00 2772.42 2108.04 295.00 2733.92 2042.03 291.12 2765.88 2102.04 291.12 2731.23 2108.04 217.50 2733.92 2102.04 221.38 2731.23 2041.36 217.50 2772.42 2042.03 221.38 2765.88 2108.04 372.50 2733.92 2163.09 372.50 2675.28 2106.90 368.62 2727.34 2156.45 368.62 2674.56 2163.09 295.00 2675.28 2156.45 298.88 2674.56 2108.04 295.00 2733.92 2106.90 298.88 2727.34 1963.06 450.00 2790.77 2041.36 450.00 2772.42 1965.75 446.12 2784.66 2036.23 446.12 2768.14 2041.36 372.50 2772.42 2036.23 376.38 2768.14 1963.06 372.50 2790.77 1965.75 376.38 2784.66 2041.36 450.00 2772.42 2108.04 450.00 2733.92 2042.03 446.12 2765.88 2102.04 446.12 2731.23 2108.04 372.50 2733.92 2102.04 376.38 2731.23 2041.36 372.50 2772.42 2042.03 376.38 2765.88 2114.34 435.66 2719.42 2149.02 435.66 2682.48 2149.02 386.84 2682.48 2114.34 386.84 2719.42 2114.34 280.66 2719.42 2149.02 280.66 2682.48 2149.02 231.84 2682.48 2114.34 231.84 2719.42 1976.32 203.16 2782.18 2025.66 203.16 2770.62 2025.66 154.34 2770.62 1976.32 154.34 2782.18 1976.32 358.16 2782.18 2025.66 358.16 2770.62 2025.66 309.34 2770.62 1976.32 309.34 2782.18 2051.03 203.16 2760.68 2093.04 203.16 2736.42 2093.04 154.34 2736.42 2051.03 154.34 2760.68 2051.03 358.16 2760.68 2093.04 358.16 2736.42 2093.04 309.34 2736.42 2051.03 309.34 2760.68 1976.32 280.66 2782.18 2025.66 280.66 2770.62 2025.66 231.84 2770.62 1976.32 231.84 2782.18 2114.34 203.16 2719.42 2149.02 203.16 2682.48 2149.02 154.34 2682.48 2114.34 154.34 2719.42 2051.03 280.66 2760.68 2093.04 280.66 2736.42 2093.04 231.84 2736.42 2051.03 231.84 2760.68 2114.34 358.16 2719.42 2149.02 358.16 2682.48 2149.02 309.34 2682.48 2114.34 309.34 2719.42 1976.32 435.66 2782.18 2025.66 435.66 2770.62 2025.66 386.84 2770.62 1976.32 386.84 2782.18 2051.03 435.66 2760.68 2093.04 435.66 2736.42 2093.04 386.84 2736.42 2051.03 386.84 2760.68 2126.08 431.59 2724.65 2154.98 431.59 2693.86 2154.98 390.91 2693.86 2126.08 390.91 2724.65 2093.04 231.84 2736.42 2095.60 235.91 2748.96 2177.94 450.00 2661.98 2224.90 390.00 2634.86 2177.94 390.00 2661.98 2271.86 330.00 2607.75 2224.90 330.00 2634.86 2177.94 330.00 2661.98 1944.11 390.49 2796.98 1944.11 330.00 2796.98 1897.15 390.00 2824.09 1897.15 330.00 2824.09 1897.15 250.00 2824.09 1850.19 330.00 2851.20 1850.19 250.00 2851.20 1727.45 250.00 2638.62 1788.82 250.00 2744.91 1727.45 170.00 2638.62 1788.82 170.00 2744.91 2149.12 250.00 2395.16 2210.49 250.00 2501.46 2149.12 330.00 2395.16 2210.49 330.00 2501.46 2149.12 170.00 2395.16 2067.16 170.00 2373.20 2067.16 250.00 2373.20 1985.20 250.00 2351.24 1940.81 250.00 2273.77 1985.20 170.00 2351.24 1940.81 170.00 2273.77 1681.57 170.00 2320.34 1681.57 250.00 2320.34 1726.47 170.00 2397.52 1726.47 250.00 2397.52 1771.37 170.00 2474.69 1771.37 250.00 2474.69 1749.41 170.00 2556.66 1749.41 250.00 2556.66 2224.90 250.00 2634.86 2177.94 250.00 2661.98 1789.00 230.00 2258.32 1832.30 230.00 2233.32 1788.65 250.00 2257.71 1849.27 250.00 2222.71 1728.38 170.00 2293.32 1685.08 170.00 2318.32 1719.14 110.00 2298.20 1685.08 110.00 2318.32 1857.94 110.00 2217.86 1849.62 170.00 2223.32 1832.06 110.00 2232.90 1832.30 170.00 2233.32 1681.57 250.00 2320.34 1681.57 170.00 2320.34 2271.86 250.00 2607.75 2271.86 170.00 2607.75 2210.49 170.00 2501.46 1850.19 250.00 2851.20 1850.19 330.00 2851.20 1788.82 330.00 2744.91 1985.20 330.00 2351.24 2067.16 330.00 2373.20 1727.45 330.00 2638.62 1749.41 330.00 2556.66 1940.81 330.00 2273.77 1896.43 250.00 2196.30 1895.02 329.94 2193.85 1771.37 330.00 2474.69 1726.47 330.00 2397.52 1896.43 250.00 2196.30 1892.92 170.00 2198.32 1896.43 170.00 2196.30 2224.90 170.00 2634.86 2271.86 170.00 2607.75 2271.86 250.00 2607.75 2271.86 330.00 2607.75 1896.43 170.00 2196.30 1944.11 170.00 2796.98 1897.15 170.00 2824.09 1944.11 203.16 2796.98 1944.11 250.00 2796.98 1850.19 170.00 2851.20 1680.16 330.00 2317.90 2177.94 170.00 2661.98 2177.94 203.16 2661.98 1850.19 170.00 2851.20 1728.03 250.00 2292.71 1745.70 170.00 2283.32 1745.46 110.00 2282.90 1745.70 230.00 2283.32 1892.92 110.00 2198.32 1787.59 330.00 2255.88 1846.32 330.00 2221.97 1944.11 450.00 2796.98 1895.02 329.94 2193.85 1728.62 311.72 2290.48 1723.25 330.00 2293.02 1680.16 330.00 2317.90 1750.95 301.48 2277.90 1753.42 313.73 2276.10 1764.80 315.85 2269.46 1776.23 330.00 2262.44 2038.83 136.67 2667.08 2044.23 136.67 2656.13 2037.64 140.00 2666.17 2042.78 140.00 2655.74 2043.54 140.00 2644.14 2014.00 137.61 2648.03 2039.81 140.00 2633.13 2032.14 140.00 2624.39 2021.71 140.00 2619.25 2010.11 140.00 2618.49 1999.10 140.00 2622.22 1990.36 140.00 2629.89 1985.22 140.00 2640.32 1984.46 140.00 2651.92 1988.19 140.00 2662.93 1995.86 140.00 2671.67 2006.29 140.00 2676.82 2017.89 140.00 2677.58 2028.90 140.00 2673.84 2029.65 136.67 2675.14 2045.03 136.67 2643.95 2041.10 136.67 2632.38 2033.05 136.67 2623.20 2022.10 136.67 2617.80 2009.92 136.67 2617.00 1998.35 136.67 2620.93 1989.17 136.67 2628.98 1983.77 136.67 2639.93 1982.97 136.67 2652.12 1986.90 136.67 2663.68 1994.95 136.67 2672.86 2005.90 136.67 2678.26 2018.08 136.67 2679.06 1728.62 311.72 2290.48 1750.95 301.48 2277.90 1726.67 330.00 2267.76 1741.74 330.00 2249.82 1753.42 313.73 2276.10 1746.94 330.00 2258.14 1764.80 315.85 2269.46 1757.11 330.00 2254.56 1776.23 330.00 2262.44 1723.25 330.00 2293.02 1719.24 399.61 2181.26 1723.25 330.00 2293.02 1726.67 330.00 2267.76 1711.20 350.00 2303.24 1725.58 330.00 2294.94 1759.27 350.00 2341.82 1724.54 350.00 2323.66 1778.39 330.00 2264.45 1789.00 350.00 2258.32 1796.10 350.00 2314.38 1781.43 350.00 2318.88 1776.23 330.00 2262.44 1741.74 330.00 2249.82 1746.94 330.00 2258.14 1757.11 330.00 2254.56 1896.79 470.00 2621.02 1931.58 460.00 2633.27 1922.55 470.00 2639.63 1964.82 450.00 2634.86 1946.77 470.00 2647.59 1964.82 450.00 2634.86 1979.36 440.00 2668.03 1950.78 470.00 2684.53 1946.77 470.00 2647.59 1974.88 440.00 2638.28 1981.27 470.00 2707.34 2001.32 450.00 2698.08 2003.38 440.00 2687.65 2001.32 450.00 2698.08 2034.50 440.00 2683.54 2014.06 470.00 2716.13 2050.50 470.00 2711.25 2003.38 440.00 2687.65 2053.62 440.00 2658.65 2084.17 470.00 2667.56 2084.17 470.00 2667.56 2053.62 440.00 2658.65 2080.16 470.00 2630.62 2058.17 450.00 2622.53 2048.64 440.00 2628.03 2025.12 440.00 2609.28 2062.66 470.00 2600.31 2032.67 470.00 2578.36 2032.67 470.00 2578.36 2025.12 440.00 2609.28 1994.00 440.00 2613.39 1978.00 470.00 2585.68 1964.82 450.00 2634.86 1955.56 470.00 2614.80 1974.88 440.00 2638.28 1926.94 470.00 2623.24 1955.56 470.00 2614.80 1984.20 437.61 2640.41 1987.15 437.61 2663.53 2006.20 437.61 2678.52 2006.20 437.61 2678.52 2029.75 437.61 2675.31 2044.30 437.61 2656.52 2044.30 437.61 2656.52 2040.85 437.61 2632.53 2022.30 437.61 2618.41 2022.30 437.61 2618.41 1998.75 437.61 2621.62 1984.20 437.61 2640.41 1998.75 437.61 2621.62 1998.76 413.71 2644.04 2006.22 413.71 2634.56 2014.00 340.00 2648.03 2007.66 387.44 2651.79 2007.18 387.44 2646.26 2012.37 387.44 2655.26 1999.84 413.71 2656.36 2010.34 413.71 2664.09 2012.37 387.44 2655.26 2017.72 387.44 2654.48 2010.34 413.71 2664.09 2022.28 413.71 2662.37 2021.07 387.44 2650.23 2029.74 413.71 2652.89 2021.07 387.44 2650.23 2020.42 387.44 2644.42 2029.74 413.71 2652.89 2028.29 413.71 2639.93 2015.88 387.44 2641.24 2010.52 387.44 2642.01 2015.88 387.44 2641.24 2018.16 413.71 2632.84 2007.18 387.44 2646.26 2125.72 470.00 2583.53 2058.17 450.00 2622.53 2062.66 470.00 2600.31 2080.16 470.00 2630.62 2001.32 450.00 2698.08 1991.28 470.00 2754.68 1981.27 470.00 2707.34 2014.06 470.00 2716.13 1987.15 437.61 2663.53 1984.20 437.61 2640.41 1998.76 413.71 2644.04 1984.20 437.61 2640.41 2006.20 437.61 2678.52 2006.20 437.61 2678.52 2029.75 437.61 2675.31 2044.30 437.61 2656.52 2040.85 437.61 2632.53 2044.30 437.61 2656.52 2022.30 437.61 2618.41 2018.16 413.71 2632.84 2022.30 437.61 2618.41 1949.17 401.00 2433.74 1947.60 380.00 2445.03 1942.86 378.00 2410.82 1930.78 386.00 2425.88 1861.46 350.00 2375.83 1852.12 350.00 2339.66 1869.30 333.00 2379.40 1852.12 350.00 2339.66 1878.59 350.00 2377.49 1869.30 333.00 2379.40 1870.30 326.00 2411.14 1859.80 350.00 2392.96 1882.46 350.00 2412.20 1745.46 110.00 2282.90 1788.69 110.00 2257.86 1744.00 110.00 2261.00 1779.00 110.00 2241.00 1858.50 110.00 2379.00 1823.60 110.00 2318.43 1789.00 110.00 2419.00 1753.97 110.00 2358.43 1840.82 110.00 2268.22 1832.06 110.00 2232.90 1813.50 110.00 2221.00 1719.14 110.00 2298.20 1771.33 110.00 2308.24 1928.00 110.00 2339.00 1892.97 110.00 2278.43 1857.94 110.00 2217.86 </float_array>
                    <technique_common>
                        <accessor source="#geom-0076DFBB-pos-array" count="479" stride="3">
                            <param name="X" type="float" />
                            <param name="Y" type="float" />
                            <param name="Z" type="float" />
                        </accessor>
                    </technique_common>
                </source>
                <source id="geom-0076DFBB-texcoord">
                    <float_array id="geom-0076DFBB-texcoord-array" count="958">0.72 0.72 0.28 0.72 0.72 0.28 0.28 0.28 0.72 0.72 0.28 0.72 0.72 0.28 0.28 0.28 0.72 0.72 0.28 0.72 0.72 0.28 0.28 0.28 0.72 0.72 0.28 0.72 0.72 0.28 0.28 0.28 0.72 0.72 0.28 0.72 0.72 0.28 0.28 0.28 0.72 0.72 0.28 0.72 0.72 0.28 0.28 0.28 0.72 0.72 0.28 0.72 0.72 0.28 0.28 0.28 0.72 0.72 0.28 0.72 0.72 0.28 0.28 0.28 0.72 0.72 0.28 0.72 0.72 0.28 0.28 0.28 0.72 0.72 0.28 0.72 0.72 0.28 0.28 0.28 0.72 0.72 0.28 0.72 0.72 0.28 0.28 0.28 0.72 0.72 0.28 0.72 0.72 0.28 0.28 0.28 0.99 0.99 0.01 0.99 0.94 0.94 0.06 0.94 0.01 0.01 0.06 0.06 0.99 0.01 0.94 0.06 0.99 0.99 0.01 0.99 0.94 0.94 0.06 0.94 0.01 0.01 0.06 0.06 0.99 0.01 0.94 0.06 0.99 0.99 0.01 0.99 0.94 0.94 0.06 0.94 0.01 0.01 0.06 0.06 0.99 0.01 0.94 0.06 0.99 0.99 0.01 0.99 0.94 0.94 0.06 0.94 0.01 0.01 0.06 0.06 0.99 0.01 0.94 0.06 0.99 0.99 0.01 0.99 0.94 0.94 0.06 0.94 0.01 0.01 0.06 0.06 0.99 0.01 0.94 0.06 0.99 0.99 0.01 0.99 0.94 0.94 0.06 0.94 0.01 0.01 0.06 0.06 0.99 0.01 0.94 0.06 0.99 0.99 0.01 0.99 0.94 0.94 0.06 0.94 0.01 0.01 0.06 0.06 0.99 0.01 0.94 0.06 0.99 0.99 0.01 0.99 0.94 0.94 0.06 0.94 0.01 0.01 0.06 0.06 0.99 0.01 0.94 0.06 0.99 0.99 0.01 0.99 0.94 0.94 0.06 0.94 0.01 0.01 0.06 0.06 0.99 0.01 0.94 0.06 0.99 0.99 0.01 0.99 0.94 0.94 0.06 0.94 0.01 0.01 0.06 0.06 0.99 0.01 0.94 0.06 0.99 0.99 0.01 0.99 0.94 0.94 0.06 0.94 0.01 0.01 0.06 0.06 0.99 0.01 0.94 0.06 0.99 0.99 0.01 0.99 0.94 0.94 0.06 0.94 0.01 0.01 0.06 0.06 0.99 0.01 0.94 0.06 0.81 0.81 0.19 0.81 0.19 0.19 0.81 0.19 0.81 0.81 0.19 0.81 0.19 0.19 0.81 0.19 0.81 0.81 0.19 0.81 0.19 0.19 0.81 0.19 0.81 0.81 0.19 0.81 0.19 0.19 0.81 0.19 0.81 0.81 0.19 0.81 0.19 0.19 0.81 0.19 0.81 0.81 0.19 0.81 0.19 0.19 0.81 0.19 0.81 0.81 0.19 0.81 0.19 0.19 0.81 0.19 0.81 0.81 0.19 0.81 0.19 0.19 0.81 0.19 0.81 0.81 0.19 0.81 0.19 0.19 0.81 0.19 0.81 0.81 0.19 0.81 0.19 0.19 0.81 0.19 0.81 0.81 0.19 0.81 0.19 0.19 0.81 0.19 0.81 0.81 0.19 0.81 0.19 0.19 0.81 0.19 0.72 0.72 0.28 0.72 0.28 0.28 0.72 0.28 0.19 0.19 0.28 0.28 0.27 0.13 0.17 0.03 0.27 0.03 0.07 -0.07 0.17 -0.07 0.27 -0.07 0.00 0.03 0.00 -0.07 0.10 0.03 0.10 -0.07 0.10 -0.20 0.20 -0.07 0.20 -0.20 0.40 0.02 0.20 0.02 0.40 -0.12 0.20 -0.12 0.59 0.02 0.79 0.02 0.59 0.15 0.79 0.15 0.59 -0.12 0.44 -0.12 0.44 0.02 0.30 0.02 0.15 0.02 0.30 -0.12 0.15 -0.12 0.99 -0.12 0.99 0.02 0.84 -0.12 0.84 0.02 0.69 -0.12 0.69 0.02 0.54 -0.12 0.54 0.02 0.17 -0.20 0.27 -0.20 0.20 0.02 0.28 0.02 0.20 0.05 0.31 0.05 0.09 -0.08 0.01 -0.08 0.07 -0.18 0.01 -0.18 0.33 -0.18 0.31 -0.08 0.28 -0.18 0.28 -0.08 0.00 0.05 0.00 -0.08 0.99 0.02 0.99 -0.12 0.79 -0.12 0.00 0.02 0.00 0.15 0.20 0.15 0.30 0.15 0.44 0.15 0.40 0.15 0.54 0.15 0.15 0.15 0.00 0.02 0.00 0.15 0.69 0.15 0.84 0.15 0.40 0.05 0.40 -0.08 0.40 -0.08 0.17 -0.33 0.07 -0.33 0.07 -0.20 0.99 0.15 0.00 -0.12 0.00 -0.33 0.10 -0.33 0.00 -0.28 0.00 -0.20 0.00 -0.12 0.99 0.15 0.27 -0.33 0.27 -0.28 0.20 -0.33 0.09 0.05 0.12 -0.08 0.12 -0.18 0.12 0.02 0.40 -0.18 0.20 0.18 0.31 0.18 0.00 0.13 0.40 0.18 0.09 0.15 0.08 0.18 0.00 0.18 0.13 0.13 0.14 0.15 0.16 0.16 0.18 0.18 0.95 0.69 0.85 0.85 0.91 0.67 0.81 0.81 0.67 0.91 0.50 0.50 0.50 0.94 0.32 0.91 0.18 0.81 0.08 0.67 0.05 0.50 0.08 0.32 0.18 0.18 0.32 0.08 0.50 0.05 0.67 0.08 0.81 0.18 0.91 0.32 0.94 0.50 0.99 0.50 0.69 0.95 0.50 0.99 0.31 0.95 0.15 0.85 0.04 0.69 0.00 0.50 0.04 0.31 0.15 0.15 0.31 0.04 0.50 0.00 0.69 0.04 0.85 0.15 0.95 0.31 0.09 -0.16 0.46 -0.28 0.20 0.22 0.51 0.28 0.61 -0.12 0.63 0.22 0.80 -0.08 0.79 0.21 0.99 0.11 0.00 0.07 0.68 -0.29 0.71 -0.88 0.83 -0.75 0.54 -0.87 0.70 -0.89 0.18 -0.99 0.42 -0.95 0.00 -0.34 0.11 -0.44 0.01 -0.77 0.09 -0.82 0.05 -0.11 0.96 -0.34 0.68 0.21 0.29 0.09 0.00 0.75 0.31 0.75 0.25 0.64 0.61 0.74 0.50 0.53 0.71 0.22 0.37 0.37 0.37 0.00 0.68 0.00 0.65 0.37 0.12 0.00 0.05 0.22 0.09 0.37 0.71 0.22 0.37 0.37 0.68 0.00 0.37 0.00 0.65 0.37 0.09 0.37 0.00 0.00 0.74 0.00 0.65 0.37 0.47 0.00 0.37 0.25 0.37 0.37 0.09 0.37 0.28 0.00 0.00 0.00 0.74 0.00 0.65 0.37 0.37 0.37 0.37 0.00 0.07 0.26 0.12 0.00 0.09 0.37 0.25 0.85 0.50 0.96 0.62 0.48 0.37 0.48 0.12 0.48 0.62 0.48 0.37 0.48 0.12 0.48 0.62 0.48 0.37 0.48 0.12 0.48 0.62 0.48 0.37 0.48 0.99 0.99 0.78 0.99 0.90 0.68 0.78 0.68 0.78 0.01 0.78 0.43 0.71 0.43 0.84 0.43 0.78 0.68 0.90 0.68 0.71 0.43 0.78 0.43 0.65 0.68 0.78 0.68 0.84 0.43 0.90 0.68 0.71 0.43 0.78 0.43 0.65 0.68 0.78 0.68 0.84 0.43 0.78 0.43 0.71 0.43 0.65 0.68 0.84 0.43 0.00 0.75 0.61 0.74 0.50 0.53 0.50 0.96 0.61 0.74 0.00 0.75 0.50 0.96 0.50 0.53 0.78 0.99 0.56 0.99 0.65 0.68 0.12 0.48 0.99 0.99 0.56 0.99 0.78 0.99 0.99 0.99 0.78 0.99 0.56 0.99 0.99 0.99 0.90 0.68 0.56 0.99 0.50 0.96 0.61 0.74 0.31 0.75 0.50 0.53 0.25 0.64 0.00 0.75 0.31 0.75 0.00 0.75 0.25 0.85 0.31 0.75 0.61 0.74 0.50 0.53 0.50 0.96 0.19 0.87 0.50 0.88 0.25 0.99 0.50 0.99 0.50 0.01 0.50 0.44 0.01 0.01 0.01 0.44 0.75 0.66 0.81 0.87 0.75 0.99 0.01 0.88 0.25 0.66 0.99 0.01 0.99 0.44 0.99 0.88 </float_array>
                    <technique_common>
                        <accessor source="#geom-0076DFBB-texcoord-array" count="479" stride="2">
                            <param name="S" type="float" />
                            <param name="T" type="float" />
                        </accessor>
                    </technique_common>
                </source>
                <source id="geom-0076DFBB-colors">
                    <float_array id="geom-0076DFBB-colors-array" count="1916">0.21 0.50 0.25 1.00 0.21 0.50 0.25 1.00 0.21 0.50 0.25 1.00 0.21 0.50 0.25 1.00 0.14 0.44 0.26 1.00 0.19 1.00 0.47 1.00 0.14 0.49 0.28 1.00 0.19 1.00 0.49 1.00 0.17 0.55 0.29 1.00 0.14 0.77 0.36 1.00 0.19 0.40 0.25 1.00 0.19 0.67 0.33 1.00 0.25 0.87 0.36 1.00 0.19 0.35 0.24 1.00 0.24 1.00 0.49 1.00 0.19 0.77 0.36 1.00 0.14 0.49 0.28 1.00 0.14 0.87 0.39 1.00 0.19 0.54 0.29 1.00 0.19 0.64 0.32 1.00 0.19 0.75 0.35 1.00 0.19 0.87 0.39 1.00 0.19 0.64 0.32 1.00 0.19 0.80 0.37 1.00 0.19 0.44 0.27 1.00 0.20 0.89 0.37 1.00 0.20 1.00 0.47 1.00 0.14 0.97 0.42 1.00 0.14 0.59 0.31 1.00 0.17 1.00 0.43 1.00 0.19 0.33 0.23 1.00 0.19 0.43 0.26 1.00 0.14 0.68 0.33 1.00 0.14 0.82 0.38 1.00 0.14 0.67 0.33 1.00 0.14 0.97 0.42 1.00 0.19 0.82 0.37 1.00 0.25 0.85 0.36 1.00 0.19 0.67 0.33 1.00 0.24 0.31 0.24 1.00 0.19 0.38 0.25 1.00 0.19 0.20 0.19 1.00 0.19 0.59 0.31 1.00 0.19 0.39 0.25 1.00 0.19 0.56 0.30 1.00 0.19 0.51 0.28 1.00 0.19 0.47 0.27 1.00 0.19 0.54 0.29 1.00 0.19 0.39 0.25 1.00 0.19 0.23 0.20 1.00 0.19 0.33 0.23 1.00 0.19 0.36 0.24 1.00 0.25 0.41 0.27 1.00 0.28 1.00 0.42 1.00 0.19 0.75 0.35 1.00 0.19 0.67 0.33 1.00 0.19 1.00 0.45 1.00 0.28 0.47 0.29 1.00 0.24 1.00 0.47 1.00 0.30 1.00 0.50 1.00 0.27 0.47 0.29 1.00 0.29 1.00 0.49 1.00 0.14 0.60 0.31 1.00 0.14 0.86 0.39 1.00 0.27 1.00 0.53 1.00 0.14 0.95 0.42 1.00 0.30 1.00 0.54 1.00 0.14 1.00 0.44 1.00 0.19 0.67 0.33 1.00 0.19 0.56 0.30 1.00 0.19 0.51 0.28 1.00 0.19 0.44 0.26 1.00 0.26 0.58 0.31 1.00 0.19 0.75 0.36 1.00 0.27 0.69 0.33 1.00 0.19 0.62 0.32 1.00 0.19 1.00 0.47 1.00 0.25 1.00 0.58 1.00 0.28 0.41 0.28 1.00 0.31 1.00 0.59 1.00 0.14 0.95 0.42 1.00 0.14 0.60 0.31 1.00 0.14 0.88 0.39 1.00 0.14 1.00 0.44 1.00 0.19 0.67 0.33 1.00 0.19 0.47 0.27 1.00 0.19 0.67 0.33 1.00 0.19 0.63 0.32 1.00 0.19 0.75 0.36 1.00 0.19 0.75 0.35 1.00 0.19 0.80 0.37 1.00 0.19 0.59 0.31 1.00 0.19 1.00 0.45 1.00 0.19 1.00 0.47 1.00 0.19 1.00 0.47 1.00 0.27 1.00 0.65 1.00 0.28 0.41 0.28 1.00 0.19 1.00 0.47 1.00 0.30 1.00 0.55 1.00 0.24 1.00 0.48 1.00 0.14 0.95 0.42 1.00 0.14 0.66 0.33 1.00 0.27 1.00 0.53 1.00 0.29 1.00 0.56 1.00 0.14 0.60 0.31 1.00 0.27 0.47 0.29 1.00 0.14 0.74 0.35 1.00 0.29 1.00 0.56 1.00 0.19 0.19 0.19 1.00 0.19 0.40 0.25 1.00 0.19 0.67 0.33 1.00 0.19 0.63 0.32 1.00 0.19 1.00 0.47 1.00 0.19 1.00 0.45 1.00 0.27 1.00 0.69 1.00 0.19 1.00 0.46 1.00 0.14 0.60 0.31 1.00 0.14 0.90 0.40 1.00 0.14 0.95 0.42 1.00 0.14 1.00 0.45 1.00 0.19 0.75 0.35 1.00 0.25 0.41 0.27 1.00 0.19 0.62 0.31 1.00 0.26 0.81 0.35 1.00 0.28 0.47 0.29 1.00 0.30 1.00 0.53 1.00 0.19 1.00 0.45 1.00 0.25 1.00 0.53 1.00 0.19 0.46 0.27 1.00 0.19 0.19 0.19 1.00 0.19 0.43 0.26 1.00 0.19 0.30 0.22 1.00 0.19 0.75 0.36 1.00 0.19 0.70 0.34 1.00 0.26 0.58 0.31 1.00 0.28 0.76 0.35 1.00 0.19 0.19 0.19 1.00 0.19 0.39 0.25 1.00 0.19 0.23 0.20 1.00 0.19 0.49 0.27 1.00 0.19 0.75 0.35 1.00 0.19 0.51 0.28 1.00 0.19 0.75 0.36 1.00 0.19 0.62 0.31 1.00 0.19 0.32 0.23 1.00 0.19 0.44 0.26 1.00 0.23 0.55 0.29 1.00 0.19 0.70 0.34 1.00 0.21 1.00 0.65 1.00 0.21 0.69 0.33 1.00 0.21 0.78 0.35 1.00 0.21 1.00 0.58 1.00 0.19 1.00 0.45 1.00 0.14 0.73 0.35 1.00 0.19 0.70 0.34 1.00 0.19 0.26 0.21 1.00 0.27 0.66 0.33 1.00 0.19 0.89 0.40 1.00 0.27 1.00 0.61 1.00 0.26 1.00 0.43 1.00 0.14 0.93 0.41 1.00 0.14 0.65 0.33 1.00 0.19 0.66 0.33 1.00 0.19 0.46 0.27 1.00 0.19 0.63 0.32 1.00 0.19 0.71 0.34 1.00 0.19 0.70 0.34 1.00 0.19 0.91 0.40 1.00 0.21 0.69 0.34 1.00 0.21 1.00 0.68 1.00 0.21 1.00 0.67 1.00 0.21 0.97 0.39 1.00 0.14 0.97 0.42 1.00 0.19 0.63 0.31 1.00 0.19 0.45 0.27 1.00 0.19 0.46 0.27 1.00 0.14 0.87 0.39 1.00 0.14 1.00 0.49 1.00 0.14 1.00 0.47 1.00 0.14 0.97 0.42 1.00 0.19 0.60 0.31 1.00 0.27 0.75 0.35 1.00 0.26 0.49 0.29 1.00 0.27 1.00 0.66 1.00 0.19 0.21 0.19 1.00 0.19 0.53 0.29 1.00 0.19 0.48 0.27 1.00 0.24 0.42 0.26 1.00 0.19 0.19 0.19 1.00 0.19 0.26 0.21 1.00 0.19 0.19 0.19 1.00 0.19 0.19 0.19 1.00 0.19 0.19 0.19 1.00 0.19 0.19 0.19 1.00 0.19 0.19 0.19 1.00 0.19 0.19 0.19 1.00 0.24 0.82 0.47 1.00 0.24 0.69 0.43 1.00 0.19 0.19 0.19 1.00 0.19 0.19 0.19 1.00 0.24 0.85 0.36 1.00 0.13 0.13 0.13 1.00 0.27 0.45 0.29 1.00 0.25 1.00 0.46 1.00 0.24 0.31 0.24 1.00 0.25 1.00 0.47 1.00 0.19 0.19 0.19 1.00 0.28 1.00 0.43 1.00 0.28 0.85 0.36 1.00 0.13 0.13 0.13 1.00 0.13 0.13 0.13 1.00 0.43 0.78 0.43 1.00 0.36 0.60 0.36 1.00 0.35 0.58 0.35 1.00 0.31 0.49 0.31 1.00 0.44 0.79 0.44 1.00 0.35 0.59 0.35 1.00 0.39 0.68 0.39 1.00 0.33 0.54 0.33 1.00 0.35 0.58 0.35 1.00 0.38 0.65 0.38 1.00 0.50 0.94 0.50 1.00 0.27 0.40 0.27 1.00 0.19 0.19 0.19 1.00 0.28 0.41 0.28 1.00 0.19 0.19 0.19 1.00 0.09 0.13 0.12 1.00 0.09 0.13 0.12 1.00 0.25 0.40 0.35 1.00 0.25 0.39 0.35 1.00 0.38 0.87 0.52 1.00 0.27 0.39 0.27 1.00 0.37 0.63 0.37 1.00 0.49 0.91 0.49 1.00 0.28 0.94 0.39 1.00 0.26 0.70 0.33 1.00 0.21 0.26 0.24 1.00 0.27 0.45 0.40 1.00 0.26 0.43 0.37 1.00 0.25 0.38 0.34 1.00 0.19 0.19 0.19 1.00 0.08 0.08 0.08 1.00 0.22 0.29 0.26 1.00 0.09 0.11 0.11 1.00 0.22 0.29 0.26 1.00 0.19 0.19 0.19 1.00 0.22 0.31 0.28 1.00 0.19 0.19 0.19 1.00 0.09 0.13 0.12 1.00 0.09 0.13 0.12 1.00 0.13 0.13 0.13 1.00 0.13 0.13 0.13 1.00 0.31 0.49 0.31 1.00 0.13 0.13 0.13 1.00 0.13 0.13 0.13 1.00 0.34 0.55 0.34 1.00 0.28 0.42 0.28 1.00 0.45 0.81 0.45 1.00 0.39 0.68 0.39 1.00 0.44 0.80 0.44 1.00 0.19 0.19 0.19 1.00 0.09 0.13 0.12 1.00 0.08 0.08 0.08 1.00 0.28 0.40 0.28 1.00 0.19 0.19 0.19 1.00 0.09 0.13 0.12 1.00 0.09 0.13 0.12 1.00 0.09 0.13 0.12 1.00 0.19 0.19 0.19 1.00 0.13 0.13 0.13 1.00 0.13 0.13 0.13 1.00 0.13 0.13 0.13 1.00 0.09 0.13 0.12 1.00 0.25 0.35 0.25 1.00 0.19 0.19 0.19 1.00 0.26 1.00 0.41 1.00 0.26 0.91 0.37 1.00 0.13 0.13 0.13 1.00 0.08 0.08 0.08 1.00 0.25 0.35 0.25 1.00 0.26 1.00 0.46 1.00 0.13 0.13 0.13 1.00 0.19 0.19 0.19 1.00 0.19 0.19 0.19 1.00 0.22 0.30 0.27 1.00 0.19 0.19 0.19 1.00 0.09 0.11 0.11 1.00 0.23 0.31 0.28 1.00 0.22 0.29 0.27 1.00 0.19 0.19 0.19 1.00 0.08 0.08 0.08 1.00 0.20 0.22 0.22 1.00 0.20 0.21 0.21 1.00 0.08 0.08 0.08 1.00 0.22 0.28 0.26 1.00 0.22 0.28 0.26 1.00 0.22 0.29 0.27 1.00 0.22 0.30 0.27 1.00 0.29 1.00 0.68 1.00 0.30 1.00 0.62 1.00 0.24 1.00 0.55 1.00 0.25 1.00 0.55 1.00 0.28 1.00 0.65 1.00 0.21 1.00 0.76 1.00 0.32 1.00 0.76 1.00 0.35 1.00 0.85 1.00 0.38 1.00 0.93 1.00 0.40 1.00 0.97 1.00 0.41 1.00 0.98 1.00 0.40 1.00 0.96 1.00 0.38 1.00 0.91 1.00 0.35 1.00 0.82 1.00 0.32 1.00 0.75 1.00 0.28 1.00 0.69 1.00 0.25 1.00 0.60 1.00 0.24 1.00 0.55 1.00 0.23 1.00 0.54 1.00 0.29 1.00 0.59 1.00 0.32 1.00 0.76 1.00 0.34 1.00 0.82 1.00 0.36 1.00 0.87 1.00 0.37 1.00 0.92 1.00 0.38 1.00 0.95 1.00 0.39 1.00 0.97 1.00 0.38 1.00 0.96 1.00 0.38 1.00 0.93 1.00 0.36 1.00 0.80 1.00 0.34 1.00 0.81 1.00 0.32 1.00 0.52 1.00 0.30 1.00 0.56 1.00 0.29 1.00 0.67 1.00 0.20 0.22 0.22 1.00 0.22 0.28 0.26 1.00 0.20 0.23 0.22 1.00 0.19 0.19 0.19 1.00 0.22 0.28 0.26 1.00 0.19 0.19 0.19 1.00 0.22 0.29 0.27 1.00 0.19 0.19 0.19 1.00 0.22 0.30 0.27 1.00 0.20 0.21 0.21 1.00 0.19 0.19 0.19 1.00 0.20 0.21 0.21 1.00 0.20 0.23 0.22 1.00 0.19 0.19 0.19 1.00 0.19 0.19 0.19 1.00 0.19 0.19 0.19 1.00 0.19 0.19 0.19 1.00 0.23 0.33 0.29 1.00 0.22 0.31 0.28 1.00 0.19 0.19 0.19 1.00 0.19 0.19 0.19 1.00 0.22 0.30 0.27 1.00 0.19 0.19 0.19 1.00 0.19 0.19 0.19 1.00 0.19 0.19 0.19 1.00 0.32 1.00 0.44 1.00 0.31 1.00 0.48 1.00 0.09 0.27 0.12 1.00 0.31 1.00 0.48 1.00 0.09 0.29 0.12 1.00 0.31 1.00 0.48 1.00 0.28 1.00 0.46 1.00 0.09 0.26 0.11 1.00 0.09 0.29 0.12 1.00 0.36 1.00 0.63 1.00 0.06 0.13 0.08 1.00 0.23 0.73 0.33 1.00 0.24 1.00 0.40 1.00 0.23 0.73 0.33 1.00 0.19 0.56 0.30 1.00 0.06 0.12 0.08 1.00 0.06 0.11 0.07 1.00 0.24 1.00 0.40 1.00 0.24 0.89 0.37 1.00 0.06 0.11 0.08 1.00 0.06 0.11 0.08 1.00 0.24 0.89 0.37 1.00 0.08 0.20 0.10 1.00 0.27 1.00 0.41 1.00 0.28 1.00 0.48 1.00 0.35 1.00 0.58 1.00 0.28 0.89 0.38 1.00 0.10 0.30 0.13 1.00 0.10 0.30 0.13 1.00 0.35 1.00 0.58 1.00 0.38 1.00 0.64 1.00 0.11 0.38 0.15 1.00 0.31 1.00 0.48 1.00 0.09 0.31 0.13 1.00 0.36 1.00 0.63 1.00 0.09 0.31 0.13 1.00 0.09 0.31 0.13 1.00 0.36 1.00 0.62 1.00 0.28 1.00 0.48 1.00 0.24 0.98 0.39 1.00 0.24 0.98 0.39 1.00 0.19 0.58 0.31 1.00 0.24 0.95 0.38 1.00 0.24 0.95 0.38 1.00 0.28 1.00 0.47 1.00 0.35 1.00 0.61 1.00 0.35 1.00 0.61 1.00 0.38 1.00 0.66 1.00 0.36 1.00 0.62 1.00 0.38 1.00 0.66 1.00 0.34 1.00 0.52 1.00 0.36 1.00 0.56 1.00 0.33 1.00 1.00 1.00 0.29 1.00 0.41 1.00 0.34 1.00 0.52 1.00 0.20 0.42 0.25 1.00 0.28 1.00 0.41 1.00 0.21 0.57 0.29 1.00 0.20 0.42 0.25 1.00 0.19 0.31 0.22 1.00 0.21 0.57 0.29 1.00 0.19 0.41 0.25 1.00 0.20 0.36 0.24 1.00 0.21 0.54 0.29 1.00 0.20 0.36 0.24 1.00 0.28 0.88 0.38 1.00 0.21 0.54 0.29 1.00 0.28 0.97 0.40 1.00 0.33 1.00 0.49 1.00 0.38 1.00 0.58 1.00 0.33 1.00 0.49 1.00 0.33 1.00 0.50 1.00 0.34 1.00 0.52 1.00 0.27 0.82 0.36 1.00 0.27 1.00 0.41 1.00 0.28 0.89 0.38 1.00 0.08 0.20 0.10 1.00 0.23 0.73 0.33 1.00 0.19 0.41 0.25 1.00 0.06 0.13 0.08 1.00 0.06 0.12 0.08 1.00 0.28 1.00 0.48 1.00 0.36 1.00 0.62 1.00 0.34 1.00 0.52 1.00 0.36 1.00 0.62 1.00 0.24 0.98 0.39 1.00 0.24 0.98 0.39 1.00 0.19 0.58 0.31 1.00 0.24 0.95 0.38 1.00 0.28 1.00 0.47 1.00 0.24 0.95 0.38 1.00 0.35 1.00 0.61 1.00 0.33 1.00 0.50 1.00 0.35 1.00 0.61 1.00 0.10 0.14 0.10 1.00 0.37 1.00 0.45 1.00 0.35 0.56 0.35 1.00 0.09 0.14 0.09 1.00 0.08 0.13 0.11 1.00 0.08 0.12 0.11 1.00 0.09 0.15 0.13 1.00 0.22 0.28 0.26 1.00 0.11 0.25 0.16 1.00 0.22 0.28 0.26 1.00 0.34 0.70 0.45 1.00 0.08 0.11 0.10 1.00 0.10 0.16 0.11 1.00 0.22 0.30 0.27 1.00 0.40 0.56 0.50 1.00 0.08 0.06 0.15 1.00 0.08 0.06 0.15 1.00 0.62 1.00 1.00 1.00 0.58 1.00 0.94 1.00 0.25 0.39 0.34 1.00 0.25 0.38 0.34 1.00 0.25 0.40 0.35 1.00 0.22 0.31 0.28 1.00 0.08 0.06 0.15 1.00 0.22 0.29 0.26 1.00 0.26 0.40 0.35 1.00 0.25 0.39 0.34 1.00 0.25 0.38 0.34 1.00 0.22 0.29 0.26 1.00 </float_array>
                    <technique_common>
                        <accessor source="#geom-0076DFBB-colors-array" count="479" stride="4">
                            <param name="R" type="float" />
                            <param name="G" type="float" />
                            <param name="B" type="float" />
                            <param name="A" type="float" />
                        </accessor>
                    </technique_common>
                </source>
                <vertices id="geom-0076DFBB-vtx">
                    <input semantic="POSITION" source="#geom-0076DFBB-pos" />
                </vertices>
                <triangles count="936" material="material-00F78484-symbol">
                    <input semantic="VERTEX" source="#geom-0076DFBB-vtx" offset="0" />
                    <input semantic="TEXCOORD" source="#geom-0076DFBB-texcoord" offset="0" />
                    <input semantic="COLOR" source="#geom-0076DFBB-colors" offset="0" />
                    <p>0 1 2 2 1 3 4 5 6 4 149 5 148 149 4 148 59 149 58 59 148 58 57 59 56 57 58 63 56 58 62 56 63 61 62 63 60 62 61 59 60 61 57 60 59 59 61 149 149 61 150 149 150 5 5 150 7 6 5 7 7 151 6 150 151 7 150 63 151 61 63 150 63 58 151 151 58 148 151 148 6 6 148 4 8 9 10 8 153 9 152 153 8 152 67 153 66 67 152 66 65 67 64 65 66 71 64 66 70 64 71 69 70 71 68 70 69 67 68 69 65 68 67 67 69 153 153 69 154 153 154 9 9 154 11 10 9 11 11 155 10 154 155 11 154 71 155 69 71 154 71 66 155 155 66 152 155 152 10 10 152 8 12 13 14 12 157 13 156 157 12 156 75 157 74 75 156 74 73 75 72 73 74 79 72 74 78 72 79 77 78 79 76 78 77 75 76 77 73 76 75 75 77 157 157 77 158 157 158 13 13 158 15 14 13 15 15 159 14 158 159 15 158 79 159 77 79 158 79 74 159 159 74 156 159 156 14 14 156 12 16 17 18 16 161 17 160 161 16 160 83 161 82 83 160 82 81 83 80 81 82 87 80 82 86 80 87 85 86 87 84 86 85 83 84 85 81 84 83 83 85 161 161 85 162 161 162 17 17 162 19 18 17 19 19 163 18 162 163 19 162 87 163 85 87 162 87 82 163 163 82 160 163 160 18 18 160 16 20 21 22 20 165 21 164 165 20 164 91 165 90 91 164 90 89 91 88 89 90 95 88 90 94 88 95 93 94 95 92 94 93 91 92 93 89 92 91 91 93 165 165 93 166 165 166 21 21 166 23 22 21 23 23 167 22 166 167 23 166 95 167 93 95 166 95 90 167 167 90 164 167 164 22 22 164 20 24 25 26 24 169 25 168 169 24 168 99 169 98 99 168 98 97 99 96 97 98 103 96 98 102 96 103 101 102 103 100 102 101 99 100 101 97 100 99 99 101 169 169 101 170 169 170 25 25 170 27 26 25 27 27 171 26 170 171 27 170 103 171 101 103 170 103 98 171 171 98 168 171 168 26 26 168 24 28 29 30 28 173 29 172 173 28 172 107 173 106 107 172 106 105 107 104 105 106 111 104 106 110 104 111 109 110 111 108 110 109 107 108 109 105 108 107 107 109 173 173 109 174 173 174 29 29 174 31 30 29 31 31 175 30 174 175 31 174 111 175 109 111 174 111 106 175 175 106 172 175 172 30 30 172 28 32 33 34 32 177 33 176 177 32 176 115 177 114 115 176 114 113 115 112 113 114 119 112 114 118 112 119 117 118 119 116 118 117 115 116 117 113 116 115 115 117 177 177 117 178 177 178 33 33 178 35 34 33 35 197 179 34 196 179 197 178 119 179 117 119 178 119 114 179 179 114 176 179 176 34 34 176 32 36 37 38 36 181 37 180 181 36 180 123 181 122 123 180 122 121 123 120 121 122 127 120 122 126 120 127 125 126 127 124 126 125 123 124 125 121 124 123 123 125 181 181 125 182 181 182 37 37 182 39 38 37 39 39 183 38 182 183 39 182 127 183 125 127 182 127 122 183 183 122 180 183 180 38 38 180 36 40 41 42 40 185 41 184 185 40 184 131 185 130 131 184 130 129 131 128 129 130 135 128 130 134 128 135 133 134 135 132 134 133 131 132 133 129 132 131 131 133 185 185 133 186 185 186 41 41 186 43 42 41 43 43 187 42 186 187 43 186 135 187 133 135 186 135 130 187 187 130 184 187 184 42 42 184 40 44 45 46 44 189 45 188 189 44 188 139 189 138 139 188 138 137 139 136 137 138 143 136 138 142 136 143 141 142 143 140 142 141 139 140 141 137 140 139 139 141 189 189 141 190 189 190 45 45 190 47 46 45 47 47 191 46 190 191 47 190 143 191 141 143 190 143 138 191 191 138 188 191 188 46 46 188 44 48 49 50 55 48 50 54 48 55 53 54 55 52 54 53 51 52 53 49 52 51 50 49 51 50 51 144 147 50 144 55 50 147 146 55 147 53 55 146 145 53 146 51 53 145 144 51 145 144 145 192 195 144 192 147 144 195 194 147 195 146 147 194 193 146 194 145 146 193 192 145 193 </p>
                </triangles>
            </mesh>
        </geometry>
        <geometry id="geom-002DDD97" name="geom-002DDD97">
            <mesh>
                <source id="geom-002DDD97-pos">
                    <float_array id="geom-002DDD97-pos-array" count="843">2177.94 450.00 2661.98 2224.90 390.00 2634.86 2177.94 390.00 2661.98 2271.86 330.00 2607.75 2224.90 330.00 2634.86 2177.94 330.00 2661.98 1944.11 390.49 2796.98 1944.11 330.00 2796.98 1897.15 390.00 2824.09 1897.15 330.00 2824.09 1897.15 250.00 2824.09 1850.19 330.00 2851.20 1850.19 250.00 2851.20 1727.45 250.00 2638.62 1788.82 250.00 2744.91 1727.45 170.00 2638.62 1788.82 170.00 2744.91 2149.12 250.00 2395.16 2210.49 250.00 2501.46 2149.12 330.00 2395.16 2210.49 330.00 2501.46 2149.12 170.00 2395.16 2067.16 170.00 2373.20 2067.16 250.00 2373.20 1985.20 250.00 2351.24 1940.81 250.00 2273.77 1985.20 170.00 2351.24 1940.81 170.00 2273.77 1681.57 170.00 2320.34 1681.57 250.00 2320.34 1726.47 170.00 2397.52 1726.47 250.00 2397.52 1771.37 170.00 2474.69 1771.37 250.00 2474.69 1749.41 170.00 2556.66 1749.41 250.00 2556.66 2224.90 250.00 2634.86 2177.94 250.00 2661.98 1789.00 230.00 2258.32 1832.30 230.00 2233.32 1788.65 250.00 2257.71 1849.27 250.00 2222.71 1728.38 170.00 2293.32 1685.08 170.00 2318.32 1719.14 110.00 2298.20 1685.08 110.00 2318.32 1857.94 110.00 2217.86 1849.62 170.00 2223.32 1832.06 110.00 2232.90 1832.30 170.00 2233.32 1681.57 250.00 2320.34 1681.57 170.00 2320.34 2271.86 250.00 2607.75 2271.86 170.00 2607.75 2210.49 170.00 2501.46 1850.19 250.00 2851.20 1850.19 330.00 2851.20 1788.82 330.00 2744.91 1985.20 330.00 2351.24 2067.16 330.00 2373.20 1727.45 330.00 2638.62 1749.41 330.00 2556.66 1940.81 330.00 2273.77 1896.43 250.00 2196.30 1895.02 329.94 2193.85 1771.37 330.00 2474.69 1726.47 330.00 2397.52 1896.43 250.00 2196.30 1892.92 170.00 2198.32 1896.43 170.00 2196.30 2224.90 170.00 2634.86 2271.86 170.00 2607.75 2271.86 250.00 2607.75 2271.86 330.00 2607.75 1896.43 170.00 2196.30 1944.11 170.00 2796.98 1897.15 170.00 2824.09 1944.11 203.16 2796.98 1944.11 250.00 2796.98 1850.19 170.00 2851.20 1680.16 330.00 2317.90 2177.94 170.00 2661.98 2177.94 203.16 2661.98 1850.19 170.00 2851.20 1728.03 250.00 2292.71 1745.70 170.00 2283.32 1745.46 110.00 2282.90 1745.70 230.00 2283.32 1892.92 110.00 2198.32 1787.59 330.00 2255.88 1846.32 330.00 2221.97 1944.11 450.00 2796.98 1895.02 329.94 2193.85 1728.62 311.72 2290.48 1723.25 330.00 2293.02 1680.16 330.00 2317.90 1750.95 301.48 2277.90 1753.42 313.73 2276.10 1764.80 315.85 2269.46 1776.23 330.00 2262.44 2038.83 136.67 2667.08 2044.23 136.67 2656.13 2037.64 140.00 2666.17 2042.78 140.00 2655.74 2043.54 140.00 2644.14 2014.00 137.61 2648.03 2039.81 140.00 2633.13 2032.14 140.00 2624.39 2021.71 140.00 2619.25 2010.11 140.00 2618.49 1999.10 140.00 2622.22 1990.36 140.00 2629.89 1985.22 140.00 2640.32 1984.46 140.00 2651.92 1988.19 140.00 2662.93 1995.86 140.00 2671.67 2006.29 140.00 2676.82 2017.89 140.00 2677.58 2028.90 140.00 2673.84 2029.65 136.67 2675.14 2045.03 136.67 2643.95 2041.10 136.67 2632.38 2033.05 136.67 2623.20 2022.10 136.67 2617.80 2009.92 136.67 2617.00 1998.35 136.67 2620.93 1989.17 136.67 2628.98 1983.77 136.67 2639.93 1982.97 136.67 2652.12 1986.90 136.67 2663.68 1994.95 136.67 2672.86 2005.90 136.67 2678.26 2018.08 136.67 2679.06 1728.62 311.72 2290.48 1750.95 301.48 2277.90 1726.67 330.00 2267.76 1741.74 330.00 2249.82 1753.42 313.73 2276.10 1746.94 330.00 2258.14 1764.80 315.85 2269.46 1757.11 330.00 2254.56 1776.23 330.00 2262.44 1723.25 330.00 2293.02 1719.24 399.61 2181.26 1723.25 330.00 2293.02 1726.67 330.00 2267.76 1711.20 350.00 2303.24 1725.58 330.00 2294.94 1759.27 350.00 2341.82 1724.54 350.00 2323.66 1778.39 330.00 2264.45 1789.00 350.00 2258.32 1796.10 350.00 2314.38 1781.43 350.00 2318.88 1776.23 330.00 2262.44 1741.74 330.00 2249.82 1746.94 330.00 2258.14 1757.11 330.00 2254.56 1896.79 470.00 2621.02 1931.58 460.00 2633.27 1922.55 470.00 2639.63 1964.82 450.00 2634.86 1946.77 470.00 2647.59 1964.82 450.00 2634.86 1979.36 440.00 2668.03 1950.78 470.00 2684.53 1946.77 470.00 2647.59 1974.88 440.00 2638.28 1981.27 470.00 2707.34 2001.32 450.00 2698.08 2003.38 440.00 2687.65 2001.32 450.00 2698.08 2034.50 440.00 2683.54 2014.06 470.00 2716.13 2050.50 470.00 2711.25 2003.38 440.00 2687.65 2053.62 440.00 2658.65 2084.17 470.00 2667.56 2084.17 470.00 2667.56 2053.62 440.00 2658.65 2080.16 470.00 2630.62 2058.17 450.00 2622.53 2048.64 440.00 2628.03 2025.12 440.00 2609.28 2062.66 470.00 2600.31 2032.67 470.00 2578.36 2032.67 470.00 2578.36 2025.12 440.00 2609.28 1994.00 440.00 2613.39 1978.00 470.00 2585.68 1964.82 450.00 2634.86 1955.56 470.00 2614.80 1974.88 440.00 2638.28 1926.94 470.00 2623.24 1955.56 470.00 2614.80 1984.20 437.61 2640.41 1987.15 437.61 2663.53 2006.20 437.61 2678.52 2006.20 437.61 2678.52 2029.75 437.61 2675.31 2044.30 437.61 2656.52 2044.30 437.61 2656.52 2040.85 437.61 2632.53 2022.30 437.61 2618.41 2022.30 437.61 2618.41 1998.75 437.61 2621.62 1984.20 437.61 2640.41 1998.75 437.61 2621.62 1998.76 413.71 2644.04 2006.22 413.71 2634.56 2014.00 340.00 2648.03 2007.66 387.44 2651.79 2007.18 387.44 2646.26 2012.37 387.44 2655.26 1999.84 413.71 2656.36 2010.34 413.71 2664.09 2012.37 387.44 2655.26 2017.72 387.44 2654.48 2010.34 413.71 2664.09 2022.28 413.71 2662.37 2021.07 387.44 2650.23 2029.74 413.71 2652.89 2021.07 387.44 2650.23 2020.42 387.44 2644.42 2029.74 413.71 2652.89 2028.29 413.71 2639.93 2015.88 387.44 2641.24 2010.52 387.44 2642.01 2015.88 387.44 2641.24 2018.16 413.71 2632.84 2007.18 387.44 2646.26 2125.72 470.00 2583.53 2058.17 450.00 2622.53 2062.66 470.00 2600.31 2080.16 470.00 2630.62 2001.32 450.00 2698.08 1991.28 470.00 2754.68 1981.27 470.00 2707.34 2014.06 470.00 2716.13 1987.15 437.61 2663.53 1984.20 437.61 2640.41 1998.76 413.71 2644.04 1984.20 437.61 2640.41 2006.20 437.61 2678.52 2006.20 437.61 2678.52 2029.75 437.61 2675.31 2044.30 437.61 2656.52 2040.85 437.61 2632.53 2044.30 437.61 2656.52 2022.30 437.61 2618.41 2018.16 413.71 2632.84 2022.30 437.61 2618.41 1949.17 401.00 2433.74 1947.60 380.00 2445.03 1942.86 378.00 2410.82 1930.78 386.00 2425.88 1861.46 350.00 2375.83 1852.12 350.00 2339.66 1869.30 333.00 2379.40 1852.12 350.00 2339.66 1878.59 350.00 2377.49 1869.30 333.00 2379.40 1870.30 326.00 2411.14 1859.80 350.00 2392.96 1882.46 350.00 2412.20 1745.46 110.00 2282.90 1788.69 110.00 2257.86 1744.00 110.00 2261.00 1779.00 110.00 2241.00 1858.50 110.00 2379.00 1823.60 110.00 2318.43 1789.00 110.00 2419.00 1753.97 110.00 2358.43 1840.82 110.00 2268.22 1832.06 110.00 2232.90 1813.50 110.00 2221.00 1719.14 110.00 2298.20 1771.33 110.00 2308.24 1928.00 110.00 2339.00 1892.97 110.00 2278.43 1857.94 110.00 2217.86 </float_array>
                    <technique_common>
                        <accessor source="#geom-002DDD97-pos-array" count="281" stride="3">
                            <param name="X" type="float" />
                            <param name="Y" type="float" />
                            <param name="Z" type="float" />
                        </accessor>
                    </technique_common>
                </source>
                <source id="geom-002DDD97-texcoord">
                    <float_array id="geom-002DDD97-texcoord-array" count="562">1.50 0.75 0.94 0.19 1.50 0.19 0.37 -0.37 0.94 -0.37 1.50 -0.37 0.00 0.19 0.00 -0.37 0.56 0.19 0.56 -0.37 0.56 -1.12 1.12 -0.37 1.12 -1.12 2.25 0.09 1.12 0.09 2.25 -0.66 1.12 -0.66 3.28 0.09 4.40 0.09 3.28 0.84 4.40 0.84 3.28 -0.66 2.48 -0.66 2.48 0.09 1.69 0.09 0.84 0.09 1.69 -0.66 0.84 -0.66 5.53 -0.66 5.53 0.09 4.68 -0.66 4.68 0.09 3.84 -0.66 3.84 0.09 3.05 -0.66 3.05 0.09 0.94 -1.12 1.50 -1.12 1.12 0.09 1.59 0.09 1.13 0.28 1.76 0.28 0.50 -0.47 0.03 -0.47 0.40 -1.00 0.03 -1.00 1.86 -1.00 1.75 -0.47 1.59 -1.00 1.59 -0.47 0.00 0.28 0.00 -0.47 5.53 0.09 5.53 -0.66 4.40 -0.66 0.00 0.09 0.00 0.84 1.12 0.84 1.69 0.84 2.48 0.84 2.25 0.84 3.05 0.84 0.84 0.84 0.00 0.09 0.00 0.84 3.84 0.84 4.68 0.84 2.25 0.28 2.22 -0.47 2.25 -0.47 0.94 -1.87 0.37 -1.87 0.37 -1.12 5.53 0.84 0.00 -0.66 0.00 -1.87 0.56 -1.87 0.00 -1.56 0.00 -1.12 0.00 -0.66 5.55 0.84 1.50 -1.87 1.50 -1.56 1.12 -1.87 0.50 0.28 0.69 -0.47 0.69 -1.00 0.69 0.09 2.22 -1.00 1.12 1.00 1.74 1.00 0.00 0.75 2.26 1.00 0.50 0.84 0.44 1.00 0.00 1.00 0.74 0.74 0.76 0.85 0.88 0.87 1.00 1.00 5.34 3.84 4.74 4.74 5.09 3.74 4.55 4.55 3.74 5.09 2.78 2.78 2.78 5.28 1.82 5.09 1.00 4.55 0.46 3.74 0.27 2.78 0.46 1.82 1.00 1.00 1.82 0.46 2.78 0.27 3.74 0.46 4.55 1.00 5.09 1.82 5.28 2.78 5.55 2.78 3.84 5.34 2.78 5.55 1.71 5.34 0.81 4.74 0.21 3.84 0.00 2.78 0.21 1.71 0.81 0.81 1.71 0.21 2.78 0.00 3.84 0.21 4.74 0.81 5.34 1.71 0.49 -0.92 2.57 -1.59 1.11 1.21 2.84 1.59 3.39 -0.67 3.52 1.22 4.47 -0.47 4.40 1.19 5.55 0.62 0.00 0.41 3.80 -1.64 4.00 -4.94 4.67 -4.21 3.03 -4.85 3.91 -5.00 1.02 -5.55 2.35 -5.33 0.01 -1.89 0.60 -2.45 0.03 -4.31 0.48 -4.60 0.27 -0.64 5.39 -1.91 3.82 1.16 1.64 0.49 0.00 4.19 1.72 4.18 1.40 3.59 3.43 4.17 2.79 2.98 3.97 1.26 2.08 2.08 2.08 0.00 3.82 0.00 3.65 2.08 0.69 0.00 0.26 1.26 0.52 2.08 3.97 1.26 2.08 2.08 3.82 0.00 2.08 0.00 3.65 2.08 0.52 2.08 0.00 0.00 4.17 0.00 3.65 2.08 2.62 0.00 2.08 1.39 2.08 2.08 0.52 2.08 1.60 0.00 0.00 0.00 4.17 0.00 3.65 2.08 2.08 2.08 2.08 0.00 0.39 1.44 0.69 0.00 0.52 2.08 1.40 4.78 2.80 5.36 3.47 2.69 2.08 2.69 0.69 2.69 3.47 2.69 2.08 2.69 0.69 2.69 3.47 2.69 2.08 2.69 0.69 2.69 3.47 2.69 2.08 2.69 5.55 5.55 4.34 5.55 5.03 3.82 4.34 3.82 4.34 0.04 4.34 2.43 3.99 2.43 4.69 2.43 4.34 3.82 5.03 3.82 3.99 2.43 4.34 2.43 3.65 3.82 4.34 3.82 4.69 2.43 5.03 3.82 3.99 2.43 4.34 2.43 3.65 3.82 4.34 3.82 4.69 2.43 4.34 2.43 3.99 2.43 3.65 3.82 4.69 2.43 0.00 4.19 3.43 4.17 2.79 2.98 2.80 5.36 3.43 4.17 0.00 4.19 2.80 5.36 2.79 2.98 4.34 5.55 3.12 5.55 3.65 3.82 0.69 2.69 5.55 5.55 3.12 5.55 4.34 5.55 5.55 5.55 4.34 5.55 3.12 5.55 5.55 5.55 5.03 3.82 3.12 5.55 2.80 5.36 3.43 4.17 1.72 4.18 2.79 2.98 1.40 3.59 0.00 4.19 1.72 4.18 0.00 4.19 1.40 4.78 1.72 4.18 3.43 4.17 2.79 2.98 2.80 5.36 1.07 4.89 2.80 4.90 1.40 5.55 2.80 5.55 2.80 0.04 2.80 2.45 0.04 0.04 0.04 2.45 4.20 3.67 4.54 4.89 4.20 5.55 0.04 4.90 1.40 3.67 5.55 0.04 5.55 2.45 5.55 4.90 </float_array>
                    <technique_common>
                        <accessor source="#geom-002DDD97-texcoord-array" count="281" stride="2">
                            <param name="S" type="float" />
                            <param name="T" type="float" />
                        </accessor>
                    </technique_common>
                </source>
                <source id="geom-002DDD97-colors">
                    <float_array id="geom-002DDD97-colors-array" count="1124">0.19 0.19 0.19 1.00 0.19 0.19 0.19 1.00 0.24 0.85 0.36 1.00 0.13 0.13 0.13 1.00 0.27 0.45 0.29 1.00 0.25 1.00 0.46 1.00 0.24 0.31 0.24 1.00 0.25 1.00 0.47 1.00 0.19 0.19 0.19 1.00 0.28 1.00 0.43 1.00 0.28 0.85 0.36 1.00 0.13 0.13 0.13 1.00 0.13 0.13 0.13 1.00 0.43 0.78 0.43 1.00 0.36 0.60 0.36 1.00 0.35 0.58 0.35 1.00 0.31 0.49 0.31 1.00 0.44 0.79 0.44 1.00 0.35 0.59 0.35 1.00 0.39 0.68 0.39 1.00 0.33 0.54 0.33 1.00 0.35 0.58 0.35 1.00 0.38 0.65 0.38 1.00 0.50 0.94 0.50 1.00 0.27 0.40 0.27 1.00 0.19 0.19 0.19 1.00 0.28 0.41 0.28 1.00 0.19 0.19 0.19 1.00 0.09 0.13 0.12 1.00 0.09 0.13 0.12 1.00 0.25 0.40 0.35 1.00 0.25 0.39 0.35 1.00 0.38 0.87 0.52 1.00 0.27 0.39 0.27 1.00 0.37 0.63 0.37 1.00 0.49 0.91 0.49 1.00 0.28 0.94 0.39 1.00 0.26 0.70 0.33 1.00 0.21 0.26 0.24 1.00 0.27 0.45 0.40 1.00 0.26 0.43 0.37 1.00 0.25 0.38 0.34 1.00 0.19 0.19 0.19 1.00 0.08 0.08 0.08 1.00 0.22 0.29 0.26 1.00 0.09 0.11 0.11 1.00 0.22 0.29 0.26 1.00 0.19 0.19 0.19 1.00 0.22 0.31 0.28 1.00 0.19 0.19 0.19 1.00 0.09 0.13 0.12 1.00 0.09 0.13 0.12 1.00 0.13 0.13 0.13 1.00 0.13 0.13 0.13 1.00 0.31 0.49 0.31 1.00 0.13 0.13 0.13 1.00 0.13 0.13 0.13 1.00 0.34 0.55 0.34 1.00 0.28 0.42 0.28 1.00 0.45 0.81 0.45 1.00 0.39 0.68 0.39 1.00 0.44 0.80 0.44 1.00 0.19 0.19 0.19 1.00 0.09 0.13 0.12 1.00 0.08 0.08 0.08 1.00 0.28 0.40 0.28 1.00 0.19 0.19 0.19 1.00 0.09 0.13 0.12 1.00 0.09 0.13 0.12 1.00 0.09 0.13 0.12 1.00 0.19 0.19 0.19 1.00 0.13 0.13 0.13 1.00 0.13 0.13 0.13 1.00 0.13 0.13 0.13 1.00 0.09 0.13 0.12 1.00 0.25 0.35 0.25 1.00 0.19 0.19 0.19 1.00 0.26 1.00 0.41 1.00 0.26 0.91 0.37 1.00 0.13 0.13 0.13 1.00 0.08 0.08 0.08 1.00 0.25 0.35 0.25 1.00 0.26 1.00 0.46 1.00 0.13 0.13 0.13 1.00 0.19 0.19 0.19 1.00 0.19 0.19 0.19 1.00 0.22 0.30 0.27 1.00 0.19 0.19 0.19 1.00 0.09 0.11 0.11 1.00 0.23 0.31 0.28 1.00 0.22 0.29 0.27 1.00 0.19 0.19 0.19 1.00 0.08 0.08 0.08 1.00 0.20 0.22 0.22 1.00 0.20 0.21 0.21 1.00 0.08 0.08 0.08 1.00 0.22 0.28 0.26 1.00 0.22 0.28 0.26 1.00 0.22 0.29 0.27 1.00 0.22 0.30 0.27 1.00 0.29 1.00 0.68 1.00 0.30 1.00 0.62 1.00 0.24 1.00 0.55 1.00 0.25 1.00 0.55 1.00 0.28 1.00 0.65 1.00 0.21 1.00 0.76 1.00 0.32 1.00 0.76 1.00 0.35 1.00 0.85 1.00 0.38 1.00 0.93 1.00 0.40 1.00 0.97 1.00 0.41 1.00 0.98 1.00 0.40 1.00 0.96 1.00 0.38 1.00 0.91 1.00 0.35 1.00 0.82 1.00 0.32 1.00 0.75 1.00 0.28 1.00 0.69 1.00 0.25 1.00 0.60 1.00 0.24 1.00 0.55 1.00 0.23 1.00 0.54 1.00 0.29 1.00 0.59 1.00 0.32 1.00 0.76 1.00 0.34 1.00 0.82 1.00 0.36 1.00 0.87 1.00 0.37 1.00 0.92 1.00 0.38 1.00 0.95 1.00 0.39 1.00 0.97 1.00 0.38 1.00 0.96 1.00 0.38 1.00 0.93 1.00 0.36 1.00 0.80 1.00 0.34 1.00 0.81 1.00 0.32 1.00 0.52 1.00 0.30 1.00 0.56 1.00 0.29 1.00 0.67 1.00 0.20 0.22 0.22 1.00 0.22 0.28 0.26 1.00 0.20 0.23 0.22 1.00 0.19 0.19 0.19 1.00 0.22 0.28 0.26 1.00 0.19 0.19 0.19 1.00 0.22 0.29 0.27 1.00 0.19 0.19 0.19 1.00 0.22 0.30 0.27 1.00 0.20 0.21 0.21 1.00 0.19 0.19 0.19 1.00 0.20 0.21 0.21 1.00 0.20 0.23 0.22 1.00 0.19 0.19 0.19 1.00 0.19 0.19 0.19 1.00 0.19 0.19 0.19 1.00 0.19 0.19 0.19 1.00 0.23 0.33 0.29 1.00 0.22 0.31 0.28 1.00 0.19 0.19 0.19 1.00 0.19 0.19 0.19 1.00 0.22 0.30 0.27 1.00 0.19 0.19 0.19 1.00 0.19 0.19 0.19 1.00 0.19 0.19 0.19 1.00 0.32 1.00 0.44 1.00 0.31 1.00 0.48 1.00 0.09 0.27 0.12 1.00 0.31 1.00 0.48 1.00 0.09 0.29 0.12 1.00 0.31 1.00 0.48 1.00 0.28 1.00 0.46 1.00 0.09 0.26 0.11 1.00 0.09 0.29 0.12 1.00 0.36 1.00 0.63 1.00 0.06 0.13 0.08 1.00 0.23 0.73 0.33 1.00 0.24 1.00 0.40 1.00 0.23 0.73 0.33 1.00 0.19 0.56 0.30 1.00 0.06 0.12 0.08 1.00 0.06 0.11 0.07 1.00 0.24 1.00 0.40 1.00 0.24 0.89 0.37 1.00 0.06 0.11 0.08 1.00 0.06 0.11 0.08 1.00 0.24 0.89 0.37 1.00 0.08 0.20 0.10 1.00 0.27 1.00 0.41 1.00 0.28 1.00 0.48 1.00 0.35 1.00 0.58 1.00 0.28 0.89 0.38 1.00 0.10 0.30 0.13 1.00 0.10 0.30 0.13 1.00 0.35 1.00 0.58 1.00 0.38 1.00 0.64 1.00 0.11 0.38 0.15 1.00 0.31 1.00 0.48 1.00 0.09 0.31 0.13 1.00 0.36 1.00 0.63 1.00 0.09 0.31 0.13 1.00 0.09 0.31 0.13 1.00 0.36 1.00 0.62 1.00 0.28 1.00 0.48 1.00 0.24 0.98 0.39 1.00 0.24 0.98 0.39 1.00 0.19 0.58 0.31 1.00 0.24 0.95 0.38 1.00 0.24 0.95 0.38 1.00 0.28 1.00 0.47 1.00 0.35 1.00 0.61 1.00 0.35 1.00 0.61 1.00 0.38 1.00 0.66 1.00 0.36 1.00 0.62 1.00 0.38 1.00 0.66 1.00 0.34 1.00 0.52 1.00 0.36 1.00 0.56 1.00 0.33 1.00 1.00 1.00 0.29 1.00 0.41 1.00 0.34 1.00 0.52 1.00 0.20 0.42 0.25 1.00 0.28 1.00 0.41 1.00 0.21 0.57 0.29 1.00 0.20 0.42 0.25 1.00 0.19 0.31 0.22 1.00 0.21 0.57 0.29 1.00 0.19 0.41 0.25 1.00 0.20 0.36 0.24 1.00 0.21 0.54 0.29 1.00 0.20 0.36 0.24 1.00 0.28 0.88 0.38 1.00 0.21 0.54 0.29 1.00 0.28 0.97 0.40 1.00 0.33 1.00 0.49 1.00 0.38 1.00 0.58 1.00 0.33 1.00 0.49 1.00 0.33 1.00 0.50 1.00 0.34 1.00 0.52 1.00 0.27 0.82 0.36 1.00 0.27 1.00 0.41 1.00 0.28 0.89 0.38 1.00 0.08 0.20 0.10 1.00 0.23 0.73 0.33 1.00 0.19 0.41 0.25 1.00 0.06 0.13 0.08 1.00 0.06 0.12 0.08 1.00 0.28 1.00 0.48 1.00 0.36 1.00 0.62 1.00 0.34 1.00 0.52 1.00 0.36 1.00 0.62 1.00 0.24 0.98 0.39 1.00 0.24 0.98 0.39 1.00 0.19 0.58 0.31 1.00 0.24 0.95 0.38 1.00 0.28 1.00 0.47 1.00 0.24 0.95 0.38 1.00 0.35 1.00 0.61 1.00 0.33 1.00 0.50 1.00 0.35 1.00 0.61 1.00 0.10 0.14 0.10 1.00 0.37 1.00 0.45 1.00 0.35 0.56 0.35 1.00 0.09 0.14 0.09 1.00 0.08 0.13 0.11 1.00 0.08 0.12 0.11 1.00 0.09 0.15 0.13 1.00 0.22 0.28 0.26 1.00 0.11 0.25 0.16 1.00 0.22 0.28 0.26 1.00 0.34 0.70 0.45 1.00 0.08 0.11 0.10 1.00 0.10 0.16 0.11 1.00 0.22 0.30 0.27 1.00 0.40 0.56 0.50 1.00 0.08 0.06 0.15 1.00 0.08 0.06 0.15 1.00 0.62 1.00 1.00 1.00 0.58 1.00 0.94 1.00 0.25 0.39 0.34 1.00 0.25 0.38 0.34 1.00 0.25 0.40 0.35 1.00 0.22 0.31 0.28 1.00 0.08 0.06 0.15 1.00 0.22 0.29 0.26 1.00 0.26 0.40 0.35 1.00 0.25 0.39 0.34 1.00 0.25 0.38 0.34 1.00 0.22 0.29 0.26 1.00 </float_array>
                    <technique_common>
                        <accessor source="#geom-002DDD97-colors-array" count="281" stride="4">
                            <param name="R" type="float" />
                            <param name="G" type="float" />
                            <param name="B" type="float" />
                            <param name="A" type="float" />
                        </accessor>
                    </technique_common>
                </source>
                <vertices id="geom-002DDD97-vtx">
                    <input semantic="POSITION" source="#geom-002DDD97-pos" />
                </vertices>
                <triangles count="327" material="material-01A56FD8-symbol">
                    <input semantic="VERTEX" source="#geom-002DDD97-vtx" offset="0" />
                    <input semantic="TEXCOORD" source="#geom-002DDD97-texcoord" offset="0" />
                    <input semantic="COLOR" source="#geom-002DDD97-colors" offset="0" />
                    <p>0 1 2 2 1 5 5 1 4 4 36 5 3 36 4 3 4 1 72 36 3 71 36 72 70 36 71 70 82 36 81 82 70 36 82 37 5 36 37 6 7 8 91 6 8 8 7 9 11 8 9 9 10 11 9 78 10 7 78 9 10 78 77 77 76 10 75 76 77 83 10 76 12 10 83 11 10 12 13 14 15 13 57 14 60 57 13 13 35 60 15 35 13 34 35 15 34 33 35 32 33 34 32 31 33 30 31 32 30 29 31 28 29 30 31 29 66 65 31 66 33 31 65 61 33 65 35 33 61 60 35 61 15 14 16 16 14 79 79 14 55 55 14 56 56 14 57 17 18 19 17 54 18 21 54 17 21 17 22 22 17 23 22 23 26 26 23 24 24 25 26 24 62 25 58 62 24 24 23 58 58 23 59 23 17 59 59 17 19 19 18 20 20 18 73 73 18 52 52 18 53 53 18 54 26 25 27 27 25 74 74 25 63 25 62 63 63 62 64 38 39 40 40 87 38 84 87 40 84 42 87 84 43 42 50 43 84 43 50 51 42 43 44 86 42 44 85 42 86 87 42 85 40 39 41 90 40 41 89 40 90 89 99 40 40 99 98 96 40 98 84 40 96 93 84 96 84 93 50 50 93 94 95 50 94 44 43 45 46 47 48 46 68 47 88 68 46 67 68 69 67 41 68 92 41 67 90 41 92 41 39 47 68 41 47 48 47 49 47 39 49 66 29 80 97 96 98 </p>
                </triangles>
            </mesh>
        </geometry>
        <geometry id="geom-019CCA52" name="geom-019CCA52">
            <mesh>
                <source id="geom-019CCA52-pos">
                    <float_array id="geom-019CCA52-pos-array" count="543">2038.83 136.67 2667.08 2044.23 136.67 2656.13 2037.64 140.00 2666.17 2042.78 140.00 2655.74 2043.54 140.00 2644.14 2014.00 137.61 2648.03 2039.81 140.00 2633.13 2032.14 140.00 2624.39 2021.71 140.00 2619.25 2010.11 140.00 2618.49 1999.10 140.00 2622.22 1990.36 140.00 2629.89 1985.22 140.00 2640.32 1984.46 140.00 2651.92 1988.19 140.00 2662.93 1995.86 140.00 2671.67 2006.29 140.00 2676.82 2017.89 140.00 2677.58 2028.90 140.00 2673.84 2029.65 136.67 2675.14 2045.03 136.67 2643.95 2041.10 136.67 2632.38 2033.05 136.67 2623.20 2022.10 136.67 2617.80 2009.92 136.67 2617.00 1998.35 136.67 2620.93 1989.17 136.67 2628.98 1983.77 136.67 2639.93 1982.97 136.67 2652.12 1986.90 136.67 2663.68 1994.95 136.67 2672.86 2005.90 136.67 2678.26 2018.08 136.67 2679.06 1728.62 311.72 2290.48 1750.95 301.48 2277.90 1726.67 330.00 2267.76 1741.74 330.00 2249.82 1753.42 313.73 2276.10 1746.94 330.00 2258.14 1764.80 315.85 2269.46 1757.11 330.00 2254.56 1776.23 330.00 2262.44 1723.25 330.00 2293.02 1719.24 399.61 2181.26 1723.25 330.00 2293.02 1726.67 330.00 2267.76 1711.20 350.00 2303.24 1725.58 330.00 2294.94 1759.27 350.00 2341.82 1724.54 350.00 2323.66 1778.39 330.00 2264.45 1789.00 350.00 2258.32 1796.10 350.00 2314.38 1781.43 350.00 2318.88 1776.23 330.00 2262.44 1741.74 330.00 2249.82 1746.94 330.00 2258.14 1757.11 330.00 2254.56 1896.79 470.00 2621.02 1931.58 460.00 2633.27 1922.55 470.00 2639.63 1964.82 450.00 2634.86 1946.77 470.00 2647.59 1964.82 450.00 2634.86 1979.36 440.00 2668.03 1950.78 470.00 2684.53 1946.77 470.00 2647.59 1974.88 440.00 2638.28 1981.27 470.00 2707.34 2001.32 450.00 2698.08 2003.38 440.00 2687.65 2001.32 450.00 2698.08 2034.50 440.00 2683.54 2014.06 470.00 2716.13 2050.50 470.00 2711.25 2003.38 440.00 2687.65 2053.62 440.00 2658.65 2084.17 470.00 2667.56 2084.17 470.00 2667.56 2053.62 440.00 2658.65 2080.16 470.00 2630.62 2058.17 450.00 2622.53 2048.64 440.00 2628.03 2025.12 440.00 2609.28 2062.66 470.00 2600.31 2032.67 470.00 2578.36 2032.67 470.00 2578.36 2025.12 440.00 2609.28 1994.00 440.00 2613.39 1978.00 470.00 2585.68 1964.82 450.00 2634.86 1955.56 470.00 2614.80 1974.88 440.00 2638.28 1926.94 470.00 2623.24 1955.56 470.00 2614.80 1984.20 437.61 2640.41 1987.15 437.61 2663.53 2006.20 437.61 2678.52 2006.20 437.61 2678.52 2029.75 437.61 2675.31 2044.30 437.61 2656.52 2044.30 437.61 2656.52 2040.85 437.61 2632.53 2022.30 437.61 2618.41 2022.30 437.61 2618.41 1998.75 437.61 2621.62 1984.20 437.61 2640.41 1998.75 437.61 2621.62 1998.76 413.71 2644.04 2006.22 413.71 2634.56 2014.00 340.00 2648.03 2007.66 387.44 2651.79 2007.18 387.44 2646.26 2012.37 387.44 2655.26 1999.84 413.71 2656.36 2010.34 413.71 2664.09 2012.37 387.44 2655.26 2017.72 387.44 2654.48 2010.34 413.71 2664.09 2022.28 413.71 2662.37 2021.07 387.44 2650.23 2029.74 413.71 2652.89 2021.07 387.44 2650.23 2020.42 387.44 2644.42 2029.74 413.71 2652.89 2028.29 413.71 2639.93 2015.88 387.44 2641.24 2010.52 387.44 2642.01 2015.88 387.44 2641.24 2018.16 413.71 2632.84 2007.18 387.44 2646.26 2125.72 470.00 2583.53 2058.17 450.00 2622.53 2062.66 470.00 2600.31 2080.16 470.00 2630.62 2001.32 450.00 2698.08 1991.28 470.00 2754.68 1981.27 470.00 2707.34 2014.06 470.00 2716.13 1987.15 437.61 2663.53 1984.20 437.61 2640.41 1998.76 413.71 2644.04 1984.20 437.61 2640.41 2006.20 437.61 2678.52 2006.20 437.61 2678.52 2029.75 437.61 2675.31 2044.30 437.61 2656.52 2040.85 437.61 2632.53 2044.30 437.61 2656.52 2022.30 437.61 2618.41 2018.16 413.71 2632.84 2022.30 437.61 2618.41 1949.17 401.00 2433.74 1947.60 380.00 2445.03 1942.86 378.00 2410.82 1930.78 386.00 2425.88 1861.46 350.00 2375.83 1852.12 350.00 2339.66 1869.30 333.00 2379.40 1852.12 350.00 2339.66 1878.59 350.00 2377.49 1869.30 333.00 2379.40 1870.30 326.00 2411.14 1859.80 350.00 2392.96 1882.46 350.00 2412.20 1745.46 110.00 2282.90 1788.69 110.00 2257.86 1744.00 110.00 2261.00 1779.00 110.00 2241.00 1858.50 110.00 2379.00 1823.60 110.00 2318.43 1789.00 110.00 2419.00 1753.97 110.00 2358.43 1840.82 110.00 2268.22 1832.06 110.00 2232.90 1813.50 110.00 2221.00 1719.14 110.00 2298.20 1771.33 110.00 2308.24 1928.00 110.00 2339.00 1892.97 110.00 2278.43 1857.94 110.00 2217.86 </float_array>
                    <technique_common>
                        <accessor source="#geom-019CCA52-pos-array" count="181" stride="3">
                            <param name="X" type="float" />
                            <param name="Y" type="float" />
                            <param name="Z" type="float" />
                        </accessor>
                    </technique_common>
                </source>
                <source id="geom-019CCA52-texcoord">
                    <float_array id="geom-019CCA52-texcoord-array" count="362">0.96 0.69 0.85 0.85 0.92 0.67 0.82 0.82 0.67 0.92 0.50 0.50 0.50 0.95 0.33 0.92 0.18 0.82 0.08 0.67 0.05 0.50 0.08 0.33 0.18 0.18 0.33 0.08 0.50 0.05 0.67 0.08 0.82 0.18 0.92 0.33 0.95 0.50 1.00 0.50 0.69 0.96 0.50 1.00 0.31 0.96 0.15 0.85 0.04 0.69 0.00 0.50 0.04 0.31 0.15 0.15 0.31 0.04 0.50 0.00 0.69 0.04 0.85 0.15 0.96 0.31 0.09 -0.17 0.46 -0.29 0.20 0.22 0.51 0.29 0.61 -0.12 0.63 0.22 0.80 -0.08 0.79 0.21 1.00 0.11 0.00 0.07 0.68 -0.30 0.72 -0.89 0.84 -0.76 0.55 -0.87 0.70 -0.90 0.18 -1.00 0.42 -0.96 0.00 -0.34 0.11 -0.44 0.01 -0.78 0.09 -0.83 0.05 -0.11 0.97 -0.34 0.69 0.21 0.30 0.09 0.00 0.75 0.31 0.75 0.25 0.65 0.62 0.75 0.50 0.54 0.71 0.23 0.38 0.38 0.38 0.00 0.69 0.00 0.66 0.38 0.13 0.00 0.05 0.23 0.09 0.38 0.71 0.23 0.38 0.38 0.69 0.00 0.38 0.00 0.66 0.38 0.09 0.38 0.00 0.00 0.75 0.00 0.66 0.38 0.47 0.00 0.38 0.25 0.38 0.38 0.09 0.38 0.29 0.00 0.00 0.00 0.75 0.00 0.66 0.38 0.38 0.38 0.38 0.00 0.07 0.26 0.13 0.00 0.09 0.38 0.25 0.86 0.50 0.96 0.62 0.48 0.38 0.48 0.13 0.48 0.62 0.48 0.38 0.48 0.13 0.48 0.62 0.48 0.38 0.48 0.13 0.48 0.62 0.48 0.38 0.48 1.00 1.00 0.78 1.00 0.91 0.69 0.78 0.69 0.78 0.01 0.78 0.44 0.72 0.44 0.84 0.44 0.78 0.69 0.91 0.69 0.72 0.44 0.78 0.44 0.66 0.69 0.78 0.69 0.84 0.44 0.91 0.69 0.72 0.44 0.78 0.44 0.66 0.69 0.78 0.69 0.84 0.44 0.78 0.44 0.72 0.44 0.66 0.69 0.84 0.44 0.00 0.75 0.62 0.75 0.50 0.54 0.50 0.96 0.62 0.75 0.00 0.75 0.50 0.96 0.50 0.54 0.78 1.00 0.56 1.00 0.66 0.69 0.13 0.48 1.00 1.00 0.56 1.00 0.78 1.00 1.00 1.00 0.78 1.00 0.56 1.00 1.00 1.00 0.91 0.69 0.56 1.00 0.50 0.96 0.62 0.75 0.31 0.75 0.50 0.54 0.25 0.65 0.00 0.75 0.31 0.75 0.00 0.75 0.25 0.86 0.31 0.75 0.62 0.75 0.50 0.54 0.50 0.96 0.19 0.88 0.50 0.88 0.25 1.00 0.50 1.00 0.50 0.01 0.50 0.44 0.01 0.01 0.01 0.44 0.76 0.66 0.82 0.88 0.76 1.00 0.01 0.88 0.25 0.66 1.00 0.01 1.00 0.44 1.00 0.88 </float_array>
                    <technique_common>
                        <accessor source="#geom-019CCA52-texcoord-array" count="181" stride="2">
                            <param name="S" type="float" />
                            <param name="T" type="float" />
                        </accessor>
                    </technique_common>
                </source>
                <source id="geom-019CCA52-colors">
                    <float_array id="geom-019CCA52-colors-array" count="724">0.29 1.00 0.68 1.00 0.30 1.00 0.62 1.00 0.24 1.00 0.55 1.00 0.25 1.00 0.55 1.00 0.28 1.00 0.65 1.00 0.21 1.00 0.76 1.00 0.32 1.00 0.76 1.00 0.35 1.00 0.85 1.00 0.38 1.00 0.93 1.00 0.40 1.00 0.97 1.00 0.41 1.00 0.98 1.00 0.40 1.00 0.96 1.00 0.38 1.00 0.91 1.00 0.35 1.00 0.82 1.00 0.32 1.00 0.75 1.00 0.28 1.00 0.69 1.00 0.25 1.00 0.60 1.00 0.24 1.00 0.55 1.00 0.23 1.00 0.54 1.00 0.29 1.00 0.59 1.00 0.32 1.00 0.76 1.00 0.34 1.00 0.82 1.00 0.36 1.00 0.87 1.00 0.37 1.00 0.92 1.00 0.38 1.00 0.95 1.00 0.39 1.00 0.97 1.00 0.38 1.00 0.96 1.00 0.38 1.00 0.93 1.00 0.36 1.00 0.80 1.00 0.34 1.00 0.81 1.00 0.32 1.00 0.52 1.00 0.30 1.00 0.56 1.00 0.29 1.00 0.67 1.00 0.20 0.22 0.22 1.00 0.22 0.28 0.26 1.00 0.20 0.23 0.22 1.00 0.19 0.19 0.19 1.00 0.22 0.28 0.26 1.00 0.19 0.19 0.19 1.00 0.22 0.29 0.27 1.00 0.19 0.19 0.19 1.00 0.22 0.30 0.27 1.00 0.20 0.21 0.21 1.00 0.19 0.19 0.19 1.00 0.20 0.21 0.21 1.00 0.20 0.23 0.22 1.00 0.19 0.19 0.19 1.00 0.19 0.19 0.19 1.00 0.19 0.19 0.19 1.00 0.19 0.19 0.19 1.00 0.23 0.33 0.29 1.00 0.22 0.31 0.28 1.00 0.19 0.19 0.19 1.00 0.19 0.19 0.19 1.00 0.22 0.30 0.27 1.00 0.19 0.19 0.19 1.00 0.19 0.19 0.19 1.00 0.19 0.19 0.19 1.00 0.32 1.00 0.44 1.00 0.31 1.00 0.48 1.00 0.09 0.27 0.12 1.00 0.31 1.00 0.48 1.00 0.09 0.29 0.12 1.00 0.31 1.00 0.48 1.00 0.28 1.00 0.46 1.00 0.09 0.26 0.11 1.00 0.09 0.29 0.12 1.00 0.36 1.00 0.63 1.00 0.06 0.13 0.08 1.00 0.23 0.73 0.33 1.00 0.24 1.00 0.40 1.00 0.23 0.73 0.33 1.00 0.19 0.56 0.30 1.00 0.06 0.12 0.08 1.00 0.06 0.11 0.07 1.00 0.24 1.00 0.40 1.00 0.24 0.89 0.37 1.00 0.06 0.11 0.08 1.00 0.06 0.11 0.08 1.00 0.24 0.89 0.37 1.00 0.08 0.20 0.10 1.00 0.27 1.00 0.41 1.00 0.28 1.00 0.48 1.00 0.35 1.00 0.58 1.00 0.28 0.89 0.38 1.00 0.10 0.30 0.13 1.00 0.10 0.30 0.13 1.00 0.35 1.00 0.58 1.00 0.38 1.00 0.64 1.00 0.11 0.38 0.15 1.00 0.31 1.00 0.48 1.00 0.09 0.31 0.13 1.00 0.36 1.00 0.63 1.00 0.09 0.31 0.13 1.00 0.09 0.31 0.13 1.00 0.36 1.00 0.62 1.00 0.28 1.00 0.48 1.00 0.24 0.98 0.39 1.00 0.24 0.98 0.39 1.00 0.19 0.58 0.31 1.00 0.24 0.95 0.38 1.00 0.24 0.95 0.38 1.00 0.28 1.00 0.47 1.00 0.35 1.00 0.61 1.00 0.35 1.00 0.61 1.00 0.38 1.00 0.66 1.00 0.36 1.00 0.62 1.00 0.38 1.00 0.66 1.00 0.34 1.00 0.52 1.00 0.36 1.00 0.56 1.00 0.33 1.00 1.00 1.00 0.29 1.00 0.41 1.00 0.34 1.00 0.52 1.00 0.20 0.42 0.25 1.00 0.28 1.00 0.41 1.00 0.21 0.57 0.29 1.00 0.20 0.42 0.25 1.00 0.19 0.31 0.22 1.00 0.21 0.57 0.29 1.00 0.19 0.41 0.25 1.00 0.20 0.36 0.24 1.00 0.21 0.54 0.29 1.00 0.20 0.36 0.24 1.00 0.28 0.88 0.38 1.00 0.21 0.54 0.29 1.00 0.28 0.97 0.40 1.00 0.33 1.00 0.49 1.00 0.38 1.00 0.58 1.00 0.33 1.00 0.49 1.00 0.33 1.00 0.50 1.00 0.34 1.00 0.52 1.00 0.27 0.82 0.36 1.00 0.27 1.00 0.41 1.00 0.28 0.89 0.38 1.00 0.08 0.20 0.10 1.00 0.23 0.73 0.33 1.00 0.19 0.41 0.25 1.00 0.06 0.13 0.08 1.00 0.06 0.12 0.08 1.00 0.28 1.00 0.48 1.00 0.36 1.00 0.62 1.00 0.34 1.00 0.52 1.00 0.36 1.00 0.62 1.00 0.24 0.98 0.39 1.00 0.24 0.98 0.39 1.00 0.19 0.58 0.31 1.00 0.24 0.95 0.38 1.00 0.28 1.00 0.47 1.00 0.24 0.95 0.38 1.00 0.35 1.00 0.61 1.00 0.33 1.00 0.50 1.00 0.35 1.00 0.61 1.00 0.10 0.14 0.10 1.00 0.37 1.00 0.45 1.00 0.35 0.56 0.35 1.00 0.09 0.14 0.09 1.00 0.08 0.13 0.11 1.00 0.08 0.12 0.11 1.00 0.09 0.15 0.13 1.00 0.22 0.28 0.26 1.00 0.11 0.25 0.16 1.00 0.22 0.28 0.26 1.00 0.34 0.70 0.45 1.00 0.08 0.11 0.10 1.00 0.10 0.16 0.11 1.00 0.22 0.30 0.27 1.00 0.40 0.56 0.50 1.00 0.08 0.06 0.15 1.00 0.08 0.06 0.15 1.00 0.62 1.00 1.00 1.00 0.58 1.00 0.94 1.00 0.25 0.39 0.34 1.00 0.25 0.38 0.34 1.00 0.25 0.40 0.35 1.00 0.22 0.31 0.28 1.00 0.08 0.06 0.15 1.00 0.22 0.29 0.26 1.00 0.26 0.40 0.35 1.00 0.25 0.39 0.34 1.00 0.25 0.38 0.34 1.00 0.22 0.29 0.26 1.00 </float_array>
                    <technique_common>
                        <accessor source="#geom-019CCA52-colors-array" count="181" stride="4">
                            <param name="R" type="float" />
                            <param name="G" type="float" />
                            <param name="B" type="float" />
                            <param name="A" type="float" />
                        </accessor>
                    </technique_common>
                </source>
                <vertices id="geom-019CCA52-vtx">
                    <input semantic="POSITION" source="#geom-019CCA52-pos" />
                </vertices>
                <triangles count="144" material="material-0313D732-symbol">
                    <input semantic="VERTEX" source="#geom-019CCA52-vtx" offset="0" />
                    <input semantic="TEXCOORD" source="#geom-019CCA52-texcoord" offset="0" />
                    <input semantic="COLOR" source="#geom-019CCA52-colors" offset="0" />
                    <p>0 1 2 18 0 2 19 0 18 17 19 18 17 18 5 16 17 5 15 16 5 14 15 5 13 14 5 12 13 5 11 12 5 10 11 5 9 10 5 8 9 5 7 8 5 6 7 5 4 6 5 3 4 5 2 3 5 2 1 3 1 20 3 3 20 4 20 21 4 4 21 6 21 22 6 6 22 7 22 23 7 7 23 8 23 24 8 8 24 9 24 25 9 9 25 10 25 26 10 10 26 11 26 27 11 11 27 12 27 28 12 12 28 13 28 29 13 13 29 14 29 30 14 14 30 15 30 31 15 15 31 16 31 32 16 16 32 17 32 19 17 18 2 5 </p>
                </triangles>
            </mesh>
        </geometry>
        <geometry id="geom-02831CE5" name="geom-02831CE5">
            <mesh>
                <source id="geom-02831CE5-pos">
                    <float_array id="geom-02831CE5-pos-array" count="444">1728.62 311.72 2290.48 1750.95 301.48 2277.90 1726.67 330.00 2267.76 1741.74 330.00 2249.82 1753.42 313.73 2276.10 1746.94 330.00 2258.14 1764.80 315.85 2269.46 1757.11 330.00 2254.56 1776.23 330.00 2262.44 1723.25 330.00 2293.02 1719.24 399.61 2181.26 1723.25 330.00 2293.02 1726.67 330.00 2267.76 1711.20 350.00 2303.24 1725.58 330.00 2294.94 1759.27 350.00 2341.82 1724.54 350.00 2323.66 1778.39 330.00 2264.45 1789.00 350.00 2258.32 1796.10 350.00 2314.38 1781.43 350.00 2318.88 1776.23 330.00 2262.44 1741.74 330.00 2249.82 1746.94 330.00 2258.14 1757.11 330.00 2254.56 1896.79 470.00 2621.02 1931.58 460.00 2633.27 1922.55 470.00 2639.63 1964.82 450.00 2634.86 1946.77 470.00 2647.59 1964.82 450.00 2634.86 1979.36 440.00 2668.03 1950.78 470.00 2684.53 1946.77 470.00 2647.59 1974.88 440.00 2638.28 1981.27 470.00 2707.34 2001.32 450.00 2698.08 2003.38 440.00 2687.65 2001.32 450.00 2698.08 2034.50 440.00 2683.54 2014.06 470.00 2716.13 2050.50 470.00 2711.25 2003.38 440.00 2687.65 2053.62 440.00 2658.65 2084.17 470.00 2667.56 2084.17 470.00 2667.56 2053.62 440.00 2658.65 2080.16 470.00 2630.62 2058.17 450.00 2622.53 2048.64 440.00 2628.03 2025.12 440.00 2609.28 2062.66 470.00 2600.31 2032.67 470.00 2578.36 2032.67 470.00 2578.36 2025.12 440.00 2609.28 1994.00 440.00 2613.39 1978.00 470.00 2585.68 1964.82 450.00 2634.86 1955.56 470.00 2614.80 1974.88 440.00 2638.28 1926.94 470.00 2623.24 1955.56 470.00 2614.80 1984.20 437.61 2640.41 1987.15 437.61 2663.53 2006.20 437.61 2678.52 2006.20 437.61 2678.52 2029.75 437.61 2675.31 2044.30 437.61 2656.52 2044.30 437.61 2656.52 2040.85 437.61 2632.53 2022.30 437.61 2618.41 2022.30 437.61 2618.41 1998.75 437.61 2621.62 1984.20 437.61 2640.41 1998.75 437.61 2621.62 1998.76 413.71 2644.04 2006.22 413.71 2634.56 2014.00 340.00 2648.03 2007.66 387.44 2651.79 2007.18 387.44 2646.26 2012.37 387.44 2655.26 1999.84 413.71 2656.36 2010.34 413.71 2664.09 2012.37 387.44 2655.26 2017.72 387.44 2654.48 2010.34 413.71 2664.09 2022.28 413.71 2662.37 2021.07 387.44 2650.23 2029.74 413.71 2652.89 2021.07 387.44 2650.23 2020.42 387.44 2644.42 2029.74 413.71 2652.89 2028.29 413.71 2639.93 2015.88 387.44 2641.24 2010.52 387.44 2642.01 2015.88 387.44 2641.24 2018.16 413.71 2632.84 2007.18 387.44 2646.26 2125.72 470.00 2583.53 2058.17 450.00 2622.53 2062.66 470.00 2600.31 2080.16 470.00 2630.62 2001.32 450.00 2698.08 1991.28 470.00 2754.68 1981.27 470.00 2707.34 2014.06 470.00 2716.13 1987.15 437.61 2663.53 1984.20 437.61 2640.41 1998.76 413.71 2644.04 1984.20 437.61 2640.41 2006.20 437.61 2678.52 2006.20 437.61 2678.52 2029.75 437.61 2675.31 2044.30 437.61 2656.52 2040.85 437.61 2632.53 2044.30 437.61 2656.52 2022.30 437.61 2618.41 2018.16 413.71 2632.84 2022.30 437.61 2618.41 1949.17 401.00 2433.74 1947.60 380.00 2445.03 1942.86 378.00 2410.82 1930.78 386.00 2425.88 1861.46 350.00 2375.83 1852.12 350.00 2339.66 1869.30 333.00 2379.40 1852.12 350.00 2339.66 1878.59 350.00 2377.49 1869.30 333.00 2379.40 1870.30 326.00 2411.14 1859.80 350.00 2392.96 1882.46 350.00 2412.20 1745.46 110.00 2282.90 1788.69 110.00 2257.86 1744.00 110.00 2261.00 1779.00 110.00 2241.00 1858.50 110.00 2379.00 1823.60 110.00 2318.43 1789.00 110.00 2419.00 1753.97 110.00 2358.43 1840.82 110.00 2268.22 1832.06 110.00 2232.90 1813.50 110.00 2221.00 1719.14 110.00 2298.20 1771.33 110.00 2308.24 1928.00 110.00 2339.00 1892.97 110.00 2278.43 1857.94 110.00 2217.86 </float_array>
                    <technique_common>
                        <accessor source="#geom-02831CE5-pos-array" count="148" stride="3">
                            <param name="X" type="float" />
                            <param name="Y" type="float" />
                            <param name="Z" type="float" />
                        </accessor>
                    </technique_common>
                </source>
                <source id="geom-02831CE5-texcoord">
                    <float_array id="geom-02831CE5-texcoord-array" count="296">0.20 -0.37 1.03 -0.64 0.45 0.49 1.14 0.64 1.36 -0.27 1.42 0.49 1.79 -0.19 1.77 0.48 2.23 0.25 0.00 0.16 1.53 -0.66 1.61 -1.99 1.88 -1.69 1.22 -1.95 1.57 -2.01 0.41 -2.23 0.94 -2.14 0.00 -0.76 0.24 -0.98 0.01 -1.73 0.19 -1.85 0.11 -0.26 2.17 -0.77 1.54 0.47 0.66 0.20 0.00 1.68 0.69 1.68 0.56 1.44 1.38 1.67 1.12 1.20 1.59 0.51 0.84 0.84 0.84 0.00 1.53 0.00 1.46 0.84 0.28 0.00 0.10 0.51 0.21 0.84 1.59 0.51 0.84 0.84 1.53 0.00 0.84 0.00 1.46 0.84 0.21 0.84 0.00 0.00 1.67 0.00 1.46 0.84 1.05 0.00 0.84 0.56 0.84 0.84 0.21 0.84 0.64 0.00 0.00 0.00 1.67 0.00 1.46 0.84 0.84 0.84 0.84 0.00 0.16 0.58 0.28 0.00 0.21 0.84 0.56 1.92 1.13 2.15 1.39 1.08 0.84 1.08 0.28 1.08 1.39 1.08 0.84 1.08 0.28 1.08 1.39 1.08 0.84 1.08 0.28 1.08 1.39 1.08 0.84 1.08 2.23 2.23 1.74 2.23 2.02 1.53 1.74 1.53 1.74 0.02 1.74 0.98 1.60 0.98 1.88 0.98 1.74 1.53 2.02 1.53 1.60 0.98 1.74 0.98 1.46 1.53 1.74 1.53 1.88 0.98 2.02 1.53 1.60 0.98 1.74 0.98 1.46 1.53 1.74 1.53 1.88 0.98 1.74 0.98 1.60 0.98 1.46 1.53 1.88 0.98 0.00 1.68 1.38 1.67 1.12 1.20 1.13 2.15 1.38 1.67 0.00 1.68 1.13 2.15 1.12 1.20 1.74 2.23 1.25 2.23 1.46 1.53 0.28 1.08 2.23 2.23 1.25 2.23 1.74 2.23 2.23 2.23 1.74 2.23 1.25 2.23 2.23 2.23 2.02 1.53 1.25 2.23 1.13 2.15 1.38 1.67 0.69 1.68 1.12 1.20 0.56 1.44 0.00 1.68 0.69 1.68 0.00 1.68 0.56 1.92 0.69 1.68 1.38 1.67 1.12 1.20 1.13 2.15 0.43 1.96 1.12 1.97 0.56 2.23 1.12 2.23 1.12 0.02 1.12 0.98 0.02 0.02 0.02 0.98 1.69 1.48 1.82 1.96 1.69 2.23 0.02 1.97 0.56 1.48 2.23 0.02 2.23 0.98 2.23 1.97 </float_array>
                    <technique_common>
                        <accessor source="#geom-02831CE5-texcoord-array" count="148" stride="2">
                            <param name="S" type="float" />
                            <param name="T" type="float" />
                        </accessor>
                    </technique_common>
                </source>
                <source id="geom-02831CE5-colors">
                    <float_array id="geom-02831CE5-colors-array" count="592">0.20 0.22 0.22 1.00 0.22 0.28 0.26 1.00 0.20 0.23 0.22 1.00 0.19 0.19 0.19 1.00 0.22 0.28 0.26 1.00 0.19 0.19 0.19 1.00 0.22 0.29 0.27 1.00 0.19 0.19 0.19 1.00 0.22 0.30 0.27 1.00 0.20 0.21 0.21 1.00 0.19 0.19 0.19 1.00 0.20 0.21 0.21 1.00 0.20 0.23 0.22 1.00 0.19 0.19 0.19 1.00 0.19 0.19 0.19 1.00 0.19 0.19 0.19 1.00 0.19 0.19 0.19 1.00 0.23 0.33 0.29 1.00 0.22 0.31 0.28 1.00 0.19 0.19 0.19 1.00 0.19 0.19 0.19 1.00 0.22 0.30 0.27 1.00 0.19 0.19 0.19 1.00 0.19 0.19 0.19 1.00 0.19 0.19 0.19 1.00 0.32 1.00 0.44 1.00 0.31 1.00 0.48 1.00 0.09 0.27 0.12 1.00 0.31 1.00 0.48 1.00 0.09 0.29 0.12 1.00 0.31 1.00 0.48 1.00 0.28 1.00 0.46 1.00 0.09 0.26 0.11 1.00 0.09 0.29 0.12 1.00 0.36 1.00 0.63 1.00 0.06 0.13 0.08 1.00 0.23 0.73 0.33 1.00 0.24 1.00 0.40 1.00 0.23 0.73 0.33 1.00 0.19 0.56 0.30 1.00 0.06 0.12 0.08 1.00 0.06 0.11 0.07 1.00 0.24 1.00 0.40 1.00 0.24 0.89 0.37 1.00 0.06 0.11 0.08 1.00 0.06 0.11 0.08 1.00 0.24 0.89 0.37 1.00 0.08 0.20 0.10 1.00 0.27 1.00 0.41 1.00 0.28 1.00 0.48 1.00 0.35 1.00 0.58 1.00 0.28 0.89 0.38 1.00 0.10 0.30 0.13 1.00 0.10 0.30 0.13 1.00 0.35 1.00 0.58 1.00 0.38 1.00 0.64 1.00 0.11 0.38 0.15 1.00 0.31 1.00 0.48 1.00 0.09 0.31 0.13 1.00 0.36 1.00 0.63 1.00 0.09 0.31 0.13 1.00 0.09 0.31 0.13 1.00 0.36 1.00 0.62 1.00 0.28 1.00 0.48 1.00 0.24 0.98 0.39 1.00 0.24 0.98 0.39 1.00 0.19 0.58 0.31 1.00 0.24 0.95 0.38 1.00 0.24 0.95 0.38 1.00 0.28 1.00 0.47 1.00 0.35 1.00 0.61 1.00 0.35 1.00 0.61 1.00 0.38 1.00 0.66 1.00 0.36 1.00 0.62 1.00 0.38 1.00 0.66 1.00 0.34 1.00 0.52 1.00 0.36 1.00 0.56 1.00 0.33 1.00 1.00 1.00 0.29 1.00 0.41 1.00 0.34 1.00 0.52 1.00 0.20 0.42 0.25 1.00 0.28 1.00 0.41 1.00 0.21 0.57 0.29 1.00 0.20 0.42 0.25 1.00 0.19 0.31 0.22 1.00 0.21 0.57 0.29 1.00 0.19 0.41 0.25 1.00 0.20 0.36 0.24 1.00 0.21 0.54 0.29 1.00 0.20 0.36 0.24 1.00 0.28 0.88 0.38 1.00 0.21 0.54 0.29 1.00 0.28 0.97 0.40 1.00 0.33 1.00 0.49 1.00 0.38 1.00 0.58 1.00 0.33 1.00 0.49 1.00 0.33 1.00 0.50 1.00 0.34 1.00 0.52 1.00 0.27 0.82 0.36 1.00 0.27 1.00 0.41 1.00 0.28 0.89 0.38 1.00 0.08 0.20 0.10 1.00 0.23 0.73 0.33 1.00 0.19 0.41 0.25 1.00 0.06 0.13 0.08 1.00 0.06 0.12 0.08 1.00 0.28 1.00 0.48 1.00 0.36 1.00 0.62 1.00 0.34 1.00 0.52 1.00 0.36 1.00 0.62 1.00 0.24 0.98 0.39 1.00 0.24 0.98 0.39 1.00 0.19 0.58 0.31 1.00 0.24 0.95 0.38 1.00 0.28 1.00 0.47 1.00 0.24 0.95 0.38 1.00 0.35 1.00 0.61 1.00 0.33 1.00 0.50 1.00 0.35 1.00 0.61 1.00 0.10 0.14 0.10 1.00 0.37 1.00 0.45 1.00 0.35 0.56 0.35 1.00 0.09 0.14 0.09 1.00 0.08 0.13 0.11 1.00 0.08 0.12 0.11 1.00 0.09 0.15 0.13 1.00 0.22 0.28 0.26 1.00 0.11 0.25 0.16 1.00 0.22 0.28 0.26 1.00 0.34 0.70 0.45 1.00 0.08 0.11 0.10 1.00 0.10 0.16 0.11 1.00 0.22 0.30 0.27 1.00 0.40 0.56 0.50 1.00 0.08 0.06 0.15 1.00 0.08 0.06 0.15 1.00 0.62 1.00 1.00 1.00 0.58 1.00 0.94 1.00 0.25 0.39 0.34 1.00 0.25 0.38 0.34 1.00 0.25 0.40 0.35 1.00 0.22 0.31 0.28 1.00 0.08 0.06 0.15 1.00 0.22 0.29 0.26 1.00 0.26 0.40 0.35 1.00 0.25 0.39 0.34 1.00 0.25 0.38 0.34 1.00 0.22 0.29 0.26 1.00 </float_array>
                    <technique_common>
                        <accessor source="#geom-02831CE5-colors-array" count="148" stride="4">
                            <param name="R" type="float" />
                            <param name="G" type="float" />
                            <param name="B" type="float" />
                            <param name="A" type="float" />
                        </accessor>
                    </technique_common>
                </source>
                <vertices id="geom-02831CE5-vtx">
                    <input semantic="POSITION" source="#geom-02831CE5-pos" />
                </vertices>
                <triangles count="24" material="material-039B4BE2-symbol">
                    <input semantic="VERTEX" source="#geom-02831CE5-vtx" offset="0" />
                    <input semantic="TEXCOORD" source="#geom-02831CE5-texcoord" offset="0" />
                    <input semantic="COLOR" source="#geom-02831CE5-colors" offset="0" />
                    <p>0 1 2 2 9 0 2 1 3 1 4 3 3 4 5 4 6 5 5 6 7 6 8 7 </p>
                </triangles>
            </mesh>
        </geometry>
        <geometry id="geom-029C0411" name="geom-029C0411">
            <mesh>
                <source id="geom-029C0411-pos">
                    <float_array id="geom-029C0411-pos-array" count="414">1719.24 399.61 2181.26 1723.25 330.00 2293.02 1726.67 330.00 2267.76 1711.20 350.00 2303.24 1725.58 330.00 2294.94 1759.27 350.00 2341.82 1724.54 350.00 2323.66 1778.39 330.00 2264.45 1789.00 350.00 2258.32 1796.10 350.00 2314.38 1781.43 350.00 2318.88 1776.23 330.00 2262.44 1741.74 330.00 2249.82 1746.94 330.00 2258.14 1757.11 330.00 2254.56 1896.79 470.00 2621.02 1931.58 460.00 2633.27 1922.55 470.00 2639.63 1964.82 450.00 2634.86 1946.77 470.00 2647.59 1964.82 450.00 2634.86 1979.36 440.00 2668.03 1950.78 470.00 2684.53 1946.77 470.00 2647.59 1974.88 440.00 2638.28 1981.27 470.00 2707.34 2001.32 450.00 2698.08 2003.38 440.00 2687.65 2001.32 450.00 2698.08 2034.50 440.00 2683.54 2014.06 470.00 2716.13 2050.50 470.00 2711.25 2003.38 440.00 2687.65 2053.62 440.00 2658.65 2084.17 470.00 2667.56 2084.17 470.00 2667.56 2053.62 440.00 2658.65 2080.16 470.00 2630.62 2058.17 450.00 2622.53 2048.64 440.00 2628.03 2025.12 440.00 2609.28 2062.66 470.00 2600.31 2032.67 470.00 2578.36 2032.67 470.00 2578.36 2025.12 440.00 2609.28 1994.00 440.00 2613.39 1978.00 470.00 2585.68 1964.82 450.00 2634.86 1955.56 470.00 2614.80 1974.88 440.00 2638.28 1926.94 470.00 2623.24 1955.56 470.00 2614.80 1984.20 437.61 2640.41 1987.15 437.61 2663.53 2006.20 437.61 2678.52 2006.20 437.61 2678.52 2029.75 437.61 2675.31 2044.30 437.61 2656.52 2044.30 437.61 2656.52 2040.85 437.61 2632.53 2022.30 437.61 2618.41 2022.30 437.61 2618.41 1998.75 437.61 2621.62 1984.20 437.61 2640.41 1998.75 437.61 2621.62 1998.76 413.71 2644.04 2006.22 413.71 2634.56 2014.00 340.00 2648.03 2007.66 387.44 2651.79 2007.18 387.44 2646.26 2012.37 387.44 2655.26 1999.84 413.71 2656.36 2010.34 413.71 2664.09 2012.37 387.44 2655.26 2017.72 387.44 2654.48 2010.34 413.71 2664.09 2022.28 413.71 2662.37 2021.07 387.44 2650.23 2029.74 413.71 2652.89 2021.07 387.44 2650.23 2020.42 387.44 2644.42 2029.74 413.71 2652.89 2028.29 413.71 2639.93 2015.88 387.44 2641.24 2010.52 387.44 2642.01 2015.88 387.44 2641.24 2018.16 413.71 2632.84 2007.18 387.44 2646.26 2125.72 470.00 2583.53 2058.17 450.00 2622.53 2062.66 470.00 2600.31 2080.16 470.00 2630.62 2001.32 450.00 2698.08 1991.28 470.00 2754.68 1981.27 470.00 2707.34 2014.06 470.00 2716.13 1987.15 437.61 2663.53 1984.20 437.61 2640.41 1998.76 413.71 2644.04 1984.20 437.61 2640.41 2006.20 437.61 2678.52 2006.20 437.61 2678.52 2029.75 437.61 2675.31 2044.30 437.61 2656.52 2040.85 437.61 2632.53 2044.30 437.61 2656.52 2022.30 437.61 2618.41 2018.16 413.71 2632.84 2022.30 437.61 2618.41 1949.17 401.00 2433.74 1947.60 380.00 2445.03 1942.86 378.00 2410.82 1930.78 386.00 2425.88 1861.46 350.00 2375.83 1852.12 350.00 2339.66 1869.30 333.00 2379.40 1852.12 350.00 2339.66 1878.59 350.00 2377.49 1869.30 333.00 2379.40 1870.30 326.00 2411.14 1859.80 350.00 2392.96 1882.46 350.00 2412.20 1745.46 110.00 2282.90 1788.69 110.00 2257.86 1744.00 110.00 2261.00 1779.00 110.00 2241.00 1858.50 110.00 2379.00 1823.60 110.00 2318.43 1789.00 110.00 2419.00 1753.97 110.00 2358.43 1840.82 110.00 2268.22 1832.06 110.00 2232.90 1813.50 110.00 2221.00 1719.14 110.00 2298.20 1771.33 110.00 2308.24 1928.00 110.00 2339.00 1892.97 110.00 2278.43 1857.94 110.00 2217.86 </float_array>
                    <technique_common>
                        <accessor source="#geom-029C0411-pos-array" count="138" stride="3">
                            <param name="X" type="float" />
                            <param name="Y" type="float" />
                            <param name="Z" type="float" />
                        </accessor>
                    </technique_common>
                </source>
                <source id="geom-029C0411-texcoord">
                    <float_array id="geom-029C0411-texcoord-array" count="276">2.73 -1.18 2.87 -3.55 3.36 -3.03 2.18 -3.48 2.81 -3.59 0.73 -3.99 1.69 -3.83 0.01 -1.36 0.43 -1.76 0.02 -3.10 0.34 -3.30 0.19 -0.46 3.88 -1.38 2.75 0.84 1.18 0.35 0.00 3.01 1.23 3.00 1.00 2.58 2.46 2.99 2.00 2.14 2.85 0.90 1.50 1.50 1.50 0.00 2.74 0.00 2.62 1.50 0.50 0.00 0.19 0.90 0.37 1.50 2.85 0.90 1.50 1.50 2.74 0.00 1.50 0.00 2.62 1.50 0.37 1.50 0.00 0.00 2.99 0.00 2.62 1.50 1.89 0.00 1.50 1.00 1.50 1.50 0.37 1.50 1.15 0.00 0.00 0.00 2.99 0.00 2.62 1.50 1.50 1.50 1.50 0.00 0.28 1.03 0.50 0.00 0.37 1.50 1.01 3.43 2.02 3.85 2.49 1.93 1.50 1.93 0.50 1.93 2.49 1.93 1.50 1.93 0.50 1.93 2.49 1.93 1.50 1.93 0.50 1.93 2.49 1.93 1.50 1.93 3.99 3.99 3.12 3.99 3.62 2.74 3.12 2.74 3.12 0.03 3.12 1.75 2.87 1.75 3.37 1.75 3.12 2.74 3.62 2.74 2.87 1.75 3.12 1.75 2.62 2.74 3.12 2.74 3.37 1.75 3.62 2.74 2.87 1.75 3.12 1.75 2.62 2.74 3.12 2.74 3.37 1.75 3.12 1.75 2.87 1.75 2.62 2.74 3.37 1.75 0.00 3.01 2.46 2.99 2.00 2.14 2.02 3.85 2.46 2.99 0.00 3.01 2.02 3.85 2.00 2.14 3.12 3.99 2.25 3.99 2.62 2.74 0.50 1.93 3.99 3.99 2.25 3.99 3.12 3.99 3.99 3.99 3.12 3.99 2.25 3.99 3.99 3.99 3.62 2.74 2.25 3.99 2.02 3.85 2.46 2.99 1.23 3.00 2.00 2.14 1.00 2.58 0.00 3.01 1.23 3.00 0.00 3.01 1.01 3.43 1.23 3.00 2.46 2.99 2.00 2.14 2.02 3.85 0.77 3.51 2.01 3.52 1.01 3.99 2.01 3.99 2.01 0.03 2.01 1.76 0.03 0.03 0.03 1.76 3.02 2.64 3.26 3.51 3.02 3.99 0.03 3.52 1.01 2.64 3.99 0.03 3.99 1.76 3.99 3.52 </float_array>
                    <technique_common>
                        <accessor source="#geom-029C0411-texcoord-array" count="138" stride="2">
                            <param name="S" type="float" />
                            <param name="T" type="float" />
                        </accessor>
                    </technique_common>
                </source>
                <source id="geom-029C0411-colors">
                    <float_array id="geom-029C0411-colors-array" count="552">0.19 0.19 0.19 1.00 0.20 0.21 0.21 1.00 0.20 0.23 0.22 1.00 0.19 0.19 0.19 1.00 0.19 0.19 0.19 1.00 0.19 0.19 0.19 1.00 0.19 0.19 0.19 1.00 0.23 0.33 0.29 1.00 0.22 0.31 0.28 1.00 0.19 0.19 0.19 1.00 0.19 0.19 0.19 1.00 0.22 0.30 0.27 1.00 0.19 0.19 0.19 1.00 0.19 0.19 0.19 1.00 0.19 0.19 0.19 1.00 0.32 1.00 0.44 1.00 0.31 1.00 0.48 1.00 0.09 0.27 0.12 1.00 0.31 1.00 0.48 1.00 0.09 0.29 0.12 1.00 0.31 1.00 0.48 1.00 0.28 1.00 0.46 1.00 0.09 0.26 0.11 1.00 0.09 0.29 0.12 1.00 0.36 1.00 0.63 1.00 0.06 0.13 0.08 1.00 0.23 0.73 0.33 1.00 0.24 1.00 0.40 1.00 0.23 0.73 0.33 1.00 0.19 0.56 0.30 1.00 0.06 0.12 0.08 1.00 0.06 0.11 0.07 1.00 0.24 1.00 0.40 1.00 0.24 0.89 0.37 1.00 0.06 0.11 0.08 1.00 0.06 0.11 0.08 1.00 0.24 0.89 0.37 1.00 0.08 0.20 0.10 1.00 0.27 1.00 0.41 1.00 0.28 1.00 0.48 1.00 0.35 1.00 0.58 1.00 0.28 0.89 0.38 1.00 0.10 0.30 0.13 1.00 0.10 0.30 0.13 1.00 0.35 1.00 0.58 1.00 0.38 1.00 0.64 1.00 0.11 0.38 0.15 1.00 0.31 1.00 0.48 1.00 0.09 0.31 0.13 1.00 0.36 1.00 0.63 1.00 0.09 0.31 0.13 1.00 0.09 0.31 0.13 1.00 0.36 1.00 0.62 1.00 0.28 1.00 0.48 1.00 0.24 0.98 0.39 1.00 0.24 0.98 0.39 1.00 0.19 0.58 0.31 1.00 0.24 0.95 0.38 1.00 0.24 0.95 0.38 1.00 0.28 1.00 0.47 1.00 0.35 1.00 0.61 1.00 0.35 1.00 0.61 1.00 0.38 1.00 0.66 1.00 0.36 1.00 0.62 1.00 0.38 1.00 0.66 1.00 0.34 1.00 0.52 1.00 0.36 1.00 0.56 1.00 0.33 1.00 1.00 1.00 0.29 1.00 0.41 1.00 0.34 1.00 0.52 1.00 0.20 0.42 0.25 1.00 0.28 1.00 0.41 1.00 0.21 0.57 0.29 1.00 0.20 0.42 0.25 1.00 0.19 0.31 0.22 1.00 0.21 0.57 0.29 1.00 0.19 0.41 0.25 1.00 0.20 0.36 0.24 1.00 0.21 0.54 0.29 1.00 0.20 0.36 0.24 1.00 0.28 0.88 0.38 1.00 0.21 0.54 0.29 1.00 0.28 0.97 0.40 1.00 0.33 1.00 0.49 1.00 0.38 1.00 0.58 1.00 0.33 1.00 0.49 1.00 0.33 1.00 0.50 1.00 0.34 1.00 0.52 1.00 0.27 0.82 0.36 1.00 0.27 1.00 0.41 1.00 0.28 0.89 0.38 1.00 0.08 0.20 0.10 1.00 0.23 0.73 0.33 1.00 0.19 0.41 0.25 1.00 0.06 0.13 0.08 1.00 0.06 0.12 0.08 1.00 0.28 1.00 0.48 1.00 0.36 1.00 0.62 1.00 0.34 1.00 0.52 1.00 0.36 1.00 0.62 1.00 0.24 0.98 0.39 1.00 0.24 0.98 0.39 1.00 0.19 0.58 0.31 1.00 0.24 0.95 0.38 1.00 0.28 1.00 0.47 1.00 0.24 0.95 0.38 1.00 0.35 1.00 0.61 1.00 0.33 1.00 0.50 1.00 0.35 1.00 0.61 1.00 0.10 0.14 0.10 1.00 0.37 1.00 0.45 1.00 0.35 0.56 0.35 1.00 0.09 0.14 0.09 1.00 0.08 0.13 0.11 1.00 0.08 0.12 0.11 1.00 0.09 0.15 0.13 1.00 0.22 0.28 0.26 1.00 0.11 0.25 0.16 1.00 0.22 0.28 0.26 1.00 0.34 0.70 0.45 1.00 0.08 0.11 0.10 1.00 0.10 0.16 0.11 1.00 0.22 0.30 0.27 1.00 0.40 0.56 0.50 1.00 0.08 0.06 0.15 1.00 0.08 0.06 0.15 1.00 0.62 1.00 1.00 1.00 0.58 1.00 0.94 1.00 0.25 0.39 0.34 1.00 0.25 0.38 0.34 1.00 0.25 0.40 0.35 1.00 0.22 0.31 0.28 1.00 0.08 0.06 0.15 1.00 0.22 0.29 0.26 1.00 0.26 0.40 0.35 1.00 0.25 0.39 0.34 1.00 0.25 0.38 0.34 1.00 0.22 0.29 0.26 1.00 </float_array>
                    <technique_common>
                        <accessor source="#geom-029C0411-colors-array" count="138" stride="4">
                            <param name="R" type="float" />
                            <param name="G" type="float" />
                            <param name="B" type="float" />
                            <param name="A" type="float" />
                        </accessor>
                    </technique_common>
                </source>
                <vertices id="geom-029C0411-vtx">
                    <input semantic="POSITION" source="#geom-029C0411-pos" />
                </vertices>
                <triangles count="42" material="material-0075AAF6-symbol">
                    <input semantic="VERTEX" source="#geom-029C0411-vtx" offset="0" />
                    <input semantic="TEXCOORD" source="#geom-029C0411-texcoord" offset="0" />
                    <input semantic="COLOR" source="#geom-029C0411-colors" offset="0" />
                    <p>0 1 2 4 1 0 3 4 0 6 3 0 5 6 0 10 5 0 9 10 0 8 9 0 7 8 0 11 7 0 14 11 0 13 14 0 12 13 0 2 12 0 </p>
                </triangles>
            </mesh>
        </geometry>
        <geometry id="geom-037C24A0" name="geom-037C24A0">
            <mesh>
                <source id="geom-037C24A0-pos">
                    <float_array id="geom-037C24A0-pos-array" count="369">1896.79 470.00 2621.02 1931.58 460.00 2633.27 1922.55 470.00 2639.63 1964.82 450.00 2634.86 1946.77 470.00 2647.59 1964.82 450.00 2634.86 1979.36 440.00 2668.03 1950.78 470.00 2684.53 1946.77 470.00 2647.59 1974.88 440.00 2638.28 1981.27 470.00 2707.34 2001.32 450.00 2698.08 2003.38 440.00 2687.65 2001.32 450.00 2698.08 2034.50 440.00 2683.54 2014.06 470.00 2716.13 2050.50 470.00 2711.25 2003.38 440.00 2687.65 2053.62 440.00 2658.65 2084.17 470.00 2667.56 2084.17 470.00 2667.56 2053.62 440.00 2658.65 2080.16 470.00 2630.62 2058.17 450.00 2622.53 2048.64 440.00 2628.03 2025.12 440.00 2609.28 2062.66 470.00 2600.31 2032.67 470.00 2578.36 2032.67 470.00 2578.36 2025.12 440.00 2609.28 1994.00 440.00 2613.39 1978.00 470.00 2585.68 1964.82 450.00 2634.86 1955.56 470.00 2614.80 1974.88 440.00 2638.28 1926.94 470.00 2623.24 1955.56 470.00 2614.80 1984.20 437.61 2640.41 1987.15 437.61 2663.53 2006.20 437.61 2678.52 2006.20 437.61 2678.52 2029.75 437.61 2675.31 2044.30 437.61 2656.52 2044.30 437.61 2656.52 2040.85 437.61 2632.53 2022.30 437.61 2618.41 2022.30 437.61 2618.41 1998.75 437.61 2621.62 1984.20 437.61 2640.41 1998.75 437.61 2621.62 1998.76 413.71 2644.04 2006.22 413.71 2634.56 2014.00 340.00 2648.03 2007.66 387.44 2651.79 2007.18 387.44 2646.26 2012.37 387.44 2655.26 1999.84 413.71 2656.36 2010.34 413.71 2664.09 2012.37 387.44 2655.26 2017.72 387.44 2654.48 2010.34 413.71 2664.09 2022.28 413.71 2662.37 2021.07 387.44 2650.23 2029.74 413.71 2652.89 2021.07 387.44 2650.23 2020.42 387.44 2644.42 2029.74 413.71 2652.89 2028.29 413.71 2639.93 2015.88 387.44 2641.24 2010.52 387.44 2642.01 2015.88 387.44 2641.24 2018.16 413.71 2632.84 2007.18 387.44 2646.26 2125.72 470.00 2583.53 2058.17 450.00 2622.53 2062.66 470.00 2600.31 2080.16 470.00 2630.62 2001.32 450.00 2698.08 1991.28 470.00 2754.68 1981.27 470.00 2707.34 2014.06 470.00 2716.13 1987.15 437.61 2663.53 1984.20 437.61 2640.41 1998.76 413.71 2644.04 1984.20 437.61 2640.41 2006.20 437.61 2678.52 2006.20 437.61 2678.52 2029.75 437.61 2675.31 2044.30 437.61 2656.52 2040.85 437.61 2632.53 2044.30 437.61 2656.52 2022.30 437.61 2618.41 2018.16 413.71 2632.84 2022.30 437.61 2618.41 1949.17 401.00 2433.74 1947.60 380.00 2445.03 1942.86 378.00 2410.82 1930.78 386.00 2425.88 1861.46 350.00 2375.83 1852.12 350.00 2339.66 1869.30 333.00 2379.40 1852.12 350.00 2339.66 1878.59 350.00 2377.49 1869.30 333.00 2379.40 1870.30 326.00 2411.14 1859.80 350.00 2392.96 1882.46 350.00 2412.20 1745.46 110.00 2282.90 1788.69 110.00 2257.86 1744.00 110.00 2261.00 1779.00 110.00 2241.00 1858.50 110.00 2379.00 1823.60 110.00 2318.43 1789.00 110.00 2419.00 1753.97 110.00 2358.43 1840.82 110.00 2268.22 1832.06 110.00 2232.90 1813.50 110.00 2221.00 1719.14 110.00 2298.20 1771.33 110.00 2308.24 1928.00 110.00 2339.00 1892.97 110.00 2278.43 1857.94 110.00 2217.86 </float_array>
                    <technique_common>
                        <accessor source="#geom-037C24A0-pos-array" count="123" stride="3">
                            <param name="X" type="float" />
                            <param name="Y" type="float" />
                            <param name="Z" type="float" />
                        </accessor>
                    </technique_common>
                </source>
                <source id="geom-037C24A0-texcoord">
                    <float_array id="geom-037C24A0-texcoord-array" count="246">0.00 0.75 0.31 0.75 0.25 0.65 0.62 0.75 0.50 0.54 0.71 0.23 0.38 0.38 0.38 0.00 0.69 0.00 0.66 0.38 0.13 0.00 0.05 0.23 0.09 0.38 0.71 0.23 0.38 0.38 0.69 0.00 0.38 0.00 0.66 0.38 0.09 0.38 0.00 0.00 0.75 0.00 0.66 0.38 0.47 0.00 0.38 0.25 0.38 0.38 0.09 0.38 0.29 0.00 0.00 0.00 0.75 0.00 0.66 0.38 0.38 0.38 0.38 0.00 0.07 0.26 0.13 0.00 0.09 0.38 0.25 0.86 0.50 0.96 0.62 0.48 0.38 0.48 0.13 0.48 0.62 0.48 0.38 0.48 0.13 0.48 0.62 0.48 0.38 0.48 0.13 0.48 0.62 0.48 0.38 0.48 1.00 1.00 0.78 1.00 0.91 0.69 0.78 0.69 0.78 0.01 0.78 0.44 0.72 0.44 0.84 0.44 0.78 0.69 0.91 0.69 0.72 0.44 0.78 0.44 0.66 0.69 0.78 0.69 0.84 0.44 0.91 0.69 0.72 0.44 0.78 0.44 0.66 0.69 0.78 0.69 0.84 0.44 0.78 0.44 0.72 0.44 0.66 0.69 0.84 0.44 0.00 0.75 0.62 0.75 0.50 0.54 0.50 0.96 0.62 0.75 0.00 0.75 0.50 0.96 0.50 0.54 0.78 1.00 0.56 1.00 0.66 0.69 0.13 0.48 1.00 1.00 0.56 1.00 0.78 1.00 1.00 1.00 0.78 1.00 0.56 1.00 1.00 1.00 0.91 0.69 0.56 1.00 0.50 0.96 0.62 0.75 0.31 0.75 0.50 0.54 0.25 0.65 0.00 0.75 0.31 0.75 0.00 0.75 0.25 0.86 0.31 0.75 0.62 0.75 0.50 0.54 0.50 0.96 0.19 0.88 0.50 0.88 0.25 1.00 0.50 1.00 0.50 0.01 0.50 0.44 0.01 0.01 0.01 0.44 0.76 0.66 0.82 0.88 0.76 1.00 0.01 0.88 0.25 0.66 1.00 0.01 1.00 0.44 1.00 0.88 </float_array>
                    <technique_common>
                        <accessor source="#geom-037C24A0-texcoord-array" count="123" stride="2">
                            <param name="S" type="float" />
                            <param name="T" type="float" />
                        </accessor>
                    </technique_common>
                </source>
                <source id="geom-037C24A0-colors">
                    <float_array id="geom-037C24A0-colors-array" count="492">0.32 1.00 0.44 1.00 0.31 1.00 0.48 1.00 0.09 0.27 0.12 1.00 0.31 1.00 0.48 1.00 0.09 0.29 0.12 1.00 0.31 1.00 0.48 1.00 0.28 1.00 0.46 1.00 0.09 0.26 0.11 1.00 0.09 0.29 0.12 1.00 0.36 1.00 0.63 1.00 0.06 0.13 0.08 1.00 0.23 0.73 0.33 1.00 0.24 1.00 0.40 1.00 0.23 0.73 0.33 1.00 0.19 0.56 0.30 1.00 0.06 0.12 0.08 1.00 0.06 0.11 0.07 1.00 0.24 1.00 0.40 1.00 0.24 0.89 0.37 1.00 0.06 0.11 0.08 1.00 0.06 0.11 0.08 1.00 0.24 0.89 0.37 1.00 0.08 0.20 0.10 1.00 0.27 1.00 0.41 1.00 0.28 1.00 0.48 1.00 0.35 1.00 0.58 1.00 0.28 0.89 0.38 1.00 0.10 0.30 0.13 1.00 0.10 0.30 0.13 1.00 0.35 1.00 0.58 1.00 0.38 1.00 0.64 1.00 0.11 0.38 0.15 1.00 0.31 1.00 0.48 1.00 0.09 0.31 0.13 1.00 0.36 1.00 0.63 1.00 0.09 0.31 0.13 1.00 0.09 0.31 0.13 1.00 0.36 1.00 0.62 1.00 0.28 1.00 0.48 1.00 0.24 0.98 0.39 1.00 0.24 0.98 0.39 1.00 0.19 0.58 0.31 1.00 0.24 0.95 0.38 1.00 0.24 0.95 0.38 1.00 0.28 1.00 0.47 1.00 0.35 1.00 0.61 1.00 0.35 1.00 0.61 1.00 0.38 1.00 0.66 1.00 0.36 1.00 0.62 1.00 0.38 1.00 0.66 1.00 0.34 1.00 0.52 1.00 0.36 1.00 0.56 1.00 0.33 1.00 1.00 1.00 0.29 1.00 0.41 1.00 0.34 1.00 0.52 1.00 0.20 0.42 0.25 1.00 0.28 1.00 0.41 1.00 0.21 0.57 0.29 1.00 0.20 0.42 0.25 1.00 0.19 0.31 0.22 1.00 0.21 0.57 0.29 1.00 0.19 0.41 0.25 1.00 0.20 0.36 0.24 1.00 0.21 0.54 0.29 1.00 0.20 0.36 0.24 1.00 0.28 0.88 0.38 1.00 0.21 0.54 0.29 1.00 0.28 0.97 0.40 1.00 0.33 1.00 0.49 1.00 0.38 1.00 0.58 1.00 0.33 1.00 0.49 1.00 0.33 1.00 0.50 1.00 0.34 1.00 0.52 1.00 0.27 0.82 0.36 1.00 0.27 1.00 0.41 1.00 0.28 0.89 0.38 1.00 0.08 0.20 0.10 1.00 0.23 0.73 0.33 1.00 0.19 0.41 0.25 1.00 0.06 0.13 0.08 1.00 0.06 0.12 0.08 1.00 0.28 1.00 0.48 1.00 0.36 1.00 0.62 1.00 0.34 1.00 0.52 1.00 0.36 1.00 0.62 1.00 0.24 0.98 0.39 1.00 0.24 0.98 0.39 1.00 0.19 0.58 0.31 1.00 0.24 0.95 0.38 1.00 0.28 1.00 0.47 1.00 0.24 0.95 0.38 1.00 0.35 1.00 0.61 1.00 0.33 1.00 0.50 1.00 0.35 1.00 0.61 1.00 0.10 0.14 0.10 1.00 0.37 1.00 0.45 1.00 0.35 0.56 0.35 1.00 0.09 0.14 0.09 1.00 0.08 0.13 0.11 1.00 0.08 0.12 0.11 1.00 0.09 0.15 0.13 1.00 0.22 0.28 0.26 1.00 0.11 0.25 0.16 1.00 0.22 0.28 0.26 1.00 0.34 0.70 0.45 1.00 0.08 0.11 0.10 1.00 0.10 0.16 0.11 1.00 0.22 0.30 0.27 1.00 0.40 0.56 0.50 1.00 0.08 0.06 0.15 1.00 0.08 0.06 0.15 1.00 0.62 1.00 1.00 1.00 0.58 1.00 0.94 1.00 0.25 0.39 0.34 1.00 0.25 0.38 0.34 1.00 0.25 0.40 0.35 1.00 0.22 0.31 0.28 1.00 0.08 0.06 0.15 1.00 0.22 0.29 0.26 1.00 0.26 0.40 0.35 1.00 0.25 0.39 0.34 1.00 0.25 0.38 0.34 1.00 0.22 0.29 0.26 1.00 </float_array>
                    <technique_common>
                        <accessor source="#geom-037C24A0-colors-array" count="123" stride="4">
                            <param name="R" type="float" />
                            <param name="G" type="float" />
                            <param name="B" type="float" />
                            <param name="A" type="float" />
                        </accessor>
                    </technique_common>
                </source>
                <vertices id="geom-037C24A0-vtx">
                    <input semantic="POSITION" source="#geom-037C24A0-pos" />
                </vertices>
                <triangles count="288" material="material-0158639C-symbol">
                    <input semantic="VERTEX" source="#geom-037C24A0-vtx" offset="0" />
                    <input semantic="TEXCOORD" source="#geom-037C24A0-texcoord" offset="0" />
                    <input semantic="COLOR" source="#geom-037C24A0-colors" offset="0" />
                    <p>0 1 2 1 0 35 3 1 35 1 3 4 1 4 2 5 6 7 5 7 8 5 9 6 9 37 6 6 37 38 38 39 6 6 39 12 6 12 11 6 11 10 7 6 10 13 14 15 13 17 14 17 40 14 14 40 41 41 42 14 14 42 18 16 14 18 14 16 15 16 18 19 20 21 22 21 23 22 21 24 23 21 43 24 24 43 44 44 45 24 24 45 25 23 24 25 23 25 26 25 27 26 28 29 30 28 30 31 31 30 32 31 32 33 30 34 32 30 84 34 47 84 30 30 46 47 29 46 30 3 35 36 48 49 50 50 49 51 51 72 50 69 72 51 69 51 70 52 69 70 52 72 69 52 53 54 52 55 53 53 55 56 83 53 56 56 82 83 81 82 56 81 56 85 85 56 57 56 55 57 58 59 60 52 59 58 52 62 59 62 63 59 59 63 61 60 59 61 87 60 61 86 60 87 88 87 63 63 87 61 64 65 66 52 65 64 52 68 65 68 92 65 65 92 67 66 65 67 67 90 66 89 90 67 89 67 91 91 67 92 70 51 71 49 71 51 93 71 49 73 74 75 74 73 76 77 78 79 78 77 80 54 53 83 94 95 96 95 97 96 98 99 100 100 105 98 100 104 105 102 106 104 102 104 103 101 102 103 </p>
                </triangles>
            </mesh>
        </geometry>
        <geometry id="geom-035D49A1" name="geom-035D49A1">
            <mesh>
                <source id="geom-035D49A1-pos">
                    <float_array id="geom-035D49A1-pos-array" count="48">1745.46 110.00 2282.90 1788.69 110.00 2257.86 1744.00 110.00 2261.00 1779.00 110.00 2241.00 1858.50 110.00 2379.00 1823.60 110.00 2318.43 1789.00 110.00 2419.00 1753.97 110.00 2358.43 1840.82 110.00 2268.22 1832.06 110.00 2232.90 1813.50 110.00 2221.00 1719.14 110.00 2298.20 1771.33 110.00 2308.24 1928.00 110.00 2339.00 1892.97 110.00 2278.43 1857.94 110.00 2217.86 </float_array>
                    <technique_common>
                        <accessor source="#geom-035D49A1-pos-array" count="16" stride="3">
                            <param name="X" type="float" />
                            <param name="Y" type="float" />
                            <param name="Z" type="float" />
                        </accessor>
                    </technique_common>
                </source>
                <source id="geom-035D49A1-texcoord">
                    <float_array id="geom-035D49A1-texcoord-array" count="32">0.19 0.87 0.50 0.88 0.25 0.99 0.50 0.99 0.50 0.01 0.50 0.44 0.01 0.01 0.01 0.44 0.75 0.66 0.81 0.87 0.75 0.99 0.01 0.88 0.25 0.66 0.99 0.01 0.99 0.44 0.99 0.88 </float_array>
                    <technique_common>
                        <accessor source="#geom-035D49A1-texcoord-array" count="16" stride="2">
                            <param name="S" type="float" />
                            <param name="T" type="float" />
                        </accessor>
                    </technique_common>
                </source>
                <source id="geom-035D49A1-colors">
                    <float_array id="geom-035D49A1-colors-array" count="64">0.22 0.30 0.27 1.00 0.40 0.56 0.50 1.00 0.08 0.06 0.15 1.00 0.08 0.06 0.15 1.00 0.62 1.00 1.00 1.00 0.58 1.00 0.94 1.00 0.25 0.39 0.34 1.00 0.25 0.38 0.34 1.00 0.25 0.40 0.35 1.00 0.22 0.31 0.28 1.00 0.08 0.06 0.15 1.00 0.22 0.29 0.26 1.00 0.26 0.40 0.35 1.00 0.25 0.39 0.34 1.00 0.25 0.38 0.34 1.00 0.22 0.29 0.26 1.00 </float_array>
                    <technique_common>
                        <accessor source="#geom-035D49A1-colors-array" count="16" stride="4">
                            <param name="R" type="float" />
                            <param name="G" type="float" />
                            <param name="B" type="float" />
                            <param name="A" type="float" />
                        </accessor>
                    </technique_common>
                </source>
                <vertices id="geom-035D49A1-vtx">
                    <input semantic="POSITION" source="#geom-035D49A1-pos" />
                </vertices>
                <triangles count="54" material="material-00CF049F-symbol">
                    <input semantic="VERTEX" source="#geom-035D49A1-vtx" offset="0" />
                    <input semantic="TEXCOORD" source="#geom-035D49A1-texcoord" offset="0" />
                    <input semantic="COLOR" source="#geom-035D49A1-colors" offset="0" />
                    <p>0 1 2 1 0 12 1 12 5 5 8 1 8 5 14 15 8 14 15 9 8 8 9 1 9 10 1 1 10 3 2 1 3 4 5 6 4 14 5 13 14 4 6 5 7 12 7 5 12 11 7 0 11 12 </p>
                </triangles>
            </mesh>
        </geometry>
    </library_geometries>
    <library_visual_scenes>
        <visual_scene id="default">
            <node id="node-03B290C4" name="node-03B290C4">
                <translate>0.0 0.0 0.0</translate>
                <rotate>0.0 0.0 1.0 0.0</rotate>
                <rotate>0.0 1.0 0.0 0.0</rotate>
                <rotate>1.0 0.0 0.0 0.0</rotate>
                <scale>1.0 1.0 1.0</scale>
                <instance_geometry url="#geom-03B290C4">
                    <bind_material>
                        <technique_common>
                            <instance_material symbol="material-01807651-symbol" target="#material-01807651" />
                        </technique_common>
                    </bind_material>
                </instance_geometry>
            </node>
            <node id="node-014716E8" name="node-014716E8">
                <translate>0.0 0.0 0.0</translate>
                <rotate>0.0 0.0 1.0 0.0</rotate>
                <rotate>0.0 1.0 0.0 0.0</rotate>
                <rotate>1.0 0.0 0.0 0.0</rotate>
                <scale>1.0 1.0 1.0</scale>
                <instance_geometry url="#geom-014716E8">
                    <bind_material>
                        <technique_common>
                            <instance_material symbol="material-002302A8-symbol" target="#material-002302A8" />
                        </technique_common>
                    </bind_material>
                </instance_geometry>
            </node>
            <node id="node-037FCE30" name="node-037FCE30">
                <translate>0.0 0.0 0.0</translate>
                <rotate>0.0 0.0 1.0 0.0</rotate>
                <rotate>0.0 1.0 0.0 0.0</rotate>
                <rotate>1.0 0.0 0.0 0.0</rotate>
                <scale>1.0 1.0 1.0</scale>
                <instance_geometry url="#geom-037FCE30">
                    <bind_material>
                        <technique_common>
                            <instance_material symbol="material-018428DF-symbol" target="#material-018428DF" />
                        </technique_common>
                    </bind_material>
                </instance_geometry>
            </node>
            <node id="node-037E3FB4" name="node-037E3FB4">
                <translate>0.0 0.0 0.0</translate>
                <rotate>0.0 0.0 1.0 0.0</rotate>
                <rotate>0.0 1.0 0.0 0.0</rotate>
                <rotate>1.0 0.0 0.0 0.0</rotate>
                <scale>1.0 1.0 1.0</scale>
                <instance_geometry url="#geom-037E3FB4">
                    <bind_material>
                        <technique_common>
                            <instance_material symbol="material-00B3A8A9-symbol" target="#material-00B3A8A9" />
                        </technique_common>
                    </bind_material>
                </instance_geometry>
            </node>
            <node id="node-03703D54" name="node-03703D54">
                <translate>0.0 0.0 0.0</translate>
                <rotate>0.0 0.0 1.0 0.0</rotate>
                <rotate>0.0 1.0 0.0 0.0</rotate>
                <rotate>1.0 0.0 0.0 0.0</rotate>
                <scale>1.0 1.0 1.0</scale>
                <instance_geometry url="#geom-03703D54">
                    <bind_material>
                        <technique_common>
                            <instance_material symbol="material-0088C79F-symbol" target="#material-0088C79F" />
                        </technique_common>
                    </bind_material>
                </instance_geometry>
            </node>
            <node id="node-02F227FB" name="node-02F227FB">
                <translate>0.0 0.0 0.0</translate>
                <rotate>0.0 0.0 1.0 0.0</rotate>
                <rotate>0.0 1.0 0.0 0.0</rotate>
                <rotate>1.0 0.0 0.0 0.0</rotate>
                <scale>1.0 1.0 1.0</scale>
                <instance_geometry url="#geom-02F227FB">
                    <bind_material>
                        <technique_common>
                            <instance_material symbol="material-00F2C0D8-symbol" target="#material-00F2C0D8" />
                        </technique_common>
                    </bind_material>
                </instance_geometry>
            </node>
            <node id="node-028367D9" name="node-028367D9">
                <translate>0.0 0.0 0.0</translate>
                <rotate>0.0 0.0 1.0 0.0</rotate>
                <rotate>0.0 1.0 0.0 0.0</rotate>
                <rotate>1.0 0.0 0.0 0.0</rotate>
                <scale>1.0 1.0 1.0</scale>
                <instance_geometry url="#geom-028367D9">
                    <bind_material>
                        <technique_common>
                            <instance_material symbol="material-02D0EE9F-symbol" target="#material-02D0EE9F" />
                        </technique_common>
                    </bind_material>
                </instance_geometry>
            </node>
            <node id="node-029EA6A7" name="node-029EA6A7">
                <translate>0.0 0.0 0.0</translate>
                <rotate>0.0 0.0 1.0 0.0</rotate>
                <rotate>0.0 1.0 0.0 0.0</rotate>
                <rotate>1.0 0.0 0.0 0.0</rotate>
                <scale>1.0 1.0 1.0</scale>
                <instance_geometry url="#geom-029EA6A7">
                    <bind_material>
                        <technique_common>
                            <instance_material symbol="material-00D85DC3-symbol" target="#material-00D85DC3" />
                        </technique_common>
                    </bind_material>
                </instance_geometry>
            </node>
            <node id="node-0393DBE7" name="node-0393DBE7">
                <translate>0.0 0.0 0.0</translate>
                <rotate>0.0 0.0 1.0 0.0</rotate>
                <rotate>0.0 1.0 0.0 0.0</rotate>
                <rotate>1.0 0.0 0.0 0.0</rotate>
                <scale>1.0 1.0 1.0</scale>
                <instance_geometry url="#geom-0393DBE7">
                    <bind_material>
                        <technique_common>
                            <instance_material symbol="material-013B17E9-symbol" target="#material-013B17E9" />
                        </technique_common>
                    </bind_material>
                </instance_geometry>
            </node>
            <node id="node-0032BB20" name="node-0032BB20">
                <translate>0.0 0.0 0.0</translate>
                <rotate>0.0 0.0 1.0 0.0</rotate>
                <rotate>0.0 1.0 0.0 0.0</rotate>
                <rotate>1.0 0.0 0.0 0.0</rotate>
                <scale>1.0 1.0 1.0</scale>
                <instance_geometry url="#geom-0032BB20">
                    <bind_material>
                        <technique_common>
                            <instance_material symbol="material-0250EDF9-symbol" target="#material-0250EDF9" />
                        </technique_common>
                    </bind_material>
                </instance_geometry>
            </node>
            <node id="node-01C89425" name="node-01C89425">
                <translate>0.0 0.0 0.0</translate>
                <rotate>0.0 0.0 1.0 0.0</rotate>
                <rotate>0.0 1.0 0.0 0.0</rotate>
                <rotate>1.0 0.0 0.0 0.0</rotate>
                <scale>1.0 1.0 1.0</scale>
                <instance_geometry url="#geom-01C89425">
                    <bind_material>
                        <technique_common>
                            <instance_material symbol="material-03472997-symbol" target="#material-03472997" />
                        </technique_common>
                    </bind_material>
                </instance_geometry>
            </node>
            <node id="node-000D354D" name="node-000D354D">
                <translate>0.0 0.0 0.0</translate>
                <rotate>0.0 0.0 1.0 0.0</rotate>
                <rotate>0.0 1.0 0.0 0.0</rotate>
                <rotate>1.0 0.0 0.0 0.0</rotate>
                <scale>1.0 1.0 1.0</scale>
                <instance_geometry url="#geom-000D354D">
                    <bind_material>
                        <technique_common>
                            <instance_material symbol="material-001B8080-symbol" target="#material-001B8080" />
                        </technique_common>
                    </bind_material>
                </instance_geometry>
            </node>
            <node id="node-0076DFBB" name="node-0076DFBB">
                <translate>0.0 0.0 0.0</translate>
                <rotate>0.0 0.0 1.0 0.0</rotate>
                <rotate>0.0 1.0 0.0 0.0</rotate>
                <rotate>1.0 0.0 0.0 0.0</rotate>
                <scale>1.0 1.0 1.0</scale>
                <instance_geometry url="#geom-0076DFBB">
                    <bind_material>
                        <technique_common>
                            <instance_material symbol="material-00F78484-symbol" target="#material-00F78484" />
                        </technique_common>
                    </bind_material>
                </instance_geometry>
            </node>
            <node id="node-002DDD97" name="node-002DDD97">
                <translate>0.0 0.0 0.0</translate>
                <rotate>0.0 0.0 1.0 0.0</rotate>
                <rotate>0.0 1.0 0.0 0.0</rotate>
                <rotate>1.0 0.0 0.0 0.0</rotate>
                <scale>1.0 1.0 1.0</scale>
                <instance_geometry url="#geom-002DDD97">
                    <bind_material>
                        <technique_common>
                            <instance_material symbol="material-01A56FD8-symbol" target="#material-01A56FD8" />
                        </technique_common>
                    </bind_material>
                </instance_geometry>
            </node>
            <node id="node-019CCA52" name="node-019CCA52">
                <translate>0.0 0.0 0.0</translate>
                <rotate>0.0 0.0 1.0 0.0</rotate>
                <rotate>0.0 1.0 0.0 0.0</rotate>
                <rotate>1.0 0.0 0.0 0.0</rotate>
                <scale>1.0 1.0 1.0</scale>
                <instance_geometry url="#geom-019CCA52">
                    <bind_material>
                        <technique_common>
                            <instance_material symbol="material-0313D732-symbol" target="#material-0313D732" />
                        </technique_common>
                    </bind_material>
                </instance_geometry>
            </node>
            <node id="node-02831CE5" name="node-02831CE5">
                <translate>0.0 0.0 0.0</translate>
                <rotate>0.0 0.0 1.0 0.0</rotate>
                <rotate>0.0 1.0 0.0 0.0</rotate>
                <rotate>1.0 0.0 0.0 0.0</rotate>
                <scale>1.0 1.0 1.0</scale>
                <instance_geometry url="#geom-02831CE5">
                    <bind_material>
                        <technique_common>
                            <instance_material symbol="material-039B4BE2-symbol" target="#material-039B4BE2" />
                        </technique_common>
                    </bind_material>
                </instance_geometry>
            </node>
            <node id="node-029C0411" name="node-029C0411">
                <translate>0.0 0.0 0.0</translate>
                <rotate>0.0 0.0 1.0 0.0</rotate>
                <rotate>0.0 1.0 0.0 0.0</rotate>
                <rotate>1.0 0.0 0.0 0.0</rotate>
                <scale>1.0 1.0 1.0</scale>
                <instance_geometry url="#geom-029C0411">
                    <bind_material>
                        <technique_common>
                            <instance_material symbol="material-0075AAF6-symbol" target="#material-0075AAF6" />
                        </technique_common>
                    </bind_material>
                </instance_geometry>
            </node>
            <node id="node-037C24A0" name="node-037C24A0">
                <translate>0.0 0.0 0.0</translate>
                <rotate>0.0 0.0 1.0 0.0</rotate>
                <rotate>0.0 1.0 0.0 0.0</rotate>
                <rotate>1.0 0.0 0.0 0.0</rotate>
                <scale>1.0 1.0 1.0</scale>
                <instance_geometry url="#geom-037C24A0">
                    <bind_material>
                        <technique_common>
                            <instance_material symbol="material-0158639C-symbol" target="#material-0158639C" />
                        </technique_common>
                    </bind_material>
                </instance_geometry>
            </node>
            <node id="node-035D49A1" name="node-035D49A1">
                <translate>0.0 0.0 0.0</translate>
                <rotate>0.0 0.0 1.0 0.0</rotate>
                <rotate>0.0 1.0 0.0 0.0</rotate>
                <rotate>1.0 0.0 0.0 0.0</rotate>
                <scale>1.0 1.0 1.0</scale>
                <instance_geometry url="#geom-035D49A1">
                    <bind_material>
                        <technique_common>
                            <instance_material symbol="material-00CF049F-symbol" target="#material-00CF049F" />
                        </technique_common>
                    </bind_material>
                </instance_geometry>
            </node>
        </visual_scene>
    </library_visual_scenes>
    <scene>
        <instance_visual_scene url="#default" />
    </scene>
</COLLADA>