# Blender v2.78 (sub 0) OBJ File: ''
# www.blender.org
mtllib True Master Sword.mtl
o EquipSwordMaster.mo_EquipSwordMaster.md
v 4.441025 0.772659 -25.915043
v 4.700847 0.751184 -28.357637
v 3.928041 1.034667 -29.082253
v 3.581290 1.015542 -25.411570
v 3.337431 1.242029 -29.903166
v 2.730842 1.248568 -24.589510
v 2.339911 1.408910 -25.584356
v 2.719483 1.251635 -24.589510
v 2.294307 1.408910 -24.676926
v 2.248700 1.408910 -23.769495
v -2.294304 1.408910 -24.676926
v -2.248695 1.408910 -23.769495
v -2.719483 1.251635 -24.589510
v 4.441025 0.717925 -25.915043
v 4.700847 0.696449 -28.357637
v 3.928041 0.979932 -29.082256
v 3.581290 0.960807 -25.411572
v 3.337431 1.187294 -29.903168
v 2.717605 1.193976 -24.473551
v 2.820549 1.354177 -30.826500
v 2.119913 1.354175 -23.184902
v 0.000000 1.354175 -22.432577
v 2.071180 1.354173 -16.830555
v 0.000000 1.354171 -13.658064
v 2.085212 1.354172 -15.538071
v -4.441025 -0.717909 -25.915043
v -4.700847 -0.696429 -28.357637
v -3.928041 -0.979912 -29.082256
v -3.581295 -0.960791 -25.411568
v -3.337431 -1.187274 -29.903168
v -2.717605 -1.193960 -24.473551
v -2.820549 -1.354157 -30.826500
v -2.119913 -1.354159 -23.184902
v 0.000000 -1.354159 -22.432577
v -2.071183 -1.354161 -16.830555
v 0.000000 -1.354163 -13.658064
v -2.085212 -1.354162 -15.538071
v -4.441025 -0.772643 -25.915043
v -4.700847 -0.751164 -28.357637
v -3.928041 -1.034647 -29.082253
v -3.581293 -1.015526 -25.411570
v -3.337431 -1.242009 -29.903166
v -2.730842 -1.248552 -24.589510
v -2.339911 -1.408894 -25.584356
v -2.294304 -1.408894 -24.676926
v 2.294307 -1.408894 -24.676926
v 2.248700 -1.408894 -23.769495
v 2.719483 -1.251619 -24.589510
v -3.928041 0.979932 -29.082256
v -4.441025 0.717925 -25.915043
v -3.581295 0.960807 -25.411568
v -3.337431 1.187294 -29.903168
v -2.717605 1.193976 -24.473551
v -2.820549 1.354177 -30.826500
v -2.119913 1.354175 -23.184902
v 0.000000 1.354175 -22.432577
v -2.071183 1.354173 -16.830555
v 0.000000 1.354171 -13.658064
v -2.085212 1.354172 -15.538071
v 3.928041 -0.979912 -29.082256
v 4.441025 -0.717909 -25.915043
v 3.581290 -0.960791 -25.411572
v 3.337431 -1.187274 -29.903168
v 2.717605 -1.193960 -24.473551
v 2.820549 -1.354157 -30.826500
v 2.119913 -1.354159 -23.184902
v 0.000000 -1.354159 -22.432577
v 2.071180 -1.354161 -16.830555
v 0.000000 -1.354163 -13.658064
v 2.085212 -1.354162 -15.538071
v -1.883850 1.012389 -107.008163
v -1.134281 1.000022 -108.930321
v -3.786058 0.000036 -108.536880
v -2.258635 1.018573 -105.601318
v -4.277353 0.000034 -104.342651
v -2.592096 1.037126 -102.978958
v -4.606678 0.000010 -30.659487
v -2.820549 1.354177 -30.826500
v -3.337431 1.187294 -29.903168
v 1.883850 -1.012321 -107.008163
v 1.134281 -0.999950 -108.930321
v 3.786058 0.000036 -108.536880
v 2.258635 -1.018505 -105.601318
v 4.277353 0.000034 -104.342651
v 2.592096 -1.037058 -102.978958
v 4.606678 0.000010 -30.659487
v 2.820549 -1.354157 -30.826500
v 3.337431 -1.187274 -29.903168
v 2.050571 0.000038 -114.522964
v 0.000000 0.000038 -119.513550
v 0.000000 0.981468 -110.962669
v 2.977486 0.000036 -111.740433
v 1.134281 1.000022 -108.930321
v 3.786058 0.000036 -108.536880
v 1.883850 1.012389 -107.008163
v 2.258635 1.018573 -105.601318
v -2.050571 0.000038 -114.522964
v 0.000000 0.000038 -119.513550
v 0.000000 -0.981396 -110.962669
v -2.977486 0.000036 -111.740433
v -1.134281 -0.999950 -108.930321
v -3.786058 0.000036 -108.536880
v -1.883850 -1.012321 -107.008163
v -2.258635 -1.018505 -105.601318
v 5.548501 0.000008 -25.772575
v 5.548501 0.415332 -26.288643
v 4.441025 0.717925 -25.915043
v 4.615173 0.000008 -24.942884
v 3.581290 0.960807 -25.411572
v 3.925776 0.000008 -24.094934
v 3.341856 0.000008 -23.094635
v -5.548506 0.000008 -25.772575
v -5.548506 -0.415316 -26.288643
v -4.441025 -0.717909 -25.915043
v -4.615178 0.000008 -24.942884
v -3.581295 -0.960791 -25.411568
v -3.925781 0.000008 -24.094934
v -3.341856 0.000008 -23.094635
v -2.820549 -1.408891 -30.826500
v 2.339911 -1.408894 -25.584356
v 2.820549 -1.408891 -30.826500
v 3.337431 -1.242009 -29.903166
v 3.928041 -0.979912 -29.082256
v 4.853270 0.000010 -29.785967
v 5.179110 0.000010 -28.979172
v 4.700847 -0.696429 -28.357637
v 5.548501 0.000010 -28.382883
v 5.548501 -0.415314 -27.866812
v -5.548506 0.000010 -28.382883
v -5.548506 0.415334 -27.866812
v -4.700847 0.696449 -28.357637
v -5.179110 0.000010 -28.979172
v -3.928041 0.979932 -29.082256
v -4.853270 0.000010 -29.785967
v -2.730842 1.248568 -24.589510
v -2.339911 1.408910 -25.584356
v 5.548501 -0.415314 -27.866812
v 5.548501 -0.415316 -26.288643
v 4.700847 -0.696429 -28.357637
v -5.548506 0.415334 -27.866812
v -5.548506 0.415332 -26.288643
v -4.700847 0.696449 -28.357637
v 1.134281 1.000022 -108.930321
v 0.000000 0.981468 -110.962669
v 0.000000 1.037126 -102.615822
v 1.883850 1.012389 -107.008163
v 2.258635 1.018573 -105.601318
v -3.581295 0.960807 -25.411568
v -3.925781 0.000008 -24.094934
v -3.341856 0.000008 -23.094635
v -2.717605 1.193976 -24.473551
v -2.119913 1.354175 -23.184902
v -1.134281 -0.999950 -108.930321
v 0.000000 -0.981396 -110.962669
v 0.000000 -1.037058 -102.615822
v -1.883850 -1.012321 -107.008163
v -2.258635 -1.018505 -105.601318
v 3.581290 -0.960791 -25.411572
v 3.925776 0.000008 -24.094934
v 3.341856 0.000008 -23.094635
v 2.717605 -1.193960 -24.473551
v 2.119913 -1.354159 -23.184902
v -2.336428 1.657802 -18.307112
v -2.080679 1.354173 -18.307112
v -3.327968 0.000006 -18.307112
v -3.899736 0.000006 -18.307112
v -2.336428 -1.657790 -18.307112
v -3.928041 -0.979912 -29.082256
v -4.853270 0.000010 -29.785967
v -4.606678 0.000010 -30.659487
v -3.337431 -1.187274 -29.903168
v -2.820549 -1.354157 -30.826500
v 3.928041 0.979932 -29.082256
v 4.853270 0.000010 -29.785967
v 4.606678 0.000010 -30.659487
v 3.337431 1.187294 -29.903168
v 2.820549 1.354177 -30.826500
v -5.548506 -0.415314 -27.866812
v -5.548506 -0.415316 -26.288643
v -5.548506 0.000008 -25.772575
v -5.548506 0.000010 -28.382883
v -5.548506 0.415334 -27.866812
v 0.000000 -1.354157 -30.826500
v 2.592096 -1.037058 -102.978958
v 0.000000 -1.037058 -102.615822
v 5.548501 0.415334 -27.866812
v 5.548501 0.415332 -26.288643
v 5.548501 0.000008 -25.772575
v 5.548501 0.000010 -28.382883
v 5.548501 -0.415314 -27.866812
v -5.548506 -0.415316 -26.288643
v -5.548506 -0.415314 -27.866812
v 4.441025 -0.717909 -25.915043
v 5.548501 -0.415316 -26.288643
v 5.548501 0.000008 -25.772575
v 4.615173 0.000008 -24.942884
v 0.000000 -0.981396 -110.962669
v 1.134281 -0.999950 -108.930321
v 1.883850 -1.012321 -107.008163
v 2.258635 -1.018505 -105.601318
v 0.000000 -0.981396 -110.962669
v 0.000000 0.000038 -119.513550
v 2.050571 0.000038 -114.522964
v 2.977486 0.000036 -111.740433
v -4.441025 0.717925 -25.915043
v -5.548506 0.415332 -26.288643
v -5.548506 0.000008 -25.772575
v -4.615178 0.000008 -24.942884
v 0.000000 1.037126 -102.615822
v 0.000000 0.981468 -110.962669
v -1.134281 1.000022 -108.930321
v -1.883850 1.012389 -107.008163
v -2.258635 1.018573 -105.601318
v -2.592096 1.037126 -102.978958
v 0.000000 0.981468 -110.962669
v 0.000000 0.000038 -119.513550
v -2.050571 0.000038 -114.522964
v -2.977486 0.000036 -111.740433
v 2.717605 1.193976 -24.473551
v 2.119913 1.354175 -23.184902
v -2.248695 -1.408894 -23.769495
v -2.719483 -1.251619 -24.589510
v 3.928041 -1.034647 -29.082253
v 4.700847 -0.751164 -28.357637
v 4.441025 -0.772643 -25.915043
v 3.581290 -1.015526 -25.411570
v 2.730842 -1.248552 -24.589510
v 3.327968 0.000006 -18.307112
v 2.080679 1.354173 -18.307112
v 2.336427 1.657802 -18.307112
v 3.899738 0.000006 -18.307112
v 3.903375 0.000006 -16.830555
v 2.336419 1.657802 -16.830555
v 2.071180 1.354173 -16.830555
v 3.331604 0.000006 -16.830555
v 2.336427 1.657802 -18.307112
v 2.336419 1.657802 -16.830555
v 3.903375 0.000006 -16.830555
v 3.899738 0.000006 -18.307112
v 2.336419 1.657802 -16.830555
v 2.336427 1.657802 -18.307112
v 2.080679 1.354173 -18.307112
v 2.071180 1.354173 -16.830555
v 2.336427 -1.657790 -18.307112
v 2.080679 -1.354161 -18.307112
v 2.071180 -1.488002 -16.830555
v 2.336427 -1.657790 -16.830555
v 3.903375 0.000006 -16.830555
v 2.336427 -1.657790 -16.830555
v 2.336427 -1.657790 -18.307112
v 3.899738 0.000006 -18.307112
v 2.080679 -1.354161 -18.307112
v 2.336427 -1.657790 -18.307112
v 2.336427 -1.657790 -16.830555
v 2.071180 -1.488002 -16.830555
v -3.903375 0.000006 -16.830555
v -2.336419 1.657802 -16.830555
v -2.336428 1.657802 -18.307112
v -3.899736 0.000006 -18.307112
v -2.080679 1.354173 -18.307112
v -2.336428 1.657802 -18.307112
v -2.336419 1.657802 -16.830555
v -2.071183 1.354173 -16.830555
v -3.903375 0.000006 -16.830555
v -2.336427 -1.657790 -16.830555
v -2.071183 -1.488002 -16.830555
v -3.331605 0.000006 -16.830555
v -2.336428 -1.657790 -18.307112
v -2.336427 -1.657790 -16.830555
v -3.903375 0.000006 -16.830555
v -3.899736 0.000006 -18.307112
v -2.336427 -1.657790 -16.830555
v -2.336428 -1.657790 -18.307112
v -2.080679 -1.354161 -18.307112
v -2.071183 -1.488002 -16.830555
v -4.700847 -0.696429 -28.357637
v -5.548506 -0.415314 -27.866812
v -5.548506 0.000010 -28.382883
v -5.179110 0.000010 -28.979172
v 2.592096 1.037126 -102.978958
v 0.000000 1.354177 -30.826500
v -2.071183 1.354173 -16.830555
v -2.336419 1.657802 -16.830555
v 4.277353 0.000034 -104.342651
v 2.592096 1.037126 -102.978958
v -4.277353 0.000034 -104.342651
v -2.592096 -1.037058 -102.978958
v 5.548501 0.415332 -26.288643
v 5.548501 0.415334 -27.866812
v -2.119913 -1.354159 -23.184902
v -2.071183 -1.354161 -16.830555
v -3.329680 0.000006 -16.830555
v -2.717605 -1.193960 -24.473551
v -2.592096 -1.037058 -102.978958
v 0.000000 -1.354157 -30.826500
v 3.329681 0.000006 -16.830553
v 2.071180 -1.354161 -16.830555
v 4.700847 0.696449 -28.357637
v 5.548501 0.415334 -27.866812
v 5.548501 0.000010 -28.382883
v 5.179110 0.000010 -28.979172
v -3.928041 1.034667 -29.082253
v -4.700847 0.751184 -28.357637
v -4.441025 0.772659 -25.915043
v -3.581293 1.015542 -25.411570
v 2.071180 1.354173 -16.830555
v 3.329681 0.000006 -16.830553
v -3.337431 1.242029 -29.903166
v 2.820549 1.408911 -30.826500
v -2.820549 1.408911 -30.826500
v 0.000000 1.354177 -30.826500
v -3.329680 0.000006 -16.830555
v -2.071183 1.354173 -16.830555
v -2.080679 -1.354161 -18.307112
v -5.548506 0.415332 -26.288643
v 5.548501 -0.415316 -26.288643
v 0.000000 -3.261226 -10.403322
v -1.114746 -2.127926 -10.396973
v 0.000000 -2.127926 -12.166992
v 0.000000 -3.261226 -10.403322
v 0.000000 -2.127927 -8.701172
v -1.114746 -2.127926 -10.396973
v 1.114746 -2.127926 -10.396973
v 0.000000 -3.261226 -10.403322
v 0.000000 -2.127926 -12.166992
v 0.000000 -2.127927 -8.701172
v 0.000000 -3.261226 -10.403322
v 1.114746 -2.127926 -10.396973
v -1.114746 2.127934 -10.396973
v 0.000000 3.261234 -10.403318
v 0.000000 2.127934 -12.166992
v 0.000000 2.127933 -8.701172
v 0.000000 3.261234 -10.403318
v -1.114746 2.127934 -10.396973
v 0.000000 3.261234 -10.403318
v 1.114746 2.127934 -10.396973
v 0.000000 2.127934 -12.166992
v 0.000000 3.261234 -10.403318
v 0.000000 2.127933 -8.701172
v 1.114746 2.127934 -10.396973
v -3.998818 1.115665 -9.352950
v -2.917669 1.298519 -9.642684
v -3.459382 1.540146 -10.522333
v -4.554283 1.354612 -10.124975
v -5.159685 0.943625 -10.772280
v -5.581947 1.177392 -9.545616
v -6.280072 0.694456 -10.143552
v 3.459382 -1.540138 -10.522333
v 2.887106 -1.655790 -11.660938
v 4.058719 -1.241511 -11.255088
v 5.159685 -0.943617 -10.772280
v 5.841370 0.000004 -11.368426
v 6.280072 -0.694448 -10.143552
v 6.808095 0.000004 -10.565881
v -2.887106 1.655798 -11.660938
v -4.058718 1.241519 -11.255088
v -5.841370 0.000004 -11.368426
v -6.280072 0.694456 -10.143552
v -6.808095 0.000004 -10.565881
v -4.058718 -1.241511 -11.255088
v -2.887106 -1.655790 -11.660938
v -3.459382 -1.540138 -10.522333
v -5.159685 -0.943617 -10.772280
v -4.554283 -1.354603 -10.124975
v -5.581947 -1.177384 -9.545617
v -4.846432 0.000004 -12.002097
v -2.887106 -1.655790 -11.660938
v -6.280072 -0.694448 -10.143552
v 4.058719 1.241519 -11.255088
v 2.887106 1.655798 -11.660938
v 3.459382 1.540146 -10.522333
v 5.159685 0.943625 -10.772280
v 4.554282 1.354612 -10.124975
v 5.581947 1.177392 -9.545617
v 4.846432 0.000004 -12.002096
v 2.887106 1.655798 -11.660938
v 6.280072 0.694456 -10.143552
v 4.554282 -1.354604 -10.124975
v 5.023236 -0.954981 -8.909609
v 3.998818 -1.115657 -9.352950
v 2.917669 -1.298512 -9.642684
v 2.371715 -1.704355 -10.833239
v 2.917669 1.298519 -9.642684
v 3.998818 1.115665 -9.352950
v 5.023236 0.954985 -8.909609
v -2.371715 -1.704355 -10.833239
v -2.917669 -1.298512 -9.642684
v -3.998818 -1.115657 -9.352950
v -3.615238 -1.676609 -8.596699
v 1.519797 1.496791 -15.132852
v 1.868930 1.496791 -15.597277
v 1.868930 0.000006 -15.597277
v 1.519797 0.000004 -15.132852
v 1.519797 -1.496781 -15.132852
v -2.482913 -1.754608 -8.900084
v -3.615238 -1.676609 -8.596699
v -1.747614 -1.516336 -9.808728
v 2.887106 -1.655790 -11.660938
v 3.615238 -1.676609 -8.596699
v 2.482913 -1.754608 -8.900084
v 1.747614 -1.516336 -9.808728
v -2.887106 1.655798 -11.660938
v 2.371715 1.704363 -10.833239
v 2.887106 1.655798 -11.660938
v 2.798821 0.000004 -11.563499
v 2.287483 0.000004 -10.749006
v 1.747614 1.516344 -9.808728
v 2.371715 1.704363 -10.833239
v 2.287483 0.000004 -10.749006
v 1.747615 0.000004 -9.808728
v 1.260714 1.819447 -9.020103
v 1.747614 1.516344 -9.808728
v 1.747615 0.000004 -9.808728
v 1.260714 0.000002 -9.020103
v 9.129683 0.648300 -9.576615
v 8.228846 1.472648 -9.697866
v 7.712519 1.466012 -9.029369
v 8.463315 0.695384 -8.768355
v 9.129683 0.648300 -9.576615
v 8.463315 0.695384 -8.768355
v 9.199965 1.441763 -8.496567
v 9.999735 1.494563 -9.463995
v 9.999735 1.494563 -9.463995
v 9.199965 1.441763 -8.496567
v 10.008382 0.598968 -8.195351
v 10.977961 0.552916 -9.343303
v 12.055548 1.606407 -9.194669
v 10.977961 0.552916 -9.343303
v 10.008382 0.598968 -8.195351
v 10.910919 1.479660 -7.873191
v 13.514702 0.000002 -9.015650
v 12.055548 1.606407 -9.194669
v 10.910919 1.479660 -7.873191
v 12.115556 0.000002 -7.487558
v 12.115556 0.000002 -7.487558
v 10.910919 1.479660 -7.873191
v 9.767957 1.310040 -6.714412
v 10.722826 0.000002 -6.222916
v 9.805702 1.580741 -12.736090
v 8.705347 0.000004 -12.453204
v 8.396290 0.000004 -11.521828
v 9.368104 1.540096 -11.645331
v 10.865073 0.000004 -13.008440
v 9.805702 1.580741 -12.736090
v 9.368104 1.540096 -11.645331
v 10.373197 0.311951 -11.767588
v 10.865073 0.000004 -13.008440
v 10.373197 0.311951 -11.767588
v 11.514292 1.685343 -11.912458
v 12.154999 1.797947 -13.340058
v 12.154999 1.797947 -13.340058
v 11.514292 1.685343 -11.912458
v 12.689974 0.279977 -12.063206
v 13.505365 0.000004 -13.687218
v 14.943638 1.986759 -14.056976
v 13.505365 0.000004 -13.687218
v 12.689974 0.279977 -12.063206
v 14.012135 1.855413 -12.227142
v 16.783655 0.000004 -14.530018
v 14.943638 1.986759 -14.056976
v 14.012135 1.855413 -12.227142
v 15.712229 0.000004 -12.434811
v 10.373197 0.311951 -11.767588
v 9.368104 1.540096 -11.645331
v 8.830521 1.504065 -10.632591
v 9.794732 0.490703 -10.623648
v 10.373197 0.311951 -11.767588
v 9.794732 0.490703 -10.623648
v 10.795872 1.584215 -10.620437
v 11.514292 1.685343 -11.912458
v 11.514292 1.685343 -11.912458
v 10.795872 1.584215 -10.620437
v 11.878051 0.426144 -10.615234
v 12.689974 0.279977 -12.063206
v 14.012135 1.855413 -12.227142
v 12.689974 0.279977 -12.063206
v 11.878051 0.426144 -10.615234
v 13.107451 1.738783 -10.606374
v 9.071520 0.641360 -7.162271
v 10.008382 0.598968 -8.195351
v 9.199965 1.441763 -8.496567
v 8.307425 1.388059 -7.571812
v 7.651885 0.741027 -7.951198
v 8.307425 1.388059 -7.571812
v 9.199965 1.441763 -8.496567
v 8.463315 0.695384 -8.768355
v 9.767957 1.310040 -6.714412
v 10.910919 1.479660 -7.873191
v 10.008382 0.598968 -8.195351
v 9.071520 0.641360 -7.162271
v 7.120148 1.457779 -8.317114
v 7.651885 0.741027 -7.951198
v 8.463315 0.695384 -8.768355
v 7.712519 1.466012 -9.029369
v 8.307425 1.388059 -7.571812
v 7.149868 1.333449 -6.498342
v 8.166648 0.680091 -6.334236
v 9.071520 0.641360 -7.162271
v 7.651885 0.741027 -7.951198
v 6.965904 0.785226 -7.395657
v 7.149868 1.333449 -6.498342
v 8.307425 1.388059 -7.571812
v 9.071520 0.641360 -7.162271
v 8.166648 0.680091 -6.334236
v 8.208763 1.078371 -5.218149
v 9.767957 1.310040 -6.714412
v 7.651885 0.741027 -7.951198
v 7.120148 1.457779 -8.317114
v 6.085962 1.447947 -7.330151
v 6.965904 0.785226 -7.395657
v 13.107451 1.738783 -10.606374
v 14.605485 0.000004 -10.596687
v 15.712229 0.000004 -12.434811
v 14.012135 1.855413 -12.227142
v 8.830521 1.504065 -10.632591
v 9.368104 1.540096 -11.645331
v 8.396290 0.000004 -11.521828
v 7.973262 0.000004 -10.635767
v 13.107451 1.738783 -10.606374
v 12.055548 1.606407 -9.194669
v 13.514702 0.000002 -9.015650
v 14.605485 0.000004 -10.596687
v 8.830521 1.504065 -10.632591
v 7.973262 0.000004 -10.635767
v 7.436264 0.000004 -9.795023
v 8.228846 1.472648 -9.697866
v 10.795872 1.584215 -10.620437
v 9.999735 1.494563 -9.463995
v 10.977961 0.552916 -9.343303
v 11.878051 0.426144 -10.615234
v 9.794732 0.490703 -10.623648
v 9.129683 0.648300 -9.576615
v 9.999735 1.494563 -9.463995
v 10.795872 1.584215 -10.620437
v 11.878051 0.426144 -10.615234
v 10.977961 0.552916 -9.343303
v 12.055548 1.606407 -9.194669
v 13.107451 1.738783 -10.606374
v 9.767957 1.310040 -6.714412
v 8.208763 1.078371 -5.218149
v 9.468432 0.000002 -5.221722
v 10.722826 0.000002 -6.222916
v 8.830521 1.504065 -10.632591
v 8.228846 1.472648 -9.697866
v 9.129683 0.648300 -9.576615
v 9.794732 0.490703 -10.623648
v 2.798821 0.000004 -11.563499
v 2.887106 -1.655790 -11.660938
v 2.371715 -1.704355 -10.833239
v 2.287483 0.000004 -10.749006
v 2.287483 0.000004 -10.749006
v 2.371715 -1.704355 -10.833239
v 1.747614 -1.516336 -9.808728
v 1.747615 0.000004 -9.808728
v 1.747615 0.000004 -9.808728
v 1.747614 -1.516336 -9.808728
v 1.260714 -1.819443 -9.020103
v 1.260714 0.000002 -9.020103
v 7.712519 -1.466008 -9.029369
v 8.228846 -1.472640 -9.697866
v 9.129683 -0.648292 -9.576615
v 8.463315 -0.695380 -8.768355
v 9.199965 -1.441759 -8.496567
v 8.463315 -0.695380 -8.768355
v 9.129683 -0.648292 -9.576615
v 9.999735 -1.494555 -9.463995
v 10.008382 -0.598964 -8.195351
v 9.199965 -1.441759 -8.496567
v 9.999735 -1.494555 -9.463995
v 10.977961 -0.552908 -9.343303
v 10.008382 -0.598964 -8.195351
v 10.977961 -0.552908 -9.343303
v 12.055548 -1.606398 -9.194669
v 10.910919 -1.479656 -7.873193
v 10.910919 -1.479656 -7.873193
v 12.055548 -1.606398 -9.194669
v 13.514702 0.000002 -9.015650
v 12.115556 0.000002 -7.487558
v 9.767957 -1.310036 -6.714412
v 10.910919 -1.479656 -7.873193
v 12.115556 0.000002 -7.487558
v 10.722826 0.000002 -6.222916
v 8.396290 0.000004 -11.521828
v 8.705347 0.000004 -12.453204
v 9.805702 -1.580733 -12.736090
v 9.368104 -1.540088 -11.645331
v 9.368104 -1.540088 -11.645331
v 9.805702 -1.580733 -12.736090
v 10.865073 0.000004 -13.008440
v 10.373197 -0.311943 -11.767588
v 11.514292 -1.685335 -11.912458
v 10.373197 -0.311943 -11.767588
v 10.865073 0.000004 -13.008440
v 12.154999 -1.797939 -13.340058
v 12.689974 -0.279969 -12.063206
v 11.514292 -1.685335 -11.912458
v 12.154999 -1.797939 -13.340058
v 13.505365 0.000004 -13.687218
v 12.689974 -0.279969 -12.063206
v 13.505365 0.000004 -13.687218
v 14.943638 -1.986751 -14.056976
v 14.012135 -1.855405 -12.227142
v 14.012135 -1.855405 -12.227142
v 14.943638 -1.986751 -14.056976
v 16.783655 0.000004 -14.530018
v 15.712229 0.000004 -12.434811
v 8.830521 -1.504057 -10.632591
v 9.368104 -1.540088 -11.645331
v 10.373197 -0.311943 -11.767588
v 9.794732 -0.490695 -10.623648
v 10.795872 -1.584207 -10.620437
v 9.794732 -0.490695 -10.623648
v 10.373197 -0.311943 -11.767588
v 11.514292 -1.685335 -11.912458
v 11.878051 -0.426136 -10.615234
v 10.795872 -1.584207 -10.620437
v 11.514292 -1.685335 -11.912458
v 12.689974 -0.279969 -12.063206
v 11.878051 -0.426136 -10.615234
v 12.689974 -0.279969 -12.063206
v 14.012135 -1.855405 -12.227142
v 13.107451 -1.738775 -10.606374
v 6.280072 -0.694448 -10.143552
v 5.581947 -1.177384 -9.545616
v 9.199965 -1.441759 -8.496567
v 10.008382 -0.598964 -8.195351
v 9.071520 -0.641357 -7.162271
v 8.307425 -1.388055 -7.571812
v 9.199965 -1.441759 -8.496567
v 8.307425 -1.388055 -7.571812
v 7.651885 -0.741023 -7.951198
v 8.463315 -0.695380 -8.768355
v 10.008382 -0.598964 -8.195351
v 10.910919 -1.479656 -7.873193
v 9.767957 -1.310036 -6.714412
v 9.071520 -0.641357 -7.162271
v 8.463315 -0.695380 -8.768355
v 7.651885 -0.741023 -7.951198
v 7.120148 -1.457775 -8.317114
v 7.712519 -1.466008 -9.029369
v 8.166648 -0.680087 -6.334236
v 7.149868 -1.333445 -6.498342
v 8.307425 -1.388055 -7.571812
v 9.071520 -0.641357 -7.162271
v 7.149868 -1.333445 -6.498342
v 6.965904 -0.785222 -7.395657
v 7.651885 -0.741023 -7.951198
v 8.307425 -1.388055 -7.571812
v 8.208763 -1.078367 -5.218149
v 8.166648 -0.680087 -6.334236
v 9.071520 -0.641357 -7.162271
v 9.767957 -1.310036 -6.714412
v 6.085962 -1.447943 -7.330151
v 7.120148 -1.457775 -8.317114
v 7.651885 -0.741023 -7.951198
v 6.965904 -0.785222 -7.395657
v 15.712229 0.000004 -12.434811
v 14.605485 0.000004 -10.596687
v 13.107451 -1.738775 -10.606374
v 14.012135 -1.855405 -12.227142
v 8.396290 0.000004 -11.521828
v 9.368104 -1.540088 -11.645331
v 8.830521 -1.504057 -10.632591
v 7.973262 0.000004 -10.635767
v 13.514702 0.000002 -9.015650
v 12.055548 -1.606398 -9.194669
v 13.107451 -1.738775 -10.606374
v 14.605485 0.000004 -10.596687
v 7.436264 0.000004 -9.795023
v 7.973262 0.000004 -10.635767
v 8.830521 -1.504057 -10.632591
v 8.228846 -1.472640 -9.697866
v 10.977961 -0.552908 -9.343303
v 9.999735 -1.494555 -9.463995
v 10.795872 -1.584207 -10.620437
v 11.878051 -0.426136 -10.615234
v 9.999735 -1.494555 -9.463995
v 9.129683 -0.648292 -9.576615
v 9.794732 -0.490695 -10.623648
v 10.795872 -1.584207 -10.620437
v 12.055548 -1.606398 -9.194669
v 10.977961 -0.552908 -9.343303
v 11.878051 -0.426136 -10.615234
v 13.107451 -1.738775 -10.606374
v 9.468432 0.000002 -5.221722
v 8.208763 -1.078367 -5.218149
v 9.767957 -1.310036 -6.714412
v 10.722826 0.000002 -6.222916
v 9.129683 -0.648292 -9.576615
v 8.228846 -1.472640 -9.697866
v 8.830521 -1.504057 -10.632591
v 9.794732 -0.490695 -10.623648
v -2.798821 0.000004 -11.563499
v -2.887106 1.655798 -11.660938
v -2.371715 1.704363 -10.833239
v -2.287483 0.000004 -10.749006
v -2.287483 0.000004 -10.749006
v -2.371715 1.704363 -10.833239
v -1.747614 1.516344 -9.808728
v -1.747615 0.000004 -9.808728
v -1.747615 0.000004 -9.808728
v -1.747614 1.516344 -9.808728
v -1.260714 1.819447 -9.020103
v -1.260714 0.000002 -9.020103
v -7.712519 1.466012 -9.029369
v -8.228846 1.472648 -9.697867
v -9.129684 0.648300 -9.576615
v -8.463315 0.695384 -8.768355
v -9.199965 1.441763 -8.496567
v -8.463315 0.695384 -8.768355
v -9.129684 0.648300 -9.576615
v -9.999735 1.494563 -9.463995
v -10.008382 0.598968 -8.195351
v -9.199965 1.441763 -8.496567
v -9.999735 1.494563 -9.463995
v -10.977961 0.552916 -9.343303
v -10.008382 0.598968 -8.195351
v -10.977961 0.552916 -9.343303
v -12.055548 1.606407 -9.194669
v -10.910919 1.479660 -7.873191
v -10.910919 1.479660 -7.873191
v -12.055548 1.606407 -9.194669
v -13.514702 0.000002 -9.015650
v -12.115556 0.000002 -7.487558
v -9.767957 1.310040 -6.714412
v -10.910919 1.479660 -7.873191
v -12.115556 0.000002 -7.487558
v -10.722826 0.000002 -6.222916
v -8.396290 0.000004 -11.521828
v -8.705347 0.000004 -12.453204
v -9.805702 1.580741 -12.736090
v -9.368104 1.540096 -11.645331
v -9.368104 1.540096 -11.645331
v -9.805702 1.580741 -12.736090
v -10.865073 0.000004 -13.008440
v -10.373197 0.311951 -11.767588
v -11.514292 1.685343 -11.912458
v -10.373197 0.311951 -11.767588
v -10.865073 0.000004 -13.008440
v -12.154999 1.797947 -13.340058
v -12.689974 0.279977 -12.063206
v -11.514292 1.685343 -11.912458
v -12.154999 1.797947 -13.340058
v -13.505365 0.000004 -13.687218
v -12.689974 0.279977 -12.063206
v -13.505365 0.000004 -13.687218
v -14.943638 1.986759 -14.056976
v -14.012135 1.855413 -12.227142
v -14.012135 1.855413 -12.227142
v -14.943638 1.986759 -14.056976
v -16.783657 0.000004 -14.530018
v -15.712228 0.000004 -12.434811
v -8.830521 1.504065 -10.632591
v -9.368104 1.540096 -11.645331
v -10.373197 0.311951 -11.767588
v -9.794732 0.490703 -10.623646
v -10.795872 1.584215 -10.620437
v -9.794732 0.490703 -10.623646
v -10.373197 0.311951 -11.767588
v -11.514292 1.685343 -11.912458
v -11.878051 0.426144 -10.615234
v -10.795872 1.584215 -10.620437
v -11.514292 1.685343 -11.912458
v -12.689974 0.279977 -12.063206
v -11.878051 0.426144 -10.615234
v -12.689974 0.279977 -12.063206
v -14.012135 1.855413 -12.227142
v -13.107450 1.738783 -10.606375
v -9.199965 1.441763 -8.496567
v -10.008382 0.598968 -8.195351
v -9.071520 0.641361 -7.162271
v -8.307425 1.388059 -7.571812
v -9.199965 1.441763 -8.496567
v -8.307425 1.388059 -7.571812
v -7.651885 0.741027 -7.951198
v -8.463315 0.695384 -8.768355
v -10.008382 0.598968 -8.195351
v -10.910919 1.479660 -7.873191
v -9.767957 1.310040 -6.714412
v -9.071520 0.641361 -7.162271
v -8.463315 0.695384 -8.768355
v -7.651885 0.741027 -7.951198
v -7.120148 1.457779 -8.317114
v -7.712519 1.466012 -9.029369
v -8.166648 0.680091 -6.334236
v -7.149868 1.333449 -6.498343
v -8.307425 1.388059 -7.571812
v -9.071520 0.641361 -7.162271
v -7.149868 1.333449 -6.498343
v -6.965903 0.785226 -7.395657
v -7.651885 0.741027 -7.951198
v -8.307425 1.388059 -7.571812
v -8.208763 1.078371 -5.218149
v -8.166648 0.680091 -6.334236
v -9.071520 0.641361 -7.162271
v -9.767957 1.310040 -6.714412
v -6.085962 1.447947 -7.330151
v -7.120148 1.457779 -8.317114
v -7.651885 0.741027 -7.951198
v -6.965903 0.785226 -7.395657
v -15.712228 0.000004 -12.434811
v -14.605485 0.000004 -10.596687
v -13.107450 1.738783 -10.606375
v -14.012135 1.855413 -12.227142
v -8.396290 0.000004 -11.521828
v -9.368104 1.540096 -11.645331
v -8.830521 1.504065 -10.632591
v -7.973262 0.000004 -10.635767
v -13.514702 0.000002 -9.015650
v -12.055548 1.606407 -9.194669
v -13.107450 1.738783 -10.606375
v -14.605485 0.000004 -10.596687
v -7.436264 0.000004 -9.795023
v -7.973262 0.000004 -10.635767
v -8.830521 1.504065 -10.632591
v -8.228846 1.472648 -9.697867
v -10.977961 0.552916 -9.343303
v -9.999735 1.494563 -9.463995
v -10.795872 1.584215 -10.620437
v -11.878051 0.426144 -10.615234
v -9.999735 1.494563 -9.463995
v -9.129684 0.648300 -9.576615
v -9.794732 0.490703 -10.623646
v -10.795872 1.584215 -10.620437
v -12.055548 1.606407 -9.194669
v -10.977961 0.552916 -9.343303
v -11.878051 0.426144 -10.615234
v -13.107450 1.738783 -10.606375
v -9.468432 0.000002 -5.221722
v -8.208763 1.078371 -5.218149
v -9.767957 1.310040 -6.714412
v -10.722826 0.000002 -6.222916
v -9.129684 0.648300 -9.576615
v -8.228846 1.472648 -9.697867
v -8.830521 1.504065 -10.632591
v -9.794732 0.490703 -10.623646
v -2.371715 -1.704355 -10.833239
v -2.887106 -1.655790 -11.660938
v -2.798821 0.000004 -11.563499
v -2.287483 0.000004 -10.749006
v -1.747614 -1.516336 -9.808728
v -2.371715 -1.704355 -10.833239
v -2.287483 0.000004 -10.749006
v -1.747615 0.000004 -9.808728
v -1.260714 -1.819443 -9.020103
v -1.747614 -1.516336 -9.808728
v -1.747615 0.000004 -9.808728
v -1.260714 0.000002 -9.020103
v -9.129684 -0.648292 -9.576615
v -8.228846 -1.472640 -9.697867
v -7.712519 -1.466008 -9.029369
v -8.463315 -0.695380 -8.768355
v -9.129684 -0.648292 -9.576615
v -8.463315 -0.695380 -8.768355
v -9.199965 -1.441759 -8.496567
v -9.999735 -1.494555 -9.463995
v -9.999735 -1.494555 -9.463995
v -9.199965 -1.441759 -8.496567
v -10.008382 -0.598964 -8.195351
v -10.977961 -0.552908 -9.343303
v -12.055548 -1.606399 -9.194669
v -10.977961 -0.552908 -9.343303
v -10.008382 -0.598964 -8.195351
v -10.910919 -1.479656 -7.873193
v -13.514702 0.000002 -9.015650
v -12.055548 -1.606399 -9.194669
v -10.910919 -1.479656 -7.873193
v -12.115556 0.000002 -7.487558
v -12.115556 0.000002 -7.487558
v -10.910919 -1.479656 -7.873193
v -9.767957 -1.310036 -6.714412
v -10.722826 0.000002 -6.222916
v -9.805702 -1.580733 -12.736090
v -8.705347 0.000004 -12.453204
v -8.396290 0.000004 -11.521828
v -9.368104 -1.540088 -11.645331
v -10.865073 0.000004 -13.008440
v -9.805702 -1.580733 -12.736090
v -9.368104 -1.540088 -11.645331
v -10.373197 -0.311943 -11.767588
v -10.865073 0.000004 -13.008440
v -10.373197 -0.311943 -11.767588
v -11.514292 -1.685335 -11.912458
v -12.154999 -1.797939 -13.340058
v -12.154999 -1.797939 -13.340058
v -11.514292 -1.685335 -11.912458
v -12.689974 -0.279969 -12.063206
v -13.505365 0.000004 -13.687218
v -14.943638 -1.986751 -14.056976
v -13.505365 0.000004 -13.687218
v -12.689974 -0.279969 -12.063206
v -14.012135 -1.855405 -12.227142
v -16.783657 0.000004 -14.530018
v -14.943638 -1.986751 -14.056976
v -14.012135 -1.855405 -12.227142
v -15.712228 0.000004 -12.434811
v -10.373197 -0.311943 -11.767588
v -9.368104 -1.540088 -11.645331
v -8.830521 -1.504057 -10.632591
v -9.794732 -0.490695 -10.623648
v -10.373197 -0.311943 -11.767588
v -9.794732 -0.490695 -10.623648
v -10.795872 -1.584207 -10.620437
v -11.514292 -1.685335 -11.912458
v -11.514292 -1.685335 -11.912458
v -10.795872 -1.584207 -10.620437
v -11.878051 -0.426136 -10.615234
v -12.689974 -0.279969 -12.063206
v -14.012135 -1.855405 -12.227142
v -12.689974 -0.279969 -12.063206
v -11.878051 -0.426136 -10.615234
v -13.107451 -1.738775 -10.606373
v -9.071520 -0.641357 -7.162271
v -10.008382 -0.598964 -8.195351
v -9.199965 -1.441759 -8.496567
v -8.307425 -1.388055 -7.571812
v -7.651885 -0.741023 -7.951198
v -8.307425 -1.388055 -7.571812
v -9.199965 -1.441759 -8.496567
v -8.463315 -0.695380 -8.768355
v -9.767957 -1.310036 -6.714412
v -10.910919 -1.479656 -7.873193
v -10.008382 -0.598964 -8.195351
v -9.071520 -0.641357 -7.162271
v -7.120148 -1.457775 -8.317114
v -7.651885 -0.741023 -7.951198
v -8.463315 -0.695380 -8.768355
v -7.712519 -1.466008 -9.029369
v -8.307425 -1.388055 -7.571812
v -7.149868 -1.333445 -6.498342
v -8.166647 -0.680087 -6.334236
v -9.071520 -0.641357 -7.162271
v -7.651885 -0.741023 -7.951198
v -6.965903 -0.785222 -7.395657
v -7.149868 -1.333445 -6.498342
v -8.307425 -1.388055 -7.571812
v -9.071520 -0.641357 -7.162271
v -8.166647 -0.680087 -6.334236
v -8.208763 -1.078367 -5.218149
v -9.767957 -1.310036 -6.714412
v -7.651885 -0.741023 -7.951198
v -7.120148 -1.457775 -8.317114
v -6.085962 -1.447943 -7.330151
v -6.965903 -0.785222 -7.395657
v -13.107451 -1.738775 -10.606373
v -14.605485 0.000004 -10.596687
v -15.712228 0.000004 -12.434811
v -14.012135 -1.855405 -12.227142
v -8.830521 -1.504057 -10.632591
v -9.368104 -1.540088 -11.645331
v -8.396290 0.000004 -11.521828
v -7.973262 0.000004 -10.635767
v -13.107451 -1.738775 -10.606373
v -12.055548 -1.606399 -9.194669
v -13.514702 0.000002 -9.015650
v -14.605485 0.000004 -10.596687
v -8.830521 -1.504057 -10.632591
v -7.973262 0.000004 -10.635767
v -7.436264 0.000004 -9.795023
v -8.228846 -1.472640 -9.697867
v 2.583933 1.070297 -3.264730
v 2.575894 1.066967 -2.532552
v 2.788126 0.000000 -2.532551
v 2.796827 0.000002 -3.264730
v 0.000000 2.796829 -3.264729
v 0.000000 2.788126 -2.532551
v 1.066971 2.575891 -2.532551
v 1.070301 2.583930 -3.264729
v 1.070301 2.583930 -3.264729
v 1.066971 2.575891 -2.532551
v 1.971503 1.971501 -2.532551
v 1.977656 1.977654 -3.264730
v 1.977656 1.977654 -3.264730
v 1.971503 1.971501 -2.532551
v 2.575894 1.066967 -2.532552
v 2.583933 1.070297 -3.264730
v -1.999915 0.000000 -2.458724
v -1.847682 -0.765334 -2.458724
v -1.715783 -0.710706 15.979294
v -1.857149 -0.000006 15.979294
v -0.765335 -1.847681 -2.458724
v 0.000000 -1.999916 -2.458724
v 0.000000 -1.857156 15.979294
v -0.710701 -1.715788 15.979294
v -1.414154 -1.414154 -2.458724
v -0.765335 -1.847681 -2.458724
v -0.710701 -1.715788 15.979294
v -1.313203 -1.313209 15.979294
v -1.847682 -0.765334 -2.458724
v -1.414154 -1.414154 -2.458724
v -1.313203 -1.313209 15.979294
v -1.715783 -0.710706 15.979294
v -1.847682 0.765333 -2.458724
v -1.999915 0.000000 -2.458724
v -1.857149 -0.000006 15.979294
v -1.715783 0.710692 15.979294
v 0.000000 1.999915 -2.458724
v -0.765335 1.847679 -2.458724
v -0.710701 1.715775 15.979294
v 0.000000 1.857142 15.979294
v -0.765335 1.847679 -2.458724
v -1.414154 1.414152 -2.458724
v -1.313203 1.313195 15.979294
v -0.710701 1.715775 15.979294
v -1.414154 1.414152 -2.458724
v -1.847682 0.765333 -2.458724
v -1.715783 0.710692 15.979294
v -1.313203 1.313195 15.979294
v 1.847682 -0.765334 -2.458724
v 1.999915 0.000000 -2.458724
v 1.857149 -0.000006 15.979294
v 1.715783 -0.710706 15.979294
v 0.000000 -1.999916 -2.458724
v 0.765335 -1.847681 -2.458724
v 0.710701 -1.715788 15.979294
v 0.000000 -1.857156 15.979294
v 0.765335 -1.847681 -2.458724
v 1.414154 -1.414154 -2.458724
v 1.313203 -1.313209 15.979294
v 0.710701 -1.715788 15.979294
v 1.414154 -1.414154 -2.458724
v 1.847682 -0.765334 -2.458724
v 1.715783 -0.710706 15.979294
v 1.313203 -1.313209 15.979294
v 1.999915 0.000000 -2.458724
v 1.847682 0.765333 -2.458724
v 1.715783 0.710692 15.979294
v 1.857149 -0.000006 15.979294
v 0.765335 1.847679 -2.458724
v 0.000000 1.999915 -2.458724
v 0.000000 1.857142 15.979294
v 0.710701 1.715775 15.979294
v 1.414154 1.414152 -2.458724
v 0.765335 1.847679 -2.458724
v 0.710701 1.715775 15.979294
v 1.313203 1.313195 15.979294
v 1.847682 0.765333 -2.458724
v 1.414154 1.414152 -2.458724
v 1.313203 1.313195 15.979294
v 1.715783 0.710692 15.979294
v -2.431087 -1.006994 16.077702
v -2.631389 -0.000006 16.077702
v -1.857149 -0.000006 15.979294
v -1.715783 -0.710706 15.979294
v 0.000000 -2.631396 16.077702
v -1.006989 -2.431093 16.077702
v -0.710701 -1.715788 15.979294
v 0.000000 -1.857156 15.979294
v -1.006989 -2.431093 16.077702
v -1.860673 -1.860679 16.077702
v -1.313203 -1.313209 15.979294
v -0.710701 -1.715788 15.979294
v -1.860673 -1.860679 16.077702
v -2.431087 -1.006994 16.077702
v -1.715783 -0.710706 15.979294
v -1.313203 -1.313209 15.979294
v -2.631389 -0.000006 16.077702
v -2.431087 1.006981 16.077702
v -1.715783 0.710692 15.979294
v -1.857149 -0.000006 15.979294
v -1.006989 2.431079 16.077702
v 0.000000 2.631383 16.077702
v 0.000000 1.857142 15.979294
v -0.710701 1.715775 15.979294
v -1.860673 1.860665 16.077702
v -1.006989 2.431079 16.077702
v -0.710701 1.715775 15.979294
v -1.313203 1.313195 15.979294
v -2.431087 1.006981 16.077702
v -1.860673 1.860665 16.077702
v -1.313203 1.313195 15.979294
v -1.715783 0.710692 15.979294
v 2.631390 -0.000006 16.077702
v 2.431090 -1.006994 16.077702
v 1.715783 -0.710706 15.979294
v 1.857149 -0.000006 15.979294
v 1.006991 -2.431093 16.077702
v 0.000000 -2.631396 16.077702
v 0.000000 -1.857156 15.979294
v 0.710701 -1.715788 15.979294
v 1.860673 -1.860679 16.077702
v 1.006991 -2.431093 16.077702
v 0.710701 -1.715788 15.979294
v 1.313203 -1.313209 15.979294
v 2.431090 -1.006994 16.077702
v 1.860673 -1.860679 16.077702
v 1.313203 -1.313209 15.979294
v 1.715783 -0.710706 15.979294
v 2.431090 1.006981 16.077702
v 2.631390 -0.000006 16.077702
v 1.857149 -0.000006 15.979294
v 1.715783 0.710692 15.979294
v 0.000000 2.631383 16.077702
v 1.006991 2.431079 16.077702
v 0.710701 1.715775 15.979294
v 0.000000 1.857142 15.979294
v 1.006991 2.431079 16.077702
v 1.860673 1.860665 16.077702
v 1.313203 1.313195 15.979294
v 0.710701 1.715775 15.979294
v 1.860673 1.860665 16.077702
v 2.431090 1.006981 16.077702
v 1.715783 0.710692 15.979294
v 1.313203 1.313195 15.979294
v -2.631389 -0.000006 16.077702
v -2.431087 -1.006994 16.077702
v -2.441080 -1.011132 16.779522
v -2.642205 -0.000006 16.779522
v -1.006989 -2.431093 16.077702
v 0.000000 -2.631396 16.077702
v 0.000000 -2.642211 16.779522
v -1.011128 -2.441084 16.779522
v -1.860673 -1.860679 16.077702
v -1.006989 -2.431093 16.077702
v -1.011128 -2.441084 16.779522
v -1.868321 -1.868326 16.779522
v -2.431087 -1.006994 16.077702
v -1.860673 -1.860679 16.077702
v -1.868321 -1.868326 16.779522
v -2.441080 -1.011132 16.779522
v -2.431087 1.006981 16.077702
v -2.631389 -0.000006 16.077702
v -2.642205 -0.000006 16.779522
v -2.441080 1.011120 16.779522
v 0.000000 2.631383 16.077702
v -1.006989 2.431079 16.077702
v -1.011128 2.441071 16.779522
v 0.000000 2.642198 16.779522
v -1.006989 2.431079 16.077702
v -1.860673 1.860665 16.077702
v -1.868321 1.868313 16.779522
v -1.011128 2.441071 16.779522
v -1.860673 1.860665 16.077702
v -2.431087 1.006981 16.077702
v -2.441080 1.011120 16.779522
v -1.868321 1.868313 16.779522
v 2.431090 -1.006994 16.077702
v 2.631390 -0.000006 16.077702
v 2.642205 -0.000006 16.779522
v 2.441080 -1.011132 16.779522
v 0.000000 -2.631396 16.077702
v 1.006991 -2.431093 16.077702
v 1.011131 -2.441084 16.779520
v 0.000000 -2.642211 16.779522
v 1.006991 -2.431093 16.077702
v 1.860673 -1.860679 16.077702
v 1.868321 -1.868326 16.779522
v 1.011131 -2.441084 16.779520
v 1.860673 -1.860679 16.077702
v 2.431090 -1.006994 16.077702
v 2.441080 -1.011132 16.779522
v 1.868321 -1.868326 16.779522
v 2.631390 -0.000006 16.077702
v 2.431090 1.006981 16.077702
v 2.441080 1.011120 16.779522
v 2.642205 -0.000006 16.779522
v 1.006991 2.431079 16.077702
v 0.000000 2.631383 16.077702
v 0.000000 2.642198 16.779522
v 1.011131 2.441071 16.779520
v 1.860673 1.860665 16.077702
v 1.006991 2.431079 16.077702
v 1.011131 2.441071 16.779520
v 1.868321 1.868313 16.779522
v -10.795872 -1.584207 -10.620437
v -9.999735 -1.494555 -9.463995
v -10.977961 -0.552908 -9.343303
v -11.878051 -0.426136 -10.615234
v 0.000000 -3.969554 18.221428
v -1.519079 -3.667390 18.221428
v -1.011128 -2.441084 16.779522
v 0.000000 -2.642211 16.779522
v -3.667383 -1.519089 18.221426
v -3.969548 -0.000006 18.221426
v -2.642205 -0.000006 16.779522
v -2.441080 -1.011132 16.779522
v -2.806892 -2.806903 18.221428
v -3.667383 -1.519089 18.221426
v -2.441080 -1.011132 16.779522
v -1.868321 -1.868326 16.779522
v -1.519079 -3.667390 18.221428
v -2.806892 -2.806903 18.221428
v -1.868321 -1.868326 16.779522
v -1.011128 -2.441084 16.779522
v -1.519079 -3.667390 18.221428
v 0.000000 -3.969554 18.221428
v 0.000000 -3.969554 18.438904
v -1.519079 -3.667390 18.438904
v -3.969548 -0.000006 18.221426
v -3.667383 -1.519089 18.221426
v -3.667383 -1.519089 18.438902
v -3.969548 -0.000006 18.438902
v -3.667383 -1.519089 18.221426
v -2.806892 -2.806903 18.221428
v -2.806892 -2.806903 18.438904
v -3.667383 -1.519089 18.438902
v -2.806892 -2.806903 18.221428
v -1.519079 -3.667390 18.221428
v -1.519079 -3.667390 18.438904
v -2.806892 -2.806903 18.438904
v 1.011131 -2.441084 16.779520
v 1.519079 -3.667390 18.221428
v 0.000000 -3.969554 18.221428
v 0.000000 -2.642211 16.779522
v 2.642205 -0.000006 16.779522
v 3.969547 -0.000006 18.221432
v 3.667382 -1.519089 18.221428
v 2.441080 -1.011132 16.779522
v 2.441080 -1.011132 16.779522
v 3.667382 -1.519089 18.221428
v 2.806894 -2.806903 18.221428
v 1.868321 -1.868326 16.779522
v 1.868321 -1.868326 16.779522
v 2.806894 -2.806903 18.221428
v 1.519079 -3.667390 18.221428
v 1.011131 -2.441084 16.779520
v 0.000000 -3.969554 18.438904
v 0.000000 -3.969554 18.221428
v 1.519079 -3.667390 18.221428
v 1.519079 -3.667390 18.438904
v 3.667382 -1.519089 18.438904
v 3.667382 -1.519089 18.221428
v 3.969547 -0.000006 18.221432
v 3.969547 -0.000006 18.438908
v 2.806894 -2.806903 18.438904
v 2.806894 -2.806903 18.221428
v 3.667382 -1.519089 18.221428
v 3.667382 -1.519089 18.438904
v 1.519079 -3.667390 18.438904
v 1.519079 -3.667390 18.221428
v 2.806894 -2.806903 18.221428
v 2.806894 -2.806903 18.438904
v -2.085212 -1.496781 -16.199829
v -2.085212 -1.496781 -16.827461
v -2.071183 0.000006 -16.827459
v -2.085212 0.000006 -16.199829
v 1.519797 1.496791 -15.132852
v 0.000000 0.000004 -14.137066
v 0.000000 1.496791 -14.137066
v -1.868932 -1.496781 -15.597277
v -2.085212 -1.496781 -16.199829
v -2.085212 0.000006 -16.199829
v -1.868932 0.000006 -15.597277
v -3.354014 0.000004 -15.060112
v -3.330643 0.000006 -16.829006
v -2.085212 -1.496781 -16.199829
v -2.226809 -1.496783 -14.314236
v -5.023236 -0.954981 -8.909609
v -3.640831 0.000004 -12.347925
v -3.451234 0.000004 -13.494467
v -2.453018 -1.496783 -12.856875
v -2.789118 -1.496783 -11.563499
v -2.085212 0.000006 -16.199829
v -2.085212 1.496793 -16.199829
v -1.868932 1.496791 -15.597277
v 2.085212 1.496793 -16.199829
v 2.085212 1.496793 -16.827461
v 2.071180 0.000006 -16.827461
v 2.085212 0.000006 -16.199829
v -2.085212 1.496793 -16.199829
v -3.330643 0.000006 -16.829006
v -3.354014 0.000004 -15.060112
v -2.226809 1.496791 -14.314236
v 1.868930 1.496791 -15.597277
v 2.085212 1.496793 -16.199829
v 2.085212 0.000006 -16.199829
v 3.354014 0.000004 -15.060112
v 3.330643 0.000006 -16.829006
v 2.085212 1.496793 -16.199829
v 2.226809 1.496791 -14.314236
v -11.878051 -0.426136 -10.615234
v -10.977961 -0.552908 -9.343303
v -12.055548 -1.606399 -9.194669
v -13.107451 -1.738775 -10.606373
v 3.640831 0.000004 -12.347925
v 3.451234 0.000004 -13.494467
v 2.453018 1.496791 -12.856875
v 2.789117 1.496791 -11.563499
v 0.000000 0.000004 -14.137066
v 1.519797 -1.496781 -15.132852
v 0.000000 -1.496783 -14.137066
v -2.453018 1.496791 -12.856875
v -3.451234 0.000004 -13.494467
v -3.640831 0.000004 -12.347925
v -2.789118 1.496791 -11.563499
v 0.409343 -0.409350 23.199696
v 0.000000 -1.004904 23.199696
v 0.000000 -1.352638 22.950724
v 0.569031 -0.569040 22.950724
v 1.004896 -0.000008 23.199696
v 0.409343 -0.409350 23.199696
v 0.569031 -0.569040 22.950724
v 1.352630 -0.000008 22.950724
v -0.409343 -0.409350 23.199696
v -1.004896 -0.000008 23.199696
v -1.352630 -0.000008 22.950724
v -0.569031 -0.569040 22.950724
v 0.000000 -1.004904 23.199696
v -0.409343 -0.409350 23.199696
v -0.569031 -0.569040 22.950724
v 0.000000 -1.352638 22.950724
v 2.071180 0.000006 -16.827461
v 2.085212 -1.496781 -16.827461
v 2.085212 -1.496781 -16.199829
v 2.085212 0.000006 -16.199829
v -8.830521 -1.504057 -10.632591
v -8.228846 -1.472640 -9.697867
v -9.129684 -0.648292 -9.576615
v -9.794732 -0.490695 -10.623648
v 2.085212 0.000006 -16.199829
v 2.085212 -1.496781 -16.199829
v 1.868930 -1.496781 -15.597277
v 2.085212 -1.496781 -16.199829
v 3.330643 0.000006 -16.829006
v 3.354014 0.000004 -15.060112
v 2.226809 -1.496783 -14.314236
v -1.011128 2.441071 16.779522
v -1.519079 3.667378 18.221428
v 0.000000 3.969542 18.221428
v 0.000000 2.642198 16.779522
v -2.642205 -0.000006 16.779522
v -3.969548 -0.000006 18.221426
v -3.667383 1.519077 18.221426
v -2.441080 1.011120 16.779522
v -2.441080 1.011120 16.779522
v -3.667383 1.519077 18.221426
v -2.806892 2.806891 18.221428
v -1.868321 1.868313 16.779522
v -1.868321 1.868313 16.779522
v -2.806892 2.806891 18.221428
v -1.519079 3.667378 18.221428
v -1.011128 2.441071 16.779522
v 0.000000 3.969542 18.438904
v 0.000000 3.969542 18.221428
v -1.519079 3.667378 18.221428
v -1.519079 3.667378 18.438904
v -3.667383 1.519077 18.438902
v -3.667383 1.519077 18.221426
v -3.969548 -0.000006 18.221426
v -3.969548 -0.000006 18.438902
v -2.806892 2.806891 18.438904
v -2.806892 2.806891 18.221428
v -3.667383 1.519077 18.221426
v -3.667383 1.519077 18.438902
v -1.519079 3.667378 18.438904
v -1.519079 3.667378 18.221428
v -2.806892 2.806891 18.221428
v -2.806892 2.806891 18.438904
v 0.000000 3.969542 18.221428
v 1.519079 3.667378 18.221428
v 1.011131 2.441071 16.779520
v 0.000000 2.642198 16.779522
v 3.667382 1.519077 18.221428
v 3.969547 -0.000006 18.221432
v 2.642205 -0.000006 16.779522
v 2.441080 1.011120 16.779522
v 2.806894 2.806891 18.221428
v 3.667382 1.519077 18.221428
v 2.441080 1.011120 16.779522
v 1.868321 1.868313 16.779522
v 1.519079 3.667378 18.221428
v 2.806894 2.806891 18.221428
v 1.868321 1.868313 16.779522
v 1.011131 2.441071 16.779520
v 1.519079 3.667378 18.221428
v 0.000000 3.969542 18.221428
v 0.000000 3.969542 18.438904
v 1.519079 3.667378 18.438904
v 3.969547 -0.000006 18.221432
v 3.667382 1.519077 18.221428
v 3.667382 1.519077 18.438904
v 3.969547 -0.000006 18.438908
v 3.667382 1.519077 18.221428
v 2.806894 2.806891 18.221428
v 2.806894 2.806891 18.438904
v 3.667382 1.519077 18.438904
v 2.806894 2.806891 18.221428
v 1.519079 3.667378 18.221428
v 1.519079 3.667378 18.438904
v 2.806894 2.806891 18.438904
v -9.794732 -0.490695 -10.623648
v -9.129684 -0.648292 -9.576615
v -9.999735 -1.494555 -9.463995
v -10.795872 -1.584207 -10.620437
v 2.453018 -1.496783 -12.856875
v 3.451234 0.000004 -13.494467
v 3.640831 0.000004 -12.347925
v 2.789117 -1.496783 -11.563499
v 0.000000 0.000004 -14.137066
v -1.519799 0.000004 -15.132852
v -1.519799 1.496791 -15.132852
v 0.000000 1.496791 -14.137066
v -1.868932 1.496791 -15.597277
v -1.519799 1.496791 -15.132852
v -9.767957 -1.310036 -6.714412
v -8.208763 -1.078367 -5.218149
v -9.468432 0.000002 -5.221722
v -10.722826 0.000002 -6.222916
v -2.071183 0.000006 -16.827459
v -2.085212 1.496793 -16.827461
v -2.085212 1.496793 -16.199829
v -2.085212 0.000006 -16.199829
v -1.519799 -1.496781 -15.132852
v 0.000000 0.000004 -14.137066
v 0.000000 -1.496783 -14.137066
v -1.519799 -1.496781 -15.132852
v -1.868932 -1.496781 -15.597277
v 0.000000 -5.097617 -4.331144
v 0.000000 -5.097615 -5.599430
v 1.950774 -4.709581 -5.599430
v 1.950774 -4.709581 -4.331144
v 0.000000 5.097619 -5.599426
v 0.000000 5.097619 -4.331140
v 1.950774 4.709583 -4.331140
v 1.950774 4.709585 -5.599426
v -1.999915 0.000000 -2.458724
v -2.788126 0.000000 -2.532551
v -2.575894 -1.066969 -2.532551
v -1.847682 -0.765334 -2.458724
v -0.765335 -1.847681 -2.458724
v -1.066971 -2.575891 -2.532552
v 0.000000 -2.788126 -2.532552
v 0.000000 -1.999916 -2.458724
v -1.414154 -1.414154 -2.458724
v -1.971503 -1.971503 -2.532551
v -1.066971 -2.575891 -2.532552
v -0.765335 -1.847681 -2.458724
v -1.847682 -0.765334 -2.458724
v -2.575894 -1.066969 -2.532551
v -1.971503 -1.971503 -2.532551
v -1.414154 -1.414154 -2.458724
v -1.847682 0.765333 -2.458724
v -2.575895 1.066967 -2.532551
v -2.788126 0.000000 -2.532551
v -1.999915 0.000000 -2.458724
v 0.000000 1.999915 -2.458724
v 0.000000 2.788126 -2.532551
v -1.066971 2.575891 -2.532551
v -0.765335 1.847679 -2.458724
v 0.000000 1.352622 22.950724
v 0.000000 1.004888 23.199696
v 0.409343 0.409334 23.199696
v 0.569031 0.569024 22.950724
v 0.569031 0.569024 22.950724
v 0.409343 0.409334 23.199696
v 1.004896 -0.000008 23.199696
v 1.352630 -0.000008 22.950724
v -1.352630 -0.000008 22.950724
v -1.004896 -0.000008 23.199696
v -0.409343 0.409334 23.199696
v -0.569031 0.569024 22.950724
v -0.569031 0.569024 22.950724
v -0.409343 0.409334 23.199696
v 0.000000 1.004888 23.199696
v 0.000000 1.352622 22.950724
v -0.765335 1.847679 -2.458724
v -1.066971 2.575891 -2.532551
v -1.971503 1.971501 -2.532551
v -1.414154 1.414152 -2.458724
v -1.414154 1.414152 -2.458724
v -1.971503 1.971501 -2.532551
v -2.575895 1.066967 -2.532551
v -1.847682 0.765333 -2.458724
v 1.847682 -0.765334 -2.458724
v 2.575894 -1.066969 -2.532552
v 2.788126 0.000000 -2.532551
v 1.999915 0.000000 -2.458724
v 0.000000 -1.999916 -2.458724
v 0.000000 -2.788126 -2.532552
v 1.066971 -2.575891 -2.532552
v 0.765335 -1.847681 -2.458724
v 0.409343 -0.409350 23.199696
v 0.409343 0.409334 23.199696
v -0.409343 0.409334 23.199696
v -0.409343 -0.409350 23.199696
v 0.765335 -1.847681 -2.458724
v 1.066971 -2.575891 -2.532552
v 1.971503 -1.971503 -2.532551
v 1.414154 -1.414154 -2.458724
v 2.431090 1.006981 16.077702
v 1.860673 1.860665 16.077702
v 1.868321 1.868313 16.779522
v 2.441080 1.011120 16.779522
v 1.414154 -1.414154 -2.458724
v 1.971503 -1.971503 -2.532551
v 2.575894 -1.066969 -2.532552
v 1.847682 -0.765334 -2.458724
v 1.999915 0.000000 -2.458724
v 2.788126 0.000000 -2.532551
v 2.575894 1.066967 -2.532552
v 1.847682 0.765333 -2.458724
v 0.000000 2.661191 -7.744442
v 0.000000 0.001776 -7.744442
v -0.483315 0.000002 -7.744442
v -0.483315 2.584457 -7.744442
v -0.483315 2.584457 -7.744442
v -0.483315 0.000002 -7.744442
v -1.228949 0.000002 -8.983270
v -1.237841 1.293227 -8.983270
v 0.765335 1.847679 -2.458724
v 1.066971 2.575891 -2.532551
v 0.000000 2.788126 -2.532551
v 0.000000 1.999915 -2.458724
v 1.414154 1.414152 -2.458724
v 1.971503 1.971501 -2.532551
v 1.066971 2.575891 -2.532551
v 0.765335 1.847679 -2.458724
v 0.000000 2.661191 -7.744442
v -0.483315 2.584457 -7.744442
v -1.950774 4.709585 -5.599426
v 0.000000 5.097619 -5.599426
v 1.847682 0.765333 -2.458724
v 2.575894 1.066967 -2.532552
v 1.971503 1.971501 -2.532551
v 1.414154 1.414152 -2.458724
v -1.693535 0.701487 -8.983271
v -4.709584 1.950775 -5.599429
v -3.604559 3.604561 -5.599429
v -1.237841 1.293227 -8.983270
v -1.833069 0.000002 -8.983271
v -5.097616 0.000002 -5.599429
v -4.709584 1.950775 -5.599429
v -1.693535 0.701487 -8.983271
v -2.583932 -1.070297 -3.264730
v -2.575894 -1.066969 -2.532551
v -2.788126 0.000000 -2.532551
v -2.796827 0.000002 -3.264730
v 0.483314 0.000002 -7.744441
v 0.000000 0.001776 -7.744442
v 0.000000 2.661191 -7.744442
v 0.483314 2.584457 -7.744441
v 1.228949 0.000002 -8.983270
v 0.483314 0.000002 -7.744441
v 0.483314 2.584457 -7.744441
v 1.237841 1.293227 -8.983270
v 0.000000 -2.796827 -3.264730
v 0.000000 -2.788126 -2.532552
v -1.066971 -2.575891 -2.532552
v -1.070300 -2.583930 -3.264730
v -1.070300 -2.583930 -3.264730
v -1.066971 -2.575891 -2.532552
v -1.971503 -1.971503 -2.532551
v -1.977655 -1.977654 -3.264730
v 1.950774 4.709585 -5.599426
v 0.483314 2.584457 -7.744441
v 0.000000 2.661191 -7.744442
v 0.000000 5.097619 -5.599426
v -1.977655 -1.977654 -3.264730
v -1.971503 -1.971503 -2.532551
v -2.575894 -1.066969 -2.532551
v -2.583932 -1.070297 -3.264730
v 3.604559 3.604561 -5.599428
v 4.709584 1.950775 -5.599429
v 1.693535 0.701487 -8.983271
v 1.237841 1.293227 -8.983270
v 4.709584 1.950775 -5.599429
v 5.097616 0.000002 -5.599429
v 1.833069 0.000002 -8.983271
v 1.693535 0.701487 -8.983271
v -5.097616 0.000002 -5.599429
v -5.097616 0.000002 -4.331142
v -4.709584 1.950775 -4.331141
v -4.709584 1.950775 -5.599429
v -4.709584 1.950775 -5.599429
v -4.709584 1.950775 -4.331141
v -3.604559 3.604561 -4.331141
v -3.604559 3.604561 -5.599429
v -3.604559 3.604561 -5.599429
v -3.604559 3.604561 -4.331141
v -1.950774 4.709583 -4.331140
v -1.950774 4.709585 -5.599426
v -1.950774 4.709585 -5.599426
v -1.950774 4.709583 -4.331140
v 0.000000 5.097619 -4.331140
v 0.000000 5.097619 -5.599426
v -1.950774 4.709583 -4.331140
v -1.070300 2.583930 -3.264729
v 0.000000 2.796829 -3.264729
v 0.000000 5.097619 -4.331140
v -3.604559 3.604561 -4.331141
v -1.977655 1.977654 -3.264730
v -1.070300 2.583930 -3.264729
v -1.950774 4.709583 -4.331140
v -4.709584 1.950775 -4.331141
v -2.583933 1.070297 -3.264730
v -1.977655 1.977654 -3.264730
v -3.604559 3.604561 -4.331141
v -5.097616 0.000002 -4.331142
v -2.796827 0.000002 -3.264730
v -2.583933 1.070297 -3.264730
v -4.709584 1.950775 -4.331141
v 4.709584 1.950775 -4.331141
v 5.097616 0.000002 -4.331142
v 5.097616 0.000002 -5.599429
v 4.709584 1.950775 -5.599429
v 3.604559 3.604561 -4.331141
v 4.709584 1.950775 -4.331141
v 4.709584 1.950775 -5.599429
v 3.604559 3.604561 -5.599428
v 1.950774 4.709583 -4.331140
v 3.604559 3.604561 -4.331141
v 3.604559 3.604561 -5.599428
v 1.950774 4.709585 -5.599426
v 0.000000 2.796829 -3.264729
v 1.070301 2.583930 -3.264729
v 1.950774 4.709583 -4.331140
v 0.000000 5.097619 -4.331140
v 1.070301 2.583930 -3.264729
v 1.977656 1.977654 -3.264730
v 3.604559 3.604561 -4.331141
v 1.950774 4.709583 -4.331140
v 1.977656 1.977654 -3.264730
v 2.583933 1.070297 -3.264730
v 4.709584 1.950775 -4.331141
v 3.604559 3.604561 -4.331141
v 2.583933 1.070297 -3.264730
v 2.796827 0.000002 -3.264730
v 5.097616 0.000002 -4.331142
v 4.709584 1.950775 -4.331141
v -2.796827 0.000002 -3.264730
v -2.788126 0.000000 -2.532551
v -2.575895 1.066967 -2.532551
v -2.583933 1.070297 -3.264730
v -1.950774 -4.709581 -5.599430
v -0.483315 -2.584453 -7.744442
v 0.000000 -2.661187 -7.744442
v 0.000000 -5.097615 -5.599430
v -1.070300 2.583930 -3.264729
v -1.066971 2.575891 -2.532551
v 0.000000 2.788126 -2.532551
v 0.000000 2.796829 -3.264729
v -3.604559 -3.604557 -5.599431
v -4.709584 -1.950771 -5.599431
v -1.693535 -0.701482 -8.983271
v -1.237841 -1.293223 -8.983270
v -4.709584 -1.950771 -5.599431
v -5.097616 0.000002 -5.599429
v -1.833069 0.000002 -8.983271
v -1.977655 1.977654 -3.264730
v -1.971503 1.971501 -2.532551
v -1.066971 2.575891 -2.532551
v -1.070300 2.583930 -3.264729
v 0.483314 -2.584453 -7.744442
v 1.950774 -4.709581 -5.599430
v 0.000000 -5.097615 -5.599430
v -2.583933 1.070297 -3.264730
v -2.575895 1.066967 -2.532551
v -1.971503 1.971501 -2.532551
v -1.977655 1.977654 -3.264730
v 1.693535 -0.701482 -8.983271
v 4.709584 -1.950771 -5.599431
v 3.604559 -3.604557 -5.599430
v 1.237841 -1.293223 -8.983270
v 1.833069 0.000002 -8.983271
v 5.097616 0.000002 -5.599429
v 4.709584 -1.950771 -5.599431
v -4.709584 -1.950771 -4.331142
v -5.097616 0.000002 -4.331142
v -5.097616 0.000002 -5.599429
v -4.709584 -1.950771 -5.599431
v -3.604559 -3.604557 -4.331142
v -4.709584 -1.950771 -4.331142
v -4.709584 -1.950771 -5.599431
v -3.604559 -3.604557 -5.599431
v -1.950774 -4.709581 -4.331144
v -3.604559 -3.604557 -4.331142
v -3.604559 -3.604557 -5.599431
v -1.950774 -4.709581 -5.599430
v 0.000000 -5.097617 -4.331144
v -1.950774 -4.709581 -4.331144
v -1.950774 -4.709581 -5.599430
v 0.000000 -5.097615 -5.599430
v 0.000000 -2.796827 -3.264730
v -1.070300 -2.583930 -3.264730
v -1.950774 -4.709581 -4.331144
v 0.000000 -5.097617 -4.331144
v -1.070300 -2.583930 -3.264730
v -1.977655 -1.977654 -3.264730
v -3.604559 -3.604557 -4.331142
v -1.950774 -4.709581 -4.331144
v -1.977655 -1.977654 -3.264730
v -2.583932 -1.070297 -3.264730
v -4.709584 -1.950771 -4.331142
v -3.604559 -3.604557 -4.331142
v -2.583932 -1.070297 -3.264730
v -2.796827 0.000002 -3.264730
v -5.097616 0.000002 -4.331142
v -4.709584 -1.950771 -4.331142
v 5.097616 0.000002 -5.599429
v 5.097616 0.000002 -4.331142
v 4.709584 -1.950771 -4.331142
v 4.709584 -1.950771 -5.599431
v 4.709584 -1.950771 -5.599431
v 4.709584 -1.950771 -4.331142
v 3.604559 -3.604557 -4.331142
v 3.604559 -3.604557 -5.599430
v 3.604559 -3.604557 -5.599430
v 3.604559 -3.604557 -4.331142
v 1.950774 -4.709581 -4.331144
v 1.950774 -4.709581 -5.599430
v 1.950774 -4.709581 -4.331144
v 1.070301 -2.583930 -3.264730
v 0.000000 -2.796827 -3.264730
v 0.000000 -5.097617 -4.331144
v 3.604559 -3.604557 -4.331142
v 1.977656 -1.977654 -3.264730
v 1.070301 -2.583930 -3.264730
v 1.950774 -4.709581 -4.331144
v 4.709584 -1.950771 -4.331142
v 2.583933 -1.070297 -3.264730
v 1.977656 -1.977654 -3.264730
v 3.604559 -3.604557 -4.331142
v 5.097616 0.000002 -4.331142
v 2.796827 0.000002 -3.264730
v 2.583933 -1.070297 -3.264730
v 4.709584 -1.950771 -4.331142
v -2.052362 -1.317339 -10.390615
v -0.563153 -1.317339 -12.817543
v 0.000000 -2.128162 -12.435167
v -1.292171 -2.128162 -10.396605
v 0.000000 -1.317341 -7.006232
v -2.052362 -1.317339 -10.390615
v -1.292171 -2.128162 -10.396605
v 0.000000 -2.128164 -8.431046
v 2.796827 0.000002 -3.264730
v 2.788126 0.000000 -2.532551
v 2.575894 -1.066969 -2.532552
v 2.583933 -1.070297 -3.264730
v -1.114982 -2.128162 -10.397036
v -1.292171 -2.128162 -10.396605
v 0.000000 -2.128162 -12.435167
v 0.000000 -2.128162 -12.166769
v -0.563849 -1.317339 -14.487668
v 0.000000 -2.128559 -14.042553
v 0.000000 -2.128162 -12.435167
v -0.563153 -1.317339 -12.817543
v 0.000000 -2.128164 -8.431046
v -1.292171 -2.128162 -10.396605
v -1.114982 -2.128162 -10.397036
v 0.000000 -2.128164 -8.701001
v 0.000000 -2.128162 -12.435167
v 0.563153 -1.317339 -12.817543
v 2.052362 -1.317339 -10.390615
v 1.292170 -2.128162 -10.396605
v 1.292170 -2.128162 -10.396605
v 2.052362 -1.317339 -10.390615
v 0.000000 -1.317341 -7.006232
v 0.000000 -2.128164 -8.431046
v 1.070301 -2.583930 -3.264730
v 1.066971 -2.575891 -2.532552
v 0.000000 -2.788126 -2.532552
v 0.000000 -2.796827 -3.264730
v 0.000000 -2.128162 -12.435167
v 1.292170 -2.128162 -10.396605
v 1.114982 -2.128162 -10.397036
v 0.000000 -2.128162 -12.166769
v 0.000000 -2.128162 -12.435167
v 0.000000 -2.128559 -14.042553
v 0.563849 -1.317339 -14.487668
v 0.563153 -1.317339 -12.817543
v 1.114982 -2.128162 -10.397036
v 1.292170 -2.128162 -10.396605
v 0.000000 -2.128164 -8.431046
v 0.000000 -2.128164 -8.701001
v 0.000000 2.128170 -12.435167
v -0.563153 1.317347 -12.817543
v -2.052362 1.317347 -10.390615
v -1.292171 2.128170 -10.396605
v -1.292171 2.128170 -10.396605
v -2.052362 1.317347 -10.390615
v 0.000000 1.317345 -7.006232
v 0.000000 2.128168 -8.431046
v 1.977656 -1.977654 -3.264730
v 1.971503 -1.971503 -2.532551
v 1.066971 -2.575891 -2.532552
v 1.070301 -2.583930 -3.264730
v 0.000000 2.128170 -12.435167
v -1.292171 2.128170 -10.396605
v -1.114982 2.128170 -10.397036
v 0.000000 2.128170 -12.166769
v 0.000000 2.128170 -12.435167
v 0.000000 2.128567 -14.042553
v -0.563849 1.317347 -14.487668
v -0.563153 1.317347 -12.817543
v -1.114982 2.128170 -10.397036
v -1.292171 2.128170 -10.396605
v 0.000000 2.128168 -8.431046
v 0.000000 2.128168 -8.701001
v 2.052362 1.317347 -10.390615
v 0.563153 1.317347 -12.817543
v 0.000000 2.128170 -12.435167
v 1.292170 2.128170 -10.396605
v 0.000000 1.317345 -7.006232
v 2.052362 1.317347 -10.390615
v 1.292170 2.128170 -10.396605
v 0.000000 2.128168 -8.431046
v 2.583933 -1.070297 -3.264730
v 2.575894 -1.066969 -2.532552
v 1.971503 -1.971503 -2.532551
v 1.977656 -1.977654 -3.264730
v 1.114982 2.128170 -10.397036
v 1.292170 2.128170 -10.396605
v 0.000000 2.128170 -12.435167
v 0.000000 2.128170 -12.166769
v 0.563849 1.317347 -14.487668
v 0.000000 2.128567 -14.042553
v 0.000000 2.128170 -12.435167
v 0.563153 1.317347 -12.817543
v 0.000000 2.128168 -8.431046
v 1.292170 2.128170 -10.396605
v 1.114982 2.128170 -10.397036
v 0.000000 2.128168 -8.701001
v 3.615238 1.676613 -8.596699
v 3.494878 0.000002 -7.168888
v 4.804686 1.566081 -8.121092
v 2.798821 0.000004 -11.563499
v 2.887106 1.655798 -11.660938
v 3.730450 0.000004 -12.554574
v -1.950774 4.709585 -5.599426
v -0.483315 2.584457 -7.744442
v -3.604559 3.604561 -5.599429
v -1.237841 1.293227 -8.983270
v -1.228949 0.000002 -8.983270
v -1.693535 0.701487 -8.983271
v 1.260714 0.000002 -9.020103
v 0.430822 0.000002 -7.576699
v 1.260714 1.819447 -9.020103
v 7.712519 1.466012 -9.029369
v 8.228846 1.472648 -9.697866
v 7.436264 0.000004 -9.795023
v 7.120148 1.457779 -8.317114
v 7.712519 1.466012 -9.029369
v 6.750709 1.029572 -8.855950
v 7.712519 1.466012 -9.029369
v 7.436264 0.000004 -9.795023
v 6.750709 1.029572 -8.855950
v -1.693535 0.701487 -8.983271
v -1.228949 0.000002 -8.983270
v -1.833069 0.000002 -8.983271
v -6.750709 -1.029568 -8.855950
v -6.085962 -1.447943 -7.330151
v -7.120148 -1.457775 -8.317114
v -0.483315 2.584457 -7.744442
v -1.237841 1.293227 -8.983270
v -3.604559 3.604561 -5.599429
v 0.483314 2.584457 -7.744441
v 1.950774 4.709585 -5.599426
v 3.604559 3.604561 -5.599428
v 1.228949 0.000002 -8.983270
v 1.237841 1.293227 -8.983270
v 1.693535 0.701487 -8.983271
v 1.228949 0.000002 -8.983270
v 1.693535 0.701487 -8.983271
v 1.833069 0.000002 -8.983271
v 1.237841 1.293227 -8.983270
v 0.483314 2.584457 -7.744441
v 3.604559 3.604561 -5.599428
v -1.950774 -4.709581 -5.599430
v -3.604559 -3.604557 -5.599431
v -3.604559 -3.604557 -5.599431
v 1.950774 -4.709581 -5.599430
v 3.604559 -3.604557 -5.599430
v 3.604559 -3.604557 -5.599430
v -0.563849 -1.317339 -14.487668
v 0.000000 -1.317338 -15.035330
v 0.000000 -2.128559 -14.042553
v 0.000000 -1.317338 -15.035330
v 0.563849 -1.317339 -14.487668
v 0.000000 -2.128559 -14.042553
v 0.000000 1.317348 -15.035330
v -0.563849 1.317347 -14.487668
v 0.000000 2.128567 -14.042553
v -2.100510 0.000002 -7.562150
v -3.494877 0.000002 -7.168888
v -3.615238 -1.676609 -8.596699
v 6.280072 0.694456 -10.143552
v 5.581947 1.177392 -9.545617
v 6.750709 1.029572 -8.855950
v 7.436264 0.000004 -9.795023
v 6.280072 0.694456 -10.143552
v 6.750709 1.029572 -8.855950
v -0.430822 0.000002 -7.576699
v -2.100510 0.000002 -7.562150
v -1.260714 -1.819443 -9.020103
v -7.687617 0.000002 -4.573457
v -8.208763 -1.078367 -5.218149
v -6.469327 0.000002 -5.587569
v -2.371715 -1.704355 -10.833239
v -1.747614 -1.516336 -9.808728
v 6.750709 1.029572 -8.855950
v 6.085962 1.447947 -7.330151
v 7.120148 1.457779 -8.317114
v -6.750709 -1.029568 -8.855950
v -5.581947 -1.177384 -9.545617
v -6.121954 -0.810230 -8.231817
v -6.085962 -1.447943 -7.330151
v -6.121954 -0.810230 -8.231817
v -4.804686 -1.566077 -8.121092
v -4.804686 -1.566077 -8.121092
v -5.023236 -0.954981 -8.909609
v -3.615238 -1.676609 -8.596699
v -6.085962 -1.447943 -7.330151
v -4.804686 -1.566077 -8.121092
v -5.107258 0.000002 -6.443145
v -2.100510 0.000002 -7.562150
v -3.615238 -1.676609 -8.596699
v -2.100510 0.000002 -7.562150
v -1.260714 -1.819443 -9.020103
v -6.121954 -0.810230 -8.231817
v -5.023236 -0.954981 -8.909609
v -4.804686 -1.566077 -8.121092
v -1.747614 -1.516336 -9.808728
v -1.260714 -1.819443 -9.020103
v 2.100510 0.000002 -7.562150
v 3.494878 0.000002 -7.168888
v 3.615238 1.676613 -8.596699
v 0.430822 0.000002 -7.576699
v 2.100510 0.000002 -7.562150
v 1.260714 1.819447 -9.020103
v 7.687617 0.000002 -4.573457
v 8.208763 1.078371 -5.218149
v 6.469327 0.000002 -5.587569
v 2.371715 1.704363 -10.833239
v 1.747614 1.516344 -9.808728
v 2.917669 1.298519 -9.642684
v 6.750709 1.029572 -8.855950
v 5.581947 1.177392 -9.545617
v 6.121954 0.810234 -8.231817
v 6.085962 1.447947 -7.330151
v 6.121954 0.810234 -8.231817
v 4.804686 1.566081 -8.121092
v 4.804686 1.566081 -8.121092
v 5.023236 0.954985 -8.909609
v 3.615238 1.676613 -8.596699
v 2.917669 1.298519 -9.642684
v 2.482913 1.754612 -8.900084
v 3.615238 1.676613 -8.596699
v 2.917669 1.298519 -9.642684
v 1.747614 1.516344 -9.808728
v 2.482913 1.754612 -8.900084
v 6.085962 1.447947 -7.330151
v 4.804686 1.566081 -8.121092
v 5.107258 0.000002 -6.443145
v 2.100510 0.000002 -7.562150
v 3.615238 1.676613 -8.596699
v 2.482913 1.754612 -8.900084
v 2.100510 0.000002 -7.562150
v 2.482913 1.754612 -8.900084
v 1.260714 1.819447 -9.020103
v 6.121954 0.810234 -8.231817
v 5.023236 0.954985 -8.909609
v 4.804686 1.566081 -8.121092
v 1.747614 1.516344 -9.808728
v 1.260714 1.819447 -9.020103
v 2.482913 1.754612 -8.900084
v 7.436264 0.000004 -9.795023
v 6.280072 0.694456 -10.143552
v 5.581947 1.177392 -9.545617
v 5.023236 0.954985 -8.909609
v 6.121954 0.810234 -8.231817
v 2.371715 1.704363 -10.833239
v 2.917669 1.298519 -9.642684
v 2.371715 1.704363 -10.833239
v 2.887106 1.655798 -11.660938
v -7.436264 0.000004 -9.795023
v -6.280072 -0.694448 -10.143552
v 8.208763 1.078371 -5.218149
v 7.149868 1.333449 -6.498342
v 6.469327 0.000002 -5.587569
v 9.409664 0.000000 -2.764910
v 8.208763 1.078371 -5.218149
v 7.687617 0.000002 -4.573457
v 6.469327 0.000002 -5.587569
v 7.149868 1.333449 -6.498342
v 5.107258 0.000002 -6.443145
v 3.730450 0.000004 -12.554574
v 2.887106 1.655798 -11.660938
v 5.023236 0.954985 -8.909609
v 3.615238 1.676613 -8.596699
v 5.581947 1.177392 -9.545617
v 5.023236 0.954985 -8.909609
v 7.149868 1.333449 -6.498342
v 6.085962 1.447947 -7.330151
v 5.107258 0.000002 -6.443145
v 6.965904 0.785226 -7.395657
v 6.085962 1.447947 -7.330151
v 7.149868 1.333449 -6.498342
v 4.804686 1.566081 -8.121092
v 3.494878 0.000002 -7.168888
v 5.107258 0.000002 -6.443145
v 2.917669 1.298519 -9.642684
v 3.615238 1.676613 -8.596699
v 9.468432 0.000002 -5.221722
v 8.208763 1.078371 -5.218149
v 9.409664 0.000000 -2.764910
v 8.166648 0.680091 -6.334236
v 7.149868 1.333449 -6.498342
v 8.208763 1.078371 -5.218149
v -5.581947 -1.177384 -9.545617
v -5.023236 -0.954981 -8.909609
v -6.121954 -0.810230 -8.231817
v 13.505365 0.000004 -13.687218
v 10.865073 0.000004 -13.008440
v 12.154999 1.797947 -13.340058
v -2.371715 -1.704355 -10.833239
v -2.887106 -1.655790 -11.660938
v 13.505365 0.000004 -13.687218
v 14.943638 1.986759 -14.056976
v 16.783655 0.000004 -14.530018
v 0.563849 1.317347 -14.487668
v 0.000000 1.317348 -15.035330
v 0.000000 2.128567 -14.042553
v 6.121954 0.810234 -8.231817
v 6.085962 1.447947 -7.330151
v 6.750709 1.029572 -8.855950
v 8.705347 0.000004 -12.453204
v 9.805702 1.580741 -12.736090
v 10.865073 0.000004 -13.008440
v -8.208763 -1.078367 -5.218149
v -7.149868 -1.333445 -6.498342
v -6.469327 0.000002 -5.587569
v 3.494878 0.000002 -7.168888
v 3.615238 -1.676609 -8.596699
v 4.804686 -1.566077 -8.121092
v 2.887106 -1.655790 -11.660938
v 2.798821 0.000004 -11.563499
v 3.730450 0.000004 -12.554574
v -9.409664 0.000000 -2.764910
v -8.208763 -1.078367 -5.218149
v -7.687617 0.000002 -4.573457
v -6.469327 0.000002 -5.587569
v -7.149868 -1.333445 -6.498342
v -5.107258 0.000002 -6.443145
v 0.430822 0.000002 -7.576699
v 1.260714 0.000002 -9.020103
v 1.260714 -1.819443 -9.020103
v -3.730450 0.000004 -12.554574
v -2.887106 -1.655790 -11.660938
v 8.228846 -1.472640 -9.697866
v 7.712519 -1.466008 -9.029369
v 7.436264 0.000004 -9.795023
v 7.712519 -1.466008 -9.029369
v 7.120148 -1.457775 -8.317114
v 6.750710 -1.029568 -8.855950
v 7.436264 0.000004 -9.795023
v 7.712519 -1.466008 -9.029369
v 6.750710 -1.029568 -8.855950
v -5.023236 -0.954981 -8.909609
v -3.615238 -1.676609 -8.596699
v -5.581947 -1.177384 -9.545617
v -5.023236 -0.954981 -8.909609
v -7.149868 -1.333445 -6.498342
v -6.085962 -1.447943 -7.330151
v -5.107258 0.000002 -6.443145
v -6.965903 -0.785222 -7.395657
v -6.085962 -1.447943 -7.330151
v -7.149868 -1.333445 -6.498342
v -4.804686 -1.566077 -8.121092
v -3.494877 0.000002 -7.168888
v -5.107258 0.000002 -6.443145
v -9.468432 0.000002 -5.221722
v -8.208763 -1.078367 -5.218149
v -9.409664 0.000000 -2.764910
v -8.166647 -0.680087 -6.334236
v -7.149868 -1.333445 -6.498342
v -8.208763 -1.078367 -5.218149
v -13.505365 0.000004 -13.687218
v -10.865073 0.000004 -13.008440
v -12.154999 -1.797939 -13.340058
v -13.505365 0.000004 -13.687218
v -14.943638 -1.986751 -14.056976
v -16.783657 0.000004 -14.530018
v -6.121954 -0.810230 -8.231817
v -6.085962 -1.447943 -7.330151
v -6.750709 -1.029568 -8.855950
v -8.705347 0.000004 -12.453204
v -9.805702 -1.580733 -12.736090
v -10.865073 0.000004 -13.008440
v 0.000000 1.496791 -14.137066
v -1.519799 1.496791 -15.132852
v -2.226809 1.496791 -14.314236
v -2.226809 1.496791 -14.314236
v -1.519799 1.496791 -15.132852
v -1.868932 1.496791 -15.597277
v -2.085212 1.496793 -16.827461
v -2.071183 0.000006 -16.827459
v -3.330643 0.000006 -16.829006
v 5.581947 -1.177384 -9.545616
v 6.280072 -0.694448 -10.143552
v 6.750710 -1.029568 -8.855950
v 6.280072 -0.694448 -10.143552
v 7.436264 0.000004 -9.795023
v 6.750710 -1.029568 -8.855950
v 0.000000 1.496791 -14.137066
v -2.453018 1.496791 -12.856875
v -2.789118 1.496791 -11.563499
v -3.451234 0.000004 -13.494467
v -2.226809 1.496791 -14.314236
v -3.354014 0.000004 -15.060112
v -1.868932 1.496791 -15.597277
v -2.085212 1.496793 -16.199829
v -2.226809 1.496791 -14.314236
v 6.085962 -1.447943 -7.330151
v 6.750710 -1.029568 -8.855950
v 7.120148 -1.457775 -8.317114
v 0.000000 1.496789 -6.439575
v 0.000000 1.496791 -14.137066
v -2.789118 1.496791 -11.563499
v -3.330643 0.000006 -16.829006
v -2.085212 1.496793 -16.199829
v -2.085212 1.496793 -16.827461
v 0.000000 1.496791 -14.137066
v -2.226809 1.496791 -14.314236
v -2.453018 1.496791 -12.856875
v -2.453018 1.496791 -12.856875
v -2.226809 1.496791 -14.314236
v -3.451234 0.000004 -13.494467
v 1.519797 1.496791 -15.132852
v 0.000000 1.496791 -14.137066
v 2.226809 1.496791 -14.314236
v 1.519797 1.496791 -15.132852
v 2.226809 1.496791 -14.314236
v 1.868930 1.496791 -15.597277
v 2.071180 0.000006 -16.827461
v 2.085212 1.496793 -16.827461
v 3.330643 0.000006 -16.829006
v 2.453018 1.496791 -12.856875
v 0.000000 1.496791 -14.137066
v 2.789117 1.496791 -11.563499
v 2.226809 1.496791 -14.314236
v 3.451234 0.000004 -13.494467
v 3.354014 0.000004 -15.060112
v 2.085212 1.496793 -16.199829
v 1.868930 1.496791 -15.597277
v 2.226809 1.496791 -14.314236
v 0.000000 1.496791 -14.137066
v 0.000000 1.496789 -6.439575
v 2.789117 1.496791 -11.563499
v 2.085212 1.496793 -16.199829
v 3.330643 0.000006 -16.829006
v 2.085212 1.496793 -16.827461
v 3.494878 0.000002 -7.168888
v 2.100510 0.000002 -7.562150
v 3.615238 -1.676609 -8.596699
v 2.100510 0.000002 -7.562150
v 0.430822 0.000002 -7.576699
v 1.260714 -1.819443 -9.020103
v 8.208763 -1.078367 -5.218149
v 7.687617 0.000002 -4.573457
v 6.469327 0.000002 -5.587569
v 1.747614 -1.516336 -9.808728
v 2.371715 -1.704355 -10.833239
v 5.581947 -1.177384 -9.545616
v 6.750710 -1.029568 -8.855950
v 6.121954 -0.810230 -8.231817
v 6.121954 -0.810230 -8.231817
v 6.085962 -1.447943 -7.330151
v 4.804686 -1.566077 -8.121092
v 5.023236 -0.954981 -8.909609
v 4.804686 -1.566077 -8.121092
v 3.615238 -1.676609 -8.596699
v 4.804686 -1.566077 -8.121092
v 6.085962 -1.447943 -7.330151
v 5.107258 0.000002 -6.443145
v 3.615238 -1.676609 -8.596699
v 2.100510 0.000002 -7.562150
v 2.100510 0.000002 -7.562150
v 1.260714 -1.819443 -9.020103
v 5.023236 -0.954981 -8.909609
v 6.121954 -0.810230 -8.231817
v 4.804686 -1.566077 -8.121092
v 1.260714 -1.819443 -9.020103
v 1.747614 -1.516336 -9.808728
v 7.436264 0.000004 -9.795023
v 6.280072 -0.694448 -10.143552
v 5.023236 -0.954981 -8.909609
v 5.581947 -1.177384 -9.545616
v 6.121954 -0.810230 -8.231817
v 2.371715 -1.704355 -10.833239
v 2.887106 -1.655790 -11.660938
v 2.226809 1.496791 -14.314236
v 0.000000 1.496791 -14.137066
v 2.453018 1.496791 -12.856875
v 7.149868 -1.333445 -6.498342
v 8.208763 -1.078367 -5.218149
v 6.469327 0.000002 -5.587569
v 8.208763 -1.078367 -5.218149
v 9.409664 0.000000 -2.764910
v 7.687617 0.000002 -4.573457
v 7.149868 -1.333445 -6.498342
v 6.469327 0.000002 -5.587569
v 5.107258 0.000002 -6.443145
v 2.887106 -1.655790 -11.660938
v 3.730450 0.000004 -12.554574
v 5.023236 -0.954981 -8.909609
v 3.615238 -1.676609 -8.596699
v 5.581947 -1.177384 -9.545616
v 5.023236 -0.954981 -8.909609
v 6.085962 -1.447943 -7.330151
v 7.149868 -1.333445 -6.498342
v 5.107258 0.000002 -6.443145
v 6.085962 -1.447943 -7.330151
v 6.965904 -0.785222 -7.395657
v 7.149868 -1.333445 -6.498342
v 3.494878 0.000002 -7.168888
v 4.804686 -1.566077 -8.121092
v 5.107258 0.000002 -6.443145
v 3.615238 -1.676609 -8.596699
v 8.208763 -1.078367 -5.218149
v 9.468432 0.000002 -5.221722
v 9.409664 0.000000 -2.764910
v 7.149868 -1.333445 -6.498342
v 8.166648 -0.680087 -6.334236
v 8.208763 -1.078367 -5.218149
v 2.226809 1.496791 -14.314236
v 2.453018 1.496791 -12.856875
v 3.451234 0.000004 -13.494467
v -1.519799 -1.496781 -15.132852
v 0.000000 -1.496783 -14.137066
v -2.226809 -1.496783 -14.314236
v 10.865073 0.000004 -13.008440
v 13.505365 0.000004 -13.687218
v 12.154999 -1.797939 -13.340058
v -1.519799 -1.496781 -15.132852
v -2.226809 -1.496783 -14.314236
v -1.868932 -1.496781 -15.597277
v 14.943638 -1.986751 -14.056976
v 13.505365 0.000004 -13.687218
v 16.783655 0.000004 -14.530018
v -2.071183 0.000006 -16.827459
v -2.085212 -1.496781 -16.827461
v -3.330643 0.000006 -16.829006
v 6.085962 -1.447943 -7.330151
v 6.121954 -0.810230 -8.231817
v 6.750710 -1.029568 -8.855950
v 9.805702 -1.580733 -12.736090
v 8.705347 0.000004 -12.453204
v 10.865073 0.000004 -13.008440
v -2.453018 -1.496783 -12.856875
v 0.000000 -1.496783 -14.137066
v -2.789118 -1.496783 -11.563499
v -3.494877 0.000002 -7.168888
v -3.615238 1.676613 -8.596699
v -4.804686 1.566081 -8.121092
v -2.887106 1.655798 -11.660938
v -2.798821 0.000004 -11.563499
v -3.730450 0.000004 -12.554574
v -2.226809 -1.496783 -14.314236
v -3.451234 0.000004 -13.494467
v -3.354014 0.000004 -15.060112
v -2.085212 -1.496781 -16.199829
v -1.868932 -1.496781 -15.597277
v -2.226809 -1.496783 -14.314236
v -0.430822 0.000002 -7.576699
v -1.260714 0.000002 -9.020103
v -1.260714 1.819447 -9.020103
v 0.000000 -1.496783 -14.137066
v 0.000000 -1.496785 -6.439577
v -2.789118 -1.496783 -11.563499
v -8.228846 1.472648 -9.697867
v -7.712519 1.466012 -9.029369
v -7.436264 0.000004 -9.795023
v -7.712519 1.466012 -9.029369
v -7.120148 1.457779 -8.317114
v -6.750710 1.029572 -8.855950
v -7.436264 0.000004 -9.795023
v -7.712519 1.466012 -9.029369
v -6.750710 1.029572 -8.855950
v -2.085212 -1.496781 -16.199829
v -3.330643 0.000006 -16.829006
v -2.085212 -1.496781 -16.827461
v -2.226809 -1.496783 -14.314236
v 0.000000 -1.496783 -14.137066
v -2.453018 -1.496783 -12.856875
v -2.226809 -1.496783 -14.314236
v -2.453018 -1.496783 -12.856875
v -3.451234 0.000004 -13.494467
v 0.000000 -1.496783 -14.137066
v 1.519797 -1.496781 -15.132852
v 2.226809 -1.496783 -14.314236
v 2.226809 -1.496783 -14.314236
v 1.519797 -1.496781 -15.132852
v 1.868930 -1.496781 -15.597277
v 2.085212 -1.496781 -16.827461
v 2.071180 0.000006 -16.827461
v 3.330643 0.000006 -16.829006
v 0.000000 -1.496783 -14.137066
v 2.453018 -1.496783 -12.856875
v 2.789117 -1.496783 -11.563499
v 3.451234 0.000004 -13.494467
v 2.226809 -1.496783 -14.314236
v 3.354014 0.000004 -15.060112
v 1.868930 -1.496781 -15.597277
v 2.085212 -1.496781 -16.199829
v 2.226809 -1.496783 -14.314236
v 0.000000 -1.496785 -6.439577
v 0.000000 -1.496783 -14.137066
v 2.789117 -1.496783 -11.563499
v 3.330643 0.000006 -16.829006
v 2.085212 -1.496781 -16.199829
v 2.085212 -1.496781 -16.827461
v 0.000000 -1.496783 -14.137066
v 2.226809 -1.496783 -14.314236
v 2.453018 -1.496783 -12.856875
v 2.453018 -1.496783 -12.856875
v 2.226809 -1.496783 -14.314236
v 3.451234 0.000004 -13.494467
v -1.004896 -0.000008 23.199696
v -0.409343 -0.409350 23.199696
v -0.409343 0.409334 23.199696
v 1.147633 -1.147639 20.252153
v 0.569031 -0.569040 22.950724
v 0.000000 -1.352638 22.950724
v 1.147633 -1.147639 20.252153
v 1.352630 -0.000008 22.950724
v 0.569031 -0.569040 22.950724
v -5.581947 1.177392 -9.545616
v -6.280072 0.694456 -10.143552
v -6.750710 1.029572 -8.855950
v -6.280072 0.694456 -10.143552
v -7.436264 0.000004 -9.795023
v -6.750710 1.029572 -8.855950
v -1.147633 -1.147639 20.252153
v -0.569031 -0.569040 22.950724
v -1.352630 -0.000008 22.950724
v -1.147633 -1.147639 20.252153
v 0.000000 -1.352638 22.950724
v -0.569031 -0.569040 22.950724
v 0.000000 -2.641814 19.548685
v 1.147633 -1.147639 20.252153
v 0.000000 -1.352638 22.950724
v -6.085962 1.447947 -7.330151
v -6.750710 1.029572 -8.855950
v -7.120148 1.457779 -8.317114
v -1.147633 -1.147639 20.252153
v 0.000000 -2.641814 19.548685
v 0.000000 -1.352638 22.950724
v -2.641807 -0.000006 19.548683
v -1.147633 -1.147639 20.252153
v -1.352630 -0.000008 22.950724
v 1.147633 -1.147639 20.252153
v 2.641805 -0.000006 19.548685
v 1.352630 -0.000008 22.950724
v -3.667383 -1.519089 18.438902
v -1.147633 -1.147639 20.252153
v -2.641807 -0.000006 19.548683
v -2.806892 -2.806903 18.438904
v -1.147633 -1.147639 20.252153
v -3.667383 -1.519089 18.438902
v 1.147633 -1.147639 20.252153
v 3.667382 -1.519089 18.438904
v 2.641805 -0.000006 19.548685
v 3.667382 -1.519089 18.438904
v 3.969547 -0.000006 18.438908
v 2.641805 -0.000006 19.548685
v 0.000000 -2.641814 19.548685
v 1.519079 -3.667390 18.438904
v 1.147633 -1.147639 20.252153
v 1.147633 -1.147639 20.252153
v 1.519079 -3.667390 18.438904
v 2.806894 -2.806903 18.438904
v 0.000000 -2.641814 19.548685
v -1.147633 -1.147639 20.252153
v -1.519079 -3.667390 18.438904
v 0.000000 -3.969554 18.438904
v 0.000000 -2.641814 19.548685
v -1.519079 -3.667390 18.438904
v 2.806894 -2.806903 18.438904
v 3.667382 -1.519089 18.438904
v 1.147633 -1.147639 20.252153
v -3.494877 0.000002 -7.168888
v -2.100510 0.000002 -7.562150
v -3.615238 1.676613 -8.596699
v -2.100510 0.000002 -7.562150
v -0.430822 0.000002 -7.576699
v -1.260714 1.819447 -9.020103
v -8.208763 1.078371 -5.218149
v -7.687617 0.000002 -4.573457
v -6.469327 0.000002 -5.587569
v -1.747614 1.516344 -9.808728
v -2.371715 1.704363 -10.833239
v -2.917669 1.298519 -9.642684
v -5.023236 0.954985 -8.909609
v -5.581947 1.177392 -9.545616
v -6.750710 1.029572 -8.855950
v -6.121954 0.810234 -8.231817
v -6.121954 0.810234 -8.231817
v -6.085962 1.447947 -7.330151
v -4.804686 1.566081 -8.121092
v -5.023236 0.954985 -8.909609
v -4.804686 1.566081 -8.121092
v -3.615238 1.676613 -8.596699
v -2.482913 1.754612 -8.900084
v -2.917669 1.298519 -9.642684
v -3.615238 1.676613 -8.596699
v -1.747614 1.516344 -9.808728
v -2.917669 1.298519 -9.642684
v -2.482913 1.754612 -8.900084
v -4.804686 1.566081 -8.121092
v -6.085962 1.447947 -7.330151
v -5.107258 0.000002 -6.443145
v -3.615238 1.676613 -8.596699
v -2.100510 0.000002 -7.562150
v -2.482913 1.754612 -8.900084
v -2.482913 1.754612 -8.900084
v -2.100510 0.000002 -7.562150
v -1.260714 1.819447 -9.020103
v -5.023236 0.954985 -8.909609
v -6.121954 0.810234 -8.231817
v -4.804686 1.566081 -8.121092
v -1.260714 1.819447 -9.020103
v -1.747614 1.516344 -9.808728
v -2.482913 1.754612 -8.900084
v -7.436264 0.000004 -9.795023
v -6.280072 0.694456 -10.143552
v -5.023236 0.954985 -8.909609
v -5.581947 1.177392 -9.545616
v -6.121954 0.810234 -8.231817
v -2.371715 1.704363 -10.833239
v -2.917669 1.298519 -9.642684
v -2.371715 1.704363 -10.833239
v -2.887106 1.655798 -11.660938
v 0.000000 -2.641814 19.548685
v 0.000000 -3.969554 18.438904
v 1.519079 -3.667390 18.438904
v -7.149868 1.333449 -6.498343
v -8.208763 1.078371 -5.218149
v -6.469327 0.000002 -5.587569
v -8.208763 1.078371 -5.218149
v -9.409664 0.000000 -2.764910
v -7.687617 0.000002 -4.573457
v -7.149868 1.333449 -6.498343
v -6.469327 0.000002 -5.587569
v -5.107258 0.000002 -6.443145
v -2.887106 1.655798 -11.660938
v -3.730450 0.000004 -12.554574
v -5.023236 0.954985 -8.909609
v -3.615238 1.676613 -8.596699
v -5.581947 1.177392 -9.545616
v -5.023236 0.954985 -8.909609
v -6.085962 1.447947 -7.330151
v -7.149868 1.333449 -6.498343
v -5.107258 0.000002 -6.443145
v -6.085962 1.447947 -7.330151
v -6.965903 0.785226 -7.395657
v -7.149868 1.333449 -6.498343
v -3.494877 0.000002 -7.168888
v -4.804686 1.566081 -8.121092
v -5.107258 0.000002 -6.443145
v -2.917669 1.298519 -9.642684
v -3.615238 1.676613 -8.596699
v -8.208763 1.078371 -5.218149
v -9.468432 0.000002 -5.221722
v -9.409664 0.000000 -2.764910
v -7.149868 1.333449 -6.498343
v -8.166648 0.680091 -6.334236
v -8.208763 1.078371 -5.218149
v -1.519079 -3.667390 18.438904
v -1.147633 -1.147639 20.252153
v -2.806892 -2.806903 18.438904
v -3.969548 -0.000006 18.438902
v -3.667383 -1.519089 18.438902
v -2.641807 -0.000006 19.548683
v -10.865073 0.000004 -13.008440
v -13.505365 0.000004 -13.687218
v -12.154999 1.797947 -13.340058
v 0.569031 0.569024 22.950724
v 1.147633 1.147627 20.252153
v 0.000000 1.352622 22.950724
v -14.943638 1.986759 -14.056976
v -13.505365 0.000004 -13.687218
v -16.783657 0.000004 -14.530018
v 1.352630 -0.000008 22.950724
v 1.147633 1.147627 20.252153
v 0.569031 0.569024 22.950724
v -6.085962 1.447947 -7.330151
v -6.121954 0.810234 -8.231817
v -6.750710 1.029572 -8.855950
v -9.805702 1.580741 -12.736090
v -8.705347 0.000004 -12.453204
v -10.865073 0.000004 -13.008440
v -0.569031 0.569024 22.950724
v -1.147633 1.147627 20.252153
v -1.352630 -0.000008 22.950724
v -3.615238 -1.676609 -8.596699
v -3.494877 0.000002 -7.168888
v -4.804686 -1.566077 -8.121092
v -2.798821 0.000004 -11.563499
v -2.887106 -1.655790 -11.660938
v -3.730450 0.000004 -12.554574
v 0.000000 1.352622 22.950724
v -1.147633 1.147627 20.252153
v -0.569031 0.569024 22.950724
v 1.147633 1.147627 20.252153
v 0.000000 2.641802 19.548685
v 0.000000 1.352622 22.950724
v -1.260714 0.000002 -9.020103
v -0.430822 0.000002 -7.576699
v -1.260714 -1.819443 -9.020103
v 0.000000 2.641802 19.548685
v -1.147633 1.147627 20.252153
v 0.000000 1.352622 22.950724
v -7.712519 -1.466008 -9.029369
v -8.228846 -1.472640 -9.697867
v -7.436264 0.000004 -9.795023
v -7.120148 -1.457775 -8.317114
v -7.712519 -1.466008 -9.029369
v -6.750709 -1.029568 -8.855950
v -7.712519 -1.466008 -9.029369
v -7.436264 0.000004 -9.795023
v -6.750709 -1.029568 -8.855950
v -1.147633 1.147627 20.252153
v -2.641807 -0.000006 19.548683
v -1.352630 -0.000008 22.950724
v 2.641805 -0.000006 19.548685
v 1.147633 1.147627 20.252153
v 1.352630 -0.000008 22.950724
v -1.147633 1.147627 20.252153
v -3.667383 1.519077 18.438902
v -2.641807 -0.000006 19.548683
v -1.147633 1.147627 20.252153
v -2.806892 2.806891 18.438904
v -3.667383 1.519077 18.438902
v 3.667382 1.519077 18.438904
v 1.147633 1.147627 20.252153
v 2.641805 -0.000006 19.548685
v 3.969547 -0.000006 18.438908
v 3.667382 1.519077 18.438904
v 2.641805 -0.000006 19.548685
v 1.519079 3.667378 18.438904
v 0.000000 2.641802 19.548685
v 1.147633 1.147627 20.252153
v 1.519079 3.667378 18.438904
v 1.147633 1.147627 20.252153
v 2.806894 2.806891 18.438904
v -1.147633 1.147627 20.252153
v 0.000000 2.641802 19.548685
v -1.519079 3.667378 18.438904
v 0.000000 2.641802 19.548685
v 0.000000 3.969542 18.438904
v -1.519079 3.667378 18.438904
v 3.667382 1.519077 18.438904
v 2.806894 2.806891 18.438904
v 1.147633 1.147627 20.252153
v 0.000000 3.969542 18.438904
v 0.000000 2.641802 19.548685
v 1.519079 3.667378 18.438904
v -1.147633 1.147627 20.252153
v -1.519079 3.667378 18.438904
v -2.806892 2.806891 18.438904
v -3.667383 1.519077 18.438902
v -3.969548 -0.000006 18.438902
v -2.641807 -0.000006 19.548683
v 0.000000 1.004888 23.199696
v -0.409343 0.409334 23.199696
v 0.409343 0.409334 23.199696
v 0.409343 -0.409350 23.199696
v 1.004896 -0.000008 23.199696
v 0.409343 0.409334 23.199696
v -6.280072 -0.694448 -10.143552
v -5.581947 -1.177384 -9.545617
v -6.750709 -1.029568 -8.855950
v -7.436264 0.000004 -9.795023
v -6.280072 -0.694448 -10.143552
v -6.750709 -1.029568 -8.855950
v 6.280072 0.694456 -10.143552
v -6.280072 -0.694448 -10.143552
v 1.868930 -1.496781 -15.597277
vt 0.6405 0.1338
vt 0.6541 0.0903
vt 0.6135 0.0873
vt 0.6024 0.1368
vt 0.5613 0.1494
vt 0.5982 0.1876
vt 0.5581 0.2028
vt 0.6135 0.0873
vt 0.5784 0.0441
vt 0.5696 0.0972
vt 0.5613 0.1494
vt 0.5110 0.1651
vt 0.5581 0.2028
vt 0.5236 0.2167
vt 0.5784 0.0441
vt 0.5696 0.0972
vt 0.5110 0.1651
vt 0.5581 0.2028
vt 0.5236 0.2167
vt 0.5696 0.0972
vt 0.5784 0.0441
vt 0.6135 0.0873
vt 0.5613 0.1494
vt 0.6024 0.1368
vt 0.5982 0.1876
vt 0.5071 0.1130
vt 0.5784 0.0441
vt 0.5581 0.2028
vt 0.5696 0.0972
vt 0.5784 0.0441
vt 0.6135 0.0873
vt 0.5613 0.1494
vt 0.6024 0.1368
vt 0.5982 0.1876
vt 0.5071 0.1130
vt 0.5784 0.0441
vt 0.5581 0.2028
vt 0.6024 0.1368
vt 0.6343 0.1819
vt 0.6405 0.1338
vt 0.6541 0.0903
vt 0.6292 0.0432
vt 0.6541 0.0903
vt 0.6405 0.1338
vt 0.6343 0.1819
vt 0.6292 0.0432
vt 0.6541 0.0903
vt 0.6405 0.1338
vt 0.6838 0.1289
vt 0.0875 0.8834
vt 0.1155 0.8834
vt 0.1155 0.9555
vt 0.0875 0.9555
vt 0.0875 0.8834
vt 0.7023 0.0709
vt 0.6838 0.1289
vt 0.6703 0.0482
vt 0.5784 0.0441
vt 0.6838 0.1289
vt 0.7023 0.0709
vt 0.6703 0.0482
vt 0.5784 0.0441
vt 0.5932 0.9457
vt 0.5607 0.9473
vt 0.5649 0.9998
vt 0.5970 0.9998
vt 0.6333 0.9520
vt 0.5932 0.9457
vt 0.5970 0.9998
vt 0.6333 0.9998
vt 0.6642 0.9419
vt 0.6333 0.9520
vt 0.6333 0.9998
vt 0.6642 0.9998
vt 0.4736 0.5504
vt 0.4736 0.5084
vt 0.4272 0.5084
vt 0.4272 0.5504
vt 0.4736 0.5504
vt 0.4272 0.5504
vt 0.4272 0.5922
vt 0.4736 0.5922
vt 0.4736 0.5922
vt 0.4272 0.5922
vt 0.4272 0.6342
vt 0.4736 0.6342
vt 0.4736 0.6760
vt 0.4736 0.6342
vt 0.4272 0.6342
vt 0.4272 0.6760
vt 0.4736 0.7263
vt 0.4736 0.6760
vt 0.4272 0.6760
vt 0.4272 0.7263
vt 0.4272 0.7263
vt 0.4272 0.6760
vt 0.3764 0.6760
vt 0.3764 0.7263
vt 0.6243 0.5051
vt 0.6243 0.4666
vt 0.5683 0.4666
vt 0.5683 0.5051
vt 0.6243 0.5504
vt 0.6243 0.5084
vt 0.5683 0.5084
vt 0.5683 0.5504
vt 0.6243 0.5504
vt 0.5683 0.5504
vt 0.5683 0.5922
vt 0.6243 0.5922
vt 0.6243 0.5922
vt 0.5683 0.5922
vt 0.5683 0.6342
vt 0.6243 0.6342
vt 0.6243 0.6760
vt 0.6243 0.6342
vt 0.5683 0.6342
vt 0.5683 0.6760
vt 0.6243 0.7263
vt 0.6243 0.6760
vt 0.5683 0.6760
vt 0.5683 0.7263
vt 0.5683 0.5504
vt 0.5683 0.5084
vt 0.5177 0.5084
vt 0.5177 0.5504
vt 0.5683 0.5504
vt 0.5177 0.5504
vt 0.5177 0.5922
vt 0.5683 0.5922
vt 0.5683 0.5922
vt 0.5177 0.5922
vt 0.5177 0.6342
vt 0.5683 0.6342
vt 0.5683 0.6760
vt 0.5683 0.6342
vt 0.5177 0.6342
vt 0.5177 0.6760
vt 0.3764 0.6342
vt 0.4272 0.6342
vt 0.4272 0.5922
vt 0.3764 0.5922
vt 0.3764 0.5504
vt 0.3764 0.5922
vt 0.4272 0.5922
vt 0.4272 0.5504
vt 0.3764 0.6760
vt 0.4272 0.6760
vt 0.4272 0.6342
vt 0.3764 0.6342
vt 0.3764 0.5084
vt 0.3764 0.5504
vt 0.4272 0.5504
vt 0.4272 0.5084
vt 0.3764 0.5922
vt 0.3268 0.5922
vt 0.3268 0.6342
vt 0.3764 0.6342
vt 0.3764 0.5504
vt 0.3268 0.5504
vt 0.3268 0.5922
vt 0.3764 0.5922
vt 0.3764 0.6342
vt 0.3268 0.6342
vt 0.3268 0.6760
vt 0.3764 0.6760
vt 0.3764 0.5504
vt 0.3764 0.5084
vt 0.3268 0.5084
vt 0.3268 0.5504
vt 0.5177 0.6760
vt 0.5177 0.7263
vt 0.5683 0.7263
vt 0.5683 0.6760
vt 0.5177 0.5051
vt 0.5683 0.5051
vt 0.5683 0.4666
vt 0.5177 0.4666
vt 0.5177 0.6760
vt 0.4736 0.6760
vt 0.4736 0.7263
vt 0.5177 0.7263
vt 0.5177 0.5051
vt 0.5177 0.4666
vt 0.4535 0.4668
vt 0.4736 0.5051
vt 0.5177 0.5922
vt 0.4736 0.5922
vt 0.4736 0.6342
vt 0.5177 0.6342
vt 0.5177 0.5504
vt 0.4736 0.5504
vt 0.4736 0.5922
vt 0.5177 0.5922
vt 0.5177 0.6342
vt 0.4736 0.6342
vt 0.4736 0.6760
vt 0.5177 0.6760
vt 0.3764 0.6760
vt 0.3268 0.6760
vt 0.3268 0.7263
vt 0.3764 0.7263
vt 0.5177 0.5084
vt 0.4736 0.5084
vt 0.4736 0.5504
vt 0.5177 0.5504
vt 0.5649 0.9998
vt 0.5607 0.9473
vt 0.5932 0.9457
vt 0.5970 0.9998
vt 0.5970 0.9998
vt 0.5932 0.9457
vt 0.6333 0.9520
vt 0.6333 0.9998
vt 0.6333 0.9998
vt 0.6333 0.9520
vt 0.6642 0.9419
vt 0.6642 0.9998
vt 0.4272 0.5084
vt 0.4736 0.5084
vt 0.4736 0.5504
vt 0.4272 0.5504
vt 0.4272 0.5922
vt 0.4272 0.5504
vt 0.4736 0.5504
vt 0.4736 0.5922
vt 0.4272 0.6342
vt 0.4272 0.5922
vt 0.4736 0.5922
vt 0.4736 0.6342
vt 0.4272 0.6342
vt 0.4736 0.6342
vt 0.4736 0.6760
vt 0.4272 0.6760
vt 0.4272 0.6760
vt 0.4736 0.6760
vt 0.4736 0.7263
vt 0.4272 0.7263
vt 0.3764 0.6760
vt 0.4272 0.6760
vt 0.4272 0.7263
vt 0.3764 0.7263
vt 0.5683 0.4666
vt 0.6243 0.4666
vt 0.6243 0.5051
vt 0.5683 0.5051
vt 0.5683 0.5084
vt 0.6243 0.5084
vt 0.6243 0.5504
vt 0.5683 0.5504
vt 0.5683 0.5922
vt 0.5683 0.5504
vt 0.6243 0.5504
vt 0.6243 0.5922
vt 0.5683 0.6342
vt 0.5683 0.5922
vt 0.6243 0.5922
vt 0.6243 0.6342
vt 0.5683 0.6342
vt 0.6243 0.6342
vt 0.6243 0.6760
vt 0.5683 0.6760
vt 0.5683 0.6760
vt 0.6243 0.6760
vt 0.6243 0.7263
vt 0.5683 0.7263
vt 0.5177 0.5084
vt 0.5683 0.5084
vt 0.5683 0.5504
vt 0.5177 0.5504
vt 0.5177 0.5922
vt 0.5177 0.5504
vt 0.5683 0.5504
vt 0.5683 0.5922
vt 0.5177 0.6342
vt 0.5177 0.5922
vt 0.5683 0.5922
vt 0.5683 0.6342
vt 0.5177 0.6342
vt 0.5683 0.6342
vt 0.5683 0.6760
vt 0.5177 0.6760
vt 0.5581 0.2028
vt 0.5982 0.1876
vt 0.4272 0.5922
vt 0.4272 0.6342
vt 0.3764 0.6342
vt 0.3764 0.5922
vt 0.4272 0.5922
vt 0.3764 0.5922
vt 0.3764 0.5504
vt 0.4272 0.5504
vt 0.4272 0.6342
vt 0.4272 0.6760
vt 0.3764 0.6760
vt 0.3764 0.6342
vt 0.4272 0.5504
vt 0.3764 0.5504
vt 0.3764 0.5084
vt 0.4272 0.5084
vt 0.3268 0.6342
vt 0.3268 0.5922
vt 0.3764 0.5922
vt 0.3764 0.6342
vt 0.3268 0.5922
vt 0.3268 0.5504
vt 0.3764 0.5504
vt 0.3764 0.5922
vt 0.3268 0.6760
vt 0.3268 0.6342
vt 0.3764 0.6342
vt 0.3764 0.6760
vt 0.3268 0.5084
vt 0.3764 0.5084
vt 0.3764 0.5504
vt 0.3268 0.5504
vt 0.5683 0.7263
vt 0.5177 0.7263
vt 0.5177 0.6760
vt 0.5683 0.6760
vt 0.5683 0.4666
vt 0.5683 0.5051
vt 0.5177 0.5051
vt 0.5177 0.4666
vt 0.4736 0.7263
vt 0.4736 0.6760
vt 0.5177 0.6760
vt 0.5177 0.7263
vt 0.4535 0.4668
vt 0.5177 0.4666
vt 0.5177 0.5051
vt 0.4736 0.5051
vt 0.4736 0.6342
vt 0.4736 0.5922
vt 0.5177 0.5922
vt 0.5177 0.6342
vt 0.4736 0.5922
vt 0.4736 0.5504
vt 0.5177 0.5504
vt 0.5177 0.5922
vt 0.4736 0.6760
vt 0.4736 0.6342
vt 0.5177 0.6342
vt 0.5177 0.6760
vt 0.3268 0.7263
vt 0.3268 0.6760
vt 0.3764 0.6760
vt 0.3764 0.7263
vt 0.4736 0.5504
vt 0.4736 0.5084
vt 0.5177 0.5084
vt 0.5177 0.5504
vt 0.5649 0.9998
vt 0.5607 0.9473
vt 0.5932 0.9457
vt 0.5970 0.9998
vt 0.5970 0.9998
vt 0.5932 0.9457
vt 0.6333 0.9520
vt 0.6333 0.9998
vt 0.6333 0.9998
vt 0.6333 0.9520
vt 0.6642 0.9419
vt 0.6642 0.9998
vt 0.4272 0.5084
vt 0.4736 0.5084
vt 0.4736 0.5504
vt 0.4272 0.5504
vt 0.4272 0.5922
vt 0.4272 0.5504
vt 0.4736 0.5504
vt 0.4736 0.5922
vt 0.4272 0.6342
vt 0.4272 0.5922
vt 0.4736 0.5922
vt 0.4736 0.6342
vt 0.4272 0.6342
vt 0.4736 0.6342
vt 0.4736 0.6760
vt 0.4272 0.6760
vt 0.4272 0.6760
vt 0.4736 0.6760
vt 0.4736 0.7263
vt 0.4272 0.7263
vt 0.3764 0.6760
vt 0.4272 0.6760
vt 0.4272 0.7263
vt 0.3764 0.7263
vt 0.5683 0.4666
vt 0.6243 0.4666
vt 0.6243 0.5051
vt 0.5683 0.5051
vt 0.5683 0.5084
vt 0.6243 0.5084
vt 0.6243 0.5504
vt 0.5683 0.5504
vt 0.5683 0.5922
vt 0.5683 0.5504
vt 0.6243 0.5504
vt 0.6243 0.5922
vt 0.5683 0.6342
vt 0.5683 0.5922
vt 0.6243 0.5922
vt 0.6243 0.6342
vt 0.5683 0.6342
vt 0.6243 0.6342
vt 0.6243 0.6760
vt 0.5683 0.6760
vt 0.5683 0.6760
vt 0.6243 0.6760
vt 0.6243 0.7263
vt 0.5683 0.7263
vt 0.5177 0.5084
vt 0.5683 0.5084
vt 0.5683 0.5504
vt 0.5177 0.5504
vt 0.5177 0.5922
vt 0.5177 0.5504
vt 0.5683 0.5504
vt 0.5683 0.5922
vt 0.5177 0.6342
vt 0.5177 0.5922
vt 0.5683 0.5922
vt 0.5683 0.6342
vt 0.5177 0.6342
vt 0.5683 0.6342
vt 0.5683 0.6760
vt 0.5177 0.6760
vt 0.4272 0.5922
vt 0.4272 0.6342
vt 0.3764 0.6342
vt 0.3764 0.5922
vt 0.4272 0.5922
vt 0.3764 0.5922
vt 0.3764 0.5504
vt 0.4272 0.5504
vt 0.4272 0.6342
vt 0.4272 0.6760
vt 0.3764 0.6760
vt 0.3764 0.6342
vt 0.4272 0.5504
vt 0.3764 0.5504
vt 0.3764 0.5084
vt 0.4272 0.5084
vt 0.3268 0.6342
vt 0.3268 0.5922
vt 0.3764 0.5922
vt 0.3764 0.6342
vt 0.3268 0.5922
vt 0.3268 0.5504
vt 0.3764 0.5504
vt 0.3764 0.5922
vt 0.3268 0.6760
vt 0.3268 0.6342
vt 0.3764 0.6342
vt 0.3764 0.6760
vt 0.3268 0.5084
vt 0.3764 0.5084
vt 0.3764 0.5504
vt 0.3268 0.5504
vt 0.5683 0.7263
vt 0.5177 0.7263
vt 0.5177 0.6760
vt 0.5683 0.6760
vt 0.5683 0.4666
vt 0.5683 0.5051
vt 0.5177 0.5051
vt 0.5177 0.4666
vt 0.4736 0.7263
vt 0.4736 0.6760
vt 0.5177 0.6760
vt 0.5177 0.7263
vt 0.4535 0.4668
vt 0.5177 0.4666
vt 0.5177 0.5051
vt 0.4736 0.5051
vt 0.4736 0.6342
vt 0.4736 0.5922
vt 0.5177 0.5922
vt 0.5177 0.6342
vt 0.4736 0.5922
vt 0.4736 0.5504
vt 0.5177 0.5504
vt 0.5177 0.5922
vt 0.4736 0.6760
vt 0.4736 0.6342
vt 0.5177 0.6342
vt 0.5177 0.6760
vt 0.3268 0.7263
vt 0.3268 0.6760
vt 0.3764 0.6760
vt 0.3764 0.7263
vt 0.4736 0.5504
vt 0.4736 0.5084
vt 0.5177 0.5084
vt 0.5177 0.5504
vt 0.5932 0.9457
vt 0.5607 0.9473
vt 0.5649 0.9998
vt 0.5970 0.9998
vt 0.6333 0.9520
vt 0.5932 0.9457
vt 0.5970 0.9998
vt 0.6333 0.9998
vt 0.6642 0.9419
vt 0.6333 0.9520
vt 0.6333 0.9998
vt 0.6642 0.9998
vt 0.4736 0.5504
vt 0.4736 0.5084
vt 0.4272 0.5084
vt 0.4272 0.5504
vt 0.4736 0.5504
vt 0.4272 0.5504
vt 0.4272 0.5922
vt 0.4736 0.5922
vt 0.4736 0.5922
vt 0.4272 0.5922
vt 0.4272 0.6342
vt 0.4736 0.6342
vt 0.4736 0.6760
vt 0.4736 0.6342
vt 0.4272 0.6342
vt 0.4272 0.6760
vt 0.4736 0.7263
vt 0.4736 0.6760
vt 0.4272 0.6760
vt 0.4272 0.7263
vt 0.4272 0.7263
vt 0.4272 0.6760
vt 0.3764 0.6760
vt 0.3764 0.7263
vt 0.6243 0.5051
vt 0.6243 0.4666
vt 0.5683 0.4666
vt 0.5683 0.5051
vt 0.6243 0.5504
vt 0.6243 0.5084
vt 0.5683 0.5084
vt 0.5683 0.5504
vt 0.6243 0.5504
vt 0.5683 0.5504
vt 0.5683 0.5922
vt 0.6243 0.5922
vt 0.6243 0.5922
vt 0.5683 0.5922
vt 0.5683 0.6342
vt 0.6243 0.6342
vt 0.6243 0.6760
vt 0.6243 0.6342
vt 0.5683 0.6342
vt 0.5683 0.6760
vt 0.6243 0.7263
vt 0.6243 0.6760
vt 0.5683 0.6760
vt 0.5683 0.7263
vt 0.5683 0.5504
vt 0.5683 0.5084
vt 0.5177 0.5084
vt 0.5177 0.5504
vt 0.5683 0.5504
vt 0.5177 0.5504
vt 0.5177 0.5922
vt 0.5683 0.5922
vt 0.5683 0.5922
vt 0.5177 0.5922
vt 0.5177 0.6342
vt 0.5683 0.6342
vt 0.5683 0.6760
vt 0.5683 0.6342
vt 0.5177 0.6342
vt 0.5177 0.6760
vt 0.3764 0.6342
vt 0.4272 0.6342
vt 0.4272 0.5922
vt 0.3764 0.5922
vt 0.3764 0.5504
vt 0.3764 0.5922
vt 0.4272 0.5922
vt 0.4272 0.5504
vt 0.3764 0.6760
vt 0.4272 0.6760
vt 0.4272 0.6342
vt 0.3764 0.6342
vt 0.3764 0.5084
vt 0.3764 0.5504
vt 0.4272 0.5504
vt 0.4272 0.5084
vt 0.3764 0.5922
vt 0.3268 0.5922
vt 0.3268 0.6342
vt 0.3764 0.6342
vt 0.3764 0.5504
vt 0.3268 0.5504
vt 0.3268 0.5922
vt 0.3764 0.5922
vt 0.3764 0.6342
vt 0.3268 0.6342
vt 0.3268 0.6760
vt 0.3764 0.6760
vt 0.3764 0.5504
vt 0.3764 0.5084
vt 0.3268 0.5084
vt 0.3268 0.5504
vt 0.5177 0.6760
vt 0.5177 0.7263
vt 0.5683 0.7263
vt 0.5683 0.6760
vt 0.5177 0.5051
vt 0.5683 0.5051
vt 0.5683 0.4666
vt 0.5177 0.4666
vt 0.5177 0.6760
vt 0.4736 0.6760
vt 0.4736 0.7263
vt 0.5177 0.7263
vt 0.5177 0.5051
vt 0.5177 0.4666
vt 0.4535 0.4668
vt 0.4736 0.5051
vt 0.1201 0.8484
vt 0.1201 0.8068
vt 0.1556 0.8068
vt 0.1556 0.8484
vt 0.0135 0.8484
vt 0.0135 0.8068
vt 0.0490 0.8068
vt 0.0490 0.8484
vt 0.0490 0.8484
vt 0.0490 0.8068
vt 0.0845 0.8068
vt 0.0845 0.8484
vt 0.0845 0.8484
vt 0.0845 0.8068
vt 0.1201 0.8068
vt 0.1201 0.8484
vt 0.1556 0.0001
vt 0.1911 0.0001
vt 0.1911 0.7736
vt 0.1556 0.7736
vt 0.2621 0.0001
vt 0.2977 0.0001
vt 0.2977 0.7736
vt 0.2621 0.7736
vt 0.2266 0.0001
vt 0.2621 0.0001
vt 0.2621 0.7736
vt 0.2266 0.7736
vt 0.1911 0.0001
vt 0.2266 0.0001
vt 0.2266 0.7736
vt 0.1911 0.7736
vt 0.1201 0.0001
vt 0.1556 0.0001
vt 0.1556 0.7736
vt 0.1201 0.7736
vt 0.0135 0.0001
vt 0.0490 0.0001
vt 0.0490 0.7736
vt 0.0135 0.7736
vt 0.0490 0.0001
vt 0.0845 0.0001
vt 0.0845 0.7736
vt 0.0490 0.7736
vt 0.0845 0.0001
vt 0.1201 0.0001
vt 0.1201 0.7736
vt 0.0845 0.7736
vt 0.1201 0.0001
vt 0.1556 0.0001
vt 0.1556 0.7736
vt 0.1201 0.7736
vt 0.0135 0.0001
vt 0.0490 0.0001
vt 0.0490 0.7736
vt 0.0135 0.7736
vt 0.0490 0.0001
vt 0.0845 0.0001
vt 0.0845 0.7736
vt 0.0490 0.7736
vt 0.0845 0.0001
vt 0.1201 0.0001
vt 0.1201 0.7736
vt 0.0845 0.7736
vt 0.1556 0.0001
vt 0.1911 0.0001
vt 0.1911 0.7736
vt 0.1556 0.7736
vt 0.2621 0.0001
vt 0.2977 0.0001
vt 0.2977 0.7736
vt 0.2621 0.7736
vt 0.2266 0.0001
vt 0.2621 0.0001
vt 0.2621 0.7736
vt 0.2266 0.7736
vt 0.1911 0.0001
vt 0.2266 0.0001
vt 0.2266 0.7736
vt 0.1911 0.7736
vt 1.0964 0.9601
vt 1.1044 1.0000
vt 1.0643 1.0000
vt 1.0594 0.9754
vt 1.0000 0.8956
vt 1.0399 0.9036
vt 1.0246 0.9406
vt 1.0000 0.9357
vt 1.0399 0.9036
vt 1.0738 0.9262
vt 1.0455 0.9545
vt 1.0246 0.9406
vt 1.0738 0.9262
vt 1.0964 0.9601
vt 1.0594 0.9754
vt 1.0455 0.9545
vt 1.1044 1.0000
vt 1.0964 1.0399
vt 1.0594 1.0246
vt 1.0643 1.0000
vt 1.0399 1.0964
vt 1.0000 1.1044
vt 1.0000 1.0643
vt 1.0246 1.0594
vt 1.0738 1.0738
vt 1.0399 1.0964
vt 1.0246 1.0594
vt 1.0455 1.0455
vt 1.0964 1.0399
vt 1.0738 1.0738
vt 1.0455 1.0455
vt 1.0594 1.0246
vt 0.8956 1.0000
vt 0.9036 0.9601
vt 0.9406 0.9754
vt 0.9357 1.0000
vt 0.9601 0.9036
vt 1.0000 0.8956
vt 1.0000 0.9357
vt 0.9754 0.9406
vt 0.9262 0.9262
vt 0.9601 0.9036
vt 0.9754 0.9406
vt 0.9545 0.9545
vt 0.9036 0.9601
vt 0.9262 0.9262
vt 0.9545 0.9545
vt 0.9406 0.9754
vt 0.9036 1.0399
vt 0.8956 1.0000
vt 0.9357 1.0000
vt 0.9406 1.0246
vt 1.0000 1.1044
vt 0.9601 1.0964
vt 0.9754 1.0594
vt 1.0000 1.0643
vt 0.9601 1.0964
vt 0.9262 1.0738
vt 0.9545 1.0455
vt 0.9754 1.0594
vt 0.9262 1.0738
vt 0.9036 1.0399
vt 0.9406 1.0246
vt 0.9545 1.0455
vt 0.1556 0.8068
vt 0.1201 0.8068
vt 0.1201 0.8484
vt 0.1556 0.8484
vt 0.0490 0.8068
vt 0.0135 0.8068
vt 0.0135 0.8484
vt 0.0490 0.8484
vt 0.0845 0.8068
vt 0.0490 0.8068
vt 0.0490 0.8484
vt 0.0845 0.8484
vt 0.1201 0.8068
vt 0.0845 0.8068
vt 0.0845 0.8484
vt 0.1201 0.8484
vt 0.1201 0.8068
vt 0.1556 0.8068
vt 0.1556 0.8484
vt 0.1201 0.8484
vt 0.0135 0.8068
vt 0.0490 0.8068
vt 0.0490 0.8484
vt 0.0135 0.8484
vt 0.0490 0.8068
vt 0.0845 0.8068
vt 0.0845 0.8484
vt 0.0490 0.8484
vt 0.0845 0.8068
vt 0.1201 0.8068
vt 0.1201 0.8484
vt 0.0845 0.8484
vt 0.1201 0.8068
vt 0.1556 0.8068
vt 0.1556 0.8484
vt 0.1201 0.8484
vt 0.0135 0.8068
vt 0.0490 0.8068
vt 0.0490 0.8484
vt 0.0135 0.8484
vt 0.0490 0.8068
vt 0.0845 0.8068
vt 0.0845 0.8484
vt 0.0490 0.8484
vt 0.0845 0.8068
vt 0.1201 0.8068
vt 0.1201 0.8484
vt 0.0845 0.8484
vt 0.1556 0.8068
vt 0.1201 0.8068
vt 0.1201 0.8484
vt 0.1556 0.8484
vt 0.0490 0.8068
vt 0.0135 0.8068
vt 0.0135 0.8484
vt 0.0490 0.8484
vt 0.0845 0.8068
vt 0.0490 0.8068
vt 0.0490 0.8484
vt 0.0845 0.8484
vt 0.5177 0.5922
vt 0.4736 0.5922
vt 0.4736 0.6342
vt 0.5177 0.6342
vt 0.8300 0.3597
vt 0.8300 0.3093
vt 0.8911 0.3093
vt 0.8911 0.3597
vt 0.8300 0.2148
vt 0.8300 0.1657
vt 0.8911 0.1657
vt 0.8911 0.2148
vt 0.8300 0.2616
vt 0.8300 0.2148
vt 0.8911 0.2148
vt 0.8911 0.2616
vt 0.8300 0.3093
vt 0.8300 0.2616
vt 0.8911 0.2616
vt 0.8911 0.3093
vt 0.8298 0.3093
vt 0.8298 0.3597
vt 0.8154 0.3597
vt 0.8154 0.3093
vt 0.8298 0.1657
vt 0.8298 0.2148
vt 0.8154 0.2148
vt 0.8154 0.1657
vt 0.8298 0.2148
vt 0.8298 0.2616
vt 0.8154 0.2616
vt 0.8154 0.2148
vt 0.8298 0.2616
vt 0.8298 0.3093
vt 0.8154 0.3093
vt 0.8154 0.2616
vt 0.8911 0.3093
vt 0.8300 0.3093
vt 0.8300 0.3597
vt 0.8911 0.3597
vt 0.8911 0.1657
vt 0.8300 0.1657
vt 0.8300 0.2148
vt 0.8911 0.2148
vt 0.8911 0.2148
vt 0.8300 0.2148
vt 0.8300 0.2616
vt 0.8911 0.2616
vt 0.8911 0.2616
vt 0.8300 0.2616
vt 0.8300 0.3093
vt 0.8911 0.3093
vt 0.8154 0.3597
vt 0.8298 0.3597
vt 0.8298 0.3093
vt 0.8154 0.3093
vt 0.8154 0.2148
vt 0.8298 0.2148
vt 0.8298 0.1657
vt 0.8154 0.1657
vt 0.8154 0.2616
vt 0.8298 0.2616
vt 0.8298 0.2148
vt 0.8154 0.2148
vt 0.8154 0.3093
vt 0.8298 0.3093
vt 0.8298 0.2616
vt 0.8154 0.2616
vt 0.1463 0.8834
vt 0.1766 0.8834
vt 0.1766 0.9555
vt 0.1463 0.9555
vt 0.0875 0.8834
vt -0.0001 0.9555
vt -0.0001 0.8834
vt 0.1155 0.8834
vt 0.1463 0.8834
vt 0.1463 0.9555
vt 0.1155 0.9555
vt 0.4820 0.3583
vt 0.4733 0.4451
vt 0.3876 0.3952
vt 0.4146 0.3092
vt 0.6343 0.1819
vt 0.5161 0.2612
vt 0.4953 0.2991
vt 0.4421 0.2531
vt 0.4726 0.2078
vt 0.1463 0.9555
vt 0.1463 0.8834
vt 0.1155 0.8834
vt 0.1463 0.8834
vt 0.1766 0.8834
vt 0.1766 0.9555
vt 0.1463 0.9555
vt 0.3876 0.3952
vt 0.4733 0.4451
vt 0.4820 0.3583
vt 0.4146 0.3092
vt 0.1155 0.8834
vt 0.1463 0.8834
vt 0.1463 0.9555
vt 0.4820 0.3583
vt 0.4733 0.4451
vt 0.3876 0.3952
vt 0.4146 0.3092
vt 0.5177 0.6342
vt 0.4736 0.6342
vt 0.4736 0.6760
vt 0.5177 0.6760
vt 0.5161 0.2612
vt 0.4953 0.2991
vt 0.4421 0.2531
vt 0.4726 0.2078
vt -0.0001 0.9555
vt 0.0875 0.8834
vt -0.0001 0.8834
vt 0.4421 0.2531
vt 0.4953 0.2991
vt 0.5161 0.2612
vt 0.4726 0.2078
vt 0.9572 0.3163
vt 0.9124 0.3163
vt 0.9124 0.3259
vt 0.9572 0.3256
vt 0.9967 0.3163
vt 0.9572 0.3163
vt 0.9572 0.3256
vt 0.9967 0.3259
vt 0.9572 0.3163
vt 0.9967 0.3163
vt 0.9967 0.3259
vt 0.9572 0.3256
vt 0.9124 0.3163
vt 0.9572 0.3163
vt 0.9572 0.3256
vt 0.9124 0.3259
vt 0.1766 0.9555
vt 0.1766 0.8834
vt 0.1463 0.8834
vt 0.1463 0.9555
vt 0.5177 0.5084
vt 0.4736 0.5084
vt 0.4736 0.5504
vt 0.5177 0.5504
vt 0.1463 0.9555
vt 0.1463 0.8834
vt 0.1155 0.8834
vt 0.3876 0.3952
vt 0.4733 0.4451
vt 0.4820 0.3583
vt 0.4146 0.3092
vt 0.8911 0.3093
vt 0.8300 0.3093
vt 0.8300 0.3597
vt 0.8911 0.3597
vt 0.8911 0.1657
vt 0.8300 0.1657
vt 0.8300 0.2148
vt 0.8911 0.2148
vt 0.8911 0.2148
vt 0.8300 0.2148
vt 0.8300 0.2616
vt 0.8911 0.2616
vt 0.8911 0.2616
vt 0.8300 0.2616
vt 0.8300 0.3093
vt 0.8911 0.3093
vt 0.8154 0.3597
vt 0.8298 0.3597
vt 0.8298 0.3093
vt 0.8154 0.3093
vt 0.8154 0.2148
vt 0.8298 0.2148
vt 0.8298 0.1657
vt 0.8154 0.1657
vt 0.8154 0.2616
vt 0.8298 0.2616
vt 0.8298 0.2148
vt 0.8154 0.2148
vt 0.8154 0.3093
vt 0.8298 0.3093
vt 0.8298 0.2616
vt 0.8154 0.2616
vt 0.8300 0.3597
vt 0.8300 0.3093
vt 0.8911 0.3093
vt 0.8911 0.3597
vt 0.8300 0.2148
vt 0.8300 0.1657
vt 0.8911 0.1657
vt 0.8911 0.2148
vt 0.8300 0.2616
vt 0.8300 0.2148
vt 0.8911 0.2148
vt 0.8911 0.2616
vt 0.8300 0.3093
vt 0.8300 0.2616
vt 0.8911 0.2616
vt 0.8911 0.3093
vt 0.8298 0.3093
vt 0.8298 0.3597
vt 0.8154 0.3597
vt 0.8154 0.3093
vt 0.8298 0.1657
vt 0.8298 0.2148
vt 0.8154 0.2148
vt 0.8154 0.1657
vt 0.8298 0.2148
vt 0.8298 0.2616
vt 0.8154 0.2616
vt 0.8154 0.2148
vt 0.8298 0.2616
vt 0.8298 0.3093
vt 0.8154 0.3093
vt 0.8154 0.2616
vt 0.5177 0.5504
vt 0.4736 0.5504
vt 0.4736 0.5922
vt 0.5177 0.5922
vt 0.4421 0.2531
vt 0.4953 0.2991
vt 0.5161 0.2612
vt 0.4726 0.2078
vt -0.0001 0.9555
vt 0.0875 0.9555
vt 0.0875 0.8834
vt -0.0001 0.8834
vt 0.1155 0.8834
vt 0.0875 0.8834
vt 0.3764 0.6760
vt 0.3268 0.6760
vt 0.3268 0.7263
vt 0.3764 0.7263
vt 0.1766 0.9555
vt 0.1766 0.8834
vt 0.1463 0.8834
vt 0.1463 0.9555
vt 0.0875 0.8834
vt -0.0001 0.9555
vt -0.0001 0.8834
vt 0.0875 0.8834
vt 0.1155 0.8834
vt 0.1927 0.9737
vt 0.1927 1.0246
vt 0.2439 1.0246
vt 0.2439 0.9737
vt 0.1927 0.9737
vt 0.1927 1.0246
vt 0.2439 1.0246
vt 0.2439 0.9737
vt 1.0643 1.0000
vt 1.1044 1.0000
vt 1.0964 0.9601
vt 1.0594 0.9754
vt 1.0246 0.9406
vt 1.0399 0.9036
vt 1.0000 0.8956
vt 1.0000 0.9357
vt 1.0455 0.9545
vt 1.0738 0.9262
vt 1.0399 0.9036
vt 1.0246 0.9406
vt 1.0594 0.9754
vt 1.0964 0.9601
vt 1.0738 0.9262
vt 1.0455 0.9545
vt 1.0594 1.0246
vt 1.0964 1.0399
vt 1.1044 1.0000
vt 1.0643 1.0000
vt 1.0000 1.0643
vt 1.0000 1.1044
vt 1.0399 1.0964
vt 1.0246 1.0594
vt 0.9124 0.3259
vt 0.9124 0.3163
vt 0.9572 0.3163
vt 0.9572 0.3256
vt 0.9572 0.3256
vt 0.9572 0.3163
vt 0.9967 0.3163
vt 0.9967 0.3259
vt 0.9967 0.3259
vt 0.9967 0.3163
vt 0.9572 0.3163
vt 0.9572 0.3256
vt 0.9572 0.3256
vt 0.9572 0.3163
vt 0.9124 0.3163
vt 0.9124 0.3259
vt 1.0246 1.0594
vt 1.0399 1.0964
vt 1.0738 1.0738
vt 1.0455 1.0455
vt 1.0455 1.0455
vt 1.0738 1.0738
vt 1.0964 1.0399
vt 1.0594 1.0246
vt 0.9406 0.9754
vt 0.9036 0.9601
vt 0.8956 1.0000
vt 0.9357 1.0000
vt 1.0000 0.9357
vt 1.0000 0.8956
vt 0.9601 0.9036
vt 0.9754 0.9406
vt 0.9554 0.2451
vt 0.9996 0.2893
vt 1.0438 0.2451
vt 0.9996 0.2009
vt 0.9754 0.9406
vt 0.9601 0.9036
vt 0.9262 0.9262
vt 0.9545 0.9545
vt 0.1201 0.8068
vt 0.0845 0.8068
vt 0.0845 0.8484
vt 0.1201 0.8484
vt 0.9545 0.9545
vt 0.9262 0.9262
vt 0.9036 0.9601
vt 0.9406 0.9754
vt 0.9357 1.0000
vt 0.8956 1.0000
vt 0.9036 1.0399
vt 0.9406 1.0246
vt 0.5286 0.4518
vt 0.5286 0.2837
vt 0.5457 0.2836
vt 0.5457 0.4490
vt 0.5457 0.4490
vt 0.5457 0.2836
vt 0.6385 0.2836
vt 0.6389 0.4033
vt 0.9754 1.0594
vt 0.9601 1.0964
vt 1.0000 1.1044
vt 1.0000 1.0643
vt 0.9545 1.0455
vt 0.9262 1.0738
vt 0.9601 1.0964
vt 0.9754 1.0594
vt 1.0009 0.6292
vt 0.9830 0.6174
vt 0.8657 0.7066
vt 0.9373 0.7567
vt 0.9406 1.0246
vt 0.9036 1.0399
vt 0.9262 1.0738
vt 0.9545 1.0455
vt 0.9768 0.5029
vt 0.7777 0.5574
vt 0.8120 0.6378
vt 0.9911 0.5325
vt 0.9727 0.4718
vt 0.7663 0.4708
vt 0.7777 0.5574
vt 0.9768 0.5029
vt 0.1201 0.8484
vt 0.1201 0.8068
vt 0.1556 0.8068
vt 0.1556 0.8484
vt 0.5457 0.2836
vt 0.5285 0.2837
vt 0.5285 0.4518
vt 0.5457 0.4490
vt 0.6385 0.2836
vt 0.5457 0.2836
vt 0.5457 0.4490
vt 0.6389 0.4033
vt 0.0135 0.8484
vt 0.0135 0.8068
vt 0.0490 0.8068
vt 0.0490 0.8484
vt 0.0490 0.8484
vt 0.0490 0.8068
vt 0.0845 0.8068
vt 0.0845 0.8484
vt 0.8681 0.7037
vt 0.9830 0.6174
vt 1.0009 0.6292
vt 0.9397 0.7537
vt 0.0845 0.8484
vt 0.0845 0.8068
vt 0.1201 0.8068
vt 0.1201 0.8484
vt 0.8164 0.6363
vt 0.7802 0.5574
vt 0.9768 0.5029
vt 0.9911 0.5325
vt 0.7802 0.5574
vt 0.7687 0.4708
vt 0.9727 0.4718
vt 0.9768 0.5029
vt -0.0024 1.0247
vt -0.0024 0.9736
vt 0.0633 0.9736
vt 0.0633 1.0247
vt 0.0633 1.0247
vt 0.0633 0.9736
vt 0.1315 0.9736
vt 0.1315 1.0247
vt 0.1315 1.0247
vt 0.1315 0.9736
vt 0.1927 0.9737
vt 0.1927 1.0246
vt 0.1927 1.0246
vt 0.1927 0.9737
vt 0.2439 0.9737
vt 0.2439 1.0246
vt 0.4526 0.9919
vt 0.4526 0.8974
vt 0.5015 0.8974
vt 0.5015 0.9919
vt 0.3892 0.9919
vt 0.3892 0.8974
vt 0.4526 0.8974
vt 0.4526 0.9919
vt 0.3210 0.9919
vt 0.3210 0.8974
vt 0.3892 0.8974
vt 0.3892 0.9919
vt 0.2553 0.9919
vt 0.2553 0.8974
vt 0.3210 0.8974
vt 0.3210 0.9919
vt 0.0633 0.9736
vt -0.0024 0.9736
vt -0.0024 1.0247
vt 0.0633 1.0247
vt 0.1315 0.9736
vt 0.0633 0.9736
vt 0.0633 1.0247
vt 0.1315 1.0247
vt 0.1927 0.9737
vt 0.1315 0.9736
vt 0.1315 1.0247
vt 0.1927 1.0246
vt 0.5015 0.8974
vt 0.4526 0.8974
vt 0.4526 0.9919
vt 0.5015 0.9919
vt 0.4526 0.8974
vt 0.3892 0.8974
vt 0.3892 0.9919
vt 0.4526 0.9919
vt 0.3892 0.8974
vt 0.3210 0.8974
vt 0.3210 0.9919
vt 0.3892 0.9919
vt 0.3210 0.8974
vt 0.2553 0.8974
vt 0.2553 0.9919
vt 0.3210 0.9919
vt 0.1556 0.8484
vt 0.1556 0.8068
vt 0.1201 0.8068
vt 0.1201 0.8484
vt 0.8657 0.7066
vt 0.9830 0.6174
vt 1.0009 0.6292
vt 0.9373 0.7567
vt 0.0490 0.8484
vt 0.0490 0.8068
vt 0.0135 0.8068
vt 0.0135 0.8484
vt 0.8120 0.6378
vt 0.7777 0.5574
vt 0.9768 0.5029
vt 0.9911 0.5325
vt 0.7777 0.5574
vt 0.7663 0.4708
vt 0.9727 0.4718
vt 0.0845 0.8484
vt 0.0845 0.8068
vt 0.0490 0.8068
vt 0.0490 0.8484
vt 0.9830 0.6174
vt 0.8681 0.7037
vt 0.9397 0.7537
vt 0.1201 0.8484
vt 0.1201 0.8068
vt 0.0845 0.8068
vt 0.0845 0.8484
vt 0.9768 0.5029
vt 0.7802 0.5574
vt 0.8164 0.6363
vt 0.9911 0.5325
vt 0.9727 0.4718
vt 0.7687 0.4708
vt 0.7802 0.5574
vt 0.0633 0.9736
vt -0.0024 0.9736
vt -0.0024 1.0247
vt 0.0633 1.0247
vt 0.1315 0.9736
vt 0.0633 0.9736
vt 0.0633 1.0247
vt 0.1315 1.0247
vt 0.1927 0.9737
vt 0.1315 0.9736
vt 0.1315 1.0247
vt 0.1927 1.0246
vt 0.2439 0.9737
vt 0.1927 0.9737
vt 0.1927 1.0246
vt 0.2439 1.0246
vt 0.5015 0.8974
vt 0.4526 0.8974
vt 0.4526 0.9919
vt 0.5015 0.9919
vt 0.4526 0.8974
vt 0.3892 0.8974
vt 0.3892 0.9919
vt 0.4526 0.9919
vt 0.3892 0.8974
vt 0.3210 0.8974
vt 0.3210 0.9919
vt 0.3892 0.9919
vt 0.3210 0.8974
vt 0.2553 0.8974
vt 0.2553 0.9919
vt 0.3210 0.9919
vt -0.0024 1.0247
vt -0.0024 0.9736
vt 0.0633 0.9736
vt 0.0633 1.0247
vt 0.0633 1.0247
vt 0.0633 0.9736
vt 0.1315 0.9736
vt 0.1315 1.0247
vt 0.1315 1.0247
vt 0.1315 0.9736
vt 0.1927 0.9737
vt 0.1927 1.0246
vt 0.4526 0.9919
vt 0.4526 0.8974
vt 0.5015 0.8974
vt 0.5015 0.9919
vt 0.3892 0.9919
vt 0.3892 0.8974
vt 0.4526 0.8974
vt 0.4526 0.9919
vt 0.3210 0.9919
vt 0.3210 0.8974
vt 0.3892 0.8974
vt 0.3892 0.9919
vt 0.2553 0.9919
vt 0.2553 0.8974
vt 0.3210 0.8974
vt 0.3210 0.9919
vt 0.7593 0.6691
vt 0.6059 0.7692
vt 0.6422 0.8126
vt 0.7593 0.7192
vt 0.9799 0.8266
vt 0.7700 0.6691
vt 0.7700 0.7192
vt 0.9023 0.8266
vt 0.1556 0.8484
vt 0.1556 0.8068
vt 0.1201 0.8068
vt 0.1201 0.8484
vt 0.7648 0.7466
vt 0.7650 0.7296
vt 0.6426 0.8266
vt 0.6578 0.8263
vt 0.4465 0.7691
vt 0.4925 0.8266
vt 0.6379 0.8266
vt 0.5963 0.7692
vt 0.8901 0.8266
vt 0.7650 0.7296
vt 0.7648 0.7466
vt 0.8738 0.8263
vt 0.6407 0.8401
vt 0.6059 0.8798
vt 0.7591 0.9895
vt 0.7595 0.9401
vt 0.7722 0.9374
vt 0.7722 0.9877
vt 0.9799 0.8266
vt 0.9023 0.8266
vt 0.0490 0.8484
vt 0.0490 0.8068
vt 0.0135 0.8068
vt 0.0135 0.8484
vt 0.6426 0.8266
vt 0.7650 0.9351
vt 0.7659 0.9200
vt 0.6578 0.8263
vt 0.6379 0.8266
vt 0.4925 0.8266
vt 0.4465 0.8799
vt 0.5963 0.8798
vt 0.7659 0.9200
vt 0.7650 0.9351
vt 0.8901 0.8266
vt 0.8738 0.8263
vt 0.6422 0.8126
vt 0.6059 0.7692
vt 0.7593 0.6691
vt 0.7593 0.7192
vt 0.7700 0.7192
vt 0.7700 0.6691
vt 0.9799 0.8266
vt 0.9023 0.8266
vt 0.0845 0.8484
vt 0.0845 0.8068
vt 0.0490 0.8068
vt 0.0490 0.8484
vt 0.6426 0.8266
vt 0.7650 0.7296
vt 0.7648 0.7466
vt 0.6578 0.8263
vt 0.6379 0.8266
vt 0.4925 0.8266
vt 0.4465 0.7691
vt 0.5963 0.7692
vt 0.7648 0.7466
vt 0.7650 0.7296
vt 0.8901 0.8266
vt 0.8738 0.8263
vt 0.7591 0.9895
vt 0.6059 0.8798
vt 0.6407 0.8401
vt 0.7595 0.9401
vt 0.9799 0.8266
vt 0.7722 0.9877
vt 0.7722 0.9374
vt 0.9023 0.8266
vt 0.1201 0.8484
vt 0.1201 0.8068
vt 0.0845 0.8068
vt 0.0845 0.8484
vt 0.7659 0.9200
vt 0.7650 0.9351
vt 0.6426 0.8266
vt 0.6578 0.8263
vt 0.4465 0.8799
vt 0.4925 0.8266
vt 0.6379 0.8266
vt 0.5963 0.8798
vt 0.8901 0.8266
vt 0.7650 0.9351
vt 0.7659 0.9200
vt 0.8738 0.8263
vt 0.6838 0.1289
vt 0.7407 0.1542
vt 0.6754 0.1864
vt 0.5649 0.9998
vt 0.5607 0.9473
vt 0.5195 0.9997
vt 0.8657 0.7066
vt 0.9830 0.6174
vt 0.8120 0.6378
vt 0.7101 0.6355
vt 0.7095 0.5543
vt 0.7387 0.5984
vt 0.6642 0.9998
vt 0.7198 0.9998
vt 0.6642 0.9419
vt 0.4272 0.5051
vt 0.4736 0.5051
vt 0.4535 0.4668
vt 0.3764 0.5051
vt 0.4272 0.5051
vt 0.3764 0.4868
vt 0.4272 0.5051
vt 0.4535 0.4668
vt 0.3764 0.4868
vt 0.7387 0.5984
vt 0.7095 0.5543
vt 0.7475 0.5543
vt 0.3764 0.4868
vt 0.3268 0.5051
vt 0.3764 0.5051
vt 0.9830 0.6174
vt 0.9911 0.5325
vt 0.8120 0.6378
vt 0.9830 0.6174
vt 0.8681 0.7037
vt 0.8164 0.6363
vt 0.7095 0.5543
vt 0.7101 0.6355
vt 0.7387 0.5984
vt 0.7095 0.5543
vt 0.7387 0.5984
vt 0.7475 0.5543
vt 0.9911 0.5325
vt 0.9830 0.6174
vt 0.8164 0.6363
vt 0.8657 0.7066
vt 0.8120 0.6378
vt 0.8120 0.6378
vt 0.8681 0.7037
vt 0.8164 0.6363
vt 0.8164 0.6363
vt 0.4465 0.7691
vt 0.4081 0.8266
vt 0.4925 0.8266
vt 0.4081 0.8266
vt 0.4465 0.8799
vt 0.4925 0.8266
vt 0.4081 0.8266
vt 0.4465 0.7691
vt 0.4925 0.8266
vt 0.7621 0.0858
vt 0.7407 0.1542
vt 0.6838 0.1289
vt 0.5581 0.2028
vt 0.5982 0.1876
vt 0.5987 0.2437
vt 0.5385 0.2545
vt 0.5581 0.2028
vt 0.5987 0.2437
vt 0.7883 0.0299
vt 0.7621 0.0858
vt 0.7335 -0.0003
vt 0.7457 0.3605
vt 0.7005 0.3676
vt 0.7348 0.2960
vt 0.6292 0.0432
vt 0.6703 0.0482
vt 0.3764 0.4868
vt 0.3268 0.5051
vt 0.3764 0.5051
vt 0.5987 0.2437
vt 0.5982 0.1876
vt 0.6349 0.2354
vt 0.6733 0.2513
vt 0.6349 0.2354
vt 0.6754 0.1864
vt 0.6754 0.1864
vt 0.6343 0.1819
vt 0.6838 0.1289
vt 0.6733 0.2513
vt 0.6754 0.1864
vt 0.7311 0.2288
vt 0.7621 0.0858
vt 0.6838 0.1289
vt 0.7621 0.0858
vt 0.7335 -0.0003
vt 0.6349 0.2354
vt 0.6343 0.1819
vt 0.6754 0.1864
vt 0.6703 0.0482
vt 0.7335 -0.0003
vt 0.7621 0.0858
vt 0.7407 0.1542
vt 0.6838 0.1289
vt 0.7883 0.0299
vt 0.7621 0.0858
vt 0.7335 -0.0003
vt 0.7457 0.3605
vt 0.7005 0.3676
vt 0.7348 0.2960
vt 0.6292 0.0432
vt 0.6703 0.0482
vt 0.6541 0.0903
vt 0.5987 0.2437
vt 0.5982 0.1876
vt 0.6349 0.2354
vt 0.6733 0.2513
vt 0.6349 0.2354
vt 0.6754 0.1864
vt 0.6754 0.1864
vt 0.6343 0.1819
vt 0.6838 0.1289
vt 0.6541 0.0903
vt 0.7023 0.0709
vt 0.6838 0.1289
vt 0.6541 0.0903
vt 0.6703 0.0482
vt 0.7023 0.0709
vt 0.6733 0.2513
vt 0.6754 0.1864
vt 0.7311 0.2288
vt 0.7621 0.0858
vt 0.6838 0.1289
vt 0.7023 0.0709
vt 0.7621 0.0858
vt 0.7023 0.0709
vt 0.7335 -0.0003
vt 0.6349 0.2354
vt 0.6343 0.1819
vt 0.6754 0.1864
vt 0.6703 0.0482
vt 0.7335 -0.0003
vt 0.7023 0.0709
vt 0.5385 0.2545
vt 0.5581 0.2028
vt 0.5982 0.1876
vt 0.6343 0.1819
vt 0.6349 0.2354
vt 0.6292 0.0432
vt 0.6541 0.0903
vt 0.6292 0.0432
vt 0.5784 0.0441
vt 0.5385 0.2545
vt 0.5581 0.2028
vt 0.7005 0.3676
vt 0.6772 0.3060
vt 0.7348 0.2960
vt 0.7753 0.4562
vt 0.7005 0.3676
vt 0.7457 0.3605
vt 0.7348 0.2960
vt 0.6772 0.3060
vt 0.7311 0.2288
vt 0.5057 0.0674
vt 0.5784 0.0441
vt 0.6343 0.1819
vt 0.6838 0.1289
vt 0.5982 0.1876
vt 0.6343 0.1819
vt 0.6772 0.3060
vt 0.6733 0.2513
vt 0.7311 0.2288
vt 0.6464 0.2826
vt 0.6733 0.2513
vt 0.6772 0.3060
vt 0.6754 0.1864
vt 0.7407 0.1542
vt 0.7311 0.2288
vt 0.6541 0.0903
vt 0.6838 0.1289
vt 0.6876 0.4229
vt 0.7005 0.3676
vt 0.7753 0.4562
vt 0.6653 0.3492
vt 0.6772 0.3060
vt 0.7005 0.3676
vt 0.5982 0.1876
vt 0.6343 0.1819
vt 0.6349 0.2354
vt 0.7911 0.2015
vt 0.7907 0.2731
vt 0.7532 0.2390
vt 0.6292 0.0432
vt 0.5784 0.0441
vt 0.7907 0.2731
vt 0.7532 0.2390
vt 0.7911 0.2015
vt 0.4465 0.8799
vt 0.4081 0.8266
vt 0.4925 0.8266
vt 0.3268 0.4868
vt 0.3268 0.5051
vt 0.3764 0.4868
vt 0.7907 0.2731
vt 0.7532 0.2390
vt 0.7911 0.2015
vt 0.7005 0.3676
vt 0.6772 0.3060
vt 0.7348 0.2960
vt 0.7407 0.1542
vt 0.6838 0.1289
vt 0.6754 0.1864
vt 0.5607 0.9473
vt 0.5649 0.9998
vt 0.5195 0.9997
vt 0.7753 0.4562
vt 0.7005 0.3676
vt 0.7457 0.3605
vt 0.7348 0.2960
vt 0.6772 0.3060
vt 0.7311 0.2288
vt 0.7198 0.9998
vt 0.6642 0.9998
vt 0.6642 0.9419
vt 0.5057 0.0674
vt 0.5784 0.0441
vt 0.4736 0.5051
vt 0.4272 0.5051
vt 0.4535 0.4668
vt 0.4272 0.5051
vt 0.3764 0.5051
vt 0.3764 0.4868
vt 0.4535 0.4668
vt 0.4272 0.5051
vt 0.3764 0.4868
vt 0.6343 0.1819
vt 0.6838 0.1289
vt 0.5982 0.1876
vt 0.6343 0.1819
vt 0.6772 0.3060
vt 0.6733 0.2513
vt 0.7311 0.2288
vt 0.6464 0.2826
vt 0.6733 0.2513
vt 0.6772 0.3060
vt 0.6754 0.1864
vt 0.7407 0.1542
vt 0.7311 0.2288
vt 0.6876 0.4229
vt 0.7005 0.3676
vt 0.7753 0.4562
vt 0.6653 0.3492
vt 0.6772 0.3060
vt 0.7005 0.3676
vt 0.7911 0.2015
vt 0.7907 0.2731
vt 0.7532 0.2390
vt 0.7907 0.2731
vt 0.7532 0.2390
vt 0.7911 0.2015
vt 0.3268 0.4868
vt 0.3268 0.5051
vt 0.3764 0.4868
vt 0.7907 0.2731
vt 0.7532 0.2390
vt 0.7911 0.2015
vt 0.3268 0.2674
vt 0.3730 0.3353
vt 0.4146 0.3092
vt 0.4146 0.3092
vt 0.3730 0.3353
vt 0.3837 0.3639
vt 0.1766 0.8834
vt 0.1766 0.9555
vt 0.2372 0.9516
vt 0.5982 0.1876
vt 0.5581 0.2028
vt 0.5987 0.2437
vt 0.5581 0.2028
vt 0.5385 0.2545
vt 0.5987 0.2437
vt 0.3268 0.2674
vt 0.4421 0.2531
vt 0.4726 0.2078
vt 0.4953 0.2991
vt 0.4146 0.3092
vt 0.4820 0.3583
vt 0.3837 0.3639
vt 0.3876 0.3952
vt 0.4146 0.3092
vt 0.3268 0.5051
vt 0.3764 0.4868
vt 0.3764 0.5051
vt 0.4393 -0.0306
vt 0.3268 0.2674
vt 0.4726 0.2078
vt 0.4733 0.4451
vt 0.3876 0.3952
vt 0.3813 0.4266
vt 0.3268 0.2674
vt 0.4146 0.3092
vt 0.4421 0.2531
vt 0.4421 0.2531
vt 0.4146 0.3092
vt 0.4953 0.2991
vt 0.3730 0.3353
vt 0.3268 0.2674
vt 0.4146 0.3092
vt 0.3730 0.3353
vt 0.4146 0.3092
vt 0.3837 0.3639
vt 0.1766 0.9555
vt 0.1766 0.8834
vt 0.2372 0.9516
vt 0.4421 0.2531
vt 0.3268 0.2674
vt 0.4726 0.2078
vt 0.4146 0.3092
vt 0.4953 0.2991
vt 0.4820 0.3583
vt 0.3876 0.3952
vt 0.3837 0.3639
vt 0.4146 0.3092
vt 0.3268 0.2674
vt 0.4393 -0.0306
vt 0.4726 0.2078
vt 0.3876 0.3952
vt 0.4733 0.4451
vt 0.3813 0.4266
vt 0.7407 0.1542
vt 0.7621 0.0858
vt 0.6838 0.1289
vt 0.7621 0.0858
vt 0.7883 0.0299
vt 0.7335 -0.0003
vt 0.7005 0.3676
vt 0.7457 0.3605
vt 0.7348 0.2960
vt 0.6703 0.0482
vt 0.6292 0.0432
vt 0.5982 0.1876
vt 0.5987 0.2437
vt 0.6349 0.2354
vt 0.6349 0.2354
vt 0.6733 0.2513
vt 0.6754 0.1864
vt 0.6343 0.1819
vt 0.6754 0.1864
vt 0.6838 0.1289
vt 0.6754 0.1864
vt 0.6733 0.2513
vt 0.7311 0.2288
vt 0.6838 0.1289
vt 0.7621 0.0858
vt 0.7621 0.0858
vt 0.7335 -0.0003
vt 0.6343 0.1819
vt 0.6349 0.2354
vt 0.6754 0.1864
vt 0.7335 -0.0003
vt 0.6703 0.0482
vt 0.5385 0.2545
vt 0.5581 0.2028
vt 0.6343 0.1819
vt 0.5982 0.1876
vt 0.6349 0.2354
vt 0.6292 0.0432
vt 0.5784 0.0441
vt 0.4146 0.3092
vt 0.3268 0.2674
vt 0.4421 0.2531
vt 0.6772 0.3060
vt 0.7005 0.3676
vt 0.7348 0.2960
vt 0.7005 0.3676
vt 0.7753 0.4562
vt 0.7457 0.3605
vt 0.6772 0.3060
vt 0.7348 0.2960
vt 0.7311 0.2288
vt 0.5784 0.0441
vt 0.5057 0.0674
vt 0.6343 0.1819
vt 0.6838 0.1289
vt 0.5982 0.1876
vt 0.6343 0.1819
vt 0.6733 0.2513
vt 0.6772 0.3060
vt 0.7311 0.2288
vt 0.6733 0.2513
vt 0.6464 0.2826
vt 0.6772 0.3060
vt 0.7407 0.1542
vt 0.6754 0.1864
vt 0.7311 0.2288
vt 0.6838 0.1289
vt 0.7005 0.3676
vt 0.6876 0.4229
vt 0.7753 0.4562
vt 0.6772 0.3060
vt 0.6653 0.3492
vt 0.7005 0.3676
vt 0.4146 0.3092
vt 0.4421 0.2531
vt 0.4953 0.2991
vt 0.3730 0.3353
vt 0.3268 0.2674
vt 0.4146 0.3092
vt 0.7907 0.2731
vt 0.7911 0.2015
vt 0.7532 0.2390
vt 0.3730 0.3353
vt 0.4146 0.3092
vt 0.3837 0.3639
vt 0.7532 0.2390
vt 0.7907 0.2731
vt 0.7911 0.2015
vt 0.1766 0.9555
vt 0.1766 0.8834
vt 0.2372 0.9516
vt 0.3268 0.5051
vt 0.3268 0.4868
vt 0.3764 0.4868
vt 0.7532 0.2390
vt 0.7907 0.2731
vt 0.7911 0.2015
vt 0.4421 0.2531
vt 0.3268 0.2674
vt 0.4726 0.2078
vt 0.7407 0.1542
vt 0.6838 0.1289
vt 0.6754 0.1864
vt 0.5607 0.9473
vt 0.5649 0.9998
vt 0.5195 0.9997
vt 0.4146 0.3092
vt 0.4953 0.2991
vt 0.4820 0.3583
vt 0.3876 0.3952
vt 0.3837 0.3639
vt 0.4146 0.3092
vt 0.7198 0.9998
vt 0.6642 0.9998
vt 0.6642 0.9419
vt 0.3268 0.2674
vt 0.4393 -0.0306
vt 0.4726 0.2078
vt 0.4736 0.5051
vt 0.4272 0.5051
vt 0.4535 0.4668
vt 0.4272 0.5051
vt 0.3764 0.5051
vt 0.3764 0.4868
vt 0.4535 0.4668
vt 0.4272 0.5051
vt 0.3764 0.4868
vt 0.3876 0.3952
vt 0.4733 0.4451
vt 0.3813 0.4266
vt 0.4146 0.3092
vt 0.3268 0.2674
vt 0.4421 0.2531
vt 0.4146 0.3092
vt 0.4421 0.2531
vt 0.4953 0.2991
vt 0.3268 0.2674
vt 0.3730 0.3353
vt 0.4146 0.3092
vt 0.4146 0.3092
vt 0.3730 0.3353
vt 0.3837 0.3639
vt 0.1766 0.8834
vt 0.1766 0.9555
vt 0.2372 0.9516
vt 0.3268 0.2674
vt 0.4421 0.2531
vt 0.4726 0.2078
vt 0.4953 0.2991
vt 0.4146 0.3092
vt 0.4820 0.3583
vt 0.3837 0.3639
vt 0.3876 0.3952
vt 0.4146 0.3092
vt 0.4393 -0.0306
vt 0.3268 0.2674
vt 0.4726 0.2078
vt 0.4733 0.4451
vt 0.3876 0.3952
vt 0.3813 0.4266
vt 0.3268 0.2674
vt 0.4146 0.3092
vt 0.4421 0.2531
vt 0.4421 0.2531
vt 0.4146 0.3092
vt 0.4953 0.2991
vt 1.0438 0.2009
vt 0.9996 0.2009
vt 1.0438 0.2451
vt 0.9572 0.4101
vt 0.9572 0.3256
vt 0.9124 0.3259
vt 0.9572 0.4101
vt 0.9967 0.3259
vt 0.9572 0.3256
vt 0.5982 0.1876
vt 0.5581 0.2028
vt 0.5987 0.2437
vt 0.5581 0.2028
vt 0.5385 0.2545
vt 0.5987 0.2437
vt 0.9572 0.4101
vt 0.9572 0.3256
vt 0.9967 0.3259
vt 0.9572 0.4101
vt 0.9124 0.3259
vt 0.9572 0.3256
vt 0.9124 0.4413
vt 0.9572 0.4101
vt 0.9124 0.3259
vt 0.3268 0.5051
vt 0.3764 0.4868
vt 0.3764 0.5051
vt 0.9572 0.4101
vt 0.9124 0.4413
vt 0.9124 0.3259
vt 0.9967 0.4413
vt 0.9572 0.4101
vt 0.9967 0.3259
vt 0.9572 0.4101
vt 0.9967 0.4413
vt 0.9967 0.3259
vt 1.1646 0.0682
vt 1.0515 0.0515
vt 1.1185 0.0000
vt 1.1259 0.1259
vt 1.0515 0.0515
vt 1.1646 0.0682
vt 0.9485 0.0515
vt 0.8354 0.0682
vt 0.8815 0.0000
vt 0.8354 0.0682
vt 0.8219 0.0000
vt 0.8815 0.0000
vt 1.0000 0.1185
vt 0.9318 0.1646
vt 0.9485 0.0515
vt 0.9485 0.0515
vt 0.9318 0.1646
vt 0.8741 0.1259
vt 1.0000 0.1185
vt 1.0515 0.0515
vt 1.0682 0.1646
vt 1.0000 0.1781
vt 1.0000 0.1185
vt 1.0682 0.1646
vt 0.8741 0.1259
vt 0.8354 0.0682
vt 0.9485 0.0515
vt 0.7407 0.1542
vt 0.7621 0.0858
vt 0.6838 0.1289
vt 0.7621 0.0858
vt 0.7883 0.0299
vt 0.7335 -0.0003
vt 0.7005 0.3676
vt 0.7457 0.3605
vt 0.7348 0.2960
vt 0.6703 0.0482
vt 0.6292 0.0432
vt 0.6541 0.0903
vt 0.6343 0.1819
vt 0.5982 0.1876
vt 0.5987 0.2437
vt 0.6349 0.2354
vt 0.6349 0.2354
vt 0.6733 0.2513
vt 0.6754 0.1864
vt 0.6343 0.1819
vt 0.6754 0.1864
vt 0.6838 0.1289
vt 0.7023 0.0709
vt 0.6541 0.0903
vt 0.6838 0.1289
vt 0.6703 0.0482
vt 0.6541 0.0903
vt 0.7023 0.0709
vt 0.6754 0.1864
vt 0.6733 0.2513
vt 0.7311 0.2288
vt 0.6838 0.1289
vt 0.7621 0.0858
vt 0.7023 0.0709
vt 0.7023 0.0709
vt 0.7621 0.0858
vt 0.7335 -0.0003
vt 0.6343 0.1819
vt 0.6349 0.2354
vt 0.6754 0.1864
vt 0.7335 -0.0003
vt 0.6703 0.0482
vt 0.7023 0.0709
vt 0.5385 0.2545
vt 0.5581 0.2028
vt 0.6343 0.1819
vt 0.5982 0.1876
vt 0.6349 0.2354
vt 0.6292 0.0432
vt 0.6541 0.0903
vt 0.6292 0.0432
vt 0.5784 0.0441
vt 1.0000 0.1185
vt 1.0000 0.1781
vt 0.9318 0.1646
vt 0.6772 0.3060
vt 0.7005 0.3676
vt 0.7348 0.2960
vt 0.7005 0.3676
vt 0.7753 0.4562
vt 0.7457 0.3605
vt 0.6772 0.3060
vt 0.7348 0.2960
vt 0.7311 0.2288
vt 0.5784 0.0441
vt 0.5057 0.0674
vt 0.6343 0.1819
vt 0.6838 0.1289
vt 0.5982 0.1876
vt 0.6343 0.1819
vt 0.6733 0.2513
vt 0.6772 0.3060
vt 0.7311 0.2288
vt 0.6733 0.2513
vt 0.6464 0.2826
vt 0.6772 0.3060
vt 0.7407 0.1542
vt 0.6754 0.1864
vt 0.7311 0.2288
vt 0.6541 0.0903
vt 0.6838 0.1289
vt 0.7005 0.3676
vt 0.6876 0.4229
vt 0.7753 0.4562
vt 0.6772 0.3060
vt 0.6653 0.3492
vt 0.7005 0.3676
vt 1.0682 0.1646
vt 1.0515 0.0515
vt 1.1259 0.1259
vt 1.1781 0.0000
vt 1.1646 0.0682
vt 1.1185 0.0000
vt 0.7907 0.2731
vt 0.7911 0.2015
vt 0.7532 0.2390
vt 0.9572 0.3256
vt 0.9572 0.4101
vt 0.9124 0.3259
vt 0.7532 0.2390
vt 0.7907 0.2731
vt 0.7911 0.2015
vt 0.9967 0.3259
vt 0.9572 0.4101
vt 0.9572 0.3256
vt 0.3268 0.5051
vt 0.3268 0.4868
vt 0.3764 0.4868
vt 0.7532 0.2390
vt 0.7907 0.2731
vt 0.7911 0.2015
vt 0.9572 0.3256
vt 0.9572 0.4101
vt 0.9967 0.3259
vt 0.6838 0.1289
vt 0.7407 0.1542
vt 0.6754 0.1864
vt 0.5649 0.9998
vt 0.5607 0.9473
vt 0.5195 0.9997
vt 0.9124 0.3259
vt 0.9572 0.4101
vt 0.9572 0.3256
vt 0.9572 0.4101
vt 0.9124 0.4413
vt 0.9124 0.3259
vt 0.6642 0.9998
vt 0.7198 0.9998
vt 0.6642 0.9419
vt 0.9124 0.4413
vt 0.9572 0.4101
vt 0.9124 0.3259
vt 0.4272 0.5051
vt 0.4736 0.5051
vt 0.4535 0.4668
vt 0.3764 0.5051
vt 0.4272 0.5051
vt 0.3764 0.4868
vt 0.4272 0.5051
vt 0.4535 0.4668
vt 0.3764 0.4868
vt 0.9572 0.4101
vt 0.9967 0.4413
vt 0.9967 0.3259
vt 0.9967 0.4413
vt 0.9572 0.4101
vt 0.9967 0.3259
vt 1.0515 0.0515
vt 1.1646 0.0682
vt 1.1185 0.0000
vt 1.0515 0.0515
vt 1.1259 0.1259
vt 1.1646 0.0682
vt 0.8354 0.0682
vt 0.9485 0.0515
vt 0.8815 0.0000
vt 0.8219 0.0000
vt 0.8354 0.0682
vt 0.8815 0.0000
vt 0.9318 0.1646
vt 1.0000 0.1185
vt 0.9485 0.0515
vt 0.9318 0.1646
vt 0.9485 0.0515
vt 0.8741 0.1259
vt 1.0515 0.0515
vt 1.0000 0.1185
vt 1.0682 0.1646
vt 1.0000 0.1185
vt 1.0000 0.1781
vt 1.0682 0.1646
vt 0.8354 0.0682
vt 0.8741 0.1259
vt 0.9485 0.0515
vt 1.0000 0.1781
vt 1.0000 0.1185
vt 0.9318 0.1646
vt 1.0515 0.0515
vt 1.0682 0.1646
vt 1.1259 0.1259
vt 1.1646 0.0682
vt 1.1781 0.0000
vt 1.1185 0.0000
vt 1.0438 0.2893
vt 1.0438 0.2451
vt 0.9996 0.2893
vt 0.9554 0.2451
vt 0.9554 0.2893
vt 0.9996 0.2893
vt 0.5581 0.2028
vt 0.5982 0.1876
vt 0.5987 0.2437
vt 0.5385 0.2545
vt 0.5581 0.2028
vt 0.5987 0.2437
vt 0.5581 0.2028
vt 0.5581 0.2028
vt 0.1155 0.8834
vt 0.7015 0.4724
vt 0.7132 0.7311
vt 0.6786 0.8079
vt 0.6630 0.4191
vt 0.6521 0.8948
vt 0.6249 0.3320
vt 0.6074 0.4374
vt 0.6244 0.3320
vt 0.6053 0.4228
vt 0.6033 0.3320
vt 0.3995 0.4228
vt 0.4016 0.3320
vt 0.3805 0.3320
vt 0.1207 0.1624
vt 0.1434 0.1720
vt 0.1501 0.1434
vt 0.1160 0.1305
vt 0.1577 0.1215
vt 0.1074 0.0985
vt 0.1663 0.1023
vt 0.0954 0.0764
vt 0.0884 0.0000
vt 0.0366 0.0745
vt 0.0071 0.0000
vt 0.0245 0.0751
vt 0.1207 0.1624
vt 0.1434 0.1720
vt 0.1501 0.1434
vt 0.1160 0.1305
vt 0.1577 0.1215
vt 0.1074 0.0985
vt 0.1663 0.1023
vt 0.0954 0.0764
vt 0.0884 -0.0023
vt 0.0366 0.0745
vt 0.0071 -0.0023
vt 0.0245 0.0751
vt 0.3033 0.4724
vt 0.2916 0.7311
vt 0.3263 0.8079
vt 0.3419 0.4191
vt 0.3528 0.8948
vt 0.3800 0.3320
vt 0.3975 0.4374
vt 0.3995 0.4228
vt 0.6053 0.4228
vt 0.6033 0.3320
vt 0.6244 0.3320
vt 0.1501 0.1434
vt 0.1207 0.1624
vt 0.1160 0.1305
vt 0.1577 0.1215
vt 0.1074 0.0985
vt 0.1663 0.1023
vt 0.0954 0.0764
vt 0.0884 -0.0023
vt 0.0366 0.0745
vt 0.0071 -0.0023
vt 0.0245 0.0751
vt 0.1501 0.1434
vt 0.1207 0.1624
vt 0.1160 0.1305
vt 0.1577 0.1215
vt 0.1074 0.0985
vt 0.1663 0.1023
vt 0.0954 0.0764
vt 0.0884 0.0000
vt 0.0366 0.0745
vt 0.0071 0.0000
vt 0.0245 0.0751
vt 0.8696 0.1367
vt 0.8874 0.1089
vt 0.8837 0.2073
vt 0.8565 0.1506
vt 0.8448 0.2255
vt 0.8322 0.1630
vt 0.1620 0.2377
vt 0.1709 0.1766
vt 0.1551 0.1906
vt 0.8696 0.1367
vt 0.8874 0.1089
vt 0.8837 0.2073
vt 0.8565 0.1506
vt 0.8448 0.2255
vt 0.8322 0.1630
vt 0.1620 0.2377
vt 0.1709 0.1766
vt 0.1551 0.1906
vt 0.9392 0.1429
vt 0.9855 0.0669
vt 0.9062 0.0669
vt 0.9134 0.1773
vt 0.8874 0.1089
vt 0.8837 0.2073
vt 0.8696 0.1367
vt 0.8565 0.1506
vt 0.9392 0.1429
vt 0.9855 0.0669
vt 0.9062 0.0669
vt 0.9134 0.1773
vt 0.8874 0.1089
vt 0.8837 0.2073
vt 0.8696 0.1367
vt 0.8565 0.1506
vt 0.1086 0.2795
vt 0.1134 0.2673
vt 0.1100 0.2389
vt 0.0999 0.2450
vt 0.1055 0.2062
vt 0.0933 0.2190
vt 0.0847 0.1934
vt 0.1086 0.2795
vt 0.1134 0.2673
vt 0.1100 0.2389
vt 0.0999 0.2450
vt 0.1055 0.2062
vt 0.0933 0.2190
vt 0.0847 0.1934
vt 0.3760 0.9926
vt 0.6074 0.4374
vt 0.6289 0.9926
vt 0.6521 0.8948
vt 0.1547 0.2177
vt 0.1540 0.2468
vt 0.1465 0.2589
vt 0.1480 0.2463
vt 0.1410 0.2847
vt 0.1362 0.2726
vt 0.1410 0.2847
vt 0.1362 0.2726
vt 0.1480 0.2463
vt 0.1465 0.2589
vt 0.1547 0.2177
vt 0.1540 0.2468
vt 0.3800 0.3320
vt 0.3975 0.4374
vt 0.1388 0.2034
vt 0.1242 0.2034
vt 0.1434 0.1720
vt 0.1388 0.2034
vt 0.1242 0.2034
vt 0.1434 0.1720
vt 0.8900 0.0398
vt 0.9088 0.0000
vt 0.8315 0.0000
vt 0.8722 0.0676
vt 0.8591 0.0815
vt 0.1055 0.2062
vt 0.0933 0.2190
vt 0.0847 0.1934
vt 0.0975 0.1702
vt 0.0928 0.1455
vt 0.8900 0.0398
vt 0.9088 -0.0023
vt 0.8315 -0.0023
vt 0.8722 0.0676
vt 0.8591 0.0815
vt 0.1055 0.2062
vt 0.0933 0.2190
vt 0.0847 0.1934
vt 0.0975 0.1702
vt 0.0928 0.1455
vt 0.1108 0.9902
vt 0.0737 0.9902
vt 0.0737 0.7500
vt 0.1108 0.7500
vt 0.1108 0.9902
vt 0.1547 0.2177
vt 0.1540 0.2468
vt 0.1620 0.2377
vt 0.1551 0.1906
vt 0.1709 0.1766
vt 0.1547 0.2177
vt 0.1540 0.2468
vt 0.1620 0.2377
vt 0.1551 0.1906
vt 0.1709 0.1766
vt 0.1362 0.2726
vt 0.1361 0.2733
vt 0.1313 0.2854
vt 0.1410 0.2847
vt 0.1362 0.2726
vt 0.1663 0.0000
vt 0.8348 0.0939
vt 0.8315 0.0000
vt 0.1362 0.2726
vt 0.1361 0.2733
vt 0.1313 0.2854
vt 0.1410 0.2847
vt 0.1362 0.2726
vt 0.1242 0.2034
vt 0.1388 0.2034
vt 0.1100 0.2389
vt 0.1134 0.2673
vt 0.1086 0.2795
vt 0.0999 0.2450
vt 0.9088 0.0000
vt 0.8900 0.0398
vt 0.8722 0.0676
vt 0.8591 0.0815
vt 0.9062 0.0669
vt 0.9855 0.0669
vt 0.9392 0.1429
vt 0.9134 0.1773
vt 0.1100 0.2389
vt 0.1134 0.2673
vt 0.1086 0.2795
vt 0.0999 0.2450
vt 0.8315 -0.0023
vt 0.9088 -0.0023
vt 0.8900 0.0398
vt 0.8722 0.0676
vt 0.8591 0.0815
vt 0.8348 0.0939
vt 0.9062 0.0669
vt 0.9855 0.0669
vt 0.9392 0.1429
vt 0.9134 0.1773
vt 0.0975 0.1702
vt 0.0928 0.1455
vt 0.4016 0.3320
vt 0.3805 0.3320
vt 0.6786 0.8079
vt 0.7132 0.7311
vt 0.7015 0.4724
vt 0.6630 0.4191
vt 0.6249 0.3320
vt 0.0737 0.7500
vt 0.0737 0.9902
vt 0.1108 0.9902
vt 0.1108 0.7500
vt 0.1108 0.7500
vt 0.1108 0.9902
vt 0.0737 0.9902
vt 0.0737 0.7500
vt -0.0737 0.9902
vt 0.0737 0.9902
vt 0.0737 0.7500
vt -0.0737 0.7500
vt -0.0737 0.7500
vt 0.0737 0.7500
vt 0.0737 0.6920
vt -0.0737 0.6920
vt 0.1108 0.9902
vt 0.0737 0.9902
vt 0.0737 0.9902
vt 0.1108 0.9902
vt 0.0737 0.7500
vt 0.0737 0.9902
vt -0.0737 0.9902
vt -0.0737 0.7500
vt 0.0737 0.6920
vt 0.0737 0.7500
vt -0.0737 0.7500
vt -0.0737 0.6920
vt 0.0737 0.7500
vt 0.0737 0.9902
vt -0.0737 0.9902
vt -0.0737 0.7500
vt 0.0737 0.6920
vt 0.0737 0.7500
vt -0.0737 0.7500
vt -0.0737 0.6920
vt 0.1108 0.7500
vt 0.1108 0.9902
vt 0.0737 0.9902
vt 0.0737 0.7500
vt -0.0737 0.9902
vt 0.0737 0.9902
vt 0.0737 0.7500
vt -0.0737 0.7500
vt -0.0737 0.7500
vt 0.0737 0.7500
vt 0.0737 0.6920
vt -0.0737 0.6920
vt 0.1480 0.2463
vt 0.1362 0.2726
vt 0.1410 0.2847
vt 0.1465 0.2589
vt 0.8348 0.0939
vt 0.1663 0.0000
vt 0.0737 0.9902
vt 0.1108 0.9902
vt 0.8448 0.2255
vt 0.8322 0.1630
vt 0.8448 0.2255
vt 0.8322 0.1630
vt 0.1242 0.2034
vt 0.1388 0.2034
vt 0.0928 0.1455
vt 0.0339 0.1437
vt 0.0339 0.1903
vt 0.0975 0.1702
vt 0.8348 0.0939
vt 0.1663 -0.0023
vt 0.0339 0.1903
vt 0.0339 0.1437
vt 0.1480 0.2463
vt 0.1362 0.2726
vt 0.1410 0.2847
vt 0.1465 0.2589
vt 0.3263 0.8079
vt 0.2916 0.7311
vt 0.3033 0.4724
vt 0.3419 0.4191
vt 0.0339 0.1437
vt 0.0339 0.1903
vt 0.3528 0.8948
vt 0.6289 0.9926
vt 0.3760 0.9926
vt 0.1663 -0.0023
vt 0.0339 0.1903
vt 0.0339 0.1437
vt 0.0737 0.9902
vt 0.1361 0.2733
vt 0.1361 0.2733
vt 0.7648 0.8281
vt 0.7647 0.7571
vt 0.6703 0.8281
vt 0.7648 0.8281
vt 0.8617 0.8281
vt 0.7647 0.7571
vt 0.7655 0.9057
vt 0.7648 0.8281
vt 0.6703 0.8281
vt 0.8617 0.8281
vt 0.7648 0.8281
vt 0.7655 0.9057
vt 0.7647 0.7571
vt 0.7648 0.8281
vt 0.6703 0.8281
vt 0.8617 0.8281
vt 0.7648 0.8281
vt 0.7647 0.7571
vt 0.7648 0.8281
vt 0.7655 0.9057
vt 0.6703 0.8281
vt 0.7648 0.8281
vt 0.8617 0.8281
vt 0.7655 0.9057
vn -0.0777 0.9481 0.3083
vn -0.0428 0.9453 0.3234
vn -0.2708 0.9070 -0.3226
vn -0.3148 0.9066 -0.2811
vn -0.3613 0.8852 -0.2931
vn 0.3584 -0.9296 -0.0857
vn 0.3113 -0.9415 -0.1290
vn 0.4400 -0.6848 -0.5808
vn 0.4638 -0.6891 -0.5568
vn 0.4655 -0.6880 -0.5568
vn 0.4626 -0.6899 -0.5568
vn 0.4623 -0.6901 -0.5568
vn -0.3584 0.9296 -0.0857
vn -0.3113 0.9415 -0.1290
vn -0.4400 0.6848 -0.5808
vn -0.4638 0.6891 -0.5568
vn -0.4655 0.6880 -0.5568
vn -0.4625 0.6900 -0.5568
vn -0.4623 0.6901 -0.5568
vn -0.3584 -0.9296 -0.0857
vn -0.3113 -0.9415 -0.1290
vn -0.2708 -0.9070 -0.3226
vn -0.3148 -0.9066 -0.2811
vn -0.4436 -0.6517 -0.6153
vn -0.4096 -0.6469 -0.6432
vn -0.4400 -0.6848 -0.5808
vn -0.4638 -0.6891 -0.5568
vn -0.4626 -0.6899 -0.5568
vn -0.4655 -0.6880 -0.5568
vn 0.3584 0.9296 -0.0857
vn 0.3113 0.9415 -0.1290
vn 0.2708 0.9070 -0.3226
vn 0.3148 0.9066 -0.2811
vn 0.4436 0.6517 -0.6153
vn 0.4096 0.6469 -0.6432
vn 0.4400 0.6848 -0.5808
vn 0.4638 0.6891 -0.5568
vn 0.4626 0.6899 -0.5568
vn 0.4655 0.6880 -0.5568
vn 0.0166 -0.9517 0.3065
vn 0.0428 -0.9453 0.3234
vn 0.0777 -0.9481 0.3083
vn 0.0587 -0.9528 0.2979
vn 0.0777 0.9481 0.3083
vn 0.0428 0.9453 0.3234
vn 0.0166 0.9517 0.3065
vn -0.0587 -0.9528 0.2979
vn -0.0777 -0.9481 0.3083
vn -0.2701 -0.8338 -0.4815
vn -0.7993 0.0000 -0.6009
vn -0.1779 -0.8816 -0.4373
vn -0.2229 -0.8835 -0.4121
vn 0.4436 -0.6517 -0.6153
vn 0.4096 -0.6469 -0.6432
vn 0.1779 -0.8816 -0.4373
vn 0.2229 -0.8835 -0.4121
vn -0.4436 0.6517 -0.6153
vn -0.4096 0.6469 -0.6432
vn -0.8471 0.0154 -0.5312
vn -0.8484 0.0141 -0.5291
vn -0.8481 0.0144 -0.5296
vn -0.8468 0.0156 -0.5316
vn -0.8553 0.0167 -0.5179
vn -0.8672 -0.0000 -0.4979
vn -0.8509 -0.0000 -0.5253
vn 0.5703 0.6890 0.4473
vn 0.5700 0.7007 0.4291
vn -0.5314 0.6988 -0.4788
vn -0.5911 0.6679 -0.4522
vn 0.5391 0.6898 0.4833
vn 0.5832 0.6655 0.4658
vn -0.5668 0.6510 -0.5049
vn -0.5564 0.7212 -0.4128
vn 0.5812 0.5904 0.5601
vn 0.5826 0.6133 0.5334
vn 0.5299 0.5901 0.6090
vn 0.5332 0.6090 0.5872
vn -0.8123 0.5172 -0.2695
vn -0.8153 0.4897 -0.3089
vn 0.8069 0.4819 0.3417
vn 0.7723 0.6170 0.1510
vn -0.7182 0.5521 -0.4235
vn -0.7973 0.5135 -0.3173
vn 0.7309 0.5714 0.3731
vn 0.7890 0.5339 0.3041
vn -0.7576 0.4628 -0.4602
vn -0.7388 0.5853 -0.3341
vn 0.7168 0.5672 0.4056
vn 0.7072 0.6075 0.3616
vn 0.7268 0.5544 0.4055
vn 0.7004 0.6686 0.2497
vn -0.6648 0.6099 -0.4315
vn -0.7349 0.5722 -0.3639
vn 0.6630 0.6215 0.4173
vn 0.7356 0.5774 0.3542
vn -0.7062 0.5457 -0.4511
vn -0.6861 0.6449 -0.3366
vn 0.5479 0.6930 0.4685
vn 0.4617 0.7404 0.4886
vn -0.4939 0.7542 -0.4329
vn -0.4975 0.6849 -0.5323
vn -0.5456 0.7175 -0.4331
vn -0.4551 0.7716 -0.4444
vn 0.5480 0.6654 0.5070
vn 0.5500 0.6935 0.4654
vn 0.4152 0.7685 0.4869
vn 0.4693 0.7424 0.4781
vn -0.3094 0.8384 -0.4488
vn -0.4690 0.7493 -0.4676
vn -0.2509 0.9147 -0.3169
vn -0.4926 0.7764 -0.3931
vn 0.5149 0.6608 0.5461
vn 0.5149 0.6257 0.5860
vn 0.6883 0.5953 0.4144
vn 0.6899 0.5844 0.4272
vn -0.7886 0.4653 -0.4020
vn -0.8022 0.4580 -0.3830
vn 0.6077 0.6088 0.5099
vn 0.6704 0.5802 0.4625
vn -0.7596 0.4348 -0.4838
vn -0.7593 0.4338 -0.4850
vn -0.7611 0.4403 -0.4763
vn -0.7613 0.4411 -0.4752
vn 0.5873 0.6686 0.4562
vn 0.6658 0.6240 0.4090
vn -0.5833 0.6623 -0.4702
vn -0.6708 0.6153 -0.4141
vn -0.5802 0.6606 -0.4764
vn -0.6570 0.6182 -0.4315
vn 0.5094 0.5930 0.6236
vn 0.5097 0.5933 0.6230
vn 0.5001 0.5985 0.6259
vn 0.4995 0.5989 0.6259
vn 0.5881 0.7018 0.4021
vn 0.6812 0.6511 0.3347
vn -0.8482 -0.0144 -0.5295
vn -0.8484 -0.0141 -0.5291
vn -0.8471 -0.0154 -0.5312
vn -0.8468 -0.0156 -0.5316
vn -0.8553 -0.0167 -0.5179
vn 0.5703 -0.6890 0.4473
vn 0.5700 -0.7007 0.4291
vn -0.5314 -0.6988 -0.4788
vn -0.5911 -0.6679 -0.4522
vn 0.5391 -0.6898 0.4833
vn 0.5832 -0.6655 0.4658
vn -0.5668 -0.6510 -0.5049
vn -0.5564 -0.7212 -0.4128
vn 0.5812 -0.5904 0.5601
vn 0.5826 -0.6133 0.5334
vn 0.5299 -0.5901 0.6090
vn 0.5332 -0.6090 0.5872
vn -0.8123 -0.5172 -0.2695
vn -0.8153 -0.4897 -0.3089
vn 0.8069 -0.4819 0.3417
vn 0.7723 -0.6170 0.1510
vn -0.7182 -0.5521 -0.4235
vn -0.7973 -0.5135 -0.3173
vn 0.7309 -0.5714 0.3731
vn 0.7890 -0.5339 0.3041
vn -0.7576 -0.4628 -0.4602
vn -0.7388 -0.5853 -0.3341
vn 0.7168 -0.5672 0.4056
vn 0.7072 -0.6075 0.3616
vn 0.7268 -0.5544 0.4055
vn 0.7004 -0.6686 0.2497
vn -0.6648 -0.6099 -0.4315
vn -0.7349 -0.5722 -0.3639
vn 0.6630 -0.6215 0.4173
vn 0.7356 -0.5774 0.3542
vn -0.7062 -0.5457 -0.4511
vn -0.6861 -0.6449 -0.3366
vn 0.3613 -0.8852 -0.2931
vn 0.3148 -0.9066 -0.2811
vn 0.5479 -0.6930 0.4685
vn 0.4617 -0.7404 0.4886
vn -0.4939 -0.7542 -0.4329
vn -0.4975 -0.6849 -0.5323
vn -0.5456 -0.7175 -0.4331
vn -0.4551 -0.7716 -0.4444
vn 0.5480 -0.6654 0.5070
vn 0.5500 -0.6935 0.4654
vn 0.4152 -0.7685 0.4869
vn 0.4693 -0.7424 0.4781
vn -0.3094 -0.8384 -0.4488
vn -0.4690 -0.7493 -0.4676
vn -0.2509 -0.9147 -0.3169
vn -0.4926 -0.7764 -0.3931
vn 0.5149 -0.6608 0.5461
vn 0.5149 -0.6257 0.5860
vn 0.6883 -0.5953 0.4144
vn 0.6899 -0.5844 0.4272
vn -0.7886 -0.4653 -0.4020
vn -0.8022 -0.4580 -0.3830
vn 0.6077 -0.6088 0.5099
vn 0.6704 -0.5802 0.4625
vn -0.7611 -0.4403 -0.4763
vn -0.7593 -0.4338 -0.4850
vn -0.7596 -0.4348 -0.4838
vn -0.7613 -0.4411 -0.4752
vn 0.5873 -0.6686 0.4562
vn 0.6658 -0.6240 0.4090
vn -0.5833 -0.6623 -0.4702
vn -0.6708 -0.6153 -0.4141
vn -0.5802 -0.6606 -0.4764
vn -0.6570 -0.6182 -0.4315
vn 0.5002 -0.5984 0.6259
vn 0.5097 -0.5933 0.6230
vn 0.5094 -0.5930 0.6236
vn 0.4995 -0.5989 0.6259
vn 0.5881 -0.7018 0.4021
vn 0.6812 -0.6511 0.3347
vn 0.8481 0.0144 -0.5296
vn 0.8484 0.0141 -0.5291
vn 0.8471 0.0154 -0.5312
vn 0.8468 0.0156 -0.5316
vn 0.8553 0.0167 -0.5179
vn 0.8672 -0.0000 -0.4979
vn 0.8509 -0.0000 -0.5253
vn -0.5703 0.6890 0.4473
vn -0.5700 0.7007 0.4291
vn 0.5314 0.6988 -0.4788
vn 0.5911 0.6679 -0.4522
vn -0.5391 0.6898 0.4833
vn -0.5832 0.6655 0.4658
vn 0.5668 0.6510 -0.5049
vn 0.5564 0.7212 -0.4128
vn -0.5812 0.5904 0.5601
vn -0.5826 0.6133 0.5334
vn -0.5299 0.5901 0.6090
vn -0.5332 0.6090 0.5872
vn 0.8123 0.5172 -0.2695
vn 0.8153 0.4897 -0.3089
vn -0.8069 0.4819 0.3417
vn -0.7723 0.6170 0.1510
vn 0.7182 0.5521 -0.4235
vn 0.7973 0.5135 -0.3173
vn -0.7309 0.5714 0.3731
vn -0.7890 0.5339 0.3041
vn 0.7576 0.4628 -0.4602
vn 0.7388 0.5853 -0.3341
vn -0.7168 0.5672 0.4056
vn -0.7072 0.6075 0.3616
vn -0.7268 0.5544 0.4055
vn -0.7004 0.6686 0.2497
vn 0.6648 0.6099 -0.4315
vn 0.7349 0.5722 -0.3639
vn -0.6630 0.6215 0.4173
vn -0.7356 0.5774 0.3542
vn 0.7062 0.5457 -0.4511
vn 0.6861 0.6449 -0.3366
vn -0.5479 0.6930 0.4685
vn -0.4617 0.7404 0.4886
vn 0.4939 0.7542 -0.4329
vn 0.4975 0.6849 -0.5323
vn 0.5456 0.7175 -0.4331
vn 0.4551 0.7716 -0.4444
vn -0.5480 0.6654 0.5070
vn -0.5500 0.6935 0.4654
vn -0.4152 0.7685 0.4869
vn -0.4693 0.7424 0.4781
vn 0.3094 0.8384 -0.4488
vn 0.4690 0.7493 -0.4676
vn 0.2509 0.9147 -0.3169
vn 0.4926 0.7764 -0.3931
vn -0.5149 0.6608 0.5461
vn -0.5149 0.6257 0.5860
vn -0.6883 0.5953 0.4144
vn -0.6899 0.5844 0.4272
vn 0.7886 0.4653 -0.4020
vn 0.8022 0.4580 -0.3830
vn -0.6077 0.6088 0.5099
vn -0.6704 0.5802 0.4625
vn 0.7611 0.4403 -0.4763
vn 0.7593 0.4338 -0.4850
vn 0.7596 0.4348 -0.4838
vn 0.7613 0.4411 -0.4752
vn -0.5873 0.6686 0.4562
vn -0.6658 0.6240 0.4090
vn 0.5833 0.6623 -0.4702
vn 0.6708 0.6153 -0.4141
vn 0.5802 0.6606 -0.4764
vn 0.6570 0.6182 -0.4315
vn -0.5002 0.5984 0.6259
vn -0.5097 0.5933 0.6230
vn -0.5094 0.5930 0.6236
vn -0.4995 0.5989 0.6259
vn -0.5881 0.7018 0.4021
vn -0.6812 0.6511 0.3347
vn 0.8471 -0.0154 -0.5312
vn 0.8484 -0.0141 -0.5291
vn 0.8482 -0.0144 -0.5295
vn 0.8468 -0.0156 -0.5316
vn 0.8553 -0.0167 -0.5179
vn -0.5703 -0.6890 0.4473
vn -0.5700 -0.7007 0.4291
vn 0.5314 -0.6988 -0.4788
vn 0.5911 -0.6679 -0.4522
vn -0.5391 -0.6898 0.4833
vn -0.5832 -0.6655 0.4658
vn 0.5668 -0.6510 -0.5049
vn 0.5564 -0.7212 -0.4128
vn -0.5812 -0.5904 0.5601
vn -0.5826 -0.6133 0.5334
vn -0.5299 -0.5901 0.6090
vn -0.5332 -0.6090 0.5872
vn 0.8123 -0.5172 -0.2695
vn 0.8153 -0.4897 -0.3089
vn -0.8069 -0.4819 0.3417
vn -0.7723 -0.6170 0.1510
vn 0.7182 -0.5521 -0.4235
vn 0.7973 -0.5135 -0.3173
vn -0.7309 -0.5714 0.3731
vn -0.7890 -0.5339 0.3041
vn 0.7576 -0.4628 -0.4602
vn 0.7388 -0.5853 -0.3341
vn -0.7168 -0.5672 0.4056
vn -0.7072 -0.6075 0.3616
vn -0.7268 -0.5544 0.4055
vn -0.7004 -0.6686 0.2497
vn 0.6648 -0.6099 -0.4315
vn 0.7349 -0.5722 -0.3639
vn -0.6630 -0.6215 0.4173
vn -0.7356 -0.5774 0.3542
vn 0.7062 -0.5457 -0.4511
vn 0.6861 -0.6449 -0.3366
vn -0.5479 -0.6930 0.4685
vn -0.4617 -0.7404 0.4886
vn 0.4939 -0.7542 -0.4329
vn 0.4975 -0.6849 -0.5323
vn 0.5456 -0.7175 -0.4331
vn 0.4551 -0.7716 -0.4444
vn -0.5480 -0.6654 0.5070
vn -0.5500 -0.6935 0.4654
vn -0.4152 -0.7685 0.4868
vn -0.4693 -0.7424 0.4781
vn 0.3094 -0.8384 -0.4488
vn 0.4690 -0.7493 -0.4676
vn 0.2509 -0.9147 -0.3169
vn 0.4926 -0.7764 -0.3931
vn -0.5149 -0.6608 0.5461
vn -0.5149 -0.6257 0.5860
vn -0.6883 -0.5953 0.4144
vn -0.6899 -0.5844 0.4272
vn 0.7886 -0.4653 -0.4020
vn 0.8022 -0.4580 -0.3830
vn -0.6077 -0.6088 0.5099
vn -0.6704 -0.5802 0.4625
vn 0.7596 -0.4348 -0.4838
vn 0.7593 -0.4338 -0.4850
vn 0.7611 -0.4403 -0.4763
vn 0.7613 -0.4411 -0.4752
vn 0.9807 0.1951 0.0117
vn 0.1951 0.9807 0.0117
vn 0.5555 0.8314 0.0117
vn 0.8314 0.5555 0.0117
vn -0.9808 -0.1951 0.0076
vn -0.1951 -0.9808 0.0076
vn -0.5556 -0.8314 0.0076
vn -0.8314 -0.5556 0.0076
vn -0.9808 0.1951 0.0076
vn -0.1951 0.9808 0.0076
vn -0.5556 0.8314 0.0076
vn -0.8314 0.5556 0.0076
vn 0.9808 -0.1951 0.0076
vn 0.1951 -0.9808 0.0076
vn 0.5556 -0.8314 0.0076
vn 0.8314 -0.5556 0.0076
vn 0.9808 0.1951 0.0076
vn 0.1951 0.9808 0.0076
vn 0.5556 0.8314 0.0076
vn 0.8314 0.5556 0.0076
vn -0.1261 -0.0251 -0.9917
vn -0.1260 -0.0251 -0.9917
vn -0.0251 -0.1260 -0.9917
vn -0.0714 -0.1069 -0.9917
vn -0.1069 -0.0714 -0.9917
vn -0.1261 0.0251 -0.9917
vn -0.1260 0.0251 -0.9917
vn -0.0251 0.1260 -0.9917
vn -0.0714 0.1069 -0.9917
vn -0.1069 0.0714 -0.9917
vn 0.1260 -0.0251 -0.9917
vn 0.1261 -0.0251 -0.9917
vn 0.0251 -0.1260 -0.9917
vn 0.0714 -0.1069 -0.9917
vn 0.1069 -0.0714 -0.9917
vn 0.1261 0.0251 -0.9917
vn 0.1260 0.0251 -0.9917
vn 0.0251 0.1260 -0.9917
vn 0.0714 0.1069 -0.9917
vn 0.1069 0.0714 -0.9917
vn -0.9807 -0.1951 -0.0151
vn -0.1951 -0.9807 -0.0151
vn -0.5555 -0.8314 -0.0151
vn -0.8314 -0.5555 -0.0151
vn -0.9807 0.1951 -0.0151
vn -0.1951 0.9807 -0.0151
vn -0.5555 0.8314 -0.0151
vn -0.8314 0.5555 -0.0151
vn 0.9807 -0.1951 -0.0151
vn 0.1951 -0.9807 -0.0151
vn 0.5555 -0.8314 -0.0151
vn 0.8314 -0.5555 -0.0151
vn 0.9807 0.1951 -0.0151
vn 0.1951 0.9807 -0.0151
vn 0.5555 0.8314 -0.0151
vn -0.5873 -0.6686 0.4562
vn -0.6658 -0.6240 0.4090
vn -0.1448 -0.7280 -0.6701
vn -0.7280 -0.1448 -0.6701
vn -0.6171 -0.4124 -0.6701
vn -0.4124 -0.6171 -0.6701
vn -0.1951 -0.9808 -0.0000
vn -0.9808 -0.1951 0.0000
vn -0.8315 -0.5556 -0.0000
vn -0.5556 -0.8315 -0.0000
vn 0.1448 -0.7280 -0.6701
vn 0.7280 -0.1448 -0.6701
vn 0.6171 -0.4124 -0.6701
vn 0.4124 -0.6171 -0.6701
vn 0.1951 -0.9808 -0.0000
vn 0.9808 -0.1951 0.0000
vn 0.8315 -0.5556 -0.0000
vn 0.5556 -0.8315 0.0000
vn 1.0000 -0.0094 -0.0000
vn 0.9998 0.0000 0.0223
vn -0.5480 0.0000 -0.8364
vn 0.9412 0.0000 -0.3378
vn -0.7666 -0.6421 -0.0101
vn -0.7831 -0.6191 -0.0588
vn -0.0166 -0.9517 0.3065
vn -0.0428 -0.9453 0.3234
vn -0.7978 -0.5883 -0.1319
vn -0.7994 -0.5637 -0.2077
vn -1.0000 0.0094 0.0000
vn -0.9998 0.0000 0.0224
vn -0.7666 0.6421 -0.0101
vn -0.7831 0.6191 -0.0588
vn -0.9412 0.0000 -0.3378
vn 0.7666 0.6421 -0.0101
vn 0.7831 0.6191 -0.0588
vn 0.5802 -0.6606 -0.4764
vn 0.6570 -0.6182 -0.4315
vn 0.7978 0.5883 -0.1319
vn 0.7994 0.5637 -0.2077
vn -0.7978 0.5883 -0.1319
vn -0.7994 0.5637 -0.2077
vn 0.6463 -0.4442 0.6204
vn 0.6027 -0.4377 0.6673
vn 0.4227 -0.6150 0.6656
vn 0.4542 -0.6255 0.6344
vn -0.4442 -0.6463 0.6204
vn -0.4377 -0.6027 0.6673
vn -0.6150 -0.4227 0.6656
vn -0.6255 -0.4542 0.6344
vn -1.0000 -0.0094 -0.0000
vn -0.5881 -0.7018 0.4021
vn -0.6812 -0.6511 0.3347
vn 0.7666 -0.6421 -0.0101
vn 0.7831 -0.6191 -0.0588
vn -0.1448 0.7280 -0.6701
vn -0.7280 0.1448 -0.6701
vn -0.6171 0.4124 -0.6701
vn -0.4124 0.6171 -0.6701
vn -0.1951 0.9808 0.0000
vn -0.9808 0.1951 0.0000
vn -0.8315 0.5556 0.0000
vn -0.5556 0.8315 0.0000
vn 0.1448 0.7280 -0.6701
vn 0.7280 0.1448 -0.6701
vn 0.6171 0.4124 -0.6701
vn 0.4124 0.6171 -0.6701
vn 0.1951 0.9808 0.0000
vn 0.9808 0.1951 0.0000
vn 0.8315 0.5556 0.0000
vn 0.5556 0.8315 0.0000
vn 0.5833 -0.6623 -0.4702
vn 0.6708 -0.6153 -0.4141
vn 0.7978 -0.5883 -0.1319
vn 0.7994 -0.5637 -0.2077
vn 0.5480 0.0000 -0.8364
vn 0.7993 0.0000 -0.6009
vn -0.5094 -0.5930 0.6236
vn -0.5097 -0.5933 0.6230
vn -0.5001 -0.5985 0.6259
vn -0.4995 -0.5989 0.6259
vn 1.0000 0.0094 0.0000
vn -0.0932 -0.0185 0.9955
vn -0.0185 -0.0932 0.9955
vn -0.0528 -0.0790 0.9955
vn -0.0790 -0.0528 0.9955
vn -0.0932 0.0185 0.9955
vn -0.0185 0.0932 0.9955
vn 0.6463 0.4442 0.6204
vn 0.6027 0.4376 0.6673
vn 0.4227 0.6150 0.6656
vn 0.4542 0.6255 0.6344
vn -0.4442 0.6463 0.6204
vn -0.4377 0.6027 0.6673
vn -0.6150 0.4227 0.6656
vn -0.6255 0.4542 0.6344
vn -0.0528 0.0790 0.9955
vn -0.0790 0.0528 0.9955
vn 0.0932 -0.0185 0.9955
vn 0.0185 -0.0932 0.9955
vn 0.0000 0.0000 1.0000
vn 0.0528 -0.0790 0.9955
vn 0.8314 0.5555 -0.0151
vn 0.0790 -0.0528 0.9955
vn 0.0932 0.0185 0.9955
vn -0.0000 0.0000 -1.0000
vn 0.8519 0.0054 -0.5237
vn 0.8568 0.0000 -0.5157
vn 0.8521 0.0051 -0.5233
vn 0.8513 0.0059 -0.5246
vn 0.0185 0.0932 0.9955
vn 0.0528 0.0790 0.9955
vn -0.1062 0.6691 -0.7356
vn -0.1303 0.6552 -0.7442
vn 0.0790 0.0528 0.9955
vn -0.6040 0.4036 -0.6873
vn -0.5684 0.4378 -0.6966
vn -0.7124 0.1417 -0.6873
vn -0.9807 -0.1951 0.0117
vn -0.8521 0.0051 -0.5233
vn -0.8568 0.0000 -0.5157
vn -0.8519 0.0054 -0.5237
vn -0.8513 0.0059 -0.5246
vn -0.1951 -0.9807 0.0117
vn -0.5555 -0.8314 0.0117
vn 0.1062 0.6691 -0.7356
vn 0.1303 0.6552 -0.7442
vn -0.8314 -0.5555 0.0117
vn 0.6040 0.4036 -0.6873
vn 0.5684 0.4378 -0.6966
vn 0.7124 0.1417 -0.6873
vn -0.0834 0.4191 0.9041
vn -0.2374 0.3553 0.9041
vn -0.3553 0.2374 0.9041
vn -0.4191 0.0834 0.9041
vn 0.0834 0.4191 0.9041
vn 0.2374 0.3553 0.9041
vn 0.3553 0.2374 0.9041
vn 0.4191 0.0834 0.9041
vn -0.9807 0.1951 0.0117
vn -0.1062 -0.6691 -0.7356
vn -0.1303 -0.6552 -0.7442
vn -0.1951 0.9807 0.0117
vn -0.6040 -0.4036 -0.6873
vn -0.5684 -0.4378 -0.6966
vn -0.7124 -0.1417 -0.6873
vn -0.5555 0.8314 0.0117
vn 0.1062 -0.6691 -0.7356
vn 0.1303 -0.6552 -0.7442
vn -0.8314 0.5555 0.0117
vn 0.6040 -0.4036 -0.6873
vn 0.5684 -0.4378 -0.6966
vn 0.7124 -0.1417 -0.6873
vn -0.0834 -0.4191 0.9041
vn -0.2374 -0.3553 0.9041
vn -0.3553 -0.2374 0.9041
vn -0.4191 -0.0834 0.9041
vn 0.0834 -0.4191 0.9041
vn 0.2374 -0.3553 0.9041
vn 0.3553 -0.2374 0.9041
vn 0.4191 -0.0834 0.9041
vn -0.6531 -0.6426 -0.4007
vn -0.6634 -0.6189 -0.4205
vn -0.6659 -0.6273 0.4038
vn -0.6012 -0.6945 0.3952
vn 0.9807 -0.1951 0.0117
vn 0.0000 -1.0000 0.0000
vn -0.8213 -0.5706 0.0002
vn -0.8212 -0.5707 0.0001
vn -0.8213 -0.5705 0.0003
vn -0.8214 -0.5703 0.0003
vn 0.6531 -0.6426 -0.4007
vn 0.6634 -0.6189 -0.4205
vn 0.6659 -0.6273 0.4038
vn 0.6012 -0.6945 0.3952
vn 0.1951 -0.9807 0.0117
vn 0.8213 -0.5705 0.0003
vn 0.8212 -0.5707 0.0001
vn 0.8213 -0.5706 0.0002
vn 0.8214 -0.5703 0.0003
vn -0.6531 0.6426 -0.4007
vn -0.6634 0.6189 -0.4205
vn -0.6659 0.6273 0.4038
vn -0.6012 0.6945 0.3952
vn 0.5555 -0.8314 0.0117
vn -0.0000 1.0000 0.0000
vn -0.8213 0.5705 0.0003
vn -0.8212 0.5707 0.0001
vn -0.8213 0.5706 0.0002
vn -0.8214 0.5703 0.0003
vn 0.6531 0.6426 -0.4007
vn 0.6634 0.6189 -0.4205
vn 0.6659 0.6273 0.4038
vn 0.6012 0.6945 0.3952
vn 0.8314 -0.5555 0.0117
vn 0.8213 0.5706 0.0002
vn 0.8212 0.5707 0.0001
vn 0.8213 0.5705 0.0003
vn 0.8214 0.5703 0.0003
vn -0.2332 0.6401 0.7320
vn -0.7286 -0.0015 -0.6849
vn -0.3550 0.5313 -0.7692
vn -0.8669 0.0000 -0.4984
vn -0.7190 0.4233 -0.5512
vn -0.4386 0.8255 -0.3553
vn -0.3632 0.4842 -0.7960
vn 0.3865 -0.8326 -0.3967
vn -0.2023 0.7370 -0.6449
vn 0.3550 0.5313 -0.7692
vn 0.2023 0.7370 -0.6449
vn -0.3550 -0.5313 -0.7692
vn -0.2023 -0.7370 -0.6449
vn 0.3550 -0.5313 -0.7692
vn 0.2023 -0.7370 -0.6449
vn -0.5236 -0.6597 -0.5391
vn 0.5236 -0.6597 -0.5391
vn -0.5236 0.6597 -0.5391
vn 0.2079 -0.6428 0.7373
vn 0.3156 0.8838 -0.3454
vn 0.5576 0.7306 -0.3940
vn 0.0068 -0.6234 0.7819
vn 0.5072 -0.6094 0.6094
vn -0.1408 -0.9550 0.2610
vn -0.3865 0.8326 -0.3967
vn 0.0485 -0.9566 0.2873
vn -0.3915 -0.7586 -0.5209
vn -0.2879 -0.7939 -0.5355
vn 0.3544 -0.6509 0.6714
vn 0.1628 -0.6205 0.7672
vn 0.0451 -0.6119 0.7896
vn -0.4031 -0.7741 -0.4882
vn -0.0810 -0.9461 -0.3136
vn -0.2079 0.6428 0.7373
vn -0.0068 0.6234 0.7819
vn -0.5072 0.6094 0.6094
vn 0.1408 0.9550 0.2610
vn -0.0485 0.9566 0.2873
vn 0.3915 0.7586 -0.5209
vn 0.2879 0.7939 -0.5355
vn 0.1779 0.8816 -0.4373
vn 0.2229 0.8835 -0.4121
vn -0.3544 0.6509 0.6714
vn -0.1628 0.6205 0.7672
vn -0.0451 0.6119 0.7896
vn 0.4031 0.7741 -0.4882
vn 0.0810 0.9461 -0.3136
vn 0.5554 0.6976 -0.4526
vn -0.0521 0.9560 0.2886
vn 0.0587 0.9528 0.2979
vn 0.1409 0.9896 0.0297
vn -0.5554 -0.6976 -0.4526
vn -0.5195 0.6466 0.5585
vn -0.5760 0.6062 0.5484
vn -0.4053 0.6476 0.6453
vn 0.3618 0.5787 -0.7309
vn 0.3256 0.8309 -0.4512
vn -0.0157 0.9480 0.3178
vn -0.4157 0.6626 0.6230
vn 0.4863 0.6977 -0.5260
vn -0.3054 0.6680 0.6786
vn 0.2701 0.8338 -0.4815
vn 0.6503 0.7595 0.0156
vn 0.5495 0.7801 -0.2991
vn 0.0521 -0.9560 0.2886
vn -0.2490 0.0000 -0.9685
vn -0.1409 -0.9896 0.0297
vn 0.5236 0.6597 -0.5391
vn -0.6585 0.6018 -0.4519
vn 0.5195 -0.6466 0.5585
vn -0.2332 -0.6401 0.7320
vn -0.7286 0.0015 -0.6849
vn 0.5760 -0.6062 0.5484
vn 0.4053 -0.6476 0.6453
vn -0.3618 -0.5787 -0.7309
vn -0.7190 -0.4233 -0.5512
vn -0.4386 -0.8255 -0.3553
vn -0.3632 -0.4842 -0.7960
vn -0.3256 -0.8309 -0.4512
vn 0.0157 -0.9480 0.3178
vn 0.4157 -0.6626 0.6230
vn -0.4863 -0.6977 -0.5260
vn 0.3054 -0.6680 0.6786
vn -0.6503 -0.7595 0.0156
vn -0.5495 -0.7801 -0.2991
vn 0.2490 -0.0000 -0.9685
vn 0.6585 -0.6018 -0.4519
vn 0.0012 0.0000 -1.0000
vn 0.3156 -0.8838 -0.3454
vn 0.5576 -0.7306 -0.3940
vn -0.7860 0.6163 -0.0488
vn -0.3865 -0.8326 -0.3967
vn -0.7687 0.6396 0.0000
vn -0.8003 0.5866 -0.1242
vn -0.0012 0.0000 -1.0000
vn 0.7860 0.6163 -0.0488
vn 0.7687 0.6396 0.0000
vn -0.2079 -0.6428 0.7373
vn -0.0068 -0.6234 0.7819
vn -0.5072 -0.6094 0.6094
vn 0.1408 -0.9550 0.2610
vn -0.0485 -0.9566 0.2873
vn 0.3915 -0.7586 -0.5209
vn 0.2879 -0.7939 -0.5355
vn -0.3544 -0.6509 0.6714
vn -0.1628 -0.6205 0.7672
vn -0.0451 -0.6119 0.7896
vn 0.4031 -0.7741 -0.4882
vn 0.0810 -0.9461 -0.3136
vn 0.5554 -0.6976 -0.4526
vn -0.0521 -0.9560 0.2886
vn 0.1409 -0.9896 0.0297
vn -0.5195 -0.6466 0.5585
vn -0.5760 -0.6062 0.5484
vn -0.4053 -0.6476 0.6453
vn 0.3618 -0.5787 -0.7309
vn 0.3256 -0.8309 -0.4512
vn -0.0157 -0.9480 0.3178
vn -0.4157 -0.6626 0.6230
vn 0.4863 -0.6977 -0.5260
vn -0.3054 -0.6680 0.6786
vn 0.2701 -0.8338 -0.4815
vn 0.6503 -0.7595 0.0156
vn 0.5495 -0.7801 -0.2991
vn 0.8003 0.5866 -0.1242
vn -0.6585 -0.6018 -0.4519
vn 0.2332 0.6401 0.7320
vn 0.7286 -0.0015 -0.6849
vn -0.7860 -0.6163 -0.0488
vn 0.8669 0.0000 -0.4984
vn 0.7190 0.4233 -0.5512
vn 0.4386 0.8255 -0.3553
vn 0.3632 0.4842 -0.7960
vn -0.7687 -0.6396 -0.0000
vn -0.8003 -0.5866 -0.1242
vn 0.7860 -0.6163 -0.0488
vn 0.7687 -0.6396 -0.0000
vn 0.8003 -0.5866 -0.1242
vn 0.7751 -0.5629 0.2869
vn 0.5629 -0.7751 0.2869
vn -0.3156 0.8838 -0.3454
vn -0.5576 0.7306 -0.3940
vn -0.5629 -0.7751 0.2869
vn -0.7751 -0.5629 0.2869
vn 0.7072 -0.6611 0.2505
vn 0.3865 0.8326 -0.3967
vn -0.7072 -0.6611 0.2505
vn -0.6611 -0.7072 0.2505
vn 0.6611 -0.7072 0.2505
vn -0.5484 -0.2193 0.8070
vn -0.5146 -0.3438 0.7855
vn 0.5484 -0.2193 0.8070
vn 0.6362 -0.1265 0.7611
vn 0.2193 -0.5484 0.8070
vn 0.3438 -0.5146 0.7855
vn -0.2193 -0.5484 0.8070
vn -0.1265 -0.6362 0.7611
vn 0.5146 -0.3438 0.7855
vn 0.2079 0.6428 0.7373
vn 0.0068 0.6234 0.7819
vn 0.5072 0.6094 0.6094
vn -0.1408 0.9550 0.2610
vn -0.0166 0.9517 0.3065
vn 0.0485 0.9566 0.2873
vn -0.3915 0.7586 -0.5209
vn -0.2879 0.7939 -0.5355
vn -0.1779 0.8816 -0.4373
vn -0.2229 0.8835 -0.4121
vn 0.3544 0.6509 0.6714
vn 0.1628 0.6205 0.7672
vn 0.0451 0.6119 0.7896
vn -0.4031 0.7741 -0.4882
vn -0.0810 0.9461 -0.3136
vn -0.5554 0.6976 -0.4526
vn 0.0521 0.9560 0.2886
vn -0.0587 0.9528 0.2979
vn -0.1409 0.9896 0.0297
vn 0.1265 -0.6362 0.7611
vn 0.5195 0.6466 0.5585
vn 0.5760 0.6062 0.5484
vn 0.4053 0.6476 0.6453
vn -0.3618 0.5787 -0.7309
vn -0.3256 0.8309 -0.4512
vn 0.0157 0.9480 0.3178
vn 0.4157 0.6626 0.6230
vn -0.4863 0.6977 -0.5260
vn 0.3054 0.6680 0.6786
vn -0.2701 0.8338 -0.4815
vn -0.6503 0.7595 0.0156
vn -0.5495 0.7801 -0.2991
vn -0.3438 -0.5146 0.7855
vn -0.6362 -0.1265 0.7611
vn 0.7751 0.5629 0.2869
vn 0.5629 0.7751 0.2869
vn 0.6585 0.6018 -0.4519
vn -0.5629 0.7751 0.2869
vn 0.2332 -0.6401 0.7320
vn 0.7286 0.0015 -0.6849
vn -0.7751 0.5629 0.2869
vn 0.7072 0.6611 0.2505
vn -0.7072 0.6611 0.2505
vn 0.7190 -0.4233 -0.5512
vn 0.4386 -0.8255 -0.3553
vn 0.3632 -0.4842 -0.7960
vn -0.6611 0.7072 0.2505
vn 0.6611 0.7072 0.2505
vn -0.5484 0.2193 0.8070
vn -0.5146 0.3438 0.7855
vn 0.5484 0.2193 0.8070
vn 0.6362 0.1265 0.7611
vn 0.2193 0.5484 0.8070
vn 0.3438 0.5146 0.7855
vn -0.2193 0.5484 0.8070
vn -0.1265 0.6362 0.7611
vn 0.5146 0.3438 0.7855
vn 0.1265 0.6362 0.7611
vn -0.3438 0.5146 0.7855
vn -0.6362 0.1265 0.7611
vn -0.3156 -0.8838 -0.3454
vn -0.5576 -0.7306 -0.3940
vn 0.3613 0.8852 -0.2931
vn 0.4623 0.6901 -0.5568
vn 0.2708 -0.9070 -0.3226
vn -0.3613 -0.8852 -0.2931
vn -0.4623 -0.6901 -0.5568
vn 0.3227 0.9461 0.0260
vn 0.2899 0.9565 0.0324
vn 0.2892 0.9567 0.0323
vn 0.2901 0.9565 0.0323
vn 0.2907 0.9563 0.0324
vn 0.2930 0.9556 0.0323
vn 0.3048 0.9518 0.0336
vn 0.2603 0.9641 0.0531
vn 0.3438 0.9389 0.0173
vn -0.3438 0.9389 0.0173
vn 0.2900 0.9565 0.0324
vn 0.2899 0.9565 0.0323
vn 0.2606 0.9650 0.0286
vn 0.3167 0.9481 0.0290
vn 0.0000 1.0000 -0.0001
vn -0.3227 -0.9461 0.0260
vn -0.2900 -0.9565 0.0324
vn -0.2892 -0.9567 0.0323
vn -0.2897 -0.9566 0.0323
vn -0.2907 -0.9563 0.0324
vn -0.2930 -0.9556 0.0323
vn -0.2606 -0.9650 0.0286
vn -0.3167 -0.9481 0.0290
vn -0.0000 -1.0000 -0.0001
vn -0.2899 -0.9565 0.0324
vn -0.3048 -0.9518 0.0336
vn -0.3417 -0.9397 0.0172
vn 0.3438 -0.9389 0.0173
vn -0.2892 0.9567 0.0323
vn -0.2924 0.9558 0.0323
vn -0.2907 0.9563 0.0324
vn -0.2913 0.9561 0.0324
vn -0.2930 0.9556 0.0323
vn -0.2606 0.9650 0.0286
vn -0.3167 0.9481 0.0290
vn 0.2892 -0.9567 0.0323
vn 0.2924 -0.9557 0.0323
vn 0.2907 -0.9563 0.0324
vn 0.2913 -0.9561 0.0324
vn 0.2930 -0.9556 0.0323
vn 0.2606 -0.9650 0.0286
vn 0.3167 -0.9481 0.0290
vn -0.3682 0.9176 -0.1495
vn -0.3968 0.9113 -0.1097
vn -0.4773 0.8769 -0.0559
vn -0.4827 0.8732 -0.0676
vn -0.5227 0.8525 -0.0023
vn -0.6045 0.7966 -0.0054
vn -0.6038 0.7720 -0.1985
vn 0.3682 -0.9176 -0.1495
vn 0.3968 -0.9113 -0.1097
vn 0.4773 -0.8769 -0.0559
vn 0.4827 -0.8732 -0.0676
vn 0.5227 -0.8525 -0.0023
vn 0.6045 -0.7966 -0.0054
vn 0.6038 -0.7720 -0.1985
vn 0.2674 0.9573 -0.1099
vn 0.2888 0.9525 -0.0962
vn 0.2711 0.9492 -0.1600
vn 0.3632 0.9272 -0.0917
vn 0.3682 0.9176 -0.1495
vn 0.3968 0.9113 -0.1097
vn -0.2674 -0.9573 -0.1099
vn -0.2888 -0.9525 -0.0962
vn -0.2711 -0.9492 -0.1600
vn -0.3632 -0.9272 -0.0917
vn -0.3682 -0.9176 -0.1495
vn -0.3968 -0.9113 -0.1097
vn 0.3906 0.7171 0.5771
vn 0.4310 0.7611 0.4848
vn 0.4815 0.7441 0.4632
vn 0.5110 0.7525 0.4154
vn 0.6105 0.7073 0.3564
vn -0.3906 -0.7171 0.5771
vn -0.4310 -0.7611 0.4848
vn -0.4815 -0.7441 0.4632
vn -0.5110 -0.7525 0.4154
vn -0.6105 -0.7073 0.3564
vn -0.2672 -0.9633 0.0245
vn 0.2672 -0.9633 0.0245
vn 0.6101 -0.7530 -0.2464
vn 0.5950 -0.7226 -0.3519
vn 0.5852 -0.7254 -0.3625
vn 0.5278 -0.6617 -0.5325
vn -0.5278 0.6617 -0.5325
vn -0.5852 0.7254 -0.3625
vn -0.5950 0.7226 -0.3519
vn -0.6101 0.7530 -0.2464
vn -0.2363 0.8740 0.4247
vn -0.3417 0.9397 0.0172
vn 0.2636 -0.9646 -0.0000
vn 0.3023 -0.9529 0.0238
vn 0.3227 -0.9461 0.0260
vn -0.2636 0.9646 0.0000
vn -0.3023 0.9529 0.0238
vn -0.3227 0.9461 0.0260
vn -0.0017 1.0000 -0.0063
vn -0.0044 1.0000 -0.0067
vn -0.0019 1.0000 -0.0073
vn 0.0012 1.0000 -0.0052
vn -0.0004 1.0000 -0.0066
vn -0.6105 0.7073 0.3564
vn -0.5876 0.7242 0.3610
vn -0.7110 0.6581 0.2479
vn 0.0017 -1.0000 -0.0063
vn 0.0044 -1.0000 -0.0067
vn 0.0019 -1.0000 -0.0073
vn -0.0012 -1.0000 -0.0052
vn 0.0004 -1.0000 -0.0066
vn 0.6105 -0.7073 0.3564
vn 0.5876 -0.7242 0.3610
vn 0.7110 -0.6581 0.2479
vn -0.6462 -0.7411 -0.1824
vn -0.5892 -0.7751 -0.2281
vn -0.6038 -0.7720 -0.1985
vn 0.6462 0.7411 -0.1824
vn 0.5892 0.7751 -0.2281
vn 0.6038 0.7720 -0.1985
vn -1.0000 0.0000 0.0000
vn -0.0001 -1.0000 -0.0044
vn 0.0000 -1.0000 -0.0044
vn -0.0019 -1.0000 -0.0073
vn 1.0000 -0.0000 0.0000
vn -0.2636 -0.9646 -0.0000
vn -0.3023 -0.9529 0.0238
vn 0.3906 -0.7171 0.5771
vn 0.4310 -0.7611 0.4848
vn 0.4815 -0.7441 0.4632
vn 0.5110 -0.7525 0.4154
vn -0.0044 -1.0000 -0.0067
vn -0.0017 -1.0000 -0.0063
vn 0.0012 -1.0000 -0.0052
vn -0.0004 -1.0000 -0.0066
vn 0.2674 -0.9573 -0.1099
vn 0.2888 -0.9525 -0.0962
vn 0.2711 -0.9492 -0.1600
vn 0.3632 -0.9272 -0.0917
vn 0.5892 -0.7751 -0.2281
vn 0.6462 -0.7411 -0.1824
vn -0.3906 0.7171 0.5771
vn -0.4310 0.7611 0.4848
vn -0.4815 0.7441 0.4632
vn -0.5110 0.7525 0.4154
vn 0.0019 1.0000 -0.0073
vn 0.0044 1.0000 -0.0067
vn 0.0017 1.0000 -0.0063
vn -0.0012 1.0000 -0.0052
vn 0.0004 1.0000 -0.0066
vn 0.0001 1.0000 -0.0044
vn -0.2674 0.9573 -0.1099
vn -0.2888 0.9525 -0.0962
vn -0.2711 0.9492 -0.1600
vn -0.3632 0.9272 -0.0917
vn -0.5892 0.7751 -0.2281
vn -0.6462 0.7411 -0.1824
vn 0.5876 0.7242 0.3610
vn 0.7110 0.6581 0.2479
vn -0.3437 -0.9389 0.0173
vn 0.3048 -0.9518 0.0336
vn 0.2603 -0.9641 0.0531
vn 0.7273 0.6863 -0.0015
vn 0.7267 0.6869 0.0000
vn 0.7268 0.6869 -0.0003
vn 0.7275 0.6861 -0.0018
vn -0.7648 0.6442 -0.0000
vn -0.7531 0.6579 -0.0048
vn 0.7270 -0.6867 -0.0006
vn 0.7267 -0.6869 -0.0000
vn 0.7273 -0.6863 -0.0015
vn 0.7275 -0.6861 -0.0018
vn -0.7648 -0.6442 -0.0000
vn -0.5374 -0.8396 -0.0796
vn -0.7268 0.6869 -0.0003
vn -0.7267 0.6869 0.0000
vn -0.7273 0.6863 -0.0015
vn -0.7275 0.6861 -0.0018
vn 0.7648 0.6442 -0.0000
vn 0.7531 0.6579 -0.0048
vn -0.7273 -0.6863 -0.0015
vn -0.7267 -0.6869 0.0000
vn -0.7268 -0.6869 -0.0003
vn -0.7275 -0.6861 -0.0018
vn 0.7648 -0.6442 -0.0000
vn 0.5374 -0.8396 -0.0796
vn -0.5278 -0.6617 -0.5325
vn -0.5852 -0.7254 -0.3625
vn -0.5950 -0.7226 -0.3519
vn -0.6101 -0.7530 -0.2464
vn -0.0001 1.0000 -0.0044
vn -0.0006 1.0000 -0.0042
vn 0.4775 0.8768 -0.0564
vn 0.4773 0.8769 -0.0559
vn 0.4821 0.8736 -0.0664
vn 0.4827 0.8732 -0.0676
vn -0.5227 -0.8525 -0.0023
vn -0.6045 -0.7966 -0.0054
vn 0.2636 0.9646 0.0000
vn 0.3023 0.9529 0.0238
vn -0.7325 -0.6807 0.0056
vn -0.7424 -0.6700 0.0014
vn -0.5876 -0.7242 0.3610
vn -0.7110 -0.6581 0.2479
vn 0.0001 -1.0000 -0.0044
vn 0.0006 -1.0000 -0.0042
vn -0.4775 -0.8768 -0.0564
vn -0.4773 -0.8769 -0.0559
vn -0.4821 -0.8736 -0.0664
vn -0.4827 -0.8732 -0.0676
vn 0.7325 -0.6807 0.0056
vn 0.7424 -0.6700 0.0014
vn 0.5278 0.6617 -0.5325
vn 0.5852 0.7254 -0.3625
vn 0.5950 0.7226 -0.3519
vn 0.6101 0.7530 -0.2464
vn 0.5227 0.8525 -0.0023
vn 0.6045 0.7966 -0.0054
vn 0.7325 0.6807 0.0056
vn 0.7424 0.6700 0.0014
vn 0.2672 0.9633 0.0245
vn -0.2672 0.9633 0.0245
vn 0.0000 1.0000 -0.0044
vn -0.7325 0.6807 0.0056
vn -0.7424 0.6700 0.0014
vn -0.2363 -0.8740 0.4247
vn -0.3048 0.9518 0.0336
vn -0.6513 -0.6384 -0.4102
vn -0.6446 -0.6364 0.4237
vn 0.6513 -0.6384 -0.4102
vn 0.6446 -0.6364 0.4237
vn -0.6513 0.6384 -0.4102
vn -0.6446 0.6364 0.4237
vn 0.6513 0.6384 -0.4102
vn 0.6446 0.6364 0.4237
usemtl SwordMasterGrip0Demo
s 1
f 341/1/1 342/2/1 343/3/1
f 344/4/2 341/1/2 343/3/2
f 344/4/3 343/3/3 345/5/3
f 346/6/4 344/4/4 345/5/4
f 346/6/5 345/5/5 347/7/5
f 348/8/6 349/9/6 350/10/6
f 351/11/7 348/8/7 350/10/7
f 351/11/8 350/10/8 352/12/8
f 353/13/9 351/11/10 352/12/11
f 353/13/9 352/12/11 354/14/12
f 343/3/13 355/15/13 356/16/13
f 345/5/14 343/3/14 356/16/14
f 345/5/15 356/16/15 357/17/15
f 358/18/16 345/5/17 357/17/18
f 358/18/16 357/17/18 359/19/19
f 360/20/20 361/21/20 362/22/20
f 363/23/21 360/20/21 362/22/21
f 363/23/22 362/22/22 364/24/22
f 365/25/23 363/23/23 364/24/23
f 366/26/24 367/27/24 360/20/24
f 357/17/25 366/26/25 360/20/25
f 357/17/26 360/20/26 363/23/26
f 368/28/27 357/17/28 363/23/29
f 369/29/30 370/30/30 371/31/30
f 372/32/31 369/29/31 371/31/31
f 372/32/32 371/31/32 373/33/32
f 374/34/33 372/32/33 373/33/33
f 375/35/34 376/36/34 369/29/34
f 352/12/35 375/35/35 369/29/35
f 352/12/36 369/29/36 372/32/36
f 377/37/37 352/12/38 372/32/39
f 378/38/40 379/39/40 380/40/40
f 348/8/41 378/38/41 380/40/41
f 348/8/42 380/40/42 381/41/42
f 382/42/43 348/8/43 381/41/43
f 371/31/44 383/43/44 384/44/44
f 373/33/45 371/31/45 384/44/45
f 373/33/46 384/44/46 385/45/46
f 362/22/47 386/46/47 387/47/47
f 388/48/48 362/22/48 387/47/48
f 388/48/49 387/47/49 389/49/49
f 390/50/50 391/51/50 392/52/50
f 393/53/50 390/50/50 392/52/50
f 393/53/50 392/52/50 394/54/50
f 395/55/51 396/56/51 387/47/51
f 397/57/52 395/55/52 387/47/52
f 350/10/53 398/58/53 375/35/53
f 352/12/54 350/10/54 375/35/54
f 381/41/55 399/59/55 400/60/55
f 401/61/56 381/41/56 400/60/56
f 356/16/57 402/62/57 366/26/57
f 357/17/58 356/16/58 366/26/58
f 403/63/59 404/64/60 405/65/61
f 406/66/62 403/63/59 405/65/61
f 407/67/63 408/68/63 409/69/63
f 410/70/64 407/67/64 409/69/64
f 411/71/65 412/72/65 413/73/65
f 414/74/65 411/71/65 413/73/65
f 415/75/66 416/76/66 417/77/66
f 418/78/67 415/75/67 417/77/67
f 419/79/68 420/80/68 421/81/68
f 422/82/69 419/79/69 421/81/69
f 423/83/70 424/84/70 425/85/70
f 426/86/71 423/83/71 425/85/71
f 427/87/72 428/88/72 429/89/72
f 430/90/73 427/87/73 429/89/73
f 431/91/74 432/92/74 433/93/74
f 434/94/75 431/91/75 433/93/75
f 435/95/76 436/96/76 437/97/76
f 438/98/77 435/95/77 437/97/77
f 439/99/78 440/100/78 441/101/78
f 442/102/79 439/99/79 441/101/79
f 443/103/80 444/104/80 445/105/80
f 446/106/81 443/103/81 445/105/81
f 447/107/82 448/108/82 449/109/82
f 450/110/83 447/107/83 449/109/83
f 451/111/84 452/112/84 453/113/84
f 454/114/85 451/111/85 453/113/85
f 455/115/86 456/116/86 457/117/86
f 458/118/87 455/115/87 457/117/87
f 459/119/88 460/120/88 461/121/88
f 462/122/89 459/119/89 461/121/89
f 463/123/90 464/124/90 465/125/90
f 466/126/91 463/123/91 465/125/91
f 467/127/92 468/128/92 469/129/92
f 470/130/93 467/127/93 469/129/93
f 471/131/94 472/132/94 473/133/94
f 474/134/95 471/131/95 473/133/95
f 475/135/96 476/136/96 477/137/96
f 478/138/97 475/135/97 477/137/97
f 479/139/98 480/140/98 481/141/98
f 482/142/99 479/139/99 481/141/99
f 483/143/100 484/144/100 485/145/100
f 486/146/101 483/143/101 485/145/101
f 487/147/102 488/148/102 489/149/102
f 490/150/103 487/147/103 489/149/103
f 491/151/104 492/152/104 493/153/104
f 494/154/105 491/151/105 493/153/105
f 495/155/106 496/156/106 497/157/106
f 498/158/107 495/155/107 497/157/107
f 499/159/108 500/160/108 501/161/108
f 502/162/109 499/159/109 501/161/109
f 503/163/110 504/164/110 505/165/110
f 506/166/111 503/163/111 505/165/111
f 507/167/112 508/168/112 509/169/112
f 510/170/113 507/167/113 509/169/113
f 511/171/114 512/172/114 513/173/114
f 514/174/115 511/171/115 513/173/115
f 515/175/116 516/176/116 517/177/116
f 518/178/117 515/175/117 517/177/117
f 519/179/118 520/180/118 521/181/118
f 522/182/119 519/179/119 521/181/119
f 523/183/120 524/184/121 525/185/122
f 526/186/123 523/183/120 525/185/122
f 527/187/124 528/188/124 529/189/124
f 530/190/125 527/187/125 529/189/125
f 531/191/126 532/192/126 533/193/126
f 534/194/127 531/191/127 533/193/127
f 535/195/128 536/196/128 537/197/128
f 538/198/129 535/195/129 537/197/129
f 539/199/130 540/200/131 541/201/132
f 542/202/133 539/199/130 541/201/132
f 543/203/134 544/204/134 545/205/134
f 546/206/135 543/203/135 545/205/135
f 547/207/136 548/208/137 549/209/138
f 550/210/139 547/207/136 549/209/138
f 551/211/140 552/212/140 553/213/140
f 554/214/64 551/211/64 553/213/64
f 555/215/65 556/216/65 557/217/65
f 558/218/65 555/215/65 557/217/65
f 559/219/141 560/220/141 561/221/141
f 562/222/142 559/219/142 561/221/142
f 563/223/143 564/224/143 565/225/143
f 566/226/144 563/223/144 565/225/144
f 567/227/145 568/228/145 569/229/145
f 570/230/146 567/227/146 569/229/146
f 571/231/147 572/232/147 573/233/147
f 574/234/148 571/231/148 573/233/148
f 575/235/149 576/236/149 577/237/149
f 578/238/150 575/235/150 577/237/150
f 579/239/151 580/240/151 581/241/151
f 582/242/152 579/239/152 581/241/152
f 583/243/153 584/244/153 585/245/153
f 586/246/154 583/243/154 585/245/154
f 587/247/155 588/248/155 589/249/155
f 590/250/156 587/247/156 589/249/156
f 591/251/157 592/252/157 593/253/157
f 594/254/158 591/251/158 593/253/158
f 595/255/159 596/256/159 597/257/159
f 598/258/160 595/255/160 597/257/160
f 599/259/161 600/260/161 601/261/161
f 602/262/162 599/259/162 601/261/162
f 603/263/163 604/264/163 605/265/163
f 606/266/164 603/263/164 605/265/164
f 607/267/165 608/268/165 609/269/165
f 610/270/166 607/267/166 609/269/166
f 611/271/167 612/272/167 613/273/167
f 614/274/168 611/271/168 613/273/168
f 615/275/169 616/276/169 617/277/169
f 618/278/170 615/275/170 617/277/170
f 619/279/171 620/280/171 621/281/171
f 622/282/172 619/279/172 621/281/172
f 351/11/173 623/283/173 624/284/173
f 378/38/174 351/11/174 624/284/174
f 625/285/175 626/286/175 627/287/175
f 628/288/176 625/285/176 627/287/176
f 629/289/177 630/290/177 631/291/177
f 632/292/178 629/289/178 631/291/178
f 633/293/179 634/294/179 635/295/179
f 636/296/180 633/293/180 635/295/180
f 637/297/181 638/298/181 639/299/181
f 640/300/182 637/297/182 639/299/182
f 641/301/183 642/302/183 643/303/183
f 644/304/184 641/301/184 643/303/184
f 645/305/185 646/306/185 647/307/185
f 648/308/186 645/305/186 647/307/186
f 649/309/187 650/310/187 651/311/187
f 652/312/188 649/309/188 651/311/188
f 653/313/189 654/314/189 655/315/189
f 656/316/190 653/313/190 655/315/190
f 657/317/191 658/318/191 659/319/191
f 660/320/192 657/317/192 659/319/192
f 661/321/193 662/322/193 663/323/193
f 664/324/194 661/321/194 663/323/194
f 665/325/195 666/326/195 667/327/195
f 668/328/196 665/325/196 667/327/196
f 669/329/197 670/330/198 671/331/199
f 672/332/200 669/329/197 671/331/199
f 673/333/201 674/334/201 675/335/201
f 676/336/202 673/333/202 675/335/202
f 677/337/203 678/338/203 679/339/203
f 680/340/204 677/337/204 679/339/204
f 681/341/205 682/342/205 683/343/205
f 684/344/206 681/341/206 683/343/206
f 685/345/207 686/346/208 687/347/209
f 688/348/210 685/345/207 687/347/209
f 689/349/211 690/350/211 691/351/211
f 692/352/212 689/349/212 691/351/212
f 693/353/213 694/354/214 695/355/215
f 696/356/216 693/353/213 695/355/215
f 697/357/217 698/358/217 699/359/217
f 700/360/218 697/357/218 699/359/218
f 701/361/219 702/362/219 703/363/219
f 704/364/219 701/361/219 703/363/219
f 705/365/220 706/366/220 707/367/220
f 708/368/221 705/365/221 707/367/221
f 709/369/222 710/370/222 711/371/222
f 712/372/223 709/369/223 711/371/223
f 713/373/224 714/374/224 715/375/224
f 716/376/225 713/373/225 715/375/225
f 717/377/226 718/378/226 719/379/226
f 720/380/227 717/377/227 719/379/227
f 721/381/228 722/382/228 723/383/228
f 724/384/229 721/381/229 723/383/229
f 725/385/230 726/386/230 727/387/230
f 728/388/231 725/385/231 727/387/231
f 729/389/232 730/390/232 731/391/232
f 732/392/233 729/389/233 731/391/233
f 733/393/234 734/394/234 735/395/234
f 736/396/235 733/393/235 735/395/235
f 737/397/236 738/398/236 739/399/236
f 740/400/237 737/397/237 739/399/237
f 741/401/238 742/402/238 743/403/238
f 744/404/239 741/401/239 743/403/239
f 745/405/240 746/406/240 747/407/240
f 748/408/241 745/405/241 747/407/241
f 749/409/242 750/410/242 751/411/242
f 752/412/243 749/409/243 751/411/243
f 753/413/244 754/414/244 755/415/244
f 756/416/245 753/413/245 755/415/245
f 757/417/246 758/418/246 759/419/246
f 760/420/247 757/417/247 759/419/247
f 761/421/248 762/422/248 763/423/248
f 764/424/249 761/421/249 763/423/249
f 765/425/250 766/426/250 767/427/250
f 768/428/251 765/425/251 767/427/251
f 769/429/252 770/430/252 771/431/252
f 772/432/253 769/429/253 771/431/253
f 773/433/254 774/434/254 775/435/254
f 776/436/255 773/433/255 775/435/255
f 777/437/256 778/438/256 779/439/256
f 780/440/257 777/437/257 779/439/257
f 781/441/258 782/442/258 783/443/258
f 784/444/259 781/441/259 783/443/259
f 785/445/260 786/446/260 787/447/260
f 788/448/261 785/445/261 787/447/261
f 789/449/262 790/450/262 791/451/262
f 792/452/263 789/449/263 791/451/263
f 793/453/264 794/454/264 795/455/264
f 796/456/265 793/453/265 795/455/265
f 797/457/266 798/458/266 799/459/266
f 800/460/267 797/457/267 799/459/267
f 801/461/268 802/462/268 803/463/268
f 804/464/269 801/461/269 803/463/269
f 805/465/270 806/466/270 807/467/270
f 808/468/271 805/465/271 807/467/271
f 809/469/272 810/470/272 811/471/272
f 812/472/273 809/469/273 811/471/273
f 813/473/274 814/474/275 815/475/276
f 816/476/277 813/473/274 815/475/276
f 817/477/278 818/478/278 819/479/278
f 820/480/279 817/477/279 819/479/279
f 821/481/280 822/482/280 823/483/280
f 824/484/281 821/481/281 823/483/281
f 825/485/282 826/486/282 827/487/282
f 828/488/283 825/485/283 827/487/283
f 829/489/284 830/490/285 831/491/286
f 832/492/287 829/489/284 831/491/286
f 833/493/288 834/494/288 835/495/288
f 836/496/289 833/493/289 835/495/289
f 837/497/290 838/498/291 839/499/292
f 840/500/293 837/497/290 839/499/292
f 841/501/294 842/502/294 843/503/294
f 844/504/218 841/501/218 843/503/218
f 845/505/219 846/506/219 847/507/219
f 848/508/219 845/505/219 847/507/219
f 849/509/295 850/510/295 851/511/295
f 852/512/296 849/509/296 851/511/296
f 853/513/297 854/514/297 855/515/297
f 856/516/298 853/513/298 855/515/298
f 857/517/299 858/518/299 859/519/299
f 860/520/300 857/517/300 859/519/300
f 861/521/301 862/522/301 863/523/301
f 864/524/302 861/521/302 863/523/302
f 865/525/303 866/526/303 867/527/303
f 868/528/304 865/525/304 867/527/304
f 869/529/305 870/530/305 871/531/305
f 872/532/306 869/529/306 871/531/306
f 873/533/307 874/534/307 875/535/307
f 876/536/308 873/533/308 875/535/308
f 877/537/309 878/538/309 879/539/309
f 880/540/310 877/537/310 879/539/310
f 881/541/311 882/542/311 883/543/311
f 884/544/312 881/541/312 883/543/312
f 885/545/313 886/546/313 887/547/313
f 888/548/314 885/545/314 887/547/314
f 889/549/315 890/550/315 891/551/315
f 892/552/316 889/549/316 891/551/316
f 893/553/317 894/554/317 895/555/317
f 896/556/318 893/553/318 895/555/318
f 897/557/319 898/558/319 899/559/319
f 900/560/320 897/557/320 899/559/320
f 901/561/321 902/562/321 903/563/321
f 904/564/322 901/561/322 903/563/322
f 905/565/323 906/566/323 907/567/323
f 908/568/324 905/565/324 907/567/324
f 909/569/325 910/570/325 911/571/325
f 912/572/326 909/569/326 911/571/326
f 913/573/327 914/574/327 915/575/327
f 916/576/328 913/573/328 915/575/328
f 917/577/329 918/578/329 919/579/329
f 920/580/330 917/577/330 919/579/330
f 921/581/331 922/582/331 923/583/331
f 924/584/332 921/581/332 923/583/332
f 925/585/333 926/586/333 927/587/333
f 928/588/334 925/585/334 927/587/334
f 929/589/335 930/590/335 931/591/335
f 932/592/336 929/589/336 931/591/336
f 933/593/337 934/594/337 935/595/337
f 936/596/338 933/593/338 935/595/338
f 937/597/339 938/598/339 939/599/339
f 940/600/340 937/597/340 939/599/340
f 941/601/341 942/602/341 943/603/341
f 944/604/342 941/601/342 943/603/342
f 945/605/343 946/606/343 947/607/343
f 948/608/344 945/605/344 947/607/344
f 949/609/345 950/610/345 951/611/345
f 952/612/346 949/609/346 951/611/346
f 953/613/347 954/614/347 955/615/347
f 956/616/348 953/613/348 955/615/348
f 957/617/349 958/618/350 959/619/351
f 960/620/352 957/617/349 959/619/351
f 961/621/353 962/622/353 963/623/353
f 964/624/353 961/621/353 963/623/353
f 965/625/354 966/626/354 967/627/354
f 968/628/354 965/625/354 967/627/354
f 969/629/355 970/630/355 971/631/355
f 972/632/355 969/629/355 971/631/355
f 973/633/356 974/634/356 975/635/356
f 976/636/356 973/633/356 975/635/356
f 977/637/357 978/638/357 979/639/357
f 980/640/357 977/637/357 979/639/357
f 981/641/358 982/642/358 983/643/358
f 984/644/358 981/641/358 983/643/358
f 985/645/359 986/646/359 987/647/359
f 988/648/359 985/645/359 987/647/359
f 989/649/360 990/650/360 991/651/360
f 992/652/360 989/649/360 991/651/360
f 993/653/361 994/654/361 995/655/361
f 996/656/361 993/653/361 995/655/361
f 997/657/362 998/658/362 999/659/362
f 1000/660/362 997/657/362 999/659/362
f 1001/661/363 1002/662/363 1003/663/363
f 1004/664/363 1001/661/363 1003/663/363
f 1005/665/364 1006/666/364 1007/667/364
f 1008/668/364 1005/665/364 1007/667/364
f 1009/669/365 1010/670/365 1011/671/365
f 1012/672/365 1009/669/365 1011/671/365
f 1013/673/366 1014/674/366 1015/675/366
f 1016/676/366 1013/673/366 1015/675/366
f 1017/677/367 1018/678/367 1019/679/367
f 1020/680/367 1017/677/367 1019/679/367
f 1021/681/368 1022/682/368 1023/683/368
f 1024/684/368 1021/681/368 1023/683/368
f 1025/685/369 1026/686/369 1027/687/369
f 1028/688/369 1025/685/369 1027/687/369
f 1029/689/370 1030/690/370 1031/691/370
f 1032/692/370 1029/689/370 1031/691/370
f 1033/693/371 1034/694/371 1035/695/371
f 1036/696/371 1033/693/371 1035/695/371
f 1037/697/372 1038/698/372 1039/699/372
f 1040/700/372 1037/697/372 1039/699/372
f 1041/701/373 1042/702/373 1043/703/373
f 1044/704/374 1041/701/373 1043/703/373
f 1045/705/375 1046/706/375 1047/707/375
f 1048/708/375 1045/705/375 1047/707/375
f 1049/709/376 1050/710/376 1051/711/376
f 1052/712/376 1049/709/376 1051/711/376
f 1053/713/377 1054/714/377 1055/715/377
f 1056/716/377 1053/713/377 1055/715/377
f 1057/717/378 1058/718/378 1059/719/378
f 1060/720/379 1057/717/378 1059/719/378
f 1061/721/380 1062/722/380 1063/723/380
f 1064/724/380 1061/721/380 1063/723/380
f 1065/725/381 1066/726/381 1067/727/381
f 1068/728/381 1065/725/381 1067/727/381
f 1069/729/382 1070/730/382 1071/731/382
f 1072/732/382 1069/729/382 1071/731/382
f 1073/733/383 1074/734/384 1075/735/383
f 1076/736/383 1073/733/383 1075/735/383
f 1077/737/385 1078/738/385 1079/739/385
f 1080/740/385 1077/737/385 1079/739/385
f 1081/741/386 1082/742/386 1083/743/386
f 1084/744/386 1081/741/386 1083/743/386
f 1085/745/387 1086/746/387 1087/747/387
f 1088/748/387 1085/745/387 1087/747/387
f 1089/749/388 1090/750/388 1091/751/388
f 1092/752/389 1089/749/388 1091/751/388
f 1093/753/390 1094/754/390 1095/755/390
f 1096/756/390 1093/753/390 1095/755/390
f 1097/757/391 1098/758/391 1099/759/391
f 1100/760/391 1097/757/391 1099/759/391
f 1101/761/392 1102/762/392 1103/763/392
f 1104/764/392 1101/761/392 1103/763/392
f 1105/765/393 1106/766/393 1107/767/393
f 1108/768/393 1105/765/393 1107/767/393
f 1109/769/394 1110/770/394 1111/771/394
f 1112/772/394 1109/769/394 1111/771/394
f 1113/773/395 1114/774/395 1115/775/395
f 1116/776/395 1113/773/395 1115/775/395
f 1117/777/396 1118/778/396 1119/779/396
f 1120/780/396 1117/777/396 1119/779/396
f 1121/781/397 1122/782/397 1123/783/397
f 1124/784/397 1121/781/397 1123/783/397
f 1125/785/398 1126/786/398 1127/787/398
f 1128/788/398 1125/785/398 1127/787/398
f 1129/789/399 1130/790/399 1131/791/399
f 1132/792/399 1129/789/399 1131/791/399
f 1133/793/400 1134/794/400 1135/795/400
f 1136/796/400 1133/793/400 1135/795/400
f 1137/797/401 1138/798/401 1139/799/401
f 1140/800/401 1137/797/401 1139/799/401
f 1141/801/402 1142/802/402 1143/803/402
f 1144/804/402 1141/801/402 1143/803/402
f 1145/805/403 1146/806/403 1147/807/403
f 1148/808/403 1145/805/403 1147/807/403
f 1149/809/404 1150/810/404 1151/811/404
f 1152/812/404 1149/809/404 1151/811/404
f 1153/813/405 1154/814/405 1155/815/405
f 1156/816/405 1153/813/405 1155/815/405
f 1157/817/406 1158/818/406 1159/819/406
f 1160/820/406 1157/817/406 1159/819/406
f 1161/821/407 1162/822/407 1163/823/407
f 1164/824/407 1161/821/407 1163/823/407
f 1165/825/408 1166/826/408 1167/827/408
f 1168/828/409 1165/825/409 1167/827/409
f 1169/829/410 1170/830/410 1171/831/410
f 1172/832/410 1169/829/410 1171/831/410
f 1173/833/411 1174/834/411 1175/835/411
f 1176/836/411 1173/833/411 1175/835/411
f 1177/837/412 1178/838/412 1179/839/412
f 1180/840/412 1177/837/412 1179/839/412
f 1181/841/413 1182/842/413 1183/843/413
f 1184/844/413 1181/841/413 1183/843/413
f 1185/845/414 1186/846/414 1187/847/414
f 1188/848/414 1185/845/414 1187/847/414
f 1189/849/415 1190/850/415 1191/851/415
f 1192/852/415 1189/849/415 1191/851/415
f 1193/853/416 1194/854/416 1195/855/416
f 1196/856/416 1193/853/416 1195/855/416
f 1197/857/417 1198/858/417 1199/859/417
f 1200/860/417 1197/857/417 1199/859/417
f 1201/861/418 1202/862/418 1203/863/418
f 1204/864/418 1201/861/418 1203/863/418
f 1205/865/419 1206/866/419 1207/867/419
f 1208/868/419 1205/865/419 1207/867/419
f 1209/869/420 1210/870/420 1211/871/420
f 1212/872/420 1209/869/420 1211/871/420
f 1213/873/421 1214/874/421 1215/875/421
f 1216/876/421 1213/873/421 1215/875/421
f 1217/877/422 1218/878/422 1219/879/422
f 1220/880/422 1217/877/422 1219/879/422
f 1221/881/423 1222/882/423 1223/883/423
f 1224/884/423 1221/881/423 1223/883/423
f 1225/885/424 1226/886/424 1227/887/424
f 1228/888/424 1225/885/424 1227/887/424
f 1229/889/425 1230/890/425 1231/891/425
f 1232/892/425 1229/889/425 1231/891/425
f 1233/893/426 1234/894/426 1235/895/426
f 1236/896/427 1233/893/427 1235/895/427
f 1237/897/428 393/53/428 1238/898/428
f 1239/899/428 1237/897/428 1238/898/428
f 1240/900/429 1241/901/429 1242/902/429
f 1243/903/429 1240/900/429 1242/902/429
f 1244/904/430 1245/905/430 1246/906/430
f 1247/907/431 1244/904/431 1246/906/431
f 388/48/432 1248/908/432 364/24/432
f 362/22/433 388/48/433 364/24/433
f 1249/909/434 1250/910/434 1251/911/434
f 1252/912/435 1249/909/435 1251/911/435
f 1253/913/429 1254/914/429 1255/915/429
f 1243/903/429 1253/913/429 1255/915/429
f 1256/916/436 1257/917/436 1258/918/436
f 1259/919/437 1256/916/437 1258/918/437
f 1260/920/438 1261/921/438 1262/922/438
f 1263/923/439 1260/920/439 1262/922/439
f 1264/924/440 1265/925/440 1266/926/440
f 392/52/440 1264/924/440 1266/926/440
f 1267/927/441 1268/928/441 1269/929/441
f 1270/930/442 1267/927/442 1269/929/442
f 1271/931/443 1272/932/443 1273/933/443
f 1274/934/444 1271/931/444 1273/933/444
f 1275/935/445 1276/936/445 1277/937/445
f 1278/938/446 1275/935/446 1277/937/446
f 1279/939/428 393/53/428 1280/940/428
f 1281/941/428 1279/939/428 1280/940/428
f 1282/942/447 1283/943/447 1284/944/447
f 1285/945/448 1282/942/448 1284/944/448
f 1286/946/449 1287/947/449 1288/948/449
f 1289/949/450 1286/946/450 1288/948/450
f 1290/950/451 1291/951/451 1292/952/451
f 1293/953/452 1290/950/452 1292/952/452
f 1294/954/453 1295/955/453 1296/956/453
f 1297/957/454 1294/954/454 1296/956/454
f 1298/958/455 1299/959/455 1300/960/455
f 1301/961/456 1298/958/456 1300/960/456
f 1302/962/457 1303/963/457 1304/964/457
f 1305/965/437 1302/962/437 1304/964/437
f 1306/966/458 1307/967/458 1308/968/458
f 1309/969/459 1306/966/459 1308/968/459
f 1310/970/440 1311/971/440 1312/972/440
f 392/52/440 1310/970/440 1312/972/440
f 1313/973/460 1314/974/460 1315/975/460
f 1316/976/461 1313/973/461 1315/975/461
f 1317/977/462 1318/978/462 1319/979/462
f 1320/980/462 1317/977/462 1319/979/462
f 1321/981/463 1322/982/463 1323/983/463
f 1324/984/463 1321/981/463 1323/983/463
f 1325/985/464 1326/986/464 1327/987/464
f 1328/988/464 1325/985/464 1327/987/464
f 1329/989/465 1330/990/465 1331/991/465
f 1332/992/465 1329/989/465 1331/991/465
f 1333/993/466 1334/994/466 1335/995/466
f 1336/996/466 1333/993/466 1335/995/466
f 1337/997/467 1338/998/467 1339/999/467
f 1340/1000/467 1337/997/467 1339/999/467
f 1341/1001/468 1342/1002/468 1343/1003/468
f 1344/1004/468 1341/1001/468 1343/1003/468
f 1345/1005/469 1346/1006/469 1347/1007/469
f 1348/1008/469 1345/1005/469 1347/1007/469
f 1349/1009/470 1350/1010/470 1351/1011/470
f 1352/1012/470 1349/1009/470 1351/1011/470
f 1353/1013/471 1354/1014/471 1355/1015/471
f 1356/1016/471 1353/1013/471 1355/1015/471
f 1357/1017/472 1358/1018/472 1359/1019/472
f 1360/1020/472 1357/1017/472 1359/1019/472
f 1361/1021/473 1362/1022/473 1363/1023/473
f 1364/1024/473 1361/1021/473 1363/1023/473
f 1365/1025/474 1366/1026/474 1367/1027/474
f 1368/1028/474 1365/1025/474 1367/1027/474
f 1369/1029/475 1370/1030/475 1371/1031/475
f 1372/1032/475 1369/1029/475 1371/1031/475
f 1373/1033/476 1374/1034/476 1375/1035/476
f 1376/1036/476 1373/1033/476 1375/1035/476
f 1377/1037/477 1378/1038/477 1379/1039/477
f 1380/1040/477 1377/1037/477 1379/1039/477
f 1381/1041/478 1382/1042/478 1383/1043/478
f 1384/1044/479 1381/1041/479 1383/1043/479
f 1385/1045/480 1386/1046/480 1387/1047/480
f 1388/1048/481 1385/1045/481 1387/1047/481
f 1389/1049/482 1390/1050/482 1391/1051/482
f 1392/1052/482 1389/1049/482 1391/1051/482
f 1243/903/483 1393/1053/483 1394/1054/483
f 1390/1050/483 1243/903/483 1394/1054/483
f 1395/1055/484 1396/1056/485 1397/1057/486
f 1398/1058/487 1395/1055/484 1397/1057/486
f 1399/1059/488 1400/1060/488 1401/1061/488
f 1402/1062/427 1399/1059/427 1401/1061/427
f 1403/1063/482 1390/1050/482 1404/1064/482
f 1405/1065/482 1403/1063/482 1404/1064/482
f 1243/903/483 1390/1050/483 1406/1066/483
f 1407/1067/483 1243/903/483 1406/1066/483
f 1408/1068/422 1409/1069/422 1410/1070/422
f 1411/1071/422 1408/1068/422 1410/1070/422
f 1412/1072/474 1413/1073/474 1414/1074/474
f 1415/1075/474 1412/1072/474 1414/1074/474
f 1416/1076/489 1417/1077/489 1418/1078/489
f 1419/1079/489 1416/1076/489 1418/1078/489
f 1420/1080/490 1421/1081/490 1422/1082/490
f 1423/1083/490 1420/1080/490 1422/1082/490
f 1424/1084/491 1425/1085/491 1426/1086/491
f 1427/1087/491 1424/1084/491 1426/1086/491
f 1428/1088/492 1429/1089/492 1430/1090/492
f 1431/1091/492 1428/1088/492 1430/1090/492
f 1432/1092/493 1433/1093/493 1434/1094/493
f 1435/1095/493 1432/1092/493 1434/1094/493
f 1436/1096/494 1437/1097/494 1438/1098/494
f 1439/1099/494 1436/1096/494 1438/1098/494
f 1440/1100/495 1441/1101/495 1442/1102/495
f 1443/1103/496 1440/1100/496 1442/1102/496
f 1444/1104/497 1445/1105/497 1446/1106/497
f 1447/1107/498 1444/1104/498 1446/1106/498
f 1448/1108/499 1449/1109/499 1450/1110/499
f 1451/1111/500 1448/1108/500 1450/1110/500
f 1452/1112/501 1453/1113/501 1454/1114/501
f 1455/1115/502 1452/1112/502 1454/1114/502
f 1456/1116/503 1457/1117/503 1458/1118/503
f 1459/1119/503 1456/1116/503 1458/1118/503
f 1460/1120/504 1461/1121/504 1462/1122/504
f 1463/1123/504 1460/1120/504 1462/1122/504
f 1464/1124/505 1465/1125/505 1466/1126/505
f 1467/1127/505 1464/1124/505 1466/1126/505
f 1468/1128/506 1469/1129/506 1470/1130/506
f 1471/1131/506 1468/1128/506 1470/1130/506
f 1472/1132/507 1473/1133/507 1474/1134/507
f 1475/1135/507 1472/1132/507 1474/1134/507
f 1476/1136/508 1477/1137/508 1478/1138/508
f 1479/1139/508 1476/1136/508 1478/1138/508
f 1480/1140/509 1481/1141/509 1482/1142/509
f 1483/1143/509 1480/1140/509 1482/1142/509
f 1484/1144/510 1485/1145/510 1486/1146/510
f 1487/1147/510 1484/1144/510 1486/1146/510
f 1488/1148/511 1489/1149/511 1490/1150/511
f 1491/1151/511 1488/1148/511 1490/1150/511
f 1492/1152/512 1493/1153/512 1494/1154/512
f 1495/1155/512 1492/1152/512 1494/1154/512
f 1496/1156/513 1497/1157/514 1498/1158/515
f 1499/1159/516 1496/1156/513 1498/1158/515
f 1500/1160/517 1501/1161/517 1502/1162/517
f 1503/1163/517 1500/1160/517 1502/1162/517
f 1504/1164/518 1505/1165/518 1506/1166/518
f 1507/1167/518 1504/1164/518 1506/1166/518
f 1508/1168/519 1509/1169/519 1510/1170/519
f 1511/1171/520 1508/1168/520 1510/1170/520
f 1512/1172/521 1513/1173/521 1514/1174/521
f 1515/1175/521 1512/1172/521 1514/1174/521
f 1516/1176/522 1517/1177/522 1518/1178/522
f 1519/1179/523 1516/1176/523 1518/1178/523
f 1520/1180/524 1521/1181/524 1522/1182/524
f 1523/1183/524 1520/1180/524 1522/1182/524
f 1524/1184/525 1525/1185/525 1526/1186/525
f 1527/1187/525 1524/1184/525 1526/1186/525
f 1528/1188/512 1529/1189/512 1530/1190/512
f 1531/1191/512 1528/1188/512 1530/1190/512
f 1532/1192/526 1533/1193/527 1534/1194/528
f 1535/1195/529 1532/1192/526 1534/1194/528
f 1536/1196/530 1537/1197/530 1538/1198/530
f 1539/1199/530 1536/1196/530 1538/1198/530
f 1540/1200/531 1541/1201/531 1542/1202/531
f 1543/1203/531 1540/1200/531 1542/1202/531
f 1544/1204/532 1545/1205/532 1546/1206/532
f 1547/1207/533 1544/1204/533 1546/1206/533
f 1548/1208/534 1549/1209/534 1550/1210/534
f 1551/1211/534 1548/1208/534 1550/1210/534
f 1552/1212/535 1553/1213/535 1554/1214/535
f 1555/1215/536 1552/1212/536 1554/1214/536
f 1556/1216/537 1557/1217/537 1558/1218/537
f 1559/1219/537 1556/1216/537 1558/1218/537
f 1560/1220/467 1561/1221/467 1562/1222/467
f 1563/1223/467 1560/1220/467 1562/1222/467
f 1564/1224/468 1565/1225/468 1566/1226/468
f 1567/1227/468 1564/1224/468 1566/1226/468
f 1568/1228/469 1569/1229/469 1570/1230/469
f 1571/1231/469 1568/1228/469 1570/1230/469
f 1572/1232/466 1573/1233/466 1574/1234/466
f 1575/1235/466 1572/1232/466 1574/1234/466
f 1576/1236/538 1577/1237/538 1578/1238/538
f 1579/1239/538 1576/1236/538 1578/1238/538
f 1580/1240/539 1581/1241/539 1582/1242/539
f 1583/1243/539 1580/1240/539 1582/1242/539
f 1584/1244/540 1585/1245/540 1586/1246/540
f 1587/1247/540 1584/1244/540 1586/1246/540
f 1588/1248/541 1589/1249/541 1590/1250/541
f 1591/1251/541 1588/1248/541 1590/1250/541
f 1592/1252/475 1593/1253/475 1594/1254/475
f 1595/1255/475 1592/1252/475 1594/1254/475
f 1596/1256/476 1597/1257/476 1598/1258/476
f 1599/1259/476 1596/1256/476 1598/1258/476
f 1600/1260/477 1601/1261/477 1602/1262/477
f 1603/1263/477 1600/1260/477 1602/1262/477
f 1604/1264/542 1605/1265/542 1606/1266/542
f 1607/1267/542 1604/1264/542 1606/1266/542
f 1608/1268/543 1609/1269/543 1610/1270/543
f 1611/1271/543 1608/1268/543 1610/1270/543
f 1612/1272/544 1613/1273/544 1614/1274/544
f 1615/1275/544 1612/1272/544 1614/1274/544
f 1616/1276/545 1617/1277/545 1618/1278/545
f 1619/1279/545 1616/1276/545 1618/1278/545
f 1620/1280/546 1621/1281/546 1622/1282/546
f 1623/1283/546 1620/1280/546 1622/1282/546
f 1624/1284/547 1625/1285/547 1626/1286/547
f 1627/1287/548 1624/1284/548 1626/1286/548
f 1628/1288/549 1629/1289/549 1630/1290/549
f 1631/1291/549 1628/1288/549 1630/1290/549
f 1632/1292/550 1633/1293/550 1634/1294/550
f 1635/1295/551 1632/1292/551 1634/1294/551
f 1636/1296/552 1637/1297/552 1638/1298/552
f 1634/1294/552 1636/1296/552 1638/1298/552
f 1639/1299/553 1640/1300/553 1641/1301/553
f 1642/1302/553 1639/1299/553 1641/1301/553
f 1626/1286/554 1643/1303/554 1644/1304/554
f 1645/1305/555 1626/1286/555 1644/1304/555
f 1646/1306/556 1647/1307/556 1648/1308/556
f 1649/1309/556 1646/1306/556 1648/1308/556
f 1650/1310/557 1651/1311/557 1652/1312/557
f 1653/1313/558 1650/1310/558 1652/1312/558
f 1654/1314/559 1655/1315/559 1656/1316/559
f 1650/1310/559 1654/1314/559 1656/1316/559
f 1657/1317/415 1658/1318/415 1659/1319/415
f 1660/1320/415 1657/1317/415 1659/1319/415
f 1661/1321/416 1662/1322/416 1663/1323/416
f 1664/1324/416 1661/1321/416 1663/1323/416
f 1665/1325/417 1666/1326/417 1667/1327/417
f 1668/1328/417 1665/1325/417 1667/1327/417
f 1669/1329/414 1670/1330/414 1671/1331/414
f 1672/1332/414 1669/1329/414 1671/1331/414
f 1673/1333/560 1674/1334/560 1675/1335/560
f 1676/1336/560 1673/1333/560 1675/1335/560
f 1677/1337/561 1678/1338/561 1679/1339/561
f 1680/1340/561 1677/1337/561 1679/1339/561
f 1681/1341/562 1682/1342/562 1683/1343/562
f 1684/1344/562 1681/1341/562 1683/1343/562
f 1685/1345/563 1686/1346/563 1687/1347/563
f 1688/1348/563 1685/1345/563 1687/1347/563
f 1689/1349/423 1690/1350/423 1691/1351/423
f 1692/1352/423 1689/1349/423 1691/1351/423
f 1693/1353/424 1694/1354/424 1695/1355/424
f 1696/1356/424 1693/1353/424 1695/1355/424
f 1697/1357/425 1698/1358/425 1699/1359/425
f 1700/1360/425 1697/1357/425 1699/1359/425
f 1701/1361/564 1702/1362/564 1703/1363/564
f 1704/1364/564 1701/1361/564 1703/1363/564
f 1705/1365/565 1706/1366/565 1707/1367/565
f 1708/1368/565 1705/1365/565 1707/1367/565
f 1709/1369/566 1710/1370/566 1711/1371/566
f 1712/1372/566 1709/1369/566 1711/1371/566
f 1713/1373/567 1714/1374/567 1715/1375/567
f 1716/1376/567 1713/1373/567 1715/1375/567
f 1717/1377/568 1718/1378/568 1719/1379/568
f 1720/1380/569 1717/1377/569 1719/1379/569
f 1721/1381/570 1722/1382/570 1723/1383/570
f 1724/1384/571 1721/1381/571 1723/1383/571
f 1725/1385/572 1726/1386/572 1727/1387/572
f 1728/1388/572 1725/1385/572 1727/1387/572
f 1729/1389/573 1730/1390/573 1731/1391/573
f 1732/1392/573 1729/1389/573 1731/1391/573
f 1733/1393/574 1734/1394/575 1735/1395/576
f 1736/1396/577 1733/1393/574 1735/1395/576
f 1737/1397/573 1738/1398/573 1739/1399/573
f 1740/1400/573 1737/1397/573 1739/1399/573
f 1741/1401/578 1742/1402/578 1743/1403/578
f 1744/1404/579 1741/1401/579 1743/1403/579
f 1745/1405/580 1746/1406/580 1747/1407/580
f 1748/1408/581 1745/1405/581 1747/1407/581
f 1749/1409/582 1750/1410/582 1751/1411/582
f 1752/1412/582 1749/1409/582 1751/1411/582
f 1753/1413/573 1754/1414/573 1755/1415/573
f 1756/1416/573 1753/1413/573 1755/1415/573
f 1757/1417/583 1758/1418/584 1759/1419/585
f 1760/1420/586 1757/1417/583 1759/1419/585
f 1761/1421/573 1762/1422/573 1763/1423/573
f 1764/1424/573 1761/1421/573 1763/1423/573
f 1765/1425/587 1766/1426/587 1767/1427/587
f 1768/1428/588 1765/1425/588 1767/1427/588
f 1769/1429/589 1770/1430/589 1771/1431/589
f 1772/1432/590 1769/1429/590 1771/1431/590
f 1773/1433/591 1774/1434/591 1775/1435/591
f 1776/1436/591 1773/1433/591 1775/1435/591
f 1777/1437/592 1778/1438/592 1779/1439/592
f 1780/1440/592 1777/1437/592 1779/1439/592
f 1781/1441/593 1782/1442/594 1783/1443/595
f 1784/1444/596 1781/1441/593 1783/1443/595
f 1785/1445/592 1786/1446/592 1787/1447/592
f 1788/1448/592 1785/1445/592 1787/1447/592
f 1789/1449/597 1790/1450/597 1791/1451/597
f 1792/1452/598 1789/1449/598 1791/1451/598
f 1793/1453/599 1794/1454/599 1795/1455/599
f 1796/1456/600 1793/1453/600 1795/1455/600
f 1797/1457/601 1798/1458/601 1799/1459/601
f 1800/1460/601 1797/1457/601 1799/1459/601
f 1801/1461/592 1802/1462/592 1803/1463/592
f 1804/1464/592 1801/1461/592 1803/1463/592
f 1805/1465/602 1806/1466/603 1807/1467/604
f 1808/1468/605 1805/1465/602 1807/1467/604
f 1809/1469/592 1810/1470/592 1811/1471/592
f 1812/1472/592 1809/1469/592 1811/1471/592
f 1813/1473/606 1814/1474/606 1815/1475/606
f 1816/1476/607 1817/1477/607 1818/1478/607
f 1819/1479/608 1820/1480/608 1821/1481/608
f 1822/1482/512 1823/1483/512 1824/1484/512
f 1825/1485/609 1826/1486/609 1827/1487/609
f 1828/1488/610 1829/1489/610 1830/1490/610
f 1831/1491/611 1832/1492/611 1833/1493/611
f 1834/1494/612 1835/1495/612 1836/1496/612
f 1837/1497/512 1838/1498/512 1839/1499/512
f 1840/1500/613 1841/1501/613 1842/1502/613
f 1843/1503/614 1844/1504/614 1845/1505/614
f 1846/1506/615 1847/1507/615 1848/1508/615
f 1849/1509/512 1850/1510/512 1851/1511/512
f 1852/1512/512 1853/1513/512 1854/1514/512
f 1855/1515/616 1856/1516/616 1857/1517/616
f 1625/1285/617 1858/1518/617 1859/1519/617
f 1635/1295/618 1625/1285/618 1860/1520/618
f 1861/1521/619 1643/1303/619 1862/1522/619
f 1643/1303/620 1653/1313/620 1863/1523/620
f 1864/1524/621 1865/1525/621 1866/1526/621
f 1867/1527/622 1868/1528/622 1869/1529/622
f 1870/1530/623 1871/1531/623 1872/1532/623
f 1873/1533/624 1874/1534/624 1875/1535/624
f 1876/1536/625 1877/1537/625 1878/1538/625
f 1879/1539/626 1880/1540/626 1881/1541/626
f 1882/1542/627 1883/1543/627 1884/1544/627
f 1885/1545/628 1886/1546/628 1887/1547/628
f 1888/1548/629 1889/1549/629 387/47/629
f 1890/1550/630 1891/1551/630 1892/1552/630
f 1893/1553/631 1894/1554/631 1895/1555/631
f 1896/1556/632 1897/1557/632 1898/1558/632
f 1899/1559/633 1900/1560/633 1901/1561/633
f 1902/1562/634 1903/1563/634 1904/1564/634
f 1905/1565/635 1906/1566/635 395/55/635
f 1907/1567/636 395/55/636 1908/1568/636
f 1909/1569/637 1910/1570/637 1911/1571/637
f 1912/1572/638 1913/1573/638 395/55/638
f 1914/1574/639 1915/1575/639 1916/1576/639
f 1917/1577/640 1918/1578/640 1919/1579/640
f 1920/1580/641 1921/1581/641 1922/1582/641
f 1923/1583/642 1924/1584/642 1925/1585/642
f 1926/1586/643 1927/1587/643 1928/1588/643
f 1929/1589/644 1930/1590/644 1931/1591/644
f 1932/1592/645 1933/1593/645 1934/1594/645
f 1935/1595/646 1936/1596/646 1937/1597/646
f 1938/1598/647 1939/1599/647 1940/1600/647
f 1941/1601/648 1942/1602/648 1943/1603/648
f 1944/1604/649 1945/1605/649 1946/1606/649
f 1947/1607/650 1948/1608/650 1949/1609/650
f 1950/1610/651 1951/1611/651 1952/1612/651
f 1953/1613/652 1954/1614/652 1955/1615/652
f 1956/1616/653 354/14/653 1957/1617/653
f 1958/1618/654 1959/1619/654 1960/1620/654
f 371/31/655 1961/1621/655 1962/1622/655
f 1963/1623/656 371/31/656 1964/1624/656
f 1965/1625/657 359/19/657 1966/1626/657
f 1967/1627/658 1968/1628/658 1969/1629/658
f 1970/1630/659 1971/1631/659 1972/1632/659
f 1973/1633/660 1974/1634/660 1975/1635/660
f 1976/1636/661 1977/1637/661 375/35/661
f 1978/1638/662 384/44/662 1979/1639/662
f 1980/1640/663 373/33/663 1981/1641/663
f 1982/1642/664 1983/1643/664 1984/1644/664
f 1985/1645/665 1986/1646/665 1987/1647/665
f 1988/1648/666 1989/1649/666 1990/1650/666
f 384/44/667 1991/1651/667 1992/1652/667
f 1993/1653/668 1994/1654/668 1995/1655/668
f 1996/1656/669 1997/1657/669 1998/1658/669
f 1999/1659/670 2000/1660/670 2001/1661/670
f 2002/1662/671 2003/1663/671 2004/1664/671
f 2005/1665/672 362/22/672 2006/1666/672
f 2007/1667/671 2008/1668/671 2009/1669/671
f 2010/1670/673 2011/1671/673 2012/1672/673
f 2013/1673/674 2014/1674/674 2015/1675/674
f 2016/1676/671 2017/1677/671 2018/1678/671
f 2019/1679/675 2020/1680/675 2021/1681/675
f 2022/1682/676 2023/1683/676 2024/1684/676
f 2025/1685/677 2026/1686/677 2027/1687/677
f 2028/1688/678 2029/1689/678 2030/1690/678
f 2031/1691/679 2032/1692/679 2033/1693/679
f 2034/1694/609 2035/1695/609 2036/1696/609
f 2037/1697/680 2038/1698/680 366/26/680
f 2039/1699/681 2040/1700/681 2041/1701/681
f 2042/1702/682 2043/1703/682 2044/1704/682
f 2045/1705/683 2046/1706/683 2047/1707/683
f 2048/1708/684 388/48/684 2049/1709/684
f 2050/1710/685 364/24/685 2051/1711/685
f 2052/1712/686 2053/1713/686 2054/1714/686
f 2055/1715/687 2056/1716/687 2057/1717/687
f 2058/1718/688 2059/1719/688 2060/1720/688
f 2061/1721/689 2062/1722/689 2063/1723/689
f 2064/1724/690 2065/1725/690 2066/1726/690
f 2067/1727/691 2068/1728/691 2069/1729/691
f 2070/1730/691 2071/1731/691 2072/1732/691
f 2073/1733/692 2074/1734/692 2075/1735/692
f 2076/1736/691 2077/1737/691 2078/1738/691
f 2079/1739/592 2080/1740/592 2081/1741/592
f 2082/1742/592 2083/1743/592 2084/1744/592
f 2085/1745/693 2086/1746/693 2087/1747/693
f 2088/1748/694 2089/1749/694 2090/1750/694
f 2091/1751/695 2092/1752/695 2093/1753/695
f 2094/1754/592 2095/1755/592 2096/1756/592
f 2097/1757/696 2098/1758/696 2099/1759/696
f 2100/1760/592 2101/1761/592 2102/1762/592
f 2103/1763/697 2104/1764/697 2105/1765/697
f 2106/1766/592 2107/1767/592 2108/1768/592
f 2109/1769/698 2110/1770/698 2111/1771/698
f 2112/1772/592 2113/1773/592 2114/1774/592
f 2115/1775/699 2116/1776/699 2117/1777/699
f 2118/1778/592 2119/1779/592 2120/1780/592
f 2121/1781/592 2122/1782/592 2123/1783/592
f 2124/1784/700 2125/1785/700 2126/1786/700
f 2127/1787/592 2128/1788/592 2129/1789/592
f 2130/1790/701 2131/1791/701 2132/1792/701
f 2133/1793/592 2134/1794/592 2135/1795/592
f 2136/1796/592 2137/1797/592 2138/1798/592
f 2139/1799/702 2140/1800/702 2141/1801/702
f 2142/1802/703 2143/1803/703 2144/1804/703
f 2145/1805/704 2146/1806/704 2147/1807/704
f 2148/1808/705 2149/1809/705 2150/1810/705
f 2151/1811/706 2152/1812/706 381/41/706
f 2153/1813/707 2154/1814/707 2155/1815/707
f 2156/1816/708 2157/1817/708 2158/1818/708
f 2159/1819/709 2160/1820/709 2161/1821/709
f 2162/1822/710 2163/1823/710 2164/1824/710
f 2165/1825/711 2166/1826/711 400/60/711
f 400/60/712 2167/1827/712 2168/1828/712
f 2169/1829/713 2170/1830/713 2171/1831/713
f 2172/1832/714 2173/1833/714 400/60/714
f 354/14/715 2174/1834/715 2175/1835/715
f 2176/1836/716 2177/1837/716 2178/1838/716
f 348/8/717 2179/1839/717 2180/1840/717
f 2181/1841/592 2182/1842/592 2183/1843/592
f 2184/1844/718 2185/1845/718 2186/1846/718
f 2187/1847/719 2188/1848/719 2189/1849/719
f 2190/1850/720 2191/1851/720 2192/1852/720
f 2193/1853/721 2194/1854/721 375/35/721
f 380/40/722 2195/1855/722 2196/1856/722
f 378/38/723 2197/1857/723 2198/1858/723
f 2199/1859/724 2200/1860/724 2201/1861/724
f 2202/1862/725 2203/1863/725 2204/1864/725
f 2205/1865/726 2206/1866/726 2207/1867/726
f 381/41/727 380/40/727 2208/1868/727
f 2209/1869/728 2210/1870/728 2211/1871/728
f 2212/1872/729 2213/1873/729 2214/1874/729
f 2215/1875/730 2216/1876/730 2217/1877/730
f 2218/1878/573 2219/1879/573 2220/1880/573
f 2221/1881/671 2222/1882/671 2223/1883/671
f 2224/1884/573 2225/1885/573 2226/1886/573
f 2227/1887/671 2228/1888/671 2229/1889/671
f 2230/1890/693 2231/1891/693 2232/1892/693
f 2233/1893/731 2234/1894/731 2235/1895/731
f 2236/1896/671 2237/1897/671 2238/1898/671
f 2239/1899/573 2240/1900/573 2241/1901/573
f 2242/1902/732 2243/1903/732 2244/1904/732
f 2245/1905/733 2246/1906/733 2247/1907/733
f 2248/1908/734 2249/1909/734 2250/1910/734
f 2251/1911/573 2252/1912/573 2253/1913/573
f 2254/1914/735 2255/1915/735 2256/1916/735
f 2257/1917/573 2258/1918/573 2259/1919/573
f 2260/1920/736 2261/1921/736 2262/1922/736
f 2263/1923/737 2264/1924/737 2265/1925/737
f 2266/1926/738 2267/1927/738 2268/1928/738
f 2269/1929/739 2270/1930/739 2271/1931/739
f 2272/1932/573 2273/1933/573 2274/1934/573
f 2275/1935/740 2276/1936/740 2277/1937/740
f 2278/1938/573 2279/1939/573 2280/1940/573
f 2281/1941/573 2282/1942/573 2283/1943/573
f 2284/1944/700 2285/1945/700 2286/1946/700
f 2287/1947/573 2288/1948/573 2289/1949/573
f 2290/1950/741 2291/1951/741 2292/1952/741
f 2293/1953/573 2294/1954/573 2295/1955/573
f 2296/1956/573 2297/1957/573 2298/1958/573
f 2299/1959/742 2300/1960/742 2301/1961/742
f 2302/1962/573 2303/1963/573 2304/1964/573
f 2305/1965/743 2306/1966/743 2307/1967/743
f 2308/1968/507 2309/1969/507 2310/1970/507
f 2311/1971/744 2312/1972/744 2313/1973/744
f 2314/1974/745 2315/1975/745 2316/1976/745
f 2317/1977/746 2318/1978/746 2319/1979/746
f 2320/1980/747 2321/1981/747 2322/1982/747
f 2323/1983/748 2324/1984/748 2325/1985/748
f 2326/1986/749 2327/1987/749 2328/1988/749
f 2329/1989/750 2330/1990/750 2331/1991/750
f 2332/1992/751 2333/1993/751 2334/1994/751
f 2335/1995/752 2336/1996/752 2337/1997/752
f 2338/1998/753 2339/1999/753 2340/2000/753
f 2341/2001/754 2342/2002/754 2343/2003/754
f 2344/2004/755 2345/2005/755 2346/2006/755
f 2347/2007/756 2348/2008/756 2349/2009/756
f 2350/2010/757 2351/2011/757 2352/2012/757
f 2353/2013/758 2354/2014/758 2355/2015/758
f 2356/2016/759 2357/2017/759 2358/2018/759
f 2359/2019/760 2360/2020/760 2361/2021/760
f 2362/2022/761 2363/2023/761 2364/2024/761
f 2365/2025/762 2366/2026/762 2367/2027/762
f 2368/2028/763 2369/2029/763 2370/2030/763
f 2371/2031/764 2372/2032/764 2373/2033/764
f 2374/2034/765 2375/2035/765 2376/2036/765
f 2377/2037/766 2378/2038/766 2379/2039/766
f 2380/2040/767 2381/2041/767 2382/2042/767
f 341/1/768 344/4/768 2383/2043/768
f 2384/2044/769 2385/2045/769 2386/2046/769
f 2387/2047/770 2388/2048/770 2389/2049/770
f 2390/2050/771 2391/2051/771 2392/2052/771
f 2393/2053/772 2394/2054/772 2395/2055/772
f 2396/2056/773 2397/2057/773 2398/2058/773
f 2399/2059/774 2400/2060/774 2401/2061/774
f 2402/2062/775 2403/2063/775 2404/2064/775
f 2405/2065/776 2406/2066/776 2407/2067/776
f 2408/2068/777 2409/2069/777 2410/2070/777
f 2411/2071/778 2412/2072/778 2413/2073/778
f 359/19/779 2414/2074/779 2415/2075/779
f 2416/2076/780 2417/2077/780 2418/2078/780
f 2419/2079/781 343/3/781 2420/2080/781
f 343/3/782 2421/2081/782 2422/2082/782
f 2423/2083/783 2424/2084/783 2425/2085/783
f 2426/2086/784 2427/2087/784 2428/2088/784
f 2429/2089/785 2430/2090/785 2431/2091/785
f 2432/2092/786 2433/2093/786 2434/2094/786
f 2435/2095/787 2436/2096/787 366/26/787
f 341/1/788 2437/2097/788 2438/2098/788
f 344/4/789 2439/2099/789 2440/2100/789
f 2441/2101/790 2442/2102/790 2443/2103/790
f 2444/2104/791 2445/2105/791 2446/2106/791
f 2447/2107/792 2448/2108/792 2449/2109/792
f 2450/2110/793 341/1/793 2451/2111/793
f 2452/2112/794 2453/2113/794 2454/2114/794
f 2455/2115/795 2456/2116/795 2457/2117/795
f 2458/2118/796 2459/2119/796 2460/2120/796
f 2461/2121/797 2462/2122/797 2463/2123/797
f 2464/2124/691 2465/2125/691 2466/2126/691
f 2467/2127/798 2468/2128/798 2469/2129/798
f 2470/2130/691 2471/2131/691 2472/2132/691
f 2473/2133/799 2474/2134/799 2475/2135/799
f 2476/2136/800 2477/2137/800 2478/2138/800
f 2479/2139/691 2480/2140/691 2481/2141/691
f 2482/2142/801 2483/2143/801 2484/2144/801
f 2485/2145/802 2486/2146/802 2487/2147/802
f 2488/2148/803 2489/2149/803 2490/2150/803
f 2491/2151/804 2492/2152/804 2493/2153/804
f 2494/2154/805 2495/2155/805 2496/2156/805
f 2497/2157/735 2498/2158/735 2499/2159/735
f 2500/2160/806 2501/2161/806 2502/2162/806
f 2503/2163/807 2504/2164/807 2505/2165/807
f 2506/2166/808 2507/2167/808 2508/2168/808
f 2509/2169/809 2510/2170/809 2511/2171/809
f 2512/2172/810 2513/2173/810 2514/2174/810
f 2515/2175/811 2516/2176/811 2517/2177/811
f 2518/2178/812 2519/2179/812 2520/2180/812
f 2521/2181/813 2522/2182/813 2523/2183/813
f 2524/2184/814 2525/2185/814 2526/2186/814
f 2527/2187/815 2528/2188/815 2529/2189/815
f 2530/2190/816 2531/2191/816 2532/2192/816
f 2533/2193/817 2534/2194/817 2535/2195/817
f 2536/2196/818 2537/2197/818 2538/2198/818
f 2539/2199/819 2540/2200/819 2541/2201/819
f 2542/2202/820 2543/2203/820 2544/2204/820
f 2545/2205/821 2546/2206/821 2547/2207/821
f 2548/2208/822 2549/2209/822 2550/2210/822
f 2551/2211/823 2552/2212/823 2553/2213/823
f 2554/2214/507 2555/2215/507 2556/2216/507
f 2557/2217/507 2558/2218/507 2559/2219/507
f 2560/2220/824 2561/2221/824 2562/2222/824
f 2563/2223/825 2564/2224/825 2565/2225/825
f 372/32/826 374/34/826 2566/2226/826
f 352/12/38 377/37/37 354/14/827
f 348/8/828 351/11/828 378/38/828
f 363/23/829 365/25/829 2567/2227/829
f 357/17/28 368/28/27 359/19/830
f 2568/2228/50 394/54/50 392/52/50
usemtl SwordMaster0Demo
f 1/2229/831 2/2230/831 3/2231/831
f 4/2232/832 1/2229/833 3/2231/834
f 4/2232/832 3/2231/834 5/2233/835
f 6/2234/836 4/2232/836 5/2233/836
f 6/2234/837 5/2233/837 7/2235/837
f 8/2236/838 6/2234/838 7/2235/838
f 8/2236/839 7/2235/839 9/2237/839
f 10/2238/839 8/2236/839 9/2237/839
f 10/2238/592 9/2237/592 11/2239/592
f 12/2240/592 10/2238/592 11/2239/592
f 12/2240/840 11/2239/840 13/2241/840
f 14/2242/831 15/2243/831 16/2244/831
f 17/2245/841 14/2242/833 16/2244/842
f 17/2245/841 16/2244/842 18/2246/835
f 19/2247/836 17/2245/836 18/2246/836
f 19/2247/843 18/2246/843 20/2248/843
f 21/2249/844 19/2247/844 20/2248/844
f 21/2249/592 20/2248/845 22/2250/592
f 23/2251/592 21/2249/592 22/2250/592
f 23/2251/592 22/2250/592 24/2252/592
f 25/2253/592 23/2251/592 24/2252/592
f 26/2254/846 27/2255/846 28/2256/846
f 29/2257/847 26/2254/848 28/2256/849
f 29/2257/847 28/2256/849 30/2258/850
f 31/2259/851 29/2257/851 30/2258/851
f 31/2259/852 30/2258/852 32/2260/852
f 33/2261/853 31/2259/853 32/2260/853
f 33/2261/573 32/2260/854 34/2262/573
f 35/2263/573 33/2261/573 34/2262/573
f 35/2263/573 34/2262/573 36/2264/573
f 37/2265/573 35/2263/573 36/2264/573
f 38/2266/846 39/2267/846 40/2268/846
f 41/2269/855 38/2266/848 40/2268/849
f 41/2269/855 40/2268/849 42/2270/850
f 43/2271/851 41/2269/851 42/2270/851
f 43/2271/856 42/2270/856 44/2272/856
f 45/2273/857 43/2271/857 44/2272/857
f 45/2273/573 44/2272/573 46/2274/573
f 47/2275/573 45/2273/573 46/2274/573
f 47/2275/858 46/2274/858 48/2276/858
f 49/2277/859 50/2278/859 51/2279/859
f 52/2280/860 49/2277/861 51/2279/862
f 52/2280/860 51/2279/862 53/2281/863
f 54/2282/864 52/2280/864 53/2281/864
f 54/2282/865 53/2281/865 55/2283/865
f 56/2284/592 54/2282/592 55/2283/592
f 56/2284/592 55/2283/592 57/2285/592
f 58/2286/592 56/2284/592 57/2285/592
f 58/2286/592 57/2285/592 59/2287/592
f 60/2288/866 61/2289/866 62/2290/866
f 63/2291/867 60/2288/868 62/2290/869
f 63/2291/867 62/2290/869 64/2292/870
f 65/2293/871 63/2291/871 64/2292/871
f 65/2293/872 64/2292/872 66/2294/872
f 67/2295/573 65/2293/573 66/2294/573
f 67/2295/573 66/2294/573 68/2296/573
f 69/2297/573 67/2295/573 68/2296/573
f 69/2297/573 68/2296/573 70/2298/573
f 71/2299/873 72/2300/873 73/2301/873
f 74/2302/874 71/2299/874 73/2301/874
f 74/2302/875 73/2301/875 75/2303/875
f 76/2304/876 74/2302/876 75/2303/876
f 76/2304/877 75/2303/877 77/2305/877
f 78/2306/878 76/2304/878 77/2305/878
f 78/2306/879 77/2305/879 79/2307/879
f 80/2308/880 81/2309/880 82/2310/880
f 83/2311/881 80/2308/881 82/2310/881
f 83/2311/882 82/2310/882 84/2312/882
f 85/2313/883 83/2311/883 84/2312/883
f 85/2313/884 84/2312/884 86/2314/884
f 87/2315/885 85/2313/885 86/2314/885
f 87/2315/886 86/2314/886 88/2316/886
f 89/2317/887 90/2318/887 91/2319/887
f 92/2320/888 89/2317/888 91/2319/888
f 92/2320/889 91/2319/889 93/2321/889
f 94/2322/890 92/2320/890 93/2321/890
f 94/2322/891 93/2321/891 95/2323/891
f 96/2324/892 94/2322/892 95/2323/892
f 97/2325/893 98/2326/893 99/2327/893
f 100/2328/894 97/2325/894 99/2327/894
f 100/2328/895 99/2327/895 101/2329/895
f 102/2330/896 100/2328/896 101/2329/896
f 102/2330/897 101/2329/897 103/2331/897
f 104/2332/898 102/2330/898 103/2331/898
f 105/2333/899 106/2334/899 107/2335/899
f 108/2336/900 105/2333/900 107/2335/900
f 108/2336/901 107/2335/901 109/2337/901
f 110/2338/902 108/2336/902 109/2337/902
f 110/2338/903 109/2337/903 111/2339/903
f 112/2340/904 113/2341/904 114/2342/904
f 115/2343/905 112/2340/905 114/2342/905
f 115/2343/906 114/2342/906 116/2344/906
f 117/2345/907 115/2343/907 116/2344/907
f 117/2345/908 116/2344/908 118/2346/908
f 44/2272/909 42/2270/909 119/2347/909
f 120/2348/573 44/2272/573 119/2347/573
f 120/2348/573 119/2347/573 121/2349/573
f 122/2350/910 120/2348/910 121/2349/910
f 123/2351/911 124/2352/911 125/2353/911
f 126/2354/912 123/2351/912 125/2353/912
f 126/2354/913 125/2353/913 127/2355/913
f 128/2356/914 126/2354/914 127/2355/914
f 129/2357/915 130/2358/915 131/2359/915
f 132/2360/916 129/2357/916 131/2359/916
f 132/2360/917 131/2359/917 133/2361/917
f 134/2362/918 132/2360/918 133/2361/918
f 135/2363/919 13/2241/919 11/2239/919
f 136/2364/920 135/2363/920 11/2239/920
f 136/2364/592 11/2239/592 9/2237/592
f 7/2235/592 136/2364/592 9/2237/592
f 137/2365/921 138/2366/921 61/2289/921
f 139/2367/922 137/2365/922 61/2289/922
f 139/2367/923 61/2289/923 60/2288/923
f 140/2368/924 141/2369/924 50/2278/924
f 142/2370/925 140/2368/925 50/2278/925
f 142/2370/926 50/2278/926 49/2277/926
f 143/2371/927 144/2372/928 145/2373/929
f 146/2374/930 143/2371/927 145/2373/929
f 146/2374/930 145/2373/929 147/2375/931
f 148/2376/932 149/2377/932 150/2378/932
f 151/2379/933 148/2376/933 150/2378/933
f 151/2379/934 150/2378/934 152/2380/934
f 153/2381/935 154/2382/936 155/2383/937
f 156/2384/938 153/2381/935 155/2383/937
f 156/2384/938 155/2383/937 157/2385/939
f 158/2386/940 159/2387/940 160/2388/940
f 161/2389/941 158/2386/941 160/2388/941
f 161/2389/942 160/2388/942 162/2390/942
f 163/2391/512 164/2392/512 165/2393/512
f 166/2394/512 163/2391/512 165/2393/512
f 166/2394/512 165/2393/512 167/2395/512
f 168/2396/943 169/2397/943 170/2398/943
f 171/2399/944 168/2396/944 170/2398/944
f 171/2399/945 170/2398/945 172/2400/945
f 173/2401/946 174/2402/946 175/2403/946
f 176/2404/947 173/2401/947 175/2403/947
f 176/2404/948 175/2403/948 177/2405/948
f 178/2406/949 179/2407/949 180/2408/949
f 181/2409/949 178/2406/949 180/2408/949
f 181/2409/949 180/2408/949 182/2410/949
f 65/2293/573 67/2295/573 183/2411/573
f 184/2412/950 65/2293/951 183/2411/951
f 184/2412/950 183/2411/951 185/2413/952
f 186/2414/953 187/2415/953 188/2416/953
f 189/2417/953 186/2414/953 188/2416/953
f 189/2417/953 188/2416/953 190/2418/953
f 26/2254/954 191/2419/954 192/2420/954
f 27/2255/955 26/2254/955 192/2420/955
f 193/2421/956 194/2422/956 195/2423/956
f 196/2424/957 193/2421/957 195/2423/957
f 158/2386/958 193/2421/958 196/2424/958
f 159/2387/959 158/2386/959 196/2424/959
f 185/2413/952 197/2425/960 198/2426/961
f 199/2427/962 185/2413/952 198/2426/961
f 185/2413/952 199/2427/962 200/2428/963
f 184/2412/950 185/2413/952 200/2428/963
f 201/2429/964 202/2430/964 203/2431/964
f 204/2432/965 201/2429/965 203/2431/965
f 81/2309/966 201/2429/966 204/2432/966
f 82/2310/967 81/2309/967 204/2432/967
f 123/2351/968 88/2316/968 86/2314/968
f 124/2352/969 123/2351/969 86/2314/969
f 205/2433/970 206/2434/970 207/2435/970
f 208/2436/971 205/2433/971 207/2435/971
f 148/2376/972 205/2433/972 208/2436/972
f 149/2377/973 148/2376/973 208/2436/973
f 209/2437/974 210/2438/975 211/2439/976
f 212/2440/977 209/2437/974 211/2439/976
f 209/2437/974 212/2440/977 213/2441/978
f 214/2442/979 209/2437/974 213/2441/978
f 215/2443/980 216/2444/980 217/2445/980
f 218/2446/981 215/2443/981 217/2445/981
f 72/2300/982 215/2443/982 218/2446/982
f 73/2301/983 72/2300/983 218/2446/983
f 133/2361/984 79/2307/984 77/2305/984
f 134/2362/985 133/2361/985 77/2305/985
f 111/2339/986 109/2337/986 219/2447/986
f 220/2448/987 111/2339/987 219/2447/987
f 45/2273/573 47/2275/573 221/2449/573
f 222/2450/988 45/2273/988 221/2449/988
f 223/2451/923 224/2452/923 225/2453/923
f 226/2454/866 223/2451/866 225/2453/866
f 120/2348/989 122/2350/989 227/2455/989
f 48/2276/990 120/2348/990 227/2455/990
f 120/2348/858 48/2276/858 46/2274/858
f 44/2272/573 120/2348/573 46/2274/573
f 228/2456/512 229/2457/512 230/2458/512
f 231/2459/512 228/2456/512 230/2458/512
f 232/2460/507 233/2461/507 234/2462/507
f 235/2463/507 232/2460/507 234/2462/507
f 236/2464/991 237/2465/992 238/2466/993
f 239/2467/994 236/2464/991 238/2466/993
f 240/2468/995 241/2469/995 242/2470/995
f 243/2471/996 240/2468/996 242/2470/996
f 228/2456/512 231/2459/512 244/2472/512
f 245/2473/512 228/2456/512 244/2472/512
f 246/2474/507 247/2475/507 232/2460/507
f 235/2463/507 246/2474/507 232/2460/507
f 248/2476/997 249/2477/998 250/2478/999
f 251/2479/1000 248/2476/997 250/2478/999
f 252/2480/1001 253/2481/1001 254/2482/1001
f 255/2483/1002 252/2480/1002 254/2482/1002
f 122/2350/868 223/2451/868 226/2454/868
f 227/2455/870 122/2350/870 226/2454/870
f 256/2484/1003 257/2485/1004 258/2486/1005
f 259/2487/1006 256/2484/1003 258/2486/1005
f 260/2488/1007 261/2489/1007 262/2490/1007
f 263/2491/1008 260/2488/1008 262/2490/1008
f 264/2492/507 265/2493/507 266/2494/507
f 267/2495/507 264/2492/507 266/2494/507
f 268/2496/1009 269/2497/1010 270/2498/1011
f 271/2499/1012 268/2496/1009 270/2498/1011
f 272/2500/1013 273/2501/1013 274/2502/1013
f 275/2503/1014 272/2500/1014 274/2502/1014
f 276/2504/1015 277/2505/1015 278/2506/1015
f 279/2507/1016 276/2504/1016 278/2506/1016
f 168/2396/1017 276/2504/1017 279/2507/1017
f 169/2397/1018 168/2396/1018 279/2507/1018
f 280/2508/1019 147/2375/931 145/2373/929
f 281/2509/1020 280/2508/1019 145/2373/929
f 282/2510/507 283/2511/507 264/2492/507
f 267/2495/507 282/2510/507 264/2492/507
f 284/2512/1021 94/2322/1022 96/2324/1023
f 285/2513/1024 284/2512/1021 96/2324/1023
f 170/2398/1025 286/2514/1025 287/2515/1025
f 172/2400/1026 170/2398/1026 287/2515/1026
f 14/2242/1027 288/2516/1027 289/2517/1027
f 15/2243/1028 14/2242/1028 289/2517/1028
f 290/2518/1029 291/2519/1029 292/2520/1029
f 118/2346/1030 290/2518/1030 292/2520/1030
f 118/2346/1031 116/2344/1031 293/2521/1031
f 290/2518/1032 118/2346/1032 293/2521/1032
f 294/2522/1033 157/2385/939 155/2383/937
f 295/2523/1034 294/2522/1033 155/2383/937
f 286/2514/1035 102/2330/1036 104/2332/1037
f 287/2515/1038 286/2514/1035 104/2332/1037
f 296/2524/1039 297/2525/1039 162/2390/1039
f 160/2388/1040 296/2524/1040 162/2390/1040
f 298/2526/1041 299/2527/1041 300/2528/1041
f 301/2529/1042 298/2526/1042 300/2528/1042
f 173/2401/1043 298/2526/1043 301/2529/1043
f 174/2402/1044 173/2401/1044 301/2529/1044
f 295/2523/1034 34/2262/573 32/2260/854
f 294/2522/1033 295/2523/1034 32/2260/854
f 175/2403/1045 284/2512/1045 285/2513/1045
f 177/2405/1046 175/2403/1046 285/2513/1046
f 302/2530/926 303/2531/926 304/2532/926
f 305/2533/859 302/2530/859 304/2532/859
f 20/2248/845 280/2508/1019 281/2509/1020
f 22/2250/592 20/2248/845 281/2509/1020
f 220/2448/1047 306/2534/1047 307/2535/1047
f 111/2339/1048 220/2448/1048 307/2535/1048
f 308/2536/861 302/2530/861 305/2533/861
f 135/2363/863 308/2536/863 305/2533/863
f 7/2235/1049 5/2233/1049 309/2537/1049
f 310/2538/592 7/2235/592 309/2537/592
f 136/2364/592 7/2235/592 310/2538/592
f 308/2536/1050 136/2364/1050 310/2538/1050
f 311/2539/1051 209/2437/974 214/2442/979
f 54/2282/1051 311/2539/1051 214/2442/979
f 312/2540/1052 313/2541/1052 152/2380/1052
f 150/2378/1053 312/2540/1053 152/2380/1053
f 222/2450/1054 43/2271/1054 45/2273/1054
f 314/2542/512 167/2395/512 165/2393/512
f 315/2543/949 182/2410/949 180/2408/949
f 135/2363/1055 136/2364/1055 308/2536/1055
f 316/2544/953 190/2418/953 188/2416/953
f 311/2539/592 54/2282/592 56/2284/592
usemtl SwordMasterGrip1Demo
f 317/2545/1056 318/2546/1056 319/2547/1056
f 320/2548/1057 321/2549/1057 322/2550/1057
f 323/2551/1058 324/2552/1058 325/2553/1058
f 326/2554/1059 327/2555/1059 328/2556/1059
f 329/2557/1060 330/2558/1060 331/2559/1060
f 332/2560/1061 333/2561/1061 334/2562/1061
f 335/2563/1062 336/2564/1062 337/2565/1062
f 338/2566/1063 339/2567/1063 340/2568/1063
