<?xml version="1.0" encoding="utf-8" standalone="no"?>
<COLLADA xmlns="http://www.collada.org/2005/11/COLLADASchema" version="1.4.1">
    <asset>
        <contributor>
            <authoring_tool>N3DSCmbViewer - Experimental Cmb Viewer v0.2.5</authoring_tool>
        </contributor>
        <created>2015-11-28T10:45:13Z</created>
        <modified>2015-11-28T10:45:13Z</modified>
        <unit meter="0.01" name="centimeter" />
        <up_axis>Y_UP</up_axis>
    </asset>
    <library_images>
        <image id="image-dg_gnn_arch_01-01B83599" name="image-dg_gnn_arch_01-01B83599">
            <init_from>dg_gnn_arch_01_0.png</init_from>
        </image>
        <image id="image-dg_gnn_arch_02-0379E267" name="image-dg_gnn_arch_02-0379E267">
            <init_from>dg_gnn_arch_02_1500.png</init_from>
        </image>
        <image id="image-dg_gnn_carpet_0-0348F5A3" name="image-dg_gnn_carpet_0-0348F5A3">
            <init_from>dg_gnn_carpet_0_1F80.png</init_from>
        </image>
        <image id="image-dg_gnn_dai_02-0190A2BE" name="image-dg_gnn_dai_02-0190A2BE">
            <init_from>dg_gnn_dai_02_2A00.png</init_from>
        </image>
        <image id="image-dg_gnn_gate_01-0215B8B1" name="image-dg_gnn_gate_01-0215B8B1">
            <init_from>dg_gnn_gate_01_3F00.png</init_from>
        </image>
        <image id="image-dg_gnn_kabe_06-02C37E3D" name="image-dg_gnn_kabe_06-02C37E3D">
            <init_from>dg_gnn_kabe_06_5400.png</init_from>
        </image>
        <image id="image-dg_gnn_kuda_01-00DF702C" name="image-dg_gnn_kuda_01-00DF702C">
            <init_from>dg_gnn_kuda_01_7E00.png</init_from>
        </image>
        <image id="image-dg_gnn_kuda_02-03DAF18D" name="image-dg_gnn_kuda_02-03DAF18D">
            <init_from>dg_gnn_kuda_02_8880.png</init_from>
        </image>
        <image id="image-dg_gnn_ten_05-02B27DFB" name="image-dg_gnn_ten_05-02B27DFB">
            <init_from>dg_gnn_ten_05_B280.png</init_from>
        </image>
        <image id="image-dg_gnn_tile_01-00466DD6" name="image-dg_gnn_tile_01-00466DD6">
            <init_from>dg_gnn_tile_01_DC80.png</init_from>
        </image>
        <image id="image-dg_gnn_tile_02-0279DC87" name="image-dg_gnn_tile_02-0279DC87">
            <init_from>dg_gnn_tile_02_10680.png</init_from>
        </image>
        <image id="image-dg_gnn_tile_03-0248C0BF" name="image-dg_gnn_tile_03-0248C0BF">
            <init_from>dg_gnn_tile_03_11B80.png</init_from>
        </image>
        <image id="image-dg_gnn_waku_01-008EC6B7" name="image-dg_gnn_waku_01-008EC6B7">
            <init_from>dg_gnn_waku_01_12080.png</init_from>
        </image>
        <image id="image-dg_gnn_ware_03-0104FC70" name="image-dg_gnn_ware_03-0104FC70">
            <init_from>dg_gnn_ware_03_12B00.png</init_from>
        </image>
        <image id="image-dg_gnn_ware_04-012CDFF3" name="image-dg_gnn_ware_04-012CDFF3">
            <init_from>dg_gnn_ware_04_12D80.png</init_from>
        </image>
        <image id="image-dg_gnn_yuka_01-0293DF92" name="image-dg_gnn_yuka_01-0293DF92">
            <init_from>dg_gnn_yuka_01_13000.png</init_from>
        </image>
        <image id="image-dg_gnn_yuka_07-0332DC24" name="image-dg_gnn_yuka_07-0332DC24">
            <init_from>dg_gnn_yuka_07_1D800.png</init_from>
        </image>
        <image id="image-dg_gnn_yuka_08-00C9BD4C" name="image-dg_gnn_yuka_08-00C9BD4C">
            <init_from>dg_gnn_yuka_08_20200.png</init_from>
        </image>
    </library_images>
    <library_effects>
        <effect id="effect-default" name="effect-default">
            <profile_COMMON>
                <technique sid="COMMON">
                    <phong>
                        <diffuse>
                            <color>1.0 1.0 1.0 1.0</color>
                        </diffuse>
                    </phong>
                </technique>
            </profile_COMMON>
        </effect>
        <effect id="effect-dg_gnn_arch_01-01B83599" name="effect-dg_gnn_arch_01-01B83599">
            <profile_COMMON>
                <newparam sid="surface-dg_gnn_arch_01-01B83599">
                    <surface type="2D">
                        <init_from>image-dg_gnn_arch_01-01B83599</init_from>
                    </surface>
                </newparam>
                <newparam sid="sampler-dg_gnn_arch_01-01B83599">
                    <sampler2D>
                        <source>surface-dg_gnn_arch_01-01B83599</source>
                        <wrap_s>WRAP</wrap_s>
                        <wrap_t>WRAP</wrap_t>
                        <minfilter>LINEAR</minfilter>
                        <magfilter>LINEAR</magfilter>
                    </sampler2D>
                </newparam>
                <technique sid="COMMON">
                    <phong>
                        <diffuse>
                            <texture texture="sampler-dg_gnn_arch_01-01B83599" texcoord="TEXCOORD0" />
                        </diffuse>
                    </phong>
                </technique>
            </profile_COMMON>
        </effect>
        <effect id="effect-dg_gnn_arch_02-0379E267" name="effect-dg_gnn_arch_02-0379E267">
            <profile_COMMON>
                <newparam sid="surface-dg_gnn_arch_02-0379E267">
                    <surface type="2D">
                        <init_from>image-dg_gnn_arch_02-0379E267</init_from>
                    </surface>
                </newparam>
                <newparam sid="sampler-dg_gnn_arch_02-0379E267">
                    <sampler2D>
                        <source>surface-dg_gnn_arch_02-0379E267</source>
                        <wrap_s>WRAP</wrap_s>
                        <wrap_t>WRAP</wrap_t>
                        <minfilter>LINEAR</minfilter>
                        <magfilter>LINEAR</magfilter>
                    </sampler2D>
                </newparam>
                <technique sid="COMMON">
                    <phong>
                        <diffuse>
                            <texture texture="sampler-dg_gnn_arch_02-0379E267" texcoord="TEXCOORD0" />
                        </diffuse>
                    </phong>
                </technique>
            </profile_COMMON>
        </effect>
        <effect id="effect-dg_gnn_carpet_0-0348F5A3" name="effect-dg_gnn_carpet_0-0348F5A3">
            <profile_COMMON>
                <newparam sid="surface-dg_gnn_carpet_0-0348F5A3">
                    <surface type="2D">
                        <init_from>image-dg_gnn_carpet_0-0348F5A3</init_from>
                    </surface>
                </newparam>
                <newparam sid="sampler-dg_gnn_carpet_0-0348F5A3">
                    <sampler2D>
                        <source>surface-dg_gnn_carpet_0-0348F5A3</source>
                        <wrap_s>WRAP</wrap_s>
                        <wrap_t>WRAP</wrap_t>
                        <minfilter>LINEAR</minfilter>
                        <magfilter>LINEAR</magfilter>
                    </sampler2D>
                </newparam>
                <technique sid="COMMON">
                    <phong>
                        <diffuse>
                            <texture texture="sampler-dg_gnn_carpet_0-0348F5A3" texcoord="TEXCOORD0" />
                        </diffuse>
                    </phong>
                </technique>
            </profile_COMMON>
        </effect>
        <effect id="effect-dg_gnn_dai_02-0190A2BE" name="effect-dg_gnn_dai_02-0190A2BE">
            <profile_COMMON>
                <newparam sid="surface-dg_gnn_dai_02-0190A2BE">
                    <surface type="2D">
                        <init_from>image-dg_gnn_dai_02-0190A2BE</init_from>
                    </surface>
                </newparam>
                <newparam sid="sampler-dg_gnn_dai_02-0190A2BE">
                    <sampler2D>
                        <source>surface-dg_gnn_dai_02-0190A2BE</source>
                        <wrap_s>WRAP</wrap_s>
                        <wrap_t>WRAP</wrap_t>
                        <minfilter>LINEAR</minfilter>
                        <magfilter>LINEAR</magfilter>
                    </sampler2D>
                </newparam>
                <technique sid="COMMON">
                    <phong>
                        <diffuse>
                            <texture texture="sampler-dg_gnn_dai_02-0190A2BE" texcoord="TEXCOORD0" />
                        </diffuse>
                    </phong>
                </technique>
            </profile_COMMON>
        </effect>
        <effect id="effect-dg_gnn_gate_01-0215B8B1" name="effect-dg_gnn_gate_01-0215B8B1">
            <profile_COMMON>
                <newparam sid="surface-dg_gnn_gate_01-0215B8B1">
                    <surface type="2D">
                        <init_from>image-dg_gnn_gate_01-0215B8B1</init_from>
                    </surface>
                </newparam>
                <newparam sid="sampler-dg_gnn_gate_01-0215B8B1">
                    <sampler2D>
                        <source>surface-dg_gnn_gate_01-0215B8B1</source>
                        <wrap_s>WRAP</wrap_s>
                        <wrap_t>WRAP</wrap_t>
                        <minfilter>LINEAR</minfilter>
                        <magfilter>LINEAR</magfilter>
                    </sampler2D>
                </newparam>
                <technique sid="COMMON">
                    <phong>
                        <diffuse>
                            <texture texture="sampler-dg_gnn_gate_01-0215B8B1" texcoord="TEXCOORD0" />
                        </diffuse>
                    </phong>
                </technique>
            </profile_COMMON>
        </effect>
        <effect id="effect-dg_gnn_kabe_06-02C37E3D" name="effect-dg_gnn_kabe_06-02C37E3D">
            <profile_COMMON>
                <newparam sid="surface-dg_gnn_kabe_06-02C37E3D">
                    <surface type="2D">
                        <init_from>image-dg_gnn_kabe_06-02C37E3D</init_from>
                    </surface>
                </newparam>
                <newparam sid="sampler-dg_gnn_kabe_06-02C37E3D">
                    <sampler2D>
                        <source>surface-dg_gnn_kabe_06-02C37E3D</source>
                        <wrap_s>WRAP</wrap_s>
                        <wrap_t>WRAP</wrap_t>
                        <minfilter>LINEAR</minfilter>
                        <magfilter>LINEAR</magfilter>
                    </sampler2D>
                </newparam>
                <technique sid="COMMON">
                    <phong>
                        <diffuse>
                            <texture texture="sampler-dg_gnn_kabe_06-02C37E3D" texcoord="TEXCOORD0" />
                        </diffuse>
                    </phong>
                </technique>
            </profile_COMMON>
        </effect>
        <effect id="effect-dg_gnn_kuda_01-00DF702C" name="effect-dg_gnn_kuda_01-00DF702C">
            <profile_COMMON>
                <newparam sid="surface-dg_gnn_kuda_01-00DF702C">
                    <surface type="2D">
                        <init_from>image-dg_gnn_kuda_01-00DF702C</init_from>
                    </surface>
                </newparam>
                <newparam sid="sampler-dg_gnn_kuda_01-00DF702C">
                    <sampler2D>
                        <source>surface-dg_gnn_kuda_01-00DF702C</source>
                        <wrap_s>WRAP</wrap_s>
                        <wrap_t>WRAP</wrap_t>
                        <minfilter>LINEAR</minfilter>
                        <magfilter>LINEAR</magfilter>
                    </sampler2D>
                </newparam>
                <technique sid="COMMON">
                    <phong>
                        <diffuse>
                            <texture texture="sampler-dg_gnn_kuda_01-00DF702C" texcoord="TEXCOORD0" />
                        </diffuse>
                    </phong>
                </technique>
            </profile_COMMON>
        </effect>
        <effect id="effect-dg_gnn_kuda_02-03DAF18D" name="effect-dg_gnn_kuda_02-03DAF18D">
            <profile_COMMON>
                <newparam sid="surface-dg_gnn_kuda_02-03DAF18D">
                    <surface type="2D">
                        <init_from>image-dg_gnn_kuda_02-03DAF18D</init_from>
                    </surface>
                </newparam>
                <newparam sid="sampler-dg_gnn_kuda_02-03DAF18D">
                    <sampler2D>
                        <source>surface-dg_gnn_kuda_02-03DAF18D</source>
                        <wrap_s>WRAP</wrap_s>
                        <wrap_t>WRAP</wrap_t>
                        <minfilter>LINEAR</minfilter>
                        <magfilter>LINEAR</magfilter>
                    </sampler2D>
                </newparam>
                <technique sid="COMMON">
                    <phong>
                        <diffuse>
                            <texture texture="sampler-dg_gnn_kuda_02-03DAF18D" texcoord="TEXCOORD0" />
                        </diffuse>
                    </phong>
                </technique>
            </profile_COMMON>
        </effect>
        <effect id="effect-dg_gnn_ten_05-02B27DFB" name="effect-dg_gnn_ten_05-02B27DFB">
            <profile_COMMON>
                <newparam sid="surface-dg_gnn_ten_05-02B27DFB">
                    <surface type="2D">
                        <init_from>image-dg_gnn_ten_05-02B27DFB</init_from>
                    </surface>
                </newparam>
                <newparam sid="sampler-dg_gnn_ten_05-02B27DFB">
                    <sampler2D>
                        <source>surface-dg_gnn_ten_05-02B27DFB</source>
                        <wrap_s>WRAP</wrap_s>
                        <wrap_t>WRAP</wrap_t>
                        <minfilter>LINEAR</minfilter>
                        <magfilter>LINEAR</magfilter>
                    </sampler2D>
                </newparam>
                <technique sid="COMMON">
                    <phong>
                        <diffuse>
                            <texture texture="sampler-dg_gnn_ten_05-02B27DFB" texcoord="TEXCOORD0" />
                        </diffuse>
                    </phong>
                </technique>
            </profile_COMMON>
        </effect>
        <effect id="effect-dg_gnn_tile_01-00466DD6" name="effect-dg_gnn_tile_01-00466DD6">
            <profile_COMMON>
                <newparam sid="surface-dg_gnn_tile_01-00466DD6">
                    <surface type="2D">
                        <init_from>image-dg_gnn_tile_01-00466DD6</init_from>
                    </surface>
                </newparam>
                <newparam sid="sampler-dg_gnn_tile_01-00466DD6">
                    <sampler2D>
                        <source>surface-dg_gnn_tile_01-00466DD6</source>
                        <wrap_s>WRAP</wrap_s>
                        <wrap_t>WRAP</wrap_t>
                        <minfilter>LINEAR</minfilter>
                        <magfilter>LINEAR</magfilter>
                    </sampler2D>
                </newparam>
                <technique sid="COMMON">
                    <phong>
                        <diffuse>
                            <texture texture="sampler-dg_gnn_tile_01-00466DD6" texcoord="TEXCOORD0" />
                        </diffuse>
                    </phong>
                </technique>
            </profile_COMMON>
        </effect>
        <effect id="effect-dg_gnn_tile_02-0279DC87" name="effect-dg_gnn_tile_02-0279DC87">
            <profile_COMMON>
                <newparam sid="surface-dg_gnn_tile_02-0279DC87">
                    <surface type="2D">
                        <init_from>image-dg_gnn_tile_02-0279DC87</init_from>
                    </surface>
                </newparam>
                <newparam sid="sampler-dg_gnn_tile_02-0279DC87">
                    <sampler2D>
                        <source>surface-dg_gnn_tile_02-0279DC87</source>
                        <wrap_s>WRAP</wrap_s>
                        <wrap_t>WRAP</wrap_t>
                        <minfilter>LINEAR</minfilter>
                        <magfilter>LINEAR</magfilter>
                    </sampler2D>
                </newparam>
                <technique sid="COMMON">
                    <phong>
                        <diffuse>
                            <texture texture="sampler-dg_gnn_tile_02-0279DC87" texcoord="TEXCOORD0" />
                        </diffuse>
                    </phong>
                </technique>
            </profile_COMMON>
        </effect>
        <effect id="effect-dg_gnn_tile_03-0248C0BF" name="effect-dg_gnn_tile_03-0248C0BF">
            <profile_COMMON>
                <newparam sid="surface-dg_gnn_tile_03-0248C0BF">
                    <surface type="2D">
                        <init_from>image-dg_gnn_tile_03-0248C0BF</init_from>
                    </surface>
                </newparam>
                <newparam sid="sampler-dg_gnn_tile_03-0248C0BF">
                    <sampler2D>
                        <source>surface-dg_gnn_tile_03-0248C0BF</source>
                        <wrap_s>WRAP</wrap_s>
                        <wrap_t>WRAP</wrap_t>
                        <minfilter>LINEAR</minfilter>
                        <magfilter>LINEAR</magfilter>
                    </sampler2D>
                </newparam>
                <technique sid="COMMON">
                    <phong>
                        <diffuse>
                            <texture texture="sampler-dg_gnn_tile_03-0248C0BF" texcoord="TEXCOORD0" />
                        </diffuse>
                    </phong>
                </technique>
            </profile_COMMON>
        </effect>
        <effect id="effect-dg_gnn_waku_01-008EC6B7" name="effect-dg_gnn_waku_01-008EC6B7">
            <profile_COMMON>
                <newparam sid="surface-dg_gnn_waku_01-008EC6B7">
                    <surface type="2D">
                        <init_from>image-dg_gnn_waku_01-008EC6B7</init_from>
                    </surface>
                </newparam>
                <newparam sid="sampler-dg_gnn_waku_01-008EC6B7">
                    <sampler2D>
                        <source>surface-dg_gnn_waku_01-008EC6B7</source>
                        <wrap_s>WRAP</wrap_s>
                        <wrap_t>WRAP</wrap_t>
                        <minfilter>LINEAR</minfilter>
                        <magfilter>LINEAR</magfilter>
                    </sampler2D>
                </newparam>
                <technique sid="COMMON">
                    <phong>
                        <diffuse>
                            <texture texture="sampler-dg_gnn_waku_01-008EC6B7" texcoord="TEXCOORD0" />
                        </diffuse>
                    </phong>
                </technique>
            </profile_COMMON>
        </effect>
        <effect id="effect-dg_gnn_ware_03-0104FC70" name="effect-dg_gnn_ware_03-0104FC70">
            <profile_COMMON>
                <newparam sid="surface-dg_gnn_ware_03-0104FC70">
                    <surface type="2D">
                        <init_from>image-dg_gnn_ware_03-0104FC70</init_from>
                    </surface>
                </newparam>
                <newparam sid="sampler-dg_gnn_ware_03-0104FC70">
                    <sampler2D>
                        <source>surface-dg_gnn_ware_03-0104FC70</source>
                        <wrap_s>WRAP</wrap_s>
                        <wrap_t>WRAP</wrap_t>
                        <minfilter>LINEAR</minfilter>
                        <magfilter>LINEAR</magfilter>
                    </sampler2D>
                </newparam>
                <technique sid="COMMON">
                    <phong>
                        <diffuse>
                            <texture texture="sampler-dg_gnn_ware_03-0104FC70" texcoord="TEXCOORD0" />
                        </diffuse>
                    </phong>
                </technique>
            </profile_COMMON>
        </effect>
        <effect id="effect-dg_gnn_ware_04-012CDFF3" name="effect-dg_gnn_ware_04-012CDFF3">
            <profile_COMMON>
                <newparam sid="surface-dg_gnn_ware_04-012CDFF3">
                    <surface type="2D">
                        <init_from>image-dg_gnn_ware_04-012CDFF3</init_from>
                    </surface>
                </newparam>
                <newparam sid="sampler-dg_gnn_ware_04-012CDFF3">
                    <sampler2D>
                        <source>surface-dg_gnn_ware_04-012CDFF3</source>
                        <wrap_s>WRAP</wrap_s>
                        <wrap_t>WRAP</wrap_t>
                        <minfilter>LINEAR</minfilter>
                        <magfilter>LINEAR</magfilter>
                    </sampler2D>
                </newparam>
                <technique sid="COMMON">
                    <phong>
                        <diffuse>
                            <texture texture="sampler-dg_gnn_ware_04-012CDFF3" texcoord="TEXCOORD0" />
                        </diffuse>
                    </phong>
                </technique>
            </profile_COMMON>
        </effect>
        <effect id="effect-dg_gnn_yuka_01-0293DF92" name="effect-dg_gnn_yuka_01-0293DF92">
            <profile_COMMON>
                <newparam sid="surface-dg_gnn_yuka_01-0293DF92">
                    <surface type="2D">
                        <init_from>image-dg_gnn_yuka_01-0293DF92</init_from>
                    </surface>
                </newparam>
                <newparam sid="sampler-dg_gnn_yuka_01-0293DF92">
                    <sampler2D>
                        <source>surface-dg_gnn_yuka_01-0293DF92</source>
                        <wrap_s>WRAP</wrap_s>
                        <wrap_t>WRAP</wrap_t>
                        <minfilter>LINEAR</minfilter>
                        <magfilter>LINEAR</magfilter>
                    </sampler2D>
                </newparam>
                <technique sid="COMMON">
                    <phong>
                        <diffuse>
                            <texture texture="sampler-dg_gnn_yuka_01-0293DF92" texcoord="TEXCOORD0" />
                        </diffuse>
                    </phong>
                </technique>
            </profile_COMMON>
        </effect>
        <effect id="effect-dg_gnn_yuka_07-0332DC24" name="effect-dg_gnn_yuka_07-0332DC24">
            <profile_COMMON>
                <newparam sid="surface-dg_gnn_yuka_07-0332DC24">
                    <surface type="2D">
                        <init_from>image-dg_gnn_yuka_07-0332DC24</init_from>
                    </surface>
                </newparam>
                <newparam sid="sampler-dg_gnn_yuka_07-0332DC24">
                    <sampler2D>
                        <source>surface-dg_gnn_yuka_07-0332DC24</source>
                        <wrap_s>WRAP</wrap_s>
                        <wrap_t>WRAP</wrap_t>
                        <minfilter>LINEAR</minfilter>
                        <magfilter>LINEAR</magfilter>
                    </sampler2D>
                </newparam>
                <technique sid="COMMON">
                    <phong>
                        <diffuse>
                            <texture texture="sampler-dg_gnn_yuka_07-0332DC24" texcoord="TEXCOORD0" />
                        </diffuse>
                    </phong>
                </technique>
            </profile_COMMON>
        </effect>
        <effect id="effect-dg_gnn_yuka_08-00C9BD4C" name="effect-dg_gnn_yuka_08-00C9BD4C">
            <profile_COMMON>
                <newparam sid="surface-dg_gnn_yuka_08-00C9BD4C">
                    <surface type="2D">
                        <init_from>image-dg_gnn_yuka_08-00C9BD4C</init_from>
                    </surface>
                </newparam>
                <newparam sid="sampler-dg_gnn_yuka_08-00C9BD4C">
                    <sampler2D>
                        <source>surface-dg_gnn_yuka_08-00C9BD4C</source>
                        <wrap_s>WRAP</wrap_s>
                        <wrap_t>WRAP</wrap_t>
                        <minfilter>LINEAR</minfilter>
                        <magfilter>LINEAR</magfilter>
                    </sampler2D>
                </newparam>
                <technique sid="COMMON">
                    <phong>
                        <diffuse>
                            <texture texture="sampler-dg_gnn_yuka_08-00C9BD4C" texcoord="TEXCOORD0" />
                        </diffuse>
                    </phong>
                </technique>
            </profile_COMMON>
        </effect>
    </library_effects>
    <library_materials>
        <material id="material-0317A7B2">
            <instance_effect url="#effect-dg_gnn_arch_01-01B83599" />
        </material>
        <material id="material-03D4E547">
            <instance_effect url="#effect-dg_gnn_arch_02-0379E267" />
        </material>
        <material id="material-027C0F84">
            <instance_effect url="#effect-dg_gnn_carpet_0-0348F5A3" />
        </material>
        <material id="material-025C8BAB">
            <instance_effect url="#effect-dg_gnn_dai_02-0190A2BE" />
        </material>
        <material id="material-0140E903">
            <instance_effect url="#effect-dg_gnn_gate_01-0215B8B1" />
        </material>
        <material id="material-0348311E">
            <instance_effect url="#effect-dg_gnn_kabe_06-02C37E3D" />
        </material>
        <material id="material-0189BA16">
            <instance_effect url="#effect-dg_gnn_kuda_01-00DF702C" />
        </material>
        <material id="material-01D78ACB">
            <instance_effect url="#effect-dg_gnn_kuda_02-03DAF18D" />
        </material>
        <material id="material-0093E126">
            <instance_effect url="#effect-dg_gnn_ten_05-02B27DFB" />
        </material>
        <material id="material-0132EA58">
            <instance_effect url="#effect-dg_gnn_tile_01-00466DD6" />
        </material>
        <material id="material-02CA3D1A">
            <instance_effect url="#effect-dg_gnn_tile_02-0279DC87" />
        </material>
        <material id="material-011C25ED">
            <instance_effect url="#effect-dg_gnn_tile_03-0248C0BF" />
        </material>
        <material id="material-01FD555B">
            <instance_effect url="#effect-dg_gnn_waku_01-008EC6B7" />
        </material>
        <material id="material-01E80033">
            <instance_effect url="#effect-dg_gnn_ware_03-0104FC70" />
        </material>
        <material id="material-012801D0">
            <instance_effect url="#effect-dg_gnn_ware_04-012CDFF3" />
        </material>
        <material id="material-02681051">
            <instance_effect url="#effect-dg_gnn_yuka_01-0293DF92" />
        </material>
        <material id="material-01A892E1">
            <instance_effect url="#effect-dg_gnn_yuka_07-0332DC24" />
        </material>
        <material id="material-02ED29F0">
            <instance_effect url="#effect-dg_gnn_yuka_08-00C9BD4C" />
        </material>
    </library_materials>
    <library_geometries>
        <geometry id="geom-02567978" name="geom-02567978">
            <mesh>
                <source id="geom-02567978-pos">
                    <float_array id="geom-02567978-pos-array" count="7551">3837.26 -197.90 -736.02 3853.00 -182.74 -727.15 3838.38 -200.14 -733.15 3854.12 -184.99 -724.28 3837.26 -197.90 -736.02 3835.33 -197.93 -732.53 3853.00 -182.74 -727.15 3851.07 -182.78 -723.66 3835.33 -197.93 -732.53 3838.38 -200.14 -733.15 3851.07 -182.78 -723.66 3854.12 -184.99 -724.28 3837.26 -197.90 -736.02 3838.38 -200.14 -733.15 3835.33 -197.93 -732.53 3851.07 -182.78 -723.66 3854.12 -184.99 -724.28 3853.00 -182.74 -727.15 3860.03 -201.72 -716.75 3847.93 -186.37 -729.89 3858.45 -204.26 -719.05 3846.36 -188.91 -732.20 3860.03 -201.72 -716.75 3861.93 -202.77 -720.05 3847.93 -186.37 -729.89 3849.84 -187.42 -733.20 3861.93 -202.77 -720.05 3858.45 -204.26 -719.05 3849.84 -187.42 -733.20 3846.36 -188.91 -732.20 3860.03 -201.72 -716.75 3858.45 -204.26 -719.05 3861.93 -202.77 -720.05 3849.84 -187.42 -733.20 3846.36 -188.91 -732.20 3847.93 -186.37 -729.89 3851.00 -199.45 -739.72 3847.63 -187.80 -718.88 3848.43 -201.90 -738.40 3845.07 -190.25 -717.56 3847.11 -199.16 -740.56 3843.75 -187.51 -719.71 3851.00 -199.45 -739.72 3847.63 -187.80 -718.88 3847.11 -199.16 -740.56 3848.43 -201.90 -738.40 3843.75 -187.51 -719.71 3845.07 -190.25 -717.56 3851.00 -199.45 -739.72 3848.43 -201.90 -738.40 3847.11 -199.16 -740.56 3843.75 -187.51 -719.71 3845.07 -190.25 -717.56 3847.63 -187.80 -718.88 3871.92 -240.00 -715.77 3871.92 -240.00 -727.41 3871.92 -229.83 -715.77 3871.92 -229.83 -727.41 3871.92 -240.00 -739.05 3861.08 -240.00 -749.89 3871.92 -229.83 -739.05 3861.08 -229.83 -749.89 3863.14 -200.38 -720.31 3863.14 -200.38 -734.51 3849.44 -194.73 -727.41 3863.14 -200.38 -734.51 3856.54 -200.38 -741.12 3849.44 -194.73 -727.41 3871.92 -210.23 -739.05 3861.08 -210.23 -749.89 3868.49 -226.88 -715.77 3868.49 -226.88 -727.41 3868.49 -210.23 -715.77 3868.49 -210.23 -727.41 3871.92 -189.22 -739.05 3861.08 -189.22 -749.89 3871.92 -180.00 -739.05 3861.08 -180.00 -749.89 3871.92 -189.22 -715.77 3871.92 -189.22 -718.93 3871.92 -180.00 -715.77 3871.92 -180.00 -727.41 3871.92 -189.22 -724.38 3871.92 -189.22 -729.82 3871.92 -180.00 -739.05 3871.92 -189.22 -736.25 3871.92 -189.22 -739.05 3871.92 -193.58 -718.93 3871.92 -193.58 -724.38 3871.92 -193.58 -729.82 3871.92 -193.58 -736.25 3868.49 -193.58 -724.38 3868.49 -193.58 -729.82 3868.49 -189.22 -724.38 3868.49 -189.22 -729.82 3868.49 -193.58 -718.93 3868.49 -189.22 -715.77 3868.49 -189.22 -718.93 3868.49 -210.23 -739.05 3868.49 -193.58 -736.25 3868.49 -189.22 -739.05 3868.49 -189.22 -736.25 3868.49 -210.23 -715.77 3871.92 -210.23 -715.77 3868.49 -226.88 -715.77 3871.92 -229.83 -715.77 3871.92 -189.22 -739.05 3871.92 -189.22 -736.25 3868.49 -189.22 -739.05 3868.49 -189.22 -736.25 3871.92 -189.22 -736.25 3871.92 -193.58 -736.25 3868.49 -189.22 -736.25 3868.49 -193.58 -736.25 3871.92 -193.58 -718.93 3871.92 -189.22 -718.93 3868.49 -193.58 -718.93 3868.49 -189.22 -718.93 3871.92 -189.22 -718.93 3871.92 -189.22 -715.77 3868.49 -189.22 -718.93 3868.49 -189.22 -715.77 3868.49 -189.22 -715.77 3871.92 -189.22 -715.77 3871.92 -193.58 -729.82 3871.92 -189.22 -729.82 3868.49 -193.58 -729.82 3868.49 -189.22 -729.82 3871.92 -189.22 -729.82 3871.92 -189.22 -724.38 3868.49 -189.22 -729.82 3868.49 -189.22 -724.38 3871.92 -189.22 -724.38 3871.92 -193.58 -724.38 3868.49 -189.22 -724.38 3868.49 -193.58 -724.38 3868.49 -189.22 -739.05 3868.49 -210.23 -739.05 3871.92 -189.22 -739.05 3871.92 -210.23 -739.05 3871.92 -193.58 -736.25 3871.92 -193.58 -729.82 3868.49 -193.58 -736.25 3868.49 -193.58 -729.82 3871.92 -193.58 -724.38 3871.92 -193.58 -718.93 3868.49 -193.58 -724.38 3868.49 -193.58 -718.93 3871.92 -229.83 -739.05 3868.49 -226.88 -739.05 3871.92 -229.83 -715.77 3871.92 -229.83 -727.41 3868.49 -226.88 -715.77 3868.49 -226.88 -727.41 3871.92 -180.00 -727.41 3865.78 -180.00 -735.87 3865.78 -180.00 -718.95 3871.92 -180.00 -739.05 3861.08 -180.00 -749.89 3865.78 -180.00 -735.87 3857.90 -180.00 -743.76 3865.78 -180.00 -718.95 3865.78 -180.00 -735.87 3863.14 -200.38 -720.31 3863.14 -200.38 -734.51 3865.78 -180.00 -735.87 3857.90 -180.00 -743.76 3863.14 -200.38 -734.51 3856.54 -200.38 -741.12 3871.92 -229.83 -739.05 3871.92 -240.00 -739.05 3868.49 -226.88 -739.05 3871.92 -229.83 -739.05 3868.49 -226.88 -739.05 3871.92 -180.00 -715.77 3871.92 -180.00 -739.05 3861.08 -240.00 -749.89 3849.44 -240.00 -749.89 3861.08 -229.83 -749.89 3849.44 -229.83 -749.89 3837.80 -240.00 -749.89 3826.96 -240.00 -739.05 3837.80 -229.83 -749.89 3826.96 -229.83 -739.05 3856.54 -200.38 -741.12 3842.34 -200.38 -741.12 3849.44 -194.73 -727.41 3842.34 -200.38 -741.12 3835.73 -200.38 -734.51 3849.44 -194.73 -727.41 3837.80 -210.23 -749.89 3826.96 -210.23 -739.05 3861.08 -226.88 -746.47 3849.44 -226.88 -746.47 3861.08 -210.23 -746.47 3849.44 -210.23 -746.47 3837.80 -189.22 -749.89 3826.96 -189.22 -739.05 3837.80 -180.00 -749.89 3826.96 -180.00 -739.05 3861.08 -189.22 -749.89 3857.92 -189.22 -749.89 3861.08 -180.00 -749.89 3849.44 -180.00 -749.89 3852.47 -189.22 -749.89 3847.03 -189.22 -749.89 3837.80 -180.00 -749.89 3840.60 -189.22 -749.89 3837.80 -189.22 -749.89 3857.92 -193.58 -749.89 3852.47 -193.58 -749.89 3847.03 -193.58 -749.89 3840.60 -193.58 -749.89 3852.47 -193.58 -746.47 3847.03 -193.58 -746.47 3852.47 -189.22 -746.47 3847.03 -189.22 -746.47 3857.92 -193.58 -746.47 3861.08 -189.22 -746.47 3857.92 -189.22 -746.47 3837.80 -210.23 -746.47 3840.60 -193.58 -746.47 3837.80 -189.22 -746.47 3840.60 -189.22 -746.47 3861.08 -210.23 -746.47 3861.08 -210.23 -749.89 3861.08 -226.88 -746.47 3861.08 -229.83 -749.89 3837.80 -189.22 -749.89 3840.60 -189.22 -749.89 3837.80 -189.22 -746.47 3840.60 -189.22 -746.47 3840.60 -189.22 -749.89 3840.60 -193.58 -749.89 3840.60 -189.22 -746.47 3840.60 -193.58 -746.47 3857.92 -193.58 -749.89 3857.92 -189.22 -749.89 3857.92 -193.58 -746.47 3857.92 -189.22 -746.47 3857.92 -189.22 -749.89 3861.08 -189.22 -749.89 3857.92 -189.22 -746.47 3861.08 -189.22 -746.47 3861.08 -189.22 -746.47 3861.08 -189.22 -749.89 3847.03 -193.58 -749.89 3847.03 -189.22 -749.89 3847.03 -193.58 -746.47 3847.03 -189.22 -746.47 3847.03 -189.22 -749.89 3852.47 -189.22 -749.89 3847.03 -189.22 -746.47 3852.47 -189.22 -746.47 3852.47 -189.22 -749.89 3852.47 -193.58 -749.89 3852.47 -189.22 -746.47 3852.47 -193.58 -746.47 3837.80 -189.22 -746.47 3837.80 -210.23 -746.47 3837.80 -189.22 -749.89 3837.80 -210.23 -749.89 3840.60 -193.58 -749.89 3847.03 -193.58 -749.89 3840.60 -193.58 -746.47 3847.03 -193.58 -746.47 3852.47 -193.58 -749.89 3857.92 -193.58 -749.89 3852.47 -193.58 -746.47 3857.92 -193.58 -746.47 3837.80 -229.83 -749.89 3837.80 -226.88 -746.47 3861.08 -229.83 -749.89 3849.44 -229.83 -749.89 3861.08 -226.88 -746.47 3849.44 -226.88 -746.47 3849.44 -180.00 -749.89 3840.97 -180.00 -743.76 3857.90 -180.00 -743.76 3837.80 -180.00 -749.89 3826.96 -180.00 -739.05 3840.97 -180.00 -743.76 3833.09 -180.00 -735.87 3857.90 -180.00 -743.76 3840.97 -180.00 -743.76 3856.54 -200.38 -741.12 3842.34 -200.38 -741.12 3840.97 -180.00 -743.76 3833.09 -180.00 -735.87 3842.34 -200.38 -741.12 3835.73 -200.38 -734.51 3837.80 -229.83 -749.89 3837.80 -240.00 -749.89 3837.80 -226.88 -746.47 3837.80 -229.83 -749.89 3837.80 -226.88 -746.47 3861.08 -180.00 -749.89 3837.80 -180.00 -749.89 3826.96 -240.00 -739.05 3826.96 -240.00 -727.41 3826.96 -229.83 -739.05 3826.96 -229.83 -727.41 3826.96 -240.00 -715.77 3837.80 -240.00 -704.93 3826.96 -229.83 -715.77 3837.80 -229.83 -704.93 3835.73 -200.38 -734.51 3835.73 -200.38 -720.31 3849.44 -194.73 -727.41 3835.73 -200.38 -720.31 3842.34 -200.38 -713.70 3849.44 -194.73 -727.41 3826.96 -210.23 -715.77 3837.80 -210.23 -704.93 3830.38 -226.88 -739.05 3830.38 -226.88 -727.41 3830.38 -210.23 -739.05 3830.38 -210.23 -727.41 3826.96 -189.22 -715.77 3837.80 -189.22 -704.93 3826.96 -180.00 -715.77 3837.80 -180.00 -704.93 3826.96 -189.22 -739.05 3826.96 -189.22 -735.89 3826.96 -180.00 -739.05 3826.96 -180.00 -727.41 3826.96 -189.22 -730.45 3826.96 -189.22 -725.01 3826.96 -180.00 -715.77 3826.96 -189.22 -718.57 3826.96 -189.22 -715.77 3826.96 -193.58 -735.89 3826.96 -193.58 -730.45 3826.96 -193.58 -725.01 3826.96 -193.58 -718.57 3830.38 -193.58 -730.45 3830.38 -193.58 -725.01 3830.38 -189.22 -730.45 3830.38 -189.22 -725.01 3830.38 -193.58 -735.89 3830.38 -189.22 -739.05 3830.38 -189.22 -735.89 3830.38 -210.23 -715.77 3830.38 -193.58 -718.57 3830.38 -189.22 -715.77 3830.38 -189.22 -718.57 3830.38 -210.23 -739.05 3826.96 -210.23 -739.05 3830.38 -226.88 -739.05 3826.96 -229.83 -739.05 3826.96 -189.22 -715.77 3826.96 -189.22 -718.57 3830.38 -189.22 -715.77 3830.38 -189.22 -718.57 3826.96 -189.22 -718.57 3826.96 -193.58 -718.57 3830.38 -189.22 -718.57 3830.38 -193.58 -718.57 3826.96 -193.58 -735.89 3826.96 -189.22 -735.89 3830.38 -193.58 -735.89 3830.38 -189.22 -735.89 3826.96 -189.22 -735.89 3826.96 -189.22 -739.05 3830.38 -189.22 -735.89 3830.38 -189.22 -739.05 3830.38 -189.22 -739.05 3826.96 -189.22 -739.05 3826.96 -193.58 -725.01 3826.96 -189.22 -725.01 3830.38 -193.58 -725.01 3830.38 -189.22 -725.01 3826.96 -189.22 -725.01 3826.96 -189.22 -730.45 3830.38 -189.22 -725.01 3830.38 -189.22 -730.45 3826.96 -189.22 -730.45 3826.96 -193.58 -730.45 3830.38 -189.22 -730.45 3830.38 -193.58 -730.45 3830.38 -189.22 -715.77 3830.38 -210.23 -715.77 3826.96 -189.22 -715.77 3826.96 -210.23 -715.77 3826.96 -193.58 -718.57 3826.96 -193.58 -725.01 3830.38 -193.58 -718.57 3830.38 -193.58 -725.01 3826.96 -193.58 -730.45 3826.96 -193.58 -735.89 3830.38 -193.58 -730.45 3830.38 -193.58 -735.89 3826.96 -229.83 -715.77 3830.38 -226.88 -715.77 3826.96 -229.83 -739.05 3826.96 -229.83 -727.41 3830.38 -226.88 -739.05 3830.38 -226.88 -727.41 3826.96 -180.00 -727.41 3833.09 -180.00 -718.95 3833.09 -180.00 -735.87 3826.96 -180.00 -715.77 3837.80 -180.00 -704.93 3833.09 -180.00 -718.95 3840.98 -180.00 -711.07 3833.09 -180.00 -735.87 3833.09 -180.00 -718.95 3835.73 -200.38 -734.51 3835.73 -200.38 -720.31 3833.09 -180.00 -718.95 3840.98 -180.00 -711.07 3835.73 -200.38 -720.31 3842.34 -200.38 -713.70 3826.96 -229.83 -715.77 3826.96 -240.00 -715.77 3830.38 -226.88 -715.77 3826.96 -229.83 -715.77 3830.38 -226.88 -715.77 3826.96 -180.00 -739.05 3826.96 -180.00 -715.77 3837.80 -240.00 -704.93 3849.44 -240.00 -704.93 3837.80 -229.83 -704.93 3849.44 -229.83 -704.93 3861.08 -240.00 -704.93 3871.92 -240.00 -715.77 3861.08 -229.83 -704.93 3871.92 -229.83 -715.77 3842.34 -200.38 -713.70 3856.54 -200.38 -713.70 3849.44 -194.73 -727.41 3856.54 -200.38 -713.70 3863.14 -200.38 -720.31 3849.44 -194.73 -727.41 3861.08 -210.23 -704.93 3871.92 -210.23 -715.77 3837.80 -226.88 -708.36 3849.44 -226.88 -708.36 3837.80 -210.23 -708.36 3849.44 -210.23 -708.36 3861.08 -189.22 -704.93 3871.92 -189.22 -715.77 3861.08 -180.00 -704.93 3871.92 -180.00 -715.77 3837.80 -189.22 -704.93 3840.96 -189.22 -704.93 3837.80 -180.00 -704.93 3849.44 -180.00 -704.93 3846.40 -189.22 -704.93 3851.84 -189.22 -704.93 3861.08 -180.00 -704.93 3858.28 -189.22 -704.93 3861.08 -189.22 -704.93 3840.96 -193.58 -704.93 3846.40 -193.58 -704.93 3851.84 -193.58 -704.93 3858.28 -193.58 -704.93 3846.40 -193.58 -708.36 3851.84 -193.58 -708.36 3846.40 -189.22 -708.36 3851.84 -189.22 -708.36 3840.96 -193.58 -708.36 3837.80 -189.22 -708.36 3840.96 -189.22 -708.36 3861.08 -210.23 -708.36 3858.28 -193.58 -708.36 3861.08 -189.22 -708.36 3858.28 -189.22 -708.36 3837.80 -210.23 -708.36 3837.80 -210.23 -704.93 3837.80 -226.88 -708.36 3837.80 -229.83 -704.93 3861.08 -189.22 -704.93 3858.28 -189.22 -704.93 3861.08 -189.22 -708.36 3858.28 -189.22 -708.36 3858.28 -189.22 -704.93 3858.28 -193.58 -704.93 3858.28 -189.22 -708.36 3858.28 -193.58 -708.36 3840.96 -193.58 -704.93 3840.96 -189.22 -704.93 3840.96 -193.58 -708.36 3840.96 -189.22 -708.36 3840.96 -189.22 -704.93 3837.80 -189.22 -704.93 3840.96 -189.22 -708.36 3837.80 -189.22 -708.36 3837.80 -189.22 -708.36 3837.80 -189.22 -704.93 3851.84 -193.58 -704.93 3851.84 -189.22 -704.93 3851.84 -193.58 -708.36 3851.84 -189.22 -708.36 3851.84 -189.22 -704.93 3846.40 -189.22 -704.93 3851.84 -189.22 -708.36 3846.40 -189.22 -708.36 3846.40 -189.22 -704.93 3846.40 -193.58 -704.93 3846.40 -189.22 -708.36 3846.40 -193.58 -708.36 3861.08 -189.22 -708.36 3861.08 -210.23 -708.36 3861.08 -189.22 -704.93 3861.08 -210.23 -704.93 3858.28 -193.58 -704.93 3851.84 -193.58 -704.93 3858.28 -193.58 -708.36 3851.84 -193.58 -708.36 3846.40 -193.58 -704.93 3840.96 -193.58 -704.93 3846.40 -193.58 -708.36 3840.96 -193.58 -708.36 3861.08 -229.83 -704.93 3861.08 -226.88 -708.36 3837.80 -229.83 -704.93 3849.44 -229.83 -704.93 3837.80 -226.88 -708.36 3849.44 -226.88 -708.36 3849.44 -180.00 -704.93 3857.90 -180.00 -711.07 3840.98 -180.00 -711.07 3861.08 -180.00 -704.93 3871.92 -180.00 -715.77 3857.90 -180.00 -711.07 3865.78 -180.00 -718.95 3840.98 -180.00 -711.07 3857.90 -180.00 -711.07 3842.34 -200.38 -713.70 3856.54 -200.38 -713.70 3857.90 -180.00 -711.07 3865.78 -180.00 -718.95 3856.54 -200.38 -713.70 3863.14 -200.38 -720.31 3861.08 -229.83 -704.93 3861.08 -240.00 -704.93 3861.08 -226.88 -708.36 3861.08 -229.83 -704.93 3861.08 -226.88 -708.36 3837.80 -180.00 -704.93 3861.08 -180.00 -704.93 3837.26 -197.90 -961.11 3853.00 -182.74 -952.24 3838.38 -200.14 -958.24 3854.12 -184.99 -949.36 3837.26 -197.90 -961.11 3835.33 -197.93 -957.62 3853.00 -182.74 -952.24 3851.07 -182.78 -948.74 3835.33 -197.93 -957.62 3838.38 -200.14 -958.24 3851.07 -182.78 -948.74 3854.12 -184.99 -949.36 3837.26 -197.90 -961.11 3838.38 -200.14 -958.24 3835.33 -197.93 -957.62 3851.07 -182.78 -948.74 3854.12 -184.99 -949.36 3853.00 -182.74 -952.24 3860.03 -201.72 -941.84 3847.93 -186.37 -954.98 3858.45 -204.26 -944.14 3846.36 -188.91 -957.28 3860.03 -201.72 -941.84 3861.93 -202.77 -945.14 3847.93 -186.37 -954.98 3849.84 -187.42 -958.28 3861.93 -202.77 -945.14 3858.45 -204.26 -944.14 3849.84 -187.42 -958.28 3846.36 -188.91 -957.28 3860.03 -201.72 -941.84 3858.45 -204.26 -944.14 3861.93 -202.77 -945.14 3849.84 -187.42 -958.28 3846.36 -188.91 -957.28 3847.93 -186.37 -954.98 3851.00 -199.45 -964.81 3847.63 -187.80 -943.96 3848.43 -201.90 -963.49 3845.07 -190.25 -942.64 3847.11 -199.16 -965.64 3843.75 -187.51 -944.80 3851.00 -199.45 -964.81 3847.63 -187.80 -943.96 3847.11 -199.16 -965.64 3848.43 -201.90 -963.49 3843.75 -187.51 -944.80 3845.07 -190.25 -942.64 3851.00 -199.45 -964.81 3848.43 -201.90 -963.49 3847.11 -199.16 -965.64 3843.75 -187.51 -944.80 3845.07 -190.25 -942.64 3847.63 -187.80 -943.96 3871.92 -240.00 -940.86 3871.92 -240.00 -952.50 3871.92 -229.83 -940.86 3871.92 -229.83 -952.50 3871.92 -240.00 -964.14 3861.08 -240.00 -974.98 3871.92 -229.83 -964.14 3861.08 -229.83 -974.98 3863.14 -200.38 -945.40 3863.14 -200.38 -959.60 3849.44 -194.73 -952.50 3863.14 -200.38 -959.60 3856.54 -200.38 -966.21 3849.44 -194.73 -952.50 3871.92 -210.23 -964.14 3861.08 -210.23 -974.98 3868.49 -226.88 -940.86 3868.49 -226.88 -952.50 3868.49 -210.23 -940.86 3868.49 -210.23 -952.50 3871.92 -189.22 -964.14 3861.08 -189.22 -974.98 3871.92 -180.00 -964.14 3861.08 -180.00 -974.98 3871.92 -189.22 -940.86 3871.92 -189.22 -944.02 3871.92 -180.00 -940.86 3871.92 -180.00 -952.50 3871.92 -189.22 -949.46 3871.92 -189.22 -954.90 3871.92 -180.00 -964.14 3871.92 -189.22 -961.34 3871.92 -189.22 -964.14 3871.92 -193.58 -944.02 3871.92 -193.58 -949.46 3871.92 -193.58 -954.90 3871.92 -193.58 -961.34 3868.49 -193.58 -949.46 3868.49 -193.58 -954.90 3868.49 -189.22 -949.46 3868.49 -189.22 -954.90 3868.49 -193.58 -944.02 3868.49 -189.22 -940.86 3868.49 -189.22 -944.02 3868.49 -210.23 -964.14 3868.49 -193.58 -961.34 3868.49 -189.22 -964.14 3868.49 -189.22 -961.34 3868.49 -210.23 -940.86 3871.92 -210.23 -940.86 3868.49 -226.88 -940.86 3871.92 -229.83 -940.86 3871.92 -189.22 -964.14 3871.92 -189.22 -961.34 3868.49 -189.22 -964.14 3868.49 -189.22 -961.34 3871.92 -189.22 -961.34 3871.92 -193.58 -961.34 3868.49 -189.22 -961.34 3868.49 -193.58 -961.34 3871.92 -193.58 -944.02 3871.92 -189.22 -944.02 3868.49 -193.58 -944.02 3868.49 -189.22 -944.02 3871.92 -189.22 -944.02 3871.92 -189.22 -940.86 3868.49 -189.22 -944.02 3868.49 -189.22 -940.86 3868.49 -189.22 -940.86 3871.92 -189.22 -940.86 3871.92 -193.58 -954.90 3871.92 -189.22 -954.90 3868.49 -193.58 -954.90 3868.49 -189.22 -954.90 3871.92 -189.22 -954.90 3871.92 -189.22 -949.46 3868.49 -189.22 -954.90 3868.49 -189.22 -949.46 3871.92 -189.22 -949.46 3871.92 -193.58 -949.46 3868.49 -189.22 -949.46 3868.49 -193.58 -949.46 3868.49 -189.22 -964.14 3868.49 -210.23 -964.14 3871.92 -189.22 -964.14 3871.92 -210.23 -964.14 3871.92 -193.58 -961.34 3871.92 -193.58 -954.90 3868.49 -193.58 -961.34 3868.49 -193.58 -954.90 3871.92 -193.58 -949.46 3871.92 -193.58 -944.02 3868.49 -193.58 -949.46 3868.49 -193.58 -944.02 3871.92 -229.83 -964.14 3868.49 -226.88 -964.14 3871.92 -229.83 -940.86 3871.92 -229.83 -952.50 3868.49 -226.88 -940.86 3868.49 -226.88 -952.50 3871.92 -180.00 -952.50 3865.78 -180.00 -960.96 3865.78 -180.00 -944.04 3871.92 -180.00 -964.14 3861.08 -180.00 -974.98 3865.78 -180.00 -960.96 3857.90 -180.00 -968.84 3865.78 -180.00 -944.04 3865.78 -180.00 -960.96 3863.14 -200.38 -945.40 3863.14 -200.38 -959.60 3865.78 -180.00 -960.96 3857.90 -180.00 -968.84 3863.14 -200.38 -959.60 3856.54 -200.38 -966.21 3871.92 -229.83 -964.14 3871.92 -240.00 -964.14 3868.49 -226.88 -964.14 3871.92 -229.83 -964.14 3868.49 -226.88 -964.14 3871.92 -180.00 -940.86 3871.92 -180.00 -964.14 3861.08 -240.00 -974.98 3849.44 -240.00 -974.98 3861.08 -229.83 -974.98 3849.44 -229.83 -974.98 3837.80 -240.00 -974.98 3826.96 -240.00 -964.14 3837.80 -229.83 -974.98 3826.96 -229.83 -964.14 3856.54 -200.38 -966.21 3842.34 -200.38 -966.21 3849.44 -194.73 -952.50 3842.34 -200.38 -966.21 3835.73 -200.38 -959.60 3849.44 -194.73 -952.50 3837.80 -210.23 -974.98 3826.96 -210.23 -964.14 3861.08 -226.88 -971.56 3849.44 -226.88 -971.56 3861.08 -210.23 -971.56 3849.44 -210.23 -971.56 3837.80 -189.22 -974.98 3826.96 -189.22 -964.14 3837.80 -180.00 -974.98 3826.96 -180.00 -964.14 3861.08 -189.22 -974.98 3857.92 -189.22 -974.98 3861.08 -180.00 -974.98 3849.44 -180.00 -974.98 3852.47 -189.22 -974.98 3847.03 -189.22 -974.98 3837.80 -180.00 -974.98 3840.60 -189.22 -974.98 3837.80 -189.22 -974.98 3857.92 -193.58 -974.98 3852.47 -193.58 -974.98 3847.03 -193.58 -974.98 3840.60 -193.58 -974.98 3852.47 -193.58 -971.56 3847.03 -193.58 -971.56 3852.47 -189.22 -971.56 3847.03 -189.22 -971.56 3857.92 -193.58 -971.56 3861.08 -189.22 -971.56 3857.92 -189.22 -971.56 3837.80 -210.23 -971.56 3840.60 -193.58 -971.56 3837.80 -189.22 -971.56 3840.60 -189.22 -971.56 3861.08 -210.23 -971.56 3861.08 -210.23 -974.98 3861.08 -226.88 -971.56 3861.08 -229.83 -974.98 3837.80 -189.22 -974.98 3840.60 -189.22 -974.98 3837.80 -189.22 -971.56 3840.60 -189.22 -971.56 3840.60 -189.22 -974.98 3840.60 -193.58 -974.98 3840.60 -189.22 -971.56 3840.60 -193.58 -971.56 3857.92 -193.58 -974.98 3857.92 -189.22 -974.98 3857.92 -193.58 -971.56 3857.92 -189.22 -971.56 3857.92 -189.22 -974.98 3861.08 -189.22 -974.98 3857.92 -189.22 -971.56 3861.08 -189.22 -971.56 3861.08 -189.22 -971.56 3861.08 -189.22 -974.98 3847.03 -193.58 -974.98 3847.03 -189.22 -974.98 3847.03 -193.58 -971.56 3847.03 -189.22 -971.56 3847.03 -189.22 -974.98 3852.47 -189.22 -974.98 3847.03 -189.22 -971.56 3852.47 -189.22 -971.56 3852.47 -189.22 -974.98 3852.47 -193.58 -974.98 3852.47 -189.22 -971.56 3852.47 -193.58 -971.56 3837.80 -189.22 -971.56 3837.80 -210.23 -971.56 3837.80 -189.22 -974.98 3837.80 -210.23 -974.98 3840.60 -193.58 -974.98 3847.03 -193.58 -974.98 3840.60 -193.58 -971.56 3847.03 -193.58 -971.56 3852.47 -193.58 -974.98 3857.92 -193.58 -974.98 3852.47 -193.58 -971.56 3857.92 -193.58 -971.56 3837.80 -229.83 -974.98 3837.80 -226.88 -971.56 3861.08 -229.83 -974.98 3849.44 -229.83 -974.98 3861.08 -226.88 -971.56 3849.44 -226.88 -971.56 3849.44 -180.00 -974.98 3840.97 -180.00 -968.84 3857.90 -180.00 -968.84 3837.80 -180.00 -974.98 3826.96 -180.00 -964.14 3840.97 -180.00 -968.84 3833.09 -180.00 -960.96 3857.90 -180.00 -968.84 3840.97 -180.00 -968.84 3856.54 -200.38 -966.21 3842.34 -200.38 -966.21 3840.97 -180.00 -968.84 3833.09 -180.00 -960.96 3842.34 -200.38 -966.21 3835.73 -200.38 -959.60 3837.80 -229.83 -974.98 3837.80 -240.00 -974.98 3837.80 -226.88 -971.56 3837.80 -229.83 -974.98 3837.80 -226.88 -971.56 3861.08 -180.00 -974.98 3837.80 -180.00 -974.98 3826.96 -240.00 -964.14 3826.96 -240.00 -952.50 3826.96 -229.83 -964.14 3826.96 -229.83 -952.50 3826.96 -240.00 -940.86 3837.80 -240.00 -930.02 3826.96 -229.83 -940.86 3837.80 -229.83 -930.02 3835.73 -200.38 -959.60 3835.73 -200.38 -945.40 3849.44 -194.73 -952.50 3835.73 -200.38 -945.40 3842.34 -200.38 -938.79 3849.44 -194.73 -952.50 3826.96 -210.23 -940.86 3837.80 -210.23 -930.02 3830.38 -226.88 -964.14 3830.38 -226.88 -952.50 3830.38 -210.23 -964.14 3830.38 -210.23 -952.50 3826.96 -189.22 -940.86 3837.80 -189.22 -930.02 3826.96 -180.00 -940.86 3837.80 -180.00 -930.02 3826.96 -189.22 -964.14 3826.96 -189.22 -960.98 3826.96 -180.00 -964.14 3826.96 -180.00 -952.50 3826.96 -189.22 -955.53 3826.96 -189.22 -950.09 3826.96 -180.00 -940.86 3826.96 -189.22 -943.66 3826.96 -189.22 -940.86 3826.96 -193.58 -960.98 3826.96 -193.58 -955.53 3826.96 -193.58 -950.09 3826.96 -193.58 -943.66 3830.38 -193.58 -955.53 3830.38 -193.58 -950.09 3830.38 -189.22 -955.53 3830.38 -189.22 -950.09 3830.38 -193.58 -960.98 3830.38 -189.22 -964.14 3830.38 -189.22 -960.98 3830.38 -210.23 -940.86 3830.38 -193.58 -943.66 3830.38 -189.22 -940.86 3830.38 -189.22 -943.66 3830.38 -210.23 -964.14 3826.96 -210.23 -964.14 3830.38 -226.88 -964.14 3826.96 -229.83 -964.14 3826.96 -189.22 -940.86 3826.96 -189.22 -943.66 3830.38 -189.22 -940.86 3830.38 -189.22 -943.66 3826.96 -189.22 -943.66 3826.96 -193.58 -943.66 3830.38 -189.22 -943.66 3830.38 -193.58 -943.66 3826.96 -193.58 -960.98 3826.96 -189.22 -960.98 3830.38 -193.58 -960.98 3830.38 -189.22 -960.98 3826.96 -189.22 -960.98 3826.96 -189.22 -964.14 3830.38 -189.22 -960.98 3830.38 -189.22 -964.14 3830.38 -189.22 -964.14 3826.96 -189.22 -964.14 3826.96 -193.58 -950.09 3826.96 -189.22 -950.09 3830.38 -193.58 -950.09 3830.38 -189.22 -950.09 3826.96 -189.22 -950.09 3826.96 -189.22 -955.53 3830.38 -189.22 -950.09 3830.38 -189.22 -955.53 3826.96 -189.22 -955.53 3826.96 -193.58 -955.53 3830.38 -189.22 -955.53 3830.38 -193.58 -955.53 3830.38 -189.22 -940.86 3830.38 -210.23 -940.86 3826.96 -189.22 -940.86 3826.96 -210.23 -940.86 3826.96 -193.58 -943.66 3826.96 -193.58 -950.09 3830.38 -193.58 -943.66 3830.38 -193.58 -950.09 3826.96 -193.58 -955.53 3826.96 -193.58 -960.98 3830.38 -193.58 -955.53 3830.38 -193.58 -960.98 3826.96 -229.83 -940.86 3830.38 -226.88 -940.86 3826.96 -229.83 -964.14 3826.96 -229.83 -952.50 3830.38 -226.88 -964.14 3830.38 -226.88 -952.50 3826.96 -180.00 -952.50 3833.09 -180.00 -944.04 3833.09 -180.00 -960.96 3826.96 -180.00 -940.86 3837.80 -180.00 -930.02 3833.09 -180.00 -944.04 3840.98 -180.00 -936.16 3833.09 -180.00 -960.96 3833.09 -180.00 -944.04 3835.73 -200.38 -959.60 3835.73 -200.38 -945.40 3833.09 -180.00 -944.04 3840.98 -180.00 -936.16 3835.73 -200.38 -945.40 3842.34 -200.38 -938.79 3826.96 -229.83 -940.86 3826.96 -240.00 -940.86 3830.38 -226.88 -940.86 3826.96 -229.83 -940.86 3830.38 -226.88 -940.86 3826.96 -180.00 -964.14 3826.96 -180.00 -940.86 3837.80 -240.00 -930.02 3849.44 -240.00 -930.02 3837.80 -229.83 -930.02 3849.44 -229.83 -930.02 3861.08 -240.00 -930.02 3871.92 -240.00 -940.86 3861.08 -229.83 -930.02 3871.92 -229.83 -940.86 3842.34 -200.38 -938.79 3856.54 -200.38 -938.79 3849.44 -194.73 -952.50 3856.54 -200.38 -938.79 3863.14 -200.38 -945.40 3849.44 -194.73 -952.50 3861.08 -210.23 -930.02 3871.92 -210.23 -940.86 3837.80 -226.88 -933.44 3849.44 -226.88 -933.44 3837.80 -210.23 -933.44 3849.44 -210.23 -933.44 3861.08 -189.22 -930.02 3871.92 -189.22 -940.86 3861.08 -180.00 -930.02 3871.92 -180.00 -940.86 3837.80 -189.22 -930.02 3840.96 -189.22 -930.02 3837.80 -180.00 -930.02 3849.44 -180.00 -930.02 3846.40 -189.22 -930.02 3851.84 -189.22 -930.02 3861.08 -180.00 -930.02 3858.28 -189.22 -930.02 3861.08 -189.22 -930.02 3840.96 -193.58 -930.02 3846.40 -193.58 -930.02 3851.84 -193.58 -930.02 3858.28 -193.58 -930.02 3846.40 -193.58 -933.44 3851.84 -193.58 -933.44 3846.40 -189.22 -933.44 3851.84 -189.22 -933.44 3840.96 -193.58 -933.44 3837.80 -189.22 -933.44 3840.96 -189.22 -933.44 3861.08 -210.23 -933.44 3858.28 -193.58 -933.44 3861.08 -189.22 -933.44 3858.28 -189.22 -933.44 3837.80 -210.23 -933.44 3837.80 -210.23 -930.02 3837.80 -226.88 -933.44 3837.80 -229.83 -930.02 3861.08 -189.22 -930.02 3858.28 -189.22 -930.02 3861.08 -189.22 -933.44 3858.28 -189.22 -933.44 3858.28 -189.22 -930.02 3858.28 -193.58 -930.02 3858.28 -189.22 -933.44 3858.28 -193.58 -933.44 3840.96 -193.58 -930.02 3840.96 -189.22 -930.02 3840.96 -193.58 -933.44 3840.96 -189.22 -933.44 3840.96 -189.22 -930.02 3837.80 -189.22 -930.02 3840.96 -189.22 -933.44 3837.80 -189.22 -933.44 3837.80 -189.22 -933.44 3837.80 -189.22 -930.02 3851.84 -193.58 -930.02 3851.84 -189.22 -930.02 3851.84 -193.58 -933.44 3851.84 -189.22 -933.44 3851.84 -189.22 -930.02 3846.40 -189.22 -930.02 3851.84 -189.22 -933.44 3846.40 -189.22 -933.44 3846.40 -189.22 -930.02 3846.40 -193.58 -930.02 3846.40 -189.22 -933.44 3846.40 -193.58 -933.44 3861.08 -189.22 -933.44 3861.08 -210.23 -933.44 3861.08 -189.22 -930.02 3861.08 -210.23 -930.02 3858.28 -193.58 -930.02 3851.84 -193.58 -930.02 3858.28 -193.58 -933.44 3851.84 -193.58 -933.44 3846.40 -193.58 -930.02 3840.96 -193.58 -930.02 3846.40 -193.58 -933.44 3840.96 -193.58 -933.44 3861.08 -229.83 -930.02 3861.08 -226.88 -933.44 3837.80 -229.83 -930.02 3849.44 -229.83 -930.02 3837.80 -226.88 -933.44 3849.44 -226.88 -933.44 3849.44 -180.00 -930.02 3857.90 -180.00 -936.15 3840.98 -180.00 -936.16 3861.08 -180.00 -930.02 3871.92 -180.00 -940.86 3857.90 -180.00 -936.15 3865.78 -180.00 -944.04 3840.98 -180.00 -936.16 3857.90 -180.00 -936.15 3842.34 -200.38 -938.79 3856.54 -200.38 -938.79 3857.90 -180.00 -936.15 3865.78 -180.00 -944.04 3856.54 -200.38 -938.79 3863.14 -200.38 -945.40 3861.08 -229.83 -930.02 3861.08 -240.00 -930.02 3861.08 -226.88 -933.44 3861.08 -229.83 -930.02 3861.08 -226.88 -933.44 3837.80 -180.00 -930.02 3861.08 -180.00 -930.02 3512.00 -240.00 -798.00 3512.00 -240.00 -840.00 3492.00 -240.00 -798.00 3492.00 -240.00 -840.00 3707.00 -240.00 -770.00 3667.00 -240.00 -770.00 3692.00 -240.00 -720.00 3872.00 -240.00 -750.00 3827.00 -240.00 -750.00 3872.00 -240.00 -705.00 3782.00 -240.00 -712.50 3752.00 -240.00 -660.00 3842.00 -240.00 -652.50 3947.00 -240.00 -652.50 3962.00 -240.00 -705.00 3492.00 -240.00 -882.00 3512.00 -240.00 -882.00 3782.00 -240.00 -967.50 3752.00 -240.00 -1020.00 3692.00 -240.00 -960.00 3947.00 -240.00 -1027.50 3932.00 -240.00 -1080.00 3842.00 -240.00 -1027.50 3812.00 -240.00 -1080.00 3602.00 -240.00 -720.00 3589.50 -240.00 -770.00 3512.00 -240.00 -720.00 3512.00 -240.00 -770.00 3667.00 -240.00 -790.00 3589.50 -240.00 -840.00 3512.00 -240.00 -910.00 3550.75 -240.00 -882.00 3602.00 -240.00 -960.00 3512.00 -240.00 -960.00 3589.50 -240.00 -910.00 3962.00 -240.00 -975.00 4052.00 -240.00 -1027.50 4052.00 -240.00 -975.00 4052.00 -240.00 -652.50 4052.00 -240.00 -600.00 3932.00 -240.00 -600.00 3872.00 -240.00 -975.00 3827.00 -240.00 -930.00 3872.00 -240.00 -930.00 3747.00 -240.00 -910.00 3872.00 -240.00 -705.00 3667.00 -240.00 -890.00 3667.00 -240.00 -910.00 3550.75 -240.00 -798.00 3812.00 -240.00 -600.00 4052.00 -240.00 -705.00 4052.00 -240.00 -1080.00 3667.00 -240.00 -823.33 3667.00 -240.00 -856.67 3747.00 -240.00 -770.00 3787.00 -240.00 -770.00 3827.00 -240.00 -770.00 3707.00 -240.00 -910.00 3787.00 -240.00 -910.00 3827.00 -240.00 -910.00 3492.00 -180.00 -810.00 3515.78 -180.00 -810.00 3492.00 -220.00 -810.00 3515.78 -220.00 -810.00 3515.78 -140.00 -840.00 3492.00 -140.00 -840.00 3515.78 -140.00 -870.00 3492.00 -140.00 -870.00 3515.78 -140.00 -870.00 3492.00 -140.00 -870.00 3515.78 -180.00 -870.00 3492.00 -180.00 -870.00 3515.78 -140.00 -840.00 3515.78 -140.00 -870.00 3515.78 -120.00 -840.00 3515.78 -120.00 -870.00 3515.78 -220.00 -810.00 3515.78 -180.00 -810.00 3515.78 -220.00 -790.00 3515.78 -180.00 -790.00 3515.78 -220.00 -870.00 3515.78 -220.00 -890.00 3515.78 -180.00 -870.00 3515.78 -180.00 -890.00 3515.78 -140.00 -810.00 3515.78 -120.00 -810.00 3515.78 -140.00 -790.00 3515.78 -120.00 -790.00 3515.78 -140.00 -810.00 3492.00 -140.00 -810.00 3504.66 -120.00 -870.00 3504.66 -120.00 -840.00 3515.78 -120.00 -870.00 3515.78 -120.00 -840.00 3515.78 -220.00 -790.00 3504.66 -220.00 -790.00 3515.78 -240.00 -790.00 3504.66 -240.00 -790.00 3504.66 -140.00 -890.00 3504.66 -120.00 -890.00 3515.78 -140.00 -890.00 3515.78 -120.00 -890.00 3504.66 -120.00 -810.00 3504.66 -120.00 -790.00 3515.78 -120.00 -810.00 3515.78 -120.00 -790.00 3515.78 -140.00 -810.00 3492.00 -140.00 -810.00 3515.78 -220.00 -870.00 3492.00 -220.00 -870.00 3515.78 -240.00 -870.00 3492.00 -240.00 -870.00 3515.78 -140.00 -790.00 3515.78 -180.00 -790.00 3515.78 -140.00 -810.00 3515.78 -180.00 -810.00 3515.78 -140.00 -870.00 3515.78 -140.00 -890.00 3515.78 -120.00 -870.00 3515.78 -120.00 -890.00 3515.78 -140.00 -810.00 3515.78 -120.00 -810.00 3515.78 -140.00 -870.00 3515.78 -180.00 -870.00 3515.78 -140.00 -890.00 3515.78 -180.00 -890.00 3504.66 -180.00 -790.00 3515.78 -180.00 -790.00 3504.66 -140.00 -790.00 3515.78 -140.00 -790.00 3515.78 -240.00 -810.00 3515.78 -220.00 -810.00 3515.78 -240.00 -790.00 3515.78 -220.00 -790.00 3515.78 -220.00 -810.00 3515.78 -240.00 -810.00 3492.00 -220.00 -810.00 3492.00 -240.00 -810.00 3515.78 -240.00 -870.00 3515.78 -240.00 -890.00 3515.78 -220.00 -870.00 3515.78 -220.00 -890.00 3515.78 -220.00 -890.00 3504.66 -220.00 -890.00 3515.78 -180.00 -890.00 3504.66 -180.00 -890.00 3504.66 -120.00 -890.00 3504.66 -120.00 -870.00 3515.78 -120.00 -890.00 3515.78 -120.00 -870.00 3504.66 -120.00 -810.00 3515.78 -120.00 -810.00 3504.66 -140.00 -890.00 3515.78 -140.00 -890.00 3515.78 -220.00 -890.00 3515.78 -240.00 -890.00 3504.66 -220.00 -890.00 3504.66 -240.00 -890.00 3515.78 -220.00 -790.00 3504.66 -220.00 -790.00 3504.66 -140.00 -790.00 3515.78 -140.00 -790.00 3504.66 -120.00 -790.00 3492.00 -220.00 -870.00 3515.78 -220.00 -870.00 4052.00 -180.00 -705.00 4052.00 -210.00 -705.00 4052.00 -180.00 -652.50 4052.00 -240.00 -652.50 4052.00 -240.00 -705.00 3932.00 -180.00 -600.00 3932.00 -240.00 -600.00 3812.00 -180.00 -600.00 3812.00 -240.00 -600.00 3932.00 -240.00 -1080.00 3932.00 -180.00 -1080.00 3812.00 -240.00 -1080.00 3812.00 -180.00 -1080.00 3752.00 -240.00 -1020.00 3752.00 -180.00 -1020.00 3692.00 -240.00 -960.00 3692.00 -180.00 -960.00 3512.00 -180.00 -960.00 3512.00 -240.00 -960.00 3602.00 -180.00 -960.00 3602.00 -240.00 -960.00 3692.00 -240.00 -720.00 3602.00 -240.00 -720.00 3692.00 -180.00 -720.00 3602.00 -180.00 -720.00 3812.00 -240.00 -600.00 3752.00 -240.00 -660.00 3812.00 -180.00 -600.00 3752.00 -180.00 -660.00 4052.00 -240.00 -1080.00 4052.00 -240.00 -1027.50 4052.00 -180.00 -1080.00 4052.00 -180.00 -1027.50 3933.31 -180.00 -1083.45 3810.57 -180.00 -1083.45 3690.57 -180.00 -963.45 3750.57 -180.00 -1023.45 3601.28 -180.00 -963.75 3512.00 -180.00 -964.04 4056.04 -180.00 -1029.23 4056.04 -180.00 -1083.45 4056.04 -180.00 -705.00 4056.04 -180.00 -650.77 3933.31 -180.00 -596.55 3810.57 -180.00 -596.55 3690.57 -180.00 -716.55 3601.28 -180.00 -716.25 3750.57 -180.00 -656.55 3810.57 -180.00 -596.55 4052.00 -240.00 -1080.00 4052.00 -180.00 -1080.00 3932.00 -240.00 -1080.00 3932.00 -180.00 -1080.00 3933.31 -180.00 -1083.45 4056.04 -180.00 -1083.45 3932.00 -180.00 -600.00 3933.31 -180.00 -596.55 4052.00 -180.00 -600.00 4056.04 -180.00 -596.55 4052.00 -240.00 -600.00 3932.00 -240.00 -600.00 3812.00 -240.00 -1080.00 3812.00 -180.00 -1080.00 3752.00 -240.00 -1020.00 3752.00 -180.00 -1020.00 3750.57 -180.00 -1023.45 3810.57 -180.00 -1083.45 3752.00 -180.00 -660.00 3752.00 -240.00 -660.00 3692.00 -180.00 -720.00 3692.00 -240.00 -720.00 3750.57 -180.00 -656.55 3690.57 -180.00 -716.55 3602.00 -180.00 -960.00 3602.00 -240.00 -960.00 3692.00 -180.00 -960.00 3692.00 -240.00 -960.00 3601.28 -180.00 -963.75 3690.57 -180.00 -963.45 3602.00 -180.00 -720.00 3602.00 -240.00 -720.00 3512.00 -180.00 -720.00 3512.00 -240.00 -720.00 3601.28 -180.00 -716.25 3512.00 -180.00 -715.96 4052.00 -180.00 -600.00 4052.00 -240.00 -600.00 4052.00 -180.00 -975.00 4052.00 -210.00 -975.00 4052.00 -240.00 -975.00 4056.04 -180.00 -596.55 4056.04 -180.00 -975.00 4052.00 100.00 -975.00 4052.00 40.00 -1027.50 4056.04 100.00 -975.00 4056.04 40.00 -1029.23 4052.00 -20.00 -975.00 4052.00 40.00 -975.00 4056.04 -20.00 -975.00 4056.04 40.00 -975.00 3932.00 -20.00 -1080.00 3812.00 -20.00 -1080.00 3933.31 -20.00 -1083.45 3810.57 -20.00 -1083.45 3752.00 -20.00 -1020.00 3750.57 -20.00 -1023.45 3812.00 -20.00 -1080.00 3810.57 -20.00 -1083.45 3692.00 -20.00 -960.00 3602.00 -20.00 -960.00 3690.57 -20.00 -963.45 3601.28 -20.00 -963.75 4052.00 -146.84 -975.00 4052.00 -100.00 -975.00 4056.04 -146.84 -975.00 4056.04 -100.00 -975.00 4052.00 40.00 -652.50 4056.04 40.00 -650.77 4052.00 -20.00 -600.00 4056.04 -20.00 -596.55 4056.04 40.49 -705.00 4052.00 40.00 -705.00 4056.04 -20.00 -705.00 4052.00 -20.00 -705.00 4052.00 -100.00 -705.00 4056.04 -100.00 -705.00 3932.00 -20.00 -600.00 3933.31 -20.00 -596.55 3812.00 -20.00 -600.00 3810.57 -20.00 -596.55 3602.00 -20.00 -720.00 3601.28 -20.00 -716.25 3512.00 -20.00 -720.00 3509.18 -20.00 -715.96 3692.00 -20.00 -720.00 3752.00 -20.00 -660.00 3690.57 -20.00 -716.55 3750.57 -20.00 -656.55 4052.00 -20.00 -1080.00 4056.04 -20.00 -1083.45 4052.00 -20.00 -600.00 4056.04 -20.00 -596.55 3690.57 -20.00 -963.45 3692.00 -20.00 -960.00 3812.00 -20.00 -600.00 3810.57 -20.00 -596.55 3512.00 -20.00 -960.00 3509.18 -20.06 -964.04 3690.57 -20.00 -716.55 3692.00 -20.00 -720.00 4056.04 -146.84 -705.00 4052.00 -146.84 -705.00 4056.04 -180.00 -705.00 4052.00 -180.00 -705.00 4052.00 100.00 -840.00 4052.00 100.00 -907.50 4083.40 100.00 -878.50 4052.00 100.00 -955.49 4060.16 100.00 -955.49 4052.00 -20.00 -955.49 4060.16 22.50 -955.49 4052.00 40.00 -955.49 4060.16 100.00 -955.49 4052.00 -146.84 -955.49 4060.16 -132.50 -955.49 4052.00 -100.00 -955.49 4060.16 -55.00 -955.49 4052.00 -210.00 -724.51 4052.00 -146.84 -724.51 4060.16 -210.00 -724.51 4060.16 -132.50 -724.51 4052.00 -20.00 -724.51 4052.00 40.00 -724.51 4060.16 22.50 -724.51 4060.16 100.00 -724.51 4052.00 100.00 -724.51 4052.00 -100.00 -724.51 4060.16 -55.00 -724.51 4052.00 -210.00 -955.49 4060.16 -210.00 -955.49 4083.40 100.00 -801.50 4052.00 100.00 -772.50 4052.00 100.00 -724.51 4060.16 100.00 -724.51 3509.18 -20.06 -964.04 3512.00 -20.00 -960.00 3509.18 -20.00 -907.82 3512.00 -20.00 -907.50 4052.00 -180.00 -975.00 4056.04 -180.00 -975.00 4052.00 100.00 -705.00 4056.04 100.00 -705.00 4056.04 100.00 -975.00 4052.00 100.00 -975.00 4056.04 100.00 -705.00 4052.00 100.00 -705.00 4052.00 -20.00 -1080.00 4056.04 -20.00 -1083.45 3512.00 -20.00 -840.00 3509.18 -20.00 -840.00 3509.18 -20.00 -715.96 3509.18 -20.00 -765.70 3512.00 -20.00 -720.00 3512.00 -20.00 -766.77 3509.18 -20.00 -826.88 3512.00 -20.00 -827.75 4052.00 -20.00 -705.00 4052.00 40.00 -705.00 4052.00 -20.00 -724.51 4052.00 40.00 -724.51 4052.00 100.00 -955.49 4052.00 100.00 -975.00 4052.00 40.00 -955.49 4052.00 40.00 -975.00 3602.00 0.00 -960.00 3602.00 -20.00 -960.00 3692.00 0.00 -960.00 3692.00 -20.00 -960.00 3752.00 0.00 -1020.00 3752.00 -20.00 -1020.00 3812.00 0.00 -1080.00 3812.00 -20.00 -1080.00 3932.00 0.00 -1080.00 3932.00 -20.00 -1080.00 4052.00 -20.00 -1080.00 4052.00 40.00 -1027.50 4052.00 0.00 -1080.00 4052.00 60.00 -1027.50 4052.00 120.00 -975.00 4052.00 100.00 -975.00 4052.00 120.00 -907.50 4052.00 100.00 -907.50 4052.00 120.00 -705.00 4052.00 100.00 -705.00 4052.00 60.00 -652.50 4052.00 40.00 -652.50 3932.00 0.00 -600.00 3932.00 -20.00 -600.00 3812.00 0.00 -600.00 3812.00 -20.00 -600.00 3752.00 0.00 -660.00 3752.00 -20.00 -660.00 3692.00 0.00 -720.00 3692.00 -20.00 -720.00 3602.00 0.00 -720.00 3602.00 -20.00 -720.00 3512.00 0.00 -720.00 3512.00 -20.00 -720.00 4052.00 -100.00 -724.51 4052.00 -100.00 -705.00 4052.00 -100.00 -975.00 4052.00 -100.00 -955.49 4052.00 -20.00 -975.00 4052.00 -20.00 -955.49 3512.00 0.00 -840.00 3512.00 -20.00 -840.00 3512.00 0.00 -907.50 3512.00 -20.00 -907.50 4052.00 0.00 -1080.00 4052.00 -20.00 -1080.00 4052.00 0.00 -600.00 4052.00 -20.00 -600.00 3512.00 0.00 -960.00 3512.00 -20.00 -960.00 4052.00 -210.00 -975.00 4052.00 -210.00 -955.49 4052.00 -180.00 -975.00 4052.00 -146.84 -955.49 4052.00 -146.84 -975.00 4052.00 -146.84 -705.00 4052.00 -146.84 -724.51 4052.00 -180.00 -705.00 4052.00 -210.00 -724.51 4052.00 -210.00 -705.00 4052.00 -146.84 -724.51 4052.00 -146.84 -705.00 4052.00 120.00 -840.00 4052.00 100.00 -840.00 4052.00 120.00 -772.50 4052.00 100.00 -772.50 3512.00 0.00 -960.00 3512.00 -20.00 -960.00 4052.00 120.00 -705.00 4052.00 100.00 -705.00 4052.00 -146.84 -975.00 4052.00 -146.84 -955.49 4052.00 100.00 -724.51 4052.00 100.00 -705.00 4052.00 0.00 -600.00 4052.00 -20.00 -600.00 4052.00 100.00 -975.00 4052.00 120.00 -975.00 3512.00 0.00 -720.00 3512.00 -20.00 -720.00 3512.00 0.00 -750.17 3512.00 -20.00 -766.77 3512.00 -20.00 -827.75 3633.00 -9.54 -817.46 3605.69 17.00 -806.19 3664.00 0.00 -834.00 3647.00 -9.54 -762.46 3601.82 10.94 -764.81 3602.00 -11.09 -751.00 3602.00 -11.09 -751.00 3601.82 10.94 -764.81 3515.89 0.25 -761.68 3511.10 24.18 -777.91 3525.03 19.88 -815.17 3515.89 0.25 -821.68 3449.14 59.16 -849.98 3440.51 47.22 -863.38 3515.89 0.25 -761.68 3511.10 24.18 -777.91 3440.51 47.22 -803.38 3448.54 62.62 -816.59 3515.89 0.25 -821.68 3525.03 19.88 -815.17 3602.00 -11.09 -811.00 3605.69 17.00 -806.19 3602.00 -33.62 -802.00 3512.57 -20.98 -812.68 3602.00 -11.09 -811.00 3515.89 0.25 -821.68 3511.15 -29.75 -791.68 3431.02 18.76 -833.38 3512.57 -20.98 -812.68 3433.87 27.30 -854.38 3512.57 -20.98 -770.68 3433.87 27.30 -812.38 3515.89 0.25 -761.68 3440.51 47.22 -803.38 3515.89 0.25 -821.68 3440.51 47.22 -863.38 3602.00 -42.62 -781.00 3511.15 -29.75 -791.68 3602.00 -33.62 -760.00 3512.57 -20.98 -770.68 3515.89 0.25 -761.68 3602.00 -11.09 -751.00 3602.00 -11.09 -811.00 3692.00 0.00 -784.00 3860.00 115.42 -898.62 3908.00 120.00 -883.00 3870.50 100.47 -889.70 3921.16 106.03 -876.43 3824.97 89.98 -901.00 3824.97 77.39 -881.99 3873.00 89.17 -872.20 3824.97 89.94 -864.83 3866.00 99.94 -858.12 3827.39 96.36 -855.38 3861.00 115.42 -853.12 3823.61 105.45 -855.60 3787.00 63.47 -897.18 3778.00 85.50 -904.60 3824.97 89.98 -901.00 3818.40 104.45 -908.83 3685.00 -24.00 -834.00 3692.00 0.00 -844.00 3753.00 30.00 -884.00 3728.00 36.00 -879.00 3789.79 56.08 -880.31 3753.00 30.00 -884.00 3761.91 30.58 -866.38 3761.91 30.58 -866.38 3698.00 -25.00 -818.00 3755.98 38.26 -848.64 3786.32 62.58 -862.42 3755.98 38.26 -848.64 3697.48 -17.56 -800.10 3772.50 80.00 -852.10 3749.00 57.00 -841.00 3749.00 57.00 -841.00 3695.76 -9.59 -784.82 3692.00 0.00 -784.00 3685.00 -24.00 -834.00 3643.50 -35.09 -812.96 3664.00 0.00 -834.00 3633.00 -9.54 -817.46 3650.00 -40.09 -794.46 3602.00 -33.62 -802.00 3602.00 -42.62 -781.00 3649.50 -31.59 -773.46 3602.00 -33.62 -760.00 3647.00 -9.54 -762.46 3602.00 -11.09 -751.00 3782.49 61.18 -786.54 3809.43 84.52 -813.48 3776.59 69.87 -783.87 3803.80 95.21 -811.55 3806.52 77.10 -821.00 3827.39 96.36 -855.38 3824.97 89.94 -864.83 3766.18 64.38 -802.74 3787.65 86.51 -825.73 3774.37 58.30 -805.57 3795.57 77.66 -826.33 3796.00 103.00 -853.83 3801.61 88.38 -857.65 3787.65 86.51 -825.73 3762.26 37.88 -779.32 3753.56 44.15 -775.76 3739.87 18.10 -777.78 3730.52 25.34 -773.78 3695.76 -9.59 -784.82 3692.00 0.00 -784.00 3736.54 19.95 -800.86 3697.48 -17.56 -800.10 3705.44 0.58 -803.44 3758.76 38.07 -799.58 3752.06 46.15 -797.76 3602.00 -11.09 -811.00 3698.00 -25.00 -818.00 3697.48 -17.56 -800.10 3695.76 -9.59 -784.82 3692.00 0.00 -784.00 3744.00 51.00 -891.00 3824.97 77.39 -881.99 3824.97 89.94 -864.83 3801.61 88.38 -857.65 3796.00 103.00 -853.83 3924.89 93.97 -857.00 3925.60 97.78 -867.07 3818.40 104.45 -908.83 3917.71 97.23 -847.61 3910.03 103.55 -844.22 3892.00 120.00 -845.00 3781.30 55.68 -797.74 3764.18 33.45 -790.76 3742.56 15.41 -790.72 3823.61 105.45 -855.60 3712.00 19.00 -803.00 3729.27 27.95 -800.35 4003.68 -244.40 -857.27 3993.91 -244.40 -871.91 4003.64 -210.00 -857.25 3993.88 -210.00 -871.88 3979.27 -244.40 -881.69 3979.25 -210.00 -881.65 3979.27 -244.40 -881.69 3962.00 -244.40 -885.12 3979.25 -210.00 -881.65 3962.00 -210.00 -885.08 3962.00 -244.40 -885.12 3944.73 -244.40 -881.69 3944.75 -210.00 -881.65 3944.73 -244.40 -881.69 3930.09 -244.40 -871.91 3944.75 -210.00 -881.65 3930.12 -210.00 -871.88 3920.31 -244.40 -857.27 3920.35 -210.00 -857.25 3920.31 -244.40 -857.27 3916.88 -244.40 -840.00 3920.35 -210.00 -857.25 3916.92 -210.00 -840.00 3920.31 -244.40 -822.73 3920.35 -210.00 -822.75 3920.31 -244.40 -822.73 3930.09 -244.40 -808.09 3920.35 -210.00 -822.75 3930.12 -210.00 -808.12 3944.73 -244.40 -798.31 3944.75 -210.00 -798.35 3944.73 -244.40 -798.31 3962.00 -244.40 -794.88 3944.75 -210.00 -798.35 3962.00 -210.00 -794.92 3979.27 -244.40 -798.31 3979.25 -210.00 -798.35 3979.27 -244.40 -798.31 3993.91 -244.40 -808.09 3979.25 -210.00 -798.35 3993.88 -210.00 -808.12 4003.68 -244.40 -822.73 4003.64 -210.00 -822.75 4003.68 -244.40 -822.73 4007.04 -244.40 -840.00 4003.64 -210.00 -822.75 4007.08 -210.00 -840.00 4003.68 -244.40 -857.27 4003.64 -210.00 -857.25 3996.16 -210.00 -840.00 3993.56 -210.00 -853.08 3993.56 -210.00 -853.08 3986.16 -210.00 -864.16 3975.08 -210.00 -871.56 3975.08 -210.00 -871.56 3962.00 -210.00 -874.16 3948.92 -210.00 -871.56 3948.92 -210.00 -871.56 3937.84 -210.00 -864.16 3930.44 -210.00 -853.08 3930.44 -210.00 -853.08 3927.84 -210.00 -840.00 3930.44 -210.00 -826.92 3930.44 -210.00 -826.92 3937.84 -210.00 -815.84 3948.92 -210.00 -808.44 3948.92 -210.00 -808.44 3962.00 -210.00 -805.84 3975.08 -210.00 -808.44 3975.08 -210.00 -808.44 3986.16 -210.00 -815.84 3993.56 -210.00 -826.92 3993.56 -210.00 -826.92 3990.92 -213.33 -851.98 3984.13 -213.33 -862.13 3973.98 -213.33 -868.92 3973.98 -213.33 -868.92 3962.00 -213.33 -871.30 3950.02 -213.33 -868.92 3950.02 -213.33 -868.92 3939.87 -213.33 -862.13 3933.08 -213.33 -851.98 3933.08 -213.33 -851.98 3930.70 -213.33 -840.00 3933.08 -213.33 -828.02 3933.08 -213.33 -828.02 3939.87 -213.33 -817.87 3950.02 -213.33 -811.08 3950.02 -213.33 -811.08 3962.00 -213.33 -808.70 3973.98 -213.33 -811.08 3973.98 -213.33 -811.08 3984.13 -213.33 -817.87 3990.92 -213.33 -828.02 3990.92 -213.33 -828.02 3993.30 -213.33 -840.00 3990.92 -213.33 -851.98 3872.00 -210.00 -975.00 3872.00 -240.00 -975.00 3872.00 -220.00 -930.00 3872.00 -240.00 -930.00 3827.00 -240.00 -930.00 3850.00 -230.00 -930.00 3872.00 -240.00 -930.00 3827.00 -230.00 -930.00 3872.00 -220.00 -930.00 3850.00 -220.00 -930.00 3872.00 -240.00 -750.00 3850.00 -230.00 -750.00 3827.00 -240.00 -750.00 3827.00 -230.00 -750.00 3872.00 -220.00 -750.00 3850.00 -220.00 -750.00 3872.00 -240.00 -705.00 3872.00 -210.00 -705.00 3872.00 -220.00 -750.00 3872.00 -240.00 -750.00 3908.79 -210.00 -771.78 3872.00 -210.00 -790.00 3872.00 -210.00 -705.00 3872.00 -210.00 -840.00 3916.51 -210.00 -858.84 3872.00 -210.00 -890.00 4015.20 -210.00 -908.22 4083.40 -210.00 -878.50 4052.00 -210.00 -955.49 3962.00 -210.00 -932.12 3943.16 -210.00 -885.50 3962.00 -210.00 -889.25 3850.00 -220.00 -840.00 3850.00 -220.00 -790.00 3872.00 -220.00 -840.00 3872.00 -220.00 -790.00 3850.00 -220.00 -890.00 3872.00 -220.00 -890.00 3850.00 -220.00 -930.00 3872.00 -220.00 -930.00 3827.00 -230.00 -840.00 3827.00 -230.00 -790.00 3850.00 -230.00 -840.00 3850.00 -230.00 -790.00 3962.00 -210.00 -975.00 3962.00 -240.00 -975.00 3872.00 -210.00 -975.00 3872.00 -240.00 -975.00 3872.00 -210.00 -705.00 3872.00 -240.00 -705.00 3962.00 -210.00 -705.00 3962.00 -240.00 -705.00 3872.00 -220.00 -890.00 3872.00 -220.00 -840.00 3872.00 -210.00 -890.00 3872.00 -210.00 -840.00 3850.00 -220.00 -840.00 3850.00 -220.00 -890.00 3850.00 -230.00 -840.00 3850.00 -230.00 -890.00 3850.00 -220.00 -790.00 3850.00 -230.00 -790.00 3850.00 -220.00 -750.00 3850.00 -230.00 -750.00 3827.00 -240.00 -856.67 3827.00 -230.00 -890.00 3827.00 -240.00 -890.00 3827.00 -230.00 -770.00 3827.00 -240.00 -770.00 3827.00 -230.00 -750.00 3827.00 -240.00 -750.00 3872.00 -210.00 -790.00 3872.00 -220.00 -790.00 3827.00 -230.00 -910.00 3850.00 -230.00 -930.00 3827.00 -230.00 -930.00 4052.00 -210.00 -975.00 4052.00 -240.00 -975.00 4052.00 -210.00 -705.00 4052.00 -240.00 -705.00 3962.00 -210.00 -747.88 3980.85 -210.00 -794.50 3962.00 -210.00 -790.75 3943.16 -210.00 -794.50 3927.18 -210.00 -805.18 4015.20 -210.00 -771.78 4007.52 -210.00 -821.16 3996.83 -210.00 -805.18 3980.85 -210.00 -885.50 3996.83 -210.00 -874.82 3927.18 -210.00 -805.18 3943.16 -210.00 -794.50 3930.09 -244.40 -808.09 3944.73 -244.40 -798.31 3962.00 -210.00 -790.75 3962.00 -244.40 -794.88 3996.83 -210.00 -805.18 4007.52 -210.00 -821.16 3993.91 -244.40 -808.09 4003.68 -244.40 -822.73 4011.16 -210.00 -840.00 4007.04 -244.40 -840.00 3996.83 -210.00 -874.82 3980.85 -210.00 -885.50 3993.91 -244.40 -871.91 3979.27 -244.40 -881.69 3962.00 -210.00 -889.25 3962.00 -244.40 -885.12 3912.76 -210.00 -840.00 3916.51 -210.00 -821.16 3916.88 -244.40 -840.00 3920.31 -244.40 -822.73 3927.18 -210.00 -874.82 3916.51 -210.00 -858.84 3930.09 -244.40 -871.91 3920.31 -244.40 -857.27 3943.16 -210.00 -885.50 3944.73 -244.40 -881.69 3980.85 -210.00 -794.50 3979.27 -244.40 -798.31 4007.52 -210.00 -858.84 4003.68 -244.40 -857.27 3962.00 -210.00 -705.00 4083.40 -210.00 -801.50 4052.00 -210.00 -724.51 3962.00 -210.00 -975.00 3872.00 -210.00 -975.00 3908.79 -210.00 -908.22 3850.00 -230.00 -930.00 3850.00 -220.00 -930.00 3827.00 -240.00 -910.00 3827.00 -230.00 -910.00 3827.00 -230.00 -890.00 3850.00 -230.00 -890.00 3872.00 -220.00 -750.00 3850.00 -220.00 -750.00 3827.00 -230.00 -770.00 3850.00 -230.00 -750.00 3827.00 -230.00 -790.00 3827.00 -240.00 -823.33 3827.00 -240.00 -790.00 3916.51 -210.00 -821.16 3912.76 -210.00 -840.00 3927.18 -210.00 -874.82 3827.00 -240.00 -930.00 3827.00 -230.00 -930.00 3827.00 -230.00 -750.00 4052.00 -210.00 -975.00 4052.00 -210.00 -705.00 4042.28 -210.00 -840.00 4007.52 -210.00 -858.84 4011.16 -210.00 -840.00 4060.16 -210.00 -724.51 4060.16 -210.00 -955.49 3827.00 -230.00 -840.00 3707.00 -240.00 -770.00 3707.00 -240.00 -790.00 3667.00 -240.00 -770.00 3667.00 -240.00 -790.00 3707.00 -240.00 -890.00 3707.00 -240.00 -910.00 3667.00 -240.00 -890.00 3667.00 -240.00 -910.00 3707.00 -240.00 -790.00 3707.00 -240.00 -770.00 3747.00 -240.00 -790.00 3747.00 -240.00 -770.00 3707.00 -240.00 -910.00 3707.00 -240.00 -890.00 3747.00 -240.00 -910.00 3747.00 -240.00 -890.00 3827.00 -240.00 -770.00 3827.00 -240.00 -790.00 3787.00 -240.00 -770.00 3787.00 -240.00 -790.00 3827.00 -240.00 -890.00 3827.00 -240.00 -910.00 3787.00 -240.00 -890.00 3787.00 -240.00 -910.00 3747.00 -240.00 -790.00 3747.00 -240.00 -770.00 3787.00 -240.00 -790.00 3787.00 -240.00 -770.00 3747.00 -240.00 -910.00 3747.00 -240.00 -890.00 3787.00 -240.00 -910.00 3787.00 -240.00 -890.00 3667.00 -240.00 -823.33 3667.00 -240.00 -790.00 3707.00 -240.00 -823.33 3707.00 -240.00 -790.00 3787.00 -240.00 -890.00 3787.00 -240.00 -856.67 3827.00 -240.00 -890.00 3827.00 -240.00 -856.67 3707.00 -240.00 -890.00 3707.00 -240.00 -856.67 3747.00 -240.00 -890.00 3747.00 -240.00 -856.67 3707.00 -240.00 -856.67 3747.00 -240.00 -856.67 3747.00 -240.00 -823.33 3747.00 -240.00 -823.33 3747.00 -240.00 -790.00 3787.00 -240.00 -823.33 3787.00 -240.00 -790.00 3667.00 -240.00 -890.00 3667.00 -240.00 -856.67 3667.00 -240.00 -856.67 3787.00 -240.00 -823.33 3787.00 -240.00 -790.00 3827.00 -240.00 -823.33 3827.00 -240.00 -790.00 3787.00 -240.00 -856.67 3827.00 -240.00 -856.67 3747.00 -240.00 -856.67 3787.00 -240.00 -856.67 3747.00 -240.00 -790.00 3747.00 -240.00 -890.00 3747.00 -240.00 -856.67 3787.00 -240.00 -890.00 3787.00 -240.00 -856.67 3932.00 0.00 -600.00 3812.00 0.00 -600.00 3932.00 60.00 -652.50 3812.00 60.00 -652.50 3692.00 0.00 -720.00 3752.00 60.00 -713.73 3752.00 0.00 -660.00 3812.00 120.00 -707.95 3812.00 120.00 -972.05 3752.00 60.00 -966.27 3812.00 60.00 -1027.50 3932.00 120.00 -973.08 3932.00 60.00 -1027.50 3932.00 0.00 -1080.00 3812.00 0.00 -1080.00 3602.00 0.00 -720.00 3602.00 0.00 -772.50 3692.00 0.00 -772.50 3692.00 0.00 -907.50 3752.00 60.00 -907.50 3932.00 120.00 -907.50 3812.00 120.00 -907.50 4052.00 60.00 -1027.50 4052.00 0.00 -1080.00 4052.00 120.00 -975.00 4052.00 120.00 -907.50 4052.00 60.00 -652.50 4052.00 120.00 -705.00 3932.00 120.00 -706.92 3512.00 0.00 -840.00 3512.00 0.00 -907.50 3602.00 0.00 -840.00 3602.00 0.00 -907.50 3692.00 0.00 -840.00 3932.00 120.00 -840.00 4052.00 120.00 -840.00 3932.00 120.00 -772.50 4052.00 120.00 -772.50 3812.00 120.00 -840.00 3812.00 120.00 -772.50 3752.00 60.00 -840.00 3752.00 60.00 -772.50 3602.00 0.00 -960.00 3512.00 0.00 -960.00 3692.00 0.00 -960.00 3932.00 120.00 -873.75 3812.00 120.00 -873.75 3752.00 60.00 -873.75 3752.00 0.00 -1020.00 4052.00 0.00 -600.00 3564.10 0.00 -818.12 3560.66 0.00 -803.17 3569.45 0.00 -772.50 3536.36 0.00 -751.50 3512.00 0.00 -720.00 3512.00 0.00 -750.17 4084.40 81.59 -898.75 4072.20 81.59 -939.17 4084.40 40.91 -898.75 4072.20 40.91 -939.17 4084.40 -73.41 -898.75 4072.16 -73.41 -939.17 4084.40 -114.09 -898.75 4072.16 -114.09 -939.17 4072.16 -150.91 -740.83 4084.40 -150.91 -781.25 4072.16 -191.59 -740.83 4084.40 -191.59 -781.25 4072.16 4.09 -740.83 4084.40 4.09 -781.25 4072.16 -36.59 -740.83 4084.40 -36.59 -781.25 4090.20 -150.91 -819.79 4090.20 -150.91 -860.21 4090.20 -191.59 -819.79 4090.20 -191.59 -860.21 4090.20 4.09 -819.79 4090.20 4.09 -860.21 4090.20 -36.59 -819.79 4090.20 -36.59 -860.21 4072.16 -73.41 -740.83 4084.40 -73.41 -781.25 4072.16 -114.09 -740.83 4084.40 -114.09 -781.25 4084.40 -150.91 -898.75 4072.20 -150.91 -939.17 4084.40 -191.59 -898.75 4072.20 -191.59 -939.17 4090.20 -73.41 -819.79 4090.20 -73.41 -860.21 4090.20 -114.09 -819.79 4090.20 -114.09 -860.21 4084.40 4.09 -898.75 4072.16 4.09 -939.17 4084.40 -36.59 -898.75 4072.16 -36.59 -939.17 4072.16 81.59 -740.83 4084.40 81.59 -781.25 4072.16 40.91 -740.83 4084.40 40.91 -781.25 4090.20 81.59 -819.79 4090.20 81.59 -860.21 4090.20 40.91 -819.79 4090.20 40.91 -860.21 4083.40 100.00 -878.50 4060.16 100.00 -955.49 4077.12 96.12 -880.80 4056.20 96.12 -950.10 4060.16 22.50 -955.49 4056.20 26.38 -950.10 4083.40 22.50 -878.50 4077.12 26.38 -880.80 4083.40 -55.00 -878.50 4060.16 -55.00 -955.49 4077.12 -58.88 -880.80 4056.20 -58.88 -950.10 4060.16 -132.50 -955.49 4056.20 -128.63 -950.10 4083.40 -132.50 -878.50 4077.12 -128.63 -880.80 4060.16 -132.50 -724.51 4083.40 -132.50 -801.50 4056.20 -136.38 -729.90 4077.12 -136.38 -799.20 4083.40 -210.00 -801.50 4077.12 -206.12 -799.20 4060.16 -210.00 -724.51 4056.20 -206.12 -729.90 4060.16 22.50 -724.51 4083.40 22.50 -801.50 4056.20 18.63 -729.90 4077.12 18.63 -799.20 4083.40 -55.00 -801.50 4077.12 -51.13 -799.20 4060.16 -55.00 -724.51 4056.20 -51.13 -729.90 4083.40 -132.50 -801.50 4083.40 -132.50 -878.50 4078.08 -136.38 -805.35 4078.08 -136.38 -874.65 4083.40 -210.00 -878.50 4078.08 -206.12 -874.65 4083.40 -210.00 -801.50 4078.08 -206.12 -805.35 4083.40 22.50 -801.50 4083.40 22.50 -878.50 4078.08 18.63 -805.35 4078.08 18.63 -874.65 4083.40 -55.00 -878.50 4078.08 -51.13 -874.65 4083.40 -55.00 -801.50 4078.08 -51.13 -805.35 4060.16 -55.00 -724.51 4083.40 -55.00 -801.50 4056.20 -58.87 -729.90 4077.12 -58.87 -799.20 4083.40 -132.50 -801.50 4077.12 -128.62 -799.20 4060.16 -132.50 -724.51 4056.20 -128.62 -729.90 4083.40 -132.50 -878.50 4060.16 -132.50 -955.49 4077.12 -136.37 -880.80 4056.20 -136.37 -950.10 4060.16 -210.00 -955.49 4056.20 -206.12 -950.10 4083.40 -210.00 -878.50 4077.12 -206.12 -880.80 4083.40 -55.00 -801.50 4083.40 -55.00 -878.50 4078.08 -58.87 -805.35 4078.08 -58.87 -874.65 4083.40 -132.50 -878.50 4078.08 -128.62 -874.65 4083.40 -132.50 -801.50 4078.08 -128.62 -805.35 4083.40 22.50 -878.50 4060.16 22.50 -955.49 4077.12 18.63 -880.80 4056.20 18.63 -950.10 4060.16 -55.00 -955.49 4056.20 -51.13 -950.10 4083.40 -55.00 -878.50 4077.12 -51.13 -880.80 4060.16 100.00 -724.51 4083.40 100.00 -801.50 4056.20 96.12 -729.90 4077.12 96.12 -799.20 4083.40 22.50 -801.50 4077.12 26.38 -799.20 4060.16 22.50 -724.51 4056.20 26.38 -729.90 4083.40 100.00 -801.50 4083.40 100.00 -878.50 4078.08 96.12 -805.35 4078.08 96.12 -874.65 4083.40 22.50 -878.50 4078.08 26.38 -874.65 4083.40 22.50 -801.50 4078.08 26.38 -805.35 4074.00 85.66 -891.20 4059.36 85.66 -939.70 4059.36 36.84 -939.70 4074.00 36.84 -891.20 4074.00 -69.34 -891.20 4059.36 -69.34 -939.70 4059.36 -118.16 -939.70 4074.00 -118.16 -891.20 4059.36 -146.84 -740.30 4074.00 -146.84 -788.80 4074.00 -195.66 -788.80 4059.36 -195.66 -740.30 4059.36 8.16 -740.30 4074.00 8.16 -788.80 4074.00 -40.66 -788.80 4059.36 -40.66 -740.30 4078.08 -146.84 -815.75 4078.08 -146.84 -864.25 4078.08 -195.66 -864.25 4078.08 -195.66 -815.75 4078.08 8.16 -815.75 4078.08 8.16 -864.25 4078.08 -40.66 -864.25 4078.08 -40.66 -815.75 4059.36 -69.34 -740.30 4074.00 -69.34 -788.80 4074.00 -118.16 -788.80 4059.36 -118.16 -740.30 4074.00 -146.84 -891.20 4059.36 -146.84 -939.70 4059.36 -195.66 -939.70 4074.00 -195.66 -891.20 4078.08 -69.34 -815.75 4078.08 -69.34 -864.25 4078.08 -118.16 -864.25 4078.08 -118.16 -815.75 4074.00 8.16 -891.20 4059.36 8.16 -939.70 4059.36 -40.66 -939.70 4074.00 -40.66 -891.20 4059.36 85.66 -740.30 4074.00 85.66 -788.80 4074.00 36.84 -788.80 4059.36 36.84 -740.30 4078.08 85.66 -815.75 4078.08 85.66 -864.25 4078.08 36.84 -864.25 4078.08 36.84 -815.75 4072.16 40.91 -740.83 4056.04 100.00 -975.00 4056.04 40.00 -1029.23 4056.04 40.00 -975.00 4056.04 -20.00 -1083.45 4056.04 -20.00 -1029.23 4056.04 -20.00 -975.00 4056.04 40.49 -705.00 4056.04 -20.00 -705.00 4056.04 40.00 -650.77 4056.04 -20.00 -650.77 4056.04 -100.00 -650.77 4056.04 -20.00 -596.55 4056.04 -100.00 -596.55 3810.57 -100.00 -596.55 3933.31 -100.00 -596.55 3810.57 -180.00 -596.55 3933.31 -180.00 -596.55 3810.57 -100.00 -1083.45 3933.31 -100.00 -1083.45 3810.57 -20.00 -1083.45 3933.31 -20.00 -1083.45 3810.57 -180.00 -1083.45 3750.57 -180.00 -1023.45 3750.57 -100.00 -1023.45 3690.57 -100.00 -963.45 3601.28 -100.00 -963.75 3690.57 -180.00 -963.45 3601.28 -180.00 -963.75 3512.00 -180.00 -715.96 3512.00 -100.00 -715.96 3601.28 -180.00 -716.25 3601.28 -100.00 -716.25 3690.57 -180.00 -716.55 3690.57 -100.00 -716.55 3750.57 -180.00 -656.55 3750.57 -100.00 -656.55 4056.04 -100.00 -1029.23 4056.04 -100.00 -975.00 3512.00 -120.00 -840.00 3512.00 -120.00 -890.00 3511.30 -100.00 -840.00 3511.30 -100.00 -910.00 3512.00 -180.00 -770.00 3512.00 -180.00 -720.00 3512.00 -240.00 -770.00 3512.00 -240.00 -720.00 3512.00 -240.00 -910.00 3512.00 -180.00 -910.00 3512.00 -240.00 -890.00 3512.00 -180.00 -890.00 3512.00 -100.00 -715.96 3512.00 -180.00 -715.96 4056.04 -100.00 -1083.45 4056.04 -180.00 -1083.45 3933.31 -180.00 -1083.45 4056.04 -100.00 -596.55 4056.04 -20.00 -596.55 3933.31 -20.00 -596.55 3690.57 -20.00 -963.45 3750.57 -20.00 -1023.45 3810.57 -20.00 -596.55 3750.57 -20.00 -656.55 3601.28 -20.00 -963.75 3512.00 -100.00 -964.04 3509.18 -20.06 -964.04 3690.57 -20.00 -716.55 3601.28 -20.00 -716.25 3512.00 -100.00 -964.04 3512.00 -180.00 -960.00 3512.00 -180.00 -964.04 4056.04 -180.00 -1029.23 4056.04 -180.00 -1083.45 4056.04 -100.00 -1083.45 4056.04 -20.00 -1083.45 3512.00 -180.00 -964.04 4056.04 -180.00 -705.00 4056.04 -180.00 -650.77 4056.04 -146.84 -705.00 4056.04 -100.00 -705.00 4056.04 -180.00 -596.55 3509.18 -20.00 -715.96 4056.04 -180.00 -975.00 4056.04 -146.84 -975.00 4056.04 -180.00 -596.55 3511.30 -100.00 -770.00 3512.00 -180.00 -790.00 3512.00 -240.00 -790.00 3512.00 -120.00 -790.00 3512.00 -240.00 -960.00 3509.18 -20.00 -840.00 3509.18 -20.00 -907.82 4056.04 100.00 -705.00 3509.18 -20.06 -964.04 3509.66 -38.28 -771.63 3509.18 -20.00 -765.70 3509.18 -20.00 -715.96 3509.93 -48.52 -797.26 3509.61 -36.27 -800.30 3509.55 -34.15 -813.47 3509.18 -20.00 -826.88 3990.92 -213.33 -851.98 3984.13 -213.33 -862.13 3989.53 -210.00 -851.40 3983.07 -210.00 -861.07 3973.40 -210.00 -867.53 3962.00 -212.39 -840.00 3962.00 -210.00 -869.80 3950.60 -210.00 -867.53 3940.93 -210.00 -861.07 3934.47 -210.00 -851.40 3932.20 -210.00 -840.00 3934.47 -210.00 -828.60 3940.93 -210.00 -818.93 3950.60 -210.00 -812.47 3962.00 -210.00 -810.20 3973.40 -210.00 -812.47 3983.07 -210.00 -818.93 3989.53 -210.00 -828.60 3991.80 -210.00 -840.00 3993.30 -213.33 -840.00 3973.98 -213.33 -868.92 3962.00 -213.33 -871.30 3950.02 -213.33 -868.92 3939.87 -213.33 -862.13 3933.08 -213.33 -851.98 3930.70 -213.33 -840.00 3933.08 -213.33 -828.02 3939.87 -213.33 -817.87 3950.02 -213.33 -811.08 3962.00 -213.33 -808.70 3973.98 -213.33 -811.08 3984.13 -213.33 -817.87 3990.92 -213.33 -828.02 3509.66 -38.28 -771.63 3509.93 -48.52 -797.26 3489.01 -20.00 -781.30 3481.00 -20.00 -803.32 3509.61 -36.27 -800.30 3490.81 -20.00 -803.67 3509.55 -34.15 -813.47 3492.80 -20.00 -814.26 3509.18 -20.00 -826.88 3509.18 -20.00 -765.70 3410.38 49.61 -818.12 3509.18 -20.00 -765.70 3489.01 -20.00 -781.30 3512.00 0.00 -750.17 3512.00 -20.00 -766.77 3569.45 0.00 -772.50 3536.36 0.00 -751.50 3512.00 -20.00 -827.75 3512.00 0.00 -840.00 3564.10 0.00 -818.12 3560.66 0.00 -803.17 3509.18 -20.00 -826.88 3481.00 -20.00 -803.32 3490.81 -20.00 -803.67 3492.80 -20.00 -814.26 3509.18 -20.00 -826.88 3880.00 120.00 -752.00 3908.00 110.00 -776.00 3909.00 120.00 -765.00 3926.00 100.00 -804.00 3928.00 120.00 -782.00 3926.00 100.00 -804.00 3962.00 90.00 -800.00 3962.00 120.00 -767.00 3928.00 120.00 -782.00 3934.00 90.00 -811.00 3997.00 120.00 -782.00 3999.00 100.00 -804.00 3991.00 90.00 -811.00 3999.00 100.00 -804.00 4003.00 90.00 -840.00 4021.00 120.00 -806.00 4035.00 120.00 -840.00 3991.00 90.00 -811.00 3991.00 90.00 -869.00 4014.00 120.00 -891.00 4014.00 120.00 -891.00 3991.00 90.00 -869.00 3980.00 120.00 -906.00 3962.00 100.00 -891.00 3962.00 90.00 -880.00 3934.00 90.00 -869.00 3945.00 120.00 -906.00 3911.00 120.00 -891.00 3911.00 120.00 -891.00 3934.00 90.00 -869.00 3922.00 90.00 -840.00 3890.00 120.00 -840.00 3926.00 100.00 -804.00 3904.00 120.00 -806.00 3934.00 90.00 -811.00 3897.00 120.00 -777.00 3904.00 120.00 -806.00 3940.50 87.61 -818.00 3962.00 87.61 -809.00 3984.50 87.61 -818.00 3984.50 87.61 -818.00 3993.50 87.61 -840.00 3984.50 87.61 -862.00 3984.50 87.61 -862.00 3962.00 87.61 -871.00 3940.50 87.61 -862.00 3940.50 87.61 -862.00 3931.50 87.61 -840.00 3940.50 87.61 -818.00 3931.50 87.61 -840.00 3950.93 63.71 -828.80 3946.44 63.71 -840.00 3962.00 -10.00 -840.00 3962.08 37.44 -832.63 3957.06 37.44 -834.98 3967.44 37.44 -834.98 3962.13 63.71 -823.57 3974.07 63.71 -828.80 3967.44 37.44 -834.98 3969.45 37.44 -840.00 3974.07 63.71 -828.80 3978.56 63.71 -840.00 3967.44 37.44 -845.02 3974.07 63.71 -851.20 3967.44 37.44 -845.02 3962.08 37.44 -847.37 3974.07 63.71 -851.20 3962.13 63.71 -856.43 3962.00 -10.00 -840.00 3957.06 37.44 -845.02 3955.05 37.44 -840.00 3957.06 37.44 -845.02 3950.93 63.71 -851.20 3957.06 37.44 -834.98 3962.00 120.00 -969.00 3962.00 100.00 -891.00 3945.00 120.00 -906.00 3980.00 120.00 -906.00 3999.00 100.00 -804.00 4043.00 120.00 -767.00 3997.00 120.00 -782.00 4021.00 120.00 -806.00 3962.00 87.61 -809.00 3940.50 87.61 -818.00 3950.93 63.71 -828.80 3940.50 87.61 -818.00 3984.50 87.61 -818.00 3984.50 87.61 -818.00 3993.50 87.61 -840.00 3984.50 87.61 -862.00 3962.00 87.61 -871.00 3984.50 87.61 -862.00 3940.50 87.61 -862.00 3950.93 63.71 -851.20 3940.50 87.61 -862.00 3744.00 51.00 -891.00 3753.00 30.00 -884.00 3721.00 28.00 -897.00 3728.00 36.00 -879.00 3650.00 0.00 -844.00 3614.00 0.00 -854.00 3657.00 -17.00 -849.00 3660.00 0.00 -858.00 3657.00 -17.00 -849.00 3685.00 -24.00 -834.00 3664.00 0.00 -834.00 3650.00 0.00 -844.00 3692.00 0.00 -844.00 </float_array>
                    <technique_common>
                        <accessor source="#geom-02567978-pos-array" count="2517" stride="3">
                            <param name="X" type="float" />
                            <param name="Y" type="float" />
                            <param name="Z" type="float" />
                        </accessor>
                    </technique_common>
                </source>
                <source id="geom-02567978-texcoord">
                    <float_array id="geom-02567978-texcoord-array" count="5034">0.47 0.59 0.47 0.86 0.38 0.59 0.38 0.86 0.38 0.59 0.47 0.59 0.38 0.86 0.47 0.86 0.38 0.59 0.47 0.59 0.38 0.86 0.47 0.86 0.38 0.59 0.42 0.55 0.47 0.59 0.47 0.86 0.42 0.91 0.38 0.86 0.47 0.59 0.47 0.86 0.38 0.59 0.38 0.86 0.38 0.59 0.47 0.59 0.38 0.86 0.47 0.86 0.38 0.59 0.47 0.59 0.38 0.86 0.47 0.86 0.38 0.59 0.42 0.55 0.47 0.59 0.47 0.86 0.42 0.91 0.38 0.86 0.47 0.59 0.47 0.86 0.38 0.59 0.38 0.86 0.47 0.59 0.47 0.86 0.38 0.59 0.38 0.86 0.38 0.59 0.47 0.59 0.38 0.86 0.47 0.86 0.38 0.59 0.42 0.55 0.47 0.59 0.47 0.86 0.42 0.91 0.38 0.86 0.52 0.01 0.75 0.01 0.52 0.12 0.75 0.12 0.02 0.01 0.31 0.01 0.02 0.12 0.31 0.12 0.05 0.85 0.28 0.85 0.16 1.00 0.05 0.85 0.28 0.85 0.16 1.00 0.02 0.32 0.31 0.32 0.52 0.16 0.75 0.16 0.52 0.34 0.75 0.34 0.02 0.54 0.31 0.54 0.02 0.63 0.31 0.63 0.52 0.67 0.58 0.67 0.52 0.77 0.75 0.77 0.69 0.67 0.80 0.67 0.98 0.77 0.92 0.67 0.98 0.67 0.58 0.61 0.69 0.61 0.80 0.61 0.92 0.61 0.69 0.52 0.80 0.52 0.69 0.57 0.80 0.57 0.58 0.52 0.52 0.57 0.58 0.57 0.98 0.34 0.92 0.52 0.98 0.57 0.92 0.57 0.38 0.32 0.31 0.32 0.38 0.15 0.31 0.12 0.55 0.99 0.42 0.99 0.55 0.95 0.42 0.95 0.39 0.99 0.39 0.95 0.31 0.99 0.31 0.95 0.39 0.95 0.39 0.99 0.31 0.95 0.31 0.99 0.55 0.99 0.42 0.99 0.55 0.95 0.42 0.95 0.38 0.54 0.31 0.54 0.39 0.95 0.39 0.99 0.31 0.95 0.31 0.99 0.55 0.99 0.42 0.99 0.55 0.95 0.42 0.95 0.39 0.99 0.39 0.95 0.31 0.99 0.31 0.95 0.38 0.54 0.38 0.32 0.31 0.54 0.31 0.32 0.92 0.61 0.80 0.61 0.92 0.58 0.80 0.58 0.69 0.61 0.58 0.61 0.69 0.58 0.58 0.58 0.31 0.12 0.38 0.15 0.52 0.12 0.75 0.12 0.52 0.16 0.75 0.16 0.75 0.77 0.92 0.84 0.58 0.84 0.02 0.63 0.31 0.63 0.05 0.70 0.28 0.70 0.58 0.84 0.92 0.84 0.58 0.99 0.92 0.99 0.05 0.70 0.28 0.70 0.05 0.85 0.28 0.85 0.98 0.12 0.98 0.01 0.98 0.16 0.98 0.12 0.98 0.16 0.52 0.77 0.98 0.77 0.52 0.01 0.75 0.01 0.52 0.12 0.75 0.12 0.02 0.01 0.31 0.01 0.02 0.12 0.31 0.12 0.05 0.85 0.28 0.85 0.16 1.00 0.05 0.85 0.28 0.85 0.16 1.00 0.02 0.32 0.31 0.32 0.52 0.16 0.75 0.16 0.52 0.34 0.75 0.34 0.02 0.54 0.31 0.54 0.02 0.63 0.31 0.63 0.52 0.67 0.58 0.67 0.52 0.77 0.75 0.77 0.69 0.67 0.80 0.67 0.98 0.77 0.92 0.67 0.98 0.67 0.58 0.61 0.69 0.61 0.80 0.61 0.92 0.61 0.69 0.52 0.80 0.52 0.69 0.57 0.80 0.57 0.58 0.52 0.52 0.57 0.58 0.57 0.98 0.34 0.92 0.52 0.98 0.57 0.92 0.57 0.38 0.32 0.31 0.32 0.38 0.15 0.31 0.12 0.55 0.99 0.42 0.99 0.55 0.95 0.42 0.95 0.39 0.99 0.39 0.95 0.31 0.99 0.31 0.95 0.39 0.95 0.39 0.99 0.31 0.95 0.31 0.99 0.55 0.99 0.42 0.99 0.55 0.95 0.42 0.95 0.38 0.54 0.31 0.54 0.39 0.95 0.39 0.99 0.31 0.95 0.31 0.99 0.55 0.99 0.42 0.99 0.55 0.95 0.42 0.95 0.39 0.99 0.39 0.95 0.31 0.99 0.31 0.95 0.38 0.54 0.38 0.32 0.31 0.54 0.31 0.32 0.92 0.61 0.80 0.61 0.92 0.58 0.80 0.58 0.69 0.61 0.58 0.61 0.69 0.58 0.58 0.58 0.31 0.12 0.38 0.15 0.52 0.12 0.75 0.12 0.52 0.16 0.75 0.16 0.75 0.77 0.92 0.84 0.58 0.84 0.02 0.63 0.31 0.63 0.05 0.70 0.28 0.70 0.58 0.84 0.92 0.84 0.58 0.99 0.92 0.99 0.05 0.70 0.28 0.70 0.05 0.85 0.28 0.85 0.98 0.12 0.98 0.01 0.98 0.16 0.98 0.12 0.98 0.16 0.52 0.77 0.98 0.77 0.52 0.01 0.75 0.01 0.52 0.12 0.75 0.12 0.02 0.01 0.31 0.01 0.02 0.12 0.31 0.12 0.05 0.85 0.28 0.85 0.16 1.00 0.05 0.85 0.28 0.85 0.16 1.00 0.02 0.32 0.31 0.32 0.52 0.16 0.75 0.16 0.52 0.34 0.75 0.34 0.02 0.54 0.31 0.54 0.02 0.63 0.31 0.63 0.52 0.67 0.58 0.67 0.52 0.77 0.75 0.77 0.69 0.67 0.80 0.67 0.98 0.77 0.92 0.67 0.98 0.67 0.58 0.61 0.69 0.61 0.80 0.61 0.92 0.61 0.69 0.52 0.80 0.52 0.69 0.57 0.80 0.57 0.58 0.52 0.52 0.57 0.58 0.57 0.98 0.34 0.92 0.52 0.98 0.57 0.92 0.57 0.38 0.32 0.31 0.32 0.38 0.15 0.31 0.12 0.55 0.99 0.42 0.99 0.55 0.95 0.42 0.95 0.39 0.99 0.39 0.95 0.31 0.99 0.31 0.95 0.39 0.95 0.39 0.99 0.31 0.95 0.31 0.99 0.55 0.99 0.42 0.99 0.55 0.95 0.42 0.95 0.38 0.54 0.31 0.54 0.39 0.95 0.39 0.99 0.31 0.95 0.31 0.99 0.55 0.99 0.42 0.99 0.55 0.95 0.42 0.95 0.39 0.99 0.39 0.95 0.31 0.99 0.31 0.95 0.38 0.54 0.38 0.32 0.31 0.54 0.31 0.32 0.92 0.61 0.80 0.61 0.92 0.58 0.80 0.58 0.69 0.61 0.58 0.61 0.69 0.58 0.58 0.58 0.31 0.12 0.38 0.15 0.52 0.12 0.75 0.12 0.52 0.16 0.75 0.16 0.75 0.77 0.92 0.84 0.58 0.84 0.02 0.63 0.31 0.63 0.05 0.70 0.28 0.70 0.58 0.84 0.92 0.84 0.58 0.99 0.92 0.99 0.05 0.70 0.28 0.70 0.05 0.85 0.28 0.85 0.98 0.12 0.98 0.01 0.98 0.16 0.98 0.12 0.98 0.16 0.52 0.77 0.98 0.77 0.52 0.01 0.75 0.01 0.52 0.12 0.75 0.12 0.02 0.01 0.31 0.01 0.02 0.12 0.31 0.12 0.05 0.85 0.28 0.85 0.16 1.00 0.05 0.85 0.28 0.85 0.16 1.00 0.02 0.32 0.31 0.32 0.52 0.16 0.75 0.16 0.52 0.34 0.75 0.34 0.02 0.54 0.31 0.54 0.02 0.63 0.31 0.63 0.52 0.67 0.58 0.67 0.52 0.77 0.75 0.77 0.69 0.67 0.80 0.67 0.98 0.77 0.92 0.67 0.98 0.67 0.58 0.61 0.69 0.61 0.80 0.61 0.92 0.61 0.69 0.52 0.80 0.52 0.69 0.57 0.80 0.57 0.58 0.52 0.52 0.57 0.58 0.57 0.98 0.34 0.92 0.52 0.98 0.57 0.92 0.57 0.38 0.32 0.31 0.32 0.38 0.15 0.31 0.12 0.55 0.99 0.42 0.99 0.55 0.95 0.42 0.95 0.39 0.99 0.39 0.95 0.31 0.99 0.31 0.95 0.39 0.95 0.39 0.99 0.31 0.95 0.31 0.99 0.55 0.99 0.42 0.99 0.55 0.95 0.42 0.95 0.38 0.54 0.31 0.54 0.39 0.95 0.39 0.99 0.31 0.95 0.31 0.99 0.55 0.99 0.42 0.99 0.55 0.95 0.42 0.95 0.39 0.99 0.39 0.95 0.31 0.99 0.31 0.95 0.38 0.54 0.38 0.32 0.31 0.54 0.31 0.32 0.92 0.61 0.80 0.61 0.92 0.58 0.80 0.58 0.69 0.61 0.58 0.61 0.69 0.58 0.58 0.58 0.31 0.12 0.38 0.15 0.52 0.12 0.75 0.12 0.52 0.16 0.75 0.16 0.75 0.77 0.92 0.84 0.58 0.84 0.02 0.63 0.31 0.63 0.05 0.70 0.28 0.70 0.58 0.84 0.92 0.84 0.58 0.99 0.92 0.99 0.05 0.70 0.28 0.70 0.05 0.85 0.28 0.85 0.98 0.12 0.98 0.01 0.98 0.16 0.98 0.12 0.98 0.16 0.52 0.77 0.98 0.77 0.47 0.59 0.47 0.86 0.38 0.59 0.38 0.86 0.38 0.59 0.47 0.59 0.38 0.86 0.47 0.86 0.38 0.59 0.47 0.59 0.38 0.86 0.47 0.86 0.38 0.59 0.42 0.55 0.47 0.59 0.47 0.86 0.42 0.91 0.38 0.86 0.47 0.59 0.47 0.86 0.38 0.59 0.38 0.86 0.38 0.59 0.47 0.59 0.38 0.86 0.47 0.86 0.38 0.59 0.47 0.59 0.38 0.86 0.47 0.86 0.38 0.59 0.42 0.55 0.47 0.59 0.47 0.86 0.42 0.91 0.38 0.86 0.47 0.59 0.47 0.86 0.38 0.59 0.38 0.86 0.47 0.59 0.47 0.86 0.38 0.59 0.38 0.86 0.38 0.59 0.47 0.59 0.38 0.86 0.47 0.86 0.38 0.59 0.42 0.55 0.47 0.59 0.47 0.86 0.42 0.91 0.38 0.86 0.52 0.01 0.75 0.01 0.52 0.12 0.75 0.12 0.02 0.01 0.31 0.01 0.02 0.12 0.31 0.12 0.05 0.85 0.28 0.85 0.16 1.00 0.05 0.85 0.28 0.85 0.16 1.00 0.02 0.32 0.31 0.32 0.52 0.16 0.75 0.16 0.52 0.34 0.75 0.34 0.02 0.54 0.31 0.54 0.02 0.63 0.31 0.63 0.52 0.67 0.58 0.67 0.52 0.77 0.75 0.77 0.69 0.67 0.80 0.67 0.98 0.77 0.92 0.67 0.98 0.67 0.58 0.61 0.69 0.61 0.80 0.61 0.92 0.61 0.69 0.52 0.80 0.52 0.69 0.57 0.80 0.57 0.58 0.52 0.52 0.57 0.58 0.57 0.98 0.34 0.92 0.52 0.98 0.57 0.92 0.57 0.38 0.32 0.31 0.32 0.38 0.15 0.31 0.12 0.55 0.99 0.42 0.99 0.55 0.95 0.42 0.95 0.39 0.99 0.39 0.95 0.31 0.99 0.31 0.95 0.39 0.95 0.39 0.99 0.31 0.95 0.31 0.99 0.55 0.99 0.42 0.99 0.55 0.95 0.42 0.95 0.38 0.54 0.31 0.54 0.39 0.95 0.39 0.99 0.31 0.95 0.31 0.99 0.55 0.99 0.42 0.99 0.55 0.95 0.42 0.95 0.39 0.99 0.39 0.95 0.31 0.99 0.31 0.95 0.38 0.54 0.38 0.32 0.31 0.54 0.31 0.32 0.92 0.61 0.80 0.61 0.92 0.58 0.80 0.58 0.69 0.61 0.58 0.61 0.69 0.58 0.58 0.58 0.31 0.12 0.38 0.15 0.52 0.12 0.75 0.12 0.52 0.16 0.75 0.16 0.75 0.77 0.92 0.84 0.58 0.84 0.02 0.63 0.31 0.63 0.05 0.70 0.28 0.70 0.58 0.84 0.92 0.84 0.58 0.99 0.92 0.99 0.05 0.70 0.28 0.70 0.05 0.85 0.28 0.85 0.98 0.12 0.98 0.01 0.98 0.16 0.98 0.12 0.98 0.16 0.52 0.77 0.98 0.77 0.52 0.01 0.75 0.01 0.52 0.12 0.75 0.12 0.02 0.01 0.31 0.01 0.02 0.12 0.31 0.12 0.05 0.85 0.28 0.85 0.16 1.00 0.05 0.85 0.28 0.85 0.16 1.00 0.02 0.32 0.31 0.32 0.52 0.16 0.75 0.16 0.52 0.34 0.75 0.34 0.02 0.54 0.31 0.54 0.02 0.63 0.31 0.63 0.52 0.67 0.58 0.67 0.52 0.77 0.75 0.77 0.69 0.67 0.80 0.67 0.98 0.77 0.92 0.67 0.98 0.67 0.58 0.61 0.69 0.61 0.80 0.61 0.92 0.61 0.69 0.52 0.80 0.52 0.69 0.57 0.80 0.57 0.58 0.52 0.52 0.57 0.58 0.57 0.98 0.34 0.92 0.52 0.98 0.57 0.92 0.57 0.38 0.32 0.31 0.32 0.38 0.15 0.31 0.12 0.55 0.99 0.42 0.99 0.55 0.95 0.42 0.95 0.39 0.99 0.39 0.95 0.31 0.99 0.31 0.95 0.39 0.95 0.39 0.99 0.31 0.95 0.31 0.99 0.55 0.99 0.42 0.99 0.55 0.95 0.42 0.95 0.38 0.54 0.31 0.54 0.39 0.95 0.39 0.99 0.31 0.95 0.31 0.99 0.55 0.99 0.42 0.99 0.55 0.95 0.42 0.95 0.39 0.99 0.39 0.95 0.31 0.99 0.31 0.95 0.38 0.54 0.38 0.32 0.31 0.54 0.31 0.32 0.92 0.61 0.80 0.61 0.92 0.58 0.80 0.58 0.69 0.61 0.58 0.61 0.69 0.58 0.58 0.58 0.31 0.12 0.38 0.15 0.52 0.12 0.75 0.12 0.52 0.16 0.75 0.16 0.75 0.77 0.92 0.84 0.58 0.84 0.02 0.63 0.31 0.63 0.05 0.70 0.28 0.70 0.58 0.84 0.92 0.84 0.58 0.99 0.92 0.99 0.05 0.70 0.28 0.70 0.05 0.85 0.28 0.85 0.98 0.12 0.98 0.01 0.98 0.16 0.98 0.12 0.98 0.16 0.52 0.77 0.98 0.77 0.52 0.01 0.75 0.01 0.52 0.12 0.75 0.12 0.02 0.01 0.31 0.01 0.02 0.12 0.31 0.12 0.05 0.85 0.28 0.85 0.16 1.00 0.05 0.85 0.28 0.85 0.16 1.00 0.02 0.32 0.31 0.32 0.52 0.16 0.75 0.16 0.52 0.34 0.75 0.34 0.02 0.54 0.31 0.54 0.02 0.63 0.31 0.63 0.52 0.67 0.58 0.67 0.52 0.77 0.75 0.77 0.69 0.67 0.80 0.67 0.98 0.77 0.92 0.67 0.98 0.67 0.58 0.61 0.69 0.61 0.80 0.61 0.92 0.61 0.69 0.52 0.80 0.52 0.69 0.57 0.80 0.57 0.58 0.52 0.52 0.57 0.58 0.57 0.98 0.34 0.92 0.52 0.98 0.57 0.92 0.57 0.38 0.32 0.31 0.32 0.38 0.15 0.31 0.12 0.55 0.99 0.42 0.99 0.55 0.95 0.42 0.95 0.39 0.99 0.39 0.95 0.31 0.99 0.31 0.95 0.39 0.95 0.39 0.99 0.31 0.95 0.31 0.99 0.55 0.99 0.42 0.99 0.55 0.95 0.42 0.95 0.38 0.54 0.31 0.54 0.39 0.95 0.39 0.99 0.31 0.95 0.31 0.99 0.55 0.99 0.42 0.99 0.55 0.95 0.42 0.95 0.39 0.99 0.39 0.95 0.31 0.99 0.31 0.95 0.38 0.54 0.38 0.32 0.31 0.54 0.31 0.32 0.92 0.61 0.80 0.61 0.92 0.58 0.80 0.58 0.69 0.61 0.58 0.61 0.69 0.58 0.58 0.58 0.31 0.12 0.38 0.15 0.52 0.12 0.75 0.12 0.52 0.16 0.75 0.16 0.75 0.77 0.92 0.84 0.58 0.84 0.02 0.63 0.31 0.63 0.05 0.70 0.28 0.70 0.58 0.84 0.92 0.84 0.58 0.99 0.92 0.99 0.05 0.70 0.28 0.70 0.05 0.85 0.28 0.85 0.98 0.12 0.98 0.01 0.98 0.16 0.98 0.12 0.98 0.16 0.52 0.77 0.98 0.77 0.52 0.01 0.75 0.01 0.52 0.12 0.75 0.12 0.02 0.01 0.31 0.01 0.02 0.12 0.31 0.12 0.05 0.85 0.28 0.85 0.16 1.00 0.05 0.85 0.28 0.85 0.16 1.00 0.02 0.32 0.31 0.32 0.52 0.16 0.75 0.16 0.52 0.34 0.75 0.34 0.02 0.54 0.31 0.54 0.02 0.63 0.31 0.63 0.52 0.67 0.58 0.67 0.52 0.77 0.75 0.77 0.69 0.67 0.80 0.67 0.98 0.77 0.92 0.67 0.98 0.67 0.58 0.61 0.69 0.61 0.80 0.61 0.92 0.61 0.69 0.52 0.80 0.52 0.69 0.57 0.80 0.57 0.58 0.52 0.52 0.57 0.58 0.57 0.98 0.34 0.92 0.52 0.98 0.57 0.92 0.57 0.38 0.32 0.31 0.32 0.38 0.15 0.31 0.12 0.55 0.99 0.42 0.99 0.55 0.95 0.42 0.95 0.39 0.99 0.39 0.95 0.31 0.99 0.31 0.95 0.39 0.95 0.39 0.99 0.31 0.95 0.31 0.99 0.55 0.99 0.42 0.99 0.55 0.95 0.42 0.95 0.38 0.54 0.31 0.54 0.39 0.95 0.39 0.99 0.31 0.95 0.31 0.99 0.55 0.99 0.42 0.99 0.55 0.95 0.42 0.95 0.39 0.99 0.39 0.95 0.31 0.99 0.31 0.95 0.38 0.54 0.38 0.32 0.31 0.54 0.31 0.32 0.92 0.61 0.80 0.61 0.92 0.58 0.80 0.58 0.69 0.61 0.58 0.61 0.69 0.58 0.58 0.58 0.31 0.12 0.38 0.15 0.52 0.12 0.75 0.12 0.52 0.16 0.75 0.16 0.75 0.77 0.92 0.84 0.58 0.84 0.02 0.63 0.31 0.63 0.05 0.70 0.28 0.70 0.58 0.84 0.92 0.84 0.58 0.99 0.92 0.99 0.05 0.70 0.28 0.70 0.05 0.85 0.28 0.85 0.98 0.12 0.98 0.01 0.98 0.16 0.98 0.12 0.98 0.16 0.52 0.77 0.98 0.77 0.26 -0.06 0.26 0.00 0.23 -0.06 0.23 0.00 0.53 -0.10 0.47 -0.10 0.50 -0.17 0.75 -0.12 0.69 -0.12 0.75 -0.19 0.63 -0.18 0.59 -0.25 0.71 -0.26 0.86 -0.26 0.88 -0.19 0.23 0.06 0.26 0.06 0.63 0.18 0.59 0.25 0.50 0.17 0.86 0.26 0.83 0.33 0.71 0.26 0.67 0.33 0.38 -0.17 0.36 -0.10 0.26 -0.17 0.26 -0.10 0.47 -0.07 0.36 0.00 0.26 0.10 0.31 0.06 0.38 0.17 0.26 0.17 0.36 0.10 0.88 0.19 1.00 0.26 1.00 0.19 1.00 -0.26 1.00 -0.33 0.83 -0.33 0.75 0.19 0.69 0.12 0.75 0.12 0.58 0.10 0.75 -0.19 0.47 0.07 0.47 0.10 0.31 -0.06 0.67 -0.33 1.00 -0.19 1.00 0.33 0.47 -0.02 0.47 0.02 0.58 -0.10 0.64 -0.10 0.69 -0.10 0.53 0.10 0.64 0.10 0.69 0.10 0.33 0.00 0.25 0.00 0.33 -0.33 0.25 -0.33 0.59 0.01 0.67 0.01 0.59 0.33 0.67 0.33 0.33 0.33 0.25 0.33 0.33 0.00 0.25 0.00 0.17 0.01 0.17 0.33 0.09 0.01 0.09 0.33 0.25 0.00 0.25 0.33 0.17 0.00 0.17 0.33 0.25 0.00 0.17 0.00 0.25 0.33 0.17 0.33 0.08 0.17 0.08 0.33 0.00 0.17 0.00 0.33 0.59 0.33 0.67 0.33 0.67 0.33 0.67 0.01 0.59 0.33 0.59 0.01 1.00 -0.01 0.92 -0.01 1.00 -0.32 0.92 -0.32 1.00 0.27 1.00 0.04 0.92 0.27 0.92 0.04 1.00 0.27 1.00 0.04 0.92 0.27 0.92 0.04 0.25 0.33 0.33 0.33 1.00 -0.01 0.92 -0.01 1.00 -0.32 0.92 -0.32 0.17 0.33 0.17 0.00 0.25 0.33 0.25 0.00 0.08 0.17 0.00 0.17 0.08 0.33 0.00 0.33 0.17 0.33 0.09 0.33 0.25 0.33 0.25 0.00 0.17 0.33 0.17 0.00 0.25 0.00 0.33 0.00 0.25 0.33 0.33 0.33 0.08 0.01 0.08 0.16 0.00 0.01 0.00 0.16 0.92 -0.01 0.92 -0.32 1.00 -0.01 1.00 -0.32 0.08 0.01 0.00 0.01 0.08 0.16 0.00 0.16 0.25 -0.33 0.33 -0.33 0.25 0.00 0.33 0.00 1.00 0.27 1.00 0.04 0.92 0.27 0.92 0.04 0.67 0.33 0.59 0.33 0.33 0.33 0.25 0.33 0.92 -0.01 0.92 -0.32 1.00 -0.01 1.00 -0.32 0.33 -0.33 0.25 -0.33 1.00 0.27 1.00 0.04 0.92 0.27 0.25 -0.33 0.33 -0.33 0.01 0.88 0.01 0.44 0.47 0.88 0.47 0.02 0.01 0.02 0.01 0.88 0.01 0.02 1.00 0.88 1.00 0.02 1.00 0.02 1.00 0.88 0.01 0.02 0.01 0.88 1.00 0.02 1.00 0.88 0.01 0.02 0.01 0.88 0.01 0.88 0.01 0.02 1.00 0.88 1.00 0.02 0.01 0.02 1.00 0.02 0.01 0.88 1.00 0.88 0.01 0.02 1.00 0.02 0.01 0.88 1.00 0.88 0.01 0.02 0.54 0.02 0.01 0.88 0.54 0.88 1.00 0.99 0.01 0.99 0.01 0.99 1.00 0.99 1.00 0.99 0.01 0.99 0.50 0.99 0.01 0.99 0.01 0.99 0.50 0.99 0.01 0.99 1.00 0.99 0.01 0.99 1.00 0.99 1.00 0.99 0.01 0.99 1.00 0.02 1.00 0.88 0.01 0.02 0.01 0.88 0.01 0.99 1.00 0.99 1.00 0.88 1.00 0.99 0.01 0.88 0.01 0.99 0.01 0.02 1.00 0.02 1.00 0.02 1.00 0.88 0.01 0.02 0.01 0.88 0.01 0.99 1.00 0.99 0.01 0.88 0.01 0.02 1.00 0.88 1.00 0.02 0.01 0.99 1.00 0.99 0.01 0.88 0.01 0.02 1.00 0.88 1.00 0.02 0.01 0.99 1.00 0.99 0.01 0.88 0.01 0.02 1.00 0.88 1.00 0.02 0.01 0.99 1.00 0.99 1.00 0.88 1.00 0.02 1.00 0.88 1.00 0.44 1.00 0.02 1.00 0.99 1.00 0.99 0.06 0.07 0.06 -0.21 0.07 0.07 0.07 -0.21 0.04 -0.16 0.04 -0.01 0.05 -0.16 0.05 -0.01 0.06 -0.21 0.06 -0.49 0.07 -0.21 0.07 -0.50 0.07 -0.21 0.06 -0.21 0.07 -0.49 0.06 -0.50 0.07 -0.50 0.07 -0.21 0.06 -0.49 0.06 -0.21 0.04 -0.49 0.04 -0.37 0.05 -0.49 0.05 -0.37 0.06 -0.22 0.07 -0.21 0.06 0.06 0.07 0.07 0.05 -0.01 0.04 -0.01 0.05 -0.16 0.04 -0.16 0.04 -0.37 0.05 -0.37 0.07 -0.21 0.06 -0.21 0.07 -0.49 0.06 -0.50 0.06 -0.21 0.07 -0.21 0.06 0.07 0.07 0.08 0.07 -0.50 0.07 -0.21 0.06 -0.49 0.06 -0.21 0.06 0.06 0.07 0.07 0.07 0.06 0.06 0.07 0.06 0.07 0.07 0.07 0.07 0.07 0.06 0.07 0.07 0.07 0.06 0.08 0.07 -0.49 0.06 -0.50 0.05 -0.49 0.04 -0.49 0.05 -0.57 0.04 -0.57 0.00 -0.14 0.00 0.02 0.08 -0.05 0.00 0.14 0.02 0.14 0.00 -0.30 0.03 -0.14 0.00 -0.08 0.03 0.14 0.00 -0.77 0.03 -0.71 0.00 -0.59 0.03 -0.43 0.00 -1.00 0.00 -0.77 0.03 -1.00 0.03 -0.71 0.00 -0.30 0.00 -0.08 0.03 -0.14 0.03 0.14 0.00 0.14 0.00 -0.59 0.03 -0.43 0.00 -1.00 0.03 -1.00 0.08 -0.24 0.00 -0.31 0.00 -0.43 0.02 -0.43 0.06 -0.50 0.07 -0.49 0.06 -0.37 0.07 -0.37 0.04 -0.57 0.05 -0.57 0.04 0.14 0.05 0.14 0.05 0.14 0.04 0.14 0.07 -0.50 0.06 -0.50 0.06 -0.49 0.07 -0.50 0.07 -0.21 0.06 -0.21 0.06 0.07 0.06 -0.04 0.07 0.06 0.07 -0.04 0.06 -0.18 0.07 -0.18 0.05 -0.15 0.05 -0.03 0.03 -0.15 0.03 -0.03 0.05 0.09 0.03 0.09 0.05 -0.03 0.03 -0.03 0.10 -0.07 0.08 -0.07 0.10 -0.24 0.08 -0.24 0.10 -0.37 0.08 -0.37 0.10 -0.51 0.08 -0.51 0.10 -0.74 0.08 -0.74 0.05 0.09 0.05 -0.15 0.07 0.05 0.07 -0.19 0.10 0.09 0.08 0.09 0.10 -0.04 0.08 -0.04 0.07 0.09 0.05 0.05 0.07 -0.15 0.05 -0.19 0.10 -0.11 0.08 -0.11 0.10 -0.35 0.08 -0.35 0.10 -0.53 0.08 -0.53 0.10 -0.67 0.08 -0.67 0.10 -0.84 0.08 -0.84 0.10 -1.00 0.08 -1.00 0.03 -0.31 0.05 -0.31 0.03 -0.31 0.05 -0.31 0.03 -0.15 0.05 -0.15 0.10 -0.15 0.08 -0.15 0.10 -0.30 0.08 -0.30 0.10 -0.96 0.08 -0.96 0.10 0.08 0.08 0.08 0.10 0.08 0.08 0.08 0.00 0.00 0.02 0.00 0.00 0.05 0.02 0.10 0.00 0.10 0.02 0.10 0.00 0.10 0.02 0.05 0.00 0.00 0.02 0.00 0.03 -0.40 0.05 -0.40 0.10 -0.19 0.08 -0.19 0.10 -0.33 0.08 -0.33 0.10 -0.40 0.08 -0.40 0.10 -0.46 0.08 -0.46 0.03 -0.40 0.05 -0.40 0.03 0.09 0.05 0.09 0.07 -0.39 0.05 -0.43 0.05 -0.39 0.07 -0.43 0.10 0.09 0.08 0.09 0.10 0.03 0.08 0.00 0.08 -0.13 0.24 0.48 0.48 0.36 0.00 0.48 0.24 0.00 0.48 0.12 0.48 0.00 0.00 0.00 0.00 0.12 0.52 0.00 0.52 0.12 0.00 0.36 0.00 0.48 0.48 0.36 0.48 0.48 0.00 0.00 0.00 0.12 0.48 0.00 0.48 0.12 0.52 0.48 0.52 0.36 0.00 0.48 0.00 0.36 0.00 0.12 0.52 0.12 0.00 0.00 0.52 0.00 0.00 0.24 0.48 0.24 0.00 0.12 0.48 0.12 0.00 0.36 0.48 0.36 0.00 0.48 0.48 0.48 0.00 0.00 0.48 0.00 0.00 0.24 0.52 0.24 0.00 0.36 0.52 0.36 0.52 0.48 0.00 0.48 0.48 0.48 0.00 0.00 0.24 0.00 0.00 0.00 0.24 0.12 0.00 0.12 0.48 0.12 0.48 0.24 0.24 0.24 0.48 0.36 0.24 0.36 0.48 0.42 0.24 0.48 0.48 0.48 0.24 0.12 0.24 0.00 0.00 0.12 0.00 0.00 0.48 0.36 0.48 0.48 0.00 0.36 0.00 0.48 0.24 0.24 0.48 0.12 0.48 0.24 0.00 0.24 0.48 0.24 0.48 0.36 0.24 0.36 0.00 0.12 0.48 0.12 0.24 0.48 0.48 0.48 0.00 0.00 0.48 0.06 0.48 0.00 0.00 0.12 0.24 0.12 0.00 0.00 0.24 0.00 0.24 0.24 0.48 0.12 0.48 0.24 0.24 0.36 0.48 0.36 0.24 0.48 0.48 0.48 0.48 0.06 0.30 0.06 0.48 0.00 0.30 0.00 0.30 0.12 0.00 0.06 0.00 0.12 0.48 0.24 0.30 0.24 0.48 0.18 0.30 0.18 0.00 0.24 0.00 0.18 0.30 0.24 0.61 0.06 0.61 0.00 0.73 0.06 0.73 0.00 0.98 0.06 0.97 0.00 0.73 0.18 1.00 0.12 0.92 0.18 0.61 0.18 0.61 0.24 0.48 0.00 0.00 0.24 0.00 0.36 0.00 0.42 0.00 0.48 0.48 0.00 0.00 0.24 0.00 0.36 0.06 0.42 0.00 0.48 0.00 0.24 0.00 0.18 0.48 0.00 0.00 0.30 0.00 0.36 0.00 0.48 0.48 0.12 0.61 0.12 0.73 0.12 0.00 0.00 0.85 0.24 0.73 0.24 0.02 0.02 0.51 0.02 0.02 0.51 0.51 0.51 1.00 0.02 1.00 0.51 0.02 0.02 0.51 0.02 0.02 0.51 0.51 0.51 0.51 0.02 1.00 0.02 1.00 0.51 0.02 0.02 0.51 0.02 0.02 0.51 0.51 0.51 1.00 0.02 1.00 0.51 0.02 0.02 0.51 0.02 0.02 0.51 0.51 0.51 1.00 0.02 1.00 0.51 0.02 0.02 0.51 0.02 0.02 0.51 0.51 0.51 1.00 0.02 1.00 0.51 0.02 0.02 0.51 0.02 0.02 0.51 0.51 0.51 1.00 0.02 1.00 0.51 0.02 0.02 0.51 0.02 0.02 0.51 0.51 0.51 1.00 0.02 1.00 0.51 0.02 0.02 0.51 0.02 0.02 0.51 0.51 0.51 1.00 0.02 1.00 0.51 0.51 0.83 0.89 0.83 0.13 0.83 0.51 0.83 0.89 0.83 0.13 0.83 0.51 0.83 0.89 0.83 0.13 0.83 0.51 0.83 0.89 0.83 0.13 0.83 0.51 0.83 0.89 0.83 0.13 0.83 0.51 0.83 0.89 0.83 0.13 0.83 0.51 0.83 0.89 0.83 0.13 0.83 0.51 0.83 0.89 0.83 0.13 0.83 0.16 1.00 0.51 1.00 0.86 1.00 0.16 1.00 0.51 1.00 0.86 1.00 0.16 1.00 0.51 1.00 0.86 1.00 0.16 1.00 0.51 1.00 0.86 1.00 0.16 1.00 0.51 1.00 0.86 1.00 0.16 1.00 0.51 1.00 0.86 1.00 0.16 1.00 0.51 1.00 0.86 1.00 0.16 1.00 0.51 1.00 0.86 1.00 0.13 -0.25 0.12 -0.33 0.24 -0.29 0.24 -0.34 0.16 0.01 0.25 0.03 0.33 -0.02 0.17 0.04 0.34 0.06 0.26 0.07 0.33 -0.02 0.25 0.03 0.16 0.01 0.17 0.04 0.34 0.06 0.26 0.07 0.84 -0.42 0.85 -0.34 0.73 -0.35 0.72 -0.41 0.69 -0.22 0.63 -0.31 0.85 -0.34 0.49 -0.29 0.46 -0.17 0.36 -0.28 0.36 0.12 0.46 0.29 0.24 0.23 0.27 -0.02 0.39 -0.09 0.39 -0.03 0.42 0.09 0.55 0.07 0.43 0.15 0.56 0.13 0.28 0.10 0.29 0.17 0.18 0.12 0.18 0.18 0.41 0.00 0.54 -0.02 0.41 0.06 0.55 0.04 0.16 0.00 0.08 0.01 0.13 -0.25 0.05 -0.24 0.85 -0.34 0.94 -0.35 0.89 -0.10 0.97 -0.11 0.35 -0.30 0.49 -0.32 0.36 -0.28 0.49 -0.29 0.42 0.09 0.28 0.10 0.41 0.06 0.28 0.08 0.55 0.07 0.55 0.04 0.66 0.05 0.66 0.03 0.36 -0.02 0.27 0.02 0.27 -0.01 0.59 -0.03 0.59 -0.05 0.65 -0.03 0.65 -0.06 0.63 -0.31 0.62 -0.34 0.22 0.02 0.17 0.09 0.16 0.03 0.19 0.24 0.12 0.25 0.92 0.14 1.00 0.13 0.77 -0.08 0.65 -0.02 0.66 -0.07 0.64 -0.12 0.60 -0.16 0.73 0.07 0.59 0.06 0.63 0.03 0.41 0.02 0.44 0.06 0.60 -0.16 0.64 -0.12 0.56 -0.10 0.57 -0.08 0.66 -0.07 0.58 -0.06 0.63 0.03 0.59 0.06 0.57 -0.01 0.55 0.00 0.54 0.08 0.53 0.01 0.44 0.06 0.41 0.02 0.49 0.00 0.47 -0.02 0.39 -0.03 0.46 -0.04 0.51 -0.18 0.56 -0.18 0.51 -0.11 0.54 -0.11 0.42 -0.13 0.46 -0.17 0.47 -0.09 0.49 -0.10 0.39 -0.09 0.46 -0.07 0.65 -0.02 0.58 -0.04 0.49 0.08 0.51 0.01 0.89 -0.10 0.67 0.26 0.87 0.15 0.16 0.00 0.13 -0.25 0.32 -0.17 0.17 0.09 0.18 0.12 0.21 0.00 0.22 0.02 0.27 0.02 0.28 0.08 0.67 0.12 0.66 0.05 0.59 -0.03 0.66 0.03 0.54 -0.02 0.45 -0.03 0.54 -0.04 0.56 -0.18 0.51 -0.18 0.42 -0.13 0.16 0.01 0.16 0.03 0.65 -0.03 0.19 0.24 0.92 0.14 0.55 0.17 0.49 0.08 0.54 0.08 0.87 0.17 0.25 0.25 0.41 0.00 0.98 1.00 0.03 1.00 0.98 0.02 0.03 0.02 0.98 1.00 0.03 1.00 0.98 0.02 0.03 0.02 0.03 0.02 0.98 0.02 0.03 1.00 0.98 1.00 0.03 0.02 0.98 0.02 0.03 1.00 0.98 1.00 0.98 1.00 0.03 1.00 0.98 0.02 0.03 0.02 0.98 1.00 0.03 1.00 0.98 0.02 0.03 0.02 0.03 0.02 0.98 0.02 0.03 1.00 0.98 1.00 0.03 0.02 0.98 0.02 0.03 1.00 0.98 1.00 0.51 0.02 1.00 0.02 0.51 0.51 1.00 0.51 1.00 0.51 0.51 0.51 1.00 1.00 0.51 1.00 1.00 0.51 0.51 0.51 1.00 1.00 0.51 1.00 0.02 0.51 0.02 1.00 0.51 1.00 0.51 0.52 1.00 0.52 0.51 1.00 1.00 1.00 1.00 0.02 0.51 0.02 0.02 0.02 0.51 0.52 1.00 0.52 0.51 1.00 1.00 1.00 0.02 0.52 0.02 1.00 0.02 0.52 0.02 1.00 1.00 1.00 1.00 0.51 0.51 0.51 1.00 1.00 0.51 1.00 1.00 0.07 1.00 -0.14 0.86 0.07 0.86 -0.14 0.71 -0.43 0.71 -0.29 0.86 -0.29 0.71 -0.14 0.29 -0.14 0.29 -0.29 0.14 -0.14 0.29 0.07 0.14 0.07 0.00 0.07 0.00 -0.14 0.71 -0.57 0.61 -0.57 0.61 -0.43 0.40 -0.43 0.40 -0.29 0.40 0.07 0.40 -0.14 0.14 0.29 0.00 0.29 0.29 0.29 0.40 0.29 0.86 0.29 0.71 0.29 0.71 0.07 0.50 -0.71 0.40 -0.71 0.50 -0.57 0.40 -0.57 0.50 -0.43 0.50 0.07 0.50 0.29 0.61 0.07 0.61 0.29 0.50 -0.14 0.61 -0.14 0.50 -0.29 0.61 -0.29 0.29 -0.57 0.29 -0.71 0.29 -0.43 0.45 0.07 0.45 -0.14 0.45 -0.29 0.14 -0.29 1.00 0.29 0.54 -0.63 0.56 -0.64 0.61 -0.62 0.65 -0.68 0.71 -0.71 0.65 -0.71 0.72 0.72 0.28 0.72 0.72 0.28 0.28 0.28 0.72 0.72 0.28 0.72 0.72 0.28 0.28 0.28 0.72 0.72 0.28 0.72 0.72 0.28 0.28 0.28 0.72 0.72 0.28 0.72 0.72 0.28 0.28 0.28 0.72 0.72 0.28 0.72 0.72 0.28 0.28 0.28 0.72 0.72 0.28 0.72 0.72 0.28 0.28 0.28 0.72 0.72 0.28 0.72 0.72 0.28 0.28 0.28 0.72 0.72 0.28 0.72 0.72 0.28 0.28 0.28 0.72 0.72 0.28 0.72 0.72 0.28 0.28 0.28 0.72 0.72 0.28 0.72 0.72 0.28 0.28 0.28 0.72 0.72 0.28 0.72 0.72 0.28 0.28 0.28 0.72 0.72 0.28 0.72 0.72 0.28 0.28 0.28 1.00 1.00 0.01 1.00 0.94 0.94 0.06 0.94 0.01 0.01 0.06 0.06 1.00 0.01 0.94 0.06 1.00 1.00 0.01 1.00 0.94 0.94 0.06 0.94 0.01 0.01 0.06 0.06 1.00 0.01 0.94 0.06 1.00 1.00 0.01 1.00 0.94 0.94 0.06 0.94 0.01 0.01 0.06 0.06 1.00 0.01 0.94 0.06 1.00 1.00 0.01 1.00 0.94 0.94 0.06 0.94 0.01 0.01 0.06 0.06 1.00 0.01 0.94 0.06 1.00 1.00 0.01 1.00 0.94 0.94 0.06 0.94 0.01 0.01 0.06 0.06 1.00 0.01 0.94 0.06 1.00 1.00 0.01 1.00 0.94 0.94 0.06 0.94 0.01 0.01 0.06 0.06 1.00 0.01 0.94 0.06 1.00 1.00 0.01 1.00 0.94 0.94 0.06 0.94 0.01 0.01 0.06 0.06 1.00 0.01 0.94 0.06 1.00 1.00 0.01 1.00 0.94 0.94 0.06 0.94 0.01 0.01 0.06 0.06 1.00 0.01 0.94 0.06 1.00 1.00 0.01 1.00 0.94 0.94 0.06 0.94 0.01 0.01 0.06 0.06 1.00 0.01 0.94 0.06 1.00 1.00 0.01 1.00 0.94 0.94 0.06 0.94 0.01 0.01 0.06 0.06 1.00 0.01 0.94 0.06 1.00 1.00 0.01 1.00 0.94 0.94 0.06 0.94 0.01 0.01 0.06 0.06 1.00 0.01 0.94 0.06 1.00 1.00 0.01 1.00 0.94 0.94 0.06 0.94 0.01 0.01 0.06 0.06 1.00 0.01 0.94 0.06 0.82 0.82 0.19 0.82 0.19 0.19 0.82 0.19 0.82 0.82 0.19 0.82 0.19 0.19 0.82 0.19 0.82 0.82 0.19 0.82 0.19 0.19 0.82 0.19 0.82 0.82 0.19 0.82 0.19 0.19 0.82 0.19 0.82 0.82 0.19 0.82 0.19 0.19 0.82 0.19 0.82 0.82 0.19 0.82 0.19 0.19 0.82 0.19 0.82 0.82 0.19 0.82 0.19 0.19 0.82 0.19 0.82 0.82 0.19 0.82 0.19 0.19 0.82 0.19 0.82 0.82 0.19 0.82 0.19 0.19 0.82 0.19 0.82 0.82 0.19 0.82 0.19 0.19 0.82 0.19 0.82 0.82 0.19 0.82 0.19 0.19 0.82 0.19 0.82 0.82 0.19 0.82 0.19 0.19 0.82 0.19 0.72 0.28 0.27 0.14 0.17 0.03 0.27 0.03 0.07 -0.07 0.17 -0.07 0.27 -0.07 0.00 0.03 0.00 -0.07 0.10 0.03 0.10 -0.07 0.10 -0.20 0.20 -0.07 0.20 -0.20 0.41 0.02 0.20 0.02 0.41 -0.12 0.20 -0.12 0.59 0.02 0.79 0.02 0.59 0.15 0.79 0.15 0.59 -0.12 0.45 -0.12 0.45 0.02 0.30 0.02 0.15 0.02 0.30 -0.12 0.15 -0.12 1.00 -0.12 1.00 0.02 0.84 -0.12 0.84 0.02 0.69 -0.12 0.69 0.02 0.55 -0.12 0.55 0.02 0.17 -0.20 0.27 -0.20 0.20 0.02 0.29 0.02 0.20 0.05 0.32 0.05 0.09 -0.08 0.01 -0.08 0.09 -0.18 0.01 -0.18 0.32 -0.18 0.32 -0.08 0.29 -0.18 0.29 -0.08 0.00 0.05 0.00 -0.08 1.00 0.02 1.00 -0.12 0.79 -0.12 0.00 0.02 0.00 0.15 0.20 0.15 0.30 0.15 0.45 0.15 0.41 0.15 0.55 0.15 0.15 0.15 0.00 0.02 0.00 0.15 0.69 0.15 0.84 0.15 0.41 0.05 0.40 -0.08 0.41 -0.08 0.17 -0.34 0.07 -0.34 0.07 -0.20 1.00 0.15 0.00 -0.12 0.00 -0.34 0.10 -0.34 0.00 -0.28 0.00 -0.20 0.00 -0.12 1.00 0.15 0.27 -0.34 0.27 -0.28 0.20 -0.34 0.09 0.05 0.12 -0.08 0.12 -0.18 0.12 0.02 0.40 -0.18 0.20 0.18 0.31 0.18 0.00 0.14 0.41 0.18 0.09 0.15 0.08 0.18 0.00 0.18 0.13 0.13 0.14 0.15 0.16 0.16 0.18 0.18 0.96 0.69 0.85 0.85 0.92 0.67 0.82 0.82 0.67 0.92 0.50 0.50 0.50 0.95 0.33 0.92 0.18 0.82 0.08 0.67 0.05 0.50 0.08 0.33 0.18 0.18 0.33 0.08 0.50 0.05 0.67 0.08 0.82 0.18 0.92 0.33 0.95 0.50 1.00 0.50 0.69 0.96 0.50 1.00 0.31 0.96 0.15 0.85 0.04 0.69 0.00 0.50 0.04 0.31 0.15 0.15 0.31 0.04 0.50 0.00 0.69 0.04 0.85 0.15 0.96 0.31 0.09 -0.17 0.46 -0.29 0.20 0.22 0.51 0.29 0.61 -0.12 0.63 0.22 0.80 -0.08 0.79 0.21 1.00 0.11 0.00 0.07 0.68 -0.30 0.72 -0.89 0.84 -0.76 0.55 -0.87 0.70 -0.90 0.18 -1.00 0.42 -0.96 0.00 -0.34 0.11 -0.44 0.01 -0.78 0.09 -0.83 0.04 -0.18 0.97 -0.34 0.69 0.21 0.30 0.09 0.05 -0.11 0.00 0.75 0.31 0.75 0.25 0.65 0.62 0.75 0.50 0.54 0.71 0.23 0.38 0.38 0.38 0.00 0.69 0.00 0.66 0.38 0.13 0.00 0.05 0.23 0.09 0.38 0.71 0.23 0.38 0.38 0.69 0.00 0.38 0.00 0.66 0.38 0.09 0.38 0.00 0.00 0.75 0.00 0.66 0.38 0.47 0.00 0.38 0.25 0.38 0.38 0.09 0.38 0.29 0.00 0.00 0.00 0.75 0.00 0.66 0.38 0.38 0.38 0.38 0.00 0.07 0.26 0.13 0.00 0.09 0.38 0.25 0.86 0.50 0.96 0.62 0.48 0.38 0.48 0.13 0.48 0.62 0.48 0.38 0.48 0.13 0.48 0.62 0.48 0.38 0.48 0.13 0.48 0.62 0.48 0.38 0.48 1.00 1.00 0.78 1.00 0.91 0.69 0.78 0.69 0.78 0.01 0.78 0.44 0.72 0.44 0.84 0.44 0.78 0.69 0.91 0.69 0.72 0.44 0.78 0.44 0.66 0.69 0.78 0.69 0.84 0.44 0.91 0.69 0.72 0.44 0.78 0.44 0.66 0.69 0.78 0.69 0.78 0.01 0.84 0.44 0.78 0.44 0.72 0.44 0.66 0.69 0.84 0.44 0.00 0.75 0.62 0.75 0.50 0.54 0.50 0.96 0.62 0.75 0.00 0.75 0.50 0.96 0.50 0.54 0.78 1.00 0.56 1.00 0.66 0.69 0.13 0.48 1.00 1.00 0.56 1.00 0.78 1.00 1.00 1.00 0.78 1.00 0.56 1.00 1.00 1.00 0.91 0.69 0.56 1.00 0.50 0.96 0.62 0.75 0.31 0.75 0.50 0.54 0.25 0.65 0.00 0.75 0.31 0.75 0.25 0.86 0.31 0.75 0.62 0.75 0.50 0.54 0.25 0.65 0.50 0.96 </float_array>
                    <technique_common>
                        <accessor source="#geom-02567978-texcoord-array" count="2517" stride="2">
                            <param name="S" type="float" />
                            <param name="T" type="float" />
                        </accessor>
                    </technique_common>
                </source>
                <source id="geom-02567978-colors">
                    <float_array id="geom-02567978-colors-array" count="10068">0.21 0.32 0.92 1.00 0.22 0.34 0.99 1.00 0.21 0.31 0.87 1.00 0.22 0.33 0.95 1.00 0.20 1.00 1.00 1.00 0.20 1.00 1.00 1.00 0.20 1.00 1.00 1.00 0.20 1.00 1.00 1.00 0.16 0.16 0.16 1.00 0.16 0.16 0.16 1.00 0.16 0.16 0.16 1.00 0.16 0.16 0.16 1.00 0.17 0.18 0.20 1.00 0.17 0.18 0.20 1.00 0.17 0.18 0.20 1.00 0.20 1.00 1.00 1.00 0.20 1.00 1.00 1.00 0.20 1.00 1.00 1.00 0.16 0.17 0.18 1.00 0.17 0.17 0.19 1.00 0.16 0.17 0.18 1.00 0.17 0.18 0.19 1.00 0.21 0.88 1.00 1.00 0.21 0.87 1.00 1.00 0.22 1.00 1.00 1.00 0.22 1.00 1.00 1.00 0.18 0.26 0.65 1.00 0.18 0.26 0.64 1.00 0.18 0.29 0.81 1.00 0.18 0.29 0.79 1.00 0.16 0.16 0.16 1.00 0.16 0.16 0.16 1.00 0.16 0.16 0.16 1.00 0.22 1.00 1.00 1.00 0.22 1.00 1.00 1.00 0.22 1.00 1.00 1.00 0.16 0.16 0.16 1.00 0.16 0.16 0.16 1.00 0.16 0.16 0.16 1.00 0.16 0.16 0.16 1.00 0.25 1.00 1.00 1.00 0.24 1.00 1.00 1.00 0.25 1.00 1.00 1.00 0.24 1.00 1.00 1.00 0.17 0.19 0.22 1.00 0.17 0.18 0.21 1.00 0.17 0.18 0.21 1.00 0.17 0.18 0.21 1.00 0.18 0.29 0.81 1.00 0.18 0.28 0.78 1.00 0.18 0.29 0.81 1.00 0.16 0.64 1.00 1.00 0.16 0.60 1.00 1.00 0.16 0.63 1.00 1.00 0.16 0.16 0.16 1.00 0.19 0.20 0.24 1.00 0.19 0.20 0.24 1.00 0.19 0.20 0.25 1.00 0.22 0.35 1.00 1.00 0.22 0.36 1.00 1.00 0.22 0.36 1.00 1.00 0.22 0.38 1.00 1.00 0.22 1.00 1.00 1.00 0.24 1.00 1.00 1.00 0.22 1.00 1.00 1.00 0.25 1.00 1.00 1.00 0.25 1.00 1.00 1.00 0.24 1.00 1.00 1.00 0.24 0.41 1.00 1.00 0.24 0.44 1.00 1.00 0.19 0.20 0.25 1.00 0.19 0.21 0.26 1.00 0.20 0.21 0.27 1.00 0.20 0.22 0.28 1.00 0.26 0.48 1.00 1.00 0.26 0.51 1.00 1.00 0.27 0.51 1.00 1.00 0.27 0.55 1.00 1.00 0.20 0.22 0.29 1.00 0.20 0.22 0.29 1.00 0.20 0.22 0.29 1.00 0.21 0.24 0.32 1.00 0.21 0.23 0.30 1.00 0.21 0.23 0.31 1.00 0.22 0.25 0.35 1.00 0.22 0.24 0.33 1.00 0.22 0.24 0.33 1.00 0.20 0.22 0.29 1.00 0.20 0.22 0.29 1.00 0.21 0.23 0.31 1.00 0.21 0.24 0.32 1.00 0.20 0.22 0.30 1.00 0.21 0.23 0.31 1.00 0.21 0.23 0.30 1.00 0.21 0.23 0.31 1.00 0.20 0.22 0.29 1.00 0.20 0.22 0.29 1.00 0.20 0.22 0.29 1.00 0.20 0.22 0.30 1.00 0.21 0.24 0.32 1.00 0.22 0.24 0.33 1.00 0.22 0.24 0.33 1.00 0.23 0.53 1.00 1.00 0.23 0.53 1.00 1.00 0.22 0.47 1.00 1.00 0.22 0.45 1.00 1.00 0.16 0.16 0.16 1.00 0.16 0.16 0.16 1.00 0.16 0.16 0.16 1.00 0.16 0.16 0.16 1.00 0.25 0.56 1.00 1.00 0.24 0.54 1.00 1.00 0.25 0.55 1.00 1.00 0.24 0.53 1.00 1.00 0.16 0.16 0.16 1.00 0.16 0.16 0.16 1.00 0.16 0.16 0.16 1.00 0.16 0.16 0.16 1.00 0.16 0.16 0.16 1.00 0.16 0.16 0.16 1.00 0.16 0.16 0.16 1.00 0.16 0.16 0.16 1.00 0.24 0.66 1.00 1.00 0.24 0.66 1.00 1.00 0.16 0.18 0.27 1.00 0.16 0.18 0.29 1.00 0.16 0.18 0.27 1.00 0.16 0.18 0.29 1.00 0.16 0.16 0.16 1.00 0.16 0.16 0.16 1.00 0.16 0.16 0.16 1.00 0.16 0.16 0.16 1.00 0.24 0.56 1.00 1.00 0.24 0.54 1.00 1.00 0.24 0.55 1.00 1.00 0.24 0.54 1.00 1.00 0.16 0.26 0.68 1.00 0.16 0.22 0.46 1.00 0.16 0.26 0.67 1.00 0.16 0.22 0.45 1.00 0.16 0.16 0.16 1.00 0.16 0.16 0.16 1.00 0.16 0.16 0.16 1.00 0.16 0.16 0.16 1.00 0.16 0.16 0.16 1.00 0.16 0.16 0.16 1.00 0.16 0.16 0.16 1.00 0.16 0.16 0.16 1.00 0.16 0.20 0.35 1.00 0.16 0.20 0.37 1.00 0.22 0.73 1.00 1.00 0.22 0.78 1.00 1.00 0.22 0.77 1.00 1.00 0.22 0.81 1.00 1.00 0.22 1.00 1.00 1.00 0.24 1.00 1.00 1.00 0.22 1.00 1.00 1.00 0.23 1.00 1.00 1.00 0.23 1.00 1.00 1.00 0.24 1.00 1.00 1.00 0.23 1.00 1.00 1.00 0.16 0.75 1.00 1.00 0.16 0.73 1.00 1.00 0.16 0.83 1.00 1.00 0.16 0.80 1.00 1.00 0.15 0.67 0.93 1.00 0.15 0.72 1.00 1.00 0.15 0.73 1.00 1.00 0.15 0.74 1.00 1.00 0.20 0.21 0.27 1.00 0.19 0.20 0.25 1.00 0.23 0.85 1.00 1.00 0.23 0.81 1.00 1.00 0.20 0.21 0.27 1.00 0.21 1.00 1.00 1.00 0.23 1.00 1.00 1.00 0.21 0.40 1.00 1.00 0.20 0.39 1.00 1.00 0.21 0.42 1.00 1.00 0.21 0.42 1.00 1.00 0.18 0.29 0.79 1.00 0.18 0.28 0.75 1.00 0.18 0.29 0.84 1.00 0.18 0.29 0.78 1.00 0.24 1.00 1.00 1.00 0.24 1.00 1.00 1.00 0.23 1.00 1.00 1.00 0.22 1.00 1.00 1.00 0.21 1.00 1.00 1.00 0.22 1.00 1.00 1.00 0.18 0.31 0.93 1.00 0.18 0.30 0.87 1.00 0.22 0.43 1.00 1.00 0.21 0.42 1.00 1.00 0.23 0.48 1.00 1.00 0.22 0.47 1.00 1.00 0.18 0.33 1.00 1.00 0.18 0.31 0.95 1.00 0.18 0.33 1.00 1.00 0.18 0.32 0.99 1.00 0.24 0.57 1.00 1.00 0.24 0.56 1.00 1.00 0.25 0.61 1.00 1.00 0.24 0.58 1.00 1.00 0.24 0.55 1.00 1.00 0.23 0.54 1.00 1.00 0.23 0.55 1.00 1.00 0.23 0.53 1.00 1.00 0.23 0.52 1.00 1.00 0.24 0.55 1.00 1.00 0.23 0.53 1.00 1.00 0.23 0.53 1.00 1.00 0.23 0.51 1.00 1.00 0.23 0.53 1.00 1.00 0.23 0.52 1.00 1.00 0.24 0.55 1.00 1.00 0.23 0.53 1.00 1.00 0.24 0.54 1.00 1.00 0.24 0.56 1.00 1.00 0.24 0.55 1.00 1.00 0.22 0.45 1.00 1.00 0.23 0.51 1.00 1.00 0.23 0.52 1.00 1.00 0.23 0.52 1.00 1.00 0.18 0.27 0.69 1.00 0.18 0.27 0.70 1.00 0.17 0.24 0.56 1.00 0.17 0.24 0.54 1.00 0.16 0.16 0.16 1.00 0.16 0.16 0.16 1.00 0.16 0.16 0.16 1.00 0.16 0.16 0.16 1.00 0.18 0.19 0.23 1.00 0.18 0.19 0.23 1.00 0.18 0.19 0.23 1.00 0.18 0.19 0.23 1.00 0.22 0.25 0.35 1.00 0.23 0.25 0.36 1.00 0.22 0.25 0.35 1.00 0.22 0.25 0.36 1.00 0.16 0.16 0.16 1.00 0.16 0.16 0.16 1.00 0.16 0.16 0.16 1.00 0.16 0.16 0.16 1.00 0.18 0.32 1.00 1.00 0.18 0.32 1.00 1.00 0.22 0.27 0.51 1.00 0.23 0.28 0.54 1.00 0.22 0.27 0.50 1.00 0.22 0.28 0.53 1.00 0.16 0.16 0.16 1.00 0.16 0.16 0.16 1.00 0.16 0.16 0.16 1.00 0.16 0.16 0.16 1.00 0.18 0.23 0.47 1.00 0.18 0.22 0.44 1.00 0.18 0.23 0.47 1.00 0.18 0.23 0.44 1.00 0.22 0.41 1.00 1.00 0.21 0.32 0.93 1.00 0.23 0.41 1.00 1.00 0.22 0.33 0.94 1.00 0.16 0.16 0.16 1.00 0.16 0.16 0.16 1.00 0.16 0.16 0.16 1.00 0.16 0.16 0.16 1.00 0.16 0.16 0.16 1.00 0.16 0.16 0.16 1.00 0.16 0.16 0.16 1.00 0.16 0.16 0.16 1.00 0.20 0.28 0.67 1.00 0.20 0.28 0.70 1.00 0.07 0.28 0.28 1.00 0.07 0.28 0.28 1.00 0.07 0.28 0.28 1.00 0.07 0.28 0.28 1.00 0.22 1.00 1.00 1.00 0.22 1.00 1.00 1.00 0.23 1.00 1.00 1.00 0.21 1.00 1.00 1.00 0.20 1.00 1.00 1.00 0.22 1.00 1.00 1.00 0.22 1.00 1.00 1.00 0.15 0.66 0.92 1.00 0.15 0.64 0.89 1.00 0.15 0.68 0.93 1.00 0.15 0.68 0.91 1.00 0.15 0.69 1.00 1.00 0.15 0.68 0.93 1.00 0.15 0.72 1.00 1.00 0.15 0.71 0.98 1.00 0.20 0.41 1.00 1.00 0.20 0.38 1.00 1.00 0.07 0.28 0.28 1.00 0.07 0.28 0.28 1.00 0.21 0.41 1.00 1.00 0.23 1.00 1.00 1.00 0.21 1.00 1.00 1.00 0.18 0.19 0.23 1.00 0.18 0.19 0.22 1.00 0.18 0.19 0.23 1.00 0.18 0.19 0.22 1.00 0.16 0.17 0.18 1.00 0.16 0.17 0.18 1.00 0.16 0.17 0.18 1.00 0.16 0.17 0.18 1.00 0.19 0.94 1.00 1.00 0.19 0.92 1.00 1.00 0.19 1.00 1.00 1.00 0.18 0.84 1.00 1.00 0.18 0.84 1.00 1.00 0.18 0.91 1.00 1.00 0.16 0.17 0.18 1.00 0.16 0.17 0.18 1.00 0.18 0.19 0.23 1.00 0.18 0.19 0.22 1.00 0.18 0.19 0.23 1.00 0.18 0.19 0.23 1.00 0.16 0.17 0.18 1.00 0.16 0.17 0.18 1.00 0.16 0.17 0.18 1.00 0.16 0.17 0.18 1.00 0.18 0.20 0.23 1.00 0.18 0.20 0.23 1.00 0.18 0.20 0.23 1.00 0.18 0.19 0.23 1.00 0.18 0.19 0.23 1.00 0.18 0.19 0.23 1.00 0.18 0.19 0.22 1.00 0.18 0.19 0.23 1.00 0.18 0.19 0.22 1.00 0.18 0.20 0.23 1.00 0.18 0.19 0.23 1.00 0.18 0.19 0.23 1.00 0.18 0.19 0.22 1.00 0.18 0.19 0.23 1.00 0.18 0.19 0.23 1.00 0.18 0.19 0.23 1.00 0.18 0.19 0.23 1.00 0.18 0.19 0.23 1.00 0.18 0.20 0.23 1.00 0.18 0.19 0.23 1.00 0.18 0.19 0.22 1.00 0.18 0.19 0.22 1.00 0.18 0.19 0.22 1.00 0.18 0.19 0.22 1.00 0.16 0.22 0.46 1.00 0.16 0.22 0.46 1.00 0.16 0.20 0.37 1.00 0.16 0.20 0.35 1.00 0.16 0.16 0.16 1.00 0.16 0.16 0.16 1.00 0.16 0.16 0.16 1.00 0.16 0.16 0.16 1.00 0.16 0.16 0.16 1.00 0.16 0.16 0.16 1.00 0.16 0.16 0.16 1.00 0.16 0.16 0.16 1.00 0.22 0.47 1.00 1.00 0.22 0.49 1.00 1.00 0.22 0.48 1.00 1.00 0.22 0.49 1.00 1.00 0.16 0.16 0.16 1.00 0.16 0.16 0.16 1.00 0.16 0.16 0.16 1.00 0.16 0.16 0.16 1.00 0.16 0.26 0.68 1.00 0.16 0.26 0.67 1.00 0.22 0.48 1.00 1.00 0.22 0.49 1.00 1.00 0.22 0.48 1.00 1.00 0.22 0.49 1.00 1.00 0.16 0.16 0.16 1.00 0.16 0.16 0.16 1.00 0.16 0.16 0.16 1.00 0.16 0.16 0.16 1.00 0.16 0.19 0.31 1.00 0.16 0.18 0.29 1.00 0.16 0.19 0.32 1.00 0.16 0.19 0.30 1.00 0.22 0.60 1.00 1.00 0.17 0.36 1.00 1.00 0.22 0.59 1.00 1.00 0.17 0.36 1.00 1.00 0.16 0.16 0.16 1.00 0.16 0.16 0.16 1.00 0.16 0.16 0.16 1.00 0.16 0.16 0.16 1.00 0.16 0.16 0.16 1.00 0.16 0.16 0.16 1.00 0.16 0.16 0.16 1.00 0.16 0.16 0.16 1.00 0.17 0.33 1.00 1.00 0.17 0.33 1.00 1.00 0.17 0.59 1.00 1.00 0.17 0.58 1.00 1.00 0.18 0.65 1.00 1.00 0.17 0.61 1.00 1.00 0.20 1.00 1.00 1.00 0.21 0.95 1.00 1.00 0.22 1.00 1.00 1.00 0.19 1.00 1.00 1.00 0.19 1.00 1.00 1.00 0.21 0.95 1.00 1.00 0.21 1.00 1.00 1.00 0.21 1.00 1.00 1.00 0.20 0.92 1.00 1.00 0.20 1.00 1.00 1.00 0.19 0.98 1.00 1.00 0.22 1.00 1.00 1.00 0.22 1.00 1.00 1.00 0.22 1.00 1.00 1.00 0.22 1.00 1.00 1.00 0.18 0.19 0.22 1.00 0.18 0.19 0.22 1.00 0.17 0.60 1.00 1.00 0.17 0.57 1.00 1.00 0.18 0.19 0.22 1.00 0.20 1.00 1.00 1.00 0.19 1.00 1.00 1.00 0.16 0.16 0.16 1.00 0.16 0.16 0.16 1.00 0.16 0.16 0.16 1.00 0.16 0.16 0.16 1.00 0.16 0.16 0.16 1.00 0.16 0.16 0.16 1.00 0.16 0.16 0.16 1.00 0.16 0.16 0.16 1.00 0.18 0.83 1.00 1.00 0.18 0.84 1.00 1.00 0.18 0.91 1.00 1.00 0.20 0.96 1.00 1.00 0.20 1.00 1.00 1.00 0.20 1.00 1.00 1.00 0.16 0.16 0.16 1.00 0.16 0.16 0.16 1.00 0.16 0.16 0.16 1.00 0.16 0.16 0.16 1.00 0.16 0.16 0.16 1.00 0.16 0.16 0.16 1.00 0.16 0.16 0.16 1.00 0.16 0.16 0.16 1.00 0.16 0.16 0.16 1.00 0.16 0.16 0.16 1.00 0.16 0.16 0.16 1.00 0.16 0.16 0.16 1.00 0.16 0.16 0.16 1.00 0.16 0.16 0.16 1.00 0.16 0.16 0.16 1.00 0.16 0.16 0.16 1.00 0.16 0.16 0.16 1.00 0.16 0.16 0.16 1.00 0.16 0.16 0.16 1.00 0.16 0.16 0.16 1.00 0.16 0.16 0.16 1.00 0.16 0.16 0.16 1.00 0.16 0.16 0.16 1.00 0.16 0.16 0.16 1.00 0.16 0.16 0.16 1.00 0.16 0.16 0.16 1.00 0.16 0.16 0.16 1.00 0.16 0.16 0.16 1.00 0.16 0.16 0.16 1.00 0.16 0.16 0.16 1.00 0.16 0.16 0.16 1.00 0.16 0.16 0.16 1.00 0.16 0.16 0.16 1.00 0.16 0.16 0.16 1.00 0.16 0.22 0.46 1.00 0.16 0.22 0.45 1.00 0.16 0.20 0.37 1.00 0.16 0.19 0.33 1.00 0.16 0.16 0.16 1.00 0.16 0.16 0.16 1.00 0.16 0.16 0.16 1.00 0.16 0.16 0.16 1.00 0.20 0.22 0.28 1.00 0.20 0.21 0.27 1.00 0.20 0.22 0.28 1.00 0.20 0.22 0.28 1.00 0.17 0.19 0.22 1.00 0.17 0.19 0.22 1.00 0.17 0.19 0.22 1.00 0.17 0.19 0.22 1.00 0.16 0.16 0.16 1.00 0.16 0.16 0.16 1.00 0.16 0.16 0.16 1.00 0.16 0.16 0.16 1.00 0.20 0.36 1.00 1.00 0.20 0.35 1.00 1.00 0.17 0.21 0.38 1.00 0.17 0.22 0.40 1.00 0.17 0.22 0.38 1.00 0.17 0.22 0.40 1.00 0.16 0.16 0.16 1.00 0.16 0.16 0.16 1.00 0.16 0.16 0.16 1.00 0.16 0.16 0.16 1.00 0.20 0.24 0.47 1.00 0.20 0.24 0.44 1.00 0.20 0.25 0.47 1.00 0.20 0.24 0.45 1.00 0.17 0.31 0.95 1.00 0.17 0.26 0.65 1.00 0.17 0.31 0.93 1.00 0.17 0.26 0.64 1.00 0.16 0.16 0.16 1.00 0.16 0.16 0.16 1.00 0.16 0.16 0.16 1.00 0.16 0.16 0.16 1.00 0.16 0.16 0.16 1.00 0.16 0.16 0.16 1.00 0.16 0.16 0.16 1.00 0.16 0.16 0.16 1.00 0.17 0.22 0.47 1.00 0.17 0.24 0.52 1.00 0.16 0.45 1.00 1.00 0.16 0.45 1.00 1.00 0.16 0.47 1.00 1.00 0.16 0.48 1.00 1.00 0.20 1.00 1.00 1.00 0.22 0.98 1.00 1.00 0.21 1.00 1.00 1.00 0.20 1.00 1.00 1.00 0.21 1.00 1.00 1.00 0.22 0.98 1.00 1.00 0.22 1.00 1.00 1.00 0.22 1.00 1.00 1.00 0.22 1.00 1.00 1.00 0.21 1.00 1.00 1.00 0.22 1.00 1.00 1.00 0.18 0.84 1.00 1.00 0.18 0.91 1.00 1.00 0.18 0.93 1.00 1.00 0.18 0.97 1.00 1.00 0.16 0.16 0.16 1.00 0.16 0.16 0.16 1.00 0.16 0.47 1.00 1.00 0.16 0.45 1.00 1.00 0.16 0.16 0.16 1.00 0.19 1.00 1.00 1.00 0.20 1.00 1.00 1.00 0.16 0.16 0.16 1.00 0.16 0.16 0.16 1.00 0.16 0.16 0.16 1.00 0.16 0.16 0.16 1.00 0.17 0.75 1.00 1.00 0.17 0.76 1.00 1.00 0.16 1.00 1.00 1.00 0.17 1.00 1.00 1.00 0.19 0.33 1.00 1.00 0.19 0.32 1.00 1.00 0.20 0.37 1.00 1.00 0.20 0.37 1.00 1.00 0.16 0.17 0.18 1.00 0.16 0.17 0.18 1.00 0.16 0.17 0.18 1.00 0.26 1.00 1.00 1.00 0.26 1.00 1.00 1.00 0.26 1.00 1.00 1.00 0.18 0.29 0.83 1.00 0.18 0.29 0.81 1.00 0.18 0.29 0.81 1.00 0.18 0.29 0.79 1.00 0.26 1.00 1.00 1.00 0.25 1.00 1.00 1.00 0.25 1.00 1.00 1.00 0.25 1.00 1.00 1.00 0.16 0.16 0.16 1.00 0.16 0.16 0.16 1.00 0.16 0.16 0.16 1.00 0.16 0.16 0.16 1.00 0.17 0.18 0.25 1.00 0.17 0.18 0.25 1.00 0.17 0.18 0.25 1.00 0.16 0.89 1.00 1.00 0.16 0.86 1.00 1.00 0.16 0.92 1.00 1.00 0.19 0.23 0.42 1.00 0.20 0.25 0.53 1.00 0.19 0.23 0.41 1.00 0.20 0.25 0.53 1.00 0.18 0.92 1.00 1.00 0.19 1.00 1.00 1.00 0.18 0.92 1.00 1.00 0.19 1.00 1.00 1.00 0.17 0.19 0.22 1.00 0.17 0.19 0.22 1.00 0.18 0.19 0.22 1.00 0.18 0.19 0.22 1.00 0.16 0.16 0.16 1.00 0.16 0.16 0.16 1.00 0.16 0.16 0.16 1.00 0.24 1.00 1.00 1.00 0.24 1.00 1.00 1.00 0.25 1.00 1.00 1.00 0.19 0.21 0.26 1.00 0.19 0.20 0.25 1.00 0.20 0.22 0.27 1.00 0.20 0.21 0.26 1.00 0.16 0.16 0.16 1.00 0.16 0.16 0.16 1.00 0.16 0.16 0.16 1.00 0.16 0.16 0.16 1.00 0.24 1.00 1.00 1.00 0.23 1.00 1.00 1.00 0.23 1.00 1.00 1.00 0.21 1.00 1.00 1.00 0.20 1.00 1.00 1.00 0.21 1.00 1.00 1.00 0.16 0.16 0.16 1.00 0.16 0.16 0.16 1.00 0.20 0.22 0.28 1.00 0.20 0.21 0.27 1.00 0.21 0.23 0.31 1.00 0.20 0.22 0.29 1.00 0.16 0.16 0.16 1.00 0.16 0.16 0.16 1.00 0.16 0.16 0.16 1.00 0.16 0.16 0.16 1.00 0.22 0.25 0.35 1.00 0.22 0.25 0.35 1.00 0.23 0.26 0.37 1.00 0.22 0.25 0.34 1.00 0.22 0.24 0.33 1.00 0.21 0.24 0.32 1.00 0.21 0.23 0.31 1.00 0.21 0.23 0.31 1.00 0.21 0.23 0.30 1.00 0.22 0.24 0.33 1.00 0.22 0.24 0.32 1.00 0.21 0.23 0.31 1.00 0.21 0.23 0.30 1.00 0.22 0.24 0.33 1.00 0.21 0.23 0.31 1.00 0.22 0.24 0.33 1.00 0.22 0.24 0.32 1.00 0.22 0.24 0.34 1.00 0.22 0.25 0.35 1.00 0.22 0.25 0.35 1.00 0.20 0.22 0.27 1.00 0.21 0.23 0.30 1.00 0.21 0.23 0.30 1.00 0.21 0.23 0.31 1.00 0.16 0.22 0.44 1.00 0.16 0.21 0.44 1.00 0.16 0.20 0.35 1.00 0.16 0.20 0.34 1.00 0.16 0.16 0.16 1.00 0.16 0.16 0.16 1.00 0.16 0.16 0.16 1.00 0.16 0.16 0.16 1.00 0.16 0.16 0.16 1.00 0.16 0.16 0.16 1.00 0.16 0.16 0.16 1.00 0.16 0.16 0.16 1.00 0.25 0.54 1.00 1.00 0.25 0.55 1.00 1.00 0.24 0.53 1.00 1.00 0.25 0.55 1.00 1.00 0.16 0.16 0.16 1.00 0.16 0.16 0.16 1.00 0.16 0.16 0.16 1.00 0.16 0.16 0.16 1.00 0.16 0.25 0.64 1.00 0.16 0.25 0.63 1.00 0.24 0.56 1.00 1.00 0.25 0.57 1.00 1.00 0.24 0.55 1.00 1.00 0.24 0.58 1.00 1.00 0.16 0.16 0.16 1.00 0.16 0.16 0.16 1.00 0.16 0.16 0.16 1.00 0.16 0.16 0.16 1.00 0.16 0.18 0.26 1.00 0.16 0.18 0.25 1.00 0.16 0.18 0.26 1.00 0.16 0.18 0.25 1.00 0.24 0.69 1.00 1.00 0.23 0.55 1.00 1.00 0.24 0.69 1.00 1.00 0.23 0.55 1.00 1.00 0.16 0.16 0.16 1.00 0.16 0.16 0.16 1.00 0.16 0.16 0.16 1.00 0.16 0.16 0.16 1.00 0.16 0.16 0.16 1.00 0.16 0.16 0.16 1.00 0.16 0.16 0.16 1.00 0.16 0.16 0.16 1.00 0.22 0.46 1.00 1.00 0.22 0.47 1.00 1.00 0.24 0.85 1.00 1.00 0.23 0.81 1.00 1.00 0.24 0.90 1.00 1.00 0.23 0.85 1.00 1.00 0.22 1.00 1.00 1.00 0.23 1.00 1.00 1.00 0.25 1.00 1.00 1.00 0.22 1.00 1.00 1.00 0.20 1.00 1.00 1.00 0.23 1.00 1.00 1.00 0.22 1.00 1.00 1.00 0.16 0.76 1.00 1.00 0.16 0.72 1.00 1.00 0.16 0.85 1.00 1.00 0.16 0.82 1.00 1.00 0.18 0.87 1.00 1.00 0.18 0.91 1.00 1.00 0.18 0.95 1.00 1.00 0.18 0.94 1.00 1.00 0.19 0.20 0.25 1.00 0.19 0.20 0.24 1.00 0.22 0.80 1.00 1.00 0.22 0.76 1.00 1.00 0.19 0.20 0.26 1.00 0.24 1.00 1.00 1.00 0.22 1.00 1.00 1.00 0.16 0.16 0.16 1.00 0.16 0.16 0.16 1.00 0.16 0.16 0.16 1.00 0.16 0.16 0.16 1.00 0.16 0.17 0.18 1.00 0.16 0.17 0.18 1.00 0.16 0.17 0.18 1.00 0.16 0.17 0.18 1.00 0.18 0.87 1.00 1.00 0.18 0.85 1.00 1.00 0.18 0.95 1.00 1.00 0.18 0.86 1.00 1.00 0.18 0.85 1.00 1.00 0.18 0.95 1.00 1.00 0.16 0.17 0.18 1.00 0.16 0.17 0.18 1.00 0.16 0.16 0.16 1.00 0.16 0.16 0.16 1.00 0.16 0.16 0.16 1.00 0.16 0.16 0.16 1.00 0.16 0.17 0.18 1.00 0.16 0.17 0.18 1.00 0.16 0.17 0.18 1.00 0.16 0.17 0.18 1.00 0.16 0.16 0.16 1.00 0.16 0.16 0.16 1.00 0.16 0.16 0.16 1.00 0.16 0.16 0.16 1.00 0.16 0.16 0.16 1.00 0.16 0.16 0.16 1.00 0.16 0.16 0.16 1.00 0.16 0.16 0.16 1.00 0.16 0.16 0.16 1.00 0.16 0.16 0.16 1.00 0.16 0.16 0.16 1.00 0.16 0.16 0.16 1.00 0.16 0.16 0.16 1.00 0.16 0.16 0.16 1.00 0.16 0.16 0.16 1.00 0.16 0.16 0.16 1.00 0.16 0.16 0.16 1.00 0.16 0.16 0.16 1.00 0.16 0.16 0.16 1.00 0.16 0.16 0.16 1.00 0.16 0.16 0.16 1.00 0.16 0.16 0.16 1.00 0.16 0.16 0.16 1.00 0.16 0.16 0.16 1.00 0.17 0.26 0.67 1.00 0.17 0.26 0.66 1.00 0.17 0.23 0.50 1.00 0.17 0.23 0.48 1.00 0.16 0.16 0.16 1.00 0.16 0.16 0.16 1.00 0.16 0.16 0.16 1.00 0.16 0.16 0.16 1.00 0.18 0.19 0.22 1.00 0.18 0.19 0.22 1.00 0.18 0.19 0.22 1.00 0.18 0.19 0.22 1.00 0.20 0.22 0.29 1.00 0.20 0.22 0.29 1.00 0.20 0.22 0.29 1.00 0.20 0.22 0.30 1.00 0.16 0.16 0.16 1.00 0.16 0.16 0.16 1.00 0.16 0.16 0.16 1.00 0.16 0.16 0.16 1.00 0.17 0.31 0.99 1.00 0.17 0.31 0.97 1.00 0.20 0.24 0.42 1.00 0.20 0.25 0.45 1.00 0.20 0.24 0.43 1.00 0.21 0.25 0.45 1.00 0.16 0.16 0.16 1.00 0.16 0.16 0.16 1.00 0.16 0.16 0.16 1.00 0.16 0.16 0.16 1.00 0.17 0.22 0.45 1.00 0.17 0.22 0.42 1.00 0.17 0.22 0.45 1.00 0.17 0.22 0.43 1.00 0.21 0.36 1.00 1.00 0.20 0.29 0.82 1.00 0.20 0.36 1.00 1.00 0.20 0.29 0.80 1.00 0.16 0.16 0.16 1.00 0.16 0.16 0.16 1.00 0.16 0.16 0.16 1.00 0.16 0.16 0.16 1.00 0.16 0.16 0.16 1.00 0.16 0.16 0.16 1.00 0.16 0.16 0.16 1.00 0.16 0.16 0.16 1.00 0.16 0.20 0.34 1.00 0.16 0.20 0.35 1.00 0.16 0.45 1.00 1.00 0.16 0.45 1.00 1.00 0.16 0.49 1.00 1.00 0.16 0.48 1.00 1.00 0.20 1.00 1.00 1.00 0.21 0.99 1.00 1.00 0.22 1.00 1.00 1.00 0.20 1.00 1.00 1.00 0.20 1.00 1.00 1.00 0.21 0.99 1.00 1.00 0.22 1.00 1.00 1.00 0.23 1.00 1.00 1.00 0.22 1.00 1.00 1.00 0.22 1.00 1.00 1.00 0.21 1.00 1.00 1.00 0.23 1.00 1.00 1.00 0.23 1.00 1.00 1.00 0.22 1.00 1.00 1.00 0.22 1.00 1.00 1.00 0.16 0.16 0.16 1.00 0.16 0.16 0.16 1.00 0.16 0.47 1.00 1.00 0.16 0.45 1.00 1.00 0.16 0.16 0.16 1.00 0.20 1.00 1.00 1.00 0.20 1.00 1.00 1.00 0.18 0.19 0.22 1.00 0.18 0.19 0.23 1.00 0.18 0.19 0.22 1.00 0.18 0.19 0.23 1.00 0.18 0.27 0.74 1.00 0.18 0.29 0.78 1.00 0.18 0.29 0.78 1.00 0.18 0.29 0.83 1.00 0.19 0.93 1.00 1.00 0.19 0.96 1.00 1.00 0.20 1.00 1.00 1.00 0.22 1.00 1.00 1.00 0.22 1.00 1.00 1.00 0.22 1.00 1.00 1.00 0.18 0.30 0.86 1.00 0.18 0.31 0.93 1.00 0.18 0.19 0.22 1.00 0.18 0.19 0.23 1.00 0.18 0.19 0.23 1.00 0.18 0.19 0.23 1.00 0.18 0.31 0.95 1.00 0.18 0.32 1.00 1.00 0.18 0.32 0.98 1.00 0.18 0.33 1.00 1.00 0.18 0.19 0.23 1.00 0.18 0.19 0.23 1.00 0.18 0.19 0.23 1.00 0.18 0.20 0.23 1.00 0.18 0.20 0.23 1.00 0.18 0.20 0.24 1.00 0.18 0.20 0.24 1.00 0.18 0.20 0.24 1.00 0.18 0.20 0.24 1.00 0.18 0.19 0.23 1.00 0.18 0.20 0.23 1.00 0.18 0.20 0.24 1.00 0.18 0.20 0.24 1.00 0.18 0.19 0.23 1.00 0.18 0.20 0.23 1.00 0.18 0.20 0.23 1.00 0.18 0.20 0.23 1.00 0.18 0.19 0.23 1.00 0.18 0.19 0.23 1.00 0.18 0.19 0.23 1.00 0.18 0.20 0.23 1.00 0.18 0.20 0.24 1.00 0.18 0.20 0.24 1.00 0.18 0.20 0.24 1.00 0.21 0.51 1.00 1.00 0.21 0.50 1.00 1.00 0.17 0.34 1.00 1.00 0.17 0.33 1.00 1.00 0.16 0.16 0.16 1.00 0.16 0.16 0.16 1.00 0.16 0.16 0.16 1.00 0.16 0.16 0.16 1.00 0.22 0.48 1.00 1.00 0.22 0.47 1.00 1.00 0.22 0.48 1.00 1.00 0.22 0.47 1.00 1.00 0.16 0.16 0.16 1.00 0.16 0.16 0.16 1.00 0.16 0.16 0.16 1.00 0.16 0.16 0.16 1.00 0.16 0.16 0.16 1.00 0.16 0.16 0.16 1.00 0.16 0.16 0.16 1.00 0.16 0.16 0.16 1.00 0.22 0.62 1.00 1.00 0.22 0.61 1.00 1.00 0.16 0.17 0.22 1.00 0.16 0.17 0.23 1.00 0.16 0.17 0.22 1.00 0.16 0.17 0.23 1.00 0.16 0.16 0.16 1.00 0.16 0.16 0.16 1.00 0.16 0.16 0.16 1.00 0.16 0.16 0.16 1.00 0.22 0.51 1.00 1.00 0.22 0.50 1.00 1.00 0.22 0.52 1.00 1.00 0.22 0.50 1.00 1.00 0.16 0.25 0.64 1.00 0.16 0.22 0.44 1.00 0.16 0.25 0.64 1.00 0.16 0.21 0.44 1.00 0.16 0.16 0.16 1.00 0.16 0.16 0.16 1.00 0.16 0.16 0.16 1.00 0.16 0.16 0.16 1.00 0.16 0.16 0.16 1.00 0.16 0.16 0.16 1.00 0.16 0.16 0.16 1.00 0.16 0.16 0.16 1.00 0.16 0.20 0.34 1.00 0.16 0.20 0.35 1.00 0.17 0.58 1.00 1.00 0.17 0.59 1.00 1.00 0.17 0.60 1.00 1.00 0.17 0.62 1.00 1.00 0.20 1.00 1.00 1.00 0.22 1.00 1.00 1.00 0.22 1.00 1.00 1.00 0.22 1.00 1.00 1.00 0.22 1.00 1.00 1.00 0.22 1.00 1.00 1.00 0.22 1.00 1.00 1.00 0.20 1.00 1.00 1.00 0.22 1.00 1.00 1.00 0.20 1.00 1.00 1.00 0.20 1.00 1.00 1.00 0.16 0.69 0.98 1.00 0.16 0.75 1.00 1.00 0.16 0.74 1.00 1.00 0.16 0.75 1.00 1.00 0.18 0.20 0.23 1.00 0.18 0.19 0.23 1.00 0.18 0.67 1.00 1.00 0.18 0.64 1.00 1.00 0.18 0.20 0.23 1.00 0.20 1.00 1.00 1.00 0.20 1.00 1.00 1.00 0.20 0.38 1.00 1.00 0.20 0.38 1.00 1.00 0.20 0.40 1.00 1.00 0.21 0.41 1.00 1.00 0.22 0.35 1.00 1.00 0.22 0.34 1.00 1.00 0.22 0.38 1.00 1.00 0.22 0.37 1.00 1.00 0.24 1.00 1.00 1.00 0.25 1.00 1.00 1.00 0.24 1.00 1.00 1.00 0.25 1.00 1.00 1.00 0.25 1.00 1.00 1.00 0.24 1.00 1.00 1.00 0.24 0.44 1.00 1.00 0.24 0.42 1.00 1.00 0.21 0.41 1.00 1.00 0.21 0.42 1.00 1.00 0.22 0.45 1.00 1.00 0.22 0.46 1.00 1.00 0.27 0.52 1.00 1.00 0.27 0.49 1.00 1.00 0.28 0.57 1.00 1.00 0.28 0.53 1.00 1.00 0.22 0.51 1.00 1.00 0.23 0.52 1.00 1.00 0.23 0.54 1.00 1.00 0.24 0.58 1.00 1.00 0.23 0.53 1.00 1.00 0.24 0.54 1.00 1.00 0.25 0.60 1.00 1.00 0.24 0.56 1.00 1.00 0.24 0.56 1.00 1.00 0.22 0.51 1.00 1.00 0.23 0.51 1.00 1.00 0.23 0.53 1.00 1.00 0.24 0.54 1.00 1.00 0.23 0.51 1.00 1.00 0.23 0.52 1.00 1.00 0.23 0.53 1.00 1.00 0.24 0.53 1.00 1.00 0.22 0.50 1.00 1.00 0.23 0.51 1.00 1.00 0.23 0.51 1.00 1.00 0.22 0.47 1.00 1.00 0.24 0.53 1.00 1.00 0.24 0.56 1.00 1.00 0.24 0.55 1.00 1.00 0.22 0.33 1.00 1.00 0.22 0.34 1.00 1.00 0.21 0.29 0.73 1.00 0.21 0.28 0.71 1.00 0.16 0.16 0.16 1.00 0.16 0.16 0.16 1.00 0.16 0.16 0.16 1.00 0.16 0.16 0.16 1.00 0.24 0.27 0.38 1.00 0.23 0.26 0.37 1.00 0.23 0.26 0.38 1.00 0.23 0.26 0.36 1.00 0.18 0.20 0.23 1.00 0.18 0.20 0.23 1.00 0.18 0.20 0.23 1.00 0.18 0.20 0.23 1.00 0.16 0.16 0.16 1.00 0.16 0.16 0.16 1.00 0.16 0.16 0.16 1.00 0.16 0.16 0.16 1.00 0.23 0.43 1.00 1.00 0.23 0.43 1.00 1.00 0.18 0.22 0.41 1.00 0.18 0.23 0.44 1.00 0.18 0.22 0.42 1.00 0.18 0.23 0.44 1.00 0.16 0.16 0.16 1.00 0.16 0.16 0.16 1.00 0.16 0.16 0.16 1.00 0.16 0.16 0.16 1.00 0.24 0.30 0.65 1.00 0.23 0.29 0.61 1.00 0.23 0.30 0.65 1.00 0.23 0.29 0.60 1.00 0.18 0.33 1.00 1.00 0.18 0.27 0.72 1.00 0.18 0.33 1.00 1.00 0.18 0.27 0.71 1.00 0.16 0.16 0.16 1.00 0.16 0.16 0.16 1.00 0.16 0.16 0.16 1.00 0.16 0.16 0.16 1.00 0.16 0.16 0.16 1.00 0.16 0.16 0.16 1.00 0.16 0.16 0.16 1.00 0.16 0.16 0.16 1.00 0.18 0.25 0.55 1.00 0.18 0.25 0.57 1.00 0.07 0.28 0.28 1.00 0.07 0.28 0.28 1.00 0.07 0.28 0.28 1.00 0.07 0.28 0.28 1.00 0.23 1.00 1.00 1.00 0.25 1.00 1.00 1.00 0.22 1.00 1.00 1.00 0.24 1.00 1.00 1.00 0.24 1.00 1.00 1.00 0.25 1.00 1.00 1.00 0.25 1.00 1.00 1.00 0.15 0.67 0.92 1.00 0.15 0.63 0.88 1.00 0.15 0.69 0.92 1.00 0.15 0.69 0.90 1.00 0.15 0.69 1.00 1.00 0.15 0.69 0.97 1.00 0.15 0.75 1.00 1.00 0.15 0.77 1.00 1.00 0.21 0.42 1.00 1.00 0.11 0.20 0.73 1.00 0.07 0.28 0.28 1.00 0.07 0.28 0.28 1.00 0.22 0.43 1.00 1.00 0.22 1.00 1.00 1.00 0.24 1.00 1.00 1.00 0.23 0.30 0.44 1.00 0.26 0.35 0.55 1.00 0.08 0.06 0.15 1.00 0.08 0.06 0.15 1.00 0.18 0.49 1.00 1.00 0.20 0.40 1.00 1.00 0.18 0.39 1.00 1.00 0.08 0.20 0.55 1.00 0.08 0.28 0.57 1.00 0.10 0.32 0.60 1.00 0.16 0.50 1.00 1.00 0.16 0.44 1.00 1.00 0.16 0.45 1.00 1.00 0.16 0.35 1.00 1.00 0.08 0.15 0.39 1.00 0.08 0.06 0.15 1.00 0.24 0.32 0.48 1.00 0.16 0.51 1.00 1.00 0.16 0.44 1.00 1.00 0.18 0.40 1.00 1.00 0.16 0.35 1.00 1.00 0.16 0.35 1.00 1.00 0.16 0.45 1.00 1.00 0.16 0.39 1.00 1.00 0.22 0.28 0.40 1.00 0.25 0.34 0.52 1.00 0.10 0.13 0.18 1.00 0.23 0.30 0.44 1.00 0.22 0.43 1.00 1.00 0.49 0.78 1.00 1.00 0.25 0.32 0.49 1.00 0.33 0.48 0.82 1.00 0.24 0.30 0.45 1.00 0.11 0.13 0.20 1.00 0.29 0.40 0.64 1.00 0.09 0.15 0.42 1.00 0.09 0.15 0.42 1.00 0.07 0.13 0.32 1.00 0.09 0.15 0.42 1.00 0.00 0.00 0.00 1.00 0.16 0.35 1.00 1.00 0.10 0.32 0.60 1.00 0.09 0.34 0.78 1.00 0.08 0.20 0.56 1.00 0.17 0.54 1.00 1.00 0.10 0.31 0.59 1.00 0.22 0.46 1.00 1.00 0.21 0.42 1.00 1.00 0.30 0.42 0.69 1.00 0.16 0.39 1.00 1.00 0.07 0.13 0.32 1.00 0.00 0.00 0.00 1.00 0.24 0.61 1.00 1.00 0.24 0.63 1.00 1.00 0.17 0.53 1.00 1.00 0.17 0.60 1.00 1.00 0.09 0.28 0.78 1.00 0.19 0.50 1.00 1.00 0.17 0.61 1.00 1.00 0.09 0.28 0.79 1.00 0.08 0.06 0.15 1.00 0.38 0.59 1.00 1.00 0.08 0.06 0.15 1.00 0.29 0.41 0.67 1.00 0.39 0.60 1.00 1.00 0.08 0.06 0.15 1.00 0.38 0.58 1.00 1.00 0.08 0.06 0.15 1.00 0.38 0.58 1.00 1.00 0.08 0.06 0.15 1.00 0.40 0.62 1.00 1.00 0.08 0.06 0.15 1.00 0.83 1.00 1.00 1.00 0.81 1.00 1.00 1.00 0.18 0.20 0.25 1.00 0.16 0.16 0.16 1.00 0.62 0.88 1.00 1.00 0.82 1.00 1.00 1.00 0.16 0.16 0.16 1.00 0.18 0.20 0.23 1.00 0.62 0.87 1.00 1.00 0.16 0.16 0.17 1.00 0.85 1.00 1.00 1.00 0.21 0.25 0.35 1.00 0.75 1.00 1.00 1.00 0.16 0.16 0.16 1.00 0.16 0.16 0.16 1.00 0.17 0.19 0.22 1.00 0.35 0.53 0.90 1.00 0.08 0.06 0.15 1.00 0.16 0.16 0.16 1.00 0.16 0.16 0.16 1.00 0.16 0.16 0.16 1.00 0.18 0.20 0.25 1.00 0.16 0.16 0.16 1.00 0.16 0.16 0.16 1.00 0.17 0.18 0.20 1.00 0.16 0.16 0.16 1.00 0.16 0.16 0.16 1.00 0.16 0.16 0.16 1.00 0.16 0.17 0.18 1.00 0.18 0.21 0.26 1.00 0.16 0.16 0.16 1.00 0.16 0.16 0.16 1.00 0.16 0.16 0.16 1.00 0.17 0.19 0.22 1.00 0.35 0.53 0.90 1.00 0.08 0.06 0.15 1.00 0.29 0.41 0.66 1.00 0.08 0.06 0.15 1.00 0.26 0.35 0.55 1.00 0.08 0.06 0.15 1.00 0.16 0.16 0.16 1.00 0.18 0.20 0.23 1.00 0.75 1.00 1.00 1.00 0.82 1.00 1.00 1.00 0.81 1.00 1.00 1.00 0.16 0.17 0.18 1.00 0.16 0.16 0.16 1.00 0.18 0.21 0.26 1.00 0.75 1.00 1.00 1.00 0.16 0.16 0.16 1.00 0.81 1.00 1.00 1.00 0.85 1.00 1.00 1.00 0.16 0.17 0.18 1.00 0.21 0.25 0.35 1.00 0.16 0.16 0.16 1.00 0.18 0.20 0.23 1.00 0.16 0.16 0.16 1.00 0.16 0.16 0.16 1.00 0.26 0.35 0.55 1.00 0.62 0.88 1.00 1.00 0.17 0.18 0.20 1.00 0.16 0.16 0.16 1.00 0.29 0.41 0.67 1.00 0.26 0.35 0.55 1.00 0.08 0.06 0.15 1.00 0.08 0.06 0.15 1.00 0.26 0.35 0.55 1.00 0.18 0.20 0.25 1.00 0.62 0.87 1.00 1.00 0.16 0.16 0.17 1.00 0.16 0.16 0.17 1.00 0.16 0.16 0.16 1.00 0.21 0.25 0.35 1.00 0.16 0.16 0.16 1.00 0.16 0.16 0.16 1.00 0.16 0.16 0.16 1.00 0.18 0.21 0.26 1.00 0.16 0.16 0.16 1.00 0.16 0.16 0.16 1.00 0.16 0.16 0.16 1.00 0.16 0.16 0.16 1.00 0.16 0.17 0.18 1.00 0.16 0.16 0.17 1.00 0.18 0.20 0.25 1.00 0.16 0.16 0.16 1.00 0.16 0.16 0.16 1.00 0.16 0.16 0.16 1.00 0.16 0.16 0.16 1.00 0.16 0.16 0.16 1.00 0.16 0.16 0.16 1.00 0.16 0.16 0.16 1.00 0.08 0.06 0.15 1.00 0.29 0.41 0.66 1.00 0.20 0.44 1.00 1.00 0.16 0.31 0.93 1.00 0.16 0.32 0.97 1.00 0.16 0.29 0.82 1.00 0.16 0.27 0.72 1.00 0.16 0.42 1.00 1.00 0.16 0.35 1.00 1.00 0.16 0.51 1.00 1.00 0.16 0.39 1.00 1.00 0.16 0.35 1.00 1.00 0.16 0.42 1.00 1.00 0.16 0.39 1.00 1.00 0.16 0.51 1.00 1.00 0.16 0.44 1.00 1.00 0.16 0.58 1.00 1.00 0.18 0.40 1.00 1.00 0.18 0.41 1.00 1.00 0.11 0.13 0.18 1.00 0.11 0.13 0.20 1.00 0.24 0.38 1.00 1.00 0.24 0.30 0.45 1.00 0.18 0.39 1.00 1.00 0.22 0.28 0.40 1.00 0.18 0.41 1.00 1.00 0.23 0.35 0.89 1.00 0.16 0.39 1.00 1.00 0.16 0.44 1.00 1.00 0.16 0.51 1.00 1.00 0.16 0.58 1.00 1.00 0.00 0.00 0.00 1.00 0.16 0.29 0.82 1.00 0.08 0.13 0.35 1.00 0.16 0.32 0.97 1.00 0.16 0.41 1.00 1.00 0.16 0.49 1.00 1.00 0.18 0.41 1.00 1.00 0.16 0.56 1.00 1.00 0.24 0.37 0.99 1.00 0.11 0.13 0.19 1.00 0.16 0.31 0.94 1.00 0.07 0.13 0.33 1.00 0.17 0.31 0.98 1.00 0.16 0.31 0.94 1.00 0.16 0.41 1.00 1.00 0.16 0.50 1.00 1.00 0.18 0.40 1.00 1.00 0.22 0.34 0.87 1.00 0.16 0.57 1.00 1.00 0.16 0.50 1.00 1.00 0.00 0.00 0.00 1.00 0.08 0.13 0.35 1.00 0.16 0.35 1.00 1.00 0.16 0.42 1.00 1.00 0.16 0.41 1.00 1.00 0.07 0.13 0.33 1.00 0.16 0.42 1.00 1.00 0.16 0.41 1.00 1.00 0.08 0.13 0.36 1.00 0.07 0.13 0.33 1.00 0.00 0.00 0.00 1.00 0.16 0.35 1.00 1.00 0.16 0.39 1.00 1.00 0.16 0.51 1.00 1.00 0.16 0.44 1.00 1.00 0.16 0.58 1.00 1.00 0.16 0.56 1.00 1.00 0.16 0.49 1.00 1.00 0.16 0.58 1.00 1.00 0.16 0.44 1.00 1.00 0.18 0.41 1.00 1.00 0.18 0.39 1.00 1.00 0.16 0.57 1.00 1.00 0.18 0.40 1.00 1.00 0.24 0.38 1.00 1.00 0.24 0.30 0.45 1.00 0.18 0.41 1.00 1.00 0.18 0.40 1.00 1.00 0.24 0.37 0.99 1.00 0.18 0.41 1.00 1.00 0.23 0.35 0.89 1.00 0.22 0.28 0.40 1.00 0.10 0.12 0.16 1.00 0.10 0.13 0.18 1.00 0.22 0.34 0.87 1.00 0.10 0.13 0.18 1.00 0.08 0.13 0.36 1.00 0.00 0.00 0.00 1.00 0.20 0.45 1.00 1.00 0.16 0.31 0.93 1.00 0.16 0.27 0.72 1.00 0.07 0.13 0.33 1.00 0.17 0.32 1.00 1.00 0.16 0.26 0.69 1.00 0.16 0.30 0.86 1.00 0.16 0.16 0.16 1.00 0.16 0.30 0.88 1.00 0.16 0.28 0.76 1.00 0.16 0.24 0.59 1.00 0.16 0.27 0.75 1.00 0.16 0.24 0.58 1.00 0.16 0.44 1.00 1.00 0.16 0.55 1.00 1.00 0.16 0.43 1.00 1.00 0.16 0.53 1.00 1.00 0.16 0.69 1.00 1.00 0.16 0.67 1.00 1.00 0.16 0.55 1.00 1.00 0.16 0.53 1.00 1.00 0.18 0.43 1.00 1.00 0.20 0.27 0.61 1.00 0.18 0.43 1.00 1.00 0.20 0.28 0.61 1.00 0.16 0.28 0.80 1.00 0.16 0.30 0.87 1.00 0.17 0.33 1.00 1.00 0.16 0.29 0.84 1.00 0.16 0.30 0.87 1.00 0.16 0.30 0.89 1.00 0.16 0.27 0.73 1.00 0.16 0.29 0.84 1.00 0.16 0.24 0.59 1.00 0.16 0.25 0.60 1.00 0.16 0.28 0.76 1.00 0.16 0.28 0.78 1.00 0.16 0.30 0.87 1.00 0.16 0.29 0.85 1.00 0.16 0.44 1.00 1.00 0.16 0.43 1.00 1.00 0.16 0.56 1.00 1.00 0.16 0.54 1.00 1.00 0.20 0.27 0.58 1.00 0.20 0.27 0.58 1.00 0.09 0.11 0.14 1.00 0.09 0.11 0.13 1.00 0.18 0.42 1.00 1.00 0.16 0.70 1.00 1.00 0.18 0.42 1.00 1.00 0.16 0.68 1.00 1.00 0.07 0.13 0.33 1.00 0.09 0.16 0.44 1.00 0.07 0.13 0.33 1.00 0.09 0.16 0.44 1.00 0.18 0.43 1.00 1.00 0.18 0.43 1.00 1.00 0.16 0.56 1.00 1.00 0.16 0.54 1.00 1.00 0.09 0.11 0.14 1.00 0.09 0.11 0.14 1.00 0.18 0.42 1.00 1.00 0.18 0.42 1.00 1.00 0.16 0.33 1.00 1.00 0.16 0.29 0.80 1.00 0.17 0.31 0.98 1.00 0.20 0.44 1.00 1.00 0.13 0.16 0.23 1.00 0.13 0.16 0.23 1.00 0.16 0.16 0.16 1.00 0.16 0.26 0.67 1.00 0.16 0.16 0.16 1.00 0.24 0.47 1.00 1.00 0.16 0.27 0.75 1.00 0.16 0.24 0.56 1.00 0.16 0.16 0.16 1.00 0.27 0.64 1.00 1.00 0.27 0.62 1.00 1.00 0.28 0.60 1.00 1.00 0.26 0.60 1.00 1.00 0.23 0.47 1.00 1.00 0.26 0.61 1.00 1.00 0.22 0.45 1.00 1.00 0.26 0.59 1.00 1.00 0.24 0.45 1.00 1.00 0.16 0.24 0.56 1.00 0.16 0.27 0.75 1.00 0.16 0.16 0.16 1.00 0.16 0.26 0.67 1.00 0.27 0.56 1.00 1.00 0.25 0.58 1.00 1.00 0.23 0.49 1.00 1.00 0.22 0.47 1.00 1.00 0.16 0.16 0.16 1.00 0.13 0.16 0.23 1.00 0.16 0.26 0.67 1.00 0.16 0.16 0.16 1.00 0.09 0.11 0.14 1.00 0.09 0.11 0.14 1.00 0.20 0.24 0.31 1.00 0.20 0.24 0.31 1.00 0.20 0.45 1.00 1.00 0.17 0.32 1.00 1.00 0.16 0.26 0.69 1.00 0.16 0.16 0.16 1.00 0.16 0.16 0.16 1.00 0.16 0.26 0.69 1.00 0.16 0.16 0.16 1.00 0.16 0.26 0.69 1.00 0.07 0.13 0.33 1.00 0.09 0.16 0.44 1.00 0.21 0.25 0.34 1.00 0.21 0.25 0.34 1.00 0.09 0.11 0.13 1.00 0.19 0.22 0.28 1.00 0.09 0.11 0.14 1.00 0.20 0.23 0.31 1.00 0.17 0.18 0.19 1.00 0.18 0.19 0.22 1.00 0.21 0.36 0.98 1.00 0.16 0.25 0.60 1.00 0.31 0.60 1.00 1.00 0.16 0.24 0.56 1.00 0.16 0.26 0.67 1.00 0.16 0.26 0.69 1.00 0.16 0.24 0.56 1.00 0.16 0.24 0.59 1.00 0.19 0.27 0.61 1.00 0.20 0.27 0.61 1.00 0.17 0.44 1.00 1.00 0.18 0.43 1.00 1.00 0.16 0.58 1.00 1.00 0.16 0.69 1.00 1.00 0.16 0.51 1.00 1.00 0.16 0.55 1.00 1.00 0.16 0.42 1.00 1.00 0.16 0.44 1.00 1.00 0.07 0.13 0.33 1.00 0.16 0.30 0.86 1.00 0.08 0.15 0.41 1.00 0.16 0.29 0.83 1.00 0.16 0.16 0.16 1.00 0.16 0.26 0.69 1.00 0.13 0.16 0.23 1.00 0.13 0.16 0.23 1.00 0.16 0.16 0.16 1.00 0.16 0.26 0.69 1.00 0.16 0.29 0.83 1.00 0.16 0.30 0.87 1.00 0.16 0.42 1.00 1.00 0.16 0.44 1.00 1.00 0.16 0.52 1.00 1.00 0.16 0.56 1.00 1.00 0.16 0.60 1.00 1.00 0.16 0.70 1.00 1.00 0.17 0.44 1.00 1.00 0.18 0.42 1.00 1.00 0.19 0.27 0.67 1.00 0.20 0.27 0.58 1.00 0.09 0.10 0.13 1.00 0.09 0.11 0.14 1.00 0.35 0.71 1.00 1.00 0.19 0.35 1.00 1.00 0.19 0.35 1.00 1.00 0.36 0.75 1.00 1.00 0.21 0.36 0.97 1.00 0.32 0.62 1.00 1.00 0.19 0.22 0.29 1.00 0.21 0.25 0.34 1.00 0.19 0.22 0.29 1.00 0.20 0.24 0.31 1.00 0.08 0.15 0.41 1.00 0.07 0.13 0.33 1.00 0.08 0.15 0.42 1.00 0.07 0.13 0.33 1.00 0.09 0.10 0.13 1.00 0.09 0.11 0.14 1.00 0.16 0.31 0.93 1.00 0.23 0.49 1.00 1.00 0.20 0.45 1.00 1.00 0.27 0.64 1.00 1.00 0.16 0.28 0.80 1.00 0.16 0.29 0.80 1.00 0.26 0.61 1.00 1.00 0.20 0.44 1.00 1.00 0.23 0.47 1.00 1.00 0.16 0.31 0.93 1.00 0.26 0.61 1.00 1.00 0.16 0.29 0.80 1.00 0.13 0.16 0.23 1.00 0.13 0.16 0.23 1.00 0.13 0.16 0.23 1.00 0.13 0.16 0.23 1.00 0.09 0.10 0.13 1.00 0.09 0.11 0.14 1.00 0.16 0.16 0.16 1.00 0.16 0.26 0.69 1.00 0.16 0.28 0.80 1.00 0.27 0.64 1.00 1.00 0.16 0.26 0.67 1.00 0.16 0.26 0.69 1.00 0.08 0.15 0.42 1.00 0.07 0.13 0.33 1.00 0.16 0.26 0.69 1.00 0.16 0.16 0.16 1.00 0.09 0.10 0.13 1.00 0.09 0.11 0.14 1.00 0.19 0.22 0.28 1.00 0.20 0.23 0.31 1.00 0.18 0.19 0.22 1.00 0.18 0.24 0.51 1.00 0.00 0.00 0.00 1.00 0.00 0.00 0.00 1.00 0.16 0.25 0.60 1.00 0.00 0.00 0.00 1.00 0.16 0.18 0.25 1.00 0.16 0.18 0.25 1.00 0.00 0.00 0.00 1.00 0.16 0.16 0.16 1.00 0.00 0.00 0.00 1.00 0.00 0.00 0.00 1.00 0.17 0.18 0.21 1.00 0.00 0.00 0.00 1.00 0.16 0.17 0.18 1.00 0.16 0.16 0.16 1.00 0.00 0.00 0.00 1.00 0.16 0.16 0.16 1.00 0.00 0.00 0.00 1.00 0.17 0.18 0.21 1.00 0.00 0.00 0.00 1.00 0.18 0.19 0.22 1.00 0.00 0.00 0.00 1.00 0.22 0.27 0.39 1.00 0.20 0.23 0.30 1.00 0.18 0.19 0.22 1.00 0.17 0.18 0.21 1.00 0.19 0.22 0.29 1.00 0.17 0.18 0.19 1.00 0.20 0.23 0.30 1.00 0.17 0.18 0.20 1.00 0.16 0.16 0.17 1.00 0.16 0.16 0.16 1.00 0.16 0.16 0.16 1.00 0.16 0.16 0.16 1.00 0.17 0.18 0.21 1.00 0.16 0.17 0.18 1.00 0.22 0.31 0.71 1.00 0.19 0.22 0.29 1.00 0.16 0.22 0.45 1.00 0.16 0.16 0.17 1.00 0.16 0.16 0.16 1.00 0.16 0.18 0.25 1.00 0.18 0.19 0.22 1.00 0.06 0.11 0.28 1.00 0.05 0.09 0.24 1.00 0.02 0.04 0.08 1.00 0.16 0.34 1.00 1.00 0.16 0.27 0.74 1.00 0.16 0.36 1.00 1.00 0.16 0.53 1.00 1.00 0.16 0.51 1.00 1.00 0.16 0.49 1.00 1.00 0.16 0.38 1.00 1.00 0.16 0.33 1.00 1.00 0.06 0.10 0.27 1.00 0.00 0.00 0.00 1.00 0.16 0.44 1.00 1.00 0.08 0.14 0.40 1.00 0.16 0.36 1.00 1.00 0.07 0.14 0.40 1.00 0.19 0.39 1.00 1.00 0.06 0.12 0.36 1.00 0.16 0.52 1.00 1.00 0.10 0.23 0.76 1.00 0.16 0.58 1.00 1.00 0.16 0.52 1.00 1.00 0.16 0.60 1.00 1.00 0.16 0.60 1.00 1.00 0.18 0.56 1.00 1.00 0.16 0.47 1.00 1.00 0.16 0.42 1.00 1.00 0.16 0.47 1.00 1.00 0.16 0.56 1.00 1.00 0.08 0.15 0.44 1.00 0.09 0.17 0.49 1.00 0.09 0.17 0.49 1.00 0.16 0.39 1.00 1.00 0.07 0.14 0.46 1.00 0.19 0.39 1.00 1.00 0.21 0.34 0.96 1.00 0.00 0.00 0.00 1.00 0.20 0.29 0.71 1.00 0.18 0.34 1.00 1.00 0.22 0.27 0.39 1.00 0.22 0.31 0.71 1.00 0.16 0.29 0.85 1.00 0.16 0.22 0.45 1.00 0.16 0.25 0.60 1.00 0.16 0.18 0.25 1.00 0.16 0.38 1.00 1.00 0.16 0.28 0.77 1.00 0.05 0.09 0.23 1.00 0.00 0.00 0.00 1.00 0.16 0.51 1.00 1.00 0.16 0.33 1.00 1.00 0.16 0.49 1.00 1.00 0.04 0.07 0.22 1.00 0.04 0.05 0.13 1.00 0.17 0.36 1.00 1.00 0.16 0.44 1.00 1.00 0.03 0.05 0.12 1.00 0.16 0.42 1.00 1.00 0.11 0.16 0.37 1.00 0.16 0.49 1.00 1.00 0.09 0.18 0.53 1.00 0.16 0.49 1.00 1.00 0.08 0.17 0.54 1.00 0.17 0.44 1.00 1.00 0.07 0.12 0.37 1.00 0.16 0.35 1.00 1.00 0.19 0.68 1.00 1.00 0.18 0.38 1.00 1.00 0.17 0.44 1.00 1.00 0.05 0.09 0.24 1.00 0.18 0.19 0.22 1.00 0.18 0.56 1.00 1.00 0.16 0.56 1.00 1.00 0.16 0.39 1.00 1.00 0.06 0.11 0.28 1.00 0.09 0.17 0.49 1.00 0.16 0.53 1.00 1.00 0.16 0.49 1.00 1.00 0.16 0.42 1.00 1.00 0.03 0.05 0.12 1.00 0.22 0.66 1.00 1.00 0.16 0.36 1.00 1.00 0.07 0.14 0.40 1.00 0.16 0.42 1.00 1.00 0.16 0.31 0.91 1.00 0.05 0.09 0.23 1.00 0.16 0.58 1.00 1.00 0.16 0.63 1.00 1.00 0.16 0.64 1.00 1.00 0.00 0.00 0.00 1.00 0.06 0.11 0.31 1.00 0.06 0.11 0.29 1.00 0.04 0.09 0.37 1.00 0.04 0.10 0.38 1.00 0.40 0.45 0.95 1.00 0.36 0.54 1.00 1.00 0.04 0.10 0.39 1.00 0.31 0.62 1.00 1.00 0.04 0.10 0.39 1.00 0.04 0.11 0.40 1.00 0.31 0.62 1.00 1.00 0.28 0.71 1.00 1.00 0.04 0.12 0.40 1.00 0.04 0.13 0.41 1.00 0.30 0.95 1.00 1.00 0.04 0.13 0.41 1.00 0.04 0.15 0.42 1.00 0.30 0.95 1.00 1.00 0.31 1.00 1.00 1.00 0.00 0.00 0.00 1.00 0.32 1.00 1.00 1.00 0.00 0.00 0.00 1.00 0.00 0.00 0.00 1.00 0.32 1.00 1.00 1.00 0.32 1.00 1.00 1.00 0.04 0.15 0.42 1.00 0.31 1.00 1.00 1.00 0.04 0.15 0.42 1.00 0.04 0.14 0.41 1.00 0.31 1.00 1.00 1.00 0.29 1.00 1.00 1.00 0.04 0.13 0.40 1.00 0.28 0.86 1.00 1.00 0.04 0.13 0.40 1.00 0.04 0.12 0.38 1.00 0.28 0.86 1.00 1.00 0.26 0.65 1.00 1.00 0.04 0.10 0.37 1.00 0.29 0.57 1.00 1.00 0.04 0.10 0.37 1.00 0.04 0.10 0.37 1.00 0.29 0.57 1.00 1.00 0.40 0.52 1.00 1.00 0.04 0.09 0.36 1.00 0.39 0.44 0.92 1.00 0.04 0.09 0.36 1.00 0.04 0.09 0.36 1.00 0.39 0.44 0.92 1.00 0.36 0.39 0.81 1.00 0.04 0.09 0.37 1.00 0.40 0.45 0.95 1.00 0.41 1.00 1.00 1.00 0.41 1.00 1.00 1.00 0.41 1.00 1.00 1.00 0.42 1.00 1.00 1.00 0.42 1.00 1.00 1.00 0.42 1.00 1.00 1.00 0.43 1.00 1.00 1.00 0.44 1.00 1.00 1.00 0.44 1.00 1.00 1.00 0.45 1.00 1.00 1.00 0.45 1.00 1.00 1.00 0.45 1.00 1.00 1.00 0.45 1.00 1.00 1.00 0.44 1.00 1.00 1.00 0.44 1.00 1.00 1.00 0.44 1.00 1.00 1.00 0.43 1.00 1.00 1.00 0.43 1.00 1.00 1.00 0.42 1.00 1.00 1.00 0.42 1.00 1.00 1.00 0.42 1.00 1.00 1.00 0.41 1.00 1.00 1.00 0.41 1.00 1.00 1.00 0.41 1.00 1.00 1.00 0.37 0.92 1.00 1.00 0.38 1.00 1.00 1.00 0.39 1.00 1.00 1.00 0.39 1.00 1.00 1.00 0.41 1.00 1.00 1.00 0.42 1.00 1.00 1.00 0.42 1.00 1.00 1.00 0.43 1.00 1.00 1.00 0.44 1.00 1.00 1.00 0.44 1.00 1.00 1.00 0.44 1.00 1.00 1.00 0.43 1.00 1.00 1.00 0.43 1.00 1.00 1.00 0.42 1.00 1.00 1.00 0.40 1.00 1.00 1.00 0.40 1.00 1.00 1.00 0.39 1.00 1.00 1.00 0.38 1.00 1.00 1.00 0.38 1.00 1.00 1.00 0.37 0.96 1.00 1.00 0.37 0.91 1.00 1.00 0.37 0.91 1.00 1.00 0.37 0.89 1.00 1.00 0.37 0.92 1.00 1.00 0.02 0.11 0.17 1.00 0.02 0.08 0.15 1.00 0.01 0.03 0.08 1.00 0.01 0.02 0.07 1.00 0.03 0.11 0.25 1.00 0.05 0.13 0.32 1.00 0.03 0.06 0.18 1.00 0.05 0.15 0.32 1.00 0.03 0.07 0.21 1.00 0.05 0.18 0.32 1.00 0.03 0.06 0.18 1.00 0.05 0.13 0.32 1.00 0.03 0.09 0.18 1.00 0.05 0.15 0.32 1.00 0.03 0.07 0.20 1.00 0.05 0.18 0.32 1.00 0.02 0.08 0.15 1.00 0.02 0.10 0.16 1.00 0.01 0.03 0.08 1.00 0.01 0.02 0.07 1.00 0.11 0.32 0.32 1.00 0.28 0.73 0.73 1.00 0.05 0.22 0.32 1.00 0.33 0.73 0.73 1.00 0.14 0.32 0.32 1.00 0.28 0.73 0.73 1.00 0.09 0.22 0.32 1.00 0.08 0.15 0.32 1.00 0.07 0.15 0.32 1.00 0.10 0.31 0.32 1.00 0.14 0.32 0.32 1.00 0.13 0.32 0.32 1.00 0.15 0.49 0.73 1.00 0.15 0.51 0.73 1.00 0.04 0.13 0.32 1.00 0.03 0.13 0.30 1.00 0.15 0.53 0.73 1.00 0.03 0.14 0.31 1.00 0.05 0.18 0.32 1.00 0.03 0.07 0.21 1.00 0.14 0.33 0.73 1.00 0.14 0.34 0.73 1.00 0.03 0.11 0.28 1.00 0.04 0.13 0.32 1.00 0.05 0.11 0.32 1.00 0.04 0.07 0.20 1.00 0.04 0.19 0.32 1.00 0.04 0.13 0.25 1.00 0.04 0.18 0.27 1.00 0.04 0.13 0.25 1.00 0.04 0.11 0.32 1.00 0.04 0.07 0.19 1.00 0.01 0.05 0.12 1.00 0.02 0.05 0.12 1.00 0.03 0.16 0.17 1.00 0.04 0.17 0.17 1.00 0.03 0.10 0.17 1.00 0.03 0.11 0.17 1.00 0.01 0.04 0.11 1.00 0.02 0.05 0.13 1.00 0.03 0.11 0.17 1.00 0.02 0.05 0.13 1.00 0.02 0.08 0.17 1.00 0.01 0.03 0.06 1.00 0.01 0.02 0.09 1.00 0.03 0.06 0.17 1.00 0.01 0.03 0.09 1.00 0.03 0.10 0.17 1.00 0.01 0.03 0.09 1.00 0.02 0.06 0.17 1.00 0.01 0.03 0.06 1.00 0.03 0.15 0.17 1.00 0.01 0.05 0.11 1.00 0.06 0.23 0.32 1.00 0.03 0.07 0.16 1.00 0.05 0.15 0.32 1.00 0.04 0.08 0.23 1.00 0.04 0.06 0.16 1.00 0.04 0.08 0.23 1.00 0.04 0.06 0.16 1.00 0.08 0.28 0.32 1.00 0.13 0.32 0.32 1.00 0.13 0.32 0.32 1.00 0.13 0.32 0.32 1.00 0.13 0.32 0.32 1.00 0.09 0.21 0.32 1.00 0.12 0.32 0.32 1.00 0.12 0.32 0.32 1.00 0.13 0.32 0.32 1.00 0.13 0.32 0.32 1.00 0.08 0.19 0.19 1.00 0.08 0.19 0.19 1.00 0.00 0.00 0.00 1.00 0.00 0.00 0.00 1.00 0.07 0.19 0.19 1.00 0.00 0.00 0.00 1.00 0.07 0.19 0.19 1.00 0.07 0.19 0.19 1.00 0.00 0.00 0.00 1.00 0.00 0.00 0.00 1.00 0.07 0.19 0.19 1.00 0.00 0.00 0.00 1.00 0.07 0.19 0.19 1.00 0.08 0.19 0.19 1.00 0.00 0.00 0.00 1.00 0.00 0.00 0.00 1.00 0.08 0.19 0.19 1.00 0.00 0.00 0.00 1.00 0.08 0.19 0.19 1.00 0.08 0.19 0.19 1.00 0.00 0.00 0.00 1.00 0.00 0.00 0.00 1.00 0.08 0.19 0.19 1.00 0.08 0.19 0.19 1.00 0.00 0.00 0.00 1.00 0.00 0.00 0.00 1.00 0.08 0.19 0.19 1.00 0.00 0.00 0.00 1.00 0.07 0.19 0.19 1.00 0.00 0.00 0.00 1.00 0.07 0.19 0.19 1.00 0.00 0.00 0.00 1.00 0.12 0.28 0.68 1.00 0.08 0.15 0.32 1.00 0.07 0.15 0.32 1.00 0.13 0.30 0.68 1.00 0.05 0.24 0.32 1.00 0.11 0.32 0.32 1.00 0.01 0.03 0.07 1.00 0.03 0.09 0.17 1.00 0.01 0.03 0.09 1.00 0.03 0.11 0.17 1.00 0.14 0.34 0.73 1.00 0.04 0.14 0.32 1.00 0.03 0.07 0.20 1.00 0.05 0.18 0.32 1.00 0.06 0.23 0.32 1.00 0.03 0.07 0.16 1.00 0.03 0.06 0.17 1.00 0.01 0.02 0.09 1.00 0.01 0.03 0.09 1.00 0.14 0.32 0.32 1.00 0.13 0.31 0.32 1.00 0.14 0.32 0.32 1.00 0.01 0.04 0.09 1.00 0.02 0.07 0.17 1.00 0.05 0.15 0.32 1.00 0.05 0.10 0.29 1.00 0.05 0.10 0.29 1.00 0.11 0.22 0.32 1.00 0.13 0.32 0.32 1.00 0.12 0.32 0.32 1.00 0.07 0.15 0.32 1.00 0.07 0.15 0.32 1.00 0.03 0.06 0.17 1.00 0.18 0.49 1.00 1.00 0.19 0.51 1.00 1.00 0.20 0.40 1.00 1.00 0.22 0.43 1.00 1.00 0.19 0.52 1.00 1.00 0.19 0.50 1.00 1.00 0.22 0.46 1.00 1.00 0.21 0.42 1.00 1.00 0.19 0.51 1.00 1.00 0.18 0.49 1.00 1.00 0.18 0.54 1.00 1.00 0.17 0.53 1.00 1.00 0.19 0.50 1.00 1.00 0.19 0.52 1.00 1.00 0.17 0.54 1.00 1.00 0.18 0.54 1.00 1.00 0.09 0.28 0.78 1.00 0.09 0.28 0.80 1.00 0.17 0.60 1.00 1.00 0.17 0.59 1.00 1.00 0.09 0.28 0.81 1.00 0.09 0.28 0.79 1.00 0.17 0.60 1.00 1.00 0.17 0.61 1.00 1.00 0.18 0.54 1.00 1.00 0.17 0.53 1.00 1.00 0.17 0.59 1.00 1.00 0.17 0.60 1.00 1.00 0.17 0.54 1.00 1.00 0.18 0.54 1.00 1.00 0.17 0.61 1.00 1.00 0.17 0.60 1.00 1.00 0.24 0.61 1.00 1.00 0.22 0.43 1.00 1.00 0.20 0.53 1.00 1.00 0.19 0.51 1.00 1.00 0.17 0.60 1.00 1.00 0.17 0.59 1.00 1.00 0.09 0.28 0.81 1.00 0.09 0.22 0.78 1.00 0.19 0.52 1.00 1.00 0.20 0.54 1.00 1.00 0.18 0.54 1.00 1.00 0.18 0.55 1.00 1.00 0.20 0.54 1.00 1.00 0.18 0.55 1.00 1.00 0.18 0.55 1.00 1.00 0.18 0.55 1.00 1.00 0.18 0.54 1.00 1.00 0.17 0.58 1.00 1.00 0.17 0.59 1.00 1.00 0.22 0.46 1.00 1.00 0.24 0.63 1.00 1.00 0.24 0.63 1.00 1.00 0.17 0.58 1.00 1.00 0.17 0.59 1.00 1.00 0.09 0.22 0.78 1.00 0.09 0.28 0.80 1.00 0.17 0.59 1.00 1.00 0.09 0.22 0.78 1.00 0.18 0.55 1.00 1.00 0.17 0.59 1.00 1.00 0.18 0.54 1.00 1.00 0.18 0.54 1.00 1.00 0.18 0.55 1.00 1.00 0.17 0.60 1.00 1.00 0.17 0.59 1.00 1.00 0.06 0.15 0.32 1.00 0.06 0.18 0.32 1.00 0.16 0.39 1.00 1.00 0.16 0.46 1.00 1.00 0.11 0.28 0.81 1.00 0.16 0.46 1.00 1.00 0.06 0.20 0.35 1.00 0.16 0.35 1.00 1.00 0.16 0.35 1.00 1.00 0.16 0.45 1.00 1.00 0.16 0.45 1.00 1.00 0.16 0.32 0.99 1.00 0.16 0.38 1.00 1.00 0.06 0.14 0.32 1.00 0.06 0.17 0.32 1.00 0.19 0.27 0.67 1.00 0.20 0.29 0.73 1.00 0.18 0.53 1.00 1.00 0.18 0.55 1.00 1.00 0.16 0.54 1.00 1.00 0.16 0.32 0.99 1.00 0.16 0.44 1.00 1.00 0.09 0.16 0.45 1.00 0.01 0.01 0.03 1.00 0.00 0.00 0.00 1.00 0.04 0.05 0.07 1.00 0.09 0.16 0.45 1.00 0.00 0.00 0.00 1.00 0.16 0.33 1.00 1.00 0.19 0.22 0.29 1.00 0.19 0.22 0.29 1.00 0.21 0.25 0.35 1.00 0.20 0.30 0.76 1.00 0.18 0.55 1.00 1.00 0.16 0.41 1.00 1.00 0.04 0.05 0.07 1.00 0.16 0.33 1.00 1.00 0.04 0.05 0.07 1.00 0.16 0.44 1.00 1.00 0.16 0.44 1.00 1.00 0.16 0.53 1.00 1.00 0.16 0.55 1.00 1.00 0.19 0.27 0.61 1.00 0.09 0.10 0.13 1.00 0.11 0.28 0.82 1.00 0.16 0.41 1.00 1.00 0.16 0.44 1.00 1.00 0.16 0.53 1.00 1.00 0.06 0.19 0.35 1.00 0.01 0.02 0.04 1.00 0.20 0.24 0.33 1.00 0.20 0.24 0.32 1.00 0.20 0.23 0.30 1.00 0.19 0.22 0.28 1.00 0.09 0.10 0.13 1.00 0.19 0.22 0.28 1.00 0.16 0.16 0.16 1.00 0.16 0.16 0.16 1.00 0.16 0.23 0.53 1.00 0.16 0.20 0.36 1.00 0.26 0.58 1.00 1.00 0.27 0.53 1.00 1.00 0.26 0.58 1.00 1.00 0.26 0.53 1.00 1.00 0.23 0.38 1.00 1.00 0.22 0.42 1.00 1.00 0.24 0.47 1.00 1.00 0.24 0.49 1.00 1.00 0.24 0.45 1.00 1.00 0.23 0.48 1.00 1.00 0.22 0.37 1.00 1.00 0.21 0.40 1.00 1.00 0.24 0.36 1.00 1.00 0.24 0.37 1.00 1.00 0.25 0.44 1.00 1.00 0.25 0.44 1.00 1.00 0.24 0.42 1.00 1.00 0.24 0.42 1.00 1.00 0.22 0.35 1.00 1.00 0.22 0.35 1.00 1.00 0.26 0.51 1.00 1.00 0.25 0.56 1.00 1.00 0.26 0.51 1.00 1.00 0.25 0.56 1.00 1.00 0.23 0.44 1.00 1.00 0.24 0.39 1.00 1.00 0.24 0.51 1.00 1.00 0.25 0.47 1.00 1.00 0.27 0.72 1.00 1.00 0.27 0.72 1.00 1.00 0.27 0.72 1.00 1.00 0.27 0.72 1.00 1.00 0.24 0.49 1.00 1.00 0.24 0.45 1.00 1.00 0.21 0.41 1.00 1.00 0.22 0.38 1.00 1.00 0.16 0.16 0.16 1.00 0.16 0.16 0.16 1.00 0.16 0.20 0.36 1.00 0.16 0.23 0.53 1.00 0.16 0.16 0.16 1.00 0.16 0.16 0.16 1.00 0.16 0.16 0.16 1.00 0.16 0.16 0.16 1.00 0.16 0.16 0.16 1.00 0.16 0.16 0.16 1.00 0.16 0.16 0.16 1.00 0.16 0.23 0.51 1.00 0.16 0.27 0.75 1.00 0.16 0.32 0.98 1.00 0.22 0.41 1.00 1.00 0.23 0.40 1.00 1.00 0.28 0.62 1.00 1.00 0.26 0.60 1.00 1.00 0.27 0.75 1.00 1.00 0.23 0.59 1.00 1.00 0.27 0.62 1.00 1.00 0.24 0.61 1.00 1.00 0.29 0.64 1.00 1.00 0.29 0.79 1.00 1.00 0.26 0.59 1.00 1.00 0.29 0.62 1.00 1.00 0.24 0.63 1.00 1.00 0.30 0.86 1.00 1.00 0.25 0.47 1.00 1.00 0.22 0.33 1.00 1.00 0.22 0.45 1.00 1.00 0.20 0.37 1.00 1.00 0.16 0.27 0.75 1.00 0.22 0.40 1.00 1.00 0.16 0.29 0.82 1.00 0.21 0.32 0.95 1.00 0.28 0.60 1.00 1.00 0.29 0.82 1.00 1.00 0.25 0.58 1.00 1.00 0.24 0.63 1.00 1.00 0.29 0.62 1.00 1.00 0.29 0.64 1.00 1.00 0.28 0.84 1.00 1.00 0.29 0.86 1.00 1.00 0.25 0.47 1.00 1.00 0.21 0.38 1.00 1.00 0.25 0.47 1.00 1.00 0.21 0.37 1.00 1.00 0.22 0.40 1.00 1.00 0.22 0.41 1.00 1.00 0.20 0.36 1.00 1.00 0.20 0.36 1.00 1.00 0.28 0.62 1.00 1.00 0.28 0.83 1.00 1.00 0.28 0.60 1.00 1.00 0.27 0.80 1.00 1.00 0.25 0.58 1.00 1.00 0.28 0.60 1.00 1.00 0.23 0.56 1.00 1.00 0.27 0.74 1.00 1.00 0.29 0.62 1.00 1.00 0.29 0.78 1.00 1.00 0.26 0.59 1.00 1.00 0.24 0.58 1.00 1.00 0.29 0.64 1.00 1.00 0.27 0.62 1.00 1.00 0.30 0.87 1.00 1.00 0.25 0.66 1.00 1.00 0.22 0.47 1.00 1.00 0.20 0.38 1.00 1.00 0.25 0.47 1.00 1.00 0.22 0.34 1.00 1.00 0.28 0.60 1.00 1.00 0.28 0.62 1.00 1.00 0.26 0.73 1.00 1.00 0.27 0.74 1.00 1.00 0.29 0.64 1.00 1.00 0.28 0.78 1.00 1.00 0.29 0.62 1.00 1.00 0.27 0.76 1.00 1.00 0.22 0.41 1.00 1.00 0.16 0.27 0.75 1.00 0.21 0.32 0.94 1.00 0.19 0.37 1.00 1.00 0.26 0.60 1.00 1.00 0.25 0.65 1.00 1.00 0.28 0.62 1.00 1.00 0.29 0.83 1.00 1.00 0.16 0.16 0.16 1.00 0.16 0.16 0.16 1.00 0.16 0.23 0.51 1.00 0.16 0.16 0.16 1.00 0.22 0.40 1.00 1.00 0.23 0.40 1.00 1.00 0.16 0.27 0.75 1.00 0.16 0.32 0.98 1.00 0.16 0.16 0.16 1.00 0.16 0.16 0.16 1.00 0.16 0.16 0.16 1.00 0.16 0.16 0.16 1.00 0.22 0.41 1.00 1.00 0.22 0.45 1.00 1.00 0.22 0.40 1.00 1.00 0.22 0.44 1.00 1.00 0.16 0.16 0.16 1.00 0.16 0.25 0.65 1.00 0.16 0.23 0.53 1.00 0.19 0.31 0.95 1.00 0.29 0.91 1.00 1.00 0.28 0.66 1.00 1.00 0.29 0.67 1.00 1.00 0.30 0.71 1.00 1.00 0.25 0.50 1.00 1.00 0.25 0.53 1.00 1.00 0.25 0.54 1.00 1.00 0.25 0.51 1.00 1.00 0.24 0.50 1.00 1.00 0.24 0.51 1.00 1.00 0.24 0.51 1.00 1.00 0.24 0.49 1.00 1.00 0.27 0.71 1.00 1.00 0.27 0.71 1.00 1.00 0.26 0.50 1.00 1.00 0.26 0.50 1.00 1.00 0.25 0.47 1.00 1.00 0.25 0.47 1.00 1.00 0.25 0.67 1.00 1.00 0.25 0.66 1.00 1.00 0.27 0.64 1.00 1.00 0.29 0.87 1.00 1.00 0.29 0.88 1.00 1.00 0.28 0.64 1.00 1.00 0.26 0.56 1.00 1.00 0.26 0.53 1.00 1.00 0.25 0.53 1.00 1.00 0.25 0.55 1.00 1.00 0.31 0.91 1.00 1.00 0.31 0.92 1.00 1.00 0.31 0.93 1.00 1.00 0.31 0.93 1.00 1.00 0.24 0.52 1.00 1.00 0.24 0.51 1.00 1.00 0.24 0.50 1.00 1.00 0.24 0.52 1.00 1.00 0.16 0.25 0.65 1.00 0.16 0.16 0.16 1.00 0.19 0.31 0.94 1.00 0.16 0.23 0.53 1.00 0.16 0.16 0.16 1.00 0.16 0.16 0.16 1.00 0.19 0.28 0.75 1.00 0.19 0.28 0.76 1.00 0.28 0.35 0.60 1.00 0.16 0.16 0.16 1.00 0.16 0.30 0.88 1.00 0.16 0.24 0.58 1.00 0.09 0.16 0.44 1.00 0.16 0.32 0.96 1.00 0.16 0.27 0.75 1.00 0.16 0.24 0.59 1.00 0.16 0.28 0.76 1.00 0.16 0.30 0.89 1.00 0.16 0.32 0.97 1.00 0.16 0.34 1.00 1.00 0.09 0.16 0.44 1.00 0.09 0.18 0.54 1.00 0.16 0.66 1.00 1.00 0.16 0.48 1.00 1.00 0.16 0.50 1.00 1.00 0.16 0.41 1.00 1.00 0.16 0.65 1.00 1.00 0.16 0.48 1.00 1.00 0.16 0.53 1.00 1.00 0.16 0.43 1.00 1.00 0.16 0.49 1.00 1.00 0.16 0.56 1.00 1.00 0.16 0.78 1.00 1.00 0.18 0.40 1.00 1.00 0.22 0.29 0.49 1.00 0.18 0.41 1.00 1.00 0.24 0.37 0.99 1.00 0.10 0.13 0.18 1.00 0.09 0.11 0.15 1.00 0.22 0.34 0.87 1.00 0.22 0.27 0.45 1.00 0.18 0.40 1.00 1.00 0.18 0.39 1.00 1.00 0.16 0.57 1.00 1.00 0.16 0.80 1.00 1.00 0.16 0.34 1.00 1.00 0.16 0.29 0.84 1.00 0.30 0.42 0.69 1.00 0.26 0.35 0.55 1.00 0.25 0.33 0.51 1.00 0.22 0.27 0.38 1.00 0.25 0.33 0.51 1.00 0.10 0.12 0.16 1.00 0.23 0.30 0.44 1.00 0.10 0.13 0.18 1.00 0.25 0.32 0.49 1.00 0.27 0.38 0.61 1.00 0.24 0.32 0.49 1.00 0.33 0.48 0.82 1.00 0.09 0.11 0.15 1.00 0.10 0.13 0.18 1.00 0.09 0.18 0.53 1.00 0.07 0.13 0.33 1.00 0.16 0.41 1.00 1.00 0.09 0.18 0.54 1.00 0.09 0.16 0.44 1.00 0.16 0.43 1.00 1.00 0.18 0.43 1.00 1.00 0.16 0.67 1.00 1.00 0.16 0.54 1.00 1.00 0.16 0.68 1.00 1.00 0.20 0.28 0.61 1.00 0.10 0.12 0.16 1.00 0.09 0.11 0.14 1.00 0.18 0.42 1.00 1.00 0.20 0.27 0.58 1.00 0.10 0.12 0.16 1.00 0.11 0.13 0.18 1.00 0.11 0.13 0.19 1.00 0.16 0.31 0.94 1.00 0.07 0.13 0.33 1.00 0.09 0.18 0.53 1.00 0.09 0.16 0.44 1.00 0.11 0.13 0.19 1.00 0.17 0.31 0.98 1.00 0.16 0.31 0.94 1.00 0.16 0.33 1.00 1.00 0.16 0.29 0.85 1.00 0.07 0.13 0.33 1.00 0.09 0.11 0.13 1.00 0.17 0.32 1.00 1.00 0.17 0.33 1.00 1.00 0.07 0.13 0.33 1.00 0.21 0.25 0.35 1.00 0.29 0.42 0.68 1.00 0.23 0.30 0.44 1.00 0.25 0.32 0.49 1.00 0.11 0.13 0.20 1.00 0.21 0.25 0.34 1.00 0.20 0.24 0.31 1.00 0.16 0.16 0.16 1.00 0.09 0.11 0.14 1.00 0.18 0.19 0.22 1.00 0.19 0.22 0.28 1.00 0.09 0.11 0.13 1.00 0.18 0.19 0.22 1.00 0.16 0.16 0.16 1.00 0.16 0.17 0.18 1.00 0.17 0.18 0.19 1.00 0.37 0.92 1.00 1.00 0.38 1.00 1.00 1.00 0.45 0.75 1.00 1.00 0.43 0.84 1.00 1.00 0.35 0.82 1.00 1.00 0.44 1.00 1.00 1.00 0.37 1.00 1.00 1.00 0.38 1.00 1.00 1.00 0.40 1.00 1.00 1.00 0.41 1.00 1.00 1.00 0.41 1.00 1.00 1.00 0.40 1.00 1.00 1.00 0.38 1.00 1.00 1.00 0.36 1.00 1.00 1.00 0.35 0.98 1.00 1.00 0.33 0.77 1.00 1.00 0.42 0.80 1.00 1.00 0.44 0.74 1.00 1.00 0.46 0.73 1.00 1.00 0.37 0.89 1.00 1.00 0.39 1.00 1.00 1.00 0.41 1.00 1.00 1.00 0.42 1.00 1.00 1.00 0.43 1.00 1.00 1.00 0.44 1.00 1.00 1.00 0.44 1.00 1.00 1.00 0.43 1.00 1.00 1.00 0.42 1.00 1.00 1.00 0.40 1.00 1.00 1.00 0.39 1.00 1.00 1.00 0.38 1.00 1.00 1.00 0.37 0.96 1.00 1.00 0.37 0.91 1.00 1.00 0.18 0.19 0.22 1.00 0.18 0.19 0.22 1.00 0.16 0.17 0.18 1.00 0.16 0.16 0.16 1.00 0.16 0.16 0.16 1.00 0.16 0.16 0.16 1.00 0.16 0.17 0.18 1.00 0.16 0.16 0.16 1.00 0.17 0.18 0.19 1.00 0.19 0.22 0.28 1.00 0.17 0.19 0.22 1.00 0.19 0.22 0.28 1.00 0.16 0.17 0.18 1.00 0.19 0.22 0.28 1.00 0.20 0.23 0.31 1.00 0.20 0.23 0.30 1.00 0.19 0.22 0.28 1.00 0.18 0.19 0.22 1.00 0.19 0.22 0.29 1.00 0.20 0.24 0.33 1.00 0.20 0.24 0.32 1.00 0.17 0.18 0.19 1.00 0.16 0.16 0.16 1.00 0.16 0.16 0.16 1.00 0.16 0.16 0.16 1.00 0.17 0.18 0.19 1.00 0.16 0.37 1.00 1.00 0.16 0.42 1.00 1.00 0.07 0.12 0.33 1.00 0.16 0.44 1.00 1.00 0.07 0.13 0.35 1.00 0.16 0.44 1.00 1.00 0.21 0.49 1.00 1.00 0.07 0.13 0.34 1.00 0.07 0.13 0.35 1.00 0.22 0.69 1.00 1.00 0.04 0.06 0.15 1.00 0.16 0.23 0.51 1.00 0.16 0.28 0.78 1.00 0.16 0.23 0.51 1.00 0.16 0.23 0.51 1.00 0.00 0.00 0.00 1.00 0.00 0.00 0.00 1.00 0.16 0.28 0.78 1.00 0.21 0.37 1.00 1.00 0.00 0.00 0.00 1.00 0.00 0.00 0.00 1.00 0.21 0.37 1.00 1.00 0.02 0.03 0.06 1.00 0.16 0.34 1.00 1.00 0.22 0.55 1.00 1.00 0.22 0.66 1.00 1.00 0.09 0.17 0.50 1.00 0.09 0.21 0.52 1.00 0.09 0.21 0.52 1.00 0.22 0.66 1.00 1.00 0.22 0.73 1.00 1.00 0.09 0.22 0.52 1.00 0.16 0.44 1.00 1.00 0.09 0.22 0.52 1.00 0.22 0.69 1.00 1.00 0.09 0.22 0.52 1.00 0.09 0.22 0.52 1.00 0.22 0.67 1.00 1.00 0.21 0.52 1.00 1.00 0.21 0.38 1.00 1.00 0.21 0.38 1.00 1.00 0.21 0.32 0.96 1.00 0.21 0.38 1.00 1.00 0.21 0.38 1.00 1.00 0.22 0.53 1.00 1.00 0.22 0.68 1.00 1.00 0.22 0.68 1.00 1.00 0.22 0.74 1.00 1.00 0.22 0.67 1.00 1.00 0.22 0.74 1.00 1.00 0.20 0.57 1.00 1.00 0.21 0.66 1.00 1.00 0.37 1.00 1.00 1.00 0.09 0.19 0.64 1.00 0.15 0.40 1.00 1.00 0.00 0.00 0.00 1.00 0.19 0.40 1.00 1.00 0.18 0.24 0.55 1.00 0.00 0.00 0.00 1.00 0.00 0.00 0.00 1.00 0.18 0.24 0.55 1.00 0.18 0.19 0.23 1.00 0.00 0.00 0.00 1.00 0.19 0.25 0.57 1.00 0.00 0.00 0.00 1.00 0.09 0.20 0.71 1.00 0.19 0.25 0.57 1.00 0.20 0.41 1.00 1.00 0.50 1.00 1.00 1.00 0.15 0.42 1.00 1.00 0.15 0.49 1.00 1.00 0.15 0.42 1.00 1.00 0.21 0.58 1.00 1.00 0.15 0.40 1.00 1.00 0.16 0.30 0.87 1.00 0.16 0.34 1.00 1.00 0.09 0.17 0.50 1.00 0.02 0.03 0.06 1.00 0.16 0.23 0.51 1.00 0.16 0.16 0.16 1.00 0.04 0.06 0.15 1.00 0.00 0.00 0.00 1.00 0.21 0.52 1.00 1.00 0.22 0.67 1.00 1.00 0.20 0.57 1.00 1.00 0.22 0.67 1.00 1.00 0.21 0.38 1.00 1.00 0.21 0.38 1.00 1.00 0.21 0.32 0.96 1.00 0.21 0.38 1.00 1.00 0.22 0.53 1.00 1.00 0.21 0.38 1.00 1.00 0.22 0.68 1.00 1.00 0.21 0.58 1.00 1.00 0.22 0.68 1.00 1.00 0.09 0.17 0.49 1.00 0.16 0.52 1.00 1.00 0.09 0.27 0.67 1.00 0.10 0.23 0.76 1.00 0.00 0.00 0.00 1.00 0.20 0.24 0.33 1.00 0.18 0.20 0.29 1.00 0.08 0.18 0.64 1.00 0.41 0.48 0.74 1.00 0.19 0.39 1.00 1.00 0.00 0.00 0.00 1.00 0.05 0.06 0.11 1.00 0.06 0.12 0.36 1.00 </float_array>
                    <technique_common>
                        <accessor source="#geom-02567978-colors-array" count="2517" stride="4">
                            <param name="R" type="float" />
                            <param name="G" type="float" />
                            <param name="B" type="float" />
                            <param name="A" type="float" />
                        </accessor>
                    </technique_common>
                </source>
                <vertices id="geom-02567978-vtx">
                    <input semantic="POSITION" source="#geom-02567978-pos" />
                </vertices>
                <triangles count="2040" material="material-025C8BAB-symbol">
                    <input semantic="VERTEX" source="#geom-02567978-vtx" offset="0" />
                    <input semantic="TEXCOORD" source="#geom-02567978-texcoord" offset="0" />
                    <input semantic="COLOR" source="#geom-02567978-colors" offset="0" />
                    <p>0 1 2 2 1 3 4 5 6 6 5 7 8 9 10 10 9 11 12 13 14 15 16 17 18 19 20 20 19 21 22 23 24 24 23 25 26 27 28 28 27 29 30 31 32 33 34 35 36 37 38 38 37 39 40 41 42 42 41 43 44 45 46 46 45 47 48 49 50 51 52 53 54 55 56 56 55 57 57 55 169 169 55 170 58 59 60 60 59 61 60 61 68 68 61 69 68 69 74 74 69 75 74 75 76 76 75 77 62 63 64 65 66 67 70 71 72 72 71 73 95 72 73 72 95 96 96 95 97 95 73 91 91 73 92 91 92 93 93 92 94 73 98 92 73 71 98 98 71 173 92 98 99 98 100 99 99 100 101 78 79 80 80 79 81 79 82 81 79 88 82 87 88 79 82 83 81 81 83 84 83 85 84 83 90 85 89 90 83 85 86 84 102 103 104 102 123 103 122 123 102 104 103 105 106 107 108 108 107 109 110 111 112 112 111 113 114 115 116 116 115 117 118 119 120 120 119 121 124 125 126 126 125 127 128 129 130 130 129 131 132 133 134 134 133 135 136 137 138 138 137 139 149 139 137 148 139 149 140 141 142 142 141 143 144 145 146 146 145 147 150 151 152 152 151 153 153 151 171 171 151 172 154 155 156 174 154 156 154 175 155 157 158 159 159 158 160 161 162 163 163 162 164 165 166 167 167 166 168 176 177 178 178 177 179 179 177 291 291 177 292 180 181 182 182 181 183 182 183 190 190 183 191 190 191 196 196 191 197 196 197 198 198 197 199 184 185 186 187 188 189 192 193 194 194 193 195 217 194 195 194 217 218 218 217 219 217 195 213 213 195 214 213 214 215 215 214 216 195 220 214 195 193 220 220 193 295 214 220 221 220 222 221 221 222 223 200 201 202 202 201 203 201 204 203 201 210 204 209 210 201 204 205 203 203 205 206 205 207 206 205 212 207 211 212 205 207 208 206 224 225 226 224 245 225 244 245 224 226 225 227 228 229 230 230 229 231 232 233 234 234 233 235 236 237 238 238 237 239 240 241 242 242 241 243 246 247 248 248 247 249 250 251 252 252 251 253 254 255 256 256 255 257 258 259 260 260 259 261 271 261 259 270 261 271 262 263 264 264 263 265 266 267 268 268 267 269 272 273 274 274 273 275 275 273 293 293 273 294 276 277 278 296 276 278 276 297 277 279 280 281 281 280 282 283 284 285 285 284 286 287 288 289 289 288 290 298 299 300 300 299 301 301 299 413 413 299 414 302 303 304 304 303 305 304 305 312 312 305 313 312 313 318 318 313 319 318 319 320 320 319 321 306 307 308 309 310 311 314 315 316 316 315 317 339 316 317 316 339 340 340 339 341 339 317 335 335 317 336 335 336 337 337 336 338 317 342 336 317 315 342 342 315 417 336 342 343 342 344 343 343 344 345 322 323 324 324 323 325 323 326 325 323 332 326 331 332 323 326 327 325 325 327 328 327 329 328 327 334 329 333 334 327 329 330 328 346 347 348 346 367 347 366 367 346 348 347 349 350 351 352 352 351 353 354 355 356 356 355 357 358 359 360 360 359 361 362 363 364 364 363 365 368 369 370 370 369 371 372 373 374 374 373 375 376 377 378 378 377 379 380 381 382 382 381 383 393 383 381 392 383 393 384 385 386 386 385 387 388 389 390 390 389 391 394 395 396 396 395 397 397 395 415 415 395 416 398 399 400 418 398 400 398 419 399 401 402 403 403 402 404 405 406 407 407 406 408 409 410 411 411 410 412 420 421 422 422 421 423 423 421 535 535 421 536 424 425 426 426 425 427 426 427 434 434 427 435 434 435 440 440 435 441 440 441 442 442 441 443 428 429 430 431 432 433 436 437 438 438 437 439 461 438 439 438 461 462 462 461 463 461 439 457 457 439 458 457 458 459 459 458 460 439 464 458 439 437 464 464 437 539 458 464 465 464 466 465 465 466 467 444 445 446 446 445 447 445 448 447 445 454 448 453 454 445 448 449 447 447 449 450 449 451 450 449 456 451 455 456 449 451 452 450 468 469 470 468 489 469 488 489 468 470 469 471 472 473 474 474 473 475 476 477 478 478 477 479 480 481 482 482 481 483 484 485 486 486 485 487 490 491 492 492 491 493 494 495 496 496 495 497 498 499 500 500 499 501 502 503 504 504 503 505 515 505 503 514 505 515 506 507 508 508 507 509 510 511 512 512 511 513 516 517 518 518 517 519 519 517 537 537 517 538 520 521 522 540 520 522 520 541 521 523 524 525 525 524 526 527 528 529 529 528 530 531 532 533 533 532 534 542 543 544 544 543 545 546 547 548 548 547 549 550 551 552 552 551 553 554 555 556 557 558 559 560 561 562 562 561 563 564 565 566 566 565 567 568 569 570 570 569 571 572 573 574 575 576 577 578 579 580 580 579 581 582 583 584 584 583 585 586 587 588 588 587 589 590 591 592 593 594 595 596 597 598 598 597 599 599 597 711 711 597 712 600 601 602 602 601 603 602 603 610 610 603 611 610 611 616 616 611 617 616 617 618 618 617 619 604 605 606 607 608 609 612 613 614 614 613 615 637 614 615 614 637 638 638 637 639 637 615 633 633 615 634 633 634 635 635 634 636 615 640 634 615 613 640 640 613 715 634 640 641 640 642 641 641 642 643 620 621 622 622 621 623 621 624 623 621 630 624 629 630 621 624 625 623 623 625 626 625 627 626 625 632 627 631 632 625 627 628 626 644 645 646 644 665 645 664 665 644 646 645 647 648 649 650 650 649 651 652 653 654 654 653 655 656 657 658 658 657 659 660 661 662 662 661 663 666 667 668 668 667 669 670 671 672 672 671 673 674 675 676 676 675 677 678 679 680 680 679 681 691 681 679 690 681 691 682 683 684 684 683 685 686 687 688 688 687 689 692 693 694 694 693 695 695 693 713 713 693 714 696 697 698 716 696 698 696 717 697 699 700 701 701 700 702 703 704 705 705 704 706 707 708 709 709 708 710 718 719 720 720 719 721 721 719 833 833 719 834 722 723 724 724 723 725 724 725 732 732 725 733 732 733 738 738 733 739 738 739 740 740 739 741 726 727 728 729 730 731 734 735 736 736 735 737 759 736 737 736 759 760 760 759 761 759 737 755 755 737 756 755 756 757 757 756 758 737 762 756 737 735 762 762 735 837 756 762 763 762 764 763 763 764 765 742 743 744 744 743 745 743 746 745 743 752 746 751 752 743 746 747 745 745 747 748 747 749 748 747 754 749 753 754 747 749 750 748 766 767 768 766 787 767 786 787 766 768 767 769 770 771 772 772 771 773 774 775 776 776 775 777 778 779 780 780 779 781 782 783 784 784 783 785 788 789 790 790 789 791 792 793 794 794 793 795 796 797 798 798 797 799 800 801 802 802 801 803 813 803 801 812 803 813 804 805 806 806 805 807 808 809 810 810 809 811 814 815 816 816 815 817 817 815 835 835 815 836 818 819 820 838 818 820 818 839 819 821 822 823 823 822 824 825 826 827 827 826 828 829 830 831 831 830 832 840 841 842 842 841 843 843 841 955 955 841 956 844 845 846 846 845 847 846 847 854 854 847 855 854 855 860 860 855 861 860 861 862 862 861 863 848 849 850 851 852 853 856 857 858 858 857 859 881 858 859 858 881 882 882 881 883 881 859 877 877 859 878 877 878 879 879 878 880 859 884 878 859 857 884 884 857 959 878 884 885 884 886 885 885 886 887 864 865 866 866 865 867 865 868 867 865 874 868 873 874 865 868 869 867 867 869 870 869 871 870 869 876 871 875 876 869 871 872 870 888 889 890 888 909 889 908 909 888 890 889 891 892 893 894 894 893 895 896 897 898 898 897 899 900 901 902 902 901 903 904 905 906 906 905 907 910 911 912 912 911 913 914 915 916 916 915 917 918 919 920 920 919 921 922 923 924 924 923 925 935 925 923 934 925 935 926 927 928 928 927 929 930 931 932 932 931 933 936 937 938 938 937 939 939 937 957 957 937 958 940 941 942 960 940 942 940 961 941 943 944 945 945 944 946 947 948 949 949 948 950 951 952 953 953 952 954 962 963 964 964 963 965 965 963 1077 1077 963 1078 966 967 968 968 967 969 968 969 976 976 969 977 976 977 982 982 977 983 982 983 984 984 983 985 970 971 972 973 974 975 978 979 980 980 979 981 1003 980 981 980 1003 1004 1004 1003 1005 1003 981 999 999 981 1000 999 1000 1001 1001 1000 1002 981 1006 1000 981 979 1006 1006 979 1081 1000 1006 1007 1006 1008 1007 1007 1008 1009 986 987 988 988 987 989 987 990 989 987 996 990 995 996 987 990 991 989 989 991 992 991 993 992 991 998 993 997 998 991 993 994 992 1010 1011 1012 1010 1031 1011 1030 1031 1010 1012 1011 1013 1014 1015 1016 1016 1015 1017 1018 1019 1020 1020 1019 1021 1022 1023 1024 1024 1023 1025 1026 1027 1028 1028 1027 1029 1032 1033 1034 1034 1033 1035 1036 1037 1038 1038 1037 1039 1040 1041 1042 1042 1041 1043 1044 1045 1046 1046 1045 1047 1057 1047 1045 1056 1047 1057 1048 1049 1050 1050 1049 1051 1052 1053 1054 1054 1053 1055 1058 1059 1060 1060 1059 1061 1061 1059 1079 1079 1059 1080 1062 1063 1064 1082 1062 1064 1062 1083 1063 1065 1066 1067 1067 1066 1068 1069 1070 1071 1071 1070 1072 1073 1074 1075 1075 1074 1076 </p>
                </triangles>
            </mesh>
        </geometry>
        <geometry id="geom-010A4538" name="geom-010A4538">
            <mesh>
                <source id="geom-010A4538-pos">
                    <float_array id="geom-010A4538-pos-array" count="4299">3512.00 -240.00 -798.00 3512.00 -240.00 -840.00 3492.00 -240.00 -798.00 3492.00 -240.00 -840.00 3707.00 -240.00 -770.00 3667.00 -240.00 -770.00 3692.00 -240.00 -720.00 3872.00 -240.00 -750.00 3827.00 -240.00 -750.00 3872.00 -240.00 -705.00 3782.00 -240.00 -712.50 3752.00 -240.00 -660.00 3842.00 -240.00 -652.50 3947.00 -240.00 -652.50 3962.00 -240.00 -705.00 3492.00 -240.00 -882.00 3512.00 -240.00 -882.00 3782.00 -240.00 -967.50 3752.00 -240.00 -1020.00 3692.00 -240.00 -960.00 3947.00 -240.00 -1027.50 3932.00 -240.00 -1080.00 3842.00 -240.00 -1027.50 3812.00 -240.00 -1080.00 3602.00 -240.00 -720.00 3589.50 -240.00 -770.00 3512.00 -240.00 -720.00 3512.00 -240.00 -770.00 3667.00 -240.00 -790.00 3589.50 -240.00 -840.00 3512.00 -240.00 -910.00 3550.75 -240.00 -882.00 3602.00 -240.00 -960.00 3512.00 -240.00 -960.00 3589.50 -240.00 -910.00 3962.00 -240.00 -975.00 4052.00 -240.00 -1027.50 4052.00 -240.00 -975.00 4052.00 -240.00 -652.50 4052.00 -240.00 -600.00 3932.00 -240.00 -600.00 3872.00 -240.00 -975.00 3827.00 -240.00 -930.00 3872.00 -240.00 -930.00 3747.00 -240.00 -910.00 3872.00 -240.00 -705.00 3667.00 -240.00 -890.00 3667.00 -240.00 -910.00 3550.75 -240.00 -798.00 3812.00 -240.00 -600.00 4052.00 -240.00 -705.00 4052.00 -240.00 -1080.00 3667.00 -240.00 -823.33 3667.00 -240.00 -856.67 3747.00 -240.00 -770.00 3787.00 -240.00 -770.00 3827.00 -240.00 -770.00 3707.00 -240.00 -910.00 3787.00 -240.00 -910.00 3827.00 -240.00 -910.00 3492.00 -180.00 -810.00 3515.78 -180.00 -810.00 3492.00 -220.00 -810.00 3515.78 -220.00 -810.00 3515.78 -140.00 -840.00 3492.00 -140.00 -840.00 3515.78 -140.00 -870.00 3492.00 -140.00 -870.00 3515.78 -140.00 -870.00 3492.00 -140.00 -870.00 3515.78 -180.00 -870.00 3492.00 -180.00 -870.00 3515.78 -140.00 -840.00 3515.78 -140.00 -870.00 3515.78 -120.00 -840.00 3515.78 -120.00 -870.00 3515.78 -220.00 -810.00 3515.78 -180.00 -810.00 3515.78 -220.00 -790.00 3515.78 -180.00 -790.00 3515.78 -220.00 -870.00 3515.78 -220.00 -890.00 3515.78 -180.00 -870.00 3515.78 -180.00 -890.00 3515.78 -140.00 -810.00 3515.78 -120.00 -810.00 3515.78 -140.00 -790.00 3515.78 -120.00 -790.00 3515.78 -140.00 -810.00 3492.00 -140.00 -810.00 3504.66 -120.00 -870.00 3504.66 -120.00 -840.00 3515.78 -120.00 -870.00 3515.78 -120.00 -840.00 3515.78 -220.00 -790.00 3504.66 -220.00 -790.00 3515.78 -240.00 -790.00 3504.66 -240.00 -790.00 3504.66 -140.00 -890.00 3504.66 -120.00 -890.00 3515.78 -140.00 -890.00 3515.78 -120.00 -890.00 3504.66 -120.00 -810.00 3504.66 -120.00 -790.00 3515.78 -120.00 -810.00 3515.78 -120.00 -790.00 3515.78 -140.00 -810.00 3492.00 -140.00 -810.00 3515.78 -220.00 -870.00 3492.00 -220.00 -870.00 3515.78 -240.00 -870.00 3492.00 -240.00 -870.00 3515.78 -140.00 -790.00 3515.78 -180.00 -790.00 3515.78 -140.00 -810.00 3515.78 -180.00 -810.00 3515.78 -140.00 -870.00 3515.78 -140.00 -890.00 3515.78 -120.00 -870.00 3515.78 -120.00 -890.00 3515.78 -140.00 -810.00 3515.78 -120.00 -810.00 3515.78 -140.00 -870.00 3515.78 -180.00 -870.00 3515.78 -140.00 -890.00 3515.78 -180.00 -890.00 3504.66 -180.00 -790.00 3515.78 -180.00 -790.00 3504.66 -140.00 -790.00 3515.78 -140.00 -790.00 3515.78 -240.00 -810.00 3515.78 -220.00 -810.00 3515.78 -240.00 -790.00 3515.78 -220.00 -790.00 3515.78 -220.00 -810.00 3515.78 -240.00 -810.00 3492.00 -220.00 -810.00 3492.00 -240.00 -810.00 3515.78 -240.00 -870.00 3515.78 -240.00 -890.00 3515.78 -220.00 -870.00 3515.78 -220.00 -890.00 3515.78 -220.00 -890.00 3504.66 -220.00 -890.00 3515.78 -180.00 -890.00 3504.66 -180.00 -890.00 3504.66 -120.00 -890.00 3504.66 -120.00 -870.00 3515.78 -120.00 -890.00 3515.78 -120.00 -870.00 3504.66 -120.00 -810.00 3515.78 -120.00 -810.00 3504.66 -140.00 -890.00 3515.78 -140.00 -890.00 3515.78 -220.00 -890.00 3515.78 -240.00 -890.00 3504.66 -220.00 -890.00 3504.66 -240.00 -890.00 3515.78 -220.00 -790.00 3504.66 -220.00 -790.00 3504.66 -140.00 -790.00 3515.78 -140.00 -790.00 3504.66 -120.00 -790.00 3492.00 -220.00 -870.00 3515.78 -220.00 -870.00 4052.00 -180.00 -705.00 4052.00 -210.00 -705.00 4052.00 -180.00 -652.50 4052.00 -240.00 -652.50 4052.00 -240.00 -705.00 3932.00 -180.00 -600.00 3932.00 -240.00 -600.00 3812.00 -180.00 -600.00 3812.00 -240.00 -600.00 3932.00 -240.00 -1080.00 3932.00 -180.00 -1080.00 3812.00 -240.00 -1080.00 3812.00 -180.00 -1080.00 3752.00 -240.00 -1020.00 3752.00 -180.00 -1020.00 3692.00 -240.00 -960.00 3692.00 -180.00 -960.00 3512.00 -180.00 -960.00 3512.00 -240.00 -960.00 3602.00 -180.00 -960.00 3602.00 -240.00 -960.00 3692.00 -240.00 -720.00 3602.00 -240.00 -720.00 3692.00 -180.00 -720.00 3602.00 -180.00 -720.00 3812.00 -240.00 -600.00 3752.00 -240.00 -660.00 3812.00 -180.00 -600.00 3752.00 -180.00 -660.00 4052.00 -240.00 -1080.00 4052.00 -240.00 -1027.50 4052.00 -180.00 -1080.00 4052.00 -180.00 -1027.50 3933.31 -180.00 -1083.45 3810.57 -180.00 -1083.45 3690.57 -180.00 -963.45 3750.57 -180.00 -1023.45 3601.28 -180.00 -963.75 3512.00 -180.00 -964.04 4056.04 -180.00 -1029.23 4056.04 -180.00 -1083.45 4056.04 -180.00 -705.00 4056.04 -180.00 -650.77 3933.31 -180.00 -596.55 3810.57 -180.00 -596.55 3690.57 -180.00 -716.55 3601.28 -180.00 -716.25 3750.57 -180.00 -656.55 3810.57 -180.00 -596.55 4052.00 -240.00 -1080.00 4052.00 -180.00 -1080.00 3932.00 -240.00 -1080.00 3932.00 -180.00 -1080.00 3933.31 -180.00 -1083.45 4056.04 -180.00 -1083.45 3932.00 -180.00 -600.00 3933.31 -180.00 -596.55 4052.00 -180.00 -600.00 4056.04 -180.00 -596.55 4052.00 -240.00 -600.00 3932.00 -240.00 -600.00 3812.00 -240.00 -1080.00 3812.00 -180.00 -1080.00 3752.00 -240.00 -1020.00 3752.00 -180.00 -1020.00 3750.57 -180.00 -1023.45 3810.57 -180.00 -1083.45 3752.00 -180.00 -660.00 3752.00 -240.00 -660.00 3692.00 -180.00 -720.00 3692.00 -240.00 -720.00 3750.57 -180.00 -656.55 3690.57 -180.00 -716.55 3602.00 -180.00 -960.00 3602.00 -240.00 -960.00 3692.00 -180.00 -960.00 3692.00 -240.00 -960.00 3601.28 -180.00 -963.75 3690.57 -180.00 -963.45 3602.00 -180.00 -720.00 3602.00 -240.00 -720.00 3512.00 -180.00 -720.00 3512.00 -240.00 -720.00 3601.28 -180.00 -716.25 3512.00 -180.00 -715.96 4052.00 -180.00 -600.00 4052.00 -240.00 -600.00 4052.00 -180.00 -975.00 4052.00 -210.00 -975.00 4052.00 -240.00 -975.00 4056.04 -180.00 -596.55 4056.04 -180.00 -975.00 4052.00 100.00 -975.00 4052.00 40.00 -1027.50 4056.04 100.00 -975.00 4056.04 40.00 -1029.23 4052.00 -20.00 -975.00 4052.00 40.00 -975.00 4056.04 -20.00 -975.00 4056.04 40.00 -975.00 3932.00 -20.00 -1080.00 3812.00 -20.00 -1080.00 3933.31 -20.00 -1083.45 3810.57 -20.00 -1083.45 3752.00 -20.00 -1020.00 3750.57 -20.00 -1023.45 3812.00 -20.00 -1080.00 3810.57 -20.00 -1083.45 3692.00 -20.00 -960.00 3602.00 -20.00 -960.00 3690.57 -20.00 -963.45 3601.28 -20.00 -963.75 4052.00 -146.84 -975.00 4052.00 -100.00 -975.00 4056.04 -146.84 -975.00 4056.04 -100.00 -975.00 4052.00 40.00 -652.50 4056.04 40.00 -650.77 4052.00 -20.00 -600.00 4056.04 -20.00 -596.55 4056.04 40.49 -705.00 4052.00 40.00 -705.00 4056.04 -20.00 -705.00 4052.00 -20.00 -705.00 4052.00 -100.00 -705.00 4056.04 -100.00 -705.00 3932.00 -20.00 -600.00 3933.31 -20.00 -596.55 3812.00 -20.00 -600.00 3810.57 -20.00 -596.55 3602.00 -20.00 -720.00 3601.28 -20.00 -716.25 3512.00 -20.00 -720.00 3509.18 -20.00 -715.96 3692.00 -20.00 -720.00 3752.00 -20.00 -660.00 3690.57 -20.00 -716.55 3750.57 -20.00 -656.55 4052.00 -20.00 -1080.00 4056.04 -20.00 -1083.45 4052.00 -20.00 -600.00 4056.04 -20.00 -596.55 3690.57 -20.00 -963.45 3692.00 -20.00 -960.00 3812.00 -20.00 -600.00 3810.57 -20.00 -596.55 3512.00 -20.00 -960.00 3509.18 -20.06 -964.04 3690.57 -20.00 -716.55 3692.00 -20.00 -720.00 4056.04 -146.84 -705.00 4052.00 -146.84 -705.00 4056.04 -180.00 -705.00 4052.00 -180.00 -705.00 4052.00 100.00 -840.00 4052.00 100.00 -907.50 4083.40 100.00 -878.50 4052.00 100.00 -955.49 4060.16 100.00 -955.49 4052.00 -20.00 -955.49 4060.16 22.50 -955.49 4052.00 40.00 -955.49 4060.16 100.00 -955.49 4052.00 -146.84 -955.49 4060.16 -132.50 -955.49 4052.00 -100.00 -955.49 4060.16 -55.00 -955.49 4052.00 -210.00 -724.51 4052.00 -146.84 -724.51 4060.16 -210.00 -724.51 4060.16 -132.50 -724.51 4052.00 -20.00 -724.51 4052.00 40.00 -724.51 4060.16 22.50 -724.51 4060.16 100.00 -724.51 4052.00 100.00 -724.51 4052.00 -100.00 -724.51 4060.16 -55.00 -724.51 4052.00 -210.00 -955.49 4060.16 -210.00 -955.49 4083.40 100.00 -801.50 4052.00 100.00 -772.50 4052.00 100.00 -724.51 4060.16 100.00 -724.51 3509.18 -20.06 -964.04 3512.00 -20.00 -960.00 3509.18 -20.00 -907.82 3512.00 -20.00 -907.50 4052.00 -180.00 -975.00 4056.04 -180.00 -975.00 4052.00 100.00 -705.00 4056.04 100.00 -705.00 4056.04 100.00 -975.00 4052.00 100.00 -975.00 4056.04 100.00 -705.00 4052.00 100.00 -705.00 4052.00 -20.00 -1080.00 4056.04 -20.00 -1083.45 3512.00 -20.00 -840.00 3509.18 -20.00 -840.00 3509.18 -20.00 -715.96 3509.18 -20.00 -765.70 3512.00 -20.00 -720.00 3512.00 -20.00 -766.77 3509.18 -20.00 -826.88 3512.00 -20.00 -827.75 4052.00 -20.00 -705.00 4052.00 40.00 -705.00 4052.00 -20.00 -724.51 4052.00 40.00 -724.51 4052.00 100.00 -955.49 4052.00 100.00 -975.00 4052.00 40.00 -955.49 4052.00 40.00 -975.00 3602.00 0.00 -960.00 3602.00 -20.00 -960.00 3692.00 0.00 -960.00 3692.00 -20.00 -960.00 3752.00 0.00 -1020.00 3752.00 -20.00 -1020.00 3812.00 0.00 -1080.00 3812.00 -20.00 -1080.00 3932.00 0.00 -1080.00 3932.00 -20.00 -1080.00 4052.00 -20.00 -1080.00 4052.00 40.00 -1027.50 4052.00 0.00 -1080.00 4052.00 60.00 -1027.50 4052.00 120.00 -975.00 4052.00 100.00 -975.00 4052.00 120.00 -907.50 4052.00 100.00 -907.50 4052.00 120.00 -705.00 4052.00 100.00 -705.00 4052.00 60.00 -652.50 4052.00 40.00 -652.50 3932.00 0.00 -600.00 3932.00 -20.00 -600.00 3812.00 0.00 -600.00 3812.00 -20.00 -600.00 3752.00 0.00 -660.00 3752.00 -20.00 -660.00 3692.00 0.00 -720.00 3692.00 -20.00 -720.00 3602.00 0.00 -720.00 3602.00 -20.00 -720.00 3512.00 0.00 -720.00 3512.00 -20.00 -720.00 4052.00 -100.00 -724.51 4052.00 -100.00 -705.00 4052.00 -100.00 -975.00 4052.00 -100.00 -955.49 4052.00 -20.00 -975.00 4052.00 -20.00 -955.49 3512.00 0.00 -840.00 3512.00 -20.00 -840.00 3512.00 0.00 -907.50 3512.00 -20.00 -907.50 4052.00 0.00 -1080.00 4052.00 -20.00 -1080.00 4052.00 0.00 -600.00 4052.00 -20.00 -600.00 3512.00 0.00 -960.00 3512.00 -20.00 -960.00 4052.00 -210.00 -975.00 4052.00 -210.00 -955.49 4052.00 -180.00 -975.00 4052.00 -146.84 -955.49 4052.00 -146.84 -975.00 4052.00 -146.84 -705.00 4052.00 -146.84 -724.51 4052.00 -180.00 -705.00 4052.00 -210.00 -724.51 4052.00 -210.00 -705.00 4052.00 -146.84 -724.51 4052.00 -146.84 -705.00 4052.00 120.00 -840.00 4052.00 100.00 -840.00 4052.00 120.00 -772.50 4052.00 100.00 -772.50 3512.00 0.00 -960.00 3512.00 -20.00 -960.00 4052.00 120.00 -705.00 4052.00 100.00 -705.00 4052.00 -146.84 -975.00 4052.00 -146.84 -955.49 4052.00 100.00 -724.51 4052.00 100.00 -705.00 4052.00 0.00 -600.00 4052.00 -20.00 -600.00 4052.00 100.00 -975.00 4052.00 120.00 -975.00 3512.00 0.00 -720.00 3512.00 -20.00 -720.00 3512.00 0.00 -750.17 3512.00 -20.00 -766.77 3512.00 -20.00 -827.75 3633.00 -9.54 -817.46 3605.69 17.00 -806.19 3664.00 0.00 -834.00 3647.00 -9.54 -762.46 3601.82 10.94 -764.81 3602.00 -11.09 -751.00 3602.00 -11.09 -751.00 3601.82 10.94 -764.81 3515.89 0.25 -761.68 3511.10 24.18 -777.91 3525.03 19.88 -815.17 3515.89 0.25 -821.68 3449.14 59.16 -849.98 3440.51 47.22 -863.38 3515.89 0.25 -761.68 3511.10 24.18 -777.91 3440.51 47.22 -803.38 3448.54 62.62 -816.59 3515.89 0.25 -821.68 3525.03 19.88 -815.17 3602.00 -11.09 -811.00 3605.69 17.00 -806.19 3602.00 -33.62 -802.00 3512.57 -20.98 -812.68 3602.00 -11.09 -811.00 3515.89 0.25 -821.68 3511.15 -29.75 -791.68 3431.02 18.76 -833.38 3512.57 -20.98 -812.68 3433.87 27.30 -854.38 3512.57 -20.98 -770.68 3433.87 27.30 -812.38 3515.89 0.25 -761.68 3440.51 47.22 -803.38 3515.89 0.25 -821.68 3440.51 47.22 -863.38 3602.00 -42.62 -781.00 3511.15 -29.75 -791.68 3602.00 -33.62 -760.00 3512.57 -20.98 -770.68 3515.89 0.25 -761.68 3602.00 -11.09 -751.00 3602.00 -11.09 -811.00 3692.00 0.00 -784.00 3860.00 115.42 -898.62 3908.00 120.00 -883.00 3870.50 100.47 -889.70 3921.16 106.03 -876.43 3824.97 89.98 -901.00 3824.97 77.39 -881.99 3873.00 89.17 -872.20 3824.97 89.94 -864.83 3866.00 99.94 -858.12 3827.39 96.36 -855.38 3861.00 115.42 -853.12 3823.61 105.45 -855.60 3787.00 63.47 -897.18 3778.00 85.50 -904.60 3824.97 89.98 -901.00 3818.40 104.45 -908.83 3685.00 -24.00 -834.00 3692.00 0.00 -844.00 3753.00 30.00 -884.00 3728.00 36.00 -879.00 3789.79 56.08 -880.31 3753.00 30.00 -884.00 3761.91 30.58 -866.38 3761.91 30.58 -866.38 3698.00 -25.00 -818.00 3755.98 38.26 -848.64 3786.32 62.58 -862.42 3755.98 38.26 -848.64 3697.48 -17.56 -800.10 3772.50 80.00 -852.10 3749.00 57.00 -841.00 3749.00 57.00 -841.00 3695.76 -9.59 -784.82 3692.00 0.00 -784.00 3685.00 -24.00 -834.00 3643.50 -35.09 -812.96 3664.00 0.00 -834.00 3633.00 -9.54 -817.46 3650.00 -40.09 -794.46 3602.00 -33.62 -802.00 3602.00 -42.62 -781.00 3649.50 -31.59 -773.46 3602.00 -33.62 -760.00 3647.00 -9.54 -762.46 3602.00 -11.09 -751.00 3782.49 61.18 -786.54 3809.43 84.52 -813.48 3776.59 69.87 -783.87 3803.80 95.21 -811.55 3806.52 77.10 -821.00 3827.39 96.36 -855.38 3824.97 89.94 -864.83 3766.18 64.38 -802.74 3787.65 86.51 -825.73 3774.37 58.30 -805.57 3795.57 77.66 -826.33 3796.00 103.00 -853.83 3801.61 88.38 -857.65 3787.65 86.51 -825.73 3762.26 37.88 -779.32 3753.56 44.15 -775.76 3739.87 18.10 -777.78 3730.52 25.34 -773.78 3695.76 -9.59 -784.82 3692.00 0.00 -784.00 3736.54 19.95 -800.86 3697.48 -17.56 -800.10 3705.44 0.58 -803.44 3758.76 38.07 -799.58 3752.06 46.15 -797.76 3602.00 -11.09 -811.00 3698.00 -25.00 -818.00 3697.48 -17.56 -800.10 3695.76 -9.59 -784.82 3692.00 0.00 -784.00 3744.00 51.00 -891.00 3824.97 77.39 -881.99 3824.97 89.94 -864.83 3801.61 88.38 -857.65 3796.00 103.00 -853.83 3924.89 93.97 -857.00 3925.60 97.78 -867.07 3818.40 104.45 -908.83 3917.71 97.23 -847.61 3910.03 103.55 -844.22 3892.00 120.00 -845.00 3781.30 55.68 -797.74 3764.18 33.45 -790.76 3742.56 15.41 -790.72 3823.61 105.45 -855.60 3712.00 19.00 -803.00 3729.27 27.95 -800.35 4003.68 -244.40 -857.27 3993.91 -244.40 -871.91 4003.64 -210.00 -857.25 3993.88 -210.00 -871.88 3979.27 -244.40 -881.69 3979.25 -210.00 -881.65 3979.27 -244.40 -881.69 3962.00 -244.40 -885.12 3979.25 -210.00 -881.65 3962.00 -210.00 -885.08 3962.00 -244.40 -885.12 3944.73 -244.40 -881.69 3944.75 -210.00 -881.65 3944.73 -244.40 -881.69 3930.09 -244.40 -871.91 3944.75 -210.00 -881.65 3930.12 -210.00 -871.88 3920.31 -244.40 -857.27 3920.35 -210.00 -857.25 3920.31 -244.40 -857.27 3916.88 -244.40 -840.00 3920.35 -210.00 -857.25 3916.92 -210.00 -840.00 3920.31 -244.40 -822.73 3920.35 -210.00 -822.75 3920.31 -244.40 -822.73 3930.09 -244.40 -808.09 3920.35 -210.00 -822.75 3930.12 -210.00 -808.12 3944.73 -244.40 -798.31 3944.75 -210.00 -798.35 3944.73 -244.40 -798.31 3962.00 -244.40 -794.88 3944.75 -210.00 -798.35 3962.00 -210.00 -794.92 3979.27 -244.40 -798.31 3979.25 -210.00 -798.35 3979.27 -244.40 -798.31 3993.91 -244.40 -808.09 3979.25 -210.00 -798.35 3993.88 -210.00 -808.12 4003.68 -244.40 -822.73 4003.64 -210.00 -822.75 4003.68 -244.40 -822.73 4007.04 -244.40 -840.00 4003.64 -210.00 -822.75 4007.08 -210.00 -840.00 4003.68 -244.40 -857.27 4003.64 -210.00 -857.25 3996.16 -210.00 -840.00 3993.56 -210.00 -853.08 3993.56 -210.00 -853.08 3986.16 -210.00 -864.16 3975.08 -210.00 -871.56 3975.08 -210.00 -871.56 3962.00 -210.00 -874.16 3948.92 -210.00 -871.56 3948.92 -210.00 -871.56 3937.84 -210.00 -864.16 3930.44 -210.00 -853.08 3930.44 -210.00 -853.08 3927.84 -210.00 -840.00 3930.44 -210.00 -826.92 3930.44 -210.00 -826.92 3937.84 -210.00 -815.84 3948.92 -210.00 -808.44 3948.92 -210.00 -808.44 3962.00 -210.00 -805.84 3975.08 -210.00 -808.44 3975.08 -210.00 -808.44 3986.16 -210.00 -815.84 3993.56 -210.00 -826.92 3993.56 -210.00 -826.92 3990.92 -213.33 -851.98 3984.13 -213.33 -862.13 3973.98 -213.33 -868.92 3973.98 -213.33 -868.92 3962.00 -213.33 -871.30 3950.02 -213.33 -868.92 3950.02 -213.33 -868.92 3939.87 -213.33 -862.13 3933.08 -213.33 -851.98 3933.08 -213.33 -851.98 3930.70 -213.33 -840.00 3933.08 -213.33 -828.02 3933.08 -213.33 -828.02 3939.87 -213.33 -817.87 3950.02 -213.33 -811.08 3950.02 -213.33 -811.08 3962.00 -213.33 -808.70 3973.98 -213.33 -811.08 3973.98 -213.33 -811.08 3984.13 -213.33 -817.87 3990.92 -213.33 -828.02 3990.92 -213.33 -828.02 3993.30 -213.33 -840.00 3990.92 -213.33 -851.98 3872.00 -210.00 -975.00 3872.00 -240.00 -975.00 3872.00 -220.00 -930.00 3872.00 -240.00 -930.00 3827.00 -240.00 -930.00 3850.00 -230.00 -930.00 3872.00 -240.00 -930.00 3827.00 -230.00 -930.00 3872.00 -220.00 -930.00 3850.00 -220.00 -930.00 3872.00 -240.00 -750.00 3850.00 -230.00 -750.00 3827.00 -240.00 -750.00 3827.00 -230.00 -750.00 3872.00 -220.00 -750.00 3850.00 -220.00 -750.00 3872.00 -240.00 -705.00 3872.00 -210.00 -705.00 3872.00 -220.00 -750.00 3872.00 -240.00 -750.00 3908.79 -210.00 -771.78 3872.00 -210.00 -790.00 3872.00 -210.00 -705.00 3872.00 -210.00 -840.00 3916.51 -210.00 -858.84 3872.00 -210.00 -890.00 4015.20 -210.00 -908.22 4083.40 -210.00 -878.50 4052.00 -210.00 -955.49 3962.00 -210.00 -932.12 3943.16 -210.00 -885.50 3962.00 -210.00 -889.25 3850.00 -220.00 -840.00 3850.00 -220.00 -790.00 3872.00 -220.00 -840.00 3872.00 -220.00 -790.00 3850.00 -220.00 -890.00 3872.00 -220.00 -890.00 3850.00 -220.00 -930.00 3872.00 -220.00 -930.00 3827.00 -230.00 -840.00 3827.00 -230.00 -790.00 3850.00 -230.00 -840.00 3850.00 -230.00 -790.00 3962.00 -210.00 -975.00 3962.00 -240.00 -975.00 3872.00 -210.00 -975.00 3872.00 -240.00 -975.00 3872.00 -210.00 -705.00 3872.00 -240.00 -705.00 3962.00 -210.00 -705.00 3962.00 -240.00 -705.00 3872.00 -220.00 -890.00 3872.00 -220.00 -840.00 3872.00 -210.00 -890.00 3872.00 -210.00 -840.00 3850.00 -220.00 -840.00 3850.00 -220.00 -890.00 3850.00 -230.00 -840.00 3850.00 -230.00 -890.00 3850.00 -220.00 -790.00 3850.00 -230.00 -790.00 3850.00 -220.00 -750.00 3850.00 -230.00 -750.00 3827.00 -240.00 -856.67 3827.00 -230.00 -890.00 3827.00 -240.00 -890.00 3827.00 -230.00 -770.00 3827.00 -240.00 -770.00 3827.00 -230.00 -750.00 3827.00 -240.00 -750.00 3872.00 -210.00 -790.00 3872.00 -220.00 -790.00 3827.00 -230.00 -910.00 3850.00 -230.00 -930.00 3827.00 -230.00 -930.00 4052.00 -210.00 -975.00 4052.00 -240.00 -975.00 4052.00 -210.00 -705.00 4052.00 -240.00 -705.00 3962.00 -210.00 -747.88 3980.85 -210.00 -794.50 3962.00 -210.00 -790.75 3943.16 -210.00 -794.50 3927.18 -210.00 -805.18 4015.20 -210.00 -771.78 4007.52 -210.00 -821.16 3996.83 -210.00 -805.18 3980.85 -210.00 -885.50 3996.83 -210.00 -874.82 3927.18 -210.00 -805.18 3943.16 -210.00 -794.50 3930.09 -244.40 -808.09 3944.73 -244.40 -798.31 3962.00 -210.00 -790.75 3962.00 -244.40 -794.88 3996.83 -210.00 -805.18 4007.52 -210.00 -821.16 3993.91 -244.40 -808.09 4003.68 -244.40 -822.73 4011.16 -210.00 -840.00 4007.04 -244.40 -840.00 3996.83 -210.00 -874.82 3980.85 -210.00 -885.50 3993.91 -244.40 -871.91 3979.27 -244.40 -881.69 3962.00 -210.00 -889.25 3962.00 -244.40 -885.12 3912.76 -210.00 -840.00 3916.51 -210.00 -821.16 3916.88 -244.40 -840.00 3920.31 -244.40 -822.73 3927.18 -210.00 -874.82 3916.51 -210.00 -858.84 3930.09 -244.40 -871.91 3920.31 -244.40 -857.27 3943.16 -210.00 -885.50 3944.73 -244.40 -881.69 3980.85 -210.00 -794.50 3979.27 -244.40 -798.31 4007.52 -210.00 -858.84 4003.68 -244.40 -857.27 3962.00 -210.00 -705.00 4083.40 -210.00 -801.50 4052.00 -210.00 -724.51 3962.00 -210.00 -975.00 3872.00 -210.00 -975.00 3908.79 -210.00 -908.22 3850.00 -230.00 -930.00 3850.00 -220.00 -930.00 3827.00 -240.00 -910.00 3827.00 -230.00 -910.00 3827.00 -230.00 -890.00 3850.00 -230.00 -890.00 3872.00 -220.00 -750.00 3850.00 -220.00 -750.00 3827.00 -230.00 -770.00 3850.00 -230.00 -750.00 3827.00 -230.00 -790.00 3827.00 -240.00 -823.33 3827.00 -240.00 -790.00 3916.51 -210.00 -821.16 3912.76 -210.00 -840.00 3927.18 -210.00 -874.82 3827.00 -240.00 -930.00 3827.00 -230.00 -930.00 3827.00 -230.00 -750.00 4052.00 -210.00 -975.00 4052.00 -210.00 -705.00 4042.28 -210.00 -840.00 4007.52 -210.00 -858.84 4011.16 -210.00 -840.00 4060.16 -210.00 -724.51 4060.16 -210.00 -955.49 3827.00 -230.00 -840.00 3707.00 -240.00 -770.00 3707.00 -240.00 -790.00 3667.00 -240.00 -770.00 3667.00 -240.00 -790.00 3707.00 -240.00 -890.00 3707.00 -240.00 -910.00 3667.00 -240.00 -890.00 3667.00 -240.00 -910.00 3707.00 -240.00 -790.00 3707.00 -240.00 -770.00 3747.00 -240.00 -790.00 3747.00 -240.00 -770.00 3707.00 -240.00 -910.00 3707.00 -240.00 -890.00 3747.00 -240.00 -910.00 3747.00 -240.00 -890.00 3827.00 -240.00 -770.00 3827.00 -240.00 -790.00 3787.00 -240.00 -770.00 3787.00 -240.00 -790.00 3827.00 -240.00 -890.00 3827.00 -240.00 -910.00 3787.00 -240.00 -890.00 3787.00 -240.00 -910.00 3747.00 -240.00 -790.00 3747.00 -240.00 -770.00 3787.00 -240.00 -790.00 3787.00 -240.00 -770.00 3747.00 -240.00 -910.00 3747.00 -240.00 -890.00 3787.00 -240.00 -910.00 3787.00 -240.00 -890.00 3667.00 -240.00 -823.33 3667.00 -240.00 -790.00 3707.00 -240.00 -823.33 3707.00 -240.00 -790.00 3787.00 -240.00 -890.00 3787.00 -240.00 -856.67 3827.00 -240.00 -890.00 3827.00 -240.00 -856.67 3707.00 -240.00 -890.00 3707.00 -240.00 -856.67 3747.00 -240.00 -890.00 3747.00 -240.00 -856.67 3707.00 -240.00 -856.67 3747.00 -240.00 -856.67 3747.00 -240.00 -823.33 3747.00 -240.00 -823.33 3747.00 -240.00 -790.00 3787.00 -240.00 -823.33 3787.00 -240.00 -790.00 3667.00 -240.00 -890.00 3667.00 -240.00 -856.67 3667.00 -240.00 -856.67 3787.00 -240.00 -823.33 3787.00 -240.00 -790.00 3827.00 -240.00 -823.33 3827.00 -240.00 -790.00 3787.00 -240.00 -856.67 3827.00 -240.00 -856.67 3747.00 -240.00 -856.67 3787.00 -240.00 -856.67 3747.00 -240.00 -790.00 3747.00 -240.00 -890.00 3747.00 -240.00 -856.67 3787.00 -240.00 -890.00 3787.00 -240.00 -856.67 3932.00 0.00 -600.00 3812.00 0.00 -600.00 3932.00 60.00 -652.50 3812.00 60.00 -652.50 3692.00 0.00 -720.00 3752.00 60.00 -713.73 3752.00 0.00 -660.00 3812.00 120.00 -707.95 3812.00 120.00 -972.05 3752.00 60.00 -966.27 3812.00 60.00 -1027.50 3932.00 120.00 -973.08 3932.00 60.00 -1027.50 3932.00 0.00 -1080.00 3812.00 0.00 -1080.00 3602.00 0.00 -720.00 3602.00 0.00 -772.50 3692.00 0.00 -772.50 3692.00 0.00 -907.50 3752.00 60.00 -907.50 3932.00 120.00 -907.50 3812.00 120.00 -907.50 4052.00 60.00 -1027.50 4052.00 0.00 -1080.00 4052.00 120.00 -975.00 4052.00 120.00 -907.50 4052.00 60.00 -652.50 4052.00 120.00 -705.00 3932.00 120.00 -706.92 3512.00 0.00 -840.00 3512.00 0.00 -907.50 3602.00 0.00 -840.00 3602.00 0.00 -907.50 3692.00 0.00 -840.00 3932.00 120.00 -840.00 4052.00 120.00 -840.00 3932.00 120.00 -772.50 4052.00 120.00 -772.50 3812.00 120.00 -840.00 3812.00 120.00 -772.50 3752.00 60.00 -840.00 3752.00 60.00 -772.50 3602.00 0.00 -960.00 3512.00 0.00 -960.00 3692.00 0.00 -960.00 3932.00 120.00 -873.75 3812.00 120.00 -873.75 3752.00 60.00 -873.75 3752.00 0.00 -1020.00 4052.00 0.00 -600.00 3564.10 0.00 -818.12 3560.66 0.00 -803.17 3569.45 0.00 -772.50 3536.36 0.00 -751.50 3512.00 0.00 -720.00 3512.00 0.00 -750.17 4084.40 81.59 -898.75 4072.20 81.59 -939.17 4084.40 40.91 -898.75 4072.20 40.91 -939.17 4084.40 -73.41 -898.75 4072.16 -73.41 -939.17 4084.40 -114.09 -898.75 4072.16 -114.09 -939.17 4072.16 -150.91 -740.83 4084.40 -150.91 -781.25 4072.16 -191.59 -740.83 4084.40 -191.59 -781.25 4072.16 4.09 -740.83 4084.40 4.09 -781.25 4072.16 -36.59 -740.83 4084.40 -36.59 -781.25 4090.20 -150.91 -819.79 4090.20 -150.91 -860.21 4090.20 -191.59 -819.79 4090.20 -191.59 -860.21 4090.20 4.09 -819.79 4090.20 4.09 -860.21 4090.20 -36.59 -819.79 4090.20 -36.59 -860.21 4072.16 -73.41 -740.83 4084.40 -73.41 -781.25 4072.16 -114.09 -740.83 4084.40 -114.09 -781.25 4084.40 -150.91 -898.75 4072.20 -150.91 -939.17 4084.40 -191.59 -898.75 4072.20 -191.59 -939.17 4090.20 -73.41 -819.79 4090.20 -73.41 -860.21 4090.20 -114.09 -819.79 4090.20 -114.09 -860.21 4084.40 4.09 -898.75 4072.16 4.09 -939.17 4084.40 -36.59 -898.75 4072.16 -36.59 -939.17 4072.16 81.59 -740.83 4084.40 81.59 -781.25 4072.16 40.91 -740.83 4084.40 40.91 -781.25 4090.20 81.59 -819.79 4090.20 81.59 -860.21 4090.20 40.91 -819.79 4090.20 40.91 -860.21 4083.40 100.00 -878.50 4060.16 100.00 -955.49 4077.12 96.12 -880.80 4056.20 96.12 -950.10 4060.16 22.50 -955.49 4056.20 26.38 -950.10 4083.40 22.50 -878.50 4077.12 26.38 -880.80 4083.40 -55.00 -878.50 4060.16 -55.00 -955.49 4077.12 -58.88 -880.80 4056.20 -58.88 -950.10 4060.16 -132.50 -955.49 4056.20 -128.63 -950.10 4083.40 -132.50 -878.50 4077.12 -128.63 -880.80 4060.16 -132.50 -724.51 4083.40 -132.50 -801.50 4056.20 -136.38 -729.90 4077.12 -136.38 -799.20 4083.40 -210.00 -801.50 4077.12 -206.12 -799.20 4060.16 -210.00 -724.51 4056.20 -206.12 -729.90 4060.16 22.50 -724.51 4083.40 22.50 -801.50 4056.20 18.63 -729.90 4077.12 18.63 -799.20 4083.40 -55.00 -801.50 4077.12 -51.13 -799.20 4060.16 -55.00 -724.51 4056.20 -51.13 -729.90 4083.40 -132.50 -801.50 4083.40 -132.50 -878.50 4078.08 -136.38 -805.35 4078.08 -136.38 -874.65 4083.40 -210.00 -878.50 4078.08 -206.12 -874.65 4083.40 -210.00 -801.50 4078.08 -206.12 -805.35 4083.40 22.50 -801.50 4083.40 22.50 -878.50 4078.08 18.63 -805.35 4078.08 18.63 -874.65 4083.40 -55.00 -878.50 4078.08 -51.13 -874.65 4083.40 -55.00 -801.50 4078.08 -51.13 -805.35 4060.16 -55.00 -724.51 4083.40 -55.00 -801.50 4056.20 -58.87 -729.90 4077.12 -58.87 -799.20 4083.40 -132.50 -801.50 4077.12 -128.62 -799.20 4060.16 -132.50 -724.51 4056.20 -128.62 -729.90 4083.40 -132.50 -878.50 4060.16 -132.50 -955.49 4077.12 -136.37 -880.80 4056.20 -136.37 -950.10 4060.16 -210.00 -955.49 4056.20 -206.12 -950.10 4083.40 -210.00 -878.50 4077.12 -206.12 -880.80 4083.40 -55.00 -801.50 4083.40 -55.00 -878.50 4078.08 -58.87 -805.35 4078.08 -58.87 -874.65 4083.40 -132.50 -878.50 4078.08 -128.62 -874.65 4083.40 -132.50 -801.50 4078.08 -128.62 -805.35 4083.40 22.50 -878.50 4060.16 22.50 -955.49 4077.12 18.63 -880.80 4056.20 18.63 -950.10 4060.16 -55.00 -955.49 4056.20 -51.13 -950.10 4083.40 -55.00 -878.50 4077.12 -51.13 -880.80 4060.16 100.00 -724.51 4083.40 100.00 -801.50 4056.20 96.12 -729.90 4077.12 96.12 -799.20 4083.40 22.50 -801.50 4077.12 26.38 -799.20 4060.16 22.50 -724.51 4056.20 26.38 -729.90 4083.40 100.00 -801.50 4083.40 100.00 -878.50 4078.08 96.12 -805.35 4078.08 96.12 -874.65 4083.40 22.50 -878.50 4078.08 26.38 -874.65 4083.40 22.50 -801.50 4078.08 26.38 -805.35 4074.00 85.66 -891.20 4059.36 85.66 -939.70 4059.36 36.84 -939.70 4074.00 36.84 -891.20 4074.00 -69.34 -891.20 4059.36 -69.34 -939.70 4059.36 -118.16 -939.70 4074.00 -118.16 -891.20 4059.36 -146.84 -740.30 4074.00 -146.84 -788.80 4074.00 -195.66 -788.80 4059.36 -195.66 -740.30 4059.36 8.16 -740.30 4074.00 8.16 -788.80 4074.00 -40.66 -788.80 4059.36 -40.66 -740.30 4078.08 -146.84 -815.75 4078.08 -146.84 -864.25 4078.08 -195.66 -864.25 4078.08 -195.66 -815.75 4078.08 8.16 -815.75 4078.08 8.16 -864.25 4078.08 -40.66 -864.25 4078.08 -40.66 -815.75 4059.36 -69.34 -740.30 4074.00 -69.34 -788.80 4074.00 -118.16 -788.80 4059.36 -118.16 -740.30 4074.00 -146.84 -891.20 4059.36 -146.84 -939.70 4059.36 -195.66 -939.70 4074.00 -195.66 -891.20 4078.08 -69.34 -815.75 4078.08 -69.34 -864.25 4078.08 -118.16 -864.25 4078.08 -118.16 -815.75 4074.00 8.16 -891.20 4059.36 8.16 -939.70 4059.36 -40.66 -939.70 4074.00 -40.66 -891.20 4059.36 85.66 -740.30 4074.00 85.66 -788.80 4074.00 36.84 -788.80 4059.36 36.84 -740.30 4078.08 85.66 -815.75 4078.08 85.66 -864.25 4078.08 36.84 -864.25 4078.08 36.84 -815.75 4072.16 40.91 -740.83 4056.04 100.00 -975.00 4056.04 40.00 -1029.23 4056.04 40.00 -975.00 4056.04 -20.00 -1083.45 4056.04 -20.00 -1029.23 4056.04 -20.00 -975.00 4056.04 40.49 -705.00 4056.04 -20.00 -705.00 4056.04 40.00 -650.77 4056.04 -20.00 -650.77 4056.04 -100.00 -650.77 4056.04 -20.00 -596.55 4056.04 -100.00 -596.55 3810.57 -100.00 -596.55 3933.31 -100.00 -596.55 3810.57 -180.00 -596.55 3933.31 -180.00 -596.55 3810.57 -100.00 -1083.45 3933.31 -100.00 -1083.45 3810.57 -20.00 -1083.45 3933.31 -20.00 -1083.45 3810.57 -180.00 -1083.45 3750.57 -180.00 -1023.45 3750.57 -100.00 -1023.45 3690.57 -100.00 -963.45 3601.28 -100.00 -963.75 3690.57 -180.00 -963.45 3601.28 -180.00 -963.75 3512.00 -180.00 -715.96 3512.00 -100.00 -715.96 3601.28 -180.00 -716.25 3601.28 -100.00 -716.25 3690.57 -180.00 -716.55 3690.57 -100.00 -716.55 3750.57 -180.00 -656.55 3750.57 -100.00 -656.55 4056.04 -100.00 -1029.23 4056.04 -100.00 -975.00 3512.00 -120.00 -840.00 3512.00 -120.00 -890.00 3511.30 -100.00 -840.00 3511.30 -100.00 -910.00 3512.00 -180.00 -770.00 3512.00 -180.00 -720.00 3512.00 -240.00 -770.00 3512.00 -240.00 -720.00 3512.00 -240.00 -910.00 3512.00 -180.00 -910.00 3512.00 -240.00 -890.00 3512.00 -180.00 -890.00 3512.00 -100.00 -715.96 3512.00 -180.00 -715.96 4056.04 -100.00 -1083.45 4056.04 -180.00 -1083.45 3933.31 -180.00 -1083.45 4056.04 -100.00 -596.55 4056.04 -20.00 -596.55 3933.31 -20.00 -596.55 3690.57 -20.00 -963.45 3750.57 -20.00 -1023.45 3810.57 -20.00 -596.55 3750.57 -20.00 -656.55 3601.28 -20.00 -963.75 3512.00 -100.00 -964.04 3509.18 -20.06 -964.04 3690.57 -20.00 -716.55 3601.28 -20.00 -716.25 3512.00 -100.00 -964.04 3512.00 -180.00 -960.00 3512.00 -180.00 -964.04 4056.04 -180.00 -1029.23 4056.04 -180.00 -1083.45 4056.04 -100.00 -1083.45 4056.04 -20.00 -1083.45 3512.00 -180.00 -964.04 4056.04 -180.00 -705.00 4056.04 -180.00 -650.77 4056.04 -146.84 -705.00 4056.04 -100.00 -705.00 4056.04 -180.00 -596.55 3509.18 -20.00 -715.96 4056.04 -180.00 -975.00 4056.04 -146.84 -975.00 4056.04 -180.00 -596.55 3511.30 -100.00 -770.00 3512.00 -180.00 -790.00 3512.00 -240.00 -790.00 3512.00 -120.00 -790.00 3512.00 -240.00 -960.00 3509.18 -20.00 -840.00 3509.18 -20.00 -907.82 4056.04 100.00 -705.00 3509.18 -20.06 -964.04 3509.66 -38.28 -771.63 3509.18 -20.00 -765.70 3509.18 -20.00 -715.96 3509.93 -48.52 -797.26 3509.61 -36.27 -800.30 3509.55 -34.15 -813.47 3509.18 -20.00 -826.88 3990.92 -213.33 -851.98 3984.13 -213.33 -862.13 3989.53 -210.00 -851.40 3983.07 -210.00 -861.07 3973.40 -210.00 -867.53 3962.00 -212.39 -840.00 3962.00 -210.00 -869.80 3950.60 -210.00 -867.53 3940.93 -210.00 -861.07 3934.47 -210.00 -851.40 3932.20 -210.00 -840.00 3934.47 -210.00 -828.60 3940.93 -210.00 -818.93 3950.60 -210.00 -812.47 3962.00 -210.00 -810.20 3973.40 -210.00 -812.47 3983.07 -210.00 -818.93 3989.53 -210.00 -828.60 3991.80 -210.00 -840.00 3993.30 -213.33 -840.00 3973.98 -213.33 -868.92 3962.00 -213.33 -871.30 3950.02 -213.33 -868.92 3939.87 -213.33 -862.13 3933.08 -213.33 -851.98 3930.70 -213.33 -840.00 3933.08 -213.33 -828.02 3939.87 -213.33 -817.87 3950.02 -213.33 -811.08 3962.00 -213.33 -808.70 3973.98 -213.33 -811.08 3984.13 -213.33 -817.87 3990.92 -213.33 -828.02 3509.66 -38.28 -771.63 3509.93 -48.52 -797.26 3489.01 -20.00 -781.30 3481.00 -20.00 -803.32 3509.61 -36.27 -800.30 3490.81 -20.00 -803.67 3509.55 -34.15 -813.47 3492.80 -20.00 -814.26 3509.18 -20.00 -826.88 3509.18 -20.00 -765.70 3410.38 49.61 -818.12 3509.18 -20.00 -765.70 3489.01 -20.00 -781.30 3512.00 0.00 -750.17 3512.00 -20.00 -766.77 3569.45 0.00 -772.50 3536.36 0.00 -751.50 3512.00 -20.00 -827.75 3512.00 0.00 -840.00 3564.10 0.00 -818.12 3560.66 0.00 -803.17 3509.18 -20.00 -826.88 3481.00 -20.00 -803.32 3490.81 -20.00 -803.67 3492.80 -20.00 -814.26 3509.18 -20.00 -826.88 3880.00 120.00 -752.00 3908.00 110.00 -776.00 3909.00 120.00 -765.00 3926.00 100.00 -804.00 3928.00 120.00 -782.00 3926.00 100.00 -804.00 3962.00 90.00 -800.00 3962.00 120.00 -767.00 3928.00 120.00 -782.00 3934.00 90.00 -811.00 3997.00 120.00 -782.00 3999.00 100.00 -804.00 3991.00 90.00 -811.00 3999.00 100.00 -804.00 4003.00 90.00 -840.00 4021.00 120.00 -806.00 4035.00 120.00 -840.00 3991.00 90.00 -811.00 3991.00 90.00 -869.00 4014.00 120.00 -891.00 4014.00 120.00 -891.00 3991.00 90.00 -869.00 3980.00 120.00 -906.00 3962.00 100.00 -891.00 3962.00 90.00 -880.00 3934.00 90.00 -869.00 3945.00 120.00 -906.00 3911.00 120.00 -891.00 3911.00 120.00 -891.00 3934.00 90.00 -869.00 3922.00 90.00 -840.00 3890.00 120.00 -840.00 3926.00 100.00 -804.00 3904.00 120.00 -806.00 3934.00 90.00 -811.00 3897.00 120.00 -777.00 3904.00 120.00 -806.00 3940.50 87.61 -818.00 3962.00 87.61 -809.00 3984.50 87.61 -818.00 3984.50 87.61 -818.00 3993.50 87.61 -840.00 3984.50 87.61 -862.00 3984.50 87.61 -862.00 3962.00 87.61 -871.00 3940.50 87.61 -862.00 3940.50 87.61 -862.00 3931.50 87.61 -840.00 3940.50 87.61 -818.00 3931.50 87.61 -840.00 3950.93 63.71 -828.80 3946.44 63.71 -840.00 3962.00 -10.00 -840.00 3962.08 37.44 -832.63 3957.06 37.44 -834.98 3967.44 37.44 -834.98 3962.13 63.71 -823.57 3974.07 63.71 -828.80 3967.44 37.44 -834.98 3969.45 37.44 -840.00 3974.07 63.71 -828.80 3978.56 63.71 -840.00 3967.44 37.44 -845.02 3974.07 63.71 -851.20 3967.44 37.44 -845.02 3962.08 37.44 -847.37 3974.07 63.71 -851.20 3962.13 63.71 -856.43 3962.00 -10.00 -840.00 3957.06 37.44 -845.02 3955.05 37.44 -840.00 3957.06 37.44 -845.02 3950.93 63.71 -851.20 3957.06 37.44 -834.98 3962.00 120.00 -969.00 3962.00 100.00 -891.00 3945.00 120.00 -906.00 3980.00 120.00 -906.00 3999.00 100.00 -804.00 4043.00 120.00 -767.00 3997.00 120.00 -782.00 4021.00 120.00 -806.00 3962.00 87.61 -809.00 3940.50 87.61 -818.00 3950.93 63.71 -828.80 3940.50 87.61 -818.00 3984.50 87.61 -818.00 3984.50 87.61 -818.00 3993.50 87.61 -840.00 3984.50 87.61 -862.00 3962.00 87.61 -871.00 3984.50 87.61 -862.00 3940.50 87.61 -862.00 3950.93 63.71 -851.20 3940.50 87.61 -862.00 3744.00 51.00 -891.00 3753.00 30.00 -884.00 3721.00 28.00 -897.00 3728.00 36.00 -879.00 3650.00 0.00 -844.00 3614.00 0.00 -854.00 3657.00 -17.00 -849.00 3660.00 0.00 -858.00 3657.00 -17.00 -849.00 3685.00 -24.00 -834.00 3664.00 0.00 -834.00 3650.00 0.00 -844.00 3692.00 0.00 -844.00 </float_array>
                    <technique_common>
                        <accessor source="#geom-010A4538-pos-array" count="1433" stride="3">
                            <param name="X" type="float" />
                            <param name="Y" type="float" />
                            <param name="Z" type="float" />
                        </accessor>
                    </technique_common>
                </source>
                <source id="geom-010A4538-texcoord">
                    <float_array id="geom-010A4538-texcoord-array" count="2866">0.66 -0.15 0.66 0.00 0.59 -0.15 0.59 0.00 1.36 -0.25 1.22 -0.25 1.31 -0.43 1.95 -0.32 1.79 -0.32 1.95 -0.48 1.63 -0.46 1.52 -0.64 1.84 -0.67 2.22 -0.67 2.27 -0.48 0.59 0.15 0.66 0.15 1.63 0.46 1.52 0.64 1.31 0.43 2.22 0.67 2.16 0.86 1.84 0.67 1.74 0.86 0.99 -0.43 0.94 -0.25 0.66 -0.43 0.66 -0.25 1.22 -0.18 0.94 0.00 0.66 0.25 0.80 0.15 0.99 0.43 0.66 0.43 0.94 0.25 2.27 0.48 2.59 0.67 2.59 0.48 2.59 -0.67 2.59 -0.86 2.16 -0.86 1.95 0.48 1.79 0.32 1.95 0.32 1.50 0.25 1.95 -0.48 1.22 0.18 1.22 0.25 0.80 -0.15 1.74 -0.86 2.59 -0.48 2.59 0.86 1.22 -0.06 1.22 0.06 1.50 -0.25 1.65 -0.25 1.79 -0.25 1.36 0.25 1.65 0.25 1.79 0.25 0.86 0.00 0.66 0.00 0.86 -0.87 0.66 -0.87 1.52 0.01 1.73 0.01 1.52 0.85 1.73 0.85 0.86 0.87 0.66 0.87 0.86 0.00 0.66 0.00 0.43 0.01 0.43 0.85 0.22 0.01 0.22 0.85 0.64 0.00 0.64 0.87 0.44 0.00 0.44 0.87 0.64 0.00 0.44 0.00 0.64 0.87 0.44 0.87 0.21 0.43 0.21 0.85 0.01 0.43 0.01 0.85 1.52 0.85 1.73 0.85 1.73 0.85 1.73 0.01 1.52 0.85 1.52 0.01 2.59 -0.03 2.39 -0.03 2.59 -0.84 2.39 -0.84 2.59 0.70 2.59 0.11 2.39 0.70 2.39 0.11 2.59 0.70 2.59 0.11 2.39 0.70 2.39 0.11 0.66 0.87 0.86 0.87 2.59 -0.03 2.39 -0.03 2.59 -0.84 2.39 -0.84 0.44 0.87 0.44 0.00 0.64 0.87 0.64 0.00 0.21 0.43 0.01 0.43 0.21 0.85 0.01 0.85 0.43 0.85 0.22 0.85 0.64 0.87 0.64 0.00 0.44 0.87 0.44 0.00 0.66 0.00 0.86 0.00 0.66 0.87 0.86 0.87 0.21 0.01 0.21 0.42 0.01 0.01 0.01 0.42 2.39 -0.03 2.39 -0.84 2.59 -0.03 2.59 -0.84 0.21 0.01 0.01 0.01 0.21 0.42 0.01 0.42 0.66 -0.87 0.86 -0.87 0.66 0.00 0.86 0.00 2.59 0.70 2.59 0.11 2.39 0.70 2.39 0.11 1.73 0.85 1.52 0.85 0.86 0.87 0.66 0.87 2.39 -0.03 2.39 -0.84 2.59 -0.03 2.59 -0.84 0.86 -0.87 0.66 -0.87 2.59 0.70 2.59 0.11 2.39 0.70 0.66 -0.87 0.86 -0.87 0.02 2.29 0.02 1.14 1.23 2.29 1.23 0.04 0.02 0.04 0.02 2.29 0.02 0.04 2.59 2.29 2.59 0.04 2.59 0.04 2.59 2.29 0.02 0.04 0.02 2.29 2.59 0.04 2.59 2.29 0.02 0.04 0.02 2.29 0.02 2.29 0.02 0.04 2.59 2.29 2.59 0.04 0.02 0.04 2.59 0.04 0.02 2.29 2.59 2.29 0.02 0.04 2.59 0.04 0.02 2.29 2.59 2.29 0.02 0.04 1.39 0.04 0.02 2.29 1.39 2.29 2.59 2.57 0.02 2.57 0.02 2.57 2.59 2.57 2.59 2.57 0.02 2.57 1.31 2.57 0.02 2.57 0.02 2.57 1.31 2.57 0.02 2.57 2.59 2.57 0.02 2.57 2.59 2.57 2.59 2.57 0.02 2.57 2.59 0.04 2.59 2.29 0.02 0.04 0.02 2.29 0.02 2.57 2.59 2.57 2.59 2.29 2.59 2.57 0.02 2.29 0.02 2.57 0.02 0.04 2.59 0.04 2.59 0.04 2.59 2.29 0.02 0.04 0.02 2.29 0.02 2.57 2.59 2.57 0.02 2.29 0.02 0.04 2.59 2.29 2.59 0.04 0.02 2.57 2.59 2.57 0.02 2.29 0.02 0.04 2.59 2.29 2.59 0.04 0.02 2.57 2.59 2.57 0.02 2.29 0.02 0.04 2.59 2.29 2.59 0.04 0.02 2.57 2.59 2.57 2.59 2.29 2.59 0.04 2.59 2.29 2.59 1.14 2.59 0.04 2.59 2.57 2.59 2.57 0.16 0.19 0.16 -0.54 0.19 0.19 0.19 -0.55 0.12 -0.42 0.12 -0.03 0.14 -0.42 0.14 -0.03 0.16 -0.56 0.16 -1.28 0.19 -0.55 0.19 -1.29 0.19 -0.54 0.16 -0.56 0.19 -1.27 0.16 -1.29 0.19 -1.29 0.19 -0.55 0.16 -1.28 0.16 -0.54 0.12 -1.26 0.12 -0.95 0.14 -1.26 0.14 -0.95 0.16 -0.56 0.19 -0.55 0.16 0.17 0.19 0.19 0.14 -0.02 0.12 -0.03 0.14 -0.42 0.12 -0.42 0.12 -0.95 0.14 -0.95 0.19 -0.56 0.16 -0.55 0.19 -1.28 0.16 -1.29 0.16 -0.55 0.19 -0.54 0.16 0.19 0.19 0.21 0.19 -1.29 0.19 -0.55 0.16 -1.28 0.16 -0.54 0.16 0.17 0.19 0.19 0.19 0.17 0.16 0.19 0.16 0.18 0.19 0.19 0.19 0.18 0.16 0.19 0.19 0.19 0.16 0.21 0.19 -1.28 0.16 -1.29 0.14 -1.26 0.12 -1.26 0.14 -1.48 0.12 -1.48 0.00 -0.37 0.00 0.06 0.20 -0.12 0.00 0.37 0.05 0.37 0.00 -0.78 0.08 -0.37 0.00 -0.20 0.08 0.37 0.00 -1.99 0.08 -1.85 0.00 -1.54 0.08 -1.11 0.00 -2.59 0.00 -1.99 0.08 -2.59 0.08 -1.85 0.00 -0.78 0.00 -0.20 0.08 -0.37 0.08 0.37 0.00 0.37 0.00 -1.54 0.08 -1.11 0.00 -2.59 0.08 -2.59 0.20 -0.62 0.00 -0.80 0.00 -1.11 0.05 -1.11 0.16 -1.29 0.19 -1.26 0.16 -0.95 0.19 -0.95 0.12 -1.48 0.14 -1.48 0.12 0.37 0.14 0.37 0.14 0.37 0.12 0.37 0.19 -1.29 0.16 -1.29 0.16 -1.26 0.19 -1.29 0.19 -0.55 0.16 -0.55 0.16 0.19 0.16 -0.11 0.19 0.17 0.19 -0.11 0.16 -0.47 0.19 -0.48 0.13 -0.40 0.13 -0.08 0.07 -0.40 0.07 -0.08 0.13 0.24 0.07 0.24 0.13 -0.08 0.07 -0.08 0.26 -0.18 0.20 -0.18 0.26 -0.61 0.20 -0.61 0.26 -0.96 0.20 -0.96 0.26 -1.31 0.20 -1.31 0.26 -1.92 0.20 -1.92 0.13 0.24 0.13 -0.38 0.19 0.13 0.19 -0.49 0.26 0.24 0.20 0.24 0.26 -0.11 0.20 -0.11 0.19 0.24 0.13 0.13 0.19 -0.38 0.13 -0.49 0.26 -0.28 0.20 -0.28 0.26 -0.92 0.20 -0.92 0.26 -1.37 0.20 -1.37 0.26 -1.73 0.20 -1.73 0.26 -2.19 0.20 -2.19 0.26 -2.59 0.20 -2.59 0.07 -0.81 0.13 -0.81 0.07 -0.81 0.13 -0.81 0.07 -0.40 0.13 -0.40 0.26 -0.40 0.20 -0.40 0.26 -0.77 0.20 -0.77 0.26 -2.49 0.20 -2.49 0.26 0.21 0.20 0.21 0.26 0.22 0.20 0.22 0.00 0.00 0.06 0.00 0.00 0.13 0.06 0.26 0.00 0.26 0.06 0.26 0.00 0.26 0.06 0.13 0.00 0.00 0.06 0.00 0.07 -1.04 0.13 -1.04 0.26 -0.48 0.20 -0.48 0.26 -0.86 0.20 -0.86 0.26 -1.03 0.20 -1.03 0.26 -1.21 0.20 -1.21 0.07 -1.04 0.13 -1.04 0.07 0.24 0.13 0.24 0.19 -1.00 0.13 -1.11 0.13 -1.00 0.19 -1.11 0.26 0.24 0.20 0.24 0.26 0.09 0.20 0.00 0.20 -0.33 0.63 1.26 1.26 0.94 0.00 1.26 0.63 0.00 1.26 0.31 1.26 0.00 0.00 0.00 0.00 0.31 1.34 0.00 1.34 0.31 0.00 0.94 0.00 1.26 1.26 0.94 1.26 1.26 0.00 0.00 0.00 0.31 1.26 0.00 1.26 0.31 1.34 1.26 1.34 0.94 0.00 1.26 0.00 0.94 0.00 0.31 1.34 0.31 0.00 0.00 1.34 0.00 0.00 0.63 1.26 0.63 0.00 0.31 1.26 0.31 0.00 0.94 1.26 0.94 0.00 1.26 1.26 1.26 0.00 0.00 1.26 0.00 0.00 0.63 1.34 0.63 0.00 0.94 1.34 0.94 1.34 1.26 0.00 1.26 1.26 1.26 0.00 0.00 0.63 0.00 0.00 0.00 0.63 0.31 0.00 0.31 1.26 0.31 1.26 0.63 0.63 0.63 1.26 0.94 0.63 0.94 1.26 1.10 0.63 1.26 1.26 1.26 0.63 0.31 0.63 0.00 0.00 0.31 0.00 0.00 1.26 0.94 1.26 1.26 0.00 0.94 0.00 1.26 0.63 0.63 1.26 0.31 1.26 0.63 0.00 0.63 1.26 0.63 1.26 0.94 0.63 0.94 0.00 0.31 1.26 0.31 0.63 1.26 1.26 1.26 0.00 0.00 1.26 0.16 1.26 0.00 0.00 0.31 0.63 0.31 0.00 0.00 0.63 0.00 0.63 0.63 1.26 0.31 1.26 0.63 0.63 0.94 1.26 0.94 0.63 1.26 1.26 1.26 1.26 0.16 0.79 0.16 1.26 0.00 0.79 0.00 0.79 0.31 0.00 0.16 0.00 0.31 1.26 0.63 0.79 0.63 1.26 0.47 0.79 0.47 0.00 0.63 0.00 0.47 0.79 0.63 1.57 0.16 1.57 0.00 1.89 0.16 1.89 0.00 2.55 0.16 2.52 0.00 1.89 0.47 2.59 0.31 2.40 0.47 1.57 0.47 1.57 0.63 1.26 0.00 0.00 0.63 0.00 0.94 0.00 1.10 0.00 1.26 1.26 0.00 0.00 0.63 0.00 0.94 0.16 1.10 0.00 1.26 0.00 0.63 0.00 0.47 1.26 0.00 0.00 0.79 0.00 0.94 0.00 1.26 1.26 0.31 1.57 0.31 1.89 0.31 0.00 0.00 2.20 0.63 1.89 0.63 0.04 0.04 1.32 0.04 0.04 1.32 1.32 1.32 2.59 0.04 2.59 1.32 0.04 0.04 1.32 0.04 0.04 1.32 1.32 1.32 1.32 0.04 2.59 0.04 2.59 1.32 0.04 0.04 1.32 0.04 0.04 1.32 1.32 1.32 2.59 0.04 2.59 1.32 0.04 0.04 1.32 0.04 0.04 1.32 1.32 1.32 2.59 0.04 2.59 1.32 0.04 0.04 1.32 0.04 0.04 1.32 1.32 1.32 2.59 0.04 2.59 1.32 0.04 0.04 1.32 0.04 0.04 1.32 1.32 1.32 2.59 0.04 2.59 1.32 0.04 0.04 1.32 0.04 0.04 1.32 1.32 1.32 2.59 0.04 2.59 1.32 0.04 0.04 1.32 0.04 0.04 1.32 1.32 1.32 2.59 0.04 2.59 1.32 1.32 2.14 2.31 2.14 0.33 2.14 1.32 2.14 2.31 2.14 0.33 2.14 1.32 2.14 2.31 2.14 0.33 2.14 1.32 2.14 2.31 2.14 0.33 2.14 1.32 2.14 2.31 2.14 0.33 2.14 1.32 2.14 2.31 2.14 0.33 2.14 1.32 2.14 2.31 2.14 0.33 2.14 1.32 2.14 2.31 2.14 0.33 2.14 0.41 2.59 1.32 2.59 2.22 2.59 0.41 2.59 1.32 2.59 2.22 2.59 0.41 2.59 1.32 2.59 2.22 2.59 0.41 2.59 1.32 2.59 2.22 2.59 0.41 2.59 1.32 2.59 2.22 2.59 0.41 2.59 1.32 2.59 2.22 2.59 0.41 2.59 1.32 2.59 2.22 2.59 0.41 2.59 1.32 2.59 2.22 2.59 0.33 -0.64 0.30 -0.85 0.63 -0.75 0.62 -0.89 0.42 0.02 0.65 0.08 0.85 -0.04 0.43 0.11 0.87 0.15 0.66 0.18 0.85 -0.04 0.65 0.08 0.42 0.02 0.43 0.11 0.87 0.15 0.66 0.18 2.19 -1.10 2.22 -0.89 1.89 -0.92 1.87 -1.06 1.78 -0.57 1.62 -0.81 2.22 -0.89 1.27 -0.76 1.18 -0.43 0.92 -0.71 0.93 0.30 1.20 0.75 0.63 0.60 0.71 -0.05 1.02 -0.22 1.01 -0.09 1.08 0.22 1.43 0.18 1.10 0.39 1.45 0.34 0.73 0.27 0.76 0.43 0.45 0.31 0.48 0.47 1.05 -0.01 1.40 -0.05 1.07 0.15 1.42 0.11 0.41 -0.01 0.22 0.02 0.33 -0.64 0.13 -0.61 2.22 -0.89 2.43 -0.91 2.30 -0.26 2.51 -0.29 0.91 -0.79 1.26 -0.83 0.92 -0.71 1.27 -0.76 1.08 0.22 0.73 0.27 1.07 0.15 0.72 0.20 1.43 0.18 1.42 0.11 1.71 0.14 1.70 0.07 0.93 -0.05 0.70 0.04 0.70 -0.02 1.54 -0.07 1.53 -0.13 1.68 -0.09 1.67 -0.15 1.62 -0.81 1.61 -0.88 0.56 0.06 0.45 0.24 0.42 0.08 0.50 0.62 0.30 0.65 2.38 0.37 2.59 0.34 2.00 -0.22 1.69 -0.04 1.70 -0.18 1.66 -0.31 1.57 -0.41 1.88 0.18 1.53 0.17 1.63 0.08 1.06 0.04 1.14 0.14 1.57 -0.41 1.66 -0.31 1.45 -0.26 1.49 -0.21 1.70 -0.18 1.51 -0.15 1.63 0.08 1.53 0.17 1.48 -0.04 1.43 0.00 1.40 0.21 1.38 0.02 1.14 0.14 1.06 0.04 1.26 -0.01 1.22 -0.05 1.01 -0.09 1.20 -0.11 1.31 -0.48 1.45 -0.47 1.33 -0.29 1.40 -0.28 1.08 -0.34 1.18 -0.43 1.23 -0.23 1.28 -0.27 1.02 -0.22 1.20 -0.17 1.69 -0.04 1.51 -0.09 1.27 0.20 1.32 0.02 2.30 -0.26 1.74 0.68 2.25 0.39 0.41 -0.01 0.33 -0.64 0.83 -0.44 0.45 0.24 0.45 0.31 0.56 0.00 0.56 0.06 0.70 0.04 0.72 0.20 1.73 0.31 1.71 0.14 1.54 -0.07 1.70 0.07 1.40 -0.05 1.16 -0.08 1.39 -0.11 1.45 -0.47 1.31 -0.48 1.08 -0.34 0.42 0.02 0.42 0.08 1.68 -0.09 0.50 0.62 2.38 0.37 1.43 0.43 1.27 0.20 1.40 0.21 2.25 0.45 0.64 0.66 1.05 -0.01 2.55 2.59 0.08 2.59 2.55 0.04 0.08 0.04 2.55 2.59 0.08 2.59 2.55 0.04 0.08 0.04 0.08 0.04 2.55 0.04 0.08 2.59 2.55 2.59 0.08 0.04 2.55 0.04 0.08 2.59 2.55 2.59 2.55 2.59 0.08 2.59 2.55 0.04 0.08 0.04 2.55 2.59 0.08 2.59 2.55 0.04 0.08 0.04 0.08 0.04 2.55 0.04 0.08 2.59 2.55 2.59 0.08 0.04 2.55 0.04 0.08 2.59 2.55 2.59 1.32 0.04 2.59 0.04 1.32 1.32 2.59 1.32 2.59 1.32 1.32 1.32 2.59 2.59 1.32 2.59 2.59 1.32 1.32 1.32 2.59 2.59 1.32 2.59 0.04 1.32 0.04 2.59 1.32 2.59 1.32 1.36 2.59 1.36 1.32 2.59 2.59 2.59 2.59 0.04 1.32 0.04 0.04 0.04 1.32 1.36 2.59 1.36 1.32 2.59 2.59 2.59 0.04 1.36 0.04 2.59 0.04 1.36 0.04 2.59 2.59 2.59 2.59 1.32 1.32 1.32 2.59 2.59 1.32 2.59 2.59 0.19 2.59 -0.37 2.23 0.19 2.23 -0.37 1.85 -1.11 1.85 -0.74 2.23 -0.74 1.85 -0.37 0.75 -0.37 0.75 -0.74 0.37 -0.37 0.75 0.19 0.37 0.19 0.00 0.19 0.00 -0.37 1.85 -1.48 1.57 -1.48 1.57 -1.11 1.02 -1.11 1.02 -0.74 1.02 0.19 1.02 -0.37 0.37 0.74 0.00 0.74 0.75 0.74 1.02 0.74 2.23 0.74 1.85 0.74 1.85 0.19 1.30 -1.85 1.02 -1.85 1.30 -1.48 1.02 -1.48 1.30 -1.11 1.30 0.19 1.30 0.74 1.57 0.19 1.57 0.74 1.30 -0.37 1.57 -0.37 1.30 -0.74 1.57 -0.74 0.75 -1.48 0.75 -1.85 0.75 -1.11 1.16 0.19 1.16 -0.37 1.16 -0.74 0.37 -0.74 2.59 0.74 1.39 -1.64 1.45 -1.65 1.57 -1.62 1.69 -1.75 1.85 -1.85 1.69 -1.85 1.88 1.88 0.74 1.88 1.88 0.74 0.74 0.74 1.88 1.88 0.74 1.88 1.88 0.74 0.74 0.74 1.88 1.88 0.74 1.88 1.88 0.74 0.74 0.74 1.88 1.88 0.74 1.88 1.88 0.74 0.74 0.74 1.88 1.88 0.74 1.88 1.88 0.74 0.74 0.74 1.88 1.88 0.74 1.88 1.88 0.74 0.74 0.74 1.88 1.88 0.74 1.88 1.88 0.74 0.74 0.74 1.88 1.88 0.74 1.88 1.88 0.74 0.74 0.74 1.88 1.88 0.74 1.88 1.88 0.74 0.74 0.74 1.88 1.88 0.74 1.88 1.88 0.74 0.74 0.74 1.88 1.88 0.74 1.88 1.88 0.74 0.74 0.74 1.88 1.88 0.74 1.88 1.88 0.74 0.74 0.74 2.59 2.59 0.02 2.59 2.45 2.45 0.16 2.45 0.02 0.02 0.16 0.16 2.59 0.02 2.45 0.16 2.59 2.59 0.02 2.59 2.45 2.45 0.16 2.45 0.02 0.02 0.16 0.16 2.59 0.02 2.45 0.16 2.59 2.59 0.02 2.59 2.45 2.45 0.16 2.45 0.02 0.02 0.16 0.16 2.59 0.02 2.45 0.16 2.59 2.59 0.02 2.59 2.45 2.45 0.16 2.45 0.02 0.02 0.16 0.16 2.59 0.02 2.45 0.16 2.59 2.59 0.02 2.59 2.45 2.45 0.16 2.45 0.02 0.02 0.16 0.16 2.59 0.02 2.45 0.16 2.59 2.59 0.02 2.59 2.45 2.45 0.16 2.45 0.02 0.02 0.16 0.16 2.59 0.02 2.45 0.16 2.59 2.59 0.02 2.59 2.45 2.45 0.16 2.45 0.02 0.02 0.16 0.16 2.59 0.02 2.45 0.16 2.59 2.59 0.02 2.59 2.45 2.45 0.16 2.45 0.02 0.02 0.16 0.16 2.59 0.02 2.45 0.16 2.59 2.59 0.02 2.59 2.45 2.45 0.16 2.45 0.02 0.02 0.16 0.16 2.59 0.02 2.45 0.16 2.59 2.59 0.02 2.59 2.45 2.45 0.16 2.45 0.02 0.02 0.16 0.16 2.59 0.02 2.45 0.16 2.59 2.59 0.02 2.59 2.45 2.45 0.16 2.45 0.02 0.02 0.16 0.16 2.59 0.02 2.45 0.16 2.59 2.59 0.02 2.59 2.45 2.45 0.16 2.45 0.02 0.02 0.16 0.16 2.59 0.02 2.45 0.16 2.12 2.12 0.49 2.12 0.49 0.49 2.12 0.49 2.12 2.12 0.49 2.12 0.49 0.49 2.12 0.49 2.12 2.12 0.49 2.12 0.49 0.49 2.12 0.49 2.12 2.12 0.49 2.12 0.49 0.49 2.12 0.49 2.12 2.12 0.49 2.12 0.49 0.49 2.12 0.49 2.12 2.12 0.49 2.12 0.49 0.49 2.12 0.49 2.12 2.12 0.49 2.12 0.49 0.49 2.12 0.49 2.12 2.12 0.49 2.12 0.49 0.49 2.12 0.49 2.12 2.12 0.49 2.12 0.49 0.49 2.12 0.49 2.12 2.12 0.49 2.12 0.49 0.49 2.12 0.49 2.12 2.12 0.49 2.12 0.49 0.49 2.12 0.49 2.12 2.12 0.49 2.12 0.49 0.49 2.12 0.49 1.88 0.74 0.70 0.35 0.44 0.09 0.70 0.09 0.18 -0.18 0.44 -0.18 0.70 -0.18 0.00 0.09 0.00 -0.18 0.26 0.09 0.26 -0.18 0.26 -0.53 0.53 -0.18 0.53 -0.53 1.05 0.04 0.53 0.04 1.05 -0.31 0.53 -0.31 1.53 0.04 2.06 0.04 1.53 0.39 2.06 0.39 1.53 -0.31 1.16 -0.31 1.16 0.04 0.79 0.04 0.39 0.04 0.79 -0.31 0.39 -0.31 2.58 -0.31 2.58 0.04 2.19 -0.31 2.19 0.04 1.79 -0.31 1.79 0.04 1.42 -0.31 1.42 0.04 0.44 -0.53 0.70 -0.53 0.53 0.04 0.74 0.04 0.53 0.13 0.82 0.13 0.23 -0.22 0.01 -0.22 0.23 -0.47 0.01 -0.47 0.82 -0.47 0.82 -0.22 0.74 -0.47 0.74 -0.22 0.00 0.13 0.00 -0.22 2.58 0.04 2.58 -0.31 2.06 -0.31 0.00 0.04 0.00 0.39 0.53 0.39 0.79 0.39 1.16 0.39 1.05 0.39 1.42 0.39 0.39 0.39 0.00 0.04 0.00 0.39 1.79 0.39 2.19 0.39 1.05 0.13 1.04 -0.22 1.05 -0.22 0.44 -0.88 0.18 -0.88 0.18 -0.53 2.58 0.39 0.00 -0.31 0.00 -0.88 0.26 -0.88 0.00 -0.73 0.00 -0.53 0.00 -0.31 2.59 0.39 0.70 -0.88 0.70 -0.73 0.53 -0.88 0.23 0.13 0.32 -0.22 0.32 -0.47 0.32 0.04 1.04 -0.47 0.53 0.47 0.81 0.47 0.00 0.35 1.06 0.47 0.23 0.39 0.21 0.47 0.00 0.47 0.34 0.35 0.36 0.40 0.41 0.41 0.47 0.47 2.50 1.79 2.21 2.21 2.38 1.74 2.12 2.12 1.74 2.38 1.30 1.30 1.30 2.47 0.85 2.38 0.47 2.12 0.22 1.74 0.13 1.30 0.22 0.85 0.47 0.47 0.85 0.22 1.30 0.13 1.74 0.22 2.12 0.47 2.38 0.85 2.47 1.30 2.59 1.30 1.79 2.50 1.30 2.59 0.80 2.50 0.38 2.21 0.10 1.79 0.00 1.30 0.10 0.80 0.38 0.38 0.80 0.10 1.30 0.00 1.79 0.10 2.21 0.38 2.50 0.80 0.23 -0.43 1.20 -0.74 0.52 0.57 1.33 0.74 1.58 -0.31 1.65 0.57 2.09 -0.22 2.06 0.55 2.59 0.29 0.00 0.19 1.78 -0.77 1.87 -2.31 2.18 -1.97 1.42 -2.26 1.83 -2.34 0.47 -2.59 1.10 -2.49 0.00 -0.88 0.28 -1.14 0.02 -2.01 0.22 -2.15 0.09 -0.48 2.52 -0.89 1.79 0.54 0.77 0.23 0.12 -0.30 0.00 1.96 0.80 1.95 0.65 1.68 1.60 1.95 1.30 1.39 1.85 0.59 0.97 0.97 0.97 0.00 1.78 0.00 1.70 0.97 0.32 0.00 0.12 0.59 0.24 0.97 1.85 0.59 0.97 0.97 1.78 0.00 0.97 0.00 1.70 0.97 0.24 0.97 0.00 0.00 1.95 0.00 1.70 0.97 1.23 0.00 0.97 0.65 0.97 0.97 0.24 0.97 0.74 0.00 0.00 0.00 1.95 0.00 1.70 0.97 0.97 0.97 0.97 0.00 0.18 0.67 0.32 0.00 0.24 0.97 0.66 2.23 1.31 2.50 1.62 1.26 0.97 1.26 0.32 1.26 1.62 1.26 0.97 1.26 0.32 1.26 1.62 1.26 0.97 1.26 0.32 1.26 1.62 1.26 0.97 1.26 2.59 2.59 2.03 2.59 2.35 1.78 2.03 1.78 2.03 0.02 2.03 1.13 1.86 1.13 2.19 1.13 2.03 1.78 2.35 1.78 1.86 1.13 2.03 1.13 1.70 1.78 2.03 1.78 2.19 1.13 2.35 1.78 1.86 1.13 2.03 1.13 1.70 1.78 2.03 1.78 2.03 0.02 2.19 1.13 2.03 1.13 1.86 1.13 1.70 1.78 2.19 1.13 0.00 1.96 1.60 1.95 1.30 1.39 1.31 2.50 1.60 1.95 0.00 1.96 1.31 2.50 1.30 1.39 2.03 2.59 1.46 2.59 1.70 1.78 0.32 1.26 2.59 2.59 1.46 2.59 2.03 2.59 2.59 2.59 2.03 2.59 1.46 2.59 2.59 2.59 2.35 1.78 1.46 2.59 1.31 2.50 1.60 1.95 0.80 1.95 1.30 1.39 0.65 1.68 0.00 1.96 0.80 1.95 0.66 2.23 0.80 1.95 1.60 1.95 1.30 1.39 0.65 1.68 1.31 2.50 </float_array>
                    <technique_common>
                        <accessor source="#geom-010A4538-texcoord-array" count="1433" stride="2">
                            <param name="S" type="float" />
                            <param name="T" type="float" />
                        </accessor>
                    </technique_common>
                </source>
                <source id="geom-010A4538-colors">
                    <float_array id="geom-010A4538-colors-array" count="5732">0.23 0.30 0.44 1.00 0.26 0.35 0.55 1.00 0.08 0.06 0.15 1.00 0.08 0.06 0.15 1.00 0.18 0.49 1.00 1.00 0.20 0.40 1.00 1.00 0.18 0.39 1.00 1.00 0.08 0.20 0.55 1.00 0.08 0.28 0.57 1.00 0.10 0.32 0.60 1.00 0.16 0.50 1.00 1.00 0.16 0.44 1.00 1.00 0.16 0.45 1.00 1.00 0.16 0.35 1.00 1.00 0.08 0.15 0.39 1.00 0.08 0.06 0.15 1.00 0.24 0.32 0.48 1.00 0.16 0.51 1.00 1.00 0.16 0.44 1.00 1.00 0.18 0.40 1.00 1.00 0.16 0.35 1.00 1.00 0.16 0.35 1.00 1.00 0.16 0.45 1.00 1.00 0.16 0.39 1.00 1.00 0.22 0.28 0.40 1.00 0.25 0.34 0.52 1.00 0.10 0.13 0.18 1.00 0.23 0.30 0.44 1.00 0.22 0.43 1.00 1.00 0.49 0.78 1.00 1.00 0.25 0.32 0.49 1.00 0.33 0.48 0.82 1.00 0.24 0.30 0.45 1.00 0.11 0.13 0.20 1.00 0.29 0.40 0.64 1.00 0.09 0.15 0.42 1.00 0.09 0.15 0.42 1.00 0.07 0.13 0.32 1.00 0.09 0.15 0.42 1.00 0.00 0.00 0.00 1.00 0.16 0.35 1.00 1.00 0.10 0.32 0.60 1.00 0.09 0.34 0.78 1.00 0.08 0.20 0.56 1.00 0.17 0.54 1.00 1.00 0.10 0.31 0.59 1.00 0.22 0.46 1.00 1.00 0.21 0.42 1.00 1.00 0.30 0.42 0.69 1.00 0.16 0.39 1.00 1.00 0.07 0.13 0.32 1.00 0.00 0.00 0.00 1.00 0.24 0.61 1.00 1.00 0.24 0.63 1.00 1.00 0.17 0.53 1.00 1.00 0.17 0.60 1.00 1.00 0.09 0.28 0.78 1.00 0.19 0.50 1.00 1.00 0.17 0.61 1.00 1.00 0.09 0.28 0.79 1.00 0.08 0.06 0.15 1.00 0.38 0.59 1.00 1.00 0.08 0.06 0.15 1.00 0.29 0.41 0.67 1.00 0.39 0.60 1.00 1.00 0.08 0.06 0.15 1.00 0.38 0.58 1.00 1.00 0.08 0.06 0.15 1.00 0.38 0.58 1.00 1.00 0.08 0.06 0.15 1.00 0.40 0.62 1.00 1.00 0.08 0.06 0.15 1.00 0.83 1.00 1.00 1.00 0.81 1.00 1.00 1.00 0.18 0.20 0.25 1.00 0.16 0.16 0.16 1.00 0.62 0.88 1.00 1.00 0.82 1.00 1.00 1.00 0.16 0.16 0.16 1.00 0.18 0.20 0.23 1.00 0.62 0.87 1.00 1.00 0.16 0.16 0.17 1.00 0.85 1.00 1.00 1.00 0.21 0.25 0.35 1.00 0.75 1.00 1.00 1.00 0.16 0.16 0.16 1.00 0.16 0.16 0.16 1.00 0.17 0.19 0.22 1.00 0.35 0.53 0.90 1.00 0.08 0.06 0.15 1.00 0.16 0.16 0.16 1.00 0.16 0.16 0.16 1.00 0.16 0.16 0.16 1.00 0.18 0.20 0.25 1.00 0.16 0.16 0.16 1.00 0.16 0.16 0.16 1.00 0.17 0.18 0.20 1.00 0.16 0.16 0.16 1.00 0.16 0.16 0.16 1.00 0.16 0.16 0.16 1.00 0.16 0.17 0.18 1.00 0.18 0.21 0.26 1.00 0.16 0.16 0.16 1.00 0.16 0.16 0.16 1.00 0.16 0.16 0.16 1.00 0.17 0.19 0.22 1.00 0.35 0.53 0.90 1.00 0.08 0.06 0.15 1.00 0.29 0.41 0.66 1.00 0.08 0.06 0.15 1.00 0.26 0.35 0.55 1.00 0.08 0.06 0.15 1.00 0.16 0.16 0.16 1.00 0.18 0.20 0.23 1.00 0.75 1.00 1.00 1.00 0.82 1.00 1.00 1.00 0.81 1.00 1.00 1.00 0.16 0.17 0.18 1.00 0.16 0.16 0.16 1.00 0.18 0.21 0.26 1.00 0.75 1.00 1.00 1.00 0.16 0.16 0.16 1.00 0.81 1.00 1.00 1.00 0.85 1.00 1.00 1.00 0.16 0.17 0.18 1.00 0.21 0.25 0.35 1.00 0.16 0.16 0.16 1.00 0.18 0.20 0.23 1.00 0.16 0.16 0.16 1.00 0.16 0.16 0.16 1.00 0.26 0.35 0.55 1.00 0.62 0.88 1.00 1.00 0.17 0.18 0.20 1.00 0.16 0.16 0.16 1.00 0.29 0.41 0.67 1.00 0.26 0.35 0.55 1.00 0.08 0.06 0.15 1.00 0.08 0.06 0.15 1.00 0.26 0.35 0.55 1.00 0.18 0.20 0.25 1.00 0.62 0.87 1.00 1.00 0.16 0.16 0.17 1.00 0.16 0.16 0.17 1.00 0.16 0.16 0.16 1.00 0.21 0.25 0.35 1.00 0.16 0.16 0.16 1.00 0.16 0.16 0.16 1.00 0.16 0.16 0.16 1.00 0.18 0.21 0.26 1.00 0.16 0.16 0.16 1.00 0.16 0.16 0.16 1.00 0.16 0.16 0.16 1.00 0.16 0.16 0.16 1.00 0.16 0.17 0.18 1.00 0.16 0.16 0.17 1.00 0.18 0.20 0.25 1.00 0.16 0.16 0.16 1.00 0.16 0.16 0.16 1.00 0.16 0.16 0.16 1.00 0.16 0.16 0.16 1.00 0.16 0.16 0.16 1.00 0.16 0.16 0.16 1.00 0.16 0.16 0.16 1.00 0.08 0.06 0.15 1.00 0.29 0.41 0.66 1.00 0.20 0.44 1.00 1.00 0.16 0.31 0.93 1.00 0.16 0.32 0.97 1.00 0.16 0.29 0.82 1.00 0.16 0.27 0.72 1.00 0.16 0.42 1.00 1.00 0.16 0.35 1.00 1.00 0.16 0.51 1.00 1.00 0.16 0.39 1.00 1.00 0.16 0.35 1.00 1.00 0.16 0.42 1.00 1.00 0.16 0.39 1.00 1.00 0.16 0.51 1.00 1.00 0.16 0.44 1.00 1.00 0.16 0.58 1.00 1.00 0.18 0.40 1.00 1.00 0.18 0.41 1.00 1.00 0.11 0.13 0.18 1.00 0.11 0.13 0.20 1.00 0.24 0.38 1.00 1.00 0.24 0.30 0.45 1.00 0.18 0.39 1.00 1.00 0.22 0.28 0.40 1.00 0.18 0.41 1.00 1.00 0.23 0.35 0.89 1.00 0.16 0.39 1.00 1.00 0.16 0.44 1.00 1.00 0.16 0.51 1.00 1.00 0.16 0.58 1.00 1.00 0.00 0.00 0.00 1.00 0.16 0.29 0.82 1.00 0.08 0.13 0.35 1.00 0.16 0.32 0.97 1.00 0.16 0.41 1.00 1.00 0.16 0.49 1.00 1.00 0.18 0.41 1.00 1.00 0.16 0.56 1.00 1.00 0.24 0.37 0.99 1.00 0.11 0.13 0.19 1.00 0.16 0.31 0.94 1.00 0.07 0.13 0.33 1.00 0.17 0.31 0.98 1.00 0.16 0.31 0.94 1.00 0.16 0.41 1.00 1.00 0.16 0.50 1.00 1.00 0.18 0.40 1.00 1.00 0.22 0.34 0.87 1.00 0.16 0.57 1.00 1.00 0.16 0.50 1.00 1.00 0.00 0.00 0.00 1.00 0.08 0.13 0.35 1.00 0.16 0.35 1.00 1.00 0.16 0.42 1.00 1.00 0.16 0.41 1.00 1.00 0.07 0.13 0.33 1.00 0.16 0.42 1.00 1.00 0.16 0.41 1.00 1.00 0.08 0.13 0.36 1.00 0.07 0.13 0.33 1.00 0.00 0.00 0.00 1.00 0.16 0.35 1.00 1.00 0.16 0.39 1.00 1.00 0.16 0.51 1.00 1.00 0.16 0.44 1.00 1.00 0.16 0.58 1.00 1.00 0.16 0.56 1.00 1.00 0.16 0.49 1.00 1.00 0.16 0.58 1.00 1.00 0.16 0.44 1.00 1.00 0.18 0.41 1.00 1.00 0.18 0.39 1.00 1.00 0.16 0.57 1.00 1.00 0.18 0.40 1.00 1.00 0.24 0.38 1.00 1.00 0.24 0.30 0.45 1.00 0.18 0.41 1.00 1.00 0.18 0.40 1.00 1.00 0.24 0.37 0.99 1.00 0.18 0.41 1.00 1.00 0.23 0.35 0.89 1.00 0.22 0.28 0.40 1.00 0.10 0.12 0.16 1.00 0.10 0.13 0.18 1.00 0.22 0.34 0.87 1.00 0.10 0.13 0.18 1.00 0.08 0.13 0.36 1.00 0.00 0.00 0.00 1.00 0.20 0.45 1.00 1.00 0.16 0.31 0.93 1.00 0.16 0.27 0.72 1.00 0.07 0.13 0.33 1.00 0.17 0.32 1.00 1.00 0.16 0.26 0.69 1.00 0.16 0.30 0.86 1.00 0.16 0.16 0.16 1.00 0.16 0.30 0.88 1.00 0.16 0.28 0.76 1.00 0.16 0.24 0.59 1.00 0.16 0.27 0.75 1.00 0.16 0.24 0.58 1.00 0.16 0.44 1.00 1.00 0.16 0.55 1.00 1.00 0.16 0.43 1.00 1.00 0.16 0.53 1.00 1.00 0.16 0.69 1.00 1.00 0.16 0.67 1.00 1.00 0.16 0.55 1.00 1.00 0.16 0.53 1.00 1.00 0.18 0.43 1.00 1.00 0.20 0.27 0.61 1.00 0.18 0.43 1.00 1.00 0.20 0.28 0.61 1.00 0.16 0.28 0.80 1.00 0.16 0.30 0.87 1.00 0.17 0.33 1.00 1.00 0.16 0.29 0.84 1.00 0.16 0.30 0.87 1.00 0.16 0.30 0.89 1.00 0.16 0.27 0.73 1.00 0.16 0.29 0.84 1.00 0.16 0.24 0.59 1.00 0.16 0.25 0.60 1.00 0.16 0.28 0.76 1.00 0.16 0.28 0.78 1.00 0.16 0.30 0.87 1.00 0.16 0.29 0.85 1.00 0.16 0.44 1.00 1.00 0.16 0.43 1.00 1.00 0.16 0.56 1.00 1.00 0.16 0.54 1.00 1.00 0.20 0.27 0.58 1.00 0.20 0.27 0.58 1.00 0.09 0.11 0.14 1.00 0.09 0.11 0.13 1.00 0.18 0.42 1.00 1.00 0.16 0.70 1.00 1.00 0.18 0.42 1.00 1.00 0.16 0.68 1.00 1.00 0.07 0.13 0.33 1.00 0.09 0.16 0.44 1.00 0.07 0.13 0.33 1.00 0.09 0.16 0.44 1.00 0.18 0.43 1.00 1.00 0.18 0.43 1.00 1.00 0.16 0.56 1.00 1.00 0.16 0.54 1.00 1.00 0.09 0.11 0.14 1.00 0.09 0.11 0.14 1.00 0.18 0.42 1.00 1.00 0.18 0.42 1.00 1.00 0.16 0.33 1.00 1.00 0.16 0.29 0.80 1.00 0.17 0.31 0.98 1.00 0.20 0.44 1.00 1.00 0.13 0.16 0.23 1.00 0.13 0.16 0.23 1.00 0.16 0.16 0.16 1.00 0.16 0.26 0.67 1.00 0.16 0.16 0.16 1.00 0.24 0.47 1.00 1.00 0.16 0.27 0.75 1.00 0.16 0.24 0.56 1.00 0.16 0.16 0.16 1.00 0.27 0.64 1.00 1.00 0.27 0.62 1.00 1.00 0.28 0.60 1.00 1.00 0.26 0.60 1.00 1.00 0.23 0.47 1.00 1.00 0.26 0.61 1.00 1.00 0.22 0.45 1.00 1.00 0.26 0.59 1.00 1.00 0.24 0.45 1.00 1.00 0.16 0.24 0.56 1.00 0.16 0.27 0.75 1.00 0.16 0.16 0.16 1.00 0.16 0.26 0.67 1.00 0.27 0.56 1.00 1.00 0.25 0.58 1.00 1.00 0.23 0.49 1.00 1.00 0.22 0.47 1.00 1.00 0.16 0.16 0.16 1.00 0.13 0.16 0.23 1.00 0.16 0.26 0.67 1.00 0.16 0.16 0.16 1.00 0.09 0.11 0.14 1.00 0.09 0.11 0.14 1.00 0.20 0.24 0.31 1.00 0.20 0.24 0.31 1.00 0.20 0.45 1.00 1.00 0.17 0.32 1.00 1.00 0.16 0.26 0.69 1.00 0.16 0.16 0.16 1.00 0.16 0.16 0.16 1.00 0.16 0.26 0.69 1.00 0.16 0.16 0.16 1.00 0.16 0.26 0.69 1.00 0.07 0.13 0.33 1.00 0.09 0.16 0.44 1.00 0.21 0.25 0.34 1.00 0.21 0.25 0.34 1.00 0.09 0.11 0.13 1.00 0.19 0.22 0.28 1.00 0.09 0.11 0.14 1.00 0.20 0.23 0.31 1.00 0.17 0.18 0.19 1.00 0.18 0.19 0.22 1.00 0.21 0.36 0.98 1.00 0.16 0.25 0.60 1.00 0.31 0.60 1.00 1.00 0.16 0.24 0.56 1.00 0.16 0.26 0.67 1.00 0.16 0.26 0.69 1.00 0.16 0.24 0.56 1.00 0.16 0.24 0.59 1.00 0.19 0.27 0.61 1.00 0.20 0.27 0.61 1.00 0.17 0.44 1.00 1.00 0.18 0.43 1.00 1.00 0.16 0.58 1.00 1.00 0.16 0.69 1.00 1.00 0.16 0.51 1.00 1.00 0.16 0.55 1.00 1.00 0.16 0.42 1.00 1.00 0.16 0.44 1.00 1.00 0.07 0.13 0.33 1.00 0.16 0.30 0.86 1.00 0.08 0.15 0.41 1.00 0.16 0.29 0.83 1.00 0.16 0.16 0.16 1.00 0.16 0.26 0.69 1.00 0.13 0.16 0.23 1.00 0.13 0.16 0.23 1.00 0.16 0.16 0.16 1.00 0.16 0.26 0.69 1.00 0.16 0.29 0.83 1.00 0.16 0.30 0.87 1.00 0.16 0.42 1.00 1.00 0.16 0.44 1.00 1.00 0.16 0.52 1.00 1.00 0.16 0.56 1.00 1.00 0.16 0.60 1.00 1.00 0.16 0.70 1.00 1.00 0.17 0.44 1.00 1.00 0.18 0.42 1.00 1.00 0.19 0.27 0.67 1.00 0.20 0.27 0.58 1.00 0.09 0.10 0.13 1.00 0.09 0.11 0.14 1.00 0.35 0.71 1.00 1.00 0.19 0.35 1.00 1.00 0.19 0.35 1.00 1.00 0.36 0.75 1.00 1.00 0.21 0.36 0.97 1.00 0.32 0.62 1.00 1.00 0.19 0.22 0.29 1.00 0.21 0.25 0.34 1.00 0.19 0.22 0.29 1.00 0.20 0.24 0.31 1.00 0.08 0.15 0.41 1.00 0.07 0.13 0.33 1.00 0.08 0.15 0.42 1.00 0.07 0.13 0.33 1.00 0.09 0.10 0.13 1.00 0.09 0.11 0.14 1.00 0.16 0.31 0.93 1.00 0.23 0.49 1.00 1.00 0.20 0.45 1.00 1.00 0.27 0.64 1.00 1.00 0.16 0.28 0.80 1.00 0.16 0.29 0.80 1.00 0.26 0.61 1.00 1.00 0.20 0.44 1.00 1.00 0.23 0.47 1.00 1.00 0.16 0.31 0.93 1.00 0.26 0.61 1.00 1.00 0.16 0.29 0.80 1.00 0.13 0.16 0.23 1.00 0.13 0.16 0.23 1.00 0.13 0.16 0.23 1.00 0.13 0.16 0.23 1.00 0.09 0.10 0.13 1.00 0.09 0.11 0.14 1.00 0.16 0.16 0.16 1.00 0.16 0.26 0.69 1.00 0.16 0.28 0.80 1.00 0.27 0.64 1.00 1.00 0.16 0.26 0.67 1.00 0.16 0.26 0.69 1.00 0.08 0.15 0.42 1.00 0.07 0.13 0.33 1.00 0.16 0.26 0.69 1.00 0.16 0.16 0.16 1.00 0.09 0.10 0.13 1.00 0.09 0.11 0.14 1.00 0.19 0.22 0.28 1.00 0.20 0.23 0.31 1.00 0.18 0.19 0.22 1.00 0.18 0.24 0.51 1.00 0.00 0.00 0.00 1.00 0.00 0.00 0.00 1.00 0.16 0.25 0.60 1.00 0.00 0.00 0.00 1.00 0.16 0.18 0.25 1.00 0.16 0.18 0.25 1.00 0.00 0.00 0.00 1.00 0.16 0.16 0.16 1.00 0.00 0.00 0.00 1.00 0.00 0.00 0.00 1.00 0.17 0.18 0.21 1.00 0.00 0.00 0.00 1.00 0.16 0.17 0.18 1.00 0.16 0.16 0.16 1.00 0.00 0.00 0.00 1.00 0.16 0.16 0.16 1.00 0.00 0.00 0.00 1.00 0.17 0.18 0.21 1.00 0.00 0.00 0.00 1.00 0.18 0.19 0.22 1.00 0.00 0.00 0.00 1.00 0.22 0.27 0.39 1.00 0.20 0.23 0.30 1.00 0.18 0.19 0.22 1.00 0.17 0.18 0.21 1.00 0.19 0.22 0.29 1.00 0.17 0.18 0.19 1.00 0.20 0.23 0.30 1.00 0.17 0.18 0.20 1.00 0.16 0.16 0.17 1.00 0.16 0.16 0.16 1.00 0.16 0.16 0.16 1.00 0.16 0.16 0.16 1.00 0.17 0.18 0.21 1.00 0.16 0.17 0.18 1.00 0.22 0.31 0.71 1.00 0.19 0.22 0.29 1.00 0.16 0.22 0.45 1.00 0.16 0.16 0.17 1.00 0.16 0.16 0.16 1.00 0.16 0.18 0.25 1.00 0.18 0.19 0.22 1.00 0.06 0.11 0.28 1.00 0.05 0.09 0.24 1.00 0.02 0.04 0.08 1.00 0.16 0.34 1.00 1.00 0.16 0.27 0.74 1.00 0.16 0.36 1.00 1.00 0.16 0.53 1.00 1.00 0.16 0.51 1.00 1.00 0.16 0.49 1.00 1.00 0.16 0.38 1.00 1.00 0.16 0.33 1.00 1.00 0.06 0.10 0.27 1.00 0.00 0.00 0.00 1.00 0.16 0.44 1.00 1.00 0.08 0.14 0.40 1.00 0.16 0.36 1.00 1.00 0.07 0.14 0.40 1.00 0.19 0.39 1.00 1.00 0.06 0.12 0.36 1.00 0.16 0.52 1.00 1.00 0.10 0.23 0.76 1.00 0.16 0.58 1.00 1.00 0.16 0.52 1.00 1.00 0.16 0.60 1.00 1.00 0.16 0.60 1.00 1.00 0.18 0.56 1.00 1.00 0.16 0.47 1.00 1.00 0.16 0.42 1.00 1.00 0.16 0.47 1.00 1.00 0.16 0.56 1.00 1.00 0.08 0.15 0.44 1.00 0.09 0.17 0.49 1.00 0.09 0.17 0.49 1.00 0.16 0.39 1.00 1.00 0.07 0.14 0.46 1.00 0.19 0.39 1.00 1.00 0.21 0.34 0.96 1.00 0.00 0.00 0.00 1.00 0.20 0.29 0.71 1.00 0.18 0.34 1.00 1.00 0.22 0.27 0.39 1.00 0.22 0.31 0.71 1.00 0.16 0.29 0.85 1.00 0.16 0.22 0.45 1.00 0.16 0.25 0.60 1.00 0.16 0.18 0.25 1.00 0.16 0.38 1.00 1.00 0.16 0.28 0.77 1.00 0.05 0.09 0.23 1.00 0.00 0.00 0.00 1.00 0.16 0.51 1.00 1.00 0.16 0.33 1.00 1.00 0.16 0.49 1.00 1.00 0.04 0.07 0.22 1.00 0.04 0.05 0.13 1.00 0.17 0.36 1.00 1.00 0.16 0.44 1.00 1.00 0.03 0.05 0.12 1.00 0.16 0.42 1.00 1.00 0.11 0.16 0.37 1.00 0.16 0.49 1.00 1.00 0.09 0.18 0.53 1.00 0.16 0.49 1.00 1.00 0.08 0.17 0.54 1.00 0.17 0.44 1.00 1.00 0.07 0.12 0.37 1.00 0.16 0.35 1.00 1.00 0.19 0.68 1.00 1.00 0.18 0.38 1.00 1.00 0.17 0.44 1.00 1.00 0.05 0.09 0.24 1.00 0.18 0.19 0.22 1.00 0.18 0.56 1.00 1.00 0.16 0.56 1.00 1.00 0.16 0.39 1.00 1.00 0.06 0.11 0.28 1.00 0.09 0.17 0.49 1.00 0.16 0.53 1.00 1.00 0.16 0.49 1.00 1.00 0.16 0.42 1.00 1.00 0.03 0.05 0.12 1.00 0.22 0.66 1.00 1.00 0.16 0.36 1.00 1.00 0.07 0.14 0.40 1.00 0.16 0.42 1.00 1.00 0.16 0.31 0.91 1.00 0.05 0.09 0.23 1.00 0.16 0.58 1.00 1.00 0.16 0.63 1.00 1.00 0.16 0.64 1.00 1.00 0.00 0.00 0.00 1.00 0.06 0.11 0.31 1.00 0.06 0.11 0.29 1.00 0.04 0.09 0.37 1.00 0.04 0.10 0.38 1.00 0.40 0.45 0.95 1.00 0.36 0.54 1.00 1.00 0.04 0.10 0.39 1.00 0.31 0.62 1.00 1.00 0.04 0.10 0.39 1.00 0.04 0.11 0.40 1.00 0.31 0.62 1.00 1.00 0.28 0.71 1.00 1.00 0.04 0.12 0.40 1.00 0.04 0.13 0.41 1.00 0.30 0.95 1.00 1.00 0.04 0.13 0.41 1.00 0.04 0.15 0.42 1.00 0.30 0.95 1.00 1.00 0.31 1.00 1.00 1.00 0.00 0.00 0.00 1.00 0.32 1.00 1.00 1.00 0.00 0.00 0.00 1.00 0.00 0.00 0.00 1.00 0.32 1.00 1.00 1.00 0.32 1.00 1.00 1.00 0.04 0.15 0.42 1.00 0.31 1.00 1.00 1.00 0.04 0.15 0.42 1.00 0.04 0.14 0.41 1.00 0.31 1.00 1.00 1.00 0.29 1.00 1.00 1.00 0.04 0.13 0.40 1.00 0.28 0.86 1.00 1.00 0.04 0.13 0.40 1.00 0.04 0.12 0.38 1.00 0.28 0.86 1.00 1.00 0.26 0.65 1.00 1.00 0.04 0.10 0.37 1.00 0.29 0.57 1.00 1.00 0.04 0.10 0.37 1.00 0.04 0.10 0.37 1.00 0.29 0.57 1.00 1.00 0.40 0.52 1.00 1.00 0.04 0.09 0.36 1.00 0.39 0.44 0.92 1.00 0.04 0.09 0.36 1.00 0.04 0.09 0.36 1.00 0.39 0.44 0.92 1.00 0.36 0.39 0.81 1.00 0.04 0.09 0.37 1.00 0.40 0.45 0.95 1.00 0.41 1.00 1.00 1.00 0.41 1.00 1.00 1.00 0.41 1.00 1.00 1.00 0.42 1.00 1.00 1.00 0.42 1.00 1.00 1.00 0.42 1.00 1.00 1.00 0.43 1.00 1.00 1.00 0.44 1.00 1.00 1.00 0.44 1.00 1.00 1.00 0.45 1.00 1.00 1.00 0.45 1.00 1.00 1.00 0.45 1.00 1.00 1.00 0.45 1.00 1.00 1.00 0.44 1.00 1.00 1.00 0.44 1.00 1.00 1.00 0.44 1.00 1.00 1.00 0.43 1.00 1.00 1.00 0.43 1.00 1.00 1.00 0.42 1.00 1.00 1.00 0.42 1.00 1.00 1.00 0.42 1.00 1.00 1.00 0.41 1.00 1.00 1.00 0.41 1.00 1.00 1.00 0.41 1.00 1.00 1.00 0.37 0.92 1.00 1.00 0.38 1.00 1.00 1.00 0.39 1.00 1.00 1.00 0.39 1.00 1.00 1.00 0.41 1.00 1.00 1.00 0.42 1.00 1.00 1.00 0.42 1.00 1.00 1.00 0.43 1.00 1.00 1.00 0.44 1.00 1.00 1.00 0.44 1.00 1.00 1.00 0.44 1.00 1.00 1.00 0.43 1.00 1.00 1.00 0.43 1.00 1.00 1.00 0.42 1.00 1.00 1.00 0.40 1.00 1.00 1.00 0.40 1.00 1.00 1.00 0.39 1.00 1.00 1.00 0.38 1.00 1.00 1.00 0.38 1.00 1.00 1.00 0.37 0.96 1.00 1.00 0.37 0.91 1.00 1.00 0.37 0.91 1.00 1.00 0.37 0.89 1.00 1.00 0.37 0.92 1.00 1.00 0.02 0.11 0.17 1.00 0.02 0.08 0.15 1.00 0.01 0.03 0.08 1.00 0.01 0.02 0.07 1.00 0.03 0.11 0.25 1.00 0.05 0.13 0.32 1.00 0.03 0.06 0.18 1.00 0.05 0.15 0.32 1.00 0.03 0.07 0.21 1.00 0.05 0.18 0.32 1.00 0.03 0.06 0.18 1.00 0.05 0.13 0.32 1.00 0.03 0.09 0.18 1.00 0.05 0.15 0.32 1.00 0.03 0.07 0.20 1.00 0.05 0.18 0.32 1.00 0.02 0.08 0.15 1.00 0.02 0.10 0.16 1.00 0.01 0.03 0.08 1.00 0.01 0.02 0.07 1.00 0.11 0.32 0.32 1.00 0.28 0.73 0.73 1.00 0.05 0.22 0.32 1.00 0.33 0.73 0.73 1.00 0.14 0.32 0.32 1.00 0.28 0.73 0.73 1.00 0.09 0.22 0.32 1.00 0.08 0.15 0.32 1.00 0.07 0.15 0.32 1.00 0.10 0.31 0.32 1.00 0.14 0.32 0.32 1.00 0.13 0.32 0.32 1.00 0.15 0.49 0.73 1.00 0.15 0.51 0.73 1.00 0.04 0.13 0.32 1.00 0.03 0.13 0.30 1.00 0.15 0.53 0.73 1.00 0.03 0.14 0.31 1.00 0.05 0.18 0.32 1.00 0.03 0.07 0.21 1.00 0.14 0.33 0.73 1.00 0.14 0.34 0.73 1.00 0.03 0.11 0.28 1.00 0.04 0.13 0.32 1.00 0.05 0.11 0.32 1.00 0.04 0.07 0.20 1.00 0.04 0.19 0.32 1.00 0.04 0.13 0.25 1.00 0.04 0.18 0.27 1.00 0.04 0.13 0.25 1.00 0.04 0.11 0.32 1.00 0.04 0.07 0.19 1.00 0.01 0.05 0.12 1.00 0.02 0.05 0.12 1.00 0.03 0.16 0.17 1.00 0.04 0.17 0.17 1.00 0.03 0.10 0.17 1.00 0.03 0.11 0.17 1.00 0.01 0.04 0.11 1.00 0.02 0.05 0.13 1.00 0.03 0.11 0.17 1.00 0.02 0.05 0.13 1.00 0.02 0.08 0.17 1.00 0.01 0.03 0.06 1.00 0.01 0.02 0.09 1.00 0.03 0.06 0.17 1.00 0.01 0.03 0.09 1.00 0.03 0.10 0.17 1.00 0.01 0.03 0.09 1.00 0.02 0.06 0.17 1.00 0.01 0.03 0.06 1.00 0.03 0.15 0.17 1.00 0.01 0.05 0.11 1.00 0.06 0.23 0.32 1.00 0.03 0.07 0.16 1.00 0.05 0.15 0.32 1.00 0.04 0.08 0.23 1.00 0.04 0.06 0.16 1.00 0.04 0.08 0.23 1.00 0.04 0.06 0.16 1.00 0.08 0.28 0.32 1.00 0.13 0.32 0.32 1.00 0.13 0.32 0.32 1.00 0.13 0.32 0.32 1.00 0.13 0.32 0.32 1.00 0.09 0.21 0.32 1.00 0.12 0.32 0.32 1.00 0.12 0.32 0.32 1.00 0.13 0.32 0.32 1.00 0.13 0.32 0.32 1.00 0.08 0.19 0.19 1.00 0.08 0.19 0.19 1.00 0.00 0.00 0.00 1.00 0.00 0.00 0.00 1.00 0.07 0.19 0.19 1.00 0.00 0.00 0.00 1.00 0.07 0.19 0.19 1.00 0.07 0.19 0.19 1.00 0.00 0.00 0.00 1.00 0.00 0.00 0.00 1.00 0.07 0.19 0.19 1.00 0.00 0.00 0.00 1.00 0.07 0.19 0.19 1.00 0.08 0.19 0.19 1.00 0.00 0.00 0.00 1.00 0.00 0.00 0.00 1.00 0.08 0.19 0.19 1.00 0.00 0.00 0.00 1.00 0.08 0.19 0.19 1.00 0.08 0.19 0.19 1.00 0.00 0.00 0.00 1.00 0.00 0.00 0.00 1.00 0.08 0.19 0.19 1.00 0.08 0.19 0.19 1.00 0.00 0.00 0.00 1.00 0.00 0.00 0.00 1.00 0.08 0.19 0.19 1.00 0.00 0.00 0.00 1.00 0.07 0.19 0.19 1.00 0.00 0.00 0.00 1.00 0.07 0.19 0.19 1.00 0.00 0.00 0.00 1.00 0.12 0.28 0.68 1.00 0.08 0.15 0.32 1.00 0.07 0.15 0.32 1.00 0.13 0.30 0.68 1.00 0.05 0.24 0.32 1.00 0.11 0.32 0.32 1.00 0.01 0.03 0.07 1.00 0.03 0.09 0.17 1.00 0.01 0.03 0.09 1.00 0.03 0.11 0.17 1.00 0.14 0.34 0.73 1.00 0.04 0.14 0.32 1.00 0.03 0.07 0.20 1.00 0.05 0.18 0.32 1.00 0.06 0.23 0.32 1.00 0.03 0.07 0.16 1.00 0.03 0.06 0.17 1.00 0.01 0.02 0.09 1.00 0.01 0.03 0.09 1.00 0.14 0.32 0.32 1.00 0.13 0.31 0.32 1.00 0.14 0.32 0.32 1.00 0.01 0.04 0.09 1.00 0.02 0.07 0.17 1.00 0.05 0.15 0.32 1.00 0.05 0.10 0.29 1.00 0.05 0.10 0.29 1.00 0.11 0.22 0.32 1.00 0.13 0.32 0.32 1.00 0.12 0.32 0.32 1.00 0.07 0.15 0.32 1.00 0.07 0.15 0.32 1.00 0.03 0.06 0.17 1.00 0.18 0.49 1.00 1.00 0.19 0.51 1.00 1.00 0.20 0.40 1.00 1.00 0.22 0.43 1.00 1.00 0.19 0.52 1.00 1.00 0.19 0.50 1.00 1.00 0.22 0.46 1.00 1.00 0.21 0.42 1.00 1.00 0.19 0.51 1.00 1.00 0.18 0.49 1.00 1.00 0.18 0.54 1.00 1.00 0.17 0.53 1.00 1.00 0.19 0.50 1.00 1.00 0.19 0.52 1.00 1.00 0.17 0.54 1.00 1.00 0.18 0.54 1.00 1.00 0.09 0.28 0.78 1.00 0.09 0.28 0.80 1.00 0.17 0.60 1.00 1.00 0.17 0.59 1.00 1.00 0.09 0.28 0.81 1.00 0.09 0.28 0.79 1.00 0.17 0.60 1.00 1.00 0.17 0.61 1.00 1.00 0.18 0.54 1.00 1.00 0.17 0.53 1.00 1.00 0.17 0.59 1.00 1.00 0.17 0.60 1.00 1.00 0.17 0.54 1.00 1.00 0.18 0.54 1.00 1.00 0.17 0.61 1.00 1.00 0.17 0.60 1.00 1.00 0.24 0.61 1.00 1.00 0.22 0.43 1.00 1.00 0.20 0.53 1.00 1.00 0.19 0.51 1.00 1.00 0.17 0.60 1.00 1.00 0.17 0.59 1.00 1.00 0.09 0.28 0.81 1.00 0.09 0.22 0.78 1.00 0.19 0.52 1.00 1.00 0.20 0.54 1.00 1.00 0.18 0.54 1.00 1.00 0.18 0.55 1.00 1.00 0.20 0.54 1.00 1.00 0.18 0.55 1.00 1.00 0.18 0.55 1.00 1.00 0.18 0.55 1.00 1.00 0.18 0.54 1.00 1.00 0.17 0.58 1.00 1.00 0.17 0.59 1.00 1.00 0.22 0.46 1.00 1.00 0.24 0.63 1.00 1.00 0.24 0.63 1.00 1.00 0.17 0.58 1.00 1.00 0.17 0.59 1.00 1.00 0.09 0.22 0.78 1.00 0.09 0.28 0.80 1.00 0.17 0.59 1.00 1.00 0.09 0.22 0.78 1.00 0.18 0.55 1.00 1.00 0.17 0.59 1.00 1.00 0.18 0.54 1.00 1.00 0.18 0.54 1.00 1.00 0.18 0.55 1.00 1.00 0.17 0.60 1.00 1.00 0.17 0.59 1.00 1.00 0.06 0.15 0.32 1.00 0.06 0.18 0.32 1.00 0.16 0.39 1.00 1.00 0.16 0.46 1.00 1.00 0.11 0.28 0.81 1.00 0.16 0.46 1.00 1.00 0.06 0.20 0.35 1.00 0.16 0.35 1.00 1.00 0.16 0.35 1.00 1.00 0.16 0.45 1.00 1.00 0.16 0.45 1.00 1.00 0.16 0.32 0.99 1.00 0.16 0.38 1.00 1.00 0.06 0.14 0.32 1.00 0.06 0.17 0.32 1.00 0.19 0.27 0.67 1.00 0.20 0.29 0.73 1.00 0.18 0.53 1.00 1.00 0.18 0.55 1.00 1.00 0.16 0.54 1.00 1.00 0.16 0.32 0.99 1.00 0.16 0.44 1.00 1.00 0.09 0.16 0.45 1.00 0.01 0.01 0.03 1.00 0.00 0.00 0.00 1.00 0.04 0.05 0.07 1.00 0.09 0.16 0.45 1.00 0.00 0.00 0.00 1.00 0.16 0.33 1.00 1.00 0.19 0.22 0.29 1.00 0.19 0.22 0.29 1.00 0.21 0.25 0.35 1.00 0.20 0.30 0.76 1.00 0.18 0.55 1.00 1.00 0.16 0.41 1.00 1.00 0.04 0.05 0.07 1.00 0.16 0.33 1.00 1.00 0.04 0.05 0.07 1.00 0.16 0.44 1.00 1.00 0.16 0.44 1.00 1.00 0.16 0.53 1.00 1.00 0.16 0.55 1.00 1.00 0.19 0.27 0.61 1.00 0.09 0.10 0.13 1.00 0.11 0.28 0.82 1.00 0.16 0.41 1.00 1.00 0.16 0.44 1.00 1.00 0.16 0.53 1.00 1.00 0.06 0.19 0.35 1.00 0.01 0.02 0.04 1.00 0.20 0.24 0.33 1.00 0.20 0.24 0.32 1.00 0.20 0.23 0.30 1.00 0.19 0.22 0.28 1.00 0.09 0.10 0.13 1.00 0.19 0.22 0.28 1.00 0.16 0.16 0.16 1.00 0.16 0.16 0.16 1.00 0.16 0.23 0.53 1.00 0.16 0.20 0.36 1.00 0.26 0.58 1.00 1.00 0.27 0.53 1.00 1.00 0.26 0.58 1.00 1.00 0.26 0.53 1.00 1.00 0.23 0.38 1.00 1.00 0.22 0.42 1.00 1.00 0.24 0.47 1.00 1.00 0.24 0.49 1.00 1.00 0.24 0.45 1.00 1.00 0.23 0.48 1.00 1.00 0.22 0.37 1.00 1.00 0.21 0.40 1.00 1.00 0.24 0.36 1.00 1.00 0.24 0.37 1.00 1.00 0.25 0.44 1.00 1.00 0.25 0.44 1.00 1.00 0.24 0.42 1.00 1.00 0.24 0.42 1.00 1.00 0.22 0.35 1.00 1.00 0.22 0.35 1.00 1.00 0.26 0.51 1.00 1.00 0.25 0.56 1.00 1.00 0.26 0.51 1.00 1.00 0.25 0.56 1.00 1.00 0.23 0.44 1.00 1.00 0.24 0.39 1.00 1.00 0.24 0.51 1.00 1.00 0.25 0.47 1.00 1.00 0.27 0.72 1.00 1.00 0.27 0.72 1.00 1.00 0.27 0.72 1.00 1.00 0.27 0.72 1.00 1.00 0.24 0.49 1.00 1.00 0.24 0.45 1.00 1.00 0.21 0.41 1.00 1.00 0.22 0.38 1.00 1.00 0.16 0.16 0.16 1.00 0.16 0.16 0.16 1.00 0.16 0.20 0.36 1.00 0.16 0.23 0.53 1.00 0.16 0.16 0.16 1.00 0.16 0.16 0.16 1.00 0.16 0.16 0.16 1.00 0.16 0.16 0.16 1.00 0.16 0.16 0.16 1.00 0.16 0.16 0.16 1.00 0.16 0.16 0.16 1.00 0.16 0.23 0.51 1.00 0.16 0.27 0.75 1.00 0.16 0.32 0.98 1.00 0.22 0.41 1.00 1.00 0.23 0.40 1.00 1.00 0.28 0.62 1.00 1.00 0.26 0.60 1.00 1.00 0.27 0.75 1.00 1.00 0.23 0.59 1.00 1.00 0.27 0.62 1.00 1.00 0.24 0.61 1.00 1.00 0.29 0.64 1.00 1.00 0.29 0.79 1.00 1.00 0.26 0.59 1.00 1.00 0.29 0.62 1.00 1.00 0.24 0.63 1.00 1.00 0.30 0.86 1.00 1.00 0.25 0.47 1.00 1.00 0.22 0.33 1.00 1.00 0.22 0.45 1.00 1.00 0.20 0.37 1.00 1.00 0.16 0.27 0.75 1.00 0.22 0.40 1.00 1.00 0.16 0.29 0.82 1.00 0.21 0.32 0.95 1.00 0.28 0.60 1.00 1.00 0.29 0.82 1.00 1.00 0.25 0.58 1.00 1.00 0.24 0.63 1.00 1.00 0.29 0.62 1.00 1.00 0.29 0.64 1.00 1.00 0.28 0.84 1.00 1.00 0.29 0.86 1.00 1.00 0.25 0.47 1.00 1.00 0.21 0.38 1.00 1.00 0.25 0.47 1.00 1.00 0.21 0.37 1.00 1.00 0.22 0.40 1.00 1.00 0.22 0.41 1.00 1.00 0.20 0.36 1.00 1.00 0.20 0.36 1.00 1.00 0.28 0.62 1.00 1.00 0.28 0.83 1.00 1.00 0.28 0.60 1.00 1.00 0.27 0.80 1.00 1.00 0.25 0.58 1.00 1.00 0.28 0.60 1.00 1.00 0.23 0.56 1.00 1.00 0.27 0.74 1.00 1.00 0.29 0.62 1.00 1.00 0.29 0.78 1.00 1.00 0.26 0.59 1.00 1.00 0.24 0.58 1.00 1.00 0.29 0.64 1.00 1.00 0.27 0.62 1.00 1.00 0.30 0.87 1.00 1.00 0.25 0.66 1.00 1.00 0.22 0.47 1.00 1.00 0.20 0.38 1.00 1.00 0.25 0.47 1.00 1.00 0.22 0.34 1.00 1.00 0.28 0.60 1.00 1.00 0.28 0.62 1.00 1.00 0.26 0.73 1.00 1.00 0.27 0.74 1.00 1.00 0.29 0.64 1.00 1.00 0.28 0.78 1.00 1.00 0.29 0.62 1.00 1.00 0.27 0.76 1.00 1.00 0.22 0.41 1.00 1.00 0.16 0.27 0.75 1.00 0.21 0.32 0.94 1.00 0.19 0.37 1.00 1.00 0.26 0.60 1.00 1.00 0.25 0.65 1.00 1.00 0.28 0.62 1.00 1.00 0.29 0.83 1.00 1.00 0.16 0.16 0.16 1.00 0.16 0.16 0.16 1.00 0.16 0.23 0.51 1.00 0.16 0.16 0.16 1.00 0.22 0.40 1.00 1.00 0.23 0.40 1.00 1.00 0.16 0.27 0.75 1.00 0.16 0.32 0.98 1.00 0.16 0.16 0.16 1.00 0.16 0.16 0.16 1.00 0.16 0.16 0.16 1.00 0.16 0.16 0.16 1.00 0.22 0.41 1.00 1.00 0.22 0.45 1.00 1.00 0.22 0.40 1.00 1.00 0.22 0.44 1.00 1.00 0.16 0.16 0.16 1.00 0.16 0.25 0.65 1.00 0.16 0.23 0.53 1.00 0.19 0.31 0.95 1.00 0.29 0.91 1.00 1.00 0.28 0.66 1.00 1.00 0.29 0.67 1.00 1.00 0.30 0.71 1.00 1.00 0.25 0.50 1.00 1.00 0.25 0.53 1.00 1.00 0.25 0.54 1.00 1.00 0.25 0.51 1.00 1.00 0.24 0.50 1.00 1.00 0.24 0.51 1.00 1.00 0.24 0.51 1.00 1.00 0.24 0.49 1.00 1.00 0.27 0.71 1.00 1.00 0.27 0.71 1.00 1.00 0.26 0.50 1.00 1.00 0.26 0.50 1.00 1.00 0.25 0.47 1.00 1.00 0.25 0.47 1.00 1.00 0.25 0.67 1.00 1.00 0.25 0.66 1.00 1.00 0.27 0.64 1.00 1.00 0.29 0.87 1.00 1.00 0.29 0.88 1.00 1.00 0.28 0.64 1.00 1.00 0.26 0.56 1.00 1.00 0.26 0.53 1.00 1.00 0.25 0.53 1.00 1.00 0.25 0.55 1.00 1.00 0.31 0.91 1.00 1.00 0.31 0.92 1.00 1.00 0.31 0.93 1.00 1.00 0.31 0.93 1.00 1.00 0.24 0.52 1.00 1.00 0.24 0.51 1.00 1.00 0.24 0.50 1.00 1.00 0.24 0.52 1.00 1.00 0.16 0.25 0.65 1.00 0.16 0.16 0.16 1.00 0.19 0.31 0.94 1.00 0.16 0.23 0.53 1.00 0.16 0.16 0.16 1.00 0.16 0.16 0.16 1.00 0.19 0.28 0.75 1.00 0.19 0.28 0.76 1.00 0.28 0.35 0.60 1.00 0.16 0.16 0.16 1.00 0.16 0.30 0.88 1.00 0.16 0.24 0.58 1.00 0.09 0.16 0.44 1.00 0.16 0.32 0.96 1.00 0.16 0.27 0.75 1.00 0.16 0.24 0.59 1.00 0.16 0.28 0.76 1.00 0.16 0.30 0.89 1.00 0.16 0.32 0.97 1.00 0.16 0.34 1.00 1.00 0.09 0.16 0.44 1.00 0.09 0.18 0.54 1.00 0.16 0.66 1.00 1.00 0.16 0.48 1.00 1.00 0.16 0.50 1.00 1.00 0.16 0.41 1.00 1.00 0.16 0.65 1.00 1.00 0.16 0.48 1.00 1.00 0.16 0.53 1.00 1.00 0.16 0.43 1.00 1.00 0.16 0.49 1.00 1.00 0.16 0.56 1.00 1.00 0.16 0.78 1.00 1.00 0.18 0.40 1.00 1.00 0.22 0.29 0.49 1.00 0.18 0.41 1.00 1.00 0.24 0.37 0.99 1.00 0.10 0.13 0.18 1.00 0.09 0.11 0.15 1.00 0.22 0.34 0.87 1.00 0.22 0.27 0.45 1.00 0.18 0.40 1.00 1.00 0.18 0.39 1.00 1.00 0.16 0.57 1.00 1.00 0.16 0.80 1.00 1.00 0.16 0.34 1.00 1.00 0.16 0.29 0.84 1.00 0.30 0.42 0.69 1.00 0.26 0.35 0.55 1.00 0.25 0.33 0.51 1.00 0.22 0.27 0.38 1.00 0.25 0.33 0.51 1.00 0.10 0.12 0.16 1.00 0.23 0.30 0.44 1.00 0.10 0.13 0.18 1.00 0.25 0.32 0.49 1.00 0.27 0.38 0.61 1.00 0.24 0.32 0.49 1.00 0.33 0.48 0.82 1.00 0.09 0.11 0.15 1.00 0.10 0.13 0.18 1.00 0.09 0.18 0.53 1.00 0.07 0.13 0.33 1.00 0.16 0.41 1.00 1.00 0.09 0.18 0.54 1.00 0.09 0.16 0.44 1.00 0.16 0.43 1.00 1.00 0.18 0.43 1.00 1.00 0.16 0.67 1.00 1.00 0.16 0.54 1.00 1.00 0.16 0.68 1.00 1.00 0.20 0.28 0.61 1.00 0.10 0.12 0.16 1.00 0.09 0.11 0.14 1.00 0.18 0.42 1.00 1.00 0.20 0.27 0.58 1.00 0.10 0.12 0.16 1.00 0.11 0.13 0.18 1.00 0.11 0.13 0.19 1.00 0.16 0.31 0.94 1.00 0.07 0.13 0.33 1.00 0.09 0.18 0.53 1.00 0.09 0.16 0.44 1.00 0.11 0.13 0.19 1.00 0.17 0.31 0.98 1.00 0.16 0.31 0.94 1.00 0.16 0.33 1.00 1.00 0.16 0.29 0.85 1.00 0.07 0.13 0.33 1.00 0.09 0.11 0.13 1.00 0.17 0.32 1.00 1.00 0.17 0.33 1.00 1.00 0.07 0.13 0.33 1.00 0.21 0.25 0.35 1.00 0.29 0.42 0.68 1.00 0.23 0.30 0.44 1.00 0.25 0.32 0.49 1.00 0.11 0.13 0.20 1.00 0.21 0.25 0.34 1.00 0.20 0.24 0.31 1.00 0.16 0.16 0.16 1.00 0.09 0.11 0.14 1.00 0.18 0.19 0.22 1.00 0.19 0.22 0.28 1.00 0.09 0.11 0.13 1.00 0.18 0.19 0.22 1.00 0.16 0.16 0.16 1.00 0.16 0.17 0.18 1.00 0.17 0.18 0.19 1.00 0.37 0.92 1.00 1.00 0.38 1.00 1.00 1.00 0.45 0.75 1.00 1.00 0.43 0.84 1.00 1.00 0.35 0.82 1.00 1.00 0.44 1.00 1.00 1.00 0.37 1.00 1.00 1.00 0.38 1.00 1.00 1.00 0.40 1.00 1.00 1.00 0.41 1.00 1.00 1.00 0.41 1.00 1.00 1.00 0.40 1.00 1.00 1.00 0.38 1.00 1.00 1.00 0.36 1.00 1.00 1.00 0.35 0.98 1.00 1.00 0.33 0.77 1.00 1.00 0.42 0.80 1.00 1.00 0.44 0.74 1.00 1.00 0.46 0.73 1.00 1.00 0.37 0.89 1.00 1.00 0.39 1.00 1.00 1.00 0.41 1.00 1.00 1.00 0.42 1.00 1.00 1.00 0.43 1.00 1.00 1.00 0.44 1.00 1.00 1.00 0.44 1.00 1.00 1.00 0.43 1.00 1.00 1.00 0.42 1.00 1.00 1.00 0.40 1.00 1.00 1.00 0.39 1.00 1.00 1.00 0.38 1.00 1.00 1.00 0.37 0.96 1.00 1.00 0.37 0.91 1.00 1.00 0.18 0.19 0.22 1.00 0.18 0.19 0.22 1.00 0.16 0.17 0.18 1.00 0.16 0.16 0.16 1.00 0.16 0.16 0.16 1.00 0.16 0.16 0.16 1.00 0.16 0.17 0.18 1.00 0.16 0.16 0.16 1.00 0.17 0.18 0.19 1.00 0.19 0.22 0.28 1.00 0.17 0.19 0.22 1.00 0.19 0.22 0.28 1.00 0.16 0.17 0.18 1.00 0.19 0.22 0.28 1.00 0.20 0.23 0.31 1.00 0.20 0.23 0.30 1.00 0.19 0.22 0.28 1.00 0.18 0.19 0.22 1.00 0.19 0.22 0.29 1.00 0.20 0.24 0.33 1.00 0.20 0.24 0.32 1.00 0.17 0.18 0.19 1.00 0.16 0.16 0.16 1.00 0.16 0.16 0.16 1.00 0.16 0.16 0.16 1.00 0.17 0.18 0.19 1.00 0.16 0.37 1.00 1.00 0.16 0.42 1.00 1.00 0.07 0.12 0.33 1.00 0.16 0.44 1.00 1.00 0.07 0.13 0.35 1.00 0.16 0.44 1.00 1.00 0.21 0.49 1.00 1.00 0.07 0.13 0.34 1.00 0.07 0.13 0.35 1.00 0.22 0.69 1.00 1.00 0.04 0.06 0.15 1.00 0.16 0.23 0.51 1.00 0.16 0.28 0.78 1.00 0.16 0.23 0.51 1.00 0.16 0.23 0.51 1.00 0.00 0.00 0.00 1.00 0.00 0.00 0.00 1.00 0.16 0.28 0.78 1.00 0.21 0.37 1.00 1.00 0.00 0.00 0.00 1.00 0.00 0.00 0.00 1.00 0.21 0.37 1.00 1.00 0.02 0.03 0.06 1.00 0.16 0.34 1.00 1.00 0.22 0.55 1.00 1.00 0.22 0.66 1.00 1.00 0.09 0.17 0.50 1.00 0.09 0.21 0.52 1.00 0.09 0.21 0.52 1.00 0.22 0.66 1.00 1.00 0.22 0.73 1.00 1.00 0.09 0.22 0.52 1.00 0.16 0.44 1.00 1.00 0.09 0.22 0.52 1.00 0.22 0.69 1.00 1.00 0.09 0.22 0.52 1.00 0.09 0.22 0.52 1.00 0.22 0.67 1.00 1.00 0.21 0.52 1.00 1.00 0.21 0.38 1.00 1.00 0.21 0.38 1.00 1.00 0.21 0.32 0.96 1.00 0.21 0.38 1.00 1.00 0.21 0.38 1.00 1.00 0.22 0.53 1.00 1.00 0.22 0.68 1.00 1.00 0.22 0.68 1.00 1.00 0.22 0.74 1.00 1.00 0.22 0.67 1.00 1.00 0.22 0.74 1.00 1.00 0.20 0.57 1.00 1.00 0.21 0.66 1.00 1.00 0.37 1.00 1.00 1.00 0.09 0.19 0.64 1.00 0.15 0.40 1.00 1.00 0.00 0.00 0.00 1.00 0.19 0.40 1.00 1.00 0.18 0.24 0.55 1.00 0.00 0.00 0.00 1.00 0.00 0.00 0.00 1.00 0.18 0.24 0.55 1.00 0.18 0.19 0.23 1.00 0.00 0.00 0.00 1.00 0.19 0.25 0.57 1.00 0.00 0.00 0.00 1.00 0.09 0.20 0.71 1.00 0.19 0.25 0.57 1.00 0.20 0.41 1.00 1.00 0.50 1.00 1.00 1.00 0.15 0.42 1.00 1.00 0.15 0.49 1.00 1.00 0.15 0.42 1.00 1.00 0.21 0.58 1.00 1.00 0.15 0.40 1.00 1.00 0.16 0.30 0.87 1.00 0.16 0.34 1.00 1.00 0.09 0.17 0.50 1.00 0.02 0.03 0.06 1.00 0.16 0.23 0.51 1.00 0.16 0.16 0.16 1.00 0.04 0.06 0.15 1.00 0.00 0.00 0.00 1.00 0.21 0.52 1.00 1.00 0.22 0.67 1.00 1.00 0.20 0.57 1.00 1.00 0.22 0.67 1.00 1.00 0.21 0.38 1.00 1.00 0.21 0.38 1.00 1.00 0.21 0.32 0.96 1.00 0.21 0.38 1.00 1.00 0.22 0.53 1.00 1.00 0.21 0.38 1.00 1.00 0.22 0.68 1.00 1.00 0.21 0.58 1.00 1.00 0.22 0.68 1.00 1.00 0.09 0.17 0.49 1.00 0.16 0.52 1.00 1.00 0.09 0.27 0.67 1.00 0.10 0.23 0.76 1.00 0.00 0.00 0.00 1.00 0.20 0.24 0.33 1.00 0.18 0.20 0.29 1.00 0.08 0.18 0.64 1.00 0.41 0.48 0.74 1.00 0.19 0.39 1.00 1.00 0.00 0.00 0.00 1.00 0.05 0.06 0.11 1.00 0.06 0.12 0.36 1.00 </float_array>
                    <technique_common>
                        <accessor source="#geom-010A4538-colors-array" count="1433" stride="4">
                            <param name="R" type="float" />
                            <param name="G" type="float" />
                            <param name="B" type="float" />
                            <param name="A" type="float" />
                        </accessor>
                    </technique_common>
                </source>
                <vertices id="geom-010A4538-vtx">
                    <input semantic="POSITION" source="#geom-010A4538-pos" />
                </vertices>
                <triangles count="207" material="material-02681051-symbol">
                    <input semantic="VERTEX" source="#geom-010A4538-vtx" offset="0" />
                    <input semantic="TEXCOORD" source="#geom-010A4538-texcoord" offset="0" />
                    <input semantic="COLOR" source="#geom-010A4538-colors" offset="0" />
                    <p>0 1 2 48 1 0 27 48 0 25 48 27 26 25 27 24 25 26 25 24 5 5 28 25 28 29 25 29 28 52 29 52 53 29 53 46 34 29 46 34 46 47 47 32 34 19 32 47 57 19 47 57 44 19 19 44 17 17 18 19 17 22 18 41 22 17 42 41 17 41 42 43 41 20 22 41 35 20 20 35 36 51 20 36 21 20 51 20 21 22 22 21 23 18 22 23 2 1 3 16 3 1 15 3 16 30 16 31 30 31 34 34 33 30 32 33 34 29 34 31 29 31 1 48 29 1 25 29 48 4 5 6 4 6 54 54 6 10 54 10 55 55 10 8 55 8 56 7 8 9 8 10 45 10 11 12 6 11 10 5 24 6 9 13 14 9 12 13 10 12 9 13 12 40 39 13 40 38 13 39 13 38 14 14 38 50 36 35 37 40 12 49 12 11 49 17 58 42 17 44 58 42 58 59 31 16 1 </p>
                </triangles>
            </mesh>
        </geometry>
        <geometry id="geom-015C6EFA" name="geom-015C6EFA">
            <mesh>
                <source id="geom-015C6EFA-pos">
                    <float_array id="geom-015C6EFA-pos-array" count="4119">3492.00 -180.00 -810.00 3515.78 -180.00 -810.00 3492.00 -220.00 -810.00 3515.78 -220.00 -810.00 3515.78 -140.00 -840.00 3492.00 -140.00 -840.00 3515.78 -140.00 -870.00 3492.00 -140.00 -870.00 3515.78 -140.00 -870.00 3492.00 -140.00 -870.00 3515.78 -180.00 -870.00 3492.00 -180.00 -870.00 3515.78 -140.00 -840.00 3515.78 -140.00 -870.00 3515.78 -120.00 -840.00 3515.78 -120.00 -870.00 3515.78 -220.00 -810.00 3515.78 -180.00 -810.00 3515.78 -220.00 -790.00 3515.78 -180.00 -790.00 3515.78 -220.00 -870.00 3515.78 -220.00 -890.00 3515.78 -180.00 -870.00 3515.78 -180.00 -890.00 3515.78 -140.00 -810.00 3515.78 -120.00 -810.00 3515.78 -140.00 -790.00 3515.78 -120.00 -790.00 3515.78 -140.00 -810.00 3492.00 -140.00 -810.00 3504.66 -120.00 -870.00 3504.66 -120.00 -840.00 3515.78 -120.00 -870.00 3515.78 -120.00 -840.00 3515.78 -220.00 -790.00 3504.66 -220.00 -790.00 3515.78 -240.00 -790.00 3504.66 -240.00 -790.00 3504.66 -140.00 -890.00 3504.66 -120.00 -890.00 3515.78 -140.00 -890.00 3515.78 -120.00 -890.00 3504.66 -120.00 -810.00 3504.66 -120.00 -790.00 3515.78 -120.00 -810.00 3515.78 -120.00 -790.00 3515.78 -140.00 -810.00 3492.00 -140.00 -810.00 3515.78 -220.00 -870.00 3492.00 -220.00 -870.00 3515.78 -240.00 -870.00 3492.00 -240.00 -870.00 3515.78 -140.00 -790.00 3515.78 -180.00 -790.00 3515.78 -140.00 -810.00 3515.78 -180.00 -810.00 3515.78 -140.00 -870.00 3515.78 -140.00 -890.00 3515.78 -120.00 -870.00 3515.78 -120.00 -890.00 3515.78 -140.00 -810.00 3515.78 -120.00 -810.00 3515.78 -140.00 -870.00 3515.78 -180.00 -870.00 3515.78 -140.00 -890.00 3515.78 -180.00 -890.00 3504.66 -180.00 -790.00 3515.78 -180.00 -790.00 3504.66 -140.00 -790.00 3515.78 -140.00 -790.00 3515.78 -240.00 -810.00 3515.78 -220.00 -810.00 3515.78 -240.00 -790.00 3515.78 -220.00 -790.00 3515.78 -220.00 -810.00 3515.78 -240.00 -810.00 3492.00 -220.00 -810.00 3492.00 -240.00 -810.00 3515.78 -240.00 -870.00 3515.78 -240.00 -890.00 3515.78 -220.00 -870.00 3515.78 -220.00 -890.00 3515.78 -220.00 -890.00 3504.66 -220.00 -890.00 3515.78 -180.00 -890.00 3504.66 -180.00 -890.00 3504.66 -120.00 -890.00 3504.66 -120.00 -870.00 3515.78 -120.00 -890.00 3515.78 -120.00 -870.00 3504.66 -120.00 -810.00 3515.78 -120.00 -810.00 3504.66 -140.00 -890.00 3515.78 -140.00 -890.00 3515.78 -220.00 -890.00 3515.78 -240.00 -890.00 3504.66 -220.00 -890.00 3504.66 -240.00 -890.00 3515.78 -220.00 -790.00 3504.66 -220.00 -790.00 3504.66 -140.00 -790.00 3515.78 -140.00 -790.00 3504.66 -120.00 -790.00 3492.00 -220.00 -870.00 3515.78 -220.00 -870.00 4052.00 -180.00 -705.00 4052.00 -210.00 -705.00 4052.00 -180.00 -652.50 4052.00 -240.00 -652.50 4052.00 -240.00 -705.00 3932.00 -180.00 -600.00 3932.00 -240.00 -600.00 3812.00 -180.00 -600.00 3812.00 -240.00 -600.00 3932.00 -240.00 -1080.00 3932.00 -180.00 -1080.00 3812.00 -240.00 -1080.00 3812.00 -180.00 -1080.00 3752.00 -240.00 -1020.00 3752.00 -180.00 -1020.00 3692.00 -240.00 -960.00 3692.00 -180.00 -960.00 3512.00 -180.00 -960.00 3512.00 -240.00 -960.00 3602.00 -180.00 -960.00 3602.00 -240.00 -960.00 3692.00 -240.00 -720.00 3602.00 -240.00 -720.00 3692.00 -180.00 -720.00 3602.00 -180.00 -720.00 3812.00 -240.00 -600.00 3752.00 -240.00 -660.00 3812.00 -180.00 -600.00 3752.00 -180.00 -660.00 4052.00 -240.00 -1080.00 4052.00 -240.00 -1027.50 4052.00 -180.00 -1080.00 4052.00 -180.00 -1027.50 3933.31 -180.00 -1083.45 3810.57 -180.00 -1083.45 3690.57 -180.00 -963.45 3750.57 -180.00 -1023.45 3601.28 -180.00 -963.75 3512.00 -180.00 -964.04 4056.04 -180.00 -1029.23 4056.04 -180.00 -1083.45 4056.04 -180.00 -705.00 4056.04 -180.00 -650.77 3933.31 -180.00 -596.55 3810.57 -180.00 -596.55 3690.57 -180.00 -716.55 3601.28 -180.00 -716.25 3750.57 -180.00 -656.55 3810.57 -180.00 -596.55 4052.00 -240.00 -1080.00 4052.00 -180.00 -1080.00 3932.00 -240.00 -1080.00 3932.00 -180.00 -1080.00 3933.31 -180.00 -1083.45 4056.04 -180.00 -1083.45 3932.00 -180.00 -600.00 3933.31 -180.00 -596.55 4052.00 -180.00 -600.00 4056.04 -180.00 -596.55 4052.00 -240.00 -600.00 3932.00 -240.00 -600.00 3812.00 -240.00 -1080.00 3812.00 -180.00 -1080.00 3752.00 -240.00 -1020.00 3752.00 -180.00 -1020.00 3750.57 -180.00 -1023.45 3810.57 -180.00 -1083.45 3752.00 -180.00 -660.00 3752.00 -240.00 -660.00 3692.00 -180.00 -720.00 3692.00 -240.00 -720.00 3750.57 -180.00 -656.55 3690.57 -180.00 -716.55 3602.00 -180.00 -960.00 3602.00 -240.00 -960.00 3692.00 -180.00 -960.00 3692.00 -240.00 -960.00 3601.28 -180.00 -963.75 3690.57 -180.00 -963.45 3602.00 -180.00 -720.00 3602.00 -240.00 -720.00 3512.00 -180.00 -720.00 3512.00 -240.00 -720.00 3601.28 -180.00 -716.25 3512.00 -180.00 -715.96 4052.00 -180.00 -600.00 4052.00 -240.00 -600.00 4052.00 -180.00 -975.00 4052.00 -210.00 -975.00 4052.00 -240.00 -975.00 4056.04 -180.00 -596.55 4056.04 -180.00 -975.00 4052.00 100.00 -975.00 4052.00 40.00 -1027.50 4056.04 100.00 -975.00 4056.04 40.00 -1029.23 4052.00 -20.00 -975.00 4052.00 40.00 -975.00 4056.04 -20.00 -975.00 4056.04 40.00 -975.00 3932.00 -20.00 -1080.00 3812.00 -20.00 -1080.00 3933.31 -20.00 -1083.45 3810.57 -20.00 -1083.45 3752.00 -20.00 -1020.00 3750.57 -20.00 -1023.45 3812.00 -20.00 -1080.00 3810.57 -20.00 -1083.45 3692.00 -20.00 -960.00 3602.00 -20.00 -960.00 3690.57 -20.00 -963.45 3601.28 -20.00 -963.75 4052.00 -146.84 -975.00 4052.00 -100.00 -975.00 4056.04 -146.84 -975.00 4056.04 -100.00 -975.00 4052.00 40.00 -652.50 4056.04 40.00 -650.77 4052.00 -20.00 -600.00 4056.04 -20.00 -596.55 4056.04 40.49 -705.00 4052.00 40.00 -705.00 4056.04 -20.00 -705.00 4052.00 -20.00 -705.00 4052.00 -100.00 -705.00 4056.04 -100.00 -705.00 3932.00 -20.00 -600.00 3933.31 -20.00 -596.55 3812.00 -20.00 -600.00 3810.57 -20.00 -596.55 3602.00 -20.00 -720.00 3601.28 -20.00 -716.25 3512.00 -20.00 -720.00 3509.18 -20.00 -715.96 3692.00 -20.00 -720.00 3752.00 -20.00 -660.00 3690.57 -20.00 -716.55 3750.57 -20.00 -656.55 4052.00 -20.00 -1080.00 4056.04 -20.00 -1083.45 4052.00 -20.00 -600.00 4056.04 -20.00 -596.55 3690.57 -20.00 -963.45 3692.00 -20.00 -960.00 3812.00 -20.00 -600.00 3810.57 -20.00 -596.55 3512.00 -20.00 -960.00 3509.18 -20.06 -964.04 3690.57 -20.00 -716.55 3692.00 -20.00 -720.00 4056.04 -146.84 -705.00 4052.00 -146.84 -705.00 4056.04 -180.00 -705.00 4052.00 -180.00 -705.00 4052.00 100.00 -840.00 4052.00 100.00 -907.50 4083.40 100.00 -878.50 4052.00 100.00 -955.49 4060.16 100.00 -955.49 4052.00 -20.00 -955.49 4060.16 22.50 -955.49 4052.00 40.00 -955.49 4060.16 100.00 -955.49 4052.00 -146.84 -955.49 4060.16 -132.50 -955.49 4052.00 -100.00 -955.49 4060.16 -55.00 -955.49 4052.00 -210.00 -724.51 4052.00 -146.84 -724.51 4060.16 -210.00 -724.51 4060.16 -132.50 -724.51 4052.00 -20.00 -724.51 4052.00 40.00 -724.51 4060.16 22.50 -724.51 4060.16 100.00 -724.51 4052.00 100.00 -724.51 4052.00 -100.00 -724.51 4060.16 -55.00 -724.51 4052.00 -210.00 -955.49 4060.16 -210.00 -955.49 4083.40 100.00 -801.50 4052.00 100.00 -772.50 4052.00 100.00 -724.51 4060.16 100.00 -724.51 3509.18 -20.06 -964.04 3512.00 -20.00 -960.00 3509.18 -20.00 -907.82 3512.00 -20.00 -907.50 4052.00 -180.00 -975.00 4056.04 -180.00 -975.00 4052.00 100.00 -705.00 4056.04 100.00 -705.00 4056.04 100.00 -975.00 4052.00 100.00 -975.00 4056.04 100.00 -705.00 4052.00 100.00 -705.00 4052.00 -20.00 -1080.00 4056.04 -20.00 -1083.45 3512.00 -20.00 -840.00 3509.18 -20.00 -840.00 3509.18 -20.00 -715.96 3509.18 -20.00 -765.70 3512.00 -20.00 -720.00 3512.00 -20.00 -766.77 3509.18 -20.00 -826.88 3512.00 -20.00 -827.75 4052.00 -20.00 -705.00 4052.00 40.00 -705.00 4052.00 -20.00 -724.51 4052.00 40.00 -724.51 4052.00 100.00 -955.49 4052.00 100.00 -975.00 4052.00 40.00 -955.49 4052.00 40.00 -975.00 3602.00 0.00 -960.00 3602.00 -20.00 -960.00 3692.00 0.00 -960.00 3692.00 -20.00 -960.00 3752.00 0.00 -1020.00 3752.00 -20.00 -1020.00 3812.00 0.00 -1080.00 3812.00 -20.00 -1080.00 3932.00 0.00 -1080.00 3932.00 -20.00 -1080.00 4052.00 -20.00 -1080.00 4052.00 40.00 -1027.50 4052.00 0.00 -1080.00 4052.00 60.00 -1027.50 4052.00 120.00 -975.00 4052.00 100.00 -975.00 4052.00 120.00 -907.50 4052.00 100.00 -907.50 4052.00 120.00 -705.00 4052.00 100.00 -705.00 4052.00 60.00 -652.50 4052.00 40.00 -652.50 3932.00 0.00 -600.00 3932.00 -20.00 -600.00 3812.00 0.00 -600.00 3812.00 -20.00 -600.00 3752.00 0.00 -660.00 3752.00 -20.00 -660.00 3692.00 0.00 -720.00 3692.00 -20.00 -720.00 3602.00 0.00 -720.00 3602.00 -20.00 -720.00 3512.00 0.00 -720.00 3512.00 -20.00 -720.00 4052.00 -100.00 -724.51 4052.00 -100.00 -705.00 4052.00 -100.00 -975.00 4052.00 -100.00 -955.49 4052.00 -20.00 -975.00 4052.00 -20.00 -955.49 3512.00 0.00 -840.00 3512.00 -20.00 -840.00 3512.00 0.00 -907.50 3512.00 -20.00 -907.50 4052.00 0.00 -1080.00 4052.00 -20.00 -1080.00 4052.00 0.00 -600.00 4052.00 -20.00 -600.00 3512.00 0.00 -960.00 3512.00 -20.00 -960.00 4052.00 -210.00 -975.00 4052.00 -210.00 -955.49 4052.00 -180.00 -975.00 4052.00 -146.84 -955.49 4052.00 -146.84 -975.00 4052.00 -146.84 -705.00 4052.00 -146.84 -724.51 4052.00 -180.00 -705.00 4052.00 -210.00 -724.51 4052.00 -210.00 -705.00 4052.00 -146.84 -724.51 4052.00 -146.84 -705.00 4052.00 120.00 -840.00 4052.00 100.00 -840.00 4052.00 120.00 -772.50 4052.00 100.00 -772.50 3512.00 0.00 -960.00 3512.00 -20.00 -960.00 4052.00 120.00 -705.00 4052.00 100.00 -705.00 4052.00 -146.84 -975.00 4052.00 -146.84 -955.49 4052.00 100.00 -724.51 4052.00 100.00 -705.00 4052.00 0.00 -600.00 4052.00 -20.00 -600.00 4052.00 100.00 -975.00 4052.00 120.00 -975.00 3512.00 0.00 -720.00 3512.00 -20.00 -720.00 3512.00 0.00 -750.17 3512.00 -20.00 -766.77 3512.00 -20.00 -827.75 3633.00 -9.54 -817.46 3605.69 17.00 -806.19 3664.00 0.00 -834.00 3647.00 -9.54 -762.46 3601.82 10.94 -764.81 3602.00 -11.09 -751.00 3602.00 -11.09 -751.00 3601.82 10.94 -764.81 3515.89 0.25 -761.68 3511.10 24.18 -777.91 3525.03 19.88 -815.17 3515.89 0.25 -821.68 3449.14 59.16 -849.98 3440.51 47.22 -863.38 3515.89 0.25 -761.68 3511.10 24.18 -777.91 3440.51 47.22 -803.38 3448.54 62.62 -816.59 3515.89 0.25 -821.68 3525.03 19.88 -815.17 3602.00 -11.09 -811.00 3605.69 17.00 -806.19 3602.00 -33.62 -802.00 3512.57 -20.98 -812.68 3602.00 -11.09 -811.00 3515.89 0.25 -821.68 3511.15 -29.75 -791.68 3431.02 18.76 -833.38 3512.57 -20.98 -812.68 3433.87 27.30 -854.38 3512.57 -20.98 -770.68 3433.87 27.30 -812.38 3515.89 0.25 -761.68 3440.51 47.22 -803.38 3515.89 0.25 -821.68 3440.51 47.22 -863.38 3602.00 -42.62 -781.00 3511.15 -29.75 -791.68 3602.00 -33.62 -760.00 3512.57 -20.98 -770.68 3515.89 0.25 -761.68 3602.00 -11.09 -751.00 3602.00 -11.09 -811.00 3692.00 0.00 -784.00 3860.00 115.42 -898.62 3908.00 120.00 -883.00 3870.50 100.47 -889.70 3921.16 106.03 -876.43 3824.97 89.98 -901.00 3824.97 77.39 -881.99 3873.00 89.17 -872.20 3824.97 89.94 -864.83 3866.00 99.94 -858.12 3827.39 96.36 -855.38 3861.00 115.42 -853.12 3823.61 105.45 -855.60 3787.00 63.47 -897.18 3778.00 85.50 -904.60 3824.97 89.98 -901.00 3818.40 104.45 -908.83 3685.00 -24.00 -834.00 3692.00 0.00 -844.00 3753.00 30.00 -884.00 3728.00 36.00 -879.00 3789.79 56.08 -880.31 3753.00 30.00 -884.00 3761.91 30.58 -866.38 3761.91 30.58 -866.38 3698.00 -25.00 -818.00 3755.98 38.26 -848.64 3786.32 62.58 -862.42 3755.98 38.26 -848.64 3697.48 -17.56 -800.10 3772.50 80.00 -852.10 3749.00 57.00 -841.00 3749.00 57.00 -841.00 3695.76 -9.59 -784.82 3692.00 0.00 -784.00 3685.00 -24.00 -834.00 3643.50 -35.09 -812.96 3664.00 0.00 -834.00 3633.00 -9.54 -817.46 3650.00 -40.09 -794.46 3602.00 -33.62 -802.00 3602.00 -42.62 -781.00 3649.50 -31.59 -773.46 3602.00 -33.62 -760.00 3647.00 -9.54 -762.46 3602.00 -11.09 -751.00 3782.49 61.18 -786.54 3809.43 84.52 -813.48 3776.59 69.87 -783.87 3803.80 95.21 -811.55 3806.52 77.10 -821.00 3827.39 96.36 -855.38 3824.97 89.94 -864.83 3766.18 64.38 -802.74 3787.65 86.51 -825.73 3774.37 58.30 -805.57 3795.57 77.66 -826.33 3796.00 103.00 -853.83 3801.61 88.38 -857.65 3787.65 86.51 -825.73 3762.26 37.88 -779.32 3753.56 44.15 -775.76 3739.87 18.10 -777.78 3730.52 25.34 -773.78 3695.76 -9.59 -784.82 3692.00 0.00 -784.00 3736.54 19.95 -800.86 3697.48 -17.56 -800.10 3705.44 0.58 -803.44 3758.76 38.07 -799.58 3752.06 46.15 -797.76 3602.00 -11.09 -811.00 3698.00 -25.00 -818.00 3697.48 -17.56 -800.10 3695.76 -9.59 -784.82 3692.00 0.00 -784.00 3744.00 51.00 -891.00 3824.97 77.39 -881.99 3824.97 89.94 -864.83 3801.61 88.38 -857.65 3796.00 103.00 -853.83 3924.89 93.97 -857.00 3925.60 97.78 -867.07 3818.40 104.45 -908.83 3917.71 97.23 -847.61 3910.03 103.55 -844.22 3892.00 120.00 -845.00 3781.30 55.68 -797.74 3764.18 33.45 -790.76 3742.56 15.41 -790.72 3823.61 105.45 -855.60 3712.00 19.00 -803.00 3729.27 27.95 -800.35 4003.68 -244.40 -857.27 3993.91 -244.40 -871.91 4003.64 -210.00 -857.25 3993.88 -210.00 -871.88 3979.27 -244.40 -881.69 3979.25 -210.00 -881.65 3979.27 -244.40 -881.69 3962.00 -244.40 -885.12 3979.25 -210.00 -881.65 3962.00 -210.00 -885.08 3962.00 -244.40 -885.12 3944.73 -244.40 -881.69 3944.75 -210.00 -881.65 3944.73 -244.40 -881.69 3930.09 -244.40 -871.91 3944.75 -210.00 -881.65 3930.12 -210.00 -871.88 3920.31 -244.40 -857.27 3920.35 -210.00 -857.25 3920.31 -244.40 -857.27 3916.88 -244.40 -840.00 3920.35 -210.00 -857.25 3916.92 -210.00 -840.00 3920.31 -244.40 -822.73 3920.35 -210.00 -822.75 3920.31 -244.40 -822.73 3930.09 -244.40 -808.09 3920.35 -210.00 -822.75 3930.12 -210.00 -808.12 3944.73 -244.40 -798.31 3944.75 -210.00 -798.35 3944.73 -244.40 -798.31 3962.00 -244.40 -794.88 3944.75 -210.00 -798.35 3962.00 -210.00 -794.92 3979.27 -244.40 -798.31 3979.25 -210.00 -798.35 3979.27 -244.40 -798.31 3993.91 -244.40 -808.09 3979.25 -210.00 -798.35 3993.88 -210.00 -808.12 4003.68 -244.40 -822.73 4003.64 -210.00 -822.75 4003.68 -244.40 -822.73 4007.04 -244.40 -840.00 4003.64 -210.00 -822.75 4007.08 -210.00 -840.00 4003.68 -244.40 -857.27 4003.64 -210.00 -857.25 3996.16 -210.00 -840.00 3993.56 -210.00 -853.08 3993.56 -210.00 -853.08 3986.16 -210.00 -864.16 3975.08 -210.00 -871.56 3975.08 -210.00 -871.56 3962.00 -210.00 -874.16 3948.92 -210.00 -871.56 3948.92 -210.00 -871.56 3937.84 -210.00 -864.16 3930.44 -210.00 -853.08 3930.44 -210.00 -853.08 3927.84 -210.00 -840.00 3930.44 -210.00 -826.92 3930.44 -210.00 -826.92 3937.84 -210.00 -815.84 3948.92 -210.00 -808.44 3948.92 -210.00 -808.44 3962.00 -210.00 -805.84 3975.08 -210.00 -808.44 3975.08 -210.00 -808.44 3986.16 -210.00 -815.84 3993.56 -210.00 -826.92 3993.56 -210.00 -826.92 3990.92 -213.33 -851.98 3984.13 -213.33 -862.13 3973.98 -213.33 -868.92 3973.98 -213.33 -868.92 3962.00 -213.33 -871.30 3950.02 -213.33 -868.92 3950.02 -213.33 -868.92 3939.87 -213.33 -862.13 3933.08 -213.33 -851.98 3933.08 -213.33 -851.98 3930.70 -213.33 -840.00 3933.08 -213.33 -828.02 3933.08 -213.33 -828.02 3939.87 -213.33 -817.87 3950.02 -213.33 -811.08 3950.02 -213.33 -811.08 3962.00 -213.33 -808.70 3973.98 -213.33 -811.08 3973.98 -213.33 -811.08 3984.13 -213.33 -817.87 3990.92 -213.33 -828.02 3990.92 -213.33 -828.02 3993.30 -213.33 -840.00 3990.92 -213.33 -851.98 3872.00 -210.00 -975.00 3872.00 -240.00 -975.00 3872.00 -220.00 -930.00 3872.00 -240.00 -930.00 3827.00 -240.00 -930.00 3850.00 -230.00 -930.00 3872.00 -240.00 -930.00 3827.00 -230.00 -930.00 3872.00 -220.00 -930.00 3850.00 -220.00 -930.00 3872.00 -240.00 -750.00 3850.00 -230.00 -750.00 3827.00 -240.00 -750.00 3827.00 -230.00 -750.00 3872.00 -220.00 -750.00 3850.00 -220.00 -750.00 3872.00 -240.00 -705.00 3872.00 -210.00 -705.00 3872.00 -220.00 -750.00 3872.00 -240.00 -750.00 3908.79 -210.00 -771.78 3872.00 -210.00 -790.00 3872.00 -210.00 -705.00 3872.00 -210.00 -840.00 3916.51 -210.00 -858.84 3872.00 -210.00 -890.00 4015.20 -210.00 -908.22 4083.40 -210.00 -878.50 4052.00 -210.00 -955.49 3962.00 -210.00 -932.12 3943.16 -210.00 -885.50 3962.00 -210.00 -889.25 3850.00 -220.00 -840.00 3850.00 -220.00 -790.00 3872.00 -220.00 -840.00 3872.00 -220.00 -790.00 3850.00 -220.00 -890.00 3872.00 -220.00 -890.00 3850.00 -220.00 -930.00 3872.00 -220.00 -930.00 3827.00 -230.00 -840.00 3827.00 -230.00 -790.00 3850.00 -230.00 -840.00 3850.00 -230.00 -790.00 3962.00 -210.00 -975.00 3962.00 -240.00 -975.00 3872.00 -210.00 -975.00 3872.00 -240.00 -975.00 3872.00 -210.00 -705.00 3872.00 -240.00 -705.00 3962.00 -210.00 -705.00 3962.00 -240.00 -705.00 3872.00 -220.00 -890.00 3872.00 -220.00 -840.00 3872.00 -210.00 -890.00 3872.00 -210.00 -840.00 3850.00 -220.00 -840.00 3850.00 -220.00 -890.00 3850.00 -230.00 -840.00 3850.00 -230.00 -890.00 3850.00 -220.00 -790.00 3850.00 -230.00 -790.00 3850.00 -220.00 -750.00 3850.00 -230.00 -750.00 3827.00 -240.00 -856.67 3827.00 -230.00 -890.00 3827.00 -240.00 -890.00 3827.00 -230.00 -770.00 3827.00 -240.00 -770.00 3827.00 -230.00 -750.00 3827.00 -240.00 -750.00 3872.00 -210.00 -790.00 3872.00 -220.00 -790.00 3827.00 -230.00 -910.00 3850.00 -230.00 -930.00 3827.00 -230.00 -930.00 4052.00 -210.00 -975.00 4052.00 -240.00 -975.00 4052.00 -210.00 -705.00 4052.00 -240.00 -705.00 3962.00 -210.00 -747.88 3980.85 -210.00 -794.50 3962.00 -210.00 -790.75 3943.16 -210.00 -794.50 3927.18 -210.00 -805.18 4015.20 -210.00 -771.78 4007.52 -210.00 -821.16 3996.83 -210.00 -805.18 3980.85 -210.00 -885.50 3996.83 -210.00 -874.82 3927.18 -210.00 -805.18 3943.16 -210.00 -794.50 3930.09 -244.40 -808.09 3944.73 -244.40 -798.31 3962.00 -210.00 -790.75 3962.00 -244.40 -794.88 3996.83 -210.00 -805.18 4007.52 -210.00 -821.16 3993.91 -244.40 -808.09 4003.68 -244.40 -822.73 4011.16 -210.00 -840.00 4007.04 -244.40 -840.00 3996.83 -210.00 -874.82 3980.85 -210.00 -885.50 3993.91 -244.40 -871.91 3979.27 -244.40 -881.69 3962.00 -210.00 -889.25 3962.00 -244.40 -885.12 3912.76 -210.00 -840.00 3916.51 -210.00 -821.16 3916.88 -244.40 -840.00 3920.31 -244.40 -822.73 3927.18 -210.00 -874.82 3916.51 -210.00 -858.84 3930.09 -244.40 -871.91 3920.31 -244.40 -857.27 3943.16 -210.00 -885.50 3944.73 -244.40 -881.69 3980.85 -210.00 -794.50 3979.27 -244.40 -798.31 4007.52 -210.00 -858.84 4003.68 -244.40 -857.27 3962.00 -210.00 -705.00 4083.40 -210.00 -801.50 4052.00 -210.00 -724.51 3962.00 -210.00 -975.00 3872.00 -210.00 -975.00 3908.79 -210.00 -908.22 3850.00 -230.00 -930.00 3850.00 -220.00 -930.00 3827.00 -240.00 -910.00 3827.00 -230.00 -910.00 3827.00 -230.00 -890.00 3850.00 -230.00 -890.00 3872.00 -220.00 -750.00 3850.00 -220.00 -750.00 3827.00 -230.00 -770.00 3850.00 -230.00 -750.00 3827.00 -230.00 -790.00 3827.00 -240.00 -823.33 3827.00 -240.00 -790.00 3916.51 -210.00 -821.16 3912.76 -210.00 -840.00 3927.18 -210.00 -874.82 3827.00 -240.00 -930.00 3827.00 -230.00 -930.00 3827.00 -230.00 -750.00 4052.00 -210.00 -975.00 4052.00 -210.00 -705.00 4042.28 -210.00 -840.00 4007.52 -210.00 -858.84 4011.16 -210.00 -840.00 4060.16 -210.00 -724.51 4060.16 -210.00 -955.49 3827.00 -230.00 -840.00 3707.00 -240.00 -770.00 3707.00 -240.00 -790.00 3667.00 -240.00 -770.00 3667.00 -240.00 -790.00 3707.00 -240.00 -890.00 3707.00 -240.00 -910.00 3667.00 -240.00 -890.00 3667.00 -240.00 -910.00 3707.00 -240.00 -790.00 3707.00 -240.00 -770.00 3747.00 -240.00 -790.00 3747.00 -240.00 -770.00 3707.00 -240.00 -910.00 3707.00 -240.00 -890.00 3747.00 -240.00 -910.00 3747.00 -240.00 -890.00 3827.00 -240.00 -770.00 3827.00 -240.00 -790.00 3787.00 -240.00 -770.00 3787.00 -240.00 -790.00 3827.00 -240.00 -890.00 3827.00 -240.00 -910.00 3787.00 -240.00 -890.00 3787.00 -240.00 -910.00 3747.00 -240.00 -790.00 3747.00 -240.00 -770.00 3787.00 -240.00 -790.00 3787.00 -240.00 -770.00 3747.00 -240.00 -910.00 3747.00 -240.00 -890.00 3787.00 -240.00 -910.00 3787.00 -240.00 -890.00 3667.00 -240.00 -823.33 3667.00 -240.00 -790.00 3707.00 -240.00 -823.33 3707.00 -240.00 -790.00 3787.00 -240.00 -890.00 3787.00 -240.00 -856.67 3827.00 -240.00 -890.00 3827.00 -240.00 -856.67 3707.00 -240.00 -890.00 3707.00 -240.00 -856.67 3747.00 -240.00 -890.00 3747.00 -240.00 -856.67 3707.00 -240.00 -856.67 3747.00 -240.00 -856.67 3747.00 -240.00 -823.33 3747.00 -240.00 -823.33 3747.00 -240.00 -790.00 3787.00 -240.00 -823.33 3787.00 -240.00 -790.00 3667.00 -240.00 -890.00 3667.00 -240.00 -856.67 3667.00 -240.00 -856.67 3787.00 -240.00 -823.33 3787.00 -240.00 -790.00 3827.00 -240.00 -823.33 3827.00 -240.00 -790.00 3787.00 -240.00 -856.67 3827.00 -240.00 -856.67 3747.00 -240.00 -856.67 3787.00 -240.00 -856.67 3747.00 -240.00 -790.00 3747.00 -240.00 -890.00 3747.00 -240.00 -856.67 3787.00 -240.00 -890.00 3787.00 -240.00 -856.67 3932.00 0.00 -600.00 3812.00 0.00 -600.00 3932.00 60.00 -652.50 3812.00 60.00 -652.50 3692.00 0.00 -720.00 3752.00 60.00 -713.73 3752.00 0.00 -660.00 3812.00 120.00 -707.95 3812.00 120.00 -972.05 3752.00 60.00 -966.27 3812.00 60.00 -1027.50 3932.00 120.00 -973.08 3932.00 60.00 -1027.50 3932.00 0.00 -1080.00 3812.00 0.00 -1080.00 3602.00 0.00 -720.00 3602.00 0.00 -772.50 3692.00 0.00 -772.50 3692.00 0.00 -907.50 3752.00 60.00 -907.50 3932.00 120.00 -907.50 3812.00 120.00 -907.50 4052.00 60.00 -1027.50 4052.00 0.00 -1080.00 4052.00 120.00 -975.00 4052.00 120.00 -907.50 4052.00 60.00 -652.50 4052.00 120.00 -705.00 3932.00 120.00 -706.92 3512.00 0.00 -840.00 3512.00 0.00 -907.50 3602.00 0.00 -840.00 3602.00 0.00 -907.50 3692.00 0.00 -840.00 3932.00 120.00 -840.00 4052.00 120.00 -840.00 3932.00 120.00 -772.50 4052.00 120.00 -772.50 3812.00 120.00 -840.00 3812.00 120.00 -772.50 3752.00 60.00 -840.00 3752.00 60.00 -772.50 3602.00 0.00 -960.00 3512.00 0.00 -960.00 3692.00 0.00 -960.00 3932.00 120.00 -873.75 3812.00 120.00 -873.75 3752.00 60.00 -873.75 3752.00 0.00 -1020.00 4052.00 0.00 -600.00 3564.10 0.00 -818.12 3560.66 0.00 -803.17 3569.45 0.00 -772.50 3536.36 0.00 -751.50 3512.00 0.00 -720.00 3512.00 0.00 -750.17 4084.40 81.59 -898.75 4072.20 81.59 -939.17 4084.40 40.91 -898.75 4072.20 40.91 -939.17 4084.40 -73.41 -898.75 4072.16 -73.41 -939.17 4084.40 -114.09 -898.75 4072.16 -114.09 -939.17 4072.16 -150.91 -740.83 4084.40 -150.91 -781.25 4072.16 -191.59 -740.83 4084.40 -191.59 -781.25 4072.16 4.09 -740.83 4084.40 4.09 -781.25 4072.16 -36.59 -740.83 4084.40 -36.59 -781.25 4090.20 -150.91 -819.79 4090.20 -150.91 -860.21 4090.20 -191.59 -819.79 4090.20 -191.59 -860.21 4090.20 4.09 -819.79 4090.20 4.09 -860.21 4090.20 -36.59 -819.79 4090.20 -36.59 -860.21 4072.16 -73.41 -740.83 4084.40 -73.41 -781.25 4072.16 -114.09 -740.83 4084.40 -114.09 -781.25 4084.40 -150.91 -898.75 4072.20 -150.91 -939.17 4084.40 -191.59 -898.75 4072.20 -191.59 -939.17 4090.20 -73.41 -819.79 4090.20 -73.41 -860.21 4090.20 -114.09 -819.79 4090.20 -114.09 -860.21 4084.40 4.09 -898.75 4072.16 4.09 -939.17 4084.40 -36.59 -898.75 4072.16 -36.59 -939.17 4072.16 81.59 -740.83 4084.40 81.59 -781.25 4072.16 40.91 -740.83 4084.40 40.91 -781.25 4090.20 81.59 -819.79 4090.20 81.59 -860.21 4090.20 40.91 -819.79 4090.20 40.91 -860.21 4083.40 100.00 -878.50 4060.16 100.00 -955.49 4077.12 96.12 -880.80 4056.20 96.12 -950.10 4060.16 22.50 -955.49 4056.20 26.38 -950.10 4083.40 22.50 -878.50 4077.12 26.38 -880.80 4083.40 -55.00 -878.50 4060.16 -55.00 -955.49 4077.12 -58.88 -880.80 4056.20 -58.88 -950.10 4060.16 -132.50 -955.49 4056.20 -128.63 -950.10 4083.40 -132.50 -878.50 4077.12 -128.63 -880.80 4060.16 -132.50 -724.51 4083.40 -132.50 -801.50 4056.20 -136.38 -729.90 4077.12 -136.38 -799.20 4083.40 -210.00 -801.50 4077.12 -206.12 -799.20 4060.16 -210.00 -724.51 4056.20 -206.12 -729.90 4060.16 22.50 -724.51 4083.40 22.50 -801.50 4056.20 18.63 -729.90 4077.12 18.63 -799.20 4083.40 -55.00 -801.50 4077.12 -51.13 -799.20 4060.16 -55.00 -724.51 4056.20 -51.13 -729.90 4083.40 -132.50 -801.50 4083.40 -132.50 -878.50 4078.08 -136.38 -805.35 4078.08 -136.38 -874.65 4083.40 -210.00 -878.50 4078.08 -206.12 -874.65 4083.40 -210.00 -801.50 4078.08 -206.12 -805.35 4083.40 22.50 -801.50 4083.40 22.50 -878.50 4078.08 18.63 -805.35 4078.08 18.63 -874.65 4083.40 -55.00 -878.50 4078.08 -51.13 -874.65 4083.40 -55.00 -801.50 4078.08 -51.13 -805.35 4060.16 -55.00 -724.51 4083.40 -55.00 -801.50 4056.20 -58.87 -729.90 4077.12 -58.87 -799.20 4083.40 -132.50 -801.50 4077.12 -128.62 -799.20 4060.16 -132.50 -724.51 4056.20 -128.62 -729.90 4083.40 -132.50 -878.50 4060.16 -132.50 -955.49 4077.12 -136.37 -880.80 4056.20 -136.37 -950.10 4060.16 -210.00 -955.49 4056.20 -206.12 -950.10 4083.40 -210.00 -878.50 4077.12 -206.12 -880.80 4083.40 -55.00 -801.50 4083.40 -55.00 -878.50 4078.08 -58.87 -805.35 4078.08 -58.87 -874.65 4083.40 -132.50 -878.50 4078.08 -128.62 -874.65 4083.40 -132.50 -801.50 4078.08 -128.62 -805.35 4083.40 22.50 -878.50 4060.16 22.50 -955.49 4077.12 18.63 -880.80 4056.20 18.63 -950.10 4060.16 -55.00 -955.49 4056.20 -51.13 -950.10 4083.40 -55.00 -878.50 4077.12 -51.13 -880.80 4060.16 100.00 -724.51 4083.40 100.00 -801.50 4056.20 96.12 -729.90 4077.12 96.12 -799.20 4083.40 22.50 -801.50 4077.12 26.38 -799.20 4060.16 22.50 -724.51 4056.20 26.38 -729.90 4083.40 100.00 -801.50 4083.40 100.00 -878.50 4078.08 96.12 -805.35 4078.08 96.12 -874.65 4083.40 22.50 -878.50 4078.08 26.38 -874.65 4083.40 22.50 -801.50 4078.08 26.38 -805.35 4074.00 85.66 -891.20 4059.36 85.66 -939.70 4059.36 36.84 -939.70 4074.00 36.84 -891.20 4074.00 -69.34 -891.20 4059.36 -69.34 -939.70 4059.36 -118.16 -939.70 4074.00 -118.16 -891.20 4059.36 -146.84 -740.30 4074.00 -146.84 -788.80 4074.00 -195.66 -788.80 4059.36 -195.66 -740.30 4059.36 8.16 -740.30 4074.00 8.16 -788.80 4074.00 -40.66 -788.80 4059.36 -40.66 -740.30 4078.08 -146.84 -815.75 4078.08 -146.84 -864.25 4078.08 -195.66 -864.25 4078.08 -195.66 -815.75 4078.08 8.16 -815.75 4078.08 8.16 -864.25 4078.08 -40.66 -864.25 4078.08 -40.66 -815.75 4059.36 -69.34 -740.30 4074.00 -69.34 -788.80 4074.00 -118.16 -788.80 4059.36 -118.16 -740.30 4074.00 -146.84 -891.20 4059.36 -146.84 -939.70 4059.36 -195.66 -939.70 4074.00 -195.66 -891.20 4078.08 -69.34 -815.75 4078.08 -69.34 -864.25 4078.08 -118.16 -864.25 4078.08 -118.16 -815.75 4074.00 8.16 -891.20 4059.36 8.16 -939.70 4059.36 -40.66 -939.70 4074.00 -40.66 -891.20 4059.36 85.66 -740.30 4074.00 85.66 -788.80 4074.00 36.84 -788.80 4059.36 36.84 -740.30 4078.08 85.66 -815.75 4078.08 85.66 -864.25 4078.08 36.84 -864.25 4078.08 36.84 -815.75 4072.16 40.91 -740.83 4056.04 100.00 -975.00 4056.04 40.00 -1029.23 4056.04 40.00 -975.00 4056.04 -20.00 -1083.45 4056.04 -20.00 -1029.23 4056.04 -20.00 -975.00 4056.04 40.49 -705.00 4056.04 -20.00 -705.00 4056.04 40.00 -650.77 4056.04 -20.00 -650.77 4056.04 -100.00 -650.77 4056.04 -20.00 -596.55 4056.04 -100.00 -596.55 3810.57 -100.00 -596.55 3933.31 -100.00 -596.55 3810.57 -180.00 -596.55 3933.31 -180.00 -596.55 3810.57 -100.00 -1083.45 3933.31 -100.00 -1083.45 3810.57 -20.00 -1083.45 3933.31 -20.00 -1083.45 3810.57 -180.00 -1083.45 3750.57 -180.00 -1023.45 3750.57 -100.00 -1023.45 3690.57 -100.00 -963.45 3601.28 -100.00 -963.75 3690.57 -180.00 -963.45 3601.28 -180.00 -963.75 3512.00 -180.00 -715.96 3512.00 -100.00 -715.96 3601.28 -180.00 -716.25 3601.28 -100.00 -716.25 3690.57 -180.00 -716.55 3690.57 -100.00 -716.55 3750.57 -180.00 -656.55 3750.57 -100.00 -656.55 4056.04 -100.00 -1029.23 4056.04 -100.00 -975.00 3512.00 -120.00 -840.00 3512.00 -120.00 -890.00 3511.30 -100.00 -840.00 3511.30 -100.00 -910.00 3512.00 -180.00 -770.00 3512.00 -180.00 -720.00 3512.00 -240.00 -770.00 3512.00 -240.00 -720.00 3512.00 -240.00 -910.00 3512.00 -180.00 -910.00 3512.00 -240.00 -890.00 3512.00 -180.00 -890.00 3512.00 -100.00 -715.96 3512.00 -180.00 -715.96 4056.04 -100.00 -1083.45 4056.04 -180.00 -1083.45 3933.31 -180.00 -1083.45 4056.04 -100.00 -596.55 4056.04 -20.00 -596.55 3933.31 -20.00 -596.55 3690.57 -20.00 -963.45 3750.57 -20.00 -1023.45 3810.57 -20.00 -596.55 3750.57 -20.00 -656.55 3601.28 -20.00 -963.75 3512.00 -100.00 -964.04 3509.18 -20.06 -964.04 3690.57 -20.00 -716.55 3601.28 -20.00 -716.25 3512.00 -100.00 -964.04 3512.00 -180.00 -960.00 3512.00 -180.00 -964.04 4056.04 -180.00 -1029.23 4056.04 -180.00 -1083.45 4056.04 -100.00 -1083.45 4056.04 -20.00 -1083.45 3512.00 -180.00 -964.04 4056.04 -180.00 -705.00 4056.04 -180.00 -650.77 4056.04 -146.84 -705.00 4056.04 -100.00 -705.00 4056.04 -180.00 -596.55 3509.18 -20.00 -715.96 4056.04 -180.00 -975.00 4056.04 -146.84 -975.00 4056.04 -180.00 -596.55 3511.30 -100.00 -770.00 3512.00 -180.00 -790.00 3512.00 -240.00 -790.00 3512.00 -120.00 -790.00 3512.00 -240.00 -960.00 3509.18 -20.00 -840.00 3509.18 -20.00 -907.82 4056.04 100.00 -705.00 3509.18 -20.06 -964.04 3509.66 -38.28 -771.63 3509.18 -20.00 -765.70 3509.18 -20.00 -715.96 3509.93 -48.52 -797.26 3509.61 -36.27 -800.30 3509.55 -34.15 -813.47 3509.18 -20.00 -826.88 3990.92 -213.33 -851.98 3984.13 -213.33 -862.13 3989.53 -210.00 -851.40 3983.07 -210.00 -861.07 3973.40 -210.00 -867.53 3962.00 -212.39 -840.00 3962.00 -210.00 -869.80 3950.60 -210.00 -867.53 3940.93 -210.00 -861.07 3934.47 -210.00 -851.40 3932.20 -210.00 -840.00 3934.47 -210.00 -828.60 3940.93 -210.00 -818.93 3950.60 -210.00 -812.47 3962.00 -210.00 -810.20 3973.40 -210.00 -812.47 3983.07 -210.00 -818.93 3989.53 -210.00 -828.60 3991.80 -210.00 -840.00 3993.30 -213.33 -840.00 3973.98 -213.33 -868.92 3962.00 -213.33 -871.30 3950.02 -213.33 -868.92 3939.87 -213.33 -862.13 3933.08 -213.33 -851.98 3930.70 -213.33 -840.00 3933.08 -213.33 -828.02 3939.87 -213.33 -817.87 3950.02 -213.33 -811.08 3962.00 -213.33 -808.70 3973.98 -213.33 -811.08 3984.13 -213.33 -817.87 3990.92 -213.33 -828.02 3509.66 -38.28 -771.63 3509.93 -48.52 -797.26 3489.01 -20.00 -781.30 3481.00 -20.00 -803.32 3509.61 -36.27 -800.30 3490.81 -20.00 -803.67 3509.55 -34.15 -813.47 3492.80 -20.00 -814.26 3509.18 -20.00 -826.88 3509.18 -20.00 -765.70 3410.38 49.61 -818.12 3509.18 -20.00 -765.70 3489.01 -20.00 -781.30 3512.00 0.00 -750.17 3512.00 -20.00 -766.77 3569.45 0.00 -772.50 3536.36 0.00 -751.50 3512.00 -20.00 -827.75 3512.00 0.00 -840.00 3564.10 0.00 -818.12 3560.66 0.00 -803.17 3509.18 -20.00 -826.88 3481.00 -20.00 -803.32 3490.81 -20.00 -803.67 3492.80 -20.00 -814.26 3509.18 -20.00 -826.88 3880.00 120.00 -752.00 3908.00 110.00 -776.00 3909.00 120.00 -765.00 3926.00 100.00 -804.00 3928.00 120.00 -782.00 3926.00 100.00 -804.00 3962.00 90.00 -800.00 3962.00 120.00 -767.00 3928.00 120.00 -782.00 3934.00 90.00 -811.00 3997.00 120.00 -782.00 3999.00 100.00 -804.00 3991.00 90.00 -811.00 3999.00 100.00 -804.00 4003.00 90.00 -840.00 4021.00 120.00 -806.00 4035.00 120.00 -840.00 3991.00 90.00 -811.00 3991.00 90.00 -869.00 4014.00 120.00 -891.00 4014.00 120.00 -891.00 3991.00 90.00 -869.00 3980.00 120.00 -906.00 3962.00 100.00 -891.00 3962.00 90.00 -880.00 3934.00 90.00 -869.00 3945.00 120.00 -906.00 3911.00 120.00 -891.00 3911.00 120.00 -891.00 3934.00 90.00 -869.00 3922.00 90.00 -840.00 3890.00 120.00 -840.00 3926.00 100.00 -804.00 3904.00 120.00 -806.00 3934.00 90.00 -811.00 3897.00 120.00 -777.00 3904.00 120.00 -806.00 3940.50 87.61 -818.00 3962.00 87.61 -809.00 3984.50 87.61 -818.00 3984.50 87.61 -818.00 3993.50 87.61 -840.00 3984.50 87.61 -862.00 3984.50 87.61 -862.00 3962.00 87.61 -871.00 3940.50 87.61 -862.00 3940.50 87.61 -862.00 3931.50 87.61 -840.00 3940.50 87.61 -818.00 3931.50 87.61 -840.00 3950.93 63.71 -828.80 3946.44 63.71 -840.00 3962.00 -10.00 -840.00 3962.08 37.44 -832.63 3957.06 37.44 -834.98 3967.44 37.44 -834.98 3962.13 63.71 -823.57 3974.07 63.71 -828.80 3967.44 37.44 -834.98 3969.45 37.44 -840.00 3974.07 63.71 -828.80 3978.56 63.71 -840.00 3967.44 37.44 -845.02 3974.07 63.71 -851.20 3967.44 37.44 -845.02 3962.08 37.44 -847.37 3974.07 63.71 -851.20 3962.13 63.71 -856.43 3962.00 -10.00 -840.00 3957.06 37.44 -845.02 3955.05 37.44 -840.00 3957.06 37.44 -845.02 3950.93 63.71 -851.20 3957.06 37.44 -834.98 3962.00 120.00 -969.00 3962.00 100.00 -891.00 3945.00 120.00 -906.00 3980.00 120.00 -906.00 3999.00 100.00 -804.00 4043.00 120.00 -767.00 3997.00 120.00 -782.00 4021.00 120.00 -806.00 3962.00 87.61 -809.00 3940.50 87.61 -818.00 3950.93 63.71 -828.80 3940.50 87.61 -818.00 3984.50 87.61 -818.00 3984.50 87.61 -818.00 3993.50 87.61 -840.00 3984.50 87.61 -862.00 3962.00 87.61 -871.00 3984.50 87.61 -862.00 3940.50 87.61 -862.00 3950.93 63.71 -851.20 3940.50 87.61 -862.00 3744.00 51.00 -891.00 3753.00 30.00 -884.00 3721.00 28.00 -897.00 3728.00 36.00 -879.00 3650.00 0.00 -844.00 3614.00 0.00 -854.00 3657.00 -17.00 -849.00 3660.00 0.00 -858.00 3657.00 -17.00 -849.00 3685.00 -24.00 -834.00 3664.00 0.00 -834.00 3650.00 0.00 -844.00 3692.00 0.00 -844.00 </float_array>
                    <technique_common>
                        <accessor source="#geom-015C6EFA-pos-array" count="1373" stride="3">
                            <param name="X" type="float" />
                            <param name="Y" type="float" />
                            <param name="Z" type="float" />
                        </accessor>
                    </technique_common>
                </source>
                <source id="geom-015C6EFA-texcoord">
                    <float_array id="geom-015C6EFA-texcoord-array" count="2746">0.99 0.00 0.76 0.00 0.99 -1.00 0.76 -1.00 1.76 0.02 1.99 0.02 1.76 0.98 1.99 0.98 0.99 1.00 0.76 1.00 0.99 0.00 0.76 0.00 0.50 0.02 0.50 0.98 0.26 0.02 0.26 0.98 0.74 0.00 0.74 1.00 0.51 0.00 0.51 1.00 0.74 0.00 0.51 0.00 0.74 1.00 0.51 1.00 0.24 0.50 0.24 0.98 0.01 0.50 0.01 0.98 1.76 0.98 1.99 0.98 1.99 0.98 1.99 0.02 1.76 0.98 1.76 0.02 2.99 -0.03 2.76 -0.03 2.99 -0.97 2.76 -0.97 2.99 0.81 2.99 0.13 2.76 0.81 2.76 0.13 2.99 0.81 2.99 0.13 2.76 0.81 2.76 0.13 0.76 1.00 0.99 1.00 2.99 -0.03 2.76 -0.03 2.99 -0.97 2.76 -0.97 0.51 1.00 0.51 0.00 0.74 1.00 0.74 0.00 0.24 0.50 0.01 0.50 0.24 0.98 0.01 0.98 0.50 0.98 0.26 0.98 0.74 1.00 0.74 0.00 0.51 1.00 0.51 0.00 0.76 0.00 0.99 0.00 0.76 1.00 0.99 1.00 0.24 0.02 0.24 0.48 0.01 0.02 0.01 0.48 2.76 -0.03 2.76 -0.97 2.99 -0.03 2.99 -0.97 0.24 0.02 0.01 0.02 0.24 0.48 0.01 0.48 0.76 -1.00 0.99 -1.00 0.76 0.00 0.99 0.00 2.99 0.81 2.99 0.13 2.76 0.81 2.76 0.13 1.99 0.98 1.76 0.98 0.99 1.00 0.76 1.00 2.76 -0.03 2.76 -0.97 2.99 -0.03 2.99 -0.97 0.99 -1.00 0.76 -1.00 2.99 0.81 2.99 0.13 2.76 0.81 0.76 -1.00 0.99 -1.00 0.02 2.64 0.02 1.32 1.41 2.64 1.41 0.05 0.02 0.05 0.02 2.64 0.02 0.05 2.99 2.64 2.99 0.05 2.99 0.05 2.99 2.64 0.02 0.05 0.02 2.64 2.99 0.05 2.99 2.64 0.02 0.05 0.02 2.64 0.02 2.64 0.02 0.05 2.99 2.64 2.99 0.05 0.02 0.05 2.99 0.05 0.02 2.64 2.99 2.64 0.02 0.05 2.99 0.05 0.02 2.64 2.99 2.64 0.02 0.05 1.60 0.05 0.02 2.64 1.60 2.64 2.99 2.97 0.02 2.97 0.02 2.97 2.99 2.97 2.99 2.97 0.02 2.97 1.51 2.97 0.02 2.97 0.02 2.97 1.51 2.97 0.02 2.97 2.99 2.97 0.02 2.97 2.99 2.97 2.99 2.97 0.02 2.97 2.99 0.05 2.99 2.64 0.02 0.05 0.02 2.64 0.02 2.97 2.99 2.97 2.99 2.64 2.99 2.97 0.02 2.64 0.02 2.97 0.02 0.05 2.99 0.05 2.99 0.05 2.99 2.64 0.02 0.05 0.02 2.64 0.02 2.97 2.99 2.97 0.02 2.64 0.02 0.05 2.99 2.64 2.99 0.05 0.02 2.97 2.99 2.97 0.02 2.64 0.02 0.05 2.99 2.64 2.99 0.05 0.02 2.97 2.99 2.97 0.02 2.64 0.02 0.05 2.99 2.64 2.99 0.05 0.02 2.97 2.99 2.97 2.99 2.64 2.99 0.05 2.99 2.64 2.99 1.32 2.99 0.05 2.99 2.97 2.99 2.97 0.19 0.22 0.19 -0.62 0.22 0.22 0.22 -0.63 0.13 -0.49 0.13 -0.03 0.16 -0.49 0.16 -0.03 0.19 -0.64 0.19 -1.48 0.22 -0.63 0.22 -1.49 0.22 -0.63 0.19 -0.64 0.22 -1.47 0.19 -1.49 0.22 -1.49 0.22 -0.63 0.19 -1.47 0.19 -0.63 0.13 -1.46 0.13 -1.10 0.16 -1.46 0.16 -1.10 0.19 -0.65 0.22 -0.63 0.19 0.19 0.22 0.22 0.16 -0.03 0.13 -0.03 0.16 -0.49 0.13 -0.49 0.13 -1.10 0.16 -1.10 0.22 -0.64 0.19 -0.63 0.22 -1.48 0.19 -1.49 0.19 -0.63 0.22 -0.63 0.19 0.22 0.22 0.25 0.22 -1.49 0.22 -0.64 0.19 -1.47 0.19 -0.63 0.19 0.19 0.22 0.22 0.22 0.19 0.19 0.22 0.19 0.20 0.22 0.22 0.22 0.21 0.19 0.22 0.22 0.22 0.19 0.25 0.22 -1.47 0.19 -1.49 0.16 -1.46 0.13 -1.46 0.16 -1.71 0.13 -1.71 0.00 -0.43 0.00 0.07 0.23 -0.14 0.00 0.43 0.06 0.43 0.00 -0.90 0.09 -0.43 0.00 -0.23 0.09 0.43 0.00 -2.30 0.09 -2.14 0.00 -1.78 0.09 -1.28 0.00 -2.99 0.00 -2.30 0.09 -2.99 0.09 -2.14 0.00 -0.90 0.00 -0.23 0.09 -0.43 0.09 0.43 0.00 0.43 0.00 -1.78 0.09 -1.28 0.00 -2.99 0.09 -2.99 0.23 -0.71 0.00 -0.93 0.00 -1.28 0.06 -1.28 0.19 -1.49 0.22 -1.46 0.19 -1.10 0.22 -1.10 0.13 -1.71 0.16 -1.71 0.13 0.43 0.16 0.43 0.16 0.43 0.13 0.43 0.22 -1.49 0.19 -1.49 0.19 -1.46 0.22 -1.49 0.22 -0.63 0.19 -0.63 0.19 0.22 0.19 -0.12 0.22 0.19 0.22 -0.13 0.19 -0.54 0.22 -0.55 0.15 -0.46 0.15 -0.09 0.08 -0.46 0.08 -0.09 0.15 0.28 0.08 0.28 0.15 -0.09 0.08 -0.09 0.30 -0.20 0.23 -0.20 0.30 -0.71 0.23 -0.71 0.30 -1.11 0.23 -1.11 0.30 -1.51 0.23 -1.51 0.30 -2.22 0.23 -2.22 0.15 0.27 0.15 -0.44 0.22 0.15 0.22 -0.57 0.30 0.27 0.23 0.27 0.30 -0.13 0.23 -0.13 0.22 0.27 0.15 0.15 0.22 -0.44 0.15 -0.57 0.30 -0.33 0.23 -0.33 0.30 -1.06 0.23 -1.06 0.30 -1.58 0.23 -1.58 0.30 -2.00 0.23 -2.00 0.30 -2.52 0.23 -2.52 0.30 -2.99 0.23 -2.99 0.08 -0.93 0.15 -0.93 0.08 -0.93 0.15 -0.93 0.08 -0.46 0.15 -0.46 0.30 -0.46 0.23 -0.46 0.30 -0.89 0.23 -0.89 0.30 -2.87 0.23 -2.87 0.30 0.25 0.23 0.25 0.30 0.25 0.23 0.25 0.00 0.00 0.07 0.00 0.00 0.15 0.07 0.29 0.00 0.29 0.07 0.29 0.00 0.29 0.07 0.15 0.00 0.00 0.07 0.00 0.08 -1.20 0.15 -1.20 0.30 -0.56 0.23 -0.56 0.30 -0.99 0.23 -0.99 0.30 -1.19 0.23 -1.19 0.30 -1.39 0.23 -1.39 0.08 -1.20 0.15 -1.20 0.08 0.28 0.15 0.28 0.22 -1.16 0.15 -1.28 0.15 -1.16 0.22 -1.28 0.30 0.28 0.23 0.28 0.30 0.10 0.23 0.00 0.23 -0.38 0.73 1.45 1.45 1.09 0.00 1.45 0.73 0.00 1.45 0.36 1.45 0.00 0.00 0.00 0.00 0.36 1.54 0.00 1.54 0.36 0.00 1.09 0.00 1.45 1.45 1.09 1.45 1.45 0.00 0.00 0.00 0.36 1.45 0.00 1.45 0.36 1.54 1.45 1.54 1.09 0.00 1.45 0.00 1.09 0.00 0.36 1.54 0.36 0.00 0.00 1.54 0.00 0.00 0.73 1.45 0.73 0.00 0.36 1.45 0.36 0.00 1.09 1.45 1.09 0.00 1.45 1.45 1.45 0.00 0.00 1.45 0.00 0.00 0.73 1.54 0.73 0.00 1.09 1.54 1.09 1.54 1.45 0.00 1.45 1.45 1.45 0.00 0.00 0.73 0.00 0.00 0.00 0.73 0.36 0.00 0.36 1.45 0.36 1.45 0.73 0.73 0.73 1.45 1.09 0.73 1.09 1.45 1.27 0.73 1.45 1.45 1.45 0.73 0.36 0.73 0.00 0.00 0.36 0.00 0.00 1.45 1.09 1.45 1.45 0.00 1.09 0.00 1.45 0.73 0.73 1.45 0.36 1.45 0.73 0.00 0.73 1.45 0.73 1.45 1.09 0.73 1.09 0.00 0.36 1.45 0.36 0.73 1.45 1.45 1.45 0.00 0.00 1.45 0.18 1.45 0.00 0.00 0.36 0.73 0.36 0.00 0.00 0.73 0.00 0.73 0.73 1.45 0.36 1.45 0.73 0.73 1.09 1.45 1.09 0.73 1.45 1.45 1.45 1.45 0.18 0.91 0.18 1.45 0.00 0.91 0.00 0.91 0.36 0.00 0.18 0.00 0.36 1.45 0.73 0.91 0.73 1.45 0.54 0.91 0.54 0.00 0.73 0.00 0.54 0.91 0.73 1.81 0.18 1.81 0.00 2.18 0.18 2.18 0.00 2.95 0.18 2.90 0.00 2.18 0.54 2.99 0.36 2.77 0.54 1.81 0.54 1.81 0.73 1.45 0.00 0.00 0.73 0.00 1.09 0.00 1.27 0.00 1.45 1.45 0.00 0.00 0.73 0.00 1.09 0.18 1.27 0.00 1.45 0.00 0.73 0.00 0.54 1.45 0.00 0.00 0.91 0.00 1.09 0.00 1.45 1.45 0.36 1.81 0.36 2.18 0.36 0.00 0.00 2.54 0.73 2.18 0.73 0.05 0.05 1.52 0.05 0.05 1.52 1.52 1.52 2.99 0.05 2.99 1.52 0.05 0.05 1.52 0.05 0.05 1.52 1.52 1.52 1.52 0.05 2.99 0.05 2.99 1.52 0.05 0.05 1.52 0.05 0.05 1.52 1.52 1.52 2.99 0.05 2.99 1.52 0.05 0.05 1.52 0.05 0.05 1.52 1.52 1.52 2.99 0.05 2.99 1.52 0.05 0.05 1.52 0.05 0.05 1.52 1.52 1.52 2.99 0.05 2.99 1.52 0.05 0.05 1.52 0.05 0.05 1.52 1.52 1.52 2.99 0.05 2.99 1.52 0.05 0.05 1.52 0.05 0.05 1.52 1.52 1.52 2.99 0.05 2.99 1.52 0.05 0.05 1.52 0.05 0.05 1.52 1.52 1.52 2.99 0.05 2.99 1.52 1.52 2.47 2.66 2.47 0.38 2.47 1.52 2.47 2.66 2.47 0.38 2.47 1.52 2.47 2.66 2.47 0.38 2.47 1.52 2.47 2.66 2.47 0.38 2.47 1.52 2.47 2.66 2.47 0.38 2.47 1.52 2.47 2.66 2.47 0.38 2.47 1.52 2.47 2.66 2.47 0.38 2.47 1.52 2.47 2.66 2.47 0.38 2.47 0.47 2.99 1.52 2.99 2.56 2.99 0.47 2.99 1.52 2.99 2.56 2.99 0.47 2.99 1.52 2.99 2.56 2.99 0.47 2.99 1.52 2.99 2.56 2.99 0.47 2.99 1.52 2.99 2.56 2.99 0.47 2.99 1.52 2.99 2.56 2.99 0.47 2.99 1.52 2.99 2.56 2.99 0.47 2.99 1.52 2.99 2.56 2.99 0.38 -0.73 0.35 -0.98 0.73 -0.86 0.71 -1.03 0.48 0.02 0.75 0.10 0.98 -0.05 0.49 0.13 1.01 0.17 0.76 0.21 0.98 -0.05 0.75 0.10 0.48 0.02 0.49 0.13 1.01 0.17 0.76 0.21 2.52 -1.27 2.56 -1.02 2.18 -1.06 2.16 -1.22 2.06 -0.65 1.87 -0.93 2.56 -1.02 1.47 -0.88 1.36 -0.50 1.06 -0.82 1.07 0.35 1.38 0.87 0.73 0.70 0.82 -0.05 1.18 -0.26 1.17 -0.10 1.25 0.26 1.65 0.20 1.27 0.45 1.68 0.39 0.85 0.31 0.87 0.50 0.52 0.35 0.55 0.54 1.21 -0.01 1.62 -0.06 1.24 0.18 1.64 0.13 0.48 -0.01 0.25 0.02 0.38 -0.73 0.15 -0.70 2.56 -1.02 2.80 -1.05 2.65 -0.30 2.90 -0.33 1.05 -0.91 1.46 -0.96 1.06 -0.82 1.47 -0.88 1.25 0.26 0.85 0.31 1.24 0.18 0.84 0.23 1.65 0.20 1.64 0.13 1.97 0.16 1.96 0.08 1.07 -0.06 0.81 0.05 0.80 -0.02 1.78 -0.08 1.77 -0.15 1.94 -0.10 1.93 -0.17 1.87 -0.93 1.86 -1.01 0.65 0.07 0.51 0.27 0.49 0.09 0.57 0.72 0.35 0.75 2.75 0.43 2.99 0.40 2.31 -0.25 1.95 -0.05 1.96 -0.21 1.91 -0.35 1.81 -0.47 2.17 0.20 1.76 0.19 1.88 0.09 1.22 0.05 1.32 0.16 1.81 -0.47 1.91 -0.35 1.67 -0.30 1.72 -0.24 1.96 -0.21 1.74 -0.18 1.88 0.09 1.76 0.19 1.71 -0.04 1.65 0.00 1.62 0.24 1.59 0.03 1.32 0.16 1.22 0.05 1.45 -0.01 1.41 -0.06 1.17 -0.10 1.39 -0.13 1.51 -0.55 1.67 -0.54 1.54 -0.33 1.61 -0.33 1.25 -0.40 1.36 -0.50 1.42 -0.26 1.47 -0.31 1.18 -0.26 1.39 -0.20 1.95 -0.05 1.74 -0.11 1.46 0.23 1.52 0.02 2.65 -0.30 2.00 0.78 2.59 0.45 0.48 -0.01 0.38 -0.73 0.96 -0.51 0.51 0.27 0.52 0.35 0.64 0.00 0.65 0.07 0.81 0.05 0.84 0.23 2.00 0.35 1.97 0.16 1.78 -0.08 1.96 0.08 1.62 -0.06 1.34 -0.09 1.61 -0.13 1.67 -0.54 1.51 -0.55 1.25 -0.40 0.48 0.02 0.49 0.09 1.94 -0.10 0.57 0.72 2.75 0.43 1.65 0.49 1.46 0.23 1.62 0.24 2.60 0.51 0.74 0.76 1.21 -0.01 2.94 2.99 0.09 2.99 2.94 0.05 0.09 0.05 2.94 2.99 0.09 2.99 2.94 0.05 0.09 0.05 0.09 0.05 2.94 0.05 0.09 2.99 2.94 2.99 0.09 0.05 2.94 0.05 0.09 2.99 2.94 2.99 2.94 2.99 0.09 2.99 2.94 0.05 0.09 0.05 2.94 2.99 0.09 2.99 2.94 0.05 0.09 0.05 0.09 0.05 2.94 0.05 0.09 2.99 2.94 2.99 0.09 0.05 2.94 0.05 0.09 2.99 2.94 2.99 1.52 0.05 2.99 0.05 1.52 1.52 2.99 1.52 2.99 1.52 1.52 1.52 2.99 2.99 1.52 2.99 2.99 1.52 1.52 1.52 2.99 2.99 1.52 2.99 0.05 1.52 0.05 2.99 1.52 2.99 1.52 1.57 2.99 1.57 1.52 2.99 2.99 2.99 2.99 0.05 1.52 0.05 0.05 0.05 1.52 1.57 2.99 1.57 1.52 2.99 2.99 2.99 0.05 1.57 0.05 2.99 0.05 1.57 0.05 2.99 2.99 2.99 2.99 1.52 1.52 1.52 2.99 2.99 1.52 2.99 2.99 0.21 2.99 -0.43 2.58 0.21 2.58 -0.43 2.14 -1.28 2.14 -0.85 2.58 -0.85 2.14 -0.43 0.87 -0.43 0.87 -0.85 0.43 -0.43 0.87 0.21 0.43 0.21 0.00 0.21 0.00 -0.43 2.14 -1.71 1.82 -1.71 1.82 -1.28 1.18 -1.28 1.18 -0.85 1.18 0.21 1.18 -0.43 0.43 0.85 0.00 0.85 0.87 0.85 1.18 0.85 2.58 0.85 2.14 0.85 2.14 0.21 1.50 -2.14 1.18 -2.14 1.50 -1.71 1.18 -1.71 1.50 -1.28 1.50 0.21 1.50 0.85 1.82 0.21 1.82 0.85 1.50 -0.43 1.82 -0.43 1.50 -0.85 1.82 -0.85 0.87 -1.71 0.87 -2.14 0.87 -1.28 1.34 0.21 1.34 -0.43 1.34 -0.85 0.43 -0.85 2.99 0.85 1.60 -1.89 1.67 -1.91 1.82 -1.86 1.94 -2.02 2.14 -2.14 1.95 -2.14 2.17 2.17 0.85 2.17 2.17 0.85 0.85 0.85 2.17 2.17 0.85 2.17 2.17 0.85 0.85 0.85 2.17 2.17 0.85 2.17 2.17 0.85 0.85 0.85 2.17 2.17 0.85 2.17 2.17 0.85 0.85 0.85 2.17 2.17 0.85 2.17 2.17 0.85 0.85 0.85 2.17 2.17 0.85 2.17 2.17 0.85 0.85 0.85 2.17 2.17 0.85 2.17 2.17 0.85 0.85 0.85 2.17 2.17 0.85 2.17 2.17 0.85 0.85 0.85 2.17 2.17 0.85 2.17 2.17 0.85 0.85 0.85 2.17 2.17 0.85 2.17 2.17 0.85 0.85 0.85 2.17 2.17 0.85 2.17 2.17 0.85 0.85 0.85 2.17 2.17 0.85 2.17 2.17 0.85 0.85 0.85 2.99 2.99 0.02 2.99 2.83 2.83 0.19 2.83 0.02 0.02 0.19 0.19 2.99 0.02 2.83 0.19 2.99 2.99 0.02 2.99 2.83 2.83 0.19 2.83 0.02 0.02 0.19 0.19 2.99 0.02 2.83 0.19 2.99 2.99 0.02 2.99 2.83 2.83 0.19 2.83 0.02 0.02 0.19 0.19 2.99 0.02 2.83 0.19 2.99 2.99 0.02 2.99 2.83 2.83 0.19 2.83 0.02 0.02 0.19 0.19 2.99 0.02 2.83 0.19 2.99 2.99 0.02 2.99 2.83 2.83 0.19 2.83 0.02 0.02 0.19 0.19 2.99 0.02 2.83 0.19 2.99 2.99 0.02 2.99 2.83 2.83 0.19 2.83 0.02 0.02 0.19 0.19 2.99 0.02 2.83 0.19 2.99 2.99 0.02 2.99 2.83 2.83 0.19 2.83 0.02 0.02 0.19 0.19 2.99 0.02 2.83 0.19 2.99 2.99 0.02 2.99 2.83 2.83 0.19 2.83 0.02 0.02 0.19 0.19 2.99 0.02 2.83 0.19 2.99 2.99 0.02 2.99 2.83 2.83 0.19 2.83 0.02 0.02 0.19 0.19 2.99 0.02 2.83 0.19 2.99 2.99 0.02 2.99 2.83 2.83 0.19 2.83 0.02 0.02 0.19 0.19 2.99 0.02 2.83 0.19 2.99 2.99 0.02 2.99 2.83 2.83 0.19 2.83 0.02 0.02 0.19 0.19 2.99 0.02 2.83 0.19 2.99 2.99 0.02 2.99 2.83 2.83 0.19 2.83 0.02 0.02 0.19 0.19 2.99 0.02 2.83 0.19 2.45 2.45 0.57 2.45 0.57 0.57 2.45 0.57 2.45 2.45 0.57 2.45 0.57 0.57 2.45 0.57 2.45 2.45 0.57 2.45 0.57 0.57 2.45 0.57 2.45 2.45 0.57 2.45 0.57 0.57 2.45 0.57 2.45 2.45 0.57 2.45 0.57 0.57 2.45 0.57 2.45 2.45 0.57 2.45 0.57 0.57 2.45 0.57 2.45 2.45 0.57 2.45 0.57 0.57 2.45 0.57 2.45 2.45 0.57 2.45 0.57 0.57 2.45 0.57 2.45 2.45 0.57 2.45 0.57 0.57 2.45 0.57 2.45 2.45 0.57 2.45 0.57 0.57 2.45 0.57 2.45 2.45 0.57 2.45 0.57 0.57 2.45 0.57 2.45 2.45 0.57 2.45 0.57 0.57 2.45 0.57 2.17 0.85 0.81 0.40 0.50 0.10 0.81 0.10 0.20 -0.20 0.50 -0.20 0.81 -0.20 0.00 0.10 0.00 -0.20 0.30 0.10 0.30 -0.20 0.30 -0.61 0.61 -0.20 0.61 -0.61 1.21 0.05 0.61 0.05 1.21 -0.36 0.61 -0.36 1.77 0.05 2.37 0.05 1.77 0.45 2.37 0.45 1.77 -0.36 1.34 -0.36 1.34 0.05 0.91 0.05 0.45 0.05 0.91 -0.36 0.45 -0.36 2.98 -0.36 2.98 0.05 2.52 -0.36 2.52 0.05 2.07 -0.36 2.07 0.05 1.64 -0.36 1.64 0.05 0.50 -0.61 0.81 -0.61 0.61 0.05 0.86 0.05 0.61 0.15 0.95 0.15 0.27 -0.25 0.02 -0.25 0.27 -0.54 0.02 -0.54 0.94 -0.54 0.94 -0.25 0.86 -0.54 0.86 -0.25 0.00 0.15 0.00 -0.25 2.98 0.05 2.98 -0.36 2.37 -0.36 0.00 0.05 0.00 0.45 0.61 0.45 0.91 0.45 1.34 0.45 1.21 0.45 1.64 0.45 0.45 0.45 0.00 0.05 0.00 0.45 2.07 0.45 2.52 0.45 1.21 0.15 1.20 -0.25 1.21 -0.25 0.50 -1.01 0.20 -1.01 0.20 -0.61 2.98 0.45 0.00 -0.36 0.00 -1.01 0.30 -1.01 0.00 -0.84 0.00 -0.61 0.00 -0.36 2.99 0.45 0.81 -1.01 0.81 -0.84 0.61 -1.01 0.27 0.15 0.37 -0.25 0.37 -0.54 0.37 0.05 1.20 -0.54 0.61 0.54 0.94 0.54 0.00 0.40 1.22 0.54 0.27 0.45 0.24 0.54 0.00 0.54 0.40 0.40 0.41 0.46 0.48 0.47 0.54 0.54 2.88 2.07 2.55 2.55 2.74 2.01 2.45 2.45 2.01 2.74 1.50 1.50 1.50 2.85 0.98 2.74 0.54 2.45 0.25 2.01 0.15 1.50 0.25 0.98 0.54 0.54 0.98 0.25 1.50 0.15 2.01 0.25 2.45 0.54 2.74 0.98 2.85 1.50 2.99 1.50 2.07 2.88 1.50 2.99 0.92 2.88 0.44 2.55 0.11 2.07 0.00 1.50 0.11 0.92 0.44 0.44 0.92 0.11 1.50 0.00 2.07 0.11 2.55 0.44 2.88 0.92 0.26 -0.50 1.39 -0.85 0.60 0.65 1.53 0.85 1.83 -0.36 1.90 0.66 2.41 -0.25 2.37 0.64 2.99 0.33 0.00 0.22 2.05 -0.88 2.15 -2.66 2.51 -2.27 1.63 -2.61 2.11 -2.69 0.55 -2.99 1.26 -2.87 0.01 -1.02 0.32 -1.32 0.02 -2.32 0.26 -2.48 0.11 -0.55 2.90 -1.03 2.06 0.63 0.88 0.26 0.14 -0.34 0.00 2.26 0.92 2.25 0.75 1.93 1.85 2.24 1.50 1.61 2.14 0.68 1.12 1.12 1.12 0.00 2.06 0.00 1.96 1.12 0.37 0.00 0.14 0.68 0.28 1.12 2.14 0.68 1.12 1.12 2.06 0.00 1.12 0.00 1.96 1.12 0.28 1.12 0.00 0.00 2.24 0.00 1.96 1.12 1.41 0.00 1.12 0.75 1.12 1.12 0.28 1.12 0.86 0.00 0.00 0.00 2.24 0.00 1.96 1.12 1.12 1.12 1.12 0.00 0.21 0.78 0.37 0.00 0.28 1.12 0.76 2.57 1.51 2.89 1.87 1.45 1.12 1.45 0.37 1.45 1.87 1.45 1.12 1.45 0.37 1.45 1.87 1.45 1.12 1.45 0.37 1.45 1.87 1.45 1.12 1.45 2.99 2.99 2.34 2.99 2.71 2.06 2.34 2.06 2.34 0.02 2.34 1.31 2.15 1.31 2.52 1.31 2.34 2.06 2.71 2.06 2.15 1.31 2.34 1.31 1.96 2.06 2.34 2.06 2.52 1.31 2.71 2.06 2.15 1.31 2.34 1.31 1.96 2.06 2.34 2.06 2.34 0.02 2.52 1.31 2.34 1.31 2.15 1.31 1.96 2.06 2.52 1.31 0.00 2.26 1.85 2.24 1.50 1.61 1.51 2.89 1.85 2.24 0.00 2.26 1.51 2.89 1.50 1.61 2.34 2.99 1.68 2.99 1.96 2.06 0.37 1.45 2.99 2.99 1.68 2.99 2.34 2.99 2.99 2.99 2.34 2.99 1.68 2.99 2.99 2.99 2.71 2.06 1.68 2.99 1.51 2.89 1.85 2.24 0.92 2.25 1.50 1.61 0.75 1.93 0.00 2.26 0.92 2.25 0.76 2.57 0.92 2.25 1.85 2.24 1.50 1.61 0.75 1.93 1.51 2.89 </float_array>
                    <technique_common>
                        <accessor source="#geom-015C6EFA-texcoord-array" count="1373" stride="2">
                            <param name="S" type="float" />
                            <param name="T" type="float" />
                        </accessor>
                    </technique_common>
                </source>
                <source id="geom-015C6EFA-colors">
                    <float_array id="geom-015C6EFA-colors-array" count="5492">0.08 0.06 0.15 1.00 0.38 0.59 1.00 1.00 0.08 0.06 0.15 1.00 0.29 0.41 0.67 1.00 0.39 0.60 1.00 1.00 0.08 0.06 0.15 1.00 0.38 0.58 1.00 1.00 0.08 0.06 0.15 1.00 0.38 0.58 1.00 1.00 0.08 0.06 0.15 1.00 0.40 0.62 1.00 1.00 0.08 0.06 0.15 1.00 0.83 1.00 1.00 1.00 0.81 1.00 1.00 1.00 0.18 0.20 0.25 1.00 0.16 0.16 0.16 1.00 0.62 0.88 1.00 1.00 0.82 1.00 1.00 1.00 0.16 0.16 0.16 1.00 0.18 0.20 0.23 1.00 0.62 0.87 1.00 1.00 0.16 0.16 0.17 1.00 0.85 1.00 1.00 1.00 0.21 0.25 0.35 1.00 0.75 1.00 1.00 1.00 0.16 0.16 0.16 1.00 0.16 0.16 0.16 1.00 0.17 0.19 0.22 1.00 0.35 0.53 0.90 1.00 0.08 0.06 0.15 1.00 0.16 0.16 0.16 1.00 0.16 0.16 0.16 1.00 0.16 0.16 0.16 1.00 0.18 0.20 0.25 1.00 0.16 0.16 0.16 1.00 0.16 0.16 0.16 1.00 0.17 0.18 0.20 1.00 0.16 0.16 0.16 1.00 0.16 0.16 0.16 1.00 0.16 0.16 0.16 1.00 0.16 0.17 0.18 1.00 0.18 0.21 0.26 1.00 0.16 0.16 0.16 1.00 0.16 0.16 0.16 1.00 0.16 0.16 0.16 1.00 0.17 0.19 0.22 1.00 0.35 0.53 0.90 1.00 0.08 0.06 0.15 1.00 0.29 0.41 0.66 1.00 0.08 0.06 0.15 1.00 0.26 0.35 0.55 1.00 0.08 0.06 0.15 1.00 0.16 0.16 0.16 1.00 0.18 0.20 0.23 1.00 0.75 1.00 1.00 1.00 0.82 1.00 1.00 1.00 0.81 1.00 1.00 1.00 0.16 0.17 0.18 1.00 0.16 0.16 0.16 1.00 0.18 0.21 0.26 1.00 0.75 1.00 1.00 1.00 0.16 0.16 0.16 1.00 0.81 1.00 1.00 1.00 0.85 1.00 1.00 1.00 0.16 0.17 0.18 1.00 0.21 0.25 0.35 1.00 0.16 0.16 0.16 1.00 0.18 0.20 0.23 1.00 0.16 0.16 0.16 1.00 0.16 0.16 0.16 1.00 0.26 0.35 0.55 1.00 0.62 0.88 1.00 1.00 0.17 0.18 0.20 1.00 0.16 0.16 0.16 1.00 0.29 0.41 0.67 1.00 0.26 0.35 0.55 1.00 0.08 0.06 0.15 1.00 0.08 0.06 0.15 1.00 0.26 0.35 0.55 1.00 0.18 0.20 0.25 1.00 0.62 0.87 1.00 1.00 0.16 0.16 0.17 1.00 0.16 0.16 0.17 1.00 0.16 0.16 0.16 1.00 0.21 0.25 0.35 1.00 0.16 0.16 0.16 1.00 0.16 0.16 0.16 1.00 0.16 0.16 0.16 1.00 0.18 0.21 0.26 1.00 0.16 0.16 0.16 1.00 0.16 0.16 0.16 1.00 0.16 0.16 0.16 1.00 0.16 0.16 0.16 1.00 0.16 0.17 0.18 1.00 0.16 0.16 0.17 1.00 0.18 0.20 0.25 1.00 0.16 0.16 0.16 1.00 0.16 0.16 0.16 1.00 0.16 0.16 0.16 1.00 0.16 0.16 0.16 1.00 0.16 0.16 0.16 1.00 0.16 0.16 0.16 1.00 0.16 0.16 0.16 1.00 0.08 0.06 0.15 1.00 0.29 0.41 0.66 1.00 0.20 0.44 1.00 1.00 0.16 0.31 0.93 1.00 0.16 0.32 0.97 1.00 0.16 0.29 0.82 1.00 0.16 0.27 0.72 1.00 0.16 0.42 1.00 1.00 0.16 0.35 1.00 1.00 0.16 0.51 1.00 1.00 0.16 0.39 1.00 1.00 0.16 0.35 1.00 1.00 0.16 0.42 1.00 1.00 0.16 0.39 1.00 1.00 0.16 0.51 1.00 1.00 0.16 0.44 1.00 1.00 0.16 0.58 1.00 1.00 0.18 0.40 1.00 1.00 0.18 0.41 1.00 1.00 0.11 0.13 0.18 1.00 0.11 0.13 0.20 1.00 0.24 0.38 1.00 1.00 0.24 0.30 0.45 1.00 0.18 0.39 1.00 1.00 0.22 0.28 0.40 1.00 0.18 0.41 1.00 1.00 0.23 0.35 0.89 1.00 0.16 0.39 1.00 1.00 0.16 0.44 1.00 1.00 0.16 0.51 1.00 1.00 0.16 0.58 1.00 1.00 0.00 0.00 0.00 1.00 0.16 0.29 0.82 1.00 0.08 0.13 0.35 1.00 0.16 0.32 0.97 1.00 0.16 0.41 1.00 1.00 0.16 0.49 1.00 1.00 0.18 0.41 1.00 1.00 0.16 0.56 1.00 1.00 0.24 0.37 0.99 1.00 0.11 0.13 0.19 1.00 0.16 0.31 0.94 1.00 0.07 0.13 0.33 1.00 0.17 0.31 0.98 1.00 0.16 0.31 0.94 1.00 0.16 0.41 1.00 1.00 0.16 0.50 1.00 1.00 0.18 0.40 1.00 1.00 0.22 0.34 0.87 1.00 0.16 0.57 1.00 1.00 0.16 0.50 1.00 1.00 0.00 0.00 0.00 1.00 0.08 0.13 0.35 1.00 0.16 0.35 1.00 1.00 0.16 0.42 1.00 1.00 0.16 0.41 1.00 1.00 0.07 0.13 0.33 1.00 0.16 0.42 1.00 1.00 0.16 0.41 1.00 1.00 0.08 0.13 0.36 1.00 0.07 0.13 0.33 1.00 0.00 0.00 0.00 1.00 0.16 0.35 1.00 1.00 0.16 0.39 1.00 1.00 0.16 0.51 1.00 1.00 0.16 0.44 1.00 1.00 0.16 0.58 1.00 1.00 0.16 0.56 1.00 1.00 0.16 0.49 1.00 1.00 0.16 0.58 1.00 1.00 0.16 0.44 1.00 1.00 0.18 0.41 1.00 1.00 0.18 0.39 1.00 1.00 0.16 0.57 1.00 1.00 0.18 0.40 1.00 1.00 0.24 0.38 1.00 1.00 0.24 0.30 0.45 1.00 0.18 0.41 1.00 1.00 0.18 0.40 1.00 1.00 0.24 0.37 0.99 1.00 0.18 0.41 1.00 1.00 0.23 0.35 0.89 1.00 0.22 0.28 0.40 1.00 0.10 0.12 0.16 1.00 0.10 0.13 0.18 1.00 0.22 0.34 0.87 1.00 0.10 0.13 0.18 1.00 0.08 0.13 0.36 1.00 0.00 0.00 0.00 1.00 0.20 0.45 1.00 1.00 0.16 0.31 0.93 1.00 0.16 0.27 0.72 1.00 0.07 0.13 0.33 1.00 0.17 0.32 1.00 1.00 0.16 0.26 0.69 1.00 0.16 0.30 0.86 1.00 0.16 0.16 0.16 1.00 0.16 0.30 0.88 1.00 0.16 0.28 0.76 1.00 0.16 0.24 0.59 1.00 0.16 0.27 0.75 1.00 0.16 0.24 0.58 1.00 0.16 0.44 1.00 1.00 0.16 0.55 1.00 1.00 0.16 0.43 1.00 1.00 0.16 0.53 1.00 1.00 0.16 0.69 1.00 1.00 0.16 0.67 1.00 1.00 0.16 0.55 1.00 1.00 0.16 0.53 1.00 1.00 0.18 0.43 1.00 1.00 0.20 0.27 0.61 1.00 0.18 0.43 1.00 1.00 0.20 0.28 0.61 1.00 0.16 0.28 0.80 1.00 0.16 0.30 0.87 1.00 0.17 0.33 1.00 1.00 0.16 0.29 0.84 1.00 0.16 0.30 0.87 1.00 0.16 0.30 0.89 1.00 0.16 0.27 0.73 1.00 0.16 0.29 0.84 1.00 0.16 0.24 0.59 1.00 0.16 0.25 0.60 1.00 0.16 0.28 0.76 1.00 0.16 0.28 0.78 1.00 0.16 0.30 0.87 1.00 0.16 0.29 0.85 1.00 0.16 0.44 1.00 1.00 0.16 0.43 1.00 1.00 0.16 0.56 1.00 1.00 0.16 0.54 1.00 1.00 0.20 0.27 0.58 1.00 0.20 0.27 0.58 1.00 0.09 0.11 0.14 1.00 0.09 0.11 0.13 1.00 0.18 0.42 1.00 1.00 0.16 0.70 1.00 1.00 0.18 0.42 1.00 1.00 0.16 0.68 1.00 1.00 0.07 0.13 0.33 1.00 0.09 0.16 0.44 1.00 0.07 0.13 0.33 1.00 0.09 0.16 0.44 1.00 0.18 0.43 1.00 1.00 0.18 0.43 1.00 1.00 0.16 0.56 1.00 1.00 0.16 0.54 1.00 1.00 0.09 0.11 0.14 1.00 0.09 0.11 0.14 1.00 0.18 0.42 1.00 1.00 0.18 0.42 1.00 1.00 0.16 0.33 1.00 1.00 0.16 0.29 0.80 1.00 0.17 0.31 0.98 1.00 0.20 0.44 1.00 1.00 0.13 0.16 0.23 1.00 0.13 0.16 0.23 1.00 0.16 0.16 0.16 1.00 0.16 0.26 0.67 1.00 0.16 0.16 0.16 1.00 0.24 0.47 1.00 1.00 0.16 0.27 0.75 1.00 0.16 0.24 0.56 1.00 0.16 0.16 0.16 1.00 0.27 0.64 1.00 1.00 0.27 0.62 1.00 1.00 0.28 0.60 1.00 1.00 0.26 0.60 1.00 1.00 0.23 0.47 1.00 1.00 0.26 0.61 1.00 1.00 0.22 0.45 1.00 1.00 0.26 0.59 1.00 1.00 0.24 0.45 1.00 1.00 0.16 0.24 0.56 1.00 0.16 0.27 0.75 1.00 0.16 0.16 0.16 1.00 0.16 0.26 0.67 1.00 0.27 0.56 1.00 1.00 0.25 0.58 1.00 1.00 0.23 0.49 1.00 1.00 0.22 0.47 1.00 1.00 0.16 0.16 0.16 1.00 0.13 0.16 0.23 1.00 0.16 0.26 0.67 1.00 0.16 0.16 0.16 1.00 0.09 0.11 0.14 1.00 0.09 0.11 0.14 1.00 0.20 0.24 0.31 1.00 0.20 0.24 0.31 1.00 0.20 0.45 1.00 1.00 0.17 0.32 1.00 1.00 0.16 0.26 0.69 1.00 0.16 0.16 0.16 1.00 0.16 0.16 0.16 1.00 0.16 0.26 0.69 1.00 0.16 0.16 0.16 1.00 0.16 0.26 0.69 1.00 0.07 0.13 0.33 1.00 0.09 0.16 0.44 1.00 0.21 0.25 0.34 1.00 0.21 0.25 0.34 1.00 0.09 0.11 0.13 1.00 0.19 0.22 0.28 1.00 0.09 0.11 0.14 1.00 0.20 0.23 0.31 1.00 0.17 0.18 0.19 1.00 0.18 0.19 0.22 1.00 0.21 0.36 0.98 1.00 0.16 0.25 0.60 1.00 0.31 0.60 1.00 1.00 0.16 0.24 0.56 1.00 0.16 0.26 0.67 1.00 0.16 0.26 0.69 1.00 0.16 0.24 0.56 1.00 0.16 0.24 0.59 1.00 0.19 0.27 0.61 1.00 0.20 0.27 0.61 1.00 0.17 0.44 1.00 1.00 0.18 0.43 1.00 1.00 0.16 0.58 1.00 1.00 0.16 0.69 1.00 1.00 0.16 0.51 1.00 1.00 0.16 0.55 1.00 1.00 0.16 0.42 1.00 1.00 0.16 0.44 1.00 1.00 0.07 0.13 0.33 1.00 0.16 0.30 0.86 1.00 0.08 0.15 0.41 1.00 0.16 0.29 0.83 1.00 0.16 0.16 0.16 1.00 0.16 0.26 0.69 1.00 0.13 0.16 0.23 1.00 0.13 0.16 0.23 1.00 0.16 0.16 0.16 1.00 0.16 0.26 0.69 1.00 0.16 0.29 0.83 1.00 0.16 0.30 0.87 1.00 0.16 0.42 1.00 1.00 0.16 0.44 1.00 1.00 0.16 0.52 1.00 1.00 0.16 0.56 1.00 1.00 0.16 0.60 1.00 1.00 0.16 0.70 1.00 1.00 0.17 0.44 1.00 1.00 0.18 0.42 1.00 1.00 0.19 0.27 0.67 1.00 0.20 0.27 0.58 1.00 0.09 0.10 0.13 1.00 0.09 0.11 0.14 1.00 0.35 0.71 1.00 1.00 0.19 0.35 1.00 1.00 0.19 0.35 1.00 1.00 0.36 0.75 1.00 1.00 0.21 0.36 0.97 1.00 0.32 0.62 1.00 1.00 0.19 0.22 0.29 1.00 0.21 0.25 0.34 1.00 0.19 0.22 0.29 1.00 0.20 0.24 0.31 1.00 0.08 0.15 0.41 1.00 0.07 0.13 0.33 1.00 0.08 0.15 0.42 1.00 0.07 0.13 0.33 1.00 0.09 0.10 0.13 1.00 0.09 0.11 0.14 1.00 0.16 0.31 0.93 1.00 0.23 0.49 1.00 1.00 0.20 0.45 1.00 1.00 0.27 0.64 1.00 1.00 0.16 0.28 0.80 1.00 0.16 0.29 0.80 1.00 0.26 0.61 1.00 1.00 0.20 0.44 1.00 1.00 0.23 0.47 1.00 1.00 0.16 0.31 0.93 1.00 0.26 0.61 1.00 1.00 0.16 0.29 0.80 1.00 0.13 0.16 0.23 1.00 0.13 0.16 0.23 1.00 0.13 0.16 0.23 1.00 0.13 0.16 0.23 1.00 0.09 0.10 0.13 1.00 0.09 0.11 0.14 1.00 0.16 0.16 0.16 1.00 0.16 0.26 0.69 1.00 0.16 0.28 0.80 1.00 0.27 0.64 1.00 1.00 0.16 0.26 0.67 1.00 0.16 0.26 0.69 1.00 0.08 0.15 0.42 1.00 0.07 0.13 0.33 1.00 0.16 0.26 0.69 1.00 0.16 0.16 0.16 1.00 0.09 0.10 0.13 1.00 0.09 0.11 0.14 1.00 0.19 0.22 0.28 1.00 0.20 0.23 0.31 1.00 0.18 0.19 0.22 1.00 0.18 0.24 0.51 1.00 0.00 0.00 0.00 1.00 0.00 0.00 0.00 1.00 0.16 0.25 0.60 1.00 0.00 0.00 0.00 1.00 0.16 0.18 0.25 1.00 0.16 0.18 0.25 1.00 0.00 0.00 0.00 1.00 0.16 0.16 0.16 1.00 0.00 0.00 0.00 1.00 0.00 0.00 0.00 1.00 0.17 0.18 0.21 1.00 0.00 0.00 0.00 1.00 0.16 0.17 0.18 1.00 0.16 0.16 0.16 1.00 0.00 0.00 0.00 1.00 0.16 0.16 0.16 1.00 0.00 0.00 0.00 1.00 0.17 0.18 0.21 1.00 0.00 0.00 0.00 1.00 0.18 0.19 0.22 1.00 0.00 0.00 0.00 1.00 0.22 0.27 0.39 1.00 0.20 0.23 0.30 1.00 0.18 0.19 0.22 1.00 0.17 0.18 0.21 1.00 0.19 0.22 0.29 1.00 0.17 0.18 0.19 1.00 0.20 0.23 0.30 1.00 0.17 0.18 0.20 1.00 0.16 0.16 0.17 1.00 0.16 0.16 0.16 1.00 0.16 0.16 0.16 1.00 0.16 0.16 0.16 1.00 0.17 0.18 0.21 1.00 0.16 0.17 0.18 1.00 0.22 0.31 0.71 1.00 0.19 0.22 0.29 1.00 0.16 0.22 0.45 1.00 0.16 0.16 0.17 1.00 0.16 0.16 0.16 1.00 0.16 0.18 0.25 1.00 0.18 0.19 0.22 1.00 0.06 0.11 0.28 1.00 0.05 0.09 0.24 1.00 0.02 0.04 0.08 1.00 0.16 0.34 1.00 1.00 0.16 0.27 0.74 1.00 0.16 0.36 1.00 1.00 0.16 0.53 1.00 1.00 0.16 0.51 1.00 1.00 0.16 0.49 1.00 1.00 0.16 0.38 1.00 1.00 0.16 0.33 1.00 1.00 0.06 0.10 0.27 1.00 0.00 0.00 0.00 1.00 0.16 0.44 1.00 1.00 0.08 0.14 0.40 1.00 0.16 0.36 1.00 1.00 0.07 0.14 0.40 1.00 0.19 0.39 1.00 1.00 0.06 0.12 0.36 1.00 0.16 0.52 1.00 1.00 0.10 0.23 0.76 1.00 0.16 0.58 1.00 1.00 0.16 0.52 1.00 1.00 0.16 0.60 1.00 1.00 0.16 0.60 1.00 1.00 0.18 0.56 1.00 1.00 0.16 0.47 1.00 1.00 0.16 0.42 1.00 1.00 0.16 0.47 1.00 1.00 0.16 0.56 1.00 1.00 0.08 0.15 0.44 1.00 0.09 0.17 0.49 1.00 0.09 0.17 0.49 1.00 0.16 0.39 1.00 1.00 0.07 0.14 0.46 1.00 0.19 0.39 1.00 1.00 0.21 0.34 0.96 1.00 0.00 0.00 0.00 1.00 0.20 0.29 0.71 1.00 0.18 0.34 1.00 1.00 0.22 0.27 0.39 1.00 0.22 0.31 0.71 1.00 0.16 0.29 0.85 1.00 0.16 0.22 0.45 1.00 0.16 0.25 0.60 1.00 0.16 0.18 0.25 1.00 0.16 0.38 1.00 1.00 0.16 0.28 0.77 1.00 0.05 0.09 0.23 1.00 0.00 0.00 0.00 1.00 0.16 0.51 1.00 1.00 0.16 0.33 1.00 1.00 0.16 0.49 1.00 1.00 0.04 0.07 0.22 1.00 0.04 0.05 0.13 1.00 0.17 0.36 1.00 1.00 0.16 0.44 1.00 1.00 0.03 0.05 0.12 1.00 0.16 0.42 1.00 1.00 0.11 0.16 0.37 1.00 0.16 0.49 1.00 1.00 0.09 0.18 0.53 1.00 0.16 0.49 1.00 1.00 0.08 0.17 0.54 1.00 0.17 0.44 1.00 1.00 0.07 0.12 0.37 1.00 0.16 0.35 1.00 1.00 0.19 0.68 1.00 1.00 0.18 0.38 1.00 1.00 0.17 0.44 1.00 1.00 0.05 0.09 0.24 1.00 0.18 0.19 0.22 1.00 0.18 0.56 1.00 1.00 0.16 0.56 1.00 1.00 0.16 0.39 1.00 1.00 0.06 0.11 0.28 1.00 0.09 0.17 0.49 1.00 0.16 0.53 1.00 1.00 0.16 0.49 1.00 1.00 0.16 0.42 1.00 1.00 0.03 0.05 0.12 1.00 0.22 0.66 1.00 1.00 0.16 0.36 1.00 1.00 0.07 0.14 0.40 1.00 0.16 0.42 1.00 1.00 0.16 0.31 0.91 1.00 0.05 0.09 0.23 1.00 0.16 0.58 1.00 1.00 0.16 0.63 1.00 1.00 0.16 0.64 1.00 1.00 0.00 0.00 0.00 1.00 0.06 0.11 0.31 1.00 0.06 0.11 0.29 1.00 0.04 0.09 0.37 1.00 0.04 0.10 0.38 1.00 0.40 0.45 0.95 1.00 0.36 0.54 1.00 1.00 0.04 0.10 0.39 1.00 0.31 0.62 1.00 1.00 0.04 0.10 0.39 1.00 0.04 0.11 0.40 1.00 0.31 0.62 1.00 1.00 0.28 0.71 1.00 1.00 0.04 0.12 0.40 1.00 0.04 0.13 0.41 1.00 0.30 0.95 1.00 1.00 0.04 0.13 0.41 1.00 0.04 0.15 0.42 1.00 0.30 0.95 1.00 1.00 0.31 1.00 1.00 1.00 0.00 0.00 0.00 1.00 0.32 1.00 1.00 1.00 0.00 0.00 0.00 1.00 0.00 0.00 0.00 1.00 0.32 1.00 1.00 1.00 0.32 1.00 1.00 1.00 0.04 0.15 0.42 1.00 0.31 1.00 1.00 1.00 0.04 0.15 0.42 1.00 0.04 0.14 0.41 1.00 0.31 1.00 1.00 1.00 0.29 1.00 1.00 1.00 0.04 0.13 0.40 1.00 0.28 0.86 1.00 1.00 0.04 0.13 0.40 1.00 0.04 0.12 0.38 1.00 0.28 0.86 1.00 1.00 0.26 0.65 1.00 1.00 0.04 0.10 0.37 1.00 0.29 0.57 1.00 1.00 0.04 0.10 0.37 1.00 0.04 0.10 0.37 1.00 0.29 0.57 1.00 1.00 0.40 0.52 1.00 1.00 0.04 0.09 0.36 1.00 0.39 0.44 0.92 1.00 0.04 0.09 0.36 1.00 0.04 0.09 0.36 1.00 0.39 0.44 0.92 1.00 0.36 0.39 0.81 1.00 0.04 0.09 0.37 1.00 0.40 0.45 0.95 1.00 0.41 1.00 1.00 1.00 0.41 1.00 1.00 1.00 0.41 1.00 1.00 1.00 0.42 1.00 1.00 1.00 0.42 1.00 1.00 1.00 0.42 1.00 1.00 1.00 0.43 1.00 1.00 1.00 0.44 1.00 1.00 1.00 0.44 1.00 1.00 1.00 0.45 1.00 1.00 1.00 0.45 1.00 1.00 1.00 0.45 1.00 1.00 1.00 0.45 1.00 1.00 1.00 0.44 1.00 1.00 1.00 0.44 1.00 1.00 1.00 0.44 1.00 1.00 1.00 0.43 1.00 1.00 1.00 0.43 1.00 1.00 1.00 0.42 1.00 1.00 1.00 0.42 1.00 1.00 1.00 0.42 1.00 1.00 1.00 0.41 1.00 1.00 1.00 0.41 1.00 1.00 1.00 0.41 1.00 1.00 1.00 0.37 0.92 1.00 1.00 0.38 1.00 1.00 1.00 0.39 1.00 1.00 1.00 0.39 1.00 1.00 1.00 0.41 1.00 1.00 1.00 0.42 1.00 1.00 1.00 0.42 1.00 1.00 1.00 0.43 1.00 1.00 1.00 0.44 1.00 1.00 1.00 0.44 1.00 1.00 1.00 0.44 1.00 1.00 1.00 0.43 1.00 1.00 1.00 0.43 1.00 1.00 1.00 0.42 1.00 1.00 1.00 0.40 1.00 1.00 1.00 0.40 1.00 1.00 1.00 0.39 1.00 1.00 1.00 0.38 1.00 1.00 1.00 0.38 1.00 1.00 1.00 0.37 0.96 1.00 1.00 0.37 0.91 1.00 1.00 0.37 0.91 1.00 1.00 0.37 0.89 1.00 1.00 0.37 0.92 1.00 1.00 0.02 0.11 0.17 1.00 0.02 0.08 0.15 1.00 0.01 0.03 0.08 1.00 0.01 0.02 0.07 1.00 0.03 0.11 0.25 1.00 0.05 0.13 0.32 1.00 0.03 0.06 0.18 1.00 0.05 0.15 0.32 1.00 0.03 0.07 0.21 1.00 0.05 0.18 0.32 1.00 0.03 0.06 0.18 1.00 0.05 0.13 0.32 1.00 0.03 0.09 0.18 1.00 0.05 0.15 0.32 1.00 0.03 0.07 0.20 1.00 0.05 0.18 0.32 1.00 0.02 0.08 0.15 1.00 0.02 0.10 0.16 1.00 0.01 0.03 0.08 1.00 0.01 0.02 0.07 1.00 0.11 0.32 0.32 1.00 0.28 0.73 0.73 1.00 0.05 0.22 0.32 1.00 0.33 0.73 0.73 1.00 0.14 0.32 0.32 1.00 0.28 0.73 0.73 1.00 0.09 0.22 0.32 1.00 0.08 0.15 0.32 1.00 0.07 0.15 0.32 1.00 0.10 0.31 0.32 1.00 0.14 0.32 0.32 1.00 0.13 0.32 0.32 1.00 0.15 0.49 0.73 1.00 0.15 0.51 0.73 1.00 0.04 0.13 0.32 1.00 0.03 0.13 0.30 1.00 0.15 0.53 0.73 1.00 0.03 0.14 0.31 1.00 0.05 0.18 0.32 1.00 0.03 0.07 0.21 1.00 0.14 0.33 0.73 1.00 0.14 0.34 0.73 1.00 0.03 0.11 0.28 1.00 0.04 0.13 0.32 1.00 0.05 0.11 0.32 1.00 0.04 0.07 0.20 1.00 0.04 0.19 0.32 1.00 0.04 0.13 0.25 1.00 0.04 0.18 0.27 1.00 0.04 0.13 0.25 1.00 0.04 0.11 0.32 1.00 0.04 0.07 0.19 1.00 0.01 0.05 0.12 1.00 0.02 0.05 0.12 1.00 0.03 0.16 0.17 1.00 0.04 0.17 0.17 1.00 0.03 0.10 0.17 1.00 0.03 0.11 0.17 1.00 0.01 0.04 0.11 1.00 0.02 0.05 0.13 1.00 0.03 0.11 0.17 1.00 0.02 0.05 0.13 1.00 0.02 0.08 0.17 1.00 0.01 0.03 0.06 1.00 0.01 0.02 0.09 1.00 0.03 0.06 0.17 1.00 0.01 0.03 0.09 1.00 0.03 0.10 0.17 1.00 0.01 0.03 0.09 1.00 0.02 0.06 0.17 1.00 0.01 0.03 0.06 1.00 0.03 0.15 0.17 1.00 0.01 0.05 0.11 1.00 0.06 0.23 0.32 1.00 0.03 0.07 0.16 1.00 0.05 0.15 0.32 1.00 0.04 0.08 0.23 1.00 0.04 0.06 0.16 1.00 0.04 0.08 0.23 1.00 0.04 0.06 0.16 1.00 0.08 0.28 0.32 1.00 0.13 0.32 0.32 1.00 0.13 0.32 0.32 1.00 0.13 0.32 0.32 1.00 0.13 0.32 0.32 1.00 0.09 0.21 0.32 1.00 0.12 0.32 0.32 1.00 0.12 0.32 0.32 1.00 0.13 0.32 0.32 1.00 0.13 0.32 0.32 1.00 0.08 0.19 0.19 1.00 0.08 0.19 0.19 1.00 0.00 0.00 0.00 1.00 0.00 0.00 0.00 1.00 0.07 0.19 0.19 1.00 0.00 0.00 0.00 1.00 0.07 0.19 0.19 1.00 0.07 0.19 0.19 1.00 0.00 0.00 0.00 1.00 0.00 0.00 0.00 1.00 0.07 0.19 0.19 1.00 0.00 0.00 0.00 1.00 0.07 0.19 0.19 1.00 0.08 0.19 0.19 1.00 0.00 0.00 0.00 1.00 0.00 0.00 0.00 1.00 0.08 0.19 0.19 1.00 0.00 0.00 0.00 1.00 0.08 0.19 0.19 1.00 0.08 0.19 0.19 1.00 0.00 0.00 0.00 1.00 0.00 0.00 0.00 1.00 0.08 0.19 0.19 1.00 0.08 0.19 0.19 1.00 0.00 0.00 0.00 1.00 0.00 0.00 0.00 1.00 0.08 0.19 0.19 1.00 0.00 0.00 0.00 1.00 0.07 0.19 0.19 1.00 0.00 0.00 0.00 1.00 0.07 0.19 0.19 1.00 0.00 0.00 0.00 1.00 0.12 0.28 0.68 1.00 0.08 0.15 0.32 1.00 0.07 0.15 0.32 1.00 0.13 0.30 0.68 1.00 0.05 0.24 0.32 1.00 0.11 0.32 0.32 1.00 0.01 0.03 0.07 1.00 0.03 0.09 0.17 1.00 0.01 0.03 0.09 1.00 0.03 0.11 0.17 1.00 0.14 0.34 0.73 1.00 0.04 0.14 0.32 1.00 0.03 0.07 0.20 1.00 0.05 0.18 0.32 1.00 0.06 0.23 0.32 1.00 0.03 0.07 0.16 1.00 0.03 0.06 0.17 1.00 0.01 0.02 0.09 1.00 0.01 0.03 0.09 1.00 0.14 0.32 0.32 1.00 0.13 0.31 0.32 1.00 0.14 0.32 0.32 1.00 0.01 0.04 0.09 1.00 0.02 0.07 0.17 1.00 0.05 0.15 0.32 1.00 0.05 0.10 0.29 1.00 0.05 0.10 0.29 1.00 0.11 0.22 0.32 1.00 0.13 0.32 0.32 1.00 0.12 0.32 0.32 1.00 0.07 0.15 0.32 1.00 0.07 0.15 0.32 1.00 0.03 0.06 0.17 1.00 0.18 0.49 1.00 1.00 0.19 0.51 1.00 1.00 0.20 0.40 1.00 1.00 0.22 0.43 1.00 1.00 0.19 0.52 1.00 1.00 0.19 0.50 1.00 1.00 0.22 0.46 1.00 1.00 0.21 0.42 1.00 1.00 0.19 0.51 1.00 1.00 0.18 0.49 1.00 1.00 0.18 0.54 1.00 1.00 0.17 0.53 1.00 1.00 0.19 0.50 1.00 1.00 0.19 0.52 1.00 1.00 0.17 0.54 1.00 1.00 0.18 0.54 1.00 1.00 0.09 0.28 0.78 1.00 0.09 0.28 0.80 1.00 0.17 0.60 1.00 1.00 0.17 0.59 1.00 1.00 0.09 0.28 0.81 1.00 0.09 0.28 0.79 1.00 0.17 0.60 1.00 1.00 0.17 0.61 1.00 1.00 0.18 0.54 1.00 1.00 0.17 0.53 1.00 1.00 0.17 0.59 1.00 1.00 0.17 0.60 1.00 1.00 0.17 0.54 1.00 1.00 0.18 0.54 1.00 1.00 0.17 0.61 1.00 1.00 0.17 0.60 1.00 1.00 0.24 0.61 1.00 1.00 0.22 0.43 1.00 1.00 0.20 0.53 1.00 1.00 0.19 0.51 1.00 1.00 0.17 0.60 1.00 1.00 0.17 0.59 1.00 1.00 0.09 0.28 0.81 1.00 0.09 0.22 0.78 1.00 0.19 0.52 1.00 1.00 0.20 0.54 1.00 1.00 0.18 0.54 1.00 1.00 0.18 0.55 1.00 1.00 0.20 0.54 1.00 1.00 0.18 0.55 1.00 1.00 0.18 0.55 1.00 1.00 0.18 0.55 1.00 1.00 0.18 0.54 1.00 1.00 0.17 0.58 1.00 1.00 0.17 0.59 1.00 1.00 0.22 0.46 1.00 1.00 0.24 0.63 1.00 1.00 0.24 0.63 1.00 1.00 0.17 0.58 1.00 1.00 0.17 0.59 1.00 1.00 0.09 0.22 0.78 1.00 0.09 0.28 0.80 1.00 0.17 0.59 1.00 1.00 0.09 0.22 0.78 1.00 0.18 0.55 1.00 1.00 0.17 0.59 1.00 1.00 0.18 0.54 1.00 1.00 0.18 0.54 1.00 1.00 0.18 0.55 1.00 1.00 0.17 0.60 1.00 1.00 0.17 0.59 1.00 1.00 0.06 0.15 0.32 1.00 0.06 0.18 0.32 1.00 0.16 0.39 1.00 1.00 0.16 0.46 1.00 1.00 0.11 0.28 0.81 1.00 0.16 0.46 1.00 1.00 0.06 0.20 0.35 1.00 0.16 0.35 1.00 1.00 0.16 0.35 1.00 1.00 0.16 0.45 1.00 1.00 0.16 0.45 1.00 1.00 0.16 0.32 0.99 1.00 0.16 0.38 1.00 1.00 0.06 0.14 0.32 1.00 0.06 0.17 0.32 1.00 0.19 0.27 0.67 1.00 0.20 0.29 0.73 1.00 0.18 0.53 1.00 1.00 0.18 0.55 1.00 1.00 0.16 0.54 1.00 1.00 0.16 0.32 0.99 1.00 0.16 0.44 1.00 1.00 0.09 0.16 0.45 1.00 0.01 0.01 0.03 1.00 0.00 0.00 0.00 1.00 0.04 0.05 0.07 1.00 0.09 0.16 0.45 1.00 0.00 0.00 0.00 1.00 0.16 0.33 1.00 1.00 0.19 0.22 0.29 1.00 0.19 0.22 0.29 1.00 0.21 0.25 0.35 1.00 0.20 0.30 0.76 1.00 0.18 0.55 1.00 1.00 0.16 0.41 1.00 1.00 0.04 0.05 0.07 1.00 0.16 0.33 1.00 1.00 0.04 0.05 0.07 1.00 0.16 0.44 1.00 1.00 0.16 0.44 1.00 1.00 0.16 0.53 1.00 1.00 0.16 0.55 1.00 1.00 0.19 0.27 0.61 1.00 0.09 0.10 0.13 1.00 0.11 0.28 0.82 1.00 0.16 0.41 1.00 1.00 0.16 0.44 1.00 1.00 0.16 0.53 1.00 1.00 0.06 0.19 0.35 1.00 0.01 0.02 0.04 1.00 0.20 0.24 0.33 1.00 0.20 0.24 0.32 1.00 0.20 0.23 0.30 1.00 0.19 0.22 0.28 1.00 0.09 0.10 0.13 1.00 0.19 0.22 0.28 1.00 0.16 0.16 0.16 1.00 0.16 0.16 0.16 1.00 0.16 0.23 0.53 1.00 0.16 0.20 0.36 1.00 0.26 0.58 1.00 1.00 0.27 0.53 1.00 1.00 0.26 0.58 1.00 1.00 0.26 0.53 1.00 1.00 0.23 0.38 1.00 1.00 0.22 0.42 1.00 1.00 0.24 0.47 1.00 1.00 0.24 0.49 1.00 1.00 0.24 0.45 1.00 1.00 0.23 0.48 1.00 1.00 0.22 0.37 1.00 1.00 0.21 0.40 1.00 1.00 0.24 0.36 1.00 1.00 0.24 0.37 1.00 1.00 0.25 0.44 1.00 1.00 0.25 0.44 1.00 1.00 0.24 0.42 1.00 1.00 0.24 0.42 1.00 1.00 0.22 0.35 1.00 1.00 0.22 0.35 1.00 1.00 0.26 0.51 1.00 1.00 0.25 0.56 1.00 1.00 0.26 0.51 1.00 1.00 0.25 0.56 1.00 1.00 0.23 0.44 1.00 1.00 0.24 0.39 1.00 1.00 0.24 0.51 1.00 1.00 0.25 0.47 1.00 1.00 0.27 0.72 1.00 1.00 0.27 0.72 1.00 1.00 0.27 0.72 1.00 1.00 0.27 0.72 1.00 1.00 0.24 0.49 1.00 1.00 0.24 0.45 1.00 1.00 0.21 0.41 1.00 1.00 0.22 0.38 1.00 1.00 0.16 0.16 0.16 1.00 0.16 0.16 0.16 1.00 0.16 0.20 0.36 1.00 0.16 0.23 0.53 1.00 0.16 0.16 0.16 1.00 0.16 0.16 0.16 1.00 0.16 0.16 0.16 1.00 0.16 0.16 0.16 1.00 0.16 0.16 0.16 1.00 0.16 0.16 0.16 1.00 0.16 0.16 0.16 1.00 0.16 0.23 0.51 1.00 0.16 0.27 0.75 1.00 0.16 0.32 0.98 1.00 0.22 0.41 1.00 1.00 0.23 0.40 1.00 1.00 0.28 0.62 1.00 1.00 0.26 0.60 1.00 1.00 0.27 0.75 1.00 1.00 0.23 0.59 1.00 1.00 0.27 0.62 1.00 1.00 0.24 0.61 1.00 1.00 0.29 0.64 1.00 1.00 0.29 0.79 1.00 1.00 0.26 0.59 1.00 1.00 0.29 0.62 1.00 1.00 0.24 0.63 1.00 1.00 0.30 0.86 1.00 1.00 0.25 0.47 1.00 1.00 0.22 0.33 1.00 1.00 0.22 0.45 1.00 1.00 0.20 0.37 1.00 1.00 0.16 0.27 0.75 1.00 0.22 0.40 1.00 1.00 0.16 0.29 0.82 1.00 0.21 0.32 0.95 1.00 0.28 0.60 1.00 1.00 0.29 0.82 1.00 1.00 0.25 0.58 1.00 1.00 0.24 0.63 1.00 1.00 0.29 0.62 1.00 1.00 0.29 0.64 1.00 1.00 0.28 0.84 1.00 1.00 0.29 0.86 1.00 1.00 0.25 0.47 1.00 1.00 0.21 0.38 1.00 1.00 0.25 0.47 1.00 1.00 0.21 0.37 1.00 1.00 0.22 0.40 1.00 1.00 0.22 0.41 1.00 1.00 0.20 0.36 1.00 1.00 0.20 0.36 1.00 1.00 0.28 0.62 1.00 1.00 0.28 0.83 1.00 1.00 0.28 0.60 1.00 1.00 0.27 0.80 1.00 1.00 0.25 0.58 1.00 1.00 0.28 0.60 1.00 1.00 0.23 0.56 1.00 1.00 0.27 0.74 1.00 1.00 0.29 0.62 1.00 1.00 0.29 0.78 1.00 1.00 0.26 0.59 1.00 1.00 0.24 0.58 1.00 1.00 0.29 0.64 1.00 1.00 0.27 0.62 1.00 1.00 0.30 0.87 1.00 1.00 0.25 0.66 1.00 1.00 0.22 0.47 1.00 1.00 0.20 0.38 1.00 1.00 0.25 0.47 1.00 1.00 0.22 0.34 1.00 1.00 0.28 0.60 1.00 1.00 0.28 0.62 1.00 1.00 0.26 0.73 1.00 1.00 0.27 0.74 1.00 1.00 0.29 0.64 1.00 1.00 0.28 0.78 1.00 1.00 0.29 0.62 1.00 1.00 0.27 0.76 1.00 1.00 0.22 0.41 1.00 1.00 0.16 0.27 0.75 1.00 0.21 0.32 0.94 1.00 0.19 0.37 1.00 1.00 0.26 0.60 1.00 1.00 0.25 0.65 1.00 1.00 0.28 0.62 1.00 1.00 0.29 0.83 1.00 1.00 0.16 0.16 0.16 1.00 0.16 0.16 0.16 1.00 0.16 0.23 0.51 1.00 0.16 0.16 0.16 1.00 0.22 0.40 1.00 1.00 0.23 0.40 1.00 1.00 0.16 0.27 0.75 1.00 0.16 0.32 0.98 1.00 0.16 0.16 0.16 1.00 0.16 0.16 0.16 1.00 0.16 0.16 0.16 1.00 0.16 0.16 0.16 1.00 0.22 0.41 1.00 1.00 0.22 0.45 1.00 1.00 0.22 0.40 1.00 1.00 0.22 0.44 1.00 1.00 0.16 0.16 0.16 1.00 0.16 0.25 0.65 1.00 0.16 0.23 0.53 1.00 0.19 0.31 0.95 1.00 0.29 0.91 1.00 1.00 0.28 0.66 1.00 1.00 0.29 0.67 1.00 1.00 0.30 0.71 1.00 1.00 0.25 0.50 1.00 1.00 0.25 0.53 1.00 1.00 0.25 0.54 1.00 1.00 0.25 0.51 1.00 1.00 0.24 0.50 1.00 1.00 0.24 0.51 1.00 1.00 0.24 0.51 1.00 1.00 0.24 0.49 1.00 1.00 0.27 0.71 1.00 1.00 0.27 0.71 1.00 1.00 0.26 0.50 1.00 1.00 0.26 0.50 1.00 1.00 0.25 0.47 1.00 1.00 0.25 0.47 1.00 1.00 0.25 0.67 1.00 1.00 0.25 0.66 1.00 1.00 0.27 0.64 1.00 1.00 0.29 0.87 1.00 1.00 0.29 0.88 1.00 1.00 0.28 0.64 1.00 1.00 0.26 0.56 1.00 1.00 0.26 0.53 1.00 1.00 0.25 0.53 1.00 1.00 0.25 0.55 1.00 1.00 0.31 0.91 1.00 1.00 0.31 0.92 1.00 1.00 0.31 0.93 1.00 1.00 0.31 0.93 1.00 1.00 0.24 0.52 1.00 1.00 0.24 0.51 1.00 1.00 0.24 0.50 1.00 1.00 0.24 0.52 1.00 1.00 0.16 0.25 0.65 1.00 0.16 0.16 0.16 1.00 0.19 0.31 0.94 1.00 0.16 0.23 0.53 1.00 0.16 0.16 0.16 1.00 0.16 0.16 0.16 1.00 0.19 0.28 0.75 1.00 0.19 0.28 0.76 1.00 0.28 0.35 0.60 1.00 0.16 0.16 0.16 1.00 0.16 0.30 0.88 1.00 0.16 0.24 0.58 1.00 0.09 0.16 0.44 1.00 0.16 0.32 0.96 1.00 0.16 0.27 0.75 1.00 0.16 0.24 0.59 1.00 0.16 0.28 0.76 1.00 0.16 0.30 0.89 1.00 0.16 0.32 0.97 1.00 0.16 0.34 1.00 1.00 0.09 0.16 0.44 1.00 0.09 0.18 0.54 1.00 0.16 0.66 1.00 1.00 0.16 0.48 1.00 1.00 0.16 0.50 1.00 1.00 0.16 0.41 1.00 1.00 0.16 0.65 1.00 1.00 0.16 0.48 1.00 1.00 0.16 0.53 1.00 1.00 0.16 0.43 1.00 1.00 0.16 0.49 1.00 1.00 0.16 0.56 1.00 1.00 0.16 0.78 1.00 1.00 0.18 0.40 1.00 1.00 0.22 0.29 0.49 1.00 0.18 0.41 1.00 1.00 0.24 0.37 0.99 1.00 0.10 0.13 0.18 1.00 0.09 0.11 0.15 1.00 0.22 0.34 0.87 1.00 0.22 0.27 0.45 1.00 0.18 0.40 1.00 1.00 0.18 0.39 1.00 1.00 0.16 0.57 1.00 1.00 0.16 0.80 1.00 1.00 0.16 0.34 1.00 1.00 0.16 0.29 0.84 1.00 0.30 0.42 0.69 1.00 0.26 0.35 0.55 1.00 0.25 0.33 0.51 1.00 0.22 0.27 0.38 1.00 0.25 0.33 0.51 1.00 0.10 0.12 0.16 1.00 0.23 0.30 0.44 1.00 0.10 0.13 0.18 1.00 0.25 0.32 0.49 1.00 0.27 0.38 0.61 1.00 0.24 0.32 0.49 1.00 0.33 0.48 0.82 1.00 0.09 0.11 0.15 1.00 0.10 0.13 0.18 1.00 0.09 0.18 0.53 1.00 0.07 0.13 0.33 1.00 0.16 0.41 1.00 1.00 0.09 0.18 0.54 1.00 0.09 0.16 0.44 1.00 0.16 0.43 1.00 1.00 0.18 0.43 1.00 1.00 0.16 0.67 1.00 1.00 0.16 0.54 1.00 1.00 0.16 0.68 1.00 1.00 0.20 0.28 0.61 1.00 0.10 0.12 0.16 1.00 0.09 0.11 0.14 1.00 0.18 0.42 1.00 1.00 0.20 0.27 0.58 1.00 0.10 0.12 0.16 1.00 0.11 0.13 0.18 1.00 0.11 0.13 0.19 1.00 0.16 0.31 0.94 1.00 0.07 0.13 0.33 1.00 0.09 0.18 0.53 1.00 0.09 0.16 0.44 1.00 0.11 0.13 0.19 1.00 0.17 0.31 0.98 1.00 0.16 0.31 0.94 1.00 0.16 0.33 1.00 1.00 0.16 0.29 0.85 1.00 0.07 0.13 0.33 1.00 0.09 0.11 0.13 1.00 0.17 0.32 1.00 1.00 0.17 0.33 1.00 1.00 0.07 0.13 0.33 1.00 0.21 0.25 0.35 1.00 0.29 0.42 0.68 1.00 0.23 0.30 0.44 1.00 0.25 0.32 0.49 1.00 0.11 0.13 0.20 1.00 0.21 0.25 0.34 1.00 0.20 0.24 0.31 1.00 0.16 0.16 0.16 1.00 0.09 0.11 0.14 1.00 0.18 0.19 0.22 1.00 0.19 0.22 0.28 1.00 0.09 0.11 0.13 1.00 0.18 0.19 0.22 1.00 0.16 0.16 0.16 1.00 0.16 0.17 0.18 1.00 0.17 0.18 0.19 1.00 0.37 0.92 1.00 1.00 0.38 1.00 1.00 1.00 0.45 0.75 1.00 1.00 0.43 0.84 1.00 1.00 0.35 0.82 1.00 1.00 0.44 1.00 1.00 1.00 0.37 1.00 1.00 1.00 0.38 1.00 1.00 1.00 0.40 1.00 1.00 1.00 0.41 1.00 1.00 1.00 0.41 1.00 1.00 1.00 0.40 1.00 1.00 1.00 0.38 1.00 1.00 1.00 0.36 1.00 1.00 1.00 0.35 0.98 1.00 1.00 0.33 0.77 1.00 1.00 0.42 0.80 1.00 1.00 0.44 0.74 1.00 1.00 0.46 0.73 1.00 1.00 0.37 0.89 1.00 1.00 0.39 1.00 1.00 1.00 0.41 1.00 1.00 1.00 0.42 1.00 1.00 1.00 0.43 1.00 1.00 1.00 0.44 1.00 1.00 1.00 0.44 1.00 1.00 1.00 0.43 1.00 1.00 1.00 0.42 1.00 1.00 1.00 0.40 1.00 1.00 1.00 0.39 1.00 1.00 1.00 0.38 1.00 1.00 1.00 0.37 0.96 1.00 1.00 0.37 0.91 1.00 1.00 0.18 0.19 0.22 1.00 0.18 0.19 0.22 1.00 0.16 0.17 0.18 1.00 0.16 0.16 0.16 1.00 0.16 0.16 0.16 1.00 0.16 0.16 0.16 1.00 0.16 0.17 0.18 1.00 0.16 0.16 0.16 1.00 0.17 0.18 0.19 1.00 0.19 0.22 0.28 1.00 0.17 0.19 0.22 1.00 0.19 0.22 0.28 1.00 0.16 0.17 0.18 1.00 0.19 0.22 0.28 1.00 0.20 0.23 0.31 1.00 0.20 0.23 0.30 1.00 0.19 0.22 0.28 1.00 0.18 0.19 0.22 1.00 0.19 0.22 0.29 1.00 0.20 0.24 0.33 1.00 0.20 0.24 0.32 1.00 0.17 0.18 0.19 1.00 0.16 0.16 0.16 1.00 0.16 0.16 0.16 1.00 0.16 0.16 0.16 1.00 0.17 0.18 0.19 1.00 0.16 0.37 1.00 1.00 0.16 0.42 1.00 1.00 0.07 0.12 0.33 1.00 0.16 0.44 1.00 1.00 0.07 0.13 0.35 1.00 0.16 0.44 1.00 1.00 0.21 0.49 1.00 1.00 0.07 0.13 0.34 1.00 0.07 0.13 0.35 1.00 0.22 0.69 1.00 1.00 0.04 0.06 0.15 1.00 0.16 0.23 0.51 1.00 0.16 0.28 0.78 1.00 0.16 0.23 0.51 1.00 0.16 0.23 0.51 1.00 0.00 0.00 0.00 1.00 0.00 0.00 0.00 1.00 0.16 0.28 0.78 1.00 0.21 0.37 1.00 1.00 0.00 0.00 0.00 1.00 0.00 0.00 0.00 1.00 0.21 0.37 1.00 1.00 0.02 0.03 0.06 1.00 0.16 0.34 1.00 1.00 0.22 0.55 1.00 1.00 0.22 0.66 1.00 1.00 0.09 0.17 0.50 1.00 0.09 0.21 0.52 1.00 0.09 0.21 0.52 1.00 0.22 0.66 1.00 1.00 0.22 0.73 1.00 1.00 0.09 0.22 0.52 1.00 0.16 0.44 1.00 1.00 0.09 0.22 0.52 1.00 0.22 0.69 1.00 1.00 0.09 0.22 0.52 1.00 0.09 0.22 0.52 1.00 0.22 0.67 1.00 1.00 0.21 0.52 1.00 1.00 0.21 0.38 1.00 1.00 0.21 0.38 1.00 1.00 0.21 0.32 0.96 1.00 0.21 0.38 1.00 1.00 0.21 0.38 1.00 1.00 0.22 0.53 1.00 1.00 0.22 0.68 1.00 1.00 0.22 0.68 1.00 1.00 0.22 0.74 1.00 1.00 0.22 0.67 1.00 1.00 0.22 0.74 1.00 1.00 0.20 0.57 1.00 1.00 0.21 0.66 1.00 1.00 0.37 1.00 1.00 1.00 0.09 0.19 0.64 1.00 0.15 0.40 1.00 1.00 0.00 0.00 0.00 1.00 0.19 0.40 1.00 1.00 0.18 0.24 0.55 1.00 0.00 0.00 0.00 1.00 0.00 0.00 0.00 1.00 0.18 0.24 0.55 1.00 0.18 0.19 0.23 1.00 0.00 0.00 0.00 1.00 0.19 0.25 0.57 1.00 0.00 0.00 0.00 1.00 0.09 0.20 0.71 1.00 0.19 0.25 0.57 1.00 0.20 0.41 1.00 1.00 0.50 1.00 1.00 1.00 0.15 0.42 1.00 1.00 0.15 0.49 1.00 1.00 0.15 0.42 1.00 1.00 0.21 0.58 1.00 1.00 0.15 0.40 1.00 1.00 0.16 0.30 0.87 1.00 0.16 0.34 1.00 1.00 0.09 0.17 0.50 1.00 0.02 0.03 0.06 1.00 0.16 0.23 0.51 1.00 0.16 0.16 0.16 1.00 0.04 0.06 0.15 1.00 0.00 0.00 0.00 1.00 0.21 0.52 1.00 1.00 0.22 0.67 1.00 1.00 0.20 0.57 1.00 1.00 0.22 0.67 1.00 1.00 0.21 0.38 1.00 1.00 0.21 0.38 1.00 1.00 0.21 0.32 0.96 1.00 0.21 0.38 1.00 1.00 0.22 0.53 1.00 1.00 0.21 0.38 1.00 1.00 0.22 0.68 1.00 1.00 0.21 0.58 1.00 1.00 0.22 0.68 1.00 1.00 0.09 0.17 0.49 1.00 0.16 0.52 1.00 1.00 0.09 0.27 0.67 1.00 0.10 0.23 0.76 1.00 0.00 0.00 0.00 1.00 0.20 0.24 0.33 1.00 0.18 0.20 0.29 1.00 0.08 0.18 0.64 1.00 0.41 0.48 0.74 1.00 0.19 0.39 1.00 1.00 0.00 0.00 0.00 1.00 0.05 0.06 0.11 1.00 0.06 0.12 0.36 1.00 </float_array>
                    <technique_common>
                        <accessor source="#geom-015C6EFA-colors-array" count="1373" stride="4">
                            <param name="R" type="float" />
                            <param name="G" type="float" />
                            <param name="B" type="float" />
                            <param name="A" type="float" />
                        </accessor>
                    </technique_common>
                </source>
                <vertices id="geom-015C6EFA-vtx">
                    <input semantic="POSITION" source="#geom-015C6EFA-pos" />
                </vertices>
                <triangles count="180" material="material-0140E903-symbol">
                    <input semantic="VERTEX" source="#geom-015C6EFA-vtx" offset="0" />
                    <input semantic="TEXCOORD" source="#geom-015C6EFA-texcoord" offset="0" />
                    <input semantic="COLOR" source="#geom-015C6EFA-colors" offset="0" />
                    <p>0 1 2 1 0 47 46 1 47 1 3 2 4 5 6 29 5 4 28 29 4 5 7 6 8 9 10 9 11 10 11 103 10 103 104 10 12 13 14 12 14 61 60 12 61 13 15 14 16 17 18 17 19 18 20 21 22 21 23 22 24 25 26 25 27 26 30 31 32 31 33 32 31 90 33 90 91 33 34 35 36 35 37 36 38 39 40 39 41 40 42 43 44 43 45 44 101 45 102 100 101 102 48 49 50 49 51 50 52 53 54 53 55 54 56 57 58 57 59 58 62 63 64 63 65 64 66 67 68 67 66 99 98 67 99 67 69 68 70 71 72 71 73 72 74 75 76 75 77 76 78 79 80 79 81 80 82 83 84 83 85 84 85 92 84 92 93 84 86 87 88 87 89 88 94 95 96 95 97 96 </p>
                </triangles>
            </mesh>
        </geometry>
        <geometry id="geom-003FE6D0" name="geom-003FE6D0">
            <mesh>
                <source id="geom-003FE6D0-pos">
                    <float_array id="geom-003FE6D0-pos-array" count="3804">4052.00 -180.00 -705.00 4052.00 -210.00 -705.00 4052.00 -180.00 -652.50 4052.00 -240.00 -652.50 4052.00 -240.00 -705.00 3932.00 -180.00 -600.00 3932.00 -240.00 -600.00 3812.00 -180.00 -600.00 3812.00 -240.00 -600.00 3932.00 -240.00 -1080.00 3932.00 -180.00 -1080.00 3812.00 -240.00 -1080.00 3812.00 -180.00 -1080.00 3752.00 -240.00 -1020.00 3752.00 -180.00 -1020.00 3692.00 -240.00 -960.00 3692.00 -180.00 -960.00 3512.00 -180.00 -960.00 3512.00 -240.00 -960.00 3602.00 -180.00 -960.00 3602.00 -240.00 -960.00 3692.00 -240.00 -720.00 3602.00 -240.00 -720.00 3692.00 -180.00 -720.00 3602.00 -180.00 -720.00 3812.00 -240.00 -600.00 3752.00 -240.00 -660.00 3812.00 -180.00 -600.00 3752.00 -180.00 -660.00 4052.00 -240.00 -1080.00 4052.00 -240.00 -1027.50 4052.00 -180.00 -1080.00 4052.00 -180.00 -1027.50 3933.31 -180.00 -1083.45 3810.57 -180.00 -1083.45 3690.57 -180.00 -963.45 3750.57 -180.00 -1023.45 3601.28 -180.00 -963.75 3512.00 -180.00 -964.04 4056.04 -180.00 -1029.23 4056.04 -180.00 -1083.45 4056.04 -180.00 -705.00 4056.04 -180.00 -650.77 3933.31 -180.00 -596.55 3810.57 -180.00 -596.55 3690.57 -180.00 -716.55 3601.28 -180.00 -716.25 3750.57 -180.00 -656.55 3810.57 -180.00 -596.55 4052.00 -240.00 -1080.00 4052.00 -180.00 -1080.00 3932.00 -240.00 -1080.00 3932.00 -180.00 -1080.00 3933.31 -180.00 -1083.45 4056.04 -180.00 -1083.45 3932.00 -180.00 -600.00 3933.31 -180.00 -596.55 4052.00 -180.00 -600.00 4056.04 -180.00 -596.55 4052.00 -240.00 -600.00 3932.00 -240.00 -600.00 3812.00 -240.00 -1080.00 3812.00 -180.00 -1080.00 3752.00 -240.00 -1020.00 3752.00 -180.00 -1020.00 3750.57 -180.00 -1023.45 3810.57 -180.00 -1083.45 3752.00 -180.00 -660.00 3752.00 -240.00 -660.00 3692.00 -180.00 -720.00 3692.00 -240.00 -720.00 3750.57 -180.00 -656.55 3690.57 -180.00 -716.55 3602.00 -180.00 -960.00 3602.00 -240.00 -960.00 3692.00 -180.00 -960.00 3692.00 -240.00 -960.00 3601.28 -180.00 -963.75 3690.57 -180.00 -963.45 3602.00 -180.00 -720.00 3602.00 -240.00 -720.00 3512.00 -180.00 -720.00 3512.00 -240.00 -720.00 3601.28 -180.00 -716.25 3512.00 -180.00 -715.96 4052.00 -180.00 -600.00 4052.00 -240.00 -600.00 4052.00 -180.00 -975.00 4052.00 -210.00 -975.00 4052.00 -240.00 -975.00 4056.04 -180.00 -596.55 4056.04 -180.00 -975.00 4052.00 100.00 -975.00 4052.00 40.00 -1027.50 4056.04 100.00 -975.00 4056.04 40.00 -1029.23 4052.00 -20.00 -975.00 4052.00 40.00 -975.00 4056.04 -20.00 -975.00 4056.04 40.00 -975.00 3932.00 -20.00 -1080.00 3812.00 -20.00 -1080.00 3933.31 -20.00 -1083.45 3810.57 -20.00 -1083.45 3752.00 -20.00 -1020.00 3750.57 -20.00 -1023.45 3812.00 -20.00 -1080.00 3810.57 -20.00 -1083.45 3692.00 -20.00 -960.00 3602.00 -20.00 -960.00 3690.57 -20.00 -963.45 3601.28 -20.00 -963.75 4052.00 -146.84 -975.00 4052.00 -100.00 -975.00 4056.04 -146.84 -975.00 4056.04 -100.00 -975.00 4052.00 40.00 -652.50 4056.04 40.00 -650.77 4052.00 -20.00 -600.00 4056.04 -20.00 -596.55 4056.04 40.49 -705.00 4052.00 40.00 -705.00 4056.04 -20.00 -705.00 4052.00 -20.00 -705.00 4052.00 -100.00 -705.00 4056.04 -100.00 -705.00 3932.00 -20.00 -600.00 3933.31 -20.00 -596.55 3812.00 -20.00 -600.00 3810.57 -20.00 -596.55 3602.00 -20.00 -720.00 3601.28 -20.00 -716.25 3512.00 -20.00 -720.00 3509.18 -20.00 -715.96 3692.00 -20.00 -720.00 3752.00 -20.00 -660.00 3690.57 -20.00 -716.55 3750.57 -20.00 -656.55 4052.00 -20.00 -1080.00 4056.04 -20.00 -1083.45 4052.00 -20.00 -600.00 4056.04 -20.00 -596.55 3690.57 -20.00 -963.45 3692.00 -20.00 -960.00 3812.00 -20.00 -600.00 3810.57 -20.00 -596.55 3512.00 -20.00 -960.00 3509.18 -20.06 -964.04 3690.57 -20.00 -716.55 3692.00 -20.00 -720.00 4056.04 -146.84 -705.00 4052.00 -146.84 -705.00 4056.04 -180.00 -705.00 4052.00 -180.00 -705.00 4052.00 100.00 -840.00 4052.00 100.00 -907.50 4083.40 100.00 -878.50 4052.00 100.00 -955.49 4060.16 100.00 -955.49 4052.00 -20.00 -955.49 4060.16 22.50 -955.49 4052.00 40.00 -955.49 4060.16 100.00 -955.49 4052.00 -146.84 -955.49 4060.16 -132.50 -955.49 4052.00 -100.00 -955.49 4060.16 -55.00 -955.49 4052.00 -210.00 -724.51 4052.00 -146.84 -724.51 4060.16 -210.00 -724.51 4060.16 -132.50 -724.51 4052.00 -20.00 -724.51 4052.00 40.00 -724.51 4060.16 22.50 -724.51 4060.16 100.00 -724.51 4052.00 100.00 -724.51 4052.00 -100.00 -724.51 4060.16 -55.00 -724.51 4052.00 -210.00 -955.49 4060.16 -210.00 -955.49 4083.40 100.00 -801.50 4052.00 100.00 -772.50 4052.00 100.00 -724.51 4060.16 100.00 -724.51 3509.18 -20.06 -964.04 3512.00 -20.00 -960.00 3509.18 -20.00 -907.82 3512.00 -20.00 -907.50 4052.00 -180.00 -975.00 4056.04 -180.00 -975.00 4052.00 100.00 -705.00 4056.04 100.00 -705.00 4056.04 100.00 -975.00 4052.00 100.00 -975.00 4056.04 100.00 -705.00 4052.00 100.00 -705.00 4052.00 -20.00 -1080.00 4056.04 -20.00 -1083.45 3512.00 -20.00 -840.00 3509.18 -20.00 -840.00 3509.18 -20.00 -715.96 3509.18 -20.00 -765.70 3512.00 -20.00 -720.00 3512.00 -20.00 -766.77 3509.18 -20.00 -826.88 3512.00 -20.00 -827.75 4052.00 -20.00 -705.00 4052.00 40.00 -705.00 4052.00 -20.00 -724.51 4052.00 40.00 -724.51 4052.00 100.00 -955.49 4052.00 100.00 -975.00 4052.00 40.00 -955.49 4052.00 40.00 -975.00 3602.00 0.00 -960.00 3602.00 -20.00 -960.00 3692.00 0.00 -960.00 3692.00 -20.00 -960.00 3752.00 0.00 -1020.00 3752.00 -20.00 -1020.00 3812.00 0.00 -1080.00 3812.00 -20.00 -1080.00 3932.00 0.00 -1080.00 3932.00 -20.00 -1080.00 4052.00 -20.00 -1080.00 4052.00 40.00 -1027.50 4052.00 0.00 -1080.00 4052.00 60.00 -1027.50 4052.00 120.00 -975.00 4052.00 100.00 -975.00 4052.00 120.00 -907.50 4052.00 100.00 -907.50 4052.00 120.00 -705.00 4052.00 100.00 -705.00 4052.00 60.00 -652.50 4052.00 40.00 -652.50 3932.00 0.00 -600.00 3932.00 -20.00 -600.00 3812.00 0.00 -600.00 3812.00 -20.00 -600.00 3752.00 0.00 -660.00 3752.00 -20.00 -660.00 3692.00 0.00 -720.00 3692.00 -20.00 -720.00 3602.00 0.00 -720.00 3602.00 -20.00 -720.00 3512.00 0.00 -720.00 3512.00 -20.00 -720.00 4052.00 -100.00 -724.51 4052.00 -100.00 -705.00 4052.00 -100.00 -975.00 4052.00 -100.00 -955.49 4052.00 -20.00 -975.00 4052.00 -20.00 -955.49 3512.00 0.00 -840.00 3512.00 -20.00 -840.00 3512.00 0.00 -907.50 3512.00 -20.00 -907.50 4052.00 0.00 -1080.00 4052.00 -20.00 -1080.00 4052.00 0.00 -600.00 4052.00 -20.00 -600.00 3512.00 0.00 -960.00 3512.00 -20.00 -960.00 4052.00 -210.00 -975.00 4052.00 -210.00 -955.49 4052.00 -180.00 -975.00 4052.00 -146.84 -955.49 4052.00 -146.84 -975.00 4052.00 -146.84 -705.00 4052.00 -146.84 -724.51 4052.00 -180.00 -705.00 4052.00 -210.00 -724.51 4052.00 -210.00 -705.00 4052.00 -146.84 -724.51 4052.00 -146.84 -705.00 4052.00 120.00 -840.00 4052.00 100.00 -840.00 4052.00 120.00 -772.50 4052.00 100.00 -772.50 3512.00 0.00 -960.00 3512.00 -20.00 -960.00 4052.00 120.00 -705.00 4052.00 100.00 -705.00 4052.00 -146.84 -975.00 4052.00 -146.84 -955.49 4052.00 100.00 -724.51 4052.00 100.00 -705.00 4052.00 0.00 -600.00 4052.00 -20.00 -600.00 4052.00 100.00 -975.00 4052.00 120.00 -975.00 3512.00 0.00 -720.00 3512.00 -20.00 -720.00 3512.00 0.00 -750.17 3512.00 -20.00 -766.77 3512.00 -20.00 -827.75 3633.00 -9.54 -817.46 3605.69 17.00 -806.19 3664.00 0.00 -834.00 3647.00 -9.54 -762.46 3601.82 10.94 -764.81 3602.00 -11.09 -751.00 3602.00 -11.09 -751.00 3601.82 10.94 -764.81 3515.89 0.25 -761.68 3511.10 24.18 -777.91 3525.03 19.88 -815.17 3515.89 0.25 -821.68 3449.14 59.16 -849.98 3440.51 47.22 -863.38 3515.89 0.25 -761.68 3511.10 24.18 -777.91 3440.51 47.22 -803.38 3448.54 62.62 -816.59 3515.89 0.25 -821.68 3525.03 19.88 -815.17 3602.00 -11.09 -811.00 3605.69 17.00 -806.19 3602.00 -33.62 -802.00 3512.57 -20.98 -812.68 3602.00 -11.09 -811.00 3515.89 0.25 -821.68 3511.15 -29.75 -791.68 3431.02 18.76 -833.38 3512.57 -20.98 -812.68 3433.87 27.30 -854.38 3512.57 -20.98 -770.68 3433.87 27.30 -812.38 3515.89 0.25 -761.68 3440.51 47.22 -803.38 3515.89 0.25 -821.68 3440.51 47.22 -863.38 3602.00 -42.62 -781.00 3511.15 -29.75 -791.68 3602.00 -33.62 -760.00 3512.57 -20.98 -770.68 3515.89 0.25 -761.68 3602.00 -11.09 -751.00 3602.00 -11.09 -811.00 3692.00 0.00 -784.00 3860.00 115.42 -898.62 3908.00 120.00 -883.00 3870.50 100.47 -889.70 3921.16 106.03 -876.43 3824.97 89.98 -901.00 3824.97 77.39 -881.99 3873.00 89.17 -872.20 3824.97 89.94 -864.83 3866.00 99.94 -858.12 3827.39 96.36 -855.38 3861.00 115.42 -853.12 3823.61 105.45 -855.60 3787.00 63.47 -897.18 3778.00 85.50 -904.60 3824.97 89.98 -901.00 3818.40 104.45 -908.83 3685.00 -24.00 -834.00 3692.00 0.00 -844.00 3753.00 30.00 -884.00 3728.00 36.00 -879.00 3789.79 56.08 -880.31 3753.00 30.00 -884.00 3761.91 30.58 -866.38 3761.91 30.58 -866.38 3698.00 -25.00 -818.00 3755.98 38.26 -848.64 3786.32 62.58 -862.42 3755.98 38.26 -848.64 3697.48 -17.56 -800.10 3772.50 80.00 -852.10 3749.00 57.00 -841.00 3749.00 57.00 -841.00 3695.76 -9.59 -784.82 3692.00 0.00 -784.00 3685.00 -24.00 -834.00 3643.50 -35.09 -812.96 3664.00 0.00 -834.00 3633.00 -9.54 -817.46 3650.00 -40.09 -794.46 3602.00 -33.62 -802.00 3602.00 -42.62 -781.00 3649.50 -31.59 -773.46 3602.00 -33.62 -760.00 3647.00 -9.54 -762.46 3602.00 -11.09 -751.00 3782.49 61.18 -786.54 3809.43 84.52 -813.48 3776.59 69.87 -783.87 3803.80 95.21 -811.55 3806.52 77.10 -821.00 3827.39 96.36 -855.38 3824.97 89.94 -864.83 3766.18 64.38 -802.74 3787.65 86.51 -825.73 3774.37 58.30 -805.57 3795.57 77.66 -826.33 3796.00 103.00 -853.83 3801.61 88.38 -857.65 3787.65 86.51 -825.73 3762.26 37.88 -779.32 3753.56 44.15 -775.76 3739.87 18.10 -777.78 3730.52 25.34 -773.78 3695.76 -9.59 -784.82 3692.00 0.00 -784.00 3736.54 19.95 -800.86 3697.48 -17.56 -800.10 3705.44 0.58 -803.44 3758.76 38.07 -799.58 3752.06 46.15 -797.76 3602.00 -11.09 -811.00 3698.00 -25.00 -818.00 3697.48 -17.56 -800.10 3695.76 -9.59 -784.82 3692.00 0.00 -784.00 3744.00 51.00 -891.00 3824.97 77.39 -881.99 3824.97 89.94 -864.83 3801.61 88.38 -857.65 3796.00 103.00 -853.83 3924.89 93.97 -857.00 3925.60 97.78 -867.07 3818.40 104.45 -908.83 3917.71 97.23 -847.61 3910.03 103.55 -844.22 3892.00 120.00 -845.00 3781.30 55.68 -797.74 3764.18 33.45 -790.76 3742.56 15.41 -790.72 3823.61 105.45 -855.60 3712.00 19.00 -803.00 3729.27 27.95 -800.35 4003.68 -244.40 -857.27 3993.91 -244.40 -871.91 4003.64 -210.00 -857.25 3993.88 -210.00 -871.88 3979.27 -244.40 -881.69 3979.25 -210.00 -881.65 3979.27 -244.40 -881.69 3962.00 -244.40 -885.12 3979.25 -210.00 -881.65 3962.00 -210.00 -885.08 3962.00 -244.40 -885.12 3944.73 -244.40 -881.69 3944.75 -210.00 -881.65 3944.73 -244.40 -881.69 3930.09 -244.40 -871.91 3944.75 -210.00 -881.65 3930.12 -210.00 -871.88 3920.31 -244.40 -857.27 3920.35 -210.00 -857.25 3920.31 -244.40 -857.27 3916.88 -244.40 -840.00 3920.35 -210.00 -857.25 3916.92 -210.00 -840.00 3920.31 -244.40 -822.73 3920.35 -210.00 -822.75 3920.31 -244.40 -822.73 3930.09 -244.40 -808.09 3920.35 -210.00 -822.75 3930.12 -210.00 -808.12 3944.73 -244.40 -798.31 3944.75 -210.00 -798.35 3944.73 -244.40 -798.31 3962.00 -244.40 -794.88 3944.75 -210.00 -798.35 3962.00 -210.00 -794.92 3979.27 -244.40 -798.31 3979.25 -210.00 -798.35 3979.27 -244.40 -798.31 3993.91 -244.40 -808.09 3979.25 -210.00 -798.35 3993.88 -210.00 -808.12 4003.68 -244.40 -822.73 4003.64 -210.00 -822.75 4003.68 -244.40 -822.73 4007.04 -244.40 -840.00 4003.64 -210.00 -822.75 4007.08 -210.00 -840.00 4003.68 -244.40 -857.27 4003.64 -210.00 -857.25 3996.16 -210.00 -840.00 3993.56 -210.00 -853.08 3993.56 -210.00 -853.08 3986.16 -210.00 -864.16 3975.08 -210.00 -871.56 3975.08 -210.00 -871.56 3962.00 -210.00 -874.16 3948.92 -210.00 -871.56 3948.92 -210.00 -871.56 3937.84 -210.00 -864.16 3930.44 -210.00 -853.08 3930.44 -210.00 -853.08 3927.84 -210.00 -840.00 3930.44 -210.00 -826.92 3930.44 -210.00 -826.92 3937.84 -210.00 -815.84 3948.92 -210.00 -808.44 3948.92 -210.00 -808.44 3962.00 -210.00 -805.84 3975.08 -210.00 -808.44 3975.08 -210.00 -808.44 3986.16 -210.00 -815.84 3993.56 -210.00 -826.92 3993.56 -210.00 -826.92 3990.92 -213.33 -851.98 3984.13 -213.33 -862.13 3973.98 -213.33 -868.92 3973.98 -213.33 -868.92 3962.00 -213.33 -871.30 3950.02 -213.33 -868.92 3950.02 -213.33 -868.92 3939.87 -213.33 -862.13 3933.08 -213.33 -851.98 3933.08 -213.33 -851.98 3930.70 -213.33 -840.00 3933.08 -213.33 -828.02 3933.08 -213.33 -828.02 3939.87 -213.33 -817.87 3950.02 -213.33 -811.08 3950.02 -213.33 -811.08 3962.00 -213.33 -808.70 3973.98 -213.33 -811.08 3973.98 -213.33 -811.08 3984.13 -213.33 -817.87 3990.92 -213.33 -828.02 3990.92 -213.33 -828.02 3993.30 -213.33 -840.00 3990.92 -213.33 -851.98 3872.00 -210.00 -975.00 3872.00 -240.00 -975.00 3872.00 -220.00 -930.00 3872.00 -240.00 -930.00 3827.00 -240.00 -930.00 3850.00 -230.00 -930.00 3872.00 -240.00 -930.00 3827.00 -230.00 -930.00 3872.00 -220.00 -930.00 3850.00 -220.00 -930.00 3872.00 -240.00 -750.00 3850.00 -230.00 -750.00 3827.00 -240.00 -750.00 3827.00 -230.00 -750.00 3872.00 -220.00 -750.00 3850.00 -220.00 -750.00 3872.00 -240.00 -705.00 3872.00 -210.00 -705.00 3872.00 -220.00 -750.00 3872.00 -240.00 -750.00 3908.79 -210.00 -771.78 3872.00 -210.00 -790.00 3872.00 -210.00 -705.00 3872.00 -210.00 -840.00 3916.51 -210.00 -858.84 3872.00 -210.00 -890.00 4015.20 -210.00 -908.22 4083.40 -210.00 -878.50 4052.00 -210.00 -955.49 3962.00 -210.00 -932.12 3943.16 -210.00 -885.50 3962.00 -210.00 -889.25 3850.00 -220.00 -840.00 3850.00 -220.00 -790.00 3872.00 -220.00 -840.00 3872.00 -220.00 -790.00 3850.00 -220.00 -890.00 3872.00 -220.00 -890.00 3850.00 -220.00 -930.00 3872.00 -220.00 -930.00 3827.00 -230.00 -840.00 3827.00 -230.00 -790.00 3850.00 -230.00 -840.00 3850.00 -230.00 -790.00 3962.00 -210.00 -975.00 3962.00 -240.00 -975.00 3872.00 -210.00 -975.00 3872.00 -240.00 -975.00 3872.00 -210.00 -705.00 3872.00 -240.00 -705.00 3962.00 -210.00 -705.00 3962.00 -240.00 -705.00 3872.00 -220.00 -890.00 3872.00 -220.00 -840.00 3872.00 -210.00 -890.00 3872.00 -210.00 -840.00 3850.00 -220.00 -840.00 3850.00 -220.00 -890.00 3850.00 -230.00 -840.00 3850.00 -230.00 -890.00 3850.00 -220.00 -790.00 3850.00 -230.00 -790.00 3850.00 -220.00 -750.00 3850.00 -230.00 -750.00 3827.00 -240.00 -856.67 3827.00 -230.00 -890.00 3827.00 -240.00 -890.00 3827.00 -230.00 -770.00 3827.00 -240.00 -770.00 3827.00 -230.00 -750.00 3827.00 -240.00 -750.00 3872.00 -210.00 -790.00 3872.00 -220.00 -790.00 3827.00 -230.00 -910.00 3850.00 -230.00 -930.00 3827.00 -230.00 -930.00 4052.00 -210.00 -975.00 4052.00 -240.00 -975.00 4052.00 -210.00 -705.00 4052.00 -240.00 -705.00 3962.00 -210.00 -747.88 3980.85 -210.00 -794.50 3962.00 -210.00 -790.75 3943.16 -210.00 -794.50 3927.18 -210.00 -805.18 4015.20 -210.00 -771.78 4007.52 -210.00 -821.16 3996.83 -210.00 -805.18 3980.85 -210.00 -885.50 3996.83 -210.00 -874.82 3927.18 -210.00 -805.18 3943.16 -210.00 -794.50 3930.09 -244.40 -808.09 3944.73 -244.40 -798.31 3962.00 -210.00 -790.75 3962.00 -244.40 -794.88 3996.83 -210.00 -805.18 4007.52 -210.00 -821.16 3993.91 -244.40 -808.09 4003.68 -244.40 -822.73 4011.16 -210.00 -840.00 4007.04 -244.40 -840.00 3996.83 -210.00 -874.82 3980.85 -210.00 -885.50 3993.91 -244.40 -871.91 3979.27 -244.40 -881.69 3962.00 -210.00 -889.25 3962.00 -244.40 -885.12 3912.76 -210.00 -840.00 3916.51 -210.00 -821.16 3916.88 -244.40 -840.00 3920.31 -244.40 -822.73 3927.18 -210.00 -874.82 3916.51 -210.00 -858.84 3930.09 -244.40 -871.91 3920.31 -244.40 -857.27 3943.16 -210.00 -885.50 3944.73 -244.40 -881.69 3980.85 -210.00 -794.50 3979.27 -244.40 -798.31 4007.52 -210.00 -858.84 4003.68 -244.40 -857.27 3962.00 -210.00 -705.00 4083.40 -210.00 -801.50 4052.00 -210.00 -724.51 3962.00 -210.00 -975.00 3872.00 -210.00 -975.00 3908.79 -210.00 -908.22 3850.00 -230.00 -930.00 3850.00 -220.00 -930.00 3827.00 -240.00 -910.00 3827.00 -230.00 -910.00 3827.00 -230.00 -890.00 3850.00 -230.00 -890.00 3872.00 -220.00 -750.00 3850.00 -220.00 -750.00 3827.00 -230.00 -770.00 3850.00 -230.00 -750.00 3827.00 -230.00 -790.00 3827.00 -240.00 -823.33 3827.00 -240.00 -790.00 3916.51 -210.00 -821.16 3912.76 -210.00 -840.00 3927.18 -210.00 -874.82 3827.00 -240.00 -930.00 3827.00 -230.00 -930.00 3827.00 -230.00 -750.00 4052.00 -210.00 -975.00 4052.00 -210.00 -705.00 4042.28 -210.00 -840.00 4007.52 -210.00 -858.84 4011.16 -210.00 -840.00 4060.16 -210.00 -724.51 4060.16 -210.00 -955.49 3827.00 -230.00 -840.00 3707.00 -240.00 -770.00 3707.00 -240.00 -790.00 3667.00 -240.00 -770.00 3667.00 -240.00 -790.00 3707.00 -240.00 -890.00 3707.00 -240.00 -910.00 3667.00 -240.00 -890.00 3667.00 -240.00 -910.00 3707.00 -240.00 -790.00 3707.00 -240.00 -770.00 3747.00 -240.00 -790.00 3747.00 -240.00 -770.00 3707.00 -240.00 -910.00 3707.00 -240.00 -890.00 3747.00 -240.00 -910.00 3747.00 -240.00 -890.00 3827.00 -240.00 -770.00 3827.00 -240.00 -790.00 3787.00 -240.00 -770.00 3787.00 -240.00 -790.00 3827.00 -240.00 -890.00 3827.00 -240.00 -910.00 3787.00 -240.00 -890.00 3787.00 -240.00 -910.00 3747.00 -240.00 -790.00 3747.00 -240.00 -770.00 3787.00 -240.00 -790.00 3787.00 -240.00 -770.00 3747.00 -240.00 -910.00 3747.00 -240.00 -890.00 3787.00 -240.00 -910.00 3787.00 -240.00 -890.00 3667.00 -240.00 -823.33 3667.00 -240.00 -790.00 3707.00 -240.00 -823.33 3707.00 -240.00 -790.00 3787.00 -240.00 -890.00 3787.00 -240.00 -856.67 3827.00 -240.00 -890.00 3827.00 -240.00 -856.67 3707.00 -240.00 -890.00 3707.00 -240.00 -856.67 3747.00 -240.00 -890.00 3747.00 -240.00 -856.67 3707.00 -240.00 -856.67 3747.00 -240.00 -856.67 3747.00 -240.00 -823.33 3747.00 -240.00 -823.33 3747.00 -240.00 -790.00 3787.00 -240.00 -823.33 3787.00 -240.00 -790.00 3667.00 -240.00 -890.00 3667.00 -240.00 -856.67 3667.00 -240.00 -856.67 3787.00 -240.00 -823.33 3787.00 -240.00 -790.00 3827.00 -240.00 -823.33 3827.00 -240.00 -790.00 3787.00 -240.00 -856.67 3827.00 -240.00 -856.67 3747.00 -240.00 -856.67 3787.00 -240.00 -856.67 3747.00 -240.00 -790.00 3747.00 -240.00 -890.00 3747.00 -240.00 -856.67 3787.00 -240.00 -890.00 3787.00 -240.00 -856.67 3932.00 0.00 -600.00 3812.00 0.00 -600.00 3932.00 60.00 -652.50 3812.00 60.00 -652.50 3692.00 0.00 -720.00 3752.00 60.00 -713.73 3752.00 0.00 -660.00 3812.00 120.00 -707.95 3812.00 120.00 -972.05 3752.00 60.00 -966.27 3812.00 60.00 -1027.50 3932.00 120.00 -973.08 3932.00 60.00 -1027.50 3932.00 0.00 -1080.00 3812.00 0.00 -1080.00 3602.00 0.00 -720.00 3602.00 0.00 -772.50 3692.00 0.00 -772.50 3692.00 0.00 -907.50 3752.00 60.00 -907.50 3932.00 120.00 -907.50 3812.00 120.00 -907.50 4052.00 60.00 -1027.50 4052.00 0.00 -1080.00 4052.00 120.00 -975.00 4052.00 120.00 -907.50 4052.00 60.00 -652.50 4052.00 120.00 -705.00 3932.00 120.00 -706.92 3512.00 0.00 -840.00 3512.00 0.00 -907.50 3602.00 0.00 -840.00 3602.00 0.00 -907.50 3692.00 0.00 -840.00 3932.00 120.00 -840.00 4052.00 120.00 -840.00 3932.00 120.00 -772.50 4052.00 120.00 -772.50 3812.00 120.00 -840.00 3812.00 120.00 -772.50 3752.00 60.00 -840.00 3752.00 60.00 -772.50 3602.00 0.00 -960.00 3512.00 0.00 -960.00 3692.00 0.00 -960.00 3932.00 120.00 -873.75 3812.00 120.00 -873.75 3752.00 60.00 -873.75 3752.00 0.00 -1020.00 4052.00 0.00 -600.00 3564.10 0.00 -818.12 3560.66 0.00 -803.17 3569.45 0.00 -772.50 3536.36 0.00 -751.50 3512.00 0.00 -720.00 3512.00 0.00 -750.17 4084.40 81.59 -898.75 4072.20 81.59 -939.17 4084.40 40.91 -898.75 4072.20 40.91 -939.17 4084.40 -73.41 -898.75 4072.16 -73.41 -939.17 4084.40 -114.09 -898.75 4072.16 -114.09 -939.17 4072.16 -150.91 -740.83 4084.40 -150.91 -781.25 4072.16 -191.59 -740.83 4084.40 -191.59 -781.25 4072.16 4.09 -740.83 4084.40 4.09 -781.25 4072.16 -36.59 -740.83 4084.40 -36.59 -781.25 4090.20 -150.91 -819.79 4090.20 -150.91 -860.21 4090.20 -191.59 -819.79 4090.20 -191.59 -860.21 4090.20 4.09 -819.79 4090.20 4.09 -860.21 4090.20 -36.59 -819.79 4090.20 -36.59 -860.21 4072.16 -73.41 -740.83 4084.40 -73.41 -781.25 4072.16 -114.09 -740.83 4084.40 -114.09 -781.25 4084.40 -150.91 -898.75 4072.20 -150.91 -939.17 4084.40 -191.59 -898.75 4072.20 -191.59 -939.17 4090.20 -73.41 -819.79 4090.20 -73.41 -860.21 4090.20 -114.09 -819.79 4090.20 -114.09 -860.21 4084.40 4.09 -898.75 4072.16 4.09 -939.17 4084.40 -36.59 -898.75 4072.16 -36.59 -939.17 4072.16 81.59 -740.83 4084.40 81.59 -781.25 4072.16 40.91 -740.83 4084.40 40.91 -781.25 4090.20 81.59 -819.79 4090.20 81.59 -860.21 4090.20 40.91 -819.79 4090.20 40.91 -860.21 4083.40 100.00 -878.50 4060.16 100.00 -955.49 4077.12 96.12 -880.80 4056.20 96.12 -950.10 4060.16 22.50 -955.49 4056.20 26.38 -950.10 4083.40 22.50 -878.50 4077.12 26.38 -880.80 4083.40 -55.00 -878.50 4060.16 -55.00 -955.49 4077.12 -58.88 -880.80 4056.20 -58.88 -950.10 4060.16 -132.50 -955.49 4056.20 -128.63 -950.10 4083.40 -132.50 -878.50 4077.12 -128.63 -880.80 4060.16 -132.50 -724.51 4083.40 -132.50 -801.50 4056.20 -136.38 -729.90 4077.12 -136.38 -799.20 4083.40 -210.00 -801.50 4077.12 -206.12 -799.20 4060.16 -210.00 -724.51 4056.20 -206.12 -729.90 4060.16 22.50 -724.51 4083.40 22.50 -801.50 4056.20 18.63 -729.90 4077.12 18.63 -799.20 4083.40 -55.00 -801.50 4077.12 -51.13 -799.20 4060.16 -55.00 -724.51 4056.20 -51.13 -729.90 4083.40 -132.50 -801.50 4083.40 -132.50 -878.50 4078.08 -136.38 -805.35 4078.08 -136.38 -874.65 4083.40 -210.00 -878.50 4078.08 -206.12 -874.65 4083.40 -210.00 -801.50 4078.08 -206.12 -805.35 4083.40 22.50 -801.50 4083.40 22.50 -878.50 4078.08 18.63 -805.35 4078.08 18.63 -874.65 4083.40 -55.00 -878.50 4078.08 -51.13 -874.65 4083.40 -55.00 -801.50 4078.08 -51.13 -805.35 4060.16 -55.00 -724.51 4083.40 -55.00 -801.50 4056.20 -58.87 -729.90 4077.12 -58.87 -799.20 4083.40 -132.50 -801.50 4077.12 -128.62 -799.20 4060.16 -132.50 -724.51 4056.20 -128.62 -729.90 4083.40 -132.50 -878.50 4060.16 -132.50 -955.49 4077.12 -136.37 -880.80 4056.20 -136.37 -950.10 4060.16 -210.00 -955.49 4056.20 -206.12 -950.10 4083.40 -210.00 -878.50 4077.12 -206.12 -880.80 4083.40 -55.00 -801.50 4083.40 -55.00 -878.50 4078.08 -58.87 -805.35 4078.08 -58.87 -874.65 4083.40 -132.50 -878.50 4078.08 -128.62 -874.65 4083.40 -132.50 -801.50 4078.08 -128.62 -805.35 4083.40 22.50 -878.50 4060.16 22.50 -955.49 4077.12 18.63 -880.80 4056.20 18.63 -950.10 4060.16 -55.00 -955.49 4056.20 -51.13 -950.10 4083.40 -55.00 -878.50 4077.12 -51.13 -880.80 4060.16 100.00 -724.51 4083.40 100.00 -801.50 4056.20 96.12 -729.90 4077.12 96.12 -799.20 4083.40 22.50 -801.50 4077.12 26.38 -799.20 4060.16 22.50 -724.51 4056.20 26.38 -729.90 4083.40 100.00 -801.50 4083.40 100.00 -878.50 4078.08 96.12 -805.35 4078.08 96.12 -874.65 4083.40 22.50 -878.50 4078.08 26.38 -874.65 4083.40 22.50 -801.50 4078.08 26.38 -805.35 4074.00 85.66 -891.20 4059.36 85.66 -939.70 4059.36 36.84 -939.70 4074.00 36.84 -891.20 4074.00 -69.34 -891.20 4059.36 -69.34 -939.70 4059.36 -118.16 -939.70 4074.00 -118.16 -891.20 4059.36 -146.84 -740.30 4074.00 -146.84 -788.80 4074.00 -195.66 -788.80 4059.36 -195.66 -740.30 4059.36 8.16 -740.30 4074.00 8.16 -788.80 4074.00 -40.66 -788.80 4059.36 -40.66 -740.30 4078.08 -146.84 -815.75 4078.08 -146.84 -864.25 4078.08 -195.66 -864.25 4078.08 -195.66 -815.75 4078.08 8.16 -815.75 4078.08 8.16 -864.25 4078.08 -40.66 -864.25 4078.08 -40.66 -815.75 4059.36 -69.34 -740.30 4074.00 -69.34 -788.80 4074.00 -118.16 -788.80 4059.36 -118.16 -740.30 4074.00 -146.84 -891.20 4059.36 -146.84 -939.70 4059.36 -195.66 -939.70 4074.00 -195.66 -891.20 4078.08 -69.34 -815.75 4078.08 -69.34 -864.25 4078.08 -118.16 -864.25 4078.08 -118.16 -815.75 4074.00 8.16 -891.20 4059.36 8.16 -939.70 4059.36 -40.66 -939.70 4074.00 -40.66 -891.20 4059.36 85.66 -740.30 4074.00 85.66 -788.80 4074.00 36.84 -788.80 4059.36 36.84 -740.30 4078.08 85.66 -815.75 4078.08 85.66 -864.25 4078.08 36.84 -864.25 4078.08 36.84 -815.75 4072.16 40.91 -740.83 4056.04 100.00 -975.00 4056.04 40.00 -1029.23 4056.04 40.00 -975.00 4056.04 -20.00 -1083.45 4056.04 -20.00 -1029.23 4056.04 -20.00 -975.00 4056.04 40.49 -705.00 4056.04 -20.00 -705.00 4056.04 40.00 -650.77 4056.04 -20.00 -650.77 4056.04 -100.00 -650.77 4056.04 -20.00 -596.55 4056.04 -100.00 -596.55 3810.57 -100.00 -596.55 3933.31 -100.00 -596.55 3810.57 -180.00 -596.55 3933.31 -180.00 -596.55 3810.57 -100.00 -1083.45 3933.31 -100.00 -1083.45 3810.57 -20.00 -1083.45 3933.31 -20.00 -1083.45 3810.57 -180.00 -1083.45 3750.57 -180.00 -1023.45 3750.57 -100.00 -1023.45 3690.57 -100.00 -963.45 3601.28 -100.00 -963.75 3690.57 -180.00 -963.45 3601.28 -180.00 -963.75 3512.00 -180.00 -715.96 3512.00 -100.00 -715.96 3601.28 -180.00 -716.25 3601.28 -100.00 -716.25 3690.57 -180.00 -716.55 3690.57 -100.00 -716.55 3750.57 -180.00 -656.55 3750.57 -100.00 -656.55 4056.04 -100.00 -1029.23 4056.04 -100.00 -975.00 3512.00 -120.00 -840.00 3512.00 -120.00 -890.00 3511.30 -100.00 -840.00 3511.30 -100.00 -910.00 3512.00 -180.00 -770.00 3512.00 -180.00 -720.00 3512.00 -240.00 -770.00 3512.00 -240.00 -720.00 3512.00 -240.00 -910.00 3512.00 -180.00 -910.00 3512.00 -240.00 -890.00 3512.00 -180.00 -890.00 3512.00 -100.00 -715.96 3512.00 -180.00 -715.96 4056.04 -100.00 -1083.45 4056.04 -180.00 -1083.45 3933.31 -180.00 -1083.45 4056.04 -100.00 -596.55 4056.04 -20.00 -596.55 3933.31 -20.00 -596.55 3690.57 -20.00 -963.45 3750.57 -20.00 -1023.45 3810.57 -20.00 -596.55 3750.57 -20.00 -656.55 3601.28 -20.00 -963.75 3512.00 -100.00 -964.04 3509.18 -20.06 -964.04 3690.57 -20.00 -716.55 3601.28 -20.00 -716.25 3512.00 -100.00 -964.04 3512.00 -180.00 -960.00 3512.00 -180.00 -964.04 4056.04 -180.00 -1029.23 4056.04 -180.00 -1083.45 4056.04 -100.00 -1083.45 4056.04 -20.00 -1083.45 3512.00 -180.00 -964.04 4056.04 -180.00 -705.00 4056.04 -180.00 -650.77 4056.04 -146.84 -705.00 4056.04 -100.00 -705.00 4056.04 -180.00 -596.55 3509.18 -20.00 -715.96 4056.04 -180.00 -975.00 4056.04 -146.84 -975.00 4056.04 -180.00 -596.55 3511.30 -100.00 -770.00 3512.00 -180.00 -790.00 3512.00 -240.00 -790.00 3512.00 -120.00 -790.00 3512.00 -240.00 -960.00 3509.18 -20.00 -840.00 3509.18 -20.00 -907.82 4056.04 100.00 -705.00 3509.18 -20.06 -964.04 3509.66 -38.28 -771.63 3509.18 -20.00 -765.70 3509.18 -20.00 -715.96 3509.93 -48.52 -797.26 3509.61 -36.27 -800.30 3509.55 -34.15 -813.47 3509.18 -20.00 -826.88 3990.92 -213.33 -851.98 3984.13 -213.33 -862.13 3989.53 -210.00 -851.40 3983.07 -210.00 -861.07 3973.40 -210.00 -867.53 3962.00 -212.39 -840.00 3962.00 -210.00 -869.80 3950.60 -210.00 -867.53 3940.93 -210.00 -861.07 3934.47 -210.00 -851.40 3932.20 -210.00 -840.00 3934.47 -210.00 -828.60 3940.93 -210.00 -818.93 3950.60 -210.00 -812.47 3962.00 -210.00 -810.20 3973.40 -210.00 -812.47 3983.07 -210.00 -818.93 3989.53 -210.00 -828.60 3991.80 -210.00 -840.00 3993.30 -213.33 -840.00 3973.98 -213.33 -868.92 3962.00 -213.33 -871.30 3950.02 -213.33 -868.92 3939.87 -213.33 -862.13 3933.08 -213.33 -851.98 3930.70 -213.33 -840.00 3933.08 -213.33 -828.02 3939.87 -213.33 -817.87 3950.02 -213.33 -811.08 3962.00 -213.33 -808.70 3973.98 -213.33 -811.08 3984.13 -213.33 -817.87 3990.92 -213.33 -828.02 3509.66 -38.28 -771.63 3509.93 -48.52 -797.26 3489.01 -20.00 -781.30 3481.00 -20.00 -803.32 3509.61 -36.27 -800.30 3490.81 -20.00 -803.67 3509.55 -34.15 -813.47 3492.80 -20.00 -814.26 3509.18 -20.00 -826.88 3509.18 -20.00 -765.70 3410.38 49.61 -818.12 3509.18 -20.00 -765.70 3489.01 -20.00 -781.30 3512.00 0.00 -750.17 3512.00 -20.00 -766.77 3569.45 0.00 -772.50 3536.36 0.00 -751.50 3512.00 -20.00 -827.75 3512.00 0.00 -840.00 3564.10 0.00 -818.12 3560.66 0.00 -803.17 3509.18 -20.00 -826.88 3481.00 -20.00 -803.32 3490.81 -20.00 -803.67 3492.80 -20.00 -814.26 3509.18 -20.00 -826.88 3880.00 120.00 -752.00 3908.00 110.00 -776.00 3909.00 120.00 -765.00 3926.00 100.00 -804.00 3928.00 120.00 -782.00 3926.00 100.00 -804.00 3962.00 90.00 -800.00 3962.00 120.00 -767.00 3928.00 120.00 -782.00 3934.00 90.00 -811.00 3997.00 120.00 -782.00 3999.00 100.00 -804.00 3991.00 90.00 -811.00 3999.00 100.00 -804.00 4003.00 90.00 -840.00 4021.00 120.00 -806.00 4035.00 120.00 -840.00 3991.00 90.00 -811.00 3991.00 90.00 -869.00 4014.00 120.00 -891.00 4014.00 120.00 -891.00 3991.00 90.00 -869.00 3980.00 120.00 -906.00 3962.00 100.00 -891.00 3962.00 90.00 -880.00 3934.00 90.00 -869.00 3945.00 120.00 -906.00 3911.00 120.00 -891.00 3911.00 120.00 -891.00 3934.00 90.00 -869.00 3922.00 90.00 -840.00 3890.00 120.00 -840.00 3926.00 100.00 -804.00 3904.00 120.00 -806.00 3934.00 90.00 -811.00 3897.00 120.00 -777.00 3904.00 120.00 -806.00 3940.50 87.61 -818.00 3962.00 87.61 -809.00 3984.50 87.61 -818.00 3984.50 87.61 -818.00 3993.50 87.61 -840.00 3984.50 87.61 -862.00 3984.50 87.61 -862.00 3962.00 87.61 -871.00 3940.50 87.61 -862.00 3940.50 87.61 -862.00 3931.50 87.61 -840.00 3940.50 87.61 -818.00 3931.50 87.61 -840.00 3950.93 63.71 -828.80 3946.44 63.71 -840.00 3962.00 -10.00 -840.00 3962.08 37.44 -832.63 3957.06 37.44 -834.98 3967.44 37.44 -834.98 3962.13 63.71 -823.57 3974.07 63.71 -828.80 3967.44 37.44 -834.98 3969.45 37.44 -840.00 3974.07 63.71 -828.80 3978.56 63.71 -840.00 3967.44 37.44 -845.02 3974.07 63.71 -851.20 3967.44 37.44 -845.02 3962.08 37.44 -847.37 3974.07 63.71 -851.20 3962.13 63.71 -856.43 3962.00 -10.00 -840.00 3957.06 37.44 -845.02 3955.05 37.44 -840.00 3957.06 37.44 -845.02 3950.93 63.71 -851.20 3957.06 37.44 -834.98 3962.00 120.00 -969.00 3962.00 100.00 -891.00 3945.00 120.00 -906.00 3980.00 120.00 -906.00 3999.00 100.00 -804.00 4043.00 120.00 -767.00 3997.00 120.00 -782.00 4021.00 120.00 -806.00 3962.00 87.61 -809.00 3940.50 87.61 -818.00 3950.93 63.71 -828.80 3940.50 87.61 -818.00 3984.50 87.61 -818.00 3984.50 87.61 -818.00 3993.50 87.61 -840.00 3984.50 87.61 -862.00 3962.00 87.61 -871.00 3984.50 87.61 -862.00 3940.50 87.61 -862.00 3950.93 63.71 -851.20 3940.50 87.61 -862.00 3744.00 51.00 -891.00 3753.00 30.00 -884.00 3721.00 28.00 -897.00 3728.00 36.00 -879.00 3650.00 0.00 -844.00 3614.00 0.00 -854.00 3657.00 -17.00 -849.00 3660.00 0.00 -858.00 3657.00 -17.00 -849.00 3685.00 -24.00 -834.00 3664.00 0.00 -834.00 3650.00 0.00 -844.00 3692.00 0.00 -844.00 </float_array>
                    <technique_common>
                        <accessor source="#geom-003FE6D0-pos-array" count="1268" stride="3">
                            <param name="X" type="float" />
                            <param name="Y" type="float" />
                            <param name="Z" type="float" />
                        </accessor>
                    </technique_common>
                </source>
                <source id="geom-003FE6D0-texcoord">
                    <float_array id="geom-003FE6D0-texcoord-array" count="2536">0.01 0.88 0.01 0.44 0.47 0.88 0.47 0.02 0.01 0.02 0.01 0.88 0.01 0.02 0.99 0.88 0.99 0.02 0.99 0.02 0.99 0.88 0.01 0.02 0.01 0.88 0.99 0.02 0.99 0.88 0.01 0.02 0.01 0.88 0.01 0.88 0.01 0.02 0.99 0.88 0.99 0.02 0.01 0.02 0.99 0.02 0.01 0.88 0.99 0.88 0.01 0.02 0.99 0.02 0.01 0.88 0.99 0.88 0.01 0.02 0.53 0.02 0.01 0.88 0.53 0.88 0.99 0.98 0.01 0.98 0.01 0.98 0.99 0.98 0.99 0.98 0.01 0.98 0.50 0.98 0.01 0.98 0.01 0.98 0.50 0.98 0.01 0.98 0.99 0.98 0.01 0.98 0.99 0.98 0.99 0.98 0.01 0.98 0.99 0.02 0.99 0.88 0.01 0.02 0.01 0.88 0.01 0.98 0.99 0.98 0.99 0.88 0.99 0.98 0.01 0.88 0.01 0.98 0.01 0.02 0.99 0.02 0.99 0.02 0.99 0.88 0.01 0.02 0.01 0.88 0.01 0.98 0.99 0.98 0.01 0.88 0.01 0.02 0.99 0.88 0.99 0.02 0.01 0.98 0.99 0.98 0.01 0.88 0.01 0.02 0.99 0.88 0.99 0.02 0.01 0.98 0.99 0.98 0.01 0.88 0.01 0.02 0.99 0.88 0.99 0.02 0.01 0.98 0.99 0.98 0.99 0.88 0.99 0.02 0.99 0.88 0.99 0.44 0.99 0.02 0.99 0.98 0.99 0.98 0.06 0.07 0.06 -0.21 0.07 0.07 0.07 -0.21 0.04 -0.16 0.04 -0.01 0.05 -0.16 0.05 -0.01 0.06 -0.21 0.06 -0.49 0.07 -0.21 0.07 -0.49 0.07 -0.21 0.06 -0.21 0.07 -0.49 0.06 -0.49 0.07 -0.49 0.07 -0.21 0.06 -0.49 0.06 -0.21 0.04 -0.48 0.04 -0.36 0.05 -0.48 0.05 -0.36 0.06 -0.21 0.07 -0.21 0.06 0.06 0.07 0.07 0.05 -0.01 0.04 -0.01 0.05 -0.16 0.04 -0.16 0.04 -0.36 0.05 -0.36 0.07 -0.21 0.06 -0.21 0.07 -0.49 0.06 -0.49 0.06 -0.21 0.07 -0.21 0.06 0.07 0.07 0.08 0.07 -0.49 0.07 -0.21 0.06 -0.49 0.06 -0.21 0.06 0.06 0.07 0.07 0.07 0.06 0.06 0.07 0.06 0.07 0.07 0.07 0.07 0.07 0.06 0.07 0.07 0.07 0.06 0.08 0.07 -0.49 0.06 -0.49 0.05 -0.48 0.04 -0.48 0.05 -0.57 0.04 -0.57 0.00 -0.14 0.00 0.02 0.08 -0.05 0.00 0.14 0.02 0.14 0.00 -0.30 0.03 -0.14 0.00 -0.08 0.03 0.14 0.00 -0.76 0.03 -0.71 0.00 -0.59 0.03 -0.43 0.00 -0.99 0.00 -0.76 0.03 -0.99 0.03 -0.71 0.00 -0.30 0.00 -0.08 0.03 -0.14 0.03 0.14 0.00 0.14 0.00 -0.59 0.03 -0.43 0.00 -0.99 0.03 -0.99 0.08 -0.24 0.00 -0.31 0.00 -0.43 0.02 -0.43 0.06 -0.49 0.07 -0.48 0.06 -0.36 0.07 -0.36 0.04 -0.57 0.05 -0.57 0.04 0.14 0.05 0.14 0.05 0.14 0.04 0.14 0.07 -0.49 0.06 -0.49 0.06 -0.48 0.07 -0.49 0.07 -0.21 0.06 -0.21 0.06 0.07 0.06 -0.04 0.07 0.06 0.07 -0.04 0.06 -0.18 0.07 -0.18 0.05 -0.15 0.05 -0.03 0.03 -0.15 0.03 -0.03 0.05 0.09 0.03 0.09 0.05 -0.03 0.03 -0.03 0.10 -0.07 0.08 -0.07 0.10 -0.23 0.08 -0.23 0.10 -0.37 0.08 -0.37 0.10 -0.50 0.08 -0.50 0.10 -0.73 0.08 -0.73 0.05 0.09 0.05 -0.15 0.07 0.05 0.07 -0.19 0.10 0.09 0.08 0.09 0.10 -0.04 0.08 -0.04 0.07 0.09 0.05 0.05 0.07 -0.15 0.05 -0.19 0.10 -0.11 0.08 -0.11 0.10 -0.35 0.08 -0.35 0.10 -0.52 0.08 -0.52 0.10 -0.66 0.08 -0.66 0.10 -0.84 0.08 -0.84 0.10 -0.99 0.08 -0.99 0.03 -0.31 0.05 -0.31 0.03 -0.31 0.05 -0.31 0.03 -0.15 0.05 -0.15 0.10 -0.15 0.08 -0.15 0.10 -0.29 0.08 -0.29 0.10 -0.95 0.08 -0.95 0.10 0.08 0.08 0.08 0.10 0.08 0.08 0.08 0.00 0.00 0.02 0.00 0.00 0.05 0.02 0.10 0.00 0.10 0.02 0.10 0.00 0.10 0.02 0.05 0.00 0.00 0.02 0.00 0.03 -0.40 0.05 -0.40 0.10 -0.19 0.08 -0.19 0.10 -0.33 0.08 -0.33 0.10 -0.40 0.08 -0.40 0.10 -0.46 0.08 -0.46 0.03 -0.40 0.05 -0.40 0.03 0.09 0.05 0.09 0.07 -0.38 0.05 -0.42 0.05 -0.38 0.07 -0.42 0.10 0.09 0.08 0.09 0.10 0.03 0.08 0.00 0.08 -0.13 0.24 0.48 0.48 0.36 0.00 0.48 0.24 0.00 0.48 0.12 0.48 0.00 0.00 0.00 0.00 0.12 0.51 0.00 0.51 0.12 0.00 0.36 0.00 0.48 0.48 0.36 0.48 0.48 0.00 0.00 0.00 0.12 0.48 0.00 0.48 0.12 0.51 0.48 0.51 0.36 0.00 0.48 0.00 0.36 0.00 0.12 0.51 0.12 0.00 0.00 0.51 0.00 0.00 0.24 0.48 0.24 0.00 0.12 0.48 0.12 0.00 0.36 0.48 0.36 0.00 0.48 0.48 0.48 0.00 0.00 0.48 0.00 0.00 0.24 0.51 0.24 0.00 0.36 0.51 0.36 0.51 0.48 0.00 0.48 0.48 0.48 0.00 0.00 0.24 0.00 0.00 0.00 0.24 0.12 0.00 0.12 0.48 0.12 0.48 0.24 0.24 0.24 0.48 0.36 0.24 0.36 0.48 0.42 0.24 0.48 0.48 0.48 0.24 0.12 0.24 0.00 0.00 0.12 0.00 0.00 0.48 0.36 0.48 0.48 0.00 0.36 0.00 0.48 0.24 0.24 0.48 0.12 0.48 0.24 0.00 0.24 0.48 0.24 0.48 0.36 0.24 0.36 0.00 0.12 0.48 0.12 0.24 0.48 0.48 0.48 0.00 0.00 0.48 0.06 0.48 0.00 0.00 0.12 0.24 0.12 0.00 0.00 0.24 0.00 0.24 0.24 0.48 0.12 0.48 0.24 0.24 0.36 0.48 0.36 0.24 0.48 0.48 0.48 0.48 0.06 0.30 0.06 0.48 0.00 0.30 0.00 0.30 0.12 0.00 0.06 0.00 0.12 0.48 0.24 0.30 0.24 0.48 0.18 0.30 0.18 0.00 0.24 0.00 0.18 0.30 0.24 0.60 0.06 0.60 0.00 0.72 0.06 0.72 0.00 0.98 0.06 0.96 0.00 0.72 0.18 0.99 0.12 0.92 0.18 0.60 0.18 0.60 0.24 0.48 0.00 0.00 0.24 0.00 0.36 0.00 0.42 0.00 0.48 0.48 0.00 0.00 0.24 0.00 0.36 0.06 0.42 0.00 0.48 0.00 0.24 0.00 0.18 0.48 0.00 0.00 0.30 0.00 0.36 0.00 0.48 0.48 0.12 0.60 0.12 0.72 0.12 0.00 0.00 0.84 0.24 0.72 0.24 0.02 0.02 0.50 0.02 0.02 0.50 0.50 0.50 0.99 0.02 0.99 0.50 0.02 0.02 0.50 0.02 0.02 0.50 0.50 0.50 0.50 0.02 0.99 0.02 0.99 0.50 0.02 0.02 0.50 0.02 0.02 0.50 0.50 0.50 0.99 0.02 0.99 0.50 0.02 0.02 0.50 0.02 0.02 0.50 0.50 0.50 0.99 0.02 0.99 0.50 0.02 0.02 0.50 0.02 0.02 0.50 0.50 0.50 0.99 0.02 0.99 0.50 0.02 0.02 0.50 0.02 0.02 0.50 0.50 0.50 0.99 0.02 0.99 0.50 0.02 0.02 0.50 0.02 0.02 0.50 0.50 0.50 0.99 0.02 0.99 0.50 0.02 0.02 0.50 0.02 0.02 0.50 0.50 0.50 0.99 0.02 0.99 0.50 0.50 0.82 0.88 0.82 0.13 0.82 0.50 0.82 0.88 0.82 0.13 0.82 0.50 0.82 0.88 0.82 0.13 0.82 0.50 0.82 0.88 0.82 0.13 0.82 0.50 0.82 0.88 0.82 0.13 0.82 0.50 0.82 0.88 0.82 0.13 0.82 0.50 0.82 0.88 0.82 0.13 0.82 0.50 0.82 0.88 0.82 0.13 0.82 0.16 0.99 0.50 0.99 0.85 0.99 0.16 0.99 0.50 0.99 0.85 0.99 0.16 0.99 0.50 0.99 0.85 0.99 0.16 0.99 0.50 0.99 0.85 0.99 0.16 0.99 0.50 0.99 0.85 0.99 0.16 0.99 0.50 0.99 0.85 0.99 0.16 0.99 0.50 0.99 0.85 0.99 0.16 0.99 0.50 0.99 0.85 0.99 0.13 -0.24 0.12 -0.32 0.24 -0.29 0.24 -0.34 0.16 0.01 0.25 0.03 0.32 -0.02 0.16 0.04 0.33 0.06 0.25 0.07 0.32 -0.02 0.25 0.03 0.16 0.01 0.16 0.04 0.33 0.06 0.25 0.07 0.84 -0.42 0.85 -0.34 0.72 -0.35 0.72 -0.40 0.68 -0.22 0.62 -0.31 0.85 -0.34 0.49 -0.29 0.45 -0.17 0.35 -0.27 0.36 0.12 0.46 0.29 0.24 0.23 0.27 -0.02 0.39 -0.08 0.39 -0.03 0.41 0.09 0.55 0.07 0.42 0.15 0.56 0.13 0.28 0.10 0.29 0.17 0.17 0.12 0.18 0.18 0.40 0.00 0.54 -0.02 0.41 0.06 0.54 0.04 0.16 0.00 0.08 0.01 0.13 -0.24 0.05 -0.23 0.85 -0.34 0.93 -0.35 0.88 -0.10 0.96 -0.11 0.35 -0.30 0.48 -0.32 0.35 -0.27 0.49 -0.29 0.41 0.09 0.28 0.10 0.41 0.06 0.28 0.08 0.55 0.07 0.54 0.04 0.65 0.05 0.65 0.03 0.36 -0.02 0.27 0.02 0.27 -0.01 0.59 -0.03 0.59 -0.05 0.64 -0.03 0.64 -0.06 0.62 -0.31 0.62 -0.34 0.22 0.02 0.17 0.09 0.16 0.03 0.19 0.24 0.11 0.25 0.91 0.14 0.99 0.13 0.76 -0.08 0.65 -0.02 0.65 -0.07 0.63 -0.12 0.60 -0.16 0.72 0.07 0.59 0.06 0.62 0.03 0.40 0.02 0.44 0.05 0.60 -0.16 0.63 -0.12 0.55 -0.10 0.57 -0.08 0.65 -0.07 0.58 -0.06 0.62 0.03 0.59 0.06 0.57 -0.01 0.55 0.00 0.54 0.08 0.53 0.01 0.44 0.05 0.40 0.02 0.48 0.00 0.47 -0.02 0.39 -0.03 0.46 -0.04 0.50 -0.18 0.55 -0.18 0.51 -0.11 0.53 -0.11 0.41 -0.13 0.45 -0.17 0.47 -0.09 0.49 -0.10 0.39 -0.08 0.46 -0.07 0.65 -0.02 0.58 -0.04 0.48 0.08 0.50 0.01 0.88 -0.10 0.66 0.26 0.86 0.15 0.16 0.00 0.13 -0.24 0.32 -0.17 0.17 0.09 0.17 0.12 0.21 0.00 0.22 0.02 0.27 0.02 0.28 0.08 0.66 0.12 0.65 0.05 0.59 -0.03 0.65 0.03 0.54 -0.02 0.44 -0.03 0.53 -0.04 0.55 -0.18 0.50 -0.18 0.41 -0.13 0.16 0.01 0.16 0.03 0.64 -0.03 0.19 0.24 0.91 0.14 0.55 0.16 0.48 0.08 0.54 0.08 0.86 0.17 0.24 0.25 0.40 0.00 0.98 0.99 0.03 0.99 0.98 0.02 0.03 0.02 0.98 0.99 0.03 0.99 0.98 0.02 0.03 0.02 0.03 0.02 0.98 0.02 0.03 0.99 0.98 0.99 0.03 0.02 0.98 0.02 0.03 0.99 0.98 0.99 0.98 0.99 0.03 0.99 0.98 0.02 0.03 0.02 0.98 0.99 0.03 0.99 0.98 0.02 0.03 0.02 0.03 0.02 0.98 0.02 0.03 0.99 0.98 0.99 0.03 0.02 0.98 0.02 0.03 0.99 0.98 0.99 0.50 0.02 0.99 0.02 0.50 0.50 0.99 0.50 0.99 0.50 0.50 0.50 0.99 0.99 0.50 0.99 0.99 0.50 0.50 0.50 0.99 0.99 0.50 0.99 0.02 0.50 0.02 0.99 0.50 0.99 0.50 0.52 0.99 0.52 0.50 0.99 0.99 0.99 0.99 0.02 0.50 0.02 0.02 0.02 0.50 0.52 0.99 0.52 0.50 0.99 0.99 0.99 0.02 0.52 0.02 0.99 0.02 0.52 0.02 0.99 0.99 0.99 0.99 0.50 0.50 0.50 0.99 0.99 0.50 0.99 0.99 0.07 0.99 -0.14 0.85 0.07 0.85 -0.14 0.71 -0.43 0.71 -0.28 0.85 -0.28 0.71 -0.14 0.29 -0.14 0.29 -0.28 0.14 -0.14 0.29 0.07 0.14 0.07 0.00 0.07 0.00 -0.14 0.71 -0.57 0.60 -0.57 0.60 -0.43 0.39 -0.43 0.39 -0.28 0.39 0.07 0.39 -0.14 0.14 0.28 0.00 0.28 0.29 0.28 0.39 0.28 0.85 0.28 0.71 0.28 0.71 0.07 0.50 -0.71 0.39 -0.71 0.50 -0.57 0.39 -0.57 0.50 -0.43 0.50 0.07 0.50 0.28 0.60 0.07 0.60 0.28 0.50 -0.14 0.60 -0.14 0.50 -0.28 0.60 -0.28 0.29 -0.57 0.29 -0.71 0.29 -0.43 0.45 0.07 0.45 -0.14 0.45 -0.28 0.14 -0.28 0.99 0.28 0.53 -0.63 0.56 -0.63 0.60 -0.62 0.64 -0.67 0.71 -0.71 0.65 -0.71 0.72 0.72 0.28 0.72 0.72 0.28 0.28 0.28 0.72 0.72 0.28 0.72 0.72 0.28 0.28 0.28 0.72 0.72 0.28 0.72 0.72 0.28 0.28 0.28 0.72 0.72 0.28 0.72 0.72 0.28 0.28 0.28 0.72 0.72 0.28 0.72 0.72 0.28 0.28 0.28 0.72 0.72 0.28 0.72 0.72 0.28 0.28 0.28 0.72 0.72 0.28 0.72 0.72 0.28 0.28 0.28 0.72 0.72 0.28 0.72 0.72 0.28 0.28 0.28 0.72 0.72 0.28 0.72 0.72 0.28 0.28 0.28 0.72 0.72 0.28 0.72 0.72 0.28 0.28 0.28 0.72 0.72 0.28 0.72 0.72 0.28 0.28 0.28 0.72 0.72 0.28 0.72 0.72 0.28 0.28 0.28 0.99 0.99 0.01 0.99 0.94 0.94 0.06 0.94 0.01 0.01 0.06 0.06 0.99 0.01 0.94 0.06 0.99 0.99 0.01 0.99 0.94 0.94 0.06 0.94 0.01 0.01 0.06 0.06 0.99 0.01 0.94 0.06 0.99 0.99 0.01 0.99 0.94 0.94 0.06 0.94 0.01 0.01 0.06 0.06 0.99 0.01 0.94 0.06 0.99 0.99 0.01 0.99 0.94 0.94 0.06 0.94 0.01 0.01 0.06 0.06 0.99 0.01 0.94 0.06 0.99 0.99 0.01 0.99 0.94 0.94 0.06 0.94 0.01 0.01 0.06 0.06 0.99 0.01 0.94 0.06 0.99 0.99 0.01 0.99 0.94 0.94 0.06 0.94 0.01 0.01 0.06 0.06 0.99 0.01 0.94 0.06 0.99 0.99 0.01 0.99 0.94 0.94 0.06 0.94 0.01 0.01 0.06 0.06 0.99 0.01 0.94 0.06 0.99 0.99 0.01 0.99 0.94 0.94 0.06 0.94 0.01 0.01 0.06 0.06 0.99 0.01 0.94 0.06 0.99 0.99 0.01 0.99 0.94 0.94 0.06 0.94 0.01 0.01 0.06 0.06 0.99 0.01 0.94 0.06 0.99 0.99 0.01 0.99 0.94 0.94 0.06 0.94 0.01 0.01 0.06 0.06 0.99 0.01 0.94 0.06 0.99 0.99 0.01 0.99 0.94 0.94 0.06 0.94 0.01 0.01 0.06 0.06 0.99 0.01 0.94 0.06 0.99 0.99 0.01 0.99 0.94 0.94 0.06 0.94 0.01 0.01 0.06 0.06 0.99 0.01 0.94 0.06 0.81 0.81 0.19 0.81 0.19 0.19 0.81 0.19 0.81 0.81 0.19 0.81 0.19 0.19 0.81 0.19 0.81 0.81 0.19 0.81 0.19 0.19 0.81 0.19 0.81 0.81 0.19 0.81 0.19 0.19 0.81 0.19 0.81 0.81 0.19 0.81 0.19 0.19 0.81 0.19 0.81 0.81 0.19 0.81 0.19 0.19 0.81 0.19 0.81 0.81 0.19 0.81 0.19 0.19 0.81 0.19 0.81 0.81 0.19 0.81 0.19 0.19 0.81 0.19 0.81 0.81 0.19 0.81 0.19 0.19 0.81 0.19 0.81 0.81 0.19 0.81 0.19 0.19 0.81 0.19 0.81 0.81 0.19 0.81 0.19 0.19 0.81 0.19 0.81 0.81 0.19 0.81 0.19 0.19 0.81 0.19 0.72 0.28 0.27 0.13 0.17 0.03 0.27 0.03 0.07 -0.07 0.17 -0.07 0.27 -0.07 0.00 0.03 0.00 -0.07 0.10 0.03 0.10 -0.07 0.10 -0.20 0.20 -0.07 0.20 -0.20 0.40 0.02 0.20 0.02 0.40 -0.12 0.20 -0.12 0.59 0.02 0.79 0.02 0.59 0.15 0.79 0.15 0.59 -0.12 0.44 -0.12 0.44 0.02 0.30 0.02 0.15 0.02 0.30 -0.12 0.15 -0.12 0.99 -0.12 0.99 0.02 0.84 -0.12 0.84 0.02 0.69 -0.12 0.69 0.02 0.54 -0.12 0.54 0.02 0.17 -0.20 0.27 -0.20 0.20 0.02 0.28 0.02 0.20 0.05 0.31 0.05 0.09 -0.08 0.01 -0.08 0.09 -0.18 0.01 -0.18 0.31 -0.18 0.31 -0.08 0.28 -0.18 0.28 -0.08 0.00 0.05 0.00 -0.08 0.99 0.02 0.99 -0.12 0.79 -0.12 0.00 0.02 0.00 0.15 0.20 0.15 0.30 0.15 0.44 0.15 0.40 0.15 0.54 0.15 0.15 0.15 0.00 0.02 0.00 0.15 0.69 0.15 0.84 0.15 0.40 0.05 0.40 -0.08 0.40 -0.08 0.17 -0.33 0.07 -0.33 0.07 -0.20 0.99 0.15 0.00 -0.12 0.00 -0.33 0.10 -0.33 0.00 -0.28 0.00 -0.20 0.00 -0.12 0.99 0.15 0.27 -0.33 0.27 -0.28 0.20 -0.33 0.09 0.05 0.12 -0.08 0.12 -0.18 0.12 0.02 0.40 -0.18 0.20 0.18 0.31 0.18 0.00 0.13 0.40 0.18 0.09 0.15 0.08 0.18 0.00 0.18 0.13 0.13 0.14 0.15 0.16 0.16 0.18 0.18 0.95 0.69 0.85 0.85 0.91 0.67 0.81 0.81 0.67 0.91 0.50 0.50 0.50 0.94 0.32 0.91 0.18 0.81 0.08 0.67 0.05 0.50 0.08 0.32 0.18 0.18 0.32 0.08 0.50 0.05 0.67 0.08 0.81 0.18 0.91 0.32 0.94 0.50 0.99 0.50 0.69 0.95 0.50 0.99 0.31 0.95 0.15 0.85 0.04 0.69 0.00 0.50 0.04 0.31 0.15 0.15 0.31 0.04 0.50 0.00 0.69 0.04 0.85 0.15 0.95 0.31 0.09 -0.16 0.46 -0.28 0.20 0.22 0.51 0.28 0.61 -0.12 0.63 0.22 0.80 -0.08 0.79 0.21 0.99 0.11 0.00 0.07 0.68 -0.29 0.71 -0.88 0.83 -0.75 0.54 -0.87 0.70 -0.89 0.18 -0.99 0.42 -0.95 0.00 -0.34 0.11 -0.44 0.01 -0.77 0.09 -0.82 0.04 -0.18 0.96 -0.34 0.68 0.21 0.29 0.09 0.05 -0.11 0.00 0.75 0.31 0.75 0.25 0.64 0.61 0.74 0.50 0.53 0.71 0.22 0.37 0.37 0.37 0.00 0.68 0.00 0.65 0.37 0.12 0.00 0.05 0.22 0.09 0.37 0.71 0.22 0.37 0.37 0.68 0.00 0.37 0.00 0.65 0.37 0.09 0.37 0.00 0.00 0.74 0.00 0.65 0.37 0.47 0.00 0.37 0.25 0.37 0.37 0.09 0.37 0.28 0.00 0.00 0.00 0.74 0.00 0.65 0.37 0.37 0.37 0.37 0.00 0.07 0.26 0.12 0.00 0.09 0.37 0.25 0.85 0.50 0.96 0.62 0.48 0.37 0.48 0.12 0.48 0.62 0.48 0.37 0.48 0.12 0.48 0.62 0.48 0.37 0.48 0.12 0.48 0.62 0.48 0.37 0.48 0.99 0.99 0.78 0.99 0.90 0.68 0.78 0.68 0.78 0.01 0.78 0.43 0.71 0.43 0.84 0.43 0.78 0.68 0.90 0.68 0.71 0.43 0.78 0.43 0.65 0.68 0.78 0.68 0.84 0.43 0.90 0.68 0.71 0.43 0.78 0.43 0.65 0.68 0.78 0.68 0.78 0.01 0.84 0.43 0.78 0.43 0.71 0.43 0.65 0.68 0.84 0.43 0.00 0.75 0.61 0.74 0.50 0.53 0.50 0.96 0.61 0.74 0.00 0.75 0.50 0.96 0.50 0.53 0.78 0.99 0.56 0.99 0.65 0.68 0.12 0.48 0.99 0.99 0.56 0.99 0.78 0.99 0.99 0.99 0.78 0.99 0.56 0.99 0.99 0.99 0.90 0.68 0.56 0.99 0.50 0.96 0.61 0.74 0.31 0.75 0.50 0.53 0.25 0.64 0.00 0.75 0.31 0.75 0.25 0.85 0.31 0.75 0.61 0.74 0.50 0.53 0.25 0.64 0.50 0.96 </float_array>
                    <technique_common>
                        <accessor source="#geom-003FE6D0-texcoord-array" count="1268" stride="2">
                            <param name="S" type="float" />
                            <param name="T" type="float" />
                        </accessor>
                    </technique_common>
                </source>
                <source id="geom-003FE6D0-colors">
                    <float_array id="geom-003FE6D0-colors-array" count="5072">0.20 0.44 1.00 1.00 0.16 0.31 0.93 1.00 0.16 0.32 0.97 1.00 0.16 0.29 0.82 1.00 0.16 0.27 0.72 1.00 0.16 0.42 1.00 1.00 0.16 0.35 1.00 1.00 0.16 0.51 1.00 1.00 0.16 0.39 1.00 1.00 0.16 0.35 1.00 1.00 0.16 0.42 1.00 1.00 0.16 0.39 1.00 1.00 0.16 0.51 1.00 1.00 0.16 0.44 1.00 1.00 0.16 0.58 1.00 1.00 0.18 0.40 1.00 1.00 0.18 0.41 1.00 1.00 0.11 0.13 0.18 1.00 0.11 0.13 0.20 1.00 0.24 0.38 1.00 1.00 0.24 0.30 0.45 1.00 0.18 0.39 1.00 1.00 0.22 0.28 0.40 1.00 0.18 0.41 1.00 1.00 0.23 0.35 0.89 1.00 0.16 0.39 1.00 1.00 0.16 0.44 1.00 1.00 0.16 0.51 1.00 1.00 0.16 0.58 1.00 1.00 0.00 0.00 0.00 1.00 0.16 0.29 0.82 1.00 0.08 0.13 0.35 1.00 0.16 0.32 0.97 1.00 0.16 0.41 1.00 1.00 0.16 0.49 1.00 1.00 0.18 0.41 1.00 1.00 0.16 0.56 1.00 1.00 0.24 0.37 0.99 1.00 0.11 0.13 0.19 1.00 0.16 0.31 0.94 1.00 0.07 0.13 0.33 1.00 0.17 0.31 0.98 1.00 0.16 0.31 0.94 1.00 0.16 0.41 1.00 1.00 0.16 0.50 1.00 1.00 0.18 0.40 1.00 1.00 0.22 0.34 0.87 1.00 0.16 0.57 1.00 1.00 0.16 0.50 1.00 1.00 0.00 0.00 0.00 1.00 0.08 0.13 0.35 1.00 0.16 0.35 1.00 1.00 0.16 0.42 1.00 1.00 0.16 0.41 1.00 1.00 0.07 0.13 0.33 1.00 0.16 0.42 1.00 1.00 0.16 0.41 1.00 1.00 0.08 0.13 0.36 1.00 0.07 0.13 0.33 1.00 0.00 0.00 0.00 1.00 0.16 0.35 1.00 1.00 0.16 0.39 1.00 1.00 0.16 0.51 1.00 1.00 0.16 0.44 1.00 1.00 0.16 0.58 1.00 1.00 0.16 0.56 1.00 1.00 0.16 0.49 1.00 1.00 0.16 0.58 1.00 1.00 0.16 0.44 1.00 1.00 0.18 0.41 1.00 1.00 0.18 0.39 1.00 1.00 0.16 0.57 1.00 1.00 0.18 0.40 1.00 1.00 0.24 0.38 1.00 1.00 0.24 0.30 0.45 1.00 0.18 0.41 1.00 1.00 0.18 0.40 1.00 1.00 0.24 0.37 0.99 1.00 0.18 0.41 1.00 1.00 0.23 0.35 0.89 1.00 0.22 0.28 0.40 1.00 0.10 0.12 0.16 1.00 0.10 0.13 0.18 1.00 0.22 0.34 0.87 1.00 0.10 0.13 0.18 1.00 0.08 0.13 0.36 1.00 0.00 0.00 0.00 1.00 0.20 0.45 1.00 1.00 0.16 0.31 0.93 1.00 0.16 0.27 0.72 1.00 0.07 0.13 0.33 1.00 0.17 0.32 1.00 1.00 0.16 0.26 0.69 1.00 0.16 0.30 0.86 1.00 0.16 0.16 0.16 1.00 0.16 0.30 0.88 1.00 0.16 0.28 0.76 1.00 0.16 0.24 0.59 1.00 0.16 0.27 0.75 1.00 0.16 0.24 0.58 1.00 0.16 0.44 1.00 1.00 0.16 0.55 1.00 1.00 0.16 0.43 1.00 1.00 0.16 0.53 1.00 1.00 0.16 0.69 1.00 1.00 0.16 0.67 1.00 1.00 0.16 0.55 1.00 1.00 0.16 0.53 1.00 1.00 0.18 0.43 1.00 1.00 0.20 0.27 0.61 1.00 0.18 0.43 1.00 1.00 0.20 0.28 0.61 1.00 0.16 0.28 0.80 1.00 0.16 0.30 0.87 1.00 0.17 0.33 1.00 1.00 0.16 0.29 0.84 1.00 0.16 0.30 0.87 1.00 0.16 0.30 0.89 1.00 0.16 0.27 0.73 1.00 0.16 0.29 0.84 1.00 0.16 0.24 0.59 1.00 0.16 0.25 0.60 1.00 0.16 0.28 0.76 1.00 0.16 0.28 0.78 1.00 0.16 0.30 0.87 1.00 0.16 0.29 0.85 1.00 0.16 0.44 1.00 1.00 0.16 0.43 1.00 1.00 0.16 0.56 1.00 1.00 0.16 0.54 1.00 1.00 0.20 0.27 0.58 1.00 0.20 0.27 0.58 1.00 0.09 0.11 0.14 1.00 0.09 0.11 0.13 1.00 0.18 0.42 1.00 1.00 0.16 0.70 1.00 1.00 0.18 0.42 1.00 1.00 0.16 0.68 1.00 1.00 0.07 0.13 0.33 1.00 0.09 0.16 0.44 1.00 0.07 0.13 0.33 1.00 0.09 0.16 0.44 1.00 0.18 0.43 1.00 1.00 0.18 0.43 1.00 1.00 0.16 0.56 1.00 1.00 0.16 0.54 1.00 1.00 0.09 0.11 0.14 1.00 0.09 0.11 0.14 1.00 0.18 0.42 1.00 1.00 0.18 0.42 1.00 1.00 0.16 0.33 1.00 1.00 0.16 0.29 0.80 1.00 0.17 0.31 0.98 1.00 0.20 0.44 1.00 1.00 0.13 0.16 0.23 1.00 0.13 0.16 0.23 1.00 0.16 0.16 0.16 1.00 0.16 0.26 0.67 1.00 0.16 0.16 0.16 1.00 0.24 0.47 1.00 1.00 0.16 0.27 0.75 1.00 0.16 0.24 0.56 1.00 0.16 0.16 0.16 1.00 0.27 0.64 1.00 1.00 0.27 0.62 1.00 1.00 0.28 0.60 1.00 1.00 0.26 0.60 1.00 1.00 0.23 0.47 1.00 1.00 0.26 0.61 1.00 1.00 0.22 0.45 1.00 1.00 0.26 0.59 1.00 1.00 0.24 0.45 1.00 1.00 0.16 0.24 0.56 1.00 0.16 0.27 0.75 1.00 0.16 0.16 0.16 1.00 0.16 0.26 0.67 1.00 0.27 0.56 1.00 1.00 0.25 0.58 1.00 1.00 0.23 0.49 1.00 1.00 0.22 0.47 1.00 1.00 0.16 0.16 0.16 1.00 0.13 0.16 0.23 1.00 0.16 0.26 0.67 1.00 0.16 0.16 0.16 1.00 0.09 0.11 0.14 1.00 0.09 0.11 0.14 1.00 0.20 0.24 0.31 1.00 0.20 0.24 0.31 1.00 0.20 0.45 1.00 1.00 0.17 0.32 1.00 1.00 0.16 0.26 0.69 1.00 0.16 0.16 0.16 1.00 0.16 0.16 0.16 1.00 0.16 0.26 0.69 1.00 0.16 0.16 0.16 1.00 0.16 0.26 0.69 1.00 0.07 0.13 0.33 1.00 0.09 0.16 0.44 1.00 0.21 0.25 0.34 1.00 0.21 0.25 0.34 1.00 0.09 0.11 0.13 1.00 0.19 0.22 0.28 1.00 0.09 0.11 0.14 1.00 0.20 0.23 0.31 1.00 0.17 0.18 0.19 1.00 0.18 0.19 0.22 1.00 0.21 0.36 0.98 1.00 0.16 0.25 0.60 1.00 0.31 0.60 1.00 1.00 0.16 0.24 0.56 1.00 0.16 0.26 0.67 1.00 0.16 0.26 0.69 1.00 0.16 0.24 0.56 1.00 0.16 0.24 0.59 1.00 0.19 0.27 0.61 1.00 0.20 0.27 0.61 1.00 0.17 0.44 1.00 1.00 0.18 0.43 1.00 1.00 0.16 0.58 1.00 1.00 0.16 0.69 1.00 1.00 0.16 0.51 1.00 1.00 0.16 0.55 1.00 1.00 0.16 0.42 1.00 1.00 0.16 0.44 1.00 1.00 0.07 0.13 0.33 1.00 0.16 0.30 0.86 1.00 0.08 0.15 0.41 1.00 0.16 0.29 0.83 1.00 0.16 0.16 0.16 1.00 0.16 0.26 0.69 1.00 0.13 0.16 0.23 1.00 0.13 0.16 0.23 1.00 0.16 0.16 0.16 1.00 0.16 0.26 0.69 1.00 0.16 0.29 0.83 1.00 0.16 0.30 0.87 1.00 0.16 0.42 1.00 1.00 0.16 0.44 1.00 1.00 0.16 0.52 1.00 1.00 0.16 0.56 1.00 1.00 0.16 0.60 1.00 1.00 0.16 0.70 1.00 1.00 0.17 0.44 1.00 1.00 0.18 0.42 1.00 1.00 0.19 0.27 0.67 1.00 0.20 0.27 0.58 1.00 0.09 0.10 0.13 1.00 0.09 0.11 0.14 1.00 0.35 0.71 1.00 1.00 0.19 0.35 1.00 1.00 0.19 0.35 1.00 1.00 0.36 0.75 1.00 1.00 0.21 0.36 0.97 1.00 0.32 0.62 1.00 1.00 0.19 0.22 0.29 1.00 0.21 0.25 0.34 1.00 0.19 0.22 0.29 1.00 0.20 0.24 0.31 1.00 0.08 0.15 0.41 1.00 0.07 0.13 0.33 1.00 0.08 0.15 0.42 1.00 0.07 0.13 0.33 1.00 0.09 0.10 0.13 1.00 0.09 0.11 0.14 1.00 0.16 0.31 0.93 1.00 0.23 0.49 1.00 1.00 0.20 0.45 1.00 1.00 0.27 0.64 1.00 1.00 0.16 0.28 0.80 1.00 0.16 0.29 0.80 1.00 0.26 0.61 1.00 1.00 0.20 0.44 1.00 1.00 0.23 0.47 1.00 1.00 0.16 0.31 0.93 1.00 0.26 0.61 1.00 1.00 0.16 0.29 0.80 1.00 0.13 0.16 0.23 1.00 0.13 0.16 0.23 1.00 0.13 0.16 0.23 1.00 0.13 0.16 0.23 1.00 0.09 0.10 0.13 1.00 0.09 0.11 0.14 1.00 0.16 0.16 0.16 1.00 0.16 0.26 0.69 1.00 0.16 0.28 0.80 1.00 0.27 0.64 1.00 1.00 0.16 0.26 0.67 1.00 0.16 0.26 0.69 1.00 0.08 0.15 0.42 1.00 0.07 0.13 0.33 1.00 0.16 0.26 0.69 1.00 0.16 0.16 0.16 1.00 0.09 0.10 0.13 1.00 0.09 0.11 0.14 1.00 0.19 0.22 0.28 1.00 0.20 0.23 0.31 1.00 0.18 0.19 0.22 1.00 0.18 0.24 0.51 1.00 0.00 0.00 0.00 1.00 0.00 0.00 0.00 1.00 0.16 0.25 0.60 1.00 0.00 0.00 0.00 1.00 0.16 0.18 0.25 1.00 0.16 0.18 0.25 1.00 0.00 0.00 0.00 1.00 0.16 0.16 0.16 1.00 0.00 0.00 0.00 1.00 0.00 0.00 0.00 1.00 0.17 0.18 0.21 1.00 0.00 0.00 0.00 1.00 0.16 0.17 0.18 1.00 0.16 0.16 0.16 1.00 0.00 0.00 0.00 1.00 0.16 0.16 0.16 1.00 0.00 0.00 0.00 1.00 0.17 0.18 0.21 1.00 0.00 0.00 0.00 1.00 0.18 0.19 0.22 1.00 0.00 0.00 0.00 1.00 0.22 0.27 0.39 1.00 0.20 0.23 0.30 1.00 0.18 0.19 0.22 1.00 0.17 0.18 0.21 1.00 0.19 0.22 0.29 1.00 0.17 0.18 0.19 1.00 0.20 0.23 0.30 1.00 0.17 0.18 0.20 1.00 0.16 0.16 0.17 1.00 0.16 0.16 0.16 1.00 0.16 0.16 0.16 1.00 0.16 0.16 0.16 1.00 0.17 0.18 0.21 1.00 0.16 0.17 0.18 1.00 0.22 0.31 0.71 1.00 0.19 0.22 0.29 1.00 0.16 0.22 0.45 1.00 0.16 0.16 0.17 1.00 0.16 0.16 0.16 1.00 0.16 0.18 0.25 1.00 0.18 0.19 0.22 1.00 0.06 0.11 0.28 1.00 0.05 0.09 0.24 1.00 0.02 0.04 0.08 1.00 0.16 0.34 1.00 1.00 0.16 0.27 0.74 1.00 0.16 0.36 1.00 1.00 0.16 0.53 1.00 1.00 0.16 0.51 1.00 1.00 0.16 0.49 1.00 1.00 0.16 0.38 1.00 1.00 0.16 0.33 1.00 1.00 0.06 0.10 0.27 1.00 0.00 0.00 0.00 1.00 0.16 0.44 1.00 1.00 0.08 0.14 0.40 1.00 0.16 0.36 1.00 1.00 0.07 0.14 0.40 1.00 0.19 0.39 1.00 1.00 0.06 0.12 0.36 1.00 0.16 0.52 1.00 1.00 0.10 0.23 0.76 1.00 0.16 0.58 1.00 1.00 0.16 0.52 1.00 1.00 0.16 0.60 1.00 1.00 0.16 0.60 1.00 1.00 0.18 0.56 1.00 1.00 0.16 0.47 1.00 1.00 0.16 0.42 1.00 1.00 0.16 0.47 1.00 1.00 0.16 0.56 1.00 1.00 0.08 0.15 0.44 1.00 0.09 0.17 0.49 1.00 0.09 0.17 0.49 1.00 0.16 0.39 1.00 1.00 0.07 0.14 0.46 1.00 0.19 0.39 1.00 1.00 0.21 0.34 0.96 1.00 0.00 0.00 0.00 1.00 0.20 0.29 0.71 1.00 0.18 0.34 1.00 1.00 0.22 0.27 0.39 1.00 0.22 0.31 0.71 1.00 0.16 0.29 0.85 1.00 0.16 0.22 0.45 1.00 0.16 0.25 0.60 1.00 0.16 0.18 0.25 1.00 0.16 0.38 1.00 1.00 0.16 0.28 0.77 1.00 0.05 0.09 0.23 1.00 0.00 0.00 0.00 1.00 0.16 0.51 1.00 1.00 0.16 0.33 1.00 1.00 0.16 0.49 1.00 1.00 0.04 0.07 0.22 1.00 0.04 0.05 0.13 1.00 0.17 0.36 1.00 1.00 0.16 0.44 1.00 1.00 0.03 0.05 0.12 1.00 0.16 0.42 1.00 1.00 0.11 0.16 0.37 1.00 0.16 0.49 1.00 1.00 0.09 0.18 0.53 1.00 0.16 0.49 1.00 1.00 0.08 0.17 0.54 1.00 0.17 0.44 1.00 1.00 0.07 0.12 0.37 1.00 0.16 0.35 1.00 1.00 0.19 0.68 1.00 1.00 0.18 0.38 1.00 1.00 0.17 0.44 1.00 1.00 0.05 0.09 0.24 1.00 0.18 0.19 0.22 1.00 0.18 0.56 1.00 1.00 0.16 0.56 1.00 1.00 0.16 0.39 1.00 1.00 0.06 0.11 0.28 1.00 0.09 0.17 0.49 1.00 0.16 0.53 1.00 1.00 0.16 0.49 1.00 1.00 0.16 0.42 1.00 1.00 0.03 0.05 0.12 1.00 0.22 0.66 1.00 1.00 0.16 0.36 1.00 1.00 0.07 0.14 0.40 1.00 0.16 0.42 1.00 1.00 0.16 0.31 0.91 1.00 0.05 0.09 0.23 1.00 0.16 0.58 1.00 1.00 0.16 0.63 1.00 1.00 0.16 0.64 1.00 1.00 0.00 0.00 0.00 1.00 0.06 0.11 0.31 1.00 0.06 0.11 0.29 1.00 0.04 0.09 0.37 1.00 0.04 0.10 0.38 1.00 0.40 0.45 0.95 1.00 0.36 0.54 1.00 1.00 0.04 0.10 0.39 1.00 0.31 0.62 1.00 1.00 0.04 0.10 0.39 1.00 0.04 0.11 0.40 1.00 0.31 0.62 1.00 1.00 0.28 0.71 1.00 1.00 0.04 0.12 0.40 1.00 0.04 0.13 0.41 1.00 0.30 0.95 1.00 1.00 0.04 0.13 0.41 1.00 0.04 0.15 0.42 1.00 0.30 0.95 1.00 1.00 0.31 1.00 1.00 1.00 0.00 0.00 0.00 1.00 0.32 1.00 1.00 1.00 0.00 0.00 0.00 1.00 0.00 0.00 0.00 1.00 0.32 1.00 1.00 1.00 0.32 1.00 1.00 1.00 0.04 0.15 0.42 1.00 0.31 1.00 1.00 1.00 0.04 0.15 0.42 1.00 0.04 0.14 0.41 1.00 0.31 1.00 1.00 1.00 0.29 1.00 1.00 1.00 0.04 0.13 0.40 1.00 0.28 0.86 1.00 1.00 0.04 0.13 0.40 1.00 0.04 0.12 0.38 1.00 0.28 0.86 1.00 1.00 0.26 0.65 1.00 1.00 0.04 0.10 0.37 1.00 0.29 0.57 1.00 1.00 0.04 0.10 0.37 1.00 0.04 0.10 0.37 1.00 0.29 0.57 1.00 1.00 0.40 0.52 1.00 1.00 0.04 0.09 0.36 1.00 0.39 0.44 0.92 1.00 0.04 0.09 0.36 1.00 0.04 0.09 0.36 1.00 0.39 0.44 0.92 1.00 0.36 0.39 0.81 1.00 0.04 0.09 0.37 1.00 0.40 0.45 0.95 1.00 0.41 1.00 1.00 1.00 0.41 1.00 1.00 1.00 0.41 1.00 1.00 1.00 0.42 1.00 1.00 1.00 0.42 1.00 1.00 1.00 0.42 1.00 1.00 1.00 0.43 1.00 1.00 1.00 0.44 1.00 1.00 1.00 0.44 1.00 1.00 1.00 0.45 1.00 1.00 1.00 0.45 1.00 1.00 1.00 0.45 1.00 1.00 1.00 0.45 1.00 1.00 1.00 0.44 1.00 1.00 1.00 0.44 1.00 1.00 1.00 0.44 1.00 1.00 1.00 0.43 1.00 1.00 1.00 0.43 1.00 1.00 1.00 0.42 1.00 1.00 1.00 0.42 1.00 1.00 1.00 0.42 1.00 1.00 1.00 0.41 1.00 1.00 1.00 0.41 1.00 1.00 1.00 0.41 1.00 1.00 1.00 0.37 0.92 1.00 1.00 0.38 1.00 1.00 1.00 0.39 1.00 1.00 1.00 0.39 1.00 1.00 1.00 0.41 1.00 1.00 1.00 0.42 1.00 1.00 1.00 0.42 1.00 1.00 1.00 0.43 1.00 1.00 1.00 0.44 1.00 1.00 1.00 0.44 1.00 1.00 1.00 0.44 1.00 1.00 1.00 0.43 1.00 1.00 1.00 0.43 1.00 1.00 1.00 0.42 1.00 1.00 1.00 0.40 1.00 1.00 1.00 0.40 1.00 1.00 1.00 0.39 1.00 1.00 1.00 0.38 1.00 1.00 1.00 0.38 1.00 1.00 1.00 0.37 0.96 1.00 1.00 0.37 0.91 1.00 1.00 0.37 0.91 1.00 1.00 0.37 0.89 1.00 1.00 0.37 0.92 1.00 1.00 0.02 0.11 0.17 1.00 0.02 0.08 0.15 1.00 0.01 0.03 0.08 1.00 0.01 0.02 0.07 1.00 0.03 0.11 0.25 1.00 0.05 0.13 0.32 1.00 0.03 0.06 0.18 1.00 0.05 0.15 0.32 1.00 0.03 0.07 0.21 1.00 0.05 0.18 0.32 1.00 0.03 0.06 0.18 1.00 0.05 0.13 0.32 1.00 0.03 0.09 0.18 1.00 0.05 0.15 0.32 1.00 0.03 0.07 0.20 1.00 0.05 0.18 0.32 1.00 0.02 0.08 0.15 1.00 0.02 0.10 0.16 1.00 0.01 0.03 0.08 1.00 0.01 0.02 0.07 1.00 0.11 0.32 0.32 1.00 0.28 0.73 0.73 1.00 0.05 0.22 0.32 1.00 0.33 0.73 0.73 1.00 0.14 0.32 0.32 1.00 0.28 0.73 0.73 1.00 0.09 0.22 0.32 1.00 0.08 0.15 0.32 1.00 0.07 0.15 0.32 1.00 0.10 0.31 0.32 1.00 0.14 0.32 0.32 1.00 0.13 0.32 0.32 1.00 0.15 0.49 0.73 1.00 0.15 0.51 0.73 1.00 0.04 0.13 0.32 1.00 0.03 0.13 0.30 1.00 0.15 0.53 0.73 1.00 0.03 0.14 0.31 1.00 0.05 0.18 0.32 1.00 0.03 0.07 0.21 1.00 0.14 0.33 0.73 1.00 0.14 0.34 0.73 1.00 0.03 0.11 0.28 1.00 0.04 0.13 0.32 1.00 0.05 0.11 0.32 1.00 0.04 0.07 0.20 1.00 0.04 0.19 0.32 1.00 0.04 0.13 0.25 1.00 0.04 0.18 0.27 1.00 0.04 0.13 0.25 1.00 0.04 0.11 0.32 1.00 0.04 0.07 0.19 1.00 0.01 0.05 0.12 1.00 0.02 0.05 0.12 1.00 0.03 0.16 0.17 1.00 0.04 0.17 0.17 1.00 0.03 0.10 0.17 1.00 0.03 0.11 0.17 1.00 0.01 0.04 0.11 1.00 0.02 0.05 0.13 1.00 0.03 0.11 0.17 1.00 0.02 0.05 0.13 1.00 0.02 0.08 0.17 1.00 0.01 0.03 0.06 1.00 0.01 0.02 0.09 1.00 0.03 0.06 0.17 1.00 0.01 0.03 0.09 1.00 0.03 0.10 0.17 1.00 0.01 0.03 0.09 1.00 0.02 0.06 0.17 1.00 0.01 0.03 0.06 1.00 0.03 0.15 0.17 1.00 0.01 0.05 0.11 1.00 0.06 0.23 0.32 1.00 0.03 0.07 0.16 1.00 0.05 0.15 0.32 1.00 0.04 0.08 0.23 1.00 0.04 0.06 0.16 1.00 0.04 0.08 0.23 1.00 0.04 0.06 0.16 1.00 0.08 0.28 0.32 1.00 0.13 0.32 0.32 1.00 0.13 0.32 0.32 1.00 0.13 0.32 0.32 1.00 0.13 0.32 0.32 1.00 0.09 0.21 0.32 1.00 0.12 0.32 0.32 1.00 0.12 0.32 0.32 1.00 0.13 0.32 0.32 1.00 0.13 0.32 0.32 1.00 0.08 0.19 0.19 1.00 0.08 0.19 0.19 1.00 0.00 0.00 0.00 1.00 0.00 0.00 0.00 1.00 0.07 0.19 0.19 1.00 0.00 0.00 0.00 1.00 0.07 0.19 0.19 1.00 0.07 0.19 0.19 1.00 0.00 0.00 0.00 1.00 0.00 0.00 0.00 1.00 0.07 0.19 0.19 1.00 0.00 0.00 0.00 1.00 0.07 0.19 0.19 1.00 0.08 0.19 0.19 1.00 0.00 0.00 0.00 1.00 0.00 0.00 0.00 1.00 0.08 0.19 0.19 1.00 0.00 0.00 0.00 1.00 0.08 0.19 0.19 1.00 0.08 0.19 0.19 1.00 0.00 0.00 0.00 1.00 0.00 0.00 0.00 1.00 0.08 0.19 0.19 1.00 0.08 0.19 0.19 1.00 0.00 0.00 0.00 1.00 0.00 0.00 0.00 1.00 0.08 0.19 0.19 1.00 0.00 0.00 0.00 1.00 0.07 0.19 0.19 1.00 0.00 0.00 0.00 1.00 0.07 0.19 0.19 1.00 0.00 0.00 0.00 1.00 0.12 0.28 0.68 1.00 0.08 0.15 0.32 1.00 0.07 0.15 0.32 1.00 0.13 0.30 0.68 1.00 0.05 0.24 0.32 1.00 0.11 0.32 0.32 1.00 0.01 0.03 0.07 1.00 0.03 0.09 0.17 1.00 0.01 0.03 0.09 1.00 0.03 0.11 0.17 1.00 0.14 0.34 0.73 1.00 0.04 0.14 0.32 1.00 0.03 0.07 0.20 1.00 0.05 0.18 0.32 1.00 0.06 0.23 0.32 1.00 0.03 0.07 0.16 1.00 0.03 0.06 0.17 1.00 0.01 0.02 0.09 1.00 0.01 0.03 0.09 1.00 0.14 0.32 0.32 1.00 0.13 0.31 0.32 1.00 0.14 0.32 0.32 1.00 0.01 0.04 0.09 1.00 0.02 0.07 0.17 1.00 0.05 0.15 0.32 1.00 0.05 0.10 0.29 1.00 0.05 0.10 0.29 1.00 0.11 0.22 0.32 1.00 0.13 0.32 0.32 1.00 0.12 0.32 0.32 1.00 0.07 0.15 0.32 1.00 0.07 0.15 0.32 1.00 0.03 0.06 0.17 1.00 0.18 0.49 1.00 1.00 0.19 0.51 1.00 1.00 0.20 0.40 1.00 1.00 0.22 0.43 1.00 1.00 0.19 0.52 1.00 1.00 0.19 0.50 1.00 1.00 0.22 0.46 1.00 1.00 0.21 0.42 1.00 1.00 0.19 0.51 1.00 1.00 0.18 0.49 1.00 1.00 0.18 0.54 1.00 1.00 0.17 0.53 1.00 1.00 0.19 0.50 1.00 1.00 0.19 0.52 1.00 1.00 0.17 0.54 1.00 1.00 0.18 0.54 1.00 1.00 0.09 0.28 0.78 1.00 0.09 0.28 0.80 1.00 0.17 0.60 1.00 1.00 0.17 0.59 1.00 1.00 0.09 0.28 0.81 1.00 0.09 0.28 0.79 1.00 0.17 0.60 1.00 1.00 0.17 0.61 1.00 1.00 0.18 0.54 1.00 1.00 0.17 0.53 1.00 1.00 0.17 0.59 1.00 1.00 0.17 0.60 1.00 1.00 0.17 0.54 1.00 1.00 0.18 0.54 1.00 1.00 0.17 0.61 1.00 1.00 0.17 0.60 1.00 1.00 0.24 0.61 1.00 1.00 0.22 0.43 1.00 1.00 0.20 0.53 1.00 1.00 0.19 0.51 1.00 1.00 0.17 0.60 1.00 1.00 0.17 0.59 1.00 1.00 0.09 0.28 0.81 1.00 0.09 0.22 0.78 1.00 0.19 0.52 1.00 1.00 0.20 0.54 1.00 1.00 0.18 0.54 1.00 1.00 0.18 0.55 1.00 1.00 0.20 0.54 1.00 1.00 0.18 0.55 1.00 1.00 0.18 0.55 1.00 1.00 0.18 0.55 1.00 1.00 0.18 0.54 1.00 1.00 0.17 0.58 1.00 1.00 0.17 0.59 1.00 1.00 0.22 0.46 1.00 1.00 0.24 0.63 1.00 1.00 0.24 0.63 1.00 1.00 0.17 0.58 1.00 1.00 0.17 0.59 1.00 1.00 0.09 0.22 0.78 1.00 0.09 0.28 0.80 1.00 0.17 0.59 1.00 1.00 0.09 0.22 0.78 1.00 0.18 0.55 1.00 1.00 0.17 0.59 1.00 1.00 0.18 0.54 1.00 1.00 0.18 0.54 1.00 1.00 0.18 0.55 1.00 1.00 0.17 0.60 1.00 1.00 0.17 0.59 1.00 1.00 0.06 0.15 0.32 1.00 0.06 0.18 0.32 1.00 0.16 0.39 1.00 1.00 0.16 0.46 1.00 1.00 0.11 0.28 0.81 1.00 0.16 0.46 1.00 1.00 0.06 0.20 0.35 1.00 0.16 0.35 1.00 1.00 0.16 0.35 1.00 1.00 0.16 0.45 1.00 1.00 0.16 0.45 1.00 1.00 0.16 0.32 0.99 1.00 0.16 0.38 1.00 1.00 0.06 0.14 0.32 1.00 0.06 0.17 0.32 1.00 0.19 0.27 0.67 1.00 0.20 0.29 0.73 1.00 0.18 0.53 1.00 1.00 0.18 0.55 1.00 1.00 0.16 0.54 1.00 1.00 0.16 0.32 0.99 1.00 0.16 0.44 1.00 1.00 0.09 0.16 0.45 1.00 0.01 0.01 0.03 1.00 0.00 0.00 0.00 1.00 0.04 0.05 0.07 1.00 0.09 0.16 0.45 1.00 0.00 0.00 0.00 1.00 0.16 0.33 1.00 1.00 0.19 0.22 0.29 1.00 0.19 0.22 0.29 1.00 0.21 0.25 0.35 1.00 0.20 0.30 0.76 1.00 0.18 0.55 1.00 1.00 0.16 0.41 1.00 1.00 0.04 0.05 0.07 1.00 0.16 0.33 1.00 1.00 0.04 0.05 0.07 1.00 0.16 0.44 1.00 1.00 0.16 0.44 1.00 1.00 0.16 0.53 1.00 1.00 0.16 0.55 1.00 1.00 0.19 0.27 0.61 1.00 0.09 0.10 0.13 1.00 0.11 0.28 0.82 1.00 0.16 0.41 1.00 1.00 0.16 0.44 1.00 1.00 0.16 0.53 1.00 1.00 0.06 0.19 0.35 1.00 0.01 0.02 0.04 1.00 0.20 0.24 0.33 1.00 0.20 0.24 0.32 1.00 0.20 0.23 0.30 1.00 0.19 0.22 0.28 1.00 0.09 0.10 0.13 1.00 0.19 0.22 0.28 1.00 0.16 0.16 0.16 1.00 0.16 0.16 0.16 1.00 0.16 0.23 0.53 1.00 0.16 0.20 0.36 1.00 0.26 0.58 1.00 1.00 0.27 0.53 1.00 1.00 0.26 0.58 1.00 1.00 0.26 0.53 1.00 1.00 0.23 0.38 1.00 1.00 0.22 0.42 1.00 1.00 0.24 0.47 1.00 1.00 0.24 0.49 1.00 1.00 0.24 0.45 1.00 1.00 0.23 0.48 1.00 1.00 0.22 0.37 1.00 1.00 0.21 0.40 1.00 1.00 0.24 0.36 1.00 1.00 0.24 0.37 1.00 1.00 0.25 0.44 1.00 1.00 0.25 0.44 1.00 1.00 0.24 0.42 1.00 1.00 0.24 0.42 1.00 1.00 0.22 0.35 1.00 1.00 0.22 0.35 1.00 1.00 0.26 0.51 1.00 1.00 0.25 0.56 1.00 1.00 0.26 0.51 1.00 1.00 0.25 0.56 1.00 1.00 0.23 0.44 1.00 1.00 0.24 0.39 1.00 1.00 0.24 0.51 1.00 1.00 0.25 0.47 1.00 1.00 0.27 0.72 1.00 1.00 0.27 0.72 1.00 1.00 0.27 0.72 1.00 1.00 0.27 0.72 1.00 1.00 0.24 0.49 1.00 1.00 0.24 0.45 1.00 1.00 0.21 0.41 1.00 1.00 0.22 0.38 1.00 1.00 0.16 0.16 0.16 1.00 0.16 0.16 0.16 1.00 0.16 0.20 0.36 1.00 0.16 0.23 0.53 1.00 0.16 0.16 0.16 1.00 0.16 0.16 0.16 1.00 0.16 0.16 0.16 1.00 0.16 0.16 0.16 1.00 0.16 0.16 0.16 1.00 0.16 0.16 0.16 1.00 0.16 0.16 0.16 1.00 0.16 0.23 0.51 1.00 0.16 0.27 0.75 1.00 0.16 0.32 0.98 1.00 0.22 0.41 1.00 1.00 0.23 0.40 1.00 1.00 0.28 0.62 1.00 1.00 0.26 0.60 1.00 1.00 0.27 0.75 1.00 1.00 0.23 0.59 1.00 1.00 0.27 0.62 1.00 1.00 0.24 0.61 1.00 1.00 0.29 0.64 1.00 1.00 0.29 0.79 1.00 1.00 0.26 0.59 1.00 1.00 0.29 0.62 1.00 1.00 0.24 0.63 1.00 1.00 0.30 0.86 1.00 1.00 0.25 0.47 1.00 1.00 0.22 0.33 1.00 1.00 0.22 0.45 1.00 1.00 0.20 0.37 1.00 1.00 0.16 0.27 0.75 1.00 0.22 0.40 1.00 1.00 0.16 0.29 0.82 1.00 0.21 0.32 0.95 1.00 0.28 0.60 1.00 1.00 0.29 0.82 1.00 1.00 0.25 0.58 1.00 1.00 0.24 0.63 1.00 1.00 0.29 0.62 1.00 1.00 0.29 0.64 1.00 1.00 0.28 0.84 1.00 1.00 0.29 0.86 1.00 1.00 0.25 0.47 1.00 1.00 0.21 0.38 1.00 1.00 0.25 0.47 1.00 1.00 0.21 0.37 1.00 1.00 0.22 0.40 1.00 1.00 0.22 0.41 1.00 1.00 0.20 0.36 1.00 1.00 0.20 0.36 1.00 1.00 0.28 0.62 1.00 1.00 0.28 0.83 1.00 1.00 0.28 0.60 1.00 1.00 0.27 0.80 1.00 1.00 0.25 0.58 1.00 1.00 0.28 0.60 1.00 1.00 0.23 0.56 1.00 1.00 0.27 0.74 1.00 1.00 0.29 0.62 1.00 1.00 0.29 0.78 1.00 1.00 0.26 0.59 1.00 1.00 0.24 0.58 1.00 1.00 0.29 0.64 1.00 1.00 0.27 0.62 1.00 1.00 0.30 0.87 1.00 1.00 0.25 0.66 1.00 1.00 0.22 0.47 1.00 1.00 0.20 0.38 1.00 1.00 0.25 0.47 1.00 1.00 0.22 0.34 1.00 1.00 0.28 0.60 1.00 1.00 0.28 0.62 1.00 1.00 0.26 0.73 1.00 1.00 0.27 0.74 1.00 1.00 0.29 0.64 1.00 1.00 0.28 0.78 1.00 1.00 0.29 0.62 1.00 1.00 0.27 0.76 1.00 1.00 0.22 0.41 1.00 1.00 0.16 0.27 0.75 1.00 0.21 0.32 0.94 1.00 0.19 0.37 1.00 1.00 0.26 0.60 1.00 1.00 0.25 0.65 1.00 1.00 0.28 0.62 1.00 1.00 0.29 0.83 1.00 1.00 0.16 0.16 0.16 1.00 0.16 0.16 0.16 1.00 0.16 0.23 0.51 1.00 0.16 0.16 0.16 1.00 0.22 0.40 1.00 1.00 0.23 0.40 1.00 1.00 0.16 0.27 0.75 1.00 0.16 0.32 0.98 1.00 0.16 0.16 0.16 1.00 0.16 0.16 0.16 1.00 0.16 0.16 0.16 1.00 0.16 0.16 0.16 1.00 0.22 0.41 1.00 1.00 0.22 0.45 1.00 1.00 0.22 0.40 1.00 1.00 0.22 0.44 1.00 1.00 0.16 0.16 0.16 1.00 0.16 0.25 0.65 1.00 0.16 0.23 0.53 1.00 0.19 0.31 0.95 1.00 0.29 0.91 1.00 1.00 0.28 0.66 1.00 1.00 0.29 0.67 1.00 1.00 0.30 0.71 1.00 1.00 0.25 0.50 1.00 1.00 0.25 0.53 1.00 1.00 0.25 0.54 1.00 1.00 0.25 0.51 1.00 1.00 0.24 0.50 1.00 1.00 0.24 0.51 1.00 1.00 0.24 0.51 1.00 1.00 0.24 0.49 1.00 1.00 0.27 0.71 1.00 1.00 0.27 0.71 1.00 1.00 0.26 0.50 1.00 1.00 0.26 0.50 1.00 1.00 0.25 0.47 1.00 1.00 0.25 0.47 1.00 1.00 0.25 0.67 1.00 1.00 0.25 0.66 1.00 1.00 0.27 0.64 1.00 1.00 0.29 0.87 1.00 1.00 0.29 0.88 1.00 1.00 0.28 0.64 1.00 1.00 0.26 0.56 1.00 1.00 0.26 0.53 1.00 1.00 0.25 0.53 1.00 1.00 0.25 0.55 1.00 1.00 0.31 0.91 1.00 1.00 0.31 0.92 1.00 1.00 0.31 0.93 1.00 1.00 0.31 0.93 1.00 1.00 0.24 0.52 1.00 1.00 0.24 0.51 1.00 1.00 0.24 0.50 1.00 1.00 0.24 0.52 1.00 1.00 0.16 0.25 0.65 1.00 0.16 0.16 0.16 1.00 0.19 0.31 0.94 1.00 0.16 0.23 0.53 1.00 0.16 0.16 0.16 1.00 0.16 0.16 0.16 1.00 0.19 0.28 0.75 1.00 0.19 0.28 0.76 1.00 0.28 0.35 0.60 1.00 0.16 0.16 0.16 1.00 0.16 0.30 0.88 1.00 0.16 0.24 0.58 1.00 0.09 0.16 0.44 1.00 0.16 0.32 0.96 1.00 0.16 0.27 0.75 1.00 0.16 0.24 0.59 1.00 0.16 0.28 0.76 1.00 0.16 0.30 0.89 1.00 0.16 0.32 0.97 1.00 0.16 0.34 1.00 1.00 0.09 0.16 0.44 1.00 0.09 0.18 0.54 1.00 0.16 0.66 1.00 1.00 0.16 0.48 1.00 1.00 0.16 0.50 1.00 1.00 0.16 0.41 1.00 1.00 0.16 0.65 1.00 1.00 0.16 0.48 1.00 1.00 0.16 0.53 1.00 1.00 0.16 0.43 1.00 1.00 0.16 0.49 1.00 1.00 0.16 0.56 1.00 1.00 0.16 0.78 1.00 1.00 0.18 0.40 1.00 1.00 0.22 0.29 0.49 1.00 0.18 0.41 1.00 1.00 0.24 0.37 0.99 1.00 0.10 0.13 0.18 1.00 0.09 0.11 0.15 1.00 0.22 0.34 0.87 1.00 0.22 0.27 0.45 1.00 0.18 0.40 1.00 1.00 0.18 0.39 1.00 1.00 0.16 0.57 1.00 1.00 0.16 0.80 1.00 1.00 0.16 0.34 1.00 1.00 0.16 0.29 0.84 1.00 0.30 0.42 0.69 1.00 0.26 0.35 0.55 1.00 0.25 0.33 0.51 1.00 0.22 0.27 0.38 1.00 0.25 0.33 0.51 1.00 0.10 0.12 0.16 1.00 0.23 0.30 0.44 1.00 0.10 0.13 0.18 1.00 0.25 0.32 0.49 1.00 0.27 0.38 0.61 1.00 0.24 0.32 0.49 1.00 0.33 0.48 0.82 1.00 0.09 0.11 0.15 1.00 0.10 0.13 0.18 1.00 0.09 0.18 0.53 1.00 0.07 0.13 0.33 1.00 0.16 0.41 1.00 1.00 0.09 0.18 0.54 1.00 0.09 0.16 0.44 1.00 0.16 0.43 1.00 1.00 0.18 0.43 1.00 1.00 0.16 0.67 1.00 1.00 0.16 0.54 1.00 1.00 0.16 0.68 1.00 1.00 0.20 0.28 0.61 1.00 0.10 0.12 0.16 1.00 0.09 0.11 0.14 1.00 0.18 0.42 1.00 1.00 0.20 0.27 0.58 1.00 0.10 0.12 0.16 1.00 0.11 0.13 0.18 1.00 0.11 0.13 0.19 1.00 0.16 0.31 0.94 1.00 0.07 0.13 0.33 1.00 0.09 0.18 0.53 1.00 0.09 0.16 0.44 1.00 0.11 0.13 0.19 1.00 0.17 0.31 0.98 1.00 0.16 0.31 0.94 1.00 0.16 0.33 1.00 1.00 0.16 0.29 0.85 1.00 0.07 0.13 0.33 1.00 0.09 0.11 0.13 1.00 0.17 0.32 1.00 1.00 0.17 0.33 1.00 1.00 0.07 0.13 0.33 1.00 0.21 0.25 0.35 1.00 0.29 0.42 0.68 1.00 0.23 0.30 0.44 1.00 0.25 0.32 0.49 1.00 0.11 0.13 0.20 1.00 0.21 0.25 0.34 1.00 0.20 0.24 0.31 1.00 0.16 0.16 0.16 1.00 0.09 0.11 0.14 1.00 0.18 0.19 0.22 1.00 0.19 0.22 0.28 1.00 0.09 0.11 0.13 1.00 0.18 0.19 0.22 1.00 0.16 0.16 0.16 1.00 0.16 0.17 0.18 1.00 0.17 0.18 0.19 1.00 0.37 0.92 1.00 1.00 0.38 1.00 1.00 1.00 0.45 0.75 1.00 1.00 0.43 0.84 1.00 1.00 0.35 0.82 1.00 1.00 0.44 1.00 1.00 1.00 0.37 1.00 1.00 1.00 0.38 1.00 1.00 1.00 0.40 1.00 1.00 1.00 0.41 1.00 1.00 1.00 0.41 1.00 1.00 1.00 0.40 1.00 1.00 1.00 0.38 1.00 1.00 1.00 0.36 1.00 1.00 1.00 0.35 0.98 1.00 1.00 0.33 0.77 1.00 1.00 0.42 0.80 1.00 1.00 0.44 0.74 1.00 1.00 0.46 0.73 1.00 1.00 0.37 0.89 1.00 1.00 0.39 1.00 1.00 1.00 0.41 1.00 1.00 1.00 0.42 1.00 1.00 1.00 0.43 1.00 1.00 1.00 0.44 1.00 1.00 1.00 0.44 1.00 1.00 1.00 0.43 1.00 1.00 1.00 0.42 1.00 1.00 1.00 0.40 1.00 1.00 1.00 0.39 1.00 1.00 1.00 0.38 1.00 1.00 1.00 0.37 0.96 1.00 1.00 0.37 0.91 1.00 1.00 0.18 0.19 0.22 1.00 0.18 0.19 0.22 1.00 0.16 0.17 0.18 1.00 0.16 0.16 0.16 1.00 0.16 0.16 0.16 1.00 0.16 0.16 0.16 1.00 0.16 0.17 0.18 1.00 0.16 0.16 0.16 1.00 0.17 0.18 0.19 1.00 0.19 0.22 0.28 1.00 0.17 0.19 0.22 1.00 0.19 0.22 0.28 1.00 0.16 0.17 0.18 1.00 0.19 0.22 0.28 1.00 0.20 0.23 0.31 1.00 0.20 0.23 0.30 1.00 0.19 0.22 0.28 1.00 0.18 0.19 0.22 1.00 0.19 0.22 0.29 1.00 0.20 0.24 0.33 1.00 0.20 0.24 0.32 1.00 0.17 0.18 0.19 1.00 0.16 0.16 0.16 1.00 0.16 0.16 0.16 1.00 0.16 0.16 0.16 1.00 0.17 0.18 0.19 1.00 0.16 0.37 1.00 1.00 0.16 0.42 1.00 1.00 0.07 0.12 0.33 1.00 0.16 0.44 1.00 1.00 0.07 0.13 0.35 1.00 0.16 0.44 1.00 1.00 0.21 0.49 1.00 1.00 0.07 0.13 0.34 1.00 0.07 0.13 0.35 1.00 0.22 0.69 1.00 1.00 0.04 0.06 0.15 1.00 0.16 0.23 0.51 1.00 0.16 0.28 0.78 1.00 0.16 0.23 0.51 1.00 0.16 0.23 0.51 1.00 0.00 0.00 0.00 1.00 0.00 0.00 0.00 1.00 0.16 0.28 0.78 1.00 0.21 0.37 1.00 1.00 0.00 0.00 0.00 1.00 0.00 0.00 0.00 1.00 0.21 0.37 1.00 1.00 0.02 0.03 0.06 1.00 0.16 0.34 1.00 1.00 0.22 0.55 1.00 1.00 0.22 0.66 1.00 1.00 0.09 0.17 0.50 1.00 0.09 0.21 0.52 1.00 0.09 0.21 0.52 1.00 0.22 0.66 1.00 1.00 0.22 0.73 1.00 1.00 0.09 0.22 0.52 1.00 0.16 0.44 1.00 1.00 0.09 0.22 0.52 1.00 0.22 0.69 1.00 1.00 0.09 0.22 0.52 1.00 0.09 0.22 0.52 1.00 0.22 0.67 1.00 1.00 0.21 0.52 1.00 1.00 0.21 0.38 1.00 1.00 0.21 0.38 1.00 1.00 0.21 0.32 0.96 1.00 0.21 0.38 1.00 1.00 0.21 0.38 1.00 1.00 0.22 0.53 1.00 1.00 0.22 0.68 1.00 1.00 0.22 0.68 1.00 1.00 0.22 0.74 1.00 1.00 0.22 0.67 1.00 1.00 0.22 0.74 1.00 1.00 0.20 0.57 1.00 1.00 0.21 0.66 1.00 1.00 0.37 1.00 1.00 1.00 0.09 0.19 0.64 1.00 0.15 0.40 1.00 1.00 0.00 0.00 0.00 1.00 0.19 0.40 1.00 1.00 0.18 0.24 0.55 1.00 0.00 0.00 0.00 1.00 0.00 0.00 0.00 1.00 0.18 0.24 0.55 1.00 0.18 0.19 0.23 1.00 0.00 0.00 0.00 1.00 0.19 0.25 0.57 1.00 0.00 0.00 0.00 1.00 0.09 0.20 0.71 1.00 0.19 0.25 0.57 1.00 0.20 0.41 1.00 1.00 0.50 1.00 1.00 1.00 0.15 0.42 1.00 1.00 0.15 0.49 1.00 1.00 0.15 0.42 1.00 1.00 0.21 0.58 1.00 1.00 0.15 0.40 1.00 1.00 0.16 0.30 0.87 1.00 0.16 0.34 1.00 1.00 0.09 0.17 0.50 1.00 0.02 0.03 0.06 1.00 0.16 0.23 0.51 1.00 0.16 0.16 0.16 1.00 0.04 0.06 0.15 1.00 0.00 0.00 0.00 1.00 0.21 0.52 1.00 1.00 0.22 0.67 1.00 1.00 0.20 0.57 1.00 1.00 0.22 0.67 1.00 1.00 0.21 0.38 1.00 1.00 0.21 0.38 1.00 1.00 0.21 0.32 0.96 1.00 0.21 0.38 1.00 1.00 0.22 0.53 1.00 1.00 0.21 0.38 1.00 1.00 0.22 0.68 1.00 1.00 0.21 0.58 1.00 1.00 0.22 0.68 1.00 1.00 0.09 0.17 0.49 1.00 0.16 0.52 1.00 1.00 0.09 0.27 0.67 1.00 0.10 0.23 0.76 1.00 0.00 0.00 0.00 1.00 0.20 0.24 0.33 1.00 0.18 0.20 0.29 1.00 0.08 0.18 0.64 1.00 0.41 0.48 0.74 1.00 0.19 0.39 1.00 1.00 0.00 0.00 0.00 1.00 0.05 0.06 0.11 1.00 0.06 0.12 0.36 1.00 </float_array>
                    <technique_common>
                        <accessor source="#geom-003FE6D0-colors-array" count="1268" stride="4">
                            <param name="R" type="float" />
                            <param name="G" type="float" />
                            <param name="B" type="float" />
                            <param name="A" type="float" />
                        </accessor>
                    </technique_common>
                </source>
                <vertices id="geom-003FE6D0-vtx">
                    <input semantic="POSITION" source="#geom-003FE6D0-pos" />
                </vertices>
                <triangles count="198" material="material-02CA3D1A-symbol">
                    <input semantic="VERTEX" source="#geom-003FE6D0-vtx" offset="0" />
                    <input semantic="TEXCOORD" source="#geom-003FE6D0-texcoord" offset="0" />
                    <input semantic="COLOR" source="#geom-003FE6D0-colors" offset="0" />
                    <p>0 1 2 0 2 41 41 2 42 2 85 42 2 3 85 2 1 3 1 4 3 85 3 86 42 85 90 5 6 7 5 7 43 43 7 44 7 6 8 9 10 11 11 10 12 10 33 12 12 33 34 13 14 15 15 14 16 16 14 35 35 14 36 17 18 19 19 37 17 17 37 38 19 18 20 21 22 23 23 22 24 23 24 45 45 24 46 25 26 27 27 26 28 28 47 27 27 47 48 29 30 31 31 30 32 32 39 31 39 32 91 91 32 87 87 32 88 88 32 30 30 89 88 31 39 40 49 50 51 51 50 52 52 50 53 53 50 54 55 56 57 57 59 55 55 59 60 57 56 58 61 62 63 63 62 64 64 62 65 65 62 66 67 68 69 72 67 69 71 67 72 69 68 70 73 74 75 78 73 75 77 73 78 75 74 76 79 80 81 79 81 83 83 81 84 81 80 82 </p>
                </triangles>
            </mesh>
        </geometry>
        <geometry id="geom-023F1D51" name="geom-023F1D51">
            <mesh>
                <source id="geom-023F1D51-pos">
                    <float_array id="geom-023F1D51-pos-array" count="3528">4052.00 100.00 -975.00 4052.00 40.00 -1027.50 4056.04 100.00 -975.00 4056.04 40.00 -1029.23 4052.00 -20.00 -975.00 4052.00 40.00 -975.00 4056.04 -20.00 -975.00 4056.04 40.00 -975.00 3932.00 -20.00 -1080.00 3812.00 -20.00 -1080.00 3933.31 -20.00 -1083.45 3810.57 -20.00 -1083.45 3752.00 -20.00 -1020.00 3750.57 -20.00 -1023.45 3812.00 -20.00 -1080.00 3810.57 -20.00 -1083.45 3692.00 -20.00 -960.00 3602.00 -20.00 -960.00 3690.57 -20.00 -963.45 3601.28 -20.00 -963.75 4052.00 -146.84 -975.00 4052.00 -100.00 -975.00 4056.04 -146.84 -975.00 4056.04 -100.00 -975.00 4052.00 40.00 -652.50 4056.04 40.00 -650.77 4052.00 -20.00 -600.00 4056.04 -20.00 -596.55 4056.04 40.49 -705.00 4052.00 40.00 -705.00 4056.04 -20.00 -705.00 4052.00 -20.00 -705.00 4052.00 -100.00 -705.00 4056.04 -100.00 -705.00 3932.00 -20.00 -600.00 3933.31 -20.00 -596.55 3812.00 -20.00 -600.00 3810.57 -20.00 -596.55 3602.00 -20.00 -720.00 3601.28 -20.00 -716.25 3512.00 -20.00 -720.00 3509.18 -20.00 -715.96 3692.00 -20.00 -720.00 3752.00 -20.00 -660.00 3690.57 -20.00 -716.55 3750.57 -20.00 -656.55 4052.00 -20.00 -1080.00 4056.04 -20.00 -1083.45 4052.00 -20.00 -600.00 4056.04 -20.00 -596.55 3690.57 -20.00 -963.45 3692.00 -20.00 -960.00 3812.00 -20.00 -600.00 3810.57 -20.00 -596.55 3512.00 -20.00 -960.00 3509.18 -20.06 -964.04 3690.57 -20.00 -716.55 3692.00 -20.00 -720.00 4056.04 -146.84 -705.00 4052.00 -146.84 -705.00 4056.04 -180.00 -705.00 4052.00 -180.00 -705.00 4052.00 100.00 -840.00 4052.00 100.00 -907.50 4083.40 100.00 -878.50 4052.00 100.00 -955.49 4060.16 100.00 -955.49 4052.00 -20.00 -955.49 4060.16 22.50 -955.49 4052.00 40.00 -955.49 4060.16 100.00 -955.49 4052.00 -146.84 -955.49 4060.16 -132.50 -955.49 4052.00 -100.00 -955.49 4060.16 -55.00 -955.49 4052.00 -210.00 -724.51 4052.00 -146.84 -724.51 4060.16 -210.00 -724.51 4060.16 -132.50 -724.51 4052.00 -20.00 -724.51 4052.00 40.00 -724.51 4060.16 22.50 -724.51 4060.16 100.00 -724.51 4052.00 100.00 -724.51 4052.00 -100.00 -724.51 4060.16 -55.00 -724.51 4052.00 -210.00 -955.49 4060.16 -210.00 -955.49 4083.40 100.00 -801.50 4052.00 100.00 -772.50 4052.00 100.00 -724.51 4060.16 100.00 -724.51 3509.18 -20.06 -964.04 3512.00 -20.00 -960.00 3509.18 -20.00 -907.82 3512.00 -20.00 -907.50 4052.00 -180.00 -975.00 4056.04 -180.00 -975.00 4052.00 100.00 -705.00 4056.04 100.00 -705.00 4056.04 100.00 -975.00 4052.00 100.00 -975.00 4056.04 100.00 -705.00 4052.00 100.00 -705.00 4052.00 -20.00 -1080.00 4056.04 -20.00 -1083.45 3512.00 -20.00 -840.00 3509.18 -20.00 -840.00 3509.18 -20.00 -715.96 3509.18 -20.00 -765.70 3512.00 -20.00 -720.00 3512.00 -20.00 -766.77 3509.18 -20.00 -826.88 3512.00 -20.00 -827.75 4052.00 -20.00 -705.00 4052.00 40.00 -705.00 4052.00 -20.00 -724.51 4052.00 40.00 -724.51 4052.00 100.00 -955.49 4052.00 100.00 -975.00 4052.00 40.00 -955.49 4052.00 40.00 -975.00 3602.00 0.00 -960.00 3602.00 -20.00 -960.00 3692.00 0.00 -960.00 3692.00 -20.00 -960.00 3752.00 0.00 -1020.00 3752.00 -20.00 -1020.00 3812.00 0.00 -1080.00 3812.00 -20.00 -1080.00 3932.00 0.00 -1080.00 3932.00 -20.00 -1080.00 4052.00 -20.00 -1080.00 4052.00 40.00 -1027.50 4052.00 0.00 -1080.00 4052.00 60.00 -1027.50 4052.00 120.00 -975.00 4052.00 100.00 -975.00 4052.00 120.00 -907.50 4052.00 100.00 -907.50 4052.00 120.00 -705.00 4052.00 100.00 -705.00 4052.00 60.00 -652.50 4052.00 40.00 -652.50 3932.00 0.00 -600.00 3932.00 -20.00 -600.00 3812.00 0.00 -600.00 3812.00 -20.00 -600.00 3752.00 0.00 -660.00 3752.00 -20.00 -660.00 3692.00 0.00 -720.00 3692.00 -20.00 -720.00 3602.00 0.00 -720.00 3602.00 -20.00 -720.00 3512.00 0.00 -720.00 3512.00 -20.00 -720.00 4052.00 -100.00 -724.51 4052.00 -100.00 -705.00 4052.00 -100.00 -975.00 4052.00 -100.00 -955.49 4052.00 -20.00 -975.00 4052.00 -20.00 -955.49 3512.00 0.00 -840.00 3512.00 -20.00 -840.00 3512.00 0.00 -907.50 3512.00 -20.00 -907.50 4052.00 0.00 -1080.00 4052.00 -20.00 -1080.00 4052.00 0.00 -600.00 4052.00 -20.00 -600.00 3512.00 0.00 -960.00 3512.00 -20.00 -960.00 4052.00 -210.00 -975.00 4052.00 -210.00 -955.49 4052.00 -180.00 -975.00 4052.00 -146.84 -955.49 4052.00 -146.84 -975.00 4052.00 -146.84 -705.00 4052.00 -146.84 -724.51 4052.00 -180.00 -705.00 4052.00 -210.00 -724.51 4052.00 -210.00 -705.00 4052.00 -146.84 -724.51 4052.00 -146.84 -705.00 4052.00 120.00 -840.00 4052.00 100.00 -840.00 4052.00 120.00 -772.50 4052.00 100.00 -772.50 3512.00 0.00 -960.00 3512.00 -20.00 -960.00 4052.00 120.00 -705.00 4052.00 100.00 -705.00 4052.00 -146.84 -975.00 4052.00 -146.84 -955.49 4052.00 100.00 -724.51 4052.00 100.00 -705.00 4052.00 0.00 -600.00 4052.00 -20.00 -600.00 4052.00 100.00 -975.00 4052.00 120.00 -975.00 3512.00 0.00 -720.00 3512.00 -20.00 -720.00 3512.00 0.00 -750.17 3512.00 -20.00 -766.77 3512.00 -20.00 -827.75 3633.00 -9.54 -817.46 3605.69 17.00 -806.19 3664.00 0.00 -834.00 3647.00 -9.54 -762.46 3601.82 10.94 -764.81 3602.00 -11.09 -751.00 3602.00 -11.09 -751.00 3601.82 10.94 -764.81 3515.89 0.25 -761.68 3511.10 24.18 -777.91 3525.03 19.88 -815.17 3515.89 0.25 -821.68 3449.14 59.16 -849.98 3440.51 47.22 -863.38 3515.89 0.25 -761.68 3511.10 24.18 -777.91 3440.51 47.22 -803.38 3448.54 62.62 -816.59 3515.89 0.25 -821.68 3525.03 19.88 -815.17 3602.00 -11.09 -811.00 3605.69 17.00 -806.19 3602.00 -33.62 -802.00 3512.57 -20.98 -812.68 3602.00 -11.09 -811.00 3515.89 0.25 -821.68 3511.15 -29.75 -791.68 3431.02 18.76 -833.38 3512.57 -20.98 -812.68 3433.87 27.30 -854.38 3512.57 -20.98 -770.68 3433.87 27.30 -812.38 3515.89 0.25 -761.68 3440.51 47.22 -803.38 3515.89 0.25 -821.68 3440.51 47.22 -863.38 3602.00 -42.62 -781.00 3511.15 -29.75 -791.68 3602.00 -33.62 -760.00 3512.57 -20.98 -770.68 3515.89 0.25 -761.68 3602.00 -11.09 -751.00 3602.00 -11.09 -811.00 3692.00 0.00 -784.00 3860.00 115.42 -898.62 3908.00 120.00 -883.00 3870.50 100.47 -889.70 3921.16 106.03 -876.43 3824.97 89.98 -901.00 3824.97 77.39 -881.99 3873.00 89.17 -872.20 3824.97 89.94 -864.83 3866.00 99.94 -858.12 3827.39 96.36 -855.38 3861.00 115.42 -853.12 3823.61 105.45 -855.60 3787.00 63.47 -897.18 3778.00 85.50 -904.60 3824.97 89.98 -901.00 3818.40 104.45 -908.83 3685.00 -24.00 -834.00 3692.00 0.00 -844.00 3753.00 30.00 -884.00 3728.00 36.00 -879.00 3789.79 56.08 -880.31 3753.00 30.00 -884.00 3761.91 30.58 -866.38 3761.91 30.58 -866.38 3698.00 -25.00 -818.00 3755.98 38.26 -848.64 3786.32 62.58 -862.42 3755.98 38.26 -848.64 3697.48 -17.56 -800.10 3772.50 80.00 -852.10 3749.00 57.00 -841.00 3749.00 57.00 -841.00 3695.76 -9.59 -784.82 3692.00 0.00 -784.00 3685.00 -24.00 -834.00 3643.50 -35.09 -812.96 3664.00 0.00 -834.00 3633.00 -9.54 -817.46 3650.00 -40.09 -794.46 3602.00 -33.62 -802.00 3602.00 -42.62 -781.00 3649.50 -31.59 -773.46 3602.00 -33.62 -760.00 3647.00 -9.54 -762.46 3602.00 -11.09 -751.00 3782.49 61.18 -786.54 3809.43 84.52 -813.48 3776.59 69.87 -783.87 3803.80 95.21 -811.55 3806.52 77.10 -821.00 3827.39 96.36 -855.38 3824.97 89.94 -864.83 3766.18 64.38 -802.74 3787.65 86.51 -825.73 3774.37 58.30 -805.57 3795.57 77.66 -826.33 3796.00 103.00 -853.83 3801.61 88.38 -857.65 3787.65 86.51 -825.73 3762.26 37.88 -779.32 3753.56 44.15 -775.76 3739.87 18.10 -777.78 3730.52 25.34 -773.78 3695.76 -9.59 -784.82 3692.00 0.00 -784.00 3736.54 19.95 -800.86 3697.48 -17.56 -800.10 3705.44 0.58 -803.44 3758.76 38.07 -799.58 3752.06 46.15 -797.76 3602.00 -11.09 -811.00 3698.00 -25.00 -818.00 3697.48 -17.56 -800.10 3695.76 -9.59 -784.82 3692.00 0.00 -784.00 3744.00 51.00 -891.00 3824.97 77.39 -881.99 3824.97 89.94 -864.83 3801.61 88.38 -857.65 3796.00 103.00 -853.83 3924.89 93.97 -857.00 3925.60 97.78 -867.07 3818.40 104.45 -908.83 3917.71 97.23 -847.61 3910.03 103.55 -844.22 3892.00 120.00 -845.00 3781.30 55.68 -797.74 3764.18 33.45 -790.76 3742.56 15.41 -790.72 3823.61 105.45 -855.60 3712.00 19.00 -803.00 3729.27 27.95 -800.35 4003.68 -244.40 -857.27 3993.91 -244.40 -871.91 4003.64 -210.00 -857.25 3993.88 -210.00 -871.88 3979.27 -244.40 -881.69 3979.25 -210.00 -881.65 3979.27 -244.40 -881.69 3962.00 -244.40 -885.12 3979.25 -210.00 -881.65 3962.00 -210.00 -885.08 3962.00 -244.40 -885.12 3944.73 -244.40 -881.69 3944.75 -210.00 -881.65 3944.73 -244.40 -881.69 3930.09 -244.40 -871.91 3944.75 -210.00 -881.65 3930.12 -210.00 -871.88 3920.31 -244.40 -857.27 3920.35 -210.00 -857.25 3920.31 -244.40 -857.27 3916.88 -244.40 -840.00 3920.35 -210.00 -857.25 3916.92 -210.00 -840.00 3920.31 -244.40 -822.73 3920.35 -210.00 -822.75 3920.31 -244.40 -822.73 3930.09 -244.40 -808.09 3920.35 -210.00 -822.75 3930.12 -210.00 -808.12 3944.73 -244.40 -798.31 3944.75 -210.00 -798.35 3944.73 -244.40 -798.31 3962.00 -244.40 -794.88 3944.75 -210.00 -798.35 3962.00 -210.00 -794.92 3979.27 -244.40 -798.31 3979.25 -210.00 -798.35 3979.27 -244.40 -798.31 3993.91 -244.40 -808.09 3979.25 -210.00 -798.35 3993.88 -210.00 -808.12 4003.68 -244.40 -822.73 4003.64 -210.00 -822.75 4003.68 -244.40 -822.73 4007.04 -244.40 -840.00 4003.64 -210.00 -822.75 4007.08 -210.00 -840.00 4003.68 -244.40 -857.27 4003.64 -210.00 -857.25 3996.16 -210.00 -840.00 3993.56 -210.00 -853.08 3993.56 -210.00 -853.08 3986.16 -210.00 -864.16 3975.08 -210.00 -871.56 3975.08 -210.00 -871.56 3962.00 -210.00 -874.16 3948.92 -210.00 -871.56 3948.92 -210.00 -871.56 3937.84 -210.00 -864.16 3930.44 -210.00 -853.08 3930.44 -210.00 -853.08 3927.84 -210.00 -840.00 3930.44 -210.00 -826.92 3930.44 -210.00 -826.92 3937.84 -210.00 -815.84 3948.92 -210.00 -808.44 3948.92 -210.00 -808.44 3962.00 -210.00 -805.84 3975.08 -210.00 -808.44 3975.08 -210.00 -808.44 3986.16 -210.00 -815.84 3993.56 -210.00 -826.92 3993.56 -210.00 -826.92 3990.92 -213.33 -851.98 3984.13 -213.33 -862.13 3973.98 -213.33 -868.92 3973.98 -213.33 -868.92 3962.00 -213.33 -871.30 3950.02 -213.33 -868.92 3950.02 -213.33 -868.92 3939.87 -213.33 -862.13 3933.08 -213.33 -851.98 3933.08 -213.33 -851.98 3930.70 -213.33 -840.00 3933.08 -213.33 -828.02 3933.08 -213.33 -828.02 3939.87 -213.33 -817.87 3950.02 -213.33 -811.08 3950.02 -213.33 -811.08 3962.00 -213.33 -808.70 3973.98 -213.33 -811.08 3973.98 -213.33 -811.08 3984.13 -213.33 -817.87 3990.92 -213.33 -828.02 3990.92 -213.33 -828.02 3993.30 -213.33 -840.00 3990.92 -213.33 -851.98 3872.00 -210.00 -975.00 3872.00 -240.00 -975.00 3872.00 -220.00 -930.00 3872.00 -240.00 -930.00 3827.00 -240.00 -930.00 3850.00 -230.00 -930.00 3872.00 -240.00 -930.00 3827.00 -230.00 -930.00 3872.00 -220.00 -930.00 3850.00 -220.00 -930.00 3872.00 -240.00 -750.00 3850.00 -230.00 -750.00 3827.00 -240.00 -750.00 3827.00 -230.00 -750.00 3872.00 -220.00 -750.00 3850.00 -220.00 -750.00 3872.00 -240.00 -705.00 3872.00 -210.00 -705.00 3872.00 -220.00 -750.00 3872.00 -240.00 -750.00 3908.79 -210.00 -771.78 3872.00 -210.00 -790.00 3872.00 -210.00 -705.00 3872.00 -210.00 -840.00 3916.51 -210.00 -858.84 3872.00 -210.00 -890.00 4015.20 -210.00 -908.22 4083.40 -210.00 -878.50 4052.00 -210.00 -955.49 3962.00 -210.00 -932.12 3943.16 -210.00 -885.50 3962.00 -210.00 -889.25 3850.00 -220.00 -840.00 3850.00 -220.00 -790.00 3872.00 -220.00 -840.00 3872.00 -220.00 -790.00 3850.00 -220.00 -890.00 3872.00 -220.00 -890.00 3850.00 -220.00 -930.00 3872.00 -220.00 -930.00 3827.00 -230.00 -840.00 3827.00 -230.00 -790.00 3850.00 -230.00 -840.00 3850.00 -230.00 -790.00 3962.00 -210.00 -975.00 3962.00 -240.00 -975.00 3872.00 -210.00 -975.00 3872.00 -240.00 -975.00 3872.00 -210.00 -705.00 3872.00 -240.00 -705.00 3962.00 -210.00 -705.00 3962.00 -240.00 -705.00 3872.00 -220.00 -890.00 3872.00 -220.00 -840.00 3872.00 -210.00 -890.00 3872.00 -210.00 -840.00 3850.00 -220.00 -840.00 3850.00 -220.00 -890.00 3850.00 -230.00 -840.00 3850.00 -230.00 -890.00 3850.00 -220.00 -790.00 3850.00 -230.00 -790.00 3850.00 -220.00 -750.00 3850.00 -230.00 -750.00 3827.00 -240.00 -856.67 3827.00 -230.00 -890.00 3827.00 -240.00 -890.00 3827.00 -230.00 -770.00 3827.00 -240.00 -770.00 3827.00 -230.00 -750.00 3827.00 -240.00 -750.00 3872.00 -210.00 -790.00 3872.00 -220.00 -790.00 3827.00 -230.00 -910.00 3850.00 -230.00 -930.00 3827.00 -230.00 -930.00 4052.00 -210.00 -975.00 4052.00 -240.00 -975.00 4052.00 -210.00 -705.00 4052.00 -240.00 -705.00 3962.00 -210.00 -747.88 3980.85 -210.00 -794.50 3962.00 -210.00 -790.75 3943.16 -210.00 -794.50 3927.18 -210.00 -805.18 4015.20 -210.00 -771.78 4007.52 -210.00 -821.16 3996.83 -210.00 -805.18 3980.85 -210.00 -885.50 3996.83 -210.00 -874.82 3927.18 -210.00 -805.18 3943.16 -210.00 -794.50 3930.09 -244.40 -808.09 3944.73 -244.40 -798.31 3962.00 -210.00 -790.75 3962.00 -244.40 -794.88 3996.83 -210.00 -805.18 4007.52 -210.00 -821.16 3993.91 -244.40 -808.09 4003.68 -244.40 -822.73 4011.16 -210.00 -840.00 4007.04 -244.40 -840.00 3996.83 -210.00 -874.82 3980.85 -210.00 -885.50 3993.91 -244.40 -871.91 3979.27 -244.40 -881.69 3962.00 -210.00 -889.25 3962.00 -244.40 -885.12 3912.76 -210.00 -840.00 3916.51 -210.00 -821.16 3916.88 -244.40 -840.00 3920.31 -244.40 -822.73 3927.18 -210.00 -874.82 3916.51 -210.00 -858.84 3930.09 -244.40 -871.91 3920.31 -244.40 -857.27 3943.16 -210.00 -885.50 3944.73 -244.40 -881.69 3980.85 -210.00 -794.50 3979.27 -244.40 -798.31 4007.52 -210.00 -858.84 4003.68 -244.40 -857.27 3962.00 -210.00 -705.00 4083.40 -210.00 -801.50 4052.00 -210.00 -724.51 3962.00 -210.00 -975.00 3872.00 -210.00 -975.00 3908.79 -210.00 -908.22 3850.00 -230.00 -930.00 3850.00 -220.00 -930.00 3827.00 -240.00 -910.00 3827.00 -230.00 -910.00 3827.00 -230.00 -890.00 3850.00 -230.00 -890.00 3872.00 -220.00 -750.00 3850.00 -220.00 -750.00 3827.00 -230.00 -770.00 3850.00 -230.00 -750.00 3827.00 -230.00 -790.00 3827.00 -240.00 -823.33 3827.00 -240.00 -790.00 3916.51 -210.00 -821.16 3912.76 -210.00 -840.00 3927.18 -210.00 -874.82 3827.00 -240.00 -930.00 3827.00 -230.00 -930.00 3827.00 -230.00 -750.00 4052.00 -210.00 -975.00 4052.00 -210.00 -705.00 4042.28 -210.00 -840.00 4007.52 -210.00 -858.84 4011.16 -210.00 -840.00 4060.16 -210.00 -724.51 4060.16 -210.00 -955.49 3827.00 -230.00 -840.00 3707.00 -240.00 -770.00 3707.00 -240.00 -790.00 3667.00 -240.00 -770.00 3667.00 -240.00 -790.00 3707.00 -240.00 -890.00 3707.00 -240.00 -910.00 3667.00 -240.00 -890.00 3667.00 -240.00 -910.00 3707.00 -240.00 -790.00 3707.00 -240.00 -770.00 3747.00 -240.00 -790.00 3747.00 -240.00 -770.00 3707.00 -240.00 -910.00 3707.00 -240.00 -890.00 3747.00 -240.00 -910.00 3747.00 -240.00 -890.00 3827.00 -240.00 -770.00 3827.00 -240.00 -790.00 3787.00 -240.00 -770.00 3787.00 -240.00 -790.00 3827.00 -240.00 -890.00 3827.00 -240.00 -910.00 3787.00 -240.00 -890.00 3787.00 -240.00 -910.00 3747.00 -240.00 -790.00 3747.00 -240.00 -770.00 3787.00 -240.00 -790.00 3787.00 -240.00 -770.00 3747.00 -240.00 -910.00 3747.00 -240.00 -890.00 3787.00 -240.00 -910.00 3787.00 -240.00 -890.00 3667.00 -240.00 -823.33 3667.00 -240.00 -790.00 3707.00 -240.00 -823.33 3707.00 -240.00 -790.00 3787.00 -240.00 -890.00 3787.00 -240.00 -856.67 3827.00 -240.00 -890.00 3827.00 -240.00 -856.67 3707.00 -240.00 -890.00 3707.00 -240.00 -856.67 3747.00 -240.00 -890.00 3747.00 -240.00 -856.67 3707.00 -240.00 -856.67 3747.00 -240.00 -856.67 3747.00 -240.00 -823.33 3747.00 -240.00 -823.33 3747.00 -240.00 -790.00 3787.00 -240.00 -823.33 3787.00 -240.00 -790.00 3667.00 -240.00 -890.00 3667.00 -240.00 -856.67 3667.00 -240.00 -856.67 3787.00 -240.00 -823.33 3787.00 -240.00 -790.00 3827.00 -240.00 -823.33 3827.00 -240.00 -790.00 3787.00 -240.00 -856.67 3827.00 -240.00 -856.67 3747.00 -240.00 -856.67 3787.00 -240.00 -856.67 3747.00 -240.00 -790.00 3747.00 -240.00 -890.00 3747.00 -240.00 -856.67 3787.00 -240.00 -890.00 3787.00 -240.00 -856.67 3932.00 0.00 -600.00 3812.00 0.00 -600.00 3932.00 60.00 -652.50 3812.00 60.00 -652.50 3692.00 0.00 -720.00 3752.00 60.00 -713.73 3752.00 0.00 -660.00 3812.00 120.00 -707.95 3812.00 120.00 -972.05 3752.00 60.00 -966.27 3812.00 60.00 -1027.50 3932.00 120.00 -973.08 3932.00 60.00 -1027.50 3932.00 0.00 -1080.00 3812.00 0.00 -1080.00 3602.00 0.00 -720.00 3602.00 0.00 -772.50 3692.00 0.00 -772.50 3692.00 0.00 -907.50 3752.00 60.00 -907.50 3932.00 120.00 -907.50 3812.00 120.00 -907.50 4052.00 60.00 -1027.50 4052.00 0.00 -1080.00 4052.00 120.00 -975.00 4052.00 120.00 -907.50 4052.00 60.00 -652.50 4052.00 120.00 -705.00 3932.00 120.00 -706.92 3512.00 0.00 -840.00 3512.00 0.00 -907.50 3602.00 0.00 -840.00 3602.00 0.00 -907.50 3692.00 0.00 -840.00 3932.00 120.00 -840.00 4052.00 120.00 -840.00 3932.00 120.00 -772.50 4052.00 120.00 -772.50 3812.00 120.00 -840.00 3812.00 120.00 -772.50 3752.00 60.00 -840.00 3752.00 60.00 -772.50 3602.00 0.00 -960.00 3512.00 0.00 -960.00 3692.00 0.00 -960.00 3932.00 120.00 -873.75 3812.00 120.00 -873.75 3752.00 60.00 -873.75 3752.00 0.00 -1020.00 4052.00 0.00 -600.00 3564.10 0.00 -818.12 3560.66 0.00 -803.17 3569.45 0.00 -772.50 3536.36 0.00 -751.50 3512.00 0.00 -720.00 3512.00 0.00 -750.17 4084.40 81.59 -898.75 4072.20 81.59 -939.17 4084.40 40.91 -898.75 4072.20 40.91 -939.17 4084.40 -73.41 -898.75 4072.16 -73.41 -939.17 4084.40 -114.09 -898.75 4072.16 -114.09 -939.17 4072.16 -150.91 -740.83 4084.40 -150.91 -781.25 4072.16 -191.59 -740.83 4084.40 -191.59 -781.25 4072.16 4.09 -740.83 4084.40 4.09 -781.25 4072.16 -36.59 -740.83 4084.40 -36.59 -781.25 4090.20 -150.91 -819.79 4090.20 -150.91 -860.21 4090.20 -191.59 -819.79 4090.20 -191.59 -860.21 4090.20 4.09 -819.79 4090.20 4.09 -860.21 4090.20 -36.59 -819.79 4090.20 -36.59 -860.21 4072.16 -73.41 -740.83 4084.40 -73.41 -781.25 4072.16 -114.09 -740.83 4084.40 -114.09 -781.25 4084.40 -150.91 -898.75 4072.20 -150.91 -939.17 4084.40 -191.59 -898.75 4072.20 -191.59 -939.17 4090.20 -73.41 -819.79 4090.20 -73.41 -860.21 4090.20 -114.09 -819.79 4090.20 -114.09 -860.21 4084.40 4.09 -898.75 4072.16 4.09 -939.17 4084.40 -36.59 -898.75 4072.16 -36.59 -939.17 4072.16 81.59 -740.83 4084.40 81.59 -781.25 4072.16 40.91 -740.83 4084.40 40.91 -781.25 4090.20 81.59 -819.79 4090.20 81.59 -860.21 4090.20 40.91 -819.79 4090.20 40.91 -860.21 4083.40 100.00 -878.50 4060.16 100.00 -955.49 4077.12 96.12 -880.80 4056.20 96.12 -950.10 4060.16 22.50 -955.49 4056.20 26.38 -950.10 4083.40 22.50 -878.50 4077.12 26.38 -880.80 4083.40 -55.00 -878.50 4060.16 -55.00 -955.49 4077.12 -58.88 -880.80 4056.20 -58.88 -950.10 4060.16 -132.50 -955.49 4056.20 -128.63 -950.10 4083.40 -132.50 -878.50 4077.12 -128.63 -880.80 4060.16 -132.50 -724.51 4083.40 -132.50 -801.50 4056.20 -136.38 -729.90 4077.12 -136.38 -799.20 4083.40 -210.00 -801.50 4077.12 -206.12 -799.20 4060.16 -210.00 -724.51 4056.20 -206.12 -729.90 4060.16 22.50 -724.51 4083.40 22.50 -801.50 4056.20 18.63 -729.90 4077.12 18.63 -799.20 4083.40 -55.00 -801.50 4077.12 -51.13 -799.20 4060.16 -55.00 -724.51 4056.20 -51.13 -729.90 4083.40 -132.50 -801.50 4083.40 -132.50 -878.50 4078.08 -136.38 -805.35 4078.08 -136.38 -874.65 4083.40 -210.00 -878.50 4078.08 -206.12 -874.65 4083.40 -210.00 -801.50 4078.08 -206.12 -805.35 4083.40 22.50 -801.50 4083.40 22.50 -878.50 4078.08 18.63 -805.35 4078.08 18.63 -874.65 4083.40 -55.00 -878.50 4078.08 -51.13 -874.65 4083.40 -55.00 -801.50 4078.08 -51.13 -805.35 4060.16 -55.00 -724.51 4083.40 -55.00 -801.50 4056.20 -58.87 -729.90 4077.12 -58.87 -799.20 4083.40 -132.50 -801.50 4077.12 -128.62 -799.20 4060.16 -132.50 -724.51 4056.20 -128.62 -729.90 4083.40 -132.50 -878.50 4060.16 -132.50 -955.49 4077.12 -136.37 -880.80 4056.20 -136.37 -950.10 4060.16 -210.00 -955.49 4056.20 -206.12 -950.10 4083.40 -210.00 -878.50 4077.12 -206.12 -880.80 4083.40 -55.00 -801.50 4083.40 -55.00 -878.50 4078.08 -58.87 -805.35 4078.08 -58.87 -874.65 4083.40 -132.50 -878.50 4078.08 -128.62 -874.65 4083.40 -132.50 -801.50 4078.08 -128.62 -805.35 4083.40 22.50 -878.50 4060.16 22.50 -955.49 4077.12 18.63 -880.80 4056.20 18.63 -950.10 4060.16 -55.00 -955.49 4056.20 -51.13 -950.10 4083.40 -55.00 -878.50 4077.12 -51.13 -880.80 4060.16 100.00 -724.51 4083.40 100.00 -801.50 4056.20 96.12 -729.90 4077.12 96.12 -799.20 4083.40 22.50 -801.50 4077.12 26.38 -799.20 4060.16 22.50 -724.51 4056.20 26.38 -729.90 4083.40 100.00 -801.50 4083.40 100.00 -878.50 4078.08 96.12 -805.35 4078.08 96.12 -874.65 4083.40 22.50 -878.50 4078.08 26.38 -874.65 4083.40 22.50 -801.50 4078.08 26.38 -805.35 4074.00 85.66 -891.20 4059.36 85.66 -939.70 4059.36 36.84 -939.70 4074.00 36.84 -891.20 4074.00 -69.34 -891.20 4059.36 -69.34 -939.70 4059.36 -118.16 -939.70 4074.00 -118.16 -891.20 4059.36 -146.84 -740.30 4074.00 -146.84 -788.80 4074.00 -195.66 -788.80 4059.36 -195.66 -740.30 4059.36 8.16 -740.30 4074.00 8.16 -788.80 4074.00 -40.66 -788.80 4059.36 -40.66 -740.30 4078.08 -146.84 -815.75 4078.08 -146.84 -864.25 4078.08 -195.66 -864.25 4078.08 -195.66 -815.75 4078.08 8.16 -815.75 4078.08 8.16 -864.25 4078.08 -40.66 -864.25 4078.08 -40.66 -815.75 4059.36 -69.34 -740.30 4074.00 -69.34 -788.80 4074.00 -118.16 -788.80 4059.36 -118.16 -740.30 4074.00 -146.84 -891.20 4059.36 -146.84 -939.70 4059.36 -195.66 -939.70 4074.00 -195.66 -891.20 4078.08 -69.34 -815.75 4078.08 -69.34 -864.25 4078.08 -118.16 -864.25 4078.08 -118.16 -815.75 4074.00 8.16 -891.20 4059.36 8.16 -939.70 4059.36 -40.66 -939.70 4074.00 -40.66 -891.20 4059.36 85.66 -740.30 4074.00 85.66 -788.80 4074.00 36.84 -788.80 4059.36 36.84 -740.30 4078.08 85.66 -815.75 4078.08 85.66 -864.25 4078.08 36.84 -864.25 4078.08 36.84 -815.75 4072.16 40.91 -740.83 4056.04 100.00 -975.00 4056.04 40.00 -1029.23 4056.04 40.00 -975.00 4056.04 -20.00 -1083.45 4056.04 -20.00 -1029.23 4056.04 -20.00 -975.00 4056.04 40.49 -705.00 4056.04 -20.00 -705.00 4056.04 40.00 -650.77 4056.04 -20.00 -650.77 4056.04 -100.00 -650.77 4056.04 -20.00 -596.55 4056.04 -100.00 -596.55 3810.57 -100.00 -596.55 3933.31 -100.00 -596.55 3810.57 -180.00 -596.55 3933.31 -180.00 -596.55 3810.57 -100.00 -1083.45 3933.31 -100.00 -1083.45 3810.57 -20.00 -1083.45 3933.31 -20.00 -1083.45 3810.57 -180.00 -1083.45 3750.57 -180.00 -1023.45 3750.57 -100.00 -1023.45 3690.57 -100.00 -963.45 3601.28 -100.00 -963.75 3690.57 -180.00 -963.45 3601.28 -180.00 -963.75 3512.00 -180.00 -715.96 3512.00 -100.00 -715.96 3601.28 -180.00 -716.25 3601.28 -100.00 -716.25 3690.57 -180.00 -716.55 3690.57 -100.00 -716.55 3750.57 -180.00 -656.55 3750.57 -100.00 -656.55 4056.04 -100.00 -1029.23 4056.04 -100.00 -975.00 3512.00 -120.00 -840.00 3512.00 -120.00 -890.00 3511.30 -100.00 -840.00 3511.30 -100.00 -910.00 3512.00 -180.00 -770.00 3512.00 -180.00 -720.00 3512.00 -240.00 -770.00 3512.00 -240.00 -720.00 3512.00 -240.00 -910.00 3512.00 -180.00 -910.00 3512.00 -240.00 -890.00 3512.00 -180.00 -890.00 3512.00 -100.00 -715.96 3512.00 -180.00 -715.96 4056.04 -100.00 -1083.45 4056.04 -180.00 -1083.45 3933.31 -180.00 -1083.45 4056.04 -100.00 -596.55 4056.04 -20.00 -596.55 3933.31 -20.00 -596.55 3690.57 -20.00 -963.45 3750.57 -20.00 -1023.45 3810.57 -20.00 -596.55 3750.57 -20.00 -656.55 3601.28 -20.00 -963.75 3512.00 -100.00 -964.04 3509.18 -20.06 -964.04 3690.57 -20.00 -716.55 3601.28 -20.00 -716.25 3512.00 -100.00 -964.04 3512.00 -180.00 -960.00 3512.00 -180.00 -964.04 4056.04 -180.00 -1029.23 4056.04 -180.00 -1083.45 4056.04 -100.00 -1083.45 4056.04 -20.00 -1083.45 3512.00 -180.00 -964.04 4056.04 -180.00 -705.00 4056.04 -180.00 -650.77 4056.04 -146.84 -705.00 4056.04 -100.00 -705.00 4056.04 -180.00 -596.55 3509.18 -20.00 -715.96 4056.04 -180.00 -975.00 4056.04 -146.84 -975.00 4056.04 -180.00 -596.55 3511.30 -100.00 -770.00 3512.00 -180.00 -790.00 3512.00 -240.00 -790.00 3512.00 -120.00 -790.00 3512.00 -240.00 -960.00 3509.18 -20.00 -840.00 3509.18 -20.00 -907.82 4056.04 100.00 -705.00 3509.18 -20.06 -964.04 3509.66 -38.28 -771.63 3509.18 -20.00 -765.70 3509.18 -20.00 -715.96 3509.93 -48.52 -797.26 3509.61 -36.27 -800.30 3509.55 -34.15 -813.47 3509.18 -20.00 -826.88 3990.92 -213.33 -851.98 3984.13 -213.33 -862.13 3989.53 -210.00 -851.40 3983.07 -210.00 -861.07 3973.40 -210.00 -867.53 3962.00 -212.39 -840.00 3962.00 -210.00 -869.80 3950.60 -210.00 -867.53 3940.93 -210.00 -861.07 3934.47 -210.00 -851.40 3932.20 -210.00 -840.00 3934.47 -210.00 -828.60 3940.93 -210.00 -818.93 3950.60 -210.00 -812.47 3962.00 -210.00 -810.20 3973.40 -210.00 -812.47 3983.07 -210.00 -818.93 3989.53 -210.00 -828.60 3991.80 -210.00 -840.00 3993.30 -213.33 -840.00 3973.98 -213.33 -868.92 3962.00 -213.33 -871.30 3950.02 -213.33 -868.92 3939.87 -213.33 -862.13 3933.08 -213.33 -851.98 3930.70 -213.33 -840.00 3933.08 -213.33 -828.02 3939.87 -213.33 -817.87 3950.02 -213.33 -811.08 3962.00 -213.33 -808.70 3973.98 -213.33 -811.08 3984.13 -213.33 -817.87 3990.92 -213.33 -828.02 3509.66 -38.28 -771.63 3509.93 -48.52 -797.26 3489.01 -20.00 -781.30 3481.00 -20.00 -803.32 3509.61 -36.27 -800.30 3490.81 -20.00 -803.67 3509.55 -34.15 -813.47 3492.80 -20.00 -814.26 3509.18 -20.00 -826.88 3509.18 -20.00 -765.70 3410.38 49.61 -818.12 3509.18 -20.00 -765.70 3489.01 -20.00 -781.30 3512.00 0.00 -750.17 3512.00 -20.00 -766.77 3569.45 0.00 -772.50 3536.36 0.00 -751.50 3512.00 -20.00 -827.75 3512.00 0.00 -840.00 3564.10 0.00 -818.12 3560.66 0.00 -803.17 3509.18 -20.00 -826.88 3481.00 -20.00 -803.32 3490.81 -20.00 -803.67 3492.80 -20.00 -814.26 3509.18 -20.00 -826.88 3880.00 120.00 -752.00 3908.00 110.00 -776.00 3909.00 120.00 -765.00 3926.00 100.00 -804.00 3928.00 120.00 -782.00 3926.00 100.00 -804.00 3962.00 90.00 -800.00 3962.00 120.00 -767.00 3928.00 120.00 -782.00 3934.00 90.00 -811.00 3997.00 120.00 -782.00 3999.00 100.00 -804.00 3991.00 90.00 -811.00 3999.00 100.00 -804.00 4003.00 90.00 -840.00 4021.00 120.00 -806.00 4035.00 120.00 -840.00 3991.00 90.00 -811.00 3991.00 90.00 -869.00 4014.00 120.00 -891.00 4014.00 120.00 -891.00 3991.00 90.00 -869.00 3980.00 120.00 -906.00 3962.00 100.00 -891.00 3962.00 90.00 -880.00 3934.00 90.00 -869.00 3945.00 120.00 -906.00 3911.00 120.00 -891.00 3911.00 120.00 -891.00 3934.00 90.00 -869.00 3922.00 90.00 -840.00 3890.00 120.00 -840.00 3926.00 100.00 -804.00 3904.00 120.00 -806.00 3934.00 90.00 -811.00 3897.00 120.00 -777.00 3904.00 120.00 -806.00 3940.50 87.61 -818.00 3962.00 87.61 -809.00 3984.50 87.61 -818.00 3984.50 87.61 -818.00 3993.50 87.61 -840.00 3984.50 87.61 -862.00 3984.50 87.61 -862.00 3962.00 87.61 -871.00 3940.50 87.61 -862.00 3940.50 87.61 -862.00 3931.50 87.61 -840.00 3940.50 87.61 -818.00 3931.50 87.61 -840.00 3950.93 63.71 -828.80 3946.44 63.71 -840.00 3962.00 -10.00 -840.00 3962.08 37.44 -832.63 3957.06 37.44 -834.98 3967.44 37.44 -834.98 3962.13 63.71 -823.57 3974.07 63.71 -828.80 3967.44 37.44 -834.98 3969.45 37.44 -840.00 3974.07 63.71 -828.80 3978.56 63.71 -840.00 3967.44 37.44 -845.02 3974.07 63.71 -851.20 3967.44 37.44 -845.02 3962.08 37.44 -847.37 3974.07 63.71 -851.20 3962.13 63.71 -856.43 3962.00 -10.00 -840.00 3957.06 37.44 -845.02 3955.05 37.44 -840.00 3957.06 37.44 -845.02 3950.93 63.71 -851.20 3957.06 37.44 -834.98 3962.00 120.00 -969.00 3962.00 100.00 -891.00 3945.00 120.00 -906.00 3980.00 120.00 -906.00 3999.00 100.00 -804.00 4043.00 120.00 -767.00 3997.00 120.00 -782.00 4021.00 120.00 -806.00 3962.00 87.61 -809.00 3940.50 87.61 -818.00 3950.93 63.71 -828.80 3940.50 87.61 -818.00 3984.50 87.61 -818.00 3984.50 87.61 -818.00 3993.50 87.61 -840.00 3984.50 87.61 -862.00 3962.00 87.61 -871.00 3984.50 87.61 -862.00 3940.50 87.61 -862.00 3950.93 63.71 -851.20 3940.50 87.61 -862.00 3744.00 51.00 -891.00 3753.00 30.00 -884.00 3721.00 28.00 -897.00 3728.00 36.00 -879.00 3650.00 0.00 -844.00 3614.00 0.00 -854.00 3657.00 -17.00 -849.00 3660.00 0.00 -858.00 3657.00 -17.00 -849.00 3685.00 -24.00 -834.00 3664.00 0.00 -834.00 3650.00 0.00 -844.00 3692.00 0.00 -844.00 </float_array>
                    <technique_common>
                        <accessor source="#geom-023F1D51-pos-array" count="1176" stride="3">
                            <param name="X" type="float" />
                            <param name="Y" type="float" />
                            <param name="Z" type="float" />
                        </accessor>
                    </technique_common>
                </source>
                <source id="geom-023F1D51-texcoord">
                    <float_array id="geom-023F1D51-texcoord-array" count="2352">0.44 0.51 0.44 -1.45 0.51 0.51 0.51 -1.48 0.31 -1.14 0.31 -0.07 0.38 -1.14 0.38 -0.07 0.44 -1.50 0.44 -3.45 0.51 -1.48 0.51 -3.48 0.51 -1.46 0.44 -1.50 0.51 -3.44 0.44 -3.48 0.51 -3.48 0.51 -1.48 0.44 -3.44 0.44 -1.47 0.31 -3.41 0.31 -2.57 0.38 -3.41 0.38 -2.57 0.44 -1.51 0.51 -1.48 0.44 0.45 0.51 0.51 0.38 -0.06 0.31 -0.07 0.38 -1.14 0.31 -1.14 0.31 -2.57 0.38 -2.57 0.51 -1.50 0.44 -1.48 0.51 -3.45 0.44 -3.48 0.44 -1.48 0.51 -1.47 0.44 0.51 0.51 0.57 0.51 -3.48 0.51 -1.50 0.44 -3.44 0.44 -1.47 0.44 0.45 0.51 0.51 0.51 0.45 0.44 0.51 0.44 0.48 0.51 0.51 0.51 0.48 0.44 0.51 0.51 0.51 0.44 0.57 0.51 -3.44 0.44 -3.48 0.38 -3.41 0.31 -3.41 0.38 -4.00 0.31 -4.00 0.00 -1.00 0.00 0.17 0.54 -0.33 0.00 1.00 0.14 1.00 0.00 -2.10 0.21 -1.00 0.00 -0.55 0.21 1.00 0.00 -5.37 0.21 -5.00 0.00 -4.16 0.21 -3.00 0.00 -7.00 0.00 -5.37 0.21 -7.00 0.21 -5.00 0.00 -2.10 0.00 -0.55 0.21 -1.00 0.21 1.00 0.00 1.00 0.00 -4.16 0.21 -3.00 0.00 -7.00 0.21 -7.00 0.54 -1.67 0.00 -2.17 0.00 -3.00 0.14 -3.00 0.44 -3.48 0.51 -3.41 0.44 -2.57 0.51 -2.57 0.31 -4.00 0.38 -4.00 0.31 1.00 0.38 1.00 0.38 1.00 0.31 1.00 0.51 -3.48 0.44 -3.48 0.44 -3.41 0.51 -3.48 0.51 -1.48 0.44 -1.48 0.44 0.51 0.44 -0.29 0.51 0.45 0.51 -0.30 0.44 -1.27 0.51 -1.28 0.34 -1.07 0.34 -0.21 0.18 -1.07 0.18 -0.21 0.34 0.64 0.18 0.64 0.34 -0.21 0.18 -0.21 0.69 -0.48 0.53 -0.48 0.69 -1.65 0.53 -1.65 0.69 -2.60 0.53 -2.60 0.69 -3.54 0.53 -3.54 0.69 -5.19 0.53 -5.19 0.36 0.64 0.36 -1.03 0.52 0.35 0.52 -1.32 0.69 0.64 0.53 0.64 0.69 -0.30 0.53 -0.30 0.52 0.64 0.36 0.35 0.52 -1.03 0.36 -1.32 0.69 -0.77 0.53 -0.77 0.69 -2.48 0.53 -2.48 0.69 -3.70 0.53 -3.70 0.69 -4.68 0.53 -4.68 0.69 -5.90 0.53 -5.90 0.69 -7.00 0.53 -7.00 0.18 -2.18 0.34 -2.18 0.18 -2.18 0.34 -2.18 0.18 -1.07 0.34 -1.07 0.69 -1.07 0.53 -1.07 0.69 -2.07 0.53 -2.07 0.69 -6.72 0.53 -6.72 0.69 0.58 0.53 0.58 0.69 0.58 0.53 0.58 0.01 0.01 0.17 0.01 0.01 0.35 0.17 0.69 0.01 0.69 0.17 0.69 0.01 0.69 0.17 0.35 0.01 0.01 0.17 0.01 0.18 -2.80 0.34 -2.80 0.69 -1.31 0.53 -1.31 0.69 -2.31 0.53 -2.31 0.69 -2.79 0.53 -2.79 0.69 -3.25 0.53 -3.25 0.18 -2.80 0.34 -2.80 0.18 0.64 0.34 0.64 0.52 -2.70 0.36 -3.00 0.36 -2.70 0.52 -3.00 0.69 0.64 0.53 0.64 0.69 0.23 0.53 0.00 0.53 -0.89 1.70 3.39 3.39 2.55 0.00 3.39 1.70 0.00 3.39 0.85 3.39 0.00 0.00 0.00 0.00 0.85 3.61 0.00 3.61 0.85 0.00 2.55 0.00 3.39 3.39 2.55 3.39 3.39 0.00 0.00 0.00 0.85 3.39 0.00 3.39 0.85 3.61 3.39 3.61 2.55 0.00 3.39 0.00 2.55 0.00 0.85 3.61 0.85 0.00 0.00 3.61 0.00 0.00 1.70 3.39 1.70 0.00 0.85 3.39 0.85 0.00 2.55 3.39 2.55 0.00 3.39 3.39 3.39 0.00 0.00 3.39 0.00 0.00 1.70 3.61 1.70 0.00 2.55 3.61 2.55 3.61 3.39 0.00 3.39 3.39 3.39 0.00 0.00 1.70 0.00 0.00 0.00 1.70 0.85 0.00 0.85 3.39 0.85 3.39 1.70 1.70 1.70 3.39 2.55 1.70 2.55 3.39 2.97 1.70 3.39 3.39 3.39 1.70 0.85 1.70 0.00 0.00 0.85 0.00 0.00 3.39 2.55 3.39 3.39 0.00 2.55 0.00 3.39 1.70 1.70 3.39 0.85 3.39 1.70 0.00 1.70 3.39 1.70 3.39 2.55 1.70 2.55 0.00 0.85 3.39 0.85 1.70 3.39 3.39 3.39 0.00 0.00 3.39 0.42 3.39 0.00 0.00 0.85 1.70 0.85 0.00 0.00 1.70 0.00 1.70 1.70 3.39 0.85 3.39 1.70 1.70 2.55 3.39 2.55 1.70 3.39 3.39 3.39 3.39 0.42 2.12 0.42 3.39 0.00 2.12 0.00 2.12 0.85 0.00 0.42 0.00 0.85 3.39 1.70 2.12 1.70 3.39 1.27 2.12 1.27 0.00 1.70 0.00 1.27 2.12 1.70 4.24 0.42 4.24 0.00 5.09 0.42 5.09 0.00 6.89 0.42 6.79 0.00 5.09 1.27 7.00 0.85 6.47 1.27 4.24 1.27 4.24 1.70 3.39 0.00 0.00 1.70 0.00 2.55 0.00 2.97 0.00 3.39 3.39 0.00 0.00 1.70 0.00 2.55 0.42 2.97 0.00 3.39 0.00 1.70 0.00 1.27 3.39 0.00 0.00 2.12 0.00 2.55 0.00 3.39 3.39 0.85 4.24 0.85 5.09 0.85 0.00 0.00 5.94 1.70 5.09 1.70 0.11 0.11 3.56 0.11 0.11 3.56 3.56 3.56 7.00 0.11 7.00 3.56 0.11 0.11 3.56 0.11 0.11 3.56 3.56 3.56 3.56 0.11 7.00 0.11 7.00 3.56 0.11 0.11 3.56 0.11 0.11 3.56 3.56 3.56 7.00 0.11 7.00 3.56 0.11 0.11 3.56 0.11 0.11 3.56 3.56 3.56 7.00 0.11 7.00 3.56 0.11 0.11 3.56 0.11 0.11 3.56 3.56 3.56 7.00 0.11 7.00 3.56 0.11 0.11 3.56 0.11 0.11 3.56 3.56 3.56 7.00 0.11 7.00 3.56 0.11 0.11 3.56 0.11 0.11 3.56 3.56 3.56 7.00 0.11 7.00 3.56 0.11 0.11 3.56 0.11 0.11 3.56 3.56 3.56 7.00 0.11 7.00 3.56 3.56 5.78 6.22 5.78 0.89 5.78 3.56 5.78 6.22 5.78 0.89 5.78 3.56 5.78 6.22 5.78 0.89 5.78 3.56 5.78 6.22 5.78 0.89 5.78 3.56 5.78 6.22 5.78 0.89 5.78 3.56 5.78 6.22 5.78 0.89 5.78 3.56 5.78 6.22 5.78 0.89 5.78 3.56 5.78 6.22 5.78 0.89 5.78 1.11 7.00 3.56 7.00 6.00 7.00 1.11 7.00 3.56 7.00 6.00 7.00 1.11 7.00 3.56 7.00 6.00 7.00 1.11 7.00 3.56 7.00 6.00 7.00 1.11 7.00 3.56 7.00 6.00 7.00 1.11 7.00 3.56 7.00 6.00 7.00 1.11 7.00 3.56 7.00 6.00 7.00 1.11 7.00 3.56 7.00 6.00 7.00 0.89 -1.72 0.81 -2.29 1.71 -2.02 1.66 -2.40 1.12 0.05 1.75 0.23 2.29 -0.11 1.16 0.30 2.36 0.41 1.79 0.48 2.29 -0.11 1.75 0.23 1.12 0.05 1.16 0.30 2.36 0.41 1.79 0.48 5.90 -2.96 5.98 -2.39 5.10 -2.47 5.05 -2.85 4.81 -1.53 4.38 -2.18 5.98 -2.39 3.43 -2.05 3.19 -1.17 2.49 -1.93 2.51 0.82 3.24 2.03 1.71 1.63 1.92 -0.13 2.75 -0.60 2.73 -0.23 2.92 0.60 3.86 0.48 2.98 1.05 3.92 0.92 1.98 0.73 2.04 1.17 1.23 0.83 1.28 1.27 2.84 -0.02 3.78 -0.14 2.90 0.42 3.84 0.29 1.11 -0.02 0.58 0.05 0.89 -1.72 0.36 -1.65 5.98 -2.39 6.55 -2.47 6.20 -0.70 6.78 -0.77 2.47 -2.12 3.41 -2.25 2.49 -1.93 3.43 -2.05 2.92 0.60 1.98 0.73 2.90 0.42 1.96 0.54 3.86 0.48 3.84 0.29 4.62 0.38 4.59 0.19 2.50 -0.14 1.90 0.11 1.88 -0.05 4.16 -0.19 4.14 -0.35 4.54 -0.24 4.52 -0.40 4.38 -2.18 4.35 -2.37 1.52 0.16 1.20 0.64 1.14 0.21 1.34 1.68 0.81 1.75 6.43 1.00 7.00 0.93 5.40 -0.59 4.56 -0.12 4.59 -0.48 4.47 -0.83 4.23 -1.10 5.08 0.47 4.13 0.45 4.40 0.21 2.85 0.11 3.09 0.39 4.23 -1.10 4.47 -0.83 3.91 -0.69 4.02 -0.57 4.59 -0.48 4.08 -0.41 4.40 0.21 4.13 0.45 3.99 -0.10 3.87 0.01 3.78 0.57 3.71 0.06 3.09 0.39 2.85 0.11 3.40 -0.02 3.29 -0.15 2.73 -0.23 3.24 -0.30 3.54 -1.29 3.90 -1.26 3.60 -0.78 3.77 -0.77 2.91 -0.93 3.19 -1.17 3.32 -0.61 3.45 -0.72 2.75 -0.60 3.25 -0.47 4.56 -0.12 4.07 -0.25 3.42 0.55 3.55 0.05 6.20 -0.70 4.69 1.83 6.06 1.05 1.11 -0.02 0.89 -1.72 2.24 -1.19 1.20 0.64 1.23 0.83 1.50 0.00 1.52 0.16 1.90 0.11 1.96 0.54 4.68 0.82 4.62 0.38 4.16 -0.19 4.59 0.19 3.78 -0.14 3.13 -0.22 3.76 -0.30 3.90 -1.26 3.54 -1.29 2.91 -0.93 1.12 0.05 1.14 0.21 4.54 -0.24 1.34 1.68 6.43 1.00 3.86 1.16 3.42 0.55 3.78 0.57 6.08 1.20 1.73 1.78 2.84 -0.02 6.89 7.00 0.22 7.00 6.89 0.11 0.22 0.11 6.89 7.00 0.22 7.00 6.89 0.11 0.22 0.11 0.22 0.11 6.89 0.11 0.22 7.00 6.89 7.00 0.22 0.11 6.89 0.11 0.22 7.00 6.89 7.00 6.89 7.00 0.22 7.00 6.89 0.11 0.22 0.11 6.89 7.00 0.22 7.00 6.89 0.11 0.22 0.11 0.22 0.11 6.89 0.11 0.22 7.00 6.89 7.00 0.22 0.11 6.89 0.11 0.22 7.00 6.89 7.00 3.56 0.11 7.00 0.11 3.56 3.56 7.00 3.56 7.00 3.56 3.56 3.56 7.00 7.00 3.56 7.00 7.00 3.56 3.56 3.56 7.00 7.00 3.56 7.00 0.11 3.56 0.11 7.00 3.56 7.00 3.56 3.67 7.00 3.67 3.56 7.00 7.00 7.00 7.00 0.11 3.56 0.11 0.11 0.11 3.56 3.67 7.00 3.67 3.56 7.00 7.00 7.00 0.11 3.67 0.11 7.00 0.11 3.67 0.11 7.00 7.00 7.00 7.00 3.56 3.56 3.56 7.00 7.00 3.56 7.00 7.00 0.50 7.00 -1.00 6.03 0.50 6.03 -1.00 5.00 -3.00 5.00 -2.00 6.03 -2.00 5.00 -1.00 2.03 -1.00 2.03 -2.00 1.00 -1.00 2.03 0.50 1.00 0.50 0.00 0.50 0.00 -1.00 5.00 -4.00 4.25 -4.00 4.25 -3.00 2.77 -3.00 2.77 -2.00 2.77 0.50 2.77 -1.00 1.00 2.00 0.00 2.00 2.03 2.00 2.77 2.00 6.03 2.00 5.00 2.00 5.00 0.50 3.52 -5.00 2.77 -5.00 3.52 -4.00 2.77 -4.00 3.52 -3.00 3.52 0.50 3.52 2.00 4.25 0.50 4.25 2.00 3.52 -1.00 4.25 -1.00 3.52 -2.00 4.25 -2.00 2.03 -4.00 2.03 -5.00 2.03 -3.00 3.14 0.50 3.14 -1.00 3.14 -2.00 1.00 -2.00 7.00 2.00 3.75 -4.42 3.92 -4.46 4.25 -4.36 4.55 -4.73 5.00 -5.00 4.57 -5.00 5.07 5.07 1.98 5.07 5.07 1.98 1.98 1.98 5.07 5.07 1.98 5.07 5.07 1.98 1.98 1.98 5.07 5.07 1.98 5.07 5.07 1.98 1.98 1.98 5.07 5.07 1.98 5.07 5.07 1.98 1.98 1.98 5.07 5.07 1.98 5.07 5.07 1.98 1.98 1.98 5.07 5.07 1.98 5.07 5.07 1.98 1.98 1.98 5.07 5.07 1.98 5.07 5.07 1.98 1.98 1.98 5.07 5.07 1.98 5.07 5.07 1.98 1.98 1.98 5.07 5.07 1.98 5.07 5.07 1.98 1.98 1.98 5.07 5.07 1.98 5.07 5.07 1.98 1.98 1.98 5.07 5.07 1.98 5.07 5.07 1.98 1.98 1.98 5.07 5.07 1.98 5.07 5.07 1.98 1.98 1.98 7.00 7.00 0.06 7.00 6.61 6.61 0.44 6.61 0.06 0.06 0.44 0.44 7.00 0.06 6.61 0.44 7.00 7.00 0.06 7.00 6.61 6.61 0.44 6.61 0.06 0.06 0.44 0.44 7.00 0.06 6.61 0.44 7.00 7.00 0.06 7.00 6.61 6.61 0.44 6.61 0.06 0.06 0.44 0.44 7.00 0.06 6.61 0.44 7.00 7.00 0.06 7.00 6.61 6.61 0.44 6.61 0.06 0.06 0.44 0.44 7.00 0.06 6.61 0.44 7.00 7.00 0.06 7.00 6.61 6.61 0.44 6.61 0.06 0.06 0.44 0.44 7.00 0.06 6.61 0.44 7.00 7.00 0.06 7.00 6.61 6.61 0.44 6.61 0.06 0.06 0.44 0.44 7.00 0.06 6.61 0.44 7.00 7.00 0.06 7.00 6.61 6.61 0.44 6.61 0.06 0.06 0.44 0.44 7.00 0.06 6.61 0.44 7.00 7.00 0.06 7.00 6.61 6.61 0.44 6.61 0.06 0.06 0.44 0.44 7.00 0.06 6.61 0.44 7.00 7.00 0.06 7.00 6.61 6.61 0.44 6.61 0.06 0.06 0.44 0.44 7.00 0.06 6.61 0.44 7.00 7.00 0.06 7.00 6.61 6.61 0.44 6.61 0.06 0.06 0.44 0.44 7.00 0.06 6.61 0.44 7.00 7.00 0.06 7.00 6.61 6.61 0.44 6.61 0.06 0.06 0.44 0.44 7.00 0.06 6.61 0.44 7.00 7.00 0.06 7.00 6.61 6.61 0.44 6.61 0.06 0.06 0.44 0.44 7.00 0.06 6.61 0.44 5.73 5.73 1.32 5.73 1.32 1.32 5.73 1.32 5.73 5.73 1.32 5.73 1.32 1.32 5.73 1.32 5.73 5.73 1.32 5.73 1.32 1.32 5.73 1.32 5.73 5.73 1.32 5.73 1.32 1.32 5.73 1.32 5.73 5.73 1.32 5.73 1.32 1.32 5.73 1.32 5.73 5.73 1.32 5.73 1.32 1.32 5.73 1.32 5.73 5.73 1.32 5.73 1.32 1.32 5.73 1.32 5.73 5.73 1.32 5.73 1.32 1.32 5.73 1.32 5.73 5.73 1.32 5.73 1.32 1.32 5.73 1.32 5.73 5.73 1.32 5.73 1.32 1.32 5.73 1.32 5.73 5.73 1.32 5.73 1.32 1.32 5.73 1.32 5.73 5.73 1.32 5.73 1.32 1.32 5.73 1.32 5.07 1.98 1.89 0.95 1.18 0.24 1.89 0.24 0.47 -0.47 1.18 -0.47 1.89 -0.47 0.00 0.24 0.00 -0.47 0.71 0.24 0.71 -0.47 0.71 -1.42 1.42 -0.47 1.42 -1.42 2.84 0.11 1.42 0.11 2.84 -0.84 1.42 -0.84 4.13 0.11 5.55 0.11 4.13 1.05 5.55 1.05 4.13 -0.84 3.13 -0.84 3.13 0.11 2.13 0.11 1.06 0.11 2.13 -0.84 1.06 -0.84 6.97 -0.84 6.97 0.11 5.90 -0.84 5.90 0.11 4.84 -0.84 4.84 0.11 3.84 -0.84 3.84 0.11 1.18 -1.42 1.89 -1.42 1.42 0.12 2.01 0.12 1.42 0.35 2.21 0.35 0.63 -0.59 0.04 -0.59 0.63 -1.26 0.04 -1.26 2.21 -1.26 2.21 -0.59 2.01 -1.26 2.01 -0.59 0.00 0.35 0.00 -0.59 6.97 0.11 6.97 -0.84 5.55 -0.84 0.00 0.11 0.00 1.05 1.42 1.05 2.13 1.05 3.13 1.05 2.84 1.05 3.84 1.05 1.06 1.05 0.00 0.11 0.00 1.05 4.84 1.05 5.90 1.05 2.84 0.35 2.80 -0.59 2.84 -0.59 1.18 -2.36 0.47 -2.36 0.47 -1.42 6.97 1.05 0.00 -0.84 0.00 -2.36 0.71 -2.36 0.00 -1.97 0.00 -1.42 0.00 -0.84 7.00 1.05 1.89 -2.36 1.89 -1.97 1.42 -2.36 0.63 0.35 0.87 -0.59 0.87 -1.26 0.87 0.12 2.80 -1.26 1.42 1.26 2.20 1.26 0.00 0.95 2.85 1.26 0.63 1.05 0.56 1.26 0.00 1.26 0.93 0.94 0.96 1.08 1.11 1.10 1.27 1.26 6.73 4.84 5.97 5.97 6.42 4.71 5.73 5.73 4.71 6.42 3.50 3.50 3.50 6.66 2.29 6.42 1.27 5.73 0.58 4.71 0.34 3.50 0.58 2.29 1.27 1.27 2.29 0.58 3.50 0.34 4.71 0.58 5.73 1.27 6.42 2.29 6.66 3.50 7.00 3.50 4.84 6.73 3.50 7.00 2.16 6.73 1.03 5.97 0.27 4.84 0.00 3.50 0.27 2.16 1.03 1.03 2.16 0.27 3.50 0.00 4.84 0.27 5.97 1.03 6.73 2.16 0.61 -1.16 3.24 -2.00 1.40 1.53 3.58 2.00 4.28 -0.85 4.44 1.54 5.63 -0.59 5.55 1.49 7.00 0.78 0.00 0.51 4.79 -2.07 5.04 -6.23 5.88 -5.31 3.82 -6.11 4.93 -6.30 1.28 -7.00 2.96 -6.72 0.01 -2.38 0.75 -3.08 0.04 -5.43 0.60 -5.79 0.25 -1.29 6.79 -2.41 4.82 1.47 2.07 0.62 0.34 -0.80 0.00 5.28 2.16 5.27 1.76 4.52 4.32 5.25 3.52 3.76 5.00 1.59 2.63 2.63 2.63 0.00 4.81 0.00 4.59 2.63 0.88 0.00 0.33 1.59 0.66 2.63 5.00 1.59 2.63 2.63 4.81 0.00 2.63 0.00 4.59 2.63 0.66 2.63 0.00 0.00 5.25 0.00 4.59 2.63 3.31 0.00 2.63 1.75 2.63 2.63 0.66 2.63 2.01 0.00 0.00 0.00 5.25 0.00 4.59 2.63 2.63 2.63 2.63 0.00 0.49 1.81 0.88 0.00 0.66 2.63 1.77 6.02 3.53 6.75 4.37 3.39 2.63 3.39 0.88 3.39 4.37 3.39 2.63 3.39 0.88 3.39 4.37 3.39 2.63 3.39 0.88 3.39 4.37 3.39 2.63 3.39 7.00 7.00 5.47 7.00 6.34 4.81 5.47 4.81 5.47 0.05 5.47 3.06 5.03 3.06 5.91 3.06 5.47 4.81 6.34 4.81 5.03 3.06 5.47 3.06 4.59 4.81 5.47 4.81 5.91 3.06 6.34 4.81 5.03 3.06 5.47 3.06 4.59 4.81 5.47 4.81 5.47 0.05 5.91 3.06 5.47 3.06 5.03 3.06 4.59 4.81 5.91 3.06 0.00 5.28 4.32 5.25 3.52 3.76 3.53 6.75 4.32 5.25 0.00 5.28 3.53 6.75 3.52 3.76 5.47 7.00 3.94 7.00 4.59 4.81 0.88 3.39 7.00 7.00 3.94 7.00 5.47 7.00 7.00 7.00 5.47 7.00 3.94 7.00 7.00 7.00 6.34 4.81 3.94 7.00 3.53 6.75 4.32 5.25 2.16 5.27 3.52 3.76 1.76 4.52 0.00 5.28 2.16 5.27 1.77 6.02 2.16 5.27 4.32 5.25 3.52 3.76 1.76 4.52 3.53 6.75 </float_array>
                    <technique_common>
                        <accessor source="#geom-023F1D51-texcoord-array" count="1176" stride="2">
                            <param name="S" type="float" />
                            <param name="T" type="float" />
                        </accessor>
                    </technique_common>
                </source>
                <source id="geom-023F1D51-colors">
                    <float_array id="geom-023F1D51-colors-array" count="4704">0.16 0.26 0.69 1.00 0.16 0.30 0.86 1.00 0.16 0.16 0.16 1.00 0.16 0.30 0.88 1.00 0.16 0.28 0.76 1.00 0.16 0.24 0.59 1.00 0.16 0.27 0.75 1.00 0.16 0.24 0.58 1.00 0.16 0.44 1.00 1.00 0.16 0.55 1.00 1.00 0.16 0.43 1.00 1.00 0.16 0.53 1.00 1.00 0.16 0.69 1.00 1.00 0.16 0.67 1.00 1.00 0.16 0.55 1.00 1.00 0.16 0.53 1.00 1.00 0.18 0.43 1.00 1.00 0.20 0.27 0.61 1.00 0.18 0.43 1.00 1.00 0.20 0.28 0.61 1.00 0.16 0.28 0.80 1.00 0.16 0.30 0.87 1.00 0.17 0.33 1.00 1.00 0.16 0.29 0.84 1.00 0.16 0.30 0.87 1.00 0.16 0.30 0.89 1.00 0.16 0.27 0.73 1.00 0.16 0.29 0.84 1.00 0.16 0.24 0.59 1.00 0.16 0.25 0.60 1.00 0.16 0.28 0.76 1.00 0.16 0.28 0.78 1.00 0.16 0.30 0.87 1.00 0.16 0.29 0.85 1.00 0.16 0.44 1.00 1.00 0.16 0.43 1.00 1.00 0.16 0.56 1.00 1.00 0.16 0.54 1.00 1.00 0.20 0.27 0.58 1.00 0.20 0.27 0.58 1.00 0.09 0.11 0.14 1.00 0.09 0.11 0.13 1.00 0.18 0.42 1.00 1.00 0.16 0.70 1.00 1.00 0.18 0.42 1.00 1.00 0.16 0.68 1.00 1.00 0.07 0.13 0.33 1.00 0.09 0.16 0.44 1.00 0.07 0.13 0.33 1.00 0.09 0.16 0.44 1.00 0.18 0.43 1.00 1.00 0.18 0.43 1.00 1.00 0.16 0.56 1.00 1.00 0.16 0.54 1.00 1.00 0.09 0.11 0.14 1.00 0.09 0.11 0.14 1.00 0.18 0.42 1.00 1.00 0.18 0.42 1.00 1.00 0.16 0.33 1.00 1.00 0.16 0.29 0.80 1.00 0.17 0.31 0.98 1.00 0.20 0.44 1.00 1.00 0.13 0.16 0.23 1.00 0.13 0.16 0.23 1.00 0.16 0.16 0.16 1.00 0.16 0.26 0.67 1.00 0.16 0.16 0.16 1.00 0.24 0.47 1.00 1.00 0.16 0.27 0.75 1.00 0.16 0.24 0.56 1.00 0.16 0.16 0.16 1.00 0.27 0.64 1.00 1.00 0.27 0.62 1.00 1.00 0.28 0.60 1.00 1.00 0.26 0.60 1.00 1.00 0.23 0.47 1.00 1.00 0.26 0.61 1.00 1.00 0.22 0.45 1.00 1.00 0.26 0.59 1.00 1.00 0.24 0.45 1.00 1.00 0.16 0.24 0.56 1.00 0.16 0.27 0.75 1.00 0.16 0.16 0.16 1.00 0.16 0.26 0.67 1.00 0.27 0.56 1.00 1.00 0.25 0.58 1.00 1.00 0.23 0.49 1.00 1.00 0.22 0.47 1.00 1.00 0.16 0.16 0.16 1.00 0.13 0.16 0.23 1.00 0.16 0.26 0.67 1.00 0.16 0.16 0.16 1.00 0.09 0.11 0.14 1.00 0.09 0.11 0.14 1.00 0.20 0.24 0.31 1.00 0.20 0.24 0.31 1.00 0.20 0.45 1.00 1.00 0.17 0.32 1.00 1.00 0.16 0.26 0.69 1.00 0.16 0.16 0.16 1.00 0.16 0.16 0.16 1.00 0.16 0.26 0.69 1.00 0.16 0.16 0.16 1.00 0.16 0.26 0.69 1.00 0.07 0.13 0.33 1.00 0.09 0.16 0.44 1.00 0.21 0.25 0.34 1.00 0.21 0.25 0.34 1.00 0.09 0.11 0.13 1.00 0.19 0.22 0.28 1.00 0.09 0.11 0.14 1.00 0.20 0.23 0.31 1.00 0.17 0.18 0.19 1.00 0.18 0.19 0.22 1.00 0.21 0.36 0.98 1.00 0.16 0.25 0.60 1.00 0.31 0.60 1.00 1.00 0.16 0.24 0.56 1.00 0.16 0.26 0.67 1.00 0.16 0.26 0.69 1.00 0.16 0.24 0.56 1.00 0.16 0.24 0.59 1.00 0.19 0.27 0.61 1.00 0.20 0.27 0.61 1.00 0.17 0.44 1.00 1.00 0.18 0.43 1.00 1.00 0.16 0.58 1.00 1.00 0.16 0.69 1.00 1.00 0.16 0.51 1.00 1.00 0.16 0.55 1.00 1.00 0.16 0.42 1.00 1.00 0.16 0.44 1.00 1.00 0.07 0.13 0.33 1.00 0.16 0.30 0.86 1.00 0.08 0.15 0.41 1.00 0.16 0.29 0.83 1.00 0.16 0.16 0.16 1.00 0.16 0.26 0.69 1.00 0.13 0.16 0.23 1.00 0.13 0.16 0.23 1.00 0.16 0.16 0.16 1.00 0.16 0.26 0.69 1.00 0.16 0.29 0.83 1.00 0.16 0.30 0.87 1.00 0.16 0.42 1.00 1.00 0.16 0.44 1.00 1.00 0.16 0.52 1.00 1.00 0.16 0.56 1.00 1.00 0.16 0.60 1.00 1.00 0.16 0.70 1.00 1.00 0.17 0.44 1.00 1.00 0.18 0.42 1.00 1.00 0.19 0.27 0.67 1.00 0.20 0.27 0.58 1.00 0.09 0.10 0.13 1.00 0.09 0.11 0.14 1.00 0.35 0.71 1.00 1.00 0.19 0.35 1.00 1.00 0.19 0.35 1.00 1.00 0.36 0.75 1.00 1.00 0.21 0.36 0.97 1.00 0.32 0.62 1.00 1.00 0.19 0.22 0.29 1.00 0.21 0.25 0.34 1.00 0.19 0.22 0.29 1.00 0.20 0.24 0.31 1.00 0.08 0.15 0.41 1.00 0.07 0.13 0.33 1.00 0.08 0.15 0.42 1.00 0.07 0.13 0.33 1.00 0.09 0.10 0.13 1.00 0.09 0.11 0.14 1.00 0.16 0.31 0.93 1.00 0.23 0.49 1.00 1.00 0.20 0.45 1.00 1.00 0.27 0.64 1.00 1.00 0.16 0.28 0.80 1.00 0.16 0.29 0.80 1.00 0.26 0.61 1.00 1.00 0.20 0.44 1.00 1.00 0.23 0.47 1.00 1.00 0.16 0.31 0.93 1.00 0.26 0.61 1.00 1.00 0.16 0.29 0.80 1.00 0.13 0.16 0.23 1.00 0.13 0.16 0.23 1.00 0.13 0.16 0.23 1.00 0.13 0.16 0.23 1.00 0.09 0.10 0.13 1.00 0.09 0.11 0.14 1.00 0.16 0.16 0.16 1.00 0.16 0.26 0.69 1.00 0.16 0.28 0.80 1.00 0.27 0.64 1.00 1.00 0.16 0.26 0.67 1.00 0.16 0.26 0.69 1.00 0.08 0.15 0.42 1.00 0.07 0.13 0.33 1.00 0.16 0.26 0.69 1.00 0.16 0.16 0.16 1.00 0.09 0.10 0.13 1.00 0.09 0.11 0.14 1.00 0.19 0.22 0.28 1.00 0.20 0.23 0.31 1.00 0.18 0.19 0.22 1.00 0.18 0.24 0.51 1.00 0.00 0.00 0.00 1.00 0.00 0.00 0.00 1.00 0.16 0.25 0.60 1.00 0.00 0.00 0.00 1.00 0.16 0.18 0.25 1.00 0.16 0.18 0.25 1.00 0.00 0.00 0.00 1.00 0.16 0.16 0.16 1.00 0.00 0.00 0.00 1.00 0.00 0.00 0.00 1.00 0.17 0.18 0.21 1.00 0.00 0.00 0.00 1.00 0.16 0.17 0.18 1.00 0.16 0.16 0.16 1.00 0.00 0.00 0.00 1.00 0.16 0.16 0.16 1.00 0.00 0.00 0.00 1.00 0.17 0.18 0.21 1.00 0.00 0.00 0.00 1.00 0.18 0.19 0.22 1.00 0.00 0.00 0.00 1.00 0.22 0.27 0.39 1.00 0.20 0.23 0.30 1.00 0.18 0.19 0.22 1.00 0.17 0.18 0.21 1.00 0.19 0.22 0.29 1.00 0.17 0.18 0.19 1.00 0.20 0.23 0.30 1.00 0.17 0.18 0.20 1.00 0.16 0.16 0.17 1.00 0.16 0.16 0.16 1.00 0.16 0.16 0.16 1.00 0.16 0.16 0.16 1.00 0.17 0.18 0.21 1.00 0.16 0.17 0.18 1.00 0.22 0.31 0.71 1.00 0.19 0.22 0.29 1.00 0.16 0.22 0.45 1.00 0.16 0.16 0.17 1.00 0.16 0.16 0.16 1.00 0.16 0.18 0.25 1.00 0.18 0.19 0.22 1.00 0.06 0.11 0.28 1.00 0.05 0.09 0.24 1.00 0.02 0.04 0.08 1.00 0.16 0.34 1.00 1.00 0.16 0.27 0.74 1.00 0.16 0.36 1.00 1.00 0.16 0.53 1.00 1.00 0.16 0.51 1.00 1.00 0.16 0.49 1.00 1.00 0.16 0.38 1.00 1.00 0.16 0.33 1.00 1.00 0.06 0.10 0.27 1.00 0.00 0.00 0.00 1.00 0.16 0.44 1.00 1.00 0.08 0.14 0.40 1.00 0.16 0.36 1.00 1.00 0.07 0.14 0.40 1.00 0.19 0.39 1.00 1.00 0.06 0.12 0.36 1.00 0.16 0.52 1.00 1.00 0.10 0.23 0.76 1.00 0.16 0.58 1.00 1.00 0.16 0.52 1.00 1.00 0.16 0.60 1.00 1.00 0.16 0.60 1.00 1.00 0.18 0.56 1.00 1.00 0.16 0.47 1.00 1.00 0.16 0.42 1.00 1.00 0.16 0.47 1.00 1.00 0.16 0.56 1.00 1.00 0.08 0.15 0.44 1.00 0.09 0.17 0.49 1.00 0.09 0.17 0.49 1.00 0.16 0.39 1.00 1.00 0.07 0.14 0.46 1.00 0.19 0.39 1.00 1.00 0.21 0.34 0.96 1.00 0.00 0.00 0.00 1.00 0.20 0.29 0.71 1.00 0.18 0.34 1.00 1.00 0.22 0.27 0.39 1.00 0.22 0.31 0.71 1.00 0.16 0.29 0.85 1.00 0.16 0.22 0.45 1.00 0.16 0.25 0.60 1.00 0.16 0.18 0.25 1.00 0.16 0.38 1.00 1.00 0.16 0.28 0.77 1.00 0.05 0.09 0.23 1.00 0.00 0.00 0.00 1.00 0.16 0.51 1.00 1.00 0.16 0.33 1.00 1.00 0.16 0.49 1.00 1.00 0.04 0.07 0.22 1.00 0.04 0.05 0.13 1.00 0.17 0.36 1.00 1.00 0.16 0.44 1.00 1.00 0.03 0.05 0.12 1.00 0.16 0.42 1.00 1.00 0.11 0.16 0.37 1.00 0.16 0.49 1.00 1.00 0.09 0.18 0.53 1.00 0.16 0.49 1.00 1.00 0.08 0.17 0.54 1.00 0.17 0.44 1.00 1.00 0.07 0.12 0.37 1.00 0.16 0.35 1.00 1.00 0.19 0.68 1.00 1.00 0.18 0.38 1.00 1.00 0.17 0.44 1.00 1.00 0.05 0.09 0.24 1.00 0.18 0.19 0.22 1.00 0.18 0.56 1.00 1.00 0.16 0.56 1.00 1.00 0.16 0.39 1.00 1.00 0.06 0.11 0.28 1.00 0.09 0.17 0.49 1.00 0.16 0.53 1.00 1.00 0.16 0.49 1.00 1.00 0.16 0.42 1.00 1.00 0.03 0.05 0.12 1.00 0.22 0.66 1.00 1.00 0.16 0.36 1.00 1.00 0.07 0.14 0.40 1.00 0.16 0.42 1.00 1.00 0.16 0.31 0.91 1.00 0.05 0.09 0.23 1.00 0.16 0.58 1.00 1.00 0.16 0.63 1.00 1.00 0.16 0.64 1.00 1.00 0.00 0.00 0.00 1.00 0.06 0.11 0.31 1.00 0.06 0.11 0.29 1.00 0.04 0.09 0.37 1.00 0.04 0.10 0.38 1.00 0.40 0.45 0.95 1.00 0.36 0.54 1.00 1.00 0.04 0.10 0.39 1.00 0.31 0.62 1.00 1.00 0.04 0.10 0.39 1.00 0.04 0.11 0.40 1.00 0.31 0.62 1.00 1.00 0.28 0.71 1.00 1.00 0.04 0.12 0.40 1.00 0.04 0.13 0.41 1.00 0.30 0.95 1.00 1.00 0.04 0.13 0.41 1.00 0.04 0.15 0.42 1.00 0.30 0.95 1.00 1.00 0.31 1.00 1.00 1.00 0.00 0.00 0.00 1.00 0.32 1.00 1.00 1.00 0.00 0.00 0.00 1.00 0.00 0.00 0.00 1.00 0.32 1.00 1.00 1.00 0.32 1.00 1.00 1.00 0.04 0.15 0.42 1.00 0.31 1.00 1.00 1.00 0.04 0.15 0.42 1.00 0.04 0.14 0.41 1.00 0.31 1.00 1.00 1.00 0.29 1.00 1.00 1.00 0.04 0.13 0.40 1.00 0.28 0.86 1.00 1.00 0.04 0.13 0.40 1.00 0.04 0.12 0.38 1.00 0.28 0.86 1.00 1.00 0.26 0.65 1.00 1.00 0.04 0.10 0.37 1.00 0.29 0.57 1.00 1.00 0.04 0.10 0.37 1.00 0.04 0.10 0.37 1.00 0.29 0.57 1.00 1.00 0.40 0.52 1.00 1.00 0.04 0.09 0.36 1.00 0.39 0.44 0.92 1.00 0.04 0.09 0.36 1.00 0.04 0.09 0.36 1.00 0.39 0.44 0.92 1.00 0.36 0.39 0.81 1.00 0.04 0.09 0.37 1.00 0.40 0.45 0.95 1.00 0.41 1.00 1.00 1.00 0.41 1.00 1.00 1.00 0.41 1.00 1.00 1.00 0.42 1.00 1.00 1.00 0.42 1.00 1.00 1.00 0.42 1.00 1.00 1.00 0.43 1.00 1.00 1.00 0.44 1.00 1.00 1.00 0.44 1.00 1.00 1.00 0.45 1.00 1.00 1.00 0.45 1.00 1.00 1.00 0.45 1.00 1.00 1.00 0.45 1.00 1.00 1.00 0.44 1.00 1.00 1.00 0.44 1.00 1.00 1.00 0.44 1.00 1.00 1.00 0.43 1.00 1.00 1.00 0.43 1.00 1.00 1.00 0.42 1.00 1.00 1.00 0.42 1.00 1.00 1.00 0.42 1.00 1.00 1.00 0.41 1.00 1.00 1.00 0.41 1.00 1.00 1.00 0.41 1.00 1.00 1.00 0.37 0.92 1.00 1.00 0.38 1.00 1.00 1.00 0.39 1.00 1.00 1.00 0.39 1.00 1.00 1.00 0.41 1.00 1.00 1.00 0.42 1.00 1.00 1.00 0.42 1.00 1.00 1.00 0.43 1.00 1.00 1.00 0.44 1.00 1.00 1.00 0.44 1.00 1.00 1.00 0.44 1.00 1.00 1.00 0.43 1.00 1.00 1.00 0.43 1.00 1.00 1.00 0.42 1.00 1.00 1.00 0.40 1.00 1.00 1.00 0.40 1.00 1.00 1.00 0.39 1.00 1.00 1.00 0.38 1.00 1.00 1.00 0.38 1.00 1.00 1.00 0.37 0.96 1.00 1.00 0.37 0.91 1.00 1.00 0.37 0.91 1.00 1.00 0.37 0.89 1.00 1.00 0.37 0.92 1.00 1.00 0.02 0.11 0.17 1.00 0.02 0.08 0.15 1.00 0.01 0.03 0.08 1.00 0.01 0.02 0.07 1.00 0.03 0.11 0.25 1.00 0.05 0.13 0.32 1.00 0.03 0.06 0.18 1.00 0.05 0.15 0.32 1.00 0.03 0.07 0.21 1.00 0.05 0.18 0.32 1.00 0.03 0.06 0.18 1.00 0.05 0.13 0.32 1.00 0.03 0.09 0.18 1.00 0.05 0.15 0.32 1.00 0.03 0.07 0.20 1.00 0.05 0.18 0.32 1.00 0.02 0.08 0.15 1.00 0.02 0.10 0.16 1.00 0.01 0.03 0.08 1.00 0.01 0.02 0.07 1.00 0.11 0.32 0.32 1.00 0.28 0.73 0.73 1.00 0.05 0.22 0.32 1.00 0.33 0.73 0.73 1.00 0.14 0.32 0.32 1.00 0.28 0.73 0.73 1.00 0.09 0.22 0.32 1.00 0.08 0.15 0.32 1.00 0.07 0.15 0.32 1.00 0.10 0.31 0.32 1.00 0.14 0.32 0.32 1.00 0.13 0.32 0.32 1.00 0.15 0.49 0.73 1.00 0.15 0.51 0.73 1.00 0.04 0.13 0.32 1.00 0.03 0.13 0.30 1.00 0.15 0.53 0.73 1.00 0.03 0.14 0.31 1.00 0.05 0.18 0.32 1.00 0.03 0.07 0.21 1.00 0.14 0.33 0.73 1.00 0.14 0.34 0.73 1.00 0.03 0.11 0.28 1.00 0.04 0.13 0.32 1.00 0.05 0.11 0.32 1.00 0.04 0.07 0.20 1.00 0.04 0.19 0.32 1.00 0.04 0.13 0.25 1.00 0.04 0.18 0.27 1.00 0.04 0.13 0.25 1.00 0.04 0.11 0.32 1.00 0.04 0.07 0.19 1.00 0.01 0.05 0.12 1.00 0.02 0.05 0.12 1.00 0.03 0.16 0.17 1.00 0.04 0.17 0.17 1.00 0.03 0.10 0.17 1.00 0.03 0.11 0.17 1.00 0.01 0.04 0.11 1.00 0.02 0.05 0.13 1.00 0.03 0.11 0.17 1.00 0.02 0.05 0.13 1.00 0.02 0.08 0.17 1.00 0.01 0.03 0.06 1.00 0.01 0.02 0.09 1.00 0.03 0.06 0.17 1.00 0.01 0.03 0.09 1.00 0.03 0.10 0.17 1.00 0.01 0.03 0.09 1.00 0.02 0.06 0.17 1.00 0.01 0.03 0.06 1.00 0.03 0.15 0.17 1.00 0.01 0.05 0.11 1.00 0.06 0.23 0.32 1.00 0.03 0.07 0.16 1.00 0.05 0.15 0.32 1.00 0.04 0.08 0.23 1.00 0.04 0.06 0.16 1.00 0.04 0.08 0.23 1.00 0.04 0.06 0.16 1.00 0.08 0.28 0.32 1.00 0.13 0.32 0.32 1.00 0.13 0.32 0.32 1.00 0.13 0.32 0.32 1.00 0.13 0.32 0.32 1.00 0.09 0.21 0.32 1.00 0.12 0.32 0.32 1.00 0.12 0.32 0.32 1.00 0.13 0.32 0.32 1.00 0.13 0.32 0.32 1.00 0.08 0.19 0.19 1.00 0.08 0.19 0.19 1.00 0.00 0.00 0.00 1.00 0.00 0.00 0.00 1.00 0.07 0.19 0.19 1.00 0.00 0.00 0.00 1.00 0.07 0.19 0.19 1.00 0.07 0.19 0.19 1.00 0.00 0.00 0.00 1.00 0.00 0.00 0.00 1.00 0.07 0.19 0.19 1.00 0.00 0.00 0.00 1.00 0.07 0.19 0.19 1.00 0.08 0.19 0.19 1.00 0.00 0.00 0.00 1.00 0.00 0.00 0.00 1.00 0.08 0.19 0.19 1.00 0.00 0.00 0.00 1.00 0.08 0.19 0.19 1.00 0.08 0.19 0.19 1.00 0.00 0.00 0.00 1.00 0.00 0.00 0.00 1.00 0.08 0.19 0.19 1.00 0.08 0.19 0.19 1.00 0.00 0.00 0.00 1.00 0.00 0.00 0.00 1.00 0.08 0.19 0.19 1.00 0.00 0.00 0.00 1.00 0.07 0.19 0.19 1.00 0.00 0.00 0.00 1.00 0.07 0.19 0.19 1.00 0.00 0.00 0.00 1.00 0.12 0.28 0.68 1.00 0.08 0.15 0.32 1.00 0.07 0.15 0.32 1.00 0.13 0.30 0.68 1.00 0.05 0.24 0.32 1.00 0.11 0.32 0.32 1.00 0.01 0.03 0.07 1.00 0.03 0.09 0.17 1.00 0.01 0.03 0.09 1.00 0.03 0.11 0.17 1.00 0.14 0.34 0.73 1.00 0.04 0.14 0.32 1.00 0.03 0.07 0.20 1.00 0.05 0.18 0.32 1.00 0.06 0.23 0.32 1.00 0.03 0.07 0.16 1.00 0.03 0.06 0.17 1.00 0.01 0.02 0.09 1.00 0.01 0.03 0.09 1.00 0.14 0.32 0.32 1.00 0.13 0.31 0.32 1.00 0.14 0.32 0.32 1.00 0.01 0.04 0.09 1.00 0.02 0.07 0.17 1.00 0.05 0.15 0.32 1.00 0.05 0.10 0.29 1.00 0.05 0.10 0.29 1.00 0.11 0.22 0.32 1.00 0.13 0.32 0.32 1.00 0.12 0.32 0.32 1.00 0.07 0.15 0.32 1.00 0.07 0.15 0.32 1.00 0.03 0.06 0.17 1.00 0.18 0.49 1.00 1.00 0.19 0.51 1.00 1.00 0.20 0.40 1.00 1.00 0.22 0.43 1.00 1.00 0.19 0.52 1.00 1.00 0.19 0.50 1.00 1.00 0.22 0.46 1.00 1.00 0.21 0.42 1.00 1.00 0.19 0.51 1.00 1.00 0.18 0.49 1.00 1.00 0.18 0.54 1.00 1.00 0.17 0.53 1.00 1.00 0.19 0.50 1.00 1.00 0.19 0.52 1.00 1.00 0.17 0.54 1.00 1.00 0.18 0.54 1.00 1.00 0.09 0.28 0.78 1.00 0.09 0.28 0.80 1.00 0.17 0.60 1.00 1.00 0.17 0.59 1.00 1.00 0.09 0.28 0.81 1.00 0.09 0.28 0.79 1.00 0.17 0.60 1.00 1.00 0.17 0.61 1.00 1.00 0.18 0.54 1.00 1.00 0.17 0.53 1.00 1.00 0.17 0.59 1.00 1.00 0.17 0.60 1.00 1.00 0.17 0.54 1.00 1.00 0.18 0.54 1.00 1.00 0.17 0.61 1.00 1.00 0.17 0.60 1.00 1.00 0.24 0.61 1.00 1.00 0.22 0.43 1.00 1.00 0.20 0.53 1.00 1.00 0.19 0.51 1.00 1.00 0.17 0.60 1.00 1.00 0.17 0.59 1.00 1.00 0.09 0.28 0.81 1.00 0.09 0.22 0.78 1.00 0.19 0.52 1.00 1.00 0.20 0.54 1.00 1.00 0.18 0.54 1.00 1.00 0.18 0.55 1.00 1.00 0.20 0.54 1.00 1.00 0.18 0.55 1.00 1.00 0.18 0.55 1.00 1.00 0.18 0.55 1.00 1.00 0.18 0.54 1.00 1.00 0.17 0.58 1.00 1.00 0.17 0.59 1.00 1.00 0.22 0.46 1.00 1.00 0.24 0.63 1.00 1.00 0.24 0.63 1.00 1.00 0.17 0.58 1.00 1.00 0.17 0.59 1.00 1.00 0.09 0.22 0.78 1.00 0.09 0.28 0.80 1.00 0.17 0.59 1.00 1.00 0.09 0.22 0.78 1.00 0.18 0.55 1.00 1.00 0.17 0.59 1.00 1.00 0.18 0.54 1.00 1.00 0.18 0.54 1.00 1.00 0.18 0.55 1.00 1.00 0.17 0.60 1.00 1.00 0.17 0.59 1.00 1.00 0.06 0.15 0.32 1.00 0.06 0.18 0.32 1.00 0.16 0.39 1.00 1.00 0.16 0.46 1.00 1.00 0.11 0.28 0.81 1.00 0.16 0.46 1.00 1.00 0.06 0.20 0.35 1.00 0.16 0.35 1.00 1.00 0.16 0.35 1.00 1.00 0.16 0.45 1.00 1.00 0.16 0.45 1.00 1.00 0.16 0.32 0.99 1.00 0.16 0.38 1.00 1.00 0.06 0.14 0.32 1.00 0.06 0.17 0.32 1.00 0.19 0.27 0.67 1.00 0.20 0.29 0.73 1.00 0.18 0.53 1.00 1.00 0.18 0.55 1.00 1.00 0.16 0.54 1.00 1.00 0.16 0.32 0.99 1.00 0.16 0.44 1.00 1.00 0.09 0.16 0.45 1.00 0.01 0.01 0.03 1.00 0.00 0.00 0.00 1.00 0.04 0.05 0.07 1.00 0.09 0.16 0.45 1.00 0.00 0.00 0.00 1.00 0.16 0.33 1.00 1.00 0.19 0.22 0.29 1.00 0.19 0.22 0.29 1.00 0.21 0.25 0.35 1.00 0.20 0.30 0.76 1.00 0.18 0.55 1.00 1.00 0.16 0.41 1.00 1.00 0.04 0.05 0.07 1.00 0.16 0.33 1.00 1.00 0.04 0.05 0.07 1.00 0.16 0.44 1.00 1.00 0.16 0.44 1.00 1.00 0.16 0.53 1.00 1.00 0.16 0.55 1.00 1.00 0.19 0.27 0.61 1.00 0.09 0.10 0.13 1.00 0.11 0.28 0.82 1.00 0.16 0.41 1.00 1.00 0.16 0.44 1.00 1.00 0.16 0.53 1.00 1.00 0.06 0.19 0.35 1.00 0.01 0.02 0.04 1.00 0.20 0.24 0.33 1.00 0.20 0.24 0.32 1.00 0.20 0.23 0.30 1.00 0.19 0.22 0.28 1.00 0.09 0.10 0.13 1.00 0.19 0.22 0.28 1.00 0.16 0.16 0.16 1.00 0.16 0.16 0.16 1.00 0.16 0.23 0.53 1.00 0.16 0.20 0.36 1.00 0.26 0.58 1.00 1.00 0.27 0.53 1.00 1.00 0.26 0.58 1.00 1.00 0.26 0.53 1.00 1.00 0.23 0.38 1.00 1.00 0.22 0.42 1.00 1.00 0.24 0.47 1.00 1.00 0.24 0.49 1.00 1.00 0.24 0.45 1.00 1.00 0.23 0.48 1.00 1.00 0.22 0.37 1.00 1.00 0.21 0.40 1.00 1.00 0.24 0.36 1.00 1.00 0.24 0.37 1.00 1.00 0.25 0.44 1.00 1.00 0.25 0.44 1.00 1.00 0.24 0.42 1.00 1.00 0.24 0.42 1.00 1.00 0.22 0.35 1.00 1.00 0.22 0.35 1.00 1.00 0.26 0.51 1.00 1.00 0.25 0.56 1.00 1.00 0.26 0.51 1.00 1.00 0.25 0.56 1.00 1.00 0.23 0.44 1.00 1.00 0.24 0.39 1.00 1.00 0.24 0.51 1.00 1.00 0.25 0.47 1.00 1.00 0.27 0.72 1.00 1.00 0.27 0.72 1.00 1.00 0.27 0.72 1.00 1.00 0.27 0.72 1.00 1.00 0.24 0.49 1.00 1.00 0.24 0.45 1.00 1.00 0.21 0.41 1.00 1.00 0.22 0.38 1.00 1.00 0.16 0.16 0.16 1.00 0.16 0.16 0.16 1.00 0.16 0.20 0.36 1.00 0.16 0.23 0.53 1.00 0.16 0.16 0.16 1.00 0.16 0.16 0.16 1.00 0.16 0.16 0.16 1.00 0.16 0.16 0.16 1.00 0.16 0.16 0.16 1.00 0.16 0.16 0.16 1.00 0.16 0.16 0.16 1.00 0.16 0.23 0.51 1.00 0.16 0.27 0.75 1.00 0.16 0.32 0.98 1.00 0.22 0.41 1.00 1.00 0.23 0.40 1.00 1.00 0.28 0.62 1.00 1.00 0.26 0.60 1.00 1.00 0.27 0.75 1.00 1.00 0.23 0.59 1.00 1.00 0.27 0.62 1.00 1.00 0.24 0.61 1.00 1.00 0.29 0.64 1.00 1.00 0.29 0.79 1.00 1.00 0.26 0.59 1.00 1.00 0.29 0.62 1.00 1.00 0.24 0.63 1.00 1.00 0.30 0.86 1.00 1.00 0.25 0.47 1.00 1.00 0.22 0.33 1.00 1.00 0.22 0.45 1.00 1.00 0.20 0.37 1.00 1.00 0.16 0.27 0.75 1.00 0.22 0.40 1.00 1.00 0.16 0.29 0.82 1.00 0.21 0.32 0.95 1.00 0.28 0.60 1.00 1.00 0.29 0.82 1.00 1.00 0.25 0.58 1.00 1.00 0.24 0.63 1.00 1.00 0.29 0.62 1.00 1.00 0.29 0.64 1.00 1.00 0.28 0.84 1.00 1.00 0.29 0.86 1.00 1.00 0.25 0.47 1.00 1.00 0.21 0.38 1.00 1.00 0.25 0.47 1.00 1.00 0.21 0.37 1.00 1.00 0.22 0.40 1.00 1.00 0.22 0.41 1.00 1.00 0.20 0.36 1.00 1.00 0.20 0.36 1.00 1.00 0.28 0.62 1.00 1.00 0.28 0.83 1.00 1.00 0.28 0.60 1.00 1.00 0.27 0.80 1.00 1.00 0.25 0.58 1.00 1.00 0.28 0.60 1.00 1.00 0.23 0.56 1.00 1.00 0.27 0.74 1.00 1.00 0.29 0.62 1.00 1.00 0.29 0.78 1.00 1.00 0.26 0.59 1.00 1.00 0.24 0.58 1.00 1.00 0.29 0.64 1.00 1.00 0.27 0.62 1.00 1.00 0.30 0.87 1.00 1.00 0.25 0.66 1.00 1.00 0.22 0.47 1.00 1.00 0.20 0.38 1.00 1.00 0.25 0.47 1.00 1.00 0.22 0.34 1.00 1.00 0.28 0.60 1.00 1.00 0.28 0.62 1.00 1.00 0.26 0.73 1.00 1.00 0.27 0.74 1.00 1.00 0.29 0.64 1.00 1.00 0.28 0.78 1.00 1.00 0.29 0.62 1.00 1.00 0.27 0.76 1.00 1.00 0.22 0.41 1.00 1.00 0.16 0.27 0.75 1.00 0.21 0.32 0.94 1.00 0.19 0.37 1.00 1.00 0.26 0.60 1.00 1.00 0.25 0.65 1.00 1.00 0.28 0.62 1.00 1.00 0.29 0.83 1.00 1.00 0.16 0.16 0.16 1.00 0.16 0.16 0.16 1.00 0.16 0.23 0.51 1.00 0.16 0.16 0.16 1.00 0.22 0.40 1.00 1.00 0.23 0.40 1.00 1.00 0.16 0.27 0.75 1.00 0.16 0.32 0.98 1.00 0.16 0.16 0.16 1.00 0.16 0.16 0.16 1.00 0.16 0.16 0.16 1.00 0.16 0.16 0.16 1.00 0.22 0.41 1.00 1.00 0.22 0.45 1.00 1.00 0.22 0.40 1.00 1.00 0.22 0.44 1.00 1.00 0.16 0.16 0.16 1.00 0.16 0.25 0.65 1.00 0.16 0.23 0.53 1.00 0.19 0.31 0.95 1.00 0.29 0.91 1.00 1.00 0.28 0.66 1.00 1.00 0.29 0.67 1.00 1.00 0.30 0.71 1.00 1.00 0.25 0.50 1.00 1.00 0.25 0.53 1.00 1.00 0.25 0.54 1.00 1.00 0.25 0.51 1.00 1.00 0.24 0.50 1.00 1.00 0.24 0.51 1.00 1.00 0.24 0.51 1.00 1.00 0.24 0.49 1.00 1.00 0.27 0.71 1.00 1.00 0.27 0.71 1.00 1.00 0.26 0.50 1.00 1.00 0.26 0.50 1.00 1.00 0.25 0.47 1.00 1.00 0.25 0.47 1.00 1.00 0.25 0.67 1.00 1.00 0.25 0.66 1.00 1.00 0.27 0.64 1.00 1.00 0.29 0.87 1.00 1.00 0.29 0.88 1.00 1.00 0.28 0.64 1.00 1.00 0.26 0.56 1.00 1.00 0.26 0.53 1.00 1.00 0.25 0.53 1.00 1.00 0.25 0.55 1.00 1.00 0.31 0.91 1.00 1.00 0.31 0.92 1.00 1.00 0.31 0.93 1.00 1.00 0.31 0.93 1.00 1.00 0.24 0.52 1.00 1.00 0.24 0.51 1.00 1.00 0.24 0.50 1.00 1.00 0.24 0.52 1.00 1.00 0.16 0.25 0.65 1.00 0.16 0.16 0.16 1.00 0.19 0.31 0.94 1.00 0.16 0.23 0.53 1.00 0.16 0.16 0.16 1.00 0.16 0.16 0.16 1.00 0.19 0.28 0.75 1.00 0.19 0.28 0.76 1.00 0.28 0.35 0.60 1.00 0.16 0.16 0.16 1.00 0.16 0.30 0.88 1.00 0.16 0.24 0.58 1.00 0.09 0.16 0.44 1.00 0.16 0.32 0.96 1.00 0.16 0.27 0.75 1.00 0.16 0.24 0.59 1.00 0.16 0.28 0.76 1.00 0.16 0.30 0.89 1.00 0.16 0.32 0.97 1.00 0.16 0.34 1.00 1.00 0.09 0.16 0.44 1.00 0.09 0.18 0.54 1.00 0.16 0.66 1.00 1.00 0.16 0.48 1.00 1.00 0.16 0.50 1.00 1.00 0.16 0.41 1.00 1.00 0.16 0.65 1.00 1.00 0.16 0.48 1.00 1.00 0.16 0.53 1.00 1.00 0.16 0.43 1.00 1.00 0.16 0.49 1.00 1.00 0.16 0.56 1.00 1.00 0.16 0.78 1.00 1.00 0.18 0.40 1.00 1.00 0.22 0.29 0.49 1.00 0.18 0.41 1.00 1.00 0.24 0.37 0.99 1.00 0.10 0.13 0.18 1.00 0.09 0.11 0.15 1.00 0.22 0.34 0.87 1.00 0.22 0.27 0.45 1.00 0.18 0.40 1.00 1.00 0.18 0.39 1.00 1.00 0.16 0.57 1.00 1.00 0.16 0.80 1.00 1.00 0.16 0.34 1.00 1.00 0.16 0.29 0.84 1.00 0.30 0.42 0.69 1.00 0.26 0.35 0.55 1.00 0.25 0.33 0.51 1.00 0.22 0.27 0.38 1.00 0.25 0.33 0.51 1.00 0.10 0.12 0.16 1.00 0.23 0.30 0.44 1.00 0.10 0.13 0.18 1.00 0.25 0.32 0.49 1.00 0.27 0.38 0.61 1.00 0.24 0.32 0.49 1.00 0.33 0.48 0.82 1.00 0.09 0.11 0.15 1.00 0.10 0.13 0.18 1.00 0.09 0.18 0.53 1.00 0.07 0.13 0.33 1.00 0.16 0.41 1.00 1.00 0.09 0.18 0.54 1.00 0.09 0.16 0.44 1.00 0.16 0.43 1.00 1.00 0.18 0.43 1.00 1.00 0.16 0.67 1.00 1.00 0.16 0.54 1.00 1.00 0.16 0.68 1.00 1.00 0.20 0.28 0.61 1.00 0.10 0.12 0.16 1.00 0.09 0.11 0.14 1.00 0.18 0.42 1.00 1.00 0.20 0.27 0.58 1.00 0.10 0.12 0.16 1.00 0.11 0.13 0.18 1.00 0.11 0.13 0.19 1.00 0.16 0.31 0.94 1.00 0.07 0.13 0.33 1.00 0.09 0.18 0.53 1.00 0.09 0.16 0.44 1.00 0.11 0.13 0.19 1.00 0.17 0.31 0.98 1.00 0.16 0.31 0.94 1.00 0.16 0.33 1.00 1.00 0.16 0.29 0.85 1.00 0.07 0.13 0.33 1.00 0.09 0.11 0.13 1.00 0.17 0.32 1.00 1.00 0.17 0.33 1.00 1.00 0.07 0.13 0.33 1.00 0.21 0.25 0.35 1.00 0.29 0.42 0.68 1.00 0.23 0.30 0.44 1.00 0.25 0.32 0.49 1.00 0.11 0.13 0.20 1.00 0.21 0.25 0.34 1.00 0.20 0.24 0.31 1.00 0.16 0.16 0.16 1.00 0.09 0.11 0.14 1.00 0.18 0.19 0.22 1.00 0.19 0.22 0.28 1.00 0.09 0.11 0.13 1.00 0.18 0.19 0.22 1.00 0.16 0.16 0.16 1.00 0.16 0.17 0.18 1.00 0.17 0.18 0.19 1.00 0.37 0.92 1.00 1.00 0.38 1.00 1.00 1.00 0.45 0.75 1.00 1.00 0.43 0.84 1.00 1.00 0.35 0.82 1.00 1.00 0.44 1.00 1.00 1.00 0.37 1.00 1.00 1.00 0.38 1.00 1.00 1.00 0.40 1.00 1.00 1.00 0.41 1.00 1.00 1.00 0.41 1.00 1.00 1.00 0.40 1.00 1.00 1.00 0.38 1.00 1.00 1.00 0.36 1.00 1.00 1.00 0.35 0.98 1.00 1.00 0.33 0.77 1.00 1.00 0.42 0.80 1.00 1.00 0.44 0.74 1.00 1.00 0.46 0.73 1.00 1.00 0.37 0.89 1.00 1.00 0.39 1.00 1.00 1.00 0.41 1.00 1.00 1.00 0.42 1.00 1.00 1.00 0.43 1.00 1.00 1.00 0.44 1.00 1.00 1.00 0.44 1.00 1.00 1.00 0.43 1.00 1.00 1.00 0.42 1.00 1.00 1.00 0.40 1.00 1.00 1.00 0.39 1.00 1.00 1.00 0.38 1.00 1.00 1.00 0.37 0.96 1.00 1.00 0.37 0.91 1.00 1.00 0.18 0.19 0.22 1.00 0.18 0.19 0.22 1.00 0.16 0.17 0.18 1.00 0.16 0.16 0.16 1.00 0.16 0.16 0.16 1.00 0.16 0.16 0.16 1.00 0.16 0.17 0.18 1.00 0.16 0.16 0.16 1.00 0.17 0.18 0.19 1.00 0.19 0.22 0.28 1.00 0.17 0.19 0.22 1.00 0.19 0.22 0.28 1.00 0.16 0.17 0.18 1.00 0.19 0.22 0.28 1.00 0.20 0.23 0.31 1.00 0.20 0.23 0.30 1.00 0.19 0.22 0.28 1.00 0.18 0.19 0.22 1.00 0.19 0.22 0.29 1.00 0.20 0.24 0.33 1.00 0.20 0.24 0.32 1.00 0.17 0.18 0.19 1.00 0.16 0.16 0.16 1.00 0.16 0.16 0.16 1.00 0.16 0.16 0.16 1.00 0.17 0.18 0.19 1.00 0.16 0.37 1.00 1.00 0.16 0.42 1.00 1.00 0.07 0.12 0.33 1.00 0.16 0.44 1.00 1.00 0.07 0.13 0.35 1.00 0.16 0.44 1.00 1.00 0.21 0.49 1.00 1.00 0.07 0.13 0.34 1.00 0.07 0.13 0.35 1.00 0.22 0.69 1.00 1.00 0.04 0.06 0.15 1.00 0.16 0.23 0.51 1.00 0.16 0.28 0.78 1.00 0.16 0.23 0.51 1.00 0.16 0.23 0.51 1.00 0.00 0.00 0.00 1.00 0.00 0.00 0.00 1.00 0.16 0.28 0.78 1.00 0.21 0.37 1.00 1.00 0.00 0.00 0.00 1.00 0.00 0.00 0.00 1.00 0.21 0.37 1.00 1.00 0.02 0.03 0.06 1.00 0.16 0.34 1.00 1.00 0.22 0.55 1.00 1.00 0.22 0.66 1.00 1.00 0.09 0.17 0.50 1.00 0.09 0.21 0.52 1.00 0.09 0.21 0.52 1.00 0.22 0.66 1.00 1.00 0.22 0.73 1.00 1.00 0.09 0.22 0.52 1.00 0.16 0.44 1.00 1.00 0.09 0.22 0.52 1.00 0.22 0.69 1.00 1.00 0.09 0.22 0.52 1.00 0.09 0.22 0.52 1.00 0.22 0.67 1.00 1.00 0.21 0.52 1.00 1.00 0.21 0.38 1.00 1.00 0.21 0.38 1.00 1.00 0.21 0.32 0.96 1.00 0.21 0.38 1.00 1.00 0.21 0.38 1.00 1.00 0.22 0.53 1.00 1.00 0.22 0.68 1.00 1.00 0.22 0.68 1.00 1.00 0.22 0.74 1.00 1.00 0.22 0.67 1.00 1.00 0.22 0.74 1.00 1.00 0.20 0.57 1.00 1.00 0.21 0.66 1.00 1.00 0.37 1.00 1.00 1.00 0.09 0.19 0.64 1.00 0.15 0.40 1.00 1.00 0.00 0.00 0.00 1.00 0.19 0.40 1.00 1.00 0.18 0.24 0.55 1.00 0.00 0.00 0.00 1.00 0.00 0.00 0.00 1.00 0.18 0.24 0.55 1.00 0.18 0.19 0.23 1.00 0.00 0.00 0.00 1.00 0.19 0.25 0.57 1.00 0.00 0.00 0.00 1.00 0.09 0.20 0.71 1.00 0.19 0.25 0.57 1.00 0.20 0.41 1.00 1.00 0.50 1.00 1.00 1.00 0.15 0.42 1.00 1.00 0.15 0.49 1.00 1.00 0.15 0.42 1.00 1.00 0.21 0.58 1.00 1.00 0.15 0.40 1.00 1.00 0.16 0.30 0.87 1.00 0.16 0.34 1.00 1.00 0.09 0.17 0.50 1.00 0.02 0.03 0.06 1.00 0.16 0.23 0.51 1.00 0.16 0.16 0.16 1.00 0.04 0.06 0.15 1.00 0.00 0.00 0.00 1.00 0.21 0.52 1.00 1.00 0.22 0.67 1.00 1.00 0.20 0.57 1.00 1.00 0.22 0.67 1.00 1.00 0.21 0.38 1.00 1.00 0.21 0.38 1.00 1.00 0.21 0.32 0.96 1.00 0.21 0.38 1.00 1.00 0.22 0.53 1.00 1.00 0.21 0.38 1.00 1.00 0.22 0.68 1.00 1.00 0.21 0.58 1.00 1.00 0.22 0.68 1.00 1.00 0.09 0.17 0.49 1.00 0.16 0.52 1.00 1.00 0.09 0.27 0.67 1.00 0.10 0.23 0.76 1.00 0.00 0.00 0.00 1.00 0.20 0.24 0.33 1.00 0.18 0.20 0.29 1.00 0.08 0.18 0.64 1.00 0.41 0.48 0.74 1.00 0.19 0.39 1.00 1.00 0.00 0.00 0.00 1.00 0.05 0.06 0.11 1.00 0.06 0.12 0.36 1.00 </float_array>
                    <technique_common>
                        <accessor source="#geom-023F1D51-colors-array" count="1176" stride="4">
                            <param name="R" type="float" />
                            <param name="G" type="float" />
                            <param name="B" type="float" />
                            <param name="A" type="float" />
                        </accessor>
                    </technique_common>
                </source>
                <vertices id="geom-023F1D51-vtx">
                    <input semantic="POSITION" source="#geom-023F1D51-pos" />
                </vertices>
                <triangles count="255" material="material-03D4E547-symbol">
                    <input semantic="VERTEX" source="#geom-023F1D51-vtx" offset="0" />
                    <input semantic="TEXCOORD" source="#geom-023F1D51-texcoord" offset="0" />
                    <input semantic="COLOR" source="#geom-023F1D51-colors" offset="0" />
                    <p>0 1 2 2 1 3 1 104 3 3 104 105 4 5 6 6 21 4 23 21 6 22 21 23 20 21 22 97 20 22 96 20 97 6 5 7 7 5 100 100 5 101 8 9 10 8 10 46 46 10 47 10 9 11 12 13 14 13 12 50 50 12 51 14 13 15 16 17 18 18 17 19 17 54 19 19 54 55 24 25 26 25 24 102 102 24 103 26 25 27 28 29 30 29 28 98 98 28 99 30 29 31 31 32 30 30 32 33 32 59 33 33 59 58 58 59 60 60 59 61 34 35 36 34 48 35 35 48 49 36 35 37 38 39 40 39 38 56 56 38 57 40 39 41 42 43 44 44 43 45 43 52 45 45 52 53 62 63 64 62 64 88 62 88 89 89 88 91 90 89 91 65 66 63 63 66 64 67 68 69 68 67 74 67 73 74 72 74 73 71 72 73 71 87 72 86 87 71 68 70 69 70 65 69 75 76 77 77 76 78 76 84 78 78 84 85 85 84 79 79 81 85 79 80 81 81 80 82 80 83 82 92 93 94 94 93 95 95 107 94 106 107 95 113 107 106 112 107 113 108 109 110 110 109 111 </p>
                </triangles>
            </mesh>
        </geometry>
        <geometry id="geom-003807E0" name="geom-003807E0">
            <mesh>
                <source id="geom-003807E0-pos">
                    <float_array id="geom-003807E0-pos-array" count="3186">4052.00 -20.00 -705.00 4052.00 40.00 -705.00 4052.00 -20.00 -724.51 4052.00 40.00 -724.51 4052.00 100.00 -955.49 4052.00 100.00 -975.00 4052.00 40.00 -955.49 4052.00 40.00 -975.00 3602.00 0.00 -960.00 3602.00 -20.00 -960.00 3692.00 0.00 -960.00 3692.00 -20.00 -960.00 3752.00 0.00 -1020.00 3752.00 -20.00 -1020.00 3812.00 0.00 -1080.00 3812.00 -20.00 -1080.00 3932.00 0.00 -1080.00 3932.00 -20.00 -1080.00 4052.00 -20.00 -1080.00 4052.00 40.00 -1027.50 4052.00 0.00 -1080.00 4052.00 60.00 -1027.50 4052.00 120.00 -975.00 4052.00 100.00 -975.00 4052.00 120.00 -907.50 4052.00 100.00 -907.50 4052.00 120.00 -705.00 4052.00 100.00 -705.00 4052.00 60.00 -652.50 4052.00 40.00 -652.50 3932.00 0.00 -600.00 3932.00 -20.00 -600.00 3812.00 0.00 -600.00 3812.00 -20.00 -600.00 3752.00 0.00 -660.00 3752.00 -20.00 -660.00 3692.00 0.00 -720.00 3692.00 -20.00 -720.00 3602.00 0.00 -720.00 3602.00 -20.00 -720.00 3512.00 0.00 -720.00 3512.00 -20.00 -720.00 4052.00 -100.00 -724.51 4052.00 -100.00 -705.00 4052.00 -100.00 -975.00 4052.00 -100.00 -955.49 4052.00 -20.00 -975.00 4052.00 -20.00 -955.49 3512.00 0.00 -840.00 3512.00 -20.00 -840.00 3512.00 0.00 -907.50 3512.00 -20.00 -907.50 4052.00 0.00 -1080.00 4052.00 -20.00 -1080.00 4052.00 0.00 -600.00 4052.00 -20.00 -600.00 3512.00 0.00 -960.00 3512.00 -20.00 -960.00 4052.00 -210.00 -975.00 4052.00 -210.00 -955.49 4052.00 -180.00 -975.00 4052.00 -146.84 -955.49 4052.00 -146.84 -975.00 4052.00 -146.84 -705.00 4052.00 -146.84 -724.51 4052.00 -180.00 -705.00 4052.00 -210.00 -724.51 4052.00 -210.00 -705.00 4052.00 -146.84 -724.51 4052.00 -146.84 -705.00 4052.00 120.00 -840.00 4052.00 100.00 -840.00 4052.00 120.00 -772.50 4052.00 100.00 -772.50 3512.00 0.00 -960.00 3512.00 -20.00 -960.00 4052.00 120.00 -705.00 4052.00 100.00 -705.00 4052.00 -146.84 -975.00 4052.00 -146.84 -955.49 4052.00 100.00 -724.51 4052.00 100.00 -705.00 4052.00 0.00 -600.00 4052.00 -20.00 -600.00 4052.00 100.00 -975.00 4052.00 120.00 -975.00 3512.00 0.00 -720.00 3512.00 -20.00 -720.00 3512.00 0.00 -750.17 3512.00 -20.00 -766.77 3512.00 -20.00 -827.75 3633.00 -9.54 -817.46 3605.69 17.00 -806.19 3664.00 0.00 -834.00 3647.00 -9.54 -762.46 3601.82 10.94 -764.81 3602.00 -11.09 -751.00 3602.00 -11.09 -751.00 3601.82 10.94 -764.81 3515.89 0.25 -761.68 3511.10 24.18 -777.91 3525.03 19.88 -815.17 3515.89 0.25 -821.68 3449.14 59.16 -849.98 3440.51 47.22 -863.38 3515.89 0.25 -761.68 3511.10 24.18 -777.91 3440.51 47.22 -803.38 3448.54 62.62 -816.59 3515.89 0.25 -821.68 3525.03 19.88 -815.17 3602.00 -11.09 -811.00 3605.69 17.00 -806.19 3602.00 -33.62 -802.00 3512.57 -20.98 -812.68 3602.00 -11.09 -811.00 3515.89 0.25 -821.68 3511.15 -29.75 -791.68 3431.02 18.76 -833.38 3512.57 -20.98 -812.68 3433.87 27.30 -854.38 3512.57 -20.98 -770.68 3433.87 27.30 -812.38 3515.89 0.25 -761.68 3440.51 47.22 -803.38 3515.89 0.25 -821.68 3440.51 47.22 -863.38 3602.00 -42.62 -781.00 3511.15 -29.75 -791.68 3602.00 -33.62 -760.00 3512.57 -20.98 -770.68 3515.89 0.25 -761.68 3602.00 -11.09 -751.00 3602.00 -11.09 -811.00 3692.00 0.00 -784.00 3860.00 115.42 -898.62 3908.00 120.00 -883.00 3870.50 100.47 -889.70 3921.16 106.03 -876.43 3824.97 89.98 -901.00 3824.97 77.39 -881.99 3873.00 89.17 -872.20 3824.97 89.94 -864.83 3866.00 99.94 -858.12 3827.39 96.36 -855.38 3861.00 115.42 -853.12 3823.61 105.45 -855.60 3787.00 63.47 -897.18 3778.00 85.50 -904.60 3824.97 89.98 -901.00 3818.40 104.45 -908.83 3685.00 -24.00 -834.00 3692.00 0.00 -844.00 3753.00 30.00 -884.00 3728.00 36.00 -879.00 3789.79 56.08 -880.31 3753.00 30.00 -884.00 3761.91 30.58 -866.38 3761.91 30.58 -866.38 3698.00 -25.00 -818.00 3755.98 38.26 -848.64 3786.32 62.58 -862.42 3755.98 38.26 -848.64 3697.48 -17.56 -800.10 3772.50 80.00 -852.10 3749.00 57.00 -841.00 3749.00 57.00 -841.00 3695.76 -9.59 -784.82 3692.00 0.00 -784.00 3685.00 -24.00 -834.00 3643.50 -35.09 -812.96 3664.00 0.00 -834.00 3633.00 -9.54 -817.46 3650.00 -40.09 -794.46 3602.00 -33.62 -802.00 3602.00 -42.62 -781.00 3649.50 -31.59 -773.46 3602.00 -33.62 -760.00 3647.00 -9.54 -762.46 3602.00 -11.09 -751.00 3782.49 61.18 -786.54 3809.43 84.52 -813.48 3776.59 69.87 -783.87 3803.80 95.21 -811.55 3806.52 77.10 -821.00 3827.39 96.36 -855.38 3824.97 89.94 -864.83 3766.18 64.38 -802.74 3787.65 86.51 -825.73 3774.37 58.30 -805.57 3795.57 77.66 -826.33 3796.00 103.00 -853.83 3801.61 88.38 -857.65 3787.65 86.51 -825.73 3762.26 37.88 -779.32 3753.56 44.15 -775.76 3739.87 18.10 -777.78 3730.52 25.34 -773.78 3695.76 -9.59 -784.82 3692.00 0.00 -784.00 3736.54 19.95 -800.86 3697.48 -17.56 -800.10 3705.44 0.58 -803.44 3758.76 38.07 -799.58 3752.06 46.15 -797.76 3602.00 -11.09 -811.00 3698.00 -25.00 -818.00 3697.48 -17.56 -800.10 3695.76 -9.59 -784.82 3692.00 0.00 -784.00 3744.00 51.00 -891.00 3824.97 77.39 -881.99 3824.97 89.94 -864.83 3801.61 88.38 -857.65 3796.00 103.00 -853.83 3924.89 93.97 -857.00 3925.60 97.78 -867.07 3818.40 104.45 -908.83 3917.71 97.23 -847.61 3910.03 103.55 -844.22 3892.00 120.00 -845.00 3781.30 55.68 -797.74 3764.18 33.45 -790.76 3742.56 15.41 -790.72 3823.61 105.45 -855.60 3712.00 19.00 -803.00 3729.27 27.95 -800.35 4003.68 -244.40 -857.27 3993.91 -244.40 -871.91 4003.64 -210.00 -857.25 3993.88 -210.00 -871.88 3979.27 -244.40 -881.69 3979.25 -210.00 -881.65 3979.27 -244.40 -881.69 3962.00 -244.40 -885.12 3979.25 -210.00 -881.65 3962.00 -210.00 -885.08 3962.00 -244.40 -885.12 3944.73 -244.40 -881.69 3944.75 -210.00 -881.65 3944.73 -244.40 -881.69 3930.09 -244.40 -871.91 3944.75 -210.00 -881.65 3930.12 -210.00 -871.88 3920.31 -244.40 -857.27 3920.35 -210.00 -857.25 3920.31 -244.40 -857.27 3916.88 -244.40 -840.00 3920.35 -210.00 -857.25 3916.92 -210.00 -840.00 3920.31 -244.40 -822.73 3920.35 -210.00 -822.75 3920.31 -244.40 -822.73 3930.09 -244.40 -808.09 3920.35 -210.00 -822.75 3930.12 -210.00 -808.12 3944.73 -244.40 -798.31 3944.75 -210.00 -798.35 3944.73 -244.40 -798.31 3962.00 -244.40 -794.88 3944.75 -210.00 -798.35 3962.00 -210.00 -794.92 3979.27 -244.40 -798.31 3979.25 -210.00 -798.35 3979.27 -244.40 -798.31 3993.91 -244.40 -808.09 3979.25 -210.00 -798.35 3993.88 -210.00 -808.12 4003.68 -244.40 -822.73 4003.64 -210.00 -822.75 4003.68 -244.40 -822.73 4007.04 -244.40 -840.00 4003.64 -210.00 -822.75 4007.08 -210.00 -840.00 4003.68 -244.40 -857.27 4003.64 -210.00 -857.25 3996.16 -210.00 -840.00 3993.56 -210.00 -853.08 3993.56 -210.00 -853.08 3986.16 -210.00 -864.16 3975.08 -210.00 -871.56 3975.08 -210.00 -871.56 3962.00 -210.00 -874.16 3948.92 -210.00 -871.56 3948.92 -210.00 -871.56 3937.84 -210.00 -864.16 3930.44 -210.00 -853.08 3930.44 -210.00 -853.08 3927.84 -210.00 -840.00 3930.44 -210.00 -826.92 3930.44 -210.00 -826.92 3937.84 -210.00 -815.84 3948.92 -210.00 -808.44 3948.92 -210.00 -808.44 3962.00 -210.00 -805.84 3975.08 -210.00 -808.44 3975.08 -210.00 -808.44 3986.16 -210.00 -815.84 3993.56 -210.00 -826.92 3993.56 -210.00 -826.92 3990.92 -213.33 -851.98 3984.13 -213.33 -862.13 3973.98 -213.33 -868.92 3973.98 -213.33 -868.92 3962.00 -213.33 -871.30 3950.02 -213.33 -868.92 3950.02 -213.33 -868.92 3939.87 -213.33 -862.13 3933.08 -213.33 -851.98 3933.08 -213.33 -851.98 3930.70 -213.33 -840.00 3933.08 -213.33 -828.02 3933.08 -213.33 -828.02 3939.87 -213.33 -817.87 3950.02 -213.33 -811.08 3950.02 -213.33 -811.08 3962.00 -213.33 -808.70 3973.98 -213.33 -811.08 3973.98 -213.33 -811.08 3984.13 -213.33 -817.87 3990.92 -213.33 -828.02 3990.92 -213.33 -828.02 3993.30 -213.33 -840.00 3990.92 -213.33 -851.98 3872.00 -210.00 -975.00 3872.00 -240.00 -975.00 3872.00 -220.00 -930.00 3872.00 -240.00 -930.00 3827.00 -240.00 -930.00 3850.00 -230.00 -930.00 3872.00 -240.00 -930.00 3827.00 -230.00 -930.00 3872.00 -220.00 -930.00 3850.00 -220.00 -930.00 3872.00 -240.00 -750.00 3850.00 -230.00 -750.00 3827.00 -240.00 -750.00 3827.00 -230.00 -750.00 3872.00 -220.00 -750.00 3850.00 -220.00 -750.00 3872.00 -240.00 -705.00 3872.00 -210.00 -705.00 3872.00 -220.00 -750.00 3872.00 -240.00 -750.00 3908.79 -210.00 -771.78 3872.00 -210.00 -790.00 3872.00 -210.00 -705.00 3872.00 -210.00 -840.00 3916.51 -210.00 -858.84 3872.00 -210.00 -890.00 4015.20 -210.00 -908.22 4083.40 -210.00 -878.50 4052.00 -210.00 -955.49 3962.00 -210.00 -932.12 3943.16 -210.00 -885.50 3962.00 -210.00 -889.25 3850.00 -220.00 -840.00 3850.00 -220.00 -790.00 3872.00 -220.00 -840.00 3872.00 -220.00 -790.00 3850.00 -220.00 -890.00 3872.00 -220.00 -890.00 3850.00 -220.00 -930.00 3872.00 -220.00 -930.00 3827.00 -230.00 -840.00 3827.00 -230.00 -790.00 3850.00 -230.00 -840.00 3850.00 -230.00 -790.00 3962.00 -210.00 -975.00 3962.00 -240.00 -975.00 3872.00 -210.00 -975.00 3872.00 -240.00 -975.00 3872.00 -210.00 -705.00 3872.00 -240.00 -705.00 3962.00 -210.00 -705.00 3962.00 -240.00 -705.00 3872.00 -220.00 -890.00 3872.00 -220.00 -840.00 3872.00 -210.00 -890.00 3872.00 -210.00 -840.00 3850.00 -220.00 -840.00 3850.00 -220.00 -890.00 3850.00 -230.00 -840.00 3850.00 -230.00 -890.00 3850.00 -220.00 -790.00 3850.00 -230.00 -790.00 3850.00 -220.00 -750.00 3850.00 -230.00 -750.00 3827.00 -240.00 -856.67 3827.00 -230.00 -890.00 3827.00 -240.00 -890.00 3827.00 -230.00 -770.00 3827.00 -240.00 -770.00 3827.00 -230.00 -750.00 3827.00 -240.00 -750.00 3872.00 -210.00 -790.00 3872.00 -220.00 -790.00 3827.00 -230.00 -910.00 3850.00 -230.00 -930.00 3827.00 -230.00 -930.00 4052.00 -210.00 -975.00 4052.00 -240.00 -975.00 4052.00 -210.00 -705.00 4052.00 -240.00 -705.00 3962.00 -210.00 -747.88 3980.85 -210.00 -794.50 3962.00 -210.00 -790.75 3943.16 -210.00 -794.50 3927.18 -210.00 -805.18 4015.20 -210.00 -771.78 4007.52 -210.00 -821.16 3996.83 -210.00 -805.18 3980.85 -210.00 -885.50 3996.83 -210.00 -874.82 3927.18 -210.00 -805.18 3943.16 -210.00 -794.50 3930.09 -244.40 -808.09 3944.73 -244.40 -798.31 3962.00 -210.00 -790.75 3962.00 -244.40 -794.88 3996.83 -210.00 -805.18 4007.52 -210.00 -821.16 3993.91 -244.40 -808.09 4003.68 -244.40 -822.73 4011.16 -210.00 -840.00 4007.04 -244.40 -840.00 3996.83 -210.00 -874.82 3980.85 -210.00 -885.50 3993.91 -244.40 -871.91 3979.27 -244.40 -881.69 3962.00 -210.00 -889.25 3962.00 -244.40 -885.12 3912.76 -210.00 -840.00 3916.51 -210.00 -821.16 3916.88 -244.40 -840.00 3920.31 -244.40 -822.73 3927.18 -210.00 -874.82 3916.51 -210.00 -858.84 3930.09 -244.40 -871.91 3920.31 -244.40 -857.27 3943.16 -210.00 -885.50 3944.73 -244.40 -881.69 3980.85 -210.00 -794.50 3979.27 -244.40 -798.31 4007.52 -210.00 -858.84 4003.68 -244.40 -857.27 3962.00 -210.00 -705.00 4083.40 -210.00 -801.50 4052.00 -210.00 -724.51 3962.00 -210.00 -975.00 3872.00 -210.00 -975.00 3908.79 -210.00 -908.22 3850.00 -230.00 -930.00 3850.00 -220.00 -930.00 3827.00 -240.00 -910.00 3827.00 -230.00 -910.00 3827.00 -230.00 -890.00 3850.00 -230.00 -890.00 3872.00 -220.00 -750.00 3850.00 -220.00 -750.00 3827.00 -230.00 -770.00 3850.00 -230.00 -750.00 3827.00 -230.00 -790.00 3827.00 -240.00 -823.33 3827.00 -240.00 -790.00 3916.51 -210.00 -821.16 3912.76 -210.00 -840.00 3927.18 -210.00 -874.82 3827.00 -240.00 -930.00 3827.00 -230.00 -930.00 3827.00 -230.00 -750.00 4052.00 -210.00 -975.00 4052.00 -210.00 -705.00 4042.28 -210.00 -840.00 4007.52 -210.00 -858.84 4011.16 -210.00 -840.00 4060.16 -210.00 -724.51 4060.16 -210.00 -955.49 3827.00 -230.00 -840.00 3707.00 -240.00 -770.00 3707.00 -240.00 -790.00 3667.00 -240.00 -770.00 3667.00 -240.00 -790.00 3707.00 -240.00 -890.00 3707.00 -240.00 -910.00 3667.00 -240.00 -890.00 3667.00 -240.00 -910.00 3707.00 -240.00 -790.00 3707.00 -240.00 -770.00 3747.00 -240.00 -790.00 3747.00 -240.00 -770.00 3707.00 -240.00 -910.00 3707.00 -240.00 -890.00 3747.00 -240.00 -910.00 3747.00 -240.00 -890.00 3827.00 -240.00 -770.00 3827.00 -240.00 -790.00 3787.00 -240.00 -770.00 3787.00 -240.00 -790.00 3827.00 -240.00 -890.00 3827.00 -240.00 -910.00 3787.00 -240.00 -890.00 3787.00 -240.00 -910.00 3747.00 -240.00 -790.00 3747.00 -240.00 -770.00 3787.00 -240.00 -790.00 3787.00 -240.00 -770.00 3747.00 -240.00 -910.00 3747.00 -240.00 -890.00 3787.00 -240.00 -910.00 3787.00 -240.00 -890.00 3667.00 -240.00 -823.33 3667.00 -240.00 -790.00 3707.00 -240.00 -823.33 3707.00 -240.00 -790.00 3787.00 -240.00 -890.00 3787.00 -240.00 -856.67 3827.00 -240.00 -890.00 3827.00 -240.00 -856.67 3707.00 -240.00 -890.00 3707.00 -240.00 -856.67 3747.00 -240.00 -890.00 3747.00 -240.00 -856.67 3707.00 -240.00 -856.67 3747.00 -240.00 -856.67 3747.00 -240.00 -823.33 3747.00 -240.00 -823.33 3747.00 -240.00 -790.00 3787.00 -240.00 -823.33 3787.00 -240.00 -790.00 3667.00 -240.00 -890.00 3667.00 -240.00 -856.67 3667.00 -240.00 -856.67 3787.00 -240.00 -823.33 3787.00 -240.00 -790.00 3827.00 -240.00 -823.33 3827.00 -240.00 -790.00 3787.00 -240.00 -856.67 3827.00 -240.00 -856.67 3747.00 -240.00 -856.67 3787.00 -240.00 -856.67 3747.00 -240.00 -790.00 3747.00 -240.00 -890.00 3747.00 -240.00 -856.67 3787.00 -240.00 -890.00 3787.00 -240.00 -856.67 3932.00 0.00 -600.00 3812.00 0.00 -600.00 3932.00 60.00 -652.50 3812.00 60.00 -652.50 3692.00 0.00 -720.00 3752.00 60.00 -713.73 3752.00 0.00 -660.00 3812.00 120.00 -707.95 3812.00 120.00 -972.05 3752.00 60.00 -966.27 3812.00 60.00 -1027.50 3932.00 120.00 -973.08 3932.00 60.00 -1027.50 3932.00 0.00 -1080.00 3812.00 0.00 -1080.00 3602.00 0.00 -720.00 3602.00 0.00 -772.50 3692.00 0.00 -772.50 3692.00 0.00 -907.50 3752.00 60.00 -907.50 3932.00 120.00 -907.50 3812.00 120.00 -907.50 4052.00 60.00 -1027.50 4052.00 0.00 -1080.00 4052.00 120.00 -975.00 4052.00 120.00 -907.50 4052.00 60.00 -652.50 4052.00 120.00 -705.00 3932.00 120.00 -706.92 3512.00 0.00 -840.00 3512.00 0.00 -907.50 3602.00 0.00 -840.00 3602.00 0.00 -907.50 3692.00 0.00 -840.00 3932.00 120.00 -840.00 4052.00 120.00 -840.00 3932.00 120.00 -772.50 4052.00 120.00 -772.50 3812.00 120.00 -840.00 3812.00 120.00 -772.50 3752.00 60.00 -840.00 3752.00 60.00 -772.50 3602.00 0.00 -960.00 3512.00 0.00 -960.00 3692.00 0.00 -960.00 3932.00 120.00 -873.75 3812.00 120.00 -873.75 3752.00 60.00 -873.75 3752.00 0.00 -1020.00 4052.00 0.00 -600.00 3564.10 0.00 -818.12 3560.66 0.00 -803.17 3569.45 0.00 -772.50 3536.36 0.00 -751.50 3512.00 0.00 -720.00 3512.00 0.00 -750.17 4084.40 81.59 -898.75 4072.20 81.59 -939.17 4084.40 40.91 -898.75 4072.20 40.91 -939.17 4084.40 -73.41 -898.75 4072.16 -73.41 -939.17 4084.40 -114.09 -898.75 4072.16 -114.09 -939.17 4072.16 -150.91 -740.83 4084.40 -150.91 -781.25 4072.16 -191.59 -740.83 4084.40 -191.59 -781.25 4072.16 4.09 -740.83 4084.40 4.09 -781.25 4072.16 -36.59 -740.83 4084.40 -36.59 -781.25 4090.20 -150.91 -819.79 4090.20 -150.91 -860.21 4090.20 -191.59 -819.79 4090.20 -191.59 -860.21 4090.20 4.09 -819.79 4090.20 4.09 -860.21 4090.20 -36.59 -819.79 4090.20 -36.59 -860.21 4072.16 -73.41 -740.83 4084.40 -73.41 -781.25 4072.16 -114.09 -740.83 4084.40 -114.09 -781.25 4084.40 -150.91 -898.75 4072.20 -150.91 -939.17 4084.40 -191.59 -898.75 4072.20 -191.59 -939.17 4090.20 -73.41 -819.79 4090.20 -73.41 -860.21 4090.20 -114.09 -819.79 4090.20 -114.09 -860.21 4084.40 4.09 -898.75 4072.16 4.09 -939.17 4084.40 -36.59 -898.75 4072.16 -36.59 -939.17 4072.16 81.59 -740.83 4084.40 81.59 -781.25 4072.16 40.91 -740.83 4084.40 40.91 -781.25 4090.20 81.59 -819.79 4090.20 81.59 -860.21 4090.20 40.91 -819.79 4090.20 40.91 -860.21 4083.40 100.00 -878.50 4060.16 100.00 -955.49 4077.12 96.12 -880.80 4056.20 96.12 -950.10 4060.16 22.50 -955.49 4056.20 26.38 -950.10 4083.40 22.50 -878.50 4077.12 26.38 -880.80 4083.40 -55.00 -878.50 4060.16 -55.00 -955.49 4077.12 -58.88 -880.80 4056.20 -58.88 -950.10 4060.16 -132.50 -955.49 4056.20 -128.63 -950.10 4083.40 -132.50 -878.50 4077.12 -128.63 -880.80 4060.16 -132.50 -724.51 4083.40 -132.50 -801.50 4056.20 -136.38 -729.90 4077.12 -136.38 -799.20 4083.40 -210.00 -801.50 4077.12 -206.12 -799.20 4060.16 -210.00 -724.51 4056.20 -206.12 -729.90 4060.16 22.50 -724.51 4083.40 22.50 -801.50 4056.20 18.63 -729.90 4077.12 18.63 -799.20 4083.40 -55.00 -801.50 4077.12 -51.13 -799.20 4060.16 -55.00 -724.51 4056.20 -51.13 -729.90 4083.40 -132.50 -801.50 4083.40 -132.50 -878.50 4078.08 -136.38 -805.35 4078.08 -136.38 -874.65 4083.40 -210.00 -878.50 4078.08 -206.12 -874.65 4083.40 -210.00 -801.50 4078.08 -206.12 -805.35 4083.40 22.50 -801.50 4083.40 22.50 -878.50 4078.08 18.63 -805.35 4078.08 18.63 -874.65 4083.40 -55.00 -878.50 4078.08 -51.13 -874.65 4083.40 -55.00 -801.50 4078.08 -51.13 -805.35 4060.16 -55.00 -724.51 4083.40 -55.00 -801.50 4056.20 -58.87 -729.90 4077.12 -58.87 -799.20 4083.40 -132.50 -801.50 4077.12 -128.62 -799.20 4060.16 -132.50 -724.51 4056.20 -128.62 -729.90 4083.40 -132.50 -878.50 4060.16 -132.50 -955.49 4077.12 -136.37 -880.80 4056.20 -136.37 -950.10 4060.16 -210.00 -955.49 4056.20 -206.12 -950.10 4083.40 -210.00 -878.50 4077.12 -206.12 -880.80 4083.40 -55.00 -801.50 4083.40 -55.00 -878.50 4078.08 -58.87 -805.35 4078.08 -58.87 -874.65 4083.40 -132.50 -878.50 4078.08 -128.62 -874.65 4083.40 -132.50 -801.50 4078.08 -128.62 -805.35 4083.40 22.50 -878.50 4060.16 22.50 -955.49 4077.12 18.63 -880.80 4056.20 18.63 -950.10 4060.16 -55.00 -955.49 4056.20 -51.13 -950.10 4083.40 -55.00 -878.50 4077.12 -51.13 -880.80 4060.16 100.00 -724.51 4083.40 100.00 -801.50 4056.20 96.12 -729.90 4077.12 96.12 -799.20 4083.40 22.50 -801.50 4077.12 26.38 -799.20 4060.16 22.50 -724.51 4056.20 26.38 -729.90 4083.40 100.00 -801.50 4083.40 100.00 -878.50 4078.08 96.12 -805.35 4078.08 96.12 -874.65 4083.40 22.50 -878.50 4078.08 26.38 -874.65 4083.40 22.50 -801.50 4078.08 26.38 -805.35 4074.00 85.66 -891.20 4059.36 85.66 -939.70 4059.36 36.84 -939.70 4074.00 36.84 -891.20 4074.00 -69.34 -891.20 4059.36 -69.34 -939.70 4059.36 -118.16 -939.70 4074.00 -118.16 -891.20 4059.36 -146.84 -740.30 4074.00 -146.84 -788.80 4074.00 -195.66 -788.80 4059.36 -195.66 -740.30 4059.36 8.16 -740.30 4074.00 8.16 -788.80 4074.00 -40.66 -788.80 4059.36 -40.66 -740.30 4078.08 -146.84 -815.75 4078.08 -146.84 -864.25 4078.08 -195.66 -864.25 4078.08 -195.66 -815.75 4078.08 8.16 -815.75 4078.08 8.16 -864.25 4078.08 -40.66 -864.25 4078.08 -40.66 -815.75 4059.36 -69.34 -740.30 4074.00 -69.34 -788.80 4074.00 -118.16 -788.80 4059.36 -118.16 -740.30 4074.00 -146.84 -891.20 4059.36 -146.84 -939.70 4059.36 -195.66 -939.70 4074.00 -195.66 -891.20 4078.08 -69.34 -815.75 4078.08 -69.34 -864.25 4078.08 -118.16 -864.25 4078.08 -118.16 -815.75 4074.00 8.16 -891.20 4059.36 8.16 -939.70 4059.36 -40.66 -939.70 4074.00 -40.66 -891.20 4059.36 85.66 -740.30 4074.00 85.66 -788.80 4074.00 36.84 -788.80 4059.36 36.84 -740.30 4078.08 85.66 -815.75 4078.08 85.66 -864.25 4078.08 36.84 -864.25 4078.08 36.84 -815.75 4072.16 40.91 -740.83 4056.04 100.00 -975.00 4056.04 40.00 -1029.23 4056.04 40.00 -975.00 4056.04 -20.00 -1083.45 4056.04 -20.00 -1029.23 4056.04 -20.00 -975.00 4056.04 40.49 -705.00 4056.04 -20.00 -705.00 4056.04 40.00 -650.77 4056.04 -20.00 -650.77 4056.04 -100.00 -650.77 4056.04 -20.00 -596.55 4056.04 -100.00 -596.55 3810.57 -100.00 -596.55 3933.31 -100.00 -596.55 3810.57 -180.00 -596.55 3933.31 -180.00 -596.55 3810.57 -100.00 -1083.45 3933.31 -100.00 -1083.45 3810.57 -20.00 -1083.45 3933.31 -20.00 -1083.45 3810.57 -180.00 -1083.45 3750.57 -180.00 -1023.45 3750.57 -100.00 -1023.45 3690.57 -100.00 -963.45 3601.28 -100.00 -963.75 3690.57 -180.00 -963.45 3601.28 -180.00 -963.75 3512.00 -180.00 -715.96 3512.00 -100.00 -715.96 3601.28 -180.00 -716.25 3601.28 -100.00 -716.25 3690.57 -180.00 -716.55 3690.57 -100.00 -716.55 3750.57 -180.00 -656.55 3750.57 -100.00 -656.55 4056.04 -100.00 -1029.23 4056.04 -100.00 -975.00 3512.00 -120.00 -840.00 3512.00 -120.00 -890.00 3511.30 -100.00 -840.00 3511.30 -100.00 -910.00 3512.00 -180.00 -770.00 3512.00 -180.00 -720.00 3512.00 -240.00 -770.00 3512.00 -240.00 -720.00 3512.00 -240.00 -910.00 3512.00 -180.00 -910.00 3512.00 -240.00 -890.00 3512.00 -180.00 -890.00 3512.00 -100.00 -715.96 3512.00 -180.00 -715.96 4056.04 -100.00 -1083.45 4056.04 -180.00 -1083.45 3933.31 -180.00 -1083.45 4056.04 -100.00 -596.55 4056.04 -20.00 -596.55 3933.31 -20.00 -596.55 3690.57 -20.00 -963.45 3750.57 -20.00 -1023.45 3810.57 -20.00 -596.55 3750.57 -20.00 -656.55 3601.28 -20.00 -963.75 3512.00 -100.00 -964.04 3509.18 -20.06 -964.04 3690.57 -20.00 -716.55 3601.28 -20.00 -716.25 3512.00 -100.00 -964.04 3512.00 -180.00 -960.00 3512.00 -180.00 -964.04 4056.04 -180.00 -1029.23 4056.04 -180.00 -1083.45 4056.04 -100.00 -1083.45 4056.04 -20.00 -1083.45 3512.00 -180.00 -964.04 4056.04 -180.00 -705.00 4056.04 -180.00 -650.77 4056.04 -146.84 -705.00 4056.04 -100.00 -705.00 4056.04 -180.00 -596.55 3509.18 -20.00 -715.96 4056.04 -180.00 -975.00 4056.04 -146.84 -975.00 4056.04 -180.00 -596.55 3511.30 -100.00 -770.00 3512.00 -180.00 -790.00 3512.00 -240.00 -790.00 3512.00 -120.00 -790.00 3512.00 -240.00 -960.00 3509.18 -20.00 -840.00 3509.18 -20.00 -907.82 4056.04 100.00 -705.00 3509.18 -20.06 -964.04 3509.66 -38.28 -771.63 3509.18 -20.00 -765.70 3509.18 -20.00 -715.96 3509.93 -48.52 -797.26 3509.61 -36.27 -800.30 3509.55 -34.15 -813.47 3509.18 -20.00 -826.88 3990.92 -213.33 -851.98 3984.13 -213.33 -862.13 3989.53 -210.00 -851.40 3983.07 -210.00 -861.07 3973.40 -210.00 -867.53 3962.00 -212.39 -840.00 3962.00 -210.00 -869.80 3950.60 -210.00 -867.53 3940.93 -210.00 -861.07 3934.47 -210.00 -851.40 3932.20 -210.00 -840.00 3934.47 -210.00 -828.60 3940.93 -210.00 -818.93 3950.60 -210.00 -812.47 3962.00 -210.00 -810.20 3973.40 -210.00 -812.47 3983.07 -210.00 -818.93 3989.53 -210.00 -828.60 3991.80 -210.00 -840.00 3993.30 -213.33 -840.00 3973.98 -213.33 -868.92 3962.00 -213.33 -871.30 3950.02 -213.33 -868.92 3939.87 -213.33 -862.13 3933.08 -213.33 -851.98 3930.70 -213.33 -840.00 3933.08 -213.33 -828.02 3939.87 -213.33 -817.87 3950.02 -213.33 -811.08 3962.00 -213.33 -808.70 3973.98 -213.33 -811.08 3984.13 -213.33 -817.87 3990.92 -213.33 -828.02 3509.66 -38.28 -771.63 3509.93 -48.52 -797.26 3489.01 -20.00 -781.30 3481.00 -20.00 -803.32 3509.61 -36.27 -800.30 3490.81 -20.00 -803.67 3509.55 -34.15 -813.47 3492.80 -20.00 -814.26 3509.18 -20.00 -826.88 3509.18 -20.00 -765.70 3410.38 49.61 -818.12 3509.18 -20.00 -765.70 3489.01 -20.00 -781.30 3512.00 0.00 -750.17 3512.00 -20.00 -766.77 3569.45 0.00 -772.50 3536.36 0.00 -751.50 3512.00 -20.00 -827.75 3512.00 0.00 -840.00 3564.10 0.00 -818.12 3560.66 0.00 -803.17 3509.18 -20.00 -826.88 3481.00 -20.00 -803.32 3490.81 -20.00 -803.67 3492.80 -20.00 -814.26 3509.18 -20.00 -826.88 3880.00 120.00 -752.00 3908.00 110.00 -776.00 3909.00 120.00 -765.00 3926.00 100.00 -804.00 3928.00 120.00 -782.00 3926.00 100.00 -804.00 3962.00 90.00 -800.00 3962.00 120.00 -767.00 3928.00 120.00 -782.00 3934.00 90.00 -811.00 3997.00 120.00 -782.00 3999.00 100.00 -804.00 3991.00 90.00 -811.00 3999.00 100.00 -804.00 4003.00 90.00 -840.00 4021.00 120.00 -806.00 4035.00 120.00 -840.00 3991.00 90.00 -811.00 3991.00 90.00 -869.00 4014.00 120.00 -891.00 4014.00 120.00 -891.00 3991.00 90.00 -869.00 3980.00 120.00 -906.00 3962.00 100.00 -891.00 3962.00 90.00 -880.00 3934.00 90.00 -869.00 3945.00 120.00 -906.00 3911.00 120.00 -891.00 3911.00 120.00 -891.00 3934.00 90.00 -869.00 3922.00 90.00 -840.00 3890.00 120.00 -840.00 3926.00 100.00 -804.00 3904.00 120.00 -806.00 3934.00 90.00 -811.00 3897.00 120.00 -777.00 3904.00 120.00 -806.00 3940.50 87.61 -818.00 3962.00 87.61 -809.00 3984.50 87.61 -818.00 3984.50 87.61 -818.00 3993.50 87.61 -840.00 3984.50 87.61 -862.00 3984.50 87.61 -862.00 3962.00 87.61 -871.00 3940.50 87.61 -862.00 3940.50 87.61 -862.00 3931.50 87.61 -840.00 3940.50 87.61 -818.00 3931.50 87.61 -840.00 3950.93 63.71 -828.80 3946.44 63.71 -840.00 3962.00 -10.00 -840.00 3962.08 37.44 -832.63 3957.06 37.44 -834.98 3967.44 37.44 -834.98 3962.13 63.71 -823.57 3974.07 63.71 -828.80 3967.44 37.44 -834.98 3969.45 37.44 -840.00 3974.07 63.71 -828.80 3978.56 63.71 -840.00 3967.44 37.44 -845.02 3974.07 63.71 -851.20 3967.44 37.44 -845.02 3962.08 37.44 -847.37 3974.07 63.71 -851.20 3962.13 63.71 -856.43 3962.00 -10.00 -840.00 3957.06 37.44 -845.02 3955.05 37.44 -840.00 3957.06 37.44 -845.02 3950.93 63.71 -851.20 3957.06 37.44 -834.98 3962.00 120.00 -969.00 3962.00 100.00 -891.00 3945.00 120.00 -906.00 3980.00 120.00 -906.00 3999.00 100.00 -804.00 4043.00 120.00 -767.00 3997.00 120.00 -782.00 4021.00 120.00 -806.00 3962.00 87.61 -809.00 3940.50 87.61 -818.00 3950.93 63.71 -828.80 3940.50 87.61 -818.00 3984.50 87.61 -818.00 3984.50 87.61 -818.00 3993.50 87.61 -840.00 3984.50 87.61 -862.00 3962.00 87.61 -871.00 3984.50 87.61 -862.00 3940.50 87.61 -862.00 3950.93 63.71 -851.20 3940.50 87.61 -862.00 3744.00 51.00 -891.00 3753.00 30.00 -884.00 3721.00 28.00 -897.00 3728.00 36.00 -879.00 3650.00 0.00 -844.00 3614.00 0.00 -854.00 3657.00 -17.00 -849.00 3660.00 0.00 -858.00 3657.00 -17.00 -849.00 3685.00 -24.00 -834.00 3664.00 0.00 -834.00 3650.00 0.00 -844.00 3692.00 0.00 -844.00 </float_array>
                    <technique_common>
                        <accessor source="#geom-003807E0-pos-array" count="1062" stride="3">
                            <param name="X" type="float" />
                            <param name="Y" type="float" />
                            <param name="Z" type="float" />
                        </accessor>
                    </technique_common>
                </source>
                <source id="geom-003807E0-texcoord">
                    <float_array id="geom-003807E0-texcoord-array" count="2124">0.49 -1.53 0.49 -0.31 0.26 -1.53 0.26 -0.31 0.49 0.92 0.26 0.92 0.49 -0.31 0.26 -0.31 0.99 -0.68 0.76 -0.68 0.99 -2.36 0.76 -2.36 0.99 -3.71 0.76 -3.71 0.99 -5.06 0.76 -5.06 0.99 -7.41 0.76 -7.41 0.51 0.92 0.51 -1.47 0.74 0.50 0.74 -1.89 0.99 0.91 0.76 0.91 0.99 -0.43 0.76 -0.43 0.74 0.92 0.51 0.50 0.74 -1.47 0.51 -1.89 0.99 -1.10 0.76 -1.10 0.99 -3.54 0.76 -3.54 0.99 -5.29 0.76 -5.29 0.99 -6.69 0.76 -6.69 0.99 -8.43 0.76 -8.43 0.99 -10.00 0.76 -10.00 0.26 -3.12 0.49 -3.12 0.26 -3.12 0.49 -3.12 0.26 -1.53 0.49 -1.53 0.99 -1.53 0.76 -1.53 0.99 -2.96 0.76 -2.96 0.99 -9.60 0.76 -9.60 0.99 0.83 0.76 0.83 0.99 0.83 0.76 0.83 0.01 0.02 0.24 0.02 0.01 0.50 0.24 0.98 0.01 0.98 0.24 0.98 0.01 0.98 0.24 0.50 0.01 0.02 0.24 0.02 0.26 -4.00 0.49 -4.00 0.99 -1.87 0.76 -1.87 0.99 -3.30 0.76 -3.30 0.99 -3.99 0.76 -3.99 0.99 -4.65 0.76 -4.65 0.26 -4.00 0.49 -4.00 0.26 0.92 0.49 0.92 0.74 -3.86 0.51 -4.28 0.51 -3.86 0.74 -4.28 0.99 0.92 0.76 0.92 0.99 0.33 0.76 0.00 0.76 -1.28 2.43 4.85 4.85 3.64 0.00 4.85 2.43 0.00 4.85 1.21 4.85 0.00 0.00 0.00 0.00 1.21 5.15 0.00 5.15 1.21 0.00 3.64 0.00 4.85 4.85 3.64 4.85 4.85 0.00 0.00 0.00 1.21 4.85 0.00 4.85 1.21 5.15 4.85 5.15 3.64 0.00 4.85 0.00 3.64 0.00 1.21 5.15 1.21 0.00 0.00 5.15 0.00 0.00 2.43 4.85 2.43 0.00 1.21 4.85 1.21 0.00 3.64 4.85 3.64 0.00 4.85 4.85 4.85 0.00 0.00 4.85 0.00 0.00 2.43 5.15 2.43 0.00 3.64 5.15 3.64 5.15 4.85 0.00 4.85 4.85 4.85 0.00 0.00 2.43 0.00 0.00 0.00 2.43 1.21 0.00 1.21 4.85 1.21 4.85 2.43 2.43 2.43 4.85 3.64 2.43 3.64 4.85 4.24 2.43 4.85 4.85 4.85 2.43 1.21 2.43 0.00 0.00 1.21 0.00 0.00 4.85 3.64 4.85 4.85 0.00 3.64 0.00 4.85 2.43 2.43 4.85 1.21 4.85 2.43 0.00 2.43 4.85 2.43 4.85 3.64 2.43 3.64 0.00 1.21 4.85 1.21 2.43 4.85 4.85 4.85 0.00 0.00 4.85 0.61 4.85 0.00 0.00 1.21 2.43 1.21 0.00 0.00 2.43 0.00 2.43 2.43 4.85 1.21 4.85 2.43 2.43 3.64 4.85 3.64 2.43 4.85 4.85 4.85 4.85 0.61 3.03 0.61 4.85 0.00 3.03 0.00 3.03 1.21 0.00 0.61 0.00 1.21 4.85 2.43 3.03 2.43 4.85 1.82 3.03 1.82 0.00 2.43 0.00 1.82 3.03 2.43 6.06 0.61 6.06 0.00 7.28 0.61 7.28 0.00 9.85 0.61 9.70 0.00 7.28 1.82 10.00 1.21 9.25 1.82 6.06 1.82 6.06 2.43 4.85 0.00 0.00 2.43 0.00 3.64 0.00 4.24 0.00 4.85 4.85 0.00 0.00 2.43 0.00 3.64 0.61 4.24 0.00 4.85 0.00 2.43 0.00 1.82 4.85 0.00 0.00 3.03 0.00 3.64 0.00 4.85 4.85 1.21 6.06 1.21 7.28 1.21 0.00 0.00 8.49 2.43 7.28 2.43 0.16 0.16 5.08 0.16 0.16 5.08 5.08 5.08 10.00 0.16 10.00 5.08 0.16 0.16 5.08 0.16 0.16 5.08 5.08 5.08 5.08 0.16 10.00 0.16 10.00 5.08 0.16 0.16 5.08 0.16 0.16 5.08 5.08 5.08 10.00 0.16 10.00 5.08 0.16 0.16 5.08 0.16 0.16 5.08 5.08 5.08 10.00 0.16 10.00 5.08 0.16 0.16 5.08 0.16 0.16 5.08 5.08 5.08 10.00 0.16 10.00 5.08 0.16 0.16 5.08 0.16 0.16 5.08 5.08 5.08 10.00 0.16 10.00 5.08 0.16 0.16 5.08 0.16 0.16 5.08 5.08 5.08 10.00 0.16 10.00 5.08 0.16 0.16 5.08 0.16 0.16 5.08 5.08 5.08 10.00 0.16 10.00 5.08 5.08 8.26 8.89 8.26 1.27 8.26 5.08 8.26 8.89 8.26 1.27 8.26 5.08 8.26 8.89 8.26 1.27 8.26 5.08 8.26 8.89 8.26 1.27 8.26 5.08 8.26 8.89 8.26 1.27 8.26 5.08 8.26 8.89 8.26 1.27 8.26 5.08 8.26 8.89 8.26 1.27 8.26 5.08 8.26 8.89 8.26 1.27 8.26 1.59 10.00 5.08 10.00 8.58 10.00 1.59 10.00 5.08 10.00 8.58 10.00 1.59 10.00 5.08 10.00 8.58 10.00 1.59 10.00 5.08 10.00 8.58 10.00 1.59 10.00 5.08 10.00 8.58 10.00 1.59 10.00 5.08 10.00 8.58 10.00 1.59 10.00 5.08 10.00 8.58 10.00 1.59 10.00 5.08 10.00 8.58 10.00 1.27 -2.45 1.16 -3.27 2.45 -2.89 2.37 -3.43 1.60 0.07 2.50 0.32 3.27 -0.16 1.65 0.44 3.37 0.58 2.55 0.69 3.27 -0.16 2.50 0.32 1.60 0.07 1.65 0.44 3.37 0.58 2.55 0.69 8.44 -4.23 8.54 -3.42 7.30 -3.53 7.22 -4.07 6.88 -2.19 6.25 -3.11 8.54 -3.42 4.91 -2.94 4.56 -1.67 3.56 -2.76 3.58 1.17 4.62 2.90 2.44 2.33 2.75 -0.18 3.94 -0.86 3.90 -0.34 4.18 0.86 5.52 0.68 4.26 1.50 5.61 1.32 2.83 1.04 2.91 1.68 1.75 1.18 1.84 1.82 4.06 -0.02 5.41 -0.20 4.14 0.60 5.49 0.42 1.59 -0.03 0.83 0.07 1.27 -2.45 0.51 -2.35 8.54 -3.42 9.36 -3.53 8.87 -0.99 9.68 -1.10 3.52 -3.03 4.87 -3.21 3.56 -2.76 4.91 -2.94 4.18 0.86 2.83 1.04 4.14 0.60 2.79 0.78 5.52 0.68 5.49 0.42 6.60 0.54 6.57 0.28 3.58 -0.20 2.71 0.16 2.68 -0.08 5.95 -0.27 5.91 -0.51 6.48 -0.34 6.45 -0.58 6.25 -3.11 6.22 -3.39 2.17 0.23 1.72 0.92 1.63 0.30 1.91 2.40 1.16 2.50 9.19 1.43 10.00 1.32 7.71 -0.84 6.52 -0.17 6.56 -0.69 6.39 -1.18 6.04 -1.57 7.26 0.68 5.90 0.65 6.29 0.30 4.07 0.16 4.41 0.55 6.04 -1.57 6.39 -1.18 5.59 -0.99 5.75 -0.81 6.56 -0.69 5.83 -0.59 6.29 0.30 5.90 0.65 5.71 -0.15 5.53 0.01 5.40 0.81 5.31 0.08 4.41 0.55 4.07 0.16 4.86 -0.03 4.71 -0.21 3.90 -0.34 4.63 -0.43 5.05 -1.84 5.57 -1.80 5.15 -1.11 5.38 -1.09 4.17 -1.33 4.56 -1.67 4.75 -0.88 4.93 -1.03 3.94 -0.86 4.65 -0.67 6.52 -0.17 5.81 -0.36 4.88 0.78 5.07 0.07 8.87 -0.99 6.70 2.62 8.66 1.50 1.59 -0.03 1.27 -2.45 3.20 -1.70 1.72 0.92 1.75 1.18 2.14 -0.01 2.17 0.23 2.71 0.16 2.79 0.78 6.69 1.18 6.60 0.54 5.95 -0.27 6.57 0.28 5.41 -0.20 4.48 -0.32 5.38 -0.44 5.57 -1.80 5.05 -1.84 4.17 -1.33 1.60 0.07 1.63 0.30 6.48 -0.34 1.91 2.40 9.19 1.43 5.52 1.65 4.88 0.78 5.40 0.81 8.69 1.72 2.47 2.55 4.06 -0.02 9.85 10.00 0.32 10.00 9.85 0.16 0.32 0.16 9.85 10.00 0.32 10.00 9.85 0.16 0.32 0.16 0.32 0.16 9.85 0.16 0.32 10.00 9.85 10.00 0.32 0.16 9.85 0.16 0.32 10.00 9.85 10.00 9.85 10.00 0.32 10.00 9.85 0.16 0.32 0.16 9.85 10.00 0.32 10.00 9.85 0.16 0.32 0.16 0.32 0.16 9.85 0.16 0.32 10.00 9.85 10.00 0.32 0.16 9.85 0.16 0.32 10.00 9.85 10.00 5.08 0.16 10.00 0.16 5.08 5.08 10.00 5.08 10.00 5.08 5.08 5.08 10.00 10.00 5.08 10.00 10.00 5.08 5.08 5.08 10.00 10.00 5.08 10.00 0.16 5.08 0.16 10.00 5.08 10.00 5.08 5.24 10.00 5.24 5.08 10.00 10.00 10.00 10.00 0.16 5.08 0.16 0.16 0.16 5.08 5.24 10.00 5.24 5.08 10.00 10.00 10.00 0.16 5.24 0.16 10.00 0.16 5.24 0.16 10.00 10.00 10.00 10.00 5.08 5.08 5.08 10.00 10.00 5.08 10.00 10.00 0.71 10.00 -1.43 8.62 0.71 8.62 -1.43 7.15 -4.29 7.15 -2.86 8.62 -2.86 7.15 -1.43 2.90 -1.43 2.90 -2.86 1.43 -1.43 2.90 0.71 1.43 0.71 0.00 0.71 0.00 -1.43 7.15 -5.72 6.07 -5.72 6.07 -4.29 3.95 -4.29 3.95 -2.86 3.95 0.71 3.95 -1.43 1.43 2.86 0.00 2.86 2.90 2.86 3.95 2.86 8.62 2.86 7.15 2.86 7.15 0.71 5.02 -7.15 3.95 -7.15 5.02 -5.72 3.95 -5.72 5.02 -4.29 5.02 0.71 5.02 2.86 6.07 0.71 6.07 2.86 5.02 -1.43 6.07 -1.43 5.02 -2.86 6.07 -2.86 2.90 -5.72 2.90 -7.15 2.90 -4.29 4.49 0.71 4.49 -1.43 4.49 -2.86 1.43 -2.86 10.00 2.86 5.36 -6.32 5.60 -6.37 6.07 -6.23 6.50 -6.76 7.15 -7.15 6.53 -7.15 7.25 7.25 2.84 7.25 7.25 2.84 2.84 2.84 7.25 7.25 2.84 7.25 7.25 2.84 2.84 2.84 7.25 7.25 2.84 7.25 7.25 2.84 2.84 2.84 7.25 7.25 2.84 7.25 7.25 2.84 2.84 2.84 7.25 7.25 2.84 7.25 7.25 2.84 2.84 2.84 7.25 7.25 2.84 7.25 7.25 2.84 2.84 2.84 7.25 7.25 2.84 7.25 7.25 2.84 2.84 2.84 7.25 7.25 2.84 7.25 7.25 2.84 2.84 2.84 7.25 7.25 2.84 7.25 7.25 2.84 2.84 2.84 7.25 7.25 2.84 7.25 7.25 2.84 2.84 2.84 7.25 7.25 2.84 7.25 7.25 2.84 2.84 2.84 7.25 7.25 2.84 7.25 7.25 2.84 2.84 2.84 10.00 10.00 0.08 10.00 9.45 9.45 0.63 9.45 0.08 0.08 0.63 0.63 10.00 0.08 9.45 0.63 10.00 10.00 0.08 10.00 9.45 9.45 0.63 9.45 0.08 0.08 0.63 0.63 10.00 0.08 9.45 0.63 10.00 10.00 0.08 10.00 9.45 9.45 0.63 9.45 0.08 0.08 0.63 0.63 10.00 0.08 9.45 0.63 10.00 10.00 0.08 10.00 9.45 9.45 0.63 9.45 0.08 0.08 0.63 0.63 10.00 0.08 9.45 0.63 10.00 10.00 0.08 10.00 9.45 9.45 0.63 9.45 0.08 0.08 0.63 0.63 10.00 0.08 9.45 0.63 10.00 10.00 0.08 10.00 9.45 9.45 0.63 9.45 0.08 0.08 0.63 0.63 10.00 0.08 9.45 0.63 10.00 10.00 0.08 10.00 9.45 9.45 0.63 9.45 0.08 0.08 0.63 0.63 10.00 0.08 9.45 0.63 10.00 10.00 0.08 10.00 9.45 9.45 0.63 9.45 0.08 0.08 0.63 0.63 10.00 0.08 9.45 0.63 10.00 10.00 0.08 10.00 9.45 9.45 0.63 9.45 0.08 0.08 0.63 0.63 10.00 0.08 9.45 0.63 10.00 10.00 0.08 10.00 9.45 9.45 0.63 9.45 0.08 0.08 0.63 0.63 10.00 0.08 9.45 0.63 10.00 10.00 0.08 10.00 9.45 9.45 0.63 9.45 0.08 0.08 0.63 0.63 10.00 0.08 9.45 0.63 10.00 10.00 0.08 10.00 9.45 9.45 0.63 9.45 0.08 0.08 0.63 0.63 10.00 0.08 9.45 0.63 8.19 8.19 1.89 8.19 1.89 1.89 8.19 1.89 8.19 8.19 1.89 8.19 1.89 1.89 8.19 1.89 8.19 8.19 1.89 8.19 1.89 1.89 8.19 1.89 8.19 8.19 1.89 8.19 1.89 1.89 8.19 1.89 8.19 8.19 1.89 8.19 1.89 1.89 8.19 1.89 8.19 8.19 1.89 8.19 1.89 1.89 8.19 1.89 8.19 8.19 1.89 8.19 1.89 1.89 8.19 1.89 8.19 8.19 1.89 8.19 1.89 1.89 8.19 1.89 8.19 8.19 1.89 8.19 1.89 1.89 8.19 1.89 8.19 8.19 1.89 8.19 1.89 1.89 8.19 1.89 8.19 8.19 1.89 8.19 1.89 1.89 8.19 1.89 8.19 8.19 1.89 8.19 1.89 1.89 8.19 1.89 7.25 2.84 2.70 1.35 1.69 0.34 2.70 0.34 0.68 -0.68 1.69 -0.68 2.70 -0.68 0.00 0.35 0.00 -0.68 1.01 0.34 1.01 -0.68 1.01 -2.03 2.03 -0.68 2.03 -2.03 4.05 0.15 2.03 0.15 4.05 -1.20 2.03 -1.20 5.90 0.15 7.93 0.15 5.90 1.51 7.93 1.51 5.90 -1.20 4.47 -1.20 4.47 0.15 3.04 0.15 1.52 0.15 3.04 -1.20 1.52 -1.20 9.96 -1.20 9.96 0.15 8.44 -1.20 8.44 0.15 6.92 -1.20 6.92 0.15 5.48 -1.20 5.48 0.15 1.69 -2.03 2.70 -2.03 2.03 0.17 2.87 0.17 2.03 0.51 3.16 0.51 0.90 -0.84 0.06 -0.84 0.90 -1.80 0.06 -1.80 3.15 -1.80 3.15 -0.84 2.87 -1.80 2.87 -0.84 0.00 0.51 0.00 -0.84 9.96 0.15 9.96 -1.20 7.93 -1.20 0.00 0.15 0.00 1.51 2.03 1.51 3.04 1.51 4.47 1.51 4.05 1.51 5.48 1.51 1.52 1.51 0.00 0.15 0.00 1.51 6.92 1.51 8.44 1.51 4.05 0.51 4.00 -0.84 4.05 -0.84 1.69 -3.38 0.68 -3.38 0.68 -2.03 9.96 1.51 0.00 -1.20 0.00 -3.38 1.01 -3.38 0.00 -2.82 0.00 -2.03 0.00 -1.20 10.00 1.51 2.70 -3.38 2.70 -2.82 2.03 -3.38 0.89 0.51 1.24 -0.84 1.24 -1.80 1.24 0.17 4.00 -1.80 2.03 1.80 3.14 1.80 0.00 1.35 4.08 1.80 0.90 1.51 0.80 1.80 0.00 1.80 1.33 1.34 1.38 1.54 1.59 1.57 1.81 1.80 9.62 6.92 8.54 8.54 9.17 6.73 8.19 8.19 6.73 9.17 5.00 5.00 5.00 9.52 3.27 9.17 1.81 8.19 0.83 6.73 0.49 5.00 0.83 3.27 1.81 1.81 3.27 0.83 5.00 0.49 6.73 0.83 8.19 1.81 9.17 3.27 9.52 5.00 10.00 5.00 6.92 9.62 5.00 10.00 3.09 9.62 1.47 8.54 0.38 6.92 0.00 5.00 0.38 3.09 1.47 1.47 3.09 0.38 5.00 0.00 6.92 0.38 8.54 1.47 9.62 3.09 0.88 -1.66 4.64 -2.86 2.01 2.18 5.12 2.86 6.11 -1.21 6.35 2.20 8.04 -0.85 7.93 2.14 10.00 1.12 0.00 0.73 6.85 -2.96 7.20 -8.90 8.41 -7.58 5.46 -8.73 7.04 -9.01 1.83 -10.00 4.23 -9.61 0.02 -3.41 1.07 -4.41 0.06 -7.76 0.86 -8.28 0.36 -1.85 9.71 -3.45 6.89 2.09 2.96 0.89 0.48 -1.15 0.00 7.55 3.09 7.53 2.51 6.46 6.18 7.50 5.02 5.37 7.15 2.27 3.75 3.75 3.75 0.00 6.88 0.00 6.57 3.75 1.25 0.00 0.47 2.27 0.94 3.75 7.15 2.27 3.75 3.75 6.88 0.00 3.75 0.00 6.57 3.75 0.94 3.75 0.00 0.00 7.50 0.00 6.57 3.75 4.73 0.00 3.75 2.50 3.75 3.75 0.94 3.75 2.87 0.00 0.00 0.00 7.50 0.00 6.57 3.75 3.75 3.75 3.75 0.00 0.70 2.59 1.25 0.00 0.94 3.75 2.53 8.60 5.05 9.65 6.25 4.85 3.75 4.85 1.25 4.85 6.25 4.85 3.75 4.85 1.25 4.85 6.25 4.85 3.75 4.85 1.25 4.85 6.25 4.85 3.75 4.85 10.00 10.00 7.82 10.00 9.07 6.88 7.82 6.88 7.82 0.08 7.82 4.38 7.19 4.38 8.44 4.38 7.82 6.88 9.07 6.88 7.19 4.38 7.82 4.38 6.57 6.88 7.82 6.88 8.44 4.38 9.07 6.88 7.19 4.38 7.82 4.38 6.57 6.88 7.82 6.88 7.82 0.08 8.44 4.38 7.82 4.38 7.19 4.38 6.57 6.88 8.44 4.38 0.00 7.55 6.18 7.50 5.02 5.37 5.05 9.65 6.18 7.50 0.00 7.55 5.05 9.65 5.02 5.37 7.82 10.00 5.63 10.00 6.57 6.88 1.25 4.85 10.00 10.00 5.63 10.00 7.82 10.00 10.00 10.00 7.82 10.00 5.63 10.00 10.00 10.00 9.07 6.88 5.63 10.00 5.05 9.65 6.18 7.50 3.09 7.53 5.02 5.37 2.51 6.46 0.00 7.55 3.09 7.53 2.53 8.60 3.09 7.53 6.18 7.50 5.02 5.37 2.51 6.46 5.05 9.65 </float_array>
                    <technique_common>
                        <accessor source="#geom-003807E0-texcoord-array" count="1062" stride="2">
                            <param name="S" type="float" />
                            <param name="T" type="float" />
                        </accessor>
                    </technique_common>
                </source>
                <source id="geom-003807E0-colors">
                    <float_array id="geom-003807E0-colors-array" count="4248">0.21 0.36 0.98 1.00 0.16 0.25 0.60 1.00 0.31 0.60 1.00 1.00 0.16 0.24 0.56 1.00 0.16 0.26 0.67 1.00 0.16 0.26 0.69 1.00 0.16 0.24 0.56 1.00 0.16 0.24 0.59 1.00 0.19 0.27 0.61 1.00 0.20 0.27 0.61 1.00 0.17 0.44 1.00 1.00 0.18 0.43 1.00 1.00 0.16 0.58 1.00 1.00 0.16 0.69 1.00 1.00 0.16 0.51 1.00 1.00 0.16 0.55 1.00 1.00 0.16 0.42 1.00 1.00 0.16 0.44 1.00 1.00 0.07 0.13 0.33 1.00 0.16 0.30 0.86 1.00 0.08 0.15 0.41 1.00 0.16 0.29 0.83 1.00 0.16 0.16 0.16 1.00 0.16 0.26 0.69 1.00 0.13 0.16 0.23 1.00 0.13 0.16 0.23 1.00 0.16 0.16 0.16 1.00 0.16 0.26 0.69 1.00 0.16 0.29 0.83 1.00 0.16 0.30 0.87 1.00 0.16 0.42 1.00 1.00 0.16 0.44 1.00 1.00 0.16 0.52 1.00 1.00 0.16 0.56 1.00 1.00 0.16 0.60 1.00 1.00 0.16 0.70 1.00 1.00 0.17 0.44 1.00 1.00 0.18 0.42 1.00 1.00 0.19 0.27 0.67 1.00 0.20 0.27 0.58 1.00 0.09 0.10 0.13 1.00 0.09 0.11 0.14 1.00 0.35 0.71 1.00 1.00 0.19 0.35 1.00 1.00 0.19 0.35 1.00 1.00 0.36 0.75 1.00 1.00 0.21 0.36 0.97 1.00 0.32 0.62 1.00 1.00 0.19 0.22 0.29 1.00 0.21 0.25 0.34 1.00 0.19 0.22 0.29 1.00 0.20 0.24 0.31 1.00 0.08 0.15 0.41 1.00 0.07 0.13 0.33 1.00 0.08 0.15 0.42 1.00 0.07 0.13 0.33 1.00 0.09 0.10 0.13 1.00 0.09 0.11 0.14 1.00 0.16 0.31 0.93 1.00 0.23 0.49 1.00 1.00 0.20 0.45 1.00 1.00 0.27 0.64 1.00 1.00 0.16 0.28 0.80 1.00 0.16 0.29 0.80 1.00 0.26 0.61 1.00 1.00 0.20 0.44 1.00 1.00 0.23 0.47 1.00 1.00 0.16 0.31 0.93 1.00 0.26 0.61 1.00 1.00 0.16 0.29 0.80 1.00 0.13 0.16 0.23 1.00 0.13 0.16 0.23 1.00 0.13 0.16 0.23 1.00 0.13 0.16 0.23 1.00 0.09 0.10 0.13 1.00 0.09 0.11 0.14 1.00 0.16 0.16 0.16 1.00 0.16 0.26 0.69 1.00 0.16 0.28 0.80 1.00 0.27 0.64 1.00 1.00 0.16 0.26 0.67 1.00 0.16 0.26 0.69 1.00 0.08 0.15 0.42 1.00 0.07 0.13 0.33 1.00 0.16 0.26 0.69 1.00 0.16 0.16 0.16 1.00 0.09 0.10 0.13 1.00 0.09 0.11 0.14 1.00 0.19 0.22 0.28 1.00 0.20 0.23 0.31 1.00 0.18 0.19 0.22 1.00 0.18 0.24 0.51 1.00 0.00 0.00 0.00 1.00 0.00 0.00 0.00 1.00 0.16 0.25 0.60 1.00 0.00 0.00 0.00 1.00 0.16 0.18 0.25 1.00 0.16 0.18 0.25 1.00 0.00 0.00 0.00 1.00 0.16 0.16 0.16 1.00 0.00 0.00 0.00 1.00 0.00 0.00 0.00 1.00 0.17 0.18 0.21 1.00 0.00 0.00 0.00 1.00 0.16 0.17 0.18 1.00 0.16 0.16 0.16 1.00 0.00 0.00 0.00 1.00 0.16 0.16 0.16 1.00 0.00 0.00 0.00 1.00 0.17 0.18 0.21 1.00 0.00 0.00 0.00 1.00 0.18 0.19 0.22 1.00 0.00 0.00 0.00 1.00 0.22 0.27 0.39 1.00 0.20 0.23 0.30 1.00 0.18 0.19 0.22 1.00 0.17 0.18 0.21 1.00 0.19 0.22 0.29 1.00 0.17 0.18 0.19 1.00 0.20 0.23 0.30 1.00 0.17 0.18 0.20 1.00 0.16 0.16 0.17 1.00 0.16 0.16 0.16 1.00 0.16 0.16 0.16 1.00 0.16 0.16 0.16 1.00 0.17 0.18 0.21 1.00 0.16 0.17 0.18 1.00 0.22 0.31 0.71 1.00 0.19 0.22 0.29 1.00 0.16 0.22 0.45 1.00 0.16 0.16 0.17 1.00 0.16 0.16 0.16 1.00 0.16 0.18 0.25 1.00 0.18 0.19 0.22 1.00 0.06 0.11 0.28 1.00 0.05 0.09 0.24 1.00 0.02 0.04 0.08 1.00 0.16 0.34 1.00 1.00 0.16 0.27 0.74 1.00 0.16 0.36 1.00 1.00 0.16 0.53 1.00 1.00 0.16 0.51 1.00 1.00 0.16 0.49 1.00 1.00 0.16 0.38 1.00 1.00 0.16 0.33 1.00 1.00 0.06 0.10 0.27 1.00 0.00 0.00 0.00 1.00 0.16 0.44 1.00 1.00 0.08 0.14 0.40 1.00 0.16 0.36 1.00 1.00 0.07 0.14 0.40 1.00 0.19 0.39 1.00 1.00 0.06 0.12 0.36 1.00 0.16 0.52 1.00 1.00 0.10 0.23 0.76 1.00 0.16 0.58 1.00 1.00 0.16 0.52 1.00 1.00 0.16 0.60 1.00 1.00 0.16 0.60 1.00 1.00 0.18 0.56 1.00 1.00 0.16 0.47 1.00 1.00 0.16 0.42 1.00 1.00 0.16 0.47 1.00 1.00 0.16 0.56 1.00 1.00 0.08 0.15 0.44 1.00 0.09 0.17 0.49 1.00 0.09 0.17 0.49 1.00 0.16 0.39 1.00 1.00 0.07 0.14 0.46 1.00 0.19 0.39 1.00 1.00 0.21 0.34 0.96 1.00 0.00 0.00 0.00 1.00 0.20 0.29 0.71 1.00 0.18 0.34 1.00 1.00 0.22 0.27 0.39 1.00 0.22 0.31 0.71 1.00 0.16 0.29 0.85 1.00 0.16 0.22 0.45 1.00 0.16 0.25 0.60 1.00 0.16 0.18 0.25 1.00 0.16 0.38 1.00 1.00 0.16 0.28 0.77 1.00 0.05 0.09 0.23 1.00 0.00 0.00 0.00 1.00 0.16 0.51 1.00 1.00 0.16 0.33 1.00 1.00 0.16 0.49 1.00 1.00 0.04 0.07 0.22 1.00 0.04 0.05 0.13 1.00 0.17 0.36 1.00 1.00 0.16 0.44 1.00 1.00 0.03 0.05 0.12 1.00 0.16 0.42 1.00 1.00 0.11 0.16 0.37 1.00 0.16 0.49 1.00 1.00 0.09 0.18 0.53 1.00 0.16 0.49 1.00 1.00 0.08 0.17 0.54 1.00 0.17 0.44 1.00 1.00 0.07 0.12 0.37 1.00 0.16 0.35 1.00 1.00 0.19 0.68 1.00 1.00 0.18 0.38 1.00 1.00 0.17 0.44 1.00 1.00 0.05 0.09 0.24 1.00 0.18 0.19 0.22 1.00 0.18 0.56 1.00 1.00 0.16 0.56 1.00 1.00 0.16 0.39 1.00 1.00 0.06 0.11 0.28 1.00 0.09 0.17 0.49 1.00 0.16 0.53 1.00 1.00 0.16 0.49 1.00 1.00 0.16 0.42 1.00 1.00 0.03 0.05 0.12 1.00 0.22 0.66 1.00 1.00 0.16 0.36 1.00 1.00 0.07 0.14 0.40 1.00 0.16 0.42 1.00 1.00 0.16 0.31 0.91 1.00 0.05 0.09 0.23 1.00 0.16 0.58 1.00 1.00 0.16 0.63 1.00 1.00 0.16 0.64 1.00 1.00 0.00 0.00 0.00 1.00 0.06 0.11 0.31 1.00 0.06 0.11 0.29 1.00 0.04 0.09 0.37 1.00 0.04 0.10 0.38 1.00 0.40 0.45 0.95 1.00 0.36 0.54 1.00 1.00 0.04 0.10 0.39 1.00 0.31 0.62 1.00 1.00 0.04 0.10 0.39 1.00 0.04 0.11 0.40 1.00 0.31 0.62 1.00 1.00 0.28 0.71 1.00 1.00 0.04 0.12 0.40 1.00 0.04 0.13 0.41 1.00 0.30 0.95 1.00 1.00 0.04 0.13 0.41 1.00 0.04 0.15 0.42 1.00 0.30 0.95 1.00 1.00 0.31 1.00 1.00 1.00 0.00 0.00 0.00 1.00 0.32 1.00 1.00 1.00 0.00 0.00 0.00 1.00 0.00 0.00 0.00 1.00 0.32 1.00 1.00 1.00 0.32 1.00 1.00 1.00 0.04 0.15 0.42 1.00 0.31 1.00 1.00 1.00 0.04 0.15 0.42 1.00 0.04 0.14 0.41 1.00 0.31 1.00 1.00 1.00 0.29 1.00 1.00 1.00 0.04 0.13 0.40 1.00 0.28 0.86 1.00 1.00 0.04 0.13 0.40 1.00 0.04 0.12 0.38 1.00 0.28 0.86 1.00 1.00 0.26 0.65 1.00 1.00 0.04 0.10 0.37 1.00 0.29 0.57 1.00 1.00 0.04 0.10 0.37 1.00 0.04 0.10 0.37 1.00 0.29 0.57 1.00 1.00 0.40 0.52 1.00 1.00 0.04 0.09 0.36 1.00 0.39 0.44 0.92 1.00 0.04 0.09 0.36 1.00 0.04 0.09 0.36 1.00 0.39 0.44 0.92 1.00 0.36 0.39 0.81 1.00 0.04 0.09 0.37 1.00 0.40 0.45 0.95 1.00 0.41 1.00 1.00 1.00 0.41 1.00 1.00 1.00 0.41 1.00 1.00 1.00 0.42 1.00 1.00 1.00 0.42 1.00 1.00 1.00 0.42 1.00 1.00 1.00 0.43 1.00 1.00 1.00 0.44 1.00 1.00 1.00 0.44 1.00 1.00 1.00 0.45 1.00 1.00 1.00 0.45 1.00 1.00 1.00 0.45 1.00 1.00 1.00 0.45 1.00 1.00 1.00 0.44 1.00 1.00 1.00 0.44 1.00 1.00 1.00 0.44 1.00 1.00 1.00 0.43 1.00 1.00 1.00 0.43 1.00 1.00 1.00 0.42 1.00 1.00 1.00 0.42 1.00 1.00 1.00 0.42 1.00 1.00 1.00 0.41 1.00 1.00 1.00 0.41 1.00 1.00 1.00 0.41 1.00 1.00 1.00 0.37 0.92 1.00 1.00 0.38 1.00 1.00 1.00 0.39 1.00 1.00 1.00 0.39 1.00 1.00 1.00 0.41 1.00 1.00 1.00 0.42 1.00 1.00 1.00 0.42 1.00 1.00 1.00 0.43 1.00 1.00 1.00 0.44 1.00 1.00 1.00 0.44 1.00 1.00 1.00 0.44 1.00 1.00 1.00 0.43 1.00 1.00 1.00 0.43 1.00 1.00 1.00 0.42 1.00 1.00 1.00 0.40 1.00 1.00 1.00 0.40 1.00 1.00 1.00 0.39 1.00 1.00 1.00 0.38 1.00 1.00 1.00 0.38 1.00 1.00 1.00 0.37 0.96 1.00 1.00 0.37 0.91 1.00 1.00 0.37 0.91 1.00 1.00 0.37 0.89 1.00 1.00 0.37 0.92 1.00 1.00 0.02 0.11 0.17 1.00 0.02 0.08 0.15 1.00 0.01 0.03 0.08 1.00 0.01 0.02 0.07 1.00 0.03 0.11 0.25 1.00 0.05 0.13 0.32 1.00 0.03 0.06 0.18 1.00 0.05 0.15 0.32 1.00 0.03 0.07 0.21 1.00 0.05 0.18 0.32 1.00 0.03 0.06 0.18 1.00 0.05 0.13 0.32 1.00 0.03 0.09 0.18 1.00 0.05 0.15 0.32 1.00 0.03 0.07 0.20 1.00 0.05 0.18 0.32 1.00 0.02 0.08 0.15 1.00 0.02 0.10 0.16 1.00 0.01 0.03 0.08 1.00 0.01 0.02 0.07 1.00 0.11 0.32 0.32 1.00 0.28 0.73 0.73 1.00 0.05 0.22 0.32 1.00 0.33 0.73 0.73 1.00 0.14 0.32 0.32 1.00 0.28 0.73 0.73 1.00 0.09 0.22 0.32 1.00 0.08 0.15 0.32 1.00 0.07 0.15 0.32 1.00 0.10 0.31 0.32 1.00 0.14 0.32 0.32 1.00 0.13 0.32 0.32 1.00 0.15 0.49 0.73 1.00 0.15 0.51 0.73 1.00 0.04 0.13 0.32 1.00 0.03 0.13 0.30 1.00 0.15 0.53 0.73 1.00 0.03 0.14 0.31 1.00 0.05 0.18 0.32 1.00 0.03 0.07 0.21 1.00 0.14 0.33 0.73 1.00 0.14 0.34 0.73 1.00 0.03 0.11 0.28 1.00 0.04 0.13 0.32 1.00 0.05 0.11 0.32 1.00 0.04 0.07 0.20 1.00 0.04 0.19 0.32 1.00 0.04 0.13 0.25 1.00 0.04 0.18 0.27 1.00 0.04 0.13 0.25 1.00 0.04 0.11 0.32 1.00 0.04 0.07 0.19 1.00 0.01 0.05 0.12 1.00 0.02 0.05 0.12 1.00 0.03 0.16 0.17 1.00 0.04 0.17 0.17 1.00 0.03 0.10 0.17 1.00 0.03 0.11 0.17 1.00 0.01 0.04 0.11 1.00 0.02 0.05 0.13 1.00 0.03 0.11 0.17 1.00 0.02 0.05 0.13 1.00 0.02 0.08 0.17 1.00 0.01 0.03 0.06 1.00 0.01 0.02 0.09 1.00 0.03 0.06 0.17 1.00 0.01 0.03 0.09 1.00 0.03 0.10 0.17 1.00 0.01 0.03 0.09 1.00 0.02 0.06 0.17 1.00 0.01 0.03 0.06 1.00 0.03 0.15 0.17 1.00 0.01 0.05 0.11 1.00 0.06 0.23 0.32 1.00 0.03 0.07 0.16 1.00 0.05 0.15 0.32 1.00 0.04 0.08 0.23 1.00 0.04 0.06 0.16 1.00 0.04 0.08 0.23 1.00 0.04 0.06 0.16 1.00 0.08 0.28 0.32 1.00 0.13 0.32 0.32 1.00 0.13 0.32 0.32 1.00 0.13 0.32 0.32 1.00 0.13 0.32 0.32 1.00 0.09 0.21 0.32 1.00 0.12 0.32 0.32 1.00 0.12 0.32 0.32 1.00 0.13 0.32 0.32 1.00 0.13 0.32 0.32 1.00 0.08 0.19 0.19 1.00 0.08 0.19 0.19 1.00 0.00 0.00 0.00 1.00 0.00 0.00 0.00 1.00 0.07 0.19 0.19 1.00 0.00 0.00 0.00 1.00 0.07 0.19 0.19 1.00 0.07 0.19 0.19 1.00 0.00 0.00 0.00 1.00 0.00 0.00 0.00 1.00 0.07 0.19 0.19 1.00 0.00 0.00 0.00 1.00 0.07 0.19 0.19 1.00 0.08 0.19 0.19 1.00 0.00 0.00 0.00 1.00 0.00 0.00 0.00 1.00 0.08 0.19 0.19 1.00 0.00 0.00 0.00 1.00 0.08 0.19 0.19 1.00 0.08 0.19 0.19 1.00 0.00 0.00 0.00 1.00 0.00 0.00 0.00 1.00 0.08 0.19 0.19 1.00 0.08 0.19 0.19 1.00 0.00 0.00 0.00 1.00 0.00 0.00 0.00 1.00 0.08 0.19 0.19 1.00 0.00 0.00 0.00 1.00 0.07 0.19 0.19 1.00 0.00 0.00 0.00 1.00 0.07 0.19 0.19 1.00 0.00 0.00 0.00 1.00 0.12 0.28 0.68 1.00 0.08 0.15 0.32 1.00 0.07 0.15 0.32 1.00 0.13 0.30 0.68 1.00 0.05 0.24 0.32 1.00 0.11 0.32 0.32 1.00 0.01 0.03 0.07 1.00 0.03 0.09 0.17 1.00 0.01 0.03 0.09 1.00 0.03 0.11 0.17 1.00 0.14 0.34 0.73 1.00 0.04 0.14 0.32 1.00 0.03 0.07 0.20 1.00 0.05 0.18 0.32 1.00 0.06 0.23 0.32 1.00 0.03 0.07 0.16 1.00 0.03 0.06 0.17 1.00 0.01 0.02 0.09 1.00 0.01 0.03 0.09 1.00 0.14 0.32 0.32 1.00 0.13 0.31 0.32 1.00 0.14 0.32 0.32 1.00 0.01 0.04 0.09 1.00 0.02 0.07 0.17 1.00 0.05 0.15 0.32 1.00 0.05 0.10 0.29 1.00 0.05 0.10 0.29 1.00 0.11 0.22 0.32 1.00 0.13 0.32 0.32 1.00 0.12 0.32 0.32 1.00 0.07 0.15 0.32 1.00 0.07 0.15 0.32 1.00 0.03 0.06 0.17 1.00 0.18 0.49 1.00 1.00 0.19 0.51 1.00 1.00 0.20 0.40 1.00 1.00 0.22 0.43 1.00 1.00 0.19 0.52 1.00 1.00 0.19 0.50 1.00 1.00 0.22 0.46 1.00 1.00 0.21 0.42 1.00 1.00 0.19 0.51 1.00 1.00 0.18 0.49 1.00 1.00 0.18 0.54 1.00 1.00 0.17 0.53 1.00 1.00 0.19 0.50 1.00 1.00 0.19 0.52 1.00 1.00 0.17 0.54 1.00 1.00 0.18 0.54 1.00 1.00 0.09 0.28 0.78 1.00 0.09 0.28 0.80 1.00 0.17 0.60 1.00 1.00 0.17 0.59 1.00 1.00 0.09 0.28 0.81 1.00 0.09 0.28 0.79 1.00 0.17 0.60 1.00 1.00 0.17 0.61 1.00 1.00 0.18 0.54 1.00 1.00 0.17 0.53 1.00 1.00 0.17 0.59 1.00 1.00 0.17 0.60 1.00 1.00 0.17 0.54 1.00 1.00 0.18 0.54 1.00 1.00 0.17 0.61 1.00 1.00 0.17 0.60 1.00 1.00 0.24 0.61 1.00 1.00 0.22 0.43 1.00 1.00 0.20 0.53 1.00 1.00 0.19 0.51 1.00 1.00 0.17 0.60 1.00 1.00 0.17 0.59 1.00 1.00 0.09 0.28 0.81 1.00 0.09 0.22 0.78 1.00 0.19 0.52 1.00 1.00 0.20 0.54 1.00 1.00 0.18 0.54 1.00 1.00 0.18 0.55 1.00 1.00 0.20 0.54 1.00 1.00 0.18 0.55 1.00 1.00 0.18 0.55 1.00 1.00 0.18 0.55 1.00 1.00 0.18 0.54 1.00 1.00 0.17 0.58 1.00 1.00 0.17 0.59 1.00 1.00 0.22 0.46 1.00 1.00 0.24 0.63 1.00 1.00 0.24 0.63 1.00 1.00 0.17 0.58 1.00 1.00 0.17 0.59 1.00 1.00 0.09 0.22 0.78 1.00 0.09 0.28 0.80 1.00 0.17 0.59 1.00 1.00 0.09 0.22 0.78 1.00 0.18 0.55 1.00 1.00 0.17 0.59 1.00 1.00 0.18 0.54 1.00 1.00 0.18 0.54 1.00 1.00 0.18 0.55 1.00 1.00 0.17 0.60 1.00 1.00 0.17 0.59 1.00 1.00 0.06 0.15 0.32 1.00 0.06 0.18 0.32 1.00 0.16 0.39 1.00 1.00 0.16 0.46 1.00 1.00 0.11 0.28 0.81 1.00 0.16 0.46 1.00 1.00 0.06 0.20 0.35 1.00 0.16 0.35 1.00 1.00 0.16 0.35 1.00 1.00 0.16 0.45 1.00 1.00 0.16 0.45 1.00 1.00 0.16 0.32 0.99 1.00 0.16 0.38 1.00 1.00 0.06 0.14 0.32 1.00 0.06 0.17 0.32 1.00 0.19 0.27 0.67 1.00 0.20 0.29 0.73 1.00 0.18 0.53 1.00 1.00 0.18 0.55 1.00 1.00 0.16 0.54 1.00 1.00 0.16 0.32 0.99 1.00 0.16 0.44 1.00 1.00 0.09 0.16 0.45 1.00 0.01 0.01 0.03 1.00 0.00 0.00 0.00 1.00 0.04 0.05 0.07 1.00 0.09 0.16 0.45 1.00 0.00 0.00 0.00 1.00 0.16 0.33 1.00 1.00 0.19 0.22 0.29 1.00 0.19 0.22 0.29 1.00 0.21 0.25 0.35 1.00 0.20 0.30 0.76 1.00 0.18 0.55 1.00 1.00 0.16 0.41 1.00 1.00 0.04 0.05 0.07 1.00 0.16 0.33 1.00 1.00 0.04 0.05 0.07 1.00 0.16 0.44 1.00 1.00 0.16 0.44 1.00 1.00 0.16 0.53 1.00 1.00 0.16 0.55 1.00 1.00 0.19 0.27 0.61 1.00 0.09 0.10 0.13 1.00 0.11 0.28 0.82 1.00 0.16 0.41 1.00 1.00 0.16 0.44 1.00 1.00 0.16 0.53 1.00 1.00 0.06 0.19 0.35 1.00 0.01 0.02 0.04 1.00 0.20 0.24 0.33 1.00 0.20 0.24 0.32 1.00 0.20 0.23 0.30 1.00 0.19 0.22 0.28 1.00 0.09 0.10 0.13 1.00 0.19 0.22 0.28 1.00 0.16 0.16 0.16 1.00 0.16 0.16 0.16 1.00 0.16 0.23 0.53 1.00 0.16 0.20 0.36 1.00 0.26 0.58 1.00 1.00 0.27 0.53 1.00 1.00 0.26 0.58 1.00 1.00 0.26 0.53 1.00 1.00 0.23 0.38 1.00 1.00 0.22 0.42 1.00 1.00 0.24 0.47 1.00 1.00 0.24 0.49 1.00 1.00 0.24 0.45 1.00 1.00 0.23 0.48 1.00 1.00 0.22 0.37 1.00 1.00 0.21 0.40 1.00 1.00 0.24 0.36 1.00 1.00 0.24 0.37 1.00 1.00 0.25 0.44 1.00 1.00 0.25 0.44 1.00 1.00 0.24 0.42 1.00 1.00 0.24 0.42 1.00 1.00 0.22 0.35 1.00 1.00 0.22 0.35 1.00 1.00 0.26 0.51 1.00 1.00 0.25 0.56 1.00 1.00 0.26 0.51 1.00 1.00 0.25 0.56 1.00 1.00 0.23 0.44 1.00 1.00 0.24 0.39 1.00 1.00 0.24 0.51 1.00 1.00 0.25 0.47 1.00 1.00 0.27 0.72 1.00 1.00 0.27 0.72 1.00 1.00 0.27 0.72 1.00 1.00 0.27 0.72 1.00 1.00 0.24 0.49 1.00 1.00 0.24 0.45 1.00 1.00 0.21 0.41 1.00 1.00 0.22 0.38 1.00 1.00 0.16 0.16 0.16 1.00 0.16 0.16 0.16 1.00 0.16 0.20 0.36 1.00 0.16 0.23 0.53 1.00 0.16 0.16 0.16 1.00 0.16 0.16 0.16 1.00 0.16 0.16 0.16 1.00 0.16 0.16 0.16 1.00 0.16 0.16 0.16 1.00 0.16 0.16 0.16 1.00 0.16 0.16 0.16 1.00 0.16 0.23 0.51 1.00 0.16 0.27 0.75 1.00 0.16 0.32 0.98 1.00 0.22 0.41 1.00 1.00 0.23 0.40 1.00 1.00 0.28 0.62 1.00 1.00 0.26 0.60 1.00 1.00 0.27 0.75 1.00 1.00 0.23 0.59 1.00 1.00 0.27 0.62 1.00 1.00 0.24 0.61 1.00 1.00 0.29 0.64 1.00 1.00 0.29 0.79 1.00 1.00 0.26 0.59 1.00 1.00 0.29 0.62 1.00 1.00 0.24 0.63 1.00 1.00 0.30 0.86 1.00 1.00 0.25 0.47 1.00 1.00 0.22 0.33 1.00 1.00 0.22 0.45 1.00 1.00 0.20 0.37 1.00 1.00 0.16 0.27 0.75 1.00 0.22 0.40 1.00 1.00 0.16 0.29 0.82 1.00 0.21 0.32 0.95 1.00 0.28 0.60 1.00 1.00 0.29 0.82 1.00 1.00 0.25 0.58 1.00 1.00 0.24 0.63 1.00 1.00 0.29 0.62 1.00 1.00 0.29 0.64 1.00 1.00 0.28 0.84 1.00 1.00 0.29 0.86 1.00 1.00 0.25 0.47 1.00 1.00 0.21 0.38 1.00 1.00 0.25 0.47 1.00 1.00 0.21 0.37 1.00 1.00 0.22 0.40 1.00 1.00 0.22 0.41 1.00 1.00 0.20 0.36 1.00 1.00 0.20 0.36 1.00 1.00 0.28 0.62 1.00 1.00 0.28 0.83 1.00 1.00 0.28 0.60 1.00 1.00 0.27 0.80 1.00 1.00 0.25 0.58 1.00 1.00 0.28 0.60 1.00 1.00 0.23 0.56 1.00 1.00 0.27 0.74 1.00 1.00 0.29 0.62 1.00 1.00 0.29 0.78 1.00 1.00 0.26 0.59 1.00 1.00 0.24 0.58 1.00 1.00 0.29 0.64 1.00 1.00 0.27 0.62 1.00 1.00 0.30 0.87 1.00 1.00 0.25 0.66 1.00 1.00 0.22 0.47 1.00 1.00 0.20 0.38 1.00 1.00 0.25 0.47 1.00 1.00 0.22 0.34 1.00 1.00 0.28 0.60 1.00 1.00 0.28 0.62 1.00 1.00 0.26 0.73 1.00 1.00 0.27 0.74 1.00 1.00 0.29 0.64 1.00 1.00 0.28 0.78 1.00 1.00 0.29 0.62 1.00 1.00 0.27 0.76 1.00 1.00 0.22 0.41 1.00 1.00 0.16 0.27 0.75 1.00 0.21 0.32 0.94 1.00 0.19 0.37 1.00 1.00 0.26 0.60 1.00 1.00 0.25 0.65 1.00 1.00 0.28 0.62 1.00 1.00 0.29 0.83 1.00 1.00 0.16 0.16 0.16 1.00 0.16 0.16 0.16 1.00 0.16 0.23 0.51 1.00 0.16 0.16 0.16 1.00 0.22 0.40 1.00 1.00 0.23 0.40 1.00 1.00 0.16 0.27 0.75 1.00 0.16 0.32 0.98 1.00 0.16 0.16 0.16 1.00 0.16 0.16 0.16 1.00 0.16 0.16 0.16 1.00 0.16 0.16 0.16 1.00 0.22 0.41 1.00 1.00 0.22 0.45 1.00 1.00 0.22 0.40 1.00 1.00 0.22 0.44 1.00 1.00 0.16 0.16 0.16 1.00 0.16 0.25 0.65 1.00 0.16 0.23 0.53 1.00 0.19 0.31 0.95 1.00 0.29 0.91 1.00 1.00 0.28 0.66 1.00 1.00 0.29 0.67 1.00 1.00 0.30 0.71 1.00 1.00 0.25 0.50 1.00 1.00 0.25 0.53 1.00 1.00 0.25 0.54 1.00 1.00 0.25 0.51 1.00 1.00 0.24 0.50 1.00 1.00 0.24 0.51 1.00 1.00 0.24 0.51 1.00 1.00 0.24 0.49 1.00 1.00 0.27 0.71 1.00 1.00 0.27 0.71 1.00 1.00 0.26 0.50 1.00 1.00 0.26 0.50 1.00 1.00 0.25 0.47 1.00 1.00 0.25 0.47 1.00 1.00 0.25 0.67 1.00 1.00 0.25 0.66 1.00 1.00 0.27 0.64 1.00 1.00 0.29 0.87 1.00 1.00 0.29 0.88 1.00 1.00 0.28 0.64 1.00 1.00 0.26 0.56 1.00 1.00 0.26 0.53 1.00 1.00 0.25 0.53 1.00 1.00 0.25 0.55 1.00 1.00 0.31 0.91 1.00 1.00 0.31 0.92 1.00 1.00 0.31 0.93 1.00 1.00 0.31 0.93 1.00 1.00 0.24 0.52 1.00 1.00 0.24 0.51 1.00 1.00 0.24 0.50 1.00 1.00 0.24 0.52 1.00 1.00 0.16 0.25 0.65 1.00 0.16 0.16 0.16 1.00 0.19 0.31 0.94 1.00 0.16 0.23 0.53 1.00 0.16 0.16 0.16 1.00 0.16 0.16 0.16 1.00 0.19 0.28 0.75 1.00 0.19 0.28 0.76 1.00 0.28 0.35 0.60 1.00 0.16 0.16 0.16 1.00 0.16 0.30 0.88 1.00 0.16 0.24 0.58 1.00 0.09 0.16 0.44 1.00 0.16 0.32 0.96 1.00 0.16 0.27 0.75 1.00 0.16 0.24 0.59 1.00 0.16 0.28 0.76 1.00 0.16 0.30 0.89 1.00 0.16 0.32 0.97 1.00 0.16 0.34 1.00 1.00 0.09 0.16 0.44 1.00 0.09 0.18 0.54 1.00 0.16 0.66 1.00 1.00 0.16 0.48 1.00 1.00 0.16 0.50 1.00 1.00 0.16 0.41 1.00 1.00 0.16 0.65 1.00 1.00 0.16 0.48 1.00 1.00 0.16 0.53 1.00 1.00 0.16 0.43 1.00 1.00 0.16 0.49 1.00 1.00 0.16 0.56 1.00 1.00 0.16 0.78 1.00 1.00 0.18 0.40 1.00 1.00 0.22 0.29 0.49 1.00 0.18 0.41 1.00 1.00 0.24 0.37 0.99 1.00 0.10 0.13 0.18 1.00 0.09 0.11 0.15 1.00 0.22 0.34 0.87 1.00 0.22 0.27 0.45 1.00 0.18 0.40 1.00 1.00 0.18 0.39 1.00 1.00 0.16 0.57 1.00 1.00 0.16 0.80 1.00 1.00 0.16 0.34 1.00 1.00 0.16 0.29 0.84 1.00 0.30 0.42 0.69 1.00 0.26 0.35 0.55 1.00 0.25 0.33 0.51 1.00 0.22 0.27 0.38 1.00 0.25 0.33 0.51 1.00 0.10 0.12 0.16 1.00 0.23 0.30 0.44 1.00 0.10 0.13 0.18 1.00 0.25 0.32 0.49 1.00 0.27 0.38 0.61 1.00 0.24 0.32 0.49 1.00 0.33 0.48 0.82 1.00 0.09 0.11 0.15 1.00 0.10 0.13 0.18 1.00 0.09 0.18 0.53 1.00 0.07 0.13 0.33 1.00 0.16 0.41 1.00 1.00 0.09 0.18 0.54 1.00 0.09 0.16 0.44 1.00 0.16 0.43 1.00 1.00 0.18 0.43 1.00 1.00 0.16 0.67 1.00 1.00 0.16 0.54 1.00 1.00 0.16 0.68 1.00 1.00 0.20 0.28 0.61 1.00 0.10 0.12 0.16 1.00 0.09 0.11 0.14 1.00 0.18 0.42 1.00 1.00 0.20 0.27 0.58 1.00 0.10 0.12 0.16 1.00 0.11 0.13 0.18 1.00 0.11 0.13 0.19 1.00 0.16 0.31 0.94 1.00 0.07 0.13 0.33 1.00 0.09 0.18 0.53 1.00 0.09 0.16 0.44 1.00 0.11 0.13 0.19 1.00 0.17 0.31 0.98 1.00 0.16 0.31 0.94 1.00 0.16 0.33 1.00 1.00 0.16 0.29 0.85 1.00 0.07 0.13 0.33 1.00 0.09 0.11 0.13 1.00 0.17 0.32 1.00 1.00 0.17 0.33 1.00 1.00 0.07 0.13 0.33 1.00 0.21 0.25 0.35 1.00 0.29 0.42 0.68 1.00 0.23 0.30 0.44 1.00 0.25 0.32 0.49 1.00 0.11 0.13 0.20 1.00 0.21 0.25 0.34 1.00 0.20 0.24 0.31 1.00 0.16 0.16 0.16 1.00 0.09 0.11 0.14 1.00 0.18 0.19 0.22 1.00 0.19 0.22 0.28 1.00 0.09 0.11 0.13 1.00 0.18 0.19 0.22 1.00 0.16 0.16 0.16 1.00 0.16 0.17 0.18 1.00 0.17 0.18 0.19 1.00 0.37 0.92 1.00 1.00 0.38 1.00 1.00 1.00 0.45 0.75 1.00 1.00 0.43 0.84 1.00 1.00 0.35 0.82 1.00 1.00 0.44 1.00 1.00 1.00 0.37 1.00 1.00 1.00 0.38 1.00 1.00 1.00 0.40 1.00 1.00 1.00 0.41 1.00 1.00 1.00 0.41 1.00 1.00 1.00 0.40 1.00 1.00 1.00 0.38 1.00 1.00 1.00 0.36 1.00 1.00 1.00 0.35 0.98 1.00 1.00 0.33 0.77 1.00 1.00 0.42 0.80 1.00 1.00 0.44 0.74 1.00 1.00 0.46 0.73 1.00 1.00 0.37 0.89 1.00 1.00 0.39 1.00 1.00 1.00 0.41 1.00 1.00 1.00 0.42 1.00 1.00 1.00 0.43 1.00 1.00 1.00 0.44 1.00 1.00 1.00 0.44 1.00 1.00 1.00 0.43 1.00 1.00 1.00 0.42 1.00 1.00 1.00 0.40 1.00 1.00 1.00 0.39 1.00 1.00 1.00 0.38 1.00 1.00 1.00 0.37 0.96 1.00 1.00 0.37 0.91 1.00 1.00 0.18 0.19 0.22 1.00 0.18 0.19 0.22 1.00 0.16 0.17 0.18 1.00 0.16 0.16 0.16 1.00 0.16 0.16 0.16 1.00 0.16 0.16 0.16 1.00 0.16 0.17 0.18 1.00 0.16 0.16 0.16 1.00 0.17 0.18 0.19 1.00 0.19 0.22 0.28 1.00 0.17 0.19 0.22 1.00 0.19 0.22 0.28 1.00 0.16 0.17 0.18 1.00 0.19 0.22 0.28 1.00 0.20 0.23 0.31 1.00 0.20 0.23 0.30 1.00 0.19 0.22 0.28 1.00 0.18 0.19 0.22 1.00 0.19 0.22 0.29 1.00 0.20 0.24 0.33 1.00 0.20 0.24 0.32 1.00 0.17 0.18 0.19 1.00 0.16 0.16 0.16 1.00 0.16 0.16 0.16 1.00 0.16 0.16 0.16 1.00 0.17 0.18 0.19 1.00 0.16 0.37 1.00 1.00 0.16 0.42 1.00 1.00 0.07 0.12 0.33 1.00 0.16 0.44 1.00 1.00 0.07 0.13 0.35 1.00 0.16 0.44 1.00 1.00 0.21 0.49 1.00 1.00 0.07 0.13 0.34 1.00 0.07 0.13 0.35 1.00 0.22 0.69 1.00 1.00 0.04 0.06 0.15 1.00 0.16 0.23 0.51 1.00 0.16 0.28 0.78 1.00 0.16 0.23 0.51 1.00 0.16 0.23 0.51 1.00 0.00 0.00 0.00 1.00 0.00 0.00 0.00 1.00 0.16 0.28 0.78 1.00 0.21 0.37 1.00 1.00 0.00 0.00 0.00 1.00 0.00 0.00 0.00 1.00 0.21 0.37 1.00 1.00 0.02 0.03 0.06 1.00 0.16 0.34 1.00 1.00 0.22 0.55 1.00 1.00 0.22 0.66 1.00 1.00 0.09 0.17 0.50 1.00 0.09 0.21 0.52 1.00 0.09 0.21 0.52 1.00 0.22 0.66 1.00 1.00 0.22 0.73 1.00 1.00 0.09 0.22 0.52 1.00 0.16 0.44 1.00 1.00 0.09 0.22 0.52 1.00 0.22 0.69 1.00 1.00 0.09 0.22 0.52 1.00 0.09 0.22 0.52 1.00 0.22 0.67 1.00 1.00 0.21 0.52 1.00 1.00 0.21 0.38 1.00 1.00 0.21 0.38 1.00 1.00 0.21 0.32 0.96 1.00 0.21 0.38 1.00 1.00 0.21 0.38 1.00 1.00 0.22 0.53 1.00 1.00 0.22 0.68 1.00 1.00 0.22 0.68 1.00 1.00 0.22 0.74 1.00 1.00 0.22 0.67 1.00 1.00 0.22 0.74 1.00 1.00 0.20 0.57 1.00 1.00 0.21 0.66 1.00 1.00 0.37 1.00 1.00 1.00 0.09 0.19 0.64 1.00 0.15 0.40 1.00 1.00 0.00 0.00 0.00 1.00 0.19 0.40 1.00 1.00 0.18 0.24 0.55 1.00 0.00 0.00 0.00 1.00 0.00 0.00 0.00 1.00 0.18 0.24 0.55 1.00 0.18 0.19 0.23 1.00 0.00 0.00 0.00 1.00 0.19 0.25 0.57 1.00 0.00 0.00 0.00 1.00 0.09 0.20 0.71 1.00 0.19 0.25 0.57 1.00 0.20 0.41 1.00 1.00 0.50 1.00 1.00 1.00 0.15 0.42 1.00 1.00 0.15 0.49 1.00 1.00 0.15 0.42 1.00 1.00 0.21 0.58 1.00 1.00 0.15 0.40 1.00 1.00 0.16 0.30 0.87 1.00 0.16 0.34 1.00 1.00 0.09 0.17 0.50 1.00 0.02 0.03 0.06 1.00 0.16 0.23 0.51 1.00 0.16 0.16 0.16 1.00 0.04 0.06 0.15 1.00 0.00 0.00 0.00 1.00 0.21 0.52 1.00 1.00 0.22 0.67 1.00 1.00 0.20 0.57 1.00 1.00 0.22 0.67 1.00 1.00 0.21 0.38 1.00 1.00 0.21 0.38 1.00 1.00 0.21 0.32 0.96 1.00 0.21 0.38 1.00 1.00 0.22 0.53 1.00 1.00 0.21 0.38 1.00 1.00 0.22 0.68 1.00 1.00 0.21 0.58 1.00 1.00 0.22 0.68 1.00 1.00 0.09 0.17 0.49 1.00 0.16 0.52 1.00 1.00 0.09 0.27 0.67 1.00 0.10 0.23 0.76 1.00 0.00 0.00 0.00 1.00 0.20 0.24 0.33 1.00 0.18 0.20 0.29 1.00 0.08 0.18 0.64 1.00 0.41 0.48 0.74 1.00 0.19 0.39 1.00 1.00 0.00 0.00 0.00 1.00 0.05 0.06 0.11 1.00 0.06 0.12 0.36 1.00 </float_array>
                    <technique_common>
                        <accessor source="#geom-003807E0-colors-array" count="1062" stride="4">
                            <param name="R" type="float" />
                            <param name="G" type="float" />
                            <param name="B" type="float" />
                            <param name="A" type="float" />
                        </accessor>
                    </technique_common>
                </source>
                <vertices id="geom-003807E0-vtx">
                    <input semantic="POSITION" source="#geom-003807E0-pos" />
                </vertices>
                <triangles count="207" material="material-0317A7B2-symbol">
                    <input semantic="VERTEX" source="#geom-003807E0-vtx" offset="0" />
                    <input semantic="TEXCOORD" source="#geom-003807E0-texcoord" offset="0" />
                    <input semantic="COLOR" source="#geom-003807E0-colors" offset="0" />
                    <p>0 1 2 2 43 0 42 43 2 42 69 43 68 69 42 2 1 3 3 1 80 80 1 81 4 5 6 6 5 7 6 7 47 47 7 46 46 45 47 44 45 46 44 79 45 78 79 44 8 9 10 8 57 9 56 57 8 10 9 11 10 11 12 12 11 13 12 13 14 14 13 15 14 15 16 16 15 17 16 17 52 52 17 53 18 19 20 20 19 21 19 84 21 21 84 85 22 23 24 24 23 25 24 25 70 70 25 71 70 71 72 72 71 73 72 73 76 76 73 77 26 27 28 28 27 29 28 29 82 82 29 83 30 31 32 30 55 31 54 55 30 32 31 33 32 33 34 34 33 35 34 35 36 36 35 37 36 37 38 38 37 39 38 39 40 40 39 41 48 49 50 48 90 49 50 49 51 50 51 74 74 51 75 58 59 60 59 61 60 61 62 60 63 64 65 65 64 66 66 67 65 86 87 88 88 87 89 </p>
                </triangles>
            </mesh>
        </geometry>
        <geometry id="geom-01F846E5" name="geom-01F846E5">
            <mesh>
                <source id="geom-01F846E5-pos">
                    <float_array id="geom-01F846E5-pos-array" count="2913">3633.00 -9.54 -817.46 3605.69 17.00 -806.19 3664.00 0.00 -834.00 3647.00 -9.54 -762.46 3601.82 10.94 -764.81 3602.00 -11.09 -751.00 3602.00 -11.09 -751.00 3601.82 10.94 -764.81 3515.89 0.25 -761.68 3511.10 24.18 -777.91 3525.03 19.88 -815.17 3515.89 0.25 -821.68 3449.14 59.16 -849.98 3440.51 47.22 -863.38 3515.89 0.25 -761.68 3511.10 24.18 -777.91 3440.51 47.22 -803.38 3448.54 62.62 -816.59 3515.89 0.25 -821.68 3525.03 19.88 -815.17 3602.00 -11.09 -811.00 3605.69 17.00 -806.19 3602.00 -33.62 -802.00 3512.57 -20.98 -812.68 3602.00 -11.09 -811.00 3515.89 0.25 -821.68 3511.15 -29.75 -791.68 3431.02 18.76 -833.38 3512.57 -20.98 -812.68 3433.87 27.30 -854.38 3512.57 -20.98 -770.68 3433.87 27.30 -812.38 3515.89 0.25 -761.68 3440.51 47.22 -803.38 3515.89 0.25 -821.68 3440.51 47.22 -863.38 3602.00 -42.62 -781.00 3511.15 -29.75 -791.68 3602.00 -33.62 -760.00 3512.57 -20.98 -770.68 3515.89 0.25 -761.68 3602.00 -11.09 -751.00 3602.00 -11.09 -811.00 3692.00 0.00 -784.00 3860.00 115.42 -898.62 3908.00 120.00 -883.00 3870.50 100.47 -889.70 3921.16 106.03 -876.43 3824.97 89.98 -901.00 3824.97 77.39 -881.99 3873.00 89.17 -872.20 3824.97 89.94 -864.83 3866.00 99.94 -858.12 3827.39 96.36 -855.38 3861.00 115.42 -853.12 3823.61 105.45 -855.60 3787.00 63.47 -897.18 3778.00 85.50 -904.60 3824.97 89.98 -901.00 3818.40 104.45 -908.83 3685.00 -24.00 -834.00 3692.00 0.00 -844.00 3753.00 30.00 -884.00 3728.00 36.00 -879.00 3789.79 56.08 -880.31 3753.00 30.00 -884.00 3761.91 30.58 -866.38 3761.91 30.58 -866.38 3698.00 -25.00 -818.00 3755.98 38.26 -848.64 3786.32 62.58 -862.42 3755.98 38.26 -848.64 3697.48 -17.56 -800.10 3772.50 80.00 -852.10 3749.00 57.00 -841.00 3749.00 57.00 -841.00 3695.76 -9.59 -784.82 3692.00 0.00 -784.00 3685.00 -24.00 -834.00 3643.50 -35.09 -812.96 3664.00 0.00 -834.00 3633.00 -9.54 -817.46 3650.00 -40.09 -794.46 3602.00 -33.62 -802.00 3602.00 -42.62 -781.00 3649.50 -31.59 -773.46 3602.00 -33.62 -760.00 3647.00 -9.54 -762.46 3602.00 -11.09 -751.00 3782.49 61.18 -786.54 3809.43 84.52 -813.48 3776.59 69.87 -783.87 3803.80 95.21 -811.55 3806.52 77.10 -821.00 3827.39 96.36 -855.38 3824.97 89.94 -864.83 3766.18 64.38 -802.74 3787.65 86.51 -825.73 3774.37 58.30 -805.57 3795.57 77.66 -826.33 3796.00 103.00 -853.83 3801.61 88.38 -857.65 3787.65 86.51 -825.73 3762.26 37.88 -779.32 3753.56 44.15 -775.76 3739.87 18.10 -777.78 3730.52 25.34 -773.78 3695.76 -9.59 -784.82 3692.00 0.00 -784.00 3736.54 19.95 -800.86 3697.48 -17.56 -800.10 3705.44 0.58 -803.44 3758.76 38.07 -799.58 3752.06 46.15 -797.76 3602.00 -11.09 -811.00 3698.00 -25.00 -818.00 3697.48 -17.56 -800.10 3695.76 -9.59 -784.82 3692.00 0.00 -784.00 3744.00 51.00 -891.00 3824.97 77.39 -881.99 3824.97 89.94 -864.83 3801.61 88.38 -857.65 3796.00 103.00 -853.83 3924.89 93.97 -857.00 3925.60 97.78 -867.07 3818.40 104.45 -908.83 3917.71 97.23 -847.61 3910.03 103.55 -844.22 3892.00 120.00 -845.00 3781.30 55.68 -797.74 3764.18 33.45 -790.76 3742.56 15.41 -790.72 3823.61 105.45 -855.60 3712.00 19.00 -803.00 3729.27 27.95 -800.35 4003.68 -244.40 -857.27 3993.91 -244.40 -871.91 4003.64 -210.00 -857.25 3993.88 -210.00 -871.88 3979.27 -244.40 -881.69 3979.25 -210.00 -881.65 3979.27 -244.40 -881.69 3962.00 -244.40 -885.12 3979.25 -210.00 -881.65 3962.00 -210.00 -885.08 3962.00 -244.40 -885.12 3944.73 -244.40 -881.69 3944.75 -210.00 -881.65 3944.73 -244.40 -881.69 3930.09 -244.40 -871.91 3944.75 -210.00 -881.65 3930.12 -210.00 -871.88 3920.31 -244.40 -857.27 3920.35 -210.00 -857.25 3920.31 -244.40 -857.27 3916.88 -244.40 -840.00 3920.35 -210.00 -857.25 3916.92 -210.00 -840.00 3920.31 -244.40 -822.73 3920.35 -210.00 -822.75 3920.31 -244.40 -822.73 3930.09 -244.40 -808.09 3920.35 -210.00 -822.75 3930.12 -210.00 -808.12 3944.73 -244.40 -798.31 3944.75 -210.00 -798.35 3944.73 -244.40 -798.31 3962.00 -244.40 -794.88 3944.75 -210.00 -798.35 3962.00 -210.00 -794.92 3979.27 -244.40 -798.31 3979.25 -210.00 -798.35 3979.27 -244.40 -798.31 3993.91 -244.40 -808.09 3979.25 -210.00 -798.35 3993.88 -210.00 -808.12 4003.68 -244.40 -822.73 4003.64 -210.00 -822.75 4003.68 -244.40 -822.73 4007.04 -244.40 -840.00 4003.64 -210.00 -822.75 4007.08 -210.00 -840.00 4003.68 -244.40 -857.27 4003.64 -210.00 -857.25 3996.16 -210.00 -840.00 3993.56 -210.00 -853.08 3993.56 -210.00 -853.08 3986.16 -210.00 -864.16 3975.08 -210.00 -871.56 3975.08 -210.00 -871.56 3962.00 -210.00 -874.16 3948.92 -210.00 -871.56 3948.92 -210.00 -871.56 3937.84 -210.00 -864.16 3930.44 -210.00 -853.08 3930.44 -210.00 -853.08 3927.84 -210.00 -840.00 3930.44 -210.00 -826.92 3930.44 -210.00 -826.92 3937.84 -210.00 -815.84 3948.92 -210.00 -808.44 3948.92 -210.00 -808.44 3962.00 -210.00 -805.84 3975.08 -210.00 -808.44 3975.08 -210.00 -808.44 3986.16 -210.00 -815.84 3993.56 -210.00 -826.92 3993.56 -210.00 -826.92 3990.92 -213.33 -851.98 3984.13 -213.33 -862.13 3973.98 -213.33 -868.92 3973.98 -213.33 -868.92 3962.00 -213.33 -871.30 3950.02 -213.33 -868.92 3950.02 -213.33 -868.92 3939.87 -213.33 -862.13 3933.08 -213.33 -851.98 3933.08 -213.33 -851.98 3930.70 -213.33 -840.00 3933.08 -213.33 -828.02 3933.08 -213.33 -828.02 3939.87 -213.33 -817.87 3950.02 -213.33 -811.08 3950.02 -213.33 -811.08 3962.00 -213.33 -808.70 3973.98 -213.33 -811.08 3973.98 -213.33 -811.08 3984.13 -213.33 -817.87 3990.92 -213.33 -828.02 3990.92 -213.33 -828.02 3993.30 -213.33 -840.00 3990.92 -213.33 -851.98 3872.00 -210.00 -975.00 3872.00 -240.00 -975.00 3872.00 -220.00 -930.00 3872.00 -240.00 -930.00 3827.00 -240.00 -930.00 3850.00 -230.00 -930.00 3872.00 -240.00 -930.00 3827.00 -230.00 -930.00 3872.00 -220.00 -930.00 3850.00 -220.00 -930.00 3872.00 -240.00 -750.00 3850.00 -230.00 -750.00 3827.00 -240.00 -750.00 3827.00 -230.00 -750.00 3872.00 -220.00 -750.00 3850.00 -220.00 -750.00 3872.00 -240.00 -705.00 3872.00 -210.00 -705.00 3872.00 -220.00 -750.00 3872.00 -240.00 -750.00 3908.79 -210.00 -771.78 3872.00 -210.00 -790.00 3872.00 -210.00 -705.00 3872.00 -210.00 -840.00 3916.51 -210.00 -858.84 3872.00 -210.00 -890.00 4015.20 -210.00 -908.22 4083.40 -210.00 -878.50 4052.00 -210.00 -955.49 3962.00 -210.00 -932.12 3943.16 -210.00 -885.50 3962.00 -210.00 -889.25 3850.00 -220.00 -840.00 3850.00 -220.00 -790.00 3872.00 -220.00 -840.00 3872.00 -220.00 -790.00 3850.00 -220.00 -890.00 3872.00 -220.00 -890.00 3850.00 -220.00 -930.00 3872.00 -220.00 -930.00 3827.00 -230.00 -840.00 3827.00 -230.00 -790.00 3850.00 -230.00 -840.00 3850.00 -230.00 -790.00 3962.00 -210.00 -975.00 3962.00 -240.00 -975.00 3872.00 -210.00 -975.00 3872.00 -240.00 -975.00 3872.00 -210.00 -705.00 3872.00 -240.00 -705.00 3962.00 -210.00 -705.00 3962.00 -240.00 -705.00 3872.00 -220.00 -890.00 3872.00 -220.00 -840.00 3872.00 -210.00 -890.00 3872.00 -210.00 -840.00 3850.00 -220.00 -840.00 3850.00 -220.00 -890.00 3850.00 -230.00 -840.00 3850.00 -230.00 -890.00 3850.00 -220.00 -790.00 3850.00 -230.00 -790.00 3850.00 -220.00 -750.00 3850.00 -230.00 -750.00 3827.00 -240.00 -856.67 3827.00 -230.00 -890.00 3827.00 -240.00 -890.00 3827.00 -230.00 -770.00 3827.00 -240.00 -770.00 3827.00 -230.00 -750.00 3827.00 -240.00 -750.00 3872.00 -210.00 -790.00 3872.00 -220.00 -790.00 3827.00 -230.00 -910.00 3850.00 -230.00 -930.00 3827.00 -230.00 -930.00 4052.00 -210.00 -975.00 4052.00 -240.00 -975.00 4052.00 -210.00 -705.00 4052.00 -240.00 -705.00 3962.00 -210.00 -747.88 3980.85 -210.00 -794.50 3962.00 -210.00 -790.75 3943.16 -210.00 -794.50 3927.18 -210.00 -805.18 4015.20 -210.00 -771.78 4007.52 -210.00 -821.16 3996.83 -210.00 -805.18 3980.85 -210.00 -885.50 3996.83 -210.00 -874.82 3927.18 -210.00 -805.18 3943.16 -210.00 -794.50 3930.09 -244.40 -808.09 3944.73 -244.40 -798.31 3962.00 -210.00 -790.75 3962.00 -244.40 -794.88 3996.83 -210.00 -805.18 4007.52 -210.00 -821.16 3993.91 -244.40 -808.09 4003.68 -244.40 -822.73 4011.16 -210.00 -840.00 4007.04 -244.40 -840.00 3996.83 -210.00 -874.82 3980.85 -210.00 -885.50 3993.91 -244.40 -871.91 3979.27 -244.40 -881.69 3962.00 -210.00 -889.25 3962.00 -244.40 -885.12 3912.76 -210.00 -840.00 3916.51 -210.00 -821.16 3916.88 -244.40 -840.00 3920.31 -244.40 -822.73 3927.18 -210.00 -874.82 3916.51 -210.00 -858.84 3930.09 -244.40 -871.91 3920.31 -244.40 -857.27 3943.16 -210.00 -885.50 3944.73 -244.40 -881.69 3980.85 -210.00 -794.50 3979.27 -244.40 -798.31 4007.52 -210.00 -858.84 4003.68 -244.40 -857.27 3962.00 -210.00 -705.00 4083.40 -210.00 -801.50 4052.00 -210.00 -724.51 3962.00 -210.00 -975.00 3872.00 -210.00 -975.00 3908.79 -210.00 -908.22 3850.00 -230.00 -930.00 3850.00 -220.00 -930.00 3827.00 -240.00 -910.00 3827.00 -230.00 -910.00 3827.00 -230.00 -890.00 3850.00 -230.00 -890.00 3872.00 -220.00 -750.00 3850.00 -220.00 -750.00 3827.00 -230.00 -770.00 3850.00 -230.00 -750.00 3827.00 -230.00 -790.00 3827.00 -240.00 -823.33 3827.00 -240.00 -790.00 3916.51 -210.00 -821.16 3912.76 -210.00 -840.00 3927.18 -210.00 -874.82 3827.00 -240.00 -930.00 3827.00 -230.00 -930.00 3827.00 -230.00 -750.00 4052.00 -210.00 -975.00 4052.00 -210.00 -705.00 4042.28 -210.00 -840.00 4007.52 -210.00 -858.84 4011.16 -210.00 -840.00 4060.16 -210.00 -724.51 4060.16 -210.00 -955.49 3827.00 -230.00 -840.00 3707.00 -240.00 -770.00 3707.00 -240.00 -790.00 3667.00 -240.00 -770.00 3667.00 -240.00 -790.00 3707.00 -240.00 -890.00 3707.00 -240.00 -910.00 3667.00 -240.00 -890.00 3667.00 -240.00 -910.00 3707.00 -240.00 -790.00 3707.00 -240.00 -770.00 3747.00 -240.00 -790.00 3747.00 -240.00 -770.00 3707.00 -240.00 -910.00 3707.00 -240.00 -890.00 3747.00 -240.00 -910.00 3747.00 -240.00 -890.00 3827.00 -240.00 -770.00 3827.00 -240.00 -790.00 3787.00 -240.00 -770.00 3787.00 -240.00 -790.00 3827.00 -240.00 -890.00 3827.00 -240.00 -910.00 3787.00 -240.00 -890.00 3787.00 -240.00 -910.00 3747.00 -240.00 -790.00 3747.00 -240.00 -770.00 3787.00 -240.00 -790.00 3787.00 -240.00 -770.00 3747.00 -240.00 -910.00 3747.00 -240.00 -890.00 3787.00 -240.00 -910.00 3787.00 -240.00 -890.00 3667.00 -240.00 -823.33 3667.00 -240.00 -790.00 3707.00 -240.00 -823.33 3707.00 -240.00 -790.00 3787.00 -240.00 -890.00 3787.00 -240.00 -856.67 3827.00 -240.00 -890.00 3827.00 -240.00 -856.67 3707.00 -240.00 -890.00 3707.00 -240.00 -856.67 3747.00 -240.00 -890.00 3747.00 -240.00 -856.67 3707.00 -240.00 -856.67 3747.00 -240.00 -856.67 3747.00 -240.00 -823.33 3747.00 -240.00 -823.33 3747.00 -240.00 -790.00 3787.00 -240.00 -823.33 3787.00 -240.00 -790.00 3667.00 -240.00 -890.00 3667.00 -240.00 -856.67 3667.00 -240.00 -856.67 3787.00 -240.00 -823.33 3787.00 -240.00 -790.00 3827.00 -240.00 -823.33 3827.00 -240.00 -790.00 3787.00 -240.00 -856.67 3827.00 -240.00 -856.67 3747.00 -240.00 -856.67 3787.00 -240.00 -856.67 3747.00 -240.00 -790.00 3747.00 -240.00 -890.00 3747.00 -240.00 -856.67 3787.00 -240.00 -890.00 3787.00 -240.00 -856.67 3932.00 0.00 -600.00 3812.00 0.00 -600.00 3932.00 60.00 -652.50 3812.00 60.00 -652.50 3692.00 0.00 -720.00 3752.00 60.00 -713.73 3752.00 0.00 -660.00 3812.00 120.00 -707.95 3812.00 120.00 -972.05 3752.00 60.00 -966.27 3812.00 60.00 -1027.50 3932.00 120.00 -973.08 3932.00 60.00 -1027.50 3932.00 0.00 -1080.00 3812.00 0.00 -1080.00 3602.00 0.00 -720.00 3602.00 0.00 -772.50 3692.00 0.00 -772.50 3692.00 0.00 -907.50 3752.00 60.00 -907.50 3932.00 120.00 -907.50 3812.00 120.00 -907.50 4052.00 60.00 -1027.50 4052.00 0.00 -1080.00 4052.00 120.00 -975.00 4052.00 120.00 -907.50 4052.00 60.00 -652.50 4052.00 120.00 -705.00 3932.00 120.00 -706.92 3512.00 0.00 -840.00 3512.00 0.00 -907.50 3602.00 0.00 -840.00 3602.00 0.00 -907.50 3692.00 0.00 -840.00 3932.00 120.00 -840.00 4052.00 120.00 -840.00 3932.00 120.00 -772.50 4052.00 120.00 -772.50 3812.00 120.00 -840.00 3812.00 120.00 -772.50 3752.00 60.00 -840.00 3752.00 60.00 -772.50 3602.00 0.00 -960.00 3512.00 0.00 -960.00 3692.00 0.00 -960.00 3932.00 120.00 -873.75 3812.00 120.00 -873.75 3752.00 60.00 -873.75 3752.00 0.00 -1020.00 4052.00 0.00 -600.00 3564.10 0.00 -818.12 3560.66 0.00 -803.17 3569.45 0.00 -772.50 3536.36 0.00 -751.50 3512.00 0.00 -720.00 3512.00 0.00 -750.17 4084.40 81.59 -898.75 4072.20 81.59 -939.17 4084.40 40.91 -898.75 4072.20 40.91 -939.17 4084.40 -73.41 -898.75 4072.16 -73.41 -939.17 4084.40 -114.09 -898.75 4072.16 -114.09 -939.17 4072.16 -150.91 -740.83 4084.40 -150.91 -781.25 4072.16 -191.59 -740.83 4084.40 -191.59 -781.25 4072.16 4.09 -740.83 4084.40 4.09 -781.25 4072.16 -36.59 -740.83 4084.40 -36.59 -781.25 4090.20 -150.91 -819.79 4090.20 -150.91 -860.21 4090.20 -191.59 -819.79 4090.20 -191.59 -860.21 4090.20 4.09 -819.79 4090.20 4.09 -860.21 4090.20 -36.59 -819.79 4090.20 -36.59 -860.21 4072.16 -73.41 -740.83 4084.40 -73.41 -781.25 4072.16 -114.09 -740.83 4084.40 -114.09 -781.25 4084.40 -150.91 -898.75 4072.20 -150.91 -939.17 4084.40 -191.59 -898.75 4072.20 -191.59 -939.17 4090.20 -73.41 -819.79 4090.20 -73.41 -860.21 4090.20 -114.09 -819.79 4090.20 -114.09 -860.21 4084.40 4.09 -898.75 4072.16 4.09 -939.17 4084.40 -36.59 -898.75 4072.16 -36.59 -939.17 4072.16 81.59 -740.83 4084.40 81.59 -781.25 4072.16 40.91 -740.83 4084.40 40.91 -781.25 4090.20 81.59 -819.79 4090.20 81.59 -860.21 4090.20 40.91 -819.79 4090.20 40.91 -860.21 4083.40 100.00 -878.50 4060.16 100.00 -955.49 4077.12 96.12 -880.80 4056.20 96.12 -950.10 4060.16 22.50 -955.49 4056.20 26.38 -950.10 4083.40 22.50 -878.50 4077.12 26.38 -880.80 4083.40 -55.00 -878.50 4060.16 -55.00 -955.49 4077.12 -58.88 -880.80 4056.20 -58.88 -950.10 4060.16 -132.50 -955.49 4056.20 -128.63 -950.10 4083.40 -132.50 -878.50 4077.12 -128.63 -880.80 4060.16 -132.50 -724.51 4083.40 -132.50 -801.50 4056.20 -136.38 -729.90 4077.12 -136.38 -799.20 4083.40 -210.00 -801.50 4077.12 -206.12 -799.20 4060.16 -210.00 -724.51 4056.20 -206.12 -729.90 4060.16 22.50 -724.51 4083.40 22.50 -801.50 4056.20 18.63 -729.90 4077.12 18.63 -799.20 4083.40 -55.00 -801.50 4077.12 -51.13 -799.20 4060.16 -55.00 -724.51 4056.20 -51.13 -729.90 4083.40 -132.50 -801.50 4083.40 -132.50 -878.50 4078.08 -136.38 -805.35 4078.08 -136.38 -874.65 4083.40 -210.00 -878.50 4078.08 -206.12 -874.65 4083.40 -210.00 -801.50 4078.08 -206.12 -805.35 4083.40 22.50 -801.50 4083.40 22.50 -878.50 4078.08 18.63 -805.35 4078.08 18.63 -874.65 4083.40 -55.00 -878.50 4078.08 -51.13 -874.65 4083.40 -55.00 -801.50 4078.08 -51.13 -805.35 4060.16 -55.00 -724.51 4083.40 -55.00 -801.50 4056.20 -58.87 -729.90 4077.12 -58.87 -799.20 4083.40 -132.50 -801.50 4077.12 -128.62 -799.20 4060.16 -132.50 -724.51 4056.20 -128.62 -729.90 4083.40 -132.50 -878.50 4060.16 -132.50 -955.49 4077.12 -136.37 -880.80 4056.20 -136.37 -950.10 4060.16 -210.00 -955.49 4056.20 -206.12 -950.10 4083.40 -210.00 -878.50 4077.12 -206.12 -880.80 4083.40 -55.00 -801.50 4083.40 -55.00 -878.50 4078.08 -58.87 -805.35 4078.08 -58.87 -874.65 4083.40 -132.50 -878.50 4078.08 -128.62 -874.65 4083.40 -132.50 -801.50 4078.08 -128.62 -805.35 4083.40 22.50 -878.50 4060.16 22.50 -955.49 4077.12 18.63 -880.80 4056.20 18.63 -950.10 4060.16 -55.00 -955.49 4056.20 -51.13 -950.10 4083.40 -55.00 -878.50 4077.12 -51.13 -880.80 4060.16 100.00 -724.51 4083.40 100.00 -801.50 4056.20 96.12 -729.90 4077.12 96.12 -799.20 4083.40 22.50 -801.50 4077.12 26.38 -799.20 4060.16 22.50 -724.51 4056.20 26.38 -729.90 4083.40 100.00 -801.50 4083.40 100.00 -878.50 4078.08 96.12 -805.35 4078.08 96.12 -874.65 4083.40 22.50 -878.50 4078.08 26.38 -874.65 4083.40 22.50 -801.50 4078.08 26.38 -805.35 4074.00 85.66 -891.20 4059.36 85.66 -939.70 4059.36 36.84 -939.70 4074.00 36.84 -891.20 4074.00 -69.34 -891.20 4059.36 -69.34 -939.70 4059.36 -118.16 -939.70 4074.00 -118.16 -891.20 4059.36 -146.84 -740.30 4074.00 -146.84 -788.80 4074.00 -195.66 -788.80 4059.36 -195.66 -740.30 4059.36 8.16 -740.30 4074.00 8.16 -788.80 4074.00 -40.66 -788.80 4059.36 -40.66 -740.30 4078.08 -146.84 -815.75 4078.08 -146.84 -864.25 4078.08 -195.66 -864.25 4078.08 -195.66 -815.75 4078.08 8.16 -815.75 4078.08 8.16 -864.25 4078.08 -40.66 -864.25 4078.08 -40.66 -815.75 4059.36 -69.34 -740.30 4074.00 -69.34 -788.80 4074.00 -118.16 -788.80 4059.36 -118.16 -740.30 4074.00 -146.84 -891.20 4059.36 -146.84 -939.70 4059.36 -195.66 -939.70 4074.00 -195.66 -891.20 4078.08 -69.34 -815.75 4078.08 -69.34 -864.25 4078.08 -118.16 -864.25 4078.08 -118.16 -815.75 4074.00 8.16 -891.20 4059.36 8.16 -939.70 4059.36 -40.66 -939.70 4074.00 -40.66 -891.20 4059.36 85.66 -740.30 4074.00 85.66 -788.80 4074.00 36.84 -788.80 4059.36 36.84 -740.30 4078.08 85.66 -815.75 4078.08 85.66 -864.25 4078.08 36.84 -864.25 4078.08 36.84 -815.75 4072.16 40.91 -740.83 4056.04 100.00 -975.00 4056.04 40.00 -1029.23 4056.04 40.00 -975.00 4056.04 -20.00 -1083.45 4056.04 -20.00 -1029.23 4056.04 -20.00 -975.00 4056.04 40.49 -705.00 4056.04 -20.00 -705.00 4056.04 40.00 -650.77 4056.04 -20.00 -650.77 4056.04 -100.00 -650.77 4056.04 -20.00 -596.55 4056.04 -100.00 -596.55 3810.57 -100.00 -596.55 3933.31 -100.00 -596.55 3810.57 -180.00 -596.55 3933.31 -180.00 -596.55 3810.57 -100.00 -1083.45 3933.31 -100.00 -1083.45 3810.57 -20.00 -1083.45 3933.31 -20.00 -1083.45 3810.57 -180.00 -1083.45 3750.57 -180.00 -1023.45 3750.57 -100.00 -1023.45 3690.57 -100.00 -963.45 3601.28 -100.00 -963.75 3690.57 -180.00 -963.45 3601.28 -180.00 -963.75 3512.00 -180.00 -715.96 3512.00 -100.00 -715.96 3601.28 -180.00 -716.25 3601.28 -100.00 -716.25 3690.57 -180.00 -716.55 3690.57 -100.00 -716.55 3750.57 -180.00 -656.55 3750.57 -100.00 -656.55 4056.04 -100.00 -1029.23 4056.04 -100.00 -975.00 3512.00 -120.00 -840.00 3512.00 -120.00 -890.00 3511.30 -100.00 -840.00 3511.30 -100.00 -910.00 3512.00 -180.00 -770.00 3512.00 -180.00 -720.00 3512.00 -240.00 -770.00 3512.00 -240.00 -720.00 3512.00 -240.00 -910.00 3512.00 -180.00 -910.00 3512.00 -240.00 -890.00 3512.00 -180.00 -890.00 3512.00 -100.00 -715.96 3512.00 -180.00 -715.96 4056.04 -100.00 -1083.45 4056.04 -180.00 -1083.45 3933.31 -180.00 -1083.45 4056.04 -100.00 -596.55 4056.04 -20.00 -596.55 3933.31 -20.00 -596.55 3690.57 -20.00 -963.45 3750.57 -20.00 -1023.45 3810.57 -20.00 -596.55 3750.57 -20.00 -656.55 3601.28 -20.00 -963.75 3512.00 -100.00 -964.04 3509.18 -20.06 -964.04 3690.57 -20.00 -716.55 3601.28 -20.00 -716.25 3512.00 -100.00 -964.04 3512.00 -180.00 -960.00 3512.00 -180.00 -964.04 4056.04 -180.00 -1029.23 4056.04 -180.00 -1083.45 4056.04 -100.00 -1083.45 4056.04 -20.00 -1083.45 3512.00 -180.00 -964.04 4056.04 -180.00 -705.00 4056.04 -180.00 -650.77 4056.04 -146.84 -705.00 4056.04 -100.00 -705.00 4056.04 -180.00 -596.55 3509.18 -20.00 -715.96 4056.04 -180.00 -975.00 4056.04 -146.84 -975.00 4056.04 -180.00 -596.55 3511.30 -100.00 -770.00 3512.00 -180.00 -790.00 3512.00 -240.00 -790.00 3512.00 -120.00 -790.00 3512.00 -240.00 -960.00 3509.18 -20.00 -840.00 3509.18 -20.00 -907.82 4056.04 100.00 -705.00 3509.18 -20.06 -964.04 3509.66 -38.28 -771.63 3509.18 -20.00 -765.70 3509.18 -20.00 -715.96 3509.93 -48.52 -797.26 3509.61 -36.27 -800.30 3509.55 -34.15 -813.47 3509.18 -20.00 -826.88 3990.92 -213.33 -851.98 3984.13 -213.33 -862.13 3989.53 -210.00 -851.40 3983.07 -210.00 -861.07 3973.40 -210.00 -867.53 3962.00 -212.39 -840.00 3962.00 -210.00 -869.80 3950.60 -210.00 -867.53 3940.93 -210.00 -861.07 3934.47 -210.00 -851.40 3932.20 -210.00 -840.00 3934.47 -210.00 -828.60 3940.93 -210.00 -818.93 3950.60 -210.00 -812.47 3962.00 -210.00 -810.20 3973.40 -210.00 -812.47 3983.07 -210.00 -818.93 3989.53 -210.00 -828.60 3991.80 -210.00 -840.00 3993.30 -213.33 -840.00 3973.98 -213.33 -868.92 3962.00 -213.33 -871.30 3950.02 -213.33 -868.92 3939.87 -213.33 -862.13 3933.08 -213.33 -851.98 3930.70 -213.33 -840.00 3933.08 -213.33 -828.02 3939.87 -213.33 -817.87 3950.02 -213.33 -811.08 3962.00 -213.33 -808.70 3973.98 -213.33 -811.08 3984.13 -213.33 -817.87 3990.92 -213.33 -828.02 3509.66 -38.28 -771.63 3509.93 -48.52 -797.26 3489.01 -20.00 -781.30 3481.00 -20.00 -803.32 3509.61 -36.27 -800.30 3490.81 -20.00 -803.67 3509.55 -34.15 -813.47 3492.80 -20.00 -814.26 3509.18 -20.00 -826.88 3509.18 -20.00 -765.70 3410.38 49.61 -818.12 3509.18 -20.00 -765.70 3489.01 -20.00 -781.30 3512.00 0.00 -750.17 3512.00 -20.00 -766.77 3569.45 0.00 -772.50 3536.36 0.00 -751.50 3512.00 -20.00 -827.75 3512.00 0.00 -840.00 3564.10 0.00 -818.12 3560.66 0.00 -803.17 3509.18 -20.00 -826.88 3481.00 -20.00 -803.32 3490.81 -20.00 -803.67 3492.80 -20.00 -814.26 3509.18 -20.00 -826.88 3880.00 120.00 -752.00 3908.00 110.00 -776.00 3909.00 120.00 -765.00 3926.00 100.00 -804.00 3928.00 120.00 -782.00 3926.00 100.00 -804.00 3962.00 90.00 -800.00 3962.00 120.00 -767.00 3928.00 120.00 -782.00 3934.00 90.00 -811.00 3997.00 120.00 -782.00 3999.00 100.00 -804.00 3991.00 90.00 -811.00 3999.00 100.00 -804.00 4003.00 90.00 -840.00 4021.00 120.00 -806.00 4035.00 120.00 -840.00 3991.00 90.00 -811.00 3991.00 90.00 -869.00 4014.00 120.00 -891.00 4014.00 120.00 -891.00 3991.00 90.00 -869.00 3980.00 120.00 -906.00 3962.00 100.00 -891.00 3962.00 90.00 -880.00 3934.00 90.00 -869.00 3945.00 120.00 -906.00 3911.00 120.00 -891.00 3911.00 120.00 -891.00 3934.00 90.00 -869.00 3922.00 90.00 -840.00 3890.00 120.00 -840.00 3926.00 100.00 -804.00 3904.00 120.00 -806.00 3934.00 90.00 -811.00 3897.00 120.00 -777.00 3904.00 120.00 -806.00 3940.50 87.61 -818.00 3962.00 87.61 -809.00 3984.50 87.61 -818.00 3984.50 87.61 -818.00 3993.50 87.61 -840.00 3984.50 87.61 -862.00 3984.50 87.61 -862.00 3962.00 87.61 -871.00 3940.50 87.61 -862.00 3940.50 87.61 -862.00 3931.50 87.61 -840.00 3940.50 87.61 -818.00 3931.50 87.61 -840.00 3950.93 63.71 -828.80 3946.44 63.71 -840.00 3962.00 -10.00 -840.00 3962.08 37.44 -832.63 3957.06 37.44 -834.98 3967.44 37.44 -834.98 3962.13 63.71 -823.57 3974.07 63.71 -828.80 3967.44 37.44 -834.98 3969.45 37.44 -840.00 3974.07 63.71 -828.80 3978.56 63.71 -840.00 3967.44 37.44 -845.02 3974.07 63.71 -851.20 3967.44 37.44 -845.02 3962.08 37.44 -847.37 3974.07 63.71 -851.20 3962.13 63.71 -856.43 3962.00 -10.00 -840.00 3957.06 37.44 -845.02 3955.05 37.44 -840.00 3957.06 37.44 -845.02 3950.93 63.71 -851.20 3957.06 37.44 -834.98 3962.00 120.00 -969.00 3962.00 100.00 -891.00 3945.00 120.00 -906.00 3980.00 120.00 -906.00 3999.00 100.00 -804.00 4043.00 120.00 -767.00 3997.00 120.00 -782.00 4021.00 120.00 -806.00 3962.00 87.61 -809.00 3940.50 87.61 -818.00 3950.93 63.71 -828.80 3940.50 87.61 -818.00 3984.50 87.61 -818.00 3984.50 87.61 -818.00 3993.50 87.61 -840.00 3984.50 87.61 -862.00 3962.00 87.61 -871.00 3984.50 87.61 -862.00 3940.50 87.61 -862.00 3950.93 63.71 -851.20 3940.50 87.61 -862.00 3744.00 51.00 -891.00 3753.00 30.00 -884.00 3721.00 28.00 -897.00 3728.00 36.00 -879.00 3650.00 0.00 -844.00 3614.00 0.00 -854.00 3657.00 -17.00 -849.00 3660.00 0.00 -858.00 3657.00 -17.00 -849.00 3685.00 -24.00 -834.00 3664.00 0.00 -834.00 3650.00 0.00 -844.00 3692.00 0.00 -844.00 </float_array>
                    <technique_common>
                        <accessor source="#geom-01F846E5-pos-array" count="971" stride="3">
                            <param name="X" type="float" />
                            <param name="Y" type="float" />
                            <param name="Z" type="float" />
                        </accessor>
                    </technique_common>
                </source>
                <source id="geom-01F846E5-texcoord">
                    <float_array id="geom-01F846E5-texcoord-array" count="1942">0.50 1.00 1.00 0.75 0.00 1.00 0.50 0.00 1.00 0.25 1.00 0.00 0.00 0.00 0.00 0.25 1.06 0.00 1.06 0.25 0.00 0.75 0.00 1.00 1.00 0.75 1.00 1.00 0.00 0.00 0.00 0.25 1.00 0.00 1.00 0.25 1.06 1.00 1.06 0.75 0.00 1.00 0.00 0.75 0.00 0.25 1.06 0.25 0.00 0.00 1.06 0.00 0.00 0.50 1.00 0.50 0.00 0.25 1.00 0.25 0.00 0.75 1.00 0.75 0.00 1.00 1.00 1.00 0.00 0.00 1.00 0.00 0.00 0.50 1.06 0.50 0.00 0.75 1.06 0.75 1.06 1.00 0.00 1.00 1.00 1.00 0.00 0.00 0.50 0.00 0.00 0.00 0.50 0.25 0.00 0.25 1.00 0.25 1.00 0.50 0.50 0.50 1.00 0.75 0.50 0.75 1.00 0.87 0.50 1.00 1.00 1.00 0.50 0.25 0.50 0.00 0.00 0.25 0.00 0.00 1.00 0.75 1.00 1.00 0.00 0.75 0.00 1.00 0.50 0.50 1.00 0.25 1.00 0.50 0.00 0.50 1.00 0.50 1.00 0.75 0.50 0.75 0.00 0.25 1.00 0.25 0.50 1.00 1.00 1.00 0.00 0.00 1.00 0.13 1.00 0.00 0.00 0.25 0.50 0.25 0.00 0.00 0.50 0.00 0.50 0.50 1.00 0.25 1.00 0.50 0.50 0.75 1.00 0.75 0.50 1.00 1.00 1.00 1.00 0.13 0.62 0.13 1.00 0.00 0.62 0.00 0.62 0.25 0.00 0.13 0.00 0.25 1.00 0.50 0.62 0.50 1.00 0.38 0.62 0.38 0.00 0.50 0.00 0.38 0.62 0.50 1.25 0.13 1.25 0.00 1.50 0.13 1.50 0.00 2.03 0.13 2.00 0.00 1.50 0.38 2.06 0.25 1.91 0.38 1.25 0.38 1.25 0.50 1.00 0.00 0.00 0.50 0.00 0.75 0.00 0.87 0.00 1.00 1.00 0.00 0.00 0.50 0.00 0.75 0.13 0.87 0.00 1.00 0.00 0.50 0.00 0.38 1.00 0.00 0.00 0.62 0.00 0.75 0.00 1.00 1.00 0.25 1.25 0.25 1.50 0.25 0.00 0.00 1.75 0.50 1.50 0.50 0.03 0.03 1.05 0.03 0.03 1.05 1.05 1.05 2.06 0.03 2.06 1.05 0.03 0.03 1.05 0.03 0.03 1.05 1.05 1.05 1.05 0.03 2.06 0.03 2.06 1.05 0.03 0.03 1.05 0.03 0.03 1.05 1.05 1.05 2.06 0.03 2.06 1.05 0.03 0.03 1.05 0.03 0.03 1.05 1.05 1.05 2.06 0.03 2.06 1.05 0.03 0.03 1.05 0.03 0.03 1.05 1.05 1.05 2.06 0.03 2.06 1.05 0.03 0.03 1.05 0.03 0.03 1.05 1.05 1.05 2.06 0.03 2.06 1.05 0.03 0.03 1.05 0.03 0.03 1.05 1.05 1.05 2.06 0.03 2.06 1.05 0.03 0.03 1.05 0.03 0.03 1.05 1.05 1.05 2.06 0.03 2.06 1.05 1.05 1.70 1.83 1.70 0.26 1.70 1.05 1.70 1.83 1.70 0.26 1.70 1.05 1.70 1.83 1.70 0.26 1.70 1.05 1.70 1.83 1.70 0.26 1.70 1.05 1.70 1.83 1.70 0.26 1.70 1.05 1.70 1.83 1.70 0.26 1.70 1.05 1.70 1.83 1.70 0.26 1.70 1.05 1.70 1.83 1.70 0.26 1.70 0.33 2.06 1.05 2.06 1.77 2.06 0.33 2.06 1.05 2.06 1.77 2.06 0.33 2.06 1.05 2.06 1.77 2.06 0.33 2.06 1.05 2.06 1.77 2.06 0.33 2.06 1.05 2.06 1.77 2.06 0.33 2.06 1.05 2.06 1.77 2.06 0.33 2.06 1.05 2.06 1.77 2.06 0.33 2.06 1.05 2.06 1.77 2.06 0.26 -0.51 0.24 -0.67 0.50 -0.60 0.49 -0.71 0.33 0.01 0.52 0.07 0.67 -0.03 0.34 0.09 0.69 0.12 0.53 0.14 0.67 -0.03 0.52 0.07 0.33 0.01 0.34 0.09 0.69 0.12 0.53 0.14 1.74 -0.87 1.76 -0.70 1.50 -0.73 1.49 -0.84 1.42 -0.45 1.29 -0.64 1.76 -0.70 1.01 -0.61 0.94 -0.34 0.73 -0.57 0.74 0.24 0.95 0.60 0.50 0.48 0.57 -0.04 0.81 -0.18 0.80 -0.07 0.86 0.18 1.14 0.14 0.88 0.31 1.16 0.27 0.58 0.21 0.60 0.35 0.36 0.24 0.38 0.38 0.84 0.00 1.11 -0.04 0.85 0.12 1.13 0.09 0.33 -0.01 0.17 0.01 0.26 -0.51 0.11 -0.49 1.76 -0.70 1.93 -0.73 1.83 -0.20 2.00 -0.23 0.73 -0.63 1.00 -0.66 0.73 -0.57 1.01 -0.61 0.86 0.18 0.58 0.21 0.85 0.12 0.58 0.16 1.14 0.14 1.13 0.09 1.36 0.11 1.35 0.06 0.74 -0.04 0.56 0.03 0.55 -0.02 1.23 -0.06 1.22 -0.10 1.34 -0.07 1.33 -0.12 1.29 -0.64 1.28 -0.70 0.45 0.05 0.35 0.19 0.34 0.06 0.39 0.49 0.24 0.51 1.89 0.30 2.06 0.27 1.59 -0.17 1.34 -0.03 1.35 -0.14 1.32 -0.24 1.25 -0.32 1.50 0.14 1.22 0.13 1.30 0.06 0.84 0.03 0.91 0.11 1.25 -0.32 1.32 -0.24 1.15 -0.20 1.19 -0.17 1.35 -0.14 1.20 -0.12 1.30 0.06 1.22 0.13 1.18 -0.03 1.14 0.00 1.11 0.17 1.09 0.02 0.91 0.11 0.84 0.03 1.00 -0.01 0.97 -0.04 0.80 -0.07 0.95 -0.09 1.04 -0.38 1.15 -0.37 1.06 -0.23 1.11 -0.23 0.86 -0.27 0.94 -0.34 0.98 -0.18 1.02 -0.21 0.81 -0.18 0.96 -0.14 1.34 -0.03 1.20 -0.07 1.01 0.16 1.05 0.01 1.83 -0.20 1.38 0.54 1.79 0.31 0.33 -0.01 0.26 -0.51 0.66 -0.35 0.35 0.19 0.36 0.24 0.44 0.00 0.45 0.05 0.56 0.03 0.58 0.16 1.38 0.24 1.36 0.11 1.23 -0.06 1.35 0.06 1.11 -0.04 0.92 -0.07 1.11 -0.09 1.15 -0.37 1.04 -0.38 0.86 -0.27 0.33 0.01 0.34 0.06 1.34 -0.07 0.39 0.49 1.89 0.30 1.14 0.34 1.01 0.16 1.11 0.17 1.79 0.35 0.51 0.52 0.84 0.00 2.03 2.06 0.07 2.06 2.03 0.03 0.07 0.03 2.03 2.06 0.07 2.06 2.03 0.03 0.07 0.03 0.07 0.03 2.03 0.03 0.07 2.06 2.03 2.06 0.07 0.03 2.03 0.03 0.07 2.06 2.03 2.06 2.03 2.06 0.07 2.06 2.03 0.03 0.07 0.03 2.03 2.06 0.07 2.06 2.03 0.03 0.07 0.03 0.07 0.03 2.03 0.03 0.07 2.06 2.03 2.06 0.07 0.03 2.03 0.03 0.07 2.06 2.03 2.06 1.05 0.03 2.06 0.03 1.05 1.05 2.06 1.05 2.06 1.05 1.05 1.05 2.06 2.06 1.05 2.06 2.06 1.05 1.05 1.05 2.06 2.06 1.05 2.06 0.03 1.05 0.03 2.06 1.05 2.06 1.05 1.08 2.06 1.08 1.05 2.06 2.06 2.06 2.06 0.03 1.05 0.03 0.03 0.03 1.05 1.08 2.06 1.08 1.05 2.06 2.06 2.06 0.03 1.08 0.03 2.06 0.03 1.08 0.03 2.06 2.06 2.06 2.06 1.05 1.05 1.05 2.06 2.06 1.05 2.06 2.06 0.15 2.06 -0.29 1.78 0.15 1.78 -0.29 1.47 -0.88 1.47 -0.59 1.78 -0.59 1.47 -0.29 0.60 -0.29 0.60 -0.59 0.29 -0.29 0.60 0.15 0.29 0.15 0.00 0.15 0.00 -0.29 1.47 -1.18 1.25 -1.18 1.25 -0.88 0.81 -0.88 0.81 -0.59 0.81 0.15 0.81 -0.29 0.29 0.59 0.00 0.59 0.60 0.59 0.81 0.59 1.78 0.59 1.47 0.59 1.47 0.15 1.04 -1.47 0.81 -1.47 1.04 -1.18 0.81 -1.18 1.04 -0.88 1.04 0.15 1.04 0.59 1.25 0.15 1.25 0.59 1.04 -0.29 1.25 -0.29 1.04 -0.59 1.25 -0.59 0.60 -1.18 0.60 -1.47 0.60 -0.88 0.93 0.15 0.93 -0.29 0.93 -0.59 0.29 -0.59 2.06 0.59 1.11 -1.30 1.15 -1.31 1.25 -1.29 1.34 -1.39 1.47 -1.47 1.35 -1.47 1.49 1.49 0.58 1.49 1.49 0.58 0.58 0.58 1.49 1.49 0.58 1.49 1.49 0.58 0.58 0.58 1.49 1.49 0.58 1.49 1.49 0.58 0.58 0.58 1.49 1.49 0.58 1.49 1.49 0.58 0.58 0.58 1.49 1.49 0.58 1.49 1.49 0.58 0.58 0.58 1.49 1.49 0.58 1.49 1.49 0.58 0.58 0.58 1.49 1.49 0.58 1.49 1.49 0.58 0.58 0.58 1.49 1.49 0.58 1.49 1.49 0.58 0.58 0.58 1.49 1.49 0.58 1.49 1.49 0.58 0.58 0.58 1.49 1.49 0.58 1.49 1.49 0.58 0.58 0.58 1.49 1.49 0.58 1.49 1.49 0.58 0.58 0.58 1.49 1.49 0.58 1.49 1.49 0.58 0.58 0.58 2.06 2.06 0.02 2.06 1.95 1.95 0.13 1.95 0.02 0.02 0.13 0.13 2.06 0.02 1.95 0.13 2.06 2.06 0.02 2.06 1.95 1.95 0.13 1.95 0.02 0.02 0.13 0.13 2.06 0.02 1.95 0.13 2.06 2.06 0.02 2.06 1.95 1.95 0.13 1.95 0.02 0.02 0.13 0.13 2.06 0.02 1.95 0.13 2.06 2.06 0.02 2.06 1.95 1.95 0.13 1.95 0.02 0.02 0.13 0.13 2.06 0.02 1.95 0.13 2.06 2.06 0.02 2.06 1.95 1.95 0.13 1.95 0.02 0.02 0.13 0.13 2.06 0.02 1.95 0.13 2.06 2.06 0.02 2.06 1.95 1.95 0.13 1.95 0.02 0.02 0.13 0.13 2.06 0.02 1.95 0.13 2.06 2.06 0.02 2.06 1.95 1.95 0.13 1.95 0.02 0.02 0.13 0.13 2.06 0.02 1.95 0.13 2.06 2.06 0.02 2.06 1.95 1.95 0.13 1.95 0.02 0.02 0.13 0.13 2.06 0.02 1.95 0.13 2.06 2.06 0.02 2.06 1.95 1.95 0.13 1.95 0.02 0.02 0.13 0.13 2.06 0.02 1.95 0.13 2.06 2.06 0.02 2.06 1.95 1.95 0.13 1.95 0.02 0.02 0.13 0.13 2.06 0.02 1.95 0.13 2.06 2.06 0.02 2.06 1.95 1.95 0.13 1.95 0.02 0.02 0.13 0.13 2.06 0.02 1.95 0.13 2.06 2.06 0.02 2.06 1.95 1.95 0.13 1.95 0.02 0.02 0.13 0.13 2.06 0.02 1.95 0.13 1.69 1.69 0.39 1.69 0.39 0.39 1.69 0.39 1.69 1.69 0.39 1.69 0.39 0.39 1.69 0.39 1.69 1.69 0.39 1.69 0.39 0.39 1.69 0.39 1.69 1.69 0.39 1.69 0.39 0.39 1.69 0.39 1.69 1.69 0.39 1.69 0.39 0.39 1.69 0.39 1.69 1.69 0.39 1.69 0.39 0.39 1.69 0.39 1.69 1.69 0.39 1.69 0.39 0.39 1.69 0.39 1.69 1.69 0.39 1.69 0.39 0.39 1.69 0.39 1.69 1.69 0.39 1.69 0.39 0.39 1.69 0.39 1.69 1.69 0.39 1.69 0.39 0.39 1.69 0.39 1.69 1.69 0.39 1.69 0.39 0.39 1.69 0.39 1.69 1.69 0.39 1.69 0.39 0.39 1.69 0.39 1.49 0.58 0.56 0.28 0.35 0.07 0.56 0.07 0.14 -0.14 0.35 -0.14 0.56 -0.14 0.00 0.07 0.00 -0.14 0.21 0.07 0.21 -0.14 0.21 -0.42 0.42 -0.14 0.42 -0.42 0.84 0.03 0.42 0.03 0.84 -0.25 0.42 -0.25 1.22 0.03 1.63 0.03 1.22 0.31 1.63 0.31 1.22 -0.25 0.92 -0.25 0.92 0.03 0.63 0.03 0.31 0.03 0.63 -0.25 0.31 -0.25 2.05 -0.25 2.05 0.03 1.74 -0.25 1.74 0.03 1.43 -0.25 1.43 0.03 1.13 -0.25 1.13 0.03 0.35 -0.42 0.56 -0.42 0.42 0.03 0.59 0.03 0.42 0.10 0.65 0.10 0.19 -0.17 0.01 -0.17 0.19 -0.37 0.01 -0.37 0.65 -0.37 0.65 -0.17 0.59 -0.37 0.59 -0.17 0.00 0.10 0.00 -0.17 2.05 0.03 2.05 -0.25 1.63 -0.25 0.00 0.03 0.00 0.31 0.42 0.31 0.63 0.31 0.92 0.31 0.84 0.31 1.13 0.31 0.31 0.31 0.00 0.03 0.00 0.31 1.43 0.31 1.74 0.31 0.84 0.10 0.82 -0.17 0.84 -0.17 0.35 -0.70 0.14 -0.70 0.14 -0.42 2.05 0.31 0.00 -0.25 0.00 -0.70 0.21 -0.70 0.00 -0.58 0.00 -0.42 0.00 -0.25 2.06 0.31 0.56 -0.70 0.56 -0.58 0.42 -0.70 0.18 0.10 0.26 -0.17 0.26 -0.37 0.26 0.03 0.82 -0.37 0.42 0.37 0.65 0.37 0.00 0.28 0.84 0.37 0.19 0.31 0.16 0.37 0.00 0.37 0.27 0.28 0.28 0.32 0.33 0.32 0.37 0.37 1.98 1.43 1.76 1.76 1.89 1.39 1.69 1.69 1.39 1.89 1.03 1.03 1.03 1.96 0.68 1.89 0.37 1.69 0.17 1.39 0.10 1.03 0.17 0.68 0.37 0.37 0.68 0.17 1.03 0.10 1.39 0.17 1.69 0.37 1.89 0.68 1.96 1.03 2.06 1.03 1.43 1.98 1.03 2.06 0.64 1.98 0.30 1.76 0.08 1.43 0.00 1.03 0.08 0.64 0.30 0.30 0.64 0.08 1.03 0.00 1.43 0.08 1.76 0.30 1.98 0.64 0.18 -0.34 0.96 -0.59 0.41 0.45 1.06 0.59 1.26 -0.25 1.31 0.45 1.66 -0.17 1.63 0.44 2.06 0.23 0.00 0.15 1.41 -0.61 1.48 -1.84 1.73 -1.56 1.13 -1.80 1.45 -1.86 0.38 -2.06 0.87 -1.98 0.00 -0.70 0.22 -0.91 0.01 -1.60 0.18 -1.71 0.07 -0.38 2.00 -0.71 1.42 0.43 0.61 0.18 0.10 -0.24 0.00 1.56 0.64 1.55 0.52 1.33 1.27 1.55 1.04 1.11 1.47 0.47 0.77 0.77 0.77 0.00 1.42 0.00 1.35 0.77 0.26 0.00 0.10 0.47 0.19 0.77 1.47 0.47 0.77 0.77 1.42 0.00 0.77 0.00 1.35 0.77 0.19 0.77 0.00 0.00 1.55 0.00 1.35 0.77 0.97 0.00 0.77 0.52 0.77 0.77 0.19 0.77 0.59 0.00 0.00 0.00 1.55 0.00 1.35 0.77 0.77 0.77 0.77 0.00 0.14 0.53 0.26 0.00 0.19 0.77 0.52 1.77 1.04 1.99 1.29 1.00 0.77 1.00 0.26 1.00 1.29 1.00 0.77 1.00 0.26 1.00 1.29 1.00 0.77 1.00 0.26 1.00 1.29 1.00 0.77 1.00 2.06 2.06 1.61 2.06 1.87 1.42 1.61 1.42 1.61 0.02 1.61 0.90 1.48 0.90 1.74 0.90 1.61 1.42 1.87 1.42 1.48 0.90 1.61 0.90 1.35 1.42 1.61 1.42 1.74 0.90 1.87 1.42 1.48 0.90 1.61 0.90 1.35 1.42 1.61 1.42 1.61 0.02 1.74 0.90 1.61 0.90 1.48 0.90 1.35 1.42 1.74 0.90 0.00 1.56 1.27 1.55 1.04 1.11 1.04 1.99 1.27 1.55 0.00 1.56 1.04 1.99 1.04 1.11 1.61 2.06 1.16 2.06 1.35 1.42 0.26 1.00 2.06 2.06 1.16 2.06 1.61 2.06 2.06 2.06 1.61 2.06 1.16 2.06 2.06 2.06 1.87 1.42 1.16 2.06 1.04 1.99 1.27 1.55 0.64 1.55 1.04 1.11 0.52 1.33 0.00 1.56 0.64 1.55 0.52 1.77 0.64 1.55 1.27 1.55 1.04 1.11 0.52 1.33 1.04 1.99 </float_array>
                    <technique_common>
                        <accessor source="#geom-01F846E5-texcoord-array" count="971" stride="2">
                            <param name="S" type="float" />
                            <param name="T" type="float" />
                        </accessor>
                    </technique_common>
                </source>
                <source id="geom-01F846E5-colors">
                    <float_array id="geom-01F846E5-colors-array" count="3884">0.18 0.24 0.51 1.00 0.00 0.00 0.00 1.00 0.00 0.00 0.00 1.00 0.16 0.25 0.60 1.00 0.00 0.00 0.00 1.00 0.16 0.18 0.25 1.00 0.16 0.18 0.25 1.00 0.00 0.00 0.00 1.00 0.16 0.16 0.16 1.00 0.00 0.00 0.00 1.00 0.00 0.00 0.00 1.00 0.17 0.18 0.21 1.00 0.00 0.00 0.00 1.00 0.16 0.17 0.18 1.00 0.16 0.16 0.16 1.00 0.00 0.00 0.00 1.00 0.16 0.16 0.16 1.00 0.00 0.00 0.00 1.00 0.17 0.18 0.21 1.00 0.00 0.00 0.00 1.00 0.18 0.19 0.22 1.00 0.00 0.00 0.00 1.00 0.22 0.27 0.39 1.00 0.20 0.23 0.30 1.00 0.18 0.19 0.22 1.00 0.17 0.18 0.21 1.00 0.19 0.22 0.29 1.00 0.17 0.18 0.19 1.00 0.20 0.23 0.30 1.00 0.17 0.18 0.20 1.00 0.16 0.16 0.17 1.00 0.16 0.16 0.16 1.00 0.16 0.16 0.16 1.00 0.16 0.16 0.16 1.00 0.17 0.18 0.21 1.00 0.16 0.17 0.18 1.00 0.22 0.31 0.71 1.00 0.19 0.22 0.29 1.00 0.16 0.22 0.45 1.00 0.16 0.16 0.17 1.00 0.16 0.16 0.16 1.00 0.16 0.18 0.25 1.00 0.18 0.19 0.22 1.00 0.06 0.11 0.28 1.00 0.05 0.09 0.24 1.00 0.02 0.04 0.08 1.00 0.16 0.34 1.00 1.00 0.16 0.27 0.74 1.00 0.16 0.36 1.00 1.00 0.16 0.53 1.00 1.00 0.16 0.51 1.00 1.00 0.16 0.49 1.00 1.00 0.16 0.38 1.00 1.00 0.16 0.33 1.00 1.00 0.06 0.10 0.27 1.00 0.00 0.00 0.00 1.00 0.16 0.44 1.00 1.00 0.08 0.14 0.40 1.00 0.16 0.36 1.00 1.00 0.07 0.14 0.40 1.00 0.19 0.39 1.00 1.00 0.06 0.12 0.36 1.00 0.16 0.52 1.00 1.00 0.10 0.23 0.76 1.00 0.16 0.58 1.00 1.00 0.16 0.52 1.00 1.00 0.16 0.60 1.00 1.00 0.16 0.60 1.00 1.00 0.18 0.56 1.00 1.00 0.16 0.47 1.00 1.00 0.16 0.42 1.00 1.00 0.16 0.47 1.00 1.00 0.16 0.56 1.00 1.00 0.08 0.15 0.44 1.00 0.09 0.17 0.49 1.00 0.09 0.17 0.49 1.00 0.16 0.39 1.00 1.00 0.07 0.14 0.46 1.00 0.19 0.39 1.00 1.00 0.21 0.34 0.96 1.00 0.00 0.00 0.00 1.00 0.20 0.29 0.71 1.00 0.18 0.34 1.00 1.00 0.22 0.27 0.39 1.00 0.22 0.31 0.71 1.00 0.16 0.29 0.85 1.00 0.16 0.22 0.45 1.00 0.16 0.25 0.60 1.00 0.16 0.18 0.25 1.00 0.16 0.38 1.00 1.00 0.16 0.28 0.77 1.00 0.05 0.09 0.23 1.00 0.00 0.00 0.00 1.00 0.16 0.51 1.00 1.00 0.16 0.33 1.00 1.00 0.16 0.49 1.00 1.00 0.04 0.07 0.22 1.00 0.04 0.05 0.13 1.00 0.17 0.36 1.00 1.00 0.16 0.44 1.00 1.00 0.03 0.05 0.12 1.00 0.16 0.42 1.00 1.00 0.11 0.16 0.37 1.00 0.16 0.49 1.00 1.00 0.09 0.18 0.53 1.00 0.16 0.49 1.00 1.00 0.08 0.17 0.54 1.00 0.17 0.44 1.00 1.00 0.07 0.12 0.37 1.00 0.16 0.35 1.00 1.00 0.19 0.68 1.00 1.00 0.18 0.38 1.00 1.00 0.17 0.44 1.00 1.00 0.05 0.09 0.24 1.00 0.18 0.19 0.22 1.00 0.18 0.56 1.00 1.00 0.16 0.56 1.00 1.00 0.16 0.39 1.00 1.00 0.06 0.11 0.28 1.00 0.09 0.17 0.49 1.00 0.16 0.53 1.00 1.00 0.16 0.49 1.00 1.00 0.16 0.42 1.00 1.00 0.03 0.05 0.12 1.00 0.22 0.66 1.00 1.00 0.16 0.36 1.00 1.00 0.07 0.14 0.40 1.00 0.16 0.42 1.00 1.00 0.16 0.31 0.91 1.00 0.05 0.09 0.23 1.00 0.16 0.58 1.00 1.00 0.16 0.63 1.00 1.00 0.16 0.64 1.00 1.00 0.00 0.00 0.00 1.00 0.06 0.11 0.31 1.00 0.06 0.11 0.29 1.00 0.04 0.09 0.37 1.00 0.04 0.10 0.38 1.00 0.40 0.45 0.95 1.00 0.36 0.54 1.00 1.00 0.04 0.10 0.39 1.00 0.31 0.62 1.00 1.00 0.04 0.10 0.39 1.00 0.04 0.11 0.40 1.00 0.31 0.62 1.00 1.00 0.28 0.71 1.00 1.00 0.04 0.12 0.40 1.00 0.04 0.13 0.41 1.00 0.30 0.95 1.00 1.00 0.04 0.13 0.41 1.00 0.04 0.15 0.42 1.00 0.30 0.95 1.00 1.00 0.31 1.00 1.00 1.00 0.00 0.00 0.00 1.00 0.32 1.00 1.00 1.00 0.00 0.00 0.00 1.00 0.00 0.00 0.00 1.00 0.32 1.00 1.00 1.00 0.32 1.00 1.00 1.00 0.04 0.15 0.42 1.00 0.31 1.00 1.00 1.00 0.04 0.15 0.42 1.00 0.04 0.14 0.41 1.00 0.31 1.00 1.00 1.00 0.29 1.00 1.00 1.00 0.04 0.13 0.40 1.00 0.28 0.86 1.00 1.00 0.04 0.13 0.40 1.00 0.04 0.12 0.38 1.00 0.28 0.86 1.00 1.00 0.26 0.65 1.00 1.00 0.04 0.10 0.37 1.00 0.29 0.57 1.00 1.00 0.04 0.10 0.37 1.00 0.04 0.10 0.37 1.00 0.29 0.57 1.00 1.00 0.40 0.52 1.00 1.00 0.04 0.09 0.36 1.00 0.39 0.44 0.92 1.00 0.04 0.09 0.36 1.00 0.04 0.09 0.36 1.00 0.39 0.44 0.92 1.00 0.36 0.39 0.81 1.00 0.04 0.09 0.37 1.00 0.40 0.45 0.95 1.00 0.41 1.00 1.00 1.00 0.41 1.00 1.00 1.00 0.41 1.00 1.00 1.00 0.42 1.00 1.00 1.00 0.42 1.00 1.00 1.00 0.42 1.00 1.00 1.00 0.43 1.00 1.00 1.00 0.44 1.00 1.00 1.00 0.44 1.00 1.00 1.00 0.45 1.00 1.00 1.00 0.45 1.00 1.00 1.00 0.45 1.00 1.00 1.00 0.45 1.00 1.00 1.00 0.44 1.00 1.00 1.00 0.44 1.00 1.00 1.00 0.44 1.00 1.00 1.00 0.43 1.00 1.00 1.00 0.43 1.00 1.00 1.00 0.42 1.00 1.00 1.00 0.42 1.00 1.00 1.00 0.42 1.00 1.00 1.00 0.41 1.00 1.00 1.00 0.41 1.00 1.00 1.00 0.41 1.00 1.00 1.00 0.37 0.92 1.00 1.00 0.38 1.00 1.00 1.00 0.39 1.00 1.00 1.00 0.39 1.00 1.00 1.00 0.41 1.00 1.00 1.00 0.42 1.00 1.00 1.00 0.42 1.00 1.00 1.00 0.43 1.00 1.00 1.00 0.44 1.00 1.00 1.00 0.44 1.00 1.00 1.00 0.44 1.00 1.00 1.00 0.43 1.00 1.00 1.00 0.43 1.00 1.00 1.00 0.42 1.00 1.00 1.00 0.40 1.00 1.00 1.00 0.40 1.00 1.00 1.00 0.39 1.00 1.00 1.00 0.38 1.00 1.00 1.00 0.38 1.00 1.00 1.00 0.37 0.96 1.00 1.00 0.37 0.91 1.00 1.00 0.37 0.91 1.00 1.00 0.37 0.89 1.00 1.00 0.37 0.92 1.00 1.00 0.02 0.11 0.17 1.00 0.02 0.08 0.15 1.00 0.01 0.03 0.08 1.00 0.01 0.02 0.07 1.00 0.03 0.11 0.25 1.00 0.05 0.13 0.32 1.00 0.03 0.06 0.18 1.00 0.05 0.15 0.32 1.00 0.03 0.07 0.21 1.00 0.05 0.18 0.32 1.00 0.03 0.06 0.18 1.00 0.05 0.13 0.32 1.00 0.03 0.09 0.18 1.00 0.05 0.15 0.32 1.00 0.03 0.07 0.20 1.00 0.05 0.18 0.32 1.00 0.02 0.08 0.15 1.00 0.02 0.10 0.16 1.00 0.01 0.03 0.08 1.00 0.01 0.02 0.07 1.00 0.11 0.32 0.32 1.00 0.28 0.73 0.73 1.00 0.05 0.22 0.32 1.00 0.33 0.73 0.73 1.00 0.14 0.32 0.32 1.00 0.28 0.73 0.73 1.00 0.09 0.22 0.32 1.00 0.08 0.15 0.32 1.00 0.07 0.15 0.32 1.00 0.10 0.31 0.32 1.00 0.14 0.32 0.32 1.00 0.13 0.32 0.32 1.00 0.15 0.49 0.73 1.00 0.15 0.51 0.73 1.00 0.04 0.13 0.32 1.00 0.03 0.13 0.30 1.00 0.15 0.53 0.73 1.00 0.03 0.14 0.31 1.00 0.05 0.18 0.32 1.00 0.03 0.07 0.21 1.00 0.14 0.33 0.73 1.00 0.14 0.34 0.73 1.00 0.03 0.11 0.28 1.00 0.04 0.13 0.32 1.00 0.05 0.11 0.32 1.00 0.04 0.07 0.20 1.00 0.04 0.19 0.32 1.00 0.04 0.13 0.25 1.00 0.04 0.18 0.27 1.00 0.04 0.13 0.25 1.00 0.04 0.11 0.32 1.00 0.04 0.07 0.19 1.00 0.01 0.05 0.12 1.00 0.02 0.05 0.12 1.00 0.03 0.16 0.17 1.00 0.04 0.17 0.17 1.00 0.03 0.10 0.17 1.00 0.03 0.11 0.17 1.00 0.01 0.04 0.11 1.00 0.02 0.05 0.13 1.00 0.03 0.11 0.17 1.00 0.02 0.05 0.13 1.00 0.02 0.08 0.17 1.00 0.01 0.03 0.06 1.00 0.01 0.02 0.09 1.00 0.03 0.06 0.17 1.00 0.01 0.03 0.09 1.00 0.03 0.10 0.17 1.00 0.01 0.03 0.09 1.00 0.02 0.06 0.17 1.00 0.01 0.03 0.06 1.00 0.03 0.15 0.17 1.00 0.01 0.05 0.11 1.00 0.06 0.23 0.32 1.00 0.03 0.07 0.16 1.00 0.05 0.15 0.32 1.00 0.04 0.08 0.23 1.00 0.04 0.06 0.16 1.00 0.04 0.08 0.23 1.00 0.04 0.06 0.16 1.00 0.08 0.28 0.32 1.00 0.13 0.32 0.32 1.00 0.13 0.32 0.32 1.00 0.13 0.32 0.32 1.00 0.13 0.32 0.32 1.00 0.09 0.21 0.32 1.00 0.12 0.32 0.32 1.00 0.12 0.32 0.32 1.00 0.13 0.32 0.32 1.00 0.13 0.32 0.32 1.00 0.08 0.19 0.19 1.00 0.08 0.19 0.19 1.00 0.00 0.00 0.00 1.00 0.00 0.00 0.00 1.00 0.07 0.19 0.19 1.00 0.00 0.00 0.00 1.00 0.07 0.19 0.19 1.00 0.07 0.19 0.19 1.00 0.00 0.00 0.00 1.00 0.00 0.00 0.00 1.00 0.07 0.19 0.19 1.00 0.00 0.00 0.00 1.00 0.07 0.19 0.19 1.00 0.08 0.19 0.19 1.00 0.00 0.00 0.00 1.00 0.00 0.00 0.00 1.00 0.08 0.19 0.19 1.00 0.00 0.00 0.00 1.00 0.08 0.19 0.19 1.00 0.08 0.19 0.19 1.00 0.00 0.00 0.00 1.00 0.00 0.00 0.00 1.00 0.08 0.19 0.19 1.00 0.08 0.19 0.19 1.00 0.00 0.00 0.00 1.00 0.00 0.00 0.00 1.00 0.08 0.19 0.19 1.00 0.00 0.00 0.00 1.00 0.07 0.19 0.19 1.00 0.00 0.00 0.00 1.00 0.07 0.19 0.19 1.00 0.00 0.00 0.00 1.00 0.12 0.28 0.68 1.00 0.08 0.15 0.32 1.00 0.07 0.15 0.32 1.00 0.13 0.30 0.68 1.00 0.05 0.24 0.32 1.00 0.11 0.32 0.32 1.00 0.01 0.03 0.07 1.00 0.03 0.09 0.17 1.00 0.01 0.03 0.09 1.00 0.03 0.11 0.17 1.00 0.14 0.34 0.73 1.00 0.04 0.14 0.32 1.00 0.03 0.07 0.20 1.00 0.05 0.18 0.32 1.00 0.06 0.23 0.32 1.00 0.03 0.07 0.16 1.00 0.03 0.06 0.17 1.00 0.01 0.02 0.09 1.00 0.01 0.03 0.09 1.00 0.14 0.32 0.32 1.00 0.13 0.31 0.32 1.00 0.14 0.32 0.32 1.00 0.01 0.04 0.09 1.00 0.02 0.07 0.17 1.00 0.05 0.15 0.32 1.00 0.05 0.10 0.29 1.00 0.05 0.10 0.29 1.00 0.11 0.22 0.32 1.00 0.13 0.32 0.32 1.00 0.12 0.32 0.32 1.00 0.07 0.15 0.32 1.00 0.07 0.15 0.32 1.00 0.03 0.06 0.17 1.00 0.18 0.49 1.00 1.00 0.19 0.51 1.00 1.00 0.20 0.40 1.00 1.00 0.22 0.43 1.00 1.00 0.19 0.52 1.00 1.00 0.19 0.50 1.00 1.00 0.22 0.46 1.00 1.00 0.21 0.42 1.00 1.00 0.19 0.51 1.00 1.00 0.18 0.49 1.00 1.00 0.18 0.54 1.00 1.00 0.17 0.53 1.00 1.00 0.19 0.50 1.00 1.00 0.19 0.52 1.00 1.00 0.17 0.54 1.00 1.00 0.18 0.54 1.00 1.00 0.09 0.28 0.78 1.00 0.09 0.28 0.80 1.00 0.17 0.60 1.00 1.00 0.17 0.59 1.00 1.00 0.09 0.28 0.81 1.00 0.09 0.28 0.79 1.00 0.17 0.60 1.00 1.00 0.17 0.61 1.00 1.00 0.18 0.54 1.00 1.00 0.17 0.53 1.00 1.00 0.17 0.59 1.00 1.00 0.17 0.60 1.00 1.00 0.17 0.54 1.00 1.00 0.18 0.54 1.00 1.00 0.17 0.61 1.00 1.00 0.17 0.60 1.00 1.00 0.24 0.61 1.00 1.00 0.22 0.43 1.00 1.00 0.20 0.53 1.00 1.00 0.19 0.51 1.00 1.00 0.17 0.60 1.00 1.00 0.17 0.59 1.00 1.00 0.09 0.28 0.81 1.00 0.09 0.22 0.78 1.00 0.19 0.52 1.00 1.00 0.20 0.54 1.00 1.00 0.18 0.54 1.00 1.00 0.18 0.55 1.00 1.00 0.20 0.54 1.00 1.00 0.18 0.55 1.00 1.00 0.18 0.55 1.00 1.00 0.18 0.55 1.00 1.00 0.18 0.54 1.00 1.00 0.17 0.58 1.00 1.00 0.17 0.59 1.00 1.00 0.22 0.46 1.00 1.00 0.24 0.63 1.00 1.00 0.24 0.63 1.00 1.00 0.17 0.58 1.00 1.00 0.17 0.59 1.00 1.00 0.09 0.22 0.78 1.00 0.09 0.28 0.80 1.00 0.17 0.59 1.00 1.00 0.09 0.22 0.78 1.00 0.18 0.55 1.00 1.00 0.17 0.59 1.00 1.00 0.18 0.54 1.00 1.00 0.18 0.54 1.00 1.00 0.18 0.55 1.00 1.00 0.17 0.60 1.00 1.00 0.17 0.59 1.00 1.00 0.06 0.15 0.32 1.00 0.06 0.18 0.32 1.00 0.16 0.39 1.00 1.00 0.16 0.46 1.00 1.00 0.11 0.28 0.81 1.00 0.16 0.46 1.00 1.00 0.06 0.20 0.35 1.00 0.16 0.35 1.00 1.00 0.16 0.35 1.00 1.00 0.16 0.45 1.00 1.00 0.16 0.45 1.00 1.00 0.16 0.32 0.99 1.00 0.16 0.38 1.00 1.00 0.06 0.14 0.32 1.00 0.06 0.17 0.32 1.00 0.19 0.27 0.67 1.00 0.20 0.29 0.73 1.00 0.18 0.53 1.00 1.00 0.18 0.55 1.00 1.00 0.16 0.54 1.00 1.00 0.16 0.32 0.99 1.00 0.16 0.44 1.00 1.00 0.09 0.16 0.45 1.00 0.01 0.01 0.03 1.00 0.00 0.00 0.00 1.00 0.04 0.05 0.07 1.00 0.09 0.16 0.45 1.00 0.00 0.00 0.00 1.00 0.16 0.33 1.00 1.00 0.19 0.22 0.29 1.00 0.19 0.22 0.29 1.00 0.21 0.25 0.35 1.00 0.20 0.30 0.76 1.00 0.18 0.55 1.00 1.00 0.16 0.41 1.00 1.00 0.04 0.05 0.07 1.00 0.16 0.33 1.00 1.00 0.04 0.05 0.07 1.00 0.16 0.44 1.00 1.00 0.16 0.44 1.00 1.00 0.16 0.53 1.00 1.00 0.16 0.55 1.00 1.00 0.19 0.27 0.61 1.00 0.09 0.10 0.13 1.00 0.11 0.28 0.82 1.00 0.16 0.41 1.00 1.00 0.16 0.44 1.00 1.00 0.16 0.53 1.00 1.00 0.06 0.19 0.35 1.00 0.01 0.02 0.04 1.00 0.20 0.24 0.33 1.00 0.20 0.24 0.32 1.00 0.20 0.23 0.30 1.00 0.19 0.22 0.28 1.00 0.09 0.10 0.13 1.00 0.19 0.22 0.28 1.00 0.16 0.16 0.16 1.00 0.16 0.16 0.16 1.00 0.16 0.23 0.53 1.00 0.16 0.20 0.36 1.00 0.26 0.58 1.00 1.00 0.27 0.53 1.00 1.00 0.26 0.58 1.00 1.00 0.26 0.53 1.00 1.00 0.23 0.38 1.00 1.00 0.22 0.42 1.00 1.00 0.24 0.47 1.00 1.00 0.24 0.49 1.00 1.00 0.24 0.45 1.00 1.00 0.23 0.48 1.00 1.00 0.22 0.37 1.00 1.00 0.21 0.40 1.00 1.00 0.24 0.36 1.00 1.00 0.24 0.37 1.00 1.00 0.25 0.44 1.00 1.00 0.25 0.44 1.00 1.00 0.24 0.42 1.00 1.00 0.24 0.42 1.00 1.00 0.22 0.35 1.00 1.00 0.22 0.35 1.00 1.00 0.26 0.51 1.00 1.00 0.25 0.56 1.00 1.00 0.26 0.51 1.00 1.00 0.25 0.56 1.00 1.00 0.23 0.44 1.00 1.00 0.24 0.39 1.00 1.00 0.24 0.51 1.00 1.00 0.25 0.47 1.00 1.00 0.27 0.72 1.00 1.00 0.27 0.72 1.00 1.00 0.27 0.72 1.00 1.00 0.27 0.72 1.00 1.00 0.24 0.49 1.00 1.00 0.24 0.45 1.00 1.00 0.21 0.41 1.00 1.00 0.22 0.38 1.00 1.00 0.16 0.16 0.16 1.00 0.16 0.16 0.16 1.00 0.16 0.20 0.36 1.00 0.16 0.23 0.53 1.00 0.16 0.16 0.16 1.00 0.16 0.16 0.16 1.00 0.16 0.16 0.16 1.00 0.16 0.16 0.16 1.00 0.16 0.16 0.16 1.00 0.16 0.16 0.16 1.00 0.16 0.16 0.16 1.00 0.16 0.23 0.51 1.00 0.16 0.27 0.75 1.00 0.16 0.32 0.98 1.00 0.22 0.41 1.00 1.00 0.23 0.40 1.00 1.00 0.28 0.62 1.00 1.00 0.26 0.60 1.00 1.00 0.27 0.75 1.00 1.00 0.23 0.59 1.00 1.00 0.27 0.62 1.00 1.00 0.24 0.61 1.00 1.00 0.29 0.64 1.00 1.00 0.29 0.79 1.00 1.00 0.26 0.59 1.00 1.00 0.29 0.62 1.00 1.00 0.24 0.63 1.00 1.00 0.30 0.86 1.00 1.00 0.25 0.47 1.00 1.00 0.22 0.33 1.00 1.00 0.22 0.45 1.00 1.00 0.20 0.37 1.00 1.00 0.16 0.27 0.75 1.00 0.22 0.40 1.00 1.00 0.16 0.29 0.82 1.00 0.21 0.32 0.95 1.00 0.28 0.60 1.00 1.00 0.29 0.82 1.00 1.00 0.25 0.58 1.00 1.00 0.24 0.63 1.00 1.00 0.29 0.62 1.00 1.00 0.29 0.64 1.00 1.00 0.28 0.84 1.00 1.00 0.29 0.86 1.00 1.00 0.25 0.47 1.00 1.00 0.21 0.38 1.00 1.00 0.25 0.47 1.00 1.00 0.21 0.37 1.00 1.00 0.22 0.40 1.00 1.00 0.22 0.41 1.00 1.00 0.20 0.36 1.00 1.00 0.20 0.36 1.00 1.00 0.28 0.62 1.00 1.00 0.28 0.83 1.00 1.00 0.28 0.60 1.00 1.00 0.27 0.80 1.00 1.00 0.25 0.58 1.00 1.00 0.28 0.60 1.00 1.00 0.23 0.56 1.00 1.00 0.27 0.74 1.00 1.00 0.29 0.62 1.00 1.00 0.29 0.78 1.00 1.00 0.26 0.59 1.00 1.00 0.24 0.58 1.00 1.00 0.29 0.64 1.00 1.00 0.27 0.62 1.00 1.00 0.30 0.87 1.00 1.00 0.25 0.66 1.00 1.00 0.22 0.47 1.00 1.00 0.20 0.38 1.00 1.00 0.25 0.47 1.00 1.00 0.22 0.34 1.00 1.00 0.28 0.60 1.00 1.00 0.28 0.62 1.00 1.00 0.26 0.73 1.00 1.00 0.27 0.74 1.00 1.00 0.29 0.64 1.00 1.00 0.28 0.78 1.00 1.00 0.29 0.62 1.00 1.00 0.27 0.76 1.00 1.00 0.22 0.41 1.00 1.00 0.16 0.27 0.75 1.00 0.21 0.32 0.94 1.00 0.19 0.37 1.00 1.00 0.26 0.60 1.00 1.00 0.25 0.65 1.00 1.00 0.28 0.62 1.00 1.00 0.29 0.83 1.00 1.00 0.16 0.16 0.16 1.00 0.16 0.16 0.16 1.00 0.16 0.23 0.51 1.00 0.16 0.16 0.16 1.00 0.22 0.40 1.00 1.00 0.23 0.40 1.00 1.00 0.16 0.27 0.75 1.00 0.16 0.32 0.98 1.00 0.16 0.16 0.16 1.00 0.16 0.16 0.16 1.00 0.16 0.16 0.16 1.00 0.16 0.16 0.16 1.00 0.22 0.41 1.00 1.00 0.22 0.45 1.00 1.00 0.22 0.40 1.00 1.00 0.22 0.44 1.00 1.00 0.16 0.16 0.16 1.00 0.16 0.25 0.65 1.00 0.16 0.23 0.53 1.00 0.19 0.31 0.95 1.00 0.29 0.91 1.00 1.00 0.28 0.66 1.00 1.00 0.29 0.67 1.00 1.00 0.30 0.71 1.00 1.00 0.25 0.50 1.00 1.00 0.25 0.53 1.00 1.00 0.25 0.54 1.00 1.00 0.25 0.51 1.00 1.00 0.24 0.50 1.00 1.00 0.24 0.51 1.00 1.00 0.24 0.51 1.00 1.00 0.24 0.49 1.00 1.00 0.27 0.71 1.00 1.00 0.27 0.71 1.00 1.00 0.26 0.50 1.00 1.00 0.26 0.50 1.00 1.00 0.25 0.47 1.00 1.00 0.25 0.47 1.00 1.00 0.25 0.67 1.00 1.00 0.25 0.66 1.00 1.00 0.27 0.64 1.00 1.00 0.29 0.87 1.00 1.00 0.29 0.88 1.00 1.00 0.28 0.64 1.00 1.00 0.26 0.56 1.00 1.00 0.26 0.53 1.00 1.00 0.25 0.53 1.00 1.00 0.25 0.55 1.00 1.00 0.31 0.91 1.00 1.00 0.31 0.92 1.00 1.00 0.31 0.93 1.00 1.00 0.31 0.93 1.00 1.00 0.24 0.52 1.00 1.00 0.24 0.51 1.00 1.00 0.24 0.50 1.00 1.00 0.24 0.52 1.00 1.00 0.16 0.25 0.65 1.00 0.16 0.16 0.16 1.00 0.19 0.31 0.94 1.00 0.16 0.23 0.53 1.00 0.16 0.16 0.16 1.00 0.16 0.16 0.16 1.00 0.19 0.28 0.75 1.00 0.19 0.28 0.76 1.00 0.28 0.35 0.60 1.00 0.16 0.16 0.16 1.00 0.16 0.30 0.88 1.00 0.16 0.24 0.58 1.00 0.09 0.16 0.44 1.00 0.16 0.32 0.96 1.00 0.16 0.27 0.75 1.00 0.16 0.24 0.59 1.00 0.16 0.28 0.76 1.00 0.16 0.30 0.89 1.00 0.16 0.32 0.97 1.00 0.16 0.34 1.00 1.00 0.09 0.16 0.44 1.00 0.09 0.18 0.54 1.00 0.16 0.66 1.00 1.00 0.16 0.48 1.00 1.00 0.16 0.50 1.00 1.00 0.16 0.41 1.00 1.00 0.16 0.65 1.00 1.00 0.16 0.48 1.00 1.00 0.16 0.53 1.00 1.00 0.16 0.43 1.00 1.00 0.16 0.49 1.00 1.00 0.16 0.56 1.00 1.00 0.16 0.78 1.00 1.00 0.18 0.40 1.00 1.00 0.22 0.29 0.49 1.00 0.18 0.41 1.00 1.00 0.24 0.37 0.99 1.00 0.10 0.13 0.18 1.00 0.09 0.11 0.15 1.00 0.22 0.34 0.87 1.00 0.22 0.27 0.45 1.00 0.18 0.40 1.00 1.00 0.18 0.39 1.00 1.00 0.16 0.57 1.00 1.00 0.16 0.80 1.00 1.00 0.16 0.34 1.00 1.00 0.16 0.29 0.84 1.00 0.30 0.42 0.69 1.00 0.26 0.35 0.55 1.00 0.25 0.33 0.51 1.00 0.22 0.27 0.38 1.00 0.25 0.33 0.51 1.00 0.10 0.12 0.16 1.00 0.23 0.30 0.44 1.00 0.10 0.13 0.18 1.00 0.25 0.32 0.49 1.00 0.27 0.38 0.61 1.00 0.24 0.32 0.49 1.00 0.33 0.48 0.82 1.00 0.09 0.11 0.15 1.00 0.10 0.13 0.18 1.00 0.09 0.18 0.53 1.00 0.07 0.13 0.33 1.00 0.16 0.41 1.00 1.00 0.09 0.18 0.54 1.00 0.09 0.16 0.44 1.00 0.16 0.43 1.00 1.00 0.18 0.43 1.00 1.00 0.16 0.67 1.00 1.00 0.16 0.54 1.00 1.00 0.16 0.68 1.00 1.00 0.20 0.28 0.61 1.00 0.10 0.12 0.16 1.00 0.09 0.11 0.14 1.00 0.18 0.42 1.00 1.00 0.20 0.27 0.58 1.00 0.10 0.12 0.16 1.00 0.11 0.13 0.18 1.00 0.11 0.13 0.19 1.00 0.16 0.31 0.94 1.00 0.07 0.13 0.33 1.00 0.09 0.18 0.53 1.00 0.09 0.16 0.44 1.00 0.11 0.13 0.19 1.00 0.17 0.31 0.98 1.00 0.16 0.31 0.94 1.00 0.16 0.33 1.00 1.00 0.16 0.29 0.85 1.00 0.07 0.13 0.33 1.00 0.09 0.11 0.13 1.00 0.17 0.32 1.00 1.00 0.17 0.33 1.00 1.00 0.07 0.13 0.33 1.00 0.21 0.25 0.35 1.00 0.29 0.42 0.68 1.00 0.23 0.30 0.44 1.00 0.25 0.32 0.49 1.00 0.11 0.13 0.20 1.00 0.21 0.25 0.34 1.00 0.20 0.24 0.31 1.00 0.16 0.16 0.16 1.00 0.09 0.11 0.14 1.00 0.18 0.19 0.22 1.00 0.19 0.22 0.28 1.00 0.09 0.11 0.13 1.00 0.18 0.19 0.22 1.00 0.16 0.16 0.16 1.00 0.16 0.17 0.18 1.00 0.17 0.18 0.19 1.00 0.37 0.92 1.00 1.00 0.38 1.00 1.00 1.00 0.45 0.75 1.00 1.00 0.43 0.84 1.00 1.00 0.35 0.82 1.00 1.00 0.44 1.00 1.00 1.00 0.37 1.00 1.00 1.00 0.38 1.00 1.00 1.00 0.40 1.00 1.00 1.00 0.41 1.00 1.00 1.00 0.41 1.00 1.00 1.00 0.40 1.00 1.00 1.00 0.38 1.00 1.00 1.00 0.36 1.00 1.00 1.00 0.35 0.98 1.00 1.00 0.33 0.77 1.00 1.00 0.42 0.80 1.00 1.00 0.44 0.74 1.00 1.00 0.46 0.73 1.00 1.00 0.37 0.89 1.00 1.00 0.39 1.00 1.00 1.00 0.41 1.00 1.00 1.00 0.42 1.00 1.00 1.00 0.43 1.00 1.00 1.00 0.44 1.00 1.00 1.00 0.44 1.00 1.00 1.00 0.43 1.00 1.00 1.00 0.42 1.00 1.00 1.00 0.40 1.00 1.00 1.00 0.39 1.00 1.00 1.00 0.38 1.00 1.00 1.00 0.37 0.96 1.00 1.00 0.37 0.91 1.00 1.00 0.18 0.19 0.22 1.00 0.18 0.19 0.22 1.00 0.16 0.17 0.18 1.00 0.16 0.16 0.16 1.00 0.16 0.16 0.16 1.00 0.16 0.16 0.16 1.00 0.16 0.17 0.18 1.00 0.16 0.16 0.16 1.00 0.17 0.18 0.19 1.00 0.19 0.22 0.28 1.00 0.17 0.19 0.22 1.00 0.19 0.22 0.28 1.00 0.16 0.17 0.18 1.00 0.19 0.22 0.28 1.00 0.20 0.23 0.31 1.00 0.20 0.23 0.30 1.00 0.19 0.22 0.28 1.00 0.18 0.19 0.22 1.00 0.19 0.22 0.29 1.00 0.20 0.24 0.33 1.00 0.20 0.24 0.32 1.00 0.17 0.18 0.19 1.00 0.16 0.16 0.16 1.00 0.16 0.16 0.16 1.00 0.16 0.16 0.16 1.00 0.17 0.18 0.19 1.00 0.16 0.37 1.00 1.00 0.16 0.42 1.00 1.00 0.07 0.12 0.33 1.00 0.16 0.44 1.00 1.00 0.07 0.13 0.35 1.00 0.16 0.44 1.00 1.00 0.21 0.49 1.00 1.00 0.07 0.13 0.34 1.00 0.07 0.13 0.35 1.00 0.22 0.69 1.00 1.00 0.04 0.06 0.15 1.00 0.16 0.23 0.51 1.00 0.16 0.28 0.78 1.00 0.16 0.23 0.51 1.00 0.16 0.23 0.51 1.00 0.00 0.00 0.00 1.00 0.00 0.00 0.00 1.00 0.16 0.28 0.78 1.00 0.21 0.37 1.00 1.00 0.00 0.00 0.00 1.00 0.00 0.00 0.00 1.00 0.21 0.37 1.00 1.00 0.02 0.03 0.06 1.00 0.16 0.34 1.00 1.00 0.22 0.55 1.00 1.00 0.22 0.66 1.00 1.00 0.09 0.17 0.50 1.00 0.09 0.21 0.52 1.00 0.09 0.21 0.52 1.00 0.22 0.66 1.00 1.00 0.22 0.73 1.00 1.00 0.09 0.22 0.52 1.00 0.16 0.44 1.00 1.00 0.09 0.22 0.52 1.00 0.22 0.69 1.00 1.00 0.09 0.22 0.52 1.00 0.09 0.22 0.52 1.00 0.22 0.67 1.00 1.00 0.21 0.52 1.00 1.00 0.21 0.38 1.00 1.00 0.21 0.38 1.00 1.00 0.21 0.32 0.96 1.00 0.21 0.38 1.00 1.00 0.21 0.38 1.00 1.00 0.22 0.53 1.00 1.00 0.22 0.68 1.00 1.00 0.22 0.68 1.00 1.00 0.22 0.74 1.00 1.00 0.22 0.67 1.00 1.00 0.22 0.74 1.00 1.00 0.20 0.57 1.00 1.00 0.21 0.66 1.00 1.00 0.37 1.00 1.00 1.00 0.09 0.19 0.64 1.00 0.15 0.40 1.00 1.00 0.00 0.00 0.00 1.00 0.19 0.40 1.00 1.00 0.18 0.24 0.55 1.00 0.00 0.00 0.00 1.00 0.00 0.00 0.00 1.00 0.18 0.24 0.55 1.00 0.18 0.19 0.23 1.00 0.00 0.00 0.00 1.00 0.19 0.25 0.57 1.00 0.00 0.00 0.00 1.00 0.09 0.20 0.71 1.00 0.19 0.25 0.57 1.00 0.20 0.41 1.00 1.00 0.50 1.00 1.00 1.00 0.15 0.42 1.00 1.00 0.15 0.49 1.00 1.00 0.15 0.42 1.00 1.00 0.21 0.58 1.00 1.00 0.15 0.40 1.00 1.00 0.16 0.30 0.87 1.00 0.16 0.34 1.00 1.00 0.09 0.17 0.50 1.00 0.02 0.03 0.06 1.00 0.16 0.23 0.51 1.00 0.16 0.16 0.16 1.00 0.04 0.06 0.15 1.00 0.00 0.00 0.00 1.00 0.21 0.52 1.00 1.00 0.22 0.67 1.00 1.00 0.20 0.57 1.00 1.00 0.22 0.67 1.00 1.00 0.21 0.38 1.00 1.00 0.21 0.38 1.00 1.00 0.21 0.32 0.96 1.00 0.21 0.38 1.00 1.00 0.22 0.53 1.00 1.00 0.21 0.38 1.00 1.00 0.22 0.68 1.00 1.00 0.21 0.58 1.00 1.00 0.22 0.68 1.00 1.00 0.09 0.17 0.49 1.00 0.16 0.52 1.00 1.00 0.09 0.27 0.67 1.00 0.10 0.23 0.76 1.00 0.00 0.00 0.00 1.00 0.20 0.24 0.33 1.00 0.18 0.20 0.29 1.00 0.08 0.18 0.64 1.00 0.41 0.48 0.74 1.00 0.19 0.39 1.00 1.00 0.00 0.00 0.00 1.00 0.05 0.06 0.11 1.00 0.06 0.12 0.36 1.00 </float_array>
                    <technique_common>
                        <accessor source="#geom-01F846E5-colors-array" count="971" stride="4">
                            <param name="R" type="float" />
                            <param name="G" type="float" />
                            <param name="B" type="float" />
                            <param name="A" type="float" />
                        </accessor>
                    </technique_common>
                </source>
                <vertices id="geom-01F846E5-vtx">
                    <input semantic="POSITION" source="#geom-01F846E5-pos" />
                </vertices>
                <triangles count="390" material="material-0189BA16-symbol">
                    <input semantic="VERTEX" source="#geom-01F846E5-vtx" offset="0" />
                    <input semantic="TEXCOORD" source="#geom-01F846E5-texcoord" offset="0" />
                    <input semantic="COLOR" source="#geom-01F846E5-colors" offset="0" />
                    <p>0 1 2 1 0 42 3 4 5 43 4 3 6 7 8 8 7 9 10 11 12 12 11 13 14 15 16 16 15 17 18 19 20 20 19 21 22 23 24 22 37 23 36 37 22 36 39 37 38 39 36 41 39 38 40 39 41 24 23 25 26 27 28 26 31 27 30 31 26 30 32 31 31 32 33 28 27 29 28 29 34 34 29 35 44 45 46 48 44 46 48 46 49 49 46 50 49 50 51 51 50 52 51 52 53 52 54 53 128 54 52 128 52 127 50 127 52 124 127 50 124 50 125 50 46 125 46 47 125 46 45 47 54 55 53 129 54 128 56 57 58 57 56 119 119 56 65 56 64 65 64 56 120 120 70 64 121 70 120 121 122 70 70 122 73 73 74 70 70 74 69 69 64 70 66 64 69 65 64 66 58 57 59 120 56 58 60 61 62 62 68 60 67 68 62 67 72 68 71 72 67 76 72 71 71 75 76 75 77 76 62 61 63 78 79 80 78 82 79 115 82 78 116 82 115 85 82 116 82 85 84 83 82 84 79 82 83 79 83 81 80 79 81 81 83 114 84 85 86 85 87 86 85 117 87 116 117 85 118 87 117 86 87 88 89 90 91 89 130 90 89 103 130 103 89 104 103 104 105 105 131 103 132 131 105 132 112 131 109 112 132 112 109 113 112 113 98 130 112 98 98 99 130 98 97 99 96 97 98 98 113 96 113 109 135 109 134 135 111 134 109 109 110 111 132 110 109 132 105 110 110 105 107 105 106 107 105 104 106 104 89 91 91 90 92 92 90 133 133 90 94 90 93 94 90 130 93 130 99 93 93 99 95 94 93 95 95 99 101 97 101 99 100 101 102 107 106 108 123 73 122 126 44 48 130 103 131 131 112 130 </p>
                </triangles>
            </mesh>
        </geometry>
        <geometry id="geom-01BA7E11" name="geom-01BA7E11">
            <mesh>
                <source id="geom-01BA7E11-pos">
                    <float_array id="geom-01BA7E11-pos-array" count="2505">4003.68 -244.40 -857.27 3993.91 -244.40 -871.91 4003.64 -210.00 -857.25 3993.88 -210.00 -871.88 3979.27 -244.40 -881.69 3979.25 -210.00 -881.65 3979.27 -244.40 -881.69 3962.00 -244.40 -885.12 3979.25 -210.00 -881.65 3962.00 -210.00 -885.08 3962.00 -244.40 -885.12 3944.73 -244.40 -881.69 3944.75 -210.00 -881.65 3944.73 -244.40 -881.69 3930.09 -244.40 -871.91 3944.75 -210.00 -881.65 3930.12 -210.00 -871.88 3920.31 -244.40 -857.27 3920.35 -210.00 -857.25 3920.31 -244.40 -857.27 3916.88 -244.40 -840.00 3920.35 -210.00 -857.25 3916.92 -210.00 -840.00 3920.31 -244.40 -822.73 3920.35 -210.00 -822.75 3920.31 -244.40 -822.73 3930.09 -244.40 -808.09 3920.35 -210.00 -822.75 3930.12 -210.00 -808.12 3944.73 -244.40 -798.31 3944.75 -210.00 -798.35 3944.73 -244.40 -798.31 3962.00 -244.40 -794.88 3944.75 -210.00 -798.35 3962.00 -210.00 -794.92 3979.27 -244.40 -798.31 3979.25 -210.00 -798.35 3979.27 -244.40 -798.31 3993.91 -244.40 -808.09 3979.25 -210.00 -798.35 3993.88 -210.00 -808.12 4003.68 -244.40 -822.73 4003.64 -210.00 -822.75 4003.68 -244.40 -822.73 4007.04 -244.40 -840.00 4003.64 -210.00 -822.75 4007.08 -210.00 -840.00 4003.68 -244.40 -857.27 4003.64 -210.00 -857.25 3996.16 -210.00 -840.00 3993.56 -210.00 -853.08 3993.56 -210.00 -853.08 3986.16 -210.00 -864.16 3975.08 -210.00 -871.56 3975.08 -210.00 -871.56 3962.00 -210.00 -874.16 3948.92 -210.00 -871.56 3948.92 -210.00 -871.56 3937.84 -210.00 -864.16 3930.44 -210.00 -853.08 3930.44 -210.00 -853.08 3927.84 -210.00 -840.00 3930.44 -210.00 -826.92 3930.44 -210.00 -826.92 3937.84 -210.00 -815.84 3948.92 -210.00 -808.44 3948.92 -210.00 -808.44 3962.00 -210.00 -805.84 3975.08 -210.00 -808.44 3975.08 -210.00 -808.44 3986.16 -210.00 -815.84 3993.56 -210.00 -826.92 3993.56 -210.00 -826.92 3990.92 -213.33 -851.98 3984.13 -213.33 -862.13 3973.98 -213.33 -868.92 3973.98 -213.33 -868.92 3962.00 -213.33 -871.30 3950.02 -213.33 -868.92 3950.02 -213.33 -868.92 3939.87 -213.33 -862.13 3933.08 -213.33 -851.98 3933.08 -213.33 -851.98 3930.70 -213.33 -840.00 3933.08 -213.33 -828.02 3933.08 -213.33 -828.02 3939.87 -213.33 -817.87 3950.02 -213.33 -811.08 3950.02 -213.33 -811.08 3962.00 -213.33 -808.70 3973.98 -213.33 -811.08 3973.98 -213.33 -811.08 3984.13 -213.33 -817.87 3990.92 -213.33 -828.02 3990.92 -213.33 -828.02 3993.30 -213.33 -840.00 3990.92 -213.33 -851.98 3872.00 -210.00 -975.00 3872.00 -240.00 -975.00 3872.00 -220.00 -930.00 3872.00 -240.00 -930.00 3827.00 -240.00 -930.00 3850.00 -230.00 -930.00 3872.00 -240.00 -930.00 3827.00 -230.00 -930.00 3872.00 -220.00 -930.00 3850.00 -220.00 -930.00 3872.00 -240.00 -750.00 3850.00 -230.00 -750.00 3827.00 -240.00 -750.00 3827.00 -230.00 -750.00 3872.00 -220.00 -750.00 3850.00 -220.00 -750.00 3872.00 -240.00 -705.00 3872.00 -210.00 -705.00 3872.00 -220.00 -750.00 3872.00 -240.00 -750.00 3908.79 -210.00 -771.78 3872.00 -210.00 -790.00 3872.00 -210.00 -705.00 3872.00 -210.00 -840.00 3916.51 -210.00 -858.84 3872.00 -210.00 -890.00 4015.20 -210.00 -908.22 4083.40 -210.00 -878.50 4052.00 -210.00 -955.49 3962.00 -210.00 -932.12 3943.16 -210.00 -885.50 3962.00 -210.00 -889.25 3850.00 -220.00 -840.00 3850.00 -220.00 -790.00 3872.00 -220.00 -840.00 3872.00 -220.00 -790.00 3850.00 -220.00 -890.00 3872.00 -220.00 -890.00 3850.00 -220.00 -930.00 3872.00 -220.00 -930.00 3827.00 -230.00 -840.00 3827.00 -230.00 -790.00 3850.00 -230.00 -840.00 3850.00 -230.00 -790.00 3962.00 -210.00 -975.00 3962.00 -240.00 -975.00 3872.00 -210.00 -975.00 3872.00 -240.00 -975.00 3872.00 -210.00 -705.00 3872.00 -240.00 -705.00 3962.00 -210.00 -705.00 3962.00 -240.00 -705.00 3872.00 -220.00 -890.00 3872.00 -220.00 -840.00 3872.00 -210.00 -890.00 3872.00 -210.00 -840.00 3850.00 -220.00 -840.00 3850.00 -220.00 -890.00 3850.00 -230.00 -840.00 3850.00 -230.00 -890.00 3850.00 -220.00 -790.00 3850.00 -230.00 -790.00 3850.00 -220.00 -750.00 3850.00 -230.00 -750.00 3827.00 -240.00 -856.67 3827.00 -230.00 -890.00 3827.00 -240.00 -890.00 3827.00 -230.00 -770.00 3827.00 -240.00 -770.00 3827.00 -230.00 -750.00 3827.00 -240.00 -750.00 3872.00 -210.00 -790.00 3872.00 -220.00 -790.00 3827.00 -230.00 -910.00 3850.00 -230.00 -930.00 3827.00 -230.00 -930.00 4052.00 -210.00 -975.00 4052.00 -240.00 -975.00 4052.00 -210.00 -705.00 4052.00 -240.00 -705.00 3962.00 -210.00 -747.88 3980.85 -210.00 -794.50 3962.00 -210.00 -790.75 3943.16 -210.00 -794.50 3927.18 -210.00 -805.18 4015.20 -210.00 -771.78 4007.52 -210.00 -821.16 3996.83 -210.00 -805.18 3980.85 -210.00 -885.50 3996.83 -210.00 -874.82 3927.18 -210.00 -805.18 3943.16 -210.00 -794.50 3930.09 -244.40 -808.09 3944.73 -244.40 -798.31 3962.00 -210.00 -790.75 3962.00 -244.40 -794.88 3996.83 -210.00 -805.18 4007.52 -210.00 -821.16 3993.91 -244.40 -808.09 4003.68 -244.40 -822.73 4011.16 -210.00 -840.00 4007.04 -244.40 -840.00 3996.83 -210.00 -874.82 3980.85 -210.00 -885.50 3993.91 -244.40 -871.91 3979.27 -244.40 -881.69 3962.00 -210.00 -889.25 3962.00 -244.40 -885.12 3912.76 -210.00 -840.00 3916.51 -210.00 -821.16 3916.88 -244.40 -840.00 3920.31 -244.40 -822.73 3927.18 -210.00 -874.82 3916.51 -210.00 -858.84 3930.09 -244.40 -871.91 3920.31 -244.40 -857.27 3943.16 -210.00 -885.50 3944.73 -244.40 -881.69 3980.85 -210.00 -794.50 3979.27 -244.40 -798.31 4007.52 -210.00 -858.84 4003.68 -244.40 -857.27 3962.00 -210.00 -705.00 4083.40 -210.00 -801.50 4052.00 -210.00 -724.51 3962.00 -210.00 -975.00 3872.00 -210.00 -975.00 3908.79 -210.00 -908.22 3850.00 -230.00 -930.00 3850.00 -220.00 -930.00 3827.00 -240.00 -910.00 3827.00 -230.00 -910.00 3827.00 -230.00 -890.00 3850.00 -230.00 -890.00 3872.00 -220.00 -750.00 3850.00 -220.00 -750.00 3827.00 -230.00 -770.00 3850.00 -230.00 -750.00 3827.00 -230.00 -790.00 3827.00 -240.00 -823.33 3827.00 -240.00 -790.00 3916.51 -210.00 -821.16 3912.76 -210.00 -840.00 3927.18 -210.00 -874.82 3827.00 -240.00 -930.00 3827.00 -230.00 -930.00 3827.00 -230.00 -750.00 4052.00 -210.00 -975.00 4052.00 -210.00 -705.00 4042.28 -210.00 -840.00 4007.52 -210.00 -858.84 4011.16 -210.00 -840.00 4060.16 -210.00 -724.51 4060.16 -210.00 -955.49 3827.00 -230.00 -840.00 3707.00 -240.00 -770.00 3707.00 -240.00 -790.00 3667.00 -240.00 -770.00 3667.00 -240.00 -790.00 3707.00 -240.00 -890.00 3707.00 -240.00 -910.00 3667.00 -240.00 -890.00 3667.00 -240.00 -910.00 3707.00 -240.00 -790.00 3707.00 -240.00 -770.00 3747.00 -240.00 -790.00 3747.00 -240.00 -770.00 3707.00 -240.00 -910.00 3707.00 -240.00 -890.00 3747.00 -240.00 -910.00 3747.00 -240.00 -890.00 3827.00 -240.00 -770.00 3827.00 -240.00 -790.00 3787.00 -240.00 -770.00 3787.00 -240.00 -790.00 3827.00 -240.00 -890.00 3827.00 -240.00 -910.00 3787.00 -240.00 -890.00 3787.00 -240.00 -910.00 3747.00 -240.00 -790.00 3747.00 -240.00 -770.00 3787.00 -240.00 -790.00 3787.00 -240.00 -770.00 3747.00 -240.00 -910.00 3747.00 -240.00 -890.00 3787.00 -240.00 -910.00 3787.00 -240.00 -890.00 3667.00 -240.00 -823.33 3667.00 -240.00 -790.00 3707.00 -240.00 -823.33 3707.00 -240.00 -790.00 3787.00 -240.00 -890.00 3787.00 -240.00 -856.67 3827.00 -240.00 -890.00 3827.00 -240.00 -856.67 3707.00 -240.00 -890.00 3707.00 -240.00 -856.67 3747.00 -240.00 -890.00 3747.00 -240.00 -856.67 3707.00 -240.00 -856.67 3747.00 -240.00 -856.67 3747.00 -240.00 -823.33 3747.00 -240.00 -823.33 3747.00 -240.00 -790.00 3787.00 -240.00 -823.33 3787.00 -240.00 -790.00 3667.00 -240.00 -890.00 3667.00 -240.00 -856.67 3667.00 -240.00 -856.67 3787.00 -240.00 -823.33 3787.00 -240.00 -790.00 3827.00 -240.00 -823.33 3827.00 -240.00 -790.00 3787.00 -240.00 -856.67 3827.00 -240.00 -856.67 3747.00 -240.00 -856.67 3787.00 -240.00 -856.67 3747.00 -240.00 -790.00 3747.00 -240.00 -890.00 3747.00 -240.00 -856.67 3787.00 -240.00 -890.00 3787.00 -240.00 -856.67 3932.00 0.00 -600.00 3812.00 0.00 -600.00 3932.00 60.00 -652.50 3812.00 60.00 -652.50 3692.00 0.00 -720.00 3752.00 60.00 -713.73 3752.00 0.00 -660.00 3812.00 120.00 -707.95 3812.00 120.00 -972.05 3752.00 60.00 -966.27 3812.00 60.00 -1027.50 3932.00 120.00 -973.08 3932.00 60.00 -1027.50 3932.00 0.00 -1080.00 3812.00 0.00 -1080.00 3602.00 0.00 -720.00 3602.00 0.00 -772.50 3692.00 0.00 -772.50 3692.00 0.00 -907.50 3752.00 60.00 -907.50 3932.00 120.00 -907.50 3812.00 120.00 -907.50 4052.00 60.00 -1027.50 4052.00 0.00 -1080.00 4052.00 120.00 -975.00 4052.00 120.00 -907.50 4052.00 60.00 -652.50 4052.00 120.00 -705.00 3932.00 120.00 -706.92 3512.00 0.00 -840.00 3512.00 0.00 -907.50 3602.00 0.00 -840.00 3602.00 0.00 -907.50 3692.00 0.00 -840.00 3932.00 120.00 -840.00 4052.00 120.00 -840.00 3932.00 120.00 -772.50 4052.00 120.00 -772.50 3812.00 120.00 -840.00 3812.00 120.00 -772.50 3752.00 60.00 -840.00 3752.00 60.00 -772.50 3602.00 0.00 -960.00 3512.00 0.00 -960.00 3692.00 0.00 -960.00 3932.00 120.00 -873.75 3812.00 120.00 -873.75 3752.00 60.00 -873.75 3752.00 0.00 -1020.00 4052.00 0.00 -600.00 3564.10 0.00 -818.12 3560.66 0.00 -803.17 3569.45 0.00 -772.50 3536.36 0.00 -751.50 3512.00 0.00 -720.00 3512.00 0.00 -750.17 4084.40 81.59 -898.75 4072.20 81.59 -939.17 4084.40 40.91 -898.75 4072.20 40.91 -939.17 4084.40 -73.41 -898.75 4072.16 -73.41 -939.17 4084.40 -114.09 -898.75 4072.16 -114.09 -939.17 4072.16 -150.91 -740.83 4084.40 -150.91 -781.25 4072.16 -191.59 -740.83 4084.40 -191.59 -781.25 4072.16 4.09 -740.83 4084.40 4.09 -781.25 4072.16 -36.59 -740.83 4084.40 -36.59 -781.25 4090.20 -150.91 -819.79 4090.20 -150.91 -860.21 4090.20 -191.59 -819.79 4090.20 -191.59 -860.21 4090.20 4.09 -819.79 4090.20 4.09 -860.21 4090.20 -36.59 -819.79 4090.20 -36.59 -860.21 4072.16 -73.41 -740.83 4084.40 -73.41 -781.25 4072.16 -114.09 -740.83 4084.40 -114.09 -781.25 4084.40 -150.91 -898.75 4072.20 -150.91 -939.17 4084.40 -191.59 -898.75 4072.20 -191.59 -939.17 4090.20 -73.41 -819.79 4090.20 -73.41 -860.21 4090.20 -114.09 -819.79 4090.20 -114.09 -860.21 4084.40 4.09 -898.75 4072.16 4.09 -939.17 4084.40 -36.59 -898.75 4072.16 -36.59 -939.17 4072.16 81.59 -740.83 4084.40 81.59 -781.25 4072.16 40.91 -740.83 4084.40 40.91 -781.25 4090.20 81.59 -819.79 4090.20 81.59 -860.21 4090.20 40.91 -819.79 4090.20 40.91 -860.21 4083.40 100.00 -878.50 4060.16 100.00 -955.49 4077.12 96.12 -880.80 4056.20 96.12 -950.10 4060.16 22.50 -955.49 4056.20 26.38 -950.10 4083.40 22.50 -878.50 4077.12 26.38 -880.80 4083.40 -55.00 -878.50 4060.16 -55.00 -955.49 4077.12 -58.88 -880.80 4056.20 -58.88 -950.10 4060.16 -132.50 -955.49 4056.20 -128.63 -950.10 4083.40 -132.50 -878.50 4077.12 -128.63 -880.80 4060.16 -132.50 -724.51 4083.40 -132.50 -801.50 4056.20 -136.38 -729.90 4077.12 -136.38 -799.20 4083.40 -210.00 -801.50 4077.12 -206.12 -799.20 4060.16 -210.00 -724.51 4056.20 -206.12 -729.90 4060.16 22.50 -724.51 4083.40 22.50 -801.50 4056.20 18.63 -729.90 4077.12 18.63 -799.20 4083.40 -55.00 -801.50 4077.12 -51.13 -799.20 4060.16 -55.00 -724.51 4056.20 -51.13 -729.90 4083.40 -132.50 -801.50 4083.40 -132.50 -878.50 4078.08 -136.38 -805.35 4078.08 -136.38 -874.65 4083.40 -210.00 -878.50 4078.08 -206.12 -874.65 4083.40 -210.00 -801.50 4078.08 -206.12 -805.35 4083.40 22.50 -801.50 4083.40 22.50 -878.50 4078.08 18.63 -805.35 4078.08 18.63 -874.65 4083.40 -55.00 -878.50 4078.08 -51.13 -874.65 4083.40 -55.00 -801.50 4078.08 -51.13 -805.35 4060.16 -55.00 -724.51 4083.40 -55.00 -801.50 4056.20 -58.87 -729.90 4077.12 -58.87 -799.20 4083.40 -132.50 -801.50 4077.12 -128.62 -799.20 4060.16 -132.50 -724.51 4056.20 -128.62 -729.90 4083.40 -132.50 -878.50 4060.16 -132.50 -955.49 4077.12 -136.37 -880.80 4056.20 -136.37 -950.10 4060.16 -210.00 -955.49 4056.20 -206.12 -950.10 4083.40 -210.00 -878.50 4077.12 -206.12 -880.80 4083.40 -55.00 -801.50 4083.40 -55.00 -878.50 4078.08 -58.87 -805.35 4078.08 -58.87 -874.65 4083.40 -132.50 -878.50 4078.08 -128.62 -874.65 4083.40 -132.50 -801.50 4078.08 -128.62 -805.35 4083.40 22.50 -878.50 4060.16 22.50 -955.49 4077.12 18.63 -880.80 4056.20 18.63 -950.10 4060.16 -55.00 -955.49 4056.20 -51.13 -950.10 4083.40 -55.00 -878.50 4077.12 -51.13 -880.80 4060.16 100.00 -724.51 4083.40 100.00 -801.50 4056.20 96.12 -729.90 4077.12 96.12 -799.20 4083.40 22.50 -801.50 4077.12 26.38 -799.20 4060.16 22.50 -724.51 4056.20 26.38 -729.90 4083.40 100.00 -801.50 4083.40 100.00 -878.50 4078.08 96.12 -805.35 4078.08 96.12 -874.65 4083.40 22.50 -878.50 4078.08 26.38 -874.65 4083.40 22.50 -801.50 4078.08 26.38 -805.35 4074.00 85.66 -891.20 4059.36 85.66 -939.70 4059.36 36.84 -939.70 4074.00 36.84 -891.20 4074.00 -69.34 -891.20 4059.36 -69.34 -939.70 4059.36 -118.16 -939.70 4074.00 -118.16 -891.20 4059.36 -146.84 -740.30 4074.00 -146.84 -788.80 4074.00 -195.66 -788.80 4059.36 -195.66 -740.30 4059.36 8.16 -740.30 4074.00 8.16 -788.80 4074.00 -40.66 -788.80 4059.36 -40.66 -740.30 4078.08 -146.84 -815.75 4078.08 -146.84 -864.25 4078.08 -195.66 -864.25 4078.08 -195.66 -815.75 4078.08 8.16 -815.75 4078.08 8.16 -864.25 4078.08 -40.66 -864.25 4078.08 -40.66 -815.75 4059.36 -69.34 -740.30 4074.00 -69.34 -788.80 4074.00 -118.16 -788.80 4059.36 -118.16 -740.30 4074.00 -146.84 -891.20 4059.36 -146.84 -939.70 4059.36 -195.66 -939.70 4074.00 -195.66 -891.20 4078.08 -69.34 -815.75 4078.08 -69.34 -864.25 4078.08 -118.16 -864.25 4078.08 -118.16 -815.75 4074.00 8.16 -891.20 4059.36 8.16 -939.70 4059.36 -40.66 -939.70 4074.00 -40.66 -891.20 4059.36 85.66 -740.30 4074.00 85.66 -788.80 4074.00 36.84 -788.80 4059.36 36.84 -740.30 4078.08 85.66 -815.75 4078.08 85.66 -864.25 4078.08 36.84 -864.25 4078.08 36.84 -815.75 4072.16 40.91 -740.83 4056.04 100.00 -975.00 4056.04 40.00 -1029.23 4056.04 40.00 -975.00 4056.04 -20.00 -1083.45 4056.04 -20.00 -1029.23 4056.04 -20.00 -975.00 4056.04 40.49 -705.00 4056.04 -20.00 -705.00 4056.04 40.00 -650.77 4056.04 -20.00 -650.77 4056.04 -100.00 -650.77 4056.04 -20.00 -596.55 4056.04 -100.00 -596.55 3810.57 -100.00 -596.55 3933.31 -100.00 -596.55 3810.57 -180.00 -596.55 3933.31 -180.00 -596.55 3810.57 -100.00 -1083.45 3933.31 -100.00 -1083.45 3810.57 -20.00 -1083.45 3933.31 -20.00 -1083.45 3810.57 -180.00 -1083.45 3750.57 -180.00 -1023.45 3750.57 -100.00 -1023.45 3690.57 -100.00 -963.45 3601.28 -100.00 -963.75 3690.57 -180.00 -963.45 3601.28 -180.00 -963.75 3512.00 -180.00 -715.96 3512.00 -100.00 -715.96 3601.28 -180.00 -716.25 3601.28 -100.00 -716.25 3690.57 -180.00 -716.55 3690.57 -100.00 -716.55 3750.57 -180.00 -656.55 3750.57 -100.00 -656.55 4056.04 -100.00 -1029.23 4056.04 -100.00 -975.00 3512.00 -120.00 -840.00 3512.00 -120.00 -890.00 3511.30 -100.00 -840.00 3511.30 -100.00 -910.00 3512.00 -180.00 -770.00 3512.00 -180.00 -720.00 3512.00 -240.00 -770.00 3512.00 -240.00 -720.00 3512.00 -240.00 -910.00 3512.00 -180.00 -910.00 3512.00 -240.00 -890.00 3512.00 -180.00 -890.00 3512.00 -100.00 -715.96 3512.00 -180.00 -715.96 4056.04 -100.00 -1083.45 4056.04 -180.00 -1083.45 3933.31 -180.00 -1083.45 4056.04 -100.00 -596.55 4056.04 -20.00 -596.55 3933.31 -20.00 -596.55 3690.57 -20.00 -963.45 3750.57 -20.00 -1023.45 3810.57 -20.00 -596.55 3750.57 -20.00 -656.55 3601.28 -20.00 -963.75 3512.00 -100.00 -964.04 3509.18 -20.06 -964.04 3690.57 -20.00 -716.55 3601.28 -20.00 -716.25 3512.00 -100.00 -964.04 3512.00 -180.00 -960.00 3512.00 -180.00 -964.04 4056.04 -180.00 -1029.23 4056.04 -180.00 -1083.45 4056.04 -100.00 -1083.45 4056.04 -20.00 -1083.45 3512.00 -180.00 -964.04 4056.04 -180.00 -705.00 4056.04 -180.00 -650.77 4056.04 -146.84 -705.00 4056.04 -100.00 -705.00 4056.04 -180.00 -596.55 3509.18 -20.00 -715.96 4056.04 -180.00 -975.00 4056.04 -146.84 -975.00 4056.04 -180.00 -596.55 3511.30 -100.00 -770.00 3512.00 -180.00 -790.00 3512.00 -240.00 -790.00 3512.00 -120.00 -790.00 3512.00 -240.00 -960.00 3509.18 -20.00 -840.00 3509.18 -20.00 -907.82 4056.04 100.00 -705.00 3509.18 -20.06 -964.04 3509.66 -38.28 -771.63 3509.18 -20.00 -765.70 3509.18 -20.00 -715.96 3509.93 -48.52 -797.26 3509.61 -36.27 -800.30 3509.55 -34.15 -813.47 3509.18 -20.00 -826.88 3990.92 -213.33 -851.98 3984.13 -213.33 -862.13 3989.53 -210.00 -851.40 3983.07 -210.00 -861.07 3973.40 -210.00 -867.53 3962.00 -212.39 -840.00 3962.00 -210.00 -869.80 3950.60 -210.00 -867.53 3940.93 -210.00 -861.07 3934.47 -210.00 -851.40 3932.20 -210.00 -840.00 3934.47 -210.00 -828.60 3940.93 -210.00 -818.93 3950.60 -210.00 -812.47 3962.00 -210.00 -810.20 3973.40 -210.00 -812.47 3983.07 -210.00 -818.93 3989.53 -210.00 -828.60 3991.80 -210.00 -840.00 3993.30 -213.33 -840.00 3973.98 -213.33 -868.92 3962.00 -213.33 -871.30 3950.02 -213.33 -868.92 3939.87 -213.33 -862.13 3933.08 -213.33 -851.98 3930.70 -213.33 -840.00 3933.08 -213.33 -828.02 3939.87 -213.33 -817.87 3950.02 -213.33 -811.08 3962.00 -213.33 -808.70 3973.98 -213.33 -811.08 3984.13 -213.33 -817.87 3990.92 -213.33 -828.02 3509.66 -38.28 -771.63 3509.93 -48.52 -797.26 3489.01 -20.00 -781.30 3481.00 -20.00 -803.32 3509.61 -36.27 -800.30 3490.81 -20.00 -803.67 3509.55 -34.15 -813.47 3492.80 -20.00 -814.26 3509.18 -20.00 -826.88 3509.18 -20.00 -765.70 3410.38 49.61 -818.12 3509.18 -20.00 -765.70 3489.01 -20.00 -781.30 3512.00 0.00 -750.17 3512.00 -20.00 -766.77 3569.45 0.00 -772.50 3536.36 0.00 -751.50 3512.00 -20.00 -827.75 3512.00 0.00 -840.00 3564.10 0.00 -818.12 3560.66 0.00 -803.17 3509.18 -20.00 -826.88 3481.00 -20.00 -803.32 3490.81 -20.00 -803.67 3492.80 -20.00 -814.26 3509.18 -20.00 -826.88 3880.00 120.00 -752.00 3908.00 110.00 -776.00 3909.00 120.00 -765.00 3926.00 100.00 -804.00 3928.00 120.00 -782.00 3926.00 100.00 -804.00 3962.00 90.00 -800.00 3962.00 120.00 -767.00 3928.00 120.00 -782.00 3934.00 90.00 -811.00 3997.00 120.00 -782.00 3999.00 100.00 -804.00 3991.00 90.00 -811.00 3999.00 100.00 -804.00 4003.00 90.00 -840.00 4021.00 120.00 -806.00 4035.00 120.00 -840.00 3991.00 90.00 -811.00 3991.00 90.00 -869.00 4014.00 120.00 -891.00 4014.00 120.00 -891.00 3991.00 90.00 -869.00 3980.00 120.00 -906.00 3962.00 100.00 -891.00 3962.00 90.00 -880.00 3934.00 90.00 -869.00 3945.00 120.00 -906.00 3911.00 120.00 -891.00 3911.00 120.00 -891.00 3934.00 90.00 -869.00 3922.00 90.00 -840.00 3890.00 120.00 -840.00 3926.00 100.00 -804.00 3904.00 120.00 -806.00 3934.00 90.00 -811.00 3897.00 120.00 -777.00 3904.00 120.00 -806.00 3940.50 87.61 -818.00 3962.00 87.61 -809.00 3984.50 87.61 -818.00 3984.50 87.61 -818.00 3993.50 87.61 -840.00 3984.50 87.61 -862.00 3984.50 87.61 -862.00 3962.00 87.61 -871.00 3940.50 87.61 -862.00 3940.50 87.61 -862.00 3931.50 87.61 -840.00 3940.50 87.61 -818.00 3931.50 87.61 -840.00 3950.93 63.71 -828.80 3946.44 63.71 -840.00 3962.00 -10.00 -840.00 3962.08 37.44 -832.63 3957.06 37.44 -834.98 3967.44 37.44 -834.98 3962.13 63.71 -823.57 3974.07 63.71 -828.80 3967.44 37.44 -834.98 3969.45 37.44 -840.00 3974.07 63.71 -828.80 3978.56 63.71 -840.00 3967.44 37.44 -845.02 3974.07 63.71 -851.20 3967.44 37.44 -845.02 3962.08 37.44 -847.37 3974.07 63.71 -851.20 3962.13 63.71 -856.43 3962.00 -10.00 -840.00 3957.06 37.44 -845.02 3955.05 37.44 -840.00 3957.06 37.44 -845.02 3950.93 63.71 -851.20 3957.06 37.44 -834.98 3962.00 120.00 -969.00 3962.00 100.00 -891.00 3945.00 120.00 -906.00 3980.00 120.00 -906.00 3999.00 100.00 -804.00 4043.00 120.00 -767.00 3997.00 120.00 -782.00 4021.00 120.00 -806.00 3962.00 87.61 -809.00 3940.50 87.61 -818.00 3950.93 63.71 -828.80 3940.50 87.61 -818.00 3984.50 87.61 -818.00 3984.50 87.61 -818.00 3993.50 87.61 -840.00 3984.50 87.61 -862.00 3962.00 87.61 -871.00 3984.50 87.61 -862.00 3940.50 87.61 -862.00 3950.93 63.71 -851.20 3940.50 87.61 -862.00 3744.00 51.00 -891.00 3753.00 30.00 -884.00 3721.00 28.00 -897.00 3728.00 36.00 -879.00 3650.00 0.00 -844.00 3614.00 0.00 -854.00 3657.00 -17.00 -849.00 3660.00 0.00 -858.00 3657.00 -17.00 -849.00 3685.00 -24.00 -834.00 3664.00 0.00 -834.00 3650.00 0.00 -844.00 3692.00 0.00 -844.00 </float_array>
                    <technique_common>
                        <accessor source="#geom-01BA7E11-pos-array" count="835" stride="3">
                            <param name="X" type="float" />
                            <param name="Y" type="float" />
                            <param name="Z" type="float" />
                        </accessor>
                    </technique_common>
                </source>
                <source id="geom-01BA7E11-texcoord">
                    <float_array id="geom-01BA7E11-texcoord-array" count="1670">0.02 0.02 0.50 0.02 0.02 0.50 0.50 0.50 0.98 0.02 0.98 0.50 0.02 0.02 0.50 0.02 0.02 0.50 0.50 0.50 0.50 0.02 0.98 0.02 0.98 0.50 0.02 0.02 0.50 0.02 0.02 0.50 0.50 0.50 0.98 0.02 0.98 0.50 0.02 0.02 0.50 0.02 0.02 0.50 0.50 0.50 0.98 0.02 0.98 0.50 0.02 0.02 0.50 0.02 0.02 0.50 0.50 0.50 0.98 0.02 0.98 0.50 0.02 0.02 0.50 0.02 0.02 0.50 0.50 0.50 0.98 0.02 0.98 0.50 0.02 0.02 0.50 0.02 0.02 0.50 0.50 0.50 0.98 0.02 0.98 0.50 0.02 0.02 0.50 0.02 0.02 0.50 0.50 0.50 0.98 0.02 0.98 0.50 0.50 0.81 0.87 0.81 0.13 0.81 0.50 0.81 0.87 0.81 0.13 0.81 0.50 0.81 0.87 0.81 0.13 0.81 0.50 0.81 0.87 0.81 0.13 0.81 0.50 0.81 0.87 0.81 0.13 0.81 0.50 0.81 0.87 0.81 0.13 0.81 0.50 0.81 0.87 0.81 0.13 0.81 0.50 0.81 0.87 0.81 0.13 0.81 0.16 0.98 0.50 0.98 0.84 0.98 0.16 0.98 0.50 0.98 0.84 0.98 0.16 0.98 0.50 0.98 0.84 0.98 0.16 0.98 0.50 0.98 0.84 0.98 0.16 0.98 0.50 0.98 0.84 0.98 0.16 0.98 0.50 0.98 0.84 0.98 0.16 0.98 0.50 0.98 0.84 0.98 0.16 0.98 0.50 0.98 0.84 0.98 0.12 -0.24 0.11 -0.32 0.24 -0.28 0.23 -0.34 0.16 0.01 0.25 0.03 0.32 -0.02 0.16 0.04 0.33 0.06 0.25 0.07 0.32 -0.02 0.25 0.03 0.16 0.01 0.16 0.04 0.33 0.06 0.25 0.07 0.83 -0.42 0.84 -0.34 0.72 -0.35 0.71 -0.40 0.68 -0.22 0.62 -0.31 0.84 -0.34 0.48 -0.29 0.45 -0.16 0.35 -0.27 0.35 0.11 0.46 0.29 0.24 0.23 0.27 -0.02 0.39 -0.08 0.38 -0.03 0.41 0.08 0.54 0.07 0.42 0.15 0.55 0.13 0.28 0.10 0.29 0.17 0.17 0.12 0.18 0.18 0.40 0.00 0.53 -0.02 0.41 0.06 0.54 0.04 0.16 0.00 0.08 0.01 0.12 -0.24 0.05 -0.23 0.84 -0.34 0.92 -0.35 0.87 -0.10 0.95 -0.11 0.35 -0.30 0.48 -0.32 0.35 -0.27 0.48 -0.29 0.41 0.08 0.28 0.10 0.41 0.06 0.27 0.08 0.54 0.07 0.54 0.04 0.65 0.05 0.65 0.03 0.35 -0.02 0.27 0.02 0.26 -0.01 0.59 -0.03 0.58 -0.05 0.64 -0.03 0.63 -0.06 0.62 -0.31 0.61 -0.33 0.21 0.02 0.17 0.09 0.16 0.03 0.19 0.24 0.11 0.25 0.90 0.14 0.98 0.13 0.76 -0.08 0.64 -0.02 0.65 -0.07 0.63 -0.12 0.59 -0.15 0.71 0.07 0.58 0.06 0.62 0.03 0.40 0.02 0.43 0.05 0.59 -0.15 0.63 -0.12 0.55 -0.10 0.57 -0.08 0.65 -0.07 0.57 -0.06 0.62 0.03 0.58 0.06 0.56 -0.01 0.54 0.00 0.53 0.08 0.52 0.01 0.43 0.05 0.40 0.02 0.48 0.00 0.46 -0.02 0.38 -0.03 0.46 -0.04 0.50 -0.18 0.55 -0.18 0.51 -0.11 0.53 -0.11 0.41 -0.13 0.45 -0.16 0.47 -0.09 0.48 -0.10 0.39 -0.08 0.46 -0.07 0.64 -0.02 0.57 -0.04 0.48 0.08 0.50 0.01 0.87 -0.10 0.66 0.26 0.85 0.15 0.16 0.00 0.12 -0.24 0.31 -0.17 0.17 0.09 0.17 0.12 0.21 0.00 0.21 0.02 0.27 0.02 0.27 0.08 0.66 0.12 0.65 0.05 0.59 -0.03 0.65 0.03 0.53 -0.02 0.44 -0.03 0.53 -0.04 0.55 -0.18 0.50 -0.18 0.41 -0.13 0.16 0.01 0.16 0.03 0.64 -0.03 0.19 0.24 0.90 0.14 0.54 0.16 0.48 0.08 0.53 0.08 0.86 0.17 0.24 0.25 0.40 0.00 0.97 0.98 0.03 0.98 0.97 0.02 0.03 0.02 0.97 0.98 0.03 0.98 0.97 0.02 0.03 0.02 0.03 0.02 0.97 0.02 0.03 0.98 0.97 0.98 0.03 0.02 0.97 0.02 0.03 0.98 0.97 0.98 0.97 0.98 0.03 0.98 0.97 0.02 0.03 0.02 0.97 0.98 0.03 0.98 0.97 0.02 0.03 0.02 0.03 0.02 0.97 0.02 0.03 0.98 0.97 0.98 0.03 0.02 0.97 0.02 0.03 0.98 0.97 0.98 0.50 0.02 0.98 0.02 0.50 0.50 0.98 0.50 0.98 0.50 0.50 0.50 0.98 0.98 0.50 0.98 0.98 0.50 0.50 0.50 0.98 0.98 0.50 0.98 0.02 0.50 0.02 0.98 0.50 0.98 0.50 0.52 0.98 0.52 0.50 0.98 0.98 0.98 0.98 0.02 0.50 0.02 0.02 0.02 0.50 0.52 0.98 0.52 0.50 0.98 0.98 0.98 0.02 0.52 0.02 0.98 0.02 0.52 0.02 0.98 0.98 0.98 0.98 0.50 0.50 0.50 0.98 0.98 0.50 0.98 0.98 0.07 0.98 -0.14 0.85 0.07 0.85 -0.14 0.70 -0.42 0.70 -0.28 0.85 -0.28 0.70 -0.14 0.29 -0.14 0.29 -0.28 0.14 -0.14 0.29 0.07 0.14 0.07 0.00 0.07 0.00 -0.14 0.70 -0.56 0.60 -0.56 0.60 -0.42 0.39 -0.42 0.39 -0.28 0.39 0.07 0.39 -0.14 0.14 0.28 0.00 0.28 0.29 0.28 0.39 0.28 0.85 0.28 0.70 0.28 0.70 0.07 0.49 -0.70 0.39 -0.70 0.49 -0.56 0.39 -0.56 0.49 -0.42 0.49 0.07 0.49 0.28 0.60 0.07 0.60 0.28 0.49 -0.14 0.60 -0.14 0.49 -0.28 0.60 -0.28 0.29 -0.56 0.29 -0.70 0.29 -0.42 0.44 0.07 0.44 -0.14 0.44 -0.28 0.14 -0.28 0.98 0.28 0.53 -0.62 0.55 -0.63 0.60 -0.61 0.64 -0.67 0.70 -0.70 0.64 -0.70 0.71 0.71 0.28 0.71 0.71 0.28 0.28 0.28 0.71 0.71 0.28 0.71 0.71 0.28 0.28 0.28 0.71 0.71 0.28 0.71 0.71 0.28 0.28 0.28 0.71 0.71 0.28 0.71 0.71 0.28 0.28 0.28 0.71 0.71 0.28 0.71 0.71 0.28 0.28 0.28 0.71 0.71 0.28 0.71 0.71 0.28 0.28 0.28 0.71 0.71 0.28 0.71 0.71 0.28 0.28 0.28 0.71 0.71 0.28 0.71 0.71 0.28 0.28 0.28 0.71 0.71 0.28 0.71 0.71 0.28 0.28 0.28 0.71 0.71 0.28 0.71 0.71 0.28 0.28 0.28 0.71 0.71 0.28 0.71 0.71 0.28 0.28 0.28 0.71 0.71 0.28 0.71 0.71 0.28 0.28 0.28 0.98 0.98 0.01 0.98 0.93 0.93 0.06 0.93 0.01 0.01 0.06 0.06 0.98 0.01 0.93 0.06 0.98 0.98 0.01 0.98 0.93 0.93 0.06 0.93 0.01 0.01 0.06 0.06 0.98 0.01 0.93 0.06 0.98 0.98 0.01 0.98 0.93 0.93 0.06 0.93 0.01 0.01 0.06 0.06 0.98 0.01 0.93 0.06 0.98 0.98 0.01 0.98 0.93 0.93 0.06 0.93 0.01 0.01 0.06 0.06 0.98 0.01 0.93 0.06 0.98 0.98 0.01 0.98 0.93 0.93 0.06 0.93 0.01 0.01 0.06 0.06 0.98 0.01 0.93 0.06 0.98 0.98 0.01 0.98 0.93 0.93 0.06 0.93 0.01 0.01 0.06 0.06 0.98 0.01 0.93 0.06 0.98 0.98 0.01 0.98 0.93 0.93 0.06 0.93 0.01 0.01 0.06 0.06 0.98 0.01 0.93 0.06 0.98 0.98 0.01 0.98 0.93 0.93 0.06 0.93 0.01 0.01 0.06 0.06 0.98 0.01 0.93 0.06 0.98 0.98 0.01 0.98 0.93 0.93 0.06 0.93 0.01 0.01 0.06 0.06 0.98 0.01 0.93 0.06 0.98 0.98 0.01 0.98 0.93 0.93 0.06 0.93 0.01 0.01 0.06 0.06 0.98 0.01 0.93 0.06 0.98 0.98 0.01 0.98 0.93 0.93 0.06 0.93 0.01 0.01 0.06 0.06 0.98 0.01 0.93 0.06 0.98 0.98 0.01 0.98 0.93 0.93 0.06 0.93 0.01 0.01 0.06 0.06 0.98 0.01 0.93 0.06 0.81 0.81 0.19 0.81 0.19 0.19 0.81 0.19 0.81 0.81 0.19 0.81 0.19 0.19 0.81 0.19 0.81 0.81 0.19 0.81 0.19 0.19 0.81 0.19 0.81 0.81 0.19 0.81 0.19 0.19 0.81 0.19 0.81 0.81 0.19 0.81 0.19 0.19 0.81 0.19 0.81 0.81 0.19 0.81 0.19 0.19 0.81 0.19 0.81 0.81 0.19 0.81 0.19 0.19 0.81 0.19 0.81 0.81 0.19 0.81 0.19 0.19 0.81 0.19 0.81 0.81 0.19 0.81 0.19 0.19 0.81 0.19 0.81 0.81 0.19 0.81 0.19 0.19 0.81 0.19 0.81 0.81 0.19 0.81 0.19 0.19 0.81 0.19 0.81 0.81 0.19 0.81 0.19 0.19 0.81 0.19 0.71 0.28 0.27 0.13 0.17 0.03 0.27 0.03 0.07 -0.07 0.17 -0.07 0.27 -0.07 0.00 0.03 0.00 -0.07 0.10 0.03 0.10 -0.07 0.10 -0.20 0.20 -0.07 0.20 -0.20 0.40 0.02 0.20 0.02 0.40 -0.12 0.20 -0.12 0.58 0.02 0.78 0.02 0.58 0.15 0.78 0.15 0.58 -0.12 0.44 -0.12 0.44 0.02 0.30 0.02 0.15 0.02 0.30 -0.12 0.15 -0.12 0.98 -0.12 0.98 0.02 0.83 -0.12 0.83 0.02 0.68 -0.12 0.68 0.02 0.54 -0.12 0.54 0.02 0.17 -0.20 0.27 -0.20 0.20 0.02 0.28 0.02 0.20 0.05 0.31 0.05 0.09 -0.08 0.01 -0.08 0.09 -0.18 0.01 -0.18 0.31 -0.18 0.31 -0.08 0.28 -0.18 0.28 -0.08 0.00 0.05 0.00 -0.08 0.98 0.02 0.98 -0.12 0.78 -0.12 0.00 0.02 0.00 0.15 0.20 0.15 0.30 0.15 0.44 0.15 0.40 0.15 0.54 0.15 0.15 0.15 0.00 0.02 0.00 0.15 0.68 0.15 0.83 0.15 0.40 0.05 0.39 -0.08 0.40 -0.08 0.17 -0.33 0.07 -0.33 0.07 -0.20 0.98 0.15 0.00 -0.12 0.00 -0.33 0.10 -0.33 0.00 -0.28 0.00 -0.20 0.00 -0.12 0.98 0.15 0.27 -0.33 0.27 -0.28 0.20 -0.33 0.09 0.05 0.12 -0.08 0.12 -0.18 0.12 0.02 0.39 -0.18 0.20 0.18 0.31 0.18 0.00 0.13 0.40 0.18 0.09 0.15 0.08 0.18 0.00 0.18 0.13 0.13 0.14 0.15 0.16 0.15 0.18 0.18 0.95 0.68 0.84 0.84 0.90 0.66 0.81 0.81 0.66 0.90 0.49 0.49 0.49 0.94 0.32 0.90 0.18 0.81 0.08 0.66 0.05 0.49 0.08 0.32 0.18 0.18 0.32 0.08 0.49 0.05 0.66 0.08 0.81 0.18 0.90 0.32 0.94 0.49 0.98 0.49 0.68 0.95 0.49 0.98 0.30 0.95 0.14 0.84 0.04 0.68 0.00 0.49 0.04 0.30 0.14 0.14 0.30 0.04 0.49 0.00 0.68 0.04 0.84 0.14 0.95 0.30 0.09 -0.16 0.46 -0.28 0.20 0.21 0.50 0.28 0.60 -0.12 0.62 0.22 0.79 -0.08 0.78 0.21 0.98 0.11 0.00 0.07 0.67 -0.29 0.71 -0.88 0.83 -0.75 0.54 -0.86 0.69 -0.89 0.18 -0.98 0.42 -0.95 0.00 -0.34 0.11 -0.43 0.01 -0.76 0.08 -0.81 0.04 -0.18 0.96 -0.34 0.68 0.21 0.29 0.09 0.05 -0.11 0.00 0.74 0.30 0.74 0.25 0.64 0.61 0.74 0.49 0.53 0.70 0.22 0.37 0.37 0.37 0.00 0.68 0.00 0.65 0.37 0.12 0.00 0.05 0.22 0.09 0.37 0.70 0.22 0.37 0.37 0.68 0.00 0.37 0.00 0.65 0.37 0.09 0.37 0.00 0.00 0.74 0.00 0.65 0.37 0.46 0.00 0.37 0.25 0.37 0.37 0.09 0.37 0.28 0.00 0.00 0.00 0.74 0.00 0.65 0.37 0.37 0.37 0.37 0.00 0.07 0.25 0.12 0.00 0.09 0.37 0.25 0.85 0.50 0.95 0.62 0.48 0.37 0.48 0.12 0.48 0.62 0.48 0.37 0.48 0.12 0.48 0.62 0.48 0.37 0.48 0.12 0.48 0.62 0.48 0.37 0.48 0.98 0.98 0.77 0.98 0.89 0.68 0.77 0.68 0.77 0.01 0.77 0.43 0.71 0.43 0.83 0.43 0.77 0.68 0.89 0.68 0.71 0.43 0.77 0.43 0.65 0.68 0.77 0.68 0.83 0.43 0.89 0.68 0.71 0.43 0.77 0.43 0.65 0.68 0.77 0.68 0.77 0.01 0.83 0.43 0.77 0.43 0.71 0.43 0.65 0.68 0.83 0.43 0.00 0.74 0.61 0.74 0.49 0.53 0.50 0.95 0.61 0.74 0.00 0.74 0.50 0.95 0.49 0.53 0.77 0.98 0.55 0.98 0.65 0.68 0.12 0.48 0.98 0.98 0.55 0.98 0.77 0.98 0.98 0.98 0.77 0.98 0.55 0.98 0.98 0.98 0.89 0.68 0.55 0.98 0.50 0.95 0.61 0.74 0.30 0.74 0.49 0.53 0.25 0.64 0.00 0.74 0.30 0.74 0.25 0.85 0.30 0.74 0.61 0.74 0.49 0.53 0.25 0.64 0.50 0.95 </float_array>
                    <technique_common>
                        <accessor source="#geom-01BA7E11-texcoord-array" count="835" stride="2">
                            <param name="S" type="float" />
                            <param name="T" type="float" />
                        </accessor>
                    </technique_common>
                </source>
                <source id="geom-01BA7E11-colors">
                    <float_array id="geom-01BA7E11-colors-array" count="3340">0.04 0.09 0.37 1.00 0.04 0.10 0.38 1.00 0.40 0.45 0.95 1.00 0.36 0.54 1.00 1.00 0.04 0.10 0.39 1.00 0.31 0.62 1.00 1.00 0.04 0.10 0.39 1.00 0.04 0.11 0.40 1.00 0.31 0.62 1.00 1.00 0.28 0.71 1.00 1.00 0.04 0.12 0.40 1.00 0.04 0.13 0.41 1.00 0.30 0.95 1.00 1.00 0.04 0.13 0.41 1.00 0.04 0.15 0.42 1.00 0.30 0.95 1.00 1.00 0.31 1.00 1.00 1.00 0.00 0.00 0.00 1.00 0.32 1.00 1.00 1.00 0.00 0.00 0.00 1.00 0.00 0.00 0.00 1.00 0.32 1.00 1.00 1.00 0.32 1.00 1.00 1.00 0.04 0.15 0.42 1.00 0.31 1.00 1.00 1.00 0.04 0.15 0.42 1.00 0.04 0.14 0.41 1.00 0.31 1.00 1.00 1.00 0.29 1.00 1.00 1.00 0.04 0.13 0.40 1.00 0.28 0.86 1.00 1.00 0.04 0.13 0.40 1.00 0.04 0.12 0.38 1.00 0.28 0.86 1.00 1.00 0.26 0.65 1.00 1.00 0.04 0.10 0.37 1.00 0.29 0.57 1.00 1.00 0.04 0.10 0.37 1.00 0.04 0.10 0.37 1.00 0.29 0.57 1.00 1.00 0.40 0.52 1.00 1.00 0.04 0.09 0.36 1.00 0.39 0.44 0.92 1.00 0.04 0.09 0.36 1.00 0.04 0.09 0.36 1.00 0.39 0.44 0.92 1.00 0.36 0.39 0.81 1.00 0.04 0.09 0.37 1.00 0.40 0.45 0.95 1.00 0.41 1.00 1.00 1.00 0.41 1.00 1.00 1.00 0.41 1.00 1.00 1.00 0.42 1.00 1.00 1.00 0.42 1.00 1.00 1.00 0.42 1.00 1.00 1.00 0.43 1.00 1.00 1.00 0.44 1.00 1.00 1.00 0.44 1.00 1.00 1.00 0.45 1.00 1.00 1.00 0.45 1.00 1.00 1.00 0.45 1.00 1.00 1.00 0.45 1.00 1.00 1.00 0.44 1.00 1.00 1.00 0.44 1.00 1.00 1.00 0.44 1.00 1.00 1.00 0.43 1.00 1.00 1.00 0.43 1.00 1.00 1.00 0.42 1.00 1.00 1.00 0.42 1.00 1.00 1.00 0.42 1.00 1.00 1.00 0.41 1.00 1.00 1.00 0.41 1.00 1.00 1.00 0.41 1.00 1.00 1.00 0.37 0.92 1.00 1.00 0.38 1.00 1.00 1.00 0.39 1.00 1.00 1.00 0.39 1.00 1.00 1.00 0.41 1.00 1.00 1.00 0.42 1.00 1.00 1.00 0.42 1.00 1.00 1.00 0.43 1.00 1.00 1.00 0.44 1.00 1.00 1.00 0.44 1.00 1.00 1.00 0.44 1.00 1.00 1.00 0.43 1.00 1.00 1.00 0.43 1.00 1.00 1.00 0.42 1.00 1.00 1.00 0.40 1.00 1.00 1.00 0.40 1.00 1.00 1.00 0.39 1.00 1.00 1.00 0.38 1.00 1.00 1.00 0.38 1.00 1.00 1.00 0.37 0.96 1.00 1.00 0.37 0.91 1.00 1.00 0.37 0.91 1.00 1.00 0.37 0.89 1.00 1.00 0.37 0.92 1.00 1.00 0.02 0.11 0.17 1.00 0.02 0.08 0.15 1.00 0.01 0.03 0.08 1.00 0.01 0.02 0.07 1.00 0.03 0.11 0.25 1.00 0.05 0.13 0.32 1.00 0.03 0.06 0.18 1.00 0.05 0.15 0.32 1.00 0.03 0.07 0.21 1.00 0.05 0.18 0.32 1.00 0.03 0.06 0.18 1.00 0.05 0.13 0.32 1.00 0.03 0.09 0.18 1.00 0.05 0.15 0.32 1.00 0.03 0.07 0.20 1.00 0.05 0.18 0.32 1.00 0.02 0.08 0.15 1.00 0.02 0.10 0.16 1.00 0.01 0.03 0.08 1.00 0.01 0.02 0.07 1.00 0.11 0.32 0.32 1.00 0.28 0.73 0.73 1.00 0.05 0.22 0.32 1.00 0.33 0.73 0.73 1.00 0.14 0.32 0.32 1.00 0.28 0.73 0.73 1.00 0.09 0.22 0.32 1.00 0.08 0.15 0.32 1.00 0.07 0.15 0.32 1.00 0.10 0.31 0.32 1.00 0.14 0.32 0.32 1.00 0.13 0.32 0.32 1.00 0.15 0.49 0.73 1.00 0.15 0.51 0.73 1.00 0.04 0.13 0.32 1.00 0.03 0.13 0.30 1.00 0.15 0.53 0.73 1.00 0.03 0.14 0.31 1.00 0.05 0.18 0.32 1.00 0.03 0.07 0.21 1.00 0.14 0.33 0.73 1.00 0.14 0.34 0.73 1.00 0.03 0.11 0.28 1.00 0.04 0.13 0.32 1.00 0.05 0.11 0.32 1.00 0.04 0.07 0.20 1.00 0.04 0.19 0.32 1.00 0.04 0.13 0.25 1.00 0.04 0.18 0.27 1.00 0.04 0.13 0.25 1.00 0.04 0.11 0.32 1.00 0.04 0.07 0.19 1.00 0.01 0.05 0.12 1.00 0.02 0.05 0.12 1.00 0.03 0.16 0.17 1.00 0.04 0.17 0.17 1.00 0.03 0.10 0.17 1.00 0.03 0.11 0.17 1.00 0.01 0.04 0.11 1.00 0.02 0.05 0.13 1.00 0.03 0.11 0.17 1.00 0.02 0.05 0.13 1.00 0.02 0.08 0.17 1.00 0.01 0.03 0.06 1.00 0.01 0.02 0.09 1.00 0.03 0.06 0.17 1.00 0.01 0.03 0.09 1.00 0.03 0.10 0.17 1.00 0.01 0.03 0.09 1.00 0.02 0.06 0.17 1.00 0.01 0.03 0.06 1.00 0.03 0.15 0.17 1.00 0.01 0.05 0.11 1.00 0.06 0.23 0.32 1.00 0.03 0.07 0.16 1.00 0.05 0.15 0.32 1.00 0.04 0.08 0.23 1.00 0.04 0.06 0.16 1.00 0.04 0.08 0.23 1.00 0.04 0.06 0.16 1.00 0.08 0.28 0.32 1.00 0.13 0.32 0.32 1.00 0.13 0.32 0.32 1.00 0.13 0.32 0.32 1.00 0.13 0.32 0.32 1.00 0.09 0.21 0.32 1.00 0.12 0.32 0.32 1.00 0.12 0.32 0.32 1.00 0.13 0.32 0.32 1.00 0.13 0.32 0.32 1.00 0.08 0.19 0.19 1.00 0.08 0.19 0.19 1.00 0.00 0.00 0.00 1.00 0.00 0.00 0.00 1.00 0.07 0.19 0.19 1.00 0.00 0.00 0.00 1.00 0.07 0.19 0.19 1.00 0.07 0.19 0.19 1.00 0.00 0.00 0.00 1.00 0.00 0.00 0.00 1.00 0.07 0.19 0.19 1.00 0.00 0.00 0.00 1.00 0.07 0.19 0.19 1.00 0.08 0.19 0.19 1.00 0.00 0.00 0.00 1.00 0.00 0.00 0.00 1.00 0.08 0.19 0.19 1.00 0.00 0.00 0.00 1.00 0.08 0.19 0.19 1.00 0.08 0.19 0.19 1.00 0.00 0.00 0.00 1.00 0.00 0.00 0.00 1.00 0.08 0.19 0.19 1.00 0.08 0.19 0.19 1.00 0.00 0.00 0.00 1.00 0.00 0.00 0.00 1.00 0.08 0.19 0.19 1.00 0.00 0.00 0.00 1.00 0.07 0.19 0.19 1.00 0.00 0.00 0.00 1.00 0.07 0.19 0.19 1.00 0.00 0.00 0.00 1.00 0.12 0.28 0.68 1.00 0.08 0.15 0.32 1.00 0.07 0.15 0.32 1.00 0.13 0.30 0.68 1.00 0.05 0.24 0.32 1.00 0.11 0.32 0.32 1.00 0.01 0.03 0.07 1.00 0.03 0.09 0.17 1.00 0.01 0.03 0.09 1.00 0.03 0.11 0.17 1.00 0.14 0.34 0.73 1.00 0.04 0.14 0.32 1.00 0.03 0.07 0.20 1.00 0.05 0.18 0.32 1.00 0.06 0.23 0.32 1.00 0.03 0.07 0.16 1.00 0.03 0.06 0.17 1.00 0.01 0.02 0.09 1.00 0.01 0.03 0.09 1.00 0.14 0.32 0.32 1.00 0.13 0.31 0.32 1.00 0.14 0.32 0.32 1.00 0.01 0.04 0.09 1.00 0.02 0.07 0.17 1.00 0.05 0.15 0.32 1.00 0.05 0.10 0.29 1.00 0.05 0.10 0.29 1.00 0.11 0.22 0.32 1.00 0.13 0.32 0.32 1.00 0.12 0.32 0.32 1.00 0.07 0.15 0.32 1.00 0.07 0.15 0.32 1.00 0.03 0.06 0.17 1.00 0.18 0.49 1.00 1.00 0.19 0.51 1.00 1.00 0.20 0.40 1.00 1.00 0.22 0.43 1.00 1.00 0.19 0.52 1.00 1.00 0.19 0.50 1.00 1.00 0.22 0.46 1.00 1.00 0.21 0.42 1.00 1.00 0.19 0.51 1.00 1.00 0.18 0.49 1.00 1.00 0.18 0.54 1.00 1.00 0.17 0.53 1.00 1.00 0.19 0.50 1.00 1.00 0.19 0.52 1.00 1.00 0.17 0.54 1.00 1.00 0.18 0.54 1.00 1.00 0.09 0.28 0.78 1.00 0.09 0.28 0.80 1.00 0.17 0.60 1.00 1.00 0.17 0.59 1.00 1.00 0.09 0.28 0.81 1.00 0.09 0.28 0.79 1.00 0.17 0.60 1.00 1.00 0.17 0.61 1.00 1.00 0.18 0.54 1.00 1.00 0.17 0.53 1.00 1.00 0.17 0.59 1.00 1.00 0.17 0.60 1.00 1.00 0.17 0.54 1.00 1.00 0.18 0.54 1.00 1.00 0.17 0.61 1.00 1.00 0.17 0.60 1.00 1.00 0.24 0.61 1.00 1.00 0.22 0.43 1.00 1.00 0.20 0.53 1.00 1.00 0.19 0.51 1.00 1.00 0.17 0.60 1.00 1.00 0.17 0.59 1.00 1.00 0.09 0.28 0.81 1.00 0.09 0.22 0.78 1.00 0.19 0.52 1.00 1.00 0.20 0.54 1.00 1.00 0.18 0.54 1.00 1.00 0.18 0.55 1.00 1.00 0.20 0.54 1.00 1.00 0.18 0.55 1.00 1.00 0.18 0.55 1.00 1.00 0.18 0.55 1.00 1.00 0.18 0.54 1.00 1.00 0.17 0.58 1.00 1.00 0.17 0.59 1.00 1.00 0.22 0.46 1.00 1.00 0.24 0.63 1.00 1.00 0.24 0.63 1.00 1.00 0.17 0.58 1.00 1.00 0.17 0.59 1.00 1.00 0.09 0.22 0.78 1.00 0.09 0.28 0.80 1.00 0.17 0.59 1.00 1.00 0.09 0.22 0.78 1.00 0.18 0.55 1.00 1.00 0.17 0.59 1.00 1.00 0.18 0.54 1.00 1.00 0.18 0.54 1.00 1.00 0.18 0.55 1.00 1.00 0.17 0.60 1.00 1.00 0.17 0.59 1.00 1.00 0.06 0.15 0.32 1.00 0.06 0.18 0.32 1.00 0.16 0.39 1.00 1.00 0.16 0.46 1.00 1.00 0.11 0.28 0.81 1.00 0.16 0.46 1.00 1.00 0.06 0.20 0.35 1.00 0.16 0.35 1.00 1.00 0.16 0.35 1.00 1.00 0.16 0.45 1.00 1.00 0.16 0.45 1.00 1.00 0.16 0.32 0.99 1.00 0.16 0.38 1.00 1.00 0.06 0.14 0.32 1.00 0.06 0.17 0.32 1.00 0.19 0.27 0.67 1.00 0.20 0.29 0.73 1.00 0.18 0.53 1.00 1.00 0.18 0.55 1.00 1.00 0.16 0.54 1.00 1.00 0.16 0.32 0.99 1.00 0.16 0.44 1.00 1.00 0.09 0.16 0.45 1.00 0.01 0.01 0.03 1.00 0.00 0.00 0.00 1.00 0.04 0.05 0.07 1.00 0.09 0.16 0.45 1.00 0.00 0.00 0.00 1.00 0.16 0.33 1.00 1.00 0.19 0.22 0.29 1.00 0.19 0.22 0.29 1.00 0.21 0.25 0.35 1.00 0.20 0.30 0.76 1.00 0.18 0.55 1.00 1.00 0.16 0.41 1.00 1.00 0.04 0.05 0.07 1.00 0.16 0.33 1.00 1.00 0.04 0.05 0.07 1.00 0.16 0.44 1.00 1.00 0.16 0.44 1.00 1.00 0.16 0.53 1.00 1.00 0.16 0.55 1.00 1.00 0.19 0.27 0.61 1.00 0.09 0.10 0.13 1.00 0.11 0.28 0.82 1.00 0.16 0.41 1.00 1.00 0.16 0.44 1.00 1.00 0.16 0.53 1.00 1.00 0.06 0.19 0.35 1.00 0.01 0.02 0.04 1.00 0.20 0.24 0.33 1.00 0.20 0.24 0.32 1.00 0.20 0.23 0.30 1.00 0.19 0.22 0.28 1.00 0.09 0.10 0.13 1.00 0.19 0.22 0.28 1.00 0.16 0.16 0.16 1.00 0.16 0.16 0.16 1.00 0.16 0.23 0.53 1.00 0.16 0.20 0.36 1.00 0.26 0.58 1.00 1.00 0.27 0.53 1.00 1.00 0.26 0.58 1.00 1.00 0.26 0.53 1.00 1.00 0.23 0.38 1.00 1.00 0.22 0.42 1.00 1.00 0.24 0.47 1.00 1.00 0.24 0.49 1.00 1.00 0.24 0.45 1.00 1.00 0.23 0.48 1.00 1.00 0.22 0.37 1.00 1.00 0.21 0.40 1.00 1.00 0.24 0.36 1.00 1.00 0.24 0.37 1.00 1.00 0.25 0.44 1.00 1.00 0.25 0.44 1.00 1.00 0.24 0.42 1.00 1.00 0.24 0.42 1.00 1.00 0.22 0.35 1.00 1.00 0.22 0.35 1.00 1.00 0.26 0.51 1.00 1.00 0.25 0.56 1.00 1.00 0.26 0.51 1.00 1.00 0.25 0.56 1.00 1.00 0.23 0.44 1.00 1.00 0.24 0.39 1.00 1.00 0.24 0.51 1.00 1.00 0.25 0.47 1.00 1.00 0.27 0.72 1.00 1.00 0.27 0.72 1.00 1.00 0.27 0.72 1.00 1.00 0.27 0.72 1.00 1.00 0.24 0.49 1.00 1.00 0.24 0.45 1.00 1.00 0.21 0.41 1.00 1.00 0.22 0.38 1.00 1.00 0.16 0.16 0.16 1.00 0.16 0.16 0.16 1.00 0.16 0.20 0.36 1.00 0.16 0.23 0.53 1.00 0.16 0.16 0.16 1.00 0.16 0.16 0.16 1.00 0.16 0.16 0.16 1.00 0.16 0.16 0.16 1.00 0.16 0.16 0.16 1.00 0.16 0.16 0.16 1.00 0.16 0.16 0.16 1.00 0.16 0.23 0.51 1.00 0.16 0.27 0.75 1.00 0.16 0.32 0.98 1.00 0.22 0.41 1.00 1.00 0.23 0.40 1.00 1.00 0.28 0.62 1.00 1.00 0.26 0.60 1.00 1.00 0.27 0.75 1.00 1.00 0.23 0.59 1.00 1.00 0.27 0.62 1.00 1.00 0.24 0.61 1.00 1.00 0.29 0.64 1.00 1.00 0.29 0.79 1.00 1.00 0.26 0.59 1.00 1.00 0.29 0.62 1.00 1.00 0.24 0.63 1.00 1.00 0.30 0.86 1.00 1.00 0.25 0.47 1.00 1.00 0.22 0.33 1.00 1.00 0.22 0.45 1.00 1.00 0.20 0.37 1.00 1.00 0.16 0.27 0.75 1.00 0.22 0.40 1.00 1.00 0.16 0.29 0.82 1.00 0.21 0.32 0.95 1.00 0.28 0.60 1.00 1.00 0.29 0.82 1.00 1.00 0.25 0.58 1.00 1.00 0.24 0.63 1.00 1.00 0.29 0.62 1.00 1.00 0.29 0.64 1.00 1.00 0.28 0.84 1.00 1.00 0.29 0.86 1.00 1.00 0.25 0.47 1.00 1.00 0.21 0.38 1.00 1.00 0.25 0.47 1.00 1.00 0.21 0.37 1.00 1.00 0.22 0.40 1.00 1.00 0.22 0.41 1.00 1.00 0.20 0.36 1.00 1.00 0.20 0.36 1.00 1.00 0.28 0.62 1.00 1.00 0.28 0.83 1.00 1.00 0.28 0.60 1.00 1.00 0.27 0.80 1.00 1.00 0.25 0.58 1.00 1.00 0.28 0.60 1.00 1.00 0.23 0.56 1.00 1.00 0.27 0.74 1.00 1.00 0.29 0.62 1.00 1.00 0.29 0.78 1.00 1.00 0.26 0.59 1.00 1.00 0.24 0.58 1.00 1.00 0.29 0.64 1.00 1.00 0.27 0.62 1.00 1.00 0.30 0.87 1.00 1.00 0.25 0.66 1.00 1.00 0.22 0.47 1.00 1.00 0.20 0.38 1.00 1.00 0.25 0.47 1.00 1.00 0.22 0.34 1.00 1.00 0.28 0.60 1.00 1.00 0.28 0.62 1.00 1.00 0.26 0.73 1.00 1.00 0.27 0.74 1.00 1.00 0.29 0.64 1.00 1.00 0.28 0.78 1.00 1.00 0.29 0.62 1.00 1.00 0.27 0.76 1.00 1.00 0.22 0.41 1.00 1.00 0.16 0.27 0.75 1.00 0.21 0.32 0.94 1.00 0.19 0.37 1.00 1.00 0.26 0.60 1.00 1.00 0.25 0.65 1.00 1.00 0.28 0.62 1.00 1.00 0.29 0.83 1.00 1.00 0.16 0.16 0.16 1.00 0.16 0.16 0.16 1.00 0.16 0.23 0.51 1.00 0.16 0.16 0.16 1.00 0.22 0.40 1.00 1.00 0.23 0.40 1.00 1.00 0.16 0.27 0.75 1.00 0.16 0.32 0.98 1.00 0.16 0.16 0.16 1.00 0.16 0.16 0.16 1.00 0.16 0.16 0.16 1.00 0.16 0.16 0.16 1.00 0.22 0.41 1.00 1.00 0.22 0.45 1.00 1.00 0.22 0.40 1.00 1.00 0.22 0.44 1.00 1.00 0.16 0.16 0.16 1.00 0.16 0.25 0.65 1.00 0.16 0.23 0.53 1.00 0.19 0.31 0.95 1.00 0.29 0.91 1.00 1.00 0.28 0.66 1.00 1.00 0.29 0.67 1.00 1.00 0.30 0.71 1.00 1.00 0.25 0.50 1.00 1.00 0.25 0.53 1.00 1.00 0.25 0.54 1.00 1.00 0.25 0.51 1.00 1.00 0.24 0.50 1.00 1.00 0.24 0.51 1.00 1.00 0.24 0.51 1.00 1.00 0.24 0.49 1.00 1.00 0.27 0.71 1.00 1.00 0.27 0.71 1.00 1.00 0.26 0.50 1.00 1.00 0.26 0.50 1.00 1.00 0.25 0.47 1.00 1.00 0.25 0.47 1.00 1.00 0.25 0.67 1.00 1.00 0.25 0.66 1.00 1.00 0.27 0.64 1.00 1.00 0.29 0.87 1.00 1.00 0.29 0.88 1.00 1.00 0.28 0.64 1.00 1.00 0.26 0.56 1.00 1.00 0.26 0.53 1.00 1.00 0.25 0.53 1.00 1.00 0.25 0.55 1.00 1.00 0.31 0.91 1.00 1.00 0.31 0.92 1.00 1.00 0.31 0.93 1.00 1.00 0.31 0.93 1.00 1.00 0.24 0.52 1.00 1.00 0.24 0.51 1.00 1.00 0.24 0.50 1.00 1.00 0.24 0.52 1.00 1.00 0.16 0.25 0.65 1.00 0.16 0.16 0.16 1.00 0.19 0.31 0.94 1.00 0.16 0.23 0.53 1.00 0.16 0.16 0.16 1.00 0.16 0.16 0.16 1.00 0.19 0.28 0.75 1.00 0.19 0.28 0.76 1.00 0.28 0.35 0.60 1.00 0.16 0.16 0.16 1.00 0.16 0.30 0.88 1.00 0.16 0.24 0.58 1.00 0.09 0.16 0.44 1.00 0.16 0.32 0.96 1.00 0.16 0.27 0.75 1.00 0.16 0.24 0.59 1.00 0.16 0.28 0.76 1.00 0.16 0.30 0.89 1.00 0.16 0.32 0.97 1.00 0.16 0.34 1.00 1.00 0.09 0.16 0.44 1.00 0.09 0.18 0.54 1.00 0.16 0.66 1.00 1.00 0.16 0.48 1.00 1.00 0.16 0.50 1.00 1.00 0.16 0.41 1.00 1.00 0.16 0.65 1.00 1.00 0.16 0.48 1.00 1.00 0.16 0.53 1.00 1.00 0.16 0.43 1.00 1.00 0.16 0.49 1.00 1.00 0.16 0.56 1.00 1.00 0.16 0.78 1.00 1.00 0.18 0.40 1.00 1.00 0.22 0.29 0.49 1.00 0.18 0.41 1.00 1.00 0.24 0.37 0.99 1.00 0.10 0.13 0.18 1.00 0.09 0.11 0.15 1.00 0.22 0.34 0.87 1.00 0.22 0.27 0.45 1.00 0.18 0.40 1.00 1.00 0.18 0.39 1.00 1.00 0.16 0.57 1.00 1.00 0.16 0.80 1.00 1.00 0.16 0.34 1.00 1.00 0.16 0.29 0.84 1.00 0.30 0.42 0.69 1.00 0.26 0.35 0.55 1.00 0.25 0.33 0.51 1.00 0.22 0.27 0.38 1.00 0.25 0.33 0.51 1.00 0.10 0.12 0.16 1.00 0.23 0.30 0.44 1.00 0.10 0.13 0.18 1.00 0.25 0.32 0.49 1.00 0.27 0.38 0.61 1.00 0.24 0.32 0.49 1.00 0.33 0.48 0.82 1.00 0.09 0.11 0.15 1.00 0.10 0.13 0.18 1.00 0.09 0.18 0.53 1.00 0.07 0.13 0.33 1.00 0.16 0.41 1.00 1.00 0.09 0.18 0.54 1.00 0.09 0.16 0.44 1.00 0.16 0.43 1.00 1.00 0.18 0.43 1.00 1.00 0.16 0.67 1.00 1.00 0.16 0.54 1.00 1.00 0.16 0.68 1.00 1.00 0.20 0.28 0.61 1.00 0.10 0.12 0.16 1.00 0.09 0.11 0.14 1.00 0.18 0.42 1.00 1.00 0.20 0.27 0.58 1.00 0.10 0.12 0.16 1.00 0.11 0.13 0.18 1.00 0.11 0.13 0.19 1.00 0.16 0.31 0.94 1.00 0.07 0.13 0.33 1.00 0.09 0.18 0.53 1.00 0.09 0.16 0.44 1.00 0.11 0.13 0.19 1.00 0.17 0.31 0.98 1.00 0.16 0.31 0.94 1.00 0.16 0.33 1.00 1.00 0.16 0.29 0.85 1.00 0.07 0.13 0.33 1.00 0.09 0.11 0.13 1.00 0.17 0.32 1.00 1.00 0.17 0.33 1.00 1.00 0.07 0.13 0.33 1.00 0.21 0.25 0.35 1.00 0.29 0.42 0.68 1.00 0.23 0.30 0.44 1.00 0.25 0.32 0.49 1.00 0.11 0.13 0.20 1.00 0.21 0.25 0.34 1.00 0.20 0.24 0.31 1.00 0.16 0.16 0.16 1.00 0.09 0.11 0.14 1.00 0.18 0.19 0.22 1.00 0.19 0.22 0.28 1.00 0.09 0.11 0.13 1.00 0.18 0.19 0.22 1.00 0.16 0.16 0.16 1.00 0.16 0.17 0.18 1.00 0.17 0.18 0.19 1.00 0.37 0.92 1.00 1.00 0.38 1.00 1.00 1.00 0.45 0.75 1.00 1.00 0.43 0.84 1.00 1.00 0.35 0.82 1.00 1.00 0.44 1.00 1.00 1.00 0.37 1.00 1.00 1.00 0.38 1.00 1.00 1.00 0.40 1.00 1.00 1.00 0.41 1.00 1.00 1.00 0.41 1.00 1.00 1.00 0.40 1.00 1.00 1.00 0.38 1.00 1.00 1.00 0.36 1.00 1.00 1.00 0.35 0.98 1.00 1.00 0.33 0.77 1.00 1.00 0.42 0.80 1.00 1.00 0.44 0.74 1.00 1.00 0.46 0.73 1.00 1.00 0.37 0.89 1.00 1.00 0.39 1.00 1.00 1.00 0.41 1.00 1.00 1.00 0.42 1.00 1.00 1.00 0.43 1.00 1.00 1.00 0.44 1.00 1.00 1.00 0.44 1.00 1.00 1.00 0.43 1.00 1.00 1.00 0.42 1.00 1.00 1.00 0.40 1.00 1.00 1.00 0.39 1.00 1.00 1.00 0.38 1.00 1.00 1.00 0.37 0.96 1.00 1.00 0.37 0.91 1.00 1.00 0.18 0.19 0.22 1.00 0.18 0.19 0.22 1.00 0.16 0.17 0.18 1.00 0.16 0.16 0.16 1.00 0.16 0.16 0.16 1.00 0.16 0.16 0.16 1.00 0.16 0.17 0.18 1.00 0.16 0.16 0.16 1.00 0.17 0.18 0.19 1.00 0.19 0.22 0.28 1.00 0.17 0.19 0.22 1.00 0.19 0.22 0.28 1.00 0.16 0.17 0.18 1.00 0.19 0.22 0.28 1.00 0.20 0.23 0.31 1.00 0.20 0.23 0.30 1.00 0.19 0.22 0.28 1.00 0.18 0.19 0.22 1.00 0.19 0.22 0.29 1.00 0.20 0.24 0.33 1.00 0.20 0.24 0.32 1.00 0.17 0.18 0.19 1.00 0.16 0.16 0.16 1.00 0.16 0.16 0.16 1.00 0.16 0.16 0.16 1.00 0.17 0.18 0.19 1.00 0.16 0.37 1.00 1.00 0.16 0.42 1.00 1.00 0.07 0.12 0.33 1.00 0.16 0.44 1.00 1.00 0.07 0.13 0.35 1.00 0.16 0.44 1.00 1.00 0.21 0.49 1.00 1.00 0.07 0.13 0.34 1.00 0.07 0.13 0.35 1.00 0.22 0.69 1.00 1.00 0.04 0.06 0.15 1.00 0.16 0.23 0.51 1.00 0.16 0.28 0.78 1.00 0.16 0.23 0.51 1.00 0.16 0.23 0.51 1.00 0.00 0.00 0.00 1.00 0.00 0.00 0.00 1.00 0.16 0.28 0.78 1.00 0.21 0.37 1.00 1.00 0.00 0.00 0.00 1.00 0.00 0.00 0.00 1.00 0.21 0.37 1.00 1.00 0.02 0.03 0.06 1.00 0.16 0.34 1.00 1.00 0.22 0.55 1.00 1.00 0.22 0.66 1.00 1.00 0.09 0.17 0.50 1.00 0.09 0.21 0.52 1.00 0.09 0.21 0.52 1.00 0.22 0.66 1.00 1.00 0.22 0.73 1.00 1.00 0.09 0.22 0.52 1.00 0.16 0.44 1.00 1.00 0.09 0.22 0.52 1.00 0.22 0.69 1.00 1.00 0.09 0.22 0.52 1.00 0.09 0.22 0.52 1.00 0.22 0.67 1.00 1.00 0.21 0.52 1.00 1.00 0.21 0.38 1.00 1.00 0.21 0.38 1.00 1.00 0.21 0.32 0.96 1.00 0.21 0.38 1.00 1.00 0.21 0.38 1.00 1.00 0.22 0.53 1.00 1.00 0.22 0.68 1.00 1.00 0.22 0.68 1.00 1.00 0.22 0.74 1.00 1.00 0.22 0.67 1.00 1.00 0.22 0.74 1.00 1.00 0.20 0.57 1.00 1.00 0.21 0.66 1.00 1.00 0.37 1.00 1.00 1.00 0.09 0.19 0.64 1.00 0.15 0.40 1.00 1.00 0.00 0.00 0.00 1.00 0.19 0.40 1.00 1.00 0.18 0.24 0.55 1.00 0.00 0.00 0.00 1.00 0.00 0.00 0.00 1.00 0.18 0.24 0.55 1.00 0.18 0.19 0.23 1.00 0.00 0.00 0.00 1.00 0.19 0.25 0.57 1.00 0.00 0.00 0.00 1.00 0.09 0.20 0.71 1.00 0.19 0.25 0.57 1.00 0.20 0.41 1.00 1.00 0.50 1.00 1.00 1.00 0.15 0.42 1.00 1.00 0.15 0.49 1.00 1.00 0.15 0.42 1.00 1.00 0.21 0.58 1.00 1.00 0.15 0.40 1.00 1.00 0.16 0.30 0.87 1.00 0.16 0.34 1.00 1.00 0.09 0.17 0.50 1.00 0.02 0.03 0.06 1.00 0.16 0.23 0.51 1.00 0.16 0.16 0.16 1.00 0.04 0.06 0.15 1.00 0.00 0.00 0.00 1.00 0.21 0.52 1.00 1.00 0.22 0.67 1.00 1.00 0.20 0.57 1.00 1.00 0.22 0.67 1.00 1.00 0.21 0.38 1.00 1.00 0.21 0.38 1.00 1.00 0.21 0.32 0.96 1.00 0.21 0.38 1.00 1.00 0.22 0.53 1.00 1.00 0.21 0.38 1.00 1.00 0.22 0.68 1.00 1.00 0.21 0.58 1.00 1.00 0.22 0.68 1.00 1.00 0.09 0.17 0.49 1.00 0.16 0.52 1.00 1.00 0.09 0.27 0.67 1.00 0.10 0.23 0.76 1.00 0.00 0.00 0.00 1.00 0.20 0.24 0.33 1.00 0.18 0.20 0.29 1.00 0.08 0.18 0.64 1.00 0.41 0.48 0.74 1.00 0.19 0.39 1.00 1.00 0.00 0.00 0.00 1.00 0.05 0.06 0.11 1.00 0.06 0.12 0.36 1.00 </float_array>
                    <technique_common>
                        <accessor source="#geom-01BA7E11-colors-array" count="835" stride="4">
                            <param name="R" type="float" />
                            <param name="G" type="float" />
                            <param name="B" type="float" />
                            <param name="A" type="float" />
                        </accessor>
                    </technique_common>
                </source>
                <vertices id="geom-01BA7E11-vtx">
                    <input semantic="POSITION" source="#geom-01BA7E11-pos" />
                </vertices>
                <triangles count="288" material="material-01FD555B-symbol">
                    <input semantic="VERTEX" source="#geom-01BA7E11-vtx" offset="0" />
                    <input semantic="TEXCOORD" source="#geom-01BA7E11-texcoord" offset="0" />
                    <input semantic="COLOR" source="#geom-01BA7E11-colors" offset="0" />
                    <p>0 1 2 2 1 3 2 3 51 51 3 52 51 52 73 73 52 74 52 53 74 52 5 53 3 5 52 3 4 5 1 4 3 6 7 8 8 7 9 8 9 54 54 9 55 54 55 76 76 55 77 55 56 77 55 12 56 9 12 55 9 11 12 10 11 9 13 14 15 15 14 16 15 16 57 57 16 58 57 58 79 79 58 80 58 59 80 58 18 59 16 18 58 16 17 18 14 17 16 19 20 21 21 20 22 21 22 60 60 22 61 60 61 82 82 61 83 61 62 83 61 24 62 22 24 61 22 23 24 20 23 22 25 26 27 27 26 28 27 28 63 63 28 64 63 64 85 85 64 86 64 65 86 64 30 65 28 30 64 28 29 30 26 29 28 31 32 33 33 32 34 33 34 66 66 34 67 66 67 88 88 67 89 67 68 89 67 36 68 34 36 67 34 35 36 32 35 34 37 38 39 39 38 40 39 40 69 69 40 70 69 70 91 91 70 92 70 71 92 70 42 71 40 42 70 40 41 42 38 41 40 43 44 45 45 44 46 45 46 72 72 46 49 72 49 94 94 49 95 49 50 95 49 48 50 46 48 49 46 47 48 44 47 46 74 53 75 77 56 78 80 59 81 83 62 84 86 65 87 89 68 90 92 71 93 95 50 96 </p>
                </triangles>
            </mesh>
        </geometry>
        <geometry id="geom-038E6E9D" name="geom-038E6E9D">
            <mesh>
                <source id="geom-038E6E9D-pos">
                    <float_array id="geom-038E6E9D-pos-array" count="2214">3872.00 -210.00 -975.00 3872.00 -240.00 -975.00 3872.00 -220.00 -930.00 3872.00 -240.00 -930.00 3827.00 -240.00 -930.00 3850.00 -230.00 -930.00 3872.00 -240.00 -930.00 3827.00 -230.00 -930.00 3872.00 -220.00 -930.00 3850.00 -220.00 -930.00 3872.00 -240.00 -750.00 3850.00 -230.00 -750.00 3827.00 -240.00 -750.00 3827.00 -230.00 -750.00 3872.00 -220.00 -750.00 3850.00 -220.00 -750.00 3872.00 -240.00 -705.00 3872.00 -210.00 -705.00 3872.00 -220.00 -750.00 3872.00 -240.00 -750.00 3908.79 -210.00 -771.78 3872.00 -210.00 -790.00 3872.00 -210.00 -705.00 3872.00 -210.00 -840.00 3916.51 -210.00 -858.84 3872.00 -210.00 -890.00 4015.20 -210.00 -908.22 4083.40 -210.00 -878.50 4052.00 -210.00 -955.49 3962.00 -210.00 -932.12 3943.16 -210.00 -885.50 3962.00 -210.00 -889.25 3850.00 -220.00 -840.00 3850.00 -220.00 -790.00 3872.00 -220.00 -840.00 3872.00 -220.00 -790.00 3850.00 -220.00 -890.00 3872.00 -220.00 -890.00 3850.00 -220.00 -930.00 3872.00 -220.00 -930.00 3827.00 -230.00 -840.00 3827.00 -230.00 -790.00 3850.00 -230.00 -840.00 3850.00 -230.00 -790.00 3962.00 -210.00 -975.00 3962.00 -240.00 -975.00 3872.00 -210.00 -975.00 3872.00 -240.00 -975.00 3872.00 -210.00 -705.00 3872.00 -240.00 -705.00 3962.00 -210.00 -705.00 3962.00 -240.00 -705.00 3872.00 -220.00 -890.00 3872.00 -220.00 -840.00 3872.00 -210.00 -890.00 3872.00 -210.00 -840.00 3850.00 -220.00 -840.00 3850.00 -220.00 -890.00 3850.00 -230.00 -840.00 3850.00 -230.00 -890.00 3850.00 -220.00 -790.00 3850.00 -230.00 -790.00 3850.00 -220.00 -750.00 3850.00 -230.00 -750.00 3827.00 -240.00 -856.67 3827.00 -230.00 -890.00 3827.00 -240.00 -890.00 3827.00 -230.00 -770.00 3827.00 -240.00 -770.00 3827.00 -230.00 -750.00 3827.00 -240.00 -750.00 3872.00 -210.00 -790.00 3872.00 -220.00 -790.00 3827.00 -230.00 -910.00 3850.00 -230.00 -930.00 3827.00 -230.00 -930.00 4052.00 -210.00 -975.00 4052.00 -240.00 -975.00 4052.00 -210.00 -705.00 4052.00 -240.00 -705.00 3962.00 -210.00 -747.88 3980.85 -210.00 -794.50 3962.00 -210.00 -790.75 3943.16 -210.00 -794.50 3927.18 -210.00 -805.18 4015.20 -210.00 -771.78 4007.52 -210.00 -821.16 3996.83 -210.00 -805.18 3980.85 -210.00 -885.50 3996.83 -210.00 -874.82 3927.18 -210.00 -805.18 3943.16 -210.00 -794.50 3930.09 -244.40 -808.09 3944.73 -244.40 -798.31 3962.00 -210.00 -790.75 3962.00 -244.40 -794.88 3996.83 -210.00 -805.18 4007.52 -210.00 -821.16 3993.91 -244.40 -808.09 4003.68 -244.40 -822.73 4011.16 -210.00 -840.00 4007.04 -244.40 -840.00 3996.83 -210.00 -874.82 3980.85 -210.00 -885.50 3993.91 -244.40 -871.91 3979.27 -244.40 -881.69 3962.00 -210.00 -889.25 3962.00 -244.40 -885.12 3912.76 -210.00 -840.00 3916.51 -210.00 -821.16 3916.88 -244.40 -840.00 3920.31 -244.40 -822.73 3927.18 -210.00 -874.82 3916.51 -210.00 -858.84 3930.09 -244.40 -871.91 3920.31 -244.40 -857.27 3943.16 -210.00 -885.50 3944.73 -244.40 -881.69 3980.85 -210.00 -794.50 3979.27 -244.40 -798.31 4007.52 -210.00 -858.84 4003.68 -244.40 -857.27 3962.00 -210.00 -705.00 4083.40 -210.00 -801.50 4052.00 -210.00 -724.51 3962.00 -210.00 -975.00 3872.00 -210.00 -975.00 3908.79 -210.00 -908.22 3850.00 -230.00 -930.00 3850.00 -220.00 -930.00 3827.00 -240.00 -910.00 3827.00 -230.00 -910.00 3827.00 -230.00 -890.00 3850.00 -230.00 -890.00 3872.00 -220.00 -750.00 3850.00 -220.00 -750.00 3827.00 -230.00 -770.00 3850.00 -230.00 -750.00 3827.00 -230.00 -790.00 3827.00 -240.00 -823.33 3827.00 -240.00 -790.00 3916.51 -210.00 -821.16 3912.76 -210.00 -840.00 3927.18 -210.00 -874.82 3827.00 -240.00 -930.00 3827.00 -230.00 -930.00 3827.00 -230.00 -750.00 4052.00 -210.00 -975.00 4052.00 -210.00 -705.00 4042.28 -210.00 -840.00 4007.52 -210.00 -858.84 4011.16 -210.00 -840.00 4060.16 -210.00 -724.51 4060.16 -210.00 -955.49 3827.00 -230.00 -840.00 3707.00 -240.00 -770.00 3707.00 -240.00 -790.00 3667.00 -240.00 -770.00 3667.00 -240.00 -790.00 3707.00 -240.00 -890.00 3707.00 -240.00 -910.00 3667.00 -240.00 -890.00 3667.00 -240.00 -910.00 3707.00 -240.00 -790.00 3707.00 -240.00 -770.00 3747.00 -240.00 -790.00 3747.00 -240.00 -770.00 3707.00 -240.00 -910.00 3707.00 -240.00 -890.00 3747.00 -240.00 -910.00 3747.00 -240.00 -890.00 3827.00 -240.00 -770.00 3827.00 -240.00 -790.00 3787.00 -240.00 -770.00 3787.00 -240.00 -790.00 3827.00 -240.00 -890.00 3827.00 -240.00 -910.00 3787.00 -240.00 -890.00 3787.00 -240.00 -910.00 3747.00 -240.00 -790.00 3747.00 -240.00 -770.00 3787.00 -240.00 -790.00 3787.00 -240.00 -770.00 3747.00 -240.00 -910.00 3747.00 -240.00 -890.00 3787.00 -240.00 -910.00 3787.00 -240.00 -890.00 3667.00 -240.00 -823.33 3667.00 -240.00 -790.00 3707.00 -240.00 -823.33 3707.00 -240.00 -790.00 3787.00 -240.00 -890.00 3787.00 -240.00 -856.67 3827.00 -240.00 -890.00 3827.00 -240.00 -856.67 3707.00 -240.00 -890.00 3707.00 -240.00 -856.67 3747.00 -240.00 -890.00 3747.00 -240.00 -856.67 3707.00 -240.00 -856.67 3747.00 -240.00 -856.67 3747.00 -240.00 -823.33 3747.00 -240.00 -823.33 3747.00 -240.00 -790.00 3787.00 -240.00 -823.33 3787.00 -240.00 -790.00 3667.00 -240.00 -890.00 3667.00 -240.00 -856.67 3667.00 -240.00 -856.67 3787.00 -240.00 -823.33 3787.00 -240.00 -790.00 3827.00 -240.00 -823.33 3827.00 -240.00 -790.00 3787.00 -240.00 -856.67 3827.00 -240.00 -856.67 3747.00 -240.00 -856.67 3787.00 -240.00 -856.67 3747.00 -240.00 -790.00 3747.00 -240.00 -890.00 3747.00 -240.00 -856.67 3787.00 -240.00 -890.00 3787.00 -240.00 -856.67 3932.00 0.00 -600.00 3812.00 0.00 -600.00 3932.00 60.00 -652.50 3812.00 60.00 -652.50 3692.00 0.00 -720.00 3752.00 60.00 -713.73 3752.00 0.00 -660.00 3812.00 120.00 -707.95 3812.00 120.00 -972.05 3752.00 60.00 -966.27 3812.00 60.00 -1027.50 3932.00 120.00 -973.08 3932.00 60.00 -1027.50 3932.00 0.00 -1080.00 3812.00 0.00 -1080.00 3602.00 0.00 -720.00 3602.00 0.00 -772.50 3692.00 0.00 -772.50 3692.00 0.00 -907.50 3752.00 60.00 -907.50 3932.00 120.00 -907.50 3812.00 120.00 -907.50 4052.00 60.00 -1027.50 4052.00 0.00 -1080.00 4052.00 120.00 -975.00 4052.00 120.00 -907.50 4052.00 60.00 -652.50 4052.00 120.00 -705.00 3932.00 120.00 -706.92 3512.00 0.00 -840.00 3512.00 0.00 -907.50 3602.00 0.00 -840.00 3602.00 0.00 -907.50 3692.00 0.00 -840.00 3932.00 120.00 -840.00 4052.00 120.00 -840.00 3932.00 120.00 -772.50 4052.00 120.00 -772.50 3812.00 120.00 -840.00 3812.00 120.00 -772.50 3752.00 60.00 -840.00 3752.00 60.00 -772.50 3602.00 0.00 -960.00 3512.00 0.00 -960.00 3692.00 0.00 -960.00 3932.00 120.00 -873.75 3812.00 120.00 -873.75 3752.00 60.00 -873.75 3752.00 0.00 -1020.00 4052.00 0.00 -600.00 3564.10 0.00 -818.12 3560.66 0.00 -803.17 3569.45 0.00 -772.50 3536.36 0.00 -751.50 3512.00 0.00 -720.00 3512.00 0.00 -750.17 4084.40 81.59 -898.75 4072.20 81.59 -939.17 4084.40 40.91 -898.75 4072.20 40.91 -939.17 4084.40 -73.41 -898.75 4072.16 -73.41 -939.17 4084.40 -114.09 -898.75 4072.16 -114.09 -939.17 4072.16 -150.91 -740.83 4084.40 -150.91 -781.25 4072.16 -191.59 -740.83 4084.40 -191.59 -781.25 4072.16 4.09 -740.83 4084.40 4.09 -781.25 4072.16 -36.59 -740.83 4084.40 -36.59 -781.25 4090.20 -150.91 -819.79 4090.20 -150.91 -860.21 4090.20 -191.59 -819.79 4090.20 -191.59 -860.21 4090.20 4.09 -819.79 4090.20 4.09 -860.21 4090.20 -36.59 -819.79 4090.20 -36.59 -860.21 4072.16 -73.41 -740.83 4084.40 -73.41 -781.25 4072.16 -114.09 -740.83 4084.40 -114.09 -781.25 4084.40 -150.91 -898.75 4072.20 -150.91 -939.17 4084.40 -191.59 -898.75 4072.20 -191.59 -939.17 4090.20 -73.41 -819.79 4090.20 -73.41 -860.21 4090.20 -114.09 -819.79 4090.20 -114.09 -860.21 4084.40 4.09 -898.75 4072.16 4.09 -939.17 4084.40 -36.59 -898.75 4072.16 -36.59 -939.17 4072.16 81.59 -740.83 4084.40 81.59 -781.25 4072.16 40.91 -740.83 4084.40 40.91 -781.25 4090.20 81.59 -819.79 4090.20 81.59 -860.21 4090.20 40.91 -819.79 4090.20 40.91 -860.21 4083.40 100.00 -878.50 4060.16 100.00 -955.49 4077.12 96.12 -880.80 4056.20 96.12 -950.10 4060.16 22.50 -955.49 4056.20 26.38 -950.10 4083.40 22.50 -878.50 4077.12 26.38 -880.80 4083.40 -55.00 -878.50 4060.16 -55.00 -955.49 4077.12 -58.88 -880.80 4056.20 -58.88 -950.10 4060.16 -132.50 -955.49 4056.20 -128.63 -950.10 4083.40 -132.50 -878.50 4077.12 -128.63 -880.80 4060.16 -132.50 -724.51 4083.40 -132.50 -801.50 4056.20 -136.38 -729.90 4077.12 -136.38 -799.20 4083.40 -210.00 -801.50 4077.12 -206.12 -799.20 4060.16 -210.00 -724.51 4056.20 -206.12 -729.90 4060.16 22.50 -724.51 4083.40 22.50 -801.50 4056.20 18.63 -729.90 4077.12 18.63 -799.20 4083.40 -55.00 -801.50 4077.12 -51.13 -799.20 4060.16 -55.00 -724.51 4056.20 -51.13 -729.90 4083.40 -132.50 -801.50 4083.40 -132.50 -878.50 4078.08 -136.38 -805.35 4078.08 -136.38 -874.65 4083.40 -210.00 -878.50 4078.08 -206.12 -874.65 4083.40 -210.00 -801.50 4078.08 -206.12 -805.35 4083.40 22.50 -801.50 4083.40 22.50 -878.50 4078.08 18.63 -805.35 4078.08 18.63 -874.65 4083.40 -55.00 -878.50 4078.08 -51.13 -874.65 4083.40 -55.00 -801.50 4078.08 -51.13 -805.35 4060.16 -55.00 -724.51 4083.40 -55.00 -801.50 4056.20 -58.87 -729.90 4077.12 -58.87 -799.20 4083.40 -132.50 -801.50 4077.12 -128.62 -799.20 4060.16 -132.50 -724.51 4056.20 -128.62 -729.90 4083.40 -132.50 -878.50 4060.16 -132.50 -955.49 4077.12 -136.37 -880.80 4056.20 -136.37 -950.10 4060.16 -210.00 -955.49 4056.20 -206.12 -950.10 4083.40 -210.00 -878.50 4077.12 -206.12 -880.80 4083.40 -55.00 -801.50 4083.40 -55.00 -878.50 4078.08 -58.87 -805.35 4078.08 -58.87 -874.65 4083.40 -132.50 -878.50 4078.08 -128.62 -874.65 4083.40 -132.50 -801.50 4078.08 -128.62 -805.35 4083.40 22.50 -878.50 4060.16 22.50 -955.49 4077.12 18.63 -880.80 4056.20 18.63 -950.10 4060.16 -55.00 -955.49 4056.20 -51.13 -950.10 4083.40 -55.00 -878.50 4077.12 -51.13 -880.80 4060.16 100.00 -724.51 4083.40 100.00 -801.50 4056.20 96.12 -729.90 4077.12 96.12 -799.20 4083.40 22.50 -801.50 4077.12 26.38 -799.20 4060.16 22.50 -724.51 4056.20 26.38 -729.90 4083.40 100.00 -801.50 4083.40 100.00 -878.50 4078.08 96.12 -805.35 4078.08 96.12 -874.65 4083.40 22.50 -878.50 4078.08 26.38 -874.65 4083.40 22.50 -801.50 4078.08 26.38 -805.35 4074.00 85.66 -891.20 4059.36 85.66 -939.70 4059.36 36.84 -939.70 4074.00 36.84 -891.20 4074.00 -69.34 -891.20 4059.36 -69.34 -939.70 4059.36 -118.16 -939.70 4074.00 -118.16 -891.20 4059.36 -146.84 -740.30 4074.00 -146.84 -788.80 4074.00 -195.66 -788.80 4059.36 -195.66 -740.30 4059.36 8.16 -740.30 4074.00 8.16 -788.80 4074.00 -40.66 -788.80 4059.36 -40.66 -740.30 4078.08 -146.84 -815.75 4078.08 -146.84 -864.25 4078.08 -195.66 -864.25 4078.08 -195.66 -815.75 4078.08 8.16 -815.75 4078.08 8.16 -864.25 4078.08 -40.66 -864.25 4078.08 -40.66 -815.75 4059.36 -69.34 -740.30 4074.00 -69.34 -788.80 4074.00 -118.16 -788.80 4059.36 -118.16 -740.30 4074.00 -146.84 -891.20 4059.36 -146.84 -939.70 4059.36 -195.66 -939.70 4074.00 -195.66 -891.20 4078.08 -69.34 -815.75 4078.08 -69.34 -864.25 4078.08 -118.16 -864.25 4078.08 -118.16 -815.75 4074.00 8.16 -891.20 4059.36 8.16 -939.70 4059.36 -40.66 -939.70 4074.00 -40.66 -891.20 4059.36 85.66 -740.30 4074.00 85.66 -788.80 4074.00 36.84 -788.80 4059.36 36.84 -740.30 4078.08 85.66 -815.75 4078.08 85.66 -864.25 4078.08 36.84 -864.25 4078.08 36.84 -815.75 4072.16 40.91 -740.83 4056.04 100.00 -975.00 4056.04 40.00 -1029.23 4056.04 40.00 -975.00 4056.04 -20.00 -1083.45 4056.04 -20.00 -1029.23 4056.04 -20.00 -975.00 4056.04 40.49 -705.00 4056.04 -20.00 -705.00 4056.04 40.00 -650.77 4056.04 -20.00 -650.77 4056.04 -100.00 -650.77 4056.04 -20.00 -596.55 4056.04 -100.00 -596.55 3810.57 -100.00 -596.55 3933.31 -100.00 -596.55 3810.57 -180.00 -596.55 3933.31 -180.00 -596.55 3810.57 -100.00 -1083.45 3933.31 -100.00 -1083.45 3810.57 -20.00 -1083.45 3933.31 -20.00 -1083.45 3810.57 -180.00 -1083.45 3750.57 -180.00 -1023.45 3750.57 -100.00 -1023.45 3690.57 -100.00 -963.45 3601.28 -100.00 -963.75 3690.57 -180.00 -963.45 3601.28 -180.00 -963.75 3512.00 -180.00 -715.96 3512.00 -100.00 -715.96 3601.28 -180.00 -716.25 3601.28 -100.00 -716.25 3690.57 -180.00 -716.55 3690.57 -100.00 -716.55 3750.57 -180.00 -656.55 3750.57 -100.00 -656.55 4056.04 -100.00 -1029.23 4056.04 -100.00 -975.00 3512.00 -120.00 -840.00 3512.00 -120.00 -890.00 3511.30 -100.00 -840.00 3511.30 -100.00 -910.00 3512.00 -180.00 -770.00 3512.00 -180.00 -720.00 3512.00 -240.00 -770.00 3512.00 -240.00 -720.00 3512.00 -240.00 -910.00 3512.00 -180.00 -910.00 3512.00 -240.00 -890.00 3512.00 -180.00 -890.00 3512.00 -100.00 -715.96 3512.00 -180.00 -715.96 4056.04 -100.00 -1083.45 4056.04 -180.00 -1083.45 3933.31 -180.00 -1083.45 4056.04 -100.00 -596.55 4056.04 -20.00 -596.55 3933.31 -20.00 -596.55 3690.57 -20.00 -963.45 3750.57 -20.00 -1023.45 3810.57 -20.00 -596.55 3750.57 -20.00 -656.55 3601.28 -20.00 -963.75 3512.00 -100.00 -964.04 3509.18 -20.06 -964.04 3690.57 -20.00 -716.55 3601.28 -20.00 -716.25 3512.00 -100.00 -964.04 3512.00 -180.00 -960.00 3512.00 -180.00 -964.04 4056.04 -180.00 -1029.23 4056.04 -180.00 -1083.45 4056.04 -100.00 -1083.45 4056.04 -20.00 -1083.45 3512.00 -180.00 -964.04 4056.04 -180.00 -705.00 4056.04 -180.00 -650.77 4056.04 -146.84 -705.00 4056.04 -100.00 -705.00 4056.04 -180.00 -596.55 3509.18 -20.00 -715.96 4056.04 -180.00 -975.00 4056.04 -146.84 -975.00 4056.04 -180.00 -596.55 3511.30 -100.00 -770.00 3512.00 -180.00 -790.00 3512.00 -240.00 -790.00 3512.00 -120.00 -790.00 3512.00 -240.00 -960.00 3509.18 -20.00 -840.00 3509.18 -20.00 -907.82 4056.04 100.00 -705.00 3509.18 -20.06 -964.04 3509.66 -38.28 -771.63 3509.18 -20.00 -765.70 3509.18 -20.00 -715.96 3509.93 -48.52 -797.26 3509.61 -36.27 -800.30 3509.55 -34.15 -813.47 3509.18 -20.00 -826.88 3990.92 -213.33 -851.98 3984.13 -213.33 -862.13 3989.53 -210.00 -851.40 3983.07 -210.00 -861.07 3973.40 -210.00 -867.53 3962.00 -212.39 -840.00 3962.00 -210.00 -869.80 3950.60 -210.00 -867.53 3940.93 -210.00 -861.07 3934.47 -210.00 -851.40 3932.20 -210.00 -840.00 3934.47 -210.00 -828.60 3940.93 -210.00 -818.93 3950.60 -210.00 -812.47 3962.00 -210.00 -810.20 3973.40 -210.00 -812.47 3983.07 -210.00 -818.93 3989.53 -210.00 -828.60 3991.80 -210.00 -840.00 3993.30 -213.33 -840.00 3973.98 -213.33 -868.92 3962.00 -213.33 -871.30 3950.02 -213.33 -868.92 3939.87 -213.33 -862.13 3933.08 -213.33 -851.98 3930.70 -213.33 -840.00 3933.08 -213.33 -828.02 3939.87 -213.33 -817.87 3950.02 -213.33 -811.08 3962.00 -213.33 -808.70 3973.98 -213.33 -811.08 3984.13 -213.33 -817.87 3990.92 -213.33 -828.02 3509.66 -38.28 -771.63 3509.93 -48.52 -797.26 3489.01 -20.00 -781.30 3481.00 -20.00 -803.32 3509.61 -36.27 -800.30 3490.81 -20.00 -803.67 3509.55 -34.15 -813.47 3492.80 -20.00 -814.26 3509.18 -20.00 -826.88 3509.18 -20.00 -765.70 3410.38 49.61 -818.12 3509.18 -20.00 -765.70 3489.01 -20.00 -781.30 3512.00 0.00 -750.17 3512.00 -20.00 -766.77 3569.45 0.00 -772.50 3536.36 0.00 -751.50 3512.00 -20.00 -827.75 3512.00 0.00 -840.00 3564.10 0.00 -818.12 3560.66 0.00 -803.17 3509.18 -20.00 -826.88 3481.00 -20.00 -803.32 3490.81 -20.00 -803.67 3492.80 -20.00 -814.26 3509.18 -20.00 -826.88 3880.00 120.00 -752.00 3908.00 110.00 -776.00 3909.00 120.00 -765.00 3926.00 100.00 -804.00 3928.00 120.00 -782.00 3926.00 100.00 -804.00 3962.00 90.00 -800.00 3962.00 120.00 -767.00 3928.00 120.00 -782.00 3934.00 90.00 -811.00 3997.00 120.00 -782.00 3999.00 100.00 -804.00 3991.00 90.00 -811.00 3999.00 100.00 -804.00 4003.00 90.00 -840.00 4021.00 120.00 -806.00 4035.00 120.00 -840.00 3991.00 90.00 -811.00 3991.00 90.00 -869.00 4014.00 120.00 -891.00 4014.00 120.00 -891.00 3991.00 90.00 -869.00 3980.00 120.00 -906.00 3962.00 100.00 -891.00 3962.00 90.00 -880.00 3934.00 90.00 -869.00 3945.00 120.00 -906.00 3911.00 120.00 -891.00 3911.00 120.00 -891.00 3934.00 90.00 -869.00 3922.00 90.00 -840.00 3890.00 120.00 -840.00 3926.00 100.00 -804.00 3904.00 120.00 -806.00 3934.00 90.00 -811.00 3897.00 120.00 -777.00 3904.00 120.00 -806.00 3940.50 87.61 -818.00 3962.00 87.61 -809.00 3984.50 87.61 -818.00 3984.50 87.61 -818.00 3993.50 87.61 -840.00 3984.50 87.61 -862.00 3984.50 87.61 -862.00 3962.00 87.61 -871.00 3940.50 87.61 -862.00 3940.50 87.61 -862.00 3931.50 87.61 -840.00 3940.50 87.61 -818.00 3931.50 87.61 -840.00 3950.93 63.71 -828.80 3946.44 63.71 -840.00 3962.00 -10.00 -840.00 3962.08 37.44 -832.63 3957.06 37.44 -834.98 3967.44 37.44 -834.98 3962.13 63.71 -823.57 3974.07 63.71 -828.80 3967.44 37.44 -834.98 3969.45 37.44 -840.00 3974.07 63.71 -828.80 3978.56 63.71 -840.00 3967.44 37.44 -845.02 3974.07 63.71 -851.20 3967.44 37.44 -845.02 3962.08 37.44 -847.37 3974.07 63.71 -851.20 3962.13 63.71 -856.43 3962.00 -10.00 -840.00 3957.06 37.44 -845.02 3955.05 37.44 -840.00 3957.06 37.44 -845.02 3950.93 63.71 -851.20 3957.06 37.44 -834.98 3962.00 120.00 -969.00 3962.00 100.00 -891.00 3945.00 120.00 -906.00 3980.00 120.00 -906.00 3999.00 100.00 -804.00 4043.00 120.00 -767.00 3997.00 120.00 -782.00 4021.00 120.00 -806.00 3962.00 87.61 -809.00 3940.50 87.61 -818.00 3950.93 63.71 -828.80 3940.50 87.61 -818.00 3984.50 87.61 -818.00 3984.50 87.61 -818.00 3993.50 87.61 -840.00 3984.50 87.61 -862.00 3962.00 87.61 -871.00 3984.50 87.61 -862.00 3940.50 87.61 -862.00 3950.93 63.71 -851.20 3940.50 87.61 -862.00 3744.00 51.00 -891.00 3753.00 30.00 -884.00 3721.00 28.00 -897.00 3728.00 36.00 -879.00 3650.00 0.00 -844.00 3614.00 0.00 -854.00 3657.00 -17.00 -849.00 3660.00 0.00 -858.00 3657.00 -17.00 -849.00 3685.00 -24.00 -834.00 3664.00 0.00 -834.00 3650.00 0.00 -844.00 3692.00 0.00 -844.00 </float_array>
                    <technique_common>
                        <accessor source="#geom-038E6E9D-pos-array" count="738" stride="3">
                            <param name="X" type="float" />
                            <param name="Y" type="float" />
                            <param name="Z" type="float" />
                        </accessor>
                    </technique_common>
                </source>
                <source id="geom-038E6E9D-texcoord">
                    <float_array id="geom-038E6E9D-texcoord-array" count="1476">0.39 -0.75 0.36 -1.00 0.75 -0.89 0.73 -1.05 0.49 0.02 0.77 0.10 1.00 -0.05 0.51 0.13 1.03 0.18 0.78 0.21 1.00 -0.05 0.77 0.10 0.49 0.02 0.51 0.13 1.03 0.18 0.78 0.21 2.59 -1.30 2.62 -1.05 2.24 -1.08 2.21 -1.25 2.11 -0.67 1.92 -0.96 2.62 -1.05 1.50 -0.90 1.40 -0.51 1.09 -0.85 1.10 0.36 1.42 0.89 0.75 0.71 0.84 -0.06 1.21 -0.26 1.20 -0.10 1.28 0.26 1.69 0.21 1.31 0.46 1.72 0.40 0.87 0.32 0.89 0.51 0.54 0.36 0.56 0.56 1.24 -0.01 1.66 -0.06 1.27 0.18 1.68 0.13 0.49 -0.01 0.26 0.02 0.39 -0.75 0.16 -0.72 2.62 -1.05 2.87 -1.08 2.72 -0.30 2.97 -0.34 1.08 -0.93 1.49 -0.99 1.09 -0.85 1.50 -0.90 1.28 0.26 0.87 0.32 1.27 0.18 0.86 0.24 1.69 0.21 1.68 0.13 2.02 0.17 2.01 0.08 1.10 -0.06 0.83 0.05 0.82 -0.02 1.82 -0.08 1.81 -0.16 1.99 -0.11 1.98 -0.18 1.92 -0.96 1.91 -1.04 0.67 0.07 0.53 0.28 0.50 0.09 0.59 0.73 0.35 0.77 2.82 0.44 3.07 0.41 2.36 -0.26 2.00 -0.05 2.01 -0.21 1.96 -0.36 1.85 -0.48 2.22 0.21 1.81 0.20 1.93 0.09 1.25 0.05 1.35 0.17 1.85 -0.48 1.96 -0.36 1.72 -0.30 1.76 -0.25 2.01 -0.21 1.79 -0.18 1.93 0.09 1.81 0.20 1.75 -0.04 1.70 0.00 1.66 0.25 1.63 0.03 1.35 0.17 1.25 0.05 1.49 -0.01 1.44 -0.06 1.20 -0.10 1.42 -0.13 1.55 -0.56 1.71 -0.55 1.58 -0.34 1.65 -0.34 1.28 -0.41 1.40 -0.51 1.46 -0.27 1.51 -0.32 1.21 -0.26 1.42 -0.20 2.00 -0.05 1.78 -0.11 1.50 0.24 1.56 0.02 2.72 -0.30 2.05 0.80 2.66 0.46 0.49 -0.01 0.39 -0.75 0.98 -0.52 0.53 0.28 0.54 0.36 0.66 0.00 0.67 0.07 0.83 0.05 0.86 0.24 2.05 0.36 2.02 0.17 1.82 -0.08 2.01 0.08 1.66 -0.06 1.37 -0.10 1.65 -0.13 1.71 -0.55 1.55 -0.56 1.28 -0.41 0.49 0.02 0.50 0.09 1.99 -0.11 0.59 0.73 2.82 0.44 1.69 0.51 1.50 0.24 1.66 0.25 2.66 0.53 0.76 0.78 1.24 -0.01 3.02 3.07 0.10 3.07 3.02 0.05 0.10 0.05 3.02 3.07 0.10 3.07 3.02 0.05 0.10 0.05 0.10 0.05 3.02 0.05 0.10 3.07 3.02 3.07 0.10 0.05 3.02 0.05 0.10 3.07 3.02 3.07 3.02 3.07 0.10 3.07 3.02 0.05 0.10 0.05 3.02 3.07 0.10 3.07 3.02 0.05 0.10 0.05 0.10 0.05 3.02 0.05 0.10 3.07 3.02 3.07 0.10 0.05 3.02 0.05 0.10 3.07 3.02 3.07 1.56 0.05 3.07 0.05 1.56 1.56 3.07 1.56 3.07 1.56 1.56 1.56 3.07 3.07 1.56 3.07 3.07 1.56 1.56 1.56 3.07 3.07 1.56 3.07 0.05 1.56 0.05 3.07 1.56 3.07 1.56 1.61 3.07 1.61 1.56 3.07 3.07 3.07 3.07 0.05 1.56 0.05 0.05 0.05 1.56 1.61 3.07 1.61 1.56 3.07 3.07 3.07 0.05 1.61 0.05 3.07 0.05 1.61 0.05 3.07 3.07 3.07 3.07 1.56 1.56 1.56 3.07 3.07 1.56 3.07 3.07 0.22 3.07 -0.44 2.64 0.22 2.64 -0.44 2.19 -1.31 2.19 -0.88 2.64 -0.88 2.19 -0.44 0.89 -0.44 0.89 -0.88 0.44 -0.44 0.89 0.22 0.44 0.22 0.00 0.22 0.00 -0.44 2.19 -1.75 1.86 -1.75 1.86 -1.31 1.21 -1.31 1.21 -0.88 1.21 0.22 1.21 -0.44 0.44 0.88 0.00 0.88 0.89 0.88 1.21 0.88 2.64 0.88 2.19 0.88 2.19 0.22 1.54 -2.19 1.21 -2.19 1.54 -1.75 1.21 -1.75 1.54 -1.31 1.54 0.22 1.54 0.88 1.86 0.22 1.86 0.88 1.54 -0.44 1.86 -0.44 1.54 -0.88 1.86 -0.88 0.89 -1.75 0.89 -2.19 0.89 -1.31 1.38 0.22 1.38 -0.44 1.38 -0.88 0.44 -0.88 3.07 0.88 1.64 -1.94 1.72 -1.95 1.86 -1.91 1.99 -2.07 2.19 -2.19 2.00 -2.19 2.22 2.22 0.87 2.22 2.22 0.87 0.87 0.87 2.22 2.22 0.87 2.22 2.22 0.87 0.87 0.87 2.22 2.22 0.87 2.22 2.22 0.87 0.87 0.87 2.22 2.22 0.87 2.22 2.22 0.87 0.87 0.87 2.22 2.22 0.87 2.22 2.22 0.87 0.87 0.87 2.22 2.22 0.87 2.22 2.22 0.87 0.87 0.87 2.22 2.22 0.87 2.22 2.22 0.87 0.87 0.87 2.22 2.22 0.87 2.22 2.22 0.87 0.87 0.87 2.22 2.22 0.87 2.22 2.22 0.87 0.87 0.87 2.22 2.22 0.87 2.22 2.22 0.87 0.87 0.87 2.22 2.22 0.87 2.22 2.22 0.87 0.87 0.87 2.22 2.22 0.87 2.22 2.22 0.87 0.87 0.87 3.07 3.07 0.02 3.07 2.90 2.90 0.19 2.90 0.02 0.02 0.19 0.19 3.07 0.02 2.90 0.19 3.07 3.07 0.02 3.07 2.90 2.90 0.19 2.90 0.02 0.02 0.19 0.19 3.07 0.02 2.90 0.19 3.07 3.07 0.02 3.07 2.90 2.90 0.19 2.90 0.02 0.02 0.19 0.19 3.07 0.02 2.90 0.19 3.07 3.07 0.02 3.07 2.90 2.90 0.19 2.90 0.02 0.02 0.19 0.19 3.07 0.02 2.90 0.19 3.07 3.07 0.02 3.07 2.90 2.90 0.19 2.90 0.02 0.02 0.19 0.19 3.07 0.02 2.90 0.19 3.07 3.07 0.02 3.07 2.90 2.90 0.19 2.90 0.02 0.02 0.19 0.19 3.07 0.02 2.90 0.19 3.07 3.07 0.02 3.07 2.90 2.90 0.19 2.90 0.02 0.02 0.19 0.19 3.07 0.02 2.90 0.19 3.07 3.07 0.02 3.07 2.90 2.90 0.19 2.90 0.02 0.02 0.19 0.19 3.07 0.02 2.90 0.19 3.07 3.07 0.02 3.07 2.90 2.90 0.19 2.90 0.02 0.02 0.19 0.19 3.07 0.02 2.90 0.19 3.07 3.07 0.02 3.07 2.90 2.90 0.19 2.90 0.02 0.02 0.19 0.19 3.07 0.02 2.90 0.19 3.07 3.07 0.02 3.07 2.90 2.90 0.19 2.90 0.02 0.02 0.19 0.19 3.07 0.02 2.90 0.19 3.07 3.07 0.02 3.07 2.90 2.90 0.19 2.90 0.02 0.02 0.19 0.19 3.07 0.02 2.90 0.19 2.51 2.51 0.58 2.51 0.58 0.58 2.51 0.58 2.51 2.51 0.58 2.51 0.58 0.58 2.51 0.58 2.51 2.51 0.58 2.51 0.58 0.58 2.51 0.58 2.51 2.51 0.58 2.51 0.58 0.58 2.51 0.58 2.51 2.51 0.58 2.51 0.58 0.58 2.51 0.58 2.51 2.51 0.58 2.51 0.58 0.58 2.51 0.58 2.51 2.51 0.58 2.51 0.58 0.58 2.51 0.58 2.51 2.51 0.58 2.51 0.58 0.58 2.51 0.58 2.51 2.51 0.58 2.51 0.58 0.58 2.51 0.58 2.51 2.51 0.58 2.51 0.58 0.58 2.51 0.58 2.51 2.51 0.58 2.51 0.58 0.58 2.51 0.58 2.51 2.51 0.58 2.51 0.58 0.58 2.51 0.58 2.22 0.87 0.83 0.41 0.52 0.10 0.83 0.10 0.21 -0.21 0.52 -0.21 0.83 -0.21 0.00 0.11 0.00 -0.21 0.31 0.10 0.31 -0.21 0.31 -0.62 0.62 -0.21 0.62 -0.62 1.24 0.05 0.62 0.05 1.24 -0.37 0.62 -0.37 1.81 0.05 2.43 0.05 1.81 0.46 2.43 0.46 1.81 -0.37 1.37 -0.37 1.37 0.05 0.93 0.05 0.47 0.05 0.93 -0.37 0.47 -0.37 3.05 -0.37 3.05 0.05 2.59 -0.37 2.59 0.05 2.12 -0.37 2.12 0.05 1.68 -0.37 1.68 0.05 0.52 -0.62 0.83 -0.62 0.62 0.05 0.88 0.05 0.62 0.16 0.97 0.16 0.28 -0.26 0.02 -0.26 0.28 -0.55 0.02 -0.55 0.97 -0.55 0.97 -0.26 0.88 -0.55 0.88 -0.26 0.00 0.16 0.00 -0.26 3.05 0.05 3.05 -0.37 2.43 -0.37 0.00 0.05 0.00 0.46 0.62 0.46 0.93 0.46 1.37 0.46 1.24 0.46 1.68 0.46 0.47 0.46 0.00 0.05 0.00 0.46 2.12 0.46 2.59 0.46 1.24 0.16 1.23 -0.26 1.24 -0.26 0.52 -1.04 0.21 -1.04 0.21 -0.62 3.05 0.46 0.00 -0.37 0.00 -1.04 0.31 -1.04 0.00 -0.86 0.00 -0.62 0.00 -0.37 3.07 0.46 0.83 -1.04 0.83 -0.86 0.62 -1.04 0.27 0.16 0.38 -0.26 0.38 -0.55 0.38 0.05 1.23 -0.55 0.62 0.55 0.96 0.55 0.00 0.41 1.25 0.55 0.28 0.46 0.25 0.55 0.00 0.55 0.41 0.41 0.42 0.47 0.49 0.48 0.55 0.55 2.95 2.12 2.62 2.62 2.81 2.06 2.51 2.51 2.06 2.81 1.53 1.53 1.53 2.92 1.00 2.81 0.55 2.51 0.25 2.06 0.15 1.53 0.25 1.00 0.55 0.55 1.00 0.25 1.53 0.15 2.06 0.25 2.51 0.55 2.81 1.00 2.92 1.53 3.07 1.53 2.12 2.95 1.53 3.07 0.95 2.95 0.45 2.62 0.12 2.12 0.00 1.53 0.12 0.95 0.45 0.45 0.95 0.12 1.53 0.00 2.12 0.12 2.62 0.45 2.95 0.95 0.27 -0.51 1.42 -0.88 0.62 0.67 1.57 0.88 1.87 -0.37 1.95 0.67 2.47 -0.26 2.43 0.65 3.07 0.34 0.00 0.22 2.10 -0.91 2.21 -2.73 2.58 -2.32 1.67 -2.68 2.16 -2.76 0.56 -3.07 1.30 -2.95 0.01 -1.04 0.33 -1.35 0.02 -2.38 0.26 -2.54 0.11 -0.57 2.98 -1.06 2.11 0.64 0.91 0.27 0.15 -0.35 0.00 2.32 0.95 2.31 0.77 1.98 1.89 2.30 1.54 1.65 2.19 0.69 1.15 1.15 1.15 0.00 2.11 0.00 2.01 1.15 0.38 0.00 0.14 0.69 0.29 1.15 2.19 0.69 1.15 1.15 2.11 0.00 1.15 0.00 2.01 1.15 0.29 1.15 0.00 0.00 2.30 0.00 2.01 1.15 1.45 0.00 1.15 0.77 1.15 1.15 0.29 1.15 0.88 0.00 0.00 0.00 2.30 0.00 2.01 1.15 1.15 1.15 1.15 0.00 0.22 0.79 0.38 0.00 0.29 1.15 0.77 2.64 1.55 2.96 1.92 1.49 1.15 1.49 0.38 1.49 1.92 1.49 1.15 1.49 0.38 1.49 1.92 1.49 1.15 1.49 0.38 1.49 1.92 1.49 1.15 1.49 3.07 3.07 2.40 3.07 2.78 2.11 2.40 2.11 2.40 0.02 2.40 1.34 2.20 1.34 2.59 1.34 2.40 2.11 2.78 2.11 2.20 1.34 2.40 1.34 2.01 2.11 2.40 2.11 2.59 1.34 2.78 2.11 2.20 1.34 2.40 1.34 2.01 2.11 2.40 2.11 2.40 0.02 2.59 1.34 2.40 1.34 2.20 1.34 2.01 2.11 2.59 1.34 0.00 2.32 1.89 2.30 1.54 1.65 1.55 2.96 1.89 2.30 0.00 2.32 1.55 2.96 1.54 1.65 2.40 3.07 1.73 3.07 2.01 2.11 0.38 1.49 3.07 3.07 1.73 3.07 2.40 3.07 3.07 3.07 2.40 3.07 1.73 3.07 3.07 3.07 2.78 2.11 1.73 3.07 1.55 2.96 1.89 2.30 0.95 2.31 1.54 1.65 0.77 1.98 0.00 2.32 0.95 2.31 0.77 2.64 0.95 2.31 1.89 2.30 1.54 1.65 0.77 1.98 1.55 2.96 </float_array>
                    <technique_common>
                        <accessor source="#geom-038E6E9D-texcoord-array" count="738" stride="2">
                            <param name="S" type="float" />
                            <param name="T" type="float" />
                        </accessor>
                    </technique_common>
                </source>
                <source id="geom-038E6E9D-colors">
                    <float_array id="geom-038E6E9D-colors-array" count="2952">0.02 0.11 0.17 1.00 0.02 0.08 0.15 1.00 0.01 0.03 0.08 1.00 0.01 0.02 0.07 1.00 0.03 0.11 0.25 1.00 0.05 0.13 0.32 1.00 0.03 0.06 0.18 1.00 0.05 0.15 0.32 1.00 0.03 0.07 0.21 1.00 0.05 0.18 0.32 1.00 0.03 0.06 0.18 1.00 0.05 0.13 0.32 1.00 0.03 0.09 0.18 1.00 0.05 0.15 0.32 1.00 0.03 0.07 0.20 1.00 0.05 0.18 0.32 1.00 0.02 0.08 0.15 1.00 0.02 0.10 0.16 1.00 0.01 0.03 0.08 1.00 0.01 0.02 0.07 1.00 0.11 0.32 0.32 1.00 0.28 0.73 0.73 1.00 0.05 0.22 0.32 1.00 0.33 0.73 0.73 1.00 0.14 0.32 0.32 1.00 0.28 0.73 0.73 1.00 0.09 0.22 0.32 1.00 0.08 0.15 0.32 1.00 0.07 0.15 0.32 1.00 0.10 0.31 0.32 1.00 0.14 0.32 0.32 1.00 0.13 0.32 0.32 1.00 0.15 0.49 0.73 1.00 0.15 0.51 0.73 1.00 0.04 0.13 0.32 1.00 0.03 0.13 0.30 1.00 0.15 0.53 0.73 1.00 0.03 0.14 0.31 1.00 0.05 0.18 0.32 1.00 0.03 0.07 0.21 1.00 0.14 0.33 0.73 1.00 0.14 0.34 0.73 1.00 0.03 0.11 0.28 1.00 0.04 0.13 0.32 1.00 0.05 0.11 0.32 1.00 0.04 0.07 0.20 1.00 0.04 0.19 0.32 1.00 0.04 0.13 0.25 1.00 0.04 0.18 0.27 1.00 0.04 0.13 0.25 1.00 0.04 0.11 0.32 1.00 0.04 0.07 0.19 1.00 0.01 0.05 0.12 1.00 0.02 0.05 0.12 1.00 0.03 0.16 0.17 1.00 0.04 0.17 0.17 1.00 0.03 0.10 0.17 1.00 0.03 0.11 0.17 1.00 0.01 0.04 0.11 1.00 0.02 0.05 0.13 1.00 0.03 0.11 0.17 1.00 0.02 0.05 0.13 1.00 0.02 0.08 0.17 1.00 0.01 0.03 0.06 1.00 0.01 0.02 0.09 1.00 0.03 0.06 0.17 1.00 0.01 0.03 0.09 1.00 0.03 0.10 0.17 1.00 0.01 0.03 0.09 1.00 0.02 0.06 0.17 1.00 0.01 0.03 0.06 1.00 0.03 0.15 0.17 1.00 0.01 0.05 0.11 1.00 0.06 0.23 0.32 1.00 0.03 0.07 0.16 1.00 0.05 0.15 0.32 1.00 0.04 0.08 0.23 1.00 0.04 0.06 0.16 1.00 0.04 0.08 0.23 1.00 0.04 0.06 0.16 1.00 0.08 0.28 0.32 1.00 0.13 0.32 0.32 1.00 0.13 0.32 0.32 1.00 0.13 0.32 0.32 1.00 0.13 0.32 0.32 1.00 0.09 0.21 0.32 1.00 0.12 0.32 0.32 1.00 0.12 0.32 0.32 1.00 0.13 0.32 0.32 1.00 0.13 0.32 0.32 1.00 0.08 0.19 0.19 1.00 0.08 0.19 0.19 1.00 0.00 0.00 0.00 1.00 0.00 0.00 0.00 1.00 0.07 0.19 0.19 1.00 0.00 0.00 0.00 1.00 0.07 0.19 0.19 1.00 0.07 0.19 0.19 1.00 0.00 0.00 0.00 1.00 0.00 0.00 0.00 1.00 0.07 0.19 0.19 1.00 0.00 0.00 0.00 1.00 0.07 0.19 0.19 1.00 0.08 0.19 0.19 1.00 0.00 0.00 0.00 1.00 0.00 0.00 0.00 1.00 0.08 0.19 0.19 1.00 0.00 0.00 0.00 1.00 0.08 0.19 0.19 1.00 0.08 0.19 0.19 1.00 0.00 0.00 0.00 1.00 0.00 0.00 0.00 1.00 0.08 0.19 0.19 1.00 0.08 0.19 0.19 1.00 0.00 0.00 0.00 1.00 0.00 0.00 0.00 1.00 0.08 0.19 0.19 1.00 0.00 0.00 0.00 1.00 0.07 0.19 0.19 1.00 0.00 0.00 0.00 1.00 0.07 0.19 0.19 1.00 0.00 0.00 0.00 1.00 0.12 0.28 0.68 1.00 0.08 0.15 0.32 1.00 0.07 0.15 0.32 1.00 0.13 0.30 0.68 1.00 0.05 0.24 0.32 1.00 0.11 0.32 0.32 1.00 0.01 0.03 0.07 1.00 0.03 0.09 0.17 1.00 0.01 0.03 0.09 1.00 0.03 0.11 0.17 1.00 0.14 0.34 0.73 1.00 0.04 0.14 0.32 1.00 0.03 0.07 0.20 1.00 0.05 0.18 0.32 1.00 0.06 0.23 0.32 1.00 0.03 0.07 0.16 1.00 0.03 0.06 0.17 1.00 0.01 0.02 0.09 1.00 0.01 0.03 0.09 1.00 0.14 0.32 0.32 1.00 0.13 0.31 0.32 1.00 0.14 0.32 0.32 1.00 0.01 0.04 0.09 1.00 0.02 0.07 0.17 1.00 0.05 0.15 0.32 1.00 0.05 0.10 0.29 1.00 0.05 0.10 0.29 1.00 0.11 0.22 0.32 1.00 0.13 0.32 0.32 1.00 0.12 0.32 0.32 1.00 0.07 0.15 0.32 1.00 0.07 0.15 0.32 1.00 0.03 0.06 0.17 1.00 0.18 0.49 1.00 1.00 0.19 0.51 1.00 1.00 0.20 0.40 1.00 1.00 0.22 0.43 1.00 1.00 0.19 0.52 1.00 1.00 0.19 0.50 1.00 1.00 0.22 0.46 1.00 1.00 0.21 0.42 1.00 1.00 0.19 0.51 1.00 1.00 0.18 0.49 1.00 1.00 0.18 0.54 1.00 1.00 0.17 0.53 1.00 1.00 0.19 0.50 1.00 1.00 0.19 0.52 1.00 1.00 0.17 0.54 1.00 1.00 0.18 0.54 1.00 1.00 0.09 0.28 0.78 1.00 0.09 0.28 0.80 1.00 0.17 0.60 1.00 1.00 0.17 0.59 1.00 1.00 0.09 0.28 0.81 1.00 0.09 0.28 0.79 1.00 0.17 0.60 1.00 1.00 0.17 0.61 1.00 1.00 0.18 0.54 1.00 1.00 0.17 0.53 1.00 1.00 0.17 0.59 1.00 1.00 0.17 0.60 1.00 1.00 0.17 0.54 1.00 1.00 0.18 0.54 1.00 1.00 0.17 0.61 1.00 1.00 0.17 0.60 1.00 1.00 0.24 0.61 1.00 1.00 0.22 0.43 1.00 1.00 0.20 0.53 1.00 1.00 0.19 0.51 1.00 1.00 0.17 0.60 1.00 1.00 0.17 0.59 1.00 1.00 0.09 0.28 0.81 1.00 0.09 0.22 0.78 1.00 0.19 0.52 1.00 1.00 0.20 0.54 1.00 1.00 0.18 0.54 1.00 1.00 0.18 0.55 1.00 1.00 0.20 0.54 1.00 1.00 0.18 0.55 1.00 1.00 0.18 0.55 1.00 1.00 0.18 0.55 1.00 1.00 0.18 0.54 1.00 1.00 0.17 0.58 1.00 1.00 0.17 0.59 1.00 1.00 0.22 0.46 1.00 1.00 0.24 0.63 1.00 1.00 0.24 0.63 1.00 1.00 0.17 0.58 1.00 1.00 0.17 0.59 1.00 1.00 0.09 0.22 0.78 1.00 0.09 0.28 0.80 1.00 0.17 0.59 1.00 1.00 0.09 0.22 0.78 1.00 0.18 0.55 1.00 1.00 0.17 0.59 1.00 1.00 0.18 0.54 1.00 1.00 0.18 0.54 1.00 1.00 0.18 0.55 1.00 1.00 0.17 0.60 1.00 1.00 0.17 0.59 1.00 1.00 0.06 0.15 0.32 1.00 0.06 0.18 0.32 1.00 0.16 0.39 1.00 1.00 0.16 0.46 1.00 1.00 0.11 0.28 0.81 1.00 0.16 0.46 1.00 1.00 0.06 0.20 0.35 1.00 0.16 0.35 1.00 1.00 0.16 0.35 1.00 1.00 0.16 0.45 1.00 1.00 0.16 0.45 1.00 1.00 0.16 0.32 0.99 1.00 0.16 0.38 1.00 1.00 0.06 0.14 0.32 1.00 0.06 0.17 0.32 1.00 0.19 0.27 0.67 1.00 0.20 0.29 0.73 1.00 0.18 0.53 1.00 1.00 0.18 0.55 1.00 1.00 0.16 0.54 1.00 1.00 0.16 0.32 0.99 1.00 0.16 0.44 1.00 1.00 0.09 0.16 0.45 1.00 0.01 0.01 0.03 1.00 0.00 0.00 0.00 1.00 0.04 0.05 0.07 1.00 0.09 0.16 0.45 1.00 0.00 0.00 0.00 1.00 0.16 0.33 1.00 1.00 0.19 0.22 0.29 1.00 0.19 0.22 0.29 1.00 0.21 0.25 0.35 1.00 0.20 0.30 0.76 1.00 0.18 0.55 1.00 1.00 0.16 0.41 1.00 1.00 0.04 0.05 0.07 1.00 0.16 0.33 1.00 1.00 0.04 0.05 0.07 1.00 0.16 0.44 1.00 1.00 0.16 0.44 1.00 1.00 0.16 0.53 1.00 1.00 0.16 0.55 1.00 1.00 0.19 0.27 0.61 1.00 0.09 0.10 0.13 1.00 0.11 0.28 0.82 1.00 0.16 0.41 1.00 1.00 0.16 0.44 1.00 1.00 0.16 0.53 1.00 1.00 0.06 0.19 0.35 1.00 0.01 0.02 0.04 1.00 0.20 0.24 0.33 1.00 0.20 0.24 0.32 1.00 0.20 0.23 0.30 1.00 0.19 0.22 0.28 1.00 0.09 0.10 0.13 1.00 0.19 0.22 0.28 1.00 0.16 0.16 0.16 1.00 0.16 0.16 0.16 1.00 0.16 0.23 0.53 1.00 0.16 0.20 0.36 1.00 0.26 0.58 1.00 1.00 0.27 0.53 1.00 1.00 0.26 0.58 1.00 1.00 0.26 0.53 1.00 1.00 0.23 0.38 1.00 1.00 0.22 0.42 1.00 1.00 0.24 0.47 1.00 1.00 0.24 0.49 1.00 1.00 0.24 0.45 1.00 1.00 0.23 0.48 1.00 1.00 0.22 0.37 1.00 1.00 0.21 0.40 1.00 1.00 0.24 0.36 1.00 1.00 0.24 0.37 1.00 1.00 0.25 0.44 1.00 1.00 0.25 0.44 1.00 1.00 0.24 0.42 1.00 1.00 0.24 0.42 1.00 1.00 0.22 0.35 1.00 1.00 0.22 0.35 1.00 1.00 0.26 0.51 1.00 1.00 0.25 0.56 1.00 1.00 0.26 0.51 1.00 1.00 0.25 0.56 1.00 1.00 0.23 0.44 1.00 1.00 0.24 0.39 1.00 1.00 0.24 0.51 1.00 1.00 0.25 0.47 1.00 1.00 0.27 0.72 1.00 1.00 0.27 0.72 1.00 1.00 0.27 0.72 1.00 1.00 0.27 0.72 1.00 1.00 0.24 0.49 1.00 1.00 0.24 0.45 1.00 1.00 0.21 0.41 1.00 1.00 0.22 0.38 1.00 1.00 0.16 0.16 0.16 1.00 0.16 0.16 0.16 1.00 0.16 0.20 0.36 1.00 0.16 0.23 0.53 1.00 0.16 0.16 0.16 1.00 0.16 0.16 0.16 1.00 0.16 0.16 0.16 1.00 0.16 0.16 0.16 1.00 0.16 0.16 0.16 1.00 0.16 0.16 0.16 1.00 0.16 0.16 0.16 1.00 0.16 0.23 0.51 1.00 0.16 0.27 0.75 1.00 0.16 0.32 0.98 1.00 0.22 0.41 1.00 1.00 0.23 0.40 1.00 1.00 0.28 0.62 1.00 1.00 0.26 0.60 1.00 1.00 0.27 0.75 1.00 1.00 0.23 0.59 1.00 1.00 0.27 0.62 1.00 1.00 0.24 0.61 1.00 1.00 0.29 0.64 1.00 1.00 0.29 0.79 1.00 1.00 0.26 0.59 1.00 1.00 0.29 0.62 1.00 1.00 0.24 0.63 1.00 1.00 0.30 0.86 1.00 1.00 0.25 0.47 1.00 1.00 0.22 0.33 1.00 1.00 0.22 0.45 1.00 1.00 0.20 0.37 1.00 1.00 0.16 0.27 0.75 1.00 0.22 0.40 1.00 1.00 0.16 0.29 0.82 1.00 0.21 0.32 0.95 1.00 0.28 0.60 1.00 1.00 0.29 0.82 1.00 1.00 0.25 0.58 1.00 1.00 0.24 0.63 1.00 1.00 0.29 0.62 1.00 1.00 0.29 0.64 1.00 1.00 0.28 0.84 1.00 1.00 0.29 0.86 1.00 1.00 0.25 0.47 1.00 1.00 0.21 0.38 1.00 1.00 0.25 0.47 1.00 1.00 0.21 0.37 1.00 1.00 0.22 0.40 1.00 1.00 0.22 0.41 1.00 1.00 0.20 0.36 1.00 1.00 0.20 0.36 1.00 1.00 0.28 0.62 1.00 1.00 0.28 0.83 1.00 1.00 0.28 0.60 1.00 1.00 0.27 0.80 1.00 1.00 0.25 0.58 1.00 1.00 0.28 0.60 1.00 1.00 0.23 0.56 1.00 1.00 0.27 0.74 1.00 1.00 0.29 0.62 1.00 1.00 0.29 0.78 1.00 1.00 0.26 0.59 1.00 1.00 0.24 0.58 1.00 1.00 0.29 0.64 1.00 1.00 0.27 0.62 1.00 1.00 0.30 0.87 1.00 1.00 0.25 0.66 1.00 1.00 0.22 0.47 1.00 1.00 0.20 0.38 1.00 1.00 0.25 0.47 1.00 1.00 0.22 0.34 1.00 1.00 0.28 0.60 1.00 1.00 0.28 0.62 1.00 1.00 0.26 0.73 1.00 1.00 0.27 0.74 1.00 1.00 0.29 0.64 1.00 1.00 0.28 0.78 1.00 1.00 0.29 0.62 1.00 1.00 0.27 0.76 1.00 1.00 0.22 0.41 1.00 1.00 0.16 0.27 0.75 1.00 0.21 0.32 0.94 1.00 0.19 0.37 1.00 1.00 0.26 0.60 1.00 1.00 0.25 0.65 1.00 1.00 0.28 0.62 1.00 1.00 0.29 0.83 1.00 1.00 0.16 0.16 0.16 1.00 0.16 0.16 0.16 1.00 0.16 0.23 0.51 1.00 0.16 0.16 0.16 1.00 0.22 0.40 1.00 1.00 0.23 0.40 1.00 1.00 0.16 0.27 0.75 1.00 0.16 0.32 0.98 1.00 0.16 0.16 0.16 1.00 0.16 0.16 0.16 1.00 0.16 0.16 0.16 1.00 0.16 0.16 0.16 1.00 0.22 0.41 1.00 1.00 0.22 0.45 1.00 1.00 0.22 0.40 1.00 1.00 0.22 0.44 1.00 1.00 0.16 0.16 0.16 1.00 0.16 0.25 0.65 1.00 0.16 0.23 0.53 1.00 0.19 0.31 0.95 1.00 0.29 0.91 1.00 1.00 0.28 0.66 1.00 1.00 0.29 0.67 1.00 1.00 0.30 0.71 1.00 1.00 0.25 0.50 1.00 1.00 0.25 0.53 1.00 1.00 0.25 0.54 1.00 1.00 0.25 0.51 1.00 1.00 0.24 0.50 1.00 1.00 0.24 0.51 1.00 1.00 0.24 0.51 1.00 1.00 0.24 0.49 1.00 1.00 0.27 0.71 1.00 1.00 0.27 0.71 1.00 1.00 0.26 0.50 1.00 1.00 0.26 0.50 1.00 1.00 0.25 0.47 1.00 1.00 0.25 0.47 1.00 1.00 0.25 0.67 1.00 1.00 0.25 0.66 1.00 1.00 0.27 0.64 1.00 1.00 0.29 0.87 1.00 1.00 0.29 0.88 1.00 1.00 0.28 0.64 1.00 1.00 0.26 0.56 1.00 1.00 0.26 0.53 1.00 1.00 0.25 0.53 1.00 1.00 0.25 0.55 1.00 1.00 0.31 0.91 1.00 1.00 0.31 0.92 1.00 1.00 0.31 0.93 1.00 1.00 0.31 0.93 1.00 1.00 0.24 0.52 1.00 1.00 0.24 0.51 1.00 1.00 0.24 0.50 1.00 1.00 0.24 0.52 1.00 1.00 0.16 0.25 0.65 1.00 0.16 0.16 0.16 1.00 0.19 0.31 0.94 1.00 0.16 0.23 0.53 1.00 0.16 0.16 0.16 1.00 0.16 0.16 0.16 1.00 0.19 0.28 0.75 1.00 0.19 0.28 0.76 1.00 0.28 0.35 0.60 1.00 0.16 0.16 0.16 1.00 0.16 0.30 0.88 1.00 0.16 0.24 0.58 1.00 0.09 0.16 0.44 1.00 0.16 0.32 0.96 1.00 0.16 0.27 0.75 1.00 0.16 0.24 0.59 1.00 0.16 0.28 0.76 1.00 0.16 0.30 0.89 1.00 0.16 0.32 0.97 1.00 0.16 0.34 1.00 1.00 0.09 0.16 0.44 1.00 0.09 0.18 0.54 1.00 0.16 0.66 1.00 1.00 0.16 0.48 1.00 1.00 0.16 0.50 1.00 1.00 0.16 0.41 1.00 1.00 0.16 0.65 1.00 1.00 0.16 0.48 1.00 1.00 0.16 0.53 1.00 1.00 0.16 0.43 1.00 1.00 0.16 0.49 1.00 1.00 0.16 0.56 1.00 1.00 0.16 0.78 1.00 1.00 0.18 0.40 1.00 1.00 0.22 0.29 0.49 1.00 0.18 0.41 1.00 1.00 0.24 0.37 0.99 1.00 0.10 0.13 0.18 1.00 0.09 0.11 0.15 1.00 0.22 0.34 0.87 1.00 0.22 0.27 0.45 1.00 0.18 0.40 1.00 1.00 0.18 0.39 1.00 1.00 0.16 0.57 1.00 1.00 0.16 0.80 1.00 1.00 0.16 0.34 1.00 1.00 0.16 0.29 0.84 1.00 0.30 0.42 0.69 1.00 0.26 0.35 0.55 1.00 0.25 0.33 0.51 1.00 0.22 0.27 0.38 1.00 0.25 0.33 0.51 1.00 0.10 0.12 0.16 1.00 0.23 0.30 0.44 1.00 0.10 0.13 0.18 1.00 0.25 0.32 0.49 1.00 0.27 0.38 0.61 1.00 0.24 0.32 0.49 1.00 0.33 0.48 0.82 1.00 0.09 0.11 0.15 1.00 0.10 0.13 0.18 1.00 0.09 0.18 0.53 1.00 0.07 0.13 0.33 1.00 0.16 0.41 1.00 1.00 0.09 0.18 0.54 1.00 0.09 0.16 0.44 1.00 0.16 0.43 1.00 1.00 0.18 0.43 1.00 1.00 0.16 0.67 1.00 1.00 0.16 0.54 1.00 1.00 0.16 0.68 1.00 1.00 0.20 0.28 0.61 1.00 0.10 0.12 0.16 1.00 0.09 0.11 0.14 1.00 0.18 0.42 1.00 1.00 0.20 0.27 0.58 1.00 0.10 0.12 0.16 1.00 0.11 0.13 0.18 1.00 0.11 0.13 0.19 1.00 0.16 0.31 0.94 1.00 0.07 0.13 0.33 1.00 0.09 0.18 0.53 1.00 0.09 0.16 0.44 1.00 0.11 0.13 0.19 1.00 0.17 0.31 0.98 1.00 0.16 0.31 0.94 1.00 0.16 0.33 1.00 1.00 0.16 0.29 0.85 1.00 0.07 0.13 0.33 1.00 0.09 0.11 0.13 1.00 0.17 0.32 1.00 1.00 0.17 0.33 1.00 1.00 0.07 0.13 0.33 1.00 0.21 0.25 0.35 1.00 0.29 0.42 0.68 1.00 0.23 0.30 0.44 1.00 0.25 0.32 0.49 1.00 0.11 0.13 0.20 1.00 0.21 0.25 0.34 1.00 0.20 0.24 0.31 1.00 0.16 0.16 0.16 1.00 0.09 0.11 0.14 1.00 0.18 0.19 0.22 1.00 0.19 0.22 0.28 1.00 0.09 0.11 0.13 1.00 0.18 0.19 0.22 1.00 0.16 0.16 0.16 1.00 0.16 0.17 0.18 1.00 0.17 0.18 0.19 1.00 0.37 0.92 1.00 1.00 0.38 1.00 1.00 1.00 0.45 0.75 1.00 1.00 0.43 0.84 1.00 1.00 0.35 0.82 1.00 1.00 0.44 1.00 1.00 1.00 0.37 1.00 1.00 1.00 0.38 1.00 1.00 1.00 0.40 1.00 1.00 1.00 0.41 1.00 1.00 1.00 0.41 1.00 1.00 1.00 0.40 1.00 1.00 1.00 0.38 1.00 1.00 1.00 0.36 1.00 1.00 1.00 0.35 0.98 1.00 1.00 0.33 0.77 1.00 1.00 0.42 0.80 1.00 1.00 0.44 0.74 1.00 1.00 0.46 0.73 1.00 1.00 0.37 0.89 1.00 1.00 0.39 1.00 1.00 1.00 0.41 1.00 1.00 1.00 0.42 1.00 1.00 1.00 0.43 1.00 1.00 1.00 0.44 1.00 1.00 1.00 0.44 1.00 1.00 1.00 0.43 1.00 1.00 1.00 0.42 1.00 1.00 1.00 0.40 1.00 1.00 1.00 0.39 1.00 1.00 1.00 0.38 1.00 1.00 1.00 0.37 0.96 1.00 1.00 0.37 0.91 1.00 1.00 0.18 0.19 0.22 1.00 0.18 0.19 0.22 1.00 0.16 0.17 0.18 1.00 0.16 0.16 0.16 1.00 0.16 0.16 0.16 1.00 0.16 0.16 0.16 1.00 0.16 0.17 0.18 1.00 0.16 0.16 0.16 1.00 0.17 0.18 0.19 1.00 0.19 0.22 0.28 1.00 0.17 0.19 0.22 1.00 0.19 0.22 0.28 1.00 0.16 0.17 0.18 1.00 0.19 0.22 0.28 1.00 0.20 0.23 0.31 1.00 0.20 0.23 0.30 1.00 0.19 0.22 0.28 1.00 0.18 0.19 0.22 1.00 0.19 0.22 0.29 1.00 0.20 0.24 0.33 1.00 0.20 0.24 0.32 1.00 0.17 0.18 0.19 1.00 0.16 0.16 0.16 1.00 0.16 0.16 0.16 1.00 0.16 0.16 0.16 1.00 0.17 0.18 0.19 1.00 0.16 0.37 1.00 1.00 0.16 0.42 1.00 1.00 0.07 0.12 0.33 1.00 0.16 0.44 1.00 1.00 0.07 0.13 0.35 1.00 0.16 0.44 1.00 1.00 0.21 0.49 1.00 1.00 0.07 0.13 0.34 1.00 0.07 0.13 0.35 1.00 0.22 0.69 1.00 1.00 0.04 0.06 0.15 1.00 0.16 0.23 0.51 1.00 0.16 0.28 0.78 1.00 0.16 0.23 0.51 1.00 0.16 0.23 0.51 1.00 0.00 0.00 0.00 1.00 0.00 0.00 0.00 1.00 0.16 0.28 0.78 1.00 0.21 0.37 1.00 1.00 0.00 0.00 0.00 1.00 0.00 0.00 0.00 1.00 0.21 0.37 1.00 1.00 0.02 0.03 0.06 1.00 0.16 0.34 1.00 1.00 0.22 0.55 1.00 1.00 0.22 0.66 1.00 1.00 0.09 0.17 0.50 1.00 0.09 0.21 0.52 1.00 0.09 0.21 0.52 1.00 0.22 0.66 1.00 1.00 0.22 0.73 1.00 1.00 0.09 0.22 0.52 1.00 0.16 0.44 1.00 1.00 0.09 0.22 0.52 1.00 0.22 0.69 1.00 1.00 0.09 0.22 0.52 1.00 0.09 0.22 0.52 1.00 0.22 0.67 1.00 1.00 0.21 0.52 1.00 1.00 0.21 0.38 1.00 1.00 0.21 0.38 1.00 1.00 0.21 0.32 0.96 1.00 0.21 0.38 1.00 1.00 0.21 0.38 1.00 1.00 0.22 0.53 1.00 1.00 0.22 0.68 1.00 1.00 0.22 0.68 1.00 1.00 0.22 0.74 1.00 1.00 0.22 0.67 1.00 1.00 0.22 0.74 1.00 1.00 0.20 0.57 1.00 1.00 0.21 0.66 1.00 1.00 0.37 1.00 1.00 1.00 0.09 0.19 0.64 1.00 0.15 0.40 1.00 1.00 0.00 0.00 0.00 1.00 0.19 0.40 1.00 1.00 0.18 0.24 0.55 1.00 0.00 0.00 0.00 1.00 0.00 0.00 0.00 1.00 0.18 0.24 0.55 1.00 0.18 0.19 0.23 1.00 0.00 0.00 0.00 1.00 0.19 0.25 0.57 1.00 0.00 0.00 0.00 1.00 0.09 0.20 0.71 1.00 0.19 0.25 0.57 1.00 0.20 0.41 1.00 1.00 0.50 1.00 1.00 1.00 0.15 0.42 1.00 1.00 0.15 0.49 1.00 1.00 0.15 0.42 1.00 1.00 0.21 0.58 1.00 1.00 0.15 0.40 1.00 1.00 0.16 0.30 0.87 1.00 0.16 0.34 1.00 1.00 0.09 0.17 0.50 1.00 0.02 0.03 0.06 1.00 0.16 0.23 0.51 1.00 0.16 0.16 0.16 1.00 0.04 0.06 0.15 1.00 0.00 0.00 0.00 1.00 0.21 0.52 1.00 1.00 0.22 0.67 1.00 1.00 0.20 0.57 1.00 1.00 0.22 0.67 1.00 1.00 0.21 0.38 1.00 1.00 0.21 0.38 1.00 1.00 0.21 0.32 0.96 1.00 0.21 0.38 1.00 1.00 0.22 0.53 1.00 1.00 0.21 0.38 1.00 1.00 0.22 0.68 1.00 1.00 0.21 0.58 1.00 1.00 0.22 0.68 1.00 1.00 0.09 0.17 0.49 1.00 0.16 0.52 1.00 1.00 0.09 0.27 0.67 1.00 0.10 0.23 0.76 1.00 0.00 0.00 0.00 1.00 0.20 0.24 0.33 1.00 0.18 0.20 0.29 1.00 0.08 0.18 0.64 1.00 0.41 0.48 0.74 1.00 0.19 0.39 1.00 1.00 0.00 0.00 0.00 1.00 0.05 0.06 0.11 1.00 0.06 0.12 0.36 1.00 </float_array>
                    <technique_common>
                        <accessor source="#geom-038E6E9D-colors-array" count="738" stride="4">
                            <param name="R" type="float" />
                            <param name="G" type="float" />
                            <param name="B" type="float" />
                            <param name="A" type="float" />
                        </accessor>
                    </technique_common>
                </source>
                <vertices id="geom-038E6E9D-vtx">
                    <input semantic="POSITION" source="#geom-038E6E9D-pos" />
                </vertices>
                <triangles count="432" material="material-01A892E1-symbol">
                    <input semantic="VERTEX" source="#geom-038E6E9D-vtx" offset="0" />
                    <input semantic="TEXCOORD" source="#geom-038E6E9D-texcoord" offset="0" />
                    <input semantic="COLOR" source="#geom-038E6E9D-colors" offset="0" />
                    <p>0 1 2 2 54 0 52 54 2 52 53 54 54 53 55 55 53 71 71 53 72 71 72 18 71 18 17 16 17 18 16 18 19 1 3 2 4 5 6 4 7 5 6 5 8 5 9 8 10 11 12 14 11 10 14 15 11 11 13 12 20 21 22 22 80 20 22 122 80 80 122 85 85 81 80 85 87 81 85 86 87 85 149 86 123 149 85 123 85 124 123 124 152 27 149 123 26 149 27 26 27 28 125 26 28 29 26 125 125 126 29 126 127 29 25 127 126 25 143 127 25 24 143 23 24 25 23 142 24 23 141 142 21 141 23 21 84 141 20 84 21 20 83 84 80 83 20 80 82 83 80 81 82 29 30 31 29 31 88 29 88 26 26 88 89 89 150 26 150 149 26 150 151 149 151 86 149 32 33 34 32 34 36 36 34 37 36 37 38 38 37 39 34 33 35 35 33 134 134 33 135 40 41 42 40 42 132 132 42 133 132 133 73 73 133 74 73 74 75 42 41 43 43 41 136 43 136 137 137 136 146 44 45 46 44 77 45 76 77 44 46 45 47 48 49 50 50 49 51 50 51 78 78 51 79 56 57 58 56 58 60 60 58 61 60 61 62 62 61 63 58 57 59 59 57 128 128 57 129 64 65 66 154 65 64 64 139 154 154 139 138 138 139 140 138 140 67 67 140 68 67 68 69 69 68 70 90 91 92 111 90 92 109 90 111 110 109 111 108 109 110 115 108 110 113 108 115 114 113 115 112 113 114 117 112 114 116 112 117 107 116 117 106 116 107 105 106 107 103 106 105 104 103 105 102 103 104 121 102 104 120 102 121 101 120 121 100 120 101 99 100 101 97 100 99 98 97 99 96 97 98 119 96 98 118 96 119 95 118 119 94 118 95 93 94 95 91 94 93 92 91 93 66 65 130 130 65 131 130 131 144 144 131 145 125 28 147 28 27 153 124 122 148 85 122 124 127 143 30 127 30 29 </p>
                </triangles>
            </mesh>
        </geometry>
        <geometry id="geom-0001E38A" name="geom-0001E38A">
            <mesh>
                <source id="geom-0001E38A-pos">
                    <float_array id="geom-0001E38A-pos-array" count="1749">3707.00 -240.00 -770.00 3707.00 -240.00 -790.00 3667.00 -240.00 -770.00 3667.00 -240.00 -790.00 3707.00 -240.00 -890.00 3707.00 -240.00 -910.00 3667.00 -240.00 -890.00 3667.00 -240.00 -910.00 3707.00 -240.00 -790.00 3707.00 -240.00 -770.00 3747.00 -240.00 -790.00 3747.00 -240.00 -770.00 3707.00 -240.00 -910.00 3707.00 -240.00 -890.00 3747.00 -240.00 -910.00 3747.00 -240.00 -890.00 3827.00 -240.00 -770.00 3827.00 -240.00 -790.00 3787.00 -240.00 -770.00 3787.00 -240.00 -790.00 3827.00 -240.00 -890.00 3827.00 -240.00 -910.00 3787.00 -240.00 -890.00 3787.00 -240.00 -910.00 3747.00 -240.00 -790.00 3747.00 -240.00 -770.00 3787.00 -240.00 -790.00 3787.00 -240.00 -770.00 3747.00 -240.00 -910.00 3747.00 -240.00 -890.00 3787.00 -240.00 -910.00 3787.00 -240.00 -890.00 3667.00 -240.00 -823.33 3667.00 -240.00 -790.00 3707.00 -240.00 -823.33 3707.00 -240.00 -790.00 3787.00 -240.00 -890.00 3787.00 -240.00 -856.67 3827.00 -240.00 -890.00 3827.00 -240.00 -856.67 3707.00 -240.00 -890.00 3707.00 -240.00 -856.67 3747.00 -240.00 -890.00 3747.00 -240.00 -856.67 3707.00 -240.00 -856.67 3747.00 -240.00 -856.67 3747.00 -240.00 -823.33 3747.00 -240.00 -823.33 3747.00 -240.00 -790.00 3787.00 -240.00 -823.33 3787.00 -240.00 -790.00 3667.00 -240.00 -890.00 3667.00 -240.00 -856.67 3667.00 -240.00 -856.67 3787.00 -240.00 -823.33 3787.00 -240.00 -790.00 3827.00 -240.00 -823.33 3827.00 -240.00 -790.00 3787.00 -240.00 -856.67 3827.00 -240.00 -856.67 3747.00 -240.00 -856.67 3787.00 -240.00 -856.67 3747.00 -240.00 -790.00 3747.00 -240.00 -890.00 3747.00 -240.00 -856.67 3787.00 -240.00 -890.00 3787.00 -240.00 -856.67 3932.00 0.00 -600.00 3812.00 0.00 -600.00 3932.00 60.00 -652.50 3812.00 60.00 -652.50 3692.00 0.00 -720.00 3752.00 60.00 -713.73 3752.00 0.00 -660.00 3812.00 120.00 -707.95 3812.00 120.00 -972.05 3752.00 60.00 -966.27 3812.00 60.00 -1027.50 3932.00 120.00 -973.08 3932.00 60.00 -1027.50 3932.00 0.00 -1080.00 3812.00 0.00 -1080.00 3602.00 0.00 -720.00 3602.00 0.00 -772.50 3692.00 0.00 -772.50 3692.00 0.00 -907.50 3752.00 60.00 -907.50 3932.00 120.00 -907.50 3812.00 120.00 -907.50 4052.00 60.00 -1027.50 4052.00 0.00 -1080.00 4052.00 120.00 -975.00 4052.00 120.00 -907.50 4052.00 60.00 -652.50 4052.00 120.00 -705.00 3932.00 120.00 -706.92 3512.00 0.00 -840.00 3512.00 0.00 -907.50 3602.00 0.00 -840.00 3602.00 0.00 -907.50 3692.00 0.00 -840.00 3932.00 120.00 -840.00 4052.00 120.00 -840.00 3932.00 120.00 -772.50 4052.00 120.00 -772.50 3812.00 120.00 -840.00 3812.00 120.00 -772.50 3752.00 60.00 -840.00 3752.00 60.00 -772.50 3602.00 0.00 -960.00 3512.00 0.00 -960.00 3692.00 0.00 -960.00 3932.00 120.00 -873.75 3812.00 120.00 -873.75 3752.00 60.00 -873.75 3752.00 0.00 -1020.00 4052.00 0.00 -600.00 3564.10 0.00 -818.12 3560.66 0.00 -803.17 3569.45 0.00 -772.50 3536.36 0.00 -751.50 3512.00 0.00 -720.00 3512.00 0.00 -750.17 4084.40 81.59 -898.75 4072.20 81.59 -939.17 4084.40 40.91 -898.75 4072.20 40.91 -939.17 4084.40 -73.41 -898.75 4072.16 -73.41 -939.17 4084.40 -114.09 -898.75 4072.16 -114.09 -939.17 4072.16 -150.91 -740.83 4084.40 -150.91 -781.25 4072.16 -191.59 -740.83 4084.40 -191.59 -781.25 4072.16 4.09 -740.83 4084.40 4.09 -781.25 4072.16 -36.59 -740.83 4084.40 -36.59 -781.25 4090.20 -150.91 -819.79 4090.20 -150.91 -860.21 4090.20 -191.59 -819.79 4090.20 -191.59 -860.21 4090.20 4.09 -819.79 4090.20 4.09 -860.21 4090.20 -36.59 -819.79 4090.20 -36.59 -860.21 4072.16 -73.41 -740.83 4084.40 -73.41 -781.25 4072.16 -114.09 -740.83 4084.40 -114.09 -781.25 4084.40 -150.91 -898.75 4072.20 -150.91 -939.17 4084.40 -191.59 -898.75 4072.20 -191.59 -939.17 4090.20 -73.41 -819.79 4090.20 -73.41 -860.21 4090.20 -114.09 -819.79 4090.20 -114.09 -860.21 4084.40 4.09 -898.75 4072.16 4.09 -939.17 4084.40 -36.59 -898.75 4072.16 -36.59 -939.17 4072.16 81.59 -740.83 4084.40 81.59 -781.25 4072.16 40.91 -740.83 4084.40 40.91 -781.25 4090.20 81.59 -819.79 4090.20 81.59 -860.21 4090.20 40.91 -819.79 4090.20 40.91 -860.21 4083.40 100.00 -878.50 4060.16 100.00 -955.49 4077.12 96.12 -880.80 4056.20 96.12 -950.10 4060.16 22.50 -955.49 4056.20 26.38 -950.10 4083.40 22.50 -878.50 4077.12 26.38 -880.80 4083.40 -55.00 -878.50 4060.16 -55.00 -955.49 4077.12 -58.88 -880.80 4056.20 -58.88 -950.10 4060.16 -132.50 -955.49 4056.20 -128.63 -950.10 4083.40 -132.50 -878.50 4077.12 -128.63 -880.80 4060.16 -132.50 -724.51 4083.40 -132.50 -801.50 4056.20 -136.38 -729.90 4077.12 -136.38 -799.20 4083.40 -210.00 -801.50 4077.12 -206.12 -799.20 4060.16 -210.00 -724.51 4056.20 -206.12 -729.90 4060.16 22.50 -724.51 4083.40 22.50 -801.50 4056.20 18.63 -729.90 4077.12 18.63 -799.20 4083.40 -55.00 -801.50 4077.12 -51.13 -799.20 4060.16 -55.00 -724.51 4056.20 -51.13 -729.90 4083.40 -132.50 -801.50 4083.40 -132.50 -878.50 4078.08 -136.38 -805.35 4078.08 -136.38 -874.65 4083.40 -210.00 -878.50 4078.08 -206.12 -874.65 4083.40 -210.00 -801.50 4078.08 -206.12 -805.35 4083.40 22.50 -801.50 4083.40 22.50 -878.50 4078.08 18.63 -805.35 4078.08 18.63 -874.65 4083.40 -55.00 -878.50 4078.08 -51.13 -874.65 4083.40 -55.00 -801.50 4078.08 -51.13 -805.35 4060.16 -55.00 -724.51 4083.40 -55.00 -801.50 4056.20 -58.87 -729.90 4077.12 -58.87 -799.20 4083.40 -132.50 -801.50 4077.12 -128.62 -799.20 4060.16 -132.50 -724.51 4056.20 -128.62 -729.90 4083.40 -132.50 -878.50 4060.16 -132.50 -955.49 4077.12 -136.37 -880.80 4056.20 -136.37 -950.10 4060.16 -210.00 -955.49 4056.20 -206.12 -950.10 4083.40 -210.00 -878.50 4077.12 -206.12 -880.80 4083.40 -55.00 -801.50 4083.40 -55.00 -878.50 4078.08 -58.87 -805.35 4078.08 -58.87 -874.65 4083.40 -132.50 -878.50 4078.08 -128.62 -874.65 4083.40 -132.50 -801.50 4078.08 -128.62 -805.35 4083.40 22.50 -878.50 4060.16 22.50 -955.49 4077.12 18.63 -880.80 4056.20 18.63 -950.10 4060.16 -55.00 -955.49 4056.20 -51.13 -950.10 4083.40 -55.00 -878.50 4077.12 -51.13 -880.80 4060.16 100.00 -724.51 4083.40 100.00 -801.50 4056.20 96.12 -729.90 4077.12 96.12 -799.20 4083.40 22.50 -801.50 4077.12 26.38 -799.20 4060.16 22.50 -724.51 4056.20 26.38 -729.90 4083.40 100.00 -801.50 4083.40 100.00 -878.50 4078.08 96.12 -805.35 4078.08 96.12 -874.65 4083.40 22.50 -878.50 4078.08 26.38 -874.65 4083.40 22.50 -801.50 4078.08 26.38 -805.35 4074.00 85.66 -891.20 4059.36 85.66 -939.70 4059.36 36.84 -939.70 4074.00 36.84 -891.20 4074.00 -69.34 -891.20 4059.36 -69.34 -939.70 4059.36 -118.16 -939.70 4074.00 -118.16 -891.20 4059.36 -146.84 -740.30 4074.00 -146.84 -788.80 4074.00 -195.66 -788.80 4059.36 -195.66 -740.30 4059.36 8.16 -740.30 4074.00 8.16 -788.80 4074.00 -40.66 -788.80 4059.36 -40.66 -740.30 4078.08 -146.84 -815.75 4078.08 -146.84 -864.25 4078.08 -195.66 -864.25 4078.08 -195.66 -815.75 4078.08 8.16 -815.75 4078.08 8.16 -864.25 4078.08 -40.66 -864.25 4078.08 -40.66 -815.75 4059.36 -69.34 -740.30 4074.00 -69.34 -788.80 4074.00 -118.16 -788.80 4059.36 -118.16 -740.30 4074.00 -146.84 -891.20 4059.36 -146.84 -939.70 4059.36 -195.66 -939.70 4074.00 -195.66 -891.20 4078.08 -69.34 -815.75 4078.08 -69.34 -864.25 4078.08 -118.16 -864.25 4078.08 -118.16 -815.75 4074.00 8.16 -891.20 4059.36 8.16 -939.70 4059.36 -40.66 -939.70 4074.00 -40.66 -891.20 4059.36 85.66 -740.30 4074.00 85.66 -788.80 4074.00 36.84 -788.80 4059.36 36.84 -740.30 4078.08 85.66 -815.75 4078.08 85.66 -864.25 4078.08 36.84 -864.25 4078.08 36.84 -815.75 4072.16 40.91 -740.83 4056.04 100.00 -975.00 4056.04 40.00 -1029.23 4056.04 40.00 -975.00 4056.04 -20.00 -1083.45 4056.04 -20.00 -1029.23 4056.04 -20.00 -975.00 4056.04 40.49 -705.00 4056.04 -20.00 -705.00 4056.04 40.00 -650.77 4056.04 -20.00 -650.77 4056.04 -100.00 -650.77 4056.04 -20.00 -596.55 4056.04 -100.00 -596.55 3810.57 -100.00 -596.55 3933.31 -100.00 -596.55 3810.57 -180.00 -596.55 3933.31 -180.00 -596.55 3810.57 -100.00 -1083.45 3933.31 -100.00 -1083.45 3810.57 -20.00 -1083.45 3933.31 -20.00 -1083.45 3810.57 -180.00 -1083.45 3750.57 -180.00 -1023.45 3750.57 -100.00 -1023.45 3690.57 -100.00 -963.45 3601.28 -100.00 -963.75 3690.57 -180.00 -963.45 3601.28 -180.00 -963.75 3512.00 -180.00 -715.96 3512.00 -100.00 -715.96 3601.28 -180.00 -716.25 3601.28 -100.00 -716.25 3690.57 -180.00 -716.55 3690.57 -100.00 -716.55 3750.57 -180.00 -656.55 3750.57 -100.00 -656.55 4056.04 -100.00 -1029.23 4056.04 -100.00 -975.00 3512.00 -120.00 -840.00 3512.00 -120.00 -890.00 3511.30 -100.00 -840.00 3511.30 -100.00 -910.00 3512.00 -180.00 -770.00 3512.00 -180.00 -720.00 3512.00 -240.00 -770.00 3512.00 -240.00 -720.00 3512.00 -240.00 -910.00 3512.00 -180.00 -910.00 3512.00 -240.00 -890.00 3512.00 -180.00 -890.00 3512.00 -100.00 -715.96 3512.00 -180.00 -715.96 4056.04 -100.00 -1083.45 4056.04 -180.00 -1083.45 3933.31 -180.00 -1083.45 4056.04 -100.00 -596.55 4056.04 -20.00 -596.55 3933.31 -20.00 -596.55 3690.57 -20.00 -963.45 3750.57 -20.00 -1023.45 3810.57 -20.00 -596.55 3750.57 -20.00 -656.55 3601.28 -20.00 -963.75 3512.00 -100.00 -964.04 3509.18 -20.06 -964.04 3690.57 -20.00 -716.55 3601.28 -20.00 -716.25 3512.00 -100.00 -964.04 3512.00 -180.00 -960.00 3512.00 -180.00 -964.04 4056.04 -180.00 -1029.23 4056.04 -180.00 -1083.45 4056.04 -100.00 -1083.45 4056.04 -20.00 -1083.45 3512.00 -180.00 -964.04 4056.04 -180.00 -705.00 4056.04 -180.00 -650.77 4056.04 -146.84 -705.00 4056.04 -100.00 -705.00 4056.04 -180.00 -596.55 3509.18 -20.00 -715.96 4056.04 -180.00 -975.00 4056.04 -146.84 -975.00 4056.04 -180.00 -596.55 3511.30 -100.00 -770.00 3512.00 -180.00 -790.00 3512.00 -240.00 -790.00 3512.00 -120.00 -790.00 3512.00 -240.00 -960.00 3509.18 -20.00 -840.00 3509.18 -20.00 -907.82 4056.04 100.00 -705.00 3509.18 -20.06 -964.04 3509.66 -38.28 -771.63 3509.18 -20.00 -765.70 3509.18 -20.00 -715.96 3509.93 -48.52 -797.26 3509.61 -36.27 -800.30 3509.55 -34.15 -813.47 3509.18 -20.00 -826.88 3990.92 -213.33 -851.98 3984.13 -213.33 -862.13 3989.53 -210.00 -851.40 3983.07 -210.00 -861.07 3973.40 -210.00 -867.53 3962.00 -212.39 -840.00 3962.00 -210.00 -869.80 3950.60 -210.00 -867.53 3940.93 -210.00 -861.07 3934.47 -210.00 -851.40 3932.20 -210.00 -840.00 3934.47 -210.00 -828.60 3940.93 -210.00 -818.93 3950.60 -210.00 -812.47 3962.00 -210.00 -810.20 3973.40 -210.00 -812.47 3983.07 -210.00 -818.93 3989.53 -210.00 -828.60 3991.80 -210.00 -840.00 3993.30 -213.33 -840.00 3973.98 -213.33 -868.92 3962.00 -213.33 -871.30 3950.02 -213.33 -868.92 3939.87 -213.33 -862.13 3933.08 -213.33 -851.98 3930.70 -213.33 -840.00 3933.08 -213.33 -828.02 3939.87 -213.33 -817.87 3950.02 -213.33 -811.08 3962.00 -213.33 -808.70 3973.98 -213.33 -811.08 3984.13 -213.33 -817.87 3990.92 -213.33 -828.02 3509.66 -38.28 -771.63 3509.93 -48.52 -797.26 3489.01 -20.00 -781.30 3481.00 -20.00 -803.32 3509.61 -36.27 -800.30 3490.81 -20.00 -803.67 3509.55 -34.15 -813.47 3492.80 -20.00 -814.26 3509.18 -20.00 -826.88 3509.18 -20.00 -765.70 3410.38 49.61 -818.12 3509.18 -20.00 -765.70 3489.01 -20.00 -781.30 3512.00 0.00 -750.17 3512.00 -20.00 -766.77 3569.45 0.00 -772.50 3536.36 0.00 -751.50 3512.00 -20.00 -827.75 3512.00 0.00 -840.00 3564.10 0.00 -818.12 3560.66 0.00 -803.17 3509.18 -20.00 -826.88 3481.00 -20.00 -803.32 3490.81 -20.00 -803.67 3492.80 -20.00 -814.26 3509.18 -20.00 -826.88 3880.00 120.00 -752.00 3908.00 110.00 -776.00 3909.00 120.00 -765.00 3926.00 100.00 -804.00 3928.00 120.00 -782.00 3926.00 100.00 -804.00 3962.00 90.00 -800.00 3962.00 120.00 -767.00 3928.00 120.00 -782.00 3934.00 90.00 -811.00 3997.00 120.00 -782.00 3999.00 100.00 -804.00 3991.00 90.00 -811.00 3999.00 100.00 -804.00 4003.00 90.00 -840.00 4021.00 120.00 -806.00 4035.00 120.00 -840.00 3991.00 90.00 -811.00 3991.00 90.00 -869.00 4014.00 120.00 -891.00 4014.00 120.00 -891.00 3991.00 90.00 -869.00 3980.00 120.00 -906.00 3962.00 100.00 -891.00 3962.00 90.00 -880.00 3934.00 90.00 -869.00 3945.00 120.00 -906.00 3911.00 120.00 -891.00 3911.00 120.00 -891.00 3934.00 90.00 -869.00 3922.00 90.00 -840.00 3890.00 120.00 -840.00 3926.00 100.00 -804.00 3904.00 120.00 -806.00 3934.00 90.00 -811.00 3897.00 120.00 -777.00 3904.00 120.00 -806.00 3940.50 87.61 -818.00 3962.00 87.61 -809.00 3984.50 87.61 -818.00 3984.50 87.61 -818.00 3993.50 87.61 -840.00 3984.50 87.61 -862.00 3984.50 87.61 -862.00 3962.00 87.61 -871.00 3940.50 87.61 -862.00 3940.50 87.61 -862.00 3931.50 87.61 -840.00 3940.50 87.61 -818.00 3931.50 87.61 -840.00 3950.93 63.71 -828.80 3946.44 63.71 -840.00 3962.00 -10.00 -840.00 3962.08 37.44 -832.63 3957.06 37.44 -834.98 3967.44 37.44 -834.98 3962.13 63.71 -823.57 3974.07 63.71 -828.80 3967.44 37.44 -834.98 3969.45 37.44 -840.00 3974.07 63.71 -828.80 3978.56 63.71 -840.00 3967.44 37.44 -845.02 3974.07 63.71 -851.20 3967.44 37.44 -845.02 3962.08 37.44 -847.37 3974.07 63.71 -851.20 3962.13 63.71 -856.43 3962.00 -10.00 -840.00 3957.06 37.44 -845.02 3955.05 37.44 -840.00 3957.06 37.44 -845.02 3950.93 63.71 -851.20 3957.06 37.44 -834.98 3962.00 120.00 -969.00 3962.00 100.00 -891.00 3945.00 120.00 -906.00 3980.00 120.00 -906.00 3999.00 100.00 -804.00 4043.00 120.00 -767.00 3997.00 120.00 -782.00 4021.00 120.00 -806.00 3962.00 87.61 -809.00 3940.50 87.61 -818.00 3950.93 63.71 -828.80 3940.50 87.61 -818.00 3984.50 87.61 -818.00 3984.50 87.61 -818.00 3993.50 87.61 -840.00 3984.50 87.61 -862.00 3962.00 87.61 -871.00 3984.50 87.61 -862.00 3940.50 87.61 -862.00 3950.93 63.71 -851.20 3940.50 87.61 -862.00 3744.00 51.00 -891.00 3753.00 30.00 -884.00 3721.00 28.00 -897.00 3728.00 36.00 -879.00 3650.00 0.00 -844.00 3614.00 0.00 -854.00 3657.00 -17.00 -849.00 3660.00 0.00 -858.00 3657.00 -17.00 -849.00 3685.00 -24.00 -834.00 3664.00 0.00 -834.00 3650.00 0.00 -844.00 3692.00 0.00 -844.00 </float_array>
                    <technique_common>
                        <accessor source="#geom-0001E38A-pos-array" count="583" stride="3">
                            <param name="X" type="float" />
                            <param name="Y" type="float" />
                            <param name="Z" type="float" />
                        </accessor>
                    </technique_common>
                </source>
                <source id="geom-0001E38A-texcoord">
                    <float_array id="geom-0001E38A-texcoord-array" count="1166">0.97 0.98 0.03 0.98 0.97 0.02 0.03 0.02 0.97 0.98 0.03 0.98 0.97 0.02 0.03 0.02 0.03 0.02 0.97 0.02 0.03 0.98 0.97 0.98 0.03 0.02 0.97 0.02 0.03 0.98 0.97 0.98 0.97 0.98 0.03 0.98 0.97 0.02 0.03 0.02 0.97 0.98 0.03 0.98 0.97 0.02 0.03 0.02 0.03 0.02 0.97 0.02 0.03 0.98 0.97 0.98 0.03 0.02 0.97 0.02 0.03 0.98 0.97 0.98 0.50 0.02 0.98 0.02 0.50 0.50 0.98 0.50 0.98 0.50 0.50 0.50 0.98 0.98 0.50 0.98 0.98 0.50 0.50 0.50 0.98 0.98 0.50 0.98 0.02 0.50 0.02 0.98 0.50 0.98 0.50 0.52 0.98 0.52 0.50 0.98 0.98 0.98 0.98 0.02 0.50 0.02 0.02 0.02 0.50 0.52 0.98 0.52 0.50 0.98 0.98 0.98 0.02 0.52 0.02 0.98 0.02 0.52 0.02 0.98 0.98 0.98 0.98 0.50 0.50 0.50 0.98 0.98 0.50 0.98 0.98 0.07 0.98 -0.14 0.85 0.07 0.85 -0.14 0.70 -0.42 0.70 -0.28 0.85 -0.28 0.70 -0.14 0.29 -0.14 0.29 -0.28 0.14 -0.14 0.29 0.07 0.14 0.07 0.00 0.07 0.00 -0.14 0.70 -0.56 0.60 -0.56 0.60 -0.42 0.39 -0.42 0.39 -0.28 0.39 0.07 0.39 -0.14 0.14 0.28 0.00 0.28 0.29 0.28 0.39 0.28 0.85 0.28 0.70 0.28 0.70 0.07 0.49 -0.70 0.39 -0.70 0.49 -0.56 0.39 -0.56 0.49 -0.42 0.49 0.07 0.49 0.28 0.60 0.07 0.60 0.28 0.49 -0.14 0.60 -0.14 0.49 -0.28 0.60 -0.28 0.29 -0.56 0.29 -0.70 0.29 -0.42 0.44 0.07 0.44 -0.14 0.44 -0.28 0.14 -0.28 0.98 0.28 0.53 -0.62 0.55 -0.63 0.60 -0.61 0.64 -0.67 0.70 -0.70 0.64 -0.70 0.71 0.71 0.28 0.71 0.71 0.28 0.28 0.28 0.71 0.71 0.28 0.71 0.71 0.28 0.28 0.28 0.71 0.71 0.28 0.71 0.71 0.28 0.28 0.28 0.71 0.71 0.28 0.71 0.71 0.28 0.28 0.28 0.71 0.71 0.28 0.71 0.71 0.28 0.28 0.28 0.71 0.71 0.28 0.71 0.71 0.28 0.28 0.28 0.71 0.71 0.28 0.71 0.71 0.28 0.28 0.28 0.71 0.71 0.28 0.71 0.71 0.28 0.28 0.28 0.71 0.71 0.28 0.71 0.71 0.28 0.28 0.28 0.71 0.71 0.28 0.71 0.71 0.28 0.28 0.28 0.71 0.71 0.28 0.71 0.71 0.28 0.28 0.28 0.71 0.71 0.28 0.71 0.71 0.28 0.28 0.28 0.98 0.98 0.01 0.98 0.93 0.93 0.06 0.93 0.01 0.01 0.06 0.06 0.98 0.01 0.93 0.06 0.98 0.98 0.01 0.98 0.93 0.93 0.06 0.93 0.01 0.01 0.06 0.06 0.98 0.01 0.93 0.06 0.98 0.98 0.01 0.98 0.93 0.93 0.06 0.93 0.01 0.01 0.06 0.06 0.98 0.01 0.93 0.06 0.98 0.98 0.01 0.98 0.93 0.93 0.06 0.93 0.01 0.01 0.06 0.06 0.98 0.01 0.93 0.06 0.98 0.98 0.01 0.98 0.93 0.93 0.06 0.93 0.01 0.01 0.06 0.06 0.98 0.01 0.93 0.06 0.98 0.98 0.01 0.98 0.93 0.93 0.06 0.93 0.01 0.01 0.06 0.06 0.98 0.01 0.93 0.06 0.98 0.98 0.01 0.98 0.93 0.93 0.06 0.93 0.01 0.01 0.06 0.06 0.98 0.01 0.93 0.06 0.98 0.98 0.01 0.98 0.93 0.93 0.06 0.93 0.01 0.01 0.06 0.06 0.98 0.01 0.93 0.06 0.98 0.98 0.01 0.98 0.93 0.93 0.06 0.93 0.01 0.01 0.06 0.06 0.98 0.01 0.93 0.06 0.98 0.98 0.01 0.98 0.93 0.93 0.06 0.93 0.01 0.01 0.06 0.06 0.98 0.01 0.93 0.06 0.98 0.98 0.01 0.98 0.93 0.93 0.06 0.93 0.01 0.01 0.06 0.06 0.98 0.01 0.93 0.06 0.98 0.98 0.01 0.98 0.93 0.93 0.06 0.93 0.01 0.01 0.06 0.06 0.98 0.01 0.93 0.06 0.81 0.81 0.19 0.81 0.19 0.19 0.81 0.19 0.81 0.81 0.19 0.81 0.19 0.19 0.81 0.19 0.81 0.81 0.19 0.81 0.19 0.19 0.81 0.19 0.81 0.81 0.19 0.81 0.19 0.19 0.81 0.19 0.81 0.81 0.19 0.81 0.19 0.19 0.81 0.19 0.81 0.81 0.19 0.81 0.19 0.19 0.81 0.19 0.81 0.81 0.19 0.81 0.19 0.19 0.81 0.19 0.81 0.81 0.19 0.81 0.19 0.19 0.81 0.19 0.81 0.81 0.19 0.81 0.19 0.19 0.81 0.19 0.81 0.81 0.19 0.81 0.19 0.19 0.81 0.19 0.81 0.81 0.19 0.81 0.19 0.19 0.81 0.19 0.81 0.81 0.19 0.81 0.19 0.19 0.81 0.19 0.71 0.28 0.27 0.13 0.17 0.03 0.27 0.03 0.07 -0.07 0.17 -0.07 0.27 -0.07 0.00 0.03 0.00 -0.07 0.10 0.03 0.10 -0.07 0.10 -0.20 0.20 -0.07 0.20 -0.20 0.40 0.02 0.20 0.02 0.40 -0.12 0.20 -0.12 0.58 0.02 0.78 0.02 0.58 0.15 0.78 0.15 0.58 -0.12 0.44 -0.12 0.44 0.02 0.30 0.02 0.15 0.02 0.30 -0.12 0.15 -0.12 0.98 -0.12 0.98 0.02 0.83 -0.12 0.83 0.02 0.68 -0.12 0.68 0.02 0.54 -0.12 0.54 0.02 0.17 -0.20 0.27 -0.20 0.20 0.02 0.28 0.02 0.20 0.05 0.31 0.05 0.09 -0.08 0.01 -0.08 0.09 -0.18 0.01 -0.18 0.31 -0.18 0.31 -0.08 0.28 -0.18 0.28 -0.08 0.00 0.05 0.00 -0.08 0.98 0.02 0.98 -0.12 0.78 -0.12 0.00 0.02 0.00 0.15 0.20 0.15 0.30 0.15 0.44 0.15 0.40 0.15 0.54 0.15 0.15 0.15 0.00 0.02 0.00 0.15 0.68 0.15 0.83 0.15 0.40 0.05 0.39 -0.08 0.40 -0.08 0.17 -0.33 0.07 -0.33 0.07 -0.20 0.98 0.15 0.00 -0.12 0.00 -0.33 0.10 -0.33 0.00 -0.28 0.00 -0.20 0.00 -0.12 0.98 0.15 0.27 -0.33 0.27 -0.28 0.20 -0.33 0.09 0.05 0.12 -0.08 0.12 -0.18 0.12 0.02 0.39 -0.18 0.20 0.18 0.31 0.18 0.00 0.13 0.40 0.18 0.09 0.15 0.08 0.18 0.00 0.18 0.13 0.13 0.14 0.15 0.16 0.15 0.18 0.18 0.95 0.68 0.84 0.84 0.90 0.66 0.81 0.81 0.66 0.90 0.49 0.49 0.49 0.94 0.32 0.90 0.18 0.81 0.08 0.66 0.05 0.49 0.08 0.32 0.18 0.18 0.32 0.08 0.49 0.05 0.66 0.08 0.81 0.18 0.90 0.32 0.94 0.49 0.98 0.49 0.68 0.95 0.49 0.98 0.30 0.95 0.14 0.84 0.04 0.68 0.00 0.49 0.04 0.30 0.14 0.14 0.30 0.04 0.49 0.00 0.68 0.04 0.84 0.14 0.95 0.30 0.09 -0.16 0.46 -0.28 0.20 0.21 0.50 0.28 0.60 -0.12 0.62 0.22 0.79 -0.08 0.78 0.21 0.98 0.11 0.00 0.07 0.67 -0.29 0.71 -0.88 0.83 -0.75 0.54 -0.86 0.69 -0.89 0.18 -0.98 0.42 -0.95 0.00 -0.34 0.11 -0.43 0.01 -0.76 0.08 -0.81 0.04 -0.18 0.96 -0.34 0.68 0.21 0.29 0.09 0.05 -0.11 0.00 0.74 0.30 0.74 0.25 0.64 0.61 0.74 0.49 0.53 0.70 0.22 0.37 0.37 0.37 0.00 0.68 0.00 0.65 0.37 0.12 0.00 0.05 0.22 0.09 0.37 0.70 0.22 0.37 0.37 0.68 0.00 0.37 0.00 0.65 0.37 0.09 0.37 0.00 0.00 0.74 0.00 0.65 0.37 0.46 0.00 0.37 0.25 0.37 0.37 0.09 0.37 0.28 0.00 0.00 0.00 0.74 0.00 0.65 0.37 0.37 0.37 0.37 0.00 0.07 0.25 0.12 0.00 0.09 0.37 0.25 0.85 0.50 0.95 0.62 0.48 0.37 0.48 0.12 0.48 0.62 0.48 0.37 0.48 0.12 0.48 0.62 0.48 0.37 0.48 0.12 0.48 0.62 0.48 0.37 0.48 0.98 0.98 0.77 0.98 0.89 0.68 0.77 0.68 0.77 0.01 0.77 0.43 0.71 0.43 0.83 0.43 0.77 0.68 0.89 0.68 0.71 0.43 0.77 0.43 0.65 0.68 0.77 0.68 0.83 0.43 0.89 0.68 0.71 0.43 0.77 0.43 0.65 0.68 0.77 0.68 0.77 0.01 0.83 0.43 0.77 0.43 0.71 0.43 0.65 0.68 0.83 0.43 0.00 0.74 0.61 0.74 0.49 0.53 0.50 0.95 0.61 0.74 0.00 0.74 0.50 0.95 0.49 0.53 0.77 0.98 0.55 0.98 0.65 0.68 0.12 0.48 0.98 0.98 0.55 0.98 0.77 0.98 0.98 0.98 0.77 0.98 0.55 0.98 0.98 0.98 0.89 0.68 0.55 0.98 0.50 0.95 0.61 0.74 0.30 0.74 0.49 0.53 0.25 0.64 0.00 0.74 0.30 0.74 0.25 0.85 0.30 0.74 0.61 0.74 0.49 0.53 0.25 0.64 0.50 0.95 </float_array>
                    <technique_common>
                        <accessor source="#geom-0001E38A-texcoord-array" count="583" stride="2">
                            <param name="S" type="float" />
                            <param name="T" type="float" />
                        </accessor>
                    </technique_common>
                </source>
                <source id="geom-0001E38A-colors">
                    <float_array id="geom-0001E38A-colors-array" count="2332">0.18 0.49 1.00 1.00 0.19 0.51 1.00 1.00 0.20 0.40 1.00 1.00 0.22 0.43 1.00 1.00 0.19 0.52 1.00 1.00 0.19 0.50 1.00 1.00 0.22 0.46 1.00 1.00 0.21 0.42 1.00 1.00 0.19 0.51 1.00 1.00 0.18 0.49 1.00 1.00 0.18 0.54 1.00 1.00 0.17 0.53 1.00 1.00 0.19 0.50 1.00 1.00 0.19 0.52 1.00 1.00 0.17 0.54 1.00 1.00 0.18 0.54 1.00 1.00 0.09 0.28 0.78 1.00 0.09 0.28 0.80 1.00 0.17 0.60 1.00 1.00 0.17 0.59 1.00 1.00 0.09 0.28 0.81 1.00 0.09 0.28 0.79 1.00 0.17 0.60 1.00 1.00 0.17 0.61 1.00 1.00 0.18 0.54 1.00 1.00 0.17 0.53 1.00 1.00 0.17 0.59 1.00 1.00 0.17 0.60 1.00 1.00 0.17 0.54 1.00 1.00 0.18 0.54 1.00 1.00 0.17 0.61 1.00 1.00 0.17 0.60 1.00 1.00 0.24 0.61 1.00 1.00 0.22 0.43 1.00 1.00 0.20 0.53 1.00 1.00 0.19 0.51 1.00 1.00 0.17 0.60 1.00 1.00 0.17 0.59 1.00 1.00 0.09 0.28 0.81 1.00 0.09 0.22 0.78 1.00 0.19 0.52 1.00 1.00 0.20 0.54 1.00 1.00 0.18 0.54 1.00 1.00 0.18 0.55 1.00 1.00 0.20 0.54 1.00 1.00 0.18 0.55 1.00 1.00 0.18 0.55 1.00 1.00 0.18 0.55 1.00 1.00 0.18 0.54 1.00 1.00 0.17 0.58 1.00 1.00 0.17 0.59 1.00 1.00 0.22 0.46 1.00 1.00 0.24 0.63 1.00 1.00 0.24 0.63 1.00 1.00 0.17 0.58 1.00 1.00 0.17 0.59 1.00 1.00 0.09 0.22 0.78 1.00 0.09 0.28 0.80 1.00 0.17 0.59 1.00 1.00 0.09 0.22 0.78 1.00 0.18 0.55 1.00 1.00 0.17 0.59 1.00 1.00 0.18 0.54 1.00 1.00 0.18 0.54 1.00 1.00 0.18 0.55 1.00 1.00 0.17 0.60 1.00 1.00 0.17 0.59 1.00 1.00 0.06 0.15 0.32 1.00 0.06 0.18 0.32 1.00 0.16 0.39 1.00 1.00 0.16 0.46 1.00 1.00 0.11 0.28 0.81 1.00 0.16 0.46 1.00 1.00 0.06 0.20 0.35 1.00 0.16 0.35 1.00 1.00 0.16 0.35 1.00 1.00 0.16 0.45 1.00 1.00 0.16 0.45 1.00 1.00 0.16 0.32 0.99 1.00 0.16 0.38 1.00 1.00 0.06 0.14 0.32 1.00 0.06 0.17 0.32 1.00 0.19 0.27 0.67 1.00 0.20 0.29 0.73 1.00 0.18 0.53 1.00 1.00 0.18 0.55 1.00 1.00 0.16 0.54 1.00 1.00 0.16 0.32 0.99 1.00 0.16 0.44 1.00 1.00 0.09 0.16 0.45 1.00 0.01 0.01 0.03 1.00 0.00 0.00 0.00 1.00 0.04 0.05 0.07 1.00 0.09 0.16 0.45 1.00 0.00 0.00 0.00 1.00 0.16 0.33 1.00 1.00 0.19 0.22 0.29 1.00 0.19 0.22 0.29 1.00 0.21 0.25 0.35 1.00 0.20 0.30 0.76 1.00 0.18 0.55 1.00 1.00 0.16 0.41 1.00 1.00 0.04 0.05 0.07 1.00 0.16 0.33 1.00 1.00 0.04 0.05 0.07 1.00 0.16 0.44 1.00 1.00 0.16 0.44 1.00 1.00 0.16 0.53 1.00 1.00 0.16 0.55 1.00 1.00 0.19 0.27 0.61 1.00 0.09 0.10 0.13 1.00 0.11 0.28 0.82 1.00 0.16 0.41 1.00 1.00 0.16 0.44 1.00 1.00 0.16 0.53 1.00 1.00 0.06 0.19 0.35 1.00 0.01 0.02 0.04 1.00 0.20 0.24 0.33 1.00 0.20 0.24 0.32 1.00 0.20 0.23 0.30 1.00 0.19 0.22 0.28 1.00 0.09 0.10 0.13 1.00 0.19 0.22 0.28 1.00 0.16 0.16 0.16 1.00 0.16 0.16 0.16 1.00 0.16 0.23 0.53 1.00 0.16 0.20 0.36 1.00 0.26 0.58 1.00 1.00 0.27 0.53 1.00 1.00 0.26 0.58 1.00 1.00 0.26 0.53 1.00 1.00 0.23 0.38 1.00 1.00 0.22 0.42 1.00 1.00 0.24 0.47 1.00 1.00 0.24 0.49 1.00 1.00 0.24 0.45 1.00 1.00 0.23 0.48 1.00 1.00 0.22 0.37 1.00 1.00 0.21 0.40 1.00 1.00 0.24 0.36 1.00 1.00 0.24 0.37 1.00 1.00 0.25 0.44 1.00 1.00 0.25 0.44 1.00 1.00 0.24 0.42 1.00 1.00 0.24 0.42 1.00 1.00 0.22 0.35 1.00 1.00 0.22 0.35 1.00 1.00 0.26 0.51 1.00 1.00 0.25 0.56 1.00 1.00 0.26 0.51 1.00 1.00 0.25 0.56 1.00 1.00 0.23 0.44 1.00 1.00 0.24 0.39 1.00 1.00 0.24 0.51 1.00 1.00 0.25 0.47 1.00 1.00 0.27 0.72 1.00 1.00 0.27 0.72 1.00 1.00 0.27 0.72 1.00 1.00 0.27 0.72 1.00 1.00 0.24 0.49 1.00 1.00 0.24 0.45 1.00 1.00 0.21 0.41 1.00 1.00 0.22 0.38 1.00 1.00 0.16 0.16 0.16 1.00 0.16 0.16 0.16 1.00 0.16 0.20 0.36 1.00 0.16 0.23 0.53 1.00 0.16 0.16 0.16 1.00 0.16 0.16 0.16 1.00 0.16 0.16 0.16 1.00 0.16 0.16 0.16 1.00 0.16 0.16 0.16 1.00 0.16 0.16 0.16 1.00 0.16 0.16 0.16 1.00 0.16 0.23 0.51 1.00 0.16 0.27 0.75 1.00 0.16 0.32 0.98 1.00 0.22 0.41 1.00 1.00 0.23 0.40 1.00 1.00 0.28 0.62 1.00 1.00 0.26 0.60 1.00 1.00 0.27 0.75 1.00 1.00 0.23 0.59 1.00 1.00 0.27 0.62 1.00 1.00 0.24 0.61 1.00 1.00 0.29 0.64 1.00 1.00 0.29 0.79 1.00 1.00 0.26 0.59 1.00 1.00 0.29 0.62 1.00 1.00 0.24 0.63 1.00 1.00 0.30 0.86 1.00 1.00 0.25 0.47 1.00 1.00 0.22 0.33 1.00 1.00 0.22 0.45 1.00 1.00 0.20 0.37 1.00 1.00 0.16 0.27 0.75 1.00 0.22 0.40 1.00 1.00 0.16 0.29 0.82 1.00 0.21 0.32 0.95 1.00 0.28 0.60 1.00 1.00 0.29 0.82 1.00 1.00 0.25 0.58 1.00 1.00 0.24 0.63 1.00 1.00 0.29 0.62 1.00 1.00 0.29 0.64 1.00 1.00 0.28 0.84 1.00 1.00 0.29 0.86 1.00 1.00 0.25 0.47 1.00 1.00 0.21 0.38 1.00 1.00 0.25 0.47 1.00 1.00 0.21 0.37 1.00 1.00 0.22 0.40 1.00 1.00 0.22 0.41 1.00 1.00 0.20 0.36 1.00 1.00 0.20 0.36 1.00 1.00 0.28 0.62 1.00 1.00 0.28 0.83 1.00 1.00 0.28 0.60 1.00 1.00 0.27 0.80 1.00 1.00 0.25 0.58 1.00 1.00 0.28 0.60 1.00 1.00 0.23 0.56 1.00 1.00 0.27 0.74 1.00 1.00 0.29 0.62 1.00 1.00 0.29 0.78 1.00 1.00 0.26 0.59 1.00 1.00 0.24 0.58 1.00 1.00 0.29 0.64 1.00 1.00 0.27 0.62 1.00 1.00 0.30 0.87 1.00 1.00 0.25 0.66 1.00 1.00 0.22 0.47 1.00 1.00 0.20 0.38 1.00 1.00 0.25 0.47 1.00 1.00 0.22 0.34 1.00 1.00 0.28 0.60 1.00 1.00 0.28 0.62 1.00 1.00 0.26 0.73 1.00 1.00 0.27 0.74 1.00 1.00 0.29 0.64 1.00 1.00 0.28 0.78 1.00 1.00 0.29 0.62 1.00 1.00 0.27 0.76 1.00 1.00 0.22 0.41 1.00 1.00 0.16 0.27 0.75 1.00 0.21 0.32 0.94 1.00 0.19 0.37 1.00 1.00 0.26 0.60 1.00 1.00 0.25 0.65 1.00 1.00 0.28 0.62 1.00 1.00 0.29 0.83 1.00 1.00 0.16 0.16 0.16 1.00 0.16 0.16 0.16 1.00 0.16 0.23 0.51 1.00 0.16 0.16 0.16 1.00 0.22 0.40 1.00 1.00 0.23 0.40 1.00 1.00 0.16 0.27 0.75 1.00 0.16 0.32 0.98 1.00 0.16 0.16 0.16 1.00 0.16 0.16 0.16 1.00 0.16 0.16 0.16 1.00 0.16 0.16 0.16 1.00 0.22 0.41 1.00 1.00 0.22 0.45 1.00 1.00 0.22 0.40 1.00 1.00 0.22 0.44 1.00 1.00 0.16 0.16 0.16 1.00 0.16 0.25 0.65 1.00 0.16 0.23 0.53 1.00 0.19 0.31 0.95 1.00 0.29 0.91 1.00 1.00 0.28 0.66 1.00 1.00 0.29 0.67 1.00 1.00 0.30 0.71 1.00 1.00 0.25 0.50 1.00 1.00 0.25 0.53 1.00 1.00 0.25 0.54 1.00 1.00 0.25 0.51 1.00 1.00 0.24 0.50 1.00 1.00 0.24 0.51 1.00 1.00 0.24 0.51 1.00 1.00 0.24 0.49 1.00 1.00 0.27 0.71 1.00 1.00 0.27 0.71 1.00 1.00 0.26 0.50 1.00 1.00 0.26 0.50 1.00 1.00 0.25 0.47 1.00 1.00 0.25 0.47 1.00 1.00 0.25 0.67 1.00 1.00 0.25 0.66 1.00 1.00 0.27 0.64 1.00 1.00 0.29 0.87 1.00 1.00 0.29 0.88 1.00 1.00 0.28 0.64 1.00 1.00 0.26 0.56 1.00 1.00 0.26 0.53 1.00 1.00 0.25 0.53 1.00 1.00 0.25 0.55 1.00 1.00 0.31 0.91 1.00 1.00 0.31 0.92 1.00 1.00 0.31 0.93 1.00 1.00 0.31 0.93 1.00 1.00 0.24 0.52 1.00 1.00 0.24 0.51 1.00 1.00 0.24 0.50 1.00 1.00 0.24 0.52 1.00 1.00 0.16 0.25 0.65 1.00 0.16 0.16 0.16 1.00 0.19 0.31 0.94 1.00 0.16 0.23 0.53 1.00 0.16 0.16 0.16 1.00 0.16 0.16 0.16 1.00 0.19 0.28 0.75 1.00 0.19 0.28 0.76 1.00 0.28 0.35 0.60 1.00 0.16 0.16 0.16 1.00 0.16 0.30 0.88 1.00 0.16 0.24 0.58 1.00 0.09 0.16 0.44 1.00 0.16 0.32 0.96 1.00 0.16 0.27 0.75 1.00 0.16 0.24 0.59 1.00 0.16 0.28 0.76 1.00 0.16 0.30 0.89 1.00 0.16 0.32 0.97 1.00 0.16 0.34 1.00 1.00 0.09 0.16 0.44 1.00 0.09 0.18 0.54 1.00 0.16 0.66 1.00 1.00 0.16 0.48 1.00 1.00 0.16 0.50 1.00 1.00 0.16 0.41 1.00 1.00 0.16 0.65 1.00 1.00 0.16 0.48 1.00 1.00 0.16 0.53 1.00 1.00 0.16 0.43 1.00 1.00 0.16 0.49 1.00 1.00 0.16 0.56 1.00 1.00 0.16 0.78 1.00 1.00 0.18 0.40 1.00 1.00 0.22 0.29 0.49 1.00 0.18 0.41 1.00 1.00 0.24 0.37 0.99 1.00 0.10 0.13 0.18 1.00 0.09 0.11 0.15 1.00 0.22 0.34 0.87 1.00 0.22 0.27 0.45 1.00 0.18 0.40 1.00 1.00 0.18 0.39 1.00 1.00 0.16 0.57 1.00 1.00 0.16 0.80 1.00 1.00 0.16 0.34 1.00 1.00 0.16 0.29 0.84 1.00 0.30 0.42 0.69 1.00 0.26 0.35 0.55 1.00 0.25 0.33 0.51 1.00 0.22 0.27 0.38 1.00 0.25 0.33 0.51 1.00 0.10 0.12 0.16 1.00 0.23 0.30 0.44 1.00 0.10 0.13 0.18 1.00 0.25 0.32 0.49 1.00 0.27 0.38 0.61 1.00 0.24 0.32 0.49 1.00 0.33 0.48 0.82 1.00 0.09 0.11 0.15 1.00 0.10 0.13 0.18 1.00 0.09 0.18 0.53 1.00 0.07 0.13 0.33 1.00 0.16 0.41 1.00 1.00 0.09 0.18 0.54 1.00 0.09 0.16 0.44 1.00 0.16 0.43 1.00 1.00 0.18 0.43 1.00 1.00 0.16 0.67 1.00 1.00 0.16 0.54 1.00 1.00 0.16 0.68 1.00 1.00 0.20 0.28 0.61 1.00 0.10 0.12 0.16 1.00 0.09 0.11 0.14 1.00 0.18 0.42 1.00 1.00 0.20 0.27 0.58 1.00 0.10 0.12 0.16 1.00 0.11 0.13 0.18 1.00 0.11 0.13 0.19 1.00 0.16 0.31 0.94 1.00 0.07 0.13 0.33 1.00 0.09 0.18 0.53 1.00 0.09 0.16 0.44 1.00 0.11 0.13 0.19 1.00 0.17 0.31 0.98 1.00 0.16 0.31 0.94 1.00 0.16 0.33 1.00 1.00 0.16 0.29 0.85 1.00 0.07 0.13 0.33 1.00 0.09 0.11 0.13 1.00 0.17 0.32 1.00 1.00 0.17 0.33 1.00 1.00 0.07 0.13 0.33 1.00 0.21 0.25 0.35 1.00 0.29 0.42 0.68 1.00 0.23 0.30 0.44 1.00 0.25 0.32 0.49 1.00 0.11 0.13 0.20 1.00 0.21 0.25 0.34 1.00 0.20 0.24 0.31 1.00 0.16 0.16 0.16 1.00 0.09 0.11 0.14 1.00 0.18 0.19 0.22 1.00 0.19 0.22 0.28 1.00 0.09 0.11 0.13 1.00 0.18 0.19 0.22 1.00 0.16 0.16 0.16 1.00 0.16 0.17 0.18 1.00 0.17 0.18 0.19 1.00 0.37 0.92 1.00 1.00 0.38 1.00 1.00 1.00 0.45 0.75 1.00 1.00 0.43 0.84 1.00 1.00 0.35 0.82 1.00 1.00 0.44 1.00 1.00 1.00 0.37 1.00 1.00 1.00 0.38 1.00 1.00 1.00 0.40 1.00 1.00 1.00 0.41 1.00 1.00 1.00 0.41 1.00 1.00 1.00 0.40 1.00 1.00 1.00 0.38 1.00 1.00 1.00 0.36 1.00 1.00 1.00 0.35 0.98 1.00 1.00 0.33 0.77 1.00 1.00 0.42 0.80 1.00 1.00 0.44 0.74 1.00 1.00 0.46 0.73 1.00 1.00 0.37 0.89 1.00 1.00 0.39 1.00 1.00 1.00 0.41 1.00 1.00 1.00 0.42 1.00 1.00 1.00 0.43 1.00 1.00 1.00 0.44 1.00 1.00 1.00 0.44 1.00 1.00 1.00 0.43 1.00 1.00 1.00 0.42 1.00 1.00 1.00 0.40 1.00 1.00 1.00 0.39 1.00 1.00 1.00 0.38 1.00 1.00 1.00 0.37 0.96 1.00 1.00 0.37 0.91 1.00 1.00 0.18 0.19 0.22 1.00 0.18 0.19 0.22 1.00 0.16 0.17 0.18 1.00 0.16 0.16 0.16 1.00 0.16 0.16 0.16 1.00 0.16 0.16 0.16 1.00 0.16 0.17 0.18 1.00 0.16 0.16 0.16 1.00 0.17 0.18 0.19 1.00 0.19 0.22 0.28 1.00 0.17 0.19 0.22 1.00 0.19 0.22 0.28 1.00 0.16 0.17 0.18 1.00 0.19 0.22 0.28 1.00 0.20 0.23 0.31 1.00 0.20 0.23 0.30 1.00 0.19 0.22 0.28 1.00 0.18 0.19 0.22 1.00 0.19 0.22 0.29 1.00 0.20 0.24 0.33 1.00 0.20 0.24 0.32 1.00 0.17 0.18 0.19 1.00 0.16 0.16 0.16 1.00 0.16 0.16 0.16 1.00 0.16 0.16 0.16 1.00 0.17 0.18 0.19 1.00 0.16 0.37 1.00 1.00 0.16 0.42 1.00 1.00 0.07 0.12 0.33 1.00 0.16 0.44 1.00 1.00 0.07 0.13 0.35 1.00 0.16 0.44 1.00 1.00 0.21 0.49 1.00 1.00 0.07 0.13 0.34 1.00 0.07 0.13 0.35 1.00 0.22 0.69 1.00 1.00 0.04 0.06 0.15 1.00 0.16 0.23 0.51 1.00 0.16 0.28 0.78 1.00 0.16 0.23 0.51 1.00 0.16 0.23 0.51 1.00 0.00 0.00 0.00 1.00 0.00 0.00 0.00 1.00 0.16 0.28 0.78 1.00 0.21 0.37 1.00 1.00 0.00 0.00 0.00 1.00 0.00 0.00 0.00 1.00 0.21 0.37 1.00 1.00 0.02 0.03 0.06 1.00 0.16 0.34 1.00 1.00 0.22 0.55 1.00 1.00 0.22 0.66 1.00 1.00 0.09 0.17 0.50 1.00 0.09 0.21 0.52 1.00 0.09 0.21 0.52 1.00 0.22 0.66 1.00 1.00 0.22 0.73 1.00 1.00 0.09 0.22 0.52 1.00 0.16 0.44 1.00 1.00 0.09 0.22 0.52 1.00 0.22 0.69 1.00 1.00 0.09 0.22 0.52 1.00 0.09 0.22 0.52 1.00 0.22 0.67 1.00 1.00 0.21 0.52 1.00 1.00 0.21 0.38 1.00 1.00 0.21 0.38 1.00 1.00 0.21 0.32 0.96 1.00 0.21 0.38 1.00 1.00 0.21 0.38 1.00 1.00 0.22 0.53 1.00 1.00 0.22 0.68 1.00 1.00 0.22 0.68 1.00 1.00 0.22 0.74 1.00 1.00 0.22 0.67 1.00 1.00 0.22 0.74 1.00 1.00 0.20 0.57 1.00 1.00 0.21 0.66 1.00 1.00 0.37 1.00 1.00 1.00 0.09 0.19 0.64 1.00 0.15 0.40 1.00 1.00 0.00 0.00 0.00 1.00 0.19 0.40 1.00 1.00 0.18 0.24 0.55 1.00 0.00 0.00 0.00 1.00 0.00 0.00 0.00 1.00 0.18 0.24 0.55 1.00 0.18 0.19 0.23 1.00 0.00 0.00 0.00 1.00 0.19 0.25 0.57 1.00 0.00 0.00 0.00 1.00 0.09 0.20 0.71 1.00 0.19 0.25 0.57 1.00 0.20 0.41 1.00 1.00 0.50 1.00 1.00 1.00 0.15 0.42 1.00 1.00 0.15 0.49 1.00 1.00 0.15 0.42 1.00 1.00 0.21 0.58 1.00 1.00 0.15 0.40 1.00 1.00 0.16 0.30 0.87 1.00 0.16 0.34 1.00 1.00 0.09 0.17 0.50 1.00 0.02 0.03 0.06 1.00 0.16 0.23 0.51 1.00 0.16 0.16 0.16 1.00 0.04 0.06 0.15 1.00 0.00 0.00 0.00 1.00 0.21 0.52 1.00 1.00 0.22 0.67 1.00 1.00 0.20 0.57 1.00 1.00 0.22 0.67 1.00 1.00 0.21 0.38 1.00 1.00 0.21 0.38 1.00 1.00 0.21 0.32 0.96 1.00 0.21 0.38 1.00 1.00 0.22 0.53 1.00 1.00 0.21 0.38 1.00 1.00 0.22 0.68 1.00 1.00 0.21 0.58 1.00 1.00 0.22 0.68 1.00 1.00 0.09 0.17 0.49 1.00 0.16 0.52 1.00 1.00 0.09 0.27 0.67 1.00 0.10 0.23 0.76 1.00 0.00 0.00 0.00 1.00 0.20 0.24 0.33 1.00 0.18 0.20 0.29 1.00 0.08 0.18 0.64 1.00 0.41 0.48 0.74 1.00 0.19 0.39 1.00 1.00 0.00 0.00 0.00 1.00 0.05 0.06 0.11 1.00 0.06 0.12 0.36 1.00 </float_array>
                    <technique_common>
                        <accessor source="#geom-0001E38A-colors-array" count="583" stride="4">
                            <param name="R" type="float" />
                            <param name="G" type="float" />
                            <param name="B" type="float" />
                            <param name="A" type="float" />
                        </accessor>
                    </technique_common>
                </source>
                <vertices id="geom-0001E38A-vtx">
                    <input semantic="POSITION" source="#geom-0001E38A-pos" />
                </vertices>
                <triangles count="48" material="material-011C25ED-symbol">
                    <input semantic="VERTEX" source="#geom-0001E38A-vtx" offset="0" />
                    <input semantic="TEXCOORD" source="#geom-0001E38A-texcoord" offset="0" />
                    <input semantic="COLOR" source="#geom-0001E38A-colors" offset="0" />
                    <p>0 1 2 2 1 3 4 5 6 6 5 7 8 9 10 10 9 11 12 13 14 14 13 15 16 17 18 18 17 19 20 21 22 22 21 23 24 25 26 26 25 27 28 29 30 30 29 31 </p>
                </triangles>
            </mesh>
        </geometry>
        <geometry id="geom-0010FFE2" name="geom-0010FFE2">
            <mesh>
                <source id="geom-0010FFE2-pos">
                    <float_array id="geom-0010FFE2-pos-array" count="1653">3667.00 -240.00 -823.33 3667.00 -240.00 -790.00 3707.00 -240.00 -823.33 3707.00 -240.00 -790.00 3787.00 -240.00 -890.00 3787.00 -240.00 -856.67 3827.00 -240.00 -890.00 3827.00 -240.00 -856.67 3707.00 -240.00 -890.00 3707.00 -240.00 -856.67 3747.00 -240.00 -890.00 3747.00 -240.00 -856.67 3707.00 -240.00 -856.67 3747.00 -240.00 -856.67 3747.00 -240.00 -823.33 3747.00 -240.00 -823.33 3747.00 -240.00 -790.00 3787.00 -240.00 -823.33 3787.00 -240.00 -790.00 3667.00 -240.00 -890.00 3667.00 -240.00 -856.67 3667.00 -240.00 -856.67 3787.00 -240.00 -823.33 3787.00 -240.00 -790.00 3827.00 -240.00 -823.33 3827.00 -240.00 -790.00 3787.00 -240.00 -856.67 3827.00 -240.00 -856.67 3747.00 -240.00 -856.67 3787.00 -240.00 -856.67 3747.00 -240.00 -790.00 3747.00 -240.00 -890.00 3747.00 -240.00 -856.67 3787.00 -240.00 -890.00 3787.00 -240.00 -856.67 3932.00 0.00 -600.00 3812.00 0.00 -600.00 3932.00 60.00 -652.50 3812.00 60.00 -652.50 3692.00 0.00 -720.00 3752.00 60.00 -713.73 3752.00 0.00 -660.00 3812.00 120.00 -707.95 3812.00 120.00 -972.05 3752.00 60.00 -966.27 3812.00 60.00 -1027.50 3932.00 120.00 -973.08 3932.00 60.00 -1027.50 3932.00 0.00 -1080.00 3812.00 0.00 -1080.00 3602.00 0.00 -720.00 3602.00 0.00 -772.50 3692.00 0.00 -772.50 3692.00 0.00 -907.50 3752.00 60.00 -907.50 3932.00 120.00 -907.50 3812.00 120.00 -907.50 4052.00 60.00 -1027.50 4052.00 0.00 -1080.00 4052.00 120.00 -975.00 4052.00 120.00 -907.50 4052.00 60.00 -652.50 4052.00 120.00 -705.00 3932.00 120.00 -706.92 3512.00 0.00 -840.00 3512.00 0.00 -907.50 3602.00 0.00 -840.00 3602.00 0.00 -907.50 3692.00 0.00 -840.00 3932.00 120.00 -840.00 4052.00 120.00 -840.00 3932.00 120.00 -772.50 4052.00 120.00 -772.50 3812.00 120.00 -840.00 3812.00 120.00 -772.50 3752.00 60.00 -840.00 3752.00 60.00 -772.50 3602.00 0.00 -960.00 3512.00 0.00 -960.00 3692.00 0.00 -960.00 3932.00 120.00 -873.75 3812.00 120.00 -873.75 3752.00 60.00 -873.75 3752.00 0.00 -1020.00 4052.00 0.00 -600.00 3564.10 0.00 -818.12 3560.66 0.00 -803.17 3569.45 0.00 -772.50 3536.36 0.00 -751.50 3512.00 0.00 -720.00 3512.00 0.00 -750.17 4084.40 81.59 -898.75 4072.20 81.59 -939.17 4084.40 40.91 -898.75 4072.20 40.91 -939.17 4084.40 -73.41 -898.75 4072.16 -73.41 -939.17 4084.40 -114.09 -898.75 4072.16 -114.09 -939.17 4072.16 -150.91 -740.83 4084.40 -150.91 -781.25 4072.16 -191.59 -740.83 4084.40 -191.59 -781.25 4072.16 4.09 -740.83 4084.40 4.09 -781.25 4072.16 -36.59 -740.83 4084.40 -36.59 -781.25 4090.20 -150.91 -819.79 4090.20 -150.91 -860.21 4090.20 -191.59 -819.79 4090.20 -191.59 -860.21 4090.20 4.09 -819.79 4090.20 4.09 -860.21 4090.20 -36.59 -819.79 4090.20 -36.59 -860.21 4072.16 -73.41 -740.83 4084.40 -73.41 -781.25 4072.16 -114.09 -740.83 4084.40 -114.09 -781.25 4084.40 -150.91 -898.75 4072.20 -150.91 -939.17 4084.40 -191.59 -898.75 4072.20 -191.59 -939.17 4090.20 -73.41 -819.79 4090.20 -73.41 -860.21 4090.20 -114.09 -819.79 4090.20 -114.09 -860.21 4084.40 4.09 -898.75 4072.16 4.09 -939.17 4084.40 -36.59 -898.75 4072.16 -36.59 -939.17 4072.16 81.59 -740.83 4084.40 81.59 -781.25 4072.16 40.91 -740.83 4084.40 40.91 -781.25 4090.20 81.59 -819.79 4090.20 81.59 -860.21 4090.20 40.91 -819.79 4090.20 40.91 -860.21 4083.40 100.00 -878.50 4060.16 100.00 -955.49 4077.12 96.12 -880.80 4056.20 96.12 -950.10 4060.16 22.50 -955.49 4056.20 26.38 -950.10 4083.40 22.50 -878.50 4077.12 26.38 -880.80 4083.40 -55.00 -878.50 4060.16 -55.00 -955.49 4077.12 -58.88 -880.80 4056.20 -58.88 -950.10 4060.16 -132.50 -955.49 4056.20 -128.63 -950.10 4083.40 -132.50 -878.50 4077.12 -128.63 -880.80 4060.16 -132.50 -724.51 4083.40 -132.50 -801.50 4056.20 -136.38 -729.90 4077.12 -136.38 -799.20 4083.40 -210.00 -801.50 4077.12 -206.12 -799.20 4060.16 -210.00 -724.51 4056.20 -206.12 -729.90 4060.16 22.50 -724.51 4083.40 22.50 -801.50 4056.20 18.63 -729.90 4077.12 18.63 -799.20 4083.40 -55.00 -801.50 4077.12 -51.13 -799.20 4060.16 -55.00 -724.51 4056.20 -51.13 -729.90 4083.40 -132.50 -801.50 4083.40 -132.50 -878.50 4078.08 -136.38 -805.35 4078.08 -136.38 -874.65 4083.40 -210.00 -878.50 4078.08 -206.12 -874.65 4083.40 -210.00 -801.50 4078.08 -206.12 -805.35 4083.40 22.50 -801.50 4083.40 22.50 -878.50 4078.08 18.63 -805.35 4078.08 18.63 -874.65 4083.40 -55.00 -878.50 4078.08 -51.13 -874.65 4083.40 -55.00 -801.50 4078.08 -51.13 -805.35 4060.16 -55.00 -724.51 4083.40 -55.00 -801.50 4056.20 -58.87 -729.90 4077.12 -58.87 -799.20 4083.40 -132.50 -801.50 4077.12 -128.62 -799.20 4060.16 -132.50 -724.51 4056.20 -128.62 -729.90 4083.40 -132.50 -878.50 4060.16 -132.50 -955.49 4077.12 -136.37 -880.80 4056.20 -136.37 -950.10 4060.16 -210.00 -955.49 4056.20 -206.12 -950.10 4083.40 -210.00 -878.50 4077.12 -206.12 -880.80 4083.40 -55.00 -801.50 4083.40 -55.00 -878.50 4078.08 -58.87 -805.35 4078.08 -58.87 -874.65 4083.40 -132.50 -878.50 4078.08 -128.62 -874.65 4083.40 -132.50 -801.50 4078.08 -128.62 -805.35 4083.40 22.50 -878.50 4060.16 22.50 -955.49 4077.12 18.63 -880.80 4056.20 18.63 -950.10 4060.16 -55.00 -955.49 4056.20 -51.13 -950.10 4083.40 -55.00 -878.50 4077.12 -51.13 -880.80 4060.16 100.00 -724.51 4083.40 100.00 -801.50 4056.20 96.12 -729.90 4077.12 96.12 -799.20 4083.40 22.50 -801.50 4077.12 26.38 -799.20 4060.16 22.50 -724.51 4056.20 26.38 -729.90 4083.40 100.00 -801.50 4083.40 100.00 -878.50 4078.08 96.12 -805.35 4078.08 96.12 -874.65 4083.40 22.50 -878.50 4078.08 26.38 -874.65 4083.40 22.50 -801.50 4078.08 26.38 -805.35 4074.00 85.66 -891.20 4059.36 85.66 -939.70 4059.36 36.84 -939.70 4074.00 36.84 -891.20 4074.00 -69.34 -891.20 4059.36 -69.34 -939.70 4059.36 -118.16 -939.70 4074.00 -118.16 -891.20 4059.36 -146.84 -740.30 4074.00 -146.84 -788.80 4074.00 -195.66 -788.80 4059.36 -195.66 -740.30 4059.36 8.16 -740.30 4074.00 8.16 -788.80 4074.00 -40.66 -788.80 4059.36 -40.66 -740.30 4078.08 -146.84 -815.75 4078.08 -146.84 -864.25 4078.08 -195.66 -864.25 4078.08 -195.66 -815.75 4078.08 8.16 -815.75 4078.08 8.16 -864.25 4078.08 -40.66 -864.25 4078.08 -40.66 -815.75 4059.36 -69.34 -740.30 4074.00 -69.34 -788.80 4074.00 -118.16 -788.80 4059.36 -118.16 -740.30 4074.00 -146.84 -891.20 4059.36 -146.84 -939.70 4059.36 -195.66 -939.70 4074.00 -195.66 -891.20 4078.08 -69.34 -815.75 4078.08 -69.34 -864.25 4078.08 -118.16 -864.25 4078.08 -118.16 -815.75 4074.00 8.16 -891.20 4059.36 8.16 -939.70 4059.36 -40.66 -939.70 4074.00 -40.66 -891.20 4059.36 85.66 -740.30 4074.00 85.66 -788.80 4074.00 36.84 -788.80 4059.36 36.84 -740.30 4078.08 85.66 -815.75 4078.08 85.66 -864.25 4078.08 36.84 -864.25 4078.08 36.84 -815.75 4072.16 40.91 -740.83 4056.04 100.00 -975.00 4056.04 40.00 -1029.23 4056.04 40.00 -975.00 4056.04 -20.00 -1083.45 4056.04 -20.00 -1029.23 4056.04 -20.00 -975.00 4056.04 40.49 -705.00 4056.04 -20.00 -705.00 4056.04 40.00 -650.77 4056.04 -20.00 -650.77 4056.04 -100.00 -650.77 4056.04 -20.00 -596.55 4056.04 -100.00 -596.55 3810.57 -100.00 -596.55 3933.31 -100.00 -596.55 3810.57 -180.00 -596.55 3933.31 -180.00 -596.55 3810.57 -100.00 -1083.45 3933.31 -100.00 -1083.45 3810.57 -20.00 -1083.45 3933.31 -20.00 -1083.45 3810.57 -180.00 -1083.45 3750.57 -180.00 -1023.45 3750.57 -100.00 -1023.45 3690.57 -100.00 -963.45 3601.28 -100.00 -963.75 3690.57 -180.00 -963.45 3601.28 -180.00 -963.75 3512.00 -180.00 -715.96 3512.00 -100.00 -715.96 3601.28 -180.00 -716.25 3601.28 -100.00 -716.25 3690.57 -180.00 -716.55 3690.57 -100.00 -716.55 3750.57 -180.00 -656.55 3750.57 -100.00 -656.55 4056.04 -100.00 -1029.23 4056.04 -100.00 -975.00 3512.00 -120.00 -840.00 3512.00 -120.00 -890.00 3511.30 -100.00 -840.00 3511.30 -100.00 -910.00 3512.00 -180.00 -770.00 3512.00 -180.00 -720.00 3512.00 -240.00 -770.00 3512.00 -240.00 -720.00 3512.00 -240.00 -910.00 3512.00 -180.00 -910.00 3512.00 -240.00 -890.00 3512.00 -180.00 -890.00 3512.00 -100.00 -715.96 3512.00 -180.00 -715.96 4056.04 -100.00 -1083.45 4056.04 -180.00 -1083.45 3933.31 -180.00 -1083.45 4056.04 -100.00 -596.55 4056.04 -20.00 -596.55 3933.31 -20.00 -596.55 3690.57 -20.00 -963.45 3750.57 -20.00 -1023.45 3810.57 -20.00 -596.55 3750.57 -20.00 -656.55 3601.28 -20.00 -963.75 3512.00 -100.00 -964.04 3509.18 -20.06 -964.04 3690.57 -20.00 -716.55 3601.28 -20.00 -716.25 3512.00 -100.00 -964.04 3512.00 -180.00 -960.00 3512.00 -180.00 -964.04 4056.04 -180.00 -1029.23 4056.04 -180.00 -1083.45 4056.04 -100.00 -1083.45 4056.04 -20.00 -1083.45 3512.00 -180.00 -964.04 4056.04 -180.00 -705.00 4056.04 -180.00 -650.77 4056.04 -146.84 -705.00 4056.04 -100.00 -705.00 4056.04 -180.00 -596.55 3509.18 -20.00 -715.96 4056.04 -180.00 -975.00 4056.04 -146.84 -975.00 4056.04 -180.00 -596.55 3511.30 -100.00 -770.00 3512.00 -180.00 -790.00 3512.00 -240.00 -790.00 3512.00 -120.00 -790.00 3512.00 -240.00 -960.00 3509.18 -20.00 -840.00 3509.18 -20.00 -907.82 4056.04 100.00 -705.00 3509.18 -20.06 -964.04 3509.66 -38.28 -771.63 3509.18 -20.00 -765.70 3509.18 -20.00 -715.96 3509.93 -48.52 -797.26 3509.61 -36.27 -800.30 3509.55 -34.15 -813.47 3509.18 -20.00 -826.88 3990.92 -213.33 -851.98 3984.13 -213.33 -862.13 3989.53 -210.00 -851.40 3983.07 -210.00 -861.07 3973.40 -210.00 -867.53 3962.00 -212.39 -840.00 3962.00 -210.00 -869.80 3950.60 -210.00 -867.53 3940.93 -210.00 -861.07 3934.47 -210.00 -851.40 3932.20 -210.00 -840.00 3934.47 -210.00 -828.60 3940.93 -210.00 -818.93 3950.60 -210.00 -812.47 3962.00 -210.00 -810.20 3973.40 -210.00 -812.47 3983.07 -210.00 -818.93 3989.53 -210.00 -828.60 3991.80 -210.00 -840.00 3993.30 -213.33 -840.00 3973.98 -213.33 -868.92 3962.00 -213.33 -871.30 3950.02 -213.33 -868.92 3939.87 -213.33 -862.13 3933.08 -213.33 -851.98 3930.70 -213.33 -840.00 3933.08 -213.33 -828.02 3939.87 -213.33 -817.87 3950.02 -213.33 -811.08 3962.00 -213.33 -808.70 3973.98 -213.33 -811.08 3984.13 -213.33 -817.87 3990.92 -213.33 -828.02 3509.66 -38.28 -771.63 3509.93 -48.52 -797.26 3489.01 -20.00 -781.30 3481.00 -20.00 -803.32 3509.61 -36.27 -800.30 3490.81 -20.00 -803.67 3509.55 -34.15 -813.47 3492.80 -20.00 -814.26 3509.18 -20.00 -826.88 3509.18 -20.00 -765.70 3410.38 49.61 -818.12 3509.18 -20.00 -765.70 3489.01 -20.00 -781.30 3512.00 0.00 -750.17 3512.00 -20.00 -766.77 3569.45 0.00 -772.50 3536.36 0.00 -751.50 3512.00 -20.00 -827.75 3512.00 0.00 -840.00 3564.10 0.00 -818.12 3560.66 0.00 -803.17 3509.18 -20.00 -826.88 3481.00 -20.00 -803.32 3490.81 -20.00 -803.67 3492.80 -20.00 -814.26 3509.18 -20.00 -826.88 3880.00 120.00 -752.00 3908.00 110.00 -776.00 3909.00 120.00 -765.00 3926.00 100.00 -804.00 3928.00 120.00 -782.00 3926.00 100.00 -804.00 3962.00 90.00 -800.00 3962.00 120.00 -767.00 3928.00 120.00 -782.00 3934.00 90.00 -811.00 3997.00 120.00 -782.00 3999.00 100.00 -804.00 3991.00 90.00 -811.00 3999.00 100.00 -804.00 4003.00 90.00 -840.00 4021.00 120.00 -806.00 4035.00 120.00 -840.00 3991.00 90.00 -811.00 3991.00 90.00 -869.00 4014.00 120.00 -891.00 4014.00 120.00 -891.00 3991.00 90.00 -869.00 3980.00 120.00 -906.00 3962.00 100.00 -891.00 3962.00 90.00 -880.00 3934.00 90.00 -869.00 3945.00 120.00 -906.00 3911.00 120.00 -891.00 3911.00 120.00 -891.00 3934.00 90.00 -869.00 3922.00 90.00 -840.00 3890.00 120.00 -840.00 3926.00 100.00 -804.00 3904.00 120.00 -806.00 3934.00 90.00 -811.00 3897.00 120.00 -777.00 3904.00 120.00 -806.00 3940.50 87.61 -818.00 3962.00 87.61 -809.00 3984.50 87.61 -818.00 3984.50 87.61 -818.00 3993.50 87.61 -840.00 3984.50 87.61 -862.00 3984.50 87.61 -862.00 3962.00 87.61 -871.00 3940.50 87.61 -862.00 3940.50 87.61 -862.00 3931.50 87.61 -840.00 3940.50 87.61 -818.00 3931.50 87.61 -840.00 3950.93 63.71 -828.80 3946.44 63.71 -840.00 3962.00 -10.00 -840.00 3962.08 37.44 -832.63 3957.06 37.44 -834.98 3967.44 37.44 -834.98 3962.13 63.71 -823.57 3974.07 63.71 -828.80 3967.44 37.44 -834.98 3969.45 37.44 -840.00 3974.07 63.71 -828.80 3978.56 63.71 -840.00 3967.44 37.44 -845.02 3974.07 63.71 -851.20 3967.44 37.44 -845.02 3962.08 37.44 -847.37 3974.07 63.71 -851.20 3962.13 63.71 -856.43 3962.00 -10.00 -840.00 3957.06 37.44 -845.02 3955.05 37.44 -840.00 3957.06 37.44 -845.02 3950.93 63.71 -851.20 3957.06 37.44 -834.98 3962.00 120.00 -969.00 3962.00 100.00 -891.00 3945.00 120.00 -906.00 3980.00 120.00 -906.00 3999.00 100.00 -804.00 4043.00 120.00 -767.00 3997.00 120.00 -782.00 4021.00 120.00 -806.00 3962.00 87.61 -809.00 3940.50 87.61 -818.00 3950.93 63.71 -828.80 3940.50 87.61 -818.00 3984.50 87.61 -818.00 3984.50 87.61 -818.00 3993.50 87.61 -840.00 3984.50 87.61 -862.00 3962.00 87.61 -871.00 3984.50 87.61 -862.00 3940.50 87.61 -862.00 3950.93 63.71 -851.20 3940.50 87.61 -862.00 3744.00 51.00 -891.00 3753.00 30.00 -884.00 3721.00 28.00 -897.00 3728.00 36.00 -879.00 3650.00 0.00 -844.00 3614.00 0.00 -854.00 3657.00 -17.00 -849.00 3660.00 0.00 -858.00 3657.00 -17.00 -849.00 3685.00 -24.00 -834.00 3664.00 0.00 -834.00 3650.00 0.00 -844.00 3692.00 0.00 -844.00 </float_array>
                    <technique_common>
                        <accessor source="#geom-0010FFE2-pos-array" count="551" stride="3">
                            <param name="X" type="float" />
                            <param name="Y" type="float" />
                            <param name="Z" type="float" />
                        </accessor>
                    </technique_common>
                </source>
                <source id="geom-0010FFE2-texcoord">
                    <float_array id="geom-0010FFE2-texcoord-array" count="1102">0.50 0.02 0.98 0.02 0.50 0.50 0.98 0.50 0.98 0.50 0.50 0.50 0.98 0.98 0.50 0.98 0.98 0.50 0.50 0.50 0.98 0.98 0.50 0.98 0.02 0.50 0.02 0.98 0.50 0.98 0.50 0.52 0.98 0.52 0.50 0.98 0.98 0.98 0.98 0.02 0.50 0.02 0.02 0.02 0.50 0.52 0.98 0.52 0.50 0.98 0.98 0.98 0.02 0.52 0.02 0.98 0.02 0.52 0.02 0.98 0.98 0.98 0.98 0.50 0.50 0.50 0.98 0.98 0.50 0.98 0.98 0.07 0.98 -0.14 0.85 0.07 0.85 -0.14 0.70 -0.42 0.70 -0.28 0.85 -0.28 0.70 -0.14 0.29 -0.14 0.29 -0.28 0.14 -0.14 0.29 0.07 0.14 0.07 0.00 0.07 0.00 -0.14 0.70 -0.56 0.60 -0.56 0.60 -0.42 0.39 -0.42 0.39 -0.28 0.39 0.07 0.39 -0.14 0.14 0.28 0.00 0.28 0.29 0.28 0.39 0.28 0.85 0.28 0.70 0.28 0.70 0.07 0.49 -0.70 0.39 -0.70 0.49 -0.56 0.39 -0.56 0.49 -0.42 0.49 0.07 0.49 0.28 0.60 0.07 0.60 0.28 0.49 -0.14 0.60 -0.14 0.49 -0.28 0.60 -0.28 0.29 -0.56 0.29 -0.70 0.29 -0.42 0.44 0.07 0.44 -0.14 0.44 -0.28 0.14 -0.28 0.98 0.28 0.53 -0.62 0.55 -0.63 0.60 -0.61 0.64 -0.67 0.70 -0.70 0.64 -0.70 0.71 0.71 0.28 0.71 0.71 0.28 0.28 0.28 0.71 0.71 0.28 0.71 0.71 0.28 0.28 0.28 0.71 0.71 0.28 0.71 0.71 0.28 0.28 0.28 0.71 0.71 0.28 0.71 0.71 0.28 0.28 0.28 0.71 0.71 0.28 0.71 0.71 0.28 0.28 0.28 0.71 0.71 0.28 0.71 0.71 0.28 0.28 0.28 0.71 0.71 0.28 0.71 0.71 0.28 0.28 0.28 0.71 0.71 0.28 0.71 0.71 0.28 0.28 0.28 0.71 0.71 0.28 0.71 0.71 0.28 0.28 0.28 0.71 0.71 0.28 0.71 0.71 0.28 0.28 0.28 0.71 0.71 0.28 0.71 0.71 0.28 0.28 0.28 0.71 0.71 0.28 0.71 0.71 0.28 0.28 0.28 0.98 0.98 0.01 0.98 0.93 0.93 0.06 0.93 0.01 0.01 0.06 0.06 0.98 0.01 0.93 0.06 0.98 0.98 0.01 0.98 0.93 0.93 0.06 0.93 0.01 0.01 0.06 0.06 0.98 0.01 0.93 0.06 0.98 0.98 0.01 0.98 0.93 0.93 0.06 0.93 0.01 0.01 0.06 0.06 0.98 0.01 0.93 0.06 0.98 0.98 0.01 0.98 0.93 0.93 0.06 0.93 0.01 0.01 0.06 0.06 0.98 0.01 0.93 0.06 0.98 0.98 0.01 0.98 0.93 0.93 0.06 0.93 0.01 0.01 0.06 0.06 0.98 0.01 0.93 0.06 0.98 0.98 0.01 0.98 0.93 0.93 0.06 0.93 0.01 0.01 0.06 0.06 0.98 0.01 0.93 0.06 0.98 0.98 0.01 0.98 0.93 0.93 0.06 0.93 0.01 0.01 0.06 0.06 0.98 0.01 0.93 0.06 0.98 0.98 0.01 0.98 0.93 0.93 0.06 0.93 0.01 0.01 0.06 0.06 0.98 0.01 0.93 0.06 0.98 0.98 0.01 0.98 0.93 0.93 0.06 0.93 0.01 0.01 0.06 0.06 0.98 0.01 0.93 0.06 0.98 0.98 0.01 0.98 0.93 0.93 0.06 0.93 0.01 0.01 0.06 0.06 0.98 0.01 0.93 0.06 0.98 0.98 0.01 0.98 0.93 0.93 0.06 0.93 0.01 0.01 0.06 0.06 0.98 0.01 0.93 0.06 0.98 0.98 0.01 0.98 0.93 0.93 0.06 0.93 0.01 0.01 0.06 0.06 0.98 0.01 0.93 0.06 0.81 0.81 0.19 0.81 0.19 0.19 0.81 0.19 0.81 0.81 0.19 0.81 0.19 0.19 0.81 0.19 0.81 0.81 0.19 0.81 0.19 0.19 0.81 0.19 0.81 0.81 0.19 0.81 0.19 0.19 0.81 0.19 0.81 0.81 0.19 0.81 0.19 0.19 0.81 0.19 0.81 0.81 0.19 0.81 0.19 0.19 0.81 0.19 0.81 0.81 0.19 0.81 0.19 0.19 0.81 0.19 0.81 0.81 0.19 0.81 0.19 0.19 0.81 0.19 0.81 0.81 0.19 0.81 0.19 0.19 0.81 0.19 0.81 0.81 0.19 0.81 0.19 0.19 0.81 0.19 0.81 0.81 0.19 0.81 0.19 0.19 0.81 0.19 0.81 0.81 0.19 0.81 0.19 0.19 0.81 0.19 0.71 0.28 0.27 0.13 0.17 0.03 0.27 0.03 0.07 -0.07 0.17 -0.07 0.27 -0.07 0.00 0.03 0.00 -0.07 0.10 0.03 0.10 -0.07 0.10 -0.20 0.20 -0.07 0.20 -0.20 0.40 0.02 0.20 0.02 0.40 -0.12 0.20 -0.12 0.58 0.02 0.78 0.02 0.58 0.15 0.78 0.15 0.58 -0.12 0.44 -0.12 0.44 0.02 0.30 0.02 0.15 0.02 0.30 -0.12 0.15 -0.12 0.98 -0.12 0.98 0.02 0.83 -0.12 0.83 0.02 0.68 -0.12 0.68 0.02 0.54 -0.12 0.54 0.02 0.17 -0.20 0.27 -0.20 0.20 0.02 0.28 0.02 0.20 0.05 0.31 0.05 0.09 -0.08 0.01 -0.08 0.09 -0.18 0.01 -0.18 0.31 -0.18 0.31 -0.08 0.28 -0.18 0.28 -0.08 0.00 0.05 0.00 -0.08 0.98 0.02 0.98 -0.12 0.78 -0.12 0.00 0.02 0.00 0.15 0.20 0.15 0.30 0.15 0.44 0.15 0.40 0.15 0.54 0.15 0.15 0.15 0.00 0.02 0.00 0.15 0.68 0.15 0.83 0.15 0.40 0.05 0.39 -0.08 0.40 -0.08 0.17 -0.33 0.07 -0.33 0.07 -0.20 0.98 0.15 0.00 -0.12 0.00 -0.33 0.10 -0.33 0.00 -0.28 0.00 -0.20 0.00 -0.12 0.98 0.15 0.27 -0.33 0.27 -0.28 0.20 -0.33 0.09 0.05 0.12 -0.08 0.12 -0.18 0.12 0.02 0.39 -0.18 0.20 0.18 0.31 0.18 0.00 0.13 0.40 0.18 0.09 0.15 0.08 0.18 0.00 0.18 0.13 0.13 0.14 0.15 0.16 0.15 0.18 0.18 0.95 0.68 0.84 0.84 0.90 0.66 0.81 0.81 0.66 0.90 0.49 0.49 0.49 0.94 0.32 0.90 0.18 0.81 0.08 0.66 0.05 0.49 0.08 0.32 0.18 0.18 0.32 0.08 0.49 0.05 0.66 0.08 0.81 0.18 0.90 0.32 0.94 0.49 0.98 0.49 0.68 0.95 0.49 0.98 0.30 0.95 0.14 0.84 0.04 0.68 0.00 0.49 0.04 0.30 0.14 0.14 0.30 0.04 0.49 0.00 0.68 0.04 0.84 0.14 0.95 0.30 0.09 -0.16 0.46 -0.28 0.20 0.21 0.50 0.28 0.60 -0.12 0.62 0.22 0.79 -0.08 0.78 0.21 0.98 0.11 0.00 0.07 0.67 -0.29 0.71 -0.88 0.83 -0.75 0.54 -0.86 0.69 -0.89 0.18 -0.98 0.42 -0.95 0.00 -0.34 0.11 -0.43 0.01 -0.76 0.08 -0.81 0.04 -0.18 0.96 -0.34 0.68 0.21 0.29 0.09 0.05 -0.11 0.00 0.74 0.30 0.74 0.25 0.64 0.61 0.74 0.49 0.53 0.70 0.22 0.37 0.37 0.37 0.00 0.68 0.00 0.65 0.37 0.12 0.00 0.05 0.22 0.09 0.37 0.70 0.22 0.37 0.37 0.68 0.00 0.37 0.00 0.65 0.37 0.09 0.37 0.00 0.00 0.74 0.00 0.65 0.37 0.46 0.00 0.37 0.25 0.37 0.37 0.09 0.37 0.28 0.00 0.00 0.00 0.74 0.00 0.65 0.37 0.37 0.37 0.37 0.00 0.07 0.25 0.12 0.00 0.09 0.37 0.25 0.85 0.50 0.95 0.62 0.48 0.37 0.48 0.12 0.48 0.62 0.48 0.37 0.48 0.12 0.48 0.62 0.48 0.37 0.48 0.12 0.48 0.62 0.48 0.37 0.48 0.98 0.98 0.77 0.98 0.89 0.68 0.77 0.68 0.77 0.01 0.77 0.43 0.71 0.43 0.83 0.43 0.77 0.68 0.89 0.68 0.71 0.43 0.77 0.43 0.65 0.68 0.77 0.68 0.83 0.43 0.89 0.68 0.71 0.43 0.77 0.43 0.65 0.68 0.77 0.68 0.77 0.01 0.83 0.43 0.77 0.43 0.71 0.43 0.65 0.68 0.83 0.43 0.00 0.74 0.61 0.74 0.49 0.53 0.50 0.95 0.61 0.74 0.00 0.74 0.50 0.95 0.49 0.53 0.77 0.98 0.55 0.98 0.65 0.68 0.12 0.48 0.98 0.98 0.55 0.98 0.77 0.98 0.98 0.98 0.77 0.98 0.55 0.98 0.98 0.98 0.89 0.68 0.55 0.98 0.50 0.95 0.61 0.74 0.30 0.74 0.49 0.53 0.25 0.64 0.00 0.74 0.30 0.74 0.25 0.85 0.30 0.74 0.61 0.74 0.49 0.53 0.25 0.64 0.50 0.95 </float_array>
                    <technique_common>
                        <accessor source="#geom-0010FFE2-texcoord-array" count="551" stride="2">
                            <param name="S" type="float" />
                            <param name="T" type="float" />
                        </accessor>
                    </technique_common>
                </source>
                <source id="geom-0010FFE2-colors">
                    <float_array id="geom-0010FFE2-colors-array" count="2204">0.24 0.61 1.00 1.00 0.22 0.43 1.00 1.00 0.20 0.53 1.00 1.00 0.19 0.51 1.00 1.00 0.17 0.60 1.00 1.00 0.17 0.59 1.00 1.00 0.09 0.28 0.81 1.00 0.09 0.22 0.78 1.00 0.19 0.52 1.00 1.00 0.20 0.54 1.00 1.00 0.18 0.54 1.00 1.00 0.18 0.55 1.00 1.00 0.20 0.54 1.00 1.00 0.18 0.55 1.00 1.00 0.18 0.55 1.00 1.00 0.18 0.55 1.00 1.00 0.18 0.54 1.00 1.00 0.17 0.58 1.00 1.00 0.17 0.59 1.00 1.00 0.22 0.46 1.00 1.00 0.24 0.63 1.00 1.00 0.24 0.63 1.00 1.00 0.17 0.58 1.00 1.00 0.17 0.59 1.00 1.00 0.09 0.22 0.78 1.00 0.09 0.28 0.80 1.00 0.17 0.59 1.00 1.00 0.09 0.22 0.78 1.00 0.18 0.55 1.00 1.00 0.17 0.59 1.00 1.00 0.18 0.54 1.00 1.00 0.18 0.54 1.00 1.00 0.18 0.55 1.00 1.00 0.17 0.60 1.00 1.00 0.17 0.59 1.00 1.00 0.06 0.15 0.32 1.00 0.06 0.18 0.32 1.00 0.16 0.39 1.00 1.00 0.16 0.46 1.00 1.00 0.11 0.28 0.81 1.00 0.16 0.46 1.00 1.00 0.06 0.20 0.35 1.00 0.16 0.35 1.00 1.00 0.16 0.35 1.00 1.00 0.16 0.45 1.00 1.00 0.16 0.45 1.00 1.00 0.16 0.32 0.99 1.00 0.16 0.38 1.00 1.00 0.06 0.14 0.32 1.00 0.06 0.17 0.32 1.00 0.19 0.27 0.67 1.00 0.20 0.29 0.73 1.00 0.18 0.53 1.00 1.00 0.18 0.55 1.00 1.00 0.16 0.54 1.00 1.00 0.16 0.32 0.99 1.00 0.16 0.44 1.00 1.00 0.09 0.16 0.45 1.00 0.01 0.01 0.03 1.00 0.00 0.00 0.00 1.00 0.04 0.05 0.07 1.00 0.09 0.16 0.45 1.00 0.00 0.00 0.00 1.00 0.16 0.33 1.00 1.00 0.19 0.22 0.29 1.00 0.19 0.22 0.29 1.00 0.21 0.25 0.35 1.00 0.20 0.30 0.76 1.00 0.18 0.55 1.00 1.00 0.16 0.41 1.00 1.00 0.04 0.05 0.07 1.00 0.16 0.33 1.00 1.00 0.04 0.05 0.07 1.00 0.16 0.44 1.00 1.00 0.16 0.44 1.00 1.00 0.16 0.53 1.00 1.00 0.16 0.55 1.00 1.00 0.19 0.27 0.61 1.00 0.09 0.10 0.13 1.00 0.11 0.28 0.82 1.00 0.16 0.41 1.00 1.00 0.16 0.44 1.00 1.00 0.16 0.53 1.00 1.00 0.06 0.19 0.35 1.00 0.01 0.02 0.04 1.00 0.20 0.24 0.33 1.00 0.20 0.24 0.32 1.00 0.20 0.23 0.30 1.00 0.19 0.22 0.28 1.00 0.09 0.10 0.13 1.00 0.19 0.22 0.28 1.00 0.16 0.16 0.16 1.00 0.16 0.16 0.16 1.00 0.16 0.23 0.53 1.00 0.16 0.20 0.36 1.00 0.26 0.58 1.00 1.00 0.27 0.53 1.00 1.00 0.26 0.58 1.00 1.00 0.26 0.53 1.00 1.00 0.23 0.38 1.00 1.00 0.22 0.42 1.00 1.00 0.24 0.47 1.00 1.00 0.24 0.49 1.00 1.00 0.24 0.45 1.00 1.00 0.23 0.48 1.00 1.00 0.22 0.37 1.00 1.00 0.21 0.40 1.00 1.00 0.24 0.36 1.00 1.00 0.24 0.37 1.00 1.00 0.25 0.44 1.00 1.00 0.25 0.44 1.00 1.00 0.24 0.42 1.00 1.00 0.24 0.42 1.00 1.00 0.22 0.35 1.00 1.00 0.22 0.35 1.00 1.00 0.26 0.51 1.00 1.00 0.25 0.56 1.00 1.00 0.26 0.51 1.00 1.00 0.25 0.56 1.00 1.00 0.23 0.44 1.00 1.00 0.24 0.39 1.00 1.00 0.24 0.51 1.00 1.00 0.25 0.47 1.00 1.00 0.27 0.72 1.00 1.00 0.27 0.72 1.00 1.00 0.27 0.72 1.00 1.00 0.27 0.72 1.00 1.00 0.24 0.49 1.00 1.00 0.24 0.45 1.00 1.00 0.21 0.41 1.00 1.00 0.22 0.38 1.00 1.00 0.16 0.16 0.16 1.00 0.16 0.16 0.16 1.00 0.16 0.20 0.36 1.00 0.16 0.23 0.53 1.00 0.16 0.16 0.16 1.00 0.16 0.16 0.16 1.00 0.16 0.16 0.16 1.00 0.16 0.16 0.16 1.00 0.16 0.16 0.16 1.00 0.16 0.16 0.16 1.00 0.16 0.16 0.16 1.00 0.16 0.23 0.51 1.00 0.16 0.27 0.75 1.00 0.16 0.32 0.98 1.00 0.22 0.41 1.00 1.00 0.23 0.40 1.00 1.00 0.28 0.62 1.00 1.00 0.26 0.60 1.00 1.00 0.27 0.75 1.00 1.00 0.23 0.59 1.00 1.00 0.27 0.62 1.00 1.00 0.24 0.61 1.00 1.00 0.29 0.64 1.00 1.00 0.29 0.79 1.00 1.00 0.26 0.59 1.00 1.00 0.29 0.62 1.00 1.00 0.24 0.63 1.00 1.00 0.30 0.86 1.00 1.00 0.25 0.47 1.00 1.00 0.22 0.33 1.00 1.00 0.22 0.45 1.00 1.00 0.20 0.37 1.00 1.00 0.16 0.27 0.75 1.00 0.22 0.40 1.00 1.00 0.16 0.29 0.82 1.00 0.21 0.32 0.95 1.00 0.28 0.60 1.00 1.00 0.29 0.82 1.00 1.00 0.25 0.58 1.00 1.00 0.24 0.63 1.00 1.00 0.29 0.62 1.00 1.00 0.29 0.64 1.00 1.00 0.28 0.84 1.00 1.00 0.29 0.86 1.00 1.00 0.25 0.47 1.00 1.00 0.21 0.38 1.00 1.00 0.25 0.47 1.00 1.00 0.21 0.37 1.00 1.00 0.22 0.40 1.00 1.00 0.22 0.41 1.00 1.00 0.20 0.36 1.00 1.00 0.20 0.36 1.00 1.00 0.28 0.62 1.00 1.00 0.28 0.83 1.00 1.00 0.28 0.60 1.00 1.00 0.27 0.80 1.00 1.00 0.25 0.58 1.00 1.00 0.28 0.60 1.00 1.00 0.23 0.56 1.00 1.00 0.27 0.74 1.00 1.00 0.29 0.62 1.00 1.00 0.29 0.78 1.00 1.00 0.26 0.59 1.00 1.00 0.24 0.58 1.00 1.00 0.29 0.64 1.00 1.00 0.27 0.62 1.00 1.00 0.30 0.87 1.00 1.00 0.25 0.66 1.00 1.00 0.22 0.47 1.00 1.00 0.20 0.38 1.00 1.00 0.25 0.47 1.00 1.00 0.22 0.34 1.00 1.00 0.28 0.60 1.00 1.00 0.28 0.62 1.00 1.00 0.26 0.73 1.00 1.00 0.27 0.74 1.00 1.00 0.29 0.64 1.00 1.00 0.28 0.78 1.00 1.00 0.29 0.62 1.00 1.00 0.27 0.76 1.00 1.00 0.22 0.41 1.00 1.00 0.16 0.27 0.75 1.00 0.21 0.32 0.94 1.00 0.19 0.37 1.00 1.00 0.26 0.60 1.00 1.00 0.25 0.65 1.00 1.00 0.28 0.62 1.00 1.00 0.29 0.83 1.00 1.00 0.16 0.16 0.16 1.00 0.16 0.16 0.16 1.00 0.16 0.23 0.51 1.00 0.16 0.16 0.16 1.00 0.22 0.40 1.00 1.00 0.23 0.40 1.00 1.00 0.16 0.27 0.75 1.00 0.16 0.32 0.98 1.00 0.16 0.16 0.16 1.00 0.16 0.16 0.16 1.00 0.16 0.16 0.16 1.00 0.16 0.16 0.16 1.00 0.22 0.41 1.00 1.00 0.22 0.45 1.00 1.00 0.22 0.40 1.00 1.00 0.22 0.44 1.00 1.00 0.16 0.16 0.16 1.00 0.16 0.25 0.65 1.00 0.16 0.23 0.53 1.00 0.19 0.31 0.95 1.00 0.29 0.91 1.00 1.00 0.28 0.66 1.00 1.00 0.29 0.67 1.00 1.00 0.30 0.71 1.00 1.00 0.25 0.50 1.00 1.00 0.25 0.53 1.00 1.00 0.25 0.54 1.00 1.00 0.25 0.51 1.00 1.00 0.24 0.50 1.00 1.00 0.24 0.51 1.00 1.00 0.24 0.51 1.00 1.00 0.24 0.49 1.00 1.00 0.27 0.71 1.00 1.00 0.27 0.71 1.00 1.00 0.26 0.50 1.00 1.00 0.26 0.50 1.00 1.00 0.25 0.47 1.00 1.00 0.25 0.47 1.00 1.00 0.25 0.67 1.00 1.00 0.25 0.66 1.00 1.00 0.27 0.64 1.00 1.00 0.29 0.87 1.00 1.00 0.29 0.88 1.00 1.00 0.28 0.64 1.00 1.00 0.26 0.56 1.00 1.00 0.26 0.53 1.00 1.00 0.25 0.53 1.00 1.00 0.25 0.55 1.00 1.00 0.31 0.91 1.00 1.00 0.31 0.92 1.00 1.00 0.31 0.93 1.00 1.00 0.31 0.93 1.00 1.00 0.24 0.52 1.00 1.00 0.24 0.51 1.00 1.00 0.24 0.50 1.00 1.00 0.24 0.52 1.00 1.00 0.16 0.25 0.65 1.00 0.16 0.16 0.16 1.00 0.19 0.31 0.94 1.00 0.16 0.23 0.53 1.00 0.16 0.16 0.16 1.00 0.16 0.16 0.16 1.00 0.19 0.28 0.75 1.00 0.19 0.28 0.76 1.00 0.28 0.35 0.60 1.00 0.16 0.16 0.16 1.00 0.16 0.30 0.88 1.00 0.16 0.24 0.58 1.00 0.09 0.16 0.44 1.00 0.16 0.32 0.96 1.00 0.16 0.27 0.75 1.00 0.16 0.24 0.59 1.00 0.16 0.28 0.76 1.00 0.16 0.30 0.89 1.00 0.16 0.32 0.97 1.00 0.16 0.34 1.00 1.00 0.09 0.16 0.44 1.00 0.09 0.18 0.54 1.00 0.16 0.66 1.00 1.00 0.16 0.48 1.00 1.00 0.16 0.50 1.00 1.00 0.16 0.41 1.00 1.00 0.16 0.65 1.00 1.00 0.16 0.48 1.00 1.00 0.16 0.53 1.00 1.00 0.16 0.43 1.00 1.00 0.16 0.49 1.00 1.00 0.16 0.56 1.00 1.00 0.16 0.78 1.00 1.00 0.18 0.40 1.00 1.00 0.22 0.29 0.49 1.00 0.18 0.41 1.00 1.00 0.24 0.37 0.99 1.00 0.10 0.13 0.18 1.00 0.09 0.11 0.15 1.00 0.22 0.34 0.87 1.00 0.22 0.27 0.45 1.00 0.18 0.40 1.00 1.00 0.18 0.39 1.00 1.00 0.16 0.57 1.00 1.00 0.16 0.80 1.00 1.00 0.16 0.34 1.00 1.00 0.16 0.29 0.84 1.00 0.30 0.42 0.69 1.00 0.26 0.35 0.55 1.00 0.25 0.33 0.51 1.00 0.22 0.27 0.38 1.00 0.25 0.33 0.51 1.00 0.10 0.12 0.16 1.00 0.23 0.30 0.44 1.00 0.10 0.13 0.18 1.00 0.25 0.32 0.49 1.00 0.27 0.38 0.61 1.00 0.24 0.32 0.49 1.00 0.33 0.48 0.82 1.00 0.09 0.11 0.15 1.00 0.10 0.13 0.18 1.00 0.09 0.18 0.53 1.00 0.07 0.13 0.33 1.00 0.16 0.41 1.00 1.00 0.09 0.18 0.54 1.00 0.09 0.16 0.44 1.00 0.16 0.43 1.00 1.00 0.18 0.43 1.00 1.00 0.16 0.67 1.00 1.00 0.16 0.54 1.00 1.00 0.16 0.68 1.00 1.00 0.20 0.28 0.61 1.00 0.10 0.12 0.16 1.00 0.09 0.11 0.14 1.00 0.18 0.42 1.00 1.00 0.20 0.27 0.58 1.00 0.10 0.12 0.16 1.00 0.11 0.13 0.18 1.00 0.11 0.13 0.19 1.00 0.16 0.31 0.94 1.00 0.07 0.13 0.33 1.00 0.09 0.18 0.53 1.00 0.09 0.16 0.44 1.00 0.11 0.13 0.19 1.00 0.17 0.31 0.98 1.00 0.16 0.31 0.94 1.00 0.16 0.33 1.00 1.00 0.16 0.29 0.85 1.00 0.07 0.13 0.33 1.00 0.09 0.11 0.13 1.00 0.17 0.32 1.00 1.00 0.17 0.33 1.00 1.00 0.07 0.13 0.33 1.00 0.21 0.25 0.35 1.00 0.29 0.42 0.68 1.00 0.23 0.30 0.44 1.00 0.25 0.32 0.49 1.00 0.11 0.13 0.20 1.00 0.21 0.25 0.34 1.00 0.20 0.24 0.31 1.00 0.16 0.16 0.16 1.00 0.09 0.11 0.14 1.00 0.18 0.19 0.22 1.00 0.19 0.22 0.28 1.00 0.09 0.11 0.13 1.00 0.18 0.19 0.22 1.00 0.16 0.16 0.16 1.00 0.16 0.17 0.18 1.00 0.17 0.18 0.19 1.00 0.37 0.92 1.00 1.00 0.38 1.00 1.00 1.00 0.45 0.75 1.00 1.00 0.43 0.84 1.00 1.00 0.35 0.82 1.00 1.00 0.44 1.00 1.00 1.00 0.37 1.00 1.00 1.00 0.38 1.00 1.00 1.00 0.40 1.00 1.00 1.00 0.41 1.00 1.00 1.00 0.41 1.00 1.00 1.00 0.40 1.00 1.00 1.00 0.38 1.00 1.00 1.00 0.36 1.00 1.00 1.00 0.35 0.98 1.00 1.00 0.33 0.77 1.00 1.00 0.42 0.80 1.00 1.00 0.44 0.74 1.00 1.00 0.46 0.73 1.00 1.00 0.37 0.89 1.00 1.00 0.39 1.00 1.00 1.00 0.41 1.00 1.00 1.00 0.42 1.00 1.00 1.00 0.43 1.00 1.00 1.00 0.44 1.00 1.00 1.00 0.44 1.00 1.00 1.00 0.43 1.00 1.00 1.00 0.42 1.00 1.00 1.00 0.40 1.00 1.00 1.00 0.39 1.00 1.00 1.00 0.38 1.00 1.00 1.00 0.37 0.96 1.00 1.00 0.37 0.91 1.00 1.00 0.18 0.19 0.22 1.00 0.18 0.19 0.22 1.00 0.16 0.17 0.18 1.00 0.16 0.16 0.16 1.00 0.16 0.16 0.16 1.00 0.16 0.16 0.16 1.00 0.16 0.17 0.18 1.00 0.16 0.16 0.16 1.00 0.17 0.18 0.19 1.00 0.19 0.22 0.28 1.00 0.17 0.19 0.22 1.00 0.19 0.22 0.28 1.00 0.16 0.17 0.18 1.00 0.19 0.22 0.28 1.00 0.20 0.23 0.31 1.00 0.20 0.23 0.30 1.00 0.19 0.22 0.28 1.00 0.18 0.19 0.22 1.00 0.19 0.22 0.29 1.00 0.20 0.24 0.33 1.00 0.20 0.24 0.32 1.00 0.17 0.18 0.19 1.00 0.16 0.16 0.16 1.00 0.16 0.16 0.16 1.00 0.16 0.16 0.16 1.00 0.17 0.18 0.19 1.00 0.16 0.37 1.00 1.00 0.16 0.42 1.00 1.00 0.07 0.12 0.33 1.00 0.16 0.44 1.00 1.00 0.07 0.13 0.35 1.00 0.16 0.44 1.00 1.00 0.21 0.49 1.00 1.00 0.07 0.13 0.34 1.00 0.07 0.13 0.35 1.00 0.22 0.69 1.00 1.00 0.04 0.06 0.15 1.00 0.16 0.23 0.51 1.00 0.16 0.28 0.78 1.00 0.16 0.23 0.51 1.00 0.16 0.23 0.51 1.00 0.00 0.00 0.00 1.00 0.00 0.00 0.00 1.00 0.16 0.28 0.78 1.00 0.21 0.37 1.00 1.00 0.00 0.00 0.00 1.00 0.00 0.00 0.00 1.00 0.21 0.37 1.00 1.00 0.02 0.03 0.06 1.00 0.16 0.34 1.00 1.00 0.22 0.55 1.00 1.00 0.22 0.66 1.00 1.00 0.09 0.17 0.50 1.00 0.09 0.21 0.52 1.00 0.09 0.21 0.52 1.00 0.22 0.66 1.00 1.00 0.22 0.73 1.00 1.00 0.09 0.22 0.52 1.00 0.16 0.44 1.00 1.00 0.09 0.22 0.52 1.00 0.22 0.69 1.00 1.00 0.09 0.22 0.52 1.00 0.09 0.22 0.52 1.00 0.22 0.67 1.00 1.00 0.21 0.52 1.00 1.00 0.21 0.38 1.00 1.00 0.21 0.38 1.00 1.00 0.21 0.32 0.96 1.00 0.21 0.38 1.00 1.00 0.21 0.38 1.00 1.00 0.22 0.53 1.00 1.00 0.22 0.68 1.00 1.00 0.22 0.68 1.00 1.00 0.22 0.74 1.00 1.00 0.22 0.67 1.00 1.00 0.22 0.74 1.00 1.00 0.20 0.57 1.00 1.00 0.21 0.66 1.00 1.00 0.37 1.00 1.00 1.00 0.09 0.19 0.64 1.00 0.15 0.40 1.00 1.00 0.00 0.00 0.00 1.00 0.19 0.40 1.00 1.00 0.18 0.24 0.55 1.00 0.00 0.00 0.00 1.00 0.00 0.00 0.00 1.00 0.18 0.24 0.55 1.00 0.18 0.19 0.23 1.00 0.00 0.00 0.00 1.00 0.19 0.25 0.57 1.00 0.00 0.00 0.00 1.00 0.09 0.20 0.71 1.00 0.19 0.25 0.57 1.00 0.20 0.41 1.00 1.00 0.50 1.00 1.00 1.00 0.15 0.42 1.00 1.00 0.15 0.49 1.00 1.00 0.15 0.42 1.00 1.00 0.21 0.58 1.00 1.00 0.15 0.40 1.00 1.00 0.16 0.30 0.87 1.00 0.16 0.34 1.00 1.00 0.09 0.17 0.50 1.00 0.02 0.03 0.06 1.00 0.16 0.23 0.51 1.00 0.16 0.16 0.16 1.00 0.04 0.06 0.15 1.00 0.00 0.00 0.00 1.00 0.21 0.52 1.00 1.00 0.22 0.67 1.00 1.00 0.20 0.57 1.00 1.00 0.22 0.67 1.00 1.00 0.21 0.38 1.00 1.00 0.21 0.38 1.00 1.00 0.21 0.32 0.96 1.00 0.21 0.38 1.00 1.00 0.22 0.53 1.00 1.00 0.21 0.38 1.00 1.00 0.22 0.68 1.00 1.00 0.21 0.58 1.00 1.00 0.22 0.68 1.00 1.00 0.09 0.17 0.49 1.00 0.16 0.52 1.00 1.00 0.09 0.27 0.67 1.00 0.10 0.23 0.76 1.00 0.00 0.00 0.00 1.00 0.20 0.24 0.33 1.00 0.18 0.20 0.29 1.00 0.08 0.18 0.64 1.00 0.41 0.48 0.74 1.00 0.19 0.39 1.00 1.00 0.00 0.00 0.00 1.00 0.05 0.06 0.11 1.00 0.06 0.12 0.36 1.00 </float_array>
                    <technique_common>
                        <accessor source="#geom-0010FFE2-colors-array" count="551" stride="4">
                            <param name="R" type="float" />
                            <param name="G" type="float" />
                            <param name="B" type="float" />
                            <param name="A" type="float" />
                        </accessor>
                    </technique_common>
                </source>
                <vertices id="geom-0010FFE2-vtx">
                    <input semantic="POSITION" source="#geom-0010FFE2-pos" />
                </vertices>
                <triangles count="72" material="material-027C0F84-symbol">
                    <input semantic="VERTEX" source="#geom-0010FFE2-vtx" offset="0" />
                    <input semantic="TEXCOORD" source="#geom-0010FFE2-texcoord" offset="0" />
                    <input semantic="COLOR" source="#geom-0010FFE2-colors" offset="0" />
                    <p>0 1 2 12 0 2 12 2 13 13 2 14 2 3 14 2 1 3 14 3 30 4 5 6 6 5 7 8 9 10 8 20 9 19 20 8 10 9 11 15 16 17 29 15 17 28 15 29 17 16 18 21 0 12 22 23 24 27 22 24 26 22 27 24 23 25 31 32 33 33 32 34 </p>
                </triangles>
            </mesh>
        </geometry>
        <geometry id="geom-0098FEF4" name="geom-0098FEF4">
            <mesh>
                <source id="geom-0098FEF4-pos">
                    <float_array id="geom-0098FEF4-pos-array" count="1548">3932.00 0.00 -600.00 3812.00 0.00 -600.00 3932.00 60.00 -652.50 3812.00 60.00 -652.50 3692.00 0.00 -720.00 3752.00 60.00 -713.73 3752.00 0.00 -660.00 3812.00 120.00 -707.95 3812.00 120.00 -972.05 3752.00 60.00 -966.27 3812.00 60.00 -1027.50 3932.00 120.00 -973.08 3932.00 60.00 -1027.50 3932.00 0.00 -1080.00 3812.00 0.00 -1080.00 3602.00 0.00 -720.00 3602.00 0.00 -772.50 3692.00 0.00 -772.50 3692.00 0.00 -907.50 3752.00 60.00 -907.50 3932.00 120.00 -907.50 3812.00 120.00 -907.50 4052.00 60.00 -1027.50 4052.00 0.00 -1080.00 4052.00 120.00 -975.00 4052.00 120.00 -907.50 4052.00 60.00 -652.50 4052.00 120.00 -705.00 3932.00 120.00 -706.92 3512.00 0.00 -840.00 3512.00 0.00 -907.50 3602.00 0.00 -840.00 3602.00 0.00 -907.50 3692.00 0.00 -840.00 3932.00 120.00 -840.00 4052.00 120.00 -840.00 3932.00 120.00 -772.50 4052.00 120.00 -772.50 3812.00 120.00 -840.00 3812.00 120.00 -772.50 3752.00 60.00 -840.00 3752.00 60.00 -772.50 3602.00 0.00 -960.00 3512.00 0.00 -960.00 3692.00 0.00 -960.00 3932.00 120.00 -873.75 3812.00 120.00 -873.75 3752.00 60.00 -873.75 3752.00 0.00 -1020.00 4052.00 0.00 -600.00 3564.10 0.00 -818.12 3560.66 0.00 -803.17 3569.45 0.00 -772.50 3536.36 0.00 -751.50 3512.00 0.00 -720.00 3512.00 0.00 -750.17 4084.40 81.59 -898.75 4072.20 81.59 -939.17 4084.40 40.91 -898.75 4072.20 40.91 -939.17 4084.40 -73.41 -898.75 4072.16 -73.41 -939.17 4084.40 -114.09 -898.75 4072.16 -114.09 -939.17 4072.16 -150.91 -740.83 4084.40 -150.91 -781.25 4072.16 -191.59 -740.83 4084.40 -191.59 -781.25 4072.16 4.09 -740.83 4084.40 4.09 -781.25 4072.16 -36.59 -740.83 4084.40 -36.59 -781.25 4090.20 -150.91 -819.79 4090.20 -150.91 -860.21 4090.20 -191.59 -819.79 4090.20 -191.59 -860.21 4090.20 4.09 -819.79 4090.20 4.09 -860.21 4090.20 -36.59 -819.79 4090.20 -36.59 -860.21 4072.16 -73.41 -740.83 4084.40 -73.41 -781.25 4072.16 -114.09 -740.83 4084.40 -114.09 -781.25 4084.40 -150.91 -898.75 4072.20 -150.91 -939.17 4084.40 -191.59 -898.75 4072.20 -191.59 -939.17 4090.20 -73.41 -819.79 4090.20 -73.41 -860.21 4090.20 -114.09 -819.79 4090.20 -114.09 -860.21 4084.40 4.09 -898.75 4072.16 4.09 -939.17 4084.40 -36.59 -898.75 4072.16 -36.59 -939.17 4072.16 81.59 -740.83 4084.40 81.59 -781.25 4072.16 40.91 -740.83 4084.40 40.91 -781.25 4090.20 81.59 -819.79 4090.20 81.59 -860.21 4090.20 40.91 -819.79 4090.20 40.91 -860.21 4083.40 100.00 -878.50 4060.16 100.00 -955.49 4077.12 96.12 -880.80 4056.20 96.12 -950.10 4060.16 22.50 -955.49 4056.20 26.38 -950.10 4083.40 22.50 -878.50 4077.12 26.38 -880.80 4083.40 -55.00 -878.50 4060.16 -55.00 -955.49 4077.12 -58.88 -880.80 4056.20 -58.88 -950.10 4060.16 -132.50 -955.49 4056.20 -128.63 -950.10 4083.40 -132.50 -878.50 4077.12 -128.63 -880.80 4060.16 -132.50 -724.51 4083.40 -132.50 -801.50 4056.20 -136.38 -729.90 4077.12 -136.38 -799.20 4083.40 -210.00 -801.50 4077.12 -206.12 -799.20 4060.16 -210.00 -724.51 4056.20 -206.12 -729.90 4060.16 22.50 -724.51 4083.40 22.50 -801.50 4056.20 18.63 -729.90 4077.12 18.63 -799.20 4083.40 -55.00 -801.50 4077.12 -51.13 -799.20 4060.16 -55.00 -724.51 4056.20 -51.13 -729.90 4083.40 -132.50 -801.50 4083.40 -132.50 -878.50 4078.08 -136.38 -805.35 4078.08 -136.38 -874.65 4083.40 -210.00 -878.50 4078.08 -206.12 -874.65 4083.40 -210.00 -801.50 4078.08 -206.12 -805.35 4083.40 22.50 -801.50 4083.40 22.50 -878.50 4078.08 18.63 -805.35 4078.08 18.63 -874.65 4083.40 -55.00 -878.50 4078.08 -51.13 -874.65 4083.40 -55.00 -801.50 4078.08 -51.13 -805.35 4060.16 -55.00 -724.51 4083.40 -55.00 -801.50 4056.20 -58.87 -729.90 4077.12 -58.87 -799.20 4083.40 -132.50 -801.50 4077.12 -128.62 -799.20 4060.16 -132.50 -724.51 4056.20 -128.62 -729.90 4083.40 -132.50 -878.50 4060.16 -132.50 -955.49 4077.12 -136.37 -880.80 4056.20 -136.37 -950.10 4060.16 -210.00 -955.49 4056.20 -206.12 -950.10 4083.40 -210.00 -878.50 4077.12 -206.12 -880.80 4083.40 -55.00 -801.50 4083.40 -55.00 -878.50 4078.08 -58.87 -805.35 4078.08 -58.87 -874.65 4083.40 -132.50 -878.50 4078.08 -128.62 -874.65 4083.40 -132.50 -801.50 4078.08 -128.62 -805.35 4083.40 22.50 -878.50 4060.16 22.50 -955.49 4077.12 18.63 -880.80 4056.20 18.63 -950.10 4060.16 -55.00 -955.49 4056.20 -51.13 -950.10 4083.40 -55.00 -878.50 4077.12 -51.13 -880.80 4060.16 100.00 -724.51 4083.40 100.00 -801.50 4056.20 96.12 -729.90 4077.12 96.12 -799.20 4083.40 22.50 -801.50 4077.12 26.38 -799.20 4060.16 22.50 -724.51 4056.20 26.38 -729.90 4083.40 100.00 -801.50 4083.40 100.00 -878.50 4078.08 96.12 -805.35 4078.08 96.12 -874.65 4083.40 22.50 -878.50 4078.08 26.38 -874.65 4083.40 22.50 -801.50 4078.08 26.38 -805.35 4074.00 85.66 -891.20 4059.36 85.66 -939.70 4059.36 36.84 -939.70 4074.00 36.84 -891.20 4074.00 -69.34 -891.20 4059.36 -69.34 -939.70 4059.36 -118.16 -939.70 4074.00 -118.16 -891.20 4059.36 -146.84 -740.30 4074.00 -146.84 -788.80 4074.00 -195.66 -788.80 4059.36 -195.66 -740.30 4059.36 8.16 -740.30 4074.00 8.16 -788.80 4074.00 -40.66 -788.80 4059.36 -40.66 -740.30 4078.08 -146.84 -815.75 4078.08 -146.84 -864.25 4078.08 -195.66 -864.25 4078.08 -195.66 -815.75 4078.08 8.16 -815.75 4078.08 8.16 -864.25 4078.08 -40.66 -864.25 4078.08 -40.66 -815.75 4059.36 -69.34 -740.30 4074.00 -69.34 -788.80 4074.00 -118.16 -788.80 4059.36 -118.16 -740.30 4074.00 -146.84 -891.20 4059.36 -146.84 -939.70 4059.36 -195.66 -939.70 4074.00 -195.66 -891.20 4078.08 -69.34 -815.75 4078.08 -69.34 -864.25 4078.08 -118.16 -864.25 4078.08 -118.16 -815.75 4074.00 8.16 -891.20 4059.36 8.16 -939.70 4059.36 -40.66 -939.70 4074.00 -40.66 -891.20 4059.36 85.66 -740.30 4074.00 85.66 -788.80 4074.00 36.84 -788.80 4059.36 36.84 -740.30 4078.08 85.66 -815.75 4078.08 85.66 -864.25 4078.08 36.84 -864.25 4078.08 36.84 -815.75 4072.16 40.91 -740.83 4056.04 100.00 -975.00 4056.04 40.00 -1029.23 4056.04 40.00 -975.00 4056.04 -20.00 -1083.45 4056.04 -20.00 -1029.23 4056.04 -20.00 -975.00 4056.04 40.49 -705.00 4056.04 -20.00 -705.00 4056.04 40.00 -650.77 4056.04 -20.00 -650.77 4056.04 -100.00 -650.77 4056.04 -20.00 -596.55 4056.04 -100.00 -596.55 3810.57 -100.00 -596.55 3933.31 -100.00 -596.55 3810.57 -180.00 -596.55 3933.31 -180.00 -596.55 3810.57 -100.00 -1083.45 3933.31 -100.00 -1083.45 3810.57 -20.00 -1083.45 3933.31 -20.00 -1083.45 3810.57 -180.00 -1083.45 3750.57 -180.00 -1023.45 3750.57 -100.00 -1023.45 3690.57 -100.00 -963.45 3601.28 -100.00 -963.75 3690.57 -180.00 -963.45 3601.28 -180.00 -963.75 3512.00 -180.00 -715.96 3512.00 -100.00 -715.96 3601.28 -180.00 -716.25 3601.28 -100.00 -716.25 3690.57 -180.00 -716.55 3690.57 -100.00 -716.55 3750.57 -180.00 -656.55 3750.57 -100.00 -656.55 4056.04 -100.00 -1029.23 4056.04 -100.00 -975.00 3512.00 -120.00 -840.00 3512.00 -120.00 -890.00 3511.30 -100.00 -840.00 3511.30 -100.00 -910.00 3512.00 -180.00 -770.00 3512.00 -180.00 -720.00 3512.00 -240.00 -770.00 3512.00 -240.00 -720.00 3512.00 -240.00 -910.00 3512.00 -180.00 -910.00 3512.00 -240.00 -890.00 3512.00 -180.00 -890.00 3512.00 -100.00 -715.96 3512.00 -180.00 -715.96 4056.04 -100.00 -1083.45 4056.04 -180.00 -1083.45 3933.31 -180.00 -1083.45 4056.04 -100.00 -596.55 4056.04 -20.00 -596.55 3933.31 -20.00 -596.55 3690.57 -20.00 -963.45 3750.57 -20.00 -1023.45 3810.57 -20.00 -596.55 3750.57 -20.00 -656.55 3601.28 -20.00 -963.75 3512.00 -100.00 -964.04 3509.18 -20.06 -964.04 3690.57 -20.00 -716.55 3601.28 -20.00 -716.25 3512.00 -100.00 -964.04 3512.00 -180.00 -960.00 3512.00 -180.00 -964.04 4056.04 -180.00 -1029.23 4056.04 -180.00 -1083.45 4056.04 -100.00 -1083.45 4056.04 -20.00 -1083.45 3512.00 -180.00 -964.04 4056.04 -180.00 -705.00 4056.04 -180.00 -650.77 4056.04 -146.84 -705.00 4056.04 -100.00 -705.00 4056.04 -180.00 -596.55 3509.18 -20.00 -715.96 4056.04 -180.00 -975.00 4056.04 -146.84 -975.00 4056.04 -180.00 -596.55 3511.30 -100.00 -770.00 3512.00 -180.00 -790.00 3512.00 -240.00 -790.00 3512.00 -120.00 -790.00 3512.00 -240.00 -960.00 3509.18 -20.00 -840.00 3509.18 -20.00 -907.82 4056.04 100.00 -705.00 3509.18 -20.06 -964.04 3509.66 -38.28 -771.63 3509.18 -20.00 -765.70 3509.18 -20.00 -715.96 3509.93 -48.52 -797.26 3509.61 -36.27 -800.30 3509.55 -34.15 -813.47 3509.18 -20.00 -826.88 3990.92 -213.33 -851.98 3984.13 -213.33 -862.13 3989.53 -210.00 -851.40 3983.07 -210.00 -861.07 3973.40 -210.00 -867.53 3962.00 -212.39 -840.00 3962.00 -210.00 -869.80 3950.60 -210.00 -867.53 3940.93 -210.00 -861.07 3934.47 -210.00 -851.40 3932.20 -210.00 -840.00 3934.47 -210.00 -828.60 3940.93 -210.00 -818.93 3950.60 -210.00 -812.47 3962.00 -210.00 -810.20 3973.40 -210.00 -812.47 3983.07 -210.00 -818.93 3989.53 -210.00 -828.60 3991.80 -210.00 -840.00 3993.30 -213.33 -840.00 3973.98 -213.33 -868.92 3962.00 -213.33 -871.30 3950.02 -213.33 -868.92 3939.87 -213.33 -862.13 3933.08 -213.33 -851.98 3930.70 -213.33 -840.00 3933.08 -213.33 -828.02 3939.87 -213.33 -817.87 3950.02 -213.33 -811.08 3962.00 -213.33 -808.70 3973.98 -213.33 -811.08 3984.13 -213.33 -817.87 3990.92 -213.33 -828.02 3509.66 -38.28 -771.63 3509.93 -48.52 -797.26 3489.01 -20.00 -781.30 3481.00 -20.00 -803.32 3509.61 -36.27 -800.30 3490.81 -20.00 -803.67 3509.55 -34.15 -813.47 3492.80 -20.00 -814.26 3509.18 -20.00 -826.88 3509.18 -20.00 -765.70 3410.38 49.61 -818.12 3509.18 -20.00 -765.70 3489.01 -20.00 -781.30 3512.00 0.00 -750.17 3512.00 -20.00 -766.77 3569.45 0.00 -772.50 3536.36 0.00 -751.50 3512.00 -20.00 -827.75 3512.00 0.00 -840.00 3564.10 0.00 -818.12 3560.66 0.00 -803.17 3509.18 -20.00 -826.88 3481.00 -20.00 -803.32 3490.81 -20.00 -803.67 3492.80 -20.00 -814.26 3509.18 -20.00 -826.88 3880.00 120.00 -752.00 3908.00 110.00 -776.00 3909.00 120.00 -765.00 3926.00 100.00 -804.00 3928.00 120.00 -782.00 3926.00 100.00 -804.00 3962.00 90.00 -800.00 3962.00 120.00 -767.00 3928.00 120.00 -782.00 3934.00 90.00 -811.00 3997.00 120.00 -782.00 3999.00 100.00 -804.00 3991.00 90.00 -811.00 3999.00 100.00 -804.00 4003.00 90.00 -840.00 4021.00 120.00 -806.00 4035.00 120.00 -840.00 3991.00 90.00 -811.00 3991.00 90.00 -869.00 4014.00 120.00 -891.00 4014.00 120.00 -891.00 3991.00 90.00 -869.00 3980.00 120.00 -906.00 3962.00 100.00 -891.00 3962.00 90.00 -880.00 3934.00 90.00 -869.00 3945.00 120.00 -906.00 3911.00 120.00 -891.00 3911.00 120.00 -891.00 3934.00 90.00 -869.00 3922.00 90.00 -840.00 3890.00 120.00 -840.00 3926.00 100.00 -804.00 3904.00 120.00 -806.00 3934.00 90.00 -811.00 3897.00 120.00 -777.00 3904.00 120.00 -806.00 3940.50 87.61 -818.00 3962.00 87.61 -809.00 3984.50 87.61 -818.00 3984.50 87.61 -818.00 3993.50 87.61 -840.00 3984.50 87.61 -862.00 3984.50 87.61 -862.00 3962.00 87.61 -871.00 3940.50 87.61 -862.00 3940.50 87.61 -862.00 3931.50 87.61 -840.00 3940.50 87.61 -818.00 3931.50 87.61 -840.00 3950.93 63.71 -828.80 3946.44 63.71 -840.00 3962.00 -10.00 -840.00 3962.08 37.44 -832.63 3957.06 37.44 -834.98 3967.44 37.44 -834.98 3962.13 63.71 -823.57 3974.07 63.71 -828.80 3967.44 37.44 -834.98 3969.45 37.44 -840.00 3974.07 63.71 -828.80 3978.56 63.71 -840.00 3967.44 37.44 -845.02 3974.07 63.71 -851.20 3967.44 37.44 -845.02 3962.08 37.44 -847.37 3974.07 63.71 -851.20 3962.13 63.71 -856.43 3962.00 -10.00 -840.00 3957.06 37.44 -845.02 3955.05 37.44 -840.00 3957.06 37.44 -845.02 3950.93 63.71 -851.20 3957.06 37.44 -834.98 3962.00 120.00 -969.00 3962.00 100.00 -891.00 3945.00 120.00 -906.00 3980.00 120.00 -906.00 3999.00 100.00 -804.00 4043.00 120.00 -767.00 3997.00 120.00 -782.00 4021.00 120.00 -806.00 3962.00 87.61 -809.00 3940.50 87.61 -818.00 3950.93 63.71 -828.80 3940.50 87.61 -818.00 3984.50 87.61 -818.00 3984.50 87.61 -818.00 3993.50 87.61 -840.00 3984.50 87.61 -862.00 3962.00 87.61 -871.00 3984.50 87.61 -862.00 3940.50 87.61 -862.00 3950.93 63.71 -851.20 3940.50 87.61 -862.00 3744.00 51.00 -891.00 3753.00 30.00 -884.00 3721.00 28.00 -897.00 3728.00 36.00 -879.00 3650.00 0.00 -844.00 3614.00 0.00 -854.00 3657.00 -17.00 -849.00 3660.00 0.00 -858.00 3657.00 -17.00 -849.00 3685.00 -24.00 -834.00 3664.00 0.00 -834.00 3650.00 0.00 -844.00 3692.00 0.00 -844.00 </float_array>
                    <technique_common>
                        <accessor source="#geom-0098FEF4-pos-array" count="516" stride="3">
                            <param name="X" type="float" />
                            <param name="Y" type="float" />
                            <param name="Z" type="float" />
                        </accessor>
                    </technique_common>
                </source>
                <source id="geom-0098FEF4-texcoord">
                    <float_array id="geom-0098FEF4-texcoord-array" count="1032">3.50 0.25 3.50 -0.50 3.02 0.25 3.02 -0.50 2.50 -1.50 2.50 -1.00 3.02 -1.00 2.50 -0.50 1.02 -0.50 1.02 -1.00 0.50 -0.50 1.02 0.25 0.50 0.25 0.00 0.25 0.00 -0.50 2.50 -2.00 2.12 -2.00 2.12 -1.50 1.38 -1.50 1.38 -1.00 1.38 0.25 1.38 -0.50 0.50 1.00 0.00 1.00 1.02 1.00 1.38 1.00 3.02 1.00 2.50 1.00 2.50 0.25 1.76 -2.50 1.38 -2.50 1.76 -2.00 1.38 -2.00 1.76 -1.50 1.76 0.25 1.76 1.00 2.12 0.25 2.12 1.00 1.76 -0.50 2.12 -0.50 1.76 -1.00 2.12 -1.00 1.02 -2.00 1.02 -2.50 1.02 -1.50 1.57 0.25 1.57 -0.50 1.57 -1.00 0.50 -1.00 3.50 1.00 1.88 -2.21 1.96 -2.23 2.12 -2.18 2.27 -2.36 2.50 -2.50 2.28 -2.50 2.54 2.54 0.99 2.54 2.54 0.99 0.99 0.99 2.54 2.54 0.99 2.54 2.54 0.99 0.99 0.99 2.54 2.54 0.99 2.54 2.54 0.99 0.99 0.99 2.54 2.54 0.99 2.54 2.54 0.99 0.99 0.99 2.54 2.54 0.99 2.54 2.54 0.99 0.99 0.99 2.54 2.54 0.99 2.54 2.54 0.99 0.99 0.99 2.54 2.54 0.99 2.54 2.54 0.99 0.99 0.99 2.54 2.54 0.99 2.54 2.54 0.99 0.99 0.99 2.54 2.54 0.99 2.54 2.54 0.99 0.99 0.99 2.54 2.54 0.99 2.54 2.54 0.99 0.99 0.99 2.54 2.54 0.99 2.54 2.54 0.99 0.99 0.99 2.54 2.54 0.99 2.54 2.54 0.99 0.99 0.99 3.50 3.50 0.03 3.50 3.31 3.31 0.22 3.31 0.03 0.03 0.22 0.22 3.50 0.03 3.31 0.22 3.50 3.50 0.03 3.50 3.31 3.31 0.22 3.31 0.03 0.03 0.22 0.22 3.50 0.03 3.31 0.22 3.50 3.50 0.03 3.50 3.31 3.31 0.22 3.31 0.03 0.03 0.22 0.22 3.50 0.03 3.31 0.22 3.50 3.50 0.03 3.50 3.31 3.31 0.22 3.31 0.03 0.03 0.22 0.22 3.50 0.03 3.31 0.22 3.50 3.50 0.03 3.50 3.31 3.31 0.22 3.31 0.03 0.03 0.22 0.22 3.50 0.03 3.31 0.22 3.50 3.50 0.03 3.50 3.31 3.31 0.22 3.31 0.03 0.03 0.22 0.22 3.50 0.03 3.31 0.22 3.50 3.50 0.03 3.50 3.31 3.31 0.22 3.31 0.03 0.03 0.22 0.22 3.50 0.03 3.31 0.22 3.50 3.50 0.03 3.50 3.31 3.31 0.22 3.31 0.03 0.03 0.22 0.22 3.50 0.03 3.31 0.22 3.50 3.50 0.03 3.50 3.31 3.31 0.22 3.31 0.03 0.03 0.22 0.22 3.50 0.03 3.31 0.22 3.50 3.50 0.03 3.50 3.31 3.31 0.22 3.31 0.03 0.03 0.22 0.22 3.50 0.03 3.31 0.22 3.50 3.50 0.03 3.50 3.31 3.31 0.22 3.31 0.03 0.03 0.22 0.22 3.50 0.03 3.31 0.22 3.50 3.50 0.03 3.50 3.31 3.31 0.22 3.31 0.03 0.03 0.22 0.22 3.50 0.03 3.31 0.22 2.87 2.87 0.66 2.87 0.66 0.66 2.87 0.66 2.87 2.87 0.66 2.87 0.66 0.66 2.87 0.66 2.87 2.87 0.66 2.87 0.66 0.66 2.87 0.66 2.87 2.87 0.66 2.87 0.66 0.66 2.87 0.66 2.87 2.87 0.66 2.87 0.66 0.66 2.87 0.66 2.87 2.87 0.66 2.87 0.66 0.66 2.87 0.66 2.87 2.87 0.66 2.87 0.66 0.66 2.87 0.66 2.87 2.87 0.66 2.87 0.66 0.66 2.87 0.66 2.87 2.87 0.66 2.87 0.66 0.66 2.87 0.66 2.87 2.87 0.66 2.87 0.66 0.66 2.87 0.66 2.87 2.87 0.66 2.87 0.66 0.66 2.87 0.66 2.87 2.87 0.66 2.87 0.66 0.66 2.87 0.66 2.54 0.99 0.95 0.47 0.59 0.12 0.95 0.12 0.24 -0.24 0.59 -0.24 0.95 -0.24 0.00 0.12 0.00 -0.24 0.35 0.12 0.35 -0.24 0.35 -0.71 0.71 -0.24 0.71 -0.71 1.42 0.05 0.71 0.05 1.42 -0.42 0.71 -0.42 2.07 0.05 2.77 0.05 2.07 0.53 2.77 0.53 2.07 -0.42 1.56 -0.42 1.56 0.05 1.06 0.05 0.53 0.05 1.06 -0.42 0.53 -0.42 3.48 -0.42 3.48 0.05 2.95 -0.42 2.95 0.05 2.42 -0.42 2.42 0.05 1.92 -0.42 1.92 0.05 0.59 -0.71 0.95 -0.71 0.71 0.06 1.00 0.06 0.71 0.18 1.11 0.18 0.31 -0.30 0.02 -0.30 0.31 -0.63 0.02 -0.63 1.10 -0.63 1.10 -0.30 1.00 -0.63 1.00 -0.30 0.00 0.18 0.00 -0.30 3.48 0.05 3.48 -0.42 2.77 -0.42 0.00 0.05 0.00 0.53 0.71 0.53 1.06 0.53 1.56 0.53 1.42 0.53 1.92 0.53 0.53 0.53 0.00 0.05 0.00 0.53 2.42 0.53 2.95 0.53 1.42 0.18 1.40 -0.30 1.42 -0.30 0.59 -1.18 0.24 -1.18 0.24 -0.71 3.48 0.53 0.00 -0.42 0.00 -1.18 0.35 -1.18 0.00 -0.99 0.00 -0.71 0.00 -0.42 3.50 0.53 0.95 -1.18 0.95 -0.99 0.71 -1.18 0.31 0.18 0.43 -0.30 0.43 -0.63 0.43 0.06 1.40 -0.63 0.71 0.63 1.10 0.63 0.00 0.47 1.43 0.63 0.32 0.53 0.28 0.63 0.00 0.63 0.46 0.47 0.48 0.54 0.56 0.55 0.63 0.63 3.37 2.42 2.99 2.99 3.21 2.35 2.87 2.87 2.35 3.21 1.75 1.75 1.75 3.33 1.15 3.21 0.63 2.87 0.29 2.35 0.17 1.75 0.29 1.15 0.63 0.63 1.15 0.29 1.75 0.17 2.35 0.29 2.87 0.63 3.21 1.15 3.33 1.75 3.50 1.75 2.42 3.37 1.75 3.50 1.08 3.37 0.51 2.99 0.13 2.42 0.00 1.75 0.13 1.08 0.51 0.51 1.08 0.13 1.75 0.00 2.42 0.13 2.99 0.51 3.37 1.08 0.31 -0.58 1.62 -1.00 0.70 0.76 1.79 1.00 2.14 -0.42 2.22 0.77 2.81 -0.30 2.77 0.75 3.50 0.39 0.00 0.26 2.40 -1.03 2.52 -3.12 2.94 -2.65 1.91 -3.05 2.46 -3.15 0.64 -3.50 1.48 -3.36 0.01 -1.19 0.38 -1.54 0.02 -2.72 0.30 -2.90 0.13 -0.65 3.40 -1.21 2.41 0.73 1.03 0.31 0.17 -0.40 0.00 2.64 1.08 2.63 0.88 2.26 2.16 2.62 1.76 1.88 2.50 0.79 1.31 1.31 1.31 0.00 2.41 0.00 2.30 1.31 0.44 0.00 0.16 0.79 0.33 1.31 2.50 0.79 1.31 1.31 2.41 0.00 1.31 0.00 2.30 1.31 0.33 1.31 0.00 0.00 2.62 0.00 2.30 1.31 1.65 0.00 1.31 0.88 1.31 1.31 0.33 1.31 1.01 0.00 0.00 0.00 2.62 0.00 2.30 1.31 1.31 1.31 1.31 0.00 0.25 0.91 0.44 0.00 0.33 1.31 0.88 3.01 1.77 3.38 2.19 1.70 1.31 1.70 0.44 1.70 2.19 1.70 1.31 1.70 0.44 1.70 2.19 1.70 1.31 1.70 0.44 1.70 2.19 1.70 1.31 1.70 3.50 3.50 2.73 3.50 3.17 2.41 2.73 2.41 2.73 0.03 2.73 1.53 2.52 1.53 2.95 1.53 2.73 2.41 3.17 2.41 2.52 1.53 2.73 1.53 2.30 2.41 2.73 2.41 2.95 1.53 3.17 2.41 2.52 1.53 2.73 1.53 2.30 2.41 2.73 2.41 2.73 0.03 2.95 1.53 2.73 1.53 2.52 1.53 2.30 2.41 2.95 1.53 0.00 2.64 2.16 2.62 1.76 1.88 1.77 3.38 2.16 2.62 0.00 2.64 1.77 3.38 1.76 1.88 2.73 3.50 1.97 3.50 2.30 2.41 0.44 1.70 3.50 3.50 1.97 3.50 2.73 3.50 3.50 3.50 2.73 3.50 1.97 3.50 3.50 3.50 3.17 2.41 1.97 3.50 1.77 3.38 2.16 2.62 1.08 2.63 1.76 1.88 0.88 2.26 0.00 2.64 1.08 2.63 0.88 3.01 1.08 2.63 2.16 2.62 1.76 1.88 0.88 2.26 1.77 3.38 </float_array>
                    <technique_common>
                        <accessor source="#geom-0098FEF4-texcoord-array" count="516" stride="2">
                            <param name="S" type="float" />
                            <param name="T" type="float" />
                        </accessor>
                    </technique_common>
                </source>
                <source id="geom-0098FEF4-colors">
                    <float_array id="geom-0098FEF4-colors-array" count="2064">0.06 0.15 0.32 1.00 0.06 0.18 0.32 1.00 0.16 0.39 1.00 1.00 0.16 0.46 1.00 1.00 0.11 0.28 0.81 1.00 0.16 0.46 1.00 1.00 0.06 0.20 0.35 1.00 0.16 0.35 1.00 1.00 0.16 0.35 1.00 1.00 0.16 0.45 1.00 1.00 0.16 0.45 1.00 1.00 0.16 0.32 0.99 1.00 0.16 0.38 1.00 1.00 0.06 0.14 0.32 1.00 0.06 0.17 0.32 1.00 0.19 0.27 0.67 1.00 0.20 0.29 0.73 1.00 0.18 0.53 1.00 1.00 0.18 0.55 1.00 1.00 0.16 0.54 1.00 1.00 0.16 0.32 0.99 1.00 0.16 0.44 1.00 1.00 0.09 0.16 0.45 1.00 0.01 0.01 0.03 1.00 0.00 0.00 0.00 1.00 0.04 0.05 0.07 1.00 0.09 0.16 0.45 1.00 0.00 0.00 0.00 1.00 0.16 0.33 1.00 1.00 0.19 0.22 0.29 1.00 0.19 0.22 0.29 1.00 0.21 0.25 0.35 1.00 0.20 0.30 0.76 1.00 0.18 0.55 1.00 1.00 0.16 0.41 1.00 1.00 0.04 0.05 0.07 1.00 0.16 0.33 1.00 1.00 0.04 0.05 0.07 1.00 0.16 0.44 1.00 1.00 0.16 0.44 1.00 1.00 0.16 0.53 1.00 1.00 0.16 0.55 1.00 1.00 0.19 0.27 0.61 1.00 0.09 0.10 0.13 1.00 0.11 0.28 0.82 1.00 0.16 0.41 1.00 1.00 0.16 0.44 1.00 1.00 0.16 0.53 1.00 1.00 0.06 0.19 0.35 1.00 0.01 0.02 0.04 1.00 0.20 0.24 0.33 1.00 0.20 0.24 0.32 1.00 0.20 0.23 0.30 1.00 0.19 0.22 0.28 1.00 0.09 0.10 0.13 1.00 0.19 0.22 0.28 1.00 0.16 0.16 0.16 1.00 0.16 0.16 0.16 1.00 0.16 0.23 0.53 1.00 0.16 0.20 0.36 1.00 0.26 0.58 1.00 1.00 0.27 0.53 1.00 1.00 0.26 0.58 1.00 1.00 0.26 0.53 1.00 1.00 0.23 0.38 1.00 1.00 0.22 0.42 1.00 1.00 0.24 0.47 1.00 1.00 0.24 0.49 1.00 1.00 0.24 0.45 1.00 1.00 0.23 0.48 1.00 1.00 0.22 0.37 1.00 1.00 0.21 0.40 1.00 1.00 0.24 0.36 1.00 1.00 0.24 0.37 1.00 1.00 0.25 0.44 1.00 1.00 0.25 0.44 1.00 1.00 0.24 0.42 1.00 1.00 0.24 0.42 1.00 1.00 0.22 0.35 1.00 1.00 0.22 0.35 1.00 1.00 0.26 0.51 1.00 1.00 0.25 0.56 1.00 1.00 0.26 0.51 1.00 1.00 0.25 0.56 1.00 1.00 0.23 0.44 1.00 1.00 0.24 0.39 1.00 1.00 0.24 0.51 1.00 1.00 0.25 0.47 1.00 1.00 0.27 0.72 1.00 1.00 0.27 0.72 1.00 1.00 0.27 0.72 1.00 1.00 0.27 0.72 1.00 1.00 0.24 0.49 1.00 1.00 0.24 0.45 1.00 1.00 0.21 0.41 1.00 1.00 0.22 0.38 1.00 1.00 0.16 0.16 0.16 1.00 0.16 0.16 0.16 1.00 0.16 0.20 0.36 1.00 0.16 0.23 0.53 1.00 0.16 0.16 0.16 1.00 0.16 0.16 0.16 1.00 0.16 0.16 0.16 1.00 0.16 0.16 0.16 1.00 0.16 0.16 0.16 1.00 0.16 0.16 0.16 1.00 0.16 0.16 0.16 1.00 0.16 0.23 0.51 1.00 0.16 0.27 0.75 1.00 0.16 0.32 0.98 1.00 0.22 0.41 1.00 1.00 0.23 0.40 1.00 1.00 0.28 0.62 1.00 1.00 0.26 0.60 1.00 1.00 0.27 0.75 1.00 1.00 0.23 0.59 1.00 1.00 0.27 0.62 1.00 1.00 0.24 0.61 1.00 1.00 0.29 0.64 1.00 1.00 0.29 0.79 1.00 1.00 0.26 0.59 1.00 1.00 0.29 0.62 1.00 1.00 0.24 0.63 1.00 1.00 0.30 0.86 1.00 1.00 0.25 0.47 1.00 1.00 0.22 0.33 1.00 1.00 0.22 0.45 1.00 1.00 0.20 0.37 1.00 1.00 0.16 0.27 0.75 1.00 0.22 0.40 1.00 1.00 0.16 0.29 0.82 1.00 0.21 0.32 0.95 1.00 0.28 0.60 1.00 1.00 0.29 0.82 1.00 1.00 0.25 0.58 1.00 1.00 0.24 0.63 1.00 1.00 0.29 0.62 1.00 1.00 0.29 0.64 1.00 1.00 0.28 0.84 1.00 1.00 0.29 0.86 1.00 1.00 0.25 0.47 1.00 1.00 0.21 0.38 1.00 1.00 0.25 0.47 1.00 1.00 0.21 0.37 1.00 1.00 0.22 0.40 1.00 1.00 0.22 0.41 1.00 1.00 0.20 0.36 1.00 1.00 0.20 0.36 1.00 1.00 0.28 0.62 1.00 1.00 0.28 0.83 1.00 1.00 0.28 0.60 1.00 1.00 0.27 0.80 1.00 1.00 0.25 0.58 1.00 1.00 0.28 0.60 1.00 1.00 0.23 0.56 1.00 1.00 0.27 0.74 1.00 1.00 0.29 0.62 1.00 1.00 0.29 0.78 1.00 1.00 0.26 0.59 1.00 1.00 0.24 0.58 1.00 1.00 0.29 0.64 1.00 1.00 0.27 0.62 1.00 1.00 0.30 0.87 1.00 1.00 0.25 0.66 1.00 1.00 0.22 0.47 1.00 1.00 0.20 0.38 1.00 1.00 0.25 0.47 1.00 1.00 0.22 0.34 1.00 1.00 0.28 0.60 1.00 1.00 0.28 0.62 1.00 1.00 0.26 0.73 1.00 1.00 0.27 0.74 1.00 1.00 0.29 0.64 1.00 1.00 0.28 0.78 1.00 1.00 0.29 0.62 1.00 1.00 0.27 0.76 1.00 1.00 0.22 0.41 1.00 1.00 0.16 0.27 0.75 1.00 0.21 0.32 0.94 1.00 0.19 0.37 1.00 1.00 0.26 0.60 1.00 1.00 0.25 0.65 1.00 1.00 0.28 0.62 1.00 1.00 0.29 0.83 1.00 1.00 0.16 0.16 0.16 1.00 0.16 0.16 0.16 1.00 0.16 0.23 0.51 1.00 0.16 0.16 0.16 1.00 0.22 0.40 1.00 1.00 0.23 0.40 1.00 1.00 0.16 0.27 0.75 1.00 0.16 0.32 0.98 1.00 0.16 0.16 0.16 1.00 0.16 0.16 0.16 1.00 0.16 0.16 0.16 1.00 0.16 0.16 0.16 1.00 0.22 0.41 1.00 1.00 0.22 0.45 1.00 1.00 0.22 0.40 1.00 1.00 0.22 0.44 1.00 1.00 0.16 0.16 0.16 1.00 0.16 0.25 0.65 1.00 0.16 0.23 0.53 1.00 0.19 0.31 0.95 1.00 0.29 0.91 1.00 1.00 0.28 0.66 1.00 1.00 0.29 0.67 1.00 1.00 0.30 0.71 1.00 1.00 0.25 0.50 1.00 1.00 0.25 0.53 1.00 1.00 0.25 0.54 1.00 1.00 0.25 0.51 1.00 1.00 0.24 0.50 1.00 1.00 0.24 0.51 1.00 1.00 0.24 0.51 1.00 1.00 0.24 0.49 1.00 1.00 0.27 0.71 1.00 1.00 0.27 0.71 1.00 1.00 0.26 0.50 1.00 1.00 0.26 0.50 1.00 1.00 0.25 0.47 1.00 1.00 0.25 0.47 1.00 1.00 0.25 0.67 1.00 1.00 0.25 0.66 1.00 1.00 0.27 0.64 1.00 1.00 0.29 0.87 1.00 1.00 0.29 0.88 1.00 1.00 0.28 0.64 1.00 1.00 0.26 0.56 1.00 1.00 0.26 0.53 1.00 1.00 0.25 0.53 1.00 1.00 0.25 0.55 1.00 1.00 0.31 0.91 1.00 1.00 0.31 0.92 1.00 1.00 0.31 0.93 1.00 1.00 0.31 0.93 1.00 1.00 0.24 0.52 1.00 1.00 0.24 0.51 1.00 1.00 0.24 0.50 1.00 1.00 0.24 0.52 1.00 1.00 0.16 0.25 0.65 1.00 0.16 0.16 0.16 1.00 0.19 0.31 0.94 1.00 0.16 0.23 0.53 1.00 0.16 0.16 0.16 1.00 0.16 0.16 0.16 1.00 0.19 0.28 0.75 1.00 0.19 0.28 0.76 1.00 0.28 0.35 0.60 1.00 0.16 0.16 0.16 1.00 0.16 0.30 0.88 1.00 0.16 0.24 0.58 1.00 0.09 0.16 0.44 1.00 0.16 0.32 0.96 1.00 0.16 0.27 0.75 1.00 0.16 0.24 0.59 1.00 0.16 0.28 0.76 1.00 0.16 0.30 0.89 1.00 0.16 0.32 0.97 1.00 0.16 0.34 1.00 1.00 0.09 0.16 0.44 1.00 0.09 0.18 0.54 1.00 0.16 0.66 1.00 1.00 0.16 0.48 1.00 1.00 0.16 0.50 1.00 1.00 0.16 0.41 1.00 1.00 0.16 0.65 1.00 1.00 0.16 0.48 1.00 1.00 0.16 0.53 1.00 1.00 0.16 0.43 1.00 1.00 0.16 0.49 1.00 1.00 0.16 0.56 1.00 1.00 0.16 0.78 1.00 1.00 0.18 0.40 1.00 1.00 0.22 0.29 0.49 1.00 0.18 0.41 1.00 1.00 0.24 0.37 0.99 1.00 0.10 0.13 0.18 1.00 0.09 0.11 0.15 1.00 0.22 0.34 0.87 1.00 0.22 0.27 0.45 1.00 0.18 0.40 1.00 1.00 0.18 0.39 1.00 1.00 0.16 0.57 1.00 1.00 0.16 0.80 1.00 1.00 0.16 0.34 1.00 1.00 0.16 0.29 0.84 1.00 0.30 0.42 0.69 1.00 0.26 0.35 0.55 1.00 0.25 0.33 0.51 1.00 0.22 0.27 0.38 1.00 0.25 0.33 0.51 1.00 0.10 0.12 0.16 1.00 0.23 0.30 0.44 1.00 0.10 0.13 0.18 1.00 0.25 0.32 0.49 1.00 0.27 0.38 0.61 1.00 0.24 0.32 0.49 1.00 0.33 0.48 0.82 1.00 0.09 0.11 0.15 1.00 0.10 0.13 0.18 1.00 0.09 0.18 0.53 1.00 0.07 0.13 0.33 1.00 0.16 0.41 1.00 1.00 0.09 0.18 0.54 1.00 0.09 0.16 0.44 1.00 0.16 0.43 1.00 1.00 0.18 0.43 1.00 1.00 0.16 0.67 1.00 1.00 0.16 0.54 1.00 1.00 0.16 0.68 1.00 1.00 0.20 0.28 0.61 1.00 0.10 0.12 0.16 1.00 0.09 0.11 0.14 1.00 0.18 0.42 1.00 1.00 0.20 0.27 0.58 1.00 0.10 0.12 0.16 1.00 0.11 0.13 0.18 1.00 0.11 0.13 0.19 1.00 0.16 0.31 0.94 1.00 0.07 0.13 0.33 1.00 0.09 0.18 0.53 1.00 0.09 0.16 0.44 1.00 0.11 0.13 0.19 1.00 0.17 0.31 0.98 1.00 0.16 0.31 0.94 1.00 0.16 0.33 1.00 1.00 0.16 0.29 0.85 1.00 0.07 0.13 0.33 1.00 0.09 0.11 0.13 1.00 0.17 0.32 1.00 1.00 0.17 0.33 1.00 1.00 0.07 0.13 0.33 1.00 0.21 0.25 0.35 1.00 0.29 0.42 0.68 1.00 0.23 0.30 0.44 1.00 0.25 0.32 0.49 1.00 0.11 0.13 0.20 1.00 0.21 0.25 0.34 1.00 0.20 0.24 0.31 1.00 0.16 0.16 0.16 1.00 0.09 0.11 0.14 1.00 0.18 0.19 0.22 1.00 0.19 0.22 0.28 1.00 0.09 0.11 0.13 1.00 0.18 0.19 0.22 1.00 0.16 0.16 0.16 1.00 0.16 0.17 0.18 1.00 0.17 0.18 0.19 1.00 0.37 0.92 1.00 1.00 0.38 1.00 1.00 1.00 0.45 0.75 1.00 1.00 0.43 0.84 1.00 1.00 0.35 0.82 1.00 1.00 0.44 1.00 1.00 1.00 0.37 1.00 1.00 1.00 0.38 1.00 1.00 1.00 0.40 1.00 1.00 1.00 0.41 1.00 1.00 1.00 0.41 1.00 1.00 1.00 0.40 1.00 1.00 1.00 0.38 1.00 1.00 1.00 0.36 1.00 1.00 1.00 0.35 0.98 1.00 1.00 0.33 0.77 1.00 1.00 0.42 0.80 1.00 1.00 0.44 0.74 1.00 1.00 0.46 0.73 1.00 1.00 0.37 0.89 1.00 1.00 0.39 1.00 1.00 1.00 0.41 1.00 1.00 1.00 0.42 1.00 1.00 1.00 0.43 1.00 1.00 1.00 0.44 1.00 1.00 1.00 0.44 1.00 1.00 1.00 0.43 1.00 1.00 1.00 0.42 1.00 1.00 1.00 0.40 1.00 1.00 1.00 0.39 1.00 1.00 1.00 0.38 1.00 1.00 1.00 0.37 0.96 1.00 1.00 0.37 0.91 1.00 1.00 0.18 0.19 0.22 1.00 0.18 0.19 0.22 1.00 0.16 0.17 0.18 1.00 0.16 0.16 0.16 1.00 0.16 0.16 0.16 1.00 0.16 0.16 0.16 1.00 0.16 0.17 0.18 1.00 0.16 0.16 0.16 1.00 0.17 0.18 0.19 1.00 0.19 0.22 0.28 1.00 0.17 0.19 0.22 1.00 0.19 0.22 0.28 1.00 0.16 0.17 0.18 1.00 0.19 0.22 0.28 1.00 0.20 0.23 0.31 1.00 0.20 0.23 0.30 1.00 0.19 0.22 0.28 1.00 0.18 0.19 0.22 1.00 0.19 0.22 0.29 1.00 0.20 0.24 0.33 1.00 0.20 0.24 0.32 1.00 0.17 0.18 0.19 1.00 0.16 0.16 0.16 1.00 0.16 0.16 0.16 1.00 0.16 0.16 0.16 1.00 0.17 0.18 0.19 1.00 0.16 0.37 1.00 1.00 0.16 0.42 1.00 1.00 0.07 0.12 0.33 1.00 0.16 0.44 1.00 1.00 0.07 0.13 0.35 1.00 0.16 0.44 1.00 1.00 0.21 0.49 1.00 1.00 0.07 0.13 0.34 1.00 0.07 0.13 0.35 1.00 0.22 0.69 1.00 1.00 0.04 0.06 0.15 1.00 0.16 0.23 0.51 1.00 0.16 0.28 0.78 1.00 0.16 0.23 0.51 1.00 0.16 0.23 0.51 1.00 0.00 0.00 0.00 1.00 0.00 0.00 0.00 1.00 0.16 0.28 0.78 1.00 0.21 0.37 1.00 1.00 0.00 0.00 0.00 1.00 0.00 0.00 0.00 1.00 0.21 0.37 1.00 1.00 0.02 0.03 0.06 1.00 0.16 0.34 1.00 1.00 0.22 0.55 1.00 1.00 0.22 0.66 1.00 1.00 0.09 0.17 0.50 1.00 0.09 0.21 0.52 1.00 0.09 0.21 0.52 1.00 0.22 0.66 1.00 1.00 0.22 0.73 1.00 1.00 0.09 0.22 0.52 1.00 0.16 0.44 1.00 1.00 0.09 0.22 0.52 1.00 0.22 0.69 1.00 1.00 0.09 0.22 0.52 1.00 0.09 0.22 0.52 1.00 0.22 0.67 1.00 1.00 0.21 0.52 1.00 1.00 0.21 0.38 1.00 1.00 0.21 0.38 1.00 1.00 0.21 0.32 0.96 1.00 0.21 0.38 1.00 1.00 0.21 0.38 1.00 1.00 0.22 0.53 1.00 1.00 0.22 0.68 1.00 1.00 0.22 0.68 1.00 1.00 0.22 0.74 1.00 1.00 0.22 0.67 1.00 1.00 0.22 0.74 1.00 1.00 0.20 0.57 1.00 1.00 0.21 0.66 1.00 1.00 0.37 1.00 1.00 1.00 0.09 0.19 0.64 1.00 0.15 0.40 1.00 1.00 0.00 0.00 0.00 1.00 0.19 0.40 1.00 1.00 0.18 0.24 0.55 1.00 0.00 0.00 0.00 1.00 0.00 0.00 0.00 1.00 0.18 0.24 0.55 1.00 0.18 0.19 0.23 1.00 0.00 0.00 0.00 1.00 0.19 0.25 0.57 1.00 0.00 0.00 0.00 1.00 0.09 0.20 0.71 1.00 0.19 0.25 0.57 1.00 0.20 0.41 1.00 1.00 0.50 1.00 1.00 1.00 0.15 0.42 1.00 1.00 0.15 0.49 1.00 1.00 0.15 0.42 1.00 1.00 0.21 0.58 1.00 1.00 0.15 0.40 1.00 1.00 0.16 0.30 0.87 1.00 0.16 0.34 1.00 1.00 0.09 0.17 0.50 1.00 0.02 0.03 0.06 1.00 0.16 0.23 0.51 1.00 0.16 0.16 0.16 1.00 0.04 0.06 0.15 1.00 0.00 0.00 0.00 1.00 0.21 0.52 1.00 1.00 0.22 0.67 1.00 1.00 0.20 0.57 1.00 1.00 0.22 0.67 1.00 1.00 0.21 0.38 1.00 1.00 0.21 0.38 1.00 1.00 0.21 0.32 0.96 1.00 0.21 0.38 1.00 1.00 0.22 0.53 1.00 1.00 0.21 0.38 1.00 1.00 0.22 0.68 1.00 1.00 0.21 0.58 1.00 1.00 0.22 0.68 1.00 1.00 0.09 0.17 0.49 1.00 0.16 0.52 1.00 1.00 0.09 0.27 0.67 1.00 0.10 0.23 0.76 1.00 0.00 0.00 0.00 1.00 0.20 0.24 0.33 1.00 0.18 0.20 0.29 1.00 0.08 0.18 0.64 1.00 0.41 0.48 0.74 1.00 0.19 0.39 1.00 1.00 0.00 0.00 0.00 1.00 0.05 0.06 0.11 1.00 0.06 0.12 0.36 1.00 </float_array>
                    <technique_common>
                        <accessor source="#geom-0098FEF4-colors-array" count="516" stride="4">
                            <param name="R" type="float" />
                            <param name="G" type="float" />
                            <param name="B" type="float" />
                            <param name="A" type="float" />
                        </accessor>
                    </technique_common>
                </source>
                <vertices id="geom-0098FEF4-vtx">
                    <input semantic="POSITION" source="#geom-0098FEF4-pos" />
                </vertices>
                <triangles count="246" material="material-0093E126-symbol">
                    <input semantic="VERTEX" source="#geom-0098FEF4-vtx" offset="0" />
                    <input semantic="TEXCOORD" source="#geom-0098FEF4-texcoord" offset="0" />
                    <input semantic="COLOR" source="#geom-0098FEF4-colors" offset="0" />
                    <p>0 1 2 26 0 2 26 2 27 27 2 28 28 37 27 36 37 28 36 35 37 34 35 36 39 34 36 38 34 39 39 40 38 41 40 39 17 40 41 33 40 17 17 16 33 15 16 17 15 17 4 17 41 4 4 41 5 4 5 6 6 5 3 1 6 3 2 1 3 2 3 28 28 3 7 7 36 28 39 36 7 5 39 7 7 3 5 41 39 5 8 9 10 8 10 11 11 20 8 11 25 20 24 25 11 11 12 24 11 10 12 12 10 13 23 12 13 22 12 23 24 12 22 13 10 14 10 48 14 10 9 48 48 9 44 44 9 18 18 32 44 18 31 32 33 31 18 33 16 31 31 16 50 29 31 50 29 30 31 31 30 32 32 30 42 44 32 42 42 30 43 18 9 19 18 19 47 33 18 47 47 40 33 40 47 38 38 47 46 46 45 38 46 20 45 21 20 46 8 20 21 21 9 8 19 9 21 21 47 19 46 47 21 20 25 45 25 35 45 35 34 45 38 45 34 49 0 26 50 16 51 16 52 51 16 15 52 52 15 53 55 53 15 54 55 15 </p>
                </triangles>
            </mesh>
        </geometry>
        <geometry id="geom-0160F69B" name="geom-0160F69B">
            <mesh>
                <source id="geom-0160F69B-pos">
                    <float_array id="geom-0160F69B-pos-array" count="1380">4084.40 81.59 -898.75 4072.20 81.59 -939.17 4084.40 40.91 -898.75 4072.20 40.91 -939.17 4084.40 -73.41 -898.75 4072.16 -73.41 -939.17 4084.40 -114.09 -898.75 4072.16 -114.09 -939.17 4072.16 -150.91 -740.83 4084.40 -150.91 -781.25 4072.16 -191.59 -740.83 4084.40 -191.59 -781.25 4072.16 4.09 -740.83 4084.40 4.09 -781.25 4072.16 -36.59 -740.83 4084.40 -36.59 -781.25 4090.20 -150.91 -819.79 4090.20 -150.91 -860.21 4090.20 -191.59 -819.79 4090.20 -191.59 -860.21 4090.20 4.09 -819.79 4090.20 4.09 -860.21 4090.20 -36.59 -819.79 4090.20 -36.59 -860.21 4072.16 -73.41 -740.83 4084.40 -73.41 -781.25 4072.16 -114.09 -740.83 4084.40 -114.09 -781.25 4084.40 -150.91 -898.75 4072.20 -150.91 -939.17 4084.40 -191.59 -898.75 4072.20 -191.59 -939.17 4090.20 -73.41 -819.79 4090.20 -73.41 -860.21 4090.20 -114.09 -819.79 4090.20 -114.09 -860.21 4084.40 4.09 -898.75 4072.16 4.09 -939.17 4084.40 -36.59 -898.75 4072.16 -36.59 -939.17 4072.16 81.59 -740.83 4084.40 81.59 -781.25 4072.16 40.91 -740.83 4084.40 40.91 -781.25 4090.20 81.59 -819.79 4090.20 81.59 -860.21 4090.20 40.91 -819.79 4090.20 40.91 -860.21 4083.40 100.00 -878.50 4060.16 100.00 -955.49 4077.12 96.12 -880.80 4056.20 96.12 -950.10 4060.16 22.50 -955.49 4056.20 26.38 -950.10 4083.40 22.50 -878.50 4077.12 26.38 -880.80 4083.40 -55.00 -878.50 4060.16 -55.00 -955.49 4077.12 -58.88 -880.80 4056.20 -58.88 -950.10 4060.16 -132.50 -955.49 4056.20 -128.63 -950.10 4083.40 -132.50 -878.50 4077.12 -128.63 -880.80 4060.16 -132.50 -724.51 4083.40 -132.50 -801.50 4056.20 -136.38 -729.90 4077.12 -136.38 -799.20 4083.40 -210.00 -801.50 4077.12 -206.12 -799.20 4060.16 -210.00 -724.51 4056.20 -206.12 -729.90 4060.16 22.50 -724.51 4083.40 22.50 -801.50 4056.20 18.63 -729.90 4077.12 18.63 -799.20 4083.40 -55.00 -801.50 4077.12 -51.13 -799.20 4060.16 -55.00 -724.51 4056.20 -51.13 -729.90 4083.40 -132.50 -801.50 4083.40 -132.50 -878.50 4078.08 -136.38 -805.35 4078.08 -136.38 -874.65 4083.40 -210.00 -878.50 4078.08 -206.12 -874.65 4083.40 -210.00 -801.50 4078.08 -206.12 -805.35 4083.40 22.50 -801.50 4083.40 22.50 -878.50 4078.08 18.63 -805.35 4078.08 18.63 -874.65 4083.40 -55.00 -878.50 4078.08 -51.13 -874.65 4083.40 -55.00 -801.50 4078.08 -51.13 -805.35 4060.16 -55.00 -724.51 4083.40 -55.00 -801.50 4056.20 -58.87 -729.90 4077.12 -58.87 -799.20 4083.40 -132.50 -801.50 4077.12 -128.62 -799.20 4060.16 -132.50 -724.51 4056.20 -128.62 -729.90 4083.40 -132.50 -878.50 4060.16 -132.50 -955.49 4077.12 -136.37 -880.80 4056.20 -136.37 -950.10 4060.16 -210.00 -955.49 4056.20 -206.12 -950.10 4083.40 -210.00 -878.50 4077.12 -206.12 -880.80 4083.40 -55.00 -801.50 4083.40 -55.00 -878.50 4078.08 -58.87 -805.35 4078.08 -58.87 -874.65 4083.40 -132.50 -878.50 4078.08 -128.62 -874.65 4083.40 -132.50 -801.50 4078.08 -128.62 -805.35 4083.40 22.50 -878.50 4060.16 22.50 -955.49 4077.12 18.63 -880.80 4056.20 18.63 -950.10 4060.16 -55.00 -955.49 4056.20 -51.13 -950.10 4083.40 -55.00 -878.50 4077.12 -51.13 -880.80 4060.16 100.00 -724.51 4083.40 100.00 -801.50 4056.20 96.12 -729.90 4077.12 96.12 -799.20 4083.40 22.50 -801.50 4077.12 26.38 -799.20 4060.16 22.50 -724.51 4056.20 26.38 -729.90 4083.40 100.00 -801.50 4083.40 100.00 -878.50 4078.08 96.12 -805.35 4078.08 96.12 -874.65 4083.40 22.50 -878.50 4078.08 26.38 -874.65 4083.40 22.50 -801.50 4078.08 26.38 -805.35 4074.00 85.66 -891.20 4059.36 85.66 -939.70 4059.36 36.84 -939.70 4074.00 36.84 -891.20 4074.00 -69.34 -891.20 4059.36 -69.34 -939.70 4059.36 -118.16 -939.70 4074.00 -118.16 -891.20 4059.36 -146.84 -740.30 4074.00 -146.84 -788.80 4074.00 -195.66 -788.80 4059.36 -195.66 -740.30 4059.36 8.16 -740.30 4074.00 8.16 -788.80 4074.00 -40.66 -788.80 4059.36 -40.66 -740.30 4078.08 -146.84 -815.75 4078.08 -146.84 -864.25 4078.08 -195.66 -864.25 4078.08 -195.66 -815.75 4078.08 8.16 -815.75 4078.08 8.16 -864.25 4078.08 -40.66 -864.25 4078.08 -40.66 -815.75 4059.36 -69.34 -740.30 4074.00 -69.34 -788.80 4074.00 -118.16 -788.80 4059.36 -118.16 -740.30 4074.00 -146.84 -891.20 4059.36 -146.84 -939.70 4059.36 -195.66 -939.70 4074.00 -195.66 -891.20 4078.08 -69.34 -815.75 4078.08 -69.34 -864.25 4078.08 -118.16 -864.25 4078.08 -118.16 -815.75 4074.00 8.16 -891.20 4059.36 8.16 -939.70 4059.36 -40.66 -939.70 4074.00 -40.66 -891.20 4059.36 85.66 -740.30 4074.00 85.66 -788.80 4074.00 36.84 -788.80 4059.36 36.84 -740.30 4078.08 85.66 -815.75 4078.08 85.66 -864.25 4078.08 36.84 -864.25 4078.08 36.84 -815.75 4072.16 40.91 -740.83 4056.04 100.00 -975.00 4056.04 40.00 -1029.23 4056.04 40.00 -975.00 4056.04 -20.00 -1083.45 4056.04 -20.00 -1029.23 4056.04 -20.00 -975.00 4056.04 40.49 -705.00 4056.04 -20.00 -705.00 4056.04 40.00 -650.77 4056.04 -20.00 -650.77 4056.04 -100.00 -650.77 4056.04 -20.00 -596.55 4056.04 -100.00 -596.55 3810.57 -100.00 -596.55 3933.31 -100.00 -596.55 3810.57 -180.00 -596.55 3933.31 -180.00 -596.55 3810.57 -100.00 -1083.45 3933.31 -100.00 -1083.45 3810.57 -20.00 -1083.45 3933.31 -20.00 -1083.45 3810.57 -180.00 -1083.45 3750.57 -180.00 -1023.45 3750.57 -100.00 -1023.45 3690.57 -100.00 -963.45 3601.28 -100.00 -963.75 3690.57 -180.00 -963.45 3601.28 -180.00 -963.75 3512.00 -180.00 -715.96 3512.00 -100.00 -715.96 3601.28 -180.00 -716.25 3601.28 -100.00 -716.25 3690.57 -180.00 -716.55 3690.57 -100.00 -716.55 3750.57 -180.00 -656.55 3750.57 -100.00 -656.55 4056.04 -100.00 -1029.23 4056.04 -100.00 -975.00 3512.00 -120.00 -840.00 3512.00 -120.00 -890.00 3511.30 -100.00 -840.00 3511.30 -100.00 -910.00 3512.00 -180.00 -770.00 3512.00 -180.00 -720.00 3512.00 -240.00 -770.00 3512.00 -240.00 -720.00 3512.00 -240.00 -910.00 3512.00 -180.00 -910.00 3512.00 -240.00 -890.00 3512.00 -180.00 -890.00 3512.00 -100.00 -715.96 3512.00 -180.00 -715.96 4056.04 -100.00 -1083.45 4056.04 -180.00 -1083.45 3933.31 -180.00 -1083.45 4056.04 -100.00 -596.55 4056.04 -20.00 -596.55 3933.31 -20.00 -596.55 3690.57 -20.00 -963.45 3750.57 -20.00 -1023.45 3810.57 -20.00 -596.55 3750.57 -20.00 -656.55 3601.28 -20.00 -963.75 3512.00 -100.00 -964.04 3509.18 -20.06 -964.04 3690.57 -20.00 -716.55 3601.28 -20.00 -716.25 3512.00 -100.00 -964.04 3512.00 -180.00 -960.00 3512.00 -180.00 -964.04 4056.04 -180.00 -1029.23 4056.04 -180.00 -1083.45 4056.04 -100.00 -1083.45 4056.04 -20.00 -1083.45 3512.00 -180.00 -964.04 4056.04 -180.00 -705.00 4056.04 -180.00 -650.77 4056.04 -146.84 -705.00 4056.04 -100.00 -705.00 4056.04 -180.00 -596.55 3509.18 -20.00 -715.96 4056.04 -180.00 -975.00 4056.04 -146.84 -975.00 4056.04 -180.00 -596.55 3511.30 -100.00 -770.00 3512.00 -180.00 -790.00 3512.00 -240.00 -790.00 3512.00 -120.00 -790.00 3512.00 -240.00 -960.00 3509.18 -20.00 -840.00 3509.18 -20.00 -907.82 4056.04 100.00 -705.00 3509.18 -20.06 -964.04 3509.66 -38.28 -771.63 3509.18 -20.00 -765.70 3509.18 -20.00 -715.96 3509.93 -48.52 -797.26 3509.61 -36.27 -800.30 3509.55 -34.15 -813.47 3509.18 -20.00 -826.88 3990.92 -213.33 -851.98 3984.13 -213.33 -862.13 3989.53 -210.00 -851.40 3983.07 -210.00 -861.07 3973.40 -210.00 -867.53 3962.00 -212.39 -840.00 3962.00 -210.00 -869.80 3950.60 -210.00 -867.53 3940.93 -210.00 -861.07 3934.47 -210.00 -851.40 3932.20 -210.00 -840.00 3934.47 -210.00 -828.60 3940.93 -210.00 -818.93 3950.60 -210.00 -812.47 3962.00 -210.00 -810.20 3973.40 -210.00 -812.47 3983.07 -210.00 -818.93 3989.53 -210.00 -828.60 3991.80 -210.00 -840.00 3993.30 -213.33 -840.00 3973.98 -213.33 -868.92 3962.00 -213.33 -871.30 3950.02 -213.33 -868.92 3939.87 -213.33 -862.13 3933.08 -213.33 -851.98 3930.70 -213.33 -840.00 3933.08 -213.33 -828.02 3939.87 -213.33 -817.87 3950.02 -213.33 -811.08 3962.00 -213.33 -808.70 3973.98 -213.33 -811.08 3984.13 -213.33 -817.87 3990.92 -213.33 -828.02 3509.66 -38.28 -771.63 3509.93 -48.52 -797.26 3489.01 -20.00 -781.30 3481.00 -20.00 -803.32 3509.61 -36.27 -800.30 3490.81 -20.00 -803.67 3509.55 -34.15 -813.47 3492.80 -20.00 -814.26 3509.18 -20.00 -826.88 3509.18 -20.00 -765.70 3410.38 49.61 -818.12 3509.18 -20.00 -765.70 3489.01 -20.00 -781.30 3512.00 0.00 -750.17 3512.00 -20.00 -766.77 3569.45 0.00 -772.50 3536.36 0.00 -751.50 3512.00 -20.00 -827.75 3512.00 0.00 -840.00 3564.10 0.00 -818.12 3560.66 0.00 -803.17 3509.18 -20.00 -826.88 3481.00 -20.00 -803.32 3490.81 -20.00 -803.67 3492.80 -20.00 -814.26 3509.18 -20.00 -826.88 3880.00 120.00 -752.00 3908.00 110.00 -776.00 3909.00 120.00 -765.00 3926.00 100.00 -804.00 3928.00 120.00 -782.00 3926.00 100.00 -804.00 3962.00 90.00 -800.00 3962.00 120.00 -767.00 3928.00 120.00 -782.00 3934.00 90.00 -811.00 3997.00 120.00 -782.00 3999.00 100.00 -804.00 3991.00 90.00 -811.00 3999.00 100.00 -804.00 4003.00 90.00 -840.00 4021.00 120.00 -806.00 4035.00 120.00 -840.00 3991.00 90.00 -811.00 3991.00 90.00 -869.00 4014.00 120.00 -891.00 4014.00 120.00 -891.00 3991.00 90.00 -869.00 3980.00 120.00 -906.00 3962.00 100.00 -891.00 3962.00 90.00 -880.00 3934.00 90.00 -869.00 3945.00 120.00 -906.00 3911.00 120.00 -891.00 3911.00 120.00 -891.00 3934.00 90.00 -869.00 3922.00 90.00 -840.00 3890.00 120.00 -840.00 3926.00 100.00 -804.00 3904.00 120.00 -806.00 3934.00 90.00 -811.00 3897.00 120.00 -777.00 3904.00 120.00 -806.00 3940.50 87.61 -818.00 3962.00 87.61 -809.00 3984.50 87.61 -818.00 3984.50 87.61 -818.00 3993.50 87.61 -840.00 3984.50 87.61 -862.00 3984.50 87.61 -862.00 3962.00 87.61 -871.00 3940.50 87.61 -862.00 3940.50 87.61 -862.00 3931.50 87.61 -840.00 3940.50 87.61 -818.00 3931.50 87.61 -840.00 3950.93 63.71 -828.80 3946.44 63.71 -840.00 3962.00 -10.00 -840.00 3962.08 37.44 -832.63 3957.06 37.44 -834.98 3967.44 37.44 -834.98 3962.13 63.71 -823.57 3974.07 63.71 -828.80 3967.44 37.44 -834.98 3969.45 37.44 -840.00 3974.07 63.71 -828.80 3978.56 63.71 -840.00 3967.44 37.44 -845.02 3974.07 63.71 -851.20 3967.44 37.44 -845.02 3962.08 37.44 -847.37 3974.07 63.71 -851.20 3962.13 63.71 -856.43 3962.00 -10.00 -840.00 3957.06 37.44 -845.02 3955.05 37.44 -840.00 3957.06 37.44 -845.02 3950.93 63.71 -851.20 3957.06 37.44 -834.98 3962.00 120.00 -969.00 3962.00 100.00 -891.00 3945.00 120.00 -906.00 3980.00 120.00 -906.00 3999.00 100.00 -804.00 4043.00 120.00 -767.00 3997.00 120.00 -782.00 4021.00 120.00 -806.00 3962.00 87.61 -809.00 3940.50 87.61 -818.00 3950.93 63.71 -828.80 3940.50 87.61 -818.00 3984.50 87.61 -818.00 3984.50 87.61 -818.00 3993.50 87.61 -840.00 3984.50 87.61 -862.00 3962.00 87.61 -871.00 3984.50 87.61 -862.00 3940.50 87.61 -862.00 3950.93 63.71 -851.20 3940.50 87.61 -862.00 3744.00 51.00 -891.00 3753.00 30.00 -884.00 3721.00 28.00 -897.00 3728.00 36.00 -879.00 3650.00 0.00 -844.00 3614.00 0.00 -854.00 3657.00 -17.00 -849.00 3660.00 0.00 -858.00 3657.00 -17.00 -849.00 3685.00 -24.00 -834.00 3664.00 0.00 -834.00 3650.00 0.00 -844.00 3692.00 0.00 -844.00 </float_array>
                    <technique_common>
                        <accessor source="#geom-0160F69B-pos-array" count="460" stride="3">
                            <param name="X" type="float" />
                            <param name="Y" type="float" />
                            <param name="Z" type="float" />
                        </accessor>
                    </technique_common>
                </source>
                <source id="geom-0160F69B-texcoord">
                    <float_array id="geom-0160F69B-texcoord-array" count="920">0.72 0.72 0.28 0.72 0.72 0.28 0.28 0.28 0.72 0.72 0.28 0.72 0.72 0.28 0.28 0.28 0.72 0.72 0.28 0.72 0.72 0.28 0.28 0.28 0.72 0.72 0.28 0.72 0.72 0.28 0.28 0.28 0.72 0.72 0.28 0.72 0.72 0.28 0.28 0.28 0.72 0.72 0.28 0.72 0.72 0.28 0.28 0.28 0.72 0.72 0.28 0.72 0.72 0.28 0.28 0.28 0.72 0.72 0.28 0.72 0.72 0.28 0.28 0.28 0.72 0.72 0.28 0.72 0.72 0.28 0.28 0.28 0.72 0.72 0.28 0.72 0.72 0.28 0.28 0.28 0.72 0.72 0.28 0.72 0.72 0.28 0.28 0.28 0.72 0.72 0.28 0.72 0.72 0.28 0.28 0.28 0.99 0.99 0.01 0.99 0.94 0.94 0.06 0.94 0.01 0.01 0.06 0.06 0.99 0.01 0.94 0.06 0.99 0.99 0.01 0.99 0.94 0.94 0.06 0.94 0.01 0.01 0.06 0.06 0.99 0.01 0.94 0.06 0.99 0.99 0.01 0.99 0.94 0.94 0.06 0.94 0.01 0.01 0.06 0.06 0.99 0.01 0.94 0.06 0.99 0.99 0.01 0.99 0.94 0.94 0.06 0.94 0.01 0.01 0.06 0.06 0.99 0.01 0.94 0.06 0.99 0.99 0.01 0.99 0.94 0.94 0.06 0.94 0.01 0.01 0.06 0.06 0.99 0.01 0.94 0.06 0.99 0.99 0.01 0.99 0.94 0.94 0.06 0.94 0.01 0.01 0.06 0.06 0.99 0.01 0.94 0.06 0.99 0.99 0.01 0.99 0.94 0.94 0.06 0.94 0.01 0.01 0.06 0.06 0.99 0.01 0.94 0.06 0.99 0.99 0.01 0.99 0.94 0.94 0.06 0.94 0.01 0.01 0.06 0.06 0.99 0.01 0.94 0.06 0.99 0.99 0.01 0.99 0.94 0.94 0.06 0.94 0.01 0.01 0.06 0.06 0.99 0.01 0.94 0.06 0.99 0.99 0.01 0.99 0.94 0.94 0.06 0.94 0.01 0.01 0.06 0.06 0.99 0.01 0.94 0.06 0.99 0.99 0.01 0.99 0.94 0.94 0.06 0.94 0.01 0.01 0.06 0.06 0.99 0.01 0.94 0.06 0.99 0.99 0.01 0.99 0.94 0.94 0.06 0.94 0.01 0.01 0.06 0.06 0.99 0.01 0.94 0.06 0.81 0.81 0.19 0.81 0.19 0.19 0.81 0.19 0.81 0.81 0.19 0.81 0.19 0.19 0.81 0.19 0.81 0.81 0.19 0.81 0.19 0.19 0.81 0.19 0.81 0.81 0.19 0.81 0.19 0.19 0.81 0.19 0.81 0.81 0.19 0.81 0.19 0.19 0.81 0.19 0.81 0.81 0.19 0.81 0.19 0.19 0.81 0.19 0.81 0.81 0.19 0.81 0.19 0.19 0.81 0.19 0.81 0.81 0.19 0.81 0.19 0.19 0.81 0.19 0.81 0.81 0.19 0.81 0.19 0.19 0.81 0.19 0.81 0.81 0.19 0.81 0.19 0.19 0.81 0.19 0.81 0.81 0.19 0.81 0.19 0.19 0.81 0.19 0.81 0.81 0.19 0.81 0.19 0.19 0.81 0.19 0.72 0.28 0.27 0.13 0.17 0.03 0.27 0.03 0.07 -0.07 0.17 -0.07 0.27 -0.07 0.00 0.03 0.00 -0.07 0.10 0.03 0.10 -0.07 0.10 -0.20 0.20 -0.07 0.20 -0.20 0.40 0.02 0.20 0.02 0.40 -0.12 0.20 -0.12 0.59 0.02 0.79 0.02 0.59 0.15 0.79 0.15 0.59 -0.12 0.44 -0.12 0.44 0.02 0.30 0.02 0.15 0.02 0.30 -0.12 0.15 -0.12 0.99 -0.12 0.99 0.02 0.84 -0.12 0.84 0.02 0.69 -0.12 0.69 0.02 0.54 -0.12 0.54 0.02 0.17 -0.20 0.27 -0.20 0.20 0.02 0.28 0.02 0.20 0.05 0.31 0.05 0.09 -0.08 0.01 -0.08 0.09 -0.18 0.01 -0.18 0.31 -0.18 0.31 -0.08 0.28 -0.18 0.28 -0.08 0.00 0.05 0.00 -0.08 0.99 0.02 0.99 -0.12 0.79 -0.12 0.00 0.02 0.00 0.15 0.20 0.15 0.30 0.15 0.44 0.15 0.40 0.15 0.54 0.15 0.15 0.15 0.00 0.02 0.00 0.15 0.69 0.15 0.84 0.15 0.40 0.05 0.40 -0.08 0.40 -0.08 0.17 -0.33 0.07 -0.33 0.07 -0.20 0.99 0.15 0.00 -0.12 0.00 -0.33 0.10 -0.33 0.00 -0.28 0.00 -0.20 0.00 -0.12 0.99 0.15 0.27 -0.33 0.27 -0.28 0.20 -0.33 0.09 0.05 0.12 -0.08 0.12 -0.18 0.12 0.02 0.40 -0.18 0.20 0.18 0.31 0.18 0.00 0.13 0.40 0.18 0.09 0.15 0.08 0.18 0.00 0.18 0.13 0.13 0.14 0.15 0.16 0.16 0.18 0.18 0.95 0.69 0.85 0.85 0.91 0.67 0.81 0.81 0.67 0.91 0.50 0.50 0.50 0.94 0.32 0.91 0.18 0.81 0.08 0.67 0.05 0.50 0.08 0.32 0.18 0.18 0.32 0.08 0.50 0.05 0.67 0.08 0.81 0.18 0.91 0.32 0.94 0.50 0.99 0.50 0.69 0.95 0.50 0.99 0.31 0.95 0.15 0.85 0.04 0.69 0.00 0.50 0.04 0.31 0.15 0.15 0.31 0.04 0.50 0.00 0.69 0.04 0.85 0.15 0.95 0.31 0.09 -0.16 0.46 -0.28 0.20 0.22 0.51 0.28 0.61 -0.12 0.63 0.22 0.80 -0.08 0.79 0.21 0.99 0.11 0.00 0.07 0.68 -0.29 0.71 -0.88 0.83 -0.75 0.54 -0.87 0.70 -0.89 0.18 -0.99 0.42 -0.95 0.00 -0.34 0.11 -0.44 0.01 -0.77 0.09 -0.82 0.04 -0.18 0.96 -0.34 0.68 0.21 0.29 0.09 0.05 -0.11 0.00 0.75 0.31 0.75 0.25 0.64 0.61 0.74 0.50 0.53 0.71 0.22 0.37 0.37 0.37 0.00 0.68 0.00 0.65 0.37 0.12 0.00 0.05 0.22 0.09 0.37 0.71 0.22 0.37 0.37 0.68 0.00 0.37 0.00 0.65 0.37 0.09 0.37 0.00 0.00 0.74 0.00 0.65 0.37 0.47 0.00 0.37 0.25 0.37 0.37 0.09 0.37 0.28 0.00 0.00 0.00 0.74 0.00 0.65 0.37 0.37 0.37 0.37 0.00 0.07 0.26 0.12 0.00 0.09 0.37 0.25 0.85 0.50 0.96 0.62 0.48 0.37 0.48 0.12 0.48 0.62 0.48 0.37 0.48 0.12 0.48 0.62 0.48 0.37 0.48 0.12 0.48 0.62 0.48 0.37 0.48 0.99 0.99 0.78 0.99 0.90 0.68 0.78 0.68 0.78 0.01 0.78 0.43 0.71 0.43 0.84 0.43 0.78 0.68 0.90 0.68 0.71 0.43 0.78 0.43 0.65 0.68 0.78 0.68 0.84 0.43 0.90 0.68 0.71 0.43 0.78 0.43 0.65 0.68 0.78 0.68 0.78 0.01 0.84 0.43 0.78 0.43 0.71 0.43 0.65 0.68 0.84 0.43 0.00 0.75 0.61 0.74 0.50 0.53 0.50 0.96 0.61 0.74 0.00 0.75 0.50 0.96 0.50 0.53 0.78 0.99 0.56 0.99 0.65 0.68 0.12 0.48 0.99 0.99 0.56 0.99 0.78 0.99 0.99 0.99 0.78 0.99 0.56 0.99 0.99 0.99 0.90 0.68 0.56 0.99 0.50 0.96 0.61 0.74 0.31 0.75 0.50 0.53 0.25 0.64 0.00 0.75 0.31 0.75 0.25 0.85 0.31 0.75 0.61 0.74 0.50 0.53 0.25 0.64 0.50 0.96 </float_array>
                    <technique_common>
                        <accessor source="#geom-0160F69B-texcoord-array" count="460" stride="2">
                            <param name="S" type="float" />
                            <param name="T" type="float" />
                        </accessor>
                    </technique_common>
                </source>
                <source id="geom-0160F69B-colors">
                    <float_array id="geom-0160F69B-colors-array" count="1840">0.16 0.16 0.16 1.00 0.16 0.16 0.16 1.00 0.16 0.23 0.53 1.00 0.16 0.20 0.36 1.00 0.26 0.58 1.00 1.00 0.27 0.53 1.00 1.00 0.26 0.58 1.00 1.00 0.26 0.53 1.00 1.00 0.23 0.38 1.00 1.00 0.22 0.42 1.00 1.00 0.24 0.47 1.00 1.00 0.24 0.49 1.00 1.00 0.24 0.45 1.00 1.00 0.23 0.48 1.00 1.00 0.22 0.37 1.00 1.00 0.21 0.40 1.00 1.00 0.24 0.36 1.00 1.00 0.24 0.37 1.00 1.00 0.25 0.44 1.00 1.00 0.25 0.44 1.00 1.00 0.24 0.42 1.00 1.00 0.24 0.42 1.00 1.00 0.22 0.35 1.00 1.00 0.22 0.35 1.00 1.00 0.26 0.51 1.00 1.00 0.25 0.56 1.00 1.00 0.26 0.51 1.00 1.00 0.25 0.56 1.00 1.00 0.23 0.44 1.00 1.00 0.24 0.39 1.00 1.00 0.24 0.51 1.00 1.00 0.25 0.47 1.00 1.00 0.27 0.72 1.00 1.00 0.27 0.72 1.00 1.00 0.27 0.72 1.00 1.00 0.27 0.72 1.00 1.00 0.24 0.49 1.00 1.00 0.24 0.45 1.00 1.00 0.21 0.41 1.00 1.00 0.22 0.38 1.00 1.00 0.16 0.16 0.16 1.00 0.16 0.16 0.16 1.00 0.16 0.20 0.36 1.00 0.16 0.23 0.53 1.00 0.16 0.16 0.16 1.00 0.16 0.16 0.16 1.00 0.16 0.16 0.16 1.00 0.16 0.16 0.16 1.00 0.16 0.16 0.16 1.00 0.16 0.16 0.16 1.00 0.16 0.16 0.16 1.00 0.16 0.23 0.51 1.00 0.16 0.27 0.75 1.00 0.16 0.32 0.98 1.00 0.22 0.41 1.00 1.00 0.23 0.40 1.00 1.00 0.28 0.62 1.00 1.00 0.26 0.60 1.00 1.00 0.27 0.75 1.00 1.00 0.23 0.59 1.00 1.00 0.27 0.62 1.00 1.00 0.24 0.61 1.00 1.00 0.29 0.64 1.00 1.00 0.29 0.79 1.00 1.00 0.26 0.59 1.00 1.00 0.29 0.62 1.00 1.00 0.24 0.63 1.00 1.00 0.30 0.86 1.00 1.00 0.25 0.47 1.00 1.00 0.22 0.33 1.00 1.00 0.22 0.45 1.00 1.00 0.20 0.37 1.00 1.00 0.16 0.27 0.75 1.00 0.22 0.40 1.00 1.00 0.16 0.29 0.82 1.00 0.21 0.32 0.95 1.00 0.28 0.60 1.00 1.00 0.29 0.82 1.00 1.00 0.25 0.58 1.00 1.00 0.24 0.63 1.00 1.00 0.29 0.62 1.00 1.00 0.29 0.64 1.00 1.00 0.28 0.84 1.00 1.00 0.29 0.86 1.00 1.00 0.25 0.47 1.00 1.00 0.21 0.38 1.00 1.00 0.25 0.47 1.00 1.00 0.21 0.37 1.00 1.00 0.22 0.40 1.00 1.00 0.22 0.41 1.00 1.00 0.20 0.36 1.00 1.00 0.20 0.36 1.00 1.00 0.28 0.62 1.00 1.00 0.28 0.83 1.00 1.00 0.28 0.60 1.00 1.00 0.27 0.80 1.00 1.00 0.25 0.58 1.00 1.00 0.28 0.60 1.00 1.00 0.23 0.56 1.00 1.00 0.27 0.74 1.00 1.00 0.29 0.62 1.00 1.00 0.29 0.78 1.00 1.00 0.26 0.59 1.00 1.00 0.24 0.58 1.00 1.00 0.29 0.64 1.00 1.00 0.27 0.62 1.00 1.00 0.30 0.87 1.00 1.00 0.25 0.66 1.00 1.00 0.22 0.47 1.00 1.00 0.20 0.38 1.00 1.00 0.25 0.47 1.00 1.00 0.22 0.34 1.00 1.00 0.28 0.60 1.00 1.00 0.28 0.62 1.00 1.00 0.26 0.73 1.00 1.00 0.27 0.74 1.00 1.00 0.29 0.64 1.00 1.00 0.28 0.78 1.00 1.00 0.29 0.62 1.00 1.00 0.27 0.76 1.00 1.00 0.22 0.41 1.00 1.00 0.16 0.27 0.75 1.00 0.21 0.32 0.94 1.00 0.19 0.37 1.00 1.00 0.26 0.60 1.00 1.00 0.25 0.65 1.00 1.00 0.28 0.62 1.00 1.00 0.29 0.83 1.00 1.00 0.16 0.16 0.16 1.00 0.16 0.16 0.16 1.00 0.16 0.23 0.51 1.00 0.16 0.16 0.16 1.00 0.22 0.40 1.00 1.00 0.23 0.40 1.00 1.00 0.16 0.27 0.75 1.00 0.16 0.32 0.98 1.00 0.16 0.16 0.16 1.00 0.16 0.16 0.16 1.00 0.16 0.16 0.16 1.00 0.16 0.16 0.16 1.00 0.22 0.41 1.00 1.00 0.22 0.45 1.00 1.00 0.22 0.40 1.00 1.00 0.22 0.44 1.00 1.00 0.16 0.16 0.16 1.00 0.16 0.25 0.65 1.00 0.16 0.23 0.53 1.00 0.19 0.31 0.95 1.00 0.29 0.91 1.00 1.00 0.28 0.66 1.00 1.00 0.29 0.67 1.00 1.00 0.30 0.71 1.00 1.00 0.25 0.50 1.00 1.00 0.25 0.53 1.00 1.00 0.25 0.54 1.00 1.00 0.25 0.51 1.00 1.00 0.24 0.50 1.00 1.00 0.24 0.51 1.00 1.00 0.24 0.51 1.00 1.00 0.24 0.49 1.00 1.00 0.27 0.71 1.00 1.00 0.27 0.71 1.00 1.00 0.26 0.50 1.00 1.00 0.26 0.50 1.00 1.00 0.25 0.47 1.00 1.00 0.25 0.47 1.00 1.00 0.25 0.67 1.00 1.00 0.25 0.66 1.00 1.00 0.27 0.64 1.00 1.00 0.29 0.87 1.00 1.00 0.29 0.88 1.00 1.00 0.28 0.64 1.00 1.00 0.26 0.56 1.00 1.00 0.26 0.53 1.00 1.00 0.25 0.53 1.00 1.00 0.25 0.55 1.00 1.00 0.31 0.91 1.00 1.00 0.31 0.92 1.00 1.00 0.31 0.93 1.00 1.00 0.31 0.93 1.00 1.00 0.24 0.52 1.00 1.00 0.24 0.51 1.00 1.00 0.24 0.50 1.00 1.00 0.24 0.52 1.00 1.00 0.16 0.25 0.65 1.00 0.16 0.16 0.16 1.00 0.19 0.31 0.94 1.00 0.16 0.23 0.53 1.00 0.16 0.16 0.16 1.00 0.16 0.16 0.16 1.00 0.19 0.28 0.75 1.00 0.19 0.28 0.76 1.00 0.28 0.35 0.60 1.00 0.16 0.16 0.16 1.00 0.16 0.30 0.88 1.00 0.16 0.24 0.58 1.00 0.09 0.16 0.44 1.00 0.16 0.32 0.96 1.00 0.16 0.27 0.75 1.00 0.16 0.24 0.59 1.00 0.16 0.28 0.76 1.00 0.16 0.30 0.89 1.00 0.16 0.32 0.97 1.00 0.16 0.34 1.00 1.00 0.09 0.16 0.44 1.00 0.09 0.18 0.54 1.00 0.16 0.66 1.00 1.00 0.16 0.48 1.00 1.00 0.16 0.50 1.00 1.00 0.16 0.41 1.00 1.00 0.16 0.65 1.00 1.00 0.16 0.48 1.00 1.00 0.16 0.53 1.00 1.00 0.16 0.43 1.00 1.00 0.16 0.49 1.00 1.00 0.16 0.56 1.00 1.00 0.16 0.78 1.00 1.00 0.18 0.40 1.00 1.00 0.22 0.29 0.49 1.00 0.18 0.41 1.00 1.00 0.24 0.37 0.99 1.00 0.10 0.13 0.18 1.00 0.09 0.11 0.15 1.00 0.22 0.34 0.87 1.00 0.22 0.27 0.45 1.00 0.18 0.40 1.00 1.00 0.18 0.39 1.00 1.00 0.16 0.57 1.00 1.00 0.16 0.80 1.00 1.00 0.16 0.34 1.00 1.00 0.16 0.29 0.84 1.00 0.30 0.42 0.69 1.00 0.26 0.35 0.55 1.00 0.25 0.33 0.51 1.00 0.22 0.27 0.38 1.00 0.25 0.33 0.51 1.00 0.10 0.12 0.16 1.00 0.23 0.30 0.44 1.00 0.10 0.13 0.18 1.00 0.25 0.32 0.49 1.00 0.27 0.38 0.61 1.00 0.24 0.32 0.49 1.00 0.33 0.48 0.82 1.00 0.09 0.11 0.15 1.00 0.10 0.13 0.18 1.00 0.09 0.18 0.53 1.00 0.07 0.13 0.33 1.00 0.16 0.41 1.00 1.00 0.09 0.18 0.54 1.00 0.09 0.16 0.44 1.00 0.16 0.43 1.00 1.00 0.18 0.43 1.00 1.00 0.16 0.67 1.00 1.00 0.16 0.54 1.00 1.00 0.16 0.68 1.00 1.00 0.20 0.28 0.61 1.00 0.10 0.12 0.16 1.00 0.09 0.11 0.14 1.00 0.18 0.42 1.00 1.00 0.20 0.27 0.58 1.00 0.10 0.12 0.16 1.00 0.11 0.13 0.18 1.00 0.11 0.13 0.19 1.00 0.16 0.31 0.94 1.00 0.07 0.13 0.33 1.00 0.09 0.18 0.53 1.00 0.09 0.16 0.44 1.00 0.11 0.13 0.19 1.00 0.17 0.31 0.98 1.00 0.16 0.31 0.94 1.00 0.16 0.33 1.00 1.00 0.16 0.29 0.85 1.00 0.07 0.13 0.33 1.00 0.09 0.11 0.13 1.00 0.17 0.32 1.00 1.00 0.17 0.33 1.00 1.00 0.07 0.13 0.33 1.00 0.21 0.25 0.35 1.00 0.29 0.42 0.68 1.00 0.23 0.30 0.44 1.00 0.25 0.32 0.49 1.00 0.11 0.13 0.20 1.00 0.21 0.25 0.34 1.00 0.20 0.24 0.31 1.00 0.16 0.16 0.16 1.00 0.09 0.11 0.14 1.00 0.18 0.19 0.22 1.00 0.19 0.22 0.28 1.00 0.09 0.11 0.13 1.00 0.18 0.19 0.22 1.00 0.16 0.16 0.16 1.00 0.16 0.17 0.18 1.00 0.17 0.18 0.19 1.00 0.37 0.92 1.00 1.00 0.38 1.00 1.00 1.00 0.45 0.75 1.00 1.00 0.43 0.84 1.00 1.00 0.35 0.82 1.00 1.00 0.44 1.00 1.00 1.00 0.37 1.00 1.00 1.00 0.38 1.00 1.00 1.00 0.40 1.00 1.00 1.00 0.41 1.00 1.00 1.00 0.41 1.00 1.00 1.00 0.40 1.00 1.00 1.00 0.38 1.00 1.00 1.00 0.36 1.00 1.00 1.00 0.35 0.98 1.00 1.00 0.33 0.77 1.00 1.00 0.42 0.80 1.00 1.00 0.44 0.74 1.00 1.00 0.46 0.73 1.00 1.00 0.37 0.89 1.00 1.00 0.39 1.00 1.00 1.00 0.41 1.00 1.00 1.00 0.42 1.00 1.00 1.00 0.43 1.00 1.00 1.00 0.44 1.00 1.00 1.00 0.44 1.00 1.00 1.00 0.43 1.00 1.00 1.00 0.42 1.00 1.00 1.00 0.40 1.00 1.00 1.00 0.39 1.00 1.00 1.00 0.38 1.00 1.00 1.00 0.37 0.96 1.00 1.00 0.37 0.91 1.00 1.00 0.18 0.19 0.22 1.00 0.18 0.19 0.22 1.00 0.16 0.17 0.18 1.00 0.16 0.16 0.16 1.00 0.16 0.16 0.16 1.00 0.16 0.16 0.16 1.00 0.16 0.17 0.18 1.00 0.16 0.16 0.16 1.00 0.17 0.18 0.19 1.00 0.19 0.22 0.28 1.00 0.17 0.19 0.22 1.00 0.19 0.22 0.28 1.00 0.16 0.17 0.18 1.00 0.19 0.22 0.28 1.00 0.20 0.23 0.31 1.00 0.20 0.23 0.30 1.00 0.19 0.22 0.28 1.00 0.18 0.19 0.22 1.00 0.19 0.22 0.29 1.00 0.20 0.24 0.33 1.00 0.20 0.24 0.32 1.00 0.17 0.18 0.19 1.00 0.16 0.16 0.16 1.00 0.16 0.16 0.16 1.00 0.16 0.16 0.16 1.00 0.17 0.18 0.19 1.00 0.16 0.37 1.00 1.00 0.16 0.42 1.00 1.00 0.07 0.12 0.33 1.00 0.16 0.44 1.00 1.00 0.07 0.13 0.35 1.00 0.16 0.44 1.00 1.00 0.21 0.49 1.00 1.00 0.07 0.13 0.34 1.00 0.07 0.13 0.35 1.00 0.22 0.69 1.00 1.00 0.04 0.06 0.15 1.00 0.16 0.23 0.51 1.00 0.16 0.28 0.78 1.00 0.16 0.23 0.51 1.00 0.16 0.23 0.51 1.00 0.00 0.00 0.00 1.00 0.00 0.00 0.00 1.00 0.16 0.28 0.78 1.00 0.21 0.37 1.00 1.00 0.00 0.00 0.00 1.00 0.00 0.00 0.00 1.00 0.21 0.37 1.00 1.00 0.02 0.03 0.06 1.00 0.16 0.34 1.00 1.00 0.22 0.55 1.00 1.00 0.22 0.66 1.00 1.00 0.09 0.17 0.50 1.00 0.09 0.21 0.52 1.00 0.09 0.21 0.52 1.00 0.22 0.66 1.00 1.00 0.22 0.73 1.00 1.00 0.09 0.22 0.52 1.00 0.16 0.44 1.00 1.00 0.09 0.22 0.52 1.00 0.22 0.69 1.00 1.00 0.09 0.22 0.52 1.00 0.09 0.22 0.52 1.00 0.22 0.67 1.00 1.00 0.21 0.52 1.00 1.00 0.21 0.38 1.00 1.00 0.21 0.38 1.00 1.00 0.21 0.32 0.96 1.00 0.21 0.38 1.00 1.00 0.21 0.38 1.00 1.00 0.22 0.53 1.00 1.00 0.22 0.68 1.00 1.00 0.22 0.68 1.00 1.00 0.22 0.74 1.00 1.00 0.22 0.67 1.00 1.00 0.22 0.74 1.00 1.00 0.20 0.57 1.00 1.00 0.21 0.66 1.00 1.00 0.37 1.00 1.00 1.00 0.09 0.19 0.64 1.00 0.15 0.40 1.00 1.00 0.00 0.00 0.00 1.00 0.19 0.40 1.00 1.00 0.18 0.24 0.55 1.00 0.00 0.00 0.00 1.00 0.00 0.00 0.00 1.00 0.18 0.24 0.55 1.00 0.18 0.19 0.23 1.00 0.00 0.00 0.00 1.00 0.19 0.25 0.57 1.00 0.00 0.00 0.00 1.00 0.09 0.20 0.71 1.00 0.19 0.25 0.57 1.00 0.20 0.41 1.00 1.00 0.50 1.00 1.00 1.00 0.15 0.42 1.00 1.00 0.15 0.49 1.00 1.00 0.15 0.42 1.00 1.00 0.21 0.58 1.00 1.00 0.15 0.40 1.00 1.00 0.16 0.30 0.87 1.00 0.16 0.34 1.00 1.00 0.09 0.17 0.50 1.00 0.02 0.03 0.06 1.00 0.16 0.23 0.51 1.00 0.16 0.16 0.16 1.00 0.04 0.06 0.15 1.00 0.00 0.00 0.00 1.00 0.21 0.52 1.00 1.00 0.22 0.67 1.00 1.00 0.20 0.57 1.00 1.00 0.22 0.67 1.00 1.00 0.21 0.38 1.00 1.00 0.21 0.38 1.00 1.00 0.21 0.32 0.96 1.00 0.21 0.38 1.00 1.00 0.22 0.53 1.00 1.00 0.21 0.38 1.00 1.00 0.22 0.68 1.00 1.00 0.21 0.58 1.00 1.00 0.22 0.68 1.00 1.00 0.09 0.17 0.49 1.00 0.16 0.52 1.00 1.00 0.09 0.27 0.67 1.00 0.10 0.23 0.76 1.00 0.00 0.00 0.00 1.00 0.20 0.24 0.33 1.00 0.18 0.20 0.29 1.00 0.08 0.18 0.64 1.00 0.41 0.48 0.74 1.00 0.19 0.39 1.00 1.00 0.00 0.00 0.00 1.00 0.05 0.06 0.11 1.00 0.06 0.12 0.36 1.00 </float_array>
                    <technique_common>
                        <accessor source="#geom-0160F69B-colors-array" count="460" stride="4">
                            <param name="R" type="float" />
                            <param name="G" type="float" />
                            <param name="B" type="float" />
                            <param name="A" type="float" />
                        </accessor>
                    </technique_common>
                </source>
                <vertices id="geom-0160F69B-vtx">
                    <input semantic="POSITION" source="#geom-0160F69B-pos" />
                </vertices>
                <triangles count="936" material="material-0132EA58-symbol">
                    <input semantic="VERTEX" source="#geom-0160F69B-vtx" offset="0" />
                    <input semantic="TEXCOORD" source="#geom-0160F69B-texcoord" offset="0" />
                    <input semantic="COLOR" source="#geom-0160F69B-colors" offset="0" />
                    <p>0 1 2 0 145 1 144 145 0 144 51 145 50 51 144 50 49 51 48 49 50 55 48 50 54 48 55 53 54 55 52 54 53 51 52 53 49 52 51 51 53 145 145 53 146 145 146 1 1 146 3 2 1 3 3 147 2 146 147 3 146 55 147 53 55 146 55 50 147 147 50 144 147 144 2 2 144 0 4 5 6 4 149 5 148 149 4 148 59 149 58 59 148 58 57 59 56 57 58 63 56 58 62 56 63 61 62 63 60 62 61 59 60 61 57 60 59 59 61 149 149 61 150 149 150 5 5 150 7 6 5 7 7 151 6 150 151 7 150 63 151 61 63 150 63 58 151 151 58 148 151 148 6 6 148 4 8 9 10 8 153 9 152 153 8 152 67 153 66 67 152 66 65 67 64 65 66 71 64 66 70 64 71 69 70 71 68 70 69 67 68 69 65 68 67 67 69 153 153 69 154 153 154 9 9 154 11 10 9 11 11 155 10 154 155 11 154 71 155 69 71 154 71 66 155 155 66 152 155 152 10 10 152 8 12 13 14 12 157 13 156 157 12 156 75 157 74 75 156 74 73 75 72 73 74 79 72 74 78 72 79 77 78 79 76 78 77 75 76 77 73 76 75 75 77 157 157 77 158 157 158 13 13 158 15 14 13 15 15 159 14 158 159 15 158 79 159 77 79 158 79 74 159 159 74 156 159 156 14 14 156 12 16 17 18 16 161 17 160 161 16 160 83 161 82 83 160 82 81 83 80 81 82 87 80 82 86 80 87 85 86 87 84 86 85 83 84 85 81 84 83 83 85 161 161 85 162 161 162 17 17 162 19 18 17 19 19 163 18 162 163 19 162 87 163 85 87 162 87 82 163 163 82 160 163 160 18 18 160 16 20 21 22 20 165 21 164 165 20 164 91 165 90 91 164 90 89 91 88 89 90 95 88 90 94 88 95 93 94 95 92 94 93 91 92 93 89 92 91 91 93 165 165 93 166 165 166 21 21 166 23 22 21 23 23 167 22 166 167 23 166 95 167 93 95 166 95 90 167 167 90 164 167 164 22 22 164 20 24 25 26 24 169 25 168 169 24 168 99 169 98 99 168 98 97 99 96 97 98 103 96 98 102 96 103 101 102 103 100 102 101 99 100 101 97 100 99 99 101 169 169 101 170 169 170 25 25 170 27 26 25 27 27 171 26 170 171 27 170 103 171 101 103 170 103 98 171 171 98 168 171 168 26 26 168 24 28 29 30 28 173 29 172 173 28 172 107 173 106 107 172 106 105 107 104 105 106 111 104 106 110 104 111 109 110 111 108 110 109 107 108 109 105 108 107 107 109 173 173 109 174 173 174 29 29 174 31 30 29 31 31 175 30 174 175 31 174 111 175 109 111 174 111 106 175 175 106 172 175 172 30 30 172 28 32 33 34 32 177 33 176 177 32 176 115 177 114 115 176 114 113 115 112 113 114 119 112 114 118 112 119 117 118 119 116 118 117 115 116 117 113 116 115 115 117 177 177 117 178 177 178 33 33 178 35 34 33 35 35 179 34 178 179 35 178 119 179 117 119 178 119 114 179 179 114 176 179 176 34 34 176 32 36 37 38 36 181 37 180 181 36 180 123 181 122 123 180 122 121 123 120 121 122 127 120 122 126 120 127 125 126 127 124 126 125 123 124 125 121 124 123 123 125 181 181 125 182 181 182 37 37 182 39 38 37 39 39 183 38 182 183 39 182 127 183 125 127 182 127 122 183 183 122 180 183 180 38 38 180 36 40 41 42 40 185 41 184 185 40 184 131 185 130 131 184 130 129 131 128 129 130 135 128 130 134 128 135 133 134 135 132 134 133 131 132 133 129 132 131 131 133 185 185 133 186 185 186 41 41 186 43 42 41 43 187 184 42 187 130 184 135 130 187 186 135 187 133 135 186 186 187 43 43 187 192 44 45 46 44 189 45 188 189 44 188 139 189 138 139 188 138 137 139 136 137 138 143 136 138 142 136 143 141 142 143 140 142 141 139 140 141 137 140 139 139 141 189 189 141 190 189 190 45 45 190 47 46 45 47 47 191 46 190 191 47 190 143 191 141 143 190 143 138 191 191 138 188 191 188 46 46 188 44 42 184 40 </p>
                </triangles>
            </mesh>
        </geometry>
        <geometry id="geom-0068AB77" name="geom-0068AB77">
            <mesh>
                <source id="geom-0068AB77-pos">
                    <float_array id="geom-0068AB77-pos-array" count="801">4056.04 100.00 -975.00 4056.04 40.00 -1029.23 4056.04 40.00 -975.00 4056.04 -20.00 -1083.45 4056.04 -20.00 -1029.23 4056.04 -20.00 -975.00 4056.04 40.49 -705.00 4056.04 -20.00 -705.00 4056.04 40.00 -650.77 4056.04 -20.00 -650.77 4056.04 -100.00 -650.77 4056.04 -20.00 -596.55 4056.04 -100.00 -596.55 3810.57 -100.00 -596.55 3933.31 -100.00 -596.55 3810.57 -180.00 -596.55 3933.31 -180.00 -596.55 3810.57 -100.00 -1083.45 3933.31 -100.00 -1083.45 3810.57 -20.00 -1083.45 3933.31 -20.00 -1083.45 3810.57 -180.00 -1083.45 3750.57 -180.00 -1023.45 3750.57 -100.00 -1023.45 3690.57 -100.00 -963.45 3601.28 -100.00 -963.75 3690.57 -180.00 -963.45 3601.28 -180.00 -963.75 3512.00 -180.00 -715.96 3512.00 -100.00 -715.96 3601.28 -180.00 -716.25 3601.28 -100.00 -716.25 3690.57 -180.00 -716.55 3690.57 -100.00 -716.55 3750.57 -180.00 -656.55 3750.57 -100.00 -656.55 4056.04 -100.00 -1029.23 4056.04 -100.00 -975.00 3512.00 -120.00 -840.00 3512.00 -120.00 -890.00 3511.30 -100.00 -840.00 3511.30 -100.00 -910.00 3512.00 -180.00 -770.00 3512.00 -180.00 -720.00 3512.00 -240.00 -770.00 3512.00 -240.00 -720.00 3512.00 -240.00 -910.00 3512.00 -180.00 -910.00 3512.00 -240.00 -890.00 3512.00 -180.00 -890.00 3512.00 -100.00 -715.96 3512.00 -180.00 -715.96 4056.04 -100.00 -1083.45 4056.04 -180.00 -1083.45 3933.31 -180.00 -1083.45 4056.04 -100.00 -596.55 4056.04 -20.00 -596.55 3933.31 -20.00 -596.55 3690.57 -20.00 -963.45 3750.57 -20.00 -1023.45 3810.57 -20.00 -596.55 3750.57 -20.00 -656.55 3601.28 -20.00 -963.75 3512.00 -100.00 -964.04 3509.18 -20.06 -964.04 3690.57 -20.00 -716.55 3601.28 -20.00 -716.25 3512.00 -100.00 -964.04 3512.00 -180.00 -960.00 3512.00 -180.00 -964.04 4056.04 -180.00 -1029.23 4056.04 -180.00 -1083.45 4056.04 -100.00 -1083.45 4056.04 -20.00 -1083.45 3512.00 -180.00 -964.04 4056.04 -180.00 -705.00 4056.04 -180.00 -650.77 4056.04 -146.84 -705.00 4056.04 -100.00 -705.00 4056.04 -180.00 -596.55 3509.18 -20.00 -715.96 4056.04 -180.00 -975.00 4056.04 -146.84 -975.00 4056.04 -180.00 -596.55 3511.30 -100.00 -770.00 3512.00 -180.00 -790.00 3512.00 -240.00 -790.00 3512.00 -120.00 -790.00 3512.00 -240.00 -960.00 3509.18 -20.00 -840.00 3509.18 -20.00 -907.82 4056.04 100.00 -705.00 3509.18 -20.06 -964.04 3509.66 -38.28 -771.63 3509.18 -20.00 -765.70 3509.18 -20.00 -715.96 3509.93 -48.52 -797.26 3509.61 -36.27 -800.30 3509.55 -34.15 -813.47 3509.18 -20.00 -826.88 3990.92 -213.33 -851.98 3984.13 -213.33 -862.13 3989.53 -210.00 -851.40 3983.07 -210.00 -861.07 3973.40 -210.00 -867.53 3962.00 -212.39 -840.00 3962.00 -210.00 -869.80 3950.60 -210.00 -867.53 3940.93 -210.00 -861.07 3934.47 -210.00 -851.40 3932.20 -210.00 -840.00 3934.47 -210.00 -828.60 3940.93 -210.00 -818.93 3950.60 -210.00 -812.47 3962.00 -210.00 -810.20 3973.40 -210.00 -812.47 3983.07 -210.00 -818.93 3989.53 -210.00 -828.60 3991.80 -210.00 -840.00 3993.30 -213.33 -840.00 3973.98 -213.33 -868.92 3962.00 -213.33 -871.30 3950.02 -213.33 -868.92 3939.87 -213.33 -862.13 3933.08 -213.33 -851.98 3930.70 -213.33 -840.00 3933.08 -213.33 -828.02 3939.87 -213.33 -817.87 3950.02 -213.33 -811.08 3962.00 -213.33 -808.70 3973.98 -213.33 -811.08 3984.13 -213.33 -817.87 3990.92 -213.33 -828.02 3509.66 -38.28 -771.63 3509.93 -48.52 -797.26 3489.01 -20.00 -781.30 3481.00 -20.00 -803.32 3509.61 -36.27 -800.30 3490.81 -20.00 -803.67 3509.55 -34.15 -813.47 3492.80 -20.00 -814.26 3509.18 -20.00 -826.88 3509.18 -20.00 -765.70 3410.38 49.61 -818.12 3509.18 -20.00 -765.70 3489.01 -20.00 -781.30 3512.00 0.00 -750.17 3512.00 -20.00 -766.77 3569.45 0.00 -772.50 3536.36 0.00 -751.50 3512.00 -20.00 -827.75 3512.00 0.00 -840.00 3564.10 0.00 -818.12 3560.66 0.00 -803.17 3509.18 -20.00 -826.88 3481.00 -20.00 -803.32 3490.81 -20.00 -803.67 3492.80 -20.00 -814.26 3509.18 -20.00 -826.88 3880.00 120.00 -752.00 3908.00 110.00 -776.00 3909.00 120.00 -765.00 3926.00 100.00 -804.00 3928.00 120.00 -782.00 3926.00 100.00 -804.00 3962.00 90.00 -800.00 3962.00 120.00 -767.00 3928.00 120.00 -782.00 3934.00 90.00 -811.00 3997.00 120.00 -782.00 3999.00 100.00 -804.00 3991.00 90.00 -811.00 3999.00 100.00 -804.00 4003.00 90.00 -840.00 4021.00 120.00 -806.00 4035.00 120.00 -840.00 3991.00 90.00 -811.00 3991.00 90.00 -869.00 4014.00 120.00 -891.00 4014.00 120.00 -891.00 3991.00 90.00 -869.00 3980.00 120.00 -906.00 3962.00 100.00 -891.00 3962.00 90.00 -880.00 3934.00 90.00 -869.00 3945.00 120.00 -906.00 3911.00 120.00 -891.00 3911.00 120.00 -891.00 3934.00 90.00 -869.00 3922.00 90.00 -840.00 3890.00 120.00 -840.00 3926.00 100.00 -804.00 3904.00 120.00 -806.00 3934.00 90.00 -811.00 3897.00 120.00 -777.00 3904.00 120.00 -806.00 3940.50 87.61 -818.00 3962.00 87.61 -809.00 3984.50 87.61 -818.00 3984.50 87.61 -818.00 3993.50 87.61 -840.00 3984.50 87.61 -862.00 3984.50 87.61 -862.00 3962.00 87.61 -871.00 3940.50 87.61 -862.00 3940.50 87.61 -862.00 3931.50 87.61 -840.00 3940.50 87.61 -818.00 3931.50 87.61 -840.00 3950.93 63.71 -828.80 3946.44 63.71 -840.00 3962.00 -10.00 -840.00 3962.08 37.44 -832.63 3957.06 37.44 -834.98 3967.44 37.44 -834.98 3962.13 63.71 -823.57 3974.07 63.71 -828.80 3967.44 37.44 -834.98 3969.45 37.44 -840.00 3974.07 63.71 -828.80 3978.56 63.71 -840.00 3967.44 37.44 -845.02 3974.07 63.71 -851.20 3967.44 37.44 -845.02 3962.08 37.44 -847.37 3974.07 63.71 -851.20 3962.13 63.71 -856.43 3962.00 -10.00 -840.00 3957.06 37.44 -845.02 3955.05 37.44 -840.00 3957.06 37.44 -845.02 3950.93 63.71 -851.20 3957.06 37.44 -834.98 3962.00 120.00 -969.00 3962.00 100.00 -891.00 3945.00 120.00 -906.00 3980.00 120.00 -906.00 3999.00 100.00 -804.00 4043.00 120.00 -767.00 3997.00 120.00 -782.00 4021.00 120.00 -806.00 3962.00 87.61 -809.00 3940.50 87.61 -818.00 3950.93 63.71 -828.80 3940.50 87.61 -818.00 3984.50 87.61 -818.00 3984.50 87.61 -818.00 3993.50 87.61 -840.00 3984.50 87.61 -862.00 3962.00 87.61 -871.00 3984.50 87.61 -862.00 3940.50 87.61 -862.00 3950.93 63.71 -851.20 3940.50 87.61 -862.00 3744.00 51.00 -891.00 3753.00 30.00 -884.00 3721.00 28.00 -897.00 3728.00 36.00 -879.00 3650.00 0.00 -844.00 3614.00 0.00 -854.00 3657.00 -17.00 -849.00 3660.00 0.00 -858.00 3657.00 -17.00 -849.00 3685.00 -24.00 -834.00 3664.00 0.00 -834.00 3650.00 0.00 -844.00 3692.00 0.00 -844.00 </float_array>
                    <technique_common>
                        <accessor source="#geom-0068AB77-pos-array" count="267" stride="3">
                            <param name="X" type="float" />
                            <param name="Y" type="float" />
                            <param name="Z" type="float" />
                        </accessor>
                    </technique_common>
                </source>
                <source id="geom-0068AB77-texcoord">
                    <float_array id="geom-0068AB77-texcoord-array" count="534">1.50 0.75 0.94 0.19 1.50 0.19 0.37 -0.37 0.94 -0.37 1.50 -0.37 0.00 0.19 0.00 -0.37 0.56 0.19 0.56 -0.37 0.56 -1.12 1.12 -0.37 1.12 -1.12 2.25 0.09 1.12 0.09 2.25 -0.66 1.12 -0.66 3.28 0.09 4.40 0.09 3.28 0.84 4.40 0.84 3.28 -0.66 2.48 -0.66 2.48 0.09 1.69 0.09 0.84 0.09 1.69 -0.66 0.84 -0.66 5.53 -0.66 5.53 0.09 4.68 -0.66 4.68 0.09 3.84 -0.66 3.84 0.09 3.05 -0.66 3.05 0.09 0.94 -1.12 1.50 -1.12 1.12 0.09 1.59 0.09 1.13 0.28 1.76 0.28 0.50 -0.47 0.03 -0.47 0.50 -1.00 0.03 -1.00 1.75 -1.00 1.75 -0.47 1.59 -1.00 1.59 -0.47 0.00 0.28 0.00 -0.47 5.53 0.09 5.53 -0.66 4.40 -0.66 0.00 0.09 0.00 0.84 1.12 0.84 1.69 0.84 2.48 0.84 2.25 0.84 3.05 0.84 0.84 0.84 0.00 0.09 0.00 0.84 3.84 0.84 4.68 0.84 2.25 0.28 2.22 -0.47 2.25 -0.47 0.94 -1.87 0.37 -1.87 0.37 -1.12 5.53 0.84 0.00 -0.66 0.00 -1.87 0.56 -1.87 0.00 -1.56 0.00 -1.12 0.00 -0.66 5.55 0.84 1.50 -1.87 1.50 -1.56 1.12 -1.87 0.50 0.28 0.69 -0.47 0.69 -1.00 0.69 0.09 2.22 -1.00 1.12 1.00 1.74 1.00 0.00 0.75 2.26 1.00 0.50 0.84 0.44 1.00 0.00 1.00 0.74 0.74 0.76 0.85 0.88 0.87 1.00 1.00 5.34 3.84 4.74 4.74 5.09 3.74 4.55 4.55 3.74 5.09 2.78 2.78 2.78 5.28 1.82 5.09 1.00 4.55 0.46 3.74 0.27 2.78 0.46 1.82 1.00 1.00 1.82 0.46 2.78 0.27 3.74 0.46 4.55 1.00 5.09 1.82 5.28 2.78 5.55 2.78 3.84 5.34 2.78 5.55 1.71 5.34 0.81 4.74 0.21 3.84 0.00 2.78 0.21 1.71 0.81 0.81 1.71 0.21 2.78 0.00 3.84 0.21 4.74 0.81 5.34 1.71 0.49 -0.92 2.57 -1.59 1.11 1.21 2.84 1.59 3.39 -0.67 3.52 1.22 4.47 -0.47 4.40 1.19 5.55 0.62 0.00 0.41 3.80 -1.64 4.00 -4.94 4.67 -4.21 3.03 -4.85 3.91 -5.00 1.02 -5.55 2.35 -5.33 0.01 -1.89 0.60 -2.45 0.03 -4.31 0.48 -4.60 0.20 -1.03 5.39 -1.91 3.82 1.16 1.64 0.49 0.27 -0.64 0.00 4.19 1.72 4.18 1.40 3.59 3.43 4.17 2.79 2.98 3.97 1.26 2.08 2.08 2.08 0.00 3.82 0.00 3.65 2.08 0.69 0.00 0.26 1.26 0.52 2.08 3.97 1.26 2.08 2.08 3.82 0.00 2.08 0.00 3.65 2.08 0.52 2.08 0.00 0.00 4.17 0.00 3.65 2.08 2.62 0.00 2.08 1.39 2.08 2.08 0.52 2.08 1.60 0.00 0.00 0.00 4.17 0.00 3.65 2.08 2.08 2.08 2.08 0.00 0.39 1.44 0.69 0.00 0.52 2.08 1.40 4.78 2.80 5.36 3.47 2.69 2.08 2.69 0.69 2.69 3.47 2.69 2.08 2.69 0.69 2.69 3.47 2.69 2.08 2.69 0.69 2.69 3.47 2.69 2.08 2.69 5.55 5.55 4.34 5.55 5.03 3.82 4.34 3.82 4.34 0.04 4.34 2.43 3.99 2.43 4.69 2.43 4.34 3.82 5.03 3.82 3.99 2.43 4.34 2.43 3.65 3.82 4.34 3.82 4.69 2.43 5.03 3.82 3.99 2.43 4.34 2.43 3.65 3.82 4.34 3.82 4.34 0.04 4.69 2.43 4.34 2.43 3.99 2.43 3.65 3.82 4.69 2.43 0.00 4.19 3.43 4.17 2.79 2.98 2.80 5.36 3.43 4.17 0.00 4.19 2.80 5.36 2.79 2.98 4.34 5.55 3.12 5.55 3.65 3.82 0.69 2.69 5.55 5.55 3.12 5.55 4.34 5.55 5.55 5.55 4.34 5.55 3.12 5.55 5.55 5.55 5.03 3.82 3.12 5.55 2.80 5.36 3.43 4.17 1.72 4.18 2.79 2.98 1.40 3.59 0.00 4.19 1.72 4.18 1.40 4.78 1.72 4.18 3.43 4.17 2.79 2.98 1.40 3.59 2.80 5.36 </float_array>
                    <technique_common>
                        <accessor source="#geom-0068AB77-texcoord-array" count="267" stride="2">
                            <param name="S" type="float" />
                            <param name="T" type="float" />
                        </accessor>
                    </technique_common>
                </source>
                <source id="geom-0068AB77-colors">
                    <float_array id="geom-0068AB77-colors-array" count="1068">0.16 0.16 0.16 1.00 0.16 0.30 0.88 1.00 0.16 0.24 0.58 1.00 0.09 0.16 0.44 1.00 0.16 0.32 0.96 1.00 0.16 0.27 0.75 1.00 0.16 0.24 0.59 1.00 0.16 0.28 0.76 1.00 0.16 0.30 0.89 1.00 0.16 0.32 0.97 1.00 0.16 0.34 1.00 1.00 0.09 0.16 0.44 1.00 0.09 0.18 0.54 1.00 0.16 0.66 1.00 1.00 0.16 0.48 1.00 1.00 0.16 0.50 1.00 1.00 0.16 0.41 1.00 1.00 0.16 0.65 1.00 1.00 0.16 0.48 1.00 1.00 0.16 0.53 1.00 1.00 0.16 0.43 1.00 1.00 0.16 0.49 1.00 1.00 0.16 0.56 1.00 1.00 0.16 0.78 1.00 1.00 0.18 0.40 1.00 1.00 0.22 0.29 0.49 1.00 0.18 0.41 1.00 1.00 0.24 0.37 0.99 1.00 0.10 0.13 0.18 1.00 0.09 0.11 0.15 1.00 0.22 0.34 0.87 1.00 0.22 0.27 0.45 1.00 0.18 0.40 1.00 1.00 0.18 0.39 1.00 1.00 0.16 0.57 1.00 1.00 0.16 0.80 1.00 1.00 0.16 0.34 1.00 1.00 0.16 0.29 0.84 1.00 0.30 0.42 0.69 1.00 0.26 0.35 0.55 1.00 0.25 0.33 0.51 1.00 0.22 0.27 0.38 1.00 0.25 0.33 0.51 1.00 0.10 0.12 0.16 1.00 0.23 0.30 0.44 1.00 0.10 0.13 0.18 1.00 0.25 0.32 0.49 1.00 0.27 0.38 0.61 1.00 0.24 0.32 0.49 1.00 0.33 0.48 0.82 1.00 0.09 0.11 0.15 1.00 0.10 0.13 0.18 1.00 0.09 0.18 0.53 1.00 0.07 0.13 0.33 1.00 0.16 0.41 1.00 1.00 0.09 0.18 0.54 1.00 0.09 0.16 0.44 1.00 0.16 0.43 1.00 1.00 0.18 0.43 1.00 1.00 0.16 0.67 1.00 1.00 0.16 0.54 1.00 1.00 0.16 0.68 1.00 1.00 0.20 0.28 0.61 1.00 0.10 0.12 0.16 1.00 0.09 0.11 0.14 1.00 0.18 0.42 1.00 1.00 0.20 0.27 0.58 1.00 0.10 0.12 0.16 1.00 0.11 0.13 0.18 1.00 0.11 0.13 0.19 1.00 0.16 0.31 0.94 1.00 0.07 0.13 0.33 1.00 0.09 0.18 0.53 1.00 0.09 0.16 0.44 1.00 0.11 0.13 0.19 1.00 0.17 0.31 0.98 1.00 0.16 0.31 0.94 1.00 0.16 0.33 1.00 1.00 0.16 0.29 0.85 1.00 0.07 0.13 0.33 1.00 0.09 0.11 0.13 1.00 0.17 0.32 1.00 1.00 0.17 0.33 1.00 1.00 0.07 0.13 0.33 1.00 0.21 0.25 0.35 1.00 0.29 0.42 0.68 1.00 0.23 0.30 0.44 1.00 0.25 0.32 0.49 1.00 0.11 0.13 0.20 1.00 0.21 0.25 0.34 1.00 0.20 0.24 0.31 1.00 0.16 0.16 0.16 1.00 0.09 0.11 0.14 1.00 0.18 0.19 0.22 1.00 0.19 0.22 0.28 1.00 0.09 0.11 0.13 1.00 0.18 0.19 0.22 1.00 0.16 0.16 0.16 1.00 0.16 0.17 0.18 1.00 0.17 0.18 0.19 1.00 0.37 0.92 1.00 1.00 0.38 1.00 1.00 1.00 0.45 0.75 1.00 1.00 0.43 0.84 1.00 1.00 0.35 0.82 1.00 1.00 0.44 1.00 1.00 1.00 0.37 1.00 1.00 1.00 0.38 1.00 1.00 1.00 0.40 1.00 1.00 1.00 0.41 1.00 1.00 1.00 0.41 1.00 1.00 1.00 0.40 1.00 1.00 1.00 0.38 1.00 1.00 1.00 0.36 1.00 1.00 1.00 0.35 0.98 1.00 1.00 0.33 0.77 1.00 1.00 0.42 0.80 1.00 1.00 0.44 0.74 1.00 1.00 0.46 0.73 1.00 1.00 0.37 0.89 1.00 1.00 0.39 1.00 1.00 1.00 0.41 1.00 1.00 1.00 0.42 1.00 1.00 1.00 0.43 1.00 1.00 1.00 0.44 1.00 1.00 1.00 0.44 1.00 1.00 1.00 0.43 1.00 1.00 1.00 0.42 1.00 1.00 1.00 0.40 1.00 1.00 1.00 0.39 1.00 1.00 1.00 0.38 1.00 1.00 1.00 0.37 0.96 1.00 1.00 0.37 0.91 1.00 1.00 0.18 0.19 0.22 1.00 0.18 0.19 0.22 1.00 0.16 0.17 0.18 1.00 0.16 0.16 0.16 1.00 0.16 0.16 0.16 1.00 0.16 0.16 0.16 1.00 0.16 0.17 0.18 1.00 0.16 0.16 0.16 1.00 0.17 0.18 0.19 1.00 0.19 0.22 0.28 1.00 0.17 0.19 0.22 1.00 0.19 0.22 0.28 1.00 0.16 0.17 0.18 1.00 0.19 0.22 0.28 1.00 0.20 0.23 0.31 1.00 0.20 0.23 0.30 1.00 0.19 0.22 0.28 1.00 0.18 0.19 0.22 1.00 0.19 0.22 0.29 1.00 0.20 0.24 0.33 1.00 0.20 0.24 0.32 1.00 0.17 0.18 0.19 1.00 0.16 0.16 0.16 1.00 0.16 0.16 0.16 1.00 0.16 0.16 0.16 1.00 0.17 0.18 0.19 1.00 0.16 0.37 1.00 1.00 0.16 0.42 1.00 1.00 0.07 0.12 0.33 1.00 0.16 0.44 1.00 1.00 0.07 0.13 0.35 1.00 0.16 0.44 1.00 1.00 0.21 0.49 1.00 1.00 0.07 0.13 0.34 1.00 0.07 0.13 0.35 1.00 0.22 0.69 1.00 1.00 0.04 0.06 0.15 1.00 0.16 0.23 0.51 1.00 0.16 0.28 0.78 1.00 0.16 0.23 0.51 1.00 0.16 0.23 0.51 1.00 0.00 0.00 0.00 1.00 0.00 0.00 0.00 1.00 0.16 0.28 0.78 1.00 0.21 0.37 1.00 1.00 0.00 0.00 0.00 1.00 0.00 0.00 0.00 1.00 0.21 0.37 1.00 1.00 0.02 0.03 0.06 1.00 0.16 0.34 1.00 1.00 0.22 0.55 1.00 1.00 0.22 0.66 1.00 1.00 0.09 0.17 0.50 1.00 0.09 0.21 0.52 1.00 0.09 0.21 0.52 1.00 0.22 0.66 1.00 1.00 0.22 0.73 1.00 1.00 0.09 0.22 0.52 1.00 0.16 0.44 1.00 1.00 0.09 0.22 0.52 1.00 0.22 0.69 1.00 1.00 0.09 0.22 0.52 1.00 0.09 0.22 0.52 1.00 0.22 0.67 1.00 1.00 0.21 0.52 1.00 1.00 0.21 0.38 1.00 1.00 0.21 0.38 1.00 1.00 0.21 0.32 0.96 1.00 0.21 0.38 1.00 1.00 0.21 0.38 1.00 1.00 0.22 0.53 1.00 1.00 0.22 0.68 1.00 1.00 0.22 0.68 1.00 1.00 0.22 0.74 1.00 1.00 0.22 0.67 1.00 1.00 0.22 0.74 1.00 1.00 0.20 0.57 1.00 1.00 0.21 0.66 1.00 1.00 0.37 1.00 1.00 1.00 0.09 0.19 0.64 1.00 0.15 0.40 1.00 1.00 0.00 0.00 0.00 1.00 0.19 0.40 1.00 1.00 0.18 0.24 0.55 1.00 0.00 0.00 0.00 1.00 0.00 0.00 0.00 1.00 0.18 0.24 0.55 1.00 0.18 0.19 0.23 1.00 0.00 0.00 0.00 1.00 0.19 0.25 0.57 1.00 0.00 0.00 0.00 1.00 0.09 0.20 0.71 1.00 0.19 0.25 0.57 1.00 0.20 0.41 1.00 1.00 0.50 1.00 1.00 1.00 0.15 0.42 1.00 1.00 0.15 0.49 1.00 1.00 0.15 0.42 1.00 1.00 0.21 0.58 1.00 1.00 0.15 0.40 1.00 1.00 0.16 0.30 0.87 1.00 0.16 0.34 1.00 1.00 0.09 0.17 0.50 1.00 0.02 0.03 0.06 1.00 0.16 0.23 0.51 1.00 0.16 0.16 0.16 1.00 0.04 0.06 0.15 1.00 0.00 0.00 0.00 1.00 0.21 0.52 1.00 1.00 0.22 0.67 1.00 1.00 0.20 0.57 1.00 1.00 0.22 0.67 1.00 1.00 0.21 0.38 1.00 1.00 0.21 0.38 1.00 1.00 0.21 0.32 0.96 1.00 0.21 0.38 1.00 1.00 0.22 0.53 1.00 1.00 0.21 0.38 1.00 1.00 0.22 0.68 1.00 1.00 0.21 0.58 1.00 1.00 0.22 0.68 1.00 1.00 0.09 0.17 0.49 1.00 0.16 0.52 1.00 1.00 0.09 0.27 0.67 1.00 0.10 0.23 0.76 1.00 0.00 0.00 0.00 1.00 0.20 0.24 0.33 1.00 0.18 0.20 0.29 1.00 0.08 0.18 0.64 1.00 0.41 0.48 0.74 1.00 0.19 0.39 1.00 1.00 0.00 0.00 0.00 1.00 0.05 0.06 0.11 1.00 0.06 0.12 0.36 1.00 </float_array>
                    <technique_common>
                        <accessor source="#geom-0068AB77-colors-array" count="267" stride="4">
                            <param name="R" type="float" />
                            <param name="G" type="float" />
                            <param name="B" type="float" />
                            <param name="A" type="float" />
                        </accessor>
                    </technique_common>
                </source>
                <vertices id="geom-0068AB77-vtx">
                    <input semantic="POSITION" source="#geom-0068AB77-pos" />
                </vertices>
                <triangles count="327" material="material-0348311E-symbol">
                    <input semantic="VERTEX" source="#geom-0068AB77-vtx" offset="0" />
                    <input semantic="TEXCOORD" source="#geom-0068AB77-texcoord" offset="0" />
                    <input semantic="COLOR" source="#geom-0068AB77-colors" offset="0" />
                    <p>0 1 2 2 1 5 5 1 4 4 36 5 3 36 4 3 4 1 72 36 3 71 36 72 70 36 71 70 82 36 81 82 70 36 82 37 5 36 37 6 7 8 91 6 8 8 7 9 11 8 9 9 10 11 9 78 10 7 78 9 10 78 77 77 76 10 75 76 77 83 10 76 12 10 83 11 10 12 13 14 15 13 57 14 60 57 13 13 35 60 15 35 13 34 35 15 34 33 35 32 33 34 32 31 33 30 31 32 30 29 31 28 29 30 31 29 66 65 31 66 33 31 65 61 33 65 35 33 61 60 35 61 15 14 16 16 14 79 79 14 55 55 14 56 56 14 57 17 18 19 17 54 18 21 54 17 21 17 22 22 17 23 22 23 26 26 23 24 24 25 26 24 62 25 58 62 24 24 23 58 58 23 59 23 17 59 59 17 19 19 18 20 20 18 73 73 18 52 52 18 53 53 18 54 26 25 27 27 25 74 74 25 63 25 62 63 63 62 64 38 39 40 40 87 38 84 87 40 84 42 87 84 43 42 50 43 84 43 50 51 42 43 44 86 42 44 85 42 86 87 42 85 40 39 41 90 40 41 89 40 90 89 99 40 40 99 98 96 40 98 84 40 96 93 84 96 84 93 50 50 93 94 95 50 94 44 43 45 46 47 48 46 68 47 88 68 46 67 68 69 67 41 68 92 41 67 90 41 92 41 39 47 68 41 47 48 47 49 47 39 49 66 29 80 97 96 98 </p>
                </triangles>
            </mesh>
        </geometry>
        <geometry id="geom-03AE0731" name="geom-03AE0731">
            <mesh>
                <source id="geom-03AE0731-pos">
                    <float_array id="geom-03AE0731-pos-array" count="501">3990.92 -213.33 -851.98 3984.13 -213.33 -862.13 3989.53 -210.00 -851.40 3983.07 -210.00 -861.07 3973.40 -210.00 -867.53 3962.00 -212.39 -840.00 3962.00 -210.00 -869.80 3950.60 -210.00 -867.53 3940.93 -210.00 -861.07 3934.47 -210.00 -851.40 3932.20 -210.00 -840.00 3934.47 -210.00 -828.60 3940.93 -210.00 -818.93 3950.60 -210.00 -812.47 3962.00 -210.00 -810.20 3973.40 -210.00 -812.47 3983.07 -210.00 -818.93 3989.53 -210.00 -828.60 3991.80 -210.00 -840.00 3993.30 -213.33 -840.00 3973.98 -213.33 -868.92 3962.00 -213.33 -871.30 3950.02 -213.33 -868.92 3939.87 -213.33 -862.13 3933.08 -213.33 -851.98 3930.70 -213.33 -840.00 3933.08 -213.33 -828.02 3939.87 -213.33 -817.87 3950.02 -213.33 -811.08 3962.00 -213.33 -808.70 3973.98 -213.33 -811.08 3984.13 -213.33 -817.87 3990.92 -213.33 -828.02 3509.66 -38.28 -771.63 3509.93 -48.52 -797.26 3489.01 -20.00 -781.30 3481.00 -20.00 -803.32 3509.61 -36.27 -800.30 3490.81 -20.00 -803.67 3509.55 -34.15 -813.47 3492.80 -20.00 -814.26 3509.18 -20.00 -826.88 3509.18 -20.00 -765.70 3410.38 49.61 -818.12 3509.18 -20.00 -765.70 3489.01 -20.00 -781.30 3512.00 0.00 -750.17 3512.00 -20.00 -766.77 3569.45 0.00 -772.50 3536.36 0.00 -751.50 3512.00 -20.00 -827.75 3512.00 0.00 -840.00 3564.10 0.00 -818.12 3560.66 0.00 -803.17 3509.18 -20.00 -826.88 3481.00 -20.00 -803.32 3490.81 -20.00 -803.67 3492.80 -20.00 -814.26 3509.18 -20.00 -826.88 3880.00 120.00 -752.00 3908.00 110.00 -776.00 3909.00 120.00 -765.00 3926.00 100.00 -804.00 3928.00 120.00 -782.00 3926.00 100.00 -804.00 3962.00 90.00 -800.00 3962.00 120.00 -767.00 3928.00 120.00 -782.00 3934.00 90.00 -811.00 3997.00 120.00 -782.00 3999.00 100.00 -804.00 3991.00 90.00 -811.00 3999.00 100.00 -804.00 4003.00 90.00 -840.00 4021.00 120.00 -806.00 4035.00 120.00 -840.00 3991.00 90.00 -811.00 3991.00 90.00 -869.00 4014.00 120.00 -891.00 4014.00 120.00 -891.00 3991.00 90.00 -869.00 3980.00 120.00 -906.00 3962.00 100.00 -891.00 3962.00 90.00 -880.00 3934.00 90.00 -869.00 3945.00 120.00 -906.00 3911.00 120.00 -891.00 3911.00 120.00 -891.00 3934.00 90.00 -869.00 3922.00 90.00 -840.00 3890.00 120.00 -840.00 3926.00 100.00 -804.00 3904.00 120.00 -806.00 3934.00 90.00 -811.00 3897.00 120.00 -777.00 3904.00 120.00 -806.00 3940.50 87.61 -818.00 3962.00 87.61 -809.00 3984.50 87.61 -818.00 3984.50 87.61 -818.00 3993.50 87.61 -840.00 3984.50 87.61 -862.00 3984.50 87.61 -862.00 3962.00 87.61 -871.00 3940.50 87.61 -862.00 3940.50 87.61 -862.00 3931.50 87.61 -840.00 3940.50 87.61 -818.00 3931.50 87.61 -840.00 3950.93 63.71 -828.80 3946.44 63.71 -840.00 3962.00 -10.00 -840.00 3962.08 37.44 -832.63 3957.06 37.44 -834.98 3967.44 37.44 -834.98 3962.13 63.71 -823.57 3974.07 63.71 -828.80 3967.44 37.44 -834.98 3969.45 37.44 -840.00 3974.07 63.71 -828.80 3978.56 63.71 -840.00 3967.44 37.44 -845.02 3974.07 63.71 -851.20 3967.44 37.44 -845.02 3962.08 37.44 -847.37 3974.07 63.71 -851.20 3962.13 63.71 -856.43 3962.00 -10.00 -840.00 3957.06 37.44 -845.02 3955.05 37.44 -840.00 3957.06 37.44 -845.02 3950.93 63.71 -851.20 3957.06 37.44 -834.98 3962.00 120.00 -969.00 3962.00 100.00 -891.00 3945.00 120.00 -906.00 3980.00 120.00 -906.00 3999.00 100.00 -804.00 4043.00 120.00 -767.00 3997.00 120.00 -782.00 4021.00 120.00 -806.00 3962.00 87.61 -809.00 3940.50 87.61 -818.00 3950.93 63.71 -828.80 3940.50 87.61 -818.00 3984.50 87.61 -818.00 3984.50 87.61 -818.00 3993.50 87.61 -840.00 3984.50 87.61 -862.00 3962.00 87.61 -871.00 3984.50 87.61 -862.00 3940.50 87.61 -862.00 3950.93 63.71 -851.20 3940.50 87.61 -862.00 3744.00 51.00 -891.00 3753.00 30.00 -884.00 3721.00 28.00 -897.00 3728.00 36.00 -879.00 3650.00 0.00 -844.00 3614.00 0.00 -854.00 3657.00 -17.00 -849.00 3660.00 0.00 -858.00 3657.00 -17.00 -849.00 3685.00 -24.00 -834.00 3664.00 0.00 -834.00 3650.00 0.00 -844.00 3692.00 0.00 -844.00 </float_array>
                    <technique_common>
                        <accessor source="#geom-03AE0731-pos-array" count="167" stride="3">
                            <param name="X" type="float" />
                            <param name="Y" type="float" />
                            <param name="Z" type="float" />
                        </accessor>
                    </technique_common>
                </source>
                <source id="geom-03AE0731-texcoord">
                    <float_array id="geom-03AE0731-texcoord-array" count="334">0.96 0.69 0.85 0.85 0.92 0.67 0.82 0.82 0.67 0.92 0.50 0.50 0.50 0.95 0.33 0.92 0.18 0.82 0.08 0.67 0.05 0.50 0.08 0.33 0.18 0.18 0.33 0.08 0.50 0.05 0.67 0.08 0.82 0.18 0.92 0.33 0.95 0.50 1.00 0.50 0.69 0.96 0.50 1.00 0.31 0.96 0.15 0.85 0.04 0.69 0.00 0.50 0.04 0.31 0.15 0.15 0.31 0.04 0.50 0.00 0.69 0.04 0.85 0.15 0.96 0.31 0.09 -0.17 0.46 -0.29 0.20 0.22 0.51 0.29 0.61 -0.12 0.63 0.22 0.80 -0.08 0.79 0.21 1.00 0.11 0.00 0.07 0.68 -0.30 0.72 -0.89 0.84 -0.76 0.55 -0.87 0.70 -0.90 0.18 -1.00 0.42 -0.96 0.00 -0.34 0.11 -0.44 0.01 -0.78 0.09 -0.83 0.04 -0.18 0.97 -0.34 0.69 0.21 0.30 0.09 0.05 -0.11 0.00 0.75 0.31 0.75 0.25 0.65 0.62 0.75 0.50 0.54 0.71 0.23 0.38 0.38 0.38 0.00 0.69 0.00 0.66 0.38 0.13 0.00 0.05 0.23 0.09 0.38 0.71 0.23 0.38 0.38 0.69 0.00 0.38 0.00 0.66 0.38 0.09 0.38 0.00 0.00 0.75 0.00 0.66 0.38 0.47 0.00 0.38 0.25 0.38 0.38 0.09 0.38 0.29 0.00 0.00 0.00 0.75 0.00 0.66 0.38 0.38 0.38 0.38 0.00 0.07 0.26 0.13 0.00 0.09 0.38 0.25 0.86 0.50 0.96 0.62 0.48 0.38 0.48 0.13 0.48 0.62 0.48 0.38 0.48 0.13 0.48 0.62 0.48 0.38 0.48 0.13 0.48 0.62 0.48 0.38 0.48 1.00 1.00 0.78 1.00 0.91 0.69 0.78 0.69 0.78 0.01 0.78 0.44 0.72 0.44 0.84 0.44 0.78 0.69 0.91 0.69 0.72 0.44 0.78 0.44 0.66 0.69 0.78 0.69 0.84 0.44 0.91 0.69 0.72 0.44 0.78 0.44 0.66 0.69 0.78 0.69 0.78 0.01 0.84 0.44 0.78 0.44 0.72 0.44 0.66 0.69 0.84 0.44 0.00 0.75 0.62 0.75 0.50 0.54 0.50 0.96 0.62 0.75 0.00 0.75 0.50 0.96 0.50 0.54 0.78 1.00 0.56 1.00 0.66 0.69 0.13 0.48 1.00 1.00 0.56 1.00 0.78 1.00 1.00 1.00 0.78 1.00 0.56 1.00 1.00 1.00 0.91 0.69 0.56 1.00 0.50 0.96 0.62 0.75 0.31 0.75 0.50 0.54 0.25 0.65 0.00 0.75 0.31 0.75 0.25 0.86 0.31 0.75 0.62 0.75 0.50 0.54 0.25 0.65 0.50 0.96 </float_array>
                    <technique_common>
                        <accessor source="#geom-03AE0731-texcoord-array" count="167" stride="2">
                            <param name="S" type="float" />
                            <param name="T" type="float" />
                        </accessor>
                    </technique_common>
                </source>
                <source id="geom-03AE0731-colors">
                    <float_array id="geom-03AE0731-colors-array" count="668">0.37 0.92 1.00 1.00 0.38 1.00 1.00 1.00 0.45 0.75 1.00 1.00 0.43 0.84 1.00 1.00 0.35 0.82 1.00 1.00 0.44 1.00 1.00 1.00 0.37 1.00 1.00 1.00 0.38 1.00 1.00 1.00 0.40 1.00 1.00 1.00 0.41 1.00 1.00 1.00 0.41 1.00 1.00 1.00 0.40 1.00 1.00 1.00 0.38 1.00 1.00 1.00 0.36 1.00 1.00 1.00 0.35 0.98 1.00 1.00 0.33 0.77 1.00 1.00 0.42 0.80 1.00 1.00 0.44 0.74 1.00 1.00 0.46 0.73 1.00 1.00 0.37 0.89 1.00 1.00 0.39 1.00 1.00 1.00 0.41 1.00 1.00 1.00 0.42 1.00 1.00 1.00 0.43 1.00 1.00 1.00 0.44 1.00 1.00 1.00 0.44 1.00 1.00 1.00 0.43 1.00 1.00 1.00 0.42 1.00 1.00 1.00 0.40 1.00 1.00 1.00 0.39 1.00 1.00 1.00 0.38 1.00 1.00 1.00 0.37 0.96 1.00 1.00 0.37 0.91 1.00 1.00 0.18 0.19 0.22 1.00 0.18 0.19 0.22 1.00 0.16 0.17 0.18 1.00 0.16 0.16 0.16 1.00 0.16 0.16 0.16 1.00 0.16 0.16 0.16 1.00 0.16 0.17 0.18 1.00 0.16 0.16 0.16 1.00 0.17 0.18 0.19 1.00 0.19 0.22 0.28 1.00 0.17 0.19 0.22 1.00 0.19 0.22 0.28 1.00 0.16 0.17 0.18 1.00 0.19 0.22 0.28 1.00 0.20 0.23 0.31 1.00 0.20 0.23 0.30 1.00 0.19 0.22 0.28 1.00 0.18 0.19 0.22 1.00 0.19 0.22 0.29 1.00 0.20 0.24 0.33 1.00 0.20 0.24 0.32 1.00 0.17 0.18 0.19 1.00 0.16 0.16 0.16 1.00 0.16 0.16 0.16 1.00 0.16 0.16 0.16 1.00 0.17 0.18 0.19 1.00 0.16 0.37 1.00 1.00 0.16 0.42 1.00 1.00 0.07 0.12 0.33 1.00 0.16 0.44 1.00 1.00 0.07 0.13 0.35 1.00 0.16 0.44 1.00 1.00 0.21 0.49 1.00 1.00 0.07 0.13 0.34 1.00 0.07 0.13 0.35 1.00 0.22 0.69 1.00 1.00 0.04 0.06 0.15 1.00 0.16 0.23 0.51 1.00 0.16 0.28 0.78 1.00 0.16 0.23 0.51 1.00 0.16 0.23 0.51 1.00 0.00 0.00 0.00 1.00 0.00 0.00 0.00 1.00 0.16 0.28 0.78 1.00 0.21 0.37 1.00 1.00 0.00 0.00 0.00 1.00 0.00 0.00 0.00 1.00 0.21 0.37 1.00 1.00 0.02 0.03 0.06 1.00 0.16 0.34 1.00 1.00 0.22 0.55 1.00 1.00 0.22 0.66 1.00 1.00 0.09 0.17 0.50 1.00 0.09 0.21 0.52 1.00 0.09 0.21 0.52 1.00 0.22 0.66 1.00 1.00 0.22 0.73 1.00 1.00 0.09 0.22 0.52 1.00 0.16 0.44 1.00 1.00 0.09 0.22 0.52 1.00 0.22 0.69 1.00 1.00 0.09 0.22 0.52 1.00 0.09 0.22 0.52 1.00 0.22 0.67 1.00 1.00 0.21 0.52 1.00 1.00 0.21 0.38 1.00 1.00 0.21 0.38 1.00 1.00 0.21 0.32 0.96 1.00 0.21 0.38 1.00 1.00 0.21 0.38 1.00 1.00 0.22 0.53 1.00 1.00 0.22 0.68 1.00 1.00 0.22 0.68 1.00 1.00 0.22 0.74 1.00 1.00 0.22 0.67 1.00 1.00 0.22 0.74 1.00 1.00 0.20 0.57 1.00 1.00 0.21 0.66 1.00 1.00 0.37 1.00 1.00 1.00 0.09 0.19 0.64 1.00 0.15 0.40 1.00 1.00 0.00 0.00 0.00 1.00 0.19 0.40 1.00 1.00 0.18 0.24 0.55 1.00 0.00 0.00 0.00 1.00 0.00 0.00 0.00 1.00 0.18 0.24 0.55 1.00 0.18 0.19 0.23 1.00 0.00 0.00 0.00 1.00 0.19 0.25 0.57 1.00 0.00 0.00 0.00 1.00 0.09 0.20 0.71 1.00 0.19 0.25 0.57 1.00 0.20 0.41 1.00 1.00 0.50 1.00 1.00 1.00 0.15 0.42 1.00 1.00 0.15 0.49 1.00 1.00 0.15 0.42 1.00 1.00 0.21 0.58 1.00 1.00 0.15 0.40 1.00 1.00 0.16 0.30 0.87 1.00 0.16 0.34 1.00 1.00 0.09 0.17 0.50 1.00 0.02 0.03 0.06 1.00 0.16 0.23 0.51 1.00 0.16 0.16 0.16 1.00 0.04 0.06 0.15 1.00 0.00 0.00 0.00 1.00 0.21 0.52 1.00 1.00 0.22 0.67 1.00 1.00 0.20 0.57 1.00 1.00 0.22 0.67 1.00 1.00 0.21 0.38 1.00 1.00 0.21 0.38 1.00 1.00 0.21 0.32 0.96 1.00 0.21 0.38 1.00 1.00 0.22 0.53 1.00 1.00 0.21 0.38 1.00 1.00 0.22 0.68 1.00 1.00 0.21 0.58 1.00 1.00 0.22 0.68 1.00 1.00 0.09 0.17 0.49 1.00 0.16 0.52 1.00 1.00 0.09 0.27 0.67 1.00 0.10 0.23 0.76 1.00 0.00 0.00 0.00 1.00 0.20 0.24 0.33 1.00 0.18 0.20 0.29 1.00 0.08 0.18 0.64 1.00 0.41 0.48 0.74 1.00 0.19 0.39 1.00 1.00 0.00 0.00 0.00 1.00 0.05 0.06 0.11 1.00 0.06 0.12 0.36 1.00 </float_array>
                    <technique_common>
                        <accessor source="#geom-03AE0731-colors-array" count="167" stride="4">
                            <param name="R" type="float" />
                            <param name="G" type="float" />
                            <param name="B" type="float" />
                            <param name="A" type="float" />
                        </accessor>
                    </technique_common>
                </source>
                <vertices id="geom-03AE0731-vtx">
                    <input semantic="POSITION" source="#geom-03AE0731-pos" />
                </vertices>
                <triangles count="144" material="material-02ED29F0-symbol">
                    <input semantic="VERTEX" source="#geom-03AE0731-vtx" offset="0" />
                    <input semantic="TEXCOORD" source="#geom-03AE0731-texcoord" offset="0" />
                    <input semantic="COLOR" source="#geom-03AE0731-colors" offset="0" />
                    <p>0 1 2 18 0 2 19 0 18 17 19 18 17 18 5 16 17 5 15 16 5 14 15 5 13 14 5 12 13 5 11 12 5 10 11 5 9 10 5 8 9 5 7 8 5 6 7 5 4 6 5 3 4 5 2 3 5 2 1 3 1 20 3 3 20 4 20 21 4 4 21 6 21 22 6 6 22 7 22 23 7 7 23 8 23 24 8 8 24 9 24 25 9 9 25 10 25 26 10 10 26 11 26 27 11 11 27 12 27 28 12 12 28 13 28 29 13 13 29 14 29 30 14 14 30 15 30 31 15 15 31 16 31 32 16 16 32 17 32 19 17 18 2 5 </p>
                </triangles>
            </mesh>
        </geometry>
        <geometry id="geom-011E40BA" name="geom-011E40BA">
            <mesh>
                <source id="geom-011E40BA-pos">
                    <float_array id="geom-011E40BA-pos-array" count="402">3509.66 -38.28 -771.63 3509.93 -48.52 -797.26 3489.01 -20.00 -781.30 3481.00 -20.00 -803.32 3509.61 -36.27 -800.30 3490.81 -20.00 -803.67 3509.55 -34.15 -813.47 3492.80 -20.00 -814.26 3509.18 -20.00 -826.88 3509.18 -20.00 -765.70 3410.38 49.61 -818.12 3509.18 -20.00 -765.70 3489.01 -20.00 -781.30 3512.00 0.00 -750.17 3512.00 -20.00 -766.77 3569.45 0.00 -772.50 3536.36 0.00 -751.50 3512.00 -20.00 -827.75 3512.00 0.00 -840.00 3564.10 0.00 -818.12 3560.66 0.00 -803.17 3509.18 -20.00 -826.88 3481.00 -20.00 -803.32 3490.81 -20.00 -803.67 3492.80 -20.00 -814.26 3509.18 -20.00 -826.88 3880.00 120.00 -752.00 3908.00 110.00 -776.00 3909.00 120.00 -765.00 3926.00 100.00 -804.00 3928.00 120.00 -782.00 3926.00 100.00 -804.00 3962.00 90.00 -800.00 3962.00 120.00 -767.00 3928.00 120.00 -782.00 3934.00 90.00 -811.00 3997.00 120.00 -782.00 3999.00 100.00 -804.00 3991.00 90.00 -811.00 3999.00 100.00 -804.00 4003.00 90.00 -840.00 4021.00 120.00 -806.00 4035.00 120.00 -840.00 3991.00 90.00 -811.00 3991.00 90.00 -869.00 4014.00 120.00 -891.00 4014.00 120.00 -891.00 3991.00 90.00 -869.00 3980.00 120.00 -906.00 3962.00 100.00 -891.00 3962.00 90.00 -880.00 3934.00 90.00 -869.00 3945.00 120.00 -906.00 3911.00 120.00 -891.00 3911.00 120.00 -891.00 3934.00 90.00 -869.00 3922.00 90.00 -840.00 3890.00 120.00 -840.00 3926.00 100.00 -804.00 3904.00 120.00 -806.00 3934.00 90.00 -811.00 3897.00 120.00 -777.00 3904.00 120.00 -806.00 3940.50 87.61 -818.00 3962.00 87.61 -809.00 3984.50 87.61 -818.00 3984.50 87.61 -818.00 3993.50 87.61 -840.00 3984.50 87.61 -862.00 3984.50 87.61 -862.00 3962.00 87.61 -871.00 3940.50 87.61 -862.00 3940.50 87.61 -862.00 3931.50 87.61 -840.00 3940.50 87.61 -818.00 3931.50 87.61 -840.00 3950.93 63.71 -828.80 3946.44 63.71 -840.00 3962.00 -10.00 -840.00 3962.08 37.44 -832.63 3957.06 37.44 -834.98 3967.44 37.44 -834.98 3962.13 63.71 -823.57 3974.07 63.71 -828.80 3967.44 37.44 -834.98 3969.45 37.44 -840.00 3974.07 63.71 -828.80 3978.56 63.71 -840.00 3967.44 37.44 -845.02 3974.07 63.71 -851.20 3967.44 37.44 -845.02 3962.08 37.44 -847.37 3974.07 63.71 -851.20 3962.13 63.71 -856.43 3962.00 -10.00 -840.00 3957.06 37.44 -845.02 3955.05 37.44 -840.00 3957.06 37.44 -845.02 3950.93 63.71 -851.20 3957.06 37.44 -834.98 3962.00 120.00 -969.00 3962.00 100.00 -891.00 3945.00 120.00 -906.00 3980.00 120.00 -906.00 3999.00 100.00 -804.00 4043.00 120.00 -767.00 3997.00 120.00 -782.00 4021.00 120.00 -806.00 3962.00 87.61 -809.00 3940.50 87.61 -818.00 3950.93 63.71 -828.80 3940.50 87.61 -818.00 3984.50 87.61 -818.00 3984.50 87.61 -818.00 3993.50 87.61 -840.00 3984.50 87.61 -862.00 3962.00 87.61 -871.00 3984.50 87.61 -862.00 3940.50 87.61 -862.00 3950.93 63.71 -851.20 3940.50 87.61 -862.00 3744.00 51.00 -891.00 3753.00 30.00 -884.00 3721.00 28.00 -897.00 3728.00 36.00 -879.00 3650.00 0.00 -844.00 3614.00 0.00 -854.00 3657.00 -17.00 -849.00 3660.00 0.00 -858.00 3657.00 -17.00 -849.00 3685.00 -24.00 -834.00 3664.00 0.00 -834.00 3650.00 0.00 -844.00 3692.00 0.00 -844.00 </float_array>
                    <technique_common>
                        <accessor source="#geom-011E40BA-pos-array" count="134" stride="3">
                            <param name="X" type="float" />
                            <param name="Y" type="float" />
                            <param name="Z" type="float" />
                        </accessor>
                    </technique_common>
                </source>
                <source id="geom-011E40BA-texcoord">
                    <float_array id="geom-011E40BA-texcoord-array" count="268">0.20 -0.37 1.03 -0.64 0.45 0.49 1.14 0.64 1.36 -0.27 1.42 0.49 1.79 -0.19 1.77 0.48 2.23 0.25 0.00 0.16 1.53 -0.66 1.61 -1.99 1.88 -1.69 1.22 -1.95 1.57 -2.01 0.41 -2.23 0.94 -2.14 0.00 -0.76 0.24 -0.98 0.01 -1.73 0.19 -1.85 0.08 -0.41 2.17 -0.77 1.54 0.47 0.66 0.20 0.11 -0.26 0.00 1.68 0.69 1.68 0.56 1.44 1.38 1.67 1.12 1.20 1.59 0.51 0.84 0.84 0.84 0.00 1.53 0.00 1.46 0.84 0.28 0.00 0.10 0.51 0.21 0.84 1.59 0.51 0.84 0.84 1.53 0.00 0.84 0.00 1.46 0.84 0.21 0.84 0.00 0.00 1.67 0.00 1.46 0.84 1.05 0.00 0.84 0.56 0.84 0.84 0.21 0.84 0.64 0.00 0.00 0.00 1.67 0.00 1.46 0.84 0.84 0.84 0.84 0.00 0.16 0.58 0.28 0.00 0.21 0.84 0.56 1.92 1.13 2.15 1.39 1.08 0.84 1.08 0.28 1.08 1.39 1.08 0.84 1.08 0.28 1.08 1.39 1.08 0.84 1.08 0.28 1.08 1.39 1.08 0.84 1.08 2.23 2.23 1.74 2.23 2.02 1.53 1.74 1.53 1.74 0.02 1.74 0.98 1.60 0.98 1.88 0.98 1.74 1.53 2.02 1.53 1.60 0.98 1.74 0.98 1.46 1.53 1.74 1.53 1.88 0.98 2.02 1.53 1.60 0.98 1.74 0.98 1.46 1.53 1.74 1.53 1.74 0.02 1.88 0.98 1.74 0.98 1.60 0.98 1.46 1.53 1.88 0.98 0.00 1.68 1.38 1.67 1.12 1.20 1.13 2.15 1.38 1.67 0.00 1.68 1.13 2.15 1.12 1.20 1.74 2.23 1.25 2.23 1.46 1.53 0.28 1.08 2.23 2.23 1.25 2.23 1.74 2.23 2.23 2.23 1.74 2.23 1.25 2.23 2.23 2.23 2.02 1.53 1.25 2.23 1.13 2.15 1.38 1.67 0.69 1.68 1.12 1.20 0.56 1.44 0.00 1.68 0.69 1.68 0.56 1.92 0.69 1.68 1.38 1.67 1.12 1.20 0.56 1.44 1.13 2.15 </float_array>
                    <technique_common>
                        <accessor source="#geom-011E40BA-texcoord-array" count="134" stride="2">
                            <param name="S" type="float" />
                            <param name="T" type="float" />
                        </accessor>
                    </technique_common>
                </source>
                <source id="geom-011E40BA-colors">
                    <float_array id="geom-011E40BA-colors-array" count="536">0.18 0.19 0.22 1.00 0.18 0.19 0.22 1.00 0.16 0.17 0.18 1.00 0.16 0.16 0.16 1.00 0.16 0.16 0.16 1.00 0.16 0.16 0.16 1.00 0.16 0.17 0.18 1.00 0.16 0.16 0.16 1.00 0.17 0.18 0.19 1.00 0.19 0.22 0.28 1.00 0.17 0.19 0.22 1.00 0.19 0.22 0.28 1.00 0.16 0.17 0.18 1.00 0.19 0.22 0.28 1.00 0.20 0.23 0.31 1.00 0.20 0.23 0.30 1.00 0.19 0.22 0.28 1.00 0.18 0.19 0.22 1.00 0.19 0.22 0.29 1.00 0.20 0.24 0.33 1.00 0.20 0.24 0.32 1.00 0.17 0.18 0.19 1.00 0.16 0.16 0.16 1.00 0.16 0.16 0.16 1.00 0.16 0.16 0.16 1.00 0.17 0.18 0.19 1.00 0.16 0.37 1.00 1.00 0.16 0.42 1.00 1.00 0.07 0.12 0.33 1.00 0.16 0.44 1.00 1.00 0.07 0.13 0.35 1.00 0.16 0.44 1.00 1.00 0.21 0.49 1.00 1.00 0.07 0.13 0.34 1.00 0.07 0.13 0.35 1.00 0.22 0.69 1.00 1.00 0.04 0.06 0.15 1.00 0.16 0.23 0.51 1.00 0.16 0.28 0.78 1.00 0.16 0.23 0.51 1.00 0.16 0.23 0.51 1.00 0.00 0.00 0.00 1.00 0.00 0.00 0.00 1.00 0.16 0.28 0.78 1.00 0.21 0.37 1.00 1.00 0.00 0.00 0.00 1.00 0.00 0.00 0.00 1.00 0.21 0.37 1.00 1.00 0.02 0.03 0.06 1.00 0.16 0.34 1.00 1.00 0.22 0.55 1.00 1.00 0.22 0.66 1.00 1.00 0.09 0.17 0.50 1.00 0.09 0.21 0.52 1.00 0.09 0.21 0.52 1.00 0.22 0.66 1.00 1.00 0.22 0.73 1.00 1.00 0.09 0.22 0.52 1.00 0.16 0.44 1.00 1.00 0.09 0.22 0.52 1.00 0.22 0.69 1.00 1.00 0.09 0.22 0.52 1.00 0.09 0.22 0.52 1.00 0.22 0.67 1.00 1.00 0.21 0.52 1.00 1.00 0.21 0.38 1.00 1.00 0.21 0.38 1.00 1.00 0.21 0.32 0.96 1.00 0.21 0.38 1.00 1.00 0.21 0.38 1.00 1.00 0.22 0.53 1.00 1.00 0.22 0.68 1.00 1.00 0.22 0.68 1.00 1.00 0.22 0.74 1.00 1.00 0.22 0.67 1.00 1.00 0.22 0.74 1.00 1.00 0.20 0.57 1.00 1.00 0.21 0.66 1.00 1.00 0.37 1.00 1.00 1.00 0.09 0.19 0.64 1.00 0.15 0.40 1.00 1.00 0.00 0.00 0.00 1.00 0.19 0.40 1.00 1.00 0.18 0.24 0.55 1.00 0.00 0.00 0.00 1.00 0.00 0.00 0.00 1.00 0.18 0.24 0.55 1.00 0.18 0.19 0.23 1.00 0.00 0.00 0.00 1.00 0.19 0.25 0.57 1.00 0.00 0.00 0.00 1.00 0.09 0.20 0.71 1.00 0.19 0.25 0.57 1.00 0.20 0.41 1.00 1.00 0.50 1.00 1.00 1.00 0.15 0.42 1.00 1.00 0.15 0.49 1.00 1.00 0.15 0.42 1.00 1.00 0.21 0.58 1.00 1.00 0.15 0.40 1.00 1.00 0.16 0.30 0.87 1.00 0.16 0.34 1.00 1.00 0.09 0.17 0.50 1.00 0.02 0.03 0.06 1.00 0.16 0.23 0.51 1.00 0.16 0.16 0.16 1.00 0.04 0.06 0.15 1.00 0.00 0.00 0.00 1.00 0.21 0.52 1.00 1.00 0.22 0.67 1.00 1.00 0.20 0.57 1.00 1.00 0.22 0.67 1.00 1.00 0.21 0.38 1.00 1.00 0.21 0.38 1.00 1.00 0.21 0.32 0.96 1.00 0.21 0.38 1.00 1.00 0.22 0.53 1.00 1.00 0.21 0.38 1.00 1.00 0.22 0.68 1.00 1.00 0.21 0.58 1.00 1.00 0.22 0.68 1.00 1.00 0.09 0.17 0.49 1.00 0.16 0.52 1.00 1.00 0.09 0.27 0.67 1.00 0.10 0.23 0.76 1.00 0.00 0.00 0.00 1.00 0.20 0.24 0.33 1.00 0.18 0.20 0.29 1.00 0.08 0.18 0.64 1.00 0.41 0.48 0.74 1.00 0.19 0.39 1.00 1.00 0.00 0.00 0.00 1.00 0.05 0.06 0.11 1.00 0.06 0.12 0.36 1.00 </float_array>
                    <technique_common>
                        <accessor source="#geom-011E40BA-colors-array" count="134" stride="4">
                            <param name="R" type="float" />
                            <param name="G" type="float" />
                            <param name="B" type="float" />
                            <param name="A" type="float" />
                        </accessor>
                    </technique_common>
                </source>
                <vertices id="geom-011E40BA-vtx">
                    <input semantic="POSITION" source="#geom-011E40BA-pos" />
                </vertices>
                <triangles count="24" material="material-01E80033-symbol">
                    <input semantic="VERTEX" source="#geom-011E40BA-vtx" offset="0" />
                    <input semantic="TEXCOORD" source="#geom-011E40BA-texcoord" offset="0" />
                    <input semantic="COLOR" source="#geom-011E40BA-colors" offset="0" />
                    <p>0 1 2 2 9 0 2 1 3 1 4 3 3 4 5 4 6 5 5 6 7 6 8 7 </p>
                </triangles>
            </mesh>
        </geometry>
        <geometry id="geom-0210468B" name="geom-0210468B">
            <mesh>
                <source id="geom-0210468B-pos">
                    <float_array id="geom-0210468B-pos-array" count="372">3410.38 49.61 -818.12 3509.18 -20.00 -765.70 3489.01 -20.00 -781.30 3512.00 0.00 -750.17 3512.00 -20.00 -766.77 3569.45 0.00 -772.50 3536.36 0.00 -751.50 3512.00 -20.00 -827.75 3512.00 0.00 -840.00 3564.10 0.00 -818.12 3560.66 0.00 -803.17 3509.18 -20.00 -826.88 3481.00 -20.00 -803.32 3490.81 -20.00 -803.67 3492.80 -20.00 -814.26 3509.18 -20.00 -826.88 3880.00 120.00 -752.00 3908.00 110.00 -776.00 3909.00 120.00 -765.00 3926.00 100.00 -804.00 3928.00 120.00 -782.00 3926.00 100.00 -804.00 3962.00 90.00 -800.00 3962.00 120.00 -767.00 3928.00 120.00 -782.00 3934.00 90.00 -811.00 3997.00 120.00 -782.00 3999.00 100.00 -804.00 3991.00 90.00 -811.00 3999.00 100.00 -804.00 4003.00 90.00 -840.00 4021.00 120.00 -806.00 4035.00 120.00 -840.00 3991.00 90.00 -811.00 3991.00 90.00 -869.00 4014.00 120.00 -891.00 4014.00 120.00 -891.00 3991.00 90.00 -869.00 3980.00 120.00 -906.00 3962.00 100.00 -891.00 3962.00 90.00 -880.00 3934.00 90.00 -869.00 3945.00 120.00 -906.00 3911.00 120.00 -891.00 3911.00 120.00 -891.00 3934.00 90.00 -869.00 3922.00 90.00 -840.00 3890.00 120.00 -840.00 3926.00 100.00 -804.00 3904.00 120.00 -806.00 3934.00 90.00 -811.00 3897.00 120.00 -777.00 3904.00 120.00 -806.00 3940.50 87.61 -818.00 3962.00 87.61 -809.00 3984.50 87.61 -818.00 3984.50 87.61 -818.00 3993.50 87.61 -840.00 3984.50 87.61 -862.00 3984.50 87.61 -862.00 3962.00 87.61 -871.00 3940.50 87.61 -862.00 3940.50 87.61 -862.00 3931.50 87.61 -840.00 3940.50 87.61 -818.00 3931.50 87.61 -840.00 3950.93 63.71 -828.80 3946.44 63.71 -840.00 3962.00 -10.00 -840.00 3962.08 37.44 -832.63 3957.06 37.44 -834.98 3967.44 37.44 -834.98 3962.13 63.71 -823.57 3974.07 63.71 -828.80 3967.44 37.44 -834.98 3969.45 37.44 -840.00 3974.07 63.71 -828.80 3978.56 63.71 -840.00 3967.44 37.44 -845.02 3974.07 63.71 -851.20 3967.44 37.44 -845.02 3962.08 37.44 -847.37 3974.07 63.71 -851.20 3962.13 63.71 -856.43 3962.00 -10.00 -840.00 3957.06 37.44 -845.02 3955.05 37.44 -840.00 3957.06 37.44 -845.02 3950.93 63.71 -851.20 3957.06 37.44 -834.98 3962.00 120.00 -969.00 3962.00 100.00 -891.00 3945.00 120.00 -906.00 3980.00 120.00 -906.00 3999.00 100.00 -804.00 4043.00 120.00 -767.00 3997.00 120.00 -782.00 4021.00 120.00 -806.00 3962.00 87.61 -809.00 3940.50 87.61 -818.00 3950.93 63.71 -828.80 3940.50 87.61 -818.00 3984.50 87.61 -818.00 3984.50 87.61 -818.00 3993.50 87.61 -840.00 3984.50 87.61 -862.00 3962.00 87.61 -871.00 3984.50 87.61 -862.00 3940.50 87.61 -862.00 3950.93 63.71 -851.20 3940.50 87.61 -862.00 3744.00 51.00 -891.00 3753.00 30.00 -884.00 3721.00 28.00 -897.00 3728.00 36.00 -879.00 3650.00 0.00 -844.00 3614.00 0.00 -854.00 3657.00 -17.00 -849.00 3660.00 0.00 -858.00 3657.00 -17.00 -849.00 3685.00 -24.00 -834.00 3664.00 0.00 -834.00 3650.00 0.00 -844.00 3692.00 0.00 -844.00 </float_array>
                    <technique_common>
                        <accessor source="#geom-0210468B-pos-array" count="124" stride="3">
                            <param name="X" type="float" />
                            <param name="Y" type="float" />
                            <param name="Z" type="float" />
                        </accessor>
                    </technique_common>
                </source>
                <source id="geom-0210468B-texcoord">
                    <float_array id="geom-0210468B-texcoord-array" count="248">2.73 -1.18 2.87 -3.55 3.36 -3.03 2.18 -3.48 2.81 -3.59 0.73 -3.99 1.69 -3.83 0.01 -1.36 0.43 -1.76 0.02 -3.10 0.34 -3.30 0.14 -0.74 3.88 -1.38 2.75 0.84 1.18 0.35 0.19 -0.46 0.00 3.01 1.23 3.00 1.00 2.58 2.46 2.99 2.00 2.14 2.85 0.90 1.50 1.50 1.50 0.00 2.74 0.00 2.62 1.50 0.50 0.00 0.19 0.90 0.37 1.50 2.85 0.90 1.50 1.50 2.74 0.00 1.50 0.00 2.62 1.50 0.37 1.50 0.00 0.00 2.99 0.00 2.62 1.50 1.89 0.00 1.50 1.00 1.50 1.50 0.37 1.50 1.15 0.00 0.00 0.00 2.99 0.00 2.62 1.50 1.50 1.50 1.50 0.00 0.28 1.03 0.50 0.00 0.37 1.50 1.01 3.43 2.02 3.85 2.49 1.93 1.50 1.93 0.50 1.93 2.49 1.93 1.50 1.93 0.50 1.93 2.49 1.93 1.50 1.93 0.50 1.93 2.49 1.93 1.50 1.93 3.99 3.99 3.12 3.99 3.62 2.74 3.12 2.74 3.12 0.03 3.12 1.75 2.87 1.75 3.37 1.75 3.12 2.74 3.62 2.74 2.87 1.75 3.12 1.75 2.62 2.74 3.12 2.74 3.37 1.75 3.62 2.74 2.87 1.75 3.12 1.75 2.62 2.74 3.12 2.74 3.12 0.03 3.37 1.75 3.12 1.75 2.87 1.75 2.62 2.74 3.37 1.75 0.00 3.01 2.46 2.99 2.00 2.14 2.02 3.85 2.46 2.99 0.00 3.01 2.02 3.85 2.00 2.14 3.12 3.99 2.25 3.99 2.62 2.74 0.50 1.93 3.99 3.99 2.25 3.99 3.12 3.99 3.99 3.99 3.12 3.99 2.25 3.99 3.99 3.99 3.62 2.74 2.25 3.99 2.02 3.85 2.46 2.99 1.23 3.00 2.00 2.14 1.00 2.58 0.00 3.01 1.23 3.00 1.01 3.43 1.23 3.00 2.46 2.99 2.00 2.14 1.00 2.58 2.02 3.85 </float_array>
                    <technique_common>
                        <accessor source="#geom-0210468B-texcoord-array" count="124" stride="2">
                            <param name="S" type="float" />
                            <param name="T" type="float" />
                        </accessor>
                    </technique_common>
                </source>
                <source id="geom-0210468B-colors">
                    <float_array id="geom-0210468B-colors-array" count="496">0.17 0.19 0.22 1.00 0.19 0.22 0.28 1.00 0.16 0.17 0.18 1.00 0.19 0.22 0.28 1.00 0.20 0.23 0.31 1.00 0.20 0.23 0.30 1.00 0.19 0.22 0.28 1.00 0.18 0.19 0.22 1.00 0.19 0.22 0.29 1.00 0.20 0.24 0.33 1.00 0.20 0.24 0.32 1.00 0.17 0.18 0.19 1.00 0.16 0.16 0.16 1.00 0.16 0.16 0.16 1.00 0.16 0.16 0.16 1.00 0.17 0.18 0.19 1.00 0.16 0.37 1.00 1.00 0.16 0.42 1.00 1.00 0.07 0.12 0.33 1.00 0.16 0.44 1.00 1.00 0.07 0.13 0.35 1.00 0.16 0.44 1.00 1.00 0.21 0.49 1.00 1.00 0.07 0.13 0.34 1.00 0.07 0.13 0.35 1.00 0.22 0.69 1.00 1.00 0.04 0.06 0.15 1.00 0.16 0.23 0.51 1.00 0.16 0.28 0.78 1.00 0.16 0.23 0.51 1.00 0.16 0.23 0.51 1.00 0.00 0.00 0.00 1.00 0.00 0.00 0.00 1.00 0.16 0.28 0.78 1.00 0.21 0.37 1.00 1.00 0.00 0.00 0.00 1.00 0.00 0.00 0.00 1.00 0.21 0.37 1.00 1.00 0.02 0.03 0.06 1.00 0.16 0.34 1.00 1.00 0.22 0.55 1.00 1.00 0.22 0.66 1.00 1.00 0.09 0.17 0.50 1.00 0.09 0.21 0.52 1.00 0.09 0.21 0.52 1.00 0.22 0.66 1.00 1.00 0.22 0.73 1.00 1.00 0.09 0.22 0.52 1.00 0.16 0.44 1.00 1.00 0.09 0.22 0.52 1.00 0.22 0.69 1.00 1.00 0.09 0.22 0.52 1.00 0.09 0.22 0.52 1.00 0.22 0.67 1.00 1.00 0.21 0.52 1.00 1.00 0.21 0.38 1.00 1.00 0.21 0.38 1.00 1.00 0.21 0.32 0.96 1.00 0.21 0.38 1.00 1.00 0.21 0.38 1.00 1.00 0.22 0.53 1.00 1.00 0.22 0.68 1.00 1.00 0.22 0.68 1.00 1.00 0.22 0.74 1.00 1.00 0.22 0.67 1.00 1.00 0.22 0.74 1.00 1.00 0.20 0.57 1.00 1.00 0.21 0.66 1.00 1.00 0.37 1.00 1.00 1.00 0.09 0.19 0.64 1.00 0.15 0.40 1.00 1.00 0.00 0.00 0.00 1.00 0.19 0.40 1.00 1.00 0.18 0.24 0.55 1.00 0.00 0.00 0.00 1.00 0.00 0.00 0.00 1.00 0.18 0.24 0.55 1.00 0.18 0.19 0.23 1.00 0.00 0.00 0.00 1.00 0.19 0.25 0.57 1.00 0.00 0.00 0.00 1.00 0.09 0.20 0.71 1.00 0.19 0.25 0.57 1.00 0.20 0.41 1.00 1.00 0.50 1.00 1.00 1.00 0.15 0.42 1.00 1.00 0.15 0.49 1.00 1.00 0.15 0.42 1.00 1.00 0.21 0.58 1.00 1.00 0.15 0.40 1.00 1.00 0.16 0.30 0.87 1.00 0.16 0.34 1.00 1.00 0.09 0.17 0.50 1.00 0.02 0.03 0.06 1.00 0.16 0.23 0.51 1.00 0.16 0.16 0.16 1.00 0.04 0.06 0.15 1.00 0.00 0.00 0.00 1.00 0.21 0.52 1.00 1.00 0.22 0.67 1.00 1.00 0.20 0.57 1.00 1.00 0.22 0.67 1.00 1.00 0.21 0.38 1.00 1.00 0.21 0.38 1.00 1.00 0.21 0.32 0.96 1.00 0.21 0.38 1.00 1.00 0.22 0.53 1.00 1.00 0.21 0.38 1.00 1.00 0.22 0.68 1.00 1.00 0.21 0.58 1.00 1.00 0.22 0.68 1.00 1.00 0.09 0.17 0.49 1.00 0.16 0.52 1.00 1.00 0.09 0.27 0.67 1.00 0.10 0.23 0.76 1.00 0.00 0.00 0.00 1.00 0.20 0.24 0.33 1.00 0.18 0.20 0.29 1.00 0.08 0.18 0.64 1.00 0.41 0.48 0.74 1.00 0.19 0.39 1.00 1.00 0.00 0.00 0.00 1.00 0.05 0.06 0.11 1.00 0.06 0.12 0.36 1.00 </float_array>
                    <technique_common>
                        <accessor source="#geom-0210468B-colors-array" count="124" stride="4">
                            <param name="R" type="float" />
                            <param name="G" type="float" />
                            <param name="B" type="float" />
                            <param name="A" type="float" />
                        </accessor>
                    </technique_common>
                </source>
                <vertices id="geom-0210468B-vtx">
                    <input semantic="POSITION" source="#geom-0210468B-pos" />
                </vertices>
                <triangles count="42" material="material-012801D0-symbol">
                    <input semantic="VERTEX" source="#geom-0210468B-vtx" offset="0" />
                    <input semantic="TEXCOORD" source="#geom-0210468B-texcoord" offset="0" />
                    <input semantic="COLOR" source="#geom-0210468B-colors" offset="0" />
                    <p>0 1 2 4 1 0 3 4 0 6 3 0 5 6 0 10 5 0 9 10 0 8 9 0 7 8 0 11 7 0 2 12 0 12 13 0 13 14 0 14 15 0 </p>
                </triangles>
            </mesh>
        </geometry>
        <geometry id="geom-02927AE5" name="geom-02927AE5">
            <mesh>
                <source id="geom-02927AE5-pos">
                    <float_array id="geom-02927AE5-pos-array" count="324">3880.00 120.00 -752.00 3908.00 110.00 -776.00 3909.00 120.00 -765.00 3926.00 100.00 -804.00 3928.00 120.00 -782.00 3926.00 100.00 -804.00 3962.00 90.00 -800.00 3962.00 120.00 -767.00 3928.00 120.00 -782.00 3934.00 90.00 -811.00 3997.00 120.00 -782.00 3999.00 100.00 -804.00 3991.00 90.00 -811.00 3999.00 100.00 -804.00 4003.00 90.00 -840.00 4021.00 120.00 -806.00 4035.00 120.00 -840.00 3991.00 90.00 -811.00 3991.00 90.00 -869.00 4014.00 120.00 -891.00 4014.00 120.00 -891.00 3991.00 90.00 -869.00 3980.00 120.00 -906.00 3962.00 100.00 -891.00 3962.00 90.00 -880.00 3934.00 90.00 -869.00 3945.00 120.00 -906.00 3911.00 120.00 -891.00 3911.00 120.00 -891.00 3934.00 90.00 -869.00 3922.00 90.00 -840.00 3890.00 120.00 -840.00 3926.00 100.00 -804.00 3904.00 120.00 -806.00 3934.00 90.00 -811.00 3897.00 120.00 -777.00 3904.00 120.00 -806.00 3940.50 87.61 -818.00 3962.00 87.61 -809.00 3984.50 87.61 -818.00 3984.50 87.61 -818.00 3993.50 87.61 -840.00 3984.50 87.61 -862.00 3984.50 87.61 -862.00 3962.00 87.61 -871.00 3940.50 87.61 -862.00 3940.50 87.61 -862.00 3931.50 87.61 -840.00 3940.50 87.61 -818.00 3931.50 87.61 -840.00 3950.93 63.71 -828.80 3946.44 63.71 -840.00 3962.00 -10.00 -840.00 3962.08 37.44 -832.63 3957.06 37.44 -834.98 3967.44 37.44 -834.98 3962.13 63.71 -823.57 3974.07 63.71 -828.80 3967.44 37.44 -834.98 3969.45 37.44 -840.00 3974.07 63.71 -828.80 3978.56 63.71 -840.00 3967.44 37.44 -845.02 3974.07 63.71 -851.20 3967.44 37.44 -845.02 3962.08 37.44 -847.37 3974.07 63.71 -851.20 3962.13 63.71 -856.43 3962.00 -10.00 -840.00 3957.06 37.44 -845.02 3955.05 37.44 -840.00 3957.06 37.44 -845.02 3950.93 63.71 -851.20 3957.06 37.44 -834.98 3962.00 120.00 -969.00 3962.00 100.00 -891.00 3945.00 120.00 -906.00 3980.00 120.00 -906.00 3999.00 100.00 -804.00 4043.00 120.00 -767.00 3997.00 120.00 -782.00 4021.00 120.00 -806.00 3962.00 87.61 -809.00 3940.50 87.61 -818.00 3950.93 63.71 -828.80 3940.50 87.61 -818.00 3984.50 87.61 -818.00 3984.50 87.61 -818.00 3993.50 87.61 -840.00 3984.50 87.61 -862.00 3962.00 87.61 -871.00 3984.50 87.61 -862.00 3940.50 87.61 -862.00 3950.93 63.71 -851.20 3940.50 87.61 -862.00 3744.00 51.00 -891.00 3753.00 30.00 -884.00 3721.00 28.00 -897.00 3728.00 36.00 -879.00 3650.00 0.00 -844.00 3614.00 0.00 -854.00 3657.00 -17.00 -849.00 3660.00 0.00 -858.00 3657.00 -17.00 -849.00 3685.00 -24.00 -834.00 3664.00 0.00 -834.00 3650.00 0.00 -844.00 3692.00 0.00 -844.00 </float_array>
                    <technique_common>
                        <accessor source="#geom-02927AE5-pos-array" count="108" stride="3">
                            <param name="X" type="float" />
                            <param name="Y" type="float" />
                            <param name="Z" type="float" />
                        </accessor>
                    </technique_common>
                </source>
                <source id="geom-02927AE5-texcoord">
                    <float_array id="geom-02927AE5-texcoord-array" count="216">0.00 0.75 0.31 0.75 0.25 0.65 0.62 0.75 0.50 0.54 0.71 0.23 0.38 0.38 0.38 0.00 0.69 0.00 0.66 0.38 0.13 0.00 0.05 0.23 0.09 0.38 0.71 0.23 0.38 0.38 0.69 0.00 0.38 0.00 0.66 0.38 0.09 0.38 0.00 0.00 0.75 0.00 0.66 0.38 0.47 0.00 0.38 0.25 0.38 0.38 0.09 0.38 0.29 0.00 0.00 0.00 0.75 0.00 0.66 0.38 0.38 0.38 0.38 0.00 0.07 0.26 0.13 0.00 0.09 0.38 0.25 0.86 0.50 0.96 0.62 0.48 0.38 0.48 0.13 0.48 0.62 0.48 0.38 0.48 0.13 0.48 0.62 0.48 0.38 0.48 0.13 0.48 0.62 0.48 0.38 0.48 1.00 1.00 0.78 1.00 0.91 0.69 0.78 0.69 0.78 0.01 0.78 0.44 0.72 0.44 0.84 0.44 0.78 0.69 0.91 0.69 0.72 0.44 0.78 0.44 0.66 0.69 0.78 0.69 0.84 0.44 0.91 0.69 0.72 0.44 0.78 0.44 0.66 0.69 0.78 0.69 0.78 0.01 0.84 0.44 0.78 0.44 0.72 0.44 0.66 0.69 0.84 0.44 0.00 0.75 0.62 0.75 0.50 0.54 0.50 0.96 0.62 0.75 0.00 0.75 0.50 0.96 0.50 0.54 0.78 1.00 0.56 1.00 0.66 0.69 0.13 0.48 1.00 1.00 0.56 1.00 0.78 1.00 1.00 1.00 0.78 1.00 0.56 1.00 1.00 1.00 0.91 0.69 0.56 1.00 0.50 0.96 0.62 0.75 0.31 0.75 0.50 0.54 0.25 0.65 0.00 0.75 0.31 0.75 0.25 0.86 0.31 0.75 0.62 0.75 0.50 0.54 0.25 0.65 0.50 0.96 </float_array>
                    <technique_common>
                        <accessor source="#geom-02927AE5-texcoord-array" count="108" stride="2">
                            <param name="S" type="float" />
                            <param name="T" type="float" />
                        </accessor>
                    </technique_common>
                </source>
                <source id="geom-02927AE5-colors">
                    <float_array id="geom-02927AE5-colors-array" count="432">0.16 0.37 1.00 1.00 0.16 0.42 1.00 1.00 0.07 0.12 0.33 1.00 0.16 0.44 1.00 1.00 0.07 0.13 0.35 1.00 0.16 0.44 1.00 1.00 0.21 0.49 1.00 1.00 0.07 0.13 0.34 1.00 0.07 0.13 0.35 1.00 0.22 0.69 1.00 1.00 0.04 0.06 0.15 1.00 0.16 0.23 0.51 1.00 0.16 0.28 0.78 1.00 0.16 0.23 0.51 1.00 0.16 0.23 0.51 1.00 0.00 0.00 0.00 1.00 0.00 0.00 0.00 1.00 0.16 0.28 0.78 1.00 0.21 0.37 1.00 1.00 0.00 0.00 0.00 1.00 0.00 0.00 0.00 1.00 0.21 0.37 1.00 1.00 0.02 0.03 0.06 1.00 0.16 0.34 1.00 1.00 0.22 0.55 1.00 1.00 0.22 0.66 1.00 1.00 0.09 0.17 0.50 1.00 0.09 0.21 0.52 1.00 0.09 0.21 0.52 1.00 0.22 0.66 1.00 1.00 0.22 0.73 1.00 1.00 0.09 0.22 0.52 1.00 0.16 0.44 1.00 1.00 0.09 0.22 0.52 1.00 0.22 0.69 1.00 1.00 0.09 0.22 0.52 1.00 0.09 0.22 0.52 1.00 0.22 0.67 1.00 1.00 0.21 0.52 1.00 1.00 0.21 0.38 1.00 1.00 0.21 0.38 1.00 1.00 0.21 0.32 0.96 1.00 0.21 0.38 1.00 1.00 0.21 0.38 1.00 1.00 0.22 0.53 1.00 1.00 0.22 0.68 1.00 1.00 0.22 0.68 1.00 1.00 0.22 0.74 1.00 1.00 0.22 0.67 1.00 1.00 0.22 0.74 1.00 1.00 0.20 0.57 1.00 1.00 0.21 0.66 1.00 1.00 0.37 1.00 1.00 1.00 0.09 0.19 0.64 1.00 0.15 0.40 1.00 1.00 0.00 0.00 0.00 1.00 0.19 0.40 1.00 1.00 0.18 0.24 0.55 1.00 0.00 0.00 0.00 1.00 0.00 0.00 0.00 1.00 0.18 0.24 0.55 1.00 0.18 0.19 0.23 1.00 0.00 0.00 0.00 1.00 0.19 0.25 0.57 1.00 0.00 0.00 0.00 1.00 0.09 0.20 0.71 1.00 0.19 0.25 0.57 1.00 0.20 0.41 1.00 1.00 0.50 1.00 1.00 1.00 0.15 0.42 1.00 1.00 0.15 0.49 1.00 1.00 0.15 0.42 1.00 1.00 0.21 0.58 1.00 1.00 0.15 0.40 1.00 1.00 0.16 0.30 0.87 1.00 0.16 0.34 1.00 1.00 0.09 0.17 0.50 1.00 0.02 0.03 0.06 1.00 0.16 0.23 0.51 1.00 0.16 0.16 0.16 1.00 0.04 0.06 0.15 1.00 0.00 0.00 0.00 1.00 0.21 0.52 1.00 1.00 0.22 0.67 1.00 1.00 0.20 0.57 1.00 1.00 0.22 0.67 1.00 1.00 0.21 0.38 1.00 1.00 0.21 0.38 1.00 1.00 0.21 0.32 0.96 1.00 0.21 0.38 1.00 1.00 0.22 0.53 1.00 1.00 0.21 0.38 1.00 1.00 0.22 0.68 1.00 1.00 0.21 0.58 1.00 1.00 0.22 0.68 1.00 1.00 0.09 0.17 0.49 1.00 0.16 0.52 1.00 1.00 0.09 0.27 0.67 1.00 0.10 0.23 0.76 1.00 0.00 0.00 0.00 1.00 0.20 0.24 0.33 1.00 0.18 0.20 0.29 1.00 0.08 0.18 0.64 1.00 0.41 0.48 0.74 1.00 0.19 0.39 1.00 1.00 0.00 0.00 0.00 1.00 0.05 0.06 0.11 1.00 0.06 0.12 0.36 1.00 </float_array>
                    <technique_common>
                        <accessor source="#geom-02927AE5-colors-array" count="108" stride="4">
                            <param name="R" type="float" />
                            <param name="G" type="float" />
                            <param name="B" type="float" />
                            <param name="A" type="float" />
                        </accessor>
                    </technique_common>
                </source>
                <vertices id="geom-02927AE5-vtx">
                    <input semantic="POSITION" source="#geom-02927AE5-pos" />
                </vertices>
                <triangles count="288" material="material-01D78ACB-symbol">
                    <input semantic="VERTEX" source="#geom-02927AE5-vtx" offset="0" />
                    <input semantic="TEXCOORD" source="#geom-02927AE5-texcoord" offset="0" />
                    <input semantic="COLOR" source="#geom-02927AE5-colors" offset="0" />
                    <p>0 1 2 1 0 35 3 1 35 1 3 4 1 4 2 5 6 7 5 7 8 5 9 6 9 37 6 6 37 38 38 39 6 6 39 12 6 12 11 6 11 10 7 6 10 13 14 15 13 17 14 17 40 14 14 40 41 41 42 14 14 42 18 16 14 18 14 16 15 16 18 19 20 21 22 21 23 22 21 24 23 21 43 24 24 43 44 44 45 24 24 45 25 23 24 25 23 25 26 25 27 26 28 29 30 28 30 31 31 30 32 31 32 33 30 34 32 30 85 34 47 85 30 30 46 47 29 46 30 3 35 36 48 49 50 50 49 51 51 73 50 70 73 51 70 51 71 68 70 71 68 69 65 68 65 64 64 65 66 66 65 67 67 91 66 90 91 67 90 67 92 92 67 93 65 93 67 69 93 65 52 53 54 52 55 53 53 55 56 84 53 56 56 83 84 82 83 56 82 56 86 86 56 57 56 55 57 58 59 60 52 59 58 52 73 70 60 59 61 88 60 61 87 60 88 89 88 63 63 88 61 59 63 61 62 63 59 68 62 59 71 51 72 49 72 51 94 72 49 74 75 76 75 74 77 78 79 80 79 78 81 54 53 84 95 96 97 96 98 97 99 100 101 100 102 101 102 104 101 102 107 104 103 104 105 103 105 106 </p>
                </triangles>
            </mesh>
        </geometry>
    </library_geometries>
    <library_visual_scenes>
        <visual_scene id="default">
            <node id="node-02567978" name="node-02567978">
                <translate>0.0 0.0 0.0</translate>
                <rotate>0.0 0.0 1.0 0.0</rotate>
                <rotate>0.0 1.0 0.0 0.0</rotate>
                <rotate>1.0 0.0 0.0 0.0</rotate>
                <scale>1.0 1.0 1.0</scale>
                <instance_geometry url="#geom-02567978">
                    <bind_material>
                        <technique_common>
                            <instance_material symbol="material-025C8BAB-symbol" target="#material-025C8BAB" />
                        </technique_common>
                    </bind_material>
                </instance_geometry>
            </node>
            <node id="node-010A4538" name="node-010A4538">
                <translate>0.0 0.0 0.0</translate>
                <rotate>0.0 0.0 1.0 0.0</rotate>
                <rotate>0.0 1.0 0.0 0.0</rotate>
                <rotate>1.0 0.0 0.0 0.0</rotate>
                <scale>1.0 1.0 1.0</scale>
                <instance_geometry url="#geom-010A4538">
                    <bind_material>
                        <technique_common>
                            <instance_material symbol="material-02681051-symbol" target="#material-02681051" />
                        </technique_common>
                    </bind_material>
                </instance_geometry>
            </node>
            <node id="node-015C6EFA" name="node-015C6EFA">
                <translate>0.0 0.0 0.0</translate>
                <rotate>0.0 0.0 1.0 0.0</rotate>
                <rotate>0.0 1.0 0.0 0.0</rotate>
                <rotate>1.0 0.0 0.0 0.0</rotate>
                <scale>1.0 1.0 1.0</scale>
                <instance_geometry url="#geom-015C6EFA">
                    <bind_material>
                        <technique_common>
                            <instance_material symbol="material-0140E903-symbol" target="#material-0140E903" />
                        </technique_common>
                    </bind_material>
                </instance_geometry>
            </node>
            <node id="node-003FE6D0" name="node-003FE6D0">
                <translate>0.0 0.0 0.0</translate>
                <rotate>0.0 0.0 1.0 0.0</rotate>
                <rotate>0.0 1.0 0.0 0.0</rotate>
                <rotate>1.0 0.0 0.0 0.0</rotate>
                <scale>1.0 1.0 1.0</scale>
                <instance_geometry url="#geom-003FE6D0">
                    <bind_material>
                        <technique_common>
                            <instance_material symbol="material-02CA3D1A-symbol" target="#material-02CA3D1A" />
                        </technique_common>
                    </bind_material>
                </instance_geometry>
            </node>
            <node id="node-023F1D51" name="node-023F1D51">
                <translate>0.0 0.0 0.0</translate>
                <rotate>0.0 0.0 1.0 0.0</rotate>
                <rotate>0.0 1.0 0.0 0.0</rotate>
                <rotate>1.0 0.0 0.0 0.0</rotate>
                <scale>1.0 1.0 1.0</scale>
                <instance_geometry url="#geom-023F1D51">
                    <bind_material>
                        <technique_common>
                            <instance_material symbol="material-03D4E547-symbol" target="#material-03D4E547" />
                        </technique_common>
                    </bind_material>
                </instance_geometry>
            </node>
            <node id="node-003807E0" name="node-003807E0">
                <translate>0.0 0.0 0.0</translate>
                <rotate>0.0 0.0 1.0 0.0</rotate>
                <rotate>0.0 1.0 0.0 0.0</rotate>
                <rotate>1.0 0.0 0.0 0.0</rotate>
                <scale>1.0 1.0 1.0</scale>
                <instance_geometry url="#geom-003807E0">
                    <bind_material>
                        <technique_common>
                            <instance_material symbol="material-0317A7B2-symbol" target="#material-0317A7B2" />
                        </technique_common>
                    </bind_material>
                </instance_geometry>
            </node>
            <node id="node-01F846E5" name="node-01F846E5">
                <translate>0.0 0.0 0.0</translate>
                <rotate>0.0 0.0 1.0 0.0</rotate>
                <rotate>0.0 1.0 0.0 0.0</rotate>
                <rotate>1.0 0.0 0.0 0.0</rotate>
                <scale>1.0 1.0 1.0</scale>
                <instance_geometry url="#geom-01F846E5">
                    <bind_material>
                        <technique_common>
                            <instance_material symbol="material-0189BA16-symbol" target="#material-0189BA16" />
                        </technique_common>
                    </bind_material>
                </instance_geometry>
            </node>
            <node id="node-01BA7E11" name="node-01BA7E11">
                <translate>0.0 0.0 0.0</translate>
                <rotate>0.0 0.0 1.0 0.0</rotate>
                <rotate>0.0 1.0 0.0 0.0</rotate>
                <rotate>1.0 0.0 0.0 0.0</rotate>
                <scale>1.0 1.0 1.0</scale>
                <instance_geometry url="#geom-01BA7E11">
                    <bind_material>
                        <technique_common>
                            <instance_material symbol="material-01FD555B-symbol" target="#material-01FD555B" />
                        </technique_common>
                    </bind_material>
                </instance_geometry>
            </node>
            <node id="node-038E6E9D" name="node-038E6E9D">
                <translate>0.0 0.0 0.0</translate>
                <rotate>0.0 0.0 1.0 0.0</rotate>
                <rotate>0.0 1.0 0.0 0.0</rotate>
                <rotate>1.0 0.0 0.0 0.0</rotate>
                <scale>1.0 1.0 1.0</scale>
                <instance_geometry url="#geom-038E6E9D">
                    <bind_material>
                        <technique_common>
                            <instance_material symbol="material-01A892E1-symbol" target="#material-01A892E1" />
                        </technique_common>
                    </bind_material>
                </instance_geometry>
            </node>
            <node id="node-0001E38A" name="node-0001E38A">
                <translate>0.0 0.0 0.0</translate>
                <rotate>0.0 0.0 1.0 0.0</rotate>
                <rotate>0.0 1.0 0.0 0.0</rotate>
                <rotate>1.0 0.0 0.0 0.0</rotate>
                <scale>1.0 1.0 1.0</scale>
                <instance_geometry url="#geom-0001E38A">
                    <bind_material>
                        <technique_common>
                            <instance_material symbol="material-011C25ED-symbol" target="#material-011C25ED" />
                        </technique_common>
                    </bind_material>
                </instance_geometry>
            </node>
            <node id="node-0010FFE2" name="node-0010FFE2">
                <translate>0.0 0.0 0.0</translate>
                <rotate>0.0 0.0 1.0 0.0</rotate>
                <rotate>0.0 1.0 0.0 0.0</rotate>
                <rotate>1.0 0.0 0.0 0.0</rotate>
                <scale>1.0 1.0 1.0</scale>
                <instance_geometry url="#geom-0010FFE2">
                    <bind_material>
                        <technique_common>
                            <instance_material symbol="material-027C0F84-symbol" target="#material-027C0F84" />
                        </technique_common>
                    </bind_material>
                </instance_geometry>
            </node>
            <node id="node-0098FEF4" name="node-0098FEF4">
                <translate>0.0 0.0 0.0</translate>
                <rotate>0.0 0.0 1.0 0.0</rotate>
                <rotate>0.0 1.0 0.0 0.0</rotate>
                <rotate>1.0 0.0 0.0 0.0</rotate>
                <scale>1.0 1.0 1.0</scale>
                <instance_geometry url="#geom-0098FEF4">
                    <bind_material>
                        <technique_common>
                            <instance_material symbol="material-0093E126-symbol" target="#material-0093E126" />
                        </technique_common>
                    </bind_material>
                </instance_geometry>
            </node>
            <node id="node-0160F69B" name="node-0160F69B">
                <translate>0.0 0.0 0.0</translate>
                <rotate>0.0 0.0 1.0 0.0</rotate>
                <rotate>0.0 1.0 0.0 0.0</rotate>
                <rotate>1.0 0.0 0.0 0.0</rotate>
                <scale>1.0 1.0 1.0</scale>
                <instance_geometry url="#geom-0160F69B">
                    <bind_material>
                        <technique_common>
                            <instance_material symbol="material-0132EA58-symbol" target="#material-0132EA58" />
                        </technique_common>
                    </bind_material>
                </instance_geometry>
            </node>
            <node id="node-0068AB77" name="node-0068AB77">
                <translate>0.0 0.0 0.0</translate>
                <rotate>0.0 0.0 1.0 0.0</rotate>
                <rotate>0.0 1.0 0.0 0.0</rotate>
                <rotate>1.0 0.0 0.0 0.0</rotate>
                <scale>1.0 1.0 1.0</scale>
                <instance_geometry url="#geom-0068AB77">
                    <bind_material>
                        <technique_common>
                            <instance_material symbol="material-0348311E-symbol" target="#material-0348311E" />
                        </technique_common>
                    </bind_material>
                </instance_geometry>
            </node>
            <node id="node-03AE0731" name="node-03AE0731">
                <translate>0.0 0.0 0.0</translate>
                <rotate>0.0 0.0 1.0 0.0</rotate>
                <rotate>0.0 1.0 0.0 0.0</rotate>
                <rotate>1.0 0.0 0.0 0.0</rotate>
                <scale>1.0 1.0 1.0</scale>
                <instance_geometry url="#geom-03AE0731">
                    <bind_material>
                        <technique_common>
                            <instance_material symbol="material-02ED29F0-symbol" target="#material-02ED29F0" />
                        </technique_common>
                    </bind_material>
                </instance_geometry>
            </node>
            <node id="node-011E40BA" name="node-011E40BA">
                <translate>0.0 0.0 0.0</translate>
                <rotate>0.0 0.0 1.0 0.0</rotate>
                <rotate>0.0 1.0 0.0 0.0</rotate>
                <rotate>1.0 0.0 0.0 0.0</rotate>
                <scale>1.0 1.0 1.0</scale>
                <instance_geometry url="#geom-011E40BA">
                    <bind_material>
                        <technique_common>
                            <instance_material symbol="material-01E80033-symbol" target="#material-01E80033" />
                        </technique_common>
                    </bind_material>
                </instance_geometry>
            </node>
            <node id="node-0210468B" name="node-0210468B">
                <translate>0.0 0.0 0.0</translate>
                <rotate>0.0 0.0 1.0 0.0</rotate>
                <rotate>0.0 1.0 0.0 0.0</rotate>
                <rotate>1.0 0.0 0.0 0.0</rotate>
                <scale>1.0 1.0 1.0</scale>
                <instance_geometry url="#geom-0210468B">
                    <bind_material>
                        <technique_common>
                            <instance_material symbol="material-012801D0-symbol" target="#material-012801D0" />
                        </technique_common>
                    </bind_material>
                </instance_geometry>
            </node>
            <node id="node-02927AE5" name="node-02927AE5">
                <translate>0.0 0.0 0.0</translate>
                <rotate>0.0 0.0 1.0 0.0</rotate>
                <rotate>0.0 1.0 0.0 0.0</rotate>
                <rotate>1.0 0.0 0.0 0.0</rotate>
                <scale>1.0 1.0 1.0</scale>
                <instance_geometry url="#geom-02927AE5">
                    <bind_material>
                        <technique_common>
                            <instance_material symbol="material-01D78ACB-symbol" target="#material-01D78ACB" />
                        </technique_common>
                    </bind_material>
                </instance_geometry>
            </node>
        </visual_scene>
    </library_visual_scenes>
    <scene>
        <instance_visual_scene url="#default" />
    </scene>
</COLLADA>